time,step,P_cond_W,P_fric_W,scale,frac_wp,frac_tool,tool_pos_x,tool_pos_y,tool_vel_x,tool_vel_y,tool_Tmin,tool_Tmax,wp_Tmin,wp_Tmax,wp_Tavg,contact_iters,rel_force,rel_power
0.000000000000000e+00,0,0.000000000000000e+00,0.000000000000000e+00,1.000000000000000e+00,0.000000000000000e+00,0.000000000000000e+00,-1.958777350403768e-06,-7.512982179781362e-05,1.666666666666667e+00,0.000000000000000e+00,3.000000000000000e+02,3.000000000000000e+02,3.000000000000000e+02,3.000000000000000e+02,3.000000000000000e+02,0,0.000000000000000e+00,0.000000000000000e+00
2.999999999999999e-08,1,1.207969813237417e-08,8.317912594860550e+01,1.000000000000000e+00,8.000000000000000e-01,2.000000000000000e-01,-1.908777350403773e-06,-7.512982179781362e-05,1.666666666666667e+00,0.000000000000000e+00,2.999998947300250e+02,3.000015738143159e+02,3.000000000000000e+02,3.000016401772542e+02,3.000000004372891e+02,2,0.000000000000000e+00,0.000000000000000e+00
6.000000000000006e-08,2,3.209065412738179e-08,8.613067903369520e+01,1.000000000000000e+00,8.000000000000000e-01,2.000000000000000e-01,-1.858777350403771e-06,-7.512982179781362e-05,1.666666666666667e+00,0.000000000000000e+00,2.999997933526877e+02,3.000041526391353e+02,3.000000000000000e+02,3.000043342874228e+02,3.000000011556679e+02,2,0.000000000000000e+00,0.000000000000000e+00
8.999999999999993e-08,3,5.478954768527233e-08,8.370738627146105e+01,1.000000000000000e+00,8.000000000000000e-01,2.000000000000000e-01,-1.808777350403769e-06,-7.512982179781362e-05,1.666666666666667e+00,0.000000000000000e+00,2.999996956517680e+02,3.000068559309892e+02,3.000000000000000e+02,3.000072318116305e+02,3.000000019284092e+02,2,0.000000000000000e+00,0.000000000000000e+00
1.199999999999998e-07,4,7.846631249212166e-08,8.557641810392974e+01,1.000000000000000e+00,8.000000000000000e-01,2.000000000000000e-01,-1.758777350403768e-06,-7.512982179781362e-05,1.666666666666667e+00,0.000000000000000e+00,2.999996014243097e+02,3.000094103005209e+02,3.000000000000000e+02,3.000100647556607e+02,3.000000026840679e+02,2,0.000000000000000e+00,0.000000000000000e+00
1.499999999999997e-07,5,1.038381117763309e-07,8.712891248137004e+01,1.000000000000000e+00,8.000000000000000e-01,2.000000000000000e-01,-1.708777350403766e-06,-7.512982179781362e-05,1.666666666666667e+00,0.000000000000000e+00,2.999995104797716e+02,3.000119518410804e+02,3.000000000000000e+02,3.000129614430148e+02,3.000000034568559e+02,2,0.000000000000000e+00,0.000000000000000e+00
1.799999999999995e-07,6,1.307041824655368e-07,8.862562762814021e+01,1.000000000000000e+00,8.000000000000000e-01,2.000000000000000e-01,-1.658777350403764e-06,-7.512982179781362e-05,1.666666666666667e+00,0.000000000000000e+00,2.999994226392354e+02,3.000144523818635e+02,3.000000000000000e+02,3.000158926548550e+02,3.000000042389860e+02,2,0.000000000000000e+00,0.000000000000000e+00
2.099999999999994e-07,7,1.597960566535856e-07,9.540242708317813e+01,1.000000000000000e+00,8.000000000000000e-01,2.000000000000000e-01,-1.608777350403763e-06,-7.512982179781362e-05,1.666666666666667e+00,0.000000000000000e+00,2.999993377346632e+02,3.000170600555156e+02,3.000000000000000e+02,3.000189985940052e+02,3.000000050678398e+02,2,0.000000000000000e+00,0.000000000000000e+00
2.399999999999993e-07,8,1.907423099943690e-07,9.294907372070192e+01,1.000000000000000e+00,8.000000000000000e-01,2.000000000000000e-01,-1.558777350403761e-06,-7.512982179781362e-05,1.666666666666667e+00,0.000000000000000e+00,2.999992556082055e+02,3.000196861562713e+02,3.000000000000000e+02,3.000221965989123e+02,3.000000059213884e+02,2,0.000000000000000e+00,0.000000000000000e+00
2.700000000000000e-07,9,2.216563647350321e-07,8.309421552794201e+01,1.000000000000000e+00,8.000000000000000e-01,2.000000000000000e-01,-1.508777350403759e-06,-7.512982179781362e-05,1.666666666666667e+00,0.000000000000000e+00,2.999991761115536e+02,3.000219778364843e+02,3.000000000000000e+02,3.000251465664420e+02,3.000000067089579e+02,2,0.000000000000000e+00,0.000000000000000e+00
3.000000000000007e-07,10,2.520811254368032e-07,7.520041807129888e+01,1.000000000000000e+00,8.000000000000000e-01,2.000000000000000e-01,-1.458777350403758e-06,-7.512982179781362e-05,1.666666666666667e+00,0.000000000000000e+00,2.999990991053333e+02,3.000238921187852e+02,3.000000000000000e+02,3.000277967912690e+02,3.000000074167498e+02,2,0.000000000000000e+00,0.000000000000000e+00
3.300000000000013e-07,11,2.821517625797106e-07,6.781164149361877e+01,1.000000000000000e+00,8.000000000000000e-01,2.000000000000000e-01,-1.408777350403756e-06,-7.512982179781362e-05,1.666666666666667e+00,0.000000000000000e+00,2.999990244585405e+02,3.000254972563941e+02,3.000000000000000e+02,3.000302019788422e+02,3.000000080593357e+02,2,0.000000000000000e+00,0.000000000000000e+00
3.600000000000020e-07,12,3.117259634780651e-07,6.153892951339083e+01,1.000000000000000e+00,8.000000000000000e-01,2.000000000000000e-01,-1.358777350403755e-06,-7.512982179781362e-05,1.666666666666667e+00,0.000000000000000e+00,2.999989520480115e+02,3.000268034927742e+02,3.000000000000000e+02,3.000323630211517e+02,3.000000086369416e+02,2,0.000000000000000e+00,0.000000000000000e+00
3.900000000000027e-07,13,3.411483803051000e-07,6.103361543779990e+01,1.000000000000000e+00,8.000000000000000e-01,2.000000000000000e-01,-1.308777350403753e-06,-7.512982179781362e-05,1.666666666666667e+00,0.000000000000000e+00,2.999988817579276e+02,3.000279274685253e+02,3.000000000000000e+02,3.000343818129565e+02,3.000000091767228e+02,2,0.000000000000000e+00,0.000000000000000e+00
4.200000000000033e-07,14,3.714252841455326e-07,6.540537195463330e+01,1.000000000000000e+00,8.000000000000000e-01,2.000000000000000e-01,-1.258777350403751e-06,-7.512982179781362e-05,1.666666666666667e+00,0.000000000000000e+00,2.999988134793528e+02,3.000291006005834e+02,3.000000000000000e+02,3.000364728450565e+02,3.000000097358596e+02,2,0.000000000000000e+00,0.000000000000000e+00
4.500000000000040e-07,15,4.045171656492546e-07,6.966092577352137e+01,1.000000000000000e+00,8.000000000000000e-01,2.000000000000000e-01,-1.208777350403750e-06,-7.512982179781362e-05,1.666666666666667e+00,0.000000000000000e+00,2.999987471098017e+02,3.000304475272119e+02,3.000000000000000e+02,3.000388074629407e+02,3.000000103600398e+02,2,0.000000000000000e+00,0.000000000000000e+00
4.800000000000045e-07,16,4.487179928186968e-07,6.815795790929815e+01,1.000000000000000e+00,8.000000000000000e-01,2.000000000000000e-01,-1.158777350403748e-06,-7.512982179781362e-05,1.666666666666667e+00,0.000000000000000e+00,2.999986825528348e+02,3.000318169106358e+02,3.000000000000000e+02,3.000415900460405e+02,3.000000111037648e+02,2,0.000000000000000e+00,0.000000000000000e+00
5.100000000000036e-07,17,5.757854289371024e-07,6.723714865876833e+01,1.000000000000000e+00,8.000000000000000e-01,2.000000000000000e-01,-1.108777350403746e-06,-7.512982179781362e-05,1.666666666666667e+00,0.000000000000000e+00,2.999986197176786e+02,3.000330532606383e+02,3.000000000000000e+02,3.000474741422691e+02,3.000000126745184e+02,2,0.000000000000000e+00,0.000000000000000e+00
5.400000000000027e-07,18,1.247393724426516e-06,7.637249125989213e+01,1.000000000000000e+00,8.000000000000000e-01,2.000000000000000e-01,-1.058777350403745e-06,-7.512982179781362e-05,1.666666666666667e+00,0.000000000000000e+00,2.999985585188741e+02,3.000343862254465e+02,3.000000000000000e+02,3.000741772193145e+02,3.000000197961416e+02,2,0.000000000000000e+00,0.000000000000000e+00
5.700000000000017e-07,19,3.477194577506775e-06,9.539776866843002e+01,1.000000000000000e+00,8.000000000000000e-01,2.000000000000000e-01,-1.008777350403743e-06,-7.512982179781362e-05,1.666666666666667e+00,0.000000000000000e+00,2.999984988759433e+02,3.000362231890206e+02,3.000000000000000e+02,3.001585958676761e+02,3.000000423069554e+02,2,0.000000000000000e+00,0.000000000000000e+00
6.000000000000008e-07,20,7.591155910016140e-06,1.110109764999893e+02,1.000000000000000e+00,8.000000000000000e-01,2.000000000000000e-01,-9.587773504037415e-07,-7.512982179781362e-05,1.666666666666667e+00,0.000000000000000e+00,2.999984407130797e+02,3.000387035963036e+02,3.000000000000000e+02,3.003114702825157e+02,3.000000830733771e+02,2,0.000000000000000e+00,0.000000000000000e+00
6.299999999999999e-07,21,1.320123832869876e-05,1.228746985917902e+02,1.000000000000000e+00,8.000000000000000e-01,2.000000000000000e-01,-9.087773504037427e-07,-7.512982179781362e-05,1.666666666666667e+00,0.000000000000000e+00,2.999983839588599e+02,3.000416067843859e+02,3.000000000000000e+02,3.005182479118629e+02,3.000001382187183e+02,2,0.000000000000000e+00,0.000000000000000e+00
6.599999999999990e-07,22,1.984964857672672e-05,1.308216311940064e+02,1.000000000000000e+00,8.000000000000000e-01,2.000000000000000e-01,-8.587773504037442e-07,-7.512982179781362e-05,1.666666666666667e+00,0.000000000000000e+00,2.999983285459706e+02,3.000447866724464e+02,3.000000000000000e+02,3.007624504819551e+02,3.000002033521108e+02,2,0.000000000000000e+00,0.000000000000000e+00
6.899999999999981e-07,23,2.720064500015951e-05,1.342107806593424e+02,1.000000000000000e+00,8.000000000000000e-01,2.000000000000000e-01,-8.087773504037458e-07,-7.512982179781362e-05,1.666666666666667e+00,0.000000000000000e+00,2.999982744109552e+02,3.000480989777681e+02,3.000000000000000e+02,3.010318956308217e+02,3.000002752272810e+02,2,0.000000000000000e+00,0.000000000000000e+00
7.199999999999971e-07,24,3.493253472819062e-05,1.314958907624457e+02,1.000000000000000e+00,8.000000000000000e-01,2.000000000000000e-01,-7.587773504037473e-07,-7.512982179781362e-05,1.666666666666667e+00,0.000000000000000e+00,2.999982211992086e+02,3.000513385869321e+02,3.000000000000000e+02,3.013148011060301e+02,3.000003507040727e+02,2,0.000000000000000e+00,0.000000000000000e+00
7.499999999999962e-07,25,4.279255299097703e-05,1.276133725672341e+02,1.000000000000000e+00,8.000000000000000e-01,2.000000000000000e-01,-7.087773504037488e-07,-7.512982179781362e-05,1.666666666666667e+00,0.000000000000000e+00,2.999981651683121e+02,3.000543419925687e+02,3.000000000000000e+02,3.016020910305357e+02,3.000004273632975e+02,2,0.000000000000000e+00,0.000000000000000e+00
7.799999999999953e-07,26,5.070022129133159e-05,1.213834847243447e+02,1.000000000000000e+00,8.000000000000000e-01,2.000000000000000e-01,-6.587773504037504e-07,-7.512982179781362e-05,1.666666666666667e+00,0.000000000000000e+00,2.999981101183660e+02,3.000570786308962e+02,3.000000000000000e+02,3.018909806818469e+02,3.000005044626965e+02,2,0.000000000000000e+00,0.000000000000000e+00
8.099999999999944e-07,27,5.865753022739855e-05,1.177154907578945e+02,1.000000000000000e+00,8.000000000000000e-01,2.000000000000000e-01,-6.087773504037519e-07,-7.512982179781362e-05,1.666666666666667e+00,0.000000000000000e+00,2.999980560123894e+02,3.000595677804599e+02,3.000000000000000e+02,3.021815010130529e+02,3.000005820106059e+02,2,0.000000000000000e+00,0.000000000000000e+00
8.399999999999934e-07,28,6.649339530402086e-05,1.131529382256848e+02,1.000000000000000e+00,8.000000000000000e-01,2.000000000000000e-01,-5.587773504037534e-07,-7.512982179781362e-05,1.666666666666667e+00,0.000000000000000e+00,2.999980028151508e+02,3.000618176016431e+02,3.000000000000000e+02,3.024672332171088e+02,3.000006582957598e+02,2,0.000000000000000e+00,0.000000000000000e+00
8.699999999999925e-07,29,7.401035077961432e-05,1.107500532670856e+02,1.000000000000000e+00,8.000000000000000e-01,2.000000000000000e-01,-5.087773504037550e-07,-7.512982179781362e-05,1.666666666666667e+00,0.000000000000000e+00,2.999979504930731e+02,3.000638870912695e+02,3.000000000000000e+02,3.027411432286476e+02,3.000007314425081e+02,2,0.000000000000000e+00,0.000000000000000e+00
8.999999999999916e-07,30,8.112747594565788e-05,1.127715863195542e+02,1.000000000000000e+00,8.000000000000000e-01,2.000000000000000e-01,-4.587773504037559e-07,-7.512982179781362e-05,1.666666666666667e+00,0.000000000000000e+00,2.999978990141445e+02,3.000658993325300e+02,3.000000000000000e+02,3.030005625131054e+02,3.000008007387933e+02,2,0.000000000000000e+00,0.000000000000000e+00
9.299999999999907e-07,31,8.790292847236449e-05,1.128440375015204e+02,1.000000000000000e+00,8.000000000000000e-01,2.000000000000000e-01,-4.087773504037559e-07,-7.512982179781362e-05,1.666666666666667e+00,0.000000000000000e+00,2.999978483478346e+02,3.000679191557379e+02,3.000000000000000e+02,3.032478284703038e+02,3.000008668070977e+02,2,0.000000000000000e+00,0.000000000000000e+00
9.599999999999904e-07,32,9.452910572023284e-05,1.174923424643353e+02,1.000000000000000e+00,8.000000000000000e-01,2.000000000000000e-01,-3.587773504037558e-07,-7.512982179781362e-05,1.666666666666667e+00,0.000000000000000e+00,2.999977984650163e+02,3.000699961390918e+02,3.000000000000000e+02,3.034900089887547e+02,3.000009315312731e+02,2,0.000000000000000e+00,0.000000000000000e+00
9.899999999999926e-07,33,1.011037428103050e-04,1.220869120303255e+02,1.000000000000000e+00,8.000000000000000e-01,2.000000000000000e-01,-3.087773504037558e-07,-7.512982179781362e-05,1.666666666666667e+00,0.000000000000000e+00,2.999977493378908e+02,3.000721893067902e+02,3.000000000000000e+02,3.037305343399289e+02,3.000009958256715e+02,2,0.000000000000000e+00,0.000000000000000e+00
1.019999999999995e-06,34,1.076500593447610e-04,1.259895113071277e+02,1.000000000000000e+00,8.000000000000000e-01,2.000000000000000e-01,-2.587773504037557e-07,-7.512982179781362e-05,1.666666666666667e+00,0.000000000000000e+00,2.999977009399171e+02,3.000745283458582e+02,3.000000000000000e+02,3.039701074474144e+02,3.000010598782930e+02,2,0.000000000000000e+00,0.000000000000000e+00
1.049999999999997e-06,35,1.140645217171932e-04,1.263911378200166e+02,1.000000000000000e+00,8.000000000000000e-01,2.000000000000000e-01,-2.087773504037557e-07,-7.512982179781362e-05,1.666666666666667e+00,0.000000000000000e+00,2.999976532457486e+02,3.000769046621350e+02,3.000000000000000e+02,3.042048604035241e+02,3.000011226575133e+02,2,0.000000000000000e+00,0.000000000000000e+00
1.079999999999999e-06,36,1.203773163780191e-04,1.245184918567574e+02,1.000000000000000e+00,8.000000000000000e-01,2.000000000000000e-01,-1.587773504037556e-07,-7.512982179781362e-05,1.666666666666667e+00,0.000000000000000e+00,2.999976062311680e+02,3.000791430862800e+02,3.000000000000000e+02,3.044360173131290e+02,3.000011844988935e+02,2,0.000000000000000e+00,0.000000000000000e+00
1.110000000000002e-06,37,1.266866857266486e-04,1.206487471435756e+02,1.000000000000000e+00,8.000000000000000e-01,2.000000000000000e-01,-1.087773504037556e-07,-7.512982179781362e-05,1.666666666666667e+00,0.000000000000000e+00,2.999975598730309e+02,3.000812141435891e+02,3.000000000000000e+02,3.046670765305443e+02,3.000012463389132e+02,2,0.000000000000000e+00,0.000000000000000e+00
1.140000000000004e-06,38,1.331033876930697e-04,1.155629262804656e+02,1.000000000000000e+00,8.000000000000000e-01,2.000000000000000e-01,-5.877735040375554e-08,-7.512982179781362e-05,1.666666666666667e+00,0.000000000000000e+00,2.999975141492102e+02,3.000830517772615e+02,3.000000000000000e+02,3.049020090143855e+02,3.000013092484094e+02,2,0.000000000000000e+00,0.000000000000000e+00
1.170000000000006e-06,39,1.396311296199600e-04,1.132631217832181e+02,1.000000000000000e+00,8.000000000000000e-01,2.000000000000000e-01,-8.777350403755492e-09,-7.512982179781362e-05,1.666666666666667e+00,0.000000000000000e+00,2.999974690385439e+02,3.000847434221299e+02,3.000000000000000e+02,3.051408108564967e+02,3.000013732590315e+02,2,0.000000000000000e+00,0.000000000000000e+00
1.200000000000008e-06,40,1.462329913088608e-04,1.125617581731920e+02,1.000000000000000e+00,8.000000000000000e-01,2.000000000000000e-01,4.122264959624453e-08,-7.512982179781362e-05,1.666666666666667e+00,0.000000000000000e+00,2.999974245207856e+02,3.000863523414549e+02,3.000000000000000e+02,3.053822823540797e+02,3.000014381167684e+02,2,0.000000000000000e+00,0.000000000000000e+00
1.230000000000011e-06,41,1.529486938169155e-04,1.162588644836891e+02,1.000000000000000e+00,8.000000000000000e-01,2.000000000000000e-01,9.122264959624458e-08,-7.512982179781362e-05,1.666666666666667e+00,0.000000000000000e+00,2.999973805765597e+02,3.000879871947884e+02,3.000000000000000e+02,3.056280517196529e+02,3.000015043942101e+02,2,0.000000000000000e+00,0.000000000000000e+00
1.260000000000013e-06,42,1.598504308548017e-04,1.198454701206418e+02,1.000000000000000e+00,8.000000000000000e-01,2.000000000000000e-01,1.412226495962446e-07,-7.512982179781362e-05,1.666666666666667e+00,0.000000000000000e+00,2.999973371873167e+02,3.000897392267723e+02,3.000000000000000e+02,3.058808181787007e+02,3.000015730939389e+02,2,0.000000000000000e+00,0.000000000000000e+00
1.290000000000015e-06,43,1.669637788198382e-04,1.262023019347790e+02,1.000000000000000e+00,8.000000000000000e-01,2.000000000000000e-01,1.912226495962447e-07,-7.512982179781362e-05,1.666666666666667e+00,0.000000000000000e+00,2.999972943352917e+02,3.000916450172622e+02,3.000000000000000e+02,3.061414431512010e+02,3.000016449692937e+02,2,0.000000000000000e+00,0.000000000000000e+00
1.320000000000017e-06,44,1.742250614041684e-04,1.336373744627768e+02,1.000000000000000e+00,8.000000000000000e-01,2.000000000000000e-01,2.412226495962447e-07,-7.512982179781362e-05,1.666666666666667e+00,0.000000000000000e+00,2.999972520034668e+02,3.000937624625258e+02,3.000000000000000e+02,3.064074889375346e+02,3.000017201508636e+02,2,0.000000000000000e+00,0.000000000000000e+00
1.350000000000020e-06,45,1.814902466700882e-04,1.369156849902818e+02,1.000000000000000e+00,8.000000000000000e-01,2.000000000000000e-01,2.912226495962448e-07,-7.512982179781362e-05,1.666666666666667e+00,0.000000000000000e+00,2.999972101755324e+02,3.000960579267395e+02,3.000000000000000e+02,3.066737166174611e+02,3.000017983322931e+02,2,0.000000000000000e+00,0.000000000000000e+00
1.380000000000022e-06,46,1.887215080992901e-04,1.400809842043880e+02,1.000000000000000e+00,8.000000000000000e-01,2.000000000000000e-01,3.412226495962448e-07,-7.512982179781362e-05,1.666666666666667e+00,0.000000000000000e+00,2.999971688358548e+02,3.000984198929295e+02,3.000000000000000e+02,3.069387845151417e+02,3.000018794418614e+02,2,0.000000000000000e+00,0.000000000000000e+00
1.410000000000024e-06,47,1.958772832828935e-04,1.373535280426616e+02,1.000000000000000e+00,8.000000000000000e-01,2.000000000000000e-01,3.912226495962449e-07,-7.512982179781362e-05,1.666666666666667e+00,0.000000000000000e+00,2.999971279694421e+02,3.001007774015059e+02,3.000000000000000e+02,3.072009936769053e+02,3.000019623082902e+02,2,0.000000000000000e+00,0.000000000000000e+00
1.440000000000026e-06,48,2.028539023164868e-04,1.364918958888643e+02,1.000000000000000e+00,8.000000000000000e-01,2.000000000000000e-01,4.412226495962449e-07,-7.512982179781362e-05,1.666666666666667e+00,0.000000000000000e+00,2.999970875619125e+02,3.001029673385000e+02,3.000000000000000e+02,3.074563912376400e+02,3.000020450924441e+02,2,0.000000000000000e+00,0.000000000000000e+00
1.470000000000029e-06,49,2.094666546502774e-04,1.337246621080565e+02,1.000000000000000e+00,8.000000000000000e-01,2.000000000000000e-01,4.912226495962445e-07,-7.512982179781362e-05,1.666666666666667e+00,0.000000000000000e+00,2.999970475994663e+02,3.001049989298997e+02,3.000000000000000e+02,3.076981198753567e+02,3.000021250704492e+02,2,0.000000000000000e+00,0.000000000000000e+00
1.500000000000031e-06,50,2.155442458700007e-04,1.286792623158731e+02,1.000000000000000e+00,8.000000000000000e-01,2.000000000000000e-01,5.412226495962430e-07,-7.512982179781362e-05,1.666666666666667e+00,0.000000000000000e+00,2.999970080688580e+02,3.001068413889655e+02,3.000000000000000e+02,3.079200888222422e+02,3.000021998313267e+02,2,0.000000000000000e+00,0.000000000000000e+00
1.530000000000033e-06,51,2.210785598375484e-04,1.222760068666140e+02,1.000000000000000e+00,8.000000000000000e-01,2.000000000000000e-01,5.912226495962415e-07,-7.512982179781362e-05,1.666666666666667e+00,0.000000000000000e+00,2.999969689573692e+02,3.001084160412567e+02,3.000000000000000e+02,3.081221908715381e+02,3.000022690095900e+02,2,0.000000000000000e+00,0.000000000000000e+00
1.560000000000035e-06,52,2.261893855206494e-04,1.172031786936470e+02,1.000000000000000e+00,8.000000000000000e-01,2.000000000000000e-01,6.412226495962399e-07,-7.512982179781362e-05,1.666666666666667e+00,0.000000000000000e+00,2.999969302527841e+02,3.001097467433640e+02,3.000000000000000e+02,3.083088457712907e+02,3.000023338603685e+02,2,0.000000000000000e+00,0.000000000000000e+00
1.590000000000038e-06,53,2.310007282969354e-04,1.144290427002655e+02,1.000000000000000e+00,8.000000000000000e-01,2.000000000000000e-01,6.912226495962384e-07,-7.512982179781362e-05,1.666666666666667e+00,0.000000000000000e+00,2.999968919433663e+02,3.001109037102020e+02,3.000000000000000e+02,3.084846420665469e+02,3.000023958392741e+02,2,0.000000000000000e+00,0.000000000000000e+00
1.620000000000040e-06,54,2.355837047258042e-04,1.186720559658314e+02,1.000000000000000e+00,8.000000000000000e-01,2.000000000000000e-01,7.412226495962369e-07,-7.512982179781362e-05,1.666666666666667e+00,0.000000000000000e+00,2.999968540178367e+02,3.001120939251213e+02,3.000000000000000e+02,3.086521580764327e+02,3.000024558510408e+02,2,0.000000000000000e+00,0.000000000000000e+00
1.650000000000042e-06,55,2.411679309851545e-04,1.201366188062168e+02,1.000000000000000e+00,8.000000000000000e-01,2.000000000000000e-01,7.912226495962353e-07,-7.512982179781362e-05,1.666666666666667e+00,0.000000000000000e+00,2.999968164653511e+02,3.001133551463753e+02,3.000000000000000e+02,3.088107347649409e+02,3.000025137551374e+02,2,0.000000000000000e+00,0.000000000000000e+00
1.680000000000044e-06,56,2.455795688131637e-04,1.105579695320820e+02,1.000000000000000e+00,8.000000000000000e-01,2.000000000000000e-01,8.412226495962338e-07,-7.512982179781362e-05,1.666666666666667e+00,0.000000000000000e+00,2.999967792754821e+02,3.001143420567869e+02,3.000000000000000e+02,3.089512035672984e+02,3.000025694832684e+02,2,0.000000000000000e+00,0.000000000000000e+00
1.710000000000047e-06,57,2.495183345666807e-04,1.050170724351125e+02,1.000000000000000e+00,8.000000000000000e-01,2.000000000000000e-01,8.912226495962322e-07,-7.512982179781362e-05,1.666666666666667e+00,0.000000000000000e+00,2.999967424381989e+02,3.001149995867040e+02,3.000000000000000e+02,3.090653048346442e+02,3.000026203622199e+02,2,0.000000000000000e+00,0.000000000000000e+00
1.740000000000049e-06,58,2.533054087708957e-04,8.935623716906029e+01,1.000000000000000e+00,8.000000000000000e-01,2.000000000000000e-01,9.412226495962307e-07,-7.512982179781362e-05,1.666666666666667e+00,0.000000000000000e+00,2.999967059438488e+02,3.001151902186253e+02,3.000000000000000e+02,3.091668322240797e+02,3.000026690563262e+02,2,0.000000000000000e+00,0.000000000000000e+00
1.770000000000051e-06,59,2.570690259210045e-04,9.264391262547802e+01,1.000000000000000e+00,8.000000000000000e-01,2.000000000000000e-01,9.912226495962316e-07,-7.512982179781362e-05,1.666666666666667e+00,0.000000000000000e+00,2.999966697831420e+02,3.001151380246855e+02,3.000000000000000e+02,3.092629047457251e+02,3.000027172832846e+02,2,0.000000000000000e+00,0.000000000000000e+00
1.800000000000053e-06,60,2.608299278853343e-04,9.474623593593607e+01,1.000000000000000e+00,8.000000000000000e-01,2.000000000000000e-01,1.041222649596233e-06,-7.512982179781362e-05,1.666666666666667e+00,0.000000000000000e+00,2.999966339471334e+02,3.001150437317978e+02,3.000000000000000e+02,3.093554278956419e+02,3.000027653038960e+02,2,0.000000000000000e+00,0.000000000000000e+00
1.830000000000056e-06,61,2.645601537279163e-04,9.529571366576592e+01,1.000000000000000e+00,8.000000000000000e-01,2.000000000000000e-01,1.091222649596235e-06,-7.512982179781362e-05,1.666666666666667e+00,0.000000000000000e+00,2.999965984272086e+02,3.001151107554018e+02,3.000000000000000e+02,3.094448994238879e+02,3.000028126784804e+02,2,0.000000000000000e+00,0.000000000000000e+00
1.860000000000058e-06,62,2.681678091571453e-04,9.442847349314779e+01,1.000000000000000e+00,8.000000000000000e-01,2.000000000000000e-01,1.141222649596237e-06,-7.512982179781362e-05,1.666666666666667e+00,0.000000000000000e+00,2.999965632150689e+02,3.001153345559895e+02,3.000000000000000e+02,3.095300634471172e+02,3.000028582423328e+02,2,0.000000000000000e+00,0.000000000000000e+00
1.890000000000060e-06,63,2.715829273527903e-04,8.886038406435071e+01,1.000000000000000e+00,8.000000000000000e-01,2.000000000000000e-01,1.191222649596238e-06,-7.512982179781362e-05,1.666666666666667e+00,0.000000000000000e+00,2.999965283027176e+02,3.001155425294218e+02,3.000000000000000e+02,3.096097442629294e+02,3.000029012273318e+02,2,0.000000000000000e+00,0.000000000000000e+00
1.920000000000063e-06,64,2.747990068649294e-04,8.373580219512951e+01,1.000000000000000e+00,8.000000000000000e-01,2.000000000000000e-01,1.241222649596240e-06,-7.512982179781362e-05,1.666666666666667e+00,0.000000000000000e+00,2.999964936824462e+02,3.001154111144799e+02,3.000000000000000e+02,3.096840375953622e+02,3.000029416040735e+02,2,0.000000000000000e+00,0.000000000000000e+00
1.950000000000065e-06,65,2.778368384435272e-04,8.256791711243532e+01,1.000000000000000e+00,8.000000000000000e-01,2.000000000000000e-01,1.291222649596241e-06,-7.512982179781362e-05,1.666666666666667e+00,0.000000000000000e+00,2.999964593468230e+02,3.001147925851749e+02,3.000000000000000e+02,3.097537051797834e+02,3.000029797817210e+02,2,0.000000000000000e+00,0.000000000000000e+00
1.980000000000067e-06,66,2.807657590239581e-04,8.411153137302722e+01,1.000000000000000e+00,8.000000000000000e-01,2.000000000000000e-01,1.341222649596243e-06,-7.512982179781362e-05,1.666666666666667e+00,0.000000000000000e+00,2.999964252886802e+02,3.001138074764135e+02,3.000000000000000e+02,3.098204268505700e+02,3.000030166538011e+02,2,0.000000000000000e+00,0.000000000000000e+00
2.010000000000069e-06,67,2.836712798452114e-04,8.733910777836131e+01,1.000000000000000e+00,8.000000000000000e-01,2.000000000000000e-01,1.391222649596245e-06,-7.512982179781362e-05,1.666666666666667e+00,0.000000000000000e+00,2.999963915011030e+02,3.001127178178144e+02,3.000000000000000e+02,3.098862194439184e+02,3.000030531909130e+02,2,0.000000000000000e+00,0.000000000000000e+00
2.040000000000072e-06,68,2.866226779786182e-04,8.863098161731980e+01,1.000000000000000e+00,8.000000000000000e-01,2.000000000000000e-01,1.441222649596246e-06,-7.512982179781362e-05,1.666666666666667e+00,0.000000000000000e+00,2.999963579774192e+02,3.001117003424517e+02,3.000000000000000e+02,3.099526448528934e+02,3.000030904309178e+02,2,0.000000000000000e+00,0.000000000000000e+00
2.070000000000074e-06,69,2.896384363785588e-04,8.810201502463160e+01,1.000000000000000e+00,8.000000000000000e-01,2.000000000000000e-01,1.491222649596248e-06,-7.512982179781362e-05,1.666666666666667e+00,0.000000000000000e+00,2.999963247111882e+02,3.001107279607469e+02,3.000000000000000e+02,3.100202093325944e+02,3.000031285123119e+02,2,0.000000000000000e+00,0.000000000000000e+00
2.100000000000076e-06,70,2.927149679518797e-04,8.987359068113973e+01,1.000000000000000e+00,8.000000000000000e-01,2.000000000000000e-01,1.541222649596250e-06,-7.512982179781362e-05,1.666666666666667e+00,0.000000000000000e+00,2.999962916961920e+02,3.001098040446747e+02,3.000000000000000e+02,3.100888797310286e+02,3.000031674923665e+02,2,0.000000000000000e+00,0.000000000000000e+00
2.130000000000078e-06,71,2.958060047277734e-04,8.837816778456659e+01,1.000000000000000e+00,8.000000000000000e-01,2.000000000000000e-01,1.591222649596251e-06,-7.512982179781362e-05,1.666666666666667e+00,0.000000000000000e+00,2.999962589264262e+02,3.001087389201992e+02,3.000000000000000e+02,3.101575432496567e+02,3.000032066733934e+02,2,0.000000000000000e+00,0.000000000000000e+00
2.160000000000081e-06,72,2.987871625522632e-04,8.353439009116263e+01,1.000000000000000e+00,8.000000000000000e-01,2.000000000000000e-01,1.641222649596253e-06,-7.512982179781362e-05,1.666666666666667e+00,0.000000000000000e+00,2.999962263960896e+02,3.001074222053279e+02,3.000000000000000e+02,3.102235146121050e+02,3.000032444020278e+02,2,0.000000000000000e+00,0.000000000000000e+00
2.190000000000083e-06,73,3.015356314055340e-04,7.788821466359201e+01,1.000000000000000e+00,8.000000000000000e-01,2.000000000000000e-01,1.691222649596255e-06,-7.512982179781362e-05,1.666666666666667e+00,0.000000000000000e+00,2.999961940995777e+02,3.001058075711080e+02,3.000000000000000e+02,3.102841662323979e+02,3.000032789609657e+02,2,0.000000000000000e+00,0.000000000000000e+00
2.220000000000085e-06,74,3.040062490276944e-04,7.313864333232308e+01,1.000000000000000e+00,8.000000000000000e-01,2.000000000000000e-01,1.741222649596256e-06,-7.512982179781362e-05,1.666666666666667e+00,0.000000000000000e+00,2.999961620314735e+02,3.001037385979645e+02,3.000000000000000e+02,3.103385447383546e+02,3.000033098766631e+02,2,0.000000000000000e+00,0.000000000000000e+00
2.250000000000087e-06,75,3.062407677741886e-04,7.029052865427349e+01,1.000000000000000e+00,8.000000000000000e-01,2.000000000000000e-01,1.791222649596258e-06,-7.512982179781362e-05,1.666666666666667e+00,0.000000000000000e+00,2.999961301865401e+02,3.001013109030715e+02,3.000000000000000e+02,3.103880757600234e+02,3.000033380271462e+02,2,0.000000000000000e+00,0.000000000000000e+00
2.280000000000090e-06,76,3.083145692375064e-04,6.713963576162575e+01,1.000000000000000e+00,8.000000000000000e-01,2.000000000000000e-01,1.841222649596259e-06,-7.512982179781362e-05,1.666666666666667e+00,0.000000000000000e+00,2.999960985597137e+02,3.000988353848119e+02,3.000000000000000e+02,3.104343309747282e+02,3.000033642794883e+02,2,0.000000000000000e+00,0.000000000000000e+00
2.310000000000092e-06,77,3.102331145453310e-04,6.420689950366399e+01,1.000000000000000e+00,8.000000000000000e-01,2.000000000000000e-01,1.891222649596261e-06,-7.512982179781362e-05,1.666666666666667e+00,0.000000000000000e+00,2.999960671460968e+02,3.000964100444312e+02,3.000000000000000e+02,3.104774228718121e+02,3.000033886727560e+02,2,0.000000000000000e+00,0.000000000000000e+00
2.340000000000094e-06,78,3.120370572199136e-04,5.968383636441067e+01,1.000000000000000e+00,8.000000000000000e-01,2.000000000000000e-01,1.941222649596258e-06,-7.512982179781362e-05,1.666666666666667e+00,0.000000000000000e+00,2.999960359409509e+02,3.000942325124872e+02,3.000000000000000e+02,3.105178634923333e+02,3.000034115693190e+02,2,0.000000000000000e+00,0.000000000000000e+00
2.370000000000096e-06,79,3.137002162378063e-04,5.515035687715722e+01,1.000000000000000e+00,8.000000000000000e-01,2.000000000000000e-01,1.991222649596254e-06,-7.512982179781362e-05,1.666666666666667e+00,0.000000000000000e+00,2.999960049396909e+02,3.000921441939307e+02,3.000000000000000e+02,3.105550775365148e+02,3.000034326454268e+02,2,0.000000000000000e+00,0.000000000000000e+00
2.400000000000099e-06,80,3.152257108026750e-04,5.116420670933132e+01,1.000000000000000e+00,8.000000000000000e-01,2.000000000000000e-01,2.041222649596249e-06,-7.512982179781362e-05,1.666666666666667e+00,0.000000000000000e+00,2.999959741378782e+02,3.000900601592791e+02,3.000000000000000e+02,3.105891353593341e+02,3.000034519702811e+02,2,0.000000000000000e+00,0.000000000000000e+00
2.430000000000101e-06,81,3.166169093646280e-04,4.990326007631097e+01,1.000000000000000e+00,8.000000000000000e-01,2.000000000000000e-01,2.091222649596244e-06,-7.512982179781362e-05,1.666666666666667e+00,0.000000000000000e+00,2.999959435312166e+02,3.000878788959458e+02,3.000000000000000e+02,3.106198145670696e+02,3.000034696877983e+02,2,0.000000000000000e+00,0.000000000000000e+00
2.460000000000103e-06,82,3.179311586092220e-04,5.701380420046486e+01,1.000000000000000e+00,8.000000000000000e-01,2.000000000000000e-01,2.141222649596239e-06,-7.512982179781362e-05,1.666666666666667e+00,0.000000000000000e+00,2.999959131155451e+02,3.000856098536024e+02,3.000000000000000e+02,3.106486598104739e+02,3.000034864423317e+02,2,0.000000000000000e+00,0.000000000000000e+00
2.490000000000105e-06,83,3.191490730667756e-04,8.315949507986268e+01,1.000000000000000e+00,8.000000000000000e-01,2.000000000000000e-01,2.191222649596235e-06,-7.512982179781362e-05,1.666666666666667e+00,0.000000000000000e+00,2.999958828868332e+02,3.000838583236901e+02,3.000000000000000e+02,3.106755933210703e+02,3.000035022963374e+02,2,0.000000000000000e+00,0.000000000000000e+00
2.520000000000108e-06,84,3.202958394404789e-04,1.130336596896389e+02,1.000000000000000e+00,8.000000000000000e-01,2.000000000000000e-01,2.241222649596230e-06,-7.512982179781362e-05,1.666666666666667e+00,0.000000000000000e+00,2.999958528411759e+02,3.000828127075450e+02,3.000000000000000e+02,3.107015874872114e+02,3.000035175995935e+02,2,0.000000000000000e+00,0.000000000000000e+00
2.550000000000110e-06,85,3.214044440132963e-04,1.457092722231995e+02,1.000000000000000e+00,8.000000000000000e-01,2.000000000000000e-01,2.291222649596225e-06,-7.512982179781362e-05,1.666666666666667e+00,0.000000000000000e+00,2.999958229747894e+02,3.000824633138874e+02,3.000000000000000e+02,3.107275559574099e+02,3.000035327362256e+02,2,0.000000000000000e+00,0.000000000000000e+00
2.580000000000112e-06,86,3.224879592998396e-04,1.673228608682773e+02,1.000000000000000e+00,8.000000000000000e-01,2.000000000000000e-01,2.341222649596221e-06,-7.512982179781362e-05,1.666666666666667e+00,0.000000000000000e+00,2.999957932840056e+02,3.000826881703422e+02,3.000000000000000e+02,3.107536740221867e+02,3.000035478241559e+02,2,0.000000000000000e+00,0.000000000000000e+00
2.610000000000114e-06,87,3.235516006521112e-04,1.730589100749218e+02,1.000000000000000e+00,8.000000000000000e-01,2.000000000000000e-01,2.391222649596216e-06,-7.512982179781362e-05,1.666666666666667e+00,0.000000000000000e+00,2.999957637652691e+02,3.000831447691725e+02,3.000000000000000e+02,3.107796756348738e+02,3.000035627247927e+02,2,0.000000000000000e+00,0.000000000000000e+00
2.640000000000117e-06,88,3.245738987309482e-04,1.692853988376863e+02,1.000000000000000e+00,8.000000000000000e-01,2.000000000000000e-01,2.441222649596211e-06,-7.512982179781362e-05,1.666666666666667e+00,0.000000000000000e+00,2.999957344151314e+02,3.000836075890518e+02,3.000000000000000e+02,3.108047733833978e+02,3.000035770196316e+02,2,0.000000000000000e+00,0.000000000000000e+00
2.670000000000119e-06,89,3.255331290812573e-04,1.581518280035746e+02,1.000000000000000e+00,8.000000000000000e-01,2.000000000000000e-01,2.491222649596206e-06,-7.512982179781362e-05,1.666666666666667e+00,0.000000000000000e+00,2.999957052302480e+02,3.000839193463502e+02,3.000000000000000e+02,3.108282926830062e+02,3.000035903688612e+02,2,0.000000000000000e+00,0.000000000000000e+00
2.700000000000121e-06,90,3.264241048432608e-04,1.477256466672090e+02,1.000000000000000e+00,8.000000000000000e-01,2.000000000000000e-01,2.541222649596202e-06,-7.512982179781362e-05,1.666666666666667e+00,0.000000000000000e+00,2.999956762073739e+02,3.000840308642395e+02,3.000000000000000e+02,3.108500448927788e+02,3.000036026882964e+02,2,0.000000000000000e+00,0.000000000000000e+00
2.730000000000123e-06,91,3.272478568008547e-04,1.430438800511989e+02,1.000000000000000e+00,8.000000000000000e-01,2.000000000000000e-01,2.591222649596197e-06,-7.512982179781362e-05,1.666666666666667e+00,0.000000000000000e+00,2.999956473433601e+02,3.000840217581394e+02,3.000000000000000e+02,3.108701233919400e+02,3.000036140352943e+02,2,0.000000000000000e+00,0.000000000000000e+00
2.760000000000126e-06,92,3.280033506941089e-04,1.467978488994446e+02,1.000000000000000e+00,8.000000000000000e-01,2.000000000000000e-01,2.641222649596192e-06,-7.512982179781362e-05,1.666666666666667e+00,0.000000000000000e+00,2.999956186351512e+02,3.000840629116540e+02,3.000000000000000e+02,3.108886723544483e+02,3.000036244874145e+02,2,0.000000000000000e+00,0.000000000000000e+00
2.790000000000128e-06,93,3.286856958932205e-04,1.637904882039465e+02,1.000000000000000e+00,8.000000000000000e-01,2.000000000000000e-01,2.691222649596188e-06,-7.512982179781362e-05,1.666666666666667e+00,0.000000000000000e+00,2.999955900797798e+02,3.000843918729219e+02,3.000000000000000e+02,3.109057734826705e+02,3.000036340878191e+02,2,0.000000000000000e+00,0.000000000000000e+00
2.820000000000130e-06,94,3.292880348803094e-04,1.899468788876482e+02,1.000000000000000e+00,8.000000000000000e-01,2.000000000000000e-01,2.741222649596183e-06,-7.512982179781362e-05,1.666666666666667e+00,0.000000000000000e+00,2.999955616743650e+02,3.000852386926780e+02,3.000000000000000e+02,3.109214820914614e+02,3.000036428835355e+02,2,0.000000000000000e+00,0.000000000000000e+00
2.850000000000132e-06,95,3.298131937714527e-04,2.192358762186894e+02,1.000000000000000e+00,8.000000000000000e-01,2.000000000000000e-01,2.791222649596178e-06,-7.512982179781362e-05,1.666666666666667e+00,0.000000000000000e+00,2.999955334161095e+02,3.000867199286944e+02,3.000000000000000e+02,3.109359449644992e+02,3.000036509776463e+02,2,0.000000000000000e+00,0.000000000000000e+00
2.880000000000135e-06,96,3.302721006065290e-04,2.512072898858662e+02,1.000000000000000e+00,8.000000000000000e-01,2.000000000000000e-01,2.841222649596173e-06,-7.512982179781362e-05,1.666666666666667e+00,0.000000000000000e+00,2.999955053022953e+02,3.000888196386630e+02,3.000000000000000e+02,3.109493890841121e+02,3.000036585135279e+02,2,0.000000000000000e+00,0.000000000000000e+00
2.910000000000137e-06,97,3.306737362157092e-04,2.791715620291276e+02,1.000000000000000e+00,8.000000000000000e-01,2.000000000000000e-01,2.891222649596169e-06,-7.512982179781362e-05,1.666666666666667e+00,0.000000000000000e+00,2.999954773302818e+02,3.000915216743292e+02,3.000000000000000e+02,3.109620057450075e+02,3.000036656113582e+02,2,0.000000000000000e+00,0.000000000000000e+00
2.940000000000139e-06,98,3.310302630329518e-04,2.966586492357899e+02,1.000000000000000e+00,8.000000000000000e-01,2.000000000000000e-01,2.941222649596164e-06,-7.512982179781362e-05,1.666666666666667e+00,0.000000000000000e+00,2.999954494975020e+02,3.000946036207785e+02,3.000000000000000e+02,3.109738595503023e+02,3.000036723155301e+02,2,0.000000000000000e+00,0.000000000000000e+00
2.970000000000141e-06,99,3.313502644276153e-04,3.007213550878471e+02,1.000000000000000e+00,8.000000000000000e-01,2.000000000000000e-01,2.991222649596159e-06,-7.512982179781362e-05,1.666666666666667e+00,0.000000000000000e+00,2.999954218014622e+02,3.000978291831156e+02,3.000000000000000e+02,3.109849235250005e+02,3.000036786178692e+02,2,0.000000000000000e+00,0.000000000000000e+00
3.000000000000144e-06,100,3.316449061145275e-04,3.009108940633311e+02,1.000000000000000e+00,8.000000000000000e-01,2.000000000000000e-01,3.041222649596155e-06,-7.512982179781362e-05,1.666666666666667e+00,0.000000000000000e+00,2.999953942397369e+02,3.001009282536885e+02,3.000000000000000e+02,3.109951762921117e+02,3.000036845148056e+02,2,0.000000000000000e+00,0.000000000000000e+00
3.030000000000146e-06,101,3.319182591156294e-04,2.960808749972966e+02,1.000000000000000e+00,8.000000000000000e-01,2.000000000000000e-01,3.091222649596150e-06,-7.512982179781362e-05,1.666666666666667e+00,0.000000000000000e+00,2.999953668099675e+02,3.001038776176219e+02,3.000000000000000e+02,3.110047136577215e+02,3.000036900572193e+02,2,0.000000000000000e+00,0.000000000000000e+00
3.060000000000148e-06,102,3.321765834250923e-04,2.903708523941808e+02,1.000000000000000e+00,8.000000000000000e-01,2.000000000000000e-01,3.141222649596145e-06,-7.512982179781362e-05,1.666666666666667e+00,0.000000000000000e+00,2.999953395098607e+02,3.001066584589681e+02,3.000000000000000e+02,3.110136474129724e+02,3.000036952792898e+02,2,0.000000000000000e+00,0.000000000000000e+00
3.090000000000150e-06,103,3.324198205252034e-04,2.880862169582854e+02,1.000000000000000e+00,8.000000000000000e-01,2.000000000000000e-01,3.191222649596140e-06,-7.512982179781362e-05,1.666666666666667e+00,0.000000000000000e+00,2.999953123371849e+02,3.001098297147840e+02,3.000000000000000e+02,3.110221208516163e+02,3.000037002088707e+02,2,0.000000000000000e+00,0.000000000000000e+00
3.120000000000153e-06,104,3.326453878649788e-04,2.776490950484089e+02,1.000000000000000e+00,8.000000000000000e-01,2.000000000000000e-01,3.241222649596136e-06,-7.512982179781362e-05,1.666666666666667e+00,0.000000000000000e+00,2.999952852897689e+02,3.001134857796887e+02,3.000000000000000e+02,3.110300020268908e+02,3.000037047878540e+02,2,0.000000000000000e+00,0.000000000000000e+00
3.150000000000155e-06,105,3.328572114560299e-04,2.693275399752979e+02,1.000000000000000e+00,8.000000000000000e-01,2.000000000000000e-01,3.291222649596131e-06,-7.512982179781362e-05,1.666666666666667e+00,0.000000000000000e+00,2.999952583655000e+02,3.001165830410225e+02,3.000000000000000e+02,3.110373004799350e+02,3.000037090059968e+02,2,0.000000000000000e+00,0.000000000000000e+00
3.180000000000157e-06,106,3.330562983754532e-04,2.578718104010171e+02,1.000000000000000e+00,8.000000000000000e-01,2.000000000000000e-01,3.341222649596126e-06,-7.512982179781362e-05,1.666666666666667e+00,0.000000000000000e+00,2.999952315623217e+02,3.001191375828337e+02,3.000000000000000e+02,3.110440386862972e+02,3.000037128883443e+02,2,0.000000000000000e+00,0.000000000000000e+00
3.210000000000159e-06,107,3.332459071383843e-04,2.452661661634868e+02,1.000000000000000e+00,8.000000000000000e-01,2.000000000000000e-01,3.391222649596122e-06,-7.512982179781362e-05,1.666666666666667e+00,0.000000000000000e+00,2.999952048782313e+02,3.001211128325638e+02,3.000000000000000e+02,3.110502684824065e+02,3.000037164577849e+02,2,0.000000000000000e+00,0.000000000000000e+00
3.240000000000162e-06,108,3.334280277889632e-04,2.322373682649112e+02,1.000000000000000e+00,8.000000000000000e-01,2.000000000000000e-01,3.441222649596117e-06,-7.512982179781362e-05,1.666666666666667e+00,0.000000000000000e+00,2.999951783112793e+02,3.001229129916502e+02,3.000000000000000e+02,3.110560450919108e+02,3.000037197466924e+02,2,0.000000000000000e+00,0.000000000000000e+00
3.270000000000164e-06,109,3.336043359369562e-04,2.182958379147578e+02,1.000000000000000e+00,8.000000000000000e-01,2.000000000000000e-01,3.491222649596112e-06,-7.512982179781362e-05,1.666666666666667e+00,0.000000000000000e+00,2.999951518595663e+02,3.001251137865191e+02,3.000000000000000e+02,3.110613945381559e+02,3.000037227773677e+02,2,0.000000000000000e+00,0.000000000000000e+00
3.300000000000166e-06,110,3.337767191700478e-04,2.132502041355692e+02,1.000000000000000e+00,8.000000000000000e-01,2.000000000000000e-01,3.541222649596107e-06,-7.512982179781362e-05,1.666666666666667e+00,0.000000000000000e+00,2.999951255212432e+02,3.001272293016178e+02,3.000000000000000e+02,3.110664668825565e+02,3.000037256134048e+02,2,0.000000000000000e+00,0.000000000000000e+00
3.330000000000168e-06,111,3.339444480178899e-04,2.119367277472973e+02,1.000000000000000e+00,8.000000000000000e-01,2.000000000000000e-01,3.591222649596103e-06,-7.512982179781362e-05,1.666666666666667e+00,0.000000000000000e+00,2.999950992945073e+02,3.001294620685566e+02,3.000000000000000e+02,3.110714659675908e+02,3.000037283462717e+02,2,0.000000000000000e+00,0.000000000000000e+00
3.360000000000171e-06,112,3.341096836351072e-04,2.132142563691378e+02,1.000000000000000e+00,8.000000000000000e-01,2.000000000000000e-01,3.641222649596098e-06,-7.512982179781362e-05,1.666666666666667e+00,0.000000000000000e+00,2.999950731776023e+02,3.001318484987884e+02,3.000000000000000e+02,3.110764763088931e+02,3.000037310106260e+02,2,0.000000000000000e+00,0.000000000000000e+00
3.390000000000173e-06,113,3.342721407213010e-04,2.032606623582893e+02,1.000000000000000e+00,8.000000000000000e-01,2.000000000000000e-01,3.691222649596093e-06,-7.512982179781362e-05,1.666666666666667e+00,0.000000000000000e+00,2.999950471688163e+02,3.001342583876084e+02,3.000000000000000e+02,3.110814317503951e+02,3.000037335909844e+02,2,0.000000000000000e+00,0.000000000000000e+00
3.420000000000175e-06,114,3.344345427686695e-04,1.935957695352048e+02,1.000000000000000e+00,8.000000000000000e-01,2.000000000000000e-01,3.741222649596089e-06,-7.512982179781362e-05,1.666666666666667e+00,0.000000000000000e+00,2.999950212664803e+02,3.001364702374153e+02,3.000000000000000e+02,3.110861836900665e+02,3.000037360307188e+02,2,0.000000000000000e+00,0.000000000000000e+00
3.450000000000177e-06,115,3.345962884689541e-04,1.783444144481352e+02,1.000000000000000e+00,8.000000000000000e-01,2.000000000000000e-01,3.791222649596084e-06,-7.512982179781362e-05,1.666666666666667e+00,0.000000000000000e+00,2.999949954689674e+02,3.001383645290084e+02,3.000000000000000e+02,3.110906399566348e+02,3.000037383082280e+02,2,0.000000000000000e+00,0.000000000000000e+00
3.480000000000180e-06,116,3.347573831864613e-04,1.679710085254758e+02,1.000000000000000e+00,8.000000000000000e-01,2.000000000000000e-01,3.841222649596086e-06,-7.512982179781362e-05,1.666666666666667e+00,0.000000000000000e+00,2.999949697746905e+02,3.001399859504193e+02,3.000000000000000e+02,3.110948349609268e+02,3.000037404355394e+02,2,0.000000000000000e+00,0.000000000000000e+00
3.510000000000182e-06,117,3.349179005597763e-04,1.633359291997116e+02,1.000000000000000e+00,8.000000000000000e-01,2.000000000000000e-01,3.891222649596094e-06,-7.512982179781362e-05,1.666666666666667e+00,0.000000000000000e+00,2.999949441821022e+02,3.001415495664468e+02,3.000000000000000e+02,3.110989156332240e+02,3.000037424452096e+02,2,0.000000000000000e+00,0.000000000000000e+00
3.540000000000184e-06,118,3.350767705813433e-04,1.503969914993926e+02,1.000000000000000e+00,8.000000000000000e-01,2.000000000000000e-01,3.941222649596102e-06,-7.512982179781362e-05,1.666666666666667e+00,0.000000000000000e+00,2.999949186896919e+02,3.001430628522530e+02,3.000000000000000e+02,3.111028623106445e+02,3.000037443433261e+02,2,0.000000000000000e+00,0.000000000000000e+00
3.570000000000186e-06,119,3.352330541310356e-04,1.351295468116577e+02,1.000000000000000e+00,8.000000000000000e-01,2.000000000000000e-01,3.991222649596110e-06,-7.512982179781362e-05,1.666666666666667e+00,0.000000000000000e+00,2.999948932959869e+02,3.001443225359556e+02,3.000000000000000e+02,3.111065031363086e+02,3.000037460651706e+02,2,0.000000000000000e+00,0.000000000000000e+00
3.600000000000189e-06,120,3.353863525157883e-04,1.180071824887232e+02,1.000000000000000e+00,8.000000000000000e-01,2.000000000000000e-01,4.041222649596118e-06,-7.512982179781362e-05,1.666666666666667e+00,0.000000000000000e+00,2.999948679995490e+02,3.001452275414757e+02,3.000000000000000e+02,3.111097458148784e+02,3.000037475844934e+02,2,0.000000000000000e+00,0.000000000000000e+00
3.630000000000191e-06,121,3.027809623276248e-04,1.053713845334746e+02,1.000000000000000e+00,8.000000000000000e-01,2.000000000000000e-01,4.091222649596126e-06,-7.512982179781362e-05,1.666666666666667e+00,0.000000000000000e+00,2.999948427989747e+02,3.001456615388028e+02,3.000000000000000e+02,3.111125003164266e+02,3.000037488937313e+02,2,0.000000000000000e+00,0.000000000000000e+00
3.660000000000193e-06,122,3.028472637618616e-04,9.361417536583420e+01,1.000000000000000e+00,8.000000000000000e-01,2.000000000000000e-01,4.141222649596134e-06,-7.512982179781362e-05,1.666666666666667e+00,0.000000000000000e+00,2.999948176928939e+02,3.001455460154860e+02,3.000000000000000e+02,3.111146924144128e+02,3.000037500237070e+02,2,0.000000000000000e+00,0.000000000000000e+00
3.690000000000195e-06,123,3.029089083138356e-04,8.310476981457376e+01,1.000000000000000e+00,8.000000000000000e-01,2.000000000000000e-01,4.191222649596142e-06,-7.512982179781362e-05,1.666666666666667e+00,0.000000000000000e+00,2.999947926799693e+02,3.001450684350093e+02,3.000000000000000e+02,3.111164298855743e+02,3.000037510288086e+02,2,0.000000000000000e+00,0.000000000000000e+00
3.720000000000198e-06,124,3.029648388268855e-04,8.025978419798986e+01,1.000000000000000e+00,8.000000000000000e-01,2.000000000000000e-01,4.241222649596150e-06,-7.512982179781362e-05,1.666666666666667e+00,0.000000000000000e+00,2.999947677588935e+02,3.001443697223136e+02,3.000000000000000e+02,3.111178526388763e+02,3.000037519464481e+02,2,0.000000000000000e+00,0.000000000000000e+00
3.750000000000200e-06,125,3.030179871203044e-04,8.578990053729316e+01,1.000000000000000e+00,8.000000000000000e-01,2.000000000000000e-01,4.291222649596158e-06,-7.512982179781362e-05,1.666666666666667e+00,0.000000000000000e+00,2.999947429283912e+02,3.001437524929695e+02,3.000000000000000e+02,3.111192472875080e+02,3.000037528540656e+02,2,0.000000000000000e+00,0.000000000000000e+00
3.780000000000202e-06,126,3.030686385103846e-04,9.366039311518480e+01,1.000000000000000e+00,8.000000000000000e-01,2.000000000000000e-01,4.341222649596166e-06,-7.512982179781362e-05,1.666666666666667e+00,0.000000000000000e+00,2.999947181872157e+02,3.001434544808858e+02,3.000000000000000e+02,3.111208348432354e+02,3.000037538116948e+02,2,0.000000000000000e+00,0.000000000000000e+00
3.810000000000205e-06,127,3.031182184650645e-04,1.026066164355034e+02,1.000000000000000e+00,8.000000000000000e-01,2.000000000000000e-01,4.391222649596174e-06,-7.512982179781362e-05,1.666666666666667e+00,0.000000000000000e+00,2.999946935341482e+02,3.001435511945871e+02,3.000000000000000e+02,3.111227007348147e+02,3.000037548424751e+02,2,0.000000000000000e+00,0.000000000000000e+00
3.840000000000196e-06,128,3.031659387587269e-04,1.049725410598738e+02,1.000000000000000e+00,8.000000000000000e-01,2.000000000000000e-01,4.441222649596182e-06,-7.512982179781362e-05,1.666666666666667e+00,0.000000000000000e+00,2.999946689679988e+02,3.001438916781844e+02,3.000000000000000e+02,3.111247406609830e+02,3.000037559188387e+02,2,0.000000000000000e+00,0.000000000000000e+00
3.870000000000186e-06,129,3.032134835972747e-04,1.045536279985535e+02,1.000000000000000e+00,8.000000000000000e-01,2.000000000000000e-01,4.491222649596190e-06,-7.512982179781362e-05,1.666666666666667e+00,0.000000000000000e+00,2.999946444876038e+02,3.001442519685313e+02,3.000000000000000e+02,3.111267826607592e+02,3.000037569951780e+02,2,0.000000000000000e+00,0.000000000000000e+00
3.900000000000175e-06,130,3.032603569230327e-04,1.008043415121893e+02,1.000000000000000e+00,8.000000000000000e-01,2.000000000000000e-01,4.541222649596198e-06,-7.512982179781362e-05,1.666666666666667e+00,0.000000000000000e+00,2.999946200918258e+02,3.001445123416668e+02,3.000000000000000e+02,3.111287290949760e+02,3.000037580455155e+02,2,0.000000000000000e+00,0.000000000000000e+00
3.930000000000165e-06,131,3.033062308671246e-04,9.164313170671242e+01,1.000000000000000e+00,8.000000000000000e-01,2.000000000000000e-01,4.591222649596206e-06,-7.512982179781362e-05,1.666666666666667e+00,0.000000000000000e+00,2.999945957795530e+02,3.001445100110991e+02,3.000000000000000e+02,3.111304411041175e+02,3.000037590327512e+02,2,0.000000000000000e+00,0.000000000000000e+00
3.960000000000154e-06,132,3.033510047294927e-04,7.934987969157733e+01,1.000000000000000e+00,8.000000000000000e-01,2.000000000000000e-01,4.641222649596214e-06,-7.512982179781362e-05,1.666666666666667e+00,0.000000000000000e+00,2.999945715496975e+02,3.001440862177263e+02,3.000000000000000e+02,3.111317785200727e+02,3.000037599194916e+02,2,0.000000000000000e+00,0.000000000000000e+00
3.990000000000144e-06,133,3.033945123743221e-04,6.644996010127090e+01,1.000000000000000e+00,8.000000000000000e-01,2.000000000000000e-01,4.691222649596222e-06,-7.512982179781362e-05,1.666666666666667e+00,0.000000000000000e+00,2.999945474011960e+02,3.001431435628203e+02,3.000000000000000e+02,3.111326479596081e+02,3.000037606808654e+02,2,0.000000000000000e+00,0.000000000000000e+00
4.020000000000133e-06,134,3.034365444817648e-04,5.499848501158803e+01,1.000000000000000e+00,8.000000000000000e-01,2.000000000000000e-01,4.741222649596230e-06,-7.512982179781362e-05,1.666666666666667e+00,0.000000000000000e+00,2.999945233330080e+02,3.001417338510735e+02,3.000000000000000e+02,3.111330741302140e+02,3.000037613233127e+02,2,0.000000000000000e+00,0.000000000000000e+00
4.050000000000123e-06,135,3.034762977236992e-04,4.645153253728358e+01,1.000000000000000e+00,8.000000000000000e-01,2.000000000000000e-01,4.791222649596238e-06,-7.512982179781362e-05,1.666666666666667e+00,0.000000000000000e+00,2.999944993441156e+02,3.001400286682606e+02,3.000000000000000e+02,3.111331817528884e+02,3.000037618798581e+02,2,0.000000000000000e+00,0.000000000000000e+00
4.080000000000113e-06,136,3.035136267161319e-04,4.295681871068530e+01,1.000000000000000e+00,8.000000000000000e-01,2.000000000000000e-01,4.841222649596246e-06,-7.512982179781362e-05,1.666666666666667e+00,0.000000000000000e+00,2.999944754335228e+02,3.001381272073400e+02,3.000000000000000e+02,3.111330494317531e+02,3.000037623716746e+02,2,0.000000000000000e+00,0.000000000000000e+00
4.110000000000102e-06,137,3.035493217884964e-04,4.885492743133832e+01,1.000000000000000e+00,8.000000000000000e-01,2.000000000000000e-01,4.891222649596254e-06,-7.512982179781362e-05,1.666666666666667e+00,0.000000000000000e+00,2.999944516002546e+02,3.001363961632096e+02,3.000000000000000e+02,3.111329812968395e+02,3.000037628800798e+02,2,0.000000000000000e+00,0.000000000000000e+00
4.140000000000092e-06,138,3.035832673646309e-04,5.596519782256468e+01,1.000000000000000e+00,8.000000000000000e-01,2.000000000000000e-01,4.941222649596262e-06,-7.512982179781362e-05,1.666666666666667e+00,0.000000000000000e+00,2.999944278433572e+02,3.001349935335153e+02,3.000000000000000e+02,3.111331195529771e+02,3.000037634431679e+02,2,0.000000000000000e+00,0.000000000000000e+00
4.170000000000081e-06,139,3.036147942633117e-04,5.898708771156354e+01,1.000000000000000e+00,8.000000000000000e-01,2.000000000000000e-01,4.991222649596270e-06,-7.512982179781362e-05,1.666666666666667e+00,0.000000000000000e+00,2.999944041618961e+02,3.001338708430262e+02,3.000000000000000e+02,3.111334397781451e+02,3.000037640546803e+02,2,0.000000000000000e+00,0.000000000000000e+00
4.200000000000071e-06,140,3.036457888691312e-04,6.537456366320791e+01,1.000000000000000e+00,8.000000000000000e-01,2.000000000000000e-01,5.041222649596278e-06,-7.512982179781362e-05,1.666666666666667e+00,0.000000000000000e+00,2.999943805549572e+02,3.001329819892197e+02,3.000000000000000e+02,3.111339175651004e+02,3.000037647084288e+02,2,0.000000000000000e+00,0.000000000000000e+00
4.230000000000060e-06,141,3.036750582505812e-04,6.640013369976805e+01,1.000000000000000e+00,8.000000000000000e-01,2.000000000000000e-01,5.091222649596286e-06,-7.512982179781362e-05,1.666666666666667e+00,0.000000000000000e+00,2.999943570216446e+02,3.001322825251112e+02,3.000000000000000e+02,3.111345284172287e+02,3.000037653981128e+02,2,0.000000000000000e+00,0.000000000000000e+00
4.260000000000050e-06,142,3.037026945851882e-04,6.314510300527503e+01,1.000000000000000e+00,8.000000000000000e-01,2.000000000000000e-01,5.141222649596294e-06,-7.512982179781362e-05,1.666666666666667e+00,0.000000000000000e+00,2.999943335610810e+02,3.001315984121945e+02,3.000000000000000e+02,3.111351416910061e+02,3.000037660893111e+02,2,0.000000000000000e+00,0.000000000000000e+00
4.290000000000039e-06,143,3.037280271144272e-04,5.335423232272903e+01,1.000000000000000e+00,8.000000000000000e-01,2.000000000000000e-01,5.191222649596302e-06,-7.512982179781362e-05,1.666666666666667e+00,0.000000000000000e+00,2.999943101724077e+02,3.001306538788085e+02,3.000000000000000e+02,3.111355418637172e+02,3.000037667252062e+02,2,0.000000000000000e+00,0.000000000000000e+00
4.320000000000029e-06,144,3.037517013189338e-04,4.032910250057592e+01,1.000000000000000e+00,8.000000000000000e-01,2.000000000000000e-01,5.241222649596310e-06,-7.512982179781362e-05,1.666666666666667e+00,0.000000000000000e+00,2.999942868547824e+02,3.001292731198623e+02,3.000000000000000e+02,3.111355937419944e+02,3.000037672705376e+02,2,0.000000000000000e+00,0.000000000000000e+00
4.350000000000018e-06,145,3.037741967015188e-04,2.500006811743404e+01,1.000000000000000e+00,8.000000000000000e-01,2.000000000000000e-01,5.291222649596318e-06,-7.512982179781362e-05,1.666666666666667e+00,0.000000000000000e+00,2.999942636073806e+02,3.001273636086268e+02,3.000000000000000e+02,3.111352306350050e+02,3.000037677082632e+02,2,0.000000000000000e+00,0.000000000000000e+00
4.380000000000008e-06,146,3.037971929248731e-04,1.339283752389908e+01,1.000000000000000e+00,8.000000000000000e-01,2.000000000000000e-01,5.341222649596326e-06,-7.512982179781362e-05,1.666666666666667e+00,0.000000000000000e+00,2.999942404293937e+02,3.001250094773895e+02,3.000000000000000e+02,3.111345307267370e+02,3.000037680597565e+02,2,0.000000000000000e+00,0.000000000000000e+00
4.409999999999998e-06,147,3.038205848373358e-04,1.853646358134713e+00,1.000000000000000e+00,8.000000000000000e-01,2.000000000000000e-01,5.391222649596334e-06,-7.512982179781362e-05,1.666666666666667e+00,0.000000000000000e+00,2.999942173200296e+02,3.001222736226048e+02,3.000000000000000e+02,3.111335638486378e+02,3.000037683441817e+02,2,0.000000000000000e+00,0.000000000000000e+00
4.439999999999987e-06,148,3.038466250040465e-04,4.292521598320610e+00,1.000000000000000e+00,8.000000000000000e-01,2.000000000000000e-01,5.441222649596342e-06,-7.512982179781362e-05,1.666666666666667e+00,0.000000000000000e+00,2.999941942785119e+02,3.001194300353526e+02,3.000000000000000e+02,3.111325921685953e+02,3.000037686329845e+02,2,0.000000000000000e+00,0.000000000000000e+00
4.469999999999977e-06,149,3.038771777785268e-04,6.022232616481753e+00,1.000000000000000e+00,8.000000000000000e-01,2.000000000000000e-01,5.491222649596350e-06,-7.512982179781362e-05,1.666666666666667e+00,0.000000000000000e+00,2.999941713040790e+02,3.001168350710425e+02,3.000000000000000e+02,3.111319548209295e+02,3.000037690171720e+02,2,0.000000000000000e+00,0.000000000000000e+00
4.499999999999966e-06,150,3.039131923019853e-04,5.994407874106304e+00,1.000000000000000e+00,8.000000000000000e-01,2.000000000000000e-01,5.541222649596358e-06,-7.512982179781362e-05,1.666666666666667e+00,0.000000000000000e+00,2.999941483959842e+02,3.001143677298724e+02,3.000000000000000e+02,3.111316193504910e+02,3.000037694886251e+02,2,0.000000000000000e+00,0.000000000000000e+00
4.529999999999956e-06,151,3.039572981915745e-04,3.350840087293796e+00,1.000000000000000e+00,8.000000000000000e-01,2.000000000000000e-01,5.591222649596366e-06,-7.512982179781362e-05,1.666666666666667e+00,0.000000000000000e+00,2.999941255534955e+02,3.001119099612571e+02,3.000000000000000e+02,3.111315789581631e+02,3.000037700464947e+02,2,0.000000000000000e+00,0.000000000000000e+00
4.559999999999945e-06,152,3.040116328924715e-04,3.950243698381275e+00,1.000000000000000e+00,8.000000000000000e-01,2.000000000000000e-01,5.641222649596374e-06,-7.512982179781362e-05,1.666666666666667e+00,0.000000000000000e+00,2.999941027758944e+02,3.001094865852188e+02,3.000000000000000e+02,3.111320199205326e+02,3.000037707424254e+02,2,0.000000000000000e+00,0.000000000000000e+00
4.589999999999935e-06,153,3.040853798389565e-04,8.736185417671676e+00,1.000000000000000e+00,8.000000000000000e-01,2.000000000000000e-01,5.691222649596382e-06,-7.512982179781362e-05,1.666666666666667e+00,0.000000000000000e+00,2.999940800624766e+02,3.001072951363083e+02,3.000000000000000e+02,3.111334816446885e+02,3.000037717245472e+02,2,0.000000000000000e+00,0.000000000000000e+00
4.619999999999924e-06,154,3.041978342260674e-04,1.429739998468313e+01,1.000000000000000e+00,8.000000000000000e-01,2.000000000000000e-01,5.741222649596390e-06,-7.512982179781362e-05,1.666666666666667e+00,0.000000000000000e+00,2.999940574125515e+02,3.001053846808657e+02,3.000000000000000e+02,3.111366576808924e+02,3.000037731830766e+02,2,0.000000000000000e+00,0.000000000000000e+00
4.649999999999914e-06,155,3.387733642788973e-04,2.189860871508823e+01,1.000000000000000e+00,8.000000000000000e-01,2.000000000000000e-01,5.791222649596398e-06,-7.512982179781362e-05,1.666666666666667e+00,0.000000000000000e+00,2.999940348254404e+02,3.001038182067988e+02,3.000000000000000e+02,3.111426362943478e+02,3.000037754206177e+02,2,0.000000000000000e+00,0.000000000000000e+00
4.679999999999904e-06,156,3.390645690676130e-04,3.700671918922840e+01,1.000000000000000e+00,8.000000000000000e-01,2.000000000000000e-01,5.841222649596406e-06,-7.512982179781362e-05,1.666666666666667e+00,0.000000000000000e+00,2.999940123004780e+02,3.001025408531867e+02,3.000000000000000e+02,3.111516460858958e+02,3.000037785407589e+02,2,0.000000000000000e+00,0.000000000000000e+00
4.709999999999893e-06,157,3.394270725769343e-04,4.823181593256658e+01,1.000000000000000e+00,8.000000000000000e-01,2.000000000000000e-01,5.891222649596414e-06,-7.512982179781362e-05,1.666666666666667e+00,0.000000000000000e+00,2.999939898370113e+02,3.001018120476314e+02,3.000000000000000e+02,3.111636516452660e+02,3.000037825526826e+02,2,0.000000000000000e+00,0.000000000000000e+00
4.739999999999883e-06,158,3.398707706766905e-04,6.005609004960854e+01,1.000000000000000e+00,8.000000000000000e-01,2.000000000000000e-01,5.941222649596422e-06,-7.512982179781362e-05,1.666666666666667e+00,0.000000000000000e+00,2.999939674343988e+02,3.001014315392446e+02,3.000000000000000e+02,3.111789082436148e+02,3.000037875433683e+02,2,0.000000000000000e+00,0.000000000000000e+00
4.769999999999872e-06,159,3.404065675363932e-04,7.586209179941464e+01,1.000000000000000e+00,8.000000000000000e-01,2.000000000000000e-01,5.991222649596430e-06,-7.512982179781362e-05,1.666666666666667e+00,0.000000000000000e+00,2.999939450920111e+02,3.001013834265830e+02,3.000000000000000e+02,3.111978093828918e+02,3.000037936652762e+02,2,0.000000000000000e+00,0.000000000000000e+00
4.799999999999862e-06,160,3.410428056849920e-04,8.816843242118806e+01,1.000000000000000e+00,8.000000000000000e-01,2.000000000000000e-01,6.041222649596438e-06,-7.512982179781362e-05,1.666666666666667e+00,0.000000000000000e+00,2.999939228092303e+02,3.001015926612650e+02,3.000000000000000e+02,3.112205486436840e+02,3.000038010017673e+02,2,0.000000000000000e+00,0.000000000000000e+00
4.829999999999851e-06,161,3.417916421942860e-04,9.973413224776453e+01,1.000000000000000e+00,8.000000000000000e-01,2.000000000000000e-01,6.091222649596446e-06,-7.512982179781362e-05,1.666666666666667e+00,0.000000000000000e+00,2.999939005854494e+02,3.001019653108037e+02,3.000000000000000e+02,3.112474855125112e+02,3.000038096806624e+02,2,0.000000000000000e+00,0.000000000000000e+00
4.859999999999841e-06,162,3.427018648192113e-04,1.075976491633101e+02,1.000000000000000e+00,8.000000000000000e-01,2.000000000000000e-01,6.141222649596454e-06,-7.512982179781362e-05,1.666666666666667e+00,0.000000000000000e+00,2.999938784200726e+02,3.001025173833138e+02,3.000000000000000e+02,3.112803077967197e+02,3.000038202024342e+02,2,0.000000000000000e+00,0.000000000000000e+00
4.889999999999830e-06,163,3.437553987350996e-04,1.046672707534916e+02,1.000000000000000e+00,8.000000000000000e-01,2.000000000000000e-01,6.191222649596462e-06,-7.512982179781362e-05,1.666666666666667e+00,0.000000000000000e+00,2.999938563125141e+02,3.001031116351190e+02,3.000000000000000e+02,3.113179717315522e+02,3.000038323065672e+02,2,0.000000000000000e+00,0.000000000000000e+00
4.919999999999820e-06,164,3.449419373610585e-04,1.027480864994050e+02,1.000000000000000e+00,8.000000000000000e-01,2.000000000000000e-01,6.241222649596470e-06,-7.512982179781362e-05,1.666666666666667e+00,0.000000000000000e+00,2.999938342621988e+02,3.001036683085777e+02,3.000000000000000e+02,3.113599181177640e+02,3.000038459516952e+02,2,0.000000000000000e+00,0.000000000000000e+00
4.949999999999809e-06,165,3.462829812497866e-04,1.046446137955083e+02,1.000000000000000e+00,8.000000000000000e-01,2.000000000000000e-01,6.291222649596478e-06,-7.512982179781362e-05,1.666666666666667e+00,0.000000000000000e+00,2.999938122685620e+02,3.001042835040995e+02,3.000000000000000e+02,3.114066945022357e+02,3.000038615079908e+02,2,0.000000000000000e+00,0.000000000000000e+00
4.979999999999799e-06,166,3.478098397435063e-04,1.106886070197534e+02,1.000000000000000e+00,8.000000000000000e-01,2.000000000000000e-01,6.341222649596486e-06,-7.512982179781362e-05,1.666666666666667e+00,0.000000000000000e+00,2.999937903310483e+02,3.001050485569152e+02,3.000000000000000e+02,3.114588392195366e+02,3.000038794561659e+02,2,0.000000000000000e+00,0.000000000000000e+00
5.009999999999789e-06,167,3.495657640832775e-04,1.229061981928699e+02,1.000000000000000e+00,8.000000000000000e-01,2.000000000000000e-01,6.391222649596494e-06,-7.512982179781362e-05,1.666666666666667e+00,0.000000000000000e+00,2.999937684491117e+02,3.001060144347244e+02,3.000000000000000e+02,3.115167489356709e+02,3.000039004441560e+02,2,0.000000000000000e+00,0.000000000000000e+00
5.039999999999778e-06,168,3.515762803455212e-04,1.343269255076702e+02,1.000000000000000e+00,8.000000000000000e-01,2.000000000000000e-01,6.441222649596502e-06,-7.512982179781362e-05,1.666666666666667e+00,0.000000000000000e+00,2.999937466222166e+02,3.001071718011212e+02,3.000000000000000e+02,3.115797324112316e+02,3.000039249982711e+02,2,0.000000000000000e+00,0.000000000000000e+00
5.069999999999768e-06,169,3.539021983784198e-04,1.384656474146617e+02,1.000000000000000e+00,8.000000000000000e-01,2.000000000000000e-01,6.491222649596510e-06,-7.512982179781362e-05,1.666666666666667e+00,0.000000000000000e+00,2.999937248498352e+02,3.001085346988259e+02,3.000000000000000e+02,3.116476969342630e+02,3.000039539034247e+02,2,0.000000000000000e+00,0.000000000000000e+00
5.099999999999757e-06,170,3.567096834352084e-04,1.361653666285426e+02,1.000000000000000e+00,8.000000000000000e-01,2.000000000000000e-01,6.541222649596517e-06,-7.512982179781362e-05,1.666666666666667e+00,0.000000000000000e+00,2.999937031314499e+02,3.001099878641271e+02,3.000000000000000e+02,3.117217877743428e+02,3.000039892131213e+02,2,0.000000000000000e+00,0.000000000000000e+00
5.129999999999747e-06,171,3.600819444857306e-04,1.303129193100207e+02,1.000000000000000e+00,8.000000000000000e-01,2.000000000000000e-01,6.591222649596525e-06,-7.512982179781362e-05,1.666666666666667e+00,0.000000000000000e+00,2.999936814665509e+02,3.001114476432813e+02,3.000000000000000e+02,3.118029510448352e+02,3.000040320348240e+02,2,0.000000000000000e+00,0.000000000000000e+00
5.159999999999736e-06,172,3.640134152492587e-04,1.269696640769718e+02,1.000000000000000e+00,8.000000000000000e-01,2.000000000000000e-01,6.641222649596533e-06,-7.512982179781362e-05,1.666666666666667e+00,0.000000000000000e+00,2.999936598546373e+02,3.001129301479339e+02,3.000000000000000e+02,3.118916685687692e+02,3.000040818610681e+02,2,0.000000000000000e+00,0.000000000000000e+00
5.189999999999726e-06,173,3.684939379312780e-04,1.298299396727833e+02,1.000000000000000e+00,8.000000000000000e-01,2.000000000000000e-01,6.691222649596541e-06,-7.512982179781362e-05,1.666666666666667e+00,0.000000000000000e+00,2.999936382952163e+02,3.001145109881432e+02,3.000000000000000e+02,3.119884520817213e+02,3.000041386660286e+02,2,0.000000000000000e+00,0.000000000000000e+00
5.219999999999715e-06,174,3.734398896350181e-04,1.315511248728264e+02,1.000000000000000e+00,8.000000000000000e-01,2.000000000000000e-01,6.741222649596549e-06,-7.512982179781362e-05,1.666666666666667e+00,0.000000000000000e+00,2.999936167878034e+02,3.001162330258622e+02,3.000000000000000e+02,3.120926809117661e+02,3.000042014402205e+02,2,0.000000000000000e+00,0.000000000000000e+00
5.249999999999705e-06,175,3.787675292469476e-04,1.358390171714578e+02,1.000000000000000e+00,8.000000000000000e-01,2.000000000000000e-01,6.791222649596557e-06,-7.512982179781362e-05,1.666666666666667e+00,0.000000000000000e+00,2.999935953319222e+02,3.001180691809023e+02,3.000000000000000e+02,3.122034194457801e+02,3.000042691674143e+02,2,0.000000000000000e+00,0.000000000000000e+00
5.279999999999694e-06,176,3.843936162833309e-04,1.385219645084898e+02,1.000000000000000e+00,8.000000000000000e-01,2.000000000000000e-01,6.841222649596565e-06,-7.512982179781362e-05,1.666666666666667e+00,0.000000000000000e+00,2.999935739271035e+02,3.001200046470207e+02,3.000000000000000e+02,3.123195691744547e+02,3.000043408321893e+02,2,0.000000000000000e+00,0.000000000000000e+00
5.309999999999684e-06,177,3.903323832755665e-04,1.450681348638377e+02,1.000000000000000e+00,8.000000000000000e-01,2.000000000000000e-01,6.891222649596573e-06,-7.512982179781362e-05,1.666666666666667e+00,0.000000000000000e+00,2.999935525728863e+02,3.001220373691275e+02,3.000000000000000e+02,3.124415074547676e+02,3.000044166033969e+02,2,0.000000000000000e+00,0.000000000000000e+00
5.339999999999674e-06,178,3.965114789423921e-04,1.497800526176265e+02,1.000000000000000e+00,8.000000000000000e-01,2.000000000000000e-01,6.941222649596581e-06,-7.512982179781362e-05,1.666666666666667e+00,0.000000000000000e+00,2.999935312688166e+02,3.001241935931745e+02,3.000000000000000e+02,3.125680524634532e+02,3.000044955004681e+02,2,0.000000000000000e+00,0.000000000000000e+00
5.369999999999663e-06,179,4.028871932705668e-04,1.533515963295455e+02,1.000000000000000e+00,8.000000000000000e-01,2.000000000000000e-01,6.991222649596589e-06,-7.512982179781362e-05,1.666666666666667e+00,0.000000000000000e+00,2.999935100144480e+02,3.001263660287888e+02,3.000000000000000e+02,3.126982378730266e+02,3.000045769774845e+02,2,0.000000000000000e+00,0.000000000000000e+00
5.399999999999653e-06,180,4.094888417916830e-04,1.552089209790227e+02,1.000000000000000e+00,8.000000000000000e-01,2.000000000000000e-01,7.041222649596597e-06,-7.512982179781362e-05,1.666666666666667e+00,0.000000000000000e+00,2.999934888093409e+02,3.001286076788361e+02,3.000000000000000e+02,3.128326236024000e+02,3.000046613868239e+02,2,0.000000000000000e+00,0.000000000000000e+00
5.429999999999642e-06,181,4.163348346126505e-04,1.555161105671895e+02,1.000000000000000e+00,8.000000000000000e-01,2.000000000000000e-01,7.091222649596605e-06,-7.512982179781362e-05,1.666666666666667e+00,0.000000000000000e+00,2.999934676530623e+02,3.001308006052863e+02,3.000000000000000e+02,3.129713699330978e+02,3.000047489355253e+02,2,0.000000000000000e+00,0.000000000000000e+00
5.459999999999632e-06,182,4.234321777297527e-04,1.529995645658440e+02,1.000000000000000e+00,8.000000000000000e-01,2.000000000000000e-01,7.141222649596613e-06,-7.512982179781362e-05,1.666666666666667e+00,0.000000000000000e+00,2.999934465451866e+02,3.001329480943617e+02,3.000000000000000e+02,3.131146906894966e+02,3.000048396384659e+02,2,0.000000000000000e+00,0.000000000000000e+00
5.489999999999621e-06,183,4.307087621562243e-04,1.505358865139001e+02,1.000000000000000e+00,8.000000000000000e-01,2.000000000000000e-01,7.191222649596621e-06,-7.512982179781362e-05,1.666666666666667e+00,0.000000000000000e+00,2.999934254852944e+02,3.001349861509516e+02,3.000000000000000e+02,3.132611434117576e+02,3.000049325316514e+02,2,0.000000000000000e+00,0.000000000000000e+00
5.519999999999611e-06,184,4.380931192702211e-04,1.431028477843178e+02,1.000000000000000e+00,8.000000000000000e-01,2.000000000000000e-01,7.241222649596629e-06,-7.512982179781362e-05,1.666666666666667e+00,0.000000000000000e+00,2.999934044729727e+02,3.001368653971535e+02,3.000000000000000e+02,3.134094202295984e+02,3.000050267396564e+02,2,0.000000000000000e+00,0.000000000000000e+00
5.549999999999600e-06,185,4.456177904836395e-04,1.422737635728787e+02,1.000000000000000e+00,8.000000000000000e-01,2.000000000000000e-01,7.291222649596637e-06,-7.512982179781362e-05,1.666666666666667e+00,0.000000000000000e+00,2.999933835078154e+02,3.001385841359689e+02,3.000000000000000e+02,3.135598851721684e+02,3.000051227321945e+02,2,0.000000000000000e+00,0.000000000000000e+00
5.579999999999590e-06,186,4.533223291775737e-04,1.452797091859662e+02,1.000000000000000e+00,8.000000000000000e-01,2.000000000000000e-01,7.341222649596645e-06,-7.512982179781362e-05,1.666666666666667e+00,0.000000000000000e+00,2.999933625894220e+02,3.001402498963739e+02,3.000000000000000e+02,3.137133442897976e+02,3.000052210699031e+02,2,0.000000000000000e+00,0.000000000000000e+00
5.609999999999580e-06,187,4.612295869990979e-04,1.477410812658970e+02,1.000000000000000e+00,8.000000000000000e-01,2.000000000000000e-01,7.391222649596653e-06,-7.512982179781362e-05,1.666666666666667e+00,0.000000000000000e+00,2.999933417173983e+02,3.001419829461708e+02,3.000000000000000e+02,3.138703206224210e+02,3.000053220472249e+02,2,0.000000000000000e+00,0.000000000000000e+00
5.639999999999569e-06,188,4.693878768480040e-04,1.547029659687607e+02,1.000000000000000e+00,8.000000000000000e-01,2.000000000000000e-01,7.441222649596661e-06,-7.512982179781362e-05,1.666666666666667e+00,0.000000000000000e+00,2.999933208913558e+02,3.001438167327298e+02,3.000000000000000e+02,3.140318738937938e+02,3.000054263234377e+02,2,0.000000000000000e+00,0.000000000000000e+00
5.669999999999559e-06,189,4.778040003319947e-04,1.684372174807090e+02,1.000000000000000e+00,8.000000000000000e-01,2.000000000000000e-01,7.491222649596669e-06,-7.512982179781362e-05,1.666666666666667e+00,0.000000000000000e+00,2.999933001109124e+02,3.001458581180512e+02,3.000000000000000e+02,3.141982741580302e+02,3.000055339460439e+02,2,0.000000000000000e+00,0.000000000000000e+00
5.699999999999548e-06,190,4.864276770449486e-04,1.708809313160441e+02,1.000000000000000e+00,8.000000000000000e-01,2.000000000000000e-01,7.541222649596677e-06,-7.512982179781362e-05,1.666666666666667e+00,0.000000000000000e+00,2.999932793756909e+02,3.001480127364969e+02,3.000000000000000e+02,3.143685892930878e+02,3.000056442590209e+02,2,0.000000000000000e+00,0.000000000000000e+00
5.729999999999538e-06,191,4.952947219198593e-04,1.761615337460034e+02,1.000000000000000e+00,8.000000000000000e-01,2.000000000000000e-01,7.591222649596685e-06,-7.512982179781362e-05,1.666666666666667e+00,0.000000000000000e+00,2.999932586853205e+02,3.001502268402812e+02,3.000000000000000e+02,3.145434521897484e+02,3.000057577140215e+02,2,0.000000000000000e+00,0.000000000000000e+00
5.759999999999527e-06,192,5.043365662472448e-04,1.765375668334822e+02,1.000000000000000e+00,8.000000000000000e-01,2.000000000000000e-01,7.641222649596693e-06,-7.512982179781362e-05,1.666666666666667e+00,0.000000000000000e+00,2.999932380394347e+02,3.001524747788804e+02,3.000000000000000e+02,3.147215422100077e+02,3.000058733886252e+02,2,0.000000000000000e+00,0.000000000000000e+00
5.789999999999517e-06,193,5.135176565056962e-04,1.751540294009159e+02,1.000000000000000e+00,8.000000000000000e-01,2.000000000000000e-01,7.691222649596701e-06,-7.512982179781362e-05,1.666666666666667e+00,0.000000000000000e+00,2.999932174376738e+02,3.001546424955914e+02,3.000000000000000e+02,3.149020735527222e+02,3.000059908264912e+02,2,0.000000000000000e+00,0.000000000000000e+00
5.819999999999506e-06,194,5.228360840337808e-04,1.722715347666394e+02,1.000000000000000e+00,8.000000000000000e-01,2.000000000000000e-01,7.741222649596709e-06,-7.512982179781362e-05,1.666666666666667e+00,0.000000000000000e+00,2.999931968796820e+02,3.001566985852088e+02,3.000000000000000e+02,3.150848373932215e+02,3.000061100420501e+02,2,0.000000000000000e+00,0.000000000000000e+00
5.849999999999496e-06,195,5.323379129819864e-04,1.698359793300244e+02,1.000000000000000e+00,8.000000000000000e-01,2.000000000000000e-01,7.791222649596717e-06,-7.512982179781362e-05,1.666666666666667e+00,0.000000000000000e+00,2.999931763651093e+02,3.001586217807942e+02,3.000000000000000e+02,3.152704259991026e+02,3.000062316154771e+02,2,0.000000000000000e+00,0.000000000000000e+00
5.879999999999485e-06,196,5.420980517235638e-04,1.677478920852893e+02,1.000000000000000e+00,8.000000000000000e-01,2.000000000000000e-01,7.841222649596725e-06,-7.512982179781362e-05,1.666666666666667e+00,0.000000000000000e+00,2.999931558936100e+02,3.001604684205683e+02,3.000000000000000e+02,3.154603889857160e+02,3.000063565077420e+02,2,0.000000000000000e+00,0.000000000000000e+00
5.909999999999475e-06,197,5.521441176037253e-04,1.672499730285446e+02,1.000000000000000e+00,8.000000000000000e-01,2.000000000000000e-01,7.891222649596733e-06,-7.512982179781362e-05,1.666666666666667e+00,0.000000000000000e+00,2.999931354648446e+02,3.001622573569830e+02,3.000000000000000e+02,3.156554309077300e+02,3.000064850751363e+02,2,0.000000000000000e+00,0.000000000000000e+00
5.939999999999465e-06,198,5.624779290429180e-04,1.724041724018249e+02,1.000000000000000e+00,8.000000000000000e-01,2.000000000000000e-01,7.941222649596741e-06,-7.512982179781362e-05,1.666666666666667e+00,0.000000000000000e+00,2.999931150784773e+02,3.001641066471276e+02,3.000000000000000e+02,3.158556156485402e+02,3.000066173161043e+02,2,0.000000000000000e+00,0.000000000000000e+00
5.969999999999454e-06,199,5.730442331479024e-04,1.757550528436394e+02,1.000000000000000e+00,8.000000000000000e-01,2.000000000000000e-01,7.991222649596749e-06,-7.512982179781362e-05,1.666666666666667e+00,0.000000000000000e+00,2.999930947341774e+02,3.001660005262111e+02,3.000000000000000e+02,3.160602163089972e+02,3.000067525870360e+02,2,0.000000000000000e+00,0.000000000000000e+00
5.999999999999444e-06,200,5.838289540837042e-04,1.779361101256341e+02,1.000000000000000e+00,8.000000000000000e-01,2.000000000000000e-01,8.041222649596757e-06,-7.512982179781362e-05,1.666666666666667e+00,0.000000000000000e+00,2.999930744316188e+02,3.001679816621116e+02,3.000000000000000e+02,3.162689246277043e+02,3.000068907414642e+02,2,0.000000000000000e+00,0.000000000000000e+00
6.029999999999433e-06,201,5.948587905376939e-04,1.830784273400570e+02,1.000000000000000e+00,8.000000000000000e-01,2.000000000000000e-01,8.091222649596765e-06,-7.512982179781362e-05,1.666666666666667e+00,0.000000000000000e+00,2.999930541704799e+02,3.001700451371709e+02,3.000000000000000e+02,3.164821059165185e+02,3.000070321514999e+02,2,0.000000000000000e+00,0.000000000000000e+00
6.059999999999423e-06,202,6.060558396201116e-04,1.863082691615096e+02,1.000000000000000e+00,8.000000000000000e-01,2.000000000000000e-01,8.141222649596773e-06,-7.512982179781362e-05,1.666666666666667e+00,0.000000000000000e+00,2.999930339504434e+02,3.001722208421446e+02,3.000000000000000e+02,3.166984879258388e+02,3.000071757730362e+02,2,0.000000000000000e+00,0.000000000000000e+00
6.089999999999412e-06,203,6.173419622043292e-04,1.929874067588672e+02,1.000000000000000e+00,8.000000000000000e-01,2.000000000000000e-01,8.191222649596781e-06,-7.512982179781362e-05,1.666666666666667e+00,0.000000000000000e+00,2.999930137711966e+02,3.001744506393616e+02,3.000000000000000e+02,3.169165075917380e+02,3.000073206131265e+02,2,0.000000000000000e+00,0.000000000000000e+00
6.119999999999402e-06,204,6.288667043630851e-04,1.989915688462661e+02,1.000000000000000e+00,8.000000000000000e-01,2.000000000000000e-01,8.241222649596789e-06,-7.512982179781362e-05,1.666666666666667e+00,0.000000000000000e+00,2.999929936324311e+02,3.001768126994165e+02,3.000000000000000e+02,3.171382878814097e+02,3.000074680341751e+02,2,0.000000000000000e+00,0.000000000000000e+00
6.149999999999391e-06,205,6.405187786342908e-04,1.959665986801402e+02,1.000000000000000e+00,8.000000000000000e-01,2.000000000000000e-01,8.291222649596797e-06,-7.512982179781362e-05,1.666666666666667e+00,0.000000000000000e+00,2.999929735338420e+02,3.001791742978573e+02,3.000000000000000e+02,3.173619074293003e+02,3.000076170405288e+02,2,0.000000000000000e+00,0.000000000000000e+00
6.179999999999381e-06,206,6.522771811591289e-04,2.017106808921007e+02,1.000000000000000e+00,8.000000000000000e-01,2.000000000000000e-01,8.341222649596805e-06,-7.512982179781362e-05,1.666666666666667e+00,0.000000000000000e+00,2.999929534751294e+02,3.001815218583336e+02,3.000000000000000e+02,3.175874287605441e+02,3.000077677228052e+02,2,0.000000000000000e+00,0.000000000000000e+00
6.209999999999370e-06,207,6.640783597782935e-04,2.032435881961973e+02,1.000000000000000e+00,8.000000000000000e-01,2.000000000000000e-01,8.391222649596813e-06,-7.512982179781362e-05,1.666666666666667e+00,0.000000000000000e+00,2.999929334559969e+02,3.001838880882439e+02,3.000000000000000e+02,3.178135236392908e+02,3.000079192979542e+02,2,0.000000000000000e+00,0.000000000000000e+00
6.239999999999360e-06,208,6.759003391333886e-04,2.044510004306146e+02,1.000000000000000e+00,8.000000000000000e-01,2.000000000000000e-01,8.441222649596821e-06,-7.512982179781362e-05,1.666666666666667e+00,0.000000000000000e+00,2.999929134761521e+02,3.001862248814891e+02,3.000000000000000e+02,3.180395894436133e+02,3.000080716338459e+02,2,0.000000000000000e+00,0.000000000000000e+00
6.269999999999350e-06,209,6.878201427673286e-04,1.699818174616586e+02,1.000000000000000e+00,8.000000000000000e-01,2.000000000000000e-01,8.491222649596829e-06,-7.512982179781362e-05,1.666666666666667e+00,0.000000000000000e+00,2.999928935353068e+02,3.001885149523621e+02,3.000000000000000e+02,3.182679506764274e+02,3.000082254117751e+02,2,0.000000000000000e+00,0.000000000000000e+00
6.299999999999339e-06,210,6.999530761011144e-04,1.886987877001436e+02,1.000000000000000e+00,8.000000000000000e-01,2.000000000000000e-01,8.541222649596837e-06,-7.512982179781362e-05,1.666666666666667e+00,0.000000000000000e+00,2.999928736331761e+02,3.001904396570761e+02,3.000000000000000e+02,3.185021668084892e+02,3.000083815761699e+02,2,0.000000000000000e+00,0.000000000000000e+00
6.329999999999329e-06,211,7.122191242292038e-04,1.995926052504668e+02,1.000000000000000e+00,8.000000000000000e-01,2.000000000000000e-01,8.591222649596845e-06,-7.512982179781362e-05,1.666666666666667e+00,0.000000000000000e+00,2.999928537694792e+02,3.001924672154701e+02,3.000000000000000e+02,3.187360278921312e+02,3.000085411062457e+02,2,0.000000000000000e+00,0.000000000000000e+00
6.359999999999318e-06,212,7.246724236953587e-04,2.009737763499789e+02,1.000000000000000e+00,8.000000000000000e-01,2.000000000000000e-01,8.641222649596853e-06,-7.512982179781362e-05,1.666666666666667e+00,0.000000000000000e+00,2.999928339439383e+02,3.001946312996366e+02,3.000000000000000e+02,3.189719415512493e+02,3.000087048006505e+02,2,0.000000000000000e+00,0.000000000000000e+00
6.389999999999308e-06,213,7.373849999754501e-04,2.074312099827607e+02,1.000000000000000e+00,8.000000000000000e-01,2.000000000000000e-01,8.691222649596861e-06,-7.512982179781362e-05,1.666666666666667e+00,0.000000000000000e+00,2.999928141562802e+02,3.001968665298227e+02,3.000000000000000e+02,3.192117806342395e+02,3.000088739012987e+02,2,0.000000000000000e+00,0.000000000000000e+00
6.419999999999297e-06,214,7.503044809351592e-04,2.112582289404290e+02,1.000000000000000e+00,8.000000000000000e-01,2.000000000000000e-01,8.741222649596869e-06,-7.512982179781362e-05,1.666666666666667e+00,0.000000000000000e+00,2.999927944062347e+02,3.001992212797328e+02,3.000000000000000e+02,3.194550424662021e+02,3.000090488038762e+02,2,0.000000000000000e+00,0.000000000000000e+00
6.449999999999287e-06,215,7.633774917369044e-04,2.172696710766934e+02,1.000000000000000e+00,8.000000000000000e-01,2.000000000000000e-01,8.791222649596877e-06,-7.512982179781362e-05,1.666666666666667e+00,0.000000000000000e+00,2.999927746935349e+02,3.002016419461140e+02,3.000000000000000e+02,3.197004075112526e+02,3.000092305872063e+02,2,0.000000000000000e+00,0.000000000000000e+00
6.479999999999276e-06,216,7.764823744689277e-04,2.214323247693242e+02,1.000000000000000e+00,8.000000000000000e-01,2.000000000000000e-01,8.841222649596885e-06,-7.512982179781362e-05,1.666666666666667e+00,0.000000000000000e+00,2.999927550179174e+02,3.002041260238220e+02,3.000000000000000e+02,3.199452795596029e+02,3.000094182865752e+02,2,0.000000000000000e+00,0.000000000000000e+00
6.509999999999266e-06,217,7.894769689816586e-04,2.232870184453021e+02,1.000000000000000e+00,8.000000000000000e-01,2.000000000000000e-01,8.891222649596893e-06,-7.512982179781362e-05,1.666666666666667e+00,0.000000000000000e+00,2.999927353791219e+02,3.002065997470042e+02,3.000000000000000e+02,3.201869224701624e+02,3.000096092005575e+02,2,0.000000000000000e+00,0.000000000000000e+00
6.539999999999256e-06,218,8.022689290035977e-04,2.226417899214851e+02,1.000000000000000e+00,8.000000000000000e-01,2.000000000000000e-01,8.941222649596901e-06,-7.512982179781362e-05,1.666666666666667e+00,0.000000000000000e+00,2.999927157768918e+02,3.002088974225646e+02,3.000000000000000e+02,3.204234141058685e+02,3.000098013352736e+02,2,0.000000000000000e+00,0.000000000000000e+00
6.569999999999245e-06,219,8.148454207297789e-04,2.246192080412095e+02,1.000000000000000e+00,8.000000000000000e-01,2.000000000000000e-01,8.991222649596909e-06,-7.512982179781362e-05,1.666666666666667e+00,0.000000000000000e+00,2.999926962109736e+02,3.002110952217159e+02,3.000000000000000e+02,3.206545255226594e+02,3.000099937644046e+02,2,0.000000000000000e+00,0.000000000000000e+00
6.599999999999235e-06,220,8.272418352412854e-04,2.256989937997175e+02,1.000000000000000e+00,8.000000000000000e-01,2.000000000000000e-01,9.041222649596917e-06,-7.512982179781362e-05,1.666666666666667e+00,0.000000000000000e+00,2.999926766811168e+02,3.002132648578470e+02,3.000000000000000e+02,3.208810793348467e+02,3.000101864229091e+02,2,0.000000000000000e+00,0.000000000000000e+00
6.629999999999224e-06,221,8.395466737912485e-04,2.302440570100774e+02,1.000000000000000e+00,8.000000000000000e-01,2.000000000000000e-01,9.091222649596925e-06,-7.512982179781362e-05,1.666666666666667e+00,0.000000000000000e+00,2.999926571870743e+02,3.002154651250009e+02,3.000000000000000e+02,3.211046568298515e+02,3.000103801568897e+02,2,0.000000000000000e+00,0.000000000000000e+00
6.659999999999214e-06,222,8.518756826305792e-04,2.322168392972329e+02,1.000000000000000e+00,8.000000000000000e-01,2.000000000000000e-01,9.141222649596933e-06,-7.512982179781362e-05,1.666666666666667e+00,0.000000000000000e+00,2.999926377286015e+02,3.002176022915865e+02,3.000000000000000e+02,3.213275043406750e+02,3.000105762167634e+02,2,0.000000000000000e+00,0.000000000000000e+00
6.689999999999203e-06,223,8.643060497707727e-04,2.322091721159828e+02,1.000000000000000e+00,8.000000000000000e-01,2.000000000000000e-01,9.191222649596941e-06,-7.512982179781362e-05,1.666666666666667e+00,0.000000000000000e+00,2.999926183054575e+02,3.002197434392457e+02,3.000000000000000e+02,3.215512297107356e+02,3.000107754113928e+02,2,0.000000000000000e+00,0.000000000000000e+00
6.719999999999193e-06,224,8.768310715696870e-04,2.316371549851393e+02,1.000000000000000e+00,8.000000000000000e-01,2.000000000000000e-01,9.241222649596949e-06,-7.512982179781362e-05,1.666666666666667e+00,0.000000000000000e+00,2.999925989174035e+02,3.002217949662163e+02,3.000000000000000e+02,3.217757298451883e+02,3.000109774610302e+02,2,0.000000000000000e+00,0.000000000000000e+00
6.749999999999182e-06,225,8.894123960025042e-04,2.333603129095640e+02,1.000000000000000e+00,8.000000000000000e-01,2.000000000000000e-01,9.291222649596957e-06,-7.512982179781362e-05,1.666666666666667e+00,0.000000000000000e+00,2.999925795642040e+02,3.002238288914515e+02,3.000000000000000e+02,3.220004438620806e+02,3.000111816527333e+02,2,0.000000000000000e+00,0.000000000000000e+00
6.779999999999172e-06,226,9.020342059169355e-04,2.363428912025905e+02,1.000000000000000e+00,8.000000000000000e-01,2.000000000000000e-01,9.341222649596965e-06,-7.512982179781362e-05,1.666666666666667e+00,0.000000000000000e+00,2.999925602456265e+02,3.002258178401800e+02,3.000000000000000e+02,3.222249498463291e+02,3.000113876281960e+02,2,0.000000000000000e+00,0.000000000000000e+00
6.809999999999161e-06,227,9.146369200744560e-04,2.323752817814471e+02,1.000000000000000e+00,8.000000000000000e-01,2.000000000000000e-01,9.391222649596973e-06,-7.512982179781362e-05,1.666666666666667e+00,0.000000000000000e+00,2.999925409614409e+02,3.002277153577567e+02,3.000000000000000e+02,3.224484084239586e+02,3.000115942492690e+02,2,0.000000000000000e+00,0.000000000000000e+00
6.839999999999151e-06,228,9.272041232339971e-04,2.305114398658708e+02,1.000000000000000e+00,8.000000000000000e-01,2.000000000000000e-01,9.441222649596981e-06,-7.512982179781362e-05,1.666666666666667e+00,0.000000000000000e+00,2.999925217114204e+02,3.002294968589961e+02,3.000000000000000e+02,3.226704141449607e+02,3.000118011965711e+02,2,0.000000000000000e+00,0.000000000000000e+00
6.869999999999141e-06,229,9.397022401715051e-04,2.316271318339614e+02,1.000000000000000e+00,8.000000000000000e-01,2.000000000000000e-01,9.491222649596989e-06,-7.512982179781362e-05,1.666666666666667e+00,0.000000000000000e+00,2.999925024953405e+02,3.002312068186330e+02,3.000000000000000e+02,3.228905274935681e+02,3.000120079317110e+02,2,0.000000000000000e+00,0.000000000000000e+00
6.899999999999130e-06,230,9.521199485647471e-04,2.303746669098039e+02,1.000000000000000e+00,8.000000000000000e-01,2.000000000000000e-01,9.541222649596997e-06,-7.512982179781362e-05,1.666666666666667e+00,0.000000000000000e+00,2.999924833129790e+02,3.002328656166235e+02,3.000000000000000e+02,3.231085604639709e+02,3.000122142325552e+02,2,0.000000000000000e+00,0.000000000000000e+00
6.929999999999120e-06,231,9.645078521072997e-04,2.386158776882779e+02,1.000000000000000e+00,8.000000000000000e-01,2.000000000000000e-01,9.591222649597005e-06,-7.512982179781362e-05,1.666666666666667e+00,0.000000000000000e+00,2.999924641641171e+02,3.002345462953350e+02,3.000000000000000e+02,3.233254528625433e+02,3.000124208717432e+02,2,0.000000000000000e+00,0.000000000000000e+00
6.959999999999109e-06,232,9.767855694472487e-04,2.434148390507299e+02,1.000000000000000e+00,8.000000000000000e-01,2.000000000000000e-01,9.641222649597013e-06,-7.512982179781362e-05,1.666666666666667e+00,0.000000000000000e+00,2.999924450485379e+02,3.002363284014870e+02,3.000000000000000e+02,3.235399923000701e+02,3.000126264176126e+02,2,0.000000000000000e+00,0.000000000000000e+00
6.989999999999099e-06,233,9.889585410496290e-04,2.465428148965834e+02,1.000000000000000e+00,8.000000000000000e-01,2.000000000000000e-01,9.691222649597021e-06,-7.512982179781362e-05,1.666666666666667e+00,0.000000000000000e+00,2.999924259660274e+02,3.002381417784225e+02,3.000000000000000e+02,3.237521145008194e+02,3.000128309832478e+02,2,0.000000000000000e+00,0.000000000000000e+00
7.019999999999088e-06,234,1.001112644999983e-03,2.519656738078781e+02,1.000000000000000e+00,8.000000000000000e-01,2.000000000000000e-01,9.741222649597029e-06,-7.512982179781362e-05,1.666666666666667e+00,0.000000000000000e+00,2.999924069163737e+02,3.002400439035314e+02,3.000000000000000e+02,3.239634197053572e+02,3.000130359423820e+02,2,0.000000000000000e+00,0.000000000000000e+00
7.049999999999078e-06,235,1.013321559035823e-03,2.585422507068548e+02,1.000000000000000e+00,8.000000000000000e-01,2.000000000000000e-01,9.791222649597037e-06,-7.512982179781362e-05,1.666666666666667e+00,0.000000000000000e+00,2.999923824214304e+02,3.002421408399903e+02,3.000000000000000e+02,3.241757215402224e+02,3.000132420038501e+02,2,0.000000000000000e+00,0.000000000000000e+00
7.079999999999067e-06,236,1.025570779947009e-03,2.604766611476532e+02,1.000000000000000e+00,8.000000000000000e-01,2.000000000000000e-01,9.841222649597045e-06,-7.512982179781362e-05,1.666666666666667e+00,0.000000000000000e+00,2.999923543346384e+02,3.002442171918891e+02,3.000000000000000e+02,3.243883343066486e+02,3.000134490057586e+02,2,0.000000000000000e+00,0.000000000000000e+00
7.109999999999057e-06,237,1.037877650729979e-03,2.553874987353865e+02,1.000000000000000e+00,8.000000000000000e-01,2.000000000000000e-01,9.891222649597053e-06,-7.512982179781362e-05,1.666666666666667e+00,0.000000000000000e+00,2.999923262787166e+02,3.002462097572879e+02,3.000000000000000e+02,3.246015098591735e+02,3.000136572342292e+02,2,0.000000000000000e+00,0.000000000000000e+00
7.139999999999046e-06,238,1.051698732338789e-03,2.659354525739370e+02,1.000000000000000e+00,8.000000000000000e-01,2.000000000000000e-01,9.941222649597061e-06,-7.512982179781362e-05,1.666666666666667e+00,0.000000000000000e+00,2.999922982536032e+02,3.002481198028523e+02,3.000000000000000e+02,3.248154241814506e+02,3.000138670986810e+02,2,0.000000000000000e+00,0.000000000000000e+00
7.169999999999036e-06,239,1.063149816148964e-03,2.279665602443006e+02,1.000000000000000e+00,8.000000000000000e-01,2.000000000000000e-01,9.991222649597069e-06,-7.512982179781362e-05,1.666666666666667e+00,0.000000000000000e+00,2.999922702592362e+02,3.002493146451074e+02,3.000000000000000e+02,3.250141382411894e+02,3.000140638514638e+02,2,0.000000000000000e+00,0.000000000000000e+00
7.199999999999026e-06,240,1.072941087127448e-03,2.289209990156444e+02,1.000000000000000e+00,8.000000000000000e-01,2.000000000000000e-01,1.004122264959708e-05,-7.512982179781362e-05,1.666666666666667e+00,0.000000000000000e+00,2.999922422955543e+02,3.002497908138020e+02,3.000000000000000e+02,3.251829802010670e+02,3.000142351162029e+02,2,0.000000000000000e+00,0.000000000000000e+00
7.229999999999015e-06,241,1.081593978620319e-03,2.235049329688711e+02,1.000000000000000e+00,8.000000000000000e-01,2.000000000000000e-01,1.009122264959708e-05,-7.512982179781362e-05,1.666666666666667e+00,0.000000000000000e+00,2.999922143624958e+02,3.002498094261549e+02,3.000000000000000e+02,3.253290241770160e+02,3.000143898107474e+02,2,0.000000000000000e+00,0.000000000000000e+00
7.259999999999005e-06,242,1.089479272520407e-03,2.295561777478634e+02,1.000000000000000e+00,8.000000000000000e-01,2.000000000000000e-01,1.014122264959709e-05,-7.512982179781362e-05,1.666666666666667e+00,0.000000000000000e+00,2.999921864599995e+02,3.002495861586777e+02,3.000000000000000e+02,3.254599602743617e+02,3.000145333357856e+02,2,0.000000000000000e+00,0.000000000000000e+00
7.289999999998994e-06,243,1.096763641441056e-03,2.359706200921700e+02,1.000000000000000e+00,8.000000000000000e-01,2.000000000000000e-01,1.019122264959710e-05,-7.512982179781362e-05,1.666666666666667e+00,0.000000000000000e+00,2.999921585880046e+02,3.002493011356398e+02,3.000000000000000e+02,3.255794360976772e+02,3.000146679296748e+02,2,0.000000000000000e+00,0.000000000000000e+00
7.319999999998984e-06,244,1.103564944669124e-03,2.422410964086544e+02,1.000000000000000e+00,8.000000000000000e-01,2.000000000000000e-01,1.024122264959711e-05,-7.512982179781362e-05,1.666666666666667e+00,0.000000000000000e+00,2.999921307464496e+02,3.002489812409639e+02,3.000000000000000e+02,3.256899377068363e+02,3.000147952828614e+02,2,0.000000000000000e+00,0.000000000000000e+00
7.349999999998973e-06,245,1.109997383908765e-03,2.538540299045909e+02,1.000000000000000e+00,8.000000000000000e-01,2.000000000000000e-01,1.029122264959712e-05,-7.512982179781362e-05,1.666666666666667e+00,0.000000000000000e+00,2.999921029352739e+02,3.002487701897888e+02,3.000000000000000e+02,3.257938998010045e+02,3.000149171239294e+02,2,0.000000000000000e+00,0.000000000000000e+00
7.379999999998963e-06,246,1.116085162660147e-03,2.505547444881449e+02,1.000000000000000e+00,8.000000000000000e-01,2.000000000000000e-01,1.034122264959712e-05,-7.512982179781362e-05,1.666666666666667e+00,0.000000000000000e+00,2.999920751544166e+02,3.002484727526256e+02,3.000000000000000e+02,3.258925746778257e+02,3.000150334019840e+02,2,0.000000000000000e+00,0.000000000000000e+00
7.409999999998952e-06,247,1.121912843006620e-03,2.426878181575273e+02,1.000000000000000e+00,8.000000000000000e-01,2.000000000000000e-01,1.039122264959713e-05,-7.512982179781362e-05,1.666666666666667e+00,0.000000000000000e+00,2.999920474038177e+02,3.002480633044997e+02,3.000000000000000e+02,3.259871688334799e+02,3.000151449918475e+02,2,0.000000000000000e+00,0.000000000000000e+00
7.439999999998942e-06,248,1.127545307009981e-03,2.294339330007676e+02,1.000000000000000e+00,8.000000000000000e-01,2.000000000000000e-01,1.044122264959714e-05,-7.512982179781362e-05,1.666666666666667e+00,0.000000000000000e+00,2.999920196834167e+02,3.002474793065160e+02,3.000000000000000e+02,3.260784019882227e+02,3.000152529024826e+02,2,0.000000000000000e+00,0.000000000000000e+00
7.469999999998932e-06,249,1.133038131242853e-03,2.152111830591573e+02,1.000000000000000e+00,8.000000000000000e-01,2.000000000000000e-01,1.049122264959715e-05,-7.512982179781362e-05,1.666666666666667e+00,0.000000000000000e+00,2.999919919931536e+02,3.002466831657102e+02,3.000000000000000e+02,3.261672155038504e+02,3.000153579004167e+02,2,0.000000000000000e+00,0.000000000000000e+00
7.499999999998921e-06,250,1.138363036425736e-03,2.055684684769309e+02,1.000000000000000e+00,8.000000000000000e-01,2.000000000000000e-01,1.054122264959716e-05,-7.512982179781362e-05,1.666666666666667e+00,0.000000000000000e+00,2.999919643329680e+02,3.002457519326248e+02,3.000000000000000e+02,3.262531083275451e+02,3.000154593658257e+02,2,0.000000000000000e+00,0.000000000000000e+00
7.529999999998911e-06,251,1.143466395376884e-03,2.023659924904562e+02,1.000000000000000e+00,8.000000000000000e-01,2.000000000000000e-01,1.059122264959716e-05,-7.512982179781362e-05,1.666666666666667e+00,0.000000000000000e+00,2.999919367028002e+02,3.002447176681115e+02,3.000000000000000e+02,3.263352707006848e+02,3.000155566203300e+02,2,0.000000000000000e+00,0.000000000000000e+00
7.559999999998900e-06,252,1.148422081996359e-03,1.954919257530997e+02,1.000000000000000e+00,8.000000000000000e-01,2.000000000000000e-01,1.064122264959717e-05,-7.512982179781362e-05,1.666666666666667e+00,0.000000000000000e+00,2.999919091025905e+02,3.002436845185669e+02,3.000000000000000e+02,3.264147965705698e+02,3.000156513557112e+02,2,0.000000000000000e+00,0.000000000000000e+00
7.589999999998890e-06,253,1.153343868520779e-03,1.804505679443029e+02,1.000000000000000e+00,8.000000000000000e-01,2.000000000000000e-01,1.069122264959718e-05,-7.512982179781362e-05,1.666666666666667e+00,0.000000000000000e+00,2.999918815322793e+02,3.002426444390830e+02,3.000000000000000e+02,3.264932657875700e+02,3.000157453997830e+02,2,0.000000000000000e+00,0.000000000000000e+00
7.619999999998879e-06,254,1.158290586759922e-03,1.703802101556716e+02,1.000000000000000e+00,8.000000000000000e-01,2.000000000000000e-01,1.074122264959719e-05,-7.512982179781362e-05,1.666666666666667e+00,0.000000000000000e+00,2.999918539918073e+02,3.002414973300517e+02,3.000000000000000e+02,3.265714499953702e+02,3.000158395202513e+02,2,0.000000000000000e+00,0.000000000000000e+00
7.649999999998887e-06,255,1.163264571918490e-03,1.704618121998478e+02,1.000000000000000e+00,8.000000000000000e-01,2.000000000000000e-01,1.079122264959720e-05,-7.512982179781362e-05,1.666666666666667e+00,0.000000000000000e+00,2.999918264811153e+02,3.002403876621842e+02,3.000000000000000e+02,3.266493325335607e+02,3.000159337325724e+02,2,0.000000000000000e+00,0.000000000000000e+00
7.679999999998902e-06,256,1.168292184147959e-03,1.740962365457438e+02,1.000000000000000e+00,8.000000000000000e-01,2.000000000000000e-01,1.084122264959720e-05,-7.512982179781362e-05,1.666666666666667e+00,0.000000000000000e+00,2.999917990001441e+02,3.002394380426763e+02,3.000000000000000e+02,3.267267426096006e+02,3.000160284974084e+02,2,0.000000000000000e+00,0.000000000000000e+00
7.709999999998917e-06,257,1.173424391117136e-03,1.736133092015882e+02,1.000000000000000e+00,8.000000000000000e-01,2.000000000000000e-01,1.089122264959721e-05,-7.512982179781362e-05,1.666666666666667e+00,0.000000000000000e+00,2.999917715488353e+02,3.002386100199506e+02,3.000000000000000e+02,3.268038815396599e+02,3.000161243814219e+02,2,0.000000000000000e+00,0.000000000000000e+00
7.739999999998931e-06,258,1.178734282940332e-03,1.802561355843333e+02,1.000000000000000e+00,8.000000000000000e-01,2.000000000000000e-01,1.094122264959722e-05,-7.512982179781362e-05,1.666666666666667e+00,0.000000000000000e+00,2.999917441271296e+02,3.002379159636167e+02,3.000000000000000e+02,3.268809557486005e+02,3.000162223070423e+02,2,0.000000000000000e+00,0.000000000000000e+00
7.769999999998946e-06,259,1.184293405318111e-03,1.923419461554677e+02,1.000000000000000e+00,8.000000000000000e-01,2.000000000000000e-01,1.099122264959723e-05,-7.512982179781362e-05,1.666666666666667e+00,0.000000000000000e+00,2.999917167349687e+02,3.002373961120744e+02,3.000000000000000e+02,3.269579499779755e+02,3.000163230588826e+02,2,0.000000000000000e+00,0.000000000000000e+00
7.799999999998961e-06,260,1.190097923876957e-03,1.988565704143532e+02,1.000000000000000e+00,8.000000000000000e-01,2.000000000000000e-01,1.104122264959724e-05,-7.512982179781362e-05,1.666666666666667e+00,0.000000000000000e+00,2.999916893722940e+02,3.002369306038990e+02,3.000000000000000e+02,3.270340861783274e+02,3.000164260602736e+02,2,0.000000000000000e+00,0.000000000000000e+00
7.829999999998976e-06,261,1.195989672998612e-03,1.996601575476860e+02,1.000000000000000e+00,8.000000000000000e-01,2.000000000000000e-01,1.109122264959724e-05,-7.512982179781362e-05,1.666666666666667e+00,0.000000000000000e+00,2.999916620390471e+02,3.002363732824513e+02,3.000000000000000e+02,3.271080814956820e+02,3.000165289865016e+02,2,0.000000000000000e+00,0.000000000000000e+00
7.859999999998991e-06,262,1.201861256759291e-03,1.972188780240367e+02,1.000000000000000e+00,8.000000000000000e-01,2.000000000000000e-01,1.114122264959725e-05,-7.512982179781362e-05,1.666666666666667e+00,0.000000000000000e+00,2.999916347351701e+02,3.002355656668040e+02,3.000000000000000e+02,3.271791704667422e+02,3.000166306570627e+02,2,0.000000000000000e+00,0.000000000000000e+00
7.889999999999006e-06,263,1.207665251957711e-03,1.929256765480219e+02,1.000000000000000e+00,8.000000000000000e-01,2.000000000000000e-01,1.119122264959726e-05,-7.512982179781362e-05,1.666666666666667e+00,0.000000000000000e+00,2.999916074606048e+02,3.002344776127854e+02,3.000000000000000e+02,3.272475036478464e+02,3.000167305906846e+02,2,0.000000000000000e+00,0.000000000000000e+00
7.919999999999021e-06,264,1.213376921108016e-03,1.876602540936995e+02,1.000000000000000e+00,8.000000000000000e-01,2.000000000000000e-01,1.124122264959727e-05,-7.512982179781362e-05,1.666666666666667e+00,0.000000000000000e+00,2.999915802152935e+02,3.002331110498024e+02,3.000000000000000e+02,3.273132354278120e+02,3.000168284847048e+02,2,0.000000000000000e+00,0.000000000000000e+00
7.949999999999036e-06,265,1.218929412828897e-03,1.800800186746851e+02,1.000000000000000e+00,8.000000000000000e-01,2.000000000000000e-01,1.129122264959728e-05,-7.512982179781362e-05,1.666666666666667e+00,0.000000000000000e+00,2.999915529991786e+02,3.002314826010510e+02,3.000000000000000e+02,3.273760303422823e+02,3.000169232254173e+02,2,0.000000000000000e+00,0.000000000000000e+00
7.979999999999051e-06,266,1.224264688183801e-03,1.718452749304468e+02,1.000000000000000e+00,8.000000000000000e-01,2.000000000000000e-01,1.134122264959728e-05,-7.512982179781362e-05,1.666666666666667e+00,0.000000000000000e+00,2.999915258122021e+02,3.002296123804640e+02,3.000000000000000e+02,3.274354955701031e+02,3.000170138029943e+02,2,0.000000000000000e+00,0.000000000000000e+00
8.009999999999066e-06,267,1.229359765375035e-03,1.618219988741904e+02,1.000000000000000e+00,8.000000000000000e-01,2.000000000000000e-01,1.139122264959729e-05,-7.512982179781362e-05,1.666666666666667e+00,0.000000000000000e+00,2.999914986543072e+02,3.002274795250271e+02,3.000000000000000e+02,3.274915422956824e+02,3.000171002420862e+02,2,0.000000000000000e+00,0.000000000000000e+00
8.039999999999081e-06,268,1.234214611500483e-03,1.522249273023923e+02,1.000000000000000e+00,8.000000000000000e-01,2.000000000000000e-01,1.144122264959730e-05,-7.512982179781362e-05,1.666666666666667e+00,0.000000000000000e+00,2.999914715254363e+02,3.002250530361888e+02,3.000000000000000e+02,3.275443529807660e+02,3.000171826318123e+02,2,0.000000000000000e+00,0.000000000000000e+00
8.069999999999096e-06,269,1.238883367266928e-03,1.459606561654135e+02,1.000000000000000e+00,8.000000000000000e-01,2.000000000000000e-01,1.149122264959731e-05,-7.512982179781362e-05,1.666666666666667e+00,0.000000000000000e+00,2.999914444255324e+02,3.002224637357205e+02,3.000000000000000e+02,3.275947712369957e+02,3.000172619869012e+02,2,0.000000000000000e+00,0.000000000000000e+00
8.099999999999111e-06,270,1.243395176782005e-03,1.433414058211058e+02,1.000000000000000e+00,8.000000000000000e-01,2.000000000000000e-01,1.154122264959732e-05,-7.512982179781362e-05,1.666666666666667e+00,0.000000000000000e+00,2.999914173545387e+02,3.002198716188549e+02,3.000000000000000e+02,3.276434249865114e+02,3.000173387847443e+02,2,0.000000000000000e+00,0.000000000000000e+00
8.129999999999126e-06,271,1.247772113304815e-03,1.433810956445128e+02,1.000000000000000e+00,8.000000000000000e-01,2.000000000000000e-01,1.159122264959732e-05,-7.512982179781362e-05,1.666666666666667e+00,0.000000000000000e+00,2.999913903123982e+02,3.002173718982431e+02,3.000000000000000e+02,3.276906566566216e+02,3.000174134505165e+02,2,0.000000000000000e+00,0.000000000000000e+00
8.159999999999141e-06,272,1.252044743161148e-03,1.430572199130100e+02,1.000000000000000e+00,8.000000000000000e-01,2.000000000000000e-01,1.164122264959733e-05,-7.512982179781362e-05,1.666666666666667e+00,0.000000000000000e+00,2.999913632990541e+02,3.002150429231559e+02,3.000000000000000e+02,3.277368484165138e+02,3.000174863898770e+02,2,0.000000000000000e+00,0.000000000000000e+00
8.189999999999156e-06,273,1.256218879922439e-03,1.389169367898116e+02,1.000000000000000e+00,8.000000000000000e-01,2.000000000000000e-01,1.169122264959734e-05,-7.512982179781362e-05,1.666666666666667e+00,0.000000000000000e+00,2.999913363144501e+02,3.002127586427516e+02,3.000000000000000e+02,3.277819285662711e+02,3.000175576202466e+02,2,0.000000000000000e+00,0.000000000000000e+00
8.219999999999171e-06,274,1.260298997123772e-03,1.357617876400433e+02,1.000000000000000e+00,8.000000000000000e-01,2.000000000000000e-01,1.174122264959735e-05,-7.512982179781362e-05,1.666666666666667e+00,0.000000000000000e+00,2.999913093585295e+02,3.002103993858395e+02,3.000000000000000e+02,3.278259091305708e+02,3.000176271682007e+02,2,0.000000000000000e+00,0.000000000000000e+00
8.249999999999186e-06,275,1.264284277789356e-03,1.299228864491341e+02,1.000000000000000e+00,8.000000000000000e-01,2.000000000000000e-01,1.179122264959736e-05,-7.512982179781362e-05,1.666666666666667e+00,0.000000000000000e+00,2.999912824312369e+02,3.002079627661323e+02,3.000000000000000e+02,3.278688809154451e+02,3.000176949895667e+02,2,0.000000000000000e+00,0.000000000000000e+00
8.279999999999201e-06,276,1.268161382393540e-03,1.256514204796390e+02,1.000000000000000e+00,8.000000000000000e-01,2.000000000000000e-01,1.184122264959736e-05,-7.512982179781362e-05,1.666666666666667e+00,0.000000000000000e+00,2.999912555325157e+02,3.002054278714570e+02,3.000000000000000e+02,3.279107260876800e+02,3.000177609768568e+02,2,0.000000000000000e+00,0.000000000000000e+00
8.309999999999216e-06,277,1.271953316475994e-03,1.213565351159461e+02,1.000000000000000e+00,8.000000000000000e-01,2.000000000000000e-01,1.189122264959737e-05,-7.512982179781362e-05,1.666666666666667e+00,0.000000000000000e+00,2.999912286623100e+02,3.002028732075031e+02,3.000000000000000e+02,3.279517956267787e+02,3.000178255013529e+02,2,0.000000000000000e+00,0.000000000000000e+00
8.339999999999231e-06,278,1.275678812322525e-03,1.186594180589286e+02,1.000000000000000e+00,8.000000000000000e-01,2.000000000000000e-01,1.194122264959738e-05,-7.512982179781362e-05,1.666666666666667e+00,0.000000000000000e+00,2.999912018205640e+02,3.002002199189077e+02,3.000000000000000e+02,3.279920389309032e+02,3.000178889005015e+02,2,0.000000000000000e+00,0.000000000000000e+00
8.369999999999246e-06,279,1.279407714092123e-03,1.168981941340901e+02,1.000000000000000e+00,8.000000000000000e-01,2.000000000000000e-01,1.199122264959739e-05,-7.512982179781362e-05,1.666666666666667e+00,0.000000000000000e+00,2.999911750072225e+02,3.001975811414871e+02,3.000000000000000e+02,3.280321554596968e+02,3.000179522910528e+02,2,0.000000000000000e+00,0.000000000000000e+00
8.399999999999261e-06,280,1.283136134461983e-03,1.156024209088907e+02,1.000000000000000e+00,8.000000000000000e-01,2.000000000000000e-01,1.204122264959740e-05,-7.512982179781362e-05,1.666666666666667e+00,0.000000000000000e+00,2.999911482222297e+02,3.001948279569235e+02,3.000000000000000e+02,3.280720630515725e+02,3.000180155346405e+02,2,0.000000000000000e+00,0.000000000000000e+00
8.429999999999276e-06,281,1.286865135458003e-03,1.119286764392182e+02,1.000000000000000e+00,8.000000000000000e-01,2.000000000000000e-01,1.209122264959740e-05,-7.512982179781362e-05,1.666666666666667e+00,0.000000000000000e+00,2.999911214655302e+02,3.001920010827418e+02,3.000000000000000e+02,3.281118233917207e+02,3.000180786025803e+02,2,0.000000000000000e+00,0.000000000000000e+00
8.459999999999291e-06,282,1.290538061995256e-03,1.073934281110335e+02,1.000000000000000e+00,8.000000000000000e-01,2.000000000000000e-01,1.214122264959741e-05,-7.512982179781362e-05,1.666666666666667e+00,0.000000000000000e+00,2.999910947370689e+02,3.001890543504623e+02,3.000000000000000e+02,3.281510245485047e+02,3.000181406090653e+02,2,0.000000000000000e+00,0.000000000000000e+00
8.489999999999305e-06,283,1.294125646134273e-03,1.030416472881719e+02,1.000000000000000e+00,8.000000000000000e-01,2.000000000000000e-01,1.219122264959742e-05,-7.512982179781362e-05,1.666666666666667e+00,0.000000000000000e+00,2.999910680367906e+02,3.001860072212149e+02,3.000000000000000e+02,3.281894992567605e+02,3.000182011480665e+02,2,0.000000000000000e+00,0.000000000000000e+00
8.519999999999320e-06,284,1.297577718348832e-03,1.075960623173403e+02,1.000000000000000e+00,8.000000000000000e-01,2.000000000000000e-01,1.224122264959743e-05,-7.512982179781362e-05,1.666666666666667e+00,0.000000000000000e+00,2.999910413646406e+02,3.001827237635675e+02,3.000000000000000e+02,3.282268868039461e+02,3.000182593418025e+02,2,0.000000000000000e+00,0.000000000000000e+00
8.549999999999335e-06,285,1.300835463266647e-03,1.091639570647077e+02,1.000000000000000e+00,8.000000000000000e-01,2.000000000000000e-01,1.229122264959744e-05,-7.512982179781362e-05,1.666666666666667e+00,0.000000000000000e+00,2.999910147205643e+02,3.001791133823045e+02,3.000000000000000e+02,3.282625894151047e+02,3.000183142157043e+02,2,0.000000000000000e+00,0.000000000000000e+00
8.579999999999350e-06,286,1.303846730068650e-03,1.211009479810980e+02,1.000000000000000e+00,8.000000000000000e-01,2.000000000000000e-01,1.234122264959744e-05,-7.512982179781362e-05,1.666666666666667e+00,0.000000000000000e+00,2.999909881045068e+02,3.001755603022995e+02,3.000000000000000e+02,3.282961210218805e+02,3.000183649392273e+02,2,0.000000000000000e+00,0.000000000000000e+00
8.609999999999365e-06,287,1.306558682165824e-03,1.313209522949565e+02,1.000000000000000e+00,8.000000000000000e-01,2.000000000000000e-01,1.239122264959745e-05,-7.512982179781362e-05,1.666666666666667e+00,0.000000000000000e+00,2.999909615164134e+02,3.001725365642421e+02,3.000000000000000e+02,3.283268110235128e+02,3.000184109328367e+02,2,0.000000000000000e+00,0.000000000000000e+00
8.639999999999380e-06,288,1.308975144438428e-03,1.417863992256887e+02,1.000000000000000e+00,8.000000000000000e-01,2.000000000000000e-01,1.244122264959746e-05,-7.512982179781362e-05,1.666666666666667e+00,0.000000000000000e+00,2.999909349562300e+02,3.001699376052728e+02,3.000000000000000e+02,3.283544028555108e+02,3.000184526434831e+02,2,0.000000000000000e+00,0.000000000000000e+00
8.669999999999395e-06,289,1.311124273513780e-03,1.481112045197218e+02,1.000000000000000e+00,8.000000000000000e-01,2.000000000000000e-01,1.249122264959747e-05,-7.512982179781362e-05,1.666666666666667e+00,0.000000000000000e+00,2.999909084239026e+02,3.001676928042632e+02,3.000000000000000e+02,3.283797801530092e+02,3.000184905783122e+02,2,0.000000000000000e+00,0.000000000000000e+00
8.699999999999410e-06,290,1.313044703748014e-03,1.553372053027740e+02,1.000000000000000e+00,8.000000000000000e-01,2.000000000000000e-01,1.254122264959748e-05,-7.512982179781362e-05,1.666666666666667e+00,0.000000000000000e+00,2.999908819193767e+02,3.001657521802824e+02,3.000000000000000e+02,3.284037425565613e+02,3.000185251869459e+02,2,0.000000000000000e+00,0.000000000000000e+00
8.729999999999425e-06,291,1.314799951281703e-03,1.609355535632109e+02,1.000000000000000e+00,8.000000000000000e-01,2.000000000000000e-01,1.259122264959748e-05,-7.512982179781362e-05,1.666666666666667e+00,0.000000000000000e+00,2.999908554425986e+02,3.001640250217642e+02,3.000000000000000e+02,3.284264972624001e+02,3.000185572665729e+02,2,0.000000000000000e+00,0.000000000000000e+00
8.759999999999440e-06,292,1.316424238549466e-03,1.734548806259581e+02,1.000000000000000e+00,8.000000000000000e-01,2.000000000000000e-01,1.264122264959749e-05,-7.512982179781362e-05,1.666666666666667e+00,0.000000000000000e+00,2.999908289935144e+02,3.001625492842522e+02,3.000000000000000e+02,3.284481664409584e+02,3.000185872201326e+02,2,0.000000000000000e+00,0.000000000000000e+00
8.789999999999455e-06,293,1.317933644281215e-03,2.071834974592368e+02,1.000000000000000e+00,8.000000000000000e-01,2.000000000000000e-01,1.269122264959750e-05,-7.512982179781362e-05,1.666666666666667e+00,0.000000000000000e+00,2.999908025720704e+02,3.001615994955080e+02,3.000000000000000e+02,3.284690852110955e+02,3.000186154603946e+02,2,0.000000000000000e+00,0.000000000000000e+00
8.819999999999470e-06,294,1.319340184264547e-03,2.488698896561567e+02,1.000000000000000e+00,8.000000000000000e-01,2.000000000000000e-01,1.274122264959751e-05,-7.512982179781362e-05,1.666666666666667e+00,0.000000000000000e+00,2.999907761782135e+02,3.001613988565314e+02,3.000000000000000e+02,3.284895910728478e+02,3.000186424580183e+02,2,0.000000000000000e+00,0.000000000000000e+00
8.849999999999485e-06,295,1.320680829903951e-03,2.910631417725205e+02,1.000000000000000e+00,8.000000000000000e-01,2.000000000000000e-01,1.279122264959752e-05,-7.512982179781362e-05,1.666666666666667e+00,0.000000000000000e+00,2.999907498118898e+02,3.001618931740236e+02,3.000000000000000e+02,3.285100954763008e+02,3.000186687676073e+02,2,0.000000000000000e+00,0.000000000000000e+00
8.879999999999500e-06,296,1.321967943198213e-03,3.175177933054285e+02,1.000000000000000e+00,8.000000000000000e-01,2.000000000000000e-01,1.284122264959752e-05,-7.512982179781362e-05,1.666666666666667e+00,0.000000000000000e+00,2.999907234730465e+02,3.001629557915022e+02,3.000000000000000e+02,3.285306723290231e+02,3.000186945574580e+02,2,0.000000000000000e+00,0.000000000000000e+00
8.909999999999515e-06,297,1.323217730140443e-03,3.285759700982976e+02,1.000000000000000e+00,8.000000000000000e-01,2.000000000000000e-01,1.289122264959753e-05,-7.512982179781362e-05,1.666666666666667e+00,0.000000000000000e+00,2.999906971616304e+02,3.001642942832526e+02,3.000000000000000e+02,3.285512595722188e+02,3.000187198096989e+02,2,0.000000000000000e+00,0.000000000000000e+00
8.939999999999530e-06,298,1.324441364046652e-03,3.233709354247564e+02,1.000000000000000e+00,8.000000000000000e-01,2.000000000000000e-01,1.294122264959754e-05,-7.512982179781362e-05,1.666666666666667e+00,0.000000000000000e+00,2.999906708775882e+02,3.001655409089925e+02,3.000000000000000e+02,3.285716829407808e+02,3.000187444180668e+02,2,0.000000000000000e+00,0.000000000000000e+00
8.969999999999545e-06,299,1.325629469017488e-03,3.146900004446910e+02,1.000000000000000e+00,8.000000000000000e-01,2.000000000000000e-01,1.299122264959755e-05,-7.512982179781362e-05,1.666666666666667e+00,0.000000000000000e+00,2.999906446208676e+02,3.001666630829381e+02,3.000000000000000e+02,3.285917154949331e+02,3.000187680970308e+02,2,0.000000000000000e+00,0.000000000000000e+00
8.999999999999560e-06,300,1.326759904121473e-03,3.115231588340500e+02,1.000000000000000e+00,8.000000000000000e-01,2.000000000000000e-01,1.304122264959756e-05,-7.512982179781362e-05,1.666666666666667e+00,0.000000000000000e+00,2.999906183914154e+02,3.001677542376404e+02,3.000000000000000e+02,3.286110629378828e+02,3.000187904968216e+02,2,0.000000000000000e+00,0.000000000000000e+00
9.029999999999575e-06,301,1.327810198750799e-03,3.119792409721636e+02,1.000000000000000e+00,8.000000000000000e-01,2.000000000000000e-01,1.309122264959756e-05,-7.512982179781362e-05,1.666666666666667e+00,0.000000000000000e+00,2.999905921891792e+02,3.001689067092651e+02,3.000000000000000e+02,3.286294776166707e+02,3.000188113847436e+02,2,0.000000000000000e+00,0.000000000000000e+00
9.059999999999590e-06,302,1.328773233213262e-03,3.223044087908689e+02,1.000000000000000e+00,8.000000000000000e-01,2.000000000000000e-01,1.314122264959757e-05,-7.512982179781362e-05,1.666666666666667e+00,0.000000000000000e+00,2.999905660141065e+02,3.001702180671075e+02,3.000000000000000e+02,3.286469026814160e+02,3.000188307330706e+02,2,0.000000000000000e+00,0.000000000000000e+00
9.089999999999605e-06,303,1.329648418292578e-03,3.312414647142847e+02,1.000000000000000e+00,8.000000000000000e-01,2.000000000000000e-01,1.319122264959758e-05,-7.512982179781362e-05,1.666666666666667e+00,0.000000000000000e+00,2.999905398661454e+02,3.001716848533624e+02,3.000000000000000e+02,3.286633678424984e+02,3.000188486816020e+02,2,0.000000000000000e+00,0.000000000000000e+00
9.119999999999620e-06,304,1.330450250273590e-03,3.447433670363173e+02,1.000000000000000e+00,8.000000000000000e-01,2.000000000000000e-01,1.324122264959759e-05,-7.512982179781362e-05,1.666666666666667e+00,0.000000000000000e+00,2.999905137452430e+02,3.001733566103570e+02,3.000000000000000e+02,3.286790324418003e+02,3.000188654191132e+02,2,0.000000000000000e+00,0.000000000000000e+00
9.149999999999635e-06,305,1.331185638301473e-03,3.532351725512028e+02,1.000000000000000e+00,8.000000000000000e-01,2.000000000000000e-01,1.329122264959760e-05,-7.512982179781362e-05,1.666666666666667e+00,0.000000000000000e+00,2.999904876513478e+02,3.001751681869329e+02,3.000000000000000e+02,3.286939903904765e+02,3.000188811446540e+02,2,0.000000000000000e+00,0.000000000000000e+00
9.179999999999650e-06,306,1.331877848252332e-03,3.562370279991145e+02,1.000000000000000e+00,8.000000000000000e-01,2.000000000000000e-01,1.334122264959760e-05,-7.512982179781362e-05,1.666666666666667e+00,0.000000000000000e+00,2.999904615844078e+02,3.001769697147217e+02,3.000000000000000e+02,3.287083897469825e+02,3.000188960428640e+02,2,0.000000000000000e+00,0.000000000000000e+00
9.209999999999664e-06,307,1.332527651590301e-03,3.602599730983437e+02,1.000000000000000e+00,8.000000000000000e-01,2.000000000000000e-01,1.339122264959761e-05,-7.512982179781362e-05,1.666666666666667e+00,0.000000000000000e+00,2.999904355443716e+02,3.001788513162040e+02,3.000000000000000e+02,3.287222951881135e+02,3.000189101470867e+02,2,0.000000000000000e+00,0.000000000000000e+00
9.239999999999679e-06,308,1.333138715733034e-03,3.587981378090813e+02,1.000000000000000e+00,8.000000000000000e-01,2.000000000000000e-01,1.344122264959762e-05,-7.512982179781362e-05,1.666666666666667e+00,0.000000000000000e+00,2.999904095311873e+02,3.001807333222357e+02,3.000000000000000e+02,3.287355831263279e+02,3.000189234450675e+02,2,0.000000000000000e+00,0.000000000000000e+00
9.269999999999694e-06,309,1.333710033679572e-03,3.531027338940661e+02,1.000000000000000e+00,8.000000000000000e-01,2.000000000000000e-01,1.349122264959763e-05,-7.512982179781362e-05,1.666666666666667e+00,0.000000000000000e+00,2.999903835448030e+02,3.001825484898477e+02,3.000000000000000e+02,3.287481934717805e+02,3.000189359406772e+02,2,0.000000000000000e+00,0.000000000000000e+00
9.299999999999709e-06,310,1.334248966387369e-03,3.500089647517632e+02,1.000000000000000e+00,8.000000000000000e-01,2.000000000000000e-01,1.354122264959764e-05,-7.512982179781362e-05,1.666666666666667e+00,0.000000000000000e+00,2.999903575851678e+02,3.001842208766157e+02,3.000000000000000e+02,3.287601480218038e+02,3.000189477036829e+02,2,0.000000000000000e+00,0.000000000000000e+00
9.329999999999724e-06,311,1.334755060468896e-03,3.571002187690424e+02,1.000000000000000e+00,8.000000000000000e-01,2.000000000000000e-01,1.359122264959764e-05,-7.512982179781362e-05,1.666666666666667e+00,0.000000000000000e+00,2.999903316522302e+02,3.001859790288449e+02,3.000000000000000e+02,3.287715892739854e+02,3.000189588587223e+02,2,0.000000000000000e+00,0.000000000000000e+00
9.359999999999739e-06,312,1.335232520219659e-03,3.505043516812935e+02,1.000000000000000e+00,8.000000000000000e-01,2.000000000000000e-01,1.364122264959765e-05,-7.512982179781362e-05,1.666666666666667e+00,0.000000000000000e+00,2.999903057459395e+02,3.001875821806384e+02,3.000000000000000e+02,3.287825233025229e+02,3.000189695252569e+02,2,0.000000000000000e+00,0.000000000000000e+00
9.389999999999754e-06,313,1.335696850435815e-03,3.393449045164436e+02,1.000000000000000e+00,8.000000000000000e-01,2.000000000000000e-01,1.369122264959766e-05,-7.512982179781362e-05,1.666666666666667e+00,0.000000000000000e+00,2.999902798662440e+02,3.001889060076139e+02,3.000000000000000e+02,3.287931396634460e+02,3.000189798354092e+02,2,0.000000000000000e+00,0.000000000000000e+00
9.419999999999769e-06,314,1.336159823249230e-03,3.209805047899754e+02,1.000000000000000e+00,8.000000000000000e-01,2.000000000000000e-01,1.374122264959767e-05,-7.512982179781362e-05,1.666666666666667e+00,0.000000000000000e+00,2.999902540130931e+02,3.001898629219079e+02,3.000000000000000e+02,3.288035140636202e+02,3.000189898471896e+02,2,0.000000000000000e+00,0.000000000000000e+00
9.449999999999784e-06,315,1.336622416857844e-03,2.960323265170871e+02,1.000000000000000e+00,8.000000000000000e-01,2.000000000000000e-01,1.379122264959768e-05,-7.512982179781362e-05,1.666666666666667e+00,0.000000000000000e+00,2.999902281864364e+02,3.001903866824223e+02,3.000000000000000e+02,3.288136941985670e+02,3.000189995823813e+02,2,0.000000000000000e+00,0.000000000000000e+00
9.479999999999799e-06,316,1.337091994802739e-03,2.706110048174232e+02,1.000000000000000e+00,8.000000000000000e-01,2.000000000000000e-01,1.384122264959768e-05,-7.512982179781362e-05,1.666666666666667e+00,0.000000000000000e+00,2.999902023862234e+02,3.001904533244548e+02,3.000000000000000e+02,3.288237080565491e+02,3.000190090426183e+02,2,0.000000000000000e+00,0.000000000000000e+00
9.509999999999814e-06,317,1.337569635884529e-03,2.468796162664303e+02,1.000000000000000e+00,8.000000000000000e-01,2.000000000000000e-01,1.389122264959769e-05,-7.512982179781362e-05,1.666666666666667e+00,0.000000000000000e+00,2.999901766124032e+02,3.001900652032393e+02,3.000000000000000e+02,3.288335490785799e+02,3.000190182218089e+02,2,0.000000000000000e+00,0.000000000000000e+00
9.539999999999829e-06,318,1.338049917326167e-03,2.287502261154599e+02,1.000000000000000e+00,8.000000000000000e-01,2.000000000000000e-01,1.394122264959770e-05,-7.512982179781362e-05,1.666666666666667e+00,0.000000000000000e+00,2.999901508649254e+02,3.001893857101927e+02,3.000000000000000e+02,3.288432396601147e+02,3.000190271473626e+02,2,0.000000000000000e+00,0.000000000000000e+00
9.569999999999844e-06,319,1.338528820198383e-03,2.176085787622374e+02,1.000000000000000e+00,8.000000000000000e-01,2.000000000000000e-01,1.399122264959771e-05,-7.512982179781362e-05,1.666666666666667e+00,0.000000000000000e+00,2.999901251437402e+02,3.001885006310436e+02,3.000000000000000e+02,3.288528280397663e+02,3.000190358878720e+02,2,0.000000000000000e+00,0.000000000000000e+00
9.599999999999859e-06,320,1.339010660042354e-03,2.136387251135690e+02,1.000000000000000e+00,8.000000000000000e-01,2.000000000000000e-01,1.404122264959772e-05,-7.512982179781362e-05,1.666666666666667e+00,0.000000000000000e+00,2.999900994487971e+02,3.001874992103184e+02,3.000000000000000e+02,3.288624341780150e+02,3.000190445596526e+02,2,0.000000000000000e+00,0.000000000000000e+00
9.629999999999874e-06,321,1.339494424207691e-03,2.181450651631901e+02,1.000000000000000e+00,8.000000000000000e-01,2.000000000000000e-01,1.409122264959772e-05,-7.512982179781362e-05,1.666666666666667e+00,0.000000000000000e+00,2.999900737800465e+02,3.001865634391199e+02,3.000000000000000e+02,3.288722157124187e+02,3.000190532735272e+02,2,0.000000000000000e+00,0.000000000000000e+00
9.659999999999889e-06,322,1.339983744704598e-03,2.222427946782634e+02,1.000000000000000e+00,8.000000000000000e-01,2.000000000000000e-01,1.414122264959773e-05,-7.512982179781362e-05,1.666666666666667e+00,0.000000000000000e+00,2.999900481374385e+02,3.001857016077952e+02,3.000000000000000e+02,3.288822365263360e+02,3.000190620965289e+02,2,0.000000000000000e+00,0.000000000000000e+00
9.689999999999904e-06,323,1.340476214961171e-03,2.286550769645116e+02,1.000000000000000e+00,8.000000000000000e-01,2.000000000000000e-01,1.419122264959774e-05,-7.512982179781362e-05,1.666666666666667e+00,0.000000000000000e+00,2.999900225209233e+02,3.001850187818825e+02,3.000000000000000e+02,3.288925289207884e+02,3.000190710311879e+02,2,0.000000000000000e+00,0.000000000000000e+00
9.719999999999919e-06,324,1.340973517467241e-03,2.252566365221313e+02,1.000000000000000e+00,8.000000000000000e-01,2.000000000000000e-01,1.424122264959775e-05,-7.512982179781362e-05,1.666666666666667e+00,0.000000000000000e+00,2.999899969304513e+02,3.001843472699996e+02,3.000000000000000e+02,3.289029940928575e+02,3.000190800078137e+02,2,0.000000000000000e+00,0.000000000000000e+00
9.749999999999934e-06,325,1.341475912760643e-03,2.153002523223629e+02,1.000000000000000e+00,8.000000000000000e-01,2.000000000000000e-01,1.429122264959776e-05,-7.512982179781362e-05,1.666666666666667e+00,0.000000000000000e+00,2.999899713659731e+02,3.001836104051011e+02,3.000000000000000e+02,3.289135300206533e+02,3.000190889321289e+02,2,0.000000000000000e+00,0.000000000000000e+00
9.779999999999949e-06,326,1.341979447918940e-03,1.989098607458056e+02,1.000000000000000e+00,8.000000000000000e-01,2.000000000000000e-01,1.434122264959776e-05,-7.512982179781362e-05,1.666666666666667e+00,0.000000000000000e+00,2.999899458274394e+02,3.001826858817059e+02,3.000000000000000e+02,3.289239485779579e+02,3.000190977073711e+02,2,0.000000000000000e+00,0.000000000000000e+00
9.809999999999964e-06,327,1.342484587188459e-03,1.825183306198464e+02,1.000000000000000e+00,8.000000000000000e-01,2.000000000000000e-01,1.439122264959777e-05,-7.512982179781362e-05,1.666666666666667e+00,0.000000000000000e+00,2.999899203148008e+02,3.001814912287005e+02,3.000000000000000e+02,3.289342249855616e+02,3.000191063177393e+02,2,0.000000000000000e+00,0.000000000000000e+00
9.839999999999979e-06,328,1.342991975958758e-03,1.656484571974642e+02,1.000000000000000e+00,8.000000000000000e-01,2.000000000000000e-01,1.444122264959778e-05,-7.512982179781362e-05,1.666666666666667e+00,0.000000000000000e+00,2.999898948280082e+02,3.001800488604084e+02,3.000000000000000e+02,3.289443971989123e+02,3.000191147927862e+02,2,0.000000000000000e+00,0.000000000000000e+00
9.869999999999994e-06,329,1.343504525433507e-03,1.544940688879932e+02,1.000000000000000e+00,8.000000000000000e-01,2.000000000000000e-01,1.449122264959779e-05,-7.512982179781362e-05,1.666666666666667e+00,0.000000000000000e+00,2.999898693670128e+02,3.001784363606623e+02,3.000000000000000e+02,3.289545053324745e+02,3.000191231645569e+02,2,0.000000000000000e+00,0.000000000000000e+00
9.900000000000009e-06,330,1.344019199745785e-03,1.427367329716434e+02,1.000000000000000e+00,8.000000000000000e-01,2.000000000000000e-01,1.454122264959780e-05,-7.512982179781362e-05,1.666666666666667e+00,0.000000000000000e+00,2.999898439317658e+02,3.001766484044524e+02,3.000000000000000e+02,3.289646179356783e+02,3.000191314860944e+02,2,0.000000000000000e+00,0.000000000000000e+00
9.930000000000024e-06,331,1.344539056903073e-03,1.394507959040229e+02,1.000000000000000e+00,8.000000000000000e-01,2.000000000000000e-01,1.459122264959780e-05,-7.512982179781362e-05,1.666666666666667e+00,0.000000000000000e+00,2.999898185222183e+02,3.001748434598474e+02,3.000000000000000e+02,3.289747999241263e+02,3.000191397957896e+02,2,0.000000000000000e+00,0.000000000000000e+00
9.960000000000038e-06,332,1.345057531491024e-03,1.351869090193209e+02,1.000000000000000e+00,8.000000000000000e-01,2.000000000000000e-01,1.464122264959781e-05,-7.512982179781362e-05,1.666666666666667e+00,0.000000000000000e+00,2.999897931383219e+02,3.001730458879860e+02,3.000000000000000e+02,3.289850267936086e+02,3.000191480985577e+02,2,0.000000000000000e+00,0.000000000000000e+00
9.990000000000053e-06,333,1.345579202977327e-03,1.321210918109206e+02,1.000000000000000e+00,8.000000000000000e-01,2.000000000000000e-01,1.469122264959782e-05,-7.512982179781362e-05,1.666666666666667e+00,0.000000000000000e+00,2.999897677800281e+02,3.001712300810388e+02,3.000000000000000e+02,3.289953642162600e+02,3.000191564504761e+02,2,0.000000000000000e+00,0.000000000000000e+00
1.002000000000007e-05,334,1.346106574371328e-03,1.293535893024215e+02,1.000000000000000e+00,8.000000000000000e-01,2.000000000000000e-01,1.474122264959783e-05,-7.512982179781362e-05,1.666666666666667e+00,0.000000000000000e+00,2.999897424472883e+02,3.001694011440200e+02,3.000000000000000e+02,3.290059178022661e+02,3.000191649479264e+02,2,0.000000000000000e+00,0.000000000000000e+00
1.005000000000008e-05,335,1.346650237191872e-03,1.253343815079741e+02,1.000000000000000e+00,8.000000000000000e-01,2.000000000000000e-01,1.479122264959784e-05,-7.512982179781362e-05,1.666666666666667e+00,0.000000000000000e+00,2.999897171400543e+02,3.001681059707007e+02,3.000000000000000e+02,3.290168677507532e+02,3.000191737037032e+02,2,0.000000000000000e+00,0.000000000000000e+00
1.008000000000010e-05,336,1.347214292284073e-03,1.260643546150844e+02,1.000000000000000e+00,8.000000000000000e-01,2.000000000000000e-01,1.484122264959784e-05,-7.512982179781362e-05,1.666666666666667e+00,0.000000000000000e+00,2.999896918582781e+02,3.001672550986341e+02,3.000000000000000e+02,3.290284163641324e+02,3.000191828401228e+02,2,0.000000000000000e+00,0.000000000000000e+00
1.011000000000011e-05,337,1.347810810011586e-03,1.198768543617830e+02,1.000000000000000e+00,8.000000000000000e-01,2.000000000000000e-01,1.489122264959785e-05,-7.512982179781362e-05,1.666666666666667e+00,0.000000000000000e+00,2.999896666019120e+02,3.001663763120732e+02,3.000000000000000e+02,3.290406888959730e+02,3.000191924762776e+02,2,0.000000000000000e+00,0.000000000000000e+00
1.014000000000013e-05,338,1.348446321440322e-03,1.171846024934910e+02,1.000000000000000e+00,8.000000000000000e-01,2.000000000000000e-01,1.494122264959786e-05,-7.512982179781362e-05,1.666666666666667e+00,0.000000000000000e+00,2.999896413709076e+02,3.001654577208018e+02,3.000000000000000e+02,3.290538004161158e+02,3.000192026826055e+02,2,0.000000000000000e+00,0.000000000000000e+00
1.017000000000014e-05,339,1.349125707351470e-03,1.083642921212911e+02,1.000000000000000e+00,8.000000000000000e-01,2.000000000000000e-01,1.499122264959787e-05,-7.512982179781362e-05,1.666666666666667e+00,0.000000000000000e+00,2.999896161652174e+02,3.001644940858542e+02,3.000000000000000e+02,3.290677433717800e+02,3.000192135041309e+02,2,0.000000000000000e+00,0.000000000000000e+00
1.020000000000016e-05,340,1.349853585948768e-03,1.022739936763535e+02,1.000000000000000e+00,8.000000000000000e-01,2.000000000000000e-01,1.504122264959788e-05,-7.512982179781362e-05,1.666666666666667e+00,0.000000000000000e+00,2.999895909847939e+02,3.001634446173009e+02,3.000000000000000e+02,3.290825364057676e+02,3.000192249453285e+02,2,0.000000000000000e+00,0.000000000000000e+00
1.023000000000017e-05,341,1.350625325245043e-03,9.211586460395483e+01,1.000000000000000e+00,8.000000000000000e-01,2.000000000000000e-01,1.509122264959788e-05,-7.512982179781362e-05,1.666666666666667e+00,0.000000000000000e+00,2.999895658295893e+02,3.001623162652893e+02,3.000000000000000e+02,3.290980031532503e+02,3.000192369467653e+02,2,0.000000000000000e+00,0.000000000000000e+00
1.026000000000019e-05,342,1.351435520831901e-03,8.183327765493181e+01,1.000000000000000e+00,8.000000000000000e-01,2.000000000000000e-01,1.514122264959789e-05,-7.512982179781362e-05,1.666666666666667e+00,0.000000000000000e+00,2.999895406995564e+02,3.001610868194291e+02,3.000000000000000e+02,3.291140010818665e+02,3.000192494230527e+02,2,0.000000000000000e+00,0.000000000000000e+00
1.029000000000020e-05,343,1.352277382151523e-03,6.469600436953057e+01,1.000000000000000e+00,8.000000000000000e-01,2.000000000000000e-01,1.519122264959790e-05,-7.512982179781362e-05,1.666666666666667e+00,0.000000000000000e+00,2.999895155946477e+02,3.001597066286254e+02,3.000000000000000e+02,3.291303510698592e+02,3.000192622805364e+02,2,0.000000000000000e+00,0.000000000000000e+00
1.032000000000022e-05,344,1.353156786686307e-03,5.195797829115413e+01,1.000000000000000e+00,8.000000000000000e-01,2.000000000000000e-01,1.524122264959791e-05,-7.512982179781362e-05,1.666666666666667e+00,0.000000000000000e+00,2.999894905148163e+02,3.001580933166806e+02,3.000000000000000e+02,3.291470657629947e+02,3.000192755152920e+02,2,0.000000000000000e+00,0.000000000000000e+00
1.035000000000023e-05,345,1.354060859151023e-03,4.739991248619603e+01,1.000000000000000e+00,8.000000000000000e-01,2.000000000000000e-01,1.529122264959792e-05,-7.512982179781362e-05,1.666666666666667e+00,0.000000000000000e+00,2.999894654600150e+02,3.001562966727129e+02,3.000000000000000e+02,3.291642311191227e+02,3.000192891098966e+02,2,0.000000000000000e+00,0.000000000000000e+00
1.038000000000025e-05,346,1.354985651578329e-03,4.266965206064970e+01,1.000000000000000e+00,8.000000000000000e-01,2.000000000000000e-01,1.534122264959792e-05,-7.512982179781362e-05,1.666666666666667e+00,0.000000000000000e+00,2.999894404301965e+02,3.001543597748949e+02,3.000000000000000e+02,3.291818948536240e+02,3.000193031189026e+02,2,0.000000000000000e+00,0.000000000000000e+00
1.041000000000026e-05,347,1.355937341151583e-03,3.913683461512336e+01,1.000000000000000e+00,8.000000000000000e-01,2.000000000000000e-01,1.539122264959793e-05,-7.512982179781362e-05,1.666666666666667e+00,0.000000000000000e+00,2.999894154253148e+02,3.001522960663406e+02,3.000000000000000e+02,3.292001680531756e+02,3.000193176438329e+02,2,0.000000000000000e+00,0.000000000000000e+00
1.044000000000028e-05,348,1.356926074765026e-03,3.565947568477118e+01,1.000000000000000e+00,8.000000000000000e-01,2.000000000000000e-01,1.544122264959794e-05,-7.512982179781362e-05,1.666666666666667e+00,0.000000000000000e+00,2.999893904453228e+02,3.001501085344911e+02,3.000000000000000e+02,3.292192038627201e+02,3.000193328540319e+02,2,0.000000000000000e+00,0.000000000000000e+00
1.047000000000029e-05,349,1.357963313617376e-03,3.883846026246021e+01,1.000000000000000e+00,8.000000000000000e-01,2.000000000000000e-01,1.549122264959795e-05,-7.512982179781362e-05,1.666666666666667e+00,0.000000000000000e+00,2.999893654901738e+02,3.001478980402875e+02,3.000000000000000e+02,3.292391936143797e+02,3.000193489602320e+02,2,0.000000000000000e+00,0.000000000000000e+00
1.050000000000031e-05,350,1.359066275900575e-03,4.562912927477992e+01,1.000000000000000e+00,8.000000000000000e-01,2.000000000000000e-01,1.554122264959796e-05,-7.512982179781362e-05,1.666666666666667e+00,0.000000000000000e+00,2.999893405598217e+02,3.001459423466487e+02,3.000000000000000e+02,3.292604612871577e+02,3.000193663365536e+02,2,0.000000000000000e+00,0.000000000000000e+00
1.053000000000032e-05,351,1.360255128902900e-03,5.159673792834990e+01,1.000000000000000e+00,8.000000000000000e-01,2.000000000000000e-01,1.559122264959796e-05,-7.512982179781362e-05,1.666666666666667e+00,0.000000000000000e+00,2.999893156542196e+02,3.001442239643867e+02,3.000000000000000e+02,3.292831371964471e+02,3.000193852112030e+02,2,0.000000000000000e+00,0.000000000000000e+00
1.056000000000034e-05,352,1.361549511042486e-03,5.656233977449003e+01,1.000000000000000e+00,8.000000000000000e-01,2.000000000000000e-01,1.564122264959797e-05,-7.512982179781362e-05,1.666666666666667e+00,0.000000000000000e+00,2.999892907733216e+02,3.001426876409153e+02,3.000000000000000e+02,3.293074571562581e+02,3.000194059056717e+02,2,0.000000000000000e+00,0.000000000000000e+00
1.059000000000035e-05,353,1.362976084138931e-03,6.293654732964256e+01,1.000000000000000e+00,8.000000000000000e-01,2.000000000000000e-01,1.569122264959798e-05,-7.512982179781362e-05,1.666666666666667e+00,0.000000000000000e+00,2.999892659170814e+02,3.001413200583356e+02,3.000000000000000e+02,3.293338711880735e+02,3.000194288478154e+02,2,0.000000000000000e+00,0.000000000000000e+00
1.062000000000037e-05,354,1.364617712900573e-03,7.235651096566239e+01,1.000000000000000e+00,8.000000000000000e-01,2.000000000000000e-01,1.574122264959799e-05,-7.512982179781362e-05,1.666666666666667e+00,0.000000000000000e+00,2.999892410854532e+02,3.001401527043708e+02,3.000000000000000e+02,3.293640487713681e+02,3.000194550790131e+02,2,0.000000000000000e+00,0.000000000000000e+00
1.065000000000038e-05,355,1.366498353630815e-03,8.329749499423238e+01,1.000000000000000e+00,8.000000000000000e-01,2.000000000000000e-01,1.579122264959800e-05,-7.512982179781362e-05,1.666666666666667e+00,0.000000000000000e+00,2.999892162783909e+02,3.001392680088286e+02,3.000000000000000e+02,3.293973371045970e+02,3.000194849204337e+02,2,0.000000000000000e+00,0.000000000000000e+00
1.068000000000040e-05,356,1.368592747349702e-03,9.374477037489592e+01,1.000000000000000e+00,8.000000000000000e-01,2.000000000000000e-01,1.584122264959800e-05,-7.512982179781362e-05,1.666666666666667e+00,0.000000000000000e+00,2.999891914958488e+02,3.001387022833187e+02,3.000000000000000e+02,3.294338888322757e+02,3.000195183795767e+02,2,0.000000000000000e+00,0.000000000000000e+00
1.071000000000041e-05,357,1.370892712690697e-03,1.108434166392654e+02,1.000000000000000e+00,8.000000000000000e-01,2.000000000000000e-01,1.589122264959801e-05,-7.512982179781362e-05,1.666666666666667e+00,0.000000000000000e+00,2.999891667377814e+02,3.001393513354964e+02,3.000000000000000e+02,3.294731701034257e+02,3.000195555869402e+02,2,0.000000000000000e+00,0.000000000000000e+00
1.074000000000043e-05,358,1.373437667615099e-03,1.315614219482479e+02,1.000000000000000e+00,8.000000000000000e-01,2.000000000000000e-01,1.594122264959802e-05,-7.512982179781362e-05,1.666666666666667e+00,0.000000000000000e+00,2.999891420041429e+02,3.001407602231110e+02,3.000000000000000e+02,3.295155372889005e+02,3.000195973142099e+02,2,0.000000000000000e+00,0.000000000000000e+00
1.077000000000044e-05,359,1.376256236202766e-03,1.473760494397278e+02,1.000000000000000e+00,8.000000000000000e-01,2.000000000000000e-01,1.599122264959803e-05,-7.512982179781362e-05,1.666666666666667e+00,0.000000000000000e+00,2.999891172948880e+02,3.001424879491944e+02,3.000000000000000e+02,3.295609206065486e+02,3.000196441398163e+02,2,0.000000000000000e+00,0.000000000000000e+00
1.080000000000046e-05,360,1.379397941210548e-03,1.616069733681036e+02,1.000000000000000e+00,8.000000000000000e-01,2.000000000000000e-01,1.604122264959804e-05,-7.512982179781362e-05,1.666666666666667e+00,0.000000000000000e+00,2.999890926099713e+02,3.001444547293957e+02,3.000000000000000e+02,3.296093395192501e+02,3.000196969317772e+02,2,0.000000000000000e+00,0.000000000000000e+00
1.083000000000047e-05,361,1.382918044811924e-03,1.679053098401288e+02,1.000000000000000e+00,8.000000000000000e-01,2.000000000000000e-01,1.609122264959804e-05,-7.512982179781362e-05,1.666666666666667e+00,0.000000000000000e+00,2.999890679493475e+02,3.001465429566757e+02,3.000000000000000e+02,3.296606070546442e+02,3.000197562742834e+02,2,0.000000000000000e+00,0.000000000000000e+00
1.086000000000049e-05,362,1.386903224753325e-03,1.677048362617892e+02,1.000000000000000e+00,8.000000000000000e-01,2.000000000000000e-01,1.614122264959805e-05,-7.512982179781362e-05,1.666666666666667e+00,0.000000000000000e+00,2.999890433129717e+02,3.001486652237462e+02,3.000000000000000e+02,3.297145636205475e+02,3.000198234570716e+02,2,0.000000000000000e+00,0.000000000000000e+00
1.089000000000050e-05,363,1.391421496966713e-03,1.458107787525585e+02,1.000000000000000e+00,8.000000000000000e-01,2.000000000000000e-01,1.619122264959806e-05,-7.512982179781362e-05,1.666666666666667e+00,0.000000000000000e+00,2.999890187007989e+02,3.001503371189725e+02,3.000000000000000e+02,3.297700956795814e+02,3.000198990587806e+02,2,0.000000000000000e+00,0.000000000000000e+00
1.092000000000052e-05,364,1.396373548450924e-03,1.718655374145978e+02,1.000000000000000e+00,8.000000000000000e-01,2.000000000000000e-01,1.624122264959807e-05,-7.512982179781362e-05,1.666666666666667e+00,0.000000000000000e+00,2.999889941127842e+02,3.001521924637197e+02,3.000000000000000e+02,3.298256606112715e+02,3.000199820331958e+02,2,0.000000000000000e+00,0.000000000000000e+00
1.095000000000053e-05,365,1.401842091548190e-03,1.809554122631201e+02,1.000000000000000e+00,8.000000000000000e-01,2.000000000000000e-01,1.629122264959808e-05,-7.512982179781362e-05,1.666666666666667e+00,0.000000000000000e+00,2.999889695488825e+02,3.001541583069771e+02,3.000000000000000e+02,3.298842652846637e+02,3.000200734674858e+02,2,0.000000000000000e+00,0.000000000000000e+00
1.098000000000055e-05,366,1.407811048260477e-03,1.904273196650208e+02,1.000000000000000e+00,8.000000000000000e-01,2.000000000000000e-01,1.634122264959808e-05,-7.512982179781362e-05,1.666666666666667e+00,0.000000000000000e+00,2.999889450090494e+02,3.001561997671026e+02,3.000000000000000e+02,3.299453075005492e+02,3.000201739174240e+02,2,0.000000000000000e+00,0.000000000000000e+00
1.101000000000056e-05,367,1.414248462266719e-03,2.027696121398661e+02,1.000000000000000e+00,8.000000000000000e-01,2.000000000000000e-01,1.639122264959809e-05,-7.512982179781362e-05,1.666666666666667e+00,0.000000000000000e+00,2.999889204932401e+02,3.001583690981102e+02,3.000000000000000e+02,3.300087943387124e+02,3.000202833139998e+02,2,0.000000000000000e+00,0.000000000000000e+00
1.104000000000058e-05,368,1.421131863434983e-03,2.142990876337170e+02,1.000000000000000e+00,8.000000000000000e-01,2.000000000000000e-01,1.644122264959810e-05,-7.512982179781362e-05,1.666666666666667e+00,0.000000000000000e+00,2.999888960014101e+02,3.001606958920495e+02,3.000000000000000e+02,3.300745260893736e+02,3.000204015555739e+02,2,0.000000000000000e+00,0.000000000000000e+00
1.107000000000059e-05,369,1.428399848810748e-03,2.216838030980003e+02,1.000000000000000e+00,8.000000000000000e-01,2.000000000000000e-01,1.649122264959811e-05,-7.512982179781362e-05,1.666666666666667e+00,0.000000000000000e+00,2.999888715335156e+02,3.001632026941399e+02,3.000000000000000e+02,3.301420806756615e+02,3.000205279261423e+02,2,0.000000000000000e+00,0.000000000000000e+00
1.110000000000061e-05,370,1.436092205207829e-03,2.331048910953193e+02,1.000000000000000e+00,8.000000000000000e-01,2.000000000000000e-01,1.654122264959812e-05,-7.512982179781362e-05,1.666666666666667e+00,0.000000000000000e+00,2.999888470895120e+02,3.001658432093022e+02,3.000000000000000e+02,3.302116931480288e+02,3.000206636002155e+02,2,0.000000000000000e+00,0.000000000000000e+00
1.113000000000062e-05,371,1.444211372599624e-03,2.431424795577713e+02,1.000000000000000e+00,8.000000000000000e-01,2.000000000000000e-01,1.659122264959812e-05,-7.512982179781362e-05,1.666666666666667e+00,0.000000000000000e+00,2.999888226693550e+02,3.001686349490913e+02,3.000000000000000e+02,3.302834801068760e+02,3.000208089743923e+02,2,0.000000000000000e+00,0.000000000000000e+00
1.116000000000064e-05,372,1.452757461952055e-03,2.529499708928125e+02,1.000000000000000e+00,8.000000000000000e-01,2.000000000000000e-01,1.664122264959813e-05,-7.512982179781362e-05,1.666666666666667e+00,0.000000000000000e+00,2.999887982730010e+02,3.001714872192514e+02,3.000000000000000e+02,3.303573422930590e+02,3.000209646423728e+02,2,0.000000000000000e+00,0.000000000000000e+00
1.119000000000065e-05,373,1.461755811987293e-03,2.586597783136665e+02,1.000000000000000e+00,8.000000000000000e-01,2.000000000000000e-01,1.669122264959814e-05,-7.512982179781362e-05,1.666666666666667e+00,0.000000000000000e+00,2.999887739004059e+02,3.001743524055397e+02,3.000000000000000e+02,3.304335100847341e+02,3.000211319277255e+02,2,0.000000000000000e+00,0.000000000000000e+00
1.122000000000067e-05,374,1.471187670740416e-03,2.674881505738746e+02,1.000000000000000e+00,8.000000000000000e-01,2.000000000000000e-01,1.674122264959815e-05,-7.512982179781362e-05,1.666666666666667e+00,0.000000000000000e+00,2.999887495515259e+02,3.001772610022032e+02,3.000000000000000e+02,3.305118367995174e+02,3.000213102173993e+02,2,0.000000000000000e+00,0.000000000000000e+00
1.125000000000068e-05,375,1.481000731034165e-03,2.755777564150459e+02,1.000000000000000e+00,8.000000000000000e-01,2.000000000000000e-01,1.679122264959816e-05,-7.512982179781362e-05,1.666666666666667e+00,0.000000000000000e+00,2.999887252263171e+02,3.001801387218729e+02,3.000000000000000e+02,3.305917611770835e+02,3.000214984272442e+02,2,0.000000000000000e+00,0.000000000000000e+00
1.128000000000070e-05,376,1.491141809873918e-03,2.781979104291891e+02,1.000000000000000e+00,8.000000000000000e-01,2.000000000000000e-01,1.684122264959816e-05,-7.512982179781362e-05,1.666666666666667e+00,0.000000000000000e+00,2.999887009247362e+02,3.001829396909814e+02,3.000000000000000e+02,3.306729570786674e+02,3.000216956183166e+02,2,0.000000000000000e+00,0.000000000000000e+00
1.131000000000071e-05,377,1.501614197353113e-03,2.816898882068719e+02,1.000000000000000e+00,8.000000000000000e-01,2.000000000000000e-01,1.689122264959817e-05,-7.512982179781362e-05,1.666666666666667e+00,0.000000000000000e+00,2.999886766467396e+02,3.001856574601555e+02,3.000000000000000e+02,3.307552931850940e+02,3.000219018662381e+02,2,0.000000000000000e+00,0.000000000000000e+00
1.134000000000073e-05,378,1.512413262340668e-03,2.862023620693570e+02,1.000000000000000e+00,8.000000000000000e-01,2.000000000000000e-01,1.694122264959818e-05,-7.512982179781362e-05,1.666666666666667e+00,0.000000000000000e+00,2.999886523922840e+02,3.001882947885692e+02,3.000000000000000e+02,3.308386734948461e+02,3.000221171981613e+02,2,0.000000000000000e+00,0.000000000000000e+00
1.137000000000074e-05,379,1.523501600688409e-03,2.923658148493469e+02,1.000000000000000e+00,8.000000000000000e-01,2.000000000000000e-01,1.699122264959819e-05,-7.512982179781362e-05,1.666666666666667e+00,0.000000000000000e+00,2.999886281613259e+02,3.001909388156643e+02,3.000000000000000e+02,3.309229118445535e+02,3.000223408248222e+02,2,0.000000000000000e+00,0.000000000000000e+00
1.140000000000076e-05,380,1.534868276016510e-03,2.964657636068275e+02,1.000000000000000e+00,8.000000000000000e-01,2.000000000000000e-01,1.704122264959820e-05,-7.512982179781362e-05,1.666666666666667e+00,0.000000000000000e+00,2.999886039538225e+02,3.001935280263647e+02,3.000000000000000e+02,3.310078088534991e+02,3.000225728435964e+02,2,0.000000000000000e+00,0.000000000000000e+00
1.143000000000077e-05,381,1.546521007049873e-03,2.995961030753585e+02,1.000000000000000e+00,8.000000000000000e-01,2.000000000000000e-01,1.709122264959820e-05,-7.512982179781362e-05,1.666666666666667e+00,0.000000000000000e+00,2.999885797697303e+02,3.001960799591865e+02,3.000000000000000e+02,3.310934752789207e+02,3.000228130076003e+02,2,0.000000000000000e+00,0.000000000000000e+00
1.146000000000079e-05,382,1.558375464279980e-03,3.033160903180112e+02,1.000000000000000e+00,8.000000000000000e-01,2.000000000000000e-01,1.714122264959821e-05,-7.512982179781362e-05,1.666666666666667e+00,0.000000000000000e+00,2.999885556090067e+02,3.001986035900105e+02,3.000000000000000e+02,3.311794764409058e+02,3.000230594084725e+02,2,0.000000000000000e+00,0.000000000000000e+00
1.149000000000080e-05,383,1.570360625052203e-03,3.092729196808720e+02,1.000000000000000e+00,8.000000000000000e-01,2.000000000000000e-01,1.719122264959822e-05,-7.512982179781362e-05,1.666666666666667e+00,0.000000000000000e+00,2.999885314716086e+02,3.002010967254445e+02,3.000000000000000e+02,3.312651662599299e+02,3.000233103370831e+02,2,0.000000000000000e+00,0.000000000000000e+00
1.152000000000082e-05,384,1.582518211886632e-03,3.139882599372269e+02,1.000000000000000e+00,8.000000000000000e-01,2.000000000000000e-01,1.724122264959823e-05,-7.512982179781362e-05,1.666666666666667e+00,0.000000000000000e+00,2.999885073574933e+02,3.002035716397069e+02,3.000000000000000e+02,3.313496713741494e+02,3.000235655058359e+02,2,0.000000000000000e+00,0.000000000000000e+00
1.155000000000083e-05,385,1.594791984717095e-03,3.146703994815159e+02,1.000000000000000e+00,8.000000000000000e-01,2.000000000000000e-01,1.729122264959824e-05,-7.512982179781362e-05,1.666666666666667e+00,0.000000000000000e+00,2.999884832666184e+02,3.002059436380857e+02,3.000000000000000e+02,3.314328255997981e+02,3.000238233960220e+02,2,0.000000000000000e+00,0.000000000000000e+00
1.158000000000085e-05,386,1.607081446603224e-03,3.158285243529707e+02,1.000000000000000e+00,8.000000000000000e-01,2.000000000000000e-01,1.734122264959824e-05,-7.512982179781362e-05,1.666666666666667e+00,0.000000000000000e+00,2.999884591989409e+02,3.002081969383707e+02,3.000000000000000e+02,3.315143441543102e+02,3.000240826632394e+02,2,0.000000000000000e+00,0.000000000000000e+00
1.161000000000086e-05,387,1.619362556936340e-03,3.128760729999583e+02,1.000000000000000e+00,8.000000000000000e-01,2.000000000000000e-01,1.739122264959825e-05,-7.512982179781362e-05,1.666666666666667e+00,0.000000000000000e+00,2.999884351544191e+02,3.002103764525925e+02,3.000000000000000e+02,3.315942058155151e+02,3.000243430620617e+02,2,0.000000000000000e+00,0.000000000000000e+00
1.164000000000088e-05,388,1.631671124522260e-03,3.134040664753228e+02,1.000000000000000e+00,8.000000000000000e-01,2.000000000000000e-01,1.744122264959826e-05,-7.512982179781362e-05,1.666666666666667e+00,0.000000000000000e+00,2.999884111330096e+02,3.002124741583650e+02,3.000000000000000e+02,3.316728025048104e+02,3.000246053010545e+02,2,0.000000000000000e+00,0.000000000000000e+00
1.167000000000089e-05,389,1.644034806111990e-03,3.136480083008714e+02,1.000000000000000e+00,8.000000000000000e-01,2.000000000000000e-01,1.749122264959827e-05,-7.512982179781362e-05,1.666666666666667e+00,0.000000000000000e+00,2.999883871346709e+02,3.002144923849624e+02,3.000000000000000e+02,3.317503802857836e+02,3.000248699391496e+02,2,0.000000000000000e+00,0.000000000000000e+00
1.170000000000091e-05,390,1.656583387796420e-03,3.161197532912172e+02,1.000000000000000e+00,8.000000000000000e-01,2.000000000000000e-01,1.754122264959828e-05,-7.512982179781362e-05,1.666666666666667e+00,0.000000000000000e+00,2.999883631593608e+02,3.002164418309058e+02,3.000000000000000e+02,3.318277904231254e+02,3.000251397314490e+02,2,0.000000000000000e+00,0.000000000000000e+00
1.173000000000092e-05,391,1.669439190442679e-03,3.193871012791953e+02,1.000000000000000e+00,8.000000000000000e-01,2.000000000000000e-01,1.759122264959828e-05,-7.512982179781362e-05,1.666666666666667e+00,0.000000000000000e+00,2.999883392070371e+02,3.002183529273781e+02,3.000000000000000e+02,3.319057011243258e+02,3.000254172235869e+02,2,0.000000000000000e+00,0.000000000000000e+00
1.176000000000094e-05,392,1.682652761320586e-03,3.262061326809119e+02,1.000000000000000e+00,8.000000000000000e-01,2.000000000000000e-01,1.764122264959829e-05,-7.512982179781362e-05,1.666666666666667e+00,0.000000000000000e+00,2.999883152776575e+02,3.002203161928355e+02,3.000000000000000e+02,3.319846625018348e+02,3.000257033699696e+02,2,0.000000000000000e+00,0.000000000000000e+00
1.179000000000095e-05,393,1.696245748808087e-03,3.316415413311436e+02,1.000000000000000e+00,8.000000000000000e-01,2.000000000000000e-01,1.769122264959830e-05,-7.512982179781362e-05,1.666666666666667e+00,0.000000000000000e+00,2.999882913711809e+02,3.002222712421316e+02,3.000000000000000e+02,3.320648755257465e+02,3.000259986554044e+02,2,0.000000000000000e+00,0.000000000000000e+00
1.182000000000097e-05,394,1.710263793085029e-03,3.398578930057794e+02,1.000000000000000e+00,8.000000000000000e-01,2.000000000000000e-01,1.774122264959831e-05,-7.512982179781362e-05,1.666666666666667e+00,0.000000000000000e+00,2.999882674875653e+02,3.002242535839793e+02,3.000000000000000e+02,3.321467358240447e+02,3.000263041290221e+02,2,0.000000000000000e+00,0.000000000000000e+00
1.185000000000098e-05,395,1.724739553216560e-03,3.453816783352825e+02,1.000000000000000e+00,8.000000000000000e-01,2.000000000000000e-01,1.779122264959832e-05,-7.512982179781362e-05,1.666666666666667e+00,0.000000000000000e+00,2.999882436267692e+02,3.002262498574138e+02,3.000000000000000e+02,3.322302562548674e+02,3.000266205058429e+02,2,0.000000000000000e+00,0.000000000000000e+00
1.188000000000100e-05,396,1.739637894994541e-03,3.491421860797079e+02,1.000000000000000e+00,8.000000000000000e-01,2.000000000000000e-01,1.784122264959832e-05,-7.512982179781362e-05,1.666666666666667e+00,0.000000000000000e+00,2.999882197887508e+02,3.002283053342138e+02,3.000000000000000e+02,3.323155138085958e+02,3.000269471583523e+02,2,0.000000000000000e+00,0.000000000000000e+00
1.191000000000101e-05,397,1.754952251017094e-03,3.579331823989207e+02,1.000000000000000e+00,8.000000000000000e-01,2.000000000000000e-01,1.789122264959833e-05,-7.512982179781362e-05,1.666666666666667e+00,0.000000000000000e+00,2.999881959734682e+02,3.002303936088809e+02,3.000000000000000e+02,3.324022778734364e+02,3.000272838462679e+02,2,0.000000000000000e+00,0.000000000000000e+00
1.194000000000103e-05,398,1.770563676317709e-03,3.611871266081465e+02,1.000000000000000e+00,8.000000000000000e-01,2.000000000000000e-01,1.794122264959834e-05,-7.512982179781362e-05,1.666666666666667e+00,0.000000000000000e+00,2.999881721808813e+02,3.002324867686536e+02,3.000000000000000e+02,3.324897714373320e+02,3.000276279967164e+02,2,0.000000000000000e+00,0.000000000000000e+00
1.197000000000104e-05,399,1.786406442037702e-03,3.627789809307766e+02,1.000000000000000e+00,8.000000000000000e-01,2.000000000000000e-01,1.799122264959835e-05,-7.512982179781362e-05,1.666666666666667e+00,0.000000000000000e+00,2.999881484109482e+02,3.002345145897806e+02,3.000000000000000e+02,3.325775523409755e+02,3.000279784190070e+02,2,0.000000000000000e+00,0.000000000000000e+00
