time,step,P_cond_W,P_fric_W,scale,frac_wp,frac_tool,tool_pos_x,tool_pos_y,tool_vel_x,tool_vel_y,tool_Tmin,tool_Tmax,wp_Tmin,wp_Tmax,wp_Tavg,contact_iters,rel_force,rel_power
0.000000000000000e+00,0,0.000000000000000e+00,0.000000000000000e+00,1.000000000000000e+00,0.000000000000000e+00,0.000000000000000e+00,-1.958777350403768e-06,-7.512982179781362e-05,1.666666666666667e+00,0.000000000000000e+00,3.000000000000000e+02,3.000000000000000e+02,3.000000000000000e+02,3.000000000000000e+02,3.000000000000000e+02,0,0.000000000000000e+00,0.000000000000000e+00
9.999999999999989e-08,1,6.248042721321102e-08,8.331708122268279e+01,1.000000000000000e+00,8.000000000000000e-01,2.000000000000000e-01,-1.792110683737102e-06,-7.512982179781362e-05,1.666666666666667e+00,0.000000000000000e+00,2.981500000000000e+02,3.000077063591464e+02,3.000000000000000e+02,3.000081665931718e+02,3.000000021777391e+02,2,0.000000000000000e+00,0.000000000000000e+00
1.999999999999995e-07,2,1.499011851972764e-07,9.296095740422497e+01,1.000000000000000e+00,8.000000000000000e-01,2.000000000000000e-01,-1.625444017070430e-06,-7.512982179781362e-05,1.666666666666667e+00,0.000000000000000e+00,2.981500000000000e+02,3.000161869012562e+02,3.000000000000000e+02,3.000179521549628e+02,3.000000047885741e+02,2,0.000000000000000e+00,0.000000000000000e+00
3.000000000000007e-07,3,2.520226437736769e-07,7.596975370983674e+01,1.000000000000000e+00,8.000000000000000e-01,2.000000000000000e-01,-1.458777350403758e-06,-7.512982179781362e-05,1.666666666666667e+00,0.000000000000000e+00,2.981500000000000e+02,3.000238849399913e+02,3.000000000000000e+02,3.000277896677484e+02,3.000000074148514e+02,2,0.000000000000000e+00,0.000000000000000e+00
4.000000000000029e-07,4,3.518400218526387e-07,6.281567884900560e+01,1.000000000000000e+00,8.000000000000000e-01,2.000000000000000e-01,-1.292110683737086e-06,-7.512982179781362e-05,1.666666666666667e+00,0.000000000000000e+00,2.981500000000000e+02,3.000284503731278e+02,3.000000000000000e+02,3.000352031468207e+02,3.000000093962435e+02,2,0.000000000000000e+00,0.000000000000000e+00
5.000000000000039e-07,5,5.468692995135796e-07,6.894324722801645e+01,1.000000000000000e+00,8.000000000000000e-01,2.000000000000000e-01,-1.125444017070414e-06,-7.512982179781362e-05,1.666666666666667e+00,0.000000000000000e+00,2.981500000000000e+02,3.000330948362794e+02,3.000000000000000e+02,3.000463938196160e+02,3.000000123858625e+02,2,0.000000000000000e+00,0.000000000000000e+00
6.000000000000008e-07,6,1.011845775285562e-05,1.398826254508520e+02,1.000000000000000e+00,8.000000000000000e-01,2.000000000000000e-01,-9.587773504037415e-07,-7.512982179781362e-05,1.666666666666667e+00,0.000000000000000e+00,2.981500000000000e+02,3.000409260980034e+02,3.000000000000000e+02,3.004058545453929e+02,3.000001082415894e+02,2,0.000000000000000e+00,0.000000000000000e+00
6.999999999999977e-07,7,3.558978565866866e-05,1.707721348700874e+02,1.000000000000000e+00,8.000000000000000e-01,2.000000000000000e-01,-7.921106837370796e-07,-7.512982179781362e-05,1.666666666666667e+00,0.000000000000000e+00,2.981500000000000e+02,3.000551756657928e+02,3.000000000000000e+02,3.013425992487229e+02,3.000003581069654e+02,2,0.000000000000000e+00,0.000000000000000e+00
7.999999999999947e-07,8,6.579749459655736e-05,1.683639498427133e+02,1.000000000000000e+00,8.000000000000000e-01,2.000000000000000e-01,-6.254440170704181e-07,-7.512982179781362e-05,1.666666666666667e+00,0.000000000000000e+00,2.981500000000000e+02,3.000691752390148e+02,3.000000000000000e+02,3.024498298827313e+02,3.000006535878730e+02,2,0.000000000000000e+00,0.000000000000000e+00
8.999999999999916e-07,9,9.610107641584569e-05,1.621556437789839e+02,1.000000000000000e+00,8.000000000000000e-01,2.000000000000000e-01,-4.587773504037559e-07,-7.512982179781362e-05,1.666666666666667e+00,0.000000000000000e+00,2.981500000000000e+02,3.000811573353186e+02,3.000000000000000e+02,3.035584521363992e+02,3.000009496180670e+02,2,0.000000000000000e+00,0.000000000000000e+00
9.999999999999934e-07,10,1.244213727292398e-04,1.767019626453494e+02,1.000000000000000e+00,8.000000000000000e-01,2.000000000000000e-01,-2.921106837370891e-07,-7.512982179781362e-05,1.666666666666667e+00,0.000000000000000e+00,2.981500000000000e+02,3.000928420334686e+02,3.000000000000000e+02,3.045968408170412e+02,3.000012271207824e+02,2,0.000000000000000e+00,0.000000000000000e+00
1.100000000000001e-06,11,1.533710856317239e-04,1.827143657564352e+02,1.000000000000000e+00,8.000000000000000e-01,2.000000000000000e-01,-1.254440170704223e-07,-7.512982179781362e-05,1.666666666666667e+00,0.000000000000000e+00,2.981500000000000e+02,3.001058518335441e+02,3.000000000000000e+02,3.056607603946623e+02,3.000015125065958e+02,2,0.000000000000000e+00,0.000000000000000e+00
1.200000000000008e-06,12,1.846257549306497e-04,1.881326549933177e+02,1.000000000000000e+00,8.000000000000000e-01,2.000000000000000e-01,4.122264959624453e-08,-7.512982179781362e-05,1.666666666666667e+00,0.000000000000000e+00,2.981500000000000e+02,3.001172813373642e+02,3.000000000000000e+02,3.068090894466403e+02,3.000018376589384e+02,2,0.000000000000000e+00,0.000000000000000e+00
1.300000000000016e-06,13,2.207468484122125e-04,2.443762842967497e+02,1.000000000000000e+00,8.000000000000000e-01,2.000000000000000e-01,2.078893162629113e-07,-7.512982179781362e-05,1.666666666666667e+00,0.000000000000000e+00,2.981500000000000e+02,3.001320944630829e+02,3.000000000000000e+02,3.081392391243636e+02,3.000022680403412e+02,2,0.000000000000000e+00,0.000000000000000e+00
1.400000000000023e-06,14,2.619528768766686e-04,2.532315521289358e+02,1.000000000000000e+00,8.000000000000000e-01,2.000000000000000e-01,3.745559829295782e-07,-7.512982179781362e-05,1.666666666666667e+00,0.000000000000000e+00,2.981500000000000e+02,3.001491335816990e+02,3.000000000000000e+02,3.093265122724629e+02,3.000027978185477e+02,2,0.000000000000000e+00,0.000000000000000e+00
1.500000000000031e-06,15,3.022272611741068e-04,2.350337513904597e+02,1.000000000000000e+00,8.000000000000000e-01,2.000000000000000e-01,5.412226495962430e-07,-7.512982179781362e-05,1.666666666666667e+00,0.000000000000000e+00,2.981500000000000e+02,3.001620816984823e+02,3.000000000000000e+02,3.102101052167993e+02,3.000033098943842e+02,2,0.000000000000000e+00,0.000000000000000e+00
1.600000000000038e-06,16,3.385446563477125e-04,2.099020497876535e+02,1.000000000000000e+00,8.000000000000000e-01,2.000000000000000e-01,7.078893162629045e-07,-7.512982179781362e-05,1.666666666666667e+00,0.000000000000000e+00,2.981500000000000e+02,3.001717300336775e+02,3.000000000000000e+02,3.109700664185178e+02,3.000037733263296e+02,2,0.000000000000000e+00,0.000000000000000e+00
1.700000000000046e-06,17,3.767811815111921e-04,1.956539544221365e+02,1.000000000000000e+00,8.000000000000000e-01,2.000000000000000e-01,8.745559829295661e-07,-7.512982179781362e-05,1.666666666666667e+00,0.000000000000000e+00,2.981500000000000e+02,3.001788001188918e+02,3.000000000000000e+02,3.117443232514782e+02,3.000042607657486e+02,2,0.000000000000000e+00,0.000000000000000e+00
1.800000000000053e-06,18,4.213490398037151e-04,2.451111393304500e+02,1.000000000000000e+00,8.000000000000000e-01,2.000000000000000e-01,1.041222649596233e-06,-7.512982179781362e-05,1.666666666666667e+00,0.000000000000000e+00,2.981500000000000e+02,3.001878164718157e+02,3.000000000000000e+02,3.126235548024242e+02,3.000048308655666e+02,2,0.000000000000000e+00,0.000000000000000e+00
1.900000000000061e-06,19,4.750441491938800e-04,3.374032998401921e+02,1.000000000000000e+00,8.000000000000000e-01,2.000000000000000e-01,1.207889316262905e-06,-7.512982179781362e-05,1.666666666666667e+00,0.000000000000000e+00,2.981500000000000e+02,3.002068669218827e+02,3.000000000000000e+02,3.136769725933968e+02,3.000055185174501e+02,2,0.000000000000000e+00,0.000000000000000e+00
2.000000000000069e-06,20,5.328465294993776e-04,3.544342255972010e+02,1.000000000000000e+00,8.000000000000000e-01,2.000000000000000e-01,1.374555982929578e-06,-7.512982179781362e-05,1.666666666666667e+00,0.000000000000000e+00,2.981500000000000e+02,3.002302335485974e+02,3.000000000000000e+02,3.148023545145049e+02,3.000062616050930e+02,2,0.000000000000000e+00,0.000000000000000e+00
2.100000000000076e-06,21,5.974552508235725e-04,3.701344878969877e+02,1.000000000000000e+00,8.000000000000000e-01,2.000000000000000e-01,1.541222649596250e-06,-7.512982179781362e-05,1.666666666666667e+00,0.000000000000000e+00,2.981500000000000e+02,3.002555339577749e+02,3.000000000000000e+02,3.160469110274420e+02,3.000070906655503e+02,2,0.000000000000000e+00,0.000000000000000e+00
2.200000000000084e-06,22,6.607575512911494e-04,2.876969647956028e+02,1.000000000000000e+00,8.000000000000000e-01,2.000000000000000e-01,1.707889316262922e-06,-7.512982179781362e-05,1.666666666666667e+00,0.000000000000000e+00,2.981500000000000e+02,3.002734955527520e+02,3.000000000000000e+02,3.172556753506445e+02,3.000079145190738e+02,2,0.000000000000000e+00,0.000000000000000e+00
2.300000000000091e-06,23,7.150022612368231e-04,2.968813217286232e+02,1.000000000000000e+00,8.000000000000000e-01,2.000000000000000e-01,1.874555982929594e-06,-7.512982179781362e-05,1.666666666666667e+00,0.000000000000000e+00,2.981500000000000e+02,3.002808844396633e+02,3.000000000000000e+02,3.182664306108577e+02,3.000086763094781e+02,2,0.000000000000000e+00,0.000000000000000e+00
2.400000000000099e-06,24,7.691247221648214e-04,3.638273949985611e+02,1.000000000000000e+00,8.000000000000000e-01,2.000000000000000e-01,2.041222649596249e-06,-7.512982179781362e-05,1.666666666666667e+00,0.000000000000000e+00,2.981500000000000e+02,3.002935988897722e+02,3.000000000000000e+02,3.192497916132506e+02,3.000095132666077e+02,2,0.000000000000000e+00,0.000000000000000e+00
2.500000000000106e-06,25,8.297352581533179e-04,3.638846214842241e+02,1.000000000000000e+00,8.000000000000000e-01,2.000000000000000e-01,2.207889316262900e-06,-7.512982179781362e-05,1.666666666666667e+00,0.000000000000000e+00,2.981500000000000e+02,3.003083665652944e+02,3.000000000000000e+02,3.203229173223175e+02,3.000104982207490e+02,2,0.000000000000000e+00,0.000000000000000e+00
2.600000000000114e-06,26,9.004252797205361e-04,3.048244688588072e+02,1.000000000000000e+00,8.000000000000000e-01,2.000000000000000e-01,2.374555982929551e-06,-7.512982179781362e-05,1.666666666666667e+00,0.000000000000000e+00,2.981500000000000e+02,3.003240809134459e+02,3.000000000000000e+02,3.215454528152520e+02,3.000116747356695e+02,2,0.000000000000000e+00,0.000000000000000e+00
2.700000000000121e-06,27,9.501309199905709e-04,3.119094129594670e+02,1.000000000000000e+00,8.000000000000000e-01,2.000000000000000e-01,2.541222649596202e-06,-7.512982179781362e-05,1.666666666666667e+00,0.000000000000000e+00,2.981500000000000e+02,3.003250620808317e+02,3.000000000000000e+02,3.223841731479037e+02,3.000125606609628e+02,2,0.000000000000000e+00,0.000000000000000e+00
2.800000000000129e-06,28,9.843864625567599e-04,3.011859612398868e+02,1.000000000000000e+00,8.000000000000000e-01,2.000000000000000e-01,2.707889316262853e-06,-7.512982179781362e-05,1.666666666666667e+00,0.000000000000000e+00,2.981500000000000e+02,3.003207912205038e+02,3.000000000000000e+02,3.229416255889720e+02,3.000132055475779e+02,2,0.000000000000000e+00,0.000000000000000e+00
2.900000000000136e-06,29,1.011861972937746e-03,2.143999864899457e+02,1.000000000000000e+00,8.000000000000000e-01,2.000000000000000e-01,2.874555982929504e-06,-7.512982179781362e-05,1.666666666666667e+00,0.000000000000000e+00,2.981500000000000e+02,3.003104076608720e+02,3.000000000000000e+02,3.233518893374960e+02,3.000137217759190e+02,2,0.000000000000000e+00,0.000000000000000e+00
3.000000000000144e-06,30,1.045845973868883e-03,2.384055250904849e+02,1.000000000000000e+00,8.000000000000000e-01,2.000000000000000e-01,3.041222649596155e-06,-7.512982179781362e-05,1.666666666666667e+00,0.000000000000000e+00,2.981500000000000e+02,3.002998291340962e+02,3.000000000000000e+02,3.237344925967266e+02,3.000143122226046e+02,2,0.000000000000000e+00,0.000000000000000e+00
3.100000000000151e-06,31,1.098066405717637e-03,3.288638066202761e+02,1.000000000000000e+00,8.000000000000000e-01,2.000000000000000e-01,3.207889316262806e-06,-7.512982179781362e-05,1.666666666666667e+00,0.000000000000000e+00,2.981500000000000e+02,3.002961667605481e+02,3.000000000000000e+02,3.242069163644384e+02,3.000151934488351e+02,2,0.000000000000000e+00,0.000000000000000e+00
3.200000000000159e-06,32,1.167260418570991e-03,4.967233756136147e+02,1.000000000000000e+00,8.000000000000000e-01,2.000000000000000e-01,3.374555982929456e-06,-7.512982179781362e-05,1.666666666666667e+00,0.000000000000000e+00,2.981500000000000e+02,3.003067080500863e+02,3.000000000000000e+02,3.247889708707049e+02,3.000163932458310e+02,2,0.000000000000000e+00,0.000000000000000e+00
3.300000000000166e-06,33,1.244877580193904e-03,5.498624273745750e+02,1.000000000000000e+00,8.000000000000000e-01,2.000000000000000e-01,3.541222649596107e-06,-7.512982179781362e-05,1.666666666666667e+00,0.000000000000000e+00,2.981500000000000e+02,3.003229681757128e+02,3.000000000000000e+02,3.253867590379421e+02,3.000178473946455e+02,2,0.000000000000000e+00,0.000000000000000e+00
3.400000000000174e-06,34,1.330519678560535e-03,5.760934797415033e+02,1.000000000000000e+00,8.000000000000000e-01,2.000000000000000e-01,3.707889316262758e-06,-7.512982179781362e-05,1.666666666666667e+00,0.000000000000000e+00,2.981500000000000e+02,3.003357019961976e+02,3.000000000000000e+02,3.259585403220026e+02,3.000195626446667e+02,2,0.000000000000000e+00,0.000000000000000e+00
3.500000000000181e-06,35,1.413053420568380e-03,5.107588894443191e+02,1.000000000000000e+00,8.000000000000000e-01,2.000000000000000e-01,3.874555982929425e-06,-7.512982179781362e-05,1.666666666666667e+00,0.000000000000000e+00,2.981500000000000e+02,3.003421034241474e+02,3.000000000000000e+02,3.264579890171775e+02,3.000212687687942e+02,2,0.000000000000000e+00,0.000000000000000e+00
3.600000000000189e-06,36,1.488492836783706e-03,5.829739878270275e+02,1.000000000000000e+00,8.000000000000000e-01,2.000000000000000e-01,4.041222649596118e-06,-7.512982179781362e-05,1.666666666666667e+00,0.000000000000000e+00,2.981500000000000e+02,3.003457247890815e+02,3.000000000000000e+02,3.268775129040980e+02,3.000228797360056e+02,2,0.000000000000000e+00,0.000000000000000e+00
3.700000000000196e-06,37,1.568600065819331e-03,7.473167471074380e+02,1.000000000000000e+00,8.000000000000000e-01,2.000000000000000e-01,4.207889316262811e-06,-7.512982179781362e-05,1.666666666666667e+00,0.000000000000000e+00,2.981500000000000e+02,3.003579962381165e+02,3.000000000000000e+02,3.273047272240070e+02,3.000246461426032e+02,2,0.000000000000000e+00,0.000000000000000e+00
3.800000000000204e-06,38,1.662608935081495e-03,8.833316290199182e+02,1.000000000000000e+00,8.000000000000000e-01,2.000000000000000e-01,4.374555982929505e-06,-7.512982179781362e-05,1.666666666666667e+00,0.000000000000000e+00,2.981500000000000e+02,3.003751247768516e+02,3.000000000000000e+02,3.277858620050047e+02,3.000267769683820e+02,2,0.000000000000000e+00,0.000000000000000e+00
3.900000000000175e-06,39,1.775076029232030e-03,1.086844827429811e+03,1.000000000000000e+00,8.000000000000000e-01,2.000000000000000e-01,4.541222649596198e-06,-7.512982179781362e-05,1.666666666666667e+00,0.000000000000000e+00,2.981500000000000e+02,3.003948723948049e+02,3.000000000000000e+02,3.283353309485069e+02,3.000293705155126e+02,2,0.000000000000000e+00,0.000000000000000e+00
4.000000000000140e-06,40,1.867263024365046e-03,7.336384392733721e+02,1.000000000000000e+00,8.000000000000000e-01,2.000000000000000e-01,4.707889316262891e-06,-7.512982179781362e-05,1.666666666666667e+00,0.000000000000000e+00,2.981500000000000e+02,3.004067201015187e+02,3.000000000000000e+02,3.287994905779524e+02,3.000315754826827e+02,2,0.000000000000000e+00,0.000000000000000e+00
4.100000000000106e-06,41,1.923858778855774e-03,5.898287246428113e+02,1.000000000000000e+00,8.000000000000000e-01,2.000000000000000e-01,4.874555982929584e-06,-7.512982179781362e-05,1.666666666666667e+00,0.000000000000000e+00,2.981500000000000e+02,3.004030926289182e+02,3.000000000000000e+02,3.290645537343037e+02,3.000330000160192e+02,2,0.000000000000000e+00,0.000000000000000e+00
4.200000000000071e-06,42,1.967189835976370e-03,4.286730794396275e+02,1.000000000000000e+00,8.000000000000000e-01,2.000000000000000e-01,5.041222649596278e-06,-7.512982179781362e-05,1.666666666666667e+00,0.000000000000000e+00,2.981500000000000e+02,3.003992367910633e+02,3.000000000000000e+02,3.295231269020563e+02,3.000341617807801e+02,2,0.000000000000000e+00,0.000000000000000e+00
4.300000000000036e-06,43,2.011471744516652e-03,3.829245863470338e+02,1.000000000000000e+00,8.000000000000000e-01,2.000000000000000e-01,5.207889316262971e-06,-7.512982179781362e-05,1.666666666666667e+00,0.000000000000000e+00,2.981500000000000e+02,3.003901367082245e+02,3.000000000000000e+02,3.302564562026513e+02,3.000354251656020e+02,2,0.000000000000000e+00,0.000000000000000e+00
4.400000000000001e-06,44,2.064695477485851e-03,5.164039500378466e+02,1.000000000000000e+00,8.000000000000000e-01,2.000000000000000e-01,5.374555982929664e-06,-7.512982179781362e-05,1.666666666666667e+00,0.000000000000000e+00,2.981500000000000e+02,3.003858650357582e+02,3.000000000000000e+02,3.311160324269169e+02,3.000370765922110e+02,2,0.000000000000000e+00,0.000000000000000e+00
4.499999999999966e-06,45,2.132661883934480e-03,6.571876654778301e+02,1.000000000000000e+00,8.000000000000000e-01,2.000000000000000e-01,5.541222649596358e-06,-7.512982179781362e-05,1.666666666666667e+00,0.000000000000000e+00,2.981500000000000e+02,3.003890716151064e+02,3.000000000000000e+02,3.319781304031730e+02,3.000391004072247e+02,2,0.000000000000000e+00,0.000000000000000e+00
4.599999999999931e-06,46,2.211948879318202e-03,5.979412341062671e+02,1.000000000000000e+00,8.000000000000000e-01,2.000000000000000e-01,5.707889316263051e-06,-7.512982179781362e-05,1.666666666666667e+00,0.000000000000000e+00,2.981500000000000e+02,3.003929761138126e+02,3.000000000000000e+02,3.327894003934609e+02,3.000414248428115e+02,2,0.000000000000000e+00,0.000000000000000e+00
4.699999999999897e-06,47,2.295599924300268e-03,5.587492274161729e+02,1.000000000000000e+00,8.000000000000000e-01,2.000000000000000e-01,5.874555982929744e-06,-7.512982179781362e-05,1.666666666666667e+00,0.000000000000000e+00,2.981500000000000e+02,3.003928435312234e+02,3.000000000000000e+02,3.335796585566869e+02,3.000439388031969e+02,2,0.000000000000000e+00,0.000000000000000e+00
4.799999999999862e-06,48,2.374963919980220e-03,4.819692234801468e+02,1.000000000000000e+00,8.000000000000000e-01,2.000000000000000e-01,6.041222649596438e-06,-7.512982179781362e-05,1.666666666666667e+00,0.000000000000000e+00,2.981500000000000e+02,3.003893117498545e+02,3.000000000000000e+02,3.342817108893446e+02,3.000463754813038e+02,2,0.000000000000000e+00,0.000000000000000e+00
4.899999999999827e-06,49,2.448168852084007e-03,5.654204833448630e+02,1.000000000000000e+00,8.000000000000000e-01,2.000000000000000e-01,6.207889316263131e-06,-7.512982179781362e-05,1.666666666666667e+00,0.000000000000000e+00,2.981500000000000e+02,3.003842775393290e+02,3.000000000000000e+02,3.348987517313521e+02,3.000486976717812e+02,2,0.000000000000000e+00,0.000000000000000e+00
4.999999999999792e-06,50,2.524285860008027e-03,6.790355101954627e+02,1.000000000000000e+00,8.000000000000000e-01,2.000000000000000e-01,6.374555982929824e-06,-7.512982179781362e-05,1.666666666666667e+00,0.000000000000000e+00,2.981500000000000e+02,3.003842104980764e+02,3.000000000000000e+02,3.355115123032502e+02,3.000511887832449e+02,2,0.000000000000000e+00,0.000000000000000e+00
5.099999999999757e-06,51,2.608216101732313e-03,6.105127572648709e+02,1.000000000000000e+00,8.000000000000000e-01,2.000000000000000e-01,6.541222649596517e-06,-7.512982179781362e-05,1.666666666666667e+00,0.000000000000000e+00,2.981500000000000e+02,3.003848482909225e+02,3.000000000000000e+02,3.361618266915230e+02,3.000540306105838e+02,2,0.000000000000000e+00,0.000000000000000e+00
5.199999999999722e-06,52,2.699209702610923e-03,6.237252437474208e+02,1.000000000000000e+00,8.000000000000000e-01,2.000000000000000e-01,6.707889316263211e-06,-7.512982179781362e-05,1.666666666666667e+00,0.000000000000000e+00,2.981500000000000e+02,3.003838698695262e+02,3.000000000000000e+02,3.368330155777522e+02,3.000572319905308e+02,2,0.000000000000000e+00,0.000000000000000e+00
5.299999999999688e-06,53,2.767170804338559e-03,5.585440632277489e+02,1.000000000000000e+00,8.000000000000000e-01,2.000000000000000e-01,6.874555982929904e-06,-7.512982179781362e-05,1.666666666666667e+00,0.000000000000000e+00,2.981500000000000e+02,3.003800897601560e+02,3.000000000000000e+02,3.373734865734981e+02,3.000599489864598e+02,2,0.000000000000000e+00,0.000000000000000e+00
5.399999999999653e-06,54,2.813211745262068e-03,5.040317100307352e+02,1.000000000000000e+00,8.000000000000000e-01,2.000000000000000e-01,7.041222649596597e-06,-7.512982179781362e-05,1.666666666666667e+00,0.000000000000000e+00,2.981500000000000e+02,3.003740727615987e+02,3.000000000000000e+02,3.377344857436428e+02,3.000619836045201e+02,2,0.000000000000000e+00,0.000000000000000e+00
5.499999999999618e-06,55,2.852127087880105e-03,4.193543106352702e+02,1.000000000000000e+00,8.000000000000000e-01,2.000000000000000e-01,7.207889316263291e-06,-7.512982179781362e-05,1.666666666666667e+00,0.000000000000000e+00,2.981500000000000e+02,3.003655207041640e+02,3.000000000000000e+02,3.380301909286489e+02,3.000638228077801e+02,2,0.000000000000000e+00,0.000000000000000e+00
5.599999999999583e-06,56,2.894861642937787e-03,4.030318225036399e+02,1.000000000000000e+00,8.000000000000000e-01,2.000000000000000e-01,7.374555982929984e-06,-7.512982179781362e-05,1.666666666666667e+00,0.000000000000000e+00,2.981500000000000e+02,3.003569495144516e+02,3.000000000000000e+02,3.383507973921414e+02,3.000659366042258e+02,2,0.000000000000000e+00,0.000000000000000e+00
5.699999999999548e-06,57,2.945267300581019e-03,5.117791963753175e+02,1.000000000000000e+00,8.000000000000000e-01,2.000000000000000e-01,7.541222649596677e-06,-7.512982179781362e-05,1.666666666666667e+00,0.000000000000000e+00,2.981500000000000e+02,3.003516513596638e+02,3.000000000000000e+02,3.387363232089527e+02,3.000685160865182e+02,2,0.000000000000000e+00,0.000000000000000e+00
5.799999999999513e-06,58,3.005332613868239e-03,6.796138856128450e+02,1.000000000000000e+00,8.000000000000000e-01,2.000000000000000e-01,7.707889316263371e-06,-7.512982179781362e-05,1.666666666666667e+00,0.000000000000000e+00,2.981500000000000e+02,3.003532564039450e+02,3.000000000000000e+02,3.391380821253959e+02,3.000713436150750e+02,2,0.000000000000000e+00,0.000000000000000e+00
5.899999999999478e-06,59,3.077305468089599e-03,6.724427302941888e+02,1.000000000000000e+00,8.000000000000000e-01,2.000000000000000e-01,7.874555982930064e-06,-7.512982179781362e-05,1.666666666666667e+00,0.000000000000000e+00,2.981500000000000e+02,3.003568454507225e+02,3.000000000000000e+02,3.395412693223323e+02,3.000744861411903e+02,2,0.000000000000000e+00,0.000000000000000e+00
5.999999999999444e-06,60,3.159724483525050e-03,6.667044201274715e+02,1.000000000000000e+00,8.000000000000000e-01,2.000000000000000e-01,8.041222649596757e-06,-7.512982179781362e-05,1.666666666666667e+00,0.000000000000000e+00,2.981500000000000e+02,3.003591108040762e+02,3.000000000000000e+02,3.399809178287046e+02,3.000781418497520e+02,2,0.000000000000000e+00,0.000000000000000e+00
6.099999999999409e-06,61,3.245160826058117e-03,6.862876573157984e+02,1.000000000000000e+00,8.000000000000000e-01,2.000000000000000e-01,8.207889316263451e-06,-7.512982179781362e-05,1.666666666666667e+00,0.000000000000000e+00,2.981500000000000e+02,3.003608268660311e+02,3.000000000000000e+02,3.404252091041195e+02,3.000820342721552e+02,2,0.000000000000000e+00,0.000000000000000e+00
6.199999999999374e-06,62,3.326228020406447e-03,8.111166718034262e+02,1.000000000000000e+00,8.000000000000000e-01,2.000000000000000e-01,8.374555982930144e-06,-7.512982179781362e-05,1.666666666666667e+00,0.000000000000000e+00,2.981500000000000e+02,3.003635845854540e+02,3.000000000000000e+02,3.408444903668873e+02,3.000858624766559e+02,2,0.000000000000000e+00,0.000000000000000e+00
6.299999999999339e-06,63,3.410190156480667e-03,8.956373518025772e+02,1.000000000000000e+00,8.000000000000000e-01,2.000000000000000e-01,8.541222649596837e-06,-7.512982179781362e-05,1.666666666666667e+00,0.000000000000000e+00,2.981500000000000e+02,3.003698487908399e+02,3.000000000000000e+02,3.412718088330011e+02,3.000899300220863e+02,2,0.000000000000000e+00,0.000000000000000e+00
6.399999999999304e-06,64,3.500227057930500e-03,7.589698673980946e+02,1.000000000000000e+00,8.000000000000000e-01,2.000000000000000e-01,8.707889316263530e-06,-7.512982179781362e-05,1.666666666666667e+00,0.000000000000000e+00,2.981500000000000e+02,3.003739151509764e+02,3.000000000000000e+02,3.417235132154164e+02,3.000943925888147e+02,2,0.000000000000000e+00,0.000000000000000e+00
6.499999999999269e-06,65,3.570018347757911e-03,5.566322666917358e+02,1.000000000000000e+00,8.000000000000000e-01,2.000000000000000e-01,8.874555982930224e-06,-7.512982179781362e-05,1.666666666666667e+00,0.000000000000000e+00,2.981500000000000e+02,3.003704059507072e+02,3.000000000000000e+02,3.421527384408786e+02,3.000982755852739e+02,2,0.000000000000000e+00,0.000000000000000e+00
6.599999999999235e-06,66,3.619648207560831e-03,6.315092582024407e+02,1.000000000000000e+00,8.000000000000000e-01,2.000000000000000e-01,9.041222649596917e-06,-7.512982179781362e-05,1.666666666666667e+00,0.000000000000000e+00,2.981500000000000e+02,3.003655009687637e+02,3.000000000000000e+02,3.424721094318164e+02,3.001012207108783e+02,2,0.000000000000000e+00,0.000000000000000e+00
6.699999999999200e-06,67,3.660977220031736e-03,5.088927598082519e+02,1.000000000000000e+00,8.000000000000000e-01,2.000000000000000e-01,9.207889316263610e-06,-7.512982179781362e-05,1.666666666666667e+00,0.000000000000000e+00,2.981500000000000e+02,3.003664895050791e+02,3.000000000000000e+02,3.427393846983126e+02,3.001037702370822e+02,2,0.000000000000000e+00,0.000000000000000e+00
6.799999999999165e-06,68,3.701342595194194e-03,4.670372673070511e+02,1.000000000000000e+00,8.000000000000000e-01,2.000000000000000e-01,9.374555982930304e-06,-7.512982179781362e-05,1.666666666666667e+00,0.000000000000000e+00,2.981500000000000e+02,3.003659961122356e+02,3.000000000000000e+02,3.429992664083397e+02,3.001063489158352e+02,2,0.000000000000000e+00,0.000000000000000e+00
6.899999999999130e-06,69,3.752863509398007e-03,4.968043412972747e+02,1.000000000000000e+00,8.000000000000000e-01,2.000000000000000e-01,9.541222649596997e-06,-7.512982179781362e-05,1.666666666666667e+00,0.000000000000000e+00,2.981500000000000e+02,3.003659331019845e+02,3.000000000000000e+02,3.432967754277510e+02,3.001094783833296e+02,2,0.000000000000000e+00,0.000000000000000e+00
6.999999999999095e-06,70,3.822408118809818e-03,6.832217485229767e+02,1.000000000000000e+00,8.000000000000000e-01,2.000000000000000e-01,9.707889316263690e-06,-7.512982179781362e-05,1.666666666666667e+00,0.000000000000000e+00,2.981500000000000e+02,3.003690797134429e+02,3.000000000000000e+02,3.436289896705364e+02,3.001132151783842e+02,2,0.000000000000000e+00,0.000000000000000e+00
7.099999999999060e-06,71,3.893432719362121e-03,6.782664581020217e+02,1.000000000000000e+00,8.000000000000000e-01,2.000000000000000e-01,9.874555982930384e-06,-7.512982179781362e-05,1.666666666666667e+00,0.000000000000000e+00,2.981500000000000e+02,3.003739598886090e+02,3.000000000000000e+02,3.439597109012233e+02,3.001170363579249e+02,2,0.000000000000000e+00,0.000000000000000e+00
7.199999999999026e-06,72,3.966132218683292e-03,6.075585991861988e+02,1.000000000000000e+00,8.000000000000000e-01,2.000000000000000e-01,1.004122264959708e-05,-7.512982179781362e-05,1.666666666666667e+00,0.000000000000000e+00,2.981500000000000e+02,3.003775214679181e+02,3.000000000000000e+02,3.442916894817286e+02,3.001210274228200e+02,2,0.000000000000000e+00,0.000000000000000e+00
7.299999999998991e-06,73,4.042576650202797e-03,6.383979970779832e+02,1.000000000000000e+00,8.000000000000000e-01,2.000000000000000e-01,1.020788931626377e-05,-7.512982179781362e-05,1.666666666666667e+00,0.000000000000000e+00,2.981500000000000e+02,3.003810663036805e+02,3.000000000000000e+02,3.446328914734975e+02,3.001253120353122e+02,2,0.000000000000000e+00,0.000000000000000e+00
7.399999999998956e-06,74,4.117645843129756e-03,7.334446721298440e+02,1.000000000000000e+00,8.000000000000000e-01,2.000000000000000e-01,1.037455598293046e-05,-7.512982179781362e-05,1.666666666666667e+00,0.000000000000000e+00,2.981500000000000e+02,3.003856347145667e+02,3.000000000000000e+02,3.449694777580542e+02,3.001296490689589e+02,2,0.000000000000000e+00,0.000000000000000e+00
7.499999999998921e-06,75,4.192995433654497e-03,8.005502185062800e+02,1.000000000000000e+00,8.000000000000000e-01,2.000000000000000e-01,1.054122264959716e-05,-7.512982179781362e-05,1.666666666666667e+00,0.000000000000000e+00,2.981500000000000e+02,3.003917458935400e+02,3.000000000000000e+02,3.453073250391276e+02,3.001341107915181e+02,2,0.000000000000000e+00,0.000000000000000e+00
7.599999999998886e-06,76,4.271448118595525e-03,8.200835575274975e+02,1.000000000000000e+00,8.000000000000000e-01,2.000000000000000e-01,1.070788931626385e-05,-7.512982179781362e-05,1.666666666666667e+00,0.000000000000000e+00,2.981500000000000e+02,3.003987454654243e+02,3.000000000000000e+02,3.456565113623794e+02,3.001388681336328e+02,2,0.000000000000000e+00,0.000000000000000e+00
7.699999999998912e-06,77,4.348069596039337e-03,6.625994676438112e+02,1.000000000000000e+00,8.000000000000000e-01,2.000000000000000e-01,1.087455598293054e-05,-7.512982179781362e-05,1.666666666666667e+00,0.000000000000000e+00,2.981500000000000e+02,3.004052250365613e+02,3.000000000000000e+02,3.460275481142475e+02,3.001438597341603e+02,2,0.000000000000000e+00,0.000000000000000e+00
7.799999999998961e-06,78,4.407085782072552e-03,7.088987439388243e+02,1.000000000000000e+00,8.000000000000000e-01,2.000000000000000e-01,1.104122264959724e-05,-7.512982179781362e-05,1.666666666666667e+00,0.000000000000000e+00,2.981500000000000e+02,3.004083827032529e+02,3.000000000000000e+02,3.463732776144339e+02,3.001480914438329e+02,2,0.000000000000000e+00,0.000000000000000e+00
7.899999999999011e-06,79,4.456016796574212e-03,7.060750658041267e+02,1.000000000000000e+00,8.000000000000000e-01,2.000000000000000e-01,1.120788931626393e-05,-7.512982179781362e-05,1.666666666666667e+00,0.000000000000000e+00,2.981500000000000e+02,3.004113144591337e+02,3.000000000000000e+02,3.466719694531396e+02,3.001517280047877e+02,2,0.000000000000000e+00,0.000000000000000e+00
7.999999999999061e-06,80,4.501907380210175e-03,6.391413663619345e+02,1.000000000000000e+00,8.000000000000000e-01,2.000000000000000e-01,1.137455598293062e-05,-7.512982179781362e-05,1.666666666666667e+00,0.000000000000000e+00,2.981500000000000e+02,3.004134574336803e+02,3.000000000000000e+02,3.469561628621536e+02,3.001552910806980e+02,2,0.000000000000000e+00,0.000000000000000e+00
8.099999999999111e-06,81,4.558270100112220e-03,6.104375653776262e+02,1.000000000000000e+00,8.000000000000000e-01,2.000000000000000e-01,1.154122264959732e-05,-7.512982179781362e-05,1.666666666666667e+00,0.000000000000000e+00,2.981500000000000e+02,3.004151961153653e+02,3.000000000000000e+02,3.472705476092939e+02,3.001595162431089e+02,2,0.000000000000000e+00,0.000000000000000e+00
8.199999999999161e-06,82,4.634924252036724e-03,8.642608876710157e+02,1.000000000000000e+00,8.000000000000000e-01,2.000000000000000e-01,1.170788931626401e-05,-7.512982179781362e-05,1.666666666666667e+00,0.000000000000000e+00,2.981500000000000e+02,3.004207146634406e+02,3.000000000000000e+02,3.476152521267157e+02,3.001645949358469e+02,2,0.000000000000000e+00,0.000000000000000e+00
8.299999999999211e-06,83,4.717173176725842e-03,9.952086989573606e+02,1.000000000000000e+00,8.000000000000000e-01,2.000000000000000e-01,1.187455598293070e-05,-7.512982179781362e-05,1.666666666666667e+00,0.000000000000000e+00,2.981500000000000e+02,3.004306919289809e+02,3.000000000000000e+02,3.479690943065231e+02,3.001700652174753e+02,2,0.000000000000000e+00,0.000000000000000e+00
8.399999999999261e-06,84,4.799536766894988e-03,8.888217345654838e+02,1.000000000000000e+00,8.000000000000000e-01,2.000000000000000e-01,1.204122264959740e-05,-7.512982179781362e-05,1.666666666666667e+00,0.000000000000000e+00,2.981500000000000e+02,3.004400726585853e+02,3.000000000000000e+02,3.483131406589988e+02,3.001757165885705e+02,2,0.000000000000000e+00,0.000000000000000e+00
8.499999999999310e-06,85,4.884172591361306e-03,7.774657041820398e+02,1.000000000000000e+00,8.000000000000000e-01,2.000000000000000e-01,1.220788931626409e-05,-7.512982179781362e-05,1.666666666666667e+00,0.000000000000000e+00,2.981500000000000e+02,3.004468978475248e+02,3.000000000000000e+02,3.486612130821300e+02,3.001816393506434e+02,2,0.000000000000000e+00,0.000000000000000e+00
8.599999999999360e-06,86,4.964266077179028e-03,7.724935213442777e+02,1.000000000000000e+00,8.000000000000000e-01,2.000000000000000e-01,1.237455598293078e-05,-7.512982179781362e-05,1.666666666666667e+00,0.000000000000000e+00,2.981500000000000e+02,3.004520761869068e+02,3.000000000000000e+02,3.489945377371389e+02,3.001874299504033e+02,2,0.000000000000000e+00,0.000000000000000e+00
8.699999999999410e-06,87,5.041861323734918e-03,9.252641312154167e+02,1.000000000000000e+00,8.000000000000000e-01,2.000000000000000e-01,1.254122264959748e-05,-7.512982179781362e-05,1.666666666666667e+00,0.000000000000000e+00,2.981500000000000e+02,3.004587692872322e+02,3.000000000000000e+02,3.493275608920257e+02,3.001931922413544e+02,2,0.000000000000000e+00,0.000000000000000e+00
8.799999999999460e-06,88,5.115175498687456e-03,7.765556664621874e+02,1.000000000000000e+00,8.000000000000000e-01,2.000000000000000e-01,1.270788931626417e-05,-7.512982179781362e-05,1.666666666666667e+00,0.000000000000000e+00,2.981500000000000e+02,3.004654225404321e+02,3.000000000000000e+02,3.496525985786743e+02,3.001989786170180e+02,2,0.000000000000000e+00,0.000000000000000e+00
8.899999999999510e-06,89,5.174231216331416e-03,6.597207180849987e+02,1.000000000000000e+00,8.000000000000000e-01,2.000000000000000e-01,1.287455598293086e-05,-7.512982179781362e-05,1.666666666666667e+00,0.000000000000000e+00,2.981500000000000e+02,3.004668156945883e+02,3.000000000000000e+02,3.499735433277363e+02,3.002042869511736e+02,2,0.000000000000000e+00,0.000000000000000e+00
8.999999999999560e-06,90,5.225603991007888e-03,6.701405808249149e+02,1.000000000000000e+00,8.000000000000000e-01,2.000000000000000e-01,1.304122264959756e-05,-7.512982179781362e-05,1.666666666666667e+00,0.000000000000000e+00,2.981500000000000e+02,3.004667186839169e+02,3.000000000000000e+02,3.502668781312488e+02,3.002091353330894e+02,2,0.000000000000000e+00,0.000000000000000e+00
9.099999999999610e-06,91,5.270034760644722e-03,5.879556610776281e+02,1.000000000000000e+00,8.000000000000000e-01,2.000000000000000e-01,1.320788931626425e-05,-7.512982179781362e-05,1.666666666666667e+00,0.000000000000000e+00,2.981500000000000e+02,3.004647660134878e+02,3.000000000000000e+02,3.505311741420813e+02,3.002135051539851e+02,2,0.000000000000000e+00,0.000000000000000e+00
9.199999999999659e-06,92,5.312459665312894e-03,6.180599111042408e+02,1.000000000000000e+00,8.000000000000000e-01,2.000000000000000e-01,1.337455598293094e-05,-7.512982179781362e-05,1.666666666666667e+00,0.000000000000000e+00,2.981500000000000e+02,3.004623718879068e+02,3.000000000000000e+02,3.507856247287742e+02,3.002179335782783e+02,2,0.000000000000000e+00,0.000000000000000e+00
9.299999999999709e-06,93,5.361710319638197e-03,6.189647269092470e+02,1.000000000000000e+00,8.000000000000000e-01,2.000000000000000e-01,1.354122264959764e-05,-7.512982179781362e-05,1.666666666666667e+00,0.000000000000000e+00,2.981500000000000e+02,3.004614330615505e+02,3.000000000000000e+02,3.510594220289406e+02,3.002229690139462e+02,2,0.000000000000000e+00,0.000000000000000e+00
9.399999999999759e-06,94,5.427811081738525e-03,7.007009177257396e+02,1.000000000000000e+00,8.000000000000000e-01,2.000000000000000e-01,1.370788931626433e-05,-7.512982179781362e-05,1.666666666666667e+00,0.000000000000000e+00,2.981500000000000e+02,3.004626642591602e+02,3.000000000000000e+02,3.513584394729038e+02,3.002288159957029e+02,2,0.000000000000000e+00,0.000000000000000e+00
9.499999999999809e-06,95,5.496581091889823e-03,7.613645718506407e+02,1.000000000000000e+00,8.000000000000000e-01,2.000000000000000e-01,1.387455598293102e-05,-7.512982179781362e-05,1.666666666666667e+00,0.000000000000000e+00,2.981500000000000e+02,3.004654837968016e+02,3.000000000000000e+02,3.516498707496670e+02,3.002348432294835e+02,2,0.000000000000000e+00,0.000000000000000e+00
9.599999999999859e-06,96,5.565717267520694e-03,7.159157679538697e+02,1.000000000000000e+00,8.000000000000000e-01,2.000000000000000e-01,1.404122264959772e-05,-7.512982179781362e-05,1.666666666666667e+00,0.000000000000000e+00,2.981500000000000e+02,3.004683234528547e+02,3.000000000000000e+02,3.519346520517296e+02,3.002410158375494e+02,2,0.000000000000000e+00,0.000000000000000e+00
9.699999999999909e-06,97,5.636934744293255e-03,7.392477867213508e+02,1.000000000000000e+00,8.000000000000000e-01,2.000000000000000e-01,1.420788931626441e-05,-7.512982179781362e-05,1.666666666666667e+00,0.000000000000000e+00,2.981500000000000e+02,3.004708224427513e+02,3.000000000000000e+02,3.522145228297854e+02,3.002475605675895e+02,2,0.000000000000000e+00,0.000000000000000e+00
9.799999999999959e-06,98,5.710354352917207e-03,6.512559034657929e+02,1.000000000000000e+00,8.000000000000000e-01,2.000000000000000e-01,1.437455598293110e-05,-7.512982179781362e-05,1.666666666666667e+00,0.000000000000000e+00,2.981500000000000e+02,3.004736287998701e+02,3.000000000000000e+02,3.524948114535547e+02,3.002544628286269e+02,2,0.000000000000000e+00,0.000000000000000e+00
9.900000000000009e-06,99,5.780004928337883e-03,8.104368492059109e+02,1.000000000000000e+00,8.000000000000000e-01,2.000000000000000e-01,1.454122264959780e-05,-7.512982179781362e-05,1.666666666666667e+00,0.000000000000000e+00,2.981500000000000e+02,3.004716118128741e+02,3.000000000000000e+02,3.526860667289436e+02,3.002615724030841e+02,2,0.000000000000000e+00,0.000000000000000e+00
1.000000000000006e-05,100,5.851512134419557e-03,8.741678543465168e+02,1.000000000000000e+00,8.000000000000000e-01,2.000000000000000e-01,1.470788931626449e-05,-7.512982179781362e-05,1.666666666666667e+00,0.000000000000000e+00,2.981500000000000e+02,3.004748235969244e+02,3.000000000000000e+02,3.529198484825320e+02,3.002689964082455e+02,2,0.000000000000000e+00,0.000000000000000e+00
1.010000000000011e-05,101,5.911025216985479e-03,7.456559612327301e+02,1.000000000000000e+00,8.000000000000000e-01,2.000000000000000e-01,1.487455598293118e-05,-7.512982179781362e-05,1.666666666666667e+00,0.000000000000000e+00,2.981500000000000e+02,3.004769216094635e+02,3.000000000000000e+02,3.531826504819737e+02,3.002762263348196e+02,2,0.000000000000000e+00,0.000000000000000e+00
1.020000000000016e-05,102,5.961598489339377e-03,7.003311969181669e+02,1.000000000000000e+00,8.000000000000000e-01,2.000000000000000e-01,1.504122264959788e-05,-7.512982179781362e-05,1.666666666666667e+00,0.000000000000000e+00,2.981500000000000e+02,3.004766049407375e+02,3.000000000000000e+02,3.534383363987216e+02,3.002828496242664e+02,2,0.000000000000000e+00,0.000000000000000e+00
1.030000000000021e-05,103,6.006513882476278e-03,7.228198856784988e+02,1.000000000000000e+00,8.000000000000000e-01,2.000000000000000e-01,1.520788931626457e-05,-7.512982179781362e-05,1.666666666666667e+00,0.000000000000000e+00,2.981500000000000e+02,3.004749113922113e+02,3.000000000000000e+02,3.536818727486163e+02,3.002891393394632e+02,2,0.000000000000000e+00,0.000000000000000e+00
1.040000000000026e-05,104,6.051483477337386e-03,6.072180785923634e+02,1.000000000000000e+00,8.000000000000000e-01,2.000000000000000e-01,1.537455598293126e-05,-7.512982179781362e-05,1.666666666666667e+00,0.000000000000000e+00,2.981500000000000e+02,3.004725055810758e+02,3.000000000000000e+02,3.539259312254140e+02,3.002955948644475e+02,2,0.000000000000000e+00,0.000000000000000e+00
1.050000000000031e-05,105,6.103439535480717e-03,6.600150911304212e+02,1.000000000000000e+00,8.000000000000000e-01,2.000000000000000e-01,1.554122264959796e-05,-7.512982179781362e-05,1.666666666666667e+00,0.000000000000000e+00,2.981500000000000e+02,3.004699546775973e+02,3.000000000000000e+02,3.541896900853441e+02,3.003026165053641e+02,2,0.000000000000000e+00,0.000000000000000e+00
1.060000000000036e-05,106,6.168455937039423e-03,7.980506465103001e+02,1.000000000000000e+00,8.000000000000000e-01,2.000000000000000e-01,1.570788931626465e-05,-7.512982179781362e-05,1.666666666666667e+00,0.000000000000000e+00,2.981500000000000e+02,3.004699435653468e+02,3.000000000000000e+02,3.544633540152690e+02,3.003101632733589e+02,2,0.000000000000000e+00,0.000000000000000e+00
1.070000000000041e-05,107,6.237013495004844e-03,7.897857499455602e+02,1.000000000000000e+00,8.000000000000000e-01,2.000000000000000e-01,1.587455598293134e-05,-7.512982179781362e-05,1.666666666666667e+00,0.000000000000000e+00,2.981500000000000e+02,3.004708170381640e+02,3.000000000000000e+02,3.547330846056882e+02,3.003179028364767e+02,2,0.000000000000000e+00,0.000000000000000e+00
1.080000000000046e-05,108,6.305663139322319e-03,7.648042722219740e+02,1.000000000000000e+00,8.000000000000000e-01,2.000000000000000e-01,1.604122264959804e-05,-7.512982179781362e-05,1.666666666666667e+00,0.000000000000000e+00,2.981500000000000e+02,3.004705847840273e+02,3.000000000000000e+02,3.549901607918842e+02,3.003257527248772e+02,2,0.000000000000000e+00,0.000000000000000e+00
1.090000000000051e-05,109,6.373279694189804e-03,5.967121885312324e+02,1.000000000000000e+00,8.000000000000000e-01,2.000000000000000e-01,1.620788931626473e-05,-7.512982179781362e-05,1.666666666666667e+00,0.000000000000000e+00,2.981500000000000e+02,3.004687008330372e+02,3.000000000000000e+02,3.552364470669517e+02,3.003335650414990e+02,2,0.000000000000000e+00,0.000000000000000e+00
1.100000000000056e-05,110,6.437052645917712e-03,7.337038765884442e+02,1.000000000000000e+00,8.000000000000000e-01,2.000000000000000e-01,1.637455598293142e-05,-7.512982179781362e-05,1.666666666666667e+00,0.000000000000000e+00,2.981500000000000e+02,3.004658102504616e+02,3.000000000000000e+02,3.555007012020781e+02,3.003412589190663e+02,2,0.000000000000000e+00,0.000000000000000e+00
1.110000000000061e-05,111,6.502027226714027e-03,7.856743491110558e+02,1.000000000000000e+00,8.000000000000000e-01,2.000000000000000e-01,1.654122264959812e-05,-7.512982179781362e-05,1.666666666666667e+00,0.000000000000000e+00,2.981500000000000e+02,3.004642306647977e+02,3.000000000000000e+02,3.557529869927553e+02,3.003491992161848e+02,2,0.000000000000000e+00,0.000000000000000e+00
1.120000000000066e-05,112,6.568431509136665e-03,7.775172493881076e+02,1.000000000000000e+00,8.000000000000000e-01,2.000000000000000e-01,1.670788931626481e-05,-7.512982179781362e-05,1.666666666666667e+00,0.000000000000000e+00,2.981500000000000e+02,3.004630462324588e+02,3.000000000000000e+02,3.559907383333058e+02,3.003574131884982e+02,2,0.000000000000000e+00,0.000000000000000e+00
1.130000000000071e-05,113,6.623195848964470e-03,6.683137747899202e+02,1.000000000000000e+00,8.000000000000000e-01,2.000000000000000e-01,1.687455598293150e-05,-7.512982179781362e-05,1.666666666666667e+00,0.000000000000000e+00,2.981500000000000e+02,3.004602159388724e+02,3.000000000000000e+02,3.562273157334869e+02,3.003652882585980e+02,2,0.000000000000000e+00,0.000000000000000e+00
1.140000000000076e-05,114,6.668868184570574e-03,6.435830283379473e+02,1.000000000000000e+00,8.000000000000000e-01,2.000000000000000e-01,1.704122264959820e-05,-7.512982179781362e-05,1.666666666666667e+00,0.000000000000000e+00,2.981500000000000e+02,3.004558114798141e+02,3.000000000000000e+02,3.564504118844884e+02,3.003725743159644e+02,2,0.000000000000000e+00,0.000000000000000e+00
1.150000000000081e-05,115,6.709076931900811e-03,6.312353859981091e+02,1.000000000000000e+00,8.000000000000000e-01,2.000000000000000e-01,1.720788931626489e-05,-7.512982179781362e-05,1.666666666666667e+00,0.000000000000000e+00,2.981500000000000e+02,3.004504196783309e+02,3.000000000000000e+02,3.566534696718503e+02,3.003795225524407e+02,2,0.000000000000000e+00,0.000000000000000e+00
1.160000000000086e-05,116,6.749036799481307e-03,5.854947550466486e+02,1.000000000000000e+00,8.000000000000000e-01,2.000000000000000e-01,1.737455598293158e-05,-7.512982179781362e-05,1.666666666666667e+00,0.000000000000000e+00,2.981500000000000e+02,3.004453807697353e+02,3.000000000000000e+02,3.568563616091157e+02,3.003867458311916e+02,2,0.000000000000000e+00,0.000000000000000e+00
1.170000000000091e-05,117,6.792219588681206e-03,6.208607819132467e+02,1.000000000000000e+00,8.000000000000000e-01,2.000000000000000e-01,1.754122264959828e-05,-7.512982179781362e-05,1.666666666666667e+00,0.000000000000000e+00,2.981500000000000e+02,3.004412149701707e+02,3.000000000000000e+02,3.570760860922554e+02,3.003945490430939e+02,2,0.000000000000000e+00,0.000000000000000e+00
1.180000000000096e-05,118,6.843281857048052e-03,6.903386398580795e+02,1.000000000000000e+00,8.000000000000000e-01,2.000000000000000e-01,1.770788931626497e-05,-7.512982179781362e-05,1.666666666666667e+00,0.000000000000000e+00,2.981500000000000e+02,3.004383496447971e+02,3.000000000000000e+02,3.573076367224613e+02,3.004027882417595e+02,2,0.000000000000000e+00,0.000000000000000e+00
1.190000000000101e-05,119,6.900051259260337e-03,7.347339502037471e+02,1.000000000000000e+00,8.000000000000000e-01,2.000000000000000e-01,1.787455598293166e-05,-7.512982179781362e-05,1.666666666666667e+00,0.000000000000000e+00,2.981500000000000e+02,3.004364159360479e+02,3.000000000000000e+02,3.575321931669674e+02,3.004112207083173e+02,2,0.000000000000000e+00,0.000000000000000e+00
1.200000000000106e-05,120,6.961180847401518e-03,7.397665948748454e+02,1.000000000000000e+00,8.000000000000000e-01,2.000000000000000e-01,1.804122264959836e-05,-7.512982179781362e-05,1.666666666666667e+00,0.000000000000000e+00,2.981500000000000e+02,3.004348943165306e+02,3.000000000000000e+02,3.577581178868948e+02,3.004200827246793e+02,2,0.000000000000000e+00,0.000000000000000e+00
1.210000000000111e-05,121,7.026013673687086e-03,7.933378027338565e+02,1.000000000000000e+00,8.000000000000000e-01,2.000000000000000e-01,1.820788931626505e-05,-7.512982179781362e-05,1.666666666666667e+00,0.000000000000000e+00,2.981500000000000e+02,3.004338648819341e+02,3.000000000000000e+02,3.579859375538210e+02,3.004293818354129e+02,2,0.000000000000000e+00,0.000000000000000e+00
1.220000000000116e-05,122,7.091158453815699e-03,8.902195340370621e+02,1.000000000000000e+00,8.000000000000000e-01,2.000000000000000e-01,1.837455598293174e-05,-7.512982179781362e-05,1.666666666666667e+00,0.000000000000000e+00,2.981500000000000e+02,3.004335208537951e+02,3.000000000000000e+02,3.582097541825176e+02,3.004389980851690e+02,2,0.000000000000000e+00,0.000000000000000e+00
1.230000000000121e-05,123,7.156244961421926e-03,9.088383837774850e+02,1.000000000000000e+00,8.000000000000000e-01,2.000000000000000e-01,1.854122264959844e-05,-7.512982179781362e-05,1.666666666666667e+00,0.000000000000000e+00,2.981500000000000e+02,3.004338527148462e+02,3.000000000000000e+02,3.584320532808557e+02,3.004488768931979e+02,2,0.000000000000000e+00,0.000000000000000e+00
1.240000000000126e-05,124,7.222815714891868e-03,8.427949250762028e+02,1.000000000000000e+00,8.000000000000000e-01,2.000000000000000e-01,1.870788931626513e-05,-7.512982179781362e-05,1.666666666666667e+00,0.000000000000000e+00,2.981500000000000e+02,3.004337019527185e+02,3.000000000000000e+02,3.586574755390094e+02,3.004589888701982e+02,2,0.000000000000000e+00,0.000000000000000e+00
1.250000000000131e-05,125,7.290821163057080e-03,8.799115193906514e+02,1.000000000000000e+00,8.000000000000000e-01,2.000000000000000e-01,1.887455598293182e-05,-7.512982179781362e-05,1.666666666666667e+00,0.000000000000000e+00,2.981500000000000e+02,3.004331094172005e+02,3.000000000000000e+02,3.588820651866027e+02,3.004693152196242e+02,2,0.000000000000000e+00,0.000000000000000e+00
1.260000000000135e-05,126,7.355935004887454e-03,9.355386285438271e+02,1.000000000000000e+00,8.000000000000000e-01,2.000000000000000e-01,1.904122264959852e-05,-7.512982179781362e-05,1.666666666666667e+00,0.000000000000000e+00,2.981500000000000e+02,3.004327407124086e+02,3.000000000000000e+02,3.590945818620305e+02,3.004795282312801e+02,2,0.000000000000000e+00,0.000000000000000e+00
1.270000000000140e-05,127,7.419853879591319e-03,9.383526943526376e+02,1.000000000000000e+00,8.000000000000000e-01,2.000000000000000e-01,1.920788931626521e-05,-7.512982179781362e-05,1.666666666666667e+00,0.000000000000000e+00,2.981500000000000e+02,3.004323979996414e+02,3.000000000000000e+02,3.593002398250377e+02,3.004899190815360e+02,2,0.000000000000000e+00,0.000000000000000e+00
1.280000000000145e-05,128,7.484531901506839e-03,9.018348487054312e+02,1.000000000000000e+00,8.000000000000000e-01,2.000000000000000e-01,1.937455598293190e-05,-7.512982179781362e-05,1.666666666666667e+00,0.000000000000000e+00,2.981500000000000e+02,3.004316347648082e+02,3.000000000000000e+02,3.595001847581359e+02,3.005004753188171e+02,2,0.000000000000000e+00,0.000000000000000e+00
1.290000000000150e-05,129,7.550980963673684e-03,8.556007111858703e+02,1.000000000000000e+00,8.000000000000000e-01,2.000000000000000e-01,1.954122264959860e-05,-7.512982179781362e-05,1.666666666666667e+00,0.000000000000000e+00,2.981500000000000e+02,3.004304053938758e+02,3.000000000000000e+02,3.597019155962292e+02,3.005112958492679e+02,2,0.000000000000000e+00,0.000000000000000e+00
1.300000000000155e-05,130,7.616137023795929e-03,9.340852932388750e+02,1.000000000000000e+00,8.000000000000000e-01,2.000000000000000e-01,1.970788931626529e-05,-7.512982179781362e-05,1.666666666666667e+00,0.000000000000000e+00,2.981500000000000e+02,3.004292975578556e+02,3.000000000000000e+02,3.599000244971560e+02,3.005220845968401e+02,2,0.000000000000000e+00,0.000000000000000e+00
1.310000000000160e-05,131,7.679473065334915e-03,9.649911192260590e+02,1.000000000000000e+00,8.000000000000000e-01,2.000000000000000e-01,1.987455598293198e-05,-7.512982179781362e-05,1.666666666666667e+00,0.000000000000000e+00,2.981500000000000e+02,3.004285177754697e+02,3.000000000000000e+02,3.600912482679633e+02,3.005328485870706e+02,2,0.000000000000000e+00,0.000000000000000e+00
1.320000000000165e-05,132,7.743097052967208e-03,9.153385129024468e+02,1.000000000000000e+00,8.000000000000000e-01,2.000000000000000e-01,2.004122264959868e-05,-7.512982179781362e-05,1.666666666666667e+00,0.000000000000000e+00,2.981500000000000e+02,3.004274053496528e+02,3.000000000000000e+02,3.602731085333534e+02,3.005437593205887e+02,2,0.000000000000000e+00,0.000000000000000e+00
1.330000000000170e-05,133,7.807239528033796e-03,9.161350847119417e+02,1.000000000000000e+00,8.000000000000000e-01,2.000000000000000e-01,2.020788931626537e-05,-7.512982179781362e-05,1.666666666666667e+00,0.000000000000000e+00,2.981500000000000e+02,3.004259404245357e+02,3.000000000000000e+02,3.604515295649286e+02,3.005548207089319e+02,2,0.000000000000000e+00,0.000000000000000e+00
1.340000000000175e-05,134,7.871910459032691e-03,9.507278317764325e+02,1.000000000000000e+00,8.000000000000000e-01,2.000000000000000e-01,2.037455598293206e-05,-7.512982179781362e-05,1.666666666666667e+00,0.000000000000000e+00,2.981500000000000e+02,3.004246427205258e+02,3.000000000000000e+02,3.606268910806904e+02,3.005659046835763e+02,2,0.000000000000000e+00,0.000000000000000e+00
1.350000000000180e-05,135,7.925874976335057e-03,7.719314759562114e+02,1.000000000000000e+00,8.000000000000000e-01,2.000000000000000e-01,2.054122264959876e-05,-7.512982179781362e-05,1.666666666666667e+00,0.000000000000000e+00,2.981500000000000e+02,3.004229023441237e+02,3.000000000000000e+02,3.608018931587069e+02,3.005767835019206e+02,2,0.000000000000000e+00,0.000000000000000e+00
1.360000000000185e-05,136,7.973419078569549e-03,7.000190005315035e+02,1.000000000000000e+00,8.000000000000000e-01,2.000000000000000e-01,2.070788931626545e-05,-7.512982179781362e-05,1.666666666666667e+00,0.000000000000000e+00,2.981500000000000e+02,3.004196389438259e+02,3.000000000000000e+02,3.609749982308741e+02,3.005872846822347e+02,2,0.000000000000000e+00,0.000000000000000e+00
1.370000000000190e-05,137,8.023841669577614e-03,6.732989008613723e+02,1.000000000000000e+00,8.000000000000000e-01,2.000000000000000e-01,2.087455598293214e-05,-7.512982179781362e-05,1.666666666666667e+00,0.000000000000000e+00,2.981500000000000e+02,3.004158081275665e+02,3.000000000000000e+02,3.611443700848809e+02,3.005975851525802e+02,2,0.000000000000000e+00,0.000000000000000e+00
1.380000000000195e-05,138,8.079537469121855e-03,6.756384734886210e+02,1.000000000000000e+00,8.000000000000000e-01,2.000000000000000e-01,2.104122264959884e-05,-7.512982179781362e-05,1.666666666666667e+00,0.000000000000000e+00,2.981500000000000e+02,3.004118469945976e+02,3.000000000000000e+02,3.613058211756683e+02,3.006078957638367e+02,2,0.000000000000000e+00,0.000000000000000e+00
1.390000000000200e-05,139,8.138498835880935e-03,7.098781511782976e+02,1.000000000000000e+00,8.000000000000000e-01,2.000000000000000e-01,2.120788931626553e-05,-7.512982179781362e-05,1.666666666666667e+00,0.000000000000000e+00,2.981500000000000e+02,3.004082276256074e+02,3.000000000000000e+02,3.614663325567847e+02,3.006184188335009e+02,2,0.000000000000000e+00,0.000000000000000e+00
1.400000000000205e-05,140,8.201344374081293e-03,7.601565569485371e+02,1.000000000000000e+00,8.000000000000000e-01,2.000000000000000e-01,2.137455598293222e-05,-7.512982179781362e-05,1.666666666666667e+00,0.000000000000000e+00,2.981500000000000e+02,3.004051554970304e+02,3.000000000000000e+02,3.616299279127789e+02,3.006294647766859e+02,2,0.000000000000000e+00,0.000000000000000e+00
1.410000000000210e-05,141,8.265628366244776e-03,7.644599531598893e+02,1.000000000000000e+00,8.000000000000000e-01,2.000000000000000e-01,2.154122264959891e-05,-7.512982179781362e-05,1.666666666666667e+00,0.000000000000000e+00,2.981500000000000e+02,3.004025132465934e+02,3.000000000000000e+02,3.617951220534441e+02,3.006407600828840e+02,2,0.000000000000000e+00,0.000000000000000e+00
1.420000000000215e-05,142,8.330170077383705e-03,7.640198274751805e+02,1.000000000000000e+00,8.000000000000000e-01,2.000000000000000e-01,2.170788931626561e-05,-7.512982179781362e-05,1.666666666666667e+00,0.000000000000000e+00,2.981500000000000e+02,3.003998057903335e+02,3.000000000000000e+02,3.619565792920810e+02,3.006521545896439e+02,2,0.000000000000000e+00,0.000000000000000e+00
1.430000000000220e-05,143,8.393218615524422e-03,7.547413725299170e+02,1.000000000000000e+00,8.000000000000000e-01,2.000000000000000e-01,2.187455598293230e-05,-7.512982179781362e-05,1.666666666666667e+00,0.000000000000000e+00,2.981500000000000e+02,3.003967936024310e+02,3.000000000000000e+02,3.621073011732821e+02,3.006633629644455e+02,2,0.000000000000000e+00,0.000000000000000e+00
1.440000000000225e-05,144,8.455077447885217e-03,7.530825315171811e+02,1.000000000000000e+00,8.000000000000000e-01,2.000000000000000e-01,2.204122264959899e-05,-7.512982179781362e-05,1.666666666666667e+00,0.000000000000000e+00,2.981500000000000e+02,3.003936976239767e+02,3.000000000000000e+02,3.622523929491154e+02,3.006745404865390e+02,2,0.000000000000000e+00,0.000000000000000e+00
1.450000000000230e-05,145,8.517914365077463e-03,7.566864153944670e+02,1.000000000000000e+00,8.000000000000000e-01,2.000000000000000e-01,2.220788931626569e-05,-7.512982179781362e-05,1.666666666666667e+00,0.000000000000000e+00,2.981500000000000e+02,3.003907177867659e+02,3.000000000000000e+02,3.623988535148172e+02,3.006859294776159e+02,2,0.000000000000000e+00,0.000000000000000e+00
1.460000000000235e-05,146,8.581265934571444e-03,7.775655112524695e+02,1.000000000000000e+00,8.000000000000000e-01,2.000000000000000e-01,2.237455598293238e-05,-7.512982179781362e-05,1.666666666666667e+00,0.000000000000000e+00,2.981500000000000e+02,3.003878873033589e+02,3.000000000000000e+02,3.625443767844164e+02,3.006974942531039e+02,2,0.000000000000000e+00,0.000000000000000e+00
1.470000000000240e-05,147,8.645457646964023e-03,8.124287084591008e+02,1.000000000000000e+00,8.000000000000000e-01,2.000000000000000e-01,2.254122264959907e-05,-7.512982179781362e-05,1.666666666666667e+00,0.000000000000000e+00,2.981500000000000e+02,3.003853845807344e+02,3.000000000000000e+02,3.626903232495958e+02,3.007092582352008e+02,2,0.000000000000000e+00,0.000000000000000e+00
1.480000000000245e-05,148,8.708355070820168e-03,7.613144096000178e+02,1.000000000000000e+00,8.000000000000000e-01,2.000000000000000e-01,2.270788931626577e-05,-7.512982179781362e-05,1.666666666666667e+00,0.000000000000000e+00,2.981500000000000e+02,3.003828028088386e+02,3.000000000000000e+02,3.628303374856263e+02,3.007209946852158e+02,2,0.000000000000000e+00,0.000000000000000e+00
1.490000000000250e-05,149,8.770999612248757e-03,8.006467975600207e+02,1.000000000000000e+00,8.000000000000000e-01,2.000000000000000e-01,2.287455598293246e-05,-7.512982179781362e-05,1.666666666666667e+00,0.000000000000000e+00,2.981500000000000e+02,3.003829086154630e+02,3.000000000000000e+02,3.629662060637362e+02,3.007329053941117e+02,2,0.000000000000000e+00,0.000000000000000e+00
1.500000000000255e-05,150,8.834002694802029e-03,8.218130016953195e+02,1.000000000000000e+00,8.000000000000000e-01,2.000000000000000e-01,2.304122264959915e-05,-7.512982179781362e-05,1.666666666666667e+00,0.000000000000000e+00,2.981500000000000e+02,3.003842378072167e+02,3.000000000000000e+02,3.630987908922330e+02,3.007450201641454e+02,2,0.000000000000000e+00,0.000000000000000e+00
1.510000000000260e-05,151,8.898020314350231e-03,8.214725516239289e+02,1.000000000000000e+00,8.000000000000000e-01,2.000000000000000e-01,2.320788931626585e-05,-7.512982179781362e-05,1.666666666666667e+00,0.000000000000000e+00,2.981500000000000e+02,3.003857967064980e+02,3.000000000000000e+02,3.632352945928292e+02,3.007574049331331e+02,2,0.000000000000000e+00,0.000000000000000e+00
1.520000000000265e-05,152,8.963321334068691e-03,8.349109237007743e+02,1.000000000000000e+00,8.000000000000000e-01,2.000000000000000e-01,2.337455598293254e-05,-7.512982179781362e-05,1.666666666666667e+00,0.000000000000000e+00,2.981500000000000e+02,3.003875676385629e+02,3.000000000000000e+02,3.633765741248075e+02,3.007699904904713e+02,2,0.000000000000000e+00,0.000000000000000e+00
1.530000000000263e-05,153,9.028243299255232e-03,8.656856256406271e+02,1.000000000000000e+00,8.000000000000000e-01,2.000000000000000e-01,2.354122264959923e-05,-7.512982179781362e-05,1.666666666666667e+00,0.000000000000000e+00,2.981500000000000e+02,3.003896419802148e+02,3.000000000000000e+02,3.635169062440257e+02,3.007826940798446e+02,2,0.000000000000000e+00,0.000000000000000e+00
1.540000000000251e-05,154,9.093290853907246e-03,9.252455250269245e+02,1.000000000000000e+00,8.000000000000000e-01,2.000000000000000e-01,2.370788931626593e-05,-7.512982179781362e-05,1.666666666666667e+00,0.000000000000000e+00,2.981500000000000e+02,3.003925693433069e+02,3.000000000000000e+02,3.636582560889781e+02,3.007955886837481e+02,2,0.000000000000000e+00,0.000000000000000e+00
1.550000000000239e-05,155,9.158365061874188e-03,9.144548450202929e+02,1.000000000000000e+00,8.000000000000000e-01,2.000000000000000e-01,2.387455598293262e-05,-7.512982179781362e-05,1.666666666666667e+00,0.000000000000000e+00,2.981500000000000e+02,3.003956851145148e+02,3.000000000000000e+02,3.637978481816742e+02,3.008086991236855e+02,2,0.000000000000000e+00,0.000000000000000e+00
1.560000000000227e-05,156,9.223045104939216e-03,9.173348555647458e+02,1.000000000000000e+00,8.000000000000000e-01,2.000000000000000e-01,2.404122264959931e-05,-7.512982179781362e-05,1.666666666666667e+00,0.000000000000000e+00,2.981500000000000e+02,3.003985452108834e+02,3.000000000000000e+02,3.639368286751721e+02,3.008219458826376e+02,2,0.000000000000000e+00,0.000000000000000e+00
1.570000000000215e-05,157,9.288061470722260e-03,8.651943675890171e+02,1.000000000000000e+00,8.000000000000000e-01,2.000000000000000e-01,2.420788931626601e-05,-7.512982179781362e-05,1.666666666666667e+00,0.000000000000000e+00,2.981500000000000e+02,3.004018686222365e+02,3.000000000000000e+02,3.640787619656743e+02,3.008353802198228e+02,2,0.000000000000000e+00,0.000000000000000e+00
1.580000000000203e-05,158,9.352744323224756e-03,8.590982526398725e+02,1.000000000000000e+00,8.000000000000000e-01,2.000000000000000e-01,2.437455598293270e-05,-7.512982179781362e-05,1.666666666666667e+00,0.000000000000000e+00,2.981500000000000e+02,3.004042551545238e+02,3.000000000000000e+02,3.642268179855668e+02,3.008488650813312e+02,2,0.000000000000000e+00,0.000000000000000e+00
1.590000000000191e-05,159,9.417359579225359e-03,9.057243788080843e+02,1.000000000000000e+00,8.000000000000000e-01,2.000000000000000e-01,2.454122264959939e-05,-7.512982179781362e-05,1.666666666666667e+00,0.000000000000000e+00,2.981500000000000e+02,3.004070499707751e+02,3.000000000000000e+02,3.643775559032751e+02,3.008623704589145e+02,2,0.000000000000000e+00,0.000000000000000e+00
1.600000000000179e-05,160,9.480899227848420e-03,9.266485964009426e+02,1.000000000000000e+00,8.000000000000000e-01,2.000000000000000e-01,2.470788931626609e-05,-7.512982179781362e-05,1.666666666666667e+00,0.000000000000000e+00,2.981500000000000e+02,3.004103212737053e+02,3.000000000000000e+02,3.645235269473515e+02,3.008758994781709e+02,2,0.000000000000000e+00,0.000000000000000e+00
1.610000000000168e-05,161,9.543036044243393e-03,8.776358248390693e+02,1.000000000000000e+00,8.000000000000000e-01,2.000000000000000e-01,2.487455598293278e-05,-7.512982179781362e-05,1.666666666666667e+00,0.000000000000000e+00,2.981500000000000e+02,3.004133150930247e+02,3.000000000000000e+02,3.646672272866781e+02,3.008894250378862e+02,2,0.000000000000000e+00,0.000000000000000e+00
1.620000000000156e-05,162,9.604903772865181e-03,8.811649560783635e+02,1.000000000000000e+00,8.000000000000000e-01,2.000000000000000e-01,2.504122264959947e-05,-7.512982179781362e-05,1.666666666666667e+00,0.000000000000000e+00,2.981500000000000e+02,3.004159603674332e+02,3.000000000000000e+02,3.648118087926644e+02,3.009030226971726e+02,2,0.000000000000000e+00,0.000000000000000e+00
1.630000000000144e-05,163,9.666366782129695e-03,8.940738622994907e+02,1.000000000000000e+00,8.000000000000000e-01,2.000000000000000e-01,2.520788931626617e-05,-7.512982179781362e-05,1.666666666666667e+00,0.000000000000000e+00,2.981500000000000e+02,3.004188109334723e+02,3.000000000000000e+02,3.649547596464002e+02,3.009167031446444e+02,2,0.000000000000000e+00,0.000000000000000e+00
1.640000000000132e-05,164,9.727330637839239e-03,9.084114334215911e+02,1.000000000000000e+00,8.000000000000000e-01,2.000000000000000e-01,2.537455598293286e-05,-7.512982179781362e-05,1.666666666666667e+00,0.000000000000000e+00,2.981500000000000e+02,3.004221152862217e+02,3.000000000000000e+02,3.650975222432677e+02,3.009304457873058e+02,2,0.000000000000000e+00,0.000000000000000e+00
1.650000000000120e-05,165,9.787458560523900e-03,8.579531725507936e+02,1.000000000000000e+00,8.000000000000000e-01,2.000000000000000e-01,2.554122264959955e-05,-7.512982179781362e-05,1.666666666666667e+00,0.000000000000000e+00,2.981500000000000e+02,3.004251701313564e+02,3.000000000000000e+02,3.652400949726711e+02,3.009442651695880e+02,2,0.000000000000000e+00,0.000000000000000e+00
1.660000000000108e-05,166,9.846319519568734e-03,8.412549493099209e+02,1.000000000000000e+00,8.000000000000000e-01,2.000000000000000e-01,2.570788931626625e-05,-7.512982179781362e-05,1.666666666666667e+00,0.000000000000000e+00,2.981500000000000e+02,3.004275684720596e+02,3.000000000000000e+02,3.653840187811660e+02,3.009581026222269e+02,2,0.000000000000000e+00,0.000000000000000e+00
1.670000000000096e-05,167,9.904534321116255e-03,8.545424355000882e+02,1.000000000000000e+00,8.000000000000000e-01,2.000000000000000e-01,2.587455598293294e-05,-7.512982179781362e-05,1.666666666666667e+00,0.000000000000000e+00,2.981500000000000e+02,3.004303199713875e+02,3.000000000000000e+02,3.655311202627994e+02,3.009719937889485e+02,2,0.000000000000000e+00,0.000000000000000e+00
1.680000000000084e-05,168,9.962108507317463e-03,8.226266877035189e+02,1.000000000000000e+00,8.000000000000000e-01,2.000000000000000e-01,2.604122264959963e-05,-7.512982179781362e-05,1.666666666666667e+00,0.000000000000000e+00,2.981500000000000e+02,3.004338760705561e+02,3.000000000000000e+02,3.656829903307732e+02,3.009860311175727e+02,2,0.000000000000000e+00,0.000000000000000e+00
1.690000000000072e-05,169,1.001977423541441e-02,8.749929300817107e+02,1.000000000000000e+00,8.000000000000000e-01,2.000000000000000e-01,2.620788931626633e-05,-7.512982179781362e-05,1.666666666666667e+00,0.000000000000000e+00,2.981500000000000e+02,3.004375215553262e+02,3.000000000000000e+02,3.658435887345504e+02,3.010002321920650e+02,2,0.000000000000000e+00,0.000000000000000e+00
1.700000000000060e-05,170,1.007794007053197e-02,9.321780691022384e+02,1.000000000000000e+00,8.000000000000000e-01,2.000000000000000e-01,2.637455598293302e-05,-7.512982179781362e-05,1.666666666666667e+00,0.000000000000000e+00,2.981500000000000e+02,3.004424240082711e+02,3.000000000000000e+02,3.660037967260428e+02,3.010145519443084e+02,2,0.000000000000000e+00,0.000000000000000e+00
1.710000000000048e-05,171,1.013584902307966e-02,9.166311581561038e+02,1.000000000000000e+00,8.000000000000000e-01,2.000000000000000e-01,2.654122264959971e-05,-7.512982179781362e-05,1.666666666666667e+00,0.000000000000000e+00,2.981500000000000e+02,3.004476457992643e+02,3.000000000000000e+02,3.661640254021495e+02,3.010289567685080e+02,2,0.000000000000000e+00,0.000000000000000e+00
1.720000000000036e-05,172,1.019411000229388e-02,9.075735621249424e+02,1.000000000000000e+00,8.000000000000000e-01,2.000000000000000e-01,2.670788931626641e-05,-7.512982179781362e-05,1.666666666666667e+00,0.000000000000000e+00,2.981500000000000e+02,3.004526834152238e+02,3.000000000000000e+02,3.663278039972241e+02,3.010434910320880e+02,2,0.000000000000000e+00,0.000000000000000e+00
1.730000000000024e-05,173,1.025268510513480e-02,9.126710152141143e+02,1.000000000000000e+00,8.000000000000000e-01,2.000000000000000e-01,2.687455598293310e-05,-7.512982179781362e-05,1.666666666666667e+00,0.000000000000000e+00,2.981500000000000e+02,3.004572526875286e+02,3.000000000000000e+02,3.664913886931021e+02,3.010581832186625e+02,2,0.000000000000000e+00,0.000000000000000e+00
1.740000000000012e-05,174,1.031190397244940e-02,9.873908534203501e+02,1.000000000000000e+00,8.000000000000000e-01,2.000000000000000e-01,2.704122264959979e-05,-7.512982179781362e-05,1.666666666666667e+00,0.000000000000000e+00,2.981500000000000e+02,3.004627539537677e+02,3.000000000000000e+02,3.666542858416912e+02,3.010730752786393e+02,2,0.000000000000000e+00,0.000000000000000e+00
1.750000000000000e-05,175,1.037133226484470e-02,1.004397445115485e+03,1.000000000000000e+00,8.000000000000000e-01,2.000000000000000e-01,2.720788931626649e-05,-7.512982179781362e-05,1.666666666666667e+00,0.000000000000000e+00,2.981500000000000e+02,3.004686441925129e+02,3.000000000000000e+02,3.668132242384825e+02,3.010881965253829e+02,2,0.000000000000000e+00,0.000000000000000e+00
1.759999999999988e-05,176,1.043028344332078e-02,1.012759561790507e+03,1.000000000000000e+00,8.000000000000000e-01,2.000000000000000e-01,2.737455598293318e-05,-7.512982179781362e-05,1.666666666666667e+00,0.000000000000000e+00,2.981500000000000e+02,3.004739877024241e+02,3.000000000000000e+02,3.669664519886708e+02,3.011034904000671e+02,2,0.000000000000000e+00,0.000000000000000e+00
1.769999999999976e-05,177,1.048889173039708e-02,9.885440135837681e+02,1.000000000000000e+00,8.000000000000000e-01,2.000000000000000e-01,2.754122264959987e-05,-7.512982179781362e-05,1.666666666666667e+00,0.000000000000000e+00,2.981500000000000e+02,3.004785787545451e+02,3.000000000000000e+02,3.671138993770339e+02,3.011190402353369e+02,2,0.000000000000000e+00,0.000000000000000e+00
1.779999999999964e-05,178,1.054647478651964e-02,9.637722572107126e+02,1.000000000000000e+00,8.000000000000000e-01,2.000000000000000e-01,2.770788931626657e-05,-7.512982179781362e-05,1.666666666666667e+00,0.000000000000000e+00,2.981500000000000e+02,3.004819860280417e+02,3.000000000000000e+02,3.672551798485405e+02,3.011347664921968e+02,2,0.000000000000000e+00,0.000000000000000e+00
1.789999999999952e-05,179,1.060370422051744e-02,8.773286685770455e+02,1.000000000000000e+00,8.000000000000000e-01,2.000000000000000e-01,2.787455598293326e-05,-7.512982179781362e-05,1.666666666666667e+00,0.000000000000000e+00,2.981500000000000e+02,3.004836596331938e+02,3.000000000000000e+02,3.673988838867252e+02,3.011505602984151e+02,2,0.000000000000000e+00,0.000000000000000e+00
1.799999999999940e-05,180,1.066035473532317e-02,9.213902926680921e+02,1.000000000000000e+00,8.000000000000000e-01,2.000000000000000e-01,2.804122264959995e-05,-7.512982179781362e-05,1.666666666666667e+00,0.000000000000000e+00,2.981500000000000e+02,3.004852935051805e+02,3.000000000000000e+02,3.675403233279096e+02,3.011663107757672e+02,2,0.000000000000000e+00,0.000000000000000e+00
1.809999999999928e-05,181,1.071669284331357e-02,9.643097265791670e+02,1.000000000000000e+00,8.000000000000000e-01,2.000000000000000e-01,2.820788931626665e-05,-7.512982179781362e-05,1.666666666666667e+00,0.000000000000000e+00,2.981500000000000e+02,3.004876420693897e+02,3.000000000000000e+02,3.676755570231315e+02,3.011819841023056e+02,2,0.000000000000000e+00,0.000000000000000e+00
1.819999999999917e-05,182,1.077319159647266e-02,9.795204209467624e+02,1.000000000000000e+00,8.000000000000000e-01,2.000000000000000e-01,2.837455598293334e-05,-7.512982179781362e-05,1.666666666666667e+00,0.000000000000000e+00,2.981500000000000e+02,3.004904273774508e+02,3.000000000000000e+02,3.678058397819311e+02,3.011976515117087e+02,2,0.000000000000000e+00,0.000000000000000e+00
1.829999999999905e-05,183,1.082991964206664e-02,9.622434850127780e+02,1.000000000000000e+00,8.000000000000000e-01,2.000000000000000e-01,2.854122264960003e-05,-7.512982179781362e-05,1.666666666666667e+00,0.000000000000000e+00,2.981500000000000e+02,3.004927209261534e+02,3.000000000000000e+02,3.679312589834539e+02,3.012133272997206e+02,2,0.000000000000000e+00,0.000000000000000e+00
1.839999999999893e-05,184,1.088707374572048e-02,9.776146462400213e+02,1.000000000000000e+00,8.000000000000000e-01,2.000000000000000e-01,2.870788931626673e-05,-7.512982179781362e-05,1.666666666666667e+00,0.000000000000000e+00,2.981500000000000e+02,3.004950104979075e+02,3.000000000000000e+02,3.680529568120503e+02,3.012289884347835e+02,2,0.000000000000000e+00,0.000000000000000e+00
1.849999999999881e-05,185,1.094414681884526e-02,9.506146756279487e+02,1.000000000000000e+00,8.000000000000000e-01,2.000000000000000e-01,2.887455598293342e-05,-7.512982179781362e-05,1.666666666666667e+00,0.000000000000000e+00,2.981500000000000e+02,3.004970400012098e+02,3.000000000000000e+02,3.681696755696923e+02,3.012446568810681e+02,2,0.000000000000000e+00,0.000000000000000e+00
1.859999999999869e-05,186,1.099901386866818e-02,8.497872323462592e+02,1.000000000000000e+00,8.000000000000000e-01,2.000000000000000e-01,2.904122264960011e-05,-7.512982179781362e-05,1.666666666666667e+00,0.000000000000000e+00,2.981500000000000e+02,3.004885407846869e+02,3.000000000000000e+02,3.682267530532137e+02,3.012603933194792e+02,2,0.000000000000000e+00,0.000000000000000e+00
1.869999999999857e-05,187,1.105359775850313e-02,9.033423924725229e+02,1.000000000000000e+00,8.000000000000000e-01,2.000000000000000e-01,2.920788931626681e-05,-7.512982179781362e-05,1.666666666666667e+00,0.000000000000000e+00,2.981500000000000e+02,3.004864324945128e+02,3.000000000000000e+02,3.682893230192854e+02,3.012762454023404e+02,2,0.000000000000000e+00,0.000000000000000e+00
1.879999999999845e-05,188,1.110849630330789e-02,9.423146887055728e+02,1.000000000000000e+00,8.000000000000000e-01,2.000000000000000e-01,2.937455598293350e-05,-7.512982179781362e-05,1.666666666666667e+00,0.000000000000000e+00,2.981500000000000e+02,3.004855873017627e+02,3.000000000000000e+02,3.683588965247756e+02,3.012921940959050e+02,2,0.000000000000000e+00,0.000000000000000e+00
1.889999999999833e-05,189,1.116352594703309e-02,9.420557622285751e+02,1.000000000000000e+00,8.000000000000000e-01,2.000000000000000e-01,2.954122264960019e-05,-7.512982179781362e-05,1.666666666666667e+00,0.000000000000000e+00,2.981500000000000e+02,3.004853140916223e+02,3.000000000000000e+02,3.684352160723242e+02,3.013082414074252e+02,2,0.000000000000000e+00,0.000000000000000e+00
1.899999999999821e-05,190,1.121895072504912e-02,9.149591870178214e+02,1.000000000000000e+00,8.000000000000000e-01,2.000000000000000e-01,2.970788931626689e-05,-7.512982179781362e-05,1.666666666666667e+00,0.000000000000000e+00,2.981500000000000e+02,3.004845881881304e+02,3.000000000000000e+02,3.685185440626193e+02,3.013245297933599e+02,2,0.000000000000000e+00,0.000000000000000e+00
1.909999999999809e-05,191,1.127442025985021e-02,9.126066831605691e+02,1.000000000000000e+00,8.000000000000000e-01,2.000000000000000e-01,2.987455598293358e-05,-7.512982179781362e-05,1.666666666666667e+00,0.000000000000000e+00,2.981500000000000e+02,3.004837740202233e+02,3.000000000000000e+02,3.686093141910232e+02,3.013410026448160e+02,2,0.000000000000000e+00,0.000000000000000e+00
1.919999999999797e-05,192,1.133042829245356e-02,9.280904365380752e+02,1.000000000000000e+00,8.000000000000000e-01,2.000000000000000e-01,3.004122264960027e-05,-7.512982179781362e-05,1.666666666666667e+00,0.000000000000000e+00,2.981500000000000e+02,3.004835658290168e+02,3.000000000000000e+02,3.687129689925735e+02,3.013576437506871e+02,2,0.000000000000000e+00,0.000000000000000e+00
1.929999999999785e-05,193,1.138683553339846e-02,9.520025337145673e+02,1.000000000000000e+00,8.000000000000000e-01,2.000000000000000e-01,3.020788931626697e-05,-7.512982179781362e-05,1.666666666666667e+00,0.000000000000000e+00,2.981500000000000e+02,3.004836256856481e+02,3.000000000000000e+02,3.688221646604796e+02,3.013743593923799e+02,2,0.000000000000000e+00,0.000000000000000e+00
1.939999999999773e-05,194,1.144397113735163e-02,9.730756289926658e+02,1.000000000000000e+00,8.000000000000000e-01,2.000000000000000e-01,3.037455598293366e-05,-7.512982179781362e-05,1.666666666666667e+00,0.000000000000000e+00,2.981500000000000e+02,3.004840713997657e+02,3.000000000000000e+02,3.689353087086389e+02,3.013912256832621e+02,2,0.000000000000000e+00,0.000000000000000e+00
1.949999999999761e-05,195,1.150161059016998e-02,9.832087288380787e+02,1.000000000000000e+00,8.000000000000000e-01,2.000000000000000e-01,3.054122264960031e-05,-7.512982179781362e-05,1.666666666666667e+00,0.000000000000000e+00,2.981500000000000e+02,3.004845151495677e+02,3.000000000000000e+02,3.690527586343835e+02,3.014083108727523e+02,2,0.000000000000000e+00,0.000000000000000e+00
1.959999999999749e-05,196,1.155966900293248e-02,1.022672639577358e+03,1.000000000000000e+00,8.000000000000000e-01,2.000000000000000e-01,3.070788931626666e-05,-7.512982179781362e-05,1.666666666666667e+00,0.000000000000000e+00,2.981500000000000e+02,3.004850705671618e+02,3.000000000000000e+02,3.691718573517589e+02,3.014254818114950e+02,2,0.000000000000000e+00,0.000000000000000e+00
1.969999999999737e-05,197,1.161851888076047e-02,1.004118113953333e+03,1.000000000000000e+00,8.000000000000000e-01,2.000000000000000e-01,3.087455598293302e-05,-7.512982179781362e-05,1.666666666666667e+00,0.000000000000000e+00,2.981500000000000e+02,3.004858095184615e+02,3.000000000000000e+02,3.692910656629269e+02,3.014427040783974e+02,2,0.000000000000000e+00,0.000000000000000e+00
1.979999999999725e-05,198,1.167740473754008e-02,1.065596552826648e+03,1.000000000000000e+00,8.000000000000000e-01,2.000000000000000e-01,3.104122264959937e-05,-7.512982179781362e-05,1.666666666666667e+00,0.000000000000000e+00,2.981500000000000e+02,3.004863553197214e+02,3.000000000000000e+02,3.694115184945636e+02,3.014598300022408e+02,2,0.000000000000000e+00,0.000000000000000e+00
1.989999999999713e-05,199,1.173689801620765e-02,1.078666930395215e+03,1.000000000000000e+00,8.000000000000000e-01,2.000000000000000e-01,3.120788931626572e-05,-7.512982179781362e-05,1.666666666666667e+00,0.000000000000000e+00,2.981500000000000e+02,3.004872715702666e+02,3.000000000000000e+02,3.695319923903031e+02,3.014768343236425e+02,2,0.000000000000000e+00,0.000000000000000e+00
1.999999999999701e-05,200,1.179688987722444e-02,1.116258862664495e+03,1.000000000000000e+00,8.000000000000000e-01,2.000000000000000e-01,3.137455598293208e-05,-7.512982179781362e-05,1.666666666666667e+00,0.000000000000000e+00,2.981500000000000e+02,3.004883243780410e+02,3.000000000000000e+02,3.696500433530497e+02,3.014937482289004e+02,2,0.000000000000000e+00,0.000000000000000e+00
2.009999999999689e-05,201,1.185764559168434e-02,1.127532104777540e+03,1.000000000000000e+00,8.000000000000000e-01,2.000000000000000e-01,3.154122264959843e-05,-7.512982179781362e-05,1.666666666666667e+00,0.000000000000000e+00,2.981500000000000e+02,3.004892793318305e+02,3.000000000000000e+02,3.697642167401191e+02,3.015107124207813e+02,2,0.000000000000000e+00,0.000000000000000e+00
2.019999999999677e-05,202,1.191871362403819e-02,1.087338615278437e+03,1.000000000000000e+00,8.000000000000000e-01,2.000000000000000e-01,3.170788931626479e-05,-7.512982179781362e-05,1.666666666666667e+00,0.000000000000000e+00,2.981500000000000e+02,3.004902606014052e+02,3.000000000000000e+02,3.698777202053285e+02,3.015277293025352e+02,2,0.000000000000000e+00,0.000000000000000e+00
2.029999999999665e-05,203,1.197957248244412e-02,1.040444933430497e+03,1.000000000000000e+00,8.000000000000000e-01,2.000000000000000e-01,3.187455598293114e-05,-7.512982179781362e-05,1.666666666666667e+00,0.000000000000000e+00,2.981500000000000e+02,3.004896136080640e+02,3.000000000000000e+02,3.699891832247243e+02,3.015447983963311e+02,2,0.000000000000000e+00,0.000000000000000e+00
2.039999999999654e-05,204,1.204063705330710e-02,1.096757884698043e+03,1.000000000000000e+00,8.000000000000000e-01,2.000000000000000e-01,3.204122264959750e-05,-7.512982179781362e-05,1.666666666666667e+00,0.000000000000000e+00,2.981500000000000e+02,3.004889938832839e+02,3.000000000000000e+02,3.700999052706688e+02,3.015618991178719e+02,2,0.000000000000000e+00,0.000000000000000e+00
2.049999999999642e-05,205,1.210106696255244e-02,1.073184656980914e+03,1.000000000000000e+00,8.000000000000000e-01,2.000000000000000e-01,3.220788931626385e-05,-7.512982179781362e-05,1.666666666666667e+00,0.000000000000000e+00,2.981500000000000e+02,3.004884491207769e+02,3.000000000000000e+02,3.702073712604198e+02,3.015790999526598e+02,2,0.000000000000000e+00,0.000000000000000e+00
2.059999999999630e-05,206,1.216089566777102e-02,9.985740411441533e+02,1.000000000000000e+00,8.000000000000000e-01,2.000000000000000e-01,3.237455598293021e-05,-7.512982179781362e-05,1.666666666666667e+00,0.000000000000000e+00,2.981500000000000e+02,3.004871316288723e+02,3.000000000000000e+02,3.703164441503384e+02,3.015962982319331e+02,2,0.000000000000000e+00,0.000000000000000e+00
2.069999999999618e-05,207,1.222089855304583e-02,1.006954860196723e+03,1.000000000000000e+00,8.000000000000000e-01,2.000000000000000e-01,3.254122264959656e-05,-7.512982179781362e-05,1.666666666666667e+00,0.000000000000000e+00,2.981500000000000e+02,3.004852736694066e+02,3.000000000000000e+02,3.704287365166700e+02,3.016134533560831e+02,2,0.000000000000000e+00,0.000000000000000e+00
2.079999999999606e-05,208,1.228137594144281e-02,1.058810124608405e+03,1.000000000000000e+00,8.000000000000000e-01,2.000000000000000e-01,3.270788931626291e-05,-7.512982179781362e-05,1.666666666666667e+00,0.000000000000000e+00,2.981500000000000e+02,3.004841098964718e+02,3.000000000000000e+02,3.705428985178921e+02,3.016307115382401e+02,2,0.000000000000000e+00,0.000000000000000e+00
2.089999999999594e-05,209,1.234218031856286e-02,1.099103602487229e+03,1.000000000000000e+00,8.000000000000000e-01,2.000000000000000e-01,3.287455598292927e-05,-7.512982179781362e-05,1.666666666666667e+00,0.000000000000000e+00,2.981500000000000e+02,3.004835518726408e+02,3.000000000000000e+02,3.706576277586337e+02,3.016480690462647e+02,2,0.000000000000000e+00,0.000000000000000e+00
2.099999999999582e-05,210,1.240364910570218e-02,1.122680286550167e+03,1.000000000000000e+00,8.000000000000000e-01,2.000000000000000e-01,3.304122264959562e-05,-7.512982179781362e-05,1.666666666666667e+00,0.000000000000000e+00,2.981500000000000e+02,3.004832580141612e+02,3.000000000000000e+02,3.707712867065562e+02,3.016655016050068e+02,2,0.000000000000000e+00,0.000000000000000e+00
2.109999999999570e-05,211,1.246580897363414e-02,1.156429811379738e+03,1.000000000000000e+00,8.000000000000000e-01,2.000000000000000e-01,3.320788931626198e-05,-7.512982179781362e-05,1.666666666666667e+00,0.000000000000000e+00,2.981500000000000e+02,3.004830160818131e+02,3.000000000000000e+02,3.708817860261198e+02,3.016830081272447e+02,2,0.000000000000000e+00,0.000000000000000e+00
2.119999999999558e-05,212,1.252877223069741e-02,1.192329874666134e+03,1.000000000000000e+00,8.000000000000000e-01,2.000000000000000e-01,3.337455598292833e-05,-7.512982179781362e-05,1.666666666666667e+00,0.000000000000000e+00,2.981500000000000e+02,3.004831253119193e+02,3.000000000000000e+02,3.709893620967650e+02,3.017005382444137e+02,2,0.000000000000000e+00,0.000000000000000e+00
2.129999999999546e-05,213,1.259228371327934e-02,1.021955313681651e+03,1.000000000000000e+00,8.000000000000000e-01,2.000000000000000e-01,3.354122264959469e-05,-7.512982179781362e-05,1.666666666666667e+00,0.000000000000000e+00,2.981500000000000e+02,3.004823891222572e+02,3.000000000000000e+02,3.710954087929317e+02,3.017179910575818e+02,2,0.000000000000000e+00,0.000000000000000e+00
2.139999999999534e-05,214,1.265480405374518e-02,1.129769624211771e+03,1.000000000000000e+00,8.000000000000000e-01,2.000000000000000e-01,3.370788931626104e-05,-7.512982179781362e-05,1.666666666666667e+00,0.000000000000000e+00,2.981500000000000e+02,3.004804272812748e+02,3.000000000000000e+02,3.712187928521478e+02,3.017353211404821e+02,2,0.000000000000000e+00,0.000000000000000e+00
2.149999999999522e-05,215,1.271836497757556e-02,1.250266138640661e+03,1.000000000000000e+00,8.000000000000000e-01,2.000000000000000e-01,3.387455598292740e-05,-7.512982179781362e-05,1.666666666666667e+00,0.000000000000000e+00,2.981500000000000e+02,3.004794272566233e+02,3.000000000000000e+02,3.724032403857602e+02,3.017526946051966e+02,2,0.000000000000000e+00,0.000000000000000e+00
2.159999999999510e-05,216,1.337503364920296e-02,1.338360825270644e+03,1.000000000000000e+00,8.000000000000000e-01,2.000000000000000e-01,3.404122264959375e-05,-7.512982179781362e-05,1.666666666666667e+00,0.000000000000000e+00,2.981500000000000e+02,3.004793239712391e+02,3.000000000000000e+02,3.736110167708852e+02,3.017702054872408e+02,2,0.000000000000000e+00,0.000000000000000e+00
2.169999999999498e-05,217,1.347385946845170e-02,1.373968931959660e+03,1.000000000000000e+00,8.000000000000000e-01,2.000000000000000e-01,3.420788931626010e-05,-7.512982179781362e-05,1.666666666666667e+00,0.000000000000000e+00,2.981500000000000e+02,3.004776463420034e+02,3.000000000000000e+02,3.747820386019575e+02,3.017879904035186e+02,2,0.000000000000000e+00,0.000000000000000e+00
2.179999999999486e-05,218,1.358528462640938e-02,1.472319904345119e+03,1.000000000000000e+00,8.000000000000000e-01,2.000000000000000e-01,3.437455598292646e-05,-7.512982179781362e-05,1.666666666666667e+00,0.000000000000000e+00,2.981500000000000e+02,3.004735918290936e+02,3.000000000000000e+02,3.758754579158060e+02,3.018057469435699e+02,2,0.000000000000000e+00,0.000000000000000e+00
2.189999999999474e-05,219,1.369573139458488e-02,1.432268193963439e+03,1.000000000000000e+00,8.000000000000000e-01,2.000000000000000e-01,3.454122264959281e-05,-7.512982179781362e-05,1.666666666666667e+00,0.000000000000000e+00,2.981500000000000e+02,3.004695954725850e+02,3.000000000000000e+02,3.768966089587817e+02,3.018234910804686e+02,2,0.000000000000000e+00,0.000000000000000e+00
2.199999999999462e-05,220,1.380400733904722e-02,1.319693267356251e+03,1.000000000000000e+00,8.000000000000000e-01,2.000000000000000e-01,3.470788931625917e-05,-7.512982179781362e-05,1.666666666666667e+00,0.000000000000000e+00,2.981500000000000e+02,3.004653635519684e+02,3.000000000000000e+02,3.778765623081707e+02,3.018414054391697e+02,2,0.000000000000000e+00,0.000000000000000e+00
2.209999999999450e-05,221,1.391045398732190e-02,1.261593255661067e+03,1.000000000000000e+00,8.000000000000000e-01,2.000000000000000e-01,3.487455598292552e-05,-7.512982179781362e-05,1.666666666666667e+00,0.000000000000000e+00,2.981500000000000e+02,3.004603745260164e+02,3.000000000000000e+02,3.788257581283053e+02,3.018593491391116e+02,2,0.000000000000000e+00,0.000000000000000e+00
2.219999999999438e-05,222,1.401440504604093e-02,1.222794880291951e+03,1.000000000000000e+00,8.000000000000000e-01,2.000000000000000e-01,3.504122264959188e-05,-7.512982179781362e-05,1.666666666666667e+00,0.000000000000000e+00,2.981500000000000e+02,3.004555453202867e+02,3.000000000000000e+02,3.797392363244210e+02,3.018772220356829e+02,2,0.000000000000000e+00,0.000000000000000e+00
2.229999999999426e-05,223,1.411531895549427e-02,1.175807607189314e+03,1.000000000000000e+00,8.000000000000000e-01,2.000000000000000e-01,3.520788931625823e-05,-7.512982179781362e-05,1.666666666666667e+00,0.000000000000000e+00,2.981500000000000e+02,3.004505963297466e+02,3.000000000000000e+02,3.806165548359667e+02,3.018951507553467e+02,2,0.000000000000000e+00,0.000000000000000e+00
2.239999999999414e-05,224,1.421375601751500e-02,1.123743872910526e+03,1.000000000000000e+00,8.000000000000000e-01,2.000000000000000e-01,3.537455598292459e-05,-7.512982179781362e-05,1.666666666666667e+00,0.000000000000000e+00,2.981500000000000e+02,3.004457349480296e+02,3.000000000000000e+02,3.814682944401566e+02,3.019129575042048e+02,2,0.000000000000000e+00,0.000000000000000e+00
2.249999999999402e-05,225,1.431028794445114e-02,1.084760906485359e+03,1.000000000000000e+00,8.000000000000000e-01,2.000000000000000e-01,3.554122264959094e-05,-7.512982179781362e-05,1.666666666666667e+00,0.000000000000000e+00,2.981500000000000e+02,3.004408655762760e+02,3.000000000000000e+02,3.822949958791817e+02,3.019305427399228e+02,2,0.000000000000000e+00,0.000000000000000e+00
2.259999999999391e-05,226,1.440422356616987e-02,1.083520051905249e+03,1.000000000000000e+00,8.000000000000000e-01,2.000000000000000e-01,3.570788931625730e-05,-7.512982179781362e-05,1.666666666666667e+00,0.000000000000000e+00,2.981500000000000e+02,3.004363641096186e+02,3.000000000000000e+02,3.830907956555207e+02,3.019479360164297e+02,2,0.000000000000000e+00,0.000000000000000e+00
2.269999999999379e-05,227,1.449800557801647e-02,1.049795436170142e+03,1.000000000000000e+00,8.000000000000000e-01,2.000000000000000e-01,3.587455598292365e-05,-7.512982179781362e-05,1.666666666666667e+00,0.000000000000000e+00,2.981500000000000e+02,3.004322818173144e+02,3.000000000000000e+02,3.838737705612357e+02,3.019652696602215e+02,2,0.000000000000000e+00,0.000000000000000e+00
2.279999999999367e-05,228,1.459004021509105e-02,1.020108218132941e+03,1.000000000000000e+00,8.000000000000000e-01,2.000000000000000e-01,3.604122264959000e-05,-7.512982179781362e-05,1.666666666666667e+00,0.000000000000000e+00,2.981500000000000e+02,3.004282827507209e+02,3.000000000000000e+02,3.846344387787215e+02,3.019825398445501e+02,2,0.000000000000000e+00,0.000000000000000e+00
2.289999999999355e-05,229,1.468049526918830e-02,9.655766149276614e+02,1.000000000000000e+00,8.000000000000000e-01,2.000000000000000e-01,3.620788931625636e-05,-7.512982179781362e-05,1.666666666666667e+00,0.000000000000000e+00,2.981500000000000e+02,3.004246909057466e+02,3.000000000000000e+02,3.853717788517805e+02,3.019998237475610e+02,2,0.000000000000000e+00,0.000000000000000e+00
2.299999999999343e-05,230,1.476901771571454e-02,9.583477031390928e+02,1.000000000000000e+00,8.000000000000000e-01,2.000000000000000e-01,3.637455598292271e-05,-7.512982179781362e-05,1.666666666666667e+00,0.000000000000000e+00,2.981500000000000e+02,3.004212292492493e+02,3.000000000000000e+02,3.860806443500630e+02,3.020171780607438e+02,2,0.000000000000000e+00,0.000000000000000e+00
2.309999999999331e-05,231,1.485785240843140e-02,1.014646091896288e+03,1.000000000000000e+00,8.000000000000000e-01,2.000000000000000e-01,3.654122264958907e-05,-7.512982179781362e-05,1.666666666666667e+00,0.000000000000000e+00,2.981500000000000e+02,3.004185442628032e+02,3.000000000000000e+02,3.867866985657626e+02,3.020347339290258e+02,2,0.000000000000000e+00,0.000000000000000e+00
2.319999999999319e-05,232,1.494766054097112e-02,1.027377377250263e+03,1.000000000000000e+00,8.000000000000000e-01,2.000000000000000e-01,3.670788931625542e-05,-7.512982179781362e-05,1.666666666666667e+00,0.000000000000000e+00,2.981500000000000e+02,3.004176320581282e+02,3.000000000000000e+02,3.874955563075004e+02,3.020525099971279e+02,2,0.000000000000000e+00,0.000000000000000e+00
2.329999999999307e-05,233,1.503881462229307e-02,1.029191594116651e+03,1.000000000000000e+00,8.000000000000000e-01,2.000000000000000e-01,3.687455598292178e-05,-7.512982179781362e-05,1.666666666666667e+00,0.000000000000000e+00,2.981500000000000e+02,3.004165205479335e+02,3.000000000000000e+02,3.881844713055124e+02,3.020704317114451e+02,2,0.000000000000000e+00,0.000000000000000e+00
2.339999999999295e-05,234,1.513133379797728e-02,1.046674459184610e+03,1.000000000000000e+00,8.000000000000000e-01,2.000000000000000e-01,3.704122264958813e-05,-7.512982179781362e-05,1.666666666666667e+00,0.000000000000000e+00,2.981500000000000e+02,3.004153476626460e+02,3.000000000000000e+02,3.889196485049048e+02,3.020885307840460e+02,2,0.000000000000000e+00,0.000000000000000e+00
2.349999999999283e-05,235,1.522501022779626e-02,1.088567015311995e+03,1.000000000000000e+00,8.000000000000000e-01,2.000000000000000e-01,3.720788931625449e-05,-7.512982179781362e-05,1.666666666666667e+00,0.000000000000000e+00,2.981500000000000e+02,3.004145705721630e+02,3.000000000000000e+02,3.897872438507758e+02,3.021068576638075e+02,2,0.000000000000000e+00,0.000000000000000e+00
2.359999999999271e-05,236,1.532042521925527e-02,1.116263098505327e+03,1.000000000000000e+00,8.000000000000000e-01,2.000000000000000e-01,3.737455598292084e-05,-7.512982179781362e-05,1.666666666666667e+00,0.000000000000000e+00,2.981500000000000e+02,3.004144084996287e+02,3.000000000000000e+02,3.906619428033458e+02,3.021255093925334e+02,2,0.000000000000000e+00,0.000000000000000e+00
2.369999999999259e-05,237,1.541615885857324e-02,1.123401140192786e+03,1.000000000000000e+00,8.000000000000000e-01,2.000000000000000e-01,3.754122264958719e-05,-7.512982179781362e-05,1.666666666666667e+00,0.000000000000000e+00,2.981500000000000e+02,3.004143341525218e+02,3.000000000000000e+02,3.915348889885942e+02,3.021443167891742e+02,2,0.000000000000000e+00,0.000000000000000e+00
2.379999999999247e-05,238,1.551204869787408e-02,1.148662084066943e+03,1.000000000000000e+00,8.000000000000000e-01,2.000000000000000e-01,3.770788931625355e-05,-7.512982179781362e-05,1.666666666666667e+00,0.000000000000000e+00,2.981500000000000e+02,3.004144172519362e+02,3.000000000000000e+02,3.924077697489603e+02,3.021631790908853e+02,2,0.000000000000000e+00,0.000000000000000e+00
2.389999999999235e-05,239,1.560854721060578e-02,1.182027762166786e+03,1.000000000000000e+00,8.000000000000000e-01,2.000000000000000e-01,3.787455598291990e-05,-7.512982179781362e-05,1.666666666666667e+00,0.000000000000000e+00,2.981500000000000e+02,3.004147840673266e+02,3.000000000000000e+02,3.932898641912387e+02,3.021821071852409e+02,2,0.000000000000000e+00,0.000000000000000e+00
2.399999999999223e-05,240,1.570642265740666e-02,1.175792198288730e+03,1.000000000000000e+00,8.000000000000000e-01,2.000000000000000e-01,3.804122264958626e-05,-7.512982179781362e-05,1.666666666666667e+00,0.000000000000000e+00,2.981500000000000e+02,3.004151289597473e+02,3.000000000000000e+02,3.941842713108109e+02,3.022011124569991e+02,2,0.000000000000000e+00,0.000000000000000e+00
2.409999999999211e-05,241,1.580411368837880e-02,1.198082636656727e+03,1.000000000000000e+00,8.000000000000000e-01,2.000000000000000e-01,3.820788931625261e-05,-7.512982179781362e-05,1.666666666666667e+00,0.000000000000000e+00,2.981500000000000e+02,3.004153075618364e+02,3.000000000000000e+02,3.950782128304562e+02,3.022200691192423e+02,2,0.000000000000000e+00,0.000000000000000e+00
2.419999999999199e-05,242,1.590175500519488e-02,1.197286353798807e+03,1.000000000000000e+00,8.000000000000000e-01,2.000000000000000e-01,3.837455598291897e-05,-7.512982179781362e-05,1.666666666666667e+00,0.000000000000000e+00,2.981500000000000e+02,3.004205195908718e+02,3.000000000000000e+02,3.959779612056426e+02,3.022389709608118e+02,2,0.000000000000000e+00,0.000000000000000e+00
2.429999999999187e-05,243,1.606975289486623e-02,6.898114422332772e+03,1.000000000000000e+00,8.000000000000000e-01,2.000000000000000e-01,3.854122264958532e-05,-7.512982179781362e-05,1.666666666666667e+00,0.000000000000000e+00,2.981500000000000e+02,3.014330522605974e+02,3.000000000000000e+02,3.974394407485024e+02,3.022589417172226e+02,2,0.000000000000000e+00,0.000000000000000e+00
2.439999999999175e-05,244,1.625932973677257e-02,2.829772803369758e+03,1.000000000000000e+00,8.000000000000000e-01,2.000000000000000e-01,3.870788931625168e-05,-7.512982179781362e-05,1.666666666666667e+00,0.000000000000000e+00,2.981500000000000e+02,3.016798243485220e+02,3.000000000000000e+02,3.989610258297624e+02,3.022797414765600e+02,2,0.000000000000000e+00,0.000000000000000e+00
2.449999999999163e-05,245,1.640715090897326e-02,2.753952045232458e+03,1.000000000000000e+00,8.000000000000000e-01,2.000000000000000e-01,3.887455598291803e-05,-7.512982179781362e-05,1.666666666666667e+00,0.000000000000000e+00,2.981500000000000e+02,3.016837472525945e+02,3.000000000000000e+02,4.002404742765885e+02,3.023001868542998e+02,2,0.000000000000000e+00,0.000000000000000e+00
2.459999999999151e-05,246,1.654410643119092e-02,2.009606781368121e+03,1.000000000000000e+00,8.000000000000000e-01,2.000000000000000e-01,3.904122264958439e-05,-7.512982179781362e-05,1.666666666666667e+00,0.000000000000000e+00,2.981500000000000e+02,3.016505173988285e+02,3.000000000000000e+02,4.014685776501694e+02,3.023202120154167e+02,2,0.000000000000000e+00,0.000000000000000e+00
2.469999999999139e-05,247,1.666881484632372e-02,1.746629880255475e+03,1.000000000000000e+00,8.000000000000000e-01,2.000000000000000e-01,3.920788931625074e-05,-7.512982179781362e-05,1.666666666666667e+00,0.000000000000000e+00,2.981500000000000e+02,3.016108080195655e+02,3.000000000000000e+02,4.026226162336514e+02,3.023395465434600e+02,2,0.000000000000000e+00,0.000000000000000e+00
2.479999999999128e-05,248,1.678718572428198e-02,1.678761717770958e+03,1.000000000000000e+00,8.000000000000000e-01,2.000000000000000e-01,3.937455598291709e-05,-7.512982179781362e-05,1.666666666666667e+00,0.000000000000000e+00,2.981500000000000e+02,3.015689222903491e+02,3.000000000000000e+02,4.037679641995447e+02,3.023583209352673e+02,2,0.000000000000000e+00,0.000000000000000e+00
2.489999999999116e-05,249,1.690511859997908e-02,1.858881302154604e+03,1.000000000000000e+00,8.000000000000000e-01,2.000000000000000e-01,3.954122264958345e-05,-7.512982179781362e-05,1.666666666666667e+00,0.000000000000000e+00,2.981500000000000e+02,3.015328238576373e+02,3.000000000000000e+02,4.049039413577252e+02,3.023768451868984e+02,2,0.000000000000000e+00,0.000000000000000e+00
2.499999999999104e-05,250,1.702480834822899e-02,1.905020715138526e+03,1.000000000000000e+00,8.000000000000000e-01,2.000000000000000e-01,3.970788931624980e-05,-7.512982179781362e-05,1.666666666666667e+00,0.000000000000000e+00,2.981500000000000e+02,3.014931862040279e+02,3.000000000000000e+02,4.060709970812960e+02,3.023957343496776e+02,2,0.000000000000000e+00,0.000000000000000e+00
2.509999999999092e-05,251,1.714210482095145e-02,1.916646140158855e+03,1.000000000000000e+00,8.000000000000000e-01,2.000000000000000e-01,3.987455598291616e-05,-7.512982179781362e-05,1.666666666666667e+00,0.000000000000000e+00,2.981500000000000e+02,3.014514365645250e+02,3.000000000000000e+02,4.072667848337663e+02,3.024150150785121e+02,2,0.000000000000000e+00,0.000000000000000e+00
2.519999999999080e-05,252,1.726348324935788e-02,1.993652148898384e+03,1.000000000000000e+00,8.000000000000000e-01,2.000000000000000e-01,4.004122264958251e-05,-7.512982179781362e-05,1.666666666666667e+00,0.000000000000000e+00,2.981500000000000e+02,3.014229853469756e+02,3.000000000000000e+02,4.085511212578882e+02,3.024345807946121e+02,2,0.000000000000000e+00,0.000000000000000e+00
2.529999999999068e-05,253,1.738251108990982e-02,1.980495871494369e+03,1.000000000000000e+00,8.000000000000000e-01,2.000000000000000e-01,4.020788931624887e-05,-7.512982179781362e-05,1.666666666666667e+00,0.000000000000000e+00,2.981500000000000e+02,3.013920778513693e+02,3.000000000000000e+02,4.097714514391192e+02,3.024538715386756e+02,2,0.000000000000000e+00,0.000000000000000e+00
2.539999999999056e-05,254,1.750062894363241e-02,1.853958582340900e+03,1.000000000000000e+00,8.000000000000000e-01,2.000000000000000e-01,4.037455598291522e-05,-7.512982179781362e-05,1.666666666666667e+00,0.000000000000000e+00,2.981500000000000e+02,3.013650385977889e+02,3.000000000000000e+02,4.110069885631486e+02,3.024731034282813e+02,2,0.000000000000000e+00,0.000000000000000e+00
2.549999999999044e-05,255,1.761625658314177e-02,1.839271155888037e+03,1.000000000000000e+00,8.000000000000000e-01,2.000000000000000e-01,4.054122264958158e-05,-7.512982179781362e-05,1.666666666666667e+00,0.000000000000000e+00,2.981500000000000e+02,3.013392599089539e+02,3.000000000000000e+02,4.122105802314722e+02,3.024924601577519e+02,2,0.000000000000000e+00,0.000000000000000e+00
2.559999999999032e-05,256,1.773124901253560e-02,1.961726103660395e+03,1.000000000000000e+00,8.000000000000000e-01,2.000000000000000e-01,4.070788931624793e-05,-7.512982179781362e-05,1.666666666666667e+00,0.000000000000000e+00,2.981500000000000e+02,3.013244705504914e+02,3.000000000000000e+02,4.134079184781157e+02,3.025116282496593e+02,2,0.000000000000000e+00,0.000000000000000e+00
2.569999999999020e-05,257,1.784921639942783e-02,2.077959061527651e+03,1.000000000000000e+00,8.000000000000000e-01,2.000000000000000e-01,4.087455598291428e-05,-7.512982179781362e-05,1.666666666666667e+00,0.000000000000000e+00,2.981500000000000e+02,3.013093397601527e+02,3.000000000000000e+02,4.146434226597528e+02,3.025312158019467e+02,2,0.000000000000000e+00,0.000000000000000e+00
2.579999999999008e-05,258,1.796619703669071e-02,1.875079053742973e+03,1.000000000000000e+00,8.000000000000000e-01,2.000000000000000e-01,4.104122264958064e-05,-7.512982179781362e-05,1.666666666666667e+00,0.000000000000000e+00,2.981500000000000e+02,3.012880721807750e+02,3.000000000000000e+02,4.158863724583107e+02,3.025511632509316e+02,2,0.000000000000000e+00,0.000000000000000e+00
2.589999999998996e-05,259,1.807714972407240e-02,2.088453604843829e+03,1.000000000000000e+00,8.000000000000000e-01,2.000000000000000e-01,4.120788931624699e-05,-7.512982179781362e-05,1.666666666666667e+00,0.000000000000000e+00,2.981500000000000e+02,3.012594644010317e+02,3.000000000000000e+02,4.170436946377801e+02,3.025714344296687e+02,2,0.000000000000000e+00,0.000000000000000e+00
2.599999999998984e-05,260,1.818925025677264e-02,1.963629541130307e+03,1.000000000000000e+00,8.000000000000000e-01,2.000000000000000e-01,4.137455598291335e-05,-7.512982179781362e-05,1.666666666666667e+00,0.000000000000000e+00,2.981500000000000e+02,3.012435776462321e+02,3.000000000000000e+02,4.182235646198103e+02,3.025914690153091e+02,2,0.000000000000000e+00,0.000000000000000e+00
2.609999999998972e-05,261,1.830237925605368e-02,1.904862748540605e+03,1.000000000000000e+00,8.000000000000000e-01,2.000000000000000e-01,4.154122264957970e-05,-7.512982179781362e-05,1.666666666666667e+00,0.000000000000000e+00,2.981500000000000e+02,3.012318339542512e+02,3.000000000000000e+02,4.194105173955765e+02,3.026111565899503e+02,2,0.000000000000000e+00,0.000000000000000e+00
2.619999999998960e-05,262,1.841225016904571e-02,1.973110551608993e+03,1.000000000000000e+00,8.000000000000000e-01,2.000000000000000e-01,4.170788931624606e-05,-7.512982179781362e-05,1.666666666666667e+00,0.000000000000000e+00,2.981500000000000e+02,3.012183453293677e+02,3.000000000000000e+02,4.205231863933043e+02,3.026302112475930e+02,2,0.000000000000000e+00,0.000000000000000e+00
2.629999999998948e-05,263,1.852034795444530e-02,1.854333164969561e+03,1.000000000000000e+00,8.000000000000000e-01,2.000000000000000e-01,4.187455598291241e-05,-7.512982179781362e-05,1.666666666666667e+00,0.000000000000000e+00,2.981500000000000e+02,3.012039869705627e+02,3.000000000000000e+02,4.215914533478849e+02,3.026490139058718e+02,2,0.000000000000000e+00,0.000000000000000e+00
2.639999999998936e-05,264,1.863148991452702e-02,2.005288744149486e+03,1.000000000000000e+00,8.000000000000000e-01,2.000000000000000e-01,4.204122264957877e-05,-7.512982179781362e-05,1.666666666666667e+00,0.000000000000000e+00,2.981500000000000e+02,3.011904715292956e+02,3.000000000000000e+02,4.227061945551243e+02,3.026683544240136e+02,2,0.000000000000000e+00,0.000000000000000e+00
2.649999999998924e-05,265,1.874121781444417e-02,1.981326312009460e+03,1.000000000000000e+00,8.000000000000000e-01,2.000000000000000e-01,4.220788931624512e-05,-7.512982179781362e-05,1.666666666666667e+00,0.000000000000000e+00,2.981500000000000e+02,3.011739486154688e+02,3.000000000000000e+02,4.238051547129063e+02,3.026878846720616e+02,2,0.000000000000000e+00,0.000000000000000e+00
2.659999999998912e-05,266,1.884723388645615e-02,1.894035372212697e+03,1.000000000000000e+00,8.000000000000000e-01,2.000000000000000e-01,4.237455598291147e-05,-7.512982179781362e-05,1.666666666666667e+00,0.000000000000000e+00,2.981500000000000e+02,3.011544964211230e+02,3.000000000000000e+02,4.248458046864303e+02,3.027073464527434e+02,2,0.000000000000000e+00,0.000000000000000e+00
2.669999999998900e-05,267,1.895036078623644e-02,1.908391054607149e+03,1.000000000000000e+00,8.000000000000000e-01,2.000000000000000e-01,4.254122264957783e-05,-7.512982179781362e-05,1.666666666666667e+00,0.000000000000000e+00,2.981500000000000e+02,3.011367728805392e+02,3.000000000000000e+02,4.258520209942984e+02,3.027266808106487e+02,2,0.000000000000000e+00,0.000000000000000e+00
2.679999999998888e-05,268,1.905614583722387e-02,1.912856931774300e+03,1.000000000000000e+00,8.000000000000000e-01,2.000000000000000e-01,4.270788931624418e-05,-7.512982179781362e-05,1.666666666666667e+00,0.000000000000000e+00,2.981500000000000e+02,3.011250614733244e+02,3.000000000000000e+02,4.269047676837559e+02,3.027464894910219e+02,2,0.000000000000000e+00,0.000000000000000e+00
2.689999999998876e-05,269,1.916208566758043e-02,1.948882266233437e+03,1.000000000000000e+00,8.000000000000000e-01,2.000000000000000e-01,4.287455598291054e-05,-7.512982179781362e-05,1.666666666666667e+00,0.000000000000000e+00,2.981500000000000e+02,3.011133547793000e+02,3.000000000000000e+02,4.279225530572519e+02,3.027664018525423e+02,2,0.000000000000000e+00,0.000000000000000e+00
2.699999999998865e-05,270,1.926821873586442e-02,2.006294924366016e+03,1.000000000000000e+00,8.000000000000000e-01,2.000000000000000e-01,4.304122264957689e-05,-7.512982179781362e-05,1.666666666666667e+00,0.000000000000000e+00,2.981500000000000e+02,3.011017284785183e+02,3.000000000000000e+02,4.289201500633019e+02,3.027863609165998e+02,2,0.000000000000000e+00,0.000000000000000e+00
2.709999999998853e-05,271,1.937150000484210e-02,1.908796478936245e+03,1.000000000000000e+00,8.000000000000000e-01,2.000000000000000e-01,4.320788931624325e-05,-7.512982179781362e-05,1.666666666666667e+00,0.000000000000000e+00,2.981500000000000e+02,3.010881116038769e+02,3.000000000000000e+02,4.298981660316224e+02,3.028064337105239e+02,2,0.000000000000000e+00,0.000000000000000e+00
2.719999999998841e-05,272,1.947240471414215e-02,1.815688237893914e+03,1.000000000000000e+00,8.000000000000000e-01,2.000000000000000e-01,4.337455598290960e-05,-7.512982179781362e-05,1.666666666666667e+00,0.000000000000000e+00,2.981500000000000e+02,3.010712001596976e+02,3.000000000000000e+02,4.308765375980593e+02,3.028268199017858e+02,2,0.000000000000000e+00,0.000000000000000e+00
2.729999999998829e-05,273,1.957204334578120e-02,1.959070480143334e+03,1.000000000000000e+00,8.000000000000000e-01,2.000000000000000e-01,4.354122264957596e-05,-7.512982179781362e-05,1.666666666666667e+00,0.000000000000000e+00,2.981500000000000e+02,3.010549440280172e+02,3.000000000000000e+02,4.318499242201410e+02,3.028475096906063e+02,2,0.000000000000000e+00,0.000000000000000e+00
2.739999999998817e-05,274,1.967205955282697e-02,2.022187818587050e+03,1.000000000000000e+00,8.000000000000000e-01,2.000000000000000e-01,4.370788931624231e-05,-7.512982179781362e-05,1.666666666666667e+00,0.000000000000000e+00,2.981500000000000e+02,3.010404812903299e+02,3.000000000000000e+02,4.328174992876347e+02,3.028682722200536e+02,2,0.000000000000000e+00,0.000000000000000e+00
2.749999999998805e-05,275,1.976967363943796e-02,1.951884678207127e+03,1.000000000000000e+00,8.000000000000000e-01,2.000000000000000e-01,4.387455598290867e-05,-7.512982179781362e-05,1.666666666666667e+00,0.000000000000000e+00,2.981500000000000e+02,3.010268232726596e+02,3.000000000000000e+02,4.337561159587938e+02,3.028888104703856e+02,2,0.000000000000000e+00,0.000000000000000e+00
2.759999999998793e-05,276,1.986739201816463e-02,1.821441300990372e+03,1.000000000000000e+00,8.000000000000000e-01,2.000000000000000e-01,4.404122264957502e-05,-7.512982179781362e-05,1.666666666666667e+00,0.000000000000000e+00,2.981500000000000e+02,3.010151627194966e+02,3.000000000000000e+02,4.346889831825474e+02,3.029089697032126e+02,2,0.000000000000000e+00,0.000000000000000e+00
2.769999999998781e-05,277,1.996333124970830e-02,1.850935913575847e+03,1.000000000000000e+00,8.000000000000000e-01,2.000000000000000e-01,4.420788931624137e-05,-7.512982179781362e-05,1.666666666666667e+00,0.000000000000000e+00,2.981500000000000e+02,3.010140443510349e+02,3.000000000000000e+02,4.355960803257010e+02,3.029288556638772e+02,2,0.000000000000000e+00,0.000000000000000e+00
2.779999999998769e-05,278,2.005869023440971e-02,1.996091040615476e+03,1.000000000000000e+00,8.000000000000000e-01,2.000000000000000e-01,4.437455598290773e-05,-7.512982179781362e-05,1.666666666666667e+00,0.000000000000000e+00,2.981500000000000e+02,3.010381886415798e+02,3.000000000000000e+02,4.365238073513200e+02,3.029489099439850e+02,2,0.000000000000000e+00,0.000000000000000e+00
2.789999999998757e-05,279,2.015535823248089e-02,2.007852820489320e+03,1.000000000000000e+00,8.000000000000000e-01,2.000000000000000e-01,4.454122264957408e-05,-7.512982179781362e-05,1.666666666666667e+00,0.000000000000000e+00,2.981500000000000e+02,3.010578514993824e+02,3.000000000000000e+02,4.374752786323198e+02,3.029694504182498e+02,2,0.000000000000000e+00,0.000000000000000e+00
2.799999999998745e-05,280,2.025086899009439e-02,2.027031912484125e+03,1.000000000000000e+00,8.000000000000000e-01,2.000000000000000e-01,4.470788931624044e-05,-7.512982179781362e-05,1.666666666666667e+00,0.000000000000000e+00,2.981500000000000e+02,3.010832245044996e+02,3.000000000000000e+02,4.384208805202487e+02,3.029898740024595e+02,2,0.000000000000000e+00,0.000000000000000e+00
2.809999999998733e-05,281,2.034588260787987e-02,1.939195198174056e+03,1.000000000000000e+00,8.000000000000000e-01,2.000000000000000e-01,4.487455598290679e-05,-7.512982179781362e-05,1.666666666666667e+00,0.000000000000000e+00,2.981500000000000e+02,3.011127287963136e+02,3.000000000000000e+02,4.393667899043085e+02,3.030103388819588e+02,2,0.000000000000000e+00,0.000000000000000e+00
2.819999999998721e-05,282,2.043937081689539e-02,1.956897635816873e+03,1.000000000000000e+00,8.000000000000000e-01,2.000000000000000e-01,4.504122264957315e-05,-7.512982179781362e-05,1.666666666666667e+00,0.000000000000000e+00,2.981500000000000e+02,3.011424898424227e+02,3.000000000000000e+02,4.402996200456201e+02,3.030306833126474e+02,2,0.000000000000000e+00,0.000000000000000e+00
2.829999999998709e-05,283,2.053370248321924e-02,2.019328434872534e+03,1.000000000000000e+00,8.000000000000000e-01,2.000000000000000e-01,4.520788931623950e-05,-7.512982179781362e-05,1.666666666666667e+00,0.000000000000000e+00,2.981500000000000e+02,3.011764216457007e+02,3.000000000000000e+02,4.412397783185262e+02,3.030509713554155e+02,2,0.000000000000000e+00,0.000000000000000e+00
2.839999999998697e-05,284,2.062849332810520e-02,2.044932788365653e+03,1.000000000000000e+00,8.000000000000000e-01,2.000000000000000e-01,4.537455598290586e-05,-7.512982179781362e-05,1.666666666666667e+00,0.000000000000000e+00,2.981500000000000e+02,3.012134586512983e+02,3.000000000000000e+02,4.421785204341451e+02,3.030712788994337e+02,2,0.000000000000000e+00,0.000000000000000e+00
2.849999999998685e-05,285,2.072366816072189e-02,2.016305404720444e+03,1.000000000000000e+00,8.000000000000000e-01,2.000000000000000e-01,4.554122264957221e-05,-7.512982179781362e-05,1.666666666666667e+00,0.000000000000000e+00,2.981500000000000e+02,3.012456415722021e+02,3.000000000000000e+02,4.431439445499637e+02,3.030917242453014e+02,2,0.000000000000000e+00,0.000000000000000e+00
2.859999999998673e-05,286,2.081753426747441e-02,2.094380121648564e+03,1.000000000000000e+00,8.000000000000000e-01,2.000000000000000e-01,4.570788931623856e-05,-7.512982179781362e-05,1.666666666666667e+00,0.000000000000000e+00,2.981500000000000e+02,3.012715511481584e+02,3.000000000000000e+02,4.441053564264877e+02,3.031122091795120e+02,2,0.000000000000000e+00,0.000000000000000e+00
2.869999999998661e-05,287,2.091147717244475e-02,2.099574838478742e+03,1.000000000000000e+00,8.000000000000000e-01,2.000000000000000e-01,4.587455598290492e-05,-7.512982179781362e-05,1.666666666666667e+00,0.000000000000000e+00,2.981500000000000e+02,3.012990891036180e+02,3.000000000000000e+02,4.450565949105541e+02,3.031328256444007e+02,2,0.000000000000000e+00,0.000000000000000e+00
2.879999999998649e-05,288,2.100656735167568e-02,2.119866624578497e+03,1.000000000000000e+00,8.000000000000000e-01,2.000000000000000e-01,4.604122264957127e-05,-7.512982179781362e-05,1.666666666666667e+00,0.000000000000000e+00,2.981500000000000e+02,3.013342731696127e+02,3.000000000000000e+02,4.460262762186490e+02,3.031536420427203e+02,2,0.000000000000000e+00,0.000000000000000e+00
2.889999999998637e-05,289,2.110194326937158e-02,2.051895072284659e+03,1.000000000000000e+00,8.000000000000000e-01,2.000000000000000e-01,4.620788931623763e-05,-7.512982179781362e-05,1.666666666666667e+00,0.000000000000000e+00,2.981500000000000e+02,3.013753873105314e+02,3.000000000000000e+02,4.469904871406556e+02,3.031744410504892e+02,2,0.000000000000000e+00,0.000000000000000e+00
2.899999999998625e-05,290,2.119755399318812e-02,2.204809284592449e+03,1.000000000000000e+00,8.000000000000000e-01,2.000000000000000e-01,4.637455598290398e-05,-7.512982179781362e-05,1.666666666666667e+00,0.000000000000000e+00,2.981500000000000e+02,3.014217092273240e+02,3.000000000000000e+02,4.479315261563228e+02,3.031952213205601e+02,2,0.000000000000000e+00,0.000000000000000e+00
2.909999999998613e-05,291,2.129506579101593e-02,2.273318375581410e+03,1.000000000000000e+00,8.000000000000000e-01,2.000000000000000e-01,4.654122264957034e-05,-7.512982179781362e-05,1.666666666666667e+00,0.000000000000000e+00,2.981500000000000e+02,3.014715573309513e+02,3.000000000000000e+02,4.490616054549036e+02,3.032160138817101e+02,2,0.000000000000000e+00,0.000000000000000e+00
2.919999999998602e-05,292,2.139430841621490e-02,2.324083419563000e+03,1.000000000000000e+00,8.000000000000000e-01,2.000000000000000e-01,4.670788931623669e-05,-7.512982179781362e-05,1.666666666666667e+00,0.000000000000000e+00,2.981500000000000e+02,3.015181077243516e+02,3.000000000000000e+02,4.507745487466528e+02,3.032370610705276e+02,2,0.000000000000000e+00,0.000000000000000e+00
2.929999999998590e-05,293,2.149451867080108e-02,2.516614641770770e+03,1.000000000000000e+00,8.000000000000000e-01,2.000000000000000e-01,4.687455598290305e-05,-7.512982179781362e-05,1.666666666666667e+00,0.000000000000000e+00,2.981500000000000e+02,3.015670757423889e+02,3.000000000000000e+02,4.525316812687872e+02,3.032583382614895e+02,2,0.000000000000000e+00,0.000000000000000e+00
2.939999999998578e-05,294,2.167583724257077e-02,3.130468087563170e+04,1.000000000000000e+00,8.000000000000000e-01,2.000000000000000e-01,4.704122264956940e-05,-7.512982179781362e-05,1.666666666666667e+00,0.000000000000000e+00,2.981500000000000e+02,3.047800417190475e+02,3.000000000000000e+02,4.593353011731751e+02,3.032817049384595e+02,2,0.000000000000000e+00,0.000000000000000e+00
2.949999999998566e-05,295,2.198059408964621e-02,1.061034553860362e+04,1.000000000000000e+00,8.000000000000000e-01,2.000000000000000e-01,4.720788931623576e-05,-7.512982179781362e-05,1.666666666666667e+00,0.000000000000000e+00,2.981500000000000e+02,3.064518305615406e+02,3.000000000000000e+02,4.678403184330343e+02,3.033077248516914e+02,2,0.000000000000000e+00,0.000000000000000e+00
2.959999999998554e-05,296,2.221523965566133e-02,8.520344465401193e+03,1.000000000000000e+00,8.000000000000000e-01,2.000000000000000e-01,4.737455598290211e-05,-7.512982179781362e-05,1.666666666666667e+00,0.000000000000000e+00,2.981500000000000e+02,3.066619620154598e+02,3.000000000000000e+02,4.731030072382958e+02,3.033331413173767e+02,2,0.000000000000000e+00,0.000000000000000e+00
2.969999999998542e-05,297,2.242319794198154e-02,5.680264250960506e+03,1.000000000000000e+00,8.000000000000000e-01,2.000000000000000e-01,4.754122264956846e-05,-7.512982179781362e-05,1.666666666666667e+00,0.000000000000000e+00,2.981500000000000e+02,3.065512994457021e+02,3.000000000000000e+02,4.772292065623084e+02,3.033574612971436e+02,2,0.000000000000000e+00,0.000000000000000e+00
2.979999999998530e-05,298,2.260579946302365e-02,4.870775004509656e+03,1.000000000000000e+00,8.000000000000000e-01,2.000000000000000e-01,4.770788931623482e-05,-7.512982179781362e-05,1.666666666666667e+00,0.000000000000000e+00,2.981500000000000e+02,3.063283267032959e+02,3.000000000000000e+02,4.807577942743383e+02,3.033805277871638e+02,2,0.000000000000000e+00,0.000000000000000e+00
2.989999999998518e-05,299,2.277128021402402e-02,4.568715789753323e+03,1.000000000000000e+00,8.000000000000000e-01,2.000000000000000e-01,4.787455598290117e-05,-7.512982179781362e-05,1.666666666666667e+00,0.000000000000000e+00,2.981500000000000e+02,3.060351703367055e+02,3.000000000000000e+02,4.838000362161879e+02,3.034029559247173e+02,2,0.000000000000000e+00,0.000000000000000e+00
2.999999999998506e-05,300,2.293111138566575e-02,4.804390686248311e+03,1.000000000000000e+00,8.000000000000000e-01,2.000000000000000e-01,4.804122264956753e-05,-7.512982179781362e-05,1.666666666666667e+00,0.000000000000000e+00,2.981500000000000e+02,3.057581760963697e+02,3.000000000000000e+02,4.867692614296537e+02,3.034252716482203e+02,2,0.000000000000000e+00,0.000000000000000e+00
3.009999999998494e-05,301,2.309421049486303e-02,4.667992561560159e+03,1.000000000000000e+00,8.000000000000000e-01,2.000000000000000e-01,4.820788931623388e-05,-7.512982179781362e-05,1.666666666666667e+00,0.000000000000000e+00,2.981500000000000e+02,3.054961125492619e+02,3.000000000000000e+02,4.897266462508156e+02,3.034484439147588e+02,2,0.000000000000000e+00,0.000000000000000e+00
3.019999999998482e-05,302,2.325030617008710e-02,4.611101319087043e+03,1.000000000000000e+00,8.000000000000000e-01,2.000000000000000e-01,4.837455598290024e-05,-7.512982179781362e-05,1.666666666666667e+00,0.000000000000000e+00,2.981500000000000e+02,3.052406293254223e+02,3.000000000000000e+02,4.924995506444815e+02,3.034720214820720e+02,2,0.000000000000000e+00,0.000000000000000e+00
3.029999999998470e-05,303,2.340911993216903e-02,4.905064115154885e+03,1.000000000000000e+00,8.000000000000000e-01,2.000000000000000e-01,4.854122264956659e-05,-7.512982179781362e-05,1.666666666666667e+00,0.000000000000000e+00,2.981500000000000e+02,3.050381639392352e+02,3.000000000000000e+02,4.952620041543404e+02,3.034959362272420e+02,2,0.000000000000000e+00,0.000000000000000e+00
3.039999999998458e-05,304,2.356749241228387e-02,4.440537348724609e+03,1.000000000000000e+00,8.000000000000000e-01,2.000000000000000e-01,4.870788931623295e-05,-7.512982179781362e-05,1.666666666666667e+00,0.000000000000000e+00,2.981500000000000e+02,3.048502235521283e+02,3.000000000000000e+02,4.981417111873394e+02,3.035190954206210e+02,2,0.000000000000000e+00,0.000000000000000e+00
3.049999999998446e-05,305,2.371909375932771e-02,4.077615712294937e+03,1.000000000000000e+00,8.000000000000000e-01,2.000000000000000e-01,4.887455598289930e-05,-7.512982179781362e-05,1.666666666666667e+00,0.000000000000000e+00,2.981500000000000e+02,3.046703168395630e+02,3.000000000000000e+02,5.009304630892541e+02,3.035416346376064e+02,2,0.000000000000000e+00,0.000000000000000e+00
3.059999999998462e-05,306,2.386486620645783e-02,4.019361936858378e+03,1.000000000000000e+00,8.000000000000000e-01,2.000000000000000e-01,4.904122264956565e-05,-7.512982179781362e-05,1.666666666666667e+00,0.000000000000000e+00,2.981500000000000e+02,3.044888800799703e+02,3.000000000000000e+02,5.036478303348725e+02,3.035642769924636e+02,2,0.000000000000000e+00,0.000000000000000e+00
3.069999999998484e-05,307,2.401104015576037e-02,9.698385190436247e+03,1.000000000000000e+00,8.000000000000000e-01,2.000000000000000e-01,4.920788931623201e-05,-7.512982179781362e-05,1.666666666666667e+00,0.000000000000000e+00,2.981500000000000e+02,3.043356515553469e+02,3.000000000000000e+02,5.063397609050417e+02,3.035869427111594e+02,2,0.000000000000000e+00,0.000000000000000e+00
3.079999999998506e-05,308,2.419046696844508e-02,7.305339073275533e+03,1.000000000000000e+00,8.000000000000000e-01,2.000000000000000e-01,4.937455598289836e-05,-7.512982179781362e-05,1.666666666666667e+00,0.000000000000000e+00,2.981500000000000e+02,3.042819553200502e+02,3.000000000000000e+02,5.098824949458415e+02,3.036111654876084e+02,2,0.000000000000000e+00,0.000000000000000e+00
3.089999999998528e-05,309,2.434726417685669e-02,4.353373059749450e+03,1.000000000000000e+00,8.000000000000000e-01,2.000000000000000e-01,4.954122264956472e-05,-7.512982179781362e-05,1.666666666666667e+00,0.000000000000000e+00,2.981500000000000e+02,3.041780598276042e+02,3.000000000000000e+02,5.128829621933264e+02,3.036347959772669e+02,2,0.000000000000000e+00,0.000000000000000e+00
3.099999999998550e-05,310,2.531405997457455e-02,3.771152342459861e+03,1.000000000000000e+00,8.000000000000000e-01,2.000000000000000e-01,4.970788931623107e-05,-7.512982179781362e-05,1.666666666666667e+00,0.000000000000000e+00,2.981500000000000e+02,3.040289864666304e+02,3.000000000000000e+02,5.154160182919461e+02,3.036569500641909e+02,2,0.000000000000000e+00,0.000000000000000e+00
3.109999999998572e-05,311,2.542394409537422e-02,2.322989657073324e+03,1.000000000000000e+00,8.000000000000000e-01,2.000000000000000e-01,4.987455598289743e-05,-7.512982179781362e-05,1.666666666666667e+00,0.000000000000000e+00,2.981500000000000e+02,3.038276443856071e+02,3.000000000000000e+02,5.168046523193220e+02,3.036779929607815e+02,2,0.000000000000000e+00,0.000000000000000e+00
3.119999999998594e-05,312,2.552237544002155e-02,2.155130943781387e+03,1.000000000000000e+00,8.000000000000000e-01,2.000000000000000e-01,5.004122264956378e-05,-7.512982179781362e-05,1.666666666666667e+00,0.000000000000000e+00,2.981500000000000e+02,3.036303713387089e+02,3.000000000000000e+02,5.177310307558109e+02,3.036984033623101e+02,2,0.000000000000000e+00,0.000000000000000e+00
3.129999999998616e-05,313,2.561799942795175e-02,2.197959574545693e+03,1.000000000000000e+00,8.000000000000000e-01,2.000000000000000e-01,5.020788931623014e-05,-7.512982179781362e-05,1.666666666666667e+00,0.000000000000000e+00,2.981500000000000e+02,3.034419391995896e+02,3.000000000000000e+02,5.185308566796358e+02,3.037183769308970e+02,2,0.000000000000000e+00,0.000000000000000e+00
3.139999999998638e-05,314,2.571367931415456e-02,1.905448892770754e+03,1.000000000000000e+00,8.000000000000000e-01,2.000000000000000e-01,5.037455598289649e-05,-7.512982179781362e-05,1.666666666666667e+00,0.000000000000000e+00,2.981500000000000e+02,3.032709448471305e+02,3.000000000000000e+02,5.193237992555806e+02,3.037381318531550e+02,2,0.000000000000000e+00,0.000000000000000e+00
3.149999999998660e-05,315,2.581183443905449e-02,2.177439863219705e+03,1.000000000000000e+00,8.000000000000000e-01,2.000000000000000e-01,5.054122264956285e-05,-7.512982179781362e-05,1.666666666666667e+00,0.000000000000000e+00,2.981500000000000e+02,3.031186419412785e+02,3.000000000000000e+02,5.201088246541602e+02,3.037583007350243e+02,2,0.000000000000000e+00,0.000000000000000e+00
3.159999999998682e-05,316,2.590992397865902e-02,2.179890934900837e+03,1.000000000000000e+00,8.000000000000000e-01,2.000000000000000e-01,5.070788931622920e-05,-7.512982179781362e-05,1.666666666666667e+00,0.000000000000000e+00,2.981500000000000e+02,3.029824893057008e+02,3.000000000000000e+02,5.207978409591644e+02,3.037786684912510e+02,2,0.000000000000000e+00,0.000000000000000e+00
3.169999999998704e-05,317,2.600687778114493e-02,1.910040156472355e+03,1.000000000000000e+00,8.000000000000000e-01,2.000000000000000e-01,5.087455598289555e-05,-7.512982179781362e-05,1.666666666666667e+00,0.000000000000000e+00,2.981500000000000e+02,3.028568967185208e+02,3.000000000000000e+02,5.214396751454523e+02,3.037986411252535e+02,2,0.000000000000000e+00,0.000000000000000e+00
3.179999999998725e-05,318,2.609965971878998e-02,1.986057342410890e+03,1.000000000000000e+00,8.000000000000000e-01,2.000000000000000e-01,5.104122264956191e-05,-7.512982179781362e-05,1.666666666666667e+00,0.000000000000000e+00,2.981500000000000e+02,3.027448409768314e+02,3.000000000000000e+02,5.220989005505871e+02,3.038181323395323e+02,2,0.000000000000000e+00,0.000000000000000e+00
3.189999999998747e-05,319,2.619629436459427e-02,2.032679358880864e+03,1.000000000000000e+00,8.000000000000000e-01,2.000000000000000e-01,5.120788931622826e-05,-7.512982179781362e-05,1.666666666666667e+00,0.000000000000000e+00,2.981500000000000e+02,3.026427629431112e+02,3.000000000000000e+02,5.226997287133131e+02,3.038382135657964e+02,2,0.000000000000000e+00,0.000000000000000e+00
3.199999999998769e-05,320,2.629380789973845e-02,2.152615708106890e+03,1.000000000000000e+00,8.000000000000000e-01,2.000000000000000e-01,5.137455598289462e-05,-7.512982179781362e-05,1.666666666666667e+00,0.000000000000000e+00,2.981500000000000e+02,3.025441215730281e+02,3.000000000000000e+02,5.232695817693246e+02,3.038587566368923e+02,2,0.000000000000000e+00,0.000000000000000e+00
3.209999999998791e-05,321,2.639196529319530e-02,2.203156601494258e+03,1.000000000000000e+00,8.000000000000000e-01,2.000000000000000e-01,5.154122264956097e-05,-7.512982179781362e-05,1.666666666666667e+00,0.000000000000000e+00,2.981500000000000e+02,3.024563877476825e+02,3.000000000000000e+02,5.239033898758287e+02,3.038792872183172e+02,2,0.000000000000000e+00,0.000000000000000e+00
3.219999999998813e-05,322,2.648787944850947e-02,2.021387568988569e+03,1.000000000000000e+00,8.000000000000000e-01,2.000000000000000e-01,5.170788931622733e-05,-7.512982179781362e-05,1.666666666666667e+00,0.000000000000000e+00,2.981500000000000e+02,3.024377041661836e+02,3.000000000000000e+02,5.244459521854644e+02,3.038997547460876e+02,2,0.000000000000000e+00,0.000000000000000e+00
3.229999999998835e-05,323,2.658288268499661e-02,2.126878657806146e+03,1.000000000000000e+00,8.000000000000000e-01,2.000000000000000e-01,5.187455598289368e-05,-7.512982179781362e-05,1.666666666666667e+00,0.000000000000000e+00,2.981500000000000e+02,3.024237692121440e+02,3.000000000000000e+02,5.249660716038799e+02,3.039202683360821e+02,2,0.000000000000000e+00,0.000000000000000e+00
3.239999999998857e-05,324,2.668106818600043e-02,2.167343769381352e+03,1.000000000000000e+00,8.000000000000000e-01,2.000000000000000e-01,5.204122264956004e-05,-7.512982179781362e-05,1.666666666666667e+00,0.000000000000000e+00,2.981500000000000e+02,3.024125951084796e+02,3.000000000000000e+02,5.255472894776703e+02,3.039410693875407e+02,2,0.000000000000000e+00,0.000000000000000e+00
3.249999999998879e-05,325,2.678362376322296e-02,2.107548303650015e+03,1.000000000000000e+00,8.000000000000000e-01,2.000000000000000e-01,5.220788931622639e-05,-7.512982179781362e-05,1.666666666666667e+00,0.000000000000000e+00,2.981500000000000e+02,3.024005823969115e+02,3.000000000000000e+02,5.261899129018317e+02,3.039616667450202e+02,2,0.000000000000000e+00,0.000000000000000e+00
3.259999999998901e-05,326,2.689493199457657e-02,2.122622382257376e+03,1.000000000000000e+00,8.000000000000000e-01,2.000000000000000e-01,5.237455598289274e-05,-7.512982179781362e-05,1.666666666666667e+00,0.000000000000000e+00,2.981500000000000e+02,3.023855520349657e+02,3.000000000000000e+02,5.268390082979739e+02,3.039825210010062e+02,2,0.000000000000000e+00,0.000000000000000e+00
3.269999999998923e-05,327,2.700834684994544e-02,2.369069299354193e+03,1.000000000000000e+00,8.000000000000000e-01,2.000000000000000e-01,5.254122264955910e-05,-7.512982179781362e-05,1.666666666666667e+00,0.000000000000000e+00,2.981500000000000e+02,3.023722832389561e+02,3.000000000000000e+02,5.275734649953311e+02,3.040031443771029e+02,2,0.000000000000000e+00,0.000000000000000e+00
3.279999999998945e-05,328,2.712359144197500e-02,2.155296598301715e+03,1.000000000000000e+00,8.000000000000000e-01,2.000000000000000e-01,5.270788931622545e-05,-7.512982179781362e-05,1.666666666666667e+00,0.000000000000000e+00,2.981500000000000e+02,3.023633003191982e+02,3.000000000000000e+02,5.283820631364450e+02,3.040239850714532e+02,2,0.000000000000000e+00,0.000000000000000e+00
3.289999999998967e-05,329,2.724101238212503e-02,2.332140037919734e+03,1.000000000000000e+00,8.000000000000000e-01,2.000000000000000e-01,5.287455598289181e-05,-7.512982179781362e-05,1.666666666666667e+00,0.000000000000000e+00,2.981500000000000e+02,3.023600048635397e+02,3.000000000000000e+02,5.292091222494340e+02,3.040452211849459e+02,2,0.000000000000000e+00,0.000000000000000e+00
3.299999999998989e-05,330,2.736006247554061e-02,2.404363536591252e+03,1.000000000000000e+00,8.000000000000000e-01,2.000000000000000e-01,5.304122264955816e-05,-7.512982179781362e-05,1.666666666666667e+00,0.000000000000000e+00,2.981500000000000e+02,3.023498843229189e+02,3.000000000000000e+02,5.300295242189655e+02,3.040667872810033e+02,2,0.000000000000000e+00,0.000000000000000e+00
3.309999999999010e-05,331,2.749310222952961e-02,1.140425380098209e+04,1.000000000000000e+00,8.000000000000000e-01,2.000000000000000e-01,5.320788931622452e-05,-7.512982179781362e-05,1.666666666666667e+00,0.000000000000000e+00,2.981500000000000e+02,3.031995098517878e+02,3.000000000000000e+02,5.322394336395139e+02,3.040884035664997e+02,2,0.000000000000000e+00,0.000000000000000e+00
3.319999999999032e-05,332,2.765422909486650e-02,3.169141392948948e+03,1.000000000000000e+00,8.000000000000000e-01,2.000000000000000e-01,5.337455598289087e-05,-7.512982179781362e-05,1.666666666666667e+00,0.000000000000000e+00,2.981500000000000e+02,3.033015799380832e+02,3.000000000000000e+02,5.336473833584901e+02,3.041112445150274e+02,2,0.000000000000000e+00,0.000000000000000e+00
3.329999999999054e-05,333,2.778523254473882e-02,3.174662587724065e+03,1.000000000000000e+00,8.000000000000000e-01,2.000000000000000e-01,5.354122264955723e-05,-7.512982179781362e-05,1.666666666666667e+00,0.000000000000000e+00,2.981500000000000e+02,3.032314745512326e+02,3.000000000000000e+02,5.342467050030733e+02,3.041341430553969e+02,2,0.000000000000000e+00,0.000000000000000e+00
3.339999999999076e-05,334,2.791209503542329e-02,2.783232437267261e+03,1.000000000000000e+00,8.000000000000000e-01,2.000000000000000e-01,5.370788931622358e-05,-7.512982179781362e-05,1.666666666666667e+00,0.000000000000000e+00,2.981500000000000e+02,3.031441012847519e+02,3.000000000000000e+02,5.347452023995129e+02,3.041567899793556e+02,2,0.000000000000000e+00,0.000000000000000e+00
3.349999999999098e-05,335,2.803869350931772e-02,2.598598082286998e+03,1.000000000000000e+00,8.000000000000000e-01,2.000000000000000e-01,5.387455598288993e-05,-7.512982179781362e-05,1.666666666666667e+00,0.000000000000000e+00,2.981500000000000e+02,3.030726007758383e+02,3.000000000000000e+02,5.353276228628489e+02,3.041792078305500e+02,2,0.000000000000000e+00,0.000000000000000e+00
3.359999999999120e-05,336,2.815600246006052e-02,2.396007072668533e+03,1.000000000000000e+00,8.000000000000000e-01,2.000000000000000e-01,5.404122264955629e-05,-7.512982179781362e-05,1.666666666666667e+00,0.000000000000000e+00,2.981500000000000e+02,3.030040889368474e+02,3.000000000000000e+02,5.357908143477651e+02,3.042008261356370e+02,2,0.000000000000000e+00,0.000000000000000e+00
3.369999999999142e-05,337,2.827323849286069e-02,2.422265405432058e+03,1.000000000000000e+00,8.000000000000000e-01,2.000000000000000e-01,5.420788931622264e-05,-7.512982179781362e-05,1.666666666666667e+00,0.000000000000000e+00,2.981500000000000e+02,3.029650420734736e+02,3.000000000000000e+02,5.362901507124375e+02,3.042222142825754e+02,2,0.000000000000000e+00,0.000000000000000e+00
3.379999999999164e-05,338,2.839516495064027e-02,2.449429614306119e+03,1.000000000000000e+00,8.000000000000000e-01,2.000000000000000e-01,5.437455598288900e-05,-7.512982179781362e-05,1.666666666666667e+00,0.000000000000000e+00,2.981500000000000e+02,3.029250024725744e+02,3.000000000000000e+02,5.368458177102801e+02,3.042438408450647e+02,2,0.000000000000000e+00,0.000000000000000e+00
3.389999999999186e-05,339,2.851635512296734e-02,2.692130314476191e+03,1.000000000000000e+00,8.000000000000000e-01,2.000000000000000e-01,5.454122264955535e-05,-7.512982179781362e-05,1.666666666666667e+00,0.000000000000000e+00,2.981500000000000e+02,3.029037532356337e+02,3.000000000000000e+02,5.373352291006285e+02,3.042659146136634e+02,2,0.000000000000000e+00,0.000000000000000e+00
3.399999999999208e-05,340,2.862750307232001e-02,4.579471026173029e+03,1.000000000000000e+00,8.000000000000000e-01,2.000000000000000e-01,5.470788931622171e-05,-7.512982179781362e-05,1.666666666666667e+00,0.000000000000000e+00,2.981500000000000e+02,3.038741355068931e+02,3.000000000000000e+02,5.375658549175555e+02,3.042894532747519e+02,2,0.000000000000000e+00,0.000000000000000e+00
3.409999999999230e-05,341,2.876557108568365e-02,3.671810724664283e+03,1.000000000000000e+00,8.000000000000000e-01,2.000000000000000e-01,5.487455598288806e-05,-7.512982179781362e-05,1.666666666666667e+00,0.000000000000000e+00,2.981500000000000e+02,3.038320448041259e+02,3.000000000000000e+02,5.378733611542038e+02,3.043141319151188e+02,2,0.000000000000000e+00,0.000000000000000e+00
3.419999999999252e-05,342,2.890181201119653e-02,3.657773581442262e+03,1.000000000000000e+00,8.000000000000000e-01,2.000000000000000e-01,5.504122264955442e-05,-7.512982179781362e-05,1.666666666666667e+00,0.000000000000000e+00,2.981500000000000e+02,3.037636427939026e+02,3.000000000000000e+02,5.383617390094057e+02,3.043378118773118e+02,2,0.000000000000000e+00,0.000000000000000e+00
3.429999999999274e-05,343,2.903456093483645e-02,3.102999594784570e+03,1.000000000000000e+00,8.000000000000000e-01,2.000000000000000e-01,5.520788931622077e-05,-7.512982179781362e-05,1.666666666666667e+00,0.000000000000000e+00,2.981500000000000e+02,3.036500930011969e+02,3.000000000000000e+02,5.387875426806553e+02,3.043610809800037e+02,2,0.000000000000000e+00,0.000000000000000e+00
3.439999999999296e-05,344,2.916296956694649e-02,2.624751068155702e+03,1.000000000000000e+00,8.000000000000000e-01,2.000000000000000e-01,5.537455598288713e-05,-7.512982179781362e-05,1.666666666666667e+00,0.000000000000000e+00,2.981500000000000e+02,3.035577168300183e+02,3.000000000000000e+02,5.392734481315821e+02,3.043831964183998e+02,2,0.000000000000000e+00,0.000000000000000e+00
3.449999999999317e-05,345,2.928674684377518e-02,2.897804703499972e+03,1.000000000000000e+00,8.000000000000000e-01,2.000000000000000e-01,5.554122264955348e-05,-7.512982179781362e-05,1.666666666666667e+00,0.000000000000000e+00,2.981500000000000e+02,3.034725429476101e+02,3.000000000000000e+02,5.397338379714439e+02,3.044045389404316e+02,2,0.000000000000000e+00,0.000000000000000e+00
3.459999999999339e-05,346,2.941203301652559e-02,2.456460265565890e+03,1.000000000000000e+00,8.000000000000000e-01,2.000000000000000e-01,5.570788931621983e-05,-7.512982179781362e-05,1.666666666666667e+00,0.000000000000000e+00,2.981500000000000e+02,3.033882421651855e+02,3.000000000000000e+02,5.402345602814061e+02,3.044256387113714e+02,2,0.000000000000000e+00,0.000000000000000e+00
3.469999999999361e-05,347,2.952859453583984e-02,3.052842517427929e+03,1.000000000000000e+00,8.000000000000000e-01,2.000000000000000e-01,5.587455598288619e-05,-7.512982179781362e-05,1.666666666666667e+00,0.000000000000000e+00,2.981500000000000e+02,3.032684465831813e+02,3.000000000000000e+02,5.406283861001587e+02,3.044465929562901e+02,2,0.000000000000000e+00,0.000000000000000e+00
3.479999999999383e-05,348,2.964883033054031e-02,2.888012990944215e+03,1.000000000000000e+00,8.000000000000000e-01,2.000000000000000e-01,5.604122264955254e-05,-7.512982179781362e-05,1.666666666666667e+00,0.000000000000000e+00,2.981500000000000e+02,3.031755836035591e+02,3.000000000000000e+02,5.410809784915270e+02,3.044680976073379e+02,2,0.000000000000000e+00,0.000000000000000e+00
3.489999999999405e-05,349,2.977356934486917e-02,2.836925432864665e+03,1.000000000000000e+00,8.000000000000000e-01,2.000000000000000e-01,5.620788931621890e-05,-7.512982179781362e-05,1.666666666666667e+00,0.000000000000000e+00,2.981500000000000e+02,3.031126712569478e+02,3.000000000000000e+02,5.415221622146845e+02,3.044901539493621e+02,2,0.000000000000000e+00,0.000000000000000e+00
3.499999999999427e-05,350,2.989167790179912e-02,2.432049138500803e+03,1.000000000000000e+00,8.000000000000000e-01,2.000000000000000e-01,5.637455598288525e-05,-7.512982179781362e-05,1.666666666666667e+00,0.000000000000000e+00,2.981500000000000e+02,3.030374537053919e+02,3.000000000000000e+02,5.419897002602161e+02,3.045114526833476e+02,2,0.000000000000000e+00,0.000000000000000e+00
3.509999999999449e-05,351,3.000414208810266e-02,2.696685927390641e+03,1.000000000000000e+00,8.000000000000000e-01,2.000000000000000e-01,5.654122264955161e-05,-7.512982179781362e-05,1.666666666666667e+00,0.000000000000000e+00,2.981500000000000e+02,3.029641047297804e+02,3.000000000000000e+02,5.424317508933036e+02,3.045319727045317e+02,2,0.000000000000000e+00,0.000000000000000e+00
3.519999999999471e-05,352,3.012477057001425e-02,2.542935114224966e+03,1.000000000000000e+00,8.000000000000000e-01,2.000000000000000e-01,5.670788931621796e-05,-7.512982179781362e-05,1.666666666666667e+00,0.000000000000000e+00,2.981500000000000e+02,3.029031754929018e+02,3.000000000000000e+02,5.430150322965420e+02,3.045527798473263e+02,2,0.000000000000000e+00,0.000000000000000e+00
3.529999999999493e-05,353,3.024267165605764e-02,2.761113403955723e+03,1.000000000000000e+00,8.000000000000000e-01,2.000000000000000e-01,5.687455598288432e-05,-7.512982179781362e-05,1.666666666666667e+00,0.000000000000000e+00,2.981500000000000e+02,3.028592502926160e+02,3.000000000000000e+02,5.435564759288233e+02,3.045734955575221e+02,2,0.000000000000000e+00,0.000000000000000e+00
3.539999999999515e-05,354,3.035990821543374e-02,2.921199939911332e+03,1.000000000000000e+00,8.000000000000000e-01,2.000000000000000e-01,5.704122264955067e-05,-7.512982179781362e-05,1.666666666666667e+00,0.000000000000000e+00,2.981500000000000e+02,3.028019614770496e+02,3.000000000000000e+02,5.440191177245105e+02,3.045945296762246e+02,2,0.000000000000000e+00,0.000000000000000e+00
3.549999999999537e-05,355,3.047429634663915e-02,2.573435030531947e+03,1.000000000000000e+00,8.000000000000000e-01,2.000000000000000e-01,5.720788931621702e-05,-7.512982179781362e-05,1.666666666666667e+00,0.000000000000000e+00,2.981500000000000e+02,3.027395324811042e+02,3.000000000000000e+02,5.444518239275204e+02,3.046152419528052e+02,2,0.000000000000000e+00,0.000000000000000e+00
3.559999999999559e-05,356,3.058752659087335e-02,2.863438301917913e+03,1.000000000000000e+00,8.000000000000000e-01,2.000000000000000e-01,5.737455598288338e-05,-7.512982179781362e-05,1.666666666666667e+00,0.000000000000000e+00,2.981500000000000e+02,3.026861406320243e+02,3.000000000000000e+02,5.449294202711048e+02,3.046359620537293e+02,2,0.000000000000000e+00,0.000000000000000e+00
3.569999999999581e-05,357,3.070144317640471e-02,2.634981609236034e+03,1.000000000000000e+00,8.000000000000000e-01,2.000000000000000e-01,5.754122264954973e-05,-7.512982179781362e-05,1.666666666666667e+00,0.000000000000000e+00,2.981500000000000e+02,3.026432584947066e+02,3.000000000000000e+02,5.453797144871646e+02,3.046567228990817e+02,2,0.000000000000000e+00,0.000000000000000e+00
3.579999999999603e-05,358,3.082121193079146e-02,2.735168108179758e+03,1.000000000000000e+00,8.000000000000000e-01,2.000000000000000e-01,5.770788931621609e-05,-7.512982179781362e-05,1.666666666666667e+00,0.000000000000000e+00,2.981500000000000e+02,3.026074582058470e+02,3.000000000000000e+02,5.458957155183904e+02,3.046778074835528e+02,2,0.000000000000000e+00,0.000000000000000e+00
3.589999999999624e-05,359,3.093596516155909e-02,2.653739625130208e+03,1.000000000000000e+00,8.000000000000000e-01,2.000000000000000e-01,5.787455598288244e-05,-7.512982179781362e-05,1.666666666666667e+00,0.000000000000000e+00,2.981500000000000e+02,3.025751342756799e+02,3.000000000000000e+02,5.464072371060159e+02,3.046982251325124e+02,2,0.000000000000000e+00,0.000000000000000e+00
3.599999999999646e-05,360,3.104937329445786e-02,2.733970396014555e+03,1.000000000000000e+00,8.000000000000000e-01,2.000000000000000e-01,5.804122264954880e-05,-7.512982179781362e-05,1.666666666666667e+00,0.000000000000000e+00,2.981500000000000e+02,3.025337600237439e+02,3.000000000000000e+02,5.468893527796326e+02,3.047185499696500e+02,2,0.000000000000000e+00,0.000000000000000e+00
3.609999999999668e-05,361,3.426057637286393e-02,2.809277201382340e+03,1.000000000000000e+00,8.000000000000000e-01,2.000000000000000e-01,5.820788931621515e-05,-7.512982179781362e-05,1.666666666666667e+00,0.000000000000000e+00,2.981500000000000e+02,3.024945316722510e+02,3.000000000000000e+02,5.473605306868717e+02,3.047396130735330e+02,2,0.000000000000000e+00,0.000000000000000e+00
3.619999999999690e-05,362,3.440224946705268e-02,2.594135837956816e+03,1.000000000000000e+00,8.000000000000000e-01,2.000000000000000e-01,5.837455598288151e-05,-7.512982179781362e-05,1.666666666666667e+00,0.000000000000000e+00,2.981500000000000e+02,3.024641529220403e+02,3.000000000000000e+02,5.479685908583068e+02,3.047603944506630e+02,2,0.000000000000000e+00,0.000000000000000e+00
3.629999999999712e-05,363,3.454679928284873e-02,2.460237616951534e+03,1.000000000000000e+00,8.000000000000000e-01,2.000000000000000e-01,5.854122264954786e-05,-7.512982179781362e-05,1.666666666666667e+00,0.000000000000000e+00,2.981500000000000e+02,3.024296234602007e+02,3.000000000000000e+02,5.487239566821113e+02,3.047809256193729e+02,2,0.000000000000000e+00,0.000000000000000e+00
3.639999999999734e-05,364,3.468612249860405e-02,2.296406319611807e+03,1.000000000000000e+00,8.000000000000000e-01,2.000000000000000e-01,5.870788931621422e-05,-7.512982179781362e-05,1.666666666666667e+00,0.000000000000000e+00,2.981500000000000e+02,3.023912541122149e+02,3.000000000000000e+02,5.495253961299672e+02,3.048009071899506e+02,2,0.000000000000000e+00,0.000000000000000e+00
3.649999999999756e-05,365,3.482485494284176e-02,2.291133635963136e+03,1.000000000000000e+00,8.000000000000000e-01,2.000000000000000e-01,5.887455598288057e-05,-7.512982179781362e-05,1.666666666666667e+00,0.000000000000000e+00,2.981500000000000e+02,3.023637445416319e+02,3.000000000000000e+02,5.503575088775447e+02,3.048208519003593e+02,2,0.000000000000000e+00,0.000000000000000e+00
3.659999999999778e-05,366,3.496360472393730e-02,2.149820940828542e+03,1.000000000000000e+00,8.000000000000000e-01,2.000000000000000e-01,5.904122264954692e-05,-7.512982179781362e-05,1.666666666666667e+00,0.000000000000000e+00,2.981500000000000e+02,3.023361088770964e+02,3.000000000000000e+02,5.512271735369245e+02,3.048406169660211e+02,2,0.000000000000000e+00,0.000000000000000e+00
3.669999999999800e-05,367,3.510530665721105e-02,2.303891760377555e+03,1.000000000000000e+00,8.000000000000000e-01,2.000000000000000e-01,5.920788931621328e-05,-7.512982179781362e-05,1.666666666666667e+00,0.000000000000000e+00,2.981500000000000e+02,3.023061906661950e+02,3.000000000000000e+02,5.520818937937831e+02,3.048608528653002e+02,2,0.000000000000000e+00,0.000000000000000e+00
3.679999999999822e-05,368,3.523780501975746e-02,2.342645687311748e+03,1.000000000000000e+00,8.000000000000000e-01,2.000000000000000e-01,5.937455598287963e-05,-7.512982179781362e-05,1.666666666666667e+00,0.000000000000000e+00,2.981500000000000e+02,3.022743798743613e+02,3.000000000000000e+02,5.528826080240660e+02,3.048807169219072e+02,2,0.000000000000000e+00,0.000000000000000e+00
3.689999999999844e-05,369,3.537003027750679e-02,2.098963734857143e+03,1.000000000000000e+00,8.000000000000000e-01,2.000000000000000e-01,5.954122264954599e-05,-7.512982179781362e-05,1.666666666666667e+00,0.000000000000000e+00,2.981500000000000e+02,3.022414424440674e+02,3.000000000000000e+02,5.536612131667401e+02,3.049009146827825e+02,2,0.000000000000000e+00,0.000000000000000e+00
3.699999999999866e-05,370,3.548974881818790e-02,2.090280806218601e+03,1.000000000000000e+00,8.000000000000000e-01,2.000000000000000e-01,5.970788931621234e-05,-7.512982179781362e-05,1.666666666666667e+00,0.000000000000000e+00,2.981500000000000e+02,3.021993040056846e+02,3.000000000000000e+02,5.541963626279035e+02,3.049206516117586e+02,2,0.000000000000000e+00,0.000000000000000e+00
3.709999999999888e-05,371,3.560535672542761e-02,1.792721847471439e+03,1.000000000000000e+00,8.000000000000000e-01,2.000000000000000e-01,5.987455598287870e-05,-7.512982179781362e-05,1.666666666666667e+00,0.000000000000000e+00,2.981500000000000e+02,3.021576716968782e+02,3.000000000000000e+02,5.546340617659018e+02,3.049401200798939e+02,2,0.000000000000000e+00,0.000000000000000e+00
3.719999999999909e-05,372,3.571658480345200e-02,1.903852820080999e+03,1.000000000000000e+00,8.000000000000000e-01,2.000000000000000e-01,6.004122264954505e-05,-7.512982179781362e-05,1.666666666666667e+00,0.000000000000000e+00,2.981500000000000e+02,3.021183834425271e+02,3.000000000000000e+02,5.550215564032919e+02,3.049592304638084e+02,2,0.000000000000000e+00,0.000000000000000e+00
3.729999999999931e-05,373,3.583027845454490e-02,1.924329296327790e+03,1.000000000000000e+00,8.000000000000000e-01,2.000000000000000e-01,6.020788931621141e-05,-7.512982179781362e-05,1.666666666666667e+00,0.000000000000000e+00,2.981500000000000e+02,3.020820855546933e+02,3.000000000000000e+02,5.554299407897362e+02,3.049781166110968e+02,2,0.000000000000000e+00,0.000000000000000e+00
3.739999999999953e-05,374,3.593627155329232e-02,1.495529549665788e+03,1.000000000000000e+00,8.000000000000000e-01,2.000000000000000e-01,6.037455598287776e-05,-7.512982179781362e-05,1.666666666666667e+00,0.000000000000000e+00,2.981500000000000e+02,3.020424586586149e+02,3.000000000000000e+02,5.557439700041455e+02,3.049966761957468e+02,2,0.000000000000000e+00,0.000000000000000e+00
3.749999999999975e-05,375,3.603947761884112e-02,1.691652438630718e+03,1.000000000000000e+00,8.000000000000000e-01,2.000000000000000e-01,6.054122264954411e-05,-7.512982179781362e-05,1.666666666666667e+00,0.000000000000000e+00,2.981500000000000e+02,3.020012705417435e+02,3.000000000000000e+02,5.560203921696502e+02,3.050153977144076e+02,2,0.000000000000000e+00,0.000000000000000e+00
3.759999999999997e-05,376,3.614113996880826e-02,1.899145732524584e+03,1.000000000000000e+00,8.000000000000000e-01,2.000000000000000e-01,6.070788931621047e-05,-7.512982179781362e-05,1.666666666666667e+00,0.000000000000000e+00,2.981500000000000e+02,3.019613198071638e+02,3.000000000000000e+02,5.562680375209113e+02,3.050343605244275e+02,2,0.000000000000000e+00,0.000000000000000e+00
3.770000000000019e-05,377,3.624608923613694e-02,1.581157326121817e+03,1.000000000000000e+00,8.000000000000000e-01,2.000000000000000e-01,6.087455598287682e-05,-7.512982179781362e-05,1.666666666666667e+00,0.000000000000000e+00,2.981500000000000e+02,3.019359885275093e+02,3.000000000000000e+02,5.569090592451673e+02,3.050533184762460e+02,2,0.000000000000000e+00,0.000000000000000e+00
3.780000000000041e-05,378,3.634810912469483e-02,1.905194111192091e+03,1.000000000000000e+00,8.000000000000000e-01,2.000000000000000e-01,6.104122264954320e-05,-7.512982179781362e-05,1.666666666666667e+00,0.000000000000000e+00,2.981500000000000e+02,3.019353630476165e+02,3.000000000000000e+02,5.577747339031802e+02,3.050723506958973e+02,2,0.000000000000000e+00,0.000000000000000e+00
3.790000000000063e-05,379,3.645081851010118e-02,1.851259667601236e+03,1.000000000000000e+00,8.000000000000000e-01,2.000000000000000e-01,6.120788931621023e-05,-7.512982179781362e-05,1.666666666666667e+00,0.000000000000000e+00,2.981500000000000e+02,3.019439308248685e+02,3.000000000000000e+02,5.585995247862267e+02,3.050911162140780e+02,2,0.000000000000000e+00,0.000000000000000e+00
3.800000000000085e-05,380,3.655858989958434e-02,1.701165631462977e+03,1.000000000000000e+00,8.000000000000000e-01,2.000000000000000e-01,6.137455598287726e-05,-7.512982179781362e-05,1.666666666666667e+00,0.000000000000000e+00,2.981500000000000e+02,3.019507229392204e+02,3.000000000000000e+02,5.594958185643655e+02,3.051102432081422e+02,2,0.000000000000000e+00,0.000000000000000e+00
3.810000000000107e-05,381,3.666673464126010e-02,1.874570761244651e+03,1.000000000000000e+00,8.000000000000000e-01,2.000000000000000e-01,6.154122264954429e-05,-7.512982179781362e-05,1.666666666666667e+00,0.000000000000000e+00,2.981500000000000e+02,3.019583784185216e+02,3.000000000000000e+02,5.603897492823494e+02,3.051296789346072e+02,2,0.000000000000000e+00,0.000000000000000e+00
3.820000000000129e-05,382,3.677162227439642e-02,1.893999610040776e+03,1.000000000000000e+00,8.000000000000000e-01,2.000000000000000e-01,6.170788931621133e-05,-7.512982179781362e-05,1.666666666666667e+00,0.000000000000000e+00,2.981500000000000e+02,3.019554339478981e+02,3.000000000000000e+02,5.613124285012642e+02,3.051492738773752e+02,2,0.000000000000000e+00,0.000000000000000e+00
3.830000000000151e-05,383,3.687921844185795e-02,2.027473397217255e+03,1.000000000000000e+00,8.000000000000000e-01,2.000000000000000e-01,6.187455598287836e-05,-7.512982179781362e-05,1.666666666666667e+00,0.000000000000000e+00,2.981500000000000e+02,3.019590800040342e+02,3.000000000000000e+02,5.622551261368410e+02,3.051691868203624e+02,2,0.000000000000000e+00,0.000000000000000e+00
3.840000000000173e-05,384,3.698722922394278e-02,1.999235894737435e+03,1.000000000000000e+00,8.000000000000000e-01,2.000000000000000e-01,6.204122264954539e-05,-7.512982179781362e-05,1.666666666666667e+00,0.000000000000000e+00,2.981500000000000e+02,3.019733660537787e+02,3.000000000000000e+02,5.632095172414422e+02,3.051892127142799e+02,2,0.000000000000000e+00,0.000000000000000e+00
3.850000000000195e-05,385,3.709812101244648e-02,2.149169056895279e+03,1.000000000000000e+00,8.000000000000000e-01,2.000000000000000e-01,6.220788931621242e-05,-7.512982179781362e-05,1.666666666666667e+00,0.000000000000000e+00,2.981500000000000e+02,3.019975733330891e+02,3.000000000000000e+02,5.641750195594525e+02,3.052094428528220e+02,2,0.000000000000000e+00,0.000000000000000e+00
3.860000000000216e-05,386,3.721444426219021e-02,1.945760160658741e+03,1.000000000000000e+00,8.000000000000000e-01,2.000000000000000e-01,6.237455598287946e-05,-7.512982179781362e-05,1.666666666666667e+00,0.000000000000000e+00,2.981500000000000e+02,3.020268916708901e+02,3.000000000000000e+02,5.651889308888479e+02,3.052298025197004e+02,2,0.000000000000000e+00,0.000000000000000e+00
3.870000000000238e-05,387,3.732697322367036e-02,1.935994675205731e+03,1.000000000000000e+00,8.000000000000000e-01,2.000000000000000e-01,6.254122264954649e-05,-7.512982179781362e-05,1.666666666666667e+00,0.000000000000000e+00,2.981500000000000e+02,3.020624294589954e+02,3.000000000000000e+02,5.661618921488770e+02,3.052499652854714e+02,2,0.000000000000000e+00,0.000000000000000e+00
3.880000000000260e-05,388,3.743924335602801e-02,2.220709381296523e+03,1.000000000000000e+00,8.000000000000000e-01,2.000000000000000e-01,6.270788931621352e-05,-7.512982179781362e-05,1.666666666666667e+00,0.000000000000000e+00,2.981500000000000e+02,3.020833884962085e+02,3.000000000000000e+02,5.671891901096842e+02,3.052701766113238e+02,2,0.000000000000000e+00,0.000000000000000e+00
3.890000000000282e-05,389,3.755408967056861e-02,2.397112845452087e+03,1.000000000000000e+00,8.000000000000000e-01,2.000000000000000e-01,6.287455598288055e-05,-7.512982179781362e-05,1.666666666666667e+00,0.000000000000000e+00,2.981500000000000e+02,3.020948094277201e+02,3.000000000000000e+02,5.682866652503184e+02,3.052910125601038e+02,2,0.000000000000000e+00,0.000000000000000e+00
3.900000000000304e-05,390,3.774983885490257e-02,1.218920582220559e+04,1.000000000000000e+00,8.000000000000000e-01,2.000000000000000e-01,6.304122264954758e-05,-7.512982179781362e-05,1.666666666666667e+00,0.000000000000000e+00,2.981500000000000e+02,3.037076032340323e+02,3.000000000000000e+02,5.702046014601420e+02,3.053154547037647e+02,2,0.000000000000000e+00,0.000000000000000e+00
3.910000000000326e-05,391,3.795629103153320e-02,7.909660204493339e+03,1.000000000000000e+00,8.000000000000000e-01,2.000000000000000e-01,6.320788931621462e-05,-7.512982179781362e-05,1.666666666666667e+00,0.000000000000000e+00,2.981500000000000e+02,3.041636540748967e+02,3.000000000000000e+02,5.718262142256227e+02,3.053416786629713e+02,2,0.000000000000000e+00,0.000000000000000e+00
3.920000000000348e-05,392,3.814692093059909e-02,5.823285164646135e+03,1.000000000000000e+00,8.000000000000000e-01,2.000000000000000e-01,6.337455598288165e-05,-7.512982179781362e-05,1.666666666666667e+00,0.000000000000000e+00,2.981500000000000e+02,3.041804000481197e+02,3.000000000000000e+02,5.735295184832308e+02,3.053666620078253e+02,2,0.000000000000000e+00,0.000000000000000e+00
3.930000000000370e-05,393,3.832073578729348e-02,4.625662537562544e+03,1.000000000000000e+00,8.000000000000000e-01,2.000000000000000e-01,6.354122264954868e-05,-7.512982179781362e-05,1.666666666666667e+00,0.000000000000000e+00,2.981500000000000e+02,3.040473223562875e+02,3.000000000000000e+02,5.750143188173622e+02,3.053901160963125e+02,2,0.000000000000000e+00,0.000000000000000e+00
3.940000000000392e-05,394,3.847869760568853e-02,3.525031332522812e+03,1.000000000000000e+00,8.000000000000000e-01,2.000000000000000e-01,6.370788931621571e-05,-7.512982179781362e-05,1.666666666666667e+00,0.000000000000000e+00,2.981500000000000e+02,3.038825821224232e+02,3.000000000000000e+02,5.764079028950482e+02,3.054118947331321e+02,2,0.000000000000000e+00,0.000000000000000e+00
3.950000000000414e-05,395,3.862778916773624e-02,3.537232926224811e+03,1.000000000000000e+00,8.000000000000000e-01,2.000000000000000e-01,6.387455598288274e-05,-7.512982179781362e-05,1.666666666666667e+00,0.000000000000000e+00,2.981500000000000e+02,3.036978299152095e+02,3.000000000000000e+02,5.778171842675267e+02,3.054332230042646e+02,2,0.000000000000000e+00,0.000000000000000e+00
3.960000000000436e-05,396,3.879057355676493e-02,1.627139276233381e+04,1.000000000000000e+00,8.000000000000000e-01,2.000000000000000e-01,6.404122264954978e-05,-7.512982179781362e-05,1.666666666666667e+00,0.000000000000000e+00,2.981500000000000e+02,3.035159829675335e+02,3.000000000000000e+02,5.792816668506302e+02,3.054551437513489e+02,2,0.000000000000000e+00,0.000000000000000e+00
3.970000000000458e-05,397,3.899346495184688e-02,4.694516852151880e+03,1.000000000000000e+00,8.000000000000000e-01,2.000000000000000e-01,6.420788931621681e-05,-7.512982179781362e-05,1.666666666666667e+00,0.000000000000000e+00,2.981500000000000e+02,3.037797691502264e+02,3.000000000000000e+02,5.810542079328326e+02,3.054790878711108e+02,2,0.000000000000000e+00,0.000000000000000e+00
3.980000000000480e-05,398,3.917501506098851e-02,4.698222002301954e+03,1.000000000000000e+00,8.000000000000000e-01,2.000000000000000e-01,6.437455598288384e-05,-7.512982179781362e-05,1.666666666666667e+00,0.000000000000000e+00,2.981500000000000e+02,3.036809714807995e+02,3.000000000000000e+02,5.827074588260994e+02,3.055038436786521e+02,2,0.000000000000000e+00,0.000000000000000e+00
3.990000000000502e-05,399,3.935883823779993e-02,3.705402599770824e+03,1.000000000000000e+00,8.000000000000000e-01,2.000000000000000e-01,6.454122264955087e-05,-7.512982179781362e-05,1.666666666666667e+00,0.000000000000000e+00,2.981500000000000e+02,3.035870413502145e+02,3.000000000000000e+02,5.844995942492459e+02,3.055280750217628e+02,2,0.000000000000000e+00,0.000000000000000e+00
4.000000000000523e-05,400,4.639185661809080e-02,3.263469122185590e+03,1.000000000000000e+00,8.000000000000000e-01,2.000000000000000e-01,6.470788931621791e-05,-7.512982179781362e-05,1.666666666666667e+00,0.000000000000000e+00,2.981500000000000e+02,3.034825133766466e+02,3.000000000000000e+02,5.860145281086734e+02,3.055508847189184e+02,2,0.000000000000000e+00,0.000000000000000e+00
4.010000000000545e-05,401,4.656898998571971e-02,3.598842095414931e+03,1.000000000000000e+00,8.000000000000000e-01,2.000000000000000e-01,6.487455598288494e-05,-7.512982179781362e-05,1.666666666666667e+00,0.000000000000000e+00,2.981500000000000e+02,3.033513917547850e+02,3.000000000000000e+02,5.873314390170673e+02,3.055731983487620e+02,2,0.000000000000000e+00,0.000000000000000e+00
4.020000000000567e-05,402,4.675065363607619e-02,3.446617113538624e+03,1.000000000000000e+00,8.000000000000000e-01,2.000000000000000e-01,6.504122264955197e-05,-7.512982179781362e-05,1.666666666666667e+00,0.000000000000000e+00,2.981500000000000e+02,3.032517559213321e+02,3.000000000000000e+02,5.885949835103538e+02,3.055953304400931e+02,2,0.000000000000000e+00,0.000000000000000e+00
4.030000000000589e-05,403,4.693789805405339e-02,3.404038603833537e+03,1.000000000000000e+00,8.000000000000000e-01,2.000000000000000e-01,6.520788931621900e-05,-7.512982179781362e-05,1.666666666666667e+00,0.000000000000000e+00,2.981500000000000e+02,3.031863170131101e+02,3.000000000000000e+02,5.898253894686178e+02,3.056179475243330e+02,2,0.000000000000000e+00,0.000000000000000e+00
4.040000000000611e-05,404,4.712269443940997e-02,4.039732657138888e+03,1.000000000000000e+00,8.000000000000000e-01,2.000000000000000e-01,6.537455598288603e-05,-7.512982179781362e-05,1.666666666666667e+00,0.000000000000000e+00,2.981500000000000e+02,3.031151863596809e+02,3.000000000000000e+02,5.910470790667449e+02,3.056412666472519e+02,2,0.000000000000000e+00,0.000000000000000e+00
4.050000000000633e-05,405,4.730352492088936e-02,3.072043754669584e+03,1.000000000000000e+00,8.000000000000000e-01,2.000000000000000e-01,6.554122264955307e-05,-7.512982179781362e-05,1.666666666666667e+00,0.000000000000000e+00,2.981500000000000e+02,3.030375895415904e+02,3.000000000000000e+02,5.922220321379749e+02,3.056643293012878e+02,2,0.000000000000000e+00,0.000000000000000e+00
4.060000000000655e-05,406,4.748996318938842e-02,3.312232096164606e+03,1.000000000000000e+00,8.000000000000000e-01,2.000000000000000e-01,6.570788931622010e-05,-7.512982179781362e-05,1.666666666666667e+00,0.000000000000000e+00,2.981500000000000e+02,3.029823108100228e+02,3.000000000000000e+02,5.933415205616501e+02,3.056877313344214e+02,2,0.000000000000000e+00,0.000000000000000e+00
4.070000000000677e-05,407,4.766147628531089e-02,3.431652920245083e+03,1.000000000000000e+00,8.000000000000000e-01,2.000000000000000e-01,6.587455598288713e-05,-7.512982179781362e-05,1.666666666666667e+00,0.000000000000000e+00,2.981500000000000e+02,3.029556126595286e+02,3.000000000000000e+02,5.943460305584362e+02,3.057109457817329e+02,2,0.000000000000000e+00,0.000000000000000e+00
4.080000000000699e-05,408,4.784607899659617e-02,3.254055547872381e+03,1.000000000000000e+00,8.000000000000000e-01,2.000000000000000e-01,6.604122264955416e-05,-7.512982179781362e-05,1.666666666666667e+00,0.000000000000000e+00,2.981500000000000e+02,3.029205720118545e+02,3.000000000000000e+02,5.954772331685757e+02,3.057344484293163e+02,2,0.000000000000000e+00,0.000000000000000e+00
4.090000000000721e-05,409,4.802250261108275e-02,3.538995475766019e+03,1.000000000000000e+00,8.000000000000000e-01,2.000000000000000e-01,6.620788931622119e-05,-7.512982179781362e-05,1.666666666666667e+00,0.000000000000000e+00,2.981500000000000e+02,3.028941380789044e+02,3.000000000000000e+02,5.964786662166047e+02,3.057564249913756e+02,2,0.000000000000000e+00,0.000000000000000e+00
4.100000000000743e-05,410,4.819988609070056e-02,3.459777676607581e+03,1.000000000000000e+00,8.000000000000000e-01,2.000000000000000e-01,6.637455598288823e-05,-7.512982179781362e-05,1.666666666666667e+00,0.000000000000000e+00,2.981500000000000e+02,3.028639708217322e+02,3.000000000000000e+02,5.974007875459889e+02,3.057780593195444e+02,2,0.000000000000000e+00,0.000000000000000e+00
4.110000000000765e-05,411,4.837756117840061e-02,2.523588532081382e+03,1.000000000000000e+00,8.000000000000000e-01,2.000000000000000e-01,6.654122264955526e-05,-7.512982179781362e-05,1.666666666666667e+00,0.000000000000000e+00,2.981500000000000e+02,3.028196375381709e+02,3.000000000000000e+02,5.983374577470649e+02,3.057995086952234e+02,2,0.000000000000000e+00,0.000000000000000e+00
4.120000000000787e-05,412,4.854192258068860e-02,2.867970266057176e+03,1.000000000000000e+00,8.000000000000000e-01,2.000000000000000e-01,6.670788931622229e-05,-7.512982179781362e-05,1.666666666666667e+00,0.000000000000000e+00,2.981500000000000e+02,3.027593220746360e+02,3.000000000000000e+02,5.991564111129659e+02,3.058198873642182e+02,2,0.000000000000000e+00,0.000000000000000e+00
4.130000000000809e-05,413,4.869992784843170e-02,2.401299268010127e+03,1.000000000000000e+00,8.000000000000000e-01,2.000000000000000e-01,6.687455598288932e-05,-7.512982179781362e-05,1.666666666666667e+00,0.000000000000000e+00,2.981500000000000e+02,3.027121255190619e+02,3.000000000000000e+02,5.998831535894595e+02,3.058397083602574e+02,2,0.000000000000000e+00,0.000000000000000e+00
4.140000000000830e-05,414,4.886230581324404e-02,2.666831689926659e+03,1.000000000000000e+00,8.000000000000000e-01,2.000000000000000e-01,6.704122264955635e-05,-7.512982179781362e-05,1.666666666666667e+00,0.000000000000000e+00,2.981500000000000e+02,3.026733172363644e+02,3.000000000000000e+02,6.006874773854274e+02,3.058598468155565e+02,2,0.000000000000000e+00,0.000000000000000e+00
4.150000000000852e-05,415,4.903266434669853e-02,2.980881024410538e+03,1.000000000000000e+00,8.000000000000000e-01,2.000000000000000e-01,6.720788931622339e-05,-7.512982179781362e-05,1.666666666666667e+00,0.000000000000000e+00,2.981500000000000e+02,3.026396833021559e+02,3.000000000000000e+02,6.015797968696394e+02,3.058808890287541e+02,2,0.000000000000000e+00,0.000000000000000e+00
4.160000000000874e-05,416,4.919993885434482e-02,2.678456958207696e+03,1.000000000000000e+00,8.000000000000000e-01,2.000000000000000e-01,6.737455598289042e-05,-7.512982179781362e-05,1.666666666666667e+00,0.000000000000000e+00,2.981500000000000e+02,3.025989859800344e+02,3.000000000000000e+02,6.024039433220744e+02,3.059014248295827e+02,2,0.000000000000000e+00,0.000000000000000e+00
4.170000000000896e-05,417,4.937513994226667e-02,2.937911913986075e+03,1.000000000000000e+00,8.000000000000000e-01,2.000000000000000e-01,6.754122264955745e-05,-7.512982179781362e-05,1.666666666666667e+00,0.000000000000000e+00,2.981500000000000e+02,3.025568464550506e+02,3.000000000000000e+02,6.032767817940565e+02,3.059227511295794e+02,2,0.000000000000000e+00,0.000000000000000e+00
4.180000000000918e-05,418,4.954361894264248e-02,2.969844768881303e+03,1.000000000000000e+00,8.000000000000000e-01,2.000000000000000e-01,6.770788931622448e-05,-7.512982179781362e-05,1.666666666666667e+00,0.000000000000000e+00,2.981500000000000e+02,3.025134336310444e+02,3.000000000000000e+02,6.041419434825580e+02,3.059437970625769e+02,2,0.000000000000000e+00,0.000000000000000e+00
4.190000000000940e-05,419,4.971148716486774e-02,2.767081893594178e+03,1.000000000000000e+00,8.000000000000000e-01,2.000000000000000e-01,6.787455598289152e-05,-7.512982179781362e-05,1.666666666666667e+00,0.000000000000000e+00,2.981500000000000e+02,3.024745784245174e+02,3.000000000000000e+02,6.049944874999486e+02,3.059650166021319e+02,2,0.000000000000000e+00,0.000000000000000e+00
4.200000000000962e-05,420,4.988216897791996e-02,3.231872595190795e+03,1.000000000000000e+00,8.000000000000000e-01,2.000000000000000e-01,6.804122264955855e-05,-7.512982179781362e-05,1.666666666666667e+00,0.000000000000000e+00,2.981500000000000e+02,3.024451874113004e+02,3.000000000000000e+02,6.058479244223593e+02,3.059864021569038e+02,2,0.000000000000000e+00,0.000000000000000e+00
4.210000000000984e-05,421,5.005680985104549e-02,3.066944068203326e+03,1.000000000000000e+00,8.000000000000000e-01,2.000000000000000e-01,6.820788931622558e-05,-7.512982179781362e-05,1.666666666666667e+00,0.000000000000000e+00,2.981500000000000e+02,3.024189643710392e+02,3.000000000000000e+02,6.067380487031355e+02,3.060081646746324e+02,2,0.000000000000000e+00,0.000000000000000e+00
4.220000000001006e-05,422,5.022644746928728e-02,2.759513076028102e+03,1.000000000000000e+00,8.000000000000000e-01,2.000000000000000e-01,6.837455598289261e-05,-7.512982179781362e-05,1.666666666666667e+00,0.000000000000000e+00,2.981500000000000e+02,3.023958288161323e+02,3.000000000000000e+02,6.075687912137055e+02,3.060292284776162e+02,2,0.000000000000000e+00,0.000000000000000e+00
4.230000000001028e-05,423,5.040118285934415e-02,3.216099432478728e+03,1.000000000000000e+00,8.000000000000000e-01,2.000000000000000e-01,6.854122264955964e-05,-7.512982179781362e-05,1.666666666666667e+00,0.000000000000000e+00,2.981500000000000e+02,3.023696013185602e+02,3.000000000000000e+02,6.084051468708329e+02,3.060505762307526e+02,2,0.000000000000000e+00,0.000000000000000e+00
4.240000000001050e-05,424,5.056738815616893e-02,3.006599635903504e+03,1.000000000000000e+00,8.000000000000000e-01,2.000000000000000e-01,6.870788931622668e-05,-7.512982179781362e-05,1.666666666666667e+00,0.000000000000000e+00,2.981500000000000e+02,3.023398919293200e+02,3.000000000000000e+02,6.092262537947412e+02,3.060716394766056e+02,2,0.000000000000000e+00,0.000000000000000e+00
4.250000000001072e-05,425,5.073244177125752e-02,2.773364790884471e+03,1.000000000000000e+00,8.000000000000000e-01,2.000000000000000e-01,6.887455598289371e-05,-7.512982179781362e-05,1.666666666666667e+00,0.000000000000000e+00,2.981500000000000e+02,3.023074840522666e+02,3.000000000000000e+02,6.100706235838046e+02,3.060928458630336e+02,2,0.000000000000000e+00,0.000000000000000e+00
4.260000000001094e-05,426,5.366853622089367e-02,2.987514729999254e+03,1.000000000000000e+00,8.000000000000000e-01,2.000000000000000e-01,6.904122264956074e-05,-7.512982179781362e-05,1.666666666666667e+00,0.000000000000000e+00,2.981500000000000e+02,3.022752210371001e+02,3.000000000000000e+02,6.108820661713073e+02,3.061143852633642e+02,2,0.000000000000000e+00,0.000000000000000e+00
4.270000000001115e-05,427,5.385660974423161e-02,2.429955315200514e+03,1.000000000000000e+00,8.000000000000000e-01,2.000000000000000e-01,6.920788931622777e-05,-7.512982179781362e-05,1.666666666666667e+00,0.000000000000000e+00,2.981500000000000e+02,3.022486871147325e+02,3.000000000000000e+02,6.116384065189510e+02,3.061354953529189e+02,2,0.000000000000000e+00,0.000000000000000e+00
4.280000000001137e-05,428,5.403483167344050e-02,2.136676506631671e+03,1.000000000000000e+00,8.000000000000000e-01,2.000000000000000e-01,6.937455598289480e-05,-7.512982179781362e-05,1.666666666666667e+00,0.000000000000000e+00,2.981500000000000e+02,3.022187988624088e+02,3.000000000000000e+02,6.123529416851273e+02,3.061563065892505e+02,2,0.000000000000000e+00,0.000000000000000e+00
4.290000000001159e-05,429,5.420834087982152e-02,2.455974506099946e+03,1.000000000000000e+00,8.000000000000000e-01,2.000000000000000e-01,6.954122264956184e-05,-7.512982179781362e-05,1.666666666666667e+00,0.000000000000000e+00,2.981500000000000e+02,3.021902294121011e+02,3.000000000000000e+02,6.130252229957742e+02,3.061766930476161e+02,2,0.000000000000000e+00,0.000000000000000e+00
4.300000000001181e-05,430,5.438401110833990e-02,2.532968532474373e+03,1.000000000000000e+00,8.000000000000000e-01,2.000000000000000e-01,6.970788931622887e-05,-7.512982179781362e-05,1.666666666666667e+00,0.000000000000000e+00,2.981500000000000e+02,3.021607360734848e+02,3.000000000000000e+02,6.137251695543207e+02,3.061974931628097e+02,2,0.000000000000000e+00,0.000000000000000e+00
4.310000000001203e-05,431,5.455943322228093e-02,2.335011270116826e+03,1.000000000000000e+00,8.000000000000000e-01,2.000000000000000e-01,6.987455598289590e-05,-7.512982179781362e-05,1.666666666666667e+00,0.000000000000000e+00,2.981500000000000e+02,3.021313524384795e+02,3.000000000000000e+02,6.144282895237312e+02,3.062184618367629e+02,2,0.000000000000000e+00,0.000000000000000e+00
4.320000000001225e-05,432,5.473022737899860e-02,2.540296520282468e+03,1.000000000000000e+00,8.000000000000000e-01,2.000000000000000e-01,7.004122264956293e-05,-7.512982179781362e-05,1.666666666666667e+00,0.000000000000000e+00,2.981500000000000e+02,3.020989944190298e+02,3.000000000000000e+02,6.151268541880906e+02,3.062397796836332e+02,2,0.000000000000000e+00,0.000000000000000e+00
4.330000000001247e-05,433,5.490094187077933e-02,2.680813173823808e+03,1.000000000000000e+00,8.000000000000000e-01,2.000000000000000e-01,7.020788931622996e-05,-7.512982179781362e-05,1.666666666666667e+00,0.000000000000000e+00,2.981500000000000e+02,3.020711965580757e+02,3.000000000000000e+02,6.158026954235714e+02,3.062608874247261e+02,2,0.000000000000000e+00,0.000000000000000e+00
4.340000000001269e-05,434,5.507449950336681e-02,2.340058999746326e+03,1.000000000000000e+00,8.000000000000000e-01,2.000000000000000e-01,7.037455598289700e-05,-7.512982179781362e-05,1.666666666666667e+00,0.000000000000000e+00,2.981500000000000e+02,3.020797760224333e+02,3.000000000000000e+02,6.164864505587702e+02,3.062824190284871e+02,2,0.000000000000000e+00,0.000000000000000e+00
4.350000000001291e-05,435,5.524515119406889e-02,2.732015577520483e+03,1.000000000000000e+00,8.000000000000000e-01,2.000000000000000e-01,7.054122264956403e-05,-7.512982179781362e-05,1.666666666666667e+00,0.000000000000000e+00,2.981500000000000e+02,3.021059878621806e+02,3.000000000000000e+02,6.171353613424360e+02,3.063037716026902e+02,2,0.000000000000000e+00,0.000000000000000e+00
4.360000000001313e-05,436,5.541719766905595e-02,2.695741687420279e+03,1.000000000000000e+00,8.000000000000000e-01,2.000000000000000e-01,7.070788931623106e-05,-7.512982179781362e-05,1.666666666666667e+00,0.000000000000000e+00,2.981500000000000e+02,3.021256273365173e+02,3.000000000000000e+02,6.178048894312483e+02,3.063252174512797e+02,2,0.000000000000000e+00,0.000000000000000e+00
4.370000000001335e-05,437,5.559155619935048e-02,2.727460066453630e+03,1.000000000000000e+00,8.000000000000000e-01,2.000000000000000e-01,7.087455598289809e-05,-7.512982179781362e-05,1.666666666666667e+00,0.000000000000000e+00,2.981500000000000e+02,3.021483415765236e+02,3.000000000000000e+02,6.184875727201812e+02,3.063470694106347e+02,2,0.000000000000000e+00,0.000000000000000e+00
4.380000000001357e-05,438,5.576223325369403e-02,2.639174059629824e+03,1.000000000000000e+00,8.000000000000000e-01,2.000000000000000e-01,7.104122264956513e-05,-7.512982179781362e-05,1.666666666666667e+00,0.000000000000000e+00,2.981500000000000e+02,3.021642326407052e+02,3.000000000000000e+02,6.191914239223229e+02,3.063690156804137e+02,2,0.000000000000000e+00,0.000000000000000e+00
4.390000000001379e-05,439,5.592926736127975e-02,2.993615401441292e+03,1.000000000000000e+00,8.000000000000000e-01,2.000000000000000e-01,7.120788931623216e-05,-7.512982179781362e-05,1.666666666666667e+00,0.000000000000000e+00,2.981500000000000e+02,3.021728228275518e+02,3.000000000000000e+02,6.199082558294358e+02,3.063911915201310e+02,2,0.000000000000000e+00,0.000000000000000e+00
4.400000000001401e-05,440,5.609608063319985e-02,2.593294985728216e+03,1.000000000000000e+00,8.000000000000000e-01,2.000000000000000e-01,7.137455598289919e-05,-7.512982179781362e-05,1.666666666666667e+00,0.000000000000000e+00,2.981500000000000e+02,3.021913192650334e+02,3.000000000000000e+02,6.206284448750047e+02,3.064134774006328e+02,2,0.000000000000000e+00,0.000000000000000e+00
4.410000000001422e-05,441,5.625217395833490e-02,2.248084431443544e+03,1.000000000000000e+00,8.000000000000000e-01,2.000000000000000e-01,7.154122264956622e-05,-7.512982179781362e-05,1.666666666666667e+00,0.000000000000000e+00,2.981500000000000e+02,3.022165334078069e+02,3.000000000000000e+02,6.212717642851904e+02,3.064354192499169e+02,2,0.000000000000000e+00,0.000000000000000e+00
4.420000000001444e-05,442,5.640615244552070e-02,2.265556034737112e+03,1.000000000000000e+00,8.000000000000000e-01,2.000000000000000e-01,7.170788931623325e-05,-7.512982179781362e-05,1.666666666666667e+00,0.000000000000000e+00,2.981500000000000e+02,3.022412614995898e+02,3.000000000000000e+02,6.219582950412362e+02,3.064569154264892e+02,2,0.000000000000000e+00,0.000000000000000e+00
4.430000000001466e-05,443,5.656258010371462e-02,2.673505989242876e+03,1.000000000000000e+00,8.000000000000000e-01,2.000000000000000e-01,7.187455598290029e-05,-7.512982179781362e-05,1.666666666666667e+00,0.000000000000000e+00,2.981500000000000e+02,3.022611460046828e+02,3.000000000000000e+02,6.226722294451465e+02,3.064786368155177e+02,2,0.000000000000000e+00,0.000000000000000e+00
4.440000000001488e-05,444,5.677746663288848e-02,3.174835619475960e+03,1.000000000000000e+00,8.000000000000000e-01,2.000000000000000e-01,7.204122264956732e-05,-7.512982179781362e-05,1.666666666666667e+00,0.000000000000000e+00,2.981500000000000e+02,3.026153514587271e+02,3.000000000000000e+02,6.234451985864596e+02,3.065011061647360e+02,2,0.000000000000000e+00,0.000000000000000e+00
4.450000000001510e-05,445,5.695596244929468e-02,2.832032350835147e+03,1.000000000000000e+00,8.000000000000000e-01,2.000000000000000e-01,7.220788931623435e-05,-7.512982179781362e-05,1.666666666666667e+00,0.000000000000000e+00,2.981500000000000e+02,3.025991276975133e+02,3.000000000000000e+02,6.242250818570814e+02,3.065237862702302e+02,2,0.000000000000000e+00,0.000000000000000e+00
4.460000000001532e-05,446,5.712659429848718e-02,2.590398339001612e+03,1.000000000000000e+00,8.000000000000000e-01,2.000000000000000e-01,7.237455598290138e-05,-7.512982179781362e-05,1.666666666666667e+00,0.000000000000000e+00,2.981500000000000e+02,3.025829262535603e+02,3.000000000000000e+02,6.249877083595668e+02,3.065459953773150e+02,2,0.000000000000000e+00,0.000000000000000e+00
4.470000000001554e-05,447,5.728454882364828e-02,2.474174737908727e+03,1.000000000000000e+00,8.000000000000000e-01,2.000000000000000e-01,7.254122264956841e-05,-7.512982179781362e-05,1.666666666666667e+00,0.000000000000000e+00,2.981500000000000e+02,3.025685735467777e+02,3.000000000000000e+02,6.257140044529380e+02,3.065677807523826e+02,2,0.000000000000000e+00,0.000000000000000e+00
4.480000000001576e-05,448,5.744255639958743e-02,2.393523841256879e+03,1.000000000000000e+00,8.000000000000000e-01,2.000000000000000e-01,7.270788931623545e-05,-7.512982179781362e-05,1.666666666666667e+00,0.000000000000000e+00,2.981500000000000e+02,3.025611132900044e+02,3.000000000000000e+02,6.264367584054693e+02,3.065893919328378e+02,2,0.000000000000000e+00,0.000000000000000e+00
4.490000000001598e-05,449,5.759611065017720e-02,2.567247080857483e+03,1.000000000000000e+00,8.000000000000000e-01,2.000000000000000e-01,7.287455598290248e-05,-7.512982179781362e-05,1.666666666666667e+00,0.000000000000000e+00,2.981500000000000e+02,3.025535672510781e+02,3.000000000000000e+02,6.271477906142750e+02,3.066106802375379e+02,2,0.000000000000000e+00,0.000000000000000e+00
4.500000000001620e-05,450,5.775672816714166e-02,2.598131649674521e+03,1.000000000000000e+00,8.000000000000000e-01,2.000000000000000e-01,7.304122264956951e-05,-7.512982179781362e-05,1.666666666666667e+00,0.000000000000000e+00,2.981500000000000e+02,3.025515129173478e+02,3.000000000000000e+02,6.278806399837699e+02,3.066322336335547e+02,2,0.000000000000000e+00,0.000000000000000e+00
4.510000000001642e-05,451,5.801021455860743e-02,2.055009134853287e+04,1.000000000000000e+00,8.000000000000000e-01,2.000000000000000e-01,7.320788931623654e-05,-7.512982179781362e-05,1.666666666666667e+00,0.000000000000000e+00,2.981500000000000e+02,3.028749406265130e+02,3.000000000000000e+02,6.284733382422859e+02,3.066550450596554e+02,2,0.000000000000000e+00,0.000000000000000e+00
4.520000000001664e-05,452,5.828783947021180e-02,4.441108230682276e+03,1.000000000000000e+00,8.000000000000000e-01,2.000000000000000e-01,7.337455598290358e-05,-7.512982179781362e-05,1.666666666666667e+00,0.000000000000000e+00,2.981500000000000e+02,3.032427977747682e+02,3.000000000000000e+02,6.296180626771982e+02,3.066800730732443e+02,2,0.000000000000000e+00,0.000000000000000e+00
4.530000000001686e-05,453,5.850399562418213e-02,2.914308882718737e+03,1.000000000000000e+00,8.000000000000000e-01,2.000000000000000e-01,7.354122264957061e-05,-7.512982179781362e-05,1.666666666666667e+00,0.000000000000000e+00,2.981500000000000e+02,3.031810675682084e+02,3.000000000000000e+02,6.306579590014293e+02,3.067043320341339e+02,2,0.000000000000000e+00,0.000000000000000e+00
4.540000000001708e-05,454,5.870064306867905e-02,3.128394619345002e+03,1.000000000000000e+00,8.000000000000000e-01,2.000000000000000e-01,7.370788931623764e-05,-7.512982179781362e-05,1.666666666666667e+00,0.000000000000000e+00,2.981500000000000e+02,3.031042008245763e+02,3.000000000000000e+02,6.316570191284331e+02,3.067278726293010e+02,2,0.000000000000000e+00,0.000000000000000e+00
4.550000000001729e-05,455,5.889175929586742e-02,2.729135850029737e+03,1.000000000000000e+00,8.000000000000000e-01,2.000000000000000e-01,7.387455598290467e-05,-7.512982179781362e-05,1.666666666666667e+00,0.000000000000000e+00,2.981500000000000e+02,3.030282166909846e+02,3.000000000000000e+02,6.329160536295547e+02,3.067511312307223e+02,2,0.000000000000000e+00,0.000000000000000e+00
4.560000000001751e-05,456,5.907422240127345e-02,2.667773522859577e+03,1.000000000000000e+00,8.000000000000000e-01,2.000000000000000e-01,7.404122264957170e-05,-7.512982179781362e-05,1.666666666666667e+00,0.000000000000000e+00,2.981500000000000e+02,3.029410051327939e+02,3.000000000000000e+02,6.346567524706869e+02,3.067741202798597e+02,2,0.000000000000000e+00,0.000000000000000e+00
4.570000000001773e-05,457,5.925159585491915e-02,2.915113525782833e+03,1.000000000000000e+00,8.000000000000000e-01,2.000000000000000e-01,7.420788931623874e-05,-7.512982179781362e-05,1.666666666666667e+00,0.000000000000000e+00,2.981500000000000e+02,3.028697282379049e+02,3.000000000000000e+02,6.363977881047767e+02,3.067973898227004e+02,2,0.000000000000000e+00,0.000000000000000e+00
4.580000000001795e-05,458,5.942890799021617e-02,3.212645527556746e+03,1.000000000000000e+00,8.000000000000000e-01,2.000000000000000e-01,7.437455598290577e-05,-7.512982179781362e-05,1.666666666666667e+00,0.000000000000000e+00,2.981500000000000e+02,3.027841936337692e+02,3.000000000000000e+02,6.381694031462275e+02,3.068212182925708e+02,2,0.000000000000000e+00,0.000000000000000e+00
4.590000000001817e-05,459,5.210103887232546e-02,2.518414005932010e+03,1.000000000000000e+00,8.000000000000000e-01,2.000000000000000e-01,7.454122264957280e-05,-7.512982179781362e-05,1.666666666666667e+00,0.000000000000000e+00,2.981500000000000e+02,3.026946549792579e+02,3.000000000000000e+02,6.398849428824163e+02,3.068450320475965e+02,2,0.000000000000000e+00,0.000000000000000e+00
4.600000000001839e-05,460,5.977707491760181e-02,3.216781150988240e+03,1.000000000000000e+00,8.000000000000000e-01,2.000000000000000e-01,7.470788931623983e-05,-7.512982179781362e-05,1.666666666666667e+00,0.000000000000000e+00,2.981500000000000e+02,3.026277001931589e+02,3.000000000000000e+02,6.416057764440745e+02,3.068689480007592e+02,2,0.000000000000000e+00,0.000000000000000e+00
4.610000000001861e-05,461,5.994571395120227e-02,2.520654918459114e+03,1.000000000000000e+00,8.000000000000000e-01,2.000000000000000e-01,7.487455598290686e-05,-7.512982179781362e-05,1.666666666666667e+00,0.000000000000000e+00,2.981500000000000e+02,3.025647127405711e+02,3.000000000000000e+02,6.432472584616005e+02,3.068924975876115e+02,2,0.000000000000000e+00,0.000000000000000e+00
4.620000000001883e-05,462,6.011145044406695e-02,2.728034692931059e+03,1.000000000000000e+00,8.000000000000000e-01,2.000000000000000e-01,7.504122264957390e-05,-7.512982179781362e-05,1.666666666666667e+00,0.000000000000000e+00,2.981500000000000e+02,3.025001812815084e+02,3.000000000000000e+02,6.448816259888445e+02,3.069156824014408e+02,2,0.000000000000000e+00,0.000000000000000e+00
4.630000000001905e-05,463,4.944488744690634e-02,1.781911466193783e+03,1.000000000000000e+00,8.000000000000000e-01,2.000000000000000e-01,7.520788931624093e-05,-7.512982179781362e-05,1.666666666666667e+00,0.000000000000000e+00,2.981500000000000e+02,3.024378569720404e+02,3.000000000000000e+02,6.464282746100542e+02,3.069388139707564e+02,2,0.000000000000000e+00,0.000000000000000e+00
4.640000000001927e-05,464,6.042757643111122e-02,2.733616125553969e+03,1.000000000000000e+00,8.000000000000000e-01,2.000000000000000e-01,7.537455598290796e-05,-7.512982179781362e-05,1.666666666666667e+00,0.000000000000000e+00,2.981500000000000e+02,3.023810323063176e+02,3.000000000000000e+02,6.478803323729057e+02,3.069614022289545e+02,2,0.000000000000000e+00,0.000000000000000e+00
4.650000000001949e-05,465,6.058115985526186e-02,2.534305732775834e+03,1.000000000000000e+00,8.000000000000000e-01,2.000000000000000e-01,7.554122264957499e-05,-7.512982179781362e-05,1.666666666666667e+00,0.000000000000000e+00,2.981500000000000e+02,3.023280023998679e+02,3.000000000000000e+02,6.493858772382262e+02,3.069840731869414e+02,2,0.000000000000000e+00,0.000000000000000e+00
4.660000000001971e-05,466,4.988041013103582e-02,2.156655417431775e+03,1.000000000000000e+00,8.000000000000000e-01,2.000000000000000e-01,7.570788931624202e-05,-7.512982179781362e-05,1.666666666666667e+00,0.000000000000000e+00,2.981500000000000e+02,3.022713577833275e+02,3.000000000000000e+02,6.507837356567098e+02,3.070062169565833e+02,2,0.000000000000000e+00,0.000000000000000e+00
4.670000000001993e-05,467,6.087324766678922e-02,2.720096480046690e+03,1.000000000000000e+00,8.000000000000000e-01,2.000000000000000e-01,7.587455598290906e-05,-7.512982179781362e-05,1.666666666666667e+00,0.000000000000000e+00,2.981500000000000e+02,3.022194286587144e+02,3.000000000000000e+02,6.521385237857743e+02,3.070283415428509e+02,2,0.000000000000000e+00,0.000000000000000e+00
4.680000000002014e-05,468,6.102227387111080e-02,3.097596420010024e+03,1.000000000000000e+00,8.000000000000000e-01,2.000000000000000e-01,7.604122264957609e-05,-7.512982179781362e-05,1.666666666666667e+00,0.000000000000000e+00,2.981500000000000e+02,3.021777235185833e+02,3.000000000000000e+02,6.535320369155137e+02,3.070505406151048e+02,2,0.000000000000000e+00,0.000000000000000e+00
4.690000000002036e-05,469,5.031276229454300e-02,2.048666259023583e+03,1.000000000000000e+00,8.000000000000000e-01,2.000000000000000e-01,7.620788931624312e-05,-7.512982179781362e-05,1.666666666666667e+00,0.000000000000000e+00,2.981500000000000e+02,3.021404747710208e+02,3.000000000000000e+02,6.548827067083720e+02,3.070726778102717e+02,2,0.000000000000000e+00,0.000000000000000e+00
4.700000000002058e-05,470,6.131220409191466e-02,2.852954168478264e+03,1.000000000000000e+00,8.000000000000000e-01,2.000000000000000e-01,7.637455598291015e-05,-7.512982179781362e-05,1.666666666666667e+00,0.000000000000000e+00,2.981500000000000e+02,3.021016319800842e+02,3.000000000000000e+02,6.561633481919347e+02,3.070944393536529e+02,2,0.000000000000000e+00,0.000000000000000e+00
4.710000000002080e-05,471,6.146001976816891e-02,3.159863760854590e+03,1.000000000000000e+00,8.000000000000000e-01,2.000000000000000e-01,7.654122264957719e-05,-7.512982179781362e-05,1.666666666666667e+00,0.000000000000000e+00,2.981500000000000e+02,3.020622359739768e+02,3.000000000000000e+02,6.574748123411667e+02,3.071165153872703e+02,2,0.000000000000000e+00,0.000000000000000e+00
4.720000000002102e-05,472,5.074619668429544e-02,2.732489975078625e+03,1.000000000000000e+00,8.000000000000000e-01,2.000000000000000e-01,7.670788931624422e-05,-7.512982179781362e-05,1.666666666666667e+00,0.000000000000000e+00,2.981500000000000e+02,3.020254398108359e+02,3.000000000000000e+02,6.587944484805898e+02,3.071390464971199e+02,2,0.000000000000000e+00,0.000000000000000e+00
4.730000000002124e-05,473,6.176288478884311e-02,2.783216435429679e+03,1.000000000000000e+00,8.000000000000000e-01,2.000000000000000e-01,7.687455598291125e-05,-7.512982179781362e-05,1.666666666666667e+00,0.000000000000000e+00,2.981500000000000e+02,3.019894286719785e+02,3.000000000000000e+02,6.601183178737623e+02,3.071618690035469e+02,2,0.000000000000000e+00,0.000000000000000e+00
4.740000000002146e-05,474,5.449377190533269e-02,1.061103215633072e+04,1.000000000000000e+00,8.000000000000000e-01,2.000000000000000e-01,7.704122264957828e-05,-7.512982179781362e-05,1.666666666666667e+00,0.000000000000000e+00,2.981500000000000e+02,3.041561755386530e+02,3.000000000000000e+02,6.620818233297766e+02,3.071864417962196e+02,2,0.000000000000000e+00,0.000000000000000e+00
4.750000000002168e-05,475,6.224671295703423e-02,2.258961016830035e+04,1.000000000000000e+00,8.000000000000000e-01,2.000000000000000e-01,7.720788931624531e-05,-7.512982179781362e-05,1.666666666666667e+00,0.000000000000000e+00,2.981500000000000e+02,3.043409388122225e+02,3.000000000000000e+02,6.642304825708594e+02,3.072120373379295e+02,2,0.000000000000000e+00,0.000000000000000e+00
4.760000000002190e-05,476,6.251889581395988e-02,7.390987231293946e+03,1.000000000000000e+00,8.000000000000000e-01,2.000000000000000e-01,7.737455598291235e-05,-7.512982179781362e-05,1.666666666666667e+00,0.000000000000000e+00,2.981500000000000e+02,3.042195983372966e+02,3.000000000000000e+02,6.670434754061785e+02,3.072393966490326e+02,2,0.000000000000000e+00,0.000000000000000e+00
4.770000000002212e-05,477,5.186640884355529e-02,6.197951543060803e+03,1.000000000000000e+00,8.000000000000000e-01,2.000000000000000e-01,7.754122264957938e-05,-7.512982179781362e-05,1.666666666666667e+00,0.000000000000000e+00,2.981500000000000e+02,3.040542088061699e+02,3.000000000000000e+02,6.691929471492112e+02,3.072666512029274e+02,2,0.000000000000000e+00,0.000000000000000e+00
4.780000000002234e-05,478,6.296571856010083e-02,4.341734085650675e+03,1.000000000000000e+00,8.000000000000000e-01,2.000000000000000e-01,7.770788931624641e-05,-7.512982179781362e-05,1.666666666666667e+00,0.000000000000000e+00,2.981500000000000e+02,3.039083960940776e+02,3.000000000000000e+02,6.710974083887031e+02,3.072924685317337e+02,2,0.000000000000000e+00,0.000000000000000e+00
4.790000000002256e-05,479,6.315021970917645e-02,3.449020095575946e+03,1.000000000000000e+00,8.000000000000000e-01,2.000000000000000e-01,7.787455598291344e-05,-7.512982179781362e-05,1.666666666666667e+00,0.000000000000000e+00,2.981500000000000e+02,3.037694264248796e+02,3.000000000000000e+02,6.727420037845745e+02,3.073170238752990e+02,2,0.000000000000000e+00,0.000000000000000e+00
4.800000000002278e-05,480,5.244748262161481e-02,4.744325733034872e+03,1.000000000000000e+00,8.000000000000000e-01,2.000000000000000e-01,7.804122264958047e-05,-7.512982179781362e-05,1.666666666666667e+00,0.000000000000000e+00,2.981500000000000e+02,3.036527283326844e+02,3.000000000000000e+02,6.743368839724694e+02,3.073412553992316e+02,2,0.000000000000000e+00,0.000000000000000e+00
4.810000000002300e-05,481,6.351035865284263e-02,4.352651478775258e+03,1.000000000000000e+00,8.000000000000000e-01,2.000000000000000e-01,7.820788931624751e-05,-7.512982179781362e-05,1.666666666666667e+00,0.000000000000000e+00,2.981500000000000e+02,3.035461700526773e+02,3.000000000000000e+02,6.758793999147996e+02,3.073654832197086e+02,2,0.000000000000000e+00,0.000000000000000e+00
4.820000000002321e-05,482,5.280615350505171e-02,4.105917341556025e+03,1.000000000000000e+00,8.000000000000000e-01,2.000000000000000e-01,7.837455598291454e-05,-7.512982179781362e-05,1.666666666666667e+00,0.000000000000000e+00,2.981500000000000e+02,3.034475504695899e+02,3.000000000000000e+02,6.774868989843916e+02,3.073902679035837e+02,2,0.000000000000000e+00,0.000000000000000e+00
4.830000000002343e-05,483,6.760988930675203e-02,3.757246534500712e+03,1.000000000000000e+00,8.000000000000000e-01,2.000000000000000e-01,7.854122264958157e-05,-7.512982179781362e-05,1.666666666666667e+00,0.000000000000000e+00,2.981500000000000e+02,3.033731789614254e+02,3.000000000000000e+02,6.790091058560428e+02,3.074152266104555e+02,2,0.000000000000000e+00,0.000000000000000e+00
4.840000000002365e-05,484,6.781736168312474e-02,3.137315572104032e+03,1.000000000000000e+00,8.000000000000000e-01,2.000000000000000e-01,7.870788931624860e-05,-7.512982179781362e-05,1.666666666666667e+00,0.000000000000000e+00,2.981500000000000e+02,3.033297727502294e+02,3.000000000000000e+02,6.803655561692414e+02,3.074390837087856e+02,2,0.000000000000000e+00,0.000000000000000e+00
4.850000000002387e-05,485,5.713795434014859e-02,3.771203960490717e+03,1.000000000000000e+00,8.000000000000000e-01,2.000000000000000e-01,7.887455598291564e-05,-7.512982179781362e-05,1.666666666666667e+00,0.000000000000000e+00,2.981500000000000e+02,3.032886505539060e+02,3.000000000000000e+02,6.816997130640206e+02,3.074622709246684e+02,2,0.000000000000000e+00,0.000000000000000e+00
4.860000000002409e-05,486,6.820502194188190e-02,3.151601560359265e+03,1.000000000000000e+00,8.000000000000000e-01,2.000000000000000e-01,7.904122264958267e-05,-7.512982179781362e-05,1.666666666666667e+00,0.000000000000000e+00,2.981500000000000e+02,3.032488082632266e+02,3.000000000000000e+02,6.828968459455215e+02,3.074848761848630e+02,2,0.000000000000000e+00,0.000000000000000e+00
4.870000000002431e-05,487,5.751828961375254e-02,2.972661705466952e+03,1.000000000000000e+00,8.000000000000000e-01,2.000000000000000e-01,7.920788931624970e-05,-7.512982179781362e-05,1.666666666666667e+00,0.000000000000000e+00,2.981500000000000e+02,3.032189314021137e+02,3.000000000000000e+02,6.840165899276838e+02,3.075071039063370e+02,2,0.000000000000000e+00,0.000000000000000e+00
4.880000000002453e-05,488,6.856720940433680e-02,2.606983164591813e+03,1.000000000000000e+00,8.000000000000000e-01,2.000000000000000e-01,7.937455598291673e-05,-7.512982179781362e-05,1.666666666666667e+00,0.000000000000000e+00,2.981500000000000e+02,3.031913475703402e+02,3.000000000000000e+02,6.850620314489523e+02,3.075291464687110e+02,2,0.000000000000000e+00,0.000000000000000e+00
4.890000000002475e-05,489,6.873359312920047e-02,1.962811795865628e+03,1.000000000000000e+00,8.000000000000000e-01,2.000000000000000e-01,7.954122264958376e-05,-7.512982179781362e-05,1.666666666666667e+00,0.000000000000000e+00,2.981500000000000e+02,3.031558691716114e+02,3.000000000000000e+02,6.860188439531047e+02,3.075503980140276e+02,2,0.000000000000000e+00,0.000000000000000e+00
4.900000000002497e-05,490,6.889969768211694e-02,3.342798860175284e+03,1.000000000000000e+00,8.000000000000000e-01,2.000000000000000e-01,7.970788931625080e-05,-7.512982179781362e-05,1.666666666666667e+00,0.000000000000000e+00,2.981500000000000e+02,3.031179653407273e+02,3.000000000000000e+02,6.868707230343059e+02,3.075712567762710e+02,2,0.000000000000000e+00,0.000000000000000e+00
4.910000000002519e-05,491,6.906170147575330e-02,2.771028458758980e+03,1.000000000000000e+00,8.000000000000000e-01,2.000000000000000e-01,7.987455598291783e-05,-7.512982179781362e-05,1.666666666666667e+00,0.000000000000000e+00,2.981500000000000e+02,3.030795808532383e+02,3.000000000000000e+02,6.876948926234994e+02,3.075919518124384e+02,2,0.000000000000000e+00,0.000000000000000e+00
4.920000000002541e-05,492,5.836166373418125e-02,3.039684079804746e+03,1.000000000000000e+00,8.000000000000000e-01,2.000000000000000e-01,8.004122264958486e-05,-7.512982179781362e-05,1.666666666666667e+00,0.000000000000000e+00,2.981500000000000e+02,3.030455786394657e+02,3.000000000000000e+02,6.885544734384224e+02,3.076128717112965e+02,2,0.000000000000000e+00,0.000000000000000e+00
4.930000000002563e-05,493,6.938766408256643e-02,2.697737887470409e+03,1.000000000000000e+00,8.000000000000000e-01,2.000000000000000e-01,8.020788931625189e-05,-7.512982179781362e-05,1.666666666666667e+00,0.000000000000000e+00,2.981500000000000e+02,3.030078749159777e+02,3.000000000000000e+02,6.893547562086944e+02,3.076335637153604e+02,2,0.000000000000000e+00,0.000000000000000e+00
4.940000000002585e-05,494,6.208770919901920e-02,2.154254991299946e+03,1.000000000000000e+00,8.000000000000000e-01,2.000000000000000e-01,8.037455598291892e-05,-7.512982179781362e-05,1.666666666666667e+00,0.000000000000000e+00,2.981500000000000e+02,3.029763230048447e+02,3.000000000000000e+02,6.901270382524333e+02,3.076542707748467e+02,2,0.000000000000000e+00,0.000000000000000e+00
4.950000000002607e-05,495,6.971752683556182e-02,2.930868059876119e+03,1.000000000000000e+00,8.000000000000000e-01,2.000000000000000e-01,8.054122264958596e-05,-7.512982179781362e-05,1.666666666666667e+00,0.000000000000000e+00,2.981500000000000e+02,3.029495514761114e+02,3.000000000000000e+02,6.909341493260191e+02,3.076752126392487e+02,2,0.000000000000000e+00,0.000000000000000e+00
4.960000000002628e-05,496,6.989705213594211e-02,2.546064991894617e+03,1.000000000000000e+00,8.000000000000000e-01,2.000000000000000e-01,8.070788931625299e-05,-7.512982179781362e-05,1.666666666666667e+00,0.000000000000000e+00,2.981500000000000e+02,3.029192112094120e+02,3.000000000000000e+02,6.917964869794500e+02,3.076968360004528e+02,2,0.000000000000000e+00,0.000000000000000e+00
4.970000000002650e-05,497,7.007342451239700e-02,3.958662847171315e+03,1.000000000000000e+00,8.000000000000000e-01,2.000000000000000e-01,8.087455598292002e-05,-7.512982179781362e-05,1.666666666666667e+00,0.000000000000000e+00,2.981500000000000e+02,3.028856642915839e+02,3.000000000000000e+02,6.926052648197797e+02,3.077187031255905e+02,2,0.000000000000000e+00,0.000000000000000e+00
4.980000000002672e-05,498,7.024843616146176e-02,2.897923881041984e+03,1.000000000000000e+00,8.000000000000000e-01,2.000000000000000e-01,8.104122264958705e-05,-7.512982179781362e-05,1.666666666666667e+00,0.000000000000000e+00,2.981500000000000e+02,3.028565547985403e+02,3.000000000000000e+02,6.934408819701525e+02,3.077408804018090e+02,2,0.000000000000000e+00,0.000000000000000e+00
4.990000000002694e-05,499,7.042941543149057e-02,2.992086894219469e+03,1.000000000000000e+00,8.000000000000000e-01,2.000000000000000e-01,8.120788931625408e-05,-7.512982179781362e-05,1.666666666666667e+00,0.000000000000000e+00,2.981500000000000e+02,3.028307343435983e+02,3.000000000000000e+02,6.943076756400163e+02,3.077637223825685e+02,2,0.000000000000000e+00,0.000000000000000e+00
5.000000000002716e-05,500,7.061600137882301e-02,2.554419851734108e+03,1.000000000000000e+00,8.000000000000000e-01,2.000000000000000e-01,8.137455598292112e-05,-7.512982179781362e-05,1.666666666666667e+00,0.000000000000000e+00,2.981500000000000e+02,3.028036782578325e+02,3.000000000000000e+02,6.951628279708602e+02,3.077869327872717e+02,2,0.000000000000000e+00,0.000000000000000e+00
5.010000000002738e-05,501,7.081147608949769e-02,3.451056006502284e+03,1.000000000000000e+00,8.000000000000000e-01,2.000000000000000e-01,8.154122264958815e-05,-7.512982179781362e-05,1.666666666666667e+00,0.000000000000000e+00,2.981500000000000e+02,3.027817882890216e+02,3.000000000000000e+02,6.960355868611556e+02,3.078105863078302e+02,2,0.000000000000000e+00,0.000000000000000e+00
5.020000000002760e-05,502,7.102109275568080e-02,3.381704218961242e+03,1.000000000000000e+00,8.000000000000000e-01,2.000000000000000e-01,8.170788931625518e-05,-7.512982179781362e-05,1.666666666666667e+00,0.000000000000000e+00,2.981500000000000e+02,3.027652964461452e+02,3.000000000000000e+02,6.969339828872087e+02,3.078346655340032e+02,2,0.000000000000000e+00,0.000000000000000e+00
5.030000000002782e-05,503,7.121450810041945e-02,2.899294543557386e+03,1.000000000000000e+00,8.000000000000000e-01,2.000000000000000e-01,8.187455598292221e-05,-7.512982179781362e-05,1.666666666666667e+00,0.000000000000000e+00,2.981500000000000e+02,3.027430540242930e+02,3.000000000000000e+02,6.977515576913027e+02,3.078584700603133e+02,2,0.000000000000000e+00,0.000000000000000e+00
5.040000000002804e-05,504,7.140976811378842e-02,3.862717760825563e+03,1.000000000000000e+00,8.000000000000000e-01,2.000000000000000e-01,8.204122264958925e-05,-7.512982179781362e-05,1.666666666666667e+00,0.000000000000000e+00,2.981500000000000e+02,3.027166283552527e+02,3.000000000000000e+02,6.985759528176676e+02,3.078823869119566e+02,2,0.000000000000000e+00,0.000000000000000e+00
5.050000000002826e-05,505,7.160929351185358e-02,3.401571411070510e+03,1.000000000000000e+00,8.000000000000000e-01,2.000000000000000e-01,8.220788931625628e-05,-7.512982179781362e-05,1.666666666666667e+00,0.000000000000000e+00,2.981500000000000e+02,3.026936227253919e+02,3.000000000000000e+02,6.993853270876622e+02,3.079065690953902e+02,2,0.000000000000000e+00,0.000000000000000e+00
5.060000000002848e-05,506,7.179783953861020e-02,3.647035513342470e+03,1.000000000000000e+00,8.000000000000000e-01,2.000000000000000e-01,8.237455598292331e-05,-7.512982179781362e-05,1.666666666666667e+00,0.000000000000000e+00,2.981500000000000e+02,3.026709892679004e+02,3.000000000000000e+02,7.001413823616851e+02,3.079301405554787e+02,2,0.000000000000000e+00,0.000000000000000e+00
5.070000000002870e-05,507,7.198490240316738e-02,2.327044663276574e+03,1.000000000000000e+00,8.000000000000000e-01,2.000000000000000e-01,8.254122264959034e-05,-7.512982179781362e-05,1.666666666666667e+00,0.000000000000000e+00,2.981500000000000e+02,3.026423063621457e+02,3.000000000000000e+02,7.009573962947069e+02,3.079536239866216e+02,2,0.000000000000000e+00,0.000000000000000e+00
5.080000000002892e-05,508,7.216095300046638e-02,2.724896878816591e+03,1.000000000000000e+00,8.000000000000000e-01,2.000000000000000e-01,8.270788931625737e-05,-7.512982179781362e-05,1.666666666666667e+00,0.000000000000000e+00,2.981500000000000e+02,3.026150239343583e+02,3.000000000000000e+02,7.017380081538125e+02,3.079764129190241e+02,2,0.000000000000000e+00,0.000000000000000e+00
5.090000000002914e-05,509,7.235891504700982e-02,3.139278513041470e+03,1.000000000000000e+00,8.000000000000000e-01,2.000000000000000e-01,8.287455598292441e-05,-7.512982179781362e-05,1.666666666666667e+00,0.000000000000000e+00,2.981500000000000e+02,3.025947542841906e+02,3.000000000000000e+02,7.025883917710099e+02,3.079994238215735e+02,2,0.000000000000000e+00,0.000000000000000e+00
5.100000000002935e-05,510,7.253978280632171e-02,2.269071887651837e+03,1.000000000000000e+00,8.000000000000000e-01,2.000000000000000e-01,8.304122264959144e-05,-7.512982179781362e-05,1.666666666666667e+00,0.000000000000000e+00,2.981500000000000e+02,3.025665030221696e+02,3.000000000000000e+02,7.034185427592373e+02,3.080223214794660e+02,2,0.000000000000000e+00,0.000000000000000e+00
5.110000000002957e-05,511,7.271693650636556e-02,2.968878266784494e+03,1.000000000000000e+00,8.000000000000000e-01,2.000000000000000e-01,8.320788931625847e-05,-7.512982179781362e-05,1.666666666666667e+00,0.000000000000000e+00,2.981500000000000e+02,3.025388892829723e+02,3.000000000000000e+02,7.042519634272346e+02,3.080449941946223e+02,2,0.000000000000000e+00,0.000000000000000e+00
5.120000000002979e-05,512,7.288375301257391e-02,2.576253529766147e+03,1.000000000000000e+00,8.000000000000000e-01,2.000000000000000e-01,8.337455598292550e-05,-7.512982179781362e-05,1.666666666666667e+00,0.000000000000000e+00,2.981500000000000e+02,3.025118502073333e+02,3.000000000000000e+02,7.050536897918549e+02,3.080672677906131e+02,2,0.000000000000000e+00,0.000000000000000e+00
5.130000000003001e-05,513,7.304290282077913e-02,2.878063611467509e+03,1.000000000000000e+00,8.000000000000000e-01,2.000000000000000e-01,8.354122264959253e-05,-7.512982179781362e-05,1.666666666666667e+00,0.000000000000000e+00,2.981500000000000e+02,3.024811705190579e+02,3.000000000000000e+02,7.058452960044391e+02,3.080893792694426e+02,2,0.000000000000000e+00,0.000000000000000e+00
5.140000000003023e-05,514,7.320308214182207e-02,2.737264994392668e+03,1.000000000000000e+00,8.000000000000000e-01,2.000000000000000e-01,8.370788931625957e-05,-7.512982179781362e-05,1.666666666666667e+00,0.000000000000000e+00,2.981500000000000e+02,3.024498546017978e+02,3.000000000000000e+02,7.067028473863585e+02,3.081114647218116e+02,2,0.000000000000000e+00,0.000000000000000e+00
5.150000000003045e-05,515,7.337084527659160e-02,2.863112428562009e+03,1.000000000000000e+00,8.000000000000000e-01,2.000000000000000e-01,8.387455598292660e-05,-7.512982179781362e-05,1.666666666666667e+00,0.000000000000000e+00,2.981500000000000e+02,3.024255719783640e+02,3.000000000000000e+02,7.076032189768449e+02,3.081340336905199e+02,2,0.000000000000000e+00,0.000000000000000e+00
5.160000000003067e-05,516,7.353661390268709e-02,2.871033967146858e+03,1.000000000000000e+00,8.000000000000000e-01,2.000000000000000e-01,8.404122264959363e-05,-7.512982179781362e-05,1.666666666666667e+00,0.000000000000000e+00,2.981500000000000e+02,3.024015923710416e+02,3.000000000000000e+02,7.085430019626144e+02,3.081569199681615e+02,2,0.000000000000000e+00,0.000000000000000e+00
5.170000000003089e-05,517,7.370210656855355e-02,2.881714353432406e+03,1.000000000000000e+00,8.000000000000000e-01,2.000000000000000e-01,8.420788931626066e-05,-7.512982179781362e-05,1.666666666666667e+00,0.000000000000000e+00,2.981500000000000e+02,3.023733765860379e+02,3.000000000000000e+02,7.095173594647464e+02,3.081799449849577e+02,2,0.000000000000000e+00,0.000000000000000e+00
5.180000000003111e-05,518,7.386991721972237e-02,3.275414958491526e+03,1.000000000000000e+00,8.000000000000000e-01,2.000000000000000e-01,8.437455598292770e-05,-7.512982179781362e-05,1.666666666666667e+00,0.000000000000000e+00,2.981500000000000e+02,3.023470984419039e+02,3.000000000000000e+02,7.105425495512743e+02,3.082032644925677e+02,2,0.000000000000000e+00,0.000000000000000e+00
5.190000000003133e-05,519,7.403293552788322e-02,2.906029578385712e+03,1.000000000000000e+00,8.000000000000000e-01,2.000000000000000e-01,8.454122264959473e-05,-7.512982179781362e-05,1.666666666666667e+00,0.000000000000000e+00,2.981500000000000e+02,3.023205558917155e+02,3.000000000000000e+02,7.114095460358495e+02,3.082267868195711e+02,2,0.000000000000000e+00,0.000000000000000e+00
5.200000000003155e-05,520,7.376763095848167e-02,2.425277500670142e+03,1.000000000000000e+00,8.000000000000000e-01,2.000000000000000e-01,8.470788931626176e-05,-7.512982179781362e-05,1.666666666666667e+00,0.000000000000000e+00,2.981500000000000e+02,3.022912874945009e+02,3.000000000000000e+02,7.120211169951805e+02,3.082501320417207e+02,2,0.000000000000000e+00,0.000000000000000e+00
5.210000000003177e-05,521,8.147051565724037e-02,2.814867543597622e+03,1.000000000000000e+00,8.000000000000000e-01,2.000000000000000e-01,8.487455598292879e-05,-7.512982179781362e-05,1.666666666666667e+00,0.000000000000000e+00,2.981500000000000e+02,3.022643313349238e+02,3.000000000000000e+02,7.125761670133762e+02,3.082732147698256e+02,2,0.000000000000000e+00,0.000000000000000e+00
5.220000000003199e-05,522,8.159566812912701e-02,2.471181025443140e+03,1.000000000000000e+00,8.000000000000000e-01,2.000000000000000e-01,8.504122264959582e-05,-7.512982179781362e-05,1.666666666666667e+00,0.000000000000000e+00,2.981500000000000e+02,3.022379885888227e+02,3.000000000000000e+02,7.131141059655213e+02,3.082961642010527e+02,2,0.000000000000000e+00,0.000000000000000e+00
5.230000000003220e-05,523,8.171670235967553e-02,2.611200148498312e+03,1.000000000000000e+00,8.000000000000000e-01,2.000000000000000e-01,8.520788931626286e-05,-7.512982179781362e-05,1.666666666666667e+00,0.000000000000000e+00,2.981500000000000e+02,3.022100382987177e+02,3.000000000000000e+02,7.136489237822949e+02,3.083188525038513e+02,2,0.000000000000000e+00,0.000000000000000e+00
5.240000000003242e-05,524,8.183636455566833e-02,2.511229730607884e+03,1.000000000000000e+00,8.000000000000000e-01,2.000000000000000e-01,8.537455598292989e-05,-7.512982179781362e-05,1.666666666666667e+00,0.000000000000000e+00,2.981500000000000e+02,3.021824929230849e+02,3.000000000000000e+02,7.142130038794055e+02,3.083416261902055e+02,2,0.000000000000000e+00,0.000000000000000e+00
5.250000000003264e-05,525,8.195448252900514e-02,2.687358416460054e+03,1.000000000000000e+00,8.000000000000000e-01,2.000000000000000e-01,8.554122264959692e-05,-7.512982179781362e-05,1.666666666666667e+00,0.000000000000000e+00,2.981500000000000e+02,3.021563458421764e+02,3.000000000000000e+02,7.147612809961626e+02,3.083645077136599e+02,2,0.000000000000000e+00,0.000000000000000e+00
5.260000000003286e-05,526,8.206755503209813e-02,2.372045208428557e+03,1.000000000000000e+00,8.000000000000000e-01,2.000000000000000e-01,8.570788931626395e-05,-7.512982179781362e-05,1.666666666666667e+00,0.000000000000000e+00,2.981500000000000e+02,3.021311298757078e+02,3.000000000000000e+02,7.153070388994058e+02,3.083870025574053e+02,2,0.000000000000000e+00,0.000000000000000e+00
5.270000000003308e-05,527,8.217805594778180e-02,2.758732046120857e+03,1.000000000000000e+00,8.000000000000000e-01,2.000000000000000e-01,8.587455598293098e-05,-7.512982179781362e-05,1.666666666666667e+00,0.000000000000000e+00,2.981500000000000e+02,3.021085540288896e+02,3.000000000000000e+02,7.158458425905150e+02,3.084093891890289e+02,2,0.000000000000000e+00,0.000000000000000e+00
5.280000000003330e-05,528,8.228946882335436e-02,2.350883921403460e+03,1.000000000000000e+00,8.000000000000000e-01,2.000000000000000e-01,8.604122264959802e-05,-7.512982179781362e-05,1.666666666666667e+00,0.000000000000000e+00,2.981500000000000e+02,3.020880408004974e+02,3.000000000000000e+02,7.163212626744623e+02,3.084312075475780e+02,2,0.000000000000000e+00,0.000000000000000e+00
5.290000000003352e-05,529,7.483381781260311e-02,2.208917349050486e+03,1.000000000000000e+00,8.000000000000000e-01,2.000000000000000e-01,8.620788931626505e-05,-7.512982179781362e-05,1.666666666666667e+00,0.000000000000000e+00,2.981500000000000e+02,3.020696997297217e+02,3.000000000000000e+02,7.167677655498823e+02,3.084529189988604e+02,2,0.000000000000000e+00,0.000000000000000e+00
5.300000000003374e-05,530,8.250786932423441e-02,1.882199304642857e+03,1.000000000000000e+00,8.000000000000000e-01,2.000000000000000e-01,8.637455598293208e-05,-7.512982179781362e-05,1.666666666666667e+00,0.000000000000000e+00,2.981500000000000e+02,3.020543293373017e+02,3.000000000000000e+02,7.171878809020596e+02,3.084744105182068e+02,2,0.000000000000000e+00,0.000000000000000e+00
5.310000000003396e-05,531,8.261774324884817e-02,1.919326338718443e+03,1.000000000000000e+00,8.000000000000000e-01,2.000000000000000e-01,8.654122264959911e-05,-7.512982179781362e-05,1.666666666666667e+00,0.000000000000000e+00,2.981500000000000e+02,3.020475395744714e+02,3.000000000000000e+02,7.175648922781073e+02,3.084958337446673e+02,2,0.000000000000000e+00,0.000000000000000e+00
5.320000000003418e-05,532,8.273126598516711e-02,2.140905658710867e+03,1.000000000000000e+00,8.000000000000000e-01,2.000000000000000e-01,8.670788931626614e-05,-7.512982179781362e-05,1.666666666666667e+00,0.000000000000000e+00,2.981500000000000e+02,3.020457000385064e+02,3.000000000000000e+02,7.179444023620918e+02,3.085174490100391e+02,2,0.000000000000000e+00,0.000000000000000e+00
5.330000000003440e-05,533,8.284445708711127e-02,1.765821152900474e+03,1.000000000000000e+00,8.000000000000000e-01,2.000000000000000e-01,8.687455598293318e-05,-7.512982179781362e-05,1.666666666666667e+00,0.000000000000000e+00,2.981500000000000e+02,3.020439137706724e+02,3.000000000000000e+02,7.182835472216694e+02,3.085391966950551e+02,2,0.000000000000000e+00,0.000000000000000e+00
5.340000000003462e-05,534,8.296259210533989e-02,3.017259167104096e+03,1.000000000000000e+00,8.000000000000000e-01,2.000000000000000e-01,8.704122264960021e-05,-7.512982179781362e-05,1.666666666666667e+00,0.000000000000000e+00,2.981500000000000e+02,3.020501894044120e+02,3.000000000000000e+02,7.186344705165718e+02,3.085612337387752e+02,2,0.000000000000000e+00,0.000000000000000e+00
5.350000000003484e-05,535,8.308981326678266e-02,2.062344422938911e+03,1.000000000000000e+00,8.000000000000000e-01,2.000000000000000e-01,8.720788931626724e-05,-7.512982179781362e-05,1.666666666666667e+00,0.000000000000000e+00,2.981500000000000e+02,3.020567400271328e+02,2.999999999999999e+02,7.189812017710765e+02,3.085836199963230e+02,2,0.000000000000000e+00,0.000000000000000e+00
5.360000000003506e-05,536,8.321750259668428e-02,3.172341042300804e+03,1.000000000000000e+00,8.000000000000000e-01,2.000000000000000e-01,8.737455598293427e-05,-7.512982179781362e-05,1.666666666666667e+00,0.000000000000000e+00,2.981500000000000e+02,3.020636782600467e+02,2.999999999999999e+02,7.193235212489113e+02,3.086063762409024e+02,2,0.000000000000000e+00,0.000000000000000e+00
5.370000000003527e-05,537,8.334989600703560e-02,2.275966813262402e+03,1.000000000000000e+00,8.000000000000000e-01,2.000000000000000e-01,8.754122264960131e-05,-7.512982179781362e-05,1.666666666666667e+00,0.000000000000000e+00,2.981500000000000e+02,3.020659099994576e+02,2.999999999999999e+02,7.196945360576740e+02,3.086293885726307e+02,2,0.000000000000000e+00,0.000000000000000e+00
5.380000000003549e-05,538,7.593613506238173e-02,3.014520888843906e+03,1.000000000000000e+00,8.000000000000000e-01,2.000000000000000e-01,8.770788931626834e-05,-7.512982179781362e-05,1.666666666666667e+00,0.000000000000000e+00,2.981500000000000e+02,3.020710135152103e+02,2.999999999999999e+02,7.200666535627172e+02,3.086530040891239e+02,2,0.000000000000000e+00,0.000000000000000e+00
5.390000000003571e-05,539,8.363357280456796e-02,2.489127451881929e+03,1.000000000000000e+00,8.000000000000000e-01,2.000000000000000e-01,8.787455598293537e-05,-7.512982179781362e-05,1.666666666666667e+00,0.000000000000000e+00,2.981500000000000e+02,3.020741997084204e+02,2.999999999999999e+02,7.204500919052552e+02,3.086771428130774e+02,2,0.000000000000000e+00,0.000000000000000e+00
5.400000000003593e-05,540,7.623280288976908e-02,2.122402829407814e+03,1.000000000000000e+00,8.000000000000000e-01,2.000000000000000e-01,8.804122264960240e-05,-7.512982179781362e-05,1.666666666666667e+00,0.000000000000000e+00,2.981500000000000e+02,3.020829301179627e+02,2.999999999999984e+02,7.208490269252889e+02,3.087015095043803e+02,2,0.000000000000000e+00,0.000000000000000e+00
5.410000000003615e-05,541,8.392814543038531e-02,2.081706308371189e+03,1.000000000000000e+00,8.000000000000000e-01,2.000000000000000e-01,8.820788931626943e-05,-7.512982179781362e-05,1.666666666666667e+00,0.000000000000000e+00,2.981500000000000e+02,3.020923995940727e+02,2.999999999999984e+02,7.212279494635250e+02,3.087259305332783e+02,2,0.000000000000000e+00,0.000000000000000e+00
5.420000000003637e-05,542,8.408806581543674e-02,1.954470152964921e+03,1.000000000000000e+00,8.000000000000000e-01,2.000000000000000e-01,8.837455598293647e-05,-7.512982179781362e-05,1.666666666666667e+00,0.000000000000000e+00,2.981500000000000e+02,3.021085030533137e+02,2.999999999999984e+02,7.216226023152278e+02,3.087507628500653e+02,2,0.000000000000000e+00,0.000000000000000e+00
5.430000000003659e-05,543,8.424380029458642e-02,2.819795361070776e+03,1.000000000000000e+00,8.000000000000000e-01,2.000000000000000e-01,8.854122264960350e-05,-7.512982179781362e-05,1.666666666666667e+00,0.000000000000000e+00,2.981500000000000e+02,3.021228627458051e+02,2.999999999999984e+02,7.220472093100807e+02,3.087756776020631e+02,2,0.000000000000000e+00,0.000000000000000e+00
5.440000000003681e-05,544,8.440208888881059e-02,2.229981615781026e+03,1.000000000000000e+00,8.000000000000000e-01,2.000000000000000e-01,8.870788931627053e-05,-7.512982179781362e-05,1.666666666666667e+00,0.000000000000000e+00,2.981500000000000e+02,3.021374278591010e+02,2.999999999999984e+02,7.224669356310962e+02,3.088006362536963e+02,2,0.000000000000000e+00,0.000000000000000e+00
5.450000000003703e-05,545,8.455279832153409e-02,3.645510457146905e+03,1.000000000000000e+00,8.000000000000000e-01,2.000000000000000e-01,8.887455598293756e-05,-7.512982179781362e-05,1.666666666666667e+00,0.000000000000000e+00,2.981500000000000e+02,3.021543081738207e+02,2.999999999999984e+02,7.228599459943857e+02,3.088256071341224e+02,2,0.000000000000000e+00,0.000000000000000e+00
5.460000000003725e-05,546,8.470897795854811e-02,2.214238121331676e+03,1.000000000000000e+00,8.000000000000000e-01,2.000000000000000e-01,8.904122264960459e-05,-7.512982179781362e-05,1.666666666666667e+00,0.000000000000000e+00,2.981500000000000e+02,3.021726138986508e+02,2.999999999999984e+02,7.232675705879547e+02,3.088503892621412e+02,2,0.000000000000000e+00,0.000000000000000e+00
5.470000000003747e-05,547,8.485840023722645e-02,3.494117052853206e+03,1.000000000000000e+00,8.000000000000000e-01,2.000000000000000e-01,8.920788931627163e-05,-7.512982179781362e-05,1.666666666666667e+00,0.000000000000000e+00,2.981500000000000e+02,3.021981768397475e+02,2.999999999999984e+02,7.236735658320350e+02,3.088750044957678e+02,2,0.000000000000000e+00,0.000000000000000e+00
5.480000000003769e-05,548,8.500337698013696e-02,2.429337228560425e+03,1.000000000000000e+00,8.000000000000000e-01,2.000000000000000e-01,8.937455598293866e-05,-7.512982179781362e-05,1.666666666666667e+00,0.000000000000000e+00,2.981500000000000e+02,3.022240732750877e+02,2.999999999999984e+02,7.240404404429390e+02,3.088990960913050e+02,2,0.000000000000000e+00,0.000000000000000e+00
5.490000000003791e-05,549,8.515186554357844e-02,3.421817583280939e+03,1.000000000000000e+00,8.000000000000000e-01,2.000000000000000e-01,8.954122264960569e-05,-7.512982179781362e-05,1.666666666666667e+00,0.000000000000000e+00,2.981500000000000e+02,3.022571054212006e+02,2.999999999999984e+02,7.244538281630413e+02,3.089230442350256e+02,2,0.000000000000000e+00,0.000000000000000e+00
5.500000000003813e-05,550,8.529788662329282e-02,2.509968896853309e+03,1.000000000000000e+00,8.000000000000000e-01,2.000000000000000e-01,8.970788931627272e-05,-7.512982179781362e-05,1.666666666666667e+00,0.000000000000000e+00,2.981500000000000e+02,3.022852585406275e+02,2.999999999999984e+02,7.248542225896118e+02,3.089468348354808e+02,2,0.000000000000000e+00,0.000000000000000e+00
5.510000000003834e-05,551,8.544340384592057e-02,2.488380262454444e+03,1.000000000000000e+00,8.000000000000000e-01,2.000000000000000e-01,8.987455598293975e-05,-7.512982179781362e-05,1.666666666666667e+00,0.000000000000000e+00,2.981500000000000e+02,3.023160917685836e+02,2.999999999999984e+02,7.252525108878013e+02,3.089704860683064e+02,2,0.000000000000000e+00,0.000000000000000e+00
5.520000000003856e-05,552,8.558656370214354e-02,2.513728512048116e+03,1.000000000000000e+00,8.000000000000000e-01,2.000000000000000e-01,9.004122264960679e-05,-7.512982179781362e-05,1.666666666666667e+00,0.000000000000000e+00,2.981500000000000e+02,3.023424287538193e+02,2.999999999999984e+02,7.257080816305204e+02,3.089941664035297e+02,2,0.000000000000000e+00,0.000000000000000e+00
5.530000000003878e-05,553,8.574206159230537e-02,2.157670556827910e+03,1.000000000000000e+00,8.000000000000000e-01,2.000000000000000e-01,9.020788931627382e-05,-7.512982179781362e-05,1.666666666666667e+00,0.000000000000000e+00,2.981500000000000e+02,3.023723812243912e+02,2.999999999999984e+02,7.261667061545728e+02,3.090180139003102e+02,2,0.000000000000000e+00,0.000000000000000e+00
5.540000000003900e-05,554,8.589118379579394e-02,3.468968593934756e+03,1.000000000000000e+00,8.000000000000000e-01,2.000000000000000e-01,9.037455598294085e-05,-7.512982179781362e-05,1.666666666666667e+00,0.000000000000000e+00,2.981500000000000e+02,3.023979641892969e+02,2.999999999999984e+02,7.266774478567758e+02,3.090418882623578e+02,2,0.000000000000000e+00,0.000000000000000e+00
5.550000000003922e-05,555,8.605360455737927e-02,2.265205378983490e+03,1.000000000000000e+00,8.000000000000000e-01,2.000000000000000e-01,9.054122264960788e-05,-7.512982179781362e-05,1.666666666666667e+00,0.000000000000000e+00,2.981500000000000e+02,3.024262099961763e+02,2.999999999999984e+02,7.272222421003634e+02,3.090659101198854e+02,2,0.000000000000000e+00,0.000000000000000e+00
5.560000000003944e-05,556,8.620676803451616e-02,3.620734239859612e+03,1.000000000000000e+00,8.000000000000000e-01,2.000000000000000e-01,9.070788931627492e-05,-7.512982179781362e-05,1.666666666666667e+00,0.000000000000000e+00,2.981500000000000e+02,3.024561964703656e+02,2.999999999999984e+02,7.277653199665203e+02,3.090900113488563e+02,2,0.000000000000000e+00,0.000000000000000e+00
5.570000000003966e-05,557,8.636892364392686e-02,2.231985769217380e+03,1.000000000000000e+00,8.000000000000000e-01,2.000000000000000e-01,9.087455598294195e-05,-7.512982179781362e-05,1.666666666666667e+00,0.000000000000000e+00,2.981500000000000e+02,3.024818740081287e+02,2.999999999999984e+02,7.283558835286542e+02,3.091144970036710e+02,2,0.000000000000000e+00,0.000000000000000e+00
5.580000000003988e-05,558,8.653007075354045e-02,4.158354939315852e+03,1.000000000000000e+00,8.000000000000000e-01,2.000000000000000e-01,9.104122264960898e-05,-7.512982179781362e-05,1.666666666666667e+00,0.000000000000000e+00,2.981500000000000e+02,3.025064551024934e+02,2.999999999999984e+02,7.289737959911940e+02,3.091394623919713e+02,2,0.000000000000000e+00,0.000000000000000e+00
5.590000000004010e-05,559,8.670640683286636e-02,3.509828351387335e+03,1.000000000000000e+00,8.000000000000000e-01,2.000000000000000e-01,9.120788931627601e-05,-7.512982179781362e-05,1.666666666666667e+00,0.000000000000000e+00,2.981500000000000e+02,3.025320117201481e+02,2.999999999999984e+02,7.296369892334933e+02,3.091650740191545e+02,2,0.000000000000000e+00,0.000000000000000e+00
5.600000000004032e-05,560,8.704585549759905e-02,2.578758656923064e+04,1.000000000000000e+00,8.000000000000000e-01,2.000000000000000e-01,9.137455598294304e-05,-7.512982179781362e-05,1.666666666666667e+00,0.000000000000000e+00,2.981500000000000e+02,3.060882008095728e+02,2.999999999999984e+02,7.304967577741888e+02,3.091939576663435e+02,2,0.000000000000000e+00,0.000000000000000e+00
5.610000000004054e-05,561,8.734991777349954e-02,5.520565035937734e+03,1.000000000000000e+00,8.000000000000000e-01,2.000000000000000e-01,9.154122264961008e-05,-7.512982179781362e-05,1.666666666666667e+00,0.000000000000000e+00,2.981500000000000e+02,3.064821020576687e+02,2.999999999999984e+02,7.313820978748396e+02,3.092236284489987e+02,2,0.000000000000000e+00,0.000000000000000e+00
5.620000000004076e-05,562,8.008721028499098e-02,8.117039042891560e+03,1.000000000000000e+00,8.000000000000000e-01,2.000000000000000e-01,9.170788931627711e-05,-7.512982179781362e-05,1.666666666666667e+00,0.000000000000000e+00,2.981500000000000e+02,3.063846216665198e+02,2.999999999999984e+02,7.321932622558369e+02,3.092526889624675e+02,2,0.000000000000000e+00,0.000000000000000e+00
5.630000000004098e-05,563,8.783841384698274e-02,2.978897151326510e+03,1.000000000000000e+00,8.000000000000000e-01,2.000000000000000e-01,9.187455598294414e-05,-7.512982179781362e-05,1.666666666666667e+00,0.000000000000000e+00,2.981500000000000e+02,3.061488652781289e+02,2.999999999999984e+02,7.329246113311474e+02,3.092805866679833e+02,2,0.000000000000000e+00,0.000000000000000e+00
5.640000000004120e-05,564,8.805950326158517e-02,3.916888814912730e+03,1.000000000000000e+00,8.000000000000000e-01,2.000000000000000e-01,9.204122264961117e-05,-7.512982179781362e-05,1.666666666666667e+00,0.000000000000000e+00,2.981500000000000e+02,3.059166373984054e+02,2.999999999999984e+02,7.336898510110042e+02,3.093075727659683e+02,2,0.000000000000000e+00,0.000000000000000e+00
5.650000000004141e-05,565,8.826250351790517e-02,4.674935287212603e+03,1.000000000000000e+00,8.000000000000000e-01,2.000000000000000e-01,9.220788931627820e-05,-7.512982179781362e-05,1.666666666666667e+00,0.000000000000000e+00,2.981500000000000e+02,3.056896959374292e+02,2.999999999999984e+02,7.344579580534980e+02,3.093339948689252e+02,2,0.000000000000000e+00,0.000000000000000e+00
5.660000000004163e-05,566,8.848385300737208e-02,4.215238391643730e+03,1.000000000000000e+00,8.000000000000000e-01,2.000000000000000e-01,9.237455598294524e-05,-7.512982179781362e-05,1.666666666666667e+00,0.000000000000000e+00,2.981500000000000e+02,3.054825251104583e+02,2.999999999999984e+02,7.352997245915639e+02,3.093609464169371e+02,2,0.000000000000000e+00,0.000000000000000e+00
5.670000000004185e-05,567,8.868402103092410e-02,6.079905890418257e+03,1.000000000000000e+00,8.000000000000000e-01,2.000000000000000e-01,9.254122264961227e-05,-7.512982179781362e-05,1.666666666666667e+00,0.000000000000000e+00,2.981500000000000e+02,3.052737229534191e+02,2.999999999999984e+02,7.361172630743130e+02,3.093878232981175e+02,2,0.000000000000000e+00,0.000000000000000e+00
5.680000000004207e-05,568,8.889157131197872e-02,5.909702447031502e+03,1.000000000000000e+00,8.000000000000000e-01,2.000000000000000e-01,9.270788931627930e-05,-7.512982179781362e-05,1.666666666666667e+00,0.000000000000000e+00,2.981500000000000e+02,3.050914759275429e+02,2.999999999999984e+02,7.369569434637646e+02,3.094147440734355e+02,2,0.000000000000000e+00,0.000000000000000e+00
5.690000000004229e-05,569,8.910428833215454e-02,7.151208330170266e+03,1.000000000000000e+00,8.000000000000000e-01,2.000000000000000e-01,9.287455598294633e-05,-7.512982179781362e-05,1.666666666666667e+00,0.000000000000000e+00,2.981500000000000e+02,3.049379839871637e+02,2.999999999999984e+02,7.378775594565755e+02,3.094414800805945e+02,2,0.000000000000000e+00,0.000000000000000e+00
5.700000000004251e-05,570,8.177955879468443e-02,4.512055780192944e+03,1.000000000000000e+00,8.000000000000000e-01,2.000000000000000e-01,9.304122264961337e-05,-7.512982179781362e-05,1.666666666666667e+00,0.000000000000000e+00,2.981500000000000e+02,3.047894518749341e+02,2.999999999999984e+02,7.387003541540309e+02,3.094670479880401e+02,2,0.000000000000000e+00,0.000000000000000e+00
5.710000000004273e-05,571,8.196970336822382e-02,5.102171306425858e+03,1.000000000000000e+00,8.000000000000000e-01,2.000000000000000e-01,9.320788931628040e-05,-7.512982179781362e-05,1.666666666666667e+00,0.000000000000000e+00,2.981500000000000e+02,3.046516781957475e+02,2.999999999999984e+02,7.395473975529331e+02,3.094921527992092e+02,2,0.000000000000000e+00,0.000000000000000e+00
5.720000000004295e-05,572,8.215506521307943e-02,2.870033271501375e+03,1.000000000000000e+00,8.000000000000000e-01,2.000000000000000e-01,9.337455598294743e-05,-7.512982179781362e-05,1.666666666666667e+00,0.000000000000000e+00,2.981500000000000e+02,3.045305225166224e+02,2.999999999999984e+02,7.404094506217867e+02,3.095171536287591e+02,2,0.000000000000000e+00,0.000000000000000e+00
5.730000000004317e-05,573,8.986365058143068e-02,4.012734270326449e+03,1.000000000000000e+00,8.000000000000000e-01,2.000000000000000e-01,9.354122264961446e-05,-7.512982179781362e-05,1.666666666666667e+00,0.000000000000000e+00,2.981500000000000e+02,3.044312455252193e+02,2.999999999999984e+02,7.412777701152802e+02,3.095417464436009e+02,2,0.000000000000000e+00,0.000000000000000e+00
5.740000000004339e-05,574,9.004285238641289e-02,4.881640058314425e+03,1.000000000000000e+00,8.000000000000000e-01,2.000000000000000e-01,9.370788931628149e-05,-7.512982179781362e-05,1.666666666666667e+00,0.000000000000000e+00,2.981500000000000e+02,3.043323250075421e+02,2.999999999999984e+02,7.421859615441048e+02,3.095664087370982e+02,2,0.000000000000000e+00,0.000000000000000e+00
5.750000000004361e-05,575,9.022446020977945e-02,4.336818946229881e+03,1.000000000000000e+00,8.000000000000000e-01,2.000000000000000e-01,9.387455598294853e-05,-7.512982179781362e-05,1.666666666666667e+00,0.000000000000000e+00,2.981500000000000e+02,3.042340491757745e+02,2.999999999999984e+02,7.430853969698110e+02,3.095904373293366e+02,2,0.000000000000000e+00,0.000000000000000e+00
5.760000000004383e-05,576,8.288377310710485e-02,6.816975703443843e+03,1.000000000000000e+00,8.000000000000000e-01,2.000000000000000e-01,9.404122264961556e-05,-7.512982179781362e-05,1.666666666666667e+00,0.000000000000000e+00,2.981500000000000e+02,3.041602545246885e+02,2.999999999999984e+02,7.439499222052127e+02,3.096145616408791e+02,2,0.000000000000000e+00,0.000000000000000e+00
5.770000000004405e-05,577,7.927766899267701e-02,5.322190269951136e+03,1.000000000000000e+00,8.000000000000000e-01,2.000000000000000e-01,9.420788931628259e-05,-7.512982179781362e-05,1.666666666666667e+00,0.000000000000000e+00,2.981500000000000e+02,3.040877559333030e+02,2.999999999999984e+02,7.448584570598263e+02,3.096386279073532e+02,2,0.000000000000000e+00,0.000000000000000e+00
5.780000000004426e-05,578,8.324121617165647e-02,6.554478408800940e+03,1.000000000000000e+00,8.000000000000000e-01,2.000000000000000e-01,9.437455598294962e-05,-7.512982179781362e-05,1.666666666666667e+00,0.000000000000000e+00,2.981500000000000e+02,3.040221617262049e+02,2.999999999999984e+02,7.458114098838014e+02,3.096630531857514e+02,2,0.000000000000000e+00,0.000000000000000e+00
5.790000000004448e-05,579,8.341687627059216e-02,4.078969953246618e+03,1.000000000000000e+00,8.000000000000000e-01,2.000000000000000e-01,9.454122264961665e-05,-7.512982179781362e-05,1.666666666666667e+00,0.000000000000000e+00,2.981500000000000e+02,3.039683732549436e+02,2.999999999999984e+02,7.467010216111466e+02,3.096871257160381e+02,2,0.000000000000000e+00,0.000000000000000e+00
5.800000000004470e-05,580,9.111630857970346e-02,4.574114804583993e+03,1.000000000000000e+00,8.000000000000000e-01,2.000000000000000e-01,9.470788931628369e-05,-7.512982179781362e-05,1.666666666666667e+00,0.000000000000000e+00,2.981500000000000e+02,3.039164790978921e+02,2.999999999999984e+02,7.476291562584676e+02,3.097119896154897e+02,2,0.000000000000000e+00,0.000000000000000e+00
5.810000000004492e-05,581,9.129560295683559e-02,3.418423741721187e+03,1.000000000000000e+00,8.000000000000000e-01,2.000000000000000e-01,9.487455598295072e-05,-7.512982179781362e-05,1.666666666666667e+00,0.000000000000000e+00,2.981500000000000e+02,3.038599714643059e+02,2.999999999999984e+02,7.486283351676453e+02,3.097375888357191e+02,2,0.000000000000000e+00,0.000000000000000e+00
5.820000000004514e-05,582,9.149158723148548e-02,4.727429703373669e+03,1.000000000000000e+00,8.000000000000000e-01,2.000000000000000e-01,9.504122264961775e-05,-7.512982179781362e-05,1.666666666666667e+00,0.000000000000000e+00,2.981500000000000e+02,3.038218061759453e+02,2.999999999999984e+02,7.496220459245249e+02,3.097634173183864e+02,2,0.000000000000000e+00,0.000000000000000e+00
5.830000000004536e-05,583,8.415127342147166e-02,7.622403543128722e+03,1.000000000000000e+00,8.000000000000000e-01,2.000000000000000e-01,9.520788931628478e-05,-7.512982179781362e-05,1.666666666666667e+00,0.000000000000000e+00,2.981500000000000e+02,3.037884556332851e+02,2.999999999999984e+02,7.505527215118456e+02,3.097890915280378e+02,2,0.000000000000000e+00,0.000000000000000e+00
5.840000000004558e-05,584,8.053732294757182e-02,6.862528418134582e+03,1.000000000000000e+00,8.000000000000000e-01,2.000000000000000e-01,9.537455598295181e-05,-7.512982179781362e-05,1.666666666666667e+00,0.000000000000000e+00,2.981500000000000e+02,3.037528130464842e+02,2.999999999999984e+02,7.515415970915960e+02,3.098152410853031e+02,2,0.000000000000000e+00,0.000000000000000e+00
5.850000000004580e-05,585,8.072535687096766e-02,8.142269950507758e+03,1.000000000000000e+00,8.000000000000000e-01,2.000000000000000e-01,9.554122264961885e-05,-7.512982179781362e-05,1.666666666666667e+00,0.000000000000000e+00,2.981500000000000e+02,3.037228853989478e+02,2.999999999999984e+02,7.525599343878847e+02,3.098417743260728e+02,2,0.000000000000000e+00,0.000000000000000e+00
5.860000000004602e-05,586,8.093528097731291e-02,6.235513978826085e+03,1.000000000000000e+00,8.000000000000000e-01,2.000000000000000e-01,9.570788931628588e-05,-7.512982179781362e-05,1.666666666666667e+00,0.000000000000000e+00,2.981500000000000e+02,3.036989860652068e+02,2.999999999999984e+02,7.535829469634444e+02,3.098684188022546e+02,2,0.000000000000000e+00,0.000000000000000e+00
5.870000000004624e-05,587,8.114354908479257e-02,4.770761239209126e+03,1.000000000000000e+00,8.000000000000000e-01,2.000000000000000e-01,9.587455598295291e-05,-7.512982179781362e-05,1.666666666666667e+00,0.000000000000000e+00,2.981500000000000e+02,3.036750155190113e+02,2.999999999999984e+02,7.546242901143826e+02,3.098952049240024e+02,2,0.000000000000000e+00,0.000000000000000e+00
5.880000000004646e-05,588,8.134164058155813e-02,3.888050128302363e+03,1.000000000000000e+00,8.000000000000000e-01,2.000000000000000e-01,9.604122264961994e-05,-7.512982179781362e-05,1.666666666666667e+00,0.000000000000000e+00,2.981500000000000e+02,3.036469781657499e+02,2.999999999999990e+02,7.556535868924257e+02,3.099215271062508e+02,2,0.000000000000000e+00,0.000000000000000e+00
5.890000000004668e-05,589,8.539331087101659e-02,5.147843332414726e+03,1.000000000000000e+00,8.000000000000000e-01,2.000000000000000e-01,9.620788931628698e-05,-7.512982179781362e-05,1.666666666666667e+00,0.000000000000000e+00,2.981500000000000e+02,3.036287067167015e+02,2.999999999999986e+02,7.566783380225741e+02,3.099479112461676e+02,2,0.000000000000000e+00,0.000000000000000e+00
5.900000000004690e-05,590,8.560048178903829e-02,7.803472242943372e+03,1.000000000000000e+00,8.000000000000000e-01,2.000000000000000e-01,9.637455598295401e-05,-7.512982179781362e-05,1.666666666666667e+00,0.000000000000000e+00,2.981500000000000e+02,3.036198098154297e+02,2.999999999999986e+02,7.576922981409173e+02,3.099744396833858e+02,2,0.000000000000000e+00,0.000000000000000e+00
5.910000000004712e-05,591,8.582722231408048e-02,1.229894701035562e+04,1.000000000000000e+00,8.000000000000000e-01,2.000000000000000e-01,9.654122264962104e-05,-7.512982179781362e-05,1.666666666666667e+00,0.000000000000000e+00,2.981500000000000e+02,3.036031094532899e+02,2.999999999999986e+02,7.586949438699119e+02,3.100009008770178e+02,2,0.000000000000000e+00,0.000000000000000e+00
5.920000000004733e-05,592,8.603700293307971e-02,1.012166392473072e+04,1.000000000000000e+00,8.000000000000000e-01,2.000000000000000e-01,9.670788931628807e-05,-7.512982179781362e-05,1.666666666666667e+00,0.000000000000000e+00,2.981500000000000e+02,3.035884615317597e+02,2.999999999999986e+02,7.596583909119871e+02,3.100269226062171e+02,2,0.000000000000000e+00,0.000000000000000e+00
5.930000000004755e-05,593,8.626016704471288e-02,1.204089728374026e+04,1.000000000000000e+00,8.000000000000000e-01,2.000000000000000e-01,9.687455598295510e-05,-7.512982179781362e-05,1.666666666666667e+00,0.000000000000000e+00,2.981500000000000e+02,3.035757696944969e+02,2.999999999999986e+02,7.605821695146207e+02,3.100526996830940e+02,2,0.000000000000000e+00,0.000000000000000e+00
5.940000000004777e-05,594,8.647182033197158e-02,6.247899255586944e+03,1.000000000000000e+00,8.000000000000000e-01,2.000000000000000e-01,9.704122264962214e-05,-7.512982179781362e-05,1.666666666666667e+00,0.000000000000000e+00,2.981500000000000e+02,3.035710213605241e+02,2.999999999999986e+02,7.614919030644891e+02,3.100781494046543e+02,2,0.000000000000000e+00,0.000000000000000e+00
5.950000000004799e-05,595,8.668528721216946e-02,8.128817832769351e+03,1.000000000000000e+00,8.000000000000000e-01,2.000000000000000e-01,9.720788931628917e-05,-7.512982179781362e-05,1.666666666666667e+00,0.000000000000000e+00,2.981500000000000e+02,3.036033478242975e+02,2.999999999999986e+02,7.623932995311445e+02,3.101038686112038e+02,2,0.000000000000000e+00,0.000000000000000e+00
5.960000000004821e-05,596,8.691246430224379e-02,6.979112535822047e+03,1.000000000000000e+00,8.000000000000000e-01,2.000000000000000e-01,9.737455598295620e-05,-7.512982179781362e-05,1.666666666666667e+00,0.000000000000000e+00,2.981500000000000e+02,3.039064840022604e+02,2.999999999999986e+02,7.632455148085993e+02,3.101295373691129e+02,2,0.000000000000000e+00,0.000000000000000e+00
5.970000000004843e-05,597,8.711688171284843e-02,7.139665270099445e+03,1.000000000000000e+00,8.000000000000000e-01,2.000000000000000e-01,9.754122264962323e-05,-7.512982179781362e-05,1.666666666666667e+00,0.000000000000000e+00,2.981500000000000e+02,3.042733607671153e+02,2.999999999999986e+02,7.640563849951658e+02,3.101550508259078e+02,2,0.000000000000000e+00,0.000000000000000e+00
5.980000000004865e-05,598,8.346185276740170e-02,1.768203090123850e+04,1.000000000000000e+00,8.000000000000000e-01,2.000000000000000e-01,9.770788931629026e-05,-7.512982179781362e-05,1.666666666666667e+00,0.000000000000000e+00,2.981500000000000e+02,3.046085594213228e+02,2.999999999999986e+02,7.648335845167261e+02,3.101806163593692e+02,2,0.000000000000000e+00,0.000000000000000e+00
5.990000000004887e-05,599,8.365600970799830e-02,7.660911408473094e+03,1.000000000000000e+00,8.000000000000000e-01,2.000000000000000e-01,9.787455598295730e-05,-7.512982179781362e-05,1.666666666666667e+00,0.000000000000000e+00,2.981500000000000e+02,3.049442432405177e+02,2.999999999999986e+02,7.655218729215919e+02,3.102060083811035e+02,2,0.000000000000000e+00,0.000000000000000e+00
6.000000000004909e-05,600,8.386033335746371e-02,1.169165739258225e+04,1.000000000000000e+00,8.000000000000000e-01,2.000000000000000e-01,9.804122264962433e-05,-7.512982179781362e-05,1.666666666666667e+00,0.000000000000000e+00,2.981500000000000e+02,3.051726669235700e+02,2.999999999999986e+02,7.661699195002130e+02,3.102319537794352e+02,2,0.000000000000000e+00,0.000000000000000e+00
6.010000000004931e-05,601,8.404994107899867e-02,6.926631558203379e+03,1.000000000000000e+00,8.000000000000000e-01,2.000000000000000e-01,9.820788931629136e-05,-7.512982179781362e-05,1.666666666666667e+00,0.000000000000000e+00,2.981500000000000e+02,3.053877992935144e+02,2.999999999999990e+02,7.668001184799004e+02,3.102585493861043e+02,2,0.000000000000000e+00,0.000000000000000e+00
6.020000000004953e-05,602,8.423170877276485e-02,7.524385105029025e+03,1.000000000000000e+00,8.000000000000000e-01,2.000000000000000e-01,9.837455598295839e-05,-7.512982179781362e-05,1.666666666666667e+00,0.000000000000000e+00,2.981500000000000e+02,3.055357035051616e+02,2.999999999999990e+02,7.674153038826420e+02,3.102864668438318e+02,2,0.000000000000000e+00,0.000000000000000e+00
6.030000000004975e-05,603,8.446497915396488e-02,7.059225434499503e+03,1.000000000000000e+00,8.000000000000000e-01,2.000000000000000e-01,9.854122264962543e-05,-7.512982179781362e-05,1.666666666666667e+00,0.000000000000000e+00,2.981500000000000e+02,3.057351047112314e+02,2.999999999999990e+02,7.685347060568961e+02,3.103151539868947e+02,2,0.000000000000000e+00,0.000000000000000e+00
6.040000000004997e-05,604,8.466090953408675e-02,6.399873724000793e+03,1.000000000000000e+00,8.000000000000000e-01,2.000000000000000e-01,9.870788931629246e-05,-7.512982179781362e-05,1.666666666666667e+00,0.000000000000000e+00,2.981500000000000e+02,3.058765861556754e+02,2.999999999999990e+02,7.693817319154350e+02,3.103432131724757e+02,2,0.000000000000000e+00,0.000000000000000e+00
6.050000000005019e-05,605,8.486643920379301e-02,1.065169973392011e+04,1.000000000000000e+00,8.000000000000000e-01,2.000000000000000e-01,9.887455598295949e-05,-7.512982179781362e-05,1.666666666666667e+00,0.000000000000000e+00,2.981500000000000e+02,3.059973438614720e+02,2.999999999999990e+02,7.701290937673290e+02,3.103699804274495e+02,2,0.000000000000000e+00,0.000000000000000e+00
6.060000000005040e-05,606,8.894811490393174e-02,7.642012865381853e+03,1.000000000000000e+00,8.000000000000000e-01,2.000000000000000e-01,9.904122264962652e-05,-7.512982179781362e-05,1.666666666666667e+00,0.000000000000000e+00,2.981500000000000e+02,3.060865832721730e+02,2.999999999999990e+02,7.708127901960981e+02,3.103958331720049e+02,2,0.000000000000000e+00,0.000000000000000e+00
6.070000000005062e-05,607,8.917011447089269e-02,2.189796241453114e+04,1.000000000000000e+00,8.000000000000000e-01,2.000000000000000e-01,9.920788931629355e-05,-7.512982179781362e-05,1.666666666666667e+00,0.000000000000000e+00,2.981500000000000e+02,3.066660194164263e+02,2.999999999999990e+02,7.714301330141878e+02,3.104214224060004e+02,2,0.000000000000000e+00,0.000000000000000e+00
6.080000000005084e-05,608,8.941475685769429e-02,8.829337434975570e+03,1.000000000000000e+00,8.000000000000000e-01,2.000000000000000e-01,9.937455598296059e-05,-7.512982179781362e-05,1.666666666666667e+00,0.000000000000000e+00,2.981500000000000e+02,3.071742863028769e+02,2.999999999999990e+02,7.724326598844683e+02,3.104473416438438e+02,2,0.000000000000000e+00,0.000000000000000e+00
6.090000000005106e-05,609,8.961940817649038e-02,7.187201790847043e+03,1.000000000000000e+00,8.000000000000000e-01,2.000000000000000e-01,9.954122264962762e-05,-7.512982179781362e-05,1.666666666666667e+00,0.000000000000000e+00,2.981500000000000e+02,3.071564027746223e+02,2.999999999999990e+02,7.735360466084196e+02,3.104736077780339e+02,2,0.000000000000000e+00,0.000000000000000e+00
6.100000000005128e-05,610,8.981685555198286e-02,4.520281863928804e+03,1.000000000000000e+00,8.000000000000000e-01,2.000000000000000e-01,9.970788931629465e-05,-7.512982179781362e-05,1.666666666666667e+00,0.000000000000000e+00,2.981500000000000e+02,3.069945605510552e+02,2.999999999999990e+02,7.745466342624128e+02,3.104993062674880e+02,2,0.000000000000000e+00,0.000000000000000e+00
6.110000000005149e-05,611,8.998976286267925e-02,4.480633332442848e+03,1.000000000000000e+00,8.000000000000000e-01,2.000000000000000e-01,9.987455598296168e-05,-7.512982179781362e-05,1.666666666666667e+00,0.000000000000000e+00,2.981500000000000e+02,3.067749100979395e+02,2.999999999999990e+02,7.754885399066086e+02,3.105244049612050e+02,2,0.000000000000000e+00,0.000000000000000e+00
6.120000000005171e-05,612,9.015751501700864e-02,5.618947756426091e+03,1.000000000000000e+00,8.000000000000000e-01,2.000000000000000e-01,1.000412226496287e-04,-7.512982179781362e-05,1.666666666666667e+00,0.000000000000000e+00,2.981500000000000e+02,3.065635169716967e+02,2.999999999999990e+02,7.763399197858515e+02,3.105486199248010e+02,2,0.000000000000000e+00,0.000000000000000e+00
6.130000000005193e-05,613,9.031131785925504e-02,5.247334509948123e+03,1.000000000000000e+00,8.000000000000000e-01,2.000000000000000e-01,1.002078893162957e-04,-7.512982179781362e-05,1.666666666666667e+00,0.000000000000000e+00,2.981500000000000e+02,3.063354835838294e+02,2.999999999999990e+02,7.771592254621974e+02,3.105723452234328e+02,2,0.000000000000000e+00,0.000000000000000e+00
6.140000000005215e-05,614,9.046116165405708e-02,7.382758167585642e+03,1.000000000000000e+00,8.000000000000000e-01,2.000000000000000e-01,1.003745559829628e-04,-7.512982179781362e-05,1.666666666666667e+00,0.000000000000000e+00,2.981500000000000e+02,3.061344319345995e+02,2.999999999999990e+02,7.779080371719824e+02,3.105958418444407e+02,2,0.000000000000000e+00,0.000000000000000e+00
6.150000000005237e-05,615,8.667681673761612e-02,5.575271652437924e+03,1.000000000000000e+00,8.000000000000000e-01,2.000000000000000e-01,1.005412226496298e-04,-7.512982179781362e-05,1.666666666666667e+00,0.000000000000000e+00,2.981500000000000e+02,3.059263418382191e+02,2.999999999999990e+02,7.786488233162499e+02,3.106193322266278e+02,2,0.000000000000000e+00,0.000000000000000e+00
6.160000000005259e-05,616,8.681659130448587e-02,6.505459766287813e+03,1.000000000000000e+00,8.000000000000000e-01,2.000000000000000e-01,1.007078893162968e-04,-7.512982179781362e-05,1.666666666666667e+00,0.000000000000000e+00,2.981500000000000e+02,3.057618701234834e+02,2.999999999999990e+02,7.793372370095540e+02,3.106426104738615e+02,2,0.000000000000000e+00,0.000000000000000e+00
6.170000000005281e-05,617,8.695499881600534e-02,8.091545755573959e+03,1.000000000000000e+00,8.000000000000000e-01,2.000000000000000e-01,1.008745559829639e-04,-7.512982179781362e-05,1.666666666666667e+00,0.000000000000000e+00,2.981500000000000e+02,3.055792015905762e+02,2.999999999999990e+02,7.800255355554992e+02,3.106658918427178e+02,2,0.000000000000000e+00,0.000000000000000e+00
6.180000000005303e-05,618,8.709294689608092e-02,5.557724845693143e+03,1.000000000000000e+00,8.000000000000000e-01,2.000000000000000e-01,1.010412226496309e-04,-7.512982179781362e-05,1.666666666666667e+00,0.000000000000000e+00,2.981500000000000e+02,3.054326014517340e+02,2.999999999999990e+02,7.806722360002873e+02,3.106891240033619e+02,2,0.000000000000000e+00,0.000000000000000e+00
6.190000000005325e-05,619,8.722983706814989e-02,7.219497953726142e+03,1.000000000000000e+00,8.000000000000000e-01,2.000000000000000e-01,1.012078893162979e-04,-7.512982179781362e-05,1.666666666666667e+00,0.000000000000000e+00,2.981500000000000e+02,3.052792293984691e+02,2.999999999999990e+02,7.813136486319499e+02,3.107123921997985e+02,2,0.000000000000000e+00,0.000000000000000e+00
6.200000000005347e-05,620,8.735954028265470e-02,4.272043722190358e+03,1.000000000000000e+00,8.000000000000000e-01,2.000000000000000e-01,1.013745559829650e-04,-7.512982179781362e-05,1.666666666666667e+00,0.000000000000000e+00,2.981500000000000e+02,3.051531936389313e+02,2.999999999999990e+02,7.818902912329652e+02,3.107360036477339e+02,2,0.000000000000000e+00,0.000000000000000e+00
6.210000000005369e-05,621,8.750347564525802e-02,5.918543624135777e+03,1.000000000000000e+00,8.000000000000000e-01,2.000000000000000e-01,1.015412226496320e-04,-7.512982179781362e-05,1.666666666666667e+00,0.000000000000000e+00,2.981500000000000e+02,3.050505485167820e+02,2.999999999999990e+02,7.824395952503531e+02,3.107597097653075e+02,2,0.000000000000000e+00,0.000000000000000e+00
6.220000000005391e-05,622,8.761669231443905e-02,6.166329786322906e+03,1.000000000000000e+00,8.000000000000000e-01,2.000000000000000e-01,1.017078893162990e-04,-7.512982179781362e-05,1.666666666666667e+00,0.000000000000000e+00,2.981500000000000e+02,3.051148047368596e+02,2.999999999999990e+02,7.829507982199245e+02,3.107837630013172e+02,2,0.000000000000000e+00,0.000000000000000e+00
6.230000000005413e-05,623,7.743748475156853e-02,5.042410213728988e+03,1.000000000000000e+00,8.000000000000000e-01,2.000000000000000e-01,1.018745559829661e-04,-7.512982179781362e-05,1.666666666666667e+00,0.000000000000000e+00,2.981500000000000e+02,3.065163396038065e+02,2.999999999999991e+02,7.835044229375368e+02,3.108089172704127e+02,2,0.000000000000000e+00,0.000000000000000e+00
6.240000000005434e-05,624,8.805100446607737e-02,1.492099948236096e+04,1.000000000000000e+00,8.000000000000000e-01,2.000000000000000e-01,1.020412226496331e-04,-7.512982179781362e-05,1.666666666666667e+00,0.000000000000000e+00,2.981500000000000e+02,3.083449735011797e+02,2.999999999999991e+02,7.844044708206483e+02,3.108383309124323e+02,2,0.000000000000000e+00,0.000000000000000e+00
6.250000000005456e-05,625,7.778862720620543e-02,3.735670319234717e+03,1.000000000000000e+00,8.000000000000000e-01,2.000000000000000e-01,1.022078893163001e-04,-7.512982179781362e-05,1.666666666666667e+00,0.000000000000000e+00,2.981500000000000e+02,3.080403775592827e+02,2.999999999999991e+02,7.850057125192189e+02,3.108663423262767e+02,2,0.000000000000000e+00,0.000000000000000e+00
6.260000000005478e-05,626,8.842416265054343e-02,3.054362965244410e+03,1.000000000000000e+00,8.000000000000000e-01,2.000000000000000e-01,1.023745559829672e-04,-7.512982179781362e-05,1.666666666666667e+00,0.000000000000000e+00,2.981500000000000e+02,3.076682990564548e+02,2.999999999999991e+02,7.856634401407662e+02,3.108931807368370e+02,2,0.000000000000000e+00,0.000000000000000e+00
6.270000000005500e-05,627,8.856819219176457e-02,5.435979666771244e+03,1.000000000000000e+00,8.000000000000000e-01,2.000000000000000e-01,1.025412226496342e-04,-7.512982179781362e-05,1.666666666666667e+00,0.000000000000000e+00,2.981500000000000e+02,3.072982795636194e+02,2.999999999999991e+02,7.861722894003175e+02,3.109189832021190e+02,2,0.000000000000000e+00,0.000000000000000e+00
6.280000000005522e-05,628,8.873021315695191e-02,4.009500556644213e+03,1.000000000000000e+00,8.000000000000000e-01,2.000000000000000e-01,1.027078893163012e-04,-7.512982179781362e-05,1.666666666666667e+00,0.000000000000000e+00,2.981500000000000e+02,3.069355389992210e+02,2.999999999999991e+02,7.867402244153645e+02,3.109445524180985e+02,2,0.000000000000000e+00,0.000000000000000e+00
6.290000000005544e-05,629,8.888595323006020e-02,4.950751716449325e+03,1.000000000000000e+00,8.000000000000000e-01,2.000000000000000e-01,1.028745559829683e-04,-7.512982179781362e-05,1.666666666666667e+00,0.000000000000000e+00,2.981500000000000e+02,3.066329817919371e+02,2.999999999999991e+02,7.872840342772549e+02,3.109705398724233e+02,2,0.000000000000000e+00,0.000000000000000e+00
6.300000000005566e-05,630,8.903826470779187e-02,6.280965050694020e+03,1.000000000000000e+00,8.000000000000000e-01,2.000000000000000e-01,1.030412226496353e-04,-7.512982179781362e-05,1.666666666666667e+00,0.000000000000000e+00,2.981500000000000e+02,3.063301803863429e+02,2.999999999999991e+02,7.878145419629244e+02,3.109966131179292e+02,2,0.000000000000000e+00,0.000000000000000e+00
6.310000000005588e-05,631,8.918308915258007e-02,4.212121879091894e+03,1.000000000000000e+00,8.000000000000000e-01,2.000000000000000e-01,1.032078893163023e-04,-7.512982179781362e-05,1.666666666666667e+00,0.000000000000000e+00,2.981500000000000e+02,3.060626492462985e+02,2.999999999999991e+02,7.883670600516050e+02,3.110226967716634e+02,2,0.000000000000000e+00,0.000000000000000e+00
6.320000000005610e-05,632,8.932657886886917e-02,1.030922010172133e+04,1.000000000000000e+00,8.000000000000000e-01,2.000000000000000e-01,1.033745559829694e-04,-7.512982179781362e-05,1.666666666666667e+00,0.000000000000000e+00,2.981500000000000e+02,3.058388636719750e+02,2.999999999999991e+02,7.889596385293420e+02,3.110492141004685e+02,2,0.000000000000000e+00,0.000000000000000e+00
6.330000000005632e-05,633,8.947650885851190e-02,4.926969131909216e+03,1.000000000000000e+00,8.000000000000000e-01,2.000000000000000e-01,1.035412226496364e-04,-7.512982179781362e-05,1.666666666666667e+00,0.000000000000000e+00,2.981500000000000e+02,3.056385047487944e+02,2.999999999999914e+02,7.895126802287658e+02,3.110753288687734e+02,2,0.000000000000000e+00,0.000000000000000e+00
6.340000000005654e-05,634,8.961448661510570e-02,8.490911452378181e+03,1.000000000000000e+00,8.000000000000000e-01,2.000000000000000e-01,1.037078893163034e-04,-7.512982179781362e-05,1.666666666666667e+00,0.000000000000000e+00,2.981500000000000e+02,3.054507576144661e+02,2.999999999999914e+02,7.900355157623937e+02,3.111005764083918e+02,2,0.000000000000000e+00,0.000000000000000e+00
6.350000000005676e-05,635,8.974704532715744e-02,5.495358039691367e+03,1.000000000000000e+00,8.000000000000000e-01,2.000000000000000e-01,1.038745559829705e-04,-7.512982179781362e-05,1.666666666666667e+00,0.000000000000000e+00,2.981500000000000e+02,3.052917262282623e+02,2.999999999999914e+02,7.905719848867923e+02,3.111258242369595e+02,2,0.000000000000000e+00,0.000000000000000e+00
6.360000000005698e-05,636,8.988232915060623e-02,1.483710976611403e+04,1.000000000000000e+00,8.000000000000000e-01,2.000000000000000e-01,1.040412226496375e-04,-7.512982179781362e-05,1.666666666666667e+00,0.000000000000000e+00,2.981500000000000e+02,3.051569038765476e+02,2.999999999999914e+02,7.910610391597681e+02,3.111497270857002e+02,2,0.000000000000000e+00,0.000000000000000e+00
6.370000000005720e-05,637,9.000991990436877e-02,7.714487041140369e+03,1.000000000000000e+00,8.000000000000000e-01,2.000000000000000e-01,1.042078893163045e-04,-7.512982179781362e-05,1.666666666666667e+00,0.000000000000000e+00,2.981500000000000e+02,3.052373010982049e+02,2.999999999999914e+02,7.916702650614974e+02,3.111742206271466e+02,2,0.000000000000000e+00,0.000000000000000e+00
6.380000000005741e-05,638,7.948709371910478e-02,9.138052369663859e+03,1.000000000000000e+00,8.000000000000000e-01,2.000000000000000e-01,1.043745559829715e-04,-7.512982179781362e-05,1.666666666666667e+00,0.000000000000000e+00,2.981500000000000e+02,3.053471452849362e+02,2.999999999999914e+02,7.922591599121513e+02,3.111982232413731e+02,2,0.000000000000000e+00,0.000000000000000e+00
6.390000000005763e-05,639,9.026166457782446e-02,5.264408454794462e+03,1.000000000000000e+00,8.000000000000000e-01,2.000000000000000e-01,1.045412226496386e-04,-7.512982179781362e-05,1.666666666666667e+00,0.000000000000000e+00,2.981500000000000e+02,3.054286074638759e+02,2.999999999999914e+02,7.928174109297198e+02,3.112219708905199e+02,2,0.000000000000000e+00,0.000000000000000e+00
6.400000000005785e-05,640,9.038525939128796e-02,8.755606207042167e+03,1.000000000000000e+00,8.000000000000000e-01,2.000000000000000e-01,1.047078893163056e-04,-7.512982179781362e-05,1.666666666666667e+00,0.000000000000000e+00,2.981500000000000e+02,3.055449192221007e+02,2.999999999999914e+02,7.934414331829319e+02,3.112458552850474e+02,2,0.000000000000000e+00,0.000000000000000e+00
6.410000000005807e-05,641,9.052675266987467e-02,4.596444826324497e+03,1.000000000000000e+00,8.000000000000000e-01,2.000000000000000e-01,1.048745559829726e-04,-7.512982179781362e-05,1.666666666666667e+00,0.000000000000000e+00,2.981500000000000e+02,3.056870150637939e+02,2.999999999999914e+02,7.941002633132966e+02,3.112698770331888e+02,2,0.000000000000000e+00,0.000000000000000e+00
6.420000000005829e-05,642,9.064947790326350e-02,4.890821925836005e+03,1.000000000000000e+00,8.000000000000000e-01,2.000000000000000e-01,1.050412226496397e-04,-7.512982179781362e-05,1.666666666666667e+00,0.000000000000000e+00,2.981500000000000e+02,3.058003888029982e+02,2.999999999999914e+02,7.947130939043342e+02,3.112934987735163e+02,2,0.000000000000000e+00,0.000000000000000e+00
6.430000000005851e-05,643,9.077468867549641e-02,5.251158517792763e+03,1.000000000000000e+00,8.000000000000000e-01,2.000000000000000e-01,1.052078893163067e-04,-7.512982179781362e-05,1.666666666666667e+00,0.000000000000000e+00,2.981500000000000e+02,3.059227709812548e+02,2.999999999999914e+02,7.953399996098217e+02,3.113172885923628e+02,2,0.000000000000000e+00,0.000000000000000e+00
6.440000000005873e-05,644,9.091657532629442e-02,9.273973795789889e+03,1.000000000000000e+00,8.000000000000000e-01,2.000000000000000e-01,1.053745559829737e-04,-7.512982179781362e-05,1.666666666666667e+00,0.000000000000000e+00,2.981500000000000e+02,3.060338711475464e+02,2.999999999999914e+02,7.960122206253923e+02,3.113420595902084e+02,2,0.000000000000000e+00,0.000000000000000e+00
6.450000000005895e-05,645,9.103967997779794e-02,8.850391569077359e+03,1.000000000000000e+00,8.000000000000000e-01,2.000000000000000e-01,1.055412226496408e-04,-7.512982179781362e-05,1.666666666666667e+00,0.000000000000000e+00,2.981500000000000e+02,3.061562787189862e+02,2.999999999999914e+02,7.966931639384077e+02,3.113667042978225e+02,2,0.000000000000000e+00,0.000000000000000e+00
6.460000000005917e-05,646,8.047924258113172e-02,8.100322262278408e+03,1.000000000000000e+00,8.000000000000000e-01,2.000000000000000e-01,1.057078893163078e-04,-7.512982179781362e-05,1.666666666666667e+00,0.000000000000000e+00,2.981500000000000e+02,3.062462237554118e+02,2.999999999999914e+02,7.973693857174775e+02,3.113915292463557e+02,2,0.000000000000000e+00,0.000000000000000e+00
6.470000000005939e-05,647,9.135980270772819e-02,8.581422556275771e+03,1.000000000000000e+00,8.000000000000000e-01,2.000000000000000e-01,1.058745559829748e-04,-7.512982179781362e-05,1.666666666666667e+00,0.000000000000000e+00,2.981500000000000e+02,3.079746727905953e+02,2.999999999999914e+02,7.983893732018657e+02,3.114180718054924e+02,2,0.000000000000000e+00,0.000000000000000e+00
6.480000000005961e-05,648,9.152321606351239e-02,1.055795965941548e+04,1.000000000000000e+00,8.000000000000000e-01,2.000000000000000e-01,1.060412226496419e-04,-7.512982179781362e-05,1.666666666666667e+00,0.000000000000000e+00,2.981500000000000e+02,3.084515243039337e+02,2.999999999999914e+02,7.997111794566109e+02,3.114468563140201e+02,2,0.000000000000000e+00,0.000000000000000e+00
6.490000000005983e-05,649,8.111093676007176e-02,3.089617319174243e+04,1.000000000000000e+00,8.000000000000000e-01,2.000000000000000e-01,1.062078893163089e-04,-7.512982179781362e-05,1.666666666666667e+00,0.000000000000000e+00,2.981500000000000e+02,3.092968636735206e+02,2.999999999999914e+02,8.012172168347204e+02,3.114778012151525e+02,2,0.000000000000000e+00,0.000000000000000e+00
6.500000000006005e-05,650,9.207956339498322e-02,1.151272405320841e+04,1.000000000000000e+00,8.000000000000000e-01,2.000000000000000e-01,1.063745559829759e-04,-7.512982179781362e-05,1.666666666666667e+00,0.000000000000000e+00,2.981500000000000e+02,3.100725329050702e+02,2.999999999999914e+02,8.024926703689023e+02,3.115088039252873e+02,2,0.000000000000000e+00,0.000000000000000e+00
6.510000000006026e-05,651,9.233619297660162e-02,8.377427810614612e+03,1.000000000000000e+00,8.000000000000000e-01,2.000000000000000e-01,1.065412226496430e-04,-7.512982179781362e-05,1.666666666666667e+00,0.000000000000000e+00,2.981500000000000e+02,3.105481543118619e+02,2.999999999999914e+02,8.037220872831091e+02,3.115381611579326e+02,2,0.000000000000000e+00,0.000000000000000e+00
6.520000000006048e-05,652,9.257270216871973e-02,1.422684192709959e+04,1.000000000000000e+00,8.000000000000000e-01,2.000000000000000e-01,1.067078893163100e-04,-7.512982179781362e-05,1.666666666666667e+00,0.000000000000000e+00,2.981500000000000e+02,3.107717595100320e+02,2.999999999999914e+02,8.048621569434899e+02,3.115661153202247e+02,2,0.000000000000000e+00,0.000000000000000e+00
6.530000000006070e-05,653,9.279852599159112e-02,1.257673552987830e+04,1.000000000000000e+00,8.000000000000000e-01,2.000000000000000e-01,1.068745559829770e-04,-7.512982179781362e-05,1.666666666666667e+00,0.000000000000000e+00,2.981500000000000e+02,3.110018093641694e+02,2.999999999999914e+02,8.059594379163984e+02,3.115930277356484e+02,2,0.000000000000000e+00,0.000000000000000e+00
6.540000000006092e-05,654,8.232748120197021e-02,1.555268447151687e+04,1.000000000000000e+00,8.000000000000000e-01,2.000000000000000e-01,1.070412226496441e-04,-7.512982179781362e-05,1.666666666666667e+00,0.000000000000000e+00,2.981500000000000e+02,3.110905373018835e+02,2.999999999999914e+02,8.069785262124316e+02,3.116190046759330e+02,2,0.000000000000000e+00,0.000000000000000e+00
6.550000000006114e-05,655,9.323850526670123e-02,1.031214476425591e+04,1.000000000000000e+00,8.000000000000000e-01,2.000000000000000e-01,1.072078893163111e-04,-7.512982179781362e-05,1.666666666666667e+00,0.000000000000000e+00,2.981500000000000e+02,3.111215012003649e+02,2.999999999999914e+02,8.079665929931239e+02,3.116447249662390e+02,2,0.000000000000000e+00,0.000000000000000e+00
6.560000000006136e-05,656,9.344725260384687e-02,6.384758629407307e+03,1.000000000000000e+00,8.000000000000000e-01,2.000000000000000e-01,1.073745559829781e-04,-7.512982179781362e-05,1.666666666666667e+00,0.000000000000000e+00,2.981500000000000e+02,3.111003907753980e+02,2.999999999999914e+02,8.089950749121549e+02,3.116701093040741e+02,2,0.000000000000000e+00,0.000000000000000e+00
6.570000000006158e-05,657,8.296724188435997e-02,1.444811041894587e+04,1.000000000000000e+00,8.000000000000000e-01,2.000000000000000e-01,1.075412226496452e-04,-7.512982179781362e-05,1.666666666666667e+00,0.000000000000000e+00,2.981500000000000e+02,3.110403539915317e+02,2.999999999999826e+02,8.099466553841037e+02,3.116952684954732e+02,2,0.000000000000000e+00,0.000000000000000e+00
6.580000000006180e-05,658,9.387379550489111e-02,8.397788561453253e+03,1.000000000000000e+00,8.000000000000000e-01,2.000000000000000e-01,1.077078893163122e-04,-7.512982179781362e-05,1.666666666666667e+00,0.000000000000000e+00,2.981500000000000e+02,3.109476088707696e+02,2.999999999999826e+02,8.109804184839609e+02,3.117200698523918e+02,2,0.000000000000000e+00,0.000000000000000e+00
6.590000000006202e-05,659,9.408200702913155e-02,6.989396212574716e+03,1.000000000000000e+00,8.000000000000000e-01,2.000000000000000e-01,1.078745559829792e-04,-7.512982179781362e-05,1.666666666666667e+00,0.000000000000000e+00,2.981500000000000e+02,3.108211105421605e+02,2.999999999999826e+02,8.118851207586624e+02,3.117443225288906e+02,2,0.000000000000000e+00,0.000000000000000e+00
6.600000000006224e-05,660,9.427444557759387e-02,1.009267695219636e+04,1.000000000000000e+00,8.000000000000000e-01,2.000000000000000e-01,1.080412226496463e-04,-7.512982179781362e-05,1.666666666666667e+00,0.000000000000000e+00,2.981500000000000e+02,3.107100584356739e+02,2.999999999999826e+02,8.127356133755502e+02,3.117674303904808e+02,2,0.000000000000000e+00,0.000000000000000e+00
6.610000000006246e-05,661,9.444247264430691e-02,8.713875704272479e+03,1.000000000000000e+00,8.000000000000000e-01,2.000000000000000e-01,1.082078893163133e-04,-7.512982179781362e-05,1.666666666666667e+00,0.000000000000000e+00,2.981500000000000e+02,3.105648825352546e+02,2.999999999999826e+02,8.135858492413022e+02,3.117904908330338e+02,2,0.000000000000000e+00,0.000000000000000e+00
6.620000000006268e-05,662,8.389882496785059e-02,1.352202998382752e+04,1.000000000000000e+00,8.000000000000000e-01,2.000000000000000e-01,1.083745559829803e-04,-7.512982179781362e-05,1.666666666666667e+00,0.000000000000000e+00,2.981500000000000e+02,3.104063638853841e+02,2.999999999999826e+02,8.144004827761988e+02,3.118125728929858e+02,2,0.000000000000000e+00,0.000000000000000e+00
6.630000000006290e-05,663,9.477749561709861e-02,8.675816958301471e+03,1.000000000000000e+00,8.000000000000000e-01,2.000000000000000e-01,1.085412226496474e-04,-7.512982179781362e-05,1.666666666666667e+00,0.000000000000000e+00,2.981500000000000e+02,3.102181036393134e+02,2.999999999999826e+02,8.151889327103777e+02,3.118348124891275e+02,2,0.000000000000000e+00,0.000000000000000e+00
6.640000000006312e-05,664,9.492478119740536e-02,6.465501078057503e+03,1.000000000000000e+00,8.000000000000000e-01,2.000000000000000e-01,1.087078893163144e-04,-7.512982179781362e-05,1.666666666666667e+00,0.000000000000000e+00,2.981500000000000e+02,3.100321502741507e+02,2.999999999999826e+02,8.159430089178520e+02,3.118566103013699e+02,2,0.000000000000000e+00,0.000000000000000e+00
6.650000000006333e-05,665,8.437818198837828e-02,1.109099241317990e+04,1.000000000000000e+00,8.000000000000000e-01,2.000000000000000e-01,1.088745559829814e-04,-7.512982179781362e-05,1.666666666666667e+00,0.000000000000000e+00,2.981500000000000e+02,3.098469428927267e+02,2.999999999999826e+02,8.167249052059898e+02,3.118785239241781e+02,2,0.000000000000000e+00,0.000000000000000e+00
6.660000000006355e-05,666,8.511973144891245e-02,5.803847601148104e+03,1.000000000000000e+00,8.000000000000000e-01,2.000000000000000e-01,1.090412226496484e-04,-7.512982179781362e-05,1.666666666666667e+00,0.000000000000000e+00,2.981500000000000e+02,3.096743539601792e+02,2.999999999999826e+02,8.174274238427589e+02,3.118999274604121e+02,2,0.000000000000000e+00,0.000000000000000e+00
6.670000000006377e-05,667,8.467820101896287e-02,8.489857022148826e+03,1.000000000000000e+00,8.000000000000000e-01,2.000000000000000e-01,1.092078893163155e-04,-7.512982179781362e-05,1.666666666666667e+00,0.000000000000000e+00,2.981500000000000e+02,3.095155042952790e+02,2.999999999999826e+02,8.181162584194086e+02,3.119217143298545e+02,2,0.000000000000000e+00,0.000000000000000e+00
6.680000000006399e-05,668,9.553882273952867e-02,5.336116434931072e+03,1.000000000000000e+00,8.000000000000000e-01,2.000000000000000e-01,1.093745559829825e-04,-7.512982179781362e-05,1.666666666666667e+00,0.000000000000000e+00,2.981500000000000e+02,3.093579105455670e+02,2.999999999999826e+02,8.188234876597958e+02,3.119435156188255e+02,2,0.000000000000000e+00,0.000000000000000e+00
6.690000000006421e-05,669,9.565566883444683e-02,4.423415240773808e+03,1.000000000000000e+00,8.000000000000000e-01,2.000000000000000e-01,1.095412226496495e-04,-7.512982179781362e-05,1.666666666666667e+00,0.000000000000000e+00,2.981500000000000e+02,3.092105161769031e+02,2.999999999999826e+02,8.195236485211788e+02,3.119656230934843e+02,2,0.000000000000000e+00,0.000000000000000e+00
6.700000000006443e-05,670,8.509404826487674e-02,8.653464733519264e+03,1.000000000000000e+00,8.000000000000000e-01,2.000000000000000e-01,1.097078893163166e-04,-7.512982179781362e-05,1.666666666666667e+00,0.000000000000000e+00,2.981500000000000e+02,3.090476822658658e+02,2.999999999999826e+02,8.201965606568455e+02,3.119878425573024e+02,2,0.000000000000000e+00,0.000000000000000e+00
6.710000000006465e-05,671,9.592998658163572e-02,7.488570554765472e+03,1.000000000000000e+00,8.000000000000000e-01,2.000000000000000e-01,1.098745559829836e-04,-7.512982179781362e-05,1.666666666666667e+00,0.000000000000000e+00,2.981500000000000e+02,3.088936141173824e+02,2.999999999999826e+02,8.208618711184479e+02,3.120104144484914e+02,2,0.000000000000000e+00,0.000000000000000e+00
6.720000000006487e-05,672,8.535852833519032e-02,4.788731392767159e+03,1.000000000000000e+00,8.000000000000000e-01,2.000000000000000e-01,1.100412226496506e-04,-7.512982179781362e-05,1.666666666666667e+00,0.000000000000000e+00,2.981500000000000e+02,3.087446508443668e+02,2.999999999999826e+02,8.215444368101314e+02,3.120333884995085e+02,2,0.000000000000000e+00,0.000000000000000e+00
6.730000000006509e-05,673,8.548230645563537e-02,8.803813055088925e+03,1.000000000000000e+00,8.000000000000000e-01,2.000000000000000e-01,1.102078893163177e-04,-7.512982179781362e-05,1.666666666666667e+00,0.000000000000000e+00,2.981500000000000e+02,3.086266128998710e+02,2.999999999999826e+02,8.221857745167930e+02,3.120564548851568e+02,2,0.000000000000000e+00,0.000000000000000e+00
6.740000000006531e-05,674,8.581546698174283e-02,6.660530996132131e+03,1.000000000000000e+00,8.000000000000000e-01,2.000000000000000e-01,1.103745559829847e-04,-7.512982179781362e-05,1.666666666666667e+00,0.000000000000000e+00,2.981500000000000e+02,3.085097056241148e+02,2.999999999999826e+02,8.228729840472032e+02,3.120799651783838e+02,2,0.000000000000000e+00,0.000000000000000e+00
6.750000000006553e-05,675,8.573851749518396e-02,6.145307923985505e+03,1.000000000000000e+00,8.000000000000000e-01,2.000000000000000e-01,1.105412226496517e-04,-7.512982179781362e-05,1.666666666666667e+00,0.000000000000000e+00,2.981500000000000e+02,3.083974280196061e+02,2.999999999999826e+02,8.235155458415168e+02,3.121027797247935e+02,2,0.000000000000000e+00,0.000000000000000e+00
6.760000000006575e-05,676,9.654802781382477e-02,6.104485197955778e+03,1.000000000000000e+00,8.000000000000000e-01,2.000000000000000e-01,1.107078893163188e-04,-7.512982179781362e-05,1.666666666666667e+00,0.000000000000000e+00,2.981500000000000e+02,3.082903543416539e+02,2.999999999999826e+02,8.241653016151802e+02,3.121256637397960e+02,2,0.000000000000000e+00,0.000000000000000e+00
6.770000000006597e-05,677,9.666222803858820e-02,3.448976987260745e+03,1.000000000000000e+00,8.000000000000000e-01,2.000000000000000e-01,1.108745559829858e-04,-7.512982179781362e-05,1.666666666666667e+00,0.000000000000000e+00,2.981500000000000e+02,3.081929652094781e+02,2.999999999999826e+02,8.248410787407300e+02,3.121486383297735e+02,2,0.000000000000000e+00,0.000000000000000e+00
6.780000000006619e-05,678,8.608212144251344e-02,9.422107368408144e+03,1.000000000000000e+00,8.000000000000000e-01,2.000000000000000e-01,1.110412226496528e-04,-7.512982179781362e-05,1.666666666666667e+00,0.000000000000000e+00,2.981500000000000e+02,3.081141253545692e+02,2.999999999999826e+02,8.255299156089706e+02,3.121717224808909e+02,2,0.000000000000000e+00,0.000000000000000e+00
6.790000000006640e-05,679,9.690438318763568e-02,5.681801667011836e+03,1.000000000000000e+00,8.000000000000000e-01,2.000000000000000e-01,1.112078893163199e-04,-7.512982179781362e-05,1.666666666666667e+00,0.000000000000000e+00,2.981500000000000e+02,3.080412661497063e+02,2.999999999999826e+02,8.261982718551957e+02,3.121944367187668e+02,2,0.000000000000000e+00,0.000000000000000e+00
6.800000000006662e-05,680,8.631038145359428e-02,7.572654224082094e+03,1.000000000000000e+00,8.000000000000000e-01,2.000000000000000e-01,1.113745559829869e-04,-7.512982179781362e-05,1.666666666666667e+00,0.000000000000000e+00,2.981500000000000e+02,3.080102466529052e+02,2.999999999999826e+02,8.268337108408252e+02,3.122169316121911e+02,2,0.000000000000000e+00,0.000000000000000e+00
6.810000000006684e-05,681,9.713505638064159e-02,8.557875364148254e+03,1.000000000000000e+00,8.000000000000000e-01,2.000000000000000e-01,1.115412226496539e-04,-7.512982179781362e-05,1.666666666666667e+00,0.000000000000000e+00,2.981500000000000e+02,3.079753868052107e+02,2.999999999999826e+02,8.274728408230657e+02,3.122389231895123e+02,2,0.000000000000000e+00,0.000000000000000e+00
6.820000000006706e-05,682,9.721177330527056e-02,1.404910633726617e+04,1.000000000000000e+00,8.000000000000000e-01,2.000000000000000e-01,1.117078893163210e-04,-7.512982179781362e-05,1.666666666666667e+00,0.000000000000000e+00,2.981500000000000e+02,3.079598923961429e+02,2.999999999999826e+02,8.280927081129309e+02,3.122608240476330e+02,2,0.000000000000000e+00,0.000000000000000e+00
6.830000000006728e-05,683,8.663219037028400e-02,7.902961618034035e+03,1.000000000000000e+00,8.000000000000000e-01,2.000000000000000e-01,1.118745559829880e-04,-7.512982179781362e-05,1.666666666666667e+00,0.000000000000000e+00,2.981500000000000e+02,3.079475645711973e+02,2.999999999999826e+02,8.287236590389576e+02,3.122827030101375e+02,2,0.000000000000000e+00,0.000000000000000e+00
6.840000000006750e-05,684,9.744188815586895e-02,8.556919061481733e+03,1.000000000000000e+00,8.000000000000000e-01,2.000000000000000e-01,1.120412226496550e-04,-7.512982179781362e-05,1.666666666666667e+00,0.000000000000000e+00,2.981500000000000e+02,3.079454557130266e+02,2.999999999999826e+02,8.293867091844851e+02,3.123048316520964e+02,2,0.000000000000000e+00,0.000000000000000e+00
6.850000000006772e-05,685,9.441956626275405e-02,3.947497514867839e+03,1.000000000000000e+00,8.000000000000000e-01,2.000000000000000e-01,1.122078893163221e-04,-7.512982179781362e-05,1.666666666666667e+00,0.000000000000000e+00,2.981500000000000e+02,3.079488279157010e+02,2.999999999999826e+02,8.300737129788164e+02,3.123271937961852e+02,2,0.000000000000000e+00,0.000000000000000e+00
6.860000000006794e-05,686,9.470956593603720e-02,2.069570095374096e+04,1.000000000000000e+00,8.000000000000000e-01,2.000000000000000e-01,1.123745559829891e-04,-7.512982179781362e-05,1.666666666666667e+00,0.000000000000000e+00,2.981500000000000e+02,3.111240022542003e+02,2.999999999999826e+02,8.310562453917423e+02,3.123565924725788e+02,2,0.000000000000000e+00,0.000000000000000e+00
6.870000000006816e-05,687,9.489507346204996e-02,1.519293922459013e+04,1.000000000000000e+00,8.000000000000000e-01,2.000000000000000e-01,1.125412226496561e-04,-7.512982179781362e-05,1.666666666666667e+00,0.000000000000000e+00,2.981500000000000e+02,3.111519204363199e+02,2.999999999999826e+02,8.321174610552804e+02,3.123860149392523e+02,2,0.000000000000000e+00,0.000000000000000e+00
6.880000000006838e-05,688,9.512019643372312e-02,1.418096340935254e+04,1.000000000000000e+00,8.000000000000000e-01,2.000000000000000e-01,1.127078893163232e-04,-7.512982179781362e-05,1.666666666666667e+00,0.000000000000000e+00,2.981500000000000e+02,3.106409263630682e+02,2.999999999999826e+02,8.330400566441266e+02,3.124134691458490e+02,2,0.000000000000000e+00,0.000000000000000e+00
6.890000000006860e-05,689,9.534163050703467e-02,6.609019576068606e+03,1.000000000000000e+00,8.000000000000000e-01,2.000000000000000e-01,1.128745559829902e-04,-7.512982179781362e-05,1.666666666666667e+00,0.000000000000000e+00,2.981500000000000e+02,3.099835631175026e+02,2.999999999999826e+02,8.337982279946814e+02,3.124394392947703e+02,2,0.000000000000000e+00,0.000000000000000e+00
6.900000000006882e-05,690,9.550320887707284e-02,2.882965002309489e+04,1.000000000000000e+00,8.000000000000000e-01,2.000000000000000e-01,1.130412226496572e-04,-7.512982179781362e-05,1.666666666666667e+00,0.000000000000000e+00,2.981500000000000e+02,3.093703312672952e+02,2.999999999999826e+02,8.346323667807143e+02,3.124642310253790e+02,2,0.000000000000000e+00,0.000000000000000e+00
6.910000000006904e-05,691,8.436492650263107e-02,1.324774035613259e+04,1.000000000000000e+00,8.000000000000000e-01,2.000000000000000e-01,1.132078893163243e-04,-7.512982179781362e-05,1.666666666666667e+00,0.000000000000000e+00,2.981500000000000e+02,3.087584911649884e+02,2.999999999999826e+02,8.355788036189098e+02,3.124898315019839e+02,2,0.000000000000000e+00,0.000000000000000e+00
6.920000000006925e-05,692,1.072558525535939e-01,1.401625585184939e+04,1.000000000000000e+00,8.000000000000000e-01,2.000000000000000e-01,1.133745559829913e-04,-7.512982179781362e-05,1.666666666666667e+00,0.000000000000000e+00,2.981500000000000e+02,3.083029738558297e+02,2.999999999999826e+02,8.365770631030365e+02,3.125174827573410e+02,2,0.000000000000000e+00,0.000000000000000e+00
6.930000000006947e-05,693,8.465065587436600e-02,1.147059368228254e+04,1.000000000000000e+00,8.000000000000000e-01,2.000000000000000e-01,1.135412226496583e-04,-7.512982179781362e-05,1.666666666666667e+00,0.000000000000000e+00,2.981500000000000e+02,3.083705683518299e+02,2.999999999999826e+02,8.374953049319769e+02,3.125452042912327e+02,2,0.000000000000000e+00,0.000000000000000e+00
6.940000000006969e-05,694,1.076632946070521e-01,8.065692334019660e+03,1.000000000000000e+00,8.000000000000000e-01,2.000000000000000e-01,1.137078893163253e-04,-7.512982179781362e-05,1.666666666666667e+00,0.000000000000000e+00,2.981500000000000e+02,3.084665440648029e+02,2.999999999999826e+02,8.383699202562494e+02,3.125729181279788e+02,2,0.000000000000000e+00,0.000000000000000e+00
6.950000000006991e-05,695,8.493037012414217e-02,4.228705610406514e+03,1.000000000000000e+00,8.000000000000000e-01,2.000000000000000e-01,1.138745559829924e-04,-7.512982179781362e-05,1.666666666666667e+00,0.000000000000000e+00,2.981500000000000e+02,3.086217943393665e+02,2.999999999999826e+02,8.393106153070008e+02,3.125998830752899e+02,2,0.000000000000000e+00,0.000000000000000e+00
6.960000000007013e-05,696,1.080507812479740e-01,1.500436156933932e+04,1.000000000000000e+00,8.000000000000000e-01,2.000000000000000e-01,1.140412226496594e-04,-7.512982179781362e-05,1.666666666666667e+00,0.000000000000000e+00,2.981500000000000e+02,3.087900485632730e+02,2.999999999999826e+02,8.400746637262380e+02,3.126253947877244e+02,2,0.000000000000000e+00,0.000000000000000e+00
6.970000000007035e-05,697,9.654466136454197e-02,9.175164067264950e+03,1.000000000000000e+00,8.000000000000000e-01,2.000000000000000e-01,1.142078893163264e-04,-7.512982179781362e-05,1.666666666666667e+00,0.000000000000000e+00,2.981500000000000e+02,3.089511565588974e+02,2.999999999999826e+02,8.409090527848364e+02,3.126516775070967e+02,2,0.000000000000000e+00,0.000000000000000e+00
6.980000000007057e-05,698,9.702260735250688e-02,1.223630262966805e+04,1.000000000000000e+00,8.000000000000000e-01,2.000000000000000e-01,1.143745559829935e-04,-7.512982179781362e-05,1.666666666666667e+00,0.000000000000000e+00,2.981500000000000e+02,3.091085128151097e+02,2.999999999999826e+02,8.416931649689003e+02,3.126779408943962e+02,2,0.000000000000000e+00,0.000000000000000e+00
6.990000000007079e-05,699,9.681657217367670e-02,9.574528322914357e+03,1.000000000000000e+00,8.000000000000000e-01,2.000000000000000e-01,1.145412226496605e-04,-7.512982179781362e-05,1.666666666666667e+00,0.000000000000000e+00,2.981500000000000e+02,3.093249733999407e+02,2.999999999999826e+02,8.425123416430849e+02,3.127035779266724e+02,2,0.000000000000000e+00,0.000000000000000e+00
7.000000000007101e-05,700,9.734866093256397e-02,7.291767274968735e+03,1.000000000000000e+00,8.000000000000000e-01,2.000000000000000e-01,1.147078893163275e-04,-7.512982179781362e-05,1.666666666666667e+00,0.000000000000000e+00,2.981500000000000e+02,3.096234136477390e+02,2.999999999999826e+02,8.432833387802536e+02,3.127289233439591e+02,2,0.000000000000000e+00,0.000000000000000e+00
7.010000000007123e-05,701,9.706349117264750e-02,6.401545884475574e+03,1.000000000000000e+00,8.000000000000000e-01,2.000000000000000e-01,1.148745559829946e-04,-7.512982179781362e-05,1.666666666666667e+00,0.000000000000000e+00,2.981500000000000e+02,3.099633302369904e+02,2.999999999999826e+02,8.438593500360279e+02,3.127526556369033e+02,2,0.000000000000000e+00,0.000000000000000e+00
7.020000000007145e-05,702,1.090534498669418e-01,2.709050762568412e+04,1.000000000000000e+00,8.000000000000000e-01,2.000000000000000e-01,1.150412226496616e-04,-7.512982179781362e-05,1.666666666666667e+00,0.000000000000000e+00,2.981500000000000e+02,3.102852339367199e+02,2.999999999999826e+02,8.444886352972256e+02,3.127776561757178e+02,2,0.000000000000000e+00,0.000000000000000e+00
7.030000000007167e-05,703,8.593265411516128e-02,9.863973345688373e+03,1.000000000000000e+00,8.000000000000000e-01,2.000000000000000e-01,1.152078893163286e-04,-7.512982179781362e-05,1.666666666666667e+00,0.000000000000000e+00,2.981500000000000e+02,3.105912157978235e+02,2.999999999999826e+02,8.451419011089255e+02,3.128014432260960e+02,2,0.000000000000000e+00,0.000000000000000e+00
7.040000000007189e-05,704,1.093711388677448e-01,2.200737465532778e+04,1.000000000000000e+00,8.000000000000000e-01,2.000000000000000e-01,1.153745559829957e-04,-7.512982179781362e-05,1.666666666666667e+00,0.000000000000000e+00,2.981500000000000e+02,3.108231357263846e+02,2.999999999999826e+02,8.458294755865403e+02,3.128253833257685e+02,2,0.000000000000000e+00,0.000000000000000e+00
7.050000000007211e-05,705,8.616512331594231e-02,1.056239186284231e+04,1.000000000000000e+00,8.000000000000000e-01,2.000000000000000e-01,1.155412226496627e-04,-7.512982179781362e-05,1.666666666666667e+00,0.000000000000000e+00,2.981500000000000e+02,3.111333567941293e+02,2.999999999999826e+02,8.463980386070593e+02,3.128478291780448e+02,2,0.000000000000000e+00,0.000000000000000e+00
7.060000000007232e-05,706,1.096358907616618e-01,1.040967034336806e+04,1.000000000000000e+00,8.000000000000000e-01,2.000000000000000e-01,1.157078893163297e-04,-7.512982179781362e-05,1.666666666666667e+00,0.000000000000000e+00,2.981500000000000e+02,3.115264650015362e+02,2.999999999999826e+02,8.470286728366394e+02,3.128713187892095e+02,2,0.000000000000000e+00,0.000000000000000e+00
7.070000000007254e-05,707,8.639640213409963e-02,8.397627375092679e+03,1.000000000000000e+00,8.000000000000000e-01,2.000000000000000e-01,1.158745559829968e-04,-7.512982179781362e-05,1.666666666666667e+00,0.000000000000000e+00,2.981500000000000e+02,3.119005271753929e+02,2.999999999999826e+02,8.477316002349529e+02,3.128958791572593e+02,2,0.000000000000000e+00,0.000000000000000e+00
7.080000000007276e-05,708,1.099283060099637e-01,2.394041316551947e+04,1.000000000000000e+00,8.000000000000000e-01,2.000000000000000e-01,1.160412226496638e-04,-7.512982179781362e-05,1.666666666666667e+00,0.000000000000000e+00,2.981500000000000e+02,3.121870757946417e+02,2.999999999999826e+02,8.484312001214848e+02,3.129206250216164e+02,2,0.000000000000000e+00,0.000000000000000e+00
7.090000000007298e-05,709,9.799232575199883e-02,8.233244089732225e+03,1.000000000000000e+00,8.000000000000000e-01,2.000000000000000e-01,1.162078893163308e-04,-7.512982179781362e-05,1.666666666666667e+00,0.000000000000000e+00,2.981500000000000e+02,3.124211133543060e+02,2.999999999999826e+02,8.490631204593882e+02,3.129447164916414e+02,2,0.000000000000000e+00,0.000000000000000e+00
7.100000000007320e-05,710,8.675490129116130e-02,3.156450378145253e+04,1.000000000000000e+00,8.000000000000000e-01,2.000000000000000e-01,1.163745559829979e-04,-7.512982179781362e-05,1.666666666666667e+00,0.000000000000000e+00,2.981500000000000e+02,3.127501011496972e+02,2.999999999999826e+02,8.498172415105206e+02,3.129699079779421e+02,2,0.000000000000000e+00,0.000000000000000e+00
7.110000000007342e-05,711,1.103509267442758e-01,8.751225896531492e+03,1.000000000000000e+00,8.000000000000000e-01,2.000000000000000e-01,1.165412226496649e-04,-7.512982179781362e-05,1.666666666666667e+00,0.000000000000000e+00,2.981500000000000e+02,3.132722198630665e+02,2.999999999999826e+02,8.506509075181215e+02,3.129962234766933e+02,2,0.000000000000000e+00,0.000000000000000e+00
7.120000000007364e-05,712,8.702811124283467e-02,9.080422572571659e+03,1.000000000000000e+00,8.000000000000000e-01,2.000000000000000e-01,1.167078893163319e-04,-7.512982179781362e-05,1.666666666666667e+00,0.000000000000000e+00,2.981500000000000e+02,3.138000302693347e+02,2.999999999999826e+02,8.515017291448918e+02,3.130230067242941e+02,2,0.000000000000000e+00,0.000000000000000e+00
7.130000000007386e-05,713,9.852947056734632e-02,8.470766143109306e+03,1.000000000000000e+00,8.000000000000000e-01,2.000000000000000e-01,1.168745559829990e-04,-7.512982179781362e-05,1.666666666666667e+00,0.000000000000000e+00,2.981500000000000e+02,3.140453284693871e+02,2.999999999999826e+02,8.524104822067516e+02,3.130501023224699e+02,2,0.000000000000000e+00,0.000000000000000e+00
7.140000000007408e-05,714,9.865898229688023e-02,1.009241431348903e+04,1.000000000000000e+00,8.000000000000000e-01,2.000000000000000e-01,1.170412226496660e-04,-7.512982179781362e-05,1.666666666666667e+00,0.000000000000000e+00,2.981500000000000e+02,3.142079599931333e+02,2.999999999999826e+02,8.533267498485687e+02,3.130768904770885e+02,2,0.000000000000000e+00,0.000000000000000e+00
7.150000000007430e-05,715,9.880292144380590e-02,1.184209237890603e+04,1.000000000000000e+00,8.000000000000000e-01,2.000000000000000e-01,1.172078893163330e-04,-7.512982179781362e-05,1.666666666666667e+00,0.000000000000000e+00,2.981500000000000e+02,3.145665325844064e+02,2.999999999999826e+02,8.542990014640246e+02,3.131042464353166e+02,2,0.000000000000000e+00,0.000000000000000e+00
7.160000000007452e-05,716,9.891872083100288e-02,3.897580505555792e+04,1.000000000000000e+00,8.000000000000000e-01,2.000000000000000e-01,1.173745559830001e-04,-7.512982179781362e-05,1.666666666666667e+00,0.000000000000000e+00,2.981500000000000e+02,3.153536508993778e+02,2.999999999999826e+02,8.552773641006282e+02,3.131316432964902e+02,2,0.000000000000000e+00,0.000000000000000e+00
7.170000000007474e-05,717,8.771316187242036e-02,1.037010504060112e+04,1.000000000000000e+00,8.000000000000000e-01,2.000000000000000e-01,1.175412226496671e-04,-7.512982179781362e-05,1.666666666666667e+00,0.000000000000000e+00,2.981500000000000e+02,3.159312115526317e+02,2.999999999999826e+02,8.563040627732939e+02,3.131590605197551e+02,2,0.000000000000000e+00,0.000000000000000e+00
7.180000000007496e-05,718,1.114580493694315e-01,2.346687397846339e+04,1.000000000000000e+00,8.000000000000000e-01,2.000000000000000e-01,1.177078893163341e-04,-7.512982179781362e-05,1.666666666666667e+00,0.000000000000000e+00,2.981500000000000e+02,3.162765981647939e+02,2.999999999999826e+02,8.572621035248877e+02,3.131852438293550e+02,2,0.000000000000000e+00,0.000000000000000e+00
7.190000000007518e-05,719,8.799129167284295e-02,9.441465427143465e+03,1.000000000000000e+00,8.000000000000000e-01,2.000000000000000e-01,1.178745559830012e-04,-7.512982179781362e-05,1.666666666666667e+00,0.000000000000000e+00,2.981500000000000e+02,3.163964519623891e+02,2.999999999999826e+02,8.582689060156748e+02,3.132110689278483e+02,2,0.000000000000000e+00,0.000000000000000e+00
7.200000000007539e-05,720,9.942062353408704e-02,9.486681770107762e+03,1.000000000000000e+00,8.000000000000000e-01,2.000000000000000e-01,1.180412226496682e-04,-7.512982179781362e-05,1.666666666666667e+00,0.000000000000000e+00,2.981500000000000e+02,3.169335249173643e+02,2.999999999999826e+02,8.592564584895005e+02,3.132366549587487e+02,2,0.000000000000000e+00,0.000000000000000e+00
7.210000000007561e-05,721,1.119204326797821e-01,1.915724302770906e+04,1.000000000000000e+00,8.000000000000000e-01,2.000000000000000e-01,1.182078893163352e-04,-7.512982179781362e-05,1.666666666666667e+00,0.000000000000000e+00,2.981500000000000e+02,3.177807103511917e+02,2.999999999999826e+02,8.603157136014374e+02,3.132624301358047e+02,2,0.000000000000000e+00,0.000000000000000e+00
7.220000000007583e-05,722,9.967455299107061e-02,3.278596245573760e+04,1.000000000000000e+00,8.000000000000000e-01,2.000000000000000e-01,1.183745559830022e-04,-7.512982179781362e-05,1.666666666666667e+00,0.000000000000000e+00,2.981500000000000e+02,3.184594770654692e+02,2.999999999999826e+02,8.612473881864345e+02,3.132878978950273e+02,2,0.000000000000000e+00,0.000000000000000e+00
7.230000000007605e-05,723,1.122322295770183e-01,1.727762485187300e+04,1.000000000000000e+00,8.000000000000000e-01,2.000000000000000e-01,1.185412226496693e-04,-7.512982179781362e-05,1.666666666666667e+00,0.000000000000000e+00,2.981500000000000e+02,3.185997999160107e+02,2.999999999999826e+02,8.622127536106379e+02,3.133125603339303e+02,2,0.000000000000000e+00,0.000000000000000e+00
7.240000000007627e-05,724,9.996041669309749e-02,3.941259554632002e+04,1.000000000000000e+00,8.000000000000000e-01,2.000000000000000e-01,1.187078893163363e-04,-7.512982179781362e-05,1.666666666666667e+00,0.000000000000000e+00,2.981500000000000e+02,3.187874357062822e+02,2.999999999999826e+02,8.630972106047399e+02,3.133369656560695e+02,2,0.000000000000000e+00,0.000000000000000e+00
7.250000000007649e-05,725,1.125198178481657e-01,3.136250289109500e+04,1.000000000000000e+00,8.000000000000000e-01,2.000000000000000e-01,1.188745559830033e-04,-7.512982179781362e-05,1.666666666666667e+00,0.000000000000000e+00,2.981500000000000e+02,3.194959607860842e+02,2.999999999999826e+02,8.639417715740515e+02,3.133612066298117e+02,2,0.000000000000000e+00,0.000000000000000e+00
7.260000000007671e-05,726,1.002565509356264e-01,1.689030633102490e+04,1.000000000000000e+00,8.000000000000000e-01,2.000000000000000e-01,1.190412226496704e-04,-7.512982179781362e-05,1.666666666666667e+00,0.000000000000000e+00,2.981500000000000e+02,3.204128697214446e+02,2.999999999999826e+02,8.648402027319639e+02,3.133868956106885e+02,2,0.000000000000000e+00,0.000000000000000e+00
7.270000000007693e-05,727,1.015030468419640e-01,2.376578981795249e+04,1.000000000000000e+00,8.000000000000000e-01,2.000000000000000e-01,1.192078893163374e-04,-7.512982179781362e-05,1.666666666666667e+00,0.000000000000000e+00,2.981500000000000e+02,3.207272579149857e+02,2.999999999999826e+02,8.657812182306119e+02,3.134131275481138e+02,2,0.000000000000000e+00,0.000000000000000e+00
7.280000000007715e-05,728,1.005843323605871e-01,1.333723995375653e+04,1.000000000000000e+00,8.000000000000000e-01,2.000000000000000e-01,1.193745559830044e-04,-7.512982179781362e-05,1.666666666666667e+00,0.000000000000000e+00,2.981500000000000e+02,3.208488686632874e+02,2.999999999999826e+02,8.667050791304634e+02,3.134395448147433e+02,2,0.000000000000000e+00,0.000000000000000e+00
7.290000000007737e-05,729,9.517939319118600e-02,2.527084707713409e+04,1.000000000000000e+00,8.000000000000000e-01,2.000000000000000e-01,1.195412226496715e-04,-7.512982179781362e-05,1.666666666666667e+00,0.000000000000000e+00,2.981500000000000e+02,3.212375944020958e+02,2.999999999999826e+02,8.676525110233921e+02,3.134663611323919e+02,2,0.000000000000000e+00,0.000000000000000e+00
7.300000000007759e-05,730,1.009432157235819e-01,2.889281216602071e+04,1.000000000000000e+00,8.000000000000000e-01,2.000000000000000e-01,1.197078893163385e-04,-7.512982179781362e-05,1.666666666666667e+00,0.000000000000000e+00,2.981500000000000e+02,3.222033309767653e+02,2.999999999999826e+02,8.686719933077105e+02,3.134940348621977e+02,2,0.000000000000000e+00,0.000000000000000e+00
7.310000000007781e-05,731,9.567838676799592e-02,4.037503518121115e+04,1.000000000000000e+00,8.000000000000000e-01,2.000000000000000e-01,1.198745559830055e-04,-7.512982179781362e-05,1.666666666666667e+00,0.000000000000000e+00,2.981500000000000e+02,3.229172289355527e+02,2.999999999999826e+02,8.698532631005339e+02,3.135232734667840e+02,2,0.000000000000000e+00,0.000000000000000e+00
7.320000000007803e-05,732,1.014262880021551e-01,2.308487042091612e+04,1.000000000000000e+00,8.000000000000000e-01,2.000000000000000e-01,1.200412226496726e-04,-7.512982179781362e-05,1.666666666666667e+00,0.000000000000000e+00,2.981500000000000e+02,3.231921877329130e+02,2.999999999999826e+02,8.711992729657218e+02,3.135534617262862e+02,2,0.000000000000000e+00,0.000000000000000e+00
7.330000000007825e-05,733,9.627625826767605e-02,3.000417945299832e+04,1.000000000000000e+00,8.000000000000000e-01,2.000000000000000e-01,1.202078893163396e-04,-7.512982179781362e-05,1.666666666666667e+00,0.000000000000000e+00,2.981500000000000e+02,3.232822815748369e+02,2.999999999999826e+02,8.725107558441441e+02,3.135834304808633e+02,2,0.000000000000000e+00,0.000000000000000e+00
7.340000000007846e-05,734,1.019247755591057e-01,3.115824999286357e+04,1.000000000000000e+00,8.000000000000000e-01,2.000000000000000e-01,1.203745559830066e-04,-7.512982179781362e-05,1.666666666666667e+00,0.000000000000000e+00,2.981500000000000e+02,3.241495140458364e+02,2.999999999999826e+02,8.737789049294481e+02,3.136133146491424e+02,2,0.000000000000000e+00,0.000000000000000e+00
7.350000000007868e-05,735,1.131273350803310e-01,8.117472232957633e+04,1.000000000000000e+00,8.000000000000000e-01,2.000000000000000e-01,1.205412226496737e-04,-7.512982179781362e-05,1.666666666666667e+00,0.000000000000000e+00,2.981500000000000e+02,3.252442325666756e+02,2.999999999999826e+02,8.750071044816144e+02,3.136433736480409e+02,2,0.000000000000000e+00,0.000000000000000e+00
7.360000000007890e-05,736,1.086050191780136e-01,3.797583104909745e+04,1.000000000000000e+00,8.000000000000000e-01,2.000000000000000e-01,1.207078893163407e-04,-7.512982179781362e-05,1.666666666666667e+00,0.000000000000000e+00,2.981500000000000e+02,3.259054443207673e+02,2.999999999999826e+02,8.762058759071626e+02,3.136732269286570e+02,2,0.000000000000000e+00,0.000000000000000e+00
7.370000000007912e-05,737,1.137168853715325e-01,6.225909592179086e+04,1.000000000000000e+00,8.000000000000000e-01,2.000000000000000e-01,1.208745559830077e-04,-7.512982179781362e-05,1.666666666666667e+00,0.000000000000000e+00,2.981500000000000e+02,3.262058674238394e+02,2.999999999999826e+02,8.773777733690828e+02,3.137031368870985e+02,2,0.000000000000000e+00,0.000000000000000e+00
7.380000000007934e-05,738,9.622730850738664e-02,2.306446634817698e+04,1.000000000000000e+00,8.000000000000000e-01,2.000000000000000e-01,1.210412226496748e-04,-7.512982179781362e-05,1.666666666666667e+00,0.000000000000000e+00,2.981500000000000e+02,3.264718845912575e+02,2.999999999999826e+02,8.784285153650079e+02,3.137317125344802e+02,2,0.000000000000000e+00,0.000000000000000e+00
7.390000000007956e-05,739,1.016379807810880e-01,2.733309718435988e+04,1.000000000000000e+00,8.000000000000000e-01,2.000000000000000e-01,1.212078893163418e-04,-7.512982179781362e-05,1.666666666666667e+00,0.000000000000000e+00,2.981500000000000e+02,3.273357019776633e+02,2.999999999999826e+02,8.794148823180967e+02,3.137604905879284e+02,2,0.000000000000000e+00,0.000000000000000e+00
7.400000000007978e-05,740,1.094674075807909e-01,4.912627195037131e+04,1.000000000000000e+00,8.000000000000000e-01,2.000000000000000e-01,1.213745559830088e-04,-7.512982179781362e-05,1.666666666666667e+00,0.000000000000000e+00,2.981500000000000e+02,3.283900268665881e+02,2.999999999999826e+02,8.803682440873806e+02,3.137888808210856e+02,2,0.000000000000000e+00,0.000000000000000e+00
7.410000000008000e-05,741,1.021350546265981e-01,4.001980103083312e+04,1.000000000000000e+00,8.000000000000000e-01,2.000000000000000e-01,1.215412226496759e-04,-7.512982179781362e-05,1.666666666666667e+00,0.000000000000000e+00,2.981500000000000e+02,3.290818887168491e+02,2.999999999999826e+02,8.812555815245463e+02,3.138165289500172e+02,2,0.000000000000000e+00,0.000000000000000e+00
7.420000000008022e-05,742,1.006713455112821e-01,3.848817859618965e+04,1.000000000000000e+00,8.000000000000000e-01,2.000000000000000e-01,1.217078893163429e-04,-7.512982179781362e-05,1.666666666666667e+00,0.000000000000000e+00,2.981500000000000e+02,3.294525541786659e+02,2.999999999999826e+02,8.821013621285199e+02,3.138433418707261e+02,2,0.000000000000000e+00,0.000000000000000e+00
7.430000000008044e-05,743,1.026317960707580e-01,4.583992584797759e+04,1.000000000000000e+00,8.000000000000000e-01,2.000000000000000e-01,1.218745559830099e-04,-7.512982179781362e-05,1.666666666666667e+00,0.000000000000000e+00,2.981500000000000e+02,3.297440855499173e+02,2.999999999999826e+02,8.828415397009170e+02,3.138690885510416e+02,2,0.000000000000000e+00,0.000000000000000e+00
7.440000000008066e-05,744,1.011238854564118e-01,3.393273978357649e+04,1.000000000000000e+00,8.000000000000000e-01,2.000000000000000e-01,1.220412226496770e-04,-7.512982179781362e-05,1.666666666666667e+00,0.000000000000000e+00,2.981500000000000e+02,3.304270897418291e+02,2.999999999999826e+02,8.836004149422671e+02,3.138950399037149e+02,2,0.000000000000000e+00,0.000000000000000e+00
7.450000000008088e-05,745,1.032084480323748e-01,1.387820639002275e+04,1.000000000000000e+00,8.000000000000000e-01,2.000000000000000e-01,1.222078893163429e-04,-7.512982179781362e-05,1.666666666666667e+00,0.000000000000000e+00,2.981500000000000e+02,3.301379942969527e+02,2.999999999999826e+02,8.845254613375064e+02,3.139232626999661e+02,2,0.000000000000000e+00,0.000000000000000e+00
7.460000000008110e-05,746,1.017842420825506e-01,4.356137186863111e+04,1.000000000000000e+00,8.000000000000000e-01,2.000000000000000e-01,1.223745559830085e-04,-7.512982179781362e-05,1.666666666666667e+00,0.000000000000000e+00,2.981500000000000e+02,3.302575812434294e+02,2.999999999999826e+02,8.854291799052839e+02,3.139506963261568e+02,2,0.000000000000000e+00,0.000000000000000e+00
7.470000000008131e-05,747,1.038317647856832e-01,3.543401256836380e+04,1.000000000000000e+00,8.000000000000000e-01,2.000000000000000e-01,1.225412226496742e-04,-7.512982179781362e-05,1.666666666666667e+00,0.000000000000000e+00,2.981500000000000e+02,3.326637857934683e+02,2.999999999999826e+02,8.864183091157537e+02,3.139787660744959e+02,2,0.000000000000000e+00,0.000000000000000e+00
7.480000000008153e-05,748,8.959456692266723e-02,2.444364946661654e+04,1.000000000000000e+00,8.000000000000000e-01,2.000000000000000e-01,1.227078893163399e-04,-7.512982179781362e-05,1.666666666666667e+00,0.000000000000000e+00,2.981500000000000e+02,3.327097013295460e+02,2.999999999999826e+02,8.872537460903272e+02,3.140050981539821e+02,2,0.000000000000000e+00,0.000000000000000e+00
7.490000000008175e-05,749,1.043460297308285e-01,1.848849642295078e+04,1.000000000000000e+00,8.000000000000000e-01,2.000000000000000e-01,1.228745559830056e-04,-7.512982179781362e-05,1.666666666666667e+00,0.000000000000000e+00,2.981500000000000e+02,3.321421211473514e+02,2.999999999999826e+02,8.879096484506728e+02,3.140296405899790e+02,2,0.000000000000000e+00,0.000000000000000e+00
7.500000000008197e-05,750,1.028635732060820e-01,4.298103339738659e+04,1.000000000000000e+00,8.000000000000000e-01,2.000000000000000e-01,1.230412226496712e-04,-7.512982179781362e-05,1.666666666666667e+00,0.000000000000000e+00,2.981500000000000e+02,3.315721809823750e+02,2.999999999999826e+02,8.883490443855745e+02,3.140524369629655e+02,2,0.000000000000000e+00,0.000000000000000e+00
7.510000000008219e-05,751,1.047297103333951e-01,1.522273292974002e+04,1.000000000000000e+00,8.000000000000000e-01,2.000000000000000e-01,1.232078893163369e-04,-7.512982179781362e-05,1.666666666666667e+00,0.000000000000000e+00,2.981500000000000e+02,3.310373437485828e+02,2.999999999999826e+02,8.887539187157645e+02,3.140746932890966e+02,2,0.000000000000000e+00,0.000000000000000e+00
7.520000000008241e-05,752,1.033151767431278e-01,4.075490379598868e+04,1.000000000000000e+00,8.000000000000000e-01,2.000000000000000e-01,1.233745559830026e-04,-7.512982179781362e-05,1.666666666666667e+00,0.000000000000000e+00,2.981500000000000e+02,3.303868569264554e+02,2.999999999999826e+02,8.890951456113029e+02,3.140971216552281e+02,2,0.000000000000000e+00,0.000000000000000e+00
7.530000000008263e-05,753,1.050688097923908e-01,2.008124115207995e+04,1.000000000000000e+00,8.000000000000000e-01,2.000000000000000e-01,1.235412226496683e-04,-7.512982179781362e-05,1.666666666666667e+00,0.000000000000000e+00,2.981500000000000e+02,3.298465261540268e+02,2.999999999999826e+02,8.895019022711916e+02,3.141204369232385e+02,2,0.000000000000000e+00,0.000000000000000e+00
7.540000000008285e-05,754,1.036844411217390e-01,6.172661584093553e+04,1.000000000000000e+00,8.000000000000000e-01,2.000000000000000e-01,1.237078893163340e-04,-7.512982179781362e-05,1.666666666666667e+00,0.000000000000000e+00,2.981500000000000e+02,3.291982991983573e+02,2.999999999999826e+02,8.898221088314247e+02,3.141437324474000e+02,2,0.000000000000000e+00,0.000000000000000e+00
7.550000000008307e-05,755,1.053901988389414e-01,1.918973462321881e+04,1.000000000000000e+00,8.000000000000000e-01,2.000000000000000e-01,1.238745559829996e-04,-7.512982179781362e-05,1.666666666666667e+00,0.000000000000000e+00,2.981500000000000e+02,3.286009102699897e+02,2.999999999999826e+02,8.902020076936838e+02,3.141672802308922e+02,2,0.000000000000000e+00,0.000000000000000e+00
7.560000000008329e-05,756,1.039887659202181e-01,2.469943397907670e+04,1.000000000000000e+00,8.000000000000000e-01,2.000000000000000e-01,1.240412226496653e-04,-7.512982179781362e-05,1.666666666666667e+00,0.000000000000000e+00,2.981500000000000e+02,3.279916686642180e+02,2.999999999999826e+02,8.905091679480379e+02,3.141905504473433e+02,2,0.000000000000000e+00,0.000000000000000e+00
7.570000000008351e-05,757,1.128973274964114e-01,1.132489807742217e+04,1.000000000000000e+00,8.000000000000000e-01,2.000000000000000e-01,1.242078893163310e-04,-7.512982179781362e-05,1.666666666666667e+00,0.000000000000000e+00,2.981500000000000e+02,3.275124758419747e+02,2.999999999999826e+02,8.907952802470098e+02,3.142129774147248e+02,2,0.000000000000000e+00,0.000000000000000e+00
7.580000000008373e-05,758,1.042877141022288e-01,2.038029218122503e+04,1.000000000000000e+00,8.000000000000000e-01,2.000000000000000e-01,1.243745559829967e-04,-7.512982179781362e-05,1.666666666666667e+00,0.000000000000000e+00,2.981500000000000e+02,3.269368288641055e+02,2.999999999999826e+02,8.911505417119652e+02,3.142352063113783e+02,2,0.000000000000000e+00,0.000000000000000e+00
7.590000000008395e-05,759,1.132897291210198e-01,1.525486374067526e+04,1.000000000000000e+00,8.000000000000000e-01,2.000000000000000e-01,1.245412226496623e-04,-7.512982179781362e-05,1.666666666666667e+00,0.000000000000000e+00,2.981500000000000e+02,3.263620432005787e+02,2.999999999999826e+02,8.915513507050570e+02,3.142568999910553e+02,2,0.000000000000000e+00,0.000000000000000e+00
7.600000000008417e-05,760,9.168909904326486e-02,2.891507960227386e+04,1.000000000000000e+00,8.000000000000000e-01,2.000000000000000e-01,1.247078893163280e-04,-7.512982179781362e-05,1.666666666666667e+00,0.000000000000000e+00,2.981500000000000e+02,3.257625612943938e+02,2.999999999999826e+02,8.919866453471001e+02,3.142785843994312e+02,2,0.000000000000000e+00,0.000000000000000e+00
7.610000000008438e-05,761,1.136736466704202e-01,1.632283060807943e+04,1.000000000000000e+00,8.000000000000000e-01,2.000000000000000e-01,1.248745559829937e-04,-7.512982179781362e-05,1.666666666666667e+00,0.000000000000000e+00,2.981500000000000e+02,3.251294513631389e+02,2.999999999999826e+02,8.924524079784923e+02,3.142999662591851e+02,2,0.000000000000000e+00,0.000000000000000e+00
7.620000000008460e-05,762,1.049793891357981e-01,2.992845817786612e+04,1.000000000000000e+00,8.000000000000000e-01,2.000000000000000e-01,1.250412226496594e-04,-7.512982179781362e-05,1.666666666666667e+00,0.000000000000000e+00,2.981500000000000e+02,3.245686442907523e+02,2.999999999999826e+02,8.929079178241615e+02,3.143208481123555e+02,2,0.000000000000000e+00,0.000000000000000e+00
7.630000000008482e-05,763,9.800036786926748e-02,7.449093060233573e+03,1.000000000000000e+00,8.000000000000000e-01,2.000000000000000e-01,1.252078893163250e-04,-7.512982179781362e-05,1.666666666666667e+00,0.000000000000000e+00,2.981500000000000e+02,3.240326802227023e+02,2.999999999999826e+02,8.932954139509690e+02,3.143409075562120e+02,2,0.000000000000000e+00,0.000000000000000e+00
7.640000000008504e-05,764,1.053103836773027e-01,1.934647429261139e+04,1.000000000000000e+00,8.000000000000000e-01,2.000000000000000e-01,1.253745559829907e-04,-7.512982179781362e-05,1.666666666666667e+00,0.000000000000000e+00,2.981500000000000e+02,3.235482912716294e+02,2.999999999999826e+02,8.936962021039135e+02,3.143609596911641e+02,2,0.000000000000000e+00,0.000000000000000e+00
7.650000000008526e-05,765,9.824128946351002e-02,1.589994247473199e+04,1.000000000000000e+00,8.000000000000000e-01,2.000000000000000e-01,1.255412226496564e-04,-7.512982179781362e-05,1.666666666666667e+00,0.000000000000000e+00,2.981500000000000e+02,3.231113582249030e+02,2.999999999999826e+02,8.940511520562585e+02,3.143815172258235e+02,2,0.000000000000000e+00,0.000000000000000e+00
7.660000000008548e-05,766,1.055506631437670e-01,1.729769751804894e+04,1.000000000000000e+00,8.000000000000000e-01,2.000000000000000e-01,1.257078893163221e-04,-7.512982179781362e-05,1.666666666666667e+00,0.000000000000000e+00,2.981500000000000e+02,3.227672650836556e+02,2.999999999999826e+02,8.945166487917392e+02,3.144021210784877e+02,2,0.000000000000000e+00,0.000000000000000e+00
7.670000000008570e-05,767,1.145816995361652e-01,1.273899377481048e+04,1.000000000000000e+00,8.000000000000000e-01,2.000000000000000e-01,1.258745559829878e-04,-7.512982179781362e-05,1.666666666666667e+00,0.000000000000000e+00,2.981500000000000e+02,3.224862156748191e+02,2.999999999999826e+02,8.949096586100793e+02,3.144236160015159e+02,2,0.000000000000000e+00,0.000000000000000e+00
7.680000000008592e-05,768,1.158929493566144e-01,1.412491020962275e+04,1.000000000000000e+00,8.000000000000000e-01,2.000000000000000e-01,1.260412226496534e-04,-7.512982179781362e-05,1.666666666666667e+00,0.000000000000000e+00,2.981500000000000e+02,3.222528277207920e+02,2.999999999999826e+02,8.953469201526591e+02,3.144451992239441e+02,2,0.000000000000000e+00,0.000000000000000e+00
7.690000000008614e-05,769,1.148981124824779e-01,7.931051815701785e+03,1.000000000000000e+00,8.000000000000000e-01,2.000000000000000e-01,1.262078893163191e-04,-7.512982179781362e-05,1.666666666666667e+00,0.000000000000000e+00,2.981500000000000e+02,3.220018675249776e+02,2.999999999999826e+02,8.958170045704518e+02,3.144678718428601e+02,2,0.000000000000000e+00,0.000000000000000e+00
7.700000000008636e-05,770,1.161422535893770e-01,2.319556876676083e+04,1.000000000000000e+00,8.000000000000000e-01,2.000000000000000e-01,1.263745559829848e-04,-7.512982179781362e-05,1.666666666666667e+00,0.000000000000000e+00,2.981500000000000e+02,3.217813049157262e+02,2.999999999999826e+02,8.962059285171765e+02,3.144898308675927e+02,2,0.000000000000000e+00,0.000000000000000e+00
7.710000000008658e-05,771,1.151997365515170e-01,1.354492720453991e+04,1.000000000000000e+00,8.000000000000000e-01,2.000000000000000e-01,1.265412226496505e-04,-7.512982179781362e-05,1.666666666666667e+00,0.000000000000000e+00,2.981500000000000e+02,3.216035075194301e+02,2.999999999999826e+02,8.967010282841421e+02,3.145131049130909e+02,2,0.000000000000000e+00,0.000000000000000e+00
7.720000000008680e-05,772,1.280398158013009e-01,2.886793970351792e+04,1.000000000000000e+00,8.000000000000000e-01,2.000000000000000e-01,1.267078893163161e-04,-7.512982179781362e-05,1.666666666666667e+00,0.000000000000000e+00,2.981500000000000e+02,3.214347924953518e+02,2.999999999999826e+02,8.970876358368265e+02,3.145358704364528e+02,2,0.000000000000000e+00,0.000000000000000e+00
7.730000000008702e-05,773,1.154824632530304e-01,1.546705860815132e+04,1.000000000000000e+00,8.000000000000000e-01,2.000000000000000e-01,1.268745559829818e-04,-7.512982179781362e-05,1.666666666666667e+00,0.000000000000000e+00,2.981500000000000e+02,3.213001253258627e+02,2.999999999999826e+02,8.975537633301245e+02,3.145590457337851e+02,2,0.000000000000000e+00,0.000000000000000e+00
7.740000000008724e-05,774,1.283404881955514e-01,1.775636128760742e+04,1.000000000000000e+00,8.000000000000000e-01,2.000000000000000e-01,1.270412226496475e-04,-7.512982179781362e-05,1.666666666666667e+00,0.000000000000000e+00,2.981500000000000e+02,3.211306851426625e+02,2.999999999999826e+02,8.980040899006274e+02,3.145825506589052e+02,2,0.000000000000000e+00,0.000000000000000e+00
7.750000000008745e-05,775,1.157590502868718e-01,1.826244219533623e+04,1.000000000000000e+00,8.000000000000000e-01,2.000000000000000e-01,1.272078893163132e-04,-7.512982179781362e-05,1.666666666666667e+00,0.000000000000000e+00,2.981500000000000e+02,3.209201787759516e+02,2.999999999999826e+02,8.984721717496407e+02,3.146059096450983e+02,2,0.000000000000000e+00,0.000000000000000e+00
7.760000000008767e-05,776,1.170136220504594e-01,1.593513509801136e+04,1.000000000000000e+00,8.000000000000000e-01,2.000000000000000e-01,1.273745559829788e-04,-7.512982179781362e-05,1.666666666666667e+00,0.000000000000000e+00,2.981500000000000e+02,3.207534080820088e+02,2.999999999999826e+02,8.989602187546337e+02,3.146291744261604e+02,2,0.000000000000000e+00,0.000000000000000e+00
7.770000000008789e-05,777,1.263532949885821e-01,1.393526558010714e+04,1.000000000000000e+00,8.000000000000000e-01,2.000000000000000e-01,1.275412226496445e-04,-7.512982179781362e-05,1.666666666666667e+00,0.000000000000000e+00,2.981500000000000e+02,3.205235888683710e+02,2.999999999999826e+02,8.993883866341419e+02,3.146518030329930e+02,2,0.000000000000000e+00,0.000000000000000e+00
7.780000000008811e-05,778,1.172506023269373e-01,8.027576878666401e+03,1.000000000000000e+00,8.000000000000000e-01,2.000000000000000e-01,1.277078893163102e-04,-7.512982179781362e-05,1.666666666666667e+00,0.000000000000000e+00,2.981500000000000e+02,3.203415601725672e+02,2.999999999999826e+02,8.998231356820938e+02,3.146739398315840e+02,2,0.000000000000000e+00,0.000000000000000e+00
7.790000000008833e-05,779,1.266976446994534e-01,1.586364211295729e+04,1.000000000000000e+00,8.000000000000000e-01,2.000000000000000e-01,1.278745559829759e-04,-7.512982179781362e-05,1.666666666666667e+00,0.000000000000000e+00,2.981500000000000e+02,3.201638505273202e+02,2.999999999999826e+02,9.001789682621657e+02,3.146957200097672e+02,2,0.000000000000000e+00,0.000000000000000e+00
7.800000000008855e-05,780,1.175054173425020e-01,2.902471339161546e+04,1.000000000000000e+00,8.000000000000000e-01,2.000000000000000e-01,1.280412226496416e-04,-7.512982179781362e-05,1.666666666666667e+00,0.000000000000000e+00,2.981500000000000e+02,3.199946208676593e+02,2.999999999999754e+02,9.005832628068956e+02,3.147178178114159e+02,2,0.000000000000000e+00,0.000000000000000e+00
7.810000000008877e-05,781,1.400886871243001e-01,2.407837690120601e+04,1.000000000000000e+00,8.000000000000000e-01,2.000000000000000e-01,1.282078893163072e-04,-7.512982179781362e-05,1.666666666666667e+00,0.000000000000000e+00,2.981500000000000e+02,3.198997471279166e+02,2.999999999999754e+02,9.009866054444512e+02,3.147398731593088e+02,2,0.000000000000000e+00,0.000000000000000e+00
7.820000000008899e-05,782,1.293453552070820e-01,1.302235425050118e+04,1.000000000000000e+00,8.000000000000000e-01,2.000000000000000e-01,1.283745559829729e-04,-7.512982179781362e-05,1.666666666666667e+00,0.000000000000000e+00,2.981500000000000e+02,3.197357188022613e+02,2.999999999999754e+02,9.012938222154529e+02,3.147617933004181e+02,2,0.000000000000000e+00,0.000000000000000e+00
7.830000000008921e-05,783,1.273235824347855e-01,2.272772899139153e+04,1.000000000000000e+00,8.000000000000000e-01,2.000000000000000e-01,1.285412226496386e-04,-7.512982179781362e-05,1.666666666666667e+00,0.000000000000000e+00,2.981500000000000e+02,3.196341582464581e+02,2.999999999999754e+02,9.015896191851054e+02,3.147830546248817e+02,2,0.000000000000000e+00,0.000000000000000e+00
7.840000000008943e-05,784,1.295776193062221e-01,1.707501447935281e+04,1.000000000000000e+00,8.000000000000000e-01,2.000000000000000e-01,1.287078893163043e-04,-7.512982179781362e-05,1.666666666666667e+00,0.000000000000000e+00,2.981500000000000e+02,3.195030701365743e+02,2.999999999999754e+02,9.019028560289920e+02,3.148045588375369e+02,2,0.000000000000000e+00,0.000000000000000e+00
7.850000000008965e-05,785,1.276224658366857e-01,2.331138323484780e+04,1.000000000000000e+00,8.000000000000000e-01,2.000000000000000e-01,1.288745559829699e-04,-7.512982179781362e-05,1.666666666666667e+00,0.000000000000000e+00,2.981500000000000e+02,3.193539264169185e+02,2.999999999999754e+02,9.021932407242144e+02,3.148255773571524e+02,2,0.000000000000000e+00,0.000000000000000e+00
7.860000000008987e-05,786,1.297738389461584e-01,1.679648131358134e+04,1.000000000000000e+00,8.000000000000000e-01,2.000000000000000e-01,1.290412226496356e-04,-7.512982179781362e-05,1.666666666666667e+00,0.000000000000000e+00,2.981500000000000e+02,3.192877943007648e+02,2.999999999999754e+02,9.025177945818132e+02,3.148471882885775e+02,2,0.000000000000000e+00,0.000000000000000e+00
7.870000000009009e-05,787,1.294497270087926e-01,2.156324509480970e+04,1.000000000000000e+00,8.000000000000000e-01,2.000000000000000e-01,1.292078893163013e-04,-7.512982179781362e-05,1.666666666666667e+00,0.000000000000000e+00,2.981500000000000e+02,3.191549561055891e+02,2.999999999999754e+02,9.028363462399503e+02,3.148692370021151e+02,2,0.000000000000000e+00,0.000000000000000e+00
7.880000000009030e-05,788,1.184912048645550e-01,2.209215537889426e+04,1.000000000000000e+00,8.000000000000000e-01,2.000000000000000e-01,1.293745559829670e-04,-7.512982179781362e-05,1.666666666666667e+00,0.000000000000000e+00,2.981500000000000e+02,3.190635065250121e+02,2.999999999999754e+02,9.031920055942099e+02,3.148918478773118e+02,2,0.000000000000000e+00,0.000000000000000e+00
7.890000000009052e-05,789,1.297709375395111e-01,3.448474031612627e+04,1.000000000000000e+00,8.000000000000000e-01,2.000000000000000e-01,1.295412226496326e-04,-7.512982179781362e-05,1.666666666666667e+00,0.000000000000000e+00,2.981500000000000e+02,3.189556872388049e+02,2.999999999999754e+02,9.035055477350724e+02,3.149149817412195e+02,2,0.000000000000000e+00,0.000000000000000e+00
7.900000000009074e-05,790,1.187294175436693e-01,1.290158157078894e+04,1.000000000000000e+00,8.000000000000000e-01,2.000000000000000e-01,1.297078893162983e-04,-7.512982179781362e-05,1.666666666666667e+00,0.000000000000000e+00,2.981500000000000e+02,3.187864459644565e+02,2.999999999999754e+02,9.038335897016636e+02,3.149382353317589e+02,2,0.000000000000000e+00,0.000000000000000e+00
7.910000000009096e-05,791,1.170378901749561e-01,2.847288341962231e+04,1.000000000000000e+00,8.000000000000000e-01,2.000000000000000e-01,1.298745559829640e-04,-7.512982179781362e-05,1.666666666666667e+00,0.000000000000000e+00,2.981500000000000e+02,3.186687341900793e+02,2.999999999999754e+02,9.041780150816386e+02,3.149618646335085e+02,2,0.000000000000000e+00,0.000000000000000e+00
7.920000000009118e-05,792,1.304899014502426e-01,1.600913204089281e+04,1.000000000000000e+00,8.000000000000000e-01,2.000000000000000e-01,1.300412226496297e-04,-7.512982179781362e-05,1.666666666666667e+00,0.000000000000000e+00,2.981500000000000e+02,3.184865339103360e+02,2.999999999999754e+02,9.045467084703296e+02,3.149854848630491e+02,2,0.000000000000000e+00,0.000000000000000e+00
7.930000000009140e-05,793,1.288856561897079e-01,2.108869282760673e+04,1.000000000000000e+00,8.000000000000000e-01,2.000000000000000e-01,1.302078893162954e-04,-7.512982179781362e-05,1.666666666666667e+00,0.000000000000000e+00,2.981500000000000e+02,3.183596001405051e+02,2.999999999999754e+02,9.049268930047108e+02,3.150093765848617e+02,2,0.000000000000000e+00,0.000000000000000e+00
7.940000000009162e-05,794,1.307801679078164e-01,2.046852907793350e+04,1.000000000000000e+00,8.000000000000000e-01,2.000000000000000e-01,1.303745559829610e-04,-7.512982179781362e-05,1.666666666666667e+00,0.000000000000000e+00,2.981500000000000e+02,3.181885757713027e+02,2.999999999999754e+02,9.053152874775707e+02,3.150337935223188e+02,2,0.000000000000000e+00,0.000000000000000e+00
7.950000000009184e-05,795,1.422807322202843e-01,2.356673244544032e+04,1.000000000000000e+00,8.000000000000000e-01,2.000000000000000e-01,1.305412226496267e-04,-7.512982179781362e-05,1.666666666666667e+00,0.000000000000000e+00,2.981500000000000e+02,3.180288493044766e+02,2.999999999999756e+02,9.057204601511833e+02,3.150582599117179e+02,2,0.000000000000000e+00,0.000000000000000e+00
7.960000000009206e-05,796,1.311223998855598e-01,2.514146969512957e+04,1.000000000000000e+00,8.000000000000000e-01,2.000000000000000e-01,1.307078893162924e-04,-7.512982179781362e-05,1.666666666666667e+00,0.000000000000000e+00,2.981500000000000e+02,3.179250109721067e+02,2.999999999999812e+02,9.061077936182030e+02,3.150826906572022e+02,2,0.000000000000000e+00,0.000000000000000e+00
7.970000000009228e-05,797,1.426784965178763e-01,3.270132994723355e+04,1.000000000000000e+00,8.000000000000000e-01,2.000000000000000e-01,1.308745559829581e-04,-7.512982179781362e-05,1.666666666666667e+00,0.000000000000000e+00,2.981500000000000e+02,3.177667332104009e+02,2.999999999999869e+02,9.064631701176786e+02,3.151065471221796e+02,2,0.000000000000000e+00,0.000000000000000e+00
7.980000000009250e-05,798,1.313845826204691e-01,2.099167368900541e+04,1.000000000000000e+00,8.000000000000000e-01,2.000000000000000e-01,1.310412226496237e-04,-7.512982179781362e-05,1.666666666666667e+00,0.000000000000000e+00,2.981500000000000e+02,3.176908857956548e+02,2.999999999999926e+02,9.068287285182213e+02,3.151298954047360e+02,2,0.000000000000000e+00,0.000000000000000e+00
7.990000000009272e-05,799,1.314912195215437e-01,3.384915379385871e+04,1.000000000000000e+00,8.000000000000000e-01,2.000000000000000e-01,1.312078893162894e-04,-7.512982179781362e-05,1.666666666666667e+00,0.000000000000000e+00,2.981500000000000e+02,3.175655311535207e+02,2.999999999999943e+02,9.071178189469410e+02,3.151527972814278e+02,2,0.000000000000000e+00,0.000000000000000e+00
8.000000000009294e-05,800,1.200868191068225e-01,2.312185102868546e+04,1.000000000000000e+00,8.000000000000000e-01,2.000000000000000e-01,1.313745559829551e-04,-7.512982179781362e-05,1.666666666666667e+00,0.000000000000000e+00,2.981500000000000e+02,3.174918368645459e+02,2.999999999999943e+02,9.074459949306885e+02,3.151758187150077e+02,2,0.000000000000000e+00,0.000000000000000e+00
8.010000000009316e-05,801,1.187066338780308e-01,2.392593343419390e+04,1.000000000000000e+00,8.000000000000000e-01,2.000000000000000e-01,1.315412226496208e-04,-7.512982179781362e-05,1.666666666666667e+00,0.000000000000000e+00,2.981500000000000e+02,3.174215852845577e+02,2.999999999999943e+02,9.077393605573866e+02,3.151986697359136e+02,2,0.000000000000000e+00,0.000000000000000e+00
8.020000000009337e-05,802,1.203138397739567e-01,1.744797430788299e+04,1.000000000000000e+00,8.000000000000000e-01,2.000000000000000e-01,1.317078893162864e-04,-7.512982179781362e-05,1.666666666666667e+00,0.000000000000000e+00,2.981500000000000e+02,3.173181796635308e+02,2.999999999999943e+02,9.080602148565260e+02,3.152214195699931e+02,2,0.000000000000000e+00,0.000000000000000e+00
8.030000000009359e-05,803,1.320721736583924e-01,3.475066422056156e+04,1.000000000000000e+00,8.000000000000000e-01,2.000000000000000e-01,1.318745559829521e-04,-7.512982179781362e-05,1.666666666666667e+00,0.000000000000000e+00,2.981500000000000e+02,3.172899100846205e+02,2.999999999999919e+02,9.083361024305046e+02,3.152438208893652e+02,2,0.000000000000000e+00,0.000000000000000e+00
8.040000000009381e-05,804,1.075304341459550e-01,1.115370892941618e+04,1.000000000000000e+00,8.000000000000000e-01,2.000000000000000e-01,1.320412226496178e-04,-7.512982179781362e-05,1.666666666666667e+00,0.000000000000000e+00,2.981500000000000e+02,3.171720172624617e+02,2.999999999999919e+02,9.086368096009935e+02,3.152661789459573e+02,2,0.000000000000000e+00,0.000000000000000e+00
8.050000000009403e-05,805,1.323989847064360e-01,3.333694995036470e+04,1.000000000000000e+00,8.000000000000000e-01,2.000000000000000e-01,1.322078893162835e-04,-7.512982179781362e-05,1.666666666666667e+00,0.000000000000000e+00,2.981500000000000e+02,3.171481317626912e+02,2.999999999999919e+02,9.089136958222356e+02,3.152883531289962e+02,2,0.000000000000000e+00,0.000000000000000e+00
8.060000000009425e-05,806,1.322918375475466e-01,1.310802396382053e+04,1.000000000000000e+00,8.000000000000000e-01,2.000000000000000e-01,1.323745559829491e-04,-7.512982179781362e-05,1.666666666666667e+00,0.000000000000000e+00,2.981500000000000e+02,3.170375122021382e+02,2.999999999999919e+02,9.091919751931571e+02,3.153108743830813e+02,2,0.000000000000000e+00,0.000000000000000e+00
8.070000000009447e-05,807,1.311430027388410e-01,3.562532587399993e+04,1.000000000000000e+00,8.000000000000000e-01,2.000000000000000e-01,1.325412226496148e-04,-7.512982179781362e-05,1.666666666666667e+00,0.000000000000000e+00,2.981500000000000e+02,3.170311043342143e+02,2.999999999999919e+02,9.095618702451067e+02,3.153346078149138e+02,2,0.000000000000000e+00,0.000000000000000e+00
8.080000000009469e-05,808,1.325254639703251e-01,2.698844125053605e+04,1.000000000000000e+00,8.000000000000000e-01,2.000000000000000e-01,1.327078893162805e-04,-7.512982179781362e-05,1.666666666666667e+00,0.000000000000000e+00,2.981500000000000e+02,3.170302703132355e+02,2.999999999999919e+02,9.099302572586814e+02,3.153593257502842e+02,2,0.000000000000000e+00,0.000000000000000e+00
8.090000000009491e-05,809,1.199839618652076e-01,2.615699379887950e+04,1.000000000000000e+00,8.000000000000000e-01,2.000000000000000e-01,1.328745559829462e-04,-7.512982179781362e-05,1.666666666666667e+00,0.000000000000000e+00,2.981500000000000e+02,3.170136681314481e+02,2.999999999999919e+02,9.103270263581613e+02,3.153849258014918e+02,2,0.000000000000000e+00,0.000000000000000e+00
8.100000000009513e-05,810,1.082287739245558e-01,1.435050918355730e+04,1.000000000000000e+00,8.000000000000000e-01,2.000000000000000e-01,1.330412226496119e-04,-7.512982179781362e-05,1.666666666666667e+00,0.000000000000000e+00,2.981500000000000e+02,3.170572814387926e+02,2.999999999999919e+02,9.107314300199421e+02,3.154127532157664e+02,2,0.000000000000000e+00,0.000000000000000e+00
8.110000000009535e-05,811,1.336038927200503e-01,3.505624645951902e+04,1.000000000000000e+00,8.000000000000000e-01,2.000000000000000e-01,1.332078893162775e-04,-7.512982179781362e-05,1.666666666666667e+00,0.000000000000000e+00,2.981500000000000e+02,3.170440800176050e+02,2.999999999999919e+02,9.111539695922767e+02,3.154390932320749e+02,2,0.000000000000000e+00,0.000000000000000e+00
8.120000000009557e-05,812,1.085098944129254e-01,1.293536929596935e+04,1.000000000000000e+00,8.000000000000000e-01,2.000000000000000e-01,1.333745559829432e-04,-7.512982179781362e-05,1.666666666666667e+00,0.000000000000000e+00,2.981500000000000e+02,3.170098479624776e+02,2.999999999999919e+02,9.115358242699463e+02,3.154642095467361e+02,2,0.000000000000000e+00,0.000000000000000e+00
8.130000000009579e-05,813,1.340005191511328e-01,1.772206439820628e+04,1.000000000000000e+00,8.000000000000000e-01,2.000000000000000e-01,1.335412226496089e-04,-7.512982179781362e-05,1.666666666666667e+00,0.000000000000000e+00,2.981500000000000e+02,3.169630761606887e+02,2.999999999999919e+02,9.119236547767906e+02,3.154889547286527e+02,2,0.000000000000000e+00,0.000000000000000e+00
8.140000000009601e-05,814,1.220873854220821e-01,1.328255988988222e+04,1.000000000000000e+00,8.000000000000000e-01,2.000000000000000e-01,1.337078893162746e-04,-7.512982179781362e-05,1.666666666666667e+00,0.000000000000000e+00,2.981500000000000e+02,3.168931936470252e+02,2.999999999999919e+02,9.123437652957905e+02,3.155138174423568e+02,2,0.000000000000000e+00,0.000000000000000e+00
8.150000000009623e-05,815,1.210236882802164e-01,1.485792805496929e+04,1.000000000000000e+00,8.000000000000000e-01,2.000000000000000e-01,1.338745559829402e-04,-7.512982179781362e-05,1.666666666666667e+00,0.000000000000000e+00,2.981500000000000e+02,3.168442529659600e+02,2.999999999999919e+02,9.127970591612408e+02,3.155397539086693e+02,2,0.000000000000000e+00,0.000000000000000e+00
8.160000000009644e-05,816,1.223785150714730e-01,2.020996054799881e+04,1.000000000000000e+00,8.000000000000000e-01,2.000000000000000e-01,1.340412226496059e-04,-7.512982179781362e-05,1.666666666666667e+00,0.000000000000000e+00,2.981500000000000e+02,3.167826781629830e+02,2.999999999999919e+02,9.132888789322514e+02,3.155665895423095e+02,2,0.000000000000000e+00,0.000000000000000e+00
8.170000000009666e-05,817,1.347008233914566e-01,2.716948839881059e+04,1.000000000000000e+00,8.000000000000000e-01,2.000000000000000e-01,1.342078893162716e-04,-7.512982179781362e-05,1.666666666666667e+00,0.000000000000000e+00,2.981500000000000e+02,3.167679953045629e+02,2.999999999999919e+02,9.137553428069407e+02,3.155930478892842e+02,2,0.000000000000000e+00,0.000000000000000e+00
8.180000000009688e-05,818,1.348527839009844e-01,1.949227269095255e+04,1.000000000000000e+00,8.000000000000000e-01,2.000000000000000e-01,1.343745559829373e-04,-7.512982179781362e-05,1.666666666666667e+00,0.000000000000000e+00,2.981500000000000e+02,3.167247292963202e+02,2.999999999999919e+02,9.142042613543244e+02,3.156191662120993e+02,2,0.000000000000000e+00,0.000000000000000e+00
8.190000000009710e-05,819,1.350161354743269e-01,2.403189538495104e+04,1.000000000000000e+00,8.000000000000000e-01,2.000000000000000e-01,1.345412226496029e-04,-7.512982179781362e-05,1.666666666666667e+00,0.000000000000000e+00,2.981500000000000e+02,3.167058516389677e+02,2.999999999999919e+02,9.146622299685494e+02,3.156444164820753e+02,2,0.000000000000000e+00,0.000000000000000e+00
8.200000000009732e-05,820,1.218275379333455e-01,1.514195892666115e+04,1.000000000000000e+00,8.000000000000000e-01,2.000000000000000e-01,1.347078893162686e-04,-7.512982179781362e-05,1.666666666666667e+00,0.000000000000000e+00,2.981500000000000e+02,3.166593602580068e+02,2.999999999999919e+02,9.150521103936098e+02,3.156691587000133e+02,2,0.000000000000000e+00,0.000000000000000e+00
8.210000000009754e-05,821,1.353125870268347e-01,1.850167351487148e+04,1.000000000000000e+00,8.000000000000000e-01,2.000000000000000e-01,1.348745559829343e-04,-7.512982179781362e-05,1.666666666666667e+00,0.000000000000000e+00,2.981500000000000e+02,3.166191961548863e+02,2.999999999999919e+02,9.154969281315232e+02,3.156940354894319e+02,2,0.000000000000000e+00,0.000000000000000e+00
8.220000000009776e-05,822,1.221435009420388e-01,1.275972058882426e+04,1.000000000000000e+00,8.000000000000000e-01,2.000000000000000e-01,1.350412226496000e-04,-7.512982179781362e-05,1.666666666666667e+00,0.000000000000000e+00,2.981500000000000e+02,3.165836224211844e+02,2.999999999999919e+02,9.158905038106589e+02,3.157188560477571e+02,2,0.000000000000000e+00,0.000000000000000e+00
8.230000000009798e-05,823,1.223041355893097e-01,1.259054523691300e+04,1.000000000000000e+00,8.000000000000000e-01,2.000000000000000e-01,1.352078893162657e-04,-7.512982179781362e-05,1.666666666666667e+00,0.000000000000000e+00,2.981500000000000e+02,3.165543203014541e+02,2.999999999999919e+02,9.163372731060443e+02,3.157435938185063e+02,2,0.000000000000000e+00,0.000000000000000e+00
8.240000000009820e-05,824,1.357725717229207e-01,1.236959829742136e+04,1.000000000000000e+00,8.000000000000000e-01,2.000000000000000e-01,1.353745559829313e-04,-7.512982179781362e-05,1.666666666666667e+00,0.000000000000000e+00,2.981500000000000e+02,3.165380006994342e+02,2.999999999999919e+02,9.167483653664195e+02,3.157679959505997e+02,2,0.000000000000000e+00,0.000000000000000e+00
8.250000000009842e-05,825,1.225885553543136e-01,1.283660445744732e+04,1.000000000000000e+00,8.000000000000000e-01,2.000000000000000e-01,1.355412226495970e-04,-7.512982179781362e-05,1.666666666666667e+00,0.000000000000000e+00,2.981500000000000e+02,3.165056384328151e+02,2.999999999999919e+02,9.171727608953141e+02,3.157921331124184e+02,2,0.000000000000000e+00,0.000000000000000e+00
8.260000000009864e-05,826,1.360475300843820e-01,1.067781373544611e+04,1.000000000000000e+00,8.000000000000000e-01,2.000000000000000e-01,1.357078893162627e-04,-7.512982179781362e-05,1.666666666666667e+00,0.000000000000000e+00,2.981500000000000e+02,3.164846684210127e+02,2.999999999999919e+02,9.175953288370160e+02,3.158155782473726e+02,2,0.000000000000000e+00,0.000000000000000e+00
8.270000000009886e-05,827,1.228539526070265e-01,1.198974451129261e+04,1.000000000000000e+00,8.000000000000000e-01,2.000000000000000e-01,1.358745559829284e-04,-7.512982179781362e-05,1.666666666666667e+00,0.000000000000000e+00,2.981500000000000e+02,3.164446523973907e+02,2.999999999999919e+02,9.180586268298317e+02,3.158386716480576e+02,2,0.000000000000000e+00,0.000000000000000e+00
8.280000000009908e-05,828,1.363183975029475e-01,1.530655945349542e+04,1.000000000000000e+00,8.000000000000000e-01,2.000000000000000e-01,1.360412226495940e-04,-7.512982179781362e-05,1.666666666666667e+00,0.000000000000000e+00,2.981500000000000e+02,3.164304834928255e+02,2.999999999999919e+02,9.185458317616468e+02,3.158617705653946e+02,2,0.000000000000000e+00,0.000000000000000e+00
8.290000000009930e-05,829,1.238854105217033e-01,1.458065159880895e+04,1.000000000000000e+00,8.000000000000000e-01,2.000000000000000e-01,1.362078893162597e-04,-7.512982179781362e-05,1.666666666666667e+00,0.000000000000000e+00,2.981500000000000e+02,3.163915082983241e+02,2.999999999999919e+02,9.190457698377567e+02,3.158848406739897e+02,2,0.000000000000000e+00,0.000000000000000e+00
8.300000000009951e-05,830,1.232733455868370e-01,1.581018010287822e+04,1.000000000000000e+00,8.000000000000000e-01,2.000000000000000e-01,1.363745559829254e-04,-7.512982179781362e-05,1.666666666666667e+00,0.000000000000000e+00,2.981500000000000e+02,3.163618172837542e+02,2.999999999999919e+02,9.195741071023758e+02,3.159083896844970e+02,2,0.000000000000000e+00,0.000000000000000e+00
8.310000000009973e-05,831,1.241259298517963e-01,1.325801701847102e+04,1.000000000000000e+00,8.000000000000000e-01,2.000000000000000e-01,1.365412226495911e-04,-7.512982179781362e-05,1.666666666666667e+00,0.000000000000000e+00,2.981500000000000e+02,3.163314167501788e+02,2.999999999999919e+02,9.201357752939067e+02,3.159320704265530e+02,2,0.000000000000000e+00,0.000000000000000e+00
8.320000000009995e-05,832,1.368878726986538e-01,6.707110723058731e+04,1.000000000000000e+00,8.000000000000000e-01,2.000000000000000e-01,1.367078893162567e-04,-7.512982179781362e-05,1.666666666666667e+00,0.000000000000000e+00,2.981500000000000e+02,3.163057930580791e+02,2.999999999999919e+02,9.206689184134902e+02,3.159573548696134e+02,2,0.000000000000000e+00,0.000000000000000e+00
8.330000000010017e-05,833,1.244203556429337e-01,2.981523242434118e+04,1.000000000000000e+00,8.000000000000000e-01,2.000000000000000e-01,1.368745559829224e-04,-7.512982179781362e-05,1.666666666666667e+00,0.000000000000000e+00,2.981500000000000e+02,3.207543553181764e+02,2.999999999999919e+02,9.212093421525082e+02,3.159855383949031e+02,2,0.000000000000000e+00,0.000000000000000e+00
8.340000000010039e-05,834,1.373762029820587e-01,2.532685255624324e+04,1.000000000000000e+00,8.000000000000000e-01,2.000000000000000e-01,1.370412226495881e-04,-7.512982179781362e-05,1.666666666666667e+00,0.000000000000000e+00,2.981500000000000e+02,3.222302681635243e+02,2.999999999999919e+02,9.218044553277639e+02,3.160140516300769e+02,2,0.000000000000000e+00,0.000000000000000e+00
8.350000000010061e-05,835,1.114669533015117e-01,1.509003107099819e+04,1.000000000000000e+00,8.000000000000000e-01,2.000000000000000e-01,1.372078893162538e-04,-7.512982179781362e-05,1.666666666666667e+00,0.000000000000000e+00,2.981500000000000e+02,3.223786076057385e+02,2.999999999999919e+02,9.223440306795422e+02,3.160407454537335e+02,2,0.000000000000000e+00,0.000000000000000e+00
8.360000000010083e-05,836,1.377983549742661e-01,1.812904257680187e+04,1.000000000000000e+00,8.000000000000000e-01,2.000000000000000e-01,1.373745559829195e-04,-7.512982179781362e-05,1.666666666666667e+00,0.000000000000000e+00,2.981500000000000e+02,3.223941362642053e+02,2.999999999999919e+02,9.228683766656576e+02,3.160671754910353e+02,2,0.000000000000000e+00,0.000000000000000e+00
8.370000000010105e-05,837,1.117911492968574e-01,1.508069393318785e+04,1.000000000000000e+00,8.000000000000000e-01,2.000000000000000e-01,1.375412226495851e-04,-7.512982179781362e-05,1.666666666666667e+00,0.000000000000000e+00,2.981500000000000e+02,3.220198081140264e+02,2.999999999999919e+02,9.233115717864257e+02,3.160927281680821e+02,2,0.000000000000000e+00,0.000000000000000e+00
8.380000000010127e-05,838,1.381476675429062e-01,9.511378495091802e+03,1.000000000000000e+00,8.000000000000000e-01,2.000000000000000e-01,1.377078893162508e-04,-7.512982179781362e-05,1.666666666666667e+00,0.000000000000000e+00,2.981500000000000e+02,3.217366578550517e+02,2.999999999999919e+02,9.237753776713910e+02,3.161184000821660e+02,2,0.000000000000000e+00,0.000000000000000e+00
8.390000000010149e-05,839,1.253591870688933e-01,1.114357837609292e+04,1.000000000000000e+00,8.000000000000000e-01,2.000000000000000e-01,1.378745559829165e-04,-7.512982179781362e-05,1.666666666666667e+00,0.000000000000000e+00,2.981500000000000e+02,3.212660807624739e+02,2.999999999999919e+02,9.241977677206452e+02,3.161433641451078e+02,2,0.000000000000000e+00,0.000000000000000e+00
8.400000000010171e-05,840,1.384797538571421e-01,8.891742955268528e+03,1.000000000000000e+00,8.000000000000000e-01,2.000000000000000e-01,1.380412226495822e-04,-7.512982179781362e-05,1.666666666666667e+00,0.000000000000000e+00,2.981500000000000e+02,3.208914641872063e+02,2.999999999999919e+02,9.245738467793425e+02,3.161682333332602e+02,2,0.000000000000000e+00,0.000000000000000e+00
8.410000000010193e-05,841,1.256326358134018e-01,1.356763376589181e+04,1.000000000000000e+00,8.000000000000000e-01,2.000000000000000e-01,1.382078893162478e-04,-7.512982179781362e-05,1.666666666666667e+00,0.000000000000000e+00,2.981500000000000e+02,3.204623389805608e+02,2.999999999999919e+02,9.249608997732597e+02,3.161927353456094e+02,2,0.000000000000000e+00,0.000000000000000e+00
8.420000000010215e-05,842,1.255811605596557e-01,1.026894071406246e+04,1.000000000000000e+00,8.000000000000000e-01,2.000000000000000e-01,1.383745559829135e-04,-7.512982179781362e-05,1.666666666666667e+00,0.000000000000000e+00,2.981500000000000e+02,3.200726659086208e+02,2.999999999999919e+02,9.253305707065966e+02,3.162170866529347e+02,2,0.000000000000000e+00,0.000000000000000e+00
8.430000000010236e-05,843,1.259389814175714e-01,1.130876108771272e+04,1.000000000000000e+00,8.000000000000000e-01,2.000000000000000e-01,1.385412226495792e-04,-7.512982179781362e-05,1.666666666666667e+00,0.000000000000000e+00,2.981500000000000e+02,3.196756299101586e+02,2.999999999999919e+02,9.256752649128214e+02,3.162406248725631e+02,2,0.000000000000000e+00,0.000000000000000e+00
8.440000000010258e-05,844,1.391883366908423e-01,9.025639879668592e+03,1.000000000000000e+00,8.000000000000000e-01,2.000000000000000e-01,1.387078893162449e-04,-7.512982179781362e-05,1.666666666666667e+00,0.000000000000000e+00,2.981500000000000e+02,3.192753942401416e+02,2.999999999999919e+02,9.260004005380827e+02,3.162639355657610e+02,2,0.000000000000000e+00,0.000000000000000e+00
8.450000000010280e-05,845,1.129303371024717e-01,1.040552287432140e+04,1.000000000000000e+00,8.000000000000000e-01,2.000000000000000e-01,1.388745559829105e-04,-7.512982179781362e-05,1.666666666666667e+00,0.000000000000000e+00,2.981500000000000e+02,3.189248990644791e+02,2.999999999999919e+02,9.263148647717745e+02,3.162870243647620e+02,2,0.000000000000000e+00,0.000000000000000e+00
8.460000000010302e-05,846,1.395299525874349e-01,7.569058411556305e+03,1.000000000000000e+00,8.000000000000000e-01,2.000000000000000e-01,1.390412226495762e-04,-7.512982179781362e-05,1.666666666666667e+00,0.000000000000000e+00,2.981500000000000e+02,3.185190267238178e+02,2.999999999999919e+02,9.265873228261632e+02,3.163090292463480e+02,2,0.000000000000000e+00,0.000000000000000e+00
8.470000000010324e-05,847,1.263760086869323e-01,1.025937679319403e+04,1.000000000000000e+00,8.000000000000000e-01,2.000000000000000e-01,1.392078893162419e-04,-7.512982179781362e-05,1.666666666666667e+00,0.000000000000000e+00,2.981500000000000e+02,3.181832979620923e+02,2.999999999999919e+02,9.268312119673189e+02,3.163307121269069e+02,2,0.000000000000000e+00,0.000000000000000e+00
8.480000000010346e-05,848,1.398358311175731e-01,1.404052997485542e+04,1.000000000000000e+00,8.000000000000000e-01,2.000000000000000e-01,1.393745559829076e-04,-7.512982179781362e-05,1.666666666666667e+00,0.000000000000000e+00,2.981500000000000e+02,3.178372748706869e+02,2.999999999999919e+02,9.270954011406030e+02,3.163525846693832e+02,2,0.000000000000000e+00,0.000000000000000e+00
8.490000000010368e-05,849,1.266791715127894e-01,1.248814460880878e+04,1.000000000000000e+00,8.000000000000000e-01,2.000000000000000e-01,1.395412226495733e-04,-7.512982179781362e-05,1.666666666666667e+00,0.000000000000000e+00,2.981500000000000e+02,3.176115907757857e+02,2.999999999999885e+02,9.273563862212679e+02,3.163748172077977e+02,2,0.000000000000000e+00,0.000000000000000e+00
8.500000000010390e-05,850,1.401031779709535e-01,8.900723174995710e+03,1.000000000000000e+00,8.000000000000000e-01,2.000000000000000e-01,1.397078893162389e-04,-7.512982179781362e-05,1.666666666666667e+00,0.000000000000000e+00,2.981500000000000e+02,3.173382164182332e+02,2.999999999999885e+02,9.275936580023955e+02,3.163970751328711e+02,2,0.000000000000000e+00,0.000000000000000e+00
8.510000000010412e-05,851,1.136837355809185e-01,6.786799477612341e+03,1.000000000000000e+00,8.000000000000000e-01,2.000000000000000e-01,1.398745559829046e-04,-7.512982179781362e-05,1.666666666666667e+00,0.000000000000000e+00,2.981500000000000e+02,3.172778802671560e+02,2.999999999999885e+02,9.278406996800978e+02,3.164197932186219e+02,2,0.000000000000000e+00,0.000000000000000e+00
8.520000000010434e-05,852,1.403624758399425e-01,1.121887536571513e+04,1.000000000000000e+00,8.000000000000000e-01,2.000000000000000e-01,1.400412226495703e-04,-7.512982179781362e-05,1.666666666666667e+00,0.000000000000000e+00,2.981500000000000e+02,3.173990980452835e+02,2.999999999999885e+02,9.280678405724450e+02,3.164422244597056e+02,2,0.000000000000000e+00,0.000000000000000e+00
8.530000000010456e-05,853,1.139306736073659e-01,7.246387933423258e+03,1.000000000000000e+00,8.000000000000000e-01,2.000000000000000e-01,1.402078893162360e-04,-7.512982179781362e-05,1.666666666666667e+00,0.000000000000000e+00,2.981500000000000e+02,3.175176119701507e+02,2.999999999999885e+02,9.283294018057466e+02,3.164655783817330e+02,2,0.000000000000000e+00,0.000000000000000e+00
8.540000000010478e-05,854,1.406550866713917e-01,1.693155530848444e+04,1.000000000000000e+00,8.000000000000000e-01,2.000000000000000e-01,1.403745559829016e-04,-7.512982179781362e-05,1.666666666666667e+00,0.000000000000000e+00,2.981500000000000e+02,3.176323946866768e+02,2.999999999999885e+02,9.285822028969294e+02,3.164895888411149e+02,2,0.000000000000000e+00,0.000000000000000e+00
8.550000000010500e-05,855,1.142001907577836e-01,1.234268668461450e+04,1.000000000000000e+00,8.000000000000000e-01,2.000000000000000e-01,1.405412226495673e-04,-7.512982179781362e-05,1.666666666666667e+00,0.000000000000000e+00,2.981500000000000e+02,3.177348836363635e+02,2.999999999999885e+02,9.288691691834608e+02,3.165135504393098e+02,2,0.000000000000000e+00,0.000000000000000e+00
8.560000000010522e-05,856,1.409945133500538e-01,1.311015112318352e+04,1.000000000000000e+00,8.000000000000000e-01,2.000000000000000e-01,1.407078893162330e-04,-7.512982179781362e-05,1.666666666666667e+00,0.000000000000000e+00,2.981500000000000e+02,3.178600385383684e+02,2.999999999999885e+02,9.291978825707662e+02,3.165381691708459e+02,2,0.000000000000000e+00,0.000000000000000e+00
8.570000000010543e-05,857,1.144937896831280e-01,1.118381536884154e+04,1.000000000000000e+00,8.000000000000000e-01,2.000000000000000e-01,1.408745559828987e-04,-7.512982179781362e-05,1.666666666666667e+00,0.000000000000000e+00,2.981500000000000e+02,3.179577481012604e+02,2.999999999999885e+02,9.295299911413862e+02,3.165626700079324e+02,2,0.000000000000000e+00,0.000000000000000e+00
8.580000000010565e-05,858,1.413633895827269e-01,1.102531825865992e+04,1.000000000000000e+00,8.000000000000000e-01,2.000000000000000e-01,1.410412226495643e-04,-7.512982179781362e-05,1.666666666666667e+00,0.000000000000000e+00,2.981500000000000e+02,3.180493664749227e+02,2.999999999999885e+02,9.299292173963846e+02,3.165882562118008e+02,2,0.000000000000000e+00,0.000000000000000e+00
8.590000000010587e-05,859,1.283048539308468e-01,1.271706889964276e+04,1.000000000000000e+00,8.000000000000000e-01,2.000000000000000e-01,1.412078893162300e-04,-7.512982179781362e-05,1.666666666666667e+00,0.000000000000000e+00,2.981500000000000e+02,3.181238988565669e+02,2.999999999999885e+02,9.303100171937128e+02,3.166135432158562e+02,2,0.000000000000000e+00,0.000000000000000e+00
8.600000000010609e-05,860,1.417520817200513e-01,1.083579238949435e+04,1.000000000000000e+00,8.000000000000000e-01,2.000000000000000e-01,1.413745559828957e-04,-7.512982179781362e-05,1.666666666666667e+00,0.000000000000000e+00,2.981500000000000e+02,3.182071523016385e+02,2.999999999999885e+02,9.307253410346718e+02,3.166388195610236e+02,2,0.000000000000000e+00,0.000000000000000e+00
8.610000000010631e-05,861,1.286795646611706e-01,1.861439396367554e+04,1.000000000000000e+00,8.000000000000000e-01,2.000000000000000e-01,1.415412226495614e-04,-7.512982179781362e-05,1.666666666666667e+00,0.000000000000000e+00,2.981500000000000e+02,3.182629207937811e+02,2.999999999999885e+02,9.310848928774385e+02,3.166635244757354e+02,2,0.000000000000000e+00,0.000000000000000e+00
8.620000000010653e-05,862,1.421260509157066e-01,1.366049551735973e+04,1.000000000000000e+00,8.000000000000000e-01,2.000000000000000e-01,1.417078893162271e-04,-7.512982179781362e-05,1.666666666666667e+00,0.000000000000000e+00,2.981500000000000e+02,3.183241983461951e+02,2.999999999999885e+02,9.314872092039659e+02,3.166885257950257e+02,2,0.000000000000000e+00,0.000000000000000e+00
8.630000000010675e-05,863,1.290704167985774e-01,1.793972701461861e+04,1.000000000000000e+00,8.000000000000000e-01,2.000000000000000e-01,1.418745559828927e-04,-7.512982179781362e-05,1.666666666666667e+00,0.000000000000000e+00,2.981500000000000e+02,3.183601402784815e+02,2.999999999999885e+02,9.318436061915824e+02,3.167134896480241e+02,2,0.000000000000000e+00,0.000000000000000e+00
8.640000000010697e-05,864,1.425072278117491e-01,1.298280608242876e+04,1.000000000000000e+00,8.000000000000000e-01,2.000000000000000e-01,1.420412226495584e-04,-7.512982179781362e-05,1.666666666666667e+00,0.000000000000000e+00,2.981500000000000e+02,3.183940421926961e+02,2.999999999999885e+02,9.321779325964027e+02,3.167387426862828e+02,2,0.000000000000000e+00,0.000000000000000e+00
8.650000000010719e-05,865,1.294730560792703e-01,1.591121723427298e+04,1.000000000000000e+00,8.000000000000000e-01,2.000000000000000e-01,1.422078893162241e-04,-7.512982179781362e-05,1.666666666666667e+00,0.000000000000000e+00,2.981500000000000e+02,3.184059791009365e+02,2.999999999999885e+02,9.324304616106890e+02,3.167629119314727e+02,2,0.000000000000000e+00,0.000000000000000e+00
8.660000000010741e-05,866,1.428762609949321e-01,1.538641910913361e+04,1.000000000000000e+00,8.000000000000000e-01,2.000000000000000e-01,1.423745559828898e-04,-7.512982179781362e-05,1.666666666666667e+00,0.000000000000000e+00,2.981500000000000e+02,3.184213285314733e+02,2.999999999999885e+02,9.326620207082163e+02,3.167861313255477e+02,2,0.000000000000000e+00,0.000000000000000e+00
8.670000000010763e-05,867,1.298479279718017e-01,1.327410508619166e+04,1.000000000000000e+00,8.000000000000000e-01,2.000000000000000e-01,1.425412226495554e-04,-7.512982179781362e-05,1.666666666666667e+00,0.000000000000000e+00,2.981500000000000e+02,3.184346171537770e+02,2.999999999999885e+02,9.328523791440898e+02,3.168089476939985e+02,2,0.000000000000000e+00,0.000000000000000e+00
8.680000000010785e-05,868,1.432160030550617e-01,1.487857723557616e+04,1.000000000000000e+00,8.000000000000000e-01,2.000000000000000e-01,1.427078893162211e-04,-7.512982179781362e-05,1.666666666666667e+00,0.000000000000000e+00,2.981500000000000e+02,3.184457348128078e+02,2.999999999999885e+02,9.330501030371327e+02,3.168317651459593e+02,2,0.000000000000000e+00,0.000000000000000e+00
8.690000000010807e-05,869,1.396322937270437e-01,1.329700509242543e+04,1.000000000000000e+00,8.000000000000000e-01,2.000000000000000e-01,1.428745559828868e-04,-7.512982179781362e-05,1.666666666666667e+00,0.000000000000000e+00,2.981500000000000e+02,3.184336055498146e+02,2.999999999999885e+02,9.337838291761575e+02,3.168546132586949e+02,2,0.000000000000000e+00,0.000000000000000e+00
8.700000000010829e-05,870,1.435242868347081e-01,1.092688371746026e+04,1.000000000000000e+00,8.000000000000000e-01,2.000000000000000e-01,1.430412226495525e-04,-7.512982179781362e-05,1.666666666666667e+00,0.000000000000000e+00,2.981500000000000e+02,3.183998634818294e+02,2.999999999999885e+02,9.349047580298211e+02,3.168773670728576e+02,2,0.000000000000000e+00,0.000000000000000e+00
8.710000000010850e-05,871,1.531549484673257e-01,2.943869903099887e+04,1.000000000000000e+00,8.000000000000000e-01,2.000000000000000e-01,1.432078893162181e-04,-7.512982179781362e-05,1.666666666666667e+00,0.000000000000000e+00,2.981500000000000e+02,3.183888953275565e+02,2.999999999999885e+02,9.359941348718653e+02,3.169003729704647e+02,2,0.000000000000000e+00,0.000000000000000e+00
8.720000000010872e-05,872,1.401304140370853e-01,1.225080911406384e+04,1.000000000000000e+00,8.000000000000000e-01,2.000000000000000e-01,1.433745559828838e-04,-7.512982179781362e-05,1.666666666666667e+00,0.000000000000000e+00,2.981500000000000e+02,3.183932154008378e+02,2.999999999999885e+02,9.373847199454007e+02,3.169243015526771e+02,2,0.000000000000000e+00,0.000000000000000e+00
8.730000000010894e-05,873,1.535222120544772e-01,3.510052634282073e+04,1.000000000000000e+00,8.000000000000000e-01,2.000000000000000e-01,1.435412226495495e-04,-7.512982179781362e-05,1.666666666666667e+00,0.000000000000000e+00,2.981500000000000e+02,3.183744110124746e+02,2.999999999999885e+02,9.385433960290018e+02,3.169488075326414e+02,2,0.000000000000000e+00,0.000000000000000e+00
8.740000000010916e-05,874,1.404919525713589e-01,1.310019927636326e+04,1.000000000000000e+00,8.000000000000000e-01,2.000000000000000e-01,1.437078893162152e-04,-7.512982179781362e-05,1.666666666666667e+00,0.000000000000000e+00,2.981500000000000e+02,3.183516010522580e+02,2.999999999999885e+02,9.397187176765227e+02,3.169719744471927e+02,2,0.000000000000000e+00,0.000000000000000e+00
8.750000000010938e-05,875,1.443533249018542e-01,4.075685881079883e+04,1.000000000000000e+00,8.000000000000000e-01,2.000000000000000e-01,1.438745559828809e-04,-7.512982179781362e-05,1.666666666666667e+00,0.000000000000000e+00,2.981500000000000e+02,3.183662502294999e+02,2.999999999999885e+02,9.409317154570575e+02,3.169952519873244e+02,2,0.000000000000000e+00,0.000000000000000e+00
8.760000000010960e-05,876,1.408479972326673e-01,9.467960488073424e+03,1.000000000000000e+00,8.000000000000000e-01,2.000000000000000e-01,1.440412226495465e-04,-7.512982179781362e-05,1.666666666666667e+00,0.000000000000000e+00,2.981500000000000e+02,3.183302798222167e+02,2.999999999999885e+02,9.420436643502532e+02,3.170180513131756e+02,2,0.000000000000000e+00,0.000000000000000e+00
8.770000000010982e-05,877,1.446683151609030e-01,3.944273322414675e+04,1.000000000000000e+00,8.000000000000000e-01,2.000000000000000e-01,1.442078893162122e-04,-7.512982179781362e-05,1.666666666666667e+00,0.000000000000000e+00,2.981500000000000e+02,3.183500409471490e+02,2.999999999999885e+02,9.431573788636648e+02,3.170410595851507e+02,2,0.000000000000000e+00,0.000000000000000e+00
8.780000000011004e-05,878,1.271315465887072e-01,1.226634975284991e+04,1.000000000000000e+00,8.000000000000000e-01,2.000000000000000e-01,1.443745559828779e-04,-7.512982179781362e-05,1.666666666666667e+00,0.000000000000000e+00,2.981500000000000e+02,3.183332538134745e+02,2.999999999999885e+02,9.442257418409555e+02,3.170645569724230e+02,2,0.000000000000000e+00,0.000000000000000e+00
8.790000000011026e-05,879,1.449633935647187e-01,4.723636644135353e+04,1.000000000000000e+00,8.000000000000000e-01,2.000000000000000e-01,1.445412226495436e-04,-7.512982179781362e-05,1.666666666666667e+00,0.000000000000000e+00,2.981500000000000e+02,3.183703896313453e+02,2.999999999999885e+02,9.453439261071369e+02,3.170878101530323e+02,2,0.000000000000000e+00,0.000000000000000e+00
8.800000000011048e-05,880,1.274159525545022e-01,1.108735452809969e+04,1.000000000000000e+00,8.000000000000000e-01,2.000000000000000e-01,1.447078893162092e-04,-7.512982179781362e-05,1.666666666666667e+00,0.000000000000000e+00,2.981500000000000e+02,3.184407113366511e+02,2.999999999999885e+02,9.463860717924920e+02,3.171104527060648e+02,2,0.000000000000000e+00,0.000000000000000e+00
8.810000000011070e-05,881,1.452313855094892e-01,3.505436704402309e+04,1.000000000000000e+00,8.000000000000000e-01,2.000000000000000e-01,1.448745559828749e-04,-7.512982179781362e-05,1.666666666666667e+00,0.000000000000000e+00,2.981500000000000e+02,3.186012048674565e+02,2.999999999999885e+02,9.474403971101119e+02,3.171329009534732e+02,2,0.000000000000000e+00,0.000000000000000e+00
8.820000000011092e-05,882,1.418080054442190e-01,1.512333715188684e+04,1.000000000000000e+00,8.000000000000000e-01,2.000000000000000e-01,1.450412226495406e-04,-7.512982179781362e-05,1.666666666666667e+00,0.000000000000000e+00,2.981500000000000e+02,3.187518155091340e+02,2.999999999999885e+02,9.484658644129702e+02,3.171551087747282e+02,2,0.000000000000000e+00,0.000000000000000e+00
8.830000000011114e-05,883,1.286727028644498e-01,1.372018598638871e+04,1.000000000000000e+00,8.000000000000000e-01,2.000000000000000e-01,1.452078893162063e-04,-7.512982179781362e-05,1.666666666666667e+00,0.000000000000000e+00,2.981500000000000e+02,3.189180746189525e+02,2.999999999999885e+02,9.495083691711100e+02,3.171778070152111e+02,2,0.000000000000000e+00,0.000000000000000e+00
8.840000000011135e-05,884,1.421147856771006e-01,1.814705633156434e+04,1.000000000000000e+00,8.000000000000000e-01,2.000000000000000e-01,1.453745559828719e-04,-7.512982179781362e-05,1.666666666666667e+00,0.000000000000000e+00,2.981500000000000e+02,3.190680169628445e+02,2.999999999999885e+02,9.505405778009015e+02,3.172006396283722e+02,2,0.000000000000000e+00,0.000000000000000e+00
8.850000000011157e-05,885,1.288710530455509e-01,1.166576209699888e+04,1.000000000000000e+00,8.000000000000000e-01,2.000000000000000e-01,1.455412226495376e-04,-7.512982179781362e-05,1.666666666666667e+00,0.000000000000000e+00,2.981500000000000e+02,3.192326335419241e+02,2.999999999999885e+02,9.515846840026526e+02,3.172241845218471e+02,2,0.000000000000000e+00,0.000000000000000e+00
8.860000000011179e-05,886,1.424230422899801e-01,2.236629278467298e+04,1.000000000000000e+00,8.000000000000000e-01,2.000000000000000e-01,1.457078893162033e-04,-7.512982179781362e-05,1.666666666666667e+00,0.000000000000000e+00,2.981500000000000e+02,3.193868843258473e+02,2.999999999999885e+02,9.526163991682838e+02,3.172601309728419e+02,2,0.000000000000000e+00,0.000000000000000e+00
8.870000000011201e-05,887,1.291061701669305e-01,1.379321263941288e+04,1.000000000000000e+00,8.000000000000000e-01,2.000000000000000e-01,1.458745559828690e-04,-7.512982179781362e-05,1.666666666666667e+00,0.000000000000000e+00,2.981500000000000e+02,3.195358274451550e+02,2.999999999999885e+02,9.536639257787515e+02,3.173043890243363e+02,2,0.000000000000000e+00,0.000000000000000e+00
8.880000000011223e-05,888,1.403701552176587e-01,2.811148131527148e+04,1.000000000000000e+00,8.000000000000000e-01,2.000000000000000e-01,1.460412226495347e-04,-7.512982179781362e-05,1.666666666666667e+00,0.000000000000000e+00,2.981500000000000e+02,3.197175063129233e+02,2.999999999999885e+02,9.548993565874282e+02,3.173428875955980e+02,2,0.000000000000000e+00,0.000000000000000e+00
8.890000000011245e-05,889,1.294188343484172e-01,1.719804993426169e+04,1.000000000000000e+00,8.000000000000000e-01,2.000000000000000e-01,1.462078893162003e-04,-7.512982179781362e-05,1.666666666666667e+00,0.000000000000000e+00,2.981500000000000e+02,3.199175384264493e+02,2.999999999999885e+02,9.562244038183309e+02,3.173710735105640e+02,2,0.000000000000000e+00,0.000000000000000e+00
8.900000000011267e-05,890,1.407974233171192e-01,1.859538400123876e+04,1.000000000000000e+00,8.000000000000000e-01,2.000000000000000e-01,1.463745559828660e-04,-7.512982179781362e-05,1.666666666666667e+00,0.000000000000000e+00,2.981500000000000e+02,3.201183968854168e+02,2.999999999999885e+02,9.574524275749417e+02,3.173966279841049e+02,2,0.000000000000000e+00,0.000000000000000e+00
8.910000000011289e-05,891,1.271958366863672e-01,1.334433116916605e+04,1.000000000000000e+00,8.000000000000000e-01,2.000000000000000e-01,1.465412226495317e-04,-7.512982179781362e-05,1.666666666666667e+00,0.000000000000000e+00,2.981500000000000e+02,3.203232525999203e+02,2.999999999999885e+02,9.586897185654861e+02,3.174193450310989e+02,2,0.000000000000000e+00,0.000000000000000e+00
8.920000000011311e-05,892,1.411368715724659e-01,8.632003563748223e+03,1.000000000000000e+00,8.000000000000000e-01,2.000000000000000e-01,1.467078893161974e-04,-7.512982179781362e-05,1.666666666666667e+00,0.000000000000000e+00,2.981500000000000e+02,3.205199745855870e+02,2.999999999999885e+02,9.599343759393014e+02,3.174410205960363e+02,2,0.000000000000000e+00,0.000000000000000e+00
8.930000000011333e-05,893,1.273849180728193e-01,1.259274663783443e+04,1.000000000000000e+00,8.000000000000000e-01,2.000000000000000e-01,1.468745559828630e-04,-7.512982179781362e-05,1.666666666666667e+00,0.000000000000000e+00,2.981500000000000e+02,3.207190457745600e+02,2.999999999999885e+02,9.612407138570021e+02,3.174640506648880e+02,2,0.000000000000000e+00,0.000000000000000e+00
8.940000000011355e-05,894,1.270961321441305e-01,1.745546981754902e+04,1.000000000000000e+00,8.000000000000000e-01,2.000000000000000e-01,1.470412226495287e-04,-7.512982179781362e-05,1.666666666666667e+00,0.000000000000000e+00,2.981500000000000e+02,3.208947744047165e+02,2.999999999999885e+02,9.625104754576006e+02,3.174884484375897e+02,2,0.000000000000000e+00,0.000000000000000e+00
8.950000000011377e-05,895,1.275918151155299e-01,1.299386329668749e+04,1.000000000000000e+00,8.000000000000000e-01,2.000000000000000e-01,1.472078893161944e-04,-7.512982179781362e-05,1.666666666666667e+00,0.000000000000000e+00,2.981500000000000e+02,3.211023672474598e+02,2.999999999999885e+02,9.638532363678337e+02,3.175140166824647e+02,2,0.000000000000000e+00,0.000000000000000e+00
8.960000000011399e-05,896,1.273775410684534e-01,2.487915157016490e+04,1.000000000000000e+00,8.000000000000000e-01,2.000000000000000e-01,1.473745559828601e-04,-7.512982179781362e-05,1.666666666666667e+00,0.000000000000000e+00,2.981500000000000e+02,3.213123261089696e+02,2.999999999999885e+02,9.651592606065834e+02,3.175383557960716e+02,2,0.000000000000000e+00,0.000000000000000e+00
8.970000000011421e-05,897,1.277806104491955e-01,1.161994902451453e+04,1.000000000000000e+00,8.000000000000000e-01,2.000000000000000e-01,1.475412226495257e-04,-7.512982179781362e-05,1.666666666666667e+00,0.000000000000000e+00,2.981500000000000e+02,3.215589613389668e+02,2.999999999999885e+02,9.664812445232515e+02,3.175615480363576e+02,2,0.000000000000000e+00,0.000000000000000e+00
8.980000000011442e-05,898,1.420764097025209e-01,1.898680220721888e+04,1.000000000000000e+00,8.000000000000000e-01,2.000000000000000e-01,1.477078893161914e-04,-7.512982179781362e-05,1.666666666666667e+00,0.000000000000000e+00,2.981500000000000e+02,3.217736074502252e+02,2.999999999999885e+02,9.677442341245228e+02,3.175844321530359e+02,2,0.000000000000000e+00,0.000000000000000e+00
8.990000000011464e-05,899,1.279614124494859e-01,8.370453168240589e+03,1.000000000000000e+00,8.000000000000000e-01,2.000000000000000e-01,1.478745559828571e-04,-7.512982179781362e-05,1.666666666666667e+00,0.000000000000000e+00,2.981500000000000e+02,3.219926441633244e+02,2.999999999999885e+02,9.690067949284132e+02,3.176075420942749e+02,2,0.000000000000000e+00,0.000000000000000e+00
9.000000000011486e-05,900,1.423564281116676e-01,1.350122174694517e+04,1.000000000000000e+00,8.000000000000000e-01,2.000000000000000e-01,1.480412226495228e-04,-7.512982179781362e-05,1.666666666666667e+00,0.000000000000000e+00,2.981500000000000e+02,3.221775277293464e+02,2.999999999999885e+02,9.701502409073101e+02,3.176294762988322e+02,2,0.000000000000000e+00,0.000000000000000e+00
9.010000000011508e-05,901,1.281433192473401e-01,1.150108826479648e+04,1.000000000000000e+00,8.000000000000000e-01,2.000000000000000e-01,1.482078893161885e-04,-7.512982179781362e-05,1.666666666666667e+00,0.000000000000000e+00,2.981500000000000e+02,3.223879701802420e+02,2.999999999999885e+02,9.713953199369421e+02,3.176509821412243e+02,2,0.000000000000000e+00,0.000000000000000e+00
9.020000000011530e-05,902,1.426481506350711e-01,1.350167994937783e+04,1.000000000000000e+00,8.000000000000000e-01,2.000000000000000e-01,1.483745559828541e-04,-7.512982179781362e-05,1.666666666666667e+00,0.000000000000000e+00,2.981500000000000e+02,3.225624507136941e+02,2.999999999999885e+02,9.725043900268691e+02,3.176712427786902e+02,2,0.000000000000000e+00,0.000000000000000e+00
9.030000000011552e-05,903,1.283053731951537e-01,5.567170802439740e+03,1.000000000000000e+00,8.000000000000000e-01,2.000000000000000e-01,1.485412226495198e-04,-7.512982179781362e-05,1.666666666666667e+00,0.000000000000000e+00,2.981500000000000e+02,3.227589915996122e+02,2.999999999999885e+02,9.736111889907636e+02,3.176902885971653e+02,2,0.000000000000000e+00,0.000000000000000e+00
9.040000000011574e-05,904,1.428904450534536e-01,1.426149918565491e+04,1.000000000000000e+00,8.000000000000000e-01,2.000000000000000e-01,1.487078893161855e-04,-7.512982179781362e-05,1.666666666666667e+00,0.000000000000000e+00,2.981500000000000e+02,3.229272839105676e+02,2.999999999999885e+02,9.746824106292967e+02,3.177095293553947e+02,2,0.000000000000000e+00,0.000000000000000e+00
9.050000000011596e-05,905,1.284416097793891e-01,7.397831340369537e+03,1.000000000000000e+00,8.000000000000000e-01,2.000000000000000e-01,1.488745559828512e-04,-7.512982179781362e-05,1.666666666666667e+00,0.000000000000000e+00,2.981500000000000e+02,3.231094270986958e+02,2.999999999999885e+02,9.757821160452445e+02,3.177286887034700e+02,2,0.000000000000000e+00,0.000000000000000e+00
9.060000000011618e-05,906,1.431339374913340e-01,1.099713652222315e+04,1.000000000000000e+00,8.000000000000000e-01,2.000000000000000e-01,1.490412226495168e-04,-7.512982179781362e-05,1.666666666666667e+00,0.000000000000000e+00,2.981500000000000e+02,3.232576655244227e+02,2.999999999999885e+02,9.768312735864922e+02,3.177478962325034e+02,2,0.000000000000000e+00,0.000000000000000e+00
9.070000000011640e-05,907,1.285724374289580e-01,8.450235587729310e+03,1.000000000000000e+00,8.000000000000000e-01,2.000000000000000e-01,1.492078893161825e-04,-7.512982179781362e-05,1.666666666666667e+00,0.000000000000000e+00,2.981500000000000e+02,3.234367398168298e+02,2.999999999999885e+02,9.779340976217501e+02,3.177672344366902e+02,2,0.000000000000000e+00,0.000000000000000e+00
9.080000000011662e-05,908,1.433875570663573e-01,1.581278427487371e+04,1.000000000000000e+00,8.000000000000000e-01,2.000000000000000e-01,1.493745559828482e-04,-7.512982179781362e-05,1.666666666666667e+00,0.000000000000000e+00,2.981500000000000e+02,3.235745642339501e+02,2.999999999999885e+02,9.791838303633120e+02,3.177874279441738e+02,2,0.000000000000000e+00,0.000000000000000e+00
9.090000000011684e-05,909,1.287375124586651e-01,8.235280326028640e+03,1.000000000000000e+00,8.000000000000000e-01,2.000000000000000e-01,1.495412226495139e-04,-7.512982179781362e-05,1.666666666666667e+00,0.000000000000000e+00,2.981500000000000e+02,3.238000205249054e+02,2.999999999999885e+02,9.803629951807040e+02,3.178075868092045e+02,2,0.000000000000000e+00,0.000000000000000e+00
9.100000000011706e-05,910,1.437219959769052e-01,8.936065829618254e+03,1.000000000000000e+00,8.000000000000000e-01,2.000000000000000e-01,1.497078893161795e-04,-7.512982179781362e-05,1.666666666666667e+00,0.000000000000000e+00,2.981500000000000e+02,3.239468886981930e+02,2.999999999999885e+02,9.814328226608050e+02,3.178288056368291e+02,2,0.000000000000000e+00,0.000000000000000e+00
9.110000000011728e-05,911,1.289238113137111e-01,9.755582301922592e+03,1.000000000000000e+00,8.000000000000000e-01,2.000000000000000e-01,1.498745559828452e-04,-7.512982179781362e-05,1.666666666666667e+00,0.000000000000000e+00,2.981500000000000e+02,3.241266316708491e+02,2.999999999999885e+02,9.826302498976739e+02,3.178513037533748e+02,2,0.000000000000000e+00,0.000000000000000e+00
9.120000000011749e-05,912,1.440507009896192e-01,1.335546911408984e+04,1.000000000000000e+00,8.000000000000000e-01,2.000000000000000e-01,1.500412226495109e-04,-7.512982179781362e-05,1.666666666666667e+00,0.000000000000000e+00,2.981500000000000e+02,3.242860473705956e+02,2.999999999999885e+02,9.838782801573632e+02,3.178747407639843e+02,2,0.000000000000000e+00,0.000000000000000e+00
9.130000000011771e-05,913,1.291266109429813e-01,8.529681124123257e+03,1.000000000000000e+00,8.000000000000000e-01,2.000000000000000e-01,1.502078893161766e-04,-7.512982179781362e-05,1.666666666666667e+00,0.000000000000000e+00,2.981500000000000e+02,3.245489048356694e+02,2.999999999999885e+02,9.851940359503650e+02,3.178980730454302e+02,2,0.000000000000000e+00,0.000000000000000e+00
9.140000000011793e-05,914,1.443839607279219e-01,1.740737561026407e+04,1.000000000000000e+00,8.000000000000000e-01,2.000000000000000e-01,1.503745559828423e-04,-7.512982179781362e-05,1.666666666666667e+00,0.000000000000000e+00,2.981500000000000e+02,3.247334666885768e+02,2.999999999999885e+02,9.864483655970885e+02,3.179204662189225e+02,2,0.000000000000000e+00,0.000000000000000e+00
9.150000000011815e-05,915,1.293138424079711e-01,1.637139648924154e+04,1.000000000000000e+00,8.000000000000000e-01,2.000000000000000e-01,1.505412226495079e-04,-7.512982179781362e-05,1.666666666666667e+00,0.000000000000000e+00,2.981500000000000e+02,3.249447113081725e+02,2.999999999999885e+02,9.876541765887605e+02,3.179435947031233e+02,2,0.000000000000000e+00,0.000000000000000e+00
9.160000000011837e-05,916,1.446935759504240e-01,1.439400156485900e+04,1.000000000000000e+00,8.000000000000000e-01,2.000000000000000e-01,1.507078893161736e-04,-7.512982179781362e-05,1.666666666666667e+00,0.000000000000000e+00,2.981500000000000e+02,3.251174676719526e+02,2.999999999999885e+02,9.888917835472337e+02,3.179670246492846e+02,2,0.000000000000000e+00,0.000000000000000e+00
9.170000000011859e-05,917,1.294992485743173e-01,1.572911185463955e+04,1.000000000000000e+00,8.000000000000000e-01,2.000000000000000e-01,1.508745559828393e-04,-7.512982179781362e-05,1.666666666666667e+00,0.000000000000000e+00,2.981500000000000e+02,3.253192357064856e+02,2.999999999999885e+02,9.901524203960579e+02,3.179913586360742e+02,2,0.000000000000000e+00,0.000000000000000e+00
9.180000000011881e-05,918,1.581180446750863e-01,1.564114829406987e+04,1.000000000000000e+00,8.000000000000000e-01,2.000000000000000e-01,1.510412226495050e-04,-7.512982179781362e-05,1.666666666666667e+00,0.000000000000000e+00,2.981500000000000e+02,3.255188985649286e+02,2.999999999999885e+02,9.913837737764413e+02,3.180144994096020e+02,2,0.000000000000000e+00,0.000000000000000e+00
9.190000000011903e-05,919,1.296903396051173e-01,7.335390485303466e+03,1.000000000000000e+00,8.000000000000000e-01,2.000000000000000e-01,1.512078893161706e-04,-7.512982179781362e-05,1.666666666666667e+00,0.000000000000000e+00,2.981500000000000e+02,3.257067907498720e+02,2.999999999999885e+02,9.926315699335840e+02,3.180366975393280e+02,2,0.000000000000000e+00,0.000000000000000e+00
9.200000000011925e-05,920,1.584049854058537e-01,1.468575327734555e+04,1.000000000000000e+00,8.000000000000000e-01,2.000000000000000e-01,1.513745559828363e-04,-7.512982179781362e-05,1.666666666666667e+00,0.000000000000000e+00,2.981500000000000e+02,3.258728527530758e+02,2.999999999999885e+02,9.937409378120913e+02,3.180577930940070e+02,2,0.000000000000000e+00,0.000000000000000e+00
9.210000000011947e-05,921,1.298532448190051e-01,1.123384130258733e+04,1.000000000000000e+00,8.000000000000000e-01,2.000000000000000e-01,1.515412226495020e-04,-7.512982179781362e-05,1.666666666666667e+00,0.000000000000000e+00,2.981500000000000e+02,3.260842359797242e+02,2.999999999999885e+02,9.949586099691456e+02,3.180793431898680e+02,2,0.000000000000000e+00,0.000000000000000e+00
9.220000000011969e-05,922,1.456059397737173e-01,1.164971488761721e+04,1.000000000000000e+00,8.000000000000000e-01,2.000000000000000e-01,1.517078893161677e-04,-7.512982179781362e-05,1.666666666666667e+00,0.000000000000000e+00,2.981500000000000e+02,3.262166748503980e+02,2.999999999999885e+02,9.960662182626552e+02,3.181004240737749e+02,2,0.000000000000000e+00,0.000000000000000e+00
9.230000000011991e-05,923,1.300275624222771e-01,9.042821260476234e+03,1.000000000000000e+00,8.000000000000000e-01,2.000000000000000e-01,1.518745559828333e-04,-7.512982179781362e-05,1.666666666666667e+00,0.000000000000000e+00,2.981500000000000e+02,3.264425367984996e+02,2.999999999999885e+02,9.972818585028766e+02,3.181208911007980e+02,2,0.000000000000000e+00,0.000000000000000e+00
9.240000000012013e-05,924,1.458919443028678e-01,6.251350355081906e+03,1.000000000000000e+00,8.000000000000000e-01,2.000000000000000e-01,1.520412226494990e-04,-7.512982179781362e-05,1.666666666666667e+00,0.000000000000000e+00,2.981500000000000e+02,3.265519127115592e+02,2.999999999999885e+02,9.982842612849721e+02,3.181408847962623e+02,2,0.000000000000000e+00,0.000000000000000e+00
9.250000000012035e-05,925,1.301864390812152e-01,9.986544340896500e+03,1.000000000000000e+00,8.000000000000000e-01,2.000000000000000e-01,1.522078893161647e-04,-7.512982179781362e-05,1.666666666666667e+00,0.000000000000000e+00,2.981500000000000e+02,3.267491047922312e+02,2.999999999999885e+02,9.993322086772562e+02,3.181604287702918e+02,2,0.000000000000000e+00,0.000000000000000e+00
9.260000000012056e-05,926,1.461636072865566e-01,1.018744985828529e+04,1.000000000000000e+00,8.000000000000000e-01,2.000000000000000e-01,1.523745559828304e-04,-7.512982179781362e-05,1.666666666666667e+00,0.000000000000000e+00,2.981500000000000e+02,3.268732150063382e+02,2.999999999999850e+02,1.000491256932356e+03,3.181806682155159e+02,2,0.000000000000000e+00,0.000000000000000e+00
9.270000000012078e-05,927,1.303421511657391e-01,6.074810460791825e+03,1.000000000000000e+00,8.000000000000000e-01,2.000000000000000e-01,1.525412226494961e-04,-7.512982179781362e-05,1.666666666666667e+00,0.000000000000000e+00,2.981500000000000e+02,3.270560512187673e+02,2.999999999999850e+02,1.001535817578664e+03,3.182010664653066e+02,2,0.000000000000000e+00,0.000000000000000e+00
9.280000000012100e-05,928,1.464276092324389e-01,1.529651520011019e+04,1.000000000000000e+00,8.000000000000000e-01,2.000000000000000e-01,1.527078893161617e-04,-7.512982179781362e-05,1.666666666666667e+00,0.000000000000000e+00,2.981500000000000e+02,3.272430916118975e+02,2.999999999999850e+02,1.002666264862726e+03,3.182222031551603e+02,2,0.000000000000000e+00,0.000000000000000e+00
9.290000000012122e-05,929,1.304840709039835e-01,7.700646132688486e+03,1.000000000000000e+00,8.000000000000000e-01,2.000000000000000e-01,1.528745559828274e-04,-7.512982179781362e-05,1.666666666666667e+00,0.000000000000000e+00,2.981500000000000e+02,3.274695924096526e+02,2.999999999999850e+02,1.003728294627869e+03,3.182437224141214e+02,2,0.000000000000000e+00,0.000000000000000e+00
9.300000000012144e-05,930,1.597764589401051e-01,2.158376406897641e+04,1.000000000000000e+00,8.000000000000000e-01,2.000000000000000e-01,1.530412226494931e-04,-7.512982179781362e-05,1.666666666666667e+00,0.000000000000000e+00,2.981500000000000e+02,3.276770541436490e+02,2.999999999999850e+02,1.004807849215326e+03,3.182666362355874e+02,2,0.000000000000000e+00,0.000000000000000e+00
9.310000000012166e-05,931,1.306784571209724e-01,1.089745579485951e+04,1.000000000000000e+00,8.000000000000000e-01,2.000000000000000e-01,1.532078893161588e-04,-7.512982179781362e-05,1.666666666666667e+00,0.000000000000000e+00,2.981500000000000e+02,3.280151230663961e+02,2.999999999999850e+02,1.005925487556436e+03,3.182912290382591e+02,2,0.000000000000000e+00,0.000000000000000e+00
9.320000000012188e-05,932,1.601725201374898e-01,2.007649959407209e+04,1.000000000000000e+00,8.000000000000000e-01,2.000000000000000e-01,1.533745559828244e-04,-7.512982179781362e-05,1.666666666666667e+00,0.000000000000000e+00,2.981500000000000e+02,3.284341109338554e+02,2.999999999999850e+02,1.007271921667239e+03,3.183180613348389e+02,2,0.000000000000000e+00,0.000000000000000e+00
9.330000000012210e-05,933,1.309344907638418e-01,1.105631253195909e+04,1.000000000000000e+00,8.000000000000000e-01,2.000000000000000e-01,1.535412226494901e-04,-7.512982179781362e-05,1.666666666666667e+00,0.000000000000000e+00,2.981500000000000e+02,3.287142553512526e+02,2.999999999999850e+02,1.008622202907707e+03,3.183442438720226e+02,2,0.000000000000000e+00,0.000000000000000e+00
9.340000000012232e-05,934,1.605817044961639e-01,1.219351684805913e+04,1.000000000000000e+00,8.000000000000000e-01,2.000000000000000e-01,1.537078893161558e-04,-7.512982179781362e-05,1.666666666666667e+00,0.000000000000000e+00,2.981500000000000e+02,3.289512437373119e+02,2.999999999999850e+02,1.009829187753218e+03,3.183709149315429e+02,2,0.000000000000000e+00,0.000000000000000e+00
9.350000000012254e-05,935,1.311784711655453e-01,9.928704100660198e+03,1.000000000000000e+00,8.000000000000000e-01,2.000000000000000e-01,1.538745559828215e-04,-7.512982179781362e-05,1.666666666666667e+00,0.000000000000000e+00,2.981500000000000e+02,3.291601354944414e+02,2.999999999999850e+02,1.011049002434801e+03,3.183971510004811e+02,2,0.000000000000000e+00,0.000000000000000e+00
9.360000000012276e-05,936,1.609759574177401e-01,8.752060129092686e+03,1.000000000000000e+00,8.000000000000000e-01,2.000000000000000e-01,1.540412226494871e-04,-7.512982179781362e-05,1.666666666666667e+00,0.000000000000000e+00,2.981500000000000e+02,3.293717431618699e+02,2.999999999999850e+02,1.012279543515958e+03,3.184236850136443e+02,2,0.000000000000000e+00,0.000000000000000e+00
9.370000000012298e-05,937,1.183344894193897e-01,1.122431799521883e+04,1.000000000000000e+00,8.000000000000000e-01,2.000000000000000e-01,1.542078893161528e-04,-7.512982179781362e-05,1.666666666666667e+00,0.000000000000000e+00,2.981500000000000e+02,3.295908458273790e+02,2.999999999999850e+02,1.013506102309012e+03,3.184505722608032e+02,2,0.000000000000000e+00,0.000000000000000e+00
9.380000000012320e-05,938,1.482692061385929e-01,8.932945585987613e+03,1.000000000000000e+00,8.000000000000000e-01,2.000000000000000e-01,1.543745559828185e-04,-7.512982179781362e-05,1.666666666666667e+00,0.000000000000000e+00,2.981500000000000e+02,3.298246690644024e+02,2.999999999999850e+02,1.014770328037747e+03,3.184766467171470e+02,2,0.000000000000000e+00,0.000000000000000e+00
9.390000000012341e-05,939,1.185731713397829e-01,1.193828329922700e+04,1.000000000000000e+00,8.000000000000000e-01,2.000000000000000e-01,1.545412226494842e-04,-7.512982179781362e-05,1.666666666666667e+00,0.000000000000000e+00,2.981500000000000e+02,3.300162029397026e+02,2.999999999999850e+02,1.016001229358807e+03,3.185026433836748e+02,2,0.000000000000000e+00,0.000000000000000e+00
9.400000000012363e-05,940,1.486253858198917e-01,8.049871389057830e+03,1.000000000000000e+00,8.000000000000000e-01,2.000000000000000e-01,1.547078893161498e-04,-7.512982179781362e-05,1.666666666666667e+00,0.000000000000000e+00,2.981500000000000e+02,3.302243444766196e+02,2.999999999999850e+02,1.017301656672788e+03,3.185269919249378e+02,2,0.000000000000000e+00,0.000000000000000e+00
9.410000000012385e-05,941,1.187953469957401e-01,8.880527674502109e+03,1.000000000000000e+00,8.000000000000000e-01,2.000000000000000e-01,1.548745559828155e-04,-7.512982179781362e-05,1.666666666666667e+00,0.000000000000000e+00,2.981500000000000e+02,3.304411980251786e+02,2.999999999999850e+02,1.018592158247490e+03,3.185507748167199e+02,2,0.000000000000000e+00,0.000000000000000e+00
9.420000000012407e-05,942,1.489614911389955e-01,6.598568285349214e+03,1.000000000000000e+00,8.000000000000000e-01,2.000000000000000e-01,1.550412226494812e-04,-7.512982179781362e-05,1.666666666666667e+00,0.000000000000000e+00,2.981500000000000e+02,3.306209691822451e+02,2.999999999999850e+02,1.019788668316964e+03,3.185730661389784e+02,2,0.000000000000000e+00,0.000000000000000e+00
9.430000000012429e-05,943,1.307037272657102e-01,6.998194823962165e+03,1.000000000000000e+00,8.000000000000000e-01,2.000000000000000e-01,1.552078893161469e-04,-7.512982179781362e-05,1.666666666666667e+00,0.000000000000000e+00,2.981500000000000e+02,3.307627146651972e+02,2.999999999999850e+02,1.020958581113429e+03,3.185951259253016e+02,2,0.000000000000000e+00,0.000000000000000e+00
9.440000000012451e-05,944,1.623435770762559e-01,1.169921002366434e+04,1.000000000000000e+00,8.000000000000000e-01,2.000000000000000e-01,1.553745559828126e-04,-7.512982179781362e-05,1.666666666666667e+00,0.000000000000000e+00,2.981500000000000e+02,3.308973625048350e+02,2.999999999999850e+02,1.022130416486122e+03,3.186165552979538e+02,2,0.000000000000000e+00,0.000000000000000e+00
9.450000000012473e-05,945,1.309223314728603e-01,5.901811284983291e+03,1.000000000000000e+00,8.000000000000000e-01,2.000000000000000e-01,1.555412226494782e-04,-7.512982179781362e-05,1.666666666666667e+00,0.000000000000000e+00,2.981500000000000e+02,3.309683132179169e+02,2.999999999999850e+02,1.023243818834316e+03,3.186378469453620e+02,2,0.000000000000000e+00,0.000000000000000e+00
9.460000000012495e-05,946,1.626236715491605e-01,1.526563610007970e+04,1.000000000000000e+00,8.000000000000000e-01,2.000000000000000e-01,1.557078893161439e-04,-7.512982179781362e-05,1.666666666666667e+00,0.000000000000000e+00,2.981500000000000e+02,3.311029316282213e+02,2.999999999999850e+02,1.024394376404873e+03,3.186584091971992e+02,2,0.000000000000000e+00,0.000000000000000e+00
9.470000000012517e-05,947,1.287601749508888e-01,5.293250184032796e+03,1.000000000000000e+00,8.000000000000000e-01,2.000000000000000e-01,1.558745559828096e-04,-7.512982179781362e-05,1.666666666666667e+00,0.000000000000000e+00,2.981500000000000e+02,3.311351320336775e+02,2.999999999999850e+02,1.025455210574710e+03,3.186786739758148e+02,2,0.000000000000000e+00,0.000000000000000e+00
9.480000000012539e-05,948,1.628702403338781e-01,1.866967110929576e+04,1.000000000000000e+00,8.000000000000000e-01,2.000000000000000e-01,1.560412226494753e-04,-7.512982179781362e-05,1.666666666666667e+00,0.000000000000000e+00,2.981500000000000e+02,3.312159154212913e+02,2.999999999999850e+02,1.026471115766295e+03,3.186988977285520e+02,2,0.000000000000000e+00,0.000000000000000e+00
9.490000000012561e-05,949,1.289195997003286e-01,8.747025822989899e+03,1.000000000000000e+00,8.000000000000000e-01,2.000000000000000e-01,1.562078893161409e-04,-7.512982179781362e-05,1.666666666666667e+00,0.000000000000000e+00,2.981500000000000e+02,3.312433784092595e+02,2.999999999999850e+02,1.027508907482797e+03,3.187195946169851e+02,2,0.000000000000000e+00,0.000000000000000e+00
9.500000000012583e-05,950,1.631210863276935e-01,2.774291568500618e+04,1.000000000000000e+00,8.000000000000000e-01,2.000000000000000e-01,1.563745559828066e-04,-7.512982179781362e-05,1.666666666666667e+00,0.000000000000000e+00,2.981500000000000e+02,3.313598090229613e+02,2.999999999999850e+02,1.028523912962214e+03,3.187404543585216e+02,2,0.000000000000000e+00,0.000000000000000e+00
9.510000000012605e-05,951,1.445740147891372e-01,8.987691147154766e+03,1.000000000000000e+00,8.000000000000000e-01,2.000000000000000e-01,1.565412226494723e-04,-7.512982179781362e-05,1.666666666666667e+00,0.000000000000000e+00,2.981500000000000e+02,3.314063379889744e+02,2.999999999999850e+02,1.029564878564046e+03,3.187622747450938e+02,2,0.000000000000000e+00,0.000000000000000e+00
9.520000000012627e-05,952,1.633728580257408e-01,3.419136153723152e+04,1.000000000000000e+00,8.000000000000000e-01,2.000000000000000e-01,1.567078893161380e-04,-7.512982179781362e-05,1.666666666666667e+00,0.000000000000000e+00,2.981500000000000e+02,3.314863198761159e+02,2.999999999999850e+02,1.030519782785507e+03,3.187847418914150e+02,2,0.000000000000000e+00,0.000000000000000e+00
9.530000000012648e-05,953,1.316626337841277e-01,6.962907399351867e+03,1.000000000000000e+00,8.000000000000000e-01,2.000000000000000e-01,1.568745559828036e-04,-7.512982179781362e-05,1.666666666666667e+00,0.000000000000000e+00,2.981500000000000e+02,3.315175771015620e+02,2.999999999999850e+02,1.031538526671005e+03,3.188078485974420e+02,2,0.000000000000000e+00,0.000000000000000e+00
9.540000000012670e-05,954,1.505064931766151e-01,3.436349830324431e+04,1.000000000000000e+00,8.000000000000000e-01,2.000000000000000e-01,1.570412226494693e-04,-7.512982179781362e-05,1.666666666666667e+00,0.000000000000000e+00,2.981500000000000e+02,3.315852109898134e+02,2.999999999999850e+02,1.032491689626271e+03,3.188315122444686e+02,2,0.000000000000000e+00,0.000000000000000e+00
9.550000000012692e-05,955,1.318472297709589e-01,9.681520270356410e+03,1.000000000000000e+00,8.000000000000000e-01,2.000000000000000e-01,1.572078893161350e-04,-7.512982179781362e-05,1.666666666666667e+00,0.000000000000000e+00,2.981500000000000e+02,3.315492000493287e+02,2.999999999999850e+02,1.033399167591198e+03,3.188559864484242e+02,2,0.000000000000000e+00,0.000000000000000e+00
9.560000000012714e-05,956,1.507491921944315e-01,3.539046919804854e+04,1.000000000000000e+00,8.000000000000000e-01,2.000000000000000e-01,1.573745559828007e-04,-7.512982179781362e-05,1.666666666666667e+00,0.000000000000000e+00,2.981500000000000e+02,3.316000166925466e+02,2.999999999999850e+02,1.034340508157562e+03,3.188805842248849e+02,2,0.000000000000000e+00,0.000000000000000e+00
9.570000000012736e-05,957,1.320440312918575e-01,1.637945764354840e+04,1.000000000000000e+00,8.000000000000000e-01,2.000000000000000e-01,1.575412226494664e-04,-7.512982179781362e-05,1.666666666666667e+00,0.000000000000000e+00,2.981500000000000e+02,3.315487511350716e+02,2.999999999999850e+02,1.035197136917208e+03,3.189054340138945e+02,2,0.000000000000000e+00,0.000000000000000e+00
9.580000000012758e-05,958,1.509974798746192e-01,4.228091751071955e+04,1.000000000000000e+00,8.000000000000000e-01,2.000000000000000e-01,1.577078893161320e-04,-7.512982179781362e-05,1.666666666666667e+00,0.000000000000000e+00,2.981500000000000e+02,3.316192369184677e+02,2.999999999999850e+02,1.036097930459365e+03,3.189306468996643e+02,2,0.000000000000000e+00,0.000000000000000e+00
9.590000000012780e-05,959,1.322552554885169e-01,1.718511606125187e+04,1.000000000000000e+00,8.000000000000000e-01,2.000000000000000e-01,1.578745559827977e-04,-7.512982179781362e-05,1.666666666666667e+00,0.000000000000000e+00,2.981500000000000e+02,3.315931983084094e+02,2.999999999999850e+02,1.036926253901478e+03,3.189558923022153e+02,2,0.000000000000000e+00,0.000000000000000e+00
9.600000000012802e-05,960,1.512550852474353e-01,3.822227457015938e+04,1.000000000000000e+00,8.000000000000000e-01,2.000000000000000e-01,1.580412226494634e-04,-7.512982179781362e-05,1.666666666666667e+00,0.000000000000000e+00,2.981500000000000e+02,3.316080729703518e+02,2.999999999999850e+02,1.037848103873473e+03,3.189811325399756e+02,2,0.000000000000000e+00,0.000000000000000e+00
9.610000000012824e-05,961,1.513230931516839e-01,2.238920573115254e+04,1.000000000000000e+00,8.000000000000000e-01,2.000000000000000e-01,1.582078893161291e-04,-7.512982179781362e-05,1.666666666666667e+00,0.000000000000000e+00,2.981500000000000e+02,3.316486816532880e+02,2.999999999999850e+02,1.038746914789245e+03,3.190062332544196e+02,2,0.000000000000000e+00,0.000000000000000e+00
9.620000000012846e-05,962,1.515299346790468e-01,3.621592664395781e+04,1.000000000000000e+00,8.000000000000000e-01,2.000000000000000e-01,1.583745559827947e-04,-7.512982179781362e-05,1.666666666666667e+00,0.000000000000000e+00,2.981500000000000e+02,3.316927302139289e+02,2.999999999999850e+02,1.039609529862947e+03,3.190303329123635e+02,2,0.000000000000000e+00,0.000000000000000e+00
9.630000000012868e-05,963,1.515802164050019e-01,3.381104026385229e+04,1.000000000000000e+00,8.000000000000000e-01,2.000000000000000e-01,1.585412226494604e-04,-7.512982179781362e-05,1.666666666666667e+00,0.000000000000000e+00,2.981500000000000e+02,3.317016807083840e+02,2.999999999999850e+02,1.040481266416148e+03,3.190544447122952e+02,2,0.000000000000000e+00,0.000000000000000e+00
9.640000000012890e-05,964,1.328108926787808e-01,2.393128722390607e+04,1.000000000000000e+00,8.000000000000000e-01,2.000000000000000e-01,1.587078893161261e-04,-7.512982179781362e-05,1.666666666666667e+00,0.000000000000000e+00,2.981500000000000e+02,3.321528415432892e+02,2.999999999999850e+02,1.041628425435911e+03,3.190780824079413e+02,2,0.000000000000000e+00,0.000000000000000e+00
9.650000000012912e-05,965,1.518119989131735e-01,3.414000716350351e+04,1.000000000000000e+00,8.000000000000000e-01,2.000000000000000e-01,1.588745559827918e-04,-7.512982179781362e-05,1.666666666666667e+00,0.000000000000000e+00,2.981500000000000e+02,3.330624333804303e+02,2.999999999999850e+02,1.043121089588107e+03,3.191019776003096e+02,2,0.000000000000000e+00,0.000000000000000e+00
9.660000000012934e-05,966,1.329562232332194e-01,6.319703241543374e+04,1.000000000000000e+00,8.000000000000000e-01,2.000000000000000e-01,1.590412226494574e-04,-7.512982179781362e-05,1.666666666666667e+00,0.000000000000000e+00,2.981500000000000e+02,3.389632221328181e+02,2.999999999999850e+02,1.050080124097652e+03,3.191286741471199e+02,2,0.000000000000000e+00,0.000000000000000e+00
9.670000000012955e-05,967,1.524047185288261e-01,4.800736186054572e+04,1.000000000000000e+00,8.000000000000000e-01,2.000000000000000e-01,1.592078893161231e-04,-7.512982179781362e-05,1.666666666666667e+00,0.000000000000000e+00,2.981500000000000e+02,3.411680424204741e+02,2.999999999999850e+02,1.055677574411076e+03,3.191578330446950e+02,2,0.000000000000000e+00,0.000000000000000e+00
9.680000000012977e-05,968,1.332304087298204e-01,3.428412188413006e+04,1.000000000000000e+00,8.000000000000000e-01,2.000000000000000e-01,1.593745559827888e-04,-7.512982179781362e-05,1.666666666666667e+00,0.000000000000000e+00,2.981500000000000e+02,3.408065252170574e+02,2.999999999999850e+02,1.058410046238692e+03,3.191843591458941e+02,2,0.000000000000000e+00,0.000000000000000e+00
9.690000000012999e-05,969,1.529214060292656e-01,2.526473522820357e+04,1.000000000000000e+00,8.000000000000000e-01,2.000000000000000e-01,1.595412226494545e-04,-7.512982179781362e-05,1.666666666666667e+00,0.000000000000000e+00,2.981500000000000e+02,3.396746963554000e+02,2.999999999999850e+02,1.060060865555864e+03,3.192094417037766e+02,2,0.000000000000000e+00,0.000000000000000e+00
9.700000000013021e-05,970,1.177558790195192e-01,1.207688478870914e+04,1.000000000000000e+00,8.000000000000000e-01,2.000000000000000e-01,1.597078893161202e-04,-7.512982179781362e-05,1.666666666666667e+00,0.000000000000000e+00,2.981500000000000e+02,3.384833671487335e+02,2.999999999999850e+02,1.061316212397925e+03,3.192325428321958e+02,2,0.000000000000000e+00,0.000000000000000e+00
9.710000000013043e-05,971,1.533027065007398e-01,3.268524276590288e+04,1.000000000000000e+00,8.000000000000000e-01,2.000000000000000e-01,1.598745559827858e-04,-7.512982179781362e-05,1.666666666666667e+00,0.000000000000000e+00,2.981500000000000e+02,3.372234196707026e+02,2.999999999999850e+02,1.062236860926788e+03,3.192556892332329e+02,2,0.000000000000000e+00,0.000000000000000e+00
9.720000000013065e-05,972,1.179307242570896e-01,1.355929448371309e+04,1.000000000000000e+00,8.000000000000000e-01,2.000000000000000e-01,1.600412226494515e-04,-7.512982179781362e-05,1.666666666666667e+00,0.000000000000000e+00,2.981500000000000e+02,3.360849651717260e+02,2.999999999999850e+02,1.063120299041429e+03,3.192789612333646e+02,2,0.000000000000000e+00,0.000000000000000e+00
9.730000000013087e-05,973,1.536478398914801e-01,3.293675391623106e+04,1.000000000000000e+00,8.000000000000000e-01,2.000000000000000e-01,1.602078893161172e-04,-7.512982179781362e-05,1.666666666666667e+00,0.000000000000000e+00,2.981500000000000e+02,3.349700334687989e+02,2.999999999999850e+02,1.063755501497440e+03,3.193033400602489e+02,2,0.000000000000000e+00,0.000000000000000e+00
9.740000000013109e-05,974,1.181190437796230e-01,1.073853107650077e+04,1.000000000000000e+00,8.000000000000000e-01,2.000000000000000e-01,1.603745559827829e-04,-7.512982179781362e-05,1.666666666666667e+00,0.000000000000000e+00,2.981500000000000e+02,3.340033418269857e+02,2.999999999999850e+02,1.064362986084100e+03,3.193284060336800e+02,2,0.000000000000000e+00,0.000000000000000e+00
9.750000000013131e-05,975,1.539935798830184e-01,3.880608115635970e+04,1.000000000000000e+00,8.000000000000000e-01,2.000000000000000e-01,1.605412226494485e-04,-7.512982179781362e-05,1.666666666666667e+00,0.000000000000000e+00,2.981500000000000e+02,3.330987290887816e+02,2.999999999999850e+02,1.065001329442418e+03,3.193539950614365e+02,2,0.000000000000000e+00,0.000000000000000e+00
9.760000000013153e-05,976,1.183089701696882e-01,9.184013952204541e+03,1.000000000000000e+00,8.000000000000000e-01,2.000000000000000e-01,1.607078893161142e-04,-7.512982179781362e-05,1.666666666666667e+00,0.000000000000000e+00,2.981500000000000e+02,3.322932952304402e+02,2.999999999999850e+02,1.065553211475144e+03,3.193782609219755e+02,2,0.000000000000000e+00,0.000000000000000e+00
9.770000000013175e-05,977,1.543127345359143e-01,3.272465302042771e+04,1.000000000000000e+00,8.000000000000000e-01,2.000000000000000e-01,1.608745559827799e-04,-7.512982179781362e-05,1.666666666666667e+00,0.000000000000000e+00,2.981500000000000e+02,3.315445546096761e+02,2.999999999999850e+02,1.066026381987918e+03,3.194024333213018e+02,2,0.000000000000000e+00,0.000000000000000e+00
9.780000000013197e-05,978,1.184996673064630e-01,8.052541524398697e+03,1.000000000000000e+00,8.000000000000000e-01,2.000000000000000e-01,1.610412226494456e-04,-7.512982179781362e-05,1.666666666666667e+00,0.000000000000000e+00,2.981500000000000e+02,3.308616281750291e+02,2.999999999999850e+02,1.066501649767957e+03,3.194264124770943e+02,2,0.000000000000000e+00,0.000000000000000e+00
9.790000000013219e-05,979,1.546084716741837e-01,3.467585494341890e+04,1.000000000000000e+00,8.000000000000000e-01,2.000000000000000e-01,1.612078893161112e-04,-7.512982179781362e-05,1.666666666666667e+00,0.000000000000000e+00,2.981500000000000e+02,3.302707341925126e+02,2.999999999999850e+02,1.066990045160180e+03,3.194496703346647e+02,2,0.000000000000000e+00,0.000000000000000e+00
9.800000000013241e-05,980,1.186782181483227e-01,8.147459637884007e+03,1.000000000000000e+00,8.000000000000000e-01,2.000000000000000e-01,1.613745559827769e-04,-7.512982179781362e-05,1.666666666666667e+00,0.000000000000000e+00,2.981500000000000e+02,3.297314069342499e+02,2.999999999999850e+02,1.067396643310741e+03,3.194732448616581e+02,2,0.000000000000000e+00,0.000000000000000e+00
9.810000000013262e-05,981,1.548799149060059e-01,2.759516014648167e+04,1.000000000000000e+00,8.000000000000000e-01,2.000000000000000e-01,1.615412226494426e-04,-7.512982179781362e-05,1.666666666666667e+00,0.000000000000000e+00,2.981500000000000e+02,3.292072421357809e+02,2.999999999999850e+02,1.067733790255897e+03,3.194958238025558e+02,2,0.000000000000000e+00,0.000000000000000e+00
9.820000000013284e-05,982,1.188514756306599e-01,6.803683234971853e+03,1.000000000000000e+00,8.000000000000000e-01,2.000000000000000e-01,1.617078893161083e-04,-7.512982179781362e-05,1.666666666666667e+00,0.000000000000000e+00,2.981500000000000e+02,3.287402156244475e+02,2.999999999999850e+02,1.068046891373513e+03,3.195177717949367e+02,2,0.000000000000000e+00,0.000000000000000e+00
9.830000000013306e-05,983,1.551105536125242e-01,2.470766142498302e+04,1.000000000000000e+00,8.000000000000000e-01,2.000000000000000e-01,1.618745559827740e-04,-7.512982179781362e-05,1.666666666666667e+00,0.000000000000000e+00,2.981500000000000e+02,3.283458945639648e+02,2.999999999999850e+02,1.068437979103714e+03,3.195395612493982e+02,2,0.000000000000000e+00,0.000000000000000e+00
9.840000000013328e-05,984,1.190071419698443e-01,6.337115615616231e+03,1.000000000000000e+00,8.000000000000000e-01,2.000000000000000e-01,1.620412226494396e-04,-7.512982179781362e-05,1.666666666666667e+00,0.000000000000000e+00,2.981500000000000e+02,3.279603054293589e+02,2.999999999999850e+02,1.068721402491665e+03,3.195614533308965e+02,2,0.000000000000000e+00,0.000000000000000e+00
9.850000000013350e-05,985,1.553287856850063e-01,2.044402853417206e+04,1.000000000000000e+00,8.000000000000000e-01,2.000000000000000e-01,1.622078893161053e-04,-7.512982179781362e-05,1.666666666666667e+00,0.000000000000000e+00,2.981500000000000e+02,3.276123301305004e+02,2.999999999999850e+02,1.069036565185667e+03,3.195820308934500e+02,2,0.000000000000000e+00,0.000000000000000e+00
9.860000000013372e-05,986,1.191597143761858e-01,7.193874232244695e+03,1.000000000000000e+00,8.000000000000000e-01,2.000000000000000e-01,1.623745559827710e-04,-7.512982179781362e-05,1.666666666666667e+00,0.000000000000000e+00,2.981500000000000e+02,3.272946139196890e+02,2.999999999999850e+02,1.069284999796010e+03,3.196031227234507e+02,2,0.000000000000000e+00,0.000000000000000e+00
9.870000000013394e-05,987,1.555623891044398e-01,2.039043046556212e+04,1.000000000000000e+00,8.000000000000000e-01,2.000000000000000e-01,1.625412226494367e-04,-7.512982179781362e-05,1.666666666666667e+00,0.000000000000000e+00,2.981500000000000e+02,3.270170182676019e+02,2.999999999999850e+02,1.069575444915244e+03,3.196247554367956e+02,2,0.000000000000000e+00,0.000000000000000e+00
9.880000000013416e-05,988,1.193168344107586e-01,6.237806011423529e+03,1.000000000000000e+00,8.000000000000000e-01,2.000000000000000e-01,1.627078893161023e-04,-7.512982179781362e-05,1.666666666666667e+00,0.000000000000000e+00,2.981500000000000e+02,3.267582999969076e+02,2.999999999999850e+02,1.069843380954463e+03,3.196463170428211e+02,2,0.000000000000000e+00,0.000000000000000e+00
9.890000000013438e-05,989,1.558117789531228e-01,2.343054010876228e+04,1.000000000000000e+00,8.000000000000000e-01,2.000000000000000e-01,1.628745559827680e-04,-7.512982179781362e-05,1.666666666666667e+00,0.000000000000000e+00,2.981500000000000e+02,3.265278511022673e+02,2.999999999999850e+02,1.070077711017689e+03,3.196677954912663e+02,2,0.000000000000000e+00,0.000000000000000e+00
9.900000000013460e-05,990,1.194758535006240e-01,5.428000586357978e+03,1.000000000000000e+00,8.000000000000000e-01,2.000000000000000e-01,1.630412226494337e-04,-7.512982179781362e-05,1.666666666666667e+00,0.000000000000000e+00,2.981500000000000e+02,3.263073356805258e+02,2.999999999999850e+02,1.070374354693990e+03,3.196898502640347e+02,2,0.000000000000000e+00,0.000000000000000e+00
9.910000000013482e-05,991,1.560758895939586e-01,1.810410421664331e+04,1.000000000000000e+00,8.000000000000000e-01,2.000000000000000e-01,1.632078893160994e-04,-7.512982179781362e-05,1.666666666666667e+00,0.000000000000000e+00,2.981500000000000e+02,3.261250220927303e+02,2.999999999999850e+02,1.070665829656769e+03,3.197127280811632e+02,2,0.000000000000000e+00,0.000000000000000e+00
9.920000000013504e-05,992,1.196398050296709e-01,8.916967838394103e+03,1.000000000000000e+00,8.000000000000000e-01,2.000000000000000e-01,1.633745559827650e-04,-7.512982179781362e-05,1.666666666666667e+00,0.000000000000000e+00,2.981500000000000e+02,3.259690350199583e+02,2.999999999999850e+02,1.070934787330403e+03,3.197356234138263e+02,2,0.000000000000000e+00,0.000000000000000e+00
9.930000000013526e-05,993,1.563483070761281e-01,2.341350586990098e+04,1.000000000000000e+00,8.000000000000000e-01,2.000000000000000e-01,1.635412226494307e-04,-7.512982179781362e-05,1.666666666666667e+00,0.000000000000000e+00,2.981500000000000e+02,3.258309492785976e+02,2.999999999999850e+02,1.071216137836446e+03,3.197590315922539e+02,2,0.000000000000000e+00,0.000000000000000e+00
9.940000000013547e-05,994,1.198235055013347e-01,1.250764405405934e+04,1.000000000000000e+00,8.000000000000000e-01,2.000000000000000e-01,1.637078893160964e-04,-7.512982179781362e-05,1.666666666666667e+00,0.000000000000000e+00,2.981500000000000e+02,3.256896374971574e+02,2.999999999999850e+02,1.071493959342323e+03,3.197828344671912e+02,2,0.000000000000000e+00,0.000000000000000e+00
9.950000000013569e-05,995,1.566060175516360e-01,2.351332440503881e+04,1.000000000000000e+00,8.000000000000000e-01,2.000000000000000e-01,1.638745559827621e-04,-7.512982179781362e-05,1.666666666666667e+00,0.000000000000000e+00,2.981500000000000e+02,3.255773629205602e+02,2.999999999999850e+02,1.071750683878667e+03,3.198072336362223e+02,2,0.000000000000000e+00,0.000000000000000e+00
9.960000000013591e-05,996,1.364281445585242e-01,2.332828458130117e+04,1.000000000000000e+00,8.000000000000000e-01,2.000000000000000e-01,1.640412226494278e-04,-7.512982179781362e-05,1.666666666666667e+00,0.000000000000000e+00,2.981500000000000e+02,3.259565341323932e+02,2.999999999999850e+02,1.078299192931399e+03,3.198363831252973e+02,2,0.000000000000000e+00,0.000000000000000e+00
9.970000000013613e-05,997,1.572102351910234e-01,5.382249132596189e+04,1.000000000000000e+00,8.000000000000000e-01,2.000000000000000e-01,1.642078893160934e-04,-7.512982179781362e-05,1.666666666666667e+00,0.000000000000000e+00,2.981500000000000e+02,3.273011290602897e+02,2.999999999999850e+02,1.082581128352065e+03,3.198685294005658e+02,2,0.000000000000000e+00,0.000000000000000e+00
9.980000000013635e-05,998,1.367750815827523e-01,1.981026597606527e+04,1.000000000000000e+00,8.000000000000000e-01,2.000000000000000e-01,1.643745559827591e-04,-7.512982179781362e-05,1.666666666666667e+00,0.000000000000000e+00,2.981500000000000e+02,3.269942883790299e+02,2.999999999999850e+02,1.084504792442275e+03,3.198973587254289e+02,2,0.000000000000000e+00,0.000000000000000e+00
9.990000000013657e-05,999,1.576461994826216e-01,4.377683375586363e+04,1.000000000000000e+00,8.000000000000000e-01,2.000000000000000e-01,1.645412226494248e-04,-7.512982179781362e-05,1.666666666666667e+00,0.000000000000000e+00,2.981500000000000e+02,3.264426417089736e+02,2.999999999999850e+02,1.085700254655254e+03,3.199245491278760e+02,2,0.000000000000000e+00,0.000000000000000e+00
1.000000000001368e-04,1000,1.370815693475072e-01,1.282463925720538e+04,1.000000000000000e+00,8.000000000000000e-01,2.000000000000000e-01,1.647078893160905e-04,-7.512982179781362e-05,1.666666666666667e+00,0.000000000000000e+00,2.981500000000000e+02,3.261678225370432e+02,2.999999999999850e+02,1.086487399028831e+03,3.199495924755022e+02,2,0.000000000000000e+00,0.000000000000000e+00
1.001000000001370e-04,1001,1.579882161068212e-01,4.050419296792968e+04,1.000000000000000e+00,8.000000000000000e-01,2.000000000000000e-01,1.648745559827561e-04,-7.512982179781362e-05,1.666666666666667e+00,0.000000000000000e+00,2.981500000000000e+02,3.260905145410760e+02,2.999999999999878e+02,1.086917477384454e+03,3.199746842657608e+02,2,0.000000000000000e+00,0.000000000000000e+00
1.002000000001372e-04,1002,1.373653904241414e-01,1.503214742761190e+04,1.000000000000000e+00,8.000000000000000e-01,2.000000000000000e-01,1.650412226494218e-04,-7.512982179781362e-05,1.666666666666667e+00,0.000000000000000e+00,2.981500000000000e+02,3.260367142623310e+02,2.999999999999935e+02,1.087269267921140e+03,3.199996113641668e+02,2,0.000000000000000e+00,0.000000000000000e+00
1.003000000001374e-04,1003,1.583565988776823e-01,5.278497758528281e+04,1.000000000000000e+00,8.000000000000000e-01,2.000000000000000e-01,1.652078893160875e-04,-7.512982179781362e-05,1.666666666666667e+00,0.000000000000000e+00,2.981500000000000e+02,3.260275184723947e+02,2.999999999999992e+02,1.087431618707902e+03,3.200251112086823e+02,2,0.000000000000000e+00,0.000000000000000e+00
1.004000000001377e-04,1004,1.376427930151128e-01,1.628012197028767e+04,1.000000000000000e+00,8.000000000000000e-01,2.000000000000000e-01,1.653745559827532e-04,-7.512982179781362e-05,1.666666666666667e+00,0.000000000000000e+00,2.981500000000000e+02,3.260143560808299e+02,3.000000000000000e+02,1.087539104506209e+03,3.200502734603967e+02,2,0.000000000000000e+00,0.000000000000000e+00
1.005000000001379e-04,1005,1.587496086814752e-01,4.789802149877184e+04,1.000000000000000e+00,8.000000000000000e-01,2.000000000000000e-01,1.655412226494188e-04,-7.512982179781362e-05,1.666666666666667e+00,0.000000000000000e+00,2.981500000000000e+02,3.260127821180488e+02,3.000000000000000e+02,1.087604352314911e+03,3.200753555302352e+02,2,0.000000000000000e+00,0.000000000000000e+00
1.006000000001381e-04,1006,1.379293731039393e-01,3.033248273568137e+04,1.000000000000000e+00,8.000000000000000e-01,2.000000000000000e-01,1.657078893160845e-04,-7.512982179781362e-05,1.666666666666667e+00,0.000000000000000e+00,2.981500000000000e+02,3.260320539172034e+02,3.000000000000000e+02,1.087636939559429e+03,3.200986143400668e+02,2,0.000000000000000e+00,0.000000000000000e+00
1.007000000001383e-04,1007,1.590550203188386e-01,3.547092001805256e+04,1.000000000000000e+00,8.000000000000000e-01,2.000000000000000e-01,1.658745559827502e-04,-7.512982179781362e-05,1.666666666666667e+00,0.000000000000000e+00,2.981500000000000e+02,3.260364609074605e+02,3.000000000000000e+02,1.087666505381445e+03,3.201221467940313e+02,2,0.000000000000000e+00,0.000000000000000e+00
1.008000000001385e-04,1008,1.423768842639087e-01,1.824591842720934e+04,1.000000000000000e+00,8.000000000000000e-01,2.000000000000000e-01,1.660412226494159e-04,-7.512982179781362e-05,1.666666666666667e+00,0.000000000000000e+00,2.981500000000000e+02,3.260546066187070e+02,3.000000000000000e+02,1.087632722397629e+03,3.201451937005830e+02,2,0.000000000000000e+00,0.000000000000000e+00
1.009000000001388e-04,1009,1.593169161188568e-01,3.096435740810504e+04,1.000000000000000e+00,8.000000000000000e-01,2.000000000000000e-01,1.662078893160816e-04,-7.512982179781362e-05,1.666666666666667e+00,0.000000000000000e+00,2.981500000000000e+02,3.260706382881319e+02,3.000000000000000e+02,1.087630607282190e+03,3.201677344474662e+02,2,0.000000000000000e+00,0.000000000000000e+00
1.010000000001390e-04,1010,1.425833030950818e-01,2.010798042485167e+04,1.000000000000000e+00,8.000000000000000e-01,2.000000000000000e-01,1.663745559827472e-04,-7.512982179781362e-05,1.666666666666667e+00,0.000000000000000e+00,2.981500000000000e+02,3.260780589036935e+02,3.000000000000000e+02,1.087554357774075e+03,3.201910055915567e+02,2,0.000000000000000e+00,0.000000000000000e+00
1.011000000001392e-04,1011,1.595767345131244e-01,3.734627261935767e+04,1.000000000000000e+00,8.000000000000000e-01,2.000000000000000e-01,1.665412226494129e-04,-7.512982179781362e-05,1.666666666666667e+00,0.000000000000000e+00,2.981500000000000e+02,3.260697420165731e+02,3.000000000000000e+02,1.087414449456162e+03,3.202129772813560e+02,2,0.000000000000000e+00,0.000000000000000e+00
1.012000000001394e-04,1012,1.428260225751536e-01,2.261361875741899e+04,1.000000000000000e+00,8.000000000000000e-01,2.000000000000000e-01,1.667078893160786e-04,-7.512982179781362e-05,1.666666666666667e+00,0.000000000000000e+00,2.981500000000000e+02,3.260091820383936e+02,3.000000000000000e+02,1.087296124201931e+03,3.202354436098639e+02,2,0.000000000000000e+00,0.000000000000000e+00
1.013000000001396e-04,1013,1.598792181426834e-01,4.213794329905869e+04,1.000000000000000e+00,8.000000000000000e-01,2.000000000000000e-01,1.668745559827443e-04,-7.512982179781362e-05,1.666666666666667e+00,0.000000000000000e+00,2.981500000000000e+02,3.260176890082637e+02,3.000000000000000e+02,1.087167551621256e+03,3.202573577521725e+02,2,0.000000000000000e+00,0.000000000000000e+00
1.014000000001399e-04,1014,1.221670590397813e-01,1.766748513974395e+04,1.000000000000000e+00,8.000000000000000e-01,2.000000000000000e-01,1.670412226494099e-04,-7.512982179781362e-05,1.666666666666667e+00,0.000000000000000e+00,2.981500000000000e+02,3.259511609692125e+02,3.000000000000000e+02,1.087080454424357e+03,3.202798068561666e+02,2,0.000000000000000e+00,0.000000000000000e+00
1.015000000001401e-04,1015,1.601484508260246e-01,3.679259057742686e+04,1.000000000000000e+00,8.000000000000000e-01,2.000000000000000e-01,1.672078893160756e-04,-7.512982179781362e-05,1.666666666666667e+00,0.000000000000000e+00,2.981500000000000e+02,3.258924812983873e+02,3.000000000000000e+02,1.086794848471676e+03,3.203010686678691e+02,2,0.000000000000000e+00,0.000000000000000e+00
1.016000000001403e-04,1016,1.223645995810693e-01,1.553322135426557e+04,1.000000000000000e+00,8.000000000000000e-01,2.000000000000000e-01,1.673745559827413e-04,-7.512982179781362e-05,1.666666666666667e+00,0.000000000000000e+00,2.981500000000000e+02,3.257799356930607e+02,3.000000000000000e+02,1.086727857258086e+03,3.203233697167997e+02,2,0.000000000000000e+00,0.000000000000000e+00
1.017000000001405e-04,1017,1.604048162333793e-01,4.244999985144679e+04,1.000000000000000e+00,8.000000000000000e-01,2.000000000000000e-01,1.675412226494070e-04,-7.512982179781362e-05,1.666666666666667e+00,0.000000000000000e+00,2.981500000000000e+02,3.257068445951338e+02,3.000000000000000e+02,1.086464746440262e+03,3.203462365848790e+02,2,0.000000000000000e+00,0.000000000000000e+00
1.018000000001407e-04,1018,1.434295254156629e-01,1.153062913962732e+04,1.000000000000000e+00,8.000000000000000e-01,2.000000000000000e-01,1.677078893160726e-04,-7.512982179781362e-05,1.666666666666667e+00,0.000000000000000e+00,2.981500000000000e+02,3.255581452062133e+02,3.000000000000000e+02,1.086291273818711e+03,3.203684439985466e+02,2,0.000000000000000e+00,0.000000000000000e+00
1.019000000001410e-04,1019,1.606589772916750e-01,4.181631463709755e+04,1.000000000000000e+00,8.000000000000000e-01,2.000000000000000e-01,1.678745559827383e-04,-7.512982179781362e-05,1.666666666666667e+00,0.000000000000000e+00,2.981500000000000e+02,3.254624659817736e+02,3.000000000000000e+02,1.086035820140913e+03,3.203903750024984e+02,2,0.000000000000000e+00,0.000000000000000e+00
1.020000000001412e-04,1020,1.546588839231556e-01,1.033553996172979e+04,1.000000000000000e+00,8.000000000000000e-01,2.000000000000000e-01,1.680412226494040e-04,-7.512982179781362e-05,1.666666666666667e+00,0.000000000000000e+00,2.981500000000000e+02,3.253342029305759e+02,3.000000000000000e+02,1.085826221867478e+03,3.204129830472967e+02,2,0.000000000000000e+00,0.000000000000000e+00
1.021000000001414e-04,1021,1.609123412008584e-01,4.182809643201681e+04,1.000000000000000e+00,8.000000000000000e-01,2.000000000000000e-01,1.682078893160697e-04,-7.512982179781362e-05,1.666666666666667e+00,0.000000000000000e+00,2.981500000000000e+02,3.252666278114073e+02,3.000000000000000e+02,1.085632277295880e+03,3.204360981530610e+02,2,0.000000000000000e+00,0.000000000000000e+00
1.022000000001416e-04,1022,1.549086011119487e-01,1.294303098136683e+04,1.000000000000000e+00,8.000000000000000e-01,2.000000000000000e-01,1.683745559827354e-04,-7.512982179781362e-05,1.666666666666667e+00,0.000000000000000e+00,2.981500000000000e+02,3.251358295005497e+02,3.000000000000000e+02,1.085400498610604e+03,3.204588803341055e+02,2,0.000000000000000e+00,0.000000000000000e+00
1.023000000001418e-04,1023,1.611615865119541e-01,3.284540657175479e+04,1.000000000000000e+00,8.000000000000000e-01,2.000000000000000e-01,1.685412226494010e-04,-7.512982179781362e-05,1.666666666666667e+00,0.000000000000000e+00,2.981500000000000e+02,3.250756351294211e+02,3.000000000000000e+02,1.085167317230574e+03,3.204815802333661e+02,2,0.000000000000000e+00,0.000000000000000e+00
1.024000000001421e-04,1024,1.551549803366660e-01,1.150408876953320e+04,1.000000000000000e+00,8.000000000000000e-01,2.000000000000000e-01,1.687078893160667e-04,-7.512982179781362e-05,1.666666666666667e+00,0.000000000000000e+00,2.981500000000000e+02,3.251068799163890e+02,3.000000000000000e+02,1.084943112156780e+03,3.205039982499501e+02,2,0.000000000000000e+00,0.000000000000000e+00
1.025000000001423e-04,1025,1.614123856324620e-01,2.787369192164669e+04,1.000000000000000e+00,8.000000000000000e-01,2.000000000000000e-01,1.688745559827324e-04,-7.512982179781362e-05,1.666666666666667e+00,0.000000000000000e+00,2.981500000000000e+02,3.249537463285782e+02,3.000000000000000e+02,1.084677327750430e+03,3.205265660297914e+02,2,0.000000000000000e+00,0.000000000000000e+00
1.026000000001425e-04,1026,1.554258601472857e-01,1.661199000200383e+04,1.000000000000000e+00,8.000000000000000e-01,2.000000000000000e-01,1.690412226493981e-04,-7.512982179781362e-05,1.666666666666667e+00,0.000000000000000e+00,2.981500000000000e+02,3.248906397646720e+02,3.000000000000000e+02,1.084546085729901e+03,3.205492699564055e+02,2,0.000000000000000e+00,0.000000000000000e+00
1.027000000001427e-04,1027,1.616650063039361e-01,2.611578488568002e+04,1.000000000000000e+00,8.000000000000000e-01,2.000000000000000e-01,1.692078893160637e-04,-7.512982179781362e-05,1.666666666666667e+00,0.000000000000000e+00,2.981500000000000e+02,3.248374269326137e+02,3.000000000000000e+02,1.084317349371457e+03,3.205717195450325e+02,2,0.000000000000000e+00,0.000000000000000e+00
1.028000000001429e-04,1028,1.556924211134466e-01,2.165477285032520e+04,1.000000000000000e+00,8.000000000000000e-01,2.000000000000000e-01,1.693745559827294e-04,-7.512982179781362e-05,1.666666666666667e+00,0.000000000000000e+00,2.981500000000000e+02,3.246758335625991e+02,3.000000000000000e+02,1.084168019518948e+03,3.205934407073101e+02,2,0.000000000000000e+00,0.000000000000000e+00
1.029000000001431e-04,1029,1.618848445047325e-01,2.052986693986442e+04,1.000000000000000e+00,8.000000000000000e-01,2.000000000000000e-01,1.695412226493951e-04,-7.512982179781362e-05,1.666666666666667e+00,0.000000000000000e+00,2.981500000000000e+02,3.246559883377240e+02,3.000000000000000e+02,1.083935119502952e+03,3.206157246005155e+02,2,0.000000000000000e+00,0.000000000000000e+00
1.030000000001434e-04,1030,1.350973969309270e-01,1.305281913879518e+04,1.000000000000000e+00,8.000000000000000e-01,2.000000000000000e-01,1.697078893160608e-04,-7.512982179781362e-05,1.666666666666667e+00,0.000000000000000e+00,2.981500000000000e+02,3.246047276791345e+02,3.000000000000000e+02,1.083812063307621e+03,3.206381328155558e+02,2,0.000000000000000e+00,0.000000000000000e+00
1.031000000001436e-04,1031,1.595491961650493e-01,3.630602070218178e+04,1.000000000000000e+00,8.000000000000000e-01,2.000000000000000e-01,1.698745559827264e-04,-7.512982179781362e-05,1.666666666666667e+00,0.000000000000000e+00,2.981500000000000e+02,3.246272812989753e+02,3.000000000000000e+02,1.083718335650830e+03,3.206621092305798e+02,2,0.000000000000000e+00,0.000000000000000e+00
1.032000000001438e-04,1032,1.536404789524716e-01,3.601666437778981e+04,1.000000000000000e+00,8.000000000000000e-01,2.000000000000000e-01,1.700412226493921e-04,-7.512982179781362e-05,1.666666666666667e+00,0.000000000000000e+00,2.981500000000000e+02,3.314455979348248e+02,3.000000000000000e+02,1.084101302713473e+03,3.206903767951797e+02,2,0.000000000000000e+00,0.000000000000000e+00
1.033000000001440e-04,1033,1.390863157849732e-01,5.147058107061164e+04,1.000000000000000e+00,8.000000000000000e-01,2.000000000000000e-01,1.702078893160578e-04,-7.512982179781362e-05,1.666666666666667e+00,0.000000000000000e+00,2.981500000000000e+02,3.331511032867643e+02,3.000000000000000e+02,1.084945392505240e+03,3.207186017293734e+02,2,0.000000000000000e+00,0.000000000000000e+00
1.034000000001442e-04,1034,1.541489638521951e-01,2.231788619757855e+04,1.000000000000000e+00,8.000000000000000e-01,2.000000000000000e-01,1.703745559827235e-04,-7.512982179781362e-05,1.666666666666667e+00,0.000000000000000e+00,2.981500000000000e+02,3.335253274091453e+02,3.000000000000000e+02,1.087401267925146e+03,3.207478834714821e+02,2,0.000000000000000e+00,0.000000000000000e+00
1.035000000001445e-04,1035,1.717468484366571e-01,4.080447440786027e+04,1.000000000000000e+00,8.000000000000000e-01,2.000000000000000e-01,1.705412226493892e-04,-7.512982179781362e-05,1.666666666666667e+00,0.000000000000000e+00,2.981500000000000e+02,3.334698621550781e+02,3.000000000000000e+02,1.088906684424965e+03,3.207741810208423e+02,2,0.000000000000000e+00,0.000000000000000e+00
1.036000000001447e-04,1036,1.546083728948222e-01,1.672606138660011e+04,1.000000000000000e+00,8.000000000000000e-01,2.000000000000000e-01,1.707078893160548e-04,-7.512982179781362e-05,1.666666666666667e+00,0.000000000000000e+00,2.981500000000000e+02,3.332834699143916e+02,3.000000000000000e+02,1.089451900180864e+03,3.208001173235189e+02,2,0.000000000000000e+00,0.000000000000000e+00
1.037000000001449e-04,1037,1.722240415953039e-01,4.580196195893224e+04,1.000000000000000e+00,8.000000000000000e-01,2.000000000000000e-01,1.708745559827205e-04,-7.512982179781362e-05,1.666666666666667e+00,0.000000000000000e+00,2.981500000000000e+02,3.328862377758819e+02,3.000000000000000e+02,1.089988489599587e+03,3.208246806021592e+02,2,0.000000000000000e+00,0.000000000000000e+00
1.038000000001451e-04,1038,1.549680010321792e-01,1.581643688026663e+04,1.000000000000000e+00,8.000000000000000e-01,2.000000000000000e-01,1.710412226493862e-04,-7.512982179781362e-05,1.666666666666667e+00,0.000000000000000e+00,2.981500000000000e+02,3.324967349719674e+02,3.000000000000000e+02,1.089997758205491e+03,3.208491494099986e+02,2,0.000000000000000e+00,0.000000000000000e+00
1.039000000001453e-04,1039,1.726188223720281e-01,5.789246644692000e+04,1.000000000000000e+00,8.000000000000000e-01,2.000000000000000e-01,1.712078893160519e-04,-7.512982179781362e-05,1.666666666666667e+00,0.000000000000000e+00,2.981500000000000e+02,3.319159840879095e+02,3.000000000000000e+02,1.090217661662349e+03,3.208731835325199e+02,2,0.000000000000000e+00,0.000000000000000e+00
1.040000000001456e-04,1040,1.553202237282006e-01,2.032900866244090e+04,1.000000000000000e+00,8.000000000000000e-01,2.000000000000000e-01,1.713745559827175e-04,-7.512982179781362e-05,1.666666666666667e+00,0.000000000000000e+00,2.981500000000000e+02,3.314191251872566e+02,3.000000000000000e+02,1.090076282014245e+03,3.208984168156845e+02,2,0.000000000000000e+00,0.000000000000000e+00
1.041000000001458e-04,1041,1.554874467923581e-01,4.286219788069042e+04,1.000000000000000e+00,8.000000000000000e-01,2.000000000000000e-01,1.715412226493832e-04,-7.512982179781362e-05,1.666666666666667e+00,0.000000000000000e+00,2.981500000000000e+02,3.308629940128843e+02,3.000000000000000e+02,1.090054994884104e+03,3.209262002630742e+02,2,0.000000000000000e+00,0.000000000000000e+00
1.042000000001460e-04,1042,1.556947111000564e-01,2.732030882698542e+04,1.000000000000000e+00,8.000000000000000e-01,2.000000000000000e-01,1.717078893160489e-04,-7.512982179781362e-05,1.666666666666667e+00,0.000000000000000e+00,2.981500000000000e+02,3.305294698406493e+02,3.000000000000000e+02,1.089658201120689e+03,3.209534450336914e+02,2,0.000000000000000e+00,0.000000000000000e+00
1.043000000001462e-04,1043,1.558709530300631e-01,2.922619376907975e+04,1.000000000000000e+00,8.000000000000000e-01,2.000000000000000e-01,1.718745559827146e-04,-7.512982179781362e-05,1.666666666666667e+00,0.000000000000000e+00,2.981500000000000e+02,3.299951696413655e+02,3.000000000000000e+02,1.089259455878229e+03,3.209783990567119e+02,2,0.000000000000000e+00,0.000000000000000e+00
1.044000000001464e-04,1044,1.533105543563760e-01,1.745148726327645e+04,1.000000000000000e+00,8.000000000000000e-01,2.000000000000000e-01,1.720412226493802e-04,-7.512982179781362e-05,1.666666666666667e+00,0.000000000000000e+00,2.981500000000000e+02,3.294320888914727e+02,3.000000000000000e+02,1.088896255538541e+03,3.210015243042275e+02,2,0.000000000000000e+00,0.000000000000000e+00
1.045000000001467e-04,1045,1.534621618052124e-01,1.705346881352878e+04,1.000000000000000e+00,8.000000000000000e-01,2.000000000000000e-01,1.722078893160459e-04,-7.512982179781362e-05,1.666666666666667e+00,0.000000000000000e+00,2.981500000000000e+02,3.287833551010951e+02,3.000000000000000e+02,1.088532887139067e+03,3.210239242651052e+02,2,0.000000000000000e+00,0.000000000000000e+00
1.046000000001469e-04,1046,1.535911416865295e-01,1.236436261369256e+04,1.000000000000000e+00,8.000000000000000e-01,2.000000000000000e-01,1.723745559827116e-04,-7.512982179781362e-05,1.666666666666667e+00,0.000000000000000e+00,2.981500000000000e+02,3.280620095901632e+02,3.000000000000000e+02,1.088164035449456e+03,3.210446175273103e+02,2,0.000000000000000e+00,0.000000000000000e+00
1.047000000001471e-04,1047,1.537368948751449e-01,2.020543929133712e+04,1.000000000000000e+00,8.000000000000000e-01,2.000000000000000e-01,1.725412226493773e-04,-7.512982179781362e-05,1.666666666666667e+00,0.000000000000000e+00,2.981500000000000e+02,3.273782395435951e+02,3.000000000000000e+02,1.087810569600887e+03,3.210659627748976e+02,2,0.000000000000000e+00,0.000000000000000e+00
1.048000000001473e-04,1048,1.538661220148014e-01,1.483819986541796e+04,1.000000000000000e+00,8.000000000000000e-01,2.000000000000000e-01,1.727078893160430e-04,-7.512982179781362e-05,1.666666666666667e+00,0.000000000000000e+00,2.981500000000000e+02,3.267643314443441e+02,3.000000000000000e+02,1.087431053124877e+03,3.210866772905700e+02,2,0.000000000000000e+00,0.000000000000000e+00
1.049000000001475e-04,1049,1.330545616011834e-01,2.272438038790908e+04,1.000000000000000e+00,8.000000000000000e-01,2.000000000000000e-01,1.728745559827086e-04,-7.512982179781362e-05,1.666666666666667e+00,0.000000000000000e+00,2.981500000000000e+02,3.261928068017140e+02,3.000000000000000e+02,1.087111060510455e+03,3.211075450533436e+02,2,0.000000000000000e+00,0.000000000000000e+00
1.050000000001478e-04,1050,1.541427751787601e-01,1.160870082661614e+04,1.000000000000000e+00,8.000000000000000e-01,2.000000000000000e-01,1.730412226493743e-04,-7.512982179781362e-05,1.666666666666667e+00,0.000000000000000e+00,2.981500000000000e+02,3.255776589275109e+02,3.000000000000000e+02,1.086744774828649e+03,3.211276551796607e+02,2,0.000000000000000e+00,0.000000000000000e+00
1.051000000001480e-04,1051,1.542071599903497e-01,1.908762793343083e+04,1.000000000000000e+00,8.000000000000000e-01,2.000000000000000e-01,1.732078893160400e-04,-7.512982179781362e-05,1.666666666666667e+00,0.000000000000000e+00,2.981500000000000e+02,3.250574133882774e+02,3.000000000000000e+02,1.086361469488735e+03,3.211469177118584e+02,2,0.000000000000000e+00,0.000000000000000e+00
1.052000000001482e-04,1052,1.543429729992745e-01,8.368572149411581e+03,1.000000000000000e+00,8.000000000000000e-01,2.000000000000000e-01,1.733745559827057e-04,-7.512982179781362e-05,1.666666666666667e+00,0.000000000000000e+00,2.981500000000000e+02,3.245218270857947e+02,3.000000000000000e+02,1.085938206090352e+03,3.211663609017127e+02,2,0.000000000000000e+00,0.000000000000000e+00
1.053000000001484e-04,1053,1.543744572085917e-01,1.111879176826848e+04,1.000000000000000e+00,8.000000000000000e-01,2.000000000000000e-01,1.735412226493713e-04,-7.512982179781362e-05,1.666666666666667e+00,0.000000000000000e+00,2.981500000000000e+02,3.240310507937507e+02,3.000000000000000e+02,1.085498384409926e+03,3.211853405658721e+02,2,0.000000000000000e+00,0.000000000000000e+00
1.054000000001486e-04,1054,1.544943749864868e-01,6.045765846918944e+03,1.000000000000000e+00,8.000000000000000e-01,2.000000000000000e-01,1.737078893160370e-04,-7.512982179781362e-05,1.666666666666667e+00,0.000000000000000e+00,2.981500000000000e+02,3.237067284188627e+02,3.000000000000000e+02,1.085077141117129e+03,3.212045744860544e+02,2,0.000000000000000e+00,0.000000000000000e+00
1.055000000001489e-04,1055,1.545389785343870e-01,1.641115012214307e+04,1.000000000000000e+00,8.000000000000000e-01,2.000000000000000e-01,1.738745559827027e-04,-7.512982179781362e-05,1.666666666666667e+00,0.000000000000000e+00,2.981500000000000e+02,3.238715002193481e+02,3.000000000000000e+02,1.084663916906606e+03,3.212233704227436e+02,2,0.000000000000000e+00,0.000000000000000e+00
1.056000000001491e-04,1056,1.546762698434676e-01,1.173568854320706e+04,1.000000000000000e+00,8.000000000000000e-01,2.000000000000000e-01,1.740412226493684e-04,-7.512982179781362e-05,1.666666666666667e+00,0.000000000000000e+00,2.981500000000000e+02,3.238904632294627e+02,3.000000000000000e+02,1.084262027019893e+03,3.212424641127471e+02,2,0.000000000000000e+00,0.000000000000000e+00
1.057000000001493e-04,1057,1.547540354762840e-01,2.695865491230242e+04,1.000000000000000e+00,8.000000000000000e-01,2.000000000000000e-01,1.742078893160340e-04,-7.512982179781362e-05,1.666666666666667e+00,0.000000000000000e+00,2.981500000000000e+02,3.239405500165371e+02,3.000000000000000e+02,1.083823689197260e+03,3.212620538695836e+02,2,0.000000000000000e+00,0.000000000000000e+00
1.058000000001495e-04,1058,1.549217055247304e-01,1.248880675971545e+04,1.000000000000000e+00,8.000000000000000e-01,2.000000000000000e-01,1.743745559826997e-04,-7.512982179781362e-05,1.666666666666667e+00,0.000000000000000e+00,2.981500000000000e+02,3.240067026880600e+02,3.000000000000000e+02,1.083451123260455e+03,3.212828948907651e+02,2,0.000000000000000e+00,0.000000000000000e+00
1.059000000001497e-04,1059,1.550192551725249e-01,3.292929655154812e+04,1.000000000000000e+00,8.000000000000000e-01,2.000000000000000e-01,1.745412226493654e-04,-7.512982179781362e-05,1.666666666666667e+00,0.000000000000000e+00,2.981500000000000e+02,3.240493307823191e+02,3.000000000000000e+02,1.083021417229273e+03,3.213035682453781e+02,2,0.000000000000000e+00,0.000000000000000e+00
1.060000000001499e-04,1060,1.551787877730567e-01,1.618841157620060e+04,1.000000000000000e+00,8.000000000000000e-01,2.000000000000000e-01,1.747078893160311e-04,-7.512982179781362e-05,1.666666666666667e+00,0.000000000000000e+00,2.981500000000000e+02,3.241594100284692e+02,3.000000000000000e+02,1.082597643059413e+03,3.213242383511762e+02,2,0.000000000000000e+00,0.000000000000000e+00
1.061000000001502e-04,1061,1.552324254496363e-01,2.263195842691102e+04,1.000000000000000e+00,8.000000000000000e-01,2.000000000000000e-01,1.748745559826968e-04,-7.512982179781362e-05,1.666666666666667e+00,0.000000000000000e+00,2.981500000000000e+02,3.241718543566745e+02,3.000000000000000e+02,1.082169484497858e+03,3.213453074963507e+02,2,0.000000000000000e+00,0.000000000000000e+00
1.062000000001504e-04,1062,1.553720641847549e-01,1.339766598729658e+04,1.000000000000000e+00,8.000000000000000e-01,2.000000000000000e-01,1.750412226493624e-04,-7.512982179781362e-05,1.666666666666667e+00,0.000000000000000e+00,2.981500000000000e+02,3.243321478331197e+02,3.000000000000000e+02,1.081754042476100e+03,3.213671018340191e+02,2,0.000000000000000e+00,0.000000000000000e+00
1.063000000001506e-04,1063,1.662973142767974e-01,1.471037818753643e+04,1.000000000000000e+00,8.000000000000000e-01,2.000000000000000e-01,1.752078893160281e-04,-7.512982179781362e-05,1.666666666666667e+00,0.000000000000000e+00,2.981500000000000e+02,3.243604327802443e+02,3.000000000000000e+02,1.081329249841596e+03,3.213886739796444e+02,2,0.000000000000000e+00,0.000000000000000e+00
1.064000000001508e-04,1064,1.555484413971584e-01,8.633352163687419e+03,1.000000000000000e+00,8.000000000000000e-01,2.000000000000000e-01,1.753745559826938e-04,-7.512982179781362e-05,1.666666666666667e+00,0.000000000000000e+00,2.981500000000000e+02,3.245842153777675e+02,3.000000000000000e+02,1.080912856486831e+03,3.214106024509018e+02,2,0.000000000000000e+00,0.000000000000000e+00
1.065000000001510e-04,1065,1.665388175671508e-01,1.435984888075134e+04,1.000000000000000e+00,8.000000000000000e-01,2.000000000000000e-01,1.755412226493595e-04,-7.512982179781362e-05,1.666666666666667e+00,0.000000000000000e+00,2.981500000000000e+02,3.248103860322889e+02,3.000000000000000e+02,1.080494028489639e+03,3.214327654446620e+02,2,0.000000000000000e+00,0.000000000000000e+00
1.066000000001513e-04,1066,1.459195065736039e-01,1.656929391140000e+04,1.000000000000000e+00,8.000000000000000e-01,2.000000000000000e-01,1.757078893160251e-04,-7.512982179781362e-05,1.666666666666667e+00,0.000000000000000e+00,2.981500000000000e+02,3.254622937593322e+02,3.000000000000000e+02,1.080086435712261e+03,3.214544916894711e+02,2,0.000000000000000e+00,0.000000000000000e+00
1.067000000001515e-04,1067,1.668724620773754e-01,4.538375817112299e+04,1.000000000000000e+00,8.000000000000000e-01,2.000000000000000e-01,1.758745559826908e-04,-7.512982179781362e-05,1.666666666666667e+00,0.000000000000000e+00,2.981500000000000e+02,3.271456032145442e+02,3.000000000000000e+02,1.079673667221540e+03,3.214772620404962e+02,2,0.000000000000000e+00,0.000000000000000e+00
1.068000000001517e-04,1068,1.672239028312767e-01,3.728173140024092e+04,1.000000000000000e+00,8.000000000000000e-01,2.000000000000000e-01,1.760412226493565e-04,-7.512982179781362e-05,1.666666666666667e+00,0.000000000000000e+00,2.981500000000000e+02,3.308399485695098e+02,3.000000000000000e+02,1.079291580258522e+03,3.215012394705682e+02,2,0.000000000000000e+00,0.000000000000000e+00
1.069000000001519e-04,1069,1.674578948999023e-01,2.974948041204204e+04,1.000000000000000e+00,8.000000000000000e-01,2.000000000000000e-01,1.762078893160222e-04,-7.512982179781362e-05,1.666666666666667e+00,0.000000000000000e+00,2.981500000000000e+02,3.311262790563782e+02,3.000000000000000e+02,1.078908581100229e+03,3.215250055153303e+02,2,0.000000000000000e+00,0.000000000000000e+00
1.070000000001521e-04,1070,1.859427637999995e-01,3.163687724301296e+04,1.000000000000000e+00,8.000000000000000e-01,2.000000000000000e-01,1.763745559826878e-04,-7.512982179781362e-05,1.666666666666667e+00,0.000000000000000e+00,2.981500000000000e+02,3.304352955985016e+02,3.000000000000000e+02,1.078509640958713e+03,3.215474503704540e+02,2,0.000000000000000e+00,0.000000000000000e+00
1.071000000001524e-04,1071,1.678429082616439e-01,1.884407219457633e+04,1.000000000000000e+00,8.000000000000000e-01,2.000000000000000e-01,1.765412226493535e-04,-7.512982179781362e-05,1.666666666666667e+00,0.000000000000000e+00,2.981500000000000e+02,3.296569597561128e+02,3.000000000000000e+02,1.078108687184390e+03,3.215690864273024e+02,2,0.000000000000000e+00,0.000000000000000e+00
1.072000000001526e-04,1072,1.654167624836316e-01,3.270729617392251e+04,1.000000000000000e+00,8.000000000000000e-01,2.000000000000000e-01,1.767078893160192e-04,-7.512982179781362e-05,1.666666666666667e+00,0.000000000000000e+00,2.981500000000000e+02,3.288482432116193e+02,3.000000000000000e+02,1.077701301219924e+03,3.215892000901223e+02,2,0.000000000000000e+00,0.000000000000000e+00
1.073000000001528e-04,1073,1.681317764352791e-01,1.577112874320243e+04,1.000000000000000e+00,8.000000000000000e-01,2.000000000000000e-01,1.768745559826849e-04,-7.512982179781362e-05,1.666666666666667e+00,0.000000000000000e+00,2.981500000000000e+02,3.281275577970990e+02,3.000000000000000e+02,1.077303374280285e+03,3.216088030296834e+02,2,0.000000000000000e+00,0.000000000000000e+00
1.074000000001530e-04,1074,1.656978930501394e-01,3.383623504852874e+04,1.000000000000000e+00,8.000000000000000e-01,2.000000000000000e-01,1.770412226493505e-04,-7.512982179781362e-05,1.666666666666667e+00,0.000000000000000e+00,2.981500000000000e+02,3.274317497715630e+02,3.000000000000000e+02,1.076900546921122e+03,3.216282735291516e+02,2,0.000000000000000e+00,0.000000000000000e+00
1.075000000001532e-04,1075,1.552991865168684e-01,1.601252047429815e+04,1.000000000000000e+00,8.000000000000000e-01,2.000000000000000e-01,1.772078893160162e-04,-7.512982179781362e-05,1.666666666666667e+00,0.000000000000000e+00,2.981500000000000e+02,3.267995404777838e+02,3.000000000000000e+02,1.076501246604939e+03,3.216481263475326e+02,2,0.000000000000000e+00,0.000000000000000e+00
1.076000000001535e-04,1076,1.659523565562704e-01,3.714966338909556e+04,1.000000000000000e+00,8.000000000000000e-01,2.000000000000000e-01,1.773745559826819e-04,-7.512982179781362e-05,1.666666666666667e+00,0.000000000000000e+00,2.981500000000000e+02,3.262416413498666e+02,3.000000000000000e+02,1.076092662871224e+03,3.216682688244775e+02,2,0.000000000000000e+00,0.000000000000000e+00
1.077000000001537e-04,1077,1.628007647527471e-01,1.222511875703183e+04,1.000000000000000e+00,8.000000000000000e-01,2.000000000000000e-01,1.775412226493476e-04,-7.512982179781362e-05,1.666666666666667e+00,0.000000000000000e+00,2.981500000000000e+02,3.258040527873125e+02,3.000000000000000e+02,1.075692762059867e+03,3.216889013453217e+02,2,0.000000000000000e+00,0.000000000000000e+00
1.078000000001539e-04,1078,1.662124274750714e-01,1.842069486380247e+04,1.000000000000000e+00,8.000000000000000e-01,2.000000000000000e-01,1.777078893160133e-04,-7.512982179781362e-05,1.666666666666667e+00,0.000000000000000e+00,2.981500000000000e+02,3.254120489231901e+02,3.000000000000000e+02,1.075283025748321e+03,3.217090855716379e+02,2,0.000000000000000e+00,0.000000000000000e+00
1.079000000001541e-04,1079,1.629705207018482e-01,5.566933597809964e+03,1.000000000000000e+00,8.000000000000000e-01,2.000000000000000e-01,1.778745559826789e-04,-7.512982179781362e-05,1.666666666666667e+00,0.000000000000000e+00,2.981500000000000e+02,3.250752850878184e+02,3.000000000000000e+02,1.074883647070209e+03,3.217289712618341e+02,2,0.000000000000000e+00,0.000000000000000e+00
1.080000000001543e-04,1080,1.664631879540407e-01,1.077025466215678e+04,1.000000000000000e+00,8.000000000000000e-01,2.000000000000000e-01,1.780412226493446e-04,-7.512982179781362e-05,1.666666666666667e+00,0.000000000000000e+00,2.981500000000000e+02,3.247882529318675e+02,3.000000000000000e+02,1.074473830329937e+03,3.217488930967057e+02,2,0.000000000000000e+00,0.000000000000000e+00
1.081000000001546e-04,1081,1.631396305917788e-01,7.089079122321735e+03,1.000000000000000e+00,8.000000000000000e-01,2.000000000000000e-01,1.782078893160103e-04,-7.512982179781362e-05,1.666666666666667e+00,0.000000000000000e+00,2.981500000000000e+02,3.245749265493145e+02,3.000000000000000e+02,1.074080213632398e+03,3.217683854468099e+02,2,0.000000000000000e+00,0.000000000000000e+00
1.082000000001548e-04,1082,1.555077126490151e-01,1.367846959135331e+04,1.000000000000000e+00,8.000000000000000e-01,2.000000000000000e-01,1.783745559826760e-04,-7.512982179781362e-05,1.666666666666667e+00,0.000000000000000e+00,2.981500000000000e+02,3.243764480278570e+02,3.000000000000000e+02,1.073678304864273e+03,3.217879791446373e+02,2,0.000000000000000e+00,0.000000000000000e+00
1.083000000001550e-04,1083,1.633055186614216e-01,9.098240410114748e+03,1.000000000000000e+00,8.000000000000000e-01,2.000000000000000e-01,1.785412226493416e-04,-7.512982179781362e-05,1.666666666666667e+00,0.000000000000000e+00,2.981500000000000e+02,3.242121492692006e+02,3.000000000000000e+02,1.073272411696882e+03,3.218070301390818e+02,2,0.000000000000000e+00,0.000000000000000e+00
1.084000000001552e-04,1084,1.558560557994685e-01,2.339324379165735e+04,1.000000000000000e+00,8.000000000000000e-01,2.000000000000000e-01,1.787078893160073e-04,-7.512982179781362e-05,1.666666666666667e+00,0.000000000000000e+00,2.981500000000000e+02,3.240800870563631e+02,3.000000000000000e+02,1.072856988233279e+03,3.218288540593281e+02,2,0.000000000000000e+00,0.000000000000000e+00
1.085000000001554e-04,1085,1.634118950655982e-01,1.579940835000665e+04,1.000000000000000e+00,8.000000000000000e-01,2.000000000000000e-01,1.788745559826730e-04,-7.512982179781362e-05,1.666666666666667e+00,0.000000000000000e+00,2.981500000000000e+02,3.239442065292857e+02,3.000000000000000e+02,1.072436857093070e+03,3.218502906142369e+02,2,0.000000000000000e+00,0.000000000000000e+00
1.086000000001556e-04,1086,1.560911033057443e-01,1.310862759350689e+04,1.000000000000000e+00,8.000000000000000e-01,2.000000000000000e-01,1.790412226493387e-04,-7.512982179781362e-05,1.666666666666667e+00,0.000000000000000e+00,2.981500000000000e+02,3.238469574389922e+02,3.000000000000000e+02,1.072029563697583e+03,3.218706939305337e+02,2,0.000000000000000e+00,0.000000000000000e+00
1.087000000001559e-04,1087,1.636010372198180e-01,1.115881338491334e+04,1.000000000000000e+00,8.000000000000000e-01,2.000000000000000e-01,1.792078893160043e-04,-7.512982179781362e-05,1.666666666666667e+00,0.000000000000000e+00,2.981500000000000e+02,3.237601889013906e+02,3.000000000000000e+02,1.071625133314063e+03,3.218899650761765e+02,2,0.000000000000000e+00,0.000000000000000e+00
1.088000000001561e-04,1088,1.562553377065620e-01,6.664811035921995e+03,1.000000000000000e+00,8.000000000000000e-01,2.000000000000000e-01,1.793745559826700e-04,-7.512982179781362e-05,1.666666666666667e+00,0.000000000000000e+00,2.981500000000000e+02,3.237220168765808e+02,3.000000000000000e+02,1.071231827480163e+03,3.219089617345775e+02,2,0.000000000000000e+00,0.000000000000000e+00
1.089000000001563e-04,1089,1.637455856765832e-01,8.511715336108065e+03,1.000000000000000e+00,8.000000000000000e-01,2.000000000000000e-01,1.795412226493357e-04,-7.512982179781362e-05,1.666666666666667e+00,0.000000000000000e+00,2.981500000000000e+02,3.237995623501120e+02,3.000000000000000e+02,1.070866093938676e+03,3.219279363591722e+02,2,0.000000000000000e+00,0.000000000000000e+00
1.090000000001565e-04,1090,1.564276187781815e-01,1.002687632942515e+04,1.000000000000000e+00,8.000000000000000e-01,2.000000000000000e-01,1.797078893160014e-04,-7.512982179781362e-05,1.666666666666667e+00,0.000000000000000e+00,2.981500000000000e+02,3.239234538386984e+02,3.000000000000000e+02,1.070496174325352e+03,3.219477691469765e+02,2,0.000000000000000e+00,0.000000000000000e+00
1.091000000001567e-04,1091,1.639027495600899e-01,9.578601791049152e+03,1.000000000000000e+00,8.000000000000000e-01,2.000000000000000e-01,1.798745559826671e-04,-7.512982179781362e-05,1.666666666666667e+00,0.000000000000000e+00,2.981500000000000e+02,3.240268508711960e+02,3.000000000000000e+02,1.070144294141544e+03,3.219685771180334e+02,2,0.000000000000000e+00,0.000000000000000e+00
1.092000000001570e-04,1092,1.565962744305064e-01,1.177042017512544e+04,1.000000000000000e+00,8.000000000000000e-01,2.000000000000000e-01,1.800412226493327e-04,-7.512982179781362e-05,1.666666666666667e+00,0.000000000000000e+00,2.981500000000000e+02,3.241694789386376e+02,3.000000000000000e+02,1.069810242399559e+03,3.219895866669240e+02,2,0.000000000000000e+00,0.000000000000000e+00
1.093000000001572e-04,1093,1.640677099978373e-01,6.212211548904102e+03,1.000000000000000e+00,8.000000000000000e-01,2.000000000000000e-01,1.802078893159984e-04,-7.512982179781362e-05,1.666666666666667e+00,0.000000000000000e+00,2.981500000000000e+02,3.242799426823867e+02,3.000000000000000e+02,1.069434711880691e+03,3.220104509776970e+02,2,0.000000000000000e+00,0.000000000000000e+00
1.094000000001574e-04,1094,1.567460119267710e-01,1.207732201583000e+04,1.000000000000000e+00,8.000000000000000e-01,2.000000000000000e-01,1.803745559826641e-04,-7.512982179781362e-05,1.666666666666667e+00,0.000000000000000e+00,2.981500000000000e+02,3.244334107697968e+02,3.000000000000000e+02,1.069107473150226e+03,3.220306908314318e+02,2,0.000000000000000e+00,0.000000000000000e+00
1.095000000001576e-04,1095,1.642245005994205e-01,8.718142488054937e+03,1.000000000000000e+00,8.000000000000000e-01,2.000000000000000e-01,1.805412226493298e-04,-7.512982179781362e-05,1.666666666666667e+00,0.000000000000000e+00,2.981500000000000e+02,3.245626668959366e+02,3.000000000000000e+02,1.068748980132801e+03,3.220517493115206e+02,2,0.000000000000000e+00,0.000000000000000e+00
1.096000000001578e-04,1096,1.568725610467005e-01,1.371998953316416e+04,1.000000000000000e+00,8.000000000000000e-01,2.000000000000000e-01,1.807078893159954e-04,-7.512982179781362e-05,1.666666666666667e+00,0.000000000000000e+00,2.981500000000000e+02,3.247362122070495e+02,3.000000000000000e+02,1.068417140783110e+03,3.220719287850420e+02,2,0.000000000000000e+00,0.000000000000000e+00
1.097000000001581e-04,1097,1.643885013404965e-01,1.002028271957472e+04,1.000000000000000e+00,8.000000000000000e-01,2.000000000000000e-01,1.808745559826611e-04,-7.512982179781362e-05,1.666666666666667e+00,0.000000000000000e+00,2.981500000000000e+02,3.248866810419341e+02,3.000000000000000e+02,1.068075709706272e+03,3.220934968386018e+02,2,0.000000000000000e+00,0.000000000000000e+00
1.098000000001583e-04,1098,1.646470016171414e-01,1.547116629185644e+04,1.000000000000000e+00,8.000000000000000e-01,2.000000000000000e-01,1.810412226493268e-04,-7.512982179781362e-05,1.666666666666667e+00,0.000000000000000e+00,2.981500000000000e+02,3.250876303738257e+02,3.000000000000000e+02,1.068710589346106e+03,3.221164092355156e+02,2,0.000000000000000e+00,0.000000000000000e+00
1.099000000001585e-04,1099,1.646484895053800e-01,8.011385051370021e+03,1.000000000000000e+00,8.000000000000000e-01,2.000000000000000e-01,1.812078893159925e-04,-7.512982179781362e-05,1.666666666666667e+00,0.000000000000000e+00,2.981500000000000e+02,3.253073180399722e+02,3.000000000000000e+02,1.069119232664310e+03,3.221400508975473e+02,2,0.000000000000000e+00,0.000000000000000e+00
1.100000000001587e-04,1100,1.648593640949055e-01,5.212536842400092e+03,1.000000000000000e+00,8.000000000000000e-01,2.000000000000000e-01,1.813745559826581e-04,-7.512982179781362e-05,1.666666666666667e+00,0.000000000000000e+00,2.981500000000000e+02,3.255052282088434e+02,3.000000000000000e+02,1.068993589696746e+03,3.221616910996527e+02,2,0.000000000000000e+00,0.000000000000000e+00
1.101000000001589e-04,1101,1.648797444810242e-01,7.022244836694421e+03,1.000000000000000e+00,8.000000000000000e-01,2.000000000000000e-01,1.815412226493238e-04,-7.512982179781362e-05,1.666666666666667e+00,0.000000000000000e+00,2.981500000000000e+02,3.257324131084201e+02,3.000000000000000e+02,1.069022744534897e+03,3.221832020296204e+02,2,0.000000000000000e+00,0.000000000000000e+00
1.102000000001592e-04,1102,1.650626527985186e-01,6.312544794770589e+03,1.000000000000000e+00,8.000000000000000e-01,2.000000000000000e-01,1.817078893159895e-04,-7.512982179781362e-05,1.666666666666667e+00,0.000000000000000e+00,2.981500000000000e+02,3.259341698341489e+02,3.000000000000000e+02,1.068734625276038e+03,3.222035819940032e+02,2,0.000000000000000e+00,0.000000000000000e+00
1.103000000001594e-04,1103,1.650674781091537e-01,7.923906319947077e+03,1.000000000000000e+00,8.000000000000000e-01,2.000000000000000e-01,1.818745559826552e-04,-7.512982179781362e-05,1.666666666666667e+00,0.000000000000000e+00,2.981500000000000e+02,3.261712798748286e+02,3.000000000000000e+02,1.068603774982204e+03,3.222235336274482e+02,2,0.000000000000000e+00,0.000000000000000e+00
1.104000000001596e-04,1104,1.652555443685030e-01,8.752487232064990e+03,1.000000000000000e+00,8.000000000000000e-01,2.000000000000000e-01,1.820412226493209e-04,-7.512982179781362e-05,1.666666666666667e+00,0.000000000000000e+00,2.981500000000000e+02,3.264074687239118e+02,3.000000000000000e+02,1.068265561259645e+03,3.222456238390335e+02,2,0.000000000000000e+00,0.000000000000000e+00
1.105000000001598e-04,1105,1.652793031325601e-01,7.789430299376282e+03,1.000000000000000e+00,8.000000000000000e-01,2.000000000000000e-01,1.822078893159865e-04,-7.512982179781362e-05,1.666666666666667e+00,0.000000000000000e+00,2.981500000000000e+02,3.266584750645873e+02,3.000000000000000e+02,1.067983719835491e+03,3.222673124051064e+02,2,0.000000000000000e+00,0.000000000000000e+00
1.106000000001600e-04,1106,1.654439431892337e-01,8.183267700917786e+03,1.000000000000000e+00,8.000000000000000e-01,2.000000000000000e-01,1.823745559826522e-04,-7.512982179781362e-05,1.666666666666667e+00,0.000000000000000e+00,2.981500000000000e+02,3.269317298248960e+02,3.000000000000000e+02,1.067659094792033e+03,3.222896680694832e+02,2,0.000000000000000e+00,0.000000000000000e+00
1.107000000001603e-04,1107,1.655122214273218e-01,4.652665628078589e+03,1.000000000000000e+00,8.000000000000000e-01,2.000000000000000e-01,1.825412226493179e-04,-7.512982179781362e-05,1.666666666666667e+00,0.000000000000000e+00,2.981500000000000e+02,3.272262218197471e+02,3.000000000000000e+02,1.067332192467815e+03,3.223117493070304e+02,2,0.000000000000000e+00,0.000000000000000e+00
1.108000000001605e-04,1108,1.656374990201984e-01,7.855503278185977e+03,1.000000000000000e+00,8.000000000000000e-01,2.000000000000000e-01,1.827078893159836e-04,-7.512982179781362e-05,1.666666666666667e+00,0.000000000000000e+00,2.981500000000000e+02,3.275402706762177e+02,3.000000000000000e+02,1.066981091909212e+03,3.223344391650371e+02,2,0.000000000000000e+00,0.000000000000000e+00
1.109000000001607e-04,1109,1.657162887038185e-01,5.892543357883447e+03,1.000000000000000e+00,8.000000000000000e-01,2.000000000000000e-01,1.828745559826492e-04,-7.512982179781362e-05,1.666666666666667e+00,0.000000000000000e+00,2.981500000000000e+02,3.278223507483589e+02,3.000000000000000e+02,1.066632797051548e+03,3.223569407103420e+02,2,0.000000000000000e+00,0.000000000000000e+00
1.110000000001609e-04,1110,1.658241052560859e-01,9.667629155185954e+03,1.000000000000000e+00,8.000000000000000e-01,2.000000000000000e-01,1.830412226493149e-04,-7.512982179781362e-05,1.666666666666667e+00,0.000000000000000e+00,2.981500000000000e+02,3.281069772261547e+02,3.000000000000000e+02,1.066270588088919e+03,3.223800194503568e+02,2,0.000000000000000e+00,0.000000000000000e+00
1.111000000001611e-04,1111,1.659469908392824e-01,8.802995958640671e+03,1.000000000000000e+00,8.000000000000000e-01,2.000000000000000e-01,1.832078893159806e-04,-7.512982179781362e-05,1.666666666666667e+00,0.000000000000000e+00,2.981500000000000e+02,3.283645197631399e+02,3.000000000000000e+02,1.065915801229262e+03,3.224029919914553e+02,2,0.000000000000000e+00,0.000000000000000e+00
1.112000000001613e-04,1112,1.660155898918123e-01,8.947508811736618e+03,1.000000000000000e+00,8.000000000000000e-01,2.000000000000000e-01,1.833745559826463e-04,-7.512982179781362e-05,1.666666666666667e+00,0.000000000000000e+00,2.981500000000000e+02,3.286426968508271e+02,3.000000000000000e+02,1.065563899431617e+03,3.224266184003236e+02,2,0.000000000000000e+00,0.000000000000000e+00
1.113000000001616e-04,1113,1.661908375673781e-01,1.035553800635332e+04,1.000000000000000e+00,8.000000000000000e-01,2.000000000000000e-01,1.835412226493119e-04,-7.512982179781362e-05,1.666666666666667e+00,0.000000000000000e+00,2.981500000000000e+02,3.288882560215750e+02,3.000000000000000e+02,1.065191446362725e+03,3.224499441166674e+02,2,0.000000000000000e+00,0.000000000000000e+00
1.114000000001618e-04,1114,1.662550246755679e-01,8.158203648086578e+03,1.000000000000000e+00,8.000000000000000e-01,2.000000000000000e-01,1.837078893159776e-04,-7.512982179781362e-05,1.666666666666667e+00,0.000000000000000e+00,2.981500000000000e+02,3.291378420356665e+02,3.000000000000000e+02,1.064824987783000e+03,3.224735873107549e+02,2,0.000000000000000e+00,0.000000000000000e+00
1.115000000001620e-04,1115,1.664275501697841e-01,1.322452906831781e+04,1.000000000000000e+00,8.000000000000000e-01,2.000000000000000e-01,1.838745559826433e-04,-7.512982179781362e-05,1.666666666666667e+00,0.000000000000000e+00,2.981500000000000e+02,3.293812103674549e+02,3.000000000000000e+02,1.064451686058943e+03,3.224969262790579e+02,2,0.000000000000000e+00,0.000000000000000e+00
1.116000000001622e-04,1116,1.664924515720920e-01,8.217314962108394e+03,1.000000000000000e+00,8.000000000000000e-01,2.000000000000000e-01,1.840412226493090e-04,-7.512982179781362e-05,1.666666666666667e+00,0.000000000000000e+00,2.981500000000000e+02,3.295932915636797e+02,3.000000000000000e+02,1.064088379279224e+03,3.225195386627674e+02,2,0.000000000000000e+00,0.000000000000000e+00
1.117000000001624e-04,1117,1.666642779959560e-01,1.985773628214150e+04,1.000000000000000e+00,8.000000000000000e-01,2.000000000000000e-01,1.842078893159747e-04,-7.512982179781362e-05,1.666666666666667e+00,0.000000000000000e+00,2.981500000000000e+02,3.297837385851025e+02,3.000000000000000e+02,1.063703293316637e+03,3.225425187977470e+02,2,0.000000000000000e+00,0.000000000000000e+00
1.118000000001627e-04,1118,1.667082647857708e-01,7.094203975272953e+03,1.000000000000000e+00,8.000000000000000e-01,2.000000000000000e-01,1.843745559826403e-04,-7.512982179781362e-05,1.666666666666667e+00,0.000000000000000e+00,2.981500000000000e+02,3.299516252527123e+02,3.000000000000000e+02,1.063341769296301e+03,3.225664616115295e+02,2,0.000000000000000e+00,0.000000000000000e+00
1.119000000001629e-04,1119,1.668998762210232e-01,2.324875034746826e+04,1.000000000000000e+00,8.000000000000000e-01,2.000000000000000e-01,1.845412226493060e-04,-7.512982179781362e-05,1.666666666666667e+00,0.000000000000000e+00,2.981500000000000e+02,3.301399574365907e+02,3.000000000000000e+02,1.062950551950879e+03,3.225908721424451e+02,2,0.000000000000000e+00,0.000000000000000e+00
1.120000000001631e-04,1120,1.605693600600747e-01,8.459841287568845e+03,1.000000000000000e+00,8.000000000000000e-01,2.000000000000000e-01,1.847078893159717e-04,-7.512982179781362e-05,1.666666666666667e+00,0.000000000000000e+00,2.981500000000000e+02,3.303581656280357e+02,3.000000000000000e+02,1.062586588735409e+03,3.226143657915408e+02,2,0.000000000000000e+00,0.000000000000000e+00
1.121000000001633e-04,1121,1.671364866985088e-01,2.524245899779752e+04,1.000000000000000e+00,8.000000000000000e-01,2.000000000000000e-01,1.848745559826374e-04,-7.512982179781362e-05,1.666666666666667e+00,0.000000000000000e+00,2.981500000000000e+02,3.305266401868860e+02,3.000000000000000e+02,1.062205784856214e+03,3.226384911994396e+02,2,0.000000000000000e+00,0.000000000000000e+00
1.122000000001635e-04,1122,1.795817428194195e-01,1.807953448429341e+04,1.000000000000000e+00,8.000000000000000e-01,2.000000000000000e-01,1.850412226493030e-04,-7.512982179781362e-05,1.666666666666667e+00,0.000000000000000e+00,2.981500000000000e+02,3.307184231924924e+02,3.000000000000000e+02,1.061843923904359e+03,3.226626190195548e+02,2,0.000000000000000e+00,0.000000000000000e+00
1.123000000001638e-04,1123,1.673829039557062e-01,3.143357261807065e+04,1.000000000000000e+00,8.000000000000000e-01,2.000000000000000e-01,1.852078893159687e-04,-7.512982179781362e-05,1.666666666666667e+00,0.000000000000000e+00,2.981500000000000e+02,3.309192537671873e+02,3.000000000000000e+02,1.061477583957254e+03,3.226867995988949e+02,2,0.000000000000000e+00,0.000000000000000e+00
1.124000000001640e-04,1124,1.799205106254473e-01,1.694282132815631e+04,1.000000000000000e+00,8.000000000000000e-01,2.000000000000000e-01,1.853745559826344e-04,-7.512982179781362e-05,1.666666666666667e+00,0.000000000000000e+00,2.981500000000000e+02,3.310733630093988e+02,3.000000000000000e+02,1.061108370188035e+03,3.227115699034769e+02,2,0.000000000000000e+00,0.000000000000000e+00
1.125000000001642e-04,1125,1.648181703002368e-01,3.509868079989283e+04,1.000000000000000e+00,8.000000000000000e-01,2.000000000000000e-01,1.855412226493001e-04,-7.512982179781362e-05,1.666666666666667e+00,0.000000000000000e+00,2.981500000000000e+02,3.313315140943004e+02,3.000000000000000e+02,1.060786601945904e+03,3.227363229723790e+02,2,0.000000000000000e+00,0.000000000000000e+00
1.126000000001644e-04,1126,1.630384468401800e-01,1.833498335012166e+04,1.000000000000000e+00,8.000000000000000e-01,2.000000000000000e-01,1.857078893159657e-04,-7.512982179781362e-05,1.666666666666667e+00,0.000000000000000e+00,2.981500000000000e+02,3.314190556143770e+02,3.000000000000000e+02,1.060435461284208e+03,3.227617946443257e+02,2,0.000000000000000e+00,0.000000000000000e+00
1.127000000001646e-04,1127,1.650901471812699e-01,4.443106372844819e+04,1.000000000000000e+00,8.000000000000000e-01,2.000000000000000e-01,1.858745559826314e-04,-7.512982179781362e-05,1.666666666666667e+00,0.000000000000000e+00,2.981500000000000e+02,3.316724734979869e+02,3.000000000000000e+02,1.060125773548781e+03,3.227880991686517e+02,2,0.000000000000000e+00,0.000000000000000e+00
1.128000000001649e-04,1128,1.633057417553582e-01,2.409096474452538e+04,1.000000000000000e+00,8.000000000000000e-01,2.000000000000000e-01,1.860412226492971e-04,-7.512982179781362e-05,1.666666666666667e+00,0.000000000000000e+00,2.981500000000000e+02,3.316994857363193e+02,3.000000000000000e+02,1.059760266803245e+03,3.228151635051464e+02,2,0.000000000000000e+00,0.000000000000000e+00
1.129000000001651e-04,1129,1.840418009559241e-01,5.389494226326697e+04,1.000000000000000e+00,8.000000000000000e-01,2.000000000000000e-01,1.862078893159628e-04,-7.512982179781362e-05,1.666666666666667e+00,0.000000000000000e+00,2.981500000000000e+02,3.319510032974719e+02,3.000000000000000e+02,1.059471337827133e+03,3.228409573695659e+02,2,0.000000000000000e+00,0.000000000000000e+00
1.130000000001653e-04,1130,1.448895103133218e-01,2.292753082764041e+04,1.000000000000000e+00,8.000000000000000e-01,2.000000000000000e-01,1.863745559826285e-04,-7.512982179781362e-05,1.666666666666667e+00,0.000000000000000e+00,2.981500000000000e+02,3.319527357176646e+02,3.000000000000000e+02,1.059106840233983e+03,3.228664987531668e+02,2,0.000000000000000e+00,0.000000000000000e+00
1.131000000001655e-04,1131,1.842977046056740e-01,6.141995310378743e+04,1.000000000000000e+00,8.000000000000000e-01,2.000000000000000e-01,1.865412226492941e-04,-7.512982179781362e-05,1.666666666666667e+00,0.000000000000000e+00,2.981500000000000e+02,3.321379358801094e+02,3.000000000000000e+02,1.058810720009791e+03,3.228915243897815e+02,2,0.000000000000000e+00,0.000000000000000e+00
1.132000000001657e-04,1132,1.657535971799723e-01,1.670415871759893e+04,1.000000000000000e+00,8.000000000000000e-01,2.000000000000000e-01,1.867078893159598e-04,-7.512982179781362e-05,1.666666666666667e+00,0.000000000000000e+00,2.981500000000000e+02,3.321238618965987e+02,3.000000000000000e+02,1.058498509921908e+03,3.229166392094069e+02,2,0.000000000000000e+00,0.000000000000000e+00
1.133000000001660e-04,1133,1.845715063313306e-01,7.808709161241171e+04,1.000000000000000e+00,8.000000000000000e-01,2.000000000000000e-01,1.868745559826255e-04,-7.512982179781362e-05,1.666666666666667e+00,0.000000000000000e+00,2.981500000000000e+02,3.322839660972721e+02,3.000000000000000e+02,1.058416316980265e+03,3.229428263569229e+02,2,0.000000000000000e+00,0.000000000000000e+00
1.134000000001662e-04,1134,1.846589888210865e-01,3.063090844295965e+04,1.000000000000000e+00,8.000000000000000e-01,2.000000000000000e-01,1.870412226492912e-04,-7.512982179781362e-05,1.666666666666667e+00,0.000000000000000e+00,2.981500000000000e+02,3.323872681585989e+02,3.000000000000000e+02,1.058368060805598e+03,3.229691044302380e+02,2,0.000000000000000e+00,0.000000000000000e+00
1.135000000001664e-04,1135,1.848170253331125e-01,6.328763357198591e+04,1.000000000000000e+00,8.000000000000000e-01,2.000000000000000e-01,1.872078893159568e-04,-7.512982179781362e-05,1.666666666666667e+00,0.000000000000000e+00,2.981500000000000e+02,3.325008536000612e+02,3.000000000000000e+02,1.058270465642580e+03,3.229944537204090e+02,2,0.000000000000000e+00,0.000000000000000e+00
1.136000000001666e-04,1136,1.849211888502449e-01,2.832985701977045e+04,1.000000000000000e+00,8.000000000000000e-01,2.000000000000000e-01,1.873745559826225e-04,-7.512982179781362e-05,1.666666666666667e+00,0.000000000000000e+00,2.981500000000000e+02,3.326002783590109e+02,3.000000000000000e+02,1.058190094230252e+03,3.230176332166967e+02,2,0.000000000000000e+00,0.000000000000000e+00
1.137000000001668e-04,1137,1.850634869086410e-01,5.754316242294797e+04,1.000000000000000e+00,8.000000000000000e-01,2.000000000000000e-01,1.875412226492882e-04,-7.512982179781362e-05,1.666666666666667e+00,0.000000000000000e+00,2.981500000000000e+02,3.327449598397032e+02,3.000000000000000e+02,1.058011682757041e+03,3.230402442328150e+02,2,0.000000000000000e+00,0.000000000000000e+00
1.138000000001670e-04,1138,1.851463618087441e-01,2.386307483364562e+04,1.000000000000000e+00,8.000000000000000e-01,2.000000000000000e-01,1.877078893159539e-04,-7.512982179781362e-05,1.666666666666667e+00,0.000000000000000e+00,2.981500000000000e+02,3.329041109048301e+02,3.000000000000000e+02,1.057837890491111e+03,3.230625009488468e+02,2,0.000000000000000e+00,0.000000000000000e+00
1.139000000001673e-04,1139,1.853040061828788e-01,4.834276838849724e+04,1.000000000000000e+00,8.000000000000000e-01,2.000000000000000e-01,1.878745559826195e-04,-7.512982179781362e-05,1.666666666666667e+00,0.000000000000000e+00,2.981500000000000e+02,3.331130947983784e+02,3.000000000000000e+02,1.057661167905320e+03,3.230848470053137e+02,2,0.000000000000000e+00,0.000000000000000e+00
1.140000000001675e-04,1140,1.853819924167266e-01,2.020319001940076e+04,1.000000000000000e+00,8.000000000000000e-01,2.000000000000000e-01,1.880412226492852e-04,-7.512982179781362e-05,1.666666666666667e+00,0.000000000000000e+00,2.981500000000000e+02,3.333077760425752e+02,3.000000000000000e+02,1.057441003014411e+03,3.231068495703238e+02,2,0.000000000000000e+00,0.000000000000000e+00
1.141000000001677e-04,1141,1.648685695253186e-01,4.087040740945734e+04,1.000000000000000e+00,8.000000000000000e-01,2.000000000000000e-01,1.882078893159509e-04,-7.512982179781362e-05,1.666666666666667e+00,0.000000000000000e+00,2.981500000000000e+02,3.335550998251049e+02,3.000000000000000e+02,1.057182586218050e+03,3.231291278774687e+02,2,0.000000000000000e+00,0.000000000000000e+00
1.142000000001679e-04,1142,1.649511255454369e-01,2.129600574386704e+04,1.000000000000000e+00,8.000000000000000e-01,2.000000000000000e-01,1.883745559826166e-04,-7.512982179781362e-05,1.666666666666667e+00,0.000000000000000e+00,2.981500000000000e+02,3.337293169232604e+02,3.000000000000000e+02,1.057018733499756e+03,3.231512898939583e+02,2,0.000000000000000e+00,0.000000000000000e+00
1.143000000001681e-04,1143,1.650677293267293e-01,4.893410211711122e+04,1.000000000000000e+00,8.000000000000000e-01,2.000000000000000e-01,1.885412226492823e-04,-7.512982179781362e-05,1.666666666666667e+00,0.000000000000000e+00,2.981500000000000e+02,3.340474369846528e+02,3.000000000000000e+02,1.056683594681830e+03,3.231725497926965e+02,2,0.000000000000000e+00,0.000000000000000e+00
1.144000000001684e-04,1144,1.651947097787707e-01,2.417775441690108e+04,1.000000000000000e+00,8.000000000000000e-01,2.000000000000000e-01,1.887078893159479e-04,-7.512982179781362e-05,1.666666666666667e+00,0.000000000000000e+00,2.981500000000000e+02,3.342333539503590e+02,3.000000000000000e+02,1.056504032825634e+03,3.231944905313114e+02,2,0.000000000000000e+00,0.000000000000000e+00
1.145000000001686e-04,1145,1.859859060027971e-01,4.404116886553991e+04,1.000000000000000e+00,8.000000000000000e-01,2.000000000000000e-01,1.888745559826136e-04,-7.512982179781362e-05,1.666666666666667e+00,0.000000000000000e+00,2.981500000000000e+02,3.345241528957686e+02,3.000000000000000e+02,1.056216780379005e+03,3.232172241063244e+02,2,0.000000000000000e+00,0.000000000000000e+00
1.146000000001688e-04,1146,1.861059956417805e-01,1.460542544642552e+04,1.000000000000000e+00,8.000000000000000e-01,2.000000000000000e-01,1.890412226492793e-04,-7.512982179781362e-05,1.666666666666667e+00,0.000000000000000e+00,2.981500000000000e+02,3.347375088462973e+02,3.000000000000000e+02,1.055892073594753e+03,3.232382580052443e+02,2,0.000000000000000e+00,0.000000000000000e+00
1.147000000001690e-04,1147,1.862563963115803e-01,3.189513460641566e+04,1.000000000000000e+00,8.000000000000000e-01,2.000000000000000e-01,1.892078893159450e-04,-7.512982179781362e-05,1.666666666666667e+00,0.000000000000000e+00,2.981500000000000e+02,3.349587925245301e+02,3.000000000000000e+02,1.055822014538588e+03,3.232604896005492e+02,2,0.000000000000000e+00,0.000000000000000e+00
1.148000000001692e-04,1148,1.730719601130148e-01,1.096701472769208e+04,1.000000000000000e+00,8.000000000000000e-01,2.000000000000000e-01,1.893745559826106e-04,-7.512982179781362e-05,1.666666666666667e+00,0.000000000000000e+00,2.981500000000000e+02,3.352802041928075e+02,3.000000000000000e+02,1.055452482304426e+03,3.232820388517941e+02,2,0.000000000000000e+00,0.000000000000000e+00
1.149000000001695e-04,1149,1.865353316203290e-01,3.793713605852216e+04,1.000000000000000e+00,8.000000000000000e-01,2.000000000000000e-01,1.895412226492763e-04,-7.512982179781362e-05,1.666666666666667e+00,0.000000000000000e+00,2.981500000000000e+02,3.355519801552060e+02,3.000000000000000e+02,1.055270626824236e+03,3.233034391015084e+02,2,0.000000000000000e+00,0.000000000000000e+00
1.150000000001697e-04,1150,1.526805952053059e-01,1.210849765917447e+04,1.000000000000000e+00,8.000000000000000e-01,2.000000000000000e-01,1.897078893159420e-04,-7.512982179781362e-05,1.666666666666667e+00,0.000000000000000e+00,2.981500000000000e+02,3.360990250935263e+02,3.000000000000000e+02,1.055299524095578e+03,3.233269256698302e+02,2,0.000000000000000e+00,0.000000000000000e+00
1.151000000001699e-04,1151,1.662788349738744e-01,2.203055617063370e+04,1.000000000000000e+00,8.000000000000000e-01,2.000000000000000e-01,1.898745559826077e-04,-7.512982179781362e-05,1.666666666666667e+00,0.000000000000000e+00,2.981500000000000e+02,3.366072397813699e+02,3.000000000000000e+02,1.055221391917498e+03,3.233504137101785e+02,2,0.000000000000000e+00,0.000000000000000e+00
1.152000000001701e-04,1152,1.529733446060173e-01,8.003600414253982e+03,1.000000000000000e+00,8.000000000000000e-01,2.000000000000000e-01,1.900412226492733e-04,-7.512982179781362e-05,1.666666666666667e+00,0.000000000000000e+00,2.981500000000000e+02,3.368662396883050e+02,3.000000000000000e+02,1.055068022094389e+03,3.233738573180706e+02,2,0.000000000000000e+00,0.000000000000000e+00
1.153000000001703e-04,1153,1.666665851909120e-01,1.978206485175728e+04,1.000000000000000e+00,8.000000000000000e-01,2.000000000000000e-01,1.902078893159390e-04,-7.512982179781362e-05,1.666666666666667e+00,0.000000000000000e+00,2.981500000000000e+02,3.372773138226943e+02,3.000000000000000e+02,1.054805246019282e+03,3.233967747110405e+02,2,0.000000000000000e+00,0.000000000000000e+00
1.154000000001706e-04,1154,1.532838643441684e-01,7.729518014748730e+03,1.000000000000000e+00,8.000000000000000e-01,2.000000000000000e-01,1.903745559826047e-04,-7.512982179781362e-05,1.666666666666667e+00,0.000000000000000e+00,2.981500000000000e+02,3.374601307032931e+02,3.000000000000000e+02,1.054580650452664e+03,3.234196538144635e+02,2,0.000000000000000e+00,0.000000000000000e+00
1.155000000001708e-04,1155,1.876134942325804e-01,1.848948529839421e+04,1.000000000000000e+00,8.000000000000000e-01,2.000000000000000e-01,1.905412226492704e-04,-7.512982179781362e-05,1.666666666666667e+00,0.000000000000000e+00,2.981500000000000e+02,3.377343647337219e+02,3.000000000000000e+02,1.054230664943699e+03,3.234425059732116e+02,2,0.000000000000000e+00,0.000000000000000e+00
1.156000000001710e-04,1156,1.741307661404937e-01,7.325510347270476e+03,1.000000000000000e+00,8.000000000000000e-01,2.000000000000000e-01,1.907078893159361e-04,-7.512982179781362e-05,1.666666666666667e+00,0.000000000000000e+00,2.981500000000000e+02,3.379728989627678e+02,3.000000000000000e+02,1.053900511994375e+03,3.234646168368874e+02,2,0.000000000000000e+00,0.000000000000000e+00
1.157000000001712e-04,1157,1.878859456010869e-01,1.474315818324478e+04,1.000000000000000e+00,8.000000000000000e-01,2.000000000000000e-01,1.908745559826017e-04,-7.512982179781362e-05,1.666666666666667e+00,0.000000000000000e+00,2.981500000000000e+02,3.381488203504847e+02,3.000000000000000e+02,1.053566654859689e+03,3.234870976966083e+02,2,0.000000000000000e+00,0.000000000000000e+00
1.158000000001714e-04,1158,1.743361300652983e-01,7.683831544681933e+03,1.000000000000000e+00,8.000000000000000e-01,2.000000000000000e-01,1.910412226492674e-04,-7.512982179781362e-05,1.666666666666667e+00,0.000000000000000e+00,2.981500000000000e+02,3.385049161363638e+02,3.000000000000000e+02,1.053228643504092e+03,3.235106174898585e+02,2,0.000000000000000e+00,0.000000000000000e+00
1.159000000001717e-04,1159,1.881551065504085e-01,1.088921310871849e+04,1.000000000000000e+00,8.000000000000000e-01,2.000000000000000e-01,1.912078893159331e-04,-7.512982179781362e-05,1.666666666666667e+00,0.000000000000000e+00,2.981500000000000e+02,3.386660288722513e+02,3.000000000000000e+02,1.052911317992010e+03,3.235330395979452e+02,2,0.000000000000000e+00,0.000000000000000e+00
1.160000000001719e-04,1160,1.745084754833080e-01,5.939951395841220e+03,1.000000000000000e+00,8.000000000000000e-01,2.000000000000000e-01,1.913745559825988e-04,-7.512982179781362e-05,1.666666666666667e+00,0.000000000000000e+00,2.981500000000000e+02,3.389810309158470e+02,3.000000000000000e+02,1.052576980571650e+03,3.235552669584934e+02,2,0.000000000000000e+00,0.000000000000000e+00
1.161000000001721e-04,1161,1.883813532047094e-01,8.807288133693917e+03,1.000000000000000e+00,8.000000000000000e-01,2.000000000000000e-01,1.915412226492644e-04,-7.512982179781362e-05,1.666666666666667e+00,0.000000000000000e+00,2.981500000000000e+02,3.391757266837250e+02,3.000000000000000e+02,1.052252404825141e+03,3.235770004937340e+02,2,0.000000000000000e+00,0.000000000000000e+00
1.162000000001723e-04,1162,1.746678396393378e-01,4.526112630929253e+03,1.000000000000000e+00,8.000000000000000e-01,2.000000000000000e-01,1.917078893159301e-04,-7.512982179781362e-05,1.666666666666667e+00,0.000000000000000e+00,2.981500000000000e+02,3.393315102376354e+02,3.000000000000000e+02,1.051912264833720e+03,3.235984424885182e+02,2,0.000000000000000e+00,0.000000000000000e+00
1.163000000001725e-04,1163,1.680077471562093e-01,8.381661939426513e+03,1.000000000000000e+00,8.000000000000000e-01,2.000000000000000e-01,1.918745559825958e-04,-7.512982179781362e-05,1.666666666666667e+00,0.000000000000000e+00,2.981500000000000e+02,3.396032712722845e+02,3.000000000000000e+02,1.051587856568733e+03,3.236192802510752e+02,2,0.000000000000000e+00,0.000000000000000e+00
1.164000000001728e-04,1164,1.542410398781571e-01,6.531925968139902e+03,1.000000000000000e+00,8.000000000000000e-01,2.000000000000000e-01,1.920412226492615e-04,-7.512982179781362e-05,1.666666666666667e+00,0.000000000000000e+00,2.981500000000000e+02,3.397289319012505e+02,3.000000000000000e+02,1.051278622294649e+03,3.236405557640604e+02,2,0.000000000000000e+00,0.000000000000000e+00
1.165000000001730e-04,1165,1.682468278284741e-01,9.582446034123372e+03,1.000000000000000e+00,8.000000000000000e-01,2.000000000000000e-01,1.922078893159271e-04,-7.512982179781362e-05,1.666666666666667e+00,0.000000000000000e+00,2.981500000000000e+02,3.400601630351040e+02,3.000000000000000e+02,1.050984888955639e+03,3.236609961299516e+02,2,0.000000000000000e+00,0.000000000000000e+00
1.166000000001732e-04,1166,1.544072325896572e-01,5.467468046508882e+03,1.000000000000000e+00,8.000000000000000e-01,2.000000000000000e-01,1.923745559825928e-04,-7.512982179781362e-05,1.666666666666667e+00,0.000000000000000e+00,2.981500000000000e+02,3.401310081340648e+02,3.000000000000000e+02,1.050685094376018e+03,3.236814930380820e+02,2,0.000000000000000e+00,0.000000000000000e+00
1.167000000001734e-04,1167,1.684429241298814e-01,8.413092954285130e+03,1.000000000000000e+00,8.000000000000000e-01,2.000000000000000e-01,1.925412226492585e-04,-7.512982179781362e-05,1.666666666666667e+00,0.000000000000000e+00,2.981500000000000e+02,3.403746266892927e+02,3.000000000000000e+02,1.050407126437452e+03,3.237020144425676e+02,2,0.000000000000000e+00,0.000000000000000e+00
1.168000000001736e-04,1168,1.545334379001008e-01,5.251989974146528e+03,1.000000000000000e+00,8.000000000000000e-01,2.000000000000000e-01,1.927078893159242e-04,-7.512982179781362e-05,1.666666666666667e+00,0.000000000000000e+00,2.981500000000000e+02,3.404925928275212e+02,3.000000000000000e+02,1.050128674292736e+03,3.237218745677951e+02,2,0.000000000000000e+00,0.000000000000000e+00
1.169000000001738e-04,1169,1.787488425178875e-01,9.493163527332978e+03,1.000000000000000e+00,8.000000000000000e-01,2.000000000000000e-01,1.928745559825899e-04,-7.512982179781362e-05,1.666666666666667e+00,0.000000000000000e+00,2.981500000000000e+02,3.406413549513694e+02,3.000000000000000e+02,1.049870253179664e+03,3.237423433859190e+02,2,0.000000000000000e+00,0.000000000000000e+00
1.170000000001741e-04,1170,1.752238322873017e-01,6.885830318379546e+03,1.000000000000000e+00,8.000000000000000e-01,2.000000000000000e-01,1.930412226492555e-04,-7.512982179781362e-05,1.666666666666667e+00,0.000000000000000e+00,2.981500000000000e+02,3.408693866109852e+02,3.000000000000000e+02,1.049632876358988e+03,3.237627831808891e+02,2,0.000000000000000e+00,0.000000000000000e+00
1.171000000001743e-04,1171,1.788591369628263e-01,1.292520855466692e+04,1.000000000000000e+00,8.000000000000000e-01,2.000000000000000e-01,1.932078893159212e-04,-7.512982179781362e-05,1.666666666666667e+00,0.000000000000000e+00,2.981500000000000e+02,3.410070080998073e+02,3.000000000000000e+02,1.049373860169839e+03,3.237834471347182e+02,2,0.000000000000000e+00,0.000000000000000e+00
1.172000000001745e-04,1172,1.568698635224699e-01,7.068259941165058e+03,1.000000000000000e+00,8.000000000000000e-01,2.000000000000000e-01,1.933745559825869e-04,-7.512982179781362e-05,1.666666666666667e+00,0.000000000000000e+00,2.981500000000000e+02,3.413642456505244e+02,3.000000000000000e+02,1.049140999058777e+03,3.238044651698509e+02,2,0.000000000000000e+00,0.000000000000000e+00
1.173000000001747e-04,1173,1.790117713006601e-01,9.867398158855094e+03,1.000000000000000e+00,8.000000000000000e-01,2.000000000000000e-01,1.935412226492526e-04,-7.512982179781362e-05,1.666666666666667e+00,0.000000000000000e+00,2.981500000000000e+02,3.414558923753099e+02,3.000000000000000e+02,1.048845647944574e+03,3.238259234683744e+02,2,0.000000000000000e+00,0.000000000000000e+00
1.174000000001749e-04,1174,1.700956953234124e-01,7.517712707027254e+03,1.000000000000000e+00,8.000000000000000e-01,2.000000000000000e-01,1.937078893159182e-04,-7.512982179781362e-05,1.666666666666667e+00,0.000000000000000e+00,2.981500000000000e+02,3.418498023297297e+02,3.000000000000000e+02,1.048623542803574e+03,3.238485041046492e+02,2,0.000000000000000e+00,0.000000000000000e+00
1.175000000001752e-04,1175,1.922542961135108e-01,1.034468482268349e+04,1.000000000000000e+00,8.000000000000000e-01,2.000000000000000e-01,1.938745559825839e-04,-7.512982179781362e-05,1.666666666666667e+00,0.000000000000000e+00,2.981500000000000e+02,3.419580430013170e+02,3.000000000000000e+02,1.048320210345977e+03,3.238709566213217e+02,2,0.000000000000000e+00,0.000000000000000e+00
1.176000000001754e-04,1176,1.887070753765896e-01,6.377828486810797e+03,1.000000000000000e+00,8.000000000000000e-01,2.000000000000000e-01,1.940412226492496e-04,-7.512982179781362e-05,1.666666666666667e+00,0.000000000000000e+00,2.981500000000000e+02,3.423170795146185e+02,3.000000000000000e+02,1.048100418366900e+03,3.238933090330755e+02,2,0.000000000000000e+00,0.000000000000000e+00
1.177000000001756e-04,1177,1.924374805147006e-01,1.269942972330452e+04,1.000000000000000e+00,8.000000000000000e-01,2.000000000000000e-01,1.942078893159153e-04,-7.512982179781362e-05,1.666666666666667e+00,0.000000000000000e+00,2.981500000000000e+02,3.425193133464104e+02,3.000000000000000e+02,1.047899126303084e+03,3.239160146549542e+02,2,0.000000000000000e+00,0.000000000000000e+00
1.178000000001758e-04,1178,2.033053473262447e-01,9.397770704684826e+03,1.000000000000000e+00,8.000000000000000e-01,2.000000000000000e-01,1.943745559825809e-04,-7.512982179781362e-05,1.666666666666667e+00,0.000000000000000e+00,2.981500000000000e+02,3.427507339012023e+02,3.000000000000000e+02,1.047795414624180e+03,3.239391005651500e+02,2,0.000000000000000e+00,0.000000000000000e+00
1.179000000001760e-04,1179,1.720662847674266e-01,1.619906121665832e+04,1.000000000000000e+00,8.000000000000000e-01,2.000000000000000e-01,1.945412226492466e-04,-7.512982179781362e-05,1.666666666666667e+00,0.000000000000000e+00,2.981500000000000e+02,3.430817047207212e+02,3.000000000000000e+02,1.047731943748230e+03,3.239629237332072e+02,2,0.000000000000000e+00,0.000000000000000e+00
1.180000000001763e-04,1180,1.830321653298062e-01,1.574343574332596e+04,1.000000000000000e+00,8.000000000000000e-01,2.000000000000000e-01,1.947078893159123e-04,-7.512982179781362e-05,1.666666666666667e+00,0.000000000000000e+00,2.981500000000000e+02,3.432078000802442e+02,3.000000000000000e+02,1.047734778754074e+03,3.239865537929233e+02,2,0.000000000000000e+00,0.000000000000000e+00
1.181000000001765e-04,1181,1.722635813993887e-01,1.739692439042820e+04,1.000000000000000e+00,8.000000000000000e-01,2.000000000000000e-01,1.948745559825780e-04,-7.512982179781362e-05,1.666666666666667e+00,0.000000000000000e+00,2.981500000000000e+02,3.434573312577517e+02,3.000000000000000e+02,1.047835986811664e+03,3.240097348985706e+02,2,0.000000000000000e+00,0.000000000000000e+00
1.182000000001767e-04,1182,1.833266756181658e-01,1.476699391525128e+04,1.000000000000000e+00,8.000000000000000e-01,2.000000000000000e-01,1.950412226492437e-04,-7.512982179781362e-05,1.666666666666667e+00,0.000000000000000e+00,2.981500000000000e+02,3.433913461281064e+02,3.000000000000000e+02,1.047839640562307e+03,3.240328569008839e+02,2,0.000000000000000e+00,0.000000000000000e+00
1.183000000001769e-04,1183,1.724418711243153e-01,2.145050818885274e+04,1.000000000000000e+00,8.000000000000000e-01,2.000000000000000e-01,1.952078893159093e-04,-7.512982179781362e-05,1.666666666666667e+00,0.000000000000000e+00,2.981500000000000e+02,3.435682788956349e+02,3.000000000000000e+02,1.047989385270193e+03,3.240555318314227e+02,2,0.000000000000000e+00,0.000000000000000e+00
1.184000000001771e-04,1184,1.835860348688257e-01,1.564681296370884e+04,1.000000000000000e+00,8.000000000000000e-01,2.000000000000000e-01,1.953745559825750e-04,-7.512982179781362e-05,1.666666666666667e+00,0.000000000000000e+00,2.981500000000000e+02,3.434348485831982e+02,3.000000000000000e+02,1.048005443572697e+03,3.240784283132705e+02,2,0.000000000000000e+00,0.000000000000000e+00
1.185000000001774e-04,1185,1.726033601194632e-01,2.623552405863443e+04,1.000000000000000e+00,8.000000000000000e-01,2.000000000000000e-01,1.955412226492407e-04,-7.512982179781362e-05,1.666666666666667e+00,0.000000000000000e+00,2.981500000000000e+02,3.435477093218050e+02,3.000000000000000e+02,1.048187769249338e+03,3.241007614356149e+02,2,0.000000000000000e+00,0.000000000000000e+00
1.186000000001776e-04,1186,1.838539583031427e-01,2.119136968531277e+04,1.000000000000000e+00,8.000000000000000e-01,2.000000000000000e-01,1.957078893159064e-04,-7.512982179781362e-05,1.666666666666667e+00,0.000000000000000e+00,2.981500000000000e+02,3.434060125829057e+02,3.000000000000000e+02,1.048191702337199e+03,3.241231433169123e+02,2,0.000000000000000e+00,0.000000000000000e+00
1.187000000001778e-04,1187,1.727493484439543e-01,3.592037228548632e+04,1.000000000000000e+00,8.000000000000000e-01,2.000000000000000e-01,1.958745559825720e-04,-7.512982179781362e-05,1.666666666666667e+00,0.000000000000000e+00,2.981500000000000e+02,3.434659561732803e+02,3.000000000000000e+02,1.048324878018193e+03,3.241453927248913e+02,2,0.000000000000000e+00,0.000000000000000e+00
1.188000000001780e-04,1188,1.841006711338529e-01,2.698365498586911e+04,1.000000000000000e+00,8.000000000000000e-01,2.000000000000000e-01,1.960412226492377e-04,-7.512982179781362e-05,1.666666666666667e+00,0.000000000000000e+00,2.981500000000000e+02,3.433943022849240e+02,3.000000000000000e+02,1.048301873294965e+03,3.241673048127827e+02,2,0.000000000000000e+00,0.000000000000000e+00
1.189000000001782e-04,1189,1.935450299460663e-01,5.219376608359240e+04,1.000000000000000e+00,8.000000000000000e-01,2.000000000000000e-01,1.962078893159034e-04,-7.512982179781362e-05,1.666666666666667e+00,0.000000000000000e+00,2.981500000000000e+02,3.434199963353325e+02,3.000000000000000e+02,1.048315165152821e+03,3.241892579244552e+02,2,0.000000000000000e+00,0.000000000000000e+00
1.190000000001785e-04,1190,1.843531578150256e-01,2.790619224809267e+04,1.000000000000000e+00,8.000000000000000e-01,2.000000000000000e-01,1.963745559825691e-04,-7.512982179781362e-05,1.666666666666667e+00,0.000000000000000e+00,2.981500000000000e+02,3.434199487525864e+02,3.000000000000000e+02,1.048280236552835e+03,3.242112268946804e+02,2,0.000000000000000e+00,0.000000000000000e+00
1.191000000001787e-04,1191,1.844745895439074e-01,6.653315632216627e+04,1.000000000000000e+00,8.000000000000000e-01,2.000000000000000e-01,1.965412226492347e-04,-7.512982179781362e-05,1.666666666666667e+00,0.000000000000000e+00,2.981500000000000e+02,3.434296651301977e+02,3.000000000000000e+02,1.048281895579402e+03,3.242332825546283e+02,2,0.000000000000000e+00,0.000000000000000e+00
1.192000000001789e-04,1192,1.731362641404261e-01,2.149610377841463e+04,1.000000000000000e+00,8.000000000000000e-01,2.000000000000000e-01,1.967078893159004e-04,-7.512982179781362e-05,1.666666666666667e+00,0.000000000000000e+00,2.981500000000000e+02,3.435060399784199e+02,3.000000000000000e+02,1.048222654446131e+03,3.242557837197985e+02,2,0.000000000000000e+00,0.000000000000000e+00
1.193000000001791e-04,1193,1.847427330456142e-01,7.999274848500126e+04,1.000000000000000e+00,8.000000000000000e-01,2.000000000000000e-01,1.968745559825661e-04,-7.512982179781362e-05,1.666666666666667e+00,0.000000000000000e+00,2.981500000000000e+02,3.434890146253474e+02,3.000000000000000e+02,1.048093316861611e+03,3.242791708501437e+02,2,0.000000000000000e+00,0.000000000000000e+00
1.194000000001793e-04,1194,1.733080552949015e-01,2.999686456416382e+04,1.000000000000000e+00,8.000000000000000e-01,2.000000000000000e-01,1.970412226492318e-04,-7.512982179781362e-05,1.666666666666667e+00,0.000000000000000e+00,2.981500000000000e+02,3.435816609772766e+02,3.000000000000000e+02,1.047939683747539e+03,3.243029753820367e+02,2,0.000000000000000e+00,0.000000000000000e+00
1.195000000001795e-04,1195,1.850063638215712e-01,5.478226810784244e+04,1.000000000000000e+00,8.000000000000000e-01,2.000000000000000e-01,1.972078893158975e-04,-7.512982179781362e-05,1.666666666666667e+00,0.000000000000000e+00,2.981500000000000e+02,3.435978614418959e+02,3.000000000000000e+02,1.047726354901966e+03,3.243275412905974e+02,2,0.000000000000000e+00,0.000000000000000e+00
1.196000000001798e-04,1196,1.734686266386889e-01,2.895885501776760e+04,1.000000000000000e+00,8.000000000000000e-01,2.000000000000000e-01,1.973745559825631e-04,-7.512982179781362e-05,1.666666666666667e+00,0.000000000000000e+00,2.981500000000000e+02,3.437279786746773e+02,3.000000000000000e+02,1.047552511997936e+03,3.243520495179175e+02,2,0.000000000000000e+00,0.000000000000000e+00
1.197000000001800e-04,1197,1.639606225499471e-01,3.525899917465922e+04,1.000000000000000e+00,8.000000000000000e-01,2.000000000000000e-01,1.975412226492288e-04,-7.512982179781362e-05,1.666666666666667e+00,0.000000000000000e+00,2.981500000000000e+02,3.437584306988807e+02,3.000000000000000e+02,1.047300707532301e+03,3.243771821833882e+02,2,0.000000000000000e+00,0.000000000000000e+00
1.198000000001802e-04,1198,1.708050977961477e-01,2.897061005036248e+04,1.000000000000000e+00,8.000000000000000e-01,2.000000000000000e-01,1.977078893158945e-04,-7.512982179781362e-05,1.666666666666667e+00,0.000000000000000e+00,2.981500000000000e+02,3.439584794125148e+02,3.000000000000000e+02,1.047079876914224e+03,3.244022422306823e+02,2,0.000000000000000e+00,0.000000000000000e+00
1.199000000001804e-04,1199,1.641897013477648e-01,1.683158811148256e+04,1.000000000000000e+00,8.000000000000000e-01,2.000000000000000e-01,1.978745559825602e-04,-7.512982179781362e-05,1.666666666666667e+00,0.000000000000000e+00,2.981500000000000e+02,3.440003722696089e+02,3.000000000000000e+02,1.046780573112191e+03,3.244271152899365e+02,2,0.000000000000000e+00,0.000000000000000e+00
1.200000000001806e-04,1200,1.709619324112354e-01,2.265083885627347e+04,1.000000000000000e+00,8.000000000000000e-01,2.000000000000000e-01,1.980412226492258e-04,-7.512982179781362e-05,1.666666666666667e+00,0.000000000000000e+00,2.981500000000000e+02,3.442066483597932e+02,3.000000000000000e+02,1.046527959194473e+03,3.244509721041977e+02,2,0.000000000000000e+00,0.000000000000000e+00
1.201000000001809e-04,1201,1.653579651734016e-01,7.956291494791209e+03,1.000000000000000e+00,8.000000000000000e-01,2.000000000000000e-01,1.982078893158915e-04,-7.512982179781362e-05,1.666666666666667e+00,0.000000000000000e+00,2.981500000000000e+02,3.442759924081361e+02,3.000000000000000e+02,1.046205500181660e+03,3.244740254319756e+02,2,0.000000000000000e+00,0.000000000000000e+00
1.202000000001811e-04,1202,1.711231024760013e-01,1.637440507353615e+04,1.000000000000000e+00,8.000000000000000e-01,2.000000000000000e-01,1.983745559825572e-04,-7.512982179781362e-05,1.666666666666667e+00,0.000000000000000e+00,2.981500000000000e+02,3.444543042413649e+02,3.000000000000000e+02,1.045946866453339e+03,3.244967631340641e+02,2,0.000000000000000e+00,0.000000000000000e+00
1.203000000001813e-04,1203,1.655318141841872e-01,7.011416490823391e+03,1.000000000000000e+00,8.000000000000000e-01,2.000000000000000e-01,1.985412226492229e-04,-7.512982179781362e-05,1.666666666666667e+00,0.000000000000000e+00,2.981500000000000e+02,3.445512989767932e+02,3.000000000000000e+02,1.045632847318820e+03,3.245188796705838e+02,2,0.000000000000000e+00,0.000000000000000e+00
1.204000000001815e-04,1204,1.712795487004679e-01,1.033942766911001e+04,1.000000000000000e+00,8.000000000000000e-01,2.000000000000000e-01,1.987078893158885e-04,-7.512982179781362e-05,1.666666666666667e+00,0.000000000000000e+00,2.981500000000000e+02,3.446724225404644e+02,3.000000000000000e+02,1.045366568269765e+03,3.245416677771507e+02,2,0.000000000000000e+00,0.000000000000000e+00
1.205000000001817e-04,1205,1.614028684092402e-01,9.357292474080985e+03,1.000000000000000e+00,8.000000000000000e-01,2.000000000000000e-01,1.988745559825542e-04,-7.512982179781362e-05,1.666666666666667e+00,0.000000000000000e+00,2.981500000000000e+02,3.447953438044419e+02,3.000000000000000e+02,1.045037012339229e+03,3.245639569254712e+02,2,0.000000000000000e+00,0.000000000000000e+00
1.206000000001820e-04,1206,1.714963988443583e-01,1.821472505527706e+05,1.000000000000000e+00,8.000000000000000e-01,2.000000000000000e-01,1.990412226492199e-04,-7.512982179781362e-05,1.666666666666667e+00,0.000000000000000e+00,2.981500000000000e+02,3.489190068363741e+02,3.000000000000000e+02,1.045594466448148e+03,3.245884510133164e+02,2,0.000000000000000e+00,0.000000000000000e+00
1.207000000001822e-04,1207,1.744287973648902e-01,7.815093634782558e+03,1.000000000000000e+00,8.000000000000000e-01,2.000000000000000e-01,1.992078893158856e-04,-7.512982179781362e-05,1.666666666666667e+00,0.000000000000000e+00,2.981500000000000e+02,3.535758805908507e+02,3.000000000000000e+02,1.046476491317104e+03,3.246148804700758e+02,2,0.000000000000000e+00,0.000000000000000e+00
1.208000000001824e-04,1208,1.719509812203747e-01,2.246936718054811e+04,1.000000000000000e+00,8.000000000000000e-01,2.000000000000000e-01,1.993745559825512e-04,-7.512982179781362e-05,1.666666666666667e+00,0.000000000000000e+00,2.981500000000000e+02,3.543976967769051e+02,3.000000000000000e+02,1.047136427295559e+03,3.246396712635834e+02,2,0.000000000000000e+00,0.000000000000000e+00
1.209000000001826e-04,1209,1.744246746366944e-01,9.945860069288290e+03,1.000000000000000e+00,8.000000000000000e-01,2.000000000000000e-01,1.995412226492169e-04,-7.512982179781362e-05,1.666666666666667e+00,0.000000000000000e+00,2.981500000000000e+02,3.541797039132219e+02,3.000000000000000e+02,1.047798755092414e+03,3.246626003282259e+02,2,0.000000000000000e+00,0.000000000000000e+00
1.210000000001828e-04,1210,1.723909472121248e-01,6.122050122373254e+03,1.000000000000000e+00,8.000000000000000e-01,2.000000000000000e-01,1.997078893158826e-04,-7.512982179781362e-05,1.666666666666667e+00,0.000000000000000e+00,2.981500000000000e+02,3.534624027243737e+02,3.000000000000000e+02,1.048332405083685e+03,3.246851463603022e+02,2,0.000000000000000e+00,0.000000000000000e+00
1.211000000001831e-04,1211,1.749481202613663e-01,1.479857567603512e+04,1.000000000000000e+00,8.000000000000000e-01,2.000000000000000e-01,1.998745559825483e-04,-7.512982179781362e-05,1.666666666666667e+00,0.000000000000000e+00,2.981500000000000e+02,3.526330167111426e+02,3.000000000000000e+02,1.048895747488647e+03,3.247063156042682e+02,2,0.000000000000000e+00,0.000000000000000e+00
1.212000000001833e-04,1212,1.727729576599013e-01,1.019092829592040e+04,1.000000000000000e+00,8.000000000000000e-01,2.000000000000000e-01,2.000412226492140e-04,-7.512982179781362e-05,1.666666666666667e+00,0.000000000000000e+00,2.981500000000000e+02,3.516583037184930e+02,3.000000000000000e+02,1.049375930093977e+03,3.247278357386542e+02,2,0.000000000000000e+00,0.000000000000000e+00
1.213000000001835e-04,1213,1.754462248604497e-01,2.401365776070359e+04,1.000000000000000e+00,8.000000000000000e-01,2.000000000000000e-01,2.002078893158796e-04,-7.512982179781362e-05,1.666666666666667e+00,0.000000000000000e+00,2.981500000000000e+02,3.507173835253477e+02,3.000000000000000e+02,1.049905751294164e+03,3.247496405965104e+02,2,0.000000000000000e+00,0.000000000000000e+00
1.214000000001837e-04,1214,1.731586164337287e-01,1.688444046300301e+04,1.000000000000000e+00,8.000000000000000e-01,2.000000000000000e-01,2.003745559825453e-04,-7.512982179781362e-05,1.666666666666667e+00,0.000000000000000e+00,2.981500000000000e+02,3.496424144751241e+02,3.000000000000000e+02,1.050455568114855e+03,3.247723699389177e+02,2,0.000000000000000e+00,0.000000000000000e+00
1.215000000001839e-04,1215,1.759407034740374e-01,3.947364102458813e+04,1.000000000000000e+00,8.000000000000000e-01,2.000000000000000e-01,2.005412226492110e-04,-7.512982179781362e-05,1.666666666666667e+00,0.000000000000000e+00,2.981500000000000e+02,3.487432594271235e+02,3.000000000000000e+02,1.051014545883191e+03,3.247954501074575e+02,2,0.000000000000000e+00,0.000000000000000e+00
1.216000000001842e-04,1216,1.761837174060179e-01,2.303929649792414e+04,1.000000000000000e+00,8.000000000000000e-01,2.000000000000000e-01,2.007078893158767e-04,-7.512982179781362e-05,1.666666666666667e+00,0.000000000000000e+00,2.981500000000000e+02,3.478111383167529e+02,3.000000000000000e+02,1.051527886479993e+03,3.248179223660993e+02,2,0.000000000000000e+00,0.000000000000000e+00
1.217000000001844e-04,1217,1.827800743223054e-01,2.929842542915174e+04,1.000000000000000e+00,8.000000000000000e-01,2.000000000000000e-01,2.008745559825423e-04,-7.512982179781362e-05,1.666666666666667e+00,0.000000000000000e+00,2.981500000000000e+02,3.469591154074693e+02,3.000000000000000e+02,1.052046715315698e+03,3.248406985027356e+02,2,0.000000000000000e+00,0.000000000000000e+00
1.218000000001846e-04,1218,1.766718123063669e-01,3.977743991703099e+04,1.000000000000000e+00,8.000000000000000e-01,2.000000000000000e-01,2.010412226492080e-04,-7.512982179781362e-05,1.666666666666667e+00,0.000000000000000e+00,2.981500000000000e+02,3.460643017158019e+02,3.000000000000000e+02,1.052644684533479e+03,3.248643350346478e+02,2,0.000000000000000e+00,0.000000000000000e+00
1.219000000001848e-04,1219,1.832990545282063e-01,2.930014438915717e+04,1.000000000000000e+00,8.000000000000000e-01,2.000000000000000e-01,2.012078893158737e-04,-7.512982179781362e-05,1.666666666666667e+00,0.000000000000000e+00,2.981500000000000e+02,3.453447141432341e+02,3.000000000000000e+02,1.053134045561146e+03,3.248890699349399e+02,2,0.000000000000000e+00,0.000000000000000e+00
1.220000000001850e-04,1220,1.772403790935843e-01,5.503854556714020e+04,1.000000000000000e+00,8.000000000000000e-01,2.000000000000000e-01,2.013745559825394e-04,-7.512982179781362e-05,1.666666666666667e+00,0.000000000000000e+00,2.981500000000000e+02,3.443383065176301e+02,3.000000000000000e+02,1.053945512268243e+03,3.249137768954363e+02,2,0.000000000000000e+00,0.000000000000000e+00
1.221000000001848e-04,1221,1.745361730898711e-01,1.859454599927897e+04,1.000000000000000e+00,8.000000000000000e-01,2.000000000000000e-01,2.015412226492050e-04,-7.512982179781362e-05,1.666666666666667e+00,0.000000000000000e+00,2.981500000000000e+02,3.433149666203752e+02,3.000000000000000e+02,1.054730061621792e+03,3.249385781723036e+02,2,0.000000000000000e+00,0.000000000000000e+00
1.222000000001837e-04,1222,1.940419678463405e-01,3.604814226725262e+04,1.000000000000000e+00,8.000000000000000e-01,2.000000000000000e-01,2.017078893158707e-04,-7.512982179781362e-05,1.666666666666667e+00,0.000000000000000e+00,2.981500000000000e+02,3.423252469821174e+02,3.000000000000000e+02,1.055323949177862e+03,3.249609309083564e+02,2,0.000000000000000e+00,0.000000000000000e+00
1.223000000001826e-04,1223,1.748745968982147e-01,1.802105276888940e+04,1.000000000000000e+00,8.000000000000000e-01,2.000000000000000e-01,2.018745559825364e-04,-7.512982179781362e-05,1.666666666666667e+00,0.000000000000000e+00,2.981500000000000e+02,3.414710713057702e+02,3.000000000000000e+02,1.055793058089697e+03,3.249830697641324e+02,2,0.000000000000000e+00,0.000000000000000e+00
1.224000000001814e-04,1224,1.944822247305667e-01,2.355884947188802e+04,1.000000000000000e+00,8.000000000000000e-01,2.000000000000000e-01,2.020412226492021e-04,-7.512982179781362e-05,1.666666666666667e+00,0.000000000000000e+00,2.981500000000000e+02,3.406601343116964e+02,3.000000000000000e+02,1.056288517458108e+03,3.250040233095679e+02,2,0.000000000000000e+00,0.000000000000000e+00
1.225000000001803e-04,1225,1.751524254179355e-01,1.518008400871685e+04,1.000000000000000e+00,8.000000000000000e-01,2.000000000000000e-01,2.022078893158678e-04,-7.512982179781362e-05,1.666666666666667e+00,0.000000000000000e+00,2.981500000000000e+02,3.399309326317395e+02,3.000000000000000e+02,1.056664574272403e+03,3.250247072902749e+02,2,0.000000000000000e+00,0.000000000000000e+00
1.226000000001792e-04,1226,1.948862572664876e-01,1.941020904858276e+04,1.000000000000000e+00,8.000000000000000e-01,2.000000000000000e-01,2.023745559825334e-04,-7.512982179781362e-05,1.666666666666667e+00,0.000000000000000e+00,2.981500000000000e+02,3.392115512332911e+02,3.000000000000000e+02,1.057088941002631e+03,3.250451781060210e+02,2,0.000000000000000e+00,0.000000000000000e+00
1.227000000001780e-04,1227,1.916633945309880e-01,1.169472989943240e+04,1.000000000000000e+00,8.000000000000000e-01,2.000000000000000e-01,2.025412226491991e-04,-7.512982179781362e-05,1.666666666666667e+00,0.000000000000000e+00,2.981500000000000e+02,3.385668491727830e+02,3.000000000000000e+02,1.057522157641405e+03,3.250668781295751e+02,2,0.000000000000000e+00,0.000000000000000e+00
1.228000000001769e-04,1228,1.790612179813640e-01,1.048754992169562e+04,1.000000000000000e+00,8.000000000000000e-01,2.000000000000000e-01,2.027078893158648e-04,-7.512982179781362e-05,1.666666666666667e+00,0.000000000000000e+00,2.981500000000000e+02,3.379223676592007e+02,3.000000000000000e+02,1.058016062076658e+03,3.250877301280841e+02,2,0.000000000000000e+00,0.000000000000000e+00
1.229000000001758e-04,1229,1.919373951015373e-01,6.679814601816612e+03,1.000000000000000e+00,8.000000000000000e-01,2.000000000000000e-01,2.028745559825305e-04,-7.512982179781362e-05,1.666666666666667e+00,0.000000000000000e+00,2.981500000000000e+02,3.373463963253830e+02,3.000000000000000e+02,1.058462574544835e+03,3.251090902496630e+02,2,0.000000000000000e+00,0.000000000000000e+00
1.230000000001746e-04,1230,1.794455484179410e-01,8.072969897232136e+03,1.000000000000000e+00,8.000000000000000e-01,2.000000000000000e-01,2.030412226491961e-04,-7.512982179781362e-05,1.666666666666667e+00,0.000000000000000e+00,2.981500000000000e+02,3.367925532014893e+02,3.000000000000000e+02,1.058885166766579e+03,3.251300883647953e+02,2,0.000000000000000e+00,0.000000000000000e+00
1.231000000001735e-04,1231,1.921650764021386e-01,5.951166634227388e+03,1.000000000000000e+00,8.000000000000000e-01,2.000000000000000e-01,2.032078893158618e-04,-7.512982179781362e-05,1.666666666666667e+00,0.000000000000000e+00,2.981500000000000e+02,3.362469279897969e+02,3.000000000000000e+02,1.059309102436590e+03,3.251509001584544e+02,2,0.000000000000000e+00,0.000000000000000e+00
1.232000000001723e-04,1232,1.960550193768738e-01,8.830198547410548e+03,1.000000000000000e+00,8.000000000000000e-01,2.000000000000000e-01,2.033745559825275e-04,-7.512982179781362e-05,1.666666666666667e+00,0.000000000000000e+00,2.981500000000000e+02,3.357502539544720e+02,3.000000000000000e+02,1.059757093372109e+03,3.251719688278356e+02,2,0.000000000000000e+00,0.000000000000000e+00
1.233000000001712e-04,1233,1.858518864092435e-01,1.268120655760450e+04,1.000000000000000e+00,8.000000000000000e-01,2.000000000000000e-01,2.035412226491932e-04,-7.512982179781362e-05,1.666666666666667e+00,0.000000000000000e+00,2.981500000000000e+02,3.352327394274886e+02,3.000000000000000e+02,1.060128891510379e+03,3.251920367842786e+02,2,0.000000000000000e+00,0.000000000000000e+00
1.234000000001701e-04,1234,1.800841882292519e-01,1.278539179627466e+04,1.000000000000000e+00,8.000000000000000e-01,2.000000000000000e-01,2.037078893158588e-04,-7.512982179781362e-05,1.666666666666667e+00,0.000000000000000e+00,2.981500000000000e+02,3.347448183885776e+02,3.000000000000000e+02,1.060562354743181e+03,3.252122160751383e+02,2,0.000000000000000e+00,0.000000000000000e+00
1.235000000001689e-04,1235,1.861066302387084e-01,1.822604534833343e+04,1.000000000000000e+00,8.000000000000000e-01,2.000000000000000e-01,2.038745559825245e-04,-7.512982179781362e-05,1.666666666666667e+00,0.000000000000000e+00,2.981500000000000e+02,3.342545610961349e+02,3.000000000000000e+02,1.060949803230384e+03,3.252324114395976e+02,2,0.000000000000000e+00,0.000000000000000e+00
1.236000000001678e-04,1236,1.862051953979474e-01,1.700738573306211e+04,1.000000000000000e+00,8.000000000000000e-01,2.000000000000000e-01,2.040412226491902e-04,-7.512982179781362e-05,1.666666666666667e+00,0.000000000000000e+00,2.981500000000000e+02,3.338001457922982e+02,3.000000000000000e+02,1.061347309036045e+03,3.252528099260331e+02,2,0.000000000000000e+00,0.000000000000000e+00
1.237000000001667e-04,1237,1.805022589910088e-01,2.014890174570956e+04,1.000000000000000e+00,8.000000000000000e-01,2.000000000000000e-01,2.042078893158559e-04,-7.512982179781362e-05,1.666666666666667e+00,0.000000000000000e+00,2.981500000000000e+02,3.333583559028680e+02,3.000000000000000e+02,1.061745179743200e+03,3.252732147238822e+02,2,0.000000000000000e+00,0.000000000000000e+00
1.238000000001655e-04,1238,1.864320861979134e-01,2.045434978637794e+04,1.000000000000000e+00,8.000000000000000e-01,2.000000000000000e-01,2.043745559825216e-04,-7.512982179781362e-05,1.666666666666667e+00,0.000000000000000e+00,2.981500000000000e+02,3.329481895322657e+02,3.000000000000000e+02,1.062125141475261e+03,3.252933797959555e+02,2,0.000000000000000e+00,0.000000000000000e+00
1.239000000001644e-04,1239,1.807746239194746e-01,1.656941290036497e+04,1.000000000000000e+00,8.000000000000000e-01,2.000000000000000e-01,2.045412226491872e-04,-7.512982179781362e-05,1.666666666666667e+00,0.000000000000000e+00,2.981500000000000e+02,3.325565422328445e+02,3.000000000000000e+02,1.062470970985377e+03,3.253130287035037e+02,2,0.000000000000000e+00,0.000000000000000e+00
1.240000000001633e-04,1240,1.866532022054921e-01,1.752619913506158e+04,1.000000000000000e+00,8.000000000000000e-01,2.000000000000000e-01,2.047078893158529e-04,-7.512982179781362e-05,1.666666666666667e+00,0.000000000000000e+00,2.981500000000000e+02,3.321864167700626e+02,3.000000000000000e+02,1.062805959950944e+03,3.253335137489459e+02,2,0.000000000000000e+00,0.000000000000000e+00
1.241000000001621e-04,1241,1.810259659932168e-01,1.476562067767493e+04,1.000000000000000e+00,8.000000000000000e-01,2.000000000000000e-01,2.048745559825186e-04,-7.512982179781362e-05,1.666666666666667e+00,0.000000000000000e+00,2.981500000000000e+02,3.318328266473909e+02,3.000000000000000e+02,1.063250706313590e+03,3.253540252182524e+02,2,0.000000000000000e+00,0.000000000000000e+00
1.242000000001610e-04,1242,2.031791771708052e-01,1.203406147047981e+04,1.000000000000000e+00,8.000000000000000e-01,2.000000000000000e-01,2.050412226491843e-04,-7.512982179781362e-05,1.666666666666667e+00,0.000000000000000e+00,2.981500000000000e+02,3.315032978852606e+02,3.000000000000000e+02,1.063591413615374e+03,3.253746462536438e+02,2,0.000000000000000e+00,0.000000000000000e+00
1.243000000001599e-04,1243,1.812835480014844e-01,1.301439964493334e+04,1.000000000000000e+00,8.000000000000000e-01,2.000000000000000e-01,2.052078893158499e-04,-7.512982179781362e-05,1.666666666666667e+00,0.000000000000000e+00,2.981500000000000e+02,3.311938843615293e+02,3.000000000000000e+02,1.063976921546815e+03,3.253952309957594e+02,2,0.000000000000000e+00,0.000000000000000e+00
1.244000000001587e-04,1244,2.033799431747555e-01,1.068716385117613e+04,1.000000000000000e+00,8.000000000000000e-01,2.000000000000000e-01,2.053745559825156e-04,-7.512982179781362e-05,1.666666666666667e+00,0.000000000000000e+00,2.981500000000000e+02,3.309053997466130e+02,3.000000000000000e+02,1.064300670296775e+03,3.254162690628783e+02,2,0.000000000000000e+00,0.000000000000000e+00
1.245000000001576e-04,1245,1.815427986331536e-01,1.229587978220884e+04,1.000000000000000e+00,8.000000000000000e-01,2.000000000000000e-01,2.055412226491813e-04,-7.512982179781362e-05,1.666666666666667e+00,0.000000000000000e+00,2.981500000000000e+02,3.306364007805144e+02,3.000000000000000e+02,1.064734953560696e+03,3.254372793736840e+02,2,0.000000000000000e+00,0.000000000000000e+00
1.246000000001564e-04,1246,1.935534461506746e-01,2.235928599277554e+04,1.000000000000000e+00,8.000000000000000e-01,2.000000000000000e-01,2.057078893158470e-04,-7.512982179781362e-05,1.666666666666667e+00,0.000000000000000e+00,2.981500000000000e+02,3.303922240451191e+02,3.000000000000000e+02,1.065080532852917e+03,3.254584572628402e+02,2,0.000000000000000e+00,0.000000000000000e+00
1.247000000001553e-04,1247,1.981638461605215e-01,1.837006739254949e+04,1.000000000000000e+00,8.000000000000000e-01,2.000000000000000e-01,2.058745559825126e-04,-7.512982179781362e-05,1.666666666666667e+00,0.000000000000000e+00,2.981500000000000e+02,3.307924478834360e+02,3.000000000000000e+02,1.065616479421348e+03,3.254804332547322e+02,2,0.000000000000000e+00,0.000000000000000e+00
1.248000000001542e-04,1248,2.039773715006068e-01,2.034038783907982e+04,1.000000000000000e+00,8.000000000000000e-01,2.000000000000000e-01,2.060412226491783e-04,-7.512982179781362e-05,1.666666666666667e+00,0.000000000000000e+00,2.981500000000000e+02,3.313135171059627e+02,3.000000000000000e+02,1.066183956566333e+03,3.255028680191898e+02,2,0.000000000000000e+00,0.000000000000000e+00
1.249000000001530e-04,1249,1.821763958125959e-01,1.200631640133572e+04,1.000000000000000e+00,8.000000000000000e-01,2.000000000000000e-01,2.062078893158440e-04,-7.512982179781362e-05,1.666666666666667e+00,0.000000000000000e+00,2.981500000000000e+02,3.312432666322279e+02,3.000000000000000e+02,1.066850937891466e+03,3.255250326679958e+02,2,0.000000000000000e+00,0.000000000000000e+00
1.250000000001519e-04,1250,2.043063919737894e-01,1.593406783136733e+04,1.000000000000000e+00,8.000000000000000e-01,2.000000000000000e-01,2.063745559825097e-04,-7.512982179781362e-05,1.666666666666667e+00,0.000000000000000e+00,2.981500000000000e+02,3.310215374383762e+02,3.000000000000000e+02,1.067327741256578e+03,3.255467627735573e+02,2,0.000000000000000e+00,0.000000000000000e+00
1.251000000001508e-04,1251,1.824938545958573e-01,6.435587555001561e+03,1.000000000000000e+00,8.000000000000000e-01,2.000000000000000e-01,2.065412226491754e-04,-7.512982179781362e-05,1.666666666666667e+00,0.000000000000000e+00,2.981500000000000e+02,3.307937177387927e+02,3.000000000000000e+02,1.067908043934486e+03,3.255678698913059e+02,2,0.000000000000000e+00,0.000000000000000e+00
1.252000000001496e-04,1252,2.045889318769205e-01,1.395566356268111e+04,1.000000000000000e+00,8.000000000000000e-01,2.000000000000000e-01,2.067078893158410e-04,-7.512982179781362e-05,1.666666666666667e+00,0.000000000000000e+00,2.981500000000000e+02,3.305667094039888e+02,3.000000000000000e+02,1.068400385371827e+03,3.255882268585515e+02,2,0.000000000000000e+00,0.000000000000000e+00
1.253000000001485e-04,1253,1.827806342455645e-01,6.420022931061243e+03,1.000000000000000e+00,8.000000000000000e-01,2.000000000000000e-01,2.068745559825067e-04,-7.512982179781362e-05,1.666666666666667e+00,0.000000000000000e+00,2.981500000000000e+02,3.303582638504591e+02,3.000000000000000e+02,1.068878079694749e+03,3.256087111076881e+02,2,0.000000000000000e+00,0.000000000000000e+00
1.254000000001474e-04,1254,1.884960997623333e-01,2.298519829516727e+04,1.000000000000000e+00,8.000000000000000e-01,2.000000000000000e-01,2.070412226491724e-04,-7.512982179781362e-05,1.666666666666667e+00,0.000000000000000e+00,2.981500000000000e+02,3.301808946593644e+02,3.000000000000000e+02,1.069404369818287e+03,3.256297303398915e+02,2,0.000000000000000e+00,0.000000000000000e+00
1.255000000001462e-04,1255,1.830679258203890e-01,1.306123130641806e+04,1.000000000000000e+00,8.000000000000000e-01,2.000000000000000e-01,2.072078893158381e-04,-7.512982179781362e-05,1.666666666666667e+00,0.000000000000000e+00,2.981500000000000e+02,3.299455153676648e+02,3.000000000000000e+02,1.069955420844089e+03,3.256510679069117e+02,2,0.000000000000000e+00,0.000000000000000e+00
1.256000000001451e-04,1256,1.887506691641010e-01,3.240512275888100e+04,1.000000000000000e+00,8.000000000000000e-01,2.000000000000000e-01,2.073745559825037e-04,-7.512982179781362e-05,1.666666666666667e+00,0.000000000000000e+00,2.981500000000000e+02,3.298370968958410e+02,3.000000000000000e+02,1.070501536591791e+03,3.256723476394370e+02,2,0.000000000000000e+00,0.000000000000000e+00
1.257000000001439e-04,1257,2.015782689286325e-01,1.900779001911209e+04,1.000000000000000e+00,8.000000000000000e-01,2.000000000000000e-01,2.075412226491694e-04,-7.512982179781362e-05,1.666666666666667e+00,0.000000000000000e+00,2.981500000000000e+02,3.296663268675039e+02,3.000000000000000e+02,1.070973279895596e+03,3.256936128769253e+02,2,0.000000000000000e+00,0.000000000000000e+00
1.258000000001428e-04,1258,2.017029596203367e-01,3.863727526461104e+04,1.000000000000000e+00,8.000000000000000e-01,2.000000000000000e-01,2.077078893158351e-04,-7.512982179781362e-05,1.666666666666667e+00,0.000000000000000e+00,2.981500000000000e+02,3.295247935879678e+02,3.000000000000000e+02,1.071528366821627e+03,3.257145028576114e+02,2,0.000000000000000e+00,0.000000000000000e+00
1.259000000001417e-04,1259,1.890995214315526e-01,1.850620984281685e+04,1.000000000000000e+00,8.000000000000000e-01,2.000000000000000e-01,2.078745559825008e-04,-7.512982179781362e-05,1.666666666666667e+00,0.000000000000000e+00,2.981500000000000e+02,3.294555277460254e+02,3.000000000000000e+02,1.071937815750689e+03,3.257349497643567e+02,2,0.000000000000000e+00,0.000000000000000e+00
1.260000000001405e-04,1260,2.019776537483976e-01,3.855775723209098e+04,1.000000000000000e+00,8.000000000000000e-01,2.000000000000000e-01,2.080412226491664e-04,-7.512982179781362e-05,1.666666666666667e+00,0.000000000000000e+00,2.981500000000000e+02,3.295226452675885e+02,3.000000000000000e+02,1.072485773516167e+03,3.257556213891158e+02,2,0.000000000000000e+00,0.000000000000000e+00
1.261000000001394e-04,1261,1.893403690524739e-01,1.682503949575858e+04,1.000000000000000e+00,8.000000000000000e-01,2.000000000000000e-01,2.082078893158321e-04,-7.512982179781362e-05,1.666666666666667e+00,0.000000000000000e+00,2.981500000000000e+02,3.297762162446425e+02,3.000000000000000e+02,1.072901966946880e+03,3.257760835146391e+02,2,0.000000000000000e+00,0.000000000000000e+00
1.262000000001383e-04,1262,1.840172940741794e-01,3.466969460972634e+04,1.000000000000000e+00,8.000000000000000e-01,2.000000000000000e-01,2.083745559824978e-04,-7.512982179781362e-05,1.666666666666667e+00,0.000000000000000e+00,2.981500000000000e+02,3.298081634542904e+02,3.000000000000000e+02,1.073449004991001e+03,3.257962586150385e+02,2,0.000000000000000e+00,0.000000000000000e+00
1.263000000001371e-04,1263,1.873548582497239e-01,1.576666072296313e+04,1.000000000000000e+00,8.000000000000000e-01,2.000000000000000e-01,2.085412226491635e-04,-7.512982179781362e-05,1.666666666666667e+00,0.000000000000000e+00,2.981500000000000e+02,3.299919278203796e+02,3.000000000000000e+02,1.073835999759055e+03,3.258163724291883e+02,2,0.000000000000000e+00,0.000000000000000e+00
1.264000000001360e-04,1264,1.842713055548990e-01,2.786563375439850e+04,1.000000000000000e+00,8.000000000000000e-01,2.000000000000000e-01,2.087078893158292e-04,-7.512982179781362e-05,1.666666666666667e+00,0.000000000000000e+00,2.981500000000000e+02,3.300375291649148e+02,3.000000000000000e+02,1.074358567249424e+03,3.258367624099121e+02,2,0.000000000000000e+00,0.000000000000000e+00
1.265000000001349e-04,1265,1.693390041375465e-01,1.934784851079061e+04,1.000000000000000e+00,8.000000000000000e-01,2.000000000000000e-01,2.088745559824948e-04,-7.512982179781362e-05,1.666666666666667e+00,0.000000000000000e+00,2.981500000000000e+02,3.301840533234601e+02,3.000000000000000e+02,1.074720663510313e+03,3.258565452275242e+02,2,0.000000000000000e+00,0.000000000000000e+00
1.266000000001337e-04,1266,1.845182327328312e-01,2.117588666183027e+04,1.000000000000000e+00,8.000000000000000e-01,2.000000000000000e-01,2.090412226491605e-04,-7.512982179781362e-05,1.666666666666667e+00,0.000000000000000e+00,2.981500000000000e+02,3.301884993527412e+02,3.000000000000000e+02,1.075179047011631e+03,3.258757154936955e+02,2,0.000000000000000e+00,0.000000000000000e+00
1.267000000001326e-04,1267,1.695265758816312e-01,1.776181631563949e+04,1.000000000000000e+00,8.000000000000000e-01,2.000000000000000e-01,2.092078893158262e-04,-7.512982179781362e-05,1.666666666666667e+00,0.000000000000000e+00,2.981500000000000e+02,3.302632576409694e+02,3.000000000000000e+02,1.075506013651833e+03,3.258954127085236e+02,2,0.000000000000000e+00,0.000000000000000e+00
1.268000000001315e-04,1268,1.847565409474227e-01,1.431613973293023e+04,1.000000000000000e+00,8.000000000000000e-01,2.000000000000000e-01,2.093745559824919e-04,-7.512982179781362e-05,1.666666666666667e+00,0.000000000000000e+00,2.981500000000000e+02,3.302570582682724e+02,3.000000000000000e+02,1.075973073152504e+03,3.259146613905000e+02,2,0.000000000000000e+00,0.000000000000000e+00
1.269000000001303e-04,1269,1.696991804302111e-01,7.933501658181409e+03,1.000000000000000e+00,8.000000000000000e-01,2.000000000000000e-01,2.095412226491575e-04,-7.512982179781362e-05,1.666666666666667e+00,0.000000000000000e+00,2.981500000000000e+02,3.302685329245763e+02,3.000000000000000e+02,1.076324877793733e+03,3.259343151058687e+02,2,0.000000000000000e+00,0.000000000000000e+00
1.270000000001292e-04,1270,1.849983621484652e-01,7.383825318707656e+03,1.000000000000000e+00,8.000000000000000e-01,2.000000000000000e-01,2.097078893158232e-04,-7.512982179781362e-05,1.666666666666667e+00,0.000000000000000e+00,2.981500000000000e+02,3.303103016622377e+02,3.000000000000000e+02,1.076701058136808e+03,3.259538588259162e+02,2,0.000000000000000e+00,0.000000000000000e+00
1.271000000001280e-04,1271,1.535300077986680e-01,1.413913522062457e+04,1.000000000000000e+00,8.000000000000000e-01,2.000000000000000e-01,2.098745559824889e-04,-7.512982179781362e-05,1.666666666666667e+00,0.000000000000000e+00,2.981500000000000e+02,3.302929727565080e+02,3.000000000000000e+02,1.077042655246319e+03,3.259738940455608e+02,2,0.000000000000000e+00,0.000000000000000e+00
1.272000000001269e-04,1272,2.033792670091927e-01,1.155636636297681e+04,1.000000000000000e+00,8.000000000000000e-01,2.000000000000000e-01,2.100412226491546e-04,-7.512982179781362e-05,1.666666666666667e+00,0.000000000000000e+00,2.981500000000000e+02,3.303551389507359e+02,3.000000000000000e+02,1.077398655747521e+03,3.259933411167791e+02,2,0.000000000000000e+00,0.000000000000000e+00
1.273000000001258e-04,1273,1.905382299233294e-01,3.210951654472967e+04,1.000000000000000e+00,8.000000000000000e-01,2.000000000000000e-01,2.102078893158202e-04,-7.512982179781362e-05,1.666666666666667e+00,0.000000000000000e+00,2.981500000000000e+02,3.303137152676576e+02,3.000000000000000e+02,1.077696270607172e+03,3.260132723984542e+02,2,0.000000000000000e+00,0.000000000000000e+00
1.274000000001246e-04,1274,1.906437900228232e-01,2.009698284522322e+04,1.000000000000000e+00,8.000000000000000e-01,2.000000000000000e-01,2.103745559824859e-04,-7.512982179781362e-05,1.666666666666667e+00,0.000000000000000e+00,2.981500000000000e+02,3.303684660086375e+02,3.000000000000000e+02,1.078044773041607e+03,3.260326692988762e+02,2,0.000000000000000e+00,0.000000000000000e+00
1.275000000001235e-04,1275,2.037047202647338e-01,3.847987661600498e+04,1.000000000000000e+00,8.000000000000000e-01,2.000000000000000e-01,2.105412226491516e-04,-7.512982179781362e-05,1.666666666666667e+00,0.000000000000000e+00,2.981500000000000e+02,3.302874156546827e+02,3.000000000000000e+02,1.078390523507838e+03,3.260529189225913e+02,2,0.000000000000000e+00,0.000000000000000e+00
1.276000000001224e-04,1276,1.721234701410154e-01,9.796308358931759e+03,1.000000000000000e+00,8.000000000000000e-01,2.000000000000000e-01,2.107078893158173e-04,-7.512982179781362e-05,1.666666666666667e+00,0.000000000000000e+00,2.981500000000000e+02,3.303393362577850e+02,3.000000000000000e+02,1.078715760437563e+03,3.260726203737470e+02,2,0.000000000000000e+00,0.000000000000000e+00
1.277000000001212e-04,1277,2.039353639933409e-01,3.610694612034105e+04,1.000000000000000e+00,8.000000000000000e-01,2.000000000000000e-01,2.108745559824830e-04,-7.512982179781362e-05,1.666666666666667e+00,0.000000000000000e+00,2.981500000000000e+02,3.302337229652662e+02,3.000000000000000e+02,1.079052629919132e+03,3.260930920129385e+02,2,0.000000000000000e+00,0.000000000000000e+00
1.278000000001201e-04,1278,1.886649662947299e-01,1.214903167629549e+04,1.000000000000000e+00,8.000000000000000e-01,2.000000000000000e-01,2.110412226491486e-04,-7.512982179781362e-05,1.666666666666667e+00,0.000000000000000e+00,2.981500000000000e+02,3.303260889781349e+02,3.000000000000000e+02,1.079374736355005e+03,3.261132608059211e+02,2,0.000000000000000e+00,0.000000000000000e+00
1.279000000001190e-04,1279,2.041667507455737e-01,2.809548207256013e+04,1.000000000000000e+00,8.000000000000000e-01,2.000000000000000e-01,2.112078893158143e-04,-7.512982179781362e-05,1.666666666666667e+00,0.000000000000000e+00,2.981500000000000e+02,3.301928372433288e+02,3.000000000000000e+02,1.079668160913949e+03,3.261327961083139e+02,2,0.000000000000000e+00,0.000000000000000e+00
1.280000000001178e-04,1280,1.707288021882201e-01,1.448383705625185e+04,1.000000000000000e+00,8.000000000000000e-01,2.000000000000000e-01,2.113745559824800e-04,-7.512982179781362e-05,1.666666666666667e+00,0.000000000000000e+00,2.981500000000000e+02,3.302820581033438e+02,3.000000000000000e+02,1.079974886292734e+03,3.261527257216337e+02,2,0.000000000000000e+00,0.000000000000000e+00
1.281000000001167e-04,1281,1.863005349560644e-01,1.259963532837970e+04,1.000000000000000e+00,8.000000000000000e-01,2.000000000000000e-01,2.115412226491457e-04,-7.512982179781362e-05,1.666666666666667e+00,0.000000000000000e+00,2.981500000000000e+02,3.301439298055562e+02,3.000000000000000e+02,1.080277188413202e+03,3.261725196466163e+02,2,0.000000000000000e+00,0.000000000000000e+00
1.282000000001155e-04,1282,1.708834291888806e-01,1.134901183528792e+04,1.000000000000000e+00,8.000000000000000e-01,2.000000000000000e-01,2.117078893158113e-04,-7.512982179781362e-05,1.666666666666667e+00,0.000000000000000e+00,2.981500000000000e+02,3.302028633950816e+02,3.000000000000000e+02,1.080580908954735e+03,3.261924587551318e+02,2,0.000000000000000e+00,0.000000000000000e+00
1.283000000001144e-04,1283,1.865352093269746e-01,7.047373710133783e+03,1.000000000000000e+00,8.000000000000000e-01,2.000000000000000e-01,2.118745559824770e-04,-7.512982179781362e-05,1.666666666666667e+00,0.000000000000000e+00,2.981500000000000e+02,3.300625002337472e+02,3.000000000000000e+02,1.080892296422930e+03,3.262125990033256e+02,2,0.000000000000000e+00,0.000000000000000e+00
1.284000000001133e-04,1284,1.547142988419204e-01,6.869539145126324e+03,1.000000000000000e+00,8.000000000000000e-01,2.000000000000000e-01,2.120412226491427e-04,-7.512982179781362e-05,1.666666666666667e+00,0.000000000000000e+00,2.981500000000000e+02,3.301420830105426e+02,3.000000000000000e+02,1.081212670473017e+03,3.262329570079776e+02,2,0.000000000000000e+00,0.000000000000000e+00
1.285000000001121e-04,1285,1.867572344051468e-01,1.172263669599170e+04,1.000000000000000e+00,8.000000000000000e-01,2.000000000000000e-01,2.122078893158084e-04,-7.512982179781362e-05,1.666666666666667e+00,0.000000000000000e+00,2.981500000000000e+02,3.300439488811355e+02,3.000000000000000e+02,1.081472894807689e+03,3.262526112737978e+02,2,0.000000000000000e+00,0.000000000000000e+00
1.286000000001110e-04,1286,1.736593093779122e-01,3.259538503976654e+04,1.000000000000000e+00,8.000000000000000e-01,2.000000000000000e-01,2.123745559824740e-04,-7.512982179781362e-05,1.666666666666667e+00,0.000000000000000e+00,2.981500000000000e+02,3.301366589715979e+02,3.000000000000000e+02,1.081722658495660e+03,3.262724121451831e+02,2,0.000000000000000e+00,0.000000000000000e+00
1.287000000001099e-04,1287,1.737683157692339e-01,3.536437746992344e+04,1.000000000000000e+00,8.000000000000000e-01,2.000000000000000e-01,2.125412226491397e-04,-7.512982179781362e-05,1.666666666666667e+00,0.000000000000000e+00,2.981500000000000e+02,3.300651815871304e+02,3.000000000000000e+02,1.081958665373236e+03,3.262920580924129e+02,2,0.000000000000000e+00,0.000000000000000e+00
1.288000000001087e-04,1288,1.870392580652949e-01,4.513767944454905e+04,1.000000000000000e+00,8.000000000000000e-01,2.000000000000000e-01,2.127078893158054e-04,-7.512982179781362e-05,1.666666666666667e+00,0.000000000000000e+00,2.981500000000000e+02,3.301662827955552e+02,3.000000000000000e+02,1.082195229586206e+03,3.263120096179103e+02,2,0.000000000000000e+00,0.000000000000000e+00
1.289000000001076e-04,1289,1.731656273060149e-01,1.185291314728140e+04,1.000000000000000e+00,8.000000000000000e-01,2.000000000000000e-01,2.128745559824711e-04,-7.512982179781362e-05,1.666666666666667e+00,0.000000000000000e+00,2.981500000000000e+02,3.301352123955350e+02,3.000000000000000e+02,1.082439299028114e+03,3.263324195906717e+02,2,0.000000000000000e+00,0.000000000000000e+00
1.290000000001065e-04,1290,2.053106056723961e-01,4.191849648947152e+04,1.000000000000000e+00,8.000000000000000e-01,2.000000000000000e-01,2.130412226491368e-04,-7.512982179781362e-05,1.666666666666667e+00,0.000000000000000e+00,2.981500000000000e+02,3.302410597997601e+02,3.000000000000000e+02,1.082667498238552e+03,3.263527474293533e+02,2,0.000000000000000e+00,0.000000000000000e+00
1.291000000001053e-04,1291,1.896386938695087e-01,1.160352920497576e+04,1.000000000000000e+00,8.000000000000000e-01,2.000000000000000e-01,2.132078893158024e-04,-7.512982179781362e-05,1.666666666666667e+00,0.000000000000000e+00,2.981500000000000e+02,3.302933229688927e+02,3.000000000000000e+02,1.082929666256446e+03,3.263738008983377e+02,2,0.000000000000000e+00,0.000000000000000e+00
1.292000000001042e-04,1292,2.055209791114977e-01,2.214839333114773e+04,1.000000000000000e+00,8.000000000000000e-01,2.000000000000000e-01,2.133745559824681e-04,-7.512982179781362e-05,1.666666666666667e+00,0.000000000000000e+00,2.981500000000000e+02,3.303924604954831e+02,3.000000000000000e+02,1.083184046137399e+03,3.263943126728972e+02,2,0.000000000000000e+00,0.000000000000000e+00
1.293000000001031e-04,1293,1.898021413421027e-01,7.941344647638809e+03,1.000000000000000e+00,8.000000000000000e-01,2.000000000000000e-01,2.135412226491338e-04,-7.512982179781362e-05,1.666666666666667e+00,0.000000000000000e+00,2.981500000000000e+02,3.304772509455962e+02,3.000000000000000e+02,1.083463703726615e+03,3.264153710397960e+02,2,0.000000000000000e+00,0.000000000000000e+00
1.294000000001019e-04,1294,2.057332651807628e-01,1.025529009735741e+04,1.000000000000000e+00,8.000000000000000e-01,2.000000000000000e-01,2.137078893157995e-04,-7.512982179781362e-05,1.666666666666667e+00,0.000000000000000e+00,2.981500000000000e+02,3.305335639388111e+02,3.000000000000000e+02,1.083719460880394e+03,3.264356535428229e+02,2,0.000000000000000e+00,0.000000000000000e+00
1.295000000001008e-04,1295,1.736305412303850e-01,6.228415354396026e+03,1.000000000000000e+00,8.000000000000000e-01,2.000000000000000e-01,2.138745559824651e-04,-7.512982179781362e-05,1.666666666666667e+00,0.000000000000000e+00,2.981500000000000e+02,3.306443618702924e+02,3.000000000000000e+02,1.084055279737093e+03,3.264573564275804e+02,2,0.000000000000000e+00,0.000000000000000e+00
1.296000000000996e-04,1296,2.059378945517551e-01,1.075184569636729e+04,1.000000000000000e+00,8.000000000000000e-01,2.000000000000000e-01,2.140412226491308e-04,-7.512982179781362e-05,1.666666666666667e+00,0.000000000000000e+00,2.981500000000000e+02,3.306523351177390e+02,3.000000000000000e+02,1.084335960625126e+03,3.264779544305328e+02,2,0.000000000000000e+00,0.000000000000000e+00
1.297000000000985e-04,1297,1.737859180930893e-01,1.426533818228836e+04,1.000000000000000e+00,8.000000000000000e-01,2.000000000000000e-01,2.142078893157965e-04,-7.512982179781362e-05,1.666666666666667e+00,0.000000000000000e+00,2.981500000000000e+02,3.308186051977797e+02,3.000000000000000e+02,1.084702081512753e+03,3.265003980125549e+02,2,0.000000000000000e+00,0.000000000000000e+00
1.298000000000974e-04,1298,1.747352571470635e-01,3.920275577272334e+04,1.000000000000000e+00,8.000000000000000e-01,2.000000000000000e-01,2.143745559824622e-04,-7.512982179781362e-05,1.666666666666667e+00,0.000000000000000e+00,2.981500000000000e+02,3.308272630755183e+02,3.000000000000000e+02,1.084982268091650e+03,3.265215072868911e+02,2,0.000000000000000e+00,0.000000000000000e+00
1.299000000000962e-04,1299,1.882012445644236e-01,3.531765576975480e+04,1.000000000000000e+00,8.000000000000000e-01,2.000000000000000e-01,2.145412226491278e-04,-7.512982179781362e-05,1.666666666666667e+00,0.000000000000000e+00,2.981500000000000e+02,3.310032681467470e+02,3.000000000000000e+02,1.085361477407156e+03,3.265433434040651e+02,2,0.000000000000000e+00,0.000000000000000e+00
1.300000000000951e-04,1300,1.559983467827931e-01,1.328838578043308e+04,1.000000000000000e+00,8.000000000000000e-01,2.000000000000000e-01,2.147078893157935e-04,-7.512982179781362e-05,1.666666666666667e+00,0.000000000000000e+00,2.981500000000000e+02,3.309706388426341e+02,3.000000000000000e+02,1.085641300624466e+03,3.265643349013869e+02,2,0.000000000000000e+00,0.000000000000000e+00
1.301000000000940e-04,1301,1.884295637124049e-01,3.157865004238101e+04,1.000000000000000e+00,8.000000000000000e-01,2.000000000000000e-01,2.148745559824592e-04,-7.512982179781362e-05,1.666666666666667e+00,0.000000000000000e+00,2.981500000000000e+02,3.311631166668876e+02,3.000000000000000e+02,1.086041674334996e+03,3.265863369362123e+02,2,0.000000000000000e+00,0.000000000000000e+00
1.302000000000928e-04,1302,1.561569862671647e-01,1.513062645631385e+04,1.000000000000000e+00,8.000000000000000e-01,2.000000000000000e-01,2.150412226491249e-04,-7.512982179781362e-05,1.666666666666667e+00,0.000000000000000e+00,2.981500000000000e+02,3.311010709356412e+02,3.000000000000000e+02,1.086369604542144e+03,3.266077328620552e+02,2,0.000000000000000e+00,0.000000000000000e+00
1.303000000000917e-04,1303,1.886523769194355e-01,3.778673981506260e+04,1.000000000000000e+00,8.000000000000000e-01,2.000000000000000e-01,2.152078893157906e-04,-7.512982179781362e-05,1.666666666666667e+00,0.000000000000000e+00,2.981500000000000e+02,3.312951742824714e+02,3.000000000000000e+02,1.086813852422660e+03,3.266300480957968e+02,2,0.000000000000000e+00,0.000000000000000e+00
1.304000000000906e-04,1304,1.563120180253693e-01,1.455930174974204e+04,1.000000000000000e+00,8.000000000000000e-01,2.000000000000000e-01,2.153745559824562e-04,-7.512982179781362e-05,1.666666666666667e+00,0.000000000000000e+00,2.981500000000000e+02,3.334413671778965e+02,3.000000000000000e+02,1.087357349259792e+03,3.266550770087175e+02,2,0.000000000000000e+00,0.000000000000000e+00
1.305000000000894e-04,1305,1.981129263668395e-01,1.883764595848897e+04,1.000000000000000e+00,8.000000000000000e-01,2.000000000000000e-01,2.155412226491219e-04,-7.512982179781362e-05,1.666666666666667e+00,0.000000000000000e+00,2.981500000000000e+02,3.334492236953128e+02,3.000000000000000e+02,1.088102202461560e+03,3.266832727666435e+02,2,0.000000000000000e+00,0.000000000000000e+00
1.306000000000883e-04,1306,1.565220215847858e-01,1.146464829082313e+04,1.000000000000000e+00,8.000000000000000e-01,2.000000000000000e-01,2.157078893157876e-04,-7.512982179781362e-05,1.666666666666667e+00,0.000000000000000e+00,2.981500000000000e+02,3.325460531380264e+02,3.000000000000000e+02,1.088660271313587e+03,3.267085083939360e+02,2,0.000000000000000e+00,0.000000000000000e+00
1.307000000000871e-04,1307,1.985355911918214e-01,8.607598850379203e+03,1.000000000000000e+00,8.000000000000000e-01,2.000000000000000e-01,2.158745559824533e-04,-7.512982179781362e-05,1.666666666666667e+00,0.000000000000000e+00,2.981500000000000e+02,3.320945960938503e+02,3.000000000000000e+02,1.089163640320261e+03,3.267313574354027e+02,2,0.000000000000000e+00,0.000000000000000e+00
1.308000000000860e-04,1308,1.747948913722950e-01,1.700664944773331e+04,1.000000000000000e+00,8.000000000000000e-01,2.000000000000000e-01,2.160412226491189e-04,-7.512982179781362e-05,1.666666666666667e+00,0.000000000000000e+00,2.981500000000000e+02,3.318508606009495e+02,3.000000000000000e+02,1.089557713146361e+03,3.267527495909173e+02,2,0.000000000000000e+00,0.000000000000000e+00
1.309000000000849e-04,1309,1.941094106816013e-01,1.299745948977369e+04,1.000000000000000e+00,8.000000000000000e-01,2.000000000000000e-01,2.162078893157846e-04,-7.512982179781362e-05,1.666666666666667e+00,0.000000000000000e+00,2.981500000000000e+02,3.318363139509315e+02,3.000000000000000e+02,1.089980621201701e+03,3.267728591568795e+02,2,0.000000000000000e+00,0.000000000000000e+00
1.310000000000837e-04,1310,2.169830550595865e-01,4.344306066737388e+04,1.000000000000000e+00,8.000000000000000e-01,2.000000000000000e-01,2.163745559824503e-04,-7.512982179781362e-05,1.666666666666667e+00,0.000000000000000e+00,2.981500000000000e+02,3.317139827371268e+02,3.000000000000000e+02,1.090394048951723e+03,3.267938121926421e+02,2,0.000000000000000e+00,0.000000000000000e+00
1.311000000000826e-04,1311,1.750159332982442e-01,2.049993037103123e+04,1.000000000000000e+00,8.000000000000000e-01,2.000000000000000e-01,2.165412226491160e-04,-7.512982179781362e-05,1.666666666666667e+00,0.000000000000000e+00,2.981500000000000e+02,3.351442523357495e+02,3.000000000000000e+02,1.090899940768015e+03,3.268184290804215e+02,2,0.000000000000000e+00,0.000000000000000e+00
1.312000000000815e-04,1312,2.174168790026335e-01,4.984929219079607e+04,1.000000000000000e+00,8.000000000000000e-01,2.000000000000000e-01,2.167078893157816e-04,-7.512982179781362e-05,1.666666666666667e+00,0.000000000000000e+00,2.981500000000000e+02,3.352582180564019e+02,3.000000000000000e+02,1.091431261179427e+03,3.268440938626626e+02,2,0.000000000000000e+00,0.000000000000000e+00
1.313000000000803e-04,1313,1.752947717783733e-01,1.216846078434507e+04,1.000000000000000e+00,8.000000000000000e-01,2.000000000000000e-01,2.168745559824473e-04,-7.512982179781362e-05,1.666666666666667e+00,0.000000000000000e+00,2.981500000000000e+02,3.350705239178288e+02,3.000000000000000e+02,1.091979476724647e+03,3.268676361737678e+02,2,0.000000000000000e+00,0.000000000000000e+00
1.314000000000792e-04,1314,2.178306437908877e-01,2.746000240745046e+04,1.000000000000000e+00,8.000000000000000e-01,2.000000000000000e-01,2.170412226491130e-04,-7.512982179781362e-05,1.666666666666667e+00,0.000000000000000e+00,2.981500000000000e+02,3.344154808796482e+02,3.000000000000000e+02,1.092426890514661e+03,3.268900959973354e+02,2,0.000000000000000e+00,0.000000000000000e+00
1.315000000000781e-04,1315,1.574936136025639e-01,6.929549490068682e+03,1.000000000000000e+00,8.000000000000000e-01,2.000000000000000e-01,2.172078893157787e-04,-7.512982179781362e-05,1.666666666666667e+00,0.000000000000000e+00,2.981500000000000e+02,3.338709395871323e+02,3.000000000000000e+02,1.092788759547594e+03,3.269109670590788e+02,2,0.000000000000000e+00,0.000000000000000e+00
1.316000000000769e-04,1316,2.000936839150803e-01,1.840523862295185e+04,1.000000000000000e+00,8.000000000000000e-01,2.000000000000000e-01,2.173745559824444e-04,-7.512982179781362e-05,1.666666666666667e+00,0.000000000000000e+00,2.981500000000000e+02,3.332341942367479e+02,3.000000000000000e+02,1.093157845393198e+03,3.269315956034077e+02,2,0.000000000000000e+00,0.000000000000000e+00
1.317000000000758e-04,1317,1.577022397248822e-01,6.061293035154718e+03,1.000000000000000e+00,8.000000000000000e-01,2.000000000000000e-01,2.175412226491100e-04,-7.512982179781362e-05,1.666666666666667e+00,0.000000000000000e+00,2.981500000000000e+02,3.327277784728988e+02,3.000000000000000e+02,1.093427714402817e+03,3.269507406534066e+02,2,0.000000000000000e+00,0.000000000000000e+00
1.318000000000747e-04,1318,2.003831892933616e-01,9.162211432465174e+03,1.000000000000000e+00,8.000000000000000e-01,2.000000000000000e-01,2.177078893157757e-04,-7.512982179781362e-05,1.666666666666667e+00,0.000000000000000e+00,2.981500000000000e+02,3.322176344988081e+02,3.000000000000000e+02,1.093830278294728e+03,3.269709734011886e+02,2,0.000000000000000e+00,0.000000000000000e+00
1.319000000000735e-04,1319,1.578789992075563e-01,4.668920950092181e+03,1.000000000000000e+00,8.000000000000000e-01,2.000000000000000e-01,2.178745559824414e-04,-7.512982179781362e-05,1.666666666666667e+00,0.000000000000000e+00,2.981500000000000e+02,3.318058213440407e+02,3.000000000000000e+02,1.094123407563814e+03,3.269898312864800e+02,2,0.000000000000000e+00,0.000000000000000e+00
1.320000000000724e-04,1320,1.973832113182730e-01,9.437314939611613e+03,1.000000000000000e+00,8.000000000000000e-01,2.000000000000000e-01,2.180412226491071e-04,-7.512982179781362e-05,1.666666666666667e+00,0.000000000000000e+00,2.981500000000000e+02,3.313860149126137e+02,3.000000000000000e+02,1.094448417366678e+03,3.270092318629243e+02,2,0.000000000000000e+00,0.000000000000000e+00
1.321000000000712e-04,1321,1.547984640148138e-01,5.436088062842528e+03,1.000000000000000e+00,8.000000000000000e-01,2.000000000000000e-01,2.182078893157727e-04,-7.512982179781362e-05,1.666666666666667e+00,0.000000000000000e+00,2.981500000000000e+02,3.310453022090085e+02,3.000000000000000e+02,1.094671901681130e+03,3.270281183023256e+02,2,0.000000000000000e+00,0.000000000000000e+00
1.322000000000701e-04,1322,1.976230452958493e-01,1.816397716119573e+04,1.000000000000000e+00,8.000000000000000e-01,2.000000000000000e-01,2.183745559824384e-04,-7.512982179781362e-05,1.666666666666667e+00,0.000000000000000e+00,2.981500000000000e+02,3.307486128191454e+02,3.000000000000000e+02,1.095059831167434e+03,3.270475003676523e+02,2,0.000000000000000e+00,0.000000000000000e+00
1.323000000000690e-04,1323,1.976835107753226e-01,1.788282097118174e+04,1.000000000000000e+00,8.000000000000000e-01,2.000000000000000e-01,2.185412226491041e-04,-7.512982179781362e-05,1.666666666666667e+00,0.000000000000000e+00,2.981500000000000e+02,3.304767909038536e+02,3.000000000000000e+02,1.095246825278893e+03,3.270653151128776e+02,2,0.000000000000000e+00,0.000000000000000e+00
1.324000000000678e-04,1324,1.816852012755809e-01,1.392368349850463e+04,1.000000000000000e+00,8.000000000000000e-01,2.000000000000000e-01,2.187078893157698e-04,-7.512982179781362e-05,1.666666666666667e+00,0.000000000000000e+00,2.981500000000000e+02,3.302468121632592e+02,3.000000000000000e+02,1.095592681932988e+03,3.270844049725399e+02,2,0.000000000000000e+00,0.000000000000000e+00
1.325000000000667e-04,1325,1.979304800549027e-01,2.694084252059250e+04,1.000000000000000e+00,8.000000000000000e-01,2.000000000000000e-01,2.188745559824354e-04,-7.512982179781362e-05,1.666666666666667e+00,0.000000000000000e+00,2.981500000000000e+02,3.300344009421019e+02,3.000000000000000e+02,1.095907908873131e+03,3.271037003180295e+02,2,0.000000000000000e+00,0.000000000000000e+00
1.326000000000656e-04,1326,1.646756388324473e-01,8.554886910666864e+03,1.000000000000000e+00,8.000000000000000e-01,2.000000000000000e-01,2.190412226491011e-04,-7.512982179781362e-05,1.666666666666667e+00,0.000000000000000e+00,2.981500000000000e+02,3.298727847156551e+02,3.000000000000000e+02,1.096307638774023e+03,3.271224863127189e+02,2,0.000000000000000e+00,0.000000000000000e+00
1.327000000000644e-04,1327,1.981793289403047e-01,2.952891849925063e+04,1.000000000000000e+00,8.000000000000000e-01,2.000000000000000e-01,2.192078893157668e-04,-7.512982179781362e-05,1.666666666666667e+00,0.000000000000000e+00,2.981500000000000e+02,3.297205060180900e+02,3.000000000000000e+02,1.096562457954514e+03,3.271415254717064e+02,2,0.000000000000000e+00,0.000000000000000e+00
1.328000000000633e-04,1328,1.552618600725549e-01,8.881197289511882e+03,1.000000000000000e+00,8.000000000000000e-01,2.000000000000000e-01,2.193745559824325e-04,-7.512982179781362e-05,1.666666666666667e+00,0.000000000000000e+00,2.981500000000000e+02,3.296106973567427e+02,3.000000000000000e+02,1.097023510607146e+03,3.271619466584738e+02,2,0.000000000000000e+00,0.000000000000000e+00
1.329000000000622e-04,1329,1.984184389058466e-01,2.495032474781314e+04,1.000000000000000e+00,8.000000000000000e-01,2.000000000000000e-01,2.195412226490982e-04,-7.512982179781362e-05,1.666666666666667e+00,0.000000000000000e+00,2.981500000000000e+02,3.294994336316602e+02,3.000000000000000e+02,1.097415633843380e+03,3.271830679857975e+02,2,0.000000000000000e+00,0.000000000000000e+00
1.330000000000610e-04,1330,1.554237186433281e-01,7.397480605517121e+03,1.000000000000000e+00,8.000000000000000e-01,2.000000000000000e-01,2.197078893157638e-04,-7.512982179781362e-05,1.666666666666667e+00,0.000000000000000e+00,2.981500000000000e+02,3.294323736375187e+02,3.000000000000000e+02,1.097811816265508e+03,3.272036627199218e+02,2,0.000000000000000e+00,0.000000000000000e+00
1.331000000000599e-04,1331,1.986820856409036e-01,1.809114378328375e+04,1.000000000000000e+00,8.000000000000000e-01,2.000000000000000e-01,2.198745559824295e-04,-7.512982179781362e-05,1.666666666666667e+00,0.000000000000000e+00,2.981500000000000e+02,3.293514862779268e+02,3.000000000000000e+02,1.098123858148692e+03,3.272241929448434e+02,2,0.000000000000000e+00,0.000000000000000e+00
1.332000000000587e-04,1332,1.652407276552532e-01,6.375891874631865e+03,1.000000000000000e+00,8.000000000000000e-01,2.000000000000000e-01,2.200412226490952e-04,-7.512982179781362e-05,1.666666666666667e+00,0.000000000000000e+00,2.981500000000000e+02,3.292976082067432e+02,3.000000000000000e+02,1.098560565129757e+03,3.272450399681121e+02,2,0.000000000000000e+00,0.000000000000000e+00
1.333000000000576e-04,1333,1.989319406103951e-01,1.235116681482381e+04,1.000000000000000e+00,8.000000000000000e-01,2.000000000000000e-01,2.202078893157609e-04,-7.512982179781362e-05,1.666666666666667e+00,0.000000000000000e+00,2.981500000000000e+02,3.292630937243060e+02,3.000000000000000e+02,1.098946361057092e+03,3.272662334603841e+02,2,0.000000000000000e+00,0.000000000000000e+00
1.334000000000565e-04,1334,1.654429899499857e-01,6.661755896055018e+03,1.000000000000000e+00,8.000000000000000e-01,2.000000000000000e-01,2.203745559824265e-04,-7.512982179781362e-05,1.666666666666667e+00,0.000000000000000e+00,2.981500000000000e+02,3.292447328897059e+02,3.000000000000000e+02,1.099415397751240e+03,3.272883853882968e+02,2,0.000000000000000e+00,0.000000000000000e+00
1.335000000000553e-04,1335,1.992009897862041e-01,7.635769272661720e+03,1.000000000000000e+00,8.000000000000000e-01,2.000000000000000e-01,2.205412226490922e-04,-7.512982179781362e-05,1.666666666666667e+00,0.000000000000000e+00,2.981500000000000e+02,3.292524011741834e+02,3.000000000000000e+02,1.099874298649018e+03,3.273111524610268e+02,2,0.000000000000000e+00,0.000000000000000e+00
1.336000000000542e-04,1336,1.656699490984467e-01,4.900677668294811e+03,1.000000000000000e+00,8.000000000000000e-01,2.000000000000000e-01,2.207078893157579e-04,-7.512982179781362e-05,1.666666666666667e+00,0.000000000000000e+00,2.981500000000000e+02,3.292720934462164e+02,3.000000000000000e+02,1.100291310360657e+03,3.273322342162306e+02,2,0.000000000000000e+00,0.000000000000000e+00
1.337000000000531e-04,1337,1.994455053531546e-01,1.294220413414229e+04,1.000000000000000e+00,8.000000000000000e-01,2.000000000000000e-01,2.208745559824236e-04,-7.512982179781362e-05,1.666666666666667e+00,0.000000000000000e+00,2.981500000000000e+02,3.292913899657327e+02,3.000000000000000e+02,1.100665068419789e+03,3.273535565038815e+02,2,0.000000000000000e+00,0.000000000000000e+00
1.338000000000519e-04,1338,1.658718935927277e-01,8.937572439646847e+03,1.000000000000000e+00,8.000000000000000e-01,2.000000000000000e-01,2.210412226490892e-04,-7.512982179781362e-05,1.666666666666667e+00,0.000000000000000e+00,2.981500000000000e+02,3.293128140158992e+02,3.000000000000000e+02,1.101050239702679e+03,3.273744716008356e+02,2,0.000000000000000e+00,0.000000000000000e+00
1.339000000000508e-04,1339,1.996769825060405e-01,2.631533810298227e+04,1.000000000000000e+00,8.000000000000000e-01,2.000000000000000e-01,2.212078893157549e-04,-7.512982179781362e-05,1.666666666666667e+00,0.000000000000000e+00,2.981500000000000e+02,3.293384028188225e+02,3.000000000000000e+02,1.101450378596923e+03,3.273955783101932e+02,2,0.000000000000000e+00,0.000000000000000e+00
1.340000000000497e-04,1340,1.802357598892379e-01,1.663777932237821e+04,1.000000000000000e+00,8.000000000000000e-01,2.000000000000000e-01,2.213745559824206e-04,-7.512982179781362e-05,1.666666666666667e+00,0.000000000000000e+00,2.981500000000000e+02,3.293851390968751e+02,3.000000000000000e+02,1.101813391948579e+03,3.274169601349221e+02,2,0.000000000000000e+00,0.000000000000000e+00
1.341000000000485e-04,1341,1.803517975901903e-01,2.661302910747543e+04,1.000000000000000e+00,8.000000000000000e-01,2.000000000000000e-01,2.215412226490863e-04,-7.512982179781362e-05,1.666666666666667e+00,0.000000000000000e+00,2.981500000000000e+02,3.294015853229828e+02,3.000000000000000e+02,1.102227577991424e+03,3.274382426219869e+02,2,0.000000000000000e+00,0.000000000000000e+00
1.342000000000474e-04,1342,2.000230480466503e-01,2.618698725939546e+04,1.000000000000000e+00,8.000000000000000e-01,2.000000000000000e-01,2.217078893157519e-04,-7.512982179781362e-05,1.666666666666667e+00,0.000000000000000e+00,2.981500000000000e+02,3.294666233631966e+02,3.000000000000000e+02,1.102579851345133e+03,3.274591892890147e+02,2,0.000000000000000e+00,0.000000000000000e+00
1.343000000000463e-04,1343,1.805642581361292e-01,2.918392978994400e+04,1.000000000000000e+00,8.000000000000000e-01,2.000000000000000e-01,2.218745559824176e-04,-7.512982179781362e-05,1.666666666666667e+00,0.000000000000000e+00,2.981500000000000e+02,3.295004020540416e+02,3.000000000000000e+02,1.102946511067328e+03,3.274796638752100e+02,2,0.000000000000000e+00,0.000000000000000e+00
1.344000000000451e-04,1344,2.002581244683077e-01,2.667673297900787e+04,1.000000000000000e+00,8.000000000000000e-01,2.000000000000000e-01,2.220412226490833e-04,-7.512982179781362e-05,1.666666666666667e+00,0.000000000000000e+00,2.981500000000000e+02,3.295572549519231e+02,3.000000000000000e+02,1.103237961790018e+03,3.275000666164520e+02,2,0.000000000000000e+00,0.000000000000000e+00
1.345000000000440e-04,1345,1.807917971952652e-01,2.073337562676045e+04,1.000000000000000e+00,8.000000000000000e-01,2.000000000000000e-01,2.222078893157490e-04,-7.512982179781362e-05,1.666666666666667e+00,0.000000000000000e+00,2.981500000000000e+02,3.295981677668948e+02,3.000000000000000e+02,1.103650627286273e+03,3.275207901849086e+02,2,0.000000000000000e+00,0.000000000000000e+00
1.346000000000428e-04,1346,2.004919961002072e-01,2.336341954230854e+04,1.000000000000000e+00,8.000000000000000e-01,2.000000000000000e-01,2.223745559824147e-04,-7.512982179781362e-05,1.666666666666667e+00,0.000000000000000e+00,2.981500000000000e+02,3.296601716994839e+02,3.000000000000000e+02,1.103953801026956e+03,3.275409239698057e+02,2,0.000000000000000e+00,0.000000000000000e+00
1.347000000000417e-04,1347,1.810236825126324e-01,1.792043684756240e+04,1.000000000000000e+00,8.000000000000000e-01,2.000000000000000e-01,2.225412226490803e-04,-7.512982179781362e-05,1.666666666666667e+00,0.000000000000000e+00,2.981500000000000e+02,3.297070323321147e+02,3.000000000000000e+02,1.104352327974801e+03,3.275613871695705e+02,2,0.000000000000000e+00,0.000000000000000e+00
1.348000000000406e-04,1348,2.007393513458955e-01,1.246637345020171e+04,1.000000000000000e+00,8.000000000000000e-01,2.000000000000000e-01,2.227078893157460e-04,-7.512982179781362e-05,1.666666666666667e+00,0.000000000000000e+00,2.981500000000000e+02,3.297570052004576e+02,3.000000000000000e+02,1.104695605943908e+03,3.275828630778705e+02,2,0.000000000000000e+00,0.000000000000000e+00
1.349000000000394e-04,1349,1.670408203480460e-01,1.402681061377136e+04,1.000000000000000e+00,8.000000000000000e-01,2.000000000000000e-01,2.228745559824117e-04,-7.512982179781362e-05,1.666666666666667e+00,0.000000000000000e+00,2.981500000000000e+02,3.298371101470208e+02,3.000000000000000e+02,1.105109772795651e+03,3.276038236093499e+02,2,0.000000000000000e+00,0.000000000000000e+00
1.350000000000383e-04,1350,1.848866686929161e-01,1.083485857746360e+04,1.000000000000000e+00,8.000000000000000e-01,2.000000000000000e-01,2.230412226490774e-04,-7.512982179781362e-05,1.666666666666667e+00,0.000000000000000e+00,2.981500000000000e+02,3.299054173786772e+02,3.000000000000000e+02,1.105431480672710e+03,3.276250595883356e+02,2,0.000000000000000e+00,0.000000000000000e+00
1.351000000000372e-04,1351,1.672837621086148e-01,9.204552745682457e+03,1.000000000000000e+00,8.000000000000000e-01,2.000000000000000e-01,2.232078893157430e-04,-7.512982179781362e-05,1.666666666666667e+00,0.000000000000000e+00,2.981500000000000e+02,3.300046487308522e+02,3.000000000000000e+02,1.105806826960870e+03,3.276458558557549e+02,2,0.000000000000000e+00,0.000000000000000e+00
1.352000000000360e-04,1352,1.850880986025008e-01,1.033545111764994e+04,1.000000000000000e+00,8.000000000000000e-01,2.000000000000000e-01,2.233745559824087e-04,-7.512982179781362e-05,1.666666666666667e+00,0.000000000000000e+00,2.981500000000000e+02,3.300784225982795e+02,3.000000000000000e+02,1.106151729559082e+03,3.276669410336885e+02,2,0.000000000000000e+00,0.000000000000000e+00
1.353000000000349e-04,1353,1.817403107546955e-01,9.201326443654685e+03,1.000000000000000e+00,8.000000000000000e-01,2.000000000000000e-01,2.235412226490744e-04,-7.512982179781362e-05,1.666666666666667e+00,0.000000000000000e+00,2.981500000000000e+02,3.301753545519048e+02,3.000000000000000e+02,1.106541020079829e+03,3.276878781488512e+02,2,0.000000000000000e+00,0.000000000000000e+00
1.354000000000338e-04,1354,2.014939854124689e-01,1.050450847559964e+04,1.000000000000000e+00,8.000000000000000e-01,2.000000000000000e-01,2.237078893157401e-04,-7.512982179781362e-05,1.666666666666667e+00,0.000000000000000e+00,2.981500000000000e+02,3.302687825825573e+02,3.000000000000000e+02,1.106980236203413e+03,3.277099024801258e+02,2,0.000000000000000e+00,0.000000000000000e+00
1.355000000000326e-04,1355,1.820029352084807e-01,8.156523323915870e+03,1.000000000000000e+00,8.000000000000000e-01,2.000000000000000e-01,2.238745559824057e-04,-7.512982179781362e-05,1.666666666666667e+00,0.000000000000000e+00,2.981500000000000e+02,3.304090832605912e+02,3.000000000000000e+02,1.107450642526184e+03,3.277328318025737e+02,2,0.000000000000000e+00,0.000000000000000e+00
1.356000000000315e-04,1356,2.017877527098236e-01,1.730125915702903e+04,1.000000000000000e+00,8.000000000000000e-01,2.000000000000000e-01,2.240412226490714e-04,-7.512982179781362e-05,1.666666666666667e+00,0.000000000000000e+00,2.981500000000000e+02,3.305205303720703e+02,3.000000000000000e+02,1.107970792374221e+03,3.277555620482356e+02,2,0.000000000000000e+00,0.000000000000000e+00
1.357000000000303e-04,1357,1.822936086950240e-01,9.770243252301785e+03,1.000000000000000e+00,8.000000000000000e-01,2.000000000000000e-01,2.242078893157371e-04,-7.512982179781362e-05,1.666666666666667e+00,0.000000000000000e+00,2.981500000000000e+02,3.306768473709904e+02,3.000000000000000e+02,1.108419634974296e+03,3.277784718732728e+02,2,0.000000000000000e+00,0.000000000000000e+00
1.358000000000292e-04,1358,2.021150782117508e-01,3.247272753298424e+04,1.000000000000000e+00,8.000000000000000e-01,2.000000000000000e-01,2.243745559824028e-04,-7.512982179781362e-05,1.666666666666667e+00,0.000000000000000e+00,2.981500000000000e+02,3.308029145630663e+02,3.000000000000000e+02,1.108944361831380e+03,3.278015840557794e+02,2,0.000000000000000e+00,0.000000000000000e+00
1.359000000000281e-04,1359,2.022296721766369e-01,2.025680727563192e+04,1.000000000000000e+00,8.000000000000000e-01,2.000000000000000e-01,2.245412226490685e-04,-7.512982179781362e-05,1.666666666666667e+00,0.000000000000000e+00,2.981500000000000e+02,3.309558174202104e+02,3.000000000000000e+02,1.109415952225057e+03,3.278241022177173e+02,2,0.000000000000000e+00,0.000000000000000e+00
1.360000000000269e-04,1360,2.023913931463384e-01,2.975735072084469e+04,1.000000000000000e+00,8.000000000000000e-01,2.000000000000000e-01,2.247078893157341e-04,-7.512982179781362e-05,1.666666666666667e+00,0.000000000000000e+00,2.981500000000000e+02,3.310767836323437e+02,3.000000000000000e+02,1.109926248589862e+03,3.278460812264862e+02,2,0.000000000000000e+00,0.000000000000000e+00
1.361000000000258e-04,1361,2.025193548267333e-01,3.869194506640716e+04,1.000000000000000e+00,8.000000000000000e-01,2.000000000000000e-01,2.248745559823998e-04,-7.512982179781362e-05,1.666666666666667e+00,0.000000000000000e+00,2.981500000000000e+02,3.312420411705209e+02,3.000000000000000e+02,1.110384758019448e+03,3.278683956837925e+02,2,0.000000000000000e+00,0.000000000000000e+00
1.362000000000247e-04,1362,1.829430231100557e-01,3.010227418937087e+04,1.000000000000000e+00,8.000000000000000e-01,2.000000000000000e-01,2.250412226490655e-04,-7.512982179781362e-05,1.666666666666667e+00,0.000000000000000e+00,2.981500000000000e+02,3.313968719558018e+02,3.000000000000000e+02,1.110924688298032e+03,3.278905288599044e+02,2,0.000000000000000e+00,0.000000000000000e+00
1.363000000000235e-04,1363,2.027763719819819e-01,2.472827158019778e+04,1.000000000000000e+00,8.000000000000000e-01,2.000000000000000e-01,2.252078893157312e-04,-7.512982179781362e-05,1.666666666666667e+00,0.000000000000000e+00,2.981500000000000e+02,3.315690334752704e+02,3.000000000000000e+02,1.111412628910243e+03,3.279128141822612e+02,2,0.000000000000000e+00,0.000000000000000e+00
1.364000000000224e-04,1364,1.831981384245465e-01,2.534617121464996e+04,1.000000000000000e+00,8.000000000000000e-01,2.000000000000000e-01,2.253745559823968e-04,-7.512982179781362e-05,1.666666666666667e+00,0.000000000000000e+00,2.981500000000000e+02,3.317521241545816e+02,3.000000000000000e+02,1.111930125819221e+03,3.279340488351393e+02,2,0.000000000000000e+00,0.000000000000000e+00
1.365000000000213e-04,1365,1.865842696295414e-01,1.210143333995908e+04,1.000000000000000e+00,8.000000000000000e-01,2.000000000000000e-01,2.255412226490625e-04,-7.512982179781362e-05,1.666666666666667e+00,0.000000000000000e+00,2.981500000000000e+02,3.319069318097738e+02,3.000000000000000e+02,1.112428857042641e+03,3.279563285709519e+02,2,0.000000000000000e+00,0.000000000000000e+00
1.366000000000201e-04,1366,1.834354414572105e-01,1.734827912207530e+04,1.000000000000000e+00,8.000000000000000e-01,2.000000000000000e-01,2.257078893157282e-04,-7.512982179781362e-05,1.666666666666667e+00,0.000000000000000e+00,2.981500000000000e+02,3.320496216874427e+02,3.000000000000000e+02,1.112945899203417e+03,3.279772787715352e+02,2,0.000000000000000e+00,0.000000000000000e+00
1.367000000000190e-04,1367,1.812794568173700e-01,1.025063707469848e+04,1.000000000000000e+00,8.000000000000000e-01,2.000000000000000e-01,2.258745559823939e-04,-7.512982179781362e-05,1.666666666666667e+00,0.000000000000000e+00,2.981500000000000e+02,3.322122875823098e+02,3.000000000000000e+02,1.113459205021725e+03,3.279992960427838e+02,2,0.000000000000000e+00,0.000000000000000e+00
1.368000000000179e-04,1368,1.837054579601387e-01,1.082061763252738e+04,1.000000000000000e+00,8.000000000000000e-01,2.000000000000000e-01,2.260412226490595e-04,-7.512982179781362e-05,1.666666666666667e+00,0.000000000000000e+00,2.981500000000000e+02,3.324285536122514e+02,3.000000000000000e+02,1.114008640218238e+03,3.280209286966564e+02,2,0.000000000000000e+00,0.000000000000000e+00
1.369000000000167e-04,1369,1.815670169967501e-01,5.663178258131611e+03,1.000000000000000e+00,8.000000000000000e-01,2.000000000000000e-01,2.262078893157252e-04,-7.512982179781362e-05,1.666666666666667e+00,0.000000000000000e+00,2.981500000000000e+02,3.326081208555012e+02,3.000000000000000e+02,1.114527294621470e+03,3.280427691660453e+02,2,0.000000000000000e+00,0.000000000000000e+00
1.370000000000156e-04,1370,1.928637473336785e-01,4.700133597165511e+03,1.000000000000000e+00,8.000000000000000e-01,2.000000000000000e-01,2.263745559823909e-04,-7.512982179781362e-05,1.666666666666667e+00,0.000000000000000e+00,2.981500000000000e+02,3.328781259697564e+02,3.000000000000000e+02,1.115039715619145e+03,3.280638315962502e+02,2,0.000000000000000e+00,0.000000000000000e+00
1.371000000000144e-04,1371,2.127281760769485e-01,2.526179157889388e+04,1.000000000000000e+00,8.000000000000000e-01,2.000000000000000e-01,2.265412226490566e-04,-7.512982179781362e-05,1.666666666666667e+00,0.000000000000000e+00,2.981500000000000e+02,3.331100398964374e+02,3.000000000000000e+02,1.115505553761294e+03,3.280849173014337e+02,2,0.000000000000000e+00,0.000000000000000e+00
1.372000000000133e-04,1372,1.931924612498287e-01,8.743137699739918e+03,1.000000000000000e+00,8.000000000000000e-01,2.000000000000000e-01,2.267078893157223e-04,-7.512982179781362e-05,1.666666666666667e+00,0.000000000000000e+00,2.981500000000000e+02,3.334096579193662e+02,3.000000000000000e+02,1.115976296892893e+03,3.281058008189590e+02,2,0.000000000000000e+00,0.000000000000000e+00
1.373000000000122e-04,1373,2.130637607015465e-01,4.452381096458570e+04,1.000000000000000e+00,8.000000000000000e-01,2.000000000000000e-01,2.268745559823879e-04,-7.512982179781362e-05,1.666666666666667e+00,0.000000000000000e+00,2.981500000000000e+02,3.336161175744630e+02,3.000000000000000e+02,1.116417627133764e+03,3.281265358119372e+02,2,0.000000000000000e+00,0.000000000000000e+00
1.374000000000110e-04,1374,2.132245312664392e-01,2.380855840503624e+04,1.000000000000000e+00,8.000000000000000e-01,2.000000000000000e-01,2.270412226490536e-04,-7.512982179781362e-05,1.666666666666667e+00,0.000000000000000e+00,2.981500000000000e+02,3.339526336468440e+02,3.000000000000000e+02,1.116868493410078e+03,3.281475608028585e+02,2,0.000000000000000e+00,0.000000000000000e+00
1.375000000000099e-04,1375,1.936450187497332e-01,4.131140027701824e+04,1.000000000000000e+00,8.000000000000000e-01,2.000000000000000e-01,2.272078893157193e-04,-7.512982179781362e-05,1.666666666666667e+00,0.000000000000000e+00,2.981500000000000e+02,3.342077120184518e+02,3.000000000000000e+02,1.117264086476517e+03,3.281687235137324e+02,2,0.000000000000000e+00,0.000000000000000e+00
1.376000000000088e-04,1376,1.969296405781338e-01,1.011469747264409e+04,1.000000000000000e+00,8.000000000000000e-01,2.000000000000000e-01,2.273745559823850e-04,-7.512982179781362e-05,1.666666666666667e+00,0.000000000000000e+00,2.981500000000000e+02,3.345487396284782e+02,3.000000000000000e+02,1.117671695826864e+03,3.281901759441006e+02,2,0.000000000000000e+00,0.000000000000000e+00
1.377000000000076e-04,1377,1.939741958442919e-01,2.771888636769284e+04,1.000000000000000e+00,8.000000000000000e-01,2.000000000000000e-01,2.275412226490506e-04,-7.512982179781362e-05,1.666666666666667e+00,0.000000000000000e+00,2.981500000000000e+02,3.348078151279690e+02,3.000000000000000e+02,1.118006400877111e+03,3.282106265993044e+02,2,0.000000000000000e+00,0.000000000000000e+00
1.378000000000065e-04,1378,1.828134249214371e-01,1.129965612024235e+04,1.000000000000000e+00,8.000000000000000e-01,2.000000000000000e-01,2.277078893157163e-04,-7.512982179781362e-05,1.666666666666667e+00,0.000000000000000e+00,2.981500000000000e+02,3.351835967298043e+02,3.000000000000000e+02,1.118338782572195e+03,3.282320683507607e+02,2,0.000000000000000e+00,0.000000000000000e+00
1.379000000000054e-04,1379,1.943009656873669e-01,1.355411428178633e+04,1.000000000000000e+00,8.000000000000000e-01,2.000000000000000e-01,2.278745559823820e-04,-7.512982179781362e-05,1.666666666666667e+00,0.000000000000000e+00,2.981500000000000e+02,3.354215588058368e+02,3.000000000000000e+02,1.118652554391567e+03,3.282525469150013e+02,2,0.000000000000000e+00,0.000000000000000e+00
1.380000000000042e-04,1380,2.142028900863554e-01,1.384332423977663e+04,1.000000000000000e+00,8.000000000000000e-01,2.000000000000000e-01,2.280412226490477e-04,-7.512982179781362e-05,1.666666666666667e+00,0.000000000000000e+00,2.981500000000000e+02,3.357757803786870e+02,3.000000000000000e+02,1.119008765169439e+03,3.282741613801286e+02,2,0.000000000000000e+00,0.000000000000000e+00
1.381000000000031e-04,1381,1.946223818865602e-01,1.372547190474990e+04,1.000000000000000e+00,8.000000000000000e-01,2.000000000000000e-01,2.282078893157133e-04,-7.512982179781362e-05,1.666666666666667e+00,0.000000000000000e+00,2.981500000000000e+02,3.359778232364162e+02,3.000000000000000e+02,1.119306132693815e+03,3.282949982037271e+02,2,0.000000000000000e+00,0.000000000000000e+00
1.382000000000019e-04,1382,2.145191934298134e-01,4.604779887471357e+04,1.000000000000000e+00,8.000000000000000e-01,2.000000000000000e-01,2.283745559823790e-04,-7.512982179781362e-05,1.666666666666667e+00,0.000000000000000e+00,2.981500000000000e+02,3.363125693439488e+02,3.000000000000000e+02,1.119648369307422e+03,3.283171879529766e+02,2,0.000000000000000e+00,0.000000000000000e+00
1.383000000000008e-04,1383,2.002937891490638e-01,3.980232893496878e+04,1.000000000000000e+00,8.000000000000000e-01,2.000000000000000e-01,2.285412226490447e-04,-7.512982179781362e-05,1.666666666666667e+00,0.000000000000000e+00,2.981500000000000e+02,3.364926154650528e+02,3.000000000000000e+02,1.119915121968047e+03,3.283381044814729e+02,2,0.000000000000000e+00,0.000000000000000e+00
1.383999999999997e-04,1384,1.950490284823759e-01,3.724875447021222e+04,1.000000000000000e+00,8.000000000000000e-01,2.000000000000000e-01,2.287078893157104e-04,-7.512982179781362e-05,1.666666666666667e+00,0.000000000000000e+00,2.981500000000000e+02,3.368175694098535e+02,3.000000000000000e+02,1.120201759253519e+03,3.283592540101315e+02,2,0.000000000000000e+00,0.000000000000000e+00
1.384999999999985e-04,1385,1.691522114011603e-01,1.280327436610230e+04,1.000000000000000e+00,8.000000000000000e-01,2.000000000000000e-01,2.288745559823761e-04,-7.512982179781362e-05,1.666666666666667e+00,0.000000000000000e+00,2.981500000000000e+02,3.369958930304896e+02,3.000000000000000e+02,1.120439313480296e+03,3.283804326223186e+02,2,0.000000000000000e+00,0.000000000000000e+00
1.385999999999974e-04,1386,1.953533209274944e-01,1.815925547228407e+04,1.000000000000000e+00,8.000000000000000e-01,2.000000000000000e-01,2.290412226490417e-04,-7.512982179781362e-05,1.666666666666667e+00,0.000000000000000e+00,2.981500000000000e+02,3.372723985880681e+02,3.000000000000000e+02,1.120708561170206e+03,3.284014327515884e+02,2,0.000000000000000e+00,0.000000000000000e+00
1.386999999999963e-04,1387,1.693615907118609e-01,7.818695279489727e+03,1.000000000000000e+00,8.000000000000000e-01,2.000000000000000e-01,2.292078893157074e-04,-7.512982179781362e-05,1.666666666666667e+00,0.000000000000000e+00,2.981500000000000e+02,3.374626920729422e+02,3.000000000000000e+02,1.120933101644355e+03,3.284224537902658e+02,2,0.000000000000000e+00,0.000000000000000e+00
1.387999999999951e-04,1388,1.956536291196607e-01,9.283219641993457e+03,1.000000000000000e+00,8.000000000000000e-01,2.000000000000000e-01,2.293745559823731e-04,-7.512982179781362e-05,1.666666666666667e+00,0.000000000000000e+00,2.981500000000000e+02,3.377426477059053e+02,3.000000000000000e+02,1.121169507257361e+03,3.284434643923092e+02,2,0.000000000000000e+00,0.000000000000000e+00
1.388999999999940e-04,1389,2.011604064618079e-01,2.720846846579378e+04,1.000000000000000e+00,8.000000000000000e-01,2.000000000000000e-01,2.295412226490388e-04,-7.512982179781362e-05,1.666666666666667e+00,0.000000000000000e+00,2.981500000000000e+02,3.379575153284493e+02,3.000000000000000e+02,1.121379130342235e+03,3.284645810050339e+02,2,0.000000000000000e+00,0.000000000000000e+00
1.389999999999929e-04,1390,2.013089431175014e-01,3.675386032148686e+04,1.000000000000000e+00,8.000000000000000e-01,2.000000000000000e-01,2.297078893157044e-04,-7.512982179781362e-05,1.666666666666667e+00,0.000000000000000e+00,2.981500000000000e+02,3.382167319739081e+02,3.000000000000000e+02,1.121520889191288e+03,3.284851283535249e+02,2,0.000000000000000e+00,0.000000000000000e+00
1.390999999999917e-04,1391,1.960783889447217e-01,3.838388856865064e+04,1.000000000000000e+00,8.000000000000000e-01,2.000000000000000e-01,2.298745559823701e-04,-7.512982179781362e-05,1.666666666666667e+00,0.000000000000000e+00,2.981500000000000e+02,3.384928209773039e+02,3.000000000000000e+02,1.121681476003525e+03,3.285059808675463e+02,2,0.000000000000000e+00,0.000000000000000e+00
1.391999999999906e-04,1392,1.698617595385968e-01,1.175075528801430e+04,1.000000000000000e+00,8.000000000000000e-01,2.000000000000000e-01,2.300412226490358e-04,-7.512982179781362e-05,1.666666666666667e+00,0.000000000000000e+00,2.981500000000000e+02,3.386322306273944e+02,3.000000000000000e+02,1.121856306380244e+03,3.285262061950068e+02,2,0.000000000000000e+00,0.000000000000000e+00
1.392999999999895e-04,1393,1.963703187689145e-01,1.979884830835785e+04,1.000000000000000e+00,8.000000000000000e-01,2.000000000000000e-01,2.302078893157015e-04,-7.512982179781362e-05,1.666666666666667e+00,0.000000000000000e+00,2.981500000000000e+02,3.388472811451387e+02,3.000000000000000e+02,1.122001199885312e+03,3.285467628460481e+02,2,0.000000000000000e+00,0.000000000000000e+00
1.393999999999883e-04,1394,1.700798001357051e-01,5.991542590067936e+03,1.000000000000000e+00,8.000000000000000e-01,2.000000000000000e-01,2.303745559823671e-04,-7.512982179781362e-05,1.666666666666667e+00,0.000000000000000e+00,2.981500000000000e+02,3.389089185745378e+02,3.000000000000000e+02,1.122146323882611e+03,3.285663133477228e+02,2,0.000000000000000e+00,0.000000000000000e+00
1.394999999999872e-04,1395,2.164271982165518e-01,9.341081655471344e+03,1.000000000000000e+00,8.000000000000000e-01,2.000000000000000e-01,2.305412226490328e-04,-7.512982179781362e-05,1.666666666666667e+00,0.000000000000000e+00,2.981500000000000e+02,3.391212668349937e+02,3.000000000000000e+02,1.122311008838867e+03,3.285869712911523e+02,2,0.000000000000000e+00,0.000000000000000e+00
1.395999999999860e-04,1396,2.165675380102475e-01,2.195765176576617e+04,1.000000000000000e+00,8.000000000000000e-01,2.000000000000000e-01,2.307078893156985e-04,-7.512982179781362e-05,1.666666666666667e+00,0.000000000000000e+00,2.981500000000000e+02,3.391459078839728e+02,3.000000000000000e+02,1.122472465114965e+03,3.286071453359388e+02,2,0.000000000000000e+00,0.000000000000000e+00
1.396999999999849e-04,1397,2.022969454729678e-01,1.668501536336158e+04,1.000000000000000e+00,8.000000000000000e-01,2.000000000000000e-01,2.308745559823642e-04,-7.512982179781362e-05,1.666666666666667e+00,0.000000000000000e+00,2.981500000000000e+02,3.393199784455013e+02,3.000000000000000e+02,1.122648264735972e+03,3.286274229546544e+02,2,0.000000000000000e+00,0.000000000000000e+00
1.397999999999838e-04,1398,1.970155405384925e-01,1.943455795498188e+04,1.000000000000000e+00,8.000000000000000e-01,2.000000000000000e-01,2.310412226490299e-04,-7.512982179781362e-05,1.666666666666667e+00,0.000000000000000e+00,2.981500000000000e+02,3.393435721160043e+02,3.000000000000000e+02,1.122805636448147e+03,3.286478707284687e+02,2,0.000000000000000e+00,0.000000000000000e+00
1.398999999999826e-04,1399,1.705445134078601e-01,9.317212455938670e+03,1.000000000000000e+00,8.000000000000000e-01,2.000000000000000e-01,2.312078893156955e-04,-7.512982179781362e-05,1.666666666666667e+00,0.000000000000000e+00,2.981500000000000e+02,3.394295367069419e+02,3.000000000000000e+02,1.123007518911185e+03,3.286682682437278e+02,2,0.000000000000000e+00,0.000000000000000e+00
1.399999999999815e-04,1400,2.170540340643867e-01,6.587129109967286e+04,1.000000000000000e+00,8.000000000000000e-01,2.000000000000000e-01,2.313745559823612e-04,-7.512982179781362e-05,1.666666666666667e+00,0.000000000000000e+00,2.981500000000000e+02,3.435465852431998e+02,3.000000000000000e+02,1.123248977170034e+03,3.286909517078215e+02,2,0.000000000000000e+00,0.000000000000000e+00
1.400999999999804e-04,1401,2.028432896659159e-01,4.832828302575750e+04,1.000000000000000e+00,8.000000000000000e-01,2.000000000000000e-01,2.315412226490269e-04,-7.512982179781362e-05,1.666666666666667e+00,0.000000000000000e+00,2.981500000000000e+02,3.460140401430532e+02,3.000000000000000e+02,1.123570923944014e+03,3.287170673054495e+02,2,0.000000000000000e+00,0.000000000000000e+00
1.401999999999792e-04,1402,2.031210512813220e-01,5.658782900859798e+04,1.000000000000000e+00,8.000000000000000e-01,2.000000000000000e-01,2.317078893156926e-04,-7.512982179781362e-05,1.666666666666667e+00,0.000000000000000e+00,2.981500000000000e+02,3.471552035809959e+02,3.000000000000000e+02,1.123939376775050e+03,3.287430470970585e+02,2,0.000000000000000e+00,0.000000000000000e+00
1.402999999999781e-04,1403,2.177888825785860e-01,2.425333306689890e+04,1.000000000000000e+00,8.000000000000000e-01,2.000000000000000e-01,2.318745559823582e-04,-7.512982179781362e-05,1.666666666666667e+00,0.000000000000000e+00,2.981500000000000e+02,3.465609759163682e+02,3.000000000000000e+02,1.124299046991742e+03,3.287668135818722e+02,2,0.000000000000000e+00,0.000000000000000e+00
1.403999999999770e-04,1404,1.886306923518864e-01,2.708482832003466e+04,1.000000000000000e+00,8.000000000000000e-01,2.000000000000000e-01,2.320412226490239e-04,-7.512982179781362e-05,1.666666666666667e+00,0.000000000000000e+00,2.981500000000000e+02,3.464030594745817e+02,3.000000000000000e+02,1.124568588003677e+03,3.287893842392261e+02,2,0.000000000000000e+00,0.000000000000000e+00
1.404999999999758e-04,1405,1.982686009684451e-01,1.018100593607582e+04,1.000000000000000e+00,8.000000000000000e-01,2.000000000000000e-01,2.322078893156896e-04,-7.512982179781362e-05,1.666666666666667e+00,0.000000000000000e+00,2.981500000000000e+02,3.455186039772912e+02,3.000000000000000e+02,1.124790001658769e+03,3.288101400503735e+02,2,0.000000000000000e+00,0.000000000000000e+00
1.405999999999747e-04,1406,1.889271165792421e-01,1.443751738027124e+04,1.000000000000000e+00,8.000000000000000e-01,2.000000000000000e-01,2.323745559823553e-04,-7.512982179781362e-05,1.666666666666667e+00,0.000000000000000e+00,2.981500000000000e+02,3.451390133355627e+02,3.000000000000000e+02,1.124942057176724e+03,3.288304172847259e+02,2,0.000000000000000e+00,0.000000000000000e+00
1.406999999999736e-04,1407,1.986359853811210e-01,1.128624365111606e+04,1.000000000000000e+00,8.000000000000000e-01,2.000000000000000e-01,2.325412226490209e-04,-7.512982179781362e-05,1.666666666666667e+00,0.000000000000000e+00,2.981500000000000e+02,3.442181045845705e+02,3.000000000000000e+02,1.125123896303390e+03,3.288505173392317e+02,2,0.000000000000000e+00,0.000000000000000e+00
1.407999999999724e-04,1408,1.892182622946818e-01,1.576193571811233e+04,1.000000000000000e+00,8.000000000000000e-01,2.000000000000000e-01,2.327078893156866e-04,-7.512982179781362e-05,1.666666666666667e+00,0.000000000000000e+00,2.981500000000000e+02,3.438840544250812e+02,3.000000000000000e+02,1.125338700660920e+03,3.288726780071391e+02,2,0.000000000000000e+00,0.000000000000000e+00
1.408999999999713e-04,1409,2.189600327540639e-01,1.360731097673721e+04,1.000000000000000e+00,8.000000000000000e-01,2.000000000000000e-01,2.328745559823523e-04,-7.512982179781362e-05,1.666666666666667e+00,0.000000000000000e+00,2.981500000000000e+02,3.430204286734177e+02,3.000000000000000e+02,1.125574588572041e+03,3.288943339323600e+02,2,0.000000000000000e+00,0.000000000000000e+00
1.409999999999701e-04,1410,2.047439655173665e-01,1.289179105763061e+04,1.000000000000000e+00,8.000000000000000e-01,2.000000000000000e-01,2.330412226490180e-04,-7.512982179781362e-05,1.666666666666667e+00,0.000000000000000e+00,2.981500000000000e+02,3.427687115727036e+02,3.000000000000000e+02,1.125732805105005e+03,3.289156833612648e+02,2,0.000000000000000e+00,0.000000000000000e+00
1.410999999999690e-04,1411,2.192914506774140e-01,1.797252191042818e+04,1.000000000000000e+00,8.000000000000000e-01,2.000000000000000e-01,2.332078893156837e-04,-7.512982179781362e-05,1.666666666666667e+00,0.000000000000000e+00,2.981500000000000e+02,3.419913507560769e+02,3.000000000000000e+02,1.125884387837918e+03,3.289353325308841e+02,2,0.000000000000000e+00,0.000000000000000e+00
1.411999999999679e-04,1412,2.050501286916246e-01,1.705035951996953e+04,1.000000000000000e+00,8.000000000000000e-01,2.000000000000000e-01,2.333745559823493e-04,-7.512982179781362e-05,1.666666666666667e+00,0.000000000000000e+00,2.981500000000000e+02,3.416331387261091e+02,3.000000000000000e+02,1.126001755423563e+03,3.289558282059915e+02,2,0.000000000000000e+00,0.000000000000000e+00
1.412999999999667e-04,1413,2.051898618721961e-01,1.324611547344279e+04,1.000000000000000e+00,8.000000000000000e-01,2.000000000000000e-01,2.335412226490150e-04,-7.512982179781362e-05,1.666666666666667e+00,0.000000000000000e+00,2.981500000000000e+02,3.409749930087313e+02,3.000000000000000e+02,1.126087248616522e+03,3.289743588438676e+02,2,0.000000000000000e+00,0.000000000000000e+00
1.413999999999656e-04,1414,2.197309668087337e-01,1.646216504456839e+04,1.000000000000000e+00,8.000000000000000e-01,2.000000000000000e-01,2.337078893156807e-04,-7.512982179781362e-05,1.666666666666667e+00,0.000000000000000e+00,2.981500000000000e+02,3.406371367520437e+02,3.000000000000000e+02,1.126192049584500e+03,3.289938326161522e+02,2,0.000000000000000e+00,0.000000000000000e+00
1.414999999999645e-04,1415,2.054845744226778e-01,1.230024320820855e+04,1.000000000000000e+00,8.000000000000000e-01,2.000000000000000e-01,2.338745559823464e-04,-7.512982179781362e-05,1.666666666666667e+00,0.000000000000000e+00,2.981500000000000e+02,3.400048392353904e+02,3.000000000000000e+02,1.126290445015449e+03,3.290130898228406e+02,2,0.000000000000000e+00,0.000000000000000e+00
1.415999999999633e-04,1416,2.200098211925371e-01,1.493762061904456e+04,1.000000000000000e+00,8.000000000000000e-01,2.000000000000000e-01,2.340412226490120e-04,-7.512982179781362e-05,1.666666666666667e+00,0.000000000000000e+00,2.981500000000000e+02,3.396114670150540e+02,3.000000000000000e+02,1.126358353626267e+03,3.290334137605931e+02,2,0.000000000000000e+00,0.000000000000000e+00
1.416999999999622e-04,1417,2.057469334302873e-01,1.261854603551585e+04,1.000000000000000e+00,8.000000000000000e-01,2.000000000000000e-01,2.342078893156777e-04,-7.512982179781362e-05,1.666666666666667e+00,0.000000000000000e+00,2.981500000000000e+02,3.390907701786651e+02,3.000000000000000e+02,1.126424256413454e+03,3.290535437153274e+02,2,0.000000000000000e+00,0.000000000000000e+00
1.417999999999611e-04,1418,2.202649045111200e-01,1.239570808829906e+04,1.000000000000000e+00,8.000000000000000e-01,2.000000000000000e-01,2.343745559823434e-04,-7.512982179781362e-05,1.666666666666667e+00,0.000000000000000e+00,2.981500000000000e+02,3.387256042193919e+02,3.000000000000000e+02,1.126536638111474e+03,3.290741676074043e+02,2,0.000000000000000e+00,0.000000000000000e+00
1.418999999999599e-04,1419,2.059827486100601e-01,8.207781700219515e+03,1.000000000000000e+00,8.000000000000000e-01,2.000000000000000e-01,2.345412226490091e-04,-7.512982179781362e-05,1.666666666666667e+00,0.000000000000000e+00,2.981500000000000e+02,3.383433742072310e+02,3.000000000000000e+02,1.126591987506044e+03,3.290930236405715e+02,2,0.000000000000000e+00,0.000000000000000e+00
1.419999999999588e-04,1420,2.204921475111714e-01,6.561778751696169e+03,1.000000000000000e+00,8.000000000000000e-01,2.000000000000000e-01,2.347078893156747e-04,-7.512982179781362e-05,1.666666666666667e+00,0.000000000000000e+00,2.981500000000000e+02,3.379693784486925e+02,3.000000000000000e+02,1.126674962945499e+03,3.291125983590190e+02,2,0.000000000000000e+00,0.000000000000000e+00
1.420999999999576e-04,1421,2.062115062617730e-01,4.397542541627895e+03,1.000000000000000e+00,8.000000000000000e-01,2.000000000000000e-01,2.348745559823404e-04,-7.512982179781362e-05,1.666666666666667e+00,0.000000000000000e+00,2.981500000000000e+02,3.375745673079049e+02,3.000000000000000e+02,1.126769700541983e+03,3.291325184458906e+02,2,0.000000000000000e+00,0.000000000000000e+00
1.421999999999565e-04,1422,2.207334992495467e-01,1.197010025519866e+04,1.000000000000000e+00,8.000000000000000e-01,2.000000000000000e-01,2.350412226490061e-04,-7.512982179781362e-05,1.666666666666667e+00,0.000000000000000e+00,2.981500000000000e+02,3.371827393082652e+02,3.000000000000000e+02,1.126878371089396e+03,3.291525613771172e+02,2,0.000000000000000e+00,0.000000000000000e+00
1.422999999999554e-04,1423,2.064298371722371e-01,8.079017681668094e+03,1.000000000000000e+00,8.000000000000000e-01,2.000000000000000e-01,2.352078893156718e-04,-7.512982179781362e-05,1.666666666666667e+00,0.000000000000000e+00,2.981500000000000e+02,3.368883626752128e+02,3.000000000000000e+02,1.126957767343254e+03,3.291730124961841e+02,2,0.000000000000000e+00,0.000000000000000e+00
1.423999999999542e-04,1424,2.065340654072950e-01,2.190157775858296e+04,1.000000000000000e+00,8.000000000000000e-01,2.000000000000000e-01,2.353745559823375e-04,-7.512982179781362e-05,1.666666666666667e+00,0.000000000000000e+00,2.981500000000000e+02,3.365017982250840e+02,3.000000000000000e+02,1.127071346467080e+03,3.291944553041637e+02,2,0.000000000000000e+00,0.000000000000000e+00
1.424999999999531e-04,1425,2.066439362907736e-01,1.371137374066253e+04,1.000000000000000e+00,8.000000000000000e-01,2.000000000000000e-01,2.355412226490031e-04,-7.512982179781362e-05,1.666666666666667e+00,0.000000000000000e+00,2.981500000000000e+02,3.363041732596911e+02,3.000000000000000e+02,1.127167404941359e+03,3.292162771374069e+02,2,0.000000000000000e+00,0.000000000000000e+00
1.425999999999520e-04,1426,2.067709203935517e-01,2.696078970784324e+04,1.000000000000000e+00,8.000000000000000e-01,2.000000000000000e-01,2.357078893156688e-04,-7.512982179781362e-05,1.666666666666667e+00,0.000000000000000e+00,2.981500000000000e+02,3.359116602322032e+02,3.000000000000000e+02,1.127253457852585e+03,3.292383211119084e+02,2,0.000000000000000e+00,0.000000000000000e+00
1.426999999999508e-04,1427,2.068734039463335e-01,1.602669006885474e+04,1.000000000000000e+00,8.000000000000000e-01,2.000000000000000e-01,2.358745559823345e-04,-7.512982179781362e-05,1.666666666666667e+00,0.000000000000000e+00,2.981500000000000e+02,3.357363736451236e+02,3.000000000000000e+02,1.127328075555275e+03,3.292600266444392e+02,2,0.000000000000000e+00,0.000000000000000e+00
1.427999999999497e-04,1428,2.154157605849774e-01,1.142260113589124e+04,1.000000000000000e+00,8.000000000000000e-01,2.000000000000000e-01,2.360412226490002e-04,-7.512982179781362e-05,1.666666666666667e+00,0.000000000000000e+00,2.981500000000000e+02,3.352855532731584e+02,3.000000000000000e+02,1.127395622404083e+03,3.292817674689863e+02,2,0.000000000000000e+00,0.000000000000000e+00
1.428999999999486e-04,1429,2.299537266473515e-01,1.409981208601971e+04,1.000000000000000e+00,8.000000000000000e-01,2.000000000000000e-01,2.362078893156658e-04,-7.512982179781362e-05,1.666666666666667e+00,0.000000000000000e+00,2.981500000000000e+02,3.351718917247893e+02,3.000000000000000e+02,1.127482596282392e+03,3.293038189570188e+02,2,0.000000000000000e+00,0.000000000000000e+00
1.429999999999474e-04,1430,2.156597046743265e-01,8.767033260918273e+03,1.000000000000000e+00,8.000000000000000e-01,2.000000000000000e-01,2.363745559823315e-04,-7.512982179781362e-05,1.666666666666667e+00,0.000000000000000e+00,2.981500000000000e+02,3.347484220008236e+02,3.000000000000000e+02,1.127583309850107e+03,3.293263226751499e+02,2,0.000000000000000e+00,0.000000000000000e+00
1.430999999999463e-04,1431,2.157466819493095e-01,3.027612225315788e+04,1.000000000000000e+00,8.000000000000000e-01,2.000000000000000e-01,2.365412226489972e-04,-7.512982179781362e-05,1.666666666666667e+00,0.000000000000000e+00,2.981500000000000e+02,3.361097037728488e+02,3.000000000000000e+02,1.127737456755392e+03,3.293501558494451e+02,2,0.000000000000000e+00,0.000000000000000e+00
1.431999999999452e-04,1432,2.158972369236629e-01,1.179734865079752e+04,1.000000000000000e+00,8.000000000000000e-01,2.000000000000000e-01,2.367078893156629e-04,-7.512982179781362e-05,1.666666666666667e+00,0.000000000000000e+00,2.981500000000000e+02,3.360383897222935e+02,3.000000000000000e+02,1.127831158675098e+03,3.293724042552350e+02,2,0.000000000000000e+00,0.000000000000000e+00
1.432999999999440e-04,1433,2.160175593612993e-01,1.914943316876377e+04,1.000000000000000e+00,8.000000000000000e-01,2.000000000000000e-01,2.368745559823285e-04,-7.512982179781362e-05,1.666666666666667e+00,0.000000000000000e+00,2.981500000000000e+02,3.358418081866330e+02,3.000000000000000e+02,1.127937529130862e+03,3.293938361222699e+02,2,0.000000000000000e+00,0.000000000000000e+00
1.433999999999429e-04,1434,2.161713207972834e-01,9.628906624782176e+03,1.000000000000000e+00,8.000000000000000e-01,2.000000000000000e-01,2.370412226489942e-04,-7.512982179781362e-05,1.666666666666667e+00,0.000000000000000e+00,2.981500000000000e+02,3.354607087657650e+02,3.000000000000000e+02,1.128014598252887e+03,3.294149612743853e+02,2,0.000000000000000e+00,0.000000000000000e+00
1.434999999999417e-04,1435,2.163036642854997e-01,1.627632184124050e+04,1.000000000000000e+00,8.000000000000000e-01,2.000000000000000e-01,2.372078893156599e-04,-7.512982179781362e-05,1.666666666666667e+00,0.000000000000000e+00,2.981500000000000e+02,3.350439109361528e+02,3.000000000000000e+02,1.128101831584613e+03,3.294356001959271e+02,2,0.000000000000000e+00,0.000000000000000e+00
1.435999999999406e-04,1436,2.115541346313505e-01,7.554061171134310e+03,1.000000000000000e+00,8.000000000000000e-01,2.000000000000000e-01,2.373745559823256e-04,-7.512982179781362e-05,1.666666666666667e+00,0.000000000000000e+00,2.981500000000000e+02,3.346602965845693e+02,3.000000000000000e+02,1.128155498392679e+03,3.294562540626106e+02,2,0.000000000000000e+00,0.000000000000000e+00
1.436999999999395e-04,1437,2.116876978321997e-01,9.176397703635019e+03,1.000000000000000e+00,8.000000000000000e-01,2.000000000000000e-01,2.375412226489913e-04,-7.512982179781362e-05,1.666666666666667e+00,0.000000000000000e+00,2.981500000000000e+02,3.341727797138929e+02,3.000000000000000e+02,1.128236880272256e+03,3.294768333024928e+02,2,0.000000000000000e+00,0.000000000000000e+00
1.437999999999383e-04,1438,2.117996630620892e-01,6.997730561465332e+03,1.000000000000000e+00,8.000000000000000e-01,2.000000000000000e-01,2.377078893156569e-04,-7.512982179781362e-05,1.666666666666667e+00,0.000000000000000e+00,2.981500000000000e+02,3.338751726161888e+02,3.000000000000000e+02,1.128310142927839e+03,3.294977580893096e+02,2,0.000000000000000e+00,0.000000000000000e+00
1.438999999999372e-04,1439,2.119414094651287e-01,7.187671448098705e+03,1.000000000000000e+00,8.000000000000000e-01,2.000000000000000e-01,2.378745559823226e-04,-7.512982179781362e-05,1.666666666666667e+00,0.000000000000000e+00,2.981500000000000e+02,3.333621286589255e+02,3.000000000000000e+02,1.128368344705177e+03,3.295190954240776e+02,2,0.000000000000000e+00,0.000000000000000e+00
1.439999999999361e-04,1440,2.120452467982198e-01,9.982959653508460e+03,1.000000000000000e+00,8.000000000000000e-01,2.000000000000000e-01,2.380412226489883e-04,-7.512982179781362e-05,1.666666666666667e+00,0.000000000000000e+00,2.981500000000000e+02,3.331115473642071e+02,3.000000000000000e+02,1.128458151471688e+03,3.295407860053908e+02,2,0.000000000000000e+00,0.000000000000000e+00
1.440999999999349e-04,1441,2.121990153829830e-01,7.613938878879685e+03,1.000000000000000e+00,8.000000000000000e-01,2.000000000000000e-01,2.382078893156540e-04,-7.512982179781362e-05,1.666666666666667e+00,0.000000000000000e+00,2.981500000000000e+02,3.326448789547778e+02,3.000000000000000e+02,1.128526583508895e+03,3.295628896721537e+02,2,0.000000000000000e+00,0.000000000000000e+00
1.441999999999338e-04,1442,2.123101425364798e-01,1.294701695824589e+04,1.000000000000000e+00,8.000000000000000e-01,2.000000000000000e-01,2.383745559823196e-04,-7.512982179781362e-05,1.666666666666667e+00,0.000000000000000e+00,2.981500000000000e+02,3.322706204497313e+02,3.000000000000001e+02,1.128627680188562e+03,3.295853488229667e+02,2,0.000000000000000e+00,0.000000000000000e+00
1.442999999999327e-04,1443,2.124621753543149e-01,9.026970459529282e+03,1.000000000000000e+00,8.000000000000000e-01,2.000000000000000e-01,2.385412226489853e-04,-7.512982179781362e-05,1.666666666666667e+00,0.000000000000000e+00,2.981500000000000e+02,3.318899303668115e+02,3.000000000000001e+02,1.128718754999221e+03,3.296087731012832e+02,2,0.000000000000000e+00,0.000000000000000e+00
1.443999999999315e-04,1444,2.125844259297351e-01,1.249661735031968e+04,1.000000000000000e+00,8.000000000000000e-01,2.000000000000000e-01,2.387078893156510e-04,-7.512982179781362e-05,1.666666666666667e+00,0.000000000000000e+00,2.981500000000000e+02,3.314996328543277e+02,3.000000000000001e+02,1.128830046035841e+03,3.296324906598651e+02,2,0.000000000000000e+00,0.000000000000000e+00
1.444999999999304e-04,1445,2.127248860595572e-01,9.357296875590320e+03,1.000000000000000e+00,8.000000000000000e-01,2.000000000000000e-01,2.388745559823167e-04,-7.512982179781362e-05,1.666666666666667e+00,0.000000000000000e+00,2.981500000000000e+02,3.311958816783537e+02,3.000000000000001e+02,1.128915613265643e+03,3.296557020363378e+02,2,0.000000000000000e+00,0.000000000000000e+00
1.445999999999292e-04,1446,2.128521413117996e-01,8.242560141147969e+03,1.000000000000000e+00,8.000000000000000e-01,2.000000000000000e-01,2.390412226489823e-04,-7.512982179781362e-05,1.666666666666667e+00,0.000000000000000e+00,2.981500000000000e+02,3.307615307528952e+02,3.000000000000002e+02,1.128994393609247e+03,3.296786405172434e+02,2,0.000000000000000e+00,0.000000000000000e+00
1.446999999999281e-04,1447,2.129718841687920e-01,1.034361194356571e+04,1.000000000000000e+00,8.000000000000000e-01,2.000000000000000e-01,2.392078893156480e-04,-7.512982179781362e-05,1.666666666666667e+00,0.000000000000000e+00,2.981500000000000e+02,3.304857666720218e+02,3.000000000000002e+02,1.129085359170678e+03,3.297008173197135e+02,2,0.000000000000000e+00,0.000000000000000e+00
1.447999999999270e-04,1448,2.131085019306886e-01,8.244435825865265e+03,1.000000000000000e+00,8.000000000000000e-01,2.000000000000000e-01,2.393745559823137e-04,-7.512982179781362e-05,1.666666666666667e+00,0.000000000000000e+00,2.981500000000000e+02,3.300787153953179e+02,3.000000000000002e+02,1.129154281068997e+03,3.297231666226472e+02,2,0.000000000000000e+00,0.000000000000000e+00
1.448999999999258e-04,1449,2.132341776202600e-01,1.296664761680216e+04,1.000000000000000e+00,8.000000000000000e-01,2.000000000000000e-01,2.395412226489794e-04,-7.512982179781362e-05,1.666666666666667e+00,0.000000000000000e+00,2.981500000000000e+02,3.297571720211429e+02,3.000000000000002e+02,1.129251415687624e+03,3.297450003225504e+02,2,0.000000000000000e+00,0.000000000000000e+00
1.449999999999247e-04,1450,2.133624436096339e-01,8.462079857560720e+03,1.000000000000000e+00,8.000000000000000e-01,2.000000000000000e-01,2.397078893156451e-04,-7.512982179781362e-05,1.666666666666667e+00,0.000000000000000e+00,2.981500000000000e+02,3.294150506662033e+02,3.000000000000002e+02,1.129350476294614e+03,3.297674536460692e+02,2,0.000000000000000e+00,0.000000000000000e+00
1.450999999999236e-04,1451,2.134866320684277e-01,1.005259975886513e+04,1.000000000000000e+00,8.000000000000000e-01,2.000000000000000e-01,2.398745559823107e-04,-7.512982179781362e-05,1.666666666666667e+00,0.000000000000000e+00,2.981500000000000e+02,3.290832443336291e+02,3.000000000000002e+02,1.129458315102677e+03,3.297893351800291e+02,2,0.000000000000000e+00,0.000000000000000e+00
1.451999999999224e-04,1452,2.136054662936715e-01,4.937211460371523e+03,1.000000000000000e+00,8.000000000000000e-01,2.000000000000000e-01,2.400412226489764e-04,-7.512982179781362e-05,1.666666666666667e+00,0.000000000000000e+00,2.981500000000000e+02,3.288078096408839e+02,3.000000000000002e+02,1.129545989670569e+03,3.298107932937282e+02,2,0.000000000000000e+00,0.000000000000000e+00
1.452999999999213e-04,1453,2.137233714905011e-01,5.370063112909337e+03,1.000000000000000e+00,8.000000000000000e-01,2.000000000000000e-01,2.402078893156421e-04,-7.512982179781362e-05,1.666666666666667e+00,0.000000000000000e+00,2.981500000000000e+02,3.284601253646372e+02,3.000000000000002e+02,1.129612798051540e+03,3.298315784964590e+02,2,0.000000000000000e+00,0.000000000000000e+00
1.453999999999202e-04,1454,2.138187728446761e-01,4.962234894916558e+03,1.000000000000000e+00,8.000000000000000e-01,2.000000000000000e-01,2.403745559823078e-04,-7.512982179781362e-05,1.666666666666667e+00,0.000000000000000e+00,2.981500000000000e+02,3.282303498327169e+02,3.000000000000002e+02,1.129686741419772e+03,3.298518990383420e+02,2,0.000000000000000e+00,0.000000000000000e+00
1.454999999999190e-04,1455,2.139564380756647e-01,5.214881443242771e+03,1.000000000000000e+00,8.000000000000000e-01,2.000000000000000e-01,2.405412226489734e-04,-7.512982179781362e-05,1.666666666666667e+00,0.000000000000000e+00,2.981500000000000e+02,3.278998055077411e+02,3.000000000000002e+02,1.129739239634958e+03,3.298727420505347e+02,2,0.000000000000000e+00,0.000000000000000e+00
1.455999999999179e-04,1456,2.140457664111439e-01,7.465591009081776e+03,1.000000000000000e+00,8.000000000000000e-01,2.000000000000000e-01,2.407078893156391e-04,-7.512982179781362e-05,1.666666666666667e+00,0.000000000000000e+00,2.981500000000000e+02,3.276393861939694e+02,3.000000000000002e+02,1.129820299023879e+03,3.298925702303734e+02,2,0.000000000000000e+00,0.000000000000000e+00
1.456999999999168e-04,1457,2.141559524137369e-01,6.278242979553414e+03,1.000000000000000e+00,8.000000000000000e-01,2.000000000000000e-01,2.408745559823048e-04,-7.512982179781362e-05,1.666666666666667e+00,0.000000000000000e+00,2.981500000000000e+02,3.273786746717450e+02,3.000000000000002e+02,1.129881404995733e+03,3.299129751903013e+02,2,0.000000000000000e+00,0.000000000000000e+00
1.457999999999156e-04,1458,2.142513802657722e-01,9.058449300600085e+03,1.000000000000000e+00,8.000000000000000e-01,2.000000000000000e-01,2.410412226489705e-04,-7.512982179781362e-05,1.666666666666667e+00,0.000000000000000e+00,2.981500000000000e+02,3.271055963920553e+02,3.000000000000002e+02,1.129958737670668e+03,3.299330947881653e+02,2,0.000000000000000e+00,0.000000000000000e+00
1.458999999999145e-04,1459,2.143454700563940e-01,5.870855135294928e+03,1.000000000000000e+00,8.000000000000000e-01,2.000000000000000e-01,2.412078893156361e-04,-7.512982179781362e-05,1.666666666666667e+00,0.000000000000000e+00,2.981500000000000e+02,3.268949526404091e+02,3.000000000000002e+02,1.130018417631981e+03,3.299533236887208e+02,2,0.000000000000000e+00,0.000000000000000e+00
1.459999999999133e-04,1460,2.144407182224917e-01,5.710890477431485e+03,1.000000000000000e+00,8.000000000000000e-01,2.000000000000000e-01,2.413745559823018e-04,-7.512982179781362e-05,1.666666666666667e+00,0.000000000000000e+00,2.981500000000000e+02,3.266257656696326e+02,3.000000000000002e+02,1.130060530669153e+03,3.299729770376276e+02,2,0.000000000000000e+00,0.000000000000000e+00
1.460999999999122e-04,1461,2.145273309741305e-01,8.272038277608128e+03,1.000000000000000e+00,8.000000000000000e-01,2.000000000000000e-01,2.415412226489675e-04,-7.512982179781362e-05,1.666666666666667e+00,0.000000000000000e+00,2.981500000000000e+02,3.264347299372610e+02,3.000000000000002e+02,1.130135435179505e+03,3.299935424437362e+02,2,0.000000000000000e+00,0.000000000000000e+00
1.461999999999111e-04,1462,2.146580595267940e-01,6.642036459948270e+03,1.000000000000000e+00,8.000000000000000e-01,2.000000000000000e-01,2.417078893156332e-04,-7.512982179781362e-05,1.666666666666667e+00,0.000000000000000e+00,2.981500000000000e+02,3.261816744172230e+02,3.000000000000002e+02,1.130190332705786e+03,3.300139818674776e+02,2,0.000000000000000e+00,0.000000000000000e+00
1.462999999999099e-04,1463,2.147435840582313e-01,2.342001400207534e+04,1.000000000000000e+00,8.000000000000000e-01,2.000000000000000e-01,2.418745559822989e-04,-7.512982179781362e-05,1.666666666666667e+00,0.000000000000000e+00,2.981500000000000e+02,3.259794676226872e+02,3.000000000000002e+02,1.130261210662218e+03,3.300351981734378e+02,2,0.000000000000000e+00,0.000000000000000e+00
1.463999999999088e-04,1464,2.149374192299679e-01,1.396294125803953e+04,1.000000000000000e+00,8.000000000000000e-01,2.000000000000000e-01,2.420412226489645e-04,-7.512982179781362e-05,1.666666666666667e+00,0.000000000000000e+00,2.981500000000000e+02,3.258230802682759e+02,3.000000000000002e+02,1.130353049257150e+03,3.300599324134563e+02,2,0.000000000000000e+00,0.000000000000000e+00
1.464999999999077e-04,1465,2.151121615295982e-01,1.288702729976253e+04,1.000000000000000e+00,8.000000000000000e-01,2.000000000000000e-01,2.422078893156302e-04,-7.512982179781362e-05,1.666666666666667e+00,0.000000000000000e+00,2.981500000000000e+02,3.256038596631714e+02,3.000000000000002e+02,1.130523989872123e+03,3.300844805008304e+02,2,0.000000000000000e+00,0.000000000000000e+00
1.465999999999065e-04,1466,2.152766385878952e-01,7.599143574181164e+03,1.000000000000000e+00,8.000000000000000e-01,2.000000000000000e-01,2.423745559822959e-04,-7.512982179781362e-05,1.666666666666667e+00,0.000000000000000e+00,2.981500000000000e+02,3.254173710191512e+02,3.000000000000002e+02,1.130659930716550e+03,3.301079960203203e+02,2,0.000000000000000e+00,0.000000000000000e+00
1.466999999999054e-04,1467,2.154318004249447e-01,7.698425734720113e+03,1.000000000000000e+00,8.000000000000000e-01,2.000000000000000e-01,2.425412226489616e-04,-7.512982179781362e-05,1.666666666666667e+00,0.000000000000000e+00,2.981500000000000e+02,3.251985190114243e+02,3.000000000000002e+02,1.130768593310096e+03,3.301309799103923e+02,2,0.000000000000000e+00,0.000000000000000e+00
1.467999999999043e-04,1468,2.155525562405468e-01,4.891852844454471e+03,1.000000000000000e+00,8.000000000000000e-01,2.000000000000000e-01,2.427078893156272e-04,-7.512982179781362e-05,1.666666666666667e+00,0.000000000000000e+00,2.981500000000000e+02,3.250438873516955e+02,3.000000000000002e+02,1.130870063516978e+03,3.301535169553604e+02,2,0.000000000000000e+00,0.000000000000000e+00
1.468999999999031e-04,1469,2.156612787570536e-01,5.937954658413207e+03,1.000000000000000e+00,8.000000000000000e-01,2.000000000000000e-01,2.428745559822929e-04,-7.512982179781362e-05,1.666666666666667e+00,0.000000000000000e+00,2.981500000000000e+02,3.248532065555923e+02,3.000000000000002e+02,1.130972606056173e+03,3.301762527413952e+02,2,0.000000000000000e+00,0.000000000000000e+00
1.469999999999020e-04,1470,2.157950615482609e-01,6.275884662653924e+03,1.000000000000000e+00,8.000000000000000e-01,2.000000000000000e-01,2.430412226489586e-04,-7.512982179781362e-05,1.666666666666667e+00,0.000000000000000e+00,2.981500000000000e+02,3.246853624834972e+02,3.000000000000002e+02,1.131079435682711e+03,3.301990254205222e+02,2,0.000000000000000e+00,0.000000000000000e+00
1.470999999999008e-04,1471,2.159016123532807e-01,6.277474045573127e+03,1.000000000000000e+00,8.000000000000000e-01,2.000000000000000e-01,2.432078893156243e-04,-7.512982179781362e-05,1.666666666666667e+00,0.000000000000000e+00,2.981500000000000e+02,3.245249885204532e+02,3.000000000000002e+02,1.131215838537052e+03,3.302231793229859e+02,2,0.000000000000000e+00,0.000000000000000e+00
1.471999999998997e-04,1472,2.160274834412300e-01,7.038457653407004e+03,1.000000000000000e+00,8.000000000000000e-01,2.000000000000000e-01,2.433745559822899e-04,-7.512982179781362e-05,1.666666666666667e+00,0.000000000000000e+00,2.981500000000000e+02,3.243658905022289e+02,3.000000000000002e+02,1.131372627312634e+03,3.302466781005726e+02,2,0.000000000000000e+00,0.000000000000000e+00
1.472999999998986e-04,1473,2.161145204102816e-01,6.544700579135035e+03,1.000000000000000e+00,8.000000000000000e-01,2.000000000000000e-01,2.435412226489556e-04,-7.512982179781362e-05,1.666666666666667e+00,0.000000000000000e+00,2.981500000000000e+02,3.242693172638295e+02,3.000000000000002e+02,1.131467977172848e+03,3.302693807586998e+02,2,0.000000000000000e+00,0.000000000000000e+00
1.473999999998974e-04,1474,2.162400546904831e-01,6.428657710493457e+03,1.000000000000000e+00,8.000000000000000e-01,2.000000000000000e-01,2.437078893156213e-04,-7.512982179781362e-05,1.666666666666667e+00,0.000000000000000e+00,2.981500000000000e+02,3.241081007166112e+02,3.000000000000002e+02,1.131575199642302e+03,3.302913539399530e+02,2,0.000000000000000e+00,0.000000000000000e+00
1.474999999998963e-04,1475,2.163006455273480e-01,6.237636073694324e+03,1.000000000000000e+00,8.000000000000000e-01,2.000000000000000e-01,2.438745559822870e-04,-7.512982179781362e-05,1.666666666666667e+00,0.000000000000000e+00,2.981500000000000e+02,3.240188878828752e+02,3.000000000000002e+02,1.131682462751337e+03,3.303131981202669e+02,2,0.000000000000000e+00,0.000000000000000e+00
1.475999999998952e-04,1476,2.164113884355345e-01,5.841507625652440e+03,1.000000000000000e+00,8.000000000000000e-01,2.000000000000000e-01,2.440412226489527e-04,-7.512982179781362e-05,1.666666666666667e+00,0.000000000000000e+00,2.981500000000000e+02,3.238678720101203e+02,3.000000000000002e+02,1.131754065592315e+03,3.303342668804258e+02,2,0.000000000000000e+00,0.000000000000000e+00
1.476999999998940e-04,1477,2.164852395311938e-01,4.805598575855294e+03,1.000000000000000e+00,8.000000000000000e-01,2.000000000000000e-01,2.442078893156184e-04,-7.512982179781362e-05,1.666666666666667e+00,0.000000000000000e+00,2.981500000000000e+02,3.237756092976195e+02,3.000000000000002e+02,1.131852241036795e+03,3.303547817775758e+02,2,0.000000000000000e+00,0.000000000000000e+00
1.477999999998929e-04,1478,2.165840330593428e-01,3.941917654603963e+03,1.000000000000000e+00,8.000000000000000e-01,2.000000000000000e-01,2.443745559822840e-04,-7.512982179781362e-05,1.666666666666667e+00,0.000000000000000e+00,2.981500000000000e+02,3.236508853649635e+02,3.000000000000002e+02,1.131948207825142e+03,3.303758575303548e+02,2,0.000000000000000e+00,0.000000000000000e+00
1.478999999998918e-04,1479,2.166574015949126e-01,4.125869349632106e+03,1.000000000000000e+00,8.000000000000000e-01,2.000000000000000e-01,2.445412226489497e-04,-7.512982179781362e-05,1.666666666666667e+00,0.000000000000000e+00,2.981500000000000e+02,3.235275905026279e+02,3.000000000000002e+02,1.132031873556778e+03,3.303955115471836e+02,2,0.000000000000000e+00,0.000000000000000e+00
1.479999999998906e-04,1480,2.167278723572641e-01,5.602901974710748e+03,1.000000000000000e+00,8.000000000000000e-01,2.000000000000000e-01,2.447078893156154e-04,-7.512982179781362e-05,1.666666666666667e+00,0.000000000000000e+00,2.981500000000000e+02,3.234258796317068e+02,3.000000000000002e+02,1.132108170893256e+03,3.304156407548037e+02,2,0.000000000000000e+00,0.000000000000000e+00
1.480999999998895e-04,1481,2.168098291884885e-01,4.848464318941134e+03,1.000000000000000e+00,8.000000000000000e-01,2.000000000000000e-01,2.448745559822811e-04,-7.512982179781362e-05,1.666666666666667e+00,0.000000000000000e+00,2.981500000000000e+02,3.232980570463901e+02,3.000000000000002e+02,1.132197603768578e+03,3.304356371550209e+02,2,0.000000000000000e+00,0.000000000000000e+00
1.481999999998884e-04,1482,2.168773883706519e-01,4.140142869870529e+03,1.000000000000000e+00,8.000000000000000e-01,2.000000000000000e-01,2.450412226489467e-04,-7.512982179781362e-05,1.666666666666667e+00,0.000000000000000e+00,2.981500000000000e+02,3.232045036476612e+02,3.000000000000002e+02,1.132265585705829e+03,3.304549262274659e+02,2,0.000000000000000e+00,0.000000000000000e+00
1.482999999998872e-04,1483,2.169507368721113e-01,7.152910365417441e+03,1.000000000000000e+00,8.000000000000000e-01,2.000000000000000e-01,2.452078893156124e-04,-7.512982179781362e-05,1.666666666666667e+00,0.000000000000000e+00,2.981500000000000e+02,3.230638199122200e+02,3.000000000000002e+02,1.132331863797594e+03,3.304750417897126e+02,2,0.000000000000000e+00,0.000000000000000e+00
1.483999999998861e-04,1484,2.170361052858295e-01,4.322375946383041e+03,1.000000000000000e+00,8.000000000000000e-01,2.000000000000000e-01,2.453745559822781e-04,-7.512982179781362e-05,1.666666666666667e+00,0.000000000000000e+00,2.981500000000000e+02,3.229698392238140e+02,3.000000000000002e+02,1.132436663197519e+03,3.304956629962968e+02,2,0.000000000000000e+00,0.000000000000000e+00
1.484999999998849e-04,1485,2.171046727194889e-01,6.001774497218468e+03,1.000000000000000e+00,8.000000000000000e-01,2.000000000000000e-01,2.455412226489438e-04,-7.512982179781362e-05,1.666666666666667e+00,0.000000000000000e+00,2.981500000000000e+02,3.228365138111340e+02,3.000000000000002e+02,1.132520516001546e+03,3.305164508828266e+02,2,0.000000000000000e+00,0.000000000000000e+00
1.485999999998838e-04,1486,2.171958034506974e-01,4.253724486384317e+03,1.000000000000000e+00,8.000000000000000e-01,2.000000000000000e-01,2.457078893156094e-04,-7.512982179781362e-05,1.666666666666667e+00,0.000000000000000e+00,2.981500000000000e+02,3.227376570565378e+02,3.000000000000002e+02,1.132628493418633e+03,3.305371846550141e+02,2,0.000000000000000e+00,0.000000000000000e+00
1.486999999998827e-04,1487,2.172576838637570e-01,4.544766734500033e+03,1.000000000000000e+00,8.000000000000000e-01,2.000000000000000e-01,2.458745559822751e-04,-7.512982179781362e-05,1.666666666666667e+00,0.000000000000000e+00,2.981500000000000e+02,3.226219585848651e+02,3.000000000000002e+02,1.132717634366955e+03,3.305586645786116e+02,2,0.000000000000000e+00,0.000000000000000e+00
1.487999999998815e-04,1488,2.173574086890681e-01,4.477307321923518e+03,1.000000000000000e+00,8.000000000000000e-01,2.000000000000000e-01,2.460412226489408e-04,-7.512982179781362e-05,1.666666666666667e+00,0.000000000000000e+00,2.981500000000000e+02,3.225176966610302e+02,3.000000000000002e+02,1.132840987381511e+03,3.305800811937896e+02,2,0.000000000000000e+00,0.000000000000000e+00
1.488999999998804e-04,1489,2.174220031613307e-01,4.942242392721499e+03,1.000000000000000e+00,8.000000000000000e-01,2.000000000000000e-01,2.462078893156065e-04,-7.512982179781362e-05,1.666666666666667e+00,0.000000000000000e+00,2.981500000000000e+02,3.224074132421987e+02,3.000000000000002e+02,1.132943659834528e+03,3.306019845062200e+02,2,0.000000000000000e+00,0.000000000000000e+00
1.489999999998793e-04,1490,2.175288216071599e-01,4.397620238246884e+03,1.000000000000000e+00,8.000000000000000e-01,2.000000000000000e-01,2.463745559822722e-04,-7.512982179781362e-05,1.666666666666667e+00,0.000000000000000e+00,2.981500000000000e+02,3.222881527698717e+02,3.000000000000002e+02,1.133051326493659e+03,3.306236357236898e+02,2,0.000000000000000e+00,0.000000000000000e+00
1.490999999998781e-04,1491,2.176038335683809e-01,5.862137135249774e+03,1.000000000000000e+00,8.000000000000000e-01,2.000000000000000e-01,2.465412226489378e-04,-7.512982179781362e-05,1.666666666666667e+00,0.000000000000000e+00,2.981500000000000e+02,3.221951386867473e+02,3.000000000000002e+02,1.133163164260336e+03,3.306453105642188e+02,2,0.000000000000000e+00,0.000000000000000e+00
1.491999999998770e-04,1492,2.177007140147236e-01,4.982514524131027e+03,1.000000000000000e+00,8.000000000000000e-01,2.000000000000000e-01,2.467078893156035e-04,-7.512982179781362e-05,1.666666666666667e+00,0.000000000000000e+00,2.981500000000000e+02,3.220749830449054e+02,3.000000000000002e+02,1.133257580425968e+03,3.306674321223707e+02,2,0.000000000000000e+00,0.000000000000000e+00
1.492999999998759e-04,1493,2.177848041002034e-01,7.423250147598848e+03,1.000000000000000e+00,8.000000000000000e-01,2.000000000000000e-01,2.468745559822692e-04,-7.512982179781362e-05,1.666666666666667e+00,0.000000000000000e+00,2.981500000000000e+02,3.219854599230439e+02,3.000000000000002e+02,1.133352886181184e+03,3.306885791427404e+02,2,0.000000000000000e+00,0.000000000000000e+00
1.493999999998747e-04,1494,2.178645149591917e-01,5.689134003942844e+03,1.000000000000000e+00,8.000000000000000e-01,2.000000000000000e-01,2.470412226489349e-04,-7.512982179781362e-05,1.666666666666667e+00,0.000000000000000e+00,2.981500000000000e+02,3.218767070592553e+02,3.000000000000002e+02,1.133422267526799e+03,3.307101268789589e+02,2,0.000000000000000e+00,0.000000000000000e+00
1.494999999998736e-04,1495,2.179670543186406e-01,6.789329977213627e+03,1.000000000000000e+00,8.000000000000000e-01,2.000000000000000e-01,2.472078893156005e-04,-7.512982179781362e-05,1.666666666666667e+00,0.000000000000000e+00,2.981500000000000e+02,3.217885669716363e+02,3.000000000000002e+02,1.133487871612877e+03,3.307303640747377e+02,2,0.000000000000000e+00,0.000000000000000e+00
1.495999999998724e-04,1496,2.180298230593431e-01,5.680687626485696e+03,1.000000000000000e+00,8.000000000000000e-01,2.000000000000000e-01,2.473745559822662e-04,-7.512982179781362e-05,1.666666666666667e+00,0.000000000000000e+00,2.981500000000000e+02,3.216886777936033e+02,3.000000000000002e+02,1.133519062839947e+03,3.307506474593610e+02,2,0.000000000000000e+00,0.000000000000000e+00
1.496999999998713e-04,1497,2.181345343683797e-01,6.931713602684270e+03,1.000000000000000e+00,8.000000000000000e-01,2.000000000000000e-01,2.475412226489319e-04,-7.512982179781362e-05,1.666666666666667e+00,0.000000000000000e+00,2.981500000000000e+02,3.216000821922077e+02,3.000000000000002e+02,1.133568241476619e+03,3.307705206781243e+02,2,0.000000000000000e+00,0.000000000000000e+00
1.497999999998702e-04,1498,2.181995547086546e-01,5.978764304223917e+03,1.000000000000000e+00,8.000000000000000e-01,2.000000000000000e-01,2.477078893155976e-04,-7.512982179781362e-05,1.666666666666667e+00,0.000000000000000e+00,2.981500000000000e+02,3.215141569678980e+02,3.000000000000002e+02,1.133593573523397e+03,3.307906352102682e+02,2,0.000000000000000e+00,0.000000000000000e+00
1.498999999998690e-04,1499,2.183151699284578e-01,6.268187885497198e+03,1.000000000000000e+00,8.000000000000000e-01,2.000000000000000e-01,2.478745559822632e-04,-7.512982179781362e-05,1.666666666666667e+00,0.000000000000000e+00,2.981500000000000e+02,3.214184391646162e+02,3.000000000000002e+02,1.133623024952111e+03,3.308106400907998e+02,2,0.000000000000000e+00,0.000000000000000e+00
1.499999999998679e-04,1500,2.183841127294049e-01,5.130553245229827e+03,1.000000000000000e+00,8.000000000000000e-01,2.000000000000000e-01,2.480412226489289e-04,-7.512982179781362e-05,1.666666666666667e+00,0.000000000000000e+00,2.981500000000000e+02,3.213432643204924e+02,3.000000000000002e+02,1.133651993724215e+03,3.308303981302812e+02,2,0.000000000000000e+00,0.000000000000000e+00
1.500999999998668e-04,1501,2.184886883611203e-01,4.806087930716083e+03,1.000000000000000e+00,8.000000000000000e-01,2.000000000000000e-01,2.482078893155946e-04,-7.512982179781362e-05,1.666666666666667e+00,0.000000000000000e+00,2.981500000000000e+02,3.212487870932885e+02,3.000000000000002e+02,1.133668167306767e+03,3.308502698249459e+02,2,0.000000000000000e+00,0.000000000000000e+00
1.501999999998656e-04,1502,2.185590978405237e-01,4.635153514118650e+03,1.000000000000000e+00,8.000000000000000e-01,2.000000000000000e-01,2.483745559822603e-04,-7.512982179781362e-05,1.666666666666667e+00,0.000000000000000e+00,2.981500000000000e+02,3.211812991761703e+02,3.000000000000002e+02,1.133683700341503e+03,3.308695935879751e+02,2,0.000000000000000e+00,0.000000000000000e+00
1.502999999998645e-04,1503,2.186633488979899e-01,5.102440959777977e+03,1.000000000000000e+00,8.000000000000000e-01,2.000000000000000e-01,2.485412226489260e-04,-7.512982179781362e-05,1.666666666666667e+00,0.000000000000000e+00,2.981500000000000e+02,3.210900248126663e+02,3.000000000000002e+02,1.133699187616505e+03,3.308900287633263e+02,2,0.000000000000000e+00,0.000000000000000e+00
1.503999999998634e-04,1504,2.187563456645959e-01,6.630428502156755e+03,1.000000000000000e+00,8.000000000000000e-01,2.000000000000000e-01,2.487078893155916e-04,-7.512982179781362e-05,1.666666666666667e+00,0.000000000000000e+00,2.981500000000000e+02,3.210208716757376e+02,3.000000000000002e+02,1.133735920826138e+03,3.309098917186383e+02,2,0.000000000000000e+00,0.000000000000000e+00
1.504999999998622e-04,1505,2.188669506839172e-01,6.866867247084441e+03,1.000000000000000e+00,8.000000000000000e-01,2.000000000000000e-01,2.488745559822573e-04,-7.512982179781362e-05,1.666666666666667e+00,0.000000000000000e+00,2.981500000000000e+02,3.209330822459279e+02,3.000000000000002e+02,1.133763262071965e+03,3.309310393682842e+02,2,0.000000000000000e+00,0.000000000000000e+00
1.505999999998611e-04,1506,2.189671292819730e-01,7.049223709978941e+03,1.000000000000000e+00,8.000000000000000e-01,2.000000000000000e-01,2.490412226489230e-04,-7.512982179781362e-05,1.666666666666667e+00,0.000000000000000e+00,2.981500000000000e+02,3.208670140356479e+02,3.000000000000002e+02,1.133822018177481e+03,3.309518363907588e+02,2,0.000000000000000e+00,0.000000000000000e+00
1.506999999998600e-04,1507,2.190761190944152e-01,6.512648699922960e+03,1.000000000000000e+00,8.000000000000000e-01,2.000000000000000e-01,2.492078893155887e-04,-7.512982179781362e-05,1.666666666666667e+00,0.000000000000000e+00,2.981500000000000e+02,3.207854574534182e+02,3.000000000000002e+02,1.133864540105680e+03,3.309735896648654e+02,2,0.000000000000000e+00,0.000000000000000e+00
1.507999999998588e-04,1508,2.191827583364712e-01,6.768067133501529e+03,1.000000000000000e+00,8.000000000000000e-01,2.000000000000000e-01,2.493745559822543e-04,-7.512982179781362e-05,1.666666666666667e+00,0.000000000000000e+00,2.981500000000000e+02,3.207345060516579e+02,3.000000000000002e+02,1.133928114269263e+03,3.309950850787632e+02,2,0.000000000000000e+00,0.000000000000000e+00
1.508999999998577e-04,1509,2.192999753291231e-01,6.428920047186960e+03,1.000000000000000e+00,8.000000000000000e-01,2.000000000000000e-01,2.495412226489200e-04,-7.512982179781362e-05,1.666666666666667e+00,0.000000000000000e+00,2.981500000000000e+02,3.206866198851026e+02,3.000000000000002e+02,1.133990351021484e+03,3.310171820210706e+02,2,0.000000000000000e+00,0.000000000000000e+00
1.509999999998565e-04,1510,2.194082054630711e-01,6.663618159981242e+03,1.000000000000000e+00,8.000000000000000e-01,2.000000000000000e-01,2.497078893155857e-04,-7.512982179781362e-05,1.666666666666667e+00,0.000000000000000e+00,2.981500000000000e+02,3.206225437416728e+02,3.000000000000002e+02,1.134059908610963e+03,3.310389392526098e+02,2,0.000000000000000e+00,0.000000000000000e+00
1.510999999998554e-04,1511,2.195326541532218e-01,7.123604327757916e+03,1.000000000000000e+00,8.000000000000000e-01,2.000000000000000e-01,2.498745559822514e-04,-7.512982179781362e-05,1.666666666666667e+00,0.000000000000000e+00,2.981500000000000e+02,3.205896646515432e+02,3.000000000000002e+02,1.134134792311420e+03,3.310613844361209e+02,2,0.000000000000000e+00,0.000000000000000e+00
1.511999999998543e-04,1512,2.196564306615894e-01,7.207627351295700e+03,1.000000000000000e+00,8.000000000000000e-01,2.000000000000000e-01,2.500412226489170e-04,-7.512982179781362e-05,1.666666666666667e+00,0.000000000000000e+00,2.981500000000000e+02,3.205174879713123e+02,3.000000000000002e+02,1.134206464005883e+03,3.310839522839223e+02,2,0.000000000000000e+00,0.000000000000000e+00
1.512999999998531e-04,1513,2.197764985095436e-01,7.166368051449668e+03,1.000000000000000e+00,8.000000000000000e-01,2.000000000000000e-01,2.502078893155827e-04,-7.512982179781362e-05,1.666666666666667e+00,0.000000000000000e+00,2.981500000000000e+02,3.205016623041622e+02,3.000000000000002e+02,1.134291401104600e+03,3.311063375023604e+02,2,0.000000000000000e+00,0.000000000000000e+00
1.513999999998520e-04,1514,2.199077277219549e-01,6.420466896753595e+03,1.000000000000000e+00,8.000000000000000e-01,2.000000000000000e-01,2.503745559822484e-04,-7.512982179781362e-05,1.666666666666667e+00,0.000000000000000e+00,2.981500000000000e+02,3.204194369967273e+02,3.000000000000002e+02,1.134356815080832e+03,3.311290596387607e+02,2,0.000000000000000e+00,0.000000000000000e+00
1.514999999998509e-04,1515,2.200229546501725e-01,8.502879176011733e+03,1.000000000000000e+00,8.000000000000000e-01,2.000000000000000e-01,2.505412226489141e-04,-7.512982179781362e-05,1.666666666666667e+00,0.000000000000000e+00,2.981500000000000e+02,3.204235686132082e+02,3.000000000000002e+02,1.134429486012146e+03,3.311510904744058e+02,2,0.000000000000000e+00,0.000000000000000e+00
1.515999999998497e-04,1516,2.355363179589765e-01,1.292665651930612e+04,1.000000000000000e+00,8.000000000000000e-01,2.000000000000000e-01,2.507078893155798e-04,-7.512982179781362e-05,1.666666666666667e+00,0.000000000000000e+00,2.981500000000000e+02,3.203307098881232e+02,3.000000000000002e+02,1.134490853968495e+03,3.311741698593365e+02,2,0.000000000000000e+00,0.000000000000000e+00
1.516999999998486e-04,1517,2.357092782680434e-01,1.553484511799227e+04,1.000000000000000e+00,8.000000000000000e-01,2.000000000000000e-01,2.508745559822454e-04,-7.512982179781362e-05,1.666666666666667e+00,0.000000000000000e+00,2.981500000000000e+02,3.203568068062535e+02,3.000000000000002e+02,1.134616037226526e+03,3.311979653514242e+02,2,0.000000000000000e+00,0.000000000000000e+00
1.517999999998475e-04,1518,2.358990360147298e-01,1.168517720219071e+04,1.000000000000000e+00,8.000000000000000e-01,2.000000000000000e-01,2.510412226489111e-04,-7.512982179781362e-05,1.666666666666667e+00,0.000000000000000e+00,2.981500000000000e+02,3.202639208083801e+02,3.000000000000002e+02,1.134752759011777e+03,3.312218080507841e+02,2,0.000000000000000e+00,0.000000000000000e+00
1.518999999998463e-04,1519,2.360582692619131e-01,1.532386898476479e+04,1.000000000000000e+00,8.000000000000000e-01,2.000000000000000e-01,2.512078893155768e-04,-7.512982179781362e-05,1.666666666666667e+00,0.000000000000000e+00,2.981500000000000e+02,3.202819036731755e+02,3.000000000000002e+02,1.134913721802612e+03,3.312449568505842e+02,2,0.000000000000000e+00,0.000000000000000e+00
1.519999999998452e-04,1520,2.362397147906383e-01,9.593630002843231e+03,1.000000000000000e+00,8.000000000000000e-01,2.000000000000000e-01,2.513745559822425e-04,-7.512982179781362e-05,1.666666666666667e+00,0.000000000000000e+00,2.981500000000000e+02,3.201991677760686e+02,3.000000000000002e+02,1.135054680762571e+03,3.312682515289917e+02,2,0.000000000000000e+00,0.000000000000000e+00
1.520999999998440e-04,1521,2.363691740284896e-01,1.176318046385626e+04,1.000000000000000e+00,8.000000000000000e-01,2.000000000000000e-01,2.515412226489081e-04,-7.512982179781362e-05,1.666666666666667e+00,0.000000000000000e+00,2.981500000000000e+02,3.202188840056850e+02,3.000000000000002e+02,1.135221501117047e+03,3.312907259348145e+02,2,0.000000000000000e+00,0.000000000000000e+00
1.521999999998429e-04,1522,2.365585914578325e-01,8.967533988376143e+03,1.000000000000000e+00,8.000000000000000e-01,2.000000000000000e-01,2.517078893155738e-04,-7.512982179781362e-05,1.666666666666667e+00,0.000000000000000e+00,2.981500000000000e+02,3.201874696376528e+02,3.000000000000002e+02,1.135366373417409e+03,3.313134768858850e+02,2,0.000000000000000e+00,0.000000000000000e+00
1.522999999998418e-04,1523,2.366947547429490e-01,1.030132242798444e+04,1.000000000000000e+00,8.000000000000000e-01,2.000000000000000e-01,2.518745559822395e-04,-7.512982179781362e-05,1.666666666666667e+00,0.000000000000000e+00,2.981500000000000e+02,3.201720925973883e+02,3.000000000000002e+02,1.135547602123682e+03,3.313358333069013e+02,2,0.000000000000000e+00,0.000000000000000e+00
1.523999999998406e-04,1524,2.368969146713237e-01,9.736802971467030e+03,1.000000000000000e+00,8.000000000000000e-01,2.000000000000000e-01,2.520412226489052e-04,-7.512982179781362e-05,1.666666666666667e+00,0.000000000000000e+00,2.981500000000000e+02,3.201700718740186e+02,3.000000000000002e+02,1.135728333094429e+03,3.313591606706610e+02,2,0.000000000000000e+00,0.000000000000000e+00
1.524999999998395e-04,1525,2.370404134944971e-01,9.216024001872618e+03,1.000000000000000e+00,8.000000000000000e-01,2.000000000000000e-01,2.522078893155708e-04,-7.512982179781362e-05,1.666666666666667e+00,0.000000000000000e+00,2.981500000000000e+02,3.201219405873190e+02,3.000000000000002e+02,1.135935217774909e+03,3.313823872148859e+02,2,0.000000000000000e+00,0.000000000000000e+00
1.525999999998384e-04,1526,2.372537882465830e-01,1.135774982203953e+04,1.000000000000000e+00,8.000000000000000e-01,2.000000000000000e-01,2.523745559822365e-04,-7.512982179781362e-05,1.666666666666667e+00,0.000000000000000e+00,2.981500000000000e+02,3.201866031541801e+02,3.000000000000002e+02,1.136095739366513e+03,3.314057007952915e+02,2,0.000000000000000e+00,0.000000000000000e+00
1.526999999998372e-04,1527,2.374109439921845e-01,1.395528942235528e+04,1.000000000000000e+00,8.000000000000000e-01,2.000000000000000e-01,2.525412226489022e-04,-7.512982179781362e-05,1.666666666666667e+00,0.000000000000000e+00,2.981500000000000e+02,3.201282939437258e+02,3.000000000000002e+02,1.136214295057580e+03,3.314289277034737e+02,2,0.000000000000000e+00,0.000000000000000e+00
1.527999999998361e-04,1528,2.375810999633623e-01,1.046855260736841e+04,1.000000000000000e+00,8.000000000000000e-01,2.000000000000000e-01,2.527078893155679e-04,-7.512982179781362e-05,1.666666666666667e+00,0.000000000000000e+00,2.981500000000000e+02,3.202182662827640e+02,3.000000000000002e+02,1.136348189498122e+03,3.314514992633338e+02,2,0.000000000000000e+00,0.000000000000000e+00
1.528999999998350e-04,1529,2.178082954203816e-01,1.360147710029498e+04,1.000000000000000e+00,8.000000000000000e-01,2.000000000000000e-01,2.528745559822336e-04,-7.512982179781362e-05,1.666666666666667e+00,0.000000000000000e+00,2.981500000000000e+02,3.201658747804328e+02,3.000000000000002e+02,1.136448435569348e+03,3.314739911991514e+02,2,0.000000000000000e+00,0.000000000000000e+00
1.529999999998338e-04,1530,2.378904807403031e-01,1.071335238168664e+04,1.000000000000000e+00,8.000000000000000e-01,2.000000000000000e-01,2.530412226488992e-04,-7.512982179781362e-05,1.666666666666667e+00,0.000000000000000e+00,2.981500000000000e+02,3.202310804715855e+02,3.000000000000002e+02,1.136561451333889e+03,3.314958597912840e+02,2,0.000000000000000e+00,0.000000000000000e+00
1.530999999998327e-04,1531,2.181203431802284e-01,1.118201814001867e+04,1.000000000000000e+00,8.000000000000000e-01,2.000000000000000e-01,2.532078893155649e-04,-7.512982179781362e-05,1.666666666666667e+00,0.000000000000000e+00,2.981500000000000e+02,3.201952588605291e+02,3.000000000000002e+02,1.136633923042202e+03,3.315180374774090e+02,2,0.000000000000000e+00,0.000000000000000e+00
1.531999999998316e-04,1532,2.381919572883813e-01,1.050180717873571e+04,1.000000000000000e+00,8.000000000000000e-01,2.000000000000000e-01,2.533745559822306e-04,-7.512982179781362e-05,1.666666666666667e+00,0.000000000000000e+00,2.981500000000000e+02,3.201970212988315e+02,3.000000000000002e+02,1.136714142245115e+03,3.315398279966632e+02,2,0.000000000000000e+00,0.000000000000000e+00
1.532999999998304e-04,1533,2.184040615814254e-01,9.140819365078223e+03,1.000000000000000e+00,8.000000000000000e-01,2.000000000000000e-01,2.535412226488963e-04,-7.512982179781362e-05,1.666666666666667e+00,0.000000000000000e+00,2.981500000000000e+02,3.201987069331411e+02,3.000000000000002e+02,1.136759852098141e+03,3.315613682706032e+02,2,0.000000000000000e+00,0.000000000000000e+00
1.533999999998293e-04,1534,2.384842238364740e-01,8.031397515160220e+03,1.000000000000000e+00,8.000000000000000e-01,2.000000000000000e-01,2.537078893155619e-04,-7.512982179781362e-05,1.666666666666667e+00,0.000000000000000e+00,2.981500000000000e+02,3.201638019002997e+02,3.000000000000002e+02,1.136804894898819e+03,3.315827638012918e+02,2,0.000000000000000e+00,0.000000000000000e+00
1.534999999998281e-04,1535,2.386116106083136e-01,9.246698896106192e+03,1.000000000000000e+00,8.000000000000000e-01,2.000000000000000e-01,2.538745559822276e-04,-7.512982179781362e-05,1.666666666666667e+00,0.000000000000000e+00,2.981500000000000e+02,3.202008731286647e+02,3.000000000000002e+02,1.136829676836769e+03,3.316031285948307e+02,2,0.000000000000000e+00,0.000000000000000e+00
1.535999999998270e-04,1536,2.387573580208980e-01,6.313654210774751e+03,1.000000000000000e+00,8.000000000000000e-01,2.000000000000000e-01,2.540412226488933e-04,-7.512982179781362e-05,1.666666666666667e+00,0.000000000000000e+00,2.981500000000000e+02,3.201364053703982e+02,3.000000000000002e+02,1.136840983028179e+03,3.316239052783596e+02,2,0.000000000000000e+00,0.000000000000000e+00
1.536999999998259e-04,1537,2.388782266652641e-01,1.072009458004874e+04,1.000000000000000e+00,8.000000000000000e-01,2.000000000000000e-01,2.542078893155590e-04,-7.512982179781362e-05,1.666666666666667e+00,0.000000000000000e+00,2.981500000000000e+02,3.208766711646508e+02,3.000000000000002e+02,1.136853476330189e+03,3.316445419074205e+02,2,0.000000000000000e+00,0.000000000000000e+00
1.537999999998247e-04,1538,2.390475352562128e-01,1.559777807494820e+04,1.000000000000000e+00,8.000000000000000e-01,2.000000000000000e-01,2.543745559822246e-04,-7.512982179781362e-05,1.666666666666667e+00,0.000000000000000e+00,2.981500000000000e+02,3.234304016917686e+02,3.000000000000002e+02,1.136857712478549e+03,3.316673086320565e+02,2,0.000000000000000e+00,0.000000000000000e+00
1.538999999998236e-04,1539,2.392033648190764e-01,1.335789208461170e+04,1.000000000000000e+00,8.000000000000000e-01,2.000000000000000e-01,2.545412226488903e-04,-7.512982179781362e-05,1.666666666666667e+00,0.000000000000000e+00,2.981500000000000e+02,3.245926164944791e+02,3.000000000000002e+02,1.136883539194576e+03,3.316893773182894e+02,2,0.000000000000000e+00,0.000000000000000e+00
1.539999999998225e-04,1540,2.394001335680005e-01,1.173974529966781e+04,1.000000000000000e+00,8.000000000000000e-01,2.000000000000000e-01,2.547078893155560e-04,-7.512982179781362e-05,1.666666666666667e+00,0.000000000000000e+00,2.981500000000000e+02,3.248687393090555e+02,3.000000000000002e+02,1.136924690192732e+03,3.317117118189138e+02,2,0.000000000000000e+00,0.000000000000000e+00
1.540999999998213e-04,1541,2.395929631402000e-01,1.187065308347048e+04,1.000000000000000e+00,8.000000000000000e-01,2.000000000000000e-01,2.548745559822217e-04,-7.512982179781362e-05,1.666666666666667e+00,0.000000000000000e+00,2.981500000000000e+02,3.249103447865200e+02,3.000000000000002e+02,1.136940834758758e+03,3.317332443822058e+02,2,0.000000000000000e+00,0.000000000000000e+00
1.541999999998202e-04,1542,2.397336797998998e-01,8.223738372161135e+03,1.000000000000000e+00,8.000000000000000e-01,2.000000000000000e-01,2.550412226488874e-04,-7.512982179781362e-05,1.666666666666667e+00,0.000000000000000e+00,2.981500000000000e+02,3.247766190692906e+02,3.000000000000002e+02,1.136944226805192e+03,3.317536253469398e+02,2,0.000000000000000e+00,0.000000000000000e+00
1.542999999998191e-04,1543,2.399034849261109e-01,1.202298523287742e+04,1.000000000000000e+00,8.000000000000000e-01,2.000000000000000e-01,2.552078893155530e-04,-7.512982179781362e-05,1.666666666666667e+00,0.000000000000000e+00,2.981500000000000e+02,3.245651491037775e+02,3.000000000000002e+02,1.136934081177587e+03,3.317738674795419e+02,2,0.000000000000000e+00,0.000000000000000e+00
1.543999999998179e-04,1544,2.400255914658370e-01,1.122515432405295e+04,1.000000000000000e+00,8.000000000000000e-01,2.000000000000000e-01,2.553745559822187e-04,-7.512982179781362e-05,1.666666666666667e+00,0.000000000000000e+00,2.981500000000000e+02,3.242731406108012e+02,3.000000000000002e+02,1.136925022249304e+03,3.317936014509857e+02,2,0.000000000000000e+00,0.000000000000000e+00
1.544999999998168e-04,1545,2.402013033845360e-01,1.185632281774930e+04,1.000000000000000e+00,8.000000000000000e-01,2.000000000000000e-01,2.555412226488844e-04,-7.512982179781362e-05,1.666666666666667e+00,0.000000000000000e+00,2.981500000000000e+02,3.239740417037191e+02,3.000000000000002e+02,1.136933948960013e+03,3.318144929478302e+02,2,0.000000000000000e+00,0.000000000000000e+00
1.545999999998156e-04,1546,2.403323323125729e-01,1.255711354893501e+04,1.000000000000000e+00,8.000000000000000e-01,2.000000000000000e-01,2.557078893155501e-04,-7.512982179781362e-05,1.666666666666667e+00,0.000000000000000e+00,2.981500000000000e+02,3.236543262981020e+02,3.000000000000002e+02,1.136954566832204e+03,3.318354515371926e+02,2,0.000000000000000e+00,0.000000000000000e+00
1.546999999998145e-04,1547,2.204641521558892e-01,1.148057378100341e+04,1.000000000000000e+00,8.000000000000000e-01,2.000000000000000e-01,2.558745559822157e-04,-7.512982179781362e-05,1.666666666666667e+00,0.000000000000000e+00,2.981500000000000e+02,3.233500805446750e+02,3.000000000000002e+02,1.136977684456544e+03,3.318564770326758e+02,2,0.000000000000000e+00,0.000000000000000e+00
1.547999999998134e-04,1548,2.206026577280741e-01,1.176940219881739e+04,1.000000000000000e+00,8.000000000000000e-01,2.000000000000000e-01,2.560412226488814e-04,-7.512982179781362e-05,1.666666666666667e+00,0.000000000000000e+00,2.981500000000000e+02,3.230755063675718e+02,3.000000000000002e+02,1.136995243349547e+03,3.318770993288277e+02,2,0.000000000000000e+00,0.000000000000000e+00
1.548999999998122e-04,1549,2.207366666038562e-01,1.009071237113906e+04,1.000000000000000e+00,8.000000000000000e-01,2.000000000000000e-01,2.562078893155471e-04,-7.512982179781362e-05,1.666666666666667e+00,0.000000000000000e+00,2.981500000000000e+02,3.227894688151691e+02,3.000000000000002e+02,1.137021263967209e+03,3.318978449097273e+02,2,0.000000000000000e+00,0.000000000000000e+00
1.549999999998111e-04,1550,2.208917013037139e-01,8.418759983250367e+03,1.000000000000000e+00,8.000000000000000e-01,2.000000000000000e-01,2.563745559822128e-04,-7.512982179781362e-05,1.666666666666667e+00,0.000000000000000e+00,2.981500000000000e+02,3.225582385489625e+02,3.000000000000002e+02,1.137040606752917e+03,3.319181696034353e+02,2,0.000000000000000e+00,0.000000000000000e+00
1.550999999998100e-04,1551,2.210052336900451e-01,9.723653786122461e+03,1.000000000000000e+00,8.000000000000000e-01,2.000000000000000e-01,2.565412226488784e-04,-7.512982179781362e-05,1.666666666666667e+00,0.000000000000000e+00,2.981500000000000e+02,3.223191703341647e+02,3.000000000000002e+02,1.137071308005135e+03,3.319386656715456e+02,2,0.000000000000000e+00,0.000000000000000e+00
1.551999999998088e-04,1552,2.411374487644411e-01,7.412648080885780e+03,1.000000000000000e+00,8.000000000000000e-01,2.000000000000000e-01,2.567078893155441e-04,-7.512982179781362e-05,1.666666666666667e+00,0.000000000000000e+00,2.981500000000000e+02,3.220996733524769e+02,3.000000000000002e+02,1.137085937155914e+03,3.319587310371034e+02,2,0.000000000000000e+00,0.000000000000000e+00
1.552999999998077e-04,1553,2.412580795826212e-01,9.326868661812628e+03,1.000000000000000e+00,8.000000000000000e-01,2.000000000000000e-01,2.568745559822098e-04,-7.512982179781362e-05,1.666666666666667e+00,0.000000000000000e+00,2.981500000000000e+02,3.219107881366215e+02,3.000000000000002e+02,1.137119167830950e+03,3.319790549486088e+02,2,0.000000000000000e+00,0.000000000000000e+00
1.553999999998066e-04,1554,2.413915866196557e-01,6.557831922165988e+03,1.000000000000000e+00,8.000000000000000e-01,2.000000000000000e-01,2.570412226488755e-04,-7.512982179781362e-05,1.666666666666667e+00,0.000000000000000e+00,2.981500000000000e+02,3.217177250368657e+02,3.000000000000002e+02,1.137133001357315e+03,3.319990779198218e+02,2,0.000000000000000e+00,0.000000000000000e+00
1.554999999998054e-04,1555,2.414998785989319e-01,8.310325914022180e+03,1.000000000000000e+00,8.000000000000000e-01,2.000000000000000e-01,2.572078893155411e-04,-7.512982179781362e-05,1.666666666666667e+00,0.000000000000000e+00,2.981500000000000e+02,3.215962680821115e+02,3.000000000000002e+02,1.137175642684363e+03,3.320194459786132e+02,2,0.000000000000000e+00,0.000000000000000e+00
1.555999999998043e-04,1556,2.416176883941715e-01,5.549552095441771e+03,1.000000000000000e+00,8.000000000000000e-01,2.000000000000000e-01,2.573745559822068e-04,-7.512982179781362e-05,1.666666666666667e+00,0.000000000000000e+00,2.981500000000000e+02,3.214395149003273e+02,3.000000000000002e+02,1.137178205369807e+03,3.320396948536295e+02,2,0.000000000000000e+00,0.000000000000000e+00
1.556999999998032e-04,1557,2.417201702254973e-01,6.664808978954752e+03,1.000000000000000e+00,8.000000000000000e-01,2.000000000000000e-01,2.575412226488725e-04,-7.512982179781362e-05,1.666666666666667e+00,0.000000000000000e+00,2.981500000000000e+02,3.213233600953243e+02,3.000000000000002e+02,1.137209762595745e+03,3.320602951168568e+02,2,0.000000000000000e+00,0.000000000000000e+00
1.557999999998020e-04,1558,2.418331668679051e-01,6.741811600978824e+03,1.000000000000000e+00,8.000000000000000e-01,2.000000000000000e-01,2.577078893155382e-04,-7.512982179781362e-05,1.666666666666667e+00,0.000000000000000e+00,2.981500000000000e+02,3.211973042681080e+02,3.000000000000002e+02,1.137250152247180e+03,3.320814174102519e+02,2,0.000000000000000e+00,0.000000000000000e+00
1.558999999998009e-04,1559,2.419356961030757e-01,7.760292976081297e+03,1.000000000000000e+00,8.000000000000000e-01,2.000000000000000e-01,2.578745559822039e-04,-7.512982179781362e-05,1.666666666666667e+00,0.000000000000000e+00,2.981500000000000e+02,3.210752645748555e+02,3.000000000000002e+02,1.137287131889387e+03,3.321020403081826e+02,2,0.000000000000000e+00,0.000000000000000e+00
1.559999999997997e-04,1560,2.220832354803846e-01,8.669662424523875e+03,1.000000000000000e+00,8.000000000000000e-01,2.000000000000000e-01,2.580412226488695e-04,-7.512982179781362e-05,1.666666666666667e+00,0.000000000000000e+00,2.981500000000000e+02,3.209951161078736e+02,3.000000000000002e+02,1.137355475268482e+03,3.321232473516686e+02,2,0.000000000000000e+00,0.000000000000000e+00
1.560999999997986e-04,1561,2.221943221158878e-01,8.813933913761362e+03,1.000000000000000e+00,8.000000000000000e-01,2.000000000000000e-01,2.582078893155352e-04,-7.512982179781362e-05,1.666666666666667e+00,0.000000000000000e+00,2.981500000000000e+02,3.208787677619424e+02,3.000000000000002e+02,1.137392711600680e+03,3.321439312328441e+02,2,0.000000000000000e+00,0.000000000000000e+00
1.561999999997975e-04,1562,2.223308447629107e-01,8.121308917249482e+03,1.000000000000000e+00,8.000000000000000e-01,2.000000000000000e-01,2.583745559822009e-04,-7.512982179781362e-05,1.666666666666667e+00,0.000000000000000e+00,2.981500000000000e+02,3.208287568453325e+02,3.000000000000002e+02,1.137433350384499e+03,3.321651738813094e+02,2,0.000000000000000e+00,0.000000000000000e+00
1.562999999997963e-04,1563,2.224397113422304e-01,7.043211975046625e+03,1.000000000000000e+00,8.000000000000000e-01,2.000000000000000e-01,2.585412226488666e-04,-7.512982179781362e-05,1.666666666666667e+00,0.000000000000000e+00,2.981500000000000e+02,3.207263842378875e+02,3.000000000000002e+02,1.137488804886938e+03,3.321863962865614e+02,2,0.000000000000000e+00,0.000000000000000e+00
1.563999999997952e-04,1564,2.225827324512578e-01,7.493593155628054e+03,1.000000000000000e+00,8.000000000000000e-01,2.000000000000000e-01,2.587078893155322e-04,-7.512982179781362e-05,1.666666666666667e+00,0.000000000000000e+00,2.981500000000000e+02,3.206715574247273e+02,3.000000000000002e+02,1.137522084576014e+03,3.322073775327297e+02,2,0.000000000000000e+00,0.000000000000000e+00
1.564999999997941e-04,1565,2.227045467729115e-01,6.311550749594388e+03,1.000000000000000e+00,8.000000000000000e-01,2.000000000000000e-01,2.588745559821979e-04,-7.512982179781362e-05,1.666666666666667e+00,0.000000000000000e+00,2.981500000000000e+02,3.206013280335863e+02,3.000000000000002e+02,1.137598305775519e+03,3.322291876935168e+02,2,0.000000000000000e+00,0.000000000000000e+00
1.565999999997929e-04,1566,2.228444093818002e-01,7.779211536916146e+03,1.000000000000000e+00,8.000000000000000e-01,2.000000000000000e-01,2.590412226488636e-04,-7.512982179781362e-05,1.666666666666667e+00,0.000000000000000e+00,2.981500000000000e+02,3.205273266441710e+02,3.000000000000002e+02,1.137670269438841e+03,3.322511854264966e+02,2,0.000000000000000e+00,0.000000000000000e+00
1.566999999997918e-04,1567,2.229767033839239e-01,8.545994876269764e+03,1.000000000000000e+00,8.000000000000000e-01,2.000000000000000e-01,2.592078893155293e-04,-7.512982179781362e-05,1.666666666666667e+00,0.000000000000000e+00,2.981500000000000e+02,3.205026374512454e+02,3.000000000000002e+02,1.137779176812572e+03,3.322739860096867e+02,2,0.000000000000000e+00,0.000000000000000e+00
1.567999999997907e-04,1568,2.430612681618448e-01,8.993639182403131e+03,1.000000000000000e+00,8.000000000000000e-01,2.000000000000000e-01,2.593745559821949e-04,-7.512982179781362e-05,1.666666666666667e+00,0.000000000000000e+00,2.981500000000000e+02,3.204440004317715e+02,3.000000000000002e+02,1.137883037526357e+03,3.322967767872347e+02,2,0.000000000000000e+00,0.000000000000000e+00
1.568999999997895e-04,1569,2.431834323177167e-01,9.915171745508398e+03,1.000000000000000e+00,8.000000000000000e-01,2.000000000000000e-01,2.595412226488606e-04,-7.512982179781362e-05,1.666666666666667e+00,0.000000000000000e+00,2.981500000000000e+02,3.204036759346276e+02,3.000000000000002e+02,1.137974707866887e+03,3.323189792072656e+02,2,0.000000000000000e+00,0.000000000000000e+00
1.569999999997884e-04,1570,2.433214796831548e-01,8.416544208481495e+03,1.000000000000000e+00,8.000000000000000e-01,2.000000000000000e-01,2.597078893155263e-04,-7.512982179781362e-05,1.666666666666667e+00,0.000000000000000e+00,2.981500000000000e+02,3.203661103305523e+02,3.000000000000002e+02,1.138077560776307e+03,3.323405643156324e+02,2,0.000000000000000e+00,0.000000000000000e+00
1.570999999997872e-04,1571,2.434325024562475e-01,7.462160491668813e+03,1.000000000000000e+00,8.000000000000000e-01,2.000000000000000e-01,2.598745559821920e-04,-7.512982179781362e-05,1.666666666666667e+00,0.000000000000000e+00,2.981500000000000e+02,3.203100638166634e+02,3.000000000000002e+02,1.138143062754904e+03,3.323619301034738e+02,2,0.000000000000000e+00,0.000000000000000e+00
1.571999999997861e-04,1572,2.435539979649915e-01,5.817544997622462e+03,1.000000000000000e+00,8.000000000000000e-01,2.000000000000000e-01,2.600412226488577e-04,-7.512982179781362e-05,1.666666666666667e+00,0.000000000000000e+00,2.981500000000000e+02,3.202798438412765e+02,3.000000000000002e+02,1.138218220309258e+03,3.323829479563345e+02,2,0.000000000000000e+00,0.000000000000000e+00
1.572999999997850e-04,1573,2.240332311161617e-01,5.579947866436953e+03,1.000000000000000e+00,8.000000000000000e-01,2.000000000000000e-01,2.602078893155233e-04,-7.512982179781362e-05,1.666666666666667e+00,0.000000000000000e+00,2.981500000000000e+02,3.202214616161104e+02,3.000000000000002e+02,1.138292760857933e+03,3.324041447525276e+02,2,0.000000000000000e+00,0.000000000000000e+00
1.573999999997838e-04,1574,2.437884847517431e-01,8.795359284583565e+03,1.000000000000000e+00,8.000000000000000e-01,2.000000000000000e-01,2.603745559821890e-04,-7.512982179781362e-05,1.666666666666667e+00,0.000000000000000e+00,2.981500000000000e+02,3.201861445103274e+02,3.000000000000002e+02,1.138357622315637e+03,3.324252097414352e+02,2,0.000000000000000e+00,0.000000000000000e+00
1.574999999997827e-04,1575,2.239614138046439e-01,7.757375624444981e+03,1.000000000000000e+00,8.000000000000000e-01,2.000000000000000e-01,2.605412226488547e-04,-7.512982179781362e-05,1.666666666666667e+00,0.000000000000000e+00,2.981500000000000e+02,3.201486423430442e+02,3.000000000000022e+02,1.138410193044778e+03,3.324460894394896e+02,2,0.000000000000000e+00,0.000000000000000e+00
1.575999999997816e-04,1576,2.240828119930147e-01,7.820816249151899e+03,1.000000000000000e+00,8.000000000000000e-01,2.000000000000000e-01,2.607078893155204e-04,-7.512982179781362e-05,1.666666666666667e+00,0.000000000000000e+00,2.981500000000000e+02,3.201137075446769e+02,3.000000000000078e+02,1.138436661473249e+03,3.324665938674431e+02,2,0.000000000000000e+00,0.000000000000000e+00
1.576999999997804e-04,1577,2.241803234965257e-01,8.747234821808903e+03,1.000000000000000e+00,8.000000000000000e-01,2.000000000000000e-01,2.608745559821860e-04,-7.512982179781362e-05,1.666666666666667e+00,0.000000000000000e+00,2.981500000000000e+02,3.200891390126037e+02,3.000000000000135e+02,1.138470267386089e+03,3.324870893537604e+02,2,0.000000000000000e+00,0.000000000000000e+00
1.577999999997793e-04,1578,2.242964028882208e-01,6.677512082834876e+03,1.000000000000000e+00,8.000000000000000e-01,2.000000000000000e-01,2.610412226488517e-04,-7.512982179781362e-05,1.666666666666667e+00,0.000000000000000e+00,2.981500000000000e+02,3.200421023536954e+02,3.000000000000192e+02,1.138503084511462e+03,3.325075954476927e+02,2,0.000000000000000e+00,0.000000000000000e+00
1.578999999997782e-04,1579,2.243878048198875e-01,7.854923051117234e+03,1.000000000000000e+00,8.000000000000000e-01,2.000000000000000e-01,2.612078893155174e-04,-7.512982179781362e-05,1.666666666666667e+00,0.000000000000000e+00,2.981500000000000e+02,3.200170223907128e+02,3.000000000000249e+02,1.138529525484898e+03,3.325279854141953e+02,2,0.000000000000000e+00,0.000000000000000e+00
1.579999999997770e-04,1580,2.245065562143177e-01,5.298607905247170e+03,1.000000000000000e+00,8.000000000000000e-01,2.000000000000000e-01,2.613745559821831e-04,-7.512982179781362e-05,1.666666666666667e+00,0.000000000000000e+00,2.981500000000000e+02,3.199711451902410e+02,3.000000000000306e+02,1.138549605683121e+03,3.325489768047699e+02,2,0.000000000000000e+00,0.000000000000000e+00
1.580999999997759e-04,1581,2.246005875557050e-01,5.114505634692546e+03,1.000000000000000e+00,8.000000000000000e-01,2.000000000000000e-01,2.615412226488487e-04,-7.512982179781362e-05,1.666666666666667e+00,0.000000000000000e+00,2.981500000000000e+02,3.199398459795085e+02,3.000000000000363e+02,1.138591218056118e+03,3.325700168293514e+02,2,0.000000000000000e+00,0.000000000000000e+00
1.581999999997748e-04,1582,2.247295257201663e-01,5.713719633275523e+03,1.000000000000000e+00,8.000000000000000e-01,2.000000000000000e-01,2.617078893155144e-04,-7.512982179781362e-05,1.666666666666667e+00,0.000000000000000e+00,2.981500000000000e+02,3.199185746623190e+02,3.000000000000420e+02,1.138629253377941e+03,3.325919635121155e+02,2,0.000000000000000e+00,0.000000000000000e+00
1.582999999997736e-04,1583,2.050964366350244e-01,6.381551011816585e+03,1.000000000000000e+00,8.000000000000000e-01,2.000000000000000e-01,2.618745559821801e-04,-7.512982179781362e-05,1.666666666666667e+00,0.000000000000000e+00,2.981500000000000e+02,3.199174504952127e+02,3.000000000000476e+02,1.138674728226763e+03,3.326137890378725e+02,2,0.000000000000000e+00,0.000000000000000e+00
1.583999999997725e-04,1584,2.448558105446323e-01,1.853284327348002e+04,1.000000000000000e+00,8.000000000000000e-01,2.000000000000000e-01,2.620412226488458e-04,-7.512982179781362e-05,1.666666666666667e+00,0.000000000000000e+00,2.981500000000000e+02,3.221853128189763e+02,3.000000000000533e+02,1.138736292193522e+03,3.326374990336752e+02,2,0.000000000000000e+00,0.000000000000000e+00
1.584999999997713e-04,1585,2.253190467849011e-01,9.941704780208003e+03,1.000000000000000e+00,8.000000000000000e-01,2.000000000000000e-01,2.622078893155115e-04,-7.512982179781362e-05,1.666666666666667e+00,0.000000000000000e+00,2.981500000000000e+02,3.233165211967824e+02,3.000000000000590e+02,1.138797845245111e+03,3.326625462454566e+02,2,0.000000000000000e+00,0.000000000000000e+00
1.585999999997702e-04,1586,2.451931204127548e-01,1.370865406796727e+04,1.000000000000000e+00,8.000000000000000e-01,2.000000000000000e-01,2.623745559821771e-04,-7.512982179781362e-05,1.666666666666667e+00,0.000000000000000e+00,2.981500000000000e+02,3.234586886481063e+02,3.000000000000647e+02,1.138914505701610e+03,3.326876727268420e+02,2,0.000000000000000e+00,0.000000000000000e+00
1.586999999997691e-04,1587,2.257046951483370e-01,1.217744141642219e+04,1.000000000000000e+00,8.000000000000000e-01,2.000000000000000e-01,2.625412226488428e-04,-7.512982179781362e-05,1.666666666666667e+00,0.000000000000000e+00,2.981500000000000e+02,3.234661303047143e+02,3.000000000000704e+02,1.139060242307916e+03,3.327132758846450e+02,2,0.000000000000000e+00,0.000000000000000e+00
1.587999999997679e-04,1588,2.455869706646826e-01,1.135602420845201e+04,1.000000000000000e+00,8.000000000000000e-01,2.000000000000000e-01,2.627078893155085e-04,-7.512982179781362e-05,1.666666666666667e+00,0.000000000000000e+00,2.981500000000000e+02,3.233277076171032e+02,3.000000000000761e+02,1.139249820411068e+03,3.327385856632625e+02,2,0.000000000000000e+00,0.000000000000000e+00
1.588999999997668e-04,1589,2.399917838065392e-01,8.811196460073204e+03,1.000000000000000e+00,8.000000000000000e-01,2.000000000000000e-01,2.628745559821742e-04,-7.512982179781362e-05,1.666666666666667e+00,0.000000000000000e+00,2.981500000000000e+02,3.232368609790590e+02,3.000000000000817e+02,1.139392058059021e+03,3.327635043179893e+02,2,0.000000000000000e+00,0.000000000000000e+00
1.589999999997657e-04,1590,2.598082564499186e-01,1.123272950931395e+04,1.000000000000000e+00,8.000000000000000e-01,2.000000000000000e-01,2.630412226488398e-04,-7.512982179781362e-05,1.666666666666667e+00,0.000000000000000e+00,2.981500000000000e+02,3.231182522211150e+02,3.000000000000874e+02,1.139504130464595e+03,3.327873360475683e+02,2,0.000000000000000e+00,0.000000000000000e+00
1.590999999997645e-04,1591,2.402254100743353e-01,1.188017531823718e+04,1.000000000000000e+00,8.000000000000000e-01,2.000000000000000e-01,2.632078893155055e-04,-7.512982179781362e-05,1.666666666666667e+00,0.000000000000000e+00,2.981500000000000e+02,3.229707415942485e+02,3.000000000000931e+02,1.139605654931700e+03,3.328109532371021e+02,2,0.000000000000000e+00,0.000000000000000e+00
1.591999999997634e-04,1592,2.600392128844874e-01,1.489611624859557e+04,1.000000000000000e+00,8.000000000000000e-01,2.000000000000000e-01,2.633745559821712e-04,-7.512982179781362e-05,1.666666666666667e+00,0.000000000000000e+00,2.981500000000000e+02,3.228716534886884e+02,3.000000000000988e+02,1.139752523204295e+03,3.328343059411743e+02,2,0.000000000000000e+00,0.000000000000000e+00
1.592999999997623e-04,1593,2.404449400145276e-01,1.519448782532008e+04,1.000000000000000e+00,8.000000000000000e-01,2.000000000000000e-01,2.635412226488369e-04,-7.512982179781362e-05,1.666666666666667e+00,0.000000000000000e+00,2.981500000000000e+02,3.227345859259278e+02,3.000000000001045e+02,1.139913065405520e+03,3.328574314747513e+02,2,0.000000000000000e+00,0.000000000000000e+00
1.593999999997611e-04,1594,2.403520552771185e-01,1.219250306812714e+04,1.000000000000000e+00,8.000000000000000e-01,2.000000000000000e-01,2.637078893155025e-04,-7.512982179781362e-05,1.666666666666667e+00,0.000000000000000e+00,2.981500000000000e+02,3.226961724790388e+02,3.000000000001102e+02,1.140082619242292e+03,3.328801213997161e+02,2,0.000000000000000e+00,0.000000000000000e+00
1.594999999997600e-04,1595,2.404249890177737e-01,1.228327506428246e+04,1.000000000000000e+00,8.000000000000000e-01,2.000000000000000e-01,2.638745559821682e-04,-7.512982179781362e-05,1.666666666666667e+00,0.000000000000000e+00,2.981500000000000e+02,3.225960657954343e+02,3.000000000001158e+02,1.140268767600381e+03,3.329024764564460e+02,2,0.000000000000000e+00,0.000000000000000e+00
1.595999999997588e-04,1596,2.405610353612768e-01,8.586825395111340e+03,1.000000000000000e+00,8.000000000000000e-01,2.000000000000000e-01,2.640412226488339e-04,-7.512982179781362e-05,1.666666666666667e+00,0.000000000000000e+00,2.981500000000000e+02,3.225958996005880e+02,3.000000000001215e+02,1.140471537078851e+03,3.329244615585361e+02,2,0.000000000000000e+00,0.000000000000000e+00
1.596999999997577e-04,1597,2.406123257212656e-01,1.264586436382041e+04,1.000000000000000e+00,8.000000000000000e-01,2.000000000000000e-01,2.642078893154996e-04,-7.512982179781362e-05,1.666666666666667e+00,0.000000000000000e+00,2.981500000000000e+02,3.225449116639588e+02,3.000000000001272e+02,1.140650404580367e+03,3.329454046909838e+02,2,0.000000000000000e+00,0.000000000000000e+00
1.597999999997566e-04,1598,2.407386862858271e-01,1.052756087409349e+04,1.000000000000000e+00,8.000000000000000e-01,2.000000000000000e-01,2.643745559821653e-04,-7.512982179781362e-05,1.666666666666667e+00,0.000000000000000e+00,2.981500000000000e+02,3.225514826921827e+02,3.000000000001329e+02,1.140823548967492e+03,3.329656482865386e+02,2,0.000000000000000e+00,0.000000000000000e+00
1.598999999997554e-04,1599,2.407919670857566e-01,1.496518601881166e+04,1.000000000000000e+00,8.000000000000000e-01,2.000000000000000e-01,2.645412226488309e-04,-7.512982179781362e-05,1.666666666666667e+00,0.000000000000000e+00,2.981500000000000e+02,3.224997188022277e+02,3.000000000001386e+02,1.141004027821594e+03,3.329858216425748e+02,2,0.000000000000000e+00,0.000000000000000e+00
1.599999999997543e-04,1600,2.409199631226073e-01,1.237835311617915e+04,1.000000000000000e+00,8.000000000000000e-01,2.000000000000000e-01,2.647078893154966e-04,-7.512982179781362e-05,1.666666666666667e+00,0.000000000000000e+00,2.981500000000000e+02,3.224857025864048e+02,3.000000000001443e+02,1.141226116378137e+03,3.330060861962057e+02,2,0.000000000000000e+00,0.000000000000000e+00
1.600999999997532e-04,1601,2.409963100094518e-01,1.052601643537683e+04,1.000000000000000e+00,8.000000000000000e-01,2.000000000000000e-01,2.648745559821623e-04,-7.512982179781362e-05,1.666666666666667e+00,0.000000000000000e+00,2.981500000000000e+02,3.224593395886980e+02,3.000000000001500e+02,1.141450836951002e+03,3.330267786316751e+02,2,0.000000000000000e+00,0.000000000000000e+00
1.601999999997520e-04,1602,2.411190453425551e-01,1.056113128533664e+04,1.000000000000000e+00,8.000000000000000e-01,2.000000000000000e-01,2.650412226488280e-04,-7.512982179781362e-05,1.666666666666667e+00,0.000000000000000e+00,2.981500000000000e+02,3.224437405973636e+02,3.000000000001556e+02,1.141662821991195e+03,3.330472250598767e+02,2,0.000000000000000e+00,0.000000000000000e+00
1.602999999997509e-04,1603,2.610519047908086e-01,1.457816485369519e+04,1.000000000000000e+00,8.000000000000000e-01,2.000000000000000e-01,2.652078893154936e-04,-7.512982179781362e-05,1.666666666666667e+00,0.000000000000000e+00,2.981500000000000e+02,3.224423458008587e+02,3.000000000001613e+02,1.141877508827849e+03,3.330672366349924e+02,2,0.000000000000000e+00,0.000000000000000e+00
1.603999999997498e-04,1604,2.611643522012925e-01,1.070011134018168e+04,1.000000000000000e+00,8.000000000000000e-01,2.000000000000000e-01,2.653745559821593e-04,-7.512982179781362e-05,1.666666666666667e+00,0.000000000000000e+00,2.981500000000000e+02,3.224288247491448e+02,3.000000000001670e+02,1.142097734724329e+03,3.330871428723062e+02,2,0.000000000000000e+00,0.000000000000000e+00
1.604999999997486e-04,1605,2.612338470555632e-01,1.927769254908087e+04,1.000000000000000e+00,8.000000000000000e-01,2.000000000000000e-01,2.655412226488250e-04,-7.512982179781362e-05,1.666666666666667e+00,0.000000000000000e+00,2.981500000000000e+02,3.225929533214310e+02,3.000000000001727e+02,1.142330567602117e+03,3.331077721209136e+02,2,0.000000000000000e+00,0.000000000000000e+00
1.605999999997475e-04,1606,2.613572940830636e-01,2.255333626503584e+04,1.000000000000000e+00,8.000000000000000e-01,2.000000000000000e-01,2.657078893154907e-04,-7.512982179781362e-05,1.666666666666667e+00,0.000000000000000e+00,2.981500000000000e+02,3.227401417600464e+02,3.000000000001784e+02,1.142566982569637e+03,3.331283008411921e+02,2,0.000000000000000e+00,0.000000000000000e+00
1.606999999997464e-04,1607,2.614315591422900e-01,2.443210894626160e+04,1.000000000000000e+00,8.000000000000000e-01,2.000000000000000e-01,2.658745559821563e-04,-7.512982179781362e-05,1.666666666666667e+00,0.000000000000000e+00,2.981500000000000e+02,3.229250765444278e+02,3.000000000001841e+02,1.142831387616340e+03,3.331497863789049e+02,2,0.000000000000000e+00,0.000000000000000e+00
1.607999999997452e-04,1608,2.746527534917526e-01,3.152714748906106e+04,1.000000000000000e+00,8.000000000000000e-01,2.000000000000000e-01,2.660412226488220e-04,-7.512982179781362e-05,1.666666666666667e+00,0.000000000000000e+00,2.981500000000000e+02,3.231136148520478e+02,3.000000000001897e+02,1.143094245095623e+03,3.331716425391443e+02,2,0.000000000000000e+00,0.000000000000000e+00
1.608999999997441e-04,1609,2.616355543858863e-01,3.034447471124232e+04,1.000000000000000e+00,8.000000000000000e-01,2.000000000000000e-01,2.662078893154877e-04,-7.512982179781362e-05,1.666666666666667e+00,0.000000000000000e+00,2.981500000000000e+02,3.233531707282552e+02,3.000000000001954e+02,1.143352630973350e+03,3.331936547772775e+02,2,0.000000000000000e+00,0.000000000000000e+00
1.609999999997429e-04,1610,2.551132578275337e-01,2.032578835612622e+04,1.000000000000000e+00,8.000000000000000e-01,2.000000000000000e-01,2.663745559821534e-04,-7.512982179781362e-05,1.666666666666667e+00,0.000000000000000e+00,2.981500000000000e+02,3.235668682612857e+02,3.000000000002011e+02,1.143595989984041e+03,3.332155005601836e+02,2,0.000000000000000e+00,0.000000000000000e+00
1.610999999997418e-04,1611,2.618533064017378e-01,2.131949519645585e+04,1.000000000000000e+00,8.000000000000000e-01,2.000000000000000e-01,2.665412226488191e-04,-7.512982179781362e-05,1.666666666666667e+00,0.000000000000000e+00,2.981500000000000e+02,3.238355924359396e+02,3.000000000002068e+02,1.143817833050591e+03,3.332373037236196e+02,2,0.000000000000000e+00,0.000000000000000e+00
1.611999999997407e-04,1612,2.553049523158523e-01,1.385471801179929e+04,1.000000000000000e+00,8.000000000000000e-01,2.000000000000000e-01,2.667078893154847e-04,-7.512982179781362e-05,1.666666666666667e+00,0.000000000000000e+00,2.981500000000000e+02,3.240615003948803e+02,3.000000000002125e+02,1.144019531742715e+03,3.332590962736511e+02,2,0.000000000000000e+00,0.000000000000000e+00
1.612999999997395e-04,1613,2.620885213212740e-01,2.351887759482098e+04,1.000000000000000e+00,8.000000000000000e-01,2.000000000000000e-01,2.668745559821504e-04,-7.512982179781362e-05,1.666666666666667e+00,0.000000000000000e+00,2.981500000000000e+02,3.243269710322213e+02,3.000000000002182e+02,1.144226271274014e+03,3.332811892295397e+02,2,0.000000000000000e+00,0.000000000000000e+00
1.613999999997384e-04,1614,2.555126854749062e-01,1.514181965844306e+04,1.000000000000000e+00,8.000000000000000e-01,2.000000000000000e-01,2.670412226488161e-04,-7.512982179781362e-05,1.666666666666667e+00,0.000000000000000e+00,2.981500000000000e+02,3.245861848028209e+02,3.000000000002238e+02,1.144426355934753e+03,3.333032916114218e+02,2,0.000000000000000e+00,0.000000000000000e+00
1.614999999997373e-04,1615,2.623451339709108e-01,1.758996789168323e+04,1.000000000000000e+00,8.000000000000000e-01,2.000000000000000e-01,2.672078893154818e-04,-7.512982179781362e-05,1.666666666666667e+00,0.000000000000000e+00,2.981500000000000e+02,3.248759226162888e+02,3.000000000002295e+02,1.144614538710904e+03,3.333254512186487e+02,2,0.000000000000000e+00,0.000000000000000e+00
1.615999999997361e-04,1616,2.557285069451122e-01,1.520082076308759e+04,1.000000000000000e+00,8.000000000000000e-01,2.000000000000000e-01,2.673745559821474e-04,-7.512982179781362e-05,1.666666666666667e+00,0.000000000000000e+00,2.981500000000000e+02,3.251901078729013e+02,3.000000000002352e+02,1.144766650660640e+03,3.333471549033628e+02,2,0.000000000000000e+00,0.000000000000000e+00
1.616999999997350e-04,1617,2.427623787435695e-01,1.291275123141497e+04,1.000000000000000e+00,8.000000000000000e-01,2.000000000000000e-01,2.675412226488131e-04,-7.512982179781362e-05,1.666666666666667e+00,0.000000000000000e+00,2.981500000000000e+02,3.255526175306815e+02,3.000000000002409e+02,1.144882292182055e+03,3.333683907319866e+02,2,0.000000000000000e+00,0.000000000000000e+00
1.617999999997339e-04,1618,2.361171611046591e-01,1.230688553280299e+04,1.000000000000000e+00,8.000000000000000e-01,2.000000000000000e-01,2.677078893154788e-04,-7.512982179781362e-05,1.666666666666667e+00,0.000000000000000e+00,2.981500000000000e+02,3.259648582067015e+02,3.000000000002466e+02,1.144954616915618e+03,3.333898030634818e+02,2,0.000000000000000e+00,0.000000000000000e+00
1.618999999997327e-04,1619,2.560885801333023e-01,1.109632493384131e+04,1.000000000000000e+00,8.000000000000000e-01,2.000000000000000e-01,2.678745559821445e-04,-7.512982179781362e-05,1.666666666666667e+00,0.000000000000000e+00,2.981500000000000e+02,3.263913911389297e+02,3.000000000002523e+02,1.145011621941337e+03,3.334109479719240e+02,2,0.000000000000000e+00,0.000000000000000e+00
1.619999999997316e-04,1620,2.561868073061970e-01,1.733628078371195e+04,1.000000000000000e+00,8.000000000000000e-01,2.000000000000000e-01,2.680412226488101e-04,-7.512982179781362e-05,1.666666666666667e+00,0.000000000000000e+00,2.981500000000000e+02,3.271396083665277e+02,3.000000000002580e+02,1.145050183743823e+03,3.334327088407196e+02,2,0.000000000000000e+00,0.000000000000000e+00
1.620999999997305e-04,1621,2.363871493563208e-01,3.586062584258085e+04,1.000000000000000e+00,8.000000000000000e-01,2.000000000000000e-01,2.682078893154758e-04,-7.512982179781362e-05,1.666666666666667e+00,0.000000000000000e+00,2.981500000000000e+02,3.313287859215067e+02,3.000000000002636e+02,1.145080081231572e+03,3.334561004922248e+02,2,0.000000000000000e+00,0.000000000000000e+00
1.621999999997293e-04,1622,2.566238544559127e-01,4.182041200377081e+04,1.000000000000000e+00,8.000000000000000e-01,2.000000000000000e-01,2.683745559821415e-04,-7.512982179781362e-05,1.666666666666667e+00,0.000000000000000e+00,2.981500000000000e+02,3.327459302175779e+02,3.000000000002693e+02,1.145079601620715e+03,3.334800500403686e+02,2,0.000000000000000e+00,0.000000000000000e+00
1.622999999997282e-04,1623,2.365905693662785e-01,3.448550462470331e+04,1.000000000000000e+00,8.000000000000000e-01,2.000000000000000e-01,2.685412226488072e-04,-7.512982179781362e-05,1.666666666666667e+00,0.000000000000000e+00,2.981500000000000e+02,3.329083465112689e+02,3.000000000002750e+02,1.145093331949597e+03,3.335025569260603e+02,2,0.000000000000000e+00,0.000000000000000e+00
1.623999999997270e-04,1624,2.438592725951570e-01,3.037054496843359e+04,1.000000000000000e+00,8.000000000000000e-01,2.000000000000000e-01,2.687078893154729e-04,-7.512982179781362e-05,1.666666666666667e+00,0.000000000000000e+00,2.981500000000000e+02,3.328589832765787e+02,3.000000000002807e+02,1.145074474572299e+03,3.335250631078375e+02,2,0.000000000000000e+00,0.000000000000000e+00
1.624999999997259e-04,1625,2.566448432937350e-01,1.043403312521486e+04,1.000000000000000e+00,8.000000000000000e-01,2.000000000000000e-01,2.688745559821385e-04,-7.512982179781362e-05,1.666666666666667e+00,0.000000000000000e+00,2.981500000000000e+02,3.325333855674771e+02,3.000000000002864e+02,1.145012786233385e+03,3.335465787328814e+02,2,0.000000000000000e+00,0.000000000000000e+00
1.625999999997248e-04,1626,2.442123126720357e-01,2.740406797629544e+04,1.000000000000000e+00,8.000000000000000e-01,2.000000000000000e-01,2.690412226488042e-04,-7.512982179781362e-05,1.666666666666667e+00,0.000000000000000e+00,2.981500000000000e+02,3.322060938746537e+02,3.000000000002921e+02,1.144934416251151e+03,3.335684470330131e+02,2,0.000000000000000e+00,0.000000000000000e+00
1.626999999997236e-04,1627,2.568739443733175e-01,1.077429089710708e+04,1.000000000000000e+00,8.000000000000000e-01,2.000000000000000e-01,2.692078893154699e-04,-7.512982179781362e-05,1.666666666666667e+00,0.000000000000000e+00,2.981500000000000e+02,3.317951870353820e+02,3.000000000002977e+02,1.144865722896223e+03,3.335909875007988e+02,2,0.000000000000000e+00,0.000000000000000e+00
1.627999999997225e-04,1628,2.643710867849422e-01,2.019952194909626e+04,1.000000000000000e+00,8.000000000000000e-01,2.000000000000000e-01,2.693745559821356e-04,-7.512982179781362e-05,1.666666666666667e+00,0.000000000000000e+00,2.981500000000000e+02,3.314827271389599e+02,3.000000000003034e+02,1.144841297923754e+03,3.336152820843192e+02,2,0.000000000000000e+00,0.000000000000000e+00
1.628999999997214e-04,1629,2.571576983052358e-01,9.751541005131425e+03,1.000000000000000e+00,8.000000000000000e-01,2.000000000000000e-01,2.695412226488012e-04,-7.512982179781362e-05,1.666666666666667e+00,0.000000000000000e+00,2.981500000000000e+02,3.311017482920992e+02,3.000000000003091e+02,1.144862088802322e+03,3.336394953910373e+02,2,0.000000000000000e+00,0.000000000000000e+00
1.629999999997202e-04,1630,2.646752112910227e-01,2.045301559535484e+04,1.000000000000000e+00,8.000000000000000e-01,2.000000000000000e-01,2.697078893154669e-04,-7.512982179781362e-05,1.666666666666667e+00,0.000000000000000e+00,2.981500000000000e+02,3.309051650071507e+02,3.000000000003148e+02,1.144900695073691e+03,3.336657476510280e+02,2,0.000000000000000e+00,0.000000000000000e+00
1.630999999997191e-04,1631,2.574912806855546e-01,1.710393429286512e+04,1.000000000000000e+00,8.000000000000000e-01,2.000000000000000e-01,2.698745559821326e-04,-7.512982179781362e-05,1.666666666666667e+00,0.000000000000000e+00,2.981500000000000e+02,3.306116774504314e+02,3.000000000003205e+02,1.144950803938762e+03,3.336905428009823e+02,2,0.000000000000000e+00,0.000000000000000e+00
1.631999999997180e-04,1632,2.576718718177015e-01,2.487695096817434e+04,1.000000000000000e+00,8.000000000000000e-01,2.000000000000000e-01,2.700412226487983e-04,-7.512982179781362e-05,1.666666666666667e+00,0.000000000000000e+00,2.981500000000000e+02,3.303390322876749e+02,3.000000000003262e+02,1.145028984744803e+03,3.337151654895434e+02,2,0.000000000000000e+00,0.000000000000000e+00
1.632999999997168e-04,1633,2.578409603638308e-01,2.276520877924775e+04,1.000000000000000e+00,8.000000000000000e-01,2.000000000000000e-01,2.702078893154639e-04,-7.512982179781362e-05,1.666666666666667e+00,0.000000000000000e+00,2.981500000000000e+02,3.299641666108320e+02,3.000000000003319e+02,1.145138843978226e+03,3.337395280553417e+02,2,0.000000000000000e+00,0.000000000000000e+00
1.633999999997157e-04,1634,2.580226954468963e-01,1.278075822478101e+04,1.000000000000000e+00,8.000000000000000e-01,2.000000000000000e-01,2.703745559821296e-04,-7.512982179781362e-05,1.666666666666667e+00,0.000000000000000e+00,2.981500000000000e+02,3.296426027445285e+02,3.000000000003375e+02,1.145231912729158e+03,3.337629783468247e+02,2,0.000000000000000e+00,0.000000000000000e+00
1.634999999997145e-04,1635,2.790534949132431e-01,2.127381625854713e+04,1.000000000000000e+00,8.000000000000000e-01,2.000000000000000e-01,2.705412226487953e-04,-7.512982179781362e-05,1.666666666666667e+00,0.000000000000000e+00,2.981500000000000e+02,3.292850229118150e+02,3.000000000003432e+02,1.145307666309988e+03,3.337863445667977e+02,2,0.000000000000000e+00,0.000000000000000e+00
1.635999999997134e-04,1636,2.583379814332587e-01,2.420376000100478e+04,1.000000000000000e+00,8.000000000000000e-01,2.000000000000000e-01,2.707078893154610e-04,-7.512982179781362e-05,1.666666666666667e+00,0.000000000000000e+00,2.981500000000000e+02,3.289894336841606e+02,3.000000000003489e+02,1.145378323501036e+03,3.338085315620887e+02,2,0.000000000000000e+00,0.000000000000000e+00
1.636999999997123e-04,1637,2.460439625418485e-01,1.991464358155341e+04,1.000000000000000e+00,8.000000000000000e-01,2.000000000000000e-01,2.708745559821267e-04,-7.512982179781362e-05,1.666666666666667e+00,0.000000000000000e+00,2.981500000000000e+02,3.286819624549660e+02,3.000000000003599e+02,1.145469538273398e+03,3.338312984306675e+02,2,0.000000000000000e+00,0.000000000000000e+00
1.637999999997111e-04,1638,2.399185566430039e-01,1.635207932719603e+04,1.000000000000000e+00,8.000000000000000e-01,2.000000000000000e-01,2.710412226487923e-04,-7.512982179781362e-05,1.666666666666667e+00,0.000000000000000e+00,2.981500000000000e+02,3.284137490649344e+02,3.000000000003712e+02,1.145560394723396e+03,3.338534077610653e+02,2,0.000000000000000e+00,0.000000000000000e+00
1.638999999997100e-04,1639,2.463451334798687e-01,1.692099512915159e+04,1.000000000000000e+00,8.000000000000000e-01,2.000000000000000e-01,2.712078893154580e-04,-7.512982179781362e-05,1.666666666666667e+00,0.000000000000000e+00,2.981500000000000e+02,3.281440385426126e+02,3.000000000003826e+02,1.145620387179260e+03,3.338758852788897e+02,2,0.000000000000000e+00,0.000000000000000e+00
1.639999999997089e-04,1640,2.204160857535118e-01,1.545984125064621e+04,1.000000000000000e+00,8.000000000000000e-01,2.000000000000000e-01,2.713745559821237e-04,-7.512982179781362e-05,1.666666666666667e+00,0.000000000000000e+00,2.981500000000000e+02,3.279154491423681e+02,3.000000000003940e+02,1.145696972503996e+03,3.338971723634218e+02,2,0.000000000000000e+00,0.000000000000000e+00
1.640999999997077e-04,1641,2.603224609235569e-01,1.726372174684108e+04,1.000000000000000e+00,8.000000000000000e-01,2.000000000000000e-01,2.715412226487894e-04,-7.512982179781362e-05,1.666666666666667e+00,0.000000000000000e+00,2.981500000000000e+02,3.276843643894304e+02,3.000000000004054e+02,1.145816416905562e+03,3.339206699012523e+02,2,0.000000000000000e+00,0.000000000000000e+00
1.641999999997066e-04,1642,2.206707776583635e-01,1.106680527688273e+04,1.000000000000000e+00,8.000000000000000e-01,2.000000000000000e-01,2.717078893154550e-04,-7.512982179781362e-05,1.666666666666667e+00,0.000000000000000e+00,2.981500000000000e+02,3.275101713300947e+02,3.000000000004167e+02,1.145925428674352e+03,3.339435047002793e+02,2,0.000000000000000e+00,0.000000000000000e+00
1.642999999997055e-04,1643,2.606375246735988e-01,1.566391925281941e+04,1.000000000000000e+00,8.000000000000000e-01,2.000000000000000e-01,2.718745559821207e-04,-7.512982179781362e-05,1.666666666666667e+00,0.000000000000000e+00,2.981500000000000e+02,3.273313279801218e+02,3.000000000004281e+02,1.146046555785398e+03,3.339669940113786e+02,2,0.000000000000000e+00,0.000000000000000e+00
1.643999999997043e-04,1644,2.398109865664156e-01,9.128534717045766e+03,1.000000000000000e+00,8.000000000000000e-01,2.000000000000000e-01,2.720412226487864e-04,-7.512982179781362e-05,1.666666666666667e+00,0.000000000000000e+00,2.981500000000000e+02,3.271840159302194e+02,3.000000000004395e+02,1.146141001615857e+03,3.339899321261240e+02,2,0.000000000000000e+00,0.000000000000000e+00
1.644999999997032e-04,1645,2.610284778370618e-01,2.778061796864885e+04,1.000000000000000e+00,8.000000000000000e-01,2.000000000000000e-01,2.722078893154521e-04,-7.512982179781362e-05,1.666666666666667e+00,0.000000000000000e+00,2.981500000000000e+02,3.270745680360604e+02,3.000000000004509e+02,1.146243607130620e+03,3.340147293771178e+02,2,0.000000000000000e+00,0.000000000000000e+00
1.645999999997021e-04,1646,2.612003003179610e-01,1.460596122962149e+04,1.000000000000000e+00,8.000000000000000e-01,2.000000000000000e-01,2.723745559821177e-04,-7.512982179781362e-05,1.666666666666667e+00,0.000000000000000e+00,2.981500000000000e+02,3.269533716713801e+02,3.000000000004623e+02,1.146335186127585e+03,3.340381347610953e+02,2,0.000000000000000e+00,0.000000000000000e+00
1.646999999997009e-04,1647,2.539643201932632e-01,2.496137364336440e+04,1.000000000000000e+00,8.000000000000000e-01,2.000000000000000e-01,2.725412226487834e-04,-7.512982179781362e-05,1.666666666666667e+00,0.000000000000000e+00,2.981500000000000e+02,3.268162562495089e+02,3.000000000004780e+02,1.146455422122347e+03,3.340620337930291e+02,2,0.000000000000000e+00,0.000000000000000e+00
1.647999999996998e-04,1648,2.541573007722794e-01,1.358953890577852e+04,1.000000000000000e+00,8.000000000000000e-01,2.000000000000000e-01,2.727078893154491e-04,-7.512982179781362e-05,1.666666666666667e+00,0.000000000000000e+00,2.981500000000000e+02,3.266824928883361e+02,3.000000000004950e+02,1.146545718536809e+03,3.340852507763537e+02,2,0.000000000000000e+00,0.000000000000000e+00
1.648999999996986e-04,1649,2.332195926772865e-01,2.432313045032812e+04,1.000000000000000e+00,8.000000000000000e-01,2.000000000000000e-01,2.728745559821148e-04,-7.512982179781362e-05,1.666666666666667e+00,0.000000000000000e+00,2.981500000000000e+02,3.265584135989045e+02,3.000000000005121e+02,1.146637366440985e+03,3.341084046243174e+02,2,0.000000000000000e+00,0.000000000000000e+00
1.649999999996975e-04,1650,2.545106951305363e-01,1.324579361554149e+04,1.000000000000000e+00,8.000000000000000e-01,2.000000000000000e-01,2.730412226487805e-04,-7.512982179781362e-05,1.666666666666667e+00,0.000000000000000e+00,2.981500000000000e+02,3.264922333938056e+02,3.000000000005292e+02,1.146704710214661e+03,3.341318162075059e+02,2,0.000000000000000e+00,0.000000000000000e+00
1.650999999996964e-04,1651,2.443322447547811e-01,1.107860366314096e+04,1.000000000000000e+00,8.000000000000000e-01,2.000000000000000e-01,2.732078893154461e-04,-7.512982179781362e-05,1.666666666666667e+00,0.000000000000000e+00,2.981500000000000e+02,3.263825882886954e+02,3.000000000005462e+02,1.146767573435279e+03,3.341546371486228e+02,2,0.000000000000000e+00,0.000000000000000e+00
1.651999999996952e-04,1652,2.656639560913455e-01,1.979495449495082e+04,1.000000000000000e+00,8.000000000000000e-01,2.000000000000000e-01,2.733745559821118e-04,-7.512982179781362e-05,1.666666666666667e+00,0.000000000000000e+00,2.981500000000000e+02,3.263153170763291e+02,3.000000000005633e+02,1.146834009508752e+03,3.341777744630487e+02,2,0.000000000000000e+00,0.000000000000000e+00
1.652999999996941e-04,1653,2.254796597603909e-01,9.785422491122403e+03,1.000000000000000e+00,8.000000000000000e-01,2.000000000000000e-01,2.735412226487775e-04,-7.512982179781362e-05,1.666666666666667e+00,0.000000000000000e+00,2.981500000000000e+02,3.262245018060478e+02,3.000000000005812e+02,1.146870477152920e+03,3.342002731239720e+02,2,0.000000000000000e+00,0.000000000000000e+00
1.653999999996930e-04,1654,2.659674332086869e-01,2.702226819116544e+04,1.000000000000000e+00,8.000000000000000e-01,2.000000000000000e-01,2.737078893154432e-04,-7.512982179781362e-05,1.666666666666667e+00,0.000000000000000e+00,2.981500000000000e+02,3.262360816626131e+02,3.000000000006040e+02,1.146922032767972e+03,3.342224954761381e+02,2,0.000000000000000e+00,0.000000000000000e+00
1.654999999996918e-04,1655,2.257145197582373e-01,1.001021606888978e+04,1.000000000000000e+00,8.000000000000000e-01,2.000000000000000e-01,2.738745559821088e-04,-7.512982179781362e-05,1.666666666666667e+00,0.000000000000000e+00,2.981500000000000e+02,3.261558612582509e+02,3.000000000006267e+02,1.146988123348187e+03,3.342440147183709e+02,2,0.000000000000000e+00,0.000000000000000e+00
1.655999999996907e-04,1656,2.662412164207377e-01,2.738111960231825e+04,1.000000000000000e+00,8.000000000000000e-01,2.000000000000000e-01,2.740412226487745e-04,-7.512982179781362e-05,1.666666666666667e+00,0.000000000000000e+00,2.981500000000000e+02,3.261850516113131e+02,3.000000000006494e+02,1.147057278810116e+03,3.342658648910081e+02,2,0.000000000000000e+00,0.000000000000000e+00
1.656999999996896e-04,1657,2.259328387108267e-01,8.438517399606293e+03,1.000000000000000e+00,8.000000000000000e-01,2.000000000000000e-01,2.742078893154402e-04,-7.512982179781362e-05,1.666666666666667e+00,0.000000000000000e+00,2.981500000000000e+02,3.261251349646849e+02,3.000000000006722e+02,1.147115237350888e+03,3.342859312885565e+02,2,0.000000000000000e+00,0.000000000000000e+00
1.657999999996884e-04,1658,2.664778375205522e-01,2.288651116879478e+04,1.000000000000000e+00,8.000000000000000e-01,2.000000000000000e-01,2.743745559821059e-04,-7.512982179781362e-05,1.666666666666667e+00,0.000000000000000e+00,2.981500000000000e+02,3.261568149145903e+02,3.000000000006953e+02,1.147165372526730e+03,3.343065517188709e+02,2,0.000000000000000e+00,0.000000000000000e+00
1.658999999996873e-04,1659,2.261118929410504e-01,6.115336772505583e+03,1.000000000000000e+00,8.000000000000000e-01,2.000000000000000e-01,2.745412226487715e-04,-7.512982179781362e-05,1.666666666666667e+00,0.000000000000000e+00,2.981500000000000e+02,3.261006019197532e+02,3.000000000007237e+02,1.147191733050150e+03,3.343258518833117e+02,2,0.000000000000000e+00,0.000000000000000e+00
1.659999999996861e-04,1660,2.741629358448799e-01,1.511178833254850e+04,1.000000000000000e+00,8.000000000000000e-01,2.000000000000000e-01,2.747078893154372e-04,-7.512982179781362e-05,1.666666666666667e+00,0.000000000000000e+00,2.981500000000000e+02,3.261002011054426e+02,3.000000000007522e+02,1.147248053165785e+03,3.343460938465959e+02,2,0.000000000000000e+00,0.000000000000000e+00
1.660999999996850e-04,1661,2.337631185825970e-01,5.158777180063228e+03,1.000000000000000e+00,8.000000000000000e-01,2.000000000000000e-01,2.748745559821029e-04,-7.512982179781362e-05,1.666666666666667e+00,0.000000000000000e+00,2.981500000000000e+02,3.260842506528689e+02,3.000000000007806e+02,1.147291917232219e+03,3.343656856969674e+02,2,0.000000000000000e+00,0.000000000000000e+00
1.661999999996839e-04,1662,2.743745522567563e-01,1.556788320414116e+04,1.000000000000000e+00,8.000000000000000e-01,2.000000000000000e-01,2.750412226487686e-04,-7.512982179781362e-05,1.666666666666667e+00,0.000000000000000e+00,2.981500000000000e+02,3.261051956113832e+02,3.000000000008090e+02,1.147359146689870e+03,3.343863383700867e+02,2,0.000000000000000e+00,0.000000000000000e+00
1.662999999996827e-04,1663,2.339104435119264e-01,8.422042380421972e+03,1.000000000000000e+00,8.000000000000000e-01,2.000000000000000e-01,2.752078893154343e-04,-7.512982179781362e-05,1.666666666666667e+00,0.000000000000000e+00,2.981500000000000e+02,3.262516492427797e+02,3.000000000008422e+02,1.147401611304566e+03,3.344056210004584e+02,2,0.000000000000000e+00,0.000000000000000e+00
1.663999999996816e-04,1664,2.746320752168422e-01,3.428445127252134e+04,1.000000000000000e+00,8.000000000000000e-01,2.000000000000000e-01,2.753745559820999e-04,-7.512982179781362e-05,1.666666666666667e+00,0.000000000000000e+00,2.981500000000000e+02,3.280537471331320e+02,3.000000000008764e+02,1.147506739129136e+03,3.344280845028854e+02,2,0.000000000000000e+00,0.000000000000000e+00
1.664999999996805e-04,1665,2.341053809038905e-01,1.207798726949388e+04,1.000000000000000e+00,8.000000000000000e-01,2.000000000000000e-01,2.755412226487656e-04,-7.512982179781362e-05,1.666666666666667e+00,0.000000000000000e+00,2.981500000000000e+02,3.286428984011769e+02,3.000000000009105e+02,1.147643225011783e+03,3.344515435095825e+02,2,0.000000000000000e+00,0.000000000000000e+00
1.665999999996793e-04,1666,2.749507388513338e-01,1.857653222661525e+04,1.000000000000000e+00,8.000000000000000e-01,2.000000000000000e-01,2.757078893154313e-04,-7.512982179781362e-05,1.666666666666667e+00,0.000000000000000e+00,2.981500000000000e+02,3.282750354597858e+02,3.000000000009456e+02,1.147874727674489e+03,3.344753957344331e+02,2,0.000000000000000e+00,0.000000000000000e+00
1.666999999996782e-04,1667,2.553671666334035e-01,1.444718906178696e+04,1.000000000000000e+00,8.000000000000000e-01,2.000000000000000e-01,2.758745559820970e-04,-7.512982179781362e-05,1.666666666666667e+00,0.000000000000000e+00,2.981500000000000e+02,3.280178485262178e+02,3.000000000009854e+02,1.148006074220036e+03,3.344983292671375e+02,2,0.000000000000000e+00,0.000000000000000e+00
1.667999999996771e-04,1668,2.752684505193662e-01,1.684130569464073e+04,1.000000000000000e+00,8.000000000000000e-01,2.000000000000000e-01,2.760412226487626e-04,-7.512982179781362e-05,1.666666666666667e+00,0.000000000000000e+00,2.981500000000000e+02,3.275248254223325e+02,3.000000000010252e+02,1.148230892394511e+03,3.345217720281205e+02,2,0.000000000000000e+00,0.000000000000000e+00
1.668999999996759e-04,1669,2.555795203923742e-01,9.576203063600733e+03,1.000000000000000e+00,8.000000000000000e-01,2.000000000000000e-01,2.762078893154283e-04,-7.512982179781362e-05,1.666666666666667e+00,0.000000000000000e+00,2.981500000000000e+02,3.271972209618409e+02,3.000000000010650e+02,1.148447185668653e+03,3.345449055900014e+02,2,0.000000000000000e+00,0.000000000000000e+00
1.669999999996748e-04,1670,2.755570874226194e-01,1.322883215499120e+04,1.000000000000000e+00,8.000000000000000e-01,2.000000000000000e-01,2.763745559820940e-04,-7.512982179781362e-05,1.666666666666667e+00,0.000000000000000e+00,2.981500000000000e+02,3.267295096036289e+02,3.000000000011103e+02,1.148658724171970e+03,3.345678967619976e+02,2,0.000000000000000e+00,0.000000000000000e+00
1.670999999996737e-04,1671,2.557672482893462e-01,1.008398066609385e+04,1.000000000000000e+00,8.000000000000000e-01,2.000000000000000e-01,2.765412226487597e-04,-7.512982179781362e-05,1.666666666666667e+00,0.000000000000000e+00,2.981500000000000e+02,3.264085642584346e+02,3.000000000011557e+02,1.148870200087018e+03,3.345907203058690e+02,2,0.000000000000000e+00,0.000000000000000e+00
1.671999999996725e-04,1672,2.558456309105925e-01,1.352648495201281e+04,1.000000000000000e+00,8.000000000000000e-01,2.000000000000000e-01,2.767078893154253e-04,-7.512982179781362e-05,1.666666666666667e+00,0.000000000000000e+00,2.981500000000000e+02,3.259860695205522e+02,3.000000000012013e+02,1.149146665746782e+03,3.346138784798071e+02,2,0.000000000000000e+00,0.000000000000000e+00
1.672999999996714e-04,1673,2.560000457273303e-01,1.377331148624065e+04,1.000000000000000e+00,8.000000000000000e-01,2.000000000000000e-01,2.768745559820910e-04,-7.512982179781362e-05,1.666666666666667e+00,0.000000000000000e+00,2.981500000000000e+02,3.256564160253714e+02,3.000000000012525e+02,1.149398784942750e+03,3.346378493473906e+02,2,0.000000000000000e+00,0.000000000000000e+00
1.673999999996702e-04,1674,2.276526840901101e-01,1.586119265313392e+04,1.000000000000000e+00,8.000000000000000e-01,2.000000000000000e-01,2.770412226487567e-04,-7.512982179781362e-05,1.666666666666667e+00,0.000000000000000e+00,2.981500000000000e+02,3.253138951662169e+02,3.000000000013036e+02,1.149685303264005e+03,3.346612131205800e+02,2,0.000000000000000e+00,0.000000000000000e+00
1.674999999996691e-04,1675,2.278221394565561e-01,2.199716894361177e+04,1.000000000000000e+00,8.000000000000000e-01,2.000000000000000e-01,2.772078893154224e-04,-7.512982179781362e-05,1.666666666666667e+00,0.000000000000000e+00,2.981500000000000e+02,3.250284130120751e+02,3.000000000013567e+02,1.150018953247778e+03,3.346859660117963e+02,2,0.000000000000000e+00,0.000000000000000e+00
1.675999999996680e-04,1676,2.280099611988709e-01,1.938648437002927e+04,1.000000000000000e+00,8.000000000000000e-01,2.000000000000000e-01,2.773745559820881e-04,-7.512982179781362e-05,1.666666666666667e+00,0.000000000000000e+00,2.981500000000000e+02,3.247526328611460e+02,3.000000000014135e+02,1.150334506545513e+03,3.347096002672576e+02,2,0.000000000000000e+00,0.000000000000000e+00
1.676999999996668e-04,1677,2.281733394052904e-01,2.039352157164138e+04,1.000000000000000e+00,8.000000000000000e-01,2.000000000000000e-01,2.775412226487537e-04,-7.512982179781362e-05,1.666666666666667e+00,0.000000000000000e+00,2.981500000000000e+02,3.244682122390810e+02,3.000000000014704e+02,1.150643178032008e+03,3.347329345835009e+02,2,0.000000000000000e+00,0.000000000000000e+00
1.677999999996657e-04,1678,2.283328965127140e-01,1.947566815187458e+04,1.000000000000000e+00,8.000000000000000e-01,2.000000000000000e-01,2.777078893154194e-04,-7.512982179781362e-05,1.666666666666667e+00,0.000000000000000e+00,2.981500000000000e+02,3.243553824391948e+02,3.000000000015320e+02,1.150946477828918e+03,3.347549724364548e+02,2,0.000000000000000e+00,0.000000000000000e+00
1.678999999996646e-04,1679,2.486934959238999e-01,1.954113723823298e+04,1.000000000000000e+00,8.000000000000000e-01,2.000000000000000e-01,2.778745559820851e-04,-7.512982179781362e-05,1.666666666666667e+00,0.000000000000000e+00,2.981500000000000e+02,3.242699918889464e+02,3.000000000015945e+02,1.151269682796165e+03,3.347773148773311e+02,2,0.000000000000000e+00,0.000000000000000e+00
1.679999999996634e-04,1680,2.286368200161813e-01,2.052236596155119e+04,1.000000000000000e+00,8.000000000000000e-01,2.000000000000000e-01,2.780412226487508e-04,-7.512982179781362e-05,1.666666666666667e+00,0.000000000000000e+00,2.981500000000000e+02,3.244487064317134e+02,3.000000000016599e+02,1.151611407059533e+03,3.347987278173643e+02,2,0.000000000000000e+00,0.000000000000000e+00
1.680999999996623e-04,1681,2.489973433695484e-01,1.740344181692846e+04,1.000000000000000e+00,8.000000000000000e-01,2.000000000000000e-01,2.782078893154164e-04,-7.512982179781362e-05,1.666666666666667e+00,0.000000000000000e+00,2.981500000000000e+02,3.243611549561059e+02,3.000000000017282e+02,1.151942194875687e+03,3.348208587642616e+02,2,0.000000000000000e+00,0.000000000000000e+00
1.681999999996612e-04,1682,2.289146578481369e-01,1.949414835047374e+04,1.000000000000000e+00,8.000000000000000e-01,2.000000000000000e-01,2.783745559820821e-04,-7.512982179781362e-05,1.666666666666667e+00,0.000000000000000e+00,2.981500000000000e+02,3.245801282615487e+02,3.000000000017982e+02,1.152238200547298e+03,3.348421313679467e+02,2,0.000000000000000e+00,0.000000000000000e+00
1.682999999996600e-04,1683,2.701985947365615e-01,1.392978888888808e+04,1.000000000000000e+00,8.000000000000000e-01,2.000000000000000e-01,2.785412226487478e-04,-7.512982179781362e-05,1.666666666666667e+00,0.000000000000000e+00,2.981500000000000e+02,3.245231896259518e+02,3.000000000018721e+02,1.152554023101671e+03,3.348633149800491e+02,2,0.000000000000000e+00,0.000000000000000e+00
1.683999999996589e-04,1684,2.501062811415978e-01,1.826979439081697e+04,1.000000000000000e+00,8.000000000000000e-01,2.000000000000000e-01,2.787078893154135e-04,-7.512982179781362e-05,1.666666666666667e+00,0.000000000000000e+00,2.981500000000000e+02,3.247193219638999e+02,3.000000000019475e+02,1.152886231109353e+03,3.348850194959465e+02,2,0.000000000000000e+00,0.000000000000000e+00
1.684999999996577e-04,1685,2.704703348047793e-01,1.292244251396829e+04,1.000000000000000e+00,8.000000000000000e-01,2.000000000000000e-01,2.788745559820791e-04,-7.512982179781362e-05,1.666666666666667e+00,0.000000000000000e+00,2.981500000000000e+02,3.247615519841925e+02,3.000000000020272e+02,1.153222619917669e+03,3.349066273995310e+02,2,0.000000000000000e+00,0.000000000000000e+00
1.685999999996566e-04,1686,2.503944151382913e-01,2.019575961610607e+04,1.000000000000000e+00,8.000000000000000e-01,2.000000000000000e-01,2.790412226487448e-04,-7.512982179781362e-05,1.666666666666667e+00,0.000000000000000e+00,2.981500000000000e+02,3.248329424663580e+02,3.000000000021084e+02,1.153586209098497e+03,3.349287489096628e+02,2,0.000000000000000e+00,0.000000000000000e+00
1.686999999996555e-04,1687,2.707508715498870e-01,1.621895132954569e+04,1.000000000000000e+00,8.000000000000000e-01,2.000000000000000e-01,2.792078893154105e-04,-7.512982179781362e-05,1.666666666666667e+00,0.000000000000000e+00,2.981500000000000e+02,3.249755419726471e+02,3.000000000021936e+02,1.154001381183886e+03,3.349509976156206e+02,2,0.000000000000000e+00,0.000000000000000e+00
1.687999999996543e-04,1688,2.506792318878993e-01,2.197637134904742e+04,1.000000000000000e+00,8.000000000000000e-01,2.000000000000000e-01,2.793745559820762e-04,-7.512982179781362e-05,1.666666666666667e+00,0.000000000000000e+00,2.981500000000000e+02,3.249449810913538e+02,3.000000000022813e+02,1.154455288561162e+03,3.349748990213058e+02,2,0.000000000000000e+00,0.000000000000000e+00
1.688999999996532e-04,1689,2.710373691180815e-01,1.797610951156938e+04,1.000000000000000e+00,8.000000000000000e-01,2.000000000000000e-01,2.795412226487418e-04,-7.512982179781362e-05,1.666666666666667e+00,0.000000000000000e+00,2.981500000000000e+02,3.251285124072429e+02,3.000000000023722e+02,1.154877218245174e+03,3.349974183858271e+02,2,0.000000000000000e+00,0.000000000000000e+00
1.689999999996521e-04,1690,2.509682171697407e-01,1.876836124287980e+04,1.000000000000000e+00,8.000000000000000e-01,2.000000000000000e-01,2.797078893154075e-04,-7.512982179781362e-05,1.666666666666667e+00,0.000000000000000e+00,2.981500000000000e+02,3.249518775250789e+02,3.000000000024668e+02,1.155289455782896e+03,3.350212172888812e+02,2,0.000000000000000e+00,0.000000000000000e+00
1.690999999996509e-04,1691,2.713163342446632e-01,2.035236885432438e+04,1.000000000000000e+00,8.000000000000000e-01,2.000000000000000e-01,2.798745559820732e-04,-7.512982179781362e-05,1.666666666666667e+00,0.000000000000000e+00,2.981500000000000e+02,3.250951709736707e+02,3.000000000025634e+02,1.155728125565929e+03,3.350427987930797e+02,2,0.000000000000000e+00,0.000000000000000e+00
1.691999999996498e-04,1692,2.512256453496856e-01,1.718776801470451e+04,1.000000000000000e+00,8.000000000000000e-01,2.000000000000000e-01,2.800412226487389e-04,-7.512982179781362e-05,1.666666666666667e+00,0.000000000000000e+00,2.981500000000000e+02,3.248437465428456e+02,3.000000000026653e+02,1.156129561855876e+03,3.350660415120266e+02,2,0.000000000000000e+00,0.000000000000000e+00
1.692999999996487e-04,1693,2.715839668520663e-01,2.330291210493112e+04,1.000000000000000e+00,8.000000000000000e-01,2.000000000000000e-01,2.802078893154046e-04,-7.512982179781362e-05,1.666666666666667e+00,0.000000000000000e+00,2.981500000000000e+02,3.248907353277226e+02,3.000000000027691e+02,1.156555354225560e+03,3.350882672693515e+02,2,0.000000000000000e+00,0.000000000000000e+00
1.693999999996475e-04,1694,2.305723561372232e-01,1.448796200223697e+04,1.000000000000000e+00,8.000000000000000e-01,2.000000000000000e-01,2.803745559820702e-04,-7.512982179781362e-05,1.666666666666667e+00,0.000000000000000e+00,2.981500000000000e+02,3.246498671722183e+02,3.000000000028771e+02,1.157017037745663e+03,3.351110712104049e+02,2,0.000000000000000e+00,0.000000000000000e+00
1.694999999996464e-04,1695,2.509478416956941e-01,1.579868531919090e+04,1.000000000000000e+00,8.000000000000000e-01,2.000000000000000e-01,2.805412226487359e-04,-7.512982179781362e-05,1.666666666666667e+00,0.000000000000000e+00,2.981500000000000e+02,3.248099757603122e+02,3.000000000029890e+02,1.157460867331142e+03,3.351335227959858e+02,2,0.000000000000000e+00,0.000000000000000e+00
1.695999999996453e-04,1696,2.309179922154142e-01,1.957080941868235e+04,1.000000000000000e+00,8.000000000000000e-01,2.000000000000000e-01,2.807078893154016e-04,-7.512982179781362e-05,1.666666666666667e+00,0.000000000000000e+00,2.981500000000000e+02,3.259640139043627e+02,3.000000000031035e+02,1.157841871745630e+03,3.351557028496259e+02,2,0.000000000000000e+00,0.000000000000000e+00
1.696999999996441e-04,1697,2.512750862121321e-01,1.477475008626244e+04,1.000000000000000e+00,8.000000000000000e-01,2.000000000000000e-01,2.808745559820673e-04,-7.512982179781362e-05,1.666666666666667e+00,0.000000000000000e+00,2.981500000000000e+02,3.268021373230501e+02,3.000000000032229e+02,1.158233758803557e+03,3.351781624014483e+02,2,0.000000000000000e+00,0.000000000000000e+00
1.697999999996430e-04,1698,2.312717901484103e-01,1.140113127494654e+04,1.000000000000000e+00,8.000000000000000e-01,2.000000000000000e-01,2.810412226487329e-04,-7.512982179781362e-05,1.666666666666667e+00,0.000000000000000e+00,2.981500000000000e+02,3.267687167201892e+02,3.000000000033461e+02,1.158637904865261e+03,3.351996251687011e+02,2,0.000000000000000e+00,0.000000000000000e+00
1.698999999996418e-04,1699,2.515559339177267e-01,1.546232620065343e+04,1.000000000000000e+00,8.000000000000000e-01,2.000000000000000e-01,2.812078893153986e-04,-7.512982179781362e-05,1.666666666666667e+00,0.000000000000000e+00,2.981500000000000e+02,3.264358546039292e+02,3.000000000034726e+02,1.159036873452734e+03,3.352219854874646e+02,2,0.000000000000000e+00,0.000000000000000e+00
1.699999999996407e-04,1700,2.315878245757440e-01,1.119845212018234e+04,1.000000000000000e+00,8.000000000000000e-01,2.000000000000000e-01,2.813745559820643e-04,-7.512982179781362e-05,1.666666666666667e+00,0.000000000000000e+00,2.981500000000000e+02,3.261476816488862e+02,3.000000000036033e+02,1.159401280454294e+03,3.352423776977084e+02,2,0.000000000000000e+00,0.000000000000000e+00
1.700999999996396e-04,1701,2.727210027150138e-01,1.498588961755638e+04,1.000000000000000e+00,8.000000000000000e-01,2.000000000000000e-01,2.815412226487300e-04,-7.512982179781362e-05,1.666666666666667e+00,0.000000000000000e+00,2.981500000000000e+02,3.257950742346443e+02,3.000000000037389e+02,1.159752839359723e+03,3.352652424190558e+02,2,0.000000000000000e+00,0.000000000000000e+00
1.701999999996384e-04,1702,2.527612819868080e-01,1.340421392665764e+04,1.000000000000000e+00,8.000000000000000e-01,2.000000000000000e-01,2.817078893153956e-04,-7.512982179781362e-05,1.666666666666667e+00,0.000000000000000e+00,2.981500000000000e+02,3.255460190812036e+02,3.000000000038782e+02,1.160059344242726e+03,3.352859676917655e+02,2,0.000000000000000e+00,0.000000000000000e+00
1.702999999996373e-04,1703,2.729612468451088e-01,2.151401370794277e+04,1.000000000000000e+00,8.000000000000000e-01,2.000000000000000e-01,2.818745559820613e-04,-7.512982179781362e-05,1.666666666666667e+00,0.000000000000000e+00,2.981500000000000e+02,3.252416563747065e+02,3.000000000040214e+02,1.160401984062912e+03,3.353092432306134e+02,2,0.000000000000000e+00,0.000000000000000e+00
1.703999999996362e-04,1704,2.530347141147072e-01,1.439084716785995e+04,1.000000000000000e+00,8.000000000000000e-01,2.000000000000000e-01,2.820412226487270e-04,-7.512982179781362e-05,1.666666666666667e+00,0.000000000000000e+00,2.981500000000000e+02,3.249974522111837e+02,3.000000000041692e+02,1.160654758539313e+03,3.353329234903497e+02,2,0.000000000000000e+00,0.000000000000000e+00
1.704999999996350e-04,1705,2.733751983997250e-01,1.935506073286005e+04,1.000000000000000e+00,8.000000000000000e-01,2.000000000000000e-01,2.822078893153927e-04,-7.512982179781362e-05,1.666666666666667e+00,0.000000000000000e+00,2.981500000000000e+02,3.247617278798818e+02,3.000000000043222e+02,1.160987138716701e+03,3.353597417184105e+02,2,0.000000000000000e+00,0.000000000000000e+00
1.705999999996339e-04,1706,2.735157511252401e-01,1.899993496344670e+04,1.000000000000000e+00,8.000000000000000e-01,2.000000000000000e-01,2.823745559820584e-04,-7.512982179781362e-05,1.666666666666667e+00,0.000000000000000e+00,2.981500000000000e+02,3.246552689923258e+02,3.000000000044795e+02,1.161301394279712e+03,3.353830371223488e+02,2,0.000000000000000e+00,0.000000000000000e+00
1.706999999996328e-04,1707,2.737215046345984e-01,1.725275948302756e+04,1.000000000000000e+00,8.000000000000000e-01,2.000000000000000e-01,2.825412226487240e-04,-7.512982179781362e-05,1.666666666666667e+00,0.000000000000000e+00,2.981500000000000e+02,3.245082146326116e+02,3.000000000046413e+02,1.161630597252332e+03,3.354068150463094e+02,2,0.000000000000000e+00,0.000000000000000e+00
1.707999999996316e-04,1708,2.738683429756059e-01,2.251571480505603e+04,1.000000000000000e+00,8.000000000000000e-01,2.000000000000000e-01,2.827078893153897e-04,-7.512982179781362e-05,1.666666666666667e+00,0.000000000000000e+00,2.981500000000000e+02,3.247433752043249e+02,3.000000000048078e+02,1.161844027081582e+03,3.354297156321834e+02,2,0.000000000000000e+00,0.000000000000000e+00
1.708999999996305e-04,1709,2.739915707597735e-01,1.507186935919023e+04,1.000000000000000e+00,8.000000000000000e-01,2.000000000000000e-01,2.828745559820554e-04,-7.512982179781362e-05,1.666666666666667e+00,0.000000000000000e+00,2.981500000000000e+02,3.249220187660922e+02,3.000000000049791e+02,1.161990178919322e+03,3.354517910090759e+02,2,0.000000000000000e+00,0.000000000000000e+00
1.709999999996293e-04,1710,2.741098593884232e-01,3.058575483730575e+04,1.000000000000000e+00,8.000000000000000e-01,2.000000000000000e-01,2.830412226487211e-04,-7.512982179781362e-05,1.666666666666667e+00,0.000000000000000e+00,2.981500000000000e+02,3.250634231039971e+02,3.000000000051553e+02,1.162101486595683e+03,3.354742971349371e+02,2,0.000000000000000e+00,0.000000000000000e+00
1.710999999996282e-04,1711,2.331296823620010e-01,1.679296176256852e+04,1.000000000000000e+00,8.000000000000000e-01,2.000000000000000e-01,2.832078893153867e-04,-7.512982179781362e-05,1.666666666666667e+00,0.000000000000000e+00,2.981500000000000e+02,3.253047480402739e+02,3.000000000053372e+02,1.162221435723940e+03,3.354961076918821e+02,2,0.000000000000000e+00,0.000000000000000e+00
1.711999999996271e-04,1712,2.332473665183290e-01,3.915149692711019e+04,1.000000000000000e+00,8.000000000000000e-01,2.000000000000000e-01,2.833745559820524e-04,-7.512982179781362e-05,1.666666666666667e+00,0.000000000000000e+00,2.981500000000000e+02,3.253376741363849e+02,3.000000000055242e+02,1.162394498075606e+03,3.355205885460685e+02,2,0.000000000000000e+00,0.000000000000000e+00
1.712999999996259e-04,1713,2.334195144757842e-01,1.702474579021882e+04,1.000000000000000e+00,8.000000000000000e-01,2.000000000000000e-01,2.835412226487181e-04,-7.512982179781362e-05,1.666666666666667e+00,0.000000000000000e+00,2.981500000000000e+02,3.256941125633154e+02,3.000000000057164e+02,1.162492021205143e+03,3.355430829984493e+02,2,0.000000000000000e+00,0.000000000000000e+00
1.713999999996248e-04,1714,2.335426310392417e-01,3.515318047955564e+04,1.000000000000000e+00,8.000000000000000e-01,2.000000000000000e-01,2.837078893153838e-04,-7.512982179781362e-05,1.666666666666667e+00,0.000000000000000e+00,2.981500000000000e+02,3.256338999329387e+02,3.000000000059139e+02,1.162608061402101e+03,3.355667074970482e+02,2,0.000000000000000e+00,0.000000000000000e+00
1.714999999996237e-04,1715,2.336996281158227e-01,1.748877130631512e+04,1.000000000000000e+00,8.000000000000000e-01,2.000000000000000e-01,2.838745559820494e-04,-7.512982179781362e-05,1.666666666666667e+00,0.000000000000000e+00,2.981500000000000e+02,3.260513166262300e+02,3.000000000061170e+02,1.162618314353370e+03,3.355886428169633e+02,2,0.000000000000000e+00,0.000000000000000e+00
1.715999999996225e-04,1716,2.338137217481079e-01,2.405729266702710e+04,1.000000000000000e+00,8.000000000000000e-01,2.000000000000000e-01,2.840412226487151e-04,-7.512982179781362e-05,1.666666666666667e+00,0.000000000000000e+00,2.981500000000000e+02,3.259403099492449e+02,3.000000000063255e+02,1.162707024445086e+03,3.356116822535130e+02,2,0.000000000000000e+00,0.000000000000000e+00
1.716999999996214e-04,1717,2.178109247047662e-01,1.588720990815989e+04,1.000000000000000e+00,8.000000000000000e-01,2.000000000000000e-01,2.842078893153808e-04,-7.512982179781362e-05,1.666666666666667e+00,0.000000000000000e+00,2.981500000000000e+02,3.263492268823931e+02,3.000000000065398e+02,1.162711771993941e+03,3.356321630815212e+02,2,0.000000000000000e+00,0.000000000000000e+00
1.717999999996203e-04,1718,2.542157446589408e-01,1.614913644489048e+04,1.000000000000000e+00,8.000000000000000e-01,2.000000000000000e-01,2.843745559820465e-04,-7.512982179781362e-05,1.666666666666667e+00,0.000000000000000e+00,2.981500000000000e+02,3.262615826364503e+02,3.000000000067599e+02,1.162722505454421e+03,3.356531584189546e+02,2,0.000000000000000e+00,0.000000000000000e+00
1.718999999996191e-04,1719,2.591307050582645e-01,1.361716877512844e+04,1.000000000000000e+00,8.000000000000000e-01,2.000000000000000e-01,2.845412226487122e-04,-7.512982179781362e-05,1.666666666666667e+00,0.000000000000000e+00,2.981500000000000e+02,3.266131045903858e+02,3.000000000069858e+02,1.162695254648096e+03,3.356731784591078e+02,2,0.000000000000000e+00,0.000000000000000e+00
1.719999999996180e-04,1720,2.754215820067877e-01,1.533889015642130e+04,1.000000000000000e+00,8.000000000000000e-01,2.000000000000000e-01,2.847078893153778e-04,-7.512982179781362e-05,1.666666666666667e+00,0.000000000000000e+00,2.981500000000000e+02,3.265983431292700e+02,3.000000000072177e+02,1.162755295081796e+03,3.356940251345598e+02,2,0.000000000000000e+00,0.000000000000000e+00
1.720999999996169e-04,1721,2.593628710624906e-01,1.022305735643316e+04,1.000000000000000e+00,8.000000000000000e-01,2.000000000000000e-01,2.848745559820435e-04,-7.512982179781362e-05,1.666666666666667e+00,0.000000000000000e+00,2.981500000000000e+02,3.268061876949529e+02,3.000000000074557e+02,1.162776378575392e+03,3.357157427003332e+02,2,0.000000000000000e+00,0.000000000000000e+00
1.721999999996157e-04,1722,2.756981211409500e-01,1.435073378464243e+04,1.000000000000000e+00,8.000000000000000e-01,2.000000000000000e-01,2.850412226487092e-04,-7.512982179781362e-05,1.666666666666667e+00,0.000000000000000e+00,2.981500000000000e+02,3.269434298798137e+02,3.000000000077000e+02,1.162792803081345e+03,3.357363556197092e+02,2,0.000000000000000e+00,0.000000000000000e+00
1.722999999996146e-04,1723,2.595993190053263e-01,6.614793964934616e+03,1.000000000000000e+00,8.000000000000000e-01,2.000000000000000e-01,2.852078893153749e-04,-7.512982179781362e-05,1.666666666666667e+00,0.000000000000000e+00,2.981500000000000e+02,3.269614106602237e+02,3.000000000079509e+02,1.162779051279998e+03,3.357573750113552e+02,2,0.000000000000000e+00,0.000000000000000e+00
1.723999999996134e-04,1724,2.601514096870586e-01,1.831831771757086e+04,1.000000000000000e+00,8.000000000000000e-01,2.000000000000000e-01,2.853745559820405e-04,-7.512982179781362e-05,1.666666666666667e+00,0.000000000000000e+00,2.981500000000000e+02,3.272366027058582e+02,3.000000000082082e+02,1.162805621462672e+03,3.357780793641980e+02,2,0.000000000000000e+00,0.000000000000000e+00
1.724999999996123e-04,1725,2.440187929167836e-01,9.707139970356257e+03,1.000000000000000e+00,8.000000000000000e-01,2.000000000000000e-01,2.855412226487062e-04,-7.512982179781362e-05,1.666666666666667e+00,0.000000000000000e+00,2.981500000000000e+02,3.271039403134361e+02,3.000000000084720e+02,1.162796259935924e+03,3.358005710966536e+02,2,0.000000000000000e+00,0.000000000000000e+00
1.725999999996112e-04,1726,2.603903271456498e-01,1.846480485456308e+04,1.000000000000000e+00,8.000000000000000e-01,2.000000000000000e-01,2.857078893153719e-04,-7.512982179781362e-05,1.666666666666667e+00,0.000000000000000e+00,2.981500000000000e+02,3.275312894368304e+02,3.000000000087423e+02,1.162821430132942e+03,3.358214826849825e+02,2,0.000000000000000e+00,0.000000000000000e+00
1.726999999996100e-04,1727,2.240172538570906e-01,1.003224365956230e+04,1.000000000000000e+00,8.000000000000000e-01,2.000000000000000e-01,2.858745559820376e-04,-7.512982179781362e-05,1.666666666666667e+00,0.000000000000000e+00,2.981500000000000e+02,3.273010835998530e+02,3.000000000090191e+02,1.162859351241091e+03,3.358452579626338e+02,2,0.000000000000000e+00,0.000000000000000e+00
1.727999999996089e-04,1728,2.606453614926441e-01,2.372520481304692e+04,1.000000000000000e+00,8.000000000000000e-01,2.000000000000000e-01,2.860412226487032e-04,-7.512982179781362e-05,1.666666666666667e+00,0.000000000000000e+00,2.981500000000000e+02,3.277977254173672e+02,3.000000000093029e+02,1.162899228468681e+03,3.358681094320701e+02,2,0.000000000000000e+00,0.000000000000000e+00
1.728999999996078e-04,1729,2.242446185860936e-01,1.115916688498292e+04,1.000000000000000e+00,8.000000000000000e-01,2.000000000000000e-01,2.862078893153689e-04,-7.512982179781362e-05,1.666666666666667e+00,0.000000000000000e+00,2.981500000000000e+02,3.275653977160865e+02,3.000000000095941e+02,1.162976426588535e+03,3.358921348080665e+02,2,0.000000000000000e+00,0.000000000000000e+00
1.729999999996066e-04,1730,2.399636257836491e-01,2.245053395857622e+04,1.000000000000000e+00,8.000000000000000e-01,2.000000000000000e-01,2.863745559820346e-04,-7.512982179781362e-05,1.666666666666667e+00,0.000000000000000e+00,2.981500000000000e+02,3.279903470829490e+02,3.000000000098922e+02,1.162993599686818e+03,3.359152214581940e+02,2,0.000000000000000e+00,0.000000000000000e+00
1.730999999996055e-04,1731,2.244602666752824e-01,1.089444050151800e+04,1.000000000000000e+00,8.000000000000000e-01,2.000000000000000e-01,2.865412226487003e-04,-7.512982179781362e-05,1.666666666666667e+00,0.000000000000000e+00,2.981500000000000e+02,3.278396655173150e+02,3.000000000101972e+02,1.163025597684322e+03,3.359378779008246e+02,2,0.000000000000000e+00,0.000000000000000e+00
1.731999999996044e-04,1732,2.401884208873950e-01,1.770823507896874e+04,1.000000000000000e+00,8.000000000000000e-01,2.000000000000000e-01,2.867078893153660e-04,-7.512982179781362e-05,1.666666666666667e+00,0.000000000000000e+00,2.981500000000000e+02,3.281325582074521e+02,3.000000000105097e+02,1.163025995907195e+03,3.359610433454341e+02,2,0.000000000000000e+00,0.000000000000000e+00
1.732999999996032e-04,1733,2.246739742289646e-01,9.449262308430703e+03,1.000000000000000e+00,8.000000000000000e-01,2.000000000000000e-01,2.868745559820316e-04,-7.512982179781362e-05,1.666666666666667e+00,0.000000000000000e+00,2.981500000000000e+02,3.281468390521152e+02,3.000000000108299e+02,1.163063302769990e+03,3.359839737475581e+02,2,0.000000000000000e+00,0.000000000000000e+00
1.733999999996021e-04,1734,2.404405418916614e-01,1.475285444392375e+04,1.000000000000000e+00,8.000000000000000e-01,2.000000000000000e-01,2.870412226486973e-04,-7.512982179781362e-05,1.666666666666667e+00,0.000000000000000e+00,2.981500000000000e+02,3.282690601175253e+02,3.000000000111572e+02,1.163083009114172e+03,3.360074083333449e+02,2,0.000000000000000e+00,0.000000000000000e+00
1.734999999996009e-04,1735,2.249122433137845e-01,8.199492103633946e+03,1.000000000000000e+00,8.000000000000000e-01,2.000000000000000e-01,2.872078893153630e-04,-7.512982179781362e-05,1.666666666666667e+00,0.000000000000000e+00,2.981500000000000e+02,3.284565962624076e+02,3.000000000114922e+02,1.163137465812719e+03,3.360299290541326e+02,2,0.000000000000000e+00,0.000000000000000e+00
1.735999999995998e-04,1736,2.407005658618863e-01,1.254610187118983e+04,1.000000000000000e+00,8.000000000000000e-01,2.000000000000000e-01,2.873745559820287e-04,-7.512982179781362e-05,1.666666666666667e+00,0.000000000000000e+00,2.981500000000000e+02,3.283750234118114e+02,3.000000000118353e+02,1.163158627573506e+03,3.360528702941490e+02,2,0.000000000000000e+00,0.000000000000000e+00
1.736999999995987e-04,1737,2.251387650517073e-01,7.610099287662695e+03,1.000000000000000e+00,8.000000000000000e-01,2.000000000000000e-01,2.875412226486943e-04,-7.512982179781362e-05,1.666666666666667e+00,0.000000000000000e+00,2.981500000000000e+02,3.287043674111514e+02,3.000000000121857e+02,1.163212432931060e+03,3.360736129865681e+02,2,0.000000000000000e+00,0.000000000000000e+00
1.737999999995975e-04,1738,2.618459393967884e-01,1.272082920905334e+04,1.000000000000000e+00,8.000000000000000e-01,2.000000000000000e-01,2.877078893153600e-04,-7.512982179781362e-05,1.666666666666667e+00,0.000000000000000e+00,2.981500000000000e+02,3.284417911277256e+02,3.000000000125445e+02,1.163229009069856e+03,3.360957458260141e+02,2,0.000000000000000e+00,0.000000000000000e+00
1.738999999995964e-04,1739,2.454705236934173e-01,9.091199614545134e+03,1.000000000000000e+00,8.000000000000000e-01,2.000000000000000e-01,2.878745559820257e-04,-7.512982179781362e-05,1.666666666666667e+00,0.000000000000000e+00,2.981500000000000e+02,3.289167390149581e+02,3.000000000129112e+02,1.163269524675730e+03,3.361156643462158e+02,2,0.000000000000000e+00,0.000000000000000e+00
1.739999999995953e-04,1740,2.620694289912297e-01,1.484926328946808e+04,1.000000000000000e+00,8.000000000000000e-01,2.000000000000000e-01,2.880412226486914e-04,-7.512982179781362e-05,1.666666666666667e+00,0.000000000000000e+00,2.981500000000000e+02,3.285865152386502e+02,3.000000000132861e+02,1.163317718645568e+03,3.361369049838241e+02,2,0.000000000000000e+00,0.000000000000000e+00
1.740999999995941e-04,1741,2.456966777121149e-01,9.237053894236451e+03,1.000000000000000e+00,8.000000000000000e-01,2.000000000000000e-01,2.882078893153570e-04,-7.512982179781362e-05,1.666666666666667e+00,0.000000000000000e+00,2.981500000000000e+02,3.291119106577450e+02,3.000000000136695e+02,1.163339797193644e+03,3.361570309699142e+02,2,0.000000000000000e+00,0.000000000000000e+00
1.741999999995930e-04,1742,2.622903200506947e-01,1.667316606764683e+04,1.000000000000000e+00,8.000000000000000e-01,2.000000000000000e-01,2.883745559820227e-04,-7.512982179781362e-05,1.666666666666667e+00,0.000000000000000e+00,2.981500000000000e+02,3.287900996823330e+02,3.000000000140610e+02,1.163389536474992e+03,3.361774555099580e+02,2,0.000000000000000e+00,0.000000000000000e+00
1.742999999995919e-04,1743,2.624125734463996e-01,2.044933494395628e+04,1.000000000000000e+00,8.000000000000000e-01,2.000000000000000e-01,2.885412226486884e-04,-7.512982179781362e-05,1.666666666666667e+00,0.000000000000000e+00,2.981500000000000e+02,3.292907787451231e+02,3.000000000144614e+02,1.163417908090632e+03,3.361979368776678e+02,2,0.000000000000000e+00,0.000000000000000e+00
1.743999999995907e-04,1744,2.624878454222922e-01,1.826188170956418e+04,1.000000000000000e+00,8.000000000000000e-01,2.000000000000000e-01,2.887078893153541e-04,-7.512982179781362e-05,1.666666666666667e+00,0.000000000000000e+00,2.981500000000000e+02,3.290127464364456e+02,3.000000000148701e+02,1.163468700627306e+03,3.362182578420073e+02,2,0.000000000000000e+00,0.000000000000000e+00
1.744999999995896e-04,1745,2.626251752924869e-01,3.752047802628442e+04,1.000000000000000e+00,8.000000000000000e-01,2.000000000000000e-01,2.888745559820198e-04,-7.512982179781362e-05,1.666666666666667e+00,0.000000000000000e+00,2.981500000000000e+02,3.294644629534226e+02,3.000000000152878e+02,1.163498064369317e+03,3.362392078558448e+02,2,0.000000000000000e+00,0.000000000000000e+00
1.745999999995885e-04,1746,2.461324437325802e-01,1.278749820901004e+04,1.000000000000000e+00,8.000000000000000e-01,2.000000000000000e-01,2.890412226486854e-04,-7.512982179781362e-05,1.666666666666667e+00,0.000000000000000e+00,2.981500000000000e+02,3.292514430601896e+02,3.000000000157144e+02,1.163560927232727e+03,3.362594063039506e+02,2,0.000000000000000e+00,0.000000000000000e+00
1.746999999995873e-04,1747,2.418858840538205e-01,6.194684486594244e+04,1.000000000000000e+00,8.000000000000000e-01,2.000000000000000e-01,2.892078893153511e-04,-7.512982179781362e-05,1.666666666666667e+00,0.000000000000000e+00,2.981500000000000e+02,3.296338191839385e+02,3.000000000161496e+02,1.163657263079516e+03,3.362823454455941e+02,2,0.000000000000000e+00,0.000000000000000e+00
1.747999999995862e-04,1748,2.261768188345931e-01,1.058234037231544e+04,1.000000000000000e+00,8.000000000000000e-01,2.000000000000000e-01,2.893745559820168e-04,-7.512982179781362e-05,1.666666666666667e+00,0.000000000000000e+00,2.981500000000000e+02,3.295135483797787e+02,3.000000000165945e+02,1.163769793840484e+03,3.363046662077691e+02,2,0.000000000000000e+00,0.000000000000000e+00
1.748999999995850e-04,1749,2.343347061438859e-01,5.503572458584428e+04,1.000000000000000e+00,8.000000000000000e-01,2.000000000000000e-01,2.895412226486825e-04,-7.512982179781362e-05,1.666666666666667e+00,0.000000000000000e+00,2.981500000000000e+02,3.297946648020662e+02,3.000000000170480e+02,1.163910856798379e+03,3.363299111077371e+02,2,0.000000000000000e+00,0.000000000000000e+00
1.749999999995839e-04,1750,2.386758902259054e-01,1.194567048791363e+04,1.000000000000000e+00,8.000000000000000e-01,2.000000000000000e-01,2.897078893153481e-04,-7.512982179781362e-05,1.666666666666667e+00,0.000000000000000e+00,2.981500000000000e+02,3.298519098138339e+02,3.000000000175112e+02,1.164074027074143e+03,3.363529585945813e+02,2,0.000000000000000e+00,0.000000000000000e+00
1.750999999995828e-04,1751,2.346772725774344e-01,2.273526173322551e+04,1.000000000000000e+00,8.000000000000000e-01,2.000000000000000e-01,2.898745559820138e-04,-7.512982179781362e-05,1.666666666666667e+00,0.000000000000000e+00,2.981500000000000e+02,3.300341214395032e+02,3.000000000179840e+02,1.164252840555919e+03,3.363777594101216e+02,2,0.000000000000000e+00,0.000000000000000e+00
1.751999999995816e-04,1752,2.389551111472709e-01,1.058481385554951e+04,1.000000000000000e+00,8.000000000000000e-01,2.000000000000000e-01,2.900412226486795e-04,-7.512982179781362e-05,1.666666666666667e+00,0.000000000000000e+00,2.981500000000000e+02,3.301801497698718e+02,3.000000000184659e+02,1.164407286472946e+03,3.364001565763160e+02,2,0.000000000000000e+00,0.000000000000000e+00
1.752999999995805e-04,1753,2.349736505442439e-01,1.320772077081773e+04,1.000000000000000e+00,8.000000000000000e-01,2.000000000000000e-01,2.902078893153452e-04,-7.512982179781362e-05,1.666666666666667e+00,0.000000000000000e+00,2.981500000000000e+02,3.302062835306965e+02,3.000000000189578e+02,1.164607297217254e+03,3.364244546419635e+02,2,0.000000000000000e+00,0.000000000000000e+00
1.753999999995794e-04,1754,2.268741832514285e-01,1.245554762827960e+04,1.000000000000000e+00,8.000000000000000e-01,2.000000000000000e-01,2.903745559820108e-04,-7.512982179781362e-05,1.666666666666667e+00,0.000000000000000e+00,2.981500000000000e+02,3.304356322285668e+02,3.000000000194597e+02,1.164802306722839e+03,3.364474660450244e+02,2,0.000000000000000e+00,0.000000000000000e+00
1.754999999995782e-04,1755,2.429496208421293e-01,2.043385100145489e+04,1.000000000000000e+00,8.000000000000000e-01,2.000000000000000e-01,2.905412226486765e-04,-7.512982179781362e-05,1.666666666666667e+00,0.000000000000000e+00,2.981500000000000e+02,3.302922220333506e+02,3.000000000199713e+02,1.165033199760134e+03,3.364718987306896e+02,2,0.000000000000000e+00,0.000000000000000e+00
1.755999999995771e-04,1756,2.471349219888942e-01,2.143060404405146e+04,1.000000000000000e+00,8.000000000000000e-01,2.000000000000000e-01,2.907078893153422e-04,-7.512982179781362e-05,1.666666666666667e+00,0.000000000000000e+00,2.981500000000000e+02,3.306480929832447e+02,3.000000000204928e+02,1.165238321800221e+03,3.364958214942939e+02,2,0.000000000000000e+00,0.000000000000000e+00
1.756999999995760e-04,1757,2.642393209284842e-01,2.373640836185269e+04,1.000000000000000e+00,8.000000000000000e-01,2.000000000000000e-01,2.908745559820079e-04,-7.512982179781362e-05,1.666666666666667e+00,0.000000000000000e+00,2.981500000000000e+02,3.303701897525529e+02,3.000000000210244e+02,1.165491713455707e+03,3.365201078238396e+02,2,0.000000000000000e+00,0.000000000000000e+00
1.757999999995748e-04,1758,2.644626453560355e-01,2.454020962586585e+04,1.000000000000000e+00,8.000000000000000e-01,2.000000000000000e-01,2.910412226486736e-04,-7.512982179781362e-05,1.666666666666667e+00,0.000000000000000e+00,2.981500000000000e+02,3.307197303182701e+02,3.000000000215668e+02,1.165731886587649e+03,3.365447880107313e+02,2,0.000000000000000e+00,0.000000000000000e+00
1.758999999995737e-04,1759,2.475154974248284e-01,1.304492315002246e+04,1.000000000000000e+00,8.000000000000000e-01,2.000000000000000e-01,2.912078893153392e-04,-7.512982179781362e-05,1.666666666666667e+00,0.000000000000000e+00,2.981500000000000e+02,3.303272669205791e+02,3.000000000221194e+02,1.165992030832364e+03,3.365670929617376e+02,2,0.000000000000000e+00,0.000000000000000e+00
1.759999999995725e-04,1760,2.436948956604129e-01,2.088212609007282e+04,1.000000000000000e+00,8.000000000000000e-01,2.000000000000000e-01,2.913745559820049e-04,-7.512982179781362e-05,1.666666666666667e+00,0.000000000000000e+00,2.981500000000000e+02,3.306893112459717e+02,3.000000000226825e+02,1.166263256879732e+03,3.365910788498979e+02,2,0.000000000000000e+00,0.000000000000000e+00
1.760999999995714e-04,1761,2.477982315103784e-01,1.194584090034557e+04,1.000000000000000e+00,8.000000000000000e-01,2.000000000000000e-01,2.915412226486706e-04,-7.512982179781362e-05,1.666666666666667e+00,0.000000000000000e+00,2.981500000000000e+02,3.302186673363732e+02,3.000000000232562e+02,1.166508121778220e+03,3.366126279902820e+02,2,0.000000000000000e+00,0.000000000000000e+00
1.761999999995703e-04,1762,2.563222737594825e-01,2.165854526913532e+04,1.000000000000000e+00,8.000000000000000e-01,2.000000000000000e-01,2.917078893153363e-04,-7.512982179781362e-05,1.666666666666667e+00,0.000000000000000e+00,2.981500000000000e+02,3.306260439530668e+02,3.000000000238407e+02,1.166747262079597e+03,3.366357339001074e+02,2,0.000000000000000e+00,0.000000000000000e+00
1.762999999995691e-04,1763,2.480340658807757e-01,1.564095901061376e+04,1.000000000000000e+00,8.000000000000000e-01,2.000000000000000e-01,2.918745559820019e-04,-7.512982179781362e-05,1.666666666666667e+00,0.000000000000000e+00,2.981500000000000e+02,3.301618152033682e+02,3.000000000244361e+02,1.166977486149141e+03,3.366567130956091e+02,2,0.000000000000000e+00,0.000000000000000e+00
1.763999999995680e-04,1764,2.364777164942028e-01,1.479750306831471e+04,1.000000000000000e+00,8.000000000000000e-01,2.000000000000000e-01,2.920412226486676e-04,-7.512982179781362e-05,1.666666666666667e+00,0.000000000000000e+00,2.981500000000000e+02,3.306126323496735e+02,3.000000000250424e+02,1.167238166861437e+03,3.366796210610793e+02,2,0.000000000000000e+00,0.000000000000000e+00
1.764999999995669e-04,1765,2.215253856758154e-01,1.271915702665548e+04,1.000000000000000e+00,8.000000000000000e-01,2.000000000000000e-01,2.922078893153333e-04,-7.512982179781362e-05,1.666666666666667e+00,0.000000000000000e+00,2.981500000000000e+02,3.301394534064830e+02,3.000000000256600e+02,1.167520642996358e+03,3.367009693768516e+02,2,0.000000000000000e+00,0.000000000000000e+00
1.765999999995657e-04,1766,2.387494881231179e-01,1.113634453620928e+04,1.000000000000000e+00,8.000000000000000e-01,2.000000000000000e-01,2.923745559819990e-04,-7.512982179781362e-05,1.666666666666667e+00,0.000000000000000e+00,2.981500000000000e+02,3.306928236470390e+02,3.000000000262888e+02,1.167778871332842e+03,3.367251349791949e+02,2,0.000000000000000e+00,0.000000000000000e+00
1.766999999995646e-04,1767,2.216385768464890e-01,1.968214383663685e+04,1.000000000000000e+00,8.000000000000000e-01,2.000000000000000e-01,2.925412226486646e-04,-7.512982179781362e-05,1.666666666666667e+00,0.000000000000000e+00,2.981500000000000e+02,3.302304736468939e+02,3.000000000269291e+02,1.168060221202137e+03,3.367484079122838e+02,2,0.000000000000000e+00,0.000000000000000e+00
1.767999999995635e-04,1768,2.389268266452507e-01,1.251886397505423e+04,1.000000000000000e+00,8.000000000000000e-01,2.000000000000000e-01,2.927078893153303e-04,-7.512982179781362e-05,1.666666666666667e+00,0.000000000000000e+00,2.981500000000000e+02,3.308258654808673e+02,3.000000000275809e+02,1.168402299415445e+03,3.367721800543311e+02,2,0.000000000000000e+00,0.000000000000000e+00
1.768999999995623e-04,1769,2.218348195196091e-01,1.432005362274129e+04,1.000000000000000e+00,8.000000000000000e-01,2.000000000000000e-01,2.928745559819960e-04,-7.512982179781362e-05,1.666666666666667e+00,0.000000000000000e+00,2.981500000000000e+02,3.303444879447156e+02,3.000000000282445e+02,1.168750636936575e+03,3.367949874804791e+02,2,0.000000000000000e+00,0.000000000000000e+00
1.769999999995612e-04,1770,2.530919497376108e-01,2.069961057936483e+04,1.000000000000000e+00,8.000000000000000e-01,2.000000000000000e-01,2.930412226486617e-04,-7.512982179781362e-05,1.666666666666667e+00,0.000000000000000e+00,2.981500000000000e+02,3.308183048574720e+02,3.000000000289197e+02,1.169026150518366e+03,3.368172778567838e+02,2,0.000000000000000e+00,0.000000000000000e+00
1.770999999995601e-04,1771,2.906510046602948e-01,1.566145966495704e+04,1.000000000000000e+00,8.000000000000000e-01,2.000000000000000e-01,2.932078893153274e-04,-7.512982179781362e-05,1.666666666666667e+00,0.000000000000000e+00,2.981500000000000e+02,3.303965133785723e+02,3.000000000296068e+02,1.169210559852816e+03,3.368392888757677e+02,2,0.000000000000000e+00,0.000000000000000e+00
1.771999999995589e-04,1772,2.734705239801730e-01,1.832604940260746e+04,1.000000000000000e+00,8.000000000000000e-01,2.000000000000000e-01,2.933745559819930e-04,-7.512982179781362e-05,1.666666666666667e+00,0.000000000000000e+00,2.981500000000000e+02,3.308184669047463e+02,3.000000000303060e+02,1.169383385453164e+03,3.368608704695324e+02,2,0.000000000000000e+00,0.000000000000000e+00
1.772999999995578e-04,1773,2.698067349426198e-01,2.052674048929781e+04,1.000000000000000e+00,8.000000000000000e-01,2.000000000000000e-01,2.935412226486587e-04,-7.512982179781362e-05,1.666666666666667e+00,0.000000000000000e+00,2.981500000000000e+02,3.304102126543964e+02,3.000000000310172e+02,1.169627705403996e+03,3.368834230402525e+02,2,0.000000000000000e+00,0.000000000000000e+00
1.773999999995566e-04,1774,2.612289700770023e-01,1.512445996381098e+04,1.000000000000000e+00,8.000000000000000e-01,2.000000000000000e-01,2.937078893153244e-04,-7.512982179781362e-05,1.666666666666667e+00,0.000000000000000e+00,2.981500000000000e+02,3.307252976992831e+02,3.000000000317406e+02,1.169867362042535e+03,3.369049570711114e+02,2,0.000000000000000e+00,0.000000000000000e+00
1.774999999995555e-04,1775,2.575817242997187e-01,1.508847198643561e+04,1.000000000000000e+00,8.000000000000000e-01,2.000000000000000e-01,2.938745559819901e-04,-7.512982179781362e-05,1.666666666666667e+00,0.000000000000000e+00,2.981500000000000e+02,3.303811772216698e+02,3.000000000324765e+02,1.170094990651194e+03,3.369272390726214e+02,2,0.000000000000000e+00,0.000000000000000e+00
1.775999999995544e-04,1776,2.403477805733951e-01,8.467301873190245e+03,1.000000000000000e+00,8.000000000000000e-01,2.000000000000000e-01,2.940412226486557e-04,-7.512982179781362e-05,1.666666666666667e+00,0.000000000000000e+00,2.981500000000000e+02,3.305688454838242e+02,3.000000000332252e+02,1.170297187346098e+03,3.369477466693965e+02,2,0.000000000000000e+00,0.000000000000000e+00
1.776999999995532e-04,1777,2.577869094575957e-01,8.605610485378165e+03,1.000000000000000e+00,8.000000000000000e-01,2.000000000000000e-01,2.942078893153214e-04,-7.512982179781362e-05,1.666666666666667e+00,0.000000000000000e+00,2.981500000000000e+02,3.302987102185592e+02,3.000000000339865e+02,1.170541981853002e+03,3.369696869474255e+02,2,0.000000000000000e+00,0.000000000000000e+00
1.777999999995521e-04,1778,2.405445720861960e-01,9.221658825916931e+03,1.000000000000000e+00,8.000000000000000e-01,2.000000000000000e-01,2.943745559819871e-04,-7.512982179781362e-05,1.666666666666667e+00,0.000000000000000e+00,2.981500000000000e+02,3.304041463673166e+02,3.000000000347603e+02,1.170720169935296e+03,3.369904431123017e+02,2,0.000000000000000e+00,0.000000000000000e+00
1.778999999995510e-04,1779,2.705005592697371e-01,1.397060040121776e+04,1.000000000000000e+00,8.000000000000000e-01,2.000000000000000e-01,2.945412226486528e-04,-7.512982179781362e-05,1.666666666666667e+00,0.000000000000000e+00,2.981500000000000e+02,3.301790205693069e+02,3.000000000355470e+02,1.170891322058409e+03,3.370109931641528e+02,2,0.000000000000000e+00,0.000000000000000e+00
1.779999999995498e-04,1780,2.705509534744720e-01,2.795484478381853e+04,1.000000000000000e+00,8.000000000000000e-01,2.000000000000000e-01,2.947078893153184e-04,-7.512982179781362e-05,1.666666666666667e+00,0.000000000000000e+00,2.981500000000000e+02,3.302064385192247e+02,3.000000000363471e+02,1.171038527982296e+03,3.370310279565913e+02,2,0.000000000000000e+00,0.000000000000000e+00
1.780999999995487e-04,1781,2.514311240189793e-01,1.324720433370865e+04,1.000000000000000e+00,8.000000000000000e-01,2.000000000000000e-01,2.948745559819841e-04,-7.512982179781362e-05,1.666666666666667e+00,0.000000000000000e+00,2.981500000000000e+02,3.300319832373920e+02,3.000000000371601e+02,1.171205586358060e+03,3.370512743755240e+02,2,0.000000000000000e+00,0.000000000000000e+00
1.781999999995476e-04,1782,2.725301968564701e-01,4.916730953110891e+04,1.000000000000000e+00,8.000000000000000e-01,2.000000000000000e-01,2.950412226486498e-04,-7.512982179781362e-05,1.666666666666667e+00,0.000000000000000e+00,2.981500000000000e+02,3.300306534821177e+02,3.000000000379862e+02,1.171375356368871e+03,3.370717224096809e+02,2,0.000000000000000e+00,0.000000000000000e+00
1.782999999995464e-04,1783,2.552871469892777e-01,7.786040360435674e+03,1.000000000000000e+00,8.000000000000000e-01,2.000000000000000e-01,2.952078893153155e-04,-7.512982179781362e-05,1.666666666666667e+00,0.000000000000000e+00,2.981500000000000e+02,3.298862917422563e+02,3.000000000388263e+02,1.171534323457468e+03,3.370918375486435e+02,2,0.000000000000000e+00,0.000000000000000e+00
1.783999999995453e-04,1784,2.524793148077879e-01,3.442449947842598e+04,1.000000000000000e+00,8.000000000000000e-01,2.000000000000000e-01,2.953745559819812e-04,-7.512982179781362e-05,1.666666666666667e+00,0.000000000000000e+00,2.981500000000000e+02,3.298012309037401e+02,3.000000000396795e+02,1.171688120709395e+03,3.371121149727050e+02,2,0.000000000000000e+00,0.000000000000000e+00
1.784999999995441e-04,1785,2.544659378478439e-01,6.994965995599538e+03,1.000000000000000e+00,8.000000000000000e-01,2.000000000000000e-01,2.955412226486468e-04,-7.512982179781362e-05,1.666666666666667e+00,0.000000000000000e+00,2.981500000000000e+02,3.297079754911139e+02,3.000000000405466e+02,1.171843548191073e+03,3.371317475107162e+02,2,0.000000000000000e+00,0.000000000000000e+00
1.785999999995430e-04,1786,2.719156025202847e-01,1.959719575400597e+04,1.000000000000000e+00,8.000000000000000e-01,2.000000000000000e-01,2.957078893153125e-04,-7.512982179781362e-05,1.666666666666667e+00,0.000000000000000e+00,2.981500000000000e+02,3.295855403029246e+02,3.000000000414275e+02,1.172030247121550e+03,3.371530268949627e+02,2,0.000000000000000e+00,0.000000000000000e+00
1.786999999995419e-04,1787,2.546460024323964e-01,1.463409663710996e+04,1.000000000000000e+00,8.000000000000000e-01,2.000000000000000e-01,2.958745559819782e-04,-7.512982179781362e-05,1.666666666666667e+00,0.000000000000000e+00,2.981500000000000e+02,3.295280734657982e+02,3.000000000423222e+02,1.172212058055307e+03,3.371737582279013e+02,2,0.000000000000000e+00,0.000000000000000e+00
1.787999999995407e-04,1788,2.721037259469024e-01,1.991071079510809e+04,1.000000000000000e+00,8.000000000000000e-01,2.000000000000000e-01,2.960412226486439e-04,-7.512982179781362e-05,1.666666666666667e+00,0.000000000000000e+00,2.981500000000000e+02,3.294277340429275e+02,3.000000000432311e+02,1.172437663526385e+03,3.371954105867709e+02,2,0.000000000000000e+00,0.000000000000000e+00
1.788999999995396e-04,1789,2.750500418944965e-01,1.697166746562577e+04,1.000000000000000e+00,8.000000000000000e-01,2.000000000000000e-01,2.962078893153095e-04,-7.512982179781362e-05,1.666666666666667e+00,0.000000000000000e+00,2.981500000000000e+02,3.293495774921113e+02,3.000000000441541e+02,1.172630433194786e+03,3.372169486676792e+02,2,0.000000000000000e+00,0.000000000000000e+00
1.789999999995385e-04,1790,2.714460466505087e-01,2.859679885855702e+04,1.000000000000000e+00,8.000000000000000e-01,2.000000000000000e-01,2.963745559819752e-04,-7.512982179781362e-05,1.666666666666667e+00,0.000000000000000e+00,2.981500000000000e+02,3.292406401798451e+02,3.000000000450916e+02,1.172862183543969e+03,3.372391795067205e+02,2,0.000000000000000e+00,0.000000000000000e+00
1.790999999995373e-04,1791,2.716000861167294e-01,1.875608055351314e+04,1.000000000000000e+00,8.000000000000000e-01,2.000000000000000e-01,2.965412226486409e-04,-7.512982179781362e-05,1.666666666666667e+00,0.000000000000000e+00,2.981500000000000e+02,3.291659819061941e+02,3.000000000460435e+02,1.173074389712946e+03,3.372613856959420e+02,2,0.000000000000000e+00,0.000000000000000e+00
1.791999999995362e-04,1792,2.716640290449674e-01,1.467150808225246e+04,1.000000000000000e+00,8.000000000000000e-01,2.000000000000000e-01,2.967078893153066e-04,-7.512982179781362e-05,1.666666666666667e+00,0.000000000000000e+00,2.981500000000000e+02,3.290711641554089e+02,3.000000000470099e+02,1.173304486455698e+03,3.372839996772326e+02,2,0.000000000000000e+00,0.000000000000000e+00
1.792999999995351e-04,1793,2.718231926918200e-01,1.562693629505544e+04,1.000000000000000e+00,8.000000000000000e-01,2.000000000000000e-01,2.968745559819722e-04,-7.512982179781362e-05,1.666666666666667e+00,0.000000000000000e+00,2.981500000000000e+02,3.289833946011101e+02,3.000000000479913e+02,1.173511973422681e+03,3.373064010348982e+02,2,0.000000000000000e+00,0.000000000000000e+00
1.793999999995339e-04,1794,2.718726264199451e-01,2.688891738539999e+04,1.000000000000000e+00,8.000000000000000e-01,2.000000000000000e-01,2.970412226486379e-04,-7.512982179781362e-05,1.666666666666667e+00,0.000000000000000e+00,2.981500000000000e+02,3.289197812329990e+02,3.000000000489871e+02,1.173742545987807e+03,3.373288265851850e+02,2,0.000000000000000e+00,0.000000000000000e+00
1.794999999995328e-04,1795,2.720751823399381e-01,4.097331569100557e+04,1.000000000000000e+00,8.000000000000000e-01,2.000000000000000e-01,2.972078893153036e-04,-7.512982179781362e-05,1.666666666666667e+00,0.000000000000000e+00,2.981500000000000e+02,3.288040568006454e+02,3.000000000499984e+02,1.173967165499445e+03,3.373533690440908e+02,2,0.000000000000000e+00,0.000000000000000e+00
1.795999999995317e-04,1796,2.721723190779299e-01,3.449158655173727e+04,1.000000000000000e+00,8.000000000000000e-01,2.000000000000000e-01,2.973745559819693e-04,-7.512982179781362e-05,1.666666666666667e+00,0.000000000000000e+00,2.981500000000000e+02,3.287731427912222e+02,3.000000000510246e+02,1.174186810927769e+03,3.373766614601867e+02,2,0.000000000000000e+00,0.000000000000000e+00
1.796999999995305e-04,1797,2.530356929971133e-01,3.109733193518821e+04,1.000000000000000e+00,8.000000000000000e-01,2.000000000000000e-01,2.975412226486350e-04,-7.512982179781362e-05,1.666666666666667e+00,0.000000000000000e+00,2.981500000000000e+02,3.334468554064115e+02,3.000000000520659e+02,1.174393348810554e+03,3.374040451176953e+02,2,0.000000000000000e+00,0.000000000000000e+00
1.797999999995294e-04,1798,2.532049596595406e-01,1.896829241915864e+04,1.000000000000000e+00,8.000000000000000e-01,2.000000000000000e-01,2.977078893153006e-04,-7.512982179781362e-05,1.666666666666667e+00,0.000000000000000e+00,2.981500000000000e+02,3.333086579144799e+02,3.000000000531228e+02,1.174607167017350e+03,3.374277023880502e+02,2,0.000000000000000e+00,0.000000000000000e+00
1.798999999995282e-04,1799,2.533662924106301e-01,1.585802016738680e+04,1.000000000000000e+00,8.000000000000000e-01,2.000000000000000e-01,2.978745559819663e-04,-7.512982179781362e-05,1.666666666666667e+00,0.000000000000000e+00,2.981500000000000e+02,3.326463656757477e+02,3.000000000541951e+02,1.174832591555762e+03,3.374507453137713e+02,2,0.000000000000000e+00,0.000000000000000e+00
1.799999999995271e-04,1800,2.358315803321702e-01,1.105750883351094e+04,1.000000000000000e+00,8.000000000000000e-01,2.000000000000000e-01,2.980412226486320e-04,-7.512982179781362e-05,1.666666666666667e+00,0.000000000000000e+00,2.981500000000000e+02,3.316222774111179e+02,3.000000000552831e+02,1.175060386649989e+03,3.374729792046882e+02,2,0.000000000000000e+00,0.000000000000000e+00
1.800999999995260e-04,1801,2.746217565992017e-01,9.994943971194996e+03,1.000000000000000e+00,8.000000000000000e-01,2.000000000000000e-01,2.982078893152977e-04,-7.512982179781362e-05,1.666666666666667e+00,0.000000000000000e+00,2.981500000000000e+02,3.308377517076286e+02,3.000000000563867e+02,1.175207781624775e+03,3.374945469283778e+02,2,0.000000000000000e+00,0.000000000000000e+00
1.801999999995248e-04,1802,2.570619626032430e-01,5.903096234243729e+03,1.000000000000000e+00,8.000000000000000e-01,2.000000000000000e-01,2.983745559819633e-04,-7.512982179781362e-05,1.666666666666667e+00,0.000000000000000e+00,2.981500000000000e+02,3.299837654440383e+02,3.000000000575064e+02,1.175377454224436e+03,3.375161568605742e+02,2,0.000000000000000e+00,0.000000000000000e+00
1.802999999995237e-04,1803,2.370377568012225e-01,7.790382836079005e+03,1.000000000000000e+00,8.000000000000000e-01,2.000000000000000e-01,2.985412226486290e-04,-7.512982179781362e-05,1.666666666666667e+00,0.000000000000000e+00,2.981500000000000e+02,3.293206066799711e+02,3.000000000586423e+02,1.175480200474092e+03,3.375375399421476e+02,2,0.000000000000000e+00,0.000000000000000e+00
1.803999999995226e-04,1804,2.768135206813858e-01,1.302310275570306e+04,1.000000000000000e+00,8.000000000000000e-01,2.000000000000000e-01,2.987078893152947e-04,-7.512982179781362e-05,1.666666666666667e+00,0.000000000000000e+00,2.981500000000000e+02,3.286062649125537e+02,3.000000000597942e+02,1.175634367909420e+03,3.375595624411441e+02,2,0.000000000000000e+00,0.000000000000000e+00
1.804999999995214e-04,1805,2.568268550985724e-01,1.843744181302342e+04,1.000000000000000e+00,8.000000000000000e-01,2.000000000000000e-01,2.988745559819604e-04,-7.512982179781362e-05,1.666666666666667e+00,0.000000000000000e+00,2.981500000000000e+02,3.280640046276043e+02,3.000000000609625e+02,1.175757130384329e+03,3.375811002928726e+02,2,0.000000000000000e+00,0.000000000000000e+00
1.805999999995203e-04,1806,2.771034103755091e-01,2.060010342032694e+04,1.000000000000000e+00,8.000000000000000e-01,2.000000000000000e-01,2.990412226486260e-04,-7.512982179781362e-05,1.666666666666667e+00,0.000000000000000e+00,2.981500000000000e+02,3.274986798619346e+02,3.000000000621472e+02,1.175920894556865e+03,3.376043888658348e+02,2,0.000000000000000e+00,0.000000000000000e+00
1.806999999995192e-04,1807,2.739012190182824e-01,2.297218331965430e+04,1.000000000000000e+00,8.000000000000000e-01,2.000000000000000e-01,2.992078893152917e-04,-7.512982179781362e-05,1.666666666666667e+00,0.000000000000000e+00,2.981500000000000e+02,3.270219339425943e+02,3.000000000633484e+02,1.175993534471099e+03,3.376255770471768e+02,2,0.000000000000000e+00,0.000000000000000e+00
1.807999999995180e-04,1808,2.563842085361139e-01,2.398381647528013e+04,1.000000000000000e+00,8.000000000000000e-01,2.000000000000000e-01,2.993745559819574e-04,-7.512982179781362e-05,1.666666666666667e+00,0.000000000000000e+00,2.981500000000000e+02,3.265879261291982e+02,3.000000000645664e+02,1.176107744038639e+03,3.376483263401221e+02,2,0.000000000000000e+00,0.000000000000000e+00
1.808999999995169e-04,1809,2.741747863835490e-01,2.675464544830823e+04,1.000000000000000e+00,8.000000000000000e-01,2.000000000000000e-01,2.995412226486231e-04,-7.512982179781362e-05,1.666666666666667e+00,0.000000000000000e+00,2.981500000000000e+02,3.261675614481485e+02,3.000000000658013e+02,1.176172299172276e+03,3.376701899027389e+02,2,0.000000000000000e+00,0.000000000000000e+00
1.809999999995157e-04,1810,2.743293272940425e-01,1.845191580288752e+04,1.000000000000000e+00,8.000000000000000e-01,2.000000000000000e-01,2.997078893152888e-04,-7.512982179781362e-05,1.666666666666667e+00,0.000000000000000e+00,2.981500000000000e+02,3.258165274794964e+02,3.000000000670532e+02,1.176234691972362e+03,3.376927151138152e+02,2,0.000000000000000e+00,0.000000000000000e+00
1.810999999995146e-04,1811,2.744380159968944e-01,1.132510742707041e+04,1.000000000000000e+00,8.000000000000000e-01,2.000000000000000e-01,2.998745559819544e-04,-7.512982179781362e-05,1.666666666666667e+00,0.000000000000000e+00,2.981500000000000e+02,3.254218386978546e+02,3.000000000683222e+02,1.176268650924203e+03,3.377138171777898e+02,2,0.000000000000000e+00,0.000000000000000e+00
1.811999999995135e-04,1812,2.745916037408779e-01,1.140133489192260e+04,1.000000000000000e+00,8.000000000000000e-01,2.000000000000000e-01,3.000412226486201e-04,-7.512982179781362e-05,1.666666666666667e+00,0.000000000000000e+00,2.981500000000000e+02,3.251169372330911e+02,3.000000000696085e+02,1.176313590573761e+03,3.377362043987328e+02,2,0.000000000000000e+00,0.000000000000000e+00
1.812999999995123e-04,1813,2.747099501505266e-01,1.735321186206912e+04,1.000000000000000e+00,8.000000000000000e-01,2.000000000000000e-01,3.002078893152858e-04,-7.512982179781362e-05,1.666666666666667e+00,0.000000000000000e+00,2.981500000000000e+02,3.247582600428590e+02,3.000000000709121e+02,1.176349454582294e+03,3.377577595642267e+02,2,0.000000000000000e+00,0.000000000000000e+00
1.813999999995112e-04,1814,2.748406875313751e-01,1.389989338241203e+04,1.000000000000000e+00,8.000000000000000e-01,2.000000000000000e-01,3.003745559819515e-04,-7.512982179781362e-05,1.666666666666667e+00,0.000000000000000e+00,2.981500000000000e+02,3.245140080348027e+02,3.000000000722334e+02,1.176383582138296e+03,3.377800005652005e+02,2,0.000000000000000e+00,0.000000000000000e+00
1.814999999995101e-04,1815,2.552015778122833e-01,1.347721418515823e+04,1.000000000000000e+00,8.000000000000000e-01,2.000000000000000e-01,3.005412226486171e-04,-7.512982179781362e-05,1.666666666666667e+00,0.000000000000000e+00,2.981500000000000e+02,3.242102025677760e+02,3.000000000735722e+02,1.176383639020404e+03,3.378022577301492e+02,2,0.000000000000000e+00,0.000000000000000e+00
1.815999999995089e-04,1816,2.553121758607959e-01,8.861378132593545e+03,1.000000000000000e+00,8.000000000000000e-01,2.000000000000000e-01,3.007078893152828e-04,-7.512982179781362e-05,1.666666666666667e+00,0.000000000000000e+00,2.981500000000000e+02,3.239878216816885e+02,3.000000000749289e+02,1.176404263018835e+03,3.378236932439019e+02,2,0.000000000000000e+00,0.000000000000000e+00
1.816999999995078e-04,1817,2.553828931234355e-01,1.131109308510712e+04,1.000000000000000e+00,8.000000000000000e-01,2.000000000000000e-01,3.008745559819485e-04,-7.512982179781362e-05,1.666666666666667e+00,0.000000000000000e+00,2.981500000000000e+02,3.237292362229242e+02,3.000000000763035e+02,1.176400408793378e+03,3.378454762667484e+02,2,0.000000000000000e+00,0.000000000000000e+00
1.817999999995067e-04,1818,2.554928844488417e-01,8.096109749086410e+03,1.000000000000000e+00,8.000000000000000e-01,2.000000000000000e-01,3.010412226486142e-04,-7.512982179781362e-05,1.666666666666667e+00,0.000000000000000e+00,2.981500000000000e+02,3.235162891060078e+02,3.000000000776964e+02,1.176404396105238e+03,3.378665652593823e+02,2,0.000000000000000e+00,0.000000000000000e+00
1.818999999995055e-04,1819,2.378384942176208e-01,8.338848286513321e+03,1.000000000000000e+00,8.000000000000000e-01,2.000000000000000e-01,3.012078893152798e-04,-7.512982179781362e-05,1.666666666666667e+00,0.000000000000000e+00,2.981500000000000e+02,3.232868721178109e+02,3.000000000791075e+02,1.176391749173373e+03,3.378877757876731e+02,2,0.000000000000000e+00,0.000000000000000e+00
1.819999999995044e-04,1820,2.589308794352517e-01,6.992759697346362e+03,1.000000000000000e+00,8.000000000000000e-01,2.000000000000000e-01,3.013745559819455e-04,-7.512982179781362e-05,1.666666666666667e+00,0.000000000000000e+00,2.981500000000000e+02,3.230943356635037e+02,3.000000000805369e+02,1.176438651190749e+03,3.379097748240761e+02,2,0.000000000000000e+00,0.000000000000000e+00
1.820999999995033e-04,1821,2.590166686793045e-01,7.321151869851567e+03,1.000000000000000e+00,8.000000000000000e-01,2.000000000000000e-01,3.015412226486112e-04,-7.512982179781362e-05,1.666666666666667e+00,0.000000000000000e+00,2.981500000000000e+02,3.229049846220084e+02,3.000000000819846e+02,1.176425402071051e+03,3.379318156611113e+02,2,0.000000000000000e+00,0.000000000000000e+00
1.821999999995021e-04,1822,2.532599690245623e-01,9.862154136124234e+03,1.000000000000000e+00,8.000000000000000e-01,2.000000000000000e-01,3.017078893152769e-04,-7.512982179781362e-05,1.666666666666667e+00,0.000000000000000e+00,2.981500000000000e+02,3.227300029264235e+02,3.000000000834511e+02,1.176429916405116e+03,3.379535119276131e+02,2,0.000000000000000e+00,0.000000000000000e+00
1.822999999995010e-04,1823,2.932049132898444e-01,1.335082259481012e+04,1.000000000000000e+00,8.000000000000000e-01,2.000000000000000e-01,3.018745559819425e-04,-7.512982179781362e-05,1.666666666666667e+00,0.000000000000000e+00,2.981500000000000e+02,3.225713897591249e+02,3.000000000849366e+02,1.176434923938696e+03,3.379750724079061e+02,2,0.000000000000000e+00,0.000000000000000e+00
1.823999999994998e-04,1824,2.933193285148190e-01,1.804105520487263e+04,1.000000000000000e+00,8.000000000000000e-01,2.000000000000000e-01,3.020412226486082e-04,-7.512982179781362e-05,1.666666666666667e+00,0.000000000000000e+00,2.981500000000000e+02,3.224072344338841e+02,3.000000000864407e+02,1.176438071890519e+03,3.379962751106243e+02,2,0.000000000000000e+00,0.000000000000000e+00
1.824999999994987e-04,1825,2.723916038078303e-01,2.122306574967131e+04,1.000000000000000e+00,8.000000000000000e-01,2.000000000000000e-01,3.022078893152739e-04,-7.512982179781362e-05,1.666666666666667e+00,0.000000000000000e+00,2.981500000000000e+02,3.222633262250901e+02,3.000000000879642e+02,1.176401803086600e+03,3.380175486284369e+02,2,0.000000000000000e+00,0.000000000000000e+00
1.825999999994976e-04,1826,2.902311197840212e-01,2.607074582997886e+04,1.000000000000000e+00,8.000000000000000e-01,2.000000000000000e-01,3.023745559819396e-04,-7.512982179781362e-05,1.666666666666667e+00,0.000000000000000e+00,2.981500000000000e+02,3.221153170325426e+02,3.000000000895071e+02,1.176391798330004e+03,3.380398706525580e+02,2,0.000000000000000e+00,0.000000000000000e+00
1.826999999994964e-04,1827,2.903335021635194e-01,3.040855019505692e+04,1.000000000000000e+00,8.000000000000000e-01,2.000000000000000e-01,3.025412226486053e-04,-7.512982179781362e-05,1.666666666666667e+00,0.000000000000000e+00,2.981500000000000e+02,3.219878838774174e+02,3.000000000910692e+02,1.176344470635860e+03,3.380614218368254e+02,2,0.000000000000000e+00,0.000000000000000e+00
1.827999999994953e-04,1828,3.055286061546250e-01,2.369703938494819e+04,1.000000000000000e+00,8.000000000000000e-01,2.000000000000000e-01,3.027078893152709e-04,-7.512982179781362e-05,1.666666666666667e+00,0.000000000000000e+00,2.981500000000000e+02,3.218645930758771e+02,3.000000000926515e+02,1.176309673498236e+03,3.380839404087458e+02,2,0.000000000000000e+00,0.000000000000000e+00
1.828999999994942e-04,1829,2.905882531763058e-01,1.053316212575329e+04,1.000000000000000e+00,8.000000000000000e-01,2.000000000000000e-01,3.028745559819366e-04,-7.512982179781362e-05,1.666666666666667e+00,0.000000000000000e+00,2.981500000000000e+02,3.217585162403659e+02,3.000000000942532e+02,1.176249565811651e+03,3.381060064707816e+02,2,0.000000000000000e+00,0.000000000000000e+00
1.829999999994930e-04,1830,2.907024291470184e-01,1.439460338685813e+04,1.000000000000000e+00,8.000000000000000e-01,2.000000000000000e-01,3.030412226486023e-04,-7.512982179781362e-05,1.666666666666667e+00,0.000000000000000e+00,2.981500000000000e+02,3.216654102888451e+02,3.000000000958751e+02,1.176203404415752e+03,3.381280795624200e+02,2,0.000000000000000e+00,0.000000000000000e+00
1.830999999994919e-04,1831,2.908071473177323e-01,1.720014107752150e+04,1.000000000000000e+00,8.000000000000000e-01,2.000000000000000e-01,3.032078893152680e-04,-7.512982179781362e-05,1.666666666666667e+00,0.000000000000000e+00,2.981500000000000e+02,3.215535541866644e+02,3.000000000975169e+02,1.176134616709500e+03,3.381500895116956e+02,2,0.000000000000000e+00,0.000000000000000e+00
1.831999999994908e-04,1832,2.508370254149989e-01,1.313436481376786e+04,1.000000000000000e+00,8.000000000000000e-01,2.000000000000000e-01,3.033745559819336e-04,-7.512982179781362e-05,1.666666666666667e+00,0.000000000000000e+00,2.981500000000000e+02,3.214622410942383e+02,3.000000000991791e+02,1.176062408636013e+03,3.381722462277987e+02,2,0.000000000000000e+00,0.000000000000000e+00
1.832999999994896e-04,1833,2.709615245647269e-01,1.073441457651579e+04,1.000000000000000e+00,8.000000000000000e-01,2.000000000000000e-01,3.035412226485993e-04,-7.512982179781362e-05,1.666666666666667e+00,0.000000000000000e+00,2.981500000000000e+02,3.213606457076482e+02,3.000000001008617e+02,1.176000101641501e+03,3.381941036548100e+02,2,0.000000000000000e+00,0.000000000000000e+00
1.833999999994885e-04,1834,2.509971844773529e-01,8.041674778755717e+03,1.000000000000000e+00,8.000000000000000e-01,2.000000000000000e-01,3.037078893152650e-04,-7.512982179781362e-05,1.666666666666667e+00,0.000000000000000e+00,2.981500000000000e+02,3.212933373721579e+02,3.000000001025646e+02,1.175948013148283e+03,3.382161195511762e+02,2,0.000000000000000e+00,0.000000000000000e+00
1.834999999994874e-04,1835,2.580250080546918e-01,6.825941742100905e+03,1.000000000000000e+00,8.000000000000000e-01,2.000000000000000e-01,3.038745559819307e-04,-7.512982179781362e-05,1.666666666666667e+00,0.000000000000000e+00,2.981500000000000e+02,3.212070048665265e+02,3.000000001042885e+02,1.175888512431891e+03,3.382385499130531e+02,2,0.000000000000000e+00,0.000000000000000e+00
1.835999999994862e-04,1836,2.380316808706500e-01,8.724580808334709e+03,1.000000000000000e+00,8.000000000000000e-01,2.000000000000000e-01,3.040412226485963e-04,-7.512982179781362e-05,1.666666666666667e+00,0.000000000000000e+00,2.981500000000000e+02,3.211532691615257e+02,3.000000001060330e+02,1.175802082980945e+03,3.382601360308167e+02,2,0.000000000000000e+00,0.000000000000000e+00
1.836999999994851e-04,1837,2.614083862468303e-01,5.145669180035491e+03,1.000000000000000e+00,8.000000000000000e-01,2.000000000000000e-01,3.042078893152620e-04,-7.512982179781362e-05,1.666666666666667e+00,0.000000000000000e+00,2.981500000000000e+02,3.210834780396860e+02,3.000000001077984e+02,1.175741253019277e+03,3.382824630455078e+02,2,0.000000000000000e+00,0.000000000000000e+00
1.837999999994839e-04,1838,2.545685096493864e-01,7.989974391756881e+03,1.000000000000000e+00,8.000000000000000e-01,2.000000000000000e-01,3.043745559819277e-04,-7.512982179781362e-05,1.666666666666667e+00,0.000000000000000e+00,2.981500000000000e+02,3.210140928895900e+02,3.000000001095851e+02,1.175685804965948e+03,3.383037712464479e+02,2,0.000000000000000e+00,0.000000000000000e+00
1.838999999994828e-04,1839,2.747011028149728e-01,1.051238548720080e+04,1.000000000000000e+00,8.000000000000000e-01,2.000000000000000e-01,3.045412226485934e-04,-7.512982179781362e-05,1.666666666666667e+00,0.000000000000000e+00,2.981500000000000e+02,3.209658667068909e+02,3.000000001113929e+02,1.175628590191063e+03,3.383258476082540e+02,2,0.000000000000000e+00,0.000000000000000e+00
1.839999999994817e-04,1840,2.639457104237996e-01,1.499299381902272e+04,1.000000000000000e+00,8.000000000000000e-01,2.000000000000000e-01,3.047078893152591e-04,-7.512982179781362e-05,1.666666666666667e+00,0.000000000000000e+00,2.981500000000000e+02,3.208955800023947e+02,3.000000001132220e+02,1.175577039973393e+03,3.383477369638266e+02,2,0.000000000000000e+00,0.000000000000000e+00
1.840999999994805e-04,1841,2.889563401796833e-01,1.741298703319333e+04,1.000000000000000e+00,8.000000000000000e-01,2.000000000000000e-01,3.048745559819247e-04,-7.512982179781362e-05,1.666666666666667e+00,0.000000000000000e+00,2.981500000000000e+02,3.208593225664424e+02,3.000000001150726e+02,1.175528266124438e+03,3.383699690103196e+02,2,0.000000000000000e+00,0.000000000000000e+00
1.841999999994794e-04,1842,2.968140191048008e-01,2.174953029065933e+04,1.000000000000000e+00,8.000000000000000e-01,2.000000000000000e-01,3.050412226485904e-04,-7.512982179781362e-05,1.666666666666667e+00,0.000000000000000e+00,2.981500000000000e+02,3.207797484083990e+02,3.000000001169450e+02,1.175473437245791e+03,3.383913481318221e+02,2,0.000000000000000e+00,0.000000000000000e+00
1.842999999994783e-04,1843,3.068085751850639e-01,2.483909434509967e+04,1.000000000000000e+00,8.000000000000000e-01,2.000000000000000e-01,3.052078893152561e-04,-7.512982179781362e-05,1.666666666666667e+00,0.000000000000000e+00,2.981500000000000e+02,3.207515263870960e+02,3.000000001188393e+02,1.175417139943429e+03,3.384132613796223e+02,2,0.000000000000000e+00,0.000000000000000e+00
1.843999999994771e-04,1844,2.970297958814554e-01,1.592917612623730e+04,1.000000000000000e+00,8.000000000000000e-01,2.000000000000000e-01,3.053745559819218e-04,-7.512982179781362e-05,1.666666666666667e+00,0.000000000000000e+00,2.981500000000000e+02,3.206529458220928e+02,3.000000001207553e+02,1.175348853286714e+03,3.384341741326347e+02,2,0.000000000000000e+00,0.000000000000000e+00
1.844999999994760e-04,1845,3.070037472829679e-01,1.489708444949869e+04,1.000000000000000e+00,8.000000000000000e-01,2.000000000000000e-01,3.055412226485874e-04,-7.512982179781362e-05,1.666666666666667e+00,0.000000000000000e+00,2.981500000000000e+02,3.206463220716279e+02,3.000000001226935e+02,1.175291596845497e+03,3.384577280268738e+02,2,0.000000000000000e+00,0.000000000000000e+00
1.845999999994749e-04,1846,2.823834148440296e-01,1.602504007989588e+04,1.000000000000000e+00,8.000000000000000e-01,2.000000000000000e-01,3.057078893152531e-04,-7.512982179781362e-05,1.666666666666667e+00,0.000000000000000e+00,2.981500000000000e+02,3.205620249317785e+02,3.000000001246538e+02,1.175228149476351e+03,3.384814633618204e+02,2,0.000000000000000e+00,0.000000000000000e+00
1.846999999994737e-04,1847,2.922468292310979e-01,1.268166035259434e+04,1.000000000000000e+00,8.000000000000000e-01,2.000000000000000e-01,3.058745559819188e-04,-7.512982179781362e-05,1.666666666666667e+00,0.000000000000000e+00,2.981500000000000e+02,3.205276058429722e+02,3.000000001266365e+02,1.175199344158616e+03,3.385049496398872e+02,2,0.000000000000000e+00,0.000000000000000e+00
1.847999999994726e-04,1848,2.625179913691910e-01,9.330088974522943e+03,1.000000000000000e+00,8.000000000000000e-01,2.000000000000000e-01,3.060412226485845e-04,-7.512982179781362e-05,1.666666666666667e+00,0.000000000000000e+00,2.981500000000000e+02,3.204578924717016e+02,3.000000001286415e+02,1.175161884046365e+03,3.385278720800454e+02,2,0.000000000000000e+00,0.000000000000000e+00
1.848999999994714e-04,1849,2.589689852579698e-01,7.613831106865400e+03,1.000000000000000e+00,8.000000000000000e-01,2.000000000000000e-01,3.062078893152501e-04,-7.512982179781362e-05,1.666666666666667e+00,0.000000000000000e+00,2.981500000000000e+02,3.203941685777395e+02,3.000000001306692e+02,1.175114381619949e+03,3.385504152139468e+02,2,0.000000000000000e+00,0.000000000000000e+00
1.849999999994703e-04,1850,2.493633340881954e-01,8.779477655191306e+03,1.000000000000000e+00,8.000000000000000e-01,2.000000000000000e-01,3.063745559819158e-04,-7.512982179781362e-05,1.666666666666667e+00,0.000000000000000e+00,2.981500000000000e+02,3.203688013716582e+02,3.000000001327195e+02,1.175055544846455e+03,3.385728110181983e+02,2,0.000000000000000e+00,0.000000000000000e+00
1.850999999994692e-04,1851,2.694094037726983e-01,8.016209755146177e+03,1.000000000000000e+00,8.000000000000000e-01,2.000000000000000e-01,3.065412226485815e-04,-7.512982179781362e-05,1.666666666666667e+00,0.000000000000000e+00,2.981500000000000e+02,3.202868744566472e+02,3.000000001347928e+02,1.175008482367499e+03,3.385955596193172e+02,2,0.000000000000000e+00,0.000000000000000e+00
1.851999999994680e-04,1852,2.694877433469271e-01,7.136227757459606e+03,1.000000000000000e+00,8.000000000000000e-01,2.000000000000000e-01,3.067078893152472e-04,-7.512982179781362e-05,1.666666666666667e+00,0.000000000000000e+00,2.981500000000000e+02,3.202759814000847e+02,3.000000001368890e+02,1.174955858774154e+03,3.386191205513015e+02,2,0.000000000000000e+00,0.000000000000000e+00
1.852999999994669e-04,1853,3.039576236548586e-01,8.243397155128967e+03,1.000000000000000e+00,8.000000000000000e-01,2.000000000000000e-01,3.068745559819129e-04,-7.512982179781362e-05,1.666666666666667e+00,0.000000000000000e+00,2.981500000000000e+02,3.201896745045364e+02,3.000000001390084e+02,1.174932333705562e+03,3.386426428532779e+02,2,0.000000000000000e+00,0.000000000000000e+00
1.853999999994658e-04,1854,3.063949622668054e-01,1.422250541029517e+04,1.000000000000000e+00,8.000000000000000e-01,2.000000000000000e-01,3.070412226485785e-04,-7.512982179781362e-05,1.666666666666667e+00,0.000000000000000e+00,2.981500000000000e+02,3.201800665410307e+02,3.000000001411511e+02,1.174915232539167e+03,3.386668951953403e+02,2,0.000000000000000e+00,0.000000000000000e+00
1.854999999994646e-04,1855,3.393097659237573e-01,1.774913539301485e+04,1.000000000000000e+00,8.000000000000000e-01,2.000000000000000e-01,3.072078893152442e-04,-7.512982179781362e-05,1.666666666666667e+00,0.000000000000000e+00,2.981500000000000e+02,3.201101703498187e+02,3.000000001433171e+02,1.174875204831835e+03,3.386899458406791e+02,2,0.000000000000000e+00,0.000000000000000e+00
1.855999999994635e-04,1856,3.216202379928648e-01,2.395454903492233e+04,1.000000000000000e+00,8.000000000000000e-01,2.000000000000000e-01,3.073745559819099e-04,-7.512982179781362e-05,1.666666666666667e+00,0.000000000000000e+00,2.981500000000000e+02,3.200658397026071e+02,3.000000001455066e+02,1.174875475889372e+03,3.387134204077132e+02,2,0.000000000000000e+00,0.000000000000000e+00
1.856999999994624e-04,1857,3.395237977313350e-01,2.740598927512040e+04,1.000000000000000e+00,8.000000000000000e-01,2.000000000000000e-01,3.075412226485756e-04,-7.512982179781362e-05,1.666666666666667e+00,0.000000000000000e+00,2.981500000000000e+02,3.200193548697187e+02,3.000000001477197e+02,1.174841303093484e+03,3.387364954836237e+02,2,0.000000000000000e+00,0.000000000000000e+00
1.857999999994612e-04,1858,3.186410171149768e-01,1.572303838466644e+04,1.000000000000000e+00,8.000000000000000e-01,2.000000000000000e-01,3.077078893152412e-04,-7.512982179781362e-05,1.666666666666667e+00,0.000000000000000e+00,2.981500000000000e+02,3.199598445278319e+02,3.000000001499566e+02,1.174825731545091e+03,3.387593563713384e+02,2,0.000000000000000e+00,0.000000000000000e+00
1.858999999994601e-04,1859,3.397471690165569e-01,1.088331753270423e+04,1.000000000000000e+00,8.000000000000000e-01,2.000000000000000e-01,3.078745559819069e-04,-7.512982179781362e-05,1.666666666666667e+00,0.000000000000000e+00,2.981500000000000e+02,3.199214195587453e+02,3.000000001522176e+02,1.174791369537763e+03,3.387817254923805e+02,2,0.000000000000000e+00,0.000000000000000e+00
1.859999999994590e-04,1860,2.988992103909620e-01,1.388395027108979e+04,1.000000000000000e+00,8.000000000000000e-01,2.000000000000000e-01,3.080412226485726e-04,-7.512982179781362e-05,1.666666666666667e+00,0.000000000000000e+00,2.981500000000000e+02,3.198595131659173e+02,3.000000001545026e+02,1.174779078713525e+03,3.388046125868230e+02,2,0.000000000000000e+00,0.000000000000000e+00
1.860999999994578e-04,1861,3.039519606284102e-01,1.623233215124063e+04,1.000000000000000e+00,8.000000000000000e-01,2.000000000000000e-01,3.082078893152383e-04,-7.512982179781362e-05,1.666666666666667e+00,0.000000000000000e+00,2.981500000000000e+02,3.198224158004071e+02,3.000000001568115e+02,1.174755386270928e+03,3.388269334386580e+02,2,0.000000000000000e+00,0.000000000000000e+00
1.861999999994567e-04,1862,2.504073015376070e-01,7.306499364258564e+03,1.000000000000000e+00,8.000000000000000e-01,2.000000000000000e-01,3.083745559819039e-04,-7.512982179781362e-05,1.666666666666667e+00,0.000000000000000e+00,2.981500000000000e+02,3.197560402626637e+02,3.000000001591448e+02,1.174741515173988e+03,3.388494924404816e+02,2,0.000000000000000e+00,0.000000000000000e+00
1.862999999994555e-04,1863,2.599077428741729e-01,9.184380200409943e+03,1.000000000000000e+00,8.000000000000000e-01,2.000000000000000e-01,3.085412226485696e-04,-7.512982179781362e-05,1.666666666666667e+00,0.000000000000000e+00,2.981500000000000e+02,3.197122144884098e+02,3.000000001615027e+02,1.174718545319701e+03,3.388715701376308e+02,2,0.000000000000000e+00,0.000000000000000e+00
1.863999999994544e-04,1864,2.505653069843512e-01,6.412026240757052e+03,1.000000000000000e+00,8.000000000000000e-01,2.000000000000000e-01,3.087078893152353e-04,-7.512982179781362e-05,1.666666666666667e+00,0.000000000000000e+00,2.981500000000000e+02,3.196513147789879e+02,3.000000001638849e+02,1.174689463575967e+03,3.388931084651857e+02,2,0.000000000000000e+00,0.000000000000000e+00
1.864999999994533e-04,1865,2.400764413429511e-01,7.847605667747143e+03,1.000000000000000e+00,8.000000000000000e-01,2.000000000000000e-01,3.088745559819010e-04,-7.512982179781362e-05,1.666666666666667e+00,0.000000000000000e+00,2.981500000000000e+02,3.195997851179666e+02,3.000000001662919e+02,1.174691722639062e+03,3.389151125299774e+02,2,0.000000000000000e+00,0.000000000000000e+00
1.865999999994521e-04,1866,2.507244951960204e-01,6.072361128435824e+03,1.000000000000000e+00,8.000000000000000e-01,2.000000000000000e-01,3.090412226485667e-04,-7.512982179781362e-05,1.666666666666667e+00,0.000000000000000e+00,2.981500000000000e+02,3.195580940924316e+02,3.000000001687240e+02,1.174681618462147e+03,3.389376471488291e+02,2,0.000000000000000e+00,0.000000000000000e+00
1.866999999994510e-04,1867,3.044640048146922e-01,1.055725849525127e+04,1.000000000000000e+00,8.000000000000000e-01,2.000000000000000e-01,3.092078893152323e-04,-7.512982179781362e-05,1.666666666666667e+00,0.000000000000000e+00,2.981500000000000e+02,3.195038555740470e+02,3.000000001711808e+02,1.174689156684471e+03,3.389595696470759e+02,2,0.000000000000000e+00,0.000000000000000e+00
1.867999999994499e-04,1868,2.996367211254748e-01,1.574027660367021e+04,1.000000000000000e+00,8.000000000000000e-01,2.000000000000000e-01,3.093745559818980e-04,-7.512982179781362e-05,1.666666666666667e+00,0.000000000000000e+00,2.981500000000000e+02,3.194557954783724e+02,3.000000001736630e+02,1.174690986748760e+03,3.389822430521996e+02,2,0.000000000000000e+00,0.000000000000000e+00
1.868999999994487e-04,1869,3.196602687547779e-01,2.101253754351463e+04,1.000000000000000e+00,8.000000000000000e-01,2.000000000000000e-01,3.095412226485637e-04,-7.512982179781362e-05,1.666666666666667e+00,0.000000000000000e+00,2.981500000000000e+02,3.194063014496208e+02,3.000000001761703e+02,1.174708777633950e+03,3.390052622995428e+02,2,0.000000000000000e+00,0.000000000000000e+00
1.869999999994476e-04,1870,3.407941137266287e-01,2.385012507947048e+04,1.000000000000000e+00,8.000000000000000e-01,2.000000000000000e-01,3.097078893152294e-04,-7.512982179781362e-05,1.666666666666667e+00,0.000000000000000e+00,2.981500000000000e+02,3.193561667191209e+02,3.000000001787033e+02,1.174733717952953e+03,3.390279262066649e+02,2,0.000000000000000e+00,0.000000000000000e+00
1.870999999994465e-04,1871,3.408948316480877e-01,1.517882517991327e+04,1.000000000000000e+00,8.000000000000000e-01,2.000000000000000e-01,3.098745559818950e-04,-7.512982179781362e-05,1.666666666666667e+00,0.000000000000000e+00,2.981500000000000e+02,3.193115072901340e+02,3.000000001812616e+02,1.174755075952787e+03,3.390510969385614e+02,2,0.000000000000000e+00,0.000000000000000e+00
1.871999999994453e-04,1872,3.410151086853437e-01,1.226603127477366e+04,1.000000000000000e+00,8.000000000000000e-01,2.000000000000000e-01,3.100412226485607e-04,-7.512982179781362e-05,1.666666666666667e+00,0.000000000000000e+00,2.981500000000000e+02,3.192568091509341e+02,3.000000001838459e+02,1.174759522734222e+03,3.390740592443819e+02,2,0.000000000000000e+00,0.000000000000000e+00
1.872999999994442e-04,1873,3.260644581038511e-01,1.740447445367662e+04,1.000000000000000e+00,8.000000000000000e-01,2.000000000000000e-01,3.102078893152264e-04,-7.512982179781362e-05,1.666666666666667e+00,0.000000000000000e+00,2.981500000000000e+02,3.192116536791246e+02,3.000000001864558e+02,1.174772419642808e+03,3.390973239002990e+02,2,0.000000000000000e+00,0.000000000000000e+00
1.873999999994430e-04,1874,3.084371672943828e-01,1.189189341487969e+04,1.000000000000000e+00,8.000000000000000e-01,2.000000000000000e-01,3.103745559818921e-04,-7.512982179781362e-05,1.666666666666667e+00,0.000000000000000e+00,2.981500000000000e+02,3.191634437880781e+02,3.000000001890921e+02,1.174784214558426e+03,3.391210443545525e+02,2,0.000000000000000e+00,0.000000000000000e+00
1.874999999994419e-04,1875,3.126299820082541e-01,9.213834343220773e+03,1.000000000000000e+00,8.000000000000000e-01,2.000000000000000e-01,3.105412226485577e-04,-7.512982179781362e-05,1.666666666666667e+00,0.000000000000000e+00,2.981500000000000e+02,3.191052966897254e+02,3.000000001917543e+02,1.174793407584014e+03,3.391446426387583e+02,2,0.000000000000000e+00,0.000000000000000e+00
1.875999999994408e-04,1876,3.053194273797397e-01,8.992436103082453e+03,1.000000000000000e+00,8.000000000000000e-01,2.000000000000000e-01,3.107078893152234e-04,-7.512982179781362e-05,1.666666666666667e+00,0.000000000000000e+00,2.981500000000000e+02,3.190596258113901e+02,3.000000001944430e+02,1.174787380959539e+03,3.391682190022028e+02,2,0.000000000000000e+00,0.000000000000000e+00
1.876999999994396e-04,1877,3.204482862922710e-01,1.224846093907842e+04,1.000000000000000e+00,8.000000000000000e-01,2.000000000000000e-01,3.108745559818891e-04,-7.512982179781362e-05,1.666666666666667e+00,0.000000000000000e+00,2.981500000000000e+02,3.189913506496962e+02,3.000000001971581e+02,1.174769926430359e+03,3.391917323006186e+02,2,0.000000000000000e+00,0.000000000000000e+00
1.877999999994385e-04,1878,3.006494000794953e-01,1.587439680011208e+04,1.000000000000000e+00,8.000000000000000e-01,2.000000000000000e-01,3.110412226485548e-04,-7.512982179781362e-05,1.666666666666667e+00,0.000000000000000e+00,2.981500000000000e+02,3.189428818454094e+02,3.000000001998997e+02,1.174732009374663e+03,3.392148959680667e+02,2,0.000000000000000e+00,0.000000000000000e+00
1.878999999994374e-04,1879,3.007584333205137e-01,1.771019272355485e+04,1.000000000000000e+00,8.000000000000000e-01,2.000000000000000e-01,3.112078893152205e-04,-7.512982179781362e-05,1.666666666666667e+00,0.000000000000000e+00,2.981500000000000e+02,3.188764108712359e+02,3.000000002026682e+02,1.174714135472666e+03,3.392381814881377e+02,2,0.000000000000000e+00,0.000000000000000e+00
1.879999999994362e-04,1880,3.008761541763262e-01,8.709230806881169e+03,1.000000000000000e+00,8.000000000000000e-01,2.000000000000000e-01,3.113745559818861e-04,-7.512982179781362e-05,1.666666666666667e+00,0.000000000000000e+00,2.981500000000000e+02,3.188223430671555e+02,3.000000002054636e+02,1.174664037749708e+03,3.392615528126563e+02,2,0.000000000000000e+00,0.000000000000000e+00
1.880999999994351e-04,1881,3.009721221801522e-01,1.193502875581076e+04,1.000000000000000e+00,8.000000000000000e-01,2.000000000000000e-01,3.115412226485518e-04,-7.512982179781362e-05,1.666666666666667e+00,0.000000000000000e+00,2.981500000000000e+02,3.187611458027679e+02,3.000000002082862e+02,1.174636308255268e+03,3.392842258567186e+02,2,0.000000000000000e+00,0.000000000000000e+00
1.881999999994340e-04,1882,3.010738253632204e-01,1.368282935803969e+04,1.000000000000000e+00,8.000000000000000e-01,2.000000000000000e-01,3.117078893152175e-04,-7.512982179781362e-05,1.666666666666667e+00,0.000000000000000e+00,2.981500000000000e+02,3.186956483126758e+02,3.000000002111358e+02,1.174601191093485e+03,3.393069368836526e+02,2,0.000000000000000e+00,0.000000000000000e+00
1.882999999994328e-04,1883,2.860836859142021e-01,1.008618615722597e+04,1.000000000000000e+00,8.000000000000000e-01,2.000000000000000e-01,3.118745559818832e-04,-7.512982179781362e-05,1.666666666666667e+00,0.000000000000000e+00,2.981500000000000e+02,3.186375539130279e+02,3.000000002140127e+02,1.174571811615341e+03,3.393293704171354e+02,2,0.000000000000000e+00,0.000000000000000e+00
1.883999999994317e-04,1884,3.030418712957848e-01,8.730910915539896e+03,1.000000000000000e+00,8.000000000000000e-01,2.000000000000000e-01,3.120412226485488e-04,-7.512982179781362e-05,1.666666666666667e+00,0.000000000000000e+00,2.981500000000000e+02,3.185681110882555e+02,3.000000002169172e+02,1.174529082962000e+03,3.393511317711228e+02,2,0.000000000000000e+00,0.000000000000000e+00
1.884999999994306e-04,1885,3.031207102165642e-01,6.960528694179319e+03,1.000000000000000e+00,8.000000000000000e-01,2.000000000000000e-01,3.122078893152145e-04,-7.512982179781362e-05,1.666666666666667e+00,0.000000000000000e+00,2.981500000000000e+02,3.185169164896916e+02,3.000000002198494e+02,1.174481356556873e+03,3.393734283068049e+02,2,0.000000000000000e+00,0.000000000000000e+00
1.885999999994294e-04,1886,3.182935540850176e-01,1.344303801025552e+04,1.000000000000000e+00,8.000000000000000e-01,2.000000000000000e-01,3.123745559818802e-04,-7.512982179781362e-05,1.666666666666667e+00,0.000000000000000e+00,2.981500000000000e+02,3.185183429985389e+02,3.000000002228094e+02,1.174436500327240e+03,3.393950927380159e+02,2,0.000000000000000e+00,0.000000000000000e+00
1.886999999994283e-04,1887,3.183860206197751e-01,1.152988217324245e+04,1.000000000000000e+00,8.000000000000000e-01,2.000000000000000e-01,3.125412226485459e-04,-7.512982179781362e-05,1.666666666666667e+00,0.000000000000000e+00,2.981500000000000e+02,3.184595063370457e+02,3.000000002257973e+02,1.174381635311753e+03,3.394168638688497e+02,2,0.000000000000000e+00,0.000000000000000e+00
1.887999999994271e-04,1888,3.184913477088706e-01,1.494774623696383e+04,1.000000000000000e+00,8.000000000000000e-01,2.000000000000000e-01,3.127078893152115e-04,-7.512982179781362e-05,1.666666666666667e+00,0.000000000000000e+00,2.981500000000000e+02,3.184789377100823e+02,3.000000002288133e+02,1.174338785543604e+03,3.394388433433086e+02,2,0.000000000000000e+00,0.000000000000000e+00
1.888999999994260e-04,1889,3.185773918296131e-01,5.924963590544291e+03,1.000000000000000e+00,8.000000000000000e-01,2.000000000000000e-01,3.128745559818772e-04,-7.512982179781362e-05,1.666666666666667e+00,0.000000000000000e+00,2.981500000000000e+02,3.184666209422249e+02,3.000000002318576e+02,1.174262666746885e+03,3.394609465629356e+02,2,0.000000000000000e+00,0.000000000000000e+00
1.889999999994249e-04,1890,3.385758162118709e-01,1.189970882539355e+04,1.000000000000000e+00,8.000000000000000e-01,2.000000000000000e-01,3.130412226485429e-04,-7.512982179781362e-05,1.666666666666667e+00,0.000000000000000e+00,2.981500000000000e+02,3.184477785513131e+02,3.000000002349302e+02,1.174172288204578e+03,3.394822204315249e+02,2,0.000000000000000e+00,0.000000000000000e+00
1.890999999994237e-04,1891,3.386446060959554e-01,9.363318416051801e+03,1.000000000000000e+00,8.000000000000000e-01,2.000000000000000e-01,3.132078893152086e-04,-7.512982179781362e-05,1.666666666666667e+00,0.000000000000000e+00,2.981500000000000e+02,3.184903155538147e+02,3.000000002380312e+02,1.174084909384196e+03,3.395044262837938e+02,2,0.000000000000000e+00,0.000000000000000e+00
1.891999999994226e-04,1892,3.387467430719565e-01,8.621987700326015e+03,1.000000000000000e+00,8.000000000000000e-01,2.000000000000000e-01,3.133745559818743e-04,-7.512982179781362e-05,1.666666666666667e+00,0.000000000000000e+00,2.981500000000000e+02,3.184465224575962e+02,3.000000002411609e+02,1.173967759464514e+03,3.395258571434492e+02,2,0.000000000000000e+00,0.000000000000000e+00
1.892999999994215e-04,1893,3.388483428719654e-01,6.579176368524927e+03,1.000000000000000e+00,8.000000000000000e-01,2.000000000000000e-01,3.135412226485399e-04,-7.512982179781362e-05,1.666666666666667e+00,0.000000000000000e+00,2.981500000000000e+02,3.185014730379793e+02,3.000000002443196e+02,1.173857210939996e+03,3.395479011882027e+02,2,0.000000000000000e+00,0.000000000000000e+00
1.893999999994203e-04,1894,3.389560512517933e-01,8.081210513022044e+03,1.000000000000000e+00,8.000000000000000e-01,2.000000000000000e-01,3.137078893152056e-04,-7.512982179781362e-05,1.666666666666667e+00,0.000000000000000e+00,2.981500000000000e+02,3.184462220472317e+02,3.000000002475069e+02,1.173746502030936e+03,3.395702425792788e+02,2,0.000000000000000e+00,0.000000000000000e+00
1.894999999994192e-04,1895,3.390693625723481e-01,1.066302928134611e+04,1.000000000000000e+00,8.000000000000000e-01,2.000000000000000e-01,3.138745559818713e-04,-7.512982179781362e-05,1.666666666666667e+00,0.000000000000000e+00,2.981500000000000e+02,3.185035356283023e+02,3.000000002507235e+02,1.173644689627560e+03,3.395923209453948e+02,2,0.000000000000000e+00,0.000000000000000e+00
1.895999999994181e-04,1896,3.161296289181085e-01,8.900850651676168e+03,1.000000000000000e+00,8.000000000000000e-01,2.000000000000000e-01,3.140412226485370e-04,-7.512982179781362e-05,1.666666666666667e+00,0.000000000000000e+00,2.981500000000000e+02,3.184587869218399e+02,3.000000002539692e+02,1.173568234468692e+03,3.396146332611004e+02,2,0.000000000000000e+00,0.000000000000000e+00
1.896999999994169e-04,1897,3.194188773759463e-01,8.291496982753213e+03,1.000000000000000e+00,8.000000000000000e-01,2.000000000000000e-01,3.142078893152026e-04,-7.512982179781362e-05,1.666666666666667e+00,0.000000000000000e+00,2.981500000000000e+02,3.184977173473485e+02,3.000000002572444e+02,1.173499587180945e+03,3.396364217380869e+02,2,0.000000000000000e+00,0.000000000000000e+00
1.897999999994158e-04,1898,3.299154561218712e-01,1.127254882014791e+04,1.000000000000000e+00,8.000000000000000e-01,2.000000000000000e-01,3.143745559818683e-04,-7.512982179781362e-05,1.666666666666667e+00,0.000000000000000e+00,2.981500000000000e+02,3.184237172456122e+02,3.000000002605491e+02,1.173430463167075e+03,3.396587967365016e+02,2,0.000000000000000e+00,0.000000000000000e+00
1.898999999994146e-04,1899,3.197242101739541e-01,1.284480438448240e+04,1.000000000000000e+00,8.000000000000000e-01,2.000000000000000e-01,3.145412226485340e-04,-7.512982179781362e-05,1.666666666666667e+00,0.000000000000000e+00,2.981500000000000e+02,3.184438562049140e+02,3.000000002638832e+02,1.173344970171822e+03,3.396813337163191e+02,2,0.000000000000000e+00,0.000000000000000e+00
1.899999999994135e-04,1900,3.300954343806256e-01,1.325370076111222e+04,1.000000000000000e+00,8.000000000000000e-01,2.000000000000000e-01,3.147078893151997e-04,-7.512982179781362e-05,1.666666666666667e+00,0.000000000000000e+00,2.981500000000000e+02,3.183383342420928e+02,3.000000002672472e+02,1.173266404937468e+03,3.397041938743200e+02,2,0.000000000000000e+00,0.000000000000000e+00
1.900999999994124e-04,1901,3.199997373507189e-01,1.010467819277291e+04,1.000000000000000e+00,8.000000000000000e-01,2.000000000000000e-01,3.148745559818653e-04,-7.512982179781362e-05,1.666666666666667e+00,0.000000000000000e+00,2.981500000000000e+02,3.183757728297828e+02,3.000000002706412e+02,1.173212062482260e+03,3.397265055413974e+02,2,0.000000000000000e+00,0.000000000000000e+00
1.901999999994112e-04,1902,3.303072621038057e-01,9.992879210565683e+03,1.000000000000000e+00,8.000000000000000e-01,2.000000000000000e-01,3.150412226485310e-04,-7.512982179781362e-05,1.666666666666667e+00,0.000000000000000e+00,2.981500000000000e+02,3.182982355234682e+02,3.000000002740653e+02,1.173174706482503e+03,3.397494462112438e+02,2,0.000000000000000e+00,0.000000000000000e+00
1.902999999994101e-04,1903,3.202334062217248e-01,8.310479572642416e+03,1.000000000000000e+00,8.000000000000000e-01,2.000000000000000e-01,3.152078893151967e-04,-7.512982179781362e-05,1.666666666666667e+00,0.000000000000000e+00,2.981500000000000e+02,3.183707845022112e+02,3.000000002775195e+02,1.173149280335005e+03,3.397719135359421e+02,2,0.000000000000000e+00,0.000000000000000e+00
1.903999999994090e-04,1904,3.305021002400148e-01,7.500233758626900e+03,1.000000000000000e+00,8.000000000000000e-01,2.000000000000000e-01,3.153745559818624e-04,-7.512982179781362e-05,1.666666666666667e+00,0.000000000000000e+00,2.981500000000000e+02,3.183113542755672e+02,3.000000002810041e+02,1.173122052599404e+03,3.397942876166994e+02,2,0.000000000000000e+00,0.000000000000000e+00
1.904999999994078e-04,1905,3.204814719003186e-01,6.226043389591669e+03,1.000000000000000e+00,8.000000000000000e-01,2.000000000000000e-01,3.155412226485281e-04,-7.512982179781362e-05,1.666666666666667e+00,0.000000000000000e+00,2.981500000000000e+02,3.183660433193151e+02,3.000000002845193e+02,1.173102784803781e+03,3.398170667535000e+02,2,0.000000000000000e+00,0.000000000000000e+00
1.905999999994067e-04,1906,3.307277503554839e-01,1.185677679617957e+04,1.000000000000000e+00,8.000000000000000e-01,2.000000000000000e-01,3.157078893151937e-04,-7.512982179781362e-05,1.666666666666667e+00,0.000000000000000e+00,2.981500000000000e+02,3.185733123278009e+02,3.000000002880651e+02,1.173040915239685e+03,3.398406691025206e+02,2,0.000000000000000e+00,0.000000000000000e+00
1.906999999994056e-04,1907,3.488166912812134e-01,1.002872098976970e+04,1.000000000000000e+00,8.000000000000000e-01,2.000000000000000e-01,3.158745559818594e-04,-7.512982179781362e-05,1.666666666666667e+00,0.000000000000000e+00,2.981500000000000e+02,3.189841531796090e+02,3.000000002916419e+02,1.173006337495503e+03,3.398646134097194e+02,2,0.000000000000000e+00,0.000000000000000e+00
1.907999999994044e-04,1908,3.344200698808331e-01,1.040128852936613e+04,1.000000000000000e+00,8.000000000000000e-01,2.000000000000000e-01,3.160412226485251e-04,-7.512982179781362e-05,1.666666666666667e+00,0.000000000000000e+00,2.981500000000000e+02,3.191430905016749e+02,3.000000002952497e+02,1.172971729619998e+03,3.398887440733881e+02,2,0.000000000000000e+00,0.000000000000000e+00
1.908999999994033e-04,1909,3.490573285880968e-01,1.251484776138727e+04,1.000000000000000e+00,8.000000000000000e-01,2.000000000000000e-01,3.162078893151908e-04,-7.512982179781362e-05,1.666666666666667e+00,0.000000000000000e+00,2.981500000000000e+02,3.191033319800455e+02,3.000000002988888e+02,1.172965726944182e+03,3.399125592979427e+02,2,0.000000000000000e+00,0.000000000000000e+00
1.909999999994022e-04,1910,3.346652655440404e-01,9.964928000402178e+03,1.000000000000000e+00,8.000000000000000e-01,2.000000000000000e-01,3.163745559818564e-04,-7.512982179781362e-05,1.666666666666667e+00,0.000000000000000e+00,2.981500000000000e+02,3.190631068228860e+02,3.000000003025592e+02,1.172941414001272e+03,3.399358744193322e+02,2,0.000000000000000e+00,0.000000000000000e+00
1.910999999994010e-04,1911,3.312555585289428e-01,1.466834865251210e+04,1.000000000000000e+00,8.000000000000000e-01,2.000000000000000e-01,3.165412226485221e-04,-7.512982179781362e-05,1.666666666666667e+00,0.000000000000000e+00,2.981500000000000e+02,3.189460801821469e+02,3.000000003062615e+02,1.172929992676855e+03,3.399598046006367e+02,2,0.000000000000000e+00,0.000000000000000e+00
1.911999999993999e-04,1912,3.546829816050601e-01,9.704989436385216e+03,1.000000000000000e+00,8.000000000000000e-01,2.000000000000000e-01,3.167078893151878e-04,-7.512982179781362e-05,1.666666666666667e+00,0.000000000000000e+00,2.981500000000000e+02,3.188484205499843e+02,3.000000003099956e+02,1.172906941124534e+03,3.399826008025510e+02,2,0.000000000000000e+00,0.000000000000000e+00
1.912999999993987e-04,1913,3.692750816808399e-01,1.551493153600064e+04,1.000000000000000e+00,8.000000000000000e-01,2.000000000000000e-01,3.168745559818535e-04,-7.512982179781362e-05,1.666666666666667e+00,0.000000000000000e+00,2.981500000000000e+02,3.187124405427205e+02,3.000000003137615e+02,1.172862246180636e+03,3.400061344880480e+02,2,0.000000000000000e+00,0.000000000000000e+00
1.913999999993976e-04,1914,3.351346090144028e-01,8.364307249336433e+03,1.000000000000000e+00,8.000000000000000e-01,2.000000000000000e-01,3.170412226485191e-04,-7.512982179781362e-05,1.666666666666667e+00,0.000000000000000e+00,2.981500000000000e+02,3.185945500534611e+02,3.000000003175596e+02,1.172825411922269e+03,3.400289740447253e+02,2,0.000000000000000e+00,0.000000000000000e+00
1.914999999993965e-04,1915,3.317009397750140e-01,1.726380338690700e+04,1.000000000000000e+00,8.000000000000000e-01,2.000000000000000e-01,3.172078893151848e-04,-7.512982179781362e-05,1.666666666666667e+00,0.000000000000000e+00,2.981500000000000e+02,3.184999313725214e+02,3.000000003213900e+02,1.172796058559239e+03,3.400520841635069e+02,2,0.000000000000000e+00,0.000000000000000e+00
1.915999999993953e-04,1916,3.353949810486838e-01,7.984189967754622e+03,1.000000000000000e+00,8.000000000000000e-01,2.000000000000000e-01,3.173745559818505e-04,-7.512982179781362e-05,1.666666666666667e+00,0.000000000000000e+00,2.981500000000000e+02,3.185160411074628e+02,3.000000003252530e+02,1.172742518268251e+03,3.400748324148992e+02,2,0.000000000000000e+00,0.000000000000000e+00
1.916999999993942e-04,1917,3.319471830579142e-01,1.122633934746523e+04,1.000000000000000e+00,8.000000000000000e-01,2.000000000000000e-01,3.175412226485162e-04,-7.512982179781362e-05,1.666666666666667e+00,0.000000000000000e+00,2.981500000000000e+02,3.185144109797889e+02,3.000000003291487e+02,1.172728829841557e+03,3.400983401374995e+02,2,0.000000000000000e+00,0.000000000000000e+00
1.917999999993931e-04,1918,3.356338142476381e-01,8.091086915156893e+03,1.000000000000000e+00,8.000000000000000e-01,2.000000000000000e-01,3.177078893151819e-04,-7.512982179781362e-05,1.666666666666667e+00,0.000000000000000e+00,2.981500000000000e+02,3.185344539231409e+02,3.000000003330773e+02,1.172681848779769e+03,3.401201028200961e+02,2,0.000000000000000e+00,0.000000000000000e+00
1.918999999993919e-04,1919,3.322006726361270e-01,1.760293355679648e+04,1.000000000000000e+00,8.000000000000000e-01,2.000000000000000e-01,3.178745559818475e-04,-7.512982179781362e-05,1.666666666666667e+00,0.000000000000000e+00,2.981500000000000e+02,3.185115519597134e+02,3.000000003370387e+02,1.172686064347620e+03,3.401428370171132e+02,2,0.000000000000000e+00,0.000000000000000e+00
1.919999999993908e-04,1920,3.323059227838798e-01,9.710972654452909e+03,1.000000000000000e+00,8.000000000000000e-01,2.000000000000000e-01,3.180412226485132e-04,-7.512982179781362e-05,1.666666666666667e+00,0.000000000000000e+00,2.981500000000000e+02,3.185623799279674e+02,3.000000003410335e+02,1.172626177142018e+03,3.401637957535291e+02,2,0.000000000000000e+00,0.000000000000000e+00
1.920999999993897e-04,1921,3.324278612394824e-01,1.461823364746404e+04,1.000000000000000e+00,8.000000000000000e-01,2.000000000000000e-01,3.182078893151789e-04,-7.512982179781362e-05,1.666666666666667e+00,0.000000000000000e+00,2.981500000000000e+02,3.185282618788387e+02,3.000000003450614e+02,1.172593572601516e+03,3.401858296434449e+02,2,0.000000000000000e+00,0.000000000000000e+00
1.921999999993885e-04,1922,3.325393191001433e-01,1.069012693658013e+04,1.000000000000000e+00,8.000000000000000e-01,2.000000000000000e-01,3.183745559818446e-04,-7.512982179781362e-05,1.666666666666667e+00,0.000000000000000e+00,2.981500000000000e+02,3.185735754140586e+02,3.000000003491230e+02,1.172534222358823e+03,3.402067072173509e+02,2,0.000000000000000e+00,0.000000000000000e+00
1.922999999993874e-04,1923,3.193620370313748e-01,7.790611819798220e+03,1.000000000000000e+00,8.000000000000000e-01,2.000000000000000e-01,3.185412226485102e-04,-7.512982179781362e-05,1.666666666666667e+00,0.000000000000000e+00,2.981500000000000e+02,3.185106984391961e+02,3.000000003532182e+02,1.172503918526927e+03,3.402292735409254e+02,2,0.000000000000000e+00,0.000000000000000e+00
1.923999999993862e-04,1924,3.327846573664319e-01,9.553556196611344e+03,1.000000000000000e+00,8.000000000000000e-01,2.000000000000000e-01,3.187078893151759e-04,-7.512982179781362e-05,1.666666666666667e+00,0.000000000000000e+00,2.981500000000000e+02,3.185708221773484e+02,3.000000003573473e+02,1.172485471398278e+03,3.402506095312154e+02,2,0.000000000000000e+00,0.000000000000000e+00
1.924999999993851e-04,1925,3.196045187552448e-01,8.613588252444826e+03,1.000000000000000e+00,8.000000000000000e-01,2.000000000000000e-01,3.188745559818416e-04,-7.512982179781362e-05,1.666666666666667e+00,0.000000000000000e+00,2.981500000000000e+02,3.185130523919284e+02,3.000000003615105e+02,1.172453346167365e+03,3.402737921876886e+02,2,0.000000000000000e+00,0.000000000000000e+00
1.925999999993840e-04,1926,3.197237930857662e-01,1.263482440606268e+04,1.000000000000000e+00,8.000000000000000e-01,2.000000000000000e-01,3.190412226485073e-04,-7.512982179781362e-05,1.666666666666667e+00,0.000000000000000e+00,2.981500000000000e+02,3.185408653501934e+02,3.000000003657076e+02,1.172402083281039e+03,3.403005774673030e+02,2,0.000000000000000e+00,0.000000000000000e+00
1.926999999993828e-04,1927,3.198869180166538e-01,1.050826261726759e+04,1.000000000000000e+00,8.000000000000000e-01,2.000000000000000e-01,3.192078893151729e-04,-7.512982179781362e-05,1.666666666666667e+00,0.000000000000000e+00,2.981500000000000e+02,3.185278947734095e+02,3.000000003699393e+02,1.172399175480366e+03,3.403295687142698e+02,2,0.000000000000000e+00,0.000000000000000e+00
1.927999999993817e-04,1928,3.200368085491073e-01,1.295109538465995e+04,1.000000000000000e+00,8.000000000000000e-01,2.000000000000000e-01,3.193745559818386e-04,-7.512982179781362e-05,1.666666666666667e+00,0.000000000000000e+00,2.981500000000000e+02,3.185822386758572e+02,3.000000003742052e+02,1.172446338606832e+03,3.403522625822674e+02,2,0.000000000000000e+00,0.000000000000000e+00
1.928999999993806e-04,1929,2.881628545100579e-01,8.722090125859006e+03,1.000000000000000e+00,8.000000000000000e-01,2.000000000000000e-01,3.195412226485043e-04,-7.512982179781362e-05,1.666666666666667e+00,0.000000000000000e+00,2.981500000000000e+02,3.185471507013119e+02,3.000000003785059e+02,1.172510624728764e+03,3.403753390878161e+02,2,0.000000000000000e+00,0.000000000000000e+00
1.929999999993794e-04,1930,3.027300041424641e-01,9.407032152512416e+03,1.000000000000000e+00,8.000000000000000e-01,2.000000000000000e-01,3.197078893151700e-04,-7.512982179781362e-05,1.666666666666667e+00,0.000000000000000e+00,2.981500000000000e+02,3.185647179485045e+02,3.000000003828414e+02,1.172564819787812e+03,3.403977715020643e+02,2,0.000000000000000e+00,0.000000000000000e+00
1.930999999993783e-04,1931,3.063816927078860e-01,8.641620045108768e+03,1.000000000000000e+00,8.000000000000000e-01,2.000000000000000e-01,3.198745559818357e-04,-7.512982179781362e-05,1.666666666666667e+00,0.000000000000000e+00,2.981500000000000e+02,3.185498344513622e+02,3.000000003872123e+02,1.172535742430937e+03,3.404198993461591e+02,2,0.000000000000000e+00,0.000000000000000e+00
1.931999999993772e-04,1932,3.205056209184478e-01,8.320631008394168e+03,1.000000000000000e+00,8.000000000000000e-01,2.000000000000000e-01,3.200412226485013e-04,-7.512982179781362e-05,1.666666666666667e+00,0.000000000000000e+00,2.981500000000000e+02,3.185468437181316e+02,3.000000003916178e+02,1.172497762278269e+03,3.404415430126154e+02,2,0.000000000000000e+00,0.000000000000000e+00
1.932999999993760e-04,1933,3.065672228401012e-01,7.793139094980747e+03,1.000000000000000e+00,8.000000000000000e-01,2.000000000000000e-01,3.202078893151670e-04,-7.512982179781362e-05,1.666666666666667e+00,0.000000000000000e+00,2.981500000000000e+02,3.185539817678071e+02,3.000000003960590e+02,1.172451119815271e+03,3.404641644400134e+02,2,0.000000000000000e+00,0.000000000000000e+00
1.933999999993749e-04,1934,3.031477659019448e-01,1.049803199256613e+04,1.000000000000000e+00,8.000000000000000e-01,2.000000000000000e-01,3.203745559818327e-04,-7.512982179781362e-05,1.666666666666667e+00,0.000000000000000e+00,2.981500000000000e+02,3.185334087012073e+02,3.000000004005353e+02,1.172481508244869e+03,3.404871285923828e+02,2,0.000000000000000e+00,0.000000000000000e+00
1.934999999993738e-04,1935,2.888090174602866e-01,7.674805497903142e+03,1.000000000000000e+00,8.000000000000000e-01,2.000000000000000e-01,3.205412226484984e-04,-7.512982179781362e-05,1.666666666666667e+00,0.000000000000000e+00,2.981500000000000e+02,3.185359252345587e+02,3.000000004050475e+02,1.172476052060790e+03,3.405095438185883e+02,2,0.000000000000000e+00,0.000000000000000e+00
1.935999999993726e-04,1936,3.033858536562454e-01,7.126126586370598e+03,1.000000000000000e+00,8.000000000000000e-01,2.000000000000000e-01,3.207078893151640e-04,-7.512982179781362e-05,1.666666666666667e+00,0.000000000000000e+00,2.981500000000000e+02,3.184972164742058e+02,3.000000004095951e+02,1.172490109775340e+03,3.405329380927380e+02,2,0.000000000000000e+00,0.000000000000000e+00
1.936999999993715e-04,1937,2.890243073965781e-01,8.389268006844517e+03,1.000000000000000e+00,8.000000000000000e-01,2.000000000000000e-01,3.208745559818297e-04,-7.512982179781362e-05,1.666666666666667e+00,0.000000000000000e+00,2.981500000000000e+02,3.185193043261035e+02,3.000000004141788e+02,1.172446946389251e+03,3.405550804739840e+02,2,0.000000000000000e+00,0.000000000000000e+00
1.937999999993703e-04,1938,3.036055521511443e-01,8.821610825850468e+03,1.000000000000000e+00,8.000000000000000e-01,2.000000000000000e-01,3.210412226484954e-04,-7.512982179781362e-05,1.666666666666667e+00,0.000000000000000e+00,2.981500000000000e+02,3.184599748500457e+02,3.000000004187983e+02,1.172414513441350e+03,3.405773479574006e+02,2,0.000000000000000e+00,0.000000000000000e+00
1.938999999993692e-04,1939,3.212918683958677e-01,9.176336705180036e+03,1.000000000000000e+00,8.000000000000000e-01,2.000000000000000e-01,3.212078893151611e-04,-7.512982179781362e-05,1.666666666666667e+00,0.000000000000000e+00,2.981500000000000e+02,3.184966996393202e+02,3.000000004234542e+02,1.172380531364779e+03,3.405986886811110e+02,2,0.000000000000000e+00,0.000000000000000e+00
1.939999999993681e-04,1940,3.213932613884030e-01,1.149375142350061e+04,1.000000000000000e+00,8.000000000000000e-01,2.000000000000000e-01,3.213745559818267e-04,-7.512982179781362e-05,1.666666666666667e+00,0.000000000000000e+00,2.981500000000000e+02,3.184298915685366e+02,3.000000004281462e+02,1.172334389953371e+03,3.406198749315872e+02,2,0.000000000000000e+00,0.000000000000000e+00
1.940999999993669e-04,1941,3.214956782424088e-01,8.621356643790770e+03,1.000000000000000e+00,8.000000000000000e-01,2.000000000000000e-01,3.215412226484924e-04,-7.512982179781362e-05,1.666666666666667e+00,0.000000000000000e+00,2.981500000000000e+02,3.184533262656608e+02,3.000000004328750e+02,1.172271950208301e+03,3.406410273149166e+02,2,0.000000000000000e+00,0.000000000000000e+00
1.941999999993658e-04,1942,3.216019384103115e-01,1.053436331518299e+04,1.000000000000000e+00,8.000000000000000e-01,2.000000000000000e-01,3.217078893151581e-04,-7.512982179781362e-05,1.666666666666667e+00,0.000000000000000e+00,2.981500000000000e+02,3.183858409868760e+02,3.000000004376402e+02,1.172212526356392e+03,3.406621302951720e+02,2,0.000000000000000e+00,0.000000000000000e+00
1.942999999993647e-04,1943,3.217052039963691e-01,6.892815604992878e+03,1.000000000000000e+00,8.000000000000000e-01,2.000000000000000e-01,3.218745559818238e-04,-7.512982179781362e-05,1.666666666666667e+00,0.000000000000000e+00,2.981500000000000e+02,3.184086320017453e+02,3.000000004424424e+02,1.172139668601656e+03,3.406829501768723e+02,2,0.000000000000000e+00,0.000000000000000e+00
1.943999999993635e-04,1944,3.218185613120927e-01,8.163095624216031e+03,1.000000000000000e+00,8.000000000000000e-01,2.000000000000000e-01,3.220412226484895e-04,-7.512982179781362e-05,1.666666666666667e+00,0.000000000000000e+00,2.981500000000000e+02,3.183449827732117e+02,3.000000004472815e+02,1.172094664620524e+03,3.407044512812082e+02,2,0.000000000000000e+00,0.000000000000000e+00
1.944999999993624e-04,1945,3.219245100236475e-01,7.713460569606180e+03,1.000000000000000e+00,8.000000000000000e-01,2.000000000000000e-01,3.222078893151551e-04,-7.512982179781362e-05,1.666666666666667e+00,0.000000000000000e+00,2.981500000000000e+02,3.183326290032707e+02,3.000000004521578e+02,1.172029970641627e+03,3.407262438256637e+02,2,0.000000000000000e+00,0.000000000000000e+00
1.945999999993613e-04,1946,3.044510547222624e-01,5.370777618909213e+03,1.000000000000000e+00,8.000000000000000e-01,2.000000000000000e-01,3.223745559818208e-04,-7.512982179781362e-05,1.666666666666667e+00,0.000000000000000e+00,2.981500000000000e+02,3.183047054277076e+02,3.000000004570716e+02,1.171966540212822e+03,3.407475464263782e+02,2,0.000000000000000e+00,0.000000000000000e+00
1.946999999993601e-04,1947,3.221566573235898e-01,1.061287345773626e+04,1.000000000000000e+00,8.000000000000000e-01,2.000000000000000e-01,3.225412226484865e-04,-7.512982179781362e-05,1.666666666666667e+00,0.000000000000000e+00,2.981500000000000e+02,3.182626156472408e+02,3.000000004620227e+02,1.171891916952194e+03,3.407694615577538e+02,2,0.000000000000000e+00,0.000000000000000e+00
1.947999999993590e-04,1948,3.222531957394697e-01,6.140536142925836e+03,1.000000000000000e+00,8.000000000000000e-01,2.000000000000000e-01,3.227078893151522e-04,-7.512982179781362e-05,1.666666666666667e+00,0.000000000000000e+00,2.981500000000000e+02,3.182553659209331e+02,3.000000004670119e+02,1.171834656254674e+03,3.407905368247111e+02,2,0.000000000000000e+00,0.000000000000000e+00
1.948999999993578e-04,1949,3.047725393225104e-01,9.619913523345269e+03,1.000000000000000e+00,8.000000000000000e-01,2.000000000000000e-01,3.228745559818178e-04,-7.512982179781362e-05,1.666666666666667e+00,0.000000000000000e+00,2.981500000000000e+02,3.181901245191179e+02,3.000000004720385e+02,1.171759414354111e+03,3.408128622849285e+02,2,0.000000000000000e+00,0.000000000000000e+00
1.949999999993567e-04,1950,2.903053531764970e-01,6.042503643557558e+03,1.000000000000000e+00,8.000000000000000e-01,2.000000000000000e-01,3.230412226484835e-04,-7.512982179781362e-05,1.666666666666667e+00,0.000000000000000e+00,2.981500000000000e+02,3.182030430542222e+02,3.000000004771034e+02,1.171700588999720e+03,3.408352382590662e+02,2,0.000000000000000e+00,0.000000000000000e+00
1.950999999993556e-04,1951,2.904179470597463e-01,9.857563805147409e+03,1.000000000000000e+00,8.000000000000000e-01,2.000000000000000e-01,3.232078893151492e-04,-7.512982179781362e-05,1.666666666666667e+00,0.000000000000000e+00,2.981500000000000e+02,3.181516690031411e+02,3.000000004822062e+02,1.171636922940616e+03,3.408582705328560e+02,2,0.000000000000000e+00,0.000000000000000e+00
1.951999999993544e-04,1952,2.905303279243499e-01,7.616522408182130e+03,1.000000000000000e+00,8.000000000000000e-01,2.000000000000000e-01,3.233745559818149e-04,-7.512982179781362e-05,1.666666666666667e+00,0.000000000000000e+00,2.981500000000000e+02,3.181880589752627e+02,3.000000004873476e+02,1.171597175884991e+03,3.408807265038149e+02,2,0.000000000000000e+00,0.000000000000000e+00
1.952999999993533e-04,1953,3.052078314354624e-01,8.550711115454715e+03,1.000000000000000e+00,8.000000000000000e-01,2.000000000000000e-01,3.235412226484805e-04,-7.512982179781362e-05,1.666666666666667e+00,0.000000000000000e+00,2.981500000000000e+02,3.181871198183193e+02,3.000000004925274e+02,1.171555015998181e+03,3.409035594153739e+02,2,0.000000000000000e+00,0.000000000000000e+00
1.953999999993522e-04,1954,3.053145671814599e-01,1.120911548257684e+04,1.000000000000000e+00,8.000000000000000e-01,2.000000000000000e-01,3.237078893151462e-04,-7.512982179781362e-05,1.666666666666667e+00,0.000000000000000e+00,2.981500000000000e+02,3.182318696529075e+02,3.000000004977459e+02,1.171512876113310e+03,3.409261507831924e+02,2,0.000000000000000e+00,0.000000000000000e+00
1.954999999993510e-04,1955,3.054138873783749e-01,1.072940161852875e+04,1.000000000000000e+00,8.000000000000000e-01,2.000000000000000e-01,3.238745559818119e-04,-7.512982179781362e-05,1.666666666666667e+00,0.000000000000000e+00,2.981500000000000e+02,3.182779244881892e+02,3.000000005030032e+02,1.171446935647780e+03,3.409488486542935e+02,2,0.000000000000000e+00,0.000000000000000e+00
1.955999999993499e-04,1956,3.055424507900526e-01,1.470263941822116e+04,1.000000000000000e+00,8.000000000000000e-01,2.000000000000000e-01,3.240412226484776e-04,-7.512982179781362e-05,1.666666666666667e+00,0.000000000000000e+00,2.981500000000000e+02,3.183391674146426e+02,3.000000005082994e+02,1.171412797067136e+03,3.409720543609236e+02,2,0.000000000000000e+00,0.000000000000000e+00
1.956999999993488e-04,1957,3.056512502459031e-01,1.188127223373839e+04,1.000000000000000e+00,8.000000000000000e-01,2.000000000000000e-01,3.242078893151432e-04,-7.512982179781362e-05,1.666666666666667e+00,0.000000000000000e+00,2.981500000000000e+02,3.184443373396064e+02,3.000000005136350e+02,1.171333510782297e+03,3.409945495636310e+02,2,0.000000000000000e+00,0.000000000000000e+00
1.957999999993476e-04,1958,3.057927202710310e-01,1.648174866320479e+04,1.000000000000000e+00,8.000000000000000e-01,2.000000000000000e-01,3.243745559818089e-04,-7.512982179781362e-05,1.666666666666667e+00,0.000000000000000e+00,2.981500000000000e+02,3.185119512811194e+02,3.000000005190099e+02,1.171274000126433e+03,3.410176924574066e+02,2,0.000000000000000e+00,0.000000000000000e+00
1.958999999993465e-04,1959,3.059010692147229e-01,9.720844275917423e+03,1.000000000000000e+00,8.000000000000000e-01,2.000000000000000e-01,3.245412226484746e-04,-7.512982179781362e-05,1.666666666666667e+00,0.000000000000000e+00,2.981500000000000e+02,3.187472675929934e+02,3.000000005244243e+02,1.171214801840839e+03,3.410405497952836e+02,2,0.000000000000000e+00,0.000000000000000e+00
1.959999999993454e-04,1960,3.060625986102034e-01,1.352568715268072e+04,1.000000000000000e+00,8.000000000000000e-01,2.000000000000000e-01,3.247078893151403e-04,-7.512982179781362e-05,1.666666666666667e+00,0.000000000000000e+00,2.981500000000000e+02,3.188088719279789e+02,3.000000005298782e+02,1.171123997470648e+03,3.410642570503500e+02,2,0.000000000000000e+00,0.000000000000000e+00
1.960999999993442e-04,1961,3.061779041515367e-01,1.349590825853107e+04,1.000000000000000e+00,8.000000000000000e-01,2.000000000000000e-01,3.248745559818060e-04,-7.512982179781362e-05,1.666666666666667e+00,0.000000000000000e+00,2.981500000000000e+02,3.190641177268490e+02,3.000000005353721e+02,1.171017747643938e+03,3.410869142141810e+02,2,0.000000000000000e+00,0.000000000000000e+00
1.961999999993431e-04,1962,3.063385497892922e-01,1.137673838541815e+04,1.000000000000000e+00,8.000000000000000e-01,2.000000000000000e-01,3.250412226484716e-04,-7.512982179781362e-05,1.666666666666667e+00,0.000000000000000e+00,2.981500000000000e+02,3.191551283690486e+02,3.000000005409059e+02,1.170926040923049e+03,3.411101373749520e+02,2,0.000000000000000e+00,0.000000000000000e+00
1.962999999993419e-04,1963,3.064692435268939e-01,1.745125070824685e+04,1.000000000000000e+00,8.000000000000000e-01,2.000000000000000e-01,3.252078893151373e-04,-7.512982179781362e-05,1.666666666666667e+00,0.000000000000000e+00,2.981500000000000e+02,3.193802606308618e+02,3.000000005464801e+02,1.170843027566245e+03,3.411328261131149e+02,2,0.000000000000000e+00,0.000000000000000e+00
1.963999999993408e-04,1964,3.066224356684245e-01,1.297945691806393e+04,1.000000000000000e+00,8.000000000000000e-01,2.000000000000000e-01,3.253745559818030e-04,-7.512982179781362e-05,1.666666666666667e+00,0.000000000000000e+00,2.981500000000000e+02,3.194886288740801e+02,3.000000005520944e+02,1.170773621143353e+03,3.411567329245594e+02,2,0.000000000000000e+00,0.000000000000000e+00
1.964999999993397e-04,1965,2.921616341090092e-01,1.705900280135214e+04,1.000000000000000e+00,8.000000000000000e-01,2.000000000000000e-01,3.255412226484687e-04,-7.512982179781362e-05,1.666666666666667e+00,0.000000000000000e+00,2.981500000000000e+02,3.196542755117329e+02,3.000000005577493e+02,1.170717853976663e+03,3.411807042799007e+02,2,0.000000000000000e+00,0.000000000000000e+00
1.965999999993385e-04,1966,3.009294678860047e-01,1.143629286336537e+04,1.000000000000000e+00,8.000000000000000e-01,2.000000000000000e-01,3.257078893151343e-04,-7.512982179781362e-05,1.666666666666667e+00,0.000000000000000e+00,2.981500000000000e+02,3.197972047459853e+02,3.000000005634449e+02,1.170686376747201e+03,3.412048320363404e+02,2,0.000000000000000e+00,0.000000000000000e+00
1.966999999993374e-04,1967,3.011539214274407e-01,1.960368903634949e+04,1.000000000000000e+00,8.000000000000000e-01,2.000000000000000e-01,3.258745559818000e-04,-7.512982179781362e-05,1.666666666666667e+00,0.000000000000000e+00,2.981500000000000e+02,3.215385955240610e+02,3.000000005691814e+02,1.170634378391401e+03,3.412304985492185e+02,2,0.000000000000000e+00,0.000000000000000e+00
1.967999999993363e-04,1968,3.159978963951471e-01,1.614901650636699e+04,1.000000000000000e+00,8.000000000000000e-01,2.000000000000000e-01,3.260412226484657e-04,-7.512982179781362e-05,1.666666666666667e+00,0.000000000000000e+00,2.981500000000000e+02,3.217071484207139e+02,3.000000005749587e+02,1.170565610490681e+03,3.412569902458964e+02,2,0.000000000000000e+00,0.000000000000000e+00
1.968999999993351e-04,1969,3.162254407932893e-01,1.079166207218082e+04,1.000000000000000e+00,8.000000000000000e-01,2.000000000000000e-01,3.262078893151314e-04,-7.512982179781362e-05,1.666666666666667e+00,0.000000000000000e+00,2.981500000000000e+02,3.215100044167259e+02,3.000000005807773e+02,1.170505078530185e+03,3.412820227160742e+02,2,0.000000000000000e+00,0.000000000000000e+00
1.969999999993340e-04,1970,3.164140651898593e-01,1.314895594159779e+04,1.000000000000000e+00,8.000000000000000e-01,2.000000000000000e-01,3.263745559817970e-04,-7.512982179781362e-05,1.666666666666667e+00,0.000000000000000e+00,2.981500000000000e+02,3.213216799191472e+02,3.000000005866373e+02,1.170488592285810e+03,3.413061744440354e+02,2,0.000000000000000e+00,0.000000000000000e+00
1.970999999993329e-04,1971,3.166114734592168e-01,1.002539198239870e+04,1.000000000000000e+00,8.000000000000000e-01,2.000000000000000e-01,3.265412226484627e-04,-7.512982179781362e-05,1.666666666666667e+00,0.000000000000000e+00,2.981500000000000e+02,3.210271396296837e+02,3.000000005925390e+02,1.170464930809371e+03,3.413296332211459e+02,2,0.000000000000000e+00,0.000000000000000e+00
1.971999999993317e-04,1972,3.081284401986315e-01,9.985509440295198e+03,1.000000000000000e+00,8.000000000000000e-01,2.000000000000000e-01,3.267078893151284e-04,-7.512982179781362e-05,1.666666666666667e+00,0.000000000000000e+00,2.981500000000000e+02,3.208305437633703e+02,3.000000005984825e+02,1.170437312403723e+03,3.413521969302587e+02,2,0.000000000000000e+00,0.000000000000000e+00
1.972999999993306e-04,1973,3.168853110901256e-01,7.992210622282489e+03,1.000000000000000e+00,8.000000000000000e-01,2.000000000000000e-01,3.268745559817941e-04,-7.512982179781362e-05,1.666666666666667e+00,0.000000000000000e+00,2.981500000000000e+02,3.205954427257431e+02,3.000000006044677e+02,1.170419828580990e+03,3.413751409168497e+02,2,0.000000000000000e+00,0.000000000000000e+00
1.973999999993294e-04,1974,3.170134663547368e-01,8.616010682729873e+03,1.000000000000000e+00,8.000000000000000e-01,2.000000000000000e-01,3.270412226484598e-04,-7.512982179781362e-05,1.666666666666667e+00,0.000000000000000e+00,2.981500000000000e+02,3.203983780512741e+02,3.000000006104949e+02,1.170346882262131e+03,3.413973896616110e+02,2,0.000000000000000e+00,0.000000000000000e+00
1.974999999993283e-04,1975,3.171695769893608e-01,7.877588524961780e+03,1.000000000000000e+00,8.000000000000000e-01,2.000000000000000e-01,3.272078893151254e-04,-7.512982179781362e-05,1.666666666666667e+00,0.000000000000000e+00,2.981500000000000e+02,3.201706571563207e+02,3.000000006165640e+02,1.170323757309691e+03,3.414205192060893e+02,2,0.000000000000000e+00,0.000000000000000e+00
1.975999999993272e-04,1976,3.172956605103942e-01,7.601991200865692e+03,1.000000000000000e+00,8.000000000000000e-01,2.000000000000000e-01,3.273745559817911e-04,-7.512982179781362e-05,1.666666666666667e+00,0.000000000000000e+00,2.981500000000000e+02,3.199761625694208e+02,3.000000006226762e+02,1.170316220006394e+03,3.414432545992518e+02,2,0.000000000000000e+00,0.000000000000000e+00
1.976999999993260e-04,1977,3.174418629594403e-01,5.562654767252594e+03,1.000000000000000e+00,8.000000000000000e-01,2.000000000000000e-01,3.275412226484568e-04,-7.512982179781362e-05,1.666666666666667e+00,0.000000000000000e+00,2.981500000000000e+02,3.198064557983680e+02,3.000000006288305e+02,1.170301605312662e+03,3.414653129052203e+02,2,0.000000000000000e+00,0.000000000000000e+00
1.977999999993249e-04,1978,3.175563561149897e-01,9.654514915426871e+03,1.000000000000000e+00,8.000000000000000e-01,2.000000000000000e-01,3.277078893151225e-04,-7.512982179781362e-05,1.666666666666667e+00,0.000000000000000e+00,2.981500000000000e+02,3.196312870948570e+02,3.000000006350278e+02,1.170282501864488e+03,3.414868543541842e+02,2,0.000000000000000e+00,0.000000000000000e+00
1.978999999993238e-04,1979,3.176803737825410e-01,6.457913790053778e+03,1.000000000000000e+00,8.000000000000000e-01,2.000000000000000e-01,3.278745559817881e-04,-7.512982179781362e-05,1.666666666666667e+00,0.000000000000000e+00,2.981500000000000e+02,3.194865090037625e+02,3.000000006412677e+02,1.170268243517633e+03,3.415085891487766e+02,2,0.000000000000000e+00,0.000000000000000e+00
1.979999999993226e-04,1980,3.177897988902433e-01,1.047811452840893e+04,1.000000000000000e+00,8.000000000000000e-01,2.000000000000000e-01,3.280412226484538e-04,-7.512982179781362e-05,1.666666666666667e+00,0.000000000000000e+00,2.981500000000000e+02,3.193323771321126e+02,3.000000006475507e+02,1.170234352177094e+03,3.415293301585548e+02,2,0.000000000000000e+00,0.000000000000000e+00
1.980999999993215e-04,1981,3.178873448004697e-01,6.485520119975587e+03,1.000000000000000e+00,8.000000000000000e-01,2.000000000000000e-01,3.282078893151195e-04,-7.512982179781362e-05,1.666666666666667e+00,0.000000000000000e+00,2.981500000000000e+02,3.191976659225417e+02,3.000000006538769e+02,1.170175947717710e+03,3.415499768063418e+02,2,0.000000000000000e+00,0.000000000000000e+00
1.981999999993204e-04,1982,3.179976304634327e-01,9.678140152514306e+03,1.000000000000000e+00,8.000000000000000e-01,2.000000000000000e-01,3.283745559817852e-04,-7.512982179781362e-05,1.666666666666667e+00,0.000000000000000e+00,2.981500000000000e+02,3.190539887439491e+02,3.000000006602468e+02,1.170079309762870e+03,3.415706745514787e+02,2,0.000000000000000e+00,0.000000000000000e+00
1.982999999993192e-04,1983,3.181032398810804e-01,6.807366296387438e+03,1.000000000000000e+00,8.000000000000000e-01,2.000000000000000e-01,3.285412226484508e-04,-7.512982179781362e-05,1.666666666666667e+00,0.000000000000000e+00,2.981500000000000e+02,3.189353439853384e+02,3.000000006666601e+02,1.170020103963375e+03,3.415911858757443e+02,2,0.000000000000000e+00,0.000000000000000e+00
1.983999999993181e-04,1984,3.182268094095408e-01,9.622530398393195e+03,1.000000000000000e+00,8.000000000000000e-01,2.000000000000000e-01,3.287078893151165e-04,-7.512982179781362e-05,1.666666666666667e+00,0.000000000000000e+00,2.981500000000000e+02,3.188070452626854e+02,3.000000006731174e+02,1.169985693541929e+03,3.416128088437590e+02,2,0.000000000000000e+00,0.000000000000000e+00
1.984999999993170e-04,1985,3.183465206927205e-01,4.761769650979153e+03,1.000000000000000e+00,8.000000000000000e-01,2.000000000000000e-01,3.288745559817822e-04,-7.512982179781362e-05,1.666666666666667e+00,0.000000000000000e+00,2.981500000000000e+02,3.187119221262665e+02,3.000000006796187e+02,1.169959844188188e+03,3.416346300663704e+02,2,0.000000000000000e+00,0.000000000000000e+00
1.985999999993158e-04,1986,3.184515569451518e-01,6.110192948463045e+03,1.000000000000000e+00,8.000000000000000e-01,2.000000000000000e-01,3.290412226484479e-04,-7.512982179781362e-05,1.666666666666667e+00,0.000000000000000e+00,2.981500000000000e+02,3.186136751437706e+02,3.000000006861639e+02,1.169932116587226e+03,3.416559416490254e+02,2,0.000000000000000e+00,0.000000000000000e+00
1.986999999993147e-04,1987,3.185617836835059e-01,6.895356445948223e+03,1.000000000000000e+00,8.000000000000000e-01,2.000000000000000e-01,3.292078893151136e-04,-7.512982179781362e-05,1.666666666666667e+00,0.000000000000000e+00,2.981500000000000e+02,3.185341199784932e+02,3.000000006927535e+02,1.169882335868407e+03,3.416777824760368e+02,2,0.000000000000000e+00,0.000000000000000e+00
1.987999999993135e-04,1988,3.186913036446896e-01,6.100679275929754e+03,1.000000000000000e+00,8.000000000000000e-01,2.000000000000000e-01,3.293745559817792e-04,-7.512982179781362e-05,1.666666666666667e+00,0.000000000000000e+00,2.981500000000000e+02,3.184260264508926e+02,3.000000006993877e+02,1.169820038614546e+03,3.416998795693807e+02,2,0.000000000000000e+00,0.000000000000000e+00
1.988999999993124e-04,1989,3.188133417752580e-01,6.982886577157089e+03,1.000000000000000e+00,8.000000000000000e-01,2.000000000000000e-01,3.295412226484449e-04,-7.512982179781362e-05,1.666666666666667e+00,0.000000000000000e+00,2.981500000000000e+02,3.183468342040230e+02,3.000000007060666e+02,1.169782962387061e+03,3.417218120724715e+02,2,0.000000000000000e+00,0.000000000000000e+00
1.989999999993113e-04,1990,3.189328100702413e-01,8.561253885925822e+03,1.000000000000000e+00,8.000000000000000e-01,2.000000000000000e-01,3.297078893151106e-04,-7.512982179781362e-05,1.666666666666667e+00,0.000000000000000e+00,2.981500000000000e+02,3.182565545367916e+02,3.000000007127900e+02,1.169772778031564e+03,3.417445549831244e+02,2,0.000000000000000e+00,0.000000000000000e+00
1.990999999993101e-04,1991,3.190638766229369e-01,8.383549291410332e+03,1.000000000000000e+00,8.000000000000000e-01,2.000000000000000e-01,3.298745559817763e-04,-7.512982179781362e-05,1.666666666666667e+00,0.000000000000000e+00,2.981500000000000e+02,3.181828267815501e+02,3.000000007195587e+02,1.169744466336244e+03,3.417676703168220e+02,2,0.000000000000000e+00,0.000000000000000e+00
1.991999999993090e-04,1992,3.191978509271985e-01,1.063804521857785e+04,1.000000000000000e+00,8.000000000000000e-01,2.000000000000000e-01,3.300412226484419e-04,-7.512982179781362e-05,1.666666666666667e+00,0.000000000000000e+00,2.981500000000000e+02,3.180968891390472e+02,3.000000007263723e+02,1.169690079475805e+03,3.417905962420597e+02,2,0.000000000000000e+00,0.000000000000000e+00
1.992999999993079e-04,1993,3.193156416160547e-01,8.381625514343446e+03,1.000000000000000e+00,8.000000000000000e-01,2.000000000000000e-01,3.302078893151076e-04,-7.512982179781362e-05,1.666666666666667e+00,0.000000000000000e+00,2.981500000000000e+02,3.180303879619243e+02,3.000000007332312e+02,1.169672470368262e+03,3.418131869634742e+02,2,0.000000000000000e+00,0.000000000000000e+00
1.993999999993067e-04,1994,3.194297937809983e-01,7.769982676237436e+03,1.000000000000000e+00,8.000000000000000e-01,2.000000000000000e-01,3.303745559817733e-04,-7.512982179781362e-05,1.666666666666667e+00,0.000000000000000e+00,2.981500000000000e+02,3.179562460389470e+02,3.000000007401355e+02,1.169645807937937e+03,3.418349978375698e+02,2,0.000000000000000e+00,0.000000000000000e+00
1.994999999993056e-04,1995,3.195379746661282e-01,7.583215482053253e+03,1.000000000000000e+00,8.000000000000000e-01,2.000000000000000e-01,3.305412226484390e-04,-7.512982179781362e-05,1.666666666666667e+00,0.000000000000000e+00,2.981500000000000e+02,3.178815079028653e+02,3.000000007470857e+02,1.169609294048003e+03,3.418572481376373e+02,2,0.000000000000000e+00,0.000000000000000e+00
1.995999999993045e-04,1996,3.196595001483504e-01,6.155798187972149e+03,1.000000000000000e+00,8.000000000000000e-01,2.000000000000000e-01,3.307078893151046e-04,-7.512982179781362e-05,1.666666666666667e+00,0.000000000000000e+00,2.981500000000000e+02,3.178092523316492e+02,3.000000007540815e+02,1.169555619621146e+03,3.418792821749295e+02,2,0.000000000000000e+00,0.000000000000000e+00
1.996999999993033e-04,1997,3.197729912362922e-01,6.485171689270333e+03,1.000000000000000e+00,8.000000000000000e-01,2.000000000000000e-01,3.308745559817703e-04,-7.512982179781362e-05,1.666666666666667e+00,0.000000000000000e+00,2.981500000000000e+02,3.177759417182781e+02,3.000000007611233e+02,1.169505900676695e+03,3.419011254492290e+02,2,0.000000000000000e+00,0.000000000000000e+00
1.997999999993022e-04,1998,3.199042792862699e-01,4.832387103419443e+03,1.000000000000000e+00,8.000000000000000e-01,2.000000000000000e-01,3.310412226484360e-04,-7.512982179781362e-05,1.666666666666667e+00,0.000000000000000e+00,2.981500000000000e+02,3.177347236599831e+02,3.000000007682112e+02,1.169452157164240e+03,3.419228452090052e+02,2,0.000000000000000e+00,0.000000000000000e+00
1.998999999993010e-04,1999,3.199948360127690e-01,5.091857520358627e+03,1.000000000000000e+00,8.000000000000000e-01,2.000000000000000e-01,3.312078893151017e-04,-7.512982179781362e-05,1.666666666666667e+00,0.000000000000000e+00,2.981500000000000e+02,3.177436481030428e+02,3.000000007753453e+02,1.169400001281760e+03,3.419438882345677e+02,2,0.000000000000000e+00,0.000000000000000e+00
