time,step,wp_Tmin,wp_Tmax,wp_Tavg,wp_umax,wp_svm_max,wp_epspl_max,wp_contact_pmax,wp_contact_count
0.000000000000000e+00,0,3.000000000000000e+02,3.000000000000000e+02,3.000000000000000e+02,0.000000000000000e+00,0.000000000000000e+00,0.000000000000000e+00,0.000000000000000e+00,0
9.999999999999989e-08,1,3.000000000000000e+02,3.000081665931718e+02,3.000000021777391e+02,1.618712137542419e-07,2.108757635552692e+08,0.000000000000000e+00,6.959191461298445e+12,1
1.999999999999995e-07,2,3.000000000000000e+02,3.000179521549628e+02,3.000000047885741e+02,3.345072412173215e-07,3.861793230510143e+08,0.000000000000000e+00,1.204727714070409e+13,1
3.000000000000007e-07,3,3.000000000000000e+02,3.000277896677484e+02,3.000000074148514e+02,5.064294162600230e-07,5.519494290666546e+08,0.000000000000000e+00,1.681458269253463e+13,1
4.000000000000029e-07,4,3.000000000000000e+02,3.000352031468207e+02,3.000000093962435e+02,6.699073261858632e-07,7.202961698643014e+08,0.000000000000000e+00,2.165342320864504e+13,1
5.000000000000039e-07,5,3.000000000000000e+02,3.000463938196160e+02,3.000000123858625e+02,8.319932303563299e-07,8.990007405683669e+08,1.107513106110922e-05,2.689506799611451e+13,1
6.000000000000008e-07,6,3.000000000000000e+02,3.004058545453929e+02,3.000001082415894e+02,1.000868808007998e-06,1.011002098112507e+09,1.022060681379283e-03,3.156136188870442e+13,1
6.999999999999977e-07,7,3.000000000000000e+02,3.013425992487229e+02,3.000003581069654e+02,1.180166982797151e-06,1.048390204997897e+09,3.574612253591087e-03,3.488431782480880e+13,1
7.999999999999947e-07,8,3.000000000000000e+02,3.024498298827313e+02,3.000006535878730e+02,1.360471145838356e-06,1.070770678876557e+09,6.523751261936033e-03,3.771038033417726e+13,1
8.999999999999916e-07,9,3.000000000000000e+02,3.035584521363992e+02,3.000009496180670e+02,1.540755503846964e-06,1.083736487345178e+09,9.434424978261182e-03,3.982903437935759e+13,1
9.999999999999934e-07,10,3.000000000000000e+02,3.045968408170412e+02,3.000012271207824e+02,1.722649769568921e-06,1.095346279592049e+09,1.213046451880201e-02,4.183834552905548e+13,1
1.100000000000001e-06,11,3.000000000000000e+02,3.056607603946623e+02,3.000015125065958e+02,1.908956420216625e-06,1.107214438737312e+09,1.486190029590213e-02,4.384412121878672e+13,1
1.200000000000008e-06,12,3.000000000000000e+02,3.068090894466403e+02,3.000018376589384e+02,2.093983114813831e-06,1.120628488957148e+09,1.778491229649055e-02,4.596444144948712e+13,1
1.300000000000016e-06,13,3.000000000000000e+02,3.081392391243636e+02,3.000022680403412e+02,2.285135308093699e-06,1.135814619107005e+09,2.112828923670154e-02,4.813347354449725e+13,1
1.400000000000023e-06,14,3.000000000000000e+02,3.093265122724629e+02,3.000027978185477e+02,2.489892870961306e-06,1.132996695264307e+09,2.408565762289485e-02,4.772566652913333e+13,2
1.500000000000031e-06,15,3.000000000000000e+02,3.102101052167993e+02,3.000033098943842e+02,2.696072988839632e-06,1.133098633539922e+09,2.628291322829343e-02,4.712499377986353e+13,2
1.600000000000038e-06,16,3.000000000000000e+02,3.109700664185178e+02,3.000037733263296e+02,2.900625815837318e-06,1.136141433206357e+09,2.817046755464227e-02,4.672649485708490e+13,2
1.700000000000046e-06,17,3.000000000000000e+02,3.117443232514782e+02,3.000042607657486e+02,3.101760098080140e-06,1.142232925720527e+09,3.009033495548345e-02,4.643252886850078e+13,2
1.800000000000053e-06,18,3.000000000000000e+02,3.126235548024242e+02,3.000048308655666e+02,3.304838629980698e-06,1.154427450430579e+09,3.225529494309080e-02,4.652451631903786e+13,2
1.900000000000061e-06,19,3.000000000000000e+02,3.136769725933968e+02,3.000055185174501e+02,3.521927970566180e-06,1.162091193034626e+09,3.481342728615829e-02,4.624121735381603e+13,2
2.000000000000069e-06,20,3.000000000000000e+02,3.148023545145049e+02,3.000062616050930e+02,3.744729678940934e-06,1.169948430581347e+09,3.752179304602173e-02,4.695570263999659e+13,2
2.100000000000076e-06,21,3.000000000000000e+02,3.160469110274420e+02,3.000070906655503e+02,3.968506904684199e-06,1.178939212601178e+09,4.049498658333769e-02,5.386613282613277e+13,2
2.200000000000084e-06,22,3.000000000000000e+02,3.172556753506445e+02,3.000079145190738e+02,4.187473211499307e-06,1.179559382930210e+09,4.337833544769393e-02,5.945996900731255e+13,2
2.300000000000091e-06,23,3.000000000000000e+02,3.182664306108577e+02,3.000086763094781e+02,4.395132542557215e-06,1.180679589531924e+09,4.579744532005542e-02,6.396061977128227e+13,2
2.400000000000099e-06,24,3.000000000000000e+02,3.192497916132506e+02,3.000095132666077e+02,4.608304914979765e-06,1.185809074871128e+09,4.813393281950121e-02,6.854021471612089e+13,2
2.500000000000106e-06,25,3.000000000000000e+02,3.203229173223175e+02,3.000104982207490e+02,4.822724516232544e-06,1.194091497845229e+09,5.066896416987775e-02,7.349119464864136e+13,2
2.600000000000114e-06,26,3.000000000000000e+02,3.215454528152520e+02,3.000116747356695e+02,5.036539681433324e-06,1.198273937450417e+09,5.354093287304128e-02,7.809211579726638e+13,3
2.700000000000121e-06,27,3.000000000000000e+02,3.223841731479037e+02,3.000125606609628e+02,5.236602252907982e-06,1.185567709780086e+09,5.552809275270243e-02,8.021844989311333e+13,3
2.800000000000129e-06,28,3.000000000000000e+02,3.229416255889720e+02,3.000132055475779e+02,5.429089600450282e-06,1.176928314772244e+09,5.685875318759897e-02,8.149570881778278e+13,3
2.900000000000136e-06,29,3.000000000000000e+02,3.233518893374960e+02,3.000137217759190e+02,5.609014987228827e-06,1.172749388585952e+09,5.785026662670618e-02,8.251437721887044e+13,3
3.000000000000144e-06,30,3.000000000000000e+02,3.237344925967266e+02,3.000143122226046e+02,5.783878920686937e-06,1.175407487378462e+09,5.877815899647009e-02,8.410960503377645e+13,3
3.100000000000151e-06,31,3.000000000000000e+02,3.242069163644384e+02,3.000151934488351e+02,5.966294076168560e-06,1.185910045047088e+09,5.990962269918383e-02,8.625386667923312e+13,3
3.200000000000159e-06,32,3.000000000000000e+02,3.247889708707049e+02,3.000163932458310e+02,6.168371814203194e-06,1.190867471778419e+09,6.127705025081132e-02,8.806196985462869e+13,3
3.300000000000166e-06,33,3.000000000000000e+02,3.253867590379421e+02,3.000178473946455e+02,6.381364996109869e-06,1.192038773260581e+09,6.266906337844000e-02,8.904389949701838e+13,3
3.400000000000174e-06,34,3.000000000000000e+02,3.259585403220026e+02,3.000195626446667e+02,6.594759932706670e-06,1.196308476528579e+09,6.400069625530057e-02,8.922214564410219e+13,3
3.500000000000181e-06,35,3.000000000000000e+02,3.264579890171775e+02,3.000212687687942e+02,6.805927028374160e-06,1.198757457408153e+09,6.516721042034404e-02,8.857725412937347e+13,3
3.600000000000189e-06,36,3.000000000000000e+02,3.268775129040980e+02,3.000228797360056e+02,7.015501481793319e-06,1.203154985791815e+09,6.614710097057951e-02,8.813671306819342e+13,3
3.700000000000196e-06,37,3.000000000000000e+02,3.273047272240070e+02,3.000246461426032e+02,7.237036984086080e-06,1.211669874115439e+09,6.712889850041640e-02,8.802222330254339e+13,3
3.800000000000204e-06,38,3.000000000000000e+02,3.277858620050047e+02,3.000267769683820e+02,7.469039131969723e-06,1.223196838968794e+09,6.822489914981412e-02,8.794907404550645e+13,3
3.900000000000175e-06,39,3.000000000000000e+02,3.283353309485069e+02,3.000293705155126e+02,7.709008539166107e-06,1.233148681649198e+09,6.947055677902224e-02,8.741784232484062e+13,4
4.000000000000140e-06,40,3.000000000000000e+02,3.287994905779524e+02,3.000315754826827e+02,7.945920269831413e-06,1.223618370006918e+09,7.052263117051845e-02,8.511788094343550e+13,4
4.100000000000106e-06,41,3.000000000000000e+02,3.290645537343037e+02,3.000330000160192e+02,8.164328365078806e-06,1.213700501873195e+09,7.112935928139899e-02,8.501237264138895e+13,4
4.200000000000071e-06,42,3.000000000000000e+02,3.295231269020563e+02,3.000341617807801e+02,8.370122897849808e-06,1.212392245242009e+09,7.283127270614914e-02,8.651495354007880e+13,4
4.300000000000036e-06,43,3.000000000000000e+02,3.302564562026513e+02,3.000354251656020e+02,8.563497768222873e-06,1.217579150234506e+09,7.455781637828292e-02,8.865144767320192e+13,4
4.400000000000001e-06,44,3.000000000000000e+02,3.311160324269169e+02,3.000370765922110e+02,8.763409447911833e-06,1.224368402186369e+09,7.656503893483749e-02,9.095425618233636e+13,4
4.499999999999966e-06,45,3.000000000000000e+02,3.319781304031730e+02,3.000391004072247e+02,8.976970719943265e-06,1.223925053261883e+09,7.855751701665552e-02,9.223827168748422e+13,4
4.599999999999931e-06,46,3.000000000000000e+02,3.327894003934609e+02,3.000414248428115e+02,9.191980282776684e-06,1.225265860573027e+09,8.042664580903509e-02,9.282680346395914e+13,4
4.699999999999897e-06,47,3.000000000000000e+02,3.335796585566869e+02,3.000439388031969e+02,9.399677032548958e-06,1.225928074289781e+09,8.225344734293343e-02,9.317584326391986e+13,4
4.799999999999862e-06,48,3.000000000000000e+02,3.342817108893446e+02,3.000463754813038e+02,9.600205760766518e-06,1.222921960598643e+09,8.388307824897827e-02,9.299502353619212e+13,4
4.899999999999827e-06,49,3.000000000000000e+02,3.348987517313521e+02,3.000486976717812e+02,9.796180757420290e-06,1.222075703489942e+09,8.531963279548836e-02,9.288402413685177e+13,4
4.999999999999792e-06,50,3.000000000000000e+02,3.355115123032502e+02,3.000511887832449e+02,1.000183575905140e-05,1.224678035232797e+09,8.673268056808403e-02,9.307437024528525e+13,4
5.099999999999757e-06,51,3.000000000000000e+02,3.361618266915230e+02,3.000540306105838e+02,1.020850897061083e-05,1.228845872276582e+09,8.822830567217411e-02,9.311541291603702e+13,4
5.199999999999722e-06,52,3.000000000000000e+02,3.368330155777522e+02,3.000572319905308e+02,1.041418162895951e-05,1.228651839289855e+09,8.977420921814544e-02,9.269302531031658e+13,5
5.299999999999688e-06,53,3.000000000000000e+02,3.373734865734981e+02,3.000599489864598e+02,1.061827592110043e-05,1.218112786323204e+09,9.102758943835428e-02,9.126995323524062e+13,5
5.399999999999653e-06,54,3.000000000000000e+02,3.377344857436428e+02,3.000619836045201e+02,1.081523190864824e-05,1.208516712533915e+09,9.187659231139993e-02,9.028565478544894e+13,5
5.499999999999618e-06,55,3.000000000000000e+02,3.380301909286489e+02,3.000638228077801e+02,1.100646459571046e-05,1.208374102815644e+09,9.258114441511520e-02,9.003940594723600e+13,5
5.599999999999583e-06,56,3.000000000000000e+02,3.383507973921414e+02,3.000659366042258e+02,1.119583009167575e-05,1.213943495382052e+09,9.334566045543945e-02,9.028696188409925e+13,5
5.699999999999548e-06,57,3.000000000000000e+02,3.387363232089527e+02,3.000685160865182e+02,1.139225175562323e-05,1.219596293473263e+09,9.425532985634384e-02,9.057536760335234e+13,5
5.799999999999513e-06,58,3.000000000000000e+02,3.391380821253959e+02,3.000713436150750e+02,1.160626842311251e-05,1.219069336258486e+09,9.518516438963219e-02,9.117556666735298e+13,5
5.899999999999478e-06,59,3.000000000000000e+02,3.395412693223323e+02,3.000744861411903e+02,1.182747678896014e-05,1.221440403206853e+09,9.610889952509356e-02,9.166603955563592e+13,5
5.999999999999444e-06,60,3.000000000000000e+02,3.399809178287046e+02,3.000781418497520e+02,1.204577130461748e-05,1.225381998257665e+09,9.711693975110341e-02,9.200470533239467e+13,5
6.099999999999409e-06,61,3.000000000000000e+02,3.404252091041195e+02,3.000820342721552e+02,1.226571930948587e-05,1.224444529015526e+09,9.813327129626767e-02,9.177302207545219e+13,5
6.199999999999374e-06,62,3.000000000000000e+02,3.408444903668873e+02,3.000858624766559e+02,1.248567698741457e-05,1.224270393757774e+09,9.908870503394400e-02,9.143436766249866e+13,5
6.299999999999339e-06,63,3.000000000000000e+02,3.412718088330011e+02,3.000899300220863e+02,1.271322863739359e-05,1.226787117604983e+09,1.000511817965309e-01,9.198821395187923e+13,5
6.399999999999304e-06,64,3.000000000000000e+02,3.417235132154164e+02,3.000943925888147e+02,1.293800121280586e-05,1.229575814461558e+09,1.010700052515737e-01,9.230016463181169e+13,6
6.499999999999269e-06,65,3.000000000000000e+02,3.421527384408786e+02,3.000982755852739e+02,1.314464831983993e-05,1.223853535352504e+09,1.020576656532072e-01,9.149363997326211e+13,6
6.599999999999235e-06,66,3.000000000000000e+02,3.424721094318164e+02,3.001012207108783e+02,1.334164719758355e-05,1.215894661285441e+09,1.028024155567709e-01,9.093775575317795e+13,6
6.699999999999200e-06,67,3.000000000000000e+02,3.427393846983126e+02,3.001037702370822e+02,1.353416449766421e-05,1.214448875782189e+09,1.034315100989246e-01,9.067058711003359e+13,6
6.799999999999165e-06,68,3.000000000000000e+02,3.429992664083397e+02,3.001063489158352e+02,1.371751957797777e-05,1.216309074467845e+09,1.040491459829150e-01,9.088663957027519e+13,6
6.899999999999130e-06,69,3.000000000000000e+02,3.432967754277510e+02,3.001094783833296e+02,1.390061662676078e-05,1.222027820771870e+09,1.047525058102548e-01,9.142724733215694e+13,6
6.999999999999095e-06,70,3.000000000000000e+02,3.436289896705364e+02,3.001132151783842e+02,1.409327760672086e-05,1.223883659019100e+09,1.055242207597738e-01,9.155688957510317e+13,6
7.099999999999060e-06,71,3.000000000000000e+02,3.439597109012233e+02,3.001170363579249e+02,1.428996470985009e-05,1.223617171553614e+09,1.062859368638359e-01,9.129228192707706e+13,6
7.199999999999026e-06,72,3.000000000000000e+02,3.442916894817286e+02,3.001210274228200e+02,1.448488936142865e-05,1.225932432110467e+09,1.070550586965913e-01,9.129083962431798e+13,6
7.299999999998991e-06,73,3.000000000000000e+02,3.446328914734975e+02,3.001253120353122e+02,1.468073989396039e-05,1.226403676069320e+09,1.078454022246378e-01,9.117850419912742e+13,6
7.399999999998956e-06,74,3.000000000000000e+02,3.449694777580542e+02,3.001296490689589e+02,1.488148217965827e-05,1.226517664365980e+09,1.086214926887844e-01,9.099423164696125e+13,6
7.499999999998921e-06,75,3.000000000000000e+02,3.453073250391276e+02,3.001341107915181e+02,1.508846039373650e-05,1.227516085915370e+09,1.093951158713101e-01,9.086528910734603e+13,6
7.599999999998886e-06,76,3.000000000000000e+02,3.456565113623794e+02,3.001388681336328e+02,1.529903933192402e-05,1.230025844291552e+09,1.101916564775278e-01,9.096236350221345e+13,6
7.699999999998912e-06,77,3.000000000000000e+02,3.460275481142475e+02,3.001438597341603e+02,1.551251480884021e-05,1.231592206376338e+09,1.110396662086116e-01,9.055373954019438e+13,7
7.799999999998961e-06,78,3.000000000000000e+02,3.463732776144339e+02,3.001480914438329e+02,1.571920075246805e-05,1.228166854027810e+09,1.118399612986549e-01,8.999978961375231e+13,7
7.899999999999011e-06,79,3.000000000000000e+02,3.466719694531396e+02,3.001517280047877e+02,1.592731404549727e-05,1.224807872407564e+09,1.125328464512943e-01,8.951354003636262e+13,7
7.999999999999061e-06,80,3.000000000000000e+02,3.469561628621536e+02,3.001552910806980e+02,1.613253100143381e-05,1.226618368341490e+09,1.131949556162301e-01,8.957837302913047e+13,7
8.099999999999111e-06,81,3.000000000000000e+02,3.472705476092939e+02,3.001595162431089e+02,1.633698794795882e-05,1.231181202715282e+09,1.139280620211294e-01,8.998443047463250e+13,7
8.199999999999161e-06,82,3.000000000000000e+02,3.476152521267157e+02,3.001645949358469e+02,1.655061022530114e-05,1.233334549429099e+09,1.147198750368212e-01,9.023907156510069e+13,7
8.299999999999211e-06,83,3.000000000000000e+02,3.479690943065231e+02,3.001700652174753e+02,1.677491713697056e-05,1.232839514228763e+09,1.155193818284275e-01,9.020189883432172e+13,7
8.399999999999261e-06,84,3.000000000000000e+02,3.483131406589988e+02,3.001757165885705e+02,1.699546963889022e-05,1.233911343668314e+09,1.162974753686183e-01,9.026429619180086e+13,7
8.499999999999310e-06,85,3.000000000000000e+02,3.486612130821300e+02,3.001816393506434e+02,1.720763581925486e-05,1.234556507964072e+09,1.170914785597703e-01,9.056120907654478e+13,7
8.599999999999360e-06,86,3.000000000000000e+02,3.489945377371389e+02,3.001874299504033e+02,1.741480409640663e-05,1.233951852992391e+09,1.178560342367073e-01,9.045777007867845e+13,7
8.699999999999410e-06,87,3.000000000000000e+02,3.493275608920257e+02,3.001931922413544e+02,1.762409772860061e-05,1.234137197617115e+09,1.186157826400314e-01,9.052203378031383e+13,7
8.799999999999460e-06,88,3.000000000000000e+02,3.496525985786743e+02,3.001989786170180e+02,1.783151926550843e-05,1.235019604280929e+09,1.193570037446480e-01,9.038348621775106e+13,8
8.899999999999510e-06,89,3.000000000000000e+02,3.499735433277363e+02,3.002042869511736e+02,1.802516050596113e-05,1.234111371026995e+09,1.201025952278444e-01,8.999318825069852e+13,8
8.999999999999560e-06,90,3.000000000000000e+02,3.502668781312488e+02,3.002091353330894e+02,1.821122889602452e-05,1.231640377627854e+09,1.207892763501290e-01,8.972619373445436e+13,8
9.099999999999610e-06,91,3.000000000000000e+02,3.505311741420813e+02,3.002135051539851e+02,1.839217630856573e-05,1.229185504634986e+09,1.214146849488588e-01,8.960452593659008e+13,8
9.199999999999659e-06,92,3.000000000000000e+02,3.507856247287742e+02,3.002179335782783e+02,1.857286852779268e-05,1.230281131000812e+09,1.220194721670429e-01,8.976871490073108e+13,8
9.299999999999709e-06,93,3.000000000000000e+02,3.510594220289406e+02,3.002229690139462e+02,1.875731847873127e-05,1.234215529305359e+09,1.226658768675966e-01,9.024234934615294e+13,8
9.399999999999759e-06,94,3.000000000000000e+02,3.513584394729038e+02,3.002288159957029e+02,1.894776064097815e-05,1.235557930525677e+09,1.233653062598659e-01,9.046171053745070e+13,8
9.499999999999809e-06,95,3.000000000000000e+02,3.516498707496670e+02,3.002348432294835e+02,1.914250434615832e-05,1.234703167455301e+09,1.240437565719293e-01,9.048566642534842e+13,8
9.599999999999859e-06,96,3.000000000000000e+02,3.519346520517296e+02,3.002410158375494e+02,1.934051698054704e-05,1.234887280274536e+09,1.247070727290781e-01,9.077785941549933e+13,8
9.699999999999909e-06,97,3.000000000000000e+02,3.522145228297854e+02,3.002475605675895e+02,1.954058244543184e-05,1.234647766348400e+09,1.253601475220855e-01,9.128294520679297e+13,8
9.799999999999959e-06,98,3.000000000000000e+02,3.524948114535547e+02,3.002544628286269e+02,1.974434099220424e-05,1.230972329485944e+09,1.260135790117804e-01,9.188383099033409e+13,8
9.900000000000009e-06,99,3.000000000000000e+02,3.526860667289436e+02,3.002615724030841e+02,1.994750869419195e-05,1.226794666793927e+09,1.264736686577717e-01,9.234971090755989e+13,8
1.000000000000006e-05,100,3.000000000000000e+02,3.529198484825320e+02,3.002689964082455e+02,2.015776428859035e-05,1.232655719126111e+09,1.270188395075411e-01,9.272744238203069e+13,9
1.010000000000011e-05,101,3.000000000000000e+02,3.531826504819737e+02,3.002762263348196e+02,2.036773284218393e-05,1.234751770537723e+09,1.276321497854836e-01,9.235984628663211e+13,9
1.020000000000016e-05,102,3.000000000000000e+02,3.534383363987216e+02,3.002828496242664e+02,2.057251582111263e-05,1.233825365072404e+09,1.282342932673022e-01,9.198875961242983e+13,9
1.030000000000021e-05,103,3.000000000000000e+02,3.536818727486163e+02,3.002891393394632e+02,2.077322550931632e-05,1.232796861808440e+09,1.288116948104335e-01,9.171712258313316e+13,9
1.040000000000026e-05,104,3.000000000000000e+02,3.539259312254140e+02,3.002955948644475e+02,2.096878212188985e-05,1.235502748456917e+09,1.293920305295672e-01,9.188801862280414e+13,9
1.050000000000031e-05,105,3.000000000000000e+02,3.541896900853441e+02,3.003026165053641e+02,2.116430362822689e-05,1.238169406498497e+09,1.300180347635241e-01,9.213611548506342e+13,9
1.060000000000036e-05,106,3.000000000000000e+02,3.544633540152690e+02,3.003101632733589e+02,2.136453521505139e-05,1.238415726589927e+09,1.306602273311365e-01,9.219988849696339e+13,9
1.070000000000041e-05,107,3.000000000000000e+02,3.547330846056882e+02,3.003179028364767e+02,2.156691801592109e-05,1.237803520078679e+09,1.312906226211275e-01,9.212182757125016e+13,9
1.080000000000046e-05,108,3.000000000000000e+02,3.549901607918842e+02,3.003257527248772e+02,2.176418737419407e-05,1.236436180559295e+09,1.318944228303142e-01,9.189905857375956e+13,9
1.090000000000051e-05,109,3.000000000000000e+02,3.552364470669517e+02,3.003335650414990e+02,2.195484692246961e-05,1.238529181973608e+09,1.324776558779013e-01,9.165961236549236e+13,9
1.100000000000056e-05,110,3.000000000000000e+02,3.555007012020781e+02,3.003412589190663e+02,2.213747973776842e-05,1.238683094154943e+09,1.331048206637468e-01,9.150677815909436e+13,9
1.110000000000061e-05,111,3.000000000000000e+02,3.557529869927553e+02,3.003491992161848e+02,2.232554015897292e-05,1.237256557861031e+09,1.337012830443496e-01,9.152520810814052e+13,9
1.120000000000066e-05,112,3.000000000000000e+02,3.559907383333058e+02,3.003574131884982e+02,2.251586111035617e-05,1.236203063908895e+09,1.342633538673133e-01,9.166065313302536e+13,10
1.130000000000071e-05,113,3.000000000000000e+02,3.562273157334869e+02,3.003652882585980e+02,2.270321758393973e-05,1.236870672128042e+09,1.348272993550526e-01,9.166223928589822e+13,10
1.140000000000076e-05,114,3.000000000000000e+02,3.564504118844884e+02,3.003725743159644e+02,2.288531427031907e-05,1.234282150129293e+09,1.353653228387400e-01,9.154274097785634e+13,10
1.150000000000081e-05,115,3.000000000000000e+02,3.566534696718503e+02,3.003795225524407e+02,2.306521530715525e-05,1.232760438070789e+09,1.358610799255224e-01,9.152413905732958e+13,10
1.160000000000086e-05,116,3.000000000000000e+02,3.568563616091157e+02,3.003867458311916e+02,2.324752132894924e-05,1.235194269834928e+09,1.363563909413436e-01,9.191790294689430e+13,10
1.170000000000091e-05,117,3.000000000000000e+02,3.570760860922554e+02,3.003945490430939e+02,2.343401789022988e-05,1.237899306232339e+09,1.368885263698135e-01,9.231989757730361e+13,10
1.180000000000096e-05,118,3.000000000000000e+02,3.573076367224613e+02,3.004027882417595e+02,2.362491724248770e-05,1.238220088831904e+09,1.374443982578174e-01,9.249307169095105e+13,10
1.190000000000101e-05,119,3.000000000000000e+02,3.575321931669674e+02,3.004112207083173e+02,2.382042638958456e-05,1.237390400995850e+09,1.379817391963481e-01,9.260884946843477e+13,10
1.200000000000106e-05,120,3.000000000000000e+02,3.577581178868948e+02,3.004200827246793e+02,2.401910628485827e-05,1.238682707906363e+09,1.385210127220733e-01,9.287208855098109e+13,10
1.210000000000111e-05,121,3.000000000000000e+02,3.579859375538210e+02,3.004293818354129e+02,2.422130563492460e-05,1.238566164951297e+09,1.390630568720139e-01,9.304028868186602e+13,10
1.220000000000116e-05,122,3.000000000000000e+02,3.582097541825176e+02,3.004389980851690e+02,2.442574049327384e-05,1.238423230857414e+09,1.395936241641571e-01,9.314285712580556e+13,10
1.230000000000121e-05,123,3.000000000000000e+02,3.584320532808557e+02,3.004488768931979e+02,2.463153461125867e-05,1.238384005872461e+09,1.401181705358781e-01,9.323606166068662e+13,10
1.240000000000126e-05,124,3.000000000000000e+02,3.586574755390094e+02,3.004589888701982e+02,2.483570669475198e-05,1.239776699575216e+09,1.406509635658794e-01,9.346582694267228e+13,10
1.250000000000131e-05,125,3.000000000000000e+02,3.588820651866027e+02,3.004693152196242e+02,2.503903587069712e-05,1.238821890031355e+09,1.411830313294040e-01,9.348279729434953e+13,10
1.260000000000135e-05,126,3.000000000000000e+02,3.590945818620305e+02,3.004795282312801e+02,2.524354839697719e-05,1.237524161658079e+09,1.416865272566541e-01,9.357009500189917e+13,10
1.270000000000140e-05,127,3.000000000000000e+02,3.593002398250377e+02,3.004899190815360e+02,2.545025585102945e-05,1.236672382902771e+09,1.421739606956650e-01,9.358910433948027e+13,10
1.280000000000145e-05,128,3.000000000000000e+02,3.595001847581359e+02,3.005004753188171e+02,2.565349050337402e-05,1.236827980097965e+09,1.426495803087518e-01,9.369535812441641e+13,10
1.290000000000150e-05,129,3.000000000000000e+02,3.597019155962292e+02,3.005112958492679e+02,2.585488097458120e-05,1.237840492607404e+09,1.431308784639952e-01,9.385381907235234e+13,10
1.300000000000155e-05,130,3.000000000000000e+02,3.599000244971560e+02,3.005220845968401e+02,2.605663381648559e-05,1.236611152439569e+09,1.436034589748254e-01,9.390660362823283e+13,10
1.310000000000160e-05,131,3.000000000000000e+02,3.600912482679633e+02,3.005328485870706e+02,2.626025672186528e-05,1.235503851352414e+09,1.440589629267427e-01,9.394303615620330e+13,10
1.320000000000165e-05,132,3.000000000000000e+02,3.602731085333534e+02,3.005437593205887e+02,2.646277970205310e-05,1.234609917378551e+09,1.444941769276310e-01,9.463045215742280e+13,10
1.330000000000170e-05,133,3.000000000000000e+02,3.604515295649286e+02,3.005548207089319e+02,2.666496906549396e-05,1.234688371779918e+09,1.449228955320321e-01,9.535168336568116e+13,10
1.340000000000175e-05,134,3.000000000000000e+02,3.606268910806904e+02,3.005659046835763e+02,2.686802194081284e-05,1.234269278781726e+09,1.453438946038042e-01,9.717480821161094e+13,11
1.350000000000180e-05,135,3.000000000000000e+02,3.608018931587069e+02,3.005767835019206e+02,2.707086129752248e-05,1.235362919110946e+09,1.457656594228417e-01,9.781677153600589e+13,11
1.360000000000185e-05,136,3.000000000000000e+02,3.609749982308741e+02,3.005872846822347e+02,2.726601920771390e-05,1.234941022051742e+09,1.461897622575745e-01,9.861709840484998e+13,11
1.370000000000190e-05,137,3.000000000000000e+02,3.611443700848809e+02,3.005975851525802e+02,2.745768136741993e-05,1.234558043768474e+09,1.466084247575996e-01,9.919024613177823e+13,11
1.380000000000195e-05,138,3.000000000000000e+02,3.613058211756683e+02,3.006078957638367e+02,2.764619734802525e-05,1.233807881333144e+09,1.470103543909545e-01,9.959096788462523e+13,11
1.390000000000200e-05,139,3.000000000000000e+02,3.614663325567847e+02,3.006184188335009e+02,2.783701877771625e-05,1.234609741367820e+09,1.474095112476805e-01,1.001288466342950e+14,11
1.400000000000205e-05,140,3.000000000000000e+02,3.616299279127789e+02,3.006294647766859e+02,2.802998136717577e-05,1.235203120434756e+09,1.478140448305995e-01,1.004668543365438e+14,11
1.410000000000210e-05,141,3.000000000000000e+02,3.617951220534441e+02,3.006407600828840e+02,2.822436785841745e-05,1.235202690353956e+09,1.482208809523902e-01,1.007034726976698e+14,11
1.420000000000215e-05,142,3.000000000000000e+02,3.619565792920810e+02,3.006521545896439e+02,2.841728396694792e-05,1.233878793622898e+09,1.486200088927659e-01,1.007000613828799e+14,11
1.430000000000220e-05,143,3.000000000000000e+02,3.621073011732821e+02,3.006633629644455e+02,2.860695319401976e-05,1.232254431714542e+09,1.489965781495334e-01,1.005284533558342e+14,11
1.440000000000225e-05,144,3.000000000000000e+02,3.622523929491154e+02,3.006745404865390e+02,2.879421652185842e-05,1.232745358907481e+09,1.493613041977210e-01,1.005300290388535e+14,11
1.450000000000230e-05,145,3.000000000000000e+02,3.623988535148172e+02,3.006859294776159e+02,2.898143926774957e-05,1.232609646312424e+09,1.497292619510365e-01,1.004754106379789e+14,11
1.460000000000235e-05,146,3.000000000000000e+02,3.625443767844164e+02,3.006974942531039e+02,2.916927374575265e-05,1.233440168117768e+09,1.500949653802695e-01,1.004667322970431e+14,11
1.470000000000240e-05,147,3.000000000000000e+02,3.626903232495958e+02,3.007092582352008e+02,2.936008194804725e-05,1.232494223111877e+09,1.504605204003272e-01,1.002326691214999e+14,11
1.480000000000245e-05,148,3.000000000000000e+02,3.628303374856263e+02,3.007209946852158e+02,2.955132971693682e-05,1.231730679012441e+09,1.508134296097333e-01,1.000736808212978e+14,11
1.490000000000250e-05,149,3.000000000000000e+02,3.629662060637362e+02,3.007329053941117e+02,2.974360675409426e-05,1.230876060039441e+09,1.511575910675303e-01,9.981126977168595e+13,11
1.500000000000255e-05,150,3.000000000000000e+02,3.630987908922330e+02,3.007450201641454e+02,2.993767053926792e-05,1.230874346569317e+09,1.514927215515570e-01,9.954314900736312e+13,11
1.510000000000260e-05,151,3.000000000000000e+02,3.632352945928292e+02,3.007574049331331e+02,3.013253607191593e-05,1.232596611504786e+09,1.518364431355641e-01,9.927002740886111e+13,11
1.520000000000265e-05,152,3.000000000000000e+02,3.633765741248075e+02,3.007699904904713e+02,3.032831574162148e-05,1.233138861308719e+09,1.521907326433286e-01,9.902697099123673e+13,11
1.530000000000263e-05,153,3.000000000000000e+02,3.635169062440257e+02,3.007826940798446e+02,3.052649006351624e-05,1.233025101884989e+09,1.525422146268517e-01,9.869155342981130e+13,11
1.540000000000251e-05,154,3.000000000000000e+02,3.636582560889781e+02,3.007955886837481e+02,3.072928142597546e-05,1.233268589727716e+09,1.528941034120365e-01,9.846243938013998e+13,11
1.550000000000239e-05,155,3.000000000000000e+02,3.637978481816742e+02,3.008086991236855e+02,3.093353478042590e-05,1.232951261099544e+09,1.532413784048710e-01,9.814947688827736e+13,11
1.560000000000227e-05,156,3.000000000000000e+02,3.639368286751721e+02,3.008219458826376e+02,3.113661197101960e-05,1.233442978727397e+09,1.535876739803341e-01,9.785450983776967e+13,11
1.570000000000215e-05,157,3.000000000000000e+02,3.640787619656743e+02,3.008353802198228e+02,3.134076920069407e-05,1.234309530930161e+09,1.539396410314136e-01,9.755173108551102e+13,11
1.580000000000203e-05,158,3.000000000000000e+02,3.642268179855668e+02,3.008488650813312e+02,3.154184502343717e-05,1.236183944516384e+09,1.543075433162137e-01,9.721091820818706e+13,11
1.590000000000191e-05,159,3.000000000000000e+02,3.643775559032751e+02,3.008623704589145e+02,3.174348953852598e-05,1.236024609962877e+09,1.546807923902608e-01,9.696063789849092e+13,11
1.600000000000179e-05,160,3.000000000000000e+02,3.645235269473515e+02,3.008758994781709e+02,3.194643650447355e-05,1.235022125881631e+09,1.550421251665216e-01,9.720079837101295e+13,11
1.610000000000168e-05,161,3.000000000000000e+02,3.646672272866781e+02,3.008894250378862e+02,3.214823576161865e-05,1.235582203850377e+09,1.553987098367516e-01,9.918216035216017e+13,11
1.620000000000156e-05,162,3.000000000000000e+02,3.648118087926644e+02,3.009030226971726e+02,3.234932797427678e-05,1.235778961776858e+09,1.557579912555091e-01,1.011398522540730e+14,11
1.630000000000144e-05,163,3.000000000000000e+02,3.649547596464002e+02,3.009167031446444e+02,3.254974079386659e-05,1.235363217619718e+09,1.561131507862651e-01,1.030728318923349e+14,11
1.640000000000132e-05,164,3.000000000000000e+02,3.650975222432677e+02,3.009304457873058e+02,3.275019265209714e-05,1.235882396663776e+09,1.564669950248880e-01,1.048592324924512e+14,11
1.650000000000120e-05,165,3.000000000000000e+02,3.652400949726711e+02,3.009442651695880e+02,3.294873036674846e-05,1.235811620577732e+09,1.568207996208927e-01,1.065739610062731e+14,11
1.660000000000108e-05,166,3.000000000000000e+02,3.653840187811660e+02,3.009581026222269e+02,3.314560373683193e-05,1.236975781555482e+09,1.571789635955561e-01,1.082454731361999e+14,11
1.670000000000096e-05,167,3.000000000000000e+02,3.655311202627994e+02,3.009719937889485e+02,3.334327104919975e-05,1.237619643830356e+09,1.575438423316437e-01,1.099322263046761e+14,11
1.680000000000084e-05,168,3.000000000000000e+02,3.656829903307732e+02,3.009860311175727e+02,3.354427690209160e-05,1.239345403949711e+09,1.579181608446070e-01,1.115025787254162e+14,11
1.690000000000072e-05,169,3.000000000000000e+02,3.658435887345504e+02,3.010002321920650e+02,3.374574620513564e-05,1.240297655899132e+09,1.583121474755114e-01,1.131045690609818e+14,11
1.700000000000060e-05,170,3.000000000000000e+02,3.660037967260428e+02,3.010145519443084e+02,3.395018907778177e-05,1.240278616156238e+09,1.587028855938892e-01,1.146057074035996e+14,11
1.710000000000048e-05,171,3.000000000000000e+02,3.661640254021495e+02,3.010289567685080e+02,3.415474469800729e-05,1.240922289163508e+09,1.590927885154220e-01,1.160080646557902e+14,11
1.720000000000036e-05,172,3.000000000000000e+02,3.663278039972241e+02,3.010434910320880e+02,3.435974340407677e-05,1.241483625494362e+09,1.594908049221787e-01,1.174625526443165e+14,11
1.730000000000024e-05,173,3.000000000000000e+02,3.664913886931021e+02,3.010581832186625e+02,3.456475647809306e-05,1.241561894300841e+09,1.598889372312261e-01,1.189902171379957e+14,11
1.740000000000012e-05,174,3.000000000000000e+02,3.666542858416912e+02,3.010730752786393e+02,3.477336341509911e-05,1.241178484819188e+09,1.602837838858546e-01,1.204681398010464e+14,11
1.750000000000000e-05,175,3.000000000000000e+02,3.668132242384825e+02,3.010881965253829e+02,3.498392063612221e-05,1.240402111163029e+09,1.606686167387406e-01,1.218802781058426e+14,11
1.759999999999988e-05,176,3.000000000000000e+02,3.669664519886708e+02,3.011034904000671e+02,3.519491186015990e-05,1.239691859073299e+09,1.610409702176621e-01,1.232636793245063e+14,11
1.769999999999976e-05,177,3.000000000000000e+02,3.671138993770339e+02,3.011190402353369e+02,3.540511664868722e-05,1.238484513223206e+09,1.614010834542099e-01,1.246384275443724e+14,11
1.779999999999964e-05,178,3.000000000000000e+02,3.672551798485405e+02,3.011347664921968e+02,3.561334995212103e-05,1.239846323014278e+09,1.617489269084916e-01,1.259281224826241e+14,11
1.789999999999952e-05,179,3.000000000000000e+02,3.673988838867252e+02,3.011505602984151e+02,3.581757428347460e-05,1.242118275595796e+09,1.621051107209019e-01,1.272469710232440e+14,11
1.799999999999940e-05,180,3.000000000000000e+02,3.675403233279096e+02,3.011663107757672e+02,3.602158380231264e-05,1.244364247419169e+09,1.624565879362111e-01,1.284348600729773e+14,11
1.809999999999928e-05,181,3.000000000000000e+02,3.676755570231315e+02,3.011819841023056e+02,3.622636927737310e-05,1.246981320536850e+09,1.627931097707077e-01,1.295933855946004e+14,11
1.819999999999917e-05,182,3.000000000000000e+02,3.678058397819311e+02,3.011976515117087e+02,3.643247611804528e-05,1.249418171309679e+09,1.631178272340567e-01,1.306908976795408e+14,11
1.829999999999905e-05,183,3.000000000000000e+02,3.679312589834539e+02,3.012133272997206e+02,3.663684795070497e-05,1.252356359548106e+09,1.634322530590155e-01,1.317875117823931e+14,11
1.839999999999893e-05,184,3.000000000000000e+02,3.680529568120503e+02,3.012289884347835e+02,3.684063901529091e-05,1.254710242441700e+09,1.637383601085726e-01,1.327865929746568e+14,11
1.849999999999881e-05,185,3.000000000000000e+02,3.681696755696923e+02,3.012446568810681e+02,3.704182287484250e-05,1.257038169704521e+09,1.640336064760430e-01,1.337888009640790e+14,11
1.859999999999869e-05,186,3.000000000000000e+02,3.682267530532137e+02,3.012603933194792e+02,3.723592694235196e-05,1.258626212101876e+09,1.642069287076958e-01,1.347044642779130e+14,11
1.869999999999857e-05,187,3.000000000000000e+02,3.682893230192854e+02,3.012762454023404e+02,3.743221154297865e-05,1.261208904773760e+09,1.643845786761142e-01,1.357118210269973e+14,11
1.879999999999845e-05,188,3.000000000000000e+02,3.683588965247756e+02,3.012921940959050e+02,3.763123534088681e-05,1.263115430129819e+09,1.645765656637065e-01,1.366544348323866e+14,11
1.889999999999833e-05,189,3.000000000000000e+02,3.684352160723242e+02,3.013082414074252e+02,3.783129921118277e-05,1.265354375259130e+09,1.647830644856338e-01,1.376287951875098e+14,11
1.899999999999821e-05,190,3.000000000000000e+02,3.685185440626193e+02,3.013245297933599e+02,3.803128560173467e-05,1.267477961989828e+09,1.650061419586405e-01,1.385764021709523e+14,11
1.909999999999809e-05,191,3.000000000000000e+02,3.686093141910232e+02,3.013410026448160e+02,3.823050488782338e-05,1.269437882861198e+09,1.652463192342880e-01,1.395099860397527e+14,11
1.919999999999797e-05,192,3.000000000000000e+02,3.687129689925735e+02,3.013576437506871e+02,3.843108250647047e-05,1.271606852311343e+09,1.655149601354334e-01,1.404624393364896e+14,11
1.929999999999785e-05,193,3.000000000000000e+02,3.688221646604796e+02,3.013743593923799e+02,3.863253595309548e-05,1.273804751894594e+09,1.657955609902047e-01,1.414210313745287e+14,11
1.939999999999773e-05,194,3.000000000000000e+02,3.689353087086389e+02,3.013912256832621e+02,3.883578860672914e-05,1.275877746886316e+09,1.660841951915353e-01,1.423915306254788e+14,11
1.949999999999761e-05,195,3.000000000000000e+02,3.690527586343835e+02,3.014083108727523e+02,3.904085801409711e-05,1.278008709912377e+09,1.663822284575680e-01,1.433367787254202e+14,11
1.959999999999749e-05,196,3.000000000000000e+02,3.691718573517589e+02,3.014254818114950e+02,3.924771745098537e-05,1.280066798099758e+09,1.666834052144841e-01,1.442780195819002e+14,11
1.969999999999737e-05,197,3.000000000000000e+02,3.692910656629269e+02,3.014427040783974e+02,3.945534437298140e-05,1.282207005073216e+09,1.669840339469387e-01,1.451606249147467e+14,11
1.979999999999725e-05,198,3.000000000000000e+02,3.694115184945636e+02,3.014598300022408e+02,3.966335158042708e-05,1.283846042711466e+09,1.672873368231106e-01,1.459361460882030e+14,11
1.989999999999713e-05,199,3.000000000000000e+02,3.695319923903031e+02,3.014768343236425e+02,3.987126476190467e-05,1.285633219742403e+09,1.675895011510395e-01,1.466833842114768e+14,11
1.999999999999701e-05,200,3.000000000000000e+02,3.696500433530497e+02,3.014937482289004e+02,4.007986096819858e-05,1.287506723407889e+09,1.678852583010600e-01,1.474500842962371e+14,11
2.009999999999689e-05,201,3.000000000000000e+02,3.697642167401191e+02,3.015107124207813e+02,4.028883974461287e-05,1.289263563054319e+09,1.681716462330632e-01,1.481632657204250e+14,11
2.019999999999677e-05,202,3.000000000000000e+02,3.698777202053285e+02,3.015277293025352e+02,4.049922594370710e-05,1.290755576660896e+09,1.684557947412676e-01,1.488689136492462e+14,11
2.029999999999665e-05,203,3.000000000000000e+02,3.699891832247243e+02,3.015447983963311e+02,4.070679839500672e-05,1.291876264972171e+09,1.687375942294951e-01,1.494810187975122e+14,11
2.039999999999654e-05,204,3.000000000000000e+02,3.700999052706688e+02,3.015618991178719e+02,4.091475332681930e-05,1.293255778365849e+09,1.690174455285103e-01,1.486617306795701e+14,11
2.049999999999642e-05,205,3.000000000000000e+02,3.702073712604198e+02,3.015790999526598e+02,4.112175260742030e-05,1.294435023240454e+09,1.692894087876021e-01,1.492548867184184e+14,11
2.059999999999630e-05,206,3.000000000000000e+02,3.703164441503384e+02,3.015962982319331e+02,4.132680199305181e-05,1.295539162133277e+09,1.695662148326172e-01,1.497605877217494e+14,11
2.069999999999618e-05,207,3.000000000000000e+02,3.704287365166700e+02,3.016134533560831e+02,4.153023156247224e-05,1.297328019253077e+09,1.698513750445957e-01,1.504452624305037e+14,11
2.079999999999606e-05,208,3.000000000000000e+02,3.705428985178921e+02,3.016307115382401e+02,4.173547826477873e-05,1.298777545792613e+09,1.701394896298594e-01,1.509946217009155e+14,11
2.089999999999594e-05,209,3.000000000000000e+02,3.706576277586337e+02,3.016480690462647e+02,4.194241214465789e-05,1.300607748621771e+09,1.704275216341657e-01,1.515813664226017e+14,11
2.099999999999582e-05,210,3.000000000000000e+02,3.707712867065562e+02,3.016655016050068e+02,4.215128170789512e-05,1.302618063722326e+09,1.707122402499562e-01,1.521391117390781e+14,11
2.109999999999570e-05,211,3.000000000000000e+02,3.708817860261198e+02,3.016830081272447e+02,4.236080474093540e-05,1.304721963020451e+09,1.709892430636251e-01,1.526752682662083e+14,11
2.119999999999558e-05,212,3.000000000000000e+02,3.709893620967650e+02,3.017005382444137e+02,4.257195071886356e-05,1.306620942566809e+09,1.712583766723978e-01,1.531160063903497e+14,11
2.129999999999546e-05,213,3.000000000000000e+02,3.710954087929317e+02,3.017179910575818e+02,4.278046129911348e-05,1.308259870920701e+09,1.715251828232864e-01,1.535660739365723e+14,11
2.139999999999534e-05,214,3.000000000000000e+02,3.712187928521478e+02,3.017353211404821e+02,4.298747432100451e-05,1.310215595372643e+09,1.718188557572838e-01,1.540200362139434e+14,11
2.149999999999522e-05,215,3.000000000000000e+02,3.724032403857602e+02,3.017526946051966e+02,4.319787878465428e-05,1.312164274116844e+09,1.722542672734999e-01,1.544170712220539e+14,11
2.159999999999510e-05,216,3.000000000000000e+02,3.736110167708852e+02,3.017702054872408e+02,4.341236061867013e-05,1.314175584428064e+09,1.749622565381992e-01,1.545566933120042e+14,12
2.169999999999498e-05,217,3.000000000000000e+02,3.747820386019575e+02,3.017879904035186e+02,4.362412766554636e-05,1.313036439050220e+09,1.775921208988149e-01,1.535736709046543e+14,12
2.179999999999486e-05,218,3.000000000000000e+02,3.758754579158060e+02,3.018057469435699e+02,4.383017834978370e-05,1.314140310691861e+09,1.800580830336997e-01,1.526722374586810e+14,12
2.189999999999474e-05,219,3.000000000000000e+02,3.768966089587817e+02,3.018234910804686e+02,4.403461222935245e-05,1.314427072997800e+09,1.823712402469715e-01,1.518267816103755e+14,12
2.199999999999462e-05,220,3.000000000000000e+02,3.778765623081707e+02,3.018414054391697e+02,4.423703777044184e-05,1.314894546805338e+09,1.845969763582749e-01,1.509200730427361e+14,12
2.209999999999450e-05,221,3.000000000000000e+02,3.788257581283053e+02,3.018593491391116e+02,4.443593314098672e-05,1.314767300367911e+09,1.867573179300090e-01,1.499681829888832e+14,12
2.219999999999438e-05,222,3.000000000000000e+02,3.797392363244210e+02,3.018772220356829e+02,4.463382866002024e-05,1.315170173760843e+09,1.888418288312317e-01,1.490609748993381e+14,12
2.229999999999426e-05,223,3.000000000000000e+02,3.806165548359667e+02,3.018951507553467e+02,4.482938212736635e-05,1.315180311169461e+09,1.908496017262423e-01,1.481174893786931e+14,12
2.239999999999414e-05,224,3.000000000000000e+02,3.814682944401566e+02,3.019129575042048e+02,4.502294442095143e-05,1.315422775840226e+09,1.929988416332398e-01,1.472414922869402e+14,12
2.249999999999402e-05,225,3.000000000000000e+02,3.822949958791817e+02,3.019305427399228e+02,4.521500886223607e-05,1.315263720933413e+09,1.951308349451008e-01,1.463453520745649e+14,12
2.259999999999391e-05,226,3.000000000000000e+02,3.830907956555207e+02,3.019479360164297e+02,4.540512558271888e-05,1.316022063336309e+09,1.972069232843249e-01,1.455539311728687e+14,12
2.269999999999379e-05,227,3.000000000000000e+02,3.838737705612357e+02,3.019652696602215e+02,4.559463092674484e-05,1.316354559918893e+09,1.992786194723532e-01,1.447701324823462e+14,12
2.279999999999367e-05,228,3.000000000000000e+02,3.846344387787215e+02,3.019825398445501e+02,4.578223215450983e-05,1.316518235901061e+09,2.013124857569611e-01,1.440348238020530e+14,12
2.289999999999355e-05,229,3.000000000000000e+02,3.853717788517805e+02,3.019998237475610e+02,4.597135834644729e-05,1.316286928322329e+09,2.033080914566796e-01,1.433378327115107e+14,12
2.299999999999343e-05,230,3.000000000000000e+02,3.860806443500630e+02,3.020171780607438e+02,4.616130474095183e-05,1.317105740558744e+09,2.052634639667460e-01,1.440635726024567e+14,12
2.309999999999331e-05,231,3.000000000000000e+02,3.867866985657626e+02,3.020347339290258e+02,4.635430410918504e-05,1.318151049368201e+09,2.072364520597568e-01,1.435114908282174e+14,12
2.319999999999319e-05,232,3.000000000000000e+02,3.874955563075004e+02,3.020525099971279e+02,4.654899407069954e-05,1.319367016460976e+09,2.092402115014785e-01,1.429054055776408e+14,12
2.329999999999307e-05,233,3.000000000000000e+02,3.881844713055124e+02,3.020704317114451e+02,4.674419515576869e-05,1.319294419037508e+09,2.112253216789468e-01,1.423379864824132e+14,12
2.339999999999295e-05,234,3.000000000000000e+02,3.889196485049048e+02,3.020885307840460e+02,4.693952186831666e-05,1.320081941754855e+09,2.132096895827002e-01,1.418785086839353e+14,12
2.349999999999283e-05,235,3.000000000000000e+02,3.897872438507758e+02,3.021068576638075e+02,4.713753014662116e-05,1.320933823473020e+09,2.151974072151063e-01,1.415019648343104e+14,12
2.359999999999271e-05,236,3.000000000000000e+02,3.906619428033458e+02,3.021255093925334e+02,4.733882237198721e-05,1.321827219309150e+09,2.171981255249648e-01,1.411257951417405e+14,12
2.369999999999259e-05,237,3.000000000000000e+02,3.915348889885942e+02,3.021443167891742e+02,4.754155895746381e-05,1.322071384351260e+09,2.191944049636258e-01,1.407165190568862e+14,12
2.379999999999247e-05,238,3.000000000000000e+02,3.924077697489603e+02,3.021631790908853e+02,4.774500996453606e-05,1.322915375235129e+09,2.211895098844980e-01,1.403743834664883e+14,12
2.389999999999235e-05,239,3.000000000000000e+02,3.932898641912387e+02,3.021821071852409e+02,4.794935999765235e-05,1.323922715978884e+09,2.232045637876480e-01,1.400203601044867e+14,12
2.399999999999223e-05,240,3.000000000000000e+02,3.941842713108109e+02,3.022011124569991e+02,4.815318748691727e-05,1.324725590715305e+09,2.252464574777661e-01,1.396940319509675e+14,12
2.409999999999211e-05,241,3.000000000000000e+02,3.950782128304562e+02,3.022200691192423e+02,4.835595850895422e-05,1.325393506726818e+09,2.272880935365635e-01,1.393659772172425e+14,12
2.419999999999199e-05,242,3.000000000000000e+02,3.959779612056426e+02,3.022389709608118e+02,4.855772133803625e-05,1.326225921292924e+09,2.293423874840712e-01,1.390846884868570e+14,12
2.429999999999187e-05,243,3.000000000000000e+02,3.974394407485024e+02,3.022589417172226e+02,4.875897191945315e-05,1.359817931084685e+09,2.325813061093132e-01,1.410905370487928e+14,12
2.439999999999175e-05,244,3.000000000000000e+02,3.989610258297624e+02,3.022797414765600e+02,4.896582968336427e-05,1.339665535558626e+09,2.359407518657921e-01,1.416837773486736e+14,12
2.449999999999163e-05,245,3.000000000000000e+02,4.002404742765885e+02,3.023001868542998e+02,4.918905005720615e-05,1.340677320382679e+09,2.387955795027576e-01,1.416933630725425e+14,12
2.459999999999151e-05,246,3.000000000000000e+02,4.014685776501694e+02,3.023202120154167e+02,4.941139140999401e-05,1.335928222648952e+09,2.415477501708503e-01,1.413080957899794e+14,12
2.469999999999139e-05,247,3.000000000000000e+02,4.026226162336514e+02,3.023395465434600e+02,4.962014528437787e-05,1.336066655041867e+09,2.441497542439630e-01,1.411551577959044e+14,12
2.479999999999128e-05,248,3.000000000000000e+02,4.037679641995447e+02,3.023583209352673e+02,4.981662629079171e-05,1.337103292923639e+09,2.467376332054769e-01,1.414396101044662e+14,12
2.489999999999116e-05,249,3.000000000000000e+02,4.049039413577252e+02,3.023768451868984e+02,5.002131951085967e-05,1.338904713775800e+09,2.493068532134186e-01,1.417462325844658e+14,12
2.499999999999104e-05,250,3.000000000000000e+02,4.060709970812960e+02,3.023957343496776e+02,5.023298254929956e-05,1.339107428952526e+09,2.519368851292367e-01,1.421251425743788e+14,12
2.509999999999092e-05,251,3.000000000000000e+02,4.072667848337663e+02,3.024150150785121e+02,5.044675463030797e-05,1.340926282566627e+09,2.546262563090505e-01,1.423906815615363e+14,12
2.519999999999080e-05,252,3.000000000000000e+02,4.085511212578882e+02,3.024345807946121e+02,5.066323998551481e-05,1.343971906896768e+09,2.575063970296675e-01,1.429965438620544e+14,12
2.529999999999068e-05,253,3.000000000000000e+02,4.097714514391192e+02,3.024538715386756e+02,5.087821494027671e-05,1.341372763908289e+09,2.602513362459091e-01,1.426796731901476e+14,12
2.539999999999056e-05,254,3.000000000000000e+02,4.110069885631486e+02,3.024731034282813e+02,5.108934994142805e-05,1.341315286828012e+09,2.630277886920002e-01,1.427968061542292e+14,12
2.549999999999044e-05,255,3.000000000000000e+02,4.122105802314722e+02,3.024924601577519e+02,5.129755166772164e-05,1.342097322254766e+09,2.657387214567672e-01,1.429435901110013e+14,12
2.559999999999032e-05,256,3.000000000000000e+02,4.134079184781157e+02,3.025116282496593e+02,5.150583009857757e-05,1.343927431476731e+09,2.684407716617489e-01,1.433286310617556e+14,12
2.569999999999020e-05,257,3.000000000000000e+02,4.146434226597528e+02,3.025312158019467e+02,5.171796499099584e-05,1.344096852230308e+09,2.712204656191695e-01,1.435132371977694e+14,12
2.579999999999008e-05,258,3.000000000000000e+02,4.158863724583107e+02,3.025511632509316e+02,5.193106248679932e-05,1.343274063997745e+09,2.740121785813571e-01,1.443127576619331e+14,12
2.589999999998996e-05,259,3.000000000000000e+02,4.170436946377801e+02,3.025714344296687e+02,5.214821154196219e-05,1.343036980822461e+09,2.766211312656410e-01,1.442808310441715e+14,12
2.599999999998984e-05,260,3.000000000000000e+02,4.182235646198103e+02,3.025914690153091e+02,5.235983551964829e-05,1.342631213372276e+09,2.792813370971121e-01,1.442449057095596e+14,12
2.609999999998972e-05,261,3.000000000000000e+02,4.194105173955765e+02,3.026111565899503e+02,5.256619708237806e-05,1.342811990426214e+09,2.819603817741799e-01,1.446949276589954e+14,12
2.619999999998960e-05,262,3.000000000000000e+02,4.205231863933043e+02,3.026302112475930e+02,5.277127202002220e-05,1.341019305182249e+09,2.844826109722824e-01,1.446322313434358e+14,12
2.629999999998948e-05,263,3.000000000000000e+02,4.215914533478849e+02,3.026490139058718e+02,5.297752923188030e-05,1.340814244917619e+09,2.869115791583966e-01,1.447982964935266e+14,12
2.639999999998936e-05,264,3.000000000000000e+02,4.227061945551243e+02,3.026683544240136e+02,5.318578280084296e-05,1.342487281846350e+09,2.894359835908713e-01,1.447932147115072e+14,12
2.649999999998924e-05,265,3.000000000000000e+02,4.238051547129063e+02,3.026878846720616e+02,5.340015577647121e-05,1.341862678795027e+09,2.919248205786706e-01,1.452860078627323e+14,12
2.659999999998912e-05,266,3.000000000000000e+02,4.248458046864303e+02,3.027073464527434e+02,5.361176787807070e-05,1.339333218310288e+09,2.942909997491667e-01,1.451040511495342e+14,12
2.669999999998900e-05,267,3.000000000000000e+02,4.258520209942984e+02,3.027266808106487e+02,5.382066282169554e-05,1.340462108106728e+09,2.965849089950121e-01,1.455831508524404e+14,12
2.679999999998888e-05,268,3.000000000000000e+02,4.269047676837559e+02,3.027464894910219e+02,5.402813690809099e-05,1.341824633852757e+09,2.989808720401573e-01,1.461162704250446e+14,12
2.689999999998876e-05,269,3.000000000000000e+02,4.279225530572519e+02,3.027664018525423e+02,5.423506587265227e-05,1.342898790655203e+09,3.013032703954243e-01,1.463263973964451e+14,12
2.699999999998865e-05,270,3.000000000000000e+02,4.289201500633019e+02,3.027863609165998e+02,5.444484683049229e-05,1.343527582903635e+09,3.035807546437081e-01,1.466848814084452e+14,12
2.709999999998853e-05,271,3.000000000000000e+02,4.298981660316224e+02,3.028064337105239e+02,5.465533554464212e-05,1.342574256479368e+09,3.058155511598879e-01,1.472644142588097e+14,12
2.719999999998841e-05,272,3.000000000000000e+02,4.308765375980593e+02,3.028268199017858e+02,5.486697875493932e-05,1.342818015231117e+09,3.080500528132805e-01,1.478002745926846e+14,12
2.729999999998829e-05,273,3.000000000000000e+02,4.318499242201410e+02,3.028475096906063e+02,5.507726655778413e-05,1.343708996589959e+09,3.102730804597112e-01,1.480722949520583e+14,12
2.739999999998817e-05,274,3.000000000000000e+02,4.328174992876347e+02,3.028682722200536e+02,5.529100037436332e-05,1.344607121793269e+09,3.124842327541052e-01,1.486180316236289e+14,12
2.749999999998805e-05,275,3.000000000000000e+02,4.337561159587938e+02,3.028888104703856e+02,5.549794343718966e-05,1.344364661101610e+09,3.146357361619528e-01,1.489333072126234e+14,12
2.759999999998793e-05,276,3.000000000000000e+02,4.346889831825474e+02,3.029089697032126e+02,5.570445800796716e-05,1.345161423367465e+09,3.167777660651481e-01,1.490692126000825e+14,12
2.769999999998781e-05,277,3.000000000000000e+02,4.355960803257010e+02,3.029288556638772e+02,5.590774136351797e-05,1.344835021565840e+09,3.188666259736697e-01,1.497065641445522e+14,12
2.779999999998769e-05,278,3.000000000000000e+02,4.365238073513200e+02,3.029489099439850e+02,5.611443300812489e-05,1.345653635062212e+09,3.209973711017816e-01,1.503280058023021e+14,12
2.789999999998757e-05,279,3.000000000000000e+02,4.374752786323198e+02,3.029694504182498e+02,5.632554688217092e-05,1.344958090653358e+09,3.231737034661683e-01,1.504514138700873e+14,12
2.799999999998745e-05,280,3.000000000000000e+02,4.384208805202487e+02,3.029898740024595e+02,5.653851009354188e-05,1.345590122882122e+09,3.253411096941669e-01,1.508511558072871e+14,12
2.809999999998733e-05,281,3.000000000000000e+02,4.393667899043085e+02,3.030103388819588e+02,5.674283415134502e-05,1.344855503554244e+09,3.275124684044591e-01,1.513642536156109e+14,12
2.819999999998721e-05,282,3.000000000000000e+02,4.402996200456201e+02,3.030306833126474e+02,5.694492823570468e-05,1.345000217624634e+09,3.296584077825735e-01,1.513195376609304e+14,12
2.829999999998709e-05,283,3.000000000000000e+02,4.412397783185262e+02,3.030509713554155e+02,5.714684878977218e-05,1.346021953883665e+09,3.318209448139093e-01,1.523880884678099e+14,12
2.839999999998697e-05,284,3.000000000000000e+02,4.421785204341451e+02,3.030712788994337e+02,5.735086776113023e-05,1.346266519682912e+09,3.339818415265168e-01,1.526959096800503e+14,12
2.849999999998685e-05,285,3.000000000000000e+02,4.431439445499637e+02,3.030917242453014e+02,5.755523259563772e-05,1.344376868767381e+09,3.361973961757551e-01,1.526054812412618e+14,12
2.859999999998673e-05,286,3.000000000000000e+02,4.441053564264877e+02,3.031122091795120e+02,5.776362405142232e-05,1.344705663669518e+09,3.384034745954709e-01,1.534921723173053e+14,12
2.869999999998661e-05,287,3.000000000000000e+02,4.450565949105541e+02,3.031328256444007e+02,5.797253077352232e-05,1.345167735732544e+09,3.405886412258552e-01,1.538541626833116e+14,12
2.879999999998649e-05,288,3.000000000000000e+02,4.460262762186490e+02,3.031536420427203e+02,5.818137898694127e-05,1.345457555314754e+09,3.428156342000989e-01,1.540760780752269e+14,12
2.889999999998637e-05,289,3.000000000000000e+02,4.469904871406556e+02,3.031744410504892e+02,5.838290263685140e-05,1.345888262333267e+09,3.450332605589649e-01,1.545054549826594e+14,12
2.899999999998625e-05,290,3.000000000000000e+02,4.479315261563228e+02,3.031952213205601e+02,5.858848508812993e-05,1.346890428103363e+09,3.472035485469300e-01,1.540483149084932e+14,12
2.909999999998613e-05,291,3.000000000000000e+02,4.490616054549036e+02,3.032160138817101e+02,5.879673144054420e-05,1.346901920727653e+09,3.493675736837990e-01,1.545210173163222e+14,12
2.919999999998602e-05,292,3.000000000000000e+02,4.507745487466528e+02,3.032370610705276e+02,5.900788782153503e-05,1.346833081085135e+09,3.515994143586303e-01,1.550483878049261e+14,12
2.929999999998590e-05,293,3.000000000000000e+02,4.525316812687872e+02,3.032583382614895e+02,5.922427001204919e-05,1.348314833359238e+09,3.538436300939170e-01,1.556389127966269e+14,12
2.939999999998578e-05,294,3.000000000000000e+02,4.593353011731751e+02,3.032817049384595e+02,5.944378169286923e-05,1.401393962559821e+09,3.567752926135356e-01,1.600699913997722e+14,12
2.949999999998566e-05,295,3.000000000000000e+02,4.678403184330343e+02,3.033077248516914e+02,5.967352716618128e-05,1.378210688977125e+09,3.622416443773213e-01,1.609873226848450e+14,12
2.959999999998554e-05,296,3.000000000000000e+02,4.731030072382958e+02,3.033331413173767e+02,5.992690005362442e-05,1.366836856158406e+09,3.723417910103379e-01,1.613032787794638e+14,12
2.969999999998542e-05,297,3.000000000000000e+02,4.772292065623084e+02,3.033574612971436e+02,6.017636932523539e-05,1.359096210801550e+09,3.804997682033954e-01,1.604304573757315e+14,12
2.979999999998530e-05,298,3.000000000000000e+02,4.807577942743383e+02,3.033805277871638e+02,6.040777252601148e-05,1.351975718809481e+09,3.876051753928457e-01,1.604436091309324e+14,12
2.989999999998518e-05,299,3.000000000000000e+02,4.838000362161879e+02,3.034029559247173e+02,6.062790070697656e-05,1.348569091846704e+09,3.938528314598378e-01,1.606724033696573e+14,12
2.999999999998506e-05,300,3.000000000000000e+02,4.867692614296537e+02,3.034252716482203e+02,6.086801888786600e-05,1.348255610791929e+09,3.999844476426043e-01,1.610607729240099e+14,12
3.009999999998494e-05,301,3.000000000000000e+02,4.897266462508156e+02,3.034484439147588e+02,6.111044226716126e-05,1.348207964760236e+09,4.061261352014384e-01,1.607609442050934e+14,12
3.019999999998482e-05,302,3.000000000000000e+02,4.924995506444815e+02,3.034720214820720e+02,6.135073663745436e-05,1.349034236122459e+09,4.119258082943036e-01,1.608073917477958e+14,12
3.029999999998470e-05,303,3.000000000000000e+02,4.952620041543404e+02,3.034959362272420e+02,6.159020771923443e-05,1.354744552680979e+09,4.176523695829387e-01,1.609851829856036e+14,12
3.039999999998458e-05,304,3.000000000000000e+02,4.981417111873394e+02,3.035190954206210e+02,6.182442591780897e-05,1.350624968864821e+09,4.236414902105688e-01,1.596162457538925e+14,12
3.049999999998446e-05,305,3.000000000000000e+02,5.009304630892541e+02,3.035416346376064e+02,6.204441206025728e-05,1.354332932827189e+09,4.294622563225552e-01,1.591548259167792e+14,12
3.059999999998462e-05,306,3.000000000000000e+02,5.036478303348725e+02,3.035642769924636e+02,6.226870173793270e-05,1.356118968586917e+09,4.351782617830001e-01,1.585544740743181e+14,12
3.069999999998484e-05,307,3.000000000000000e+02,5.063397609050417e+02,3.035869427111594e+02,6.249216890400085e-05,1.359225684815813e+09,4.408117980496085e-01,1.552471801775232e+14,12
3.079999999998506e-05,308,3.000000000000000e+02,5.098824949458415e+02,3.036111654876084e+02,6.274823352284955e-05,1.363263063572850e+09,4.480019281865149e-01,1.514667421071055e+14,12
3.089999999998528e-05,309,3.000000000000000e+02,5.128829621933264e+02,3.036347959772669e+02,6.297420888237351e-05,1.361041565115230e+09,4.541718170048179e-01,1.499081234738545e+14,12
3.099999999998550e-05,310,3.000000000000000e+02,5.154160182919461e+02,3.036569500641909e+02,6.318963479439769e-05,1.357282210849599e+09,4.595103415725824e-01,1.479383561003128e+14,13
3.109999999998572e-05,311,3.000000000000000e+02,5.168046523193220e+02,3.036779929607815e+02,6.339853460837210e-05,1.355894434428730e+09,4.626806026842674e-01,1.463238683930896e+14,13
3.119999999998594e-05,312,3.000000000000000e+02,5.177310307558109e+02,3.036984033623101e+02,6.360233022648212e-05,1.352752465664380e+09,4.649329204729731e-01,1.458192334442299e+14,13
3.129999999998616e-05,313,3.000000000000000e+02,5.185308566796358e+02,3.037183769308970e+02,6.380689235141264e-05,1.348814073474048e+09,4.669474493835025e-01,1.450106569584454e+14,13
3.139999999998638e-05,314,3.000000000000000e+02,5.193237992555806e+02,3.037381318531550e+02,6.401798444659935e-05,1.344751681752807e+09,4.689563415946315e-01,1.441140652881338e+14,13
3.149999999998660e-05,315,3.000000000000000e+02,5.201088246541602e+02,3.037583007350243e+02,6.422566337842221e-05,1.347693572569587e+09,4.709463559593793e-01,1.448919240429731e+14,13
3.159999999998682e-05,316,3.000000000000000e+02,5.207978409591644e+02,3.037786684912510e+02,6.443703739734541e-05,1.345042171934007e+09,4.727275837250087e-01,1.442441891563393e+14,13
3.169999999998704e-05,317,3.000000000000000e+02,5.214396751454523e+02,3.037986411252535e+02,6.463781514003838e-05,1.343038432418003e+09,4.744151111131088e-01,1.433803800392668e+14,13
3.179999999998725e-05,318,3.000000000000000e+02,5.220989005505871e+02,3.038181323395323e+02,6.484194520648075e-05,1.347425195065046e+09,4.761382585619591e-01,1.436366097733057e+14,13
3.189999999998747e-05,319,3.000000000000000e+02,5.226997287133131e+02,3.038382135657964e+02,6.504799460797809e-05,1.350351021308918e+09,4.777352270079895e-01,1.440664001922453e+14,13
3.199999999998769e-05,320,3.000000000000000e+02,5.232695817693246e+02,3.038587566368923e+02,6.525924866153732e-05,1.351033834163979e+09,4.792838145876209e-01,1.435442843489401e+14,13
3.209999999998791e-05,321,3.000000000000000e+02,5.239033898758287e+02,3.038792872183172e+02,6.547272297333526e-05,1.352160145321790e+09,4.809630934954736e-01,1.431473297203257e+14,13
3.219999999998813e-05,322,3.000000000000000e+02,5.244459521854644e+02,3.038997547460876e+02,6.568254740413164e-05,1.350898851059139e+09,4.824408886226894e-01,1.425368471859068e+14,13
3.229999999998835e-05,323,3.000000000000000e+02,5.249660716038799e+02,3.039202683360821e+02,6.588659534058647e-05,1.349974705041117e+09,4.838753183397454e-01,1.423804034901956e+14,13
3.239999999998857e-05,324,3.000000000000000e+02,5.255472894776703e+02,3.039410693875407e+02,6.609942125020915e-05,1.348045193921365e+09,4.854455260862175e-01,1.417901171446033e+14,13
3.249999999998879e-05,325,3.000000000000000e+02,5.261899129018317e+02,3.039616667450202e+02,6.631420312348292e-05,1.347179826116640e+09,4.871532628970229e-01,1.418301247146282e+14,13
3.259999999998901e-05,326,3.000000000000000e+02,5.268390082979739e+02,3.039825210010062e+02,6.652156245528956e-05,1.344764344706959e+09,4.888804074821760e-01,1.417417576670606e+14,13
3.269999999998923e-05,327,3.000000000000000e+02,5.275734649953311e+02,3.040031443771029e+02,6.673812532678345e-05,1.343691048285933e+09,4.907974979115609e-01,1.419111851243212e+14,13
3.279999999998945e-05,328,3.000000000000000e+02,5.283820631364450e+02,3.040239850714532e+02,6.695781239025788e-05,1.343102945547609e+09,4.928776420010986e-01,1.417637448927598e+14,13
3.289999999998967e-05,329,3.000000000000000e+02,5.292091222494340e+02,3.040452211849459e+02,6.717264392764374e-05,1.342595976365319e+09,4.949981086613364e-01,1.421249124931578e+14,13
3.299999999998989e-05,330,3.000000000000000e+02,5.300295242189655e+02,3.040667872810033e+02,6.739103515142742e-05,1.341881410211779e+09,4.971150331726575e-01,1.420944894772480e+14,13
3.309999999999010e-05,331,3.000000000000000e+02,5.322394336395139e+02,3.040884035664997e+02,6.761349069894913e-05,1.354064181423360e+09,5.011036003983961e-01,1.433636751608540e+14,13
3.319999999999032e-05,332,3.000000000000000e+02,5.336473833584901e+02,3.041112445150274e+02,6.783111037710571e-05,1.347683390456376e+09,5.042567778556716e-01,1.436844968929004e+14,13
3.329999999999054e-05,333,3.000000000000000e+02,5.342467050030733e+02,3.041341430553969e+02,6.806395295667782e-05,1.344465411002275e+09,5.058730329881049e-01,1.431402795411935e+14,13
3.339999999999076e-05,334,3.000000000000000e+02,5.347452023995129e+02,3.041567899793556e+02,6.830013799403386e-05,1.343466224294558e+09,5.072913087355785e-01,1.427994510549512e+14,13
3.349999999999098e-05,335,3.000000000000000e+02,5.353276228628489e+02,3.041792078305500e+02,6.853376330164653e-05,1.341373687097483e+09,5.088929397686471e-01,1.421066291203530e+14,13
3.359999999999120e-05,336,3.000000000000000e+02,5.357908143477651e+02,3.042008261356370e+02,6.874764025639191e-05,1.341963653782795e+09,5.102394772792340e-01,1.422086822940274e+14,13
3.369999999999142e-05,337,3.000000000000000e+02,5.362901507124375e+02,3.042222142825754e+02,6.896945424176449e-05,1.342350422050838e+09,5.116535541608690e-01,1.412235586959834e+14,13
3.379999999999164e-05,338,3.000000000000000e+02,5.368458177102801e+02,3.042438408450647e+02,6.918888697009035e-05,1.341749996494408e+09,5.131998201350155e-01,1.400956958575727e+14,13
3.389999999999186e-05,339,3.000000000000000e+02,5.373352291006285e+02,3.042659146136634e+02,6.941371135146093e-05,1.346118205205539e+09,5.145940232288818e-01,1.387768420238909e+14,13
3.399999999999208e-05,340,3.000000000000000e+02,5.375658549175555e+02,3.042894532747519e+02,6.963367452481745e-05,1.361746430835064e+09,5.153718810208187e-01,1.404942411835869e+14,13
3.409999999999230e-05,341,3.000000000000000e+02,5.378733611542038e+02,3.043141319151188e+02,6.987627583701465e-05,1.351874237442683e+09,5.162926174908817e-01,1.362854014925735e+14,13
3.419999999999252e-05,342,3.000000000000000e+02,5.383617390094057e+02,3.043378118773118e+02,7.011254189099868e-05,1.349135575592253e+09,5.176225900083785e-01,1.340285930475498e+14,13
3.429999999999274e-05,343,3.000000000000000e+02,5.387875426806553e+02,3.043610809800037e+02,7.034689019108225e-05,1.343105415239674e+09,5.188538430529551e-01,1.317998355507179e+14,13
3.439999999999296e-05,344,3.000000000000000e+02,5.392734481315821e+02,3.043831964183998e+02,7.056924037804610e-05,1.338564960133861e+09,5.202123086912127e-01,1.305806464260163e+14,13
3.449999999999317e-05,345,3.000000000000000e+02,5.397338379714439e+02,3.044045389404316e+02,7.078910803875241e-05,1.335752183369503e+09,5.215152576351395e-01,1.314082645981102e+14,13
3.459999999999339e-05,346,3.000000000000000e+02,5.402345602814061e+02,3.044256387113714e+02,7.100549520438796e-05,1.335455258037853e+09,5.229157312139977e-01,1.327042577141067e+14,13
3.469999999999361e-05,347,3.000000000000000e+02,5.406283861001587e+02,3.044465929562901e+02,7.123680092307358e-05,1.333982282568967e+09,5.241197003112361e-01,1.333957915826554e+14,13
3.479999999999383e-05,348,3.000000000000000e+02,5.410809784915270e+02,3.044680976073379e+02,7.146743031768376e-05,1.333230717753717e+09,5.254421644158664e-01,1.341174378038317e+14,13
3.489999999999405e-05,349,3.000000000000000e+02,5.415221622146845e+02,3.044901539493621e+02,7.170014079439690e-05,1.335852373553514e+09,5.288435155168700e-01,1.352099551722988e+14,13
3.499999999999427e-05,350,3.000000000000000e+02,5.419897002602161e+02,3.045114526833476e+02,7.192274134347110e-05,1.331191520885091e+09,5.318850864751542e-01,1.354178943297807e+14,13
3.509999999999449e-05,351,3.000000000000000e+02,5.424317508933036e+02,3.045319727045317e+02,7.214059389428516e-05,1.328783950967029e+09,5.348583082302847e-01,1.357137832349569e+14,13
3.519999999999471e-05,352,3.000000000000000e+02,5.430150322965420e+02,3.045527798473263e+02,7.235685127424615e-05,1.329982153379991e+09,5.379301411154793e-01,1.361649499571223e+14,13
3.529999999999493e-05,353,3.000000000000000e+02,5.435564759288233e+02,3.045734955575221e+02,7.258090394605913e-05,1.330358759875061e+09,5.409917975855495e-01,1.384333988111904e+14,13
3.539999999999515e-05,354,3.000000000000000e+02,5.440191177245105e+02,3.045945296762246e+02,7.280568296376415e-05,1.329771996369361e+09,5.442268182951711e-01,1.387786606461621e+14,13
3.549999999999537e-05,355,3.000000000000000e+02,5.444518239275204e+02,3.046152419528052e+02,7.303136543547322e-05,1.328460006811266e+09,5.473985496482712e-01,1.393265780689721e+14,13
3.559999999999559e-05,356,3.000000000000000e+02,5.449294202711048e+02,3.046359620537293e+02,7.325950821232593e-05,1.330276996561162e+09,5.504875310785721e-01,1.397404013749494e+14,13
3.569999999999581e-05,357,3.000000000000000e+02,5.453797144871646e+02,3.046567228990817e+02,7.347823692787512e-05,1.327477686262033e+09,5.536579425665077e-01,1.397041611413570e+14,13
3.579999999999603e-05,358,3.000000000000000e+02,5.458957155183904e+02,3.046778074835528e+02,7.369491037642709e-05,1.329805420830745e+09,5.570129062581397e-01,1.401248595927140e+14,13
3.589999999999624e-05,359,3.000000000000000e+02,5.464072371060159e+02,3.046982251325124e+02,7.391430939611853e-05,1.328028368131186e+09,5.600387216240450e-01,1.399740126854491e+14,13
3.599999999999646e-05,360,3.000000000000000e+02,5.468893527796326e+02,3.047185499696500e+02,7.413219492950671e-05,1.328926195011141e+09,5.631613010665063e-01,1.408271834729691e+14,13
3.609999999999668e-05,361,3.000000000000000e+02,5.473605306868717e+02,3.047396130735330e+02,7.435747247096287e-05,1.331483322988813e+09,5.664533437270716e-01,1.405250802967882e+14,14
3.619999999999690e-05,362,3.000000000000000e+02,5.479685908583068e+02,3.047603944506630e+02,7.458328814022356e-05,1.338268300520047e+09,5.691376635138199e-01,1.406973256537374e+14,14
3.629999999999712e-05,363,3.000000000000000e+02,5.487239566821113e+02,3.047809256193729e+02,7.480401842697800e-05,1.334618452707086e+09,5.716256906587718e-01,1.384204936183831e+14,14
3.639999999999734e-05,364,3.000000000000000e+02,5.495253961299672e+02,3.048009071899506e+02,7.501492007836594e-05,1.333809954303942e+09,5.740921874668686e-01,1.380201260163395e+14,14
3.649999999999756e-05,365,3.000000000000000e+02,5.503575088775447e+02,3.048208519003593e+02,7.522571276851820e-05,1.332631202179179e+09,5.765098533956378e-01,1.379737032271489e+14,14
3.659999999999778e-05,366,3.000000000000000e+02,5.512271735369245e+02,3.048406169660211e+02,7.542843513101584e-05,1.330101669096276e+09,5.787999001089068e-01,1.380134722884024e+14,14
3.669999999999800e-05,367,3.000000000000000e+02,5.520818937937831e+02,3.048608528653002e+02,7.564015110379461e-05,1.325274651011218e+09,5.811541629080321e-01,1.375195404533744e+14,14
3.679999999999822e-05,368,3.000000000000000e+02,5.528826080240660e+02,3.048807169219072e+02,7.584892815973667e-05,1.325639573006992e+09,5.834686504589305e-01,1.377812307327790e+14,14
3.689999999999844e-05,369,3.000000000000000e+02,5.536612131667401e+02,3.049009146827825e+02,7.606566177449023e-05,1.331733243803683e+09,5.857913879915602e-01,1.376185647691414e+14,14
3.699999999999866e-05,370,3.000000000000000e+02,5.541963626279035e+02,3.049206516117586e+02,7.627015336915788e-05,1.330056645344865e+09,5.881791848833130e-01,1.372810507405403e+14,14
3.709999999999888e-05,371,3.000000000000000e+02,5.546340617659018e+02,3.049401200798939e+02,7.647376771495339e-05,1.331941305552514e+09,5.905778779650793e-01,1.375576873211533e+14,14
3.719999999999909e-05,372,3.000000000000000e+02,5.550215564032919e+02,3.049592304638084e+02,7.666957882356127e-05,1.335522817865616e+09,5.928717363902367e-01,1.375954370287852e+14,14
3.729999999999931e-05,373,3.000000000000000e+02,5.554299407897362e+02,3.049781166110968e+02,7.687086659955695e-05,1.333257466265718e+09,5.951297217361500e-01,1.375278670010869e+14,14
3.739999999999953e-05,374,3.000000000000000e+02,5.557439700041455e+02,3.049966761957468e+02,7.706471668889388e-05,1.334081881760574e+09,5.974008967657560e-01,1.399764123957942e+14,14
3.749999999999975e-05,375,3.000000000000000e+02,5.560203921696502e+02,3.050153977144076e+02,7.726888620146894e-05,1.334690580275553e+09,5.996486270128270e-01,1.403993481426541e+14,14
3.759999999999997e-05,376,3.000000000000000e+02,5.562680375209113e+02,3.050343605244275e+02,7.747246666393282e-05,1.333546707404842e+09,6.018811732510588e-01,1.405082942002109e+14,14
3.770000000000019e-05,377,3.000000000000000e+02,5.569090592451673e+02,3.050533184762460e+02,7.767391597374546e-05,1.335609702811666e+09,6.041603493091330e-01,1.409697802476895e+14,14
3.780000000000041e-05,378,3.000000000000000e+02,5.577747339031802e+02,3.050723506958973e+02,7.786884045826732e-05,1.337501102326325e+09,6.064455875127892e-01,1.414271068987991e+14,14
3.790000000000063e-05,379,3.000000000000000e+02,5.585995247862267e+02,3.050911162140780e+02,7.806910819106192e-05,1.340285584347359e+09,6.086401310801620e-01,1.417071555152111e+14,14
3.800000000000085e-05,380,3.000000000000000e+02,5.594958185643655e+02,3.051102432081422e+02,7.826573778746281e-05,1.339815152793994e+09,6.110032931345128e-01,1.423453308486942e+14,14
3.810000000000107e-05,381,3.000000000000000e+02,5.603897492823494e+02,3.051296789346072e+02,7.847398474757853e-05,1.341257085132478e+09,6.133632691522650e-01,1.429188314636749e+14,14
3.820000000000129e-05,382,3.000000000000000e+02,5.613124285012642e+02,3.051492738773752e+02,7.868265998474478e-05,1.340729657614999e+09,6.157915902166367e-01,1.433506511514538e+14,14
3.830000000000151e-05,383,3.000000000000000e+02,5.622551261368410e+02,3.051691868203624e+02,7.889659528609007e-05,1.342688444424808e+09,6.182703382194575e-01,1.421770053661475e+14,14
3.840000000000173e-05,384,3.000000000000000e+02,5.632095172414422e+02,3.051892127142799e+02,7.910518167381755e-05,1.344154174779154e+09,6.207805315028544e-01,1.430456083431618e+14,14
3.850000000000195e-05,385,3.000000000000000e+02,5.641750195594525e+02,3.052094428528220e+02,7.931574312423368e-05,1.346761470088667e+09,6.233215818898992e-01,1.433240431221334e+14,14
3.860000000000216e-05,386,3.000000000000000e+02,5.651889308888479e+02,3.052298025197004e+02,7.951827871564421e-05,1.344428500265934e+09,6.259781316863805e-01,1.436316467021392e+14,14
3.870000000000238e-05,387,3.000000000000000e+02,5.661618921488770e+02,3.052499652854714e+02,7.972460838117424e-05,1.346728555671181e+09,6.285444168500490e-01,1.441355757220097e+14,14
3.880000000000260e-05,388,3.000000000000000e+02,5.671891901096842e+02,3.052701766113238e+02,7.993409280107223e-05,1.345368510651023e+09,6.312380925370550e-01,1.445965483823092e+14,14
3.890000000000282e-05,389,3.000000000000000e+02,5.682866652503184e+02,3.052910125601038e+02,8.015108548308032e-05,1.346502100138899e+09,6.340944871626240e-01,1.449627236107095e+14,14
3.900000000000304e-05,390,3.000000000000000e+02,5.702046014601420e+02,3.053154547037647e+02,8.036106866662895e-05,1.382713182616374e+09,6.388465439779795e-01,1.480773240623628e+14,14
3.910000000000326e-05,391,3.000000000000000e+02,5.718262142256227e+02,3.053416786629713e+02,8.061236682770955e-05,1.368645425745938e+09,6.429266767426340e-01,1.481470379196985e+14,14
3.920000000000348e-05,392,3.000000000000000e+02,5.735295184832308e+02,3.053666620078253e+02,8.085999598645746e-05,1.358147355342040e+09,6.472015852809105e-01,1.483631791509056e+14,14
3.930000000000370e-05,393,3.000000000000000e+02,5.750143188173622e+02,3.053901160963125e+02,8.109996976705583e-05,1.353071480674176e+09,6.509802752019842e-01,1.477054623010111e+14,14
3.940000000000392e-05,394,3.000000000000000e+02,5.764079028950482e+02,3.054118947331321e+02,8.132651909966840e-05,1.345691274621532e+09,6.545674786254841e-01,1.480071699766616e+14,14
3.950000000000414e-05,395,3.000000000000000e+02,5.778171842675267e+02,3.054332230042646e+02,8.155021105381512e-05,1.345370950855379e+09,6.581936067827059e-01,1.485905157766673e+14,14
3.960000000000436e-05,396,3.000000000000000e+02,5.792816668506302e+02,3.054551437513489e+02,8.178886852756472e-05,1.348589255082333e+09,6.619575831002071e-01,1.487743463664763e+14,14
3.970000000000458e-05,397,3.000000000000000e+02,5.810542079328326e+02,3.054790878711108e+02,8.203081591125867e-05,1.349802284149054e+09,6.664344596982456e-01,1.505165412078968e+14,14
3.980000000000480e-05,398,3.000000000000000e+02,5.827074588260994e+02,3.055038436786521e+02,8.229212204752473e-05,1.346353240484266e+09,6.706544004135567e-01,1.505884355170841e+14,14
3.990000000000502e-05,399,3.000000000000000e+02,5.844995942492459e+02,3.055280750217628e+02,8.254246514562720e-05,1.345255302067451e+09,6.752137965579607e-01,1.504850938933785e+14,14
4.000000000000523e-05,400,3.000000000000000e+02,5.860145281086734e+02,3.055508847189184e+02,8.278063155117047e-05,1.345058803608552e+09,6.791402153047020e-01,1.503946779077956e+14,15
4.010000000000545e-05,401,3.000000000000000e+02,5.873314390170673e+02,3.055731983487620e+02,8.301045205513201e-05,1.346548395325003e+09,6.825948942691225e-01,1.499716415193205e+14,15
4.020000000000567e-05,402,3.000000000000000e+02,5.885949835103538e+02,3.055953304400931e+02,8.323652119151758e-05,1.344970123088051e+09,6.859260682901339e-01,1.492745962656984e+14,15
4.030000000000589e-05,403,3.000000000000000e+02,5.898253894686178e+02,3.056179475243330e+02,8.346181668706310e-05,1.344724449359530e+09,6.891788500701166e-01,1.497360774732972e+14,15
4.040000000000611e-05,404,3.000000000000000e+02,5.910470790667449e+02,3.056412666472519e+02,8.369393951636355e-05,1.347823212147120e+09,6.924074913746999e-01,1.498351274765913e+14,15
4.050000000000633e-05,405,3.000000000000000e+02,5.922220321379749e+02,3.056643293012878e+02,8.391669796058290e-05,1.361153801874546e+09,6.955275237906199e-01,1.495857769828445e+14,15
4.060000000000655e-05,406,3.000000000000000e+02,5.933415205616501e+02,3.056877313344214e+02,8.413837815969631e-05,1.379594774194768e+09,6.985254501965052e-01,1.490149615564324e+14,15
4.070000000000677e-05,407,3.000000000000000e+02,5.943460305584362e+02,3.057109457817329e+02,8.434586564994767e-05,1.374194126578438e+09,7.012654698952661e-01,1.510276304327728e+14,15
4.080000000000699e-05,408,3.000000000000000e+02,5.954772331685757e+02,3.057344484293163e+02,8.455044524470454e-05,1.355139623619170e+09,7.042989335843814e-01,1.506726322628164e+14,15
4.090000000000721e-05,409,3.000000000000000e+02,5.964786662166047e+02,3.057564249913756e+02,8.475687947598703e-05,1.339824802830403e+09,7.070334009154917e-01,1.506940658671647e+14,15
4.100000000000743e-05,410,3.000000000000000e+02,5.974007875459889e+02,3.057780593195444e+02,8.497415885499348e-05,1.335807961616892e+09,7.095883407548452e-01,1.511150555115928e+14,15
4.110000000000765e-05,411,3.000000000000000e+02,5.983374577470649e+02,3.057995086952234e+02,8.518467282011324e-05,1.330537587435252e+09,7.121806264102065e-01,1.508712751949269e+14,15
4.120000000000787e-05,412,3.000000000000000e+02,5.991564111129659e+02,3.058198873642182e+02,8.539372423023062e-05,1.330166898791568e+09,7.144964508532263e-01,1.507801001227280e+14,15
4.130000000000809e-05,413,3.000000000000000e+02,5.998831535894595e+02,3.058397083602574e+02,8.560268794603025e-05,1.327553882556007e+09,7.165964334931278e-01,1.503396921638378e+14,15
4.140000000000830e-05,414,3.000000000000000e+02,6.006874773854274e+02,3.058598468155565e+02,8.580724494661510e-05,1.329657928208781e+09,7.188866200382000e-01,1.512418603212716e+14,15
4.150000000000852e-05,415,3.000000000000000e+02,6.015797968696394e+02,3.058808890287541e+02,8.601414224120007e-05,1.327717344623397e+09,7.213860494307130e-01,1.511910895288279e+14,15
4.160000000000874e-05,416,3.000000000000000e+02,6.024039433220744e+02,3.059014248295827e+02,8.623291503105066e-05,1.329092192505985e+09,7.237196270719989e-01,1.514788690328542e+14,15
4.170000000000896e-05,417,3.000000000000000e+02,6.032767817940565e+02,3.059227511295794e+02,8.645303595133083e-05,1.327383532802164e+09,7.261680504338338e-01,1.497891668353404e+14,15
4.180000000000918e-05,418,3.000000000000000e+02,6.041419434825580e+02,3.059437970625769e+02,8.667050797407174e-05,1.329189312758259e+09,7.285968230136238e-01,1.520738198051641e+14,15
4.190000000000940e-05,419,3.000000000000000e+02,6.049944874999486e+02,3.059650166021319e+02,8.689212034501054e-05,1.330478768935104e+09,7.309989298677426e-01,1.521199070445321e+14,15
4.200000000000962e-05,420,3.000000000000000e+02,6.058479244223593e+02,3.059864021569038e+02,8.710900457543558e-05,1.332571027568719e+09,7.334084348205071e-01,1.520396498876152e+14,15
4.210000000000984e-05,421,3.000000000000000e+02,6.067380487031355e+02,3.060081646746324e+02,8.732133472488846e-05,1.331189285586636e+09,7.359135731564980e-01,1.518292871274962e+14,15
4.220000000001006e-05,422,3.000000000000000e+02,6.075687912137055e+02,3.060292284776162e+02,8.752592497769950e-05,1.333471385892577e+09,7.382801606622464e-01,1.520856183423358e+14,15
4.230000000001028e-05,423,3.000000000000000e+02,6.084051468708329e+02,3.060505762307526e+02,8.774132003424490e-05,1.333239634978154e+09,7.406626857273373e-01,1.520145469324114e+14,15
4.240000000001050e-05,424,3.000000000000000e+02,6.092262537947412e+02,3.060716394766056e+02,8.795126816608688e-05,1.332384987113460e+09,7.430085756306765e-01,1.520944827568115e+14,15
4.250000000001072e-05,425,3.000000000000000e+02,6.100706235838046e+02,3.060928458630336e+02,8.816371354951818e-05,1.332591268041124e+09,7.454097544844097e-01,1.516409329869202e+14,15
4.260000000001094e-05,426,3.000000000000000e+02,6.108820661713073e+02,3.061143852633642e+02,8.837570151407036e-05,1.337475968076798e+09,7.477348166854683e-01,1.506895125959258e+14,16
4.270000000001115e-05,427,3.000000000000000e+02,6.116384065189510e+02,3.061354953529189e+02,8.858219215092168e-05,1.339511337349526e+09,7.499358402549311e-01,1.506681634423105e+14,16
4.280000000001137e-05,428,3.000000000000000e+02,6.123529416851273e+02,3.061563065892505e+02,8.877128869542799e-05,1.340125850505807e+09,7.520369219049706e-01,1.504639518272332e+14,16
4.290000000001159e-05,429,3.000000000000000e+02,6.130252229957742e+02,3.061766930476161e+02,8.897339808277587e-05,1.341258195243304e+09,7.540360839395643e-01,1.503837540256791e+14,16
4.300000000001181e-05,430,3.000000000000000e+02,6.137251695543207e+02,3.061974931628097e+02,8.917983180843712e-05,1.341614484839978e+09,7.561041772131541e-01,1.502643002513985e+14,16
4.310000000001203e-05,431,3.000000000000000e+02,6.144282895237312e+02,3.062184618367629e+02,8.938718914506431e-05,1.341832334471602e+09,7.581813133266624e-01,1.502388121450605e+14,16
4.320000000001225e-05,432,3.000000000000000e+02,6.151268541880906e+02,3.062397796836332e+02,8.960127007651986e-05,1.341389348805060e+09,7.602452674996211e-01,1.495275336179491e+14,16
4.330000000001247e-05,433,3.000000000000000e+02,6.158026954235714e+02,3.062608874247261e+02,8.981747583059861e-05,1.343025533041697e+09,7.622579311849926e-01,1.492459375736467e+14,16
4.340000000001269e-05,434,3.000000000000000e+02,6.164864505587702e+02,3.062824190284871e+02,9.002519325054708e-05,1.343113771030617e+09,7.642950707512063e-01,1.490048319097405e+14,16
4.350000000001291e-05,435,3.000000000000000e+02,6.171353613424360e+02,3.063037716026902e+02,9.023517584708798e-05,1.344427335021117e+09,7.662464106851657e-01,1.482295348980948e+14,16
4.360000000001313e-05,436,3.000000000000000e+02,6.178048894312483e+02,3.063252174512797e+02,9.044801430986743e-05,1.343848556962293e+09,7.682484163844601e-01,1.485113025899662e+14,16
4.370000000001335e-05,437,3.000000000000000e+02,6.184875727201812e+02,3.063470694106347e+02,9.066756122111109e-05,1.344998566141034e+09,7.702822273817634e-01,1.480871640870269e+14,16
4.380000000001357e-05,438,3.000000000000000e+02,6.191914239223229e+02,3.063690156804137e+02,9.088972270845282e-05,1.343105689719675e+09,7.723730079522981e-01,1.469465504933150e+14,16
4.390000000001379e-05,439,3.000000000000000e+02,6.199082558294358e+02,3.063911915201310e+02,9.111128533835086e-05,1.343093813629989e+09,7.744910534597077e-01,1.463635071554162e+14,16
4.400000000001401e-05,440,3.000000000000000e+02,6.206284448750047e+02,3.064134774006328e+02,9.133362910468801e-05,1.343646304551833e+09,7.766204127651256e-01,1.461020222056382e+14,16
4.410000000001422e-05,441,3.000000000000000e+02,6.212717642851904e+02,3.064354192499169e+02,9.154509176733462e-05,1.343781110974668e+09,7.785648521541074e-01,1.458956926155897e+14,16
4.420000000001444e-05,442,3.000000000000000e+02,6.219582950412362e+02,3.064569154264892e+02,9.175005128693437e-05,1.342883358959740e+09,7.806191381381962e-01,1.457876866109124e+14,16
4.430000000001466e-05,443,3.000000000000000e+02,6.226722294451465e+02,3.064786368155177e+02,9.196169933986797e-05,1.342622058981120e+09,7.827405288136653e-01,1.455515519789090e+14,16
4.440000000001488e-05,444,3.000000000000000e+02,6.234451985864596e+02,3.065011061647360e+02,9.217778267175043e-05,1.351925298745808e+09,7.850113043723463e-01,1.462122407039867e+14,16
4.450000000001510e-05,445,3.000000000000000e+02,6.242250818570814e+02,3.065237862702302e+02,9.239629906889956e-05,1.345915505600739e+09,7.872963278277783e-01,1.458810463592843e+14,16
4.460000000001532e-05,446,3.000000000000000e+02,6.249877083595668e+02,3.065459953773150e+02,9.261695133455877e-05,1.342306976743468e+09,7.895445420260747e-01,1.454415442274979e+14,16
4.470000000001554e-05,447,3.000000000000000e+02,6.257140044529380e+02,3.065677807523826e+02,9.283110844124653e-05,1.342255013242589e+09,7.917066116345808e-01,1.450169372152131e+14,16
4.480000000001576e-05,448,3.000000000000000e+02,6.264367584054693e+02,3.065893919328378e+02,9.303723565931622e-05,1.340475562150857e+09,7.938685014033556e-01,1.449129124579119e+14,16
4.490000000001598e-05,449,3.000000000000000e+02,6.271477906142750e+02,3.066106802375379e+02,9.323776138998657e-05,1.340395546984889e+09,7.960054912322791e-01,1.447290029255911e+14,16
4.500000000001620e-05,450,3.000000000000000e+02,6.278806399837699e+02,3.066322336335547e+02,9.345070939238157e-05,1.340277578946737e+09,7.981990006082086e-01,1.446937137932936e+14,16
4.510000000001642e-05,451,3.000000000000000e+02,6.284733382422859e+02,3.066550450596554e+02,9.367476352548739e-05,1.372669058833084e+09,8.000244884570494e-01,1.453790879585232e+14,16
4.520000000001664e-05,452,3.000000000000000e+02,6.296180626771982e+02,3.066800730732443e+02,9.391256918525185e-05,1.356028656831832e+09,8.032801352263348e-01,1.466356538091686e+14,16
4.530000000001686e-05,453,3.000000000000000e+02,6.306579590014293e+02,3.067043320341339e+02,9.414129089739601e-05,1.346248690102777e+09,8.062775472504601e-01,1.473259083446510e+14,16
4.540000000001708e-05,454,3.000000000000000e+02,6.316570191284331e+02,3.067278726293010e+02,9.436632879214761e-05,1.342270590981410e+09,8.091787246539688e-01,1.474891093826802e+14,16
4.550000000001729e-05,455,3.000000000000000e+02,6.329160536295547e+02,3.067511312307223e+02,9.459193541807910e-05,1.339920087997176e+09,8.120578528005020e-01,1.473232549718493e+14,16
4.560000000001751e-05,456,3.000000000000000e+02,6.346567524706869e+02,3.067741202798597e+02,9.480992335927049e-05,1.336865996876731e+09,8.149070415195687e-01,1.459447874985482e+14,16
4.570000000001773e-05,457,3.000000000000000e+02,6.363977881047767e+02,3.067973898227004e+02,9.503849405027227e-05,1.336496781876399e+09,8.178164952589106e-01,1.463833121605067e+14,16
4.580000000001795e-05,458,3.000000000000000e+02,6.381694031462275e+02,3.068212182925708e+02,9.526965225736959e-05,1.334085517869846e+09,8.208239699424670e-01,1.466721734734577e+14,16
4.590000000001817e-05,459,3.000000000000000e+02,6.398849428824163e+02,3.068450320475965e+02,9.549785035465623e-05,1.331192173088512e+09,8.238340810682577e-01,1.466249881289636e+14,15
4.600000000001839e-05,460,3.000000000000000e+02,6.416057764440745e+02,3.068689480007592e+02,9.572662257535666e-05,1.331180235570307e+09,8.268932898598025e-01,1.472440346783048e+14,16
4.610000000001861e-05,461,3.000000000000000e+02,6.432472584616005e+02,3.068924975876115e+02,9.594868233084243e-05,1.329239180024868e+09,8.313649665608839e-01,1.471853198655507e+14,16
4.620000000001883e-05,462,3.000000000000000e+02,6.448816259888445e+02,3.069156824014408e+02,9.615953050401413e-05,1.330999510345891e+09,8.359711011066147e-01,1.476901371552109e+14,16
4.630000000001905e-05,463,3.000000000000000e+02,6.464282746100542e+02,3.069388139707564e+02,9.637514747835062e-05,1.330483501741753e+09,8.403786065958061e-01,1.480425570679320e+14,16
4.640000000001927e-05,464,3.000000000000000e+02,6.478803323729057e+02,3.069614022289545e+02,9.658635280402785e-05,1.331326770036682e+09,8.445779274558085e-01,1.481698899475535e+14,16
4.650000000001949e-05,465,3.000000000000000e+02,6.493858772382262e+02,3.069840731869414e+02,9.679048946352761e-05,1.330549011253741e+09,8.489175388214886e-01,1.499846248997605e+14,16
4.660000000001971e-05,466,3.000000000000000e+02,6.507837356567098e+02,3.070062169565833e+02,9.699540259374740e-05,1.330707562528772e+09,8.530008087739896e-01,1.541185206003136e+14,16
4.670000000001993e-05,467,3.000000000000000e+02,6.521385237857743e+02,3.070283415428509e+02,9.720601924205614e-05,1.333687909782326e+09,8.569912406814664e-01,1.493931375301798e+14,16
4.680000000002014e-05,468,3.000000000000000e+02,6.535320369155137e+02,3.070505406151048e+02,9.740940366023079e-05,1.333137250242805e+09,8.610961067167138e-01,1.497035049090985e+14,16
4.690000000002036e-05,469,3.000000000000000e+02,6.548827067083720e+02,3.070726778102717e+02,9.760998960204478e-05,1.332286148927690e+09,8.651132711908307e-01,1.592737592952872e+14,16
4.700000000002058e-05,470,3.000000000000000e+02,6.561633481919347e+02,3.070944393536529e+02,9.780941463141252e-05,1.333092169036495e+09,8.689615300440056e-01,1.505518452202238e+14,16
4.710000000002080e-05,471,3.000000000000000e+02,6.574748123411667e+02,3.071165153872703e+02,9.801983742055064e-05,1.333924168324078e+09,8.728940046380503e-01,1.517968897058209e+14,16
4.720000000002102e-05,472,3.000000000000000e+02,6.587944484805898e+02,3.071390464971199e+02,9.823136641165131e-05,1.335281756658300e+09,8.768537705404138e-01,1.573668619202407e+14,16
4.730000000002124e-05,473,3.000000000000000e+02,6.601183178737623e+02,3.071618690035469e+02,9.844610734788702e-05,1.337390651455298e+09,8.808355963401951e-01,1.522003206109270e+14,16
4.740000000002146e-05,474,3.000000000000000e+02,6.620818233297766e+02,3.071864417962196e+02,9.866138228030466e-05,1.350275771124187e+09,8.864471877502016e-01,1.554090826385830e+14,15
4.750000000002168e-05,475,3.000000000000000e+02,6.642304825708594e+02,3.072120373379295e+02,9.888724340710899e-05,1.361401465583652e+09,8.924984706622369e-01,1.561487523962235e+14,16
4.760000000002190e-05,476,3.000000000000000e+02,6.670434754061785e+02,3.072393966490326e+02,9.912098097113825e-05,1.347322072215350e+09,9.002484147514037e-01,1.579606668918142e+14,16
4.770000000002212e-05,477,3.000000000000000e+02,6.691929471492112e+02,3.072666512029274e+02,9.938094089703193e-05,1.341839521632156e+09,9.063560868990963e-01,1.616921291313921e+14,14
4.780000000002234e-05,478,3.000000000000000e+02,6.710974083887031e+02,3.072924685317337e+02,9.963243011593085e-05,1.334095692922350e+09,9.119015900268267e-01,1.564326609429871e+14,16
4.790000000002256e-05,479,3.000000000000000e+02,6.727420037845745e+02,3.073170238752990e+02,9.986561002323307e-05,1.332321333432291e+09,9.168146594368659e-01,1.577414286643874e+14,16
4.800000000002278e-05,480,3.000000000000000e+02,6.743368839724694e+02,3.073412553992316e+02,1.000971736419969e-04,1.334341740154945e+09,9.216358081426888e-01,1.580245762459058e+14,16
4.810000000002300e-05,481,3.000000000000000e+02,6.758793999147996e+02,3.073654832197086e+02,1.003340908374086e-04,1.332797297882031e+09,9.263430281320868e-01,1.574882717523951e+14,16
4.820000000002321e-05,482,3.000000000000000e+02,6.774868989843916e+02,3.073902679035837e+02,1.005719533576365e-04,1.333737980650403e+09,9.312292330746952e-01,1.726969043500786e+14,14
4.830000000002343e-05,483,3.000000000000000e+02,6.790091058560428e+02,3.074152266104555e+02,1.008099472559926e-04,1.337433507625074e+09,9.359145165367079e-01,1.575847862574633e+14,17
4.840000000002365e-05,484,3.000000000000000e+02,6.803655561692414e+02,3.074390837087856e+02,1.010371152359594e-04,1.335140386155539e+09,9.401894615433152e-01,1.578238641926178e+14,17
4.850000000002387e-05,485,3.000000000000000e+02,6.816997130640206e+02,3.074622709246684e+02,1.012555146607312e-04,1.333304677578199e+09,9.444104864906582e-01,1.574259160171703e+14,17
4.860000000002409e-05,486,3.000000000000000e+02,6.828968459455215e+02,3.074848761848630e+02,1.014674187006142e-04,1.333882586672575e+09,9.482841755683271e-01,1.571324496225470e+14,17
4.870000000002431e-05,487,3.000000000000000e+02,6.840165899276838e+02,3.075071039063370e+02,1.016723508251022e-04,1.333171476199308e+09,9.519686071697444e-01,1.637876849820911e+14,15
4.880000000002453e-05,488,3.000000000000000e+02,6.850620314489523e+02,3.075291464687110e+02,1.018751933750674e-04,1.337773966812739e+09,9.554695263478246e-01,1.562613547971405e+14,17
4.890000000002475e-05,489,3.000000000000000e+02,6.860188439531047e+02,3.075503980140276e+02,1.020665921865459e-04,1.334806838337311e+09,9.587356134484297e-01,1.570359036901447e+14,17
4.900000000002497e-05,490,3.000000000000000e+02,6.868707230343059e+02,3.075712567762710e+02,1.022622811725425e-04,1.339748904998740e+09,9.617231289568708e-01,1.562723338314277e+14,17
4.910000000002519e-05,491,3.000000000000000e+02,6.876948926234994e+02,3.075919518124384e+02,1.024566019396566e-04,1.334103430439602e+09,9.646402043658533e-01,1.558868475312352e+14,17
4.920000000002541e-05,492,3.000000000000000e+02,6.885544734384224e+02,3.076128717112965e+02,1.026509784704980e-04,1.337686620574865e+09,9.676599665672198e-01,1.557257311534656e+14,17
4.930000000002563e-05,493,3.000000000000000e+02,6.893547562086944e+02,3.076335637153604e+02,1.028426382331236e-04,1.346258096996735e+09,9.705276323709157e-01,1.543610511320548e+14,17
4.940000000002585e-05,494,3.000000000000000e+02,6.901270382524333e+02,3.076542707748467e+02,1.030390023523907e-04,1.336317022297925e+09,9.733249408882134e-01,1.612761665783384e+14,16
4.950000000002607e-05,495,3.000000000000000e+02,6.909341493260191e+02,3.076752126392487e+02,1.032361710557343e-04,1.340390656720203e+09,9.762232605260157e-01,1.541045707430921e+14,17
4.960000000002628e-05,496,3.000000000000000e+02,6.917964869794500e+02,3.076968360004528e+02,1.034420417510978e-04,1.340079013371800e+09,9.792718033032934e-01,1.542449210869378e+14,17
4.970000000002650e-05,497,3.000000000000000e+02,6.926052648197797e+02,3.077187031255905e+02,1.036581747716205e-04,1.339136714077193e+09,9.821773893678500e-01,1.544271005629702e+14,17
4.980000000002672e-05,498,3.000000000000000e+02,6.934408819701525e+02,3.077408804018090e+02,1.038758654179748e-04,1.337987052880395e+09,9.851642548427078e-01,1.546289332944048e+14,17
4.990000000002694e-05,499,3.000000000000000e+02,6.943076756400163e+02,3.077637223825685e+02,1.040940226692414e-04,1.335421606536576e+09,9.882421490980285e-01,1.545926949925453e+14,17
5.000000000002716e-05,500,3.000000000000000e+02,6.951628279708602e+02,3.077869327872717e+02,1.043170343860029e-04,1.340605718231032e+09,9.912953037458633e-01,1.519300239346559e+14,17
5.010000000002738e-05,501,3.000000000000000e+02,6.960355868611556e+02,3.078105863078302e+02,1.045421171486759e-04,1.341465296709110e+09,9.944037023227712e-01,1.523699918836792e+14,17
5.020000000002760e-05,502,3.000000000000000e+02,6.969339828872087e+02,3.078346655340032e+02,1.047687625564915e-04,1.339716342668702e+09,9.975874815331951e-01,1.523970277158679e+14,17
5.030000000002782e-05,503,3.000000000000000e+02,6.977515576913027e+02,3.078584700603133e+02,1.049959863096371e-04,1.340521906245143e+09,1.000557265336602e+00,1.533946365804464e+14,17
5.040000000002804e-05,504,3.000000000000000e+02,6.985759528176676e+02,3.078823869119566e+02,1.052206087762526e-04,1.342936515193039e+09,1.003552893095032e+00,1.533483791933213e+14,17
5.050000000002826e-05,505,3.000000000000000e+02,6.993853270876622e+02,3.079065690953902e+02,1.054462892428223e-04,1.336981630976399e+09,1.006511912573621e+00,1.525583091294870e+14,17
5.060000000002848e-05,506,3.000000000000000e+02,7.001413823616851e+02,3.079301405554787e+02,1.056657311957990e-04,1.334481617640527e+09,1.009329868639748e+00,1.520102195084601e+14,17
5.070000000002870e-05,507,3.000000000000000e+02,7.009573962947069e+02,3.079536239866216e+02,1.058752635544263e-04,1.337496678191175e+09,1.012319798051581e+00,1.518370992278062e+14,17
5.080000000002892e-05,508,3.000000000000000e+02,7.017380081538125e+02,3.079764129190241e+02,1.060814625163291e-04,1.333682703890933e+09,1.015219222811716e+00,1.514720738438512e+14,17
5.090000000002914e-05,509,3.000000000000000e+02,7.025883917710099e+02,3.079994238215735e+02,1.062878012391824e-04,1.338511369600691e+09,1.018317185050721e+00,1.508706389050242e+14,17
5.100000000002935e-05,510,3.000000000000000e+02,7.034185427592373e+02,3.080223214794660e+02,1.064943865590452e-04,1.336082868020985e+09,1.021360183041897e+00,1.503196000437287e+14,17
5.110000000002957e-05,511,3.000000000000000e+02,7.042519634272346e+02,3.080449941946223e+02,1.067059987197224e-04,1.334654585784908e+09,1.024420490968477e+00,1.498174138306569e+14,17
5.120000000002979e-05,512,3.000000000000000e+02,7.050536897918549e+02,3.080672677906131e+02,1.069100919044020e-04,1.337642400860093e+09,1.027395669667285e+00,1.495593574421243e+14,17
5.130000000003001e-05,513,3.000000000000000e+02,7.058452960044391e+02,3.080893792694426e+02,1.071139049808260e-04,1.333872156021377e+09,1.030351914193276e+00,1.496614302888650e+14,17
5.140000000003023e-05,514,3.000000000000000e+02,7.067028473863585e+02,3.081114647218116e+02,1.073170446263479e-04,1.339967327757761e+09,1.033498981718952e+00,1.495127005962986e+14,17
5.150000000003045e-05,515,3.000000000000000e+02,7.076032189768449e+02,3.081340336905199e+02,1.075280145979176e-04,1.336863103370513e+09,1.036773350926870e+00,1.492078485471108e+14,17
5.160000000003067e-05,516,3.000000000000000e+02,7.085430019626144e+02,3.081569199681615e+02,1.077413699115184e-04,1.339442184781052e+09,1.040158465563195e+00,1.489255407896408e+14,17
5.170000000003089e-05,517,3.000000000000000e+02,7.095173594647464e+02,3.081799449849577e+02,1.079632659060772e-04,1.335868855012363e+09,1.043644624655831e+00,1.485037900221722e+14,17
5.180000000003111e-05,518,3.000000000000000e+02,7.105425495512743e+02,3.082032644925677e+02,1.081848239833092e-04,1.337947136305849e+09,1.047273940337357e+00,1.485018152205389e+14,17
5.190000000003133e-05,519,3.000000000000000e+02,7.114095460358495e+02,3.082267868195711e+02,1.084122412355775e-04,1.337032039439113e+09,1.050474685680478e+00,1.481499162197652e+14,17
5.200000000003155e-05,520,3.000000000000000e+02,7.120211169951805e+02,3.082501320417207e+02,1.086342408466738e-04,1.334059745006794e+09,1.052962325159557e+00,1.474353404391835e+14,18
5.210000000003177e-05,521,3.000000000000000e+02,7.125761670133762e+02,3.082732147698256e+02,1.088546487214593e-04,1.334697370008237e+09,1.055293049709487e+00,1.467543199856749e+14,18
5.220000000003199e-05,522,3.000000000000000e+02,7.131141059655213e+02,3.082961642010527e+02,1.090750771151277e-04,1.331013194020893e+09,1.057578324197398e+00,1.462312834318813e+14,18
5.230000000003220e-05,523,3.000000000000000e+02,7.136489237822949e+02,3.083188525038513e+02,1.092917406788644e-04,1.332327822357881e+09,1.059857717218471e+00,1.457403548972956e+14,18
5.240000000003242e-05,524,3.000000000000000e+02,7.142130038794055e+02,3.083416261902055e+02,1.095081073740902e-04,1.333832002964261e+09,1.062226198459635e+00,1.452489416462428e+14,18
5.250000000003264e-05,525,3.000000000000000e+02,7.147612809961626e+02,3.083645077136599e+02,1.097256025266279e-04,1.334231387954468e+09,1.064549041304573e+00,1.444371193367609e+14,18
5.260000000003286e-05,526,3.000000000000000e+02,7.153070388994058e+02,3.083870025574053e+02,1.099368051926465e-04,1.332538610998265e+09,1.066871621088995e+00,1.436169235876767e+14,18
5.270000000003308e-05,527,3.000000000000000e+02,7.158458425905150e+02,3.084093891890289e+02,1.101381042104612e-04,1.332503375071219e+09,1.069177575444563e+00,1.431053048844951e+14,18
5.280000000003330e-05,528,3.000000000000000e+02,7.163212626744623e+02,3.084312075475780e+02,1.103359172320857e-04,1.331588618878195e+09,1.071297837363145e+00,1.422543749713499e+14,18
5.290000000003352e-05,529,3.000000000000000e+02,7.167677655498823e+02,3.084529189988604e+02,1.105338800508476e-04,1.334947962132269e+09,1.073334789000573e+00,1.494019199727822e+14,18
5.300000000003374e-05,530,3.000000000000000e+02,7.171878809020596e+02,3.084744105182068e+02,1.107231009683371e-04,1.333617761901968e+09,1.075301821440232e+00,1.422586411130668e+14,18
5.310000000003396e-05,531,3.000000000000000e+02,7.175648922781073e+02,3.084958337446673e+02,1.109193071980255e-04,1.329226323357602e+09,1.077136340162086e+00,1.544852471066660e+14,18
5.320000000003418e-05,532,3.000000000000000e+02,7.179444023620918e+02,3.085174490100391e+02,1.111187695678586e-04,1.335608216604281e+09,1.078981622435872e+00,1.418798655466191e+14,18
5.330000000003440e-05,533,3.000000000000000e+02,7.182835472216694e+02,3.085391966950551e+02,1.113146559109456e-04,1.328123674570403e+09,1.080702835755828e+00,1.446439721642188e+14,18
5.340000000003462e-05,534,3.000000000000000e+02,7.186344705165718e+02,3.085612337387752e+02,1.115145731146356e-04,1.331326455395418e+09,1.082467641384557e+00,1.402789159651873e+14,18
5.350000000003484e-05,535,2.999999999999999e+02,7.189812017710765e+02,3.085836199963230e+02,1.117175252505457e-04,1.335050619426627e+09,1.084220298683928e+00,1.397313518951732e+14,18
5.360000000003506e-05,536,2.999999999999999e+02,7.193235212489113e+02,3.086063762409024e+02,1.119245991232982e-04,1.339060262129655e+09,1.085959483514831e+00,1.401968048927695e+14,18
5.370000000003527e-05,537,2.999999999999999e+02,7.196945360576740e+02,3.086293885726307e+02,1.121369872760517e-04,1.338407446083851e+09,1.087788203033718e+00,1.399043941483412e+14,18
5.380000000003549e-05,538,2.999999999999999e+02,7.200666535627172e+02,3.086530040891239e+02,1.123568105086020e-04,1.336408818026596e+09,1.089618487178843e+00,1.545119263837830e+14,18
5.390000000003571e-05,539,2.999999999999999e+02,7.204500919052552e+02,3.086771428130774e+02,1.125776148299625e-04,1.349209244254788e+09,1.091483334703031e+00,1.401503569584862e+14,18
5.400000000003593e-05,540,2.999999999999984e+02,7.208490269252889e+02,3.087015095043803e+02,1.127988688474056e-04,1.339939158601681e+09,1.093399845900385e+00,1.701454263966668e+14,18
5.410000000003615e-05,541,2.999999999999984e+02,7.212279494635250e+02,3.087259305332783e+02,1.130183265663772e-04,1.341094114644425e+09,1.095256044486739e+00,1.399856316589620e+14,18
5.420000000003637e-05,542,2.999999999999984e+02,7.216226023152278e+02,3.087507628500653e+02,1.132417977322804e-04,1.336857012436754e+09,1.097160999104753e+00,1.693745745865130e+14,18
5.430000000003659e-05,543,2.999999999999984e+02,7.220472093100807e+02,3.087756776020631e+02,1.134625765707178e-04,1.333578254501902e+09,1.099153528191712e+00,1.415542304872656e+14,18
5.440000000003681e-05,544,2.999999999999984e+02,7.224669356310962e+02,3.088006362536963e+02,1.136844119156352e-04,1.334950415963128e+09,1.101133881910240e+00,1.547527270696714e+14,18
5.450000000003703e-05,545,2.999999999999984e+02,7.228599459943857e+02,3.088256071341224e+02,1.139037117855426e-04,1.336359483674882e+09,1.103029854915519e+00,1.413647971491663e+14,18
5.460000000003725e-05,546,2.999999999999984e+02,7.232675705879547e+02,3.088503892621412e+02,1.141194860223786e-04,1.336526427209073e+09,1.104972742445694e+00,1.434534605393065e+14,18
5.470000000003747e-05,547,2.999999999999984e+02,7.236735658320350e+02,3.088750044957678e+02,1.143255542150965e-04,1.337597110647106e+09,1.106912511980640e+00,1.491707531866966e+14,18
5.480000000003769e-05,548,2.999999999999984e+02,7.240404404429390e+02,3.088990960913050e+02,1.145258994809951e-04,1.337895041012866e+09,1.108733201672121e+00,1.405983118594111e+14,18
5.490000000003791e-05,549,2.999999999999984e+02,7.244538281630413e+02,3.089230442350256e+02,1.147244207387434e-04,1.335582606381742e+09,1.110699414159974e+00,1.704530349667395e+14,18
5.500000000003813e-05,550,2.999999999999984e+02,7.248542225896118e+02,3.089468348354808e+02,1.149212696737882e-04,1.337126274972342e+09,1.112622101759974e+00,1.402333851725486e+14,18
5.510000000003834e-05,551,2.999999999999984e+02,7.252525108878013e+02,3.089704860683064e+02,1.151212617594132e-04,1.339091604317942e+09,1.114539288135679e+00,1.837656083724787e+14,18
5.520000000003856e-05,552,2.999999999999984e+02,7.257080816305204e+02,3.089941664035297e+02,1.153190098385317e-04,1.351282947894923e+09,1.116633535023721e+00,1.409587451793149e+14,18
5.530000000003878e-05,553,2.999999999999984e+02,7.261667061545728e+02,3.090180139003102e+02,1.155141582091205e-04,1.345768834884683e+09,1.118731090079264e+00,1.801821432748827e+14,18
5.540000000003900e-05,554,2.999999999999984e+02,7.266774478567758e+02,3.090418882623578e+02,1.157136940911501e-04,1.343038114567519e+09,1.120989545740779e+00,1.404687252681754e+14,18
5.550000000003922e-05,555,2.999999999999984e+02,7.272222421003634e+02,3.090659101198854e+02,1.159120039813247e-04,1.346786847472590e+09,1.123355624278321e+00,1.685450551957028e+14,18
5.560000000003944e-05,556,2.999999999999984e+02,7.277653199665203e+02,3.090900113488563e+02,1.161140795950348e-04,1.341809562516118e+09,1.125713821396920e+00,1.411576953163788e+14,18
5.570000000003966e-05,557,2.999999999999984e+02,7.283558835286542e+02,3.091144970036710e+02,1.163192721781033e-04,1.344430293179481e+09,1.128217044438735e+00,1.580546512470529e+14,18
5.580000000003988e-05,558,2.999999999999984e+02,7.289737959911940e+02,3.091394623919713e+02,1.165305050134670e-04,1.349700631293638e+09,1.130802969617344e+00,1.496661110432027e+14,18
5.590000000004010e-05,559,2.999999999999984e+02,7.296369892334933e+02,3.091650740191545e+02,1.167445227169128e-04,1.342921486298834e+09,1.133529723109726e+00,1.416241357425587e+14,18
5.600000000004032e-05,560,2.999999999999984e+02,7.304967577741888e+02,3.091939576663435e+02,1.169575060039017e-04,1.339525858962282e+09,1.136845895370888e+00,1.673545416448277e+14,18
5.610000000004054e-05,561,2.999999999999984e+02,7.313820978748396e+02,3.092236284489987e+02,1.171974930074961e-04,1.342352352770818e+09,1.140211834327587e+00,1.426729446411996e+14,18
5.620000000004076e-05,562,2.999999999999984e+02,7.321932622558369e+02,3.092526889624675e+02,1.174404086982121e-04,1.337449524921665e+09,1.143379700967775e+00,1.906847481557821e+14,17
5.630000000004098e-05,563,2.999999999999984e+02,7.329246113311474e+02,3.092805866679833e+02,1.176743396003321e-04,1.350847351865164e+09,1.146306759149192e+00,1.425923639861881e+14,18
5.640000000004120e-05,564,2.999999999999984e+02,7.336898510110042e+02,3.093075727659683e+02,1.178991142605103e-04,1.338755410674653e+09,1.149352510268986e+00,1.886749398618869e+14,18
5.650000000004141e-05,565,2.999999999999984e+02,7.344579580534980e+02,3.093339948689252e+02,1.181216576834879e-04,1.345868843190377e+09,1.152413167437549e+00,1.421748774786722e+14,18
5.660000000004163e-05,566,2.999999999999984e+02,7.352997245915639e+02,3.093609464169371e+02,1.183492321051293e-04,1.349827225943939e+09,1.155702132258897e+00,1.688255234407653e+14,18
5.670000000004185e-05,567,2.999999999999984e+02,7.361172630743130e+02,3.093878232981175e+02,1.185782020292165e-04,1.350775728127922e+09,1.158918083905362e+00,1.419591759478358e+14,18
5.680000000004207e-05,568,2.999999999999984e+02,7.369569434637646e+02,3.094147440734355e+02,1.188054517233321e-04,1.355190674717203e+09,1.162213063949853e+00,1.416023730464523e+14,18
5.690000000004229e-05,569,2.999999999999984e+02,7.378775594565755e+02,3.094414800805945e+02,1.190258587335773e-04,1.346441912543992e+09,1.165773789144637e+00,1.717938318981077e+14,18
5.700000000004251e-05,570,2.999999999999984e+02,7.387003541540309e+02,3.094670479880401e+02,1.192409401432917e-04,1.353564878017423e+09,1.169040835871145e+00,1.407909444816025e+14,18
5.710000000004273e-05,571,2.999999999999984e+02,7.395473975529331e+02,3.094921527992092e+02,1.194528889770205e-04,1.346379678410499e+09,1.172387975647774e+00,2.136589992884501e+14,17
5.720000000004295e-05,572,2.999999999999984e+02,7.404094506217867e+02,3.095171536287591e+02,1.196609219111386e-04,1.354118185824220e+09,1.175778437300996e+00,1.398553187419760e+14,17
5.730000000004317e-05,573,2.999999999999984e+02,7.412777701152802e+02,3.095417464436009e+02,1.198645680535105e-04,1.350528118053853e+09,1.179214125965788e+00,2.146172681592573e+14,18
5.740000000004339e-05,574,2.999999999999984e+02,7.421859615441048e+02,3.095664087370982e+02,1.200714551292808e-04,1.345432908784196e+09,1.182772695948558e+00,1.398808988630855e+14,18
5.750000000004361e-05,575,2.999999999999984e+02,7.430853969698110e+02,3.095904373293366e+02,1.202722530350280e-04,1.348069512623681e+09,1.186305021440954e+00,1.735526924674058e+14,18
5.760000000004383e-05,576,2.999999999999984e+02,7.439499222052127e+02,3.096145616408791e+02,1.204824968942812e-04,1.348307717683225e+09,1.189742463860452e+00,1.508480567103781e+14,17
5.770000000004405e-05,577,2.999999999999984e+02,7.448584570598263e+02,3.096386279073532e+02,1.206854971710223e-04,1.345330988090291e+09,1.193330033013991e+00,1.387421000998025e+14,16
5.780000000004426e-05,578,2.999999999999984e+02,7.458114098838014e+02,3.096630531857514e+02,1.208883668489613e-04,1.342739285379981e+09,1.197058013778658e+00,2.064058335093007e+14,17
5.790000000004448e-05,579,2.999999999999984e+02,7.467010216111466e+02,3.096871257160381e+02,1.210981943532454e-04,1.352973168123414e+09,1.200588918679847e+00,1.384953741929864e+14,17
5.800000000004470e-05,580,2.999999999999984e+02,7.476291562584676e+02,3.097119896154897e+02,1.213153614775375e-04,1.337158629446194e+09,1.204254944742776e+00,2.409065887214734e+14,18
5.810000000004492e-05,581,2.999999999999984e+02,7.486283351676453e+02,3.097375888357191e+02,1.215329681985649e-04,1.342105227272690e+09,1.208133518313929e+00,1.371773567559552e+14,18
5.820000000004514e-05,582,2.999999999999984e+02,7.496220459245249e+02,3.097634173183864e+02,1.217555503887628e-04,1.347658826556250e+09,1.212008901806847e+00,2.255080840404369e+14,18
5.830000000004536e-05,583,2.999999999999984e+02,7.505527215118456e+02,3.097890915280378e+02,1.219806839050468e-04,1.347432232337279e+09,1.215692664304886e+00,1.376192917897164e+14,18
5.840000000004558e-05,584,2.999999999999984e+02,7.515415970915960e+02,3.098152410853031e+02,1.222044300241842e-04,1.350326097138479e+09,1.219572428765527e+00,1.524215997863527e+14,17
5.850000000004580e-05,585,2.999999999999984e+02,7.525599343878847e+02,3.098417743260728e+02,1.224317120573787e-04,1.345004594343358e+09,1.223548087906071e+00,2.022275294957785e+14,17
5.860000000004602e-05,586,2.999999999999984e+02,7.535829469634444e+02,3.098684188022546e+02,1.226632710644199e-04,1.355165643307795e+09,1.227540724754244e+00,1.397060548819554e+14,16
5.870000000004624e-05,587,2.999999999999984e+02,7.546242901143826e+02,3.098952049240024e+02,1.228949537483368e-04,1.340372059232121e+09,1.231593855071362e+00,2.601119901133632e+14,16
5.880000000004646e-05,588,2.999999999999990e+02,7.556535868924257e+02,3.099215271062508e+02,1.231188007598081e-04,1.352675435277159e+09,1.235616898391225e+00,1.360860367174023e+14,16
5.890000000004668e-05,589,2.999999999999986e+02,7.566783380225741e+02,3.099479112461676e+02,1.233443841141102e-04,1.347784929780610e+09,1.239648753513066e+00,2.515259226338783e+14,17
5.900000000004690e-05,590,2.999999999999986e+02,7.576922981409173e+02,3.099744396833858e+02,1.235667814526220e-04,1.352431722859400e+09,1.243659172257499e+00,1.354533446089496e+14,17
5.910000000004712e-05,591,2.999999999999986e+02,7.586949438699119e+02,3.100009008770178e+02,1.237833212756357e-04,1.348701234711899e+09,1.247644421264908e+00,1.767164945471738e+14,17
5.920000000004733e-05,592,2.999999999999986e+02,7.596583909119871e+02,3.100269226062171e+02,1.239972181253871e-04,1.342894223699719e+09,1.251521821591702e+00,1.844383605090462e+14,17
5.930000000004755e-05,593,2.999999999999986e+02,7.605821695146207e+02,3.100526996830940e+02,1.242141047175536e-04,1.348797434880407e+09,1.255295283570344e+00,1.334278996590755e+14,17
5.940000000004777e-05,594,2.999999999999986e+02,7.614919030644891e+02,3.100781494046543e+02,1.244246999844286e-04,1.336369771432142e+09,1.259035421997174e+00,2.660541455047489e+14,17
5.950000000004799e-05,595,2.999999999999986e+02,7.623932995311445e+02,3.101038686112038e+02,1.246378660146420e-04,1.348783682433947e+09,1.262760494965439e+00,1.374583898393581e+14,17
5.960000000004821e-05,596,2.999999999999986e+02,7.632455148085993e+02,3.101295373691129e+02,1.248549852780293e-04,1.341287644874069e+09,1.266345949232253e+00,2.565074905294726e+14,17
5.970000000004843e-05,597,2.999999999999986e+02,7.640563849951658e+02,3.101550508259078e+02,1.250681442785257e-04,1.342794936499770e+09,1.269820689150179e+00,1.389727564667364e+14,17
5.980000000004865e-05,598,2.999999999999986e+02,7.648335845167261e+02,3.101806163593692e+02,1.252751166116399e-04,1.347746877386571e+09,1.273194127034001e+00,1.630452317085212e+14,17
5.990000000004887e-05,599,2.999999999999986e+02,7.655218729215919e+02,3.102060083811035e+02,1.254951388428486e-04,1.347876458768175e+09,1.276291811755327e+00,2.003205254685412e+14,17
6.000000000004909e-05,600,2.999999999999986e+02,7.661699195002130e+02,3.102319537794352e+02,1.257121515915883e-04,1.364308271592925e+09,1.279267156162969e+00,1.361614013425443e+14,16
6.010000000004931e-05,601,2.999999999999990e+02,7.668001184799004e+02,3.102585493861043e+02,1.259312697429581e-04,1.379171167008898e+09,1.282188302367610e+00,2.580014562629399e+14,16
6.020000000004953e-05,602,2.999999999999990e+02,7.674153038826420e+02,3.102864668438318e+02,1.261530318972348e-04,1.384480754412793e+09,1.285061260276861e+00,1.328010233542130e+14,16
6.030000000004975e-05,603,2.999999999999990e+02,7.685347060568961e+02,3.103151539868947e+02,1.263847819637879e-04,1.371775982648739e+09,1.289409478961078e+00,2.248750945758595e+14,16
6.040000000004997e-05,604,2.999999999999990e+02,7.693817319154350e+02,3.103432131724757e+02,1.266176424731109e-04,1.354779408807954e+09,1.293048590392232e+00,1.291134583276291e+14,16
6.050000000005019e-05,605,2.999999999999990e+02,7.701290937673290e+02,3.103699804274495e+02,1.268478959942314e-04,1.348941665700504e+09,1.296381451903937e+00,1.335962589527411e+14,16
6.060000000005040e-05,606,2.999999999999990e+02,7.708127901960981e+02,3.103958331720049e+02,1.270711071455944e-04,1.343855625264342e+09,1.299507346477076e+00,2.020314885785838e+14,17
6.070000000005062e-05,607,2.999999999999990e+02,7.714301330141878e+02,3.104214224060004e+02,1.272964296987831e-04,1.341337061539680e+09,1.302377162637604e+00,1.366380370696321e+14,17
6.080000000005084e-05,608,2.999999999999990e+02,7.724326598844683e+02,3.104473416438438e+02,1.275289956847356e-04,1.343298456300758e+09,1.306530299311486e+00,1.966868756913293e+14,17
6.090000000005106e-05,609,2.999999999999990e+02,7.735360466084196e+02,3.104736077780339e+02,1.277617834848854e-04,1.350227137139823e+09,1.311017529732099e+00,1.357367136803843e+14,17
6.100000000005128e-05,610,2.999999999999990e+02,7.745466342624128e+02,3.104993062674880e+02,1.279860926328041e-04,1.346499712256840e+09,1.315233093966254e+00,1.491460151559509e+14,17
6.110000000005149e-05,611,2.999999999999990e+02,7.754885399066086e+02,3.105244049612050e+02,1.282003851467166e-04,1.347068662510839e+09,1.319236551225051e+00,1.440101990099052e+14,17
6.120000000005171e-05,612,2.999999999999990e+02,7.763399197858515e+02,3.105486199248010e+02,1.284100101043597e-04,1.341028714712373e+09,1.322953256018836e+00,1.517664292893619e+14,17
6.130000000005193e-05,613,2.999999999999990e+02,7.771592254621974e+02,3.105723452234328e+02,1.286173510260721e-04,1.336867527210862e+09,1.326568535785107e+00,1.357147800715022e+14,17
6.140000000005215e-05,614,2.999999999999990e+02,7.779080371719824e+02,3.105958418444407e+02,1.288190173593283e-04,1.340113141254937e+09,1.329958133094287e+00,1.768973384540508e+14,17
6.150000000005237e-05,615,2.999999999999990e+02,7.786488233162499e+02,3.106193322266278e+02,1.290157659727218e-04,1.332737320601080e+09,1.333323897422616e+00,1.342156903436377e+14,17
6.160000000005259e-05,616,2.999999999999990e+02,7.793372370095540e+02,3.106426104738615e+02,1.292153964885960e-04,1.330556456290980e+09,1.336519895199118e+00,1.494282483501555e+14,17
6.170000000005281e-05,617,2.999999999999990e+02,7.800255355554992e+02,3.106658918427178e+02,1.294119211478124e-04,1.329175549351123e+09,1.339720827985417e+00,1.779688407526433e+14,16
6.180000000005303e-05,618,2.999999999999990e+02,7.806722360002873e+02,3.106891240033619e+02,1.296061149047277e-04,1.338350691212204e+09,1.342784753340154e+00,1.382290784006904e+14,16
6.190000000005325e-05,619,2.999999999999990e+02,7.813136486319499e+02,3.107123921997985e+02,1.298026988828136e-04,1.330822402687426e+09,1.345829690690719e+00,2.691297830307654e+14,16
6.200000000005347e-05,620,2.999999999999990e+02,7.818902912329652e+02,3.107360036477339e+02,1.300005900474666e-04,1.336528335060405e+09,1.348654045418270e+00,1.379225203780028e+14,16
6.210000000005369e-05,621,2.999999999999990e+02,7.824395952503531e+02,3.107597097653075e+02,1.302020702016652e-04,1.338260873176689e+09,1.351385087968886e+00,2.200865857558020e+14,16
6.220000000005391e-05,622,2.999999999999990e+02,7.829507982199245e+02,3.107837630013172e+02,1.304028198918018e-04,1.345027950944201e+09,1.353985101259796e+00,1.554366947615438e+14,16
6.230000000005413e-05,623,2.999999999999991e+02,7.835044229375368e+02,3.108089172704127e+02,1.306058996353900e-04,1.376239552496859e+09,1.356733180098020e+00,1.400995348101545e+14,16
6.240000000005434e-05,624,2.999999999999991e+02,7.844044708206483e+02,3.108383309124323e+02,1.308203590037635e-04,1.344168046885320e+09,1.360661249360913e+00,2.795936090203918e+14,16
6.250000000005456e-05,625,2.999999999999991e+02,7.850057125192189e+02,3.108663423262767e+02,1.310616208669992e-04,1.341692380047046e+09,1.363546519131112e+00,1.566733925771596e+14,15
6.260000000005478e-05,626,2.999999999999991e+02,7.856634401407662e+02,3.108931807368370e+02,1.312945747396240e-04,1.343578309077678e+09,1.366649781185518e+00,2.531076657309050e+14,16
6.270000000005500e-05,627,2.999999999999991e+02,7.861722894003175e+02,3.109189832021190e+02,1.315146205378445e-04,1.337649583827969e+09,1.369231348964018e+00,1.460903210727492e+14,16
6.280000000005522e-05,628,2.999999999999991e+02,7.867402244153645e+02,3.109445524180985e+02,1.317317611816963e-04,1.338442417437997e+09,1.372031201156918e+00,1.425076400781419e+14,16
6.290000000005544e-05,629,2.999999999999991e+02,7.872840342772549e+02,3.109705398724233e+02,1.319568998632064e-04,1.349186542061234e+09,1.374751557782267e+00,1.743756048011689e+14,16
6.300000000005566e-05,630,2.999999999999991e+02,7.878145419629244e+02,3.109966131179292e+02,1.321868298638364e-04,1.344309608039153e+09,1.377412782882386e+00,1.418356155843677e+14,16
6.310000000005588e-05,631,2.999999999999991e+02,7.883670600516050e+02,3.110226967716634e+02,1.324104154190785e-04,1.345186932406382e+09,1.380153642505854e+00,1.431057864910002e+14,16
6.320000000005610e-05,632,2.999999999999991e+02,7.889596385293420e+02,3.110492141004685e+02,1.326376671315180e-04,1.342968942374860e+09,1.383048913709695e+00,1.680728632071846e+14,16
6.330000000005632e-05,633,2.999999999999914e+02,7.895126802287658e+02,3.110753288687734e+02,1.328631820597855e-04,1.340344910851583e+09,1.385802063446270e+00,1.437096424419028e+14,16
6.340000000005654e-05,634,2.999999999999914e+02,7.900355157623937e+02,3.111005764083918e+02,1.330756671134674e-04,1.340986195975798e+09,1.388448746064005e+00,2.346182420572390e+14,16
6.350000000005676e-05,635,2.999999999999914e+02,7.905719848867923e+02,3.111258242369595e+02,1.332871840421115e-04,1.343189372517560e+09,1.391150978438636e+00,1.419857476632468e+14,16
6.360000000005698e-05,636,2.999999999999914e+02,7.910610391597681e+02,3.111497270857002e+02,1.334893476437425e-04,1.339509106525314e+09,1.393695925837605e+00,1.414297371590315e+14,16
6.370000000005720e-05,637,2.999999999999914e+02,7.916702650614974e+02,3.111742206271466e+02,1.336933753580455e-04,1.332033265844468e+09,1.396678734122241e+00,2.335781250642918e+14,16
6.380000000005741e-05,638,2.999999999999914e+02,7.922591599121513e+02,3.111982232413731e+02,1.338950085113759e-04,1.332506943594409e+09,1.399589898881493e+00,1.642729064178860e+14,15
6.390000000005763e-05,639,2.999999999999914e+02,7.928174109297198e+02,3.112219708905199e+02,1.341082136793260e-04,1.340008375920257e+09,1.402402008642675e+00,2.525609108078310e+14,16
6.400000000005785e-05,640,2.999999999999914e+02,7.934414331829319e+02,3.112458552850474e+02,1.343121307703808e-04,1.333794897385727e+09,1.405463942620569e+00,1.489770737027739e+14,16
6.410000000005807e-05,641,2.999999999999914e+02,7.941002633132966e+02,3.112698770331888e+02,1.345122054177944e-04,1.333182876034587e+09,1.408669159132415e+00,1.373152893072890e+14,16
6.420000000005829e-05,642,2.999999999999914e+02,7.947130939043342e+02,3.112934987735163e+02,1.347191792551634e-04,1.334112872686073e+09,1.411702995439528e+00,2.310170999359612e+14,16
6.430000000005851e-05,643,2.999999999999914e+02,7.953399996098217e+02,3.113172885923628e+02,1.349340885535553e-04,1.335169237666467e+09,1.414800943466646e+00,1.493264918279607e+14,16
6.440000000005873e-05,644,2.999999999999914e+02,7.960122206253923e+02,3.113420595902084e+02,1.351534695998177e-04,1.331300274636783e+09,1.418058438621799e+00,1.597648978036036e+14,16
6.450000000005895e-05,645,2.999999999999914e+02,7.966931639384077e+02,3.113667042978225e+02,1.353812513510797e-04,1.338887989118552e+09,1.421356734812651e+00,2.597192921768784e+14,16
6.460000000005917e-05,646,2.999999999999914e+02,7.973693857174775e+02,3.113915292463557e+02,1.356087614315917e-04,1.326977160971608e+09,1.424638398710956e+00,1.803521223596292e+14,15
6.470000000005939e-05,647,2.999999999999914e+02,7.983893732018657e+02,3.114180718054924e+02,1.358362789095592e-04,1.347156895164273e+09,1.429179993014824e+00,2.889219075651111e+14,16
6.480000000005961e-05,648,2.999999999999914e+02,7.997111794566109e+02,3.114468563140201e+02,1.360751504367395e-04,1.360312038259354e+09,1.434778093633442e+00,1.438001747274744e+14,16
6.490000000005983e-05,649,2.999999999999914e+02,8.012172168347204e+02,3.114778012151525e+02,1.363254800418251e-04,1.364534420784672e+09,1.441069482992370e+00,1.422726074341755e+14,16
6.500000000006005e-05,650,2.999999999999914e+02,8.024926703689023e+02,3.115088039252873e+02,1.366036208242312e-04,1.371170130000377e+09,1.446477864959278e+00,2.411237029589798e+14,16
6.510000000006026e-05,651,2.999999999999914e+02,8.037220872831091e+02,3.115381611579326e+02,1.368672836606562e-04,1.366999205894669e+09,1.451763539726998e+00,1.453550464365469e+14,16
6.520000000006048e-05,652,2.999999999999914e+02,8.048621569434899e+02,3.115661153202247e+02,1.371183093687713e-04,1.359952876154488e+09,1.456749358095638e+00,1.507315738555762e+14,16
6.530000000006070e-05,653,2.999999999999914e+02,8.059594379163984e+02,3.115930277356484e+02,1.373621625663399e-04,1.352947414320806e+09,1.461619063393833e+00,2.237665010553766e+14,16
6.540000000006092e-05,654,2.999999999999914e+02,8.069785262124316e+02,3.116190046759330e+02,1.376002384161348e-04,1.348484645791497e+09,1.466210495690877e+00,1.572782682836282e+14,15
6.550000000006114e-05,655,2.999999999999914e+02,8.079665929931239e+02,3.116447249662390e+02,1.378380697295321e-04,1.341183193861609e+09,1.470695274995528e+00,3.011931899409682e+14,16
6.560000000006136e-05,656,2.999999999999914e+02,8.089950749121549e+02,3.116701093040741e+02,1.380726664416557e-04,1.339437491272920e+09,1.475347507380876e+00,1.479916869221013e+14,16
6.570000000006158e-05,657,2.999999999999826e+02,8.099466553841037e+02,3.116952684954732e+02,1.383063186570166e-04,1.341974709296638e+09,1.479740504394081e+00,1.462192372523973e+14,16
6.580000000006180e-05,658,2.999999999999826e+02,8.109804184839609e+02,3.117200698523918e+02,1.385323854059928e-04,1.325598606638217e+09,1.484442312351067e+00,2.792041077816439e+14,16
6.590000000006202e-05,659,2.999999999999826e+02,8.118851207586624e+02,3.117443225288906e+02,1.387511609186772e-04,1.323216337424524e+09,1.488693782899992e+00,1.457944796570850e+14,16
6.600000000006224e-05,660,2.999999999999826e+02,8.127356133755502e+02,3.117674303904808e+02,1.389654242304377e-04,1.323388551700042e+09,1.492751708092886e+00,1.978243381944788e+14,16
6.610000000006246e-05,661,2.999999999999826e+02,8.135858492413022e+02,3.117904908330338e+02,1.391688564900059e-04,1.321188080382949e+09,1.496831805040369e+00,2.171784236843894e+14,16
6.620000000006268e-05,662,2.999999999999826e+02,8.144004827761988e+02,3.118125728929858e+02,1.393679156377942e-04,1.343359949192954e+09,1.500762578351968e+00,1.757800710677553e+14,15
6.630000000006290e-05,663,2.999999999999826e+02,8.151889327103777e+02,3.118348124891275e+02,1.395793216339138e-04,1.320025520014755e+09,1.504605880764868e+00,3.485015078900709e+14,16
6.640000000006312e-05,664,2.999999999999826e+02,8.159430089178520e+02,3.118566103013699e+02,1.397880032820090e-04,1.339908210689348e+09,1.508315730060203e+00,1.661239339376140e+14,16
6.650000000006333e-05,665,2.999999999999826e+02,8.167249052059898e+02,3.118785239241781e+02,1.399895032245090e-04,1.321387575535212e+09,1.512141434931002e+00,1.426751741129671e+14,16
6.660000000006355e-05,666,2.999999999999826e+02,8.174274238427589e+02,3.118999274604121e+02,1.401942647218966e-04,1.323725935844549e+09,1.515688522607953e+00,2.978562457396614e+14,16
6.670000000006377e-05,667,2.999999999999826e+02,8.181162584194086e+02,3.119217143298545e+02,1.403973514001568e-04,1.321805415588495e+09,1.519178126420189e+00,1.516540043902604e+14,15
6.680000000006399e-05,668,2.999999999999826e+02,8.188234876597958e+02,3.119435156188255e+02,1.406041496104461e-04,1.321634747958671e+09,1.522769527123217e+00,2.455400045986312e+14,16
6.690000000006421e-05,669,2.999999999999826e+02,8.195236485211788e+02,3.119656230934843e+02,1.408125386824258e-04,1.322754694459026e+09,1.526314851479574e+00,1.424732796195887e+14,16
6.700000000006443e-05,670,2.999999999999826e+02,8.201965606568455e+02,3.119878425573024e+02,1.410358134434744e-04,1.325358196606552e+09,1.529773095239893e+00,1.877060830974376e+14,15
6.710000000006465e-05,671,2.999999999999826e+02,8.208618711184479e+02,3.120104144484914e+02,1.412548508744504e-04,1.328938443707706e+09,1.533204915783264e+00,3.622918359788819e+14,16
6.720000000006487e-05,672,2.999999999999826e+02,8.215444368101314e+02,3.120333884995085e+02,1.414753322273671e-04,1.325673914837937e+09,1.536703298326047e+00,1.894787828345613e+14,15
6.730000000006509e-05,673,2.999999999999826e+02,8.221857745167930e+02,3.120564548851568e+02,1.416987639635472e-04,1.334074133767617e+09,1.540058846304019e+00,1.440565574042023e+14,16
6.740000000006531e-05,674,2.999999999999826e+02,8.228729840472032e+02,3.120799651783838e+02,1.419181872747174e-04,1.328714608565255e+09,1.543593206419481e+00,2.621944097679112e+14,16
6.750000000006553e-05,675,2.999999999999826e+02,8.235155458415168e+02,3.121027797247935e+02,1.421324482339077e-04,1.322005714904728e+09,1.546956384174434e+00,1.707064885919959e+14,15
6.760000000006575e-05,676,2.999999999999826e+02,8.241653016151802e+02,3.121256637397960e+02,1.423518865267037e-04,1.330441794263826e+09,1.550352890269021e+00,3.261449525848684e+14,16
6.770000000006597e-05,677,2.999999999999826e+02,8.248410787407300e+02,3.121486383297735e+02,1.425696395417156e-04,1.330206382368097e+09,1.553839339439871e+00,1.451264631851206e+14,16
6.780000000006619e-05,678,2.999999999999826e+02,8.255299156089706e+02,3.121717224808909e+02,1.427886919495935e-04,1.335345520306269e+09,1.557393706188482e+00,1.921197387124366e+14,16
6.790000000006640e-05,679,2.999999999999826e+02,8.261982718551957e+02,3.121944367187668e+02,1.430009560467362e-04,1.334381834498168e+09,1.560868618809286e+00,4.104851335980765e+14,16
6.800000000006662e-05,680,2.999999999999826e+02,8.268337108408252e+02,3.122169316121911e+02,1.432088908279403e-04,1.329990819654727e+09,1.564233799698095e+00,2.208113488297317e+14,15
6.810000000006684e-05,681,2.999999999999826e+02,8.274728408230657e+02,3.122389231895123e+02,1.434061486505586e-04,1.332286251025441e+09,1.567610517656608e+00,2.238025681970369e+14,16
6.820000000006706e-05,682,2.999999999999826e+02,8.280927081129309e+02,3.122608240476330e+02,1.436072762168787e-04,1.330435142255762e+09,1.570925293579079e+00,1.831206604135474e+14,16
6.830000000006728e-05,683,2.999999999999826e+02,8.287236590389576e+02,3.122827030101375e+02,1.438066080162350e-04,1.329686746195872e+09,1.574280883790756e+00,2.029959677737545e+14,15
6.840000000006750e-05,684,2.999999999999826e+02,8.293867091844851e+02,3.123048316520964e+02,1.440174389330394e-04,1.342605412289032e+09,1.577756589740983e+00,4.012257098903035e+14,16
6.850000000006772e-05,685,2.999999999999826e+02,8.300737129788164e+02,3.123271937961852e+02,1.442157363115968e-04,1.338073371639543e+09,1.581332777781254e+00,1.983065027190145e+14,16
6.860000000006794e-05,686,2.999999999999826e+02,8.310562453917423e+02,3.123565924725788e+02,1.444241793416324e-04,1.385638019302604e+09,1.586001773572216e+00,1.670077491812036e+14,17
6.870000000006816e-05,687,2.999999999999826e+02,8.321174610552804e+02,3.123860149392523e+02,1.446787159580887e-04,1.364959118985771e+09,1.590967827121873e+00,2.370433557227964e+14,17
6.880000000006838e-05,688,2.999999999999826e+02,8.330400566441266e+02,3.124134691458490e+02,1.449258114260013e-04,1.361850442242817e+09,1.595498926990212e+00,2.292248015409866e+14,16
6.890000000006860e-05,689,2.999999999999826e+02,8.337982279946814e+02,3.124394392947703e+02,1.451554940098621e-04,1.342618279157738e+09,1.599344772007312e+00,2.749136975141370e+14,17
6.900000000006882e-05,690,2.999999999999826e+02,8.346323667807143e+02,3.124642310253790e+02,1.453865807586525e-04,1.339795126692422e+09,1.603554576145619e+00,1.930863172171978e+14,16
6.910000000006904e-05,691,2.999999999999826e+02,8.355788036189098e+02,3.124898315019839e+02,1.456216170578095e-04,1.344557297988422e+09,1.608148634818135e+00,1.759308691350475e+14,16
6.920000000006925e-05,692,2.999999999999826e+02,8.365770631030365e+02,3.125174827573410e+02,1.458843661353272e-04,1.351447070193307e+09,1.612970172360566e+00,1.585998065074936e+14,17
6.930000000006947e-05,693,2.999999999999826e+02,8.374953049319769e+02,3.125452042912327e+02,1.461517778769468e-04,1.347380683266117e+09,1.617464728681952e+00,2.490951423148552e+14,15
6.940000000006969e-05,694,2.999999999999826e+02,8.383699202562494e+02,3.125729181279788e+02,1.464124388609581e-04,1.349879149620235e+09,1.621856654644180e+00,2.672711602120893e+14,17
6.950000000006991e-05,695,2.999999999999826e+02,8.393106153070008e+02,3.125998830752899e+02,1.466492932377065e-04,1.347703172123939e+09,1.626521188208628e+00,2.458102536819851e+14,15
6.960000000007013e-05,696,2.999999999999826e+02,8.400746637262380e+02,3.126253947877244e+02,1.468840819982720e-04,1.348675783066486e+09,1.630494619319588e+00,1.422826960781402e+14,17
6.970000000007035e-05,697,2.999999999999826e+02,8.409090527848364e+02,3.126516775070967e+02,1.471297539470835e-04,1.351385737060690e+09,1.634712689694324e+00,1.748510288677772e+14,16
6.980000000007057e-05,698,2.999999999999826e+02,8.416931649689003e+02,3.126779408943962e+02,1.473687259945341e-04,1.347959037961688e+09,1.638746094848096e+00,2.036943291399857e+14,16
6.990000000007079e-05,699,2.999999999999826e+02,8.425123416430849e+02,3.127035779266724e+02,1.475885989984558e-04,1.352192757222500e+09,1.642911959496125e+00,3.023694603667648e+14,16
7.000000000007101e-05,700,2.999999999999826e+02,8.432833387802536e+02,3.127289233439591e+02,1.478098740792203e-04,1.349307524522982e+09,1.646891914304073e+00,2.488979298296306e+14,16
7.010000000007123e-05,701,2.999999999999826e+02,8.438593500360279e+02,3.127526556369033e+02,1.480130745743418e-04,1.346417189614253e+09,1.650041118659344e+00,2.538390905170388e+14,16
7.020000000007145e-05,702,2.999999999999826e+02,8.444886352972256e+02,3.127776561757178e+02,1.482350255470214e-04,1.352050046632658e+09,1.653483375574352e+00,2.017308869624184e+14,17
7.030000000007167e-05,703,2.999999999999826e+02,8.451419011089255e+02,3.128014432260960e+02,1.484312205587633e-04,1.346204879305643e+09,1.657039801603249e+00,2.098876916870770e+14,16
7.040000000007189e-05,704,2.999999999999826e+02,8.458294755865403e+02,3.128253833257685e+02,1.486336199842913e-04,1.343523521030351e+09,1.660689737757451e+00,1.561322864500734e+14,17
7.050000000007211e-05,705,2.999999999999826e+02,8.463980386070593e+02,3.128478291780448e+02,1.488333390310264e-04,1.338968290131474e+09,1.663879818727339e+00,2.827394643617199e+14,15
7.060000000007232e-05,706,2.999999999999826e+02,8.470286728366394e+02,3.128713187892095e+02,1.490532813458129e-04,1.339873238885217e+09,1.667296700397109e+00,2.190957601587528e+14,17
7.070000000007254e-05,707,2.999999999999826e+02,8.477316002349529e+02,3.128958791572593e+02,1.492703748119522e-04,1.335426690364072e+09,1.671032653732216e+00,2.670702065584405e+14,15
7.080000000007276e-05,708,2.999999999999826e+02,8.484312001214848e+02,3.129206250216164e+02,1.494900689401172e-04,1.337272766838521e+09,1.674723232817198e+00,1.430727514116891e+14,17
7.090000000007298e-05,709,2.999999999999826e+02,8.490631204593882e+02,3.129447164916414e+02,1.497164547061096e-04,1.344968727440415e+09,1.678164863355822e+00,1.709924654170579e+14,16
7.100000000007320e-05,710,2.999999999999826e+02,8.498172415105206e+02,3.129699079779421e+02,1.499486028359877e-04,1.338828208569019e+09,1.682052258816008e+00,2.048691303653263e+14,17
7.110000000007342e-05,711,2.999999999999826e+02,8.506509075181215e+02,3.129962234766933e+02,1.501846263420873e-04,1.355957720847786e+09,1.686317436878581e+00,2.543246536497547e+14,17
7.120000000007364e-05,712,2.999999999999826e+02,8.515017291448918e+02,3.130230067242941e+02,1.504436309995250e-04,1.343010071578719e+09,1.690544387998683e+00,2.720139811317082e+14,15
7.130000000007386e-05,713,2.999999999999826e+02,8.524104822067516e+02,3.130501023224699e+02,1.507061738091894e-04,1.340482175474479e+09,1.695022618240649e+00,2.380362399004407e+14,16
7.140000000007408e-05,714,2.999999999999826e+02,8.533267498485687e+02,3.130768904770885e+02,1.509507678144949e-04,1.342555110531404e+09,1.699480715318051e+00,2.394140701387122e+14,16
7.150000000007430e-05,715,2.999999999999826e+02,8.542990014640246e+02,3.131042464353166e+02,1.511995142311116e-04,1.344082087619306e+09,1.704226736839673e+00,1.683682167406144e+14,16
7.160000000007452e-05,716,2.999999999999826e+02,8.552773641006282e+02,3.131316432964902e+02,1.514435253536359e-04,1.342448180022842e+09,1.708952923123475e+00,1.513131895166228e+14,16
7.170000000007474e-05,717,2.999999999999826e+02,8.563040627732939e+02,3.131590605197551e+02,1.516792934764410e-04,1.339669539000729e+09,1.713842853613257e+00,2.842827281198546e+14,16
7.180000000007496e-05,718,2.999999999999826e+02,8.572621035248877e+02,3.131852438293550e+02,1.519196384525494e-04,1.337519103437418e+09,1.718369280910447e+00,1.856351202647678e+14,17
7.190000000007518e-05,719,2.999999999999826e+02,8.582689060156748e+02,3.132110689278483e+02,1.521553872330110e-04,1.334083959495157e+09,1.723130640429648e+00,3.150138127202123e+14,15
7.200000000007539e-05,720,2.999999999999826e+02,8.592564584895005e+02,3.132366549587487e+02,1.523777458440266e-04,1.330940264944550e+09,1.727754485275758e+00,1.712910693133655e+14,17
7.210000000007561e-05,721,2.999999999999826e+02,8.603157136014374e+02,3.132624301358047e+02,1.526027580727376e-04,1.331071251695048e+09,1.732678861222222e+00,2.383726172835858e+14,17
7.220000000007583e-05,722,2.999999999999826e+02,8.612473881864345e+02,3.132878978950273e+02,1.528215463185955e-04,1.327967923245599e+09,1.737092307340187e+00,2.090991284359027e+14,16
7.230000000007605e-05,723,2.999999999999826e+02,8.622127536106379e+02,3.133125603339303e+02,1.530258861742866e-04,1.331185026980903e+09,1.741683575791723e+00,1.480676340191581e+14,17
7.240000000007627e-05,724,2.999999999999826e+02,8.630972106047399e+02,3.133369656560695e+02,1.532255754468957e-04,1.328825847665791e+09,1.745961490487692e+00,3.138195196297864e+14,16
7.250000000007649e-05,725,2.999999999999826e+02,8.639417715740515e+02,3.133612066298117e+02,1.534435148076534e-04,1.362526679171065e+09,1.750024695742479e+00,2.153949011509362e+14,17
7.260000000007671e-05,726,2.999999999999826e+02,8.648402027319639e+02,3.133868956106885e+02,1.536648337185598e-04,1.337680787206044e+09,1.754301106169362e+00,3.152086139107609e+14,16
7.270000000007693e-05,727,2.999999999999826e+02,8.657812182306119e+02,3.134131275481138e+02,1.538928371840484e-04,1.350648787501244e+09,1.758675385278396e+00,1.537210877704453e+14,17
7.280000000007715e-05,728,2.999999999999826e+02,8.667050791304634e+02,3.134395448147433e+02,1.541184747132574e-04,1.337521164100074e+09,1.762950995779587e+00,2.229698879121520e+14,16
7.290000000007737e-05,729,2.999999999999826e+02,8.676525110233921e+02,3.134663611323919e+02,1.543514499752773e-04,1.338183293220965e+09,1.767287706043562e+00,1.912868627326156e+14,17
7.300000000007759e-05,730,2.999999999999826e+02,8.686719933077105e+02,3.134940348621977e+02,1.545766281017292e-04,1.346938468632593e+09,1.771838146561849e+00,2.349580427191711e+14,16
7.310000000007781e-05,731,2.999999999999826e+02,8.698532631005339e+02,3.135232734667840e+02,1.548164362139971e-04,1.369583299362638e+09,1.776789686767045e+00,2.880213470462109e+14,16
7.320000000007803e-05,732,2.999999999999826e+02,8.711992729657218e+02,3.135534617262862e+02,1.550774826004484e-04,1.349429984699744e+09,1.782165120816648e+00,2.095148409593981e+14,16
7.330000000007825e-05,733,2.999999999999826e+02,8.725107558441441e+02,3.135834304808633e+02,1.553448415184871e-04,1.344876893486715e+09,1.787326333055959e+00,2.809654221182561e+14,16
7.340000000007846e-05,734,2.999999999999826e+02,8.737789049294481e+02,3.136133146491424e+02,1.556083043005268e-04,1.332891372432949e+09,1.792300831004293e+00,1.582567590197225e+14,16
7.350000000007868e-05,735,2.999999999999826e+02,8.750071044816144e+02,3.136433736480409e+02,1.558702435941023e-04,1.326216509031433e+09,1.797088983567218e+00,1.799608677401285e+14,17
7.360000000007890e-05,736,2.999999999999826e+02,8.762058759071626e+02,3.136732269286570e+02,1.561252855868838e-04,1.322706118364712e+09,1.801712608878740e+00,2.744465003039301e+14,17
7.370000000007912e-05,737,2.999999999999826e+02,8.773777733690828e+02,3.137031368870985e+02,1.563759419470915e-04,1.321619091235953e+09,1.806216893353771e+00,1.545399978226198e+14,17
7.380000000007934e-05,738,2.999999999999826e+02,8.784285153650079e+02,3.137317125344802e+02,1.566284539939324e-04,1.321260127463992e+09,1.810207026274713e+00,3.207675786170802e+14,16
7.390000000007956e-05,739,2.999999999999826e+02,8.794148823180967e+02,3.137604905879284e+02,1.568890155463233e-04,1.324512269423223e+09,1.814017733642521e+00,1.477136699490942e+14,17
7.400000000007978e-05,740,2.999999999999826e+02,8.803682440873806e+02,3.137888808210856e+02,1.571348429083147e-04,1.326267025249058e+09,1.817643123928422e+00,2.381522137839871e+14,17
7.410000000008000e-05,741,2.999999999999826e+02,8.812555815245463e+02,3.138165289500172e+02,1.573797902186850e-04,1.338230750026037e+09,1.821089210464214e+00,1.982319163439582e+14,17
7.420000000008022e-05,742,2.999999999999826e+02,8.821013621285199e+02,3.138433418707261e+02,1.576169187939111e-04,1.345439999870603e+09,1.824386818814235e+00,2.617179204094074e+14,16
7.430000000008044e-05,743,2.999999999999826e+02,8.828415397009170e+02,3.138690885510416e+02,1.578423438714330e-04,1.350774274258337e+09,1.827413373400625e+00,2.631946401665848e+14,16
7.440000000008066e-05,744,2.999999999999826e+02,8.836004149422671e+02,3.138950399037149e+02,1.580584847045421e-04,1.368759875366132e+09,1.830456395539762e+00,3.243610718541877e+14,15
7.450000000008088e-05,745,2.999999999999826e+02,8.845254613375064e+02,3.139232626999661e+02,1.582822014717121e-04,1.376381354032127e+09,1.834130574337311e+00,2.323197821096876e+14,15
7.460000000008110e-05,746,2.999999999999826e+02,8.854291799052839e+02,3.139506963261568e+02,1.585300579260845e-04,1.369435126386174e+09,1.837614691786326e+00,1.533371378825966e+14,15
7.470000000008131e-05,747,2.999999999999826e+02,8.864183091157537e+02,3.139787660744959e+02,1.587822472228178e-04,1.362636547968504e+09,1.841564604974334e+00,1.494177900091355e+14,15
7.480000000008153e-05,748,2.999999999999826e+02,8.872537460903272e+02,3.140050981539821e+02,1.590299978966611e-04,1.350054786344051e+09,1.844916956627624e+00,1.781088768373174e+14,15
7.490000000008175e-05,749,2.999999999999826e+02,8.879096484506728e+02,3.140296405899790e+02,1.592574136045597e-04,1.344329437954486e+09,1.847935383404821e+00,1.412045639711464e+14,15
7.500000000008197e-05,750,2.999999999999826e+02,8.883490443855745e+02,3.140524369629655e+02,1.594728962310190e-04,1.339069437864054e+09,1.850202560663089e+00,2.153395215005413e+14,15
7.510000000008219e-05,751,2.999999999999826e+02,8.887539187157645e+02,3.140746932890966e+02,1.596840031608056e-04,1.335326224726245e+09,1.852421976907360e+00,1.405316678359222e+14,15
7.520000000008241e-05,752,2.999999999999826e+02,8.890951456113029e+02,3.140971216552281e+02,1.599055066345478e-04,1.331539107697328e+09,1.854421938339339e+00,2.163610861484129e+14,15
7.530000000008263e-05,753,2.999999999999826e+02,8.895019022711916e+02,3.141204369232385e+02,1.601475149078838e-04,1.328437244699216e+09,1.856693410022656e+00,1.596288130714186e+14,15
7.540000000008285e-05,754,2.999999999999826e+02,8.898221088314247e+02,3.141437324474000e+02,1.603835416795933e-04,1.331670865147824e+09,1.858576999114785e+00,3.788118661592902e+14,15
7.550000000008307e-05,755,2.999999999999826e+02,8.902020076936838e+02,3.141672802308922e+02,1.606129319185309e-04,1.333172350742606e+09,1.860786572171191e+00,1.513188497475421e+14,16
7.560000000008329e-05,756,2.999999999999826e+02,8.905091679480379e+02,3.141905504473433e+02,1.608361237636282e-04,1.331101797499912e+09,1.862750409359131e+00,3.250717415463636e+14,15
7.570000000008351e-05,757,2.999999999999826e+02,8.907952802470098e+02,3.142129774147248e+02,1.610440185285238e-04,1.344883061290782e+09,1.864633177771796e+00,1.534303393709234e+14,16
7.580000000008373e-05,758,2.999999999999826e+02,8.911505417119652e+02,3.142352063113783e+02,1.612463912341967e-04,1.350665884088202e+09,1.866820815601468e+00,1.720277713078469e+14,15
7.590000000008395e-05,759,2.999999999999826e+02,8.915513507050570e+02,3.142568999910553e+02,1.614595549494272e-04,1.350259105442026e+09,1.869183379821695e+00,1.546235948925950e+14,16
7.600000000008417e-05,760,2.999999999999826e+02,8.919866453471001e+02,3.142785843994312e+02,1.616737140081018e-04,1.318182023012555e+09,1.871702839182567e+00,1.954777337734610e+14,15
7.610000000008438e-05,761,2.999999999999826e+02,8.924524079784923e+02,3.142999662591851e+02,1.618847146433982e-04,1.319322552049553e+09,1.874337555707558e+00,1.506647975372347e+14,16
7.620000000008460e-05,762,2.999999999999826e+02,8.929079178241615e+02,3.143208481123555e+02,1.620790517609740e-04,1.315623585284345e+09,1.876918248626353e+00,2.145607626488025e+14,15
7.630000000008482e-05,763,2.999999999999826e+02,8.932954139509690e+02,3.143409075562120e+02,1.622666146284539e-04,1.317200742089327e+09,1.879222006701164e+00,1.429268666391734e+14,16
7.640000000008504e-05,764,2.999999999999826e+02,8.936962021039135e+02,3.143609596911641e+02,1.624488020012036e-04,1.320984709862231e+09,1.881565630656383e+00,3.015259554465071e+14,15
7.650000000008526e-05,765,2.999999999999826e+02,8.940511520562585e+02,3.143815172258235e+02,1.626405380209170e-04,1.320290107449915e+09,1.883662599548693e+00,1.458289956927292e+14,15
7.660000000008548e-05,766,2.999999999999826e+02,8.945166487917392e+02,3.144021210784877e+02,1.628531372697307e-04,1.320806479363376e+09,1.886166822998154e+00,3.709630717947460e+14,15
7.670000000008570e-05,767,2.999999999999826e+02,8.949096586100793e+02,3.144236160015159e+02,1.630705470036798e-04,1.318791476005481e+09,1.888380831975621e+00,1.453719580712601e+14,16
7.680000000008592e-05,768,2.999999999999826e+02,8.953469201526591e+02,3.144451992239441e+02,1.632889164269626e-04,1.321645248635642e+09,1.890775676355740e+00,2.420895504401841e+14,16
7.690000000008614e-05,769,2.999999999999826e+02,8.958170045704518e+02,3.144678718428601e+02,1.635029984789062e-04,1.341376233246631e+09,1.893399083798333e+00,1.474007378356000e+14,16
7.700000000008636e-05,770,2.999999999999826e+02,8.962059285171765e+02,3.144898308675927e+02,1.637156346361644e-04,1.328099044345238e+09,1.895627503224365e+00,1.961986032852451e+14,16
7.710000000008658e-05,771,2.999999999999826e+02,8.967010282841421e+02,3.145131049130909e+02,1.639271009377060e-04,1.346593988352643e+09,1.898384025186073e+00,1.438474378019482e+14,16
7.720000000008680e-05,772,2.999999999999826e+02,8.970876358368265e+02,3.145358704364528e+02,1.641465361157060e-04,1.335271870321657e+09,1.900630292168815e+00,2.238952702528372e+14,17
7.730000000008702e-05,773,2.999999999999826e+02,8.975537633301245e+02,3.145590457337851e+02,1.643830331087891e-04,1.350777592488012e+09,1.903177459532461e+00,1.405470364141111e+14,17
7.740000000008724e-05,774,2.999999999999826e+02,8.980040899006274e+02,3.145825506589052e+02,1.646134254956365e-04,1.328538402677158e+09,1.905593440244811e+00,2.551529873084648e+14,17
7.750000000008745e-05,775,2.999999999999826e+02,8.984721717496407e+02,3.146059096450983e+02,1.648413354020620e-04,1.342392133983064e+09,1.908020583171261e+00,1.387036598703710e+14,16
7.760000000008767e-05,776,2.999999999999826e+02,8.989602187546337e+02,3.146291744261604e+02,1.650584216185163e-04,1.325735663786404e+09,1.910568507137258e+00,3.057669748791326e+14,17
7.770000000008789e-05,777,2.999999999999826e+02,8.993883866341419e+02,3.146518030329930e+02,1.652644615805163e-04,1.336047415687910e+09,1.912876302806085e+00,1.421317650100806e+14,17
7.780000000008811e-05,778,2.999999999999826e+02,8.998231356820938e+02,3.146739398315840e+02,1.654633939631008e-04,1.325747892178054e+09,1.915298482582470e+00,2.056202963802073e+14,16
7.790000000008833e-05,779,2.999999999999826e+02,9.001789682621657e+02,3.146957200097672e+02,1.656701973478494e-04,1.349731394522666e+09,1.917386770296635e+00,1.448918477739487e+14,17
7.800000000008855e-05,780,2.999999999999754e+02,9.005832628068956e+02,3.147178178114159e+02,1.658858207216270e-04,1.336444522353662e+09,1.919751919691882e+00,2.164631109034789e+14,16
7.810000000008877e-05,781,2.999999999999754e+02,9.009866054444512e+02,3.147398731593088e+02,1.660960209157677e-04,1.360593883126221e+09,1.922173776121190e+00,1.423232016544900e+14,18
7.820000000008899e-05,782,2.999999999999754e+02,9.012938222154529e+02,3.147617933004181e+02,1.663037808323571e-04,1.338143517057934e+09,1.924204010151702e+00,2.093496720941382e+14,17
7.830000000008921e-05,783,2.999999999999754e+02,9.015896191851054e+02,3.147830546248817e+02,1.664949239433722e-04,1.353218777473104e+09,1.926272826034635e+00,1.370960807631021e+14,18
7.840000000008943e-05,784,2.999999999999754e+02,9.019028560289920e+02,3.148045588375369e+02,1.666858787282510e-04,1.336334884700918e+09,1.928396927014922e+00,2.501421830444906e+14,17
7.850000000008965e-05,785,2.999999999999754e+02,9.021932407242144e+02,3.148255773571524e+02,1.668802034276697e-04,1.350653437752191e+09,1.930394621562334e+00,1.381686914199373e+14,17
7.860000000008987e-05,786,2.999999999999754e+02,9.025177945818132e+02,3.148471882885775e+02,1.670824875486260e-04,1.336048798684820e+09,1.932517011129030e+00,2.280742379277759e+14,17
7.870000000009009e-05,787,2.999999999999754e+02,9.028363462399503e+02,3.148692370021151e+02,1.673063894396636e-04,1.353935235234096e+09,1.934517711213050e+00,1.416715294974789e+14,18
7.880000000009030e-05,788,2.999999999999754e+02,9.031920055942099e+02,3.148918478773118e+02,1.675219437179080e-04,1.344046932665575e+09,1.936701292585760e+00,2.013158787589278e+14,16
7.890000000009052e-05,789,2.999999999999754e+02,9.035055477350724e+02,3.149149817412195e+02,1.677454699537338e-04,1.353078186638332e+09,1.938631956426193e+00,1.440819150156300e+14,17
7.900000000009074e-05,790,2.999999999999754e+02,9.038335897016636e+02,3.149382353317589e+02,1.679616936838049e-04,1.329737194289487e+09,1.940660918550372e+00,2.054259100579457e+14,16
7.910000000009096e-05,791,2.999999999999754e+02,9.041780150816386e+02,3.149618646335085e+02,1.681740706493822e-04,1.346020957548273e+09,1.942682142670964e+00,1.409158430477478e+14,17
7.920000000009118e-05,792,2.999999999999754e+02,9.045467084703296e+02,3.149854848630491e+02,1.684037486108844e-04,1.335725830936342e+09,1.944807051395400e+00,2.238137706878981e+14,17
7.930000000009140e-05,793,2.999999999999754e+02,9.049268930047108e+02,3.150093765848617e+02,1.686314228948856e-04,1.345257850375069e+09,1.946916698101732e+00,1.426911942946017e+14,17
7.940000000009162e-05,794,2.999999999999754e+02,9.053152874775707e+02,3.150337935223188e+02,1.688762470119672e-04,1.341232167285670e+09,1.949024876284551e+00,2.087191082423898e+14,17
7.950000000009184e-05,795,2.999999999999756e+02,9.057204601511833e+02,3.150582599117179e+02,1.691121799114828e-04,1.360946645518549e+09,1.951262796960633e+00,1.454079824027392e+14,18
7.960000000009206e-05,796,2.999999999999812e+02,9.061077936182030e+02,3.150826906572022e+02,1.693416685857437e-04,1.348036722186057e+09,1.953392715763512e+00,1.932373790949861e+14,17
7.970000000009228e-05,797,2.999999999999869e+02,9.064631701176786e+02,3.151065471221796e+02,1.695646721660244e-04,1.354118486201998e+09,1.955511255744899e+00,1.912897761721430e+14,18
7.980000000009250e-05,798,2.999999999999926e+02,9.068287285182213e+02,3.151298954047360e+02,1.697771467391698e-04,1.335990597249869e+09,1.957667334600551e+00,1.992506074847557e+14,17
7.990000000009272e-05,799,2.999999999999943e+02,9.071178189469410e+02,3.151527972814278e+02,1.699937346834916e-04,1.342530890415576e+09,1.959618361203223e+00,1.356344114078746e+14,18
8.000000000009294e-05,800,2.999999999999943e+02,9.074459949306885e+02,3.151758187150077e+02,1.702114104359070e-04,1.335206417440806e+09,1.961691322443150e+00,2.310264873115492e+14,16
8.010000000009316e-05,801,2.999999999999943e+02,9.077393605573866e+02,3.151986697359136e+02,1.704361329723065e-04,1.342109912425356e+09,1.963743857283075e+00,1.496634568864312e+14,16
8.020000000009337e-05,802,2.999999999999943e+02,9.080602148565260e+02,3.152214195699931e+02,1.706484435522817e-04,1.332803674450217e+09,1.965844497084955e+00,1.866715367206544e+14,16
8.030000000009359e-05,803,2.999999999999919e+02,9.083361024305046e+02,3.152438208893652e+02,1.708530125805469e-04,1.350254603458000e+09,1.967833872817934e+00,1.613069859980632e+14,17
8.040000000009381e-05,804,2.999999999999919e+02,9.086368096009935e+02,3.152661789459573e+02,1.710583675864885e-04,1.333871333761340e+09,1.969878216613805e+00,1.989447963619659e+14,16
8.050000000009403e-05,805,2.999999999999919e+02,9.089136958222356e+02,3.152883531289962e+02,1.712509254867972e-04,1.333963968435309e+09,1.971922587104046e+00,2.286667950168739e+14,17
8.060000000009425e-05,806,2.999999999999919e+02,9.091919751931571e+02,3.153108743830813e+02,1.714617014798653e-04,1.336661513124280e+09,1.973893405655363e+00,1.815264626837276e+14,18
8.070000000009447e-05,807,2.999999999999919e+02,9.095618702451067e+02,3.153346078149138e+02,1.716766720799204e-04,1.341898545287053e+09,1.976391582568078e+00,1.499416837799446e+14,18
8.080000000009469e-05,808,2.999999999999919e+02,9.099302572586814e+02,3.153593257502842e+02,1.719043348340211e-04,1.334359058727733e+09,1.978776569207285e+00,2.021435099359370e+14,18
8.090000000009491e-05,809,2.999999999999919e+02,9.103270263581613e+02,3.153849258014918e+02,1.721360865707848e-04,1.347555601173137e+09,1.981281152063002e+00,1.619504546303490e+14,16
8.100000000009513e-05,810,2.999999999999919e+02,9.107314300199421e+02,3.154127532157664e+02,1.723777008901797e-04,1.349675136032013e+09,1.983880261393427e+00,1.695375257382466e+14,18
8.110000000009535e-05,811,2.999999999999919e+02,9.111539695922767e+02,3.154390932320749e+02,1.726278310821274e-04,1.352306796546985e+09,1.986391311320914e+00,1.602693018626304e+14,18
8.120000000009557e-05,812,2.999999999999919e+02,9.115358242699463e+02,3.154642095467361e+02,1.728552918516175e-04,1.347941743067882e+09,1.988843750869899e+00,1.893447137697918e+14,17
8.130000000009579e-05,813,2.999999999999919e+02,9.119236547767906e+02,3.154889547286527e+02,1.730921916094809e-04,1.344532547406626e+09,1.991143512311217e+00,1.609861955335362e+14,17
8.140000000009601e-05,814,2.999999999999919e+02,9.123437652957905e+02,3.155138174423568e+02,1.733359691713030e-04,1.341151741820256e+09,1.993653856969865e+00,1.461847704073658e+14,17
8.150000000009623e-05,815,2.999999999999919e+02,9.127970591612408e+02,3.155397539086693e+02,1.735917361633575e-04,1.348476633167049e+09,1.996214871892976e+00,2.039189726415558e+14,17
8.160000000009644e-05,816,2.999999999999919e+02,9.132888789322514e+02,3.155665895423095e+02,1.738416139897999e-04,1.335016812975675e+09,1.998959834444620e+00,2.475210226071925e+14,17
8.170000000009666e-05,817,2.999999999999919e+02,9.137553428069407e+02,3.155930478892842e+02,1.740934405283595e-04,1.343314186536306e+09,2.001638510544631e+00,2.265260946045249e+14,17
8.180000000009688e-05,818,2.999999999999919e+02,9.142042613543244e+02,3.156191662120993e+02,1.743249025926361e-04,1.327605879241311e+09,2.004237571985996e+00,1.429552596644921e+14,17
8.190000000009710e-05,819,2.999999999999919e+02,9.146622299685494e+02,3.156444164820753e+02,1.745514700506160e-04,1.332557340020722e+09,2.007061005667275e+00,1.835822321870620e+14,17
8.200000000009732e-05,820,2.999999999999919e+02,9.150521103936098e+02,3.156691587000133e+02,1.747766630521862e-04,1.334502262526040e+09,2.009492191910338e+00,1.662909853695188e+14,16
8.210000000009754e-05,821,2.999999999999919e+02,9.154969281315232e+02,3.156940354894319e+02,1.750100839502812e-04,1.331293619857006e+09,2.012311570470278e+00,2.039139433266592e+14,17
8.220000000009776e-05,822,2.999999999999919e+02,9.158905038106589e+02,3.157188560477571e+02,1.752311809996129e-04,1.336739763410745e+09,2.014856658293385e+00,1.414353880062431e+14,16
8.230000000009798e-05,823,2.999999999999919e+02,9.163372731060443e+02,3.157435938185063e+02,1.754486299765127e-04,1.336478753153171e+09,2.017641554992315e+00,1.967731048276819e+14,17
8.240000000009820e-05,824,2.999999999999919e+02,9.167483653664195e+02,3.157679959505997e+02,1.756537442421440e-04,1.338505629429338e+09,2.020288458759386e+00,1.695048304729952e+14,17
8.250000000009842e-05,825,2.999999999999919e+02,9.171727608953141e+02,3.157921331124184e+02,1.758503836444045e-04,1.335273602058442e+09,2.022868773175511e+00,2.364211066701520e+14,16
8.260000000009864e-05,826,2.999999999999919e+02,9.175953288370160e+02,3.158155782473726e+02,1.760570602612247e-04,1.329800823321517e+09,2.025546886402110e+00,2.280027994237699e+14,17
8.270000000009886e-05,827,2.999999999999919e+02,9.180586268298317e+02,3.158386716480576e+02,1.762677551763388e-04,1.327276619032931e+09,2.028272545852387e+00,2.362620498400844e+14,16
8.280000000009908e-05,828,2.999999999999919e+02,9.185458317616468e+02,3.158617705653946e+02,1.764891371842663e-04,1.328012990401373e+09,2.031163429236733e+00,1.337251944974235e+14,17
8.290000000009930e-05,829,2.999999999999919e+02,9.190457698377567e+02,3.158848406739897e+02,1.767181882153399e-04,1.326450895410023e+09,2.034043767100437e+00,2.314353828393778e+14,16
8.300000000009951e-05,830,2.999999999999919e+02,9.195741071023758e+02,3.159083896844970e+02,1.769527486915312e-04,1.329017059265566e+09,2.037087769297895e+00,1.358233965461089e+14,17
8.310000000009973e-05,831,2.999999999999919e+02,9.201357752939067e+02,3.159320704265530e+02,1.771811344100264e-04,1.327474607077915e+09,2.040340580617189e+00,2.227262333616350e+14,16
8.320000000009995e-05,832,2.999999999999919e+02,9.206689184134902e+02,3.159573548696134e+02,1.774130262119533e-04,1.329974226872888e+09,2.043133218121378e+00,1.351019497632998e+14,17
8.330000000010017e-05,833,2.999999999999919e+02,9.212093421525082e+02,3.159855383949031e+02,1.777070169400804e-04,1.335957147424349e+09,2.045728900833565e+00,2.155443535113424e+14,16
8.340000000010039e-05,834,2.999999999999919e+02,9.218044553277639e+02,3.160140516300769e+02,1.779854985100580e-04,1.334650257806728e+09,2.048710050665270e+00,1.666976942131164e+14,17
8.350000000010061e-05,835,2.999999999999919e+02,9.223440306795422e+02,3.160407454537335e+02,1.782425037380244e-04,1.334201097260867e+09,2.051670938825560e+00,2.714825081833403e+14,15
8.360000000010083e-05,836,2.999999999999919e+02,9.228683766656576e+02,3.160671754910353e+02,1.784981737100195e-04,1.333277802605231e+09,2.054482460096283e+00,2.823881339566811e+14,17
8.370000000010105e-05,837,2.999999999999919e+02,9.233115717864257e+02,3.160927281680821e+02,1.787657908292239e-04,1.330885238416870e+09,2.056991235558954e+00,2.759515892068672e+14,15
8.380000000010127e-05,838,2.999999999999919e+02,9.237753776713910e+02,3.161184000821660e+02,1.790032367055361e-04,1.329011567697859e+09,2.059714131188901e+00,2.199517253409188e+14,17
8.390000000010149e-05,839,2.999999999999919e+02,9.241977677206452e+02,3.161433641451078e+02,1.792406449687353e-04,1.327834831013961e+09,2.062174581910370e+00,2.456895967071422e+14,16
8.400000000010171e-05,840,2.999999999999919e+02,9.245738467793425e+02,3.161682333332602e+02,1.794728782784878e-04,1.327363684772188e+09,2.064590631786996e+00,1.279820848317758e+14,17
8.410000000010193e-05,841,2.999999999999919e+02,9.249608997732597e+02,3.161927353456094e+02,1.796984545813670e-04,1.324718982797853e+09,2.066921424177266e+00,2.089078161334209e+14,16
8.420000000010215e-05,842,2.999999999999919e+02,9.253305707065966e+02,3.162170866529347e+02,1.799315572602721e-04,1.323483755989159e+09,2.069319943187346e+00,1.398843266232345e+14,17
8.430000000010236e-05,843,2.999999999999919e+02,9.256752649128214e+02,3.162406248725631e+02,1.801561388768386e-04,1.323593788203798e+09,2.071508334400430e+00,2.016157218432250e+14,16
8.440000000010258e-05,844,2.999999999999919e+02,9.260004005380827e+02,3.162639355657610e+02,1.803697754688007e-04,1.323081206291019e+09,2.073720378951037e+00,1.341510687563990e+14,17
8.450000000010280e-05,845,2.999999999999919e+02,9.263148647717745e+02,3.162870243647620e+02,1.805732410821969e-04,1.323590294151745e+09,2.075832096008691e+00,2.354280658818878e+14,16
8.460000000010302e-05,846,2.999999999999919e+02,9.265873228261632e+02,3.163090292463480e+02,1.807757042206296e-04,1.322270318799386e+09,2.077814554580250e+00,2.206489579334016e+14,17
8.470000000010324e-05,847,2.999999999999919e+02,9.268312119673189e+02,3.163307121269069e+02,1.809689460113508e-04,1.324624130834073e+09,2.079697547844702e+00,2.779225685773883e+14,16
8.480000000010346e-05,848,2.999999999999919e+02,9.270954011406030e+02,3.163525846693832e+02,1.811662196041203e-04,1.322638652990366e+09,2.081643074121614e+00,2.896148166703348e+14,17
8.490000000010368e-05,849,2.999999999999885e+02,9.273563862212679e+02,3.163748172077977e+02,1.813831455378672e-04,1.323852999061713e+09,2.083623616631161e+00,2.846164980402738e+14,16
8.500000000010390e-05,850,2.999999999999885e+02,9.275936580023955e+02,3.163970751328711e+02,1.816003604711410e-04,1.323557638024709e+09,2.085476697665357e+00,2.579878552559996e+14,17
8.510000000010412e-05,851,2.999999999999885e+02,9.278406996800978e+02,3.164197932186219e+02,1.818045388460818e-04,1.324514486490282e+09,2.087458803321634e+00,2.674173582350038e+14,15
8.520000000010434e-05,852,2.999999999999885e+02,9.280678405724450e+02,3.164422244597056e+02,1.820102539638165e-04,1.324905942845462e+09,2.089318268862626e+00,1.759104995385496e+14,17
8.530000000010456e-05,853,2.999999999999885e+02,9.283294018057466e+02,3.164655783817330e+02,1.822228599027456e-04,1.325221894470500e+09,2.091377430036133e+00,2.421204395339463e+14,15
8.540000000010478e-05,854,2.999999999999885e+02,9.285822028969294e+02,3.164895888411149e+02,1.824488191375712e-04,1.327428251170788e+09,2.093349040423661e+00,1.427925520621315e+14,17
8.550000000010500e-05,855,2.999999999999885e+02,9.288691691834608e+02,3.165135504393098e+02,1.826836185056679e-04,1.324342965648368e+09,2.095397606612067e+00,2.273140857853250e+14,15
8.560000000010522e-05,856,2.999999999999885e+02,9.291978825707662e+02,3.165381691708459e+02,1.829218356731193e-04,1.325129391021378e+09,2.097522275765776e+00,1.599742676130056e+14,17
8.570000000010543e-05,857,2.999999999999885e+02,9.295299911413862e+02,3.165626700079324e+02,1.831622553950344e-04,1.324685170018961e+09,2.099610083183674e+00,2.260114878716466e+14,15
8.580000000010565e-05,858,2.999999999999885e+02,9.299292173963846e+02,3.165882562118008e+02,1.834043375264089e-04,1.326268122855797e+09,2.101906891912363e+00,1.565733451219055e+14,17
8.590000000010587e-05,859,2.999999999999885e+02,9.303100171937128e+02,3.166135432158562e+02,1.836415075221931e-04,1.324350672768536e+09,2.104103097270846e+00,2.568497347244979e+14,16
8.600000000010609e-05,860,2.999999999999885e+02,9.307253410346718e+02,3.166388195610236e+02,1.838775990034627e-04,1.323329685701434e+09,2.106373531829770e+00,2.268385213800237e+14,17
8.610000000010631e-05,861,2.999999999999885e+02,9.310848928774385e+02,3.166635244757354e+02,1.841152235702050e-04,1.322094371844698e+09,2.108428478630739e+00,2.921615045979186e+14,16
8.620000000010653e-05,862,2.999999999999885e+02,9.314872092039659e+02,3.166885257950257e+02,1.843525133336706e-04,1.322477348121239e+09,2.110639642513539e+00,2.616791346871562e+14,17
8.630000000010675e-05,863,2.999999999999885e+02,9.318436061915824e+02,3.167134896480241e+02,1.845928361749173e-04,1.320448193581198e+09,2.112685530824954e+00,3.019449316248596e+14,16
8.640000000010697e-05,864,2.999999999999885e+02,9.321779325964027e+02,3.167387426862828e+02,1.848337942561977e-04,1.324086435653711e+09,2.114662988221569e+00,2.437179437101044e+14,17
8.650000000010719e-05,865,2.999999999999885e+02,9.324304616106890e+02,3.167629119314727e+02,1.850637580755844e-04,1.318231847740934e+09,2.116375963205901e+00,2.813484917803372e+14,17
8.660000000010741e-05,866,2.999999999999885e+02,9.326620207082163e+02,3.167861313255477e+02,1.852762199067119e-04,1.319205229998736e+09,2.118004350515927e+00,1.972780645208264e+14,17
8.670000000010763e-05,867,2.999999999999885e+02,9.328523791440898e+02,3.168089476939985e+02,1.854935883420842e-04,1.325374284907773e+09,2.119535461374328e+00,2.510736533309052e+14,17
8.680000000010785e-05,868,2.999999999999885e+02,9.330501030371327e+02,3.168317651459593e+02,1.857126460736141e-04,1.317841114285825e+09,2.121105716108407e+00,1.514032162763559e+14,17
8.690000000010807e-05,869,2.999999999999885e+02,9.337838291761575e+02,3.168546132586949e+02,1.859340971308061e-04,1.322926235077817e+09,2.122769705716666e+00,2.114134581476286e+14,17
8.700000000010829e-05,870,2.999999999999885e+02,9.349047580298211e+02,3.168773670728576e+02,1.861592981545138e-04,1.321878595234327e+09,2.124467282505700e+00,1.303793050062163e+14,17
8.710000000010850e-05,871,2.999999999999885e+02,9.359941348718653e+02,3.169003729704647e+02,1.863851379925182e-04,1.328570896415051e+09,2.126193416907105e+00,1.792069281220846e+14,18
8.720000000010872e-05,872,2.999999999999885e+02,9.373847199454007e+02,3.169243015526771e+02,1.865997141579574e-04,1.330969629046395e+09,2.127910880869454e+00,1.281576796811068e+14,18
8.730000000010894e-05,873,2.999999999999885e+02,9.385433960290018e+02,3.169488075326414e+02,1.868377385264806e-04,1.338674532528886e+09,2.129718236983829e+00,1.591538855045695e+14,18
8.740000000010916e-05,874,2.999999999999885e+02,9.397187176765227e+02,3.169719744471927e+02,1.870718294088326e-04,1.330050380674721e+09,2.131448361027132e+00,1.096543067740187e+14,18
8.750000000010938e-05,875,2.999999999999885e+02,9.409317154570575e+02,3.169952519873244e+02,1.872997093739168e-04,1.339505881220659e+09,2.132985916566627e+00,1.465194243448656e+14,18
8.760000000010960e-05,876,2.999999999999885e+02,9.420436643502532e+02,3.170180513131756e+02,1.875313352800060e-04,1.330572646295089e+09,2.134712850814248e+00,1.169181493092771e+14,18
8.770000000010982e-05,877,2.999999999999885e+02,9.431573788636648e+02,3.170410595851507e+02,1.877654831768284e-04,1.342201894501887e+09,2.136365343809184e+00,1.333424768362215e+14,18
8.780000000011004e-05,878,2.999999999999885e+02,9.442257418409555e+02,3.170645569724230e+02,1.880036274405490e-04,1.325952686318644e+09,2.138295793158171e+00,1.240632155519007e+14,18
8.790000000011026e-05,879,2.999999999999885e+02,9.453439261071369e+02,3.170878101530323e+02,1.882256100651738e-04,1.330090923068933e+09,2.140131426891844e+00,1.266416666789952e+14,18
8.800000000011048e-05,880,2.999999999999885e+02,9.463860717924920e+02,3.171104527060648e+02,1.884557392251832e-04,1.317157691187155e+09,2.142112079173971e+00,1.549820034630388e+14,18
8.810000000011070e-05,881,2.999999999999885e+02,9.474403971101119e+02,3.171329009534732e+02,1.886724655155290e-04,1.323748013069811e+09,2.143895139719992e+00,1.175233410852528e+14,18
8.820000000011092e-05,882,2.999999999999885e+02,9.484658644129702e+02,3.171551087747282e+02,1.888878826913757e-04,1.314154465404012e+09,2.145745684218854e+00,1.863042188825502e+14,18
8.830000000011114e-05,883,2.999999999999885e+02,9.495083691711100e+02,3.171778070152111e+02,1.891121905091460e-04,1.331820583457225e+09,2.147580146741647e+00,1.176932909712570e+14,18
8.840000000011135e-05,884,2.999999999999885e+02,9.505405778009015e+02,3.172006396283722e+02,1.893365446595951e-04,1.320263160222529e+09,2.149437620470464e+00,2.159146033975172e+14,18
8.850000000011157e-05,885,2.999999999999885e+02,9.515846840026526e+02,3.172241845218471e+02,1.895481962814134e-04,1.348621248605340e+09,2.151405506048689e+00,1.227571046291679e+14,18
8.860000000011179e-05,886,2.999999999999885e+02,9.526163991682838e+02,3.172601309728419e+02,1.897833805071154e-04,1.402227170794745e+09,2.153463399727545e+00,2.437495631678449e+14,17
8.870000000011201e-05,887,2.999999999999885e+02,9.536639257787515e+02,3.173043890243363e+02,1.900846739029823e-04,1.386886294474520e+09,2.156246434496453e+00,1.236050630167296e+14,18
8.880000000011223e-05,888,2.999999999999885e+02,9.548993565874282e+02,3.173428875955980e+02,1.903915935159157e-04,1.333967228948116e+09,2.159432380606521e+00,2.654489694617112e+14,16
8.890000000011245e-05,889,2.999999999999885e+02,9.562244038183309e+02,3.173710735105640e+02,1.906670450242387e-04,1.340436975174920e+09,2.162277184258288e+00,1.224228321501408e+14,17
8.900000000011267e-05,890,2.999999999999885e+02,9.574524275749417e+02,3.173966279841049e+02,1.909517741244546e-04,1.328320491083713e+09,2.164402044048489e+00,2.735762150696917e+14,16
8.910000000011289e-05,891,2.999999999999885e+02,9.586897185654861e+02,3.174193450310989e+02,1.911935444870714e-04,1.329415135944177e+09,2.166175356168714e+00,1.174223254489378e+14,16
8.920000000011311e-05,892,2.999999999999885e+02,9.599343759393014e+02,3.174410205960363e+02,1.914158819736768e-04,1.320881865321963e+09,2.167659300668213e+00,2.856164481940614e+14,16
8.930000000011333e-05,893,2.999999999999885e+02,9.612407138570021e+02,3.174640506648880e+02,1.916659837570829e-04,1.330681147031342e+09,2.169533732498863e+00,1.441861919142288e+14,16
8.940000000011355e-05,894,2.999999999999885e+02,9.625104754576006e+02,3.174884484375897e+02,1.919141044832476e-04,1.324445923390098e+09,2.171309841613686e+00,2.863137723453931e+14,16
8.950000000011377e-05,895,2.999999999999885e+02,9.638532363678337e+02,3.175140166824647e+02,1.921811863740725e-04,1.328860357668191e+09,2.173532073276276e+00,1.702533127988580e+14,16
8.960000000011399e-05,896,2.999999999999885e+02,9.651592606065834e+02,3.175383557960716e+02,1.924399964126669e-04,1.323071575874642e+09,2.175433663459019e+00,2.998092326519145e+14,16
8.970000000011421e-05,897,2.999999999999885e+02,9.664812445232515e+02,3.175615480363576e+02,1.926894585398309e-04,1.328585100169865e+09,2.177311454032666e+00,1.720469774038584e+14,15
8.980000000011442e-05,898,2.999999999999885e+02,9.677442341245228e+02,3.175844321530359e+02,1.929163595761555e-04,1.339003746370329e+09,2.178971134927973e+00,3.160840993439019e+14,16
8.990000000011464e-05,899,2.999999999999885e+02,9.690067949284132e+02,3.176075420942749e+02,1.931356390424404e-04,1.346662123621443e+09,2.180786874298605e+00,1.461182173174068e+14,15
9.000000000011486e-05,900,2.999999999999885e+02,9.701502409073101e+02,3.176294762988322e+02,1.933361327399184e-04,1.337366586932478e+09,2.182519248913091e+00,3.325734730328574e+14,16
9.010000000011508e-05,901,2.999999999999885e+02,9.713953199369421e+02,3.176509821412243e+02,1.935349808817209e-04,1.353381492800706e+09,2.184223884369078e+00,1.431663238938483e+14,15
9.020000000011530e-05,902,2.999999999999885e+02,9.725043900268691e+02,3.176712427786902e+02,1.937448086943618e-04,1.328900119470147e+09,2.185794895768502e+00,3.410060696642661e+14,16
9.030000000011552e-05,903,2.999999999999885e+02,9.736111889907636e+02,3.176902885971653e+02,1.939392200166214e-04,1.344429977781171e+09,2.187188739017158e+00,1.461758193691915e+14,15
9.040000000011574e-05,904,2.999999999999885e+02,9.746824106292967e+02,3.177095293553947e+02,1.941198099472582e-04,1.326515938141401e+09,2.188839927834843e+00,3.541791679269257e+14,16
9.050000000011596e-05,905,2.999999999999885e+02,9.757821160452445e+02,3.177286887034700e+02,1.943094362553124e-04,1.339900215269618e+09,2.190308398349438e+00,1.341392768108187e+14,15
9.060000000011618e-05,906,2.999999999999885e+02,9.768312735864922e+02,3.177478962325034e+02,1.944903363211033e-04,1.328992315511511e+09,2.192091682080014e+00,3.556181737983684e+14,16
9.070000000011640e-05,907,2.999999999999885e+02,9.779340976217501e+02,3.177672344366902e+02,1.946791654476661e-04,1.349584914086438e+09,2.193544820199631e+00,1.419563347644632e+14,15
9.080000000011662e-05,908,2.999999999999885e+02,9.791838303633120e+02,3.177874279441738e+02,1.948936953197062e-04,1.336335028693869e+09,2.195202382204640e+00,3.559069574975084e+14,16
9.090000000011684e-05,909,2.999999999999885e+02,9.803629951807040e+02,3.178075868092045e+02,1.951076607663417e-04,1.349032478008854e+09,2.196637778888753e+00,1.708495860788589e+14,15
9.100000000011706e-05,910,2.999999999999885e+02,9.814328226608050e+02,3.178288056368291e+02,1.953312795867244e-04,1.332000909838875e+09,2.198497982486038e+00,3.457382689358078e+14,16
9.110000000011728e-05,911,2.999999999999885e+02,9.826302498976739e+02,3.178513037533748e+02,1.955700118074224e-04,1.352826760547913e+09,2.200362196456207e+00,1.910517303539331e+14,15
9.120000000011749e-05,912,2.999999999999885e+02,9.838782801573632e+02,3.178747407639843e+02,1.958104285379219e-04,1.334629925570739e+09,2.202303077017447e+00,3.649428822008410e+14,16
9.130000000011771e-05,913,2.999999999999885e+02,9.851940359503650e+02,3.178980730454302e+02,1.960561412598854e-04,1.346571651759355e+09,2.204125202459795e+00,1.805984919955310e+14,15
9.140000000011793e-05,914,2.999999999999885e+02,9.864483655970885e+02,3.179204662189225e+02,1.962911316091456e-04,1.327339615772187e+09,2.205856805028815e+00,3.710924889940650e+14,16
9.150000000011815e-05,915,2.999999999999885e+02,9.876541765887605e+02,3.179435947031233e+02,1.965307710936041e-04,1.339602076513084e+09,2.207877435418294e+00,1.384962261135775e+14,15
9.160000000011837e-05,916,2.999999999999885e+02,9.888917835472337e+02,3.179670246492846e+02,1.967706465263774e-04,1.332232336472259e+09,2.209813361383602e+00,3.892115185606241e+14,16
9.170000000011859e-05,917,2.999999999999885e+02,9.901524203960579e+02,3.179913586360742e+02,1.970283842342378e-04,1.341122627533452e+09,2.212017724028890e+00,1.269754721028503e+14,15
9.180000000011881e-05,918,2.999999999999885e+02,9.913837737764413e+02,3.180144994096020e+02,1.972660217077057e-04,1.332174366950189e+09,2.213990311777870e+00,3.893807792379456e+14,17
9.190000000011903e-05,919,2.999999999999885e+02,9.926315699335840e+02,3.180366975393280e+02,1.974921985462139e-04,1.369420228013969e+09,2.216132799488426e+00,1.223956764624817e+14,15
9.200000000011925e-05,920,2.999999999999885e+02,9.937409378120913e+02,3.180577930940070e+02,1.976865627472967e-04,1.335149460667782e+09,2.218240465760562e+00,3.809018463803421e+14,17
9.210000000011947e-05,921,2.999999999999885e+02,9.949586099691456e+02,3.180793431898680e+02,1.978863064015731e-04,1.377796076099651e+09,2.220358734954961e+00,1.232614917749930e+14,15
9.220000000011969e-05,922,2.999999999999885e+02,9.960662182626552e+02,3.181004240737749e+02,1.980948345941353e-04,1.335666564943182e+09,2.222468725547428e+00,3.718641922084408e+14,17
9.230000000011991e-05,923,2.999999999999885e+02,9.972818585028766e+02,3.181208911007980e+02,1.982946730218707e-04,1.353265559122112e+09,2.224523777555928e+00,1.432467107959904e+14,15
9.240000000012013e-05,924,2.999999999999885e+02,9.982842612849721e+02,3.181408847962623e+02,1.984904331558949e-04,1.336932867491649e+09,2.226622148498737e+00,3.666148699455386e+14,16
9.250000000012035e-05,925,2.999999999999885e+02,9.993322086772562e+02,3.181604287702918e+02,1.986782511661072e-04,1.346070746048135e+09,2.228570523582953e+00,1.906394591070782e+14,15
9.260000000012056e-05,926,2.999999999999850e+02,1.000491256932356e+03,3.181806682155159e+02,1.988749624873726e-04,1.328541381519632e+09,2.230587874902021e+00,3.713715061167807e+14,16
9.270000000012078e-05,927,2.999999999999850e+02,1.001535817578664e+03,3.182010664653066e+02,1.990610898044495e-04,1.331138648233830e+09,2.232469127011652e+00,1.838801041993330e+14,15
9.280000000012100e-05,928,2.999999999999850e+02,1.002666264862726e+03,3.182222031551603e+02,1.992735980518868e-04,1.338204640170037e+09,2.234274695823892e+00,3.844330509394077e+14,16
9.290000000012122e-05,929,2.999999999999850e+02,1.003728294627869e+03,3.182437224141214e+02,1.994962566037274e-04,1.353605890082280e+09,2.236086478712579e+00,1.456163968802475e+14,15
9.300000000012144e-05,930,2.999999999999850e+02,1.004807849215326e+03,3.182666362355874e+02,1.997283490925525e-04,1.339952365411852e+09,2.237809639652531e+00,3.962441842521148e+14,17
9.310000000012166e-05,931,2.999999999999850e+02,1.005925487556436e+03,3.182912290382591e+02,1.999613007964214e-04,1.347721977586569e+09,2.239540290507366e+00,1.300203577160054e+14,15
9.320000000012188e-05,932,2.999999999999850e+02,1.007271921667239e+03,3.183180613348389e+02,2.002181046233483e-04,1.349233191324528e+09,2.241181568450993e+00,4.038821011344819e+14,17
9.330000000012210e-05,933,2.999999999999850e+02,1.008622202907707e+03,3.183442438720226e+02,2.004901605877269e-04,1.371651110817851e+09,2.242854449132103e+00,1.310260097366211e+14,15
9.340000000012232e-05,934,2.999999999999850e+02,1.009829187753218e+03,3.183709149315429e+02,2.007462153263003e-04,1.355642609588856e+09,2.244511920043081e+00,4.032679142230575e+14,17
9.350000000012254e-05,935,2.999999999999850e+02,1.011049002434801e+03,3.183971510004811e+02,2.010132798578075e-04,1.380443711161829e+09,2.246070534671518e+00,1.288818476448934e+14,15
9.360000000012276e-05,936,2.999999999999850e+02,1.012279543515958e+03,3.184236850136443e+02,2.012681375427483e-04,1.349234845607059e+09,2.247704003511896e+00,3.907669460472227e+14,17
9.370000000012298e-05,937,2.999999999999850e+02,1.013506102309012e+03,3.184505722608032e+02,2.015433428234657e-04,1.379671299343724e+09,2.249181526497662e+00,1.295303583918047e+14,15
9.380000000012320e-05,938,2.999999999999850e+02,1.014770328037747e+03,3.184766467171470e+02,2.018065381118145e-04,1.350423382305329e+09,2.250573381430832e+00,3.898492379735101e+14,17
9.390000000012341e-05,939,2.999999999999850e+02,1.016001229358807e+03,3.185026433836748e+02,2.020631291331713e-04,1.355809085268279e+09,2.251956289436984e+00,1.250905781965855e+14,14
9.400000000012363e-05,940,2.999999999999850e+02,1.017301656672788e+03,3.185269919249378e+02,2.023122411970363e-04,1.352314909867560e+09,2.253360436879763e+00,3.722577749265749e+14,16
9.410000000012385e-05,941,2.999999999999850e+02,1.018592158247490e+03,3.185507748167199e+02,2.025325948860987e-04,1.373692538924094e+09,2.254652264105586e+00,1.222882519267841e+14,14
9.420000000012407e-05,942,2.999999999999850e+02,1.019788668316964e+03,3.185730661389784e+02,2.027633853117598e-04,1.347994256906918e+09,2.255830768072441e+00,3.679104015201155e+14,16
9.430000000012429e-05,943,2.999999999999850e+02,1.020958581113429e+03,3.185951259253016e+02,2.029775533478250e-04,1.367414892075991e+09,2.257042649158257e+00,1.203553563901337e+14,15
9.440000000012451e-05,944,2.999999999999850e+02,1.022130416486122e+03,3.186165552979538e+02,2.031926464403912e-04,1.348479556718488e+09,2.258101384208857e+00,3.615933041684195e+14,17
9.450000000012473e-05,945,2.999999999999850e+02,1.023243818834316e+03,3.186378469453620e+02,2.034049632897408e-04,1.359741974589505e+09,2.259276680065953e+00,1.198421444585224e+14,15
9.460000000012495e-05,946,2.999999999999850e+02,1.024394376404873e+03,3.186584091971992e+02,2.036077583870126e-04,1.341887835445330e+09,2.260266003850722e+00,3.529166992711055e+14,17
9.470000000012517e-05,947,2.999999999999850e+02,1.025455210574710e+03,3.186786739758148e+02,2.038080523236586e-04,1.353426765168556e+09,2.261329110602563e+00,1.222135249472790e+14,15
9.480000000012539e-05,948,2.999999999999850e+02,1.026471115766295e+03,3.186988977285520e+02,2.039962265411511e-04,1.335496035174920e+09,2.262321949562221e+00,3.447961920634475e+14,17
9.490000000012561e-05,949,2.999999999999850e+02,1.027508907482797e+03,3.187195946169851e+02,2.042019145658113e-04,1.346472809060711e+09,2.263348172927982e+00,1.185821909460258e+14,15
9.500000000012583e-05,950,2.999999999999850e+02,1.028523912962214e+03,3.187404543585216e+02,2.044117970325160e-04,1.338840326371975e+09,2.264309070018815e+00,3.258027918993359e+14,17
9.510000000012605e-05,951,2.999999999999850e+02,1.029564878564046e+03,3.187622747450938e+02,2.046278159630793e-04,1.341034942960284e+09,2.265350332173865e+00,1.192095016451459e+14,16
9.520000000012627e-05,952,2.999999999999850e+02,1.030519782785507e+03,3.187847418914150e+02,2.048548478054451e-04,1.347667895045602e+09,2.266415553542806e+00,2.934097435063676e+14,17
9.530000000012648e-05,953,2.999999999999850e+02,1.031538526671005e+03,3.188078485974420e+02,2.050775047084522e-04,1.357628687106474e+09,2.267523358585521e+00,1.198707751625088e+14,16
9.540000000012670e-05,954,2.999999999999850e+02,1.032491689626271e+03,3.188315122444686e+02,2.053083518431329e-04,1.361493768260585e+09,2.268662685628637e+00,2.531494437930584e+14,17
9.550000000012692e-05,955,2.999999999999850e+02,1.033399167591198e+03,3.188559864484242e+02,2.055442823561103e-04,1.361354603660390e+09,2.269843395819970e+00,1.183063528060354e+14,16
9.560000000012714e-05,956,2.999999999999850e+02,1.034340508157562e+03,3.188805842248849e+02,2.057870275507305e-04,1.363231757720081e+09,2.271163605233007e+00,2.267123884009500e+14,16
9.570000000012736e-05,957,2.999999999999850e+02,1.035197136917208e+03,3.189054340138945e+02,2.060375684748049e-04,1.367933590042661e+09,2.272402950074142e+00,1.192553516177992e+14,15
9.580000000012758e-05,958,2.999999999999850e+02,1.036097930459365e+03,3.189306468996643e+02,2.062838830961806e-04,1.353842686749397e+09,2.273808196801893e+00,2.088158798868870e+14,16
9.590000000012780e-05,959,2.999999999999850e+02,1.036926253901478e+03,3.189558923022153e+02,2.065416634411713e-04,1.362788366529662e+09,2.275144052150516e+00,1.163940499480983e+14,15
9.600000000012802e-05,960,2.999999999999850e+02,1.037848103873473e+03,3.189811325399756e+02,2.067872925741236e-04,1.363333954245593e+09,2.276542623362156e+00,1.888984879372638e+14,16
9.610000000012824e-05,961,2.999999999999850e+02,1.038746914789245e+03,3.190062332544196e+02,2.070299667043839e-04,1.353464273665843e+09,2.277913081451699e+00,1.180916736416067e+14,16
9.620000000012846e-05,962,2.999999999999850e+02,1.039609529862947e+03,3.190303329123635e+02,2.072635759044816e-04,1.348328790550812e+09,2.279247269371166e+00,1.703056712806565e+14,16
9.630000000012868e-05,963,2.999999999999850e+02,1.040481266416148e+03,3.190544447122952e+02,2.074988565420850e-04,1.343591209289076e+09,2.280572367777790e+00,1.153548985097085e+14,16
9.640000000012890e-05,964,2.999999999999850e+02,1.041628425435911e+03,3.190780824079413e+02,2.077307308543491e-04,1.336951250468649e+09,2.281879577198568e+00,1.626425106908777e+14,16
9.650000000012912e-05,965,2.999999999999850e+02,1.043121089588107e+03,3.191019776003096e+02,2.079597923173039e-04,1.333161087574667e+09,2.283244209320092e+00,1.181332083868182e+14,16
9.660000000012934e-05,966,2.999999999999850e+02,1.050080124097652e+03,3.191286741471199e+02,2.081912173684833e-04,1.342120287570604e+09,2.284553276848023e+00,1.528535620298720e+14,16
9.670000000012955e-05,967,2.999999999999850e+02,1.055677574411076e+03,3.191578330446950e+02,2.084429595399382e-04,1.330326667472576e+09,2.286005802093982e+00,1.292681702349284e+14,16
9.680000000012977e-05,968,2.999999999999850e+02,1.058410046238692e+03,3.191843591458941e+02,2.087256567978929e-04,1.328605108054046e+09,2.287311527949068e+00,1.408836340056054e+14,16
9.690000000012999e-05,969,2.999999999999850e+02,1.060060865555864e+03,3.192094417037766e+02,2.089781897883028e-04,1.325578058658555e+09,2.288699604398439e+00,1.472117769328724e+14,16
9.700000000013021e-05,970,2.999999999999850e+02,1.061316212397925e+03,3.192325428321958e+02,2.092210286676418e-04,1.332568659121978e+09,2.289809754489863e+00,1.291776899697598e+14,16
9.710000000013043e-05,971,2.999999999999850e+02,1.062236860926788e+03,3.192556892332329e+02,2.094529095647543e-04,1.328465425544925e+09,2.291169672628686e+00,1.617524808953066e+14,16
9.720000000013065e-05,972,2.999999999999850e+02,1.063120299041429e+03,3.192789612333646e+02,2.097046980979913e-04,1.343659682122314e+09,2.292438515938819e+00,1.150455143551371e+14,15
9.730000000013087e-05,973,2.999999999999850e+02,1.063755501497440e+03,3.193033400602489e+02,2.099637043588082e-04,1.327560968667255e+09,2.293778132990343e+00,1.732794383764353e+14,16
9.740000000013109e-05,974,2.999999999999850e+02,1.064362986084100e+03,3.193284060336800e+02,2.102298801177028e-04,1.336519454718480e+09,2.295083633643914e+00,1.146850105489290e+14,15
9.750000000013131e-05,975,2.999999999999850e+02,1.065001329442418e+03,3.193539950614365e+02,2.105061516062699e-04,1.329844219201239e+09,2.296600259167736e+00,1.844175084151138e+14,16
9.760000000013153e-05,976,2.999999999999850e+02,1.065553211475144e+03,3.193782609219755e+02,2.107672101954111e-04,1.334216443613959e+09,2.297834843142823e+00,1.153456903568585e+14,15
9.770000000013175e-05,977,2.999999999999850e+02,1.066026381987918e+03,3.194024333213018e+02,2.110066162404554e-04,1.322737220377771e+09,2.299130200473682e+00,2.070567248000814e+14,16
9.780000000013197e-05,978,2.999999999999850e+02,1.066501649767957e+03,3.194264124770943e+02,2.112614925425234e-04,1.327130413045090e+09,2.300366635489372e+00,1.135708167010105e+14,15
9.790000000013219e-05,979,2.999999999999850e+02,1.066990045160180e+03,3.194496703346647e+02,2.114959499006826e-04,1.320877954769236e+09,2.301711126822698e+00,3.024045771696219e+14,16
9.800000000013241e-05,980,2.999999999999850e+02,1.067396643310741e+03,3.194732448616581e+02,2.117408489911417e-04,1.327211450264340e+09,2.303021120494633e+00,1.168131885011393e+14,15
9.810000000013262e-05,981,2.999999999999850e+02,1.067733790255897e+03,3.194958238025558e+02,2.119711862621319e-04,1.317872602258243e+09,2.304246508892420e+00,3.690225951644748e+14,16
9.820000000013284e-05,982,2.999999999999850e+02,1.068046891373513e+03,3.195177717949367e+02,2.122120711086006e-04,1.323960696432382e+09,2.305392526582014e+00,1.174688620853919e+14,14
9.830000000013306e-05,983,2.999999999999850e+02,1.068437979103714e+03,3.195395612493982e+02,2.124237821359577e-04,1.315642634723533e+09,2.306630664426440e+00,3.782042893140674e+14,16
9.840000000013328e-05,984,2.999999999999850e+02,1.068721402491665e+03,3.195614533308965e+02,2.126404617133912e-04,1.332570024690303e+09,2.307887254581007e+00,1.176340621598319e+14,14
9.850000000013350e-05,985,2.999999999999850e+02,1.069036565185667e+03,3.195820308934500e+02,2.128498041430460e-04,1.315761698959199e+09,2.308927899150552e+00,3.398901682992702e+14,16
9.860000000013372e-05,986,2.999999999999850e+02,1.069284999796010e+03,3.196031227234507e+02,2.130650129847532e-04,1.337602820558366e+09,2.310120859453022e+00,1.156318909839281e+14,14
9.870000000013394e-05,987,2.999999999999850e+02,1.069575444915244e+03,3.196247554367956e+02,2.132946243792902e-04,1.324921235148559e+09,2.311211371312718e+00,2.966510810663570e+14,16
9.880000000013416e-05,988,2.999999999999850e+02,1.069843380954463e+03,3.196463170428211e+02,2.135166992336617e-04,1.338974041969388e+09,2.312358612871442e+00,1.113306363427321e+14,14
9.890000000013438e-05,989,2.999999999999850e+02,1.070077711017689e+03,3.196677954912663e+02,2.137429913400962e-04,1.317400487477724e+09,2.313247522221232e+00,2.830175826448118e+14,16
9.900000000013460e-05,990,2.999999999999850e+02,1.070374354693990e+03,3.196898502640347e+02,2.139732700359383e-04,1.332784203630836e+09,2.314301325525675e+00,1.115384021306867e+14,14
9.910000000013482e-05,991,2.999999999999850e+02,1.070665829656769e+03,3.197127280811632e+02,2.142133184558212e-04,1.318077339480795e+09,2.315322272528640e+00,3.150841009816422e+14,16
9.920000000013504e-05,992,2.999999999999850e+02,1.070934787330403e+03,3.197356234138263e+02,2.144524619143586e-04,1.333258984511285e+09,2.316280691641206e+00,1.118237724871149e+14,14
9.930000000013526e-05,993,2.999999999999850e+02,1.071216137836446e+03,3.197590315922539e+02,2.147108671573939e-04,1.318367253684232e+09,2.317212917910018e+00,3.438362177930596e+14,16
9.940000000013547e-05,994,2.999999999999850e+02,1.071493959342323e+03,3.197828344671912e+02,2.149652458661079e-04,1.322854274737113e+09,2.318160171749267e+00,1.124046197868169e+14,14
9.950000000013569e-05,995,2.999999999999850e+02,1.071750683878667e+03,3.198072336362223e+02,2.152199745744659e-04,1.318190729061805e+09,2.319106788450577e+00,3.080479901375271e+14,16
9.960000000013591e-05,996,2.999999999999850e+02,1.078299192931399e+03,3.198363831252973e+02,2.154819974551182e-04,1.336135987936372e+09,2.319985269729144e+00,1.146206052764503e+14,15
9.970000000013613e-05,997,2.999999999999850e+02,1.082581128352065e+03,3.198685294005658e+02,2.157988581706988e-04,1.328729796137027e+09,2.320839986891595e+00,2.344093284704805e+14,16
9.980000000013635e-05,998,2.999999999999850e+02,1.084504792442275e+03,3.198973587254289e+02,2.160990320817209e-04,1.321894065502073e+09,2.321544602968337e+00,1.175768988866878e+14,15
9.990000000013657e-05,999,2.999999999999850e+02,1.085700254655254e+03,3.199245491278760e+02,2.163867704626868e-04,1.318314113845216e+09,2.322273572301556e+00,2.291042086481507e+14,16
1.000000000001368e-04,1000,2.999999999999850e+02,1.086487399028831e+03,3.199495924755022e+02,2.166482052836977e-04,1.313814657683728e+09,2.322902553698127e+00,1.183724789885187e+14,15
1.001000000001370e-04,1001,2.999999999999878e+02,1.086917477384454e+03,3.199746842657608e+02,2.168977596007170e-04,1.312680548191105e+09,2.323654615206154e+00,2.155549763933090e+14,16
1.002000000001372e-04,1002,2.999999999999935e+02,1.087269267921140e+03,3.199996113641668e+02,2.171710220093198e-04,1.317662509828562e+09,2.324323834589147e+00,1.225951930483672e+14,15
1.003000000001374e-04,1003,2.999999999999992e+02,1.087431618707902e+03,3.200251112086823e+02,2.174438179103701e-04,1.310008357888052e+09,2.325244805181133e+00,2.012373676967235e+14,16
1.004000000001377e-04,1004,3.000000000000000e+02,1.087539104506209e+03,3.200502734603967e+02,2.177039320597052e-04,1.314578148093012e+09,2.325975954293170e+00,1.179253163033680e+14,15
1.005000000001379e-04,1005,3.000000000000000e+02,1.087604352314911e+03,3.200753555302352e+02,2.179814265595252e-04,1.315327415406148e+09,2.326863203091567e+00,2.509912288228978e+14,16
1.006000000001381e-04,1006,3.000000000000000e+02,1.087636939559429e+03,3.200986143400668e+02,2.182281973457728e-04,1.313811037706456e+09,2.327485793148231e+00,1.117773236039908e+14,16
1.007000000001383e-04,1007,3.000000000000000e+02,1.087666505381445e+03,3.201221467940313e+02,2.184775588079942e-04,1.321297133085955e+09,2.328203781353976e+00,2.489784902111755e+14,16
1.008000000001385e-04,1008,3.000000000000000e+02,1.087632722397629e+03,3.201451937005830e+02,2.187257229597148e-04,1.315275226612760e+09,2.328818465193319e+00,1.118110435439099e+14,16
1.009000000001388e-04,1009,3.000000000000000e+02,1.087630607282190e+03,3.201677344474662e+02,2.189651315247457e-04,1.323142379448892e+09,2.329472070443697e+00,2.080638236047437e+14,16
1.010000000001390e-04,1010,3.000000000000000e+02,1.087554357774075e+03,3.201910055915567e+02,2.192112199465532e-04,1.320754957224197e+09,2.330150425287215e+00,1.125348061088237e+14,16
1.011000000001392e-04,1011,3.000000000000000e+02,1.087414449456162e+03,3.202129772813560e+02,2.194431467034178e-04,1.322600993556142e+09,2.330565144786724e+00,2.108380927732712e+14,16
1.012000000001394e-04,1012,3.000000000000000e+02,1.087296124201931e+03,3.202354436098639e+02,2.196997572741886e-04,1.325468289853766e+09,2.331148299082598e+00,1.171717138375413e+14,16
1.013000000001396e-04,1013,3.000000000000000e+02,1.087167551621256e+03,3.202573577521725e+02,2.199256925187514e-04,1.322656801933012e+09,2.331602577359860e+00,2.210928403991980e+14,16
1.014000000001399e-04,1014,3.000000000000000e+02,1.087080454424357e+03,3.202798068561666e+02,2.201673465965235e-04,1.319839200944224e+09,2.332175759952709e+00,1.196786388507022e+14,15
1.015000000001401e-04,1015,3.000000000000000e+02,1.086794848471676e+03,3.203010686678691e+02,2.203944279527459e-04,1.320134670655810e+09,2.332586675468969e+00,2.280095606486200e+14,16
1.016000000001403e-04,1016,3.000000000000000e+02,1.086727857258086e+03,3.203233697167997e+02,2.206512207086560e-04,1.324458676545518e+09,2.333085272298785e+00,1.180030925203203e+14,15
1.017000000001405e-04,1017,3.000000000000000e+02,1.086464746440262e+03,3.203462365848790e+02,2.209036527389671e-04,1.324540980802463e+09,2.333533251821939e+00,2.253536249977580e+14,16
1.018000000001407e-04,1018,3.000000000000000e+02,1.086291273818711e+03,3.203684439985466e+02,2.211530839805021e-04,1.328296790277971e+09,2.334063949192745e+00,1.174526855835444e+14,16
1.019000000001410e-04,1019,3.000000000000000e+02,1.086035820140913e+03,3.203903750024984e+02,2.214104651345390e-04,1.326498863558121e+09,2.334534108758620e+00,2.106226881082937e+14,16
1.020000000001412e-04,1020,3.000000000000000e+02,1.085826221867478e+03,3.204129830472967e+02,2.216577061834154e-04,1.336010244641117e+09,2.335188555171523e+00,1.186949965124722e+14,16
1.021000000001414e-04,1021,3.000000000000000e+02,1.085632277295880e+03,3.204360981530610e+02,2.219142420448322e-04,1.325541566550493e+09,2.335859845607478e+00,2.027025702310481e+14,16
1.022000000001416e-04,1022,3.000000000000000e+02,1.085400498610604e+03,3.204588803341055e+02,2.221738314874171e-04,1.336777937421763e+09,2.336554579480790e+00,1.177034416912598e+14,16
1.023000000001418e-04,1023,3.000000000000000e+02,1.085167317230574e+03,3.204815802333661e+02,2.224322232465396e-04,1.326953058514829e+09,2.337306714046544e+00,2.388296499927621e+14,16
1.024000000001421e-04,1024,3.000000000000000e+02,1.084943112156780e+03,3.205039982499501e+02,2.226774520983751e-04,1.335662595294973e+09,2.338025207519991e+00,1.149386727920373e+14,16
1.025000000001423e-04,1025,3.000000000000000e+02,1.084677327750430e+03,3.205265660297914e+02,2.229375022533511e-04,1.331493503394670e+09,2.338869833105416e+00,2.013412100905226e+14,16
1.026000000001425e-04,1026,3.000000000000000e+02,1.084546085729901e+03,3.205492699564055e+02,2.231840655447425e-04,1.327246452367757e+09,2.339653973594635e+00,1.454002265024251e+14,16
1.027000000001427e-04,1027,3.000000000000000e+02,1.084317349371457e+03,3.205717195450325e+02,2.234373457390291e-04,1.326934184938325e+09,2.340551658549106e+00,1.969561794407595e+14,16
1.028000000001429e-04,1028,3.000000000000000e+02,1.084168019518948e+03,3.205934407073101e+02,2.236761175152044e-04,1.328686386659796e+09,2.341462250494749e+00,1.158992291178490e+14,16
1.029000000001431e-04,1029,3.000000000000000e+02,1.083935119502952e+03,3.206157246005155e+02,2.239248224784095e-04,1.325449506738894e+09,2.342578668185360e+00,2.067657742622727e+14,16
1.030000000001434e-04,1030,3.000000000000000e+02,1.083812063307621e+03,3.206381328155558e+02,2.241711954146502e-04,1.327956419934440e+09,2.343765524853583e+00,1.189844253289079e+14,15
1.031000000001436e-04,1031,3.000000000000000e+02,1.083718335650830e+03,3.206621092305798e+02,2.244338674413083e-04,1.336329343950056e+09,2.345099845583003e+00,2.194452637650268e+14,16
1.032000000001438e-04,1032,3.000000000000000e+02,1.084101302713473e+03,3.206903767951797e+02,2.247430440989619e-04,1.341292296942537e+09,2.345350404063456e+00,1.167202016737185e+14,15
1.033000000001440e-04,1033,3.000000000000000e+02,1.084945392505240e+03,3.207186017293734e+02,2.251076249157950e-04,1.343848830325742e+09,2.346299165901466e+00,1.927936452379478e+14,15
1.034000000001442e-04,1034,3.000000000000000e+02,1.087401267925146e+03,3.207478834714821e+02,2.253944214701748e-04,1.342345262097017e+09,2.347773545954141e+00,1.409301309358985e+14,15
1.035000000001445e-04,1035,3.000000000000000e+02,1.088906684424965e+03,3.207741810208423e+02,2.256935020701214e-04,1.340132044555934e+09,2.349302751108287e+00,1.813602268655713e+14,16
1.036000000001447e-04,1036,3.000000000000000e+02,1.089451900180864e+03,3.208001173235189e+02,2.260103703665004e-04,1.337668392178399e+09,2.350685102634609e+00,1.504360273963075e+14,15
1.037000000001449e-04,1037,3.000000000000000e+02,1.089988489599587e+03,3.208246806021592e+02,2.263467739319509e-04,1.332680421230244e+09,2.352028468888268e+00,1.864405275968036e+14,16
1.038000000001451e-04,1038,3.000000000000000e+02,1.089997758205491e+03,3.208491494099986e+02,2.266243271579263e-04,1.331386607404613e+09,2.353223461138873e+00,1.475464033412292e+14,15
1.039000000001453e-04,1039,3.000000000000000e+02,1.090217661662349e+03,3.208731835325199e+02,2.269616990319333e-04,1.327312943011092e+09,2.354537242218409e+00,1.769430621910818e+14,16
1.040000000001456e-04,1040,3.000000000000000e+02,1.090076282014245e+03,3.208984168156845e+02,2.272444628354873e-04,1.326223100651409e+09,2.355845098946505e+00,2.500125599467756e+14,15
1.041000000001458e-04,1041,3.000000000000000e+02,1.090054994884104e+03,3.209262002630742e+02,2.275585916683794e-04,1.325182213914672e+09,2.357214419050990e+00,1.412780686454312e+14,16
1.042000000001460e-04,1042,3.000000000000000e+02,1.089658201120689e+03,3.209534450336914e+02,2.279031792833616e-04,1.323198891193557e+09,2.358518898886591e+00,2.001336906199659e+14,15
1.043000000001462e-04,1043,3.000000000000000e+02,1.089259455878229e+03,3.209783990567119e+02,2.282411278944091e-04,1.319808533888535e+09,2.359845107799344e+00,1.352851243170329e+14,16
1.044000000001464e-04,1044,3.000000000000000e+02,1.088896255538541e+03,3.210015243042275e+02,2.285288234787721e-04,1.319546855200082e+09,2.361128030935808e+00,1.627713789234885e+14,14
1.045000000001467e-04,1045,3.000000000000000e+02,1.088532887139067e+03,3.210239242651052e+02,2.288037817279537e-04,1.315315213421685e+09,2.362390403789479e+00,1.394289078025019e+14,15
1.046000000001469e-04,1046,3.000000000000000e+02,1.088164035449456e+03,3.210446175273103e+02,2.290623174021355e-04,1.321112800014601e+09,2.363744931361345e+00,1.586821537258273e+14,14
1.047000000001471e-04,1047,3.000000000000000e+02,1.087810569600887e+03,3.210659627748976e+02,2.292943268553900e-04,1.314931154073838e+09,2.365052986232070e+00,1.279833020087625e+14,15
1.048000000001473e-04,1048,3.000000000000000e+02,1.087431053124877e+03,3.210866772905700e+02,2.295195834910087e-04,1.320925841575761e+09,2.366360469780303e+00,1.712992043605831e+14,14
1.049000000001475e-04,1049,3.000000000000000e+02,1.087111060510455e+03,3.211075450533436e+02,2.297771190909056e-04,1.326461692625228e+09,2.367684163814152e+00,1.236078122734628e+14,14
1.050000000001478e-04,1050,3.000000000000000e+02,1.086744774828649e+03,3.211276551796607e+02,2.300303104951237e-04,1.327456985856938e+09,2.369007745681062e+00,2.199726606004264e+14,14
1.051000000001480e-04,1051,3.000000000000000e+02,1.086361469488735e+03,3.211469177118584e+02,2.302386672703661e-04,1.325727751015023e+09,2.370231080156389e+00,1.185572201803118e+14,15
1.052000000001482e-04,1052,3.000000000000000e+02,1.085938206090352e+03,3.211663609017127e+02,2.304637020308339e-04,1.323561725783732e+09,2.371369712739571e+00,1.546191192080751e+14,14
1.053000000001484e-04,1053,3.000000000000000e+02,1.085498384409926e+03,3.211853405658721e+02,2.306946110310129e-04,1.319580008036463e+09,2.372637484907229e+00,1.160918144017352e+14,15
1.054000000001486e-04,1054,3.000000000000000e+02,1.085077141117129e+03,3.212045744860544e+02,2.308985833911530e-04,1.311140428671199e+09,2.373830961633741e+00,1.729552431937357e+14,14
1.055000000001489e-04,1055,3.000000000000000e+02,1.084663916906606e+03,3.212233704227436e+02,2.311355947738169e-04,1.306707578360068e+09,2.375007036705884e+00,1.189133704396702e+14,15
1.056000000001491e-04,1056,3.000000000000000e+02,1.084262027019893e+03,3.212424641127471e+02,2.313646931212359e-04,1.311658532178874e+09,2.376098515114231e+00,1.660329969340963e+14,14
1.057000000001493e-04,1057,3.000000000000000e+02,1.083823689197260e+03,3.212620538695836e+02,2.316214349629812e-04,1.308864698046356e+09,2.377307796282190e+00,1.151459176609827e+14,15
1.058000000001495e-04,1058,3.000000000000000e+02,1.083451123260455e+03,3.212828948907651e+02,2.318672043430214e-04,1.311523621622238e+09,2.378578929266029e+00,1.935888965816139e+14,15
1.059000000001497e-04,1059,3.000000000000000e+02,1.083021417229273e+03,3.213035682453781e+02,2.321318369944872e-04,1.310210721752547e+09,2.379807041254153e+00,1.230087880584771e+14,15
1.060000000001499e-04,1060,3.000000000000000e+02,1.082597643059413e+03,3.213242383511762e+02,2.323735487216765e-04,1.313959993898133e+09,2.381023937029483e+00,2.532975019970583e+14,15
1.061000000001502e-04,1061,3.000000000000000e+02,1.082169484497858e+03,3.213453074963507e+02,2.326240340788076e-04,1.314637895312774e+09,2.382272932005743e+00,1.319162726334777e+14,15
1.062000000001504e-04,1062,3.000000000000000e+02,1.081754042476100e+03,3.213671018340191e+02,2.328991138478515e-04,1.313507108864745e+09,2.383463230386289e+00,1.924852536385313e+14,15
1.063000000001506e-04,1063,3.000000000000000e+02,1.081329249841596e+03,3.213886739796444e+02,2.331637311228536e-04,1.316776717871552e+09,2.384697399343455e+00,1.133829377833510e+14,16
1.064000000001508e-04,1064,3.000000000000000e+02,1.080912856486831e+03,3.214106024509018e+02,2.334349181813874e-04,1.313818586664716e+09,2.385858594574476e+00,1.530022324951026e+14,15
1.065000000001510e-04,1065,3.000000000000000e+02,1.080494028489639e+03,3.214327654446620e+02,2.336996348469899e-04,1.314054090242285e+09,2.386914251129523e+00,1.160753397646267e+14,16
1.066000000001513e-04,1066,3.000000000000000e+02,1.080086435712261e+03,3.214544916894711e+02,2.339451733729256e-04,1.313110076879245e+09,2.387912472129469e+00,1.500402616179281e+14,15
1.067000000001515e-04,1067,3.000000000000000e+02,1.079673667221540e+03,3.214772620404962e+02,2.341892469876734e-04,1.313124041375160e+09,2.388860491221341e+00,1.163164660009568e+14,16
1.068000000001517e-04,1068,3.000000000000000e+02,1.079291580258522e+03,3.215012394705682e+02,2.344287630296835e-04,1.314430140064502e+09,2.389824890325108e+00,1.130735558050654e+14,15
1.069000000001519e-04,1069,3.000000000000000e+02,1.078908581100229e+03,3.215250055153303e+02,2.347005903077202e-04,1.315498622020093e+09,2.390712112710589e+00,1.137613023550871e+14,16
1.070000000001521e-04,1070,3.000000000000000e+02,1.078509640958713e+03,3.215474503704540e+02,2.349873191214440e-04,1.312056178485344e+09,2.391696186461709e+00,1.153171915452282e+14,16
1.071000000001524e-04,1071,3.000000000000000e+02,1.078108687184390e+03,3.215690864273024e+02,2.352211300727841e-04,1.324244500249632e+09,2.392630993602890e+00,1.133812744722467e+14,15
1.072000000001526e-04,1072,3.000000000000000e+02,1.077701301219924e+03,3.215892000901223e+02,2.354636038665307e-04,1.320452565192235e+09,2.393333564432863e+00,1.102908308631274e+14,16
1.073000000001528e-04,1073,3.000000000000000e+02,1.077303374280285e+03,3.216088030296834e+02,2.356772972743890e-04,1.339918075367528e+09,2.394221580382324e+00,1.145393916699779e+14,15
1.074000000001530e-04,1074,3.000000000000000e+02,1.076900546921122e+03,3.216282735291516e+02,2.358854547255011e-04,1.314035767286039e+09,2.394971255501632e+00,1.131638657612939e+14,16
1.075000000001532e-04,1075,3.000000000000000e+02,1.076501246604939e+03,3.216481263475326e+02,2.360982460982836e-04,1.317831550637108e+09,2.395773375328148e+00,1.287227502301210e+14,15
1.076000000001535e-04,1076,3.000000000000000e+02,1.076092662871224e+03,3.216682688244775e+02,2.363372148738052e-04,1.312806602746973e+09,2.396507451389352e+00,1.150629853424406e+14,16
1.077000000001537e-04,1077,3.000000000000000e+02,1.075692762059867e+03,3.216889013453217e+02,2.365836321932984e-04,1.313554798139951e+09,2.397237945597193e+00,1.604834944499797e+14,16
1.078000000001539e-04,1078,3.000000000000000e+02,1.075283025748321e+03,3.217090855716379e+02,2.368104768325232e-04,1.312562513590337e+09,2.397894969466626e+00,1.139900484605521e+14,16
1.079000000001541e-04,1079,3.000000000000000e+02,1.074883647070209e+03,3.217289712618341e+02,2.370132732461419e-04,1.311688068511574e+09,2.398578332319877e+00,1.733148514659372e+14,16
1.080000000001543e-04,1080,3.000000000000000e+02,1.074473830329937e+03,3.217488930967057e+02,2.372316738175398e-04,1.311871674922818e+09,2.399238308354214e+00,1.672087008904584e+14,15
1.081000000001546e-04,1081,3.000000000000000e+02,1.074080213632398e+03,3.217683854468099e+02,2.374223074183272e-04,1.312085547444715e+09,2.399984485952919e+00,1.870467965140217e+14,16
1.082000000001548e-04,1082,3.000000000000000e+02,1.073678304864273e+03,3.217879791446373e+02,2.376383628917564e-04,1.311858546546119e+09,2.400617634833163e+00,2.332361080210682e+14,15
1.083000000001550e-04,1083,3.000000000000000e+02,1.073272411696882e+03,3.218070301390818e+02,2.378474595300833e-04,1.311636953563766e+09,2.401201672386822e+00,2.125768531003812e+14,16
1.084000000001552e-04,1084,3.000000000000000e+02,1.072856988233279e+03,3.218288540593281e+02,2.380702353334548e-04,1.329953586992084e+09,2.401936449291785e+00,2.063275381308785e+14,15
1.085000000001554e-04,1085,3.000000000000000e+02,1.072436857093070e+03,3.218502906142369e+02,2.383329281487878e-04,1.323499345578831e+09,2.402645646036356e+00,2.475301968890021e+14,15
1.086000000001556e-04,1086,3.000000000000000e+02,1.072029563697583e+03,3.218706939305337e+02,2.385449414016147e-04,1.320147515485161e+09,2.403317295767300e+00,1.548261160944432e+14,15
1.087000000001559e-04,1087,3.000000000000000e+02,1.071625133314063e+03,3.218899650761765e+02,2.387559084366563e-04,1.318826519823156e+09,2.403832282535271e+00,2.848669560346462e+14,15
1.088000000001561e-04,1088,3.000000000000000e+02,1.071231827480163e+03,3.219089617345775e+02,2.389446571996081e-04,1.316645924133653e+09,2.404417061656297e+00,1.645546648149488e+14,16
1.089000000001563e-04,1089,3.000000000000000e+02,1.070866093938676e+03,3.219279363591722e+02,2.391626120990741e-04,1.309883275595267e+09,2.404961118571526e+00,2.951057351232705e+14,15
1.090000000001565e-04,1090,3.000000000000000e+02,1.070496174325352e+03,3.219477691469765e+02,2.393960366891422e-04,1.311202247397238e+09,2.405580299520055e+00,1.786699866508073e+14,16
1.091000000001567e-04,1091,3.000000000000000e+02,1.070144294141544e+03,3.219685771180334e+02,2.396359623506455e-04,1.310509889433510e+09,2.406210663543784e+00,2.910097197129168e+14,15
1.092000000001570e-04,1092,3.000000000000000e+02,1.069810242399559e+03,3.219895866669240e+02,2.398805254789963e-04,1.325643395847918e+09,2.406972063797117e+00,2.162899271796751e+14,16
1.093000000001572e-04,1093,3.000000000000000e+02,1.069434711880691e+03,3.220104509776970e+02,2.401245032696182e-04,1.311187923120116e+09,2.407617752076808e+00,2.911536233107765e+14,15
1.094000000001574e-04,1094,3.000000000000000e+02,1.069107473150226e+03,3.220306908314318e+02,2.403195838138580e-04,1.326781623501173e+09,2.408238846841485e+00,2.404219720181206e+14,14
1.095000000001576e-04,1095,3.000000000000000e+02,1.068748980132801e+03,3.220517493115206e+02,2.405517476906254e-04,1.312314250616837e+09,2.408825986731991e+00,2.970496634914272e+14,15
1.096000000001578e-04,1096,3.000000000000000e+02,1.068417140783110e+03,3.220719287850420e+02,2.407796917947334e-04,1.331520827457965e+09,2.409380443333685e+00,2.063090674611348e+14,14
1.097000000001581e-04,1097,3.000000000000000e+02,1.068075709706272e+03,3.220934968386018e+02,2.410217734454089e-04,1.320810036515193e+09,2.410035663434313e+00,3.124213555289368e+14,15
1.098000000001583e-04,1098,3.000000000000000e+02,1.068710589346106e+03,3.221164092355156e+02,2.412646599537689e-04,1.334718363911696e+09,2.410657748936215e+00,1.980383147056129e+14,15
1.099000000001585e-04,1099,3.000000000000000e+02,1.069119232664310e+03,3.221400508975473e+02,2.415216381925571e-04,1.329840596409833e+09,2.411271895054046e+00,3.010265941204445e+14,15
1.100000000001587e-04,1100,3.000000000000000e+02,1.068993589696746e+03,3.221616910996527e+02,2.417730278388161e-04,1.331795303969484e+09,2.411874000199774e+00,2.136781450823834e+14,15
1.101000000001589e-04,1101,3.000000000000000e+02,1.069022744534897e+03,3.221832020296204e+02,2.419619234760366e-04,1.326398762183284e+09,2.412314234062727e+00,2.981837418281922e+14,15
1.102000000001592e-04,1102,3.000000000000000e+02,1.068734625276038e+03,3.222035819940032e+02,2.421936228371612e-04,1.321596556386214e+09,2.412811318395772e+00,2.133651099015853e+14,15
1.103000000001594e-04,1103,3.000000000000000e+02,1.068603774982204e+03,3.222235336274482e+02,2.423937620663058e-04,1.320962901885673e+09,2.413158549637326e+00,2.882184812847505e+14,15
1.104000000001596e-04,1104,3.000000000000000e+02,1.068265561259645e+03,3.222456238390335e+02,2.426468993292974e-04,1.323919984042179e+09,2.413654468532115e+00,2.047017344416420e+14,15
1.105000000001598e-04,1105,3.000000000000000e+02,1.067983719835491e+03,3.222673124051064e+02,2.428843624955608e-04,1.314010197972622e+09,2.414009482467094e+00,2.656895929213082e+14,15
1.106000000001600e-04,1106,3.000000000000000e+02,1.067659094792033e+03,3.222896680694832e+02,2.431359381827916e-04,1.330194113322772e+09,2.414469556443763e+00,2.100164089810231e+14,15
1.107000000001603e-04,1107,3.000000000000000e+02,1.067332192467815e+03,3.223117493070304e+02,2.433868882984722e-04,1.319184761693533e+09,2.414829716793784e+00,2.473153121847446e+14,15
1.108000000001605e-04,1108,3.000000000000000e+02,1.066981091909212e+03,3.223344391650371e+02,2.436116257341697e-04,1.320227347010922e+09,2.415318976122329e+00,1.998695252658687e+14,15
1.109000000001607e-04,1109,3.000000000000000e+02,1.066632797051548e+03,3.223569407103420e+02,2.438522992960562e-04,1.327320881778403e+09,2.415661819348496e+00,2.367774683342453e+14,15
1.110000000001609e-04,1110,3.000000000000000e+02,1.066270588088919e+03,3.223800194503568e+02,2.441356899158785e-04,1.320739839352893e+09,2.416109399536408e+00,1.960385979006850e+14,15
1.111000000001611e-04,1111,3.000000000000000e+02,1.065915801229262e+03,3.224029919914553e+02,2.443920234351708e-04,1.327102262241598e+09,2.416528939656474e+00,2.332207783930767e+14,15
1.112000000001613e-04,1112,3.000000000000000e+02,1.065563899431617e+03,3.224266184003236e+02,2.446736159588528e-04,1.329024081077834e+09,2.416931512412233e+00,1.896936612306570e+14,15
1.113000000001616e-04,1113,3.000000000000000e+02,1.065191446362725e+03,3.224499441166674e+02,2.449452827320131e-04,1.324319719736314e+09,2.417323492111010e+00,2.298692694387646e+14,15
1.114000000001618e-04,1114,3.000000000000000e+02,1.064824987783000e+03,3.224735873107549e+02,2.452139096347684e-04,1.333312383049814e+09,2.417733956744559e+00,1.784815944328880e+14,15
1.115000000001620e-04,1115,3.000000000000000e+02,1.064451686058943e+03,3.224969262790579e+02,2.454644154940416e-04,1.324156063332691e+09,2.418117763348573e+00,2.245005722383965e+14,15
1.116000000001622e-04,1116,3.000000000000000e+02,1.064088379279224e+03,3.225195386627674e+02,2.457163734765744e-04,1.327114344455871e+09,2.418450525033358e+00,1.637345838745163e+14,15
1.117000000001624e-04,1117,3.000000000000000e+02,1.063703293316637e+03,3.225425187977470e+02,2.459949185708032e-04,1.321397174498644e+09,2.418845103129889e+00,2.178331231771361e+14,15
1.118000000001627e-04,1118,3.000000000000000e+02,1.063341769296301e+03,3.225664616115295e+02,2.462684552935445e-04,1.329488111849054e+09,2.419279160507337e+00,1.515183487073352e+14,15
1.119000000001629e-04,1119,3.000000000000000e+02,1.062950551950879e+03,3.225908721424451e+02,2.465689424339381e-04,1.327431957271034e+09,2.419618099468142e+00,2.083210549296937e+14,15
1.120000000001631e-04,1120,3.000000000000000e+02,1.062586588735409e+03,3.226143657915408e+02,2.468423054860982e-04,1.334055998325489e+09,2.419917280742167e+00,1.399966530208141e+14,16
1.121000000001633e-04,1121,3.000000000000000e+02,1.062205784856214e+03,3.226384911994396e+02,2.470947055692358e-04,1.328498754774213e+09,2.420305353250080e+00,2.011366022364271e+14,15
1.122000000001635e-04,1122,3.000000000000000e+02,1.061843923904359e+03,3.226626190195548e+02,2.473550464706396e-04,1.330730218726109e+09,2.420652218237393e+00,1.357190444640484e+14,16
1.123000000001638e-04,1123,3.000000000000000e+02,1.061477583957254e+03,3.226867995988949e+02,2.476359934947090e-04,1.330842158400079e+09,2.420949306080428e+00,1.935799483394550e+14,15
1.124000000001640e-04,1124,3.000000000000000e+02,1.061108370188035e+03,3.227115699034769e+02,2.479317420576610e-04,1.332348580210318e+09,2.421275255858260e+00,1.175079800789676e+14,16
1.125000000001642e-04,1125,3.000000000000000e+02,1.060786601945904e+03,3.227363229723790e+02,2.482151146700563e-04,1.341622359210596e+09,2.421525807971049e+00,1.897887494978325e+14,14
1.126000000001644e-04,1126,3.000000000000000e+02,1.060435461284208e+03,3.227617946443257e+02,2.485113168324895e-04,1.344420491626538e+09,2.421792456945449e+00,1.373867867006977e+14,15
1.127000000001646e-04,1127,3.000000000000000e+02,1.060125773548781e+03,3.227880991686517e+02,2.487980748954085e-04,1.350678979351102e+09,2.422100733665113e+00,1.847787240280128e+14,14
1.128000000001649e-04,1128,3.000000000000000e+02,1.059760266803245e+03,3.228151635051464e+02,2.491007355078230e-04,1.354020656027016e+09,2.422478576541644e+00,1.127576212453032e+14,15
1.129000000001651e-04,1129,3.000000000000000e+02,1.059471337827133e+03,3.228409573695659e+02,2.494042074262168e-04,1.351543186918968e+09,2.422890100801447e+00,1.768682389692633e+14,15
1.130000000001653e-04,1130,3.000000000000000e+02,1.059106840233983e+03,3.228664987531668e+02,2.497241672593617e-04,1.350041494088460e+09,2.423314230678896e+00,1.141056592880777e+14,15
1.131000000001655e-04,1131,3.000000000000000e+02,1.058810720009791e+03,3.228915243897815e+02,2.500456606509024e-04,1.345023132725591e+09,2.423825719384435e+00,1.662995486930201e+14,15
1.132000000001657e-04,1132,3.000000000000000e+02,1.058498509921908e+03,3.229166392094069e+02,2.503706683626353e-04,1.341397524083133e+09,2.424384571956091e+00,1.141967306478508e+14,16
1.133000000001660e-04,1133,3.000000000000000e+02,1.058416316980265e+03,3.229428263569229e+02,2.506944633698926e-04,1.335510430434506e+09,2.425045628889392e+00,1.602939214343727e+14,15
1.134000000001662e-04,1134,3.000000000000000e+02,1.058368060805598e+03,3.229691044302380e+02,2.510023891531395e-04,1.335621315140723e+09,2.425528244008881e+00,1.143547181669819e+14,16
1.135000000001664e-04,1135,3.000000000000000e+02,1.058270465642580e+03,3.229944537204090e+02,2.513617077505058e-04,1.341790376567273e+09,2.426251695973769e+00,1.566677837554080e+14,15
1.136000000001666e-04,1136,3.000000000000000e+02,1.058190094230252e+03,3.230176332166967e+02,2.516266175599538e-04,1.332822516701942e+09,2.426789922290923e+00,1.133698950323965e+14,16
1.137000000001668e-04,1137,3.000000000000000e+02,1.058011682757041e+03,3.230402442328150e+02,2.519468576541970e-04,1.336471984352714e+09,2.427376395200915e+00,1.583022999531782e+14,15
1.138000000001670e-04,1138,3.000000000000000e+02,1.057837890491111e+03,3.230625009488468e+02,2.522295252423848e-04,1.332835909174715e+09,2.427967683358973e+00,1.139473517504721e+14,16
1.139000000001673e-04,1139,3.000000000000000e+02,1.057661167905320e+03,3.230848470053137e+02,2.525345202366479e-04,1.331295407647913e+09,2.428587374020388e+00,1.724257647702338e+14,15
1.140000000001675e-04,1140,3.000000000000000e+02,1.057441003014411e+03,3.231068495703238e+02,2.528121534534047e-04,1.331953693070238e+09,2.429247741545987e+00,1.157743569640848e+14,16
1.141000000001677e-04,1141,3.000000000000000e+02,1.057182586218050e+03,3.231291278774687e+02,2.530842575919494e-04,1.334210034780186e+09,2.429878469869538e+00,1.945229407042778e+14,15
1.142000000001679e-04,1142,3.000000000000000e+02,1.057018733499756e+03,3.231512898939583e+02,2.533455180138814e-04,1.336096191737590e+09,2.430614823631943e+00,1.645259677057831e+14,15
1.143000000001681e-04,1143,3.000000000000000e+02,1.056683594681830e+03,3.231725497926965e+02,2.536130128651987e-04,1.335682506963350e+09,2.431011542893208e+00,2.145992640992994e+14,15
1.144000000001684e-04,1144,3.000000000000000e+02,1.056504032825634e+03,3.231944905313114e+02,2.539130671948016e-04,1.337141712288067e+09,2.431527684854723e+00,1.278851115424619e+14,15
1.145000000001686e-04,1145,3.000000000000000e+02,1.056216780379005e+03,3.232172241063244e+02,2.541636335972086e-04,1.334824175644701e+09,2.432190835012132e+00,2.262938996733200e+14,15
1.146000000001688e-04,1146,3.000000000000000e+02,1.055892073594753e+03,3.232382580052443e+02,2.544498973178125e-04,1.337713534321728e+09,2.432816938166437e+00,1.166164524920914e+14,16
1.147000000001690e-04,1147,3.000000000000000e+02,1.055822014538588e+03,3.232604896005492e+02,2.546799667038225e-04,1.341831391305397e+09,2.433495749758193e+00,2.389733567381249e+14,15
1.148000000001692e-04,1148,3.000000000000000e+02,1.055452482304426e+03,3.232820388517941e+02,2.549580528717857e-04,1.324876128496174e+09,2.434130164452502e+00,1.139822593561189e+14,15
1.149000000001695e-04,1149,3.000000000000000e+02,1.055270626824236e+03,3.233034391015084e+02,2.551997451282327e-04,1.316039133320404e+09,2.434848449082492e+00,2.588081086036842e+14,15
1.150000000001697e-04,1150,3.000000000000000e+02,1.055299524095578e+03,3.233269256698302e+02,2.554607319515098e-04,1.326122717836163e+09,2.435486196869147e+00,1.152243880180526e+14,15
1.151000000001699e-04,1151,3.000000000000000e+02,1.055221391917498e+03,3.233504137101785e+02,2.557885031728898e-04,1.328840625535730e+09,2.436254777129271e+00,2.767507431642463e+14,15
1.152000000001701e-04,1152,3.000000000000000e+02,1.055068022094389e+03,3.233738573180706e+02,2.560623930108132e-04,1.330131624776274e+09,2.437118166081969e+00,1.169020478942855e+14,14
1.153000000001703e-04,1153,3.000000000000000e+02,1.054805246019282e+03,3.233967747110405e+02,2.563682778196683e-04,1.328014267879408e+09,2.437816356014650e+00,2.843113838166565e+14,14
1.154000000001706e-04,1154,3.000000000000000e+02,1.054580650452664e+03,3.234196538144635e+02,2.566404641822767e-04,1.330843036484997e+09,2.438583561026205e+00,1.545991356759510e+14,14
1.155000000001708e-04,1155,3.000000000000000e+02,1.054230664943699e+03,3.234425059732116e+02,2.569105488077220e-04,1.330794733556802e+09,2.439452423241592e+00,2.905945565139765e+14,15
1.156000000001710e-04,1156,3.000000000000000e+02,1.053900511994375e+03,3.234646168368874e+02,2.571873558176452e-04,1.325234602743877e+09,2.440178036213263e+00,1.186122931218202e+14,15
1.157000000001712e-04,1157,3.000000000000000e+02,1.053566654859689e+03,3.234870976966083e+02,2.574672044697379e-04,1.320679340507512e+09,2.440999789790455e+00,2.888291350996656e+14,15
1.158000000001714e-04,1158,3.000000000000000e+02,1.053228643504092e+03,3.235106174898585e+02,2.577640547844502e-04,1.321521381630450e+09,2.441833510499559e+00,1.447887893789814e+14,15
1.159000000001717e-04,1159,3.000000000000000e+02,1.052911317992010e+03,3.235330395979452e+02,2.580630558556680e-04,1.322884000718570e+09,2.442599195165332e+00,2.946643808038551e+14,15
1.160000000001719e-04,1160,3.000000000000000e+02,1.052576980571650e+03,3.235552669584934e+02,2.583296870666208e-04,1.322238792975490e+09,2.443316385294921e+00,1.501180245515733e+14,15
1.161000000001721e-04,1161,3.000000000000000e+02,1.052252404825141e+03,3.235770004937340e+02,2.585775931295453e-04,1.321434007948545e+09,2.443998586107046e+00,3.052501959798791e+14,15
1.162000000001723e-04,1162,3.000000000000000e+02,1.051912264833720e+03,3.235984424885182e+02,2.588301022815414e-04,1.321852851072159e+09,2.444779082134497e+00,1.602837032446574e+14,15
1.163000000001725e-04,1163,3.000000000000000e+02,1.051587856568733e+03,3.236192802510752e+02,2.590984839188121e-04,1.321703209626460e+09,2.445484743890923e+00,3.088720218011039e+14,15
1.164000000001728e-04,1164,3.000000000000000e+02,1.051278622294649e+03,3.236405557640604e+02,2.593463846234364e-04,1.318336362810945e+09,2.446217652047149e+00,1.852974318313994e+14,15
1.165000000001730e-04,1165,3.000000000000000e+02,1.050984888955639e+03,3.236609961299516e+02,2.596182920175017e-04,1.322321800030900e+09,2.446862769197942e+00,3.135548129707881e+14,14
1.166000000001732e-04,1166,3.000000000000000e+02,1.050685094376018e+03,3.236814930380820e+02,2.598859630404885e-04,1.315497875828081e+09,2.447536797384479e+00,1.900484302675245e+14,14
1.167000000001734e-04,1167,3.000000000000000e+02,1.050407126437452e+03,3.237020144425676e+02,2.601296467973495e-04,1.320006780180063e+09,2.448246321455848e+00,3.181326646087362e+14,14
1.168000000001736e-04,1168,3.000000000000000e+02,1.050128674292736e+03,3.237218745677951e+02,2.603728981009617e-04,1.315126662978641e+09,2.448976106830246e+00,1.818716283612460e+14,14
1.169000000001738e-04,1169,3.000000000000000e+02,1.049870253179664e+03,3.237423433859190e+02,2.606169688848853e-04,1.322694735038380e+09,2.449726723869215e+00,3.133499781043276e+14,14
1.170000000001741e-04,1170,3.000000000000000e+02,1.049632876358988e+03,3.237627831808891e+02,2.608817290697671e-04,1.313927003140604e+09,2.450341724240051e+00,1.913829544419318e+14,15
1.171000000001743e-04,1171,3.000000000000000e+02,1.049373860169839e+03,3.237834471347182e+02,2.611671518771530e-04,1.326891225616892e+09,2.451065837491563e+00,3.086660207531630e+14,14
1.172000000001745e-04,1172,3.000000000000000e+02,1.049140999058777e+03,3.238044651698509e+02,2.614449287856925e-04,1.315388647155129e+09,2.451694551498311e+00,2.036339113370775e+14,14
1.173000000001747e-04,1173,3.000000000000000e+02,1.048845647944574e+03,3.238259234683744e+02,2.617534082459491e-04,1.329428455523084e+09,2.452463551838578e+00,3.064419755861807e+14,14
1.174000000001749e-04,1174,3.000000000000000e+02,1.048623542803574e+03,3.238485041046492e+02,2.620394262253855e-04,1.319380451078194e+09,2.453227480084603e+00,1.964582749566715e+14,14
1.175000000001752e-04,1175,3.000000000000000e+02,1.048320210345977e+03,3.238709566213217e+02,2.623439928125968e-04,1.323881101415715e+09,2.454009503160109e+00,3.052709263261670e+14,15
1.176000000001754e-04,1176,3.000000000000000e+02,1.048100418366900e+03,3.238933090330755e+02,2.626389887384098e-04,1.320505998269060e+09,2.454752917228125e+00,1.838131108659315e+14,15
1.177000000001756e-04,1177,3.000000000000000e+02,1.047899126303084e+03,3.239160146549542e+02,2.629381845419751e-04,1.317560907047169e+09,2.455478660558517e+00,3.030183308835380e+14,15
1.178000000001758e-04,1178,3.000000000000000e+02,1.047795414624180e+03,3.239391005651500e+02,2.632594381116222e-04,1.317881484418482e+09,2.456301970961495e+00,1.891002166995852e+14,17
1.179000000001760e-04,1179,3.000000000000000e+02,1.047731943748230e+03,3.239629237332072e+02,2.635781090262728e-04,1.318320541381527e+09,2.456963012741351e+00,3.023639492752270e+14,15
1.180000000001763e-04,1180,3.000000000000000e+02,1.047734778754074e+03,3.239865537929233e+02,2.638846250166487e-04,1.322597873516853e+09,2.457680385093766e+00,2.018108525240089e+14,16
1.181000000001765e-04,1181,3.000000000000000e+02,1.047835986811664e+03,3.240097348985706e+02,2.641715023808737e-04,1.325128047653110e+09,2.458374939331736e+00,2.949387602092484e+14,15
1.182000000001767e-04,1182,3.000000000000000e+02,1.047839640562307e+03,3.240328569008839e+02,2.644520773058340e-04,1.327187955901218e+09,2.459040162863165e+00,1.992051810913091e+14,15
1.183000000001769e-04,1183,3.000000000000000e+02,1.047989385270193e+03,3.240555318314227e+02,2.647267100897134e-04,1.324791743975319e+09,2.459804457507555e+00,2.866263442342659e+14,14
1.184000000001771e-04,1184,3.000000000000000e+02,1.048005443572697e+03,3.240784283132705e+02,2.649947175409420e-04,1.326440894126374e+09,2.460413215544991e+00,1.805581285713792e+14,15
1.185000000001774e-04,1185,3.000000000000000e+02,1.048187769249338e+03,3.241007614356149e+02,2.652746812738018e-04,1.328506324496574e+09,2.461046723774456e+00,2.707027130918704e+14,14
1.186000000001776e-04,1186,3.000000000000000e+02,1.048191702337199e+03,3.241231433169123e+02,2.655570378312405e-04,1.339654413700635e+09,2.461661075401770e+00,1.526085883410482e+14,16
1.187000000001778e-04,1187,3.000000000000000e+02,1.048324878018193e+03,3.241453927248913e+02,2.658185381736092e-04,1.329140197294492e+09,2.462240637176696e+00,2.526210131686676e+14,14
1.188000000001780e-04,1188,3.000000000000000e+02,1.048301873294965e+03,3.241673048127827e+02,2.660728532909225e-04,1.326908118235370e+09,2.462841255675765e+00,1.210794010968722e+14,16
1.189000000001782e-04,1189,3.000000000000000e+02,1.048315165152821e+03,3.241892579244552e+02,2.663450012491936e-04,1.337164266697922e+09,2.463485227549661e+00,2.284050174109506e+14,15
1.190000000001785e-04,1190,3.000000000000000e+02,1.048280236552835e+03,3.242112268946804e+02,2.666102779769391e-04,1.323867697410901e+09,2.464027759895795e+00,1.116909646825735e+14,16
1.191000000001787e-04,1191,3.000000000000000e+02,1.048281895579402e+03,3.242332825546283e+02,2.669008420842584e-04,1.323522509127094e+09,2.464660982904061e+00,1.943347081720224e+14,15
1.192000000001789e-04,1192,3.000000000000000e+02,1.048222654446131e+03,3.242557837197985e+02,2.671863546092570e-04,1.326403632678158e+09,2.465185296206544e+00,1.086805463487705e+14,15
1.193000000001791e-04,1193,3.000000000000000e+02,1.048093316861611e+03,3.242791708501437e+02,2.674856637256851e-04,1.322945907780445e+09,2.465833812114803e+00,1.669526694174102e+14,15
1.194000000001793e-04,1194,3.000000000000000e+02,1.047939683747539e+03,3.243029753820367e+02,2.677789221035229e-04,1.323315734455466e+09,2.466556576008644e+00,1.099251729549755e+14,15
1.195000000001795e-04,1195,3.000000000000000e+02,1.047726354901966e+03,3.243275412905974e+02,2.680898154783212e-04,1.327523601766958e+09,2.467176996884561e+00,1.348281473971088e+14,15
1.196000000001798e-04,1196,3.000000000000000e+02,1.047552511997936e+03,3.243520495179175e+02,2.683763868126077e-04,1.328818235357428e+09,2.467908498879457e+00,1.339496643899022e+14,15
1.197000000001800e-04,1197,3.000000000000000e+02,1.047300707532301e+03,3.243771821833882e+02,2.686992454748646e-04,1.329891294434500e+09,2.468586346960474e+00,1.119556035509742e+14,14
1.198000000001802e-04,1198,3.000000000000000e+02,1.047079876914224e+03,3.244022422306823e+02,2.690325274212236e-04,1.326000770247535e+09,2.469352316091959e+00,1.738573995686145e+14,14
1.199000000001804e-04,1199,3.000000000000000e+02,1.046780573112191e+03,3.244271152899365e+02,2.693689130109360e-04,1.324399702649343e+09,2.470175340878812e+00,1.121521764630138e+14,14
1.200000000001806e-04,1200,3.000000000000000e+02,1.046527959194473e+03,3.244509721041977e+02,2.697014963650827e-04,1.331732979084324e+09,2.470863258716188e+00,2.209789629586647e+14,13
1.201000000001809e-04,1201,3.000000000000000e+02,1.046205500181660e+03,3.244740254319756e+02,2.700152625481165e-04,1.322853841014607e+09,2.471648446578919e+00,1.324052810934876e+14,14
1.202000000001811e-04,1202,3.000000000000000e+02,1.045946866453339e+03,3.244967631340641e+02,2.703212521597093e-04,1.324632529158752e+09,2.472441868113611e+00,2.701129597556000e+14,13
1.203000000001813e-04,1203,3.000000000000000e+02,1.045632847318820e+03,3.245188796705838e+02,2.706176384160287e-04,1.326465465482358e+09,2.473163733297385e+00,1.755385519918799e+14,14
1.204000000001815e-04,1204,3.000000000000000e+02,1.045366568269765e+03,3.245416677771507e+02,2.709290765560243e-04,1.318594586119444e+09,2.474106946975158e+00,3.049893541749306e+14,13
1.205000000001817e-04,1205,3.000000000000000e+02,1.045037012339229e+03,3.245639569254712e+02,2.712573340788171e-04,1.327868025712323e+09,2.474874264353503e+00,2.107840152982687e+14,14
1.206000000001820e-04,1206,3.000000000000000e+02,1.045594466448148e+03,3.245884510133164e+02,2.715741263208921e-04,1.342042636125634e+09,2.475975802050959e+00,2.909592236685907e+14,13
1.207000000001822e-04,1207,3.000000000000000e+02,1.046476491317104e+03,3.246148804700758e+02,2.718658595721950e-04,1.325688535290334e+09,2.476972330775475e+00,2.348705326014478e+14,14
1.208000000001824e-04,1208,3.000000000000000e+02,1.047136427295559e+03,3.246396712635834e+02,2.722044308368868e-04,1.327956367944721e+09,2.478063260342077e+00,2.549668763363497e+14,13
1.209000000001826e-04,1209,3.000000000000000e+02,1.047798755092414e+03,3.246626003282259e+02,2.725409161815259e-04,1.321096699962580e+09,2.479003670798519e+00,2.362404432510506e+14,15
1.210000000001828e-04,1210,3.000000000000000e+02,1.048332405083685e+03,3.246851463603022e+02,2.728474824469083e-04,1.324256108227124e+09,2.479922430859590e+00,2.271797329929313e+14,13
1.211000000001831e-04,1211,3.000000000000000e+02,1.048895747488647e+03,3.247063156042682e+02,2.731385524470369e-04,1.329826443950428e+09,2.480748187275909e+00,2.236705930171680e+14,15
1.212000000001833e-04,1212,3.000000000000000e+02,1.049375930093977e+03,3.247278357386542e+02,2.734335527443911e-04,1.321470124009030e+09,2.481747157171768e+00,1.944941086857827e+14,13
1.213000000001835e-04,1213,3.000000000000000e+02,1.049905751294164e+03,3.247496405965104e+02,2.737438629842424e-04,1.323777937062845e+09,2.482591408409482e+00,1.927049368174893e+14,14
1.214000000001837e-04,1214,3.000000000000000e+02,1.050455568114855e+03,3.247723699389177e+02,2.740676766653707e-04,1.320427520980199e+09,2.483549514939012e+00,1.607410094539198e+14,13
1.215000000001839e-04,1215,3.000000000000000e+02,1.051014545883191e+03,3.247954501074575e+02,2.743685224822673e-04,1.330875843824520e+09,2.484342725877232e+00,1.417036240569765e+14,14
1.216000000001842e-04,1216,3.000000000000000e+02,1.051527886479993e+03,3.248179223660993e+02,2.747093284396019e-04,1.316810690149861e+09,2.485126581348327e+00,1.302149396511798e+14,15
1.217000000001844e-04,1217,3.000000000000000e+02,1.052046715315698e+03,3.248406985027356e+02,2.750062152341135e-04,1.327931571213514e+09,2.485856072096971e+00,1.070572950914420e+14,15
1.218000000001846e-04,1218,3.000000000000000e+02,1.052644684533479e+03,3.248643350346478e+02,2.753123033402912e-04,1.325813405368568e+09,2.486740400960158e+00,1.111099943995014e+14,15
1.219000000001848e-04,1219,3.000000000000000e+02,1.053134045561146e+03,3.248890699349399e+02,2.756400387216012e-04,1.334583773131850e+09,2.487485474806173e+00,1.109471445612727e+14,15
1.220000000001850e-04,1220,3.000000000000000e+02,1.053945512268243e+03,3.249137768954363e+02,2.759911688748923e-04,1.327403236305379e+09,2.488509670039867e+00,1.078112778043103e+14,14
1.221000000001848e-04,1221,3.000000000000000e+02,1.054730061621792e+03,3.249385781723036e+02,2.763030933681544e-04,1.331098786187530e+09,2.489652912127399e+00,1.267696619224549e+14,14
1.222000000001837e-04,1222,3.000000000000000e+02,1.055323949177862e+03,3.249609309083564e+02,2.766752112361362e-04,1.315625099203854e+09,2.490614377128356e+00,1.446224070293302e+14,15
1.223000000001826e-04,1223,3.000000000000000e+02,1.055793058089697e+03,3.249830697641324e+02,2.770073528820374e-04,1.317135916993189e+09,2.491715326772842e+00,1.369337227589894e+14,14
1.224000000001814e-04,1224,3.000000000000000e+02,1.056288517458108e+03,3.250040233095679e+02,2.772853088730332e-04,1.313882551040256e+09,2.492904589093216e+00,2.198965939677690e+14,15
1.225000000001803e-04,1225,3.000000000000000e+02,1.056664574272403e+03,3.250247072902749e+02,2.775879579054057e-04,1.318868364368648e+09,2.494289880024906e+00,1.534800713436958e+14,13
1.226000000001792e-04,1226,3.000000000000000e+02,1.057088941002631e+03,3.250451781060210e+02,2.779244203392771e-04,1.312921849812358e+09,2.495244042473901e+00,2.697374212679074e+14,15
1.227000000001780e-04,1227,3.000000000000000e+02,1.057522157641405e+03,3.250668781295751e+02,2.782750980579438e-04,1.329238349381752e+09,2.496563244840162e+00,1.500165195776496e+14,14
1.228000000001769e-04,1228,3.000000000000000e+02,1.058016062076658e+03,3.250877301280841e+02,2.786146380495229e-04,1.315345165986892e+09,2.497818681959578e+00,2.776770451842788e+14,15
1.229000000001758e-04,1229,3.000000000000000e+02,1.058462574544835e+03,3.251090902496630e+02,2.789408879730981e-04,1.328471244442435e+09,2.499221190978428e+00,1.495272944279471e+14,14
1.230000000001746e-04,1230,3.000000000000000e+02,1.058885166766579e+03,3.251300883647953e+02,2.792557771031880e-04,1.318629139586953e+09,2.500355565725699e+00,2.687042922422916e+14,15
1.231000000001735e-04,1231,3.000000000000000e+02,1.059309102436590e+03,3.251509001584544e+02,2.795499302174758e-04,1.322576828469075e+09,2.501723813872435e+00,1.509424978711356e+14,14
1.232000000001723e-04,1232,3.000000000000000e+02,1.059757093372109e+03,3.251719688278356e+02,2.798449499098462e-04,1.322980248788073e+09,2.502793801816703e+00,2.413261037238165e+14,15
1.233000000001712e-04,1233,3.000000000000000e+02,1.060128891510379e+03,3.251920367842786e+02,2.801387207312379e-04,1.339288760573484e+09,2.503997226296852e+00,1.476468337201303e+14,14
1.234000000001701e-04,1234,3.000000000000000e+02,1.060562354743181e+03,3.252122160751383e+02,2.804182089739914e-04,1.327814772308630e+09,2.505258062095447e+00,1.953284448113988e+14,15
1.235000000001689e-04,1235,3.000000000000000e+02,1.060949803230384e+03,3.252324114395976e+02,2.807053578235807e-04,1.328181270150885e+09,2.506589935523590e+00,1.399747892858374e+14,14
1.236000000001678e-04,1236,3.000000000000000e+02,1.061347309036045e+03,3.252528099260331e+02,2.809919782900014e-04,1.328972288905599e+09,2.507751826271235e+00,1.202105659174237e+14,16
1.237000000001667e-04,1237,3.000000000000000e+02,1.061745179743200e+03,3.252732147238822e+02,2.812588597976593e-04,1.329117920961071e+09,2.509207486855324e+00,1.300064787477422e+14,15
1.238000000001655e-04,1238,3.000000000000000e+02,1.062125141475261e+03,3.252933797959555e+02,2.815167855703732e-04,1.329333617180243e+09,2.510716653689582e+00,1.119793317512186e+14,15
1.239000000001644e-04,1239,3.000000000000000e+02,1.062470970985377e+03,3.253130287035037e+02,2.817773203915497e-04,1.331280834244024e+09,2.512085356753698e+00,1.122743469674179e+14,15
1.240000000001633e-04,1240,3.000000000000000e+02,1.062805959950944e+03,3.253335137489459e+02,2.820406797471605e-04,1.333109707505712e+09,2.513515118371890e+00,1.254366169353036e+14,15
1.241000000001621e-04,1241,3.000000000000000e+02,1.063250706313590e+03,3.253540252182524e+02,2.823125728855531e-04,1.333833383274186e+09,2.515121826810440e+00,1.208245507713372e+14,15
1.242000000001610e-04,1242,3.000000000000000e+02,1.063591413615374e+03,3.253746462536438e+02,2.825927955386812e-04,1.335131934927655e+09,2.516760171790539e+00,1.360551364400962e+14,15
1.243000000001599e-04,1243,3.000000000000000e+02,1.063976921546815e+03,3.253952309957594e+02,2.828624716530129e-04,1.334955420204265e+09,2.518497793677340e+00,1.690434906922004e+14,14
1.244000000001587e-04,1244,3.000000000000000e+02,1.064300670296775e+03,3.254162690628783e+02,2.831194352355676e-04,1.334073760516055e+09,2.520457765042341e+00,1.475756148287328e+14,15
1.245000000001576e-04,1245,3.000000000000000e+02,1.064734953560696e+03,3.254372793736840e+02,2.833784509777313e-04,1.333295684896912e+09,2.522411183006885e+00,2.329586526093289e+14,14
1.246000000001564e-04,1246,3.000000000000000e+02,1.065080532852917e+03,3.254584572628402e+02,2.836480197357047e-04,1.338351671161558e+09,2.524481487518934e+00,1.527451794028386e+14,15
1.247000000001553e-04,1247,3.000000000000000e+02,1.065616479421348e+03,3.254804332547322e+02,2.839120030750847e-04,1.332798400134904e+09,2.526677216698239e+00,2.828328681335325e+14,15
1.248000000001542e-04,1248,3.000000000000000e+02,1.066183956566333e+03,3.255028680191898e+02,2.841998669507136e-04,1.338822614454790e+09,2.528936876513641e+00,1.548022214108034e+14,15
1.249000000001530e-04,1249,3.000000000000000e+02,1.066850937891466e+03,3.255250326679958e+02,2.845108154376332e-04,1.334952295651898e+09,2.531229707238004e+00,3.126203843468137e+14,14
1.250000000001519e-04,1250,3.000000000000000e+02,1.067327741256578e+03,3.255467627735573e+02,2.848296871990445e-04,1.337042894921817e+09,2.533744290287341e+00,1.556290041011445e+14,15
1.251000000001508e-04,1251,3.000000000000000e+02,1.067908043934486e+03,3.255678698913059e+02,2.851131065992883e-04,1.329712707093435e+09,2.536023044370556e+00,3.013352613061638e+14,14
1.252000000001496e-04,1252,3.000000000000000e+02,1.068400385371827e+03,3.255882268585515e+02,2.854112900712541e-04,1.336508635431859e+09,2.537925906428919e+00,1.526605263029078e+14,15
1.253000000001485e-04,1253,3.000000000000000e+02,1.068878079694749e+03,3.256087111076881e+02,2.857028635809455e-04,1.325886889229620e+09,2.539701491131228e+00,2.660799695295767e+14,14
1.254000000001474e-04,1254,3.000000000000000e+02,1.069404369818287e+03,3.256297303398915e+02,2.860107148436740e-04,1.327779833719644e+09,2.541308885982585e+00,1.473799281332359e+14,15
1.255000000001462e-04,1255,3.000000000000000e+02,1.069955420844089e+03,3.256510679069117e+02,2.863321780752381e-04,1.319758478788958e+09,2.542918416579697e+00,2.082502574123323e+14,14
1.256000000001451e-04,1256,3.000000000000000e+02,1.070501536591791e+03,3.256723476394370e+02,2.866582499618165e-04,1.321518205454901e+09,2.544401559004730e+00,1.375529392647744e+14,15
1.257000000001439e-04,1257,3.000000000000000e+02,1.070973279895596e+03,3.256936128769253e+02,2.869745009143695e-04,1.316904799423995e+09,2.546012597198817e+00,1.553438167125094e+14,15
1.258000000001428e-04,1258,3.000000000000000e+02,1.071528366821627e+03,3.257145028576114e+02,2.872548488957322e-04,1.322562182448573e+09,2.547615961901817e+00,1.214579380057650e+14,15
1.259000000001417e-04,1259,3.000000000000000e+02,1.071937815750689e+03,3.257349497643567e+02,2.875420411690022e-04,1.316837534206622e+09,2.548950726226380e+00,1.416809397216642e+14,15
1.260000000001405e-04,1260,3.000000000000000e+02,1.072485773516167e+03,3.257556213891158e+02,2.878480716081398e-04,1.322581735795291e+09,2.550277476368675e+00,1.365415235720195e+14,15
1.261000000001394e-04,1261,3.000000000000000e+02,1.072901966946880e+03,3.257760835146391e+02,2.881466953961608e-04,1.321019067740085e+09,2.551759380031201e+00,1.173703735798538e+14,15
1.262000000001383e-04,1262,3.000000000000000e+02,1.073449004991001e+03,3.257962586150385e+02,2.884489446618720e-04,1.315156167895532e+09,2.553072151364043e+00,1.549270623350485e+14,15
1.263000000001371e-04,1263,3.000000000000000e+02,1.073835999759055e+03,3.258163724291883e+02,2.887589812260120e-04,1.322136783163862e+09,2.554318599274103e+00,1.322215197841146e+14,15
1.264000000001360e-04,1264,3.000000000000000e+02,1.074358567249424e+03,3.258367624099121e+02,2.890427591867580e-04,1.311704703118618e+09,2.555460422709637e+00,2.162628354619642e+14,14
1.265000000001349e-04,1265,3.000000000000000e+02,1.074720663510313e+03,3.258565452275242e+02,2.893187112052086e-04,1.324890606882590e+09,2.556839059981561e+00,1.482667905627770e+14,15
1.266000000001337e-04,1266,3.000000000000000e+02,1.075179047011631e+03,3.258757154936955e+02,2.896095653921917e-04,1.310978763836434e+09,2.557832174332692e+00,2.922222135709588e+14,14
1.267000000001326e-04,1267,3.000000000000000e+02,1.075506013651833e+03,3.258954127085236e+02,2.898908901857372e-04,1.327757152582539e+09,2.559037902133646e+00,1.548336787247625e+14,13
1.268000000001315e-04,1268,3.000000000000000e+02,1.075973073152504e+03,3.259146613905000e+02,2.901896469024979e-04,1.308684269156857e+09,2.559999968304109e+00,3.222172173163866e+14,14
1.269000000001303e-04,1269,3.000000000000000e+02,1.076324877793733e+03,3.259343151058687e+02,2.904769136060266e-04,1.327173882243423e+09,2.561124384685830e+00,1.579970126032357e+14,13
1.270000000001292e-04,1270,3.000000000000000e+02,1.076701058136808e+03,3.259538588259162e+02,2.907873313502138e-04,1.308450296756268e+09,2.561997461598974e+00,3.004043971581924e+14,14
1.271000000001280e-04,1271,3.000000000000000e+02,1.077042655246319e+03,3.259738940455608e+02,2.910671174693025e-04,1.324679273376857e+09,2.563021517024918e+00,1.517313310032253e+14,13
1.272000000001269e-04,1272,3.000000000000000e+02,1.077398655747521e+03,3.259933411167791e+02,2.913531050284595e-04,1.309671521853720e+09,2.564016990404908e+00,2.210011877768725e+14,15
1.273000000001258e-04,1273,3.000000000000000e+02,1.077696270607172e+03,3.260132723984542e+02,2.916369112800377e-04,1.319410719239161e+09,2.564910282117844e+00,1.284095791098374e+14,15
1.274000000001246e-04,1274,3.000000000000000e+02,1.078044773041607e+03,3.260326692988762e+02,2.919407373522229e-04,1.312976188362254e+09,2.565786607565366e+00,1.635138528211020e+14,15
1.275000000001235e-04,1275,3.000000000000000e+02,1.078390523507838e+03,3.260529189225913e+02,2.922247047321167e-04,1.310964275618689e+09,2.566662846303459e+00,1.387940223910362e+14,15
1.276000000001224e-04,1276,3.000000000000000e+02,1.078715760437563e+03,3.260726203737470e+02,2.925535971258492e-04,1.328298256165564e+09,2.567559581157906e+00,1.419541510369716e+14,15
1.277000000001212e-04,1277,3.000000000000000e+02,1.079052629919132e+03,3.260930920129385e+02,2.928415922050577e-04,1.310489755205971e+09,2.568345996689096e+00,1.743881761792476e+14,15
1.278000000001201e-04,1278,3.000000000000000e+02,1.079374736355005e+03,3.261132608059211e+02,2.931286712359015e-04,1.324967571561518e+09,2.569240631024380e+00,1.313050347365385e+14,15
1.279000000001190e-04,1279,3.000000000000000e+02,1.079668160913949e+03,3.261327961083139e+02,2.934059827206642e-04,1.307053807540496e+09,2.569938573388905e+00,2.174991822360351e+14,15
1.280000000001178e-04,1280,3.000000000000000e+02,1.079974886292734e+03,3.261527257216337e+02,2.936943589147582e-04,1.333333692590847e+09,2.570671168912212e+00,1.491426184785592e+14,14
1.281000000001167e-04,1281,3.000000000000000e+02,1.080277188413202e+03,3.261725196466163e+02,2.939763187703366e-04,1.309741060747720e+09,2.571370408568633e+00,2.869732675857102e+14,15
1.282000000001155e-04,1282,3.000000000000000e+02,1.080580908954735e+03,3.261924587551318e+02,2.942752436982126e-04,1.340892162339530e+09,2.572117044565266e+00,1.558887555704838e+14,13
1.283000000001144e-04,1283,3.000000000000000e+02,1.080892296422930e+03,3.262125990033256e+02,2.945753114538940e-04,1.310145212535770e+09,2.572823761065342e+00,2.945072386842196e+14,14
1.284000000001133e-04,1284,3.000000000000000e+02,1.081212670473017e+03,3.262329570079776e+02,2.948608139438696e-04,1.325224380827291e+09,2.573620763623056e+00,1.463321936324611e+14,13
1.285000000001121e-04,1285,3.000000000000000e+02,1.081472894807689e+03,3.262526112737978e+02,2.951414872528593e-04,1.307547113703238e+09,2.574465219067289e+00,2.326845388639016e+14,14
1.286000000001110e-04,1286,3.000000000000000e+02,1.081722658495660e+03,3.262724121451831e+02,2.954063716678601e-04,1.333599815249299e+09,2.575185911860617e+00,1.236250360199888e+14,14
1.287000000001099e-04,1287,3.000000000000000e+02,1.081958665373236e+03,3.262920580924129e+02,2.956926795581406e-04,1.312101208237281e+09,2.575935936858136e+00,1.529494256183682e+14,14
1.288000000001087e-04,1288,3.000000000000000e+02,1.082195229586206e+03,3.263120096179103e+02,2.959801565148695e-04,1.333818018564316e+09,2.576675464593646e+00,1.295823086609228e+14,14
1.289000000001076e-04,1289,3.000000000000000e+02,1.082439299028114e+03,3.263324195906717e+02,2.962888832127841e-04,1.311715793966404e+09,2.577390312771493e+00,1.280812671444125e+14,15
1.290000000001065e-04,1290,3.000000000000000e+02,1.082667498238552e+03,3.263527474293533e+02,2.965824828983706e-04,1.333042961542791e+09,2.578148330816113e+00,1.846819404965478e+14,15
1.291000000001053e-04,1291,3.000000000000000e+02,1.082929666256446e+03,3.263738008983377e+02,2.968731115891717e-04,1.314770682078229e+09,2.578824354887934e+00,1.445765752806805e+14,14
1.292000000001042e-04,1292,3.000000000000000e+02,1.083184046137399e+03,3.263943126728972e+02,2.971524691595105e-04,1.340134142179788e+09,2.579619695838353e+00,2.672660579073965e+14,15
1.293000000001031e-04,1293,3.000000000000000e+02,1.083463703726615e+03,3.264153710397960e+02,2.974484121614464e-04,1.322633769517853e+09,2.580283271419058e+00,1.622779604217464e+14,14
1.294000000001019e-04,1294,3.000000000000000e+02,1.083719460880394e+03,3.264356535428229e+02,2.977394676957747e-04,1.327809165121721e+09,2.580906897384417e+00,3.127692070976894e+14,15
1.295000000001008e-04,1295,3.000000000000000e+02,1.084055279737093e+03,3.264573564275804e+02,2.980389434161122e-04,1.321104564554198e+09,2.581694482595756e+00,1.632541185921022e+14,14
1.296000000000996e-04,1296,3.000000000000000e+02,1.084335960625126e+03,3.264779544305328e+02,2.983520390921164e-04,1.326543943057311e+09,2.582287439251710e+00,2.620658005046318e+14,15
1.297000000000985e-04,1297,3.000000000000000e+02,1.084702081512753e+03,3.265003980125549e+02,2.986575191504524e-04,1.317491983814990e+09,2.583051258689812e+00,1.429197628511073e+14,13
1.298000000000974e-04,1298,3.000000000000000e+02,1.084982268091650e+03,3.265215072868911e+02,2.989572037961798e-04,1.342753645088892e+09,2.583659494510991e+00,1.680564875917291e+14,15
1.299000000000962e-04,1299,3.000000000000000e+02,1.085361477407156e+03,3.265433434040651e+02,2.992453794643408e-04,1.317627836949485e+09,2.584349983182596e+00,1.336846315482739e+14,15
1.300000000000951e-04,1300,3.000000000000000e+02,1.085641300624466e+03,3.265643349013869e+02,2.995433844848574e-04,1.336643370573139e+09,2.585105987791228e+00,1.206980953971615e+14,14
1.301000000000940e-04,1301,3.000000000000000e+02,1.086041674334996e+03,3.265863369362123e+02,2.998502380138984e-04,1.317454835788814e+09,2.585773325882934e+00,1.955830527581418e+14,14
1.302000000000928e-04,1302,3.000000000000000e+02,1.086369604542144e+03,3.266077328620552e+02,3.001639711457609e-04,1.345087647638148e+09,2.586624487843250e+00,1.448902930351242e+14,12
1.303000000000917e-04,1303,3.000000000000000e+02,1.086813852422660e+03,3.266300480957968e+02,3.004845851348310e-04,1.321257950513400e+09,2.587362677365994e+00,3.068677484918810e+14,14
1.304000000000906e-04,1304,3.000000000000000e+02,1.087357349259792e+03,3.266550770087175e+02,3.007966853434036e-04,1.344829152507404e+09,2.588160468826441e+00,1.647430270315971e+14,12
1.305000000000894e-04,1305,3.000000000000000e+02,1.088102202461560e+03,3.266832727666435e+02,3.011446186880833e-04,1.329809950374814e+09,2.589537122390391e+00,3.241474609313766e+14,15
1.306000000000883e-04,1306,3.000000000000000e+02,1.088660271313587e+03,3.267085083939360e+02,3.015941891981298e-04,1.334107367816279e+09,2.594539012072439e+00,1.634763922688580e+14,12
1.307000000000871e-04,1307,3.000000000000000e+02,1.089163640320261e+03,3.267313574354027e+02,3.019255944840626e-04,1.324877371174277e+09,2.599340817148724e+00,2.657896069461934e+14,15
1.308000000000860e-04,1308,3.000000000000000e+02,1.089557713146361e+03,3.267527495909173e+02,3.022403538302135e-04,1.329468977633660e+09,2.603454161595242e+00,1.418150343904888e+14,13
1.309000000000849e-04,1309,3.000000000000000e+02,1.089980621201701e+03,3.267728591568795e+02,3.025472172287266e-04,1.320492324749412e+09,2.607866445290113e+00,1.844849208525165e+14,16
1.310000000000837e-04,1310,3.000000000000000e+02,1.090394048951723e+03,3.267938121926421e+02,3.028573257633748e-04,1.325996254482518e+09,2.612153981516915e+00,1.563849996994639e+14,16
1.311000000000826e-04,1311,3.000000000000000e+02,1.090899940768015e+03,3.268184290804215e+02,3.031726951728121e-04,1.319647774698548e+09,2.617168371547263e+00,1.466848986611413e+14,16
1.312000000000815e-04,1312,3.000000000000000e+02,1.091431261179427e+03,3.268440938626626e+02,3.034925256300875e-04,1.322010944936583e+09,2.622094697950767e+00,1.575016115129031e+14,16
1.313000000000803e-04,1313,3.000000000000000e+02,1.091979476724647e+03,3.268676361737678e+02,3.039038625744751e-04,1.328549096266470e+09,2.627025932754281e+00,1.582925481973253e+14,14
1.314000000000792e-04,1314,3.000000000000000e+02,1.092426890514661e+03,3.268900959973354e+02,3.042922681894154e-04,1.319815486721668e+09,2.631530430941730e+00,2.506992484949057e+14,16
1.315000000000781e-04,1315,3.000000000000000e+02,1.092788759547594e+03,3.269109670590788e+02,3.045312087724611e-04,1.325771915758246e+09,2.635427597114412e+00,1.796607983386769e+14,13
1.316000000000769e-04,1316,3.000000000000000e+02,1.093157845393198e+03,3.269315956034077e+02,3.048078745212684e-04,1.317909207861336e+09,2.639559844010926e+00,3.299511078235548e+14,16
1.317000000000758e-04,1317,3.000000000000000e+02,1.093427714402817e+03,3.269507406534066e+02,3.051100049691405e-04,1.325185507645480e+09,2.642982147290978e+00,1.905187369876651e+14,13
1.318000000000747e-04,1318,3.000000000000000e+02,1.093830278294728e+03,3.269709734011886e+02,3.053764742839810e-04,1.322622405436873e+09,2.647314698642994e+00,3.596078435830014e+14,15
1.319000000000735e-04,1319,3.000000000000000e+02,1.094123407563814e+03,3.269898312864800e+02,3.056431342786090e-04,1.321102165194340e+09,2.650703053636217e+00,1.890719882555506e+14,12
1.320000000000724e-04,1320,3.000000000000000e+02,1.094448417366678e+03,3.270092318629243e+02,3.059561963788613e-04,1.320234150280688e+09,2.654570218118828e+00,3.244965790062434e+14,15
1.321000000000712e-04,1321,3.000000000000000e+02,1.094671901681130e+03,3.270281183023256e+02,3.062634036147394e-04,1.319965118238221e+09,2.657671351666164e+00,1.703057687385581e+14,11
1.322000000000701e-04,1322,3.000000000000000e+02,1.095059831167434e+03,3.270475003676523e+02,3.065106041987103e-04,1.314893835556273e+09,2.661957132221591e+00,2.356291311758391e+14,14
1.323000000000690e-04,1323,3.000000000000000e+02,1.095246825278893e+03,3.270653151128776e+02,3.067384363605567e-04,1.317729862130672e+09,2.664788579680656e+00,1.463340238078046e+14,14
1.324000000000678e-04,1324,3.000000000000000e+02,1.095592681932988e+03,3.270844049725399e+02,3.070178913894094e-04,1.317755795512802e+09,2.668825384452830e+00,1.318138041238367e+14,15
1.325000000000667e-04,1325,3.000000000000000e+02,1.095907908873131e+03,3.271037003180295e+02,3.073044356170459e-04,1.317045291852874e+09,2.672416286410201e+00,1.272896203126216e+14,14
1.326000000000656e-04,1326,3.000000000000000e+02,1.096307638774023e+03,3.271224863127189e+02,3.076030409911363e-04,1.319533200360107e+09,2.676678837909183e+00,1.265194380443183e+14,14
1.327000000000644e-04,1327,3.000000000000000e+02,1.096562457954514e+03,3.271415254717064e+02,3.078869534108796e-04,1.326569020512904e+09,2.679883010156269e+00,1.416752951451865e+14,14
1.328000000000633e-04,1328,3.000000000000000e+02,1.097023510607146e+03,3.271619466584738e+02,3.082016179647628e-04,1.326370385092432e+09,2.684539224527891e+00,1.546213286429822e+14,13
1.329000000000622e-04,1329,3.000000000000000e+02,1.097415633843380e+03,3.271830679857975e+02,3.084856973189690e-04,1.327744993642200e+09,2.688598426949621e+00,2.569067065244551e+14,14
1.330000000000610e-04,1330,3.000000000000000e+02,1.097811816265508e+03,3.272036627199218e+02,3.088106314544182e-04,1.328738440092236e+09,2.692897335780771e+00,1.778916064794149e+14,12
1.331000000000599e-04,1331,3.000000000000000e+02,1.098123858148692e+03,3.272241929448434e+02,3.091071908586697e-04,1.330054871969620e+09,2.696553536980010e+00,3.301044325825246e+14,14
1.332000000000587e-04,1332,3.000000000000000e+02,1.098560565129757e+03,3.272450399681121e+02,3.094050110462617e-04,1.332252786575538e+09,2.701024721052392e+00,1.985337401431892e+14,12
1.333000000000576e-04,1333,3.000000000000000e+02,1.098946361057092e+03,3.272662334603841e+02,3.097294170791146e-04,1.332843332101094e+09,2.705081125943986e+00,3.600624176047452e+14,14
1.334000000000565e-04,1334,3.000000000000000e+02,1.099415397751240e+03,3.272883853882968e+02,3.100785336039271e-04,1.333571124981603e+09,2.709740192560242e+00,2.003410366368512e+14,12
1.335000000000553e-04,1335,3.000000000000000e+02,1.099874298649018e+03,3.273111524610268e+02,3.104000371312545e-04,1.330690785176563e+09,2.714227086313484e+00,3.448818512672421e+14,14
1.336000000000542e-04,1336,3.000000000000000e+02,1.100291310360657e+03,3.273322342162306e+02,3.107114409189162e-04,1.331926935971988e+09,2.718537999850410e+00,1.938950556228241e+14,12
1.337000000000531e-04,1337,3.000000000000000e+02,1.100665068419789e+03,3.273535565038815e+02,3.110086711940035e-04,1.326353638711966e+09,2.722650040894920e+00,3.024549807803022e+14,14
1.338000000000519e-04,1338,3.000000000000000e+02,1.101050239702679e+03,3.273744716008356e+02,3.112940555097382e-04,1.326897454908454e+09,2.726811758803704e+00,1.771267538541182e+14,13
1.339000000000508e-04,1339,3.000000000000000e+02,1.101450378596923e+03,3.273955783101932e+02,3.115906180175556e-04,1.326902936814875e+09,2.731009576025777e+00,2.291939261326033e+14,14
1.340000000000497e-04,1340,3.000000000000000e+02,1.101813391948579e+03,3.274169601349221e+02,3.119061292210894e-04,1.330115303646109e+09,2.734958868350060e+00,1.540194219256071e+14,13
1.341000000000485e-04,1341,3.000000000000000e+02,1.102227577991424e+03,3.274382426219869e+02,3.122540832308784e-04,1.323248908227278e+09,2.739275625800168e+00,1.412187760271009e+14,14
1.342000000000474e-04,1342,3.000000000000000e+02,1.102579851345133e+03,3.274591892890147e+02,3.125225062130866e-04,1.324089312164743e+09,2.743182499657756e+00,1.261431736905694e+14,14
1.343000000000463e-04,1343,3.000000000000000e+02,1.102946511067328e+03,3.274796638752100e+02,3.128088575074044e-04,1.322150401395200e+09,2.747232059688740e+00,1.247091064483358e+14,14
1.344000000000451e-04,1344,3.000000000000000e+02,1.103237961790018e+03,3.275000666164520e+02,3.130831465931799e-04,1.323662721345357e+09,2.750788321691586e+00,1.312269795318318e+14,14
1.345000000000440e-04,1345,3.000000000000000e+02,1.103650627286273e+03,3.275207901849086e+02,3.133884683482936e-04,1.320050702056435e+09,2.755115589300785e+00,1.255085096298088e+14,14
1.346000000000428e-04,1346,3.000000000000000e+02,1.103953801026956e+03,3.275409239698057e+02,3.136872248543989e-04,1.322769435768259e+09,2.758698654732661e+00,1.539759863438885e+14,14
1.347000000000417e-04,1347,3.000000000000000e+02,1.104352327974801e+03,3.275613871695705e+02,3.140240948941061e-04,1.321639591805841e+09,2.762925332582743e+00,1.563529612874491e+14,13
1.348000000000406e-04,1348,3.000000000000000e+02,1.104695605943908e+03,3.275828630778705e+02,3.143207918447226e-04,1.322945138781771e+09,2.766797157789695e+00,2.401416717993577e+14,14
1.349000000000394e-04,1349,3.000000000000000e+02,1.105109772795651e+03,3.276038236093499e+02,3.146403593705852e-04,1.322099794530826e+09,2.771134982095358e+00,1.789558068961878e+14,13
1.350000000000383e-04,1350,3.000000000000000e+02,1.105431480672710e+03,3.276250595883356e+02,3.149418755477908e-04,1.319887149901126e+09,2.774925698763430e+00,2.990569203823664e+14,14
1.351000000000372e-04,1351,3.000000000000000e+02,1.105806826960870e+03,3.276458558557549e+02,3.152486122882609e-04,1.319203505211913e+09,2.779057087917264e+00,2.003319424163028e+14,12
1.352000000000360e-04,1352,3.000000000000000e+02,1.106151729559082e+03,3.276669410336885e+02,3.155387673460481e-04,1.317840266476193e+09,2.782979843614401e+00,3.335781756392448e+14,14
1.353000000000349e-04,1353,3.000000000000000e+02,1.106541020079829e+03,3.276878781488512e+02,3.158674618155895e-04,1.319060268914184e+09,2.787111026386636e+00,2.125049104592153e+14,13
1.354000000000338e-04,1354,3.000000000000000e+02,1.106980236203413e+03,3.277099024801258e+02,3.162019120538002e-04,1.317620500462927e+09,2.791565498155629e+00,3.434430486377254e+14,14
1.355000000000326e-04,1355,3.000000000000000e+02,1.107450642526184e+03,3.277328318025737e+02,3.165327150369153e-04,1.319695645051281e+09,2.796106133359575e+00,2.160757397545822e+14,13
1.356000000000315e-04,1356,3.000000000000000e+02,1.107970792374221e+03,3.277555620482356e+02,3.168741348760066e-04,1.317385236013719e+09,2.800971306708136e+00,3.191387288569537e+14,14
1.357000000000303e-04,1357,3.000000000000000e+02,1.108419634974296e+03,3.277784718732728e+02,3.172123461137424e-04,1.318300887123293e+09,2.805384143992590e+00,2.021321310662303e+14,13
1.358000000000292e-04,1358,3.000000000000000e+02,1.108944361831380e+03,3.278015840557794e+02,3.175496128418189e-04,1.322632281483575e+09,2.810269083642289e+00,2.553460960369089e+14,14
1.359000000000281e-04,1359,3.000000000000000e+02,1.109415952225057e+03,3.278241022177173e+02,3.178955364221495e-04,1.316378318060426e+09,2.814796362828815e+00,1.664090201044322e+14,14
1.360000000000269e-04,1360,3.000000000000000e+02,1.109926248589862e+03,3.278460812264862e+02,3.182454655224154e-04,1.320733916822638e+09,2.819542798308228e+00,1.414466532979960e+14,14
1.361000000000258e-04,1361,3.000000000000000e+02,1.110384758019448e+03,3.278683956837925e+02,3.185904510046915e-04,1.317228919705263e+09,2.824020542412165e+00,1.184378994026554e+14,14
1.362000000000247e-04,1362,3.000000000000000e+02,1.110924688298032e+03,3.278905288599044e+02,3.189313685775218e-04,1.321109331314446e+09,2.828953825006539e+00,1.176461305294154e+14,14
1.363000000000235e-04,1363,3.000000000000000e+02,1.111412628910243e+03,3.279128141822612e+02,3.192560218341152e-04,1.316824502303375e+09,2.833572517958833e+00,1.529608928151296e+14,14
1.364000000000224e-04,1364,3.000000000000000e+02,1.111930125819221e+03,3.279340488351393e+02,3.196094252868724e-04,1.320132720930123e+09,2.838393089244664e+00,1.686958326526192e+14,13
1.365000000000213e-04,1365,3.000000000000000e+02,1.112428857042641e+03,3.279563285709519e+02,3.199164353894924e-04,1.319508487738600e+09,2.843102981895664e+00,2.601581522460136e+14,14
1.366000000000201e-04,1366,3.000000000000000e+02,1.112945899203417e+03,3.279772787715352e+02,3.202520239844455e-04,1.321223137676996e+09,2.847872941725406e+00,2.077463696240457e+14,13
1.367000000000190e-04,1367,3.000000000000000e+02,1.113459205021725e+03,3.279992960427838e+02,3.205946355358954e-04,1.321483705308697e+09,2.852595610383748e+00,3.284687622212004e+14,14
1.368000000000179e-04,1368,3.000000000000000e+02,1.114008640218238e+03,3.280209286966564e+02,3.209474214677691e-04,1.320516855179899e+09,2.857521237851072e+00,2.251193675711702e+14,13
1.369000000000167e-04,1369,3.000000000000000e+02,1.114527294621470e+03,3.280427691660453e+02,3.212642596765099e-04,1.322358719448389e+09,2.862222846100082e+00,3.388071384259419e+14,13
1.370000000000156e-04,1370,3.000000000000000e+02,1.115039715619145e+03,3.280638315962502e+02,3.215893713969745e-04,1.319064279588769e+09,2.866910229821968e+00,2.184607514579981e+14,14
1.371000000000144e-04,1371,3.000000000000000e+02,1.115505553761294e+03,3.280849173014337e+02,3.219050948759931e-04,1.320895339339310e+09,2.871367870172580e+00,2.813941774254921e+14,15
1.372000000000133e-04,1372,3.000000000000000e+02,1.115976296892893e+03,3.281058008189590e+02,3.222215196332597e-04,1.315547883038396e+09,2.875822496081235e+00,1.771630530238541e+14,14
1.373000000000122e-04,1373,3.000000000000000e+02,1.116417627133764e+03,3.281265358119372e+02,3.225449821031049e-04,1.317662443792751e+09,2.880070990468468e+00,1.584445144545512e+14,15
1.374000000000110e-04,1374,3.000000000000000e+02,1.116868493410078e+03,3.281475608028585e+02,3.228762566774966e-04,1.315853397875170e+09,2.884390291445895e+00,1.182374123384737e+14,15
1.375000000000099e-04,1375,3.000000000000000e+02,1.117264086476517e+03,3.281687235137324e+02,3.231987826900457e-04,1.318208386907301e+09,2.888409714714553e+00,1.503751590479953e+14,15
1.376000000000088e-04,1376,3.000000000000000e+02,1.117671695826864e+03,3.281901759441006e+02,3.235086568787915e-04,1.317528548193234e+09,2.892485751204222e+00,2.406647417391286e+14,15
1.377000000000076e-04,1377,3.000000000000000e+02,1.118006400877111e+03,3.282106265993044e+02,3.238248828931733e-04,1.320491748160691e+09,2.896120003972179e+00,2.279446121083824e+14,14
1.378000000000065e-04,1378,3.000000000000000e+02,1.118338782572195e+03,3.282320683507607e+02,3.241436311180786e-04,1.320873378235406e+09,2.899856599455616e+00,3.484846523793093e+14,14
1.379000000000054e-04,1379,3.000000000000000e+02,1.118652554391567e+03,3.282525469150013e+02,3.244650466611438e-04,1.319575385384726e+09,2.903364542296528e+00,2.596738867910598e+14,14
1.380000000000042e-04,1380,3.000000000000000e+02,1.119008765169439e+03,3.282741613801286e+02,3.247832478848976e-04,1.319300285993411e+09,2.907141841827870e+00,3.374460665457200e+14,15
1.381000000000031e-04,1381,3.000000000000000e+02,1.119306132693815e+03,3.282949982037271e+02,3.251333884341731e-04,1.322952855648033e+09,2.910542542638689e+00,2.196739488848452e+14,14
1.382000000000019e-04,1382,3.000000000000000e+02,1.119648369307422e+03,3.283171879529766e+02,3.254571088594532e-04,1.323603013323931e+09,2.914299095633765e+00,2.004345126906906e+14,15
1.383000000000008e-04,1383,3.000000000000000e+02,1.119915121968047e+03,3.283381044814729e+02,3.257803197954596e-04,1.323738007961802e+09,2.917553415017141e+00,1.157348099044994e+14,15
1.383999999999997e-04,1384,3.000000000000000e+02,1.120201759253519e+03,3.283592540101315e+02,3.260975133912599e-04,1.324410655333296e+09,2.921031770281738e+00,1.677472492518305e+14,15
1.384999999999985e-04,1385,3.000000000000000e+02,1.120439313480296e+03,3.283804326223186e+02,3.264183334239220e-04,1.323909345661639e+09,2.924158690807171e+00,2.651543226938212e+14,15
1.385999999999974e-04,1386,3.000000000000000e+02,1.120708561170206e+03,3.284014327515884e+02,3.267429413543811e-04,1.324703692549715e+09,2.927517225106751e+00,2.448364735417883e+14,14
1.386999999999963e-04,1387,3.000000000000000e+02,1.120933101644355e+03,3.284224537902658e+02,3.270748589840392e-04,1.323788076319497e+09,2.930557759117072e+00,3.243211617930654e+14,12
1.387999999999951e-04,1388,3.000000000000000e+02,1.121169507257361e+03,3.284434643923092e+02,3.274100141574618e-04,1.321841627088675e+09,2.933770913743308e+00,2.280859155828169e+14,14
1.388999999999940e-04,1389,3.000000000000000e+02,1.121379130342235e+03,3.284645810050339e+02,3.277365746954856e-04,1.320502263324268e+09,2.936743279422761e+00,2.265801089204755e+14,14
1.389999999999929e-04,1390,3.000000000000000e+02,1.121520889191288e+03,3.284851283535249e+02,3.280528228677976e-04,1.316217641600595e+09,2.939304628662771e+00,1.221261260788944e+14,15
1.390999999999917e-04,1391,3.000000000000000e+02,1.121681476003525e+03,3.285059808675463e+02,3.283912117901341e-04,1.313503841115852e+09,2.941977619279098e+00,1.318969312722209e+14,15
1.391999999999906e-04,1392,3.000000000000000e+02,1.121856306380244e+03,3.285262061950068e+02,3.287098228070118e-04,1.321264014398572e+09,2.944819686690276e+00,2.383722635408713e+14,13
1.392999999999895e-04,1393,3.000000000000000e+02,1.122001199885312e+03,3.285467628460481e+02,3.290232477330724e-04,1.314323886703446e+09,2.947450770687258e+00,2.360958511252885e+14,14
1.393999999999883e-04,1394,3.000000000000000e+02,1.122146323882611e+03,3.285663133477228e+02,3.293551372701410e-04,1.333506567551068e+09,2.950103039240414e+00,3.162266161300325e+14,12
1.394999999999872e-04,1395,3.000000000000000e+02,1.122311008838867e+03,3.285869712911523e+02,3.296912884873217e-04,1.313955082454844e+09,2.952897484675887e+00,2.199316506755693e+14,15
1.395999999999860e-04,1396,3.000000000000000e+02,1.122472465114965e+03,3.286071453359388e+02,3.300237635004148e-04,1.333104833372499e+09,2.955663213792389e+00,1.886504145702524e+14,15
1.396999999999849e-04,1397,3.000000000000000e+02,1.122648264735972e+03,3.286274229546544e+02,3.303491542723581e-04,1.319673630660544e+09,2.958566983038132e+00,1.753316904273977e+14,15
1.397999999999838e-04,1398,3.000000000000000e+02,1.122805636448147e+03,3.286478707284687e+02,3.306778854667309e-04,1.328856234778636e+09,2.961324438989785e+00,2.277138337180663e+14,15
1.398999999999826e-04,1399,3.000000000000000e+02,1.123007518911185e+03,3.286682682437278e+02,3.310106820607153e-04,1.330612561179285e+09,2.964418932858598e+00,3.256776605561172e+14,12
1.399999999999815e-04,1400,3.000000000000000e+02,1.123248977170034e+03,3.286909517078215e+02,3.313523644236985e-04,1.320305932253295e+09,2.967717063991556e+00,2.395026094673679e+14,15
1.400999999999804e-04,1401,3.000000000000000e+02,1.123570923944014e+03,3.287170673054495e+02,3.317218172003532e-04,1.319344074228005e+09,2.971377031890343e+00,2.503544482852608e+14,14
1.401999999999792e-04,1402,3.000000000000000e+02,1.123939376775050e+03,3.287430470970585e+02,3.321685743263697e-04,1.322589219763049e+09,2.975286017075103e+00,1.669828687973204e+14,15
1.402999999999781e-04,1403,3.000000000000000e+02,1.124299046991742e+03,3.287668135818722e+02,3.326583347519136e-04,1.319352301509321e+09,2.979212594525746e+00,1.437741175765452e+14,15
1.403999999999770e-04,1404,3.000000000000000e+02,1.124568588003677e+03,3.287893842392261e+02,3.330353228499227e-04,1.336086124893367e+09,2.982613532730944e+00,2.051028897870174e+14,15
1.404999999999758e-04,1405,3.000000000000000e+02,1.124790001658769e+03,3.288101400503735e+02,3.333693695347510e-04,1.319592902972422e+09,2.985911190450581e+00,1.929468535165340e+14,15
1.405999999999747e-04,1406,3.000000000000000e+02,1.124942057176724e+03,3.288304172847259e+02,3.336816765520461e-04,1.334851090113810e+09,2.988790105303117e+00,2.379507403569039e+14,14
1.406999999999736e-04,1407,3.000000000000000e+02,1.125123896303390e+03,3.288505173392317e+02,3.340513896365592e-04,1.327292979574438e+09,2.991832589988481e+00,1.969037434105371e+14,15
1.407999999999724e-04,1408,3.000000000000000e+02,1.125338700660920e+03,3.288726780071391e+02,3.344316957191243e-04,1.337532140019123e+09,2.995046314833014e+00,2.235153820786296e+14,13
1.408999999999713e-04,1409,3.000000000000000e+02,1.125574588572041e+03,3.288943339323600e+02,3.348081501016410e-04,1.324584835972306e+09,2.998453239000333e+00,1.815599232332899e+14,15
1.409999999999701e-04,1410,3.000000000000000e+02,1.125732805105005e+03,3.289156833612648e+02,3.352100133835962e-04,1.318562842415595e+09,3.001379719359926e+00,1.721447620683270e+14,14
1.410999999999690e-04,1411,3.000000000000000e+02,1.125884387837918e+03,3.289353325308841e+02,3.355544979464919e-04,1.316227563989688e+09,3.004321784918659e+00,1.455103961778571e+14,15
1.411999999999679e-04,1412,3.000000000000000e+02,1.126001755423563e+03,3.289558282059915e+02,3.358114981690266e-04,1.319039683674674e+09,3.007021990266574e+00,1.287104324651869e+14,14
1.412999999999667e-04,1413,3.000000000000000e+02,1.126087248616522e+03,3.289743588438676e+02,3.361096871550639e-04,1.315947952848472e+09,3.009542038640428e+00,1.127594455205481e+14,15
1.413999999999656e-04,1414,3.000000000000000e+02,1.126192049584500e+03,3.289938326161522e+02,3.364392897230483e-04,1.315554290100105e+09,3.012202863515345e+00,1.374828368525697e+14,15
1.414999999999645e-04,1415,3.000000000000000e+02,1.126290445015449e+03,3.290130898228406e+02,3.367585440996729e-04,1.312801287523009e+09,3.014810128965203e+00,1.878432134378731e+14,14
1.415999999999633e-04,1416,3.000000000000000e+02,1.126358353626267e+03,3.290334137605931e+02,3.370724135957690e-04,1.312978762049347e+09,3.017194203343262e+00,1.810837735549235e+14,15
1.416999999999622e-04,1417,3.000000000000000e+02,1.126424256413454e+03,3.290535437153274e+02,3.373622293309675e-04,1.311019333939926e+09,3.019602629714342e+00,2.499264054880088e+14,14
1.417999999999611e-04,1418,3.000000000000000e+02,1.126536638111474e+03,3.290741676074043e+02,3.376591433303746e-04,1.309521188963085e+09,3.022348337415665e+00,2.021509742519512e+14,15
1.418999999999599e-04,1419,3.000000000000000e+02,1.126591987506044e+03,3.290930236405715e+02,3.379298433332153e-04,1.309213819789697e+09,3.024717358502576e+00,2.798653743325968e+14,14
1.419999999999588e-04,1420,3.000000000000000e+02,1.126674962945499e+03,3.291125983590190e+02,3.382053008274576e-04,1.316586232875227e+09,3.027253043964893e+00,2.022093614008583e+14,15
1.420999999999576e-04,1421,3.000000000000000e+02,1.126769700541983e+03,3.291325184458906e+02,3.385147758808022e-04,1.315124551010544e+09,3.029873338121800e+00,2.756892627922004e+14,14
1.421999999999565e-04,1422,3.000000000000000e+02,1.126878371089396e+03,3.291525613771172e+02,3.388736950143666e-04,1.314398218978360e+09,3.032609024762902e+00,1.858865292447515e+14,15
1.422999999999554e-04,1423,3.000000000000000e+02,1.126957767343254e+03,3.291730124961841e+02,3.391943024509786e-04,1.310669606052932e+09,3.035148429702879e+00,2.333711686844106e+14,14
1.423999999999542e-04,1424,3.000000000000000e+02,1.127071346467080e+03,3.291944553041637e+02,3.395210884924733e-04,1.317977046741549e+09,3.037939623735594e+00,1.607823993579649e+14,15
1.424999999999531e-04,1425,3.000000000000000e+02,1.127167404941359e+03,3.292162771374069e+02,3.398389527725015e-04,1.317006901508406e+09,3.040601064490617e+00,1.674259126707394e+14,14
1.425999999999520e-04,1426,3.000000000000000e+02,1.127253457852585e+03,3.292383211119084e+02,3.402131004783826e-04,1.321619745351760e+09,3.043226697308736e+00,1.329335013807412e+14,15
1.426999999999508e-04,1427,3.000000000000000e+02,1.127328075555275e+03,3.292600266444392e+02,3.405654620062088e-04,1.312578518531237e+09,3.045746015717312e+00,1.329939906891254e+14,15
1.427999999999497e-04,1428,3.000000000000000e+02,1.127395622404083e+03,3.292817674689863e+02,3.409085990125746e-04,1.312678623441506e+09,3.048224231950635e+00,1.344619816058761e+14,15
1.428999999999486e-04,1429,3.000000000000000e+02,1.127482596282392e+03,3.293038189570188e+02,3.412616305409917e-04,1.315427344168521e+09,3.050771240089124e+00,1.351655056434374e+14,16
1.429999999999474e-04,1430,3.000000000000000e+02,1.127583309850107e+03,3.293263226751499e+02,3.416416603589488e-04,1.313180307439332e+09,3.053438116618465e+00,1.355758014473559e+14,15
1.430999999999463e-04,1431,3.000000000000000e+02,1.127737456755392e+03,3.293501558494451e+02,3.419882094949597e-04,1.313857313503680e+09,3.056420561740572e+00,1.343192619792685e+14,15
1.431999999999452e-04,1432,3.000000000000000e+02,1.127831158675098e+03,3.293724042552350e+02,3.423224162544298e-04,1.314743129219709e+09,3.058978430931582e+00,1.571619572387000e+14,15
1.432999999999440e-04,1433,3.000000000000000e+02,1.127937529130862e+03,3.293938361222699e+02,3.426520788912218e-04,1.322743954491528e+09,3.061622819532239e+00,1.480831229327565e+14,15
1.433999999999429e-04,1434,3.000000000000000e+02,1.128014598252887e+03,3.294149612743853e+02,3.429763283532957e-04,1.325152847157771e+09,3.064062569965676e+00,2.170702821114307e+14,15
1.434999999999417e-04,1435,3.000000000000000e+02,1.128101831584613e+03,3.294356001959271e+02,3.433078544733333e-04,1.328472768066895e+09,3.066576811585409e+00,1.815327980633368e+14,15
1.435999999999406e-04,1436,3.000000000000000e+02,1.128155498392679e+03,3.294562540626106e+02,3.436472021989460e-04,1.325064815262381e+09,3.068874383977286e+00,2.528180426023652e+14,14
1.436999999999395e-04,1437,3.000000000000000e+02,1.128236880272256e+03,3.294768333024928e+02,3.439828881032469e-04,1.331559087226259e+09,3.071345167102864e+00,2.034287396533628e+14,14
1.437999999999383e-04,1438,3.000000000000000e+02,1.128310142927839e+03,3.294977580893096e+02,3.443073619956007e-04,1.331453312917003e+09,3.073771950995516e+00,2.311167740618712e+14,14
1.438999999999372e-04,1439,3.000000000000000e+02,1.128368344705177e+03,3.295190954240776e+02,3.446241707479536e-04,1.330009365537005e+09,3.076079033102696e+00,1.854490827202209e+14,14
1.439999999999361e-04,1440,3.000000000000000e+02,1.128458151471688e+03,3.295407860053908e+02,3.449730995594602e-04,1.331163294610460e+09,3.078628130117028e+00,1.902917715995003e+14,14
1.440999999999349e-04,1441,3.000000000000000e+02,1.128526583508895e+03,3.295628896721537e+02,3.453421864851170e-04,1.330553537217978e+09,3.080973629170032e+00,1.444724684366466e+14,14
1.441999999999338e-04,1442,3.000000000000001e+02,1.128627680188562e+03,3.295853488229667e+02,3.457374496340774e-04,1.330559441303781e+09,3.083552675354646e+00,1.390430901020050e+14,14
1.442999999999327e-04,1443,3.000000000000001e+02,1.128718754999221e+03,3.296087731012832e+02,3.461384039735917e-04,1.330654242923373e+09,3.086027043661371e+00,1.380820249767462e+14,14
1.443999999999315e-04,1444,3.000000000000001e+02,1.128830046035841e+03,3.296324906598651e+02,3.465402701321820e-04,1.330047252655859e+09,3.088667462015706e+00,1.390717775447360e+14,14
1.444999999999304e-04,1445,3.000000000000001e+02,1.128915613265643e+03,3.296557020363378e+02,3.469388912954952e-04,1.326312537789749e+09,3.091132410588124e+00,1.349847391221993e+14,14
1.445999999999292e-04,1446,3.000000000000002e+02,1.128994393609247e+03,3.296786405172434e+02,3.473239180136794e-04,1.327490898167839e+09,3.093532588406786e+00,1.438076201580829e+14,14
1.446999999999281e-04,1447,3.000000000000002e+02,1.129085359170678e+03,3.297008173197135e+02,3.476995448963276e-04,1.326315818388792e+09,3.096042911101572e+00,1.374775026669108e+14,14
1.447999999999270e-04,1448,3.000000000000002e+02,1.129154281068997e+03,3.297231666226472e+02,3.480613743184648e-04,1.325872892319772e+09,3.098359293080005e+00,1.552120826989420e+14,14
1.448999999999258e-04,1449,3.000000000000002e+02,1.129251415687624e+03,3.297450003225504e+02,3.484511427141732e-04,1.321861369975243e+09,3.100881271592790e+00,1.540385970617424e+14,14
1.449999999999247e-04,1450,3.000000000000002e+02,1.129350476294614e+03,3.297674536460692e+02,3.488237940000401e-04,1.321506766134199e+09,3.103374958064702e+00,2.369327982346753e+14,14
1.450999999999236e-04,1451,3.000000000000002e+02,1.129458315102677e+03,3.297893351800291e+02,3.492011951461013e-04,1.319478943914990e+09,3.105951641666926e+00,2.315111949236006e+14,14
1.451999999999224e-04,1452,3.000000000000002e+02,1.129545989670569e+03,3.298107932937282e+02,3.495547302358261e-04,1.315679930022453e+09,3.108407905584822e+00,2.494530709907648e+14,14
1.452999999999213e-04,1453,3.000000000000002e+02,1.129612798051540e+03,3.298315784964590e+02,3.498875627446998e-04,1.315769250609310e+09,3.110714726647056e+00,2.495487359609513e+14,14
1.453999999999202e-04,1454,3.000000000000002e+02,1.129686741419772e+03,3.298518990383420e+02,3.502112519193075e-04,1.318100554624626e+09,3.113094982666904e+00,2.169698851531764e+14,14
1.454999999999190e-04,1455,3.000000000000002e+02,1.129739239634958e+03,3.298727420505347e+02,3.505440096521720e-04,1.315387759501543e+09,3.115278574159253e+00,1.827500522472767e+14,14
1.455999999999179e-04,1456,3.000000000000002e+02,1.129820299023879e+03,3.298925702303734e+02,3.508869106672620e-04,1.318508420332384e+09,3.117691515553508e+00,1.690555358043225e+14,14
1.456999999999168e-04,1457,3.000000000000002e+02,1.129881404995733e+03,3.299129751903013e+02,3.512386172016024e-04,1.316303655151982e+09,3.119953458548387e+00,1.357543138198176e+14,14
1.457999999999156e-04,1458,3.000000000000002e+02,1.129958737670668e+03,3.299330947881653e+02,3.515686152275280e-04,1.317894344565235e+09,3.122316644485884e+00,1.382244978507127e+14,14
1.458999999999145e-04,1459,3.000000000000002e+02,1.130018417631981e+03,3.299533236887208e+02,3.518823924100004e-04,1.316364186828082e+09,3.124588171802137e+00,1.361940252105405e+14,14
1.459999999999133e-04,1460,3.000000000000002e+02,1.130060530669153e+03,3.299729770376276e+02,3.522041338744851e-04,1.320043744120347e+09,3.126700034728667e+00,1.368715721597678e+14,14
1.460999999999122e-04,1461,3.000000000000002e+02,1.130135435179505e+03,3.299935424437362e+02,3.525362069398655e-04,1.320990015174712e+09,3.129077114443762e+00,1.391623656179232e+14,14
1.461999999999111e-04,1462,3.000000000000002e+02,1.130190332705786e+03,3.300139818674776e+02,3.528750806183479e-04,1.320484588466579e+09,3.131232842539461e+00,1.383176807786340e+14,14
1.462999999999099e-04,1463,3.000000000000002e+02,1.130261210662218e+03,3.300351981734378e+02,3.532322966406594e-04,1.322195352249067e+09,3.133592342079063e+00,1.482046391320200e+14,14
1.463999999999088e-04,1464,3.000000000000002e+02,1.130353049257150e+03,3.300599324134563e+02,3.535879155643199e-04,1.331013183825493e+09,3.135930762885963e+00,1.723895895194352e+14,14
1.464999999999077e-04,1465,3.000000000000002e+02,1.130523989872123e+03,3.300844805008304e+02,3.539923219118956e-04,1.329484355088809e+09,3.138780831857721e+00,2.222111917813324e+14,14
1.465999999999065e-04,1466,3.000000000000002e+02,1.130659930716550e+03,3.301079960203203e+02,3.544224446986042e-04,1.323433623867408e+09,3.141440948062133e+00,2.068228702513626e+14,14
1.466999999999054e-04,1467,3.000000000000002e+02,1.130768593310096e+03,3.301309799103923e+02,3.547876533386428e-04,1.324727769874678e+09,3.143912916599920e+00,2.192155490367006e+14,14
1.467999999999043e-04,1468,3.000000000000002e+02,1.130870063516978e+03,3.301535169553604e+02,3.551288982964613e-04,1.323829737305330e+09,3.146404727377306e+00,2.273386662207408e+14,14
1.468999999999031e-04,1469,3.000000000000002e+02,1.130972606056173e+03,3.301762527413952e+02,3.554726939534721e-04,1.327288238309730e+09,3.148861358025742e+00,1.824543155107639e+14,14
1.469999999999020e-04,1470,3.000000000000002e+02,1.131079435682711e+03,3.301990254205222e+02,3.558684798436056e-04,1.327446833477369e+09,3.151325806978268e+00,2.074899084750599e+14,14
1.470999999999008e-04,1471,3.000000000000002e+02,1.131215838537052e+03,3.302231793229859e+02,3.562764324142825e-04,1.324120270430580e+09,3.153961175551261e+00,1.769908516544172e+14,14
1.471999999998997e-04,1472,3.000000000000002e+02,1.131372627312634e+03,3.302466781005726e+02,3.566525298973873e-04,1.326798836828470e+09,3.156727969447478e+00,1.474559278958379e+14,14
1.472999999998986e-04,1473,3.000000000000002e+02,1.131467977172848e+03,3.302693807586998e+02,3.570187854968191e-04,1.320621802974474e+09,3.159156651676150e+00,1.392306932762379e+14,14
1.473999999998974e-04,1474,3.000000000000002e+02,1.131575199642302e+03,3.302913539399530e+02,3.573870197917518e-04,1.322666814474658e+09,3.161632160700119e+00,1.367977772588643e+14,14
1.474999999998963e-04,1475,3.000000000000002e+02,1.131682462751337e+03,3.303131981202669e+02,3.576856641058673e-04,1.324334614760457e+09,3.164148606413066e+00,1.431851581280993e+14,14
1.475999999998952e-04,1476,3.000000000000002e+02,1.131754065592315e+03,3.303342668804258e+02,3.580083844693216e-04,1.320615420889711e+09,3.166394335665768e+00,1.353706865350638e+14,14
1.476999999998940e-04,1477,3.000000000000002e+02,1.131852241036795e+03,3.303547817775758e+02,3.583448783091524e-04,1.320314103395919e+09,3.168860162520529e+00,1.413167989726445e+14,14
1.477999999998929e-04,1478,3.000000000000002e+02,1.131948207825142e+03,3.303758575303548e+02,3.586758521572142e-04,1.316443888253591e+09,3.171272518281390e+00,1.356124449447475e+14,14
1.478999999998918e-04,1479,3.000000000000002e+02,1.132031873556778e+03,3.303955115471836e+02,3.589809772558863e-04,1.317193362677926e+09,3.173596694999167e+00,1.422898949592987e+14,14
1.479999999998906e-04,1480,3.000000000000002e+02,1.132108170893256e+03,3.304156407548037e+02,3.592818182140711e-04,1.314121351757892e+09,3.175908542307616e+00,1.435901210170407e+14,14
1.480999999998895e-04,1481,3.000000000000002e+02,1.132197603768578e+03,3.304356371550209e+02,3.595563682834794e-04,1.313889856831057e+09,3.178272962924477e+00,1.419468841817662e+14,14
1.481999999998884e-04,1482,3.000000000000002e+02,1.132265585705829e+03,3.304549262274659e+02,3.598601711236663e-04,1.313735204397374e+09,3.180556589191907e+00,1.509953151820091e+14,14
1.482999999998872e-04,1483,3.000000000000002e+02,1.132331863797594e+03,3.304750417897126e+02,3.601573587531960e-04,1.316623206094999e+09,3.182734465311122e+00,1.422163220978644e+14,14
1.483999999998861e-04,1484,3.000000000000002e+02,1.132436663197519e+03,3.304956629962968e+02,3.604724467026679e-04,1.321172879642556e+09,3.185209216475077e+00,2.089003189723040e+14,14
1.484999999998849e-04,1485,3.000000000000002e+02,1.132520516001546e+03,3.305164508828266e+02,3.607978047288410e-04,1.319854966719573e+09,3.187490982076119e+00,1.407194495200974e+14,14
1.485999999998838e-04,1486,3.000000000000002e+02,1.132628493418633e+03,3.305371846550141e+02,3.611232787083268e-04,1.323163520533080e+09,3.189975648168680e+00,2.310467594414697e+14,14
1.486999999998827e-04,1487,3.000000000000002e+02,1.132717634366955e+03,3.305586645786116e+02,3.614455415118020e-04,1.321504917336654e+09,3.192302890352038e+00,1.523329639185513e+14,14
1.487999999998815e-04,1488,3.000000000000002e+02,1.132840987381511e+03,3.305800811937896e+02,3.617549908082549e-04,1.326588773690994e+09,3.194856784028354e+00,2.164310293149652e+14,14
1.488999999998804e-04,1489,3.000000000000002e+02,1.132943659834528e+03,3.306019845062200e+02,3.620905964127220e-04,1.323953549286604e+09,3.197259153433310e+00,1.681725334390870e+14,14
1.489999999998793e-04,1490,3.000000000000002e+02,1.133051326493659e+03,3.306236357236898e+02,3.624285820743219e-04,1.326368205463306e+09,3.199662724554083e+00,1.928968738083917e+14,14
1.490999999998781e-04,1491,3.000000000000002e+02,1.133163164260336e+03,3.306453105642188e+02,3.627648768527060e-04,1.325084486092266e+09,3.202123837172036e+00,1.442947852865598e+14,14
1.491999999998770e-04,1492,3.000000000000002e+02,1.133257580425968e+03,3.306674321223707e+02,3.630758603502941e-04,1.322554048028391e+09,3.204425413227661e+00,1.792595632401753e+14,14
1.492999999998759e-04,1493,3.000000000000002e+02,1.133352886181184e+03,3.306885791427404e+02,3.634073291556726e-04,1.323635286493737e+09,3.206800181745957e+00,1.462198319236792e+14,14
1.493999999998747e-04,1494,3.000000000000002e+02,1.133422267526799e+03,3.307101268789589e+02,3.637208222906445e-04,1.320667055601416e+09,3.208985127879449e+00,1.766471958058923e+14,14
1.494999999998736e-04,1495,3.000000000000002e+02,1.133487871612877e+03,3.307303640747377e+02,3.640339529304583e-04,1.321966875639431e+09,3.211186284488618e+00,1.440543240257423e+14,14
1.495999999998724e-04,1496,3.000000000000002e+02,1.133519062839947e+03,3.307506474593610e+02,3.643298309706926e-04,1.315686532280579e+09,3.213152358296221e+00,1.624809712753789e+14,14
1.496999999998713e-04,1497,3.000000000000002e+02,1.133568241476619e+03,3.307705206781243e+02,3.646275265944841e-04,1.324142920182180e+09,3.215251399767720e+00,1.462883419130046e+14,14
1.497999999998702e-04,1498,3.000000000000002e+02,1.133593573523397e+03,3.307906352102682e+02,3.649404246895371e-04,1.315193765249246e+09,3.217198500159600e+00,1.451825752501535e+14,14
1.498999999998690e-04,1499,3.000000000000002e+02,1.133623024952111e+03,3.308106400907998e+02,3.652530904769910e-04,1.314695321558120e+09,3.219131917324883e+00,1.437486356245598e+14,14
1.499999999998679e-04,1500,3.000000000000002e+02,1.133651993724215e+03,3.308303981302812e+02,3.655667816526538e-04,1.315528522508573e+09,3.221099646226146e+00,1.429715054507659e+14,14
1.500999999998668e-04,1501,3.000000000000002e+02,1.133668167306767e+03,3.308502698249459e+02,3.658605838523528e-04,1.313754158919156e+09,3.222957105287358e+00,1.455188046950829e+14,14
1.501999999998656e-04,1502,3.000000000000002e+02,1.133683700341503e+03,3.308695935879751e+02,3.661594648226849e-04,1.316086732651052e+09,3.224846111111319e+00,1.493385657861936e+14,14
1.502999999998645e-04,1503,3.000000000000002e+02,1.133699187616505e+03,3.308900287633263e+02,3.664638112176927e-04,1.320077026199748e+09,3.226668287793782e+00,1.461250812599332e+14,14
1.503999999998634e-04,1504,3.000000000000002e+02,1.133735920826138e+03,3.309098917186383e+02,3.667979054994952e-04,1.317085944536273e+09,3.228660962349020e+00,1.685517757456156e+14,14
1.504999999998622e-04,1505,3.000000000000002e+02,1.133763262071965e+03,3.309310393682842e+02,3.671383903643101e-04,1.321799256959496e+09,3.230545713910796e+00,1.376062564813476e+14,14
1.505999999998611e-04,1506,3.000000000000002e+02,1.133822018177481e+03,3.309518363907588e+02,3.674778328474459e-04,1.319668810905933e+09,3.232649650870644e+00,1.920800390733812e+14,14
1.506999999998600e-04,1507,3.000000000000002e+02,1.133864540105680e+03,3.309735896648654e+02,3.678215833344636e-04,1.323602876266086e+09,3.234636494743566e+00,1.406253038094878e+14,14
1.507999999998588e-04,1508,3.000000000000002e+02,1.133928114269263e+03,3.309950850787632e+02,3.681688082914686e-04,1.320771689938787e+09,3.236742133859225e+00,1.980968703936886e+14,14
1.508999999998577e-04,1509,3.000000000000002e+02,1.133990351021484e+03,3.310171820210706e+02,3.685347774731261e-04,1.323691672252365e+09,3.238846308008338e+00,1.349530986910808e+14,14
1.509999999998565e-04,1510,3.000000000000002e+02,1.134059908610963e+03,3.310389392526098e+02,3.688946983806522e-04,1.324038410866422e+09,3.240952245693348e+00,1.959553811602245e+14,14
1.510999999998554e-04,1511,3.000000000000002e+02,1.134134792311420e+03,3.310613844361209e+02,3.692767980677687e-04,1.325887473999250e+09,3.243124262579959e+00,1.336171928558875e+14,14
1.511999999998543e-04,1512,3.000000000000002e+02,1.134206464005883e+03,3.310839522839223e+02,3.696452068669983e-04,1.325757677589922e+09,3.245205118060234e+00,1.939958683075019e+14,14
1.512999999998531e-04,1513,3.000000000000002e+02,1.134291401104600e+03,3.311063375023604e+02,3.700247855650539e-04,1.326189282017927e+09,3.247436435826436e+00,1.358037222939155e+14,14
1.513999999998520e-04,1514,3.000000000000002e+02,1.134356815080832e+03,3.311290596387607e+02,3.703985544043382e-04,1.326526795822680e+09,3.249491213773555e+00,1.977636101786232e+14,14
1.514999999998509e-04,1515,3.000000000000002e+02,1.134429486012146e+03,3.311510904744058e+02,3.707649235829063e-04,1.322941424212267e+09,3.251627440733649e+00,1.373335778381306e+14,15
1.515999999998497e-04,1516,3.000000000000002e+02,1.134490853968495e+03,3.311741698593365e+02,3.711052561635491e-04,1.324398039327061e+09,3.253588492969205e+00,2.134602429496468e+14,15
1.516999999998486e-04,1517,3.000000000000002e+02,1.134616037226526e+03,3.311979653514242e+02,3.714729119661346e-04,1.321000376544079e+09,3.255925961198784e+00,1.372908529916912e+14,15
1.517999999998475e-04,1518,3.000000000000002e+02,1.134752759011777e+03,3.312218080507841e+02,3.718794700762071e-04,1.319569588234914e+09,3.258244988863333e+00,2.146839624168500e+14,15
1.518999999998463e-04,1519,3.000000000000002e+02,1.134913721802612e+03,3.312449568505842e+02,3.722795597192174e-04,1.323605865211802e+09,3.260736446112475e+00,1.378964607818000e+14,15
1.519999999998452e-04,1520,3.000000000000002e+02,1.135054680762571e+03,3.312682515289917e+02,3.726584041370069e-04,1.319815488817544e+09,3.263079102177396e+00,2.221856481524472e+14,15
1.520999999998440e-04,1521,3.000000000000002e+02,1.135221501117047e+03,3.312907259348145e+02,3.730229376915219e-04,1.322973640522889e+09,3.265622630266230e+00,1.370812727201950e+14,15
1.521999999998429e-04,1522,3.000000000000002e+02,1.135366373417409e+03,3.313134768858850e+02,3.733881770984568e-04,1.317457601163651e+09,3.267989544940239e+00,2.231189804110592e+14,15
1.522999999998418e-04,1523,3.000000000000002e+02,1.135547602123682e+03,3.313358333069013e+02,3.737719872063892e-04,1.326485229299356e+09,3.270512397869310e+00,1.342287727213254e+14,15
1.523999999998406e-04,1524,3.000000000000002e+02,1.135728333094429e+03,3.313591606706610e+02,3.741663969410902e-04,1.314332153786072e+09,3.273016384249495e+00,2.134507022033015e+14,15
1.524999999998395e-04,1525,3.000000000000002e+02,1.135935217774909e+03,3.313823872148859e+02,3.745652002734831e-04,1.320493451955320e+09,3.275613289175810e+00,1.299227425683662e+14,15
1.525999999998384e-04,1526,3.000000000000002e+02,1.136095739366513e+03,3.314057007952915e+02,3.749788526858676e-04,1.321532023753356e+09,3.278042036806827e+00,2.008490299060925e+14,15
1.526999999998372e-04,1527,3.000000000000002e+02,1.136214295057580e+03,3.314289277034737e+02,3.753765529228983e-04,1.322585822826409e+09,3.280213496176660e+00,1.251058656396482e+14,15
1.527999999998361e-04,1528,3.000000000000002e+02,1.136348189498122e+03,3.314514992633338e+02,3.757495275867971e-04,1.322403864467676e+09,3.282519441336756e+00,1.723965624259093e+14,15
1.528999999998350e-04,1529,3.000000000000002e+02,1.136448435569348e+03,3.314739911991514e+02,3.761261764087314e-04,1.315162639600022e+09,3.284595802690289e+00,1.207290030430783e+14,15
1.529999999998338e-04,1530,3.000000000000002e+02,1.136561451333889e+03,3.314958597912840e+02,3.765186057544866e-04,1.325619561597663e+09,3.286769573527184e+00,1.358567269341812e+14,15
1.530999999998327e-04,1531,3.000000000000002e+02,1.136633923042202e+03,3.315180374774090e+02,3.769104797800500e-04,1.310717673874782e+09,3.288669474668791e+00,1.315614457373361e+14,14
1.531999999998316e-04,1532,3.000000000000002e+02,1.136714142245115e+03,3.315398279966632e+02,3.772921115080872e-04,1.326699508045179e+09,3.290655523557803e+00,1.353198752860512e+14,15
1.532999999998304e-04,1533,3.000000000000002e+02,1.136759852098141e+03,3.315613682706032e+02,3.776682855563895e-04,1.313907552297740e+09,3.292441676453608e+00,1.227039937524944e+14,14
1.533999999998293e-04,1534,3.000000000000002e+02,1.136804894898819e+03,3.315827638012918e+02,3.780331797548578e-04,1.316837701018242e+09,3.294244878986435e+00,1.490250468453115e+14,15
1.534999999998281e-04,1535,3.000000000000002e+02,1.136829676836769e+03,3.316031285948307e+02,3.783859895626743e-04,1.321536842165947e+09,3.295952628744996e+00,1.247737680163923e+14,15
1.535999999998270e-04,1536,3.000000000000002e+02,1.136840983028179e+03,3.316239052783596e+02,3.787286260558427e-04,1.318388455110072e+09,3.297570102142244e+00,1.500416252473641e+14,15
1.536999999998259e-04,1537,3.000000000000002e+02,1.136853476330189e+03,3.316445419074205e+02,3.790776321390431e-04,1.328288188881098e+09,3.299193096427584e+00,1.397258542867155e+14,15
1.537999999998247e-04,1538,3.000000000000002e+02,1.136857712478549e+03,3.316673086320565e+02,3.794264305788746e-04,1.305436587313484e+09,3.300709800290597e+00,1.414281375851588e+14,15
1.538999999998236e-04,1539,3.000000000000002e+02,1.136883539194576e+03,3.316893773182894e+02,3.797970318957011e-04,1.315145289450593e+09,3.302296494956490e+00,1.516730070008992e+14,15
1.539999999998225e-04,1540,3.000000000000002e+02,1.136924690192732e+03,3.317117118189138e+02,3.801904658897957e-04,1.314662146384239e+09,3.303984075760208e+00,1.904257120271062e+14,15
1.540999999998213e-04,1541,3.000000000000002e+02,1.136940834758758e+03,3.317332443822058e+02,3.805509080029905e-04,1.315645875216850e+09,3.305468604117541e+00,1.687534780017550e+14,15
1.541999999998202e-04,1542,3.000000000000002e+02,1.136944226805192e+03,3.317536253469398e+02,3.808810621825269e-04,1.316504946322166e+09,3.306878361070536e+00,2.153164847430768e+14,15
1.542999999998191e-04,1543,3.000000000000002e+02,1.136934081177587e+03,3.317738674795419e+02,3.811980382205846e-04,1.311316532184866e+09,3.308258947844872e+00,1.577495260383800e+14,15
1.543999999998179e-04,1544,3.000000000000002e+02,1.136925022249304e+03,3.317936014509857e+02,3.815264775597656e-04,1.315885221034575e+09,3.309598958537468e+00,1.708375855028879e+14,15
1.544999999998168e-04,1545,3.000000000000002e+02,1.136933948960013e+03,3.318144929478302e+02,3.818848339242265e-04,1.312738689786917e+09,3.311026278843562e+00,1.492992507695220e+14,15
1.545999999998156e-04,1546,3.000000000000002e+02,1.136954566832204e+03,3.318354515371926e+02,3.822514670643487e-04,1.315731841145216e+09,3.312470303566589e+00,1.250273722760672e+14,15
1.546999999998145e-04,1547,3.000000000000002e+02,1.136977684456544e+03,3.318564770326758e+02,3.826184071679267e-04,1.314542432685365e+09,3.313967780930362e+00,1.340643956595292e+14,15
1.547999999998134e-04,1548,3.000000000000002e+02,1.136995243349547e+03,3.318770993288277e+02,3.829884061383206e-04,1.313892492112458e+09,3.315469249350750e+00,1.442470645547712e+14,14
1.548999999998122e-04,1549,3.000000000000002e+02,1.137021263967209e+03,3.318978449097273e+02,3.833219941223793e-04,1.313862542078043e+09,3.316979503104611e+00,1.283152235310075e+14,14
1.549999999998111e-04,1550,3.000000000000002e+02,1.137040606752917e+03,3.319181696034353e+02,3.836608113108899e-04,1.314314041123433e+09,3.318440544334494e+00,1.452918772812081e+14,14
1.550999999998100e-04,1551,3.000000000000002e+02,1.137071308005135e+03,3.319386656715456e+02,3.840086231827883e-04,1.310585795128632e+09,3.320026758175939e+00,1.331424899507093e+14,14
1.551999999998088e-04,1552,3.000000000000002e+02,1.137085937155914e+03,3.319587310371034e+02,3.843700492419978e-04,1.313662633969022e+09,3.321513734796730e+00,1.417738706934889e+14,15
1.552999999998077e-04,1553,3.000000000000002e+02,1.137119167830950e+03,3.319790549486088e+02,3.847266684438248e-04,1.310999722232264e+09,3.323139683621759e+00,1.329659244646918e+14,15
1.553999999998066e-04,1554,3.000000000000002e+02,1.137133001357315e+03,3.319990779198218e+02,3.850576723125111e-04,1.318907150057441e+09,3.324650405276719e+00,1.627701308119545e+14,15
1.554999999998054e-04,1555,3.000000000000002e+02,1.137175642684363e+03,3.320194459786132e+02,3.853904623957302e-04,1.329254766638076e+09,3.326431175017323e+00,1.655634250471448e+14,15
1.555999999998043e-04,1556,3.000000000000002e+02,1.137178205369807e+03,3.320396948536295e+02,3.857119907947369e-04,1.335707929408305e+09,3.328003780726423e+00,1.906383485931664e+14,15
1.556999999998032e-04,1557,3.000000000000002e+02,1.137209762595745e+03,3.320602951168568e+02,3.860354178472366e-04,1.343694910776448e+09,3.329777709671282e+00,2.126947795926583e+14,15
1.557999999998020e-04,1558,3.000000000000002e+02,1.137250152247180e+03,3.320814174102519e+02,3.863449056478609e-04,1.340891436480014e+09,3.331589952091218e+00,1.906597156057030e+14,15
1.558999999998009e-04,1559,3.000000000000002e+02,1.137287131889387e+03,3.321020403081826e+02,3.866866247568327e-04,1.333899354443782e+09,3.333372272251151e+00,1.467723594549777e+14,15
1.559999999997997e-04,1560,3.000000000000002e+02,1.137355475268482e+03,3.321232473516686e+02,3.870533716712692e-04,1.331969098141358e+09,3.335327510214559e+00,1.718887842950832e+14,15
1.560999999997986e-04,1561,3.000000000000002e+02,1.137392711600680e+03,3.321439312328441e+02,3.874311816053841e-04,1.323735952996386e+09,3.337024165307419e+00,1.270319892450705e+14,15
1.561999999997975e-04,1562,3.000000000000002e+02,1.137433350384499e+03,3.321651738813094e+02,3.878194996479321e-04,1.321513534304735e+09,3.338683075310487e+00,1.658664311015557e+14,14
1.562999999997963e-04,1563,3.000000000000002e+02,1.137488804886938e+03,3.321863962865614e+02,3.881891394282638e-04,1.322394714191857e+09,3.340376391156807e+00,1.412874892963110e+14,14
1.563999999997952e-04,1564,3.000000000000002e+02,1.137522084576014e+03,3.322073775327297e+02,3.885902668303003e-04,1.318424770985146e+09,3.341941663005946e+00,1.656518203692564e+14,14
1.564999999997941e-04,1565,3.000000000000002e+02,1.137598305775519e+03,3.322291876935168e+02,3.890033955815375e-04,1.319482846984577e+09,3.343675383851354e+00,1.522036592582169e+14,14
1.565999999997929e-04,1566,3.000000000000002e+02,1.137670269438841e+03,3.322511854264966e+02,3.894265470189496e-04,1.318390948763055e+09,3.345362242076670e+00,1.652581172641858e+14,14
1.566999999997918e-04,1567,3.000000000000002e+02,1.137779176812572e+03,3.322739860096867e+02,3.898464382747902e-04,1.317308008586004e+09,3.347174717610282e+00,1.520542752261394e+14,14
1.567999999997907e-04,1568,3.000000000000002e+02,1.137883037526357e+03,3.322967767872347e+02,3.902740318504194e-04,1.316965692021145e+09,3.348959831782917e+00,1.789125525013977e+14,15
1.568999999997895e-04,1569,3.000000000000002e+02,1.137974707866887e+03,3.323189792072656e+02,3.906790872325399e-04,1.315100848427192e+09,3.350641171286763e+00,1.466255252244606e+14,15
1.569999999997884e-04,1570,3.000000000000002e+02,1.138077560776307e+03,3.323405643156324e+02,3.910624025813348e-04,1.316595792420184e+09,3.352388364319912e+00,1.841930447958188e+14,15
1.570999999997872e-04,1571,3.000000000000002e+02,1.138143062754904e+03,3.323619301034738e+02,3.914219224327977e-04,1.320424954300406e+09,3.353941360060404e+00,1.844781798226010e+14,15
1.571999999997861e-04,1572,3.000000000000002e+02,1.138218220309258e+03,3.323829479563345e+02,3.917939254716970e-04,1.317191902209149e+09,3.355572446317894e+00,1.937908535651047e+14,15
1.572999999997850e-04,1573,3.000000000000002e+02,1.138292760857933e+03,3.324041447525276e+02,3.921538551991095e-04,1.327139522248497e+09,3.357239389159615e+00,1.633453478802803e+14,15
1.573999999997838e-04,1574,3.000000000000002e+02,1.138357622315637e+03,3.324252097414352e+02,3.925165988183528e-04,1.319126333640894e+09,3.358783413510211e+00,1.842500707257656e+14,15
1.574999999997827e-04,1575,3.000000000000022e+02,1.138410193044778e+03,3.324460894394896e+02,3.928632441751512e-04,1.327629541714826e+09,3.360327731537631e+00,1.389307029051375e+14,15
1.575999999997816e-04,1576,3.000000000000078e+02,1.138436661473249e+03,3.324665938674431e+02,3.931974657063489e-04,1.317583069703248e+09,3.361716740457094e+00,1.805527699798822e+14,15
1.576999999997804e-04,1577,3.000000000000135e+02,1.138470267386089e+03,3.324870893537604e+02,3.935333081438175e-04,1.324590136846749e+09,3.363211523428702e+00,1.437306197785202e+14,14
1.577999999997793e-04,1578,3.000000000000192e+02,1.138503084511462e+03,3.325075954476927e+02,3.938643907843704e-04,1.316834378020849e+09,3.364684786183462e+00,1.796659306847829e+14,14
1.578999999997782e-04,1579,3.000000000000249e+02,1.138529525484898e+03,3.325279854141953e+02,3.942030292015433e-04,1.322430226358897e+09,3.366184277042213e+00,1.671545213551097e+14,14
1.579999999997770e-04,1580,3.000000000000306e+02,1.138549605683121e+03,3.325489768047699e+02,3.945487779581835e-04,1.319113828341161e+09,3.367651872877413e+00,1.790174395559578e+14,14
1.580999999997759e-04,1581,3.000000000000363e+02,1.138591218056118e+03,3.325700168293514e+02,3.949084102657115e-04,1.323861194426432e+09,3.369255263388424e+00,1.766780984927762e+14,14
1.581999999997748e-04,1582,3.000000000000420e+02,1.138629253377941e+03,3.325919635121155e+02,3.952617997360493e-04,1.325617314287662e+09,3.370872409284835e+00,1.748900618925518e+14,14
1.582999999997736e-04,1583,3.000000000000476e+02,1.138674728226763e+03,3.326137890378725e+02,3.956268510032285e-04,1.325925552885025e+09,3.372485594290481e+00,1.723430114481760e+14,13
1.583999999997725e-04,1584,3.000000000000533e+02,1.138736292193522e+03,3.326374990336752e+02,3.959950720864324e-04,1.327945101435390e+09,3.374248218894705e+00,1.830899072498895e+14,15
1.584999999997713e-04,1585,3.000000000000590e+02,1.138797845245111e+03,3.326625462454566e+02,3.963793462456075e-04,1.346889883574477e+09,3.375891031029234e+00,1.464210236777642e+14,14
1.585999999997702e-04,1586,3.000000000000647e+02,1.138914505701610e+03,3.326876727268420e+02,3.968211082045227e-04,1.336898053674348e+09,3.377832754192870e+00,1.883134370223788e+14,15
1.586999999997691e-04,1587,3.000000000000704e+02,1.139060242307916e+03,3.327132758846450e+02,3.972951464213687e-04,1.346331926350711e+09,3.379820362337767e+00,1.505394570269235e+14,14
1.587999999997679e-04,1588,3.000000000000761e+02,1.139249820411068e+03,3.327385856632625e+02,3.977442569645367e-04,1.341316764818752e+09,3.382027364783582e+00,1.913077041681295e+14,15
1.588999999997668e-04,1589,3.000000000000817e+02,1.139392058059021e+03,3.327635043179893e+02,3.981634962388326e-04,1.349354954241773e+09,3.383899669856374e+00,1.489854020239157e+14,15
1.589999999997657e-04,1590,3.000000000000874e+02,1.139504130464595e+03,3.327873360475683e+02,3.985694915688122e-04,1.343204877976716e+09,3.385664598663325e+00,1.876042793704332e+14,16
1.590999999997645e-04,1591,3.000000000000931e+02,1.139605654931700e+03,3.328109532371021e+02,3.989825025725557e-04,1.351542160151555e+09,3.387376418883489e+00,1.491898007785671e+14,15
1.591999999997634e-04,1592,3.000000000000988e+02,1.139752523204295e+03,3.328343059411743e+02,3.993947310016474e-04,1.341407451498520e+09,3.389084238355545e+00,1.893476269831975e+14,16
1.592999999997623e-04,1593,3.000000000001045e+02,1.139913065405520e+03,3.328574314747513e+02,3.998117994331613e-04,1.352558430539790e+09,3.390775335030599e+00,1.467284831555770e+14,15
1.593999999997611e-04,1594,3.000000000001102e+02,1.140082619242292e+03,3.328801213997161e+02,4.002412330621712e-04,1.340059368839474e+09,3.392415891141327e+00,1.943328069802050e+14,16
1.594999999997600e-04,1595,3.000000000001158e+02,1.140268767600381e+03,3.329024764564460e+02,4.006449729122090e-04,1.336789186960100e+09,3.394069649307748e+00,1.531530710875247e+14,16
1.595999999997588e-04,1596,3.000000000001215e+02,1.140471537078851e+03,3.329244615585361e+02,4.010076672775270e-04,1.334655080395961e+09,3.395715349630891e+00,1.947243762459822e+14,15
1.596999999997577e-04,1597,3.000000000001272e+02,1.140650404580367e+03,3.329454046909838e+02,4.013584679672148e-04,1.331146091789992e+09,3.397241295760307e+00,1.455019134129622e+14,15
1.597999999997566e-04,1598,3.000000000001329e+02,1.140823548967492e+03,3.329656482865386e+02,4.017072459057186e-04,1.333218657742206e+09,3.398625412194148e+00,1.962296988811566e+14,15
1.598999999997554e-04,1599,3.000000000001386e+02,1.141004027821594e+03,3.329858216425748e+02,4.020703645148323e-04,1.326522087108399e+09,3.399969590987780e+00,1.379513259749936e+14,15
1.599999999997543e-04,1600,3.000000000001443e+02,1.141226116378137e+03,3.330060861962057e+02,4.024235159096029e-04,1.329291746306370e+09,3.401453074177864e+00,1.962888506626256e+14,15
1.600999999997532e-04,1601,3.000000000001500e+02,1.141450836951002e+03,3.330267786316751e+02,4.027823637723958e-04,1.324326956959370e+09,3.402922932973185e+00,1.403086115460373e+14,16
1.601999999997520e-04,1602,3.000000000001556e+02,1.141662821991195e+03,3.330472250598767e+02,4.031230931755441e-04,1.321472576137235e+09,3.404302818628166e+00,1.831295964411673e+14,15
1.602999999997509e-04,1603,3.000000000001613e+02,1.141877508827849e+03,3.330672366349924e+02,4.034649925205887e-04,1.319506627889173e+09,3.405696965463027e+00,1.394544133507141e+14,17
1.603999999997498e-04,1604,3.000000000001670e+02,1.142097734724329e+03,3.330871428723062e+02,4.037905143468956e-04,1.326439511005683e+09,3.407096270801578e+00,1.682637853051110e+14,16
1.604999999997486e-04,1605,3.000000000001727e+02,1.142330567602117e+03,3.331077721209136e+02,4.041361046380482e-04,1.324250297474300e+09,3.408431310978514e+00,1.449030471516041e+14,17
1.605999999997475e-04,1606,3.000000000001784e+02,1.142566982569637e+03,3.331283008411921e+02,4.045010557866574e-04,1.327922996397943e+09,3.409691497074683e+00,1.649460962133072e+14,16
1.606999999997464e-04,1607,3.000000000001841e+02,1.142831387616340e+03,3.331497863789049e+02,4.048792458331963e-04,1.327108589866991e+09,3.411040752878964e+00,1.530237213396222e+14,17
1.607999999997452e-04,1608,3.000000000001897e+02,1.143094245095623e+03,3.331716425391443e+02,4.052567778465566e-04,1.331705670981344e+09,3.412324146217492e+00,1.617539942289272e+14,17
1.608999999997441e-04,1609,3.000000000001954e+02,1.143352630973350e+03,3.331936547772775e+02,4.056280783535922e-04,1.328418182139177e+09,3.413561994755999e+00,1.602477913901722e+14,17
1.609999999997429e-04,1610,3.000000000002011e+02,1.143595989984041e+03,3.332155005601836e+02,4.060042818244029e-04,1.340045313366702e+09,3.414827747372946e+00,1.545683823375486e+14,17
1.610999999997418e-04,1611,3.000000000002068e+02,1.143817833050591e+03,3.332373037236196e+02,4.063790142659046e-04,1.329030150175422e+09,3.416021133107882e+00,1.672357758664281e+14,16
1.611999999997407e-04,1612,3.000000000002125e+02,1.144019531742715e+03,3.332590962736511e+02,4.067575177821802e-04,1.329126849500717e+09,3.417183515788364e+00,1.547724983040304e+14,17
1.612999999997395e-04,1613,3.000000000002182e+02,1.144226271274014e+03,3.332811892295397e+02,4.071415920335531e-04,1.329789403396436e+09,3.418370747619732e+00,1.811477043099724e+14,16
1.613999999997384e-04,1614,3.000000000002238e+02,1.144426355934753e+03,3.333032916114218e+02,4.075346333573728e-04,1.328180348728303e+09,3.419551699707966e+00,1.397029436618714e+14,16
1.614999999997373e-04,1615,3.000000000002295e+02,1.144614538710904e+03,3.333254512186487e+02,4.079281068846063e-04,1.329659118220271e+09,3.420799797740668e+00,2.171693195070832e+14,16
1.615999999997361e-04,1616,3.000000000002352e+02,1.144766650660640e+03,3.333471549033628e+02,4.083035032930129e-04,1.327121019324908e+09,3.421990183127496e+00,1.337525355223359e+14,16
1.616999999997350e-04,1617,3.000000000002409e+02,1.144882292182055e+03,3.333683907319866e+02,4.086578813283629e-04,1.327810438104177e+09,3.423132687415305e+00,2.323748193273224e+14,16
1.617999999997339e-04,1618,3.000000000002466e+02,1.144954616915618e+03,3.333898030634818e+02,4.090116566607198e-04,1.326897214430448e+09,3.424239902732888e+00,1.337486587511545e+14,16
1.618999999997327e-04,1619,3.000000000002523e+02,1.145011621941337e+03,3.334109479719240e+02,4.093710184878886e-04,1.328110926328341e+09,3.425245589478545e+00,2.095867970104891e+14,16
1.619999999997316e-04,1620,3.000000000002580e+02,1.145050183743823e+03,3.334327088407196e+02,4.097416589090157e-04,1.326146281735453e+09,3.426294428613934e+00,1.387815958151210e+14,16
1.620999999997305e-04,1621,3.000000000002636e+02,1.145080081231572e+03,3.334561004922248e+02,4.101173462375802e-04,1.330886119748542e+09,3.427267501100089e+00,1.569438676205586e+14,16
1.621999999997293e-04,1622,3.000000000002693e+02,1.145079601620715e+03,3.334800500403686e+02,4.105019154729976e-04,1.331412231995684e+09,3.428212631176196e+00,1.539149717652460e+14,16
1.622999999997282e-04,1623,3.000000000002750e+02,1.145093331949597e+03,3.335025569260603e+02,4.109250845114105e-04,1.330308220464566e+09,3.429322310514849e+00,1.457821009656933e+14,16
1.623999999997270e-04,1624,3.000000000002807e+02,1.145074474572299e+03,3.335250631078375e+02,4.113100799010681e-04,1.330001401810570e+09,3.430381544009675e+00,1.882246577718149e+14,16
1.624999999997259e-04,1625,3.000000000002864e+02,1.145012786233385e+03,3.335465787328814e+02,4.116674884840064e-04,1.329243925505964e+09,3.431219056042988e+00,1.509838122915320e+14,16
1.625999999997248e-04,1626,3.000000000002921e+02,1.144934416251151e+03,3.335684470330131e+02,4.120322975893066e-04,1.328840109199173e+09,3.432015171483433e+00,2.216269157213504e+14,16
1.626999999997236e-04,1627,3.000000000002977e+02,1.144865722896223e+03,3.335909875007988e+02,4.124285562443463e-04,1.329120598764328e+09,3.432763155443792e+00,1.696775432527628e+14,16
1.627999999997225e-04,1628,3.000000000003034e+02,1.144841297923754e+03,3.336152820843192e+02,4.128512700897088e-04,1.330532824458926e+09,3.433603809237531e+00,2.324961583879580e+14,16
1.628999999997214e-04,1629,3.000000000003091e+02,1.144862088802322e+03,3.336394953910373e+02,4.132629736877563e-04,1.328600213970935e+09,3.434567022741640e+00,1.583658479009815e+14,16
1.629999999997202e-04,1630,3.000000000003148e+02,1.144900695073691e+03,3.336657476510280e+02,4.136666099976261e-04,1.329161991934851e+09,3.435613993396684e+00,2.155788450193186e+14,16
1.630999999997191e-04,1631,3.000000000003205e+02,1.144950803938762e+03,3.336905428009823e+02,4.140751593982171e-04,1.326535140583187e+09,3.436609465761063e+00,1.463910020127275e+14,16
1.631999999997180e-04,1632,3.000000000003262e+02,1.145028984744803e+03,3.337151654895434e+02,4.144871236586057e-04,1.329119782766096e+09,3.437626998305345e+00,1.739746933502491e+14,17
1.632999999997168e-04,1633,3.000000000003319e+02,1.145138843978226e+03,3.337395280553417e+02,4.148793332950581e-04,1.327070240329350e+09,3.438642966589923e+00,1.509554938437055e+14,16
1.633999999997157e-04,1634,3.000000000003375e+02,1.145231912729158e+03,3.337629783468247e+02,4.152697008110456e-04,1.328242776276024e+09,3.439598027939415e+00,1.588331929292460e+14,17
1.634999999997145e-04,1635,3.000000000003432e+02,1.145307666309988e+03,3.337863445667977e+02,4.156470493902309e-04,1.328177040206962e+09,3.440494177577241e+00,1.566322956844064e+14,17
1.635999999997134e-04,1636,3.000000000003489e+02,1.145378323501036e+03,3.338085315620887e+02,4.160134290800656e-04,1.327899003596705e+09,3.441322696320434e+00,1.529753669891545e+14,16
1.636999999997123e-04,1637,3.000000000003599e+02,1.145469538273398e+03,3.338312984306675e+02,4.163630994900759e-04,1.330756360531440e+09,3.442241665149209e+00,1.621404626440392e+14,17
1.637999999997111e-04,1638,3.000000000003712e+02,1.145560394723396e+03,3.338534077610653e+02,4.167163369185969e-04,1.329695822698851e+09,3.443148559182730e+00,1.513754285283511e+14,16
1.638999999997100e-04,1639,3.000000000003826e+02,1.145620387179260e+03,3.338758852788897e+02,4.170790730979075e-04,1.327745480035272e+09,3.444023095886734e+00,1.990394759217966e+14,17
1.639999999997089e-04,1640,3.000000000003940e+02,1.145696972503996e+03,3.338971723634218e+02,4.174503832394082e-04,1.325177594927852e+09,3.444958306875216e+00,1.522907788456000e+14,16
1.640999999997077e-04,1641,3.000000000004054e+02,1.145816416905562e+03,3.339206699012523e+02,4.178066083556364e-04,1.333375294314707e+09,3.446099182184147e+00,2.257254274979236e+14,16
1.641999999997066e-04,1642,3.000000000004167e+02,1.145925428674352e+03,3.339435047002793e+02,4.181727821773161e-04,1.338884790858828e+09,3.447207899917512e+00,1.580195667677036e+14,14
1.642999999997055e-04,1643,3.000000000004281e+02,1.146046555785398e+03,3.339669940113786e+02,4.185401272772020e-04,1.343217577573782e+09,3.448522282336524e+00,2.305617141543559e+14,16
1.643999999997043e-04,1644,3.000000000004395e+02,1.146141001615857e+03,3.339899321261240e+02,4.189087507735916e-04,1.340571616772961e+09,3.449654900327304e+00,1.605410785498640e+14,15
1.644999999997032e-04,1645,3.000000000004509e+02,1.146243607130620e+03,3.340147293771178e+02,4.192701667485450e-04,1.339260722554478e+09,3.450881800787474e+00,2.054102120500153e+14,16
1.645999999997021e-04,1646,3.000000000004623e+02,1.146335186127585e+03,3.340381347610953e+02,4.196591464798445e-04,1.332910122907074e+09,3.452025026746310e+00,1.650116139300750e+14,16
1.646999999997009e-04,1647,3.000000000004780e+02,1.146455422122347e+03,3.340620337930291e+02,4.200965014164736e-04,1.329746931519783e+09,3.453454522713718e+00,1.753668818054789e+14,15
1.647999999996998e-04,1648,3.000000000004950e+02,1.146545718536809e+03,3.340852507763537e+02,4.205194750513275e-04,1.325319117143379e+09,3.454853757737956e+00,1.669439585179682e+14,15
1.648999999996986e-04,1649,3.000000000005121e+02,1.146637366440985e+03,3.341084046243174e+02,4.209093233592710e-04,1.330823109930165e+09,3.456256097301651e+00,1.703860443385982e+14,15
1.649999999996975e-04,1650,3.000000000005292e+02,1.146704710214661e+03,3.341318162075059e+02,4.213015151735792e-04,1.327358886529462e+09,3.457595743263893e+00,1.682213060462164e+14,15
1.650999999996964e-04,1651,3.000000000005462e+02,1.146767573435279e+03,3.341546371486228e+02,4.216873906148958e-04,1.329345252192731e+09,3.458898140101323e+00,1.641697425515929e+14,16
1.651999999996952e-04,1652,3.000000000005633e+02,1.146834009508752e+03,3.341777744630487e+02,4.220918007333780e-04,1.325659580285670e+09,3.460188248115167e+00,1.646898617199791e+14,16
1.652999999996941e-04,1653,3.000000000005812e+02,1.146870477152920e+03,3.342002731239720e+02,4.224723391757144e-04,1.328074114000784e+09,3.461430820690389e+00,1.543427941667349e+14,15
1.653999999996930e-04,1654,3.000000000006040e+02,1.146922032767972e+03,3.342224954761381e+02,4.228604559765913e-04,1.319708789504076e+09,3.462669268822909e+00,1.559579280279315e+14,16
1.654999999996918e-04,1655,3.000000000006267e+02,1.146988123348187e+03,3.342440147183709e+02,4.232212976932689e-04,1.322995710856182e+09,3.463947432117255e+00,1.504494479459851e+14,15
1.655999999996907e-04,1656,3.000000000006494e+02,1.147057278810116e+03,3.342658648910081e+02,4.235771188731573e-04,1.317588962671961e+09,3.465204137679703e+00,1.704926164104251e+14,16
1.656999999996896e-04,1657,3.000000000006722e+02,1.147115237350888e+03,3.342859312885565e+02,4.238948161495357e-04,1.320693604292921e+09,3.466316930124319e+00,1.453166846110166e+14,14
1.657999999996884e-04,1658,3.000000000006953e+02,1.147165372526730e+03,3.343065517188709e+02,4.242209909842760e-04,1.312326326982456e+09,3.467510989862558e+00,1.908328524802332e+14,16
1.658999999996873e-04,1659,3.000000000007237e+02,1.147191733050150e+03,3.343258518833117e+02,4.245115174247214e-04,1.317677519967956e+09,3.468459475206235e+00,1.425016883082232e+14,14
1.659999999996861e-04,1660,3.000000000007522e+02,1.147248053165785e+03,3.343460938465959e+02,4.248274082056339e-04,1.314364525984514e+09,3.469626438602483e+00,2.110594842737288e+14,17
1.660999999996850e-04,1661,3.000000000007806e+02,1.147291917232219e+03,3.343656856969674e+02,4.251241444576144e-04,1.319437003796164e+09,3.470591424318386e+00,1.455542802644550e+14,15
1.661999999996839e-04,1662,3.000000000008090e+02,1.147359146689870e+03,3.343863383700867e+02,4.254302933876941e-04,1.317728107923588e+09,3.471770879167591e+00,2.241017962424141e+14,17
1.662999999996827e-04,1663,3.000000000008422e+02,1.147401611304566e+03,3.344056210004584e+02,4.257167349182205e-04,1.317991433275613e+09,3.472722658520623e+00,1.612454197689012e+14,15
1.663999999996816e-04,1664,3.000000000008764e+02,1.147506739129136e+03,3.344280845028854e+02,4.260247006498446e-04,1.321659626043372e+09,3.473993200515772e+00,2.111022408408702e+14,17
1.664999999996805e-04,1665,3.000000000009105e+02,1.147643225011783e+03,3.344515435095825e+02,4.263046918687964e-04,1.320884860427182e+09,3.475212893951094e+00,1.762152958183918e+14,15
1.665999999996793e-04,1666,3.000000000009456e+02,1.147874727674489e+03,3.344753957344331e+02,4.266198072791306e-04,1.323186431585161e+09,3.476894954187985e+00,1.777124356584290e+14,17
1.666999999996782e-04,1667,3.000000000009854e+02,1.148006074220036e+03,3.344983292671375e+02,4.269542891636771e-04,1.322908015389452e+09,3.477944155743285e+00,1.829034839076207e+14,16
1.667999999996771e-04,1668,3.000000000010252e+02,1.148230892394511e+03,3.345217720281205e+02,4.273265545968772e-04,1.328246073029279e+09,3.479465801850968e+00,1.869178211701123e+14,17
1.668999999996759e-04,1669,3.000000000010650e+02,1.148447185668653e+03,3.345449055900014e+02,4.277277910570377e-04,1.325227648949731e+09,3.480967213879306e+00,1.768383089345894e+14,16
1.669999999996748e-04,1670,3.000000000011103e+02,1.148658724171970e+03,3.345678967619976e+02,4.280980632932784e-04,1.330654072215319e+09,3.482552422277164e+00,1.592047814610120e+14,17
1.670999999996737e-04,1671,3.000000000011557e+02,1.148870200087018e+03,3.345907203058690e+02,4.284712434421028e-04,1.326671826806749e+09,3.483948790465349e+00,1.624387882319836e+14,16
1.671999999996725e-04,1672,3.000000000012013e+02,1.149146665746782e+03,3.346138784798071e+02,4.288474920402087e-04,1.332275892279523e+09,3.485667551691741e+00,1.419860517027760e+14,17
1.672999999996714e-04,1673,3.000000000012525e+02,1.149398784942750e+03,3.346378493473906e+02,4.292573264716287e-04,1.336772824512870e+09,3.487205364463129e+00,1.451718021983023e+14,16
1.673999999996702e-04,1674,3.000000000013036e+02,1.149685303264005e+03,3.346612131205800e+02,4.296753429099177e-04,1.339168441391988e+09,3.488836319856596e+00,1.304228412496409e+14,16
1.674999999996691e-04,1675,3.000000000013567e+02,1.150018953247778e+03,3.346859660117963e+02,4.300946098474066e-04,1.344840116376812e+09,3.490765706052601e+00,1.276355360189042e+14,15
1.675999999996680e-04,1676,3.000000000014135e+02,1.150334506545513e+03,3.347096002672576e+02,4.304465110197520e-04,1.340049138996728e+09,3.492377583083640e+00,1.290070089081143e+14,16
1.676999999996668e-04,1677,3.000000000014704e+02,1.150643178032008e+03,3.347329345835009e+02,4.308335016646115e-04,1.336286093100612e+09,3.494191773774016e+00,1.327960210415894e+14,14
1.677999999996657e-04,1678,3.000000000015320e+02,1.150946477828918e+03,3.347549724364548e+02,4.312014741353331e-04,1.332444927740065e+09,3.495859979030568e+00,1.379383440295518e+14,15
1.678999999996646e-04,1679,3.000000000015945e+02,1.151269682796165e+03,3.347773148773311e+02,4.316011990124122e-04,1.329735944287213e+09,3.497727114513875e+00,1.485481292545644e+14,15
1.679999999996634e-04,1680,3.000000000016599e+02,1.151611407059533e+03,3.347987278173643e+02,4.319750843354550e-04,1.342813361683908e+09,3.499386538995648e+00,1.548172631714284e+14,14
1.680999999996623e-04,1681,3.000000000017282e+02,1.151942194875687e+03,3.348208587642616e+02,4.323540948787141e-04,1.320570584020736e+09,3.501179059242533e+00,1.623553833886218e+14,15
1.681999999996612e-04,1682,3.000000000017982e+02,1.152238200547298e+03,3.348421313679467e+02,4.327002925680205e-04,1.320013295238243e+09,3.502736074785436e+00,1.696984853842782e+14,14
1.682999999996600e-04,1683,3.000000000018721e+02,1.152554023101671e+03,3.348633149800491e+02,4.330480952960826e-04,1.322988650030619e+09,3.504384099890803e+00,1.689006530654489e+14,16
1.683999999996589e-04,1684,3.000000000019475e+02,1.152886231109353e+03,3.348850194959465e+02,4.333946455275423e-04,1.321500836790493e+09,3.506007363050173e+00,1.710242594534342e+14,15
1.684999999996577e-04,1685,3.000000000020272e+02,1.153222619917669e+03,3.349066273995310e+02,4.337683515863628e-04,1.326494714682710e+09,3.507515603152459e+00,1.649125037753902e+14,16
1.685999999996566e-04,1686,3.000000000021084e+02,1.153586209098497e+03,3.349287489096628e+02,4.341628688475013e-04,1.323706375407063e+09,3.509134082870589e+00,1.597142228887673e+14,15
1.686999999996555e-04,1687,3.000000000021936e+02,1.154001381183886e+03,3.349509976156206e+02,4.345675879990809e-04,1.329073094124626e+09,3.510698680270096e+00,1.549771654832517e+14,16
1.687999999996543e-04,1688,3.000000000022813e+02,1.154455288561162e+03,3.349748990213058e+02,4.349757138418304e-04,1.325312324364314e+09,3.512609592269417e+00,1.452115007848612e+14,15
1.688999999996532e-04,1689,3.000000000023722e+02,1.154877218245174e+03,3.349974183858271e+02,4.353714303505206e-04,1.328886902726409e+09,3.514202019804534e+00,1.915983291256913e+14,16
1.689999999996521e-04,1690,3.000000000024668e+02,1.155289455782896e+03,3.350212172888812e+02,4.357642731123124e-04,1.327954496618715e+09,3.515892385438415e+00,1.464050555656529e+14,15
1.690999999996509e-04,1691,3.000000000025634e+02,1.155728125565929e+03,3.350427987930797e+02,4.361578822115016e-04,1.326159802225454e+09,3.517531822990709e+00,1.691336411875535e+14,16
1.691999999996498e-04,1692,3.000000000026653e+02,1.156129561855876e+03,3.350660415120266e+02,4.365476476114393e-04,1.328101162403989e+09,3.519279329243290e+00,1.614477582608750e+14,15
1.692999999996487e-04,1693,3.000000000027691e+02,1.156555354225560e+03,3.350882672693515e+02,4.369404894587507e-04,1.324179510094744e+09,3.520813738505524e+00,1.596485714858140e+14,16
1.693999999996475e-04,1694,3.000000000028771e+02,1.157017037745663e+03,3.351110712104049e+02,4.373520748475948e-04,1.329435660926739e+09,3.522667398261843e+00,1.730324075433146e+14,15
1.694999999996464e-04,1695,3.000000000029890e+02,1.157460867331142e+03,3.351335227959858e+02,4.377549082781509e-04,1.320158167618251e+09,3.524370369600487e+00,1.700548859096692e+14,16
1.695999999996453e-04,1696,3.000000000031035e+02,1.157841871745630e+03,3.351557028496259e+02,4.381411850751987e-04,1.333542308302579e+09,3.525893939340909e+00,1.826976875602795e+14,14
1.696999999996441e-04,1697,3.000000000032229e+02,1.158233758803557e+03,3.351781624014483e+02,4.385074185267116e-04,1.311116305728509e+09,3.527661439542586e+00,1.866002995791367e+14,15
1.697999999996430e-04,1698,3.000000000033461e+02,1.158637904865261e+03,3.351996251687011e+02,4.388934988717407e-04,1.333686805148406e+09,3.529282708761406e+00,1.925041206056134e+14,14
1.698999999996418e-04,1699,3.000000000034726e+02,1.159036873452734e+03,3.352219854874646e+02,4.392956187284570e-04,1.312111514368333e+09,3.531067753375029e+00,2.062792147597311e+14,15
1.699999999996407e-04,1700,3.000000000036033e+02,1.159401280454294e+03,3.352423776977084e+02,4.396945322843957e-04,1.323086166157184e+09,3.532575354166504e+00,2.030896479042382e+14,14
1.700999999996396e-04,1701,3.000000000037389e+02,1.159752839359723e+03,3.352652424190558e+02,4.400873822284614e-04,1.319741190440912e+09,3.534473834711562e+00,2.233370581568526e+14,16
1.701999999996384e-04,1702,3.000000000038782e+02,1.160059344242726e+03,3.352859676917655e+02,4.404520442762600e-04,1.322637607103113e+09,3.535956836831115e+00,2.148938535529417e+14,15
1.702999999996373e-04,1703,3.000000000040214e+02,1.160401984062912e+03,3.353092432306134e+02,4.408096935067769e-04,1.330916810017000e+09,3.537838352274069e+00,2.250121596564809e+14,16
1.703999999996362e-04,1704,3.000000000041692e+02,1.160654758539313e+03,3.353329234903497e+02,4.411699080216818e-04,1.330975966887689e+09,3.539103373490093e+00,2.274488956852355e+14,15
1.704999999996350e-04,1705,3.000000000043222e+02,1.160987138716701e+03,3.353597417184105e+02,4.415776388975732e-04,1.333039239767466e+09,3.540779339872318e+00,1.918272115093888e+14,16
1.705999999996339e-04,1706,3.000000000044795e+02,1.161301394279712e+03,3.353830371223488e+02,4.420651445018508e-04,1.321208978223110e+09,3.542314436827799e+00,2.350949298191829e+14,16
1.706999999996328e-04,1707,3.000000000046413e+02,1.161630597252332e+03,3.354068150463094e+02,4.425261182601873e-04,1.320747427652169e+09,3.544225735582653e+00,1.668819653915038e+14,16
1.707999999996316e-04,1708,3.000000000048078e+02,1.161844027081582e+03,3.354297156321834e+02,4.429042974901887e-04,1.320840019590655e+09,3.545650021922336e+00,2.302448108402942e+14,16
1.708999999996305e-04,1709,3.000000000049791e+02,1.161990178919322e+03,3.354517910090759e+02,4.432460293209820e-04,1.317617498569068e+09,3.547236181783004e+00,1.546630964658758e+14,16
1.709999999996293e-04,1710,3.000000000051553e+02,1.162101486595683e+03,3.354742971349371e+02,4.435700840588965e-04,1.317584239061590e+09,3.548577041581194e+00,2.213772872181219e+14,16
1.710999999996282e-04,1711,3.000000000053372e+02,1.162221435723940e+03,3.354961076918821e+02,4.439373331891670e-04,1.321063811127862e+09,3.549848446502932e+00,1.556581746502800e+14,16
1.711999999996271e-04,1712,3.000000000055242e+02,1.162394498075606e+03,3.355205885460685e+02,4.443424233727184e-04,1.315747047537027e+09,3.551474060053025e+00,2.062174135840660e+14,15
1.712999999996259e-04,1713,3.000000000057164e+02,1.162492021205143e+03,3.355430829984493e+02,4.447225123388822e-04,1.317526075566749e+09,3.552756049192966e+00,1.533403650820701e+14,15
1.713999999996248e-04,1714,3.000000000059139e+02,1.162608061402101e+03,3.355667074970482e+02,4.451442296152616e-04,1.314839921922218e+09,3.554319811270863e+00,1.861564898399652e+14,14
1.714999999996237e-04,1715,3.000000000061170e+02,1.162618314353370e+03,3.355886428169633e+02,4.454988414341481e-04,1.317555094366455e+09,3.555419386053973e+00,1.546696914044655e+14,15
1.715999999996225e-04,1716,3.000000000063255e+02,1.162707024445086e+03,3.356116822535130e+02,4.457993561753330e-04,1.314028798763796e+09,3.556901676205722e+00,1.718125557955170e+14,14
1.716999999996214e-04,1717,3.000000000065398e+02,1.162711771993941e+03,3.356321630815212e+02,4.460631727183171e-04,1.314080634778221e+09,3.557920851459529e+00,1.663256385249917e+14,15
1.717999999996203e-04,1718,3.000000000067599e+02,1.162722505454421e+03,3.356531584189546e+02,4.463720367496606e-04,1.317582850215824e+09,3.559165883060518e+00,1.643472904486246e+14,15
1.718999999996191e-04,1719,3.000000000069858e+02,1.162695254648096e+03,3.356731784591078e+02,4.466705037498228e-04,1.311019796602679e+09,3.560003721487009e+00,1.888424358185277e+14,16
1.719999999996180e-04,1720,3.000000000072177e+02,1.162755295081796e+03,3.356940251345598e+02,4.470192299032334e-04,1.320935439609549e+09,3.561387478374141e+00,1.639236546120536e+14,16
1.720999999996169e-04,1721,3.000000000074557e+02,1.162776378575392e+03,3.357157427003332e+02,4.473225184765811e-04,1.314940811035373e+09,3.562507987427067e+00,2.126135273166268e+14,16
1.721999999996157e-04,1722,3.000000000077000e+02,1.162792803081345e+03,3.357363556197092e+02,4.476445169682557e-04,1.318942604001196e+09,3.563776417354595e+00,1.631982221935086e+14,16
1.722999999996146e-04,1723,3.000000000079509e+02,1.162779051279998e+03,3.357573750113552e+02,4.479396963987681e-04,1.312356262753545e+09,3.564913657054597e+00,2.351296184724564e+14,16
1.723999999996134e-04,1724,3.000000000082082e+02,1.162805621462672e+03,3.357780793641980e+02,4.482425251084311e-04,1.322481984885113e+09,3.566238154725272e+00,1.933422250643846e+14,15
1.724999999996123e-04,1725,3.000000000084720e+02,1.162796259935924e+03,3.358005710966536e+02,4.485683849411336e-04,1.313412536513948e+09,3.567354777107463e+00,2.553732642468364e+14,15
1.725999999996112e-04,1726,3.000000000087423e+02,1.162821430132942e+03,3.358214826849825e+02,4.489223003975750e-04,1.320794931204693e+09,3.568685276410861e+00,2.196161615951257e+14,15
1.726999999996100e-04,1727,3.000000000090191e+02,1.162859351241091e+03,3.358452579626338e+02,4.493059182892208e-04,1.319757683580092e+09,3.570159095205359e+00,2.604341034193626e+14,14
1.727999999996089e-04,1728,3.000000000093029e+02,1.162899228468681e+03,3.358681094320701e+02,4.496663731704401e-04,1.321256922513000e+09,3.571553561205593e+00,1.932342081174270e+14,15
1.728999999996078e-04,1729,3.000000000095941e+02,1.162976426588535e+03,3.358921348080665e+02,4.500504217151255e-04,1.322491524219028e+09,3.573249438968852e+00,2.582747265312341e+14,14
1.729999999996066e-04,1730,3.000000000098922e+02,1.162993599686818e+03,3.359152214581940e+02,4.503864365035745e-04,1.320323938751117e+09,3.574710332693889e+00,1.622300039637528e+14,15
1.730999999996055e-04,1731,3.000000000101972e+02,1.163025597684322e+03,3.359378779008246e+02,4.507705599561884e-04,1.322991869202609e+09,3.576304252492660e+00,2.543815037253204e+14,13
1.731999999996044e-04,1732,3.000000000105097e+02,1.163025995907195e+03,3.359610433454341e+02,4.511061583027101e-04,1.319062711410405e+09,3.577654868180397e+00,1.636897643356268e+14,14
1.732999999996032e-04,1733,3.000000000108299e+02,1.163063302769990e+03,3.359839737475581e+02,4.515005526032309e-04,1.322700190714399e+09,3.579258799581019e+00,2.507906941474103e+14,13
1.733999999996021e-04,1734,3.000000000111572e+02,1.163083009114172e+03,3.360074083333449e+02,4.518653582281944e-04,1.319280883911660e+09,3.580685929814591e+00,1.656631141077238e+14,14
1.734999999996009e-04,1735,3.000000000114922e+02,1.163137465812719e+03,3.360299290541326e+02,4.522552026822855e-04,1.322355012734900e+09,3.582401499801479e+00,2.534639969841222e+14,13
1.735999999995998e-04,1736,3.000000000118353e+02,1.163158627573506e+03,3.360528702941490e+02,4.525965026517947e-04,1.315867153747275e+09,3.583859541679358e+00,1.654346569499726e+14,14
1.736999999995987e-04,1737,3.000000000121857e+02,1.163212432931060e+03,3.360736129865681e+02,4.529363588888063e-04,1.315952953431585e+09,3.585566526099016e+00,2.612716752293060e+14,13
1.737999999995975e-04,1738,3.000000000125445e+02,1.163229009069856e+03,3.360957458260141e+02,4.532575263337651e-04,1.315568650848702e+09,3.587018950306563e+00,1.643558028940630e+14,15
1.738999999995964e-04,1739,3.000000000129112e+02,1.163269524675730e+03,3.361156643462158e+02,4.535837024831122e-04,1.314252541450563e+09,3.588553669442078e+00,2.728605698375414e+14,14
1.739999999995953e-04,1740,3.000000000132861e+02,1.163317718645568e+03,3.361369049838241e+02,4.539413073175005e-04,1.316509455827537e+09,3.590273814415571e+00,1.886857786546743e+14,15
1.740999999995941e-04,1741,3.000000000136695e+02,1.163339797193644e+03,3.361570309699142e+02,4.542843700428138e-04,1.314875105205167e+09,3.591808274842710e+00,2.714258914074865e+14,14
1.741999999995930e-04,1742,3.000000000140610e+02,1.163389536474992e+03,3.361774555099580e+02,4.546389191050918e-04,1.320994895050946e+09,3.593563940707187e+00,2.301343885260165e+14,15
1.742999999995919e-04,1743,3.000000000144614e+02,1.163417908090632e+03,3.361979368776678e+02,4.549465843579570e-04,1.318870180532358e+09,3.595165880104811e+00,2.522738079149008e+14,15
1.743999999995907e-04,1744,3.000000000148701e+02,1.163468700627306e+03,3.362182578420073e+02,4.553035619736455e-04,1.324740239592067e+09,3.596943050450907e+00,2.075341151352463e+14,15
1.744999999995896e-04,1745,3.000000000152878e+02,1.163498064369317e+03,3.362392078558448e+02,4.556278553811716e-04,1.323607198803536e+09,3.598556034037439e+00,2.166844007061122e+14,15
1.745999999995885e-04,1746,3.000000000157144e+02,1.163560927232727e+03,3.362594063039506e+02,4.560257402779964e-04,1.329905597803185e+09,3.600321173843404e+00,2.076653645690152e+14,15
1.746999999995873e-04,1747,3.000000000161496e+02,1.163657263079516e+03,3.362823454455941e+02,4.563974652355512e-04,1.328893226254583e+09,3.602233336236000e+00,1.674954106666788e+14,15
1.747999999995862e-04,1748,3.000000000165945e+02,1.163769793840484e+03,3.363046662077691e+02,4.568016218497163e-04,1.333919433951769e+09,3.604114028163163e+00,2.300072817745928e+14,14
1.748999999995850e-04,1749,3.000000000170480e+02,1.163910856798379e+03,3.363299111077371e+02,4.571910714683643e-04,1.332886410916849e+09,3.606102001259246e+00,1.595490715333828e+14,15
1.749999999995839e-04,1750,3.000000000175112e+02,1.164074027074143e+03,3.363529585945813e+02,4.576228150040420e-04,1.329431540308152e+09,3.608095863696016e+00,2.409967744276869e+14,14
1.750999999995828e-04,1751,3.000000000179840e+02,1.164252840555919e+03,3.363777594101216e+02,4.580504750886152e-04,1.330864611966366e+09,3.610201344754521e+00,1.631187340020827e+14,14
1.751999999995816e-04,1752,3.000000000184659e+02,1.164407286472946e+03,3.364001565763160e+02,4.584473319556356e-04,1.325097064387936e+09,3.612001099523125e+00,2.453936201452948e+14,14
1.752999999995805e-04,1753,3.000000000189578e+02,1.164607297217254e+03,3.364244546419635e+02,4.588450464369048e-04,1.326679621747659e+09,3.614053065133800e+00,1.647536765039092e+14,14
1.753999999995794e-04,1754,3.000000000194597e+02,1.164802306722839e+03,3.364474660450244e+02,4.592260858368629e-04,1.323392089277905e+09,3.615988331295891e+00,2.522359907172159e+14,14
1.754999999995782e-04,1755,3.000000000199713e+02,1.165033199760134e+03,3.364718987306896e+02,4.596365836253200e-04,1.336797134640076e+09,3.618148906983548e+00,1.584018021452750e+14,15
1.755999999995771e-04,1756,3.000000000204928e+02,1.165238321800221e+03,3.364958214942939e+02,4.600150924363295e-04,1.332119205695208e+09,3.620047090149085e+00,2.366634682920733e+14,14
1.756999999995760e-04,1757,3.000000000210244e+02,1.165491713455707e+03,3.365201078238396e+02,4.604066831892695e-04,1.335288946611223e+09,3.622239124487599e+00,1.697005280831086e+14,15
1.757999999995748e-04,1758,3.000000000215668e+02,1.165731886587649e+03,3.365447880107313e+02,4.607698290027064e-04,1.321221071773699e+09,3.624140695833063e+00,2.080456868040531e+14,15
1.758999999995737e-04,1759,3.000000000221194e+02,1.165992030832364e+03,3.365670929617376e+02,4.611800946321968e-04,1.333363802482435e+09,3.626281419650974e+00,2.304930683765657e+14,15
1.759999999995725e-04,1760,3.000000000226825e+02,1.166263256879732e+03,3.365910788498979e+02,4.615392638338880e-04,1.321374954620475e+09,3.628435043461222e+00,2.396145226828853e+14,15
1.760999999995714e-04,1761,3.000000000232562e+02,1.166508121778220e+03,3.366126279902820e+02,4.619009330530190e-04,1.321980431444463e+09,3.630414183632516e+00,2.712290011159181e+14,14
1.761999999995703e-04,1762,3.000000000238407e+02,1.166747262079597e+03,3.366357339001074e+02,4.622409755358558e-04,1.325971678770030e+09,3.632404117202145e+00,1.827898068779767e+14,15
1.762999999995691e-04,1763,3.000000000244361e+02,1.166977486149141e+03,3.366567130956091e+02,4.625903516065945e-04,1.320706454397831e+09,3.634274625867429e+00,2.754155906240708e+14,14
1.763999999995680e-04,1764,3.000000000250424e+02,1.167238166861437e+03,3.366796210610793e+02,4.629470419933205e-04,1.337737133444198e+09,3.636324822681318e+00,1.542386216158028e+14,15
1.764999999995669e-04,1765,3.000000000256600e+02,1.167520642996358e+03,3.367009693768516e+02,4.632946461155958e-04,1.339751174635124e+09,3.638360263608581e+00,2.519611305110945e+14,15
1.765999999995657e-04,1766,3.000000000262888e+02,1.167778871332842e+03,3.367251349791949e+02,4.636567386621442e-04,1.333845608208277e+09,3.640383387385966e+00,1.593094905827892e+14,16
1.766999999995646e-04,1767,3.000000000269291e+02,1.168060221202137e+03,3.367484079122838e+02,4.640120318838883e-04,1.339879920258639e+09,3.642323047328367e+00,2.132515607792019e+14,14
1.767999999995635e-04,1768,3.000000000275809e+02,1.168402299415445e+03,3.367721800543311e+02,4.644486787976933e-04,1.339050848479548e+09,3.644781545733057e+00,1.595457864385069e+14,14
1.768999999995623e-04,1769,3.000000000282445e+02,1.168750636936575e+03,3.367949874804791e+02,4.648178789992206e-04,1.335825715585389e+09,3.647001458224600e+00,1.837884401006869e+14,13
1.769999999995612e-04,1770,3.000000000289197e+02,1.169026150518366e+03,3.368172778567838e+02,4.652051735923888e-04,1.341207745207961e+09,3.649102068358074e+00,1.538929982774509e+14,16
1.770999999995601e-04,1771,3.000000000296068e+02,1.169210559852816e+03,3.368392888757677e+02,4.655347522254052e-04,1.333843150109952e+09,3.650887692889484e+00,1.547481407594694e+14,17
1.771999999995589e-04,1772,3.000000000303060e+02,1.169383385453164e+03,3.368608704695324e+02,4.658955311468898e-04,1.348494694017933e+09,3.652685472362520e+00,2.059946898309705e+14,16
1.772999999995578e-04,1773,3.000000000310172e+02,1.169627705403996e+03,3.368834230402525e+02,4.662281816297281e-04,1.336544092571596e+09,3.654505912990019e+00,1.510927011864201e+14,17
1.773999999995566e-04,1774,3.000000000317406e+02,1.169867362042535e+03,3.369049570711114e+02,4.666080729427717e-04,1.336905264075858e+09,3.656443227291886e+00,2.580734531945617e+14,16
1.774999999995555e-04,1775,3.000000000324765e+02,1.170094990651194e+03,3.369272390726214e+02,4.669533205575355e-04,1.345266867863693e+09,3.658286794607589e+00,1.463301556370090e+14,16
1.775999999995544e-04,1776,3.000000000332252e+02,1.170297187346098e+03,3.369477466693965e+02,4.673088813350226e-04,1.335000625161948e+09,3.660056517917975e+00,2.950112860622826e+14,15
1.776999999995532e-04,1777,3.000000000339865e+02,1.170541981853002e+03,3.369696869474255e+02,4.676255239659185e-04,1.328058617003788e+09,3.662016962035548e+00,1.728687308068385e+14,15
1.777999999995521e-04,1778,3.000000000347603e+02,1.170720169935296e+03,3.369904431123017e+02,4.679287782434789e-04,1.329316792295790e+09,3.663591426944708e+00,3.010564210053434e+14,14
1.778999999995510e-04,1779,3.000000000355470e+02,1.170891322058409e+03,3.370109931641528e+02,4.682331926491106e-04,1.322966494605818e+09,3.665196220239086e+00,1.656497627396908e+14,16
1.779999999995498e-04,1780,3.000000000363471e+02,1.171038527982296e+03,3.370310279565913e+02,4.685415945818289e-04,1.335602895007630e+09,3.666622977810166e+00,2.620713748221734e+14,16
1.780999999995487e-04,1781,3.000000000371601e+02,1.171205586358060e+03,3.370512743755240e+02,4.688560719832765e-04,1.321386210562166e+09,3.668212870745676e+00,1.795990562923636e+14,16
1.781999999995476e-04,1782,3.000000000379862e+02,1.171375356368871e+03,3.370717224096809e+02,4.691534278005707e-04,1.343654814322478e+09,3.669674618801018e+00,1.983919417658875e+14,17
1.782999999995464e-04,1783,3.000000000388263e+02,1.171534323457468e+03,3.370918375486435e+02,4.694497383896680e-04,1.319057133598712e+09,3.671168600146917e+00,1.963810607985146e+14,16
1.783999999995453e-04,1784,3.000000000396795e+02,1.171688120709395e+03,3.371121149727050e+02,4.697534611843149e-04,1.338168065951632e+09,3.672583260415055e+00,1.535867648055437e+14,16
1.784999999995441e-04,1785,3.000000000405466e+02,1.171843548191073e+03,3.371317475107162e+02,4.700542602766420e-04,1.316636031960870e+09,3.674084390719493e+00,2.147344112195723e+14,16
1.785999999995430e-04,1786,3.000000000414275e+02,1.172030247121550e+03,3.371530268949627e+02,4.703750924565275e-04,1.350613165827090e+09,3.675506267748105e+00,1.629112816440570e+14,16
1.786999999995419e-04,1787,3.000000000423222e+02,1.172212058055307e+03,3.371737582279013e+02,4.706936078128615e-04,1.313077000481308e+09,3.676966851471168e+00,2.188303313804332e+14,15
1.787999999995407e-04,1788,3.000000000432311e+02,1.172437663526385e+03,3.371954105867709e+02,4.710504562517100e-04,1.327534758850370e+09,3.678554752663013e+00,1.628196746514074e+14,16
1.788999999995396e-04,1789,3.000000000441541e+02,1.172630433194786e+03,3.372169486676792e+02,4.713686732516361e-04,1.314757611132398e+09,3.680092159449198e+00,2.098478998367247e+14,16
1.789999999995385e-04,1790,3.000000000450916e+02,1.172862183543969e+03,3.372391795067205e+02,4.717251820427267e-04,1.335209553941453e+09,3.681669694136509e+00,1.549771728042263e+14,17
1.790999999995373e-04,1791,3.000000000460435e+02,1.173074389712946e+03,3.372613856959420e+02,4.720450969317736e-04,1.319600313935245e+09,3.683172989399558e+00,1.970667561754033e+14,17
1.791999999995362e-04,1792,3.000000000470099e+02,1.173304486455698e+03,3.372839996772326e+02,4.724142113099089e-04,1.338741772256063e+09,3.684711640409692e+00,2.052712556387819e+14,16
1.792999999995351e-04,1793,3.000000000479913e+02,1.173511973422681e+03,3.373064010348982e+02,4.727359806675053e-04,1.320298319207599e+09,3.686173056328851e+00,1.841228355107958e+14,16
1.793999999995339e-04,1794,3.000000000489871e+02,1.173742545987807e+03,3.373288265851850e+02,4.731110665213740e-04,1.325068152844958e+09,3.687664046787479e+00,2.690873611941991e+14,16
1.794999999995328e-04,1795,3.000000000499984e+02,1.173967165499445e+03,3.373533690440908e+02,4.734248087211108e-04,1.320816317961761e+09,3.689033857196189e+00,1.741818760842255e+14,16
1.795999999995317e-04,1796,3.000000000510246e+02,1.174186810927769e+03,3.373766614601867e+02,4.737936370957393e-04,1.335079443905138e+09,3.690422251707295e+00,2.985112681327691e+14,16
1.796999999995305e-04,1797,3.000000000520659e+02,1.174393348810554e+03,3.374040451176953e+02,4.741322520148894e-04,1.320845438087929e+09,3.691682313329053e+00,1.639776798095756e+14,16
1.797999999995294e-04,1798,3.000000000531228e+02,1.174607167017350e+03,3.374277023880502e+02,4.745179325982119e-04,1.322654021967970e+09,3.693031532719651e+00,2.548749189289200e+14,16
1.798999999995282e-04,1799,3.000000000541951e+02,1.174832591555762e+03,3.374507453137713e+02,4.748878444352843e-04,1.317082474379143e+09,3.694391481219580e+00,1.596603650150290e+14,15
1.799999999995271e-04,1800,3.000000000552831e+02,1.175060386649989e+03,3.374729792046882e+02,4.752780501904611e-04,1.313167133911085e+09,3.695929593893148e+00,2.338719608089963e+14,15
1.800999999995260e-04,1801,3.000000000563867e+02,1.175207781624775e+03,3.374945469283778e+02,4.756022544754219e-04,1.325056039352012e+09,3.697122431731404e+00,1.651797895511614e+14,16
1.801999999995248e-04,1802,3.000000000575064e+02,1.175377454224436e+03,3.375161568605742e+02,4.759227275357408e-04,1.316504184373722e+09,3.698419287137563e+00,2.133309679734720e+14,15
1.802999999995237e-04,1803,3.000000000586423e+02,1.175480200474092e+03,3.375375399421476e+02,4.762487439311599e-04,1.331122256885861e+09,3.699624961862827e+00,1.750659207562876e+14,15
1.803999999995226e-04,1804,3.000000000597942e+02,1.175634367909420e+03,3.375595624411441e+02,4.765778846022293e-04,1.309824481796206e+09,3.700819272285646e+00,1.969708453985228e+14,16
1.804999999995214e-04,1805,3.000000000609625e+02,1.175757130384329e+03,3.375811002928726e+02,4.769579197741930e-04,1.339097098438763e+09,3.701956024048666e+00,1.769085268263365e+14,16
1.805999999995203e-04,1806,3.000000000621472e+02,1.175920894556865e+03,3.376043888658348e+02,4.773140443455790e-04,1.307317295036173e+09,3.703155078299486e+00,1.913622143545944e+14,16
1.806999999995192e-04,1807,3.000000000633484e+02,1.175993534471099e+03,3.376255770471768e+02,4.776980412086085e-04,1.316995361264229e+09,3.704178298718287e+00,1.682519428559312e+14,17
1.807999999995180e-04,1808,3.000000000645664e+02,1.176107744038639e+03,3.376483263401221e+02,4.780459766862370e-04,1.307277097666269e+09,3.705352371494415e+00,1.990150120026035e+14,16
1.808999999995169e-04,1809,3.000000000658013e+02,1.176172299172276e+03,3.376701899027389e+02,4.783833499361585e-04,1.320472247914613e+09,3.706235753593273e+00,1.624037216148603e+14,17
1.809999999995157e-04,1810,3.000000000670532e+02,1.176234691972362e+03,3.376927151138152e+02,4.786946083152333e-04,1.309185737246208e+09,3.707191194781724e+00,2.122841048361630e+14,16
1.810999999995146e-04,1811,3.000000000683222e+02,1.176268650924203e+03,3.377138171777898e+02,4.790507821305488e-04,1.312501296480823e+09,3.708074261110084e+00,1.788545422955269e+14,16
1.811999999995135e-04,1812,3.000000000696085e+02,1.176313590573761e+03,3.377362043987328e+02,4.794045934329425e-04,1.311183691506367e+09,3.709017475192613e+00,2.174292752777974e+14,16
1.812999999995123e-04,1813,3.000000000709121e+02,1.176349454582294e+03,3.377577595642267e+02,4.797600508560219e-04,1.310896046826959e+09,3.709826218075347e+00,1.896041967585469e+14,16
1.813999999995112e-04,1814,3.000000000722334e+02,1.176383582138296e+03,3.377800005652005e+02,4.801004810362293e-04,1.314718605134742e+09,3.710847140496854e+00,2.205861665143675e+14,16
1.814999999995101e-04,1815,3.000000000735722e+02,1.176383639020404e+03,3.378022577301492e+02,4.804341711195588e-04,1.311071844189496e+09,3.711629782638402e+00,1.923293766756980e+14,16
1.815999999995089e-04,1816,3.000000000749289e+02,1.176404263018835e+03,3.378236932439019e+02,4.807606794432719e-04,1.314329926241448e+09,3.712635734155966e+00,2.152175501813920e+14,16
1.816999999995078e-04,1817,3.000000000763035e+02,1.176400408793378e+03,3.378454762667484e+02,4.810944980779703e-04,1.313114756359139e+09,3.713429146790136e+00,1.880884281579981e+14,15
1.817999999995067e-04,1818,3.000000000776964e+02,1.176404396105238e+03,3.378665652593823e+02,4.814075512857685e-04,1.311413488535090e+09,3.714344453226691e+00,1.941971662923906e+14,15
1.818999999995055e-04,1819,3.000000000791075e+02,1.176391749173373e+03,3.378877757876731e+02,4.817554086569952e-04,1.311837063444310e+09,3.715184161378475e+00,1.742539769878500e+14,15
1.819999999995044e-04,1820,3.000000000805369e+02,1.176438651190749e+03,3.379097748240761e+02,4.820889487766958e-04,1.313640070282961e+09,3.716450617664632e+00,1.760320634560841e+14,17
1.820999999995033e-04,1821,3.000000000819846e+02,1.176425402071051e+03,3.379318156611113e+02,4.824535132963337e-04,1.310660854250105e+09,3.717363381580537e+00,1.774015422487267e+14,15
1.821999999995021e-04,1822,3.000000000834511e+02,1.176429916405116e+03,3.379535119276131e+02,4.827913995271790e-04,1.311519703613570e+09,3.718448338670088e+00,1.749807591766434e+14,16
1.822999999995010e-04,1823,3.000000000849366e+02,1.176434923938696e+03,3.379750724079061e+02,4.831422108371545e-04,1.311152895656590e+09,3.719565008503017e+00,1.793973610004497e+14,17
1.823999999994998e-04,1824,3.000000000864407e+02,1.176438071890519e+03,3.379962751106243e+02,4.834609230942493e-04,1.311694539991275e+09,3.720664878762880e+00,1.744416013663307e+14,17
1.824999999994987e-04,1825,3.000000000879642e+02,1.176401803086600e+03,3.380175486284369e+02,4.838086068249941e-04,1.311425852460610e+09,3.721600692443154e+00,1.737439900410372e+14,17
1.825999999994976e-04,1826,3.000000000895071e+02,1.176391798330004e+03,3.380398706525580e+02,4.841447759804581e-04,1.312487032832326e+09,3.722623641528537e+00,1.683356956901781e+14,18
1.826999999994964e-04,1827,3.000000000910692e+02,1.176344470635860e+03,3.380614218368254e+02,4.845164098770342e-04,1.307949762014123e+09,3.723537714118555e+00,1.895129785792813e+14,17
1.827999999994953e-04,1828,3.000000000926515e+02,1.176309673498236e+03,3.380839404087458e+02,4.848712241375478e-04,1.310018611764757e+09,3.724515173954055e+00,1.625348816997526e+14,18
1.828999999994942e-04,1829,3.000000000942532e+02,1.176249565811651e+03,3.381060064707816e+02,4.852279717220060e-04,1.307999280662069e+09,3.725358785883282e+00,2.109073905784428e+14,18
1.829999999994930e-04,1830,3.000000000958751e+02,1.176203404415752e+03,3.381280795624200e+02,4.855549731605276e-04,1.315408917219780e+09,3.726263444855541e+00,1.692811075125324e+14,18
1.830999999994919e-04,1831,3.000000000975169e+02,1.176134616709500e+03,3.381500895116956e+02,4.859038148950665e-04,1.313642304340382e+09,3.727034836544310e+00,2.188315716656374e+14,18
1.831999999994908e-04,1832,3.000000000991791e+02,1.176062408636013e+03,3.381722462277987e+02,4.862410542366027e-04,1.313473727516187e+09,3.727833011767234e+00,1.817606229664671e+14,17
1.832999999994896e-04,1833,3.000000001008617e+02,1.176000101641501e+03,3.381941036548100e+02,4.865889373854475e-04,1.311262721308129e+09,3.728614916975091e+00,2.138367385450451e+14,17
1.833999999994885e-04,1834,3.000000001025646e+02,1.175948013148283e+03,3.382161195511762e+02,4.869353797488844e-04,1.312087136830379e+09,3.729487736652690e+00,1.651554375172349e+14,16
1.834999999994874e-04,1835,3.000000001042885e+02,1.175888512431891e+03,3.382385499130531e+02,4.872670632067818e-04,1.308845777769838e+09,3.730261557998009e+00,2.063144815300925e+14,16
1.835999999994862e-04,1836,3.000000001060330e+02,1.175802082980945e+03,3.382601360308167e+02,4.875939212951957e-04,1.310132003596838e+09,3.730893936544343e+00,1.767462940203312e+14,15
1.836999999994851e-04,1837,3.000000001077984e+02,1.175741253019277e+03,3.382824630455078e+02,4.879133036779386e-04,1.309593454728532e+09,3.731626382568644e+00,1.942160672868662e+14,16
1.837999999994839e-04,1838,3.000000001095851e+02,1.175685804965948e+03,3.383037712464479e+02,4.882436056910366e-04,1.307642164637646e+09,3.732369917420487e+00,1.848661552438600e+14,16
1.838999999994828e-04,1839,3.000000001113929e+02,1.175628590191063e+03,3.383258476082540e+02,4.885730627293893e-04,1.309618996419487e+09,3.733190881547084e+00,1.898431699971266e+14,16
1.839999999994817e-04,1840,3.000000001132220e+02,1.175577039973393e+03,3.383477369638266e+02,4.889076815484879e-04,1.310898890369466e+09,3.733962838777921e+00,1.830732424981573e+14,17
1.840999999994805e-04,1841,3.000000001150726e+02,1.175528266124438e+03,3.383699690103196e+02,4.892167559309979e-04,1.310786326575351e+09,3.734808848495761e+00,1.883647940408505e+14,18
1.841999999994794e-04,1842,3.000000001169450e+02,1.175473437245791e+03,3.383913481318221e+02,4.895283736679206e-04,1.312357538608680e+09,3.735573568955152e+00,1.730271070175414e+14,18
1.842999999994783e-04,1843,3.000000001188393e+02,1.175417139943429e+03,3.384132613796223e+02,4.898281702431334e-04,1.311271016723644e+09,3.736421287620420e+00,1.964202070761712e+14,18
1.843999999994771e-04,1844,3.000000001207553e+02,1.175348853286714e+03,3.384341741326347e+02,4.901349514914356e-04,1.313300796107210e+09,3.737118161918460e+00,1.608733063150250e+14,18
1.844999999994760e-04,1845,3.000000001226935e+02,1.175291596845497e+03,3.384577280268738e+02,4.904391056586701e-04,1.323925663690145e+09,3.737955721787635e+00,2.124419727747409e+14,18
1.845999999994749e-04,1846,3.000000001246538e+02,1.175228149476351e+03,3.384814633618204e+02,4.907683630316614e-04,1.325010701277442e+09,3.738629668964708e+00,1.592662570107290e+14,18
1.846999999994737e-04,1847,3.000000001266365e+02,1.175199344158616e+03,3.385049496398872e+02,4.911161531222349e-04,1.319362129322222e+09,3.739588132411379e+00,2.096099001351604e+14,18
1.847999999994726e-04,1848,3.000000001286415e+02,1.175161884046365e+03,3.385278720800454e+02,4.914635405650526e-04,1.317936347838524e+09,3.740472027440271e+00,1.569686453219658e+14,17
1.848999999994714e-04,1849,3.000000001306692e+02,1.175114381619949e+03,3.385504152139468e+02,4.917806299767354e-04,1.323350840522482e+09,3.741355234943490e+00,2.045066736354285e+14,16
1.849999999994703e-04,1850,3.000000001327195e+02,1.175055544846455e+03,3.385728110181983e+02,4.920877527897603e-04,1.313883887338497e+09,3.742165759867634e+00,1.646776641907221e+14,16
1.850999999994692e-04,1851,3.000000001347928e+02,1.175008482367499e+03,3.385955596193172e+02,4.924068048086086e-04,1.323557324386654e+09,3.743040793021526e+00,1.910086700632471e+14,16
1.851999999994680e-04,1852,3.000000001368890e+02,1.174955858774154e+03,3.386191205513015e+02,4.927501887619317e-04,1.319264777632148e+09,3.743867941602854e+00,1.765051580315467e+14,16
1.852999999994669e-04,1853,3.000000001390084e+02,1.174932333705562e+03,3.386426428532779e+02,4.931064112389785e-04,1.320689661248551e+09,3.744875925106860e+00,1.770276791199476e+14,18
1.853999999994658e-04,1854,3.000000001411511e+02,1.174915232539167e+03,3.386668951953403e+02,4.934541852958811e-04,1.322156135667926e+09,3.745929744523041e+00,1.738587737931115e+14,19
1.854999999994646e-04,1855,3.000000001433171e+02,1.174875204831835e+03,3.386899458406791e+02,4.937988178717078e-04,1.321789237113971e+09,3.746839971601435e+00,1.704968053428459e+14,20
1.855999999994635e-04,1856,3.000000001455066e+02,1.174875475889372e+03,3.387134204077132e+02,4.941463597851962e-04,1.324289163069998e+09,3.748051545450505e+00,1.758901722535154e+14,19
1.856999999994624e-04,1857,3.000000001477197e+02,1.174841303093484e+03,3.387364954836237e+02,4.944667472113503e-04,1.322307272151991e+09,3.748997732241170e+00,1.647048198152548e+14,20
1.857999999994612e-04,1858,3.000000001499566e+02,1.174825731545091e+03,3.387593563713384e+02,4.947892917262981e-04,1.323437590558524e+09,3.750063401017788e+00,1.699560096610048e+14,20
1.858999999994601e-04,1859,3.000000001522176e+02,1.174791369537763e+03,3.387817254923805e+02,4.951289330876448e-04,1.321270368265781e+09,3.751062277931456e+00,1.664906168076310e+14,20
1.859999999994590e-04,1860,3.000000001545026e+02,1.174779078713525e+03,3.388046125868230e+02,4.954654081814675e-04,1.322534003128147e+09,3.752177451562497e+00,1.593715528609278e+14,20
1.860999999994578e-04,1861,3.000000001568115e+02,1.174755386270928e+03,3.388269334386580e+02,4.957965626749851e-04,1.322732832519890e+09,3.753227693587714e+00,1.684691244672450e+14,20
1.861999999994567e-04,1862,3.000000001591448e+02,1.174741515173988e+03,3.388494924404816e+02,4.961206236479584e-04,1.322155372254062e+09,3.754384295110407e+00,1.568285663674801e+14,19
1.862999999994555e-04,1863,3.000000001615027e+02,1.174718545319701e+03,3.388715701376308e+02,4.964400168602813e-04,1.322811172737711e+09,3.755476290225951e+00,1.735405608456692e+14,18
1.863999999994544e-04,1864,3.000000001638849e+02,1.174689463575967e+03,3.388931084651857e+02,4.967548411499391e-04,1.321558365967028e+09,3.756532666802932e+00,1.531234754371210e+14,15
1.864999999994533e-04,1865,3.000000001662919e+02,1.174691722639062e+03,3.389151125299774e+02,4.970904475938396e-04,1.326900190848442e+09,3.757778264254130e+00,1.744004620780190e+14,14
1.865999999994521e-04,1866,3.000000001687240e+02,1.174681618462147e+03,3.389376471488291e+02,4.974187230235874e-04,1.324005885417044e+09,3.758877735267288e+00,1.563538964955215e+14,15
1.866999999994510e-04,1867,3.000000001711808e+02,1.174689156684471e+03,3.389595696470759e+02,4.977679846705441e-04,1.325058248567867e+09,3.760123842109818e+00,1.645388176812904e+14,18
1.867999999994499e-04,1868,3.000000001736630e+02,1.174690986748760e+03,3.389822430521996e+02,4.981074126201151e-04,1.325968299207402e+09,3.761312408876349e+00,1.571162529424095e+14,18
1.868999999994487e-04,1869,3.000000001761703e+02,1.174708777633950e+03,3.390052622995428e+02,4.984567225220490e-04,1.322581303304237e+09,3.762579957364701e+00,1.550901438526536e+14,19
1.869999999994476e-04,1870,3.000000001787033e+02,1.174733717952953e+03,3.390279262066649e+02,4.987986784328834e-04,1.323077174874799e+09,3.763764616327861e+00,1.552980203158949e+14,20
1.870999999994465e-04,1871,3.000000001812616e+02,1.174755075952787e+03,3.390510969385614e+02,4.991591086028893e-04,1.321609961233752e+09,3.765052792223734e+00,1.518336095547649e+14,20
1.871999999994453e-04,1872,3.000000001838459e+02,1.174759522734222e+03,3.390740592443819e+02,4.995090303052490e-04,1.322740976896207e+09,3.766138939795471e+00,1.621652802095341e+14,20
1.872999999994442e-04,1873,3.000000001864558e+02,1.174772419642808e+03,3.390973239002990e+02,4.998649707088016e-04,1.325119951489917e+09,3.767354427470089e+00,1.569616129376231e+14,20
1.873999999994430e-04,1874,3.000000001890921e+02,1.174784214558426e+03,3.391210443545525e+02,5.002218843180541e-04,1.327561635255834e+09,3.768466080954760e+00,1.670872846778527e+14,20
1.874999999994419e-04,1875,3.000000001917543e+02,1.174793407584014e+03,3.391446426387583e+02,5.005828973910099e-04,1.326939872048708e+09,3.769696230645243e+00,1.629031069858083e+14,19
1.875999999994408e-04,1876,3.000000001944430e+02,1.174787380959539e+03,3.391682190022028e+02,5.009367904592351e-04,1.331383911213001e+09,3.770765632074585e+00,1.675074521901957e+14,19
1.876999999994396e-04,1877,3.000000001971581e+02,1.174769926430359e+03,3.391917323006186e+02,5.012791189236089e-04,1.330054205773632e+09,3.771844695216337e+00,1.604994318484643e+14,20
1.877999999994385e-04,1878,3.000000001998997e+02,1.174732009374663e+03,3.392148959680667e+02,5.016121868911717e-04,1.329700018723565e+09,3.772781269379070e+00,1.616145760869472e+14,19
1.878999999994374e-04,1879,3.000000002026682e+02,1.174714135472666e+03,3.392381814881377e+02,5.019495541886655e-04,1.331356166876271e+09,3.773827207388189e+00,1.536089962570490e+14,19
1.879999999994362e-04,1880,3.000000002054636e+02,1.174664037749708e+03,3.392615528126563e+02,5.022757209566820e-04,1.330310601959746e+09,3.774673015207274e+00,1.531867519309334e+14,18
1.880999999994351e-04,1881,3.000000002082862e+02,1.174636308255268e+03,3.392842258567186e+02,5.026020191530665e-04,1.331058177877584e+09,3.775566054782991e+00,1.447118506343822e+14,18
1.881999999994340e-04,1882,3.000000002111358e+02,1.174601191093485e+03,3.393069368836526e+02,5.029233596112798e-04,1.329591403393671e+09,3.776387927223017e+00,1.513224491536827e+14,19
1.882999999994328e-04,1883,3.000000002140127e+02,1.174571811615341e+03,3.393293704171354e+02,5.032256313293038e-04,1.326799268629271e+09,3.777226894521442e+00,1.449482140959629e+14,18
1.883999999994317e-04,1884,3.000000002169172e+02,1.174529082962000e+03,3.393511317711228e+02,5.035366038742096e-04,1.326892093349197e+09,3.778063601041976e+00,1.499014611269453e+14,18
1.884999999994306e-04,1885,3.000000002198494e+02,1.174481356556873e+03,3.393734283068049e+02,5.038461693058288e-04,1.325253069059795e+09,3.778773603170441e+00,1.478693687788666e+14,18
1.885999999994294e-04,1886,3.000000002228094e+02,1.174436500327240e+03,3.393950927380159e+02,5.041723207270154e-04,1.324020055469915e+09,3.779594248359523e+00,1.507354474739995e+14,19
1.886999999994283e-04,1887,3.000000002257973e+02,1.174381635311753e+03,3.394168638688497e+02,5.044935044813193e-04,1.319278047537213e+09,3.780289736162182e+00,1.485247650167328e+14,19
1.887999999994271e-04,1888,3.000000002288133e+02,1.174338785543604e+03,3.394388433433086e+02,5.048298271400372e-04,1.320379957498725e+09,3.781131321294140e+00,1.528735220630412e+14,19
1.888999999994260e-04,1889,3.000000002318576e+02,1.174262666746885e+03,3.394609465629356e+02,5.051407838627633e-04,1.319978194900795e+09,3.781683018692075e+00,1.518510909755648e+14,19
1.889999999994249e-04,1890,3.000000002349302e+02,1.174172288204578e+03,3.394822204315249e+02,5.054719106647533e-04,1.320763282822334e+09,3.782245507588366e+00,1.588231593489676e+14,20
1.890999999994237e-04,1891,3.000000002380312e+02,1.174084909384196e+03,3.395044262837938e+02,5.057970978987877e-04,1.321231265771654e+09,3.782901891130558e+00,1.556358841983637e+14,20
1.891999999994226e-04,1892,3.000000002411609e+02,1.173967759464514e+03,3.395258571434492e+02,5.061259730701944e-04,1.318730594271351e+09,3.783352517918276e+00,1.604040747439336e+14,20
1.892999999994215e-04,1893,3.000000002443196e+02,1.173857210939996e+03,3.395479011882027e+02,5.064679300889241e-04,1.318920829745604e+09,3.783843669895096e+00,1.569641529004098e+14,20
1.893999999994203e-04,1894,3.000000002475069e+02,1.173746502030936e+03,3.395702425792788e+02,5.068074698954772e-04,1.317647449150970e+09,3.784246729117079e+00,1.629013731642140e+14,20
1.894999999994192e-04,1895,3.000000002507235e+02,1.173644689627560e+03,3.395923209453948e+02,5.071441687780030e-04,1.317105874226522e+09,3.784635932087900e+00,1.559063414047862e+14,20
1.895999999994181e-04,1896,3.000000002539692e+02,1.173568234468692e+03,3.396146332611004e+02,5.074783159135580e-04,1.316638859199718e+09,3.785080083531167e+00,1.572367921240587e+14,21
1.896999999994169e-04,1897,3.000000002572444e+02,1.173499587180945e+03,3.396364217380869e+02,5.078115598556893e-04,1.316297263781455e+09,3.785619732824741e+00,1.525057469620180e+14,20
1.897999999994158e-04,1898,3.000000002605491e+02,1.173430463167075e+03,3.396587967365016e+02,5.081365736896023e-04,1.316114181193513e+09,3.786217899604442e+00,1.541078093967104e+14,20
1.898999999994146e-04,1899,3.000000002638832e+02,1.173344970171822e+03,3.396813337163191e+02,5.084765112354945e-04,1.319595263665516e+09,3.786755862917924e+00,1.472430815075525e+14,19
1.899999999994135e-04,1900,3.000000002672472e+02,1.173266404937468e+03,3.397041938743200e+02,5.088096622298578e-04,1.318962482393739e+09,3.787299117117977e+00,1.499467611006431e+14,20
1.900999999994124e-04,1901,3.000000002706412e+02,1.173212062482260e+03,3.397265055413974e+02,5.091588896999727e-04,1.320951756861514e+09,3.788004975056829e+00,1.387731954962292e+14,19
1.901999999994112e-04,1902,3.000000002740653e+02,1.173174706482503e+03,3.397494462112438e+02,5.095017727469710e-04,1.320285774454652e+09,3.788789434909124e+00,1.456989686283945e+14,20
1.902999999994101e-04,1903,3.000000002775195e+02,1.173149280335005e+03,3.397719135359421e+02,5.098442436035735e-04,1.321342721987416e+09,3.789579064818999e+00,1.329021761791667e+14,19
1.903999999994090e-04,1904,3.000000002810041e+02,1.173122052599404e+03,3.397942876166994e+02,5.101857859844870e-04,1.320098663809299e+09,3.790332182361432e+00,1.422723419088301e+14,20
1.904999999994078e-04,1905,3.000000002845193e+02,1.173102784803781e+03,3.398170667535000e+02,5.105447938676332e-04,1.323445723591289e+09,3.791257243265346e+00,1.300881004414184e+14,19
1.905999999994067e-04,1906,3.000000002880651e+02,1.173040915239685e+03,3.398406691025206e+02,5.108938574403209e-04,1.320514133459033e+09,3.791983558513213e+00,1.386561430229466e+14,20
1.906999999994056e-04,1907,3.000000002916419e+02,1.173006337495503e+03,3.398646134097194e+02,5.112645463664343e-04,1.322963130380890e+09,3.792788802198316e+00,1.315359463246372e+14,21
1.907999999994044e-04,1908,3.000000002952497e+02,1.172971729619998e+03,3.398887440733881e+02,5.116426144532840e-04,1.327660531315072e+09,3.793586246094362e+00,1.336513962412216e+14,21
1.908999999994033e-04,1909,3.000000002988888e+02,1.172965726944182e+03,3.399125592979427e+02,5.120399335028859e-04,1.324405067136731e+09,3.794528138487428e+00,1.336944996572683e+14,21
1.909999999994022e-04,1910,3.000000003025592e+02,1.172941414001272e+03,3.399358744193322e+02,5.124022932882835e-04,1.336294245295157e+09,3.795410803679292e+00,1.318590538874676e+14,21
1.910999999994010e-04,1911,3.000000003062615e+02,1.172929992676855e+03,3.399598046006367e+02,5.127557622515379e-04,1.332490894061498e+09,3.796250075326513e+00,1.319338662209032e+14,21
1.911999999993999e-04,1912,3.000000003099956e+02,1.172906941124534e+03,3.399826008025510e+02,5.131051969119883e-04,1.341374855205295e+09,3.797119085085239e+00,1.314387020005451e+14,21
1.912999999993987e-04,1913,3.000000003137615e+02,1.172862246180636e+03,3.400061344880480e+02,5.134726714363629e-04,1.334093734182137e+09,3.797973064044841e+00,1.328974481505817e+14,22
1.913999999993976e-04,1914,3.000000003175596e+02,1.172825411922269e+03,3.400289740447253e+02,5.138337885872092e-04,1.336427940259691e+09,3.798813688187585e+00,1.281844793091759e+14,20
1.914999999993965e-04,1915,3.000000003213900e+02,1.172796058559239e+03,3.400520841635069e+02,5.141936654944013e-04,1.325679888692837e+09,3.799779047861973e+00,1.421053250563295e+14,21
1.915999999993953e-04,1916,3.000000003252530e+02,1.172742518268251e+03,3.400748324148992e+02,5.145526740955864e-04,1.331323994558539e+09,3.800459112132576e+00,1.271824777403653e+14,20
1.916999999993942e-04,1917,3.000000003291487e+02,1.172728829841557e+03,3.400983401374995e+02,5.149047500516465e-04,1.319532963593211e+09,3.801487797334102e+00,1.323338699553684e+14,21
1.917999999993931e-04,1918,3.000000003330773e+02,1.172681848779769e+03,3.401201028200961e+02,5.152631431072625e-04,1.324674768852755e+09,3.802172162109887e+00,1.240824577848931e+14,20
1.918999999993919e-04,1919,3.000000003370387e+02,1.172686064347620e+03,3.401428370171132e+02,5.156148053772184e-04,1.316349661050406e+09,3.803300466356517e+00,1.283176069805009e+14,20
1.919999999993908e-04,1920,3.000000003410335e+02,1.172626177142018e+03,3.401637957535291e+02,5.159554287931953e-04,1.321493852375248e+09,3.804080523376578e+00,1.218514664160979e+14,21
1.920999999993897e-04,1921,3.000000003450614e+02,1.172593572601516e+03,3.401858296434449e+02,5.162975020171428e-04,1.314827668378073e+09,3.805084928724564e+00,1.251269315458455e+14,20
1.921999999993885e-04,1922,3.000000003491230e+02,1.172534222358823e+03,3.402067072173509e+02,5.166479143276745e-04,1.322619400872858e+09,3.805848765184110e+00,1.271564802434566e+14,20
1.922999999993874e-04,1923,3.000000003532182e+02,1.172503918526927e+03,3.402292735409254e+02,5.169941249336721e-04,1.313118091548177e+09,3.806708746436688e+00,1.264161975508827e+14,19
1.923999999993862e-04,1924,3.000000003573473e+02,1.172485471398278e+03,3.402506095312154e+02,5.173479358192955e-04,1.319756393819274e+09,3.807729409840447e+00,1.275583545461289e+14,20
1.924999999993851e-04,1925,3.000000003615105e+02,1.172453346167365e+03,3.402737921876886e+02,5.176930210032397e-04,1.314599814138945e+09,3.808637811005795e+00,1.200602107669862e+14,19
1.925999999993840e-04,1926,3.000000003657076e+02,1.172402083281039e+03,3.403005774673030e+02,5.180612784132539e-04,1.348254311858661e+09,3.809425693035787e+00,1.223897624635329e+14,19
1.926999999993828e-04,1927,3.000000003699393e+02,1.172399175480366e+03,3.403295687142698e+02,5.184990414274774e-04,1.328493145711328e+09,3.810371328855560e+00,1.227885441984415e+14,19
1.927999999993817e-04,1928,3.000000003742052e+02,1.172446338606832e+03,3.403522625822674e+02,5.190960206148343e-04,1.311712799200112e+09,3.811746749509031e+00,1.280040823474606e+14,19
1.928999999993806e-04,1929,3.000000003785059e+02,1.172510624728764e+03,3.403753390878161e+02,5.195669152745170e-04,1.310209767478682e+09,3.812973106010213e+00,1.246289862221328e+14,18
1.929999999993794e-04,1930,3.000000003828414e+02,1.172564819787812e+03,3.403977715020643e+02,5.199656759633576e-04,1.309863738495717e+09,3.814366824231723e+00,1.265675593368375e+14,18
1.930999999993783e-04,1931,3.000000003872123e+02,1.172535742430937e+03,3.404198993461591e+02,5.202133364815589e-04,1.310044560637357e+09,3.815231705187014e+00,1.234801587060965e+14,19
1.931999999993772e-04,1932,3.000000003916178e+02,1.172497762278269e+03,3.404415430126154e+02,5.205046448286802e-04,1.309290688209545e+09,3.816160413434293e+00,1.306907579879796e+14,19
1.932999999993760e-04,1933,3.000000003960590e+02,1.172451119815271e+03,3.404641644400134e+02,5.208150551534548e-04,1.312818749124941e+09,3.816869899949948e+00,1.269766372317905e+14,18
1.933999999993749e-04,1934,3.000000004005353e+02,1.172481508244869e+03,3.404871285923828e+02,5.212169392195566e-04,1.310895848541130e+09,3.818114820759920e+00,1.479731715264729e+14,19
1.934999999993738e-04,1935,3.000000004050475e+02,1.172476052060790e+03,3.405095438185883e+02,5.215675208153045e-04,1.312827743300453e+09,3.819170448653366e+00,1.279279703276014e+14,18
1.935999999993726e-04,1936,3.000000004095951e+02,1.172490109775340e+03,3.405329380927380e+02,5.219283515187744e-04,1.315315565215374e+09,3.820326817797977e+00,1.462418488389256e+14,18
1.936999999993715e-04,1937,3.000000004141788e+02,1.172446946389251e+03,3.405550804739840e+02,5.222231037764822e-04,1.310131913339957e+09,3.821179461257534e+00,1.287501913397482e+14,17
1.937999999993703e-04,1938,3.000000004187983e+02,1.172414513441350e+03,3.405773479574006e+02,5.225428911890538e-04,1.309564227184752e+09,3.822036061562863e+00,1.310365222819720e+14,18
1.938999999993692e-04,1939,3.000000004234542e+02,1.172380531364779e+03,3.405986886811110e+02,5.228225262173844e-04,1.308107364127604e+09,3.822934365870124e+00,1.278880038991977e+14,19
1.939999999993681e-04,1940,3.000000004281462e+02,1.172334389953371e+03,3.406198749315872e+02,5.231251008467834e-04,1.306744200807897e+09,3.823769850275183e+00,1.320105654843626e+14,19
1.940999999993669e-04,1941,3.000000004328750e+02,1.172271950208301e+03,3.406410273149166e+02,5.233925365310262e-04,1.310669331571379e+09,3.824485058192906e+00,1.282381874829530e+14,19
1.941999999993658e-04,1942,3.000000004376402e+02,1.172212526356392e+03,3.406621302951720e+02,5.236954921421601e-04,1.306313754222084e+09,3.825309456156823e+00,1.492566045463459e+14,19
1.942999999993647e-04,1943,3.000000004424424e+02,1.172139668601656e+03,3.406829501768723e+02,5.239858108289380e-04,1.310560420620477e+09,3.825893470662562e+00,1.295822784946799e+14,19
1.943999999993635e-04,1944,3.000000004472815e+02,1.172094664620524e+03,3.407044512812082e+02,5.242985573072606e-04,1.307766096737601e+09,3.826720764208766e+00,1.574424538839991e+14,19
1.944999999993624e-04,1945,3.000000004521578e+02,1.172029970641627e+03,3.407262438256637e+02,5.245949379941119e-04,1.311863130493476e+09,3.827478854498523e+00,1.314299151765343e+14,19
1.945999999993613e-04,1946,3.000000004570716e+02,1.171966540212822e+03,3.407475464263782e+02,5.249067388641022e-04,1.307185221512218e+09,3.828190737377084e+00,1.340471347726137e+14,18
1.946999999993601e-04,1947,3.000000004620227e+02,1.171891916952194e+03,3.407694615577538e+02,5.252128968704259e-04,1.311622030617001e+09,3.828833630043324e+00,1.321813399492988e+14,19
1.947999999993590e-04,1948,3.000000004670119e+02,1.171834656254674e+03,3.407905368247111e+02,5.255160493209812e-04,1.308224039143963e+09,3.829571320163633e+00,1.362528255556050e+14,19
1.948999999993578e-04,1949,3.000000004720385e+02,1.171759414354111e+03,3.408128622849285e+02,5.258267401633613e-04,1.313428216476594e+09,3.830225851329146e+00,1.338682645036152e+14,19
1.949999999993567e-04,1950,3.000000004771034e+02,1.171700588999720e+03,3.408352382590662e+02,5.261488981957120e-04,1.310615554361111e+09,3.830983028077297e+00,1.352590166340263e+14,18
1.950999999993556e-04,1951,3.000000004822062e+02,1.171636922940616e+03,3.408582705328560e+02,5.264898248822599e-04,1.313846760298003e+09,3.831592710280885e+00,1.350298719162867e+14,17
1.951999999993544e-04,1952,3.000000004873476e+02,1.171597175884991e+03,3.408807265038149e+02,5.268335051316084e-04,1.312563064221515e+09,3.832345132821350e+00,1.468619488294719e+14,18
1.952999999993533e-04,1953,3.000000004925274e+02,1.171555015998181e+03,3.409035594153739e+02,5.271723701529697e-04,1.317431253439410e+09,3.833150823771510e+00,1.361394713988805e+14,18
1.953999999993522e-04,1954,3.000000004977459e+02,1.171512876113310e+03,3.409261507831924e+02,5.274831480336349e-04,1.318853077984374e+09,3.833956126257155e+00,1.353011614059392e+14,18
1.954999999993510e-04,1955,3.000000005030032e+02,1.171446935647780e+03,3.409488486542935e+02,5.278005712720933e-04,1.323450647559279e+09,3.834559677010763e+00,1.371539751390125e+14,18
1.955999999993499e-04,1956,3.000000005082994e+02,1.171412797067136e+03,3.409720543609236e+02,5.281135734897806e-04,1.326721258685473e+09,3.835360035908800e+00,1.370681345246307e+14,18
1.956999999993488e-04,1957,3.000000005136350e+02,1.171333510782297e+03,3.409945495636310e+02,5.284412770707924e-04,1.330019046881585e+09,3.835963182493185e+00,1.383583022507639e+14,18
1.957999999993476e-04,1958,3.000000005190099e+02,1.171274000126433e+03,3.410176924574066e+02,5.287640908872846e-04,1.334095491144007e+09,3.836643512585660e+00,1.401755401805178e+14,18
1.958999999993465e-04,1959,3.000000005244243e+02,1.171214801840839e+03,3.410405497952836e+02,5.290894799629246e-04,1.337033730068762e+09,3.837259568104795e+00,1.676029448434775e+14,18
1.959999999993454e-04,1960,3.000000005298782e+02,1.171123997470648e+03,3.410642570503500e+02,5.293853680146122e-04,1.339279801695768e+09,3.837854786646500e+00,1.632708430766468e+14,18
1.960999999993442e-04,1961,3.000000005353721e+02,1.171017747643938e+03,3.410869142141810e+02,5.296808342251582e-04,1.338286904532390e+09,3.838281729616061e+00,1.589078273671243e+14,18
1.961999999993431e-04,1962,3.000000005409059e+02,1.170926040923049e+03,3.411101373749520e+02,5.299690242767642e-04,1.339196624385019e+09,3.838746781224432e+00,1.402329633442619e+14,18
1.962999999993419e-04,1963,3.000000005464801e+02,1.170843027566245e+03,3.411328261131149e+02,5.302807631133764e-04,1.337393318971337e+09,3.839216950984932e+00,1.394143773863053e+14,18
1.963999999993408e-04,1964,3.000000005520944e+02,1.170773621143353e+03,3.411567329245594e+02,5.306113301883790e-04,1.337647491280532e+09,3.839788537794792e+00,1.414364817297315e+14,18
1.964999999993397e-04,1965,3.000000005577493e+02,1.170717853976663e+03,3.411807042799007e+02,5.309506921912065e-04,1.335821940068020e+09,3.840384035989977e+00,1.415629149524243e+14,18
1.965999999993385e-04,1966,3.000000005634449e+02,1.170686376747201e+03,3.412048320363404e+02,5.312959647380509e-04,1.334613250208400e+09,3.841176763780991e+00,1.415348111585015e+14,19
1.966999999993374e-04,1967,3.000000005691814e+02,1.170634378391401e+03,3.412304985492185e+02,5.316361712898957e-04,1.331140050386647e+09,3.841946799579552e+00,1.450219975087796e+14,18
1.967999999993363e-04,1968,3.000000005749587e+02,1.170565610490681e+03,3.412569902458964e+02,5.319654772153006e-04,1.331718609227913e+09,3.842544631171353e+00,1.442829535147247e+14,19
1.968999999993351e-04,1969,3.000000005807773e+02,1.170505078530185e+03,3.412820227160742e+02,5.322958537288319e-04,1.328925630535135e+09,3.843135940783104e+00,1.403128553945151e+14,19
1.969999999993340e-04,1970,3.000000005866373e+02,1.170488592285810e+03,3.413061744440354e+02,5.326789441329991e-04,1.326422413892225e+09,3.843957733238382e+00,1.430790101533533e+14,19
1.970999999993329e-04,1971,3.000000005925390e+02,1.170464930809371e+03,3.413296332211459e+02,5.330148542290173e-04,1.322716140439871e+09,3.844783151715645e+00,1.400956175188820e+14,19
1.971999999993317e-04,1972,3.000000005984825e+02,1.170437312403723e+03,3.413521969302587e+02,5.333387600065352e-04,1.320289943672039e+09,3.845565709376649e+00,1.389210514446487e+14,19
1.972999999993306e-04,1973,3.000000006044677e+02,1.170419828580990e+03,3.413751409168497e+02,5.336475098417465e-04,1.324070131235636e+09,3.846601870959553e+00,1.483339439162144e+14,19
1.973999999993294e-04,1974,3.000000006104949e+02,1.170346882262131e+03,3.413973896616110e+02,5.339604667380590e-04,1.324038251076225e+09,3.847221795554768e+00,1.361124210651926e+14,19
1.974999999993283e-04,1975,3.000000006165640e+02,1.170323757309691e+03,3.414205192060893e+02,5.342979666507081e-04,1.327960066052155e+09,3.848066691295926e+00,1.469807943386422e+14,19
1.975999999993272e-04,1976,3.000000006226762e+02,1.170316220006394e+03,3.414432545992518e+02,5.346301845326895e-04,1.323195592961244e+09,3.848852217114301e+00,1.322264470292448e+14,19
1.976999999993260e-04,1977,3.000000006288305e+02,1.170301605312662e+03,3.414653129052203e+02,5.349882550746107e-04,1.321558504952322e+09,3.849738441993461e+00,1.398713617085149e+14,19
1.977999999993249e-04,1978,3.000000006350278e+02,1.170282501864488e+03,3.414868543541842e+02,5.353430017939303e-04,1.320222551895728e+09,3.850612796058261e+00,1.291495031944156e+14,19
1.978999999993238e-04,1979,3.000000006412677e+02,1.170268243517633e+03,3.415085891487766e+02,5.356642348429319e-04,1.321578159531193e+09,3.851543235469226e+00,1.299926317597899e+14,19
1.979999999993226e-04,1980,3.000000006475507e+02,1.170234352177094e+03,3.415293301585548e+02,5.359453765143716e-04,1.318103006146467e+09,3.852382929819845e+00,1.267006401768593e+14,19
1.980999999993215e-04,1981,3.000000006538769e+02,1.170175947717710e+03,3.415499768063418e+02,5.362130815996829e-04,1.319665193504259e+09,3.853166319012628e+00,1.243008995682285e+14,19
1.981999999993204e-04,1982,3.000000006602468e+02,1.170079309762870e+03,3.415706745514787e+02,5.365048773787001e-04,1.317435094826834e+09,3.853657857235904e+00,1.249958101383317e+14,19
1.982999999993192e-04,1983,3.000000006666601e+02,1.170020103963375e+03,3.415911858757443e+02,5.368308339610749e-04,1.316807747151903e+09,3.854337189266162e+00,1.215951205113691e+14,19
1.983999999993181e-04,1984,3.000000006731174e+02,1.169985693541929e+03,3.416128088437590e+02,5.371894307607324e-04,1.320544980469038e+09,3.855051852904115e+00,1.283791284548181e+14,19
1.984999999993170e-04,1985,3.000000006796187e+02,1.169959844188188e+03,3.416346300663704e+02,5.375183978170104e-04,1.318772526926727e+09,3.855850526604417e+00,1.204489382605292e+14,19
1.985999999993158e-04,1986,3.000000006861639e+02,1.169932116587226e+03,3.416559416490254e+02,5.378569920503483e-04,1.318974029955323e+09,3.856741103927701e+00,1.404490874769004e+14,19
1.986999999993147e-04,1987,3.000000006927535e+02,1.169882335868407e+03,3.416777824760368e+02,5.381768834101920e-04,1.319793918481579e+09,3.857496348495244e+00,1.210719006507676e+14,19
1.987999999993135e-04,1988,3.000000006993877e+02,1.169820038614546e+03,3.416998795693807e+02,5.385215573338144e-04,1.321143187548314e+09,3.858068266392139e+00,1.565827842430963e+14,19
1.988999999993124e-04,1989,3.000000007060666e+02,1.169782962387061e+03,3.417218120724715e+02,5.388742159488983e-04,1.321016921981360e+09,3.858750089024082e+00,1.208184552772187e+14,19
1.989999999993113e-04,1990,3.000000007127900e+02,1.169772778031564e+03,3.417445549831244e+02,5.392652903079049e-04,1.323679830355813e+09,3.859633857488403e+00,1.534773374834341e+14,19
1.990999999993101e-04,1991,3.000000007195587e+02,1.169744466336244e+03,3.417676703168220e+02,5.396376654396956e-04,1.322686898631328e+09,3.860494284273192e+00,1.218514779343307e+14,19
1.991999999993090e-04,1992,3.000000007263723e+02,1.169690079475805e+03,3.417905962420597e+02,5.400223551962650e-04,1.324326855886753e+09,3.861103007722989e+00,1.466605169113975e+14,19
1.992999999993079e-04,1993,3.000000007332312e+02,1.169672470368262e+03,3.418131869634742e+02,5.403780041829015e-04,1.323288927573269e+09,3.861888326657257e+00,1.239032270197145e+14,19
1.993999999993067e-04,1994,3.000000007401355e+02,1.169645807937937e+03,3.418349978375698e+02,5.407245311283258e-04,1.323689584429365e+09,3.862583625561324e+00,1.287349549010153e+14,19
1.994999999993056e-04,1995,3.000000007470857e+02,1.169609294048003e+03,3.418572481376373e+02,5.410631326676234e-04,1.325963693507497e+09,3.863376811023182e+00,1.356412001476914e+14,19
1.995999999993045e-04,1996,3.000000007540815e+02,1.169555619621146e+03,3.418792821749295e+02,5.414134204267678e-04,1.324836587880100e+09,3.864060726420764e+00,1.278106876797222e+14,19
1.996999999993033e-04,1997,3.000000007611233e+02,1.169505900676695e+03,3.419011254492290e+02,5.417806782859722e-04,1.325357960268184e+09,3.864756980915440e+00,1.680313451178234e+14,19
1.997999999993022e-04,1998,3.000000007682112e+02,1.169452157164240e+03,3.419228452090052e+02,5.421312148123877e-04,1.325300959715579e+09,3.865382541476058e+00,1.269565949492166e+14,19
1.998999999993010e-04,1999,3.000000007753453e+02,1.169400001281760e+03,3.419438882345677e+02,5.424717544372337e-04,1.323588219922187e+09,3.866063662001363e+00,1.703912285888812e+14,19
