time,step,P_cond_W,P_fric_W,scale,frac_wp,frac_tool,tool_pos_x,tool_pos_y,tool_vel_x,tool_vel_y,tool_Tmin,tool_Tmax,wp_Tmin,wp_Tmax,wp_Tavg,contact_iters,rel_force,rel_power
0.000000000000000e+00,0,0.000000000000000e+00,0.000000000000000e+00,1.000000000000000e+00,0.000000000000000e+00,0.000000000000000e+00,-1.958777350403768e-06,-7.512982179781362e-05,1.666666666666667e+00,0.000000000000000e+00,3.000000000000000e+02,3.000000000000000e+02,3.000000000000000e+02,3.000000000000000e+02,3.000000000000000e+02,0,0.000000000000000e+00,0.000000000000000e+00
4.999999999999994e-08,1,4.734011768709476e-08,4.276596011022863e+01,1.000000000000000e+00,8.000000000000000e-01,2.000000000000000e-01,-1.875444017070429e-06,-7.512982179781362e-05,1.666666666666667e+00,0.000000000000000e+00,2.981500000000000e+02,3.000019351313649e+02,3.000000000000000e+02,3.000083221974446e+02,3.000000008739892e+02,1,0.000000000000000e+00,0.000000000000000e+00
9.999999999999973e-08,2,1.039024472066498e-07,4.499893570481322e+01,1.000000000000000e+00,8.000000000000000e-01,2.000000000000000e-01,-1.792110683737104e-06,-7.512982179781362e-05,1.666666666666667e+00,0.000000000000000e+00,2.981500000000000e+02,3.000041516268539e+02,3.000000000000000e+02,3.000181880314200e+02,3.000000019111956e+02,1,0.000000000000000e+00,0.000000000000000e+00
1.500000000000003e-07,3,1.616522913326321e-07,4.399750102021939e+01,1.000000000000000e+00,8.000000000000000e-01,2.000000000000000e-01,-1.708777350403779e-06,-7.512982179781362e-05,1.666666666666667e+00,0.000000000000000e+00,2.981500000000000e+02,3.000062926728955e+02,3.000000000000000e+02,3.000281933423040e+02,3.000000029642820e+02,1,0.000000000000000e+00,0.000000000000000e+00
2.000000000000014e-07,4,2.209275521618795e-07,4.789454860306758e+01,1.000000000000000e+00,8.000000000000000e-01,2.000000000000000e-01,-1.625444017070453e-06,-7.512982179781362e-05,1.666666666666667e+00,0.000000000000000e+00,2.981500000000000e+02,3.000083864400704e+02,3.000000000000000e+02,3.000384126934459e+02,3.000000040410818e+02,1,0.000000000000000e+00,0.000000000000000e+00
2.500000000000019e-07,5,2.860169421116753e-07,4.313933159715494e+01,1.000000000000000e+00,8.000000000000000e-01,2.000000000000000e-01,-1.542110683737128e-06,-7.512982179781362e-05,1.666666666666667e+00,0.000000000000000e+00,2.981500000000000e+02,3.000103975703830e+02,3.000000000000000e+02,3.000494741333860e+02,3.000000052075876e+02,1,0.000000000000000e+00,0.000000000000000e+00
3.000000000000004e-07,6,1.169666404208279e-06,4.848615523434154e+01,1.000000000000000e+00,8.000000000000000e-01,2.000000000000000e-01,-1.458777350403802e-06,-7.512982179781362e-05,1.666666666666667e+00,0.000000000000000e+00,2.981500000000000e+02,3.000121443757631e+02,3.000000000000000e+02,3.001823642460166e+02,3.000000191667568e+02,1,0.000000000000000e+00,0.000000000000000e+00
3.499999999999989e-07,7,5.381268055075589e-06,6.099789326988069e+01,1.000000000000000e+00,8.000000000000000e-01,2.000000000000000e-01,-1.375444017070477e-06,-7.512982179781362e-05,1.666666666666667e+00,0.000000000000000e+00,2.981500000000000e+02,3.000145840525407e+02,3.000000000000000e+02,3.007974524271131e+02,3.000000837862504e+02,1,0.000000000000000e+00,0.000000000000000e+00
3.999999999999973e-07,8,1.099526792583095e-05,7.520235041435649e+01,1.000000000000000e+00,8.000000000000000e-01,2.000000000000000e-01,-1.292110683737151e-06,-7.512982179781362e-05,1.666666666666667e+00,0.000000000000000e+00,2.981500000000000e+02,3.000175389781812e+02,3.000000000000000e+02,3.016141540460666e+02,3.000001696598442e+02,1,0.000000000000000e+00,0.000000000000000e+00
4.499999999999958e-07,9,1.760466462924485e-05,8.809330214124371e+01,1.000000000000000e+00,8.000000000000000e-01,2.000000000000000e-01,-1.208777350403826e-06,-7.512982179781362e-05,1.666666666666667e+00,0.000000000000000e+00,2.981500000000000e+02,3.000212840327093e+02,3.000000000000000e+02,3.025775143702946e+02,3.000002710373572e+02,1,0.000000000000000e+00,0.000000000000000e+00
4.999999999999967e-07,10,2.541285633418681e-05,1.004080581761550e+02,1.000000000000000e+00,8.000000000000000e-01,2.000000000000000e-01,-1.125444017070500e-06,-7.512982179781362e-05,1.666666666666667e+00,0.000000000000000e+00,2.981500000000000e+02,3.000254720880592e+02,3.000000000000000e+02,3.037155925250968e+02,3.000003908861671e+02,1,0.000000000000000e+00,0.000000000000000e+00
5.500000000000005e-07,11,3.385965764732325e-05,1.153659665853883e+02,1.000000000000000e+00,8.000000000000000e-01,2.000000000000000e-01,-1.042110683737175e-06,-7.512982179781362e-05,1.666666666666667e+00,0.000000000000000e+00,2.981500000000000e+02,3.000303644239168e+02,3.000000000000000e+02,3.049478062516416e+02,3.000005207821753e+02,1,0.000000000000000e+00,0.000000000000000e+00
6.000000000000042e-07,12,4.292688149935631e-05,1.280724834625462e+02,1.000000000000000e+00,8.000000000000000e-01,2.000000000000000e-01,-9.587773504038493e-07,-7.512982179781362e-05,1.666666666666667e+00,0.000000000000000e+00,2.981500000000000e+02,3.000358636044893e+02,3.000000000000000e+02,3.062721156970015e+02,3.000006615859833e+02,1,0.000000000000000e+00,0.000000000000000e+00
6.500000000000080e-07,13,5.269896937637382e-05,1.366715034870752e+02,1.000000000000000e+00,8.000000000000000e-01,2.000000000000000e-01,-8.754440170705138e-07,-7.512982179781362e-05,1.666666666666667e+00,0.000000000000000e+00,2.981500000000000e+02,3.000418127009635e+02,3.000000000000000e+02,3.077005891547055e+02,3.000008305965899e+02,1,0.000000000000000e+00,0.000000000000000e+00
7.000000000000117e-07,14,6.272483642127032e-05,1.153339425823155e+02,1.000000000000000e+00,8.000000000000000e-01,2.000000000000000e-01,-7.921106837371778e-07,-7.512982179781362e-05,1.666666666666667e+00,0.000000000000000e+00,2.981500000000000e+02,3.000471069561402e+02,3.000000000000000e+02,3.090780361511988e+02,3.000010297031963e+02,1,0.000000000000000e+00,0.000000000000000e+00
7.500000000000155e-07,15,7.249431305956300e-05,1.061884583297202e+02,1.000000000000000e+00,8.000000000000000e-01,2.000000000000000e-01,-7.087773504038417e-07,-7.512982179781362e-05,1.666666666666667e+00,0.000000000000000e+00,2.981500000000000e+02,3.000505080089907e+02,3.000000000000000e+02,3.099724862984568e+02,3.000012256817575e+02,1,0.000000000000000e+00,0.000000000000000e+00
8.000000000000192e-07,16,8.190160998557494e-05,9.772056790665015e+01,1.000000000000000e+00,8.000000000000000e-01,2.000000000000000e-01,-6.254440170705056e-07,-7.512982179781362e-05,1.666666666666667e+00,0.000000000000000e+00,2.981500000000000e+02,3.000531755589730e+02,3.000000000000000e+02,3.107582664383894e+02,3.000014143167833e+02,1,0.000000000000000e+00,0.000000000000000e+00
8.500000000000230e-07,17,9.077391472608181e-05,9.222047724237277e+01,1.000000000000000e+00,8.000000000000000e-01,2.000000000000000e-01,-5.421106837371696e-07,-7.512982179781362e-05,1.666666666666667e+00,0.000000000000000e+00,2.981500000000000e+02,3.000552072278667e+02,3.000000000000000e+02,3.114739921143737e+02,3.000015919324718e+02,1,0.000000000000000e+00,0.000000000000000e+00
9.000000000000267e-07,18,9.903726597858435e-05,9.349894027872395e+01,1.000000000000000e+00,8.000000000000000e-01,2.000000000000000e-01,-4.587773504038347e-07,-7.512982179781362e-05,1.666666666666667e+00,0.000000000000000e+00,2.981500000000000e+02,3.000570801804375e+02,3.000000000000000e+02,3.121273116534750e+02,3.000017576202762e+02,1,0.000000000000000e+00,0.000000000000000e+00
9.500000000000305e-07,19,1.069760007181150e-04,8.882493610920136e+01,1.000000000000000e+00,8.000000000000000e-01,2.000000000000000e-01,-3.754440170705039e-07,-7.512982179781362e-05,1.666666666666667e+00,0.000000000000000e+00,2.981500000000000e+02,3.000585646451748e+02,3.000000000000000e+02,3.127463506327575e+02,3.000019172225432e+02,1,0.000000000000000e+00,0.000000000000000e+00
1.000000000000034e-06,20,1.152288343839817e-04,8.839975951425224e+01,1.000000000000000e+00,8.000000000000000e-01,2.000000000000000e-01,-2.921106837371731e-07,-7.512982179781362e-05,1.666666666666667e+00,0.000000000000000e+00,2.981500000000000e+02,3.000599955678913e+02,3.000000000000000e+02,3.133809134663908e+02,3.000020835687023e+02,1,0.000000000000000e+00,0.000000000000000e+00
1.050000000000038e-06,21,1.240221755736312e-04,9.417966949634547e+01,1.000000000000000e+00,8.000000000000000e-01,2.000000000000000e-01,-2.087773504038414e-07,-7.512982179781362e-05,1.666666666666667e+00,0.000000000000000e+00,2.981500000000000e+02,3.000615605617335e+02,3.000000000000000e+02,3.140506168724933e+02,3.000022610031021e+02,1,0.000000000000000e+00,0.000000000000000e+00
1.100000000000042e-06,22,1.333919023104467e-04,1.062100582098857e+02,1.000000000000000e+00,8.000000000000000e-01,2.000000000000000e-01,-1.254440170705080e-07,-7.512982179781362e-05,1.666666666666667e+00,0.000000000000000e+00,2.981500000000000e+02,3.000635929060856e+02,3.000000000000000e+02,3.147567915352501e+02,3.000024506357528e+02,1,0.000000000000000e+00,0.000000000000000e+00
1.150000000000046e-06,23,1.449242098881943e-04,1.254819330796756e+02,1.000000000000000e+00,8.000000000000000e-01,2.000000000000000e-01,-4.211068373717456e-08,-7.512982179781362e-05,1.666666666666667e+00,0.000000000000000e+00,2.981500000000000e+02,3.000666494658099e+02,3.000000000000000e+02,3.156165975699257e+02,3.000026832821882e+02,1,0.000000000000000e+00,0.000000000000000e+00
1.200000000000049e-06,24,1.587271984946644e-04,1.597830766471903e+02,1.000000000000000e+00,8.000000000000000e-01,2.000000000000000e-01,4.122264959615884e-08,-7.512982179781362e-05,1.666666666666667e+00,0.000000000000000e+00,2.981500000000000e+02,3.000712125633075e+02,3.000000000000000e+02,3.166430816958675e+02,3.000029632006519e+02,1,0.000000000000000e+00,0.000000000000000e+00
1.250000000000053e-06,25,1.743759412379873e-04,1.890195862123265e+02,1.000000000000000e+00,8.000000000000000e-01,2.000000000000000e-01,1.245559829294922e-07,-7.512982179781362e-05,1.666666666666667e+00,0.000000000000000e+00,2.981500000000000e+02,3.000772509886577e+02,3.000000000000000e+02,3.177976176480337e+02,3.000032920095504e+02,1,0.000000000000000e+00,0.000000000000000e+00
1.300000000000057e-06,26,1.916912121641497e-04,2.193125474608427e+02,1.000000000000000e+00,8.000000000000000e-01,2.000000000000000e-01,2.078893162628257e-07,-7.512982179781362e-05,1.666666666666667e+00,0.000000000000000e+00,2.981500000000000e+02,3.000845639122778e+02,3.000000000000000e+02,3.190467090307644e+02,3.000036981833022e+02,1,0.000000000000000e+00,0.000000000000000e+00
1.350000000000061e-06,27,2.102567251954680e-04,2.345109367714171e+02,1.000000000000000e+00,8.000000000000000e-01,2.000000000000000e-01,2.912226495961574e-07,-7.512982179781362e-05,1.666666666666667e+00,0.000000000000000e+00,2.981500000000000e+02,3.000925467248060e+02,3.000000000000000e+02,3.203518405781311e+02,3.000041679702925e+02,1,0.000000000000000e+00,0.000000000000000e+00
1.400000000000064e-06,28,2.286842292946385e-04,1.797090270544160e+02,1.000000000000000e+00,8.000000000000000e-01,2.000000000000000e-01,3.745559829294882e-07,-7.512982179781362e-05,1.666666666666667e+00,0.000000000000000e+00,2.981500000000000e+02,3.000996598295058e+02,3.000000000000000e+02,3.216071275461608e+02,3.000046441981119e+02,1,0.000000000000000e+00,0.000000000000000e+00
1.450000000000068e-06,29,2.402477679923739e-04,1.441758048799663e+02,1.000000000000000e+00,8.000000000000000e-01,2.000000000000000e-01,4.578893162628190e-07,-7.512982179781362e-05,1.666666666666667e+00,0.000000000000000e+00,2.981500000000000e+02,3.001015718589340e+02,3.000000000000000e+02,3.223726249695694e+02,3.000049670409723e+02,1,0.000000000000000e+00,0.000000000000000e+00
1.500000000000072e-06,30,2.480752561666643e-04,1.186250037364471e+02,1.000000000000000e+00,8.000000000000000e-01,2.000000000000000e-01,5.412226495961539e-07,-7.512982179781362e-05,1.666666666666667e+00,0.000000000000000e+00,2.981500000000000e+02,3.001011964285210e+02,3.000000000000000e+02,3.228698200088912e+02,3.000051994943237e+02,1,0.000000000000000e+00,0.000000000000000e+00
1.550000000000076e-06,31,2.544846423985686e-04,1.291772677188001e+02,1.000000000000000e+00,8.000000000000000e-01,2.000000000000000e-01,6.245559829294899e-07,-7.512982179781362e-05,1.666666666666667e+00,0.000000000000000e+00,2.981500000000000e+02,3.001001985635307e+02,3.000000000000000e+02,3.232587396691660e+02,3.000053930446927e+02,1,0.000000000000000e+00,0.000000000000000e+00
1.600000000000079e-06,32,2.610893211413981e-04,1.482884116618181e+02,1.000000000000000e+00,8.000000000000000e-01,2.000000000000000e-01,7.078893162628260e-07,-7.512982179781362e-05,1.666666666666667e+00,0.000000000000000e+00,2.981500000000000e+02,3.000998793752131e+02,3.000000000000000e+02,3.235895029999568e+02,3.000055813881053e+02,1,0.000000000000000e+00,0.000000000000000e+00
1.650000000000083e-06,33,2.691572374177764e-04,1.413218491251702e+02,1.000000000000000e+00,8.000000000000000e-01,2.000000000000000e-01,7.912226495961621e-07,-7.512982179781362e-05,1.666666666666667e+00,0.000000000000000e+00,2.981500000000000e+02,3.000997721536582e+02,3.000000000000000e+02,3.239077036252322e+02,3.000057970197082e+02,1,0.000000000000000e+00,0.000000000000000e+00
1.700000000000087e-06,34,2.793251138164463e-04,1.390988251481888e+02,1.000000000000000e+00,8.000000000000000e-01,2.000000000000000e-01,8.745559829294981e-07,-7.512982179781362e-05,1.666666666666667e+00,0.000000000000000e+00,2.981500000000000e+02,3.000997110004204e+02,3.000000000000000e+02,3.242593648713705e+02,3.000060652323473e+02,1,0.000000000000000e+00,0.000000000000000e+00
1.750000000000091e-06,35,2.923520952777908e-04,1.670398490562803e+02,1.000000000000000e+00,8.000000000000000e-01,2.000000000000000e-01,9.578893162628337e-07,-7.512982179781362e-05,1.666666666666667e+00,0.000000000000000e+00,2.981500000000000e+02,3.001003329387843e+02,3.000000000000000e+02,3.246826273015404e+02,3.000064124885303e+02,1,0.000000000000000e+00,0.000000000000000e+00
1.800000000000094e-06,36,3.074831402117558e-04,2.125273405889209e+02,1.000000000000000e+00,8.000000000000000e-01,2.000000000000000e-01,1.041222649596159e-06,-7.512982179781362e-05,1.666666666666667e+00,0.000000000000000e+00,2.981500000000000e+02,3.001023068798022e+02,3.000000000000000e+02,3.251481896763632e+02,3.000068335374076e+02,1,0.000000000000000e+00,0.000000000000000e+00
1.850000000000098e-06,37,3.257471484728646e-04,2.694189960613929e+02,1.000000000000000e+00,8.000000000000000e-01,2.000000000000000e-01,1.124555982929485e-06,-7.512982179781362e-05,1.666666666666667e+00,0.000000000000000e+00,2.981500000000000e+02,3.001055597601490e+02,3.000000000000000e+02,3.256571045390592e+02,3.000073833165389e+02,1,0.000000000000000e+00,0.000000000000000e+00
1.900000000000102e-06,38,3.476170605583818e-04,3.479232711230355e+02,1.000000000000000e+00,8.000000000000000e-01,2.000000000000000e-01,1.207889316262810e-06,-7.512982179781362e-05,1.666666666666667e+00,0.000000000000000e+00,2.981500000000000e+02,3.001103178364179e+02,3.000000000000000e+02,3.262085644655108e+02,3.000080775704982e+02,1,0.000000000000000e+00,0.000000000000000e+00
1.950000000000088e-06,39,3.719048698529635e-04,4.258024865577433e+02,1.000000000000000e+00,8.000000000000000e-01,2.000000000000000e-01,1.291222649596136e-06,-7.512982179781362e-05,1.666666666666667e+00,0.000000000000000e+00,2.981500000000000e+02,3.001168624682900e+02,3.000000000000000e+02,3.267758739118228e+02,3.000088805571929e+02,1,0.000000000000000e+00,0.000000000000000e+00
2.000000000000070e-06,40,3.984149951845425e-04,4.995308089745502e+02,1.000000000000000e+00,8.000000000000000e-01,2.000000000000000e-01,1.374555982929461e-06,-7.512982179781362e-05,1.666666666666667e+00,0.000000000000000e+00,2.981500000000000e+02,3.001250174699856e+02,3.000000000000000e+02,3.273548126207821e+02,3.000097869871161e+02,1,0.000000000000000e+00,0.000000000000000e+00
2.050000000000053e-06,41,4.260148756090748e-04,5.139749244384464e+02,1.000000000000000e+00,8.000000000000000e-01,2.000000000000000e-01,1.457889316262787e-06,-7.512982179781362e-05,1.666666666666667e+00,0.000000000000000e+00,2.981500000000000e+02,3.001337124791356e+02,3.000000000000000e+02,3.279236264988522e+02,3.000107548678226e+02,1,0.000000000000000e+00,0.000000000000000e+00
2.100000000000035e-06,42,4.520482919001411e-04,4.526278362369393e+02,1.000000000000000e+00,8.000000000000000e-01,2.000000000000000e-01,1.541222649596112e-06,-7.512982179781362e-05,1.666666666666667e+00,0.000000000000000e+00,2.981500000000000e+02,3.001405527212494e+02,3.000000000000000e+02,3.284158999452072e+02,3.000116773288020e+02,1,0.000000000000000e+00,0.000000000000000e+00
2.150000000000018e-06,43,4.705564798023409e-04,2.521231704075221e+02,1.000000000000000e+00,8.000000000000000e-01,2.000000000000000e-01,1.624555982929437e-06,-7.512982179781362e-05,1.666666666666667e+00,0.000000000000000e+00,2.981500000000000e+02,3.001438362358331e+02,3.000000000000000e+02,3.287701875742881e+02,3.000123664179633e+02,1,0.000000000000000e+00,0.000000000000000e+00
2.200000000000001e-06,44,4.827807858290574e-04,1.961587530378003e+02,1.000000000000000e+00,8.000000000000000e-01,2.000000000000000e-01,1.707889316262763e-06,-7.512982179781362e-05,1.666666666666667e+00,0.000000000000000e+00,2.981500000000000e+02,3.001470066634000e+02,3.000000000000000e+02,3.289914929095571e+02,3.000128517671309e+02,1,0.000000000000000e+00,0.000000000000000e+00
2.249999999999983e-06,45,4.922911787951483e-04,2.009722879290622e+02,1.000000000000000e+00,8.000000000000000e-01,2.000000000000000e-01,1.791222649596088e-06,-7.512982179781362e-05,1.666666666666667e+00,0.000000000000000e+00,2.981500000000000e+02,3.001488695046941e+02,3.000000000000000e+02,3.294244636193880e+02,3.000132512247959e+02,1,0.000000000000000e+00,0.000000000000000e+00
2.299999999999966e-06,46,5.003817493088686e-04,2.085435138962689e+02,1.000000000000000e+00,8.000000000000000e-01,2.000000000000000e-01,1.874555982929414e-06,-7.512982179781362e-05,1.666666666666667e+00,0.000000000000000e+00,2.981500000000000e+02,3.001504180798345e+02,3.000000000000000e+02,3.299590431339678e+02,3.000136070114256e+02,1,0.000000000000000e+00,0.000000000000000e+00
2.349999999999948e-06,47,5.082315635065236e-04,2.019374042235127e+02,1.000000000000000e+00,8.000000000000000e-01,2.000000000000000e-01,1.957889316262752e-06,-7.512982179781362e-05,1.666666666666667e+00,0.000000000000000e+00,2.981500000000000e+02,3.001518492086977e+02,3.000000000000000e+02,3.304735212779293e+02,3.000139644952469e+02,1,0.000000000000000e+00,0.000000000000000e+00
2.399999999999931e-06,48,5.167928250380374e-04,1.970443037834504e+02,1.000000000000000e+00,8.000000000000000e-01,2.000000000000000e-01,2.041222649596099e-06,-7.512982179781362e-05,1.666666666666667e+00,0.000000000000000e+00,2.981500000000000e+02,3.001532606924735e+02,3.000000000000000e+02,3.310305238050736e+02,3.000143711183284e+02,1,0.000000000000000e+00,0.000000000000000e+00
2.449999999999913e-06,49,5.272576329576126e-04,2.038035385350321e+02,1.000000000000000e+00,8.000000000000000e-01,2.000000000000000e-01,2.124555982929446e-06,-7.512982179781362e-05,1.666666666666667e+00,0.000000000000000e+00,2.981500000000000e+02,3.001549819152806e+02,3.000000000000000e+02,3.316647708996379e+02,3.000148831510727e+02,1,0.000000000000000e+00,0.000000000000000e+00
2.499999999999896e-06,50,5.415244085324748e-04,2.348086030014772e+02,1.000000000000000e+00,8.000000000000000e-01,2.000000000000000e-01,2.207889316262792e-06,-7.512982179781362e-05,1.666666666666667e+00,0.000000000000000e+00,2.981500000000000e+02,3.001573044412339e+02,3.000000000000000e+02,3.323146398117278e+02,3.000155385767011e+02,1,0.000000000000000e+00,0.000000000000000e+00
2.549999999999879e-06,51,5.593879995560411e-04,2.659594581935389e+02,1.000000000000000e+00,8.000000000000000e-01,2.000000000000000e-01,2.291222649596139e-06,-7.512982179781362e-05,1.666666666666667e+00,0.000000000000000e+00,2.981500000000000e+02,3.001605017083083e+02,3.000000000000000e+02,3.330070906522292e+02,3.000163674916637e+02,1,0.000000000000000e+00,0.000000000000000e+00
2.599999999999861e-06,52,5.798466661101401e-04,3.167871841071918e+02,1.000000000000000e+00,8.000000000000000e-01,2.000000000000000e-01,2.374555982929486e-06,-7.512982179781362e-05,1.666666666666667e+00,0.000000000000000e+00,2.981500000000000e+02,3.001647931372485e+02,3.000000000000000e+02,3.337414760956771e+02,3.000173482624832e+02,1,0.000000000000000e+00,0.000000000000000e+00
2.649999999999844e-06,53,6.013315036018443e-04,3.477936120548492e+02,1.000000000000000e+00,8.000000000000000e-01,2.000000000000000e-01,2.457889316262832e-06,-7.512982179781362e-05,1.666666666666667e+00,0.000000000000000e+00,2.981500000000000e+02,3.001690245927920e+02,3.000000000000000e+02,3.344472652603448e+02,3.000184238661424e+02,1,0.000000000000000e+00,0.000000000000000e+00
2.699999999999826e-06,54,6.243378960057199e-04,4.043315619801112e+02,1.000000000000000e+00,8.000000000000000e-01,2.000000000000000e-01,2.541222649596179e-06,-7.512982179781362e-05,1.666666666666667e+00,0.000000000000000e+00,2.981500000000000e+02,3.001748559191013e+02,3.000000000000000e+02,3.351844069995450e+02,3.000196050570314e+02,1,0.000000000000000e+00,0.000000000000000e+00
2.749999999999809e-06,55,6.476487801308139e-04,4.060295468286233e+02,1.000000000000000e+00,8.000000000000000e-01,2.000000000000000e-01,2.624555982929526e-06,-7.512982179781362e-05,1.666666666666667e+00,0.000000000000000e+00,2.981500000000000e+02,3.001810684860704e+02,3.000000000000000e+02,3.359118014375873e+02,3.000208333636503e+02,1,0.000000000000000e+00,0.000000000000000e+00
2.799999999999792e-06,56,6.689958904758076e-04,3.316660960930046e+02,1.000000000000000e+00,8.000000000000000e-01,2.000000000000000e-01,2.707889316262872e-06,-7.512982179781362e-05,1.666666666666667e+00,0.000000000000000e+00,2.981500000000000e+02,3.001857660146727e+02,3.000000000000000e+02,3.365514011953239e+02,3.000220017311020e+02,1,0.000000000000000e+00,0.000000000000000e+00
2.849999999999774e-06,57,6.867523073453319e-04,2.218228222744247e+02,1.000000000000000e+00,8.000000000000000e-01,2.000000000000000e-01,2.791222649596219e-06,-7.512982179781362e-05,1.666666666666667e+00,0.000000000000000e+00,2.981500000000000e+02,3.001878836936637e+02,3.000000000000000e+02,3.370782625867878e+02,3.000230326079976e+02,1,0.000000000000000e+00,0.000000000000000e+00
2.899999999999757e-06,58,6.985934151261635e-04,2.046092479549952e+02,1.000000000000000e+00,8.000000000000000e-01,2.000000000000000e-01,2.874555982929565e-06,-7.512982179781362e-05,1.666666666666667e+00,0.000000000000000e+00,2.981500000000000e+02,3.001876193962980e+02,3.000000000000000e+02,3.374530700766766e+02,3.000238293977866e+02,1,0.000000000000000e+00,0.000000000000000e+00
2.949999999999739e-06,59,7.079130961079106e-04,2.242490697046546e+02,1.000000000000000e+00,8.000000000000000e-01,2.000000000000000e-01,2.957889316262912e-06,-7.512982179781362e-05,1.666666666666667e+00,0.000000000000000e+00,2.981500000000000e+02,3.001870524971777e+02,3.000000000000000e+02,3.377321105714024e+02,3.000245080081820e+02,1,0.000000000000000e+00,0.000000000000000e+00
2.999999999999722e-06,60,7.161545061605138e-04,2.264094805256179e+02,1.000000000000000e+00,8.000000000000000e-01,2.000000000000000e-01,3.041222649596259e-06,-7.512982179781362e-05,1.666666666666667e+00,0.000000000000000e+00,2.981500000000000e+02,3.001864630089372e+02,3.000000000000000e+02,3.379698733300995e+02,3.000251409842843e+02,1,0.000000000000000e+00,0.000000000000000e+00
3.049999999999704e-06,61,7.243015220577664e-04,2.281189264461693e+02,1.000000000000000e+00,8.000000000000000e-01,2.000000000000000e-01,3.124555982929605e-06,-7.512982179781362e-05,1.666666666666667e+00,0.000000000000000e+00,2.981500000000000e+02,3.001859971427554e+02,3.000000000000000e+02,3.382041273222879e+02,3.000257914315642e+02,1,0.000000000000000e+00,0.000000000000000e+00
3.099999999999687e-06,62,7.330051996701697e-04,2.204174374368385e+02,1.000000000000000e+00,8.000000000000000e-01,2.000000000000000e-01,3.207889316262952e-06,-7.512982179781362e-05,1.666666666666667e+00,0.000000000000000e+00,2.981500000000000e+02,3.001855835973940e+02,3.000000000000000e+02,3.384591258099882e+02,3.000265074234644e+02,1,0.000000000000000e+00,0.000000000000000e+00
3.149999999999670e-06,63,7.430857226428775e-04,2.116764668722163e+02,1.000000000000000e+00,8.000000000000000e-01,2.000000000000000e-01,3.291222649596299e-06,-7.512982179781362e-05,1.666666666666667e+00,0.000000000000000e+00,2.981500000000000e+02,3.001852208260339e+02,3.000000000000000e+02,3.387527691421521e+02,3.000273336393761e+02,1,0.000000000000000e+00,0.000000000000000e+00
3.199999999999652e-06,64,7.560619418765103e-04,2.242288469533555e+02,1.000000000000000e+00,8.000000000000000e-01,2.000000000000000e-01,3.374555982929645e-06,-7.512982179781362e-05,1.666666666666667e+00,0.000000000000000e+00,2.981500000000000e+02,3.001851815356561e+02,3.000000000000000e+02,3.390623048552946e+02,3.000282679524288e+02,1,0.000000000000000e+00,0.000000000000000e+00
3.249999999999635e-06,65,7.711623561730818e-04,2.467443839741561e+02,1.000000000000000e+00,8.000000000000000e-01,2.000000000000000e-01,3.457889316262992e-06,-7.512982179781362e-05,1.666666666666667e+00,0.000000000000000e+00,2.981500000000000e+02,3.001855871439523e+02,3.000000000000000e+02,3.393798965526749e+02,3.000293167880457e+02,1,0.000000000000000e+00,0.000000000000000e+00
3.299999999999617e-06,66,7.879454693123990e-04,2.937083370907175e+02,1.000000000000000e+00,8.000000000000000e-01,2.000000000000000e-01,3.541222649596339e-06,-7.512982179781362e-05,1.666666666666667e+00,0.000000000000000e+00,2.981500000000000e+02,3.001866335241771e+02,3.000000000000000e+02,3.397173310154502e+02,3.000305066223830e+02,1,0.000000000000000e+00,0.000000000000000e+00
3.349999999999600e-06,67,8.062058035067128e-04,3.346229042515922e+02,1.000000000000000e+00,8.000000000000000e-01,2.000000000000000e-01,3.624555982929685e-06,-7.512982179781362e-05,1.666666666666667e+00,0.000000000000000e+00,2.981500000000000e+02,3.001885197426530e+02,3.000000000000000e+02,3.400756503659047e+02,3.000318400206067e+02,1,0.000000000000000e+00,0.000000000000000e+00
3.399999999999582e-06,68,8.260087850420158e-04,3.694558254730575e+02,1.000000000000000e+00,8.000000000000000e-01,2.000000000000000e-01,3.707889316263032e-06,-7.512982179781362e-05,1.666666666666667e+00,0.000000000000000e+00,2.981500000000000e+02,3.001911909395112e+02,3.000000000000000e+02,3.404617248906562e+02,3.000333278399198e+02,1,0.000000000000000e+00,0.000000000000000e+00
3.449999999999565e-06,69,8.466012515891718e-04,3.746899592576296e+02,1.000000000000000e+00,8.000000000000000e-01,2.000000000000000e-01,3.791222649596379e-06,-7.512982179781362e-05,1.666666666666667e+00,0.000000000000000e+00,2.981500000000000e+02,3.001942063012428e+02,3.000000000000000e+02,3.408651441737561e+02,3.000349077836950e+02,1,0.000000000000000e+00,0.000000000000000e+00
3.499999999999548e-06,70,8.663998386019561e-04,3.419614865712823e+02,1.000000000000000e+00,8.000000000000000e-01,2.000000000000000e-01,3.874555982929725e-06,-7.512982179781362e-05,1.666666666666667e+00,0.000000000000000e+00,2.981500000000000e+02,3.001968214015552e+02,3.000000000000000e+02,3.412566112731596e+02,3.000364632347996e+02,1,0.000000000000000e+00,0.000000000000000e+00
3.549999999999530e-06,71,8.825647910227395e-04,2.622934037687359e+02,1.000000000000000e+00,8.000000000000000e-01,2.000000000000000e-01,3.957889316263072e-06,-7.512982179781362e-05,1.666666666666667e+00,0.000000000000000e+00,2.981500000000000e+02,3.001981239663756e+02,3.000000000000000e+02,3.416138413432870e+02,3.000378257432720e+02,1,0.000000000000000e+00,0.000000000000000e+00
3.599999999999513e-06,72,8.941589219321791e-04,2.573705655263127e+02,1.000000000000000e+00,8.000000000000000e-01,2.000000000000000e-01,4.041222649596419e-06,-7.512982179781362e-05,1.666666666666667e+00,0.000000000000000e+00,2.981500000000000e+02,3.001980311137659e+02,3.000000000000000e+02,3.418985305648429e+02,3.000389184377887e+02,1,0.000000000000000e+00,0.000000000000000e+00
3.649999999999495e-06,73,9.040306187546730e-04,2.797667926755982e+02,1.000000000000000e+00,8.000000000000000e-01,2.000000000000000e-01,4.124555982929765e-06,-7.512982179781362e-05,1.666666666666667e+00,0.000000000000000e+00,2.981500000000000e+02,3.001977647074578e+02,3.000000000000000e+02,3.421369988883726e+02,3.000398840313503e+02,1,0.000000000000000e+00,0.000000000000000e+00
3.699999999999478e-06,74,9.130985717005890e-04,2.880730269524192e+02,1.000000000000000e+00,8.000000000000000e-01,2.000000000000000e-01,4.207889316263112e-06,-7.512982179781362e-05,1.666666666666667e+00,0.000000000000000e+00,2.981500000000000e+02,3.001975975179600e+02,3.000000000000000e+02,3.423542901287756e+02,3.000408014366159e+02,1,0.000000000000000e+00,0.000000000000000e+00
3.749999999999461e-06,75,9.221121860260644e-04,2.684202940901473e+02,1.000000000000000e+00,8.000000000000000e-01,2.000000000000000e-01,4.291222649596459e-06,-7.512982179781362e-05,1.666666666666667e+00,0.000000000000000e+00,2.981500000000000e+02,3.001974737171323e+02,3.000000000000000e+02,3.425722925414370e+02,3.000417404969257e+02,1,0.000000000000000e+00,0.000000000000000e+00
3.799999999999443e-06,76,9.324143423966130e-04,2.370091717625107e+02,1.000000000000000e+00,8.000000000000000e-01,2.000000000000000e-01,4.374555982929805e-06,-7.512982179781362e-05,1.666666666666667e+00,0.000000000000000e+00,2.981500000000000e+02,3.001970644240139e+02,3.000000000000000e+02,3.428037760954826e+02,3.000427508655582e+02,1,0.000000000000000e+00,0.000000000000000e+00
3.849999999999456e-06,77,9.459959195246675e-04,2.481902145034838e+02,1.000000000000000e+00,8.000000000000000e-01,2.000000000000000e-01,4.457889316263152e-06,-7.512982179781362e-05,1.666666666666667e+00,0.000000000000000e+00,2.981500000000000e+02,3.001967581950803e+02,3.000000000000000e+02,3.430572813167319e+02,3.000439222314594e+02,1,0.000000000000000e+00,0.000000000000000e+00
3.899999999999481e-06,78,9.614006419173945e-04,2.880476304973873e+02,1.000000000000000e+00,8.000000000000000e-01,2.000000000000000e-01,4.541222649596499e-06,-7.512982179781362e-05,1.666666666666667e+00,0.000000000000000e+00,2.981500000000000e+02,3.001969227890630e+02,3.000000000000000e+02,3.433232507450104e+02,3.000452327544293e+02,1,0.000000000000000e+00,0.000000000000000e+00
3.949999999999506e-06,79,9.780130834426302e-04,3.228141484782374e+02,1.000000000000000e+00,8.000000000000000e-01,2.000000000000000e-01,4.624555982929845e-06,-7.512982179781362e-05,1.666666666666667e+00,0.000000000000000e+00,2.981500000000000e+02,3.001976387697475e+02,3.000000000000000e+02,3.436019616011333e+02,3.000466755565985e+02,1,0.000000000000000e+00,0.000000000000000e+00
3.999999999999531e-06,80,9.956909127139743e-04,3.669517161723268e+02,1.000000000000000e+00,8.000000000000000e-01,2.000000000000000e-01,4.707889316263192e-06,-7.512982179781362e-05,1.666666666666667e+00,0.000000000000000e+00,2.981500000000000e+02,3.001989329509046e+02,3.000000000000000e+02,3.438962093569015e+02,3.000482473643447e+02,1,0.000000000000000e+00,0.000000000000000e+00
4.049999999999555e-06,81,1.014677068999461e-03,4.181987861745849e+02,1.000000000000000e+00,8.000000000000000e-01,2.000000000000000e-01,4.791222649596538e-06,-7.512982179781362e-05,1.666666666666667e+00,0.000000000000000e+00,2.981500000000000e+02,3.002008512996446e+02,3.000000000000000e+02,3.442114047859507e+02,3.000499751340168e+02,1,0.000000000000000e+00,0.000000000000000e+00
4.099999999999580e-06,82,1.035265568792073e-03,4.710316329016495e+02,1.000000000000000e+00,8.000000000000000e-01,2.000000000000000e-01,4.874555982929885e-06,-7.512982179781362e-05,1.666666666666667e+00,0.000000000000000e+00,2.981500000000000e+02,3.002035794816243e+02,3.000000000000000e+02,3.445514565775378e+02,3.000518963586380e+02,1,0.000000000000000e+00,0.000000000000000e+00
4.149999999999605e-06,83,1.056911307327433e-03,4.753960005066238e+02,1.000000000000000e+00,8.000000000000000e-01,2.000000000000000e-01,4.957889316263232e-06,-7.512982179781362e-05,1.666666666666667e+00,0.000000000000000e+00,2.981500000000000e+02,3.002067222942932e+02,3.000000000000000e+02,3.449100219791073e+02,3.000539642135881e+02,1,0.000000000000000e+00,0.000000000000000e+00
4.199999999999630e-06,84,1.076177378678769e-03,3.640614921357081e+02,1.000000000000000e+00,8.000000000000000e-01,2.000000000000000e-01,5.041222649596578e-06,-7.512982179781362e-05,1.666666666666667e+00,0.000000000000000e+00,2.981500000000000e+02,3.002098139849620e+02,3.000000000000000e+02,3.452693476542466e+02,3.000559249302870e+02,1,0.000000000000000e+00,0.000000000000000e+00
4.249999999999655e-06,85,1.090269774466641e-03,3.219170201891133e+02,1.000000000000000e+00,8.000000000000000e-01,2.000000000000000e-01,5.124555982929925e-06,-7.512982179781362e-05,1.666666666666667e+00,0.000000000000000e+00,2.981500000000000e+02,3.002106147928766e+02,3.000000000000000e+02,3.455876065921293e+02,3.000575153517131e+02,1,0.000000000000000e+00,0.000000000000000e+00
4.299999999999680e-06,86,1.102290634091397e-03,3.136619501108365e+02,1.000000000000000e+00,8.000000000000000e-01,2.000000000000000e-01,5.207889316263272e-06,-7.512982179781362e-05,1.666666666666667e+00,0.000000000000000e+00,2.981500000000000e+02,3.002105727858582e+02,3.000000000000000e+02,3.458661017554469e+02,3.000589251040861e+02,1,0.000000000000000e+00,0.000000000000000e+00
4.349999999999705e-06,87,1.113076147763523e-03,3.276875256165983e+02,1.000000000000000e+00,8.000000000000000e-01,2.000000000000000e-01,5.291222649596618e-06,-7.512982179781362e-05,1.666666666666667e+00,0.000000000000000e+00,2.981500000000000e+02,3.002103314125755e+02,3.000000000000000e+02,3.461186163577045e+02,3.000602332549453e+02,1,0.000000000000000e+00,0.000000000000000e+00
4.399999999999730e-06,88,1.123327051189267e-03,3.227544907172651e+02,1.000000000000000e+00,8.000000000000000e-01,2.000000000000000e-01,5.374555982929965e-06,-7.512982179781362e-05,1.666666666666667e+00,0.000000000000000e+00,2.981500000000000e+02,3.002101859522742e+02,3.000000000000000e+02,3.463538580318496e+02,3.000614891739289e+02,1,0.000000000000000e+00,0.000000000000000e+00
4.449999999999755e-06,89,1.135243048321366e-03,3.015315518464888e+02,1.000000000000000e+00,8.000000000000000e-01,2.000000000000000e-01,5.457889316263312e-06,-7.512982179781362e-05,1.666666666666667e+00,0.000000000000000e+00,2.981500000000000e+02,3.002101379136188e+02,3.000000000000000e+02,3.465810503407101e+02,3.000627892423747e+02,1,0.000000000000000e+00,0.000000000000000e+00
4.499999999999780e-06,90,1.148966476989775e-03,2.833669163439052e+02,1.000000000000000e+00,8.000000000000000e-01,2.000000000000000e-01,5.541222649596658e-06,-7.512982179781362e-05,1.666666666666667e+00,0.000000000000000e+00,2.981500000000000e+02,3.002098994595981e+02,3.000000000000000e+02,3.468101708946703e+02,3.000641921214171e+02,1,0.000000000000000e+00,0.000000000000000e+00
4.549999999999805e-06,91,1.163996439428949e-03,3.024487709504352e+02,1.000000000000000e+00,8.000000000000000e-01,2.000000000000000e-01,5.624555982930005e-06,-7.512982179781362e-05,1.666666666666667e+00,0.000000000000000e+00,2.981500000000000e+02,3.002097293000272e+02,3.000000000000000e+02,3.470483620226943e+02,3.000657424209891e+02,1,0.000000000000000e+00,0.000000000000000e+00
4.599999999999830e-06,92,1.180479229840306e-03,3.322622428204348e+02,1.000000000000000e+00,8.000000000000000e-01,2.000000000000000e-01,5.707889316263352e-06,-7.512982179781362e-05,1.666666666666667e+00,0.000000000000000e+00,2.981500000000000e+02,3.002099776689319e+02,3.000000000000000e+02,3.473022587530708e+02,3.000674863216364e+02,1,0.000000000000000e+00,0.000000000000000e+00
4.649999999999855e-06,93,1.198177586084188e-03,3.910508253188840e+02,1.000000000000000e+00,8.000000000000000e-01,2.000000000000000e-01,5.791222649596698e-06,-7.512982179781362e-05,1.666666666666667e+00,0.000000000000000e+00,2.981500000000000e+02,3.002107633162788e+02,3.000000000000000e+02,3.475714108640626e+02,3.000694126212156e+02,1,0.000000000000000e+00,0.000000000000000e+00
4.699999999999880e-06,94,1.216891823791912e-03,4.341949636736238e+02,1.000000000000000e+00,8.000000000000000e-01,2.000000000000000e-01,5.874555982930045e-06,-7.512982179781362e-05,1.666666666666667e+00,0.000000000000000e+00,2.981500000000000e+02,3.002123472157001e+02,3.000000000000000e+02,3.478503233161667e+02,3.000715124467532e+02,1,0.000000000000000e+00,0.000000000000000e+00
4.749999999999905e-06,95,1.236707602242200e-03,4.635232558936398e+02,1.000000000000000e+00,8.000000000000000e-01,2.000000000000000e-01,5.957889316263392e-06,-7.512982179781362e-05,1.666666666666667e+00,0.000000000000000e+00,2.981500000000000e+02,3.002154609909297e+02,3.000000000000000e+02,3.481441859594951e+02,3.000738030221578e+02,1,0.000000000000000e+00,0.000000000000000e+00
4.799999999999929e-06,96,1.257447135171251e-03,4.695258375828673e+02,1.000000000000000e+00,8.000000000000000e-01,2.000000000000000e-01,6.041222649596738e-06,-7.512982179781362e-05,1.666666666666667e+00,0.000000000000000e+00,2.981500000000000e+02,3.002191503357963e+02,3.000000000000000e+02,3.484563135617838e+02,3.000762685740128e+02,1,0.000000000000000e+00,0.000000000000000e+00
4.849999999999954e-06,97,1.273923865844915e-03,3.791658004829771e+02,1.000000000000000e+00,8.000000000000000e-01,2.000000000000000e-01,6.124555982930085e-06,-7.512982179781362e-05,1.666666666666667e+00,0.000000000000000e+00,2.981500000000000e+02,3.002211937015323e+02,3.000000000000000e+02,3.487764645002198e+02,3.000785328423414e+02,1,0.000000000000000e+00,0.000000000000000e+00
4.899999999999979e-06,98,1.287544493376072e-03,3.558283490601004e+02,1.000000000000000e+00,8.000000000000000e-01,2.000000000000000e-01,6.207889316263432e-06,-7.512982179781362e-05,1.666666666666667e+00,0.000000000000000e+00,2.981500000000000e+02,3.002216288725909e+02,3.000000000000000e+02,3.490676874587006e+02,3.000805130492500e+02,1,0.000000000000000e+00,0.000000000000000e+00
4.950000000000004e-06,99,1.299265888038184e-03,3.410064172905813e+02,1.000000000000000e+00,8.000000000000000e-01,2.000000000000000e-01,6.291222649596778e-06,-7.512982179781362e-05,1.666666666666667e+00,0.000000000000000e+00,2.981500000000000e+02,3.002212468670559e+02,3.000000000000000e+02,3.493243656675851e+02,3.000822762370605e+02,1,0.000000000000000e+00,0.000000000000000e+00
5.000000000000029e-06,100,1.309558215700173e-03,3.264860505566456e+02,1.000000000000000e+00,8.000000000000000e-01,2.000000000000000e-01,6.374555982930125e-06,-7.512982179781362e-05,1.666666666666667e+00,0.000000000000000e+00,2.981500000000000e+02,3.002204402438628e+02,3.000000000000000e+02,3.495526555962849e+02,3.000838746149910e+02,1,0.000000000000000e+00,0.000000000000000e+00
5.050000000000054e-06,101,1.319041579629735e-03,3.048783978976431e+02,1.000000000000000e+00,8.000000000000000e-01,2.000000000000000e-01,6.457889316263472e-06,-7.512982179781362e-05,1.666666666666667e+00,0.000000000000000e+00,2.981500000000000e+02,3.002191606115763e+02,3.000000000000000e+02,3.497635796793427e+02,3.000853828126116e+02,1,0.000000000000000e+00,0.000000000000000e+00
5.100000000000079e-06,102,1.329194190694722e-03,2.871827380446404e+02,1.000000000000000e+00,8.000000000000000e-01,2.000000000000000e-01,6.541222649596818e-06,-7.512982179781362e-05,1.666666666666667e+00,0.000000000000000e+00,2.981500000000000e+02,3.002175340144201e+02,3.000000000000000e+02,3.499672232731899e+02,3.000868702529230e+02,1,0.000000000000000e+00,0.000000000000000e+00
5.150000000000104e-06,103,1.341023174241262e-03,2.964116383604685e+02,1.000000000000000e+00,8.000000000000000e-01,2.000000000000000e-01,6.624555982930165e-06,-7.512982179781362e-05,1.666666666666667e+00,0.000000000000000e+00,2.981500000000000e+02,3.002160036485205e+02,3.000000000000000e+02,3.501686917568915e+02,3.000884317186646e+02,1,0.000000000000000e+00,0.000000000000000e+00
5.200000000000129e-06,104,1.354386215980078e-03,3.082904183535271e+02,1.000000000000000e+00,8.000000000000000e-01,2.000000000000000e-01,6.707889316263511e-06,-7.512982179781362e-05,1.666666666666667e+00,0.000000000000000e+00,2.981500000000000e+02,3.002153194878626e+02,3.000000000000000e+02,3.503754459839816e+02,3.000901694143460e+02,1,0.000000000000000e+00,0.000000000000000e+00
5.250000000000154e-06,105,1.369492874229177e-03,3.379089996257260e+02,1.000000000000000e+00,8.000000000000000e-01,2.000000000000000e-01,6.791222649596858e-06,-7.512982179781362e-05,1.666666666666667e+00,0.000000000000000e+00,2.981500000000000e+02,3.002150728758294e+02,3.000000000000000e+02,3.506018929017161e+02,3.000921595480486e+02,1,0.000000000000000e+00,0.000000000000000e+00
5.300000000000179e-06,106,1.386244838015055e-03,3.905148688336313e+02,1.000000000000000e+00,8.000000000000000e-01,2.000000000000000e-01,6.874555982930205e-06,-7.512982179781362e-05,1.666666666666667e+00,0.000000000000000e+00,2.981500000000000e+02,3.002154373277353e+02,3.000000000000000e+02,3.508475118898176e+02,3.000944100705531e+02,1,0.000000000000000e+00,0.000000000000000e+00
5.350000000000204e-06,107,1.404488314873015e-03,4.492174295348642e+02,1.000000000000000e+00,8.000000000000000e-01,2.000000000000000e-01,6.957889316263551e-06,-7.512982179781362e-05,1.666666666666667e+00,0.000000000000000e+00,2.981500000000000e+02,3.002174097128544e+02,3.000000000000000e+02,3.511083459465582e+02,3.000969160031273e+02,1,0.000000000000000e+00,0.000000000000000e+00
5.400000000000229e-06,108,1.423787589568434e-03,4.681889224277593e+02,1.000000000000000e+00,8.000000000000000e-01,2.000000000000000e-01,7.041222649596898e-06,-7.512982179781362e-05,1.666666666666667e+00,0.000000000000000e+00,2.981500000000000e+02,3.002201506469589e+02,3.000000000000000e+02,3.513785732376754e+02,3.000996234111437e+02,1,0.000000000000000e+00,0.000000000000000e+00
5.450000000000254e-06,109,1.443323234829026e-03,4.738657149223837e+02,1.000000000000000e+00,8.000000000000000e-01,2.000000000000000e-01,7.124555982930245e-06,-7.512982179781362e-05,1.666666666666667e+00,0.000000000000000e+00,2.981500000000000e+02,3.002231258933060e+02,3.000000000000000e+02,3.516533840227468e+02,3.001024451427621e+02,1,0.000000000000000e+00,0.000000000000000e+00
5.500000000000279e-06,110,1.458850903855725e-03,3.863867751568903e+02,1.000000000000000e+00,8.000000000000000e-01,2.000000000000000e-01,7.207889316263591e-06,-7.512982179781362e-05,1.666666666666667e+00,0.000000000000000e+00,2.981500000000000e+02,3.002247556379750e+02,3.000000000000000e+02,3.519329336017765e+02,3.001050845416017e+02,1,0.000000000000000e+00,0.000000000000000e+00
5.550000000000303e-06,111,1.472002158855692e-03,3.584299812100065e+02,1.000000000000000e+00,8.000000000000000e-01,2.000000000000000e-01,7.291222649596938e-06,-7.512982179781362e-05,1.666666666666667e+00,0.000000000000000e+00,2.981500000000000e+02,3.002249743505059e+02,3.000000000000000e+02,3.521932807316725e+02,3.001074627346180e+02,1,0.000000000000000e+00,0.000000000000000e+00
5.600000000000328e-06,112,1.483289461045494e-03,3.468330599187228e+02,1.000000000000000e+00,8.000000000000000e-01,2.000000000000000e-01,7.374555982930285e-06,-7.512982179781362e-05,1.666666666666667e+00,0.000000000000000e+00,2.981500000000000e+02,3.002244031913336e+02,3.000000000000000e+02,3.524188761440491e+02,3.001095786690420e+02,1,0.000000000000000e+00,0.000000000000000e+00
5.650000000000353e-06,113,1.492929733779497e-03,3.231534354000531e+02,1.000000000000000e+00,8.000000000000000e-01,2.000000000000000e-01,7.457889316263631e-06,-7.512982179781362e-05,1.666666666666667e+00,0.000000000000000e+00,2.981500000000000e+02,3.002232059138812e+02,3.000000000000000e+02,3.526090640250190e+02,3.001114456542297e+02,1,0.000000000000000e+00,0.000000000000000e+00
5.700000000000378e-06,114,1.501717107403609e-03,3.224522001192014e+02,1.000000000000000e+00,8.000000000000000e-01,2.000000000000000e-01,7.541222649596978e-06,-7.512982179781362e-05,1.666666666666667e+00,0.000000000000000e+00,2.981500000000000e+02,3.002216651842755e+02,3.000000000000000e+02,3.527795466316627e+02,3.001131965527778e+02,1,0.000000000000000e+00,0.000000000000000e+00
5.750000000000403e-06,115,1.511155920750921e-03,3.177831931407207e+02,1.000000000000000e+00,8.000000000000000e-01,2.000000000000000e-01,7.624555982930325e-06,-7.512982179781362e-05,1.666666666666667e+00,0.000000000000000e+00,2.981500000000000e+02,3.002201584943431e+02,3.000000000000000e+02,3.529412346987897e+02,3.001149533688351e+02,1,0.000000000000000e+00,0.000000000000000e+00
5.800000000000428e-06,116,1.522492536944291e-03,3.134367030417781e+02,1.000000000000000e+00,8.000000000000000e-01,2.000000000000000e-01,7.707889316263670e-06,-7.512982179781362e-05,1.666666666666667e+00,0.000000000000000e+00,2.981500000000000e+02,3.002187688909783e+02,3.000000000000000e+02,3.531032699620498e+02,3.001168414180261e+02,1,0.000000000000000e+00,0.000000000000000e+00
5.850000000000453e-06,117,1.536011413066290e-03,3.214048570602624e+02,1.000000000000000e+00,8.000000000000000e-01,2.000000000000000e-01,7.791222649597017e-06,-7.512982179781362e-05,1.666666666666667e+00,0.000000000000000e+00,2.981500000000000e+02,3.002177729030314e+02,3.000000000000000e+02,3.532766631704974e+02,3.001190194670455e+02,1,0.000000000000000e+00,0.000000000000000e+00
5.900000000000478e-06,118,1.551507592951932e-03,3.608481048477684e+02,1.000000000000000e+00,8.000000000000000e-01,2.000000000000000e-01,7.874555982930364e-06,-7.512982179781362e-05,1.666666666666667e+00,0.000000000000000e+00,2.981500000000000e+02,3.002174868166466e+02,3.000000000000000e+02,3.534678521678305e+02,3.001215287871050e+02,1,0.000000000000000e+00,0.000000000000000e+00
5.950000000000503e-06,119,1.568886564749218e-03,4.337571117186403e+02,1.000000000000000e+00,8.000000000000000e-01,2.000000000000000e-01,7.957889316263710e-06,-7.512982179781362e-05,1.666666666666667e+00,0.000000000000000e+00,2.981500000000000e+02,3.002184844457862e+02,3.000000000000000e+02,3.536767505834478e+02,3.001243766470189e+02,1,0.000000000000000e+00,0.000000000000000e+00
6.000000000000528e-06,120,1.587468230630293e-03,4.899187965544172e+02,1.000000000000000e+00,8.000000000000000e-01,2.000000000000000e-01,8.041222649597057e-06,-7.512982179781362e-05,1.666666666666667e+00,0.000000000000000e+00,2.981500000000000e+02,3.002206290615638e+02,3.000000000000000e+02,3.538967185104738e+02,3.001274704942082e+02,1,0.000000000000000e+00,0.000000000000000e+00
6.050000000000553e-06,121,1.606689028152008e-03,5.284688867026708e+02,1.000000000000000e+00,8.000000000000000e-01,2.000000000000000e-01,8.124555982930404e-06,-7.512982179781362e-05,1.666666666666667e+00,0.000000000000000e+00,2.981500000000000e+02,3.002234908630721e+02,3.000000000000000e+02,3.541229635228642e+02,3.001307295088594e+02,1,0.000000000000000e+00,0.000000000000000e+00
6.100000000000578e-06,122,1.624580072245147e-03,4.838860953713698e+02,1.000000000000000e+00,8.000000000000000e-01,2.000000000000000e-01,8.207889316263750e-06,-7.512982179781362e-05,1.666666666666667e+00,0.000000000000000e+00,2.981500000000000e+02,3.002264967669282e+02,3.000000000000000e+02,3.543474827293145e+02,3.001339905928539e+02,1,0.000000000000000e+00,0.000000000000000e+00
6.150000000000603e-06,123,1.638391757753280e-03,4.056493905055042e+02,1.000000000000000e+00,8.000000000000000e-01,2.000000000000000e-01,8.291222649597097e-06,-7.512982179781362e-05,1.666666666666667e+00,0.000000000000000e+00,2.981500000000000e+02,3.002275717292589e+02,3.000000000000000e+02,3.545687960707504e+02,3.001369398694076e+02,1,0.000000000000000e+00,0.000000000000000e+00
6.200000000000628e-06,124,1.650354476305025e-03,3.644305875155906e+02,1.000000000000000e+00,8.000000000000000e-01,2.000000000000000e-01,8.374555982930444e-06,-7.512982179781362e-05,1.666666666666667e+00,0.000000000000000e+00,2.981500000000000e+02,3.002274307475057e+02,3.000000000000000e+02,3.547702245405029e+02,3.001396316442746e+02,1,0.000000000000000e+00,0.000000000000000e+00
6.250000000000653e-06,125,1.660716717242327e-03,3.416792434094294e+02,1.000000000000000e+00,8.000000000000000e-01,2.000000000000000e-01,8.457889316263790e-06,-7.512982179781362e-05,1.666666666666667e+00,0.000000000000000e+00,2.981500000000000e+02,3.002264401947325e+02,3.000000000000000e+02,3.549453402894239e+02,3.001420643559942e+02,1,0.000000000000000e+00,0.000000000000000e+00
6.300000000000677e-06,126,1.669928114474143e-03,3.256277115537216e+02,1.000000000000000e+00,8.000000000000000e-01,2.000000000000000e-01,8.541222649597137e-06,-7.512982179781362e-05,1.666666666666667e+00,0.000000000000000e+00,2.981500000000000e+02,3.002249902111487e+02,3.000000000000000e+02,3.550982002893871e+02,3.001443206350723e+02,1,0.000000000000000e+00,0.000000000000000e+00
6.350000000000702e-06,127,1.679149907281523e-03,3.319355675467149e+02,1.000000000000000e+00,8.000000000000000e-01,2.000000000000000e-01,8.624555982930484e-06,-7.512982179781362e-05,1.666666666666667e+00,0.000000000000000e+00,2.981500000000000e+02,3.002234457030889e+02,3.000000000000000e+02,3.552370782529476e+02,3.001465185417886e+02,1,0.000000000000000e+00,0.000000000000000e+00
6.400000000000727e-06,128,1.689801216406600e-03,3.579053802524158e+02,1.000000000000000e+00,8.000000000000000e-01,2.000000000000000e-01,8.707889316263830e-06,-7.512982179781362e-05,1.666666666666667e+00,0.000000000000000e+00,2.981500000000000e+02,3.002221962985445e+02,3.000000000000000e+02,3.553709811323466e+02,3.001487920546384e+02,1,0.000000000000000e+00,0.000000000000000e+00
6.450000000000752e-06,129,1.701984900295585e-03,3.606781965721690e+02,1.000000000000000e+00,8.000000000000000e-01,2.000000000000000e-01,8.791222649597177e-06,-7.512982179781362e-05,1.666666666666667e+00,0.000000000000000e+00,2.981500000000000e+02,3.002213444517725e+02,3.000000000000000e+02,3.555063922233773e+02,3.001512745395456e+02,1,0.000000000000000e+00,0.000000000000000e+00
6.500000000000777e-06,130,1.715853702834438e-03,3.557440147213834e+02,1.000000000000000e+00,8.000000000000000e-01,2.000000000000000e-01,8.874555982930524e-06,-7.512982179781362e-05,1.666666666666667e+00,0.000000000000000e+00,2.981500000000000e+02,3.002207349334300e+02,3.000000000000000e+02,3.556543146933744e+02,3.001540793512973e+02,1,0.000000000000000e+00,0.000000000000000e+00
6.550000000000802e-06,131,1.731288596976834e-03,3.821671366963336e+02,1.000000000000000e+00,8.000000000000000e-01,2.000000000000000e-01,8.957889316263870e-06,-7.512982179781362e-05,1.666666666666667e+00,0.000000000000000e+00,2.981500000000000e+02,3.002205892918325e+02,3.000000000000000e+02,3.558187555742996e+02,3.001572178856784e+02,1,0.000000000000000e+00,0.000000000000000e+00
6.600000000000827e-06,132,1.747931695304630e-03,4.262349216968620e+02,1.000000000000000e+00,8.000000000000000e-01,2.000000000000000e-01,9.041222649597217e-06,-7.512982179781362e-05,1.666666666666667e+00,0.000000000000000e+00,2.981500000000000e+02,3.002211440623034e+02,3.000000000000000e+02,3.559944848548803e+02,3.001606566437885e+02,1,0.000000000000000e+00,0.000000000000000e+00
6.650000000000852e-06,133,1.765260325554586e-03,4.697750147447579e+02,1.000000000000000e+00,8.000000000000000e-01,2.000000000000000e-01,9.124555982930564e-06,-7.512982179781362e-05,1.666666666666667e+00,0.000000000000000e+00,2.981500000000000e+02,3.002224778131811e+02,3.000000000000000e+02,3.561775055105916e+02,3.001642848462050e+02,1,0.000000000000000e+00,0.000000000000000e+00
6.700000000000877e-06,134,1.782588028562866e-03,4.832316894258915e+02,1.000000000000000e+00,8.000000000000000e-01,2.000000000000000e-01,9.207889316263910e-06,-7.512982179781362e-05,1.666666666666667e+00,0.000000000000000e+00,2.981500000000000e+02,3.002240781283849e+02,3.000000000000000e+02,3.563620904828584e+02,3.001679739593366e+02,1,0.000000000000000e+00,0.000000000000000e+00
6.750000000000902e-06,135,1.797765331996375e-03,4.459836680042521e+02,1.000000000000000e+00,8.000000000000000e-01,2.000000000000000e-01,9.291222649597257e-06,-7.512982179781362e-05,1.666666666666667e+00,0.000000000000000e+00,2.981500000000000e+02,3.002255772530296e+02,3.000000000000000e+02,3.565444595799549e+02,3.001715846457686e+02,1,0.000000000000000e+00,0.000000000000000e+00
6.800000000000927e-06,136,1.809722686537522e-03,3.871662816596954e+02,1.000000000000000e+00,8.000000000000000e-01,2.000000000000000e-01,9.374555982930604e-06,-7.512982179781362e-05,1.666666666666667e+00,0.000000000000000e+00,2.981500000000000e+02,3.002256874649501e+02,3.000000000000000e+02,3.567215826375440e+02,3.001749207154536e+02,1,0.000000000000000e+00,0.000000000000000e+00
6.850000000000952e-06,137,1.820059242440371e-03,3.429767461214107e+02,1.000000000000000e+00,8.000000000000000e-01,2.000000000000000e-01,9.457889316263950e-06,-7.512982179781362e-05,1.666666666666667e+00,0.000000000000000e+00,2.981500000000000e+02,3.002248058636962e+02,3.000000000000000e+02,3.568803053561793e+02,3.001779968430524e+02,1,0.000000000000000e+00,0.000000000000000e+00
6.900000000000977e-06,138,1.828974901068029e-03,3.054048839786154e+02,1.000000000000000e+00,8.000000000000000e-01,2.000000000000000e-01,9.541222649597297e-06,-7.512982179781362e-05,1.666666666666667e+00,0.000000000000000e+00,2.981500000000000e+02,3.002231420562234e+02,3.000000000000000e+02,3.570158646856642e+02,3.001808102249249e+02,1,0.000000000000000e+00,0.000000000000000e+00
6.950000000001002e-06,139,1.836969578595913e-03,2.971320704496771e+02,1.000000000000000e+00,8.000000000000000e-01,2.000000000000000e-01,9.624555982930643e-06,-7.512982179781362e-05,1.666666666666667e+00,0.000000000000000e+00,2.981500000000000e+02,3.002210737083093e+02,3.000000000000000e+02,3.571335502725868e+02,3.001834956463172e+02,1,0.000000000000000e+00,0.000000000000000e+00
7.000000000001026e-06,140,1.844938919871406e-03,3.232900515267267e+02,1.000000000000000e+00,8.000000000000000e-01,2.000000000000000e-01,9.707889316263990e-06,-7.512982179781362e-05,1.666666666666667e+00,0.000000000000000e+00,2.981500000000000e+02,3.002191557466498e+02,3.000000000000000e+02,3.572417912759019e+02,3.001861774531536e+02,1,0.000000000000000e+00,0.000000000000000e+00
7.050000000001051e-06,141,1.854241294069479e-03,3.690959224796169e+02,1.000000000000000e+00,8.000000000000000e-01,2.000000000000000e-01,9.791222649597337e-06,-7.512982179781362e-05,1.666666666666667e+00,0.000000000000000e+00,2.981500000000000e+02,3.002177425428656e+02,3.000000000000000e+02,3.573472829706618e+02,3.001889533823353e+02,1,0.000000000000000e+00,0.000000000000000e+00
7.100000000001076e-06,142,1.865194898125785e-03,3.602331781073902e+02,1.000000000000000e+00,8.000000000000000e-01,2.000000000000000e-01,9.874555982930683e-06,-7.512982179781362e-05,1.666666666666667e+00,0.000000000000000e+00,2.981500000000000e+02,3.002168027308281e+02,3.000000000000000e+02,3.574562534161342e+02,3.001919553226383e+02,1,0.000000000000000e+00,0.000000000000000e+00
7.150000000001101e-06,143,1.877594878506731e-03,3.428106447873681e+02,1.000000000000000e+00,8.000000000000000e-01,2.000000000000000e-01,9.957889316264030e-06,-7.512982179781362e-05,1.666666666666667e+00,0.000000000000000e+00,2.981500000000000e+02,3.002159025848532e+02,2.999999999998821e+02,3.575723491564065e+02,3.001952501007290e+02,1,0.000000000000000e+00,0.000000000000000e+00
7.200000000001126e-06,144,1.891175151170456e-03,3.547391065129407e+02,1.000000000000000e+00,8.000000000000000e-01,2.000000000000000e-01,1.004122264959738e-05,-7.512982179781362e-05,1.666666666666667e+00,0.000000000000000e+00,2.981500000000000e+02,3.002151706864609e+02,2.999999999998821e+02,3.576985410015093e+02,3.001988358276661e+02,1,0.000000000000000e+00,0.000000000000000e+00
7.250000000001151e-06,145,1.905534967935467e-03,3.961321716673665e+02,1.000000000000000e+00,8.000000000000000e-01,2.000000000000000e-01,1.012455598293072e-05,-7.512982179781362e-05,1.666666666666667e+00,0.000000000000000e+00,2.981500000000000e+02,3.002149157878831e+02,2.999999999998821e+02,3.578309841448412e+02,3.002026434361427e+02,1,0.000000000000000e+00,0.000000000000000e+00
7.300000000001176e-06,146,1.920115782560565e-03,4.014808380439987e+02,1.000000000000000e+00,8.000000000000000e-01,2.000000000000000e-01,1.020788931626407e-05,-7.512982179781362e-05,1.666666666666667e+00,0.000000000000000e+00,2.981500000000000e+02,3.002150029658080e+02,2.999999999998821e+02,3.579663964499957e+02,3.002065366828602e+02,1,0.000000000000000e+00,0.000000000000000e+00
7.350000000001201e-06,147,1.934617214160859e-03,4.248530251632795e+02,1.000000000000000e+00,8.000000000000000e-01,2.000000000000000e-01,1.029122264959742e-05,-7.512982179781362e-05,1.666666666666667e+00,0.000000000000000e+00,2.981500000000000e+02,3.002152672097764e+02,2.999999999998821e+02,3.581014430660976e+02,3.002104673471862e+02,1,0.000000000000000e+00,0.000000000000000e+00
7.400000000001226e-06,148,1.948979999436905e-03,4.440282187186514e+02,1.000000000000000e+00,8.000000000000000e-01,2.000000000000000e-01,1.037455598293076e-05,-7.512982179781362e-05,1.666666666666667e+00,0.000000000000000e+00,2.981500000000000e+02,3.002157882116093e+02,2.999999999998821e+02,3.582308105753615e+02,3.002144107942688e+02,1,0.000000000000000e+00,0.000000000000000e+00
7.450000000001251e-06,149,1.960768365157203e-03,3.862311941258236e+02,1.000000000000000e+00,8.000000000000000e-01,2.000000000000000e-01,1.045788931626411e-05,-7.512982179781362e-05,1.666666666666667e+00,0.000000000000000e+00,2.981500000000000e+02,3.002160768032587e+02,2.999999999998821e+02,3.583581545424016e+02,3.002182635724658e+02,1,0.000000000000000e+00,0.000000000000000e+00
7.500000000001276e-06,150,1.970448555401748e-03,3.335594580668239e+02,1.000000000000000e+00,8.000000000000000e-01,2.000000000000000e-01,1.054122264959746e-05,-7.512982179781362e-05,1.666666666666667e+00,0.000000000000000e+00,2.981500000000000e+02,3.002152410570591e+02,2.999999999993693e+02,3.584741716245530e+02,3.002218987610441e+02,1,0.000000000000000e+00,0.000000000000000e+00
7.550000000001301e-06,151,1.978797728545394e-03,2.918431094520847e+02,1.000000000000000e+00,8.000000000000000e-01,2.000000000000000e-01,1.062455598293080e-05,-7.512982179781362e-05,1.666666666666667e+00,0.000000000000000e+00,2.981500000000000e+02,3.002135907863449e+02,2.999999999993693e+02,3.585733057238355e+02,3.002252845641902e+02,1,0.000000000000000e+00,0.000000000000000e+00
7.600000000001326e-06,152,1.986286366316005e-03,3.017408788880556e+02,1.000000000000000e+00,8.000000000000000e-01,2.000000000000000e-01,1.070788931626415e-05,-7.512982179781362e-05,1.666666666666667e+00,0.000000000000000e+00,2.981500000000000e+02,3.002117439336952e+02,2.999999999993693e+02,3.586569738494603e+02,3.002285397227319e+02,1,0.000000000000000e+00,0.000000000000000e+00
7.650000000001316e-06,153,1.993373844679896e-03,3.097248011322221e+02,1.000000000000000e+00,8.000000000000000e-01,2.000000000000000e-01,1.079122264959750e-05,-7.512982179781362e-05,1.666666666666667e+00,0.000000000000000e+00,2.981500000000000e+02,3.002100745204102e+02,2.999999999993693e+02,3.587347660704907e+02,3.002318111396630e+02,1,0.000000000000000e+00,0.000000000000000e+00
7.700000000001256e-06,154,2.000704775283435e-03,3.421754875700557e+02,1.000000000000000e+00,8.000000000000000e-01,2.000000000000000e-01,1.087455598293084e-05,-7.512982179781362e-05,1.666666666666667e+00,0.000000000000000e+00,2.981500000000000e+02,3.002087767565922e+02,2.999999999993693e+02,3.588170513911642e+02,3.002352156732388e+02,1,0.000000000000000e+00,0.000000000000000e+00
7.750000000001196e-06,155,2.009543896549264e-03,3.452031877654226e+02,1.000000000000000e+00,8.000000000000000e-01,2.000000000000000e-01,1.095788931626419e-05,-7.512982179781362e-05,1.666666666666667e+00,0.000000000000000e+00,2.981500000000000e+02,3.002077938063762e+02,2.999999999993693e+02,3.589027625611456e+02,3.002387918295048e+02,1,0.000000000000000e+00,0.000000000000000e+00
7.800000000001137e-06,156,2.020120631525229e-03,3.354489493915584e+02,1.000000000000000e+00,8.000000000000000e-01,2.000000000000000e-01,1.104122264959754e-05,-7.512982179781362e-05,1.666666666666667e+00,0.000000000000000e+00,2.981500000000000e+02,3.002069852206699e+02,2.999999999993693e+02,3.589925133255875e+02,3.002426013618619e+02,1,0.000000000000000e+00,0.000000000000000e+00
7.850000000001077e-06,157,2.031962942818655e-03,3.387096277981168e+02,1.000000000000000e+00,8.000000000000000e-01,2.000000000000000e-01,1.112455598293088e-05,-7.512982179781362e-05,1.666666666666667e+00,0.000000000000000e+00,2.981500000000000e+02,3.002062427369760e+02,2.999999999993693e+02,3.590885527796311e+02,3.002466475426551e+02,1,0.000000000000000e+00,0.000000000000000e+00
7.900000000001017e-06,158,2.044382486117270e-03,3.468495664767150e+02,1.000000000000000e+00,8.000000000000000e-01,2.000000000000000e-01,1.120788931626423e-05,-7.512982179781362e-05,1.666666666666667e+00,0.000000000000000e+00,2.981500000000000e+02,3.002056060477981e+02,2.999999999993693e+02,3.591843741175400e+02,3.002508394515075e+02,1,0.000000000000000e+00,0.000000000000000e+00
7.950000000000957e-06,159,2.056867387295460e-03,3.480868714375993e+02,1.000000000000000e+00,8.000000000000000e-01,2.000000000000000e-01,1.129122264959758e-05,-7.512982179781362e-05,1.666666666666667e+00,0.000000000000000e+00,2.981500000000000e+02,3.002050582437032e+02,2.999999999993693e+02,3.592784724104898e+02,3.002550788283958e+02,1,0.000000000000000e+00,0.000000000000000e+00
8.000000000000897e-06,160,2.069409837699209e-03,3.847709314443933e+02,1.000000000000000e+00,8.000000000000000e-01,2.000000000000000e-01,1.137455598293092e-05,-7.512982179781362e-05,1.666666666666667e+00,0.000000000000000e+00,2.981500000000000e+02,3.002048156012254e+02,2.999999999993693e+02,3.593735606274017e+02,3.002593872166350e+02,1,0.000000000000000e+00,0.000000000000000e+00
8.050000000000838e-06,161,2.082025615446474e-03,4.299762566219665e+02,1.000000000000000e+00,8.000000000000000e-01,2.000000000000000e-01,1.145788931626427e-05,-7.512982179781362e-05,1.666666666666667e+00,0.000000000000000e+00,2.981500000000000e+02,3.002051168003418e+02,2.999999999993693e+02,3.594664507302315e+02,3.002637872525208e+02,1,0.000000000000000e+00,0.000000000000000e+00
8.100000000000778e-06,162,2.094820794097802e-03,4.459732702948778e+02,1.000000000000000e+00,8.000000000000000e-01,2.000000000000000e-01,1.154122264959762e-05,-7.512982179781362e-05,1.666666666666667e+00,0.000000000000000e+00,2.981500000000000e+02,3.002057038496558e+02,2.999999999993693e+02,3.595558484645505e+02,3.002682371191497e+02,1,0.000000000000000e+00,0.000000000000000e+00
8.150000000000718e-06,163,2.105344530939748e-03,3.740904808779816e+02,1.000000000000000e+00,8.000000000000000e-01,2.000000000000000e-01,1.162455598293096e-05,-7.512982179781362e-05,1.666666666666667e+00,0.000000000000000e+00,2.981500000000000e+02,3.002059384730697e+02,2.999999999993693e+02,3.596411494086307e+02,3.002725871978552e+02,1,0.000000000000000e+00,0.000000000000000e+00
8.200000000000658e-06,164,2.114225008206782e-03,3.315109906579097e+02,1.000000000000000e+00,8.000000000000000e-01,2.000000000000000e-01,1.170788931626431e-05,-7.512982179781362e-05,1.666666666666667e+00,0.000000000000000e+00,2.981500000000000e+02,3.002051811984476e+02,2.999999999993749e+02,3.597189359087325e+02,3.002767826556264e+02,1,0.000000000000000e+00,0.000000000000000e+00
8.250000000000599e-06,165,2.122387271750821e-03,3.323633160267373e+02,1.000000000000000e+00,8.000000000000000e-01,2.000000000000000e-01,1.179122264959766e-05,-7.512982179781362e-05,1.666666666666667e+00,0.000000000000000e+00,2.981500000000000e+02,3.002041572841339e+02,2.999999999993749e+02,3.597883442409909e+02,3.002809026826409e+02,1,0.000000000000000e+00,0.000000000000000e+00
8.300000000000539e-06,166,2.130262768939550e-03,3.626115062439233e+02,1.000000000000000e+00,8.000000000000000e-01,2.000000000000000e-01,1.187455598293100e-05,-7.512982179781362e-05,1.666666666666667e+00,0.000000000000000e+00,2.981500000000000e+02,3.002033805309255e+02,2.999999999993749e+02,3.598551160625575e+02,3.002850305972089e+02,1,0.000000000000000e+00,0.000000000000000e+00
8.350000000000479e-06,167,2.137946556679267e-03,3.786986004008065e+02,1.000000000000000e+00,8.000000000000000e-01,2.000000000000000e-01,1.195788931626435e-05,-7.512982179781362e-05,1.666666666666667e+00,0.000000000000000e+00,2.981500000000000e+02,3.002028888733807e+02,2.999999999993749e+02,3.599211317626443e+02,3.002892364603223e+02,1,0.000000000000000e+00,0.000000000000000e+00
8.400000000000419e-06,168,2.145697899743242e-03,3.848156018230572e+02,1.000000000000000e+00,8.000000000000000e-01,2.000000000000000e-01,1.204122264959770e-05,-7.512982179781362e-05,1.666666666666667e+00,0.000000000000000e+00,2.981500000000000e+02,3.002025917705936e+02,2.999999999993749e+02,3.599916301547009e+02,3.002935393041985e+02,1,0.000000000000000e+00,0.000000000000000e+00
8.450000000000360e-06,169,2.153513362858283e-03,3.699446003788791e+02,1.000000000000000e+00,8.000000000000000e-01,2.000000000000000e-01,1.212455598293104e-05,-7.512982179781362e-05,1.666666666666667e+00,0.000000000000000e+00,2.981500000000000e+02,3.002022900162440e+02,2.999999999993965e+02,3.600666281743319e+02,3.002979181653807e+02,1,0.000000000000000e+00,0.000000000000000e+00
8.500000000000300e-06,170,2.161703391842030e-03,3.386507055542817e+02,1.000000000000000e+00,8.000000000000000e-01,2.000000000000000e-01,1.220788931626439e-05,-7.512982179781362e-05,1.666666666666667e+00,0.000000000000000e+00,2.981500000000000e+02,3.002017508227462e+02,2.999999999993965e+02,3.601418086133256e+02,3.003023656515929e+02,1,0.000000000000000e+00,0.000000000000000e+00
8.550000000000240e-06,171,2.171175161075288e-03,3.387311658176542e+02,1.000000000000000e+00,8.000000000000000e-01,2.000000000000000e-01,1.229122264959774e-05,-7.512982179781362e-05,1.666666666666667e+00,0.000000000000000e+00,2.981500000000000e+02,3.002009912498230e+02,2.999999999992573e+02,3.602138935280151e+02,3.003068582647701e+02,1,0.000000000000000e+00,0.000000000000000e+00
8.600000000000180e-06,172,2.181414366574570e-03,3.481250022785961e+02,1.000000000000000e+00,8.000000000000000e-01,2.000000000000000e-01,1.237455598293108e-05,-7.512982179781362e-05,1.666666666666667e+00,0.000000000000000e+00,2.981500000000000e+02,3.002003143117066e+02,2.999999999992573e+02,3.602836183601945e+02,3.003113852125460e+02,1,0.000000000000000e+00,0.000000000000000e+00
8.650000000000120e-06,173,2.192004693792458e-03,3.695573099703324e+02,1.000000000000000e+00,8.000000000000000e-01,2.000000000000000e-01,1.245788931626443e-05,-7.512982179781362e-05,1.666666666666667e+00,0.000000000000000e+00,2.981500000000000e+02,3.001998419012917e+02,2.999999999992573e+02,3.603554156660986e+02,3.003159828586567e+02,1,0.000000000000000e+00,0.000000000000000e+00
8.700000000000061e-06,174,2.203012612095005e-03,4.011190510473605e+02,1.000000000000000e+00,8.000000000000000e-01,2.000000000000000e-01,1.254122264959778e-05,-7.512982179781362e-05,1.666666666666667e+00,0.000000000000000e+00,2.981500000000000e+02,3.001998069257447e+02,2.999999999992573e+02,3.604326087570499e+02,3.003207190081018e+02,1,0.000000000000000e+00,0.000000000000000e+00
8.750000000000001e-06,175,2.214365109282336e-03,4.298419989129915e+02,1.000000000000000e+00,8.000000000000000e-01,2.000000000000000e-01,1.262455598293112e-05,-7.512982179781362e-05,1.666666666666667e+00,0.000000000000000e+00,2.981500000000000e+02,3.002002136951522e+02,2.999999999992573e+02,3.605085960762915e+02,3.003256053142343e+02,1,0.000000000000000e+00,0.000000000000000e+00
8.799999999999941e-06,176,2.225702038098202e-03,4.070364526426642e+02,1.000000000000000e+00,8.000000000000000e-01,2.000000000000000e-01,1.270788931626447e-05,-7.512982179781362e-05,1.666666666666667e+00,0.000000000000000e+00,2.981500000000000e+02,3.002006038221018e+02,2.999999999992573e+02,3.605811925366426e+02,3.003305459631159e+02,1,0.000000000000000e+00,0.000000000000000e+00
8.849999999999881e-06,177,2.236431592169283e-03,3.802763872442997e+02,1.000000000000000e+00,8.000000000000000e-01,2.000000000000000e-01,1.279122264959782e-05,-7.512982179781362e-05,1.666666666666667e+00,0.000000000000000e+00,2.981500000000000e+02,3.002007577185488e+02,2.999999999992573e+02,3.606525804192584e+02,3.003354934476622e+02,1,0.000000000000000e+00,0.000000000000000e+00
8.899999999999822e-06,178,2.245142038165724e-03,3.626918784872942e+02,1.000000000000000e+00,8.000000000000000e-01,2.000000000000000e-01,1.287455598293116e-05,-7.512982179781362e-05,1.666666666666667e+00,0.000000000000000e+00,2.981500000000000e+02,3.002004364223995e+02,2.999999999992573e+02,3.607263413485284e+02,3.003403972676905e+02,1,0.000000000000000e+00,0.000000000000000e+00
8.949999999999762e-06,179,2.253030958990077e-03,3.780673899244931e+02,1.000000000000000e+00,8.000000000000000e-01,2.000000000000000e-01,1.295788931626451e-05,-7.512982179781362e-05,1.666666666666667e+00,0.000000000000000e+00,2.981500000000000e+02,3.001999839520973e+02,2.999999999992573e+02,3.607952589255783e+02,3.003452754919310e+02,1,0.000000000000000e+00,0.000000000000000e+00
8.999999999999702e-06,180,2.260354762230918e-03,4.003978570459586e+02,1.000000000000000e+00,8.000000000000000e-01,2.000000000000000e-01,1.304122264959786e-05,-7.512982179781362e-05,1.666666666666667e+00,0.000000000000000e+00,2.981500000000000e+02,3.001996327075198e+02,2.999999999992573e+02,3.608601051213043e+02,3.003500844665009e+02,1,0.000000000000000e+00,0.000000000000000e+00
9.049999999999642e-06,181,2.267257020237085e-03,3.777196206295990e+02,1.000000000000000e+00,8.000000000000000e-01,2.000000000000000e-01,1.312455598293120e-05,-7.512982179781362e-05,1.666666666666667e+00,0.000000000000000e+00,2.981500000000000e+02,3.001992538146499e+02,2.999999999992573e+02,3.609231860781766e+02,3.003548642147139e+02,1,0.000000000000000e+00,0.000000000000000e+00
9.099999999999583e-06,182,2.274009803657454e-03,3.519004213025726e+02,1.000000000000000e+00,8.000000000000000e-01,2.000000000000000e-01,1.320788931626455e-05,-7.512982179781362e-05,1.666666666666667e+00,0.000000000000000e+00,2.981500000000000e+02,3.001986606454965e+02,2.999999999992573e+02,3.609880349436764e+02,3.003596864557749e+02,1,0.000000000000000e+00,0.000000000000000e+00
9.149999999999523e-06,183,2.280598073413676e-03,3.408706948899563e+02,1.000000000000000e+00,8.000000000000000e-01,2.000000000000000e-01,1.329122264959790e-05,-7.512982179781362e-05,1.666666666666667e+00,0.000000000000000e+00,2.981500000000000e+02,3.001978333766512e+02,2.999999999992573e+02,3.610521823718071e+02,3.003645470599042e+02,1,0.000000000000000e+00,0.000000000000000e+00
9.199999999999463e-06,184,2.286922871603381e-03,3.297732927751444e+02,1.000000000000000e+00,8.000000000000000e-01,2.000000000000000e-01,1.337455598293124e-05,-7.512982179781362e-05,1.666666666666667e+00,0.000000000000000e+00,2.981500000000000e+02,3.001968507920452e+02,2.999999999992573e+02,3.611128288764623e+02,3.003694055467777e+02,1,0.000000000000000e+00,0.000000000000000e+00
9.249999999999403e-06,185,2.293216424428725e-03,3.227434744392505e+02,1.000000000000000e+00,8.000000000000000e-01,2.000000000000000e-01,1.345788931626459e-05,-7.512982179781362e-05,1.666666666666667e+00,0.000000000000000e+00,2.981500000000000e+02,3.001957683887345e+02,2.999999999992573e+02,3.611724621092862e+02,3.003742423961165e+02,1,0.000000000000000e+00,0.000000000000000e+00
9.299999999999343e-06,186,2.300388749589922e-03,3.186605023965256e+02,1.000000000000000e+00,8.000000000000000e-01,2.000000000000000e-01,1.354122264959794e-05,-7.512982179781362e-05,1.666666666666667e+00,0.000000000000000e+00,2.981500000000000e+02,3.001948089281913e+02,2.999999999992573e+02,3.612358263233953e+02,3.003791651244852e+02,1,0.000000000000000e+00,0.000000000000000e+00
9.349999999999284e-06,187,2.308696687403834e-03,3.389784284175598e+02,1.000000000000000e+00,8.000000000000000e-01,2.000000000000000e-01,1.362455598293128e-05,-7.512982179781362e-05,1.666666666666667e+00,0.000000000000000e+00,2.981500000000000e+02,3.001941513534978e+02,2.999999999992573e+02,3.613062033510231e+02,3.003842867397838e+02,1,0.000000000000000e+00,0.000000000000000e+00
9.399999999999224e-06,188,2.317853431255337e-03,3.678873571727461e+02,1.000000000000000e+00,8.000000000000000e-01,2.000000000000000e-01,1.370788931626463e-05,-7.512982179781362e-05,1.666666666666667e+00,0.000000000000000e+00,2.981500000000000e+02,3.001939667202653e+02,2.999999999992585e+02,3.613840169311753e+02,3.003896296143292e+02,1,0.000000000000000e+00,0.000000000000000e+00
9.449999999999164e-06,189,2.327617209552059e-03,3.812802137646760e+02,1.000000000000000e+00,8.000000000000000e-01,2.000000000000000e-01,1.379122264959798e-05,-7.512982179781362e-05,1.666666666666667e+00,0.000000000000000e+00,2.981500000000000e+02,3.001941233007912e+02,2.999999999992585e+02,3.614649230085081e+02,3.003951284272093e+02,1,0.000000000000000e+00,0.000000000000000e+00
9.499999999999104e-06,190,2.337483549953155e-03,3.679300462844122e+02,1.000000000000000e+00,8.000000000000000e-01,2.000000000000000e-01,1.387455598293132e-05,-7.512982179781362e-05,1.666666666666667e+00,0.000000000000000e+00,2.981500000000000e+02,3.001942689468028e+02,2.999999999992585e+02,3.615422278200558e+02,3.004006926995204e+02,1,0.000000000000000e+00,0.000000000000000e+00
9.549999999999045e-06,191,2.347397154708247e-03,3.631932680891760e+02,1.000000000000000e+00,8.000000000000000e-01,2.000000000000000e-01,1.395788931626467e-05,-7.512982179781362e-05,1.666666666666667e+00,0.000000000000000e+00,2.981500000000000e+02,3.001943276499052e+02,2.999999999992585e+02,3.616188294101204e+02,3.004063132104347e+02,1,0.000000000000000e+00,0.000000000000000e+00
9.599999999998985e-06,192,2.356835289664179e-03,3.853019369253669e+02,1.000000000000000e+00,8.000000000000000e-01,2.000000000000000e-01,1.404122264959802e-05,-7.512982179781362e-05,1.666666666666667e+00,0.000000000000000e+00,2.981500000000000e+02,3.001945485826122e+02,2.999999999992585e+02,3.616926668881025e+02,3.004119961075599e+02,1,0.000000000000000e+00,0.000000000000000e+00
9.649999999998925e-06,193,2.364566601424346e-03,3.683700408384288e+02,1.000000000000000e+00,8.000000000000000e-01,2.000000000000000e-01,1.412455598293136e-05,-7.512982179781362e-05,1.666666666666667e+00,0.000000000000000e+00,2.981500000000000e+02,3.001945759738940e+02,2.999999999992857e+02,3.617677076343272e+02,3.004176283001751e+02,1,0.000000000000000e+00,0.000000000000000e+00
9.699999999998865e-06,194,2.371591016942293e-03,3.708818293867894e+02,1.000000000000000e+00,8.000000000000000e-01,2.000000000000000e-01,1.420788931626471e-05,-7.512982179781362e-05,1.666666666666667e+00,0.000000000000000e+00,2.981500000000000e+02,3.001944365485963e+02,2.999999999993129e+02,3.618415639116151e+02,3.004231848908988e+02,1,0.000000000000000e+00,0.000000000000000e+00
9.749999999998806e-06,195,2.378281439926295e-03,3.634724339689052e+02,1.000000000000000e+00,8.000000000000000e-01,2.000000000000000e-01,1.429122264959806e-05,-7.512982179781362e-05,1.666666666666667e+00,0.000000000000000e+00,2.981500000000000e+02,3.001942158010460e+02,2.999999999993129e+02,3.619123378729488e+02,3.004286763996646e+02,1,0.000000000000000e+00,0.000000000000000e+00
9.799999999998746e-06,196,2.385480753696258e-03,3.343980092819308e+02,1.000000000000000e+00,8.000000000000000e-01,2.000000000000000e-01,1.437455598293140e-05,-7.512982179781362e-05,1.666666666666667e+00,0.000000000000000e+00,2.981500000000000e+02,3.001938255937974e+02,2.999999999993129e+02,3.619857800360642e+02,3.004341885602291e+02,1,0.000000000000000e+00,0.000000000000000e+00
9.849999999998686e-06,197,2.393205864017919e-03,3.238589515774680e+02,1.000000000000000e+00,8.000000000000000e-01,2.000000000000000e-01,1.445788931626475e-05,-7.512982179781362e-05,1.666666666666667e+00,0.000000000000000e+00,2.981500000000000e+02,3.001931930824308e+02,2.999999999993129e+02,3.620574735496669e+02,3.004397211850226e+02,1,0.000000000000000e+00,0.000000000000000e+00
9.899999999998626e-06,198,2.401027681678508e-03,3.212226599039321e+02,1.000000000000000e+00,8.000000000000000e-01,2.000000000000000e-01,1.454122264959810e-05,-7.512982179781362e-05,1.666666666666667e+00,0.000000000000000e+00,2.981500000000000e+02,3.001924506729449e+02,2.999999999993129e+02,3.621258547657920e+02,3.004452456988527e+02,1,0.000000000000000e+00,0.000000000000000e+00
9.949999999998566e-06,199,2.409169638970693e-03,3.157856614251928e+02,1.000000000000000e+00,8.000000000000000e-01,2.000000000000000e-01,1.462455598293144e-05,-7.512982179781362e-05,1.666666666666667e+00,0.000000000000000e+00,2.981500000000000e+02,3.001918351631001e+02,2.999999999993129e+02,3.622014435923788e+02,3.004508301829248e+02,1,0.000000000000000e+00,0.000000000000000e+00
9.999999999998507e-06,200,2.417804784802077e-03,3.229171723992988e+02,1.000000000000000e+00,8.000000000000000e-01,2.000000000000000e-01,1.470788931626479e-05,-7.512982179781362e-05,1.666666666666667e+00,0.000000000000000e+00,2.981500000000000e+02,3.001913948285907e+02,2.999999999993129e+02,3.622829164578287e+02,3.004565614233011e+02,1,0.000000000000000e+00,0.000000000000000e+00
1.004999999999845e-05,201,2.426983143328707e-03,3.247709069215342e+02,1.000000000000000e+00,8.000000000000000e-01,2.000000000000000e-01,1.479122264959814e-05,-7.512982179781362e-05,1.666666666666667e+00,0.000000000000000e+00,2.981500000000000e+02,3.001911560024241e+02,2.999999999993129e+02,3.623678154564894e+02,3.004624457646917e+02,1,0.000000000000000e+00,0.000000000000000e+00
1.009999999999839e-05,202,2.436627064430988e-03,3.464766699659206e+02,1.000000000000000e+00,8.000000000000000e-01,2.000000000000000e-01,1.487455598293148e-05,-7.512982179781362e-05,1.666666666666667e+00,0.000000000000000e+00,2.981500000000000e+02,3.001911194518477e+02,2.999999999993129e+02,3.624551595605436e+02,3.004684693209897e+02,1,0.000000000000000e+00,0.000000000000000e+00
1.014999999999833e-05,203,2.446542015532203e-03,3.499905533466429e+02,1.000000000000000e+00,8.000000000000000e-01,2.000000000000000e-01,1.495788931626483e-05,-7.512982179781362e-05,1.666666666666667e+00,0.000000000000000e+00,2.981500000000000e+02,3.001912899015396e+02,2.999999999993170e+02,3.625420497762117e+02,3.004745602911548e+02,1,0.000000000000000e+00,0.000000000000000e+00
1.019999999999827e-05,204,2.456696623936266e-03,3.645172351444659e+02,1.000000000000000e+00,8.000000000000000e-01,2.000000000000000e-01,1.504122264959818e-05,-7.512982179781362e-05,1.666666666666667e+00,0.000000000000000e+00,2.981500000000000e+02,3.001915431841521e+02,2.999999999993170e+02,3.626291079289530e+02,3.004807373004055e+02,1,0.000000000000000e+00,0.000000000000000e+00
1.024999999999821e-05,205,2.466872131891764e-03,3.775151341948730e+02,1.000000000000000e+00,8.000000000000000e-01,2.000000000000000e-01,1.512455598293152e-05,-7.512982179781362e-05,1.666666666666667e+00,0.000000000000000e+00,2.981500000000000e+02,3.001918366568016e+02,2.999999999993170e+02,3.627124930576271e+02,3.004870262079082e+02,1,0.000000000000000e+00,0.000000000000000e+00
1.029999999999815e-05,206,2.477006569000961e-03,3.941085173555524e+02,1.000000000000000e+00,8.000000000000000e-01,2.000000000000000e-01,1.520788931626487e-05,-7.512982179781362e-05,1.666666666666667e+00,0.000000000000000e+00,2.981500000000000e+02,3.001922625761786e+02,2.999999999993170e+02,3.627945433088401e+02,3.004933790665857e+02,1,0.000000000000000e+00,0.000000000000000e+00
1.034999999999809e-05,207,2.485705077643430e-03,3.798174790754679e+02,1.000000000000000e+00,8.000000000000000e-01,2.000000000000000e-01,1.529122264959815e-05,-7.512982179781362e-05,1.666666666666667e+00,0.000000000000000e+00,2.981500000000000e+02,3.001927970918423e+02,2.999999999993170e+02,3.628793771920285e+02,3.004997618249403e+02,1,0.000000000000000e+00,0.000000000000000e+00
1.039999999999803e-05,208,2.493701344658794e-03,3.469210449874172e+02,1.000000000000000e+00,8.000000000000000e-01,2.000000000000000e-01,1.537455598293133e-05,-7.512982179781362e-05,1.666666666666667e+00,0.000000000000000e+00,2.981500000000000e+02,3.001929966321829e+02,2.999999999993170e+02,3.629669744911834e+02,3.005061167918394e+02,1,0.000000000000000e+00,0.000000000000000e+00
1.044999999999797e-05,209,2.501476526815466e-03,3.283889399022498e+02,1.000000000000000e+00,8.000000000000000e-01,2.000000000000000e-01,1.545788931626450e-05,-7.512982179781362e-05,1.666666666666667e+00,0.000000000000000e+00,2.981500000000000e+02,3.001929138412370e+02,2.999999999993170e+02,3.630600509840974e+02,3.005124593522566e+02,1,0.000000000000000e+00,0.000000000000000e+00
1.049999999999791e-05,210,2.509065637970723e-03,3.122916409226661e+02,1.000000000000000e+00,8.000000000000000e-01,2.000000000000000e-01,1.554122264959768e-05,-7.512982179781362e-05,1.666666666666667e+00,0.000000000000000e+00,2.981500000000000e+02,3.001926136892884e+02,2.999999999993170e+02,3.631512059277138e+02,3.005188036458587e+02,1,0.000000000000000e+00,0.000000000000000e+00
1.054999999999785e-05,211,2.516547105764975e-03,3.140784460419229e+02,1.000000000000000e+00,8.000000000000000e-01,2.000000000000000e-01,1.562455598293086e-05,-7.512982179781362e-05,1.666666666666667e+00,0.000000000000000e+00,2.981500000000000e+02,3.001922260047322e+02,2.999999999993170e+02,3.632471068964950e+02,3.005251242244404e+02,1,0.000000000000000e+00,0.000000000000000e+00
1.059999999999779e-05,212,2.524086597340695e-03,3.359556266083451e+02,1.000000000000000e+00,8.000000000000000e-01,2.000000000000000e-01,1.570788931626404e-05,-7.512982179781362e-05,1.666666666666667e+00,0.000000000000000e+00,2.981500000000000e+02,3.001919710546503e+02,2.999999999993170e+02,3.633490052500225e+02,3.005314529071098e+02,1,0.000000000000000e+00,0.000000000000000e+00
1.064999999999773e-05,213,2.531732460298467e-03,3.336452999559297e+02,1.000000000000000e+00,8.000000000000000e-01,2.000000000000000e-01,1.579122264959721e-05,-7.512982179781362e-05,1.666666666666667e+00,0.000000000000000e+00,2.981500000000000e+02,3.001918827834664e+02,2.999999999993286e+02,3.634543237626700e+02,3.005378306698133e+02,1,0.000000000000000e+00,0.000000000000000e+00
1.069999999999767e-05,214,2.539678013119277e-03,3.235588423010242e+02,1.000000000000000e+00,8.000000000000000e-01,2.000000000000000e-01,1.587455598293039e-05,-7.512982179781362e-05,1.666666666666667e+00,0.000000000000000e+00,2.981500000000000e+02,3.001918169175513e+02,2.999999999993336e+02,3.635647039003965e+02,3.005442810585108e+02,1,0.000000000000000e+00,0.000000000000000e+00
1.074999999999761e-05,215,2.548198534531892e-03,3.254423359255418e+02,1.000000000000000e+00,8.000000000000000e-01,2.000000000000000e-01,1.595788931626357e-05,-7.512982179781362e-05,1.666666666666667e+00,0.000000000000000e+00,2.981500000000000e+02,3.001918184371785e+02,2.999999999993336e+02,3.636777143428710e+02,3.005508214113285e+02,1,0.000000000000000e+00,0.000000000000000e+00
1.079999999999755e-05,216,2.557291530195549e-03,3.163163057078119e+02,1.000000000000000e+00,8.000000000000000e-01,2.000000000000000e-01,1.604122264959675e-05,-7.512982179781362e-05,1.666666666666667e+00,0.000000000000000e+00,2.981500000000000e+02,3.001918831384093e+02,2.999999999993383e+02,3.637920430103022e+02,3.005574411429495e+02,1,0.000000000000000e+00,0.000000000000000e+00
1.084999999999749e-05,217,2.566825038403827e-03,3.374273659147881e+02,1.000000000000000e+00,8.000000000000000e-01,2.000000000000000e-01,1.612455598292992e-05,-7.512982179781362e-05,1.666666666666667e+00,0.000000000000000e+00,2.981500000000000e+02,3.001920354129558e+02,2.999999999988644e+02,3.639045026011071e+02,3.005641998384247e+02,1,0.000000000000000e+00,0.000000000000000e+00
1.089999999999743e-05,218,2.576432429337443e-03,3.536182121759670e+02,1.000000000000000e+00,8.000000000000000e-01,2.000000000000000e-01,1.620788931626310e-05,-7.512982179781362e-05,1.666666666666667e+00,0.000000000000000e+00,2.981500000000000e+02,3.001922735670248e+02,2.999999999988644e+02,3.640089487234215e+02,3.005710923832676e+02,1,0.000000000000000e+00,0.000000000000000e+00
1.094999999999737e-05,219,2.585951018590582e-03,3.580912821988115e+02,1.000000000000000e+00,8.000000000000000e-01,2.000000000000000e-01,1.629122264959628e-05,-7.512982179781362e-05,1.666666666666667e+00,0.000000000000000e+00,2.981500000000000e+02,3.001924367335784e+02,2.999999999988644e+02,3.641037426273982e+02,3.005780830373624e+02,1,0.000000000000000e+00,0.000000000000000e+00
1.099999999999731e-05,220,2.595416170323077e-03,3.569217134973073e+02,1.000000000000000e+00,8.000000000000000e-01,2.000000000000000e-01,1.637455598292945e-05,-7.512982179781362e-05,1.666666666666667e+00,0.000000000000000e+00,2.981500000000000e+02,3.001925171063740e+02,2.999999999988941e+02,3.641889467156684e+02,3.005851464176580e+02,1,0.000000000000000e+00,0.000000000000000e+00
1.104999999999725e-05,221,2.603696488335929e-03,3.460391580105155e+02,1.000000000000000e+00,8.000000000000000e-01,2.000000000000000e-01,1.645788931626263e-05,-7.512982179781362e-05,1.666666666666667e+00,0.000000000000000e+00,2.981500000000000e+02,3.001924930111282e+02,2.999999999989659e+02,3.642714169778120e+02,3.005923004018965e+02,1,0.000000000000000e+00,0.000000000000000e+00
1.109999999999719e-05,222,2.611316345042940e-03,3.387745161458552e+02,1.000000000000000e+00,8.000000000000000e-01,2.000000000000000e-01,1.654122264959581e-05,-7.512982179781362e-05,1.666666666666667e+00,0.000000000000000e+00,2.981500000000000e+02,3.001921467272296e+02,2.999999999989659e+02,3.643518028247047e+02,3.005995574566618e+02,1,0.000000000000000e+00,0.000000000000000e+00
1.114999999999713e-05,223,2.618456010738869e-03,3.355101180515923e+02,1.000000000000000e+00,8.000000000000000e-01,2.000000000000000e-01,1.662455598292899e-05,-7.512982179781362e-05,1.666666666666667e+00,0.000000000000000e+00,2.981500000000000e+02,3.001915121851671e+02,2.999999999989659e+02,3.644219966050738e+02,3.006068706939612e+02,1,0.000000000000000e+00,0.000000000000000e+00
1.119999999999707e-05,224,2.625186561109206e-03,3.223570462497403e+02,1.000000000000000e+00,8.000000000000000e-01,2.000000000000000e-01,1.670788931626216e-05,-7.512982179781362e-05,1.666666666666667e+00,0.000000000000000e+00,2.981500000000000e+02,3.001906834095043e+02,2.999999999989697e+02,3.644853165170191e+02,3.006142177873847e+02,1,0.000000000000000e+00,0.000000000000000e+00
1.124999999999701e-05,225,2.631684278274569e-03,3.175831086911089e+02,1.000000000000000e+00,8.000000000000000e-01,2.000000000000000e-01,1.679122264959534e-05,-7.512982179781362e-05,1.666666666666667e+00,0.000000000000000e+00,2.981500000000000e+02,3.001897228427074e+02,2.999999999989697e+02,3.645464890742949e+02,3.006216078012015e+02,1,0.000000000000000e+00,0.000000000000000e+00
1.129999999999695e-05,226,2.638091549835153e-03,3.198467168644573e+02,1.000000000000000e+00,8.000000000000000e-01,2.000000000000000e-01,1.687455598292852e-05,-7.512982179781362e-05,1.666666666666667e+00,0.000000000000000e+00,2.981500000000000e+02,3.001887781605625e+02,2.999999999989697e+02,3.646070666437398e+02,3.006290139026149e+02,1,0.000000000000000e+00,0.000000000000000e+00
1.134999999999689e-05,227,2.644484371924374e-03,3.178575487257463e+02,1.000000000000000e+00,8.000000000000000e-01,2.000000000000000e-01,1.695788931626169e-05,-7.512982179781362e-05,1.666666666666667e+00,0.000000000000000e+00,2.981500000000000e+02,3.001878823335694e+02,2.999999999989697e+02,3.646646100965585e+02,3.006365207096675e+02,1,0.000000000000000e+00,0.000000000000000e+00
1.139999999999683e-05,228,2.650627414045672e-03,2.960800976679439e+02,1.000000000000000e+00,8.000000000000000e-01,2.000000000000000e-01,1.704122264959487e-05,-7.512982179781362e-05,1.666666666666667e+00,0.000000000000000e+00,2.981500000000000e+02,3.001867815478052e+02,2.999999999989697e+02,3.647179468348804e+02,3.006442205716575e+02,1,0.000000000000000e+00,0.000000000000000e+00
1.144999999999677e-05,229,2.656489140821439e-03,2.741748059406109e+02,1.000000000000000e+00,8.000000000000000e-01,2.000000000000000e-01,1.712455598292805e-05,-7.512982179781362e-05,1.666666666666667e+00,0.000000000000000e+00,2.981500000000000e+02,3.001855673771732e+02,2.999999999989697e+02,3.647705964623601e+02,3.006519383065101e+02,1,0.000000000000000e+00,0.000000000000000e+00
1.149999999999671e-05,230,2.662306259298821e-03,2.680879119294316e+02,1.000000000000000e+00,8.000000000000000e-01,2.000000000000000e-01,1.720788931626123e-05,-7.512982179781362e-05,1.666666666666667e+00,0.000000000000000e+00,2.981500000000000e+02,3.001844893140754e+02,2.999999999989697e+02,3.648248757128312e+02,3.006597383348049e+02,1,0.000000000000000e+00,0.000000000000000e+00
1.154999999999665e-05,231,2.668157287837597e-03,2.770585122108841e+02,1.000000000000000e+00,8.000000000000000e-01,2.000000000000000e-01,1.729122264959440e-05,-7.512982179781362e-05,1.666666666666667e+00,0.000000000000000e+00,2.981500000000000e+02,3.001835534495601e+02,2.999999999989697e+02,3.648778477992481e+02,3.006676680960155e+02,1,0.000000000000000e+00,0.000000000000000e+00
1.159999999999659e-05,232,2.674343367921039e-03,3.165216136201711e+02,1.000000000000000e+00,8.000000000000000e-01,2.000000000000000e-01,1.737455598292758e-05,-7.512982179781362e-05,1.666666666666667e+00,0.000000000000000e+00,2.981500000000000e+02,3.001829223425794e+02,2.999999999989697e+02,3.649291069863385e+02,3.006757255513666e+02,1,0.000000000000000e+00,0.000000000000000e+00
1.164999999999653e-05,233,2.681491164816111e-03,3.407201806751220e+02,1.000000000000000e+00,8.000000000000000e-01,2.000000000000000e-01,1.745788931626076e-05,-7.512982179781362e-05,1.666666666666667e+00,0.000000000000000e+00,2.981500000000000e+02,3.001825757425692e+02,2.999999999989715e+02,3.649766271006926e+02,3.006838753073918e+02,1,0.000000000000000e+00,0.000000000000000e+00
1.169999999999647e-05,234,2.687935116426010e-03,3.330601689554098e+02,1.000000000000000e+00,8.000000000000000e-01,2.000000000000000e-01,1.754122264959394e-05,-7.512982179781362e-05,1.666666666666667e+00,0.000000000000000e+00,2.981500000000000e+02,3.001823291367618e+02,2.999999999989772e+02,3.650237617588281e+02,3.006920075687799e+02,1,0.000000000000000e+00,0.000000000000000e+00
1.174999999999641e-05,235,2.694033482587994e-03,3.351718477687078e+02,1.000000000000000e+00,8.000000000000000e-01,2.000000000000000e-01,1.762455598292711e-05,-7.512982179781362e-05,1.666666666666667e+00,0.000000000000000e+00,2.981500000000000e+02,3.001819424370705e+02,2.999999999989829e+02,3.650703706046098e+02,3.007001124698388e+02,1,0.000000000000000e+00,0.000000000000000e+00
1.179999999999635e-05,236,2.700057300560369e-03,3.507698560589751e+02,1.000000000000000e+00,8.000000000000000e-01,2.000000000000000e-01,1.770788931626029e-05,-7.512982179781362e-05,1.666666666666667e+00,0.000000000000000e+00,2.981500000000000e+02,3.001815320949208e+02,2.999999999989886e+02,3.651140424034028e+02,3.007081693156710e+02,1,0.000000000000000e+00,0.000000000000000e+00
1.184999999999630e-05,237,2.706439683415463e-03,3.443722220949979e+02,1.000000000000000e+00,8.000000000000000e-01,2.000000000000000e-01,1.779122264959347e-05,-7.512982179781362e-05,1.666666666666667e+00,0.000000000000000e+00,2.981500000000000e+02,3.001811267125801e+02,2.999999999989943e+02,3.651552657563255e+02,3.007161688218440e+02,1,0.000000000000000e+00,0.000000000000000e+00
1.189999999999624e-05,238,2.713144985197633e-03,3.384426672872706e+02,1.000000000000000e+00,8.000000000000000e-01,2.000000000000000e-01,1.787455598292664e-05,-7.512982179781362e-05,1.666666666666667e+00,0.000000000000000e+00,2.981500000000000e+02,3.001806555998788e+02,2.999999999990000e+02,3.651954090651591e+02,3.007241247404901e+02,1,0.000000000000000e+00,0.000000000000000e+00
1.194999999999618e-05,239,2.720138045247274e-03,3.284345003015443e+02,1.000000000000000e+00,8.000000000000000e-01,2.000000000000000e-01,1.795788931625982e-05,-7.512982179781362e-05,1.666666666666667e+00,0.000000000000000e+00,2.981500000000000e+02,3.001801942604996e+02,2.999999999990113e+02,3.652354853457946e+02,3.007320468148858e+02,1,0.000000000000000e+00,0.000000000000000e+00
1.199999999999612e-05,240,2.727411812070083e-03,3.341073339432187e+02,1.000000000000000e+00,8.000000000000000e-01,2.000000000000000e-01,1.804122264959300e-05,-7.512982179781362e-05,1.666666666666667e+00,0.000000000000000e+00,2.981500000000000e+02,3.001797097987028e+02,2.999999999990169e+02,3.652767321104074e+02,3.007399386456789e+02,1,0.000000000000000e+00,0.000000000000000e+00
1.204999999999606e-05,241,2.734830840963058e-03,3.389139462086418e+02,1.000000000000000e+00,8.000000000000000e-01,2.000000000000000e-01,1.812455598292618e-05,-7.512982179781362e-05,1.666666666666667e+00,0.000000000000000e+00,2.981500000000000e+02,3.001792646317822e+02,2.999999999990713e+02,3.653176852439983e+02,3.007477750446491e+02,1,0.000000000000000e+00,0.000000000000000e+00
1.209999999999600e-05,242,2.742292331572203e-03,3.311916719777195e+02,1.000000000000000e+00,8.000000000000000e-01,2.000000000000000e-01,1.820788931625935e-05,-7.512982179781362e-05,1.666666666666667e+00,0.000000000000000e+00,2.981500000000000e+02,3.001788575546729e+02,2.999999999990872e+02,3.653575484836527e+02,3.007555578086471e+02,1,0.000000000000000e+00,0.000000000000000e+00
1.214999999999594e-05,243,2.750000745869778e-03,3.305506346785029e+02,1.000000000000000e+00,8.000000000000000e-01,2.000000000000000e-01,1.829122264959253e-05,-7.512982179781362e-05,1.666666666666667e+00,0.000000000000000e+00,2.981500000000000e+02,3.001785414560954e+02,2.999999999991112e+02,3.653968763400796e+02,3.007633909511279e+02,1,0.000000000000000e+00,0.000000000000000e+00
1.219999999999588e-05,244,2.758917910427991e-03,3.326580360772989e+02,1.000000000000000e+00,8.000000000000000e-01,2.000000000000000e-01,1.837455598292571e-05,-7.512982179781362e-05,1.666666666666667e+00,0.000000000000000e+00,2.981500000000000e+02,3.001779527456248e+02,2.999999999991367e+02,3.654272979160500e+02,3.007713469244130e+02,1,0.000000000000000e+00,0.000000000000000e+00
1.224999999999582e-05,245,2.766715732521767e-03,3.396034449820399e+02,1.000000000000000e+00,8.000000000000000e-01,2.000000000000000e-01,1.845788931625889e-05,-7.512982179781362e-05,1.666666666666667e+00,0.000000000000000e+00,2.981500000000000e+02,3.001777255928801e+02,2.999999999991367e+02,3.654558293439478e+02,3.007794080157668e+02,1,0.000000000000000e+00,0.000000000000000e+00
1.229999999999576e-05,246,2.774823659280673e-03,3.509734397220761e+02,1.000000000000000e+00,8.000000000000000e-01,2.000000000000000e-01,1.854122264959206e-05,-7.512982179781362e-05,1.666666666666667e+00,0.000000000000000e+00,2.981500000000000e+02,3.001774678891884e+02,2.999999999991367e+02,3.654828177646093e+02,3.007875295213037e+02,1,0.000000000000000e+00,0.000000000000000e+00
1.234999999999570e-05,247,2.783059341571413e-03,3.625046725630170e+02,1.000000000000000e+00,8.000000000000000e-01,2.000000000000000e-01,1.862455598292524e-05,-7.512982179781362e-05,1.666666666666667e+00,0.000000000000000e+00,2.981500000000000e+02,3.001772800816393e+02,2.999999999991367e+02,3.655074701854075e+02,3.007957213557061e+02,1,0.000000000000000e+00,0.000000000000000e+00
1.239999999999564e-05,248,2.791396941490278e-03,3.451698651020309e+02,1.000000000000000e+00,8.000000000000000e-01,2.000000000000000e-01,1.870788931625842e-05,-7.512982179781362e-05,1.666666666666667e+00,0.000000000000000e+00,2.981500000000000e+02,3.001770324705619e+02,2.999999999991367e+02,3.655294849439908e+02,3.008040580421629e+02,1,0.000000000000000e+00,0.000000000000000e+00
1.244999999999558e-05,249,2.799688276382486e-03,3.437211771421455e+02,1.000000000000000e+00,8.000000000000000e-01,2.000000000000000e-01,1.879122264959159e-05,-7.512982179781362e-05,1.666666666666667e+00,0.000000000000000e+00,2.981500000000000e+02,3.001765862484430e+02,2.999999999991367e+02,3.655487458618178e+02,3.008124133314650e+02,1,0.000000000000000e+00,0.000000000000000e+00
1.249999999999552e-05,250,2.808011368101685e-03,3.580319116517327e+02,1.000000000000000e+00,8.000000000000000e-01,2.000000000000000e-01,1.887455598292477e-05,-7.512982179781362e-05,1.666666666666667e+00,0.000000000000000e+00,2.981500000000000e+02,3.001760737778738e+02,2.999999999991367e+02,3.655648579696975e+02,3.008207453096657e+02,1,0.000000000000000e+00,0.000000000000000e+00
1.254999999999546e-05,251,2.816346915625944e-03,3.645945333608057e+02,1.000000000000000e+00,8.000000000000000e-01,2.000000000000000e-01,1.895788931625795e-05,-7.512982179781362e-05,1.666666666666667e+00,0.000000000000000e+00,2.981500000000000e+02,3.001755940604071e+02,2.999999999991367e+02,3.655792622758862e+02,3.008290270648009e+02,1,0.000000000000000e+00,0.000000000000000e+00
1.259999999999540e-05,252,2.824920663783167e-03,3.586137638428515e+02,1.000000000000000e+00,8.000000000000000e-01,2.000000000000000e-01,1.904122264959113e-05,-7.512982179781362e-05,1.666666666666667e+00,0.000000000000000e+00,2.981500000000000e+02,3.001751070787865e+02,2.999999999989919e+02,3.655935310631885e+02,3.008372943159454e+02,1,0.000000000000000e+00,0.000000000000000e+00
1.264999999999534e-05,253,2.833894017700866e-03,3.710100776510391e+02,1.000000000000000e+00,8.000000000000000e-01,2.000000000000000e-01,1.912455598292430e-05,-7.512982179781362e-05,1.666666666666667e+00,0.000000000000000e+00,2.981500000000000e+02,3.001746688609169e+02,2.999999999989919e+02,3.656084712385065e+02,3.008456533233339e+02,1,0.000000000000000e+00,0.000000000000000e+00
1.269999999999528e-05,254,2.843082558707398e-03,3.848011047242955e+02,1.000000000000000e+00,8.000000000000000e-01,2.000000000000000e-01,1.920788931625748e-05,-7.512982179781362e-05,1.666666666666667e+00,0.000000000000000e+00,2.981500000000000e+02,3.001742383772950e+02,2.999999999990018e+02,3.656224009680209e+02,3.008540987163339e+02,1,0.000000000000000e+00,0.000000000000000e+00
1.274999999999522e-05,255,2.852347872742065e-03,3.890703342591710e+02,1.000000000000000e+00,8.000000000000000e-01,2.000000000000000e-01,1.929122264959066e-05,-7.512982179781362e-05,1.666666666666667e+00,0.000000000000000e+00,2.981500000000000e+02,3.001738821656592e+02,2.999999999990018e+02,3.656356104006168e+02,3.008626404550465e+02,1,0.000000000000000e+00,0.000000000000000e+00
1.279999999999516e-05,256,2.860851910941488e-03,3.488035067199252e+02,1.000000000000000e+00,8.000000000000000e-01,2.000000000000000e-01,1.937455598292383e-05,-7.512982179781362e-05,1.666666666666667e+00,0.000000000000000e+00,2.981500000000000e+02,3.001734430219929e+02,2.999999999990018e+02,3.656477084259427e+02,3.008712692670432e+02,1,0.000000000000000e+00,0.000000000000000e+00
1.284999999999510e-05,257,2.869821199541766e-03,3.171892133723012e+02,1.000000000000000e+00,8.000000000000000e-01,2.000000000000000e-01,1.945788931625701e-05,-7.512982179781362e-05,1.666666666666667e+00,0.000000000000000e+00,2.981500000000000e+02,3.001726829559328e+02,2.999999999990018e+02,3.656572047947544e+02,3.008799342254195e+02,1,0.000000000000000e+00,0.000000000000000e+00
1.289999999999504e-05,258,2.879044567688703e-03,3.112803780636483e+02,1.000000000000000e+00,8.000000000000000e-01,2.000000000000000e-01,1.954122264959019e-05,-7.512982179781362e-05,1.666666666666667e+00,0.000000000000000e+00,2.981500000000000e+02,3.001718477015833e+02,2.999999999987105e+02,3.656628647649964e+02,3.008886055783039e+02,1,0.000000000000000e+00,0.000000000000000e+00
1.294999999999498e-05,259,2.888471681921914e-03,3.198644281365084e+02,1.000000000000000e+00,8.000000000000000e-01,2.000000000000000e-01,1.962455598292337e-05,-7.512982179781362e-05,1.666666666666667e+00,0.000000000000000e+00,2.981500000000000e+02,3.001711113228698e+02,2.999999999987113e+02,3.656652842678502e+02,3.008972913409220e+02,1,0.000000000000000e+00,0.000000000000000e+00
1.299999999999492e-05,260,2.898088013039053e-03,3.333180382524569e+02,1.000000000000000e+00,8.000000000000000e-01,2.000000000000000e-01,1.970788931625654e-05,-7.512982179781362e-05,1.666666666666667e+00,0.000000000000000e+00,2.981500000000000e+02,3.001704785406700e+02,2.999999999987113e+02,3.656647875252994e+02,3.009059677157611e+02,1,0.000000000000000e+00,0.000000000000000e+00
1.304999999999486e-05,261,2.907879036276410e-03,3.603827255866125e+02,1.000000000000000e+00,8.000000000000000e-01,2.000000000000000e-01,1.979122264958972e-05,-7.512982179781362e-05,1.666666666666667e+00,0.000000000000000e+00,2.981500000000000e+02,3.001699593992496e+02,2.999999999987113e+02,3.656612038716302e+02,3.009146772962711e+02,1,0.000000000000000e+00,0.000000000000000e+00
1.309999999999480e-05,262,2.917717077609336e-03,3.755975337448727e+02,1.000000000000000e+00,8.000000000000000e-01,2.000000000000000e-01,1.987455598292290e-05,-7.512982179781362e-05,1.666666666666667e+00,0.000000000000000e+00,2.981500000000000e+02,3.001695780314726e+02,2.999999999987113e+02,3.656551540861066e+02,3.009234158403524e+02,1,0.000000000000000e+00,0.000000000000000e+00
1.314999999999474e-05,263,2.927676297985485e-03,3.958720232420214e+02,1.000000000000000e+00,8.000000000000000e-01,2.000000000000000e-01,1.995788931625608e-05,-7.512982179781362e-05,1.666666666666667e+00,0.000000000000000e+00,2.981500000000000e+02,3.001692836261055e+02,2.999999999987127e+02,3.656481393917424e+02,3.009321932936003e+02,1,0.000000000000000e+00,0.000000000000000e+00
1.319999999999468e-05,264,2.937863953079793e-03,3.981464608124161e+02,1.000000000000000e+00,8.000000000000000e-01,2.000000000000000e-01,2.004122264958925e-05,-7.512982179781362e-05,1.666666666666667e+00,0.000000000000000e+00,2.981500000000000e+02,3.001690637969185e+02,2.999999999987127e+02,3.656414537351247e+02,3.009409966780233e+02,1,0.000000000000000e+00,0.000000000000000e+00
1.324999999999462e-05,265,2.948353668049125e-03,4.028542805801435e+02,1.000000000000000e+00,8.000000000000000e-01,2.000000000000000e-01,2.012455598292243e-05,-7.512982179781362e-05,1.666666666666667e+00,0.000000000000000e+00,2.981500000000000e+02,3.001689805175301e+02,2.999999999987127e+02,3.656356328172633e+02,3.009498301982380e+02,1,0.000000000000000e+00,0.000000000000000e+00
1.329999999999456e-05,266,2.959157922396239e-03,4.165766576339063e+02,1.000000000000000e+00,8.000000000000000e-01,2.000000000000000e-01,2.020788931625561e-05,-7.512982179781362e-05,1.666666666666667e+00,0.000000000000000e+00,2.981500000000000e+02,3.001690908547743e+02,2.999999999987127e+02,3.656307557234600e+02,3.009586962366280e+02,1,0.000000000000000e+00,0.000000000000000e+00
1.334999999999450e-05,267,2.970236263817127e-03,4.271363984622968e+02,1.000000000000000e+00,8.000000000000000e-01,2.000000000000000e-01,2.029122264958878e-05,-7.512982179781362e-05,1.666666666666667e+00,0.000000000000000e+00,2.981500000000000e+02,3.001692335289690e+02,2.999999999987127e+02,3.656259407732957e+02,3.009675517706592e+02,1,0.000000000000000e+00,0.000000000000000e+00
1.339999999999444e-05,268,2.981377773530030e-03,4.203348054489419e+02,1.000000000000000e+00,8.000000000000000e-01,2.000000000000000e-01,2.037455598292196e-05,-7.512982179781362e-05,1.666666666666667e+00,0.000000000000000e+00,2.981500000000000e+02,3.001693779656059e+02,2.999999999988057e+02,3.656208744080717e+02,3.009763748577897e+02,1,0.000000000000000e+00,0.000000000000000e+00
1.344999999999438e-05,269,2.992620320440219e-03,4.076286040028949e+02,1.000000000000000e+00,8.000000000000000e-01,2.000000000000000e-01,2.045788931625514e-05,-7.512982179781362e-05,1.666666666666667e+00,0.000000000000000e+00,2.981500000000000e+02,3.001695155805027e+02,2.999999999988057e+02,3.656156549020440e+02,3.009852322640119e+02,1,0.000000000000000e+00,0.000000000000000e+00
1.349999999999432e-05,270,3.003989370336589e-03,3.912658831176998e+02,1.000000000000000e+00,8.000000000000000e-01,2.000000000000000e-01,2.054122264958832e-05,-7.512982179781362e-05,1.666666666666667e+00,0.000000000000000e+00,2.981500000000000e+02,3.001696563517810e+02,2.999999999988165e+02,3.656100020155716e+02,3.009942014516670e+02,1,0.000000000000000e+00,0.000000000000000e+00
1.354999999999426e-05,271,3.015539434771368e-03,3.710018363857046e+02,1.000000000000000e+00,8.000000000000000e-01,2.000000000000000e-01,2.062455598292149e-05,-7.512982179781362e-05,1.666666666666667e+00,0.000000000000000e+00,2.981500000000000e+02,3.001697852398090e+02,2.999999999988165e+02,3.656029028642848e+02,3.010033133366914e+02,1,0.000000000000000e+00,0.000000000000000e+00
1.359999999999420e-05,272,3.027148566206045e-03,3.715255187931882e+02,1.000000000000000e+00,8.000000000000000e-01,2.000000000000000e-01,2.070788931625467e-05,-7.512982179781362e-05,1.666666666666667e+00,0.000000000000000e+00,2.981500000000000e+02,3.001699272892761e+02,2.999999999988165e+02,3.655937325687968e+02,3.010125728518204e+02,1,0.000000000000000e+00,0.000000000000000e+00
1.364999999999414e-05,273,3.038884370770117e-03,4.029187561074896e+02,1.000000000000000e+00,8.000000000000000e-01,2.000000000000000e-01,2.079122264958785e-05,-7.512982179781362e-05,1.666666666666667e+00,0.000000000000000e+00,2.981500000000000e+02,3.001701711957546e+02,2.999999999988165e+02,3.655829143527330e+02,3.010219796022265e+02,1,0.000000000000000e+00,0.000000000000000e+00
1.369999999999408e-05,274,3.050979852270650e-03,4.389200619713945e+02,1.000000000000000e+00,8.000000000000000e-01,2.000000000000000e-01,2.087455598292103e-05,-7.512982179781362e-05,1.666666666666667e+00,0.000000000000000e+00,2.981500000000000e+02,3.001705895850618e+02,2.999999999988165e+02,3.655709308326492e+02,3.010315502094817e+02,1,0.000000000000000e+00,0.000000000000000e+00
1.374999999999402e-05,275,3.063397556867891e-03,4.636224542318986e+02,1.000000000000000e+00,8.000000000000000e-01,2.000000000000000e-01,2.095788931625420e-05,-7.512982179781362e-05,1.666666666666667e+00,0.000000000000000e+00,2.981500000000000e+02,3.001711391946140e+02,2.999999999985340e+02,3.655576944838594e+02,3.010412713951025e+02,1,0.000000000000000e+00,0.000000000000000e+00
1.379999999999396e-05,276,3.075941563548967e-03,4.781789358308291e+02,1.000000000000000e+00,8.000000000000000e-01,2.000000000000000e-01,2.104122264958738e-05,-7.512982179781362e-05,1.666666666666667e+00,0.000000000000000e+00,2.981500000000000e+02,3.001717689912193e+02,2.999999999985340e+02,3.655433008626489e+02,3.010510898225438e+02,1,0.000000000000000e+00,0.000000000000000e+00
1.384999999999390e-05,277,3.088642938481127e-03,4.753823629221581e+02,1.000000000000000e+00,8.000000000000000e-01,2.000000000000000e-01,2.112455598292056e-05,-7.512982179781362e-05,1.666666666666667e+00,0.000000000000000e+00,2.981500000000000e+02,3.001724455897221e+02,2.999999999985407e+02,3.655283944269598e+02,3.010609623855835e+02,1,0.000000000000000e+00,0.000000000000000e+00
1.389999999999384e-05,278,3.101602343839719e-03,4.784299564655256e+02,1.000000000000000e+00,8.000000000000000e-01,2.000000000000000e-01,2.120788931625373e-05,-7.512982179781362e-05,1.666666666666667e+00,0.000000000000000e+00,2.981500000000000e+02,3.001731383596436e+02,2.999999999985407e+02,3.655139843334529e+02,3.010709515169385e+02,1,0.000000000000000e+00,0.000000000000000e+00
1.394999999999378e-05,279,3.114863691361061e-03,4.757624162362558e+02,1.000000000000000e+00,8.000000000000000e-01,2.000000000000000e-01,2.129122264958691e-05,-7.512982179781362e-05,1.666666666666667e+00,0.000000000000000e+00,2.981500000000000e+02,3.001738233374280e+02,2.999999999985407e+02,3.655000001759835e+02,3.010810027473446e+02,1,0.000000000000000e+00,0.000000000000000e+00
1.399999999999372e-05,280,3.128197721209762e-03,4.903966691341478e+02,1.000000000000000e+00,8.000000000000000e-01,2.000000000000000e-01,2.137455598292009e-05,-7.512982179781362e-05,1.666666666666667e+00,0.000000000000000e+00,2.981500000000000e+02,3.001744893975526e+02,2.999999999985407e+02,3.654864303847748e+02,3.010910574390272e+02,1,0.000000000000000e+00,0.000000000000000e+00
1.404999999999367e-05,281,3.141501290996813e-03,4.910183968149013e+02,1.000000000000000e+00,8.000000000000000e-01,2.000000000000000e-01,2.145788931625327e-05,-7.512982179781362e-05,1.666666666666667e+00,0.000000000000000e+00,2.981500000000000e+02,3.001752026804223e+02,2.999999999985407e+02,3.654740026827994e+02,3.011010740490714e+02,1,0.000000000000000e+00,0.000000000000000e+00
1.409999999999361e-05,282,3.154869272302299e-03,4.908179646202140e+02,1.000000000000000e+00,8.000000000000000e-01,2.000000000000000e-01,2.154122264958644e-05,-7.512982179781362e-05,1.666666666666667e+00,0.000000000000000e+00,2.981500000000000e+02,3.001759429218824e+02,2.999999999985407e+02,3.654631679110734e+02,3.011110953820431e+02,1,0.000000000000000e+00,0.000000000000000e+00
1.414999999999355e-05,283,3.168378570988833e-03,5.051584443448671e+02,1.000000000000000e+00,8.000000000000000e-01,2.000000000000000e-01,2.162455598291962e-05,-7.512982179781362e-05,1.666666666666667e+00,0.000000000000000e+00,2.981500000000000e+02,3.001767137486872e+02,2.999999999985407e+02,3.654543740052268e+02,3.011211596274885e+02,1,0.000000000000000e+00,0.000000000000000e+00
1.419999999999349e-05,284,3.181956930844071e-03,5.174355491947180e+02,1.000000000000000e+00,8.000000000000000e-01,2.000000000000000e-01,2.170788931625280e-05,-7.512982179781362e-05,1.666666666666667e+00,0.000000000000000e+00,2.981500000000000e+02,3.001772835745879e+02,2.999999999985407e+02,3.654481207169181e+02,3.011312919154044e+02,1,0.000000000000000e+00,0.000000000000000e+00
1.424999999999343e-05,285,3.195734847599528e-03,5.397884930290789e+02,1.000000000000000e+00,8.000000000000000e-01,2.000000000000000e-01,2.179122264958598e-05,-7.512982179781362e-05,1.666666666666667e+00,0.000000000000000e+00,2.981500000000000e+02,3.001781825368760e+02,2.999999999985416e+02,3.654445386285115e+02,3.011415121312791e+02,1,0.000000000000000e+00,0.000000000000000e+00
1.429999999999337e-05,286,3.209806251039618e-03,5.695994076025961e+02,1.000000000000000e+00,8.000000000000000e-01,2.000000000000000e-01,2.187455598291915e-05,-7.512982179781362e-05,1.666666666666667e+00,0.000000000000000e+00,2.981500000000000e+02,3.001791830119645e+02,2.999999999985416e+02,3.654431443732012e+02,3.011518609889859e+02,1,0.000000000000000e+00,0.000000000000000e+00
1.434999999999331e-05,287,3.224217816847014e-03,6.144097401159457e+02,1.000000000000000e+00,8.000000000000000e-01,2.000000000000000e-01,2.195788931625233e-05,-7.512982179781362e-05,1.666666666666667e+00,0.000000000000000e+00,2.981500000000000e+02,3.001803153098195e+02,2.999999999985482e+02,3.654438402935443e+02,3.011624313750431e+02,1,0.000000000000000e+00,0.000000000000000e+00
1.439999999999325e-05,288,3.238818889882840e-03,6.508824054764211e+02,1.000000000000000e+00,8.000000000000000e-01,2.000000000000000e-01,2.204122264958551e-05,-7.512982179781362e-05,1.666666666666667e+00,0.000000000000000e+00,2.981500000000000e+02,3.001815556188543e+02,2.999999999985482e+02,3.654456151515466e+02,3.011732042943530e+02,1,0.000000000000000e+00,0.000000000000000e+00
1.444999999999319e-05,289,3.253487730670819e-03,6.639603376417784e+02,1.000000000000000e+00,8.000000000000000e-01,2.000000000000000e-01,2.212455598291868e-05,-7.512982179781362e-05,1.666666666666667e+00,0.000000000000000e+00,2.981500000000000e+02,3.001828857150718e+02,2.999999999985482e+02,3.654481369034652e+02,3.011841022837202e+02,1,0.000000000000000e+00,0.000000000000000e+00
1.449999999999313e-05,290,3.270037581182781e-03,6.250988840667675e+02,1.000000000000000e+00,8.000000000000000e-01,2.000000000000000e-01,2.220788931625186e-05,-7.512982179781362e-05,1.666666666666667e+00,0.000000000000000e+00,2.981500000000000e+02,3.001842016527755e+02,2.999999999985482e+02,3.654510170917263e+02,3.011950088736735e+02,1,0.000000000000000e+00,0.000000000000000e+00
1.454999999999307e-05,291,3.281817376602067e-03,5.372967220620220e+02,1.000000000000000e+00,8.000000000000000e-01,2.000000000000000e-01,2.229122264958504e-05,-7.512982179781362e-05,1.666666666666667e+00,0.000000000000000e+00,2.981500000000000e+02,3.001852436949048e+02,2.999999999985482e+02,3.654553425357764e+02,3.012058266164287e+02,1,0.000000000000000e+00,0.000000000000000e+00
1.459999999999301e-05,292,3.292807852913034e-03,4.967975144929637e+02,1.000000000000000e+00,8.000000000000000e-01,2.000000000000000e-01,2.237455598291822e-05,-7.512982179781362e-05,1.666666666666667e+00,0.000000000000000e+00,2.981500000000000e+02,3.001859174722767e+02,2.999999999985482e+02,3.654612879292011e+02,3.012165468259524e+02,1,0.000000000000000e+00,0.000000000000000e+00
1.464999999999295e-05,293,3.303364900684292e-03,4.908570244752223e+02,1.000000000000000e+00,8.000000000000000e-01,2.000000000000000e-01,2.245788931625139e-05,-7.512982179781362e-05,1.666666666666667e+00,0.000000000000000e+00,2.981500000000000e+02,3.001864414474975e+02,2.999999999985482e+02,3.654682675106827e+02,3.012271687032666e+02,1,0.000000000000000e+00,0.000000000000000e+00
1.469999999999289e-05,294,3.313746617984639e-03,4.814912370255141e+02,1.000000000000000e+00,8.000000000000000e-01,2.000000000000000e-01,2.254122264958457e-05,-7.512982179781362e-05,1.666666666666667e+00,0.000000000000000e+00,2.981500000000000e+02,3.001868808731853e+02,2.999999999984522e+02,3.654762306568802e+02,3.012377284282762e+02,1,0.000000000000000e+00,0.000000000000000e+00
1.474999999999283e-05,295,3.324061144074094e-03,4.780241133841399e+02,1.000000000000000e+00,8.000000000000000e-01,2.000000000000000e-01,2.262455598291775e-05,-7.512982179781362e-05,1.666666666666667e+00,0.000000000000000e+00,2.981500000000000e+02,3.001872303553896e+02,2.999999999984522e+02,3.654848647770339e+02,3.012481901755334e+02,1,0.000000000000000e+00,0.000000000000000e+00
1.479999999999277e-05,296,3.334995220488506e-03,4.605409434523303e+02,1.000000000000000e+00,8.000000000000000e-01,2.000000000000000e-01,2.270788931625092e-05,-7.512982179781362e-05,1.666666666666667e+00,0.000000000000000e+00,2.981500000000000e+02,3.001875480057759e+02,2.999999999984522e+02,3.654942768279275e+02,3.012585976891434e+02,1,0.000000000000000e+00,0.000000000000000e+00
1.484999999999271e-05,297,3.346807595626294e-03,4.516081650532707e+02,1.000000000000000e+00,8.000000000000000e-01,2.000000000000000e-01,2.279122264958410e-05,-7.512982179781362e-05,1.666666666666667e+00,0.000000000000000e+00,2.981500000000000e+02,3.001878061253975e+02,2.999999999983497e+02,3.655056819106559e+02,3.012690289715832e+02,1,0.000000000000000e+00,0.000000000000000e+00
1.489999999999265e-05,298,3.359278357609722e-03,4.594920767333248e+02,1.000000000000000e+00,8.000000000000000e-01,2.000000000000000e-01,2.287455598291728e-05,-7.512982179781362e-05,1.666666666666667e+00,0.000000000000000e+00,2.981500000000000e+02,3.001880952084801e+02,2.999999999983576e+02,3.655186319795545e+02,3.012795407187682e+02,1,0.000000000000000e+00,0.000000000000000e+00
1.494999999999259e-05,299,3.372325005091468e-03,4.895797511084821e+02,1.000000000000000e+00,8.000000000000000e-01,2.000000000000000e-01,2.295788931625046e-05,-7.512982179781362e-05,1.666666666666667e+00,0.000000000000000e+00,2.981500000000000e+02,3.001885121606103e+02,2.999999999983576e+02,3.655334821180163e+02,3.012901932056798e+02,1,0.000000000000000e+00,0.000000000000000e+00
1.499999999999253e-05,300,3.385995323543401e-03,5.274711237664853e+02,1.000000000000000e+00,8.000000000000000e-01,2.000000000000000e-01,2.304122264958363e-05,-7.512982179781362e-05,1.666666666666667e+00,0.000000000000000e+00,2.981500000000000e+02,3.001891064912438e+02,2.999999999983576e+02,3.655492660480281e+02,3.013010431724101e+02,1,0.000000000000000e+00,0.000000000000000e+00
1.504999999999247e-05,301,3.400274396392853e-03,5.608576693834385e+02,1.000000000000000e+00,8.000000000000000e-01,2.000000000000000e-01,2.312455598291681e-05,-7.512982179781362e-05,1.666666666666667e+00,0.000000000000000e+00,2.981500000000000e+02,3.001898536189815e+02,2.999999999983656e+02,3.655649313291035e+02,3.013120811856967e+02,1,0.000000000000000e+00,0.000000000000000e+00
1.509999999999241e-05,302,3.414850564379175e-03,5.790314836283058e+02,1.000000000000000e+00,8.000000000000000e-01,2.000000000000000e-01,2.320788931624999e-05,-7.512982179781362e-05,1.666666666666667e+00,0.000000000000000e+00,2.981500000000000e+02,3.001906873354283e+02,2.999999999983656e+02,3.655795657801934e+02,3.013232193995345e+02,1,0.000000000000000e+00,0.000000000000000e+00
1.514999999999235e-05,303,3.429427763672362e-03,5.857933345117895e+02,1.000000000000000e+00,8.000000000000000e-01,2.000000000000000e-01,2.329122264958317e-05,-7.512982179781362e-05,1.666666666666667e+00,0.000000000000000e+00,2.981500000000000e+02,3.001915488353434e+02,2.999999999983656e+02,3.655926848294404e+02,3.013343976872559e+02,1,0.000000000000000e+00,0.000000000000000e+00
1.519999999999229e-05,304,3.444140103597752e-03,5.853176269166069e+02,1.000000000000000e+00,8.000000000000000e-01,2.000000000000000e-01,2.337455598291634e-05,-7.512982179781362e-05,1.666666666666667e+00,0.000000000000000e+00,2.981500000000000e+02,3.001924349338226e+02,2.999999999983667e+02,3.656052762050924e+02,3.013456347166942e+02,1,0.000000000000000e+00,0.000000000000000e+00
1.524999999999223e-05,305,3.458900828805516e-03,5.802192722199321e+02,1.000000000000000e+00,8.000000000000000e-01,2.000000000000000e-01,2.345788931624952e-05,-7.512982179781362e-05,1.666666666666667e+00,0.000000000000000e+00,2.981500000000000e+02,3.001932753931902e+02,2.999999999983676e+02,3.656172446603759e+02,3.013569681384371e+02,1,0.000000000000000e+00,0.000000000000000e+00
1.529999999999231e-05,306,3.473665892182333e-03,5.618989270503025e+02,1.000000000000000e+00,8.000000000000000e-01,2.000000000000000e-01,2.354122264958270e-05,-7.512982179781362e-05,1.666666666666667e+00,0.000000000000000e+00,2.981500000000000e+02,3.001940258759887e+02,2.999999999983733e+02,3.656281006682685e+02,3.013683744656861e+02,1,0.000000000000000e+00,0.000000000000000e+00
1.534999999999242e-05,307,3.488288230691876e-03,5.525702028696188e+02,1.000000000000000e+00,8.000000000000000e-01,2.000000000000000e-01,2.362455598291587e-05,-7.512982179781362e-05,1.666666666666667e+00,0.000000000000000e+00,2.981500000000000e+02,3.001946803112743e+02,2.999999999983790e+02,3.656377571242538e+02,3.013798465133631e+02,1,0.000000000000000e+00,0.000000000000000e+00
1.539999999999253e-05,308,3.502782723623417e-03,5.561592315294502e+02,1.000000000000000e+00,8.000000000000000e-01,2.000000000000000e-01,2.370788931624905e-05,-7.512982179781362e-05,1.666666666666667e+00,0.000000000000000e+00,2.981500000000000e+02,3.001953073394900e+02,2.999999999983847e+02,3.656469465360115e+02,3.013913634846202e+02,1,0.000000000000000e+00,0.000000000000000e+00
1.544999999999264e-05,309,3.517338765990673e-03,5.677661387106778e+02,1.000000000000000e+00,8.000000000000000e-01,2.000000000000000e-01,2.379122264958223e-05,-7.512982179781362e-05,1.666666666666667e+00,0.000000000000000e+00,2.981500000000000e+02,3.001959760405532e+02,2.999999999983904e+02,3.656564948390683e+02,3.014028918075680e+02,1,0.000000000000000e+00,0.000000000000000e+00
1.549999999999275e-05,310,3.532061464227603e-03,5.810970973993074e+02,1.000000000000000e+00,8.000000000000000e-01,2.000000000000000e-01,2.387455598291541e-05,-7.512982179781362e-05,1.666666666666667e+00,0.000000000000000e+00,2.981500000000000e+02,3.001967172050217e+02,2.999999999983960e+02,3.656667324649000e+02,3.014143987145858e+02,1,0.000000000000000e+00,0.000000000000000e+00
1.554999999999286e-05,311,3.546884672118001e-03,5.693674840737722e+02,1.000000000000000e+00,8.000000000000000e-01,2.000000000000000e-01,2.395788931624858e-05,-7.512982179781362e-05,1.666666666666667e+00,0.000000000000000e+00,2.981500000000000e+02,3.001974854916371e+02,2.999999999984017e+02,3.656770035458961e+02,3.014258940789517e+02,1,0.000000000000000e+00,0.000000000000000e+00
1.559999999999297e-05,312,3.561825271884670e-03,5.679863169392314e+02,1.000000000000000e+00,8.000000000000000e-01,2.000000000000000e-01,2.404122264958176e-05,-7.512982179781362e-05,1.666666666666667e+00,0.000000000000000e+00,2.981500000000000e+02,3.001982478340967e+02,2.999999999984038e+02,3.656873983752192e+02,3.014373919739366e+02,1,0.000000000000000e+00,0.000000000000000e+00
1.564999999999308e-05,313,3.576849599719380e-03,5.824387933379406e+02,1.000000000000000e+00,8.000000000000000e-01,2.000000000000000e-01,2.412455598291494e-05,-7.512982179781362e-05,1.666666666666667e+00,0.000000000000000e+00,2.981500000000000e+02,3.001990712195579e+02,2.999999999984095e+02,3.656975834450501e+02,3.014489323257247e+02,1,0.000000000000000e+00,0.000000000000000e+00
1.569999999999319e-05,314,3.591993000345156e-03,6.236393612463054e+02,1.000000000000000e+00,8.000000000000000e-01,2.000000000000000e-01,2.420788931624812e-05,-7.512982179781362e-05,1.666666666666667e+00,0.000000000000000e+00,2.981500000000000e+02,3.002000027893935e+02,2.999999999984151e+02,3.657071749414312e+02,3.014605662053424e+02,1,0.000000000000000e+00,0.000000000000000e+00
1.574999999999330e-05,315,3.607180560409258e-03,6.785512669214372e+02,1.000000000000000e+00,8.000000000000000e-01,2.000000000000000e-01,2.429122264958129e-05,-7.512982179781362e-05,1.666666666666667e+00,0.000000000000000e+00,2.981500000000000e+02,3.002011158115176e+02,2.999999999984208e+02,3.657151053803442e+02,3.014723196036764e+02,1,0.000000000000000e+00,0.000000000000000e+00
1.579999999999341e-05,316,3.623419438044241e-03,2.498592826013597e+03,1.000000000000000e+00,8.000000000000000e-01,2.000000000000000e-01,2.437455598291447e-05,-7.512982179781362e-05,1.666666666666667e+00,0.000000000000000e+00,2.981500000000000e+02,3.002024302447317e+02,2.999999999984265e+02,3.657211043608510e+02,3.014841708365012e+02,1,0.000000000000000e+00,0.000000000000000e+00
1.584999999999352e-05,317,3.641279673425208e-03,1.237344692575500e+03,1.000000000000000e+00,8.000000000000000e-01,2.000000000000000e-01,2.445788931624765e-05,-7.512982179781362e-05,1.666666666666667e+00,0.000000000000000e+00,2.981500000000000e+02,3.002047229512813e+02,2.999999999984322e+02,3.657260339249042e+02,3.014960664750941e+02,1,0.000000000000000e+00,0.000000000000000e+00
1.589999999999363e-05,318,3.657457444398548e-03,1.115096744022545e+03,1.000000000000000e+00,8.000000000000000e-01,2.000000000000000e-01,2.454122264958082e-05,-7.512982179781362e-05,1.666666666666667e+00,0.000000000000000e+00,2.981500000000000e+02,3.002078804752441e+02,2.999999999984379e+02,3.657267221516816e+02,3.015081016771756e+02,1,0.000000000000000e+00,0.000000000000000e+00
1.594999999999374e-05,319,3.673530217226723e-03,8.790437451799137e+02,1.000000000000000e+00,8.000000000000000e-01,2.000000000000000e-01,2.462455598291400e-05,-7.512982179781362e-05,1.666666666666667e+00,0.000000000000000e+00,2.981500000000000e+02,3.002103360839025e+02,2.999999999982848e+02,3.657242224686065e+02,3.015202650899311e+02,1,0.000000000000000e+00,0.000000000000000e+00
1.599999999999385e-05,320,3.689843252481032e-03,7.309608852872875e+02,1.000000000000000e+00,8.000000000000000e-01,2.000000000000000e-01,2.470788931624718e-05,-7.512982179781362e-05,1.666666666666667e+00,0.000000000000000e+00,2.981500000000000e+02,3.002119343156351e+02,2.999999999982964e+02,3.657178402370943e+02,3.015324878730651e+02,1,0.000000000000000e+00,0.000000000000000e+00
1.604999999999396e-05,321,3.706436235183808e-03,6.302981603970917e+02,1.000000000000000e+00,8.000000000000000e-01,2.000000000000000e-01,2.479122264958036e-05,-7.512982179781362e-05,1.666666666666667e+00,0.000000000000000e+00,2.981500000000000e+02,3.002130901143117e+02,2.999999999983021e+02,3.657092641168629e+02,3.015446892818925e+02,1,0.000000000000000e+00,0.000000000000000e+00
1.609999999999407e-05,322,3.723148753965458e-03,6.352146544938959e+02,1.000000000000000e+00,8.000000000000000e-01,2.000000000000000e-01,2.487455598291353e-05,-7.512982179781362e-05,1.666666666666667e+00,0.000000000000000e+00,2.981500000000000e+02,3.002139233023343e+02,2.999999999983087e+02,3.656985746727629e+02,3.015568632407912e+02,1,0.000000000000000e+00,0.000000000000000e+00
1.614999999999418e-05,323,3.740099375427432e-03,7.193311238257807e+02,1.000000000000000e+00,8.000000000000000e-01,2.000000000000000e-01,2.495788931624671e-05,-7.512982179781362e-05,1.666666666666667e+00,0.000000000000000e+00,2.981500000000000e+02,3.002149556046702e+02,2.999999999983200e+02,3.656873180002568e+02,3.015690570540240e+02,1,0.000000000000000e+00,0.000000000000000e+00
1.619999999999428e-05,324,3.757108835401251e-03,7.884604325217110e+02,1.000000000000000e+00,8.000000000000000e-01,2.000000000000000e-01,2.504122264957989e-05,-7.512982179781362e-05,1.666666666666667e+00,0.000000000000000e+00,2.981500000000000e+02,3.002162657883194e+02,2.999999999983314e+02,3.656767662714117e+02,3.015812934547172e+02,1,0.000000000000000e+00,0.000000000000000e+00
1.624999999999439e-05,325,3.774036371584431e-03,8.478352524185399e+02,1.000000000000000e+00,8.000000000000000e-01,2.000000000000000e-01,2.512455598291306e-05,-7.512982179781362e-05,1.666666666666667e+00,0.000000000000000e+00,2.981500000000000e+02,3.002178036831268e+02,2.999999999983428e+02,3.656673551277760e+02,3.015935349271435e+02,1,0.000000000000000e+00,0.000000000000000e+00
1.629999999999450e-05,326,3.790729305240451e-03,8.835129107774546e+02,1.000000000000000e+00,8.000000000000000e-01,2.000000000000000e-01,2.520788931624624e-05,-7.512982179781362e-05,1.666666666666667e+00,0.000000000000000e+00,2.981500000000000e+02,3.002197042110674e+02,2.999999999983542e+02,3.656593998907634e+02,3.016057933029245e+02,1,0.000000000000000e+00,0.000000000000000e+00
1.634999999999461e-05,327,3.807880419123093e-03,8.990192977025532e+02,1.000000000000000e+00,8.000000000000000e-01,2.000000000000000e-01,2.529122264957942e-05,-7.512982179781362e-05,1.666666666666667e+00,0.000000000000000e+00,2.981500000000000e+02,3.002216451043926e+02,2.999999999983655e+02,3.656528550092819e+02,3.016181775200902e+02,1,0.000000000000000e+00,0.000000000000000e+00
1.639999999999472e-05,328,3.825214934035565e-03,9.517681641526810e+02,1.000000000000000e+00,8.000000000000000e-01,2.000000000000000e-01,2.537455598291260e-05,-7.512982179781362e-05,1.666666666666667e+00,0.000000000000000e+00,2.981500000000000e+02,3.002235042610444e+02,2.999999999983769e+02,3.656471204940716e+02,3.016307945347285e+02,1,0.000000000000000e+00,0.000000000000000e+00
1.644999999999483e-05,329,3.842803243312098e-03,9.980479144423398e+02,1.000000000000000e+00,8.000000000000000e-01,2.000000000000000e-01,2.545788931624577e-05,-7.512982179781362e-05,1.666666666666667e+00,0.000000000000000e+00,2.981500000000000e+02,3.002256086755343e+02,2.999999999984026e+02,3.656433895858684e+02,3.016435915364232e+02,1,0.000000000000000e+00,0.000000000000000e+00
1.649999999999494e-05,330,3.860519188126939e-03,1.033875979760442e+03,1.000000000000000e+00,8.000000000000000e-01,2.000000000000000e-01,2.554122264957895e-05,-7.512982179781362e-05,1.666666666666667e+00,0.000000000000000e+00,2.981500000000000e+02,3.002277573331879e+02,2.999999999984182e+02,3.656412133681663e+02,3.016564968267274e+02,1,0.000000000000000e+00,0.000000000000000e+00
1.654999999999505e-05,331,3.878230436762269e-03,1.020577329079327e+03,1.000000000000000e+00,8.000000000000000e-01,2.000000000000000e-01,2.562455598291213e-05,-7.512982179781362e-05,1.666666666666667e+00,0.000000000000000e+00,2.981500000000000e+02,3.002299468327239e+02,2.999999999984424e+02,3.656410983279616e+02,3.016694290462764e+02,1,0.000000000000000e+00,0.000000000000000e+00
1.659999999999516e-05,332,3.895824354519330e-03,1.010609502243565e+03,1.000000000000000e+00,8.000000000000000e-01,2.000000000000000e-01,2.570788931624531e-05,-7.512982179781362e-05,1.666666666666667e+00,0.000000000000000e+00,2.981500000000000e+02,3.002320253538250e+02,2.999999999984594e+02,3.656433634494408e+02,3.016823078803379e+02,1,0.000000000000000e+00,0.000000000000000e+00
1.664999999999527e-05,333,3.913388726305758e-03,9.568118607038235e+02,1.000000000000000e+00,8.000000000000000e-01,2.000000000000000e-01,2.579122264957848e-05,-7.512982179781362e-05,1.666666666666667e+00,0.000000000000000e+00,2.981500000000000e+02,3.002339316553501e+02,2.999999999984765e+02,3.656477118736407e+02,3.016951442266349e+02,1,0.000000000000000e+00,0.000000000000000e+00
1.669999999999538e-05,334,3.930579552528628e-03,8.762405272506453e+02,1.000000000000000e+00,8.000000000000000e-01,2.000000000000000e-01,2.587455598291166e-05,-7.512982179781362e-05,1.666666666666667e+00,0.000000000000000e+00,2.981500000000000e+02,3.002353743553958e+02,2.999999999984935e+02,3.656534590348440e+02,3.017078172163625e+02,1,0.000000000000000e+00,0.000000000000000e+00
1.674999999999549e-05,335,3.947733934235353e-03,8.344993913590804e+02,1.000000000000000e+00,8.000000000000000e-01,2.000000000000000e-01,2.595788931624484e-05,-7.512982179781362e-05,1.666666666666667e+00,0.000000000000000e+00,2.981500000000000e+02,3.002365090414590e+02,2.999999999985114e+02,3.656619994933137e+02,3.017204042871281e+02,1,0.000000000000000e+00,0.000000000000000e+00
1.679999999999560e-05,336,3.964876606000609e-03,7.838519031344637e+02,1.000000000000000e+00,8.000000000000000e-01,2.000000000000000e-01,2.604122264957801e-05,-7.512982179781362e-05,1.666666666666667e+00,0.000000000000000e+00,2.981500000000000e+02,3.002373857832955e+02,2.999999999985342e+02,3.656725940082797e+02,3.017329653549533e+02,1,0.000000000000000e+00,0.000000000000000e+00
1.684999999999571e-05,337,3.981706773894393e-03,7.866281191336726e+02,1.000000000000000e+00,8.000000000000000e-01,2.000000000000000e-01,2.612455598291119e-05,-7.512982179781362e-05,1.666666666666667e+00,0.000000000000000e+00,2.981500000000000e+02,3.002380526580509e+02,2.999999999985816e+02,3.656860064550950e+02,3.017454700074234e+02,1,0.000000000000000e+00,0.000000000000000e+00
1.689999999999582e-05,338,3.998399286916719e-03,8.359082772351182e+02,1.000000000000000e+00,8.000000000000000e-01,2.000000000000000e-01,2.620788931624437e-05,-7.512982179781362e-05,1.666666666666667e+00,0.000000000000000e+00,2.981500000000000e+02,3.002388451147032e+02,2.999999999986044e+02,3.657039602634661e+02,3.017579563019848e+02,1,0.000000000000000e+00,0.000000000000000e+00
1.694999999999593e-05,339,4.015047283341750e-03,8.609127792815844e+02,1.000000000000000e+00,8.000000000000000e-01,2.000000000000000e-01,2.629122264957755e-05,-7.512982179781362e-05,1.666666666666667e+00,0.000000000000000e+00,2.981500000000000e+02,3.002398356060734e+02,2.999999999986271e+02,3.657245933940812e+02,3.017704665123233e+02,1,0.000000000000000e+00,0.000000000000000e+00
1.699999999999604e-05,340,4.031672835910867e-03,9.059871944203189e+02,1.000000000000000e+00,8.000000000000000e-01,2.000000000000000e-01,2.637455598291072e-05,-7.512982179781362e-05,1.666666666666667e+00,0.000000000000000e+00,2.981500000000000e+02,3.002409279478497e+02,2.999999999986547e+02,3.657479492056328e+02,3.017830018763477e+02,1,0.000000000000000e+00,0.000000000000000e+00
1.704999999999615e-05,341,4.048164934126556e-03,9.152596498169798e+02,1.000000000000000e+00,8.000000000000000e-01,2.000000000000000e-01,2.645788931624390e-05,-7.512982179781362e-05,1.666666666666667e+00,0.000000000000000e+00,2.981500000000000e+02,3.002421475146332e+02,2.999999999986756e+02,3.657719961903962e+02,3.017955892949023e+02,1,0.000000000000000e+00,0.000000000000000e+00
1.709999999999626e-05,342,4.064888082900723e-03,9.286118299081508e+02,1.000000000000000e+00,8.000000000000000e-01,2.000000000000000e-01,2.654122264957708e-05,-7.512982179781362e-05,1.666666666666667e+00,0.000000000000000e+00,2.981500000000000e+02,3.002433303987157e+02,2.999999999987040e+02,3.657965659062610e+02,3.018082919567282e+02,1,0.000000000000000e+00,0.000000000000000e+00
1.714999999999637e-05,343,4.081478007866492e-03,9.409220143543612e+02,1.000000000000000e+00,8.000000000000000e-01,2.000000000000000e-01,2.662455598291026e-05,-7.512982179781362e-05,1.666666666666667e+00,0.000000000000000e+00,2.981500000000000e+02,3.002445305632278e+02,2.999999999987018e+02,3.658206880121469e+02,3.018210355179487e+02,1,0.000000000000000e+00,0.000000000000000e+00
1.719999999999648e-05,344,4.098111827003227e-03,9.003071742374848e+02,1.000000000000000e+00,8.000000000000000e-01,2.000000000000000e-01,2.670788931624343e-05,-7.512982179781362e-05,1.666666666666667e+00,0.000000000000000e+00,2.981500000000000e+02,3.002457302092403e+02,2.999999999987359e+02,3.658439656522055e+02,3.018337614871430e+02,1,0.000000000000000e+00,0.000000000000000e+00
1.724999999999659e-05,345,4.114733932650475e-03,8.428552019325583e+02,1.000000000000000e+00,8.000000000000000e-01,2.000000000000000e-01,2.679122264957661e-05,-7.512982179781362e-05,1.666666666666667e+00,0.000000000000000e+00,2.981500000000000e+02,3.002465971021098e+02,2.999999999987700e+02,3.658665104533247e+02,3.018465044572056e+02,1,0.000000000000000e+00,0.000000000000000e+00
1.729999999999670e-05,346,4.131241853720919e-03,8.538111739419742e+02,1.000000000000000e+00,8.000000000000000e-01,2.000000000000000e-01,2.687455598290979e-05,-7.512982179781362e-05,1.666666666666667e+00,0.000000000000000e+00,2.981500000000000e+02,3.002473391443526e+02,2.999999999988041e+02,3.658895168883114e+02,3.018592640611593e+02,1,0.000000000000000e+00,0.000000000000000e+00
1.734999999999681e-05,347,4.147859497513232e-03,8.627481830895811e+02,1.000000000000000e+00,8.000000000000000e-01,2.000000000000000e-01,2.695788931624296e-05,-7.512982179781362e-05,1.666666666666667e+00,0.000000000000000e+00,2.981500000000000e+02,3.002481098434229e+02,2.999999999988439e+02,3.659127266192408e+02,3.018720633291694e+02,1,0.000000000000000e+00,0.000000000000000e+00
1.739999999999692e-05,348,4.164665210108999e-03,8.212661162562215e+02,1.000000000000000e+00,8.000000000000000e-01,2.000000000000000e-01,2.704122264957614e-05,-7.512982179781362e-05,1.666666666666667e+00,0.000000000000000e+00,2.981500000000000e+02,3.002488290054164e+02,2.999999999989134e+02,3.659341495741195e+02,3.018850091079996e+02,1,0.000000000000000e+00,0.000000000000000e+00
1.744999999999703e-05,349,4.181268801833627e-03,8.168462107258320e+02,1.000000000000000e+00,8.000000000000000e-01,2.000000000000000e-01,2.712455598290932e-05,-7.512982179781362e-05,1.666666666666667e+00,0.000000000000000e+00,2.981500000000000e+02,3.002493185038020e+02,2.999999999989540e+02,3.659542549003468e+02,3.018979721835305e+02,1,0.000000000000000e+00,0.000000000000000e+00
1.749999999999714e-05,350,4.197915215221231e-03,8.392194618685917e+02,1.000000000000000e+00,8.000000000000000e-01,2.000000000000000e-01,2.720788931624250e-05,-7.512982179781362e-05,1.666666666666667e+00,0.000000000000000e+00,2.981500000000000e+02,3.002499423307567e+02,2.999999999989994e+02,3.659728811818714e+02,3.019108886372509e+02,1,0.000000000000000e+00,0.000000000000000e+00
1.754999999999725e-05,351,4.230806523264396e-03,8.204332468485038e+02,1.000000000000000e+00,8.000000000000000e-01,2.000000000000000e-01,2.729122264957567e-05,-7.512982179781362e-05,1.666666666666667e+00,0.000000000000000e+00,2.981500000000000e+02,3.002505433243480e+02,2.999999999990449e+02,3.659881191657254e+02,3.019237363586193e+02,1,0.000000000000000e+00,0.000000000000000e+00
1.759999999999735e-05,352,4.250131259238675e-03,7.840675385889991e+02,1.000000000000000e+00,8.000000000000000e-01,2.000000000000000e-01,2.737455598290885e-05,-7.512982179781362e-05,1.666666666666667e+00,0.000000000000000e+00,2.981500000000000e+02,3.002509611206094e+02,2.999999999990935e+02,3.660001988815789e+02,3.019364459143615e+02,1,0.000000000000000e+00,0.000000000000000e+00
1.764999999999746e-05,353,4.271846447556144e-03,7.116679994009961e+02,1.000000000000000e+00,8.000000000000000e-01,2.000000000000000e-01,2.745788931624203e-05,-7.512982179781362e-05,1.666666666666667e+00,0.000000000000000e+00,2.981500000000000e+02,3.002510639549372e+02,2.999999999991446e+02,3.660110137672797e+02,3.019490341568989e+02,1,0.000000000000000e+00,0.000000000000000e+00
1.769999999999757e-05,354,4.293926369442386e-03,7.465293738639516e+02,1.000000000000000e+00,8.000000000000000e-01,2.000000000000000e-01,2.754122264957520e-05,-7.512982179781362e-05,1.666666666666667e+00,0.000000000000000e+00,2.981500000000000e+02,3.002511555178469e+02,2.999999999991967e+02,3.660213950900795e+02,3.019615645731759e+02,1,0.000000000000000e+00,0.000000000000000e+00
1.774999999999768e-05,355,4.316389784788001e-03,7.955860250393265e+02,1.000000000000000e+00,8.000000000000000e-01,2.000000000000000e-01,2.762455598290838e-05,-7.512982179781362e-05,1.666666666666667e+00,0.000000000000000e+00,2.981500000000000e+02,3.002514043833723e+02,2.999999999992075e+02,3.660301990761246e+02,3.019740981919509e+02,1,0.000000000000000e+00,0.000000000000000e+00
1.779999999999779e-05,356,4.339199230938394e-03,8.853478425506603e+02,1.000000000000000e+00,8.000000000000000e-01,2.000000000000000e-01,2.770788931624156e-05,-7.512982179781362e-05,1.666666666666667e+00,0.000000000000000e+00,2.981500000000000e+02,3.002519549131054e+02,2.999999999991874e+02,3.660380592022387e+02,3.019867207851587e+02,1,0.000000000000000e+00,0.000000000000000e+00
1.784999999999790e-05,357,4.362471924911798e-03,8.906226262527269e+02,1.000000000000000e+00,8.000000000000000e-01,2.000000000000000e-01,2.779122264957474e-05,-7.512982179781362e-05,1.666666666666667e+00,0.000000000000000e+00,2.981500000000000e+02,3.002526423279101e+02,2.999999999991874e+02,3.660436043759228e+02,3.019995348808865e+02,1,0.000000000000000e+00,0.000000000000000e+00
1.789999999999801e-05,358,4.385655101544966e-03,8.492292932132561e+02,1.000000000000000e+00,8.000000000000000e-01,2.000000000000000e-01,2.787455598290791e-05,-7.512982179781362e-05,1.666666666666667e+00,0.000000000000000e+00,2.981500000000000e+02,3.002532426813803e+02,2.999999999991874e+02,3.660470783472687e+02,3.020124250079231e+02,1,0.000000000000000e+00,0.000000000000000e+00
1.794999999999812e-05,359,4.408840062278898e-03,8.260086011709204e+02,1.000000000000000e+00,8.000000000000000e-01,2.000000000000000e-01,2.795788931624109e-05,-7.512982179781362e-05,1.666666666666667e+00,0.000000000000000e+00,2.981500000000000e+02,3.002537388242823e+02,2.999999999991874e+02,3.660500211425851e+02,3.020253580980097e+02,1,0.000000000000000e+00,0.000000000000000e+00
1.799999999999823e-05,360,4.431762287278223e-03,8.006241397982662e+02,1.000000000000000e+00,8.000000000000000e-01,2.000000000000000e-01,2.804122264957427e-05,-7.512982179781362e-05,1.666666666666667e+00,0.000000000000000e+00,2.981500000000000e+02,3.002541454997806e+02,2.999999999991874e+02,3.660526932155142e+02,3.020383384488441e+02,1,0.000000000000000e+00,0.000000000000000e+00
1.804999999999834e-05,361,4.454408433684359e-03,7.773517093604009e+02,1.000000000000000e+00,8.000000000000000e-01,2.000000000000000e-01,2.812455598290745e-05,-7.512982179781362e-05,1.666666666666667e+00,0.000000000000000e+00,2.981500000000000e+02,3.002544399347207e+02,2.999999999991874e+02,3.660556713973471e+02,3.020513663104722e+02,1,0.000000000000000e+00,0.000000000000000e+00
1.809999999999845e-05,362,4.476933759421518e-03,7.496390477994826e+02,1.000000000000000e+00,8.000000000000000e-01,2.000000000000000e-01,2.820788931624062e-05,-7.512982179781362e-05,1.666666666666667e+00,0.000000000000000e+00,2.981500000000000e+02,3.002546639510165e+02,2.999999999991879e+02,3.660586633436399e+02,3.020645553911734e+02,1,0.000000000000000e+00,0.000000000000000e+00
1.814999999999856e-05,363,4.499315438044295e-03,7.220349918606523e+02,1.000000000000000e+00,8.000000000000000e-01,2.000000000000000e-01,2.829122264957380e-05,-7.512982179781362e-05,1.666666666666667e+00,0.000000000000000e+00,2.981500000000000e+02,3.002547863904724e+02,2.999999999991879e+02,3.660613177862656e+02,3.020779600458283e+02,1,0.000000000000000e+00,0.000000000000000e+00
1.819999999999867e-05,364,4.521373384990719e-03,7.433680104602726e+02,1.000000000000000e+00,8.000000000000000e-01,2.000000000000000e-01,2.837455598290698e-05,-7.512982179781362e-05,1.666666666666667e+00,0.000000000000000e+00,2.981500000000000e+02,3.002547957070034e+02,2.999999999991888e+02,3.660632527777863e+02,3.020914878821087e+02,1,0.000000000000000e+00,0.000000000000000e+00
1.824999999999878e-05,365,4.543636079426683e-03,7.330366197814186e+02,1.000000000000000e+00,8.000000000000000e-01,2.000000000000000e-01,2.845788931624015e-05,-7.512982179781362e-05,1.666666666666667e+00,0.000000000000000e+00,2.981500000000000e+02,3.002548784753906e+02,2.999999999991888e+02,3.660650250006981e+02,3.021049836329852e+02,1,0.000000000000000e+00,0.000000000000000e+00
1.829999999999889e-05,366,4.566085863403948e-03,7.394250438743319e+02,1.000000000000000e+00,8.000000000000000e-01,2.000000000000000e-01,2.854122264957333e-05,-7.512982179781362e-05,1.666666666666667e+00,0.000000000000000e+00,2.981500000000000e+02,3.002549671633572e+02,2.999999999991888e+02,3.660673291788016e+02,3.021184818672079e+02,1,0.000000000000000e+00,0.000000000000000e+00
1.834999999999900e-05,367,4.588774404708101e-03,7.488605070135249e+02,1.000000000000000e+00,8.000000000000000e-01,2.000000000000000e-01,2.862455598290651e-05,-7.512982179781362e-05,1.666666666666667e+00,0.000000000000000e+00,2.981500000000000e+02,3.002551321901915e+02,2.999999999991888e+02,3.660708856719747e+02,3.021320599593653e+02,1,0.000000000000000e+00,0.000000000000000e+00
1.839999999999911e-05,368,4.611857950673605e-03,7.968225534585774e+02,1.000000000000000e+00,8.000000000000000e-01,2.000000000000000e-01,2.870788931623969e-05,-7.512982179781362e-05,1.666666666666667e+00,0.000000000000000e+00,2.981500000000000e+02,3.002554586245020e+02,2.999999999991888e+02,3.660761922925965e+02,3.021458287704406e+02,1,0.000000000000000e+00,0.000000000000000e+00
1.844999999999922e-05,369,4.634662755853016e-03,8.028200358215087e+02,1.000000000000000e+00,8.000000000000000e-01,2.000000000000000e-01,2.879122264957286e-05,-7.512982179781362e-05,1.666666666666667e+00,0.000000000000000e+00,2.981500000000000e+02,3.002559973795853e+02,2.999999999991888e+02,3.660811012504400e+02,3.021597887130815e+02,1,0.000000000000000e+00,0.000000000000000e+00
1.849999999999933e-05,370,4.656952311569925e-03,8.210334446097739e+02,1.000000000000000e+00,8.000000000000000e-01,2.000000000000000e-01,2.887455598290604e-05,-7.512982179781362e-05,1.666666666666667e+00,0.000000000000000e+00,2.981500000000000e+02,3.002565828148749e+02,2.999999999991913e+02,3.660856188074123e+02,3.021738409182993e+02,1,0.000000000000000e+00,0.000000000000000e+00
1.854999999999944e-05,371,4.678980666329346e-03,8.245200583001327e+02,1.000000000000000e+00,8.000000000000000e-01,2.000000000000000e-01,2.895788931623922e-05,-7.512982179781362e-05,1.666666666666667e+00,0.000000000000000e+00,2.981500000000000e+02,3.002573263364873e+02,2.999999999991811e+02,3.660907096479721e+02,3.021880195817654e+02,1,0.000000000000000e+00,0.000000000000000e+00
1.859999999999955e-05,372,4.700717688106148e-03,7.794190459501032e+02,1.000000000000000e+00,8.000000000000000e-01,2.000000000000000e-01,2.904122264957240e-05,-7.512982179781362e-05,1.666666666666667e+00,0.000000000000000e+00,2.981500000000000e+02,3.002579610890151e+02,2.999999999991774e+02,3.660957841132838e+02,3.022022731909865e+02,1,0.000000000000000e+00,0.000000000000000e+00
1.864999999999966e-05,373,4.721942144406069e-03,7.493907168330413e+02,1.000000000000000e+00,8.000000000000000e-01,2.000000000000000e-01,2.912455598290557e-05,-7.512982179781362e-05,1.666666666666667e+00,0.000000000000000e+00,2.981500000000000e+02,3.002584555586880e+02,2.999999999991774e+02,3.662720016246067e+02,3.022164943063012e+02,1,0.000000000000000e+00,0.000000000000000e+00
1.869999999999977e-05,374,4.743128533234166e-03,6.753388287024565e+02,1.000000000000000e+00,8.000000000000000e-01,2.000000000000000e-01,2.920788931623875e-05,-7.512982179781362e-05,1.666666666666667e+00,0.000000000000000e+00,2.981500000000000e+02,3.002586611442691e+02,2.999999999991774e+02,3.666597161402633e+02,3.022307511319861e+02,1,0.000000000000000e+00,0.000000000000000e+00
1.874999999999988e-05,375,4.764187067999704e-03,6.463762421951308e+02,1.000000000000000e+00,8.000000000000000e-01,2.000000000000000e-01,2.929122264957193e-05,-7.512982179781362e-05,1.666666666666667e+00,0.000000000000000e+00,2.981500000000000e+02,3.002585839186200e+02,2.999999999991774e+02,3.670415381108470e+02,3.022450659665918e+02,1,0.000000000000000e+00,0.000000000000000e+00
1.879999999999999e-05,376,4.785167051430137e-03,6.598842654727124e+02,1.000000000000000e+00,8.000000000000000e-01,2.000000000000000e-01,2.937455598290510e-05,-7.512982179781362e-05,1.666666666666667e+00,0.000000000000000e+00,2.981500000000000e+02,3.002584542129608e+02,2.999999999991774e+02,3.674141392498207e+02,3.022594353107082e+02,1,0.000000000000000e+00,0.000000000000000e+00
1.885000000000010e-05,377,4.806142630501986e-03,6.745489365305066e+02,1.000000000000000e+00,8.000000000000000e-01,2.000000000000000e-01,2.945788931623828e-05,-7.512982179781362e-05,1.666666666666667e+00,0.000000000000000e+00,2.981500000000000e+02,3.002584346104134e+02,2.999999999991774e+02,3.677789726082945e+02,3.022738598257838e+02,1,0.000000000000000e+00,0.000000000000000e+00
1.890000000000021e-05,378,4.827029476197698e-03,6.701751475902009e+02,1.000000000000000e+00,8.000000000000000e-01,2.000000000000000e-01,2.954122264957146e-05,-7.512982179781362e-05,1.666666666666667e+00,0.000000000000000e+00,2.981500000000000e+02,3.002584804842339e+02,2.999999999991774e+02,3.681342601505601e+02,3.022882938797977e+02,1,0.000000000000000e+00,0.000000000000000e+00
1.895000000000031e-05,379,4.847679517496231e-03,6.643097914782152e+02,1.000000000000000e+00,8.000000000000000e-01,2.000000000000000e-01,2.962455598290464e-05,-7.512982179781362e-05,1.666666666666667e+00,0.000000000000000e+00,2.981500000000000e+02,3.002585268697163e+02,2.999999999991774e+02,3.684758452751739e+02,3.023026883444936e+02,1,0.000000000000000e+00,0.000000000000000e+00
1.900000000000042e-05,380,4.868332944969171e-03,6.696706049322557e+02,1.000000000000000e+00,8.000000000000000e-01,2.000000000000000e-01,2.970788931623781e-05,-7.512982179781362e-05,1.666666666666667e+00,0.000000000000000e+00,2.981500000000000e+02,3.002586402558552e+02,2.999999999991808e+02,3.688090500955706e+02,3.023170872315297e+02,1,0.000000000000000e+00,0.000000000000000e+00
1.905000000000053e-05,381,4.888692073053736e-03,6.565740323991319e+02,1.000000000000000e+00,8.000000000000000e-01,2.000000000000000e-01,2.979122264957099e-05,-7.512982179781362e-05,1.666666666666667e+00,0.000000000000000e+00,2.981500000000000e+02,3.002587614647192e+02,2.999999999991808e+02,3.691311572220411e+02,3.023314797533426e+02,1,0.000000000000000e+00,0.000000000000000e+00
1.910000000000064e-05,382,4.908986306544895e-03,6.592470384841350e+02,1.000000000000000e+00,8.000000000000000e-01,2.000000000000000e-01,2.987455598290417e-05,-7.512982179781362e-05,1.666666666666667e+00,0.000000000000000e+00,2.981500000000000e+02,3.002588868544090e+02,2.999999999992079e+02,3.694509239691856e+02,3.023459231566720e+02,1,0.000000000000000e+00,0.000000000000000e+00
1.915000000000075e-05,383,4.929260698820823e-03,6.782333757677126e+02,1.000000000000000e+00,8.000000000000000e-01,2.000000000000000e-01,2.995788931623735e-05,-7.512982179781362e-05,1.666666666666667e+00,0.000000000000000e+00,2.981500000000000e+02,3.002590671227019e+02,2.999999999992079e+02,3.697711890576676e+02,3.023604825633878e+02,1,0.000000000000000e+00,0.000000000000000e+00
1.920000000000086e-05,384,4.949490137646783e-03,7.247006126774902e+02,1.000000000000000e+00,8.000000000000000e-01,2.000000000000000e-01,3.004122264957052e-05,-7.512982179781362e-05,1.666666666666667e+00,0.000000000000000e+00,2.981500000000000e+02,3.002594535477776e+02,2.999999999990690e+02,3.700888492457881e+02,3.023751751598220e+02,1,0.000000000000000e+00,0.000000000000000e+00
1.925000000000097e-05,385,4.969638887604233e-03,7.550963934856384e+02,1.000000000000000e+00,8.000000000000000e-01,2.000000000000000e-01,3.012455598290370e-05,-7.512982179781362e-05,1.666666666666667e+00,0.000000000000000e+00,2.981500000000000e+02,3.002600647982323e+02,2.999999999990690e+02,3.704062477617485e+02,3.023900104238614e+02,1,0.000000000000000e+00,0.000000000000000e+00
1.930000000000108e-05,386,4.989946747543826e-03,7.451626349732956e+02,1.000000000000000e+00,8.000000000000000e-01,2.000000000000000e-01,3.020788931623688e-05,-7.512982179781362e-05,1.666666666666667e+00,0.000000000000000e+00,2.981500000000000e+02,3.002607193347055e+02,2.999999999990690e+02,3.707324608024015e+02,3.024049752553540e+02,1,0.000000000000000e+00,0.000000000000000e+00
1.935000000000119e-05,387,5.010120676401188e-03,7.247851515758377e+02,1.000000000000000e+00,8.000000000000000e-01,2.000000000000000e-01,3.029122264957005e-05,-7.512982179781362e-05,1.666666666666667e+00,0.000000000000000e+00,2.981500000000000e+02,3.002612794797554e+02,2.999999999990736e+02,3.710600552866871e+02,3.024200111872461e+02,1,0.000000000000000e+00,0.000000000000000e+00
1.940000000000130e-05,388,5.030173532425513e-03,7.017952238619786e+02,1.000000000000000e+00,8.000000000000000e-01,2.000000000000000e-01,3.037455598290323e-05,-7.512982179781362e-05,1.666666666666667e+00,0.000000000000000e+00,2.981500000000000e+02,3.002617133325151e+02,2.999999999990129e+02,3.713901545301954e+02,3.024349774218483e+02,1,0.000000000000000e+00,0.000000000000000e+00
1.945000000000141e-05,389,5.050326020672970e-03,6.860632914486827e+02,1.000000000000000e+00,8.000000000000000e-01,2.000000000000000e-01,3.045788931623641e-05,-7.512982179781362e-05,1.666666666666667e+00,0.000000000000000e+00,2.981500000000000e+02,3.002620269319634e+02,2.999999999990186e+02,3.717255703776831e+02,3.024498804007459e+02,1,0.000000000000000e+00,0.000000000000000e+00
1.950000000000152e-05,390,5.070436308864967e-03,6.803981383514011e+02,1.000000000000000e+00,8.000000000000000e-01,2.000000000000000e-01,3.054122264956968e-05,-7.512982179781362e-05,1.666666666666667e+00,0.000000000000000e+00,2.981500000000000e+02,3.002622497296434e+02,2.999999999990243e+02,3.720646950331420e+02,3.024647424318584e+02,1,0.000000000000000e+00,0.000000000000000e+00
1.955000000000163e-05,391,5.090330340707248e-03,6.708017088378874e+02,1.000000000000000e+00,8.000000000000000e-01,2.000000000000000e-01,3.062455598290320e-05,-7.512982179781362e-05,1.666666666666667e+00,0.000000000000000e+00,2.981500000000000e+02,3.002624306026747e+02,2.999999999990300e+02,3.724045877047870e+02,3.024794936091577e+02,1,0.000000000000000e+00,0.000000000000000e+00
1.960000000000174e-05,392,5.110237950269740e-03,6.871001197094822e+02,1.000000000000000e+00,8.000000000000000e-01,2.000000000000000e-01,3.070788931623672e-05,-7.512982179781362e-05,1.666666666666667e+00,0.000000000000000e+00,2.981500000000000e+02,3.002626533753410e+02,2.999999999990357e+02,3.727458894495509e+02,3.024942140719240e+02,1,0.000000000000000e+00,0.000000000000000e+00
1.965000000000185e-05,393,5.129838826929062e-03,6.689432733709862e+02,1.000000000000000e+00,8.000000000000000e-01,2.000000000000000e-01,3.079122264957023e-05,-7.512982179781362e-05,1.666666666666667e+00,0.000000000000000e+00,2.981500000000000e+02,3.002628839162734e+02,2.999999999990413e+02,3.730878326779912e+02,3.025088518787759e+02,1,0.000000000000000e+00,0.000000000000000e+00
1.970000000000196e-05,394,5.149247935163715e-03,6.725133395999188e+02,1.000000000000000e+00,8.000000000000000e-01,2.000000000000000e-01,3.087455598290375e-05,-7.512982179781362e-05,1.666666666666667e+00,0.000000000000000e+00,2.981500000000000e+02,3.002631257085225e+02,2.999999999990470e+02,3.734359549881726e+02,3.025233873192971e+02,1,0.000000000000000e+00,0.000000000000000e+00
1.975000000000207e-05,395,5.168613886140425e-03,6.886969368849703e+02,1.000000000000000e+00,8.000000000000000e-01,2.000000000000000e-01,3.095788931623726e-05,-7.512982179781362e-05,1.666666666666667e+00,0.000000000000000e+00,2.981500000000000e+02,3.002634224504927e+02,2.999999999990527e+02,3.737997592435150e+02,3.025379528975905e+02,1,0.000000000000000e+00,0.000000000000000e+00
1.980000000000218e-05,396,5.188078245913879e-03,7.420330017770356e+02,1.000000000000000e+00,8.000000000000000e-01,2.000000000000000e-01,3.104122264957078e-05,-7.512982179781362e-05,1.666666666666667e+00,0.000000000000000e+00,2.981500000000000e+02,3.002639134604733e+02,2.999999999990584e+02,3.741834429686949e+02,3.025526593304001e+02,1,0.000000000000000e+00,0.000000000000000e+00
1.985000000000229e-05,397,5.207717502052696e-03,8.004864020683632e+02,1.000000000000000e+00,8.000000000000000e-01,2.000000000000000e-01,3.112455598290430e-05,-7.512982179781362e-05,1.666666666666667e+00,0.000000000000000e+00,2.981500000000000e+02,3.002646453089015e+02,2.999999999990641e+02,3.745906949099697e+02,3.025675479710927e+02,1,0.000000000000000e+00,0.000000000000000e+00
1.990000000000240e-05,398,5.227654576580160e-03,8.375202044929581e+02,1.000000000000000e+00,8.000000000000000e-01,2.000000000000000e-01,3.120788931623781e-05,-7.512982179781362e-05,1.666666666666667e+00,0.000000000000000e+00,2.981500000000000e+02,3.002656009242558e+02,2.999999999990698e+02,3.750229087831129e+02,3.025826264420139e+02,1,0.000000000000000e+00,0.000000000000000e+00
1.995000000000251e-05,399,5.247494938830856e-03,8.460411329311164e+02,1.000000000000000e+00,8.000000000000000e-01,2.000000000000000e-01,3.129122264957133e-05,-7.512982179781362e-05,1.666666666666667e+00,0.000000000000000e+00,2.981500000000000e+02,3.002666722460325e+02,2.999999999990754e+02,3.754703962420660e+02,3.025977937114172e+02,1,0.000000000000000e+00,0.000000000000000e+00
2.000000000000262e-05,400,5.267131145462622e-03,8.284078332259236e+02,1.000000000000000e+00,8.000000000000000e-01,2.000000000000000e-01,3.137455598290484e-05,-7.512982179781362e-05,1.666666666666667e+00,0.000000000000000e+00,2.981500000000000e+02,3.002677143103984e+02,2.999999999990811e+02,3.759329257957855e+02,3.026129446140222e+02,1,0.000000000000000e+00,0.000000000000000e+00
2.005000000000273e-05,401,5.286611023284636e-03,7.857602954109700e+02,1.000000000000000e+00,8.000000000000000e-01,2.000000000000000e-01,3.145788931623836e-05,-7.512982179781362e-05,1.666666666666667e+00,0.000000000000000e+00,2.981500000000000e+02,3.002685939178252e+02,2.999999999990868e+02,3.764093569976891e+02,3.026280845760892e+02,1,0.000000000000000e+00,0.000000000000000e+00
2.010000000000284e-05,402,5.305638206038310e-03,7.477886442748304e+02,1.000000000000000e+00,8.000000000000000e-01,2.000000000000000e-01,3.154122264957188e-05,-7.512982179781362e-05,1.666666666666667e+00,0.000000000000000e+00,2.981500000000000e+02,3.002692083273604e+02,2.999999999990925e+02,3.768987353277619e+02,3.026431521723642e+02,1,0.000000000000000e+00,0.000000000000000e+00
2.015000000000295e-05,403,5.324549756508009e-03,7.250189017775012e+02,1.000000000000000e+00,8.000000000000000e-01,2.000000000000000e-01,3.162455598290539e-05,-7.512982179781362e-05,1.666666666666667e+00,0.000000000000000e+00,2.981500000000000e+02,3.002696783424751e+02,2.999999999990982e+02,3.774062102869048e+02,3.026581641753976e+02,1,0.000000000000000e+00,0.000000000000000e+00
2.020000000000306e-05,404,5.343229068143704e-03,7.106509779090716e+02,1.000000000000000e+00,8.000000000000000e-01,2.000000000000000e-01,3.170788931623891e-05,-7.512982179781362e-05,1.666666666666667e+00,0.000000000000000e+00,2.981500000000000e+02,3.002700094867350e+02,2.999999999991039e+02,3.779262661864977e+02,3.026731328166762e+02,1,0.000000000000000e+00,0.000000000000000e+00
2.025000000000317e-05,405,5.361795280777247e-03,7.113160998304909e+02,1.000000000000000e+00,8.000000000000000e-01,2.000000000000000e-01,3.179122264957242e-05,-7.512982179781362e-05,1.666666666666667e+00,0.000000000000000e+00,2.981500000000000e+02,3.002703070370041e+02,2.999999999991221e+02,3.784555175170033e+02,3.026880189968470e+02,1,0.000000000000000e+00,0.000000000000000e+00
2.030000000000328e-05,406,5.380252574742067e-03,7.178141048076648e+02,1.000000000000000e+00,8.000000000000000e-01,2.000000000000000e-01,3.187455598290594e-05,-7.512982179781362e-05,1.666666666666667e+00,0.000000000000000e+00,2.981500000000000e+02,3.002706448369913e+02,2.999999999991305e+02,3.789959520360543e+02,3.027028307874246e+02,1,0.000000000000000e+00,0.000000000000000e+00
2.035000000000338e-05,407,5.398842965572009e-03,7.227800185829672e+02,1.000000000000000e+00,8.000000000000000e-01,2.000000000000000e-01,3.195788931623946e-05,-7.512982179781362e-05,1.666666666666667e+00,0.000000000000000e+00,2.981500000000000e+02,3.002710381020886e+02,2.999999999991362e+02,3.795555404982255e+02,3.027176488352484e+02,1,0.000000000000000e+00,0.000000000000000e+00
2.040000000000349e-05,408,5.417298941865489e-03,7.519012771169445e+02,1.000000000000000e+00,8.000000000000000e-01,2.000000000000000e-01,3.204122264957297e-05,-7.512982179781362e-05,1.666666666666667e+00,0.000000000000000e+00,2.981500000000000e+02,3.002715402372449e+02,2.999999999991419e+02,3.801259921692483e+02,3.027324643425149e+02,1,0.000000000000000e+00,0.000000000000000e+00
2.045000000000360e-05,409,5.435697517834185e-03,7.874096101589001e+02,1.000000000000000e+00,8.000000000000000e-01,2.000000000000000e-01,3.212455598290649e-05,-7.512982179781362e-05,1.666666666666667e+00,0.000000000000000e+00,2.981500000000000e+02,3.002721445303938e+02,2.999999999991476e+02,3.807090735994442e+02,3.027472696096261e+02,1,0.000000000000000e+00,0.000000000000000e+00
2.050000000000371e-05,410,5.454160231214963e-03,8.390730925275627e+02,1.000000000000000e+00,8.000000000000000e-01,2.000000000000000e-01,3.220788931624001e-05,-7.512982179781362e-05,1.666666666666667e+00,0.000000000000000e+00,2.981500000000000e+02,3.002729469337029e+02,2.999999999991533e+02,3.813026669630136e+02,3.027621282993186e+02,1,0.000000000000000e+00,0.000000000000000e+00
2.055000000000382e-05,411,5.472600756509073e-03,8.887516495260074e+02,1.000000000000000e+00,8.000000000000000e-01,2.000000000000000e-01,3.229122264957352e-05,-7.512982179781362e-05,1.666666666666667e+00,0.000000000000000e+00,2.981500000000000e+02,3.002739818278724e+02,2.999999999991589e+02,3.819094972086068e+02,3.027770595484889e+02,1,0.000000000000000e+00,0.000000000000000e+00
2.060000000000393e-05,412,5.491099711126783e-03,9.077736726435362e+02,1.000000000000000e+00,8.000000000000000e-01,2.000000000000000e-01,3.237455598290704e-05,-7.512982179781362e-05,1.666666666666667e+00,0.000000000000000e+00,2.981500000000000e+02,3.002751287050488e+02,2.999999999991646e+02,3.825292847709223e+02,3.027920594943098e+02,1,0.000000000000000e+00,0.000000000000000e+00
2.065000000000404e-05,413,5.509598839807653e-03,9.001129709257403e+02,1.000000000000000e+00,8.000000000000000e-01,2.000000000000000e-01,3.245788931624055e-05,-7.512982179781362e-05,1.666666666666667e+00,0.000000000000000e+00,2.981500000000000e+02,3.002763431850144e+02,2.999999999991703e+02,3.831599541716847e+02,3.028070762957685e+02,1,0.000000000000000e+00,0.000000000000000e+00
2.070000000000415e-05,414,5.528068502819276e-03,8.621073810463363e+02,1.000000000000000e+00,8.000000000000000e-01,2.000000000000000e-01,3.254122264957407e-05,-7.512982179781362e-05,1.666666666666667e+00,0.000000000000000e+00,2.981500000000000e+02,3.002773956936475e+02,2.999999999991766e+02,3.838009844313369e+02,3.028220341188885e+02,1,0.000000000000000e+00,0.000000000000000e+00
2.075000000000426e-05,415,5.546598757182999e-03,8.353711845373166e+02,1.000000000000000e+00,8.000000000000000e-01,2.000000000000000e-01,3.262455598290759e-05,-7.512982179781362e-05,1.666666666666667e+00,0.000000000000000e+00,2.981500000000000e+02,3.002783253022075e+02,2.999999999991859e+02,3.844520208268419e+02,3.028369161963857e+02,1,0.000000000000000e+00,0.000000000000000e+00
2.080000000000437e-05,416,5.565028679011064e-03,8.024591133746677e+02,1.000000000000000e+00,8.000000000000000e-01,2.000000000000000e-01,3.270788931624110e-05,-7.512982179781362e-05,1.666666666666667e+00,0.000000000000000e+00,2.981500000000000e+02,3.002790120393861e+02,2.999999999991973e+02,3.851069939155784e+02,3.028517019284720e+02,1,0.000000000000000e+00,0.000000000000000e+00
2.085000000000448e-05,417,5.583441442669258e-03,8.037832997857238e+02,1.000000000000000e+00,8.000000000000000e-01,2.000000000000000e-01,3.279122264957462e-05,-7.512982179781362e-05,1.666666666666667e+00,0.000000000000000e+00,2.981500000000000e+02,3.002796394250320e+02,2.999999999992086e+02,3.857599883394539e+02,3.028663468874856e+02,1,0.000000000000000e+00,0.000000000000000e+00
2.090000000000459e-05,418,5.602015443855873e-03,7.988350114282628e+02,1.000000000000000e+00,8.000000000000000e-01,2.000000000000000e-01,3.287455598290813e-05,-7.512982179781362e-05,1.666666666666667e+00,0.000000000000000e+00,2.981500000000000e+02,3.002802420115536e+02,2.999999999992200e+02,3.864131340971859e+02,3.028809043776296e+02,1,0.000000000000000e+00,0.000000000000000e+00
2.095000000000470e-05,419,5.620551401649373e-03,7.929310701989154e+02,1.000000000000000e+00,8.000000000000000e-01,2.000000000000000e-01,3.295788931624165e-05,-7.512982179781362e-05,1.666666666666667e+00,0.000000000000000e+00,2.981500000000000e+02,3.002807992220285e+02,2.999999999992314e+02,3.870587392057656e+02,3.028953878788348e+02,1,0.000000000000000e+00,0.000000000000000e+00
2.100000000000481e-05,420,5.639069044874743e-03,8.001846901291906e+02,1.000000000000000e+00,8.000000000000000e-01,2.000000000000000e-01,3.304122264957517e-05,-7.512982179781362e-05,1.666666666666667e+00,0.000000000000000e+00,2.981500000000000e+02,3.002813573648617e+02,2.999999999992428e+02,3.876954253052629e+02,3.029098177703756e+02,1,0.000000000000000e+00,0.000000000000000e+00
2.105000000000492e-05,421,5.657437004420701e-03,7.842980470091957e+02,1.000000000000000e+00,8.000000000000000e-01,2.000000000000000e-01,3.312455598290868e-05,-7.512982179781362e-05,1.666666666666667e+00,0.000000000000000e+00,2.981500000000000e+02,3.002818889881752e+02,2.999999999992542e+02,3.883241859438327e+02,3.029242146727457e+02,1,0.000000000000000e+00,0.000000000000000e+00
2.110000000000503e-05,422,5.675822309781606e-03,7.910132831482788e+02,1.000000000000000e+00,8.000000000000000e-01,2.000000000000000e-01,3.320788931624220e-05,-7.512982179781362e-05,1.666666666666667e+00,0.000000000000000e+00,2.981500000000000e+02,3.002824172399471e+02,2.999999999992678e+02,3.889445250337022e+02,3.029386676898306e+02,1,0.000000000000000e+00,0.000000000000000e+00
2.115000000000514e-05,423,5.694143503126553e-03,8.283370146038095e+02,1.000000000000000e+00,8.000000000000000e-01,2.000000000000000e-01,3.329122264957571e-05,-7.512982179781362e-05,1.666666666666667e+00,0.000000000000000e+00,2.981500000000000e+02,3.002830469079213e+02,2.999999999992900e+02,3.895596449952733e+02,3.029532387381634e+02,1,0.000000000000000e+00,0.000000000000000e+00
2.120000000000525e-05,424,5.712700415283768e-03,8.741205113802424e+02,1.000000000000000e+00,8.000000000000000e-01,2.000000000000000e-01,3.337455598290923e-05,-7.512982179781362e-05,1.666666666666667e+00,0.000000000000000e+00,2.981500000000000e+02,3.002838672271051e+02,2.999999999993016e+02,3.901772644524131e+02,3.029680222645110e+02,1,0.000000000000000e+00,0.000000000000000e+00
2.125000000000536e-05,425,5.731278246492143e-03,9.219520630574045e+02,1.000000000000000e+00,8.000000000000000e-01,2.000000000000000e-01,3.345788931624275e-05,-7.512982179781362e-05,1.666666666666667e+00,0.000000000000000e+00,2.981500000000000e+02,3.002848748725980e+02,2.999999999993129e+02,3.907960743772142e+02,3.029829793034388e+02,1,0.000000000000000e+00,0.000000000000000e+00
2.130000000000547e-05,426,5.750056957829530e-03,9.421623148680145e+02,1.000000000000000e+00,8.000000000000000e-01,2.000000000000000e-01,3.354122264957626e-05,-7.512982179781362e-05,1.666666666666667e+00,0.000000000000000e+00,2.981500000000000e+02,3.002860327735772e+02,2.999999999993243e+02,3.914248290091140e+02,3.029980565507353e+02,1,0.000000000000000e+00,0.000000000000000e+00
2.135000000000558e-05,427,5.768912226709259e-03,9.368480180373135e+02,1.000000000000000e+00,8.000000000000000e-01,2.000000000000000e-01,3.362455598290978e-05,-7.512982179781362e-05,1.666666666666667e+00,0.000000000000000e+00,2.981500000000000e+02,3.002872544361861e+02,2.999999999993357e+02,3.920613544331027e+02,3.030132306849927e+02,1,0.000000000000000e+00,0.000000000000000e+00
2.140000000000569e-05,428,5.787775610555482e-03,9.041294121187275e+02,1.000000000000000e+00,8.000000000000000e-01,2.000000000000000e-01,3.370788931624329e-05,-7.512982179781362e-05,1.666666666666667e+00,0.000000000000000e+00,2.981500000000000e+02,3.002883633719792e+02,2.999999999993399e+02,3.927038523053827e+02,3.030284608460310e+02,1,0.000000000000000e+00,0.000000000000000e+00
2.145000000000580e-05,429,5.806675056648144e-03,8.701508437003644e+02,1.000000000000000e+00,8.000000000000000e-01,2.000000000000000e-01,3.379122264957681e-05,-7.512982179781362e-05,1.666666666666667e+00,0.000000000000000e+00,2.981500000000000e+02,3.002892813563629e+02,2.999999999993627e+02,3.933523197660239e+02,3.030437192344309e+02,1,0.000000000000000e+00,0.000000000000000e+00
