time,step,P_cond_W,P_fric_W,scale,frac_wp,frac_tool,tool_pos_x,tool_pos_y,tool_vel_x,tool_vel_y,tool_Tmin,tool_Tmax,wp_Tmin,wp_Tmax,wp_Tavg,contact_iters,rel_force,rel_power
0.000000000000000e+00,0,0.000000000000000e+00,0.000000000000000e+00,1.000000000000000e+00,0.000000000000000e+00,0.000000000000000e+00,-1.958777350403768e-06,-7.512982179781362e-05,1.666666666666667e+00,0.000000000000000e+00,3.000000000000000e+02,3.000000000000000e+02,3.000000000000000e+02,3.000000000000000e+02,3.000000000000000e+02,0,0.000000000000000e+00,0.000000000000000e+00
4.999999999999994e-08,1,4.734011767331669e-08,4.276595970077133e+01,1.000000000000000e+00,8.000000000000000e-01,2.000000000000000e-01,-1.875444017070429e-06,-7.512982179781362e-05,1.666666666666667e+00,0.000000000000000e+00,2.981500000000000e+02,3.000019351313640e+02,3.000000000000000e+02,3.000083221974415e+02,3.000000005663897e+02,1,0.000000000000000e+00,0.000000000000000e+00
9.999999999999973e-08,2,1.037539354194539e-07,4.451607735946952e+01,1.000000000000000e+00,8.000000000000000e-01,2.000000000000000e-01,-1.792110683737104e-06,-7.512982179781362e-05,1.666666666666667e+00,0.000000000000000e+00,2.981500000000000e+02,3.000041446569605e+02,3.000000000000000e+02,3.000181609315754e+02,3.000000012367088e+02,1,0.000000000000000e+00,0.000000000000000e+00
1.500000000000003e-07,3,1.617028346022771e-07,4.431262710033626e+01,1.000000000000000e+00,8.000000000000000e-01,2.000000000000000e-01,-1.708777350403779e-06,-7.512982179781362e-05,1.666666666666667e+00,0.000000000000000e+00,2.981500000000000e+02,3.000062956549110e+02,3.000000000000000e+02,3.000282030626973e+02,3.000000019216653e+02,1,0.000000000000000e+00,0.000000000000000e+00
2.000000000000014e-07,4,2.212914760227830e-07,4.752837378555169e+01,1.000000000000000e+00,8.000000000000000e-01,2.000000000000000e-01,-1.625444017070453e-06,-7.512982179781362e-05,1.666666666666667e+00,0.000000000000000e+00,2.981500000000000e+02,3.000084032175333e+02,3.000000000000000e+02,3.000384777698061e+02,3.000000026232559e+02,1,0.000000000000000e+00,0.000000000000000e+00
2.500000000000019e-07,5,2.857286951454006e-07,4.370803915048872e+01,1.000000000000000e+00,8.000000000000000e-01,2.000000000000000e-01,-1.542110683737128e-06,-7.512982179781362e-05,1.666666666666667e+00,0.000000000000000e+00,2.981500000000000e+02,3.000104034876328e+02,3.000000000000000e+02,3.000494333050731e+02,3.000000033720074e+02,1,0.000000000000000e+00,0.000000000000000e+00
3.000000000000004e-07,6,1.136340616369764e-06,4.862885257931210e+01,1.000000000000000e+00,8.000000000000000e-01,2.000000000000000e-01,-1.458777350403802e-06,-7.512982179781362e-05,1.666666666666667e+00,0.000000000000000e+00,2.981500000000000e+02,3.000121627422026e+02,3.000000000000000e+02,3.001774824445540e+02,3.000000120888411e+02,1,0.000000000000000e+00,0.000000000000000e+00
3.499999999999989e-07,7,5.300745991225729e-06,6.023015748079603e+01,1.000000000000000e+00,8.000000000000000e-01,2.000000000000000e-01,-1.375444017070477e-06,-7.512982179781362e-05,1.666666666666667e+00,0.000000000000000e+00,2.981500000000000e+02,3.000145796543742e+02,3.000000000000000e+02,3.007857028933096e+02,3.000000534977561e+02,1,0.000000000000000e+00,0.000000000000000e+00
3.999999999999973e-07,8,1.079108365844739e-05,7.709478236759492e+01,1.000000000000000e+00,8.000000000000000e-01,2.000000000000000e-01,-1.292110683737151e-06,-7.512982179781362e-05,1.666666666666667e+00,0.000000000000000e+00,2.981500000000000e+02,3.000175245141952e+02,3.000000000000000e+02,3.015843548846572e+02,3.000001079188739e+02,1,0.000000000000000e+00,0.000000000000000e+00
4.499999999999958e-07,9,1.741143416059819e-05,8.555419643861980e+01,1.000000000000000e+00,8.000000000000000e-01,2.000000000000000e-01,-1.208777350403826e-06,-7.512982179781362e-05,1.666666666666667e+00,0.000000000000000e+00,2.981500000000000e+02,3.000212856018186e+02,3.000000000000000e+02,3.025495627112309e+02,3.000001737397902e+02,1,0.000000000000000e+00,0.000000000000000e+00
4.999999999999967e-07,10,2.518649435297295e-05,1.011930627275046e+02,1.000000000000000e+00,8.000000000000000e-01,2.000000000000000e-01,-1.125444017070500e-06,-7.512982179781362e-05,1.666666666666667e+00,0.000000000000000e+00,2.981500000000000e+02,3.000254604355940e+02,3.000000000000000e+02,3.036827019698720e+02,3.000002510695261e+02,1,0.000000000000000e+00,0.000000000000000e+00
5.500000000000005e-07,11,3.364070601524884e-05,1.160596596050637e+02,1.000000000000000e+00,8.000000000000000e-01,2.000000000000000e-01,-1.042110683737175e-06,-7.512982179781362e-05,1.666666666666667e+00,0.000000000000000e+00,2.981500000000000e+02,3.000303667474316e+02,3.000000000000000e+02,3.049160120240128e+02,3.000003353195232e+02,1,0.000000000000000e+00,0.000000000000000e+00
6.000000000000042e-07,12,4.278436987412452e-05,1.297147024847031e+02,1.000000000000000e+00,8.000000000000000e-01,2.000000000000000e-01,-9.587773504038493e-07,-7.512982179781362e-05,1.666666666666667e+00,0.000000000000000e+00,2.981500000000000e+02,3.000359264351616e+02,3.000000000000000e+02,3.062516267408710e+02,3.000004272932460e+02,1,0.000000000000000e+00,0.000000000000000e+00
6.500000000000080e-07,13,5.266761991820976e-05,1.381603642949647e+02,1.000000000000000e+00,8.000000000000000e-01,2.000000000000000e-01,-8.754440170705138e-07,-7.512982179781362e-05,1.666666666666667e+00,0.000000000000000e+00,2.981500000000000e+02,3.000420112347239e+02,3.000000000000000e+02,3.076962914279675e+02,3.000005378879839e+02,1,0.000000000000000e+00,0.000000000000000e+00
7.000000000000117e-07,14,6.270210659469543e-05,1.147536848498698e+02,1.000000000000000e+00,8.000000000000000e-01,2.000000000000000e-01,-7.921106837371778e-07,-7.512982179781362e-05,1.666666666666667e+00,0.000000000000000e+00,2.981500000000000e+02,3.000472869052469e+02,3.000000000000000e+02,3.090758959270555e+02,3.000006669923193e+02,1,0.000000000000000e+00,0.000000000000000e+00
7.500000000000155e-07,15,7.248449830734341e-05,1.054286237306707e+02,1.000000000000000e+00,8.000000000000000e-01,2.000000000000000e-01,-7.087773504038417e-07,-7.512982179781362e-05,1.666666666666667e+00,0.000000000000000e+00,2.981500000000000e+02,3.000506543231506e+02,3.000000000000000e+02,3.099719884494161e+02,3.000007941846652e+02,1,0.000000000000000e+00,0.000000000000000e+00
8.000000000000192e-07,16,8.186087997813362e-05,9.824312777236818e+01,1.000000000000000e+00,8.000000000000000e-01,2.000000000000000e-01,-6.254440170705056e-07,-7.512982179781362e-05,1.666666666666667e+00,0.000000000000000e+00,2.981500000000000e+02,3.000532715349584e+02,3.000000000000000e+02,3.107556289500898e+02,3.000009159859936e+02,1,0.000000000000000e+00,0.000000000000000e+00
8.500000000000230e-07,17,9.055655611437486e-05,9.200197900057938e+01,1.000000000000000e+00,8.000000000000000e-01,2.000000000000000e-01,-5.421106837371696e-07,-7.512982179781362e-05,1.666666666666667e+00,0.000000000000000e+00,2.981500000000000e+02,3.000552954183444e+02,3.000000000000000e+02,3.114575966324764e+02,3.000010287847401e+02,1,0.000000000000000e+00,0.000000000000000e+00
9.000000000000267e-07,18,9.869468960867689e-05,9.279602888956880e+01,1.000000000000000e+00,8.000000000000000e-01,2.000000000000000e-01,-4.587773504038347e-07,-7.512982179781362e-05,1.666666666666667e+00,0.000000000000000e+00,2.981500000000000e+02,3.000571150623401e+02,3.000000000000000e+02,3.121012422854538e+02,3.000011345430177e+02,1,0.000000000000000e+00,0.000000000000000e+00
9.500000000000305e-07,19,1.065335625963569e-04,8.854905810943778e+01,1.000000000000000e+00,8.000000000000000e-01,2.000000000000000e-01,-3.754440170705039e-07,-7.512982179781362e-05,1.666666666666667e+00,0.000000000000000e+00,2.981500000000000e+02,3.000585531772375e+02,3.000000000000000e+02,3.127126577416680e+02,3.000012366824209e+02,1,0.000000000000000e+00,0.000000000000000e+00
1.000000000000034e-06,20,1.146985210706537e-04,8.816727103420240e+01,1.000000000000000e+00,8.000000000000000e-01,2.000000000000000e-01,-2.921106837371731e-07,-7.512982179781362e-05,1.666666666666667e+00,0.000000000000000e+00,2.981500000000000e+02,3.000599703543412e+02,3.000000000000000e+02,3.133406931683229e+02,3.000013433407734e+02,1,0.000000000000000e+00,0.000000000000000e+00
1.050000000000038e-06,21,1.234231062984732e-04,9.355142006144915e+01,1.000000000000000e+00,8.000000000000000e-01,2.000000000000000e-01,-2.087773504038414e-07,-7.512982179781362e-05,1.666666666666667e+00,0.000000000000000e+00,2.981500000000000e+02,3.000614925116411e+02,3.000000000000000e+02,3.140056068117483e+02,3.000014574093551e+02,1,0.000000000000000e+00,0.000000000000000e+00
1.100000000000042e-06,22,1.326418366186363e-04,1.068885412645584e+02,1.000000000000000e+00,8.000000000000000e-01,2.000000000000000e-01,-1.254440170705080e-07,-7.512982179781362e-05,1.666666666666667e+00,0.000000000000000e+00,2.981500000000000e+02,3.000635919988787e+02,3.000000000000000e+02,3.147002834163451e+02,3.000015783470585e+02,1,0.000000000000000e+00,0.000000000000000e+00
1.150000000000046e-06,23,1.440453803041548e-04,1.259337177392912e+02,1.000000000000000e+00,8.000000000000000e-01,2.000000000000000e-01,-4.211068373717456e-08,-7.512982179781362e-05,1.666666666666667e+00,0.000000000000000e+00,2.981500000000000e+02,3.000665275819886e+02,3.000000000000000e+02,3.155510437233117e+02,3.000017274479458e+02,1,0.000000000000000e+00,0.000000000000000e+00
1.200000000000049e-06,24,1.578477301647135e-04,1.604292254397463e+02,1.000000000000000e+00,8.000000000000000e-01,2.000000000000000e-01,4.122264959615884e-08,-7.512982179781362e-05,1.666666666666667e+00,0.000000000000000e+00,2.981500000000000e+02,3.000711204096173e+02,3.000000000000000e+02,3.165769829680590e+02,3.000019087281818e+02,1,0.000000000000000e+00,0.000000000000000e+00
1.250000000000053e-06,25,1.736978031847593e-04,1.937966531391298e+02,1.000000000000000e+00,8.000000000000000e-01,2.000000000000000e-01,1.245559829294922e-07,-7.512982179781362e-05,1.666666666666667e+00,0.000000000000000e+00,2.981500000000000e+02,3.000773757253399e+02,3.000000000000000e+02,3.177470922817350e+02,3.000021239329667e+02,1,0.000000000000000e+00,0.000000000000000e+00
1.300000000000057e-06,26,1.913220842529132e-04,2.267469704365716e+02,1.000000000000000e+00,8.000000000000000e-01,2.000000000000000e-01,2.078893162628257e-07,-7.512982179781362e-05,1.666666666666667e+00,0.000000000000000e+00,2.981500000000000e+02,3.000850633226720e+02,3.000000000000000e+02,3.190203615912425e+02,3.000023910078345e+02,1,0.000000000000000e+00,0.000000000000000e+00
1.350000000000061e-06,27,2.101385677879082e-04,2.343223546193363e+02,1.000000000000000e+00,8.000000000000000e-01,2.000000000000000e-01,2.912226495961574e-07,-7.512982179781362e-05,1.666666666666667e+00,0.000000000000000e+00,2.981500000000000e+02,3.000932748978476e+02,3.000000000000000e+02,3.203444135133506e+02,3.000026992545022e+02,1,0.000000000000000e+00,0.000000000000000e+00
1.400000000000064e-06,28,2.286362870103714e-04,1.733010330552732e+02,1.000000000000000e+00,8.000000000000000e-01,2.000000000000000e-01,3.745559829294882e-07,-7.512982179781362e-05,1.666666666666667e+00,0.000000000000000e+00,2.981500000000000e+02,3.001001992012029e+02,3.000000000000000e+02,3.216050055602337e+02,3.000030088900529e+02,1,0.000000000000000e+00,0.000000000000000e+00
1.450000000000068e-06,29,2.401482559433845e-04,1.435141947278148e+02,1.000000000000000e+00,8.000000000000000e-01,2.000000000000000e-01,4.578893162628190e-07,-7.512982179781362e-05,1.666666666666667e+00,0.000000000000000e+00,2.981500000000000e+02,3.001019134928936e+02,3.000000000000000e+02,3.223674436631851e+02,3.000032169796936e+02,1,0.000000000000000e+00,0.000000000000000e+00
1.500000000000072e-06,30,2.477636216416726e-04,1.197502352359197e+02,1.000000000000000e+00,8.000000000000000e-01,2.000000000000000e-01,5.412226495961539e-07,-7.512982179781362e-05,1.666666666666667e+00,0.000000000000000e+00,2.981500000000000e+02,3.001014941368778e+02,3.000000000000000e+02,3.228508914109396e+02,3.000033634173604e+02,1,0.000000000000000e+00,0.000000000000000e+00
1.550000000000076e-06,31,2.539134966220299e-04,1.288463858129265e+02,1.000000000000000e+00,8.000000000000000e-01,2.000000000000000e-01,6.245559829294899e-07,-7.512982179781362e-05,1.666666666666667e+00,0.000000000000000e+00,2.981500000000000e+02,3.001004229435391e+02,3.000000000000000e+02,3.232250386356320e+02,3.000034840704194e+02,1,0.000000000000000e+00,0.000000000000000e+00
1.600000000000079e-06,32,2.601937668553543e-04,1.479013126872567e+02,1.000000000000000e+00,8.000000000000000e-01,2.000000000000000e-01,7.078893162628260e-07,-7.512982179781362e-05,1.666666666666667e+00,0.000000000000000e+00,2.981500000000000e+02,3.001000574621225e+02,3.000000000000000e+02,3.235487471756595e+02,3.000036013426227e+02,1,0.000000000000000e+00,0.000000000000000e+00
1.650000000000083e-06,33,2.678992756922467e-04,1.422498818353882e+02,1.000000000000000e+00,8.000000000000000e-01,2.000000000000000e-01,7.912226495961621e-07,-7.512982179781362e-05,1.666666666666667e+00,0.000000000000000e+00,2.981500000000000e+02,3.000999196453492e+02,3.000000000000000e+02,3.238592611889177e+02,3.000037353822166e+02,1,0.000000000000000e+00,0.000000000000000e+00
1.700000000000087e-06,34,2.778797792067255e-04,1.374558756735548e+02,1.000000000000000e+00,8.000000000000000e-01,2.000000000000000e-01,8.745559829294981e-07,-7.512982179781362e-05,1.666666666666667e+00,0.000000000000000e+00,2.981500000000000e+02,3.000998462253311e+02,3.000000000000000e+02,3.242077071122516e+02,3.000039057918869e+02,1,0.000000000000000e+00,0.000000000000000e+00
1.750000000000091e-06,35,2.909665369158448e-04,1.642686792632836e+02,1.000000000000000e+00,8.000000000000000e-01,2.000000000000000e-01,9.578893162628337e-07,-7.512982179781362e-05,1.666666666666667e+00,0.000000000000000e+00,2.981500000000000e+02,3.001003936658469e+02,3.000000000000000e+02,3.246365309369567e+02,3.000041312543134e+02,1,0.000000000000000e+00,0.000000000000000e+00
1.800000000000094e-06,36,3.060106640448894e-04,2.148473428609861e+02,1.000000000000000e+00,8.000000000000000e-01,2.000000000000000e-01,1.041222649596159e-06,-7.512982179781362e-05,1.666666666666667e+00,0.000000000000000e+00,2.981500000000000e+02,3.001024316834286e+02,3.000000000000000e+02,3.251018277304176e+02,3.000044009673872e+02,1,0.000000000000000e+00,0.000000000000000e+00
1.850000000000098e-06,37,3.242151967438060e-04,2.716270527218230e+02,1.000000000000000e+00,8.000000000000000e-01,2.000000000000000e-01,1.124555982929485e-06,-7.512982179781362e-05,1.666666666666667e+00,0.000000000000000e+00,2.981500000000000e+02,3.001056974113469e+02,3.000000000000000e+02,3.256140148018426e+02,3.000047542619550e+02,1,0.000000000000000e+00,0.000000000000000e+00
1.900000000000102e-06,38,3.461053587541454e-04,3.515607440404776e+02,1.000000000000000e+00,8.000000000000000e-01,2.000000000000000e-01,1.207889316262810e-06,-7.512982179781362e-05,1.666666666666667e+00,0.000000000000000e+00,2.981500000000000e+02,3.001105990441480e+02,3.000000000000000e+02,3.261685184728177e+02,3.000052032579645e+02,1,0.000000000000000e+00,0.000000000000000e+00
1.950000000000088e-06,39,3.705013533728270e-04,4.325888318647476e+02,1.000000000000000e+00,8.000000000000000e-01,2.000000000000000e-01,1.291222649596136e-06,-7.512982179781362e-05,1.666666666666667e+00,0.000000000000000e+00,2.981500000000000e+02,3.001173518817160e+02,3.000000000000000e+02,3.267404245451589e+02,3.000057251020751e+02,1,0.000000000000000e+00,0.000000000000000e+00
2.000000000000070e-06,40,3.974517546273327e-04,5.104142679999556e+02,1.000000000000000e+00,8.000000000000000e-01,2.000000000000000e-01,1.374555982929461e-06,-7.512982179781362e-05,1.666666666666667e+00,0.000000000000000e+00,2.981500000000000e+02,3.001257717051647e+02,3.000000000000000e+02,3.273324834952585e+02,3.000063218039307e+02,1,0.000000000000000e+00,0.000000000000000e+00
2.050000000000053e-06,41,4.255425767838168e-04,5.114630617819895e+02,1.000000000000000e+00,8.000000000000000e-01,2.000000000000000e-01,1.457889316262787e-06,-7.512982179781362e-05,1.666666666666667e+00,0.000000000000000e+00,2.981500000000000e+02,3.001345769725341e+02,3.000000000000000e+02,3.279154154612373e+02,3.000069590215903e+02,1,0.000000000000000e+00,0.000000000000000e+00
2.100000000000035e-06,42,4.513359298116830e-04,4.392866411772840e+02,1.000000000000000e+00,8.000000000000000e-01,2.000000000000000e-01,1.541222649596112e-06,-7.512982179781362e-05,1.666666666666667e+00,0.000000000000000e+00,2.981500000000000e+02,3.001410723680718e+02,3.000000000000000e+02,3.284033300847582e+02,3.000075498443107e+02,1,0.000000000000000e+00,0.000000000000000e+00
2.150000000000018e-06,43,4.696071001000804e-04,2.467203402907357e+02,1.000000000000000e+00,8.000000000000000e-01,2.000000000000000e-01,1.624555982929437e-06,-7.512982179781362e-05,1.666666666666667e+00,0.000000000000000e+00,2.981500000000000e+02,3.001439644139973e+02,3.000000000000000e+02,3.287498608021352e+02,3.000079891997153e+02,1,0.000000000000000e+00,0.000000000000000e+00
2.200000000000001e-06,44,4.814018020829544e-04,1.915621442077752e+02,1.000000000000000e+00,8.000000000000000e-01,2.000000000000000e-01,1.707889316262763e-06,-7.512982179781362e-05,1.666666666666667e+00,0.000000000000000e+00,2.981500000000000e+02,3.001469067448895e+02,3.000000000000000e+02,3.289612821446204e+02,3.000082917327718e+02,1,0.000000000000000e+00,0.000000000000000e+00
2.249999999999983e-06,45,4.906839392890473e-04,2.043139081074997e+02,1.000000000000000e+00,8.000000000000000e-01,2.000000000000000e-01,1.791222649596088e-06,-7.512982179781362e-05,1.666666666666667e+00,0.000000000000000e+00,2.981500000000000e+02,3.001487143480292e+02,3.000000000000000e+02,3.293159103513626e+02,3.000085437284782e+02,1,0.000000000000000e+00,0.000000000000000e+00
2.299999999999966e-06,46,4.987743823752234e-04,2.133229229324585e+02,1.000000000000000e+00,8.000000000000000e-01,2.000000000000000e-01,1.874555982929414e-06,-7.512982179781362e-05,1.666666666666667e+00,0.000000000000000e+00,2.981500000000000e+02,3.001503565910748e+02,3.000000000000000e+02,3.298508978417839e+02,3.000087734934644e+02,1,0.000000000000000e+00,0.000000000000000e+00
2.349999999999948e-06,47,5.066553540898331e-04,2.058422423511577e+02,1.000000000000000e+00,8.000000000000000e-01,2.000000000000000e-01,1.957889316262752e-06,-7.512982179781362e-05,1.666666666666667e+00,0.000000000000000e+00,2.981500000000000e+02,3.001519097638164e+02,3.000000000000000e+02,3.303681409471280e+02,3.000090048080193e+02,1,0.000000000000000e+00,0.000000000000000e+00
2.399999999999931e-06,48,5.153136147679322e-04,1.985508391537505e+02,1.000000000000000e+00,8.000000000000000e-01,2.000000000000000e-01,2.041222649596099e-06,-7.512982179781362e-05,1.666666666666667e+00,0.000000000000000e+00,2.981500000000000e+02,3.001534217853400e+02,3.000000000000000e+02,3.309328161354673e+02,3.000092694876934e+02,1,0.000000000000000e+00,0.000000000000000e+00
2.449999999999913e-06,49,5.258472221036923e-04,2.033984887386253e+02,1.000000000000000e+00,8.000000000000000e-01,2.000000000000000e-01,2.124555982929446e-06,-7.512982179781362e-05,1.666666666666667e+00,0.000000000000000e+00,2.981500000000000e+02,3.001552226983583e+02,3.000000000000000e+02,3.315840139046753e+02,3.000096036597331e+02,1,0.000000000000000e+00,0.000000000000000e+00
2.499999999999896e-06,50,5.398499427957037e-04,2.382485493116840e+02,1.000000000000000e+00,8.000000000000000e-01,2.000000000000000e-01,2.207889316262792e-06,-7.512982179781362e-05,1.666666666666667e+00,0.000000000000000e+00,2.981500000000000e+02,3.001575990352940e+02,3.000000000000000e+02,3.322381305512107e+02,3.000100218673698e+02,1,0.000000000000000e+00,0.000000000000000e+00
2.549999999999879e-06,51,5.575326184199063e-04,2.649747715313920e+02,1.000000000000000e+00,8.000000000000000e-01,2.000000000000000e-01,2.291222649596139e-06,-7.512982179781362e-05,1.666666666666667e+00,0.000000000000000e+00,2.981500000000000e+02,3.001607782466161e+02,3.000000000000000e+02,3.329300537764353e+02,3.000105519834033e+02,1,0.000000000000000e+00,0.000000000000000e+00
2.599999999999861e-06,52,5.777702336646582e-04,3.175068319058182e+02,1.000000000000000e+00,8.000000000000000e-01,2.000000000000000e-01,2.374555982929486e-06,-7.512982179781362e-05,1.666666666666667e+00,0.000000000000000e+00,2.981500000000000e+02,3.001650692323958e+02,3.000000000000000e+02,3.336589073202842e+02,3.000111791104501e+02,1,0.000000000000000e+00,0.000000000000000e+00
2.649999999999844e-06,53,5.991427972241731e-04,3.513891805100254e+02,1.000000000000000e+00,8.000000000000000e-01,2.000000000000000e-01,2.457889316262832e-06,-7.512982179781362e-05,1.666666666666667e+00,0.000000000000000e+00,2.981500000000000e+02,3.001693454317265e+02,3.000000000000000e+02,3.343623566129290e+02,3.000118717016188e+02,1,0.000000000000000e+00,0.000000000000000e+00
2.699999999999826e-06,54,6.223323708633830e-04,4.025449177244946e+02,1.000000000000000e+00,8.000000000000000e-01,2.000000000000000e-01,2.541222649596179e-06,-7.512982179781362e-05,1.666666666666667e+00,0.000000000000000e+00,2.981500000000000e+02,3.001752242856157e+02,3.000000000000000e+02,3.351093861584035e+02,3.000126416811000e+02,1,0.000000000000000e+00,0.000000000000000e+00
2.749999999999809e-06,55,6.457739424174274e-04,3.932494338862309e+02,1.000000000000000e+00,8.000000000000000e-01,2.000000000000000e-01,2.624555982929526e-06,-7.512982179781362e-05,1.666666666666667e+00,0.000000000000000e+00,2.981500000000000e+02,3.001813292021806e+02,3.000000000000000e+02,3.358463967266029e+02,3.000134387962371e+02,1,0.000000000000000e+00,0.000000000000000e+00
2.799999999999792e-06,56,6.664789560140143e-04,3.170389211322126e+02,1.000000000000000e+00,8.000000000000000e-01,2.000000000000000e-01,2.707889316262872e-06,-7.512982179781362e-05,1.666666666666667e+00,0.000000000000000e+00,2.981500000000000e+02,3.001856684414729e+02,3.000000000000000e+02,3.364713789436283e+02,3.000141680049068e+02,1,0.000000000000000e+00,0.000000000000000e+00
2.849999999999774e-06,57,6.840625821816984e-04,2.223868161218361e+02,1.000000000000000e+00,8.000000000000000e-01,2.000000000000000e-01,2.791222649596219e-06,-7.512982179781362e-05,1.666666666666667e+00,0.000000000000000e+00,2.981500000000000e+02,3.001876887525102e+02,3.000000000000000e+02,3.369824426146482e+02,3.000148171870352e+02,1,0.000000000000000e+00,0.000000000000000e+00
2.899999999999757e-06,58,6.959393658192603e-04,2.089078028420302e+02,1.000000000000000e+00,8.000000000000000e-01,2.000000000000000e-01,2.874555982929565e-06,-7.512982179781362e-05,1.666666666666667e+00,0.000000000000000e+00,2.981500000000000e+02,3.001874938104340e+02,3.000000000000000e+02,3.373571997304771e+02,3.000153268109110e+02,1,0.000000000000000e+00,0.000000000000000e+00
2.949999999999739e-06,59,7.054087365490702e-04,2.365581180328165e+02,1.000000000000000e+00,8.000000000000000e-01,2.000000000000000e-01,2.957889316262912e-06,-7.512982179781362e-05,1.666666666666667e+00,0.000000000000000e+00,2.981500000000000e+02,3.001870774090661e+02,3.000000000000000e+02,3.376411439132568e+02,3.000157696568459e+02,1,0.000000000000000e+00,0.000000000000000e+00
2.999999999999722e-06,60,7.139066972327273e-04,2.325824369332195e+02,1.000000000000000e+00,8.000000000000000e-01,2.000000000000000e-01,3.041222649596259e-06,-7.512982179781362e-05,1.666666666666667e+00,0.000000000000000e+00,2.981500000000000e+02,3.001866919636263e+02,3.000000000000000e+02,3.378865811676380e+02,3.000161900581728e+02,1,0.000000000000000e+00,0.000000000000000e+00
3.049999999999704e-06,61,7.222591994176497e-04,2.265623425066355e+02,1.000000000000000e+00,8.000000000000000e-01,2.000000000000000e-01,3.124555982929605e-06,-7.512982179781362e-05,1.666666666666667e+00,0.000000000000000e+00,2.981500000000000e+02,3.001862874897840e+02,3.000000000000000e+02,3.381271771601066e+02,3.000166202460455e+02,1,0.000000000000000e+00,0.000000000000000e+00
3.099999999999687e-06,62,7.311298612829861e-04,2.194947873075974e+02,1.000000000000000e+00,8.000000000000000e-01,2.000000000000000e-01,3.207889316262952e-06,-7.512982179781362e-05,1.666666666666667e+00,0.000000000000000e+00,2.981500000000000e+02,3.001858661600382e+02,3.000000000000000e+02,3.383874919935482e+02,3.000170923585563e+02,1,0.000000000000000e+00,0.000000000000000e+00
3.149999999999670e-06,63,7.413205010283477e-04,2.129729104175730e+02,1.000000000000000e+00,8.000000000000000e-01,2.000000000000000e-01,3.291222649596299e-06,-7.512982179781362e-05,1.666666666666667e+00,0.000000000000000e+00,2.981500000000000e+02,3.001855292904098e+02,3.000000000000000e+02,3.386885575795237e+02,3.000176366515973e+02,1,0.000000000000000e+00,0.000000000000000e+00
3.199999999999652e-06,64,7.538621396652257e-04,2.269915094427007e+02,1.000000000000000e+00,8.000000000000000e-01,2.000000000000000e-01,3.374555982929645e-06,-7.512982179781362e-05,1.666666666666667e+00,0.000000000000000e+00,2.981500000000000e+02,3.001854807718230e+02,3.000000000000000e+02,3.389957196324273e+02,3.000182290768376e+02,1,0.000000000000000e+00,0.000000000000000e+00
3.249999999999635e-06,65,7.683720004185064e-04,2.465248567979877e+02,1.000000000000000e+00,8.000000000000000e-01,2.000000000000000e-01,3.457889316262992e-06,-7.512982179781362e-05,1.666666666666667e+00,0.000000000000000e+00,2.981500000000000e+02,3.001858376748673e+02,3.000000000000000e+02,3.393026497192084e+02,3.000188818184628e+02,1,0.000000000000000e+00,0.000000000000000e+00
3.299999999999617e-06,66,7.845019348548401e-04,2.942255089932454e+02,1.000000000000000e+00,8.000000000000000e-01,2.000000000000000e-01,3.541222649596339e-06,-7.512982179781362e-05,1.666666666666667e+00,0.000000000000000e+00,2.981500000000000e+02,3.001868391117150e+02,3.000000000000000e+02,3.396258199525477e+02,3.000196197884719e+02,1,0.000000000000000e+00,0.000000000000000e+00
3.349999999999600e-06,67,8.022387065175590e-04,3.252505664245078e+02,1.000000000000000e+00,8.000000000000000e-01,2.000000000000000e-01,3.624555982929685e-06,-7.512982179781362e-05,1.666666666666667e+00,0.000000000000000e+00,2.981500000000000e+02,3.001886083830882e+02,3.000000000000000e+02,3.399725867948709e+02,3.000204561851871e+02,1,0.000000000000000e+00,0.000000000000000e+00
3.399999999999582e-06,68,8.217760189951146e-04,3.509677985703790e+02,1.000000000000000e+00,8.000000000000000e-01,2.000000000000000e-01,3.707889316263032e-06,-7.512982179781362e-05,1.666666666666667e+00,0.000000000000000e+00,2.981500000000000e+02,3.001910083404636e+02,3.000000000000000e+02,3.403538691643491e+02,3.000214039388025e+02,1,0.000000000000000e+00,0.000000000000000e+00
3.449999999999565e-06,69,8.422138516279010e-04,3.614567118869546e+02,1.000000000000000e+00,8.000000000000000e-01,2.000000000000000e-01,3.791222649596379e-06,-7.512982179781362e-05,1.666666666666667e+00,0.000000000000000e+00,2.981500000000000e+02,3.001937693669336e+02,3.000000000000000e+02,3.407551678278779e+02,3.000224148001394e+02,1,0.000000000000000e+00,0.000000000000000e+00
3.499999999999548e-06,70,8.614111291160105e-04,3.339269242075709e+02,1.000000000000000e+00,8.000000000000000e-01,2.000000000000000e-01,3.874555982929725e-06,-7.512982179781362e-05,1.666666666666667e+00,0.000000000000000e+00,2.981500000000000e+02,3.001961557517363e+02,3.000000000000000e+02,3.411351016699991e+02,3.000233875536676e+02,1,0.000000000000000e+00,0.000000000000000e+00
3.549999999999530e-06,71,8.782316566189876e-04,2.772856826059536e+02,1.000000000000000e+00,8.000000000000000e-01,2.000000000000000e-01,3.957889316263072e-06,-7.512982179781362e-05,1.666666666666667e+00,0.000000000000000e+00,2.981500000000000e+02,3.001977198610981e+02,3.000000000000000e+02,3.414858872160267e+02,3.000242794249375e+02,1,0.000000000000000e+00,0.000000000000000e+00
3.599999999999513e-06,72,8.902602071764822e-04,2.741648475030454e+02,1.000000000000000e+00,8.000000000000000e-01,2.000000000000000e-01,4.041222649596419e-06,-7.512982179781362e-05,1.666666666666667e+00,0.000000000000000e+00,2.981500000000000e+02,3.001979388485453e+02,3.000000000000000e+02,3.417775933077046e+02,3.000250054054695e+02,1,0.000000000000000e+00,0.000000000000000e+00
3.649999999999495e-06,73,9.004449759123482e-04,2.942285921861293e+02,1.000000000000000e+00,8.000000000000000e-01,2.000000000000000e-01,4.124555982929765e-06,-7.512982179781362e-05,1.666666666666667e+00,0.000000000000000e+00,2.981500000000000e+02,3.001979453138989e+02,3.000000000000000e+02,3.420218470056357e+02,3.000256477411485e+02,1,0.000000000000000e+00,0.000000000000000e+00
3.699999999999478e-06,74,9.098630644709887e-04,2.868830868653365e+02,1.000000000000000e+00,8.000000000000000e-01,2.000000000000000e-01,4.207889316263112e-06,-7.512982179781362e-05,1.666666666666667e+00,0.000000000000000e+00,2.981500000000000e+02,3.001978934993402e+02,3.000000000000000e+02,3.422460081324528e+02,3.000262628037354e+02,1,0.000000000000000e+00,0.000000000000000e+00
3.749999999999461e-06,75,9.191307960424777e-04,2.652796008980249e+02,1.000000000000000e+00,8.000000000000000e-01,2.000000000000000e-01,4.291222649596459e-06,-7.512982179781362e-05,1.666666666666667e+00,0.000000000000000e+00,2.981500000000000e+02,3.001977888581100e+02,3.000000000000000e+02,3.424693637789259e+02,3.000268865364425e+02,1,0.000000000000000e+00,0.000000000000000e+00
3.799999999999443e-06,76,9.289882061605043e-04,2.352230088104675e+02,1.000000000000000e+00,8.000000000000000e-01,2.000000000000000e-01,4.374555982929805e-06,-7.512982179781362e-05,1.666666666666667e+00,0.000000000000000e+00,2.981500000000000e+02,3.001973264495427e+02,3.000000000000000e+02,3.426991154758344e+02,3.000275315300619e+02,1,0.000000000000000e+00,0.000000000000000e+00
3.849999999999456e-06,77,9.419519315648383e-04,2.476097666556918e+02,1.000000000000000e+00,8.000000000000000e-01,2.000000000000000e-01,4.457889316263152e-06,-7.512982179781362e-05,1.666666666666667e+00,0.000000000000000e+00,2.981500000000000e+02,3.001969641147620e+02,3.000000000000000e+02,3.429482044859449e+02,3.000282672632288e+02,1,0.000000000000000e+00,0.000000000000000e+00
3.899999999999481e-06,78,9.566549045368210e-04,2.971185006686258e+02,1.000000000000000e+00,8.000000000000000e-01,2.000000000000000e-01,4.541222649596499e-06,-7.512982179781362e-05,1.666666666666667e+00,0.000000000000000e+00,2.981500000000000e+02,3.001971232416434e+02,3.000000000000000e+02,3.432043005400757e+02,3.000290756219035e+02,1,0.000000000000000e+00,0.000000000000000e+00
3.949999999999506e-06,79,9.723527304575959e-04,3.243843638562525e+02,1.000000000000000e+00,8.000000000000000e-01,2.000000000000000e-01,4.624555982929845e-06,-7.512982179781362e-05,1.666666666666667e+00,0.000000000000000e+00,2.981500000000000e+02,3.001978299146925e+02,3.000000000000000e+02,3.434662799199027e+02,3.000299559020310e+02,1,0.000000000000000e+00,0.000000000000000e+00
3.999999999999531e-06,80,9.891915978664208e-04,3.531431881944372e+02,1.000000000000000e+00,8.000000000000000e-01,2.000000000000000e-01,4.707889316263192e-06,-7.512982179781362e-05,1.666666666666667e+00,0.000000000000000e+00,2.981500000000000e+02,3.001989785982803e+02,3.000000000000000e+02,3.437439033457414e+02,3.000309208148989e+02,1,0.000000000000000e+00,0.000000000000000e+00
4.049999999999555e-06,81,1.007436564460286e-03,3.895166543663832e+02,1.000000000000000e+00,8.000000000000000e-01,2.000000000000000e-01,4.791222649596538e-06,-7.512982179781362e-05,1.666666666666667e+00,0.000000000000000e+00,2.981500000000000e+02,3.002005662091786e+02,3.000000000000000e+02,3.440445835488735e+02,3.000319916634620e+02,1,0.000000000000000e+00,0.000000000000000e+00
4.099999999999580e-06,82,1.027522675870670e-03,4.430534906538440e+02,1.000000000000000e+00,8.000000000000000e-01,2.000000000000000e-01,4.874555982929885e-06,-7.512982179781362e-05,1.666666666666667e+00,0.000000000000000e+00,2.981500000000000e+02,3.002028785626861e+02,3.000000000000000e+02,3.443756278059136e+02,3.000331988309432e+02,1,0.000000000000000e+00,0.000000000000000e+00
4.149999999999605e-06,83,1.048858864972386e-03,4.690343712210744e+02,1.000000000000000e+00,8.000000000000000e-01,2.000000000000000e-01,4.957889316263232e-06,-7.512982179781362e-05,1.666666666666667e+00,0.000000000000000e+00,2.981500000000000e+02,3.002057868653150e+02,3.000000000000000e+02,3.447279814342759e+02,3.000345102648764e+02,1,0.000000000000000e+00,0.000000000000000e+00
4.199999999999630e-06,84,1.069184405435509e-03,4.120610403849057e+02,1.000000000000000e+00,8.000000000000000e-01,2.000000000000000e-01,5.041222649596578e-06,-7.512982179781362e-05,1.666666666666667e+00,0.000000000000000e+00,2.981500000000000e+02,3.002088764449545e+02,3.000000000000000e+02,3.450800284038907e+02,3.000358043484531e+02,1,0.000000000000000e+00,0.000000000000000e+00
4.249999999999655e-06,85,1.084073163864172e-03,3.467979737211758e+02,1.000000000000000e+00,8.000000000000000e-01,2.000000000000000e-01,5.124555982929925e-06,-7.512982179781362e-05,1.666666666666667e+00,0.000000000000000e+00,2.981500000000000e+02,3.002105031978941e+02,3.000000000000000e+02,3.454053466365655e+02,3.000368770901907e+02,1,0.000000000000000e+00,0.000000000000000e+00
4.299999999999680e-06,86,1.096544622132102e-03,3.391171661808112e+02,1.000000000000000e+00,8.000000000000000e-01,2.000000000000000e-01,5.207889316263272e-06,-7.512982179781362e-05,1.666666666666667e+00,0.000000000000000e+00,2.981500000000000e+02,3.002110817006821e+02,3.000000000000000e+02,3.456904147141291e+02,3.000378151934154e+02,1,0.000000000000000e+00,0.000000000000000e+00
4.349999999999705e-06,87,1.107566326167187e-03,3.197814732586377e+02,1.000000000000000e+00,8.000000000000000e-01,2.000000000000000e-01,5.291222649596618e-06,-7.512982179781362e-05,1.666666666666667e+00,0.000000000000000e+00,2.981500000000000e+02,3.002109920381235e+02,3.000000000000000e+02,3.459458950676842e+02,3.000386753797534e+02,1,0.000000000000000e+00,0.000000000000000e+00
4.399999999999730e-06,88,1.117757310362381e-03,3.104652480201227e+02,1.000000000000000e+00,8.000000000000000e-01,2.000000000000000e-01,5.374555982929965e-06,-7.512982179781362e-05,1.666666666666667e+00,0.000000000000000e+00,2.981500000000000e+02,3.002105565800845e+02,3.000000000000000e+02,3.461832026611073e+02,3.000394932676660e+02,1,0.000000000000000e+00,0.000000000000000e+00
4.449999999999755e-06,89,1.128801849817224e-03,2.961128017912665e+02,1.000000000000000e+00,8.000000000000000e-01,2.000000000000000e-01,5.457889316263312e-06,-7.512982179781362e-05,1.666666666666667e+00,0.000000000000000e+00,2.981500000000000e+02,3.002102823041968e+02,3.000000000000000e+02,3.464098338835843e+02,3.000403130722707e+02,1,0.000000000000000e+00,0.000000000000000e+00
4.499999999999780e-06,90,1.141583673832037e-03,2.796763370804758e+02,1.000000000000000e+00,8.000000000000000e-01,2.000000000000000e-01,5.541222649596658e-06,-7.512982179781362e-05,1.666666666666667e+00,0.000000000000000e+00,2.981500000000000e+02,3.002099381076893e+02,3.000000000000000e+02,3.466305895298322e+02,3.000411700757890e+02,1,0.000000000000000e+00,0.000000000000000e+00
4.549999999999805e-06,91,1.155652549712003e-03,3.072640344767478e+02,1.000000000000000e+00,8.000000000000000e-01,2.000000000000000e-01,5.624555982930005e-06,-7.512982179781362e-05,1.666666666666667e+00,0.000000000000000e+00,2.981500000000000e+02,3.002096731634388e+02,3.000000000000000e+02,3.468557921238040e+02,3.000421025509831e+02,1,0.000000000000000e+00,0.000000000000000e+00
4.599999999999830e-06,92,1.171185854230946e-03,3.392155182716813e+02,1.000000000000000e+00,8.000000000000000e-01,2.000000000000000e-01,5.707889316263352e-06,-7.512982179781362e-05,1.666666666666667e+00,0.000000000000000e+00,2.981500000000000e+02,3.002099064698563e+02,3.000000000000000e+02,3.470945846153719e+02,3.000431541420920e+02,1,0.000000000000000e+00,0.000000000000000e+00
4.649999999999855e-06,93,1.187988358840085e-03,3.802737640835051e+02,1.000000000000000e+00,8.000000000000000e-01,2.000000000000000e-01,5.791222649596698e-06,-7.512982179781362e-05,1.666666666666667e+00,0.000000000000000e+00,2.981500000000000e+02,3.002106106152055e+02,3.000000000000000e+02,3.473475915339583e+02,3.000443238085396e+02,1,0.000000000000000e+00,0.000000000000000e+00
4.699999999999880e-06,94,1.206075992544466e-03,4.095586403615769e+02,1.000000000000000e+00,8.000000000000000e-01,2.000000000000000e-01,5.874555982930045e-06,-7.512982179781362e-05,1.666666666666667e+00,0.000000000000000e+00,2.981500000000000e+02,3.002118202626459e+02,3.000000000000000e+02,3.476143117991927e+02,3.000456221622418e+02,1,0.000000000000000e+00,0.000000000000000e+00
4.749999999999905e-06,95,1.225338258090469e-03,4.249837482272779e+02,1.000000000000000e+00,8.000000000000000e-01,2.000000000000000e-01,5.957889316263392e-06,-7.512982179781362e-05,1.666666666666667e+00,0.000000000000000e+00,2.981500000000000e+02,3.002139956274246e+02,3.000000000000000e+02,3.478967517528336e+02,3.000470470859772e+02,1,0.000000000000000e+00,0.000000000000000e+00
4.799999999999929e-06,96,1.245722746230842e-03,4.463527622817889e+02,1.000000000000000e+00,8.000000000000000e-01,2.000000000000000e-01,6.041222649596738e-06,-7.512982179781362e-05,1.666666666666667e+00,0.000000000000000e+00,2.981500000000000e+02,3.002169277981631e+02,3.000000000000000e+02,3.481986085699001e+02,3.000486034539944e+02,1,0.000000000000000e+00,0.000000000000000e+00
4.849999999999954e-06,97,1.264515958188301e-03,4.053846047193049e+02,1.000000000000000e+00,8.000000000000000e-01,2.000000000000000e-01,6.124555982930085e-06,-7.512982179781362e-05,1.666666666666667e+00,0.000000000000000e+00,2.981500000000000e+02,3.002198393650728e+02,3.000000000000000e+02,3.485168506271530e+02,3.000501533379237e+02,1,0.000000000000000e+00,0.000000000000000e+00
4.899999999999979e-06,98,1.278970843177486e-03,3.890154579308928e+02,1.000000000000000e+00,8.000000000000000e-01,2.000000000000000e-01,6.207889316263432e-06,-7.512982179781362e-05,1.666666666666667e+00,0.000000000000000e+00,2.981500000000000e+02,3.002210062566772e+02,3.000000000000000e+02,3.488176568586096e+02,3.000514856332738e+02,1,0.000000000000000e+00,0.000000000000000e+00
4.950000000000004e-06,99,1.291137114674118e-03,3.687019903733541e+02,1.000000000000000e+00,8.000000000000000e-01,2.000000000000000e-01,6.291222649596778e-06,-7.512982179781362e-05,1.666666666666667e+00,0.000000000000000e+00,2.981500000000000e+02,3.002213111155759e+02,3.000000000000000e+02,3.490788259000853e+02,3.000526503093005e+02,1,0.000000000000000e+00,0.000000000000000e+00
5.000000000000029e-06,100,1.301635148077146e-03,3.425834507092570e+02,1.000000000000000e+00,8.000000000000000e-01,2.000000000000000e-01,6.374555982930125e-06,-7.512982179781362e-05,1.666666666666667e+00,0.000000000000000e+00,2.981500000000000e+02,3.002208487552659e+02,3.000000000000000e+02,3.493064846330882e+02,3.000536902677987e+02,1,0.000000000000000e+00,0.000000000000000e+00
5.050000000000054e-06,101,1.311005437710146e-03,2.902672402521181e+02,1.000000000000000e+00,8.000000000000000e-01,2.000000000000000e-01,6.457889316263472e-06,-7.512982179781362e-05,1.666666666666667e+00,0.000000000000000e+00,2.981500000000000e+02,3.002195141723973e+02,3.000000000000000e+02,3.495114023549157e+02,3.000546535411815e+02,1,0.000000000000000e+00,0.000000000000000e+00
5.100000000000079e-06,102,1.320150384158716e-03,2.515973215829327e+02,1.000000000000000e+00,8.000000000000000e-01,2.000000000000000e-01,6.541222649596818e-06,-7.512982179781362e-05,1.666666666666667e+00,0.000000000000000e+00,2.981500000000000e+02,3.002173892320517e+02,3.000000000000000e+02,3.497099711559546e+02,3.000555865668824e+02,1,0.000000000000000e+00,0.000000000000000e+00
5.150000000000104e-06,103,1.330707062370116e-03,2.741024463253398e+02,1.000000000000000e+00,8.000000000000000e-01,2.000000000000000e-01,6.624555982930165e-06,-7.512982179781362e-05,1.666666666666667e+00,0.000000000000000e+00,2.981500000000000e+02,3.002154672322728e+02,3.000000000000000e+02,3.499078093398139e+02,3.000565392868251e+02,1,0.000000000000000e+00,0.000000000000000e+00
5.200000000000129e-06,104,1.342956700467923e-03,3.178889540083202e+02,1.000000000000000e+00,8.000000000000000e-01,2.000000000000000e-01,6.707889316263511e-06,-7.512982179781362e-05,1.666666666666667e+00,0.000000000000000e+00,2.981500000000000e+02,3.002148250911038e+02,3.000000000000000e+02,3.501046415627564e+02,3.000575742734118e+02,1,0.000000000000000e+00,0.000000000000000e+00
5.250000000000154e-06,105,1.357053963440965e-03,3.510970312523011e+02,1.000000000000000e+00,8.000000000000000e-01,2.000000000000000e-01,6.791222649596858e-06,-7.512982179781362e-05,1.666666666666667e+00,0.000000000000000e+00,2.981500000000000e+02,3.002146192698153e+02,3.000000000000000e+02,3.503172673792399e+02,3.000587643012141e+02,1,0.000000000000000e+00,0.000000000000000e+00
5.300000000000179e-06,106,1.372930327739366e-03,3.875524060730500e+02,1.000000000000000e+00,8.000000000000000e-01,2.000000000000000e-01,6.874555982930205e-06,-7.512982179781362e-05,1.666666666666667e+00,0.000000000000000e+00,2.981500000000000e+02,3.002149092025791e+02,3.000000000000000e+02,3.505500869515774e+02,3.000601261970032e+02,1,0.000000000000000e+00,0.000000000000000e+00
5.350000000000204e-06,107,1.390368888334381e-03,4.185779509119814e+02,1.000000000000000e+00,8.000000000000000e-01,2.000000000000000e-01,6.957889316263551e-06,-7.512982179781362e-05,1.666666666666667e+00,0.000000000000000e+00,2.981500000000000e+02,3.002161530062971e+02,3.000000000000000e+02,3.507987740510504e+02,3.000616587678518e+02,1,0.000000000000000e+00,0.000000000000000e+00
5.400000000000229e-06,108,1.409154297525422e-03,4.261692051338527e+02,1.000000000000000e+00,8.000000000000000e-01,2.000000000000000e-01,7.041222649596898e-06,-7.512982179781362e-05,1.666666666666667e+00,0.000000000000000e+00,2.981500000000000e+02,3.002182015907947e+02,3.000000000000000e+02,3.510607626164342e+02,3.000633433108470e+02,1,0.000000000000000e+00,0.000000000000000e+00
5.450000000000254e-06,109,1.428526191188072e-03,4.386240607351610e+02,1.000000000000000e+00,8.000000000000000e-01,2.000000000000000e-01,7.124555982930245e-06,-7.512982179781362e-05,1.666666666666667e+00,0.000000000000000e+00,2.981500000000000e+02,3.002204178369582e+02,3.000000000000000e+02,3.513290199715093e+02,3.000651240132581e+02,1,0.000000000000000e+00,0.000000000000000e+00
5.500000000000279e-06,110,1.446467808189256e-03,3.952711874741480e+02,1.000000000000000e+00,8.000000000000000e-01,2.000000000000000e-01,7.207889316263591e-06,-7.512982179781362e-05,1.666666666666667e+00,0.000000000000000e+00,2.981500000000000e+02,3.002226265364804e+02,3.000000000000000e+02,3.516016667239256e+02,3.000669093169770e+02,1,0.000000000000000e+00,0.000000000000000e+00
5.550000000000303e-06,111,1.460588990995663e-03,3.699808258975883e+02,1.000000000000000e+00,8.000000000000000e-01,2.000000000000000e-01,7.291222649596938e-06,-7.512982179781362e-05,1.666666666666667e+00,0.000000000000000e+00,2.981500000000000e+02,3.002232982449367e+02,3.000000000000000e+02,3.518724580479636e+02,3.000685101526452e+02,1,0.000000000000000e+00,0.000000000000000e+00
5.600000000000328e-06,112,1.472525616463412e-03,3.797348073305670e+02,1.000000000000000e+00,8.000000000000000e-01,2.000000000000000e-01,7.374555982930285e-06,-7.512982179781362e-05,1.666666666666667e+00,0.000000000000000e+00,2.981500000000000e+02,3.002233856735094e+02,3.000000000000000e+02,3.521101333159254e+02,3.000699199403095e+02,1,0.000000000000000e+00,0.000000000000000e+00
5.650000000000353e-06,113,1.482497185984617e-03,3.552065189761352e+02,1.000000000000000e+00,8.000000000000000e-01,2.000000000000000e-01,7.457889316263631e-06,-7.512982179781362e-05,1.666666666666667e+00,0.000000000000000e+00,2.981500000000000e+02,3.002227543587825e+02,3.000000000000000e+02,3.523058756264030e+02,3.000711350384304e+02,1,0.000000000000000e+00,0.000000000000000e+00
5.700000000000378e-06,114,1.491218596524265e-03,3.157971240924950e+02,1.000000000000000e+00,8.000000000000000e-01,2.000000000000000e-01,7.541222649596978e-06,-7.512982179781362e-05,1.666666666666667e+00,0.000000000000000e+00,2.981500000000000e+02,3.002213851617572e+02,3.000000000000000e+02,3.524731833581006e+02,3.000722421419048e+02,1,0.000000000000000e+00,0.000000000000000e+00
5.750000000000403e-06,115,1.499596157254750e-03,2.793461860773679e+02,1.000000000000000e+00,8.000000000000000e-01,2.000000000000000e-01,7.624555982930325e-06,-7.512982179781362e-05,1.666666666666667e+00,0.000000000000000e+00,2.981500000000000e+02,3.002194903088160e+02,3.000000000000000e+02,3.526285231956750e+02,3.000733280886496e+02,1,0.000000000000000e+00,0.000000000000000e+00
5.800000000000428e-06,116,1.509327522460199e-03,2.776155768604240e+02,1.000000000000000e+00,8.000000000000000e-01,2.000000000000000e-01,7.707889316263670e-06,-7.512982179781362e-05,1.666666666666667e+00,0.000000000000000e+00,2.981500000000000e+02,3.002174348536607e+02,2.999999999982271e+02,3.527859845545212e+02,3.000744689942258e+02,1,0.000000000000000e+00,0.000000000000000e+00
5.850000000000453e-06,117,1.521646475757703e-03,3.102639267283653e+02,1.000000000000000e+00,8.000000000000000e-01,2.000000000000000e-01,7.791222649597017e-06,-7.512982179781362e-05,1.666666666666667e+00,0.000000000000000e+00,2.981500000000000e+02,3.002159955099506e+02,2.999999999982442e+02,3.529528326224620e+02,3.000757733749228e+02,1,0.000000000000000e+00,0.000000000000000e+00
5.900000000000478e-06,118,1.536266696286998e-03,3.601250020603651e+02,1.000000000000000e+00,8.000000000000000e-01,2.000000000000000e-01,7.874555982930364e-06,-7.512982179781362e-05,1.666666666666667e+00,0.000000000000000e+00,2.981500000000000e+02,3.002156044462427e+02,2.999999999982657e+02,3.531360205407295e+02,3.000772995214209e+02,1,0.000000000000000e+00,0.000000000000000e+00
5.950000000000503e-06,119,1.552839267199394e-03,4.253489832867103e+02,1.000000000000000e+00,8.000000000000000e-01,2.000000000000000e-01,7.957889316263710e-06,-7.512982179781362e-05,1.666666666666667e+00,0.000000000000000e+00,2.981500000000000e+02,3.002164569132839e+02,2.999999999982942e+02,3.533370764152331e+02,3.000790410863750e+02,1,0.000000000000000e+00,0.000000000000000e+00
6.000000000000528e-06,120,1.570657881506994e-03,4.694447256651761e+02,1.000000000000000e+00,8.000000000000000e-01,2.000000000000000e-01,8.041222649597057e-06,-7.512982179781362e-05,1.666666666666667e+00,0.000000000000000e+00,2.981500000000000e+02,3.002183327588340e+02,2.999999999983866e+02,3.535469847503631e+02,3.000809440236110e+02,1,0.000000000000000e+00,0.000000000000000e+00
6.050000000000553e-06,121,1.589269567589959e-03,4.827650576260752e+02,1.000000000000000e+00,8.000000000000000e-01,2.000000000000000e-01,8.124555982930404e-06,-7.512982179781362e-05,1.666666666666667e+00,0.000000000000000e+00,2.981500000000000e+02,3.002206450730235e+02,2.999999999991750e+02,3.537619103516564e+02,3.000829700207874e+02,1,0.000000000000000e+00,0.000000000000000e+00
6.100000000000578e-06,122,1.608231560845769e-03,4.864059225850312e+02,1.000000000000000e+00,8.000000000000000e-01,2.000000000000000e-01,8.207889316263750e-06,-7.512982179781362e-05,1.666666666666667e+00,0.000000000000000e+00,2.981500000000000e+02,3.002228960012641e+02,3.000000000000000e+02,3.539743829147541e+02,3.000850649685768e+02,1,0.000000000000000e+00,0.000000000000000e+00
6.150000000000603e-06,123,1.623952282304686e-03,3.900835437759061e+02,1.000000000000000e+00,8.000000000000000e-01,2.000000000000000e-01,8.291222649597097e-06,-7.512982179781362e-05,1.666666666666667e+00,0.000000000000000e+00,2.981500000000000e+02,3.002244714122439e+02,3.000000000000000e+02,3.541857205722873e+02,3.000870842068798e+02,1,0.000000000000000e+00,0.000000000000000e+00
6.200000000000628e-06,124,1.636712891685841e-03,3.547407462188909e+02,1.000000000000000e+00,8.000000000000000e-01,2.000000000000000e-01,8.374555982930444e-06,-7.512982179781362e-05,1.666666666666667e+00,0.000000000000000e+00,2.981500000000000e+02,3.002244231693085e+02,3.000000000000000e+02,3.543904181497668e+02,3.000889134862628e+02,1,0.000000000000000e+00,0.000000000000000e+00
6.250000000000653e-06,125,1.647656962039757e-03,3.506511906259437e+02,1.000000000000000e+00,8.000000000000000e-01,2.000000000000000e-01,8.457889316263790e-06,-7.512982179781362e-05,1.666666666666667e+00,0.000000000000000e+00,2.981500000000000e+02,3.002236796259230e+02,3.000000000000000e+02,3.545704674810071e+02,3.000905752528226e+02,1,0.000000000000000e+00,0.000000000000000e+00
6.300000000000677e-06,126,1.657142179640189e-03,3.578045478221345e+02,1.000000000000000e+00,8.000000000000000e-01,2.000000000000000e-01,8.541222649597137e-06,-7.512982179781362e-05,1.666666666666667e+00,0.000000000000000e+00,2.981500000000000e+02,3.002226579278411e+02,3.000000000000000e+02,3.547241675154432e+02,3.000920944548581e+02,1,0.000000000000000e+00,0.000000000000000e+00
6.350000000000702e-06,127,1.665639884407670e-03,3.399954346079793e+02,1.000000000000000e+00,8.000000000000000e-01,2.000000000000000e-01,8.624555982930484e-06,-7.512982179781362e-05,1.666666666666667e+00,0.000000000000000e+00,2.981500000000000e+02,3.002213953671799e+02,3.000000000000000e+02,3.548563578384158e+02,3.000935463384719e+02,1,0.000000000000000e+00,0.000000000000000e+00
6.400000000000727e-06,128,1.674577155882809e-03,3.135443900694715e+02,1.000000000000000e+00,8.000000000000000e-01,2.000000000000000e-01,8.707889316263830e-06,-7.512982179781362e-05,1.666666666666667e+00,0.000000000000000e+00,2.981500000000000e+02,3.002198489157720e+02,3.000000000000000e+02,3.549798322647210e+02,3.000950170816546e+02,1,0.000000000000000e+00,0.000000000000000e+00
6.450000000000752e-06,129,1.685090454786344e-03,3.119179900724890e+02,1.000000000000000e+00,8.000000000000000e-01,2.000000000000000e-01,8.791222649597177e-06,-7.512982179781362e-05,1.666666666666667e+00,0.000000000000000e+00,2.981500000000000e+02,3.002181874307638e+02,3.000000000000000e+02,3.551022810265014e+02,3.000965783796926e+02,1,0.000000000000000e+00,0.000000000000000e+00
6.500000000000777e-06,130,1.697515387953997e-03,3.075065145397069e+02,1.000000000000000e+00,8.000000000000000e-01,2.000000000000000e-01,8.874555982930524e-06,-7.512982179781362e-05,1.666666666666667e+00,0.000000000000000e+00,2.981500000000000e+02,3.002168479778583e+02,3.000000000000000e+02,3.552336324151350e+02,3.000983280560170e+02,1,0.000000000000000e+00,0.000000000000000e+00
6.550000000000802e-06,131,1.711702391968405e-03,3.379657970287921e+02,1.000000000000000e+00,8.000000000000000e-01,2.000000000000000e-01,8.957889316263870e-06,-7.512982179781362e-05,1.666666666666667e+00,0.000000000000000e+00,2.981500000000000e+02,3.002160529111367e+02,3.000000000000000e+02,3.553826560115131e+02,3.001003051033587e+02,1,0.000000000000000e+00,0.000000000000000e+00
6.600000000000827e-06,132,1.727170932310236e-03,3.879518942764774e+02,1.000000000000000e+00,8.000000000000000e-01,2.000000000000000e-01,9.041222649597217e-06,-7.512982179781362e-05,1.666666666666667e+00,0.000000000000000e+00,2.981500000000000e+02,3.002160176015549e+02,3.000000000000000e+02,3.555458592915299e+02,3.001024783837415e+02,1,0.000000000000000e+00,0.000000000000000e+00
6.650000000000852e-06,133,1.743212886516980e-03,4.402771794280226e+02,1.000000000000000e+00,8.000000000000000e-01,2.000000000000000e-01,9.124555982930564e-06,-7.512982179781362e-05,1.666666666666667e+00,0.000000000000000e+00,2.981500000000000e+02,3.002168254777848e+02,3.000000000000000e+02,3.557129416185303e+02,3.001047663975725e+02,1,0.000000000000000e+00,0.000000000000000e+00
6.700000000000877e-06,134,1.759333570805738e-03,4.454729351703937e+02,1.000000000000000e+00,8.000000000000000e-01,2.000000000000000e-01,9.207889316263910e-06,-7.512982179781362e-05,1.666666666666667e+00,0.000000000000000e+00,2.981500000000000e+02,3.002179425233725e+02,3.000000000000000e+02,3.558789392323802e+02,3.001070986813920e+02,1,0.000000000000000e+00,0.000000000000000e+00
6.750000000000902e-06,135,1.775315548339896e-03,4.328132156745044e+02,1.000000000000000e+00,8.000000000000000e-01,2.000000000000000e-01,9.291222649597257e-06,-7.512982179781362e-05,1.666666666666667e+00,0.000000000000000e+00,2.981500000000000e+02,3.002188782533726e+02,3.000000000000000e+02,3.560397910607689e+02,3.001094670354257e+02,1,0.000000000000000e+00,0.000000000000000e+00
6.800000000000927e-06,136,1.789457019946920e-03,3.622603603124414e+02,1.000000000000000e+00,8.000000000000000e-01,2.000000000000000e-01,9.374555982930604e-06,-7.512982179781362e-05,1.666666666666667e+00,0.000000000000000e+00,2.981500000000000e+02,3.002193957359824e+02,3.000000000000000e+02,3.561982760834293e+02,3.001118070639773e+02,1,0.000000000000000e+00,0.000000000000000e+00
6.850000000000952e-06,137,1.800617173647697e-03,3.036967843948284e+02,1.000000000000000e+00,8.000000000000000e-01,2.000000000000000e-01,9.457889316263950e-06,-7.512982179781362e-05,1.666666666666667e+00,0.000000000000000e+00,2.981500000000000e+02,3.002184463524109e+02,3.000000000000000e+02,3.563543084043362e+02,3.001139881068229e+02,1,0.000000000000000e+00,0.000000000000000e+00
6.900000000000977e-06,138,1.810055943726605e-03,2.881977323242263e+02,1.000000000000000e+00,8.000000000000000e-01,2.000000000000000e-01,9.541222649597297e-06,-7.512982179781362e-05,1.666666666666667e+00,0.000000000000000e+00,2.981500000000000e+02,3.002167804333446e+02,3.000000000000000e+02,3.564909683312207e+02,3.001159981583338e+02,1,0.000000000000000e+00,0.000000000000000e+00
6.950000000001002e-06,139,1.818281417429840e-03,3.111386945556259e+02,1.000000000000000e+00,8.000000000000000e-01,2.000000000000000e-01,9.624555982930643e-06,-7.512982179781362e-05,1.666666666666667e+00,0.000000000000000e+00,2.981500000000000e+02,3.002149757169525e+02,3.000000000000000e+02,3.566071423891487e+02,3.001178805275421e+02,1,0.000000000000000e+00,0.000000000000000e+00
7.000000000001026e-06,140,1.825706873060442e-03,3.216625918571286e+02,1.000000000000000e+00,8.000000000000000e-01,2.000000000000000e-01,9.707889316263990e-06,-7.512982179781362e-05,1.666666666666667e+00,0.000000000000000e+00,2.981500000000000e+02,3.002133194301719e+02,3.000000000000000e+02,3.567051445947833e+02,3.001197278888939e+02,1,0.000000000000000e+00,0.000000000000000e+00
7.050000000001051e-06,141,1.832910583121744e-03,3.188346234449062e+02,1.000000000000000e+00,8.000000000000000e-01,2.000000000000000e-01,9.791222649597337e-06,-7.512982179781362e-05,1.666666666666667e+00,0.000000000000000e+00,2.981500000000000e+02,3.002117051493313e+02,3.000000000000000e+02,3.567960939100533e+02,3.001216013041468e+02,1,0.000000000000000e+00,0.000000000000000e+00
7.100000000001076e-06,142,1.841148070504950e-03,3.115766867643359e+02,1.000000000000000e+00,8.000000000000000e-01,2.000000000000000e-01,9.874555982930683e-06,-7.512982179781362e-05,1.666666666666667e+00,0.000000000000000e+00,2.981500000000000e+02,3.002101696959421e+02,3.000000000000000e+02,3.568907928761835e+02,3.001235552083990e+02,1,0.000000000000000e+00,0.000000000000000e+00
7.150000000001101e-06,143,1.851321820173271e-03,2.823112209270441e+02,1.000000000000000e+00,8.000000000000000e-01,2.000000000000000e-01,9.957889316264030e-06,-7.512982179781362e-05,1.666666666666667e+00,0.000000000000000e+00,2.981500000000000e+02,3.002089477892843e+02,3.000000000000000e+02,3.569906060809042e+02,3.001256607768839e+02,1,0.000000000000000e+00,0.000000000000000e+00
7.200000000001126e-06,144,1.863006950102756e-03,2.764551367721522e+02,1.000000000000000e+00,8.000000000000000e-01,2.000000000000000e-01,1.004122264959738e-05,-7.512982179781362e-05,1.666666666666667e+00,0.000000000000000e+00,2.981500000000000e+02,3.002079351000475e+02,3.000000000000000e+02,3.570982031644111e+02,3.001279411871977e+02,1,0.000000000000000e+00,0.000000000000000e+00
7.250000000001151e-06,145,1.875691190030387e-03,3.191861364504650e+02,1.000000000000000e+00,8.000000000000000e-01,2.000000000000000e-01,1.012455598293072e-05,-7.512982179781362e-05,1.666666666666667e+00,0.000000000000000e+00,2.981500000000000e+02,3.002070700451457e+02,3.000000000000000e+02,3.572146238081243e+02,3.001303756243595e+02,1,0.000000000000000e+00,0.000000000000000e+00
7.300000000001176e-06,146,1.888753382179810e-03,3.578481866387517e+02,1.000000000000000e+00,8.000000000000000e-01,2.000000000000000e-01,1.020788931626407e-05,-7.512982179781362e-05,1.666666666666667e+00,0.000000000000000e+00,2.981500000000000e+02,3.002065113882691e+02,3.000000000000000e+02,3.573323832931276e+02,3.001328828675535e+02,1,0.000000000000000e+00,0.000000000000000e+00
7.350000000001201e-06,147,1.901837175066873e-03,3.778014603229004e+02,1.000000000000000e+00,8.000000000000000e-01,2.000000000000000e-01,1.029122264959742e-05,-7.512982179781362e-05,1.666666666666667e+00,0.000000000000000e+00,2.981500000000000e+02,3.002061301904145e+02,3.000000000000000e+02,3.574496437538826e+02,3.001354130409044e+02,1,0.000000000000000e+00,0.000000000000000e+00
7.400000000001226e-06,148,1.914704345389179e-03,3.788769667269314e+02,1.000000000000000e+00,8.000000000000000e-01,2.000000000000000e-01,1.037455598293076e-05,-7.512982179781362e-05,1.666666666666667e+00,0.000000000000000e+00,2.981500000000000e+02,3.002058280555773e+02,3.000000000000000e+02,3.575609455669070e+02,3.001379655220506e+02,1,0.000000000000000e+00,0.000000000000000e+00
7.450000000001251e-06,149,1.927607289731705e-03,3.601011175685253e+02,1.000000000000000e+00,8.000000000000000e-01,2.000000000000000e-01,1.045788931626411e-05,-7.512982179781362e-05,1.666666666666667e+00,0.000000000000000e+00,2.981500000000000e+02,3.002055115127509e+02,3.000000000000000e+02,3.576695226467800e+02,3.001405732188715e+02,1,0.000000000000000e+00,0.000000000000000e+00
7.500000000001276e-06,150,1.940342523553721e-03,3.322896583635798e+02,1.000000000000000e+00,8.000000000000000e-01,2.000000000000000e-01,1.054122264959746e-05,-7.512982179781362e-05,1.666666666666667e+00,0.000000000000000e+00,2.981500000000000e+02,3.002052362317067e+02,3.000000000000000e+02,3.577774427471410e+02,3.001432262995705e+02,1,0.000000000000000e+00,0.000000000000000e+00
7.550000000001301e-06,151,1.950141885245103e-03,2.742839336767497e+02,1.000000000000000e+00,8.000000000000000e-01,2.000000000000000e-01,1.062455598293080e-05,-7.512982179781362e-05,1.666666666666667e+00,0.000000000000000e+00,2.981500000000000e+02,3.002043196879944e+02,3.000000000000000e+02,3.578801734187520e+02,3.001457632003767e+02,1,0.000000000000000e+00,0.000000000000000e+00
7.600000000001326e-06,152,1.958293354563980e-03,2.729405817576811e+02,1.000000000000000e+00,8.000000000000000e-01,2.000000000000000e-01,1.070788931626415e-05,-7.512982179781362e-05,1.666666666666667e+00,0.000000000000000e+00,2.981500000000000e+02,3.002032661751094e+02,3.000000000000000e+02,3.579688716535836e+02,3.001481653242294e+02,1,0.000000000000000e+00,0.000000000000000e+00
7.650000000001316e-06,153,1.965618270594862e-03,2.999691893289379e+02,1.000000000000000e+00,8.000000000000000e-01,2.000000000000000e-01,1.079122264959750e-05,-7.512982179781362e-05,1.666666666666667e+00,0.000000000000000e+00,2.981500000000000e+02,3.002022575658835e+02,3.000000000000000e+02,3.580444013626696e+02,3.001505146287284e+02,1,0.000000000000000e+00,0.000000000000000e+00
7.700000000001256e-06,154,1.972609817431282e-03,3.232225828385240e+02,1.000000000000000e+00,8.000000000000000e-01,2.000000000000000e-01,1.087455598293084e-05,-7.512982179781362e-05,1.666666666666667e+00,0.000000000000000e+00,2.981500000000000e+02,3.002014008315555e+02,3.000000000000000e+02,3.581149521544629e+02,3.001528919164164e+02,1,0.000000000000000e+00,0.000000000000000e+00
7.750000000001196e-06,155,1.979477021237377e-03,3.079301950157492e+02,1.000000000000000e+00,8.000000000000000e-01,2.000000000000000e-01,1.095788931626419e-05,-7.512982179781362e-05,1.666666666666667e+00,0.000000000000000e+00,2.981500000000000e+02,3.002005909543301e+02,3.000000000000000e+02,3.581893732970501e+02,3.001553315317615e+02,1,0.000000000000000e+00,0.000000000000000e+00
7.800000000001137e-06,156,1.986674038613995e-03,2.812406743313348e+02,1.000000000000000e+00,8.000000000000000e-01,2.000000000000000e-01,1.104122264959754e-05,-7.512982179781362e-05,1.666666666666667e+00,0.000000000000000e+00,2.981500000000000e+02,3.001996718480734e+02,3.000000000000000e+02,3.582713381016076e+02,3.001578459952937e+02,1,0.000000000000000e+00,0.000000000000000e+00
7.850000000001077e-06,157,1.995356633348285e-03,2.552883203584502e+02,1.000000000000000e+00,8.000000000000000e-01,2.000000000000000e-01,1.112455598293088e-05,-7.512982179781362e-05,1.666666666666667e+00,0.000000000000000e+00,2.981500000000000e+02,3.001986828035240e+02,3.000000000000000e+02,3.583543096699169e+02,3.001604639957872e+02,1,0.000000000000000e+00,0.000000000000000e+00
7.900000000001017e-06,158,2.005383491744258e-03,2.515084764755902e+02,1.000000000000000e+00,8.000000000000000e-01,2.000000000000000e-01,1.120788931626423e-05,-7.512982179781362e-05,1.666666666666667e+00,0.000000000000000e+00,2.981500000000000e+02,3.001976065621828e+02,3.000000000000000e+02,3.584389114093620e+02,3.001631691946399e+02,1,0.000000000000000e+00,0.000000000000000e+00
7.950000000000957e-06,159,2.015953630503155e-03,2.762013005037393e+02,1.000000000000000e+00,8.000000000000000e-01,2.000000000000000e-01,1.129122264959758e-05,-7.512982179781362e-05,1.666666666666667e+00,0.000000000000000e+00,2.981500000000000e+02,3.001966227929483e+02,3.000000000000000e+02,3.585229421740243e+02,3.001659038694487e+02,1,0.000000000000000e+00,0.000000000000000e+00
8.000000000000897e-06,160,2.026746667407680e-03,3.056551971800872e+02,1.000000000000000e+00,8.000000000000000e-01,2.000000000000000e-01,1.137455598293092e-05,-7.512982179781362e-05,1.666666666666667e+00,0.000000000000000e+00,2.981500000000000e+02,3.001958100011233e+02,3.000000000000000e+02,3.586058011659033e+02,3.001686699881942e+02,1,0.000000000000000e+00,0.000000000000000e+00
8.050000000000838e-06,161,2.037770099642579e-03,3.434795127690382e+02,1.000000000000000e+00,8.000000000000000e-01,2.000000000000000e-01,1.145788931626427e-05,-7.512982179781362e-05,1.666666666666667e+00,0.000000000000000e+00,2.981500000000000e+02,3.001952222415579e+02,3.000000000000000e+02,3.586859701744725e+02,3.001715217031301e+02,1,0.000000000000000e+00,0.000000000000000e+00
8.100000000000778e-06,162,2.049004217531551e-03,3.583830736471353e+02,1.000000000000000e+00,8.000000000000000e-01,2.000000000000000e-01,1.154122264959762e-05,-7.512982179781362e-05,1.666666666666667e+00,0.000000000000000e+00,2.981500000000000e+02,3.001948129882070e+02,3.000000000000000e+02,3.587633037034632e+02,3.001744544508204e+02,1,0.000000000000000e+00,0.000000000000000e+00
8.150000000000718e-06,163,2.060251611099637e-03,3.347695203659765e+02,1.000000000000000e+00,8.000000000000000e-01,2.000000000000000e-01,1.162455598293096e-05,-7.512982179781362e-05,1.666666666666667e+00,0.000000000000000e+00,2.981500000000000e+02,3.001943981416827e+02,3.000000000000000e+02,3.588357618799619e+02,3.001774344220131e+02,1,0.000000000000000e+00,0.000000000000000e+00
8.200000000000658e-06,164,2.071288675629689e-03,3.051359617728635e+02,1.000000000000000e+00,8.000000000000000e-01,2.000000000000000e-01,1.170788931626431e-05,-7.512982179781362e-05,1.666666666666667e+00,0.000000000000000e+00,2.981500000000000e+02,3.001938229534393e+02,3.000000000000000e+02,3.589057881443359e+02,3.001804253015291e+02,1,0.000000000000000e+00,0.000000000000000e+00
8.250000000000599e-06,165,2.081753532510352e-03,3.189558623671048e+02,1.000000000000000e+00,8.000000000000000e-01,2.000000000000000e-01,1.179122264959766e-05,-7.512982179781362e-05,1.666666666666667e+00,0.000000000000000e+00,2.981500000000000e+02,3.001932547072780e+02,3.000000000000000e+02,3.589747620773184e+02,3.001834434698162e+02,1,0.000000000000000e+00,0.000000000000000e+00
8.300000000000539e-06,166,2.090264824994994e-03,3.251918627852155e+02,1.000000000000000e+00,8.000000000000000e-01,2.000000000000000e-01,1.187455598293100e-05,-7.512982179781362e-05,1.666666666666667e+00,0.000000000000000e+00,2.981500000000000e+02,3.001926618469949e+02,3.000000000000000e+02,3.590427831409556e+02,3.001864648084966e+02,1,0.000000000000000e+00,0.000000000000000e+00
8.350000000000479e-06,167,2.098068818417310e-03,3.415791628912708e+02,1.000000000000000e+00,8.000000000000000e-01,2.000000000000000e-01,1.195788931626435e-05,-7.512982179781362e-05,1.666666666666667e+00,0.000000000000000e+00,2.981500000000000e+02,3.001920985190023e+02,3.000000000000000e+02,3.591076639466427e+02,3.001894771429128e+02,1,0.000000000000000e+00,0.000000000000000e+00
8.400000000000419e-06,168,2.105388790010221e-03,3.435395087101419e+02,1.000000000000000e+00,8.000000000000000e-01,2.000000000000000e-01,1.204122264959770e-05,-7.512982179781362e-05,1.666666666666667e+00,0.000000000000000e+00,2.981500000000000e+02,3.001915857594559e+02,3.000000000000000e+02,3.591687827100823e+02,3.001924675137147e+02,1,0.000000000000000e+00,0.000000000000000e+00
8.450000000000360e-06,169,2.112392460264772e-03,3.075071504618383e+02,1.000000000000000e+00,8.000000000000000e-01,2.000000000000000e-01,1.212455598293104e-05,-7.512982179781362e-05,1.666666666666667e+00,0.000000000000000e+00,2.981500000000000e+02,3.001909825024175e+02,3.000000000000000e+02,3.592281525243988e+02,3.001954576511682e+02,1,0.000000000000000e+00,0.000000000000000e+00
8.500000000000300e-06,170,2.119224073898173e-03,2.642803363783165e+02,1.000000000000000e+00,8.000000000000000e-01,2.000000000000000e-01,1.220788931626439e-05,-7.512982179781362e-05,1.666666666666667e+00,0.000000000000000e+00,2.981500000000000e+02,3.001901819625244e+02,3.000000000000000e+02,3.592884820700138e+02,3.001984568345755e+02,1,0.000000000000000e+00,0.000000000000000e+00
8.550000000000240e-06,171,2.125815609530336e-03,2.575143421148942e+02,1.000000000000000e+00,8.000000000000000e-01,2.000000000000000e-01,1.229122264959774e-05,-7.512982179781362e-05,1.666666666666667e+00,0.000000000000000e+00,2.981500000000000e+02,3.001892381023480e+02,3.000000000000000e+02,3.593474961915213e+02,3.002014591121238e+02,1,0.000000000000000e+00,0.000000000000000e+00
8.600000000000180e-06,172,2.132051835761227e-03,2.625390801373811e+02,1.000000000000000e+00,8.000000000000000e-01,2.000000000000000e-01,1.237455598293108e-05,-7.512982179781362e-05,1.666666666666667e+00,0.000000000000000e+00,2.981500000000000e+02,3.001882809876972e+02,3.000000000000000e+02,3.594026262868441e+02,3.002044316352347e+02,1,0.000000000000000e+00,0.000000000000000e+00
8.650000000000120e-06,173,2.138297597657681e-03,2.737938113005246e+02,1.000000000000000e+00,8.000000000000000e-01,2.000000000000000e-01,1.245788931626443e-05,-7.512982179781362e-05,1.666666666666667e+00,0.000000000000000e+00,2.981500000000000e+02,3.001873636662327e+02,3.000000000000000e+02,3.594574504106477e+02,3.002073945804489e+02,1,0.000000000000000e+00,0.000000000000000e+00
8.700000000000061e-06,174,2.145598153626791e-03,2.776118883284913e+02,1.000000000000000e+00,8.000000000000000e-01,2.000000000000000e-01,1.254122264959778e-05,-7.512982179781362e-05,1.666666666666667e+00,0.000000000000000e+00,2.981500000000000e+02,3.001865234107912e+02,3.000000000000000e+02,3.595142379557736e+02,3.002104234622993e+02,1,0.000000000000000e+00,0.000000000000000e+00
8.750000000000001e-06,175,2.154132992033308e-03,2.981701624646086e+02,1.000000000000000e+00,8.000000000000000e-01,2.000000000000000e-01,1.262455598293112e-05,-7.512982179781362e-05,1.666666666666667e+00,0.000000000000000e+00,2.981500000000000e+02,3.001858373780900e+02,3.000000000000000e+02,3.595726014776594e+02,3.002135974269963e+02,1,0.000000000000000e+00,0.000000000000000e+00
8.799999999999941e-06,176,2.163292905402914e-03,3.056406887611491e+02,1.000000000000000e+00,8.000000000000000e-01,2.000000000000000e-01,1.270788931626447e-05,-7.512982179781362e-05,1.666666666666667e+00,0.000000000000000e+00,2.981500000000000e+02,3.001852679592469e+02,3.000000000000000e+02,3.596313185839606e+02,3.002168756751901e+02,1,0.000000000000000e+00,0.000000000000000e+00
8.849999999999881e-06,177,2.172587898294923e-03,2.985374843134781e+02,1.000000000000000e+00,8.000000000000000e-01,2.000000000000000e-01,1.279122264959782e-05,-7.512982179781362e-05,1.666666666666667e+00,0.000000000000000e+00,2.981500000000000e+02,3.001847087082399e+02,3.000000000000000e+02,3.596888907681000e+02,3.002201942781600e+02,1,0.000000000000000e+00,0.000000000000000e+00
8.899999999999822e-06,178,2.181958249431570e-03,2.982923907209714e+02,1.000000000000000e+00,8.000000000000000e-01,2.000000000000000e-01,1.287455598293116e-05,-7.512982179781362e-05,1.666666666666667e+00,0.000000000000000e+00,2.981500000000000e+02,3.001841423876449e+02,3.000000000000000e+02,3.597450192196790e+02,3.002235767407885e+02,1,0.000000000000000e+00,0.000000000000000e+00
8.949999999999762e-06,179,2.191380760172486e-03,3.276465634295834e+02,1.000000000000000e+00,8.000000000000000e-01,2.000000000000000e-01,1.295788931626451e-05,-7.512982179781362e-05,1.666666666666667e+00,0.000000000000000e+00,2.981500000000000e+02,3.001836364484030e+02,3.000000000000000e+02,3.598000809828891e+02,3.002270450795378e+02,1,0.000000000000000e+00,0.000000000000000e+00
8.999999999999702e-06,180,2.201160949263953e-03,3.796692828013402e+02,1.000000000000000e+00,8.000000000000000e-01,2.000000000000000e-01,1.304122264959786e-05,-7.512982179781362e-05,1.666666666666667e+00,0.000000000000000e+00,2.981500000000000e+02,3.001833530972092e+02,3.000000000000000e+02,3.598554855001926e+02,3.002306036789395e+02,1,0.000000000000000e+00,0.000000000000000e+00
9.049999999999642e-06,181,2.209185671206615e-03,3.451292786163987e+02,1.000000000000000e+00,8.000000000000000e-01,2.000000000000000e-01,1.312455598293120e-05,-7.512982179781362e-05,1.666666666666667e+00,0.000000000000000e+00,2.981500000000000e+02,3.001831293361562e+02,3.000000000000000e+02,3.599098445687932e+02,3.002341165710395e+02,1,0.000000000000000e+00,0.000000000000000e+00
9.099999999999583e-06,182,2.216014875864744e-03,2.975468620179992e+02,1.000000000000000e+00,8.000000000000000e-01,2.000000000000000e-01,1.320788931626455e-05,-7.512982179781362e-05,1.666666666666667e+00,0.000000000000000e+00,2.981500000000000e+02,3.001826099580225e+02,3.000000000000000e+02,3.599648580849071e+02,3.002375903347051e+02,1,0.000000000000000e+00,0.000000000000000e+00
9.149999999999523e-06,183,2.222167686815767e-03,2.656293156425491e+02,1.000000000000000e+00,8.000000000000000e-01,2.000000000000000e-01,1.329122264959790e-05,-7.512982179781362e-05,1.666666666666667e+00,0.000000000000000e+00,2.981500000000000e+02,3.001818633954256e+02,3.000000000000000e+02,3.600179902382363e+02,3.002410214285795e+02,1,0.000000000000000e+00,0.000000000000000e+00
9.199999999999463e-06,184,2.227881164807361e-03,2.640369402045126e+02,1.000000000000000e+00,8.000000000000000e-01,2.000000000000000e-01,1.337455598293124e-05,-7.512982179781362e-05,1.666666666666667e+00,0.000000000000000e+00,2.981500000000000e+02,3.001810213978627e+02,3.000000000000000e+02,3.600708225460501e+02,3.002444053640629e+02,1,0.000000000000000e+00,0.000000000000000e+00
9.249999999999403e-06,185,2.233224413669716e-03,2.719783636665717e+02,1.000000000000000e+00,8.000000000000000e-01,2.000000000000000e-01,1.345788931626459e-05,-7.512982179781362e-05,1.666666666666667e+00,0.000000000000000e+00,2.981500000000000e+02,3.001801923532419e+02,3.000000000000000e+02,3.601235742009415e+02,3.002477464977012e+02,1,0.000000000000000e+00,0.000000000000000e+00
9.299999999999343e-06,186,2.238332166211162e-03,2.889609647951456e+02,1.000000000000000e+00,8.000000000000000e-01,2.000000000000000e-01,1.354122264959794e-05,-7.512982179781362e-05,1.666666666666667e+00,0.000000000000000e+00,2.981500000000000e+02,3.001794104179911e+02,3.000000000000000e+02,3.601768047819097e+02,3.002510762667152e+02,1,0.000000000000000e+00,0.000000000000000e+00
9.349999999999284e-06,187,2.243315974529819e-03,2.817073490237083e+02,1.000000000000000e+00,8.000000000000000e-01,2.000000000000000e-01,1.362455598293128e-05,-7.512982179781362e-05,1.666666666666667e+00,0.000000000000000e+00,2.981500000000000e+02,3.001786682695619e+02,3.000000000000000e+02,3.602312208733010e+02,3.002544366335856e+02,1,0.000000000000000e+00,0.000000000000000e+00
9.399999999999224e-06,188,2.248391033291010e-03,2.646581725035102e+02,1.000000000000000e+00,8.000000000000000e-01,2.000000000000000e-01,1.370788931626463e-05,-7.512982179781362e-05,1.666666666666667e+00,0.000000000000000e+00,2.981500000000000e+02,3.001779274571730e+02,3.000000000000000e+02,3.602891928614096e+02,3.002578853417311e+02,1,0.000000000000000e+00,0.000000000000000e+00
9.449999999999164e-06,189,2.253622738471331e-03,2.526374749900041e+02,1.000000000000000e+00,8.000000000000000e-01,2.000000000000000e-01,1.379122264959798e-05,-7.512982179781362e-05,1.666666666666667e+00,0.000000000000000e+00,2.981500000000000e+02,3.001771714833126e+02,3.000000000000000e+02,3.603505955017507e+02,3.002614233524553e+02,1,0.000000000000000e+00,0.000000000000000e+00
9.499999999999104e-06,190,2.258978427818665e-03,2.641577809059079e+02,1.000000000000000e+00,8.000000000000000e-01,2.000000000000000e-01,1.387455598293132e-05,-7.512982179781362e-05,1.666666666666667e+00,0.000000000000000e+00,2.981500000000000e+02,3.001764430308228e+02,3.000000000000000e+02,3.604122167287115e+02,3.002650235015408e+02,1,0.000000000000000e+00,0.000000000000000e+00
9.549999999999045e-06,191,2.264664075478948e-03,2.722647486448579e+02,1.000000000000000e+00,8.000000000000000e-01,2.000000000000000e-01,1.395788931626467e-05,-7.512982179781362e-05,1.666666666666667e+00,0.000000000000000e+00,2.981500000000000e+02,3.001758009130721e+02,3.000000000000000e+02,3.604729363954852e+02,3.002686640856190e+02,1,0.000000000000000e+00,0.000000000000000e+00
9.599999999998985e-06,192,2.271113136698469e-03,2.874868753527862e+02,1.000000000000000e+00,8.000000000000000e-01,2.000000000000000e-01,1.404122264959802e-05,-7.512982179781362e-05,1.666666666666667e+00,0.000000000000000e+00,2.981500000000000e+02,3.001752370835420e+02,3.000000000000000e+02,3.605327998485473e+02,3.002723730135830e+02,1,0.000000000000000e+00,0.000000000000000e+00
9.649999999998925e-06,193,2.278157210830804e-03,3.123342464456422e+02,1.000000000000000e+00,8.000000000000000e-01,2.000000000000000e-01,1.412455598293136e-05,-7.512982179781362e-05,1.666666666666667e+00,0.000000000000000e+00,2.981500000000000e+02,3.001747682141282e+02,3.000000000000000e+02,3.605908704031817e+02,3.002761702046619e+02,1,0.000000000000000e+00,0.000000000000000e+00
9.699999999998865e-06,194,2.285414812385162e-03,3.319927250591545e+02,1.000000000000000e+00,8.000000000000000e-01,2.000000000000000e-01,1.420788931626471e-05,-7.512982179781362e-05,1.666666666666667e+00,0.000000000000000e+00,2.981500000000000e+02,3.001744118316674e+02,3.000000000000000e+02,3.606482111719880e+02,3.002800173001298e+02,1,0.000000000000000e+00,0.000000000000000e+00
9.749999999998806e-06,195,2.292822763201599e-03,3.450616153224609e+02,1.000000000000000e+00,8.000000000000000e-01,2.000000000000000e-01,1.429122264959806e-05,-7.512982179781362e-05,1.666666666666667e+00,0.000000000000000e+00,2.981500000000000e+02,3.001741401147469e+02,3.000000000000000e+02,3.607057178313751e+02,3.002839007145199e+02,1,0.000000000000000e+00,0.000000000000000e+00
9.799999999998746e-06,196,2.300447514731575e-03,3.131682691197751e+02,1.000000000000000e+00,8.000000000000000e-01,2.000000000000000e-01,1.437455598293140e-05,-7.512982179781362e-05,1.666666666666667e+00,0.000000000000000e+00,2.981500000000000e+02,3.001738438252385e+02,3.000000000000000e+02,3.607626365378901e+02,3.002878189942777e+02,1,0.000000000000000e+00,0.000000000000000e+00
9.849999999998686e-06,197,2.308170110471462e-03,2.707288987188227e+02,1.000000000000000e+00,8.000000000000000e-01,2.000000000000000e-01,1.445788931626475e-05,-7.512982179781362e-05,1.666666666666667e+00,0.000000000000000e+00,2.981500000000000e+02,3.001733882622864e+02,3.000000000000000e+02,3.608188982514375e+02,3.002917648777869e+02,1,0.000000000000000e+00,0.000000000000000e+00
9.899999999998626e-06,198,2.314395590976468e-03,2.456401191555565e+02,1.000000000000000e+00,8.000000000000000e-01,2.000000000000000e-01,1.454122264959810e-05,-7.512982179781362e-05,1.666666666666667e+00,0.000000000000000e+00,2.981500000000000e+02,3.001727156957555e+02,3.000000000000000e+02,3.608766086583780e+02,3.002956649661339e+02,1,0.000000000000000e+00,0.000000000000000e+00
9.949999999998566e-06,199,2.319973339963103e-03,2.580272543018378e+02,1.000000000000000e+00,8.000000000000000e-01,2.000000000000000e-01,1.462455598293144e-05,-7.512982179781362e-05,1.666666666666667e+00,0.000000000000000e+00,2.981500000000000e+02,3.001719984120527e+02,3.000000000000000e+02,3.609396514590782e+02,3.002995258979121e+02,1,0.000000000000000e+00,0.000000000000000e+00
9.999999999998507e-06,200,2.325396926871766e-03,2.857774180257340e+02,1.000000000000000e+00,8.000000000000000e-01,2.000000000000000e-01,1.470788931626479e-05,-7.512982179781362e-05,1.666666666666667e+00,0.000000000000000e+00,2.981500000000000e+02,3.001713781474234e+02,3.000000000000000e+02,3.610120552371844e+02,3.003033812055682e+02,1,0.000000000000000e+00,0.000000000000000e+00
1.004999999999845e-05,201,2.330841805355570e-03,2.981273464377230e+02,1.000000000000000e+00,8.000000000000000e-01,2.000000000000000e-01,1.479122264959814e-05,-7.512982179781362e-05,1.666666666666667e+00,0.000000000000000e+00,2.981500000000000e+02,3.001708643434358e+02,3.000000000000000e+02,3.610861074649624e+02,3.003072512617742e+02,1,0.000000000000000e+00,0.000000000000000e+00
1.009999999999839e-05,202,2.336666074791681e-03,2.692660059085746e+02,1.000000000000000e+00,8.000000000000000e-01,2.000000000000000e-01,1.487455598293148e-05,-7.512982179781362e-05,1.666666666666667e+00,0.000000000000000e+00,2.981500000000000e+02,3.001703273539674e+02,3.000000000000000e+02,3.611599934033440e+02,3.003111136114099e+02,1,0.000000000000000e+00,0.000000000000000e+00
1.014999999999833e-05,203,2.343101180032820e-03,2.447973637546265e+02,1.000000000000000e+00,8.000000000000000e-01,2.000000000000000e-01,1.495788931626483e-05,-7.512982179781362e-05,1.666666666666667e+00,0.000000000000000e+00,2.981500000000000e+02,3.001697152856258e+02,3.000000000000000e+02,3.612350123131961e+02,3.003149909548001e+02,1,0.000000000000000e+00,0.000000000000000e+00
1.019999999999827e-05,204,2.350142180849828e-03,2.243664383649605e+02,1.000000000000000e+00,8.000000000000000e-01,2.000000000000000e-01,1.504122264959818e-05,-7.512982179781362e-05,1.666666666666667e+00,0.000000000000000e+00,2.981500000000000e+02,3.001690662795957e+02,3.000000000000000e+02,3.613149589606111e+02,3.003189183264633e+02,1,0.000000000000000e+00,0.000000000000000e+00
1.024999999999821e-05,205,2.357693528163563e-03,2.549023383707095e+02,1.000000000000000e+00,8.000000000000000e-01,2.000000000000000e-01,1.512455598293152e-05,-7.512982179781362e-05,1.666666666666667e+00,0.000000000000000e+00,2.981500000000000e+02,3.001684513314311e+02,3.000000000000000e+02,3.613979782309572e+02,3.003229335309796e+02,1,0.000000000000000e+00,0.000000000000000e+00
1.029999999999815e-05,206,2.365505028327487e-03,2.963446943532339e+02,1.000000000000000e+00,8.000000000000000e-01,2.000000000000000e-01,1.520788931626487e-05,-7.512982179781362e-05,1.666666666666667e+00,0.000000000000000e+00,2.981500000000000e+02,3.001680033495938e+02,3.000000000000000e+02,3.614800136726851e+02,3.003270244741556e+02,1,0.000000000000000e+00,0.000000000000000e+00
1.034999999999809e-05,207,2.373620120169561e-03,3.335348119321654e+02,1.000000000000000e+00,8.000000000000000e-01,2.000000000000000e-01,1.529122264959815e-05,-7.512982179781362e-05,1.666666666666667e+00,0.000000000000000e+00,2.981500000000000e+02,3.001682471622483e+02,3.000000000000000e+02,3.615648044855429e+02,3.003311844655687e+02,1,0.000000000000000e+00,0.000000000000000e+00
1.039999999999803e-05,208,2.381944079565123e-03,3.315749771621647e+02,1.000000000000000e+00,8.000000000000000e-01,2.000000000000000e-01,1.537455598293133e-05,-7.512982179781362e-05,1.666666666666667e+00,0.000000000000000e+00,2.981500000000000e+02,3.001688618607052e+02,3.000000000000000e+02,3.616520588242105e+02,3.003354074514852e+02,1,0.000000000000000e+00,0.000000000000000e+00
1.044999999999797e-05,209,2.390453386216199e-03,3.197999680682008e+02,1.000000000000000e+00,8.000000000000000e-01,2.000000000000000e-01,1.545788931626450e-05,-7.512982179781362e-05,1.666666666666667e+00,0.000000000000000e+00,2.981500000000000e+02,3.001693280700787e+02,3.000000000000000e+02,3.617428128786711e+02,3.003396761205493e+02,1,0.000000000000000e+00,0.000000000000000e+00
1.049999999999791e-05,210,2.399260246549381e-03,3.207347937224557e+02,1.000000000000000e+00,8.000000000000000e-01,2.000000000000000e-01,1.554122264959768e-05,-7.512982179781362e-05,1.666666666666667e+00,0.000000000000000e+00,2.981500000000000e+02,3.001697531936587e+02,3.000000000000000e+02,3.618377431056779e+02,3.003440142888326e+02,1,0.000000000000000e+00,0.000000000000000e+00
1.054999999999785e-05,211,2.408123225846678e-03,3.065364620567804e+02,1.000000000000000e+00,8.000000000000000e-01,2.000000000000000e-01,1.562455598293086e-05,-7.512982179781362e-05,1.666666666666667e+00,0.000000000000000e+00,2.981500000000000e+02,3.001700463909422e+02,3.000000000000000e+02,3.619308765878420e+02,3.003483894724833e+02,1,0.000000000000000e+00,0.000000000000000e+00
1.059999999999779e-05,212,2.417303798830100e-03,3.037094370102937e+02,1.000000000000000e+00,8.000000000000000e-01,2.000000000000000e-01,1.570788931626404e-05,-7.512982179781362e-05,1.666666666666667e+00,0.000000000000000e+00,2.981500000000000e+02,3.001702137411968e+02,3.000000000000000e+02,3.620291319781256e+02,3.003527981718501e+02,1,0.000000000000000e+00,0.000000000000000e+00
1.064999999999773e-05,213,2.425499995238863e-03,2.799089314506338e+02,1.000000000000000e+00,8.000000000000000e-01,2.000000000000000e-01,1.579122264959721e-05,-7.512982179781362e-05,1.666666666666667e+00,0.000000000000000e+00,2.981500000000000e+02,3.001703474731700e+02,3.000000000000000e+02,3.621363267666370e+02,3.003572302844314e+02,1,0.000000000000000e+00,0.000000000000000e+00
1.069999999999767e-05,214,2.433256333759480e-03,2.707137706874211e+02,1.000000000000000e+00,8.000000000000000e-01,2.000000000000000e-01,1.587455598293039e-05,-7.512982179781362e-05,1.666666666666667e+00,0.000000000000000e+00,2.981500000000000e+02,3.001703189503859e+02,3.000000000000000e+02,3.622537573322793e+02,3.003616945220849e+02,1,0.000000000000000e+00,0.000000000000000e+00
1.074999999999761e-05,215,2.440784554486119e-03,2.878539428421252e+02,1.000000000000000e+00,8.000000000000000e-01,2.000000000000000e-01,1.595788931626357e-05,-7.512982179781362e-05,1.666666666666667e+00,0.000000000000000e+00,2.981500000000000e+02,3.001703335304186e+02,3.000000000000000e+02,3.623751146128951e+02,3.003661695117162e+02,1,0.000000000000000e+00,0.000000000000000e+00
1.079999999999755e-05,216,2.448064053305516e-03,2.987972718481660e+02,1.000000000000000e+00,8.000000000000000e-01,2.000000000000000e-01,1.604122264959675e-05,-7.512982179781362e-05,1.666666666666667e+00,0.000000000000000e+00,2.981500000000000e+02,3.001705298508892e+02,3.000000000000000e+02,3.624968229511666e+02,3.003706263117029e+02,1,0.000000000000000e+00,0.000000000000000e+00
1.084999999999749e-05,217,2.455310302021097e-03,2.745805559471573e+02,1.000000000000000e+00,8.000000000000000e-01,2.000000000000000e-01,1.612455598292992e-05,-7.512982179781362e-05,1.666666666666667e+00,0.000000000000000e+00,2.981500000000000e+02,3.001708322713589e+02,3.000000000000000e+02,3.626247027723330e+02,3.003751172202552e+02,1,0.000000000000000e+00,0.000000000000000e+00
1.089999999999743e-05,218,2.462710588601696e-03,2.733060970752448e+02,1.000000000000000e+00,8.000000000000000e-01,2.000000000000000e-01,1.620788931626310e-05,-7.512982179781362e-05,1.666666666666667e+00,0.000000000000000e+00,2.981500000000000e+02,3.001711527888260e+02,3.000000000000000e+02,3.627589217568012e+02,3.003797106082117e+02,1,0.000000000000000e+00,0.000000000000000e+00
1.094999999999737e-05,219,2.470173792312951e-03,2.776635048767878e+02,1.000000000000000e+00,8.000000000000000e-01,2.000000000000000e-01,1.629122264959628e-05,-7.512982179781362e-05,1.666666666666667e+00,0.000000000000000e+00,2.981500000000000e+02,3.001715292038035e+02,3.000000000000000e+02,3.628954080590088e+02,3.003843822234463e+02,1,0.000000000000000e+00,0.000000000000000e+00
1.099999999999731e-05,220,2.477744965446179e-03,2.969029367323898e+02,1.000000000000000e+00,8.000000000000000e-01,2.000000000000000e-01,1.637455598292945e-05,-7.512982179781362e-05,1.666666666666667e+00,0.000000000000000e+00,2.981500000000000e+02,3.001720196504665e+02,3.000000000000000e+02,3.630341409266831e+02,3.003891268326091e+02,1,0.000000000000000e+00,0.000000000000000e+00
1.104999999999725e-05,221,2.485366268185038e-03,2.968048520519138e+02,1.000000000000000e+00,8.000000000000000e-01,2.000000000000000e-01,1.645788931626263e-05,-7.512982179781362e-05,1.666666666666667e+00,0.000000000000000e+00,2.981500000000000e+02,3.001726238032338e+02,3.000000000000000e+02,3.631718396100721e+02,3.003939144168592e+02,1,0.000000000000000e+00,0.000000000000000e+00
1.109999999999719e-05,222,2.493043959411573e-03,2.925277574485216e+02,1.000000000000000e+00,8.000000000000000e-01,2.000000000000000e-01,1.654122264959581e-05,-7.512982179781362e-05,1.666666666666667e+00,0.000000000000000e+00,2.981500000000000e+02,3.001731531573782e+02,3.000000000000000e+02,3.633098293622893e+02,3.003987403185165e+02,1,0.000000000000000e+00,0.000000000000000e+00
1.114999999999713e-05,223,2.500687933174587e-03,2.939784461059191e+02,1.000000000000000e+00,8.000000000000000e-01,2.000000000000000e-01,1.662455598292899e-05,-7.512982179781362e-05,1.666666666666667e+00,0.000000000000000e+00,2.981500000000000e+02,3.001735111606911e+02,3.000000000000000e+02,3.634433172286955e+02,3.004035834459383e+02,1,0.000000000000000e+00,0.000000000000000e+00
1.119999999999707e-05,224,2.508246170915966e-03,2.827056264512562e+02,1.000000000000000e+00,8.000000000000000e-01,2.000000000000000e-01,1.670788931626216e-05,-7.512982179781362e-05,1.666666666666667e+00,0.000000000000000e+00,2.981500000000000e+02,3.001736451283694e+02,3.000000000000000e+02,3.635698766461349e+02,3.004083875207255e+02,1,0.000000000000000e+00,0.000000000000000e+00
1.124999999999701e-05,225,2.516015275872287e-03,2.859413879441565e+02,1.000000000000000e+00,8.000000000000000e-01,2.000000000000000e-01,1.679122264959534e-05,-7.512982179781362e-05,1.666666666666667e+00,0.000000000000000e+00,2.981500000000000e+02,3.001736035692202e+02,3.000000000000000e+02,3.636926877251565e+02,3.004131745285894e+02,1,0.000000000000000e+00,0.000000000000000e+00
1.129999999999695e-05,226,2.524112757144735e-03,2.969841638732609e+02,1.000000000000000e+00,8.000000000000000e-01,2.000000000000000e-01,1.687455598292852e-05,-7.512982179781362e-05,1.666666666666667e+00,0.000000000000000e+00,2.981500000000000e+02,3.001735718996727e+02,3.000000000000000e+02,3.638135004458026e+02,3.004179641952559e+02,1,0.000000000000000e+00,0.000000000000000e+00
1.134999999999689e-05,227,2.532777650198464e-03,3.088425020342250e+02,1.000000000000000e+00,8.000000000000000e-01,2.000000000000000e-01,1.695788931626169e-05,-7.512982179781362e-05,1.666666666666667e+00,0.000000000000000e+00,2.981500000000000e+02,3.001735789829569e+02,3.000000000000000e+02,3.639312972420363e+02,3.004227879278662e+02,1,0.000000000000000e+00,0.000000000000000e+00
1.139999999999683e-05,228,2.540888529718767e-03,3.000073566570469e+02,1.000000000000000e+00,8.000000000000000e-01,2.000000000000000e-01,1.704122264959487e-05,-7.512982179781362e-05,1.666666666666667e+00,0.000000000000000e+00,2.981500000000000e+02,3.001735233946716e+02,3.000000000000000e+02,3.640427052649676e+02,3.004276344863138e+02,1,0.000000000000000e+00,0.000000000000000e+00
1.144999999999677e-05,229,2.548338969010125e-03,2.712742709823228e+02,1.000000000000000e+00,8.000000000000000e-01,2.000000000000000e-01,1.712455598292805e-05,-7.512982179781362e-05,1.666666666666667e+00,0.000000000000000e+00,2.981500000000000e+02,3.001731140549855e+02,3.000000000000000e+02,3.641483027379573e+02,3.004325025780853e+02,1,0.000000000000000e+00,0.000000000000000e+00
1.149999999999671e-05,230,2.555383821697058e-03,2.454527212012613e+02,1.000000000000000e+00,8.000000000000000e-01,2.000000000000000e-01,1.720788931626123e-05,-7.512982179781362e-05,1.666666666666667e+00,0.000000000000000e+00,2.981500000000000e+02,3.001724712542804e+02,3.000000000000000e+02,3.642471381452150e+02,3.004373572560524e+02,1,0.000000000000000e+00,0.000000000000000e+00
1.154999999999665e-05,231,2.562126559402642e-03,2.451714554045523e+02,1.000000000000000e+00,8.000000000000000e-01,2.000000000000000e-01,1.729122264959440e-05,-7.512982179781362e-05,1.666666666666667e+00,0.000000000000000e+00,2.981500000000000e+02,3.001718211703874e+02,3.000000000000000e+02,3.643383193669767e+02,3.004422344224007e+02,1,0.000000000000000e+00,0.000000000000000e+00
1.159999999999659e-05,232,2.568742038744790e-03,2.527819802023838e+02,1.000000000000000e+00,8.000000000000000e-01,2.000000000000000e-01,1.737455598292758e-05,-7.512982179781362e-05,1.666666666666667e+00,0.000000000000000e+00,2.981500000000000e+02,3.001712970590464e+02,3.000000000000000e+02,3.644240145728101e+02,3.004471871729731e+02,1,0.000000000000000e+00,0.000000000000000e+00
1.164999999999653e-05,233,2.575254354827916e-03,2.760132553253543e+02,1.000000000000000e+00,8.000000000000000e-01,2.000000000000000e-01,1.745788931626076e-05,-7.512982179781362e-05,1.666666666666667e+00,0.000000000000000e+00,2.981500000000000e+02,3.001708854454198e+02,3.000000000000000e+02,3.645059633279913e+02,3.004522391270633e+02,1,0.000000000000000e+00,0.000000000000000e+00
1.169999999999647e-05,234,2.581628326685798e-03,2.782365541771484e+02,1.000000000000000e+00,8.000000000000000e-01,2.000000000000000e-01,1.754122264959394e-05,-7.512982179781362e-05,1.666666666666667e+00,0.000000000000000e+00,2.981500000000000e+02,3.001706306957870e+02,3.000000000000000e+02,3.645847369116702e+02,3.004573288477027e+02,1,0.000000000000000e+00,0.000000000000000e+00
1.174999999999641e-05,235,2.588045937246648e-03,2.812363326030321e+02,1.000000000000000e+00,8.000000000000000e-01,2.000000000000000e-01,1.762455598292711e-05,-7.512982179781362e-05,1.666666666666667e+00,0.000000000000000e+00,2.981500000000000e+02,3.001704512465324e+02,3.000000000000000e+02,3.646636750706232e+02,3.004624694442199e+02,1,0.000000000000000e+00,0.000000000000000e+00
1.179999999999635e-05,236,2.594472299625722e-03,2.745730139595601e+02,1.000000000000000e+00,8.000000000000000e-01,2.000000000000000e-01,1.770788931626029e-05,-7.512982179781362e-05,1.666666666666667e+00,0.000000000000000e+00,2.981500000000000e+02,3.001702098576870e+02,3.000000000000000e+02,3.647369817744877e+02,3.004676847073825e+02,1,0.000000000000000e+00,0.000000000000000e+00
1.184999999999630e-05,237,2.600864011479703e-03,2.799738934612428e+02,1.000000000000000e+00,8.000000000000000e-01,2.000000000000000e-01,1.779122264959347e-05,-7.512982179781362e-05,1.666666666666667e+00,0.000000000000000e+00,2.981500000000000e+02,3.001698896573851e+02,3.000000000000000e+02,3.648049823504892e+02,3.004729524014614e+02,1,0.000000000000000e+00,0.000000000000000e+00
1.189999999999624e-05,238,2.607186755494332e-03,2.871213153029070e+02,1.000000000000000e+00,8.000000000000000e-01,2.000000000000000e-01,1.787455598292664e-05,-7.512982179781362e-05,1.666666666666667e+00,0.000000000000000e+00,2.981500000000000e+02,3.001695777811346e+02,3.000000000000000e+02,3.648709643789603e+02,3.004782703587271e+02,1,0.000000000000000e+00,0.000000000000000e+00
1.194999999999618e-05,239,2.613545893872355e-03,2.841939511557112e+02,1.000000000000000e+00,8.000000000000000e-01,2.000000000000000e-01,1.795788931625982e-05,-7.512982179781362e-05,1.666666666666667e+00,0.000000000000000e+00,2.981500000000000e+02,3.001693040410881e+02,3.000000000000000e+02,3.649402415888849e+02,3.004836480870675e+02,1,0.000000000000000e+00,0.000000000000000e+00
1.199999999999612e-05,240,2.620475810920423e-03,3.042364344609941e+02,1.000000000000000e+00,8.000000000000000e-01,2.000000000000000e-01,1.804122264959300e-05,-7.512982179781362e-05,1.666666666666667e+00,0.000000000000000e+00,2.981500000000000e+02,3.001690339707285e+02,3.000000000000000e+02,3.650135862310990e+02,3.004890936341899e+02,1,0.000000000000000e+00,0.000000000000000e+00
1.204999999999606e-05,241,2.626766051387947e-03,3.229601819869126e+02,1.000000000000000e+00,8.000000000000000e-01,2.000000000000000e-01,1.812455598292618e-05,-7.512982179781362e-05,1.666666666666667e+00,0.000000000000000e+00,2.981500000000000e+02,3.001687997745019e+02,3.000000000000000e+02,3.650864542986808e+02,3.004945494105022e+02,1,0.000000000000000e+00,0.000000000000000e+00
1.209999999999600e-05,242,2.632851259340988e-03,3.269375396366707e+02,1.000000000000000e+00,8.000000000000000e-01,2.000000000000000e-01,1.820788931625935e-05,-7.512982179781362e-05,1.666666666666667e+00,0.000000000000000e+00,2.981500000000000e+02,3.001685857965170e+02,3.000000000000000e+02,3.651582063094538e+02,3.004999733143879e+02,1,0.000000000000000e+00,0.000000000000000e+00
1.214999999999594e-05,243,2.639103696317334e-03,3.195165620938367e+02,1.000000000000000e+00,8.000000000000000e-01,2.000000000000000e-01,1.829122264959253e-05,-7.512982179781362e-05,1.666666666666667e+00,0.000000000000000e+00,2.981500000000000e+02,3.001684993058435e+02,3.000000000000000e+02,3.652285143199895e+02,3.005053846553114e+02,1,0.000000000000000e+00,0.000000000000000e+00
1.219999999999588e-05,244,2.645824205680893e-03,2.904598952090799e+02,1.000000000000000e+00,8.000000000000000e-01,2.000000000000000e-01,1.837455598292571e-05,-7.512982179781362e-05,1.666666666666667e+00,0.000000000000000e+00,2.981500000000000e+02,3.001683852597359e+02,3.000000000000000e+02,3.652941373636381e+02,3.005108385297613e+02,1,0.000000000000000e+00,0.000000000000000e+00
1.224999999999582e-05,245,2.652975128545579e-03,3.098376681134765e+02,1.000000000000000e+00,8.000000000000000e-01,2.000000000000000e-01,1.845788931625889e-05,-7.512982179781362e-05,1.666666666666667e+00,0.000000000000000e+00,2.981500000000000e+02,3.001682383994533e+02,3.000000000000000e+02,3.653556726189994e+02,3.005163393053872e+02,1,0.000000000000000e+00,0.000000000000000e+00
1.229999999999576e-05,246,2.660285204223199e-03,3.519576169889659e+02,1.000000000000000e+00,8.000000000000000e-01,2.000000000000000e-01,1.854122264959206e-05,-7.512982179781362e-05,1.666666666666667e+00,0.000000000000000e+00,2.981500000000000e+02,3.001683277072402e+02,3.000000000000000e+02,3.654096541970823e+02,3.005218702377353e+02,1,0.000000000000000e+00,0.000000000000000e+00
1.234999999999570e-05,247,2.667756152260935e-03,3.722264286131581e+02,1.000000000000000e+00,8.000000000000000e-01,2.000000000000000e-01,1.862455598292524e-05,-7.512982179781362e-05,1.666666666666667e+00,0.000000000000000e+00,2.981500000000000e+02,3.001687128802141e+02,3.000000000000000e+02,3.654579788422552e+02,3.005274385654244e+02,1,0.000000000000000e+00,0.000000000000000e+00
1.239999999999564e-05,248,2.675251779795438e-03,3.904052071340980e+02,1.000000000000000e+00,8.000000000000000e-01,2.000000000000000e-01,1.870788931625842e-05,-7.512982179781362e-05,1.666666666666667e+00,0.000000000000000e+00,2.981500000000000e+02,3.001691284683033e+02,3.000000000000000e+02,3.655011410414563e+02,3.005330525773396e+02,1,0.000000000000000e+00,0.000000000000000e+00
1.244999999999558e-05,249,2.682640460326297e-03,3.843842158205489e+02,1.000000000000000e+00,8.000000000000000e-01,2.000000000000000e-01,1.879122264959159e-05,-7.512982179781362e-05,1.666666666666667e+00,0.000000000000000e+00,2.981500000000000e+02,3.001695044423049e+02,3.000000000000000e+02,3.655372991994636e+02,3.005386949869730e+02,1,0.000000000000000e+00,0.000000000000000e+00
1.249999999999552e-05,250,2.690035073708273e-03,3.662098554211850e+02,1.000000000000000e+00,8.000000000000000e-01,2.000000000000000e-01,1.887455598292477e-05,-7.512982179781362e-05,1.666666666666667e+00,0.000000000000000e+00,2.981500000000000e+02,3.001697480160759e+02,3.000000000000000e+02,3.655685843624852e+02,3.005443777034623e+02,1,0.000000000000000e+00,0.000000000000000e+00
1.254999999999546e-05,251,2.697469089993290e-03,3.538125561056333e+02,1.000000000000000e+00,8.000000000000000e-01,2.000000000000000e-01,1.895788931625795e-05,-7.512982179781362e-05,1.666666666666667e+00,0.000000000000000e+00,2.981500000000000e+02,3.001698370142450e+02,3.000000000000000e+02,3.655962437059765e+02,3.005500917662175e+02,1,0.000000000000000e+00,0.000000000000000e+00
1.259999999999540e-05,252,2.706967864759450e-03,3.426727866045097e+02,1.000000000000000e+00,8.000000000000000e-01,2.000000000000000e-01,1.904122264959113e-05,-7.512982179781362e-05,1.666666666666667e+00,0.000000000000000e+00,2.981500000000000e+02,3.001697568954585e+02,3.000000000000000e+02,3.656217846357258e+02,3.005558696040458e+02,1,0.000000000000000e+00,0.000000000000000e+00
1.264999999999534e-05,253,2.714513922550875e-03,3.214531887590672e+02,1.000000000000000e+00,8.000000000000000e-01,2.000000000000000e-01,1.912455598292430e-05,-7.512982179781362e-05,1.666666666666667e+00,0.000000000000000e+00,2.981500000000000e+02,3.001691975339185e+02,3.000000000000000e+02,3.656424220025683e+02,3.005617318024313e+02,1,0.000000000000000e+00,0.000000000000000e+00
1.269999999999528e-05,254,2.721970760376000e-03,3.204268446350856e+02,1.000000000000000e+00,8.000000000000000e-01,2.000000000000000e-01,1.920788931625748e-05,-7.512982179781362e-05,1.666666666666667e+00,0.000000000000000e+00,2.981500000000000e+02,3.001686083893594e+02,3.000000000000000e+02,3.656585066649459e+02,3.005676234459142e+02,1,0.000000000000000e+00,0.000000000000000e+00
1.274999999999522e-05,255,2.729223000306061e-03,3.315119757396203e+02,1.000000000000000e+00,8.000000000000000e-01,2.000000000000000e-01,1.929122264959066e-05,-7.512982179781362e-05,1.666666666666667e+00,0.000000000000000e+00,2.981500000000000e+02,3.001679667859303e+02,3.000000000000000e+02,3.656749381710022e+02,3.005735047187127e+02,1,0.000000000000000e+00,0.000000000000000e+00
1.279999999999516e-05,256,2.736323956240751e-03,3.077762232394259e+02,1.000000000000000e+00,8.000000000000000e-01,2.000000000000000e-01,1.937455598292383e-05,-7.512982179781362e-05,1.666666666666667e+00,0.000000000000000e+00,2.981500000000000e+02,3.001673432365089e+02,3.000000000000000e+02,3.656927943995021e+02,3.005793787356034e+02,1,0.000000000000000e+00,0.000000000000000e+00
1.284999999999510e-05,257,2.743419943923305e-03,2.877974048611384e+02,1.000000000000000e+00,8.000000000000000e-01,2.000000000000000e-01,1.945788931625701e-05,-7.512982179781362e-05,1.666666666666667e+00,0.000000000000000e+00,2.981500000000000e+02,3.001666540047469e+02,3.000000000000000e+02,3.657124975221188e+02,3.005852862210614e+02,1,0.000000000000000e+00,0.000000000000000e+00
1.289999999999504e-05,258,2.750586470431955e-03,2.943180011389624e+02,1.000000000000000e+00,8.000000000000000e-01,2.000000000000000e-01,1.954122264959019e-05,-7.512982179781362e-05,1.666666666666667e+00,0.000000000000000e+00,2.981500000000000e+02,3.001659358136780e+02,3.000000000000000e+02,3.657329463959924e+02,3.005912618270499e+02,1,0.000000000000000e+00,0.000000000000000e+00
1.294999999999498e-05,259,2.757804115780686e-03,2.832681471681369e+02,1.000000000000000e+00,8.000000000000000e-01,2.000000000000000e-01,1.962455598292337e-05,-7.512982179781362e-05,1.666666666666667e+00,0.000000000000000e+00,2.981500000000000e+02,3.001652656436144e+02,3.000000000000000e+02,3.657522365057640e+02,3.005973360830689e+02,1,0.000000000000000e+00,0.000000000000000e+00
1.299999999999492e-05,260,2.765105324528716e-03,2.805464769868073e+02,1.000000000000000e+00,8.000000000000000e-01,2.000000000000000e-01,1.970788931625654e-05,-7.512982179781362e-05,1.666666666666667e+00,0.000000000000000e+00,2.981500000000000e+02,3.001645664838954e+02,3.000000000000000e+02,3.657719922529791e+02,3.006034570995287e+02,1,0.000000000000000e+00,0.000000000000000e+00
1.304999999999486e-05,261,2.772623602925847e-03,3.127605988827796e+02,1.000000000000000e+00,8.000000000000000e-01,2.000000000000000e-01,1.979122264958972e-05,-7.512982179781362e-05,1.666666666666667e+00,0.000000000000000e+00,2.981500000000000e+02,3.001640759889681e+02,3.000000000000000e+02,3.657930110013459e+02,3.006096232548079e+02,1,0.000000000000000e+00,0.000000000000000e+00
1.309999999999480e-05,262,2.780202695901597e-03,3.393788439112573e+02,1.000000000000000e+00,8.000000000000000e-01,2.000000000000000e-01,1.987455598292290e-05,-7.512982179781362e-05,1.666666666666667e+00,0.000000000000000e+00,2.981500000000000e+02,3.001637642156620e+02,3.000000000000000e+02,3.658128646369720e+02,3.006158344423638e+02,1,0.000000000000000e+00,0.000000000000000e+00
1.314999999999474e-05,263,2.787723704101556e-03,3.559496410334451e+02,1.000000000000000e+00,8.000000000000000e-01,2.000000000000000e-01,1.995788931625608e-05,-7.512982179781362e-05,1.666666666666667e+00,0.000000000000000e+00,2.981500000000000e+02,3.001635421002156e+02,3.000000000000000e+02,3.658303275973288e+02,3.006220606116420e+02,1,0.000000000000000e+00,0.000000000000000e+00
1.319999999999468e-05,264,2.795365997540930e-03,3.477364461828219e+02,1.000000000000000e+00,8.000000000000000e-01,2.000000000000000e-01,2.004122264958925e-05,-7.512982179781362e-05,1.666666666666667e+00,0.000000000000000e+00,2.981500000000000e+02,3.001633739504143e+02,3.000000000000000e+02,3.658464653595708e+02,3.006282862565822e+02,1,0.000000000000000e+00,0.000000000000000e+00
1.324999999999462e-05,265,2.802112119407465e-03,3.202081452769717e+02,1.000000000000000e+00,8.000000000000000e-01,2.000000000000000e-01,2.012455598292243e-05,-7.512982179781362e-05,1.666666666666667e+00,0.000000000000000e+00,2.981500000000000e+02,3.001631173310308e+02,3.000000000000000e+02,3.658627745865060e+02,3.006345195196184e+02,1,0.000000000000000e+00,0.000000000000000e+00
1.329999999999456e-05,266,2.808894046058661e-03,3.163227621337926e+02,1.000000000000000e+00,8.000000000000000e-01,2.000000000000000e-01,2.020788931625561e-05,-7.512982179781362e-05,1.666666666666667e+00,0.000000000000000e+00,2.981500000000000e+02,3.001626218023522e+02,3.000000000000000e+02,3.658801529799724e+02,3.006407727157133e+02,1,0.000000000000000e+00,0.000000000000000e+00
1.334999999999450e-05,267,2.816331724290566e-03,3.436913052087336e+02,1.000000000000000e+00,8.000000000000000e-01,2.000000000000000e-01,2.029122264958878e-05,-7.512982179781362e-05,1.666666666666667e+00,0.000000000000000e+00,2.981500000000000e+02,3.001621021487009e+02,3.000000000000000e+02,3.658966213717579e+02,3.006470277516083e+02,1,0.000000000000000e+00,0.000000000000000e+00
1.339999999999444e-05,268,2.824069771279068e-03,3.440803204004184e+02,1.000000000000000e+00,8.000000000000000e-01,2.000000000000000e-01,2.037455598292196e-05,-7.512982179781362e-05,1.666666666666667e+00,0.000000000000000e+00,2.981500000000000e+02,3.001616379689787e+02,3.000000000000000e+02,3.659112120802377e+02,3.006532920481109e+02,1,0.000000000000000e+00,0.000000000000000e+00
1.344999999999438e-05,269,2.831900016174294e-03,3.425751492138326e+02,1.000000000000000e+00,8.000000000000000e-01,2.000000000000000e-01,2.045788931625514e-05,-7.512982179781362e-05,1.666666666666667e+00,0.000000000000000e+00,2.981500000000000e+02,3.001611385142988e+02,3.000000000000000e+02,3.659253314695382e+02,3.006595674280938e+02,1,0.000000000000000e+00,0.000000000000000e+00
1.349999999999432e-05,270,2.839857035341541e-03,3.422806142833600e+02,1.000000000000000e+00,8.000000000000000e-01,2.000000000000000e-01,2.054122264958832e-05,-7.512982179781362e-05,1.666666666666667e+00,0.000000000000000e+00,2.981500000000000e+02,3.001607006787265e+02,3.000000000000000e+02,3.659385635764275e+02,3.006658993105042e+02,1,0.000000000000000e+00,0.000000000000000e+00
1.354999999999426e-05,271,2.848011849454405e-03,3.370325787763170e+02,1.000000000000000e+00,8.000000000000000e-01,2.000000000000000e-01,2.062455598292149e-05,-7.512982179781362e-05,1.666666666666667e+00,0.000000000000000e+00,2.981500000000000e+02,3.001602987971817e+02,3.000000000000000e+02,3.659506743077073e+02,3.006722976731084e+02,1,0.000000000000000e+00,0.000000000000000e+00
1.359999999999420e-05,272,2.856376733253784e-03,3.442770803687005e+02,1.000000000000000e+00,8.000000000000000e-01,2.000000000000000e-01,2.070788931625467e-05,-7.512982179781362e-05,1.666666666666667e+00,0.000000000000000e+00,2.981500000000000e+02,3.001599252218319e+02,3.000000000000000e+02,3.659618288162986e+02,3.006787600826763e+02,1,0.000000000000000e+00,0.000000000000000e+00
1.364999999999414e-05,273,2.865041107186756e-03,3.596792578170571e+02,1.000000000000000e+00,8.000000000000000e-01,2.000000000000000e-01,2.079122264958785e-05,-7.512982179781362e-05,1.666666666666667e+00,0.000000000000000e+00,2.981500000000000e+02,3.001597157451375e+02,3.000000000000000e+02,3.659717879374345e+02,3.006853110529947e+02,1,0.000000000000000e+00,0.000000000000000e+00
1.369999999999408e-05,274,2.873960676394993e-03,3.834206029779302e+02,1.000000000000000e+00,8.000000000000000e-01,2.000000000000000e-01,2.087455598292103e-05,-7.512982179781362e-05,1.666666666666667e+00,0.000000000000000e+00,2.981500000000000e+02,3.001596663737442e+02,3.000000000000000e+02,3.659806444561420e+02,3.006919699235001e+02,1,0.000000000000000e+00,0.000000000000000e+00
1.374999999999402e-05,275,2.883240454801617e-03,4.202435608075855e+02,1.000000000000000e+00,8.000000000000000e-01,2.000000000000000e-01,2.095788931625420e-05,-7.512982179781362e-05,1.666666666666667e+00,0.000000000000000e+00,2.981500000000000e+02,3.001597888546449e+02,3.000000000000000e+02,3.659876965878397e+02,3.006987687947579e+02,1,0.000000000000000e+00,0.000000000000000e+00
1.379999999999396e-05,276,2.892670618421796e-03,4.387645467445293e+02,1.000000000000000e+00,8.000000000000000e-01,2.000000000000000e-01,2.104122264958738e-05,-7.512982179781362e-05,1.666666666666667e+00,0.000000000000000e+00,2.981500000000000e+02,3.001600352714024e+02,3.000000000000000e+02,3.659918816048659e+02,3.007056835643323e+02,1,0.000000000000000e+00,0.000000000000000e+00
1.384999999999390e-05,277,2.902071500485651e-03,4.370496876511501e+02,1.000000000000000e+00,8.000000000000000e-01,2.000000000000000e-01,2.112455598292056e-05,-7.512982179781362e-05,1.666666666666667e+00,0.000000000000000e+00,2.981500000000000e+02,3.001602930484693e+02,3.000000000000000e+02,3.659926444307565e+02,3.007126311706962e+02,1,0.000000000000000e+00,0.000000000000000e+00
1.389999999999384e-05,278,2.911536391556583e-03,4.324196609150396e+02,1.000000000000000e+00,8.000000000000000e-01,2.000000000000000e-01,2.120788931625373e-05,-7.512982179781362e-05,1.666666666666667e+00,0.000000000000000e+00,2.981500000000000e+02,3.001605798659569e+02,3.000000000000000e+02,3.659917387005822e+02,3.007195847896223e+02,1,0.000000000000000e+00,0.000000000000000e+00
1.394999999999378e-05,279,2.921376090447339e-03,4.159626030538040e+02,1.000000000000000e+00,8.000000000000000e-01,2.000000000000000e-01,2.129122264958691e-05,-7.512982179781362e-05,1.666666666666667e+00,0.000000000000000e+00,2.981500000000000e+02,3.001608289732954e+02,3.000000000000000e+02,3.659896693057532e+02,3.007265467495675e+02,1,0.000000000000000e+00,0.000000000000000e+00
1.399999999999372e-05,280,2.931470275386157e-03,4.160835386634590e+02,1.000000000000000e+00,8.000000000000000e-01,2.000000000000000e-01,2.137455598292009e-05,-7.512982179781362e-05,1.666666666666667e+00,0.000000000000000e+00,2.981500000000000e+02,3.001609825177238e+02,3.000000000000000e+02,3.659862737520152e+02,3.007335014236980e+02,1,0.000000000000000e+00,0.000000000000000e+00
1.404999999999367e-05,281,2.941595694195226e-03,4.236225637871511e+02,1.000000000000000e+00,8.000000000000000e-01,2.000000000000000e-01,2.145788931625327e-05,-7.512982179781362e-05,1.666666666666667e+00,0.000000000000000e+00,2.981500000000000e+02,3.001611881150511e+02,3.000000000000000e+02,3.659820318934554e+02,3.007404236683113e+02,1,0.000000000000000e+00,0.000000000000000e+00
1.409999999999361e-05,282,2.952018570386965e-03,4.368837361626227e+02,1.000000000000000e+00,8.000000000000000e-01,2.000000000000000e-01,2.154122264958644e-05,-7.512982179781362e-05,1.666666666666667e+00,0.000000000000000e+00,2.981500000000000e+02,3.001615387288924e+02,3.000000000000000e+02,3.659783603079041e+02,3.007473593261241e+02,1,0.000000000000000e+00,0.000000000000000e+00
1.414999999999355e-05,283,2.962832135917260e-03,4.378650341381788e+02,1.000000000000000e+00,8.000000000000000e-01,2.000000000000000e-01,2.162455598291962e-05,-7.512982179781362e-05,1.666666666666667e+00,0.000000000000000e+00,2.981500000000000e+02,3.001620242569294e+02,3.000000000000000e+02,3.659758938922710e+02,3.007543481387551e+02,1,0.000000000000000e+00,0.000000000000000e+00
1.419999999999349e-05,284,2.974194429092618e-03,4.608388683321426e+02,1.000000000000000e+00,8.000000000000000e-01,2.000000000000000e-01,2.170788931625280e-05,-7.512982179781362e-05,1.666666666666667e+00,0.000000000000000e+00,2.981500000000000e+02,3.001626430244293e+02,3.000000000000000e+02,3.659753082872282e+02,3.007614464905400e+02,1,0.000000000000000e+00,0.000000000000000e+00
1.424999999999343e-05,285,2.985986857379443e-03,4.894072281887234e+02,1.000000000000000e+00,8.000000000000000e-01,2.000000000000000e-01,2.179122264958598e-05,-7.512982179781362e-05,1.666666666666667e+00,0.000000000000000e+00,2.981500000000000e+02,3.001634868013055e+02,3.000000000000000e+02,3.659761323163585e+02,3.007686498263286e+02,1,0.000000000000000e+00,0.000000000000000e+00
1.429999999999337e-05,286,2.998035073362071e-03,5.149302442029411e+02,1.000000000000000e+00,8.000000000000000e-01,2.000000000000000e-01,2.187455598291915e-05,-7.512982179781362e-05,1.666666666666667e+00,0.000000000000000e+00,2.981500000000000e+02,3.001644808633757e+02,3.000000000000000e+02,3.659777012159757e+02,3.007759583983564e+02,1,0.000000000000000e+00,0.000000000000000e+00
1.434999999999331e-05,287,3.010412588488660e-03,5.585641018404124e+02,1.000000000000000e+00,8.000000000000000e-01,2.000000000000000e-01,2.195788931625233e-05,-7.512982179781362e-05,1.666666666666667e+00,0.000000000000000e+00,2.981500000000000e+02,3.001656755007127e+02,3.000000000000000e+02,3.659799991687800e+02,3.007833659374603e+02,1,0.000000000000000e+00,0.000000000000000e+00
1.439999999999325e-05,288,3.023007996718593e-03,6.074373846172781e+02,1.000000000000000e+00,8.000000000000000e-01,2.000000000000000e-01,2.204122264958551e-05,-7.512982179781362e-05,1.666666666666667e+00,0.000000000000000e+00,2.981500000000000e+02,3.001669968299663e+02,3.000000000000000e+02,3.659818944772067e+02,3.007908669083300e+02,1,0.000000000000000e+00,0.000000000000000e+00
1.444999999999319e-05,289,3.035773783074658e-03,6.478154425063790e+02,1.000000000000000e+00,8.000000000000000e-01,2.000000000000000e-01,2.212455598291868e-05,-7.512982179781362e-05,1.666666666666667e+00,0.000000000000000e+00,2.981500000000000e+02,3.001684643284042e+02,3.000000000000000e+02,3.659832662420077e+02,3.007984462398304e+02,1,0.000000000000000e+00,0.000000000000000e+00
1.449999999999313e-05,290,3.048522692485256e-03,6.525425007437278e+02,1.000000000000000e+00,8.000000000000000e-01,2.000000000000000e-01,2.220788931625186e-05,-7.512982179781362e-05,1.666666666666667e+00,0.000000000000000e+00,2.981500000000000e+02,3.001699188761638e+02,3.000000000000000e+02,3.659834344957429e+02,3.008061041860717e+02,1,0.000000000000000e+00,0.000000000000000e+00
1.454999999999307e-05,291,3.061180799789943e-03,6.248530922248874e+02,1.000000000000000e+00,8.000000000000000e-01,2.000000000000000e-01,2.229122264958504e-05,-7.512982179781362e-05,1.666666666666667e+00,0.000000000000000e+00,2.981500000000000e+02,3.001712533305066e+02,3.000000000000000e+02,3.659819889335400e+02,3.008138315472458e+02,1,0.000000000000000e+00,0.000000000000000e+00
1.459999999999301e-05,292,3.071139884936618e-03,8.254260510001662e+02,1.000000000000000e+00,8.000000000000000e-01,2.000000000000000e-01,2.237455598291822e-05,-7.512982179781362e-05,1.666666666666667e+00,0.000000000000000e+00,2.981500000000000e+02,3.001726791009000e+02,3.000000000000000e+02,3.659792111105075e+02,3.008215545566927e+02,1,0.000000000000000e+00,0.000000000000000e+00
1.464999999999295e-05,293,3.080153297222318e-03,7.871180526607402e+02,1.000000000000000e+00,8.000000000000000e-01,2.000000000000000e-01,2.245788931625139e-05,-7.512982179781362e-05,1.666666666666667e+00,0.000000000000000e+00,2.981500000000000e+02,3.001742986977578e+02,3.000000000000000e+02,3.659749440533776e+02,3.008292603200448e+02,1,0.000000000000000e+00,0.000000000000000e+00
1.469999999999289e-05,294,3.090184526731210e-03,6.711287570367969e+02,1.000000000000000e+00,8.000000000000000e-01,2.000000000000000e-01,2.254122264958457e-05,-7.512982179781362e-05,1.666666666666667e+00,0.000000000000000e+00,2.981500000000000e+02,3.001758379679712e+02,3.000000000000000e+02,3.659696555875819e+02,3.008369598368568e+02,1,0.000000000000000e+00,0.000000000000000e+00
1.474999999999283e-05,295,3.100634559429170e-03,5.285672542809876e+02,1.000000000000000e+00,8.000000000000000e-01,2.000000000000000e-01,2.262455598291775e-05,-7.512982179781362e-05,1.666666666666667e+00,0.000000000000000e+00,2.981500000000000e+02,3.001768644671392e+02,3.000000000000000e+02,3.659633910637529e+02,3.008446991239014e+02,1,0.000000000000000e+00,0.000000000000000e+00
1.479999999999277e-05,296,3.111273857681792e-03,4.480844324068386e+02,1.000000000000000e+00,8.000000000000000e-01,2.000000000000000e-01,2.270788931625092e-05,-7.512982179781362e-05,1.666666666666667e+00,0.000000000000000e+00,2.981500000000000e+02,3.001774299953318e+02,3.000000000000000e+02,3.659575287390310e+02,3.008524876546167e+02,1,0.000000000000000e+00,0.000000000000000e+00
1.484999999999271e-05,297,3.121876936856942e-03,4.157926768377827e+02,1.000000000000000e+00,8.000000000000000e-01,2.000000000000000e-01,2.279122264958410e-05,-7.512982179781362e-05,1.666666666666667e+00,0.000000000000000e+00,2.981500000000000e+02,3.001776979330525e+02,3.000000000000000e+02,3.659528969957821e+02,3.008604122090965e+02,1,0.000000000000000e+00,0.000000000000000e+00
