$MeshFormat
2.2 0 8
$EndMeshFormat
$PhysicalNames
9
0 200 "TOOL_VERTICES"
0 201 "REFINE_CENTER"
1 100 "TOOL_BOUNDARY"
1 101 "CUTTING_EDGE"
1 110 "TOP_FACE"
1 111 "RAKE_FACE"
1 113 "CLEARANCE_FACE"
1 114 "BACK_FACE"
2 1 "TOOL_DOMAIN"
$EndPhysicalNames
$Nodes
2262
1 7.2473e-05 0.000986074 0
2 0.000485649 0.000986074 0
3 0.0005682695807888962 0.000561027959300685 0
4 0.0005633614439989946 0.0005550739143238042 0
5 7.2473e-05 0.000555074 0
6 0.0005633614448716593 0.0005600739143238026 0
7 0.0001160922104831668 0.000986074 0
8 0.0001573678473294438 0.000986074 0
9 0.0001965278840811938 0.000986074 0
10 0.0002337868254062116 0.000986074 0
11 0.0002693470086906377 0.000986074 0
12 0.0003033996218842699 0.000986074 0
13 0.0003361260229646898 0.000986074 0
14 0.0003676986118451643 0.000986074 0
15 0.0003982820754348308 0.000986074 0
16 0.0004280343040251616 0.000986074 0
17 0.0004571074701852817 0.000986074 0
18 0.0004909307658935368 0.0009589016700609898 0
19 0.0004958188291987007 0.0009337547643540922 0
20 0.0005003425396434455 0.0009104822916184935 0
21 0.0005045290612560334 0.0008889445050435078 0
22 0.0005084035291785719 0.0008690120955328648 0
23 0.0005119892087748473 0.0008505653731658633 0
24 0.0005153076291248073 0.0008334935804277987 0
25 0.0005183787149275989 0.0008176942136276576 0
26 0.0005212209056414588 0.0008030724099765164 0
27 0.0005238512654700845 0.0007895403817567129 0
28 0.0005262855875113029 0.0007770168805233978 0
29 0.0005285384868161069 0.0007654267183572917 0
30 0.0005306234894297924 0.0007547003097877475 0
31 0.0005325531124534049 0.0007447732599123127 0
32 0.0005343389406092554 0.0007355859705012993 0
33 0.0005359916937000665 0.00072708329295056 0
34 0.0005375212931380746 0.0007192141860189291 0
35 0.0005389369207471017 0.0007119314133177904 0
36 0.0005402470734391696 0.0007051912620242786 0
37 0.0005414596142862026 0.0006989532801401467 0
38 0.0005425818210757719 0.0006931800266941185 0
39 0.0005436204276627479 0.0006878368590060786 0
40 0.0005445816663268719 0.0006828917147762533 0
41 0.0005454713053080231 0.0006783149189830079 0
42 0.0005462946812001788 0.0006740790172303647 0
43 0.0005470567337882259 0.0006701585965281471 0
44 0.0005477620339112686 0.0006665301419476832 0
45 0.0005484148117565754 0.0006631718910620741 0
46 0.0005490189819773464 0.0006600637047264764 0
47 0.0005495876182155423 0.00065713832488364 0
48 0.0005501537382935226 0.0006542258895629444 0
49 0.0005507198583715031 0.0006513134542422488 0
50 0.0005512859784494835 0.0006484010189215532 0
51 0.0005518520985274639 0.0006454885836008576 0
52 0.0005524182186054443 0.000642576148280162 0
53 0.0005529843386834248 0.0006396637129594664 0
54 0.0005535504587614052 0.0006367512776387708 0
55 0.0005541165788393856 0.0006338388423180752 0
56 0.0005546826989173661 0.0006309264069973796 0
57 0.0005552488189953464 0.000628013971676684 0
58 0.0005558149390733269 0.0006251015363559884 0
59 0.0005563810591513073 0.0006221891010352928 0
60 0.0005569471792292877 0.0006192766657145971 0
61 0.0005575132993072681 0.0006163642303939015 0
62 0.0005580794193852486 0.0006134517950732059 0
63 0.0005586455394632291 0.0006105393597525103 0
64 0.0005592116595412094 0.0006076269244318147 0
65 0.0005597777796191899 0.0006047144891111191 0
66 0.0005603438996971703 0.0006018020537904235 0
67 0.0005609100197751507 0.0005988896184697279 0
68 0.0005614761398531311 0.0005959771831490323 0
69 0.0005620422599311116 0.0005930647478283367 0
70 0.0005626083800090919 0.0005901523125076411 0
71 0.0005631745000870724 0.0005872398771869455 0
72 0.0005637406201650528 0.0005843274418662499 0
73 0.0005643067402430332 0.0005814150065455543 0
74 0.0005648728603210137 0.0005785025712248586 0
75 0.0005654389803989941 0.000575590135904163 0
76 0.0005660051004769745 0.0005726777005834675 0
77 0.0005665712205549549 0.0005697652652627718 0
78 0.0005671373406329354 0.0005668528299420762 0
79 0.0005677034607109157 0.0005639403946213807 0
80 0.0005679752569813358 0.0005581470677246701 0
81 0.0005661332459989063 0.0005559125301176787 0
82 0.000560400429527137 0.0005550739148405987 0
83 0.0005574394150552794 0.0005550739153573932 0
84 0.0005544784005834216 0.0005550739158741877 0
85 0.000551517386111564 0.0005550739163909822 0
86 0.0005485563716397064 0.0005550739169077767 0
87 0.0005455953571678487 0.0005550739174245713 0
88 0.0005426343426959911 0.0005550739179413658 0
89 0.0005396733282241335 0.0005550739184581603 0
90 0.0005367123137522757 0.0005550739189749548 0
91 0.0005337512992804181 0.0005550739194917493 0
92 0.0005307902848085605 0.0005550739200085439 0
93 0.0005278292703367028 0.0005550739205253384 0
94 0.0005248682558648452 0.0005550739210421329 0
95 0.0005219072413929876 0.0005550739215589274 0
96 0.0005189462269211298 0.0005550739220757219 0
97 0.0005159852124492722 0.0005550739225925164 0
98 0.0005130241979774146 0.0005550739231093109 0
99 0.0005100631835055569 0.0005550739236261055 0
100 0.0005071021690336993 0.0005550739241429 0
101 0.0005041411545618417 0.0005550739246596945 0
102 0.0005011801400899839 0.000555073925176489 0
103 0.0004982191256181263 0.0005550739256932835 0
104 0.0004952581111462687 0.000555073926210078 0
105 0.000492297096674411 0.0005550739267268725 0
106 0.0004893360822025534 0.0005550739272436671 0
107 0.0004863750677306957 0.0005550739277604616 0
108 0.0004834140532588381 0.0005550739282772561 0
109 0.0004804530387869805 0.0005550739287940506 0
110 0.0004774920243151228 0.0005550739293108452 0
111 0.0004745310098432651 0.0005550739298276397 0
112 0.0004715699953714075 0.0005550739303444342 0
113 0.0004686089808995499 0.0005550739308612287 0
114 0.0004656479664276922 0.0005550739313780232 0
115 0.000462678557125269 0.0005550739318962829 0
116 0.0004595353512526441 0.0005550739324448758 0
117 0.0004561397899494079 0.000555073933037513 0
118 0.0004524715919735914 0.0005550739336777344 0
119 0.0004485088446903712 0.0005550739343693642 0
120 0.0004442278741033668 0.0005550739351165346 0
121 0.0004396031020120711 0.0005550739359237095 0
122 0.00043460689246341 0.0005550739367957126 0
123 0.0004292093870771964 0.0005550739377377551 0
124 0.0004233783304419723 0.0005550739387554664 0
125 0.0004170788660130438 0.0005550739398549303 0
126 0.0004102733410644582 0.0005550739410427185 0
127 0.0004029210729999433 0.0005550739423259314 0
128 0.0003949781069409727 0.0005550739437122405 0
129 0.0003863969542994661 0.0005550739452099341 0
130 0.0003771263123369509 0.0005550739468279664 0
131 0.0003671107493469541 0.0005550739485760119 0
132 0.0003562903765580674 0.0005550739504645232 0
133 0.0003446004992414013 0.0005550739525047916 0
134 0.000331971211543094 0.0005550739547090182 0
135 0.0003183269947512046 0.0005550739570903833 0
136 0.0003035862542109262 0.0005550739596631278 0
137 0.0002876608408814524 0.0005550739624426368 0
138 0.0002704555173761036 0.0005550739654455322 0
139 0.0002518673907380938 0.0005550739686897723 0
140 0.0002317853002181681 0.0005550739721947583 0
141 0.0002100891438899257 0.0005550739759814519 0
142 0.0001866491762917315 0.000555073980072498 0
143 0.0001613252118347738 0.0005550739844923636 0
144 0.0001339658044638083 0.000555073989267481 0
145 0.0001044073213323399 0.0005550739944264095 0
146 7.2473e-05 0.0005872057450403797 0
147 7.2473e-05 0.0006194704205948316 0
148 7.2473e-05 0.0006520263490644619 0
149 7.2473e-05 0.0006850338017892396 0
150 7.2473e-05 0.0007186560723049738 0
151 7.2473e-05 0.0007530605400546599 0
152 7.2473e-05 0.0007884197413882254 0
153 7.2473e-05 0.0008249124542276172 0
154 7.2473e-05 0.0008627247732839728 0
155 7.2473e-05 0.0009020512753241448 0
156 7.2473e-05 0.0009430960449371547 0
157 0.0004610863339591852 0.000557737203513985 0
158 0.0005463012881369881 0.0006611522385427099 0
159 0.0004370039238091101 0.0005592684967398044 0
160 0.0005499781389538601 0.00064043837975954 0
161 0.0004813242072912165 0.0005580316373858473 0
162 0.0005399880640636291 0.0006845288440507803 0
163 0.0005538129841188681 0.0006232667577303964 0
164 0.0004996266348165256 0.0005578546984348239 0
165 0.0003989013899012188 0.0005617513665278804 0
166 0.0005311116535914906 0.0007132947716448628 0
167 0.0005204423376214043 0.0007585128833561622 0
168 0.0003109566266262578 0.0005673650054442529 0
169 0.0005563862279902797 0.0006084750736953389 0
170 0.0005145086876711401 0.0005576318800739134 0
171 0.0005592317189183581 0.000594097568166628 0
172 0.0005087586322228932 0.0008079791933562999 0
173 0.0003617511461463678 0.0005634775023700871 0
174 0.0005293097780158637 0.0005576134525581923 0
175 0.0005616222256216851 0.0005828709059035599 0
176 0.0002838998280930603 0.0009537373395811953 0
177 0.0005412632705429953 0.0005573421057398428 0
178 0.0002419190084783605 0.0005724150679139728 0
179 0.0004953262362423074 0.0008558737446327998 0
180 0.0004201004305548778 0.0005603633748731782 0
181 0.0005436484517111668 0.000671623781563677 0
182 0.0004504383679610513 0.0005583700274009 0
183 9.839879415911e-05 0.0007335913869723198 0
184 0.0005516595752610538 0.0006320832099066334 0
185 0.0004906808181301037 0.0005579834993465788 0
186 0.0005484806754358918 0.0006493669622127776 0
187 0.000473365936911977 0.0005577028835382075 0
188 0.0005631997974633829 0.0005736436438746918 0
189 0.0005500822656787943 0.0005574978772010392 0
190 0.0003835820634777804 0.0009603817981782586 0
191 0.0001047266679851492 0.0008476214611415851 0
192 0.0001718489938512998 0.0005815098967285057 0
193 0.000565068634700747 0.0005651249037735067 0
194 0.0004845051680600022 0.0008953648378736813 0
195 0.0002795840568048188 0.0005702377468857114 0
196 0.000537340737585702 0.0006947119881521881 0
197 0.0003382024914816059 0.0005660071323446413 0
198 0.0005283701690767637 0.0007303890622202377 0
199 0.0005148036364536976 0.000780886839103162 0
200 0.0003817616346673573 0.0005628039998340627 0
201 0.0002157524493391835 0.0009548899529699965 0
202 9.847647090290753e-05 0.0006672712215133023 0
203 0.0005582339405047999 0.0005998806810575357 0
204 0.0005601107780575068 0.000587816960177226 0
205 0.0005552866834786405 0.0006144243563405054 0
206 0.0005204267345995718 0.0005576093352753168 0
207 0.0005085786608263919 0.0005577148648160529 0
208 0.0005352318069578988 0.0005576038255598251 0
209 0.0005559589082669084 0.0005576382293693926 0
210 0.0005473765998707547 0.0006550492065462574 0
211 0.0004671284741111782 0.0005576382448732281 0
212 0.0004410688524723682 0.0009630655281602111 0
213 0.0005617948059200542 0.0005574281659654503 0
214 0.0001396603464071752 0.0009512658693142091 0
215 0.0001184373106884353 0.0005792755382119424 0
216 0.0005653219139345265 0.0005599980497631131 0
217 0.0004739290544926176 0.0009404630378135955 0
218 0.000412850644911317 0.0009613909668021156 0
219 0.0003983704182778126 0.0009364434547554701 0
220 0.0003704029400627292 0.0009355549765450988 0
221 0.0003844804321429719 0.000912514365343964 0
222 0.0003576811992336432 0.0009116756248339779 0
223 0.0003712786817936926 0.0008893840393341202 0
224 0.000345426372628516 0.0008885755383430112 0
225 0.0003585366294820765 0.0008665775811120538 0
226 0.0003334948908881721 0.0008661247437517737 0
227 0.0003457946672594648 0.0008453201582256536 0
228 0.0003220915626946817 0.0008447097514278603 0
229 0.0003338826722217913 0.0008246799308645678 0
230 0.000310953034670685 0.0008239308754619371 0
231 0.0003231462193819553 0.0008045449651293471 0
232 0.000348455525580121 0.0008048485903850839 0
233 0.0003357513829675581 0.0007864601130291658 0
234 0.0003557834429099909 0.0007853386461155591 0
235 0.0003461569255739389 0.000769263506689242 0
236 0.0003648719082575011 0.0007695051584226702 0
237 0.0003561288919883337 0.0007537245011921078 0
238 0.000338166698810958 0.0007534635309978877 0
239 0.0003735547999914135 0.0007543330859287883 0
240 0.0003654324967047609 0.000739395867072357 0
241 0.0003814192775614311 0.0007398410380433408 0
242 0.0003739936571762475 0.0007260800170209022 0
243 0.0003889972456542822 0.0007261209400370502 0
244 0.0003819815807032948 0.0007136905446893599 0
245 0.0003956475969900739 0.0007140022163507335 0
246 0.000389295091091316 0.0007023913690696638 0
247 0.0004017715386696449 0.0007024388554525373 0
248 0.00037561227795294 0.0007019011921387282 0
249 0.0003960732479297419 0.0006918212302704659 0
250 0.0004076159174550437 0.000691839515213325 0
251 0.0004022753677648236 0.0006817037120870961 0
252 0.0004131961776264019 0.0006820718062914395 0
253 0.000418550718197601 0.0006914867480949346 0
254 0.0004236217672358814 0.0006822819467156828 0
255 0.0004189045632885366 0.0006734850484692896 0
256 0.0004284334516215974 0.0006738105569909042 0
257 0.0004240414631754158 0.0006657420164136235 0
258 0.0004328264882962992 0.0006659244975133684 0
259 0.0004286424201316954 0.0006582417506077875 0
260 0.000436841334042903 0.0006584895017679617 0
261 0.0004409390161951411 0.000665317270376439 0
262 0.0004447568586158881 0.0006585482042423149 0
263 0.0004414614925886374 0.0006522511343122768 0
264 0.0004484634051859285 0.0006524051548762136 0
265 0.0004517845585674627 0.0006583081163281007 0
266 0.0004550856903360227 0.0006523224279654188 0
267 0.0004519095803428604 0.0006467607687537718 0
268 0.0004580655915425879 0.0006467596152295635 0
269 0.0004550250680100265 0.000641810371384202 0
270 0.0004608562021007421 0.0006419763540236893 0
271 0.0004638274369102827 0.0006464622690579638 0
272 0.000466338350006544 0.0006416516105634366 0
273 0.00046290446501195 0.0006369673702548749 0
274 0.0004686076135825116 0.0006370531496676646 0
275 0.0004663111971166707 0.0006327243722929776 0
276 0.0004709758366495468 0.0006328947923651621 0
277 0.0004733662270990111 0.0006368068546426719 0
278 0.0004754580185701565 0.0006328798565570072 0
279 0.0004777274440669505 0.000636457073531009 0
280 0.0004796575838287697 0.0006328594411266769 0
281 0.0004775448196049563 0.0006294310141624862 0
282 0.0004814568735448222 0.0006294353890791684 0
283 0.0004795024766483218 0.0006261845075754492 0
284 0.0004830805586451539 0.0006262131478022848 0
285 0.000484942057350982 0.0006291128455102484 0
286 0.0004863996506547688 0.0006261376345212403 0
287 0.0004847235902352296 0.0006233368418051815 0
288 0.0004878972446039866 0.0006233637628130366 0
289 0.0004895140233325639 0.0006259790780856402 0
290 0.0004909418348052279 0.0006232695000087034 0
291 0.0004893618501680987 0.0006207107384886257 0
292 0.0004923650777438016 0.0006206181103596703 0
293 0.0004925577519612421 0.0006258045334726673 0
294 0.0004908748816837344 0.0006181125172589504 0
295 0.0004938042192994007 0.0006179860053664289 0
296 0.0004923273517679207 0.000615472907682298 0
297 0.0004952347297743676 0.0006153466745780819 0
298 0.0004936720150179582 0.0006127868735085817 0
299 0.0004966458637734251 0.0006126984041599164 0
300 0.0004982175156271305 0.0006152511729351821 0
301 0.0004996377701973373 0.0006126088958768771 0
302 0.0005012124321585503 0.0006151615058748785 0
303 0.0005026347080654343 0.0006125201867451255 0
304 0.0004950609134301007 0.0006101437413343594 0
305 0.000492080444391277 0.0006102227150465911 0
306 0.0005041912407893347 0.0006150547271964206 0
307 0.0005056297998988011 0.000612428758910341 0
308 0.0004934881584691127 0.0006075893751893062 0
309 0.0004905082187415284 0.000607666117467004 0
310 0.0005072051363716855 0.0006149510492065602 0
311 0.0005086304318851493 0.0006123373947393928 0
312 0.0004919134659426734 0.0006050356699326129 0
313 0.0004889507937355781 0.0006051016641887177 0
314 0.0005102256595686141 0.0006148778984267339 0
315 0.0005116330918329519 0.000612251129047526 0
316 0.000510054718312509 0.0006097006987399081 0
317 0.0005130536493973433 0.0006096131606487921 0
318 0.000511477463426909 0.0006070608638379204 0
319 0.0005144761376262507 0.0006069728025963869 0
320 0.0005129002734332359 0.0006044201075099033 0
321 0.0005158989584478989 0.0006043318926973651 0
322 0.0004903409172636545 0.000602480765539347 0
323 0.0004873786023637222 0.0006025465599389394 0
324 0.0005143231496870074 0.0006017791056364451 0
325 0.0005173218457429112 0.0006016908498996667 0
326 0.0004887662648307837 0.0005999272194609842 0
327 0.0004857677538773152 0.0006000153667827336 0
328 0.0005132095460888276 0.0006148042795188865 0
329 0.0005117951665549214 0.0006174412896297924 0
330 0.0005157460480609137 0.0005991380406889673 0
331 0.0005187447478035065 0.0005990497744398522 0
332 0.0004871848189198478 0.0005973778849506966 0
333 0.0004841851757200347 0.000597466734200455 0
334 0.0005147844025973403 0.0006173589141001698 0
335 0.000513384931642728 0.0006199857405533675 0
336 0.0005171689525824396 0.000596496959785467 0
337 0.0005201676533496358 0.0005964086908770148 0
338 0.0005163623691648757 0.0006199106393198597 0
339 0.0005149723897589103 0.0006225314419276114 0
340 0.0005203205407566388 0.0006016025944793242 0
341 0.0004856069524840888 0.000594826345797406 0
342 0.0004826079058634716 0.000594914827606664 0
343 0.0004811849407682132 0.0005975559489000077 0
344 0.0004796087863064247 0.0005950033544534813 0
345 0.000478185914247343 0.0005976444183857409 0
346 0.0004766100663829609 0.0005950916348695674 0
347 0.0004751863012618458 0.0005977036940493896 0
348 0.0004736112101287419 0.0005951750734441948 0
349 0.0004722328289450173 0.0005977574064330534 0
350 0.0004706126458254913 0.0005952681838072569 0
351 0.0004691970707222722 0.0005979111551339895 0
352 0.0004675360079249045 0.0005953022823610474 0
353 0.0004660779048353055 0.0005980681801328793 0
354 0.0004644012919795599 0.0005953923766532927 0
355 0.0004627106843244254 0.0005982408428269689 0
356 0.0005185918587094912 0.0005938558748721256 0
357 0.0005215905597442751 0.0005937676052953665 0
358 0.0005179404695803108 0.0006224620880543954 0
359 0.0005165558777544631 0.0006250857351652351 0
360 0.000460907741172937 0.000594795267264886 0
361 0.0004591131019115641 0.0005982987041233641 0
362 0.0004780329648624979 0.0005924505546442032 0
363 0.0005195179306169577 0.000625014922685302 0
364 0.0005181006669795001 0.0006276589025522746 0
365 0.0005209320918708783 0.0006223782053063141 0
366 0.0005155931580072287 0.0005939441444661448 0
367 0.000457113526925219 0.0005953222955909444 0
368 0.0004552447342935502 0.0005985711928584846 0
369 0.0005170160642054499 0.0005913030586825433 0
370 0.0005140173635258717 0.0005913913282457803 0
371 0.0004288891923165291 0.0006910442987584323 0
372 0.000466007715617194 0.0005926697493276553 0
373 0.0004530762897907779 0.0005952418202974019 0
374 0.0004511061059510501 0.0005990130505776085 0
375 0.0005210888352953872 0.0006275711339905064 0
376 0.0005196620729757765 0.0006302131942664906 0
377 0.0005166760750410466 0.0006303072095427864 0
378 0.0005182412835006401 0.0006328552380992832 0
379 0.0005152529563606679 0.0006329490664554842 0
380 0.0005168186913611301 0.0006354966107773863 0
381 0.0005138200456554186 0.0006355849299300373 0
382 0.0005153941697712285 0.0006381368743051143 0
383 0.0005123952024904517 0.0006382250085993694 0
384 0.0005139706803903106 0.0006407776671599449 0
385 0.0005110937103724956 0.000640931517306984 0
386 0.0005125709450352898 0.0006434312421354663 0
387 0.0005097069719788777 0.0006435955604471911 0
388 0.0005111325308637461 0.0006460636472074604 0
389 0.0005080872454264493 0.0006461915495172128 0
390 0.0005096246231940846 0.0006487991071733651 0
391 0.0005065868608063185 0.0006490401649481972 0
392 0.0005081647160860315 0.0006518145457644204 0
393 0.000504870484431005 0.0006520420290192916 0
394 0.0005066201804475673 0.0006550344081522442 0
395 0.0005029048715254954 0.0006551235978530598 0
396 0.0005048440340577755 0.0006584139829236286 0
397 0.0005007777450895391 0.0006586243794599313 0
398 0.0005029984434754019 0.0006621606795907856 0
399 0.0005141337800481287 0.0006459464380396375 0
400 0.0004986160148107225 0.0006623621551103207 0
401 0.0005011148529945688 0.000666338942634994 0
402 0.000519815237013445 0.0006354072294538673 0
403 0.0004963089919857434 0.0006664409262415308 0
404 0.0004989954998052053 0.0006707257491075867 0
405 0.000493939998200358 0.0006707852745702482 0
406 0.0004966278785137403 0.0006753581444653801 0
407 0.0005154402697397353 0.0005887502423120051 0
408 0.0005124415686116009 0.0005888385121259087 0
409 0.0004911683587994535 0.0006754425266949157 0
410 0.0004940032770180225 0.0006802513717588208 0
411 0.0004200549998807018 0.0006579773005934116 0
412 0.0005138644752082568 0.0005861974259280563 0
413 0.0005108657740691611 0.0005862856957397247 0
414 0.0005168631763213076 0.0005861091561372132 0
415 0.0004487660812442817 0.0005952635171062491 0
416 0.000446820351650263 0.0005992049454975593 0
417 0.000510016659550361 0.0006546772528207543 0
418 0.0003970183229381637 0.0007404784165802125 0
419 0.0004677383715322358 0.0006011618997788011 0
420 0.0004442176733747215 0.0005953565302225703 0
421 0.0004420684213248011 0.0006002837713298891 0
422 0.000512288680727789 0.0005836446094974871 0
423 0.0005092899795954488 0.0005837328793027261 0
424 0.0004880501597670727 0.0006805222879415826 0
425 0.0004911777268705407 0.0006857528197123455 0
426 0.0004548795540914906 0.0005918178089079805 0
427 0.0004392321877613768 0.0005955149452355595 0
428 0.0004367251464322785 0.0006000130606164608 0
429 0.000504830147861438 0.000646112691575607 0
430 0.0005056476255331166 0.0006655746469083624 0
431 0.0004338928968877528 0.0005955252541142824 0
432 0.0004311583641894359 0.0006003497750671301 0
433 0.0004494768321827662 0.0006030962555534577 0
434 0.0004848289387098515 0.0006859962124211917 0
435 0.0004883770644257676 0.0006916861611488986 0
436 0.0003004186919280186 0.000803610066440051 0
437 0.0005107128862672777 0.0005810917930506785 0
438 0.0005077141859348036 0.0005811800623612621 0
439 0.0004339307296289815 0.0006049866067713216 0
440 0.0004283324565820194 0.0006056129689249641 0
441 0.0004767629342527497 0.0006002855488788385 0
442 0.0005110186633392459 0.000591479598791074 0
443 0.0004886054651792684 0.000594738193188024 0
444 0.0004870292946663366 0.0005921856085705844 0
445 0.000425079418043388 0.0006004302209113045 0
446 0.0004220579446970189 0.0006057312542988669 0
447 0.0003743952554785883 0.0007831114431805718 0
448 0.0004813639845740991 0.0006918875052311924 0
449 0.0004852022740075414 0.0006981237905854967 0
450 0.0004942781316583917 0.0006622844293952265 0
451 0.0004776210322894007 0.0006983111041062598 0
452 0.0004818087562966706 0.0007050128077866241 0
453 0.0004736105689323009 0.0007051930528800715 0
454 0.0004781532970317635 0.0007123698210329973 0
455 0.0004696666621691703 0.0007124515133508037 0
456 0.000474110328296166 0.0007200886098128871 0
457 0.0004185715337159887 0.0006004117206330183 0
458 0.0004152928360202988 0.0006061669724230433 0
459 0.0005097460796895522 0.0006383763271775435 0
460 0.000487683708539013 0.0006080473989035316 0
461 0.0005091370919456039 0.0005785389765170853 0
462 0.0005061383916272131 0.0005786272455055511 0
463 0.0005121357929610125 0.0005784507067851873 0
464 0.0005119769767743651 0.0006224971109429581 0
465 0.0004933341544187352 0.0006023958612218159 0
466 0.0005062912808041837 0.0005838211485315296 0
467 0.0004993655078011252 0.0006800664676936193 0
468 0.0004255224934014011 0.0006115399805044459 0
469 0.0004637095462686957 0.0007201080167983713 0
470 0.0004698824562056593 0.0007289459363279823 0
471 0.0004114784743808982 0.0006004807310077918 0
472 0.0004081512024721539 0.0006069985914075705 0
473 0.0004418277187839375 0.0005911892782099392 0
474 0.0005075612975392455 0.0005759861599833203 0
475 0.0005045625964119473 0.0005760744294623652 0
476 0.0004900279015978822 0.0005920973978239072 0
477 0.0004884520294448155 0.0005895446292728933 0
478 0.0002876469881915318 0.0008239339997620668 0
479 0.0002763212928335773 0.0008022667110636366 0
480 0.000403906620102534 0.0006006063306662195 0
481 0.0004001801473721856 0.0006079651270787436 0
482 0.0004859581305278467 0.0006749197716178212 0
483 0.0004922459369314417 0.0006974657423506901 0
484 0.0005099015608512676 0.0006045083983026974 0
485 0.0004595467973128525 0.000729435582261756 0
486 0.0004652548550524004 0.0007381724131546378 0
487 0.0003957714279263514 0.0006008044562857801 0
488 0.0003917201854866247 0.0006083076965563685 0
489 0.0003960425736422922 0.0006170505881216342 0
490 0.0003870809628971965 0.0006164350143493287 0
491 0.000382648195179283 0.0006085806659486697 0
492 0.0003777881894744359 0.0006168767132268116 0
493 0.0003824260207937215 0.0006249402512073935 0
494 0.0003730024629592208 0.0006259629873642912 0
495 0.0003672807097443473 0.0006171164860931096 0
496 0.0003623973303705997 0.0006270231312077818 0
497 0.0003563503237945064 0.0006176150823815331 0
498 0.0003510070188323075 0.0006280563563153438 0
499 0.0002629827666282272 0.0008238907073600174 0
500 0.0002511284026894451 0.0008009350348687971 0
501 0.0003681016825657708 0.0006362055921549168 0
502 0.0004740881139725182 0.0006921711823334705 0
503 0.0002679626520611995 0.0007779612597587481 0
504 0.0005059855029674939 0.000573433343584948 0
505 0.0005029868018216861 0.000573521613394212 0
506 0.0005015638951126202 0.000576162699540003 0
507 0.0004999881006635731 0.0005736098832420997 0
508 0.000498565193973131 0.0005762509691159939 0
509 0.000496989399530049 0.0005736981530128163 0
510 0.0004955664928390047 0.000576339238714166 0
511 0.000493990698401517 0.0005737864227743682 0
512 0.0004925677917113043 0.0005764275084741905 0
513 0.0004909919972748876 0.0005738746925613684 0
514 0.0004895690905802913 0.0005765157781057483 0
515 0.0004879932961480231 0.0005739629623311983 0
516 0.0004865703894533881 0.0005766040478727166 0
517 0.0004849945950218041 0.0005740512321207351 0
518 0.0004835716883480845 0.0005766923183724001 0
519 0.0004819958938992929 0.0005741395020356764 0
520 0.0004805729871983338 0.0005767805873618554 0
521 0.0004789971927699921 0.0005742277717198129 0
522 0.0004775742860566534 0.0005768688570014649 0
523 0.0004759984916409047 0.0005743160414738411 0
524 0.0004745755849554593 0.0005769571277135285 0
525 0.0004729997905186006 0.0005744043114182607 0
526 0.0004715768838455338 0.00057704539769574 0
527 0.000470001089397451 0.0005744925812939582 0
528 0.0004685781827230971 0.0005771336675387956 0
529 0.000467002314735618 0.0005745784501742959 0
530 0.0004655774295675231 0.0005772227962981648 0
531 0.0004639880220151582 0.0005746561528736087 0
532 0.0004625291003607105 0.0005773712734569089 0
533 0.000460868806978818 0.0005746841842172233 0
534 0.0004914507018090666 0.0005894563781810711 0
535 0.0003865459365406781 0.0008677311142045516 0
536 0.0004541708289489188 0.0007383797797294236 0
537 0.0004604961842524034 0.0007483735461223188 0
538 0.0004831562419640357 0.0007202696176943382 0
539 0.00024023465869687 0.000778014662521535 0
540 0.0002534846768386962 0.000757112925687526 0
541 0.0004930264906473454 0.00059200919809623 0
542 0.0005027651057223625 0.0006176475871496218 0
543 0.0004593059021441259 0.0005775727095082053 0
544 0.0004575225797831633 0.0005746644145043743 0
545 0.0004150442897522844 0.0005942784289063438 0
546 0.0004774213983220703 0.0005716749554164043 0
547 0.0004480912875526909 0.00074840578522466 0
548 0.0004551181829361897 0.0007592074383894863 0
549 0.0004422041894616464 0.0007593652899751685 0
550 0.0004490086203300667 0.0007705557773998917 0
551 0.0004817671568515157 0.0006362341347046539 0
552 0.0004799202248091317 0.0006398595811733058 0
553 0.0004840836410902555 0.0006396418259171178 0
554 0.0004821451029727232 0.0006432944349625089 0
555 0.0004862116651001151 0.0006429888654008773 0
556 0.0004584158931600317 0.0006579636065930989 0
557 0.000344027475132974 0.0006181271110962512 0
558 0.0003384616819355515 0.0006297861111484492 0
559 0.0004864175017005454 0.0005714101460399998 0
560 0.0004954136050777989 0.0005711453366160018 0
561 0.0004654287207092749 0.0005720177937444262 0
562 0.0004558620422656039 0.0005777990776033106 0
563 0.000453942545245069 0.0005746562648466875 0
564 0.0002286180464315761 0.0007558968443595181 0
565 0.0002423660617397258 0.0007356651319402232 0
566 0.0005044097084558601 0.0005708805272393664 0
567 0.000507408409591648 0.0005707922574213039 0
568 0.0004687016161483559 0.0006289363097763999 0
569 0.0004641986993597857 0.0006287322074486887 0
570 0.0004664442034946595 0.0006249012875558385 0
571 0.0004620524378788717 0.0006248155225931165 0
572 0.0004642850508610389 0.0006209875015834979 0
573 0.0004599699944683766 0.0006209092865061149 0
574 0.0004731526815129386 0.0005795982137867371 0
575 0.0004244956000928779 0.0006507278208848012 0
576 0.0003309631181165445 0.0006184846086880263 0
577 0.0003247451463626349 0.0006306502801009932 0
578 0.0003327878255971229 0.000642025513432606 0
579 0.0003182785842022245 0.0006434265758798127 0
580 0.0003269554345928662 0.0006558879972926824 0
581 0.0003115671237067625 0.0006570349671421424 0
582 0.0003029132914972661 0.0006442544017723948 0
583 0.0003205894523663669 0.0006696842898960166 0
584 0.0002953254560240505 0.0006587113514191999 0
585 0.000285954929008617 0.0006446503766178674 0
586 0.000359465291607351 0.0007254021774321779 0
587 0.0002182305540362914 0.0007335873981453279 0
588 0.0004880145023268251 0.0006394312453611671 0
589 0.0002366774788602489 0.0008225059804110072 0
590 0.000278036881131884 0.0006603556051474668 0
591 0.0002675874896557372 0.0006445060377828353 0
592 0.0004161158348410965 0.0006504383416098124 0
593 0.0004716239710124781 0.0007473925018399435 0
594 0.000457483740612931 0.0006247946281551023 0
595 0.0004552708845929709 0.0006206373375063057 0
596 0.0004525163739644261 0.0006250824731700764 0
597 0.0004489935538700505 0.0006413946469573497 0
598 0.0004623153543678184 0.0006172038307372296 0
599 0.0004664737085366174 0.0006172927312359804 0
600 0.0004843802554691113 0.0006467563568536471 0
601 0.0004483765901829353 0.0007284836266291803 0
602 0.0003907548767518713 0.0006814112648247534 0
603 0.0004821487848864395 0.0005793334037794107 0
604 0.0005231663541039658 0.0005963204219724689 0
605 0.0005245892607930513 0.0005936793356817443 0
606 0.000526165055232422 0.0005962321521661459 0
607 0.000527587961906514 0.000593591065911682 0
608 0.0005291637563562112 0.0005961438823711098 0
609 0.0005305866630299799 0.000593502796117428 0
610 0.0005321624574817485 0.0005960556125718454 0
611 0.0005335853641554041 0.0005934145263184374 0
612 0.0005320095697031807 0.0005908617098651196 0
613 0.0005350082708289892 0.0005907734400651998 0
614 0.0005334324763767543 0.0005882206236119102 0
615 0.000536431177502625 0.0005881323538118403 0
616 0.0005348553830503986 0.0005855795373585312 0
617 0.0005378540841762806 0.0005854912675584319 0
618 0.0005362782897240575 0.0005829384511051151 0
619 0.000539276990849942 0.0005828501813050094 0
620 0.0005351611586075092 0.0005959673427720419 0
621 0.0005337382519338665 0.0005986084290254186 0
622 0.0005377011963977195 0.0005802973648516903 0
623 0.0005347024952718354 0.0005803856346517992 0
624 0.0005406998975236053 0.0005802090950515837 0
625 0.0005367369530597348 0.0005985201592253541 0
626 0.0005353140463860723 0.0006011612454787801 0
627 0.0005394298786285003 0.0005880440840117596 0
628 0.000539124103071383 0.0005776562785982629 0
629 0.0005421228130457539 0.0005775680135653495 0
630 0.0005383127475119539 0.0006010729756786832 0
631 0.0005368898408382912 0.000603714061932109 0
632 0.0005436986001242384 0.0005801208260460095 0
633 0.0005451215070436938 0.0005774797399250043 0
634 0.0005435457214809215 0.0005749269282609468 0
635 0.0005465444140519068 0.0005748386538518177 0
636 0.0005398885419641762 0.000603625792132004 0
637 0.0005384656352905124 0.0006062668783854316 0
638 0.0005354669341646266 0.0006063551481855381 0
639 0.0005370427286168487 0.000608907964638859 0
640 0.0005340440274909629 0.0006089962344389655 0
641 0.0005356198219431852 0.0006115490508922863 0
642 0.0005413114486378392 0.0006009847058785759 0
643 0.0005386185230690706 0.0006114607810921802 0
644 0.000537195616395407 0.0006141018673456074 0
645 0.0005401943175212928 0.000614013597545501 0
646 0.0005387714108476291 0.0006166546837989283 0
647 0.0005326211208172994 0.000611637320692393 0
648 0.0005466972999140032 0.0005800325555260577 0
649 0.0005449686196554424 0.0005722858374285374 0
650 0.0005479673198021502 0.0005721975817227724 0
651 0.0005428872430900615 0.0006035375223318973 0
652 0.0005443101497637252 0.0006008964360784692 0
653 0.0005417701119735149 0.0006165664139988222 0
654 0.0005403472052998511 0.0006192075002522494 0
655 0.0005373485041739652 0.0006192957700523557 0
656 0.0005389242986261871 0.0006218485865056766 0
657 0.0005359255975003012 0.000621936856305783 0
658 0.0005375013919525233 0.0006244896727591039 0
659 0.0005345026908266373 0.0006245779425592102 0
660 0.0005360784852788594 0.0006271307590125313 0
661 0.0005390771864047454 0.0006270424892124253 0
662 0.0005376542797310813 0.0006296835754658526 0
663 0.0005346555786051954 0.0006297718452659587 0
664 0.0005362313730574175 0.0006323246617192797 0
665 0.0005332326719315326 0.0006324129315193866 0
666 0.000534808466383754 0.000634965747972707 0
667 0.0005392300741833045 0.0006322363919191741 0
668 0.0005431930186471788 0.000613925327745395 0
669 0.0005495431136538307 0.0005747503856676442 0
670 0.000550966020510846 0.0005721093145410442 0
671 0.0005304337752508668 0.0005883088934120222 0
672 0.0005174747274093118 0.0006068847669861795 0
673 0.0005310453263650771 0.0006090845042390721 0
674 0.0005296224196914136 0.0006117255904924997 0
675 0.0005177817319045811 0.0006172717478275319 0
676 0.0005122770436878076 0.0006329728795384472 0
677 0.0005419699412386307 0.0005723741498676029 0
678 0.0005329268963744154 0.0006220251261058891 0
679 0.0005318097652578704 0.0006350540177728135 0
680 0.0005333855597100901 0.0006376068342261343 0
681 0.0005363842608359761 0.0006375185644260284 0
682 0.0005349613541623121 0.0006401596506794554 0
683 0.0005319626530364266 0.0006402479204795619 0
684 0.0005335384474886489 0.0006428007369328828 0
685 0.0005305397463627629 0.0006428890067329892 0
686 0.0005321155408149853 0.0006454418231863104 0
687 0.0005291168396890993 0.0006455300929864167 0
688 0.0005306926341413216 0.0006480829094397377 0
689 0.0005276939330154356 0.0006481711792398442 0
690 0.0005292697274676577 0.000650723995693165 0
691 0.0005322684285935437 0.0006506357258930589 0
692 0.0005308455219198798 0.0006532768121464861 0
693 0.0005278387605797284 0.0006533700573301169 0
694 0.0005294527495171425 0.0006559716742380557 0
695 0.0005263234550130548 0.000656063973997844 0
696 0.0005280056622080673 0.0006587262360457191 0
697 0.0005248107366197438 0.0006588353283591224 0
698 0.0005265056665640038 0.0006617839007909469 0
699 0.0005310971302250621 0.0006584567023785734 0
700 0.0005224082549959508 0.0006617468473000609 0
701 0.000524756597711569 0.0006650514032534629 0
702 0.0005365371486145346 0.0006427124671327773 0
703 0.000501058808644068 0.0006099673318287766 0
704 0.0004944493716831883 0.0005893681286238277 0
705 0.0004960251679040017 0.000591920943987405 0
706 0.0005261181385632138 0.0006456183627865231 0
707 0.0004714239944702493 0.0005718514892909708 0
708 0.0004554162758414644 0.000663901266357005 0
709 0.0005463916664941949 0.0005696446764814392 0
710 0.0005246952318895498 0.0006482594490399506 0
711 0.0004206467351070883 0.0006432962632146046 0
712 0.0004623486189589335 0.0007698281848474847 0
713 0.0004562242031496852 0.0007821504592622769 0
714 0.0004421124250735606 0.0007827817146474146 0
715 0.0004498815727787629 0.0007952919488092699 0
716 0.0004340863277566465 0.0007958290113993942 0
717 0.0004430985700827923 0.0008096065274772982 0
718 0.0004901277560902489 0.0006426738862702109 0
719 0.0004917890313407336 0.0006393503586845033 0
720 0.0004650576579088983 0.0007049066241446116 0
721 0.0002176784372598922 0.0007755184497910627 0
722 0.0004671549394542135 0.0005797748962136512 0
723 0.0004239584612021713 0.0007005919918879682 0
724 0.0004502130858847375 0.0006202546547749114 0
725 0.0004472478728921502 0.0006250604918352237 0
726 0.0004879551083805295 0.0006182387822417261 0
727 0.0005286076790831271 0.0006645007838595329 0
728 0.0005270590673294664 0.00066815877816464 0
729 0.0005229179477867599 0.000668513858057976 0
730 0.0005251309534202479 0.0006719549324006107 0
731 0.0005207412832561016 0.000672266566396187 0
732 0.000522937114857247 0.0006758701667526531 0
733 0.000412887724227743 0.0006136567089375991 0
734 0.000541922999752073 0.0006217603167055705 0
735 0.0002591073773609328 0.0006622644757982275 0
736 0.0002479175717040729 0.0006443206028141574 0
737 0.0004522018122932939 0.000578015330340662 0
738 0.000450091808648545 0.0005746448544028376 0
739 0.0002882267062462642 0.0006741831396958607 0
740 0.0004720355305345219 0.0005926262910882808 0
741 0.0004630744818316665 0.0006633897435139449 0
742 0.0004592028576544279 0.0006694607022656392 0
743 0.0004611652849472476 0.0006016176452947766 0
744 0.0004592289852478774 0.000571880175780466 0
745 0.000552541814456191 0.0005746621165732556 0
746 0.0004988066870718591 0.0006552463038746123 0
747 0.0005232552233035312 0.0006560655430607748 0
748 0.0003101646131348626 0.0008646479632448117 0
749 0.0003172954619535527 0.0006191149142116153 0
750 0.0005338442230457658 0.0006531885423463798 0
751 0.0004610481578873919 0.0005801096184699766 0
752 0.0005458859442159475 0.00060344925253179 0
753 0.0005184644874376605 0.0006762713976242352 0
754 0.0005208711927153206 0.0006802851122204378 0
755 0.0004259784445931087 0.0008100680916362531 0
756 0.0004357678650779537 0.00082494278737846 0
757 0.0005473088508896114 0.0006008081662783626 0
758 0.0005457330564373885 0.0005982553498250409 0
759 0.0003992484271424092 0.0005938802211175816 0
760 0.0003912925012736096 0.000593630674974367 0
761 0.0003601282232488669 0.0006076998042605704 0
762 0.0004800735953975114 0.0006470561637395751 0
763 0.0004824494319283808 0.0006508107557124094 0
764 0.0004776015984528787 0.0006509528800649817 0
765 0.0004805300129037703 0.0006552100400769371 0
766 0.0004267110913455804 0.0007826132934600302 0
767 0.0005058326151311744 0.0005682394409829466 0
768 0.0005088313162573355 0.0005681511711823418 0
769 0.0005487317575632748 0.0005981670800249354 0
770 0.0005471559631110526 0.0005956142635716138 0
771 0.0005447688130994007 0.0006164781441987164 0
772 0.0002496879934671354 0.0008471556308471721 0
773 0.0002208663259871953 0.0008457133413996128 0
774 0.000238883795605331 0.0006644253310235993 0
775 0.0002268889403703092 0.0006459293020594948 0
776 0.000217388029698224 0.0006664832718261608 0
777 0.0002040620936363647 0.0006473278136213157 0
778 0.000193680937530988 0.0006689723457320531 0
779 0.0005277408496825812 0.0005987849686244558 0
780 0.0005280466252391912 0.0006091727740391787 0
781 0.0005316568774793121 0.0006298601150660633 0
782 0.0004971422905294549 0.0005788920552176732 0
783 0.0004121340942831372 0.0006429787296186388 0
784 0.0004075520363227557 0.00065016083550423 0
785 0.0005539647210759331 0.0005720210304374475 0
786 0.0005523890762417975 0.0005694683092384139 0
787 0.0003359246951505746 0.0006684029423092439 0
788 0.0005294113985140297 0.0006713242606563454 0
789 0.0002657660668398345 0.000736802375007729 0
790 0.000329637822415635 0.0006822724681071832 0
791 0.0004481903765122984 0.0005782301721556974 0
792 0.0004459339932959498 0.0005746291435082795 0
793 0.000555387652583491 0.0005693799576954229 0
794 0.0005266237185655273 0.0006118138602926064 0
795 0.0005289639519105421 0.0006403361902796695 0
796 0.0005169693313545024 0.0006406893590445247 0
797 0.000491144888251346 0.0005790685939443616 0
798 0.0004974480714386 0.0005892798606441331 0
799 0.0004990238648420718 0.0005918326777446472 0
800 0.0004448635689364815 0.0006199163579932573 0
801 0.0004418465837500748 0.0006247780497421012 0
802 0.0001795562601654033 0.0006483609944147692 0
803 0.00051596024105771 0.0006806302568393573 0
804 0.0005188778286712312 0.0006849752617116787 0
805 0.0005461917197730648 0.0006138370579452893 0
806 0.0005134019029528157 0.0006853032187670335 0
807 0.0005166135583143077 0.0006901957716110353 0
808 0.0004438810014388041 0.0005784991281272344 0
809 0.0004415629423993025 0.0005747197918175989 0
810 0.0004393055084802491 0.0005788050916134134 0
811 0.0004366071479557786 0.0005747954209147336 0
812 0.0004342373614308941 0.0005791386927847976 0
813 0.0004911989729244099 0.0006284504773940657 0
814 0.0004941907694219058 0.0006282765231819901 0
815 0.0004955623092692916 0.0006256492442539335 0
816 0.0004971885142039554 0.0006281405786482364 0
817 0.0004312802681399142 0.0005747001632239365 0
818 0.000428807245388338 0.0005794748128904399 0
819 0.0004938327753323126 0.0006424064636021606 0
820 0.0004953300136359212 0.0006391710895729437 0
821 0.0004342751912728319 0.0006998238121913622 0
822 0.0004387269496079156 0.0006907710679638939 0
823 0.0002770649431817555 0.0006288477089357751 0
824 0.0004521961257469917 0.000571345507456462 0
825 0.0004588652018004718 0.0008080779866077167 0
826 0.0005352671297194299 0.0006505474560929531 0
827 0.0005368429241716514 0.000653100272546274 0
828 0.0005382658308453158 0.0006504591862928474 0
829 0.000510407110709603 0.0005707039876355798 0
830 0.0005118297745633468 0.0005680546523525547 0
831 0.0005134057713641878 0.0005706143429995907 0
832 0.0005148284284740368 0.0005679647785748548 0
833 0.0005164044578756575 0.0005705255767305723 0
834 0.0005178273621135861 0.0005678844077323265 0
835 0.0005194032140852894 0.0005704391782388374 0
836 0.0005208261111723739 0.0005677977663098787 0
837 0.0005224019136134123 0.000570350854159476 0
838 0.0005209790082712175 0.0005729919856456158 0
839 0.0005239777093527214 0.0005729037143377525 0
840 0.0005254006160189881 0.0005702626278330325 0
841 0.0005225548028935719 0.0005755448078786725 0
842 0.0005269764107892834 0.0005728154550919457 0
843 0.0005283993174099349 0.0005701743670375861 0
844 0.0005268235239231855 0.0005676215833833128 0
845 0.0005298222252541603 0.0005675333205504901 0
846 0.0005313980187662559 0.0005700861050658225 0
847 0.0005328211997974025 0.0005674447832335016 0
848 0.0005127473440526448 0.0005992263176262168 0
849 0.0004854533152046471 0.0005896329061825309 0
850 0.0005230134663433991 0.0005911265192222082 0
851 0.0005381598597333948 0.0005958790729719331 0
852 0.0005281995130177503 0.0006143666767459271 0
853 0.0004841088735781844 0.0006027587936416792 0
854 0.000502833914003913 0.0005683277107855469 0
855 0.0005042568206776229 0.0005656866245320363 0
856 0.0005012581195514668 0.0005657748943326328 0
857 0.0005452743933706076 0.0005826736418496682 0
858 0.0005482730942955182 0.0005825853719412858 0
859 0.0005468501876100679 0.0005852264581883641 0
860 0.0005498488886852004 0.0005851381883609149 0
861 0.0005512717953657011 0.0005824971021111707 0
862 0.0005226614167093206 0.0006301247621292897 0
863 0.0005240844304842589 0.0006274836488196796 0
864 0.0004976009572857163 0.0005944737635674021 0
865 0.0005005996577306597 0.0005943854951625954 0
866 0.00049917675008849 0.0005970265810382562 0
867 0.0005021754511036099 0.0005969383122819256 0
868 0.0005007525435421673 0.0005995793981078168 0
869 0.0005020225646580073 0.0005917444097278553 0
870 0.0004868761917512988 0.0005869918394785191 0
871 0.0004838774832543887 0.000587080112847597 0
872 0.0004645062623914233 0.0006136558573451769 0
873 0.0004685802796437472 0.00061381432197405 0
874 0.0004703668725841856 0.0006172230499852059 0
875 0.0004723435446291398 0.0006140783329605721 0
876 0.0004603209807808239 0.0006130746225508847 0
877 0.0004699444630284129 0.000781180026979729 0
878 0.0005538120114599791 0.0005668272238711804 0
879 0.0005501546642369382 0.0005955259937715078 0
880 0.0004103965358298416 0.0009141498413873749 0
881 0.0005246080242515049 0.0006850191443243595 0
882 0.0004740846260748818 0.0006171316249635995 0
883 0.0004757518647617206 0.0006141144474993538 0
884 0.0004742145843691857 0.0006112298767799706 0
885 0.0004773855200021487 0.0006113134427750939 0
886 0.0004789374148739039 0.000614022362382659 0
887 0.0004661587700514807 0.0006695248318466317 0
888 0.0004985591889887142 0.0006255025025717931 0
889 0.0005001851388759652 0.0006279940326821641 0
890 0.000492242682512304 0.0006457844653370339 0
891 0.0003368966852821218 0.0006074345599253277 0
892 0.0005015551690131419 0.0006253448935580368 0
893 0.0005031812777157442 0.000627840793492486 0
894 0.0005021070107056012 0.0006305248477330589 0
895 0.0005488846453418341 0.0006033609827316832 0
896 0.0004356715582944316 0.0007481794472965258 0
897 0.0005106731471075868 0.0006903815392131402 0
898 0.0005138650910815197 0.000695516955396987 0
899 0.0004626298680260618 0.0006752232507436517 0
900 0.0005186509813300862 0.0006689220277270589 0
901 0.0004296204542001321 0.0007088510080420062 0
902 0.0005476830633186793 0.0006164420039866756 0
903 0.0004439570692224719 0.0005707492755118774 0
904 0.0003948111356622525 0.0005864859533934007 0
905 0.0003866757486633477 0.0005862909997713771 0
906 0.00021461469542491 0.0006280018681082749 0
907 0.0005200939839586361 0.0006951771809575206 0
908 0.0005172949019970907 0.0007008831188354618 0
909 0.0005107295395252458 0.0007012445257322685 0
910 0.0005143643151633501 0.0007070047806033368 0
911 0.0005072041671209024 0.0007074483461955414 0
912 0.0005113203698353102 0.0007136623284266443 0
913 0.0004259300726739716 0.0005746887882835725 0
914 0.0004167746093392369 0.0006360342324064506 0
915 0.0004241796057891958 0.0006366399849955339 0
916 0.0004083988525935358 0.0006355057822678714 0
917 0.0005568104678602762 0.0005667355834420315 0
918 0.00045041878254837 0.0005814128485647282 0
919 0.0005555405154346895 0.0005745738445068534 0
920 0.0004556357411880093 0.0006756040113211854 0
921 0.0004594255800002765 0.0006818344295274805 0
922 0.0004751943377897351 0.0006552761269682326 0
923 0.0004783661751855166 0.0006598652740715353 0
924 0.0004181618352970357 0.0008254621953928756 0
925 0.0004283258782117884 0.0008408570428965817 0
926 0.0005135068427876224 0.0006762516560930218 0
927 0.0004230950139378915 0.0005798068719682094 0
928 0.000419876606898912 0.0005746850290070835 0
929 0.0005528475898086372 0.0005850499185594915 0
930 0.0004759173226805192 0.0006085174883751181 0
931 0.0004727838099077114 0.000608389191605834 0
932 0.0004789810938110148 0.0006086638461109491 0
933 0.0005102542229290747 0.0005655100849324062 0
934 0.0004464840290512645 0.0008400918614162717 0
935 0.0004386338731933741 0.0008570050380609145 0
936 0.0005237220739479433 0.0007003389815888154 0
937 0.0004928735814305491 0.0005868153095807537 0
938 0.0005474617386681704 0.0006060020689851106 0
939 0.0005195561018034383 0.0005756330788933608 0
940 0.0005211318962899736 0.0005781858965124018 0
941 0.0005241305974215788 0.0005780976269065824 0
942 0.0005227076907605452 0.000580738713589108 0
943 0.0005257063918894893 0.0005806504438928993 0
944 0.0005294695319128546 0.0006065316877857515 0
945 0.0005250479241133052 0.0006092610438392851 0
946 0.0005236250174396411 0.0006119021300927125 0
947 0.0005343968003054093 0.000569997790959763 0
948 0.0005358199950256878 0.0005673564929324382 0
949 0.0005485788697847168 0.0005929731773181875 0
950 0.0005515775709106011 0.000592884907518081 0
951 0.0005455801686588314 0.0005930614471182925 0
952 0.0005329738265024081 0.0005726389101165436 0
953 0.00052428348521844 0.0005832915302351587 0
954 0.0005231194404351445 0.0006457066342017272 0
955 0.0005216965312632999 0.0006483477191092397 0
956 0.0005037512446657709 0.0005994911292846036 0
957 0.0005051741521781937 0.0005968500434889342 0
958 0.0005023283371358642 0.0006021322150910525 0
959 0.0001684633548145642 0.0006715082311821315 0
960 0.0002352158322564885 0.0008717016628099715 0
961 0.0002050184841280687 0.0008714625545292694 0
962 0.0001902616081531959 0.000843727767255862 0
963 0.0005162585323959302 0.0005653333459949088 0
964 0.0004959958948980737 0.0006308200549142383 0
965 0.0005045513824451788 0.000625193658782349 0
966 0.0005061775301168437 0.0006276906209869737 0
967 0.0005398416252975369 0.0006530120027461689 0
968 0.0005384145061642575 0.0006556556892533201 0
969 0.0001732366140719618 0.0008708152761648129 0
970 0.0005035398798872912 0.0007141242670886546 0
971 0.0005080565354838988 0.0007207293142086864 0
972 0.0005542704964818946 0.0005824088323058441 0
973 0.0003447143044681583 0.0006804229719868711 0
974 0.0003505632314984858 0.0006671141221604837 0
975 0.0004392846891143031 0.0006196945563062752 0
976 0.0004423508296426321 0.0006148316522886759 0
977 0.0004204685862297671 0.0006294289182546269 0
978 0.0004959731286005747 0.0006454636511559034 0
979 0.0004167596511524663 0.0005802382671245443 0
980 0.0004132443349496672 0.0005748946647801149 0
981 0.0005312453171093605 0.0005648918732082202 0
982 0.0005412645319712015 0.0006503709164927417 0
983 0.0004696787693229592 0.0006751984520380353 0
984 0.0002553971938242315 0.0007171092168316165 0
985 0.0002776807839306104 0.0007182643762817183 0
986 0.0002874347240888846 0.0007371718424592585 0
987 0.0002985069810972737 0.000719429724863694 0
988 0.0003387424816588287 0.0006945684312727896 0
989 0.0004852908105542688 0.000654703164322179 0
990 0.0003967828042389125 0.0006716706344396681 0
991 0.0003856138212691902 0.0006712208068837546 0
992 0.0004713406598686369 0.0006247710481869829 0
993 0.0004899544043002041 0.0006362583198542182 0
994 0.0004668971957374516 0.000610553005429145 0
995 0.0004263593745013098 0.0005848256891235696 0
996 0.0004360446554630268 0.0006246789785146779 0
997 0.0004389560884225709 0.0006299320689821086 0
998 0.0004437800779876353 0.0006989812433044543 0
999 0.0004283674821794017 0.0005694703113958182 0
1000 0.0004088014236277936 0.0008100403111527554 0
1001 0.0003996997463468556 0.0008263054332297466 0
1002 0.0004551038054821188 0.0006290965313846782 0
1003 0.0005531533653628238 0.0005954377239714018 0
1004 0.0001537163418609391 0.0006497232935274989 0
1005 0.0003311372646780531 0.0009083103415602202 0
1006 0.0005496775484103605 0.0006138596059877154 0
1007 0.0005552347824533833 0.0005641863242018465 0
1008 0.0005522367211636266 0.000564274420493512 0
1009 0.0005582284138107739 0.0005640945597403381 0
1010 0.0005583888117302616 0.000569281283265697 0
1011 0.0001846974662305295 0.0006919987804498731 0
1012 0.0001571852870708838 0.0006955109354348962 0
1013 0.0001755467591260567 0.0007150300107459064 0
1014 0.000391558962239322 0.0006616863785785639 0
1015 0.0003804840456997018 0.0006612297844572544 0
1016 0.0003864018582343641 0.0006517580165755322 0
1017 0.000475925450102086 0.0007693115343241101 0
1018 0.0004834989425870556 0.0007796686670453104 0
1019 0.0004882946654034518 0.0007667753119457633 0
1020 0.000550460439794056 0.000605913799185004 0
1021 0.0005518586422284932 0.0006032879622860962 0
1022 0.0005026810262251418 0.000563133808079185 0
1023 0.0004996823250992073 0.0005632220778793799 0
1024 0.0003585929060198829 0.0006790409291171011 0
1025 0.000475391980521517 0.000647052731358106 0
1026 0.0003907910691349287 0.0005783979760763281 0
1027 0.0003820467886314415 0.0005786314478053598 0
1028 0.0003775677261355301 0.0005867118083763594 0
1029 0.0004853003844094357 0.0005844390317724749 0
1030 0.0005396887375189799 0.0006478181000394202 0
1031 0.0005426874386448655 0.0006477298302393142 0
1032 0.0005411116441926436 0.0006451770137859931 0
1033 0.0005441103453185294 0.0006450887439858868 0
1034 0.0005425345508663074 0.0006425359275325658 0
1035 0.000527129298563664 0.0005780093576567889 0
1036 0.0005056920501285988 0.0005630379317139796 0
1037 0.0005446159253208425 0.0006112842414919669 0
1038 0.0005287050930196772 0.0005805621742389531 0
1039 0.0005181331951757658 0.0005782741667092247 0
1040 0.0005315039897007524 0.0006246662123593151 0
1041 0.0005299281952485301 0.0006221133959059944 0
1042 0.0004993296359806288 0.0006022204839337671 0
1043 0.0005323153452601824 0.0006012495152788972 0
1044 0.0005149815903602267 0.0005731679932677318 0
1045 0.0005313511019221939 0.0006194723096525678 0
1046 0.0005463305324005213 0.0006190396489167149 0
1047 0.000524542347608444 0.0006430655482174836 0
1048 0.0005283524007963082 0.0006195605794526739 0
1049 0.0004982594184255408 0.0005658631641328123 0
1050 0.000496683623973312 0.000563310347679504 0
1051 0.0005359725566863026 0.0005725506627643406 0
1052 0.0004952607172996474 0.0005659514339329337 0
1053 0.0004936849228474232 0.0005633986174796167 0
1054 0.0004922620161737596 0.0005660397037330444 0
1055 0.0004906862217215369 0.0005634868872797251 0
1056 0.0005269294941226451 0.0006222016657061007 0
1057 0.0005253536996704223 0.0006196488492527803 0
1058 0.0004892633150478735 0.000566127973533152 0
1059 0.0004876875205956512 0.0005635751570798314 0
1060 0.0004862646139219872 0.0005662162433332579 0
1061 0.0004846888194697655 0.0005636634268799367 0
1062 0.0004832659127961004 0.0005663045131333636 0
1063 0.0004816901183438797 0.0005637516966800424 0
1064 0.0004802672116702151 0.0005663927829334691 0
1065 0.0004786914172179938 0.0005638399664801479 0
1066 0.0004772685105443291 0.0005664810527335742 0
1067 0.0004756927160921079 0.0005639282362802528 0
1068 0.0004742698094184429 0.000566569322533679 0
1069 0.000472694014966222 0.0005640165060803576 0
1070 0.0004712711096981867 0.0005666575914661211 0
1071 0.0004696953140746078 0.0005641047757358517 0
1072 0.0005256597072803128 0.0006300365960445453 0
1073 0.0005242365685538863 0.0006326777409197024 0
1074 0.0005301279996929675 0.0005779210879727603 0
1075 0.0004961780489136237 0.0005971148498930688 0
1076 0.000496484327198577 0.0006075023972341622 0
1077 0.0005067499455635816 0.0005994028603324498 0
1078 0.0004882990844984148 0.0005843507635580638 0
1079 0.0005081728530333567 0.0005967617745091456 0
1080 0.0005065970592454677 0.0005942089576222452 0
1081 0.0004823016809966421 0.00058452730302282 0
1082 0.0004808787730540247 0.0005871683875697634 0
1083 0.0004793029770495905 0.0005846155717700449 0
1084 0.0004778800699267295 0.0005872566573760015 0
1085 0.000476304275991483 0.0005847038416061409 0
1086 0.0004748813684597702 0.0005873449265443964 0
1087 0.0004733055747654638 0.0005847921100580397 0
1088 0.0004718826672415484 0.0005874331953757837 0
1089 0.0004703068735873257 0.0005848803782960718 0
1090 0.0004682734287675862 0.0005667452331998096 0
1091 0.0004666967830203148 0.0005641929408341184 0
1092 0.000520122208215428 0.0006457939910502778 0
1093 0.0005414164151571841 0.0006555650895921744 0
1094 0.0005399943408385692 0.0006582274582258013 0
1095 0.0004652790222446177 0.0005668320620590489 0
1096 0.0004636948554681201 0.000564397224612617 0
1097 0.0005187009423981981 0.0006484323244339843 0
1098 0.0004997377122568922 0.0007212991930447407 0
1099 0.0005046696525257377 0.0007286757457432634 0
1100 0.0004956075898010116 0.0007289428158969185 0
1101 0.0004997970393803484 0.0007366766687508316 0
1102 0.0005099494481096238 0.0007360746986279045 0
1103 0.000505721572135405 0.0007447691274510742 0
1104 0.0004946817878926963 0.0007454526931858868 0
1105 0.000453043003476273 0.0006160631544430057 0
1106 0.0004999278846766699 0.0006228505327556838 0
1107 0.0004771377562939299 0.0005612990746449207 0
1108 0.0004102107457773125 0.0005808016495201442 0
1109 0.0004065713391574605 0.0005754944903933683 0
1110 0.0005492424367612828 0.0006190049567487866 0
1111 0.0005478893846113579 0.0006215892133711591 0
1112 0.0004084597304264405 0.0007133354471815948 0
1113 0.0004944332120427759 0.0006488611041912933 0
1114 0.0004861330623332659 0.0005610338356721067 0
1115 0.0004744879768110176 0.0006057725109669535 0
1116 0.000458027242977977 0.0008566771961400498 0
1117 0.000449550065874806 0.0008746550943117438 0
1118 0.0004659102666474623 0.0008381406543367119 0
1119 0.0001641460242097607 0.000627047288510736 0
1120 0.0001400024557200195 0.0006269006447198261 0
1121 0.0004982496201596229 0.0006485481946179143 0
1122 0.0004689010330936406 0.0005875109290463163 0
1123 0.000467304595024162 0.0005849634326032908 0
1124 0.0004729874065651944 0.0006600330945494828 0
1125 0.000475929683082927 0.0006647176811272028 0
1126 0.0004815664666663419 0.0006644155194396859 0
1127 0.0004699352415875713 0.0006556774694573757 0
1128 0.0004713591814221106 0.0006055679541619328 0
1129 0.0004951354139132836 0.0005606554147445683 0
1130 0.0004777646257966477 0.000792479980510463 0
1131 0.0005369813736609305 0.0006583230820678736 0
1132 0.0005385905754962815 0.0006610048200441625 0
1133 0.0004108830308750855 0.0005681019221655997 0
1134 0.0004300752922523362 0.0008755197707167189 0
1135 0.0003232242180866996 0.0006964881389497035 0
1136 0.0003330305695351001 0.0007092105283368773 0
1137 0.0002304387747518898 0.000683284821942437 0
1138 0.0005202709912495527 0.0006509809504093645 0
1139 0.000517202617492193 0.000651089987838454 0
1140 0.0005260226407795999 0.0006949263369813449 0
1141 0.0004291394484960419 0.0007594450538506294 0
1142 0.0004224160504583913 0.0007479868343332637 0
1143 0.00041361819854921 0.0007614862294991674 0
1144 0.0004288819067879634 0.0007368745474552553 0
1145 0.0005558427027684855 0.000584839751671701 0
1146 0.0005547907237383235 0.0005877459998489009 0
1147 0.0004658780945992101 0.0005875746882166816 0
1148 0.0004642700472708551 0.0005850515281701325 0
1149 0.0004627324338641347 0.0005877648541141264 0
1150 0.0004622750049148988 0.0005669224017340976 0
1151 0.0004606598484188365 0.0005643483786599017 0
1152 0.0005162099399556436 0.0007198780120760206 0
1153 0.0001882027111616918 0.0008990293412016058 0
1154 0.0004517646981876649 0.0006824248925372402 0
1155 0.0004559664149482402 0.0006891191454948196 0
1156 0.000504120971050017 0.0005604370767886159 0
1157 0.0004361935284278117 0.0006141072812179801 0
1158 0.0004370855222898377 0.000583323367458216 0
1159 0.0003724870774361276 0.0005788320687609019 0
1160 0.0003677009007397511 0.0005872846422828235 0
1161 0.0005020796202714587 0.00075386727026546 0
1162 0.0004401730795011323 0.000893148931503481 0
1163 0.0005544307020405605 0.0005927484708145101 0
1164 0.0005351925268225846 0.0006614243306749463 0
1165 0.0005371830961202709 0.0006641019725046895 0
1166 0.0005404249923248699 0.0006636066860262256 0
1167 0.0005389384018049403 0.0006668619344734447 0
1168 0.0005354951140595701 0.000667219065710599 0
1169 0.0005373506787778016 0.0006700963188930089 0
1170 0.0003083707968536243 0.0007371642912950754 0
1171 0.0002975995227620835 0.0007536322689709928 0
1172 0.0004905921330884167 0.0006494805030357549 0
1173 0.0004928381468729977 0.000652563758545268 0
1174 0.0005541176087454482 0.0005772149303629628 0
1175 0.0005571163098441725 0.0005771266601189195 0
1176 0.0005490201207907675 0.0006085455044043992 0
1177 0.00052128478409299 0.0005833798000500707 0
1178 0.0005220492229874195 0.0006093493136393918 0
1179 0.0005206263163137557 0.0006119903998928187 0
1180 0.0005234721296610834 0.0006067082273859647 0
1181 0.0005222021107659773 0.0006145432163461401 0
1182 0.0005438514864822191 0.0005853147279874115 0
1183 0.0005454272808986551 0.0005878675444214534 0
1184 0.0005345496074932794 0.0005751917319450521 0
1185 0.0005500017764583777 0.0005903320910647615 0
1186 0.0005228605785462302 0.0005859326165379803 0
1187 0.000525859279672286 0.0005858443467436369 0
1188 0.0004818430061224362 0.0005689455993867893 0
1189 0.000490839109500096 0.0005686807899864719 0
1190 0.0005272353083552296 0.0006325894613493071 0
1191 0.0005258123694520173 0.000635230555744643 0
1192 0.0005270825455281574 0.0006273955270770121 0
1193 0.0005009054292445541 0.0006047733007402039 0
1194 0.0005039041303129778 0.0006046850318213691 0
1195 0.0004867232849199985 0.0005817979493910674 0
1196 0.000477727179991364 0.0005820627579409211 0
1197 0.0005187606094944439 0.0006537078284717401 0
1198 0.0004953922572141832 0.0007141106396055064 0
1199 0.0004953633710374425 0.0006205267834594383 0
1200 0.0004611011507589031 0.0005851688565244392 0
1201 0.0002632265513728022 0.0008727012250044218 0
1202 0.0002496683831797898 0.0008977730140529192 0
1203 0.0002801669406256784 0.0008972806083636872 0
1204 0.000545421555410995 0.000642387480291982 0
1205 0.0005439388414431049 0.0006398848117057257 0
1206 0.0005409556537312738 0.0006399814394836758 0
1207 0.0005423780432911366 0.0006373400746309871 0
1208 0.0005453766582313886 0.000637251758397671 0
1209 0.0005438033487982704 0.0006347002807685783 0
1210 0.0005468024497297342 0.0006346122263669755 0
1211 0.0005452271360816259 0.0006320596689507761 0
1212 0.0005075200662873027 0.0006250618100709648 0
1213 0.0005091427696866005 0.0006275849856249009 0
1214 0.0005078240504948914 0.0006302145658152756 0
1215 0.0005059377096778197 0.0006225416380833561 0
1216 0.0003792823614517197 0.0006807657286548926 0
1217 0.0001594559801227807 0.0008414656071394023 0
1218 0.0001754311169835512 0.0008153473739620535 0
1219 0.0001437294420425348 0.0008120412079473702 0
1220 0.0001609485860608433 0.0007864581972335365 0
1221 0.0001308934602654686 0.0007789009091444193 0
1222 0.0001567383135103978 0.0008978545985539239 0
1223 0.0002681492417462258 0.0006983822786550626 0
1224 0.0004591280897976453 0.0005669794644264068 0
1225 0.0004574602511574925 0.0005641396763844868 0
1226 0.0005470141218041902 0.0006445299712731654 0
1227 0.0004728113981777044 0.0006029817237480499 0
1228 0.0003732569881052329 0.0005957991111129827 0
1229 0.0005034255364504926 0.0007018352184470106 0
1230 0.000507726883509145 0.0006853015443551296 0
1231 0.0005046872224868927 0.0006905078954439929 0
1232 0.0003906081731630319 0.0008105899762530887 0
1233 0.0003796380991742039 0.0008268888455859281 0
1234 0.0004005352092987622 0.0007954603134782422 0
1235 0.0005584507404268603 0.0005745386302220274 0
1236 0.0005600286328310317 0.0005770245670384388 0
1237 0.0001477865672049672 0.0007574748642335071 0
1238 0.0005534644585303585 0.0005617799707779588 0
1239 0.0004911518905351805 0.0007890655309586709 0
1240 0.0004866997321149107 0.0008022509999540675 0
1241 0.0005156885519195719 0.0006538325181645313 0
1242 0.0005173129659668041 0.0006567044762693414 0
1243 0.0004478116381915716 0.0006756668249298991 0
1244 0.000499330852126939 0.0006448360777344259 0
1245 0.0005162569589639632 0.0007425468961094503 0
1246 0.0004595849269833086 0.0005883510543480778 0
1247 0.000457077475266761 0.0005849336055307181 0
1248 0.0004648324644642764 0.000562015825890546 0
1249 0.0005298918777020199 0.0007002168318842429 0
1250 0.0004170107192248115 0.0007361408570637333 0
1251 0.000424022773370981 0.0007276930400327251 0
1252 0.00054407241227717 0.0006503738052874963 0
1253 0.0005504468644359493 0.0005618809166746631 0
1254 0.0005492028992750753 0.0005643888585021657 0
1255 0.0005475338070604933 0.0005619053301360755 0
1256 0.0005462127290368007 0.00056447055234767 0
1257 0.0005446721261456169 0.000561934756897191 0
1258 0.0005432382495093948 0.000564547843374864 0
1259 0.0005416480066530412 0.0005620232368766304 0
1260 0.0005402391702619466 0.0005646344208991101 0
1261 0.0005385309212279276 0.0005621723941572556 0
1262 0.0005418167523327945 0.0005671826989897446 0
1263 0.0004788616480899063 0.0006694098570772422 0
1264 0.0003757521114415867 0.0006515559344451616 0
1265 0.0003682858181534781 0.0006596355812777216 0
1266 0.0003643411702114743 0.000648052882287805 0
1267 0.0003623030657555212 0.000578828180697137 0
1268 0.0003569978231692851 0.0005879308548437422 0
1269 0.0003512153582608439 0.0005789400986938777 0
1270 0.0003458533103106225 0.0005883245539986232 0
1271 0.0005515273646976555 0.0006082018390790353 0
1272 0.0005141500236170337 0.0006511210307002636 0
1273 0.000470800791303566 0.0005616142492709176 0
1274 0.0004557703508984079 0.0005672123659394531 0
1275 0.0004539712512509803 0.0005643416965457206 0
1276 0.0004559214275308965 0.0005610636069685768 0
1277 0.0005571229043982931 0.0005822217518617113 0
1278 0.0001781650360034739 0.0007597727562040354 0
1279 0.0004330438688161177 0.000630328968964579 0
1280 0.0004362633382865429 0.0006348932639581801 0
1281 0.0004300671746497683 0.0006242705057012938 0
1282 0.0005274371718442651 0.0007056262122764707 0
1283 0.0005459629526871771 0.0005595458432132638 0
1284 0.0001516324567536644 0.0006029798356600453 0
1285 0.0004523569042516213 0.0006362489503925188 0
1286 0.0004465173209366565 0.0006356451614261633 0
1287 0.0004435250238013472 0.0006408841070457538 0
1288 0.0005424548708893971 0.0006578559152324792 0
1289 0.000403918623947053 0.0006614127971098961 0
1290 0.0005424283634852297 0.0006657109640215346 0
1291 0.0004633606959985702 0.0006876823784189722 0
1292 0.0004703112676965808 0.000874715466803935 0
1293 0.0001456552506536793 0.0007235802441177201 0
1294 0.0005483590800357786 0.0006372513093314503 0
1295 0.0003822727772773744 0.0006427948736357047 0
1296 0.0003927267317115675 0.0006429788576783452 0
1297 0.0004758558890143597 0.0006260802067639151 0
1298 0.0004778260819189253 0.0006230779798882875 0
1299 0.0004402487768980621 0.0006095805775238424 0
1300 0.0004454257606538374 0.00061040455942112 0
1301 0.0004723428380057127 0.0006202792782219222 0
1302 0.0001305089825841323 0.0006983091966644694 0
1303 0.0003479477677422697 0.0007055051738645691 0
1304 0.0002660029170452759 0.0009252671073758252 0
1305 0.0004700229376733291 0.0006459157599846305 0
1306 0.0004797521265080606 0.0007572563532468473 0
1307 0.0004612991774501851 0.0005908673769551224 0
1308 0.0005589818016004035 0.0005845247922630732 0
1309 0.0003704121591802912 0.0008101347649378335 0
1310 0.0004356056546432827 0.0007258098416475484 0
1311 0.0005141617092100456 0.0006569097750180348 0
1312 0.0005157865835516414 0.000659881378827184 0
1313 0.0005119477957227628 0.000660044159419361 0
1314 0.0005140366949366298 0.0006632742451824405 0
1315 0.0005181299941386192 0.0006627812509111732 0
1316 0.0005482261775609631 0.0006319715825188562 0
1317 0.0005467080492081546 0.0006294194030753836 0
1318 0.0005436612362738483 0.0006295071114725851 0
1319 0.0005450857920549191 0.0006268660683816797 0
1320 0.0005481371419726485 0.000626739665422684 0
1321 0.0004616312209218883 0.0006962094194012706 0
1322 0.0004292750187867624 0.0009367684015305733 0
1323 0.0002944784748709105 0.0009253904799996733 0
1324 0.00031254475758114 0.0009482897553336088 0
1325 0.0004079775278427446 0.0006721672153044493 0
1326 0.0004934496847394023 0.0006363244099572177 0
1327 0.0004968027491773798 0.0006362387718286575 0
1328 0.0004986058329635778 0.0006388807056024157 0
1329 0.000499969058955232 0.0006360469834712072 0
1330 0.0005017006373680732 0.0006385454768397436 0
1331 0.0005030103769151855 0.0006358191402191087 0
1332 0.0005046176481576631 0.0006382762046781493 0
1333 0.0005056947503137019 0.0006356360985311246 0
1334 0.0005033028987415344 0.0006409143641096129 0
1335 0.0004916120861752696 0.0006335427925204757 0
1336 0.0004881040968241204 0.0006334737852007805 0
1337 0.0005057912305939994 0.0006408772652777782 0
1338 0.0004980050568327524 0.0006334674409680485 0
1339 0.0005040562336099306 0.0006330477960036359 0
1340 0.0004859751838948735 0.0006363280211665593 0
1341 0.0004840844776341097 0.000632650407042975 0
1342 0.0004335637383479388 0.0006823815730248551 0
1343 0.0003972167558536238 0.0008926024086711589 0
1344 0.0003529960368275062 0.000597818166759223 0
1345 0.0001682236348416706 0.0009256365240267274 0
1346 0.000288696449774013 0.000703002677376611 0
1347 0.0003431723689024879 0.0006538869367588996 0
1348 0.0005561520664887098 0.0005953494541712967 0
1349 0.0005545044436115968 0.0005980872621937118 0
1350 0.0005100747911155228 0.000663491040698979 0
1351 0.0005122206007425351 0.0006670482242690325 0
1352 0.0003827026092231235 0.0007688363575548433 0
1353 0.000428120276285567 0.0006439605176458273 0
1354 0.0004337743420040745 0.00065070582611153 0
1355 0.000389632852697775 0.0007547102347062155 0
1356 0.0003989601403127641 0.0007676501454353533 0
1357 0.0004500674621599975 0.0006306218265815124 0
1358 0.0004580160361113491 0.0006344345288225722 0
1359 0.0002504633558308317 0.0009550041401218078 0
1360 0.0004714457364130241 0.0006408447055203405 0
1361 0.0004611046189485045 0.0006519835966045065 0
1362 0.0004065972081021757 0.0005612044458897583 0
1363 0.0003975854148797269 0.0006517635633562144 0
1364 0.0004389432776729962 0.000673673671284643 0
1365 0.0004814202484211766 0.0006232316235673333 0
1366 0.0004832554080396566 0.0006205203531649656 0
1367 0.0004796685673935438 0.0006196915627707606 0
1368 0.0004820087562000989 0.0006176090980770391 0
1369 0.0004434095466866003 0.0006057067414418385 0
1370 0.0003143804196482364 0.0007858992710341226 0
1371 0.0002925311227633675 0.0007842533088528486 0
1372 0.0004136470765487165 0.0005874379432121864 0
1373 0.0004074123390273134 0.0005864105159642202 0
1374 0.0004774687816521862 0.0006170554512872842 0
1375 0.0001973865544352469 0.0005767215357923466 0
1376 0.000190496311130691 0.0006005387059385765 0
1377 0.0002111044625082872 0.0005950795683709282 0
1378 0.0003918750180998227 0.0008447438958487147 0
1379 0.0004804645564835716 0.0006113458767280637 0
1380 0.0004819878166596613 0.0006087432465256785 0
1381 0.0004834651781839988 0.0006113691927322009 0
1382 0.000480515743986777 0.0006061127445770313 0
1383 0.0004832390883883932 0.0006058737987540562 0
1384 0.0005107305421088084 0.0006302890619297227 0
1385 0.0005121339586391135 0.0006276907820593783 0
1386 0.0004839479353764145 0.0006694284636724498 0
1387 0.0004871619697417257 0.0006638273502973419 0
1388 0.000403163447851808 0.0007264792308021191 0
1389 0.0004996880525015917 0.0008386463128621049 0
1390 0.0004430706918526672 0.0006825304306059994 0
1391 0.0004972506394840863 0.0006420072164521765 0
1392 0.0003533307226584016 0.0006917992506209683 0
1393 0.0003463979429909913 0.0006395205617697385 0
1394 0.0003555086296356658 0.0009603941860627354 0
1395 0.0002319343273740452 0.0007162620695271319 0
1396 0.0002064808755844271 0.0007108184424995796 0
1397 0.0005197011751134946 0.0007346093966778136 0
1398 0.0004130627495299225 0.0006288105085555181 0
1399 0.0004048240300161055 0.0006282011488838838 0
1400 0.0004169141338585125 0.0006221036030011571 0
1401 0.0003988263102083992 0.0006349959859144296 0
1402 0.0003964698796233555 0.0006265059608233496 0
1403 0.0005411377548725849 0.0006797879679218177 0
1404 0.0005364587327410008 0.0006811257329977635 0
1405 0.0005351893418990299 0.0006859480452863642 0
1406 0.0005317967100939595 0.0006822724982303479 0
1407 0.0005336306773579105 0.0006777313372223088 0
1408 0.0005300527997990948 0.0006861780422768988 0
1409 0.0005295226927227382 0.000678557318754682 0
1410 0.0005382085608374229 0.0006767111522462052 0
1411 0.000441848312245468 0.0005592001509233442 0
1412 0.0004394122166383495 0.0005633692576050134 0
1413 0.0004442825468587443 0.0005627655493447973 0
1414 0.0004345525583952396 0.0005633016735329404 0
1415 0.0004368180540980708 0.000566957208071201 0
1416 0.0004262743737706981 0.0005598105635785987 0
1417 0.0004240778831903347 0.0005649010714568016 0
1418 0.0004177370599068835 0.0005657918400141052 0
1419 0.0003698880662994422 0.0008457444290193654 0
1420 0.0004041300422629188 0.0008577163340934786 0
1421 0.0004477883806902632 0.0006152332900368971 0
1422 0.000450734361074505 0.0006113153586441214 0
1423 0.0004558105666342725 0.0006121436850842505 0
1424 0.0004533794557385664 0.0006069239047848394 0
1425 0.0004585724658499582 0.0006083422371961714 0
1426 0.0004574410154207072 0.0006041475123313622 0
1427 0.0004629169779049019 0.0006095761266976098 0
1428 0.000465123980518012 0.0006068072306577561 0
1429 0.0001083922113589805 0.000922101359402477 0
1430 0.0001047599671055871 0.0008834428266529832 0
1431 0.0002341973301011416 0.0009254920110932672 0
1432 9.804749093847239e-05 0.0006367068107981255 0
1433 0.0001004095620998319 0.0006049773386881298 0
1434 0.000434261235215771 0.0006439138130383572 0
1435 0.0002203713768678086 0.000574467325341631 0
1436 0.0002331366176214143 0.0005908618693502629 0
1437 0.0002531623423594973 0.0005887687783870798 0
1438 0.0002452443361252098 0.0006069643761971546 0
1439 0.0002645447056775495 0.00060369529036733 0
1440 0.0002593668968292723 0.0006240006522028382 0
1441 0.0002720288873819604 0.0005867748636045149 0
1442 0.0002829270055929953 0.000600765130578979 0
1443 0.0002895615340118966 0.0005848689416928772 0
1444 0.0002999525968478928 0.0005981945661215898 0
1445 0.0002923121632801098 0.0006144898624869304 0
1446 0.000305697358489307 0.0005829778981238264 0
1447 0.000315321266001138 0.0005955004682734925 0
1448 0.0003218991655884758 0.0005822150377690103 0
1449 0.0005071250780966439 0.0005603774808630036 0
1450 0.0004749069498593576 0.0009149170571292954 0
1451 0.0004562764084930955 0.0009238424298830229 0
1452 0.0005015894962991841 0.0006473937198740916 0
1453 0.0005010019322697179 0.0006513952635323467 0
1454 0.0005056143463575098 0.0005577151521641026 0
1455 0.0005101330621321794 0.0005602588195596121 0
1456 0.0004906909950955383 0.0008745937866565011 0
1457 0.0004624075588159373 0.0008935086425790624 0
1458 0.0005512713328078651 0.0006216357955037187 0
1459 0.0005520925150936801 0.0006183877995788796 0
1460 0.0005043178742502192 0.0008229053952928217 0
1461 0.0004882500701743326 0.0008267450705485796 0
1462 0.0001081364078181949 0.0008082329407169395 0
1463 0.0002615028671898057 0.0005713907318210973 0
1464 0.0003159951596880012 0.0007210295428184987 0
1465 0.000329448988687292 0.0005961988616244383 0
1466 0.0004397328649047843 0.0007079965196182634 0
1467 0.0004490944697832819 0.0007066461496381113 0
1468 0.0004454518543562792 0.0007177265329148543 0
1469 0.0005118626042909642 0.0007936012097594761 0
1470 0.0004577884640534225 0.0006166719861379652 0
1471 0.0004553253693731809 0.0007138609113846357 0
1472 0.0004819244290495284 0.0006143737662217235 0
1473 0.0004850081433462341 0.0006139214672912709 0
1474 0.0004865004207782971 0.0006113503202251268 0
1475 0.0004879864184316429 0.0006137927353466527 0
1476 0.0003178790232013983 0.0007546087128802305 0
1477 0.0004759584810278599 0.0006200463212635669 0
1478 0.0004696335192024951 0.0006082047567546493 0
1479 0.0002961744451707764 0.0005692662523754054 0
1480 0.000325142752731063 0.0005666138213935852 0
1481 0.0005424550439049409 0.0006755437594040766 0
1482 0.0004775402344871988 0.0006059538366384823 0
1483 0.0004791295616305093 0.0006030224816472109 0
1484 0.0003505054778564999 0.0005640926736249497 0
1485 0.0003686065435831622 0.0006895005510471905 0
1486 0.0005456384350155867 0.0006644474553468776 0
1487 0.0005303022894620898 0.0007216900160975893 0
1488 0.0005239315216388354 0.0007170854837061925 0
1489 0.0001438794627432734 0.0005798451933421646 0
1490 0.0005178573883348517 0.0007691596476055811 0
1491 0.0005064156716345733 0.0007722273166467956 0
1492 0.0004463353006574372 0.0005587178206153868 0
1493 0.0004485896805152404 0.0005620299890211126 0
1494 0.000447573311933014 0.0005663609129707328 0
1495 0.0003721360666708426 0.0005630644833693613 0
1496 0.0004732891086089542 0.000629298249550494 0
1497 0.0004577844747929702 0.0005579395965056664 0
1498 0.0004596783796628566 0.0005611116456849016 0
1499 0.0003906875318550561 0.0005621490373817265 0
1500 0.0003947859460811224 0.0005700841591311383 0
1501 0.0003393658724258413 0.0005782654011721297 0
1502 0.0002367921103176653 0.0006260507227672065 0
1503 0.0005089341355047964 0.0006224950880200486 0
1504 0.0005073947479187725 0.0006200164245331683 0
1505 0.0003491029287238543 0.0007382193290683389 0
1506 0.0003305956883916712 0.0007356296868151868 0
1507 0.000533561667936827 0.0006705761339273307 0
1508 0.0003684293759092274 0.0007137619617583977 0
1509 0.0005339367836438593 0.000706551903414507 0
1510 0.0005564160322138682 0.0005617269096060298 0
1511 0.0005593907328753293 0.0005616541437524036 0
1512 0.0005611168816136226 0.000563967847500958 0
1513 0.0005626202835354729 0.0005613748565568758 0
1514 0.0005597078088133121 0.0005665906899088302 0
1515 0.0005614268093557676 0.000568756900669369 0
1516 0.0005604650635329965 0.000571947574922219 0
1517 0.0004683909726865067 0.0006208599749907638 0
1518 0.0002064796605592945 0.0008194199655231993 0
1519 0.0005589234323463608 0.0005575528786562597 0
1520 0.0005087391460685689 0.0005629154370160115 0
1521 0.000511690844615077 0.0005628436092762214 0
1522 0.0005372204816459086 0.0005647326330983022 0
1523 0.0005355213614383297 0.0005622616638633662 0
1524 0.0005478048028776252 0.0005670112591423847 0
1525 0.0005132634802434686 0.0005654245508736719 0
1526 0.0005342160047062839 0.0005648229801636419 0
1527 0.0005325321933361581 0.0005623399280203399 0
1528 0.000529552319526007 0.0005624123574560902 0
1529 0.000538814371744032 0.0005672728659147587 0
1530 0.000564392894237174 0.0005679209814234822 0
1531 0.0001250725783973298 0.0006510520724533243 0
1532 0.0005598005301334858 0.0005910726575869285 0
1533 0.0005575389436562599 0.0005892136673073036 0
1534 0.0005586708702733348 0.000596943223539053 0
1535 0.000561681534337739 0.0005796932636896884 0
1536 0.0005373948573547537 0.0005699102842169097 0
1537 0.0005559368639926582 0.0006115057895060643 0
1538 0.0005530157556003204 0.0006126012157558331 0
1539 0.0005524500205777559 0.0006154052050342219 0
1540 0.0005576154614676406 0.0006027283750109694 0
1541 0.000556864015282751 0.0006054410551487877 0
1542 0.0003862543412732888 0.000570481900481938 0
1543 0.0005155534206354287 0.0006433274141510361 0
1544 0.0004684266582316802 0.0005719370281476628 0
1545 0.0005095957597051777 0.0005941206878463474 0
1546 0.0005389711461572885 0.0005724625346493704 0
1547 0.0005185470503303892 0.0006432409782963231 0
1548 0.0005199682335002742 0.0006406008282125863 0
1549 0.000558506085369037 0.0005795992191154718 0
1550 0.0005526947020370444 0.0005798560159800208 0
1551 0.0005315509086108245 0.0005752800008449904 0
1552 0.0005496932262664027 0.0006347742551601476 0
1553 0.0005497590130992894 0.0006292901464043806 0
1554 0.0005510503159088779 0.0006265247125391638 0
1555 0.0005408050618422345 0.0006347887737060554 0
1556 0.0005441572619851667 0.0005957025333717188 0
1557 0.0005425814675329449 0.0005931497169183986 0
1558 0.0005285522056145881 0.0005753682713672832 0
1559 0.0005381129430667576 0.0006452652835860993 0
1560 0.0005427343553115017 0.0005983436196251458 0
1561 0.0005460359299395687 0.0006086415917328671 0
1562 0.0005252008118918623 0.0006144549465460346 0
1563 0.0005393825046445212 0.0006374300482424905 0
1564 0.0004831102627160186 0.0005610912742442831 0
1565 0.0005406545732388006 0.0006295953182669044 0
1566 0.0005481202071899375 0.0005773914700032707 0
1567 0.0005496960010628552 0.0005799442858266072 0
1568 0.0005511189077768012 0.0005773032003534011 0
1569 0.0005011392554023881 0.0005604884273870727 0
1570 0.0004898748951000148 0.0005869035694122186 0
1571 0.0004912977868620929 0.0005842624939869311 0
1572 0.0004942964833149097 0.0005841742274129676 0
1573 0.0004927206871791635 0.000581621410905602 0
1574 0.0004958722782420137 0.0005867270434424118 0
1575 0.0004988709778769326 0.0005866387755129009 0
1576 0.0004972951844122969 0.0005840859589547825 0
1577 0.0005002938845070706 0.0005839976899389806 0
1578 0.0005018696766805117 0.0005865505063863246 0
1579 0.0004987180914916325 0.0005814448729191958 0
1580 0.0005017167899782039 0.0005813566030116778 0
1581 0.0005427368919500789 0.0006529772378888371 0
1582 0.0004701539248326914 0.0005796865071372259 0
1583 0.0005228137118953325 0.0006353188471932139 0
1584 0.0005243894686402164 0.0006378716449031131 0
1585 0.0005247421485561875 0.0005988732384257897 0
1586 0.0005263179430084951 0.0006014260548789057 0
1587 0.0004981065306469718 0.000560669261426083 0
1588 0.0004966037753439603 0.0005579651331152291 0
1589 0.000539535332626619 0.00064262391873341 0
1590 0.0005197089896340885 0.0005808269833698341 0
1591 0.0005167102885138119 0.0005809152533605002 0
1592 0.0005151344940652102 0.0005783624368998245 0
1593 0.0005414643364163977 0.0006061786085853255 0
1594 0.0005299751138440119 0.0005727271850267365 0
1595 0.0005324682330387407 0.0006064434179856448 0
1596 0.0005336913352672079 0.0006479946396396319 0
1597 0.0005072676951987293 0.0005655901150599537 0
1598 0.0005255535041059012 0.0005754565388731709 0
1599 0.0005179802955222988 0.0005730798605869685 0
1600 0.0005380069719548361 0.0005906851702651878 0
1601 0.0005162047085142086 0.0006147197559463538 0
1602 0.0005078670739711401 0.000586373965053197 0
1603 0.0005094428678218127 0.0005889267819648485 0
1604 0.0005064441683316902 0.0005890150528108037 0
1605 0.0005080199627397875 0.0005915678697092139 0
1606 0.0004977538423542678 0.0005996676669706681 0
1607 0.000508478702129873 0.0006071492056101273 0
1608 0.0005198618774249579 0.0005860208863426558 0
1609 0.0005416172241949565 0.0006113725112920738 0
1610 0.000542079612542503 0.0006269542539085809 0
1611 0.0005435012822726739 0.00062431315870318 0
1612 0.0005503034346422925 0.0006007224380373428 0
1613 0.0005113244410570605 0.0006018673939856496 0
1614 0.0005290108685777991 0.0005909499796640087 0
1615 0.0005260121674574654 0.0005910382494506876 0
1616 0.0005188976340829753 0.0006042436807327518 0
1617 0.0005351142419408715 0.0006453535533862044 0
1618 0.0004797616354068377 0.000600197280036832 0
1619 0.0004759543472766729 0.0006031329487911033 0
1620 0.0005460332580816327 0.000647728490893434 0
1621 0.0005476750163049115 0.0006112032362082992 0
1622 0.0004750342324639676 0.0005925378849372586 0
1623 0.0004677136069393947 0.0005617788741784072 0
1624 0.0005293166441343946 0.0006013377850787649 0
1625 0.000519251466324903 0.0005652448623544213 0
1626 0.0005222492158378835 0.000565156882589784 0
1627 0.000517638958554806 0.0005627224215106967 0
1628 0.0005206108408143089 0.0005626337370165657 0
1629 0.0005235922830902969 0.0005625566801643888 0
1630 0.0005303868585842074 0.000637695104026241 0
1631 0.0005217434474303017 0.000598961508225897 0
1632 0.0005233192418825387 0.000601514324679183 0
1633 0.0005318566819245113 0.0005856678071586408 0
1634 0.0005288579807985503 0.0005857560769562106 0
1635 0.0005212383817747335 0.0006327661686769746 0
1636 0.000520014765270516 0.0005912147889161923 0
1637 0.0005357727097217432 0.0006167429535990348 0
1638 0.0005307395508080342 0.0005986966988253954 0
1639 0.000508984204075672 0.0005733450738439215 0
1640 0.0004840306148910946 0.0005922738642205413 0
1641 0.0004810317832358211 0.0005923622135223601 0
1642 0.0004800820485504127 0.0005611099522014402 0
1643 0.000478200115131364 0.0005587479544127371 0
1644 0.0005405011285917842 0.0006244014129657562 0
1645 0.0005330797841529746 0.0006272190288126363 0
1646 0.0004946022610325817 0.0005945620293878852 0
1647 0.0004931793485728976 0.0005972031182336194 0
1648 0.0005141702507263082 0.0005965852313727894 0
1649 0.0005341969152695214 0.0006141901371457139 0
1650 0.000526470830786969 0.000606619957585858 0
1651 0.0005262696829727279 0.0006508130947238589 0
1652 0.000482718951454937 0.0005999422865167141 0
1653 0.0005035983579694033 0.0005942972268277709 0
1654 0.000473847691593964 0.0005609511407172355 0
1655 0.0005317037941457584 0.0005804739044454256 0
1656 0.0005225101114522047 0.0006249300997112564 0
1657 0.0005109804903667969 0.0006357252698639551 0
1658 0.0005094981557854849 0.0006329711931792237 0
1659 0.000543393074763631 0.0005697332968230143 0
1660 0.0004916036855694299 0.0005946502207402788 0
1661 0.0005343498030480795 0.000619384039852462 0
1662 0.0004984123062051688 0.0005710570668138002 0
1663 0.0005014110073299739 0.0005709687970394728 0
1664 0.0005338911397124057 0.000603802331732217 0
1665 0.0005204734285351978 0.0006067964971860718 0
1666 0.0005411585608592801 0.0005957908031718267 0
1667 0.0005105599985489102 0.0005758978902946309 0
1668 0.000513558696972196 0.0005758095303475905 0
1669 0.0005146297411316207 0.000612165893199687 0
1670 0.0004901826705159026 0.0005972901402070639 0
1671 0.000485147486212419 0.0005792451337039911 0
1672 0.0005137115873935373 0.0005810035232342013 0
1673 0.00054334356056722 0.0006191206784962561 0
1674 0.0005237779052182003 0.0006170960327994611 0
1675 0.0005365840652811721 0.000593326256518615 0
1676 0.0005193574097184482 0.0006198246889416503 0
1677 0.0005248950363347635 0.0006040671411324977 0
1678 0.0005160520654356553 0.0006095254794272449 0
1679 0.0004744226969278777 0.0005717632242289302 0
1680 0.0005449142091556712 0.0006216746465919447 0
1681 0.0005278937374606656 0.0006039788713323504 0
1682 0.0005218963352088642 0.0006041554109326378 0
1683 0.000537807017020279 0.0006348773970952352 0
1684 0.000531198214143636 0.0006142784069458201 0
1685 0.0005327740085958579 0.000616831223399141 0
1686 0.0005297753074699721 0.0006169194931992473 0
1687 0.0005152873818555735 0.0005835563396772031 0
1688 0.0005308924385865406 0.000603890601532271 0
1689 0.0005469561586658564 0.0006398065714790332 0
1690 0.0004921658908839515 0.0005606750842600065 0
1691 0.000557013061630924 0.0005719501116747335 0
1692 0.000527541045819786 0.0006429772768471434 0
1693 0.0005484259820194731 0.0005877792746186167 0
1694 0.0005267766063440861 0.0006170077629993539 0
1695 0.0005366900363930938 0.000647906369839526 0
1696 0.0004998352128779884 0.0005684159805817537 0
1697 0.0005176277938161446 0.0006120784330086412 0
1698 0.0005119828953384659 0.0005732564697315076 0
1699 0.0005165573956498559 0.0005757211777841168 0
1700 0.0005397356541856162 0.0005984318894252558 0
1701 0.000542230238403014 0.0006321479241806789 0
1702 0.0005354328044226005 0.0006557320352406472 0
1703 0.0005400414297427345 0.0006088196948387526 0
1704 0.0005379593757692061 0.0006400710147829729 0
1705 0.0005053270378389048 0.0006020439460183058 0
1706 0.0005238248515207241 0.0005677097417012271 0
1707 0.0004824546388014418 0.0005897211598114055 0
1708 0.0005004467707253669 0.0005891915926656455 0
1709 0.0005537169686485905 0.0006063240879123097 0
1710 0.0005422756922754624 0.0005827619116663356 0
1711 0.0005464974953301803 0.000624224863358788 0
1712 0.0004891104272693152 0.0005609340708264061 0
1713 0.0004877165677493593 0.0005581062925493313 0
1714 0.0004728469040730151 0.0005692104066479894 0
1715 0.0005531576608894783 0.0006007290265810233 0
1716 0.0005252344540411357 0.0005650755564321669 0
1717 0.0005444625538664611 0.0006060900782009393 0
1718 0.0005430395665801602 0.0006087311210236543 0
1719 0.0005190505218615346 0.0006094375834394985 0
1720 0.0005516675543844006 0.0005981115874299872 0
1721 0.0004758456040470479 0.000569122138457912 0
1722 0.0004794558986491832 0.0005898094527152305 0
1723 0.0005184389708058585 0.0005886619725338355 0
1724 0.0005408527853611312 0.0005854029977901006 0
1725 0.000519203644234497 0.0006146313092701758 0
1726 0.0005410056730807222 0.0005905969004650806 0
1727 0.0005182860829737882 0.0005834680698229128 0
1728 0.000555673218991085 0.0005797568698021793 0
1729 0.0005244363730029208 0.0005884854329965171 0
1730 0.0004938378106259146 0.0005685925201824166 0
1731 0.0004968365117519189 0.0005685042503827451 0
1732 0.0005214376718989804 0.0005885737027582316 0
1733 0.0005272821863451208 0.0005832032604620323 0
1734 0.0005274350741266481 0.0005883971632038472 0
1735 0.0005395827664070583 0.000593237986718507 0
1736 0.0004848417072483231 0.000568857329586683 0
1737 0.0004764571658704411 0.0005898975814044578 0
1738 0.0004788443050258119 0.0005690338690947274 0
1739 0.0004924149039520036 0.0005712336064277199 0
1740 0.0005361253933927472 0.000577744553677787 0
1741 0.0005255071105264824 0.0006248425598299459 0
1742 0.0004734584583771205 0.0005899858960254912 0
1743 0.0004804200994523768 0.0005715866855822532 0
1744 0.000525965253516014 0.0006404244606589408 0
1745 0.0005229666228048586 0.0006405127017518047 0
1746 0.0005424285797763068 0.0005879558142234634 0
1747 0.0004894162028260489 0.00057132187622662 0
1748 0.0005223551839278375 0.0006197370024009971 0
1749 0.0004834188005741298 0.0005714984157920228 0
1750 0.0005331266997679021 0.0005778328189229692 0
1751 0.0005239312819284117 0.0006222897303678991 0
1752 0.000470479667018888 0.0005900618363109588 0
1753 0.0004690391712664312 0.0005926712803957692 0
1754 0.0005470030753377778 0.0005904203608677143 0
1755 0.0005207794388895641 0.000617184148006758 0
1756 0.0005514859063823785 0.0005877148822862234 0
1757 0.0004878404083741457 0.0005687690597843641 0
1758 0.0005440043742142063 0.0005905086306690671 0
1759 0.0005070550985699243 0.0006097888064110941 0
1760 0.0005285054030256098 0.000624754443248518 0
1761 0.0005332795885981405 0.0005830267209041411 0
1762 0.0005302808874719598 0.0005831149906942339 0
1763 0.0005300811293733724 0.0006273072852382843 0
1764 0.0004963312549464375 0.0006023085593782999 0
1765 0.0005286582564703393 0.0006299483643491181 0
1766 0.0005530004775842594 0.0005902438212646548 0
1767 0.0005302339906043788 0.0006325011962716007 0
1768 0.0005288110641319887 0.0006351422875729151 0
1769 0.0005273881610391643 0.0006377833738642538 0
1770 0.0004917588039089171 0.0005998427537731753 0
1771 0.0004947554209422932 0.0005997557654252887 0
1772 0.0005040565933269977 0.000609878174877828 0
1773 0.0004949096815719172 0.000604948905448863 0
1774 0.0004979071417090882 0.0006048613388354781 0
1775 0.0004997629619437771 0.0006177713113573651 0
1776 0.0004761513825571826 0.000579509942529558 0
1777 0.000502949819937552 0.0006227135644819295 0
1778 0.0004980606787868137 0.0006100556698201132 0
1779 0.0004994826719156967 0.0006074143764463517 0
1780 0.0005024812594007048 0.0006073260106234464 0
1781 0.0005054797689351833 0.0006072373319096716 0
1782 0.0005031396900808144 0.0005787155145610739 0
1783 0.0005069028280402511 0.0006045967194698336 0
1784 0.0005001409901493607 0.0005788037847220855 0
1785 0.0005083257412061595 0.0006019556584264524 0
1786 0.0004957193871689854 0.0005815331412878345 0
1787 0.0005125944583607817 0.0005940324145398592 0
1788 0.0005097486460116954 0.0005993145848192897 0
1789 0.0004941435886055656 0.0005789803240600135 0
1790 0.0005050212634239988 0.0005916561410851508 0
1791 0.0005111715514577671 0.0005966735032157744 0
1792 0.0004897219875620805 0.0005817096820576833 0
1793 0.0005034454699273715 0.0005891033225992038 0
1794 0.0004881461878299206 0.0005791568641792614 0
1795 0.00050486837526099 0.0005864622361196805 0
1796 0.0004837245853125249 0.000581886220740583 0
1797 0.0005032925826687824 0.0005839094189495684 0
1798 0.0004807258814371802 0.0005819744876959748 0
1799 0.0005047154877956454 0.0005812683309562716 0
1800 0.0004791500836878589 0.0005794216727181974 0
1801 0.0004747284802351181 0.0005821510281673082 0
1802 0.0004717297691822879 0.0005822393009833546 0
1803 0.0004687304157091509 0.0005823267254370286 0
1804 0.0004698496192109225 0.000569297488292274 0
1805 0.000465748908612898 0.0005824200856860755 0
1806 0.0005213907725921982 0.0006379599026948091 0
1807 0.000518392739265463 0.0006380484674147147 0
1808 0.0005215441296699227 0.0006431535552032798 0
1809 0.0005448095458357402 0.0005670983878598528 0
1810 0.0005375483116061596 0.0005751034970971344 0
1811 0.0005405470223102896 0.0005750152300373631 0
1812 0.000496778847651162 0.0006178807462014793 0
1813 0.0005493888188471314 0.00056955783622891 0
1814 0.0005174663837975619 0.0005576167262237617 0
1815 0.0005233877490724336 0.0005576150901020979 0
1816 0.0005115593138411011 0.0005576529283804798 0
1817 0.0005263487635407698 0.0005575949062922524 0
1818 0.0005403933572651884 0.0005698226384102334 0
1819 0.0005322707924810529 0.000557575243420428 0
1820 0.000528224709033056 0.0005649937461762641 0
1821 0.0005382110605143527 0.0005574324315437457 0
1822 0.0005265502156002845 0.0005624969705104973 0
1823 0.0005529978937950495 0.0005576382298861883 0
1824 0.0005508057216442059 0.0005669213179127612 0
1825 0.0004152113577399458 0.0006652102944072183 0
1826 0.0004645764675474393 0.0006567574000118816 0
1827 0.0002758089123194203 0.0007570662223708594 0
1828 0.0004641563298824537 0.000579878902889712 0
1829 0.0004668554723859344 0.000569382817591288 0
1830 0.0004881147110864907 0.0006286934844364955 0
1831 0.0004836212544697906 0.0006593827675726409 0
1832 0.0004879848524220331 0.000658506772928788 0
1833 0.0004465423709047399 0.0005912758416748536 0
1834 0.0004448868516763892 0.0005865138955364131 0
1835 0.0004495028102476793 0.00058757131376647 0
1836 0.0004419040418441591 0.0005826565103550228 0
1837 0.0004509866717314645 0.0005914376697039762 0
1838 0.0004534227850306452 0.0005877907059864252 0
1839 0.0005469295998141433 0.0006580217296733254 0
1840 0.0005171304205820564 0.0006458731577163266 0
1841 0.0004863463766467092 0.0006207036409365311 0
1842 0.0005481144848040751 0.0006522553840286463 0
1843 0.0004641478840974348 0.0005575048011616047 0
1844 0.0004218480975114029 0.000594796121055072 0
1845 0.0004701420608411126 0.0005573543040287204 0
1846 0.0005160545712067678 0.0005601807526512841 0
1847 0.000523270932898153 0.0006508745750848239 0
1848 0.0005248005158521456 0.000653430021612875 0
1849 0.000343942811192945 0.0007213888921268147 0
1850 0.0004638753851515248 0.0005694673001045064 0
1851 0.0004939492142259112 0.0006231504292648965 0
1852 0.000409658161626674 0.0007465089726394942 0
1853 0.0005388169032657465 0.0006895177604513674 0
1854 0.0005004312342451928 0.0006412853110452099 0
1855 0.000515669129733103 0.0006484901245464619 0
1856 0.0003992733418588297 0.0005788349819276651 0
1857 0.0004483815294210875 0.0006645984247212012 0
1858 0.0005444653630272294 0.0006559735325895678 0
1859 0.0005151497583818999 0.0006277066629105177 0
1860 0.0001012767108699413 0.0007685617492548554 0
1861 0.0004132223606522042 0.000701748639512847 0
1862 0.0004519485067424206 0.0005676398767443695 0
1863 0.0004831576346013525 0.0008425309059752198 0
1864 0.0004701983683740865 0.0008209174700049711 0
1865 0.0005324608187085579 0.000655820127163395 0
1866 0.0005019638901857303 0.0006749948197708606 0
1867 0.0005047966181467666 0.0006801529880455995 0
1868 0.0005077475086587861 0.0006747629255241339 0
1869 0.0004945108669061693 0.0006910700289266254 0
1870 0.0004875890505398396 0.0007123558539393593 0
1871 0.0004541651996382921 0.0005581434074439026 0
1872 0.0004969364959847009 0.0006230276001091466 0
1873 0.0004759637044013948 0.0007375293966837257 0
1874 0.0005497457229451587 0.0006435908112307829 0
1875 0.0004476017967424243 0.0006901626918689803 0
1876 0.0004834009914155823 0.00074640655347783 0
1877 0.0004882766399480685 0.0007360423845211487 0
1878 0.0005194982914174765 0.000659735049427273 0
1879 0.0005137033890365573 0.0006303192770727228 0
1880 0.0005026370837130443 0.0005577738674351332 0
1881 0.0004774692033548573 0.0006862357015454922 0
1882 0.0005097406721003336 0.0007616796704193061 0
1883 0.0004757754886278165 0.0006401490898226062 0
1884 0.0004732722673955582 0.0006698925273468244 0
1885 0.0004762311260589378 0.0006748813837037686 0
1886 0.0004730777819381215 0.0006806728302563316 0
1887 0.0005636768142702084 0.0005707853444560003 0
1888 0.0003573933603849236 0.0008261361753250219 0
1889 0.0005494250391684739 0.0006240982569919507 0
1890 0.0004543185248380178 0.000581212895074848 0
1891 0.0004907101755899188 0.0006128293490371511 0
1892 0.0004983184063537185 0.0006203954287676633 0
1893 0.000514659079658329 0.0005627781399007777 0
1894 0.0005357606259341223 0.0007003132554148536 0
1895 0.0004667478822507929 0.0006508736249977387 0
1896 0.0004662937341915014 0.0006809390408583054 0
1897 0.0004681309318013332 0.0006049353991743956 0
1898 0.0004647998830762545 0.0006033407892107994 0
1899 0.0004624156289260379 0.0005720619028509251 0
1900 0.0001898033408950982 0.0006252102675700352 0
1901 0.0005131009265207658 0.0005602243549737147 0
1902 0.0004367977585003207 0.000591160059446274 0
1903 0.000431078723888519 0.0005897502450754314 0
1904 0.0002516255245681146 0.0006812214277504277 0
1905 0.0005042327185962863 0.0006706580448829798 0
1906 0.000275056425809496 0.0008477476397926322 0
1907 0.0005036335721604134 0.0007849370802232354 0
1908 0.0003719247687770318 0.0006061856353856596 0
1909 0.0004073975956921382 0.000592986510096035 0
1910 0.0004675440889616919 0.0007585615931283652 0
1911 0.0005009931979024047 0.0006332456252728165 0
1912 0.0005548032424769437 0.0006173627104147854 0
1913 0.0005163195877508352 0.0006725304403019296 0
1914 0.0005019752910127759 0.0006852930330046429 0
1915 0.0005105198877554469 0.0006807319454465469 0
1916 0.0004804544719265308 0.0007289462391671101 0
1917 0.0004557136343985573 0.0005716272944998788 0
1918 0.0004848850584527541 0.0006180513671056505 0
1919 0.0004994906956839867 0.0007076879693875432 0
1920 0.0004486168025982321 0.0005708949284324265 0
1921 0.0005013580191992938 0.0006202423982985189 0
1922 0.0005505978335608288 0.0006109549217806458 0
1923 0.0004178182889031225 0.0007956228476720578 0
1924 0.0004103856765495179 0.0007791971430951905 0
1925 0.0004333220310142496 0.0006194170995462945 0
1926 0.0004271541225997115 0.0006181809876965732 0
1927 0.0004700554179009283 0.0006028276788570639 0
1928 0.0004990791355697921 0.0006306987633697605 0
1929 0.0004281619651542871 0.0005953042761822086 0
1930 0.0004936922863696297 0.0005578152169670093 0
1931 0.0004089630235498163 0.0006217369524331693 0
1932 0.0004204619198879554 0.0006160926372722673 0
1933 0.0004046324680735839 0.0006153072847165421 0
1934 0.0004891992278527513 0.0006103979933464387 0
1935 0.0004317628031020557 0.0006104692080203606 0
1936 0.0004915369114624621 0.0007210724994406841 0
1937 0.0004409657579956584 0.0007376037135068608 0
1938 0.00048949482649512 0.0007039734074062007 0
1939 0.0003395988900822583 0.0009363679619864756 0
1940 0.0005087990580110935 0.0006174676530063422 0
1941 0.0004702374607759238 0.0006650452870523805 0
1942 0.0005050202338240868 0.0006303117703235466 0
1943 0.000518997104518423 0.0005601282382964367 0
1944 0.0005086048335735308 0.0006581265198938223 0
1945 0.000541684822362241 0.0006603613033378892 0
1946 0.0005206913210650904 0.0006654061822084585 0
1947 0.0004846788701798989 0.0005580684826482144 0
1948 0.0005043462156348931 0.0006201130079107365 0
1949 0.0005315475756001168 0.000667095884253421 0
1950 0.0005320825055344652 0.000663244313092724 0
1951 0.0004533873835056719 0.0008236295478702383 0
1952 0.0003190386799339734 0.0008849836802029112 0
1953 0.0004724823297126374 0.0006509580988051776 0
1954 0.0004757126034575066 0.0005590725357038244 0
1955 0.0004947798990861132 0.0006335248611313764 0
1956 0.0004616699346195136 0.0006056385902314126 0
1957 0.0004028705733331871 0.0006430639590566216 0
1958 0.0004540079617543596 0.0006021274440434546 0
1959 0.0001371043700438073 0.0008678613023209729 0
1960 0.000469564513357486 0.0006983343877918606 0
1961 0.0002193133925737782 0.0008986301709188976 0
1962 0.0004809355271437249 0.0006795364758844291 0
1963 0.0003771650921886001 0.0005708245355461761 0
1964 0.0004967169840416523 0.0006586409125025554 0
1965 0.0004918549878022508 0.0006659214122820577 0
1966 0.0005222223142445683 0.0006900923219808888 0
1967 0.0005135645747679584 0.0007273485885810544 0
1968 0.0004966087024806539 0.0006519584009839391 0
1969 0.0005104153818481308 0.0006199892949837159 0
1970 0.0003873923514379701 0.0006010161481712496 0
1971 0.0004206826039662731 0.0005855019313715226 0
1972 0.0004319156426962829 0.000583699744055544 0
1973 0.0004027411141605257 0.0005690080738608269 0
1974 0.0003629852252797385 0.0005962753420822127 0
1975 0.0005069231889771528 0.0006435329531423499 0
1976 0.0004463050617732803 0.0005819189821412007 0
1977 0.0003082843063831028 0.0007032948316996356 0
1978 0.0004319081404968814 0.000559236921926297 0
1979 0.0004641530293007466 0.0007939924058465053 0
1980 0.0004848338681584722 0.000608410973838487 0
1981 0.000413676104454824 0.0005603226542155879 0
1982 0.0005548379854206724 0.0006032387090707933 0
1983 0.0004739294805720164 0.0006003129814997499 0
1984 0.000457724202352164 0.0005806805674202326 0
1985 0.0003143648704260078 0.0006838877454464484 0
1986 0.0005057835840746902 0.0006175417415004749 0
1987 0.00022594926006981 0.0007990870155362538 0
1988 0.0003832707331267918 0.0006912985560009491 0
1989 0.0004458246212129139 0.0006467767530279356 0
1990 0.0005070461336846887 0.0006960284368483603 0
1991 0.0004746647899670989 0.0006228509668649349 0
1992 0.0002038980477994394 0.0007544554119635997 0
1993 0.0001016944343065277 0.0006997428496086686 0
1994 0.0005185635945935767 0.0007124303930681971 0
1995 0.0005220132783357975 0.0007251667598931514 0
1996 0.0002087294181113972 0.0006869733804465055 0
1997 0.0004597794335555614 0.0006288307224726996 0
1998 0.0004121186432322349 0.0006572777647982314 0
1999 0.0003740778719373772 0.0006700448839191139 0
2000 0.0002703341049969718 0.0006767055509020672 0
2001 0.0003578254019632568 0.0006373326436159925 0
2002 0.0004707421555816218 0.0006110449142507036 0
2003 0.0001426454063909388 0.0006735807953707179 0
2004 0.0005209223998566457 0.000706245103286105 0
2005 0.0004103331300918315 0.000841819073479799 0
2006 0.0005219595655057906 0.0005600799283406433 0
2007 0.0005105691802214156 0.0006250674995396303 0
2008 0.0005230188339706013 0.000748615036093094 0
2009 0.0004352986511356118 0.0007708730233058956 0
2010 0.0003887841418488583 0.0006326303197933263 0
2011 0.0004674594939948891 0.0005900934292935618 0
2012 0.0004189777979623239 0.0007107992792467221 0
2013 0.0005086010321402826 0.0006689702958897871 0
2014 0.0003233206684366155 0.0006074512216412615 0
2015 0.0003108057551052152 0.0006314852364585523 0
2016 0.0002956719779254507 0.0006307562499509228 0
2017 0.0005430859197673751 0.0005595330744143287 0
2018 0.0004883543152584702 0.0006463201431451515 0
2019 0.0003050203113041711 0.0006718589951008377 0
2020 0.000462698665832793 0.0005601057226004031 0
2021 0.0003829082522086926 0.0005937609879629748 0
2022 0.0005135596902550279 0.0006250965387575552 0
2023 0.0004781187332460004 0.0006434273768948841 0
2024 0.0004866453559728877 0.0006502362040093654 0
2025 0.0004523019478704225 0.0006971493713074742 0
2026 0.0005627456094841588 0.0005765508205902994 0
2027 0.0005333074949819671 0.0006902637131948484 0
2028 0.0001955071635337578 0.0007871513100305344 0
2029 0.0005249072284633659 0.000560024044678167 0
2030 0.0005126529743517121 0.0006485864178504353 0
2031 0.0004860594912055823 0.0006053494899288332 0
2032 0.0002240255744647304 0.0006101355523598184 0
2033 0.0004336154003661077 0.000914927742133908 0
2034 0.000499734007507862 0.0006955952968971352 0
2035 0.0005217598431048329 0.0006535506697414281 0
2036 0.0002990047687584476 0.000844326478727106 0
2037 0.0005297308036855249 0.0006613616129278609 0
2038 0.0005526626250581825 0.0006288359810963619 0
2039 0.0004247810101565985 0.0005901734125493994 0
2040 0.0005571427257915517 0.0005921478731440648 0
2041 0.0005340317118781579 0.0006583595637223515 0
2042 0.0001911649738179776 0.0007356940040823006 0
2043 0.0004929693670245852 0.000630935670030929 0
2044 0.0005278703395264505 0.0005599754162727716 0
2045 0.0005510697283492051 0.0006375343231038267 0
2046 0.0004419523212779945 0.0005668684086622083 0
2047 0.000327491569895775 0.0007694495413307255 0
2048 0.000549349986149104 0.000646513461181485 0
2049 0.0004522766960057412 0.0005614035044139651 0
2050 0.0004608301082767633 0.0005694718731546855 0
2051 0.0004622419662310634 0.0006323378402583626 0
2052 0.0001287576211089055 0.000603129194091335 0
2053 0.000462670147110141 0.0005825430367470832 0
2054 0.0004398215311072953 0.0005869331830497497 0
2055 0.0005120601941960988 0.0006716947840864654 0
2056 0.0005308366299604777 0.0005599246578351055 0
2057 0.0004816597193925801 0.0006038854828317109 0
2058 0.0003618701078835874 0.0007027629818861723 0
2059 0.0005260413344473471 0.000739272236806536 0
2060 0.000491416573699475 0.0007556358676493372 0
2061 0.0002016777492154127 0.0009268839814763809 0
2062 0.0005070125344637637 0.0006614464886393062 0
2063 0.0004675715436870451 0.0009641932209856573 0
2064 0.0004898547876569922 0.0006310242605475845 0
2065 0.0004519163234691729 0.0006698909482202543 0
2066 0.0004710379718996712 0.000600288571258531 0
2067 0.0004644316403745011 0.0005903024367599222 0
2068 0.0005338020907642666 0.0005598747645982159 0
2069 0.0005396745616049459 0.0006728277353997229 0
2070 0.0005023173527857147 0.0006439358169645045 0
2071 0.000419971980917599 0.0008942558903318383 0
2072 0.0005545297571750299 0.0006203180054266068 0
2073 0.0005356779641834039 0.0006736327476332402 0
2074 0.000512876665843861 0.0007516651472824244 0
2075 0.0004574443816734727 0.0007046851288025065 0
2076 0.0004733462139675777 0.000805627633109509 0
2077 0.000444303460193152 0.0006299296191164627 0
2078 0.0005653819650276483 0.0005624829768643778 0
2079 0.0004893281509094837 0.0006539255818430519 0
2080 0.0003922609056838601 0.0007813181173512331 0
2081 0.0003490971940460593 0.0006080844462169721 0
2082 0.0004527413075735208 0.0005843480105538453 0
2083 0.0005367952529659764 0.0005598256078544137 0
2084 0.0004230306132151924 0.0007707229486421827 0
2085 0.0005615259851063442 0.0005853559954794109 0
2086 0.0005455472631451644 0.0006528543047357862 0
2087 0.0005111021108718649 0.0006513588217562141 0
2088 0.0003671284578413235 0.0005710945660463416 0
2089 0.0004393393280388309 0.0005708808030888482 0
2090 0.0004772372738768697 0.0008570886257575363 0
2091 0.0004237136609150751 0.0006233915335465997 0
2092 0.0004955176254026923 0.0006552944928246662 0
2093 0.0004990652565031526 0.0007642935871866825 0
2094 0.0005399224052786114 0.0005597214750977028 0
2095 0.0004583795403224504 0.0005921004725666825 0
2096 0.0001827338800667997 0.0009567190006436954 0
2097 0.0002448456691706361 0.0006997829409967553 0
2098 0.0005644954981723208 0.0005576656619079119 0
2099 0.0004702555452413277 0.0006865371750676537 0
2100 0.00048920604758328 0.0006704711398977922 0
2101 0.0004967294383135106 0.0006852545724590875 0
2102 0.0004353066695351893 0.0007154931324644316 0
2103 0.0005624505312444765 0.0005660557332202971 0
2104 0.0003571761577915613 0.0006571870421312419 0
2105 0.000541204228193527 0.0006691721183366916 0
2106 0.0005272717986714692 0.0006752006310266861 0
2107 0.0002975177577434931 0.00068746069365639 0
2108 0.0004955241465500917 0.0008128740009344896 0
2109 0.0005203652752630407 0.000656346429183768 0
2110 0.0004295595216267556 0.0005638936668046676 0
2111 0.0005067491552968651 0.0006330424679784831 0
2112 0.0003781196546649519 0.0006340640487599807 0
2113 0.0003095849822289944 0.0006084426636881339 0
2114 0.0005443579029714116 0.0005573168768753266 0
2115 0.0004963568225974202 0.000702516881430802 0
2116 0.0005558541951775724 0.0006005929117274321 0
2117 0.0004865485172745534 0.0006159598033687738 0
2118 0.0004896390473007605 0.0006157733703490223 0
2119 0.0004924140969930367 0.0006575621859042517 0
2120 0.0004481890711986705 0.0006069437550774816 0
2121 0.0005535021644261683 0.0006261165354023462 0
2122 0.00043322956421929 0.000570460628162178 0
2123 0.0005502440032384792 0.0006166172046474874 0
2124 0.0001040149757302067 0.0009553886532296168 0
2125 0.000306345655374466 0.0007691664303171062 0
2126 0.0004270057823786897 0.0006303517342687167 0
2127 0.0004507744790543189 0.0005644879702000718 0
2128 0.0005163601109704222 0.0006660849505283206 0
2129 0.0005471858760380402 0.0005573445420367927 0
2130 0.0004148310107826283 0.0007239527178472331 0
2131 0.0005609779687476861 0.0005747410473295353 0
2132 0.0003793858504073182 0.0006009513249752603 0
2133 0.0005537181974551301 0.0006096759523677611 0
2134 0.0002903194039109094 0.0008743096098981882 0
2135 0.0005554170366918697 0.0005904309986665055 0
2136 0.0004565383254359718 0.0005889557162327153 0
2137 0.0005000388671198467 0.0007983982395253737 0
2138 0.0004411720157858548 0.0006349054365139162 0
2139 0.0005127630960290407 0.0006540471276405417 0
2140 0.0004644984257430938 0.000600485871448845 0
2141 0.0004575074207088088 0.0005694375637880791 0
2142 0.0005082886301724733 0.0006356265981515589 0
2143 0.0004214957861301463 0.0008564744686672312 0
2144 0.0004634095133188754 0.0005928054413921757 0
2145 0.0004953433331373045 0.0007761612490010764 0
2146 0.0005486766234544734 0.0005595862974805726 0
2147 0.0005447835755202371 0.0006679323570654331 0
2148 0.0003822689578350764 0.0007962291949574024 0
2149 0.0005313273378500991 0.0006949662067028786 0
2150 0.0002825848521013936 0.0006879468680571983 0
2151 0.0004351602073676587 0.0005870069469619574 0
2152 0.000166196706584225 0.0007393828472523646 0
2153 0.0001248700517006982 0.0007450546626246697 0
2154 0.000468162211661559 0.000660180598917013 0
2155 0.0001306305736024934 0.000835444503853254 0
2156 9.488081653875766e-05 0.0005775409518498733 0
2157 0.0004315898850286033 0.0006371394005619583 0
2158 0.0004386909804910853 0.0006046829728227445 0
2159 0.0004221005910503584 0.0005700466882279716 0
2160 0.000479910732870161 0.0006164226361388954 0
2161 0.00053165290320862 0.0006744021534665475 0
2162 0.0004866883911436849 0.0006311092325127371 0
2163 0.0004880308948189154 0.0007283423244857379 0
2164 0.0004598591014102929 0.0005826705917395394 0
2165 0.0003625663386772817 0.000668563261177864 0
2166 0.0005515806877793151 0.0005595513162317088 0
2167 0.000418666498631268 0.0005902916840816795 0
2168 0.0002752431429123365 0.0006143597289143706 0
2169 0.0005243932683049627 0.0007109363927963656 0
2170 0.0003417867117615491 0.000597499351926854 0
2171 0.0005574005563997273 0.0005867830826915458 0
2172 0.0004450498985184768 0.000670114459726596 0
2173 0.0004021863949810307 0.0006217603869957158 0
2174 0.0004838222774134479 0.000615971461617771 0
2175 0.0004536241755863778 0.000945666523674612 0
2176 0.0005437392010263801 0.0006622075208385027 0
2177 0.0005219994929276428 0.0006585581986315165 0
2178 0.0005478517168642099 0.0006420379733096388 0
2179 0.0003027156000385728 0.0009017015200199407 0
2180 0.0004622407234786836 0.0007112024388961858 0
2181 0.0004263940600824229 0.0007187665032134445 0
2182 0.0003691463164451248 0.0006787859316878177 0
2183 0.0005545387721980512 0.0005595093796203815 0
2184 0.0003565399487883104 0.0005714317594820616 0
2185 0.0005071403982482571 0.0006383567347340643 0
2186 0.0001394309531750354 0.0009195652350299857 0
2187 0.0004104929095982717 0.0008760247770495796 0
2188 0.0005325563158627249 0.000660565522065142 0
2189 0.0004622270369792277 0.000562421021043119 0
2190 0.0005520820986085985 0.0006349546183801101 0
2191 0.0004741509752963374 0.0006434779327161135 0
2192 0.0005281210895792009 0.0006822751839115557 0
2193 0.0005574883647546168 0.0005594373369048633 0
2194 0.0005084002633100558 0.0006409450596809852 0
2195 0.0003049807854797407 0.000620809913434017 0
2196 0.0004657956683569724 0.0005596367385516651 0
2197 0.0004017912655946276 0.0007549254535104452 0
2198 0.0004166144414526468 0.0005707430892104485 0
2199 0.0004527882253798628 0.0009077645135421445 0
2200 0.0005605493335836891 0.0005594628773321502 0
2201 0.0005151222949979955 0.0006692560853825614 0
2202 0.0004995273652454421 0.0006895441653462967 0
2203 0.0002039764611751751 0.0006133182275409586 0
2204 0.0001202255026808295 0.0007200556679975695 0
2205 0.0004049027417423456 0.0005818706075206598 0
2206 0.0004573944196654857 0.0006009524997302884 0
2207 0.0005465178269416782 0.0006504966620739122 0
2208 0.0003308635544647191 0.0005758383833948685 0
2209 0.0004687871611438028 0.0005594932378978556 0
2210 0.0004678750825637199 0.000692297382659133 0
2211 0.0004308385597229101 0.0006150390833775552 0
2212 0.0004904919407457824 0.0006616688823061893 0
2213 0.0004580311137610116 0.000638543464548917 0
2214 0.000551768181780508 0.0006243257103683134 0
2215 0.0004820144381192862 0.0008165338501965914 0
2216 0.0003662630681968136 0.0007959325279152901 0
2217 0.0004544730529650768 0.0007223114694505859 0
2218 0.0003537826083719543 0.0006471960133127355 0
2219 0.0004060600870705642 0.0007361394105042521 0
2220 0.0004715039364323178 0.0005593392622208109 0
2221 0.0005274114303323909 0.0006902532117406507 0
2222 0.0005252895765793307 0.0006794815423002321 0
2223 0.0004487076352940804 0.0005843096752541247 0
2224 0.0003316992980779046 0.0009636608991063321 0
2225 0.0004456257150560652 0.0006027532447012683 0
2226 0.0001718824991549336 0.0006074350924869389 0
2227 0.0003733227112888896 0.0006432947222484382 0
2228 0.0004810626985218251 0.0006735822695651862 0
2229 0.0003901607157610848 0.0006235124268590065 0
2230 0.0005594902493925441 0.0005817718670726561 0
2231 0.0005633130556896939 0.0005635278983401391 0
2232 0.0005045719705485483 0.0006430740808522875 0
2233 0.000439824882717127 0.000646087434468067 0
2234 0.0004761071857121602 0.0005567605873274139 0
2235 0.0004325054361037515 0.000566816697593361 0
2236 0.0005113141914262753 0.0006572147976725841 0
2237 0.0002220166414184551 0.0007002908308247783 0
2238 0.0003202185174876455 0.0007086416348292667 0
2239 0.0001182556633120732 0.0006247332544465821 0
2240 0.0004937277537334682 0.0007084357033094897 0
2241 0.0002881551277556551 0.0007674835762984179 0
2242 0.000330163472894845 0.0007216455874833724 0
2243 0.0001210870086886641 0.0006765739513812536 0
2244 0.00033486960053975 0.0005863902649809875 0
2245 0.0005038776029065964 0.0006493230552822877 0
2246 0.0003458627272705232 0.000571857511653561 0
2247 0.0004544133535236731 0.0006329366245136629 0
2248 0.0004540924377138228 0.0005693792948994697 0
2249 0.0005345366815687985 0.0006645272010108136 0
2250 0.0004192035437315931 0.0006104608599034409 0
2251 0.0005445771835017482 0.0006592636953619916 0
2252 0.0003566061818923468 0.0007138629586917847 0
2253 0.0004358314044943395 0.0006090252185942306 0
2254 0.0005568014783356645 0.0005981284438332014 0
2255 0.0003169201403615458 0.0009265632770517919 0
2256 0.0004377727301392077 0.0006396372425977055 0
2257 0.0005629563670292127 0.0005591859223051003 0
2258 0.0004016216166816638 0.0005872672153788669 0
2259 0.0001293926483249548 0.0008970490324181629 0
2260 0.0004789055759708345 0.000556620697907844 0
2261 0.0004813674353971024 0.0006017695333651995 0
2262 0.0004773479915760993 0.0008311800043874085 0
$EndNodes
$Elements
4681
1 15 2 200 1 1
2 15 2 200 2 2
3 15 2 200 3 3
4 15 2 200 4 4
5 15 2 200 5 5
6 15 2 201 6 6
7 1 2 100 1 1 7
8 1 2 110 1 1 7
9 1 2 100 1 7 8
10 1 2 110 1 7 8
11 1 2 100 1 8 9
12 1 2 110 1 8 9
13 1 2 100 1 9 10
14 1 2 110 1 9 10
15 1 2 100 1 10 11
16 1 2 110 1 10 11
17 1 2 100 1 11 12
18 1 2 110 1 11 12
19 1 2 100 1 12 13
20 1 2 110 1 12 13
21 1 2 100 1 13 14
22 1 2 110 1 13 14
23 1 2 100 1 14 15
24 1 2 110 1 14 15
25 1 2 100 1 15 16
26 1 2 110 1 15 16
27 1 2 100 1 16 17
28 1 2 110 1 16 17
29 1 2 100 1 17 2
30 1 2 110 1 17 2
31 1 2 100 2 2 18
32 1 2 111 2 2 18
33 1 2 100 2 18 19
34 1 2 111 2 18 19
35 1 2 100 2 19 20
36 1 2 111 2 19 20
37 1 2 100 2 20 21
38 1 2 111 2 20 21
39 1 2 100 2 21 22
40 1 2 111 2 21 22
41 1 2 100 2 22 23
42 1 2 111 2 22 23
43 1 2 100 2 23 24
44 1 2 111 2 23 24
45 1 2 100 2 24 25
46 1 2 111 2 24 25
47 1 2 100 2 25 26
48 1 2 111 2 25 26
49 1 2 100 2 26 27
50 1 2 111 2 26 27
51 1 2 100 2 27 28
52 1 2 111 2 27 28
53 1 2 100 2 28 29
54 1 2 111 2 28 29
55 1 2 100 2 29 30
56 1 2 111 2 29 30
57 1 2 100 2 30 31
58 1 2 111 2 30 31
59 1 2 100 2 31 32
60 1 2 111 2 31 32
61 1 2 100 2 32 33
62 1 2 111 2 32 33
63 1 2 100 2 33 34
64 1 2 111 2 33 34
65 1 2 100 2 34 35
66 1 2 111 2 34 35
67 1 2 100 2 35 36
68 1 2 111 2 35 36
69 1 2 100 2 36 37
70 1 2 111 2 36 37
71 1 2 100 2 37 38
72 1 2 111 2 37 38
73 1 2 100 2 38 39
74 1 2 111 2 38 39
75 1 2 100 2 39 40
76 1 2 111 2 39 40
77 1 2 100 2 40 41
78 1 2 111 2 40 41
79 1 2 100 2 41 42
80 1 2 111 2 41 42
81 1 2 100 2 42 43
82 1 2 111 2 42 43
83 1 2 100 2 43 44
84 1 2 111 2 43 44
85 1 2 100 2 44 45
86 1 2 111 2 44 45
87 1 2 100 2 45 46
88 1 2 111 2 45 46
89 1 2 100 2 46 47
90 1 2 111 2 46 47
91 1 2 100 2 47 48
92 1 2 111 2 47 48
93 1 2 100 2 48 49
94 1 2 111 2 48 49
95 1 2 100 2 49 50
96 1 2 111 2 49 50
97 1 2 100 2 50 51
98 1 2 111 2 50 51
99 1 2 100 2 51 52
100 1 2 111 2 51 52
101 1 2 100 2 52 53
102 1 2 111 2 52 53
103 1 2 100 2 53 54
104 1 2 111 2 53 54
105 1 2 100 2 54 55
106 1 2 111 2 54 55
107 1 2 100 2 55 56
108 1 2 111 2 55 56
109 1 2 100 2 56 57
110 1 2 111 2 56 57
111 1 2 100 2 57 58
112 1 2 111 2 57 58
113 1 2 100 2 58 59
114 1 2 111 2 58 59
115 1 2 100 2 59 60
116 1 2 111 2 59 60
117 1 2 100 2 60 61
118 1 2 111 2 60 61
119 1 2 100 2 61 62
120 1 2 111 2 61 62
121 1 2 100 2 62 63
122 1 2 111 2 62 63
123 1 2 100 2 63 64
124 1 2 111 2 63 64
125 1 2 100 2 64 65
126 1 2 111 2 64 65
127 1 2 100 2 65 66
128 1 2 111 2 65 66
129 1 2 100 2 66 67
130 1 2 111 2 66 67
131 1 2 100 2 67 68
132 1 2 111 2 67 68
133 1 2 100 2 68 69
134 1 2 111 2 68 69
135 1 2 100 2 69 70
136 1 2 111 2 69 70
137 1 2 100 2 70 71
138 1 2 111 2 70 71
139 1 2 100 2 71 72
140 1 2 111 2 71 72
141 1 2 100 2 72 73
142 1 2 111 2 72 73
143 1 2 100 2 73 74
144 1 2 111 2 73 74
145 1 2 100 2 74 75
146 1 2 111 2 74 75
147 1 2 100 2 75 76
148 1 2 111 2 75 76
149 1 2 100 2 76 77
150 1 2 111 2 76 77
151 1 2 100 2 77 78
152 1 2 111 2 77 78
153 1 2 100 2 78 79
154 1 2 111 2 78 79
155 1 2 100 2 79 3
156 1 2 111 2 79 3
157 1 2 100 3 3 80
158 1 2 101 3 3 80
159 1 2 100 3 80 81
160 1 2 101 3 80 81
161 1 2 100 3 81 4
162 1 2 101 3 81 4
163 1 2 100 4 4 82
164 1 2 113 4 4 82
165 1 2 100 4 82 83
166 1 2 113 4 82 83
167 1 2 100 4 83 84
168 1 2 113 4 83 84
169 1 2 100 4 84 85
170 1 2 113 4 84 85
171 1 2 100 4 85 86
172 1 2 113 4 85 86
173 1 2 100 4 86 87
174 1 2 113 4 86 87
175 1 2 100 4 87 88
176 1 2 113 4 87 88
177 1 2 100 4 88 89
178 1 2 113 4 88 89
179 1 2 100 4 89 90
180 1 2 113 4 89 90
181 1 2 100 4 90 91
182 1 2 113 4 90 91
183 1 2 100 4 91 92
184 1 2 113 4 91 92
185 1 2 100 4 92 93
186 1 2 113 4 92 93
187 1 2 100 4 93 94
188 1 2 113 4 93 94
189 1 2 100 4 94 95
190 1 2 113 4 94 95
191 1 2 100 4 95 96
192 1 2 113 4 95 96
193 1 2 100 4 96 97
194 1 2 113 4 96 97
195 1 2 100 4 97 98
196 1 2 113 4 97 98
197 1 2 100 4 98 99
198 1 2 113 4 98 99
199 1 2 100 4 99 100
200 1 2 113 4 99 100
201 1 2 100 4 100 101
202 1 2 113 4 100 101
203 1 2 100 4 101 102
204 1 2 113 4 101 102
205 1 2 100 4 102 103
206 1 2 113 4 102 103
207 1 2 100 4 103 104
208 1 2 113 4 103 104
209 1 2 100 4 104 105
210 1 2 113 4 104 105
211 1 2 100 4 105 106
212 1 2 113 4 105 106
213 1 2 100 4 106 107
214 1 2 113 4 106 107
215 1 2 100 4 107 108
216 1 2 113 4 107 108
217 1 2 100 4 108 109
218 1 2 113 4 108 109
219 1 2 100 4 109 110
220 1 2 113 4 109 110
221 1 2 100 4 110 111
222 1 2 113 4 110 111
223 1 2 100 4 111 112
224 1 2 113 4 111 112
225 1 2 100 4 112 113
226 1 2 113 4 112 113
227 1 2 100 4 113 114
228 1 2 113 4 113 114
229 1 2 100 4 114 115
230 1 2 113 4 114 115
231 1 2 100 4 115 116
232 1 2 113 4 115 116
233 1 2 100 4 116 117
234 1 2 113 4 116 117
235 1 2 100 4 117 118
236 1 2 113 4 117 118
237 1 2 100 4 118 119
238 1 2 113 4 118 119
239 1 2 100 4 119 120
240 1 2 113 4 119 120
241 1 2 100 4 120 121
242 1 2 113 4 120 121
243 1 2 100 4 121 122
244 1 2 113 4 121 122
245 1 2 100 4 122 123
246 1 2 113 4 122 123
247 1 2 100 4 123 124
248 1 2 113 4 123 124
249 1 2 100 4 124 125
250 1 2 113 4 124 125
251 1 2 100 4 125 126
252 1 2 113 4 125 126
253 1 2 100 4 126 127
254 1 2 113 4 126 127
255 1 2 100 4 127 128
256 1 2 113 4 127 128
257 1 2 100 4 128 129
258 1 2 113 4 128 129
259 1 2 100 4 129 130
260 1 2 113 4 129 130
261 1 2 100 4 130 131
262 1 2 113 4 130 131
263 1 2 100 4 131 132
264 1 2 113 4 131 132
265 1 2 100 4 132 133
266 1 2 113 4 132 133
267 1 2 100 4 133 134
268 1 2 113 4 133 134
269 1 2 100 4 134 135
270 1 2 113 4 134 135
271 1 2 100 4 135 136
272 1 2 113 4 135 136
273 1 2 100 4 136 137
274 1 2 113 4 136 137
275 1 2 100 4 137 138
276 1 2 113 4 137 138
277 1 2 100 4 138 139
278 1 2 113 4 138 139
279 1 2 100 4 139 140
280 1 2 113 4 139 140
281 1 2 100 4 140 141
282 1 2 113 4 140 141
283 1 2 100 4 141 142
284 1 2 113 4 141 142
285 1 2 100 4 142 143
286 1 2 113 4 142 143
287 1 2 100 4 143 144
288 1 2 113 4 143 144
289 1 2 100 4 144 145
290 1 2 113 4 144 145
291 1 2 100 4 145 5
292 1 2 113 4 145 5
293 1 2 100 5 5 146
294 1 2 114 5 5 146
295 1 2 100 5 146 147
296 1 2 114 5 146 147
297 1 2 100 5 147 148
298 1 2 114 5 147 148
299 1 2 100 5 148 149
300 1 2 114 5 148 149
301 1 2 100 5 149 150
302 1 2 114 5 149 150
303 1 2 100 5 150 151
304 1 2 114 5 150 151
305 1 2 100 5 151 152
306 1 2 114 5 151 152
307 1 2 100 5 152 153
308 1 2 114 5 152 153
309 1 2 100 5 153 154
310 1 2 114 5 153 154
311 1 2 100 5 154 155
312 1 2 114 5 154 155
313 1 2 100 5 155 156
314 1 2 114 5 155 156
315 1 2 100 5 156 1
316 1 2 114 5 156 1
317 2 2 1 1 601 1468 1310
318 2 2 1 1 1101 1877 1104
319 2 2 1 1 784 1363 1289
320 2 2 1 1 1100 1877 1101
321 2 2 1 1 1868 1915 926
322 2 2 1 1 1856 1973 1500
323 2 2 1 1 188 1887 1516
324 2 2 1 1 1424 1958 433
325 2 2 1 1 1400 1932 733
326 2 2 1 1 1006 1539 1538
327 2 2 1 1 1231 2034 1990
328 2 2 1 1 166 1509 1282
329 2 2 1 1 1109 1973 1856
330 2 2 1 1 1709 2133 169
331 2 2 1 1 1494 1920 1862
332 2 2 1 1 1228 1974 1908
333 2 2 1 1 161 1642 1564
334 2 2 1 1 1221 2153 1860
335 2 2 1 1 194 1456 1292
336 2 2 1 1 1541 1709 169
337 2 2 1 1 1372 1909 545
338 2 2 1 1 992 1496 1297
339 2 2 1 1 1237 2153 1221
340 2 2 1 1 1013 1396 1011
341 2 2 1 1 1301 1517 992
342 2 2 1 1 108 1947 107
343 2 2 1 1 1247 1984 1890
344 2 2 1 1 161 1643 1642
345 2 2 1 1 1457 2199 1450
346 2 2 1 1 433 2120 1424
347 2 2 1 1 733 1931 1400
348 2 2 1 1 1356 1924 1143
349 2 2 1 1 1374 1477 1367
350 2 2 1 1 1890 2082 1247
351 2 2 1 1 1282 2169 166
352 2 2 1 1 1289 1998 784
353 2 2 1 1 1992 2028 721
354 2 2 1 1 1494 2046 903
355 2 2 1 1 1903 1972 995
356 2 2 1 1 2079 2119 1173
357 2 2 1 1 429 2070 1452
358 2 2 1 1 591 1440 736
359 2 2 1 1 1284 2226 192
360 2 2 1 1 1402 2010 1401
361 2 2 1 1 430 2013 1350
362 2 2 1 1 876 1425 1423
363 2 2 1 1 1104 1877 1876
364 2 2 1 1 1364 1390 1243
365 2 2 1 1 700 1878 1315
366 2 2 1 1 1862 1920 824
367 2 2 1 1 1448 1480 168
368 2 2 1 1 1278 2028 1992
369 2 2 1 1 1350 2013 1351
370 2 2 1 1 1476 1506 1170
371 2 2 1 1 1538 1922 1006
372 2 2 1 1 1290 2176 1166
373 2 2 1 1 1342 1390 1364
374 2 2 1 1 1897 1927 419
375 2 2 1 1 1483 1618 441
376 2 2 1 1 1247 2082 1838
377 2 2 1 1 1013 2042 1396
378 2 2 1 1 1516 1887 1515
379 2 2 1 1 107 1947 1713
380 2 2 1 1 1924 2084 1143
381 2 2 1 1 994 1478 1428
382 2 2 1 1 876 1427 1425
383 2 2 1 1 1932 2091 1926
384 2 2 1 1 2126 2157 1279
385 2 2 1 1 1292 1457 194
386 2 2 1 1 192 1489 1284
387 2 2 1 1 1478 1897 1428
388 2 2 1 1 725 1357 596
389 2 2 1 1 1825 1998 1289
390 2 2 1 1 1373 1909 1372
391 2 2 1 1 1026 1856 1500
392 2 2 1 1 107 1713 106
393 2 2 1 1 1425 1956 1426
394 2 2 1 1 596 1357 1002
395 2 2 1 1 1294 1689 160
396 2 2 1 1 1151 1498 1225
397 2 2 1 1 1908 1974 761
398 2 2 1 1 1446 1448 168
399 2 2 1 1 1489 2052 1284
400 2 2 1 1 194 1457 1450
401 2 2 1 1 1486 2176 1290
402 2 2 1 1 903 1920 1494
403 2 2 1 1 823 2016 1445
404 2 2 1 1 1325 1825 1289
405 2 2 1 1 788 1949 728
406 2 2 1 1 999 2110 1417
407 2 2 1 1 1886 1962 1885
408 2 2 1 1 823 1440 591
409 2 2 1 1 419 1898 1897
410 2 2 1 1 1105 1423 1422
411 2 2 1 1 441 1619 1483
412 2 2 1 1 1225 1498 1276
413 2 2 1 1 1423 1470 876
414 2 2 1 1 1941 2154 741
415 2 2 1 1 215 2052 1489
416 2 2 1 1 1297 1991 992
417 2 2 1 1 1867 1915 1868
418 2 2 1 1 721 2028 1987
419 2 2 1 1 460 2031 1980
420 2 2 1 1 501 2001 1266
421 2 2 1 1 1427 1956 1425
422 2 2 1 1 822 1390 1342
423 2 2 1 1 1987 2028 1518
424 2 2 1 1 535 2187 1420
425 2 2 1 1 1509 1894 1249
426 2 2 1 1 1485 1988 1216
427 2 2 1 1 764 1953 922
428 2 2 1 1 1367 1477 1298
429 2 2 1 1 1980 2031 1383
430 2 2 1 1 186 2048 1620
431 2 2 1 1 1401 2010 1296
432 2 2 1 1 106 1713 185
433 2 2 1 1 1105 1470 1423
434 2 2 1 1 1538 2133 1922
435 2 2 1 1 1426 1956 743
436 2 2 1 1 185 1712 1690
437 2 2 1 1 1418 1981 1133
438 2 2 1 1 992 1991 1301
439 2 2 1 1 1397 1995 1967
440 2 2 1 1 232 1888 1309
441 2 2 1 1 12 1324 176
442 2 2 1 1 553 1340 551
443 2 2 1 1 1170 1506 1464
444 2 2 1 1 1340 1341 551
445 2 2 1 1 1025 2191 1305
446 2 2 1 1 1116 2090 1118
447 2 2 1 1 176 1323 1304
448 2 2 1 1 1452 2070 1244
449 2 2 1 1 280 1341 282
450 2 2 1 1 1990 2034 1229
451 2 2 1 1 12 2224 1324
452 2 2 1 1 441 1983 1619
453 2 2 1 1 1922 2133 1271
454 2 2 1 1 198 1995 1397
455 2 2 1 1 8 2096 214
456 2 2 1 1 282 1341 285
457 2 2 1 1 593 1910 1306
458 2 2 1 1 1315 1946 700
459 2 2 1 1 185 1713 1712
460 2 2 1 1 1367 2160 1374
461 2 2 1 1 1654 1954 187
462 2 2 1 1 1891 1934 1475
463 2 2 1 1 887 1941 741
464 2 2 1 1 1271 2133 1709
465 2 2 1 1 214 2096 1345
466 2 2 1 1 1619 1983 1227
467 2 2 1 1 1129 1930 1690
468 2 2 1 1 160 2045 1294
469 2 2 1 1 1475 1934 1474
470 2 2 1 1 168 1479 1446
471 2 2 1 1 1133 1981 1362
472 2 2 1 1 1430 1959 191
473 2 2 1 1 1450 2199 1451
474 2 2 1 1 1343 2187 535
475 2 2 1 1 1310 1937 601
476 2 2 1 1 163 2072 1458
477 2 2 1 1 1336 1341 1340
478 2 2 1 1 1105 1422 1421
479 2 2 1 1 1440 1502 736
480 2 2 1 1 1446 1479 1443
481 2 2 1 1 1409 2161 2106
482 2 2 1 1 1387 2100 1965
483 2 2 1 1 1282 1509 1249
484 2 2 1 1 1944 2062 1313
485 2 2 1 1 248 1988 1485
486 2 2 1 1 187 2220 1654
487 2 2 1 1 219 1322 880
488 2 2 1 1 1316 1552 184
489 2 2 1 1 1445 2168 823
490 2 2 1 1 255 1325 252
491 2 2 1 1 2111 2142 1658
492 2 2 1 1 1838 2136 1247
493 2 2 1 1 1333 2142 2111
494 2 2 1 1 184 1553 1316
495 2 2 1 1 1911 1928 1338
496 2 2 1 1 1690 1930 185
497 2 2 1 1 1407 2161 1409
498 2 2 1 1 1118 2090 1863
499 2 2 1 1 263 1354 260
500 2 2 1 1 1870 1936 1198
501 2 2 1 1 1858 2251 1839
502 2 2 1 1 1363 1957 1296
503 2 2 1 1 418 2197 1852
504 2 2 1 1 894 1928 1911
505 2 2 1 1 992 1517 570
506 2 2 1 1 568 1496 992
507 2 2 1 1 1304 1359 176
508 2 2 1 1 1906 2134 2036
509 2 2 1 1 1413 2046 1494
510 2 2 1 1 1266 2227 501
511 2 2 1 1 1358 1997 1002
512 2 2 1 1 238 1506 1476
513 2 2 1 1 748 2134 1952
514 2 2 1 1 468 1932 1926
515 2 2 1 1 1832 2119 2079
516 2 2 1 1 1620 2048 1226
517 2 2 1 1 2089 2122 811
518 2 2 1 1 1336 2162 1341
519 2 2 1 1 1245 2059 1397
520 2 2 1 1 873 2002 994
521 2 2 1 1 2104 2165 1265
522 2 2 1 1 2008 2074 167
523 2 2 1 1 720 1960 1321
524 2 2 1 1 360 2144 1307
525 2 2 1 1 1231 2202 2034
526 2 2 1 1 1266 2104 1265
527 2 2 1 1 1239 2145 1018
528 2 2 1 1 1245 2074 2008
529 2 2 1 1 1306 1876 593
530 2 2 1 1 1402 2229 2010
531 2 2 1 1 915 2157 2126
532 2 2 1 1 1400 2091 1932
533 2 2 1 1 964 2043 1955
534 2 2 1 1 1243 2172 1364
535 2 2 1 1 1309 2216 232
536 2 2 1 1 223 1343 535
537 2 2 1 1 1955 2043 1335
538 2 2 1 1 1458 2072 1459
539 2 2 1 1 1413 1493 1492
540 2 2 1 1 1959 2155 191
541 2 2 1 1 1288 2251 1858
542 2 2 1 1 995 2039 1903
543 2 2 1 1 926 2055 1868
544 2 2 1 1 1127 1895 1826
545 2 2 1 1 1276 1498 1497
546 2 2 1 1 2036 2134 748
547 2 2 1 1 1221 1462 1219
548 2 2 1 1 1307 2095 360
549 2 2 1 1 104 1588 103
550 2 2 1 1 1386 2100 1387
551 2 2 1 1 1415 2122 2089
552 2 2 1 1 1289 1363 1014
553 2 2 1 1 1355 2197 418
554 2 2 1 1 1025 1953 764
555 2 2 1 1 1443 1479 195
556 2 2 1 1 192 2226 1376
557 2 2 1 1 241 1355 418
558 2 2 1 1 1313 2062 1350
559 2 2 1 1 1474 1934 460
560 2 2 1 1 1876 2060 1104
561 2 2 1 1 1507 1949 788
562 2 2 1 1 1428 1956 1427
563 2 2 1 1 1867 1914 1230
564 2 2 1 1 460 1980 1474
565 2 2 1 1 994 2002 1478
566 2 2 1 1 1468 2102 1310
567 2 2 1 1 2134 2179 1952
568 2 2 1 1 1903 2151 1972
569 2 2 1 1 1462 2155 1219
570 2 2 1 1 252 1325 251
571 2 2 1 1 1244 1854 1391
572 2 2 1 1 1881 1962 1886
573 2 2 1 1 964 1955 1338
574 2 2 1 1 260 1354 259
575 2 2 1 1 1305 1953 1025
576 2 2 1 1 535 1419 225
577 2 2 1 1 822 1342 371
578 2 2 1 1 1451 2033 1322
579 2 2 1 1 263 2233 1354
580 2 2 1 1 161 1947 108
581 2 2 1 1 274 1360 277
582 2 2 1 1 2017 2094 1259
583 2 2 1 1 268 1361 271
584 2 2 1 1 1413 1492 1411
585 2 2 1 1 2130 2181 2012
586 2 2 1 1 2008 2059 1245
587 2 2 1 1 1233 1888 1419
588 2 2 1 1 258 1364 261
589 2 2 1 1 81 2098 80
590 2 2 1 1 1441 1443 195
591 2 2 1 1 1462 1860 152
592 2 2 1 1 1564 1947 161
593 2 2 1 1 1448 2208 1480
594 2 2 1 1 1296 1957 1401
595 2 2 1 1 1173 2119 2092
596 2 2 1 1 1221 1860 1462
597 2 2 1 1 1377 1436 1435
598 2 2 1 1 103 1588 164
599 2 2 1 1 80 2098 216
600 2 2 1 1 481 1933 472
601 2 2 1 1 1541 1982 1709
602 2 2 1 1 245 1388 1112
603 2 2 1 1 218 1322 219
604 2 2 1 1 1378 1419 535
605 2 2 1 1 1516 2131 188
606 2 2 1 1 784 1957 1363
607 2 2 1 1 1308 2171 204
608 2 2 1 1 1471 2075 1467
609 2 2 1 1 1309 1888 1233
610 2 2 1 1 1347 1393 578
611 2 2 1 1 1408 2192 881
612 2 2 1 1 1019 2093 2060
613 2 2 1 1 164 1587 1569
614 2 2 1 1 1384 1658 676
615 2 2 1 1 881 2221 1408
616 2 2 1 1 2185 2194 459
617 2 2 1 1 287 1365 284
618 2 2 1 1 551 1341 280
619 2 2 1 1 588 1340 553
620 2 2 1 1 1105 1421 724
621 2 2 1 1 1246 2095 1307
622 2 2 1 1 239 1355 241
623 2 2 1 1 1471 2180 2075
624 2 2 1 1 1500 1542 1026
625 2 2 1 1 287 1366 1365
626 2 2 1 1 994 1427 872
627 2 2 1 1 728 1949 727
628 2 2 1 1 204 2085 1308
629 2 2 1 1 1337 2194 2185
630 2 2 1 1 580 1347 578
631 2 2 1 1 538 1936 1870
632 2 2 1 1 196 2149 1894
633 2 2 1 1 164 1588 1587
634 2 2 1 1 1359 1431 201
635 2 2 1 1 1214 1658 1384
636 2 2 1 1 923 1831 765
637 2 2 1 1 1402 2173 489
638 2 2 1 1 210 1858 1839
639 2 2 1 1 1326 1335 993
640 2 2 1 1 212 1322 218
641 2 2 1 1 1376 2226 1900
642 2 2 1 1 1826 1895 1361
643 2 2 1 1 195 1463 1441
644 2 2 1 1 724 1421 800
645 2 2 1 1 272 1360 274
646 2 2 1 1 1352 1355 239
647 2 2 1 1 765 1831 989
648 2 2 1 1 266 1361 268
649 2 2 1 1 1900 2203 1376
650 2 2 1 1 1338 1928 964
651 2 2 1 1 1308 2085 175
652 2 2 1 1 548 1910 537
653 2 2 1 1 736 1502 775
654 2 2 1 1 716 1923 755
655 2 2 1 1 467 1914 1867
656 2 2 1 1 1315 2128 1946
657 2 2 1 1 1834 1976 1836
658 2 2 1 1 536 1937 547
659 2 2 1 1 1135 1985 1977
660 2 2 1 1 256 1364 258
661 2 2 1 1 236 1352 239
662 2 2 1 1 558 1393 498
663 2 2 1 1 1246 2136 2095
664 2 2 1 1 1383 2031 853
665 2 2 1 1 922 1953 1127
666 2 2 1 1 176 1324 1323
667 2 2 1 1 1322 2175 1451
668 2 2 1 1 807 1966 804
669 2 2 1 1 479 1371 503
670 2 2 1 1 1099 1967 971
671 2 2 1 1 1121 1968 1453
672 2 2 1 1 171 2040 1348
673 2 2 1 1 255 1825 1325
674 2 2 1 1 1339 1942 894
675 2 2 1 1 711 1353 915
676 2 2 1 1 1006 2123 1539
677 2 2 1 1 1418 2159 1417
678 2 2 1 1 994 1428 1427
679 2 2 1 1 1358 2213 273
680 2 2 1 1 243 1388 245
681 2 2 1 1 1156 1880 1569
682 2 2 1 1 273 2051 1358
683 2 2 1 1 894 1911 1339
684 2 2 1 1 1424 2120 1422
685 2 2 1 1 212 218 16
686 2 2 1 1 1223 2000 1904
687 2 2 1 1 1305 2191 1360
688 2 2 1 1 1317 1553 1320
689 2 2 1 1 853 2057 1383
690 2 2 1 1 1368 2160 1367
691 2 2 1 1 1244 1391 978
692 2 2 1 1 1864 1951 1118
693 2 2 1 1 1907 2145 1239
694 2 2 1 1 2105 2147 1290
695 2 2 1 1 1354 2233 1434
696 2 2 1 1 175 2230 1308
697 2 2 1 1 1403 1481 1410
698 2 2 1 1 2027 2221 2149
699 2 2 1 1 1834 2223 1976
700 2 2 1 1 284 1365 283
701 2 2 1 1 537 1910 593
702 2 2 1 1 719 1326 993
703 2 2 1 1 1569 1880 164
704 2 2 1 1 1236 1549 1535
705 2 2 1 1 1316 1553 1317
706 2 2 1 1 472 1933 733
707 2 2 1 1 1472 2160 1368
708 2 2 1 1 983 1884 887
709 2 2 1 1 140 1435 178
710 2 2 1 1 766 1923 716
711 2 2 1 1 225 1419 227
712 2 2 1 1 1434 2256 2157
713 2 2 1 1 825 1951 1864
714 2 2 1 1 535 1420 1378
715 2 2 1 1 177 2094 2017
716 2 2 1 1 1423 1424 1422
717 2 2 1 1 1247 2164 1984
718 2 2 1 1 601 1937 536
719 2 2 1 1 426 1838 1837
720 2 2 1 1 1387 1832 1831
721 2 2 1 1 1408 2221 2027
722 2 2 1 1 1279 2157 1280
723 2 2 1 1 1121 1453 1452
724 2 2 1 1 154 1430 191
725 2 2 1 1 142 1375 141
726 2 2 1 1 1237 2152 1293
727 2 2 1 1 1441 1463 1437
728 2 2 1 1 221 1343 223
729 2 2 1 1 1423 1425 1424
730 2 2 1 1 1396 1996 1011
731 2 2 1 1 10 1359 201
732 2 2 1 1 1549 2230 1535
733 2 2 1 1 1321 2075 720
734 2 2 1 1 804 1966 881
735 2 2 1 1 404 1905 401
736 2 2 1 1 971 1967 1152
737 2 2 1 1 141 1435 140
738 2 2 1 1 1459 1912 1539
739 2 2 1 1 1377 1435 1375
740 2 2 1 1 1488 1994 1152
741 2 2 1 1 470 1916 456
742 2 2 1 1 578 1393 558
743 2 2 1 1 985 1346 1223
744 2 2 1 1 1365 1367 1298
745 2 2 1 1 1513 2078 216
746 2 2 1 1 1362 1973 1133
747 2 2 1 1 236 239 237
748 2 2 1 1 239 241 240
749 2 2 1 1 234 236 235
750 2 2 1 1 241 243 242
751 2 2 1 1 243 245 244
752 2 2 1 1 245 247 246
753 2 2 1 1 247 250 249
754 2 2 1 1 1350 2062 430
755 2 2 1 1 1588 1930 1129
756 2 2 1 1 250 252 251
757 2 2 1 1 1358 2051 1997
758 2 2 1 1 401 1905 430
759 2 2 1 1 232 234 233
760 2 2 1 1 256 258 257
761 2 2 1 1 258 260 259
762 2 2 1 1 282 284 283
763 2 2 1 1 268 270 269
764 2 2 1 1 820 1327 1326
765 2 2 1 1 274 276 275
766 2 2 1 1 254 256 255
767 2 2 1 1 266 268 267
768 2 2 1 1 280 282 281
769 2 2 1 1 262 264 263
770 2 2 1 1 272 274 273
771 2 2 1 1 1444 1447 1446
772 2 2 1 1 1447 1448 1446
773 2 2 1 1 1373 2258 1909
774 2 2 1 1 883 885 884
775 2 2 1 1 1444 1446 1443
776 2 2 1 1 1946 2128 900
777 2 2 1 1 121 1411 120
778 2 2 1 1 883 1374 886
779 2 2 1 1 789 985 984
780 2 2 1 1 124 1416 123
781 2 2 1 1 456 1916 538
782 2 2 1 1 1442 1444 1443
783 2 2 1 1 599 873 872
784 2 2 1 1 874 875 873
785 2 2 1 1 1404 1410 1407
786 2 2 1 1 882 883 875
787 2 2 1 1 986 987 985
788 2 2 1 1 426 1837 373
789 2 2 1 1 1297 1496 281
790 2 2 1 1 489 2229 1402
791 2 2 1 1 761 1974 1344
792 2 2 1 1 1417 2110 1416
793 2 2 1 1 277 278 276
794 2 2 1 1 271 272 270
795 2 2 1 1 261 262 260
796 2 2 1 1 285 286 284
797 2 2 1 1 1019 2060 1306
798 2 2 1 1 872 1427 876
799 2 2 1 1 265 266 264
800 2 2 1 1 1442 1443 1441
801 2 2 1 1 279 280 278
802 2 2 1 1 1251 2181 2130
803 2 2 1 1 253 254 252
804 2 2 1 1 1019 1306 1017
805 2 2 1 1 1144 1310 1251
806 2 2 1 1 229 232 231
807 2 2 1 1 2042 2152 1278
808 2 2 1 1 223 535 225
809 2 2 1 1 181 2147 2105
810 2 2 1 1 1884 1941 887
811 2 2 1 1 234 235 233
812 2 2 1 1 1368 2174 1472
813 2 2 1 1 1326 1955 1335
814 2 2 1 1 1385 1879 1859
815 2 2 1 1 236 237 235
816 2 2 1 1 1303 1392 988
817 2 2 1 1 1992 2042 1278
818 2 2 1 1 1971 2039 995
819 2 2 1 1 239 240 237
820 2 2 1 1 276 1496 568
821 2 2 1 1 241 242 240
822 2 2 1 1 232 233 231
823 2 2 1 1 1348 1534 171
824 2 2 1 1 1371 2241 503
825 2 2 1 1 973 974 787
826 2 2 1 1 2114 2129 87
827 2 2 1 1 568 992 570
828 2 2 1 1 243 244 242
829 2 2 1 1 245 246 244
830 2 2 1 1 1117 1457 1292
831 2 2 1 1 990 1289 1014
832 2 2 1 1 718 719 588
833 2 2 1 1 1305 1360 272
834 2 2 1 1 540 789 565
835 2 2 1 1 575 1353 711
836 2 2 1 1 819 820 719
837 2 2 1 1 247 249 246
838 2 2 1 1 1962 2228 1885
839 2 2 1 1 283 1365 1298
840 2 2 1 1 820 1326 719
841 2 2 1 1 1384 1879 1385
842 2 2 1 1 218 219 190
843 2 2 1 1 229 1888 232
844 2 2 1 1 447 1352 236
845 2 2 1 1 250 251 249
846 2 2 1 1 775 1502 906
847 2 2 1 1 556 1361 266
848 2 2 1 1 572 599 598
849 2 2 1 1 1152 1995 1488
850 2 2 1 1 1450 1451 217
851 2 2 1 1 719 993 588
852 2 2 1 1 711 915 914
853 2 2 1 1 256 257 255
854 2 2 1 1 371 1342 254
855 2 2 1 1 1306 1910 1017
856 2 2 1 1 282 283 281
857 2 2 1 1 1425 1426 1424
858 2 2 1 1 258 259 257
859 2 2 1 1 281 1496 278
860 2 2 1 1 268 269 267
861 2 2 1 1 1016 1296 1295
862 2 2 1 1 254 255 252
863 2 2 1 1 274 275 273
864 2 2 1 1 1860 2153 183
865 2 2 1 1 1014 1363 1016
866 2 2 1 1 1342 1364 256
867 2 2 1 1 276 568 275
868 2 2 1 1 266 267 264
869 2 2 1 1 280 281 278
870 2 2 1 1 1144 1937 1310
871 2 2 1 1 1285 2213 1358
872 2 2 1 1 1421 1422 1300
873 2 2 1 1 286 287 284
874 2 2 1 1 262 263 260
875 2 2 1 1 272 273 270
876 2 2 1 1 976 1300 1299
877 2 2 1 1 787 1347 580
878 2 2 1 1 1294 2045 1552
879 2 2 1 1 259 1354 575
880 2 2 1 1 155 1430 154
881 2 2 1 1 251 1325 990
882 2 2 1 1 973 1024 974
883 2 2 1 1 1418 2198 2159
884 2 2 1 1 101 1454 100
885 2 2 1 1 1322 2033 880
886 2 2 1 1 1151 2189 1498
887 2 2 1 1 200 1542 1499
888 2 2 1 1 1499 1542 1500
889 2 2 1 1 1898 2140 743
890 2 2 1 1 820 1391 1328
891 2 2 1 1 987 1346 985
892 2 2 1 1 1437 1463 178
893 2 2 1 1 1833 1835 1834
894 2 2 1 1 800 1421 976
895 2 2 1 1 883 884 875
896 2 2 1 1 1375 1435 141
897 2 2 1 1 219 880 221
898 2 2 1 1 1419 1888 227
899 2 2 1 1 1304 1431 1359
900 2 2 1 1 874 1517 1301
901 2 2 1 1 885 930 884
902 2 2 1 1 985 1223 984
903 2 2 1 1 1967 1995 1152
904 2 2 1 1 873 994 872
905 2 2 1 1 215 1489 144
906 2 2 1 1 373 1837 415
907 2 2 1 1 821 822 371
908 2 2 1 1 789 984 565
909 2 2 1 1 555 588 553
910 2 2 1 1 286 288 287
911 2 2 1 1 15 218 190
912 2 2 1 1 1439 1442 1441
913 2 2 1 1 880 1343 221
914 2 2 1 1 418 1388 243
915 2 2 1 1 11 1359 10
916 2 2 1 1 1293 2153 1237
917 2 2 1 1 599 874 873
918 2 2 1 1 1413 1494 1493
919 2 2 1 1 19 1450 217
920 2 2 1 1 14 1394 13
921 2 2 1 1 883 886 885
922 2 2 1 1 599 872 598
923 2 2 1 1 1357 2077 1286
924 2 2 1 1 287 1841 1366
925 2 2 1 1 874 882 875
926 2 2 1 1 789 986 985
927 2 2 1 1 1467 2025 998
928 2 2 1 1 1016 1363 1296
929 2 2 1 1 915 977 914
930 2 2 1 1 599 1517 874
931 2 2 1 1 882 1374 883
932 2 2 1 1 743 1956 1898
933 2 2 1 1 1553 1554 1320
934 2 2 1 1 1533 2171 1146
935 2 2 1 1 1121 1244 978
936 2 2 1 1 1429 1430 155
937 2 2 1 1 585 2016 823
938 2 2 1 1 986 1170 987
939 2 2 1 1 1386 1387 1126
940 2 2 1 1 1426 1958 1424
941 2 2 1 1 100 1454 207
942 2 2 1 1 1971 2167 2039
943 2 2 1 1 739 2107 2019
944 2 2 1 1 986 1827 1171
945 2 2 1 1 223 225 224
946 2 2 1 1 1328 1329 1327
947 2 2 1 1 1143 2197 1356
948 2 2 1 1 589 1518 773
949 2 2 1 1 1146 2135 1533
950 2 2 1 1 274 277 276
951 2 2 1 1 789 1827 986
952 2 2 1 1 1220 1278 1237
953 2 2 1 1 575 1354 1353
954 2 2 1 1 16 218 15
955 2 2 1 1 1447 1465 1448
956 2 2 1 1 268 271 270
957 2 2 1 1 258 261 260
958 2 2 1 1 282 285 284
959 2 2 1 1 595 1470 1105
960 2 2 1 1 1435 1436 178
961 2 2 1 1 1283 2129 2114
962 2 2 1 1 161 2260 1643
963 2 2 1 1 990 1325 1289
964 2 2 1 1 1300 1369 1299
965 2 2 1 1 1831 1832 989
966 2 2 1 1 262 265 264
967 2 2 1 1 225 227 226
968 2 2 1 1 1904 2097 1223
969 2 2 1 1 176 1359 11
970 2 2 1 1 601 2217 1468
971 2 2 1 1 250 253 252
972 2 2 1 1 1894 2149 1249
973 2 2 1 1 21 1456 194
974 2 2 1 1 1018 1019 1017
975 2 2 1 1 1403 1410 1404
976 2 2 1 1 277 279 278
977 2 2 1 1 254 1342 256
978 2 2 1 1 271 1305 272
979 2 2 1 1 1505 1849 1506
980 2 2 1 1 733 1933 1931
981 2 2 1 1 245 1112 247
982 2 2 1 1 1348 2040 1163
983 2 2 1 1 279 551 280
984 2 2 1 1 265 556 266
985 2 2 1 1 974 1347 787
986 2 2 1 1 1436 1437 178
987 2 2 1 1 289 1830 813
988 2 2 1 1 1439 1441 1437
989 2 2 1 1 570 1517 572
990 2 2 1 1 227 229 228
991 2 2 1 1 725 2077 1357
992 2 2 1 1 503 1827 540
993 2 2 1 1 1144 1251 1250
994 2 2 1 1 253 371 254
995 2 2 1 1 241 418 243
996 2 2 1 1 1867 1868 1866
997 2 2 1 1 2130 2219 1250
998 2 2 1 1 1838 2082 1835
999 2 2 1 1 1412 1413 1411
1000 2 2 1 1 202 1432 148
1001 2 2 1 1 1404 1407 1406
1002 2 2 1 1 1112 1861 247
1003 2 2 1 1 1535 2230 175
1004 2 2 1 1 676 1879 1384
1005 2 2 1 1 820 1328 1327
1006 2 2 1 1 1432 1433 147
1007 2 2 1 1 221 223 222
1008 2 2 1 1 153 1462 152
1009 2 2 1 1 2010 2229 493
1010 2 2 1 1 1876 1877 1873
1011 2 2 1 1 219 221 220
1012 2 2 1 1 1460 1461 1389
1013 2 2 1 1 1539 2123 1459
1014 2 2 1 1 229 231 230
1015 2 2 1 1 8 214 7
1016 2 2 1 1 234 447 236
1017 2 2 1 1 1126 1831 923
1018 2 2 1 1 1515 1887 1530
1019 2 2 1 1 2007 2022 464
1020 2 2 1 1 17 212 16
1021 2 2 1 1 976 1421 1300
1022 2 2 1 1 104 1930 1588
1023 2 2 1 1 1434 2157 1353
1024 2 2 1 1 192 1375 142
1025 2 2 1 1 1466 1467 998
1026 2 2 1 1 1909 2258 759
1027 2 2 1 1 718 819 719
1028 2 2 1 1 877 1017 712
1029 2 2 1 1 885 1379 932
1030 2 2 1 1 15 190 14
1031 2 2 1 1 1438 1439 1437
1032 2 2 1 1 1347 2218 1393
1033 2 2 1 1 886 1379 885
1034 2 2 1 1 555 718 588
1035 2 2 1 1 503 2241 1827
1036 2 2 1 1 262 1857 265
1037 2 2 1 1 885 932 930
1038 2 2 1 1 819 1391 820
1039 2 2 1 1 1464 1977 987
1040 2 2 1 1 24 1460 1389
1041 2 2 1 1 1379 1380 932
1042 2 2 1 1 1985 2107 1977
1043 2 2 1 1 286 1830 289
1044 2 2 1 1 1361 1895 271
1045 2 2 1 1 1924 2080 1234
1046 2 2 1 1 1000 1234 1232
1047 2 2 1 1 1352 1356 1355
1048 2 2 1 1 821 998 822
1049 2 2 1 1 147 1433 146
1050 2 2 1 1 1116 1118 934
1051 2 2 1 1 265 1857 708
1052 2 2 1 1 1908 2132 1228
1053 2 2 1 1 1385 2022 2007
1054 2 2 1 1 310 1986 1940
1055 2 2 1 1 13 2224 12
1056 2 2 1 1 983 1886 1885
1057 2 2 1 1 896 1144 1142
1058 2 2 1 1 1449 1455 207
1059 2 2 1 1 156 1429 155
1060 2 2 1 1 1118 1951 934
1061 2 2 1 1 1354 1434 1353
1062 2 2 1 1 10 201 9
1063 2 2 1 1 207 1454 1449
1064 2 2 1 1 1366 1368 1367
1065 2 2 1 1 26 1469 172
1066 2 2 1 1 1220 2028 1278
1067 2 2 1 1 1329 1338 1327
1068 2 2 1 1 12 176 11
1069 2 2 1 1 151 183 150
1070 2 2 1 1 1387 2212 1832
1071 2 2 1 1 250 1861 253
1072 2 2 1 1 1100 2163 1877
1073 2 2 1 1 482 2100 1386
1074 2 2 1 1 154 191 153
1075 2 2 1 1 936 1140 907
1076 2 2 1 1 1837 1838 1835
1077 2 2 1 1 149 202 148
1078 2 2 1 1 1454 1880 1156
1079 2 2 1 1 1154 1875 1155
1080 2 2 1 1 1505 1506 238
1081 2 2 1 1 1360 1883 277
1082 2 2 1 1 2001 2218 1266
1083 2 2 1 1 1328 1330 1329
1084 2 2 1 1 251 990 602
1085 2 2 1 1 283 1298 1297
1086 2 2 1 1 1115 1619 1227
1087 2 2 1 1 253 1861 723
1088 2 2 1 1 148 1432 147
1089 2 2 1 1 1945 2251 1288
1090 2 2 1 1 1465 2014 891
1091 2 2 1 1 1245 1397 1102
1092 2 2 1 1 269 1285 597
1093 2 2 1 1 259 575 411
1094 2 2 1 1 1170 1464 987
1095 2 2 1 1 790 973 787
1096 2 2 1 1 1162 1457 1117
1097 2 2 1 1 773 1518 962
1098 2 2 1 1 1338 1955 1327
1099 2 2 1 1 568 570 569
1100 2 2 1 1 286 289 288
1101 2 2 1 1 1497 1871 1276
1102 2 2 1 1 503 540 539
1103 2 2 1 1 930 1482 1115
1104 2 2 1 1 1376 1377 1375
1105 2 2 1 1 145 215 144
1106 2 2 1 1 906 1900 777
1107 2 2 1 1 821 1466 998
1108 2 2 1 1 1356 2080 1924
1109 2 2 1 1 1540 1982 1541
1110 2 2 1 1 926 1915 803
1111 2 2 1 1 409 2100 482
1112 2 2 1 1 1411 1492 120
1113 2 2 1 1 2045 2190 1552
1114 2 2 1 1 1442 1445 1444
1115 2 2 1 1 1036 1597 1520
1116 2 2 1 1 1300 2120 1369
1117 2 2 1 1 1886 2099 1881
1118 2 2 1 1 191 1462 153
1119 2 2 1 1 19 217 18
1120 2 2 1 1 990 1014 991
1121 2 2 1 1 1244 2070 1854
1122 2 2 1 1 1285 1357 1286
1123 2 2 1 1 143 192 142
1124 2 2 1 1 1330 1331 1329
1125 2 2 1 1 1861 2012 723
1126 2 2 1 1 202 1531 1432
1127 2 2 1 1 1002 2247 1358
1128 2 2 1 1 140 178 139
1129 2 2 1 1 1841 1918 1366
1130 2 2 1 1 575 711 592
1131 2 2 1 1 1230 1915 1867
1132 2 2 1 1 540 565 564
1133 2 2 1 1 570 572 571
1134 2 2 1 1 191 2155 1462
1135 2 2 1 1 1392 1485 1024
1136 2 2 1 1 21 194 20
1137 2 2 1 1 1410 2073 1407
1138 2 2 1 1 712 1910 548
1139 2 2 1 1 1344 2081 761
1140 2 2 1 1 2013 2055 1351
1141 2 2 1 1 583 787 580
1142 2 2 1 1 978 1391 819
1143 2 2 1 1 1390 1875 1154
1144 2 2 1 1 900 1913 731
1145 2 2 1 1 165 1973 1362
1146 2 2 1 1 479 503 500
1147 2 2 1 1 1335 1336 993
1148 2 2 1 1 489 1933 481
1149 2 2 1 1 1504 1969 1940
1150 2 2 1 1 1218 1220 1219
1151 2 2 1 1 219 220 190
1152 2 2 1 1 744 1917 544
1153 2 2 1 1 23 179 22
1154 2 2 1 1 755 1923 1000
1155 2 2 1 1 278 1496 276
1156 2 2 1 1 183 1993 150
1157 2 2 1 1 2104 2218 1347
1158 2 2 1 1 933 1521 1520
1159 2 2 1 1 1014 1016 1015
1160 2 2 1 1 930 1115 931
1161 2 2 1 1 933 1525 1521
1162 2 2 1 1 1229 1919 911
1163 2 2 1 1 572 598 573
1164 2 2 1 1 237 1505 238
1165 2 2 1 1 1866 1905 404
1166 2 2 1 1 824 1920 738
1167 2 2 1 1 499 1906 478
1168 2 2 1 1 711 914 783
1169 2 2 1 1 1220 1237 1221
1170 2 2 1 1 1923 1924 1234
1171 2 2 1 1 1366 1367 1365
1172 2 2 1 1 1407 1409 1406
1173 2 2 1 1 26 172 25
1174 2 2 1 1 547 1937 896
1175 2 2 1 1 977 1400 1398
1176 2 2 1 1 1490 1491 199
1177 2 2 1 1 823 2168 1440
1178 2 2 1 1 289 290 288
1179 2 2 1 1 223 224 222
1180 2 2 1 1 743 2206 1426
1181 2 2 1 1 998 1875 822
1182 2 2 1 1 1503 1969 1504
1183 2 2 1 1 1862 2127 1494
1184 2 2 1 1 1121 1452 1244
1185 2 2 1 1 822 1875 1390
1186 2 2 1 1 225 226 224
1187 2 2 1 1 1873 1916 470
1188 2 2 1 1 962 1218 1217
1189 2 2 1 1 2077 2138 1286
1190 2 2 1 1 1115 1227 1128
1191 2 2 1 1 932 1482 930
1192 2 2 1 1 264 1989 263
1193 2 2 1 1 1016 1295 1264
1194 2 2 1 1 24 1389 23
1195 2 2 1 1 1518 2028 1218
1196 2 2 1 1 1481 2069 1410
1197 2 2 1 1 28 1490 199
1198 2 2 1 1 149 1993 202
1199 2 2 1 1 138 195 137
1200 2 2 1 1 491 1908 492
1201 2 2 1 1 723 2012 901
1202 2 2 1 1 242 1508 586
1203 2 2 1 1 1136 1303 988
1204 2 2 1 1 2108 2137 1240
1205 2 2 1 1 1382 1482 932
1206 2 2 1 1 1438 1440 1439
1207 2 2 1 1 231 1370 436
1208 2 2 1 1 832 1525 830
1209 2 2 1 1 2176 2251 1945
1210 2 2 1 1 430 2062 398
1211 2 2 1 1 877 1018 1017
1212 2 2 1 1 741 1826 556
1213 2 2 1 1 1251 2130 1250
1214 2 2 1 1 983 1885 1884
1215 2 2 1 1 1416 1978 123
1216 2 2 1 1 1370 1371 436
1217 2 2 1 1 227 228 226
1218 2 2 1 1 976 1299 1157
1219 2 2 1 1 1520 1597 933
1220 2 2 1 1 1036 1520 1449
1221 2 2 1 1 449 1938 483
1222 2 2 1 1 1960 2210 1321
1223 2 2 1 1 907 1966 807
1224 2 2 1 1 1102 1967 1099
1225 2 2 1 1 1983 2066 1227
1226 2 2 1 1 159 1411 121
1227 2 2 1 1 178 1463 139
1228 2 2 1 1 1482 1619 1115
1229 2 2 1 1 1417 2159 999
1230 2 2 1 1 23 1389 179
1231 2 2 1 1 180 1416 124
1232 2 2 1 1 875 2002 873
1233 2 2 1 1 415 1837 1833
1234 2 2 1 1 28 199 27
1235 2 2 1 1 962 1518 1218
1236 2 2 1 1 1379 1472 1381
1237 2 2 1 1 288 1841 287
1238 2 2 1 1 1949 1950 727
1239 2 2 1 1 1472 1473 1381
1240 2 2 1 1 233 1370 231
1241 2 2 1 1 1881 2099 502
1242 2 2 1 1 1382 1483 1482
1243 2 2 1 1 595 1105 724
1244 2 2 1 1 886 1472 1379
1245 2 2 1 1 1387 1831 1126
1246 2 2 1 1 1144 1250 1142
1247 2 2 1 1 285 1830 286
1248 2 2 1 1 436 1371 479
1249 2 2 1 1 237 238 235
1250 2 2 1 1 1893 1901 1521
1251 2 2 1 1 1380 1382 932
1252 2 2 1 1 1379 1381 1380
1253 2 2 1 1 1483 1619 1482
1254 2 2 1 1 419 2066 351
1255 2 2 1 1 572 1517 599
1256 2 2 1 1 1364 2172 261
1257 2 2 1 1 1833 1837 1835
1258 2 2 1 1 1833 1834 473
1259 2 2 1 1 993 1340 588
1260 2 2 1 1 139 1463 138
1261 2 2 1 1 229 230 228
1262 2 2 1 1 1010 1515 1514
1263 2 2 1 1 221 222 220
1264 2 2 1 1 766 1924 1923
1265 2 2 1 1 800 976 975
1266 2 2 1 1 242 586 240
1267 2 2 1 1 963 1525 832
1268 2 2 1 1 830 1525 933
1269 2 2 1 1 1777 1948 1921
1270 2 2 1 1 1329 1911 1338
1271 2 2 1 1 1516 1691 1235
1272 2 2 1 1 552 553 551
1273 2 2 1 1 41 1481 1403
1274 2 2 1 1 136 168 135
1275 2 2 1 1 101 1880 1454
1276 2 2 1 1 540 1827 789
1277 2 2 1 1 717 1951 825
1278 2 2 1 1 1449 1520 1455
1279 2 2 1 1 1846 1901 1893
1280 2 2 1 1 708 741 556
1281 2 2 1 1 936 1249 1140
1282 2 2 1 1 420 1833 473
1283 2 2 1 1 1330 1332 1331
1284 2 2 1 1 36 1894 1509
1285 2 2 1 1 134 197 133
1286 2 2 1 1 1512 1513 1511
1287 2 2 1 1 1341 2162 285
1288 2 2 1 1 33 1487 198
1289 2 2 1 1 246 248 244
1290 2 2 1 1 269 2213 1285
1291 2 2 1 1 1227 2066 1927
1292 2 2 1 1 726 1918 1841
1293 2 2 1 1 127 1362 126
1294 2 2 1 1 43 181 42
1295 2 2 1 1 132 173 131
1296 2 2 1 1 41 1403 40
1297 2 2 1 1 40 162 39
1298 2 2 1 1 1530 2103 1515
1299 2 2 1 1 38 196 37
1300 2 2 1 1 36 1509 35
1301 2 2 1 1 289 293 290
1302 2 2 1 1 290 291 288
1303 2 2 1 1 35 166 34
1304 2 2 1 1 1009 1511 1510
1305 2 2 1 1 231 436 230
1306 2 2 1 1 1007 1510 1238
1307 2 2 1 1 33 198 32
1308 2 2 1 1 30 167 29
1309 2 2 1 1 1133 2198 1418
1310 2 2 1 1 119 182 118
1311 2 2 1 1 130 200 129
1312 2 2 1 1 122 159 121
1313 2 2 1 1 1009 1510 1007
1314 2 2 1 1 82 213 4
1315 2 2 1 1 723 821 371
1316 2 2 1 1 1010 1514 917
1317 2 2 1 1 125 180 124
1318 2 2 1 1 137 1479 136
1319 2 2 1 1 457 1844 545
1320 2 2 1 1 128 165 127
1321 2 2 1 1 502 1960 451
1322 2 2 1 1 586 1849 1505
1323 2 2 1 1 46 158 45
1324 2 2 1 1 399 1543 386
1325 2 2 1 1 251 602 249
1326 2 2 1 1 482 1962 424
1327 2 2 1 1 1391 1854 1328
1328 2 2 1 1 1473 1474 1381
1329 2 2 1 1 1380 1383 1382
1330 2 2 1 1 746 1964 397
1331 2 2 1 1 554 555 553
1332 2 2 1 1 138 1463 195
1333 2 2 1 1 352 1753 372
1334 2 2 1 1 283 1297 281
1335 2 2 1 1 1875 2025 1155
1336 2 2 1 1 1539 1912 205
1337 2 2 1 1 1009 1512 1511
1338 2 2 1 1 529 1544 561
1339 2 2 1 1 1240 2137 1239
1340 2 2 1 1 1238 1253 1008
1341 2 2 1 1 1255 1283 1257
1342 2 2 1 1 1010 1516 1515
1343 2 2 1 1 1940 1986 1504
1344 2 2 1 1 209 1519 83
1345 2 2 1 1 447 2080 1352
1346 2 2 1 1 116 157 115
1347 2 2 1 1 269 597 267
1348 2 2 1 1 1010 1691 1516
1349 2 2 1 1 1332 1333 1331
1350 2 2 1 1 259 411 257
1351 2 2 1 1 1453 1968 746
1352 2 2 1 1 289 813 293
1353 2 2 1 1 290 292 291
1354 2 2 1 1 890 978 819
1355 2 2 1 1 2120 2225 1369
1356 2 2 1 1 742 887 741
1357 2 2 1 1 1473 1475 1474
1358 2 2 1 1 847 1526 981
1359 2 2 1 1 917 1009 1007
1360 2 2 1 1 1007 1238 1008
1361 2 2 1 1 421 2158 1369
1362 2 2 1 1 948 1529 1522
1363 2 2 1 1 1260 1529 1262
1364 2 2 1 1 1529 1818 1262
1365 2 2 1 1 1523 1527 1526
1366 2 2 1 1 1526 1527 981
1367 2 2 1 1 948 1526 847
1368 2 2 1 1 1522 1526 948
1369 2 2 1 1 1333 1339 1331
1370 2 2 1 1 1522 1529 1260
1371 2 2 1 1 1520 1521 1455
1372 2 2 1 1 1524 1809 709
1373 2 2 1 1 292 294 291
1374 2 2 1 1 813 814 293
1375 2 2 1 1 1262 1818 1659
1376 2 2 1 1 1659 1809 1262
1377 2 2 1 1 709 1813 1524
1378 2 2 1 1 709 1809 1659
1379 2 2 1 1 556 1826 1361
1380 2 2 1 1 568 569 275
1381 2 2 1 1 79 193 78
1382 2 2 1 1 204 1532 70
1383 2 2 1 1 948 1536 1529
1384 2 2 1 1 171 1534 68
1385 2 2 1 1 1527 1528 981
1386 2 2 1 1 76 188 75
1387 2 2 1 1 294 726 291
1388 2 2 1 1 292 295 294
1389 2 2 1 1 814 815 293
1390 2 2 1 1 73 175 72
1391 2 2 1 1 69 1532 171
1392 2 2 1 1 71 204 70
1393 2 2 1 1 67 1534 203
1394 2 2 1 1 1051 1536 947
1395 2 2 1 1 947 1536 948
1396 2 2 1 1 69 171 68
1397 2 2 1 1 62 1537 205
1398 2 2 1 1 67 203 66
1399 2 2 1 1 70 1532 69
1400 2 2 1 1 68 1534 67
1401 2 2 1 1 64 169 63
1402 2 2 1 1 169 1537 63
1403 2 2 1 1 1256 1809 1524
1404 2 2 1 1 295 296 294
1405 2 2 1 1 814 816 815
1406 2 2 1 1 292 1199 295
1407 2 2 1 1 384 1543 796
1408 2 2 1 1 386 1543 384
1409 2 2 1 1 1051 1546 1536
1410 2 2 1 1 628 1811 1810
1411 2 2 1 1 62 205 61
1412 2 2 1 1 63 1537 62
1413 2 2 1 1 1548 1808 1745
1414 2 2 1 1 707 1544 527
1415 2 2 1 1 527 1544 529
1416 2 2 1 1 1543 1547 796
1417 2 2 1 1 1547 1808 1548
1418 2 2 1 1 402 1807 1806
1419 2 2 1 1 814 964 816
1420 2 2 1 1 816 888 815
1421 2 2 1 1 295 297 296
1422 2 2 1 1 707 1804 1544
1423 2 2 1 1 782 1789 1786
1424 2 2 1 1 442 1605 1545
1425 2 2 1 1 1786 1789 1573
1426 2 2 1 1 1782 1784 1580
1427 2 2 1 1 797 1794 1792
1428 2 2 1 1 816 889 888
1429 2 2 1 1 297 298 296
1430 2 2 1 1 1545 1605 1080
1431 2 2 1 1 1580 1784 1579
1432 2 2 1 1 1792 1794 1195
1433 2 2 1 1 603 1800 1798
1434 2 2 1 1 1798 1800 1196
1435 2 2 1 1 1579 1784 782
1436 2 2 1 1 782 1786 1579
1437 2 2 1 1 1787 1791 1648
1438 2 2 1 1 1604 1795 1793
1439 2 2 1 1 1793 1795 1578
1440 2 2 1 1 297 299 298
1441 2 2 1 1 889 892 888
1442 2 2 1 1 603 1796 1671
1443 2 2 1 1 1573 1789 797
1444 2 2 1 1 603 1798 1796
1445 2 2 1 1 797 1792 1573
1446 2 2 1 1 466 1799 1797
1447 2 2 1 1 892 1106 888
1448 2 2 1 1 299 304 298
1449 2 2 1 1 889 893 892
1450 2 2 1 1 297 300 299
1451 2 2 1 1 304 305 298
1452 2 2 1 1 889 894 893
1453 2 2 1 1 300 301 299
1454 2 2 1 1 893 965 892
1455 2 2 1 1 300 302 301
1456 2 2 1 1 304 308 305
1457 2 2 1 1 893 966 965
1458 2 2 1 1 1773 1774 1764
1459 2 2 1 1 1810 1811 1546
1460 2 2 1 1 308 309 305
1461 2 2 1 1 966 1212 965
1462 2 2 1 1 304 1076 308
1463 2 2 1 1 302 303 301
1464 2 2 1 1 966 1213 1212
1465 2 2 1 1 308 312 309
1466 2 2 1 1 302 306 303
1467 2 2 1 1 303 703 301
1468 2 2 1 1 1212 1215 965
1469 2 2 1 1 1806 1807 1548
1470 2 2 1 1 1547 1548 796
1471 2 2 1 1 966 1214 1213
1472 2 2 1 1 302 542 306
1473 2 2 1 1 1212 1503 1215
1474 2 2 1 1 306 307 303
1475 2 2 1 1 312 313 309
1476 2 2 1 1 1214 1384 1213
1477 2 2 1 1 306 310 307
1478 2 2 1 1 313 460 309
1479 2 2 1 1 312 322 313
1480 2 2 1 1 1503 1504 1215
1481 2 2 1 1 310 311 307
1482 2 2 1 1 312 465 322
1483 2 2 1 1 1384 1385 1213
1484 2 2 1 1 322 323 313
1485 2 2 1 1 1277 1728 972
1486 2 2 1 1 1549 1728 1277
1487 2 2 1 1 1606 1771 1764
1488 2 2 1 1 1655 1750 1074
1489 2 2 1 1 1174 1568 1550
1490 2 2 1 1 322 1770 326
1491 2 2 1 1 1561 1621 1176
1492 2 2 1 1 1765 1767 781
1493 2 2 1 1 1190 1767 1765
1494 2 2 1 1 1736 1757 1060
1495 2 2 1 1 1037 1621 1561
1496 2 2 1 1 1584 1745 1744
1497 2 2 1 1 1555 1683 1563
1498 2 2 1 1 972 1728 1550
1499 2 2 1 1 652 1560 642
1500 2 2 1 1 623 1750 1655
1501 2 2 1 1 310 314 311
1502 2 2 1 1 322 326 323
1503 2 2 1 1 1693 1756 860
1504 2 2 1 1 1206 1704 1589
1505 2 2 1 1 861 1567 858
1506 2 2 1 1 1574 1576 1572
1507 2 2 1 1 1555 1701 667
1508 2 2 1 1 1551 1558 1074
1509 2 2 1 1 1726 1758 1746
1510 2 2 1 1 1668 1699 1044
1511 2 2 1 1 798 1574 704
1512 2 2 1 1 1177 1727 1608
1513 2 2 1 1 858 1567 648
1514 2 2 1 1 758 1560 652
1515 2 2 1 1 1074 1750 1551
1516 2 2 1 1 937 1572 1571
1517 2 2 1 1 1611 1680 734
1518 2 2 1 1 1550 1568 1567
1519 2 2 1 1 1191 1769 1768
1520 2 2 1 1 1563 1683 681
1521 2 2 1 1 667 1701 1565
1522 2 2 1 1 1551 1594 1558
1523 2 2 1 1 1039 1590 940
1524 2 2 1 1 1556 1560 758
1525 2 2 1 1 1603 1605 442
1526 2 2 1 1 704 1574 937
1527 2 2 1 1 851 1700 1666
1528 2 2 1 1 1561 1718 1037
1529 2 2 1 1 648 1566 633
1530 2 2 1 1 856 1696 854
1531 2 2 1 1 940 1590 942
1532 2 2 1 1 1611 1711 1680
1533 2 2 1 1 1666 1700 1560
1534 2 2 1 1 702 1617 1559
1535 2 2 1 1 1558 1594 842
1536 2 2 1 1 1674 1694 1562
1537 2 2 1 1 1592 1699 1668
1538 2 2 1 1 1664 1688 1595
1539 2 2 1 1 1726 1735 1557
1540 2 2 1 1 937 1571 1570
1541 2 2 1 1 1680 1711 1111
1542 2 2 1 1 870 1570 1078
1543 2 2 1 1 770 1556 758
1544 2 2 1 1 463 1672 1592
1545 2 2 1 1 752 1717 938
1546 2 2 1 1 794 1562 852
1547 2 2 1 1 1596 1695 1617
1548 2 2 1 1 667 1683 1555
1549 2 2 1 1 798 1575 1574
1550 2 2 1 1 1610 1644 661
1551 2 2 1 1 1592 1668 463
1552 2 2 1 1 1559 1589 702
1553 2 2 1 1 842 1598 1558
1554 2 2 1 1 1611 1644 1610
1555 2 2 1 1 1043 1638 1624
1556 2 2 1 1 1570 1571 1078
1557 2 2 1 1 648 1567 1566
1558 2 2 1 1 1043 1688 1664
1559 2 2 1 1 745 1568 1174
1560 2 2 1 1 1615 1734 1729
1561 2 2 1 1 1037 1718 1609
1562 2 2 1 1 722 1582 528
1563 2 2 1 1 408 1603 442
1564 2 2 1 1 1560 1700 642
1565 2 2 1 1 859 1693 860
1566 2 2 1 1 662 1565 661
1567 2 2 1 1 1557 1735 1666
1568 2 2 1 1 734 1644 1611
1569 2 2 1 1 1589 1704 702
1570 2 2 1 1 1724 1746 1182
1571 2 2 1 1 1235 1691 919
1572 2 2 1 1 1037 1609 668
1573 2 2 1 1 1550 1567 861
1574 2 2 1 1 1044 1699 1599
1575 2 2 1 1 1697 1719 1678
1576 2 2 1 1 982 1581 1252
1577 2 2 1 1 846 1594 952
1578 2 2 1 1 605 1615 850
1579 2 2 1 1 1625 1628 1627
1580 2 2 1 1 757 1612 769
1581 2 2 1 1 1725 1755 1181
1582 2 2 1 1 835 1599 838
1583 2 2 1 1 675 1755 1725
1584 2 2 1 1 1585 1586 779
1585 2 2 1 1 1039 1591 1590
1586 2 2 1 1 1555 1563 1207
1587 2 2 1 1 952 1594 1551
1588 2 2 1 1 669 1568 745
1589 2 2 1 1 477 1570 870
1590 2 2 1 1 633 1566 635
1591 2 2 1 1 344 1641 362
1592 2 2 1 1 668 1609 645
1593 2 2 1 1 1721 1738 1066
1594 2 2 1 1 1318 1610 1565
1595 2 2 1 1 1057 1694 1674
1596 2 2 1 1 687 1692 706
1597 2 2 1 1 1565 1610 661
1598 2 2 1 1 1557 1758 1726
1599 2 2 1 1 1625 1627 963
1600 2 2 1 1 1035 1598 941
1601 2 2 1 1 465 1770 322
1602 2 2 1 1 1183 1754 1693
1603 2 2 1 1 606 1585 779
1604 2 2 1 1 1050 1587 1129
1605 2 2 1 1 1061 1564 1063
1606 2 2 1 1 895 1612 757
1607 2 2 1 1 1608 1727 414
1608 2 2 1 1 841 1598 839
1609 2 2 1 1 607 1615 605
1610 2 2 1 1 636 1593 651
1611 2 2 1 1 684 1617 702
1612 2 2 1 1 1183 1758 1754
1613 2 2 1 1 1206 1589 1034
1614 2 2 1 1 1563 1704 1206
1615 2 2 1 1 413 1603 408
1616 2 2 1 1 834 1625 963
1617 2 2 1 1 615 1600 627
1618 2 2 1 1 1665 1682 1616
1619 2 2 1 1 854 1696 1663
1620 2 2 1 1 967 1581 982
1621 2 2 1 1 1617 1695 1559
1622 2 2 1 1 838 1599 939
1623 2 2 1 1 941 1598 841
1624 2 2 1 1 686 1617 684
1625 2 2 1 1 937 1574 1572
1626 2 2 1 1 955 1847 710
1627 2 2 1 1 946 1562 794
1628 2 2 1 1 621 1638 1043
1629 2 2 1 1 326 327 323
1630 2 2 1 1 866 1606 868
1631 2 2 1 1 1583 1635 402
1632 2 2 1 1 1587 1588 1129
1633 2 2 1 1 1660 1670 1647
1634 2 2 1 1 843 1594 846
1635 2 2 1 1 1565 1701 1318
1636 2 2 1 1 318 1607 316
1637 2 2 1 1 324 1613 320
1638 2 2 1 1 1686 1694 1048
1639 2 2 1 1 1319 1610 1318
1640 2 2 1 1 314 315 311
1641 2 2 1 1 1075 1606 866
1642 2 2 1 1 345 1618 343
1643 2 2 1 1 1596 1617 686
1644 2 2 1 1 1768 1769 1630
1645 2 2 1 1 1562 1694 852
1646 2 2 1 1 666 1683 664
1647 2 2 1 1 688 1596 686
1648 2 2 1 1 463 1667 461
1649 2 2 1 1 528 1582 526
1650 2 2 1 1 1640 1707 1641
1651 2 2 1 1 423 1602 413
1652 2 2 1 1 614 1633 671
1653 2 2 1 1 826 1695 1596
1654 2 2 1 1 1633 1634 671
1655 2 2 1 1 1564 1642 1063
1656 2 2 1 1 1558 1598 1035
1657 2 2 1 1 1618 1652 343
1658 2 2 1 1 1636 1732 1723
1659 2 2 1 1 342 1641 344
1660 2 2 1 1 559 1749 517
1661 2 2 1 1 933 1597 768
1662 2 2 1 1 1575 1576 1574
1663 2 2 1 1 929 972 861
1664 2 2 1 1 1210 1552 1316
1665 2 2 1 1 1703 1718 1593
1666 2 2 1 1 681 1704 1563
1667 2 2 1 1 839 1598 842
1668 2 2 1 1 862 1073 1072
1669 2 2 1 1 381 1657 383
1670 2 2 1 1 1145 1277 972
1671 2 2 1 1 867 1653 865
1672 2 2 1 1 320 1613 484
1673 2 2 1 1 647 1649 641
1674 2 2 1 1 1003 1720 1349
1675 2 2 1 1 972 1550 861
1676 2 2 1 1 1602 1603 413
1677 2 2 1 1 638 1664 1595
1678 2 2 1 1 1023 1587 1050
1679 2 2 1 1 1181 1562 946
1680 2 2 1 1 1049 1696 856
1681 2 2 1 1 942 1590 1177
1682 2 2 1 1 1022 1569 1023
1683 2 2 1 1 1569 1587 1023
1684 2 2 1 1 862 1635 1073
1685 2 2 1 1 476 1660 541
1686 2 2 1 1 835 837 836
1687 2 2 1 1 1034 1589 1032
1688 2 2 1 1 1317 1320 1319
1689 2 2 1 1 534 1570 477
1690 2 2 1 1 863 1656 375
1691 2 2 1 1 375 1656 363
1692 2 2 1 1 1616 1682 340
1693 2 2 1 1 637 1593 636
1694 2 2 1 1 852 1684 674
1695 2 2 1 1 1586 1624 779
1696 2 2 1 1 1176 1271 1020
1697 2 2 1 1 1045 1686 1048
1698 2 2 1 1 326 332 327
1699 2 2 1 1 843 845 844
1700 2 2 1 1 945 1650 1180
1701 2 2 1 1 1055 1058 1054
1702 2 2 1 1 621 1043 626
1703 2 2 1 1 526 1582 574
1704 2 2 1 1 848 1613 324
1705 2 2 1 1 673 674 647
1706 2 2 1 1 1175 1235 919
1707 2 2 1 1 623 1761 618
1708 2 2 1 1 681 1683 666
1709 2 2 1 1 683 685 684
1710 2 2 1 1 945 946 794
1711 2 2 1 1 327 1652 853
1712 2 2 1 1 843 846 845
1713 2 2 1 1 879 1003 950
1714 2 2 1 1 356 1636 369
1715 2 2 1 1 527 528 526
1716 2 2 1 1 644 1637 646
1717 2 2 1 1 691 1596 688
1718 2 2 1 1 689 1651 690
1719 2 2 1 1 1058 1189 1054
1720 2 2 1 1 438 466 423
1721 2 2 1 1 463 1668 1667
1722 2 2 1 1 641 1649 644
1723 2 2 1 1 1624 1638 779
1724 2 2 1 1 827 828 826
1725 2 2 1 1 831 832 830
1726 2 2 1 1 835 836 834
1727 2 2 1 1 638 1595 640
1728 2 2 1 1 654 1673 653
1729 2 2 1 1 664 667 662
1730 2 2 1 1 1189 1730 1054
1731 2 2 1 1 1209 1555 1207
1732 2 2 1 1 609 1614 607
1733 2 2 1 1 624 628 622
1734 2 2 1 1 685 686 684
1735 2 2 1 1 951 1556 770
1736 2 2 1 1 509 510 508
1737 2 2 1 1 1294 1552 1210
1738 2 2 1 1 314 328 315
1739 2 2 1 1 1073 1635 1583
1740 2 2 1 1 637 1703 1593
1741 2 2 1 1 859 860 858
1742 2 2 1 1 1182 1183 859
1743 2 2 1 1 1114 1564 1061
1744 2 2 1 1 1208 1689 1294
1745 2 2 1 1 383 1657 459
1746 2 2 1 1 461 1667 474
1747 2 2 1 1 604 1631 1585
1748 2 2 1 1 870 1078 1029
1749 2 2 1 1 938 1717 1561
1750 2 2 1 1 1067 1068 1066
1751 2 2 1 1 957 1653 867
1752 2 2 1 1 321 1616 325
1753 2 2 1 1 407 408 370
1754 2 2 1 1 412 413 408
1755 2 2 1 1 1614 1615 607
1756 2 2 1 1 626 630 625
1757 2 2 1 1 1317 1318 1211
1758 2 2 1 1 362 1622 346
1759 2 2 1 1 541 705 704
1760 2 2 1 1 864 865 799
1761 2 2 1 1 635 1566 669
1762 2 2 1 1 437 1672 463
1763 2 2 1 1 514 797 512
1764 2 2 1 1 314 329 328
1765 2 2 1 1 329 335 334
1766 2 2 1 1 619 1724 1710
1767 2 2 1 1 1091 1095 1090
1768 2 2 1 1 378 1635 376
1769 2 2 1 1 676 1658 1657
1770 2 2 1 1 1023 1050 1049
1771 2 2 1 1 1572 1573 1571
1772 2 2 1 1 1091 1096 1095
1773 2 2 1 1 1040 1645 659
1774 2 2 1 1 768 1597 767
1775 2 2 1 1 780 1650 945
1776 2 2 1 1 831 1044 833
1777 2 2 1 1 1033 1620 1226
1778 2 2 1 1 1065 1642 1107
1779 2 2 1 1 342 343 333
1780 2 2 1 1 613 1600 615
1781 2 2 1 1 692 750 691
1782 2 2 1 1 945 1178 946
1783 2 2 1 1 1156 1569 1022
1784 2 2 1 1 1207 1563 1206
1785 2 2 1 1 937 1570 534
1786 2 2 1 1 633 634 629
1787 2 2 1 1 826 1596 691
1788 2 2 1 1 939 940 841
1789 2 2 1 1 1021 1612 895
1790 2 2 1 1 1179 1181 946
1791 2 2 1 1 1449 1454 1156
1792 2 2 1 1 1729 1734 1187
1793 2 2 1 1 327 853 323
1794 2 2 1 1 865 869 799
1795 2 2 1 1 705 1646 864
1796 2 2 1 1 325 1616 340
1797 2 2 1 1 337 1631 604
1798 2 2 1 1 357 1636 356
1799 2 2 1 1 611 612 609
1800 2 2 1 1 613 614 612
1801 2 2 1 1 615 616 614
1802 2 2 1 1 644 646 645
1803 2 2 1 1 674 1684 647
1804 2 2 1 1 710 1651 689
1805 2 2 1 1 835 838 837
1806 2 2 1 1 917 1007 878
1807 2 2 1 1 1083 1085 1084
1808 2 2 1 1 1205 1207 1206
1809 2 2 1 1 1208 1209 1207
1810 2 2 1 1 1316 1317 1211
1811 2 2 1 1 846 947 847
1812 2 2 1 1 1084 1737 1722
1813 2 2 1 1 1592 1672 1591
1814 2 2 1 1 315 316 311
1815 2 2 1 1 321 324 320
1816 2 2 1 1 356 369 366
1817 2 2 1 1 621 626 625
1818 2 2 1 1 673 944 780
1819 2 2 1 1 1577 1579 1576
1820 2 2 1 1 340 1632 1631
1821 2 2 1 1 474 475 462
1822 2 2 1 1 517 519 518
1823 2 2 1 1 767 854 566
1824 2 2 1 1 653 771 668
1825 2 2 1 1 660 1645 663
1826 2 2 1 1 690 1651 693
1827 2 2 1 1 750 827 826
1828 2 2 1 1 1046 1110 902
1829 2 2 1 1 1208 1294 1210
1830 2 2 1 1 865 1653 869
1831 2 2 1 1 1083 1196 1085
1832 2 2 1 1 329 334 328
1833 2 2 1 1 335 338 334
1834 2 2 1 1 376 862 375
1835 2 2 1 1 379 676 381
1836 2 2 1 1 384 796 382
1837 2 2 1 1 868 1606 1042
1838 2 2 1 1 364 376 375
1839 2 2 1 1 379 380 378
1840 2 2 1 1 344 362 346
1841 2 2 1 1 348 740 350
1842 2 2 1 1 330 848 324
1843 2 2 1 1 604 606 605
1844 2 2 1 1 608 610 609
1845 2 2 1 1 615 627 617
1846 2 2 1 1 631 636 630
1847 2 2 1 1 651 752 652
1848 2 2 1 1 680 681 666
1849 2 2 1 1 687 706 689
1850 2 2 1 1 944 1650 780
1851 2 2 1 1 842 1594 843
1852 2 2 1 1 855 1597 1036
1853 2 2 1 1 1031 1620 1033
1854 2 2 1 1 347 441 345
1855 2 2 1 1 476 477 444
1856 2 2 1 1 704 937 534
1857 2 2 1 1 541 1646 705
1858 2 2 1 1 868 958 956
1859 2 2 1 1 866 867 865
1860 2 2 1 1 868 956 867
1861 2 2 1 1 334 1601 328
1862 2 2 1 1 338 675 334
1863 2 2 1 1 363 365 358
1864 2 2 1 1 364 377 376
1865 2 2 1 1 381 383 382
1866 2 2 1 1 952 1551 1184
1867 2 2 1 1 653 1673 771
1868 2 2 1 1 942 953 943
1869 2 2 1 1 1046 1111 1110
1870 2 2 1 1 376 1635 862
1871 2 2 1 1 332 341 333
1872 2 2 1 1 477 870 849
1873 2 2 1 1 328 1669 315
1874 2 2 1 1 335 464 339
1875 2 2 1 1 402 1635 378
1876 2 2 1 1 379 381 380
1877 2 2 1 1 676 1657 381
1878 2 2 1 1 504 1639 567
1879 2 2 1 1 509 511 510
1880 2 2 1 1 513 515 514
1881 2 2 1 1 559 1757 1736
1882 2 2 1 1 857 858 648
1883 2 2 1 1 942 943 941
1884 2 2 1 1 1061 1063 1062
1885 2 2 1 1 1063 1065 1064
1886 2 2 1 1 461 474 462
1887 2 2 1 1 521 523 522
1888 2 2 1 1 870 1029 871
1889 2 2 1 1 635 669 650
1890 2 2 1 1 752 895 757
1891 2 2 1 1 938 1020 895
1892 2 2 1 1 530 722 528
1893 2 2 1 1 785 793 786
1894 2 2 1 1 1050 1052 1049
1895 2 2 1 1 1053 1054 1052
1896 2 2 1 1 1577 1580 1579
1897 2 2 1 1 317 319 318
1898 2 2 1 1 608 609 607
1899 2 2 1 1 752 757 652
1900 2 2 1 1 422 437 423
1901 2 2 1 1 641 644 643
1902 2 2 1 1 690 692 691
1903 2 2 1 1 879 949 770
1904 2 2 1 1 838 841 839
1905 2 2 1 1 843 844 840
1906 2 2 1 1 945 1180 1178
1907 2 2 1 1 1036 1156 1022
1908 2 2 1 1 1145 1308 1277
1909 2 2 1 1 1575 1577 1576
1910 2 2 1 1 484 1607 318
1911 2 2 1 1 325 331 330
1912 2 2 1 1 331 337 336
1913 2 2 1 1 337 357 356
1914 2 2 1 1 604 605 357
1915 2 2 1 1 408 442 370
1916 2 2 1 1 635 650 649
1917 2 2 1 1 685 687 686
1918 2 2 1 1 757 769 758
1919 2 2 1 1 846 847 845
1920 2 2 1 1 855 1036 1022
1921 2 2 1 1 1020 1021 895
1922 2 2 1 1 461 462 438
1923 2 2 1 1 523 525 524
1924 2 2 1 1 624 632 629
1925 2 2 1 1 656 734 654
1926 2 2 1 1 657 678 659
1927 2 2 1 1 663 781 665
1928 2 2 1 1 949 951 770
1929 2 2 1 1 793 1010 917
1930 2 2 1 1 839 842 840
1931 2 2 1 1 855 856 854
1932 2 2 1 1 1007 1008 878
1933 2 2 1 1 982 1252 1031
1934 2 2 1 1 1032 1559 1030
1935 2 2 1 1 1205 1206 1034
1936 2 2 1 1 1055 1059 1058
1937 2 2 1 1 521 546 523
1938 2 2 1 1 526 574 524
1939 2 2 1 1 319 321 320
1940 2 2 1 1 672 1616 321
1941 2 2 1 1 366 1648 336
1942 2 2 1 1 407 414 412
1943 2 2 1 1 412 1687 422
1944 2 2 1 1 610 611 609
1945 2 2 1 1 611 613 612
1946 2 2 1 1 671 1614 612
1947 2 2 1 1 619 624 622
1948 2 2 1 1 624 629 628
1949 2 2 1 1 636 642 630
1950 2 2 1 1 638 640 639
1951 2 2 1 1 640 647 641
1952 2 2 1 1 651 652 642
1953 2 2 1 1 780 794 674
1954 2 2 1 1 680 683 682
1955 2 2 1 1 687 689 688
1956 2 2 1 1 706 710 689
1957 2 2 1 1 769 879 770
1958 2 2 1 1 1003 1163 950
1959 2 2 1 1 317 318 316
1960 2 2 1 1 319 320 318
1961 2 2 1 1 332 333 327
1962 2 2 1 1 342 344 343
1963 2 2 1 1 407 412 408
1964 2 2 1 1 412 422 413
1965 2 2 1 1 477 849 444
1966 2 2 1 1 604 1585 606
1967 2 2 1 1 610 621 620
1968 2 2 1 1 642 1700 630
1969 2 2 1 1 640 641 639
1970 2 2 1 1 640 1595 673
1971 2 2 1 1 680 682 681
1972 2 2 1 1 683 684 682
1973 2 2 1 1 689 690 688
1974 2 2 1 1 1071 1091 1090
1975 2 2 1 1 613 615 614
1976 2 2 1 1 615 617 616
1977 2 2 1 1 632 633 629
1978 2 2 1 1 645 1609 643
1979 2 2 1 1 655 657 656
1980 2 2 1 1 657 659 658
1981 2 2 1 1 659 1645 660
1982 2 2 1 1 665 679 666
1983 2 2 1 1 767 1597 855
1984 2 2 1 1 839 840 837
1985 2 2 1 1 838 939 841
1986 2 2 1 1 842 843 840
1987 2 2 1 1 1031 1033 1032
1988 2 2 1 1 1205 1208 1207
1989 2 2 1 1 1210 1316 1211
1990 2 2 1 1 363 1656 365
1991 2 2 1 1 849 1707 1640
1992 2 2 1 1 525 526 524
1993 2 2 1 1 968 1093 967
1994 2 2 1 1 567 768 767
1995 2 2 1 1 633 635 634
1996 2 2 1 1 646 655 654
1997 2 2 1 1 661 1644 658
1998 2 2 1 1 678 1040 659
1999 2 2 1 1 663 665 664
2000 2 2 1 1 690 693 692
2001 2 2 1 1 954 955 710
2002 2 2 1 1 710 1847 1651
2003 2 2 1 1 942 1177 953
2004 2 2 1 1 1178 1179 946
2005 2 2 1 1 1059 1060 1058
2006 2 2 1 1 1085 1087 1086
2007 2 2 1 1 519 521 520
2008 2 2 1 1 527 529 528
2009 2 2 1 1 606 779 608
2010 2 2 1 1 650 709 649
2011 2 2 1 1 793 878 786
2012 2 2 1 1 847 981 845
2013 2 2 1 1 846 952 947
2014 2 2 1 1 1624 1688 1043
2015 2 2 1 1 521 522 520
2016 2 2 1 1 631 638 637
2017 2 2 1 1 653 668 645
2018 2 2 1 1 667 1565 662
2019 2 2 1 1 771 805 668
2020 2 2 1 1 750 826 691
2021 2 2 1 1 829 830 768
2022 2 2 1 1 771 1673 1046
2023 2 2 1 1 879 950 949
2024 2 2 1 1 1092 1097 955
2025 2 2 1 1 1252 1620 1031
2026 2 2 1 1 529 530 528
2027 2 2 1 1 320 484 318
2028 2 2 1 1 319 672 321
2029 2 2 1 1 606 608 607
2030 2 2 1 1 1174 1175 919
2031 2 2 1 1 341 342 333
2032 2 2 1 1 441 1618 345
2033 2 2 1 1 346 348 347
2034 2 2 1 1 348 350 349
2035 2 2 1 1 443 1660 476
2036 2 2 1 1 437 463 461
2037 2 2 1 1 505 506 475
2038 2 2 1 1 504 567 566
2039 2 2 1 1 519 520 518
2040 2 2 1 1 902 1006 805
2041 2 2 1 1 938 1561 1176
2042 2 2 1 1 982 1031 1030
2043 2 2 1 1 1185 1756 1693
2044 2 2 1 1 1085 1086 1084
2045 2 2 1 1 1029 1081 871
2046 2 2 1 1 311 1759 307
2047 2 2 1 1 675 1601 334
2048 2 2 1 1 507 508 506
2049 2 2 1 1 511 512 510
2050 2 2 1 1 513 514 512
2051 2 2 1 1 854 1663 566
2052 2 2 1 1 785 786 670
2053 2 2 1 1 833 834 832
2054 2 2 1 1 879 1720 1003
2055 2 2 1 1 939 1039 940
2056 2 2 1 1 943 1035 941
2057 2 2 1 1 952 1184 1051
2058 2 2 1 1 1063 1064 1062
2059 2 2 1 1 1181 1674 1562
2060 2 2 1 1 1208 1210 1209
2061 2 2 1 1 1073 1190 1072
2062 2 2 1 1 1065 1066 1064
2063 2 2 1 1 474 1639 504
2064 2 2 1 1 517 518 516
2065 2 2 1 1 504 505 475
2066 2 2 1 1 511 513 512
2067 2 2 1 1 829 831 830
2068 2 2 1 1 1111 1458 1110
2069 2 2 1 1 515 516 514
2070 2 2 1 1 866 868 867
2071 2 2 1 1 1061 1062 1060
2072 2 2 1 1 1083 1084 1082
2073 2 2 1 1 831 1698 1044
2074 2 2 1 1 1609 1718 1703
2075 2 2 1 1 827 968 967
2076 2 2 1 1 1642 1643 1107
2077 2 2 1 1 1626 1628 1625
2078 2 2 1 1 335 339 338
2079 2 2 1 1 339 359 358
2080 2 2 1 1 359 364 363
2081 2 2 1 1 377 378 376
2082 2 2 1 1 381 382 380
2083 2 2 1 1 383 384 382
2084 2 2 1 1 752 938 895
2085 2 2 1 1 1089 1122 1088
2086 2 2 1 1 1081 1082 871
2087 2 2 1 1 1038 1655 1074
2088 2 2 1 1 1063 1642 1065
2089 2 2 1 1 443 444 341
2090 2 2 1 1 1042 1193 958
2091 2 2 1 1 706 1692 1047
2092 2 2 1 1 1093 1581 967
2093 2 2 1 1 1038 1074 1035
2094 2 2 1 1 1081 1083 1082
2095 2 2 1 1 510 782 508
2096 2 2 1 1 805 1037 668
2097 2 2 1 1 706 1047 954
2098 2 2 1 1 833 1599 835
2099 2 2 1 1 1064 1188 1062
2100 2 2 1 1 1604 1605 1603
2101 2 2 1 1 1073 1191 1190
2102 2 2 1 1 860 861 858
2103 2 2 1 1 1626 1629 1628
2104 2 2 1 1 336 1648 330
2105 2 2 1 1 356 366 336
2106 2 2 1 1 437 438 423
2107 2 2 1 1 525 527 526
2108 2 2 1 1 610 620 611
2109 2 2 1 1 614 671 612
2110 2 2 1 1 616 1633 614
2111 2 2 1 1 622 623 618
2112 2 2 1 1 641 643 639
2113 2 2 1 1 640 673 647
2114 2 2 1 1 644 645 643
2115 2 2 1 1 646 1637 655
2116 2 2 1 1 658 1644 656
2117 2 2 1 1 673 780 674
2118 2 2 1 1 684 702 682
2119 2 2 1 1 683 795 685
2120 2 2 1 1 685 1692 687
2121 2 2 1 1 690 691 688
2122 2 2 1 1 838 839 837
2123 2 2 1 1 1186 1187 953
2124 2 2 1 1 1069 1070 1068
2125 2 2 1 1 1071 1090 1070
2126 2 2 1 1 798 1708 1575
2127 2 2 1 1 515 559 517
2128 2 2 1 1 857 1182 859
2129 2 2 1 1 1550 1728 1174
2130 2 2 1 1 1091 1623 1248
2131 2 2 1 1 474 504 475
2132 2 2 1 1 567 767 566
2133 2 2 1 1 567 1639 829
2134 2 2 1 1 646 654 653
2135 2 2 1 1 678 1045 1041
2136 2 2 1 1 830 933 768
2137 2 2 1 1 771 1046 902
2138 2 2 1 1 855 1022 856
2139 2 2 1 1 1031 1032 1030
2140 2 2 1 1 1661 1685 1045
2141 2 2 1 1 1557 1666 1556
2142 2 2 1 1 340 1682 1632
2143 2 2 1 1 862 1072 863
2144 2 2 1 1 507 509 508
2145 2 2 1 1 1003 1348 1163
2146 2 2 1 1 525 707 527
2147 2 2 1 1 603 1671 518
2148 2 2 1 1 332 443 341
2149 2 2 1 1 443 476 444
2150 2 2 1 1 476 534 477
2151 2 2 1 1 868 1042 958
2152 2 2 1 1 617 618 616
2153 2 2 1 1 631 637 636
2154 2 2 1 1 635 649 634
2155 2 2 1 1 638 639 637
2156 2 2 1 1 660 662 661
2157 2 2 1 1 687 688 686
2158 2 2 1 1 767 855 854
2159 2 2 1 1 1033 1034 1032
2160 2 2 1 1 850 1636 357
2161 2 2 1 1 745 919 785
2162 2 2 1 1 952 1051 947
2163 2 2 1 1 333 1652 327
2164 2 2 1 1 344 345 343
2165 2 2 1 1 346 347 345
2166 2 2 1 1 348 349 347
2167 2 2 1 1 705 799 798
2168 2 2 1 1 864 1646 1075
2169 2 2 1 1 1646 1660 1647
2170 2 2 1 1 541 704 534
2171 2 2 1 1 705 798 704
2172 2 2 1 1 956 957 867
2173 2 2 1 1 1678 1719 672
2174 2 2 1 1 860 929 861
2175 2 2 1 1 515 517 516
2176 2 2 1 1 864 1075 866
2177 2 2 1 1 1065 1067 1066
2178 2 2 1 1 1107 1654 1067
2179 2 2 1 1 1646 1647 1075
2180 2 2 1 1 325 330 324
2181 2 2 1 1 331 336 330
2182 2 2 1 1 337 356 336
2183 2 2 1 1 369 407 370
2184 2 2 1 1 626 631 630
2185 2 2 1 1 794 852 674
2186 2 2 1 1 769 770 758
2187 2 2 1 1 1317 1319 1318
2188 2 2 1 1 567 829 768
2189 2 2 1 1 771 902 805
2190 2 2 1 1 1044 1599 833
2191 2 2 1 1 954 1092 955
2192 2 2 1 1 1033 1226 1204
2193 2 2 1 1 1048 1057 1056
2194 2 2 1 1 1077 1079 957
2195 2 2 1 1 1079 1545 1080
2196 2 2 1 1 541 1660 1646
2197 2 2 1 1 1069 1273 1071
2198 2 2 1 1 339 358 338
2199 2 2 1 1 359 363 358
2200 2 2 1 1 364 375 363
2201 2 2 1 1 380 402 378
2202 2 2 1 1 745 1174 919
2203 2 2 1 1 1032 1589 1559
2204 2 2 1 1 1065 1107 1067
2205 2 2 1 1 1091 1248 1096
2206 2 2 1 1 705 864 799
2207 2 2 1 1 1640 1641 342
2208 2 2 1 1 857 859 858
2209 2 2 1 1 1074 1558 1035
2210 2 2 1 1 1059 1114 1061
2211 2 2 1 1 1636 1723 369
2212 2 2 1 1 385 386 384
2213 2 2 1 1 1050 1129 1053
2214 2 2 1 1 325 340 331
2215 2 2 1 1 369 370 366
2216 2 2 1 1 422 423 413
2217 2 2 1 1 636 651 642
2218 2 2 1 1 780 945 794
2219 2 2 1 1 476 541 534
2220 2 2 1 1 956 1077 957
2221 2 2 1 1 1089 1123 1122
2222 2 2 1 1 1079 1080 957
2223 2 2 1 1 1069 1071 1070
2224 2 2 1 1 509 560 511
2225 2 2 1 1 940 942 941
2226 2 2 1 1 1601 1669 328
2227 2 2 1 1 505 507 506
2228 2 2 1 1 566 1663 505
2229 2 2 1 1 678 1041 1040
2230 2 2 1 1 831 833 832
2231 2 2 1 1 833 835 834
2232 2 2 1 1 940 941 841
2233 2 2 1 1 1679 1714 707
2234 2 2 1 1 343 1652 333
2235 2 2 1 1 675 1725 1601
2236 2 2 1 1 1072 1192 863
2237 2 2 1 1 1073 1583 1191
2238 2 2 1 1 383 459 385
2239 2 2 1 1 669 745 670
2240 2 2 1 1 1053 1055 1054
2241 2 2 1 1 982 1030 828
2242 2 2 1 1 834 963 832
2243 2 2 1 1 836 1625 834
2244 2 2 1 1 1319 1611 1610
2245 2 2 1 1 943 1038 1035
2246 2 2 1 1 862 863 375
2247 2 2 1 1 383 385 384
2248 2 2 1 1 466 1602 423
2249 2 2 1 1 437 461 438
2250 2 2 1 1 520 603 518
2251 2 2 1 1 655 656 654
2252 2 2 1 1 657 1661 678
2253 2 2 1 1 665 666 664
2254 2 2 1 1 1210 1211 1209
2255 2 2 1 1 646 653 645
2256 2 2 1 1 660 661 658
2257 2 2 1 1 706 954 710
2258 2 2 1 1 1022 1023 856
2259 2 2 1 1 377 379 378
2260 2 2 1 1 385 387 386
2261 2 2 1 1 929 1145 972
2262 2 2 1 1 1575 1578 1577
2263 2 2 1 1 870 871 849
2264 2 2 1 1 1078 1195 1029
2265 2 2 1 1 1067 1069 1068
2266 2 2 1 1 745 785 670
2267 2 2 1 1 1662 1731 560
2268 2 2 1 1 1087 1089 1088
2269 2 2 1 1 330 1648 848
2270 2 2 1 1 619 622 618
2271 2 2 1 1 683 1630 795
2272 2 2 1 1 950 1185 949
2273 2 2 1 1 1039 1592 1591
2274 2 2 1 1 669 670 650
2275 2 2 1 1 673 1595 944
2276 2 2 1 1 315 317 316
2277 2 2 1 1 321 325 324
2278 2 2 1 1 793 917 878
2279 2 2 1 1 947 948 847
2280 2 2 1 1 1023 1049 856
2281 2 2 1 1 1050 1053 1052
2282 2 2 1 1 605 850 357
2283 2 2 1 1 757 758 652
2284 2 2 1 1 1586 1681 1624
2285 2 2 1 1 1080 1653 957
2286 2 2 1 1 617 619 618
2287 2 2 1 1 1071 1623 1091
2288 2 2 1 1 606 607 605
2289 2 2 1 1 625 851 620
2290 2 2 1 1 734 1673 654
2291 2 2 1 1 525 1679 707
2292 2 2 1 1 632 648 633
2293 2 2 1 1 660 663 662
2294 2 2 1 1 852 1694 1686
2295 2 2 1 1 1045 1048 1041
2296 2 2 1 1 1177 1608 1186
2297 2 2 1 1 523 524 522
2298 2 2 1 1 837 1706 836
2299 2 2 1 1 344 346 345
2300 2 2 1 1 864 866 865
2301 2 2 1 1 338 1676 675
2302 2 2 1 1 1033 1204 1034
2303 2 2 1 1 1036 1449 1156
2304 2 2 1 1 1273 1623 1071
2305 2 2 1 1 678 1661 1045
2306 2 2 1 1 1048 1056 1041
2307 2 2 1 1 1087 1088 1086
2308 2 2 1 1 1602 1604 1603
2309 2 2 1 1 621 625 620
2310 2 2 1 1 639 1703 637
2311 2 2 1 1 644 1649 1637
2312 2 2 1 1 655 1661 657
2313 2 2 1 1 613 1675 1600
2314 2 2 1 1 632 857 648
2315 2 2 1 1 1583 1584 1191
2316 2 2 1 1 967 982 828
2317 2 2 1 1 827 967 828
2318 2 2 1 1 1059 1061 1060
2319 2 2 1 1 1175 1236 1235
2320 2 2 1 1 504 566 505
2321 2 2 1 1 315 1669 317
2322 2 2 1 1 672 1665 1616
2323 2 2 1 1 348 1622 740
2324 2 2 1 1 422 1687 1672
2325 2 2 1 1 657 658 656
2326 2 2 1 1 659 660 658
2327 2 2 1 1 663 664 662
2328 2 2 1 1 663 1645 781
2329 2 2 1 1 679 680 666
2330 2 2 1 1 1006 1621 805
2331 2 2 1 1 836 1706 1626
2332 2 2 1 1 1177 1186 953
2333 2 2 1 1 1204 1205 1034
2334 2 2 1 1 1069 1654 1273
2335 2 2 1 1 836 1626 1625
2336 2 2 1 1 1556 1666 1560
2337 2 2 1 1 1189 1739 1730
2338 2 2 1 1 1193 1194 958
2339 2 2 1 1 651 1717 752
2340 2 2 1 1 337 604 357
2341 2 2 1 1 612 1614 609
2342 2 2 1 1 611 1675 613
2343 2 2 1 1 1349 1720 1715
2344 2 2 1 1 1175 1549 1236
2345 2 2 1 1 1209 1701 1555
2346 2 2 1 1 682 1704 681
2347 2 2 1 1 474 1667 1639
2348 2 2 1 1 1205 1689 1208
2349 2 2 1 1 346 1622 348
2350 2 2 1 1 951 1557 1556
2351 2 2 1 1 1601 1697 1669
2352 2 2 1 1 938 1176 1020
2353 2 2 1 1 1003 1349 1348
2354 2 2 1 1 664 1683 667
2355 2 2 1 1 521 1743 546
2356 2 2 1 1 1710 1724 1182
2357 2 2 1 1 331 1631 337
2358 2 2 1 1 1590 1727 1177
2359 2 2 1 1 610 1638 621
2360 2 2 1 1 679 1630 680
2361 2 2 1 1 1650 1677 1180
2362 2 2 1 1 625 1700 851
2363 2 2 1 1 795 1692 685
2364 2 2 1 1 647 1684 1649
2365 2 2 1 1 1180 1682 1665
2366 2 2 1 1 1631 1632 1585
2367 2 2 1 1 1458 1459 1110
2368 2 2 1 1 649 677 634
2369 2 2 1 1 1211 1701 1209
2370 2 2 1 1 1637 1685 1661
2371 2 2 1 1 1067 1654 1069
2372 2 2 1 1 869 1708 799
2373 2 2 1 1 1637 1661 655
2374 2 2 1 1 805 1621 1037
2375 2 2 1 1 1655 1761 623
2376 2 2 1 1 627 1746 1724
2377 2 2 1 1 365 1676 358
2378 2 2 1 1 341 1640 342
2379 2 2 1 1 631 1664 638
2380 2 2 1 1 958 1705 956
2381 2 2 1 1 1194 1705 958
2382 2 2 1 1 505 1663 507
2383 2 2 1 1 518 1671 516
2384 2 2 1 1 1723 1732 1608
2385 2 2 1 1 1677 1681 1586
2386 2 2 1 1 656 1644 734
2387 2 2 1 1 1060 1757 1058
2388 2 2 1 1 1669 1697 1678
2389 2 2 1 1 1707 1722 1641
2390 2 2 1 1 1593 1717 651
2391 2 2 1 1 414 1687 412
2392 2 2 1 1 799 1708 798
2393 2 2 1 1 1082 1722 1707
2394 2 2 1 1 849 1640 444
2395 2 2 1 1 1182 1746 1183
2396 2 2 1 1 929 1146 1145
2397 2 2 1 1 1595 1688 944
2398 2 2 1 1 1575 1708 1578
2399 2 2 1 1 709 1659 649
2400 2 2 1 1 1634 1733 1187
2401 2 2 1 1 829 1698 831
2402 2 2 1 1 619 1710 624
2403 2 2 1 1 1585 1632 1586
2404 2 2 1 1 734 1680 1673
2405 2 2 1 1 358 1676 338
2406 2 2 1 1 779 1638 608
2407 2 2 1 1 444 1640 341
2408 2 2 1 1 630 1700 625
2409 2 2 1 1 840 1706 837
2410 2 2 1 1 620 1675 611
2411 2 2 1 1 851 1675 620
2412 2 2 1 1 649 1659 677
2413 2 2 1 1 1163 1766 950
2414 2 2 1 1 340 1631 331
2415 2 2 1 1 1739 1747 513
2416 2 2 1 1 1187 1733 953
2417 2 2 1 1 443 1670 1660
2418 2 2 1 1 1649 1685 1637
2419 2 2 1 1 422 1672 437
2420 2 2 1 1 680 1630 683
2421 2 2 1 1 1180 1665 1178
2422 2 2 1 1 1068 1721 1066
2423 2 2 1 1 1632 1682 1677
2424 2 2 1 1 509 1662 560
2425 2 2 1 1 944 1681 1650
2426 2 2 1 1 1650 1681 1677
2427 2 2 1 1 828 1695 826
2428 2 2 1 1 1183 1693 859
2429 2 2 1 1 1066 1738 1064
2430 2 2 1 1 546 1738 1721
2431 2 2 1 1 523 1679 525
2432 2 2 1 1 546 1679 523
2433 2 2 1 1 844 1706 840
2434 2 2 1 1 1043 1664 626
2435 2 2 1 1 1685 1686 1045
2436 2 2 1 1 1566 1568 669
2437 2 2 1 1 1687 1727 1591
2438 2 2 1 1 956 1705 1077
2439 2 2 1 1 1679 1721 1714
2440 2 2 1 1 1062 1736 1060
2441 2 2 1 1 1761 1762 1633
2442 2 2 1 1 1591 1727 1590
2443 2 2 1 1 1318 1701 1211
2444 2 2 1 1 627 1724 617
2445 2 2 1 1 702 1704 682
2446 2 2 1 1 622 1740 623
2447 2 2 1 1 1084 1722 1082
2448 2 2 1 1 626 1664 631
2449 2 2 1 1 1204 1689 1205
2450 2 2 1 1 1712 1713 1114
2451 2 2 1 1 1669 1678 317
2452 2 2 1 1 1677 1682 1180
2453 2 2 1 1 1187 1734 1634
2454 2 2 1 1 1129 1690 1053
2455 2 2 1 1 1632 1677 1586
2456 2 2 1 1 1672 1687 1591
2457 2 2 1 1 1181 1755 1674
2458 2 2 1 1 608 1638 610
2459 2 2 1 1 1593 1718 1717
2460 2 2 1 1 1614 1734 1615
2461 2 2 1 1 1179 1719 1697
2462 2 2 1 1 317 1678 319
2463 2 2 1 1 1684 1685 1649
2464 2 2 1 1 1320 1711 1319
2465 2 2 1 1 1668 1698 1667
2466 2 2 1 1 1722 1737 362
2467 2 2 1 1 1599 1699 939
2468 2 2 1 1 1715 1720 1612
2469 2 2 1 1 793 1691 1010
2470 2 2 1 1 1048 1694 1057
2471 2 2 1 1 319 1678 672
2472 2 2 1 1 1044 1698 1668
2473 2 2 1 1 852 1686 1684
2474 2 2 1 1 1559 1695 1030
2475 2 2 1 1 1086 1737 1084
2476 2 2 1 1 643 1703 639
2477 2 2 1 1 1046 1680 1111
2478 2 2 1 1 1319 1711 1611
2479 2 2 1 1 1021 1715 1612
2480 2 2 1 1 1639 1698 829
2481 2 2 1 1 944 1688 1681
2482 2 2 1 1 1567 1568 1566
2483 2 2 1 1 515 1747 559
2484 2 2 1 1 750 1702 827
2485 2 2 1 1 795 1744 1692
2486 2 2 1 1 1681 1688 1624
2487 2 2 1 1 1667 1698 1639
2488 2 2 1 1 1059 1712 1114
2489 2 2 1 1 414 1723 1608
2490 2 2 1 1 1053 1690 1055
2491 2 2 1 1 507 1663 1662
2492 2 2 1 1 672 1719 1665
2493 2 2 1 1 1641 1722 362
2494 2 2 1 1 1070 1714 1068
2495 2 2 1 1 511 1739 513
2496 2 2 1 1 1663 1696 1662
2497 2 2 1 1 546 1743 1738
2498 2 2 1 1 1645 1763 781
2499 2 2 1 1 624 1710 632
2500 2 2 1 1 1178 1719 1179
2501 2 2 1 1 919 1691 785
2502 2 2 1 1 1609 1703 643
2503 2 2 1 1 1608 1732 1186
2504 2 2 1 1 1714 1721 1068
2505 2 2 1 1 1030 1695 828
2506 2 2 1 1 1717 1718 1561
2507 2 2 1 1 1696 1731 1662
2508 2 2 1 1 857 1710 1182
2509 2 2 1 1 1764 1771 465
2510 2 2 1 1 507 1662 509
2511 2 2 1 1 1665 1719 1178
2512 2 2 1 1 1600 1726 627
2513 2 2 1 1 1655 1762 1761
2514 2 2 1 1 827 1702 968
2515 2 2 1 1 326 1670 332
2516 2 2 1 1 871 1707 849
2517 2 2 1 1 1600 1735 1726
2518 2 2 1 1 1055 1712 1059
2519 2 2 1 1 1190 1765 1072
2520 2 2 1 1 617 1724 619
2521 2 2 1 1 1736 1749 559
2522 2 2 1 1 1584 1769 1191
2523 2 2 1 1 1175 1728 1549
2524 2 2 1 1 851 1735 1675
2525 2 2 1 1 1052 1731 1049
2526 2 2 1 1 1634 1734 671
2527 2 2 1 1 1057 1751 1056
2528 2 2 1 1 1064 1738 1188
2529 2 2 1 1 785 1691 793
2530 2 2 1 1 332 1670 443
2531 2 2 1 1 1179 1725 1181
2532 2 2 1 1 1673 1680 1046
2533 2 2 1 1 1684 1686 1685
2534 2 2 1 1 1690 1712 1055
2535 2 2 1 1 632 1710 857
2536 2 2 1 1 1615 1729 850
2537 2 2 1 1 560 1739 511
2538 2 2 1 1 769 1720 879
2539 2 2 1 1 1612 1720 769
2540 2 2 1 1 795 1769 1744
2541 2 2 1 1 1666 1735 851
2542 2 2 1 1 1174 1728 1175
2543 2 2 1 1 1082 1707 871
2544 2 2 1 1 369 1723 407
2545 2 2 1 1 414 1727 1687
2546 2 2 1 1 1675 1735 1600
2547 2 2 1 1 1188 1736 1062
2548 2 2 1 1 1049 1731 1696
2549 2 2 1 1 407 1723 414
2550 2 2 1 1 628 1740 622
2551 2 2 1 1 1186 1732 1729
2552 2 2 1 1 1742 1752 740
2553 2 2 1 1 1730 1739 560
2554 2 2 1 1 953 1733 943
2555 2 2 1 1 517 1749 519
2556 2 2 1 1 365 1748 1676
2557 2 2 1 1 1601 1725 1697
2558 2 2 1 1 1039 1699 1592
2559 2 2 1 1 1189 1747 1739
2560 2 2 1 1 1192 1741 863
2561 2 2 1 1 1056 1751 1741
2562 2 2 1 1 1741 1751 1656
2563 2 2 1 1 1748 1755 1676
2564 2 2 1 1 1088 1742 1086
2565 2 2 1 1 316 1759 311
2566 2 2 1 1 1551 1750 1184
2567 2 2 1 1 1088 1752 1742
2568 2 2 1 1 546 1721 1679
2569 2 2 1 1 863 1741 1656
2570 2 2 1 1 519 1743 521
2571 2 2 1 1 943 1733 1038
2572 2 2 1 1 362 1737 1622
2573 2 2 1 1 671 1734 1614
2574 2 2 1 1 1626 1716 1629
2575 2 2 1 1 781 1767 665
2576 2 2 1 1 939 1699 1039
2577 2 2 1 1 679 1768 1630
2578 2 2 1 1 1186 1729 1187
2579 2 2 1 1 1746 1758 1183
2580 2 2 1 1 844 1716 1706
2581 2 2 1 1 1748 1751 1057
2582 2 2 1 1 1697 1725 1179
2583 2 2 1 1 1054 1730 1052
2584 2 2 1 1 740 1753 350
2585 2 2 1 1 1729 1732 850
2586 2 2 1 1 1744 1745 1047
2587 2 2 1 1 560 1731 1730
2588 2 2 1 1 1271 1709 1020
2589 2 2 1 1 1041 1760 1040
2590 2 2 1 1 513 1747 515
2591 2 2 1 1 860 1756 929
2592 2 2 1 1 1056 1760 1041
2593 2 2 1 1 1622 1742 740
2594 2 2 1 1 1674 1748 1057
2595 2 2 1 1 1760 1763 1040
2596 2 2 1 1 1740 1750 623
2597 2 2 1 1 850 1732 1636
2598 2 2 1 1 1656 1751 365
2599 2 2 1 1 1676 1755 675
2600 2 2 1 1 1122 1752 1088
2601 2 2 1 1 1634 1762 1733
2602 2 2 1 1 1058 1757 1189
2603 2 2 1 1 1733 1762 1038
2604 2 2 1 1 1674 1755 1748
2605 2 2 1 1 1633 1762 1634
2606 2 2 1 1 1706 1716 1626
2607 2 2 1 1 1020 1709 1021
2608 2 2 1 1 618 1761 616
2609 2 2 1 1 1086 1742 1737
2610 2 2 1 1 1747 1757 559
2611 2 2 1 1 1738 1743 1188
2612 2 2 1 1 1744 1769 1584
2613 2 2 1 1 1692 1744 1047
2614 2 2 1 1 1726 1746 627
2615 2 2 1 1 1730 1731 1052
2616 2 2 1 1 951 1758 1557
2617 2 2 1 1 1741 1760 1056
2618 2 2 1 1 519 1749 1743
2619 2 2 1 1 1607 1759 316
2620 2 2 1 1 365 1751 1748
2621 2 2 1 1 1184 1750 1740
2622 2 2 1 1 1192 1763 1760
2623 2 2 1 1 1737 1742 1622
2624 2 2 1 1 929 1756 1146
2625 2 2 1 1 1743 1749 1188
2626 2 2 1 1 1752 1753 740
2627 2 2 1 1 1038 1762 1655
2628 2 2 1 1 1040 1763 1645
2629 2 2 1 1 616 1761 1633
2630 2 2 1 1 1188 1749 1736
2631 2 2 1 1 1606 1764 1042
2632 2 2 1 1 950 1766 1185
2633 2 2 1 1 1192 1760 1741
2634 2 2 1 1 1693 1754 1185
2635 2 2 1 1 1189 1757 1747
2636 2 2 1 1 1763 1765 781
2637 2 2 1 1 1191 1768 1190
2638 2 2 1 1 1754 1758 951
2639 2 2 1 1 1185 1766 1756
2640 2 2 1 1 1185 1754 949
2641 2 2 1 1 949 1754 951
2642 2 2 1 1 1072 1765 1192
2643 2 2 1 1 665 1767 679
2644 2 2 1 1 1756 1766 1146
2645 2 2 1 1 1630 1769 795
2646 2 2 1 1 1190 1768 1767
2647 2 2 1 1 1192 1765 1763
2648 2 2 1 1 1767 1768 679
2649 2 2 1 1 326 1770 1670
2650 2 2 1 1 1075 1771 1606
2651 2 2 1 1 1670 1770 1647
2652 2 2 1 1 465 1771 1770
2653 2 2 1 1 1770 1771 1647
2654 2 2 1 1 1647 1771 1075
2655 2 2 1 1 1076 1774 1773
2656 2 2 1 1 303 1772 703
2657 2 2 1 1 307 1772 303
2658 2 2 1 1 1759 1772 307
2659 2 2 1 1 1076 1773 308
2660 2 2 1 1 465 1773 1764
2661 2 2 1 1 308 1773 312
2662 2 2 1 1 1764 1774 1042
2663 2 2 1 1 1523 1526 1522
2664 2 2 1 1 312 1773 465
2665 2 2 1 1 1042 1774 1193
2666 2 2 1 1 300 1775 302
2667 2 2 1 1 302 1775 542
2668 2 2 1 1 1261 1523 1522
2669 2 2 1 1 524 1776 522
2670 2 2 1 1 574 1776 524
2671 2 2 1 1 1261 1522 1260
2672 2 2 1 1 892 1777 1106
2673 2 2 1 1 965 1777 892
2674 2 2 1 1 299 1778 304
2675 2 2 1 1 301 1778 299
2676 2 2 1 1 1260 1262 1258
2677 2 2 1 1 1259 1261 1260
2678 2 2 1 1 703 1778 301
2679 2 2 1 1 1215 1777 965
2680 2 2 1 1 304 1778 1076
2681 2 2 1 1 1604 1790 1605
2682 2 2 1 1 1774 1779 1193
2683 2 2 1 1 1193 1780 1194
2684 2 2 1 1 703 1779 1778
2685 2 2 1 1 574 1801 1776
2686 2 2 1 1 1604 1793 1790
2687 2 2 1 1 1778 1779 1076
2688 2 2 1 1 1195 1794 1671
2689 2 2 1 1 1780 1781 1194
2690 2 2 1 1 574 1802 1801
2691 2 2 1 1 1545 1791 1787
2692 2 2 1 1 1076 1779 1774
2693 2 2 1 1 1607 1781 1759
2694 2 2 1 1 475 1782 462
2695 2 2 1 1 1671 1796 1195
2696 2 2 1 1 1582 1802 574
2697 2 2 1 1 1779 1780 1193
2698 2 2 1 1 1545 1787 442
2699 2 2 1 1 782 1784 508
2700 2 2 1 1 1797 1799 1580
2701 2 2 1 1 1607 1783 1781
2702 2 2 1 1 1582 1803 1802
2703 2 2 1 1 484 1783 1607
2704 2 2 1 1 1259 1260 1258
2705 2 2 1 1 1772 1780 703
2706 2 2 1 1 1572 1786 1573
2707 2 2 1 1 1579 1786 1576
2708 2 2 1 1 703 1780 1779
2709 2 2 1 1 722 1803 1582
2710 2 2 1 1 484 1785 1783
2711 2 2 1 1 1772 1781 1780
2712 2 2 1 1 442 1787 370
2713 2 2 1 1 366 1787 1648
2714 2 2 1 1 797 1789 512
2715 2 2 1 1 510 1789 782
2716 2 2 1 1 1613 1785 484
2717 2 2 1 1 1605 1790 1080
2718 2 2 1 1 1759 1781 1772
2719 2 2 1 1 1080 1790 1653
2720 2 2 1 1 506 1782 475
2721 2 2 1 1 1782 1799 462
2722 2 2 1 1 1078 1792 1195
2723 2 2 1 1 1573 1792 1571
2724 2 2 1 1 1613 1788 1785
2725 2 2 1 1 1708 1793 1578
2726 2 2 1 1 506 1784 1782
2727 2 2 1 1 514 1794 797
2728 2 2 1 1 1671 1794 516
2729 2 2 1 1 1781 1783 1194
2730 2 2 1 1 848 1788 1613
2731 2 2 1 1 1194 1783 1705
2732 2 2 1 1 1602 1795 1604
2733 2 2 1 1 508 1784 506
2734 2 2 1 1 1195 1796 1029
2735 2 2 1 1 848 1791 1788
2736 2 2 1 1 1783 1785 1705
2737 2 2 1 1 1083 1798 1196
2738 2 2 1 1 1648 1791 848
2739 2 2 1 1 1705 1785 1077
2740 2 2 1 1 438 1799 466
2741 2 2 1 1 1580 1799 1782
2742 2 2 1 1 1776 1800 522
2743 2 2 1 1 1576 1786 1572
2744 2 2 1 1 1196 1800 1776
2745 2 2 1 1 520 1800 603
2746 2 2 1 1 1785 1788 1077
2747 2 2 1 1 1196 1801 1085
2748 2 2 1 1 1776 1801 1196
2749 2 2 1 1 370 1787 366
2750 2 2 1 1 1077 1788 1079
2751 2 2 1 1 512 1789 510
2752 2 2 1 1 1788 1791 1079
2753 2 2 1 1 1653 1790 869
2754 2 2 1 1 1079 1791 1545
2755 2 2 1 1 1577 1797 1580
2756 2 2 1 1 1571 1792 1078
2757 2 2 1 1 1790 1793 869
2758 2 2 1 1 1578 1797 1577
2759 2 2 1 1 869 1793 1708
2760 2 2 1 1 516 1794 514
2761 2 2 1 1 466 1795 1602
2762 2 2 1 1 1029 1796 1081
2763 2 2 1 1 1090 1804 1070
2764 2 2 1 1 1714 1804 707
2765 2 2 1 1 1796 1798 1081
2766 2 2 1 1 1081 1798 1083
2767 2 2 1 1 1257 1259 1258
2768 2 2 1 1 462 1799 438
2769 2 2 1 1 522 1800 520
2770 2 2 1 1 1085 1801 1087
2771 2 2 1 1 1795 1797 1578
2772 2 2 1 1 1801 1802 1087
2773 2 2 1 1 1087 1802 1089
2774 2 2 1 1 1802 1803 1089
2775 2 2 1 1 1089 1803 1123
2776 2 2 1 1 466 1797 1795
2777 2 2 1 1 1070 1804 1714
2778 2 2 1 1 1745 1806 1548
2779 2 2 1 1 1092 1808 1547
2780 2 2 1 1 1584 1806 1745
2781 2 2 1 1 402 1806 1583
2782 2 2 1 1 1548 1807 796
2783 2 2 1 1 380 1807 402
2784 2 2 1 1 796 1807 382
2785 2 2 1 1 954 1808 1092
2786 2 2 1 1 1745 1808 1047
2787 2 2 1 1 1262 1809 1258
2788 2 2 1 1 1524 1824 1254
2789 2 2 1 1 1583 1806 1584
2790 2 2 1 1 382 1807 380
2791 2 2 1 1 1047 1808 954
2792 2 2 1 1 1257 1258 1256
2793 2 2 1 1 1051 1810 1546
2794 2 2 1 1 1546 1811 677
2795 2 2 1 1 629 1811 628
2796 2 2 1 1 1184 1810 1051
2797 2 2 1 1 677 1811 634
2798 2 2 1 1 628 1810 1740
2799 2 2 1 1 1820 1822 1716
2800 2 2 1 1 59 163 58
2801 2 2 1 1 1199 1812 295
2802 2 2 1 1 1528 1820 981
2803 2 2 1 1 1258 1809 1256
2804 2 2 1 1 300 1812 1775
2805 2 2 1 1 650 1813 709
2806 2 2 1 1 786 1813 670
2807 2 2 1 1 295 1812 297
2808 2 2 1 1 677 1818 1546
2809 2 2 1 1 1546 1818 1536
2810 2 2 1 1 1119 1284 1120
2811 2 2 1 1 634 1811 629
2812 2 2 1 1 1740 1810 1184
2813 2 2 1 1 192 1376 1375
2814 2 2 1 1 1255 1257 1256
2815 2 2 1 1 1256 1524 1254
2816 2 2 1 1 297 1812 300
2817 2 2 1 1 670 1813 650
2818 2 2 1 1 1536 1818 1529
2819 2 2 1 1 981 1820 845
2820 2 2 1 1 844 1820 1716
2821 2 2 1 1 1659 1818 677
2822 2 2 1 1 1528 1822 1820
2823 2 2 1 1 98 170 97
2824 2 2 1 1 97 1814 96
2825 2 2 1 1 99 1816 98
2826 2 2 1 1 96 206 95
2827 2 2 1 1 973 1392 1024
2828 2 2 1 1 845 1820 844
2829 2 2 1 1 100 207 99
2830 2 2 1 1 93 174 92
2831 2 2 1 1 92 1819 91
2832 2 2 1 1 91 208 90
2833 2 2 1 1 103 164 102
2834 2 2 1 1 1716 1822 1629
2835 2 2 1 1 90 1821 89
2836 2 2 1 1 89 177 88
2837 2 2 1 1 170 1814 97
2838 2 2 1 1 1255 1256 1254
2839 2 2 1 1 98 1816 170
2840 2 2 1 1 96 1814 206
2841 2 2 1 1 207 1816 99
2842 2 2 1 1 1254 1824 1008
2843 2 2 1 1 86 189 85
2844 2 2 1 1 174 1819 92
2845 2 2 1 1 786 1824 1813
2846 2 2 1 1 91 1819 208
2847 2 2 1 1 1008 1824 878
2848 2 2 1 1 1813 1824 1524
2849 2 2 1 1 85 1823 84
2850 2 2 1 1 208 1821 90
2851 2 2 1 1 89 1821 177
2852 2 2 1 1 84 209 83
2853 2 2 1 1 917 1514 1009
2854 2 2 1 1 189 1823 85
2855 2 2 1 1 988 1392 973
2856 2 2 1 1 878 1824 786
2857 2 2 1 1 84 1823 209
2858 2 2 1 1 1253 1255 1254
2859 2 2 1 1 193 1530 78
2860 2 2 1 1 56 184 55
2861 2 2 1 1 152 1860 151
2862 2 2 1 1 106 185 105
2863 2 2 1 1 1468 1471 1467
2864 2 2 1 1 78 1530 77
2865 2 2 1 1 1253 1254 1008
2866 2 2 1 1 1455 1816 207
2867 2 2 1 1 1552 2190 184
2868 2 2 1 1 1009 1514 1512
2869 2 2 1 1 261 1857 262
2870 2 2 1 1 83 1519 82
2871 2 2 1 1 182 1871 118
2872 2 2 1 1 1095 1829 1090
2873 2 2 1 1 1544 1829 561
2874 2 2 1 1 1804 1829 1544
2875 2 2 1 1 53 160 52
2876 2 2 1 1 109 161 108
2877 2 2 1 1 195 1479 137
2878 2 2 1 1 529 561 531
2879 2 2 1 1 600 2024 2018
2880 2 2 1 1 135 1480 134
2881 2 2 1 1 38 1853 196
2882 2 2 1 1 1092 1840 1097
2883 2 2 1 1 399 1840 1543
2884 2 2 1 1 1543 1840 1547
2885 2 2 1 1 73 1535 175
2886 2 2 1 1 1303 2058 1392
2887 2 2 1 1 190 1394 14
2888 2 2 1 1 74 1535 73
2889 2 2 1 1 1334 1337 1332
2890 2 2 1 1 388 399 386
2891 2 2 1 1 1288 1858 1093
2892 2 2 1 1 722 1805 1803
2893 2 2 1 1 1803 1805 1123
2894 2 2 1 1 1090 1829 1804
2895 2 2 1 1 133 1484 132
2896 2 2 1 1 291 1841 288
2897 2 2 1 1 899 983 887
2898 2 2 1 1 1554 1889 1320
2899 2 2 1 1 406 1866 404
2900 2 2 1 1 94 1817 93
2901 2 2 1 1 93 1817 174
2902 2 2 1 1 64 1541 169
2903 2 2 1 1 352 372 354
2904 2 2 1 1 65 1541 64
2905 2 2 1 1 247 1861 250
2906 2 2 1 1 1547 1840 1092
2907 2 2 1 1 726 1841 291
2908 2 2 1 1 131 1495 130
2909 2 2 1 1 1218 1219 1217
2910 2 2 1 1 435 1869 425
2911 2 2 1 1 1202 1203 1201
2912 2 2 1 1 1113 1121 978
2913 2 2 1 1 47 1839 46
2914 2 2 1 1 1389 1863 179
2915 2 2 1 1 1921 1948 542
2916 2 2 1 1 454 1870 452
2917 2 2 1 1 1436 1438 1437
2918 2 2 1 1 1304 1323 1203
2919 2 2 1 1 120 1492 119
2920 2 2 1 1 2055 2201 1351
2921 2 2 1 1 1403 1404 162
2922 2 2 1 1 117 1497 116
2923 2 2 1 1 543 1984 751
2924 2 2 1 1 129 1499 128
2925 2 2 1 1 1832 2079 989
2926 2 2 1 1 1464 2238 1977
2927 2 2 1 1 486 1873 470
2928 2 2 1 1 293 1851 290
2929 2 2 1 1 46 1839 158
2930 2 2 1 1 80 216 3
2931 2 2 1 1 1327 1955 1326
2932 2 2 1 1 1094 1288 1093
2933 2 2 1 1 1864 2076 825
2934 2 2 1 1 1263 1386 1126
2935 2 2 1 1 1220 1221 1219
2936 2 2 1 1 290 1851 292
2937 2 2 1 1 95 1815 94
2938 2 2 1 1 1835 2223 1834
2939 2 2 1 1 206 1815 95
2940 2 2 1 1 115 1843 114
2941 2 2 1 1 1171 1476 1170
2942 2 2 1 1 359 1859 364
2943 2 2 1 1 367 426 373
2944 2 2 1 1 583 790 787
2945 2 2 1 1 529 531 530
2946 2 2 1 1 445 1929 1844
2947 2 2 1 1 203 1540 66
2948 2 2 1 1 82 1519 213
2949 2 2 1 1 49 1842 48
2950 2 2 1 1 48 210 47
2951 2 2 1 1 50 186 49
2952 2 2 1 1 66 1540 65
2953 2 2 1 1 772 1906 499
2954 2 2 1 1 960 1201 772
2955 2 2 1 1 1155 2025 1321
2956 2 2 1 1 1497 1498 157
2957 2 2 1 1 1993 2243 202
2958 2 2 1 1 1506 2242 1464
2959 2 2 1 1 1492 1493 182
2960 2 2 1 1 20 1450 19
2961 2 2 1 1 930 931 884
2962 2 2 1 1 482 2228 1962
2963 2 2 1 1 1095 1850 1829
2964 2 2 1 1 292 1851 1199
2965 2 2 1 1 984 1395 565
2966 2 2 1 1 803 1915 806
2967 2 2 1 1 227 1888 229
2968 2 2 1 1 503 539 500
2969 2 2 1 1 113 1845 112
2970 2 2 1 1 114 211 113
2971 2 2 1 1 112 187 111
2972 2 2 1 1 415 1833 420
2973 2 2 1 1 802 1119 1004
2974 2 2 1 1 872 876 598
2975 2 2 1 1 765 989 763
2976 2 2 1 1 759 904 760
2977 2 2 1 1 157 1843 115
2978 2 2 1 1 1829 1850 561
2979 2 2 1 1 790 988 973
2980 2 2 1 1 815 1851 293
2981 2 2 1 1 1330 1334 1332
2982 2 2 1 1 420 473 427
2983 2 2 1 1 144 1489 143
2984 2 2 1 1 1815 1817 94
2985 2 2 1 1 990 991 602
2986 2 2 1 1 467 1866 406
2987 2 2 1 1 204 1533 1532
2988 2 2 1 1 1499 1500 165
2989 2 2 1 1 1106 1872 888
2990 2 2 1 1 1138 1847 955
2991 2 2 1 1 1097 1138 955
2992 2 2 1 1 387 388 386
2993 2 2 1 1 2019 2107 1985
2994 2 2 1 1 216 2257 1513
2995 2 2 1 1 271 1895 1305
2996 2 2 1 1 445 1844 457
2997 2 2 1 1 692 1865 750
2998 2 2 1 1 750 1865 1702
2999 2 2 1 1 1285 1286 597
3000 2 2 1 1 1538 1539 205
3001 2 2 1 1 1540 1541 65
3002 2 2 1 1 1856 2258 2205
3003 2 2 1 1 483 1869 435
3004 2 2 1 1 273 2213 270
3005 2 2 1 1 1125 1126 923
3006 2 2 1 1 977 1398 914
3007 2 2 1 1 540 564 539
3008 2 2 1 1 575 592 411
3009 2 2 1 1 166 2169 1488
3010 2 2 1 1 210 1839 47
3011 2 2 1 1 565 1395 587
3012 2 2 1 1 457 545 471
3013 2 2 1 1 492 1908 495
3014 2 2 1 1 1093 1858 1581
3015 2 2 1 1 1155 1291 921
3016 2 2 1 1 1312 1878 1242
3017 2 2 1 1 1366 1918 1368
3018 2 2 1 1 1440 2168 1439
3019 2 2 1 1 538 1870 454
3020 2 2 1 1 585 823 591
3021 2 2 1 1 570 571 569
3022 2 2 1 1 495 761 497
3023 2 2 1 1 379 1879 676
3024 2 2 1 1 159 1412 1411
3025 2 2 1 1 904 1856 1026
3026 2 2 1 1 1465 2244 1448
3027 2 2 1 1 874 1301 882
3028 2 2 1 1 22 1456 21
3029 2 2 1 1 904 1026 905
3030 2 2 1 1 593 1873 486
3031 2 2 1 1 909 1990 1229
3032 2 2 1 1 151 1860 183
3033 2 2 1 1 1535 2026 1236
3034 2 2 1 1 180 1417 1416
3035 2 2 1 1 480 759 487
3036 2 2 1 1 184 2038 1553
3037 2 2 1 1 364 1859 377
3038 2 2 1 1 1851 1872 1199
3039 2 2 1 1 1467 2075 2025
3040 2 2 1 1 1377 2032 1436
3041 2 2 1 1 741 2154 1826
3042 2 2 1 1 25 1460 24
3043 2 2 1 1 777 1900 802
3044 2 2 1 1 76 1887 188
3045 2 2 1 1 557 891 576
3046 2 2 1 1 882 1477 1374
3047 2 2 1 1 102 1880 101
3048 2 2 1 1 48 1842 210
3049 2 2 1 1 186 1842 49
3050 2 2 1 1 1111 1889 1458
3051 2 2 1 1 1320 1889 1711
3052 2 2 1 1 968 1094 1093
3053 2 2 1 1 27 1469 26
3054 2 2 1 1 1530 1887 77
3055 2 2 1 1 298 1891 296
3056 2 2 1 1 815 1872 1851
3057 2 2 1 1 1445 2113 1444
3058 2 2 1 1 114 1843 211
3059 2 2 1 1 1014 1015 991
3060 2 2 1 1 136 1479 168
3061 2 2 1 1 1812 1892 1775
3062 2 2 1 1 775 906 777
3063 2 2 1 1 1388 2219 2130
3064 2 2 1 1 914 1398 916
3065 2 2 1 1 170 1846 1814
3066 2 2 1 1 572 573 571
3067 2 2 1 1 1395 1396 587
3068 2 2 1 1 1456 2090 1292
3069 2 2 1 1 1393 2001 498
3070 2 2 1 1 711 783 592
3071 2 2 1 1 1164 2188 1950
3072 2 2 1 1 211 1845 113
3073 2 2 1 1 112 1845 187
3074 2 2 1 1 1847 1848 1651
3075 2 2 1 1 1651 1848 693
3076 2 2 1 1 1628 1943 1627
3077 2 2 1 1 565 587 564
3078 2 2 1 1 901 1466 821
3079 2 2 1 1 1892 1921 1775
3080 2 2 1 1 2157 2256 1280
3081 2 2 1 1 986 1171 1170
3082 2 2 1 1 1868 1905 1866
3083 2 2 1 1 726 2118 2117
3084 2 2 1 1 480 1909 759
3085 2 2 1 1 1537 1538 205
3086 2 2 1 1 1966 2221 881
3087 2 2 1 1 1448 2244 2208
3088 2 2 1 1 1840 1855 1097
3089 2 2 1 1 695 747 697
3090 2 2 1 1 731 1913 753
3091 2 2 1 1 1017 1910 712
3092 2 2 1 1 1859 1879 377
3093 2 2 1 1 530 1828 722
3094 2 2 1 1 168 1480 135
3095 2 2 1 1 729 900 731
3096 2 2 1 1 1115 1128 931
3097 2 2 1 1 40 1403 162
3098 2 2 1 1 1291 1896 921
3099 2 2 1 1 1398 1399 916
3100 2 2 1 1 1016 1264 1015
3101 2 2 1 1 1139 1855 1272
3102 2 2 1 1 39 1853 38
3103 2 2 1 1 1315 1878 1312
3104 2 2 1 1 533 744 544
3105 2 2 1 1 737 1890 562
3106 2 2 1 1 753 926 803
3107 2 2 1 1 1404 1406 1405
3108 2 2 1 1 544 1917 563
3109 2 2 1 1 35 1509 166
3110 2 2 1 1 909 1229 911
3111 2 2 1 1 911 1919 970
3112 2 2 1 1 888 1872 815
3113 2 2 1 1 399 1855 1840
3114 2 2 1 1 914 916 783
3115 2 2 1 1 1176 1922 1271
3116 2 2 1 1 1006 1922 1621
3117 2 2 1 1 1397 2059 198
3118 2 2 1 1 889 1928 894
3119 2 2 1 1 964 1928 816
3120 2 2 1 1 563 824 738
3121 2 2 1 1 1877 1916 1873
3122 2 2 1 1 806 1230 897
3123 2 2 1 1 738 1920 792
3124 2 2 1 1 197 1484 133
3125 2 2 1 1 464 1969 1503
3126 2 2 1 1 970 1198 1098
3127 2 2 1 1 1123 1147 1122
3128 2 2 1 1 792 903 809
3129 2 2 1 1 118 1871 117
3130 2 2 1 1 165 1362 127
3131 2 2 1 1 722 1828 1805
3132 2 2 1 1 467 1867 1866
3133 2 2 1 1 1525 1893 1521
3134 2 2 1 1 1096 1150 1095
3135 2 2 1 1 29 1490 28
3136 2 2 1 1 160 1874 52
3137 2 2 1 1 460 1934 309
3138 2 2 1 1 1310 2181 1251
3139 2 2 1 1 1846 1893 1627
3140 2 2 1 1 134 1480 197
3141 2 2 1 1 817 999 913
3142 2 2 1 1 2060 2093 1161
3143 2 2 1 1 1000 1923 1234
3144 2 2 1 1 968 1702 1131
3145 2 2 1 1 52 1874 51
3146 2 2 1 1 1950 2249 1164
3147 2 2 1 1 310 1940 314
3148 2 2 1 1 173 1495 131
3149 2 2 1 1 164 1880 102
3150 2 2 1 1 1112 2012 1861
3151 2 2 1 1 2018 2024 1172
3152 2 2 1 1 980 1133 1109
3153 2 2 1 1 966 1942 1214
3154 2 2 1 1 894 1942 893
3155 2 2 1 1 116 1497 157
3156 2 2 1 1 105 1930 104
3157 2 2 1 1 1106 1892 1872
3158 2 2 1 1 1627 1893 963
3159 2 2 1 1 279 552 551
3160 2 2 1 1 1150 1850 1095
3161 2 2 1 1 132 1484 173
3162 2 2 1 1 350 351 349
3163 2 2 1 1 350 1753 352
3164 2 2 1 1 265 708 556
3165 2 2 1 1 1114 1947 1564
3166 2 2 1 1 377 1879 379
3167 2 2 1 1 394 417 392
3168 2 2 1 1 1215 1948 1777
3169 2 2 1 1 45 1486 44
3170 2 2 1 1 246 1988 248
3171 2 2 1 1 593 1876 1873
3172 2 2 1 1 401 430 398
3173 2 2 1 1 1139 1272 1241
3174 2 2 1 1 1107 1954 1654
3175 2 2 1 1 1 2124 156
3176 2 2 1 1 200 1499 129
3177 2 2 1 1 1503 2007 464
3178 2 2 1 1 42 1481 41
3179 2 2 1 1 37 1894 36
3180 2 2 1 1 589 1987 1518
3181 2 2 1 1 410 467 406
3182 2 2 1 1 713 877 712
3183 2 2 1 1 1474 1980 1381
3184 2 2 1 1 1400 1931 1398
3185 2 2 1 1 976 1157 975
3186 2 2 1 1 729 1946 900
3187 2 2 1 1 34 1487 33
3188 2 2 1 1 1476 2047 238
3189 2 2 1 1 896 1937 1144
3190 2 2 1 1 1414 1415 1412
3191 2 2 1 1 1420 2005 1378
3192 2 2 1 1 130 1495 200
3193 2 2 1 1 449 483 435
3194 2 2 1 1 7 2124 1
3195 2 2 1 1 233 2047 1370
3196 2 2 1 1 253 723 371
3197 2 2 1 1 714 2009 766
3198 2 2 1 1 1629 2006 1628
3199 2 2 1 1 456 538 454
3200 2 2 1 1 77 1887 76
3201 2 2 1 1 1752 2011 1753
3202 2 2 1 1 205 1912 61
3203 2 2 1 1 452 1938 449
3204 2 2 1 1 1225 1276 1275
3205 2 2 1 1 693 694 692
3206 2 2 1 1 119 1492 182
3207 2 2 1 1 537 593 486
3208 2 2 1 1 335 1969 464
3209 2 2 1 1 550 712 548
3210 2 2 1 1 1296 2010 1295
3211 2 2 1 1 999 2235 2110
3212 2 2 1 1 561 1899 531
3213 2 2 1 1 1000 1232 1001
3214 2 2 1 1 1339 1911 1331
3215 2 2 1 1 1130 1239 1018
3216 2 2 1 1 1358 2247 1285
3217 2 2 1 1 695 1848 747
3218 2 2 1 1 935 1116 934
3219 2 2 1 1 1021 1982 1715
3220 2 2 1 1 347 1983 441
3221 2 2 1 1 128 1499 165
3222 2 2 1 1 182 2049 1871
3223 2 2 1 1 1711 1889 1111
3224 2 2 1 1 1775 1921 542
3225 2 2 1 1 448 1881 502
3226 2 2 1 1 204 2171 1533
3227 2 2 1 1 714 766 716
3228 2 2 1 1 755 1000 924
3229 2 2 1 1 918 1890 737
3230 2 2 1 1 1123 1805 1148
3231 2 2 1 1 305 1891 298
3232 2 2 1 1 545 2167 1372
3233 2 2 1 1 359 2022 1859
3234 2 2 1 1 395 1453 746
3235 2 2 1 1 896 1142 1141
3236 2 2 1 1 717 825 715
3237 2 2 1 1 925 934 756
3238 2 2 1 1 987 1977 1346
3239 2 2 1 1 718 890 819
3240 2 2 1 1 1816 1901 170
3241 2 2 1 1 989 2024 763
3242 2 2 1 1 1627 1943 1846
3243 2 2 1 1 700 2177 1878
3244 2 2 1 1 963 1893 1525
3245 2 2 1 1 1199 1892 1812
3246 2 2 1 1 1447 2014 1465
3247 2 2 1 1 533 1899 744
3248 2 2 1 1 429 2232 2070
3249 2 2 1 1 1201 1906 772
3250 2 2 1 1 1466 1468 1467
3251 2 2 1 1 1301 1477 882
3252 2 2 1 1 1128 1897 1478
3253 2 2 1 1 968 1131 1094
3254 2 2 1 1 774 1904 735
3255 2 2 1 1 1314 1315 1312
3256 2 2 1 1 547 896 549
3257 2 2 1 1 485 601 536
3258 2 2 1 1 1232 1309 1233
3259 2 2 1 1 453 720 455
3260 2 2 1 1 18 2063 2
3261 2 2 1 1 448 502 451
3262 2 2 1 1 1385 2007 1213
3263 2 2 1 1 1212 2007 1503
3264 2 2 1 1 434 1881 448
3265 2 2 1 1 389 429 391
3266 2 2 1 1 409 482 424
3267 2 2 1 1 1117 1292 1116
3268 2 2 1 1 1850 1899 561
3269 2 2 1 1 240 1505 237
3270 2 2 1 1 400 450 403
3271 2 2 1 1 1106 1921 1892
3272 2 2 1 1 395 746 397
3273 2 2 1 1 393 1453 395
3274 2 2 1 1 802 1900 1119
3275 2 2 1 1 1223 2097 984
3276 2 2 1 1 1136 1849 1303
3277 2 2 1 1 573 1470 595
3278 2 2 1 1 1331 1911 1329
3279 2 2 1 1 756 1951 717
3280 2 2 1 1 1628 2006 1943
3281 2 2 1 1 495 1908 761
3282 2 2 1 1 200 1963 1542
3283 2 2 1 1 1872 1892 1199
3284 2 2 1 1 1162 2071 2033
3285 2 2 1 1 1498 2020 157
3286 2 2 1 1 1521 1901 1455
3287 2 2 1 1 244 1508 242
3288 2 2 1 1 1097 1139 1138
3289 2 2 1 1 1108 1372 979
3290 2 2 1 1 908 936 907
3291 2 2 1 1 1306 2060 1876
3292 2 2 1 1 1158 1836 810
3293 2 2 1 1 1290 2147 1486
3294 2 2 1 1 1140 1966 907
3295 2 2 1 1 1103 1245 1102
3296 2 2 1 1 927 995 818
3297 2 2 1 1 1270 1344 1268
3298 2 2 1 1 2082 2223 1835
3299 2 2 1 1 812 1158 810
3300 2 2 1 1 1160 1228 1028
3301 2 2 1 1 810 1836 808
3302 2 2 1 1 1119 1120 1004
3303 2 2 1 1 552 554 553
3304 2 2 1 1 451 1960 453
3305 2 2 1 1 232 2216 234
3306 2 2 1 1 1822 2029 1629
3307 2 2 1 1 1487 1995 198
3308 2 2 1 1 543 751 532
3309 2 2 1 1 806 1915 1230
3310 2 2 1 1 791 918 737
3311 2 2 1 1 696 699 694
3312 2 2 1 1 1257 2017 1259
3313 2 2 1 1 424 1962 434
3314 2 2 1 1 1859 2022 1385
3315 2 2 1 1 1112 2130 2012
3316 2 2 1 1 1101 1102 1099
3317 2 2 1 1 464 2022 339
3318 2 2 1 1 898 907 807
3319 2 2 1 1 814 2043 964
3320 2 2 1 1 1227 1927 1128
3321 2 2 1 1 920 2065 1243
3322 2 2 1 1 694 1865 692
3323 2 2 1 1 1950 2037 727
3324 2 2 1 1 708 742 741
3325 2 2 1 1 971 1152 912
3326 2 2 1 1 1455 1901 1816
3327 2 2 1 1 397 1964 400
3328 2 2 1 1 804 881 754
3329 2 2 1 1 1330 1854 1334
3330 2 2 1 1 1397 1967 1102
3331 2 2 1 1 305 1934 1891
3332 2 2 1 1 701 727 698
3333 2 2 1 1 962 1217 969
3334 2 2 1 1 1870 1938 452
3335 2 2 1 1 531 532 530
3336 2 2 1 1 1357 2247 1002
3337 2 2 1 1 2081 2170 891
3338 2 2 1 1 730 788 728
3339 2 2 1 1 1328 1854 1330
3340 2 2 1 1 1369 2158 1299
3341 2 2 1 1 9 2096 8
3342 2 2 1 1 904 2258 1856
3343 2 2 1 1 306 1986 310
3344 2 2 1 1 170 1901 1846
3345 2 2 1 1 350 352 351
3346 2 2 1 1 1216 2182 1485
3347 2 2 1 1 387 389 388
3348 2 2 1 1 257 1825 255
3349 2 2 1 1 1623 2196 1248
3350 2 2 1 1 554 600 555
3351 2 2 1 1 1097 1855 1139
3352 2 2 1 1 188 2026 75
3353 2 2 1 1 1415 2046 1412
3354 2 2 1 1 1553 2038 1554
3355 2 2 1 1 853 2031 323
3356 2 2 1 1 313 2031 460
3357 2 2 1 1 1018 2145 1019
3358 2 2 1 1 1123 1148 1147
3359 2 2 1 1 1362 1981 126
3360 2 2 1 1 723 901 821
3361 2 2 1 1 753 1913 926
3362 2 2 1 1 1846 1943 1814
3363 2 2 1 1 436 479 478
3364 2 2 1 1 742 899 887
3365 2 2 1 1 1302 2243 1993
3366 2 2 1 1 2165 2182 1999
3367 2 2 1 1 1247 2136 1246
3368 2 2 1 1 30 2008 167
3369 2 2 1 1 61 1912 60
3370 2 2 1 1 602 1988 249
3371 2 2 1 1 1777 1921 1106
3372 2 2 1 1 185 1930 105
3373 2 2 1 1 220 1394 190
3374 2 2 1 1 74 2026 1535
3375 2 2 1 1 440 1935 439
3376 2 2 1 1 598 1470 573
3377 2 2 1 1 563 1917 824
3378 2 2 1 1 1273 2209 1623
3379 2 2 1 1 1012 1013 1011
3380 2 2 1 1 1621 1922 1176
3381 2 2 1 1 959 1011 778
3382 2 2 1 1 890 1113 978
3383 2 2 1 1 816 1928 889
3384 2 2 1 1 699 1865 694
3385 2 2 1 1 970 1919 1198
3386 2 2 1 1 597 1989 267
3387 2 2 1 1 960 1202 1201
3388 2 2 1 1 792 1920 903
3389 2 2 1 1 1380 1980 1383
3390 2 2 1 1 1167 1290 1166
3391 2 2 1 1 1292 2090 1116
3392 2 2 1 1 1490 1882 1491
3393 2 2 1 1 579 580 578
3394 2 2 1 1 562 1984 543
3395 2 2 1 1 1246 1307 1149
3396 2 2 1 1 916 1957 783
3397 2 2 1 1 577 578 558
3398 2 2 1 1 1345 2186 214
3399 2 2 1 1 1629 2029 2006
3400 2 2 1 1 739 2150 2107
3401 2 2 1 1 1137 1904 774
3402 2 2 1 1 488 489 481
3403 2 2 1 1 776 1137 774
3404 2 2 1 1 1026 1542 1027
3405 2 2 1 1 1654 2220 1273
3406 2 2 1 1 1871 2049 1276
3407 2 2 1 1 473 1902 427
3408 2 2 1 1 1165 1166 1132
3409 2 2 1 1 1369 2225 421
3410 2 2 1 1 1353 2157 915
3411 2 2 1 1 492 493 490
3412 2 2 1 1 3 2078 79
3413 2 2 1 1 1488 1995 1487
3414 2 2 1 1 472 733 458
3415 2 2 1 1 1868 2013 1905
3416 2 2 1 1 1125 1263 1126
3417 2 2 1 1 920 1243 1154
3418 2 2 1 1 432 439 428
3419 2 2 1 1 727 2037 698
3420 2 2 1 1 496 501 494
3421 2 2 1 1 1202 1304 1203
3422 2 2 1 1 1528 2044 1822
3423 2 2 1 1 309 1934 305
3424 2 2 1 1 922 1127 1124
3425 2 2 1 1 1620 2207 186
3426 2 2 1 1 581 583 580
3427 2 2 1 1 2069 2073 1410
3428 2 2 1 1 545 1909 471
3429 2 2 1 1 446 468 440
3430 2 2 1 1 590 739 584
3431 2 2 1 1 166 1488 1487
3432 2 2 1 1 1155 1321 1291
3433 2 2 1 1 479 500 499
3434 2 2 1 1 762 1025 764
3435 2 2 1 1 1753 2011 372
3436 2 2 1 1 416 433 374
3437 2 2 1 1 353 419 351
3438 2 2 1 1 1485 2058 248
3439 2 2 1 1 1147 2011 1122
3440 2 2 1 1 759 760 487
3441 2 2 1 1 314 1940 329
3442 2 2 1 1 5 2156 145
3443 2 2 1 1 1814 1943 206
3444 2 2 1 1 893 1942 966
3445 2 2 1 1 773 962 961
3446 2 2 1 1 1228 2021 1028
3447 2 2 1 1 361 743 355
3448 2 2 1 1 1122 2011 1752
3449 2 2 1 1 904 905 760
3450 2 2 1 1 224 1005 222
3451 2 2 1 1 1096 1151 1150
3452 2 2 1 1 1471 2217 469
3453 2 2 1 1 1868 2055 2013
3454 2 2 1 1 1623 2209 2196
3455 2 2 1 1 1344 2170 2081
3456 2 2 1 1 693 1848 695
3457 2 2 1 1 216 2078 3
3458 2 2 1 1 1713 1947 1114
3459 2 2 1 1 693 695 694
3460 2 2 1 1 1135 1136 988
3461 2 2 1 1 751 1828 532
3462 2 2 1 1 194 1450 20
3463 2 2 1 1 1491 1907 199
3464 2 2 1 1 557 2081 891
3465 2 2 1 1 1504 1948 1215
3466 2 2 1 1 1026 1027 905
3467 2 2 1 1 532 1828 530
3468 2 2 1 1 1438 1502 1440
3469 2 2 1 1 179 2090 1456
3470 2 2 1 1 1273 2220 2209
3471 2 2 1 1 1404 1405 162
3472 2 2 1 1 877 1130 1018
3473 2 2 1 1 143 1489 192
3474 2 2 1 1 1940 1969 329
3475 2 2 1 1 1822 2044 2029
3476 2 2 1 1 1643 1954 1107
3477 2 2 1 1 56 2038 184
3478 2 2 1 1 542 1986 306
3479 2 2 1 1 238 2047 235
3480 2 2 1 1 1127 1953 1895
3481 2 2 1 1 1230 1231 897
3482 2 2 1 1 1012 1302 1293
3483 2 2 1 1 1715 2116 1349
3484 2 2 1 1 1152 1994 912
3485 2 2 1 1 1527 2056 1528
3486 2 2 1 1 1433 2052 215
3487 2 2 1 1 277 1883 279
3488 2 2 1 1 931 2002 884
3489 2 2 1 1 886 2160 1472
3490 2 2 1 1 228 748 226
3491 2 2 1 1 1383 2057 1382
3492 2 2 1 1 1336 1340 993
3493 2 2 1 1 1461 1863 1389
3494 2 2 1 1 1201 2134 1906
3495 2 2 1 1 1128 1927 1897
3496 2 2 1 1 468 1935 440
3497 2 2 1 1 31 2008 30
3498 2 2 1 1 573 595 594
3499 2 2 1 1 199 1907 1469
3500 2 2 1 1 1250 1852 1142
3501 2 2 1 1 2139 2236 1311
3502 2 2 1 1 1133 1973 1109
3503 2 2 1 1 1222 1345 1153
3504 2 2 1 1 126 1981 125
3505 2 2 1 1 1869 2101 425
3506 2 2 1 1 969 1153 961
3507 2 2 1 1 1897 1898 1428
3508 2 2 1 1 1388 2130 1112
3509 2 2 1 1 125 1981 180
3510 2 2 1 1 1689 2178 160
3511 2 2 1 1 1891 2118 296
3512 2 2 1 1 389 1975 429
3513 2 2 1 1 473 2054 1902
3514 2 2 1 1 1406 1408 1405
3515 2 2 1 1 123 1978 122
3516 2 2 1 1 159 1414 1412
3517 2 2 1 1 1399 1402 1401
3518 2 2 1 1 249 1988 246
3519 2 2 1 1 179 1456 22
3520 2 2 1 1 180 1418 1417
3521 2 2 1 1 122 1978 159
3522 2 2 1 1 53 2045 160
3523 2 2 1 1 1094 1945 1288
3524 2 2 1 1 329 1969 335
3525 2 2 1 1 936 1282 1249
3526 2 2 1 1 595 724 596
3527 2 2 1 1 1264 1266 1265
3528 2 2 1 1 934 1951 756
3529 2 2 1 1 1381 1980 1380
3530 2 2 1 1 600 2018 555
3531 2 2 1 1 996 997 801
3532 2 2 1 1 394 1944 417
3533 2 2 1 1 267 1989 264
3534 2 2 1 1 825 1979 715
3535 2 2 1 1 1533 2040 1532
3536 2 2 1 1 1333 2111 1339
3537 2 2 1 1 550 713 712
3538 2 2 1 1 724 800 725
3539 2 2 1 1 1279 1280 997
3540 2 2 1 1 399 2030 1855
3541 2 2 1 1 172 1460 25
3542 2 2 1 1 1890 1984 562
3543 2 2 1 1 1372 1971 979
3544 2 2 1 1 531 533 532
3545 2 2 1 1 1442 2168 1445
3546 2 2 1 1 436 478 230
3547 2 2 1 1 996 1281 1279
3548 2 2 1 1 800 975 801
3549 2 2 1 1 586 1505 240
3550 2 2 1 1 1709 1982 1021
3551 2 2 1 1 349 1983 347
3552 2 2 1 1 275 2051 273
3553 2 2 1 1 50 2048 186
3554 2 2 1 1 1000 1001 924
3555 2 2 1 1 1232 2148 1309
3556 2 2 1 1 995 1972 818
3557 2 2 1 1 1515 2103 1514
3558 2 2 1 1 1344 1974 1268
3559 2 2 1 1 596 1002 594
3560 2 2 1 1 360 2095 367
3561 2 2 1 1 925 935 934
3562 2 2 1 1 531 1899 533
3563 2 2 1 1 1398 1931 1399
3564 2 2 1 1 1523 2068 1527
3565 2 2 1 1 1500 1973 165
3566 2 2 1 1 453 1960 720
3567 2 2 1 1 1528 2056 2044
3568 2 2 1 1 1139 1197 1138
3569 2 2 1 1 434 1962 1881
3570 2 2 1 1 1836 1976 808
3571 2 2 1 1 248 1508 244
3572 2 2 1 1 1131 1132 1094
3573 2 2 1 1 896 1141 549
3574 2 2 1 1 1169 2073 2069
3575 2 2 1 1 1232 1233 1001
3576 2 2 1 1 400 1964 450
3577 2 2 1 1 389 390 388
3578 2 2 1 1 1120 1531 1004
3579 2 2 1 1 1900 2226 1119
3580 2 2 1 1 2143 2187 1134
3581 2 2 1 1 935 1117 1116
3582 2 2 1 1 279 1883 552
3583 2 2 1 1 1142 1143 1141
3584 2 2 1 1 1130 1240 1239
3585 2 2 1 1 162 1853 39
3586 2 2 1 1 411 1825 257
3587 2 2 1 1 1198 1936 1098
3588 2 2 1 1 1453 2245 1452
3589 2 2 1 1 969 1222 1153
3590 2 2 1 1 962 969 961
3591 2 2 1 1 1108 1373 1372
3592 2 2 1 1 1581 2086 1252
3593 2 2 1 1 199 1469 27
3594 2 2 1 1 884 2002 875
3595 2 2 1 1 1202 1431 1304
3596 2 2 1 1 17 2063 212
3597 2 2 1 1 1012 1293 1013
3598 2 2 1 1 150 1993 149
3599 2 2 1 1 983 1896 1886
3600 2 2 1 1 1477 1991 1298
3601 2 2 1 1 175 2085 72
3602 2 2 1 1 71 2085 204
3603 2 2 1 1 1216 1988 602
3604 2 2 1 1 1916 2163 538
3605 2 2 1 1 1101 1103 1102
3606 2 2 1 1 898 908 907
3607 2 2 1 1 582 2016 585
3608 2 2 1 1 417 2236 2139
3609 2 2 1 1 352 354 353
3610 2 2 1 1 701 728 727
3611 2 2 1 1 998 2025 1875
3612 2 2 1 1 713 1979 877
3613 2 2 1 1 1235 2131 1516
3614 2 2 1 1 1943 2006 206
3615 2 2 1 1 790 1135 988
3616 2 2 1 1 59 2072 163
3617 2 2 1 1 426 2136 1838
3618 2 2 1 1 1878 2109 1242
3619 2 2 1 1 1113 1968 1121
3620 2 2 1 1 991 1216 602
3621 2 2 1 1 1287 1989 597
3622 2 2 1 1 1904 2000 735
3623 2 2 1 1 1286 1287 597
3624 2 2 1 1 589 772 499
3625 2 2 1 1 564 721 539
3626 2 2 1 1 1386 2228 482
3627 2 2 1 1 1148 1149 1147
3628 2 2 1 1 876 1470 598
3629 2 2 1 1 352 353 351
3630 2 2 1 1 1213 2007 1212
3631 2 2 1 1 1131 1164 1132
3632 2 2 1 1 783 1957 784
3633 2 2 1 1 1287 2256 2233
3634 2 2 1 1 579 582 581
3635 2 2 1 1 417 2087 392
3636 2 2 1 1 573 594 571
3637 2 2 1 1 783 784 592
3638 2 2 1 1 1261 2083 1523
3639 2 2 1 1 432 445 440
3640 2 2 1 1 354 360 355
3641 2 2 1 1 1128 1478 931
3642 2 2 1 1 167 1882 1490
3643 2 2 1 1 959 1012 1011
3644 2 2 1 1 762 763 600
3645 2 2 1 1 1874 2048 51
3646 2 2 1 1 492 495 494
3647 2 2 1 1 1165 1168 1167
3648 2 2 1 1 1949 2249 1950
3649 2 2 1 1 762 2023 1025
3650 2 2 1 1 1148 1200 1149
3651 2 2 1 1 360 367 361
3652 2 2 1 1 773 960 772
3653 2 2 1 1 1218 2028 1220
3654 2 2 1 1 1527 2068 2056
3655 2 2 1 1 488 491 490
3656 2 2 1 1 1399 1401 916
3657 2 2 1 1 577 579 578
3658 2 2 1 1 899 1896 983
3659 2 2 1 1 488 490 489
3660 2 2 1 1 1264 1265 1015
3661 2 2 1 1 367 373 368
3662 2 2 1 1 1370 2125 1371
3663 2 2 1 1 1165 1167 1166
3664 2 2 1 1 920 921 899
3665 2 2 1 1 2158 2253 1299
3666 2 2 1 1 373 415 374
3667 2 2 1 1 1895 1953 1305
3668 2 2 1 1 492 494 493
3669 2 2 1 1 1151 1224 1150
3670 2 2 1 1 479 499 478
3671 2 2 1 1 415 420 416
3672 2 2 1 1 579 581 580
3673 2 2 1 1 1172 1173 1113
3674 2 2 1 1 1243 1390 1154
3675 2 2 1 1 764 765 763
3676 2 2 1 1 432 440 439
3677 2 2 1 1 1475 2118 1891
3678 2 2 1 1 420 427 421
3679 2 2 1 1 582 585 584
3680 2 2 1 1 1884 1885 1263
3681 2 2 1 1 1230 1914 1231
3682 2 2 1 1 922 923 765
3683 2 2 1 1 445 457 446
3684 2 2 1 1 427 431 428
3685 2 2 1 1 43 2147 181
3686 2 2 1 1 450 1965 403
3687 2 2 1 1 1124 1125 923
3688 2 2 1 1 1011 1996 778
3689 2 2 1 1 585 591 590
3690 2 2 1 1 701 729 728
3691 2 2 1 1 457 471 458
3692 2 2 1 1 495 497 496
3693 2 2 1 1 802 1004 959
3694 2 2 1 1 1154 1155 921
3695 2 2 1 1 1168 1507 1169
3696 2 2 1 1 117 1871 1497
3697 2 2 1 1 898 909 908
3698 2 2 1 1 1101 1104 1103
3699 2 2 1 1 2 2063 17
3700 2 2 1 1 294 2118 726
3701 2 2 1 1 471 480 472
3702 2 2 1 1 591 736 735
3703 2 2 1 1 497 557 498
3704 2 2 1 1 1542 1963 1027
3705 2 2 1 1 500 589 499
3706 2 2 1 1 177 2114 88
3707 2 2 1 1 915 2126 977
3708 2 2 1 1 1200 1247 1246
3709 2 2 1 1 935 1134 1117
3710 2 2 1 1 480 487 481
3711 2 2 1 1 1283 2017 1257
3712 2 2 1 1 1233 1378 1001
3713 2 2 1 1 908 2004 936
3714 2 2 1 1 736 775 774
3715 2 2 1 1 557 576 558
3716 2 2 1 1 158 1486 45
3717 2 2 1 1 1905 2013 430
3718 2 2 1 1 1168 1949 1507
3719 2 2 1 1 433 1958 374
3720 2 2 1 1 206 2006 1815
3721 2 2 1 1 1847 2035 1848
3722 2 2 1 1 576 749 577
3723 2 2 1 1 775 777 776
3724 2 2 1 1 902 2123 1006
3725 2 2 1 1 1459 2123 1110
3726 2 2 1 1 695 696 694
3727 2 2 1 1 777 802 778
3728 2 2 1 1 1139 1241 1197
3729 2 2 1 1 695 697 696
3730 2 2 1 1 550 714 713
3731 2 2 1 1 554 762 600
3732 2 2 1 1 742 920 899
3733 2 2 1 1 890 1172 1113
3734 2 2 1 1 1013 2152 2042
3735 2 2 1 1 1027 1028 905
3736 2 2 1 1 1125 1884 1263
3737 2 2 1 1 533 544 543
3738 2 2 1 1 1942 2111 1214
3739 2 2 1 1 1142 1852 1143
3740 2 2 1 1 1502 2032 906
3741 2 2 1 1 1027 1159 1028
3742 2 2 1 1 729 731 730
3743 2 2 1 1 555 2018 718
3744 2 2 1 1 697 700 698
3745 2 2 1 1 909 911 910
3746 2 2 1 1 1226 2048 1874
3747 2 2 1 1 731 753 732
3748 2 2 1 1 753 803 754
3749 2 2 1 1 1259 2094 1261
3750 2 2 1 1 803 806 804
3751 2 2 1 1 911 970 912
3752 2 2 1 1 544 563 562
3753 2 2 1 1 806 897 807
3754 2 2 1 1 970 1098 971
3755 2 2 1 1 563 738 737
3756 2 2 1 1 738 792 791
3757 2 2 1 1 1098 1100 1099
3758 2 2 1 1 1217 1959 969
3759 2 2 1 1 792 809 808
3760 2 2 1 1 1151 1225 1224
3761 2 2 1 1 389 391 390
3762 2 2 1 1 809 811 810
3763 2 2 1 1 927 1971 995
3764 2 2 1 1 811 817 812
3765 2 2 1 1 1159 1267 1160
3766 2 2 1 1 817 913 818
3767 2 2 1 1 167 1490 29
3768 2 2 1 1 391 392 390
3769 2 2 1 1 913 928 927
3770 2 2 1 1 1267 1269 1268
3771 2 2 1 1 928 980 979
3772 2 2 1 1 1166 1945 1132
3773 2 2 1 1 222 1939 220
3774 2 2 1 1 1269 1501 1270
3775 2 2 1 1 980 1109 1108
3776 2 2 1 1 1853 2027 196
3777 2 2 1 1 533 543 532
3778 2 2 1 1 1865 2041 1702
3779 2 2 1 1 595 596 594
3780 2 2 1 1 812 1972 1158
3781 2 2 1 1 1523 2083 2068
3782 2 2 1 1 1157 1925 975
3783 2 2 1 1 393 394 392
3784 2 2 1 1 87 2129 86
3785 2 2 1 1 395 396 394
3786 2 2 1 1 1160 1974 1228
3787 2 2 1 1 397 398 396
3788 2 2 1 1 400 401 398
3789 2 2 1 1 403 404 401
3790 2 2 1 1 1658 2142 1657
3791 2 2 1 1 1929 2039 1844
3792 2 2 1 1 405 406 404
3793 2 2 1 1 409 410 406
3794 2 2 1 1 1241 1311 1242
3795 2 2 1 1 424 425 410
3796 2 2 1 1 212 2175 1322
3797 2 2 1 1 714 715 713
3798 2 2 1 1 434 435 425
3799 2 2 1 1 448 449 435
3800 2 2 1 1 724 725 596
3801 2 2 1 1 451 452 449
3802 2 2 1 1 996 1279 997
3803 2 2 1 1 453 454 452
3804 2 2 1 1 455 456 454
3805 2 2 1 1 1311 1313 1312
3806 2 2 1 1 339 2022 359
3807 2 2 1 1 1313 1350 1314
3808 2 2 1 1 469 470 456
3809 2 2 1 1 813 2043 814
3810 2 2 1 1 1927 2066 419
3811 2 2 1 1 485 486 470
3812 2 2 1 1 536 537 486
3813 2 2 1 1 718 2018 890
3814 2 2 1 1 547 548 537
3815 2 2 1 1 1225 1275 1274
3816 2 2 1 1 2102 2181 1310
3817 2 2 1 1 549 550 548
3818 2 2 1 1 791 1976 918
3819 2 2 1 1 800 801 725
3820 2 2 1 1 427 1902 431
3821 2 2 1 1 714 716 715
3822 2 2 1 1 1241 1242 1197
3823 2 2 1 1 181 1481 42
3824 2 2 1 1 716 755 717
3825 2 2 1 1 755 924 756
3826 2 2 1 1 198 2059 32
3827 2 2 1 1 1225 1274 1224
3828 2 2 1 1 975 996 801
3829 2 2 1 1 716 717 715
3830 2 2 1 1 924 925 756
3831 2 2 1 1 755 756 717
3832 2 2 1 1 1836 2054 1834
3833 2 2 1 1 891 2014 576
3834 2 2 1 1 196 1894 37
3835 2 2 1 1 1233 1419 1378
3836 2 2 1 1 1275 1862 1274
3837 2 2 1 1 1134 1162 1117
3838 2 2 1 1 159 1978 1414
3839 2 2 1 1 547 549 548
3840 2 2 1 1 536 547 537
3841 2 2 1 1 485 536 486
3842 2 2 1 1 1311 1312 1242
3843 2 2 1 1 1350 1351 1314
3844 2 2 1 1 469 485 470
3845 2 2 1 1 166 1487 34
3846 2 2 1 1 1313 1314 1312
3847 2 2 1 1 455 469 456
3848 2 2 1 1 453 455 454
3849 2 2 1 1 451 453 452
3850 2 2 1 1 163 2121 58
3851 2 2 1 1 448 451 449
3852 2 2 1 1 434 448 435
3853 2 2 1 1 424 434 425
3854 2 2 1 1 1478 2002 931
3855 2 2 1 1 409 424 410
3856 2 2 1 1 405 409 406
3857 2 2 1 1 391 393 392
3858 2 2 1 1 980 2198 1133
3859 2 2 1 1 403 405 404
3860 2 2 1 1 400 403 401
3861 2 2 1 1 397 400 398
3862 2 2 1 1 1948 1986 542
3863 2 2 1 1 395 397 396
3864 2 2 1 1 393 395 394
3865 2 2 1 1 1172 2079 1173
3866 2 2 1 1 1104 1161 1103
3867 2 2 1 1 909 910 908
3868 2 2 1 1 729 730 728
3869 2 2 1 1 1159 1160 1028
3870 2 2 1 1 180 1981 1418
3871 2 2 1 1 980 1108 979
3872 2 2 1 1 1269 1270 1268
3873 2 2 1 1 928 979 927
3874 2 2 1 1 1164 1165 1132
3875 2 2 1 1 1267 1268 1160
3876 2 2 1 1 913 927 818
3877 2 2 1 1 817 818 812
3878 2 2 1 1 697 698 696
3879 2 2 1 1 354 355 353
3880 2 2 1 1 811 812 810
3881 2 2 1 1 544 562 543
3882 2 2 1 1 75 2026 74
3883 2 2 1 1 809 810 808
3884 2 2 1 1 1100 1101 1099
3885 2 2 1 1 792 808 791
3886 2 2 1 1 1098 1099 971
3887 2 2 1 1 738 791 737
3888 2 2 1 1 1200 1246 1149
3889 2 2 1 1 897 898 807
3890 2 2 1 1 563 737 562
3891 2 2 1 1 970 971 912
3892 2 2 1 1 806 807 804
3893 2 2 1 1 1166 2176 1945
3894 2 2 1 1 911 912 910
3895 2 2 1 1 589 773 772
3896 2 2 1 1 803 804 754
3897 2 2 1 1 491 492 490
3898 2 2 1 1 700 701 698
3899 2 2 1 1 582 584 581
3900 2 2 1 1 753 754 732
3901 2 2 1 1 495 496 494
3902 2 2 1 1 731 732 730
3903 2 2 1 1 1168 1169 1167
3904 2 2 1 1 445 446 440
3905 2 2 1 1 471 1909 480
3906 2 2 1 1 739 2019 584
3907 2 2 1 1 762 764 763
3908 2 2 1 1 920 1154 921
3909 2 2 1 1 912 1994 910
3910 2 2 1 1 802 959 778
3911 2 2 1 1 773 961 960
3912 2 2 1 1 360 361 355
3913 2 2 1 1 777 778 776
3914 2 2 1 1 775 776 774
3915 2 2 1 1 367 368 361
3916 2 2 1 1 576 577 558
3917 2 2 1 1 585 590 584
3918 2 2 1 1 736 774 735
3919 2 2 1 1 497 498 496
3920 2 2 1 1 373 374 368
3921 2 2 1 1 557 558 498
3922 2 2 1 1 487 488 481
3923 2 2 1 1 591 735 590
3924 2 2 1 1 457 458 446
3925 2 2 1 1 480 481 472
3926 2 2 1 1 415 416 374
3927 2 2 1 1 764 922 765
3928 2 2 1 1 471 472 458
3929 2 2 1 1 420 421 416
3930 2 2 1 1 1124 1941 1125
3931 2 2 1 1 427 428 421
3932 2 2 1 1 431 432 428
3933 2 2 1 1 922 1124 923
3934 2 2 1 1 1146 2171 1145
3935 2 2 1 1 388 2030 399
3936 2 2 1 1 811 2122 817
3937 2 2 1 1 1926 2211 468
3938 2 2 1 1 538 2163 1936
3939 2 2 1 1 1147 2067 2011
3940 2 2 1 1 1925 1926 1281
3941 2 2 1 1 1405 1853 162
3942 2 2 1 1 215 2156 1433
3943 2 2 1 1 1226 2178 1204
3944 2 2 1 1 387 1975 389
3945 2 2 1 1 1495 1963 200
3946 2 2 1 1 761 2081 497
3947 2 2 1 1 877 1979 1130
3948 2 2 1 1 167 2074 1882
3949 2 2 1 1 351 2066 349
3950 2 2 1 1 491 2132 1908
3951 2 2 1 1 1468 2217 1471
3952 2 2 1 1 1652 2261 853
3953 2 2 1 1 1261 2094 2083
3954 2 2 1 1 2006 2029 1815
3955 2 2 1 1 891 2170 1465
3956 2 2 1 1 459 2194 385
3957 2 2 1 1 447 2148 2080
3958 2 2 1 1 1298 1991 1297
3959 2 2 1 1 2033 2071 880
3960 2 2 1 1 1198 2240 1870
3961 2 2 1 1 1852 2219 418
3962 2 2 1 1 1907 2137 1469
3963 2 2 1 1 226 1952 224
3964 2 2 1 1 323 2031 313
3965 2 2 1 1 157 2020 1843
3966 2 2 1 1 1486 2147 44
3967 2 2 1 1 1643 2260 2234
3968 2 2 1 1 1483 2261 1618
3969 2 2 1 1 1308 2230 1277
3970 2 2 1 1 1460 2108 1461
3971 2 2 1 1 1830 2064 813
3972 2 2 1 1 1401 1957 916
3973 2 2 1 1 766 2084 1924
3974 2 2 1 1 1902 1903 431
3975 2 2 1 1 1766 2135 1146
3976 2 2 1 1 1855 2030 1272
3977 2 2 1 1 1431 2061 201
3978 2 2 1 1 1253 2146 1255
3979 2 2 1 1 1504 1986 1948
3980 2 2 1 1 1952 2179 1005
3981 2 2 1 1 220 1939 1394
3982 2 2 1 1 776 1996 1137
3983 2 2 1 1 1466 2102 1468
3984 2 2 1 1 1420 2187 2143
3985 2 2 1 1 1912 2072 60
3986 2 2 1 1 1346 2150 1223
3987 2 2 1 1 1324 2224 1939
3988 2 2 1 1 2025 2075 1321
3989 2 2 1 1 193 2103 1530
3990 2 2 1 1 1238 2166 1253
3991 2 2 1 1 184 2190 55
3992 2 2 1 1 1898 1956 1428
3993 2 2 1 1 996 1925 1281
3994 2 2 1 1 2148 2216 1309
3995 2 2 1 1 2024 2079 1172
3996 2 2 1 1 146 2156 5
3997 2 2 1 1 1815 2029 1817
3998 2 2 1 1 31 2059 2008
3999 2 2 1 1 1307 2067 1149
4000 2 2 1 1 1510 2183 1238
4001 2 2 1 1 393 2245 1453
4002 2 2 1 1 936 2004 1282
4003 2 2 1 1 1286 2138 1287
4004 2 2 1 1 496 2001 501
4005 2 2 1 1 1138 2035 1847
4006 2 2 1 1 1229 2115 1919
4007 2 2 1 1 590 2000 739
4008 2 2 1 1 1537 2133 1538
4009 2 2 1 1 235 2047 233
4010 2 2 1 1 2038 2121 1554
4011 2 2 1 1 587 1992 564
4012 2 2 1 1 1374 2160 886
4013 2 2 1 1 1903 1929 431
4014 2 2 1 1 1376 2203 1377
4015 2 2 1 1 1153 1961 961
4016 2 2 1 1 1098 1936 1100
4017 2 2 1 1 419 2140 1898
4018 2 2 1 1 1643 2234 1954
4019 2 2 1 1 974 2165 2104
4020 2 2 1 1 396 1944 394
4021 2 2 1 1 224 1952 1005
4022 2 2 1 1 1849 2252 1303
4023 2 2 1 1 1906 2036 478
4024 2 2 1 1 583 1985 790
4025 2 2 1 1 700 1946 701
4026 2 2 1 1 1532 2040 171
4027 2 2 1 1 880 2071 1343
4028 2 2 1 1 576 2014 749
4029 2 2 1 1 390 2030 388
4030 2 2 1 1 539 1987 500
4031 2 2 1 1 1459 2072 1912
4032 2 2 1 1 1433 2156 146
4033 2 2 1 1 1412 2046 1413
4034 2 2 1 1 1027 1963 1159
4035 2 2 1 1 1493 2049 182
4036 2 2 1 1 969 1959 1222
4037 2 2 1 1 109 2260 161
4038 2 2 1 1 1005 1939 222
4039 2 2 1 1 1874 2178 1226
4040 2 2 1 1 1531 2003 1004
4041 2 2 1 1 1012 2003 1302
4042 2 2 1 1 2047 2125 1370
4043 2 2 1 1 1265 2165 1999
4044 2 2 1 1 1248 2189 1096
4045 2 2 1 1 1301 1991 1477
4046 2 2 1 1 571 1997 569
4047 2 2 1 1 592 1998 411
4048 2 2 1 1 1511 2193 1510
4049 2 2 1 1 1214 2111 1658
4050 2 2 1 1 960 1961 1202
4051 2 2 1 1 1015 1999 991
4052 2 2 1 1 483 2034 1869
4053 2 2 1 1 57 2038 56
4054 2 2 1 1 1994 2004 910
4055 2 2 1 1 1173 1968 1113
4056 2 2 1 1 2117 2118 1475
4057 2 2 1 1 1253 2166 2146
4058 2 2 1 1 881 2222 754
4059 2 2 1 1 1828 2053 1805
4060 2 2 1 1 2116 2254 1349
4061 2 2 1 1 715 1979 713
4062 2 2 1 1 921 1896 899
4063 2 2 1 1 1132 1945 1094
4064 2 2 1 1 801 2077 725
4065 2 2 1 1 975 1925 996
4066 2 2 1 1 1510 2193 2183
4067 2 2 1 1 230 2036 228
4068 2 2 1 1 1339 2111 1942
4069 2 2 1 1 1817 2044 174
4070 2 2 1 1 187 2234 111
4071 2 2 1 1 1125 1941 1884
4072 2 2 1 1 374 1958 368
4073 2 2 1 1 2029 2044 1817
4074 2 2 1 1 431 1929 432
4075 2 2 1 1 2065 2172 1243
4076 2 2 1 1 432 1929 445
4077 2 2 1 1 1238 2183 2166
4078 2 2 1 1 32 2059 31
4079 2 2 1 1 500 1987 589
4080 2 2 1 1 4 2098 81
4081 2 2 1 1 587 2042 1992
4082 2 2 1 1 1938 2115 483
4083 2 2 1 1 1850 2050 1899
4084 2 2 1 1 1197 2035 1138
4085 2 2 1 1 1002 1997 594
4086 2 2 1 1 701 1946 729
4087 2 2 1 1 581 2019 583
4088 2 2 1 1 1511 2200 2193
4089 2 2 1 1 586 2252 1849
4090 2 2 1 1 910 2004 908
4091 2 2 1 1 213 2098 4
4092 2 2 1 1 748 1952 226
4093 2 2 1 1 890 2018 1172
4094 2 2 1 1 54 2045 53
4095 2 2 1 1 1513 2200 1511
4096 2 2 1 1 1458 2214 163
4097 2 2 1 1 1415 2089 2046
4098 2 2 1 1 1131 2041 1164
4099 2 2 1 1 2054 2151 1902
4100 2 2 1 1 760 1970 487
4101 2 2 1 1 403 1965 405
4102 2 2 1 1 1436 2032 1438
4103 2 2 1 1 1223 2150 2000
4104 2 2 1 1 197 2208 1501
4105 2 2 1 1 2063 2175 212
4106 2 2 1 1 1903 2039 1929
4107 2 2 1 1 468 2250 1932
4108 2 2 1 1 1848 2035 747
4109 2 2 1 1 979 1971 927
4110 2 2 1 1 488 1970 491
4111 2 2 1 1 228 2036 748
4112 2 2 1 1 1452 2245 429
4113 2 2 1 1 469 2217 485
4114 2 2 1 1 818 1972 812
4115 2 2 1 1 1268 1974 1160
4116 2 2 1 1 1438 2032 1502
4117 2 2 1 1 410 2101 467
4118 2 2 1 1 1004 2003 959
4119 2 2 1 1 1284 2052 1120
4120 2 2 1 1 2017 2114 177
4121 2 2 1 1 808 1976 791
4122 2 2 1 1 467 2101 1914
4123 2 2 1 1 51 2048 50
4124 2 2 1 1 1394 2224 13
4125 2 2 1 1 1933 2173 1931
4126 2 2 1 1 390 2087 2030
4127 2 2 1 1 743 2140 355
4128 2 2 1 1 1153 2061 1961
4129 2 2 1 1 763 2024 600
4130 2 2 1 1 1202 1961 1431
4131 2 2 1 1 733 2250 458
4132 2 2 1 1 2039 2167 1844
4133 2 2 1 1 210 2086 1858
4134 2 2 1 1 1961 2061 1431
4135 2 2 1 1 732 2222 2106
4136 2 2 1 1 2179 2255 1005
4137 2 2 1 1 1231 1990 897
4138 2 2 1 1 1702 2041 1131
4139 2 2 1 1 898 1990 909
4140 2 2 1 1 1842 2086 210
4141 2 2 1 1 248 2058 1508
4142 2 2 1 1 961 1961 960
4143 2 2 1 1 1939 2224 1394
4144 2 2 1 1 1285 2247 1357
4145 2 2 1 1 428 2158 421
4146 2 2 1 1 469 2180 1471
4147 2 2 1 1 1382 2057 1483
4148 2 2 1 1 174 2056 1819
4149 2 2 1 1 217 2175 2063
4150 2 2 1 1 1148 2053 1200
4151 2 2 1 1 1150 2050 1850
4152 2 2 1 1 1826 2154 1127
4153 2 2 1 1 1830 2162 2064
4154 2 2 1 1 1168 2249 1949
4155 2 2 1 1 2044 2056 174
4156 2 2 1 1 579 2015 582
4157 2 2 1 1 478 2036 230
4158 2 2 1 1 487 1970 488
4159 2 2 1 1 1335 2064 1336
4160 2 2 1 1 550 2009 714
4161 2 2 1 1 790 1985 1135
4162 2 2 1 1 2073 2161 1407
4163 2 2 1 1 1345 2096 2061
4164 2 2 1 1 959 2003 1012
4165 2 2 1 1 778 1996 776
4166 2 2 1 1 583 2019 1985
4167 2 2 1 1 721 1987 539
4168 2 2 1 1 564 1992 721
4169 2 2 1 1 2233 2256 1434
4170 2 2 1 1 1224 2050 1150
4171 2 2 1 1 1239 2137 1907
4172 2 2 1 1 1396 2042 587
4173 2 2 1 1 999 2159 913
4174 2 2 1 1 1445 2195 2113
4175 2 2 1 1 991 1999 1216
4176 2 2 1 1 696 2037 699
4177 2 2 1 1 1932 2250 733
4178 2 2 1 1 498 2001 496
4179 2 2 1 1 735 2000 590
4180 2 2 1 1 1392 2058 1485
4181 2 2 1 1 897 1990 898
4182 2 2 1 1 1001 2005 924
4183 2 2 1 1 1935 2211 1157
4184 2 2 1 1 1324 2255 1323
4185 2 2 1 1 411 1998 1825
4186 2 2 1 1 569 2051 275
4187 2 2 1 1 1834 2054 473
4188 2 2 1 1 594 1997 571
4189 2 2 1 1 552 2023 554
4190 2 2 1 1 784 1998 592
4191 2 2 1 1 2061 2096 201
4192 2 2 1 1 2011 2067 372
4193 2 2 1 1 974 2104 1347
4194 2 2 1 1 1141 2009 549
4195 2 2 1 1 1265 1999 1015
4196 2 2 1 1 1378 2005 1001
4197 2 2 1 1 977 2091 1400
4198 2 2 1 1 433 2225 2120
4199 2 2 1 1 1334 2232 1337
4200 2 2 1 1 924 2005 925
4201 2 2 1 1 183 2204 1993
4202 2 2 1 1 549 2009 550
4203 2 2 1 1 1513 2231 2078
4204 2 2 1 1 749 2015 577
4205 2 2 1 1 1494 2127 1493
4206 2 2 1 1 1975 2194 1337
4207 2 2 1 1 387 2194 1975
4208 2 2 1 1 1321 2210 1291
4209 2 2 1 1 1406 2192 1408
4210 2 2 1 1 1856 2205 1109
4211 2 2 1 1 217 2063 18
4212 2 2 1 1 2015 2016 582
4213 2 2 1 1 1276 2049 1275
4214 2 2 1 1 1264 2227 1266
4215 2 2 1 1 1197 2109 2035
4216 2 2 1 1 905 2021 760
4217 2 2 1 1 1954 2234 187
4218 2 2 1 1 1252 2207 1620
4219 2 2 1 1 193 2231 2103
4220 2 2 1 1 354 2144 360
4221 2 2 1 1 490 2229 489
4222 2 2 1 1 1498 2189 2020
4223 2 2 1 1 214 2186 1429
4224 2 2 1 1 2030 2087 1272
4225 2 2 1 1 1429 2124 214
4226 2 2 1 1 699 2041 1865
4227 2 2 1 1 584 2019 581
4228 2 2 1 1 853 2261 2057
4229 2 2 1 1 2034 2115 1229
4230 2 2 1 1 577 2015 579
4231 2 2 1 1 2106 2161 788
4232 2 2 1 1 698 2037 696
4233 2 2 1 1 1028 2021 905
4234 2 2 1 1 1819 2068 208
4235 2 2 1 1 1899 2050 744
4236 2 2 1 1 398 2062 396
4237 2 2 1 1 2056 2068 1819
4238 2 2 1 1 1480 2208 197
4239 2 2 1 1 1345 2061 1153
4240 2 2 1 1 1224 2141 2050
4241 2 2 1 1 554 2023 762
4242 2 2 1 1 1883 2023 552
4243 2 2 1 1 1469 2137 172
4244 2 2 1 1 1157 2253 1935
4245 2 2 1 1 809 2089 811
4246 2 2 1 1 1263 2228 1386
4247 2 2 1 1 2009 2084 766
4248 2 2 1 1 788 2161 1507
4249 2 2 1 1 1422 2120 1300
4250 2 2 1 1 1408 2027 1405
4251 2 2 1 1 2075 2180 720
4252 2 2 1 1 2020 2189 1248
4253 2 2 1 1 1024 2165 974
4254 2 2 1 1 1857 2065 708
4255 2 2 1 1 172 2137 2108
4256 2 2 1 1 2027 2149 196
4257 2 2 1 1 1019 2145 2093
4258 2 2 1 1 1283 2114 2017
4259 2 2 1 1 60 2072 59
4260 2 2 1 1 1805 2053 1148
4261 2 2 1 1 367 2095 426
4262 2 2 1 1 1495 2088 1963
4263 2 2 1 1 1889 2214 1458
4264 2 2 1 1 1217 2155 1959
4265 2 2 1 1 1405 2027 1853
4266 2 2 1 1 1137 2097 1904
4267 2 2 1 1 79 2078 193
4268 2 2 1 1 1854 2070 1334
4269 2 2 1 1 1863 2090 179
4270 2 2 1 1 57 2121 2038
4271 2 2 1 1 1161 2074 1103
4272 2 2 1 1 989 2079 2024
4273 2 2 1 1 1444 2113 1447
4274 2 2 1 1 2034 2202 1869
4275 2 2 1 1 1222 2186 1345
4276 2 2 1 1 2068 2083 208
4277 2 2 1 1 1931 2173 1399
4278 2 2 1 1 208 2083 1821
4279 2 2 1 1 2020 2196 1843
4280 2 2 1 1 1248 2196 2020
4281 2 2 1 1 1158 2054 1836
4282 2 2 1 1 493 2112 2010
4283 2 2 1 1 1127 2154 1124
4284 2 2 1 1 697 2177 700
4285 2 2 1 1 1429 2259 1430
4286 2 2 1 1 1963 2088 1159
4287 2 2 1 1 1337 2185 1332
4288 2 2 1 1 1352 2080 1356
4289 2 2 1 1 742 2065 920
4290 2 2 1 1 1203 2179 2134
4291 2 2 1 1 2046 2089 903
4292 2 2 1 1 2149 2221 1140
4293 2 2 1 1 72 2085 71
4294 2 2 1 1 1997 2051 569
4295 2 2 1 1 760 2021 1970
4296 2 2 1 1 1337 2232 1975
4297 2 2 1 1 1882 2074 1161
4298 2 2 1 1 2106 2222 1409
4299 2 2 1 1 751 2053 1828
4300 2 2 1 1 1241 2139 1311
4301 2 2 1 1 270 2213 269
4302 2 2 1 1 405 2100 409
4303 2 2 1 1 732 2106 730
4304 2 2 1 1 1103 2074 1245
4305 2 2 1 1 501 2112 494
4306 2 2 1 1 429 2245 391
4307 2 2 1 1 2035 2109 747
4308 2 2 1 1 1864 2215 2076
4309 2 2 1 1 997 2077 801
4310 2 2 1 1 1104 2060 1161
4311 2 2 1 1 2086 2207 1252
4312 2 2 1 1 1351 2128 1314
4313 2 2 1 1 468 2211 1935
4314 2 2 1 1 349 2066 1983
4315 2 2 1 1 1293 2152 1013
4316 2 2 1 1 353 2140 419
4317 2 2 1 1 2107 2150 1346
4318 2 2 1 1 1476 2125 2047
4319 2 2 1 1 935 2143 1134
4320 2 2 1 1 1134 2071 1162
4321 2 2 1 1 1858 2086 1581
4322 2 2 1 1 1164 2249 1165
4323 2 2 1 1 1278 2152 1237
4324 2 2 1 1 1432 2239 1433
4325 2 2 1 1 2095 2136 426
4326 2 2 1 1 813 2064 2043
4327 2 2 1 1 1913 2055 926
4328 2 2 1 1 2083 2094 1821
4329 2 2 1 1 1979 2076 1130
4330 2 2 1 1 1821 2094 177
4331 2 2 1 1 455 2180 469
4332 2 2 1 1 1958 2206 368
4333 2 2 1 1 1485 2182 1024
4334 2 2 1 1 201 2096 9
4335 2 2 1 1 188 2131 2026
4336 2 2 1 1 2050 2141 744
4337 2 2 1 1 2014 2113 749
4338 2 2 1 1 984 2097 1395
4339 2 2 1 1 1291 2099 1896
4340 2 2 1 1 2192 2222 881
4341 2 2 1 1 1426 2206 1958
4342 2 2 1 1 494 2112 493
4343 2 2 1 1 817 2122 999
4344 2 2 1 1 1203 2134 1201
4345 2 2 1 1 2032 2203 906
4346 2 2 1 1 1982 2116 1715
4347 2 2 1 1 173 2088 1495
4348 2 2 1 1 54 2190 2045
4349 2 2 1 1 1169 2105 1167
4350 2 2 1 1 1137 2237 2097
4351 2 2 1 1 1857 2172 2065
4352 2 2 1 1 450 2212 1965
4353 2 2 1 1 1869 2202 2101
4354 2 2 1 1 1356 2197 1355
4355 2 2 1 1 361 2206 743
4356 2 2 1 1 1149 2067 1147
4357 2 2 1 1 1514 2103 1512
4358 2 2 1 1 997 2138 2077
4359 2 2 1 1 708 2065 742
4360 2 2 1 1 1507 2073 1169
4361 2 2 1 1 446 2250 468
4362 2 2 1 1 497 2081 557
4363 2 2 1 1 825 2076 1979
4364 2 2 1 1 1349 2254 1348
4365 2 2 1 1 1447 2113 2014
4366 2 2 1 1 1130 2076 1240
4367 2 2 1 1 1299 2253 1157
4368 2 2 1 1 2064 2162 1336
4369 2 2 1 1 156 2124 1429
4370 2 2 1 1 903 2089 809
4371 2 2 1 1 1161 2093 1882
4372 2 2 1 1 1531 2239 1432
4373 2 2 1 1 88 2114 87
4374 2 2 1 1 1473 2117 1475
4375 2 2 1 1 1472 2174 1473
4376 2 2 1 1 1348 2254 1534
4377 2 2 1 1 1939 2255 1324
4378 2 2 1 1 1965 2212 1387
4379 2 2 1 1 1332 2185 1333
4380 2 2 1 1 296 2118 294
4381 2 2 1 1 1158 2151 2054
4382 2 2 1 1 1416 2110 1978
4383 2 2 1 1 1439 2168 1442
4384 2 2 1 1 1902 2151 1903
4385 2 2 1 1 44 2147 43
4386 2 2 1 1 1249 2149 1140
4387 2 2 1 1 1200 2164 1247
4388 2 2 1 1 447 2216 2148
4389 2 2 1 1 918 2082 1890
4390 2 2 1 1 160 2178 1874
4391 2 2 1 1 744 2141 1917
4392 2 2 1 1 1141 2084 2009
4393 2 2 1 1 1852 2197 1143
4394 2 2 1 1 421 2225 416
4395 2 2 1 1 181 2069 1481
4396 2 2 1 1 1110 2123 902
4397 2 2 1 1 1143 2084 1141
4398 2 2 1 1 214 2124 7
4399 2 2 1 1 1508 2252 586
4400 2 2 1 1 1234 2148 1232
4401 2 2 1 1 1513 2257 2200
4402 2 2 1 1 163 2214 2121
4403 2 2 1 1 2043 2064 1335
4404 2 2 1 1 726 2117 1918
4405 2 2 1 1 1964 2119 450
4406 2 2 1 1 901 2102 1466
4407 2 2 1 1 746 2092 1964
4408 2 2 1 1 203 2116 1540
4409 2 2 1 1 1323 2179 1203
4410 2 2 1 1 1120 2239 1531
4411 2 2 1 1 58 2121 57
4412 2 2 1 1 1163 2135 1766
4413 2 2 1 1 1975 2232 429
4414 2 2 1 1 1159 2088 1267
4415 2 2 1 1 1372 2167 1971
4416 2 2 1 1 1109 2205 1108
4417 2 2 1 1 1255 2146 1283
4418 2 2 1 1 392 2087 390
4419 2 2 1 1 2053 2164 1200
4420 2 2 1 1 2091 2126 1281
4421 2 2 1 1 900 2201 1913
4422 2 2 1 1 2125 2241 1371
4423 2 2 1 1 1377 2203 2032
4424 2 2 1 1 86 2129 189
4425 2 2 1 1 759 2258 904
4426 2 2 1 1 1926 2091 1281
4427 2 2 1 1 396 2062 1944
4428 2 2 1 1 1420 2143 2005
4429 2 2 1 1 1236 2131 1235
4430 2 2 1 1 730 2106 788
4431 2 2 1 1 1119 2226 1284
4432 2 2 1 1 1157 2211 1925
4433 2 2 1 1 169 2133 1537
4434 2 2 1 1 1657 2142 459
4435 2 2 1 1 2005 2143 925
4436 2 2 1 1 2103 2231 1512
4437 2 2 1 1 425 2101 410
4438 2 2 1 1 1414 2235 1415
4439 2 2 1 1 1024 2182 2165
4440 2 2 1 1 1896 2099 1886
4441 2 2 1 1 417 2139 2087
4442 2 2 1 1 2138 2256 1287
4443 2 2 1 1 906 2203 1900
4444 2 2 1 1 439 2158 428
4445 2 2 1 1 1989 2233 263
4446 2 2 1 1 418 2219 1388
4447 2 2 1 1 1533 2135 2040
4448 2 2 1 1 439 2253 2158
4449 2 2 1 1 1307 2144 2067
4450 2 2 1 1 2049 2127 1275
4451 2 2 1 1 1167 2105 1290
4452 2 2 1 1 2037 2188 699
4453 2 2 1 1 1870 2240 1938
4454 2 2 1 1 1878 2177 2109
4455 2 2 1 1 2208 2244 1501
4456 2 2 1 1 918 2223 2082
4457 2 2 1 1 1540 2116 1982
4458 2 2 1 1 172 2108 1460
4459 2 2 1 1 2093 2145 1491
4460 2 2 1 1 1280 2138 997
4461 2 2 1 1 1849 2242 1506
4462 2 2 1 1 2146 2166 189
4463 2 2 1 1 1171 2125 1476
4464 2 2 1 1 2112 2227 1295
4465 2 2 1 1 1242 2109 1197
4466 2 2 1 1 189 2166 1823
4467 2 2 1 1 489 2173 1933
4468 2 2 1 1 1005 2255 1939
4469 2 2 1 1 202 2243 1531
4470 2 2 1 1 1145 2171 1308
4471 2 2 1 1 1228 2132 2021
4472 2 2 1 1 1451 2199 2033
4473 2 2 1 1 501 2227 2112
4474 2 2 1 1 2080 2148 1234
4475 2 2 1 1 1827 2241 1171
4476 2 2 1 1 173 2184 2088
4477 2 2 1 1 145 2156 215
4478 2 2 1 1 1303 2252 2058
4479 2 2 1 1 372 2144 354
4480 2 2 1 1 1950 2188 2037
4481 2 2 1 1 485 2217 601
4482 2 2 1 1 1844 2167 545
4483 2 2 1 1 1287 2233 1989
4484 2 2 1 1 1984 2164 751
4485 2 2 1 1 1204 2178 1689
4486 2 2 1 1 2166 2183 1823
4487 2 2 1 1 751 2164 2053
4488 2 2 1 1 1493 2127 2049
4489 2 2 1 1 1272 2139 1241
4490 2 2 1 1 203 2254 2116
4491 2 2 1 1 1484 2184 173
4492 2 2 1 1 1993 2204 1302
4493 2 2 1 1 1451 2175 217
4494 2 2 1 1 1913 2201 2055
4495 2 2 1 1 1430 2259 1959
4496 2 2 1 1 1823 2183 209
4497 2 2 1 1 977 2126 2091
4498 2 2 1 1 2069 2105 1169
4499 2 2 1 1 2097 2237 1395
4500 2 2 1 1 2088 2184 1267
4501 2 2 1 1 1314 2128 1315
4502 2 2 1 1 2026 2131 1236
4503 2 2 1 1 1281 2126 1279
4504 2 2 1 1 1219 2155 1217
4505 2 2 1 1 2183 2193 209
4506 2 2 1 1 209 2193 1519
4507 2 2 1 1 1118 2262 1864
4508 2 2 1 1 1882 2093 1491
4509 2 2 1 1 1994 2169 2004
4510 2 2 1 1 1507 2161 2073
4511 2 2 1 1 2076 2215 1240
4512 2 2 1 1 1399 2173 1402
4513 2 2 1 1 1491 2145 1907
4514 2 2 1 1 2193 2200 1519
4515 2 2 1 1 1250 2219 1852
4516 2 2 1 1 385 2194 387
4517 2 2 1 1 55 2190 54
4518 2 2 1 1 1313 2236 1944
4519 2 2 1 1 1977 2238 1135
4520 2 2 1 1 1274 2141 1224
4521 2 2 1 1 1978 2110 1414
4522 2 2 1 1 1935 2253 439
4523 2 2 1 1 913 2159 928
4524 2 2 1 1 493 2229 490
4525 2 2 1 1 1302 2204 1293
4526 2 2 1 1 2010 2112 1295
4527 2 2 1 1 1977 2107 1346
4528 2 2 1 1 2067 2144 372
4529 2 2 1 1 1275 2127 1862
4530 2 2 1 1 2012 2181 901
4531 2 2 1 1 1395 2237 1396
4532 2 2 1 1 355 2140 353
4533 2 2 1 1 1968 2092 746
4534 2 2 1 1 1519 2200 213
4535 2 2 1 1 502 2210 1960
4536 2 2 1 1 1501 2246 197
4537 2 2 1 1 925 2143 935
4538 2 2 1 1 1512 2231 1513
4539 2 2 1 1 1124 2154 1941
4540 2 2 1 1 1965 2100 405
4541 2 2 1 1 747 2177 697
4542 2 2 1 1 1877 2163 1916
4543 2 2 1 1 2117 2174 1918
4544 2 2 1 1 483 2115 2034
4545 2 2 1 1 2101 2202 1914
4546 2 2 1 1 1173 2092 1968
4547 2 2 1 1 2119 2212 450
4548 2 2 1 1 1972 2151 1158
4549 2 2 1 1 1843 2196 211
4550 2 2 1 1 1918 2174 1368
4551 2 2 1 1 1277 2230 1549
4552 2 2 1 1 1270 2170 1344
4553 2 2 1 1 285 2162 1830
4554 2 2 1 1 1488 2169 1994
4555 2 2 1 1 2159 2198 928
4556 2 2 1 1 1409 2192 1406
4557 2 2 1 1 158 2251 2176
4558 2 2 1 1 720 2180 455
4559 2 2 1 1 2170 2244 1465
4560 2 2 1 1 1618 2261 1652
4561 2 2 1 1 2196 2209 211
4562 2 2 1 1 1096 2189 1151
4563 2 2 1 1 186 2207 1842
4564 2 2 1 1 2108 2215 1461
4565 2 2 1 1 111 2234 110
4566 2 2 1 1 234 2216 447
4567 2 2 1 1 2015 2195 2016
4568 2 2 1 1 1162 2199 1457
4569 2 2 1 1 211 2209 1845
4570 2 2 1 1 197 2246 1484
4571 2 2 1 1 1534 2254 203
4572 2 2 1 1 1925 2211 1926
4573 2 2 1 1 1267 2184 1269
4574 2 2 1 1 1864 2262 2215
4575 2 2 1 1 110 2260 109
4576 2 2 1 1 1839 2251 158
4577 2 2 1 1 2215 2262 1461
4578 2 2 1 1 1295 2227 1264
4579 2 2 1 1 2040 2135 1163
4580 2 2 1 1 2209 2220 1845
4581 2 2 1 1 1970 2132 491
4582 2 2 1 1 1484 2246 2184
4583 2 2 1 1 2000 2150 739
4584 2 2 1 1 1842 2207 2086
4585 2 2 1 1 2033 2199 1162
4586 2 2 1 1 1274 2248 2141
4587 2 2 1 1 1845 2220 187
4588 2 2 1 1 2234 2260 110
4589 2 2 1 1 1938 2240 2115
4590 2 2 1 1 1473 2174 2117
4591 2 2 1 1 261 2172 1857
4592 2 2 1 1 928 2198 980
4593 2 2 1 1 2141 2248 1917
4594 2 2 1 1 2057 2261 1483
4595 2 2 1 1 2023 2191 1025
4596 2 2 1 1 2099 2210 502
4597 2 2 1 1 158 2176 1486
4598 2 2 1 1 1554 2214 1889
4599 2 2 1 1 2004 2169 1282
4600 2 2 1 1 1415 2235 2122
4601 2 2 1 1 2021 2132 1970
4602 2 2 1 1 2184 2246 1269
4603 2 2 1 1 1531 2243 2003
4604 2 2 1 1 2058 2252 1508
4605 2 2 1 1 1885 2228 1263
4606 2 2 1 1 1396 2237 1996
4607 2 2 1 1 1165 2249 1168
4608 2 2 1 1 181 2105 2069
4609 2 2 1 1 1936 2163 1100
4610 2 2 1 1 1996 2237 1137
4611 2 2 1 1 368 2206 361
4612 2 2 1 1 1323 2255 2179
4613 2 2 1 1 2016 2195 1445
4614 2 2 1 1 1944 2236 417
4615 2 2 1 1 2087 2139 1272
4616 2 2 1 1 1311 2236 1313
4617 2 2 1 1 1863 2262 1118
4618 2 2 1 1 1269 2246 1501
4619 2 2 1 1 824 2248 1862
4620 2 2 1 1 1108 2205 1373
4621 2 2 1 1 1433 2239 2052
4622 2 2 1 1 754 2222 732
4623 2 2 1 1 391 2245 393
4624 2 2 1 1 1360 2191 1883
4625 2 2 1 1 1862 2248 1274
4626 2 2 1 1 2113 2195 749
4627 2 2 1 1 1461 2262 1863
4628 2 2 1 1 1976 2223 918
4629 2 2 1 1 416 2225 433
4630 2 2 1 1 1270 2244 2170
4631 2 2 1 1 1171 2241 2125
4632 2 2 1 1 1140 2221 1966
4633 2 2 1 1 458 2250 446
4634 2 2 1 1 1999 2182 1216
4635 2 2 1 1 1351 2201 2128
4636 2 2 1 1 2041 2188 1164
4637 2 2 1 1 1333 2185 2142
4638 2 2 1 1 2092 2119 1964
4639 2 2 1 1 1914 2202 1231
4640 2 2 1 1 2109 2177 747
4641 2 2 1 1 2238 2242 1136
4642 2 2 1 1 1135 2238 1136
4643 2 2 1 1 1959 2259 1222
4644 2 2 1 1 1832 2212 2119
4645 2 2 1 1 749 2195 2015
4646 2 2 1 1 1293 2204 2153
4647 2 2 1 1 1136 2242 1849
4648 2 2 1 1 1134 2187 2071
4649 2 2 1 1 2121 2214 1554
4650 2 2 1 1 1919 2240 1198
4651 2 2 1 1 1917 2248 824
4652 2 2 1 1 1501 2244 1270
4653 2 2 1 1 2098 2257 216
4654 2 2 1 1 2078 2231 193
4655 2 2 1 1 1240 2215 2108
4656 2 2 1 1 1283 2146 2129
4657 2 2 1 1 2071 2187 1343
4658 2 2 1 1 1409 2222 2192
4659 2 2 1 1 1883 2191 2023
4660 2 2 1 1 2003 2243 1302
4661 2 2 1 1 2129 2146 189
4662 2 2 1 1 1291 2210 2099
4663 2 2 1 1 699 2188 2041
4664 2 2 1 1 901 2181 2102
4665 2 2 1 1 2186 2259 1429
4666 2 2 1 1 1393 2218 2001
4667 2 2 1 1 2128 2201 900
4668 2 2 1 1 2115 2240 1919
4669 2 2 1 1 1464 2242 2238
4670 2 2 1 1 2205 2258 1373
4671 2 2 1 1 2070 2232 1334
4672 2 2 1 1 2200 2257 213
4673 2 2 1 1 1266 2218 2104
4674 2 2 1 1 1280 2256 2138
4675 2 2 1 1 2052 2239 1120
4676 2 2 1 1 2142 2185 459
4677 2 2 1 1 2122 2235 999
4678 2 2 1 1 2110 2235 1414
4679 2 2 1 1 2153 2204 183
4680 2 2 1 1 213 2257 2098
4681 2 2 1 1 1222 2259 2186
$EndElements
