time_s,max_T_C,min_T_C,max_abs_dTdt_C_per_min,conv_ramp
0.0006,650.586,26.9628,5633.24,4.07253e-05
6.0006,650.454,26.9629,2280.37,4.07322e-05
12.0006,650.322,26.963,2280,4.07391e-05
18.0006,650.189,26.9631,2279.63,4.0746e-05
24.0006,650.057,26.9632,2279.25,4.07529e-05
30.0006,649.924,26.9633,2278.87,4.07599e-05
36.0006,649.791,26.9634,2278.48,4.07668e-05
42.0006,649.657,26.9635,2278.1,4.07738e-05
48.0006,649.524,26.9635,2277.7,4.07808e-05
54.0006,649.391,26.9636,2277.31,4.07878e-05
60.0006,649.257,26.9637,2276.9,4.07948e-05
66.0006,649.123,26.9638,2276.5,4.08018e-05
72.0006,648.989,26.9639,2276.09,4.08088e-05
78.0006,648.855,26.964,2275.68,4.08159e-05
84.0006,648.72,26.9641,2275.26,4.08229e-05
90.0006,648.586,26.9642,2274.84,4.083e-05
96.0006,648.451,26.9643,2274.41,4.0837e-05
102.001,648.316,26.9644,2273.98,4.08441e-05
108.001,648.181,26.9645,2273.55,4.08512e-05
114.001,648.046,26.9646,2273.11,4.08584e-05
120.001,647.91,26.9647,2272.67,4.08655e-05
126.001,647.774,26.9648,2272.22,4.08726e-05
132.001,647.639,26.9649,2271.77,4.08798e-05
138.001,647.503,26.965,2271.31,4.08869e-05
144.001,647.366,26.9651,2270.85,4.08941e-05
150.001,647.23,26.9652,2270.39,4.09013e-05
156.001,647.093,26.9653,2269.92,4.09085e-05
162.001,646.957,26.9654,2269.45,4.09157e-05
168.001,646.82,26.9655,2268.97,4.09229e-05
174.001,646.683,26.9656,2268.49,4.09302e-05
180.001,646.545,26.9657,2268.01,4.09374e-05
186.001,646.408,26.9658,2267.52,4.09447e-05
192.001,646.27,26.9659,2267.03,4.0952e-05
198.001,646.132,26.966,2266.53,4.09593e-05
204.001,645.994,26.9661,2266.03,4.09666e-05
210.001,645.856,26.9662,2265.52,4.09739e-05
216.001,645.718,26.9663,2265.01,4.09812e-05
222.001,645.579,26.9664,2264.49,4.09886e-05
228.001,645.44,26.9665,2263.97,4.09959e-05
234.001,645.301,26.9666,2263.45,4.10033e-05
240.001,645.162,26.9667,2262.92,4.10107e-05
246.001,645.023,26.9668,2262.38,4.10181e-05
252.001,644.883,26.9669,2261.85,4.10255e-05
258.001,644.743,26.967,2261.3,4.1033e-05
264.001,644.603,26.9671,2260.76,4.10404e-05
270.001,644.463,26.9672,2260.21,4.10478e-05
276.001,644.323,26.9673,2259.65,4.10553e-05
282.001,644.182,26.9674,2259.09,4.10628e-05
288.001,644.041,26.9675,2258.53,4.10703e-05
294.001,643.9,26.9677,2257.96,4.10778e-05
300.001,643.759,26.9678,2257.38,4.10853e-05
306.001,643.618,26.9679,2256.8,4.10929e-05
312.001,643.476,26.968,2256.22,4.11004e-05
318.001,643.334,26.9681,2255.63,4.1108e-05
324.001,643.192,26.9682,2255.04,4.11156e-05
330.001,643.05,26.9683,2254.44,4.11232e-05
336.001,642.908,26.9684,2253.84,4.11308e-05
342.001,642.765,26.9685,2253.24,4.11384e-05
348.001,642.622,26.9686,2252.63,4.1146e-05
354.001,642.479,26.9688,2252.01,4.11537e-05
360.001,642.336,26.9689,2251.39,4.11614e-05
366.001,642.193,26.969,2250.77,4.11691e-05
372.001,642.049,26.9691,2250.14,4.11768e-05
378.001,641.905,26.9692,2249.5,4.11845e-05
384.001,641.761,26.9693,2248.86,4.11922e-05
390.001,641.617,26.9694,2248.22,4.11999e-05
396.001,641.472,26.9696,2247.57,4.12077e-05
402.001,641.328,26.9697,2246.92,4.12155e-05
408.001,641.183,26.9698,2246.26,4.12233e-05
414.001,641.037,26.9699,2245.6,4.12311e-05
420.001,640.892,26.97,2244.93,4.12389e-05
426.001,640.746,26.9701,2244.25,4.12467e-05
432.001,640.601,26.9703,2243.58,4.12546e-05
438.001,640.455,26.9704,2242.89,4.12624e-05
444.001,640.308,26.9705,2242.21,4.12703e-05
450.001,640.162,26.9706,2241.52,4.12782e-05
456.001,640.015,26.9707,2240.82,4.12861e-05
462.001,639.868,26.9708,2240.12,4.1294e-05
468.001,639.721,26.971,2239.41,4.1302e-05
474.001,639.574,26.9711,2238.7,4.13099e-05
480.001,639.426,26.9712,2237.98,4.13179e-05
486.001,639.278,26.9713,2237.26,4.13259e-05
492.001,639.13,26.9715,2236.53,4.13339e-05
498.001,638.982,26.9716,2235.8,4.13419e-05
504.001,638.834,26.9717,2235.06,4.135e-05
510.001,638.685,26.9718,2234.32,4.1358e-05
516.001,638.536,26.972,2233.58,4.13661e-05
522.001,638.387,26.9721,2232.82,4.13742e-05
528.001,638.237,26.9722,2232.07,4.13823e-05
534.001,638.088,26.9723,2231.3,4.13904e-05
540.001,637.938,26.9725,2230.54,4.13986e-05
546.001,637.788,26.9726,2229.77,4.14067e-05
552.001,637.637,26.9727,2228.99,4.14149e-05
558.001,637.487,26.9728,2228.21,4.14231e-05
564.001,637.336,26.973,2227.42,4.14313e-05
570.001,637.185,26.9731,2226.62,4.14395e-05
576.001,637.034,26.9732,2225.83,4.14478e-05
582.001,636.882,26.9734,2225.02,4.1456e-05
588.001,636.73,26.9735,2224.22,4.14643e-05
594.001,636.578,26.9736,2223.4,4.14726e-05
600.001,636.426,26.9738,2222.58,4.14809e-05
606.001,636.273,26.9739,2221.76,4.14892e-05
612.001,636.12,26.974,2220.93,4.14976e-05
618.001,635.967,26.9742,2220.09,4.15059e-05
624.001,635.814,26.9743,2219.25,4.15143e-05
630.001,635.661,26.9744,2218.41,4.15227e-05
636.001,635.507,26.9746,2217.56,4.15311e-05
642.001,635.353,26.9747,2216.7,4.15396e-05
648.001,635.198,26.9748,2215.84,4.1548e-05
654.001,635.044,26.975,2214.97,4.15565e-05
660.001,634.889,26.9751,2214.1,4.1565e-05
666.001,634.734,26.9752,2213.22,4.15735e-05
672.001,634.579,26.9754,2212.34,4.1582e-05
678.001,634.423,26.9755,2211.45,4.15905e-05
684.001,634.267,26.9757,2210.56,4.15991e-05
690.001,634.111,26.9758,2209.66,4.16077e-05
696.001,633.955,26.9759,2208.75,4.16163e-05
702.001,633.798,26.9761,2207.84,4.16249e-05
708.001,633.641,26.9762,2206.93,4.16335e-05
714.001,633.484,26.9764,2206,4.16422e-05
720.001,633.327,26.9765,2205.08,4.16509e-05
726.001,633.169,26.9767,2204.14,4.16596e-05
732.001,633.011,26.9768,2203.21,4.16683e-05
738.001,632.853,26.977,2202.26,4.1677e-05
744.001,632.694,26.9771,2201.31,4.16858e-05
750.001,632.536,26.9772,2200.36,4.16945e-05
756.001,632.377,26.9774,2199.4,4.17033e-05
762.001,632.217,26.9775,2198.43,4.17121e-05
768.001,632.058,26.9777,2197.46,4.1721e-05
774.001,631.898,26.9778,2196.48,4.17298e-05
780.001,631.738,26.978,2195.5,4.17387e-05
786.001,631.577,26.9781,2194.51,4.17476e-05
792.001,631.417,26.9783,2193.51,4.17565e-05
798.001,631.256,26.9785,2192.51,4.17654e-05
804.001,631.094,26.9786,2191.5,4.17744e-05
810.001,630.933,26.9788,2190.49,4.17834e-05
816.001,630.771,26.9789,2189.47,4.17923e-05
822.001,630.609,26.9791,2188.45,4.18014e-05
828.001,630.446,26.9792,2187.42,4.18104e-05
834.001,630.284,26.9794,2186.38,4.18195e-05
840.001,630.121,26.9795,2185.34,4.18285e-05
846.001,629.957,26.9797,2184.29,4.18376e-05
852.001,629.794,26.9799,2183.24,4.18467e-05
858.001,629.63,26.98,2182.18,4.18559e-05
864.001,629.466,26.9802,2181.11,4.1865e-05
870.001,629.301,26.9803,2180.04,4.18742e-05
876.001,629.137,26.9805,2178.96,4.18834e-05
882.001,628.972,26.9807,2177.88,4.18927e-05
888.001,628.806,26.9808,2176.79,4.19019e-05
894.001,628.64,26.981,2175.7,4.19112e-05
900.001,628.475,26.9812,2174.59,4.19205e-05
906.001,628.308,26.9813,2173.49,4.19298e-05
912.001,628.142,26.9815,2172.37,4.19391e-05
918.001,627.975,26.9817,2171.25,4.19485e-05
924.001,627.808,26.9818,2170.13,4.19579e-05
930.001,627.64,26.982,2168.99,4.19673e-05
936.001,627.472,26.9822,2167.86,4.19767e-05
942.001,627.304,26.9823,2166.71,4.19861e-05
948.001,627.136,26.9825,2165.56,4.19956e-05
954.001,626.967,26.9827,2164.4,4.20051e-05
960.001,626.798,26.9829,2163.24,4.20146e-05
966.001,626.628,26.983,2162.07,4.20242e-05
972.001,626.459,26.9832,2160.89,4.20337e-05
978.001,626.289,26.9834,2159.71,4.20433e-05
984.001,626.118,26.9836,2158.52,4.20529e-05
990.001,625.948,26.9837,2157.33,4.20625e-05
996.001,625.777,26.9839,2156.13,4.20722e-05
1002,625.605,26.9841,2154.92,4.20819e-05
1008,625.434,26.9843,2153.71,4.20916e-05
1014,625.262,26.9845,2152.49,4.21013e-05
1020,625.089,26.9846,2151.26,4.21111e-05
1026,624.917,26.9848,2150.03,4.21209e-05
1032,624.744,26.985,2148.79,4.21307e-05
1038,624.57,26.9852,2147.54,4.21405e-05
1044,624.397,26.9854,2146.29,4.21503e-05
1050,624.223,26.9856,2145.03,4.21602e-05
1056,624.048,26.9858,2143.76,4.21701e-05
1062,623.874,26.9859,2142.49,4.21801e-05
1068,623.699,26.9861,2141.21,4.219e-05
1074,623.523,26.9863,2139.93,4.22e-05
1080,623.347,26.9865,2138.63,4.221e-05
1086,623.171,26.9867,2137.33,4.222e-05
1092,622.995,26.9869,2136.03,4.22301e-05
1098,622.818,26.9871,2134.72,4.22402e-05
1104,622.641,26.9873,2133.4,4.22503e-05
1110,622.464,26.9875,2132.07,4.22604e-05
1116,622.286,26.9877,2130.74,4.22706e-05
1122,622.107,26.9879,2129.4,4.22807e-05
1128,621.929,26.9881,2128.06,4.2291e-05
1134,621.75,26.9883,2126.7,4.23012e-05
1140,621.571,26.9885,2125.34,4.23115e-05
1146,621.391,26.9887,2123.98,4.23218e-05
1152,621.211,26.9889,2122.61,4.23321e-05
1158,621.031,26.9891,2121.23,4.23424e-05
1164,620.85,26.9893,2119.84,4.23528e-05
1170,620.669,26.9895,2118.44,4.23632e-05
1176,620.487,26.9897,2117.04,4.23736e-05
1182,620.305,26.9899,2115.64,4.23841e-05
1188,620.123,26.9902,2114.22,4.23946e-05
1194,619.94,26.9904,2112.8,4.24051e-05
1200,619.757,26.9906,2111.37,4.24156e-05
1206,619.574,26.9908,2109.94,4.24262e-05
1212,619.39,26.991,2108.49,4.24368e-05
1218,619.206,26.9912,2107.04,4.24474e-05
1224,619.021,26.9914,2105.59,4.24581e-05
1230,618.837,26.9917,2104.12,4.24688e-05
1236,618.651,26.9919,2102.65,4.24795e-05
1242,618.465,26.9921,2101.17,4.24902e-05
1248,618.279,26.9923,2099.69,4.2501e-05
1254,618.093,26.9926,2098.2,4.25118e-05
1260,617.906,26.9928,2096.7,4.25226e-05
1266,617.719,26.993,2095.19,4.25335e-05
1272,617.531,26.9932,2093.68,4.25444e-05
1278,617.343,26.9935,2092.15,4.25553e-05
1284,617.154,26.9937,2090.63,4.25663e-05
1290,616.965,26.9939,2089.09,4.25773e-05
1296,616.776,26.9942,2087.55,4.25883e-05
1302,616.586,26.9944,2085.99,4.25993e-05
1308,616.396,26.9946,2084.44,4.26104e-05
1314,616.205,26.9949,2082.87,4.26215e-05
1320,616.014,26.9951,2081.3,4.26327e-05
1326,615.823,26.9954,2079.72,4.26438e-05
1332,615.631,26.9956,2078.13,4.2655e-05
1338,615.439,26.9958,2076.53,4.26663e-05
1344,615.246,26.9961,2074.93,4.26775e-05
1350,615.053,26.9963,2073.32,4.26888e-05
1356,614.859,26.9966,2071.7,4.27002e-05
1362,614.665,26.9968,2070.08,4.27115e-05
1368,614.471,26.9971,2068.44,4.27229e-05
1374,614.276,26.9973,2066.8,4.27344e-05
1380,614.081,26.9976,2065.16,4.27458e-05
1386,613.885,26.9978,2063.5,4.27573e-05
1392,613.689,26.9981,2061.84,4.27689e-05
1398,613.492,26.9983,2060.16,4.27804e-05
1404,613.295,26.9986,2058.49,4.2792e-05
1410,613.097,26.9989,2056.8,4.28037e-05
1416,612.899,26.9991,2055.1,4.28153e-05
1422,612.701,26.9994,2053.4,4.2827e-05
1428,612.502,26.9997,2051.69,4.28388e-05
1434,612.303,26.9999,2049.97,4.28505e-05
1440,612.103,27.0002,2048.25,4.28623e-05
1446,611.903,27.0005,2046.51,4.28742e-05
1452,611.702,27.0007,2044.77,4.2886e-05
1458,611.501,27.001,2043.02,4.2898e-05
1464,611.299,27.0013,2041.27,4.29099e-05
1470,611.097,27.0016,2039.5,4.29219e-05
1476,610.894,27.0018,2037.73,4.29339e-05
1482,610.691,27.0021,2035.95,4.2946e-05
1488,610.488,27.0024,2034.16,4.29581e-05
1494,610.284,27.0027,2032.36,4.29702e-05
1500,610.079,27.003,2030.55,4.29824e-05
1506,609.874,27.0033,2028.74,4.29946e-05
1512,609.669,27.0035,2026.92,4.30068e-05
1518,609.463,27.0038,2025.09,4.30191e-05
1524,609.256,27.0041,2023.25,4.30314e-05
1530,609.049,27.0044,2021.41,4.30438e-05
1536,608.842,27.0047,2019.55,4.30561e-05
1542,608.634,27.005,2017.69,4.30686e-05
1548,608.425,27.0053,2015.82,4.3081e-05
1554,608.216,27.0056,2013.94,4.30936e-05
1560,608.007,27.0059,2012.05,4.31061e-05
1566,607.797,27.0062,2010.16,4.31187e-05
1572,607.586,27.0065,2008.26,4.31313e-05
1578,607.375,27.0068,2006.34,4.3144e-05
1584,607.164,27.0072,2004.42,4.31567e-05
1590,606.952,27.0075,2002.5,4.31694e-05
1596,606.739,27.0078,2000.56,4.31822e-05
1602,606.526,27.0081,1998.61,4.3195e-05
1608,606.313,27.0084,1996.66,4.32079e-05
1614,606.099,27.0087,1994.7,4.32208e-05
1620,605.884,27.0091,1992.73,4.32338e-05
1626,605.669,27.0094,1990.75,4.32468e-05
1632,605.453,27.0097,1988.76,4.32598e-05
1638,605.237,27.0101,1986.76,4.32729e-05
1644,605.02,27.0104,1984.76,4.3286e-05
1650,604.803,27.0107,1982.75,4.32992e-05
1656,604.585,27.0111,1980.72,4.33124e-05
1662,604.366,27.0114,1978.69,4.33256e-05
1668,604.147,27.0117,1976.65,4.33389e-05
1674,603.928,27.0121,1974.61,4.33522e-05
1680,603.708,27.0124,1972.55,4.33656e-05
1686,603.487,27.0128,1970.48,4.3379e-05
1692,603.266,27.0131,1968.41,4.33925e-05
1698,603.044,27.0135,1966.33,4.3406e-05
1704,602.822,27.0138,1964.24,4.34195e-05
1710,602.599,27.0142,1962.14,4.34331e-05
1716,602.375,27.0146,1960.03,4.34468e-05
1722,602.151,27.0149,1957.91,4.34605e-05
1728,601.927,27.0153,1955.78,4.34742e-05
1734,601.702,27.0157,1953.65,4.3488e-05
1740,601.476,27.016,1951.5,4.35018e-05
1746,601.25,27.0164,1949.35,4.35157e-05
1752,601.023,27.0168,1947.19,4.35296e-05
1758,600.795,27.0172,1945.02,4.35436e-05
1764,600.567,27.0175,1942.84,4.35576e-05
1770,600.338,27.0179,1940.65,4.35716e-05
1776,600.109,27.0183,1938.45,4.35858e-05
1782,599.879,27.0187,1936.24,4.35999e-05
1788,599.649,27.0191,1934.03,4.36141e-05
1794,599.417,27.0195,1931.8,4.36284e-05
1800,599.186,27.0199,1929.57,4.36427e-05
1806,598.953,27.0203,1927.32,4.3657e-05
1812,598.72,27.0207,1925.07,4.36714e-05
1818,598.487,27.0211,1922.81,4.36859e-05
1824,598.253,27.0215,1920.54,4.37004e-05
1830,598.018,27.0219,1918.26,4.37149e-05
1836,597.782,27.0223,1915.97,4.37295e-05
1842,597.546,27.0228,1913.67,4.37442e-05
1848,597.31,27.0232,1911.37,4.37589e-05
1854,597.072,27.0236,1909.05,4.37736e-05
1860,596.834,27.024,1906.72,4.37884e-05
1866,596.596,27.0245,1904.39,4.38033e-05
1872,596.357,27.0249,1902.05,4.38182e-05
1878,596.117,27.0253,1899.69,4.38332e-05
1884,595.876,27.0258,1897.33,4.38482e-05
1890,595.635,27.0262,1894.96,4.38633e-05
1896,595.393,27.0267,1892.58,4.38784e-05
1902,595.151,27.0271,1890.19,4.38936e-05
1908,594.908,27.0276,1887.79,4.39088e-05
1914,594.664,27.028,1885.38,4.39241e-05
1920,594.419,27.0285,1882.96,4.39394e-05
1926,594.174,27.029,1880.53,4.39548e-05
1932,593.928,27.0294,1878.09,4.39702e-05
1938,593.682,27.0299,1875.64,4.39858e-05
1944,593.435,27.0304,1873.19,4.40013e-05
1950,593.187,27.0309,1870.72,4.40169e-05
1956,592.938,27.0313,1868.25,4.40326e-05
1962,592.689,27.0318,1865.76,4.40483e-05
1968,592.439,27.0323,1863.27,4.40641e-05
1974,592.189,27.0328,1860.76,4.408e-05
1980,591.937,27.0333,1858.25,4.40959e-05
1986,591.685,27.0338,1855.73,4.41118e-05
1992,591.433,27.0343,1853.19,4.41278e-05
1998,591.179,27.0348,1850.65,4.41439e-05
2004,590.925,27.0353,1848.1,4.416e-05
2010,590.67,27.0358,1845.54,4.41762e-05
2016,590.415,27.0364,1842.97,4.41925e-05
2022,590.159,27.0369,1840.39,4.42088e-05
2028,589.902,27.0374,1837.8,4.42252e-05
2034,589.644,27.038,1835.2,4.42416e-05
2040,589.386,27.0385,1832.59,4.42581e-05
2046,589.127,27.039,1829.97,4.42747e-05
2052,588.867,27.0396,1827.34,4.42913e-05
2058,588.606,27.0401,1824.7,4.4308e-05
2064,588.345,27.0407,1822.05,4.43247e-05
2070,588.083,27.0412,1819.4,4.43415e-05
2076,587.82,27.0418,1816.73,4.43584e-05
2082,587.557,27.0424,1814.05,4.43753e-05
2088,587.292,27.043,1811.36,4.43923e-05
2094,587.027,27.0435,1808.67,4.44094e-05
2100,586.761,27.0441,1805.96,4.44265e-05
2106,586.495,27.0447,1803.25,4.44437e-05
2112,586.228,27.0453,1800.52,4.4461e-05
2118,585.96,27.0459,1797.79,4.44783e-05
2124,585.691,27.0465,1795.04,4.44957e-05
2130,585.421,27.0471,1792.28,4.45131e-05
2136,585.151,27.0477,1789.52,4.45306e-05
2142,584.88,27.0483,1786.75,4.45482e-05
2148,584.608,27.0489,1783.96,4.45659e-05
2154,584.335,27.0496,1781.17,4.45836e-05
2160,584.062,27.0502,1778.36,4.46014e-05
2166,583.912,27.0508,1775.55,4.46193e-05
2172,583.802,27.0515,1772.73,4.4629e-05
2178,583.691,27.0521,1769.89,4.46362e-05
2184,583.58,27.0528,1767.05,4.46435e-05
2190,583.469,27.0534,1764.2,4.46507e-05
2196,583.357,27.0541,1761.34,4.4658e-05
2202,583.244,27.0548,1758.46,4.46654e-05
2208,583.131,27.0555,1755.58,4.46727e-05
2214,583.017,27.0561,1752.69,4.46802e-05
2220,582.902,27.0568,1749.79,4.46876e-05
2226,582.787,27.0575,1746.88,4.46951e-05
2232,582.672,27.0582,1743.96,4.47027e-05
2238,582.556,27.0589,1741.03,4.47103e-05
2244,582.439,27.0596,1738.09,4.47179e-05
2250,582.322,27.0604,1735.14,4.47256e-05
2256,582.204,27.0611,1732.18,4.47333e-05
2262,582.085,27.0618,1729.21,4.4741e-05
2268,581.966,27.0625,1726.23,4.47488e-05
2274,581.846,27.0633,1723.24,4.47567e-05
2280,581.726,27.064,1720.24,4.47645e-05
2286,581.606,27.0648,1717.24,4.47725e-05
2292,581.485,27.0655,1714.24,4.47804e-05
2298,581.364,27.0663,1711.24,4.47883e-05
2304,581.243,27.0671,1708.24,4.47963e-05
2310,581.121,27.0679,1705.23,4.48043e-05
2316,580.999,27.0686,1702.22,4.48124e-05
2322,580.877,27.0694,1699.21,4.48204e-05
2328,580.754,27.0702,1696.19,4.48285e-05
2334,580.631,27.071,1693.18,4.48366e-05
2340,580.508,27.0718,1690.16,4.48447e-05
2346,580.385,27.0726,1687.14,4.48529e-05
2352,580.261,27.0734,1684.11,4.4861e-05
2358,580.137,27.0742,1681.09,4.48692e-05
2364,580.012,27.075,1678.06,4.48775e-05
2370,579.887,27.0759,1675.03,4.48857e-05
2376,579.762,27.0767,1672,4.4894e-05
2382,579.637,27.0775,1668.96,4.49023e-05
2388,579.511,27.0784,1665.92,4.49106e-05
2394,579.385,27.0792,1662.89,4.4919e-05
2400,579.258,27.08,1659.84,4.49273e-05
2406,579.131,27.0809,1656.8,4.49357e-05
2412,579.004,27.0818,1653.76,4.49442e-05
2418,578.877,27.0826,1650.71,4.49526e-05
2424,578.749,27.0835,1647.66,4.49611e-05
2430,578.621,27.0844,1644.6,4.49696e-05
2436,578.492,27.0853,1641.55,4.49782e-05
2442,578.364,27.0862,1638.49,4.49867e-05
2448,578.234,27.0871,1635.43,4.49953e-05
2454,578.105,27.088,1632.37,4.50039e-05
2460,577.975,27.0889,1629.31,4.50126e-05
2466,577.845,27.0898,1626.25,4.50212e-05
2472,577.714,27.0907,1623.18,4.50299e-05
2478,577.584,27.0916,1620.11,4.50386e-05
2484,577.452,27.0926,1617.04,4.50474e-05
2490,577.321,27.0935,1613.96,4.50562e-05
2496,577.189,27.0945,1610.89,4.5065e-05
2502,577.057,27.0954,1607.81,4.50738e-05
2508,576.924,27.0964,1604.73,4.50827e-05
2514,576.791,27.0973,1601.65,4.50915e-05
2520,576.658,27.0983,1598.56,4.51005e-05
2526,576.524,27.0993,1595.47,4.51094e-05
2532,576.39,27.1003,1592.39,4.51184e-05
2538,576.255,27.1013,1589.29,4.51274e-05
2544,576.121,27.1023,1586.2,4.51364e-05
2550,575.985,27.1033,1583.11,4.51455e-05
2556,575.85,27.1043,1580.01,4.51545e-05
2562,575.714,27.1053,1576.91,4.51637e-05
2568,575.578,27.1063,1573.81,4.51728e-05
2574,575.441,27.1074,1570.7,4.5182e-05
2580,575.304,27.1084,1567.6,4.51912e-05
2586,575.167,27.1095,1564.49,4.52004e-05
2592,575.029,27.1105,1561.38,4.52097e-05
2598,574.891,27.1116,1558.27,4.5219e-05
2604,574.753,27.1127,1555.16,4.52283e-05
2610,574.614,27.1138,1552.04,4.52376e-05
2616,574.475,27.1148,1548.92,4.5247e-05
2622,574.335,27.1159,1545.8,4.52564e-05
2628,574.195,27.117,1542.68,4.52658e-05
2634,574.055,27.1182,1539.55,4.52753e-05
2640,573.914,27.1193,1536.43,4.52848e-05
2646,573.773,27.1204,1533.3,4.52943e-05
2652,573.632,27.1215,1530.17,4.53039e-05
2658,573.49,27.1227,1527.04,4.53135e-05
2664,573.347,27.1238,1523.9,4.53231e-05
2670,573.205,27.125,1520.77,4.53328e-05
2676,573.062,27.1262,1517.63,4.53425e-05
2682,572.918,27.1274,1514.49,4.53522e-05
2688,572.775,27.1285,1511.35,4.53619e-05
2694,572.63,27.1297,1508.2,4.53717e-05
2700,572.486,27.1309,1505.05,4.53815e-05
2706,572.341,27.1322,1501.91,4.53914e-05
2712,572.195,27.1334,1498.76,4.54012e-05
2718,572.05,27.1346,1495.6,4.54111e-05
2724,571.904,27.1359,1492.45,4.54211e-05
2730,571.757,27.1371,1489.29,4.54311e-05
2736,571.61,27.1384,1486.13,4.54411e-05
2742,571.463,27.1396,1482.98,4.54511e-05
2748,571.315,27.1409,1479.82,4.54612e-05
2754,571.168,27.1422,1476.67,4.54712e-05
2760,571.02,27.1435,1473.51,4.54813e-05
2766,570.871,27.1448,1470.36,4.54915e-05
2772,570.723,27.1461,1467.2,4.55016e-05
2778,570.574,27.1474,1464.05,4.55118e-05
2784,570.425,27.1487,1460.9,4.5522e-05
2790,570.276,27.1501,1457.75,4.55322e-05
2796,570.126,27.1514,1454.6,4.55425e-05
2802,569.976,27.1528,1451.45,4.55528e-05
2808,569.826,27.1541,1448.31,4.55631e-05
2814,569.675,27.1555,1445.16,4.55734e-05
2820,569.525,27.1569,1442.01,4.55837e-05
2826,569.373,27.1583,1438.87,4.55941e-05
2832,569.222,27.1597,1435.72,4.56045e-05
2838,569.07,27.1611,1432.58,4.56149e-05
2844,568.919,27.1625,1429.43,4.56254e-05
2850,568.766,27.164,1426.29,4.56359e-05
2856,568.614,27.1654,1423.15,4.56464e-05
2862,568.461,27.1669,1420,4.56569e-05
2868,568.308,27.1683,1416.86,4.56675e-05
2874,568.154,27.1698,1413.72,4.56781e-05
2880,568.001,27.1713,1410.58,4.56887e-05
2886,567.847,27.1728,1407.44,4.56993e-05
2892,567.692,27.1743,1404.3,4.571e-05
2898,567.538,27.1758,1401.16,4.57207e-05
2904,567.383,27.1773,1398.02,4.57314e-05
2910,567.227,27.1788,1394.89,4.57421e-05
2916,567.072,27.1804,1391.75,4.57529e-05
2922,566.916,27.1819,1388.61,4.57637e-05
2928,566.76,27.1835,1385.47,4.57745e-05
2934,566.603,27.1851,1382.34,4.57854e-05
2940,566.446,27.1867,1379.2,4.57963e-05
2946,566.289,27.1883,1376.07,4.58072e-05
2952,566.132,27.1899,1372.93,4.58181e-05
2958,565.977,27.1915,1369.8,4.58291e-05
2964,565.825,27.1931,1366.66,4.58399e-05
2970,565.673,27.1948,1363.53,4.58505e-05
2976,565.521,27.1965,1360.39,4.58611e-05
2982,565.369,27.1981,1357.26,4.58717e-05
2988,565.216,27.1998,1354.13,4.58824e-05
2994,565.063,27.2015,1350.99,4.58931e-05
3000,564.909,27.2032,1347.86,4.59038e-05
3006,564.755,27.2049,1344.73,4.59145e-05
3012,564.601,27.2067,1341.59,4.59253e-05
3018,564.446,27.2084,1338.46,4.59361e-05
3024,564.291,27.2102,1335.33,4.5947e-05
3030,564.136,27.2119,1332.2,4.59578e-05
3036,563.98,27.2137,1329.07,4.59688e-05
3042,563.824,27.2155,1325.94,4.59797e-05
3048,563.667,27.2173,1322.81,4.59907e-05
3054,563.51,27.2192,1319.68,4.60017e-05
3060,563.353,27.221,1316.54,4.60127e-05
3066,563.195,27.2229,1313.41,4.60238e-05
3072,563.037,27.2247,1310.28,4.60349e-05
3078,562.879,27.2266,1307.15,4.6046e-05
3084,562.72,27.2285,1304.02,4.60572e-05
3090,562.561,27.2304,1300.89,4.60684e-05
3096,562.401,27.2323,1297.77,4.60797e-05
3102,562.241,27.2343,1294.64,4.60909e-05
3108,562.081,27.2362,1291.51,4.61022e-05
3114,561.92,27.2382,1288.38,4.61136e-05
3120,561.759,27.2402,1285.25,4.6125e-05
3126,561.597,27.2422,1282.12,4.61364e-05
3132,561.435,27.2442,1278.99,4.61478e-05
3138,561.273,27.2462,1275.86,4.61593e-05
3144,561.11,27.2483,1272.73,4.61708e-05
3150,560.947,27.2503,1269.61,4.61824e-05
3156,560.783,27.2524,1266.48,4.6194e-05
3162,560.619,27.2545,1263.35,4.62056e-05
3168,560.455,27.2566,1260.22,4.62172e-05
3174,560.29,27.2587,1257.09,4.62289e-05
3180,560.125,27.2609,1253.97,4.62407e-05
3186,559.959,27.263,1250.84,4.62524e-05
3192,559.793,27.2652,1247.71,4.62643e-05
3198,559.627,27.2674,1244.58,4.62761e-05
3204,559.46,27.2696,1241.46,4.6288e-05
3210,559.293,27.2718,1238.33,4.62999e-05
3216,559.125,27.2741,1235.2,4.63118e-05
3222,558.957,27.2764,1232.07,4.63238e-05
3228,558.788,27.2786,1228.95,4.63359e-05
3234,558.619,27.2809,1225.82,4.63479e-05
3240,558.45,27.2833,1222.69,4.636e-05
3246,558.28,27.2856,1219.57,4.63722e-05
3252,558.11,27.2879,1216.44,4.63843e-05
3258,557.939,27.2903,1213.31,4.63966e-05
3264,557.768,27.2927,1210.19,4.64088e-05
3270,557.597,27.2951,1207.06,4.64211e-05
3276,557.425,27.2976,1203.93,4.64335e-05
3282,557.253,27.3,1200.81,4.64458e-05
3288,557.092,27.3025,1197.69,4.64582e-05
3294,556.931,27.3049,1194.58,4.64698e-05
3300,556.771,27.3074,1191.47,4.64814e-05
3306,556.61,27.31,1188.36,4.6493e-05
3312,556.449,27.3125,1185.26,4.65046e-05
3318,556.287,27.315,1182.15,4.65162e-05
3324,556.125,27.3176,1179.06,4.65279e-05
3330,555.963,27.3202,1175.96,4.65396e-05
3336,555.8,27.3228,1172.87,4.65513e-05
3342,555.637,27.3254,1169.78,4.65631e-05
3348,555.474,27.3281,1166.7,4.65749e-05
3354,555.31,27.3307,1163.62,4.65867e-05
3360,555.147,27.3334,1160.54,4.65986e-05
3366,554.982,27.3361,1157.46,4.66105e-05
3372,554.818,27.3388,1154.39,4.66224e-05
3378,554.653,27.3416,1151.32,4.66344e-05
3384,554.488,27.3443,1148.26,4.66464e-05
3390,554.322,27.3471,1145.2,4.66584e-05
3396,554.156,27.3499,1142.14,4.66704e-05
3402,553.99,27.3527,1139.08,4.66825e-05
3408,553.823,27.3556,1136.03,4.66946e-05
3414,553.657,27.3584,1132.98,4.67068e-05
3420,553.489,27.3613,1129.94,4.6719e-05
3426,553.322,27.3642,1126.9,4.67312e-05
3432,553.154,27.3671,1123.86,4.67434e-05
3438,552.986,27.37,1120.82,4.67557e-05
3444,552.817,27.373,1117.79,4.6768e-05
3450,552.648,27.376,1114.76,4.67804e-05
3456,552.479,27.379,1111.74,4.67927e-05
3462,552.309,27.382,1108.71,4.68051e-05
3468,552.139,27.3851,1105.69,4.68176e-05
3474,551.969,27.3881,1102.68,4.68301e-05
3480,551.798,27.3912,1099.67,4.68426e-05
3486,551.627,27.3943,1096.66,4.68551e-05
3492,551.456,27.3975,1093.65,4.68677e-05
3498,551.284,27.4006,1090.65,4.68803e-05
3504,551.112,27.4038,1087.65,4.68929e-05
3510,550.94,27.407,1084.65,4.69056e-05
3516,550.767,27.4103,1081.66,4.69183e-05
3522,550.594,27.4135,1078.66,4.69311e-05
3528,550.42,27.4168,1075.68,4.69438e-05
3534,550.247,27.4201,1072.69,4.69567e-05
3540,550.072,27.4234,1069.71,4.69695e-05
3546,549.898,27.4268,1066.73,4.69824e-05
3552,549.723,27.4301,1063.76,4.69953e-05
3558,549.548,27.4335,1060.79,4.70083e-05
3564,549.372,27.437,1057.82,4.70212e-05
3570,549.196,27.4404,1054.85,4.70343e-05
3576,549.02,27.4439,1051.89,4.70473e-05
3582,548.844,27.4474,1048.93,4.70604e-05
3588,548.667,27.4509,1045.98,4.70735e-05
3594,548.489,27.4545,1043.02,4.70867e-05
3600,548.311,27.4581,1040.07,4.70999e-05
3606,548.133,27.4617,1037.13,4.71131e-05
3612,547.955,27.4653,1034.18,4.71264e-05
3618,547.776,27.469,1031.24,4.71397e-05
3624,547.597,27.4726,1028.31,4.7153e-05
3630,547.418,27.4764,1025.37,4.71664e-05
3636,547.238,27.4801,1022.44,4.71798e-05
3642,547.057,27.4839,1019.51,4.71933e-05
3648,546.877,27.4877,1016.59,4.72068e-05
3654,546.696,27.4915,1013.67,4.72203e-05
3660,546.515,27.4953,1010.75,4.72338e-05
3666,546.333,27.4992,1007.83,4.72474e-05
3672,546.151,27.5031,1004.92,4.72611e-05
3678,545.968,27.5071,1002.01,4.72747e-05
3684,545.786,27.511,999.108,4.72884e-05
3690,545.602,27.5151,996.554,4.73022e-05
3696,545.419,27.5191,995.949,4.7316e-05
3702,545.235,27.5231,995.339,4.73298e-05
3708,545.051,27.5272,994.724,4.73436e-05
3714,544.866,27.5314,994.105,4.73575e-05
3720,544.681,27.5355,993.481,4.73715e-05
3726,544.495,27.5397,992.852,4.73854e-05
3732,544.31,27.5439,992.219,4.73994e-05
3738,544.124,27.5482,991.582,4.74135e-05
3744,543.937,27.5524,990.939,4.74276e-05
3750,543.75,27.5568,990.292,4.74417e-05
3756,543.563,27.5611,989.64,4.74558e-05
3762,543.375,27.5655,988.984,4.747e-05
3768,543.187,27.5699,988.323,4.74843e-05
3774,542.999,27.5743,987.657,4.74986e-05
3780,542.81,27.5788,986.986,4.75129e-05
3786,542.621,27.5833,986.311,4.75272e-05
3792,542.431,27.5879,985.631,4.75416e-05
3798,542.241,27.5925,984.946,4.75561e-05
3804,542.051,27.5971,984.256,4.75705e-05
3810,541.86,27.6017,983.562,4.7585e-05
3816,541.669,27.6064,982.863,4.75996e-05
3822,541.478,27.6112,982.159,4.76142e-05
3828,541.286,27.6159,981.45,4.76288e-05
3834,541.094,27.6207,980.737,4.76435e-05
3840,540.901,27.6256,980.019,4.76582e-05
3846,540.708,27.6304,979.296,4.7673e-05
3852,540.515,27.6353,978.568,4.76878e-05
3858,540.321,27.6403,977.835,4.77026e-05
3864,540.127,27.6453,977.098,4.77175e-05
3870,539.932,27.6503,976.356,4.77324e-05
3876,539.737,27.6553,975.608,4.77473e-05
3882,539.542,27.6604,974.856,4.77623e-05
3888,539.346,27.6656,974.1,4.77774e-05
3894,539.15,27.6708,973.338,4.77925e-05
3900,538.954,27.676,972.572,4.78076e-05
3906,538.757,27.6812,971.8,4.78227e-05
3912,538.56,27.6865,971.024,4.78379e-05
3918,538.362,27.6919,970.243,4.78532e-05
3924,538.165,27.6973,969.457,4.78685e-05
3930,537.967,27.7027,968.667,4.78838e-05
3936,537.769,27.7081,967.873,4.78991e-05
3942,537.571,27.7136,967.076,4.79144e-05
3948,537.373,27.7191,966.274,4.79298e-05
3954,537.18,27.7246,965.469,4.79452e-05
3960,536.993,27.7302,964.66,4.79602e-05
3966,536.805,27.7359,963.847,4.79747e-05
3972,536.617,27.7415,963.03,4.79893e-05
3978,536.429,27.7472,962.209,4.80039e-05
3984,536.241,27.7529,961.385,4.80186e-05
3990,536.053,27.7587,960.556,4.80333e-05
3996,535.864,27.7645,959.724,4.8048e-05
4002,535.676,27.7704,958.888,4.80627e-05
4008,535.487,27.7762,958.048,4.80774e-05
4014,535.297,27.7822,957.205,4.80922e-05
4020,535.108,27.7881,956.357,4.8107e-05
4026,534.918,27.7941,955.506,4.81219e-05
4032,534.729,27.8001,954.651,4.81367e-05
4038,534.539,27.8062,953.792,4.81516e-05
4044,534.348,27.8123,952.93,4.81665e-05
4050,534.158,27.8185,952.064,4.81815e-05
4056,533.967,27.8247,951.194,4.81965e-05
4062,533.776,27.8309,950.32,4.82115e-05
4068,533.585,27.8372,949.443,4.82265e-05
4074,533.394,27.8435,948.562,4.82416e-05
4080,533.202,27.8499,947.677,4.82566e-05
4086,533.011,27.8563,946.788,4.82718e-05
4092,532.819,27.8627,945.896,4.82869e-05
4098,532.627,27.8692,945,4.83021e-05
4104,532.434,27.8757,944.101,4.83173e-05
4110,532.242,27.8823,943.197,4.83325e-05
4116,532.049,27.8889,942.291,4.83477e-05
4122,531.856,27.8955,941.381,4.8363e-05
4128,531.664,27.9022,940.467,4.83783e-05
4134,531.47,27.9089,939.55,4.83936e-05
4140,531.277,27.9157,938.63,4.8409e-05
4146,531.084,27.9225,937.706,4.84243e-05
4152,530.89,27.9294,936.779,4.84397e-05
4158,530.696,27.9363,935.849,4.84551e-05
4164,530.502,27.9432,934.915,4.84706e-05
4170,530.308,27.9502,933.977,4.84861e-05
4176,530.114,27.9572,933.036,4.85016e-05
4182,529.919,27.9643,932.092,4.85171e-05
4188,529.725,27.9714,931.145,4.85326e-05
4194,529.53,27.9786,930.194,4.85482e-05
4200,529.335,27.9858,929.24,4.85638e-05
4206,529.14,27.993,928.282,4.85794e-05
4212,528.945,28.0003,927.322,4.8595e-05
4218,528.749,28.0077,926.358,4.86107e-05
4224,528.554,28.0151,925.39,4.86264e-05
4230,528.358,28.0225,924.419,4.86421e-05
4236,528.162,28.03,923.446,4.86579e-05
4242,527.966,28.0375,922.468,4.86736e-05
4248,527.77,28.0451,921.488,4.86894e-05
4254,527.573,28.0527,920.504,4.87053e-05
4260,527.377,28.0604,919.517,4.87211e-05
4266,527.18,28.0681,918.527,4.8737e-05
4272,526.983,28.0759,917.533,4.87529e-05
4278,526.786,28.0837,916.537,4.87688e-05
4284,526.589,28.0916,915.537,4.87847e-05
4290,526.392,28.0995,914.534,4.88007e-05
4296,526.194,28.1075,913.528,4.88167e-05
4302,525.996,28.1155,912.518,4.88327e-05
4308,525.799,28.1235,911.506,4.88488e-05
4314,525.601,28.1317,910.49,4.88648e-05
4320,525.403,28.1398,909.471,4.88809e-05
4326,525.204,28.148,908.449,4.88971e-05
4332,525.006,28.1563,907.424,4.89132e-05
4338,524.807,28.1646,906.396,4.89294e-05
4344,524.608,28.173,905.364,4.89456e-05
4350,524.409,28.1814,904.33,4.89618e-05
4356,524.21,28.1899,903.292,4.89781e-05
4362,524.011,28.1984,902.251,4.89943e-05
4368,523.812,28.207,901.208,4.90107e-05
4374,523.612,28.2157,900.161,4.9027e-05
4380,523.412,28.2244,899.111,4.90433e-05
4386,523.213,28.2331,898.058,4.90597e-05
4392,523.013,28.2419,897.002,4.90761e-05
4398,522.812,28.2508,895.943,4.90926e-05
4404,522.615,28.2597,894.881,4.9109e-05
4410,522.437,28.2686,893.816,4.91252e-05
4416,522.259,28.2777,892.748,4.91399e-05
4422,522.08,28.2867,891.678,4.91546e-05
4428,521.901,28.2958,890.605,4.91693e-05
4434,521.722,28.305,889.529,4.91841e-05
4440,521.543,28.3143,888.451,4.91989e-05
4446,521.364,28.3235,887.37,4.92137e-05
4452,521.184,28.3329,886.286,4.92285e-05
4458,521.004,28.3423,885.199,4.92434e-05
4464,520.825,28.3517,884.11,4.92583e-05
4470,520.644,28.3612,883.019,4.92732e-05
4476,520.464,28.3708,881.924,4.92881e-05
4482,520.284,28.3804,880.827,4.93031e-05
4488,520.103,28.3901,879.728,4.9318e-05
4494,519.923,28.3999,878.626,4.9333e-05
4500,519.742,28.4097,877.521,4.93481e-05
4506,519.561,28.4195,876.414,4.93631e-05
4512,519.379,28.4294,875.304,4.93782e-05
4518,519.198,28.4394,874.191,4.93933e-05
4524,519.017,28.4494,873.076,4.94085e-05
4530,518.835,28.4595,871.959,4.94236e-05
4536,518.653,28.4697,870.839,4.94388e-05
4542,518.471,28.4799,869.716,4.9454e-05
4548,518.289,28.4902,868.591,4.94692e-05
4554,518.106,28.5005,867.463,4.94845e-05
4560,517.924,28.5109,866.333,4.94998e-05
4566,517.741,28.5213,865.2,4.95151e-05
4572,517.558,28.5319,864.065,4.95304e-05
4578,517.375,28.5424,862.927,4.95457e-05
4584,517.192,28.5531,861.787,4.95611e-05
4590,517.009,28.5638,860.644,4.95765e-05
4596,516.826,28.5746,859.499,4.95919e-05
4602,516.642,28.5854,858.351,4.96074e-05
4608,516.458,28.5963,857.201,4.96229e-05
4614,516.274,28.6073,856.049,4.96384e-05
4620,516.09,28.6183,854.894,4.96539e-05
4626,515.906,28.6294,853.736,4.96694e-05
4632,515.722,28.6405,852.577,4.9685e-05
4638,515.537,28.6518,851.414,4.97006e-05
4644,515.352,28.6631,850.25,4.97162e-05
4650,515.168,28.6744,849.083,4.97319e-05
4656,514.983,28.6858,847.914,4.97475e-05
4662,514.798,28.6973,846.743,4.97632e-05
4668,514.613,28.7089,845.569,4.97789e-05
4674,514.428,28.7205,844.394,4.97946e-05
4680,514.242,28.7322,843.216,4.98104e-05
4686,514.057,28.7439,842.036,4.98262e-05
4692,513.871,28.7557,840.854,4.9842e-05
4698,513.686,28.7676,839.67,4.98578e-05
4704,513.5,28.7796,838.484,4.98736e-05
4710,513.314,28.7916,837.295,4.98895e-05
4716,513.128,28.8037,836.104,4.99054e-05
4722,512.942,28.8158,834.912,4.99213e-05
4728,512.756,28.8281,833.717,4.99372e-05
4734,512.569,28.8404,832.52,4.99531e-05
4740,512.383,28.8527,831.321,4.99691e-05
4746,512.196,28.8652,830.12,4.99851e-05
4752,512.009,28.8777,828.916,5.00011e-05
4758,511.823,28.8903,827.711,5.00171e-05
4764,511.636,28.9029,826.503,5.00332e-05
4770,511.449,28.9156,825.294,5.00493e-05
4776,511.262,28.9284,824.082,5.00654e-05
4782,511.074,28.9413,822.869,5.00815e-05
4788,510.887,28.9543,821.653,5.00976e-05
4794,510.7,28.9673,820.435,5.01138e-05
4800,510.512,28.9804,819.215,5.013e-05
4806,510.324,28.9936,817.994,5.01462e-05
4812,510.136,29.0068,816.77,5.01624e-05
4818,509.949,29.0201,815.544,5.01787e-05
4824,509.761,29.0335,814.316,5.01949e-05
4830,509.572,29.047,813.086,5.02112e-05
4836,509.384,29.0605,811.854,5.02275e-05
4842,509.196,29.0742,810.62,5.02439e-05
4848,509.007,29.0879,809.384,5.02602e-05
4854,508.819,29.1017,808.147,5.02766e-05
4860,508.63,29.1155,806.907,5.0293e-05
4866,508.441,29.1295,805.665,5.03095e-05
4872,508.253,29.1435,804.421,5.03259e-05
4878,508.064,29.1576,803.175,5.03424e-05
4884,507.874,29.1718,801.928,5.03589e-05
4890,507.685,29.186,800.678,5.03754e-05
4896,507.496,29.2004,799.426,5.03919e-05
4902,507.306,29.2148,798.173,5.04085e-05
4908,507.117,29.2293,796.917,5.04251e-05
4914,506.927,29.2439,795.66,5.04417e-05
4920,506.738,29.2586,794.4,5.04583e-05
4926,506.548,29.2733,793.139,5.0475e-05
4932,506.358,29.2882,791.876,5.04916e-05
4938,506.168,29.3031,790.611,5.05083e-05
4944,505.977,29.3181,789.344,5.05251e-05
4950,505.787,29.3332,788.075,5.05418e-05
4956,505.597,29.3483,786.804,5.05586e-05
4962,505.407,29.3636,785.533,5.05753e-05
4968,505.216,29.3789,784.259,5.05921e-05
4974,505.026,29.3943,782.984,5.06089e-05
4980,504.835,29.4098,781.707,5.06258e-05
4986,504.644,29.4254,780.429,5.06426e-05
4992,504.454,29.4411,779.149,5.06595e-05
4998,504.263,29.4569,777.867,5.06764e-05
5004,504.072,29.4727,776.584,5.06933e-05
5010,503.881,29.4886,775.299,5.07103e-05
5016,503.69,29.5047,774.013,5.07272e-05
5022,503.499,29.5208,772.725,5.07442e-05
5028,503.308,29.537,771.435,5.07612e-05
5034,503.116,29.5532,770.144,5.07782e-05
5040,502.925,29.5696,768.852,5.07952e-05
5046,502.734,29.5861,767.558,5.08123e-05
5052,502.542,29.6026,766.262,5.08294e-05
5058,502.35,29.6192,764.965,5.08465e-05
5064,502.159,29.636,763.666,5.08636e-05
5070,501.967,29.6528,762.366,5.08808e-05
5076,501.775,29.6697,761.064,5.08979e-05
5082,501.583,29.6867,759.761,5.09151e-05
5088,501.391,29.7038,758.456,5.09323e-05
5094,501.199,29.721,757.15,5.09496e-05
5100,501.007,29.7383,755.842,5.09668e-05
5106,500.814,29.7557,754.533,5.09841e-05
5112,500.622,29.7731,753.222,5.10014e-05
5118,500.429,29.7907,751.91,5.10187e-05
5124,500.237,29.8084,750.596,5.1036e-05
5130,500.044,29.8261,749.281,5.10534e-05
5136,499.851,29.844,747.964,5.10708e-05
5142,499.658,29.8619,746.646,5.10882e-05
5148,499.465,29.88,745.326,5.11056e-05
5154,499.272,29.8981,744.005,5.11231e-05
5160,499.079,29.9164,742.683,5.11406e-05
5166,498.902,29.9347,741.359,5.11581e-05
5172,498.732,29.9531,740.034,5.11741e-05
5178,498.563,29.9717,738.708,5.11895e-05
5184,498.393,29.9903,737.381,5.12049e-05
5190,498.223,30.009,736.053,5.12204e-05
5196,498.053,30.0278,734.723,5.12358e-05
5202,497.882,30.0468,733.392,5.12513e-05
5208,497.712,30.0658,732.06,5.12668e-05
5214,497.542,30.0849,730.726,5.12823e-05
5220,497.372,30.1041,729.391,5.12978e-05
5226,497.201,30.1235,728.055,5.13134e-05
5232,497.031,30.1429,726.718,5.13289e-05
5238,496.86,30.1624,725.38,5.13445e-05
5244,496.69,30.1821,724.04,5.13601e-05
5250,496.519,30.2018,722.699,5.13757e-05
5256,496.348,30.2217,721.357,5.13913e-05
5262,496.177,30.2416,720.014,5.1407e-05
5268,496.006,30.2617,718.67,5.14226e-05
5274,495.84,30.2819,717.324,5.14383e-05
5280,495.685,30.3021,715.978,5.14536e-05
5286,495.529,30.3225,714.63,5.14679e-05
5292,495.373,30.343,713.281,5.14822e-05
5298,495.218,30.3636,711.93,5.14965e-05
5304,495.062,30.3843,710.579,5.15108e-05
5310,494.906,30.4051,709.226,5.15252e-05
5316,494.751,30.426,707.873,5.15395e-05
5322,494.595,30.4471,706.518,5.15539e-05
5328,494.439,30.4682,705.162,5.15683e-05
5334,494.283,30.4895,703.805,5.15827e-05
5340,494.127,30.5108,702.447,5.15971e-05
5346,493.971,30.5323,701.087,5.16115e-05
5352,493.815,30.5539,699.727,5.16259e-05
5358,493.659,30.5756,698.365,5.16404e-05
5364,493.503,30.5974,697.003,5.16549e-05
5370,493.347,30.6194,695.639,5.16693e-05
5376,493.191,30.6414,694.274,5.16838e-05
5382,493.035,30.6636,692.908,5.16983e-05
5388,492.879,30.6859,691.541,5.17128e-05
5394,492.722,30.7083,690.173,5.17274e-05
5400,492.566,30.7308,688.804,5.17419e-05
5406,492.41,30.7535,687.434,5.17565e-05
5412,492.253,30.7762,686.063,5.1771e-05
5418,492.097,30.7991,684.69,5.17856e-05
5424,491.94,30.8221,683.317,5.18002e-05
5430,491.784,30.8452,681.943,5.18148e-05
5436,491.627,30.8685,680.568,5.18294e-05
5442,491.471,30.8918,679.192,5.18441e-05
5448,491.314,30.9153,677.815,5.18587e-05
5454,491.157,30.9389,676.437,5.18734e-05
5460,491.001,30.9626,675.059,5.18881e-05
5466,490.844,30.9865,673.68,5.19028e-05
5472,490.692,31.0104,672.299,5.19175e-05
5478,490.545,31.0345,670.919,5.19317e-05
5484,490.397,31.0587,669.537,5.19456e-05
5490,490.25,31.0831,668.154,5.19594e-05
5496,490.102,31.1075,666.771,5.19733e-05
5502,489.955,31.1321,665.387,5.19872e-05
5508,489.808,31.1569,664.002,5.2001e-05
5514,489.66,31.1817,662.617,5.20149e-05
5520,489.513,31.2067,661.23,5.20288e-05
5526,489.365,31.2318,659.843,5.20427e-05
5532,489.218,31.257,658.455,5.20566e-05
5538,489.07,31.2823,657.067,5.20706e-05
5544,488.923,31.3078,655.678,5.20845e-05
5550,488.775,31.3334,654.288,5.20985e-05
5556,488.628,31.3592,652.897,5.21124e-05
5562,488.48,31.3851,651.505,5.21264e-05
5568,488.333,31.4111,650.113,5.21404e-05
5574,488.185,31.4372,648.72,5.21544e-05
5580,488.037,31.4635,647.327,5.21684e-05
5586,487.89,31.4899,645.933,5.21824e-05
5592,487.742,31.5165,644.538,5.21964e-05
5598,487.594,31.5431,643.143,5.22105e-05
5604,487.446,31.57,641.746,5.22245e-05
5610,487.298,31.5969,640.35,5.22386e-05
5616,487.15,31.624,638.952,5.22527e-05
5622,487.002,31.6512,637.554,5.22668e-05
5628,486.854,31.6786,636.156,5.22809e-05
5634,486.706,31.7061,634.757,5.2295e-05
5640,486.558,31.7338,633.357,5.23092e-05
5646,486.41,31.7616,631.957,5.23233e-05
5652,486.27,31.7895,630.556,5.23375e-05
5658,486.13,31.8176,629.154,5.23509e-05
5664,485.99,31.8458,627.752,5.23643e-05
5670,485.851,31.8741,626.349,5.23776e-05
5676,485.711,31.9026,624.945,5.2391e-05
5682,485.571,31.9312,623.542,5.24044e-05
5688,485.432,31.9599,622.139,5.24178e-05
5694,485.292,31.9888,620.737,5.24312e-05
5700,485.152,32.0178,619.334,5.24447e-05
5706,485.013,32.0469,617.932,5.24581e-05
5712,484.873,32.0761,616.53,5.24715e-05
5718,484.733,32.1055,615.129,5.24849e-05
5724,484.594,32.135,613.727,5.24984e-05
5730,484.454,32.1647,612.326,5.25118e-05
5736,484.314,32.1944,610.926,5.25253e-05
5742,484.175,32.2243,609.525,5.25388e-05
5748,484.035,32.2544,608.126,5.25523e-05
5754,483.895,32.2845,606.726,5.25658e-05
5760,483.755,32.3148,605.327,5.25793e-05
5766,483.615,32.3452,603.928,5.25928e-05
5772,483.475,32.3758,602.53,5.26063e-05
5778,483.335,32.4065,601.132,5.26199e-05
5784,483.195,32.4373,599.734,5.26334e-05
5790,483.055,32.4683,598.337,5.2647e-05
5796,482.915,32.4994,596.941,5.26606e-05
5802,482.777,32.5306,595.545,5.26742e-05
5808,482.645,32.562,594.149,5.26876e-05
5814,482.512,32.5935,592.754,5.27005e-05
5820,482.38,32.6251,591.359,5.27133e-05
5826,482.247,32.6569,589.965,5.27262e-05
5832,482.114,32.6888,588.572,5.27392e-05
5838,481.981,32.7208,587.179,5.27521e-05
5844,481.848,32.753,585.786,5.2765e-05
5850,481.715,32.7853,584.395,5.2778e-05
5856,481.592,32.8178,583.004,5.2791e-05
5862,481.469,32.8503,581.613,5.2803e-05
5868,481.346,32.883,580.224,5.2815e-05
5874,481.223,32.9159,578.835,5.28271e-05
5880,481.1,32.9489,577.446,5.28391e-05
5886,480.977,32.982,576.059,5.28511e-05
5892,480.853,33.0152,574.672,5.28632e-05
5898,480.73,33.0486,573.286,5.28753e-05
5904,480.606,33.0821,571.9,5.28874e-05
5910,480.482,33.1158,570.516,5.28995e-05
5916,480.358,33.1495,569.132,5.29117e-05
5922,480.233,33.1835,567.749,5.29239e-05
5928,480.109,33.2175,566.367,5.29361e-05
5934,479.984,33.2517,564.985,5.29483e-05
5940,479.859,33.286,563.605,5.29606e-05
5946,479.734,33.3204,562.225,5.29728e-05
5952,479.609,33.355,560.847,5.29852e-05
5958,479.483,33.3896,559.47,5.29975e-05
5964,479.358,33.4244,558.094,5.30099e-05
5970,479.231,33.4594,556.72,5.30223e-05
5976,479.105,33.4944,555.346,5.30347e-05
5982,478.978,33.5296,553.974,5.30472e-05
5988,478.851,33.5649,552.603,5.30597e-05
5994,478.724,33.6003,551.234,5.30722e-05
6000,478.596,33.6359,549.866,5.30848e-05
6006,478.468,33.6716,548.499,5.30974e-05
6012,478.347,33.7074,547.133,5.31101e-05
6018,478.234,33.7433,545.768,5.31221e-05
6024,478.121,33.7793,544.405,5.31333e-05
6030,478.008,33.8155,543.044,5.31445e-05
6036,477.894,33.8518,541.684,5.31558e-05
6042,477.78,33.8882,540.325,5.3167e-05
6048,477.665,33.9247,538.967,5.31784e-05
6054,477.55,33.9613,537.611,5.31898e-05
6060,477.435,33.9981,536.256,5.32012e-05
6066,477.319,34.035,534.903,5.32127e-05
6072,477.202,34.072,533.552,5.32242e-05
6078,477.085,34.1091,532.201,5.32358e-05
6084,476.968,34.1463,530.852,5.32474e-05
6090,476.85,34.1836,529.505,5.32591e-05
6096,476.741,34.2211,528.158,5.32709e-05
6102,476.632,34.2586,526.813,5.32817e-05
6108,476.523,34.2962,525.47,5.32926e-05
6114,476.412,34.3339,524.13,5.33035e-05
6120,476.302,34.3717,522.792,5.33145e-05
6126,476.191,34.4095,521.456,5.33256e-05
6132,476.079,34.4475,520.123,5.33367e-05
6138,475.967,34.4855,518.793,5.33478e-05
6144,475.854,34.5236,517.464,5.33591e-05
6150,475.741,34.5618,516.139,5.33704e-05
6156,475.627,34.6001,514.815,5.33817e-05
6162,475.512,34.6385,513.494,5.33931e-05
6168,475.397,34.6769,512.176,5.34046e-05
6174,475.281,34.7154,510.86,5.34162e-05
6180,475.165,34.754,509.546,5.34278e-05
6186,475.048,34.7927,508.235,5.34395e-05
6192,474.93,34.8314,506.927,5.34513e-05
6198,474.811,34.8703,505.621,5.34631e-05
6204,474.694,34.9091,504.317,5.3475e-05
6210,474.581,34.9481,503.016,5.34868e-05
6216,474.467,34.9871,501.717,5.34982e-05
6222,474.352,35.0262,500.421,5.35097e-05
6228,474.237,35.0654,499.127,5.35212e-05
6234,474.12,35.1046,497.836,5.35329e-05
6240,474.003,35.1439,496.547,5.35446e-05
6246,473.885,35.1832,495.261,5.35564e-05
6252,473.766,35.2226,493.977,5.35684e-05
6258,473.646,35.2621,492.694,5.35804e-05
6264,473.526,35.3015,491.414,5.35925e-05
6270,473.404,35.341,490.137,5.36047e-05
6276,473.282,35.3805,488.865,5.3617e-05
6282,473.158,35.4201,487.595,5.36294e-05
6288,473.034,35.4596,486.33,5.36419e-05
6294,472.909,35.4992,485.068,5.36545e-05
6300,472.783,35.5388,483.809,5.36672e-05
6306,472.656,35.5783,482.554,5.368e-05
6312,472.528,35.618,481.303,5.36929e-05
6318,472.398,35.6576,480.055,5.37059e-05
6324,472.268,35.6972,478.811,5.3719e-05
6330,472.137,35.7368,477.57,5.37322e-05
6336,472.005,35.7765,476.333,5.37456e-05
6342,471.871,35.8162,475.099,5.37591e-05
6348,471.737,35.8558,473.868,5.37727e-05
6354,471.601,35.8955,472.641,5.37864e-05
6360,471.471,35.9352,471.418,5.38002e-05
6366,471.342,35.9748,470.197,5.38135e-05
6372,471.211,36.0145,468.981,5.38267e-05
6378,471.08,36.0542,467.767,5.384e-05
6384,470.95,36.0938,466.557,5.38535e-05
6390,470.819,36.1335,465.35,5.38667e-05
6396,470.687,36.1732,464.146,5.38801e-05
6402,470.554,36.2128,462.945,5.38937e-05
6408,470.419,36.2524,461.748,5.39073e-05
6414,470.283,36.292,460.555,5.39211e-05
6420,470.146,36.3316,459.366,5.39351e-05
6426,470.008,36.3711,458.179,5.39491e-05
6432,469.868,36.4107,456.997,5.39633e-05
6438,469.727,36.4502,455.818,5.39777e-05
6444,469.585,36.4896,454.642,5.39922e-05
6450,469.441,36.5291,453.47,5.40068e-05
6456,469.296,36.5685,452.301,5.40216e-05
6462,469.15,36.608,451.135,5.40366e-05
6468,469.002,36.6473,449.973,5.40517e-05
6474,468.853,36.6867,448.814,5.40669e-05
6480,468.702,36.726,447.659,5.40823e-05
6486,468.55,36.7653,446.507,5.40979e-05
6492,468.396,36.8045,445.566,5.41136e-05
6498,468.241,36.8437,444.652,5.41295e-05
6504,468.085,36.8829,443.738,5.41456e-05
6510,467.927,36.922,442.824,5.41618e-05
6516,467.767,36.9611,441.91,5.41782e-05
6522,467.606,37.0002,440.997,5.41947e-05
6528,467.443,37.0392,440.084,5.42114e-05
6534,467.279,37.0781,439.172,5.42283e-05
6540,467.113,37.117,438.26,5.42454e-05
6546,466.946,37.1559,437.348,5.42627e-05
6552,466.777,37.1947,436.437,5.42801e-05
6558,466.606,37.2335,435.527,5.42977e-05
6564,466.438,37.2722,434.617,5.43155e-05
6570,466.269,37.3108,433.707,5.43331e-05
6576,466.101,37.3494,432.798,5.43507e-05
6582,465.932,37.388,431.89,5.43683e-05
6588,465.761,37.4265,430.982,5.4386e-05
6594,465.589,37.4649,430.074,5.44038e-05
6600,465.415,37.5033,429.167,5.44219e-05
6606,465.24,37.5416,428.261,5.44401e-05
6612,465.063,37.5799,427.356,5.44585e-05
6618,464.884,37.6181,426.451,5.44771e-05
6624,464.704,37.6562,425.547,5.44959e-05
6630,464.521,37.6943,424.643,5.45149e-05
6636,464.337,37.7323,423.741,5.4534e-05
6642,464.152,37.7702,422.839,5.45534e-05
6648,463.964,37.8081,421.938,5.4573e-05
6654,463.775,37.8459,421.037,5.45928e-05
6660,463.584,37.8836,420.138,5.46127e-05
6666,463.392,37.9213,419.239,5.46329e-05
6672,463.197,37.9589,418.341,5.46533e-05
6678,463.001,37.9964,417.443,5.46739e-05
6684,462.803,38.0338,416.547,5.46947e-05
6690,462.604,38.0712,415.651,5.47157e-05
6696,462.402,38.1085,414.757,5.47369e-05
6702,462.199,38.1457,413.863,5.47583e-05
6708,461.994,38.1828,412.97,5.47799e-05
6714,461.787,38.2199,412.078,5.48018e-05
6720,461.578,38.2568,411.187,5.48238e-05
6726,461.371,38.2937,410.297,5.48461e-05
6732,461.162,38.3306,409.408,5.48682e-05
6738,460.952,38.3673,408.519,5.48905e-05
6744,460.74,38.4039,407.632,5.4913e-05
6750,460.526,38.4405,406.745,5.49357e-05
6756,460.31,38.477,405.86,5.49586e-05
6762,460.092,38.5134,404.975,5.49818e-05
6768,459.873,38.5497,404.091,5.50052e-05
6774,459.651,38.586,403.208,5.50288e-05
6780,459.428,38.6221,402.326,5.50526e-05
6786,459.203,38.6582,401.444,5.50767e-05
6792,458.976,38.6942,400.564,5.5101e-05
6798,458.747,38.7301,399.684,5.51255e-05
6804,458.516,38.7659,398.805,5.51502e-05
6810,458.283,38.8016,397.926,5.51752e-05
6816,458.05,38.8372,397.049,5.52004e-05
6822,457.817,38.8728,396.173,5.52257e-05
6828,457.583,38.9082,395.298,5.52509e-05
6834,457.347,38.9435,394.424,5.52763e-05
6840,457.109,38.9787,393.552,5.5302e-05
6846,456.87,39.0139,392.68,5.53279e-05
6852,456.628,39.0489,391.809,5.5354e-05
6858,456.385,39.0839,390.939,5.53803e-05
6864,456.14,39.1187,390.071,5.54069e-05
6870,455.893,39.1535,389.203,5.54337e-05
6876,455.644,39.1881,388.336,5.54607e-05
6882,455.394,39.2227,387.471,5.5488e-05
6888,455.141,39.2572,386.606,5.55155e-05
6894,454.889,39.2915,385.742,5.55432e-05
6900,454.639,39.3258,384.88,5.55709e-05
6906,454.387,39.36,384.018,5.55985e-05
6912,454.133,39.3941,383.156,5.56263e-05
6918,453.877,39.428,382.295,5.56543e-05
6924,453.62,39.4619,381.436,5.56825e-05
6930,453.361,39.4956,380.577,5.5711e-05
6936,453.101,39.5293,379.72,5.57397e-05
6942,452.838,39.5628,378.865,5.57686e-05
6948,452.575,39.5962,378.01,5.57977e-05
6954,452.309,39.6295,377.157,5.5827e-05
6960,452.042,39.6627,376.305,5.58566e-05
6966,451.773,39.6958,375.454,5.58864e-05
6972,451.502,39.7288,374.605,5.59164e-05
6978,451.23,39.7616,373.756,5.59466e-05
6984,450.961,39.7944,372.909,5.59771e-05
6990,450.696,39.8271,372.063,5.60071e-05
6996,450.428,39.8596,371.218,5.60369e-05
7002,450.159,39.8921,370.374,5.60669e-05
7008,449.889,39.9244,369.531,5.60972e-05
7014,449.617,39.9567,368.69,5.61276e-05
7020,449.343,39.9888,367.849,5.61583e-05
7026,449.068,40.0208,367.01,5.61892e-05
7032,448.791,40.0527,366.172,5.62203e-05
7038,448.513,40.0846,365.335,5.62516e-05
7044,448.233,40.1163,364.499,5.62831e-05
7050,447.952,40.1479,363.664,5.63148e-05
7056,447.669,40.1794,362.83,5.63468e-05
7062,447.384,40.2108,361.997,5.6379e-05
7068,447.098,40.2421,361.166,5.64114e-05
7074,446.811,40.2733,360.335,5.6444e-05
7080,446.522,40.3044,359.506,5.64768e-05
7086,446.231,40.3354,358.677,5.65099e-05
7092,445.939,40.3663,357.85,5.65431e-05
7098,445.656,40.3971,357.022,5.65766e-05
7104,445.374,40.4278,356.196,5.66091e-05
7110,445.091,40.4584,355.371,5.66415e-05
7116,444.806,40.4889,354.547,5.66741e-05
7122,444.52,40.5193,353.724,5.6707e-05
7128,444.233,40.5496,352.902,5.674e-05
7134,443.944,40.5798,352.081,5.67732e-05
7140,443.654,40.6098,351.262,5.68066e-05
7146,443.363,40.6398,350.443,5.68402e-05
7152,443.071,40.6696,349.626,5.6874e-05
7158,442.777,40.6994,348.811,5.69079e-05
7164,442.482,40.729,347.996,5.69421e-05
7170,442.186,40.7586,347.183,5.69764e-05
7176,441.889,40.788,346.372,5.7011e-05
7182,441.591,40.8174,345.561,5.70457e-05
7188,441.291,40.8466,344.751,5.70807e-05
7194,440.99,40.8758,343.943,5.71158e-05
7200,440.688,40.9048,343.136,5.71511e-05
7206,440.384,40.9338,342.33,5.71866e-05
7212,440.08,40.9626,341.525,5.72223e-05
7218,439.774,40.9914,340.721,5.72583e-05
7224,439.467,41.0201,339.918,5.72943e-05
7230,439.17,41.0487,339.117,5.73306e-05
7236,438.883,41.0772,338.316,5.73658e-05
7242,438.665,41.0993,337.047,5.73998e-05
7248,438.432,41.1227,336.888,5.74257e-05
7254,438.281,41.1378,338.364,5.74534e-05
7260,438.039,41.1619,336.892,5.74714e-05
7266,437.886,41.1771,338.462,5.75002e-05
7272,437.646,41.2007,337.069,5.75185e-05
7278,437.494,41.2157,338.6,5.7547e-05
7284,437.255,41.2391,337.2,5.75652e-05
7290,437.102,41.254,338.717,5.75938e-05
7296,436.863,41.2771,337.324,5.76121e-05
7302,436.711,41.2918,338.825,5.76406e-05
7308,436.473,41.3147,337.435,5.76589e-05
7314,436.321,41.3292,338.921,5.76874e-05
7320,436.083,41.3519,337.534,5.77057e-05
7326,435.932,41.3663,339.007,5.77342e-05
7332,435.695,41.3887,337.623,5.77525e-05
7338,435.543,41.4029,339.082,5.7781e-05
7344,435.307,41.4251,337.7,5.77993e-05
7350,435.157,41.4392,339.147,5.78278e-05
7356,434.923,41.4611,337.767,5.78459e-05
7362,434.773,41.4751,339.203,5.78742e-05
7368,434.54,41.4968,337.824,5.78923e-05
7374,434.39,41.5107,339.248,5.79206e-05
7380,434.157,41.5322,337.871,5.79386e-05
7386,434.008,41.5459,339.285,5.79669e-05
7392,433.775,41.5672,337.908,5.7985e-05
7398,433.627,41.5807,339.312,5.80133e-05
7404,433.397,41.6019,337.936,5.80314e-05
7410,433.252,41.6153,339.331,5.80594e-05
7416,433.024,41.6362,337.955,5.80771e-05
7422,432.88,41.6495,339.341,5.81048e-05
7428,432.653,41.6702,337.965,5.81225e-05
7434,432.508,41.6834,339.342,5.81502e-05
7440,432.281,41.7039,337.967,5.81679e-05
7446,432.137,41.717,339.336,5.81957e-05
7452,431.911,41.7373,337.961,5.82134e-05
7458,431.767,41.7502,339.321,5.82411e-05
7464,431.541,41.7704,337.946,5.82588e-05
7470,431.397,41.7832,339.299,5.82865e-05
7476,431.172,41.8033,337.924,5.83042e-05
7482,431.028,41.8159,339.269,5.8332e-05
7488,430.803,41.8358,337.894,5.83496e-05
7494,430.66,41.8483,339.232,5.83774e-05
7500,430.437,41.868,337.857,5.8395e-05
7506,430.297,41.8804,339.188,5.84226e-05
7512,430.076,41.9,337.813,5.84399e-05
7518,429.936,41.9123,339.137,5.84673e-05
7524,429.715,41.9317,337.762,5.84846e-05
7530,429.576,41.9439,339.079,5.8512e-05
7536,429.355,41.9631,337.704,5.85292e-05
7542,429.217,41.9752,339.015,5.85566e-05
7548,428.996,41.9943,337.64,5.85739e-05
7554,428.858,42.0063,338.945,5.86013e-05
7560,428.641,42.0252,337.569,5.86185e-05
7566,428.517,42.0371,338.868,5.86455e-05
7572,428.319,42.0559,337.492,5.8661e-05
7578,428.196,42.0676,338.785,5.86857e-05
7584,427.998,42.0863,337.409,5.87012e-05
7590,427.874,42.098,338.696,5.87259e-05
7596,427.677,42.1165,337.32,5.87413e-05
7602,427.554,42.128,338.602,5.8766e-05
7608,427.357,42.1465,337.225,5.87815e-05
7614,427.234,42.1579,338.502,5.88062e-05
7620,427.037,42.1762,337.125,5.88216e-05
7626,426.914,42.1875,338.397,5.88464e-05
7632,426.718,42.2057,337.019,5.88618e-05
7638,426.595,42.2169,338.286,5.88865e-05
7644,426.399,42.235,336.909,5.89019e-05
7650,426.277,42.2461,338.17,5.89267e-05
7656,426.081,42.264,336.793,5.89421e-05
7662,425.959,42.2751,338.05,5.89668e-05
7668,425.763,42.2929,336.672,5.89822e-05
7674,425.642,42.3038,337.924,5.9007e-05
7680,425.446,42.3215,336.546,5.90223e-05
7686,425.325,42.3324,337.794,5.90471e-05
7692,425.129,42.3499,336.416,5.90624e-05
7698,425.009,42.3607,337.659,5.90873e-05
7704,424.813,42.3781,336.281,5.91026e-05
7710,424.693,42.3888,337.52,5.91274e-05
7716,424.498,42.4062,336.141,5.91427e-05
7722,424.378,42.4168,337.376,5.91675e-05
7728,424.183,42.434,335.997,5.91828e-05
7734,424.063,42.4445,337.228,5.92076e-05
7740,423.868,42.4616,335.849,5.92229e-05
7746,423.749,42.4721,337.076,5.92477e-05
7752,423.554,42.4891,335.697,5.9263e-05
7758,423.435,42.4995,336.92,5.92879e-05
7764,423.241,42.5164,335.541,5.93031e-05
7770,423.122,42.5266,336.76,5.9328e-05
7776,422.928,42.5435,335.381,5.93432e-05
7782,422.821,42.5537,336.596,5.93681e-05
7788,422.673,42.5704,335.217,5.93817e-05
7794,422.583,42.5805,336.428,5.94007e-05
7800,422.435,42.5971,335.05,5.94123e-05
7806,422.345,42.6071,336.257,5.94314e-05
7812,422.197,42.6237,334.879,5.94429e-05
7818,422.107,42.6336,336.082,5.9462e-05
7824,421.959,42.6501,334.704,5.94736e-05
7830,421.869,42.66,335.904,5.94927e-05
7836,421.721,42.6763,334.526,5.95042e-05
7842,421.631,42.6861,335.723,5.95233e-05
7848,421.483,42.7023,334.345,5.95349e-05
7854,421.394,42.7121,335.538,5.9554e-05
7860,421.245,42.7282,334.16,5.95656e-05
7866,421.156,42.7379,335.351,5.95848e-05
7872,421.008,42.754,333.973,5.95963e-05
7878,420.919,42.7636,335.16,5.96155e-05
7884,420.771,42.7796,333.782,5.9627e-05
7890,420.682,42.7891,334.966,5.96462e-05
7896,420.537,42.805,333.588,5.96577e-05
7902,420.45,42.8145,334.769,5.96766e-05
7908,420.304,42.8303,333.392,5.96879e-05
7914,420.217,42.8397,334.57,5.97068e-05
7920,420.071,42.8555,333.192,5.97182e-05
7926,419.984,42.8648,334.367,5.97371e-05
7932,419.838,42.8804,332.99,5.97484e-05
7938,419.752,42.8897,334.162,5.97674e-05
7944,419.606,42.9053,332.786,5.97787e-05
7950,419.519,42.9145,333.955,5.97977e-05
7956,419.373,42.93,332.578,5.9809e-05
7962,419.289,42.9392,333.745,5.98281e-05
7968,419.15,42.9546,332.368,5.9839e-05
7974,419.068,42.9637,333.532,5.98572e-05
7980,418.929,42.979,332.156,5.98679e-05
7986,418.848,42.9881,333.317,5.98861e-05
7992,418.708,43.0033,331.942,5.98968e-05
7998,418.627,43.0123,333.1,5.9915e-05
8004,418.488,43.0275,331.725,5.99257e-05
8010,418.407,43.0364,332.88,5.9944e-05
8016,418.273,43.0516,331.505,5.99545e-05
8022,418.195,43.0604,332.658,5.99721e-05
8028,418.061,43.0755,331.284,5.99824e-05
8034,417.983,43.0843,332.434,5.99999e-05
8040,417.849,43.0993,331.06,6.00102e-05
8046,417.771,43.108,332.208,6.00278e-05
8052,417.637,43.1229,330.835,6.00381e-05
8058,417.559,43.1316,331.98,6.00558e-05
8064,417.43,43.1465,330.607,6.00661e-05
8070,417.356,43.1551,331.75,6.00831e-05
8076,417.228,43.1699,330.377,6.00928e-05
8082,417.154,43.1785,331.518,6.01097e-05
8088,417.026,43.1932,330.146,6.01195e-05
8094,416.952,43.2018,331.284,6.01363e-05
8100,416.824,43.2164,329.912,6.01461e-05
8106,416.75,43.2249,331.048,6.0163e-05
8112,416.626,43.2395,329.677,6.01728e-05
8118,416.555,43.2479,330.81,6.01893e-05
8124,416.431,43.2625,329.44,6.01987e-05
8130,416.361,43.2709,330.571,6.0215e-05
8136,416.24,43.2854,329.201,6.02244e-05
8142,416.171,43.2937,330.33,6.02404e-05
8148,416.052,43.3081,328.961,6.02495e-05
8154,415.983,43.3164,330.088,6.02654e-05
8160,415.864,43.3308,328.719,6.02745e-05
8166,415.796,43.339,329.844,6.02903e-05
8172,415.676,43.3533,328.475,6.02994e-05
8178,415.608,43.3615,329.598,6.03153e-05
8184,415.488,43.3758,328.23,6.03244e-05
8190,415.423,43.3839,329.351,6.03403e-05
8196,415.308,43.3981,327.984,6.0349e-05
8202,415.242,43.4062,329.102,6.03643e-05
8208,415.127,43.4204,327.736,6.03731e-05
8214,415.062,43.4284,328.852,6.03884e-05
8220,414.946,43.4425,327.486,6.03972e-05
8226,414.88,43.4505,328.601,6.04126e-05
8232,414.767,43.4646,327.236,6.04214e-05
8238,414.712,43.4725,328.348,6.04365e-05
8244,414.612,43.4865,326.983,6.04439e-05
8250,414.556,43.4944,328.094,6.04572e-05
8256,414.457,43.5084,326.73,6.04647e-05
8262,414.401,43.5162,327.838,6.0478e-05
8268,414.301,43.5302,326.475,6.04855e-05
8274,414.244,43.538,327.582,6.04989e-05
8280,414.144,43.5519,326.22,6.05064e-05
8286,414.09,43.5596,327.324,6.05199e-05
8292,413.992,43.5735,325.962,6.05272e-05
8298,413.937,43.5812,327.065,6.05404e-05
8304,413.839,43.595,325.704,6.05477e-05
8310,413.784,43.6027,326.805,6.05609e-05
8316,413.685,43.6164,325.445,6.05683e-05
8322,413.63,43.624,326.544,6.05815e-05
8328,413.533,43.6378,325.185,6.05889e-05
8334,413.481,43.6453,326.282,6.0602e-05
8340,413.392,43.659,324.923,6.0609e-05
8346,413.343,43.6666,326.018,6.06209e-05
8352,413.254,43.6802,324.661,6.06276e-05
8358,413.204,43.6877,325.754,6.06395e-05
8364,413.116,43.7013,324.397,6.06462e-05
8370,413.07,43.7088,325.489,6.0658e-05
8376,412.987,43.7223,324.133,6.06642e-05
8382,412.941,43.7298,325.223,6.06755e-05
8388,412.857,43.7433,323.867,6.06817e-05
8394,412.81,43.7507,324.956,6.06931e-05
8400,412.726,43.7641,323.601,6.06993e-05
8406,412.68,43.7715,324.688,6.07107e-05
8412,412.597,43.7849,323.334,6.0717e-05
8418,412.559,43.7923,324.419,6.07281e-05
8424,412.488,43.8057,323.066,6.07333e-05
8430,412.45,43.813,324.15,6.07428e-05
8436,412.379,43.8263,322.797,6.0748e-05
8442,412.34,43.8336,323.879,6.07576e-05
8448,412.268,43.8469,322.528,6.07629e-05
8454,412.229,43.8541,323.608,6.07726e-05
8460,412.16,43.8674,322.257,6.07779e-05
8466,412.124,43.8746,323.336,6.07872e-05
8472,412.057,43.8879,321.986,6.07921e-05
8478,412.02,43.895,323.063,6.08013e-05
8484,411.952,43.9083,321.715,6.08062e-05
8490,411.916,43.9154,322.79,6.08154e-05
8496,411.853,43.9286,321.442,6.08204e-05
8502,411.821,43.9357,322.516,6.08289e-05
8508,411.762,43.9488,321.169,6.08332e-05
8514,411.73,43.9559,322.241,6.08412e-05
8520,411.671,43.969,320.895,6.08455e-05
8526,411.64,43.9761,321.966,6.08536e-05
8532,411.582,43.9892,320.62,6.08578e-05
8538,411.551,43.9962,321.69,6.08657e-05
8544,411.493,44.0092,320.345,6.08699e-05
8550,411.467,44.0162,321.413,6.08777e-05
8556,411.418,44.0293,320.07,6.08812e-05
8562,411.392,44.0362,321.136,6.08879e-05
8568,411.342,44.0492,319.793,6.08915e-05
8574,411.315,44.0561,320.858,6.08983e-05
8580,411.264,44.0691,319.517,6.09019e-05
8586,411.237,44.076,320.58,6.09088e-05
8592,411.186,44.089,319.239,6.09125e-05
8598,411.159,44.0958,320.301,6.09195e-05
8604,411.107,44.1088,318.961,6.09232e-05
8610,411.08,44.1156,320.022,6.09302e-05
8616,411.027,44.1285,318.683,6.0934e-05
8622,410.999,44.1353,319.742,6.09411e-05
8628,410.946,44.1482,318.404,6.09449e-05
8634,410.918,44.155,319.461,6.09521e-05
8640,410.869,44.1678,318.125,6.0956e-05
8646,410.853,44.1746,319.181,6.09627e-05
8652,410.823,44.1874,317.845,6.09648e-05
8658,410.807,44.1941,318.899,6.09689e-05
8664,410.776,44.207,317.565,6.09711e-05
8670,410.76,44.2136,318.618,6.09754e-05
8676,410.728,44.2265,317.284,6.09776e-05
8682,410.711,44.2331,318.336,6.09819e-05
8688,410.682,44.2459,317.003,6.09842e-05
8694,410.67,44.2525,318.053,6.09882e-05
8700,410.647,44.2653,316.722,6.09898e-05
8706,410.634,44.2719,317.771,6.0993e-05
8712,410.611,44.2847,316.44,6.09947e-05
8718,410.599,44.2913,317.487,6.09979e-05
8724,410.576,44.304,316.158,6.09995e-05
8730,410.564,44.3106,317.204,6.10026e-05
8736,410.541,44.3233,315.875,6.10043e-05
8742,410.53,44.3298,316.92,6.10074e-05
8748,410.508,44.3425,315.592,6.1009e-05
8754,410.497,44.349,316.636,6.10119e-05
8760,410.476,44.3617,315.309,6.10134e-05
8766,410.467,44.3682,316.351,6.10163e-05
8772,410.45,44.3809,315.026,6.10175e-05
8778,410.441,44.3874,316.067,6.10199e-05
8784,410.422,44.4,314.742,6.10212e-05
8790,410.413,44.4065,315.782,6.10237e-05
8796,410.401,44.4191,314.458,6.10249e-05
8802,410.394,44.4255,315.496,6.10266e-05
8808,410.381,44.4382,314.174,6.10275e-05
8814,410.374,44.4446,315.211,6.10293e-05
8820,410.361,44.4572,313.889,6.10302e-05
8826,410.355,44.4636,314.925,6.10321e-05
8832,410.346,44.4762,313.605,6.10329e-05
8838,410.341,44.4825,314.639,6.10341e-05
8844,410.333,44.4952,313.32,6.10348e-05
8850,410.329,44.5015,314.353,6.10358e-05
8856,410.322,44.5141,313.035,6.10364e-05
8862,410.319,44.5204,314.066,6.10374e-05
8868,410.312,44.533,312.749,6.10378e-05
8874,410.31,44.5393,313.78,6.10388e-05
8880,410.307,44.5519,312.464,6.1039e-05
8886,410.306,44.5581,313.493,6.10395e-05
8892,410.305,44.5707,312.178,6.10396e-05
8898,410.305,44.5769,313.206,6.10396e-05
8904,410.304,44.5895,311.892,6.10397e-05
8910,410.303,44.5957,312.918,6.10398e-05
8916,410.301,44.6083,311.606,6.104e-05
8922,410.3,44.6145,312.631,6.10402e-05
8928,410.296,44.6271,311.319,6.10404e-05
8934,410.295,44.6333,312.343,6.10409e-05
8940,410.29,44.6458,311.033,6.10411e-05
8946,410.288,44.652,312.056,6.10417e-05
8952,410.283,44.6645,310.746,6.1042e-05
8958,410.28,44.6707,311.768,6.10427e-05
8964,410.274,44.6832,310.46,6.10431e-05
8970,410.271,44.6894,311.48,6.10439e-05
8976,410.263,44.7019,310.173,6.10444e-05
8982,410.26,44.7081,311.192,6.10454e-05
8988,410.252,44.7206,309.886,6.10459e-05
8994,410.247,44.7267,310.904,6.1047e-05
9000,410.238,44.7392,309.599,6.10476e-05
9006,410.233,44.7453,310.616,6.10488e-05
9012,410.223,44.7579,309.312,6.10495e-05
9018,410.218,44.7639,310.327,6.10509e-05
9024,410.207,44.7765,309.024,6.10516e-05
9030,410.201,44.7825,310.039,6.10531e-05
9036,410.189,44.7951,308.737,6.10539e-05
9042,410.183,44.8011,309.75,6.10555e-05
9048,410.17,44.8136,308.45,6.10564e-05
9054,410.163,44.8197,309.462,6.10581e-05
9060,410.149,44.8322,308.162,6.10591e-05
9066,410.142,44.8382,309.173,6.1061e-05
9072,410.127,44.8508,307.875,6.10619e-05
9078,410.12,44.8568,308.884,6.1064e-05
9084,410.104,44.8693,307.587,6.1065e-05
9090,410.096,44.8753,308.595,6.10672e-05
9096,410.079,44.8878,307.3,6.10683e-05
9102,410.071,44.8938,308.307,6.10706e-05
9108,410.053,44.9064,307.012,6.10718e-05
9114,410.044,44.9123,308.018,6.10742e-05
9120,410.025,44.9249,306.724,6.10754e-05
9126,410.016,44.9308,307.729,6.1078e-05
9132,409.996,44.9434,306.436,6.10793e-05
9138,409.986,44.9493,307.44,6.1082e-05
9144,409.965,44.9619,306.149,6.10833e-05
9150,409.955,44.9678,307.151,6.10862e-05
9156,409.933,44.9804,305.861,6.10876e-05
9162,409.923,44.9863,306.862,6.10905e-05
9168,409.9,44.9989,305.573,6.1092e-05
9174,409.889,45.0048,306.573,6.10951e-05
9180,409.866,45.0174,305.285,6.10966e-05
9186,409.854,45.0233,306.284,6.10998e-05
9192,409.83,45.0358,304.998,6.11014e-05
9198,409.818,45.0417,305.995,6.11048e-05
9204,409.792,45.0543,304.71,6.11064e-05
9210,409.78,45.0602,305.706,6.11099e-05
9216,409.754,45.0728,304.422,6.11116e-05
9222,409.741,45.0787,305.417,6.11152e-05
9228,409.713,45.0913,304.134,6.11169e-05
9234,409.7,45.0971,305.128,6.11207e-05
9240,409.672,45.1098,303.846,6.11225e-05
9246,409.659,45.1156,304.839,6.11264e-05
9252,409.629,45.1283,303.559,6.11282e-05
9258,409.616,45.1341,304.551,6.11322e-05
9264,409.586,45.1464,303.322,6.11341e-05
9270,409.571,45.1524,304.238,6.11382e-05
9276,409.544,45.1636,303.246,6.11402e-05
9282,409.528,45.1699,303.922,6.11439e-05
9288,409.502,45.1801,303.133,6.11461e-05
9294,409.486,45.1865,303.644,6.11496e-05
9300,409.46,45.1965,302.91,6.11519e-05
9306,409.443,45.2029,303.382,6.11555e-05
9312,409.417,45.2129,302.665,6.11578e-05
9318,409.4,45.2193,303.125,6.11614e-05
9324,409.372,45.2293,302.413,6.11638e-05
9330,409.355,45.2357,302.87,6.11675e-05
9336,409.327,45.2457,302.159,6.11699e-05
9342,409.309,45.2521,302.615,6.11737e-05
9348,409.281,45.2621,301.905,6.11762e-05
9354,409.263,45.2684,302.36,6.11801e-05
9360,409.234,45.2784,301.65,6.11826e-05
9366,409.215,45.2848,302.106,6.11866e-05
9372,409.186,45.2948,301.396,6.11891e-05
9378,409.167,45.3012,301.852,6.11932e-05
9384,409.136,45.3112,301.142,6.11958e-05
9390,409.117,45.3175,301.598,6.11999e-05
9396,409.086,45.3275,300.888,6.12026e-05
9402,409.067,45.3339,301.345,6.12068e-05
9408,409.035,45.3439,300.634,6.12096e-05
9414,409.015,45.3503,301.091,6.12139e-05
9420,408.983,45.3603,300.38,6.12166e-05
9426,408.963,45.3666,300.838,6.1221e-05
9432,408.93,45.3767,300.127,6.12238e-05
9438,408.909,45.383,300.585,6.12283e-05
9444,408.876,45.393,299.874,6.12312e-05
9450,408.855,45.3994,300.332,6.12358e-05
9456,408.821,45.4094,299.621,6.12387e-05
9462,408.8,45.4158,300.079,6.12433e-05
9468,408.766,45.4258,299.368,6.12463e-05
9474,408.744,45.4321,299.826,6.1251e-05
9480,408.709,45.4422,299.115,6.1254e-05
9486,408.687,45.4485,299.574,6.12588e-05
9492,408.651,45.4586,298.863,6.12619e-05
9498,408.629,45.4649,299.322,6.12668e-05
9504,408.593,45.475,298.611,6.12699e-05
9510,408.57,45.4813,299.07,6.12748e-05
9516,408.533,45.4914,298.359,6.1278e-05
9522,408.51,45.4977,298.818,6.1283e-05
9528,408.473,45.5079,298.107,6.12862e-05
9534,408.449,45.5141,298.566,6.12914e-05
9540,408.412,45.5243,297.855,6.12946e-05
9546,408.388,45.5306,298.315,6.12998e-05
9552,408.349,45.5407,297.604,6.13031e-05
9558,408.325,45.547,298.063,6.13084e-05
9564,408.286,45.5572,297.353,6.13117e-05
9570,408.262,45.5634,297.812,6.13171e-05
9576,408.222,45.5736,297.102,6.13205e-05
9582,408.198,45.5799,297.561,6.1326e-05
9588,408.158,45.5901,296.851,6.13294e-05
9594,408.133,45.5963,297.311,6.13349e-05
9600,408.092,45.6065,296.601,6.13384e-05
9606,408.067,45.6128,297.06,6.1344e-05
9612,408.025,45.623,296.351,6.13475e-05
9618,408,45.6293,296.81,6.13532e-05
9624,407.958,45.6395,296.101,6.13567e-05
9630,407.932,45.6458,296.56,6.13625e-05
9636,407.89,45.656,295.851,6.13661e-05
9642,407.864,45.6623,296.31,6.1372e-05
9648,407.821,45.6725,295.601,6.13756e-05
9654,407.794,45.6788,296.06,6.13815e-05
9660,407.751,45.6891,295.352,6.13852e-05
9666,407.724,45.6953,295.811,6.13912e-05
9672,407.68,45.7056,295.103,6.13949e-05
9678,407.653,45.7118,295.562,6.1401e-05
9684,407.608,45.7221,294.854,6.14048e-05
9690,407.581,45.7284,295.313,6.1411e-05
9696,407.536,45.7387,294.605,6.14147e-05
9702,407.508,45.745,295.064,6.1421e-05
9708,407.463,45.7553,294.357,6.14248e-05
9714,407.435,45.7615,294.815,6.14312e-05
9720,407.389,45.7719,294.109,6.1435e-05
9726,407.36,45.7781,294.567,6.14415e-05
9732,407.314,45.7885,293.861,6.14454e-05
9738,407.285,45.7948,294.319,6.14519e-05
9744,407.238,45.8051,293.613,6.14558e-05
9750,407.209,45.8114,294.071,6.14624e-05
9756,407.161,45.8218,293.366,6.14664e-05
9762,407.132,45.828,293.823,6.1473e-05
9768,407.084,45.8384,293.118,6.1477e-05
9774,407.055,45.8447,293.576,6.14838e-05
9780,407.006,45.8551,292.871,6.14878e-05
9786,406.977,45.8614,293.329,6.14946e-05
9792,406.927,45.8718,292.625,6.14987e-05
9798,406.897,45.878,293.082,6.15056e-05
9804,406.847,45.8885,292.378,6.15097e-05
9810,406.817,45.8948,292.835,6.15167e-05
9816,406.767,45.9052,292.132,6.15209e-05
9822,406.737,45.9115,292.589,6.15279e-05
9828,406.686,45.922,291.886,6.15321e-05
9834,406.655,45.9282,292.342,6.15392e-05
9840,406.604,45.9388,291.64,6.15435e-05
9846,406.573,45.945,292.096,6.15506e-05
9852,406.521,45.9555,291.394,6.15549e-05
9858,406.49,45.9618,291.85,6.15622e-05
9864,406.437,45.9723,291.149,6.15665e-05
9870,406.406,45.9786,291.605,6.15738e-05
9876,406.353,45.9892,290.904,6.15782e-05
9882,406.322,45.9954,291.359,6.15856e-05
9888,406.268,46.006,290.659,6.159e-05
9894,406.236,46.0123,291.114,6.15974e-05
9900,406.182,46.0229,290.414,6.16019e-05
9906,406.15,46.0292,290.869,6.16094e-05
9912,406.096,46.0398,290.17,6.16139e-05
9918,406.063,46.0461,290.625,6.16215e-05
9924,406.008,46.0567,289.926,6.1626e-05
9930,405.976,46.063,290.38,6.16337e-05
9936,405.92,46.0736,289.682,6.16383e-05
9942,405.888,46.0799,290.136,6.1646e-05
9948,405.832,46.0906,289.438,6.16506e-05
9954,405.799,46.0969,289.892,6.16584e-05
9960,405.742,46.1076,289.195,6.1663e-05
9966,405.709,46.1139,289.648,6.1671e-05
9972,405.652,46.1246,288.952,6.16756e-05
9978,405.619,46.1309,289.405,6.16836e-05
9984,405.561,46.1416,288.709,6.16883e-05
9990,405.528,46.1479,289.162,6.16963e-05
9996,405.47,46.1587,288.466,6.1701e-05
10002,405.436,46.165,288.919,6.17091e-05
10008,405.377,46.1757,288.224,6.17139e-05
10014,405.343,46.182,288.676,6.17221e-05
10020,405.284,46.1929,287.982,6.17269e-05
10026,405.25,46.1991,288.433,6.17351e-05
10032,405.191,46.21,287.74,6.174e-05
10038,405.156,46.2163,288.191,6.17483e-05
10044,405.096,46.2271,287.498,6.17531e-05
10050,405.061,46.2334,287.949,6.17615e-05
10056,405.001,46.2443,287.257,6.17664e-05
10062,404.966,46.2506,287.707,6.17749e-05
10068,404.905,46.2615,287.016,6.17798e-05
10074,404.87,46.2678,287.466,6.17884e-05
10080,404.809,46.2788,286.775,6.17933e-05
10086,404.774,46.2851,287.224,6.18019e-05
10092,404.712,46.296,286.534,6.18069e-05
10098,404.676,46.3023,286.983,6.18156e-05
10104,404.614,46.3133,286.294,6.18206e-05
10110,404.578,46.3196,286.742,6.18293e-05
10116,404.516,46.3306,286.053,6.18344e-05
10122,404.48,46.337,286.502,6.18432e-05
10128,404.417,46.348,285.813,6.18483e-05
10134,404.38,46.3543,286.261,6.18572e-05
10140,404.317,46.3654,285.574,6.18623e-05
10146,404.28,46.3717,286.021,6.18712e-05
10152,404.217,46.3828,285.334,6.18764e-05
10158,404.18,46.3891,285.781,6.18854e-05
10164,404.115,46.4002,285.095,6.18906e-05
10170,404.079,46.4065,285.542,6.18997e-05
10176,404.014,46.4177,284.856,6.19049e-05
10182,403.977,46.424,285.302,6.1914e-05
10188,403.911,46.4352,284.617,6.19193e-05
10194,403.874,46.4415,285.063,6.19285e-05
10200,403.809,46.4527,284.379,6.19337e-05
10206,403.771,46.4591,284.824,6.1943e-05
10212,403.705,46.4703,284.141,6.19483e-05
10218,403.667,46.4766,284.586,6.19577e-05
10224,403.601,46.4878,283.903,6.1963e-05
10230,403.563,46.4942,284.347,6.19724e-05
10236,403.496,46.5055,283.665,6.19778e-05
10242,403.458,46.5118,284.109,6.19873e-05
10248,403.391,46.5231,283.428,6.19927e-05
10254,403.352,46.5295,283.871,6.20022e-05
10260,403.284,46.5408,283.19,6.20076e-05
10266,403.246,46.5472,283.633,6.20172e-05
10272,403.178,46.5585,282.953,6.20227e-05
10278,403.139,46.5649,283.396,6.20324e-05
10284,403.071,46.5763,282.717,6.20379e-05
10290,403.032,46.5827,283.159,6.20476e-05
10296,402.963,46.594,282.48,6.20531e-05
10302,402.924,46.6005,282.922,6.20629e-05
10308,402.854,46.6119,282.244,6.20685e-05
10314,402.815,46.6183,282.685,6.20783e-05
10320,402.745,46.6297,282.008,6.20839e-05
10326,402.706,46.6361,282.449,6.20938e-05
10332,402.636,46.6476,281.772,6.20994e-05
10338,402.596,46.654,282.212,6.21094e-05
10344,402.525,46.6655,281.537,6.2115e-05
10350,402.486,46.6719,281.976,6.21251e-05
10356,402.415,46.6835,281.302,6.21308e-05
10362,402.375,46.6899,281.741,6.21409e-05
10368,402.303,46.7014,281.067,6.21466e-05
10374,402.263,46.7079,281.505,6.21568e-05
10380,402.191,46.7195,280.832,6.21625e-05
10386,402.151,46.7259,281.27,6.21727e-05
10392,402.079,46.7375,280.597,6.21785e-05
10398,402.038,46.744,281.035,6.21888e-05
10404,401.966,46.7556,280.363,6.21945e-05
10410,401.925,46.7621,280.8,6.22049e-05
10416,401.852,46.7737,280.129,6.22107e-05
10422,401.811,46.7802,280.566,6.22211e-05
10428,401.738,46.7919,279.895,6.2227e-05
10434,401.697,46.7984,280.331,6.22375e-05
10440,401.623,46.8101,279.662,6.22433e-05
10446,401.582,46.8166,280.097,6.22539e-05
10452,401.508,46.8284,279.428,6.22597e-05
10458,401.467,46.8349,279.863,6.22704e-05
10464,401.392,46.8466,279.195,6.22763e-05
10470,401.351,46.8531,279.63,6.2287e-05
10476,401.276,46.8649,278.962,6.22929e-05
10482,401.234,46.8715,279.396,6.23036e-05
10488,401.159,46.8833,278.73,6.23096e-05
10494,401.117,46.8898,279.163,6.23204e-05
10500,401.041,46.9017,278.498,6.23264e-05
10506,400.999,46.9082,278.931,6.23372e-05
10512,400.923,46.9201,278.265,6.23432e-05
10518,400.881,46.9266,278.698,6.23542e-05
10524,400.805,46.9386,278.034,6.23602e-05
10530,400.763,46.9451,278.466,6.23712e-05
10536,400.686,46.9571,277.802,6.23772e-05
10542,400.643,46.9636,278.233,6.23883e-05
10548,400.566,46.9756,277.571,6.23944e-05
10554,400.524,46.9822,278.002,6.24055e-05
10560,400.446,46.9942,277.34,6.24116e-05
10566,400.404,47.0008,277.77,6.24228e-05
10572,400.326,47.0128,277.109,6.24289e-05
10578,400.283,47.0194,277.538,6.24401e-05
10584,400.205,47.0315,276.878,6.24463e-05
10590,400.162,47.0381,277.307,6.24576e-05
10596,400.083,47.0502,276.648,6.24637e-05
10602,400.04,47.0568,277.076,6.24751e-05
10608,399.961,47.0689,276.417,6.24813e-05
10614,399.918,47.0755,276.846,6.24927e-05
10620,399.838,47.0877,276.188,6.24989e-05
10626,399.795,47.0943,276.615,6.25104e-05
10632,399.715,47.1065,275.958,6.25166e-05
10638,399.672,47.1131,276.385,6.25282e-05
10644,399.592,47.1254,275.728,6.25344e-05
10650,399.548,47.132,276.155,6.2546e-05
10656,399.468,47.1443,275.499,6.25523e-05
10662,399.424,47.1509,275.925,6.25639e-05
10668,399.343,47.1632,275.27,6.25703e-05
10674,399.299,47.1699,275.696,6.2582e-05
10680,399.218,47.1822,275.042,6.25883e-05
10686,399.174,47.1889,275.466,6.26001e-05
10692,399.093,47.2012,274.813,6.26064e-05
10698,399.049,47.2079,275.237,6.26182e-05
10704,398.967,47.2203,274.585,6.26246e-05
10710,398.923,47.227,275.009,6.26365e-05
10716,398.84,47.2394,274.357,6.26429e-05
10722,398.796,47.2461,274.78,6.26548e-05
10728,398.714,47.2585,274.129,6.26613e-05
10734,398.669,47.2652,274.552,6.26733e-05
10740,398.586,47.2777,273.901,6.26797e-05
10746,398.542,47.2844,274.324,6.26918e-05
10752,398.459,47.297,273.674,6.26983e-05
10758,398.414,47.3037,274.096,6.27103e-05
10764,398.33,47.3162,273.447,6.27169e-05
10770,398.286,47.323,273.868,6.2729e-05
10776,398.202,47.3356,273.22,6.27355e-05
10782,398.157,47.3423,273.641,6.27477e-05
10788,398.073,47.3549,272.993,6.27543e-05
10794,398.027,47.3617,273.413,6.27666e-05
10800,397.943,47.3743,272.767,6.27731e-05
10806,397.898,47.3811,273.186,6.27854e-05
10812,397.813,47.3938,272.541,6.2792e-05
10818,397.768,47.4005,272.96,6.28044e-05
10824,397.683,47.4133,272.315,6.2811e-05
10830,397.637,47.42,272.733,6.28235e-05
10836,397.552,47.4328,272.089,6.28301e-05
10842,397.506,47.4396,272.507,6.28426e-05
10848,397.42,47.4524,271.864,6.28492e-05
10854,397.375,47.4592,272.281,6.28618e-05
10860,397.289,47.472,271.639,6.28685e-05
10866,397.243,47.4788,272.055,6.28811e-05
10872,397.157,47.4917,271.414,6.28878e-05
10878,397.111,47.4985,271.83,6.29004e-05
10884,397.024,47.5114,271.189,6.29071e-05
10890,396.978,47.5182,271.604,6.29198e-05
10896,396.891,47.5311,270.964,6.29266e-05
10902,396.845,47.538,271.379,6.29393e-05
10908,396.758,47.5509,270.74,6.29461e-05
10914,396.711,47.5578,271.154,6.29589e-05
10920,396.624,47.5708,270.516,6.29657e-05
10926,396.577,47.5777,270.93,6.29785e-05
10932,396.49,47.5907,270.292,6.29854e-05
10938,396.443,47.5976,270.705,6.29983e-05
10944,396.355,47.6106,270.068,6.30051e-05
10950,396.308,47.6175,270.481,6.30181e-05
10956,396.22,47.6306,269.845,6.30249e-05
10962,396.173,47.6375,270.257,6.30379e-05
10968,396.084,47.6506,269.622,6.30448e-05
10974,396.038,47.6575,270.033,6.30579e-05
10980,395.949,47.6707,269.399,6.30648e-05
10986,395.902,47.6776,269.81,6.30779e-05
10992,395.812,47.6908,269.176,6.30848e-05
10998,395.766,47.6977,269.586,6.3098e-05
11004,395.676,47.711,268.953,6.31049e-05
11010,395.629,47.7179,269.363,6.31181e-05
11016,395.539,47.7312,268.731,6.31251e-05
11022,395.492,47.7381,269.14,6.31384e-05
11028,395.402,47.7514,268.509,6.31453e-05
11034,395.354,47.7584,268.918,6.31587e-05
11040,395.264,47.7717,268.287,6.31656e-05
11046,395.216,47.7787,268.695,6.3179e-05
11052,395.126,47.7921,268.066,6.3186e-05
11058,395.078,47.7991,268.473,6.31995e-05
11064,394.987,47.8125,267.844,6.32065e-05
11070,394.94,47.8195,268.251,6.322e-05
11076,394.848,47.8329,267.623,6.3227e-05
11082,394.801,47.8399,268.03,6.32406e-05
11088,394.709,47.8534,267.402,6.32476e-05
11094,394.661,47.8604,267.808,6.32612e-05
11100,394.57,47.8739,267.181,6.32683e-05
11106,394.522,47.881,267.587,6.32819e-05
11112,394.43,47.8945,266.961,6.3289e-05
11118,394.382,47.9016,267.366,6.33027e-05
11124,394.289,47.9151,266.74,6.33099e-05
11130,394.241,47.9222,267.145,6.33236e-05
11136,394.149,47.9358,266.52,6.33307e-05
11142,394.101,47.9429,266.924,6.33445e-05
11148,394.008,47.9565,266.3,6.33517e-05
11154,393.959,47.9636,266.704,6.33655e-05
11160,393.866,47.9773,266.081,6.33727e-05
11166,393.818,47.9844,266.483,6.33866e-05
11172,393.725,47.9981,265.861,6.33938e-05
11178,393.676,48.0052,266.263,6.34077e-05
11184,393.583,48.019,265.642,6.34149e-05
11190,393.534,48.0261,266.044,6.34289e-05
11196,393.44,48.0399,265.423,6.34361e-05
11202,393.392,48.047,265.824,6.34502e-05
11208,393.297,48.0609,265.204,6.34574e-05
11214,393.249,48.068,265.605,6.34715e-05
11220,393.154,48.0819,264.986,6.34788e-05
11226,393.106,48.089,265.386,6.34929e-05
11232,393.011,48.1029,264.767,6.35002e-05
11238,392.962,48.1101,265.167,6.35144e-05
11244,392.867,48.124,264.549,6.35217e-05
11250,392.818,48.1312,264.948,6.35359e-05
11256,392.723,48.1452,264.331,6.35432e-05
11262,392.674,48.1524,264.73,6.35575e-05
11268,392.579,48.1664,264.113,6.35649e-05
11274,392.53,48.1736,264.511,6.35792e-05
11280,392.434,48.1876,263.896,6.35865e-05
11286,392.385,48.1948,264.293,6.36009e-05
11292,392.289,48.2089,263.679,6.36083e-05
11298,392.24,48.2161,264.075,6.36227e-05
11304,392.144,48.2303,263.461,6.36301e-05
11310,392.095,48.2375,263.858,6.36446e-05
11316,391.998,48.2517,263.245,6.3652e-05
11322,391.949,48.2589,263.64,6.36665e-05
11328,391.852,48.2731,263.028,6.36739e-05
11334,391.803,48.2804,263.423,6.36885e-05
11340,391.706,48.2946,262.811,6.36959e-05
11346,391.656,48.3019,263.206,6.37105e-05
11352,391.559,48.3161,262.595,6.3718e-05
11358,391.51,48.3234,262.989,6.37326e-05
11364,391.412,48.3377,262.379,6.37401e-05
11370,391.363,48.345,262.773,6.37548e-05
11376,391.265,48.3594,262.163,6.37623e-05
11382,391.216,48.3667,262.556,6.37771e-05
11388,391.118,48.3811,261.948,6.37846e-05
11394,391.068,48.3884,262.34,6.37994e-05
11400,390.97,48.4028,261.732,6.38069e-05
11406,390.92,48.4101,262.124,6.38217e-05
11412,390.822,48.4246,261.517,6.38293e-05
11418,390.772,48.4319,261.908,6.38442e-05
11424,390.674,48.4464,261.302,6.38517e-05
11430,390.624,48.4538,261.693,6.38667e-05
11436,390.525,48.4683,261.087,6.38742e-05
11442,390.475,48.4756,261.478,6.38892e-05
11448,390.376,48.4902,260.873,6.38968e-05
11454,390.326,48.4976,261.262,6.39118e-05
11460,390.227,48.5122,260.658,6.39194e-05
11466,390.177,48.5196,261.048,6.39345e-05
11472,390.077,48.5342,260.444,6.39421e-05
11478,390.027,48.5416,260.833,6.39572e-05
11484,389.927,48.5563,260.23,6.39649e-05
11490,389.877,48.5637,260.618,6.398e-05
11496,389.777,48.5784,260.016,6.39877e-05
11502,389.727,48.5859,260.404,6.40029e-05
11508,389.627,48.6006,259.802,6.40106e-05
11514,389.577,48.6081,260.19,6.40258e-05
11520,389.477,48.6229,259.589,6.40335e-05
11526,389.426,48.6303,259.976,6.40488e-05
11532,389.326,48.6451,259.376,6.40565e-05
11538,389.275,48.6526,259.762,6.40718e-05
11544,389.175,48.6675,259.163,6.40795e-05
11550,389.124,48.6749,259.549,6.40949e-05
11556,389.023,48.6898,258.95,6.41027e-05
11562,388.973,48.6973,259.335,6.41181e-05
11568,388.871,48.7123,258.737,6.41258e-05
11574,388.821,48.7197,259.122,6.41413e-05
11580,388.72,48.7347,258.525,6.41491e-05
11586,388.669,48.7422,258.909,6.41646e-05
11592,388.567,48.7573,258.313,6.41723e-05
11598,388.517,48.7648,258.697,6.41879e-05
11604,388.415,48.7798,258.101,6.41957e-05
11610,388.364,48.7874,258.484,6.42113e-05
11616,388.262,48.8025,257.889,6.42191e-05
11622,388.212,48.81,258.272,6.42348e-05
11628,388.111,48.8249,257.693,6.42426e-05
11634,388.059,48.8326,258.051,6.4258e-05
11640,387.967,48.8463,257.569,6.4266e-05
11646,387.913,48.8542,257.837,6.42802e-05
11652,387.825,48.8674,257.407,6.42884e-05
11658,387.771,48.8754,257.633,6.43021e-05
11664,387.683,48.8884,257.226,6.43104e-05
11670,387.629,48.8965,257.435,6.43239e-05
11676,387.542,48.9094,257.039,6.43323e-05
11682,387.487,48.9175,257.239,6.43456e-05
11688,387.401,48.9304,256.85,6.43541e-05
11694,387.346,48.9385,257.044,6.43674e-05
11700,387.26,48.9513,256.66,6.43759e-05
11706,387.205,48.9596,256.85,6.43892e-05
11712,387.119,48.9724,256.47,6.43977e-05
11718,387.063,48.9806,256.657,6.4411e-05
11724,386.978,48.9934,256.279,6.44196e-05
11730,386.922,49.0017,256.464,6.44329e-05
11736,386.836,49.0145,256.089,6.44414e-05
11742,386.781,49.0228,256.271,6.44547e-05
11748,386.695,49.0355,255.9,6.44633e-05
11754,386.639,49.0439,256.079,6.44766e-05
11760,386.554,49.0567,255.71,6.44853e-05
11766,386.498,49.065,255.887,6.44985e-05
11772,386.412,49.0778,255.521,6.45072e-05
11778,386.356,49.0861,255.696,6.45205e-05
11784,386.271,49.0989,255.332,6.45292e-05
11790,386.215,49.1073,255.504,6.45425e-05
11796,386.129,49.1201,255.143,6.45512e-05
11802,386.073,49.1285,255.314,6.45645e-05
11808,385.987,49.1413,254.955,6.45732e-05
11814,385.931,49.1497,255.123,6.45865e-05
11820,385.846,49.1625,254.767,6.45953e-05
11826,385.789,49.171,254.933,6.46086e-05
11832,385.704,49.1838,254.579,6.46173e-05
11838,385.647,49.1922,254.743,6.46306e-05
11844,385.562,49.205,254.392,6.46395e-05
11850,385.506,49.2135,254.553,6.46527e-05
11856,385.42,49.2263,254.205,6.46616e-05
11862,385.364,49.2349,254.364,6.46749e-05
11868,385.278,49.2476,254.018,6.46837e-05
11874,385.221,49.2562,254.175,6.4697e-05
11880,385.136,49.269,253.831,6.47059e-05
11886,385.079,49.2776,253.986,6.47192e-05
11892,384.994,49.2904,253.645,6.47281e-05
11898,384.937,49.2989,253.798,6.47414e-05
11904,384.852,49.3117,253.459,6.47504e-05
11910,384.795,49.3204,253.61,6.47637e-05
11916,384.71,49.3332,253.273,6.47726e-05
11922,384.653,49.3418,253.422,6.4786e-05
11928,384.568,49.3546,253.087,6.47949e-05
11934,384.51,49.3633,253.235,6.48082e-05
11940,384.426,49.3761,252.902,6.48173e-05
11946,384.368,49.3848,253.047,6.48306e-05
11952,384.283,49.3976,252.717,6.48396e-05
11958,384.226,49.4063,252.86,6.48529e-05
11964,384.141,49.4191,252.532,6.4862e-05
11970,384.083,49.4278,252.674,6.48753e-05
11976,383.998,49.4406,252.348,6.48844e-05
11982,383.94,49.4494,252.488,6.48977e-05
11988,383.856,49.4622,252.164,6.49068e-05
11994,383.798,49.471,252.302,6.49201e-05
12000,383.713,49.4838,251.98,6.49292e-05
12006,383.655,49.4926,252.116,6.49426e-05
12012,383.571,49.5054,251.796,6.49517e-05
12018,383.512,49.5142,251.93,6.49651e-05
12024,383.428,49.527,251.612,6.49742e-05
12030,383.37,49.5359,251.745,6.49876e-05
12036,383.285,49.5487,251.429,6.49967e-05
12042,383.227,49.5576,251.56,6.50101e-05
12048,383.142,49.5704,251.246,6.50193e-05
12054,383.084,49.5793,251.376,6.50327e-05
12060,383,49.5921,251.063,6.50419e-05
12066,382.941,49.601,251.191,6.50552e-05
12072,382.857,49.6139,250.881,6.50645e-05
12078,382.798,49.6228,251.007,6.50779e-05
12084,382.714,49.6357,250.699,6.50871e-05
12090,382.655,49.6446,250.823,6.51005e-05
12096,382.571,49.6575,250.517,6.51098e-05
12102,382.512,49.6664,250.64,6.51232e-05
12108,382.428,49.6793,250.335,6.51325e-05
12114,382.369,49.6883,250.457,6.51458e-05
12120,382.284,49.7011,250.153,6.51552e-05
12126,382.226,49.7101,250.273,6.51686e-05
12132,382.141,49.723,249.972,6.51779e-05
12138,382.082,49.732,250.091,6.51913e-05
12144,381.998,49.7449,249.791,6.52007e-05
12150,381.939,49.754,249.908,6.52141e-05
12156,381.855,49.7669,249.61,6.52235e-05
12162,381.796,49.7759,249.726,6.52369e-05
12168,381.712,49.7888,249.429,6.52463e-05
12174,381.652,49.7979,249.544,6.52597e-05
12180,381.568,49.8108,249.249,6.52691e-05
12186,381.509,49.8199,249.362,6.52825e-05
12192,381.425,49.8328,249.069,6.5292e-05
12198,381.365,49.842,249.181,6.53054e-05
12204,381.281,49.8549,248.889,6.53149e-05
12210,381.222,49.864,248.999,6.53283e-05
12216,381.138,49.8769,248.709,6.53378e-05
12222,381.078,49.8861,248.818,6.53512e-05
12228,380.994,49.899,248.529,6.53608e-05
12234,380.935,49.9082,248.637,6.53742e-05
12240,380.851,49.9212,248.35,6.53837e-05
12246,380.791,49.9304,248.457,6.53972e-05
12252,380.707,49.9433,248.171,6.54067e-05
12258,380.647,49.9525,248.277,6.54202e-05
12264,380.563,49.9655,247.992,6.54298e-05
12270,380.503,49.9747,248.097,6.54432e-05
12276,380.419,49.9877,247.813,6.54528e-05
12282,380.36,49.997,247.917,6.54663e-05
12288,380.276,50.0099,247.635,6.54759e-05
12294,380.216,50.0192,247.737,6.54893e-05
12300,380.132,50.0322,247.457,6.5499e-05
12306,380.072,50.0415,247.558,6.55125e-05
12312,379.988,50.0545,247.279,6.55221e-05
12318,379.928,50.0638,247.379,6.55356e-05
12324,379.844,50.0768,247.101,6.55453e-05
12330,379.784,50.0861,247.2,6.55587e-05
12336,379.7,50.0992,246.923,6.55684e-05
12342,379.64,50.1085,247.021,6.55819e-05
12348,379.556,50.1215,246.746,6.55916e-05
12354,379.496,50.1309,246.843,6.56051e-05
12360,379.412,50.1439,246.569,6.56149e-05
12366,379.352,50.1533,246.664,6.56284e-05
12372,379.268,50.1663,246.392,6.56381e-05
12378,379.208,50.1758,246.486,6.56516e-05
12384,379.124,50.1888,246.215,6.56614e-05
12390,379.063,50.1982,246.309,6.56749e-05
12396,378.98,50.2113,246.038,6.56847e-05
12402,378.919,50.2207,246.131,6.56982e-05
12408,378.835,50.2338,245.862,6.5708e-05
12414,378.775,50.2433,245.954,6.57216e-05
12420,378.691,50.2563,245.686,6.57314e-05
12426,378.63,50.2658,245.776,6.57449e-05
12432,378.547,50.2789,245.51,6.57548e-05
12438,378.486,50.2884,245.6,6.57683e-05
12444,378.403,50.3015,245.334,6.57782e-05
12450,378.342,50.311,245.423,6.57917e-05
12456,378.258,50.3241,245.158,6.58016e-05
12462,378.197,50.3337,245.246,6.58152e-05
12468,378.114,50.3468,244.983,6.5825e-05
12474,378.053,50.3563,245.07,6.58386e-05
12480,377.969,50.3694,244.808,6.58485e-05
12486,377.908,50.379,244.894,6.58621e-05
12492,377.825,50.3922,244.633,6.5872e-05
12498,377.764,50.4017,244.718,6.58856e-05
12504,377.68,50.4149,244.458,6.58956e-05
12510,377.619,50.4245,244.543,6.59092e-05
12516,377.536,50.4376,244.283,6.59191e-05
12522,377.475,50.4473,244.367,6.59327e-05
12528,377.391,50.4604,244.109,6.59427e-05
12534,377.33,50.4701,244.192,6.59563e-05
12540,377.247,50.4833,243.935,6.59663e-05
12546,377.185,50.4929,244.017,6.59799e-05
12552,377.102,50.5061,243.761,6.59899e-05
12558,377.041,50.5158,243.842,6.60036e-05
12564,376.957,50.529,243.587,6.60136e-05
12570,376.896,50.5387,243.667,6.60272e-05
12576,376.813,50.5519,243.413,6.60372e-05
12582,376.751,50.5616,243.493,6.60509e-05
12588,376.668,50.5748,243.24,6.60609e-05
12594,376.606,50.5845,243.319,6.60746e-05
12600,376.523,50.5978,243.067,6.60847e-05
12606,376.462,50.6075,243.145,6.60983e-05
12612,376.378,50.6207,242.894,6.61084e-05
12618,376.317,50.6305,242.971,6.61221e-05
12624,376.233,50.6438,242.721,6.61322e-05
12630,376.172,50.6535,242.797,6.61459e-05
12636,376.089,50.6668,242.548,6.6156e-05
12642,376.027,50.6766,242.624,6.61697e-05
12648,375.944,50.6899,242.375,6.61798e-05
12654,375.882,50.6997,242.451,6.61935e-05
12660,375.799,50.713,242.203,6.62037e-05
12666,375.737,50.7228,242.278,6.62174e-05
12672,375.654,50.7361,242.031,6.62275e-05
12678,375.592,50.7459,242.105,6.62412e-05
12684,375.509,50.7592,241.859,6.62514e-05
12690,375.447,50.7691,241.932,6.62651e-05
12696,375.364,50.7824,241.687,6.62753e-05
12702,375.302,50.7923,241.76,6.62891e-05
12708,375.219,50.8056,241.516,6.62993e-05
12714,375.157,50.8155,241.587,6.6313e-05
12720,375.074,50.8289,241.344,6.63232e-05
12726,375.012,50.8388,241.415,6.6337e-05
12732,374.929,50.8521,241.173,6.63472e-05
12738,374.867,50.8621,241.243,6.6361e-05
12744,374.784,50.8754,241.002,6.63712e-05
12750,374.722,50.8854,241.072,6.6385e-05
12756,374.638,50.8987,240.831,6.63953e-05
12762,374.577,50.9087,240.9,6.64091e-05
12768,374.493,50.9221,240.66,6.64193e-05
12774,374.431,50.9321,240.729,6.64331e-05
12780,374.348,50.9454,240.49,6.64434e-05
12786,374.286,50.9554,240.558,6.64572e-05
12792,374.203,50.9688,240.319,6.64675e-05
12798,374.141,50.9789,240.387,6.64813e-05
12804,374.058,50.9923,240.149,6.64917e-05
12810,373.996,51.0023,240.216,6.65055e-05
12816,373.913,51.0157,239.979,6.65158e-05
12822,373.85,51.0258,240.045,6.65296e-05
12828,373.767,51.0392,239.809,6.654e-05
12834,373.705,51.0493,239.875,6.65538e-05
12840,373.622,51.0627,239.639,6.65642e-05
12846,373.56,51.0728,239.705,6.6578e-05
12852,373.477,51.0863,239.47,6.65884e-05
12858,373.415,51.0964,239.535,6.66023e-05
12864,373.331,51.1098,239.301,6.66126e-05
12870,373.269,51.1199,239.365,6.66265e-05
12876,373.186,51.1334,239.131,6.66369e-05
12882,373.124,51.1435,239.195,6.66508e-05
12888,373.041,51.157,238.962,6.66612e-05
12894,372.978,51.1672,239.026,6.66751e-05
12900,372.895,51.1807,238.794,6.66855e-05
12906,372.833,51.1908,238.856,6.66994e-05
12912,372.75,51.2044,238.625,6.67099e-05
12918,372.688,51.2145,238.687,6.67238e-05
12924,372.605,51.2281,238.456,6.67342e-05
12930,372.542,51.2383,238.518,6.67481e-05
12936,372.459,51.2518,238.288,6.67586e-05
12942,372.397,51.262,238.349,6.67725e-05
12948,372.314,51.2756,238.12,6.6783e-05
12954,372.251,51.2858,238.181,6.67969e-05
12960,372.168,51.2993,237.952,6.68074e-05
12966,372.106,51.3096,238.012,6.68214e-05
12972,372.023,51.3232,237.784,6.68319e-05
12978,371.961,51.3334,237.844,6.68458e-05
12984,371.878,51.347,237.616,6.68563e-05
12990,371.815,51.3573,237.676,6.68703e-05
12996,371.732,51.3709,237.449,6.68808e-05
13002,371.67,51.3811,237.508,6.68948e-05
13008,371.587,51.3948,237.282,6.69054e-05
13014,371.524,51.405,237.34,6.69193e-05
13020,371.441,51.4187,237.114,6.69299e-05
13026,371.379,51.429,237.173,6.69439e-05
13032,371.296,51.4426,236.947,6.69544e-05
13038,371.233,51.4529,237.005,6.69684e-05
13044,371.15,51.4666,236.781,6.6979e-05
13050,371.088,51.4769,236.838,6.6993e-05
13056,371.005,51.4906,236.614,6.70036e-05
13062,370.942,51.501,236.671,6.70177e-05
13068,370.859,51.5146,236.447,6.70283e-05
13074,370.796,51.525,236.504,6.70423e-05
13080,370.714,51.5387,236.281,6.70529e-05
13086,370.651,51.5491,236.337,6.70669e-05
13092,370.568,51.5628,236.115,6.70776e-05
13098,370.505,51.5732,236.171,6.70916e-05
13104,370.423,51.5869,235.949,6.71023e-05
13110,370.36,51.5973,236.004,6.71163e-05
13116,370.277,51.611,235.783,6.7127e-05
13122,370.214,51.6214,235.838,6.7141e-05
13128,370.131,51.6352,235.617,6.71517e-05
13134,370.069,51.6456,235.672,6.71658e-05
13140,369.986,51.6594,235.452,6.71765e-05
13146,369.923,51.6698,235.506,6.71906e-05
13152,369.84,51.6836,235.286,6.72013e-05
13158,369.778,51.694,235.34,6.72153e-05
13164,369.695,51.7078,235.121,6.7226e-05
13170,369.632,51.7183,235.174,6.72402e-05
13176,369.549,51.7321,234.956,6.72509e-05
13182,369.486,51.7426,235.009,6.7265e-05
13188,369.404,51.7564,234.791,6.72757e-05
13194,369.341,51.7669,234.844,6.72898e-05
13200,369.258,51.7807,234.626,6.73006e-05
13206,369.195,51.7912,234.679,6.73147e-05
13212,369.112,51.8051,234.461,6.73255e-05
13218,369.05,51.8156,234.514,6.73396e-05
13224,368.967,51.8294,234.297,6.73504e-05
13230,368.904,51.84,234.349,6.73645e-05
13236,368.821,51.8538,234.133,6.73753e-05
13242,368.758,51.8644,234.184,6.73895e-05
13248,368.676,51.8783,233.968,6.74002e-05
13254,368.613,51.8888,234.02,6.74144e-05
13260,368.53,51.9027,233.804,6.74252e-05
13266,368.467,51.9133,233.855,6.74394e-05
13272,368.385,51.9272,233.641,6.74502e-05
13278,368.322,51.9378,233.691,6.74644e-05
13284,368.239,51.9517,233.477,6.74752e-05
13290,368.176,51.9623,233.527,6.74894e-05
13296,368.093,51.9762,233.313,6.75002e-05
13302,368.03,51.9868,233.363,6.75144e-05
13308,367.948,52.0008,233.15,6.75253e-05
13314,367.885,52.0114,233.2,6.75395e-05
13320,367.802,52.0254,232.987,6.75504e-05
13326,367.739,52.036,233.036,6.75646e-05
13332,367.657,52.05,232.824,6.75755e-05
13338,367.594,52.0606,232.873,6.75897e-05
13344,367.511,52.0746,232.661,6.76006e-05
13350,367.448,52.0853,232.709,6.76148e-05
13356,367.366,52.0993,232.498,6.76257e-05
13362,367.303,52.1099,232.546,6.764e-05
13368,367.22,52.1239,232.335,6.76509e-05
13374,367.157,52.1346,232.383,6.76651e-05
13380,367.074,52.1486,232.173,6.7676e-05
13386,367.011,52.1594,232.221,6.76903e-05
13392,366.929,52.1734,232.01,6.77012e-05
13398,366.866,52.1841,232.058,6.77155e-05
13404,366.783,52.1981,231.848,6.77264e-05
13410,366.72,52.2089,231.896,6.77407e-05
13416,366.638,52.2229,231.686,6.77517e-05
13422,366.575,52.2337,231.733,6.7766e-05
13428,366.492,52.2477,231.524,6.77769e-05
13434,366.429,52.2585,231.571,6.77912e-05
13440,366.347,52.2726,231.362,6.78022e-05
13446,366.284,52.2834,231.409,6.78165e-05
13452,366.201,52.2974,231.201,6.78275e-05
13458,366.138,52.3082,231.247,6.78418e-05
13464,366.056,52.3223,231.039,6.78528e-05
13470,365.993,52.3331,231.085,6.78672e-05
13476,365.91,52.3472,230.878,6.78781e-05
13482,365.847,52.3581,230.924,6.78925e-05
13488,365.765,52.3722,230.717,6.79035e-05
13494,365.702,52.383,230.762,6.79179e-05
13500,365.619,52.3971,230.556,6.79289e-05
13506,365.556,52.408,230.601,6.79433e-05
13512,365.474,52.4221,230.395,6.79543e-05
13518,365.411,52.433,230.44,6.79687e-05
13524,365.328,52.4471,230.234,6.79797e-05
13530,365.265,52.458,230.279,6.79941e-05
13536,365.183,52.4722,230.073,6.80051e-05
13542,365.12,52.4831,230.118,6.80195e-05
13548,365.037,52.4972,229.913,6.80306e-05
13554,364.974,52.5081,229.958,6.8045e-05
13560,364.892,52.5223,229.752,6.8056e-05
13566,364.829,52.5332,229.797,6.80705e-05
13572,364.747,52.5474,229.592,6.80815e-05
13578,364.684,52.5583,229.637,6.8096e-05
13584,364.601,52.5726,229.432,6.81071e-05
13590,364.538,52.5835,229.476,6.81215e-05
13596,364.456,52.5977,229.272,6.81326e-05
13602,364.393,52.6087,229.316,6.8147e-05
13608,364.31,52.6229,229.113,6.81581e-05
13614,364.247,52.6339,229.156,6.81726e-05
13620,364.165,52.6481,228.953,6.81837e-05
13626,364.102,52.6591,228.997,6.81982e-05
13632,364.02,52.6734,228.793,6.82093e-05
13638,363.957,52.6843,228.837,6.82238e-05
13644,363.874,52.6986,228.634,6.82349e-05
13650,363.811,52.7096,228.677,6.82494e-05
13656,363.729,52.7239,228.475,6.82605e-05
13662,363.666,52.7349,228.518,6.8275e-05
13668,363.584,52.7492,228.316,6.82862e-05
13674,363.521,52.7602,228.359,6.83007e-05
13680,363.439,52.7746,228.157,6.83118e-05
13686,363.375,52.7856,228.2,6.83264e-05
13692,363.293,52.7999,227.998,6.83375e-05
13698,363.23,52.8109,228.041,6.83521e-05
13704,363.148,52.8253,227.84,6.83632e-05
13710,363.085,52.8363,227.882,6.83778e-05
13716,363.003,52.8507,227.681,6.83889e-05
13722,362.94,52.8617,227.723,6.84035e-05
13728,362.858,52.8761,227.523,6.84147e-05
13734,362.795,52.8872,227.565,6.84293e-05
13740,362.712,52.9016,227.364,6.84404e-05
13746,362.649,52.9126,227.406,6.8455e-05
13752,362.567,52.927,227.206,6.84662e-05
13758,362.504,52.9381,227.248,6.84808e-05
13764,362.422,52.9525,227.048,6.8492e-05
13770,362.359,52.9636,227.09,6.85066e-05
13776,362.277,52.9781,226.891,6.85178e-05
13782,362.214,52.9892,226.932,6.85324e-05
13788,362.132,53.0036,226.733,6.85437e-05
13794,362.069,53.0147,226.774,6.85583e-05
13800,361.987,53.0292,226.575,6.85695e-05
13806,361.924,53.0403,226.616,6.85841e-05
13812,361.842,53.0548,226.418,6.85954e-05
13818,361.779,53.0659,226.459,6.861e-05
13824,361.697,53.0804,226.261,6.86213e-05
13830,361.634,53.0915,226.301,6.86359e-05
13836,361.552,53.106,226.103,6.86472e-05
13842,361.489,53.1172,226.144,6.86618e-05
13848,361.407,53.1317,225.946,6.86731e-05
13854,361.344,53.1428,225.987,6.86878e-05
13860,361.262,53.1574,225.79,6.86991e-05
13866,361.199,53.1685,225.83,6.87137e-05
13872,361.117,53.1831,225.633,6.8725e-05
13878,361.054,53.1943,225.673,6.87397e-05
13884,360.972,53.2088,225.476,6.8751e-05
13890,360.909,53.22,225.516,6.87657e-05
13896,360.827,53.2346,225.32,6.8777e-05
13902,360.764,53.2458,225.36,6.87917e-05
13908,360.682,53.2603,225.163,6.8803e-05
13914,360.619,53.2716,225.203,6.88177e-05
13920,360.537,53.2861,225.007,6.8829e-05
13926,360.474,53.2974,225.047,6.88438e-05
13932,360.392,53.312,224.851,6.88551e-05
13938,360.329,53.3232,224.891,6.88698e-05
13944,360.247,53.3378,224.696,6.88812e-05
13950,360.184,53.3491,224.733,6.88959e-05
13956,360.104,53.3635,224.548,6.89073e-05
13962,360.039,53.375,224.571,6.89218e-05
13968,359.961,53.389,224.407,6.89334e-05
13974,359.895,53.4008,224.406,6.89475e-05
13980,359.819,53.4143,224.27,6.89594e-05
13986,359.751,53.4265,224.239,6.89731e-05
13992,359.678,53.4396,224.134,6.89854e-05
13998,359.608,53.4522,224.072,6.89986e-05
14004,359.538,53.4648,223.998,6.90113e-05
14010,359.465,53.478,223.902,6.9024e-05
14016,359.397,53.4901,223.862,6.90372e-05
14022,359.321,53.5038,223.731,6.90495e-05
14028,359.256,53.5155,223.724,6.90633e-05
14034,359.176,53.5298,223.558,6.90751e-05
14040,359.113,53.5411,223.584,6.90895e-05
14046,359.03,53.5561,223.382,6.91009e-05
14052,358.97,53.567,223.442,6.91159e-05
14058,358.883,53.5827,223.202,6.91269e-05
14064,358.824,53.5933,223.297,6.91427e-05
14070,358.733,53.6097,223.019,6.91534e-05
14076,358.676,53.62,223.148,6.91699e-05
14082,358.581,53.6372,222.831,6.91803e-05
14088,358.525,53.6472,222.996,6.91976e-05
14094,358.425,53.6653,222.638,6.92077e-05
14100,358.371,53.6751,222.84,6.92259e-05
14106,358.266,53.6941,222.441,6.92357e-05
14112,358.214,53.7036,222.679,6.92549e-05
14118,358.103,53.7236,222.238,6.92645e-05
14124,358.052,53.7329,222.513,6.92846e-05
14130,357.936,53.7539,222.03,6.9294e-05
14136,357.886,53.7631,222.342,6.93151e-05
14142,357.764,53.7851,221.816,6.93243e-05
14148,357.715,53.7941,222.165,6.93465e-05
14154,357.588,53.8172,221.596,6.93555e-05
14160,357.54,53.826,221.983,6.93788e-05
14166,357.406,53.8503,221.37,6.93876e-05
14172,357.359,53.859,221.795,6.9412e-05
14178,357.22,53.8844,221.137,6.94207e-05
14184,357.173,53.8929,221.6,6.94463e-05
14190,357.027,53.9195,220.899,6.94549e-05
14196,356.981,53.9279,221.4,6.94816e-05
14202,356.829,53.9557,220.654,6.94901e-05
14208,356.784,53.9641,221.193,6.9518e-05
14214,356.625,53.993,220.403,6.95263e-05
14220,356.58,54.0013,220.98,6.95555e-05
14226,356.415,54.0315,220.146,6.95638e-05
14232,356.371,54.0397,220.761,6.95941e-05
14238,356.202,54.0708,219.896,6.96023e-05
14244,356.157,54.079,220.533,6.96335e-05
14250,355.99,54.1097,219.684,6.96418e-05
14256,355.945,54.1179,220.31,6.96726e-05
14262,355.777,54.1489,219.454,6.96809e-05
14268,355.732,54.1572,220.084,6.9712e-05
14274,355.565,54.1881,219.233,6.97202e-05
14280,355.52,54.1963,219.86,6.97513e-05
14286,355.352,54.2274,219.007,6.97596e-05
14292,355.308,54.2356,219.635,6.97907e-05
14298,355.14,54.2667,218.785,6.9799e-05
14304,355.095,54.275,219.411,6.98302e-05
14310,354.927,54.3061,218.561,6.98384e-05
14316,354.882,54.3144,219.187,6.98697e-05
14322,354.714,54.3456,218.338,6.98779e-05
14328,354.67,54.3538,218.963,6.99092e-05
14334,354.502,54.3851,218.114,6.99175e-05
14340,354.457,54.3934,218.739,6.99488e-05
14346,354.289,54.4247,217.891,6.99571e-05
14352,354.245,54.4329,218.515,6.99885e-05
14358,354.077,54.4643,217.669,6.99968e-05
14364,354.032,54.4726,218.292,7.00282e-05
14370,353.864,54.504,217.446,7.00365e-05
14376,353.82,54.5123,218.069,7.0068e-05
14382,353.651,54.5437,217.224,7.00763e-05
14388,353.607,54.5521,217.846,7.01078e-05
14394,353.439,54.5836,217.002,7.01161e-05
14400,353.394,54.5919,217.623,7.01476e-05
14406,353.226,54.6234,216.78,7.01559e-05
14412,353.182,54.6317,217.4,7.01875e-05
14418,353.014,54.6634,216.558,7.01959e-05
14424,352.969,54.6717,217.178,7.02275e-05
14430,352.801,54.7033,216.336,7.02358e-05
14436,352.757,54.7117,216.955,7.02675e-05
14442,352.589,54.7434,216.115,7.02758e-05
14448,352.544,54.7517,216.733,7.03076e-05
14454,352.376,54.7835,215.894,7.03159e-05
14460,352.332,54.7918,216.511,7.03477e-05
14466,352.164,54.8236,215.672,7.0356e-05
14472,352.119,54.832,216.29,7.03878e-05
14478,351.951,54.8638,215.452,7.03962e-05
14484,351.907,54.8722,216.068,7.0428e-05
14490,351.739,54.9041,215.231,7.04364e-05
14496,351.694,54.9125,215.847,7.04683e-05
14502,351.526,54.9444,215.01,7.04766e-05
14508,351.482,54.9528,215.625,7.05086e-05
14514,351.314,54.9848,214.79,7.05169e-05
14520,351.27,54.9932,215.404,7.05489e-05
14526,351.101,55.0252,214.57,7.05573e-05
14532,351.057,55.0336,215.184,7.05893e-05
14538,350.889,55.0657,214.35,7.05977e-05
14544,350.845,55.0741,214.963,7.06297e-05
14550,350.677,55.1063,214.13,7.06381e-05
14556,350.633,55.1147,214.743,7.06702e-05
14562,350.464,55.1468,213.91,7.06786e-05
14568,350.42,55.1553,214.522,7.07108e-05
14574,350.252,55.1875,213.691,7.07191e-05
14580,350.208,55.1959,214.302,7.07513e-05
14586,350.04,55.2282,213.472,7.07597e-05
14592,349.996,55.2366,214.082,7.0792e-05
14598,349.828,55.269,213.253,7.08004e-05
14604,349.784,55.2774,213.863,7.08326e-05
14610,349.615,55.3098,213.034,7.08411e-05
14616,349.571,55.3182,213.643,7.08734e-05
14622,349.403,55.3506,212.815,7.08818e-05
14628,349.359,55.3591,213.424,7.09141e-05
14634,349.191,55.3916,212.596,7.09226e-05
14640,349.147,55.4,213.204,7.09549e-05
14646,348.979,55.4325,212.378,7.09634e-05
14652,348.935,55.441,212.985,7.09958e-05
14658,348.767,55.4736,212.16,7.10042e-05
14664,348.723,55.482,212.767,7.10367e-05
14670,348.555,55.5146,211.942,7.10452e-05
14676,348.511,55.5231,212.548,7.10777e-05
14682,348.343,55.5558,211.724,7.10861e-05
14688,348.299,55.5643,212.329,7.11187e-05
14694,348.131,55.597,211.506,7.11271e-05
14700,348.087,55.6054,212.111,7.11597e-05
14706,347.919,55.6382,211.289,7.11682e-05
14712,347.875,55.6467,211.893,7.12008e-05
14718,347.707,55.6795,211.071,7.12093e-05
14724,347.663,55.688,211.675,7.1242e-05
14730,347.495,55.7208,210.854,7.12505e-05
14736,347.451,55.7293,211.457,7.12832e-05
14742,347.283,55.7622,210.637,7.12916e-05
14748,347.24,55.7707,211.24,7.13244e-05
14754,347.071,55.8037,210.42,7.13329e-05
14760,347.028,55.8122,211.022,7.13657e-05
14766,346.859,55.8452,210.203,7.13742e-05
14772,346.816,55.8537,210.805,7.1407e-05
14778,346.648,55.8867,209.987,7.14155e-05
14784,346.604,55.8953,210.588,7.14484e-05
14790,346.436,55.9283,209.771,7.14569e-05
14796,346.393,55.9369,210.371,7.14898e-05
14802,346.224,55.97,209.554,7.14983e-05
14808,346.181,55.9785,210.154,7.15313e-05
14814,346.013,56.0117,209.338,7.15398e-05
14820,345.969,56.0202,209.938,7.15728e-05
14826,345.801,56.0534,209.123,7.15813e-05
14832,345.758,56.062,209.722,7.16144e-05
14838,345.59,56.0952,208.907,7.16229e-05
14844,345.546,56.1038,209.505,7.1656e-05
14850,345.378,56.1371,208.691,7.16645e-05
14856,345.335,56.1457,209.289,7.16976e-05
14862,345.167,56.179,208.476,7.17062e-05
14868,345.123,56.1876,209.073,7.17393e-05
14874,344.955,56.221,208.261,7.17479e-05
14880,344.912,56.2296,208.858,7.17811e-05
14886,344.744,56.263,208.046,7.17896e-05
14892,344.701,56.2716,208.642,7.18229e-05
14898,344.533,56.305,207.831,7.18314e-05
14904,344.489,56.3136,208.427,7.18647e-05
14910,344.321,56.3472,207.616,7.18733e-05
14916,344.278,56.3558,208.212,7.19066e-05
14922,344.11,56.3893,207.402,7.19152e-05
14928,344.067,56.3979,207.997,7.19485e-05
14934,343.899,56.4315,207.188,7.19571e-05
14940,343.856,56.4401,207.782,7.19905e-05
14946,343.688,56.4738,206.973,7.19991e-05
14952,343.645,56.4824,207.567,7.20325e-05
14958,343.477,56.5161,206.759,7.20411e-05
14964,343.434,56.5247,207.353,7.20746e-05
14970,343.266,56.5585,206.546,7.20832e-05
14976,343.223,56.5671,207.138,7.21167e-05
14982,343.055,56.6009,206.332,7.21253e-05
14988,343.012,56.6095,206.924,7.21589e-05
14994,342.844,56.6433,206.118,7.21675e-05
15000,342.801,56.652,206.71,7.22011e-05
15006,342.633,56.6858,205.905,7.22097e-05
15012,342.59,56.6945,206.496,7.22434e-05
15018,342.422,56.7284,205.692,7.22519e-05
15024,342.379,56.737,206.283,7.22857e-05
15030,342.211,56.771,205.479,7.22942e-05
15036,342.168,56.7796,206.069,7.2328e-05
15042,342,56.8136,205.266,7.23366e-05
15048,341.958,56.8223,205.856,7.23704e-05
15054,341.79,56.8563,205.053,7.2379e-05
15060,341.747,56.865,205.643,7.24128e-05
15066,341.579,56.8991,204.84,7.24214e-05
15072,341.536,56.9077,205.43,7.24553e-05
15078,341.368,56.9419,204.628,7.24639e-05
15084,341.326,56.9506,205.217,7.24978e-05
15090,341.158,56.9847,204.416,7.25065e-05
15096,341.115,56.9934,205.004,7.25404e-05
15102,340.947,57.0276,204.204,7.2549e-05
15108,340.905,57.0363,204.792,7.2583e-05
15114,340.737,57.0706,203.992,7.25917e-05
15120,340.694,57.0792,204.579,7.26257e-05
15126,340.526,57.1136,203.78,7.26343e-05
15132,340.484,57.1222,204.367,7.26684e-05
15138,340.316,57.1566,203.568,7.2677e-05
15144,340.274,57.1653,204.155,7.27112e-05
15150,340.106,57.1997,203.357,7.27198e-05
15156,340.063,57.2084,203.943,7.2754e-05
15162,339.895,57.2428,203.145,7.27626e-05
15168,339.853,57.2515,203.731,7.27968e-05
15174,339.685,57.286,202.934,7.28055e-05
15180,339.643,57.2947,203.52,7.28397e-05
15186,339.475,57.3292,202.723,7.28484e-05
15192,339.433,57.3379,203.308,7.28827e-05
15198,339.265,57.3725,202.512,7.28913e-05
15204,339.223,57.3812,203.097,7.29256e-05
15210,339.055,57.4158,202.302,7.29343e-05
15216,339.013,57.4245,202.886,7.29687e-05
15222,338.845,57.4592,202.091,7.29773e-05
15228,338.803,57.4679,202.675,7.30118e-05
15234,338.635,57.5026,201.881,7.30204e-05
15240,338.593,57.5113,202.464,7.30549e-05
15246,338.425,57.546,201.67,7.30635e-05
15252,338.383,57.5548,202.253,7.3098e-05
15258,338.215,57.5895,201.46,7.31067e-05
15264,338.173,57.5983,202.043,7.31413e-05
15270,338.006,57.6331,201.25,7.31499e-05
15276,337.964,57.6418,201.833,7.31845e-05
15282,337.796,57.6767,201.041,7.31932e-05
15288,337.754,57.6854,201.622,7.32278e-05
15294,337.586,57.7203,200.831,7.32365e-05
15300,337.544,57.7291,201.412,7.32712e-05
15306,337.377,57.764,200.621,7.32799e-05
15312,337.335,57.7728,201.203,7.33146e-05
15318,337.167,57.8077,200.412,7.33233e-05
15324,337.125,57.8165,200.993,7.3358e-05
15330,336.958,57.8515,200.203,7.33667e-05
15336,336.916,57.8603,200.783,7.34015e-05
15342,336.748,57.8953,199.994,7.34102e-05
15348,336.707,57.9041,200.574,7.3445e-05
15354,336.539,57.9392,199.785,7.34537e-05
15360,336.497,57.948,200.365,7.34886e-05
15366,336.33,57.9831,199.576,7.34973e-05
15372,336.288,57.9919,200.155,7.35322e-05
15378,336.121,58.0271,199.367,7.35409e-05
15384,336.079,58.0358,199.947,7.35759e-05
15390,335.911,58.0711,199.159,7.35846e-05
15396,335.87,58.0798,199.738,7.36196e-05
15402,335.702,58.1151,198.951,7.36283e-05
15408,335.661,58.1239,199.529,7.36634e-05
15414,335.493,58.1592,198.742,7.36721e-05
15420,335.452,58.168,199.321,7.37072e-05
15426,335.284,58.2033,198.534,7.37159e-05
15432,335.243,58.2121,199.112,7.3751e-05
15438,335.075,58.2475,198.326,7.37598e-05
15444,335.034,58.2563,198.904,7.37949e-05
15450,334.866,58.2918,198.119,7.38037e-05
15456,334.825,58.3005,198.696,7.38389e-05
15462,334.658,58.336,197.911,7.38476e-05
15468,334.616,58.3448,198.488,7.38829e-05
15474,334.449,58.3803,197.704,7.38916e-05
15480,334.407,58.3891,198.28,7.39269e-05
15486,334.24,58.4247,197.496,7.39357e-05
15492,334.199,58.4335,198.073,7.3971e-05
15498,334.032,58.4691,197.289,7.39797e-05
15504,333.99,58.4779,197.865,7.40151e-05
15510,333.823,58.5135,197.082,7.40239e-05
15516,333.782,58.5223,197.658,7.40593e-05
15522,333.615,58.558,196.875,7.40681e-05
15528,333.573,58.5668,197.451,7.41035e-05
15534,333.406,58.6025,196.669,7.41123e-05
15540,333.365,58.6114,197.244,7.41478e-05
15546,333.198,58.6471,196.462,7.41565e-05
15552,333.157,58.6559,197.037,7.41921e-05
15558,332.989,58.6917,196.255,7.42009e-05
15564,332.948,58.7005,196.83,7.42365e-05
15570,332.781,58.7364,196.049,7.42452e-05
15576,332.74,58.7452,196.623,7.42809e-05
15582,332.573,58.7811,195.843,7.42896e-05
15588,332.532,58.7899,196.417,7.43253e-05
15594,332.365,58.8258,195.637,7.43341e-05
15600,332.324,58.8346,196.211,7.43698e-05
15606,332.157,58.8706,195.431,7.43786e-05
15612,332.116,58.8794,196.004,7.44143e-05
15618,331.949,58.9154,195.225,7.44231e-05
15624,331.908,58.9243,195.798,7.44589e-05
15630,331.741,58.9603,195.02,7.44677e-05
15636,331.7,58.9691,195.592,7.45036e-05
15642,331.533,59.0052,194.814,7.45123e-05
15648,331.492,59.0141,195.387,7.45482e-05
15654,331.325,59.0502,194.609,7.4557e-05
15660,331.285,59.059,195.181,7.4593e-05
15666,331.118,59.0952,194.404,7.46017e-05
15672,331.077,59.104,194.976,7.46377e-05
15678,330.91,59.1402,194.199,7.46465e-05
15684,330.869,59.149,194.77,7.46825e-05
15690,330.702,59.1853,193.994,7.46913e-05
15696,330.662,59.1941,194.565,7.47274e-05
15702,330.495,59.2304,193.789,7.47362e-05
15708,330.454,59.2392,194.36,7.47723e-05
15714,330.287,59.2756,193.584,7.47811e-05
15720,330.247,59.2844,194.155,7.48173e-05
15726,330.08,59.3208,193.38,7.48261e-05
15732,330.039,59.3296,193.95,7.48623e-05
15738,329.873,59.366,193.175,7.48711e-05
15744,329.832,59.3749,193.746,7.49073e-05
15750,329.666,59.4113,192.971,7.49161e-05
15756,329.625,59.4201,193.541,7.49524e-05
15762,329.458,59.4566,192.767,7.49612e-05
15768,329.418,59.4655,193.337,7.49975e-05
15774,329.251,59.502,192.563,7.50064e-05
15780,329.211,59.5108,193.133,7.50427e-05
15786,329.044,59.5474,192.359,7.50515e-05
15792,329.004,59.5562,192.929,7.50879e-05
15798,328.837,59.5928,192.155,7.50968e-05
15804,328.797,59.6017,192.725,7.51332e-05
15810,328.63,59.6383,191.952,7.51421e-05
15816,328.59,59.6472,192.521,7.51785e-05
15822,328.423,59.6838,191.748,7.51874e-05
15828,328.383,59.6927,192.317,7.52239e-05
15834,328.217,59.7294,191.545,7.52327e-05
15840,328.176,59.7383,192.114,7.52693e-05
15846,328.01,59.775,191.342,7.52782e-05
15852,327.97,59.7839,191.911,7.53148e-05
15858,327.803,59.8206,191.139,7.53236e-05
15864,327.763,59.8295,191.707,7.53603e-05
15870,327.597,59.8663,190.936,7.53691e-05
15876,327.557,59.8752,191.504,7.54058e-05
15882,327.39,59.9121,190.733,7.54147e-05
15888,327.35,59.9209,191.301,7.54514e-05
15894,327.184,59.9578,190.531,7.54603e-05
15900,327.144,59.9667,191.098,7.54971e-05
15906,326.977,60.0036,190.328,7.55059e-05
15912,326.937,60.0125,190.896,7.55428e-05
15918,326.771,60.0495,190.126,7.55516e-05
15924,326.731,60.0584,190.693,7.55885e-05
15930,326.565,60.0953,189.924,7.55974e-05
15936,326.525,60.1042,190.491,7.56343e-05
15942,326.359,60.1413,189.721,7.56432e-05
15948,326.319,60.1502,190.288,7.56801e-05
15954,326.153,60.1872,189.52,7.5689e-05
15960,326.113,60.1961,190.086,7.5726e-05
15966,325.947,60.2332,189.318,7.57349e-05
15972,325.907,60.2421,189.884,7.57719e-05
15978,325.741,60.2793,189.116,7.57808e-05
15984,325.701,60.2882,189.682,7.58179e-05
15990,325.535,60.3253,188.914,7.58268e-05
15996,325.495,60.3342,189.481,7.58639e-05
16002,325.329,60.3715,188.713,7.58728e-05
16008,325.289,60.3803,189.279,7.591e-05
16014,325.123,60.4176,188.512,7.59189e-05
16020,325.084,60.4265,189.077,7.59561e-05
16026,324.918,60.4638,188.31,7.5965e-05
16032,324.878,60.4727,188.876,7.60022e-05
16038,324.712,60.51,188.109,7.60111e-05
16044,324.673,60.5189,188.675,7.60484e-05
16050,324.507,60.5563,187.908,7.60573e-05
16056,324.467,60.5652,188.474,7.60947e-05
16062,324.301,60.6026,187.708,7.61036e-05
16068,324.262,60.6115,188.273,7.6141e-05
16074,324.096,60.6489,187.507,7.61499e-05
16080,324.056,60.6578,188.072,7.61873e-05
16086,323.891,60.6953,187.306,7.61962e-05
16092,323.851,60.7042,187.871,7.62337e-05
16098,323.685,60.7417,187.106,7.62426e-05
16104,323.646,60.7506,187.671,7.62802e-05
16110,323.48,60.7882,186.906,7.62891e-05
16116,323.441,60.7971,187.47,7.63266e-05
16122,323.275,60.8347,186.705,7.63355e-05
16128,323.236,60.8436,187.27,7.63732e-05
16134,323.07,60.8812,186.505,7.63821e-05
16140,323.031,60.8901,187.07,7.64197e-05
16146,322.865,60.9278,186.306,7.64287e-05
16152,322.826,60.9367,186.869,7.64664e-05
16158,322.66,60.9744,186.106,7.64753e-05
16164,322.621,60.9833,186.67,7.6513e-05
16170,322.456,61.021,185.906,7.6522e-05
16176,322.416,61.0299,186.47,7.65598e-05
16182,322.251,61.0677,185.707,7.65687e-05
16188,322.212,61.0766,186.27,7.66065e-05
16194,322.046,61.1144,185.507,7.66154e-05
16200,322.007,61.1233,186.07,7.66533e-05
16206,321.842,61.1611,185.308,7.66623e-05
16212,321.803,61.17,185.871,7.67002e-05
16218,321.637,61.2079,185.109,7.67091e-05
16224,321.598,61.2168,185.672,7.67471e-05
16230,321.433,61.2547,184.91,7.6756e-05
16236,321.394,61.2637,185.473,7.6794e-05
16242,321.228,61.3016,184.711,7.6803e-05
16248,321.19,61.3105,185.274,7.6841e-05
16254,321.024,61.3485,184.512,7.685e-05
16260,320.985,61.3574,185.075,7.68881e-05
16266,320.82,61.3954,184.313,7.6897e-05
16272,320.781,61.4043,184.876,7.69352e-05
16278,320.616,61.4424,184.115,7.69441e-05
16284,320.577,61.4513,184.677,7.69823e-05
16290,320.412,61.4894,183.916,7.69913e-05
16296,320.373,61.4983,184.479,7.70295e-05
16302,320.208,61.5364,183.718,7.70385e-05
16308,320.169,61.5453,184.28,7.70767e-05
16314,320.004,61.5835,183.52,7.70857e-05
16320,319.965,61.5924,184.082,7.7124e-05
16326,319.8,61.6306,183.322,7.7133e-05
16332,319.761,61.6395,183.884,7.71714e-05
16338,319.596,61.6777,183.124,7.71803e-05
16344,319.558,61.6866,183.686,7.72187e-05
16350,319.393,61.7249,182.926,7.72277e-05
16356,319.354,61.7338,183.488,7.72662e-05
16362,319.189,61.7721,182.728,7.72751e-05
16368,319.151,61.781,183.29,7.73136e-05
16374,318.985,61.8194,182.531,7.73226e-05
16380,318.947,61.8283,183.092,7.73612e-05
16386,318.782,61.8666,182.333,7.73701e-05
16392,318.744,61.8756,182.895,7.74087e-05
16398,318.579,61.914,182.136,7.74177e-05
16404,318.54,61.9229,182.697,7.74563e-05
16410,318.375,61.9613,181.939,7.74653e-05
16416,318.337,61.9702,182.5,7.7504e-05
16422,318.172,62.0087,181.742,7.7513e-05
16428,318.134,62.0176,182.303,7.75517e-05
16434,317.969,62.0561,181.545,7.75607e-05
16440,317.931,62.065,182.106,7.75995e-05
16446,317.766,62.1036,181.348,7.76085e-05
16452,317.728,62.1125,181.909,7.76473e-05
16458,317.563,62.151,181.151,7.76563e-05
16464,317.525,62.16,181.712,7.76951e-05
16470,317.36,62.1986,180.955,7.77041e-05
16476,317.322,62.2075,181.515,7.7743e-05
16482,317.157,62.2461,180.758,7.7752e-05
16488,317.119,62.255,181.319,7.7791e-05
16494,316.954,62.2937,180.562,7.78e-05
16500,316.916,62.3026,181.122,7.7839e-05
16506,316.752,62.3413,180.366,7.7848e-05
16512,316.714,62.3502,180.926,7.7887e-05
16518,316.549,62.389,180.169,7.7896e-05
16524,316.511,62.3979,180.73,7.79351e-05
16530,316.346,62.4367,179.973,7.79441e-05
16536,316.309,62.4456,180.534,7.79833e-05
16542,316.144,62.4844,179.778,7.79923e-05
16548,316.106,62.4933,180.338,7.80315e-05
16554,315.942,62.5321,179.582,7.80405e-05
16560,315.904,62.5411,180.142,7.80797e-05
16566,315.739,62.5799,179.386,7.80887e-05
16572,315.702,62.5888,179.946,7.8128e-05
16578,315.537,62.6277,179.191,7.8137e-05
16584,315.499,62.6367,179.75,7.81763e-05
16590,315.335,62.6756,178.995,7.81853e-05
16596,315.297,62.6845,179.555,7.82247e-05
16602,315.133,62.7235,178.8,7.82337e-05
16608,315.095,62.7324,179.359,7.82731e-05
16614,314.931,62.7714,178.605,7.82821e-05
16620,314.893,62.7803,179.164,7.83216e-05
16626,314.729,62.8193,178.41,7.83306e-05
16632,314.691,62.8283,178.969,7.83701e-05
16638,314.527,62.8673,178.215,7.83792e-05
16644,314.49,62.8762,178.774,7.84187e-05
16650,314.325,62.9153,178.02,7.84277e-05
16656,314.288,62.9243,178.579,7.84673e-05
16662,314.124,62.9634,177.825,7.84764e-05
16668,314.086,62.9723,178.384,7.8516e-05
16674,313.922,63.0115,177.631,7.8525e-05
16680,313.885,63.0204,178.19,7.85647e-05
16686,313.72,63.0596,177.436,7.85738e-05
16692,313.683,63.0685,177.995,7.86135e-05
16698,313.519,63.1077,177.242,7.86225e-05
16704,313.482,63.1166,177.801,7.86623e-05
16710,313.318,63.1559,177.048,7.86714e-05
16716,313.28,63.1648,177.606,7.87112e-05
16722,313.116,63.2041,176.853,7.87202e-05
16728,313.079,63.213,177.412,7.87601e-05
16734,312.915,63.2523,176.659,7.87692e-05
16740,312.878,63.2613,177.218,7.88091e-05
16746,312.714,63.3006,176.466,7.88181e-05
16752,312.677,63.3095,177.024,7.88581e-05
16758,312.513,63.3489,176.272,7.88671e-05
16764,312.476,63.3578,176.83,7.89072e-05
16770,312.312,63.3972,176.078,7.89162e-05
16776,312.275,63.4062,176.637,7.89563e-05
16782,312.111,63.4456,175.885,7.89653e-05
16788,312.074,63.4545,176.443,7.90054e-05
16794,311.91,63.494,175.691,7.90145e-05
16800,311.873,63.5029,176.249,7.90546e-05
16806,311.709,63.5424,175.498,7.90637e-05
16812,311.672,63.5513,176.056,7.91039e-05
16818,311.508,63.5909,175.305,7.9113e-05
16824,311.472,63.5998,175.863,7.91532e-05
16830,311.308,63.6394,175.111,7.91623e-05
16836,311.271,63.6483,175.67,7.92026e-05
16842,311.107,63.6879,174.918,7.92116e-05
16848,311.071,63.6968,175.477,7.9252e-05
16854,310.907,63.7364,174.726,7.9261e-05
16860,310.87,63.7453,175.284,7.93014e-05
16866,310.706,63.785,174.533,7.93105e-05
16872,310.67,63.7939,175.091,7.93509e-05
16878,310.506,63.8336,174.34,7.936e-05
16884,310.47,63.8425,174.898,7.94005e-05
16890,310.306,63.8823,174.148,7.94096e-05
16896,310.269,63.8912,174.706,7.94501e-05
16902,310.106,63.9309,173.955,7.94592e-05
16908,310.069,63.9398,174.513,7.94998e-05
16914,309.906,63.9796,173.763,7.95088e-05
16920,309.869,63.9885,174.321,7.95495e-05
16926,309.706,64.0284,173.571,7.95585e-05
16932,309.669,64.0373,174.128,7.95992e-05
16938,309.506,64.0771,173.379,7.96083e-05
16944,309.469,64.086,173.936,7.9649e-05
16950,309.306,64.1259,173.187,7.96581e-05
16956,309.27,64.1348,173.744,7.96989e-05
16962,309.106,64.1747,172.995,7.97079e-05
16968,309.07,64.1836,173.552,7.97488e-05
16974,308.907,64.2236,172.803,7.97579e-05
16980,308.87,64.2325,173.361,7.97987e-05
16986,308.707,64.2725,172.611,7.98078e-05
16992,308.671,64.2813,173.169,7.98487e-05
16998,308.507,64.3214,172.42,7.98578e-05
17004,308.471,64.3302,172.977,7.98988e-05
17010,308.308,64.3703,172.228,7.99079e-05
17016,308.272,64.3792,172.786,7.99489e-05
17022,308.109,64.4193,172.037,7.9958e-05
17028,308.072,64.4281,172.595,7.9999e-05
17034,307.909,64.4683,171.846,8.00081e-05
17040,307.873,64.4771,172.403,8.00492e-05
17046,307.71,64.5173,171.655,8.00583e-05
17052,307.674,64.5262,172.212,8.00995e-05
17058,307.511,64.5663,171.464,8.01086e-05
17064,307.475,64.5752,172.021,8.01498e-05
17070,307.312,64.6154,171.273,8.01589e-05
17076,307.276,64.6243,171.83,8.02001e-05
17082,307.113,64.6645,171.082,8.02092e-05
17088,307.077,64.6734,171.639,8.02506e-05
17094,306.914,64.7137,170.892,8.02597e-05
17100,306.878,64.7225,171.449,8.0301e-05
17106,306.715,64.7628,170.701,8.03101e-05
17112,306.679,64.7717,171.258,8.03515e-05
17118,306.517,64.812,170.511,8.03606e-05
17124,306.481,64.8209,171.068,8.04021e-05
17130,306.318,64.8612,170.32,8.04112e-05
17136,306.282,64.8701,170.877,8.04527e-05
17142,306.119,64.9105,170.13,8.04618e-05
17148,306.084,64.9194,170.687,8.05033e-05
17154,305.921,64.9598,169.94,8.05124e-05
17160,305.885,64.9686,170.497,8.0554e-05
17166,305.722,65.0091,169.75,8.05631e-05
17172,305.687,65.0179,170.307,8.06048e-05
17178,305.524,65.0584,169.56,8.06139e-05
17184,305.488,65.0673,170.117,8.06556e-05
17190,305.326,65.1078,169.37,8.06647e-05
17196,305.29,65.1166,169.927,8.07065e-05
17202,305.128,65.1572,169.181,8.07156e-05
17208,305.092,65.166,169.738,8.07574e-05
17214,304.929,65.2066,168.991,8.07665e-05
17220,304.894,65.2154,169.548,8.08083e-05
17226,304.731,65.256,168.802,8.08174e-05
17232,304.696,65.2649,169.359,8.08593e-05
17238,304.533,65.3055,168.612,8.08685e-05
17244,304.498,65.3143,169.169,8.09104e-05
17250,304.336,65.355,168.423,8.09195e-05
17256,304.3,65.3638,168.98,8.09615e-05
17262,304.138,65.4045,168.234,8.09706e-05
17268,304.103,65.4134,168.791,8.10127e-05
17274,303.94,65.4541,168.045,8.10218e-05
17280,303.905,65.4629,168.602,8.10639e-05
17286,303.742,65.5037,167.856,8.1073e-05
17292,303.707,65.5125,168.413,8.11152e-05
17298,303.545,65.5533,167.667,8.11243e-05
17304,303.51,65.5621,168.224,8.11665e-05
17310,303.347,65.6029,167.478,8.11756e-05
17316,303.312,65.6117,168.035,8.12179e-05
17322,303.15,65.6526,167.29,8.1227e-05
17328,303.115,65.6614,167.847,8.12693e-05
17334,302.953,65.7023,167.101,8.12784e-05
17340,302.918,65.7111,167.658,8.13207e-05
17346,302.756,65.752,166.913,8.13299e-05
17352,302.721,65.7608,167.47,8.13723e-05
17358,302.558,65.8017,166.724,8.13814e-05
17364,302.523,65.8105,167.281,8.14238e-05
17370,302.361,65.8515,166.536,8.1433e-05
17376,302.326,65.8603,167.093,8.14755e-05
17382,302.164,65.9013,166.348,8.14846e-05
17388,302.129,65.9101,166.905,8.15272e-05
17394,301.967,65.9511,166.16,8.15363e-05
17400,301.933,65.9599,166.717,8.15789e-05
17406,301.771,66.0009,165.972,8.1588e-05
17412,301.736,66.0097,166.529,8.16307e-05
17418,301.574,66.0508,165.785,8.16398e-05
17424,301.539,66.0596,166.341,8.16825e-05
17430,301.377,66.1007,165.597,8.16917e-05
17436,301.342,66.1095,166.154,8.17344e-05
17442,301.181,66.1506,165.409,8.17435e-05
17448,301.146,66.1594,165.966,8.17863e-05
17454,300.984,66.2006,165.222,8.17955e-05
17460,300.949,66.2094,165.779,8.18383e-05
17466,300.788,66.2505,165.035,8.18475e-05
17472,300.753,66.2593,165.591,8.18904e-05
17478,300.591,66.3005,164.847,8.18995e-05
17484,300.557,66.3093,165.404,8.19425e-05
17490,300.395,66.3506,164.66,8.19516e-05
17496,300.36,66.3594,165.217,8.19946e-05
17502,300.199,66.4006,164.473,8.20038e-05
17508,300.164,66.4094,165.03,8.20468e-05
17514,300.003,66.4507,164.286,8.2056e-05
17520,299.968,66.4595,164.843,8.20991e-05
17526,299.807,66.5008,164.099,8.21082e-05
17532,299.772,66.5096,164.656,8.21514e-05
17538,299.611,66.5509,163.913,8.21605e-05
17544,299.576,66.5597,164.47,8.22037e-05
17550,299.415,66.6011,163.726,8.22129e-05
17556,299.381,66.6098,164.283,8.22561e-05
17562,299.219,66.6513,163.54,8.22653e-05
17568,299.185,66.66,164.096,8.23086e-05
17574,299.023,66.7015,163.353,8.23178e-05
17580,298.989,66.7102,163.91,8.23611e-05
17586,298.828,66.7517,163.167,8.23703e-05
17592,298.793,66.7604,163.724,8.24137e-05
17598,298.632,66.8019,162.981,8.24229e-05
17604,298.598,66.8107,163.538,8.24663e-05
17610,298.437,66.8522,162.795,8.24755e-05
17616,298.403,66.861,163.351,8.2519e-05
17622,298.241,66.9025,162.609,8.25282e-05
17628,298.207,66.9113,163.165,8.25717e-05
17634,298.046,66.9528,162.423,8.25809e-05
17640,298.012,66.9616,162.98,8.26245e-05
17646,297.851,67.0032,162.237,8.26337e-05
17652,297.817,67.0119,162.794,8.26773e-05
17658,297.655,67.0535,162.051,8.26865e-05
17664,297.622,67.0623,162.608,8.27302e-05
17670,297.46,67.1039,161.865,8.27394e-05
17676,297.426,67.1127,162.422,8.27832e-05
17682,297.265,67.1544,161.68,8.27923e-05
17688,297.232,67.1631,162.237,8.28362e-05
17694,297.07,67.2048,161.495,8.28453e-05
17700,297.037,67.2135,162.052,8.28892e-05
17706,296.876,67.2553,161.309,8.28984e-05
17712,296.842,67.264,161.866,8.29423e-05
17718,296.681,67.3058,161.124,8.29515e-05
17724,296.647,67.3145,161.681,8.29955e-05
17730,296.486,67.3563,160.939,8.30047e-05
17736,296.452,67.365,161.496,8.30487e-05
17742,296.291,67.4068,160.754,8.30579e-05
17748,296.258,67.4155,161.311,8.31019e-05
17754,296.097,67.4574,160.569,8.31111e-05
17760,296.063,67.4661,161.126,8.31552e-05
17766,295.902,67.508,160.384,8.31644e-05
17772,295.869,67.5167,160.941,8.32086e-05
17778,295.708,67.5586,160.2,8.32178e-05
17784,295.675,67.5673,160.757,8.3262e-05
17790,295.514,67.6092,160.015,8.32712e-05
17796,295.48,67.6179,160.572,8.33155e-05
17802,295.32,67.6598,159.831,8.33247e-05
17808,295.286,67.6685,160.388,8.3369e-05
17814,295.125,67.7105,159.646,8.33782e-05
17820,295.092,67.7192,160.203,8.34226e-05
17826,294.931,67.7612,159.462,8.34318e-05
17832,294.898,67.7699,160.019,8.34763e-05
17838,294.737,67.8119,159.278,8.34855e-05
17844,294.704,67.8206,159.835,8.353e-05
17850,294.544,67.8627,159.094,8.35392e-05
17856,294.51,67.8714,159.651,8.35837e-05
17862,294.35,67.9135,158.91,8.35929e-05
17868,294.317,67.9221,159.467,8.36375e-05
17874,294.156,67.9642,158.726,8.36467e-05
17880,294.123,67.9729,159.283,8.36914e-05
17886,293.962,68.0151,158.542,8.37006e-05
17892,293.929,68.0237,159.099,8.37453e-05
17898,293.769,68.0659,158.358,8.37545e-05
17904,293.736,68.0746,158.916,8.37993e-05
17910,293.575,68.1168,158.175,8.38085e-05
17916,293.542,68.1254,158.732,8.38533e-05
17922,293.382,68.1676,157.991,8.38625e-05
17928,293.349,68.1763,158.549,8.39073e-05
17934,293.189,68.2185,157.808,8.39166e-05
17940,293.156,68.2272,158.365,8.39615e-05
17946,292.995,68.2695,157.624,8.39707e-05
17952,292.962,68.2781,158.182,8.40157e-05
17958,292.802,68.3204,157.441,8.40249e-05
17964,292.769,68.3291,157.999,8.40699e-05
17970,292.609,68.3714,157.258,8.40791e-05
17976,292.576,68.38,157.816,8.41242e-05
17982,292.416,68.4224,157.075,8.41334e-05
17988,292.383,68.431,157.633,8.41786e-05
17994,292.223,68.4734,156.892,8.41878e-05
18000,292.19,68.482,157.45,8.4233e-05
18006,292.03,68.5244,156.709,8.42422e-05
18012,291.998,68.5331,157.267,8.42874e-05
18018,291.837,68.5755,156.527,8.42966e-05
18024,291.805,68.5841,157.084,8.43419e-05
18030,291.645,68.6265,156.344,8.43512e-05
18036,291.612,68.6352,156.902,8.43965e-05
18042,291.452,68.6776,156.162,8.44057e-05
18048,291.42,68.6863,156.719,8.44511e-05
18054,291.26,68.7288,155.979,8.44604e-05
18060,291.227,68.7374,156.537,8.45058e-05
18066,291.067,68.7799,155.797,8.4515e-05
18072,291.035,68.7885,156.355,8.45606e-05
18078,290.875,68.8311,155.615,8.45698e-05
18084,290.842,68.8397,156.172,8.46153e-05
18090,290.682,68.8822,155.433,8.46246e-05
18096,290.65,68.8909,155.99,8.46702e-05
18102,290.49,68.9334,155.251,8.46794e-05
18108,290.458,68.9421,155.808,8.47251e-05
18114,290.298,68.9847,155.069,8.47343e-05
18120,290.266,68.9933,155.627,8.47801e-05
18126,290.106,69.0359,154.887,8.47893e-05
18132,290.074,69.0445,155.445,8.48351e-05
18138,289.914,69.0872,154.705,8.48443e-05
18144,289.882,69.0958,155.263,8.48902e-05
18150,289.722,69.1385,154.523,8.48994e-05
18156,289.69,69.1471,155.081,8.49453e-05
18162,289.53,69.1898,154.342,8.49545e-05
18168,289.498,69.1984,154.9,8.50005e-05
18174,289.339,69.2411,154.16,8.50097e-05
18180,289.306,69.2497,154.718,8.50557e-05
18186,289.147,69.2924,153.979,8.5065e-05
18192,289.115,69.301,154.537,8.5111e-05
18198,288.955,69.3438,153.798,8.51203e-05
18204,288.923,69.3524,154.356,8.51664e-05
18210,288.764,69.3952,153.617,8.51756e-05
18216,288.732,69.4038,154.175,8.52218e-05
18222,288.572,69.4466,153.436,8.5231e-05
18228,288.54,69.4552,153.994,8.52772e-05
18234,288.381,69.498,153.255,8.52865e-05
18240,288.349,69.5066,153.813,8.53328e-05
18246,288.19,69.5495,153.074,8.5342e-05
18252,288.158,69.558,153.632,8.53884e-05
18258,287.999,69.601,152.893,8.53976e-05
18264,287.967,69.6095,153.451,8.5444e-05
18270,287.807,69.6524,152.712,8.54532e-05
18276,287.776,69.661,153.271,8.54997e-05
18282,287.616,69.704,152.532,8.55089e-05
18288,287.585,69.7125,153.09,8.55554e-05
18294,287.425,69.7555,152.351,8.55647e-05
18300,287.394,69.764,152.91,8.56112e-05
18306,287.235,69.807,152.171,8.56205e-05
18312,287.203,69.8156,152.729,8.56671e-05
18318,287.044,69.8586,151.99,8.56764e-05
18324,287.012,69.8671,152.549,8.5723e-05
18330,286.853,69.9102,151.81,8.57323e-05
18336,286.822,69.9187,152.369,8.5779e-05
18342,286.662,69.9618,151.63,8.57883e-05
18348,286.631,69.9703,152.189,8.58351e-05
18354,286.472,70.0134,151.45,8.58443e-05
18360,286.44,70.0219,152.009,8.58912e-05
18366,286.281,70.0651,151.27,8.59004e-05
18372,286.25,70.0736,151.829,8.59473e-05
18378,286.091,70.1167,151.09,8.59566e-05
18384,286.06,70.1252,151.649,8.60035e-05
18390,285.901,70.1684,150.911,8.60128e-05
18396,285.869,70.1769,151.469,8.60598e-05
18402,285.71,70.2201,150.731,8.60691e-05
18408,285.679,70.2286,151.29,8.61161e-05
18414,285.52,70.2718,150.551,8.61254e-05
18420,285.489,70.2803,151.11,8.61725e-05
18426,285.33,70.3236,150.372,8.61818e-05
18432,285.299,70.3321,150.931,8.62289e-05
18438,285.14,70.3753,150.192,8.62382e-05
18444,285.109,70.3838,150.751,8.62854e-05
18450,284.95,70.4271,150.013,8.62947e-05
18456,284.919,70.4356,150.572,8.6342e-05
18462,284.76,70.4789,149.834,8.63513e-05
18468,284.729,70.4874,150.393,8.63986e-05
18474,284.571,70.5307,149.655,8.64079e-05
18480,284.54,70.5392,150.214,8.64553e-05
18486,284.381,70.5825,149.476,8.64646e-05
18492,284.35,70.591,150.035,8.6512e-05
18498,284.191,70.6344,149.297,8.65213e-05
18504,284.16,70.6428,149.856,8.65688e-05
18510,284.002,70.6863,149.118,8.65781e-05
18516,283.971,70.6947,149.677,8.66257e-05
18522,283.812,70.7381,148.939,8.66349e-05
18528,283.781,70.7466,149.499,8.66826e-05
18534,283.623,70.79,148.761,8.66918e-05
18540,283.592,70.7985,149.32,8.67395e-05
18546,283.434,70.842,148.582,8.67488e-05
18552,283.403,70.8504,149.142,8.67966e-05
18558,283.244,70.8939,148.404,8.68058e-05
18564,283.214,70.9023,148.963,8.68537e-05
18570,283.055,70.9459,148.226,8.68629e-05
18576,283.025,70.9543,148.785,8.69108e-05
18582,282.866,70.9978,148.047,8.69201e-05
18588,282.836,71.0063,148.607,8.6968e-05
18594,282.677,71.0498,147.869,8.69773e-05
18600,282.647,71.0583,148.429,8.70253e-05
18606,282.488,71.1018,147.691,8.70345e-05
18612,282.458,71.1103,148.251,8.70826e-05
18618,282.3,71.1539,147.513,8.70919e-05
18624,282.269,71.1623,148.073,8.714e-05
18630,282.111,71.2059,147.335,8.71492e-05
18636,282.08,71.2143,147.895,8.71974e-05
18642,281.922,71.258,147.157,8.72067e-05
18648,281.892,71.2664,147.717,8.72549e-05
18654,281.734,71.3101,146.98,8.72642e-05
18660,281.703,71.3185,147.54,8.73125e-05
18666,281.545,71.3622,146.802,8.73217e-05
18672,281.515,71.3706,147.362,8.73701e-05
18678,281.357,71.4143,146.625,8.73794e-05
18684,281.326,71.4227,147.184,8.74278e-05
18690,281.168,71.4664,146.447,8.7437e-05
18696,281.138,71.4748,147.007,8.74855e-05
18702,280.98,71.5186,146.27,8.74948e-05
18708,280.95,71.5269,146.83,8.75433e-05
18714,280.792,71.5707,146.092,8.75526e-05
18720,280.762,71.5791,146.653,8.76011e-05
18726,280.604,71.6229,145.915,8.76104e-05
18732,280.573,71.6313,146.475,8.76591e-05
18738,280.416,71.6751,145.738,8.76684e-05
18744,280.385,71.6835,146.298,8.7717e-05
18750,280.228,71.7273,145.561,8.77263e-05
18756,280.198,71.7357,146.122,8.77751e-05
18762,280.04,71.7796,145.384,8.77844e-05
18768,280.01,71.7879,145.945,8.78332e-05
18774,279.852,71.8318,145.208,8.78425e-05
18780,279.822,71.8402,145.768,8.78913e-05
18786,279.664,71.8841,145.031,8.79006e-05
18792,279.634,71.8924,145.591,8.79496e-05
18798,279.477,71.9364,144.854,8.79589e-05
18804,279.447,71.9447,145.415,8.80078e-05
18810,279.289,71.9887,144.678,8.80171e-05
18816,279.259,71.997,145.238,8.80662e-05
18822,279.102,72.041,144.501,8.80755e-05
18828,279.072,72.0493,145.062,8.81246e-05
18834,278.914,72.0933,144.325,8.81339e-05
18840,278.884,72.1016,144.886,8.8183e-05
18846,278.727,72.1457,144.149,8.81923e-05
18852,278.697,72.154,144.709,8.82416e-05
18858,278.539,72.198,143.972,8.82509e-05
18864,278.51,72.2064,144.533,8.83002e-05
18870,278.352,72.2504,143.796,8.83095e-05
18876,278.323,72.2587,144.357,8.83588e-05
18882,278.165,72.3028,143.62,8.83681e-05
18888,278.136,72.3111,144.181,8.84175e-05
18894,277.978,72.3552,143.444,8.84268e-05
18900,277.949,72.3635,144.005,8.84763e-05
18906,277.791,72.4077,143.269,8.84856e-05
18912,277.762,72.416,143.83,8.85351e-05
18918,277.604,72.4601,143.093,8.85444e-05
18924,277.575,72.4684,143.654,8.8594e-05
18930,277.418,72.5126,142.917,8.86033e-05
18936,277.388,72.5208,143.478,8.86529e-05
18942,277.231,72.565,142.742,8.86623e-05
18948,277.201,72.5733,143.303,8.8712e-05
18954,277.044,72.6175,142.566,8.87213e-05
18960,277.015,72.6258,143.127,8.8771e-05
18966,276.858,72.67,142.391,8.87803e-05
18972,276.828,72.6783,142.952,8.88302e-05
18978,276.671,72.7226,142.216,8.88395e-05
18984,276.642,72.7308,142.777,8.88894e-05
18990,276.485,72.7751,142.04,8.88987e-05
18996,276.456,72.7834,142.602,8.89486e-05
19002,276.298,72.8276,141.865,8.89579e-05
19008,276.269,72.8359,142.427,8.9008e-05
19014,276.112,72.8802,141.69,8.90173e-05
19020,276.083,72.8885,142.252,8.90673e-05
19026,275.926,72.9328,141.515,8.90767e-05
19032,275.897,72.941,142.077,8.91268e-05
19038,275.74,72.9854,141.34,8.91361e-05
19044,275.711,72.9936,141.902,8.91863e-05
19050,275.554,73.038,141.166,8.91956e-05
19056,275.525,73.0462,141.727,8.92459e-05
19062,275.368,73.0906,140.991,8.92552e-05
19068,275.339,73.0989,141.553,8.93055e-05
19074,275.182,73.1433,140.816,8.93148e-05
19080,275.153,73.1515,141.378,8.93652e-05
19086,274.996,73.1959,140.642,8.93745e-05
19092,274.967,73.2042,141.204,8.9425e-05
19098,274.811,73.2486,140.468,8.94343e-05
19104,274.782,73.2568,141.029,8.94848e-05
19110,274.625,73.3013,140.293,8.94941e-05
19116,274.596,73.3095,140.855,8.95447e-05
19122,274.439,73.354,140.119,8.9554e-05
19128,274.411,73.3622,140.681,8.96046e-05
19134,274.254,73.4067,139.945,8.96139e-05
19140,274.225,73.4149,140.507,8.96646e-05
19146,274.069,73.4594,139.771,8.9674e-05
19152,274.04,73.4676,140.333,8.97247e-05
19158,273.883,73.5122,139.597,8.9734e-05
19164,273.855,73.5204,140.159,8.97848e-05
19170,273.698,73.5649,139.423,8.97942e-05
19176,273.669,73.5731,139.985,8.9845e-05
19182,273.513,73.6177,139.249,8.98544e-05
19188,273.484,73.6259,139.811,8.99053e-05
19194,273.328,73.6705,139.075,8.99146e-05
19200,273.299,73.6787,139.638,8.99656e-05
19206,273.143,73.7233,138.902,8.9975e-05
19212,273.114,73.7315,139.464,9.0026e-05
19218,272.958,73.7761,138.728,9.00354e-05
19224,272.929,73.7843,139.291,9.00865e-05
19230,272.773,73.829,138.555,9.00958e-05
19236,272.745,73.8371,139.117,9.0147e-05
19242,272.588,73.8818,138.381,9.01563e-05
19248,272.56,73.8899,138.944,9.02076e-05
19254,272.404,73.9346,138.208,9.02169e-05
19260,272.375,73.9428,138.771,9.02682e-05
19266,272.219,73.9875,138.035,9.02776e-05
19272,272.191,73.9956,138.598,9.0329e-05
19278,272.034,74.0404,137.862,9.03383e-05
19284,272.006,74.0485,138.425,9.03897e-05
19290,271.85,74.0933,137.689,9.03991e-05
19296,271.822,74.1014,138.252,9.04506e-05
19302,271.665,74.1462,137.516,9.04599e-05
19308,271.637,74.1543,138.079,9.05115e-05
19314,271.481,74.1991,137.343,9.05208e-05
19320,271.453,74.2072,137.906,9.05725e-05
19326,271.297,74.2521,137.17,9.05818e-05
19332,271.269,74.2602,137.733,9.06335e-05
19338,271.113,74.305,136.998,9.06428e-05
19344,271.085,74.3131,137.561,9.06946e-05
19350,270.929,74.358,136.825,9.07039e-05
19356,270.901,74.3661,137.388,9.07558e-05
19362,270.745,74.411,136.652,9.07651e-05
19368,270.717,74.419,137.216,9.0817e-05
19374,270.561,74.464,136.48,9.08263e-05
19380,270.533,74.472,137.043,9.08783e-05
19386,270.377,74.517,136.308,9.08876e-05
19392,270.349,74.525,136.871,9.09396e-05
19398,270.193,74.57,136.135,9.0949e-05
19404,270.165,74.578,136.699,9.10011e-05
19410,270.009,74.623,135.963,9.10104e-05
19416,269.982,74.6311,136.527,9.10626e-05
19422,269.826,74.676,135.791,9.10719e-05
19428,269.798,74.6841,136.355,9.11241e-05
19434,269.642,74.7291,135.619,9.11335e-05
19440,269.614,74.7371,136.183,9.11857e-05
19446,269.459,74.7822,135.447,9.11951e-05
19452,269.431,74.7902,136.011,9.12474e-05
19458,269.275,74.8352,135.275,9.12568e-05
19464,269.248,74.8433,135.839,9.13092e-05
19470,269.092,74.8883,135.104,9.13185e-05
19476,269.064,74.8964,135.667,9.1371e-05
19482,268.909,74.9414,134.932,9.13803e-05
19488,268.881,74.9495,135.496,9.14329e-05
19494,268.726,74.9946,134.76,9.14422e-05
19500,268.698,75.0026,135.324,9.14948e-05
19506,268.543,75.0477,134.589,9.15042e-05
19512,268.515,75.0557,135.153,9.15568e-05
19518,268.36,75.1008,134.417,9.15662e-05
19524,268.332,75.1088,134.981,9.16189e-05
19530,268.177,75.154,134.246,9.16283e-05
19536,268.149,75.162,134.81,9.16811e-05
19542,267.994,75.2072,134.075,9.16904e-05
19548,267.966,75.2151,134.639,9.17433e-05
19554,267.811,75.2603,133.904,9.17526e-05
19560,267.783,75.2683,134.468,9.18056e-05
19566,267.628,75.3135,133.733,9.18149e-05
19572,267.601,75.3215,134.297,9.18679e-05
19578,267.446,75.3667,133.562,9.18773e-05
19584,267.418,75.3747,134.126,9.19303e-05
19590,267.263,75.4199,133.391,9.19397e-05
19596,267.236,75.4279,133.955,9.19928e-05
19602,267.081,75.4732,133.22,9.20022e-05
19608,267.053,75.4811,133.784,9.20554e-05
19614,266.898,75.5264,133.049,9.20647e-05
19620,266.871,75.5344,133.614,9.2118e-05
19626,266.716,75.5797,132.878,9.21273e-05
19632,266.689,75.5876,133.443,9.21807e-05
19638,266.534,75.6329,132.708,9.219e-05
19644,266.506,75.6409,133.272,9.22434e-05
19650,266.351,75.6862,132.537,9.22528e-05
19656,266.324,75.6941,133.102,9.23063e-05
19662,266.169,75.7395,132.367,9.23156e-05
19668,266.142,75.7474,132.932,9.23691e-05
19674,265.987,75.7928,132.197,9.23785e-05
19680,265.96,75.8007,132.761,9.24321e-05
19686,265.805,75.8461,132.026,9.24414e-05
19692,265.778,75.854,132.591,9.24951e-05
19698,265.623,75.8994,131.856,9.25045e-05
19704,265.596,75.9073,132.421,9.25582e-05
19710,265.442,75.9527,131.686,9.25676e-05
19716,265.415,75.9606,132.251,9.26214e-05
19722,265.26,76.0061,131.516,9.26307e-05
19728,265.233,76.014,132.081,9.26846e-05
19734,265.078,76.0594,131.346,9.26939e-05
19740,265.051,76.0673,131.911,9.27479e-05
19746,264.897,76.1128,131.176,9.27572e-05
19752,264.87,76.1207,131.741,9.28112e-05
19758,264.715,76.1662,131.007,9.28206e-05
19764,264.688,76.174,131.572,9.28747e-05
19770,264.534,76.2195,130.837,9.2884e-05
19776,264.507,76.2274,131.402,9.29382e-05
19782,264.352,76.2729,130.667,9.29475e-05
19788,264.326,76.2808,131.233,9.30017e-05
19794,264.171,76.3263,130.498,9.30111e-05
19800,264.144,76.3342,131.063,9.30654e-05
19806,263.99,76.3798,130.328,9.30747e-05
19812,263.963,76.3876,130.894,9.31291e-05
19818,263.809,76.4332,130.159,9.31384e-05
19824,263.782,76.441,130.725,9.31929e-05
19830,263.628,76.4866,129.99,9.32022e-05
19836,263.601,76.4945,130.555,9.32567e-05
19842,263.447,76.5401,129.821,9.32661e-05
19848,263.42,76.5479,130.386,9.33206e-05
19854,263.266,76.5935,129.651,9.333e-05
19860,263.239,76.6014,130.217,9.33846e-05
19866,263.085,76.647,129.482,9.3394e-05
19872,263.059,76.6548,130.048,9.34486e-05
19878,262.904,76.7005,129.313,9.3458e-05
19884,262.878,76.7083,129.879,9.35128e-05
19890,262.724,76.754,129.145,9.35221e-05
19896,262.697,76.7618,129.71,9.3577e-05
19902,262.543,76.8075,128.976,9.35863e-05
19908,262.517,76.8153,129.542,9.36412e-05
19914,262.362,76.861,128.807,9.36506e-05
19920,262.336,76.8688,129.373,9.37055e-05
19926,262.182,76.9145,128.638,9.37149e-05
19932,262.156,76.9223,129.205,9.37699e-05
19938,262.002,76.968,128.47,9.37793e-05
19944,261.975,76.9758,129.036,9.38344e-05
19950,261.821,77.0216,128.301,9.38438e-05
19956,261.795,77.0294,128.868,9.3899e-05
19962,261.641,77.0751,128.133,9.39083e-05
19968,261.615,77.0829,128.699,9.39636e-05
19974,261.461,77.1287,127.965,9.39729e-05
19980,261.435,77.1365,128.531,9.40282e-05
19986,261.281,77.1823,127.797,9.40376e-05
19992,261.255,77.19,128.363,9.4093e-05
19998,261.101,77.2359,127.628,9.41024e-05
20004,261.075,77.2436,128.195,9.41578e-05
20010,260.921,77.2894,127.46,9.41672e-05
20016,260.895,77.2972,128.027,9.42227e-05
20022,260.741,77.343,127.292,9.42321e-05
20028,260.715,77.3508,127.859,9.42877e-05
20034,260.561,77.3967,127.125,9.4297e-05
20040,260.536,77.4044,127.691,9.43527e-05
20046,260.382,77.4503,126.957,9.43621e-05
20052,260.356,77.458,127.523,9.44178e-05
20058,260.202,77.5039,126.789,9.44272e-05
20064,260.176,77.5116,127.356,9.4483e-05
20070,260.023,77.5575,126.621,9.44923e-05
20076,259.997,77.5652,127.188,9.45482e-05
20082,259.843,77.6112,126.454,9.45576e-05
20088,259.817,77.6189,127.021,9.46135e-05
20094,259.664,77.6648,126.286,9.46229e-05
20100,259.638,77.6725,126.853,9.46789e-05
20106,259.484,77.7185,126.119,9.46883e-05
20112,259.459,77.7262,126.686,9.47444e-05
20118,259.305,77.7722,125.951,9.47538e-05
20124,259.279,77.7799,126.518,9.48099e-05
20130,259.126,77.8259,125.784,9.48193e-05
20136,259.1,77.8335,126.351,9.48755e-05
20142,258.947,77.8796,125.617,9.48849e-05
20148,258.921,77.8872,126.184,9.49412e-05
20154,258.768,77.9333,125.45,9.49506e-05
20160,258.742,77.9409,126.017,9.5007e-05
20166,258.589,77.987,125.283,9.50163e-05
20172,258.563,77.9946,125.85,9.50728e-05
20178,258.41,78.0407,125.116,9.50821e-05
20184,258.384,78.0483,125.683,9.51387e-05
20190,258.231,78.0944,124.949,9.5148e-05
20196,258.206,78.102,125.516,9.52046e-05
20202,258.052,78.1482,124.782,9.5214e-05
20208,258.027,78.1558,125.35,9.52707e-05
20214,257.874,78.2019,124.616,9.528e-05
20220,257.848,78.2095,125.183,9.53368e-05
20226,257.695,78.2557,124.449,9.53462e-05
20232,257.67,78.2633,125.017,9.5403e-05
20238,257.517,78.3094,124.282,9.54123e-05
20244,257.491,78.317,124.85,9.54692e-05
20250,257.338,78.3632,124.116,9.54786e-05
20256,257.313,78.3708,124.684,9.55355e-05
20262,257.16,78.417,123.949,9.55449e-05
20268,257.135,78.4246,124.517,9.56019e-05
20274,256.982,78.4708,123.783,9.56113e-05
20280,256.956,78.4783,124.351,9.56684e-05
20286,256.803,78.5245,123.617,9.56778e-05
20292,256.778,78.5321,124.185,9.5735e-05
20298,256.625,78.5784,123.451,9.57443e-05
20304,256.6,78.5859,124.019,9.58016e-05
20310,256.447,78.6322,123.285,9.5811e-05
20316,256.422,78.6397,123.853,9.58683e-05
20322,256.269,78.686,123.119,9.58777e-05
20328,256.244,78.6935,123.687,9.59351e-05
20334,256.091,78.7398,122.953,9.59444e-05
20340,256.066,78.7474,123.521,9.60019e-05
20346,255.913,78.7936,122.787,9.60113e-05
20352,255.888,78.8012,123.355,9.60688e-05
20358,255.736,78.8475,122.621,9.60782e-05
20364,255.711,78.855,123.189,9.61358e-05
20370,255.558,78.9013,122.455,9.61452e-05
20376,255.533,78.9089,123.024,9.62029e-05
20382,255.38,78.9552,122.29,9.62123e-05
20388,255.355,78.9627,122.858,9.627e-05
20394,255.203,79.0091,122.124,9.62794e-05
20400,255.178,79.0166,122.693,9.63372e-05
20406,255.025,79.0629,121.959,9.63466e-05
20412,255.001,79.0705,122.527,9.64045e-05
20418,254.848,79.1168,121.793,9.64139e-05
20424,254.823,79.1243,122.362,9.64719e-05
20430,254.67,79.1707,121.628,9.64813e-05
20436,254.646,79.1782,122.197,9.65393e-05
20442,254.493,79.2246,121.463,9.65487e-05
20448,254.469,79.2321,122.032,9.66068e-05
20454,254.316,79.2785,121.298,9.66162e-05
20460,254.291,79.286,121.866,9.66744e-05
20466,254.139,79.3324,121.133,9.66838e-05
20472,254.114,79.3399,121.701,9.67421e-05
20478,253.962,79.3864,120.968,9.67515e-05
20484,253.937,79.3938,121.536,9.68098e-05
20490,253.785,79.4403,120.803,9.68192e-05
20496,253.76,79.4477,121.372,9.68776e-05
20502,253.608,79.4942,120.638,9.6887e-05
20508,253.584,79.5017,121.207,9.69455e-05
20514,253.431,79.5482,120.473,9.69549e-05
20520,253.407,79.5556,121.042,9.70135e-05
20526,253.254,79.6021,120.308,9.70229e-05
20532,253.23,79.6095,120.877,9.70815e-05
20538,253.078,79.6561,120.144,9.70909e-05
20544,253.053,79.6635,120.713,9.71496e-05
20550,252.901,79.71,119.979,9.7159e-05
20556,252.877,79.7175,120.548,9.72178e-05
20562,252.725,79.764,119.815,9.72272e-05
20568,252.7,79.7714,120.384,9.72861e-05
20574,252.548,79.818,119.65,9.72955e-05
20580,252.524,79.8254,120.22,9.73544e-05
20586,252.372,79.872,119.486,9.73638e-05
20592,252.348,79.8794,120.055,9.74229e-05
20598,252.196,79.926,119.322,9.74322e-05
20604,252.171,79.9333,119.891,9.74914e-05
20610,252.019,79.98,119.158,9.75007e-05
20616,251.995,79.9873,119.727,9.75599e-05
20622,251.843,80.034,118.993,9.75693e-05
20628,251.819,80.0413,119.563,9.76286e-05
20634,251.667,80.088,118.829,9.7638e-05
20640,251.643,80.0953,119.399,9.76973e-05
20646,251.491,80.142,118.666,9.77067e-05
20652,251.467,80.1493,119.235,9.77661e-05
20658,251.315,80.196,118.502,9.77755e-05
20664,251.291,80.2034,119.071,9.7835e-05
20670,251.139,80.25,118.338,9.78444e-05
20676,251.115,80.2574,118.908,9.7904e-05
20682,250.963,80.3041,118.174,9.79133e-05
20688,250.94,80.3114,118.744,9.7973e-05
20694,250.788,80.3581,118.011,9.79824e-05
20700,250.764,80.3654,118.58,9.80421e-05
20706,250.612,80.4122,117.847,9.80515e-05
20712,250.588,80.4195,118.417,9.81113e-05
20718,250.436,80.4662,117.683,9.81207e-05
20724,250.413,80.4735,118.253,9.81806e-05
20730,250.261,80.5203,117.52,9.819e-05
20736,250.237,80.5276,118.09,9.82499e-05
20742,250.085,80.5743,117.357,9.82593e-05
20748,250.062,80.5816,117.927,9.83193e-05
20754,249.91,80.6284,117.193,9.83287e-05
20760,249.886,80.6357,117.764,9.83889e-05
20766,249.735,80.6825,117.03,9.83982e-05
20772,249.711,80.6898,117.6,9.84584e-05
20778,249.56,80.7366,116.867,9.84678e-05
20784,249.536,80.7439,117.437,9.85281e-05
20790,249.384,80.7907,116.704,9.85375e-05
20796,249.361,80.7979,117.274,9.85978e-05
20802,249.209,80.8448,116.541,9.86072e-05
20808,249.186,80.852,117.112,9.86677e-05
20814,249.034,80.8989,116.378,9.8677e-05
20820,249.011,80.9061,116.949,9.87375e-05
20826,248.859,80.953,116.215,9.87469e-05
20832,248.836,80.9602,116.786,9.88075e-05
20838,248.685,81.0071,116.053,9.88169e-05
20844,248.661,81.0143,116.623,9.88776e-05
20850,248.51,81.0612,115.89,9.8887e-05
20856,248.486,81.0684,116.461,9.89477e-05
20862,248.335,81.1153,115.727,9.89571e-05
20868,248.312,81.1226,116.298,9.90179e-05
20874,248.16,81.1695,115.565,9.90273e-05
20880,248.137,81.1767,116.136,9.90882e-05
20886,247.986,81.2236,115.402,9.90976e-05
20892,247.963,81.2308,115.973,9.91586e-05
20898,247.811,81.2777,115.24,9.9168e-05
20904,247.788,81.2849,115.811,9.9229e-05
20910,247.637,81.3319,115.078,9.92384e-05
20916,247.614,81.3391,115.649,9.92996e-05
20922,247.463,81.386,114.916,9.9309e-05
20928,247.439,81.3932,115.487,9.93702e-05
20934,247.288,81.4402,114.753,9.93796e-05
20940,247.265,81.4474,115.324,9.94409e-05
20946,247.114,81.4944,114.591,9.94503e-05
20952,247.091,81.5015,115.162,9.95116e-05
20958,246.94,81.5485,114.429,9.9521e-05
20964,246.917,81.5557,115,9.95825e-05
20970,246.766,81.6027,114.267,9.95919e-05
20976,246.743,81.6099,114.839,9.96534e-05
20982,246.592,81.6569,114.106,9.96628e-05
20988,246.569,81.664,114.677,9.97244e-05
20994,246.418,81.711,113.944,9.97338e-05
21000,246.395,81.7182,114.515,9.97955e-05
21006,246.244,81.7652,113.782,9.98049e-05
21012,246.221,81.7724,114.353,9.98667e-05
21018,246.07,81.8194,113.62,9.98761e-05
21024,246.047,81.8266,114.192,9.9938e-05
21030,245.897,81.8736,113.459,9.99474e-05
21036,245.874,81.8807,114.03,0.000100009
21042,245.723,81.9278,113.297,0.000100019
21048,245.7,81.9349,113.869,0.000100081
21054,245.549,81.982,113.136,0.00010009
21060,245.527,81.9891,113.708,0.000100152
21066,245.376,82.0362,112.975,0.000100162
21072,245.353,82.0433,113.546,0.000100224
21078,245.202,82.0905,112.813,0.000100233
21084,245.18,82.0975,113.385,0.000100295
21090,245.029,82.1447,112.652,0.000100305
21096,245.006,82.1518,113.224,0.000100367
21102,244.856,82.1989,112.491,0.000100377
21108,244.833,82.206,113.063,0.000100439
21114,244.683,82.2531,112.33,0.000100448
21120,244.66,82.2602,112.902,0.000100511
21126,244.509,82.3074,112.169,0.00010052
21132,244.487,82.3144,112.741,0.000100583
21138,244.336,82.3616,112.008,0.000100592
21144,244.314,82.3686,112.58,0.000100655
21150,244.163,82.4158,111.847,0.000100664
21156,244.141,82.4229,112.419,0.000100727
21162,243.99,82.4701,111.687,0.000100737
21168,243.968,82.4771,112.258,0.000100799
21174,243.818,82.5243,111.526,0.000100809
21180,243.795,82.5313,112.098,0.000100872
21186,243.645,82.5786,111.365,0.000100881
21192,243.622,82.5856,111.937,0.000100944
21198,243.472,82.6328,111.205,0.000100954
21204,243.45,82.6398,111.777,0.000101017
21210,243.299,82.6871,111.044,0.000101026
21216,243.277,82.6941,111.616,0.000101089
21222,243.127,82.7413,110.884,0.000101099
21228,243.105,82.7484,111.456,0.000101162
21234,242.954,82.7956,110.723,0.000101171
21240,242.932,82.8026,111.296,0.000101235
21246,242.782,82.8499,110.563,0.000101244
21252,242.76,82.8569,111.135,0.000101307
21258,242.609,82.9042,110.403,0.000101317
21264,242.587,82.9111,110.975,0.00010138
21270,242.437,82.9584,110.243,0.00010139
21276,242.415,82.9654,110.815,0.000101453
21282,242.265,83.0127,110.083,0.000101463
21288,242.243,83.0197,110.655,0.000101526
21294,242.093,83.067,109.923,0.000101536
21300,242.071,83.074,110.495,0.0001016
21306,241.921,83.1213,109.763,0.000101609
21312,241.899,83.1282,110.336,0.000101673
21318,241.749,83.1756,109.603,0.000101682
21324,241.727,83.1825,110.176,0.000101746
21330,241.577,83.2299,109.443,0.000101756
21336,241.555,83.2368,110.016,0.00010182
21342,241.405,83.2842,109.284,0.000101829
21348,241.383,83.2911,109.856,0.000101893
21354,241.233,83.3385,109.124,0.000101902
21360,241.211,83.3454,109.697,0.000101967
21366,241.061,83.3928,108.964,0.000101976
21372,241.04,83.3997,109.537,0.00010204
21378,240.89,83.4471,108.805,0.00010205
21384,240.868,83.454,109.378,0.000102114
21390,240.718,83.5014,108.646,0.000102123
21396,240.696,83.5083,109.218,0.000102188
21402,240.547,83.5557,108.486,0.000102197
21408,240.525,83.5626,109.059,0.000102262
21414,240.375,83.6101,108.327,0.000102271
21420,240.353,83.6169,108.9,0.000102336
21426,240.204,83.6644,108.168,0.000102345
21432,240.182,83.6712,108.741,0.00010241
21438,240.032,83.7187,108.009,0.000102419
21444,240.011,83.7256,108.582,0.000102484
21450,239.861,83.773,107.85,0.000102494
21456,239.84,83.7799,108.423,0.000102558
21462,239.69,83.8274,107.691,0.000102568
21468,239.668,83.8342,108.264,0.000102633
21474,239.519,83.8817,107.532,0.000102642
21480,239.497,83.8885,108.105,0.000102707
21486,239.348,83.936,107.373,0.000102717
21492,239.326,83.9428,107.946,0.000102782
21498,239.177,83.9904,107.214,0.000102791
21504,239.155,83.9972,107.787,0.000102856
21510,239.006,84.0447,107.055,0.000102866
21516,238.985,84.0515,107.629,0.000102931
21522,238.835,84.099,106.897,0.00010294
21528,238.814,84.1058,107.47,0.000103006
21534,238.664,84.1534,106.738,0.000103015
21540,238.643,84.1602,107.312,0.000103081
21546,238.494,84.2077,106.58,0.00010309
21552,238.472,84.2145,107.153,0.000103156
21558,238.323,84.2621,106.421,0.000103165
21564,238.302,84.2689,106.995,0.000103231
21570,238.153,84.3164,106.263,0.00010324
21576,238.131,84.3232,106.837,0.000103306
21582,237.982,84.3708,106.104,0.000103315
21588,237.961,84.3776,106.678,0.000103381
21594,237.812,84.4251,105.947,0.00010339
21600,237.791,84.4319,106.52,0.000103456
