run_id,commit,title,workflow,job,step,file_path,timestamp,error,run_url,event,createdAt,conclusion
24688328553,c6f6ed66b7841cff783e0bcabcb1c44ff5dec975,docs: update work log with completed tasks and next steps,quality,formatting,clang-format,Meshing/gmsh-4.15.2-Windows64-sdk/include/gmsh.h,2026-04-20T20:36:05.6830310Z,not clang-formatted,https://github.com/GS76/mfree_iwf_ul_cut_refine_windows_ver/actions/runs/24688328553,push,2026-04-20T20:19:56Z,failure
24688328553,c6f6ed66b7841cff783e0bcabcb1c44ff5dec975,docs: update work log with completed tasks and next steps,quality,formatting,clang-format,Meshing/gmsh-4.15.2-Windows64-sdk/include/gmshc.h,2026-04-20T20:36:05.6830769Z,not clang-formatted,https://github.com/GS76/mfree_iwf_ul_cut_refine_windows_ver/actions/runs/24688328553,push,2026-04-20T20:19:56Z,failure
24688328553,c6f6ed66b7841cff783e0bcabcb1c44ff5dec975,docs: update work log with completed tasks and next steps,quality,formatting,clang-format,Meshing/gmsh-4.15.2-Windows64-sdk/share/doc/gmsh/examples/api/adapt_mesh.cpp,2026-04-20T20:36:05.6831494Z,not clang-formatted,https://github.com/GS76/mfree_iwf_ul_cut_refine_windows_ver/actions/runs/24688328553,push,2026-04-20T20:19:56Z,failure
24688328553,c6f6ed66b7841cff783e0bcabcb1c44ff5dec975,docs: update work log with completed tasks and next steps,quality,formatting,clang-format,Meshing/gmsh-4.15.2-Windows64-sdk/share/doc/gmsh/examples/api/boolean.cpp,2026-04-20T20:36:05.6831942Z,not clang-formatted,https://github.com/GS76/mfree_iwf_ul_cut_refine_windows_ver/actions/runs/24688328553,push,2026-04-20T20:19:56Z,failure
24688328553,c6f6ed66b7841cff783e0bcabcb1c44ff5dec975,docs: update work log with completed tasks and next steps,quality,formatting,clang-format,Meshing/gmsh-4.15.2-Windows64-sdk/share/doc/gmsh/examples/api/custom_gui.cpp,2026-04-20T20:36:05.6832368Z,not clang-formatted,https://github.com/GS76/mfree_iwf_ul_cut_refine_windows_ver/actions/runs/24688328553,push,2026-04-20T20:19:56Z,failure
24688328553,c6f6ed66b7841cff783e0bcabcb1c44ff5dec975,docs: update work log with completed tasks and next steps,quality,formatting,clang-format,Meshing/gmsh-4.15.2-Windows64-sdk/share/doc/gmsh/examples/api/discrete.cpp,2026-04-20T20:36:05.6832805Z,not clang-formatted,https://github.com/GS76/mfree_iwf_ul_cut_refine_windows_ver/actions/runs/24688328553,push,2026-04-20T20:19:56Z,failure
24688328553,c6f6ed66b7841cff783e0bcabcb1c44ff5dec975,docs: update work log with completed tasks and next steps,quality,formatting,clang-format,Meshing/gmsh-4.15.2-Windows64-sdk/share/doc/gmsh/examples/api/edges.cpp,2026-04-20T20:36:05.6833234Z,not clang-formatted,https://github.com/GS76/mfree_iwf_ul_cut_refine_windows_ver/actions/runs/24688328553,push,2026-04-20T20:19:56Z,failure
24688328553,c6f6ed66b7841cff783e0bcabcb1c44ff5dec975,docs: update work log with completed tasks and next steps,quality,formatting,clang-format,Meshing/gmsh-4.15.2-Windows64-sdk/share/doc/gmsh/examples/api/explore.cpp,2026-04-20T20:36:05.6833639Z,not clang-formatted,https://github.com/GS76/mfree_iwf_ul_cut_refine_windows_ver/actions/runs/24688328553,push,2026-04-20T20:19:56Z,failure
24688328553,c6f6ed66b7841cff783e0bcabcb1c44ff5dec975,docs: update work log with completed tasks and next steps,quality,formatting,clang-format,Meshing/gmsh-4.15.2-Windows64-sdk/share/doc/gmsh/examples/api/faces.cpp,2026-04-20T20:36:05.6834065Z,not clang-formatted,https://github.com/GS76/mfree_iwf_ul_cut_refine_windows_ver/actions/runs/24688328553,push,2026-04-20T20:19:56Z,failure
24688328553,c6f6ed66b7841cff783e0bcabcb1c44ff5dec975,docs: update work log with completed tasks and next steps,quality,formatting,clang-format,Meshing/gmsh-4.15.2-Windows64-sdk/share/doc/gmsh/examples/api/fragment_surfaces.cpp,2026-04-20T20:36:05.6834557Z,not clang-formatted,https://github.com/GS76/mfree_iwf_ul_cut_refine_windows_ver/actions/runs/24688328553,push,2026-04-20T20:19:56Z,failure
24688328553,c6f6ed66b7841cff783e0bcabcb1c44ff5dec975,docs: update work log with completed tasks and next steps,quality,formatting,clang-format,Meshing/gmsh-4.15.2-Windows64-sdk/share/doc/gmsh/examples/api/get_data_perf.cpp,2026-04-20T20:36:05.6835031Z,not clang-formatted,https://github.com/GS76/mfree_iwf_ul_cut_refine_windows_ver/actions/runs/24688328553,push,2026-04-20T20:19:56Z,failure
24688328553,c6f6ed66b7841cff783e0bcabcb1c44ff5dec975,docs: update work log with completed tasks and next steps,quality,formatting,clang-format,Meshing/gmsh-4.15.2-Windows64-sdk/share/doc/gmsh/examples/api/gui.cpp,2026-04-20T20:36:05.6835468Z,not clang-formatted,https://github.com/GS76/mfree_iwf_ul_cut_refine_windows_ver/actions/runs/24688328553,push,2026-04-20T20:19:56Z,failure
24688328553,c6f6ed66b7841cff783e0bcabcb1c44ff5dec975,docs: update work log with completed tasks and next steps,quality,formatting,clang-format,Meshing/gmsh-4.15.2-Windows64-sdk/share/doc/gmsh/examples/api/import_perf.c,2026-04-20T20:36:05.6835887Z,not clang-formatted,https://github.com/GS76/mfree_iwf_ul_cut_refine_windows_ver/actions/runs/24688328553,push,2026-04-20T20:19:56Z,failure
24688328553,c6f6ed66b7841cff783e0bcabcb1c44ff5dec975,docs: update work log with completed tasks and next steps,quality,formatting,clang-format,Meshing/gmsh-4.15.2-Windows64-sdk/share/doc/gmsh/examples/api/import_perf.cpp,2026-04-20T20:36:05.6836316Z,not clang-formatted,https://github.com/GS76/mfree_iwf_ul_cut_refine_windows_ver/actions/runs/24688328553,push,2026-04-20T20:19:56Z,failure
24688328553,c6f6ed66b7841cff783e0bcabcb1c44ff5dec975,docs: update work log with completed tasks and next steps,quality,formatting,clang-format,Meshing/gmsh-4.15.2-Windows64-sdk/share/doc/gmsh/examples/api/onelab_run_auto.c,2026-04-20T20:36:05.6836760Z,not clang-formatted,https://github.com/GS76/mfree_iwf_ul_cut_refine_windows_ver/actions/runs/24688328553,push,2026-04-20T20:19:56Z,failure
24688328553,c6f6ed66b7841cff783e0bcabcb1c44ff5dec975,docs: update work log with completed tasks and next steps,quality,formatting,clang-format,Meshing/gmsh-4.15.2-Windows64-sdk/share/doc/gmsh/examples/api/onelab_run_auto.cpp,2026-04-20T20:36:05.6837216Z,not clang-formatted,https://github.com/GS76/mfree_iwf_ul_cut_refine_windows_ver/actions/runs/24688328553,push,2026-04-20T20:19:56Z,failure
24688328553,c6f6ed66b7841cff783e0bcabcb1c44ff5dec975,docs: update work log with completed tasks and next steps,quality,formatting,clang-format,Meshing/gmsh-4.15.2-Windows64-sdk/share/doc/gmsh/examples/api/open.cpp,2026-04-20T20:36:05.6837658Z,not clang-formatted,https://github.com/GS76/mfree_iwf_ul_cut_refine_windows_ver/actions/runs/24688328553,push,2026-04-20T20:19:56Z,failure
24688328553,c6f6ed66b7841cff783e0bcabcb1c44ff5dec975,docs: update work log with completed tasks and next steps,quality,formatting,clang-format,Meshing/gmsh-4.15.2-Windows64-sdk/share/doc/gmsh/examples/api/partition.cpp,2026-04-20T20:36:05.6838446Z,not clang-formatted,https://github.com/GS76/mfree_iwf_ul_cut_refine_windows_ver/actions/runs/24688328553,push,2026-04-20T20:19:56Z,failure
24688328553,c6f6ed66b7841cff783e0bcabcb1c44ff5dec975,docs: update work log with completed tasks and next steps,quality,formatting,clang-format,Meshing/gmsh-4.15.2-Windows64-sdk/share/doc/gmsh/examples/api/plugin.cpp,2026-04-20T20:36:05.6839098Z,not clang-formatted,https://github.com/GS76/mfree_iwf_ul_cut_refine_windows_ver/actions/runs/24688328553,push,2026-04-20T20:19:56Z,failure
24688328553,c6f6ed66b7841cff783e0bcabcb1c44ff5dec975,docs: update work log with completed tasks and next steps,quality,formatting,clang-format,Meshing/gmsh-4.15.2-Windows64-sdk/share/doc/gmsh/examples/api/raw_tetrahedralization.cpp,2026-04-20T20:36:05.6839578Z,not clang-formatted,https://github.com/GS76/mfree_iwf_ul_cut_refine_windows_ver/actions/runs/24688328553,push,2026-04-20T20:19:56Z,failure
24688328553,c6f6ed66b7841cff783e0bcabcb1c44ff5dec975,docs: update work log with completed tasks and next steps,quality,formatting,clang-format,Meshing/gmsh-4.15.2-Windows64-sdk/share/doc/gmsh/examples/api/simple.c,2026-04-20T20:36:05.6840047Z,not clang-formatted,https://github.com/GS76/mfree_iwf_ul_cut_refine_windows_ver/actions/runs/24688328553,push,2026-04-20T20:19:56Z,failure
24688328553,c6f6ed66b7841cff783e0bcabcb1c44ff5dec975,docs: update work log with completed tasks and next steps,quality,formatting,clang-format,Meshing/gmsh-4.15.2-Windows64-sdk/share/doc/gmsh/examples/api/simple.cpp,2026-04-20T20:36:05.6840471Z,not clang-formatted,https://github.com/GS76/mfree_iwf_ul_cut_refine_windows_ver/actions/runs/24688328553,push,2026-04-20T20:19:56Z,failure
24688328553,c6f6ed66b7841cff783e0bcabcb1c44ff5dec975,docs: update work log with completed tasks and next steps,quality,formatting,clang-format,Meshing/gmsh-4.15.2-Windows64-sdk/share/doc/gmsh/examples/api/spline.cpp,2026-04-20T20:36:05.6840890Z,not clang-formatted,https://github.com/GS76/mfree_iwf_ul_cut_refine_windows_ver/actions/runs/24688328553,push,2026-04-20T20:19:56Z,failure
24688328553,c6f6ed66b7841cff783e0bcabcb1c44ff5dec975,docs: update work log with completed tasks and next steps,quality,formatting,clang-format,Meshing/gmsh-4.15.2-Windows64-sdk/share/doc/gmsh/examples/api/square.cpp,2026-04-20T20:36:05.6841305Z,not clang-formatted,https://github.com/GS76/mfree_iwf_ul_cut_refine_windows_ver/actions/runs/24688328553,push,2026-04-20T20:19:56Z,failure
24688328553,c6f6ed66b7841cff783e0bcabcb1c44ff5dec975,docs: update work log with completed tasks and next steps,quality,formatting,clang-format,Meshing/gmsh-4.15.2-Windows64-sdk/share/doc/gmsh/examples/api/test.c,2026-04-20T20:36:05.6841747Z,not clang-formatted,https://github.com/GS76/mfree_iwf_ul_cut_refine_windows_ver/actions/runs/24688328553,push,2026-04-20T20:19:56Z,failure
24688328553,c6f6ed66b7841cff783e0bcabcb1c44ff5dec975,docs: update work log with completed tasks and next steps,quality,formatting,clang-format,Meshing/gmsh-4.15.2-Windows64-sdk/share/doc/gmsh/examples/api/view.cpp,2026-04-20T20:36:05.6842137Z,not clang-formatted,https://github.com/GS76/mfree_iwf_ul_cut_refine_windows_ver/actions/runs/24688328553,push,2026-04-20T20:19:56Z,failure
24688328553,c6f6ed66b7841cff783e0bcabcb1c44ff5dec975,docs: update work log with completed tasks and next steps,quality,formatting,clang-format,Meshing/gmsh-4.15.2-Windows64-sdk/share/doc/gmsh/examples/api/viewlist.cpp,2026-04-20T20:36:05.6842783Z,not clang-formatted,https://github.com/GS76/mfree_iwf_ul_cut_refine_windows_ver/actions/runs/24688328553,push,2026-04-20T20:19:56Z,failure
24688328553,c6f6ed66b7841cff783e0bcabcb1c44ff5dec975,docs: update work log with completed tasks and next steps,quality,formatting,clang-format,Meshing/gmsh-4.15.2-Windows64-sdk/share/doc/gmsh/tutorials/c++/t1.cpp,2026-04-20T20:36:05.6843246Z,not clang-formatted,https://github.com/GS76/mfree_iwf_ul_cut_refine_windows_ver/actions/runs/24688328553,push,2026-04-20T20:19:56Z,failure
24688328553,c6f6ed66b7841cff783e0bcabcb1c44ff5dec975,docs: update work log with completed tasks and next steps,quality,formatting,clang-format,Meshing/gmsh-4.15.2-Windows64-sdk/share/doc/gmsh/tutorials/c++/t10.cpp,2026-04-20T20:36:05.6843635Z,not clang-formatted,https://github.com/GS76/mfree_iwf_ul_cut_refine_windows_ver/actions/runs/24688328553,push,2026-04-20T20:19:56Z,failure
24688328553,c6f6ed66b7841cff783e0bcabcb1c44ff5dec975,docs: update work log with completed tasks and next steps,quality,formatting,clang-format,Meshing/gmsh-4.15.2-Windows64-sdk/share/doc/gmsh/tutorials/c++/t11.cpp,2026-04-20T20:36:05.6844020Z,not clang-formatted,https://github.com/GS76/mfree_iwf_ul_cut_refine_windows_ver/actions/runs/24688328553,push,2026-04-20T20:19:56Z,failure
24688328553,c6f6ed66b7841cff783e0bcabcb1c44ff5dec975,docs: update work log with completed tasks and next steps,quality,formatting,clang-format,Meshing/gmsh-4.15.2-Windows64-sdk/share/doc/gmsh/tutorials/c++/t12.cpp,2026-04-20T20:36:05.6844408Z,not clang-formatted,https://github.com/GS76/mfree_iwf_ul_cut_refine_windows_ver/actions/runs/24688328553,push,2026-04-20T20:19:56Z,failure
24688328553,c6f6ed66b7841cff783e0bcabcb1c44ff5dec975,docs: update work log with completed tasks and next steps,quality,formatting,clang-format,Meshing/gmsh-4.15.2-Windows64-sdk/share/doc/gmsh/tutorials/c++/t13.cpp,2026-04-20T20:36:05.6844959Z,not clang-formatted,https://github.com/GS76/mfree_iwf_ul_cut_refine_windows_ver/actions/runs/24688328553,push,2026-04-20T20:19:56Z,failure
24688328553,c6f6ed66b7841cff783e0bcabcb1c44ff5dec975,docs: update work log with completed tasks and next steps,quality,formatting,clang-format,Meshing/gmsh-4.15.2-Windows64-sdk/share/doc/gmsh/tutorials/c++/t14.cpp,2026-04-20T20:36:05.6845346Z,not clang-formatted,https://github.com/GS76/mfree_iwf_ul_cut_refine_windows_ver/actions/runs/24688328553,push,2026-04-20T20:19:56Z,failure
24688328553,c6f6ed66b7841cff783e0bcabcb1c44ff5dec975,docs: update work log with completed tasks and next steps,quality,formatting,clang-format,Meshing/gmsh-4.15.2-Windows64-sdk/share/doc/gmsh/tutorials/c++/t15.cpp,2026-04-20T20:36:05.6845739Z,not clang-formatted,https://github.com/GS76/mfree_iwf_ul_cut_refine_windows_ver/actions/runs/24688328553,push,2026-04-20T20:19:56Z,failure
24688328553,c6f6ed66b7841cff783e0bcabcb1c44ff5dec975,docs: update work log with completed tasks and next steps,quality,formatting,clang-format,Meshing/gmsh-4.15.2-Windows64-sdk/share/doc/gmsh/tutorials/c++/t16.cpp,2026-04-20T20:36:05.6846124Z,not clang-formatted,https://github.com/GS76/mfree_iwf_ul_cut_refine_windows_ver/actions/runs/24688328553,push,2026-04-20T20:19:56Z,failure
24688328553,c6f6ed66b7841cff783e0bcabcb1c44ff5dec975,docs: update work log with completed tasks and next steps,quality,formatting,clang-format,Meshing/gmsh-4.15.2-Windows64-sdk/share/doc/gmsh/tutorials/c++/t17.cpp,2026-04-20T20:36:05.6846518Z,not clang-formatted,https://github.com/GS76/mfree_iwf_ul_cut_refine_windows_ver/actions/runs/24688328553,push,2026-04-20T20:19:56Z,failure
24688328553,c6f6ed66b7841cff783e0bcabcb1c44ff5dec975,docs: update work log with completed tasks and next steps,quality,formatting,clang-format,Meshing/gmsh-4.15.2-Windows64-sdk/share/doc/gmsh/tutorials/c++/t18.cpp,2026-04-20T20:36:05.6846904Z,not clang-formatted,https://github.com/GS76/mfree_iwf_ul_cut_refine_windows_ver/actions/runs/24688328553,push,2026-04-20T20:19:56Z,failure
24688328553,c6f6ed66b7841cff783e0bcabcb1c44ff5dec975,docs: update work log with completed tasks and next steps,quality,formatting,clang-format,Meshing/gmsh-4.15.2-Windows64-sdk/share/doc/gmsh/tutorials/c++/t19.cpp,2026-04-20T20:36:05.6847301Z,not clang-formatted,https://github.com/GS76/mfree_iwf_ul_cut_refine_windows_ver/actions/runs/24688328553,push,2026-04-20T20:19:56Z,failure
24688328553,c6f6ed66b7841cff783e0bcabcb1c44ff5dec975,docs: update work log with completed tasks and next steps,quality,formatting,clang-format,Meshing/gmsh-4.15.2-Windows64-sdk/share/doc/gmsh/tutorials/c++/t2.cpp,2026-04-20T20:36:05.6847696Z,not clang-formatted,https://github.com/GS76/mfree_iwf_ul_cut_refine_windows_ver/actions/runs/24688328553,push,2026-04-20T20:19:56Z,failure
24688328553,c6f6ed66b7841cff783e0bcabcb1c44ff5dec975,docs: update work log with completed tasks and next steps,quality,formatting,clang-format,Meshing/gmsh-4.15.2-Windows64-sdk/share/doc/gmsh/tutorials/c++/t20.cpp,2026-04-20T20:36:05.6848079Z,not clang-formatted,https://github.com/GS76/mfree_iwf_ul_cut_refine_windows_ver/actions/runs/24688328553,push,2026-04-20T20:19:56Z,failure
24688328553,c6f6ed66b7841cff783e0bcabcb1c44ff5dec975,docs: update work log with completed tasks and next steps,quality,formatting,clang-format,Meshing/gmsh-4.15.2-Windows64-sdk/share/doc/gmsh/tutorials/c++/t21.cpp,2026-04-20T20:36:05.6848473Z,not clang-formatted,https://github.com/GS76/mfree_iwf_ul_cut_refine_windows_ver/actions/runs/24688328553,push,2026-04-20T20:19:56Z,failure
24688328553,c6f6ed66b7841cff783e0bcabcb1c44ff5dec975,docs: update work log with completed tasks and next steps,quality,formatting,clang-format,Meshing/gmsh-4.15.2-Windows64-sdk/share/doc/gmsh/tutorials/c++/t3.cpp,2026-04-20T20:36:05.6849009Z,not clang-formatted,https://github.com/GS76/mfree_iwf_ul_cut_refine_windows_ver/actions/runs/24688328553,push,2026-04-20T20:19:56Z,failure
24688328553,c6f6ed66b7841cff783e0bcabcb1c44ff5dec975,docs: update work log with completed tasks and next steps,quality,formatting,clang-format,Meshing/gmsh-4.15.2-Windows64-sdk/share/doc/gmsh/tutorials/c++/t4.cpp,2026-04-20T20:36:05.6849405Z,not clang-formatted,https://github.com/GS76/mfree_iwf_ul_cut_refine_windows_ver/actions/runs/24688328553,push,2026-04-20T20:19:56Z,failure
24688328553,c6f6ed66b7841cff783e0bcabcb1c44ff5dec975,docs: update work log with completed tasks and next steps,quality,formatting,clang-format,Meshing/gmsh-4.15.2-Windows64-sdk/share/doc/gmsh/tutorials/c++/t5.cpp,2026-04-20T20:36:05.6849789Z,not clang-formatted,https://github.com/GS76/mfree_iwf_ul_cut_refine_windows_ver/actions/runs/24688328553,push,2026-04-20T20:19:56Z,failure
24688328553,c6f6ed66b7841cff783e0bcabcb1c44ff5dec975,docs: update work log with completed tasks and next steps,quality,formatting,clang-format,Meshing/gmsh-4.15.2-Windows64-sdk/share/doc/gmsh/tutorials/c++/t6.cpp,2026-04-20T20:36:05.6850177Z,not clang-formatted,https://github.com/GS76/mfree_iwf_ul_cut_refine_windows_ver/actions/runs/24688328553,push,2026-04-20T20:19:56Z,failure
24688328553,c6f6ed66b7841cff783e0bcabcb1c44ff5dec975,docs: update work log with completed tasks and next steps,quality,formatting,clang-format,Meshing/gmsh-4.15.2-Windows64-sdk/share/doc/gmsh/tutorials/c++/t7.cpp,2026-04-20T20:36:05.6850567Z,not clang-formatted,https://github.com/GS76/mfree_iwf_ul_cut_refine_windows_ver/actions/runs/24688328553,push,2026-04-20T20:19:56Z,failure
24688328553,c6f6ed66b7841cff783e0bcabcb1c44ff5dec975,docs: update work log with completed tasks and next steps,quality,formatting,clang-format,Meshing/gmsh-4.15.2-Windows64-sdk/share/doc/gmsh/tutorials/c++/t8.cpp,2026-04-20T20:36:05.6850952Z,not clang-formatted,https://github.com/GS76/mfree_iwf_ul_cut_refine_windows_ver/actions/runs/24688328553,push,2026-04-20T20:19:56Z,failure
24688328553,c6f6ed66b7841cff783e0bcabcb1c44ff5dec975,docs: update work log with completed tasks and next steps,quality,formatting,clang-format,Meshing/gmsh-4.15.2-Windows64-sdk/share/doc/gmsh/tutorials/c++/t9.cpp,2026-04-20T20:36:05.6851345Z,not clang-formatted,https://github.com/GS76/mfree_iwf_ul_cut_refine_windows_ver/actions/runs/24688328553,push,2026-04-20T20:19:56Z,failure
24688328553,c6f6ed66b7841cff783e0bcabcb1c44ff5dec975,docs: update work log with completed tasks and next steps,quality,formatting,clang-format,Meshing/gmsh-4.15.2-Windows64-sdk/share/doc/gmsh/tutorials/c++/x1.cpp,2026-04-20T20:36:05.6851722Z,not clang-formatted,https://github.com/GS76/mfree_iwf_ul_cut_refine_windows_ver/actions/runs/24688328553,push,2026-04-20T20:19:56Z,failure
24688328553,c6f6ed66b7841cff783e0bcabcb1c44ff5dec975,docs: update work log with completed tasks and next steps,quality,formatting,clang-format,Meshing/gmsh-4.15.2-Windows64-sdk/share/doc/gmsh/tutorials/c++/x2.cpp,2026-04-20T20:36:05.6852111Z,not clang-formatted,https://github.com/GS76/mfree_iwf_ul_cut_refine_windows_ver/actions/runs/24688328553,push,2026-04-20T20:19:56Z,failure
24688328553,c6f6ed66b7841cff783e0bcabcb1c44ff5dec975,docs: update work log with completed tasks and next steps,quality,formatting,clang-format,Meshing/gmsh-4.15.2-Windows64-sdk/share/doc/gmsh/tutorials/c++/x3.cpp,2026-04-20T20:36:05.6852502Z,not clang-formatted,https://github.com/GS76/mfree_iwf_ul_cut_refine_windows_ver/actions/runs/24688328553,push,2026-04-20T20:19:56Z,failure
24688328553,c6f6ed66b7841cff783e0bcabcb1c44ff5dec975,docs: update work log with completed tasks and next steps,quality,formatting,clang-format,Meshing/gmsh-4.15.2-Windows64-sdk/share/doc/gmsh/tutorials/c++/x4.cpp,2026-04-20T20:36:05.6852887Z,not clang-formatted,https://github.com/GS76/mfree_iwf_ul_cut_refine_windows_ver/actions/runs/24688328553,push,2026-04-20T20:19:56Z,failure
24688328553,c6f6ed66b7841cff783e0bcabcb1c44ff5dec975,docs: update work log with completed tasks and next steps,quality,formatting,clang-format,Meshing/gmsh-4.15.2-Windows64-sdk/share/doc/gmsh/tutorials/c++/x5.cpp,2026-04-20T20:36:05.6853275Z,not clang-formatted,https://github.com/GS76/mfree_iwf_ul_cut_refine_windows_ver/actions/runs/24688328553,push,2026-04-20T20:19:56Z,failure
24688328553,c6f6ed66b7841cff783e0bcabcb1c44ff5dec975,docs: update work log with completed tasks and next steps,quality,formatting,clang-format,Meshing/gmsh-4.15.2-Windows64-sdk/share/doc/gmsh/tutorials/c++/x6.cpp,2026-04-20T20:36:05.6853655Z,not clang-formatted,https://github.com/GS76/mfree_iwf_ul_cut_refine_windows_ver/actions/runs/24688328553,push,2026-04-20T20:19:56Z,failure
24688328553,c6f6ed66b7841cff783e0bcabcb1c44ff5dec975,docs: update work log with completed tasks and next steps,quality,formatting,clang-format,Meshing/gmsh-4.15.2-Windows64-sdk/share/doc/gmsh/tutorials/c++/x7.cpp,2026-04-20T20:36:05.6854044Z,not clang-formatted,https://github.com/GS76/mfree_iwf_ul_cut_refine_windows_ver/actions/runs/24688328553,push,2026-04-20T20:19:56Z,failure
24688328553,c6f6ed66b7841cff783e0bcabcb1c44ff5dec975,docs: update work log with completed tasks and next steps,quality,formatting,clang-format,Meshing/gmsh-4.15.2-Windows64-sdk/share/doc/gmsh/tutorials/c/t1.c,2026-04-20T20:36:05.6854425Z,not clang-formatted,https://github.com/GS76/mfree_iwf_ul_cut_refine_windows_ver/actions/runs/24688328553,push,2026-04-20T20:19:56Z,failure
24688328553,c6f6ed66b7841cff783e0bcabcb1c44ff5dec975,docs: update work log with completed tasks and next steps,quality,formatting,clang-format,Meshing/gmsh-4.15.2-Windows64-sdk/share/doc/gmsh/tutorials/c/t16.c,2026-04-20T20:36:05.6854805Z,not clang-formatted,https://github.com/GS76/mfree_iwf_ul_cut_refine_windows_ver/actions/runs/24688328553,push,2026-04-20T20:19:56Z,failure
24688328553,c6f6ed66b7841cff783e0bcabcb1c44ff5dec975,docs: update work log with completed tasks and next steps,quality,formatting,clang-format,Meshing/gmsh-4.15.2-Windows64-sdk/share/doc/gmsh/tutorials/c/t2.c,2026-04-20T20:36:05.6855257Z,not clang-formatted,https://github.com/GS76/mfree_iwf_ul_cut_refine_windows_ver/actions/runs/24688328553,push,2026-04-20T20:19:56Z,failure
24688328553,c6f6ed66b7841cff783e0bcabcb1c44ff5dec975,docs: update work log with completed tasks and next steps,quality,formatting,clang-format,Meshing/gmsh-4.15.2-Windows64-sdk/share/doc/gmsh/tutorials/c/t6.c,2026-04-20T20:36:05.6855621Z,not clang-formatted,https://github.com/GS76/mfree_iwf_ul_cut_refine_windows_ver/actions/runs/24688328553,push,2026-04-20T20:19:56Z,failure
24688328553,c6f6ed66b7841cff783e0bcabcb1c44ff5dec975,docs: update work log with completed tasks and next steps,quality,formatting,clang-format,Meshing/gmsh-4.15.2-Windows64/examples/api/adapt_mesh.cpp,2026-04-20T20:36:05.6855978Z,not clang-formatted,https://github.com/GS76/mfree_iwf_ul_cut_refine_windows_ver/actions/runs/24688328553,push,2026-04-20T20:19:56Z,failure
24688328553,c6f6ed66b7841cff783e0bcabcb1c44ff5dec975,docs: update work log with completed tasks and next steps,quality,formatting,clang-format,Meshing/gmsh-4.15.2-Windows64/examples/api/boolean.cpp,2026-04-20T20:36:05.6856304Z,not clang-formatted,https://github.com/GS76/mfree_iwf_ul_cut_refine_windows_ver/actions/runs/24688328553,push,2026-04-20T20:19:56Z,failure
24688328553,c6f6ed66b7841cff783e0bcabcb1c44ff5dec975,docs: update work log with completed tasks and next steps,quality,formatting,clang-format,Meshing/gmsh-4.15.2-Windows64/examples/api/custom_gui.cpp,2026-04-20T20:36:05.6856636Z,not clang-formatted,https://github.com/GS76/mfree_iwf_ul_cut_refine_windows_ver/actions/runs/24688328553,push,2026-04-20T20:19:56Z,failure
24688328553,c6f6ed66b7841cff783e0bcabcb1c44ff5dec975,docs: update work log with completed tasks and next steps,quality,formatting,clang-format,Meshing/gmsh-4.15.2-Windows64/examples/api/discrete.cpp,2026-04-20T20:36:05.6856969Z,not clang-formatted,https://github.com/GS76/mfree_iwf_ul_cut_refine_windows_ver/actions/runs/24688328553,push,2026-04-20T20:19:56Z,failure
24688328553,c6f6ed66b7841cff783e0bcabcb1c44ff5dec975,docs: update work log with completed tasks and next steps,quality,formatting,clang-format,Meshing/gmsh-4.15.2-Windows64/examples/api/edges.cpp,2026-04-20T20:36:05.6857292Z,not clang-formatted,https://github.com/GS76/mfree_iwf_ul_cut_refine_windows_ver/actions/runs/24688328553,push,2026-04-20T20:19:56Z,failure
24688328553,c6f6ed66b7841cff783e0bcabcb1c44ff5dec975,docs: update work log with completed tasks and next steps,quality,formatting,clang-format,Meshing/gmsh-4.15.2-Windows64/examples/api/explore.cpp,2026-04-20T20:36:05.6857605Z,not clang-formatted,https://github.com/GS76/mfree_iwf_ul_cut_refine_windows_ver/actions/runs/24688328553,push,2026-04-20T20:19:56Z,failure
24688328553,c6f6ed66b7841cff783e0bcabcb1c44ff5dec975,docs: update work log with completed tasks and next steps,quality,formatting,clang-format,Meshing/gmsh-4.15.2-Windows64/examples/api/faces.cpp,2026-04-20T20:36:05.6857914Z,not clang-formatted,https://github.com/GS76/mfree_iwf_ul_cut_refine_windows_ver/actions/runs/24688328553,push,2026-04-20T20:19:56Z,failure
24688328553,c6f6ed66b7841cff783e0bcabcb1c44ff5dec975,docs: update work log with completed tasks and next steps,quality,formatting,clang-format,Meshing/gmsh-4.15.2-Windows64/examples/api/fragment_surfaces.cpp,2026-04-20T20:36:05.6858258Z,not clang-formatted,https://github.com/GS76/mfree_iwf_ul_cut_refine_windows_ver/actions/runs/24688328553,push,2026-04-20T20:19:56Z,failure
24688328553,c6f6ed66b7841cff783e0bcabcb1c44ff5dec975,docs: update work log with completed tasks and next steps,quality,formatting,clang-format,Meshing/gmsh-4.15.2-Windows64/examples/api/get_data_perf.cpp,2026-04-20T20:36:05.6858623Z,not clang-formatted,https://github.com/GS76/mfree_iwf_ul_cut_refine_windows_ver/actions/runs/24688328553,push,2026-04-20T20:19:56Z,failure
24688328553,c6f6ed66b7841cff783e0bcabcb1c44ff5dec975,docs: update work log with completed tasks and next steps,quality,formatting,clang-format,Meshing/gmsh-4.15.2-Windows64/examples/api/gui.cpp,2026-04-20T20:36:05.6859074Z,not clang-formatted,https://github.com/GS76/mfree_iwf_ul_cut_refine_windows_ver/actions/runs/24688328553,push,2026-04-20T20:19:56Z,failure
24688328553,c6f6ed66b7841cff783e0bcabcb1c44ff5dec975,docs: update work log with completed tasks and next steps,quality,formatting,clang-format,Meshing/gmsh-4.15.2-Windows64/examples/api/import_perf.c,2026-04-20T20:36:05.6859382Z,not clang-formatted,https://github.com/GS76/mfree_iwf_ul_cut_refine_windows_ver/actions/runs/24688328553,push,2026-04-20T20:19:56Z,failure
24688328553,c6f6ed66b7841cff783e0bcabcb1c44ff5dec975,docs: update work log with completed tasks and next steps,quality,formatting,clang-format,Meshing/gmsh-4.15.2-Windows64/examples/api/import_perf.cpp,2026-04-20T20:36:05.6859723Z,not clang-formatted,https://github.com/GS76/mfree_iwf_ul_cut_refine_windows_ver/actions/runs/24688328553,push,2026-04-20T20:19:56Z,failure
24688328553,c6f6ed66b7841cff783e0bcabcb1c44ff5dec975,docs: update work log with completed tasks and next steps,quality,formatting,clang-format,Meshing/gmsh-4.15.2-Windows64/examples/api/onelab_run_auto.c,2026-04-20T20:36:05.6860068Z,not clang-formatted,https://github.com/GS76/mfree_iwf_ul_cut_refine_windows_ver/actions/runs/24688328553,push,2026-04-20T20:19:56Z,failure
24688328553,c6f6ed66b7841cff783e0bcabcb1c44ff5dec975,docs: update work log with completed tasks and next steps,quality,formatting,clang-format,Meshing/gmsh-4.15.2-Windows64/examples/api/onelab_run_auto.cpp,2026-04-20T20:36:05.6860437Z,not clang-formatted,https://github.com/GS76/mfree_iwf_ul_cut_refine_windows_ver/actions/runs/24688328553,push,2026-04-20T20:19:56Z,failure
24688328553,c6f6ed66b7841cff783e0bcabcb1c44ff5dec975,docs: update work log with completed tasks and next steps,quality,formatting,clang-format,Meshing/gmsh-4.15.2-Windows64/examples/api/open.cpp,2026-04-20T20:36:05.6860778Z,not clang-formatted,https://github.com/GS76/mfree_iwf_ul_cut_refine_windows_ver/actions/runs/24688328553,push,2026-04-20T20:19:56Z,failure
24688328553,c6f6ed66b7841cff783e0bcabcb1c44ff5dec975,docs: update work log with completed tasks and next steps,quality,formatting,clang-format,Meshing/gmsh-4.15.2-Windows64/examples/api/partition.cpp,2026-04-20T20:36:05.6861172Z,not clang-formatted,https://github.com/GS76/mfree_iwf_ul_cut_refine_windows_ver/actions/runs/24688328553,push,2026-04-20T20:19:56Z,failure
24688328553,c6f6ed66b7841cff783e0bcabcb1c44ff5dec975,docs: update work log with completed tasks and next steps,quality,formatting,clang-format,Meshing/gmsh-4.15.2-Windows64/examples/api/plugin.cpp,2026-04-20T20:36:05.6861490Z,not clang-formatted,https://github.com/GS76/mfree_iwf_ul_cut_refine_windows_ver/actions/runs/24688328553,push,2026-04-20T20:19:56Z,failure
24688328553,c6f6ed66b7841cff783e0bcabcb1c44ff5dec975,docs: update work log with completed tasks and next steps,quality,formatting,clang-format,Meshing/gmsh-4.15.2-Windows64/examples/api/raw_tetrahedralization.cpp,2026-04-20T20:36:05.6861837Z,not clang-formatted,https://github.com/GS76/mfree_iwf_ul_cut_refine_windows_ver/actions/runs/24688328553,push,2026-04-20T20:19:56Z,failure
24688328553,c6f6ed66b7841cff783e0bcabcb1c44ff5dec975,docs: update work log with completed tasks and next steps,quality,formatting,clang-format,Meshing/gmsh-4.15.2-Windows64/examples/api/simple.c,2026-04-20T20:36:05.6862185Z,not clang-formatted,https://github.com/GS76/mfree_iwf_ul_cut_refine_windows_ver/actions/runs/24688328553,push,2026-04-20T20:19:56Z,failure
24688328553,c6f6ed66b7841cff783e0bcabcb1c44ff5dec975,docs: update work log with completed tasks and next steps,quality,formatting,clang-format,Meshing/gmsh-4.15.2-Windows64/examples/api/simple.cpp,2026-04-20T20:36:05.6862480Z,not clang-formatted,https://github.com/GS76/mfree_iwf_ul_cut_refine_windows_ver/actions/runs/24688328553,push,2026-04-20T20:19:56Z,failure
24688328553,c6f6ed66b7841cff783e0bcabcb1c44ff5dec975,docs: update work log with completed tasks and next steps,quality,formatting,clang-format,Meshing/gmsh-4.15.2-Windows64/examples/api/spline.cpp,2026-04-20T20:36:05.6862782Z,not clang-formatted,https://github.com/GS76/mfree_iwf_ul_cut_refine_windows_ver/actions/runs/24688328553,push,2026-04-20T20:19:56Z,failure
24688328553,c6f6ed66b7841cff783e0bcabcb1c44ff5dec975,docs: update work log with completed tasks and next steps,quality,formatting,clang-format,Meshing/gmsh-4.15.2-Windows64/examples/api/square.cpp,2026-04-20T20:36:05.6863082Z,not clang-formatted,https://github.com/GS76/mfree_iwf_ul_cut_refine_windows_ver/actions/runs/24688328553,push,2026-04-20T20:19:56Z,failure
24688328553,c6f6ed66b7841cff783e0bcabcb1c44ff5dec975,docs: update work log with completed tasks and next steps,quality,formatting,clang-format,Meshing/gmsh-4.15.2-Windows64/examples/api/test.c,2026-04-20T20:36:05.6863365Z,not clang-formatted,https://github.com/GS76/mfree_iwf_ul_cut_refine_windows_ver/actions/runs/24688328553,push,2026-04-20T20:19:56Z,failure
24688328553,c6f6ed66b7841cff783e0bcabcb1c44ff5dec975,docs: update work log with completed tasks and next steps,quality,formatting,clang-format,Meshing/gmsh-4.15.2-Windows64/examples/api/view.cpp,2026-04-20T20:36:05.6863655Z,not clang-formatted,https://github.com/GS76/mfree_iwf_ul_cut_refine_windows_ver/actions/runs/24688328553,push,2026-04-20T20:19:56Z,failure
24688328553,c6f6ed66b7841cff783e0bcabcb1c44ff5dec975,docs: update work log with completed tasks and next steps,quality,formatting,clang-format,Meshing/gmsh-4.15.2-Windows64/examples/api/viewlist.cpp,2026-04-20T20:36:05.6863954Z,not clang-formatted,https://github.com/GS76/mfree_iwf_ul_cut_refine_windows_ver/actions/runs/24688328553,push,2026-04-20T20:19:56Z,failure
24688328553,c6f6ed66b7841cff783e0bcabcb1c44ff5dec975,docs: update work log with completed tasks and next steps,quality,formatting,clang-format,Meshing/gmsh-4.15.2-Windows64/tutorials/c++/t1.cpp,2026-04-20T20:36:05.6864266Z,not clang-formatted,https://github.com/GS76/mfree_iwf_ul_cut_refine_windows_ver/actions/runs/24688328553,push,2026-04-20T20:19:56Z,failure
24688328553,c6f6ed66b7841cff783e0bcabcb1c44ff5dec975,docs: update work log with completed tasks and next steps,quality,formatting,clang-format,Meshing/gmsh-4.15.2-Windows64/tutorials/c++/t10.cpp,2026-04-20T20:36:05.6864566Z,not clang-formatted,https://github.com/GS76/mfree_iwf_ul_cut_refine_windows_ver/actions/runs/24688328553,push,2026-04-20T20:19:56Z,failure
24688328553,c6f6ed66b7841cff783e0bcabcb1c44ff5dec975,docs: update work log with completed tasks and next steps,quality,formatting,clang-format,Meshing/gmsh-4.15.2-Windows64/tutorials/c++/t11.cpp,2026-04-20T20:36:05.6864875Z,not clang-formatted,https://github.com/GS76/mfree_iwf_ul_cut_refine_windows_ver/actions/runs/24688328553,push,2026-04-20T20:19:56Z,failure
24688328553,c6f6ed66b7841cff783e0bcabcb1c44ff5dec975,docs: update work log with completed tasks and next steps,quality,formatting,clang-format,Meshing/gmsh-4.15.2-Windows64/tutorials/c++/t12.cpp,2026-04-20T20:36:05.6865148Z,not clang-formatted,https://github.com/GS76/mfree_iwf_ul_cut_refine_windows_ver/actions/runs/24688328553,push,2026-04-20T20:19:56Z,failure
24688328553,c6f6ed66b7841cff783e0bcabcb1c44ff5dec975,docs: update work log with completed tasks and next steps,quality,formatting,clang-format,Meshing/gmsh-4.15.2-Windows64/tutorials/c++/t13.cpp,2026-04-20T20:36:05.6865428Z,not clang-formatted,https://github.com/GS76/mfree_iwf_ul_cut_refine_windows_ver/actions/runs/24688328553,push,2026-04-20T20:19:56Z,failure
24688328553,c6f6ed66b7841cff783e0bcabcb1c44ff5dec975,docs: update work log with completed tasks and next steps,quality,formatting,clang-format,Meshing/gmsh-4.15.2-Windows64/tutorials/c++/t14.cpp,2026-04-20T20:36:05.6865700Z,not clang-formatted,https://github.com/GS76/mfree_iwf_ul_cut_refine_windows_ver/actions/runs/24688328553,push,2026-04-20T20:19:56Z,failure
24688328553,c6f6ed66b7841cff783e0bcabcb1c44ff5dec975,docs: update work log with completed tasks and next steps,quality,formatting,clang-format,Meshing/gmsh-4.15.2-Windows64/tutorials/c++/t15.cpp,2026-04-20T20:36:05.6865982Z,not clang-formatted,https://github.com/GS76/mfree_iwf_ul_cut_refine_windows_ver/actions/runs/24688328553,push,2026-04-20T20:19:56Z,failure
24688328553,c6f6ed66b7841cff783e0bcabcb1c44ff5dec975,docs: update work log with completed tasks and next steps,quality,formatting,clang-format,Meshing/gmsh-4.15.2-Windows64/tutorials/c++/t16.cpp,2026-04-20T20:36:05.6866289Z,not clang-formatted,https://github.com/GS76/mfree_iwf_ul_cut_refine_windows_ver/actions/runs/24688328553,push,2026-04-20T20:19:56Z,failure
24688328553,c6f6ed66b7841cff783e0bcabcb1c44ff5dec975,docs: update work log with completed tasks and next steps,quality,formatting,clang-format,Meshing/gmsh-4.15.2-Windows64/tutorials/c++/t17.cpp,2026-04-20T20:36:05.6866587Z,not clang-formatted,https://github.com/GS76/mfree_iwf_ul_cut_refine_windows_ver/actions/runs/24688328553,push,2026-04-20T20:19:56Z,failure
24688328553,c6f6ed66b7841cff783e0bcabcb1c44ff5dec975,docs: update work log with completed tasks and next steps,quality,formatting,clang-format,Meshing/gmsh-4.15.2-Windows64/tutorials/c++/t18.cpp,2026-04-20T20:36:05.6866866Z,not clang-formatted,https://github.com/GS76/mfree_iwf_ul_cut_refine_windows_ver/actions/runs/24688328553,push,2026-04-20T20:19:56Z,failure
24688328553,c6f6ed66b7841cff783e0bcabcb1c44ff5dec975,docs: update work log with completed tasks and next steps,quality,formatting,clang-format,Meshing/gmsh-4.15.2-Windows64/tutorials/c++/t19.cpp,2026-04-20T20:36:05.6867137Z,not clang-formatted,https://github.com/GS76/mfree_iwf_ul_cut_refine_windows_ver/actions/runs/24688328553,push,2026-04-20T20:19:56Z,failure
24688328553,c6f6ed66b7841cff783e0bcabcb1c44ff5dec975,docs: update work log with completed tasks and next steps,quality,formatting,clang-format,Meshing/gmsh-4.15.2-Windows64/tutorials/c++/t2.cpp,2026-04-20T20:36:05.6867418Z,not clang-formatted,https://github.com/GS76/mfree_iwf_ul_cut_refine_windows_ver/actions/runs/24688328553,push,2026-04-20T20:19:56Z,failure
24688328553,c6f6ed66b7841cff783e0bcabcb1c44ff5dec975,docs: update work log with completed tasks and next steps,quality,formatting,clang-format,Meshing/gmsh-4.15.2-Windows64/tutorials/c++/t20.cpp,2026-04-20T20:36:05.6867695Z,not clang-formatted,https://github.com/GS76/mfree_iwf_ul_cut_refine_windows_ver/actions/runs/24688328553,push,2026-04-20T20:19:56Z,failure
24688328553,c6f6ed66b7841cff783e0bcabcb1c44ff5dec975,docs: update work log with completed tasks and next steps,quality,formatting,clang-format,Meshing/gmsh-4.15.2-Windows64/tutorials/c++/t21.cpp,2026-04-20T20:36:05.6867979Z,not clang-formatted,https://github.com/GS76/mfree_iwf_ul_cut_refine_windows_ver/actions/runs/24688328553,push,2026-04-20T20:19:56Z,failure
24688328553,c6f6ed66b7841cff783e0bcabcb1c44ff5dec975,docs: update work log with completed tasks and next steps,quality,formatting,clang-format,Meshing/gmsh-4.15.2-Windows64/tutorials/c++/t3.cpp,2026-04-20T20:36:05.6868259Z,not clang-formatted,https://github.com/GS76/mfree_iwf_ul_cut_refine_windows_ver/actions/runs/24688328553,push,2026-04-20T20:19:56Z,failure
24688328553,c6f6ed66b7841cff783e0bcabcb1c44ff5dec975,docs: update work log with completed tasks and next steps,quality,formatting,clang-format,Meshing/gmsh-4.15.2-Windows64/tutorials/c++/t4.cpp,2026-04-20T20:36:05.6868543Z,not clang-formatted,https://github.com/GS76/mfree_iwf_ul_cut_refine_windows_ver/actions/runs/24688328553,push,2026-04-20T20:19:56Z,failure
24688328553,c6f6ed66b7841cff783e0bcabcb1c44ff5dec975,docs: update work log with completed tasks and next steps,quality,formatting,clang-format,Meshing/gmsh-4.15.2-Windows64/tutorials/c++/t5.cpp,2026-04-20T20:36:05.6869024Z,not clang-formatted,https://github.com/GS76/mfree_iwf_ul_cut_refine_windows_ver/actions/runs/24688328553,push,2026-04-20T20:19:56Z,failure
24688328553,c6f6ed66b7841cff783e0bcabcb1c44ff5dec975,docs: update work log with completed tasks and next steps,quality,formatting,clang-format,Meshing/gmsh-4.15.2-Windows64/tutorials/c++/t6.cpp,2026-04-20T20:36:05.6869453Z,not clang-formatted,https://github.com/GS76/mfree_iwf_ul_cut_refine_windows_ver/actions/runs/24688328553,push,2026-04-20T20:19:56Z,failure
24688328553,c6f6ed66b7841cff783e0bcabcb1c44ff5dec975,docs: update work log with completed tasks and next steps,quality,formatting,clang-format,Meshing/gmsh-4.15.2-Windows64/tutorials/c++/t7.cpp,2026-04-20T20:36:05.6869917Z,not clang-formatted,https://github.com/GS76/mfree_iwf_ul_cut_refine_windows_ver/actions/runs/24688328553,push,2026-04-20T20:19:56Z,failure
24688328553,c6f6ed66b7841cff783e0bcabcb1c44ff5dec975,docs: update work log with completed tasks and next steps,quality,formatting,clang-format,Meshing/gmsh-4.15.2-Windows64/tutorials/c++/t8.cpp,2026-04-20T20:36:05.6870565Z,not clang-formatted,https://github.com/GS76/mfree_iwf_ul_cut_refine_windows_ver/actions/runs/24688328553,push,2026-04-20T20:19:56Z,failure
24688328553,c6f6ed66b7841cff783e0bcabcb1c44ff5dec975,docs: update work log with completed tasks and next steps,quality,formatting,clang-format,Meshing/gmsh-4.15.2-Windows64/tutorials/c++/t9.cpp,2026-04-20T20:36:05.6870985Z,not clang-formatted,https://github.com/GS76/mfree_iwf_ul_cut_refine_windows_ver/actions/runs/24688328553,push,2026-04-20T20:19:56Z,failure
24688328553,c6f6ed66b7841cff783e0bcabcb1c44ff5dec975,docs: update work log with completed tasks and next steps,quality,formatting,clang-format,Meshing/gmsh-4.15.2-Windows64/tutorials/c++/x1.cpp,2026-04-20T20:36:05.6871595Z,not clang-formatted,https://github.com/GS76/mfree_iwf_ul_cut_refine_windows_ver/actions/runs/24688328553,push,2026-04-20T20:19:56Z,failure
24688328553,c6f6ed66b7841cff783e0bcabcb1c44ff5dec975,docs: update work log with completed tasks and next steps,quality,formatting,clang-format,Meshing/gmsh-4.15.2-Windows64/tutorials/c++/x2.cpp,2026-04-20T20:36:05.6871883Z,not clang-formatted,https://github.com/GS76/mfree_iwf_ul_cut_refine_windows_ver/actions/runs/24688328553,push,2026-04-20T20:19:56Z,failure
24688328553,c6f6ed66b7841cff783e0bcabcb1c44ff5dec975,docs: update work log with completed tasks and next steps,quality,formatting,clang-format,Meshing/gmsh-4.15.2-Windows64/tutorials/c++/x3.cpp,2026-04-20T20:36:05.6872165Z,not clang-formatted,https://github.com/GS76/mfree_iwf_ul_cut_refine_windows_ver/actions/runs/24688328553,push,2026-04-20T20:19:56Z,failure
24688328553,c6f6ed66b7841cff783e0bcabcb1c44ff5dec975,docs: update work log with completed tasks and next steps,quality,formatting,clang-format,Meshing/gmsh-4.15.2-Windows64/tutorials/c++/x4.cpp,2026-04-20T20:36:05.6872434Z,not clang-formatted,https://github.com/GS76/mfree_iwf_ul_cut_refine_windows_ver/actions/runs/24688328553,push,2026-04-20T20:19:56Z,failure
24688328553,c6f6ed66b7841cff783e0bcabcb1c44ff5dec975,docs: update work log with completed tasks and next steps,quality,formatting,clang-format,Meshing/gmsh-4.15.2-Windows64/tutorials/c++/x5.cpp,2026-04-20T20:36:05.6872710Z,not clang-formatted,https://github.com/GS76/mfree_iwf_ul_cut_refine_windows_ver/actions/runs/24688328553,push,2026-04-20T20:19:56Z,failure
24688328553,c6f6ed66b7841cff783e0bcabcb1c44ff5dec975,docs: update work log with completed tasks and next steps,quality,formatting,clang-format,Meshing/gmsh-4.15.2-Windows64/tutorials/c++/x6.cpp,2026-04-20T20:36:05.6872986Z,not clang-formatted,https://github.com/GS76/mfree_iwf_ul_cut_refine_windows_ver/actions/runs/24688328553,push,2026-04-20T20:19:56Z,failure
24688328553,c6f6ed66b7841cff783e0bcabcb1c44ff5dec975,docs: update work log with completed tasks and next steps,quality,formatting,clang-format,Meshing/gmsh-4.15.2-Windows64/tutorials/c++/x7.cpp,2026-04-20T20:36:05.6873263Z,not clang-formatted,https://github.com/GS76/mfree_iwf_ul_cut_refine_windows_ver/actions/runs/24688328553,push,2026-04-20T20:19:56Z,failure
24688328553,c6f6ed66b7841cff783e0bcabcb1c44ff5dec975,docs: update work log with completed tasks and next steps,quality,formatting,clang-format,Meshing/gmsh-4.15.2-Windows64/tutorials/c/t1.c,2026-04-20T20:36:05.6873532Z,not clang-formatted,https://github.com/GS76/mfree_iwf_ul_cut_refine_windows_ver/actions/runs/24688328553,push,2026-04-20T20:19:56Z,failure
24688328553,c6f6ed66b7841cff783e0bcabcb1c44ff5dec975,docs: update work log with completed tasks and next steps,quality,formatting,clang-format,Meshing/gmsh-4.15.2-Windows64/tutorials/c/t16.c,2026-04-20T20:36:05.6873812Z,not clang-formatted,https://github.com/GS76/mfree_iwf_ul_cut_refine_windows_ver/actions/runs/24688328553,push,2026-04-20T20:19:56Z,failure
24688328553,c6f6ed66b7841cff783e0bcabcb1c44ff5dec975,docs: update work log with completed tasks and next steps,quality,formatting,clang-format,Meshing/gmsh-4.15.2-Windows64/tutorials/c/t2.c,2026-04-20T20:36:05.6874077Z,not clang-formatted,https://github.com/GS76/mfree_iwf_ul_cut_refine_windows_ver/actions/runs/24688328553,push,2026-04-20T20:19:56Z,failure
24688328553,c6f6ed66b7841cff783e0bcabcb1c44ff5dec975,docs: update work log with completed tasks and next steps,quality,formatting,clang-format,Meshing/gmsh-4.15.2-Windows64/tutorials/c/t6.c,2026-04-20T20:36:05.6874347Z,not clang-formatted,https://github.com/GS76/mfree_iwf_ul_cut_refine_windows_ver/actions/runs/24688328553,push,2026-04-20T20:19:56Z,failure
24688328553,c6f6ed66b7841cff783e0bcabcb1c44ff5dec975,docs: update work log with completed tasks and next steps,quality,formatting,clang-format,src/adaptivity.cpp,2026-04-20T20:36:05.6874588Z,not clang-formatted,https://github.com/GS76/mfree_iwf_ul_cut_refine_windows_ver/actions/runs/24688328553,push,2026-04-20T20:19:56Z,failure
24688328553,c6f6ed66b7841cff783e0bcabcb1c44ff5dec975,docs: update work log with completed tasks and next steps,quality,formatting,clang-format,src/adaptivity.h,2026-04-20T20:36:05.6874760Z,not clang-formatted,https://github.com/GS76/mfree_iwf_ul_cut_refine_windows_ver/actions/runs/24688328553,push,2026-04-20T20:19:56Z,failure
24688328553,c6f6ed66b7841cff783e0bcabcb1c44ff5dec975,docs: update work log with completed tasks and next steps,quality,formatting,clang-format,src/benchmarks/material_library.cpp,2026-04-20T20:36:05.6874952Z,not clang-formatted,https://github.com/GS76/mfree_iwf_ul_cut_refine_windows_ver/actions/runs/24688328553,push,2026-04-20T20:19:56Z,failure
24688328553,c6f6ed66b7841cff783e0bcabcb1c44ff5dec975,docs: update work log with completed tasks and next steps,quality,formatting,clang-format,src/benchmarks/material_library.h,2026-04-20T20:36:05.6875184Z,not clang-formatted,https://github.com/GS76/mfree_iwf_ul_cut_refine_windows_ver/actions/runs/24688328553,push,2026-04-20T20:19:56Z,failure
24688328553,c6f6ed66b7841cff783e0bcabcb1c44ff5dec975,docs: update work log with completed tasks and next steps,quality,formatting,clang-format,src/benchmarks/test_benches.cpp,2026-04-20T20:36:05.6875414Z,not clang-formatted,https://github.com/GS76/mfree_iwf_ul_cut_refine_windows_ver/actions/runs/24688328553,push,2026-04-20T20:19:56Z,failure
24688328553,c6f6ed66b7841cff783e0bcabcb1c44ff5dec975,docs: update work log with completed tasks and next steps,quality,formatting,clang-format,src/benchmarks/test_cuttings.cpp,2026-04-20T20:36:05.6875630Z,not clang-formatted,https://github.com/GS76/mfree_iwf_ul_cut_refine_windows_ver/actions/runs/24688328553,push,2026-04-20T20:19:56Z,failure
24688328553,c6f6ed66b7841cff783e0bcabcb1c44ff5dec975,docs: update work log with completed tasks and next steps,quality,formatting,clang-format,src/benchmarks/test_cuttings.h,2026-04-20T20:36:05.6875857Z,not clang-formatted,https://github.com/GS76/mfree_iwf_ul_cut_refine_windows_ver/actions/runs/24688328553,push,2026-04-20T20:19:56Z,failure
24688328553,c6f6ed66b7841cff783e0bcabcb1c44ff5dec975,docs: update work log with completed tasks and next steps,quality,formatting,clang-format,src/benchmarks/test_density.cpp,2026-04-20T20:36:05.6876070Z,not clang-formatted,https://github.com/GS76/mfree_iwf_ul_cut_refine_windows_ver/actions/runs/24688328553,push,2026-04-20T20:19:56Z,failure
24688328553,c6f6ed66b7841cff783e0bcabcb1c44ff5dec975,docs: update work log with completed tasks and next steps,quality,formatting,clang-format,src/benchmarks/test_geom_validation_math.cpp,2026-04-20T20:36:05.6876310Z,not clang-formatted,https://github.com/GS76/mfree_iwf_ul_cut_refine_windows_ver/actions/runs/24688328553,push,2026-04-20T20:19:56Z,failure
24688328553,c6f6ed66b7841cff783e0bcabcb1c44ff5dec975,docs: update work log with completed tasks and next steps,quality,formatting,clang-format,src/benchmarks/validate_main.cpp,2026-04-20T20:36:05.6876639Z,not clang-formatted,https://github.com/GS76/mfree_iwf_ul_cut_refine_windows_ver/actions/runs/24688328553,push,2026-04-20T20:19:56Z,failure
24688328553,c6f6ed66b7841cff783e0bcabcb1c44ff5dec975,docs: update work log with completed tasks and next steps,quality,formatting,clang-format,src/body.cpp,2026-04-20T20:36:05.6876856Z,not clang-formatted,https://github.com/GS76/mfree_iwf_ul_cut_refine_windows_ver/actions/runs/24688328553,push,2026-04-20T20:19:56Z,failure
24688328553,c6f6ed66b7841cff783e0bcabcb1c44ff5dec975,docs: update work log with completed tasks and next steps,quality,formatting,clang-format,src/body.h,2026-04-20T20:36:05.6877018Z,not clang-formatted,https://github.com/GS76/mfree_iwf_ul_cut_refine_windows_ver/actions/runs/24688328553,push,2026-04-20T20:19:56Z,failure
24688328553,c6f6ed66b7841cff783e0bcabcb1c44ff5dec975,docs: update work log with completed tasks and next steps,quality,formatting,clang-format,src/cont_mech.cpp,2026-04-20T20:36:05.6877204Z,not clang-formatted,https://github.com/GS76/mfree_iwf_ul_cut_refine_windows_ver/actions/runs/24688328553,push,2026-04-20T20:19:56Z,failure
24688328553,c6f6ed66b7841cff783e0bcabcb1c44ff5dec975,docs: update work log with completed tasks and next steps,quality,formatting,clang-format,src/contact.cpp,2026-04-20T20:36:05.6877471Z,not clang-formatted,https://github.com/GS76/mfree_iwf_ul_cut_refine_windows_ver/actions/runs/24688328553,push,2026-04-20T20:19:56Z,failure
24688328553,c6f6ed66b7841cff783e0bcabcb1c44ff5dec975,docs: update work log with completed tasks and next steps,quality,formatting,clang-format,src/contact.h,2026-04-20T20:36:05.6877640Z,not clang-formatted,https://github.com/GS76/mfree_iwf_ul_cut_refine_windows_ver/actions/runs/24688328553,push,2026-04-20T20:19:56Z,failure
24688328553,c6f6ed66b7841cff783e0bcabcb1c44ff5dec975,docs: update work log with completed tasks and next steps,quality,formatting,clang-format,src/correctors.cpp,2026-04-20T20:36:05.6877805Z,not clang-formatted,https://github.com/GS76/mfree_iwf_ul_cut_refine_windows_ver/actions/runs/24688328553,push,2026-04-20T20:19:56Z,failure
24688328553,c6f6ed66b7841cff783e0bcabcb1c44ff5dec975,docs: update work log with completed tasks and next steps,quality,formatting,clang-format,src/correctors.h,2026-04-20T20:36:05.6877988Z,not clang-formatted,https://github.com/GS76/mfree_iwf_ul_cut_refine_windows_ver/actions/runs/24688328553,push,2026-04-20T20:19:56Z,failure
24688328553,c6f6ed66b7841cff783e0bcabcb1c44ff5dec975,docs: update work log with completed tasks and next steps,quality,formatting,clang-format,src/derivatives.cpp,2026-04-20T20:36:05.6878154Z,not clang-formatted,https://github.com/GS76/mfree_iwf_ul_cut_refine_windows_ver/actions/runs/24688328553,push,2026-04-20T20:19:56Z,failure
24688328553,c6f6ed66b7841cff783e0bcabcb1c44ff5dec975,docs: update work log with completed tasks and next steps,quality,formatting,clang-format,src/fe_tool.cpp,2026-04-20T20:36:05.6878334Z,not clang-formatted,https://github.com/GS76/mfree_iwf_ul_cut_refine_windows_ver/actions/runs/24688328553,push,2026-04-20T20:19:56Z,failure
24688328553,c6f6ed66b7841cff783e0bcabcb1c44ff5dec975,docs: update work log with completed tasks and next steps,quality,formatting,clang-format,src/fe_tool.h,2026-04-20T20:36:05.6878491Z,not clang-formatted,https://github.com/GS76/mfree_iwf_ul_cut_refine_windows_ver/actions/runs/24688328553,push,2026-04-20T20:19:56Z,failure
24688328553,c6f6ed66b7841cff783e0bcabcb1c44ff5dec975,docs: update work log with completed tasks and next steps,quality,formatting,clang-format,src/geom_validation_math.h,2026-04-20T20:36:05.6878820Z,not clang-formatted,https://github.com/GS76/mfree_iwf_ul_cut_refine_windows_ver/actions/runs/24688328553,push,2026-04-20T20:19:56Z,failure
24688328553,c6f6ed66b7841cff783e0bcabcb1c44ff5dec975,docs: update work log with completed tasks and next steps,quality,formatting,clang-format,src/glm/glm.hpp,2026-04-20T20:36:05.6879029Z,not clang-formatted,https://github.com/GS76/mfree_iwf_ul_cut_refine_windows_ver/actions/runs/24688328553,push,2026-04-20T20:19:56Z,failure
24688328553,c6f6ed66b7841cff783e0bcabcb1c44ff5dec975,docs: update work log with completed tasks and next steps,quality,formatting,clang-format,src/grid.cpp,2026-04-20T20:36:05.6879198Z,not clang-formatted,https://github.com/GS76/mfree_iwf_ul_cut_refine_windows_ver/actions/runs/24688328553,push,2026-04-20T20:19:56Z,failure
24688328553,c6f6ed66b7841cff783e0bcabcb1c44ff5dec975,docs: update work log with completed tasks and next steps,quality,formatting,clang-format,src/grid.h,2026-04-20T20:36:05.6879364Z,not clang-formatted,https://github.com/GS76/mfree_iwf_ul_cut_refine_windows_ver/actions/runs/24688328553,push,2026-04-20T20:19:56Z,failure
24688328553,c6f6ed66b7841cff783e0bcabcb1c44ff5dec975,docs: update work log with completed tasks and next steps,quality,formatting,clang-format,src/johnson_cook_Sima_2010.cpp,2026-04-20T20:36:05.6879527Z,not clang-formatted,https://github.com/GS76/mfree_iwf_ul_cut_refine_windows_ver/actions/runs/24688328553,push,2026-04-20T20:19:56Z,failure
24688328553,c6f6ed66b7841cff783e0bcabcb1c44ff5dec975,docs: update work log with completed tasks and next steps,quality,formatting,clang-format,src/johnson_cook_Sima_2010.h,2026-04-20T20:36:05.6879831Z,not clang-formatted,https://github.com/GS76/mfree_iwf_ul_cut_refine_windows_ver/actions/runs/24688328553,push,2026-04-20T20:19:56Z,failure
24688328553,c6f6ed66b7841cff783e0bcabcb1c44ff5dec975,docs: update work log with completed tasks and next steps,quality,formatting,clang-format,src/kernel.cpp,2026-04-20T20:36:05.6880029Z,not clang-formatted,https://github.com/GS76/mfree_iwf_ul_cut_refine_windows_ver/actions/runs/24688328553,push,2026-04-20T20:19:56Z,failure
24688328553,c6f6ed66b7841cff783e0bcabcb1c44ff5dec975,docs: update work log with completed tasks and next steps,quality,formatting,clang-format,src/leap_frog.cpp,2026-04-20T20:36:05.6880220Z,not clang-formatted,https://github.com/GS76/mfree_iwf_ul_cut_refine_windows_ver/actions/runs/24688328553,push,2026-04-20T20:19:56Z,failure
24688328553,c6f6ed66b7841cff783e0bcabcb1c44ff5dec975,docs: update work log with completed tasks and next steps,quality,formatting,clang-format,src/leap_frog.h,2026-04-20T20:36:05.6880382Z,not clang-formatted,https://github.com/GS76/mfree_iwf_ul_cut_refine_windows_ver/actions/runs/24688328553,push,2026-04-20T20:19:56Z,failure
24688328553,c6f6ed66b7841cff783e0bcabcb1c44ff5dec975,docs: update work log with completed tasks and next steps,quality,formatting,clang-format,src/logger.cpp,2026-04-20T20:36:05.6880547Z,not clang-formatted,https://github.com/GS76/mfree_iwf_ul_cut_refine_windows_ver/actions/runs/24688328553,push,2026-04-20T20:19:56Z,failure
24688328553,c6f6ed66b7841cff783e0bcabcb1c44ff5dec975,docs: update work log with completed tasks and next steps,quality,formatting,clang-format,src/logger.h,2026-04-20T20:36:05.6880700Z,not clang-formatted,https://github.com/GS76/mfree_iwf_ul_cut_refine_windows_ver/actions/runs/24688328553,push,2026-04-20T20:19:56Z,failure
24688328553,c6f6ed66b7841cff783e0bcabcb1c44ff5dec975,docs: update work log with completed tasks and next steps,quality,formatting,clang-format,src/material.cpp,2026-04-20T20:36:05.6880864Z,not clang-formatted,https://github.com/GS76/mfree_iwf_ul_cut_refine_windows_ver/actions/runs/24688328553,push,2026-04-20T20:19:56Z,failure
24688328553,c6f6ed66b7841cff783e0bcabcb1c44ff5dec975,docs: update work log with completed tasks and next steps,quality,formatting,clang-format,src/material.h,2026-04-20T20:36:05.6881017Z,not clang-formatted,https://github.com/GS76/mfree_iwf_ul_cut_refine_windows_ver/actions/runs/24688328553,push,2026-04-20T20:19:56Z,failure
24688328553,c6f6ed66b7841cff783e0bcabcb1c44ff5dec975,docs: update work log with completed tasks and next steps,quality,formatting,clang-format,src/particle.cpp,2026-04-20T20:36:05.6881181Z,not clang-formatted,https://github.com/GS76/mfree_iwf_ul_cut_refine_windows_ver/actions/runs/24688328553,push,2026-04-20T20:19:56Z,failure
24688328553,c6f6ed66b7841cff783e0bcabcb1c44ff5dec975,docs: update work log with completed tasks and next steps,quality,formatting,clang-format,src/particle.h,2026-04-20T20:36:05.6881336Z,not clang-formatted,https://github.com/GS76/mfree_iwf_ul_cut_refine_windows_ver/actions/runs/24688328553,push,2026-04-20T20:19:56Z,failure
24688328553,c6f6ed66b7841cff783e0bcabcb1c44ff5dec975,docs: update work log with completed tasks and next steps,quality,formatting,clang-format,src/plasticity.cpp,2026-04-20T20:36:05.6881499Z,not clang-formatted,https://github.com/GS76/mfree_iwf_ul_cut_refine_windows_ver/actions/runs/24688328553,push,2026-04-20T20:19:56Z,failure
24688328553,c6f6ed66b7841cff783e0bcabcb1c44ff5dec975,docs: update work log with completed tasks and next steps,quality,formatting,clang-format,src/plasticity.h,2026-04-20T20:36:05.6881660Z,not clang-formatted,https://github.com/GS76/mfree_iwf_ul_cut_refine_windows_ver/actions/runs/24688328553,push,2026-04-20T20:19:56Z,failure
24688328553,c6f6ed66b7841cff783e0bcabcb1c44ff5dec975,docs: update work log with completed tasks and next steps,quality,formatting,clang-format,src/precomp_shape_functions.cpp,2026-04-20T20:36:05.6881842Z,not clang-formatted,https://github.com/GS76/mfree_iwf_ul_cut_refine_windows_ver/actions/runs/24688328553,push,2026-04-20T20:19:56Z,failure
24688328553,c6f6ed66b7841cff783e0bcabcb1c44ff5dec975,docs: update work log with completed tasks and next steps,quality,formatting,clang-format,src/precomp_shape_functions.h,2026-04-20T20:36:05.6882061Z,not clang-formatted,https://github.com/GS76/mfree_iwf_ul_cut_refine_windows_ver/actions/runs/24688328553,push,2026-04-20T20:19:56Z,failure
24688328553,c6f6ed66b7841cff783e0bcabcb1c44ff5dec975,docs: update work log with completed tasks and next steps,quality,formatting,clang-format,src/refine_cut_main.cpp,2026-04-20T20:36:05.6882261Z,not clang-formatted,https://github.com/GS76/mfree_iwf_ul_cut_refine_windows_ver/actions/runs/24688328553,push,2026-04-20T20:19:56Z,failure
24688328553,c6f6ed66b7841cff783e0bcabcb1c44ff5dec975,docs: update work log with completed tasks and next steps,quality,formatting,clang-format,src/simulation_data.cpp,2026-04-20T20:36:05.6882453Z,not clang-formatted,https://github.com/GS76/mfree_iwf_ul_cut_refine_windows_ver/actions/runs/24688328553,push,2026-04-20T20:19:56Z,failure
24688328553,c6f6ed66b7841cff783e0bcabcb1c44ff5dec975,docs: update work log with completed tasks and next steps,quality,formatting,clang-format,src/simulation_data.h,2026-04-20T20:36:05.6882638Z,not clang-formatted,https://github.com/GS76/mfree_iwf_ul_cut_refine_windows_ver/actions/runs/24688328553,push,2026-04-20T20:19:56Z,failure
24688328553,c6f6ed66b7841cff783e0bcabcb1c44ff5dec975,docs: update work log with completed tasks and next steps,quality,formatting,clang-format,src/simulation_time.cpp,2026-04-20T20:36:05.6882823Z,not clang-formatted,https://github.com/GS76/mfree_iwf_ul_cut_refine_windows_ver/actions/runs/24688328553,push,2026-04-20T20:19:56Z,failure
24688328553,c6f6ed66b7841cff783e0bcabcb1c44ff5dec975,docs: update work log with completed tasks and next steps,quality,formatting,clang-format,src/simulation_time.h,2026-04-20T20:36:05.6883004Z,not clang-formatted,https://github.com/GS76/mfree_iwf_ul_cut_refine_windows_ver/actions/runs/24688328553,push,2026-04-20T20:19:56Z,failure
24688328553,c6f6ed66b7841cff783e0bcabcb1c44ff5dec975,docs: update work log with completed tasks and next steps,quality,formatting,clang-format,src/solver.h,2026-04-20T20:36:05.6883183Z,not clang-formatted,https://github.com/GS76/mfree_iwf_ul_cut_refine_windows_ver/actions/runs/24688328553,push,2026-04-20T20:19:56Z,failure
24688328553,c6f6ed66b7841cff783e0bcabcb1c44ff5dec975,docs: update work log with completed tasks and next steps,quality,formatting,clang-format,src/thermal.cpp,2026-04-20T20:36:05.6883332Z,not clang-formatted,https://github.com/GS76/mfree_iwf_ul_cut_refine_windows_ver/actions/runs/24688328553,push,2026-04-20T20:19:56Z,failure
24688328553,c6f6ed66b7841cff783e0bcabcb1c44ff5dec975,docs: update work log with completed tasks and next steps,quality,formatting,clang-format,src/thermal.h,2026-04-20T20:36:05.6883490Z,not clang-formatted,https://github.com/GS76/mfree_iwf_ul_cut_refine_windows_ver/actions/runs/24688328553,push,2026-04-20T20:19:56Z,failure
24688328553,c6f6ed66b7841cff783e0bcabcb1c44ff5dec975,docs: update work log with completed tasks and next steps,quality,formatting,clang-format,src/tool.cpp,2026-04-20T20:36:05.6883641Z,not clang-formatted,https://github.com/GS76/mfree_iwf_ul_cut_refine_windows_ver/actions/runs/24688328553,push,2026-04-20T20:19:56Z,failure
24688328553,c6f6ed66b7841cff783e0bcabcb1c44ff5dec975,docs: update work log with completed tasks and next steps,quality,formatting,clang-format,src/tool.h,2026-04-20T20:36:05.6883793Z,not clang-formatted,https://github.com/GS76/mfree_iwf_ul_cut_refine_windows_ver/actions/runs/24688328553,push,2026-04-20T20:19:56Z,failure
24688328553,c6f6ed66b7841cff783e0bcabcb1c44ff5dec975,docs: update work log with completed tasks and next steps,quality,formatting,clang-format,src/tool_adapter_poly.cpp,2026-04-20T20:36:05.6883952Z,not clang-formatted,https://github.com/GS76/mfree_iwf_ul_cut_refine_windows_ver/actions/runs/24688328553,push,2026-04-20T20:19:56Z,failure
24688328553,c6f6ed66b7841cff783e0bcabcb1c44ff5dec975,docs: update work log with completed tasks and next steps,quality,formatting,clang-format,src/tool_adapter_poly.h,2026-04-20T20:36:05.6884154Z,not clang-formatted,https://github.com/GS76/mfree_iwf_ul_cut_refine_windows_ver/actions/runs/24688328553,push,2026-04-20T20:19:56Z,failure
24688328553,c6f6ed66b7841cff783e0bcabcb1c44ff5dec975,docs: update work log with completed tasks and next steps,quality,formatting,clang-format,src/tool_adapter_rigid.cpp,2026-04-20T20:36:05.6884349Z,not clang-formatted,https://github.com/GS76/mfree_iwf_ul_cut_refine_windows_ver/actions/runs/24688328553,push,2026-04-20T20:19:56Z,failure
24688328553,c6f6ed66b7841cff783e0bcabcb1c44ff5dec975,docs: update work log with completed tasks and next steps,quality,formatting,clang-format,src/tool_adapter_rigid.h,2026-04-20T20:36:05.6884546Z,not clang-formatted,https://github.com/GS76/mfree_iwf_ul_cut_refine_windows_ver/actions/runs/24688328553,push,2026-04-20T20:19:56Z,failure
24688328553,c6f6ed66b7841cff783e0bcabcb1c44ff5dec975,docs: update work log with completed tasks and next steps,quality,formatting,clang-format,src/tool_iface.h,2026-04-20T20:36:05.6884736Z,not clang-formatted,https://github.com/GS76/mfree_iwf_ul_cut_refine_windows_ver/actions/runs/24688328553,push,2026-04-20T20:19:56Z,failure
24688328553,c6f6ed66b7841cff783e0bcabcb1c44ff5dec975,docs: update work log with completed tasks and next steps,quality,formatting,clang-format,src/vtk_writer.cpp,2026-04-20T20:36:05.6884897Z,not clang-formatted,https://github.com/GS76/mfree_iwf_ul_cut_refine_windows_ver/actions/runs/24688328553,push,2026-04-20T20:19:56Z,failure
24688328553,c6f6ed66b7841cff783e0bcabcb1c44ff5dec975,docs: update work log with completed tasks and next steps,quality,formatting,clang-format,src/vtk_writer.h,2026-04-20T20:36:05.6885067Z,not clang-formatted,https://github.com/GS76/mfree_iwf_ul_cut_refine_windows_ver/actions/runs/24688328553,push,2026-04-20T20:19:56Z,failure
24684121470,78a9dbc166c71f77dff58c99958f2529945fc472,docs: expand development workflow (branching/review/gates/release),quality,formatting,clang-format,Meshing/gmsh-4.15.2-Windows64-sdk/include/gmsh.h,2026-04-20T18:45:10.4393754Z,not clang-formatted,https://github.com/GS76/mfree_iwf_ul_cut_refine_windows_ver/actions/runs/24684121470,push,2026-04-20T18:44:39Z,failure
24684121470,78a9dbc166c71f77dff58c99958f2529945fc472,docs: expand development workflow (branching/review/gates/release),quality,formatting,clang-format,Meshing/gmsh-4.15.2-Windows64-sdk/include/gmshc.h,2026-04-20T18:45:10.4394363Z,not clang-formatted,https://github.com/GS76/mfree_iwf_ul_cut_refine_windows_ver/actions/runs/24684121470,push,2026-04-20T18:44:39Z,failure
24684121470,78a9dbc166c71f77dff58c99958f2529945fc472,docs: expand development workflow (branching/review/gates/release),quality,formatting,clang-format,Meshing/gmsh-4.15.2-Windows64-sdk/share/doc/gmsh/examples/api/adapt_mesh.cpp,2026-04-20T18:45:10.4395310Z,not clang-formatted,https://github.com/GS76/mfree_iwf_ul_cut_refine_windows_ver/actions/runs/24684121470,push,2026-04-20T18:44:39Z,failure
24684121470,78a9dbc166c71f77dff58c99958f2529945fc472,docs: expand development workflow (branching/review/gates/release),quality,formatting,clang-format,Meshing/gmsh-4.15.2-Windows64-sdk/share/doc/gmsh/examples/api/boolean.cpp,2026-04-20T18:45:10.4396276Z,not clang-formatted,https://github.com/GS76/mfree_iwf_ul_cut_refine_windows_ver/actions/runs/24684121470,push,2026-04-20T18:44:39Z,failure
24684121470,78a9dbc166c71f77dff58c99958f2529945fc472,docs: expand development workflow (branching/review/gates/release),quality,formatting,clang-format,Meshing/gmsh-4.15.2-Windows64-sdk/share/doc/gmsh/examples/api/custom_gui.cpp,2026-04-20T18:45:10.4397271Z,not clang-formatted,https://github.com/GS76/mfree_iwf_ul_cut_refine_windows_ver/actions/runs/24684121470,push,2026-04-20T18:44:39Z,failure
24684121470,78a9dbc166c71f77dff58c99958f2529945fc472,docs: expand development workflow (branching/review/gates/release),quality,formatting,clang-format,Meshing/gmsh-4.15.2-Windows64-sdk/share/doc/gmsh/examples/api/discrete.cpp,2026-04-20T18:45:10.4398152Z,not clang-formatted,https://github.com/GS76/mfree_iwf_ul_cut_refine_windows_ver/actions/runs/24684121470,push,2026-04-20T18:44:39Z,failure
24684121470,78a9dbc166c71f77dff58c99958f2529945fc472,docs: expand development workflow (branching/review/gates/release),quality,formatting,clang-format,Meshing/gmsh-4.15.2-Windows64-sdk/share/doc/gmsh/examples/api/edges.cpp,2026-04-20T18:45:10.4399393Z,not clang-formatted,https://github.com/GS76/mfree_iwf_ul_cut_refine_windows_ver/actions/runs/24684121470,push,2026-04-20T18:44:39Z,failure
24684121470,78a9dbc166c71f77dff58c99958f2529945fc472,docs: expand development workflow (branching/review/gates/release),quality,formatting,clang-format,Meshing/gmsh-4.15.2-Windows64-sdk/share/doc/gmsh/examples/api/explore.cpp,2026-04-20T18:45:10.4400682Z,not clang-formatted,https://github.com/GS76/mfree_iwf_ul_cut_refine_windows_ver/actions/runs/24684121470,push,2026-04-20T18:44:39Z,failure
24684121470,78a9dbc166c71f77dff58c99958f2529945fc472,docs: expand development workflow (branching/review/gates/release),quality,formatting,clang-format,Meshing/gmsh-4.15.2-Windows64-sdk/share/doc/gmsh/examples/api/faces.cpp,2026-04-20T18:45:10.4402276Z,not clang-formatted,https://github.com/GS76/mfree_iwf_ul_cut_refine_windows_ver/actions/runs/24684121470,push,2026-04-20T18:44:39Z,failure
24684121470,78a9dbc166c71f77dff58c99958f2529945fc472,docs: expand development workflow (branching/review/gates/release),quality,formatting,clang-format,Meshing/gmsh-4.15.2-Windows64-sdk/share/doc/gmsh/examples/api/fragment_surfaces.cpp,2026-04-20T18:45:10.4403412Z,not clang-formatted,https://github.com/GS76/mfree_iwf_ul_cut_refine_windows_ver/actions/runs/24684121470,push,2026-04-20T18:44:39Z,failure
24684121470,78a9dbc166c71f77dff58c99958f2529945fc472,docs: expand development workflow (branching/review/gates/release),quality,formatting,clang-format,Meshing/gmsh-4.15.2-Windows64-sdk/share/doc/gmsh/examples/api/get_data_perf.cpp,2026-04-20T18:45:10.4404603Z,not clang-formatted,https://github.com/GS76/mfree_iwf_ul_cut_refine_windows_ver/actions/runs/24684121470,push,2026-04-20T18:44:39Z,failure
24684121470,78a9dbc166c71f77dff58c99958f2529945fc472,docs: expand development workflow (branching/review/gates/release),quality,formatting,clang-format,Meshing/gmsh-4.15.2-Windows64-sdk/share/doc/gmsh/examples/api/gui.cpp,2026-04-20T18:45:10.4405687Z,not clang-formatted,https://github.com/GS76/mfree_iwf_ul_cut_refine_windows_ver/actions/runs/24684121470,push,2026-04-20T18:44:39Z,failure
24684121470,78a9dbc166c71f77dff58c99958f2529945fc472,docs: expand development workflow (branching/review/gates/release),quality,formatting,clang-format,Meshing/gmsh-4.15.2-Windows64-sdk/share/doc/gmsh/examples/api/import_perf.c,2026-04-20T18:45:10.4406265Z,not clang-formatted,https://github.com/GS76/mfree_iwf_ul_cut_refine_windows_ver/actions/runs/24684121470,push,2026-04-20T18:44:39Z,failure
24684121470,78a9dbc166c71f77dff58c99958f2529945fc472,docs: expand development workflow (branching/review/gates/release),quality,formatting,clang-format,Meshing/gmsh-4.15.2-Windows64-sdk/share/doc/gmsh/examples/api/import_perf.cpp,2026-04-20T18:45:10.4406955Z,not clang-formatted,https://github.com/GS76/mfree_iwf_ul_cut_refine_windows_ver/actions/runs/24684121470,push,2026-04-20T18:44:39Z,failure
24684121470,78a9dbc166c71f77dff58c99958f2529945fc472,docs: expand development workflow (branching/review/gates/release),quality,formatting,clang-format,Meshing/gmsh-4.15.2-Windows64-sdk/share/doc/gmsh/examples/api/onelab_run_auto.c,2026-04-20T18:45:10.4407543Z,not clang-formatted,https://github.com/GS76/mfree_iwf_ul_cut_refine_windows_ver/actions/runs/24684121470,push,2026-04-20T18:44:39Z,failure
24684121470,78a9dbc166c71f77dff58c99958f2529945fc472,docs: expand development workflow (branching/review/gates/release),quality,formatting,clang-format,Meshing/gmsh-4.15.2-Windows64-sdk/share/doc/gmsh/examples/api/onelab_run_auto.cpp,2026-04-20T18:45:10.4408169Z,not clang-formatted,https://github.com/GS76/mfree_iwf_ul_cut_refine_windows_ver/actions/runs/24684121470,push,2026-04-20T18:44:39Z,failure
24684121470,78a9dbc166c71f77dff58c99958f2529945fc472,docs: expand development workflow (branching/review/gates/release),quality,formatting,clang-format,Meshing/gmsh-4.15.2-Windows64-sdk/share/doc/gmsh/examples/api/open.cpp,2026-04-20T18:45:10.4409988Z,not clang-formatted,https://github.com/GS76/mfree_iwf_ul_cut_refine_windows_ver/actions/runs/24684121470,push,2026-04-20T18:44:39Z,failure
24684121470,78a9dbc166c71f77dff58c99958f2529945fc472,docs: expand development workflow (branching/review/gates/release),quality,formatting,clang-format,Meshing/gmsh-4.15.2-Windows64-sdk/share/doc/gmsh/examples/api/partition.cpp,2026-04-20T18:45:10.4410539Z,not clang-formatted,https://github.com/GS76/mfree_iwf_ul_cut_refine_windows_ver/actions/runs/24684121470,push,2026-04-20T18:44:39Z,failure
24684121470,78a9dbc166c71f77dff58c99958f2529945fc472,docs: expand development workflow (branching/review/gates/release),quality,formatting,clang-format,Meshing/gmsh-4.15.2-Windows64-sdk/share/doc/gmsh/examples/api/plugin.cpp,2026-04-20T18:45:10.4411104Z,not clang-formatted,https://github.com/GS76/mfree_iwf_ul_cut_refine_windows_ver/actions/runs/24684121470,push,2026-04-20T18:44:39Z,failure
24684121470,78a9dbc166c71f77dff58c99958f2529945fc472,docs: expand development workflow (branching/review/gates/release),quality,formatting,clang-format,Meshing/gmsh-4.15.2-Windows64-sdk/share/doc/gmsh/examples/api/raw_tetrahedralization.cpp,2026-04-20T18:45:10.4411707Z,not clang-formatted,https://github.com/GS76/mfree_iwf_ul_cut_refine_windows_ver/actions/runs/24684121470,push,2026-04-20T18:44:39Z,failure
24684121470,78a9dbc166c71f77dff58c99958f2529945fc472,docs: expand development workflow (branching/review/gates/release),quality,formatting,clang-format,Meshing/gmsh-4.15.2-Windows64-sdk/share/doc/gmsh/examples/api/simple.c,2026-04-20T18:45:10.4412376Z,not clang-formatted,https://github.com/GS76/mfree_iwf_ul_cut_refine_windows_ver/actions/runs/24684121470,push,2026-04-20T18:44:39Z,failure
24684121470,78a9dbc166c71f77dff58c99958f2529945fc472,docs: expand development workflow (branching/review/gates/release),quality,formatting,clang-format,Meshing/gmsh-4.15.2-Windows64-sdk/share/doc/gmsh/examples/api/simple.cpp,2026-04-20T18:45:10.4412914Z,not clang-formatted,https://github.com/GS76/mfree_iwf_ul_cut_refine_windows_ver/actions/runs/24684121470,push,2026-04-20T18:44:39Z,failure
24684121470,78a9dbc166c71f77dff58c99958f2529945fc472,docs: expand development workflow (branching/review/gates/release),quality,formatting,clang-format,Meshing/gmsh-4.15.2-Windows64-sdk/share/doc/gmsh/examples/api/spline.cpp,2026-04-20T18:45:10.4413441Z,not clang-formatted,https://github.com/GS76/mfree_iwf_ul_cut_refine_windows_ver/actions/runs/24684121470,push,2026-04-20T18:44:39Z,failure
24684121470,78a9dbc166c71f77dff58c99958f2529945fc472,docs: expand development workflow (branching/review/gates/release),quality,formatting,clang-format,Meshing/gmsh-4.15.2-Windows64-sdk/share/doc/gmsh/examples/api/square.cpp,2026-04-20T18:45:10.4413980Z,not clang-formatted,https://github.com/GS76/mfree_iwf_ul_cut_refine_windows_ver/actions/runs/24684121470,push,2026-04-20T18:44:39Z,failure
24684121470,78a9dbc166c71f77dff58c99958f2529945fc472,docs: expand development workflow (branching/review/gates/release),quality,formatting,clang-format,Meshing/gmsh-4.15.2-Windows64-sdk/share/doc/gmsh/examples/api/test.c,2026-04-20T18:45:10.4414493Z,not clang-formatted,https://github.com/GS76/mfree_iwf_ul_cut_refine_windows_ver/actions/runs/24684121470,push,2026-04-20T18:44:39Z,failure
24684121470,78a9dbc166c71f77dff58c99958f2529945fc472,docs: expand development workflow (branching/review/gates/release),quality,formatting,clang-format,Meshing/gmsh-4.15.2-Windows64-sdk/share/doc/gmsh/examples/api/view.cpp,2026-04-20T18:45:10.4415045Z,not clang-formatted,https://github.com/GS76/mfree_iwf_ul_cut_refine_windows_ver/actions/runs/24684121470,push,2026-04-20T18:44:39Z,failure
24684121470,78a9dbc166c71f77dff58c99958f2529945fc472,docs: expand development workflow (branching/review/gates/release),quality,formatting,clang-format,Meshing/gmsh-4.15.2-Windows64-sdk/share/doc/gmsh/examples/api/viewlist.cpp,2026-04-20T18:45:10.4415638Z,not clang-formatted,https://github.com/GS76/mfree_iwf_ul_cut_refine_windows_ver/actions/runs/24684121470,push,2026-04-20T18:44:39Z,failure
24684121470,78a9dbc166c71f77dff58c99958f2529945fc472,docs: expand development workflow (branching/review/gates/release),quality,formatting,clang-format,Meshing/gmsh-4.15.2-Windows64-sdk/share/doc/gmsh/tutorials/c++/t1.cpp,2026-04-20T18:45:10.4416153Z,not clang-formatted,https://github.com/GS76/mfree_iwf_ul_cut_refine_windows_ver/actions/runs/24684121470,push,2026-04-20T18:44:39Z,failure
24684121470,78a9dbc166c71f77dff58c99958f2529945fc472,docs: expand development workflow (branching/review/gates/release),quality,formatting,clang-format,Meshing/gmsh-4.15.2-Windows64-sdk/share/doc/gmsh/tutorials/c++/t10.cpp,2026-04-20T18:45:10.4416705Z,not clang-formatted,https://github.com/GS76/mfree_iwf_ul_cut_refine_windows_ver/actions/runs/24684121470,push,2026-04-20T18:44:39Z,failure
24684121470,78a9dbc166c71f77dff58c99958f2529945fc472,docs: expand development workflow (branching/review/gates/release),quality,formatting,clang-format,Meshing/gmsh-4.15.2-Windows64-sdk/share/doc/gmsh/tutorials/c++/t11.cpp,2026-04-20T18:45:10.4417203Z,not clang-formatted,https://github.com/GS76/mfree_iwf_ul_cut_refine_windows_ver/actions/runs/24684121470,push,2026-04-20T18:44:39Z,failure
24684121470,78a9dbc166c71f77dff58c99958f2529945fc472,docs: expand development workflow (branching/review/gates/release),quality,formatting,clang-format,Meshing/gmsh-4.15.2-Windows64-sdk/share/doc/gmsh/tutorials/c++/t12.cpp,2026-04-20T18:45:10.4417713Z,not clang-formatted,https://github.com/GS76/mfree_iwf_ul_cut_refine_windows_ver/actions/runs/24684121470,push,2026-04-20T18:44:39Z,failure
24684121470,78a9dbc166c71f77dff58c99958f2529945fc472,docs: expand development workflow (branching/review/gates/release),quality,formatting,clang-format,Meshing/gmsh-4.15.2-Windows64-sdk/share/doc/gmsh/tutorials/c++/t13.cpp,2026-04-20T18:45:10.4418165Z,not clang-formatted,https://github.com/GS76/mfree_iwf_ul_cut_refine_windows_ver/actions/runs/24684121470,push,2026-04-20T18:44:39Z,failure
24684121470,78a9dbc166c71f77dff58c99958f2529945fc472,docs: expand development workflow (branching/review/gates/release),quality,formatting,clang-format,Meshing/gmsh-4.15.2-Windows64-sdk/share/doc/gmsh/tutorials/c++/t14.cpp,2026-04-20T18:45:10.4418949Z,not clang-formatted,https://github.com/GS76/mfree_iwf_ul_cut_refine_windows_ver/actions/runs/24684121470,push,2026-04-20T18:44:39Z,failure
24684121470,78a9dbc166c71f77dff58c99958f2529945fc472,docs: expand development workflow (branching/review/gates/release),quality,formatting,clang-format,Meshing/gmsh-4.15.2-Windows64-sdk/share/doc/gmsh/tutorials/c++/t15.cpp,2026-04-20T18:45:10.4419471Z,not clang-formatted,https://github.com/GS76/mfree_iwf_ul_cut_refine_windows_ver/actions/runs/24684121470,push,2026-04-20T18:44:39Z,failure
24684121470,78a9dbc166c71f77dff58c99958f2529945fc472,docs: expand development workflow (branching/review/gates/release),quality,formatting,clang-format,Meshing/gmsh-4.15.2-Windows64-sdk/share/doc/gmsh/tutorials/c++/t16.cpp,2026-04-20T18:45:10.4419934Z,not clang-formatted,https://github.com/GS76/mfree_iwf_ul_cut_refine_windows_ver/actions/runs/24684121470,push,2026-04-20T18:44:39Z,failure
24684121470,78a9dbc166c71f77dff58c99958f2529945fc472,docs: expand development workflow (branching/review/gates/release),quality,formatting,clang-format,Meshing/gmsh-4.15.2-Windows64-sdk/share/doc/gmsh/tutorials/c++/t17.cpp,2026-04-20T18:45:10.4420513Z,not clang-formatted,https://github.com/GS76/mfree_iwf_ul_cut_refine_windows_ver/actions/runs/24684121470,push,2026-04-20T18:44:39Z,failure
24684121470,78a9dbc166c71f77dff58c99958f2529945fc472,docs: expand development workflow (branching/review/gates/release),quality,formatting,clang-format,Meshing/gmsh-4.15.2-Windows64-sdk/share/doc/gmsh/tutorials/c++/t18.cpp,2026-04-20T18:45:10.4421248Z,not clang-formatted,https://github.com/GS76/mfree_iwf_ul_cut_refine_windows_ver/actions/runs/24684121470,push,2026-04-20T18:44:39Z,failure
24684121470,78a9dbc166c71f77dff58c99958f2529945fc472,docs: expand development workflow (branching/review/gates/release),quality,formatting,clang-format,Meshing/gmsh-4.15.2-Windows64-sdk/share/doc/gmsh/tutorials/c++/t19.cpp,2026-04-20T18:45:10.4421801Z,not clang-formatted,https://github.com/GS76/mfree_iwf_ul_cut_refine_windows_ver/actions/runs/24684121470,push,2026-04-20T18:44:39Z,failure
24684121470,78a9dbc166c71f77dff58c99958f2529945fc472,docs: expand development workflow (branching/review/gates/release),quality,formatting,clang-format,Meshing/gmsh-4.15.2-Windows64-sdk/share/doc/gmsh/tutorials/c++/t2.cpp,2026-04-20T18:45:10.4422387Z,not clang-formatted,https://github.com/GS76/mfree_iwf_ul_cut_refine_windows_ver/actions/runs/24684121470,push,2026-04-20T18:44:39Z,failure
24684121470,78a9dbc166c71f77dff58c99958f2529945fc472,docs: expand development workflow (branching/review/gates/release),quality,formatting,clang-format,Meshing/gmsh-4.15.2-Windows64-sdk/share/doc/gmsh/tutorials/c++/t20.cpp,2026-04-20T18:45:10.4422887Z,not clang-formatted,https://github.com/GS76/mfree_iwf_ul_cut_refine_windows_ver/actions/runs/24684121470,push,2026-04-20T18:44:39Z,failure
24684121470,78a9dbc166c71f77dff58c99958f2529945fc472,docs: expand development workflow (branching/review/gates/release),quality,formatting,clang-format,Meshing/gmsh-4.15.2-Windows64-sdk/share/doc/gmsh/tutorials/c++/t21.cpp,2026-04-20T18:45:10.4423378Z,not clang-formatted,https://github.com/GS76/mfree_iwf_ul_cut_refine_windows_ver/actions/runs/24684121470,push,2026-04-20T18:44:39Z,failure
24684121470,78a9dbc166c71f77dff58c99958f2529945fc472,docs: expand development workflow (branching/review/gates/release),quality,formatting,clang-format,Meshing/gmsh-4.15.2-Windows64-sdk/share/doc/gmsh/tutorials/c++/t3.cpp,2026-04-20T18:45:10.4423907Z,not clang-formatted,https://github.com/GS76/mfree_iwf_ul_cut_refine_windows_ver/actions/runs/24684121470,push,2026-04-20T18:44:39Z,failure
24684121470,78a9dbc166c71f77dff58c99958f2529945fc472,docs: expand development workflow (branching/review/gates/release),quality,formatting,clang-format,Meshing/gmsh-4.15.2-Windows64-sdk/share/doc/gmsh/tutorials/c++/t4.cpp,2026-04-20T18:45:10.4424417Z,not clang-formatted,https://github.com/GS76/mfree_iwf_ul_cut_refine_windows_ver/actions/runs/24684121470,push,2026-04-20T18:44:39Z,failure
24684121470,78a9dbc166c71f77dff58c99958f2529945fc472,docs: expand development workflow (branching/review/gates/release),quality,formatting,clang-format,Meshing/gmsh-4.15.2-Windows64-sdk/share/doc/gmsh/tutorials/c++/t5.cpp,2026-04-20T18:45:10.4424915Z,not clang-formatted,https://github.com/GS76/mfree_iwf_ul_cut_refine_windows_ver/actions/runs/24684121470,push,2026-04-20T18:44:39Z,failure
24684121470,78a9dbc166c71f77dff58c99958f2529945fc472,docs: expand development workflow (branching/review/gates/release),quality,formatting,clang-format,Meshing/gmsh-4.15.2-Windows64-sdk/share/doc/gmsh/tutorials/c++/t6.cpp,2026-04-20T18:45:10.4425507Z,not clang-formatted,https://github.com/GS76/mfree_iwf_ul_cut_refine_windows_ver/actions/runs/24684121470,push,2026-04-20T18:44:39Z,failure
24684121470,78a9dbc166c71f77dff58c99958f2529945fc472,docs: expand development workflow (branching/review/gates/release),quality,formatting,clang-format,Meshing/gmsh-4.15.2-Windows64-sdk/share/doc/gmsh/tutorials/c++/t7.cpp,2026-04-20T18:45:10.4426011Z,not clang-formatted,https://github.com/GS76/mfree_iwf_ul_cut_refine_windows_ver/actions/runs/24684121470,push,2026-04-20T18:44:39Z,failure
24684121470,78a9dbc166c71f77dff58c99958f2529945fc472,docs: expand development workflow (branching/review/gates/release),quality,formatting,clang-format,Meshing/gmsh-4.15.2-Windows64-sdk/share/doc/gmsh/tutorials/c++/t8.cpp,2026-04-20T18:45:10.4426480Z,not clang-formatted,https://github.com/GS76/mfree_iwf_ul_cut_refine_windows_ver/actions/runs/24684121470,push,2026-04-20T18:44:39Z,failure
24684121470,78a9dbc166c71f77dff58c99958f2529945fc472,docs: expand development workflow (branching/review/gates/release),quality,formatting,clang-format,Meshing/gmsh-4.15.2-Windows64-sdk/share/doc/gmsh/tutorials/c++/t9.cpp,2026-04-20T18:45:10.4427248Z,not clang-formatted,https://github.com/GS76/mfree_iwf_ul_cut_refine_windows_ver/actions/runs/24684121470,push,2026-04-20T18:44:39Z,failure
24684121470,78a9dbc166c71f77dff58c99958f2529945fc472,docs: expand development workflow (branching/review/gates/release),quality,formatting,clang-format,Meshing/gmsh-4.15.2-Windows64-sdk/share/doc/gmsh/tutorials/c++/x1.cpp,2026-04-20T18:45:10.4427719Z,not clang-formatted,https://github.com/GS76/mfree_iwf_ul_cut_refine_windows_ver/actions/runs/24684121470,push,2026-04-20T18:44:39Z,failure
24684121470,78a9dbc166c71f77dff58c99958f2529945fc472,docs: expand development workflow (branching/review/gates/release),quality,formatting,clang-format,Meshing/gmsh-4.15.2-Windows64-sdk/share/doc/gmsh/tutorials/c++/x2.cpp,2026-04-20T18:45:10.4428256Z,not clang-formatted,https://github.com/GS76/mfree_iwf_ul_cut_refine_windows_ver/actions/runs/24684121470,push,2026-04-20T18:44:39Z,failure
24684121470,78a9dbc166c71f77dff58c99958f2529945fc472,docs: expand development workflow (branching/review/gates/release),quality,formatting,clang-format,Meshing/gmsh-4.15.2-Windows64-sdk/share/doc/gmsh/tutorials/c++/x3.cpp,2026-04-20T18:45:10.4492011Z,not clang-formatted,https://github.com/GS76/mfree_iwf_ul_cut_refine_windows_ver/actions/runs/24684121470,push,2026-04-20T18:44:39Z,failure
24684121470,78a9dbc166c71f77dff58c99958f2529945fc472,docs: expand development workflow (branching/review/gates/release),quality,formatting,clang-format,Meshing/gmsh-4.15.2-Windows64-sdk/share/doc/gmsh/tutorials/c++/x4.cpp,2026-04-20T18:45:10.4492888Z,not clang-formatted,https://github.com/GS76/mfree_iwf_ul_cut_refine_windows_ver/actions/runs/24684121470,push,2026-04-20T18:44:39Z,failure
24684121470,78a9dbc166c71f77dff58c99958f2529945fc472,docs: expand development workflow (branching/review/gates/release),quality,formatting,clang-format,Meshing/gmsh-4.15.2-Windows64-sdk/share/doc/gmsh/tutorials/c++/x5.cpp,2026-04-20T18:45:10.4493717Z,not clang-formatted,https://github.com/GS76/mfree_iwf_ul_cut_refine_windows_ver/actions/runs/24684121470,push,2026-04-20T18:44:39Z,failure
24684121470,78a9dbc166c71f77dff58c99958f2529945fc472,docs: expand development workflow (branching/review/gates/release),quality,formatting,clang-format,Meshing/gmsh-4.15.2-Windows64-sdk/share/doc/gmsh/tutorials/c++/x6.cpp,2026-04-20T18:45:10.4494490Z,not clang-formatted,https://github.com/GS76/mfree_iwf_ul_cut_refine_windows_ver/actions/runs/24684121470,push,2026-04-20T18:44:39Z,failure
24684121470,78a9dbc166c71f77dff58c99958f2529945fc472,docs: expand development workflow (branching/review/gates/release),quality,formatting,clang-format,Meshing/gmsh-4.15.2-Windows64-sdk/share/doc/gmsh/tutorials/c++/x7.cpp,2026-04-20T18:45:10.4495378Z,not clang-formatted,https://github.com/GS76/mfree_iwf_ul_cut_refine_windows_ver/actions/runs/24684121470,push,2026-04-20T18:44:39Z,failure
24684121470,78a9dbc166c71f77dff58c99958f2529945fc472,docs: expand development workflow (branching/review/gates/release),quality,formatting,clang-format,Meshing/gmsh-4.15.2-Windows64-sdk/share/doc/gmsh/tutorials/c/t1.c,2026-04-20T18:45:10.4496455Z,not clang-formatted,https://github.com/GS76/mfree_iwf_ul_cut_refine_windows_ver/actions/runs/24684121470,push,2026-04-20T18:44:39Z,failure
24684121470,78a9dbc166c71f77dff58c99958f2529945fc472,docs: expand development workflow (branching/review/gates/release),quality,formatting,clang-format,Meshing/gmsh-4.15.2-Windows64-sdk/share/doc/gmsh/tutorials/c/t16.c,2026-04-20T18:45:10.4497243Z,not clang-formatted,https://github.com/GS76/mfree_iwf_ul_cut_refine_windows_ver/actions/runs/24684121470,push,2026-04-20T18:44:39Z,failure
24684121470,78a9dbc166c71f77dff58c99958f2529945fc472,docs: expand development workflow (branching/review/gates/release),quality,formatting,clang-format,Meshing/gmsh-4.15.2-Windows64-sdk/share/doc/gmsh/tutorials/c/t2.c,2026-04-20T18:45:10.4497892Z,not clang-formatted,https://github.com/GS76/mfree_iwf_ul_cut_refine_windows_ver/actions/runs/24684121470,push,2026-04-20T18:44:39Z,failure
24684121470,78a9dbc166c71f77dff58c99958f2529945fc472,docs: expand development workflow (branching/review/gates/release),quality,formatting,clang-format,Meshing/gmsh-4.15.2-Windows64-sdk/share/doc/gmsh/tutorials/c/t6.c,2026-04-20T18:45:10.4499605Z,not clang-formatted,https://github.com/GS76/mfree_iwf_ul_cut_refine_windows_ver/actions/runs/24684121470,push,2026-04-20T18:44:39Z,failure
24684121470,78a9dbc166c71f77dff58c99958f2529945fc472,docs: expand development workflow (branching/review/gates/release),quality,formatting,clang-format,Meshing/gmsh-4.15.2-Windows64/examples/api/adapt_mesh.cpp,2026-04-20T18:45:10.4500304Z,not clang-formatted,https://github.com/GS76/mfree_iwf_ul_cut_refine_windows_ver/actions/runs/24684121470,push,2026-04-20T18:44:39Z,failure
24684121470,78a9dbc166c71f77dff58c99958f2529945fc472,docs: expand development workflow (branching/review/gates/release),quality,formatting,clang-format,Meshing/gmsh-4.15.2-Windows64/examples/api/boolean.cpp,2026-04-20T18:45:10.4500928Z,not clang-formatted,https://github.com/GS76/mfree_iwf_ul_cut_refine_windows_ver/actions/runs/24684121470,push,2026-04-20T18:44:39Z,failure
24684121470,78a9dbc166c71f77dff58c99958f2529945fc472,docs: expand development workflow (branching/review/gates/release),quality,formatting,clang-format,Meshing/gmsh-4.15.2-Windows64/examples/api/custom_gui.cpp,2026-04-20T18:45:10.4501574Z,not clang-formatted,https://github.com/GS76/mfree_iwf_ul_cut_refine_windows_ver/actions/runs/24684121470,push,2026-04-20T18:44:39Z,failure
24684121470,78a9dbc166c71f77dff58c99958f2529945fc472,docs: expand development workflow (branching/review/gates/release),quality,formatting,clang-format,Meshing/gmsh-4.15.2-Windows64/examples/api/discrete.cpp,2026-04-20T18:45:10.4502199Z,not clang-formatted,https://github.com/GS76/mfree_iwf_ul_cut_refine_windows_ver/actions/runs/24684121470,push,2026-04-20T18:44:39Z,failure
24684121470,78a9dbc166c71f77dff58c99958f2529945fc472,docs: expand development workflow (branching/review/gates/release),quality,formatting,clang-format,Meshing/gmsh-4.15.2-Windows64/examples/api/edges.cpp,2026-04-20T18:45:10.4502802Z,not clang-formatted,https://github.com/GS76/mfree_iwf_ul_cut_refine_windows_ver/actions/runs/24684121470,push,2026-04-20T18:44:39Z,failure
24684121470,78a9dbc166c71f77dff58c99958f2529945fc472,docs: expand development workflow (branching/review/gates/release),quality,formatting,clang-format,Meshing/gmsh-4.15.2-Windows64/examples/api/explore.cpp,2026-04-20T18:45:10.4503448Z,not clang-formatted,https://github.com/GS76/mfree_iwf_ul_cut_refine_windows_ver/actions/runs/24684121470,push,2026-04-20T18:44:39Z,failure
24684121470,78a9dbc166c71f77dff58c99958f2529945fc472,docs: expand development workflow (branching/review/gates/release),quality,formatting,clang-format,Meshing/gmsh-4.15.2-Windows64/examples/api/faces.cpp,2026-04-20T18:45:10.4504095Z,not clang-formatted,https://github.com/GS76/mfree_iwf_ul_cut_refine_windows_ver/actions/runs/24684121470,push,2026-04-20T18:44:39Z,failure
24684121470,78a9dbc166c71f77dff58c99958f2529945fc472,docs: expand development workflow (branching/review/gates/release),quality,formatting,clang-format,Meshing/gmsh-4.15.2-Windows64/examples/api/fragment_surfaces.cpp,2026-04-20T18:45:10.4504763Z,not clang-formatted,https://github.com/GS76/mfree_iwf_ul_cut_refine_windows_ver/actions/runs/24684121470,push,2026-04-20T18:44:39Z,failure
24684121470,78a9dbc166c71f77dff58c99958f2529945fc472,docs: expand development workflow (branching/review/gates/release),quality,formatting,clang-format,Meshing/gmsh-4.15.2-Windows64/examples/api/get_data_perf.cpp,2026-04-20T18:45:10.4505472Z,not clang-formatted,https://github.com/GS76/mfree_iwf_ul_cut_refine_windows_ver/actions/runs/24684121470,push,2026-04-20T18:44:39Z,failure
24684121470,78a9dbc166c71f77dff58c99958f2529945fc472,docs: expand development workflow (branching/review/gates/release),quality,formatting,clang-format,Meshing/gmsh-4.15.2-Windows64/examples/api/gui.cpp,2026-04-20T18:45:10.4506134Z,not clang-formatted,https://github.com/GS76/mfree_iwf_ul_cut_refine_windows_ver/actions/runs/24684121470,push,2026-04-20T18:44:39Z,failure
24684121470,78a9dbc166c71f77dff58c99958f2529945fc472,docs: expand development workflow (branching/review/gates/release),quality,formatting,clang-format,Meshing/gmsh-4.15.2-Windows64/examples/api/import_perf.c,2026-04-20T18:45:10.4506747Z,not clang-formatted,https://github.com/GS76/mfree_iwf_ul_cut_refine_windows_ver/actions/runs/24684121470,push,2026-04-20T18:44:39Z,failure
24684121470,78a9dbc166c71f77dff58c99958f2529945fc472,docs: expand development workflow (branching/review/gates/release),quality,formatting,clang-format,Meshing/gmsh-4.15.2-Windows64/examples/api/import_perf.cpp,2026-04-20T18:45:10.4507404Z,not clang-formatted,https://github.com/GS76/mfree_iwf_ul_cut_refine_windows_ver/actions/runs/24684121470,push,2026-04-20T18:44:39Z,failure
24684121470,78a9dbc166c71f77dff58c99958f2529945fc472,docs: expand development workflow (branching/review/gates/release),quality,formatting,clang-format,Meshing/gmsh-4.15.2-Windows64/examples/api/onelab_run_auto.c,2026-04-20T18:45:10.4508082Z,not clang-formatted,https://github.com/GS76/mfree_iwf_ul_cut_refine_windows_ver/actions/runs/24684121470,push,2026-04-20T18:44:39Z,failure
24684121470,78a9dbc166c71f77dff58c99958f2529945fc472,docs: expand development workflow (branching/review/gates/release),quality,formatting,clang-format,Meshing/gmsh-4.15.2-Windows64/examples/api/onelab_run_auto.cpp,2026-04-20T18:45:10.4509031Z,not clang-formatted,https://github.com/GS76/mfree_iwf_ul_cut_refine_windows_ver/actions/runs/24684121470,push,2026-04-20T18:44:39Z,failure
24684121470,78a9dbc166c71f77dff58c99958f2529945fc472,docs: expand development workflow (branching/review/gates/release),quality,formatting,clang-format,Meshing/gmsh-4.15.2-Windows64/examples/api/open.cpp,2026-04-20T18:45:10.4509697Z,not clang-formatted,https://github.com/GS76/mfree_iwf_ul_cut_refine_windows_ver/actions/runs/24684121470,push,2026-04-20T18:44:39Z,failure
24684121470,78a9dbc166c71f77dff58c99958f2529945fc472,docs: expand development workflow (branching/review/gates/release),quality,formatting,clang-format,Meshing/gmsh-4.15.2-Windows64/examples/api/partition.cpp,2026-04-20T18:45:10.4510306Z,not clang-formatted,https://github.com/GS76/mfree_iwf_ul_cut_refine_windows_ver/actions/runs/24684121470,push,2026-04-20T18:44:39Z,failure
24684121470,78a9dbc166c71f77dff58c99958f2529945fc472,docs: expand development workflow (branching/review/gates/release),quality,formatting,clang-format,Meshing/gmsh-4.15.2-Windows64/examples/api/plugin.cpp,2026-04-20T18:45:10.4510947Z,not clang-formatted,https://github.com/GS76/mfree_iwf_ul_cut_refine_windows_ver/actions/runs/24684121470,push,2026-04-20T18:44:39Z,failure
24684121470,78a9dbc166c71f77dff58c99958f2529945fc472,docs: expand development workflow (branching/review/gates/release),quality,formatting,clang-format,Meshing/gmsh-4.15.2-Windows64/examples/api/raw_tetrahedralization.cpp,2026-04-20T18:45:10.4511677Z,not clang-formatted,https://github.com/GS76/mfree_iwf_ul_cut_refine_windows_ver/actions/runs/24684121470,push,2026-04-20T18:44:39Z,failure
24684121470,78a9dbc166c71f77dff58c99958f2529945fc472,docs: expand development workflow (branching/review/gates/release),quality,formatting,clang-format,Meshing/gmsh-4.15.2-Windows64/examples/api/simple.c,2026-04-20T18:45:10.4512388Z,not clang-formatted,https://github.com/GS76/mfree_iwf_ul_cut_refine_windows_ver/actions/runs/24684121470,push,2026-04-20T18:44:39Z,failure
24684121470,78a9dbc166c71f77dff58c99958f2529945fc472,docs: expand development workflow (branching/review/gates/release),quality,formatting,clang-format,Meshing/gmsh-4.15.2-Windows64/examples/api/simple.cpp,2026-04-20T18:45:10.4513003Z,not clang-formatted,https://github.com/GS76/mfree_iwf_ul_cut_refine_windows_ver/actions/runs/24684121470,push,2026-04-20T18:44:39Z,failure
24684121470,78a9dbc166c71f77dff58c99958f2529945fc472,docs: expand development workflow (branching/review/gates/release),quality,formatting,clang-format,Meshing/gmsh-4.15.2-Windows64/examples/api/spline.cpp,2026-04-20T18:45:10.4513957Z,not clang-formatted,https://github.com/GS76/mfree_iwf_ul_cut_refine_windows_ver/actions/runs/24684121470,push,2026-04-20T18:44:39Z,failure
24684121470,78a9dbc166c71f77dff58c99958f2529945fc472,docs: expand development workflow (branching/review/gates/release),quality,formatting,clang-format,Meshing/gmsh-4.15.2-Windows64/examples/api/square.cpp,2026-04-20T18:45:10.4514638Z,not clang-formatted,https://github.com/GS76/mfree_iwf_ul_cut_refine_windows_ver/actions/runs/24684121470,push,2026-04-20T18:44:39Z,failure
24684121470,78a9dbc166c71f77dff58c99958f2529945fc472,docs: expand development workflow (branching/review/gates/release),quality,formatting,clang-format,Meshing/gmsh-4.15.2-Windows64/examples/api/test.c,2026-04-20T18:45:10.4515110Z,not clang-formatted,https://github.com/GS76/mfree_iwf_ul_cut_refine_windows_ver/actions/runs/24684121470,push,2026-04-20T18:44:39Z,failure
24684121470,78a9dbc166c71f77dff58c99958f2529945fc472,docs: expand development workflow (branching/review/gates/release),quality,formatting,clang-format,Meshing/gmsh-4.15.2-Windows64/examples/api/view.cpp,2026-04-20T18:45:10.4515610Z,not clang-formatted,https://github.com/GS76/mfree_iwf_ul_cut_refine_windows_ver/actions/runs/24684121470,push,2026-04-20T18:44:39Z,failure
24684121470,78a9dbc166c71f77dff58c99958f2529945fc472,docs: expand development workflow (branching/review/gates/release),quality,formatting,clang-format,Meshing/gmsh-4.15.2-Windows64/examples/api/viewlist.cpp,2026-04-20T18:45:10.4516230Z,not clang-formatted,https://github.com/GS76/mfree_iwf_ul_cut_refine_windows_ver/actions/runs/24684121470,push,2026-04-20T18:44:39Z,failure
24684121470,78a9dbc166c71f77dff58c99958f2529945fc472,docs: expand development workflow (branching/review/gates/release),quality,formatting,clang-format,Meshing/gmsh-4.15.2-Windows64/tutorials/c++/t1.cpp,2026-04-20T18:45:10.4516856Z,not clang-formatted,https://github.com/GS76/mfree_iwf_ul_cut_refine_windows_ver/actions/runs/24684121470,push,2026-04-20T18:44:39Z,failure
24684121470,78a9dbc166c71f77dff58c99958f2529945fc472,docs: expand development workflow (branching/review/gates/release),quality,formatting,clang-format,Meshing/gmsh-4.15.2-Windows64/tutorials/c++/t10.cpp,2026-04-20T18:45:10.4517443Z,not clang-formatted,https://github.com/GS76/mfree_iwf_ul_cut_refine_windows_ver/actions/runs/24684121470,push,2026-04-20T18:44:39Z,failure
24684121470,78a9dbc166c71f77dff58c99958f2529945fc472,docs: expand development workflow (branching/review/gates/release),quality,formatting,clang-format,Meshing/gmsh-4.15.2-Windows64/tutorials/c++/t11.cpp,2026-04-20T18:45:10.4518014Z,not clang-formatted,https://github.com/GS76/mfree_iwf_ul_cut_refine_windows_ver/actions/runs/24684121470,push,2026-04-20T18:44:39Z,failure
24684121470,78a9dbc166c71f77dff58c99958f2529945fc472,docs: expand development workflow (branching/review/gates/release),quality,formatting,clang-format,Meshing/gmsh-4.15.2-Windows64/tutorials/c++/t12.cpp,2026-04-20T18:45:10.4518862Z,not clang-formatted,https://github.com/GS76/mfree_iwf_ul_cut_refine_windows_ver/actions/runs/24684121470,push,2026-04-20T18:44:39Z,failure
24684121470,78a9dbc166c71f77dff58c99958f2529945fc472,docs: expand development workflow (branching/review/gates/release),quality,formatting,clang-format,Meshing/gmsh-4.15.2-Windows64/tutorials/c++/t13.cpp,2026-04-20T18:45:10.4519396Z,not clang-formatted,https://github.com/GS76/mfree_iwf_ul_cut_refine_windows_ver/actions/runs/24684121470,push,2026-04-20T18:44:39Z,failure
24684121470,78a9dbc166c71f77dff58c99958f2529945fc472,docs: expand development workflow (branching/review/gates/release),quality,formatting,clang-format,Meshing/gmsh-4.15.2-Windows64/tutorials/c++/t14.cpp,2026-04-20T18:45:10.4519965Z,not clang-formatted,https://github.com/GS76/mfree_iwf_ul_cut_refine_windows_ver/actions/runs/24684121470,push,2026-04-20T18:44:39Z,failure
24684121470,78a9dbc166c71f77dff58c99958f2529945fc472,docs: expand development workflow (branching/review/gates/release),quality,formatting,clang-format,Meshing/gmsh-4.15.2-Windows64/tutorials/c++/t15.cpp,2026-04-20T18:45:10.4520468Z,not clang-formatted,https://github.com/GS76/mfree_iwf_ul_cut_refine_windows_ver/actions/runs/24684121470,push,2026-04-20T18:44:39Z,failure
24684121470,78a9dbc166c71f77dff58c99958f2529945fc472,docs: expand development workflow (branching/review/gates/release),quality,formatting,clang-format,Meshing/gmsh-4.15.2-Windows64/tutorials/c++/t16.cpp,2026-04-20T18:45:10.4520986Z,not clang-formatted,https://github.com/GS76/mfree_iwf_ul_cut_refine_windows_ver/actions/runs/24684121470,push,2026-04-20T18:44:39Z,failure
24684121470,78a9dbc166c71f77dff58c99958f2529945fc472,docs: expand development workflow (branching/review/gates/release),quality,formatting,clang-format,Meshing/gmsh-4.15.2-Windows64/tutorials/c++/t17.cpp,2026-04-20T18:45:10.4521311Z,not clang-formatted,https://github.com/GS76/mfree_iwf_ul_cut_refine_windows_ver/actions/runs/24684121470,push,2026-04-20T18:44:39Z,failure
24684121470,78a9dbc166c71f77dff58c99958f2529945fc472,docs: expand development workflow (branching/review/gates/release),quality,formatting,clang-format,Meshing/gmsh-4.15.2-Windows64/tutorials/c++/t18.cpp,2026-04-20T18:45:10.4521826Z,not clang-formatted,https://github.com/GS76/mfree_iwf_ul_cut_refine_windows_ver/actions/runs/24684121470,push,2026-04-20T18:44:39Z,failure
24684121470,78a9dbc166c71f77dff58c99958f2529945fc472,docs: expand development workflow (branching/review/gates/release),quality,formatting,clang-format,Meshing/gmsh-4.15.2-Windows64/tutorials/c++/t19.cpp,2026-04-20T18:45:10.4522133Z,not clang-formatted,https://github.com/GS76/mfree_iwf_ul_cut_refine_windows_ver/actions/runs/24684121470,push,2026-04-20T18:44:39Z,failure
24684121470,78a9dbc166c71f77dff58c99958f2529945fc472,docs: expand development workflow (branching/review/gates/release),quality,formatting,clang-format,Meshing/gmsh-4.15.2-Windows64/tutorials/c++/t2.cpp,2026-04-20T18:45:10.4522448Z,not clang-formatted,https://github.com/GS76/mfree_iwf_ul_cut_refine_windows_ver/actions/runs/24684121470,push,2026-04-20T18:44:39Z,failure
24684121470,78a9dbc166c71f77dff58c99958f2529945fc472,docs: expand development workflow (branching/review/gates/release),quality,formatting,clang-format,Meshing/gmsh-4.15.2-Windows64/tutorials/c++/t20.cpp,2026-04-20T18:45:10.4522758Z,not clang-formatted,https://github.com/GS76/mfree_iwf_ul_cut_refine_windows_ver/actions/runs/24684121470,push,2026-04-20T18:44:39Z,failure
24684121470,78a9dbc166c71f77dff58c99958f2529945fc472,docs: expand development workflow (branching/review/gates/release),quality,formatting,clang-format,Meshing/gmsh-4.15.2-Windows64/tutorials/c++/t21.cpp,2026-04-20T18:45:10.4523072Z,not clang-formatted,https://github.com/GS76/mfree_iwf_ul_cut_refine_windows_ver/actions/runs/24684121470,push,2026-04-20T18:44:39Z,failure
24684121470,78a9dbc166c71f77dff58c99958f2529945fc472,docs: expand development workflow (branching/review/gates/release),quality,formatting,clang-format,Meshing/gmsh-4.15.2-Windows64/tutorials/c++/t3.cpp,2026-04-20T18:45:10.4523385Z,not clang-formatted,https://github.com/GS76/mfree_iwf_ul_cut_refine_windows_ver/actions/runs/24684121470,push,2026-04-20T18:44:39Z,failure
24684121470,78a9dbc166c71f77dff58c99958f2529945fc472,docs: expand development workflow (branching/review/gates/release),quality,formatting,clang-format,Meshing/gmsh-4.15.2-Windows64/tutorials/c++/t4.cpp,2026-04-20T18:45:10.4523695Z,not clang-formatted,https://github.com/GS76/mfree_iwf_ul_cut_refine_windows_ver/actions/runs/24684121470,push,2026-04-20T18:44:39Z,failure
24684121470,78a9dbc166c71f77dff58c99958f2529945fc472,docs: expand development workflow (branching/review/gates/release),quality,formatting,clang-format,Meshing/gmsh-4.15.2-Windows64/tutorials/c++/t5.cpp,2026-04-20T18:45:10.4523990Z,not clang-formatted,https://github.com/GS76/mfree_iwf_ul_cut_refine_windows_ver/actions/runs/24684121470,push,2026-04-20T18:44:39Z,failure
24684121470,78a9dbc166c71f77dff58c99958f2529945fc472,docs: expand development workflow (branching/review/gates/release),quality,formatting,clang-format,Meshing/gmsh-4.15.2-Windows64/tutorials/c++/t6.cpp,2026-04-20T18:45:10.4524286Z,not clang-formatted,https://github.com/GS76/mfree_iwf_ul_cut_refine_windows_ver/actions/runs/24684121470,push,2026-04-20T18:44:39Z,failure
24684121470,78a9dbc166c71f77dff58c99958f2529945fc472,docs: expand development workflow (branching/review/gates/release),quality,formatting,clang-format,Meshing/gmsh-4.15.2-Windows64/tutorials/c++/t7.cpp,2026-04-20T18:45:10.4524575Z,not clang-formatted,https://github.com/GS76/mfree_iwf_ul_cut_refine_windows_ver/actions/runs/24684121470,push,2026-04-20T18:44:39Z,failure
24684121470,78a9dbc166c71f77dff58c99958f2529945fc472,docs: expand development workflow (branching/review/gates/release),quality,formatting,clang-format,Meshing/gmsh-4.15.2-Windows64/tutorials/c++/t8.cpp,2026-04-20T18:45:10.4524870Z,not clang-formatted,https://github.com/GS76/mfree_iwf_ul_cut_refine_windows_ver/actions/runs/24684121470,push,2026-04-20T18:44:39Z,failure
24684121470,78a9dbc166c71f77dff58c99958f2529945fc472,docs: expand development workflow (branching/review/gates/release),quality,formatting,clang-format,Meshing/gmsh-4.15.2-Windows64/tutorials/c++/t9.cpp,2026-04-20T18:45:10.4525171Z,not clang-formatted,https://github.com/GS76/mfree_iwf_ul_cut_refine_windows_ver/actions/runs/24684121470,push,2026-04-20T18:44:39Z,failure
24684121470,78a9dbc166c71f77dff58c99958f2529945fc472,docs: expand development workflow (branching/review/gates/release),quality,formatting,clang-format,Meshing/gmsh-4.15.2-Windows64/tutorials/c++/x1.cpp,2026-04-20T18:45:10.4525532Z,not clang-formatted,https://github.com/GS76/mfree_iwf_ul_cut_refine_windows_ver/actions/runs/24684121470,push,2026-04-20T18:44:39Z,failure
24684121470,78a9dbc166c71f77dff58c99958f2529945fc472,docs: expand development workflow (branching/review/gates/release),quality,formatting,clang-format,Meshing/gmsh-4.15.2-Windows64/tutorials/c++/x2.cpp,2026-04-20T18:45:10.4525829Z,not clang-formatted,https://github.com/GS76/mfree_iwf_ul_cut_refine_windows_ver/actions/runs/24684121470,push,2026-04-20T18:44:39Z,failure
24684121470,78a9dbc166c71f77dff58c99958f2529945fc472,docs: expand development workflow (branching/review/gates/release),quality,formatting,clang-format,Meshing/gmsh-4.15.2-Windows64/tutorials/c++/x3.cpp,2026-04-20T18:45:10.4526119Z,not clang-formatted,https://github.com/GS76/mfree_iwf_ul_cut_refine_windows_ver/actions/runs/24684121470,push,2026-04-20T18:44:39Z,failure
24684121470,78a9dbc166c71f77dff58c99958f2529945fc472,docs: expand development workflow (branching/review/gates/release),quality,formatting,clang-format,Meshing/gmsh-4.15.2-Windows64/tutorials/c++/x4.cpp,2026-04-20T18:45:10.4526416Z,not clang-formatted,https://github.com/GS76/mfree_iwf_ul_cut_refine_windows_ver/actions/runs/24684121470,push,2026-04-20T18:44:39Z,failure
24684121470,78a9dbc166c71f77dff58c99958f2529945fc472,docs: expand development workflow (branching/review/gates/release),quality,formatting,clang-format,Meshing/gmsh-4.15.2-Windows64/tutorials/c++/x5.cpp,2026-04-20T18:45:10.4526703Z,not clang-formatted,https://github.com/GS76/mfree_iwf_ul_cut_refine_windows_ver/actions/runs/24684121470,push,2026-04-20T18:44:39Z,failure
24684121470,78a9dbc166c71f77dff58c99958f2529945fc472,docs: expand development workflow (branching/review/gates/release),quality,formatting,clang-format,Meshing/gmsh-4.15.2-Windows64/tutorials/c++/x6.cpp,2026-04-20T18:45:10.4526999Z,not clang-formatted,https://github.com/GS76/mfree_iwf_ul_cut_refine_windows_ver/actions/runs/24684121470,push,2026-04-20T18:44:39Z,failure
24684121470,78a9dbc166c71f77dff58c99958f2529945fc472,docs: expand development workflow (branching/review/gates/release),quality,formatting,clang-format,Meshing/gmsh-4.15.2-Windows64/tutorials/c++/x7.cpp,2026-04-20T18:45:10.4527285Z,not clang-formatted,https://github.com/GS76/mfree_iwf_ul_cut_refine_windows_ver/actions/runs/24684121470,push,2026-04-20T18:44:39Z,failure
24684121470,78a9dbc166c71f77dff58c99958f2529945fc472,docs: expand development workflow (branching/review/gates/release),quality,formatting,clang-format,Meshing/gmsh-4.15.2-Windows64/tutorials/c/t1.c,2026-04-20T18:45:10.4527585Z,not clang-formatted,https://github.com/GS76/mfree_iwf_ul_cut_refine_windows_ver/actions/runs/24684121470,push,2026-04-20T18:44:39Z,failure
24684121470,78a9dbc166c71f77dff58c99958f2529945fc472,docs: expand development workflow (branching/review/gates/release),quality,formatting,clang-format,Meshing/gmsh-4.15.2-Windows64/tutorials/c/t16.c,2026-04-20T18:45:10.4527876Z,not clang-formatted,https://github.com/GS76/mfree_iwf_ul_cut_refine_windows_ver/actions/runs/24684121470,push,2026-04-20T18:44:39Z,failure
24684121470,78a9dbc166c71f77dff58c99958f2529945fc472,docs: expand development workflow (branching/review/gates/release),quality,formatting,clang-format,Meshing/gmsh-4.15.2-Windows64/tutorials/c/t2.c,2026-04-20T18:45:10.4528168Z,not clang-formatted,https://github.com/GS76/mfree_iwf_ul_cut_refine_windows_ver/actions/runs/24684121470,push,2026-04-20T18:44:39Z,failure
24684121470,78a9dbc166c71f77dff58c99958f2529945fc472,docs: expand development workflow (branching/review/gates/release),quality,formatting,clang-format,Meshing/gmsh-4.15.2-Windows64/tutorials/c/t6.c,2026-04-20T18:45:10.4528780Z,not clang-formatted,https://github.com/GS76/mfree_iwf_ul_cut_refine_windows_ver/actions/runs/24684121470,push,2026-04-20T18:44:39Z,failure
24684121470,78a9dbc166c71f77dff58c99958f2529945fc472,docs: expand development workflow (branching/review/gates/release),quality,formatting,clang-format,src/adaptivity.cpp,2026-04-20T18:45:10.4529053Z,not clang-formatted,https://github.com/GS76/mfree_iwf_ul_cut_refine_windows_ver/actions/runs/24684121470,push,2026-04-20T18:44:39Z,failure
24684121470,78a9dbc166c71f77dff58c99958f2529945fc472,docs: expand development workflow (branching/review/gates/release),quality,formatting,clang-format,src/adaptivity.h,2026-04-20T18:45:10.4529253Z,not clang-formatted,https://github.com/GS76/mfree_iwf_ul_cut_refine_windows_ver/actions/runs/24684121470,push,2026-04-20T18:44:39Z,failure
24684121470,78a9dbc166c71f77dff58c99958f2529945fc472,docs: expand development workflow (branching/review/gates/release),quality,formatting,clang-format,src/benchmarks/material_library.cpp,2026-04-20T18:45:10.4529448Z,not clang-formatted,https://github.com/GS76/mfree_iwf_ul_cut_refine_windows_ver/actions/runs/24684121470,push,2026-04-20T18:44:39Z,failure
24684121470,78a9dbc166c71f77dff58c99958f2529945fc472,docs: expand development workflow (branching/review/gates/release),quality,formatting,clang-format,src/benchmarks/material_library.h,2026-04-20T18:45:10.4529698Z,not clang-formatted,https://github.com/GS76/mfree_iwf_ul_cut_refine_windows_ver/actions/runs/24684121470,push,2026-04-20T18:44:39Z,failure
24684121470,78a9dbc166c71f77dff58c99958f2529945fc472,docs: expand development workflow (branching/review/gates/release),quality,formatting,clang-format,src/benchmarks/test_benches.cpp,2026-04-20T18:45:10.4529934Z,not clang-formatted,https://github.com/GS76/mfree_iwf_ul_cut_refine_windows_ver/actions/runs/24684121470,push,2026-04-20T18:44:39Z,failure
24684121470,78a9dbc166c71f77dff58c99958f2529945fc472,docs: expand development workflow (branching/review/gates/release),quality,formatting,clang-format,src/benchmarks/test_cuttings.cpp,2026-04-20T18:45:10.4530186Z,not clang-formatted,https://github.com/GS76/mfree_iwf_ul_cut_refine_windows_ver/actions/runs/24684121470,push,2026-04-20T18:44:39Z,failure
24684121470,78a9dbc166c71f77dff58c99958f2529945fc472,docs: expand development workflow (branching/review/gates/release),quality,formatting,clang-format,src/benchmarks/test_cuttings.h,2026-04-20T18:45:10.4530424Z,not clang-formatted,https://github.com/GS76/mfree_iwf_ul_cut_refine_windows_ver/actions/runs/24684121470,push,2026-04-20T18:44:39Z,failure
24684121470,78a9dbc166c71f77dff58c99958f2529945fc472,docs: expand development workflow (branching/review/gates/release),quality,formatting,clang-format,src/benchmarks/test_density.cpp,2026-04-20T18:45:10.4530660Z,not clang-formatted,https://github.com/GS76/mfree_iwf_ul_cut_refine_windows_ver/actions/runs/24684121470,push,2026-04-20T18:44:39Z,failure
24684121470,78a9dbc166c71f77dff58c99958f2529945fc472,docs: expand development workflow (branching/review/gates/release),quality,formatting,clang-format,src/benchmarks/test_geom_validation_math.cpp,2026-04-20T18:45:10.4530955Z,not clang-formatted,https://github.com/GS76/mfree_iwf_ul_cut_refine_windows_ver/actions/runs/24684121470,push,2026-04-20T18:44:39Z,failure
24684121470,78a9dbc166c71f77dff58c99958f2529945fc472,docs: expand development workflow (branching/review/gates/release),quality,formatting,clang-format,src/benchmarks/validate_main.cpp,2026-04-20T18:45:10.4531221Z,not clang-formatted,https://github.com/GS76/mfree_iwf_ul_cut_refine_windows_ver/actions/runs/24684121470,push,2026-04-20T18:44:39Z,failure
24684121470,78a9dbc166c71f77dff58c99958f2529945fc472,docs: expand development workflow (branching/review/gates/release),quality,formatting,clang-format,src/body.cpp,2026-04-20T18:45:10.4531523Z,not clang-formatted,https://github.com/GS76/mfree_iwf_ul_cut_refine_windows_ver/actions/runs/24684121470,push,2026-04-20T18:44:39Z,failure
24684121470,78a9dbc166c71f77dff58c99958f2529945fc472,docs: expand development workflow (branching/review/gates/release),quality,formatting,clang-format,src/body.h,2026-04-20T18:45:10.4531834Z,not clang-formatted,https://github.com/GS76/mfree_iwf_ul_cut_refine_windows_ver/actions/runs/24684121470,push,2026-04-20T18:44:39Z,failure
24684121470,78a9dbc166c71f77dff58c99958f2529945fc472,docs: expand development workflow (branching/review/gates/release),quality,formatting,clang-format,src/cont_mech.cpp,2026-04-20T18:45:10.4532007Z,not clang-formatted,https://github.com/GS76/mfree_iwf_ul_cut_refine_windows_ver/actions/runs/24684121470,push,2026-04-20T18:44:39Z,failure
24684121470,78a9dbc166c71f77dff58c99958f2529945fc472,docs: expand development workflow (branching/review/gates/release),quality,formatting,clang-format,src/contact.cpp,2026-04-20T18:45:10.4532179Z,not clang-formatted,https://github.com/GS76/mfree_iwf_ul_cut_refine_windows_ver/actions/runs/24684121470,push,2026-04-20T18:44:39Z,failure
24684121470,78a9dbc166c71f77dff58c99958f2529945fc472,docs: expand development workflow (branching/review/gates/release),quality,formatting,clang-format,src/contact.h,2026-04-20T18:45:10.4532352Z,not clang-formatted,https://github.com/GS76/mfree_iwf_ul_cut_refine_windows_ver/actions/runs/24684121470,push,2026-04-20T18:44:39Z,failure
24684121470,78a9dbc166c71f77dff58c99958f2529945fc472,docs: expand development workflow (branching/review/gates/release),quality,formatting,clang-format,src/correctors.cpp,2026-04-20T18:45:10.4532519Z,not clang-formatted,https://github.com/GS76/mfree_iwf_ul_cut_refine_windows_ver/actions/runs/24684121470,push,2026-04-20T18:44:39Z,failure
24684121470,78a9dbc166c71f77dff58c99958f2529945fc472,docs: expand development workflow (branching/review/gates/release),quality,formatting,clang-format,src/correctors.h,2026-04-20T18:45:10.4532715Z,not clang-formatted,https://github.com/GS76/mfree_iwf_ul_cut_refine_windows_ver/actions/runs/24684121470,push,2026-04-20T18:44:39Z,failure
24684121470,78a9dbc166c71f77dff58c99958f2529945fc472,docs: expand development workflow (branching/review/gates/release),quality,formatting,clang-format,src/derivatives.cpp,2026-04-20T18:45:10.4532905Z,not clang-formatted,https://github.com/GS76/mfree_iwf_ul_cut_refine_windows_ver/actions/runs/24684121470,push,2026-04-20T18:44:39Z,failure
24684121470,78a9dbc166c71f77dff58c99958f2529945fc472,docs: expand development workflow (branching/review/gates/release),quality,formatting,clang-format,src/fe_tool.cpp,2026-04-20T18:45:10.4533115Z,not clang-formatted,https://github.com/GS76/mfree_iwf_ul_cut_refine_windows_ver/actions/runs/24684121470,push,2026-04-20T18:44:39Z,failure
24684121470,78a9dbc166c71f77dff58c99958f2529945fc472,docs: expand development workflow (branching/review/gates/release),quality,formatting,clang-format,src/fe_tool.h,2026-04-20T18:45:10.4533292Z,not clang-formatted,https://github.com/GS76/mfree_iwf_ul_cut_refine_windows_ver/actions/runs/24684121470,push,2026-04-20T18:44:39Z,failure
24684121470,78a9dbc166c71f77dff58c99958f2529945fc472,docs: expand development workflow (branching/review/gates/release),quality,formatting,clang-format,src/geom_validation_math.h,2026-04-20T18:45:10.4533703Z,not clang-formatted,https://github.com/GS76/mfree_iwf_ul_cut_refine_windows_ver/actions/runs/24684121470,push,2026-04-20T18:44:39Z,failure
24684121470,78a9dbc166c71f77dff58c99958f2529945fc472,docs: expand development workflow (branching/review/gates/release),quality,formatting,clang-format,src/glm/glm.hpp,2026-04-20T18:45:10.4533977Z,not clang-formatted,https://github.com/GS76/mfree_iwf_ul_cut_refine_windows_ver/actions/runs/24684121470,push,2026-04-20T18:44:39Z,failure
24684121470,78a9dbc166c71f77dff58c99958f2529945fc472,docs: expand development workflow (branching/review/gates/release),quality,formatting,clang-format,src/grid.cpp,2026-04-20T18:45:10.4534153Z,not clang-formatted,https://github.com/GS76/mfree_iwf_ul_cut_refine_windows_ver/actions/runs/24684121470,push,2026-04-20T18:44:39Z,failure
24684121470,78a9dbc166c71f77dff58c99958f2529945fc472,docs: expand development workflow (branching/review/gates/release),quality,formatting,clang-format,src/grid.h,2026-04-20T18:45:10.4534325Z,not clang-formatted,https://github.com/GS76/mfree_iwf_ul_cut_refine_windows_ver/actions/runs/24684121470,push,2026-04-20T18:44:39Z,failure
24684121470,78a9dbc166c71f77dff58c99958f2529945fc472,docs: expand development workflow (branching/review/gates/release),quality,formatting,clang-format,src/johnson_cook_Sima_2010.cpp,2026-04-20T18:45:10.4534495Z,not clang-formatted,https://github.com/GS76/mfree_iwf_ul_cut_refine_windows_ver/actions/runs/24684121470,push,2026-04-20T18:44:39Z,failure
24684121470,78a9dbc166c71f77dff58c99958f2529945fc472,docs: expand development workflow (branching/review/gates/release),quality,formatting,clang-format,src/johnson_cook_Sima_2010.h,2026-04-20T18:45:10.4534719Z,not clang-formatted,https://github.com/GS76/mfree_iwf_ul_cut_refine_windows_ver/actions/runs/24684121470,push,2026-04-20T18:44:39Z,failure
24684121470,78a9dbc166c71f77dff58c99958f2529945fc472,docs: expand development workflow (branching/review/gates/release),quality,formatting,clang-format,src/kernel.cpp,2026-04-20T18:45:10.4534921Z,not clang-formatted,https://github.com/GS76/mfree_iwf_ul_cut_refine_windows_ver/actions/runs/24684121470,push,2026-04-20T18:44:39Z,failure
24684121470,78a9dbc166c71f77dff58c99958f2529945fc472,docs: expand development workflow (branching/review/gates/release),quality,formatting,clang-format,src/leap_frog.cpp,2026-04-20T18:45:10.4535091Z,not clang-formatted,https://github.com/GS76/mfree_iwf_ul_cut_refine_windows_ver/actions/runs/24684121470,push,2026-04-20T18:44:39Z,failure
24684121470,78a9dbc166c71f77dff58c99958f2529945fc472,docs: expand development workflow (branching/review/gates/release),quality,formatting,clang-format,src/leap_frog.h,2026-04-20T18:45:10.4535257Z,not clang-formatted,https://github.com/GS76/mfree_iwf_ul_cut_refine_windows_ver/actions/runs/24684121470,push,2026-04-20T18:44:39Z,failure
24684121470,78a9dbc166c71f77dff58c99958f2529945fc472,docs: expand development workflow (branching/review/gates/release),quality,formatting,clang-format,src/logger.cpp,2026-04-20T18:45:10.4535425Z,not clang-formatted,https://github.com/GS76/mfree_iwf_ul_cut_refine_windows_ver/actions/runs/24684121470,push,2026-04-20T18:44:39Z,failure
24684121470,78a9dbc166c71f77dff58c99958f2529945fc472,docs: expand development workflow (branching/review/gates/release),quality,formatting,clang-format,src/logger.h,2026-04-20T18:45:10.4535582Z,not clang-formatted,https://github.com/GS76/mfree_iwf_ul_cut_refine_windows_ver/actions/runs/24684121470,push,2026-04-20T18:44:39Z,failure
24684121470,78a9dbc166c71f77dff58c99958f2529945fc472,docs: expand development workflow (branching/review/gates/release),quality,formatting,clang-format,src/material.cpp,2026-04-20T18:45:10.4535750Z,not clang-formatted,https://github.com/GS76/mfree_iwf_ul_cut_refine_windows_ver/actions/runs/24684121470,push,2026-04-20T18:44:39Z,failure
24684121470,78a9dbc166c71f77dff58c99958f2529945fc472,docs: expand development workflow (branching/review/gates/release),quality,formatting,clang-format,src/material.h,2026-04-20T18:45:10.4535913Z,not clang-formatted,https://github.com/GS76/mfree_iwf_ul_cut_refine_windows_ver/actions/runs/24684121470,push,2026-04-20T18:44:39Z,failure
24684121470,78a9dbc166c71f77dff58c99958f2529945fc472,docs: expand development workflow (branching/review/gates/release),quality,formatting,clang-format,src/particle.cpp,2026-04-20T18:45:10.4536083Z,not clang-formatted,https://github.com/GS76/mfree_iwf_ul_cut_refine_windows_ver/actions/runs/24684121470,push,2026-04-20T18:44:39Z,failure
24684121470,78a9dbc166c71f77dff58c99958f2529945fc472,docs: expand development workflow (branching/review/gates/release),quality,formatting,clang-format,src/particle.h,2026-04-20T18:45:10.4536252Z,not clang-formatted,https://github.com/GS76/mfree_iwf_ul_cut_refine_windows_ver/actions/runs/24684121470,push,2026-04-20T18:44:39Z,failure
24684121470,78a9dbc166c71f77dff58c99958f2529945fc472,docs: expand development workflow (branching/review/gates/release),quality,formatting,clang-format,src/plasticity.cpp,2026-04-20T18:45:10.4536427Z,not clang-formatted,https://github.com/GS76/mfree_iwf_ul_cut_refine_windows_ver/actions/runs/24684121470,push,2026-04-20T18:44:39Z,failure
24684121470,78a9dbc166c71f77dff58c99958f2529945fc472,docs: expand development workflow (branching/review/gates/release),quality,formatting,clang-format,src/plasticity.h,2026-04-20T18:45:10.4536610Z,not clang-formatted,https://github.com/GS76/mfree_iwf_ul_cut_refine_windows_ver/actions/runs/24684121470,push,2026-04-20T18:44:39Z,failure
24684121470,78a9dbc166c71f77dff58c99958f2529945fc472,docs: expand development workflow (branching/review/gates/release),quality,formatting,clang-format,src/precomp_shape_functions.cpp,2026-04-20T18:45:10.4536795Z,not clang-formatted,https://github.com/GS76/mfree_iwf_ul_cut_refine_windows_ver/actions/runs/24684121470,push,2026-04-20T18:44:39Z,failure
24684121470,78a9dbc166c71f77dff58c99958f2529945fc472,docs: expand development workflow (branching/review/gates/release),quality,formatting,clang-format,src/precomp_shape_functions.h,2026-04-20T18:45:10.4537030Z,not clang-formatted,https://github.com/GS76/mfree_iwf_ul_cut_refine_windows_ver/actions/runs/24684121470,push,2026-04-20T18:44:39Z,failure
24684121470,78a9dbc166c71f77dff58c99958f2529945fc472,docs: expand development workflow (branching/review/gates/release),quality,formatting,clang-format,src/refine_cut_main.cpp,2026-04-20T18:45:10.4537245Z,not clang-formatted,https://github.com/GS76/mfree_iwf_ul_cut_refine_windows_ver/actions/runs/24684121470,push,2026-04-20T18:44:39Z,failure
24684121470,78a9dbc166c71f77dff58c99958f2529945fc472,docs: expand development workflow (branching/review/gates/release),quality,formatting,clang-format,src/simulation_data.cpp,2026-04-20T18:45:10.4537452Z,not clang-formatted,https://github.com/GS76/mfree_iwf_ul_cut_refine_windows_ver/actions/runs/24684121470,push,2026-04-20T18:44:39Z,failure
24684121470,78a9dbc166c71f77dff58c99958f2529945fc472,docs: expand development workflow (branching/review/gates/release),quality,formatting,clang-format,src/simulation_data.h,2026-04-20T18:45:10.4537767Z,not clang-formatted,https://github.com/GS76/mfree_iwf_ul_cut_refine_windows_ver/actions/runs/24684121470,push,2026-04-20T18:44:39Z,failure
24684121470,78a9dbc166c71f77dff58c99958f2529945fc472,docs: expand development workflow (branching/review/gates/release),quality,formatting,clang-format,src/simulation_time.cpp,2026-04-20T18:45:10.4537960Z,not clang-formatted,https://github.com/GS76/mfree_iwf_ul_cut_refine_windows_ver/actions/runs/24684121470,push,2026-04-20T18:44:39Z,failure
24684121470,78a9dbc166c71f77dff58c99958f2529945fc472,docs: expand development workflow (branching/review/gates/release),quality,formatting,clang-format,src/simulation_time.h,2026-04-20T18:45:10.4538148Z,not clang-formatted,https://github.com/GS76/mfree_iwf_ul_cut_refine_windows_ver/actions/runs/24684121470,push,2026-04-20T18:44:39Z,failure
24684121470,78a9dbc166c71f77dff58c99958f2529945fc472,docs: expand development workflow (branching/review/gates/release),quality,formatting,clang-format,src/solver.h,2026-04-20T18:45:10.4538332Z,not clang-formatted,https://github.com/GS76/mfree_iwf_ul_cut_refine_windows_ver/actions/runs/24684121470,push,2026-04-20T18:44:39Z,failure
24684121470,78a9dbc166c71f77dff58c99958f2529945fc472,docs: expand development workflow (branching/review/gates/release),quality,formatting,clang-format,src/thermal.cpp,2026-04-20T18:45:10.4538773Z,not clang-formatted,https://github.com/GS76/mfree_iwf_ul_cut_refine_windows_ver/actions/runs/24684121470,push,2026-04-20T18:44:39Z,failure
24684121470,78a9dbc166c71f77dff58c99958f2529945fc472,docs: expand development workflow (branching/review/gates/release),quality,formatting,clang-format,src/thermal.h,2026-04-20T18:45:10.4538943Z,not clang-formatted,https://github.com/GS76/mfree_iwf_ul_cut_refine_windows_ver/actions/runs/24684121470,push,2026-04-20T18:44:39Z,failure
24684121470,78a9dbc166c71f77dff58c99958f2529945fc472,docs: expand development workflow (branching/review/gates/release),quality,formatting,clang-format,src/tool.cpp,2026-04-20T18:45:10.4539104Z,not clang-formatted,https://github.com/GS76/mfree_iwf_ul_cut_refine_windows_ver/actions/runs/24684121470,push,2026-04-20T18:44:39Z,failure
24684121470,78a9dbc166c71f77dff58c99958f2529945fc472,docs: expand development workflow (branching/review/gates/release),quality,formatting,clang-format,src/tool.h,2026-04-20T18:45:10.4539275Z,not clang-formatted,https://github.com/GS76/mfree_iwf_ul_cut_refine_windows_ver/actions/runs/24684121470,push,2026-04-20T18:44:39Z,failure
24684121470,78a9dbc166c71f77dff58c99958f2529945fc472,docs: expand development workflow (branching/review/gates/release),quality,formatting,clang-format,src/tool_adapter_poly.cpp,2026-04-20T18:45:10.4539440Z,not clang-formatted,https://github.com/GS76/mfree_iwf_ul_cut_refine_windows_ver/actions/runs/24684121470,push,2026-04-20T18:44:39Z,failure
24684121470,78a9dbc166c71f77dff58c99958f2529945fc472,docs: expand development workflow (branching/review/gates/release),quality,formatting,clang-format,src/tool_adapter_poly.h,2026-04-20T18:45:10.4539649Z,not clang-formatted,https://github.com/GS76/mfree_iwf_ul_cut_refine_windows_ver/actions/runs/24684121470,push,2026-04-20T18:44:39Z,failure
24684121470,78a9dbc166c71f77dff58c99958f2529945fc472,docs: expand development workflow (branching/review/gates/release),quality,formatting,clang-format,src/tool_adapter_rigid.cpp,2026-04-20T18:45:10.4539851Z,not clang-formatted,https://github.com/GS76/mfree_iwf_ul_cut_refine_windows_ver/actions/runs/24684121470,push,2026-04-20T18:44:39Z,failure
24684121470,78a9dbc166c71f77dff58c99958f2529945fc472,docs: expand development workflow (branching/review/gates/release),quality,formatting,clang-format,src/tool_adapter_rigid.h,2026-04-20T18:45:10.4540059Z,not clang-formatted,https://github.com/GS76/mfree_iwf_ul_cut_refine_windows_ver/actions/runs/24684121470,push,2026-04-20T18:44:39Z,failure
24684121470,78a9dbc166c71f77dff58c99958f2529945fc472,docs: expand development workflow (branching/review/gates/release),quality,formatting,clang-format,src/tool_iface.h,2026-04-20T18:45:10.4540255Z,not clang-formatted,https://github.com/GS76/mfree_iwf_ul_cut_refine_windows_ver/actions/runs/24684121470,push,2026-04-20T18:44:39Z,failure
24684121470,78a9dbc166c71f77dff58c99958f2529945fc472,docs: expand development workflow (branching/review/gates/release),quality,formatting,clang-format,src/vtk_writer.cpp,2026-04-20T18:45:10.4540420Z,not clang-formatted,https://github.com/GS76/mfree_iwf_ul_cut_refine_windows_ver/actions/runs/24684121470,push,2026-04-20T18:44:39Z,failure
24684121470,78a9dbc166c71f77dff58c99958f2529945fc472,docs: expand development workflow (branching/review/gates/release),quality,formatting,clang-format,src/vtk_writer.h,2026-04-20T18:45:10.4540596Z,not clang-formatted,https://github.com/GS76/mfree_iwf_ul_cut_refine_windows_ver/actions/runs/24684121470,push,2026-04-20T18:44:39Z,failure
24683852166,277838acfe2058cececffec9bebbd70b37d9ad9a,vtk: export fixed_ux/fixed_uy node flags,quality,formatting,clang-format,Meshing/gmsh-4.15.2-Windows64-sdk/include/gmsh.h,2026-04-20T18:39:10.4413342Z,not clang-formatted,https://github.com/GS76/mfree_iwf_ul_cut_refine_windows_ver/actions/runs/24683852166,push,2026-04-20T18:38:43Z,failure
24683852166,277838acfe2058cececffec9bebbd70b37d9ad9a,vtk: export fixed_ux/fixed_uy node flags,quality,formatting,clang-format,Meshing/gmsh-4.15.2-Windows64-sdk/include/gmshc.h,2026-04-20T18:39:10.4413810Z,not clang-formatted,https://github.com/GS76/mfree_iwf_ul_cut_refine_windows_ver/actions/runs/24683852166,push,2026-04-20T18:38:43Z,failure
24683852166,277838acfe2058cececffec9bebbd70b37d9ad9a,vtk: export fixed_ux/fixed_uy node flags,quality,formatting,clang-format,Meshing/gmsh-4.15.2-Windows64-sdk/share/doc/gmsh/examples/api/adapt_mesh.cpp,2026-04-20T18:39:10.4414340Z,not clang-formatted,https://github.com/GS76/mfree_iwf_ul_cut_refine_windows_ver/actions/runs/24683852166,push,2026-04-20T18:38:43Z,failure
24683852166,277838acfe2058cececffec9bebbd70b37d9ad9a,vtk: export fixed_ux/fixed_uy node flags,quality,formatting,clang-format,Meshing/gmsh-4.15.2-Windows64-sdk/share/doc/gmsh/examples/api/boolean.cpp,2026-04-20T18:39:10.4415013Z,not clang-formatted,https://github.com/GS76/mfree_iwf_ul_cut_refine_windows_ver/actions/runs/24683852166,push,2026-04-20T18:38:43Z,failure
24683852166,277838acfe2058cececffec9bebbd70b37d9ad9a,vtk: export fixed_ux/fixed_uy node flags,quality,formatting,clang-format,Meshing/gmsh-4.15.2-Windows64-sdk/share/doc/gmsh/examples/api/custom_gui.cpp,2026-04-20T18:39:10.4415722Z,not clang-formatted,https://github.com/GS76/mfree_iwf_ul_cut_refine_windows_ver/actions/runs/24683852166,push,2026-04-20T18:38:43Z,failure
24683852166,277838acfe2058cececffec9bebbd70b37d9ad9a,vtk: export fixed_ux/fixed_uy node flags,quality,formatting,clang-format,Meshing/gmsh-4.15.2-Windows64-sdk/share/doc/gmsh/examples/api/discrete.cpp,2026-04-20T18:39:10.4416343Z,not clang-formatted,https://github.com/GS76/mfree_iwf_ul_cut_refine_windows_ver/actions/runs/24683852166,push,2026-04-20T18:38:43Z,failure
24683852166,277838acfe2058cececffec9bebbd70b37d9ad9a,vtk: export fixed_ux/fixed_uy node flags,quality,formatting,clang-format,Meshing/gmsh-4.15.2-Windows64-sdk/share/doc/gmsh/examples/api/edges.cpp,2026-04-20T18:39:10.4417320Z,not clang-formatted,https://github.com/GS76/mfree_iwf_ul_cut_refine_windows_ver/actions/runs/24683852166,push,2026-04-20T18:38:43Z,failure
24683852166,277838acfe2058cececffec9bebbd70b37d9ad9a,vtk: export fixed_ux/fixed_uy node flags,quality,formatting,clang-format,Meshing/gmsh-4.15.2-Windows64-sdk/share/doc/gmsh/examples/api/explore.cpp,2026-04-20T18:39:10.4417976Z,not clang-formatted,https://github.com/GS76/mfree_iwf_ul_cut_refine_windows_ver/actions/runs/24683852166,push,2026-04-20T18:38:43Z,failure
24683852166,277838acfe2058cececffec9bebbd70b37d9ad9a,vtk: export fixed_ux/fixed_uy node flags,quality,formatting,clang-format,Meshing/gmsh-4.15.2-Windows64-sdk/share/doc/gmsh/examples/api/faces.cpp,2026-04-20T18:39:10.4418622Z,not clang-formatted,https://github.com/GS76/mfree_iwf_ul_cut_refine_windows_ver/actions/runs/24683852166,push,2026-04-20T18:38:43Z,failure
24683852166,277838acfe2058cececffec9bebbd70b37d9ad9a,vtk: export fixed_ux/fixed_uy node flags,quality,formatting,clang-format,Meshing/gmsh-4.15.2-Windows64-sdk/share/doc/gmsh/examples/api/fragment_surfaces.cpp,2026-04-20T18:39:10.4419401Z,not clang-formatted,https://github.com/GS76/mfree_iwf_ul_cut_refine_windows_ver/actions/runs/24683852166,push,2026-04-20T18:38:43Z,failure
24683852166,277838acfe2058cececffec9bebbd70b37d9ad9a,vtk: export fixed_ux/fixed_uy node flags,quality,formatting,clang-format,Meshing/gmsh-4.15.2-Windows64-sdk/share/doc/gmsh/examples/api/get_data_perf.cpp,2026-04-20T18:39:10.4420275Z,not clang-formatted,https://github.com/GS76/mfree_iwf_ul_cut_refine_windows_ver/actions/runs/24683852166,push,2026-04-20T18:38:43Z,failure
24683852166,277838acfe2058cececffec9bebbd70b37d9ad9a,vtk: export fixed_ux/fixed_uy node flags,quality,formatting,clang-format,Meshing/gmsh-4.15.2-Windows64-sdk/share/doc/gmsh/examples/api/gui.cpp,2026-04-20T18:39:10.4421213Z,not clang-formatted,https://github.com/GS76/mfree_iwf_ul_cut_refine_windows_ver/actions/runs/24683852166,push,2026-04-20T18:38:43Z,failure
24683852166,277838acfe2058cececffec9bebbd70b37d9ad9a,vtk: export fixed_ux/fixed_uy node flags,quality,formatting,clang-format,Meshing/gmsh-4.15.2-Windows64-sdk/share/doc/gmsh/examples/api/import_perf.c,2026-04-20T18:39:10.4421643Z,not clang-formatted,https://github.com/GS76/mfree_iwf_ul_cut_refine_windows_ver/actions/runs/24683852166,push,2026-04-20T18:38:43Z,failure
24683852166,277838acfe2058cececffec9bebbd70b37d9ad9a,vtk: export fixed_ux/fixed_uy node flags,quality,formatting,clang-format,Meshing/gmsh-4.15.2-Windows64-sdk/share/doc/gmsh/examples/api/import_perf.cpp,2026-04-20T18:39:10.4422077Z,not clang-formatted,https://github.com/GS76/mfree_iwf_ul_cut_refine_windows_ver/actions/runs/24683852166,push,2026-04-20T18:38:43Z,failure
24683852166,277838acfe2058cececffec9bebbd70b37d9ad9a,vtk: export fixed_ux/fixed_uy node flags,quality,formatting,clang-format,Meshing/gmsh-4.15.2-Windows64-sdk/share/doc/gmsh/examples/api/onelab_run_auto.c,2026-04-20T18:39:10.4422531Z,not clang-formatted,https://github.com/GS76/mfree_iwf_ul_cut_refine_windows_ver/actions/runs/24683852166,push,2026-04-20T18:38:43Z,failure
24683852166,277838acfe2058cececffec9bebbd70b37d9ad9a,vtk: export fixed_ux/fixed_uy node flags,quality,formatting,clang-format,Meshing/gmsh-4.15.2-Windows64-sdk/share/doc/gmsh/examples/api/onelab_run_auto.cpp,2026-04-20T18:39:10.4422985Z,not clang-formatted,https://github.com/GS76/mfree_iwf_ul_cut_refine_windows_ver/actions/runs/24683852166,push,2026-04-20T18:38:43Z,failure
24683852166,277838acfe2058cececffec9bebbd70b37d9ad9a,vtk: export fixed_ux/fixed_uy node flags,quality,formatting,clang-format,Meshing/gmsh-4.15.2-Windows64-sdk/share/doc/gmsh/examples/api/open.cpp,2026-04-20T18:39:10.4423446Z,not clang-formatted,https://github.com/GS76/mfree_iwf_ul_cut_refine_windows_ver/actions/runs/24683852166,push,2026-04-20T18:38:43Z,failure
24683852166,277838acfe2058cececffec9bebbd70b37d9ad9a,vtk: export fixed_ux/fixed_uy node flags,quality,formatting,clang-format,Meshing/gmsh-4.15.2-Windows64-sdk/share/doc/gmsh/examples/api/partition.cpp,2026-04-20T18:39:10.4423864Z,not clang-formatted,https://github.com/GS76/mfree_iwf_ul_cut_refine_windows_ver/actions/runs/24683852166,push,2026-04-20T18:38:43Z,failure
24683852166,277838acfe2058cececffec9bebbd70b37d9ad9a,vtk: export fixed_ux/fixed_uy node flags,quality,formatting,clang-format,Meshing/gmsh-4.15.2-Windows64-sdk/share/doc/gmsh/examples/api/plugin.cpp,2026-04-20T18:39:10.4424278Z,not clang-formatted,https://github.com/GS76/mfree_iwf_ul_cut_refine_windows_ver/actions/runs/24683852166,push,2026-04-20T18:38:43Z,failure
24683852166,277838acfe2058cececffec9bebbd70b37d9ad9a,vtk: export fixed_ux/fixed_uy node flags,quality,formatting,clang-format,Meshing/gmsh-4.15.2-Windows64-sdk/share/doc/gmsh/examples/api/raw_tetrahedralization.cpp,2026-04-20T18:39:10.4424742Z,not clang-formatted,https://github.com/GS76/mfree_iwf_ul_cut_refine_windows_ver/actions/runs/24683852166,push,2026-04-20T18:38:43Z,failure
24683852166,277838acfe2058cececffec9bebbd70b37d9ad9a,vtk: export fixed_ux/fixed_uy node flags,quality,formatting,clang-format,Meshing/gmsh-4.15.2-Windows64-sdk/share/doc/gmsh/examples/api/simple.c,2026-04-20T18:39:10.4425200Z,not clang-formatted,https://github.com/GS76/mfree_iwf_ul_cut_refine_windows_ver/actions/runs/24683852166,push,2026-04-20T18:38:43Z,failure
24683852166,277838acfe2058cececffec9bebbd70b37d9ad9a,vtk: export fixed_ux/fixed_uy node flags,quality,formatting,clang-format,Meshing/gmsh-4.15.2-Windows64-sdk/share/doc/gmsh/examples/api/simple.cpp,2026-04-20T18:39:10.4425600Z,not clang-formatted,https://github.com/GS76/mfree_iwf_ul_cut_refine_windows_ver/actions/runs/24683852166,push,2026-04-20T18:38:43Z,failure
24683852166,277838acfe2058cececffec9bebbd70b37d9ad9a,vtk: export fixed_ux/fixed_uy node flags,quality,formatting,clang-format,Meshing/gmsh-4.15.2-Windows64-sdk/share/doc/gmsh/examples/api/spline.cpp,2026-04-20T18:39:10.4426023Z,not clang-formatted,https://github.com/GS76/mfree_iwf_ul_cut_refine_windows_ver/actions/runs/24683852166,push,2026-04-20T18:38:43Z,failure
24683852166,277838acfe2058cececffec9bebbd70b37d9ad9a,vtk: export fixed_ux/fixed_uy node flags,quality,formatting,clang-format,Meshing/gmsh-4.15.2-Windows64-sdk/share/doc/gmsh/examples/api/square.cpp,2026-04-20T18:39:10.4426417Z,not clang-formatted,https://github.com/GS76/mfree_iwf_ul_cut_refine_windows_ver/actions/runs/24683852166,push,2026-04-20T18:38:43Z,failure
24683852166,277838acfe2058cececffec9bebbd70b37d9ad9a,vtk: export fixed_ux/fixed_uy node flags,quality,formatting,clang-format,Meshing/gmsh-4.15.2-Windows64-sdk/share/doc/gmsh/examples/api/test.c,2026-04-20T18:39:10.4426811Z,not clang-formatted,https://github.com/GS76/mfree_iwf_ul_cut_refine_windows_ver/actions/runs/24683852166,push,2026-04-20T18:38:43Z,failure
24683852166,277838acfe2058cececffec9bebbd70b37d9ad9a,vtk: export fixed_ux/fixed_uy node flags,quality,formatting,clang-format,Meshing/gmsh-4.15.2-Windows64-sdk/share/doc/gmsh/examples/api/view.cpp,2026-04-20T18:39:10.4427196Z,not clang-formatted,https://github.com/GS76/mfree_iwf_ul_cut_refine_windows_ver/actions/runs/24683852166,push,2026-04-20T18:38:43Z,failure
24683852166,277838acfe2058cececffec9bebbd70b37d9ad9a,vtk: export fixed_ux/fixed_uy node flags,quality,formatting,clang-format,Meshing/gmsh-4.15.2-Windows64-sdk/share/doc/gmsh/examples/api/viewlist.cpp,2026-04-20T18:39:10.4427613Z,not clang-formatted,https://github.com/GS76/mfree_iwf_ul_cut_refine_windows_ver/actions/runs/24683852166,push,2026-04-20T18:38:43Z,failure
24683852166,277838acfe2058cececffec9bebbd70b37d9ad9a,vtk: export fixed_ux/fixed_uy node flags,quality,formatting,clang-format,Meshing/gmsh-4.15.2-Windows64-sdk/share/doc/gmsh/tutorials/c++/t1.cpp,2026-04-20T18:39:10.4428021Z,not clang-formatted,https://github.com/GS76/mfree_iwf_ul_cut_refine_windows_ver/actions/runs/24683852166,push,2026-04-20T18:38:43Z,failure
24683852166,277838acfe2058cececffec9bebbd70b37d9ad9a,vtk: export fixed_ux/fixed_uy node flags,quality,formatting,clang-format,Meshing/gmsh-4.15.2-Windows64-sdk/share/doc/gmsh/tutorials/c++/t10.cpp,2026-04-20T18:39:10.4428411Z,not clang-formatted,https://github.com/GS76/mfree_iwf_ul_cut_refine_windows_ver/actions/runs/24683852166,push,2026-04-20T18:38:43Z,failure
24683852166,277838acfe2058cececffec9bebbd70b37d9ad9a,vtk: export fixed_ux/fixed_uy node flags,quality,formatting,clang-format,Meshing/gmsh-4.15.2-Windows64-sdk/share/doc/gmsh/tutorials/c++/t11.cpp,2026-04-20T18:39:10.4428799Z,not clang-formatted,https://github.com/GS76/mfree_iwf_ul_cut_refine_windows_ver/actions/runs/24683852166,push,2026-04-20T18:38:43Z,failure
24683852166,277838acfe2058cececffec9bebbd70b37d9ad9a,vtk: export fixed_ux/fixed_uy node flags,quality,formatting,clang-format,Meshing/gmsh-4.15.2-Windows64-sdk/share/doc/gmsh/tutorials/c++/t12.cpp,2026-04-20T18:39:10.4429179Z,not clang-formatted,https://github.com/GS76/mfree_iwf_ul_cut_refine_windows_ver/actions/runs/24683852166,push,2026-04-20T18:38:43Z,failure
24683852166,277838acfe2058cececffec9bebbd70b37d9ad9a,vtk: export fixed_ux/fixed_uy node flags,quality,formatting,clang-format,Meshing/gmsh-4.15.2-Windows64-sdk/share/doc/gmsh/tutorials/c++/t13.cpp,2026-04-20T18:39:10.4429563Z,not clang-formatted,https://github.com/GS76/mfree_iwf_ul_cut_refine_windows_ver/actions/runs/24683852166,push,2026-04-20T18:38:43Z,failure
24683852166,277838acfe2058cececffec9bebbd70b37d9ad9a,vtk: export fixed_ux/fixed_uy node flags,quality,formatting,clang-format,Meshing/gmsh-4.15.2-Windows64-sdk/share/doc/gmsh/tutorials/c++/t14.cpp,2026-04-20T18:39:10.4429939Z,not clang-formatted,https://github.com/GS76/mfree_iwf_ul_cut_refine_windows_ver/actions/runs/24683852166,push,2026-04-20T18:38:43Z,failure
24683852166,277838acfe2058cececffec9bebbd70b37d9ad9a,vtk: export fixed_ux/fixed_uy node flags,quality,formatting,clang-format,Meshing/gmsh-4.15.2-Windows64-sdk/share/doc/gmsh/tutorials/c++/t15.cpp,2026-04-20T18:39:10.4430329Z,not clang-formatted,https://github.com/GS76/mfree_iwf_ul_cut_refine_windows_ver/actions/runs/24683852166,push,2026-04-20T18:38:43Z,failure
24683852166,277838acfe2058cececffec9bebbd70b37d9ad9a,vtk: export fixed_ux/fixed_uy node flags,quality,formatting,clang-format,Meshing/gmsh-4.15.2-Windows64-sdk/share/doc/gmsh/tutorials/c++/t16.cpp,2026-04-20T18:39:10.4430881Z,not clang-formatted,https://github.com/GS76/mfree_iwf_ul_cut_refine_windows_ver/actions/runs/24683852166,push,2026-04-20T18:38:43Z,failure
24683852166,277838acfe2058cececffec9bebbd70b37d9ad9a,vtk: export fixed_ux/fixed_uy node flags,quality,formatting,clang-format,Meshing/gmsh-4.15.2-Windows64-sdk/share/doc/gmsh/tutorials/c++/t17.cpp,2026-04-20T18:39:10.4431266Z,not clang-formatted,https://github.com/GS76/mfree_iwf_ul_cut_refine_windows_ver/actions/runs/24683852166,push,2026-04-20T18:38:43Z,failure
24683852166,277838acfe2058cececffec9bebbd70b37d9ad9a,vtk: export fixed_ux/fixed_uy node flags,quality,formatting,clang-format,Meshing/gmsh-4.15.2-Windows64-sdk/share/doc/gmsh/tutorials/c++/t18.cpp,2026-04-20T18:39:10.4432011Z,not clang-formatted,https://github.com/GS76/mfree_iwf_ul_cut_refine_windows_ver/actions/runs/24683852166,push,2026-04-20T18:38:43Z,failure
24683852166,277838acfe2058cececffec9bebbd70b37d9ad9a,vtk: export fixed_ux/fixed_uy node flags,quality,formatting,clang-format,Meshing/gmsh-4.15.2-Windows64-sdk/share/doc/gmsh/tutorials/c++/t19.cpp,2026-04-20T18:39:10.4432614Z,not clang-formatted,https://github.com/GS76/mfree_iwf_ul_cut_refine_windows_ver/actions/runs/24683852166,push,2026-04-20T18:38:43Z,failure
24683852166,277838acfe2058cececffec9bebbd70b37d9ad9a,vtk: export fixed_ux/fixed_uy node flags,quality,formatting,clang-format,Meshing/gmsh-4.15.2-Windows64-sdk/share/doc/gmsh/tutorials/c++/t2.cpp,2026-04-20T18:39:10.4433237Z,not clang-formatted,https://github.com/GS76/mfree_iwf_ul_cut_refine_windows_ver/actions/runs/24683852166,push,2026-04-20T18:38:43Z,failure
24683852166,277838acfe2058cececffec9bebbd70b37d9ad9a,vtk: export fixed_ux/fixed_uy node flags,quality,formatting,clang-format,Meshing/gmsh-4.15.2-Windows64-sdk/share/doc/gmsh/tutorials/c++/t20.cpp,2026-04-20T18:39:10.4433859Z,not clang-formatted,https://github.com/GS76/mfree_iwf_ul_cut_refine_windows_ver/actions/runs/24683852166,push,2026-04-20T18:38:43Z,failure
24683852166,277838acfe2058cececffec9bebbd70b37d9ad9a,vtk: export fixed_ux/fixed_uy node flags,quality,formatting,clang-format,Meshing/gmsh-4.15.2-Windows64-sdk/share/doc/gmsh/tutorials/c++/t21.cpp,2026-04-20T18:39:10.4434490Z,not clang-formatted,https://github.com/GS76/mfree_iwf_ul_cut_refine_windows_ver/actions/runs/24683852166,push,2026-04-20T18:38:43Z,failure
24683852166,277838acfe2058cececffec9bebbd70b37d9ad9a,vtk: export fixed_ux/fixed_uy node flags,quality,formatting,clang-format,Meshing/gmsh-4.15.2-Windows64-sdk/share/doc/gmsh/tutorials/c++/t3.cpp,2026-04-20T18:39:10.4435033Z,not clang-formatted,https://github.com/GS76/mfree_iwf_ul_cut_refine_windows_ver/actions/runs/24683852166,push,2026-04-20T18:38:43Z,failure
24683852166,277838acfe2058cececffec9bebbd70b37d9ad9a,vtk: export fixed_ux/fixed_uy node flags,quality,formatting,clang-format,Meshing/gmsh-4.15.2-Windows64-sdk/share/doc/gmsh/tutorials/c++/t4.cpp,2026-04-20T18:39:10.4435417Z,not clang-formatted,https://github.com/GS76/mfree_iwf_ul_cut_refine_windows_ver/actions/runs/24683852166,push,2026-04-20T18:38:43Z,failure
24683852166,277838acfe2058cececffec9bebbd70b37d9ad9a,vtk: export fixed_ux/fixed_uy node flags,quality,formatting,clang-format,Meshing/gmsh-4.15.2-Windows64-sdk/share/doc/gmsh/tutorials/c++/t5.cpp,2026-04-20T18:39:10.4435798Z,not clang-formatted,https://github.com/GS76/mfree_iwf_ul_cut_refine_windows_ver/actions/runs/24683852166,push,2026-04-20T18:38:43Z,failure
24683852166,277838acfe2058cececffec9bebbd70b37d9ad9a,vtk: export fixed_ux/fixed_uy node flags,quality,formatting,clang-format,Meshing/gmsh-4.15.2-Windows64-sdk/share/doc/gmsh/tutorials/c++/t6.cpp,2026-04-20T18:39:10.4436177Z,not clang-formatted,https://github.com/GS76/mfree_iwf_ul_cut_refine_windows_ver/actions/runs/24683852166,push,2026-04-20T18:38:43Z,failure
24683852166,277838acfe2058cececffec9bebbd70b37d9ad9a,vtk: export fixed_ux/fixed_uy node flags,quality,formatting,clang-format,Meshing/gmsh-4.15.2-Windows64-sdk/share/doc/gmsh/tutorials/c++/t7.cpp,2026-04-20T18:39:10.4436559Z,not clang-formatted,https://github.com/GS76/mfree_iwf_ul_cut_refine_windows_ver/actions/runs/24683852166,push,2026-04-20T18:38:43Z,failure
24683852166,277838acfe2058cececffec9bebbd70b37d9ad9a,vtk: export fixed_ux/fixed_uy node flags,quality,formatting,clang-format,Meshing/gmsh-4.15.2-Windows64-sdk/share/doc/gmsh/tutorials/c++/t8.cpp,2026-04-20T18:39:10.4437104Z,not clang-formatted,https://github.com/GS76/mfree_iwf_ul_cut_refine_windows_ver/actions/runs/24683852166,push,2026-04-20T18:38:43Z,failure
24683852166,277838acfe2058cececffec9bebbd70b37d9ad9a,vtk: export fixed_ux/fixed_uy node flags,quality,formatting,clang-format,Meshing/gmsh-4.15.2-Windows64-sdk/share/doc/gmsh/tutorials/c++/t9.cpp,2026-04-20T18:39:10.4437493Z,not clang-formatted,https://github.com/GS76/mfree_iwf_ul_cut_refine_windows_ver/actions/runs/24683852166,push,2026-04-20T18:38:43Z,failure
24683852166,277838acfe2058cececffec9bebbd70b37d9ad9a,vtk: export fixed_ux/fixed_uy node flags,quality,formatting,clang-format,Meshing/gmsh-4.15.2-Windows64-sdk/share/doc/gmsh/tutorials/c++/x1.cpp,2026-04-20T18:39:10.4437876Z,not clang-formatted,https://github.com/GS76/mfree_iwf_ul_cut_refine_windows_ver/actions/runs/24683852166,push,2026-04-20T18:38:43Z,failure
24683852166,277838acfe2058cececffec9bebbd70b37d9ad9a,vtk: export fixed_ux/fixed_uy node flags,quality,formatting,clang-format,Meshing/gmsh-4.15.2-Windows64-sdk/share/doc/gmsh/tutorials/c++/x2.cpp,2026-04-20T18:39:10.4438264Z,not clang-formatted,https://github.com/GS76/mfree_iwf_ul_cut_refine_windows_ver/actions/runs/24683852166,push,2026-04-20T18:38:43Z,failure
24683852166,277838acfe2058cececffec9bebbd70b37d9ad9a,vtk: export fixed_ux/fixed_uy node flags,quality,formatting,clang-format,Meshing/gmsh-4.15.2-Windows64-sdk/share/doc/gmsh/tutorials/c++/x3.cpp,2026-04-20T18:39:10.4438647Z,not clang-formatted,https://github.com/GS76/mfree_iwf_ul_cut_refine_windows_ver/actions/runs/24683852166,push,2026-04-20T18:38:43Z,failure
24683852166,277838acfe2058cececffec9bebbd70b37d9ad9a,vtk: export fixed_ux/fixed_uy node flags,quality,formatting,clang-format,Meshing/gmsh-4.15.2-Windows64-sdk/share/doc/gmsh/tutorials/c++/x4.cpp,2026-04-20T18:39:10.4439030Z,not clang-formatted,https://github.com/GS76/mfree_iwf_ul_cut_refine_windows_ver/actions/runs/24683852166,push,2026-04-20T18:38:43Z,failure
24683852166,277838acfe2058cececffec9bebbd70b37d9ad9a,vtk: export fixed_ux/fixed_uy node flags,quality,formatting,clang-format,Meshing/gmsh-4.15.2-Windows64-sdk/share/doc/gmsh/tutorials/c++/x5.cpp,2026-04-20T18:39:10.4439419Z,not clang-formatted,https://github.com/GS76/mfree_iwf_ul_cut_refine_windows_ver/actions/runs/24683852166,push,2026-04-20T18:38:43Z,failure
24683852166,277838acfe2058cececffec9bebbd70b37d9ad9a,vtk: export fixed_ux/fixed_uy node flags,quality,formatting,clang-format,Meshing/gmsh-4.15.2-Windows64-sdk/share/doc/gmsh/tutorials/c++/x6.cpp,2026-04-20T18:39:10.4439796Z,not clang-formatted,https://github.com/GS76/mfree_iwf_ul_cut_refine_windows_ver/actions/runs/24683852166,push,2026-04-20T18:38:43Z,failure
24683852166,277838acfe2058cececffec9bebbd70b37d9ad9a,vtk: export fixed_ux/fixed_uy node flags,quality,formatting,clang-format,Meshing/gmsh-4.15.2-Windows64-sdk/share/doc/gmsh/tutorials/c++/x7.cpp,2026-04-20T18:39:10.4440180Z,not clang-formatted,https://github.com/GS76/mfree_iwf_ul_cut_refine_windows_ver/actions/runs/24683852166,push,2026-04-20T18:38:43Z,failure
24683852166,277838acfe2058cececffec9bebbd70b37d9ad9a,vtk: export fixed_ux/fixed_uy node flags,quality,formatting,clang-format,Meshing/gmsh-4.15.2-Windows64-sdk/share/doc/gmsh/tutorials/c/t1.c,2026-04-20T18:39:10.4440748Z,not clang-formatted,https://github.com/GS76/mfree_iwf_ul_cut_refine_windows_ver/actions/runs/24683852166,push,2026-04-20T18:38:43Z,failure
24683852166,277838acfe2058cececffec9bebbd70b37d9ad9a,vtk: export fixed_ux/fixed_uy node flags,quality,formatting,clang-format,Meshing/gmsh-4.15.2-Windows64-sdk/share/doc/gmsh/tutorials/c/t16.c,2026-04-20T18:39:10.4441133Z,not clang-formatted,https://github.com/GS76/mfree_iwf_ul_cut_refine_windows_ver/actions/runs/24683852166,push,2026-04-20T18:38:43Z,failure
24683852166,277838acfe2058cececffec9bebbd70b37d9ad9a,vtk: export fixed_ux/fixed_uy node flags,quality,formatting,clang-format,Meshing/gmsh-4.15.2-Windows64-sdk/share/doc/gmsh/tutorials/c/t2.c,2026-04-20T18:39:10.4441516Z,not clang-formatted,https://github.com/GS76/mfree_iwf_ul_cut_refine_windows_ver/actions/runs/24683852166,push,2026-04-20T18:38:43Z,failure
24683852166,277838acfe2058cececffec9bebbd70b37d9ad9a,vtk: export fixed_ux/fixed_uy node flags,quality,formatting,clang-format,Meshing/gmsh-4.15.2-Windows64-sdk/share/doc/gmsh/tutorials/c/t6.c,2026-04-20T18:39:10.4441876Z,not clang-formatted,https://github.com/GS76/mfree_iwf_ul_cut_refine_windows_ver/actions/runs/24683852166,push,2026-04-20T18:38:43Z,failure
24683852166,277838acfe2058cececffec9bebbd70b37d9ad9a,vtk: export fixed_ux/fixed_uy node flags,quality,formatting,clang-format,Meshing/gmsh-4.15.2-Windows64/examples/api/adapt_mesh.cpp,2026-04-20T18:39:10.4442242Z,not clang-formatted,https://github.com/GS76/mfree_iwf_ul_cut_refine_windows_ver/actions/runs/24683852166,push,2026-04-20T18:38:43Z,failure
24683852166,277838acfe2058cececffec9bebbd70b37d9ad9a,vtk: export fixed_ux/fixed_uy node flags,quality,formatting,clang-format,Meshing/gmsh-4.15.2-Windows64/examples/api/boolean.cpp,2026-04-20T18:39:10.4442571Z,not clang-formatted,https://github.com/GS76/mfree_iwf_ul_cut_refine_windows_ver/actions/runs/24683852166,push,2026-04-20T18:38:43Z,failure
24683852166,277838acfe2058cececffec9bebbd70b37d9ad9a,vtk: export fixed_ux/fixed_uy node flags,quality,formatting,clang-format,Meshing/gmsh-4.15.2-Windows64/examples/api/custom_gui.cpp,2026-04-20T18:39:10.4442899Z,not clang-formatted,https://github.com/GS76/mfree_iwf_ul_cut_refine_windows_ver/actions/runs/24683852166,push,2026-04-20T18:38:43Z,failure
24683852166,277838acfe2058cececffec9bebbd70b37d9ad9a,vtk: export fixed_ux/fixed_uy node flags,quality,formatting,clang-format,Meshing/gmsh-4.15.2-Windows64/examples/api/discrete.cpp,2026-04-20T18:39:10.4443222Z,not clang-formatted,https://github.com/GS76/mfree_iwf_ul_cut_refine_windows_ver/actions/runs/24683852166,push,2026-04-20T18:38:43Z,failure
24683852166,277838acfe2058cececffec9bebbd70b37d9ad9a,vtk: export fixed_ux/fixed_uy node flags,quality,formatting,clang-format,Meshing/gmsh-4.15.2-Windows64/examples/api/edges.cpp,2026-04-20T18:39:10.4443538Z,not clang-formatted,https://github.com/GS76/mfree_iwf_ul_cut_refine_windows_ver/actions/runs/24683852166,push,2026-04-20T18:38:43Z,failure
24683852166,277838acfe2058cececffec9bebbd70b37d9ad9a,vtk: export fixed_ux/fixed_uy node flags,quality,formatting,clang-format,Meshing/gmsh-4.15.2-Windows64/examples/api/explore.cpp,2026-04-20T18:39:10.4443877Z,not clang-formatted,https://github.com/GS76/mfree_iwf_ul_cut_refine_windows_ver/actions/runs/24683852166,push,2026-04-20T18:38:43Z,failure
24683852166,277838acfe2058cececffec9bebbd70b37d9ad9a,vtk: export fixed_ux/fixed_uy node flags,quality,formatting,clang-format,Meshing/gmsh-4.15.2-Windows64/examples/api/faces.cpp,2026-04-20T18:39:10.4444247Z,not clang-formatted,https://github.com/GS76/mfree_iwf_ul_cut_refine_windows_ver/actions/runs/24683852166,push,2026-04-20T18:38:43Z,failure
24683852166,277838acfe2058cececffec9bebbd70b37d9ad9a,vtk: export fixed_ux/fixed_uy node flags,quality,formatting,clang-format,Meshing/gmsh-4.15.2-Windows64/examples/api/fragment_surfaces.cpp,2026-04-20T18:39:10.4444595Z,not clang-formatted,https://github.com/GS76/mfree_iwf_ul_cut_refine_windows_ver/actions/runs/24683852166,push,2026-04-20T18:38:43Z,failure
24683852166,277838acfe2058cececffec9bebbd70b37d9ad9a,vtk: export fixed_ux/fixed_uy node flags,quality,formatting,clang-format,Meshing/gmsh-4.15.2-Windows64/examples/api/get_data_perf.cpp,2026-04-20T18:39:10.4444966Z,not clang-formatted,https://github.com/GS76/mfree_iwf_ul_cut_refine_windows_ver/actions/runs/24683852166,push,2026-04-20T18:38:43Z,failure
24683852166,277838acfe2058cececffec9bebbd70b37d9ad9a,vtk: export fixed_ux/fixed_uy node flags,quality,formatting,clang-format,Meshing/gmsh-4.15.2-Windows64/examples/api/gui.cpp,2026-04-20T18:39:10.4445285Z,not clang-formatted,https://github.com/GS76/mfree_iwf_ul_cut_refine_windows_ver/actions/runs/24683852166,push,2026-04-20T18:38:43Z,failure
24683852166,277838acfe2058cececffec9bebbd70b37d9ad9a,vtk: export fixed_ux/fixed_uy node flags,quality,formatting,clang-format,Meshing/gmsh-4.15.2-Windows64/examples/api/import_perf.c,2026-04-20T18:39:10.4445601Z,not clang-formatted,https://github.com/GS76/mfree_iwf_ul_cut_refine_windows_ver/actions/runs/24683852166,push,2026-04-20T18:38:43Z,failure
24683852166,277838acfe2058cececffec9bebbd70b37d9ad9a,vtk: export fixed_ux/fixed_uy node flags,quality,formatting,clang-format,Meshing/gmsh-4.15.2-Windows64/examples/api/import_perf.cpp,2026-04-20T18:39:10.4445934Z,not clang-formatted,https://github.com/GS76/mfree_iwf_ul_cut_refine_windows_ver/actions/runs/24683852166,push,2026-04-20T18:38:43Z,failure
24683852166,277838acfe2058cececffec9bebbd70b37d9ad9a,vtk: export fixed_ux/fixed_uy node flags,quality,formatting,clang-format,Meshing/gmsh-4.15.2-Windows64/examples/api/onelab_run_auto.c,2026-04-20T18:39:10.4446280Z,not clang-formatted,https://github.com/GS76/mfree_iwf_ul_cut_refine_windows_ver/actions/runs/24683852166,push,2026-04-20T18:38:43Z,failure
24683852166,277838acfe2058cececffec9bebbd70b37d9ad9a,vtk: export fixed_ux/fixed_uy node flags,quality,formatting,clang-format,Meshing/gmsh-4.15.2-Windows64/examples/api/onelab_run_auto.cpp,2026-04-20T18:39:10.4446633Z,not clang-formatted,https://github.com/GS76/mfree_iwf_ul_cut_refine_windows_ver/actions/runs/24683852166,push,2026-04-20T18:38:43Z,failure
24683852166,277838acfe2058cececffec9bebbd70b37d9ad9a,vtk: export fixed_ux/fixed_uy node flags,quality,formatting,clang-format,Meshing/gmsh-4.15.2-Windows64/examples/api/open.cpp,2026-04-20T18:39:10.4446973Z,not clang-formatted,https://github.com/GS76/mfree_iwf_ul_cut_refine_windows_ver/actions/runs/24683852166,push,2026-04-20T18:38:43Z,failure
24683852166,277838acfe2058cececffec9bebbd70b37d9ad9a,vtk: export fixed_ux/fixed_uy node flags,quality,formatting,clang-format,Meshing/gmsh-4.15.2-Windows64/examples/api/partition.cpp,2026-04-20T18:39:10.4447294Z,not clang-formatted,https://github.com/GS76/mfree_iwf_ul_cut_refine_windows_ver/actions/runs/24683852166,push,2026-04-20T18:38:43Z,failure
24683852166,277838acfe2058cececffec9bebbd70b37d9ad9a,vtk: export fixed_ux/fixed_uy node flags,quality,formatting,clang-format,Meshing/gmsh-4.15.2-Windows64/examples/api/plugin.cpp,2026-04-20T18:39:10.4447610Z,not clang-formatted,https://github.com/GS76/mfree_iwf_ul_cut_refine_windows_ver/actions/runs/24683852166,push,2026-04-20T18:38:43Z,failure
24683852166,277838acfe2058cececffec9bebbd70b37d9ad9a,vtk: export fixed_ux/fixed_uy node flags,quality,formatting,clang-format,Meshing/gmsh-4.15.2-Windows64/examples/api/raw_tetrahedralization.cpp,2026-04-20T18:39:10.4447973Z,not clang-formatted,https://github.com/GS76/mfree_iwf_ul_cut_refine_windows_ver/actions/runs/24683852166,push,2026-04-20T18:38:43Z,failure
24683852166,277838acfe2058cececffec9bebbd70b37d9ad9a,vtk: export fixed_ux/fixed_uy node flags,quality,formatting,clang-format,Meshing/gmsh-4.15.2-Windows64/examples/api/simple.c,2026-04-20T18:39:10.4448314Z,not clang-formatted,https://github.com/GS76/mfree_iwf_ul_cut_refine_windows_ver/actions/runs/24683852166,push,2026-04-20T18:38:43Z,failure
24683852166,277838acfe2058cececffec9bebbd70b37d9ad9a,vtk: export fixed_ux/fixed_uy node flags,quality,formatting,clang-format,Meshing/gmsh-4.15.2-Windows64/examples/api/simple.cpp,2026-04-20T18:39:10.4448613Z,not clang-formatted,https://github.com/GS76/mfree_iwf_ul_cut_refine_windows_ver/actions/runs/24683852166,push,2026-04-20T18:38:43Z,failure
24683852166,277838acfe2058cececffec9bebbd70b37d9ad9a,vtk: export fixed_ux/fixed_uy node flags,quality,formatting,clang-format,Meshing/gmsh-4.15.2-Windows64/examples/api/spline.cpp,2026-04-20T18:39:10.4449370Z,not clang-formatted,https://github.com/GS76/mfree_iwf_ul_cut_refine_windows_ver/actions/runs/24683852166,push,2026-04-20T18:38:43Z,failure
24683852166,277838acfe2058cececffec9bebbd70b37d9ad9a,vtk: export fixed_ux/fixed_uy node flags,quality,formatting,clang-format,Meshing/gmsh-4.15.2-Windows64/examples/api/square.cpp,2026-04-20T18:39:10.4449883Z,not clang-formatted,https://github.com/GS76/mfree_iwf_ul_cut_refine_windows_ver/actions/runs/24683852166,push,2026-04-20T18:38:43Z,failure
24683852166,277838acfe2058cececffec9bebbd70b37d9ad9a,vtk: export fixed_ux/fixed_uy node flags,quality,formatting,clang-format,Meshing/gmsh-4.15.2-Windows64/examples/api/test.c,2026-04-20T18:39:10.4450373Z,not clang-formatted,https://github.com/GS76/mfree_iwf_ul_cut_refine_windows_ver/actions/runs/24683852166,push,2026-04-20T18:38:43Z,failure
24683852166,277838acfe2058cececffec9bebbd70b37d9ad9a,vtk: export fixed_ux/fixed_uy node flags,quality,formatting,clang-format,Meshing/gmsh-4.15.2-Windows64/examples/api/view.cpp,2026-04-20T18:39:10.4450981Z,not clang-formatted,https://github.com/GS76/mfree_iwf_ul_cut_refine_windows_ver/actions/runs/24683852166,push,2026-04-20T18:38:43Z,failure
24683852166,277838acfe2058cececffec9bebbd70b37d9ad9a,vtk: export fixed_ux/fixed_uy node flags,quality,formatting,clang-format,Meshing/gmsh-4.15.2-Windows64/examples/api/viewlist.cpp,2026-04-20T18:39:10.4451499Z,not clang-formatted,https://github.com/GS76/mfree_iwf_ul_cut_refine_windows_ver/actions/runs/24683852166,push,2026-04-20T18:38:43Z,failure
24683852166,277838acfe2058cececffec9bebbd70b37d9ad9a,vtk: export fixed_ux/fixed_uy node flags,quality,formatting,clang-format,Meshing/gmsh-4.15.2-Windows64/tutorials/c++/t1.cpp,2026-04-20T18:39:10.4451803Z,not clang-formatted,https://github.com/GS76/mfree_iwf_ul_cut_refine_windows_ver/actions/runs/24683852166,push,2026-04-20T18:38:43Z,failure
24683852166,277838acfe2058cececffec9bebbd70b37d9ad9a,vtk: export fixed_ux/fixed_uy node flags,quality,formatting,clang-format,Meshing/gmsh-4.15.2-Windows64/tutorials/c++/t10.cpp,2026-04-20T18:39:10.4452093Z,not clang-formatted,https://github.com/GS76/mfree_iwf_ul_cut_refine_windows_ver/actions/runs/24683852166,push,2026-04-20T18:38:43Z,failure
24683852166,277838acfe2058cececffec9bebbd70b37d9ad9a,vtk: export fixed_ux/fixed_uy node flags,quality,formatting,clang-format,Meshing/gmsh-4.15.2-Windows64/tutorials/c++/t11.cpp,2026-04-20T18:39:10.4452366Z,not clang-formatted,https://github.com/GS76/mfree_iwf_ul_cut_refine_windows_ver/actions/runs/24683852166,push,2026-04-20T18:38:43Z,failure
24683852166,277838acfe2058cececffec9bebbd70b37d9ad9a,vtk: export fixed_ux/fixed_uy node flags,quality,formatting,clang-format,Meshing/gmsh-4.15.2-Windows64/tutorials/c++/t12.cpp,2026-04-20T18:39:10.4452651Z,not clang-formatted,https://github.com/GS76/mfree_iwf_ul_cut_refine_windows_ver/actions/runs/24683852166,push,2026-04-20T18:38:43Z,failure
24683852166,277838acfe2058cececffec9bebbd70b37d9ad9a,vtk: export fixed_ux/fixed_uy node flags,quality,formatting,clang-format,Meshing/gmsh-4.15.2-Windows64/tutorials/c++/t13.cpp,2026-04-20T18:39:10.4452927Z,not clang-formatted,https://github.com/GS76/mfree_iwf_ul_cut_refine_windows_ver/actions/runs/24683852166,push,2026-04-20T18:38:43Z,failure
24683852166,277838acfe2058cececffec9bebbd70b37d9ad9a,vtk: export fixed_ux/fixed_uy node flags,quality,formatting,clang-format,Meshing/gmsh-4.15.2-Windows64/tutorials/c++/t14.cpp,2026-04-20T18:39:10.4453211Z,not clang-formatted,https://github.com/GS76/mfree_iwf_ul_cut_refine_windows_ver/actions/runs/24683852166,push,2026-04-20T18:38:43Z,failure
24683852166,277838acfe2058cececffec9bebbd70b37d9ad9a,vtk: export fixed_ux/fixed_uy node flags,quality,formatting,clang-format,Meshing/gmsh-4.15.2-Windows64/tutorials/c++/t15.cpp,2026-04-20T18:39:10.4453492Z,not clang-formatted,https://github.com/GS76/mfree_iwf_ul_cut_refine_windows_ver/actions/runs/24683852166,push,2026-04-20T18:38:43Z,failure
24683852166,277838acfe2058cececffec9bebbd70b37d9ad9a,vtk: export fixed_ux/fixed_uy node flags,quality,formatting,clang-format,Meshing/gmsh-4.15.2-Windows64/tutorials/c++/t16.cpp,2026-04-20T18:39:10.4453956Z,not clang-formatted,https://github.com/GS76/mfree_iwf_ul_cut_refine_windows_ver/actions/runs/24683852166,push,2026-04-20T18:38:43Z,failure
24683852166,277838acfe2058cececffec9bebbd70b37d9ad9a,vtk: export fixed_ux/fixed_uy node flags,quality,formatting,clang-format,Meshing/gmsh-4.15.2-Windows64/tutorials/c++/t17.cpp,2026-04-20T18:39:10.4454249Z,not clang-formatted,https://github.com/GS76/mfree_iwf_ul_cut_refine_windows_ver/actions/runs/24683852166,push,2026-04-20T18:38:43Z,failure
24683852166,277838acfe2058cececffec9bebbd70b37d9ad9a,vtk: export fixed_ux/fixed_uy node flags,quality,formatting,clang-format,Meshing/gmsh-4.15.2-Windows64/tutorials/c++/t18.cpp,2026-04-20T18:39:10.4454526Z,not clang-formatted,https://github.com/GS76/mfree_iwf_ul_cut_refine_windows_ver/actions/runs/24683852166,push,2026-04-20T18:38:43Z,failure
24683852166,277838acfe2058cececffec9bebbd70b37d9ad9a,vtk: export fixed_ux/fixed_uy node flags,quality,formatting,clang-format,Meshing/gmsh-4.15.2-Windows64/tutorials/c++/t19.cpp,2026-04-20T18:39:10.4454805Z,not clang-formatted,https://github.com/GS76/mfree_iwf_ul_cut_refine_windows_ver/actions/runs/24683852166,push,2026-04-20T18:38:43Z,failure
24683852166,277838acfe2058cececffec9bebbd70b37d9ad9a,vtk: export fixed_ux/fixed_uy node flags,quality,formatting,clang-format,Meshing/gmsh-4.15.2-Windows64/tutorials/c++/t2.cpp,2026-04-20T18:39:10.4455077Z,not clang-formatted,https://github.com/GS76/mfree_iwf_ul_cut_refine_windows_ver/actions/runs/24683852166,push,2026-04-20T18:38:43Z,failure
24683852166,277838acfe2058cececffec9bebbd70b37d9ad9a,vtk: export fixed_ux/fixed_uy node flags,quality,formatting,clang-format,Meshing/gmsh-4.15.2-Windows64/tutorials/c++/t20.cpp,2026-04-20T18:39:10.4455361Z,not clang-formatted,https://github.com/GS76/mfree_iwf_ul_cut_refine_windows_ver/actions/runs/24683852166,push,2026-04-20T18:38:43Z,failure
24683852166,277838acfe2058cececffec9bebbd70b37d9ad9a,vtk: export fixed_ux/fixed_uy node flags,quality,formatting,clang-format,Meshing/gmsh-4.15.2-Windows64/tutorials/c++/t21.cpp,2026-04-20T18:39:10.4455641Z,not clang-formatted,https://github.com/GS76/mfree_iwf_ul_cut_refine_windows_ver/actions/runs/24683852166,push,2026-04-20T18:38:43Z,failure
24683852166,277838acfe2058cececffec9bebbd70b37d9ad9a,vtk: export fixed_ux/fixed_uy node flags,quality,formatting,clang-format,Meshing/gmsh-4.15.2-Windows64/tutorials/c++/t3.cpp,2026-04-20T18:39:10.4455915Z,not clang-formatted,https://github.com/GS76/mfree_iwf_ul_cut_refine_windows_ver/actions/runs/24683852166,push,2026-04-20T18:38:43Z,failure
24683852166,277838acfe2058cececffec9bebbd70b37d9ad9a,vtk: export fixed_ux/fixed_uy node flags,quality,formatting,clang-format,Meshing/gmsh-4.15.2-Windows64/tutorials/c++/t4.cpp,2026-04-20T18:39:10.4456201Z,not clang-formatted,https://github.com/GS76/mfree_iwf_ul_cut_refine_windows_ver/actions/runs/24683852166,push,2026-04-20T18:38:43Z,failure
24683852166,277838acfe2058cececffec9bebbd70b37d9ad9a,vtk: export fixed_ux/fixed_uy node flags,quality,formatting,clang-format,Meshing/gmsh-4.15.2-Windows64/tutorials/c++/t5.cpp,2026-04-20T18:39:10.4456481Z,not clang-formatted,https://github.com/GS76/mfree_iwf_ul_cut_refine_windows_ver/actions/runs/24683852166,push,2026-04-20T18:38:43Z,failure
24683852166,277838acfe2058cececffec9bebbd70b37d9ad9a,vtk: export fixed_ux/fixed_uy node flags,quality,formatting,clang-format,Meshing/gmsh-4.15.2-Windows64/tutorials/c++/t6.cpp,2026-04-20T18:39:10.4456762Z,not clang-formatted,https://github.com/GS76/mfree_iwf_ul_cut_refine_windows_ver/actions/runs/24683852166,push,2026-04-20T18:38:43Z,failure
24683852166,277838acfe2058cececffec9bebbd70b37d9ad9a,vtk: export fixed_ux/fixed_uy node flags,quality,formatting,clang-format,Meshing/gmsh-4.15.2-Windows64/tutorials/c++/t7.cpp,2026-04-20T18:39:10.4457037Z,not clang-formatted,https://github.com/GS76/mfree_iwf_ul_cut_refine_windows_ver/actions/runs/24683852166,push,2026-04-20T18:38:43Z,failure
24683852166,277838acfe2058cececffec9bebbd70b37d9ad9a,vtk: export fixed_ux/fixed_uy node flags,quality,formatting,clang-format,Meshing/gmsh-4.15.2-Windows64/tutorials/c++/t8.cpp,2026-04-20T18:39:10.4457327Z,not clang-formatted,https://github.com/GS76/mfree_iwf_ul_cut_refine_windows_ver/actions/runs/24683852166,push,2026-04-20T18:38:43Z,failure
24683852166,277838acfe2058cececffec9bebbd70b37d9ad9a,vtk: export fixed_ux/fixed_uy node flags,quality,formatting,clang-format,Meshing/gmsh-4.15.2-Windows64/tutorials/c++/t9.cpp,2026-04-20T18:39:10.4457604Z,not clang-formatted,https://github.com/GS76/mfree_iwf_ul_cut_refine_windows_ver/actions/runs/24683852166,push,2026-04-20T18:38:43Z,failure
24683852166,277838acfe2058cececffec9bebbd70b37d9ad9a,vtk: export fixed_ux/fixed_uy node flags,quality,formatting,clang-format,Meshing/gmsh-4.15.2-Windows64/tutorials/c++/x1.cpp,2026-04-20T18:39:10.4457882Z,not clang-formatted,https://github.com/GS76/mfree_iwf_ul_cut_refine_windows_ver/actions/runs/24683852166,push,2026-04-20T18:38:43Z,failure
24683852166,277838acfe2058cececffec9bebbd70b37d9ad9a,vtk: export fixed_ux/fixed_uy node flags,quality,formatting,clang-format,Meshing/gmsh-4.15.2-Windows64/tutorials/c++/x2.cpp,2026-04-20T18:39:10.4458164Z,not clang-formatted,https://github.com/GS76/mfree_iwf_ul_cut_refine_windows_ver/actions/runs/24683852166,push,2026-04-20T18:38:43Z,failure
24683852166,277838acfe2058cececffec9bebbd70b37d9ad9a,vtk: export fixed_ux/fixed_uy node flags,quality,formatting,clang-format,Meshing/gmsh-4.15.2-Windows64/tutorials/c++/x3.cpp,2026-04-20T18:39:10.4458463Z,not clang-formatted,https://github.com/GS76/mfree_iwf_ul_cut_refine_windows_ver/actions/runs/24683852166,push,2026-04-20T18:38:43Z,failure
24683852166,277838acfe2058cececffec9bebbd70b37d9ad9a,vtk: export fixed_ux/fixed_uy node flags,quality,formatting,clang-format,Meshing/gmsh-4.15.2-Windows64/tutorials/c++/x4.cpp,2026-04-20T18:39:10.4459093Z,not clang-formatted,https://github.com/GS76/mfree_iwf_ul_cut_refine_windows_ver/actions/runs/24683852166,push,2026-04-20T18:38:43Z,failure
24683852166,277838acfe2058cececffec9bebbd70b37d9ad9a,vtk: export fixed_ux/fixed_uy node flags,quality,formatting,clang-format,Meshing/gmsh-4.15.2-Windows64/tutorials/c++/x5.cpp,2026-04-20T18:39:10.4459591Z,not clang-formatted,https://github.com/GS76/mfree_iwf_ul_cut_refine_windows_ver/actions/runs/24683852166,push,2026-04-20T18:38:43Z,failure
24683852166,277838acfe2058cececffec9bebbd70b37d9ad9a,vtk: export fixed_ux/fixed_uy node flags,quality,formatting,clang-format,Meshing/gmsh-4.15.2-Windows64/tutorials/c++/x6.cpp,2026-04-20T18:39:10.4460087Z,not clang-formatted,https://github.com/GS76/mfree_iwf_ul_cut_refine_windows_ver/actions/runs/24683852166,push,2026-04-20T18:38:43Z,failure
24683852166,277838acfe2058cececffec9bebbd70b37d9ad9a,vtk: export fixed_ux/fixed_uy node flags,quality,formatting,clang-format,Meshing/gmsh-4.15.2-Windows64/tutorials/c++/x7.cpp,2026-04-20T18:39:10.4460541Z,not clang-formatted,https://github.com/GS76/mfree_iwf_ul_cut_refine_windows_ver/actions/runs/24683852166,push,2026-04-20T18:38:43Z,failure
24683852166,277838acfe2058cececffec9bebbd70b37d9ad9a,vtk: export fixed_ux/fixed_uy node flags,quality,formatting,clang-format,Meshing/gmsh-4.15.2-Windows64/tutorials/c/t1.c,2026-04-20T18:39:10.4460839Z,not clang-formatted,https://github.com/GS76/mfree_iwf_ul_cut_refine_windows_ver/actions/runs/24683852166,push,2026-04-20T18:38:43Z,failure
24683852166,277838acfe2058cececffec9bebbd70b37d9ad9a,vtk: export fixed_ux/fixed_uy node flags,quality,formatting,clang-format,Meshing/gmsh-4.15.2-Windows64/tutorials/c/t16.c,2026-04-20T18:39:10.4461116Z,not clang-formatted,https://github.com/GS76/mfree_iwf_ul_cut_refine_windows_ver/actions/runs/24683852166,push,2026-04-20T18:38:43Z,failure
24683852166,277838acfe2058cececffec9bebbd70b37d9ad9a,vtk: export fixed_ux/fixed_uy node flags,quality,formatting,clang-format,Meshing/gmsh-4.15.2-Windows64/tutorials/c/t2.c,2026-04-20T18:39:10.4461393Z,not clang-formatted,https://github.com/GS76/mfree_iwf_ul_cut_refine_windows_ver/actions/runs/24683852166,push,2026-04-20T18:38:43Z,failure
24683852166,277838acfe2058cececffec9bebbd70b37d9ad9a,vtk: export fixed_ux/fixed_uy node flags,quality,formatting,clang-format,Meshing/gmsh-4.15.2-Windows64/tutorials/c/t6.c,2026-04-20T18:39:10.4461663Z,not clang-formatted,https://github.com/GS76/mfree_iwf_ul_cut_refine_windows_ver/actions/runs/24683852166,push,2026-04-20T18:38:43Z,failure
24683852166,277838acfe2058cececffec9bebbd70b37d9ad9a,vtk: export fixed_ux/fixed_uy node flags,quality,formatting,clang-format,src/adaptivity.cpp,2026-04-20T18:39:10.4461903Z,not clang-formatted,https://github.com/GS76/mfree_iwf_ul_cut_refine_windows_ver/actions/runs/24683852166,push,2026-04-20T18:38:43Z,failure
24683852166,277838acfe2058cececffec9bebbd70b37d9ad9a,vtk: export fixed_ux/fixed_uy node flags,quality,formatting,clang-format,src/adaptivity.h,2026-04-20T18:39:10.4462092Z,not clang-formatted,https://github.com/GS76/mfree_iwf_ul_cut_refine_windows_ver/actions/runs/24683852166,push,2026-04-20T18:38:43Z,failure
24683852166,277838acfe2058cececffec9bebbd70b37d9ad9a,vtk: export fixed_ux/fixed_uy node flags,quality,formatting,clang-format,src/benchmarks/material_library.cpp,2026-04-20T18:39:10.4462277Z,not clang-formatted,https://github.com/GS76/mfree_iwf_ul_cut_refine_windows_ver/actions/runs/24683852166,push,2026-04-20T18:38:43Z,failure
24683852166,277838acfe2058cececffec9bebbd70b37d9ad9a,vtk: export fixed_ux/fixed_uy node flags,quality,formatting,clang-format,src/benchmarks/material_library.h,2026-04-20T18:39:10.4462521Z,not clang-formatted,https://github.com/GS76/mfree_iwf_ul_cut_refine_windows_ver/actions/runs/24683852166,push,2026-04-20T18:38:43Z,failure
24683852166,277838acfe2058cececffec9bebbd70b37d9ad9a,vtk: export fixed_ux/fixed_uy node flags,quality,formatting,clang-format,src/benchmarks/test_benches.cpp,2026-04-20T18:39:10.4462753Z,not clang-formatted,https://github.com/GS76/mfree_iwf_ul_cut_refine_windows_ver/actions/runs/24683852166,push,2026-04-20T18:38:43Z,failure
24683852166,277838acfe2058cececffec9bebbd70b37d9ad9a,vtk: export fixed_ux/fixed_uy node flags,quality,formatting,clang-format,src/benchmarks/test_cuttings.cpp,2026-04-20T18:39:10.4462987Z,not clang-formatted,https://github.com/GS76/mfree_iwf_ul_cut_refine_windows_ver/actions/runs/24683852166,push,2026-04-20T18:38:43Z,failure
24683852166,277838acfe2058cececffec9bebbd70b37d9ad9a,vtk: export fixed_ux/fixed_uy node flags,quality,formatting,clang-format,src/benchmarks/test_cuttings.h,2026-04-20T18:39:10.4463220Z,not clang-formatted,https://github.com/GS76/mfree_iwf_ul_cut_refine_windows_ver/actions/runs/24683852166,push,2026-04-20T18:38:43Z,failure
24683852166,277838acfe2058cececffec9bebbd70b37d9ad9a,vtk: export fixed_ux/fixed_uy node flags,quality,formatting,clang-format,src/benchmarks/test_density.cpp,2026-04-20T18:39:10.4463442Z,not clang-formatted,https://github.com/GS76/mfree_iwf_ul_cut_refine_windows_ver/actions/runs/24683852166,push,2026-04-20T18:38:43Z,failure
24683852166,277838acfe2058cececffec9bebbd70b37d9ad9a,vtk: export fixed_ux/fixed_uy node flags,quality,formatting,clang-format,src/benchmarks/test_geom_validation_math.cpp,2026-04-20T18:39:10.4463678Z,not clang-formatted,https://github.com/GS76/mfree_iwf_ul_cut_refine_windows_ver/actions/runs/24683852166,push,2026-04-20T18:38:43Z,failure
24683852166,277838acfe2058cececffec9bebbd70b37d9ad9a,vtk: export fixed_ux/fixed_uy node flags,quality,formatting,clang-format,src/benchmarks/validate_main.cpp,2026-04-20T18:39:10.4463929Z,not clang-formatted,https://github.com/GS76/mfree_iwf_ul_cut_refine_windows_ver/actions/runs/24683852166,push,2026-04-20T18:38:43Z,failure
24683852166,277838acfe2058cececffec9bebbd70b37d9ad9a,vtk: export fixed_ux/fixed_uy node flags,quality,formatting,clang-format,src/body.cpp,2026-04-20T18:39:10.4464139Z,not clang-formatted,https://github.com/GS76/mfree_iwf_ul_cut_refine_windows_ver/actions/runs/24683852166,push,2026-04-20T18:38:43Z,failure
24683852166,277838acfe2058cececffec9bebbd70b37d9ad9a,vtk: export fixed_ux/fixed_uy node flags,quality,formatting,clang-format,src/body.h,2026-04-20T18:39:10.4464288Z,not clang-formatted,https://github.com/GS76/mfree_iwf_ul_cut_refine_windows_ver/actions/runs/24683852166,push,2026-04-20T18:38:43Z,failure
24683852166,277838acfe2058cececffec9bebbd70b37d9ad9a,vtk: export fixed_ux/fixed_uy node flags,quality,formatting,clang-format,src/cont_mech.cpp,2026-04-20T18:39:10.4464448Z,not clang-formatted,https://github.com/GS76/mfree_iwf_ul_cut_refine_windows_ver/actions/runs/24683852166,push,2026-04-20T18:38:43Z,failure
24683852166,277838acfe2058cececffec9bebbd70b37d9ad9a,vtk: export fixed_ux/fixed_uy node flags,quality,formatting,clang-format,src/contact.cpp,2026-04-20T18:39:10.4464609Z,not clang-formatted,https://github.com/GS76/mfree_iwf_ul_cut_refine_windows_ver/actions/runs/24683852166,push,2026-04-20T18:38:43Z,failure
24683852166,277838acfe2058cececffec9bebbd70b37d9ad9a,vtk: export fixed_ux/fixed_uy node flags,quality,formatting,clang-format,src/contact.h,2026-04-20T18:39:10.4464770Z,not clang-formatted,https://github.com/GS76/mfree_iwf_ul_cut_refine_windows_ver/actions/runs/24683852166,push,2026-04-20T18:38:43Z,failure
24683852166,277838acfe2058cececffec9bebbd70b37d9ad9a,vtk: export fixed_ux/fixed_uy node flags,quality,formatting,clang-format,src/correctors.cpp,2026-04-20T18:39:10.4464927Z,not clang-formatted,https://github.com/GS76/mfree_iwf_ul_cut_refine_windows_ver/actions/runs/24683852166,push,2026-04-20T18:38:43Z,failure
24683852166,277838acfe2058cececffec9bebbd70b37d9ad9a,vtk: export fixed_ux/fixed_uy node flags,quality,formatting,clang-format,src/correctors.h,2026-04-20T18:39:10.4465097Z,not clang-formatted,https://github.com/GS76/mfree_iwf_ul_cut_refine_windows_ver/actions/runs/24683852166,push,2026-04-20T18:38:43Z,failure
24683852166,277838acfe2058cececffec9bebbd70b37d9ad9a,vtk: export fixed_ux/fixed_uy node flags,quality,formatting,clang-format,src/derivatives.cpp,2026-04-20T18:39:10.4465258Z,not clang-formatted,https://github.com/GS76/mfree_iwf_ul_cut_refine_windows_ver/actions/runs/24683852166,push,2026-04-20T18:38:43Z,failure
24683852166,277838acfe2058cececffec9bebbd70b37d9ad9a,vtk: export fixed_ux/fixed_uy node flags,quality,formatting,clang-format,src/fe_tool.cpp,2026-04-20T18:39:10.4465429Z,not clang-formatted,https://github.com/GS76/mfree_iwf_ul_cut_refine_windows_ver/actions/runs/24683852166,push,2026-04-20T18:38:43Z,failure
24683852166,277838acfe2058cececffec9bebbd70b37d9ad9a,vtk: export fixed_ux/fixed_uy node flags,quality,formatting,clang-format,src/fe_tool.h,2026-04-20T18:39:10.4465580Z,not clang-formatted,https://github.com/GS76/mfree_iwf_ul_cut_refine_windows_ver/actions/runs/24683852166,push,2026-04-20T18:38:43Z,failure
24683852166,277838acfe2058cececffec9bebbd70b37d9ad9a,vtk: export fixed_ux/fixed_uy node flags,quality,formatting,clang-format,src/geom_validation_math.h,2026-04-20T18:39:10.4465853Z,not clang-formatted,https://github.com/GS76/mfree_iwf_ul_cut_refine_windows_ver/actions/runs/24683852166,push,2026-04-20T18:38:43Z,failure
24683852166,277838acfe2058cececffec9bebbd70b37d9ad9a,vtk: export fixed_ux/fixed_uy node flags,quality,formatting,clang-format,src/glm/glm.hpp,2026-04-20T18:39:10.4466043Z,not clang-formatted,https://github.com/GS76/mfree_iwf_ul_cut_refine_windows_ver/actions/runs/24683852166,push,2026-04-20T18:38:43Z,failure
24683852166,277838acfe2058cececffec9bebbd70b37d9ad9a,vtk: export fixed_ux/fixed_uy node flags,quality,formatting,clang-format,src/grid.cpp,2026-04-20T18:39:10.4466207Z,not clang-formatted,https://github.com/GS76/mfree_iwf_ul_cut_refine_windows_ver/actions/runs/24683852166,push,2026-04-20T18:38:43Z,failure
24683852166,277838acfe2058cececffec9bebbd70b37d9ad9a,vtk: export fixed_ux/fixed_uy node flags,quality,formatting,clang-format,src/grid.h,2026-04-20T18:39:10.4466366Z,not clang-formatted,https://github.com/GS76/mfree_iwf_ul_cut_refine_windows_ver/actions/runs/24683852166,push,2026-04-20T18:38:43Z,failure
24683852166,277838acfe2058cececffec9bebbd70b37d9ad9a,vtk: export fixed_ux/fixed_uy node flags,quality,formatting,clang-format,src/johnson_cook_Sima_2010.cpp,2026-04-20T18:39:10.4466526Z,not clang-formatted,https://github.com/GS76/mfree_iwf_ul_cut_refine_windows_ver/actions/runs/24683852166,push,2026-04-20T18:38:43Z,failure
24683852166,277838acfe2058cececffec9bebbd70b37d9ad9a,vtk: export fixed_ux/fixed_uy node flags,quality,formatting,clang-format,src/johnson_cook_Sima_2010.h,2026-04-20T18:39:10.4466741Z,not clang-formatted,https://github.com/GS76/mfree_iwf_ul_cut_refine_windows_ver/actions/runs/24683852166,push,2026-04-20T18:38:43Z,failure
24683852166,277838acfe2058cececffec9bebbd70b37d9ad9a,vtk: export fixed_ux/fixed_uy node flags,quality,formatting,clang-format,src/kernel.cpp,2026-04-20T18:39:10.4466931Z,not clang-formatted,https://github.com/GS76/mfree_iwf_ul_cut_refine_windows_ver/actions/runs/24683852166,push,2026-04-20T18:38:43Z,failure
24683852166,277838acfe2058cececffec9bebbd70b37d9ad9a,vtk: export fixed_ux/fixed_uy node flags,quality,formatting,clang-format,src/leap_frog.cpp,2026-04-20T18:39:10.4467098Z,not clang-formatted,https://github.com/GS76/mfree_iwf_ul_cut_refine_windows_ver/actions/runs/24683852166,push,2026-04-20T18:38:43Z,failure
24683852166,277838acfe2058cececffec9bebbd70b37d9ad9a,vtk: export fixed_ux/fixed_uy node flags,quality,formatting,clang-format,src/leap_frog.h,2026-04-20T18:39:10.4467259Z,not clang-formatted,https://github.com/GS76/mfree_iwf_ul_cut_refine_windows_ver/actions/runs/24683852166,push,2026-04-20T18:38:43Z,failure
24683852166,277838acfe2058cececffec9bebbd70b37d9ad9a,vtk: export fixed_ux/fixed_uy node flags,quality,formatting,clang-format,src/logger.cpp,2026-04-20T18:39:10.4467424Z,not clang-formatted,https://github.com/GS76/mfree_iwf_ul_cut_refine_windows_ver/actions/runs/24683852166,push,2026-04-20T18:38:43Z,failure
24683852166,277838acfe2058cececffec9bebbd70b37d9ad9a,vtk: export fixed_ux/fixed_uy node flags,quality,formatting,clang-format,src/logger.h,2026-04-20T18:39:10.4467579Z,not clang-formatted,https://github.com/GS76/mfree_iwf_ul_cut_refine_windows_ver/actions/runs/24683852166,push,2026-04-20T18:38:43Z,failure
24683852166,277838acfe2058cececffec9bebbd70b37d9ad9a,vtk: export fixed_ux/fixed_uy node flags,quality,formatting,clang-format,src/material.cpp,2026-04-20T18:39:10.4467736Z,not clang-formatted,https://github.com/GS76/mfree_iwf_ul_cut_refine_windows_ver/actions/runs/24683852166,push,2026-04-20T18:38:43Z,failure
24683852166,277838acfe2058cececffec9bebbd70b37d9ad9a,vtk: export fixed_ux/fixed_uy node flags,quality,formatting,clang-format,src/material.h,2026-04-20T18:39:10.4467893Z,not clang-formatted,https://github.com/GS76/mfree_iwf_ul_cut_refine_windows_ver/actions/runs/24683852166,push,2026-04-20T18:38:43Z,failure
24683852166,277838acfe2058cececffec9bebbd70b37d9ad9a,vtk: export fixed_ux/fixed_uy node flags,quality,formatting,clang-format,src/particle.cpp,2026-04-20T18:39:10.4468054Z,not clang-formatted,https://github.com/GS76/mfree_iwf_ul_cut_refine_windows_ver/actions/runs/24683852166,push,2026-04-20T18:38:43Z,failure
24683852166,277838acfe2058cececffec9bebbd70b37d9ad9a,vtk: export fixed_ux/fixed_uy node flags,quality,formatting,clang-format,src/particle.h,2026-04-20T18:39:10.4468213Z,not clang-formatted,https://github.com/GS76/mfree_iwf_ul_cut_refine_windows_ver/actions/runs/24683852166,push,2026-04-20T18:38:43Z,failure
24683852166,277838acfe2058cececffec9bebbd70b37d9ad9a,vtk: export fixed_ux/fixed_uy node flags,quality,formatting,clang-format,src/plasticity.cpp,2026-04-20T18:39:10.4468376Z,not clang-formatted,https://github.com/GS76/mfree_iwf_ul_cut_refine_windows_ver/actions/runs/24683852166,push,2026-04-20T18:38:43Z,failure
24683852166,277838acfe2058cececffec9bebbd70b37d9ad9a,vtk: export fixed_ux/fixed_uy node flags,quality,formatting,clang-format,src/plasticity.h,2026-04-20T18:39:10.4468554Z,not clang-formatted,https://github.com/GS76/mfree_iwf_ul_cut_refine_windows_ver/actions/runs/24683852166,push,2026-04-20T18:38:43Z,failure
24683852166,277838acfe2058cececffec9bebbd70b37d9ad9a,vtk: export fixed_ux/fixed_uy node flags,quality,formatting,clang-format,src/precomp_shape_functions.cpp,2026-04-20T18:39:10.4468764Z,not clang-formatted,https://github.com/GS76/mfree_iwf_ul_cut_refine_windows_ver/actions/runs/24683852166,push,2026-04-20T18:38:43Z,failure
24683852166,277838acfe2058cececffec9bebbd70b37d9ad9a,vtk: export fixed_ux/fixed_uy node flags,quality,formatting,clang-format,src/precomp_shape_functions.h,2026-04-20T18:39:10.4468989Z,not clang-formatted,https://github.com/GS76/mfree_iwf_ul_cut_refine_windows_ver/actions/runs/24683852166,push,2026-04-20T18:38:43Z,failure
24683852166,277838acfe2058cececffec9bebbd70b37d9ad9a,vtk: export fixed_ux/fixed_uy node flags,quality,formatting,clang-format,src/refine_cut_main.cpp,2026-04-20T18:39:10.4469256Z,not clang-formatted,https://github.com/GS76/mfree_iwf_ul_cut_refine_windows_ver/actions/runs/24683852166,push,2026-04-20T18:38:43Z,failure
24683852166,277838acfe2058cececffec9bebbd70b37d9ad9a,vtk: export fixed_ux/fixed_uy node flags,quality,formatting,clang-format,src/simulation_data.cpp,2026-04-20T18:39:10.4469696Z,not clang-formatted,https://github.com/GS76/mfree_iwf_ul_cut_refine_windows_ver/actions/runs/24683852166,push,2026-04-20T18:38:43Z,failure
24683852166,277838acfe2058cececffec9bebbd70b37d9ad9a,vtk: export fixed_ux/fixed_uy node flags,quality,formatting,clang-format,src/simulation_data.h,2026-04-20T18:39:10.4469884Z,not clang-formatted,https://github.com/GS76/mfree_iwf_ul_cut_refine_windows_ver/actions/runs/24683852166,push,2026-04-20T18:38:43Z,failure
24683852166,277838acfe2058cececffec9bebbd70b37d9ad9a,vtk: export fixed_ux/fixed_uy node flags,quality,formatting,clang-format,src/simulation_time.cpp,2026-04-20T18:39:10.4470080Z,not clang-formatted,https://github.com/GS76/mfree_iwf_ul_cut_refine_windows_ver/actions/runs/24683852166,push,2026-04-20T18:38:43Z,failure
24683852166,277838acfe2058cececffec9bebbd70b37d9ad9a,vtk: export fixed_ux/fixed_uy node flags,quality,formatting,clang-format,src/simulation_time.h,2026-04-20T18:39:10.4470265Z,not clang-formatted,https://github.com/GS76/mfree_iwf_ul_cut_refine_windows_ver/actions/runs/24683852166,push,2026-04-20T18:38:43Z,failure
24683852166,277838acfe2058cececffec9bebbd70b37d9ad9a,vtk: export fixed_ux/fixed_uy node flags,quality,formatting,clang-format,src/solver.h,2026-04-20T18:39:10.4470595Z,not clang-formatted,https://github.com/GS76/mfree_iwf_ul_cut_refine_windows_ver/actions/runs/24683852166,push,2026-04-20T18:38:43Z,failure
24683852166,277838acfe2058cececffec9bebbd70b37d9ad9a,vtk: export fixed_ux/fixed_uy node flags,quality,formatting,clang-format,src/thermal.cpp,2026-04-20T18:39:10.4470757Z,not clang-formatted,https://github.com/GS76/mfree_iwf_ul_cut_refine_windows_ver/actions/runs/24683852166,push,2026-04-20T18:38:43Z,failure
24683852166,277838acfe2058cececffec9bebbd70b37d9ad9a,vtk: export fixed_ux/fixed_uy node flags,quality,formatting,clang-format,src/thermal.h,2026-04-20T18:39:10.4470931Z,not clang-formatted,https://github.com/GS76/mfree_iwf_ul_cut_refine_windows_ver/actions/runs/24683852166,push,2026-04-20T18:38:43Z,failure
24683852166,277838acfe2058cececffec9bebbd70b37d9ad9a,vtk: export fixed_ux/fixed_uy node flags,quality,formatting,clang-format,src/tool.cpp,2026-04-20T18:39:10.4471093Z,not clang-formatted,https://github.com/GS76/mfree_iwf_ul_cut_refine_windows_ver/actions/runs/24683852166,push,2026-04-20T18:38:43Z,failure
24683852166,277838acfe2058cececffec9bebbd70b37d9ad9a,vtk: export fixed_ux/fixed_uy node flags,quality,formatting,clang-format,src/tool.h,2026-04-20T18:39:10.4471247Z,not clang-formatted,https://github.com/GS76/mfree_iwf_ul_cut_refine_windows_ver/actions/runs/24683852166,push,2026-04-20T18:38:43Z,failure
24683852166,277838acfe2058cececffec9bebbd70b37d9ad9a,vtk: export fixed_ux/fixed_uy node flags,quality,formatting,clang-format,src/tool_adapter_poly.cpp,2026-04-20T18:39:10.4471418Z,not clang-formatted,https://github.com/GS76/mfree_iwf_ul_cut_refine_windows_ver/actions/runs/24683852166,push,2026-04-20T18:38:43Z,failure
24683852166,277838acfe2058cececffec9bebbd70b37d9ad9a,vtk: export fixed_ux/fixed_uy node flags,quality,formatting,clang-format,src/tool_adapter_poly.h,2026-04-20T18:39:10.4471616Z,not clang-formatted,https://github.com/GS76/mfree_iwf_ul_cut_refine_windows_ver/actions/runs/24683852166,push,2026-04-20T18:38:43Z,failure
24683852166,277838acfe2058cececffec9bebbd70b37d9ad9a,vtk: export fixed_ux/fixed_uy node flags,quality,formatting,clang-format,src/tool_adapter_rigid.cpp,2026-04-20T18:39:10.4471817Z,not clang-formatted,https://github.com/GS76/mfree_iwf_ul_cut_refine_windows_ver/actions/runs/24683852166,push,2026-04-20T18:38:43Z,failure
24683852166,277838acfe2058cececffec9bebbd70b37d9ad9a,vtk: export fixed_ux/fixed_uy node flags,quality,formatting,clang-format,src/tool_adapter_rigid.h,2026-04-20T18:39:10.4472015Z,not clang-formatted,https://github.com/GS76/mfree_iwf_ul_cut_refine_windows_ver/actions/runs/24683852166,push,2026-04-20T18:38:43Z,failure
24683852166,277838acfe2058cececffec9bebbd70b37d9ad9a,vtk: export fixed_ux/fixed_uy node flags,quality,formatting,clang-format,src/tool_iface.h,2026-04-20T18:39:10.4472209Z,not clang-formatted,https://github.com/GS76/mfree_iwf_ul_cut_refine_windows_ver/actions/runs/24683852166,push,2026-04-20T18:38:43Z,failure
24683852166,277838acfe2058cececffec9bebbd70b37d9ad9a,vtk: export fixed_ux/fixed_uy node flags,quality,formatting,clang-format,src/vtk_writer.cpp,2026-04-20T18:39:10.4472370Z,not clang-formatted,https://github.com/GS76/mfree_iwf_ul_cut_refine_windows_ver/actions/runs/24683852166,push,2026-04-20T18:38:43Z,failure
24683852166,277838acfe2058cececffec9bebbd70b37d9ad9a,vtk: export fixed_ux/fixed_uy node flags,quality,formatting,clang-format,src/vtk_writer.h,2026-04-20T18:39:10.4472553Z,not clang-formatted,https://github.com/GS76/mfree_iwf_ul_cut_refine_windows_ver/actions/runs/24683852166,push,2026-04-20T18:38:43Z,failure
