time,step,P_cond_W,P_fric_W,scale,frac_wp,frac_tool,tool_pos_x,tool_pos_y,tool_vel_x,tool_vel_y,tool_Tmin,tool_Tmax,wp_Tmin,wp_Tmax,wp_Tavg,contact_iters,rel_force,rel_power
0.000000000000000e+00,0,0.000000000000000e+00,0.000000000000000e+00,1.000000000000000e+00,0.000000000000000e+00,0.000000000000000e+00,-1.958777350403768e-06,-7.512982179781362e-05,1.666666666666667e+00,0.000000000000000e+00,3.000000000000000e+02,3.000000000000000e+02,3.000000000000000e+02,3.000000000000000e+02,3.000000000000000e+02,0,0.000000000000000e+00,0.000000000000000e+00
1.500000000000000e-08,1,9.453284055828446e-09,4.207117607454421e+01,1.000000000000000e+00,8.000000000000000e-01,2.000000000000000e-01,-1.933777350403764e-06,-7.512982179781362e-05,1.666666666666667e+00,0.000000000000000e+00,2.999999468643765e+02,3.000003821914409e+02,3.000000000000000e+02,3.000016791165282e+02,3.000000001762687e+02,1,0.000000000000000e+00,0.000000000000000e+00
3.000000000000003e-08,2,2.508079028427678e-08,4.375724240143071e+01,1.000000000000000e+00,8.000000000000000e-01,2.000000000000000e-01,-1.908777350403760e-06,-7.512982179781362e-05,1.666666666666667e+00,0.000000000000000e+00,2.999998947300250e+02,3.000010283746410e+02,3.000000000000000e+02,3.000044232215211e+02,3.000000004644166e+02,1,0.000000000000000e+00,0.000000000000000e+00
4.499999999999997e-08,3,4.187446743465765e-08,4.263282996052620e+01,1.000000000000000e+00,8.000000000000000e-01,2.000000000000000e-01,-1.883777350403762e-06,-7.512982179781362e-05,1.666666666666667e+00,0.000000000000000e+00,2.999998435686116e+02,3.000017149557980e+02,3.000000000000000e+02,3.000073658533137e+02,3.000000007735094e+02,1,0.000000000000000e+00,0.000000000000000e+00
5.999999999999990e-08,4,5.837627316643441e-08,4.339322445751039e+01,1.000000000000000e+00,8.000000000000000e-01,2.000000000000000e-01,-1.858777350403764e-06,-7.512982179781362e-05,1.666666666666667e+00,0.000000000000000e+00,2.999997933526877e+02,3.000023763747504e+02,3.000000000000000e+02,3.000102517604782e+02,3.000000010767559e+02,1,0.000000000000000e+00,0.000000000000000e+00
7.499999999999984e-08,5,7.531962396040681e-08,4.462206064033852e+01,1.000000000000000e+00,8.000000000000000e-01,2.000000000000000e-01,-1.833777350403767e-06,-7.512982179781362e-05,1.666666666666667e+00,0.000000000000000e+00,2.999997440556612e+02,3.000030462682342e+02,3.000000000000000e+02,3.000132106923792e+02,3.000000013877761e+02,1,0.000000000000000e+00,0.000000000000000e+00
8.999999999999977e-08,6,9.241388613293381e-08,4.432295143580353e+01,1.000000000000000e+00,8.000000000000000e-01,2.000000000000000e-01,-1.808777350403769e-06,-7.512982179781362e-05,1.666666666666667e+00,0.000000000000000e+00,2.999996956517680e+02,3.000037107433161e+02,3.000000000000000e+02,3.000161888762444e+02,3.000000017009280e+02,1,0.000000000000000e+00,0.000000000000000e+00
1.049999999999997e-07,7,1.097012512127370e-07,4.512374974731244e+01,1.000000000000000e+00,8.000000000000000e-01,2.000000000000000e-01,-1.783777350403771e-06,-7.512982179781362e-05,1.666666666666667e+00,0.000000000000000e+00,2.999996481160464e+02,3.000043726018488e+02,3.000000000000000e+02,3.000191961734408e+02,3.000000020172471e+02,1,0.000000000000000e+00,0.000000000000000e+00
1.199999999999997e-07,8,1.270479166418713e-07,4.443030908432406e+01,1.000000000000000e+00,8.000000000000000e-01,2.000000000000000e-01,-1.758777350403774e-06,-7.512982179781362e-05,1.666666666666667e+00,0.000000000000000e+00,2.999996014243097e+02,3.000050251565082e+02,3.000000000000000e+02,3.000222064000052e+02,3.000000023339863e+02,1,0.000000000000000e+00,0.000000000000000e+00
1.350000000000000e-07,9,1.441954337242173e-07,4.431673992013162e+01,1.000000000000000e+00,8.000000000000000e-01,2.000000000000000e-01,-1.733777350403776e-06,-7.512982179781362e-05,1.666666666666667e+00,0.000000000000000e+00,2.999995555531215e+02,3.000056572328058e+02,3.000000000000000e+02,3.000251751906192e+02,3.000000026464874e+02,1,0.000000000000000e+00,0.000000000000000e+00
1.500000000000003e-07,10,1.614183148393632e-07,4.428244054009602e+01,1.000000000000000e+00,8.000000000000000e-01,2.000000000000000e-01,-1.708777350403779e-06,-7.512982179781362e-05,1.666666666666667e+00,0.000000000000000e+00,2.999995104797716e+02,3.000062818590571e+02,3.000000000000000e+02,3.000281514745371e+02,3.000000029598860e+02,1,0.000000000000000e+00,0.000000000000000e+00
1.650000000000007e-07,11,1.786603911456944e-07,4.462520138906611e+01,1.000000000000000e+00,8.000000000000000e-01,2.000000000000000e-01,-1.683777350403781e-06,-7.512982179781362e-05,1.666666666666667e+00,0.000000000000000e+00,2.999994661822524e+02,3.000068967938990e+02,3.000000000000000e+02,3.000311258464889e+02,3.000000032731947e+02,1,0.000000000000000e+00,0.000000000000000e+00
1.800000000000010e-07,12,1.963047246357573e-07,4.624292557157198e+01,1.000000000000000e+00,8.000000000000000e-01,2.000000000000000e-01,-1.658777350403783e-06,-7.512982179781362e-05,1.666666666666667e+00,0.000000000000000e+00,2.999994226392354e+02,3.000075204247030e+02,3.000000000000000e+02,3.000341680585231e+02,3.000000035937364e+02,1,0.000000000000000e+00,0.000000000000000e+00
1.950000000000013e-07,13,2.145932499158354e-07,4.796109063345512e+01,1.000000000000000e+00,8.000000000000000e-01,2.000000000000000e-01,-1.633777350403786e-06,-7.512982179781362e-05,1.666666666666667e+00,0.000000000000000e+00,2.999993798300504e+02,3.000081638595788e+02,3.000000000000000e+02,3.000373209108274e+02,3.000000039260071e+02,1,0.000000000000000e+00,0.000000000000000e+00
2.100000000000017e-07,14,2.334895057594162e-07,4.871304159512577e+01,1.000000000000000e+00,8.000000000000000e-01,2.000000000000000e-01,-1.608777350403788e-06,-7.512982179781362e-05,1.666666666666667e+00,0.000000000000000e+00,2.999993377346632e+02,3.000088239256392e+02,3.000000000000000e+02,3.000405761067464e+02,3.000000042691400e+02,1,0.000000000000000e+00,0.000000000000000e+00
2.250000000000020e-07,15,2.522422943854288e-07,4.656685872361326e+01,1.000000000000000e+00,8.000000000000000e-01,2.000000000000000e-01,-1.583777350403790e-06,-7.512982179781362e-05,1.666666666666667e+00,0.000000000000000e+00,2.999992963336556e+02,3.000094598328657e+02,3.000000000000000e+02,3.000437944037887e+02,3.000000046085212e+02,1,0.000000000000000e+00,0.000000000000000e+00
2.400000000000023e-07,16,2.711821086637593e-07,4.393000326286044e+01,1.000000000000000e+00,8.000000000000000e-01,2.000000000000000e-01,-1.558777350403793e-06,-7.512982179781362e-05,1.666666666666667e+00,0.000000000000000e+00,2.999992556082055e+02,3.000100404430727e+02,3.000000000000000e+02,3.000470084744342e+02,3.000000049475782e+02,1,0.000000000000000e+00,0.000000000000000e+00
2.550000000000018e-07,17,2.960293458779930e-07,4.275320098004961e+01,1.000000000000000e+00,8.000000000000000e-01,2.000000000000000e-01,-1.533777350403795e-06,-7.512982179781362e-05,1.666666666666667e+00,0.000000000000000e+00,2.999992155400673e+02,3.000105784694425e+02,3.000000000000000e+02,3.000511055757393e+02,3.000000053794526e+02,1,0.000000000000000e+00,0.000000000000000e+00
2.700000000000013e-07,18,3.576154801693689e-07,4.197076770468993e+01,1.000000000000000e+00,8.000000000000000e-01,2.000000000000000e-01,-1.508777350403797e-06,-7.512982179781362e-05,1.666666666666667e+00,0.000000000000000e+00,2.999991761115536e+02,3.000110930038467e+02,3.000000000000000e+02,3.000607949811264e+02,3.000000063985485e+02,1,0.000000000000000e+00,0.000000000000000e+00
2.850000000000009e-07,19,5.877012958300394e-07,4.275589253012553e+01,1.000000000000000e+00,8.000000000000000e-01,2.000000000000000e-01,-1.483777350403800e-06,-7.512982179781362e-05,1.666666666666667e+00,0.000000000000000e+00,2.999991373055170e+02,3.000115946131866e+02,3.000000000000000e+02,3.000958289494598e+02,3.000000100786534e+02,1,0.000000000000000e+00,0.000000000000000e+00
3.000000000000004e-07,20,1.171297094559861e-06,4.814947899987937e+01,1.000000000000000e+00,8.000000000000000e-01,2.000000000000000e-01,-1.458777350403802e-06,-7.512982179781362e-05,1.666666666666667e+00,0.000000000000000e+00,2.999990991053333e+02,3.000121457722211e+02,3.000000000000000e+02,3.001825918696979e+02,3.000000191906717e+02,1,0.000000000000000e+00,0.000000000000000e+00
3.149999999999999e-07,21,2.137165110940726e-06,5.323021559246527e+01,1.000000000000000e+00,8.000000000000000e-01,2.000000000000000e-01,-1.433777350403804e-06,-7.512982179781362e-05,1.666666666666667e+00,0.000000000000000e+00,2.999990614948840e+02,3.000127917150485e+02,3.000000000000000e+02,3.003244599134075e+02,3.000000340910549e+02,1,0.000000000000000e+00,0.000000000000000e+00
3.299999999999995e-07,22,3.386567087936235e-06,5.584593090495504e+01,1.000000000000000e+00,8.000000000000000e-01,2.000000000000000e-01,-1.408777350403807e-06,-7.512982179781362e-05,1.666666666666667e+00,0.000000000000000e+00,2.999990244585405e+02,3.000134960725340e+02,3.000000000000000e+02,3.005068829754836e+02,3.000000532543741e+02,1,0.000000000000000e+00,0.000000000000000e+00
3.449999999999990e-07,23,4.818673839034704e-06,5.776125953285106e+01,1.000000000000000e+00,8.000000000000000e-01,2.000000000000000e-01,-1.383777350403809e-06,-7.512982179781362e-05,1.666666666666667e+00,0.000000000000000e+00,2.999989879811482e+02,3.000142289844728e+02,3.000000000000000e+02,3.007154290837200e+02,3.000000751670200e+02,1,0.000000000000000e+00,0.000000000000000e+00
3.599999999999986e-07,24,6.363478578979914e-06,5.941502198292627e+01,1.000000000000000e+00,8.000000000000000e-01,2.000000000000000e-01,-1.358777350403812e-06,-7.512982179781362e-05,1.666666666666667e+00,0.000000000000000e+00,2.999989520480115e+02,3.000149815167878e+02,3.000000000000000e+02,3.009401080566027e+02,3.000000987811622e+02,1,0.000000000000000e+00,0.000000000000000e+00
3.749999999999981e-07,25,7.977333764255518e-06,6.137676207644228e+01,1.000000000000000e+00,8.000000000000000e-01,2.000000000000000e-01,-1.333777350403814e-06,-7.512982179781362e-05,1.666666666666667e+00,0.000000000000000e+00,2.999989166448785e+02,3.000157566888384e+02,3.000000000000000e+02,3.011747021140233e+02,3.000001234446354e+02,1,0.000000000000000e+00,0.000000000000000e+00
3.899999999999976e-07,26,9.640258387316205e-06,6.525350648472507e+01,1.000000000000000e+00,8.000000000000000e-01,2.000000000000000e-01,-1.308777350403816e-06,-7.512982179781362e-05,1.666666666666667e+00,0.000000000000000e+00,2.999988817579276e+02,3.000165748152298e+02,3.000000000000000e+02,3.014164975416261e+02,3.000001488729043e+02,1,0.000000000000000e+00,0.000000000000000e+00
4.049999999999972e-07,27,1.135897470199718e-05,7.005316370650466e+01,1.000000000000000e+00,8.000000000000000e-01,2.000000000000000e-01,-1.283777350403819e-06,-7.512982179781362e-05,1.666666666666667e+00,0.000000000000000e+00,2.999988473737533e+02,3.000174580149666e+02,3.000000000000000e+02,3.016666219786244e+02,3.000001751846102e+02,1,0.000000000000000e+00,0.000000000000000e+00
4.199999999999967e-07,28,1.316584847053730e-05,7.449317496143104e+01,1.000000000000000e+00,8.000000000000000e-01,2.000000000000000e-01,-1.258777350403821e-06,-7.512982179781362e-05,1.666666666666667e+00,0.000000000000000e+00,2.999988134793528e+02,3.000184160175066e+02,3.000000000000000e+02,3.019298224348915e+02,3.000002028784207e+02,1,0.000000000000000e+00,0.000000000000000e+00
4.349999999999963e-07,29,1.508928249502142e-05,7.704388505802582e+01,1.000000000000000e+00,8.000000000000000e-01,2.000000000000000e-01,-1.233777350403823e-06,-7.512982179781362e-05,1.666666666666667e+00,0.000000000000000e+00,2.999987800621139e+02,3.000194262237795e+02,3.000000000000000e+02,3.022101355042353e+02,3.000002323786089e+02,1,0.000000000000000e+00,0.000000000000000e+00
4.499999999999958e-07,30,1.713148016631289e-05,7.773805783702691e+01,1.000000000000000e+00,8.000000000000000e-01,2.000000000000000e-01,-1.208777350403826e-06,-7.512982179781362e-05,1.666666666666667e+00,0.000000000000000e+00,2.999987471098017e+02,3.000204466158228e+02,3.000000000000000e+02,3.025077320277716e+02,3.000002637037641e+02,1,0.000000000000000e+00,0.000000000000000e+00
4.649999999999953e-07,31,1.927395556210633e-05,7.746973999864804e+01,1.000000000000000e+00,8.000000000000000e-01,2.000000000000000e-01,-1.183777350403828e-06,-7.512982179781362e-05,1.666666666666667e+00,0.000000000000000e+00,2.999987146105471e+02,3.000214554863404e+02,3.000000000000000e+02,3.028198095152330e+02,3.000002965603349e+02,1,0.000000000000000e+00,0.000000000000000e+00
4.799999999999952e-07,32,2.148357283290039e-05,7.837103842200632e+01,1.000000000000000e+00,8.000000000000000e-01,2.000000000000000e-01,-1.158777350403830e-06,-7.512982179781362e-05,1.666666666666667e+00,0.000000000000000e+00,2.999986825528348e+02,3.000224535826001e+02,3.000000000000000e+02,3.031415788695693e+02,3.000003304460901e+02,1,0.000000000000000e+00,0.000000000000000e+00
4.949999999999963e-07,33,2.374126882996976e-05,8.139366451761487e+01,1.000000000000000e+00,8.000000000000000e-01,2.000000000000000e-01,-1.133777350403833e-06,-7.512982179781362e-05,1.666666666666667e+00,0.000000000000000e+00,2.999986509254921e+02,3.000234763426141e+02,3.000000000000000e+02,3.034703920066884e+02,3.000003650833858e+02,1,0.000000000000000e+00,0.000000000000000e+00
5.099999999999974e-07,34,2.603826534052348e-05,8.492859118208443e+01,1.000000000000000e+00,8.000000000000000e-01,2.000000000000000e-01,-1.108777350403835e-06,-7.512982179781362e-05,1.666666666666667e+00,0.000000000000000e+00,2.999986197176786e+02,3.000245470689244e+02,3.000000000000000e+02,3.038050249630522e+02,3.000004003441760e+02,1,0.000000000000000e+00,0.000000000000000e+00
5.249999999999986e-07,35,2.837557665083111e-05,8.887680007030016e+01,1.000000000000000e+00,8.000000000000000e-01,2.000000000000000e-01,-1.083777350403837e-06,-7.512982179781362e-05,1.666666666666667e+00,0.000000000000000e+00,2.999985889188753e+02,3.000256704432660e+02,3.000000000000000e+02,3.041456936248806e+02,3.000004362514443e+02,1,0.000000000000000e+00,0.000000000000000e+00
5.399999999999997e-07,36,3.075902579053072e-05,9.154200636877488e+01,1.000000000000000e+00,8.000000000000000e-01,2.000000000000000e-01,-1.058777350403840e-06,-7.512982179781362e-05,1.666666666666667e+00,0.000000000000000e+00,2.999985585188741e+02,3.000268439500076e+02,3.000000000000000e+02,3.044931848078815e+02,3.000004728892956e+02,1,0.000000000000000e+00,0.000000000000000e+00
5.550000000000008e-07,37,3.318222451111835e-05,9.342731946054808e+01,1.000000000000000e+00,8.000000000000000e-01,2.000000000000000e-01,-1.033777350403842e-06,-7.512982179781362e-05,1.666666666666667e+00,0.000000000000000e+00,2.999985285077684e+02,3.000280405174228e+02,3.000000000000000e+02,3.048465477301231e+02,3.000005101648141e+02,1,0.000000000000000e+00,0.000000000000000e+00
5.700000000000020e-07,38,3.564566714186234e-05,9.577428876915413e+01,1.000000000000000e+00,8.000000000000000e-01,2.000000000000000e-01,-1.008777350403845e-06,-7.512982179781362e-05,1.666666666666667e+00,0.000000000000000e+00,2.999984988759433e+02,3.000292595385262e+02,3.000000000000000e+02,3.052059078131918e+02,3.000005481042654e+02,1,0.000000000000000e+00,0.000000000000000e+00
5.850000000000031e-07,39,3.815436220466951e-05,9.820841287956462e+01,1.000000000000000e+00,8.000000000000000e-01,2.000000000000000e-01,-9.837773504038469e-07,-7.512982179781362e-05,1.666666666666667e+00,0.000000000000000e+00,2.999984696140666e+02,3.000305067613658e+02,3.000000000000000e+02,3.055719934978373e+02,3.000005868312921e+02,1,0.000000000000000e+00,0.000000000000000e+00
6.000000000000042e-07,40,4.071465527032830e-05,1.011101339103798e+02,1.000000000000000e+00,8.000000000000000e-01,2.000000000000000e-01,-9.587773504038493e-07,-7.512982179781362e-05,1.666666666666667e+00,0.000000000000000e+00,2.999984407130797e+02,3.000317847493632e+02,3.000000000000000e+02,3.059457605163755e+02,3.000006265866772e+02,1,0.000000000000000e+00,0.000000000000000e+00
6.150000000000053e-07,41,4.333347548469808e-05,1.037986438781078e+02,1.000000000000000e+00,8.000000000000000e-01,2.000000000000000e-01,-9.337773504038491e-07,-7.512982179781362e-05,1.666666666666667e+00,0.000000000000000e+00,2.999984121641898e+02,3.000330963193252e+02,3.000000000000000e+02,3.063281785370041e+02,3.000006678500612e+02,1,0.000000000000000e+00,0.000000000000000e+00
6.300000000000065e-07,42,4.600897883141742e-05,1.054498177706642e+02,1.000000000000000e+00,8.000000000000000e-01,2.000000000000000e-01,-9.087773504038482e-07,-7.512982179781362e-05,1.666666666666667e+00,0.000000000000000e+00,2.999983839588599e+02,3.000344337791180e+02,3.000000000000000e+02,3.067189081357336e+02,3.000007114571108e+02,1,0.000000000000000e+00,0.000000000000000e+00
6.450000000000076e-07,43,4.873319122896778e-05,1.069369469751568e+02,1.000000000000000e+00,8.000000000000000e-01,2.000000000000000e-01,-8.837773504038474e-07,-7.512982179781362e-05,1.666666666666667e+00,0.000000000000000e+00,2.999983560888025e+02,3.000357838855496e+02,3.000000000000000e+02,3.071167979704709e+02,3.000007583016207e+02,1,0.000000000000000e+00,0.000000000000000e+00
6.600000000000087e-07,44,5.150060403420908e-05,1.078703512908845e+02,1.000000000000000e+00,8.000000000000000e-01,2.000000000000000e-01,-8.587773504038466e-07,-7.512982179781362e-05,1.666666666666667e+00,0.000000000000000e+00,2.999983285459706e+02,3.000371402796427e+02,3.000000000000000e+02,3.075210424561339e+02,3.000008083156679e+02,1,0.000000000000000e+00,0.000000000000000e+00
6.750000000000098e-07,45,5.430491924780527e-05,1.085387404144418e+02,1.000000000000000e+00,8.000000000000000e-01,2.000000000000000e-01,-8.337773504038458e-07,-7.512982179781362e-05,1.666666666666667e+00,0.000000000000000e+00,2.999983013225507e+02,3.000384912147785e+02,3.000000000000000e+02,3.079307226681693e+02,3.000008608923756e+02,1,0.000000000000000e+00,0.000000000000000e+00
6.900000000000110e-07,46,5.713831891494795e-05,1.081035532109094e+02,1.000000000000000e+00,8.000000000000000e-01,2.000000000000000e-01,-8.087773504038450e-07,-7.512982179781362e-05,1.666666666666667e+00,0.000000000000000e+00,2.999982744109552e+02,3.000398252802827e+02,3.000000000000000e+02,3.083446024843009e+02,3.000009153869003e+02,1,0.000000000000000e+00,0.000000000000000e+00
7.050000000000121e-07,47,6.003035577150878e-05,1.034430078534136e+02,1.000000000000000e+00,8.000000000000000e-01,2.000000000000000e-01,-7.837773504038442e-07,-7.512982179781362e-05,1.666666666666667e+00,0.000000000000000e+00,2.999982478038157e+02,3.000411429222673e+02,3.000000000000000e+02,3.087501972194847e+02,3.000009721587611e+02,1,0.000000000000000e+00,0.000000000000000e+00
7.200000000000132e-07,48,6.261393987006317e-05,9.761315666924540e+01,1.000000000000000e+00,8.000000000000000e-01,2.000000000000000e-01,-7.587773504038433e-07,-7.512982179781362e-05,1.666666666666667e+00,0.000000000000000e+00,2.999982211992086e+02,3.000419810852243e+02,3.000000000000000e+02,3.090607917121171e+02,3.000010268464647e+02,1,0.000000000000000e+00,0.000000000000000e+00
7.350000000000144e-07,49,6.524019993906002e-05,9.752536260479684e+01,1.000000000000000e+00,8.000000000000000e-01,2.000000000000000e-01,-7.337773504038425e-07,-7.512982179781362e-05,1.666666666666667e+00,0.000000000000000e+00,2.999981930587592e+02,3.000428364236640e+02,3.000000000000000e+02,3.093232743853880e+02,3.000010802910174e+02,1,0.000000000000000e+00,0.000000000000000e+00
7.500000000000155e-07,50,6.792754083754408e-05,9.451595914043219e+01,1.000000000000000e+00,8.000000000000000e-01,2.000000000000000e-01,-7.087773504038417e-07,-7.512982179781362e-05,1.666666666666667e+00,0.000000000000000e+00,2.999981651683121e+02,3.000436416707664e+02,3.000000000000000e+02,3.095683503180830e+02,3.000011339051626e+02,1,0.000000000000000e+00,0.000000000000000e+00
7.650000000000166e-07,51,7.056552947635679e-05,9.018415611487971e+01,1.000000000000000e+00,8.000000000000000e-01,2.000000000000000e-01,-6.837773504038409e-07,-7.512982179781362e-05,1.666666666666667e+00,0.000000000000000e+00,2.999981375230738e+02,3.000443476209098e+02,3.000000000000000e+02,3.098006994548979e+02,3.000011864889659e+02,1,0.000000000000000e+00,0.000000000000000e+00
7.800000000000177e-07,52,7.309973420618975e-05,8.834162505535213e+01,1.000000000000000e+00,8.000000000000000e-01,2.000000000000000e-01,-6.587773504038401e-07,-7.512982179781362e-05,1.666666666666667e+00,0.000000000000000e+00,2.999981101183660e+02,3.000449713778381e+02,3.000000000000000e+02,3.100198092858633e+02,3.000012372726372e+02,1,0.000000000000000e+00,0.000000000000000e+00
7.950000000000189e-07,53,7.556088810512670e-05,8.517072159814963e+01,1.000000000000000e+00,8.000000000000000e-01,2.000000000000000e-01,-6.337773504038392e-07,-7.512982179781362e-05,1.666666666666667e+00,0.000000000000000e+00,2.999980829496233e+02,3.000455349939879e+02,3.000000000000000e+02,3.102287910924895e+02,3.000012866386996e+02,1,0.000000000000000e+00,0.000000000000000e+00
8.100000000000200e-07,54,7.796040226697512e-05,8.287785445226663e+01,1.000000000000000e+00,8.000000000000000e-01,2.000000000000000e-01,-6.087773504038384e-07,-7.512982179781362e-05,1.666666666666667e+00,0.000000000000000e+00,2.999980560123894e+02,3.000460449874475e+02,3.000000000000000e+02,3.104295504159138e+02,3.000013347386460e+02,1,0.000000000000000e+00,0.000000000000000e+00
8.250000000000211e-07,55,8.028321152098977e-05,8.016069024138419e+01,1.000000000000000e+00,8.000000000000000e-01,2.000000000000000e-01,-5.837773504038376e-07,-7.512982179781362e-05,1.666666666666667e+00,0.000000000000000e+00,2.999980293023140e+02,3.000465004462459e+02,3.000000000000000e+02,3.106218519614262e+02,3.000013812639498e+02,1,0.000000000000000e+00,0.000000000000000e+00
8.400000000000222e-07,56,8.253466773192960e-05,7.888414951435018e+01,1.000000000000000e+00,8.000000000000000e-01,2.000000000000000e-01,-5.587773504038368e-07,-7.512982179781362e-05,1.666666666666667e+00,0.000000000000000e+00,2.999980028151508e+02,3.000469085998868e+02,3.000000000000000e+02,3.108064423179068e+02,3.000014263647087e+02,1,0.000000000000000e+00,0.000000000000000e+00
8.550000000000234e-07,57,8.471751897621225e-05,7.829914877509061e+01,1.000000000000000e+00,8.000000000000000e-01,2.000000000000000e-01,-5.337773504038360e-07,-7.512982179781362e-05,1.666666666666667e+00,0.000000000000000e+00,2.999979765467531e+02,3.000472839154905e+02,3.000000000000000e+02,3.109839825398711e+02,3.000014701013122e+02,1,0.000000000000000e+00,0.000000000000000e+00
8.700000000000245e-07,58,8.683912594198824e-05,7.929226725883146e+01,1.000000000000000e+00,8.000000000000000e-01,2.000000000000000e-01,-5.087773504038351e-07,-7.512982179781362e-05,1.666666666666667e+00,0.000000000000000e+00,2.999979504930731e+02,3.000476461309869e+02,3.000000000000000e+02,3.111552982051143e+02,3.000015126205644e+02,1,0.000000000000000e+00,0.000000000000000e+00
8.850000000000256e-07,59,8.889866939943397e-05,8.136250396972301e+01,1.000000000000000e+00,8.000000000000000e-01,2.000000000000000e-01,-4.837773504038343e-07,-7.512982179781362e-05,1.666666666666667e+00,0.000000000000000e+00,2.999979246501571e+02,3.000480127204523e+02,3.000000000000000e+02,3.113207307952629e+02,3.000015539185903e+02,1,0.000000000000000e+00,0.000000000000000e+00
9.000000000000267e-07,60,9.090583050892052e-05,8.370580702272566e+01,1.000000000000000e+00,8.000000000000000e-01,2.000000000000000e-01,-4.587773504038347e-07,-7.512982179781362e-05,1.666666666666667e+00,0.000000000000000e+00,2.999978990141445e+02,3.000483951605845e+02,3.000000000000000e+02,3.114811523286027e+02,3.000015941982076e+02,1,0.000000000000000e+00,0.000000000000000e+00
9.150000000000279e-07,61,9.287756722913780e-05,8.245839028058374e+01,1.000000000000000e+00,8.000000000000000e-01,2.000000000000000e-01,-4.337773504038354e-07,-7.512982179781362e-05,1.666666666666667e+00,0.000000000000000e+00,2.999978735812646e+02,3.000487701801994e+02,3.000000000000000e+02,3.116380090461631e+02,3.000016337974191e+02,1,0.000000000000000e+00,0.000000000000000e+00
9.300000000000290e-07,62,9.481989377311235e-05,7.994800548377168e+01,1.000000000000000e+00,8.000000000000000e-01,2.000000000000000e-01,-4.087773504038362e-07,-7.512982179781362e-05,1.666666666666667e+00,0.000000000000000e+00,2.999978483478346e+02,3.000491093937018e+02,3.000000000000000e+02,3.117919969789911e+02,3.000016728218035e+02,1,0.000000000000000e+00,0.000000000000000e+00
9.450000000000301e-07,63,9.673649376876736e-05,8.021134087499858e+01,1.000000000000000e+00,8.000000000000000e-01,2.000000000000000e-01,-3.837773504038370e-07,-7.512982179781362e-05,1.666666666666667e+00,0.000000000000000e+00,2.999978233102567e+02,3.000494218516940e+02,3.000000000000000e+02,3.119433265811823e+02,3.000017113623710e+02,1,0.000000000000000e+00,0.000000000000000e+00
9.600000000000313e-07,64,9.864657418284021e-05,7.995632324157866e+01,1.000000000000000e+00,8.000000000000000e-01,2.000000000000000e-01,-3.587773504038377e-07,-7.512982179781362e-05,1.666666666666667e+00,0.000000000000000e+00,2.999977984650163e+02,3.000497362664873e+02,3.000000000000000e+02,3.120933974894222e+02,3.000017498206969e+02,1,0.000000000000000e+00,0.000000000000000e+00
9.750000000000324e-07,65,1.005674576841784e-04,8.004386291391808e+01,1.000000000000000e+00,8.000000000000000e-01,2.000000000000000e-01,-3.337773504038385e-07,-7.512982179781362e-05,1.666666666666667e+00,0.000000000000000e+00,2.999977738086794e+02,3.000500501633865e+02,3.000000000000000e+02,3.122436925003548e+02,3.000017885210005e+02,1,0.000000000000000e+00,0.000000000000000e+00
9.900000000000335e-07,66,1.025102853127772e-04,7.988361461949061e+01,1.000000000000000e+00,8.000000000000000e-01,2.000000000000000e-01,-3.087773504038393e-07,-7.512982179781362e-05,1.666666666666667e+00,0.000000000000000e+00,2.999977493378908e+02,3.000503612959452e+02,3.000000000000000e+02,3.123950718941140e+02,3.000018276881334e+02,1,0.000000000000000e+00,0.000000000000000e+00
1.005000000000035e-06,67,1.044924518597827e-04,8.177983323299813e+01,1.000000000000000e+00,8.000000000000000e-01,2.000000000000000e-01,-2.837773504038400e-07,-7.512982179781362e-05,1.666666666666667e+00,0.000000000000000e+00,2.999977250493714e+02,3.000506841282237e+02,3.000000000000000e+02,3.125487931881895e+02,3.000018676711665e+02,1,0.000000000000000e+00,0.000000000000000e+00
1.020000000000036e-06,68,1.065051428811420e-04,8.089907793471480e+01,1.000000000000000e+00,8.000000000000000e-01,2.000000000000000e-01,-2.587773504038408e-07,-7.512982179781362e-05,1.666666666666667e+00,0.000000000000000e+00,2.999977009399171e+02,3.000510082787530e+02,3.000000000000000e+02,3.127045339375601e+02,3.000019082618399e+02,1,0.000000000000000e+00,0.000000000000000e+00
1.035000000000037e-06,69,1.085339156097449e-04,7.990799120773249e+01,1.000000000000000e+00,8.000000000000000e-01,2.000000000000000e-01,-2.337773504038414e-07,-7.512982179781362e-05,1.666666666666667e+00,0.000000000000000e+00,2.999976770063965e+02,3.000513180868173e+02,3.000000000000000e+02,3.128612763966469e+02,3.000019491733703e+02,1,0.000000000000000e+00,0.000000000000000e+00
1.050000000000038e-06,70,1.105665721172158e-04,7.906223643247229e+01,1.000000000000000e+00,8.000000000000000e-01,2.000000000000000e-01,-2.087773504038414e-07,-7.512982179781362e-05,1.666666666666667e+00,0.000000000000000e+00,2.999976532457486e+02,3.000516218470921e+02,3.000000000000000e+02,3.130181415871840e+02,3.000019901772243e+02,1,0.000000000000000e+00,0.000000000000000e+00
1.065000000000039e-06,71,1.126020307857641e-04,7.933549772247724e+01,1.000000000000000e+00,8.000000000000000e-01,2.000000000000000e-01,-1.837773504038414e-07,-7.512982179781362e-05,1.666666666666667e+00,0.000000000000000e+00,2.999976296549809e+02,3.000519164999642e+02,3.000000000000000e+02,3.131749023990860e+02,3.000020312671987e+02,1,0.000000000000000e+00,0.000000000000000e+00
1.080000000000040e-06,72,1.146404101123725e-04,8.120798858362733e+01,1.000000000000000e+00,8.000000000000000e-01,2.000000000000000e-01,-1.587773504038413e-07,-7.512982179781362e-05,1.666666666666667e+00,0.000000000000000e+00,2.999976062311680e+02,3.000522295642702e+02,3.000000000000000e+02,3.133314612839696e+02,3.000020724413927e+02,1,0.000000000000000e+00,0.000000000000000e+00
1.095000000000041e-06,73,1.167022106009775e-04,8.458917803086415e+01,1.000000000000000e+00,8.000000000000000e-01,2.000000000000000e-01,-1.337773504038413e-07,-7.512982179781362e-05,1.666666666666667e+00,0.000000000000000e+00,2.999975829714501e+02,3.000525816812061e+02,3.000000000000000e+02,3.134890120175173e+02,3.000021141344486e+02,1,0.000000000000000e+00,0.000000000000000e+00
1.110000000000043e-06,74,1.188351164038574e-04,8.773014730358291e+01,1.000000000000000e+00,8.000000000000000e-01,2.000000000000000e-01,-1.087773504038413e-07,-7.512982179781362e-05,1.666666666666667e+00,0.000000000000000e+00,2.999975598730309e+02,3.000529766798899e+02,3.000000000000000e+02,3.136511203942418e+02,3.000021573258191e+02,1,0.000000000000000e+00,0.000000000000000e+00
1.125000000000044e-06,75,1.210874249844077e-04,8.895334583645118e+01,1.000000000000000e+00,8.000000000000000e-01,2.000000000000000e-01,-8.377735040384127e-08,-7.512982179781362e-05,1.666666666666667e+00,0.000000000000000e+00,2.999975369331757e+02,3.000534100778044e+02,3.000000000000000e+02,3.138215564635709e+02,3.000022029495474e+02,1,0.000000000000000e+00,0.000000000000000e+00
1.140000000000045e-06,76,1.234825932742689e-04,8.871027756129436e+01,1.000000000000000e+00,8.000000000000000e-01,2.000000000000000e-01,-5.877735040384124e-08,-7.512982179781362e-05,1.666666666666667e+00,0.000000000000000e+00,2.999975141492102e+02,3.000538693180919e+02,3.000000000000000e+02,3.140022976785789e+02,3.000022514452931e+02,1,0.000000000000000e+00,0.000000000000000e+00
1.155000000000046e-06,77,1.260117269759895e-04,8.969015966499641e+01,1.000000000000000e+00,8.000000000000000e-01,2.000000000000000e-01,-3.377735040384122e-08,-7.512982179781362e-05,1.666666666666667e+00,0.000000000000000e+00,2.999974915185190e+02,3.000543513493473e+02,3.000000000000000e+02,3.141930568148821e+02,3.000023026304193e+02,1,0.000000000000000e+00,0.000000000000000e+00
1.170000000000047e-06,78,1.286518901687399e-04,9.205608322017740e+01,1.000000000000000e+00,8.000000000000000e-01,2.000000000000000e-01,-8.777350403841194e-09,-7.512982179781362e-05,1.666666666666667e+00,0.000000000000000e+00,2.999974690385439e+02,3.000548714689568e+02,3.000000000000000e+02,3.143921509073153e+02,3.000023560519120e+02,1,0.000000000000000e+00,0.000000000000000e+00
1.185000000000048e-06,79,1.313881384328240e-04,9.645899498811011e+01,1.000000000000000e+00,8.000000000000000e-01,2.000000000000000e-01,1.622264959615881e-08,-7.512982179781362e-05,1.666666666666667e+00,0.000000000000000e+00,2.999974467067822e+02,3.000554450303092e+02,3.000000000000000e+02,3.145983373722005e+02,3.000024114384664e+02,1,0.000000000000000e+00,0.000000000000000e+00
1.200000000000049e-06,80,1.342185930044529e-04,1.001056825660997e+02,1.000000000000000e+00,8.000000000000000e-01,2.000000000000000e-01,4.122264959615884e-08,-7.512982179781362e-05,1.666666666666667e+00,0.000000000000000e+00,2.999974245207856e+02,3.000560824127622e+02,3.000000000000000e+02,3.148114344686200e+02,3.000024687676948e+02,1,0.000000000000000e+00,0.000000000000000e+00
1.215000000000050e-06,81,1.371695491994684e-04,1.076937911918097e+02,1.000000000000000e+00,8.000000000000000e-01,2.000000000000000e-01,6.622264959615886e-08,-7.512982179781362e-05,1.666666666666667e+00,0.000000000000000e+00,2.999974024781595e+02,3.000568223840196e+02,3.000000000000000e+02,3.150333030505343e+02,3.000025284848559e+02,1,0.000000000000000e+00,0.000000000000000e+00
1.230000000000052e-06,82,1.402890270376193e-04,1.116065211828451e+02,1.000000000000000e+00,8.000000000000000e-01,2.000000000000000e-01,9.122264959615888e-08,-7.512982179781362e-05,1.666666666666667e+00,0.000000000000000e+00,2.999973805765597e+02,3.000576445875365e+02,3.000000000000000e+02,3.152666879090825e+02,3.000025913058270e+02,1,0.000000000000000e+00,0.000000000000000e+00
1.245000000000053e-06,83,1.435244361785605e-04,1.172272828780904e+02,1.000000000000000e+00,8.000000000000000e-01,2.000000000000000e-01,1.162226495961589e-07,-7.512982179781362e-05,1.666666666666667e+00,0.000000000000000e+00,2.999973588136937e+02,3.000585360786101e+02,3.000000000000000e+02,3.155087342528425e+02,3.000026564082209e+02,1,0.000000000000000e+00,0.000000000000000e+00
1.260000000000054e-06,84,1.468316224858804e-04,1.213915516120426e+02,1.000000000000000e+00,8.000000000000000e-01,2.000000000000000e-01,1.412226495961589e-07,-7.512982179781362e-05,1.666666666666667e+00,0.000000000000000e+00,2.999973371873167e+02,3.000594755530412e+02,3.000000000000000e+02,3.157563259816727e+02,3.000027230245705e+02,1,0.000000000000000e+00,0.000000000000000e+00
1.275000000000055e-06,85,1.501983043383845e-04,1.250008758773141e+02,1.000000000000000e+00,8.000000000000000e-01,2.000000000000000e-01,1.662226495961590e-07,-7.512982179781362e-05,1.666666666666667e+00,0.000000000000000e+00,2.999973156952327e+02,3.000604561371526e+02,3.000000000000000e+02,3.160082560868661e+02,3.000027909716810e+02,1,0.000000000000000e+00,0.000000000000000e+00
1.290000000000056e-06,86,1.536183172930520e-04,1.285813788034833e+02,1.000000000000000e+00,8.000000000000000e-01,2.000000000000000e-01,1.912226495961590e-07,-7.512982179781362e-05,1.666666666666667e+00,0.000000000000000e+00,2.999972943352917e+02,3.000614766826289e+02,3.000000000000000e+02,3.162638355170367e+02,3.000028601962164e+02,1,0.000000000000000e+00,0.000000000000000e+00
1.305000000000057e-06,87,1.570955485952693e-04,1.318183612961890e+02,1.000000000000000e+00,8.000000000000000e-01,2.000000000000000e-01,2.162226495961590e-07,-7.512982179781362e-05,1.666666666666667e+00,0.000000000000000e+00,2.999972731053897e+02,3.000625415161808e+02,3.000000000000000e+02,3.165233201982905e+02,3.000029308651638e+02,1,0.000000000000000e+00,0.000000000000000e+00
1.320000000000058e-06,88,1.606216600190980e-04,1.354418079773898e+02,1.000000000000000e+00,8.000000000000000e-01,2.000000000000000e-01,2.412226495961590e-07,-7.512982179781362e-05,1.666666666666667e+00,0.000000000000000e+00,2.999972520034668e+02,3.000636381245554e+02,3.000000000000000e+02,3.167861636558144e+02,3.000030028494772e+02,1,0.000000000000000e+00,0.000000000000000e+00
1.335000000000059e-06,89,1.641662175977499e-04,1.368156350088136e+02,1.000000000000000e+00,8.000000000000000e-01,2.000000000000000e-01,2.662226495961582e-07,-7.512982179781362e-05,1.666666666666667e+00,0.000000000000000e+00,2.999972310275057e+02,3.000647435731228e+02,3.000000000000000e+02,3.170500312092078e+02,3.000030756147707e+02,1,0.000000000000000e+00,0.000000000000000e+00
1.350000000000061e-06,90,1.676955259617605e-04,1.336484839398471e+02,1.000000000000000e+00,8.000000000000000e-01,2.000000000000000e-01,2.912226495961574e-07,-7.512982179781362e-05,1.666666666666667e+00,0.000000000000000e+00,2.999972101755324e+02,3.000658164616785e+02,3.000000000000000e+02,3.173123587365303e+02,3.000031486467636e+02,1,0.000000000000000e+00,0.000000000000000e+00
1.365000000000062e-06,91,1.711748830168809e-04,1.319044102099752e+02,1.000000000000000e+00,8.000000000000000e-01,2.000000000000000e-01,3.162226495961566e-07,-7.512982179781362e-05,1.666666666666667e+00,0.000000000000000e+00,2.999971894456132e+02,3.000668324229546e+02,3.000000000000000e+02,3.175705478283993e+02,3.000032214548986e+02,1,0.000000000000000e+00,0.000000000000000e+00
1.380000000000063e-06,92,1.745669570953988e-04,1.291690417984567e+02,1.000000000000000e+00,8.000000000000000e-01,2.000000000000000e-01,3.412226495961559e-07,-7.512982179781362e-05,1.666666666666667e+00,0.000000000000000e+00,2.999971688358548e+02,3.000677713173161e+02,3.000000000000000e+02,3.178215771909157e+02,3.000032935841336e+02,1,0.000000000000000e+00,0.000000000000000e+00
1.395000000000064e-06,93,1.778434342835151e-04,1.270173235532878e+02,1.000000000000000e+00,8.000000000000000e-01,2.000000000000000e-01,3.662226495961551e-07,-7.512982179781362e-05,1.666666666666667e+00,0.000000000000000e+00,2.999971483444033e+02,3.000686337268183e+02,3.000000000000000e+02,3.180631455299789e+02,3.000033648336873e+02,1,0.000000000000000e+00,0.000000000000000e+00
1.410000000000065e-06,94,1.809855376655378e-04,1.247189484478649e+02,1.000000000000000e+00,8.000000000000000e-01,2.000000000000000e-01,3.912226495961543e-07,-7.512982179781362e-05,1.666666666666667e+00,0.000000000000000e+00,2.999971279694421e+02,3.000694279572974e+02,3.000000000000000e+02,3.182936258533808e+02,3.000034351317184e+02,1,0.000000000000000e+00,0.000000000000000e+00
1.425000000000066e-06,95,1.839890218967288e-04,1.218080528106690e+02,1.000000000000000e+00,8.000000000000000e-01,2.000000000000000e-01,4.162226495961536e-07,-7.512982179781362e-05,1.666666666666667e+00,0.000000000000000e+00,2.999971077091927e+02,3.000701519665863e+02,3.000000000000000e+02,3.185125682959318e+02,3.000035039474982e+02,1,0.000000000000000e+00,0.000000000000000e+00
1.440000000000067e-06,96,1.868495389985710e-04,1.187915099905532e+02,1.000000000000000e+00,8.000000000000000e-01,2.000000000000000e-01,4.412226495961528e-07,-7.512982179781362e-05,1.666666666666667e+00,0.000000000000000e+00,2.999970875619125e+02,3.000708072014377e+02,3.000000000000000e+02,3.187199225387516e+02,3.000035708991852e+02,1,0.000000000000000e+00,0.000000000000000e+00
1.455000000000068e-06,97,1.895568631558855e-04,1.152039575389555e+02,1.000000000000000e+00,8.000000000000000e-01,2.000000000000000e-01,4.662226495961520e-07,-7.512982179781362e-05,1.666666666666667e+00,0.000000000000000e+00,2.999970675258944e+02,3.000713808445698e+02,3.000000000000000e+02,3.189150436817950e+02,3.000036353668224e+02,1,0.000000000000000e+00,0.000000000000000e+00
1.470000000000070e-06,98,1.920913472787027e-04,1.070126387261267e+02,1.000000000000000e+00,8.000000000000000e-01,2.000000000000000e-01,4.912226495961522e-07,-7.512982179781362e-05,1.666666666666667e+00,0.000000000000000e+00,2.999970475994663e+02,3.000718580948899e+02,3.000000000000000e+02,3.190969265260368e+02,3.000036964744750e+02,1,0.000000000000000e+00,0.000000000000000e+00
1.485000000000071e-06,99,1.944540911790236e-04,1.005309936814693e+02,1.000000000000000e+00,8.000000000000000e-01,2.000000000000000e-01,5.162226495961530e-07,-7.512982179781362e-05,1.666666666666667e+00,0.000000000000000e+00,2.999970277809893e+02,3.000722154418525e+02,3.000000000000000e+02,3.192657231530994e+02,3.000037541494640e+02,1,0.000000000000000e+00,0.000000000000000e+00
1.500000000000072e-06,100,1.966530312696740e-04,9.363773246539138e+01,1.000000000000000e+00,8.000000000000000e-01,2.000000000000000e-01,5.412226495961539e-07,-7.512982179781362e-05,1.666666666666667e+00,0.000000000000000e+00,2.999970080688580e+02,3.000724734266889e+02,3.000000000000000e+02,3.194223760076547e+02,3.000038083678137e+02,1,0.000000000000000e+00,0.000000000000000e+00
1.515000000000073e-06,101,1.987028932461910e-04,9.061045269606407e+01,1.000000000000000e+00,8.000000000000000e-01,2.000000000000000e-01,5.662226495961547e-07,-7.512982179781362e-05,1.666666666666667e+00,0.000000000000000e+00,2.999969884614986e+02,3.000726570621943e+02,3.000000000000000e+02,3.195679649662507e+02,3.000038593098153e+02,1,0.000000000000000e+00,0.000000000000000e+00
1.530000000000074e-06,102,2.006190178059492e-04,8.962044289759515e+01,1.000000000000000e+00,8.000000000000000e-01,2.000000000000000e-01,5.912226495961555e-07,-7.512982179781362e-05,1.666666666666667e+00,0.000000000000000e+00,2.999969689573692e+02,3.000727989326710e+02,3.000000000000000e+02,3.197037940452904e+02,3.000039072229105e+02,1,0.000000000000000e+00,0.000000000000000e+00
1.545000000000075e-06,103,2.024155848474434e-04,9.369321704292663e+01,1.000000000000000e+00,8.000000000000000e-01,2.000000000000000e-01,6.162226495961563e-07,-7.512982179781362e-05,1.666666666666667e+00,0.000000000000000e+00,2.999969495549582e+02,3.000729497428089e+02,3.000000000000000e+02,3.198308929513476e+02,3.000039524336896e+02,1,0.000000000000000e+00,0.000000000000000e+00
1.560000000000076e-06,104,2.040917376636892e-04,9.638271059454122e+01,1.000000000000000e+00,8.000000000000000e-01,2.000000000000000e-01,6.412226495961571e-07,-7.512982179781362e-05,1.666666666666667e+00,0.000000000000000e+00,2.999969302527841e+02,3.000731145512508e+02,3.000000000000000e+02,3.199492538573749e+02,3.000039948934832e+02,1,0.000000000000000e+00,0.000000000000000e+00
1.575000000000077e-06,105,2.056502443169254e-04,9.737274763940076e+01,1.000000000000000e+00,8.000000000000000e-01,2.000000000000000e-01,6.662226495961580e-07,-7.512982179781362e-05,1.666666666666667e+00,0.000000000000000e+00,2.999969110493947e+02,3.000732761049348e+02,3.000000000000000e+02,3.200590543899932e+02,3.000040346253285e+02,1,0.000000000000000e+00,0.000000000000000e+00
1.590000000000079e-06,106,2.070988031509726e-04,9.534914922360547e+01,1.000000000000000e+00,8.000000000000000e-01,2.000000000000000e-01,6.912226495961588e-07,-7.512982179781362e-05,1.666666666666667e+00,0.000000000000000e+00,2.999968919433663e+02,3.000734074651868e+02,3.000000000000000e+02,3.201607795266324e+02,3.000040717863151e+02,1,0.000000000000000e+00,0.000000000000000e+00
1.605000000000080e-06,107,2.084540683565559e-04,9.092325184898066e+01,1.000000000000000e+00,8.000000000000000e-01,2.000000000000000e-01,7.162226495961596e-07,-7.512982179781362e-05,1.666666666666667e+00,0.000000000000000e+00,2.999968729333032e+02,3.000734924835587e+02,3.000000000000000e+02,3.202555610323132e+02,3.000041067563477e+02,1,0.000000000000000e+00,0.000000000000000e+00
1.620000000000081e-06,108,2.097344945901586e-04,8.669400716482025e+01,1.000000000000000e+00,8.000000000000000e-01,2.000000000000000e-01,7.412226495961604e-07,-7.512982179781362e-05,1.666666666666667e+00,0.000000000000000e+00,2.999968540178367e+02,3.000735256755906e+02,3.000000000000000e+02,3.203447554565039e+02,3.000041399672568e+02,1,0.000000000000000e+00,0.000000000000000e+00
1.635000000000082e-06,109,2.109634110272155e-04,8.416686979123452e+01,1.000000000000000e+00,8.000000000000000e-01,2.000000000000000e-01,7.662226495961612e-07,-7.512982179781362e-05,1.666666666666667e+00,0.000000000000000e+00,2.999968351956247e+02,3.000735137679908e+02,3.000000000000000e+02,3.204300194018972e+02,3.000041719914102e+02,1,0.000000000000000e+00,0.000000000000000e+00
1.650000000000083e-06,110,2.121575943212581e-04,8.122367235650535e+01,1.000000000000000e+00,8.000000000000000e-01,2.000000000000000e-01,7.912226495961621e-07,-7.512982179781362e-05,1.666666666666667e+00,0.000000000000000e+00,2.999968164653511e+02,3.000734754548845e+02,3.000000000000000e+02,3.205125149560402e+02,3.000042032070204e+02,1,0.000000000000000e+00,0.000000000000000e+00
1.665000000000084e-06,111,2.133343684822063e-04,7.992185682848603e+01,1.000000000000000e+00,8.000000000000000e-01,2.000000000000000e-01,8.162226495961629e-07,-7.512982179781362e-05,1.666666666666667e+00,0.000000000000000e+00,2.999967978257256e+02,3.000734173818209e+02,3.000000000000000e+02,3.205934795318541e+02,3.000042340551419e+02,1,0.000000000000000e+00,0.000000000000000e+00
1.680000000000085e-06,112,2.145253605469781e-04,8.031487751945005e+01,1.000000000000000e+00,8.000000000000000e-01,2.000000000000000e-01,8.412226495961637e-07,-7.512982179781362e-05,1.666666666666667e+00,0.000000000000000e+00,2.999967792754821e+02,3.000733570244262e+02,3.000000000000000e+02,3.206750500983522e+02,3.000042653405011e+02,1,0.000000000000000e+00,0.000000000000000e+00
1.695000000000086e-06,113,2.157708120220458e-04,8.230374543977229e+01,1.000000000000000e+00,8.000000000000000e-01,2.000000000000000e-01,8.662226495961645e-07,-7.512982179781362e-05,1.666666666666667e+00,0.000000000000000e+00,2.999967608133792e+02,3.000733308256412e+02,3.000000000000000e+02,3.207597619588845e+02,3.000042980219401e+02,1,0.000000000000000e+00,0.000000000000000e+00
1.710000000000088e-06,114,2.170922706235502e-04,8.553978924411810e+01,1.000000000000000e+00,8.000000000000000e-01,2.000000000000000e-01,8.912226495961653e-07,-7.512982179781362e-05,1.666666666666667e+00,0.000000000000000e+00,2.999967424381989e+02,3.000733583143211e+02,3.000000000000000e+02,3.208491411397717e+02,3.000043325944109e+02,1,0.000000000000000e+00,0.000000000000000e+00
1.725000000000089e-06,115,2.184913038402227e-04,8.766916200538134e+01,1.000000000000000e+00,8.000000000000000e-01,2.000000000000000e-01,9.162226495961661e-07,-7.512982179781362e-05,1.666666666666667e+00,0.000000000000000e+00,2.999967241487461e+02,3.000734304560376e+02,3.000000000000000e+02,3.209435619015823e+02,3.000043691165150e+02,1,0.000000000000000e+00,0.000000000000000e+00
1.740000000000090e-06,116,2.199762494022239e-04,9.132457792770788e+01,1.000000000000000e+00,8.000000000000000e-01,2.000000000000000e-01,9.412226495961670e-07,-7.512982179781362e-05,1.666666666666667e+00,0.000000000000000e+00,2.999967059438488e+02,3.000735516968365e+02,3.000000000000000e+02,3.210438376294728e+02,3.000044078448930e+02,1,0.000000000000000e+00,0.000000000000000e+00
1.755000000000091e-06,117,2.215407602364600e-04,9.530768942073018e+01,1.000000000000000e+00,8.000000000000000e-01,2.000000000000000e-01,9.662226495961662e-07,-7.512982179781362e-05,1.666666666666667e+00,0.000000000000000e+00,2.999966878223571e+02,3.000737351458687e+02,3.000000000000000e+02,3.211497082206263e+02,3.000044486149825e+02,1,0.000000000000000e+00,0.000000000000000e+00
1.770000000000092e-06,118,2.231696808341700e-04,9.799256161757629e+01,1.000000000000000e+00,8.000000000000000e-01,2.000000000000000e-01,9.912226495961638e-07,-7.512982179781362e-05,1.666666666666667e+00,0.000000000000000e+00,2.999966697831420e+02,3.000739753730576e+02,3.000000000000000e+02,3.212601318381738e+02,3.000044911415409e+02,1,0.000000000000000e+00,0.000000000000000e+00
1.785000000000093e-06,119,2.248440214548560e-04,1.000503941272260e+02,1.000000000000000e+00,8.000000000000000e-01,2.000000000000000e-01,1.016222649596161e-06,-7.512982179781362e-05,1.666666666666667e+00,0.000000000000000e+00,2.999966518250964e+02,3.000742509875473e+02,3.000000000000000e+02,3.213737479461907e+02,3.000045349749013e+02,1,0.000000000000000e+00,0.000000000000000e+00
1.800000000000094e-06,120,2.265556313905572e-04,1.020727762253103e+02,1.000000000000000e+00,8.000000000000000e-01,2.000000000000000e-01,1.041222649596159e-06,-7.512982179781362e-05,1.666666666666667e+00,0.000000000000000e+00,2.999966339471334e+02,3.000745431015253e+02,3.000000000000000e+02,3.214898632227491e+02,3.000045798550918e+02,1,0.000000000000000e+00,0.000000000000000e+00
1.815000000000095e-06,121,2.282992564082440e-04,1.003775799227213e+02,1.000000000000000e+00,8.000000000000000e-01,2.000000000000000e-01,1.066222649596157e-06,-7.512982179781362e-05,1.666666666666667e+00,0.000000000000000e+00,2.999966161481864e+02,3.000748465033408e+02,3.000000000000000e+02,3.216082471549038e+02,3.000046256166124e+02,1,0.000000000000000e+00,0.000000000000000e+00
1.830000000000097e-06,122,2.300764694714228e-04,9.814860157944429e+01,1.000000000000000e+00,8.000000000000000e-01,2.000000000000000e-01,1.091222649596154e-06,-7.512982179781362e-05,1.666666666666667e+00,0.000000000000000e+00,2.999965984272086e+02,3.000751391565067e+02,3.000000000000000e+02,3.217289618223199e+02,3.000046723175756e+02,1,0.000000000000000e+00,0.000000000000000e+00
1.845000000000098e-06,123,2.323771468151083e-04,9.952815292997636e+01,1.000000000000000e+00,8.000000000000000e-01,2.000000000000000e-01,1.116222649596152e-06,-7.512982179781362e-05,1.666666666666667e+00,0.000000000000000e+00,2.999965807831724e+02,3.000754113587890e+02,3.000000000000000e+02,3.218517368727862e+02,3.000047199468483e+02,1,0.000000000000000e+00,0.000000000000000e+00
1.860000000000099e-06,124,2.341570091816388e-04,8.342729509841547e+01,1.000000000000000e+00,8.000000000000000e-01,2.000000000000000e-01,1.141222649596150e-06,-7.512982179781362e-05,1.666666666666667e+00,0.000000000000000e+00,2.999965632150689e+02,3.000756193613970e+02,3.000000000000000e+02,3.219721563653305e+02,3.000047668934740e+02,1,0.000000000000000e+00,0.000000000000000e+00
1.875000000000100e-06,125,2.357435453303264e-04,8.770457921800822e+01,1.000000000000000e+00,8.000000000000000e-01,2.000000000000000e-01,1.166222649596147e-06,-7.512982179781362e-05,1.666666666666667e+00,0.000000000000000e+00,2.999965457219081e+02,3.000757117453783e+02,3.000000000000000e+02,3.220804759031003e+02,3.000048095071143e+02,1,0.000000000000000e+00,0.000000000000000e+00
1.890000000000101e-06,126,2.371736864863696e-04,8.654033071320389e+01,1.000000000000000e+00,8.000000000000000e-01,2.000000000000000e-01,1.191222649596145e-06,-7.512982179781362e-05,1.666666666666667e+00,0.000000000000000e+00,2.999965283027176e+02,3.000757224656427e+02,3.000000000000000e+02,3.221770277909364e+02,3.000048487457438e+02,1,0.000000000000000e+00,0.000000000000000e+00
1.905000000000102e-06,127,2.384879063251970e-04,8.556502349814880e+01,1.000000000000000e+00,8.000000000000000e-01,2.000000000000000e-01,1.216222649596143e-06,-7.512982179781362e-05,1.666666666666667e+00,0.000000000000000e+00,2.999965109565427e+02,3.000756762403320e+02,3.000000000000000e+02,3.222648427452035e+02,3.000048854681834e+02,1,0.000000000000000e+00,0.000000000000000e+00
1.920000000000098e-06,128,2.397110840672546e-04,8.370531894654854e+01,1.000000000000000e+00,8.000000000000000e-01,2.000000000000000e-01,1.241222649596140e-06,-7.512982179781362e-05,1.666666666666667e+00,0.000000000000000e+00,2.999964936824462e+02,3.000755912684539e+02,3.000000000000000e+02,3.223456987269696e+02,3.000049201113181e+02,1,0.000000000000000e+00,0.000000000000000e+00
1.935000000000093e-06,129,2.408620608013597e-04,8.214906988799643e+01,1.000000000000000e+00,8.000000000000000e-01,2.000000000000000e-01,1.266222649596138e-06,-7.512982179781362e-05,1.666666666666667e+00,0.000000000000000e+00,2.999964764795076e+02,3.000754679235116e+02,3.000000000000000e+02,3.224210229266375e+02,3.000049531348396e+02,1,0.000000000000000e+00,0.000000000000000e+00
1.950000000000088e-06,130,2.419623727358068e-04,7.936392060296455e+01,1.000000000000000e+00,8.000000000000000e-01,2.000000000000000e-01,1.291222649596136e-06,-7.512982179781362e-05,1.666666666666667e+00,0.000000000000000e+00,2.999964593468230e+02,3.000753135298145e+02,3.000000000000000e+02,3.224924112492957e+02,3.000049850280449e+02,1,0.000000000000000e+00,0.000000000000000e+00
1.965000000000082e-06,131,2.430178869152374e-04,7.795186362981676e+01,1.000000000000000e+00,8.000000000000000e-01,2.000000000000000e-01,1.316222649596133e-06,-7.512982179781362e-05,1.666666666666667e+00,0.000000000000000e+00,2.999964422835046e+02,3.000751354502651e+02,3.000000000000000e+02,3.225604856448192e+02,3.000050158447456e+02,1,0.000000000000000e+00,0.000000000000000e+00
1.980000000000077e-06,132,2.440374337020565e-04,7.711687014893538e+01,1.000000000000000e+00,8.000000000000000e-01,2.000000000000000e-01,1.341222649596131e-06,-7.512982179781362e-05,1.666666666666667e+00,0.000000000000000e+00,2.999964252886802e+02,3.000749397508069e+02,3.000000000000000e+02,3.226259731119834e+02,3.000050458241329e+02,1,0.000000000000000e+00,0.000000000000000e+00
1.995000000000072e-06,133,2.450264843749778e-04,7.627477115129196e+01,1.000000000000000e+00,8.000000000000000e-01,2.000000000000000e-01,1.366222649596128e-06,-7.512982179781362e-05,1.666666666666667e+00,0.000000000000000e+00,2.999964083614935e+02,3.000747405559399e+02,3.000000000000000e+02,3.226893408877434e+02,3.000050750468723e+02,1,0.000000000000000e+00,0.000000000000000e+00
2.010000000000067e-06,134,2.459832950672502e-04,7.317332538553629e+01,1.000000000000000e+00,8.000000000000000e-01,2.000000000000000e-01,1.391222649596126e-06,-7.512982179781362e-05,1.666666666666667e+00,0.000000000000000e+00,2.999963915011030e+02,3.000745366770368e+02,3.000000000000000e+02,3.227505518244363e+02,3.000051034224473e+02,1,0.000000000000000e+00,0.000000000000000e+00
2.025000000000062e-06,135,2.468974191254476e-04,6.720805087377870e+01,1.000000000000000e+00,8.000000000000000e-01,2.000000000000000e-01,1.416222649596124e-06,-7.512982179781362e-05,1.666666666666667e+00,0.000000000000000e+00,2.999963747066823e+02,3.000743149388420e+02,3.000000000000000e+02,3.228092862179740e+02,3.000051306332116e+02,1,0.000000000000000e+00,0.000000000000000e+00
2.040000000000056e-06,136,2.477582797384491e-04,6.277208432367373e+01,1.000000000000000e+00,8.000000000000000e-01,2.000000000000000e-01,1.441222649596121e-06,-7.512982179781362e-05,1.666666666666667e+00,0.000000000000000e+00,2.999963579774192e+02,3.000740603056998e+02,3.000000000000000e+02,3.228649595848994e+02,3.000051563388419e+02,1,0.000000000000000e+00,0.000000000000000e+00
2.055000000000051e-06,137,2.485650912248628e-04,5.668532230656135e+01,1.000000000000000e+00,8.000000000000000e-01,2.000000000000000e-01,1.466222649596119e-06,-7.512982179781362e-05,1.666666666666667e+00,0.000000000000000e+00,2.999963413125158e+02,3.000737520882232e+02,3.000000000000000e+02,3.229173507116109e+02,3.000051804667115e+02,1,0.000000000000000e+00,0.000000000000000e+00
2.070000000000046e-06,138,2.493104987349391e-04,4.920823024405058e+01,1.000000000000000e+00,8.000000000000000e-01,2.000000000000000e-01,1.491222649596117e-06,-7.512982179781362e-05,1.666666666666667e+00,0.000000000000000e+00,2.999963247111882e+02,3.000733475017852e+02,3.000000000000000e+02,3.229658428965790e+02,3.000052027904454e+02,1,0.000000000000000e+00,0.000000000000000e+00
2.085000000000041e-06,139,2.499852273289842e-04,4.054598902512340e+01,1.000000000000000e+00,8.000000000000000e-01,2.000000000000000e-01,1.516222649596114e-06,-7.512982179781362e-05,1.666666666666667e+00,0.000000000000000e+00,2.999963081726659e+02,3.000728238938970e+02,3.000000000000000e+02,3.230097359383698e+02,3.000052229825354e+02,1,0.000000000000000e+00,0.000000000000000e+00
2.100000000000035e-06,140,2.505854986042799e-04,3.140296567491261e+01,1.000000000000000e+00,8.000000000000000e-01,2.000000000000000e-01,1.541222649596112e-06,-7.512982179781362e-05,1.666666666666667e+00,0.000000000000000e+00,2.999962916961920e+02,3.000721803566870e+02,3.000000000000000e+02,3.230487459094757e+02,3.000052409560205e+02,1,0.000000000000000e+00,0.000000000000000e+00
2.115000000000030e-06,141,2.511113726923199e-04,2.397816108263799e+01,1.000000000000000e+00,8.000000000000000e-01,2.000000000000000e-01,1.566222649596110e-06,-7.512982179781362e-05,1.666666666666667e+00,0.000000000000000e+00,2.999962752810225e+02,3.000714076767185e+02,3.000000000000000e+02,3.230828303250161e+02,3.000052567783276e+02,1,0.000000000000000e+00,0.000000000000000e+00
2.130000000000025e-06,142,2.515646791665322e-04,2.582342488319168e+01,1.000000000000000e+00,8.000000000000000e-01,2.000000000000000e-01,1.591222649596107e-06,-7.512982179781362e-05,1.666666666666667e+00,0.000000000000000e+00,2.999962589264262e+02,3.000705101622601e+02,3.000000000000000e+02,3.231115437529309e+02,3.000052705665169e+02,1,0.000000000000000e+00,0.000000000000000e+00
2.145000000000020e-06,143,2.519436337077980e-04,3.767435515258089e+01,1.000000000000000e+00,8.000000000000000e-01,2.000000000000000e-01,1.616222649596105e-06,-7.512982179781362e-05,1.666666666666667e+00,0.000000000000000e+00,2.999962426316839e+02,3.000695755148766e+02,3.000000000000000e+02,3.231351242902219e+02,3.000052825565611e+02,1,0.000000000000000e+00,0.000000000000000e+00
2.160000000000014e-06,144,2.522744769642871e-04,5.642019635594414e+01,1.000000000000000e+00,8.000000000000000e-01,2.000000000000000e-01,1.641222649596103e-06,-7.512982179781362e-05,1.666666666666667e+00,0.000000000000000e+00,2.999962263960896e+02,3.000688015656311e+02,3.000000000000000e+02,3.231560511687248e+02,3.000052932471209e+02,1,0.000000000000000e+00,0.000000000000000e+00
2.175000000000009e-06,145,2.525726924872995e-04,7.683523419037675e+01,1.000000000000000e+00,8.000000000000000e-01,2.000000000000000e-01,1.666222649596100e-06,-7.512982179781362e-05,1.666666666666667e+00,0.000000000000000e+00,2.999962102189485e+02,3.000682055860924e+02,3.000000000000000e+02,3.231749422869989e+02,3.000053029449109e+02,1,0.000000000000000e+00,0.000000000000000e+00
2.190000000000004e-06,146,2.528425074710954e-04,9.554050243366896e+01,1.000000000000000e+00,8.000000000000000e-01,2.000000000000000e-01,1.691222649596098e-06,-7.512982179781362e-05,1.666666666666667e+00,0.000000000000000e+00,2.999961940995777e+02,3.000677762336563e+02,3.000000000000000e+02,3.231920759531179e+02,3.000053117894635e+02,1,0.000000000000000e+00,0.000000000000000e+00
2.204999999999999e-06,147,2.530853892183578e-04,1.040331338442011e+02,1.000000000000000e+00,8.000000000000000e-01,2.000000000000000e-01,1.716222649596095e-06,-7.512982179781362e-05,1.666666666666667e+00,0.000000000000000e+00,2.999961780373061e+02,3.000674671934097e+02,3.000000000000000e+02,3.232075918929803e+02,3.000053198691940e+02,1,0.000000000000000e+00,0.000000000000000e+00
2.219999999999994e-06,148,2.533038969563026e-04,9.838066554083377e+01,1.000000000000000e+00,8.000000000000000e-01,2.000000000000000e-01,1.741222649596093e-06,-7.512982179781362e-05,1.666666666666667e+00,0.000000000000000e+00,2.999961620314735e+02,3.000671691090793e+02,3.000000000000000e+02,3.232215530575896e+02,3.000053272552572e+02,1,0.000000000000000e+00,0.000000000000000e+00
2.234999999999988e-06,149,2.534978118543958e-04,8.119748060829409e+01,1.000000000000000e+00,8.000000000000000e-01,2.000000000000000e-01,1.766222649596091e-06,-7.512982179781362e-05,1.666666666666667e+00,0.000000000000000e+00,2.999961460814309e+02,3.000667961043053e+02,3.000000000000000e+02,3.232339128916257e+02,3.000053339631073e+02,1,0.000000000000000e+00,0.000000000000000e+00
2.249999999999983e-06,150,2.536678261132167e-04,6.225007979887821e+01,1.000000000000000e+00,8.000000000000000e-01,2.000000000000000e-01,1.791222649596088e-06,-7.512982179781362e-05,1.666666666666667e+00,0.000000000000000e+00,2.999961301865401e+02,3.000663069740044e+02,3.000000000000000e+02,3.232446991789466e+02,3.000053400279340e+02,1,0.000000000000000e+00,0.000000000000000e+00
2.264999999999978e-06,151,2.538182039473571e-04,5.074071770449682e+01,1.000000000000000e+00,8.000000000000000e-01,2.000000000000000e-01,1.816222649596086e-06,-7.512982179781362e-05,1.666666666666667e+00,0.000000000000000e+00,2.999961143461734e+02,3.000657277428913e+02,3.000000000000000e+02,3.232541554285370e+02,3.000053455445384e+02,1,0.000000000000000e+00,0.000000000000000e+00
2.279999999999973e-06,152,2.539543523570267e-04,5.006010584033858e+01,1.000000000000000e+00,8.000000000000000e-01,2.000000000000000e-01,1.841222649596084e-06,-7.512982179781362e-05,1.666666666666667e+00,0.000000000000000e+00,2.999960985597137e+02,3.000651290196568e+02,3.000000000000000e+02,3.232626386816304e+02,3.000053506461733e+02,1,0.000000000000000e+00,0.000000000000000e+00
2.294999999999967e-06,153,2.540808927332236e-04,5.656054515654768e+01,1.000000000000000e+00,8.000000000000000e-01,2.000000000000000e-01,1.866222649596081e-06,-7.512982179781362e-05,1.666666666666667e+00,0.000000000000000e+00,2.999960828265539e+02,3.000645741673341e+02,3.000000000000000e+02,3.232704905376953e+02,3.000053554615396e+02,1,0.000000000000000e+00,0.000000000000000e+00
2.309999999999962e-06,154,2.542014055484354e-04,6.492096699603832e+01,1.000000000000000e+00,8.000000000000000e-01,2.000000000000000e-01,1.891222649596079e-06,-7.512982179781362e-05,1.666666666666667e+00,0.000000000000000e+00,2.999960671460968e+02,3.000640891831704e+02,3.000000000000000e+02,3.232779425672887e+02,3.000053600821144e+02,1,0.000000000000000e+00,0.000000000000000e+00
2.324999999999957e-06,155,2.543176421264549e-04,7.130909586723580e+01,1.000000000000000e+00,8.000000000000000e-01,2.000000000000000e-01,1.916222649596079e-06,-7.512982179781362e-05,1.666666666666667e+00,0.000000000000000e+00,2.999960515177550e+02,3.000636614366321e+02,3.000000000000000e+02,3.232851226765735e+02,3.000053645642757e+02,1,0.000000000000000e+00,0.000000000000000e+00
2.339999999999952e-06,156,2.544315194342196e-04,7.968731736100975e+01,1.000000000000000e+00,8.000000000000000e-01,2.000000000000000e-01,1.941222649596083e-06,-7.512982179781362e-05,1.666666666666667e+00,0.000000000000000e+00,2.999960359409509e+02,3.000632946181236e+02,3.000000000000000e+02,3.232921444350366e+02,3.000053689472806e+02,1,0.000000000000000e+00,0.000000000000000e+00
2.354999999999947e-06,157,2.545440728738719e-04,8.771708505514033e+01,1.000000000000000e+00,8.000000000000000e-01,2.000000000000000e-01,1.966222649596087e-06,-7.512982179781362e-05,1.666666666666667e+00,0.000000000000000e+00,2.999960204151159e+02,3.000629947692966e+02,3.000000000000000e+02,3.232990809465818e+02,3.000053732753458e+02,1,0.000000000000000e+00,0.000000000000000e+00
2.369999999999941e-06,158,2.546576430551399e-04,9.490498482091505e+01,1.000000000000000e+00,8.000000000000000e-01,2.000000000000000e-01,1.991222649596091e-06,-7.512982179781362e-05,1.666666666666667e+00,0.000000000000000e+00,2.999960049396909e+02,3.000627418953505e+02,3.000000000000000e+02,3.233061164258249e+02,3.000053776254329e+02,1,0.000000000000000e+00,0.000000000000000e+00
2.384999999999936e-06,159,2.547749557304744e-04,1.006090155338681e+02,1.000000000000000e+00,8.000000000000000e-01,2.000000000000000e-01,2.016222649596095e-06,-7.512982179781362e-05,1.666666666666667e+00,0.000000000000000e+00,2.999959895141255e+02,3.000625231666427e+02,3.000000000000000e+02,3.233134351688768e+02,3.000053820731644e+02,1,0.000000000000000e+00,0.000000000000000e+00
2.399999999999931e-06,160,2.548993855169458e-04,1.074835689992555e+02,1.000000000000000e+00,8.000000000000000e-01,2.000000000000000e-01,2.041222649596099e-06,-7.512982179781362e-05,1.666666666666667e+00,0.000000000000000e+00,2.999959741378782e+02,3.000623411899223e+02,3.000000000000000e+02,3.233212356204869e+02,3.000053866891781e+02,1,0.000000000000000e+00,0.000000000000000e+00
2.414999999999926e-06,161,2.550338188436396e-04,1.167228418838210e+02,1.000000000000000e+00,8.000000000000000e-01,2.000000000000000e-01,2.066222649596103e-06,-7.512982179781362e-05,1.666666666666667e+00,0.000000000000000e+00,2.999959588104168e+02,3.000622119231955e+02,3.000000000000000e+02,3.233297111381800e+02,3.000053915374152e+02,1,0.000000000000000e+00,0.000000000000000e+00
2.429999999999920e-06,162,2.551803199499843e-04,1.208241529377351e+02,1.000000000000000e+00,8.000000000000000e-01,2.000000000000000e-01,2.091222649596107e-06,-7.512982179781362e-05,1.666666666666667e+00,0.000000000000000e+00,2.999959435312166e+02,3.000621151315588e+02,3.000000000000000e+02,3.233389871270393e+02,3.000053966784723e+02,1,0.000000000000000e+00,0.000000000000000e+00
2.444999999999915e-06,163,2.553414505527912e-04,1.249571270214017e+02,1.000000000000000e+00,8.000000000000000e-01,2.000000000000000e-01,2.116222649596111e-06,-7.512982179781362e-05,1.666666666666667e+00,0.000000000000000e+00,2.999959282997621e+02,3.000620345911118e+02,3.000000000000000e+02,3.233491871941766e+02,3.000054021469534e+02,1,0.000000000000000e+00,0.000000000000000e+00
2.459999999999910e-06,164,2.555169937457207e-04,1.316394595824162e+02,1.000000000000000e+00,8.000000000000000e-01,2.000000000000000e-01,2.141222649596115e-06,-7.512982179781362e-05,1.666666666666667e+00,0.000000000000000e+00,2.999959131155451e+02,3.000619986190984e+02,3.000000000000000e+02,3.233602845010521e+02,3.000054079174960e+02,1,0.000000000000000e+00,0.000000000000000e+00
2.474999999999905e-06,165,2.557057332590108e-04,1.367564956823944e+02,1.000000000000000e+00,8.000000000000000e-01,2.000000000000000e-01,2.166222649596119e-06,-7.512982179781362e-05,1.666666666666667e+00,0.000000000000000e+00,2.999958979780662e+02,3.000620008961830e+02,3.000000000000000e+02,3.233722047567196e+02,3.000054139622317e+02,1,0.000000000000000e+00,0.000000000000000e+00
2.489999999999900e-06,166,2.559057671121448e-04,1.390915744742349e+02,1.000000000000000e+00,8.000000000000000e-01,2.000000000000000e-01,2.191222649596123e-06,-7.512982179781362e-05,1.666666666666667e+00,0.000000000000000e+00,2.999958828868332e+02,3.000620257071341e+02,3.000000000000000e+02,3.233848350288494e+02,3.000054202381403e+02,1,0.000000000000000e+00,0.000000000000000e+00
2.504999999999894e-06,167,2.561152198769631e-04,1.433077671896561e+02,1.000000000000000e+00,8.000000000000000e-01,2.000000000000000e-01,2.216222649596127e-06,-7.512982179781362e-05,1.666666666666667e+00,0.000000000000000e+00,2.999958678413620e+02,3.000620730564360e+02,3.000000000000000e+02,3.233980370199998e+02,3.000054266856071e+02,1,0.000000000000000e+00,0.000000000000000e+00
2.519999999999889e-06,168,2.563313309297706e-04,1.487429555422471e+02,1.000000000000000e+00,8.000000000000000e-01,2.000000000000000e-01,2.241222649596131e-06,-7.512982179781362e-05,1.666666666666667e+00,0.000000000000000e+00,2.999958528411759e+02,3.000621628636597e+02,3.000000000000000e+02,3.234116622727869e+02,3.000054332410328e+02,1,0.000000000000000e+00,0.000000000000000e+00
2.534999999999884e-06,169,2.565511207353926e-04,1.559106047872187e+02,1.000000000000000e+00,8.000000000000000e-01,2.000000000000000e-01,2.266222649596135e-06,-7.512982179781362e-05,1.666666666666667e+00,0.000000000000000e+00,2.999958378858057e+02,3.000623103161293e+02,3.000000000000000e+02,3.234255491697686e+02,3.000054398338644e+02,1,0.000000000000000e+00,0.000000000000000e+00
2.549999999999879e-06,170,2.567707686394928e-04,1.609720576717961e+02,1.000000000000000e+00,8.000000000000000e-01,2.000000000000000e-01,2.291222649596139e-06,-7.512982179781362e-05,1.666666666666667e+00,0.000000000000000e+00,2.999958229747894e+02,3.000625004257688e+02,3.000000000000000e+02,3.234394715620564e+02,3.000054463855429e+02,1,0.000000000000000e+00,0.000000000000000e+00
2.564999999999873e-06,171,2.569870363455846e-04,1.648234538514081e+02,1.000000000000000e+00,8.000000000000000e-01,2.000000000000000e-01,2.316222649596143e-06,-7.512982179781362e-05,1.666666666666667e+00,0.000000000000000e+00,2.999958081076719e+02,3.000627351314828e+02,3.000000000000000e+02,3.234532177906483e+02,3.000054528115664e+02,1,0.000000000000000e+00,0.000000000000000e+00
2.579999999999868e-06,172,2.571968896285876e-04,1.691961632088077e+02,1.000000000000000e+00,8.000000000000000e-01,2.000000000000000e-01,2.341222649596147e-06,-7.512982179781362e-05,1.666666666666667e+00,0.000000000000000e+00,2.999957932840056e+02,3.000630068367824e+02,3.000000000000000e+02,3.234665820307280e+02,3.000054590384013e+02,1,0.000000000000000e+00,0.000000000000000e+00
2.594999999999863e-06,173,2.573969621950093e-04,1.723995554683165e+02,1.000000000000000e+00,8.000000000000000e-01,2.000000000000000e-01,2.366222649596151e-06,-7.512982179781362e-05,1.666666666666667e+00,0.000000000000000e+00,2.999957785033494e+02,3.000633161092570e+02,3.000000000000000e+02,3.234793848763607e+02,3.000054650027035e+02,1,0.000000000000000e+00,0.000000000000000e+00
2.609999999999858e-06,174,2.575861940182053e-04,1.785890374971156e+02,1.000000000000000e+00,8.000000000000000e-01,2.000000000000000e-01,2.391222649596155e-06,-7.512982179781362e-05,1.666666666666667e+00,0.000000000000000e+00,2.999957637652691e+02,3.000636689281923e+02,3.000000000000000e+02,3.234915095526142e+02,3.000054706618544e+02,1,0.000000000000000e+00,0.000000000000000e+00
2.624999999999852e-06,175,2.577634558136398e-04,1.867955055772828e+02,1.000000000000000e+00,8.000000000000000e-01,2.000000000000000e-01,2.416222649596159e-06,-7.512982179781362e-05,1.666666666666667e+00,0.000000000000000e+00,2.999957490693369e+02,3.000640938689482e+02,3.000000000000000e+02,3.235028919850528e+02,3.000054759993054e+02,1,0.000000000000000e+00,0.000000000000000e+00
2.639999999999847e-06,176,2.579286430864772e-04,1.966907017161254e+02,1.000000000000000e+00,8.000000000000000e-01,2.000000000000000e-01,2.441222649596163e-06,-7.512982179781362e-05,1.666666666666667e+00,0.000000000000000e+00,2.999957344151314e+02,3.000645829994997e+02,3.000000000000000e+02,3.235135584737347e+02,3.000054810410293e+02,1,0.000000000000000e+00,0.000000000000000e+00
2.654999999999842e-06,177,2.580840570857828e-04,2.054155025145040e+02,1.000000000000000e+00,8.000000000000000e-01,2.000000000000000e-01,2.466222649596167e-06,-7.512982179781362e-05,1.666666666666667e+00,0.000000000000000e+00,2.999957198022380e+02,3.000651413114803e+02,3.000000000000000e+02,3.235235805802646e+02,3.000054858196107e+02,1,0.000000000000000e+00,0.000000000000000e+00
2.669999999999837e-06,178,2.582295814748458e-04,2.117389226180412e+02,1.000000000000000e+00,8.000000000000000e-01,2.000000000000000e-01,2.491222649596171e-06,-7.512982179781362e-05,1.666666666666667e+00,0.000000000000000e+00,2.999957052302480e+02,3.000657535697613e+02,3.000000000000000e+02,3.235329700236746e+02,3.000054903509304e+02,1,0.000000000000000e+00,0.000000000000000e+00
2.684999999999832e-06,179,2.583663998971078e-04,2.174174970002232e+02,1.000000000000000e+00,8.000000000000000e-01,2.000000000000000e-01,2.516222649596175e-06,-7.512982179781362e-05,1.666666666666667e+00,0.000000000000000e+00,2.999956906987587e+02,3.000664046812367e+02,3.000000000000000e+02,3.235417546392588e+02,3.000054946451289e+02,1,0.000000000000000e+00,0.000000000000000e+00
2.699999999999826e-06,180,2.584943151048002e-04,2.197400062081908e+02,1.000000000000000e+00,8.000000000000000e-01,2.000000000000000e-01,2.541222649596179e-06,-7.512982179781362e-05,1.666666666666667e+00,0.000000000000000e+00,2.999956762073739e+02,3.000670940995023e+02,3.000000000000000e+02,3.235499317395321e+02,3.000054987004015e+02,1,0.000000000000000e+00,0.000000000000000e+00
2.714999999999821e-06,181,2.586138536477185e-04,2.261924862604382e+02,1.000000000000000e+00,8.000000000000000e-01,2.000000000000000e-01,2.566222649596183e-06,-7.512982179781362e-05,1.666666666666667e+00,0.000000000000000e+00,2.999956617557025e+02,3.000678294740883e+02,3.000000000000000e+02,3.235575145428318e+02,3.000055025121566e+02,1,0.000000000000000e+00,0.000000000000000e+00
2.729999999999816e-06,182,2.587255980505050e-04,2.334874943279262e+02,1.000000000000000e+00,8.000000000000000e-01,2.000000000000000e-01,2.591222649596187e-06,-7.512982179781362e-05,1.666666666666667e+00,0.000000000000000e+00,2.999956473433601e+02,3.000686291843120e+02,3.000000000000000e+02,3.235644924853848e+02,3.000055060858630e+02,1,0.000000000000000e+00,0.000000000000000e+00
2.744999999999811e-06,183,2.588291152258421e-04,2.381914636081513e+02,1.000000000000000e+00,8.000000000000000e-01,2.000000000000000e-01,2.616222649596191e-06,-7.512982179781362e-05,1.666666666666667e+00,0.000000000000000e+00,2.999956329699677e+02,3.000694975891764e+02,3.000000000000000e+02,3.235708755298165e+02,3.000055094243093e+02,1,0.000000000000000e+00,0.000000000000000e+00
2.759999999999805e-06,184,2.589252554588013e-04,2.402001269221644e+02,1.000000000000000e+00,8.000000000000000e-01,2.000000000000000e-01,2.641222649596195e-06,-7.512982179781362e-05,1.666666666666667e+00,0.000000000000000e+00,2.999956186351512e+02,3.000704467016070e+02,3.000000000000000e+02,3.235767493363953e+02,3.000055125391087e+02,1,0.000000000000000e+00,0.000000000000000e+00
2.774999999999800e-06,185,2.590142896805127e-04,2.428717649392653e+02,1.000000000000000e+00,8.000000000000000e-01,2.000000000000000e-01,2.666222649596199e-06,-7.512982179781362e-05,1.666666666666667e+00,0.000000000000000e+00,2.999956043385429e+02,3.000714843781141e+02,3.000000000000000e+02,3.235821755070577e+02,3.000055154501015e+02,1,0.000000000000000e+00,0.000000000000000e+00
2.789999999999795e-06,186,2.590972586295311e-04,2.448560428910613e+02,1.000000000000000e+00,8.000000000000000e-01,2.000000000000000e-01,2.691222649596203e-06,-7.512982179781362e-05,1.666666666666667e+00,0.000000000000000e+00,2.999955900797798e+02,3.000725962441535e+02,3.000000000000000e+02,3.235871900469237e+02,3.000055181830627e+02,1,0.000000000000000e+00,0.000000000000000e+00
2.804999999999790e-06,187,2.591744132660724e-04,2.451617529155343e+02,1.000000000000000e+00,8.000000000000000e-01,2.000000000000000e-01,2.716222649596207e-06,-7.512982179781362e-05,1.666666666666667e+00,0.000000000000000e+00,2.999955758585045e+02,3.000737762522971e+02,3.000000000000000e+02,3.235918748878262e+02,3.000055207638187e+02,1,0.000000000000000e+00,0.000000000000000e+00
2.819999999999785e-06,188,2.592460233327201e-04,2.423088295224135e+02,1.000000000000000e+00,8.000000000000000e-01,2.000000000000000e-01,2.741222649596211e-06,-7.512982179781362e-05,1.666666666666667e+00,0.000000000000000e+00,2.999955616743650e+02,3.000749977248457e+02,3.000000000000000e+02,3.235962550119174e+02,3.000055232035120e+02,1,0.000000000000000e+00,0.000000000000000e+00
2.834999999999779e-06,189,2.593116946392613e-04,2.349144688485570e+02,1.000000000000000e+00,8.000000000000000e-01,2.000000000000000e-01,2.766222649596215e-06,-7.512982179781362e-05,1.666666666666667e+00,0.000000000000000e+00,2.999955475270141e+02,3.000762262436098e+02,3.000000000000000e+02,3.236003205074383e+02,3.000055255047488e+02,1,0.000000000000000e+00,0.000000000000000e+00
2.849999999999774e-06,190,2.593720815171705e-04,2.261818904877892e+02,1.000000000000000e+00,8.000000000000000e-01,2.000000000000000e-01,2.791222649596219e-06,-7.512982179781362e-05,1.666666666666667e+00,0.000000000000000e+00,2.999955334161095e+02,3.000774482440915e+02,3.000000000000000e+02,3.236041015166159e+02,3.000055276757143e+02,1,0.000000000000000e+00,0.000000000000000e+00
2.864999999999769e-06,191,2.594275223934243e-04,2.192714902604543e+02,1.000000000000000e+00,8.000000000000000e-01,2.000000000000000e-01,2.816222649596223e-06,-7.512982179781362e-05,1.666666666666667e+00,0.000000000000000e+00,2.999955193413142e+02,3.000786587854626e+02,3.000000000000000e+02,3.236076385940264e+02,3.000055297299280e+02,1,0.000000000000000e+00,0.000000000000000e+00
2.879999999999764e-06,192,2.594789277347283e-04,2.123722169461861e+02,1.000000000000000e+00,8.000000000000000e-01,2.000000000000000e-01,2.841222649596227e-06,-7.512982179781362e-05,1.666666666666667e+00,0.000000000000000e+00,2.999955053022953e+02,3.000798621812471e+02,3.000000000000000e+02,3.236109789416696e+02,3.000055316803948e+02,1,0.000000000000000e+00,0.000000000000000e+00
2.894999999999758e-06,193,2.572429929952146e-04,2.073907408508200e+02,1.000000000000000e+00,8.000000000000000e-01,2.000000000000000e-01,2.866222649596231e-06,-7.512982179781362e-05,1.666666666666667e+00,0.000000000000000e+00,2.999954912987256e+02,3.000810592714596e+02,3.000000000000000e+02,3.236141558631367e+02,3.000055335408330e+02,1,0.000000000000000e+00,0.000000000000000e+00
2.909999999999753e-06,194,2.572751786904254e-04,2.112446241537750e+02,1.000000000000000e+00,8.000000000000000e-01,2.000000000000000e-01,2.891222649596235e-06,-7.512982179781362e-05,1.666666666666667e+00,0.000000000000000e+00,2.999954773302818e+02,3.000822240640935e+02,3.000000000000000e+02,3.236171119368615e+02,3.000055353375049e+02,1,0.000000000000000e+00,0.000000000000000e+00
2.924999999999748e-06,195,2.573069411788306e-04,2.065867344378937e+02,1.000000000000000e+00,8.000000000000000e-01,2.000000000000000e-01,2.916222649596239e-06,-7.512982179781362e-05,1.666666666666667e+00,0.000000000000000e+00,2.999954633966453e+02,3.000834197384810e+02,3.000000000000000e+02,3.236199460630337e+02,3.000055371080875e+02,1,0.000000000000000e+00,0.000000000000000e+00
2.939999999999743e-06,196,2.573353206767635e-04,2.046254960067249e+02,1.000000000000000e+00,8.000000000000000e-01,2.000000000000000e-01,2.941222649596243e-06,-7.512982179781362e-05,1.666666666666667e+00,0.000000000000000e+00,2.999954494975020e+02,3.000845406441761e+02,3.000000000000000e+02,3.236223532079179e+02,3.000055388086956e+02,1,0.000000000000000e+00,0.000000000000000e+00
2.954999999999738e-06,197,2.573613804367945e-04,2.043825101237135e+02,1.000000000000000e+00,8.000000000000000e-01,2.000000000000000e-01,2.966222649596247e-06,-7.512982179781362e-05,1.666666666666667e+00,0.000000000000000e+00,2.999954356325428e+02,3.000857437007259e+02,3.000000000000000e+02,3.236244850720387e+02,3.000055404582213e+02,1,0.000000000000000e+00,0.000000000000000e+00
2.969999999999732e-06,198,2.573851868186904e-04,2.025469100332218e+02,1.000000000000000e+00,8.000000000000000e-01,2.000000000000000e-01,2.991222649596251e-06,-7.512982179781362e-05,1.666666666666667e+00,0.000000000000000e+00,2.999954218014622e+02,3.000870264624411e+02,3.000000000000000e+02,3.236264307397590e+02,3.000055420767547e+02,1,0.000000000000000e+00,0.000000000000000e+00
2.984999999999727e-06,199,2.574076079330836e-04,2.020697171863932e+02,1.000000000000000e+00,8.000000000000000e-01,2.000000000000000e-01,3.016222649596255e-06,-7.512982179781362e-05,1.666666666666667e+00,0.000000000000000e+00,2.999954080039593e+02,3.000882890972450e+02,3.000000000000000e+02,3.236282438359016e+02,3.000055436685751e+02,1,0.000000000000000e+00,0.000000000000000e+00
2.999999999999722e-06,200,2.574280979829736e-04,1.987603938434359e+02,1.000000000000000e+00,8.000000000000000e-01,2.000000000000000e-01,3.041222649596259e-06,-7.512982179781362e-05,1.666666666666667e+00,0.000000000000000e+00,2.999953942397369e+02,3.000895306070469e+02,3.000000000000000e+02,3.236299030917419e+02,3.000055452302801e+02,1,0.000000000000000e+00,0.000000000000000e+00
3.014999999999717e-06,201,2.574444440231521e-04,1.886736689456659e+02,1.000000000000000e+00,8.000000000000000e-01,2.000000000000000e-01,3.066222649596263e-06,-7.512982179781362e-05,1.666666666666667e+00,0.000000000000000e+00,2.999953805085025e+02,3.000907032080801e+02,3.000000000000000e+02,3.236312186875592e+02,3.000055467285687e+02,1,0.000000000000000e+00,0.000000000000000e+00
3.029999999999711e-06,202,2.574569730499541e-04,1.800290256252453e+02,1.000000000000000e+00,8.000000000000000e-01,2.000000000000000e-01,3.091222649596267e-06,-7.512982179781362e-05,1.666666666666667e+00,0.000000000000000e+00,2.999953668099675e+02,3.000917714568015e+02,3.000000000000000e+02,3.236321746339548e+02,3.000055481460457e+02,1,0.000000000000000e+00,0.000000000000000e+00
3.044999999999706e-06,203,2.574655888406350e-04,1.708466380715122e+02,1.000000000000000e+00,8.000000000000000e-01,2.000000000000000e-01,3.116222649596271e-06,-7.512982179781362e-05,1.666666666666667e+00,0.000000000000000e+00,2.999953531438472e+02,3.000927485232282e+02,3.000000000000000e+02,3.236327908069585e+02,3.000055494938046e+02,1,0.000000000000000e+00,0.000000000000000e+00
3.059999999999701e-06,204,2.574709903989776e-04,1.632627023561887e+02,1.000000000000000e+00,8.000000000000000e-01,2.000000000000000e-01,3.141222649596275e-06,-7.512982179781362e-05,1.666666666666667e+00,0.000000000000000e+00,2.999953395098607e+02,3.000936382125230e+02,3.000000000000000e+02,3.236330885767504e+02,3.000055507759258e+02,1,0.000000000000000e+00,0.000000000000000e+00
3.074999999999696e-06,205,2.574749042404889e-04,1.601724447655221e+02,1.000000000000000e+00,8.000000000000000e-01,2.000000000000000e-01,3.166222649596279e-06,-7.512982179781362e-05,1.666666666666667e+00,0.000000000000000e+00,2.999953259077309e+02,3.000944709990450e+02,3.000000000000000e+02,3.236332139350598e+02,3.000055520167858e+02,1,0.000000000000000e+00,0.000000000000000e+00
3.089999999999690e-06,206,2.574775735468990e-04,1.593284896528954e+02,1.000000000000000e+00,8.000000000000000e-01,2.000000000000000e-01,3.191222649596283e-06,-7.512982179781362e-05,1.666666666666667e+00,0.000000000000000e+00,2.999953123371849e+02,3.000952783440760e+02,3.000000000000000e+02,3.236332383346404e+02,3.000055532377133e+02,1,0.000000000000000e+00,0.000000000000000e+00
3.104999999999685e-06,207,2.574810124195431e-04,1.643369494574799e+02,1.000000000000000e+00,8.000000000000000e-01,2.000000000000000e-01,3.216222649596287e-06,-7.512982179781362e-05,1.666666666666667e+00,0.000000000000000e+00,2.999952987979528e+02,3.000960938278955e+02,3.000000000000000e+02,3.236333093271907e+02,3.000055544673001e+02,1,0.000000000000000e+00,0.000000000000000e+00
3.119999999999680e-06,208,2.574860676147610e-04,1.716392019340455e+02,1.000000000000000e+00,8.000000000000000e-01,2.000000000000000e-01,3.241222649596291e-06,-7.512982179781362e-05,1.666666666666667e+00,0.000000000000000e+00,2.999952852897689e+02,3.000969600431857e+02,3.000000000000000e+02,3.236335674244543e+02,3.000055557381010e+02,1,0.000000000000000e+00,0.000000000000000e+00
3.134999999999675e-06,209,2.574950124280038e-04,1.820101974249689e+02,1.000000000000000e+00,8.000000000000000e-01,2.000000000000000e-01,3.266222649596295e-06,-7.512982179781362e-05,1.666666666666667e+00,0.000000000000000e+00,2.999952718123710e+02,3.000978939446279e+02,3.000000000000000e+02,3.236341351304407e+02,3.000055570684257e+02,1,0.000000000000000e+00,0.000000000000000e+00
3.149999999999670e-06,210,2.575082565603995e-04,1.961756467711916e+02,1.000000000000000e+00,8.000000000000000e-01,2.000000000000000e-01,3.291222649596299e-06,-7.512982179781362e-05,1.666666666666667e+00,0.000000000000000e+00,2.999952583655000e+02,3.000989266616015e+02,3.000000000000000e+02,3.236350925736529e+02,3.000055584799387e+02,1,0.000000000000000e+00,0.000000000000000e+00
3.164999999999664e-06,211,2.575265212977265e-04,2.086251394688135e+02,1.000000000000000e+00,8.000000000000000e-01,2.000000000000000e-01,3.316222649596303e-06,-7.512982179781362e-05,1.666666666666667e+00,0.000000000000000e+00,2.999952449489010e+02,3.001000716346090e+02,3.000000000000000e+02,3.236364668077401e+02,3.000055599811914e+02,1,0.000000000000000e+00,0.000000000000000e+00
3.179999999999659e-06,212,2.575497419719161e-04,2.204699527113830e+02,1.000000000000000e+00,8.000000000000000e-01,2.000000000000000e-01,3.341222649596307e-06,-7.512982179781362e-05,1.666666666666667e+00,0.000000000000000e+00,2.999952315623217e+02,3.001013125771828e+02,3.000000000000000e+02,3.236382368688680e+02,3.000055615626200e+02,1,0.000000000000000e+00,0.000000000000000e+00
3.194999999999654e-06,213,2.575767960923614e-04,2.284352732139948e+02,1.000000000000000e+00,8.000000000000000e-01,2.000000000000000e-01,3.366222649596311e-06,-7.512982179781362e-05,1.666666666666667e+00,0.000000000000000e+00,2.999952182055135e+02,3.001026355038953e+02,3.000000000000000e+02,3.236403003261096e+02,3.000055632092558e+02,1,0.000000000000000e+00,0.000000000000000e+00
3.209999999999649e-06,214,2.576076462931136e-04,2.352506742559301e+02,1.000000000000000e+00,8.000000000000000e-01,2.000000000000000e-01,3.391222649596315e-06,-7.512982179781362e-05,1.666666666666667e+00,0.000000000000000e+00,2.999952048782313e+02,3.001040139598616e+02,3.000000000000000e+02,3.236425793426866e+02,3.000055649015983e+02,1,0.000000000000000e+00,0.000000000000000e+00
3.224999999999643e-06,215,2.576404413345796e-04,2.364019263111549e+02,1.000000000000000e+00,8.000000000000000e-01,2.000000000000000e-01,3.416222649596319e-06,-7.512982179781362e-05,1.666666666666667e+00,0.000000000000000e+00,2.999951915802328e+02,3.001054144930633e+02,3.000000000000000e+02,3.236449207965186e+02,3.000055666117018e+02,1,0.000000000000000e+00,0.000000000000000e+00
3.239999999999638e-06,216,2.576748115897675e-04,2.358668614989766e+02,1.000000000000000e+00,8.000000000000000e-01,2.000000000000000e-01,3.441222649596323e-06,-7.512982179781362e-05,1.666666666666667e+00,0.000000000000000e+00,2.999951783112793e+02,3.001068083363161e+02,3.000000000000000e+02,3.236472631438553e+02,3.000055683214583e+02,1,0.000000000000000e+00,0.000000000000000e+00
3.254999999999633e-06,217,2.577079269991422e-04,2.297135254496823e+02,1.000000000000000e+00,8.000000000000000e-01,2.000000000000000e-01,3.466222649596327e-06,-7.512982179781362e-05,1.666666666666667e+00,0.000000000000000e+00,2.999951650711347e+02,3.001081563948774e+02,3.000000000000000e+02,3.236493977815900e+02,3.000055699929925e+02,1,0.000000000000000e+00,0.000000000000000e+00
3.269999999999628e-06,218,2.577402620105562e-04,2.215824772392369e+02,1.000000000000000e+00,8.000000000000000e-01,2.000000000000000e-01,3.491222649596331e-06,-7.512982179781362e-05,1.666666666666667e+00,0.000000000000000e+00,2.999951518595663e+02,3.001094298231016e+02,3.000000000000000e+02,3.236512392430792e+02,3.000055716079306e+02,1,0.000000000000000e+00,0.000000000000000e+00
3.284999999999623e-06,219,2.577699275867308e-04,2.134588736504895e+02,1.000000000000000e+00,8.000000000000000e-01,2.000000000000000e-01,3.516222649596335e-06,-7.512982179781362e-05,1.666666666666667e+00,0.000000000000000e+00,2.999951386763448e+02,3.001106146314943e+02,3.000000000000000e+02,3.236527517588601e+02,3.000055731581921e+02,1,0.000000000000000e+00,0.000000000000000e+00
3.299999999999617e-06,220,2.577979284264522e-04,2.073736231120311e+02,1.000000000000000e+00,8.000000000000000e-01,2.000000000000000e-01,3.541222649596339e-06,-7.512982179781362e-05,1.666666666666667e+00,0.000000000000000e+00,2.999951255212432e+02,3.001117187002456e+02,3.000000000000000e+02,3.236539794552113e+02,3.000055746484672e+02,1,0.000000000000000e+00,0.000000000000000e+00
3.314999999999612e-06,221,2.578256502613878e-04,2.062552690266223e+02,1.000000000000000e+00,8.000000000000000e-01,2.000000000000000e-01,3.566222649596343e-06,-7.512982179781362e-05,1.666666666666667e+00,0.000000000000000e+00,2.999951123940377e+02,3.001127862968310e+02,3.000000000000000e+02,3.236550883669510e+02,3.000055761131476e+02,1,0.000000000000000e+00,0.000000000000000e+00
3.329999999999607e-06,222,2.578537207810900e-04,2.086955239997287e+02,1.000000000000000e+00,8.000000000000000e-01,2.000000000000000e-01,3.591222649596347e-06,-7.512982179781362e-05,1.666666666666667e+00,0.000000000000000e+00,2.999950992945073e+02,3.001138509335885e+02,3.000000000000000e+02,3.236561443584228e+02,3.000055775734956e+02,1,0.000000000000000e+00,0.000000000000000e+00
3.344999999999602e-06,223,2.578841582421332e-04,2.137773055659284e+02,1.000000000000000e+00,8.000000000000000e-01,2.000000000000000e-01,3.616222649596351e-06,-7.512982179781362e-05,1.666666666666667e+00,0.000000000000000e+00,2.999950862224339e+02,3.001149443631959e+02,3.000000000000000e+02,3.236573914427995e+02,3.000055790676661e+02,1,0.000000000000000e+00,0.000000000000000e+00
3.359999999999596e-06,224,2.579146393437057e-04,2.125736977099539e+02,1.000000000000000e+00,8.000000000000000e-01,2.000000000000000e-01,3.641222649596355e-06,-7.512982179781362e-05,1.666666666666667e+00,0.000000000000000e+00,2.999950731776023e+02,3.001160489930699e+02,3.000000000000000e+02,3.236586226590653e+02,3.000055805701070e+02,1,0.000000000000000e+00,0.000000000000000e+00
3.374999999999591e-06,225,2.579435765076432e-04,2.079394680647277e+02,1.000000000000000e+00,8.000000000000000e-01,2.000000000000000e-01,3.666222649596359e-06,-7.512982179781362e-05,1.666666666666667e+00,0.000000000000000e+00,2.999950601597996e+02,3.001171163437735e+02,3.000000000000000e+02,3.236597208198935e+02,3.000055820476709e+02,1,0.000000000000000e+00,0.000000000000000e+00
3.389999999999586e-06,226,2.579706170499941e-04,2.009054162449226e+02,1.000000000000000e+00,8.000000000000000e-01,2.000000000000000e-01,3.691222649596363e-06,-7.512982179781362e-05,1.666666666666667e+00,0.000000000000000e+00,2.999950471688163e+02,3.001181208387483e+02,3.000000000000000e+02,3.236605913592467e+02,3.000055834804598e+02,1,0.000000000000000e+00,0.000000000000000e+00
3.404999999999581e-06,227,2.579958785815724e-04,1.966619991635941e+02,1.000000000000000e+00,8.000000000000000e-01,2.000000000000000e-01,3.716222649596367e-06,-7.512982179781362e-05,1.666666666666667e+00,0.000000000000000e+00,2.999950342044448e+02,3.001190626155229e+02,3.000000000000000e+02,3.236612794980105e+02,3.000055848716846e+02,1,0.000000000000000e+00,0.000000000000000e+00
3.419999999999576e-06,228,2.580201817391540e-04,1.950868675659737e+02,1.000000000000000e+00,8.000000000000000e-01,2.000000000000000e-01,3.741222649596371e-06,-7.512982179781362e-05,1.666666666666667e+00,0.000000000000000e+00,2.999950212664803e+02,3.001199751027923e+02,3.000000000000000e+02,3.236618987336832e+02,3.000055862470452e+02,1,0.000000000000000e+00,0.000000000000000e+00
3.434999999999570e-06,229,2.580440991916441e-04,1.961932069495333e+02,1.000000000000000e+00,8.000000000000000e-01,2.000000000000000e-01,3.766222649596375e-06,-7.512982179781362e-05,1.666666666666667e+00,0.000000000000000e+00,2.999950083547211e+02,3.001208752399722e+02,3.000000000000000e+02,3.236624981027940e+02,3.000055876184115e+02,1,0.000000000000000e+00,0.000000000000000e+00
3.449999999999565e-06,230,2.580689498390376e-04,2.005433261453530e+02,1.000000000000000e+00,8.000000000000000e-01,2.000000000000000e-01,3.791222649596379e-06,-7.512982179781362e-05,1.666666666666667e+00,0.000000000000000e+00,2.999949954689674e+02,3.001217942867331e+02,3.000000000000000e+02,3.236632244905165e+02,3.000055890124568e+02,1,0.000000000000000e+00,0.000000000000000e+00
3.464999999999560e-06,231,2.580950641279247e-04,2.063098374024003e+02,1.000000000000000e+00,8.000000000000000e-01,2.000000000000000e-01,3.816222649596383e-06,-7.512982179781362e-05,1.666666666666667e+00,0.000000000000000e+00,2.999949826090220e+02,3.001227523568420e+02,3.000000000000000e+02,3.236641077018372e+02,3.000055904419725e+02,1,0.000000000000000e+00,0.000000000000000e+00
3.479999999999555e-06,232,2.581220559794424e-04,2.105635917897831e+02,1.000000000000000e+00,8.000000000000000e-01,2.000000000000000e-01,3.841222649596387e-06,-7.512982179781362e-05,1.666666666666667e+00,0.000000000000000e+00,2.999949697746905e+02,3.001237444510718e+02,3.000000000000000e+02,3.236651312085359e+02,3.000055919034539e+02,1,0.000000000000000e+00,0.000000000000000e+00
3.494999999999549e-06,233,2.581491825899561e-04,2.122155318637651e+02,1.000000000000000e+00,8.000000000000000e-01,2.000000000000000e-01,3.866222649596391e-06,-7.512982179781362e-05,1.666666666666667e+00,0.000000000000000e+00,2.999949569657807e+02,3.001247606732103e+02,3.000000000000000e+02,3.236662926240908e+02,3.000055933918200e+02,1,0.000000000000000e+00,0.000000000000000e+00
3.509999999999544e-06,234,2.581754099513354e-04,2.108435729208718e+02,1.000000000000000e+00,8.000000000000000e-01,2.000000000000000e-01,3.891222649596395e-06,-7.512982179781362e-05,1.666666666666667e+00,0.000000000000000e+00,2.999949441821022e+02,3.001257746947780e+02,3.000000000000000e+02,3.236674127007284e+02,3.000055948800691e+02,1,0.000000000000000e+00,0.000000000000000e+00
3.524999999999539e-06,235,2.581988718854655e-04,2.051901723741369e+02,1.000000000000000e+00,8.000000000000000e-01,2.000000000000000e-01,3.916222649596399e-06,-7.512982179781362e-05,1.666666666666667e+00,0.000000000000000e+00,2.999949314234676e+02,3.001267498706778e+02,3.000000000000000e+02,3.236683996815262e+02,3.000055963428485e+02,1,0.000000000000000e+00,0.000000000000000e+00
3.539999999999534e-06,236,2.582181953280128e-04,1.960329283957942e+02,1.000000000000000e+00,8.000000000000000e-01,2.000000000000000e-01,3.941222649596403e-06,-7.512982179781362e-05,1.666666666666667e+00,0.000000000000000e+00,2.999949186896919e+02,3.001276538618467e+02,3.000000000000000e+02,3.236691045383666e+02,3.000055977523317e+02,1,0.000000000000000e+00,0.000000000000000e+00
3.554999999999528e-06,237,2.582336604298381e-04,1.876195567265350e+02,1.000000000000000e+00,8.000000000000000e-01,2.000000000000000e-01,3.966222649596407e-06,-7.512982179781362e-05,1.666666666666667e+00,0.000000000000000e+00,2.999949059805919e+02,3.001284667386113e+02,3.000000000000000e+02,3.236695130642082e+02,3.000055990969801e+02,1,0.000000000000000e+00,0.000000000000000e+00
3.569999999999523e-06,238,2.582457297279097e-04,1.806889999918040e+02,1.000000000000000e+00,8.000000000000000e-01,2.000000000000000e-01,3.991222649596411e-06,-7.512982179781362e-05,1.666666666666667e+00,0.000000000000000e+00,2.999948932959869e+02,3.001292027084279e+02,3.000000000000000e+02,3.236696698672376e+02,3.000056003869647e+02,1,0.000000000000000e+00,0.000000000000000e+00
3.584999999999518e-06,239,2.582544044091736e-04,1.734612010196642e+02,1.000000000000000e+00,8.000000000000000e-01,2.000000000000000e-01,4.016222649596415e-06,-7.512982179781362e-05,1.666666666666667e+00,0.000000000000000e+00,2.999948806356981e+02,3.001298665967196e+02,3.000000000000000e+02,3.236695930319582e+02,3.000056016257578e+02,1,0.000000000000000e+00,0.000000000000000e+00
3.599999999999513e-06,240,2.582606651682846e-04,1.681381941290729e+02,1.000000000000000e+00,8.000000000000000e-01,2.000000000000000e-01,4.041222649596419e-06,-7.512982179781362e-05,1.666666666666667e+00,0.000000000000000e+00,2.999948679995490e+02,3.001304659328893e+02,3.000000000000000e+02,3.236693070806874e+02,3.000056028187055e+02,1,0.000000000000000e+00,0.000000000000000e+00
3.614999999999508e-06,241,2.582652629098669e-04,1.651491493046360e+02,1.000000000000000e+00,8.000000000000000e-01,2.000000000000000e-01,4.066222649596423e-06,-7.512982179781362e-05,1.666666666666667e+00,0.000000000000000e+00,2.999948553873652e+02,3.001310245155709e+02,3.000000000000000e+02,3.236688994286998e+02,3.000056039841944e+02,1,0.000000000000000e+00,0.000000000000000e+00
3.629999999999502e-06,242,2.582681260968158e-04,1.629454791032754e+02,1.000000000000000e+00,8.000000000000000e-01,2.000000000000000e-01,4.091222649596427e-06,-7.512982179781362e-05,1.666666666666667e+00,0.000000000000000e+00,2.999948427989747e+02,3.001315566417171e+02,3.000000000000000e+02,3.236684099351853e+02,3.000056051323174e+02,1,0.000000000000000e+00,0.000000000000000e+00
3.644999999999497e-06,243,2.582701376192444e-04,1.620993284978677e+02,1.000000000000000e+00,8.000000000000000e-01,2.000000000000000e-01,4.116222649596431e-06,-7.512982179781362e-05,1.666666666666667e+00,0.000000000000000e+00,2.999948302342069e+02,3.001320729886909e+02,3.000000000000000e+02,3.236678862575587e+02,3.000056062719628e+02,1,0.000000000000000e+00,0.000000000000000e+00
3.659999999999492e-06,244,2.582719762406491e-04,1.637488468907062e+02,1.000000000000000e+00,8.000000000000000e-01,2.000000000000000e-01,4.141222649596435e-06,-7.512982179781362e-05,1.666666666666667e+00,0.000000000000000e+00,2.999948176928939e+02,3.001325924055773e+02,3.000000000000000e+02,3.236674080229780e+02,3.000056074186191e+02,1,0.000000000000000e+00,0.000000000000000e+00
3.674999999999487e-06,245,2.582726978086128e-04,1.628856201665797e+02,1.000000000000000e+00,8.000000000000000e-01,2.000000000000000e-01,4.166222649596439e-06,-7.512982179781362e-05,1.666666666666667e+00,0.000000000000000e+00,2.999948051748694e+02,3.001331055411135e+02,3.000000000000000e+02,3.236668998727064e+02,3.000056085618996e+02,1,0.000000000000000e+00,0.000000000000000e+00
3.689999999999481e-06,246,2.582730066738627e-04,1.626418099684604e+02,1.000000000000000e+00,8.000000000000000e-01,2.000000000000000e-01,4.191222649596443e-06,-7.512982179781362e-05,1.666666666666667e+00,0.000000000000000e+00,2.999947926799693e+02,3.001336140066612e+02,3.000000000000000e+02,3.236664027063654e+02,3.000056097056309e+02,1,0.000000000000000e+00,0.000000000000000e+00
3.704999999999476e-06,247,2.582732507207367e-04,1.617196967019416e+02,1.000000000000000e+00,8.000000000000000e-01,2.000000000000000e-01,4.216222649596447e-06,-7.512982179781362e-05,1.666666666666667e+00,0.000000000000000e+00,2.999947802080306e+02,3.001341185657458e+02,3.000000000000000e+02,3.236659020507472e+02,3.000056108490980e+02,1,0.000000000000000e+00,0.000000000000000e+00
3.719999999999471e-06,248,2.582718892690967e-04,1.572352122047316e+02,1.000000000000000e+00,8.000000000000000e-01,2.000000000000000e-01,4.241222649596451e-06,-7.512982179781362e-05,1.666666666666667e+00,0.000000000000000e+00,2.999947677588935e+02,3.001345848906470e+02,3.000000000000000e+02,3.236652581680777e+02,3.000056119643184e+02,1,0.000000000000000e+00,0.000000000000000e+00
3.734999999999466e-06,249,2.582697566736248e-04,1.530501936451294e+02,1.000000000000000e+00,8.000000000000000e-01,2.000000000000000e-01,4.266222649596455e-06,-7.512982179781362e-05,1.666666666666667e+00,0.000000000000000e+00,2.999947553323994e+02,3.001350105035874e+02,3.000000000000000e+02,3.236644944421404e+02,3.000056130515712e+02,1,0.000000000000000e+00,0.000000000000000e+00
3.749999999999461e-06,250,2.582668293730601e-04,1.491600584661531e+02,1.000000000000000e+00,8.000000000000000e-01,2.000000000000000e-01,4.291222649596459e-06,-7.512982179781362e-05,1.666666666666667e+00,0.000000000000000e+00,2.999947429283912e+02,3.001353950861493e+02,3.000000000000000e+02,3.236635960462473e+02,3.000056141094083e+02,1,0.000000000000000e+00,0.000000000000000e+00
3.764999999999455e-06,251,2.582644832399391e-04,1.485490758454335e+02,1.000000000000000e+00,8.000000000000000e-01,2.000000000000000e-01,4.316222649596463e-06,-7.512982179781362e-05,1.666666666666667e+00,0.000000000000000e+00,2.999947305467144e+02,3.001357523824050e+02,3.000000000000000e+02,3.236626552215245e+02,3.000056151515230e+02,1,0.000000000000000e+00,0.000000000000000e+00
3.779999999999450e-06,252,2.582630632380325e-04,1.485109802737653e+02,1.000000000000000e+00,8.000000000000000e-01,2.000000000000000e-01,4.341222649596467e-06,-7.512982179781362e-05,1.666666666666667e+00,0.000000000000000e+00,2.999947181872157e+02,3.001361048239597e+02,3.000000000000000e+02,3.236617072433783e+02,3.000056161918997e+02,1,0.000000000000000e+00,0.000000000000000e+00
3.794999999999445e-06,253,2.582624191357321e-04,1.488751373415622e+02,1.000000000000000e+00,8.000000000000000e-01,2.000000000000000e-01,4.366222649596471e-06,-7.512982179781362e-05,1.666666666666667e+00,0.000000000000000e+00,2.999947058497434e+02,3.001364556215255e+02,3.000000000000000e+02,3.236607566375689e+02,3.000056172324888e+02,1,0.000000000000000e+00,0.000000000000000e+00
3.809999999999440e-06,254,2.582620321637019e-04,1.487431695516512e+02,1.000000000000000e+00,8.000000000000000e-01,2.000000000000000e-01,4.391222649596475e-06,-7.512982179781362e-05,1.666666666666667e+00,0.000000000000000e+00,2.999946935341482e+02,3.001368041265293e+02,3.000000000000000e+02,3.236598058763141e+02,3.000056182731374e+02,1,0.000000000000000e+00,0.000000000000000e+00
3.824999999999443e-06,255,2.582620390743099e-04,1.467646154987164e+02,1.000000000000000e+00,8.000000000000000e-01,2.000000000000000e-01,4.416222649596479e-06,-7.512982179781362e-05,1.666666666666667e+00,0.000000000000000e+00,2.999946812402821e+02,3.001371420038229e+02,3.000000000000000e+02,3.236588275744977e+02,3.000056193075298e+02,1,0.000000000000000e+00,0.000000000000000e+00
3.839999999999451e-06,256,2.582622253441958e-04,1.439539812475675e+02,1.000000000000000e+00,8.000000000000000e-01,2.000000000000000e-01,4.441222649596483e-06,-7.512982179781362e-05,1.666666666666667e+00,0.000000000000000e+00,2.999946689679988e+02,3.001374583786898e+02,3.000000000000000e+02,3.236577606918798e+02,3.000056203255121e+02,1,0.000000000000000e+00,0.000000000000000e+00
3.854999999999458e-06,257,2.582621316017073e-04,1.418773808979816e+02,1.000000000000000e+00,8.000000000000000e-01,2.000000000000000e-01,4.466222649596487e-06,-7.512982179781362e-05,1.666666666666667e+00,0.000000000000000e+00,2.999946567171538e+02,3.001377499176206e+02,3.000000000000000e+02,3.236566454039994e+02,3.000056213282376e+02,1,0.000000000000000e+00,0.000000000000000e+00
3.869999999999466e-06,258,2.582623684501265e-04,1.400160976305873e+02,1.000000000000000e+00,8.000000000000000e-01,2.000000000000000e-01,4.491222649596491e-06,-7.512982179781362e-05,1.666666666666667e+00,0.000000000000000e+00,2.999946444876038e+02,3.001380184284186e+02,3.000000000000000e+02,3.236554454596628e+02,3.000056223138415e+02,1,0.000000000000000e+00,0.000000000000000e+00
3.884999999999473e-06,259,2.582629922910382e-04,1.387711998407897e+02,1.000000000000000e+00,8.000000000000000e-01,2.000000000000000e-01,4.516222649596495e-06,-7.512982179781362e-05,1.666666666666667e+00,0.000000000000000e+00,2.999946322792078e+02,3.001382712548325e+02,3.000000000000000e+02,3.236542214665885e+02,3.000056232904611e+02,1,0.000000000000000e+00,0.000000000000000e+00
3.899999999999481e-06,260,2.582640118388704e-04,1.377465478863399e+02,1.000000000000000e+00,8.000000000000000e-01,2.000000000000000e-01,4.541222649596499e-06,-7.512982179781362e-05,1.666666666666667e+00,0.000000000000000e+00,2.999946200918258e+02,3.001385103332845e+02,3.000000000000000e+02,3.236529540328630e+02,3.000056242575847e+02,1,0.000000000000000e+00,0.000000000000000e+00
3.914999999999488e-06,261,2.582643023821632e-04,1.345999732692321e+02,1.000000000000000e+00,8.000000000000000e-01,2.000000000000000e-01,4.566222649596503e-06,-7.512982179781362e-05,1.666666666666667e+00,0.000000000000000e+00,2.999946079253199e+02,3.001387316654470e+02,3.000000000000000e+02,3.236516136697816e+02,3.000056252109211e+02,1,0.000000000000000e+00,0.000000000000000e+00
3.929999999999496e-06,262,2.582641450438282e-04,1.318434340529804e+02,1.000000000000000e+00,8.000000000000000e-01,2.000000000000000e-01,4.591222649596507e-06,-7.512982179781362e-05,1.666666666666667e+00,0.000000000000000e+00,2.999945957795530e+02,3.001389240496421e+02,3.000000000000000e+02,3.236501708659142e+02,3.000056261424545e+02,1,0.000000000000000e+00,0.000000000000000e+00
3.944999999999503e-06,263,2.582623074293880e-04,1.265145092088229e+02,1.000000000000000e+00,8.000000000000000e-01,2.000000000000000e-01,4.616222649596511e-06,-7.512982179781362e-05,1.666666666666667e+00,0.000000000000000e+00,2.999945836543901e+02,3.001390859296008e+02,3.000000000000000e+02,3.236486056481858e+02,3.000056270497826e+02,1,0.000000000000000e+00,0.000000000000000e+00
3.959999999999511e-06,264,2.582582550174780e-04,1.216616891616216e+02,1.000000000000000e+00,8.000000000000000e-01,2.000000000000000e-01,4.641222649596515e-06,-7.512982179781362e-05,1.666666666666667e+00,0.000000000000000e+00,2.999945715496975e+02,3.001391986057679e+02,3.000000000000000e+02,3.236468415599159e+02,3.000056279175247e+02,1,0.000000000000000e+00,0.000000000000000e+00
3.974999999999518e-06,265,2.582522757085916e-04,1.170744723766782e+02,1.000000000000000e+00,8.000000000000000e-01,2.000000000000000e-01,4.666222649596519e-06,-7.512982179781362e-05,1.666666666666667e+00,0.000000000000000e+00,2.999945594653430e+02,3.001392702979444e+02,3.000000000000000e+02,3.236449192294921e+02,3.000056287526825e+02,1,0.000000000000000e+00,0.000000000000000e+00
3.989999999999526e-06,266,2.582450423173776e-04,1.159474200182877e+02,1.000000000000000e+00,8.000000000000000e-01,2.000000000000000e-01,4.691222649596522e-06,-7.512982179781362e-05,1.666666666666667e+00,0.000000000000000e+00,2.999945474011960e+02,3.001393142357825e+02,3.000000000000000e+02,3.236429128895575e+02,3.000056295673477e+02,1,0.000000000000000e+00,0.000000000000000e+00
4.004999999999533e-06,267,2.582366532308994e-04,1.137932145408719e+02,1.000000000000000e+00,8.000000000000000e-01,2.000000000000000e-01,4.716222649596526e-06,-7.512982179781362e-05,1.666666666666667e+00,0.000000000000000e+00,2.999945353571269e+02,3.001393443138263e+02,3.000000000000000e+02,3.236408297384267e+02,3.000056303690879e+02,1,0.000000000000000e+00,0.000000000000000e+00
4.019999999999541e-06,268,2.582281628037718e-04,1.151517590977009e+02,1.000000000000000e+00,8.000000000000000e-01,2.000000000000000e-01,4.741222649596530e-06,-7.512982179781362e-05,1.666666666666667e+00,0.000000000000000e+00,2.999945233330080e+02,3.001393704728264e+02,3.000000000000000e+02,3.236387655510741e+02,3.000056311699972e+02,1,0.000000000000000e+00,0.000000000000000e+00
4.034999999999548e-06,269,2.582198113689172e-04,1.164333572139144e+02,1.000000000000000e+00,8.000000000000000e-01,2.000000000000000e-01,4.766222649596534e-06,-7.512982179781362e-05,1.666666666666667e+00,0.000000000000000e+00,2.999945113287126e+02,3.001394116136992e+02,3.000000000000000e+02,3.236367435588843e+02,3.000056319814965e+02,1,0.000000000000000e+00,0.000000000000000e+00
4.049999999999555e-06,270,2.582105622411621e-04,1.161047465638174e+02,1.000000000000000e+00,8.000000000000000e-01,2.000000000000000e-01,4.791222649596538e-06,-7.512982179781362e-05,1.666666666666667e+00,0.000000000000000e+00,2.999944993441156e+02,3.001394616908925e+02,3.000000000000000e+02,3.236347460702356e+02,3.000056327992423e+02,1,0.000000000000000e+00,0.000000000000000e+00
4.064999999999563e-06,271,2.582002967589530e-04,1.145757426778703e+02,1.000000000000000e+00,8.000000000000000e-01,2.000000000000000e-01,4.816222649596542e-06,-7.512982179781362e-05,1.666666666666667e+00,0.000000000000000e+00,2.999944873790932e+02,3.001395000710637e+02,3.000000000000000e+02,3.236327096076116e+02,3.000056336079762e+02,1,0.000000000000000e+00,0.000000000000000e+00
4.079999999999570e-06,272,2.581878950053554e-04,1.108610236771061e+02,1.000000000000000e+00,8.000000000000000e-01,2.000000000000000e-01,4.841222649596546e-06,-7.512982179781362e-05,1.666666666666667e+00,0.000000000000000e+00,2.999944754335228e+02,3.001395151124431e+02,3.000000000000000e+02,3.236305701113901e+02,3.000056343969348e+02,1,0.000000000000000e+00,0.000000000000000e+00
4.094999999999578e-06,273,2.581732875910286e-04,1.067425905126116e+02,1.000000000000000e+00,8.000000000000000e-01,2.000000000000000e-01,4.866222649596550e-06,-7.512982179781362e-05,1.666666666666667e+00,0.000000000000000e+00,2.999944635072832e+02,3.001395009007423e+02,3.000000000000000e+02,3.236283061812595e+02,3.000056351613939e+02,1,0.000000000000000e+00,0.000000000000000e+00
4.109999999999585e-06,274,2.581560052381262e-04,1.021379966986670e+02,1.000000000000000e+00,8.000000000000000e-01,2.000000000000000e-01,4.891222649596554e-06,-7.512982179781362e-05,1.666666666666667e+00,0.000000000000000e+00,2.999944516002546e+02,3.001394471855862e+02,3.000000000000000e+02,3.236258880054074e+02,3.000056358937542e+02,1,0.000000000000000e+00,0.000000000000000e+00
4.124999999999593e-06,275,2.581357001824522e-04,9.685926698791005e+01,1.000000000000000e+00,8.000000000000000e-01,2.000000000000000e-01,4.916222649596558e-06,-7.512982179781362e-05,1.666666666666667e+00,0.000000000000000e+00,2.999944397123184e+02,3.001393480228027e+02,3.000000000000000e+02,3.236232842031176e+02,3.000056365884745e+02,1,0.000000000000000e+00,0.000000000000000e+00
4.139999999999600e-06,276,2.581125358107540e-04,9.181139354678282e+01,1.000000000000000e+00,8.000000000000000e-01,2.000000000000000e-01,4.941222649596562e-06,-7.512982179781362e-05,1.666666666666667e+00,0.000000000000000e+00,2.999944278433572e+02,3.001392065336875e+02,3.000000000000000e+02,3.236205146389511e+02,3.000056372484211e+02,1,0.000000000000000e+00,0.000000000000000e+00
4.154999999999608e-06,277,2.580854963205651e-04,8.323038829113094e+01,1.000000000000000e+00,8.000000000000000e-01,2.000000000000000e-01,4.966222649596566e-06,-7.512982179781362e-05,1.666666666666667e+00,0.000000000000000e+00,2.999944159932547e+02,3.001390085657744e+02,3.000000000000000e+02,3.236175073850295e+02,3.000056378608439e+02,1,0.000000000000000e+00,0.000000000000000e+00
4.169999999999615e-06,278,2.580539892780670e-04,7.308948414627065e+01,1.000000000000000e+00,8.000000000000000e-01,2.000000000000000e-01,4.991222649596570e-06,-7.512982179781362e-05,1.666666666666667e+00,0.000000000000000e+00,2.999944041618961e+02,3.001387283678195e+02,3.000000000000000e+02,3.236141774458262e+02,3.000056384059784e+02,1,0.000000000000000e+00,0.000000000000000e+00
4.184999999999623e-06,279,2.580181229000754e-04,6.339593868864684e+01,1.000000000000000e+00,8.000000000000000e-01,2.000000000000000e-01,5.016222649596574e-06,-7.512982179781362e-05,1.666666666666667e+00,0.000000000000000e+00,2.999943923491678e+02,3.001383591648278e+02,3.000000000000000e+02,3.236105143723611e+02,3.000056388791948e+02,1,0.000000000000000e+00,0.000000000000000e+00
4.199999999999630e-06,280,2.579778732006300e-04,5.282081999485472e+01,1.000000000000000e+00,8.000000000000000e-01,2.000000000000000e-01,5.041222649596578e-06,-7.512982179781362e-05,1.666666666666667e+00,0.000000000000000e+00,2.999943805549572e+02,3.001379023186502e+02,3.000000000000000e+02,3.236065149443789e+02,3.000056392805726e+02,1,0.000000000000000e+00,0.000000000000000e+00
4.214999999999638e-06,281,2.579330731273419e-04,4.201386586424237e+01,1.000000000000000e+00,8.000000000000000e-01,2.000000000000000e-01,5.066222649596582e-06,-7.512982179781362e-05,1.666666666666667e+00,0.000000000000000e+00,2.999943687791528e+02,3.001373550436883e+02,3.000000000000000e+02,3.236021534045110e+02,3.000056396064020e+02,1,0.000000000000000e+00,0.000000000000000e+00
4.229999999999645e-06,282,2.578838334404184e-04,3.188361748789039e+01,1.000000000000000e+00,8.000000000000000e-01,2.000000000000000e-01,5.091222649596586e-06,-7.512982179781362e-05,1.666666666666667e+00,0.000000000000000e+00,2.999943570216446e+02,3.001367195996956e+02,3.000000000000000e+02,3.235974464450456e+02,3.000056398586774e+02,1,0.000000000000000e+00,0.000000000000000e+00
4.244999999999653e-06,283,2.578306834206784e-04,2.429894307685175e+01,1.000000000000000e+00,8.000000000000000e-01,2.000000000000000e-01,5.116222649596590e-06,-7.512982179781362e-05,1.666666666666667e+00,0.000000000000000e+00,2.999943452823233e+02,3.001360079888912e+02,3.000000000000000e+02,3.235924506554506e+02,3.000056400473472e+02,1,0.000000000000000e+00,0.000000000000000e+00
4.259999999999660e-06,284,2.577748785996698e-04,1.940263044180558e+01,1.000000000000000e+00,8.000000000000000e-01,2.000000000000000e-01,5.141222649596594e-06,-7.512982179781362e-05,1.666666666666667e+00,0.000000000000000e+00,2.999943335610810e+02,3.001352478131189e+02,3.000000000000000e+02,3.235872639793212e+02,3.000056401935005e+02,1,0.000000000000000e+00,0.000000000000000e+00
4.274999999999668e-06,285,2.577173152961578e-04,1.671469033943059e+01,1.000000000000000e+00,8.000000000000000e-01,2.000000000000000e-01,5.166222649596598e-06,-7.512982179781362e-05,1.666666666666667e+00,0.000000000000000e+00,2.999943218578111e+02,3.001344585328932e+02,3.000000000000000e+02,3.235819544282854e+02,3.000056403119549e+02,1,0.000000000000000e+00,0.000000000000000e+00
4.289999999999675e-06,286,2.576587588391362e-04,1.535306087298088e+01,1.000000000000000e+00,8.000000000000000e-01,2.000000000000000e-01,5.191222649596602e-06,-7.512982179781362e-05,1.666666666666667e+00,0.000000000000000e+00,2.999943101724077e+02,3.001336588233215e+02,3.000000000000000e+02,3.235765961741512e+02,3.000056404176581e+02,1,0.000000000000000e+00,0.000000000000000e+00
4.304999999999683e-06,287,2.575999424727483e-04,1.572622662262252e+01,1.000000000000000e+00,8.000000000000000e-01,2.000000000000000e-01,5.216222649596606e-06,-7.512982179781362e-05,1.666666666666667e+00,0.000000000000000e+00,2.999942985047659e+02,3.001328619384221e+02,3.000000000000000e+02,3.235712329247894e+02,3.000056405206028e+02,1,0.000000000000000e+00,0.000000000000000e+00
4.319999999999690e-06,288,2.575413719315612e-04,1.672176640446004e+01,1.000000000000000e+00,8.000000000000000e-01,2.000000000000000e-01,5.241222649596610e-06,-7.512982179781362e-05,1.666666666666667e+00,0.000000000000000e+00,2.999942868547824e+02,3.001320795230030e+02,3.000000000000000e+02,3.235659054659662e+02,3.000056406298046e+02,1,0.000000000000000e+00,0.000000000000000e+00
4.334999999999698e-06,289,2.574826813961880e-04,1.649103057916577e+01,1.000000000000000e+00,8.000000000000000e-01,2.000000000000000e-01,5.266222649596614e-06,-7.512982179781362e-05,1.666666666666667e+00,0.000000000000000e+00,2.999942752223545e+02,3.001313083446079e+02,3.000000000000000e+02,3.235605872184733e+02,3.000056407417154e+02,1,0.000000000000000e+00,0.000000000000000e+00
4.349999999999705e-06,290,2.574239042196011e-04,1.691187807257235e+01,1.000000000000000e+00,8.000000000000000e-01,2.000000000000000e-01,5.291222649596618e-06,-7.512982179781362e-05,1.666666666666667e+00,0.000000000000000e+00,2.999942636073806e+02,3.001305408172003e+02,3.000000000000000e+02,3.235552612536932e+02,3.000056408512290e+02,1,0.000000000000000e+00,0.000000000000000e+00
4.364999999999713e-06,291,2.573651962703462e-04,1.713428526147356e+01,1.000000000000000e+00,8.000000000000000e-01,2.000000000000000e-01,5.316222649596622e-06,-7.512982179781362e-05,1.666666666666667e+00,0.000000000000000e+00,2.999942520097602e+02,3.001297870234523e+02,3.000000000000000e+02,3.235499667760549e+02,3.000056409664373e+02,1,0.000000000000000e+00,0.000000000000000e+00
4.379999999999720e-06,292,2.573061534700030e-04,1.649453699810795e+01,1.000000000000000e+00,8.000000000000000e-01,2.000000000000000e-01,5.341222649596626e-06,-7.512982179781362e-05,1.666666666666667e+00,0.000000000000000e+00,2.999942404293937e+02,3.001290375124779e+02,3.000000000000000e+02,3.235446562175557e+02,3.000056410790393e+02,1,0.000000000000000e+00,0.000000000000000e+00
4.394999999999728e-06,293,2.572462801082923e-04,1.490858529842214e+01,1.000000000000000e+00,8.000000000000000e-01,2.000000000000000e-01,5.366222649596630e-06,-7.512982179781362e-05,1.666666666666667e+00,0.000000000000000e+00,2.999942288661828e+02,3.001282847250134e+02,3.000000000000000e+02,3.235393084204116e+02,3.000056411836046e+02,1,0.000000000000000e+00,0.000000000000000e+00
4.409999999999735e-06,294,2.571849795895820e-04,1.097778519395468e+01,1.000000000000000e+00,8.000000000000000e-01,2.000000000000000e-01,5.391222649596634e-06,-7.512982179781362e-05,1.666666666666667e+00,0.000000000000000e+00,2.999942173200296e+02,3.001275150414207e+02,3.000000000000000e+02,3.235338607235187e+02,3.000056412685003e+02,1,0.000000000000000e+00,0.000000000000000e+00
4.424999999999742e-06,295,2.571228261724516e-04,8.128182753775381e+00,1.000000000000000e+00,8.000000000000000e-01,2.000000000000000e-01,5.416222649596638e-06,-7.512982179781362e-05,1.666666666666667e+00,0.000000000000000e+00,2.999942057908380e+02,3.001267192630269e+02,3.000000000000000e+02,3.235283005213532e+02,3.000056413279788e+02,1,0.000000000000000e+00,0.000000000000000e+00
4.439999999999750e-06,296,2.570607443116100e-04,6.933401808057894e+00,1.000000000000000e+00,8.000000000000000e-01,2.000000000000000e-01,5.441222649596642e-06,-7.512982179781362e-05,1.666666666666667e+00,0.000000000000000e+00,2.999941942785119e+02,3.001259107614038e+02,3.000000000000000e+02,3.235226872116631e+02,3.000056413731812e+02,1,0.000000000000000e+00,0.000000000000000e+00
4.454999999999757e-06,297,2.569988442683455e-04,6.002382468238934e+00,1.000000000000000e+00,8.000000000000000e-01,2.000000000000000e-01,5.466222649596646e-06,-7.512982179781362e-05,1.666666666666667e+00,0.000000000000000e+00,2.999941827829569e+02,3.001250997772854e+02,3.000000000000000e+02,3.235170505130588e+02,3.000056414115220e+02,1,0.000000000000000e+00,0.000000000000000e+00
4.469999999999765e-06,298,2.569378118637353e-04,6.698514814711592e+00,1.000000000000000e+00,8.000000000000000e-01,2.000000000000000e-01,5.491222649596650e-06,-7.512982179781362e-05,1.666666666666667e+00,0.000000000000000e+00,2.999941713040790e+02,3.001242956787860e+02,3.000000000000000e+02,3.235114283684331e+02,3.000056414506026e+02,1,0.000000000000000e+00,0.000000000000000e+00
4.484999999999772e-06,299,2.568781919337534e-04,8.291382107778182e+00,1.000000000000000e+00,8.000000000000000e-01,2.000000000000000e-01,5.516222649596654e-06,-7.512982179781362e-05,1.666666666666667e+00,0.000000000000000e+00,2.999941598417853e+02,3.001235051343527e+02,3.000000000000000e+02,3.235058457906866e+02,3.000056414957364e+02,1,0.000000000000000e+00,0.000000000000000e+00
4.499999999999780e-06,300,2.568196178413022e-04,8.909371892306783e+00,1.000000000000000e+00,8.000000000000000e-01,2.000000000000000e-01,5.541222649596658e-06,-7.512982179781362e-05,1.666666666666667e+00,0.000000000000000e+00,2.999941483959842e+02,3.001227367663793e+02,3.000000000000000e+02,3.235003116413944e+02,3.000056415520838e+02,1,0.000000000000000e+00,0.000000000000000e+00
4.514999999999787e-06,301,2.567617644938205e-04,8.898272488023718e+00,1.000000000000000e+00,8.000000000000000e-01,2.000000000000000e-01,5.566222649596662e-06,-7.512982179781362e-05,1.666666666666667e+00,0.000000000000000e+00,2.999941369665844e+02,3.001219767314586e+02,3.000000000000000e+02,3.234947899617725e+02,3.000056416099688e+02,1,0.000000000000000e+00,0.000000000000000e+00
4.529999999999795e-06,302,2.567028931852456e-04,5.036637315959050e+00,1.000000000000000e+00,8.000000000000000e-01,2.000000000000000e-01,5.591222649596666e-06,-7.512982179781362e-05,1.666666666666667e+00,0.000000000000000e+00,2.999941255534955e+02,3.001212085893053e+02,3.000000000000000e+02,3.234891915818233e+02,3.000056416544123e+02,1,0.000000000000000e+00,0.000000000000000e+00
4.544999999999802e-06,303,2.566426414638928e-04,4.884796103739920e-01,1.000000000000000e+00,8.000000000000000e-01,2.000000000000000e-01,5.616222649596670e-06,-7.512982179781362e-05,1.666666666666667e+00,0.000000000000000e+00,2.999941141566283e+02,3.001204034449231e+02,3.000000000000000e+02,3.234834372780855e+02,3.000056416646631e+02,1,0.000000000000000e+00,0.000000000000000e+00
4.559999999999810e-06,304,2.565822627628504e-04,6.022919471522384e+00,1.000000000000000e+00,8.000000000000000e-01,2.000000000000000e-01,5.641222649596674e-06,-7.512982179781362e-05,1.666666666666667e+00,0.000000000000000e+00,2.999941027758944e+02,3.001196071771114e+02,3.000000000000000e+02,3.234777480312650e+02,3.000056416804182e+02,1,0.000000000000000e+00,0.000000000000000e+00
4.574999999999817e-06,305,2.565236443471891e-04,1.312276850445057e+01,1.000000000000000e+00,8.000000000000000e-01,2.000000000000000e-01,5.666222649596678e-06,-7.512982179781362e-05,1.666666666666667e+00,0.000000000000000e+00,2.999940914112061e+02,3.001188742185083e+02,3.000000000000000e+02,3.234722810874670e+02,3.000056417413546e+02,1,0.000000000000000e+00,0.000000000000000e+00
4.589999999999825e-06,306,2.564673509353522e-04,1.819304389412202e+01,1.000000000000000e+00,8.000000000000000e-01,2.000000000000000e-01,5.691222649596682e-06,-7.512982179781362e-05,1.666666666666667e+00,0.000000000000000e+00,2.999940800624766e+02,3.001182042596669e+02,3.000000000000000e+02,3.234670141401793e+02,3.000056418459553e+02,1,0.000000000000000e+00,0.000000000000000e+00
4.604999999999832e-06,307,2.564122187601454e-04,2.314546072400211e+01,1.000000000000000e+00,8.000000000000000e-01,2.000000000000000e-01,5.716222649596686e-06,-7.512982179781362e-05,1.666666666666667e+00,0.000000000000000e+00,2.999940687296202e+02,3.001175841863691e+02,3.000000000000000e+02,3.234619132486620e+02,3.000056419852978e+02,1,0.000000000000000e+00,0.000000000000000e+00
4.619999999999840e-06,308,2.563580893396978e-04,2.704055867213556e+01,1.000000000000000e+00,8.000000000000000e-01,2.000000000000000e-01,5.741222649596690e-06,-7.512982179781362e-05,1.666666666666667e+00,0.000000000000000e+00,2.999940574125515e+02,3.001170113472122e+02,3.000000000000000e+02,3.234569701996209e+02,3.000056421577282e+02,1,0.000000000000000e+00,0.000000000000000e+00
4.634999999999847e-06,309,2.563045808428752e-04,3.049341088384602e+01,1.000000000000000e+00,8.000000000000000e-01,2.000000000000000e-01,5.766222649596694e-06,-7.512982179781362e-05,1.666666666666667e+00,0.000000000000000e+00,2.999940461111860e+02,3.001164764380524e+02,3.000000000000000e+02,3.234521552639304e+02,3.000056423563029e+02,1,0.000000000000000e+00,0.000000000000000e+00
4.649999999999855e-06,310,2.562508782412801e-04,3.476717280496304e+01,1.000000000000000e+00,8.000000000000000e-01,2.000000000000000e-01,5.791222649596698e-06,-7.512982179781362e-05,1.666666666666667e+00,0.000000000000000e+00,2.999940348254404e+02,3.001159791954192e+02,3.000000000000000e+02,3.234474769309879e+02,3.000056425816674e+02,1,0.000000000000000e+00,0.000000000000000e+00
4.664999999999862e-06,311,2.561974662184863e-04,3.741803067786434e+01,1.000000000000000e+00,8.000000000000000e-01,2.000000000000000e-01,5.816222649596702e-06,-7.512982179781362e-05,1.666666666666667e+00,0.000000000000000e+00,2.999940235552316e+02,3.001155186330727e+02,3.000000000000000e+02,3.234429119077926e+02,3.000056428317620e+02,1,0.000000000000000e+00,0.000000000000000e+00
4.679999999999870e-06,312,2.561437998137235e-04,3.992132523780678e+01,1.000000000000000e+00,8.000000000000000e-01,2.000000000000000e-01,5.841222649596706e-06,-7.512982179781362e-05,1.666666666666667e+00,0.000000000000000e+00,2.999940123004780e+02,3.001150856209479e+02,3.000000000000000e+02,3.234384348468693e+02,3.000056431001688e+02,1,0.000000000000000e+00,0.000000000000000e+00
4.694999999999877e-06,313,2.560895556284960e-04,4.097224571682101e+01,1.000000000000000e+00,8.000000000000000e-01,2.000000000000000e-01,5.866222649596710e-06,-7.512982179781362e-05,1.666666666666667e+00,0.000000000000000e+00,2.999940010610980e+02,3.001146694093387e+02,3.000000000000000e+02,3.234340008500999e+02,3.000056433782558e+02,1,0.000000000000000e+00,0.000000000000000e+00
4.709999999999885e-06,314,2.560347624424817e-04,4.212989256219575e+01,1.000000000000000e+00,8.000000000000000e-01,2.000000000000000e-01,5.891222649596714e-06,-7.512982179781362e-05,1.666666666666667e+00,0.000000000000000e+00,2.999939898370113e+02,3.001142688092810e+02,3.000000000000000e+02,3.234296155116428e+02,3.000056436658235e+02,1,0.000000000000000e+00,0.000000000000000e+00
4.724999999999892e-06,315,2.559797723045773e-04,4.213493994803900e+01,1.000000000000000e+00,8.000000000000000e-01,2.000000000000000e-01,5.916222649596718e-06,-7.512982179781362e-05,1.666666666666667e+00,0.000000000000000e+00,2.999939786281379e+02,3.001138793468711e+02,3.000000000000000e+02,3.234252430090618e+02,3.000056439579458e+02,1,0.000000000000000e+00,0.000000000000000e+00
4.739999999999900e-06,316,2.559238513102806e-04,4.194492163620621e+01,1.000000000000000e+00,8.000000000000000e-01,2.000000000000000e-01,5.941222649596722e-06,-7.512982179781362e-05,1.666666666666667e+00,0.000000000000000e+00,2.999939674343988e+02,3.001134910529236e+02,3.000000000000000e+02,3.234208596530909e+02,3.000056442478000e+02,1,0.000000000000000e+00,0.000000000000000e+00
4.754999999999907e-06,317,2.558674647081551e-04,4.239850911321871e+01,1.000000000000000e+00,8.000000000000000e-01,2.000000000000000e-01,5.966222649596726e-06,-7.512982179781362e-05,1.666666666666667e+00,0.000000000000000e+00,2.999939562557158e+02,3.001131102637856e+02,3.000000000000000e+02,3.234164945236086e+02,3.000056445407853e+02,1,0.000000000000000e+00,0.000000000000000e+00
4.769999999999915e-06,318,2.558104994100065e-04,4.285412245148652e+01,1.000000000000000e+00,8.000000000000000e-01,2.000000000000000e-01,5.991222649596730e-06,-7.512982179781362e-05,1.666666666666667e+00,0.000000000000000e+00,2.999939450920111e+02,3.001127352754270e+02,3.000000000000000e+02,3.234121323050006e+02,3.000056448349601e+02,1,0.000000000000000e+00,0.000000000000000e+00
4.784999999999922e-06,319,2.557530475244643e-04,4.274498157126163e+01,1.000000000000000e+00,8.000000000000000e-01,2.000000000000000e-01,6.016222649596734e-06,-7.512982179781362e-05,1.666666666666667e+00,0.000000000000000e+00,2.999939339432079e+02,3.001123653649233e+02,3.000000000000000e+02,3.234077876554027e+02,3.000056451315556e+02,1,0.000000000000000e+00,0.000000000000000e+00
4.799999999999929e-06,320,2.556949050817955e-04,4.290503318815375e+01,1.000000000000000e+00,8.000000000000000e-01,2.000000000000000e-01,6.041222649596738e-06,-7.512982179781362e-05,1.666666666666667e+00,0.000000000000000e+00,2.999939228092303e+02,3.001119988942469e+02,3.000000000000000e+02,3.234034731151022e+02,3.000056454309125e+02,1,0.000000000000000e+00,0.000000000000000e+00
4.814999999999937e-06,321,2.556356991122740e-04,4.457852206520548e+01,1.000000000000000e+00,8.000000000000000e-01,2.000000000000000e-01,6.066222649596742e-06,-7.512982179781362e-05,1.666666666666667e+00,0.000000000000000e+00,2.999939116900023e+02,3.001116428784514e+02,3.000000000000000e+02,3.233992196953098e+02,3.000056457391560e+02,1,0.000000000000000e+00,0.000000000000000e+00
4.829999999999944e-06,322,2.555755785641146e-04,4.676349143476179e+01,1.000000000000000e+00,8.000000000000000e-01,2.000000000000000e-01,6.091222649596746e-06,-7.512982179781362e-05,1.666666666666667e+00,0.000000000000000e+00,2.999939005854494e+02,3.001113049868607e+02,3.000000000000000e+02,3.233950616603362e+02,3.000056460632501e+02,1,0.000000000000000e+00,0.000000000000000e+00
4.844999999999952e-06,323,2.555151486410350e-04,4.998795826085605e+01,1.000000000000000e+00,8.000000000000000e-01,2.000000000000000e-01,6.116222649596750e-06,-7.512982179781362e-05,1.666666666666667e+00,0.000000000000000e+00,2.999938894954974e+02,3.001109949807628e+02,3.000000000000000e+02,3.233910360291790e+02,3.000056464105290e+02,1,0.000000000000000e+00,0.000000000000000e+00
4.859999999999959e-06,324,2.554548095573972e-04,5.424609270241583e+01,1.000000000000000e+00,8.000000000000000e-01,2.000000000000000e-01,6.141222649596754e-06,-7.512982179781362e-05,1.666666666666667e+00,0.000000000000000e+00,2.999938784200726e+02,3.001107208484983e+02,3.000000000000000e+02,3.233871977834198e+02,3.000056467903618e+02,1,0.000000000000000e+00,0.000000000000000e+00
4.874999999999967e-06,325,2.553957520029322e-04,5.926620556561302e+01,1.000000000000000e+00,8.000000000000000e-01,2.000000000000000e-01,6.166222649596758e-06,-7.512982179781362e-05,1.666666666666667e+00,0.000000000000000e+00,2.999938673591022e+02,3.001104911865704e+02,3.000000000000000e+02,3.233836078215539e+02,3.000056472124715e+02,1,0.000000000000000e+00,0.000000000000000e+00
4.889999999999974e-06,326,2.553388880963165e-04,6.327767813753042e+01,1.000000000000000e+00,8.000000000000000e-01,2.000000000000000e-01,6.191222649596762e-06,-7.512982179781362e-05,1.666666666666667e+00,0.000000000000000e+00,2.999938563125141e+02,3.001103048924048e+02,3.000000000000000e+02,3.233803090663420e+02,3.000056476818591e+02,1,0.000000000000000e+00,0.000000000000000e+00
4.904999999999982e-06,327,2.552844467573295e-04,6.773755197920252e+01,1.000000000000000e+00,8.000000000000000e-01,2.000000000000000e-01,6.216222649596766e-06,-7.512982179781362e-05,1.666666666666667e+00,0.000000000000000e+00,2.999938452802367e+02,3.001101560794142e+02,3.000000000000000e+02,3.233773734401399e+02,3.000056482035108e+02,1,0.000000000000000e+00,0.000000000000000e+00
4.919999999999989e-06,328,2.552337588037755e-04,7.054722453223604e+01,1.000000000000000e+00,8.000000000000000e-01,2.000000000000000e-01,6.241222649596770e-06,-7.512982179781362e-05,1.666666666666667e+00,0.000000000000000e+00,2.999938342621988e+02,3.001100454082865e+02,3.000000000000000e+02,3.233749184646228e+02,3.000056487931102e+02,1,0.000000000000000e+00,0.000000000000000e+00
4.934999999999997e-06,329,2.551881940373214e-04,7.405095758476926e+01,1.000000000000000e+00,8.000000000000000e-01,2.000000000000000e-01,6.266222649596774e-06,-7.512982179781362e-05,1.666666666666667e+00,0.000000000000000e+00,2.999938232583306e+02,3.001099657465008e+02,3.000000000000000e+02,3.233731043985057e+02,3.000056494649186e+02,1,0.000000000000000e+00,0.000000000000000e+00
4.950000000000004e-06,330,2.551492156381464e-04,7.524656428488686e+01,1.000000000000000e+00,8.000000000000000e-01,2.000000000000000e-01,6.291222649596778e-06,-7.512982179781362e-05,1.666666666666667e+00,0.000000000000000e+00,2.999938122685620e+02,3.001099069651154e+02,3.000000000000000e+02,3.233721433801059e+02,3.000056502368070e+02,1,0.000000000000000e+00,0.000000000000000e+00
4.965000000000012e-06,331,2.551191874987551e-04,7.611815403760130e+01,1.000000000000000e+00,8.000000000000000e-01,2.000000000000000e-01,6.316222649596782e-06,-7.512982179781362e-05,1.666666666666667e+00,0.000000000000000e+00,2.999938012928241e+02,3.001098577244388e+02,3.000000000000000e+02,3.233723677020424e+02,3.000056511400030e+02,1,0.000000000000000e+00,0.000000000000000e+00
4.980000000000019e-06,332,2.551006709713802e-04,7.541201947945868e+01,1.000000000000000e+00,8.000000000000000e-01,2.000000000000000e-01,6.341222649596786e-06,-7.512982179781362e-05,1.666666666666667e+00,0.000000000000000e+00,2.999937903310483e+02,3.001098060010897e+02,3.000000000000000e+02,3.233741876796888e+02,3.000056522156199e+02,1,0.000000000000000e+00,0.000000000000000e+00
4.995000000000027e-06,333,2.550976718304713e-04,7.468669839677742e+01,1.000000000000000e+00,8.000000000000000e-01,2.000000000000000e-01,6.366222649596790e-06,-7.512982179781362e-05,1.666666666666667e+00,0.000000000000000e+00,2.999937793831664e+02,3.001097484673654e+02,3.000000000000000e+02,3.233781665605982e+02,3.000056535233745e+02,1,0.000000000000000e+00,0.000000000000000e+00
5.010000000000034e-06,334,2.551144733027688e-04,7.373698632587480e+01,1.000000000000000e+00,8.000000000000000e-01,2.000000000000000e-01,6.391222649596794e-06,-7.512982179781362e-05,1.666666666666667e+00,0.000000000000000e+00,2.999937684491117e+02,3.001096799139765e+02,3.000000000000000e+02,3.233849157239497e+02,3.000056551268643e+02,1,0.000000000000000e+00,0.000000000000000e+00
5.025000000000042e-06,335,2.551552695296788e-04,7.233278665942376e+01,1.000000000000000e+00,8.000000000000000e-01,2.000000000000000e-01,6.416222649596798e-06,-7.512982179781362e-05,1.666666666666667e+00,0.000000000000000e+00,2.999937575288171e+02,3.001095979506951e+02,3.000000000000000e+02,3.233950287626859e+02,3.000056570901070e+02,1,0.000000000000000e+00,0.000000000000000e+00
5.040000000000049e-06,336,2.552235777336261e-04,7.114834769713792e+01,1.000000000000000e+00,8.000000000000000e-01,2.000000000000000e-01,6.441222649596802e-06,-7.512982179781362e-05,1.666666666666667e+00,0.000000000000000e+00,2.999937466222166e+02,3.001095016981805e+02,3.000000000000000e+02,3.234089876276767e+02,3.000056594679158e+02,1,0.000000000000000e+00,0.000000000000000e+00
5.055000000000057e-06,337,2.553202463671059e-04,6.925428648098331e+01,1.000000000000000e+00,8.000000000000000e-01,2.000000000000000e-01,6.466222649596806e-06,-7.512982179781362e-05,1.666666666666667e+00,0.000000000000000e+00,2.999937357292444e+02,3.001093888679418e+02,3.000000000000000e+02,3.234269594093161e+02,3.000056622811484e+02,1,0.000000000000000e+00,0.000000000000000e+00
5.070000000000064e-06,338,2.554458735725310e-04,6.855725895257795e+01,1.000000000000000e+00,8.000000000000000e-01,2.000000000000000e-01,6.491222649596810e-06,-7.512982179781362e-05,1.666666666666667e+00,0.000000000000000e+00,2.999937248498352e+02,3.001092588204448e+02,3.000000000000000e+02,3.234491210097568e+02,3.000056655529858e+02,1,0.000000000000000e+00,0.000000000000000e+00
5.085000000000072e-06,339,2.556062997755689e-04,6.791180815965561e+01,1.000000000000000e+00,8.000000000000000e-01,2.000000000000000e-01,6.516222649596814e-06,-7.512982179781362e-05,1.666666666666667e+00,0.000000000000000e+00,2.999937139839251e+02,3.001091193927227e+02,3.000000000000000e+02,3.234763478724984e+02,3.000056693853375e+02,1,0.000000000000000e+00,0.000000000000000e+00
5.100000000000079e-06,340,2.558048969295855e-04,6.717998433623941e+01,1.000000000000000e+00,8.000000000000000e-01,2.000000000000000e-01,6.541222649596818e-06,-7.512982179781362e-05,1.666666666666667e+00,0.000000000000000e+00,2.999937031314499e+02,3.001089693589401e+02,3.000000000000000e+02,3.235090120985793e+02,3.000056738289539e+02,1,0.000000000000000e+00,0.000000000000000e+00
5.115000000000087e-06,341,2.560334009705534e-04,6.787176443505727e+01,1.000000000000000e+00,8.000000000000000e-01,2.000000000000000e-01,6.566222649596822e-06,-7.512982179781362e-05,1.666666666666667e+00,0.000000000000000e+00,2.999936922923460e+02,3.001088149460245e+02,3.000000000000000e+02,3.235459934680163e+02,3.000056787848198e+02,1,0.000000000000000e+00,0.000000000000000e+00
5.130000000000094e-06,342,2.562867870973032e-04,6.716035686982028e+01,1.000000000000000e+00,8.000000000000000e-01,2.000000000000000e-01,6.591222649596826e-06,-7.512982179781362e-05,1.666666666666667e+00,0.000000000000000e+00,2.999936814665509e+02,3.001086594948380e+02,3.000000000000000e+02,3.235864662317368e+02,3.000056841844560e+02,1,0.000000000000000e+00,0.000000000000000e+00
5.145000000000102e-06,343,2.565619675624030e-04,6.727911012341494e+01,1.000000000000000e+00,8.000000000000000e-01,2.000000000000000e-01,6.616222649596830e-06,-7.512982179781362e-05,1.666666666666667e+00,0.000000000000000e+00,2.999936706540019e+02,3.001084981117993e+02,3.000000000000000e+02,3.236300424311297e+02,3.000056900104873e+02,1,0.000000000000000e+00,0.000000000000000e+00
5.160000000000109e-06,344,2.568581164536382e-04,6.665354210632736e+01,1.000000000000000e+00,8.000000000000000e-01,2.000000000000000e-01,6.641222649596834e-06,-7.512982179781362e-05,1.666666666666667e+00,0.000000000000000e+00,2.999936598546373e+02,3.001083348585336e+02,3.000000000000000e+02,3.236764906050651e+02,3.000056962765527e+02,1,0.000000000000000e+00,0.000000000000000e+00
5.175000000000116e-06,345,2.571738161145430e-04,6.719306795571261e+01,1.000000000000000e+00,8.000000000000000e-01,2.000000000000000e-01,6.666222649596838e-06,-7.512982179781362e-05,1.666666666666667e+00,0.000000000000000e+00,2.999936490683956e+02,3.001081704787064e+02,3.000000000000000e+02,3.237254734299995e+02,3.000057029950808e+02,1,0.000000000000000e+00,0.000000000000000e+00
5.190000000000124e-06,346,2.575075858493113e-04,6.755193077367645e+01,1.000000000000000e+00,8.000000000000000e-01,2.000000000000000e-01,6.691222649596842e-06,-7.512982179781362e-05,1.666666666666667e+00,0.000000000000000e+00,2.999936382952163e+02,3.001080113278812e+02,3.000000000000000e+02,3.237764591605629e+02,3.000057101723212e+02,1,0.000000000000000e+00,0.000000000000000e+00
5.205000000000131e-06,347,2.578592046675755e-04,6.814857018665791e+01,1.000000000000000e+00,8.000000000000000e-01,2.000000000000000e-01,6.716222649596846e-06,-7.512982179781362e-05,1.666666666666667e+00,0.000000000000000e+00,2.999936275350387e+02,3.001078595559022e+02,3.000000000000000e+02,3.238290505152178e+02,3.000057178507121e+02,1,0.000000000000000e+00,0.000000000000000e+00
5.220000000000139e-06,348,2.582317981392466e-04,6.982642452808219e+01,1.000000000000000e+00,8.000000000000000e-01,2.000000000000000e-01,6.741222649596850e-06,-7.512982179781362e-05,1.666666666666667e+00,0.000000000000000e+00,2.999936167878034e+02,3.001077203405293e+02,3.000000000000000e+02,3.238830287231807e+02,3.000057261291099e+02,1,0.000000000000000e+00,0.000000000000000e+00
5.235000000000146e-06,349,2.586357872954156e-04,7.323148321262653e+01,1.000000000000000e+00,8.000000000000000e-01,2.000000000000000e-01,6.766222649596854e-06,-7.512982179781362e-05,1.666666666666667e+00,0.000000000000000e+00,2.999936060534509e+02,3.001076026964186e+02,3.000000000000000e+02,3.239386698729081e+02,3.000057352336804e+02,1,0.000000000000000e+00,0.000000000000000e+00
5.250000000000154e-06,350,2.590898326332475e-04,7.698004219554156e+01,1.000000000000000e+00,8.000000000000000e-01,2.000000000000000e-01,6.791222649596858e-06,-7.512982179781362e-05,1.666666666666667e+00,0.000000000000000e+00,2.999935953319222e+02,3.001075138541822e+02,3.000000000000000e+02,3.239965173180450e+02,3.000057455299300e+02,1,0.000000000000000e+00,0.000000000000000e+00
5.265000000000161e-06,351,2.596245580234138e-04,8.118146544518521e+01,1.000000000000000e+00,8.000000000000000e-01,2.000000000000000e-01,6.816222649596862e-06,-7.512982179781362e-05,1.666666666666667e+00,0.000000000000000e+00,2.999935846231590e+02,3.001074568821227e+02,3.000000000000000e+02,3.240575837523089e+02,3.000057576040550e+02,1,0.000000000000000e+00,0.000000000000000e+00
5.280000000000169e-06,352,2.647801719528507e-04,9.077116866733931e+01,1.000000000000000e+00,8.000000000000000e-01,2.000000000000000e-01,6.841222649596866e-06,-7.512982179781362e-05,1.666666666666667e+00,0.000000000000000e+00,2.999935739271035e+02,3.001074380365253e+02,3.000000000000000e+02,3.241236640887368e+02,3.000057726907513e+02,1,0.000000000000000e+00,0.000000000000000e+00
5.295000000000176e-06,353,2.656311991466177e-04,9.594337808409568e+01,1.000000000000000e+00,8.000000000000000e-01,2.000000000000000e-01,6.866222649596870e-06,-7.512982179781362e-05,1.666666666666667e+00,0.000000000000000e+00,2.999935632436984e+02,3.001074499811256e+02,3.000000000000000e+02,3.241942208154156e+02,3.000057909854725e+02,1,0.000000000000000e+00,0.000000000000000e+00
5.310000000000184e-06,354,2.665593750153484e-04,1.090540877188498e+02,1.000000000000000e+00,8.000000000000000e-01,2.000000000000000e-01,6.891222649596874e-06,-7.512982179781362e-05,1.666666666666667e+00,0.000000000000000e+00,2.999935525728863e+02,3.001074763928178e+02,3.000000000000000e+02,3.242647170850805e+02,3.000058109498576e+02,1,0.000000000000000e+00,0.000000000000000e+00
5.325000000000191e-06,355,2.675402988986064e-04,1.133450785468568e+02,1.000000000000000e+00,8.000000000000000e-01,2.000000000000000e-01,6.916222649596878e-06,-7.512982179781362e-05,1.666666666666667e+00,0.000000000000000e+00,2.999935419146111e+02,3.001075414868279e+02,3.000000000000000e+02,3.243346227759021e+02,3.000058322679417e+02,1,0.000000000000000e+00,0.000000000000000e+00
5.340000000000199e-06,356,2.685745230302499e-04,1.150128889414361e+02,1.000000000000000e+00,8.000000000000000e-01,2.000000000000000e-01,6.941222649596882e-06,-7.512982179781362e-05,1.666666666666667e+00,0.000000000000000e+00,2.999935312688166e+02,3.001076277763288e+02,3.000000000000000e+02,3.244055012809560e+02,3.000058550860900e+02,1,0.000000000000000e+00,0.000000000000000e+00
5.355000000000206e-06,357,2.696670668097949e-04,1.155390503569803e+02,1.000000000000000e+00,8.000000000000000e-01,2.000000000000000e-01,6.966222649596886e-06,-7.512982179781362e-05,1.666666666666667e+00,0.000000000000000e+00,2.999935206354473e+02,3.001077290282366e+02,3.000000000000000e+02,3.244784769451829e+02,3.000058796096728e+02,1,0.000000000000000e+00,0.000000000000000e+00
5.370000000000214e-06,358,2.708225451763920e-04,1.165335691866308e+02,1.000000000000000e+00,8.000000000000000e-01,2.000000000000000e-01,6.991222649596890e-06,-7.512982179781362e-05,1.666666666666667e+00,0.000000000000000e+00,2.999935100144480e+02,3.001078406369927e+02,3.000000000000000e+02,3.245543698380608e+02,3.000059060946025e+02,1,0.000000000000000e+00,0.000000000000000e+00
5.385000000000221e-06,359,2.720443335150193e-04,1.161449376205509e+02,1.000000000000000e+00,8.000000000000000e-01,2.000000000000000e-01,7.016222649596894e-06,-7.512982179781362e-05,1.666666666666667e+00,0.000000000000000e+00,2.999934994057640e+02,3.001079630091693e+02,3.000000000000000e+02,3.246336227064162e+02,3.000059348162569e+02,1,0.000000000000000e+00,0.000000000000000e+00
5.400000000000229e-06,360,2.733322954398793e-04,1.165647825247905e+02,1.000000000000000e+00,8.000000000000000e-01,2.000000000000000e-01,7.041222649596898e-06,-7.512982179781362e-05,1.666666666666667e+00,0.000000000000000e+00,2.999934888093409e+02,3.001080926597580e+02,3.000000000000000e+02,3.247163964112709e+02,3.000059660187341e+02,1,0.000000000000000e+00,0.000000000000000e+00
5.415000000000236e-06,361,2.746822984941437e-04,1.157331725198989e+02,1.000000000000000e+00,8.000000000000000e-01,2.000000000000000e-01,7.066222649596902e-06,-7.512982179781362e-05,1.666666666666667e+00,0.000000000000000e+00,2.999934782251247e+02,3.001082057791758e+02,3.000000000000000e+02,3.248031200694753e+02,3.000060000784082e+02,1,0.000000000000000e+00,0.000000000000000e+00
5.430000000000244e-06,362,2.760904456057604e-04,1.178582573144264e+02,1.000000000000000e+00,8.000000000000000e-01,2.000000000000000e-01,7.091222649596906e-06,-7.512982179781362e-05,1.666666666666667e+00,0.000000000000000e+00,2.999934676530623e+02,3.001083200720040e+02,3.000000000000000e+02,3.248939498653486e+02,3.000060367908072e+02,1,0.000000000000000e+00,0.000000000000000e+00
5.445000000000251e-06,363,2.775559623968007e-04,1.198514134561324e+02,1.000000000000000e+00,8.000000000000000e-01,2.000000000000000e-01,7.116222649596910e-06,-7.512982179781362e-05,1.666666666666667e+00,0.000000000000000e+00,2.999934570931004e+02,3.001084484052086e+02,3.000000000000000e+02,3.249884127050919e+02,3.000060761828229e+02,1,0.000000000000000e+00,0.000000000000000e+00
5.460000000000259e-06,364,2.790719305128846e-04,1.235407453592165e+02,1.000000000000000e+00,8.000000000000000e-01,2.000000000000000e-01,7.141222649596914e-06,-7.512982179781362e-05,1.666666666666667e+00,0.000000000000000e+00,2.999934465451866e+02,3.001085944643491e+02,3.000000000000000e+02,3.250858244946544e+02,3.000061179631923e+02,1,0.000000000000000e+00,0.000000000000000e+00
5.475000000000266e-06,365,2.806316246363742e-04,1.252856589808484e+02,1.000000000000000e+00,8.000000000000000e-01,2.000000000000000e-01,7.166222649596918e-06,-7.512982179781362e-05,1.666666666666667e+00,0.000000000000000e+00,2.999934360092685e+02,3.001087638864088e+02,3.000000000000000e+02,3.251855142984460e+02,3.000061617172145e+02,1,0.000000000000000e+00,0.000000000000000e+00
5.490000000000274e-06,366,2.822311548414732e-04,1.280933296651055e+02,1.000000000000000e+00,8.000000000000000e-01,2.000000000000000e-01,7.191222649596922e-06,-7.512982179781362e-05,1.666666666666667e+00,0.000000000000000e+00,2.999934254852944e+02,3.001089570912384e+02,3.000000000000000e+02,3.252871602457756e+02,3.000062072070586e+02,1,0.000000000000000e+00,0.000000000000000e+00
5.505000000000281e-06,367,2.838626822348308e-04,1.291897707546499e+02,1.000000000000000e+00,8.000000000000000e-01,2.000000000000000e-01,7.216222649596926e-06,-7.512982179781362e-05,1.666666666666667e+00,0.000000000000000e+00,2.999934149732126e+02,3.001091654746199e+02,3.000000000000000e+02,3.253900931916644e+02,3.000062540936535e+02,1,0.000000000000000e+00,0.000000000000000e+00
5.520000000000289e-06,368,2.855296919108020e-04,1.281805145144192e+02,1.000000000000000e+00,8.000000000000000e-01,2.000000000000000e-01,7.241222649596930e-06,-7.512982179781362e-05,1.666666666666667e+00,0.000000000000000e+00,2.999934044729727e+02,3.001093719168744e+02,3.000000000000000e+02,3.254940963553986e+02,3.000063024146241e+02,1,0.000000000000000e+00,0.000000000000000e+00
5.535000000000296e-06,369,2.872635330515062e-04,1.279310009825968e+02,1.000000000000000e+00,8.000000000000000e-01,2.000000000000000e-01,7.266222649596934e-06,-7.512982179781362e-05,1.666666666666667e+00,0.000000000000000e+00,2.999933939845237e+02,3.001095842765703e+02,3.000000000000000e+02,3.255996648453259e+02,3.000063527796869e+02,1,0.000000000000000e+00,0.000000000000000e+00
5.550000000000303e-06,370,2.891158604577906e-04,1.279382395245909e+02,1.000000000000000e+00,8.000000000000000e-01,2.000000000000000e-01,7.291222649596938e-06,-7.512982179781362e-05,1.666666666666667e+00,0.000000000000000e+00,2.999933835078154e+02,3.001098036760011e+02,3.000000000000000e+02,3.257066516866561e+02,3.000064060718638e+02,1,0.000000000000000e+00,0.000000000000000e+00
5.565000000000311e-06,371,2.911720985074014e-04,1.285517108448967e+02,1.000000000000000e+00,8.000000000000000e-01,2.000000000000000e-01,7.316222649596942e-06,-7.512982179781362e-05,1.666666666666667e+00,0.000000000000000e+00,2.999933730427980e+02,3.001100487829536e+02,3.000000000000000e+02,3.258145694877313e+02,3.000064636026912e+02,1,0.000000000000000e+00,0.000000000000000e+00
5.580000000000318e-06,372,2.934646805960431e-04,1.313897340865391e+02,1.000000000000000e+00,8.000000000000000e-01,2.000000000000000e-01,7.341222649596946e-06,-7.512982179781362e-05,1.666666666666667e+00,0.000000000000000e+00,2.999933625894220e+02,3.001103378575695e+02,3.000000000000000e+02,3.259228494946287e+02,3.000065259893611e+02,1,0.000000000000000e+00,0.000000000000000e+00
5.595000000000326e-06,373,2.959757266385675e-04,1.324499200234318e+02,1.000000000000000e+00,8.000000000000000e-01,2.000000000000000e-01,7.366222649596950e-06,-7.512982179781362e-05,1.666666666666667e+00,0.000000000000000e+00,2.999933521476383e+02,3.001106740829134e+02,3.000000000000000e+02,3.260307098364567e+02,3.000065929830177e+02,1,0.000000000000000e+00,0.000000000000000e+00
5.610000000000333e-06,374,2.986619061892075e-04,1.319540367156812e+02,1.000000000000000e+00,8.000000000000000e-01,2.000000000000000e-01,7.391222649596954e-06,-7.512982179781362e-05,1.666666666666667e+00,0.000000000000000e+00,2.999933417173983e+02,3.001110435200388e+02,3.000000000000000e+02,3.261379072893287e+02,3.000066639829223e+02,1,0.000000000000000e+00,0.000000000000000e+00
5.625000000000341e-06,375,3.014776541911870e-04,1.320107487084072e+02,1.000000000000000e+00,8.000000000000000e-01,2.000000000000000e-01,7.416222649596958e-06,-7.512982179781362e-05,1.666666666666667e+00,0.000000000000000e+00,2.999933312986535e+02,3.001114362036269e+02,3.000000000000000e+02,3.262443632681854e+02,3.000067382519502e+02,1,0.000000000000000e+00,0.000000000000000e+00
5.640000000000348e-06,376,3.043820447928219e-04,1.323841710092824e+02,1.000000000000000e+00,8.000000000000000e-01,2.000000000000000e-01,7.441222649596962e-06,-7.512982179781362e-05,1.666666666666667e+00,0.000000000000000e+00,2.999933208913558e+02,3.001118467029672e+02,3.000000000000000e+02,3.263497294170122e+02,3.000068149890150e+02,1,0.000000000000000e+00,0.000000000000000e+00
5.655000000000356e-06,377,3.073487142947298e-04,1.320843091218656e+02,1.000000000000000e+00,8.000000000000000e-01,2.000000000000000e-01,7.466222649596966e-06,-7.512982179781362e-05,1.666666666666667e+00,0.000000000000000e+00,2.999933104954579e+02,3.001122690847602e+02,3.000000000000000e+02,3.264539768776302e+02,3.000068936640292e+02,1,0.000000000000000e+00,0.000000000000000e+00
5.670000000000363e-06,378,3.103597965485657e-04,1.332382145749991e+02,1.000000000000000e+00,8.000000000000000e-01,2.000000000000000e-01,7.491222649596970e-06,-7.512982179781362e-05,1.666666666666667e+00,0.000000000000000e+00,2.999933001109124e+02,3.001127095332108e+02,3.000000000000000e+02,3.265569925763396e+02,3.000069738542887e+02,1,0.000000000000000e+00,0.000000000000000e+00
5.685000000000371e-06,379,3.134140074661000e-04,1.328496218147024e+02,1.000000000000000e+00,8.000000000000000e-01,2.000000000000000e-01,7.516222649596974e-06,-7.512982179781362e-05,1.666666666666667e+00,0.000000000000000e+00,2.999932897376723e+02,3.001131473673754e+02,3.000000000000000e+02,3.266590638060723e+02,3.000070556417168e+02,1,0.000000000000000e+00,0.000000000000000e+00
5.700000000000378e-06,380,3.165147996523429e-04,1.328228580155217e+02,1.000000000000000e+00,8.000000000000000e-01,2.000000000000000e-01,7.541222649596978e-06,-7.512982179781362e-05,1.666666666666667e+00,0.000000000000000e+00,2.999932793756909e+02,3.001135982417546e+02,3.000000000000000e+02,3.267607924606673e+02,3.000071391006159e+02,1,0.000000000000000e+00,0.000000000000000e+00
5.715000000000386e-06,381,3.196561231340084e-04,1.332674675759412e+02,1.000000000000000e+00,8.000000000000000e-01,2.000000000000000e-01,7.566222649596982e-06,-7.512982179781362e-05,1.666666666666667e+00,0.000000000000000e+00,2.999932690249224e+02,3.001140458981045e+02,3.000000000000000e+02,3.268622804296181e+02,3.000072241903334e+02,1,0.000000000000000e+00,0.000000000000000e+00
5.730000000000393e-06,382,3.228174920479109e-04,1.321084069674354e+02,1.000000000000000e+00,8.000000000000000e-01,2.000000000000000e-01,7.591222649596986e-06,-7.512982179781362e-05,1.666666666666667e+00,0.000000000000000e+00,2.999932586853205e+02,3.001144998120938e+02,3.000000000000000e+02,3.269631404455961e+02,3.000073105008090e+02,1,0.000000000000000e+00,0.000000000000000e+00
5.745000000000401e-06,383,3.259758602201350e-04,1.302359967652632e+02,1.000000000000000e+00,8.000000000000000e-01,2.000000000000000e-01,7.616222649596990e-06,-7.512982179781362e-05,1.666666666666667e+00,0.000000000000000e+00,2.999932483568395e+02,3.001149479756141e+02,3.000000000000000e+02,3.270623977471333e+02,3.000073974710365e+02,1,0.000000000000000e+00,0.000000000000000e+00
5.760000000000408e-06,384,3.291236734357340e-04,1.292819571297605e+02,1.000000000000000e+00,8.000000000000000e-01,2.000000000000000e-01,7.641222649596993e-06,-7.512982179781362e-05,1.666666666666667e+00,0.000000000000000e+00,2.999932380394347e+02,3.001153868632768e+02,3.000000000000000e+02,3.271597566767381e+02,3.000074851357344e+02,1,0.000000000000000e+00,0.000000000000000e+00
5.775000000000416e-06,385,3.322673828170596e-04,1.289424013307698e+02,1.000000000000000e+00,8.000000000000000e-01,2.000000000000000e-01,7.666222649596997e-06,-7.512982179781362e-05,1.666666666666667e+00,0.000000000000000e+00,2.999932277330611e+02,3.001158137419247e+02,3.000000000000000e+02,3.272553462423329e+02,3.000075739912812e+02,1,0.000000000000000e+00,0.000000000000000e+00
5.790000000000423e-06,386,3.354190739106928e-04,1.277930192215577e+02,1.000000000000000e+00,8.000000000000000e-01,2.000000000000000e-01,7.691222649597001e-06,-7.512982179781362e-05,1.666666666666667e+00,0.000000000000000e+00,2.999932174376738e+02,3.001162291136732e+02,3.000000000000000e+02,3.273493553481868e+02,3.000076646627987e+02,1,0.000000000000000e+00,0.000000000000000e+00
5.805000000000431e-06,387,3.385963821279818e-04,1.269885845773416e+02,1.000000000000000e+00,8.000000000000000e-01,2.000000000000000e-01,7.716222649597005e-06,-7.512982179781362e-05,1.666666666666667e+00,0.000000000000000e+00,2.999932071532288e+02,3.001166337056169e+02,3.000000000000000e+02,3.274422193872106e+02,3.000077577045811e+02,1,0.000000000000000e+00,0.000000000000000e+00
5.820000000000438e-06,388,3.418133221838964e-04,1.272669740413717e+02,1.000000000000000e+00,8.000000000000000e-01,2.000000000000000e-01,7.741222649597009e-06,-7.512982179781362e-05,1.666666666666667e+00,0.000000000000000e+00,2.999931968796820e+02,3.001170387936679e+02,3.000000000000000e+02,3.275343977644392e+02,3.000078534852464e+02,1,0.000000000000000e+00,0.000000000000000e+00
5.835000000000446e-06,389,3.450815423826062e-04,1.294613694346750e+02,1.000000000000000e+00,8.000000000000000e-01,2.000000000000000e-01,7.766222649597013e-06,-7.512982179781362e-05,1.666666666666667e+00,0.000000000000000e+00,2.999931866169900e+02,3.001174525675461e+02,3.000000000000000e+02,3.276261386694772e+02,3.000079523692250e+02,1,0.000000000000000e+00,0.000000000000000e+00
5.850000000000453e-06,390,3.484206023084424e-04,1.321364033266689e+02,1.000000000000000e+00,8.000000000000000e-01,2.000000000000000e-01,7.791222649597017e-06,-7.512982179781362e-05,1.666666666666667e+00,0.000000000000000e+00,2.999931763651093e+02,3.001178761631150e+02,3.000000000000000e+02,3.277180335340504e+02,3.000080550091283e+02,1,0.000000000000000e+00,0.000000000000000e+00
5.865000000000461e-06,391,3.518533012676176e-04,1.377593656335525e+02,1.000000000000000e+00,8.000000000000000e-01,2.000000000000000e-01,7.816222649597021e-06,-7.512982179781362e-05,1.666666666666667e+00,0.000000000000000e+00,2.999931661239968e+02,3.001183327559672e+02,3.000000000000000e+02,3.278107037346024e+02,3.000081620489065e+02,1,0.000000000000000e+00,0.000000000000000e+00
5.880000000000468e-06,392,3.554081089943293e-04,1.461407483367818e+02,1.000000000000000e+00,8.000000000000000e-01,2.000000000000000e-01,7.841222649597025e-06,-7.512982179781362e-05,1.666666666666667e+00,0.000000000000000e+00,2.999931558936100e+02,3.001188759378317e+02,3.000000000000000e+02,3.279040932661827e+02,3.000082741582482e+02,1,0.000000000000000e+00,0.000000000000000e+00
5.895000000000475e-06,393,3.591249999479567e-04,1.564864307157665e+02,1.000000000000000e+00,8.000000000000000e-01,2.000000000000000e-01,7.866222649597029e-06,-7.512982179781362e-05,1.666666666666667e+00,0.000000000000000e+00,2.999931456739066e+02,3.001195229186151e+02,3.000000000000000e+02,3.279983580906494e+02,3.000083920052152e+02,1,0.000000000000000e+00,0.000000000000000e+00
5.910000000000483e-06,394,3.629851914923854e-04,1.640920293703659e+02,1.000000000000000e+00,8.000000000000000e-01,2.000000000000000e-01,7.891222649597033e-06,-7.512982179781362e-05,1.666666666666667e+00,0.000000000000000e+00,2.999931354648446e+02,3.001202527985919e+02,3.000000000000000e+02,3.280937648463903e+02,3.000085152316025e+02,1,0.000000000000000e+00,0.000000000000000e+00
5.925000000000490e-06,395,3.669874023044668e-04,1.731331797608704e+02,1.000000000000000e+00,8.000000000000000e-01,2.000000000000000e-01,7.916222649597037e-06,-7.512982179781362e-05,1.666666666666667e+00,0.000000000000000e+00,2.999931252663820e+02,3.001210674097013e+02,3.000000000000000e+02,3.281905097687920e+02,3.000086439859862e+02,1,0.000000000000000e+00,0.000000000000000e+00
5.940000000000498e-06,396,3.711167994210417e-04,1.786111032588211e+02,1.000000000000000e+00,8.000000000000000e-01,2.000000000000000e-01,7.941222649597041e-06,-7.512982179781362e-05,1.666666666666667e+00,0.000000000000000e+00,2.999931150784773e+02,3.001219638100058e+02,3.000000000000000e+02,3.282885384995645e+02,3.000087778706732e+02,1,0.000000000000000e+00,0.000000000000000e+00
5.955000000000505e-06,397,3.753820718439837e-04,1.847250165716374e+02,1.000000000000000e+00,8.000000000000000e-01,2.000000000000000e-01,7.966222649597045e-06,-7.512982179781362e-05,1.666666666666667e+00,0.000000000000000e+00,2.999931049010894e+02,3.001229225193737e+02,3.000000000000000e+02,3.283880999337075e+02,3.000089172375480e+02,1,0.000000000000000e+00,0.000000000000000e+00
5.970000000000513e-06,398,3.797966843937742e-04,1.906589396510388e+02,1.000000000000000e+00,8.000000000000000e-01,2.000000000000000e-01,7.991222649597049e-06,-7.512982179781362e-05,1.666666666666667e+00,0.000000000000000e+00,2.999930947341774e+02,3.001239465833027e+02,3.000000000000000e+02,3.284896285097104e+02,3.000090626283676e+02,1,0.000000000000000e+00,0.000000000000000e+00
5.985000000000520e-06,399,3.843755624761910e-04,1.990935208332594e+02,1.000000000000000e+00,8.000000000000000e-01,2.000000000000000e-01,8.016222649597053e-06,-7.512982179781362e-05,1.666666666666667e+00,0.000000000000000e+00,2.999930845777005e+02,3.001250339782170e+02,3.000000000000000e+02,3.285932456737783e+02,3.000092146461535e+02,1,0.000000000000000e+00,0.000000000000000e+00
