time,step,P_cond_W,P_fric_W,scale,frac_wp,frac_tool,tool_pos_x,tool_pos_y,tool_vel_x,tool_vel_y,tool_Tmin,tool_Tmax,wp_Tmin,wp_Tmax,wp_Tavg,contact_iters,rel_force,rel_power
0.000000000000000e+00,0,0.000000000000000e+00,0.000000000000000e+00,1.000000000000000e+00,0.000000000000000e+00,0.000000000000000e+00,-1.958777350403768e-06,-7.512982179781362e-05,1.666666666666667e+00,0.000000000000000e+00,3.000000000000000e+02,3.000000000000000e+02,3.000000000000000e+02,3.000000000000000e+02,3.000000000000000e+02,0,0.000000000000000e+00,0.000000000000000e+00
4.999999999999994e-08,1,4.662401346107296e-08,3.819768629881111e+01,1.000000000000000e+00,8.000000000000000e-01,2.000000000000000e-01,-1.875444017070429e-06,-7.512982179781362e-05,1.666666666666667e+00,0.000000000000000e+00,2.981500000000000e+02,3.000019010779190e+02,3.000000000000000e+02,3.000081894651172e+02,3.000000017878569e+02,1,0.000000000000000e+00,0.000000000000000e+00
9.999999999999973e-08,2,8.894374296421687e-08,2.463888473482211e+01,1.000000000000000e+00,8.000000000000000e-01,2.000000000000000e-01,-1.792110683737104e-06,-7.512982179781362e-05,1.666666666666667e+00,0.000000000000000e+00,2.981500000000000e+02,3.000034693292913e+02,3.000000000000000e+02,3.000154875231898e+02,3.000000033833842e+02,1,0.000000000000000e+00,0.000000000000000e+00
1.500000000000003e-07,3,1.131451802423208e-07,1.503634763249392e+01,1.000000000000000e+00,8.000000000000000e-01,2.000000000000000e-01,-1.708777350403779e-06,-7.512982179781362e-05,1.666666666666667e+00,0.000000000000000e+00,2.981500000000000e+02,3.000041252925183e+02,3.000000000000000e+02,3.000194848905530e+02,3.000000042601473e+02,1,0.000000000000000e+00,0.000000000000000e+00
2.000000000000014e-07,4,1.307481208652806e-07,1.280775345661071e+01,1.000000000000000e+00,8.000000000000000e-01,2.000000000000000e-01,-1.625444017070453e-06,-7.512982179781362e-05,1.666666666666667e+00,0.000000000000000e+00,2.981500000000000e+02,3.000044470472317e+02,3.000000000000000e+02,3.000222828953141e+02,3.000000048760655e+02,1,0.000000000000000e+00,0.000000000000000e+00
2.500000000000019e-07,5,1.535814668141670e-07,2.041667546966900e+01,1.000000000000000e+00,8.000000000000000e-01,2.000000000000000e-01,-1.542110683737128e-06,-7.512982179781362e-05,1.666666666666667e+00,0.000000000000000e+00,2.981500000000000e+02,3.000049980970178e+02,3.000000000000000e+02,3.000260220750023e+02,3.000000056981423e+02,1,0.000000000000000e+00,0.000000000000000e+00
3.000000000000004e-07,6,1.838948305809224e-07,2.287608475494970e+01,1.000000000000000e+00,8.000000000000000e-01,2.000000000000000e-01,-1.458777350403802e-06,-7.512982179781362e-05,1.666666666666667e+00,0.000000000000000e+00,2.981500000000000e+02,3.000058609552662e+02,3.000000000000000e+02,3.000310820472166e+02,3.000000068095691e+02,1,0.000000000000000e+00,0.000000000000000e+00
3.499999999999989e-07,7,2.132285215700285e-07,1.931229740472926e+01,1.000000000000000e+00,8.000000000000000e-01,2.000000000000000e-01,-1.375444017070477e-06,-7.512982179781362e-05,1.666666666666667e+00,0.000000000000000e+00,2.981500000000000e+02,3.000066268054179e+02,3.000000000000000e+02,3.000359287446358e+02,3.000000078757664e+02,1,0.000000000000000e+00,0.000000000000000e+00
3.999999999999973e-07,8,2.362880694574087e-07,1.430347605784927e+01,1.000000000000000e+00,8.000000000000000e-01,2.000000000000000e-01,-1.292110683737151e-06,-7.512982179781362e-05,1.666666666666667e+00,0.000000000000000e+00,2.981500000000000e+02,3.000070579026784e+02,3.000000000000000e+02,3.000396165427321e+02,3.000000086902046e+02,1,0.000000000000000e+00,0.000000000000000e+00
4.499999999999958e-07,9,2.570017847788485e-07,1.606256454215322e+01,1.000000000000000e+00,8.000000000000000e-01,2.000000000000000e-01,-1.208777350403826e-06,-7.512982179781362e-05,1.666666666666667e+00,0.000000000000000e+00,2.981500000000000e+02,3.000073627106285e+02,3.000000000000000e+02,3.000428751850014e+02,3.000000094118649e+02,1,0.000000000000000e+00,0.000000000000000e+00
4.999999999999967e-07,10,2.815302037806744e-07,1.931739720797678e+01,1.000000000000000e+00,8.000000000000000e-01,2.000000000000000e-01,-1.125444017070500e-06,-7.512982179781362e-05,1.666666666666667e+00,0.000000000000000e+00,2.981500000000000e+02,3.000078359603710e+02,3.000000000000000e+02,3.000468192774414e+02,3.000000102840136e+02,1,0.000000000000000e+00,0.000000000000000e+00
5.500000000000005e-07,11,3.099511098565969e-07,2.242444515703974e+01,1.000000000000000e+00,8.000000000000000e-01,2.000000000000000e-01,-1.042110683737175e-06,-7.512982179781362e-05,1.666666666666667e+00,0.000000000000000e+00,2.981500000000000e+02,3.000084682857311e+02,3.000000000000000e+02,3.000514549001400e+02,3.000000113081608e+02,1,0.000000000000000e+00,0.000000000000000e+00
6.000000000000042e-07,12,3.458434802027066e-07,2.219651306725515e+01,1.000000000000000e+00,8.000000000000000e-01,2.000000000000000e-01,-9.587773504038493e-07,-7.512982179781362e-05,1.666666666666667e+00,0.000000000000000e+00,2.981500000000000e+02,3.000091846631419e+02,3.000000000000000e+02,3.000572610277943e+02,3.000000125890302e+02,1,0.000000000000000e+00,0.000000000000000e+00
6.500000000000080e-07,13,4.566270220452953e-07,1.997399532609931e+01,1.000000000000000e+00,8.000000000000000e-01,2.000000000000000e-01,-8.754440170705138e-07,-7.512982179781362e-05,1.666666666666667e+00,0.000000000000000e+00,2.981500000000000e+02,3.000097584826000e+02,3.000000000000000e+02,3.000740480504462e+02,3.000000162682725e+02,1,0.000000000000000e+00,0.000000000000000e+00
7.000000000000117e-07,14,1.082123095006618e-06,2.261899637427654e+01,1.000000000000000e+00,8.000000000000000e-01,2.000000000000000e-01,-7.921106837371778e-07,-7.512982179781362e-05,1.666666666666667e+00,0.000000000000000e+00,2.981500000000000e+02,3.000103119985541e+02,3.000000000000000e+02,3.001662192276141e+02,3.000000364078512e+02,1,0.000000000000000e+00,0.000000000000000e+00
7.500000000000155e-07,15,2.725064142549835e-06,2.843846747150256e+01,1.000000000000000e+00,8.000000000000000e-01,2.000000000000000e-01,-7.087773504038417e-07,-7.512982179781362e-05,1.666666666666667e+00,0.000000000000000e+00,2.981500000000000e+02,3.000111001339038e+02,3.000000000000000e+02,3.004060198608900e+02,3.000000888021917e+02,1,0.000000000000000e+00,0.000000000000000e+00
8.000000000000192e-07,16,5.348766670557553e-06,3.328289518112440e+01,1.000000000000000e+00,8.000000000000000e-01,2.000000000000000e-01,-6.254440170705056e-07,-7.512982179781362e-05,1.666666666666667e+00,0.000000000000000e+00,2.981500000000000e+02,3.000121969384819e+02,3.000000000000000e+02,3.007877684329538e+02,3.000001722502385e+02,1,0.000000000000000e+00,0.000000000000000e+00
8.500000000000230e-07,17,8.526148197296553e-06,3.493974522662845e+01,1.000000000000000e+00,8.000000000000000e-01,2.000000000000000e-01,-5.421106837371696e-07,-7.512982179781362e-05,1.666666666666667e+00,0.000000000000000e+00,2.981500000000000e+02,3.000134352441053e+02,3.000000000000000e+02,3.012492553606720e+02,3.000002732077110e+02,1,0.000000000000000e+00,0.000000000000000e+00
9.000000000000267e-07,18,1.190042008384814e-05,3.657596937983788e+01,1.000000000000000e+00,8.000000000000000e-01,2.000000000000000e-01,-4.587773504038347e-07,-7.512982179781362e-05,1.666666666666667e+00,0.000000000000000e+00,2.981500000000000e+02,3.000147175882825e+02,3.000000000000000e+02,3.017393511642763e+02,3.000003805313018e+02,1,0.000000000000000e+00,0.000000000000000e+00
9.500000000000305e-07,19,1.541524757145799e-05,4.027316611336492e+01,1.000000000000000e+00,8.000000000000000e-01,2.000000000000000e-01,-3.754440170705039e-07,-7.512982179781362e-05,1.666666666666667e+00,0.000000000000000e+00,2.981500000000000e+02,3.000160606701453e+02,3.000000000000000e+02,3.022502513494639e+02,3.000004925236543e+02,1,0.000000000000000e+00,0.000000000000000e+00
1.000000000000034e-06,20,1.925919732431756e-05,4.502587255208461e+01,1.000000000000000e+00,8.000000000000000e-01,2.000000000000000e-01,-2.921106837371731e-07,-7.512982179781362e-05,1.666666666666667e+00,0.000000000000000e+00,2.981500000000000e+02,3.000176527132933e+02,3.000000000000000e+02,3.028096434101227e+02,3.000006152354380e+02,1,0.000000000000000e+00,0.000000000000000e+00
1.050000000000038e-06,21,2.359109198894164e-05,5.276149319242883e+01,1.000000000000000e+00,8.000000000000000e-01,2.000000000000000e-01,-2.087773504038414e-07,-7.512982179781362e-05,1.666666666666667e+00,0.000000000000000e+00,2.981500000000000e+02,3.000195707807487e+02,3.000000000000000e+02,3.034406882906633e+02,3.000007537386426e+02,1,0.000000000000000e+00,0.000000000000000e+00
1.100000000000042e-06,22,2.831316942573049e-05,5.355563843994181e+01,1.000000000000000e+00,8.000000000000000e-01,2.000000000000000e-01,-1.254440170705080e-07,-7.512982179781362e-05,1.666666666666667e+00,0.000000000000000e+00,2.981500000000000e+02,3.000216597031758e+02,3.000000000000000e+02,3.041283272965276e+02,3.000009047696918e+02,1,0.000000000000000e+00,0.000000000000000e+00
1.150000000000046e-06,23,3.319169792693647e-05,5.493333103189446e+01,1.000000000000000e+00,8.000000000000000e-01,2.000000000000000e-01,-4.211068373717456e-08,-7.512982179781362e-05,1.666666666666667e+00,0.000000000000000e+00,2.981500000000000e+02,3.000236677634920e+02,3.000000000000000e+02,3.048390279548211e+02,3.000010610761767e+02,1,0.000000000000000e+00,0.000000000000000e+00
1.200000000000049e-06,24,3.836783702405898e-05,5.908989239340725e+01,1.000000000000000e+00,8.000000000000000e-01,2.000000000000000e-01,4.122264959615884e-08,-7.512982179781362e-05,1.666666666666667e+00,0.000000000000000e+00,2.981500000000000e+02,3.000257826601164e+02,3.000000000000000e+02,3.055937047248829e+02,3.000012274564651e+02,1,0.000000000000000e+00,0.000000000000000e+00
1.250000000000053e-06,25,4.388007168601825e-05,6.358480503562467e+01,1.000000000000000e+00,8.000000000000000e-01,2.000000000000000e-01,1.245559829294922e-07,-7.512982179781362e-05,1.666666666666667e+00,0.000000000000000e+00,2.981500000000000e+02,3.000280510444748e+02,3.000000000000000e+02,3.063978371832051e+02,3.000014068635770e+02,1,0.000000000000000e+00,0.000000000000000e+00
1.300000000000057e-06,26,4.987551083361553e-05,6.959544898880102e+01,1.000000000000000e+00,8.000000000000000e-01,2.000000000000000e-01,2.078893162628257e-07,-7.512982179781362e-05,1.666666666666667e+00,0.000000000000000e+00,2.981500000000000e+02,3.000306009603079e+02,3.000000000000000e+02,3.072732459687223e+02,3.000016153498344e+02,1,0.000000000000000e+00,0.000000000000000e+00
1.350000000000061e-06,27,5.606481167634977e-05,6.792771469727720e+01,1.000000000000000e+00,8.000000000000000e-01,2.000000000000000e-01,2.912226495961574e-07,-7.512982179781362e-05,1.666666666666667e+00,0.000000000000000e+00,2.981500000000000e+02,3.000331095295961e+02,3.000000000000000e+02,3.081637338964896e+02,3.000018632947169e+02,1,0.000000000000000e+00,0.000000000000000e+00
1.400000000000064e-06,28,6.050599142018114e-05,6.171782900478285e+01,1.000000000000000e+00,8.000000000000000e-01,2.000000000000000e-01,3.745559829294882e-07,-7.512982179781362e-05,1.666666666666667e+00,0.000000000000000e+00,2.981500000000000e+02,3.000344944352249e+02,3.000000000000000e+02,3.086913339991133e+02,3.000020711433936e+02,1,0.000000000000000e+00,0.000000000000000e+00
1.450000000000068e-06,29,6.391846683972703e-05,4.147469383870715e+01,1.000000000000000e+00,8.000000000000000e-01,2.000000000000000e-01,4.578893162628190e-07,-7.512982179781362e-05,1.666666666666667e+00,0.000000000000000e+00,2.981500000000000e+02,3.000347657379697e+02,3.000000000000000e+02,3.090052238401200e+02,3.000022451648042e+02,1,0.000000000000000e+00,0.000000000000000e+00
1.500000000000072e-06,30,6.679642159413249e-05,3.910283316525103e+01,1.000000000000000e+00,8.000000000000000e-01,2.000000000000000e-01,5.412226495961539e-07,-7.512982179781362e-05,1.666666666666667e+00,0.000000000000000e+00,2.981500000000000e+02,3.000345695770142e+02,3.000000000000000e+02,3.092480456731781e+02,3.000024026543334e+02,1,0.000000000000000e+00,0.000000000000000e+00
1.550000000000076e-06,31,6.981656345369472e-05,4.531216596597515e+01,1.000000000000000e+00,8.000000000000000e-01,2.000000000000000e-01,6.245559829294899e-07,-7.512982179781362e-05,1.666666666666667e+00,0.000000000000000e+00,2.981500000000000e+02,3.000344923380685e+02,3.000000000000000e+02,3.094912042163278e+02,3.000025661231978e+02,1,0.000000000000000e+00,0.000000000000000e+00
1.600000000000079e-06,32,7.300753935511000e-05,4.933902465011677e+01,1.000000000000000e+00,8.000000000000000e-01,2.000000000000000e-01,7.078893162628260e-07,-7.512982179781362e-05,1.666666666666667e+00,0.000000000000000e+00,2.981500000000000e+02,3.000347054258255e+02,3.000000000000000e+02,3.097422421055683e+02,3.000027378946284e+02,1,0.000000000000000e+00,0.000000000000000e+00
1.650000000000083e-06,33,7.645658572933841e-05,4.693305290483345e+01,1.000000000000000e+00,8.000000000000000e-01,2.000000000000000e-01,7.912226495961621e-07,-7.512982179781362e-05,1.666666666666667e+00,0.000000000000000e+00,2.981500000000000e+02,3.000349796334816e+02,3.000000000000000e+02,3.100079928596838e+02,3.000029233930084e+02,1,0.000000000000000e+00,0.000000000000000e+00
1.700000000000087e-06,34,8.040589761874414e-05,4.632854674623339e+01,1.000000000000000e+00,8.000000000000000e-01,2.000000000000000e-01,8.745559829294981e-07,-7.512982179781362e-05,1.666666666666667e+00,0.000000000000000e+00,2.981500000000000e+02,3.000352789504918e+02,3.000000000000000e+02,3.103069150232566e+02,3.000031324664488e+02,1,0.000000000000000e+00,0.000000000000000e+00
1.750000000000091e-06,35,8.503920371691844e-05,4.993362588309812e+01,1.000000000000000e+00,8.000000000000000e-01,2.000000000000000e-01,9.578893162628337e-07,-7.512982179781362e-05,1.666666666666667e+00,0.000000000000000e+00,2.981500000000000e+02,3.000357322367809e+02,3.000000000000000e+02,3.106541428630843e+02,3.000033722357526e+02,1,0.000000000000000e+00,0.000000000000000e+00
1.800000000000094e-06,36,9.045051463757224e-05,5.519930674556693e+01,1.000000000000000e+00,8.000000000000000e-01,2.000000000000000e-01,1.041222649596159e-06,-7.512982179781362e-05,1.666666666666667e+00,0.000000000000000e+00,2.981500000000000e+02,3.000365348371862e+02,3.000000000000000e+02,3.110556746194692e+02,3.000036493324283e+02,1,0.000000000000000e+00,0.000000000000000e+00
1.850000000000098e-06,37,9.678619358547823e-05,6.306392408261898e+01,1.000000000000000e+00,8.000000000000000e-01,2.000000000000000e-01,1.124555982929485e-06,-7.512982179781362e-05,1.666666666666667e+00,0.000000000000000e+00,2.981500000000000e+02,3.000377156614828e+02,3.000000000000000e+02,3.115247931783533e+02,3.000039673115123e+02,1,0.000000000000000e+00,0.000000000000000e+00
1.900000000000102e-06,38,1.034747551562605e-04,7.206478617426141e+01,1.000000000000000e+00,8.000000000000000e-01,2.000000000000000e-01,1.207889316262810e-06,-7.512982179781362e-05,1.666666666666667e+00,0.000000000000000e+00,2.981500000000000e+02,3.000392765921333e+02,3.000000000000000e+02,3.120214411855747e+02,3.000043024968226e+02,1,0.000000000000000e+00,0.000000000000000e+00
1.950000000000088e-06,39,1.101049375677751e-04,7.356583985316489e+01,1.000000000000000e+00,8.000000000000000e-01,2.000000000000000e-01,1.291222649596136e-06,-7.512982179781362e-05,1.666666666666667e+00,0.000000000000000e+00,2.981500000000000e+02,3.000410076892567e+02,3.000000000000000e+02,3.125109799469500e+02,3.000046424912672e+02,1,0.000000000000000e+00,0.000000000000000e+00
2.000000000000070e-06,40,1.168364357241749e-04,7.474724491088804e+01,1.000000000000000e+00,8.000000000000000e-01,2.000000000000000e-01,1.374555982929461e-06,-7.512982179781362e-05,1.666666666666667e+00,0.000000000000000e+00,2.981500000000000e+02,3.000426862036262e+02,3.000000000000000e+02,3.130042732187032e+02,3.000049936420392e+02,1,0.000000000000000e+00,0.000000000000000e+00
2.050000000000053e-06,41,1.241383207850826e-04,7.843898720294199e+01,1.000000000000000e+00,8.000000000000000e-01,2.000000000000000e-01,1.457889316262787e-06,-7.512982179781362e-05,1.666666666666667e+00,0.000000000000000e+00,2.981500000000000e+02,3.000445576256521e+02,3.000000000000000e+02,3.135365638062208e+02,3.000053700500820e+02,1,0.000000000000000e+00,0.000000000000000e+00
2.100000000000035e-06,42,1.318940739079363e-04,7.665139941919094e+01,1.000000000000000e+00,8.000000000000000e-01,2.000000000000000e-01,1.541222649596112e-06,-7.512982179781362e-05,1.666666666666667e+00,0.000000000000000e+00,2.981500000000000e+02,3.000463745134433e+02,3.000000000000000e+02,3.141023023873143e+02,3.000057649464479e+02,1,0.000000000000000e+00,0.000000000000000e+00
2.150000000000018e-06,43,1.397352024171604e-04,7.331865084482695e+01,1.000000000000000e+00,8.000000000000000e-01,2.000000000000000e-01,1.624555982929437e-06,-7.512982179781362e-05,1.666666666666667e+00,0.000000000000000e+00,2.981500000000000e+02,3.000479945013106e+02,3.000000000000000e+02,3.146721829260533e+02,3.000061642725487e+02,1,0.000000000000000e+00,0.000000000000000e+00
2.200000000000001e-06,44,1.473365140328225e-04,7.131545143251958e+01,1.000000000000000e+00,8.000000000000000e-01,2.000000000000000e-01,1.707889316262763e-06,-7.512982179781362e-05,1.666666666666667e+00,0.000000000000000e+00,2.981500000000000e+02,3.000492801372462e+02,3.000000000000000e+02,3.152208126192054e+02,3.000065544768124e+02,1,0.000000000000000e+00,0.000000000000000e+00
2.249999999999983e-06,45,1.549456173442118e-04,7.754700996750439e+01,1.000000000000000e+00,8.000000000000000e-01,2.000000000000000e-01,1.791222649596088e-06,-7.512982179781362e-05,1.666666666666667e+00,0.000000000000000e+00,2.981500000000000e+02,3.000505450044397e+02,3.000000000000000e+02,3.157642664678694e+02,3.000069476164778e+02,1,0.000000000000000e+00,0.000000000000000e+00
2.299999999999966e-06,46,1.629125790090589e-04,9.042534626379383e+01,1.000000000000000e+00,8.000000000000000e-01,2.000000000000000e-01,1.874555982929414e-06,-7.512982179781362e-05,1.666666666666667e+00,0.000000000000000e+00,2.981500000000000e+02,3.000521855938408e+02,3.000000000000000e+02,3.163285680832306e+02,3.000073612714917e+02,1,0.000000000000000e+00,0.000000000000000e+00
2.349999999999948e-06,47,1.714669698785176e-04,1.058326254108948e+02,1.000000000000000e+00,8.000000000000000e-01,2.000000000000000e-01,1.957889316262752e-06,-7.512982179781362e-05,1.666666666666667e+00,0.000000000000000e+00,2.981500000000000e+02,3.000544405026056e+02,3.000000000000000e+02,3.169288679140232e+02,3.000078157915912e+02,1,0.000000000000000e+00,0.000000000000000e+00
2.399999999999931e-06,48,1.807117397691425e-04,1.168793387494639e+02,1.000000000000000e+00,8.000000000000000e-01,2.000000000000000e-01,2.041222649596099e-06,-7.512982179781362e-05,1.666666666666667e+00,0.000000000000000e+00,2.981500000000000e+02,3.000572233136608e+02,2.999999999999924e+02,3.175663184299213e+02,3.000082960026417e+02,1,0.000000000000000e+00,0.000000000000000e+00
2.449999999999913e-06,49,1.909899561178064e-04,1.099580254938907e+02,1.000000000000000e+00,8.000000000000000e-01,2.000000000000000e-01,2.124555982929446e-06,-7.512982179781362e-05,1.666666666666667e+00,0.000000000000000e+00,2.981500000000000e+02,3.000601124723809e+02,2.999999999999920e+02,3.182390839928678e+02,3.000088207731669e+02,1,0.000000000000000e+00,0.000000000000000e+00
2.499999999999896e-06,50,1.984506823126830e-04,8.879705066113840e+01,1.000000000000000e+00,8.000000000000000e-01,2.000000000000000e-01,2.207889316262792e-06,-7.512982179781362e-05,1.666666666666667e+00,0.000000000000000e+00,2.981500000000000e+02,3.000610687664785e+02,2.999999999999928e+02,3.187328244641578e+02,3.000092914556062e+02,1,0.000000000000000e+00,0.000000000000000e+00
2.549999999999879e-06,51,2.037132513024773e-04,7.038864677537408e+01,1.000000000000000e+00,8.000000000000000e-01,2.000000000000000e-01,2.291222649596139e-06,-7.512982179781362e-05,1.666666666666667e+00,0.000000000000000e+00,2.981500000000000e+02,3.000608008776789e+02,2.999999999999928e+02,3.190652583678725e+02,3.000096819267101e+02,1,0.000000000000000e+00,0.000000000000000e+00
2.599999999999861e-06,52,2.082671423684161e-04,7.466109721078917e+01,1.000000000000000e+00,8.000000000000000e-01,2.000000000000000e-01,2.374555982929486e-06,-7.512982179781362e-05,1.666666666666667e+00,0.000000000000000e+00,2.981500000000000e+02,3.000603051371381e+02,2.999999999999928e+02,3.193460545035483e+02,3.000100425468512e+02,1,0.000000000000000e+00,0.000000000000000e+00
2.649999999999844e-06,53,2.125156062502160e-04,7.599364313406366e+01,1.000000000000000e+00,8.000000000000000e-01,2.000000000000000e-01,2.457889316262832e-06,-7.512982179781362e-05,1.666666666666667e+00,0.000000000000000e+00,2.981500000000000e+02,3.000599181169491e+02,2.999999999999928e+02,3.196032681865303e+02,3.000103874878097e+02,1,0.000000000000000e+00,0.000000000000000e+00
2.699999999999826e-06,54,2.165960016187009e-04,8.135586783639295e+01,1.000000000000000e+00,8.000000000000000e-01,2.000000000000000e-01,2.541222649596179e-06,-7.512982179781362e-05,1.666666666666667e+00,0.000000000000000e+00,2.981500000000000e+02,3.000596778908255e+02,2.999999999999928e+02,3.198451226714039e+02,3.000107218188974e+02,1,0.000000000000000e+00,0.000000000000000e+00
2.749999999999809e-06,55,2.208836100605750e-04,7.883186158144099e+01,1.000000000000000e+00,8.000000000000000e-01,2.000000000000000e-01,2.624555982929526e-06,-7.512982179781362e-05,1.666666666666667e+00,0.000000000000000e+00,2.981500000000000e+02,3.000594999001912e+02,2.999999999999928e+02,3.200699984850746e+02,3.000110582791440e+02,1,0.000000000000000e+00,0.000000000000000e+00
2.799999999999792e-06,56,2.260859199477609e-04,7.112318760753877e+01,1.000000000000000e+00,8.000000000000000e-01,2.000000000000000e-01,2.707889316262872e-06,-7.512982179781362e-05,1.666666666666667e+00,0.000000000000000e+00,2.981500000000000e+02,3.000592258283579e+02,2.999999999999928e+02,3.202804174309755e+02,3.000114216245939e+02,1,0.000000000000000e+00,0.000000000000000e+00
2.849999999999774e-06,57,2.321638367655216e-04,7.343205759612350e+01,1.000000000000000e+00,8.000000000000000e-01,2.000000000000000e-01,2.791222649596219e-06,-7.512982179781362e-05,1.666666666666667e+00,0.000000000000000e+00,2.981500000000000e+02,3.000589242334858e+02,2.999999999999928e+02,3.204869803577763e+02,3.000118192139445e+02,1,0.000000000000000e+00,0.000000000000000e+00
2.899999999999757e-06,58,2.391220844662216e-04,8.219850352112368e+01,1.000000000000000e+00,8.000000000000000e-01,2.000000000000000e-01,2.874555982929565e-06,-7.512982179781362e-05,1.666666666666667e+00,0.000000000000000e+00,2.981500000000000e+02,3.000589291554111e+02,2.999999999999928e+02,3.207024451690042e+02,3.000122600393507e+02,1,0.000000000000000e+00,0.000000000000000e+00
2.949999999999739e-06,59,2.472976723667637e-04,1.016643153913754e+02,1.000000000000000e+00,8.000000000000000e-01,2.000000000000000e-01,2.957889316262912e-06,-7.512982179781362e-05,1.666666666666667e+00,0.000000000000000e+00,2.981500000000000e+02,3.000594522194063e+02,2.999999999999928e+02,3.209430502646766e+02,3.000127671290487e+02,1,0.000000000000000e+00,0.000000000000000e+00
2.999999999999722e-06,60,2.570436833135158e-04,1.259944721099580e+02,1.000000000000000e+00,8.000000000000000e-01,2.000000000000000e-01,3.041222649596259e-06,-7.512982179781362e-05,1.666666666666667e+00,0.000000000000000e+00,2.981500000000000e+02,3.000607918111914e+02,2.999999999999928e+02,3.212211368073066e+02,3.000133658974991e+02,1,0.000000000000000e+00,0.000000000000000e+00
3.049999999999704e-06,61,2.687963259672057e-04,1.459348365609232e+02,1.000000000000000e+00,8.000000000000000e-01,2.000000000000000e-01,3.124555982929605e-06,-7.512982179781362e-05,1.666666666666667e+00,0.000000000000000e+00,2.981500000000000e+02,3.000627084603009e+02,2.999999999999928e+02,3.215372626448664e+02,3.000140799349999e+02,1,0.000000000000000e+00,0.000000000000000e+00
3.099999999999687e-06,62,2.823849749420490e-04,1.632120584408670e+02,1.000000000000000e+00,8.000000000000000e-01,2.000000000000000e-01,3.207889316262952e-06,-7.512982179781362e-05,1.666666666666667e+00,0.000000000000000e+00,2.981500000000000e+02,3.000649415260150e+02,2.999999999999928e+02,3.218874243065970e+02,3.000149203215408e+02,1,0.000000000000000e+00,0.000000000000000e+00
3.149999999999670e-06,63,2.973842370590353e-04,1.854258164646746e+02,1.000000000000000e+00,8.000000000000000e-01,2.000000000000000e-01,3.291222649596299e-06,-7.512982179781362e-05,1.666666666666667e+00,0.000000000000000e+00,2.981500000000000e+02,3.000676526014273e+02,2.999999999999928e+02,3.222561795448532e+02,3.000158985119559e+02,1,0.000000000000000e+00,0.000000000000000e+00
3.199999999999652e-06,64,3.131177488597632e-04,2.019533935972492e+02,1.000000000000000e+00,8.000000000000000e-01,2.000000000000000e-01,3.374555982929645e-06,-7.512982179781362e-05,1.666666666666667e+00,0.000000000000000e+00,2.981500000000000e+02,3.000707312780368e+02,2.999999999999928e+02,3.226222671411656e+02,3.000169720822414e+02,1,0.000000000000000e+00,0.000000000000000e+00
3.249999999999635e-06,65,3.288894573223932e-04,2.141185470437199e+02,1.000000000000000e+00,8.000000000000000e-01,2.000000000000000e-01,3.457889316262992e-06,-7.512982179781362e-05,1.666666666666667e+00,0.000000000000000e+00,2.981500000000000e+02,3.000739340241748e+02,2.999999999999928e+02,3.229663542529622e+02,3.000180872748662e+02,1,0.000000000000000e+00,0.000000000000000e+00
3.299999999999617e-06,66,3.447118443468136e-04,2.196928633529016e+02,1.000000000000000e+00,8.000000000000000e-01,2.000000000000000e-01,3.541222649596339e-06,-7.512982179781362e-05,1.666666666666667e+00,0.000000000000000e+00,2.981500000000000e+02,3.000771171951455e+02,2.999999999999928e+02,3.232919772698912e+02,3.000192344062972e+02,1,0.000000000000000e+00,0.000000000000000e+00
3.349999999999600e-06,67,3.606798111174942e-04,2.263975950665689e+02,1.000000000000000e+00,8.000000000000000e-01,2.000000000000000e-01,3.624555982929685e-06,-7.512982179781362e-05,1.666666666666667e+00,0.000000000000000e+00,2.981500000000000e+02,3.000821494525377e+02,2.999999999999928e+02,3.236064046273597e+02,3.000204131275262e+02,1,0.000000000000000e+00,0.000000000000000e+00
3.399999999999582e-06,68,3.769553819325530e-04,2.117720663526383e+02,1.000000000000000e+00,8.000000000000000e-01,2.000000000000000e-01,3.707889316263032e-06,-7.512982179781362e-05,1.666666666666667e+00,0.000000000000000e+00,2.981500000000000e+02,3.000882276838485e+02,2.999999999999928e+02,3.239132790478279e+02,3.000216122416015e+02,1,0.000000000000000e+00,0.000000000000000e+00
3.449999999999565e-06,69,3.886358397678266e-04,1.545756244786031e+02,1.000000000000000e+00,8.000000000000000e-01,2.000000000000000e-01,3.791222649596379e-06,-7.512982179781362e-05,1.666666666666667e+00,0.000000000000000e+00,2.981500000000000e+02,3.000917956432380e+02,2.999999999999928e+02,3.241533241687695e+02,3.000225491745610e+02,1,0.000000000000000e+00,0.000000000000000e+00
3.499999999999548e-06,70,3.968933769870472e-04,1.223142546976071e+02,1.000000000000000e+00,8.000000000000000e-01,2.000000000000000e-01,3.874555982929725e-06,-7.512982179781362e-05,1.666666666666667e+00,0.000000000000000e+00,2.981500000000000e+02,3.000934496634019e+02,2.999999999999928e+02,3.243120757722078e+02,3.000232841921222e+02,1,0.000000000000000e+00,0.000000000000000e+00
3.549999999999530e-06,71,4.039998908982988e-04,1.196832043394476e+02,1.000000000000000e+00,8.000000000000000e-01,2.000000000000000e-01,3.957889316263072e-06,-7.512982179781362e-05,1.666666666666667e+00,0.000000000000000e+00,2.981500000000000e+02,3.000944598609958e+02,2.999999999999928e+02,3.244402897291664e+02,3.000239578381392e+02,1,0.000000000000000e+00,0.000000000000000e+00
3.599999999999513e-06,72,4.106679608400037e-04,1.338450945738612e+02,1.000000000000000e+00,8.000000000000000e-01,2.000000000000000e-01,4.041222649596419e-06,-7.512982179781362e-05,1.666666666666667e+00,0.000000000000000e+00,2.981500000000000e+02,3.000955108531145e+02,2.999999999999928e+02,3.245530932920626e+02,3.000246197499214e+02,1,0.000000000000000e+00,0.000000000000000e+00
3.649999999999495e-06,73,4.168874392762542e-04,1.290831990520964e+02,1.000000000000000e+00,8.000000000000000e-01,2.000000000000000e-01,4.124555982929765e-06,-7.512982179781362e-05,1.666666666666667e+00,0.000000000000000e+00,2.981500000000000e+02,3.000961469294679e+02,2.999999999999928e+02,3.247196182089237e+02,3.000252850047894e+02,1,0.000000000000000e+00,0.000000000000000e+00
3.699999999999478e-06,74,4.232612995755335e-04,1.233810963806444e+02,1.000000000000000e+00,8.000000000000000e-01,2.000000000000000e-01,4.207889316263112e-06,-7.512982179781362e-05,1.666666666666667e+00,0.000000000000000e+00,2.981500000000000e+02,3.000970162561147e+02,2.999999999999930e+02,3.251396566940857e+02,3.000259973226783e+02,1,0.000000000000000e+00,0.000000000000000e+00
3.749999999999461e-06,75,4.300418625859526e-04,1.222486847743888e+02,1.000000000000000e+00,8.000000000000000e-01,2.000000000000000e-01,4.291222649596459e-06,-7.512982179781362e-05,1.666666666666667e+00,0.000000000000000e+00,2.981500000000000e+02,3.000978592582092e+02,2.999999999999986e+02,3.255851941768314e+02,3.000268040506690e+02,1,0.000000000000000e+00,0.000000000000000e+00
3.799999999999443e-06,76,4.375902908539689e-04,1.234232962125529e+02,1.000000000000000e+00,8.000000000000000e-01,2.000000000000000e-01,4.374555982929805e-06,-7.512982179781362e-05,1.666666666666667e+00,0.000000000000000e+00,2.981500000000000e+02,3.000986937277328e+02,3.000000000000000e+02,3.260318219754252e+02,3.000277241111613e+02,1,0.000000000000000e+00,0.000000000000000e+00
3.849999999999456e-06,77,4.476854668777319e-04,1.391387287146178e+02,1.000000000000000e+00,8.000000000000000e-01,2.000000000000000e-01,4.457889316263152e-06,-7.512982179781362e-05,1.666666666666667e+00,0.000000000000000e+00,2.981500000000000e+02,3.000998000011301e+02,3.000000000000000e+02,3.264778271749118e+02,3.000288415572589e+02,1,0.000000000000000e+00,0.000000000000000e+00
3.899999999999481e-06,78,4.598131833677611e-04,1.583252496233598e+02,1.000000000000000e+00,8.000000000000000e-01,2.000000000000000e-01,4.541222649596499e-06,-7.512982179781362e-05,1.666666666666667e+00,0.000000000000000e+00,2.981500000000000e+02,3.001013295718145e+02,3.000000000000000e+02,3.269349081789548e+02,3.000301489943744e+02,1,0.000000000000000e+00,0.000000000000000e+00
3.949999999999506e-06,79,4.727760879808530e-04,1.780300882639067e+02,1.000000000000000e+00,8.000000000000000e-01,2.000000000000000e-01,4.624555982929845e-06,-7.512982179781362e-05,1.666666666666667e+00,0.000000000000000e+00,2.981500000000000e+02,3.001032399752966e+02,3.000000000000000e+02,3.273878530584726e+02,3.000315648471265e+02,1,0.000000000000000e+00,0.000000000000000e+00
3.999999999999531e-06,80,4.860436702132891e-04,1.892529637393441e+02,1.000000000000000e+00,8.000000000000000e-01,2.000000000000000e-01,4.707889316263192e-06,-7.512982179781362e-05,1.666666666666667e+00,0.000000000000000e+00,2.981500000000000e+02,3.001053562000457e+02,3.000000000000000e+02,3.278256483768883e+02,3.000330422412113e+02,1,0.000000000000000e+00,0.000000000000000e+00
4.049999999999555e-06,81,4.998573728701423e-04,2.002282414084731e+02,1.000000000000000e+00,8.000000000000000e-01,2.000000000000000e-01,4.791222649596538e-06,-7.512982179781362e-05,1.666666666666667e+00,0.000000000000000e+00,2.981500000000000e+02,3.001076049844161e+02,3.000000000000000e+02,3.282587058563892e+02,3.000346039615164e+02,1,0.000000000000000e+00,0.000000000000000e+00
4.099999999999580e-06,82,5.144717636680507e-04,2.066195397122843e+02,1.000000000000000e+00,8.000000000000000e-01,2.000000000000000e-01,4.874555982929885e-06,-7.512982179781362e-05,1.666666666666667e+00,0.000000000000000e+00,2.981500000000000e+02,3.001099696029679e+02,3.000000000000000e+02,3.286988370729908e+02,3.000362792716185e+02,1,0.000000000000000e+00,0.000000000000000e+00
4.149999999999605e-06,83,5.299218933747816e-04,2.040981347463352e+02,1.000000000000000e+00,8.000000000000000e-01,2.000000000000000e-01,4.957889316263232e-06,-7.512982179781362e-05,1.666666666666667e+00,0.000000000000000e+00,2.981500000000000e+02,3.001123268489745e+02,3.000000000000000e+02,3.291481321002949e+02,3.000380775346797e+02,1,0.000000000000000e+00,0.000000000000000e+00
4.199999999999630e-06,84,5.463241166951206e-04,2.206779014083518e+02,1.000000000000000e+00,8.000000000000000e-01,2.000000000000000e-01,5.041222649596578e-06,-7.512982179781362e-05,1.666666666666667e+00,0.000000000000000e+00,2.981500000000000e+02,3.001147064877754e+02,3.000000000000000e+02,3.296053649415645e+02,3.000399887764609e+02,1,0.000000000000000e+00,0.000000000000000e+00
4.249999999999655e-06,85,5.589875776159966e-04,1.756302506084857e+02,1.000000000000000e+00,8.000000000000000e-01,2.000000000000000e-01,5.124555982929925e-06,-7.512982179781362e-05,1.666666666666667e+00,0.000000000000000e+00,2.981500000000000e+02,3.001162640749028e+02,3.000000000000000e+02,3.300099944316468e+02,3.000416643612799e+02,1,0.000000000000000e+00,0.000000000000000e+00
4.299999999999680e-06,86,5.682979254447785e-04,1.516377060448672e+02,1.000000000000000e+00,8.000000000000000e-01,2.000000000000000e-01,5.207889316263272e-06,-7.512982179781362e-05,1.666666666666667e+00,0.000000000000000e+00,2.981500000000000e+02,3.001168036103605e+02,3.000000000000000e+02,3.303004101364971e+02,3.000430634230975e+02,1,0.000000000000000e+00,0.000000000000000e+00
4.349999999999705e-06,87,5.762807373583963e-04,1.492127030902604e+02,1.000000000000000e+00,8.000000000000000e-01,2.000000000000000e-01,5.291222649596618e-06,-7.512982179781362e-05,1.666666666666667e+00,0.000000000000000e+00,2.981500000000000e+02,3.001168804810912e+02,3.000000000000000e+02,3.305360423096992e+02,3.000443759476673e+02,1,0.000000000000000e+00,0.000000000000000e+00
4.399999999999730e-06,88,5.835350334127362e-04,1.594578033177358e+02,1.000000000000000e+00,8.000000000000000e-01,2.000000000000000e-01,5.374555982929965e-06,-7.512982179781362e-05,1.666666666666667e+00,0.000000000000000e+00,2.981500000000000e+02,3.001168984144097e+02,3.000000000000000e+02,3.307402705835234e+02,3.000456615281073e+02,1,0.000000000000000e+00,0.000000000000000e+00
4.449999999999755e-06,89,5.902694376284282e-04,1.465993569084022e+02,1.000000000000000e+00,8.000000000000000e-01,2.000000000000000e-01,5.457889316263312e-06,-7.512982179781362e-05,1.666666666666667e+00,0.000000000000000e+00,2.981500000000000e+02,3.001168471441011e+02,3.000000000000000e+02,3.309226179046302e+02,3.000469404538465e+02,1,0.000000000000000e+00,0.000000000000000e+00
4.499999999999780e-06,90,5.966911365770243e-04,1.270540983677101e+02,1.000000000000000e+00,8.000000000000000e-01,2.000000000000000e-01,5.541222649596658e-06,-7.512982179781362e-05,1.666666666666667e+00,0.000000000000000e+00,2.981500000000000e+02,3.001164639469649e+02,3.000000000000000e+02,3.310917778467424e+02,3.000482216033263e+02,1,0.000000000000000e+00,0.000000000000000e+00
4.549999999999805e-06,91,6.037567135082980e-04,1.276175710105472e+02,1.000000000000000e+00,8.000000000000000e-01,2.000000000000000e-01,5.624555982930005e-06,-7.512982179781362e-05,1.666666666666667e+00,0.000000000000000e+00,2.981500000000000e+02,3.001159931968041e+02,3.000000000000000e+02,3.312564591666145e+02,3.000495610398034e+02,1,0.000000000000000e+00,0.000000000000000e+00
4.599999999999830e-06,92,6.125996242290811e-04,1.386112407853869e+02,1.000000000000000e+00,8.000000000000000e-01,2.000000000000000e-01,5.707889316263352e-06,-7.512982179781362e-05,1.666666666666667e+00,0.000000000000000e+00,2.981500000000000e+02,3.001157654592474e+02,3.000000000000000e+02,3.314176671873411e+02,3.000510294257917e+02,1,0.000000000000000e+00,0.000000000000000e+00
4.649999999999855e-06,93,6.234481967575378e-04,1.567928687900876e+02,1.000000000000000e+00,8.000000000000000e-01,2.000000000000000e-01,5.791222649596698e-06,-7.512982179781362e-05,1.666666666666667e+00,0.000000000000000e+00,2.981500000000000e+02,3.001159355026232e+02,3.000000000000000e+02,3.315901260829177e+02,3.000527341540638e+02,1,0.000000000000000e+00,0.000000000000000e+00
4.699999999999880e-06,94,6.359743845100868e-04,1.820396585865374e+02,1.000000000000000e+00,8.000000000000000e-01,2.000000000000000e-01,5.874555982930045e-06,-7.512982179781362e-05,1.666666666666667e+00,0.000000000000000e+00,2.981500000000000e+02,3.001165844267214e+02,3.000000000000000e+02,3.317801194020845e+02,3.000547034236497e+02,1,0.000000000000000e+00,0.000000000000000e+00
4.749999999999905e-06,95,6.495176851825961e-04,2.003390827205214e+02,1.000000000000000e+00,8.000000000000000e-01,2.000000000000000e-01,5.957889316263392e-06,-7.512982179781362e-05,1.666666666666667e+00,0.000000000000000e+00,2.981500000000000e+02,3.001175937877540e+02,3.000000000000000e+02,3.319835269613973e+02,3.000568978845989e+02,1,0.000000000000000e+00,0.000000000000000e+00
4.799999999999929e-06,96,6.639886601475111e-04,2.159470987183760e+02,1.000000000000000e+00,8.000000000000000e-01,2.000000000000000e-01,6.041222649596738e-06,-7.512982179781362e-05,1.666666666666667e+00,0.000000000000000e+00,2.981500000000000e+02,3.001189279989453e+02,3.000000000000000e+02,3.322027673515936e+02,3.000593109446377e+02,1,0.000000000000000e+00,0.000000000000000e+00
4.849999999999954e-06,97,6.789831751494049e-04,2.346572227740596e+02,1.000000000000000e+00,8.000000000000000e-01,2.000000000000000e-01,6.124555982930085e-06,-7.512982179781362e-05,1.666666666666667e+00,0.000000000000000e+00,2.981500000000000e+02,3.001205000302626e+02,3.000000000000000e+02,3.324339283058265e+02,3.000618694527761e+02,1,0.000000000000000e+00,0.000000000000000e+00
4.899999999999979e-06,98,6.945564080466967e-04,2.464117884202183e+02,1.000000000000000e+00,8.000000000000000e-01,2.000000000000000e-01,6.207889316263432e-06,-7.512982179781362e-05,1.666666666666667e+00,0.000000000000000e+00,2.981500000000000e+02,3.001222486603590e+02,3.000000000000000e+02,3.326744682437900e+02,3.000645400020844e+02,1,0.000000000000000e+00,0.000000000000000e+00
4.950000000000004e-06,99,7.071481175644598e-04,2.006434456851399e+02,1.000000000000000e+00,8.000000000000000e-01,2.000000000000000e-01,6.291222649596778e-06,-7.512982179781362e-05,1.666666666666667e+00,0.000000000000000e+00,2.981500000000000e+02,3.001234262845328e+02,3.000000000000000e+02,3.329124949496673e+02,3.000670114793757e+02,1,0.000000000000000e+00,0.000000000000000e+00
5.000000000000029e-06,100,7.164612070382243e-04,1.749739439049087e+02,1.000000000000000e+00,8.000000000000000e-01,2.000000000000000e-01,6.374555982930125e-06,-7.512982179781362e-05,1.666666666666667e+00,0.000000000000000e+00,2.981500000000000e+02,3.001236680481935e+02,3.000000000000000e+02,3.331018842657845e+02,3.000690811992844e+02,1,0.000000000000000e+00,0.000000000000000e+00
5.050000000000054e-06,101,7.242063645713271e-04,1.586827196333761e+02,1.000000000000000e+00,8.000000000000000e-01,2.000000000000000e-01,6.457889316263472e-06,-7.512982179781362e-05,1.666666666666667e+00,0.000000000000000e+00,2.981500000000000e+02,3.001234432384159e+02,3.000000000000000e+02,3.332585213998907e+02,3.000709301319220e+02,1,0.000000000000000e+00,0.000000000000000e+00
5.100000000000079e-06,102,7.310798684914565e-04,1.539093701922686e+02,1.000000000000000e+00,8.000000000000000e-01,2.000000000000000e-01,6.541222649596818e-06,-7.512982179781362e-05,1.666666666666667e+00,0.000000000000000e+00,2.981500000000000e+02,3.001229938368792e+02,3.000000000000000e+02,3.333969791887699e+02,3.000726527532103e+02,1,0.000000000000000e+00,0.000000000000000e+00
5.150000000000104e-06,103,7.374455869935577e-04,1.438896350919076e+02,1.000000000000000e+00,8.000000000000000e-01,2.000000000000000e-01,6.624555982930165e-06,-7.512982179781362e-05,1.666666666666667e+00,0.000000000000000e+00,2.981500000000000e+02,3.001224772445240e+02,3.000000000000000e+02,3.335259855355793e+02,3.000743195384312e+02,1,0.000000000000000e+00,0.000000000000000e+00
5.200000000000129e-06,104,7.435224161685522e-04,1.422038200399063e+02,1.000000000000000e+00,8.000000000000000e-01,2.000000000000000e-01,6.707889316263511e-06,-7.512982179781362e-05,1.666666666666667e+00,0.000000000000000e+00,2.981500000000000e+02,3.001218804261100e+02,3.000000000000000e+02,3.336511569419718e+02,3.000759799831071e+02,1,0.000000000000000e+00,0.000000000000000e+00
5.250000000000154e-06,105,7.500663142556453e-04,1.571143188605799e+02,1.000000000000000e+00,8.000000000000000e-01,2.000000000000000e-01,6.791222649596858e-06,-7.512982179781362e-05,1.666666666666667e+00,0.000000000000000e+00,2.981500000000000e+02,3.001213924305316e+02,3.000000000000000e+02,3.337767270658373e+02,3.000776973761155e+02,1,0.000000000000000e+00,0.000000000000000e+00
5.300000000000179e-06,106,7.582970610377339e-04,1.820308888746854e+02,1.000000000000000e+00,8.000000000000000e-01,2.000000000000000e-01,6.874555982930205e-06,-7.512982179781362e-05,1.666666666666667e+00,0.000000000000000e+00,2.981500000000000e+02,3.001212720457897e+02,3.000000000000000e+02,3.339029012354121e+02,3.000795667291464e+02,1,0.000000000000000e+00,0.000000000000000e+00
5.350000000000204e-06,107,7.684040278807486e-04,1.923996563828379e+02,1.000000000000000e+00,8.000000000000000e-01,2.000000000000000e-01,6.957889316263551e-06,-7.512982179781362e-05,1.666666666666667e+00,0.000000000000000e+00,2.981500000000000e+02,3.001214757810606e+02,3.000000000000000e+02,3.340393522847980e+02,3.000817290174495e+02,1,0.000000000000000e+00,0.000000000000000e+00
5.400000000000229e-06,108,7.804783936430930e-04,2.051086392287106e+02,1.000000000000000e+00,8.000000000000000e-01,2.000000000000000e-01,7.041222649596898e-06,-7.512982179781362e-05,1.666666666666667e+00,0.000000000000000e+00,2.981500000000000e+02,3.001219304441548e+02,3.000000000000000e+02,3.341980541939823e+02,3.000842825746159e+02,1,0.000000000000000e+00,0.000000000000000e+00
5.450000000000254e-06,109,7.943131107138199e-04,2.250136121405337e+02,1.000000000000000e+00,8.000000000000000e-01,2.000000000000000e-01,7.124555982930245e-06,-7.512982179781362e-05,1.666666666666667e+00,0.000000000000000e+00,2.981500000000000e+02,3.001227093587814e+02,3.000000000000000e+02,3.343814022363999e+02,3.000872204028273e+02,1,0.000000000000000e+00,0.000000000000000e+00
5.500000000000279e-06,110,8.095727182771787e-04,2.521808895244581e+02,1.000000000000000e+00,8.000000000000000e-01,2.000000000000000e-01,7.207889316263591e-06,-7.512982179781362e-05,1.666666666666667e+00,0.000000000000000e+00,2.981500000000000e+02,3.001238609465755e+02,3.000000000000000e+02,3.345877821318959e+02,3.000904893715045e+02,1,0.000000000000000e+00,0.000000000000000e+00
5.550000000000303e-06,111,8.256976268149994e-04,2.854398878811775e+02,1.000000000000000e+00,8.000000000000000e-01,2.000000000000000e-01,7.291222649596938e-06,-7.512982179781362e-05,1.666666666666667e+00,0.000000000000000e+00,2.981500000000000e+02,3.001254006622534e+02,3.000000000000000e+02,3.348110342150723e+02,3.000939727979249e+02,1,0.000000000000000e+00,0.000000000000000e+00
5.600000000000328e-06,112,8.416388542939021e-04,2.804855127852539e+02,1.000000000000000e+00,8.000000000000000e-01,2.000000000000000e-01,7.374555982930285e-06,-7.512982179781362e-05,1.666666666666667e+00,0.000000000000000e+00,2.981500000000000e+02,3.001272473065791e+02,3.000000000000000e+02,3.350478015155293e+02,3.000974974185594e+02,1,0.000000000000000e+00,0.000000000000000e+00
5.650000000000353e-06,113,8.533638766968241e-04,2.204444303720602e+02,1.000000000000000e+00,8.000000000000000e-01,2.000000000000000e-01,7.457889316263631e-06,-7.512982179781362e-05,1.666666666666667e+00,0.000000000000000e+00,2.981500000000000e+02,3.001285630059438e+02,3.000000000000000e+02,3.352757632068197e+02,3.001004897299330e+02,1,0.000000000000000e+00,0.000000000000000e+00
5.700000000000378e-06,114,8.628459514590370e-04,1.945075498552382e+02,1.000000000000000e+00,8.000000000000000e-01,2.000000000000000e-01,7.541222649596978e-06,-7.512982179781362e-05,1.666666666666667e+00,0.000000000000000e+00,2.981500000000000e+02,3.001287375829617e+02,3.000000000000000e+02,3.354762493122038e+02,3.001030807943140e+02,1,0.000000000000000e+00,0.000000000000000e+00
5.750000000000403e-06,115,8.710022222853844e-04,1.953740637808752e+02,1.000000000000000e+00,8.000000000000000e-01,2.000000000000000e-01,7.624555982930325e-06,-7.512982179781362e-05,1.666666666666667e+00,0.000000000000000e+00,2.981500000000000e+02,3.001284740505828e+02,3.000000000000000e+02,3.356549790775134e+02,3.001054300926481e+02,1,0.000000000000000e+00,0.000000000000000e+00
5.800000000000428e-06,116,8.783034469557025e-04,1.989332075212463e+02,1.000000000000000e+00,8.000000000000000e-01,2.000000000000000e-01,7.707889316263670e-06,-7.512982179781362e-05,1.666666666666667e+00,0.000000000000000e+00,2.981500000000000e+02,3.001282222792494e+02,3.000000000000000e+02,3.358151157730140e+02,3.001076448413933e+02,1,0.000000000000000e+00,0.000000000000000e+00
5.850000000000453e-06,117,8.853158995534034e-04,1.792556435284603e+02,1.000000000000000e+00,8.000000000000000e-01,2.000000000000000e-01,7.791222649597017e-06,-7.512982179781362e-05,1.666666666666667e+00,0.000000000000000e+00,2.981500000000000e+02,3.001280821773206e+02,3.000000000000000e+02,3.359664614182758e+02,3.001098685025303e+02,1,0.000000000000000e+00,0.000000000000000e+00
5.900000000000478e-06,118,8.931103278677170e-04,1.630232466392379e+02,1.000000000000000e+00,8.000000000000000e-01,2.000000000000000e-01,7.874555982930364e-06,-7.512982179781362e-05,1.666666666666667e+00,0.000000000000000e+00,2.981500000000000e+02,3.001277616133792e+02,3.000000000000000e+02,3.361205803050267e+02,3.001122230796360e+02,1,0.000000000000000e+00,0.000000000000000e+00
5.950000000000503e-06,119,9.031181692488669e-04,1.820669648120752e+02,1.000000000000000e+00,8.000000000000000e-01,2.000000000000000e-01,7.957889316263710e-06,-7.512982179781362e-05,1.666666666666667e+00,0.000000000000000e+00,2.981500000000000e+02,3.001275488041915e+02,3.000000000000000e+02,3.362824593004627e+02,3.001148391655238e+02,1,0.000000000000000e+00,0.000000000000000e+00
6.000000000000528e-06,120,9.148543869151732e-04,2.195437995038157e+02,1.000000000000000e+00,8.000000000000000e-01,2.000000000000000e-01,8.041222649597057e-06,-7.512982179781362e-05,1.666666666666667e+00,0.000000000000000e+00,2.981500000000000e+02,3.001277981911787e+02,3.000000000000000e+02,3.364497102668598e+02,3.001177691361360e+02,1,0.000000000000000e+00,0.000000000000000e+00
6.050000000000553e-06,121,9.279385730849810e-04,2.626084821614376e+02,1.000000000000000e+00,8.000000000000000e-01,2.000000000000000e-01,8.124555982930404e-06,-7.512982179781362e-05,1.666666666666667e+00,0.000000000000000e+00,2.981500000000000e+02,3.001285013366808e+02,3.000000000000000e+02,3.366283630057756e+02,3.001210229062019e+02,1,0.000000000000000e+00,0.000000000000000e+00
6.100000000000578e-06,122,9.421753818624923e-04,2.879375029373487e+02,1.000000000000000e+00,8.000000000000000e-01,2.000000000000000e-01,8.207889316263750e-06,-7.512982179781362e-05,1.666666666666667e+00,0.000000000000000e+00,2.981500000000000e+02,3.001299831068700e+02,3.000000000000000e+02,3.368161047602708e+02,3.001246089166588e+02,1,0.000000000000000e+00,0.000000000000000e+00
6.150000000000603e-06,123,9.575305422789339e-04,2.998838264617240e+02,1.000000000000000e+00,8.000000000000000e-01,2.000000000000000e-01,8.291222649597097e-06,-7.512982179781362e-05,1.666666666666667e+00,0.000000000000000e+00,2.981500000000000e+02,3.001322920518454e+02,3.000000000000000e+02,3.370150701330166e+02,3.001285274091907e+02,1,0.000000000000000e+00,0.000000000000000e+00
6.200000000000628e-06,124,9.739122386208633e-04,3.082729903206649e+02,1.000000000000000e+00,8.000000000000000e-01,2.000000000000000e-01,8.374555982930444e-06,-7.512982179781362e-05,1.666666666666667e+00,0.000000000000000e+00,2.981500000000000e+02,3.001346661505307e+02,3.000000000000000e+02,3.372232697274904e+02,3.001327372669136e+02,1,0.000000000000000e+00,0.000000000000000e+00
6.250000000000653e-06,125,9.876888931665058e-04,2.615363012830708e+02,1.000000000000000e+00,8.000000000000000e-01,2.000000000000000e-01,8.457889316263790e-06,-7.512982179781362e-05,1.666666666666667e+00,0.000000000000000e+00,2.981500000000000e+02,3.001365435419068e+02,3.000000000000000e+02,3.374393243554381e+02,3.001368266860283e+02,1,0.000000000000000e+00,0.000000000000000e+00
6.300000000000677e-06,126,9.987229062876346e-04,2.240857511483287e+02,1.000000000000000e+00,8.000000000000000e-01,2.000000000000000e-01,8.541222649597137e-06,-7.512982179781362e-05,1.666666666666667e+00,0.000000000000000e+00,2.981500000000000e+02,3.001369675173256e+02,3.000000000000000e+02,3.376360753547530e+02,3.001404806598153e+02,1,0.000000000000000e+00,0.000000000000000e+00
6.350000000000702e-06,127,1.008172037607218e-03,2.100354232979305e+02,1.000000000000000e+00,8.000000000000000e-01,2.000000000000000e-01,8.624555982930484e-06,-7.512982179781362e-05,1.666666666666667e+00,0.000000000000000e+00,2.981500000000000e+02,3.001366666405797e+02,3.000000000000000e+02,3.378093831372472e+02,3.001438050493757e+02,1,0.000000000000000e+00,0.000000000000000e+00
6.400000000000727e-06,128,1.016270802321527e-03,2.179207724742277e+02,1.000000000000000e+00,8.000000000000000e-01,2.000000000000000e-01,8.707889316263830e-06,-7.512982179781362e-05,1.666666666666667e+00,0.000000000000000e+00,2.981500000000000e+02,3.001360619358679e+02,3.000000000000000e+02,3.379587247340651e+02,3.001468063542805e+02,1,0.000000000000000e+00,0.000000000000000e+00
6.450000000000752e-06,129,1.023478236691881e-03,2.043755523593360e+02,1.000000000000000e+00,8.000000000000000e-01,2.000000000000000e-01,8.791222649597177e-06,-7.512982179781362e-05,1.666666666666667e+00,0.000000000000000e+00,2.981500000000000e+02,3.001353000912879e+02,2.999999999998516e+02,3.380874707680754e+02,3.001496083022925e+02,1,0.000000000000000e+00,0.000000000000000e+00
6.500000000000777e-06,130,1.030380760113071e-03,1.903575924780193e+02,1.000000000000000e+00,8.000000000000000e-01,2.000000000000000e-01,8.874555982930524e-06,-7.512982179781362e-05,1.666666666666667e+00,0.000000000000000e+00,2.981500000000000e+02,3.001342803073597e+02,2.999999999998516e+02,3.382035616771926e+02,3.001523292041247e+02,1,0.000000000000000e+00,0.000000000000000e+00
6.550000000000802e-06,131,1.038515579410690e-03,2.028033087166480e+02,1.000000000000000e+00,8.000000000000000e-01,2.000000000000000e-01,8.957889316263870e-06,-7.512982179781362e-05,1.666666666666667e+00,0.000000000000000e+00,2.981500000000000e+02,3.001333707391909e+02,2.999999999998516e+02,3.383158340603659e+02,3.001551673701328e+02,1,0.000000000000000e+00,0.000000000000000e+00
6.600000000000827e-06,132,1.048322187035264e-03,2.125855725256716e+02,1.000000000000000e+00,8.000000000000000e-01,2.000000000000000e-01,9.041222649597217e-06,-7.512982179781362e-05,1.666666666666667e+00,0.000000000000000e+00,2.981500000000000e+02,3.001331744995582e+02,2.999999999998516e+02,3.384262089568930e+02,3.001582898214953e+02,1,0.000000000000000e+00,0.000000000000000e+00
6.650000000000852e-06,133,1.059960380284255e-03,2.289828056546135e+02,1.000000000000000e+00,8.000000000000000e-01,2.000000000000000e-01,9.124555982930564e-06,-7.512982179781362e-05,1.666666666666667e+00,0.000000000000000e+00,2.981500000000000e+02,3.001332193379515e+02,2.999999999998516e+02,3.385428255038316e+02,3.001619025938565e+02,1,0.000000000000000e+00,0.000000000000000e+00
6.700000000000877e-06,134,1.073078855721030e-03,2.598654676811848e+02,1.000000000000000e+00,8.000000000000000e-01,2.000000000000000e-01,9.207889316263910e-06,-7.512982179781362e-05,1.666666666666667e+00,0.000000000000000e+00,2.981500000000000e+02,3.001335321181909e+02,2.999999999998450e+02,3.386681079497093e+02,3.001659880333426e+02,1,0.000000000000000e+00,0.000000000000000e+00
6.750000000000902e-06,135,1.087209445328466e-03,2.896598819856330e+02,1.000000000000000e+00,8.000000000000000e-01,2.000000000000000e-01,9.291222649597257e-06,-7.512982179781362e-05,1.666666666666667e+00,0.000000000000000e+00,2.981500000000000e+02,3.001341792842528e+02,2.999999999998450e+02,3.387999831756970e+02,3.001704515890683e+02,1,0.000000000000000e+00,0.000000000000000e+00
6.800000000000927e-06,136,1.102102631462510e-03,3.214452656223340e+02,1.000000000000000e+00,8.000000000000000e-01,2.000000000000000e-01,9.374555982930604e-06,-7.512982179781362e-05,1.666666666666667e+00,0.000000000000000e+00,2.981500000000000e+02,3.001356108121703e+02,2.999999999998450e+02,3.389379274864397e+02,3.001752375999762e+02,1,0.000000000000000e+00,0.000000000000000e+00
6.850000000000952e-06,137,1.116375637387261e-03,3.016741352157612e+02,1.000000000000000e+00,8.000000000000000e-01,2.000000000000000e-01,9.457889316263950e-06,-7.512982179781362e-05,1.666666666666667e+00,0.000000000000000e+00,2.981500000000000e+02,3.001374460405693e+02,2.999999999998450e+02,3.390800314412199e+02,3.001801185508811e+02,1,0.000000000000000e+00,0.000000000000000e+00
6.900000000000977e-06,138,1.127159591636054e-03,2.439398259359453e+02,1.000000000000000e+00,8.000000000000000e-01,2.000000000000000e-01,9.541222649597297e-06,-7.512982179781362e-05,1.666666666666667e+00,0.000000000000000e+00,2.981500000000000e+02,3.001378202759667e+02,2.999999999998450e+02,3.392181705222576e+02,3.001845526401382e+02,1,0.000000000000000e+00,0.000000000000000e+00
6.950000000001002e-06,139,1.136273461550273e-03,2.264496896682747e+02,1.000000000000000e+00,8.000000000000000e-01,2.000000000000000e-01,9.624555982930643e-06,-7.512982179781362e-05,1.666666666666667e+00,0.000000000000000e+00,2.981500000000000e+02,3.001373684932195e+02,2.999999999998450e+02,3.393426448736559e+02,3.001886030590174e+02,1,0.000000000000000e+00,0.000000000000000e+00
7.000000000001026e-06,140,1.144236772443523e-03,2.282753266282988e+02,1.000000000000000e+00,8.000000000000000e-01,2.000000000000000e-01,9.707889316263990e-06,-7.512982179781362e-05,1.666666666666667e+00,0.000000000000000e+00,2.981500000000000e+02,3.001366738383704e+02,2.999999999998450e+02,3.394505535481889e+02,3.001923402400693e+02,1,0.000000000000000e+00,0.000000000000000e+00
7.050000000001051e-06,141,1.151253856050899e-03,2.087182565073600e+02,1.000000000000000e+00,8.000000000000000e-01,2.000000000000000e-01,9.791222649597337e-06,-7.512982179781362e-05,1.666666666666667e+00,0.000000000000000e+00,2.981500000000000e+02,3.001360524347838e+02,2.999999999998450e+02,3.395364149413233e+02,3.001958240667247e+02,1,0.000000000000000e+00,0.000000000000000e+00
7.100000000001076e-06,142,1.157690371958892e-03,1.795296477544273e+02,1.000000000000000e+00,8.000000000000000e-01,2.000000000000000e-01,9.874555982930683e-06,-7.512982179781362e-05,1.666666666666667e+00,0.000000000000000e+00,2.981500000000000e+02,3.001354507165605e+02,2.999999999998450e+02,3.396093000053389e+02,3.001991961044180e+02,1,0.000000000000000e+00,0.000000000000000e+00
7.150000000001101e-06,143,1.164027019927212e-03,1.837648804084143e+02,1.000000000000000e+00,8.000000000000000e-01,2.000000000000000e-01,9.957889316264030e-06,-7.512982179781362e-05,1.666666666666667e+00,0.000000000000000e+00,2.981500000000000e+02,3.001347747878606e+02,2.999999999998450e+02,3.396755617478406e+02,3.002025620511916e+02,1,0.000000000000000e+00,0.000000000000000e+00
7.200000000001126e-06,144,1.171717615381084e-03,2.162544125164260e+02,1.000000000000000e+00,8.000000000000000e-01,2.000000000000000e-01,1.004122264959738e-05,-7.512982179781362e-05,1.666666666666667e+00,0.000000000000000e+00,2.981500000000000e+02,3.001342606650322e+02,2.999999999998450e+02,3.397394942325965e+02,3.002061244462655e+02,1,0.000000000000000e+00,0.000000000000000e+00
7.250000000001151e-06,145,1.181414238480526e-03,2.417781571834706e+02,1.000000000000000e+00,8.000000000000000e-01,2.000000000000000e-01,1.012455598293072e-05,-7.512982179781362e-05,1.666666666666667e+00,0.000000000000000e+00,2.981500000000000e+02,3.001340664842191e+02,2.999999999998450e+02,3.398035010079988e+02,3.002101377665647e+02,1,0.000000000000000e+00,0.000000000000000e+00
7.300000000001176e-06,146,1.192542123287692e-03,2.422836454795252e+02,1.000000000000000e+00,8.000000000000000e-01,2.000000000000000e-01,1.020788931626407e-05,-7.512982179781362e-05,1.666666666666667e+00,0.000000000000000e+00,2.981500000000000e+02,3.001340373776827e+02,2.999999999998477e+02,3.398694905041659e+02,3.002146315106414e+02,1,0.000000000000000e+00,0.000000000000000e+00
7.350000000001201e-06,147,1.204907033810748e-03,2.690189042213113e+02,1.000000000000000e+00,8.000000000000000e-01,2.000000000000000e-01,1.029122264959742e-05,-7.512982179781362e-05,1.666666666666667e+00,0.000000000000000e+00,2.981500000000000e+02,3.001341878460304e+02,2.999999999998477e+02,3.399402987534363e+02,3.002196391933887e+02,1,0.000000000000000e+00,0.000000000000000e+00
7.400000000001226e-06,148,1.218104978468479e-03,2.997549362592343e+02,1.000000000000000e+00,8.000000000000000e-01,2.000000000000000e-01,1.037455598293076e-05,-7.512982179781362e-05,1.666666666666667e+00,0.000000000000000e+00,2.981500000000000e+02,3.001346131330913e+02,2.999999999998477e+02,3.400151122528882e+02,3.002250476356946e+02,1,0.000000000000000e+00,0.000000000000000e+00
7.450000000001251e-06,149,1.231209151518789e-03,3.041452328992931e+02,1.000000000000000e+00,8.000000000000000e-01,2.000000000000000e-01,1.045788931626411e-05,-7.512982179781362e-05,1.666666666666667e+00,0.000000000000000e+00,2.981500000000000e+02,3.001352700771361e+02,2.999999999998477e+02,3.400932852289535e+02,3.002306472119803e+02,1,0.000000000000000e+00,0.000000000000000e+00
7.500000000001276e-06,150,1.241304885184943e-03,2.533153556281594e+02,1.000000000000000e+00,8.000000000000000e-01,2.000000000000000e-01,1.054122264959746e-05,-7.512982179781362e-05,1.666666666666667e+00,0.000000000000000e+00,2.981500000000000e+02,3.001354856273123e+02,2.999999999998477e+02,3.401711541406228e+02,3.002359264150579e+02,1,0.000000000000000e+00,0.000000000000000e+00
7.550000000001301e-06,151,1.249853973847683e-03,2.148106370770519e+02,1.000000000000000e+00,8.000000000000000e-01,2.000000000000000e-01,1.062455598293080e-05,-7.512982179781362e-05,1.666666666666667e+00,0.000000000000000e+00,2.981500000000000e+02,3.001352889720698e+02,2.999999999998477e+02,3.402408207089419e+02,3.002408122163445e+02,1,0.000000000000000e+00,0.000000000000000e+00
7.600000000001326e-06,152,1.257646471547929e-03,2.288643062889856e+02,1.000000000000000e+00,8.000000000000000e-01,2.000000000000000e-01,1.070788931626415e-05,-7.512982179781362e-05,1.666666666666667e+00,0.000000000000000e+00,2.981500000000000e+02,3.001349502482365e+02,2.999999999998477e+02,3.403048444437792e+02,3.002454760560788e+02,1,0.000000000000000e+00,0.000000000000000e+00
7.650000000001316e-06,153,1.264750514759649e-03,2.153992826842015e+02,1.000000000000000e+00,8.000000000000000e-01,2.000000000000000e-01,1.079122264959750e-05,-7.512982179781362e-05,1.666666666666667e+00,0.000000000000000e+00,2.981500000000000e+02,3.001346102383700e+02,2.999999999998477e+02,3.403597359975678e+02,3.002499013492283e+02,1,0.000000000000000e+00,0.000000000000000e+00
7.700000000001256e-06,154,1.271342710597293e-03,1.891462911214170e+02,1.000000000000000e+00,8.000000000000000e-01,2.000000000000000e-01,1.087455598293084e-05,-7.512982179781362e-05,1.666666666666667e+00,0.000000000000000e+00,2.981500000000000e+02,3.001340890847657e+02,2.999999999998477e+02,3.404057886984737e+02,3.002541448036427e+02,1,0.000000000000000e+00,0.000000000000000e+00
7.750000000001196e-06,155,1.278227772210149e-03,2.027316586713356e+02,1.000000000000000e+00,8.000000000000000e-01,2.000000000000000e-01,1.095788931626419e-05,-7.512982179781362e-05,1.666666666666667e+00,0.000000000000000e+00,2.981500000000000e+02,3.001334899196161e+02,2.999999999998477e+02,3.404442575807959e+02,3.002582915168136e+02,1,0.000000000000000e+00,0.000000000000000e+00
7.800000000001137e-06,156,1.286228865256465e-03,2.359046912699024e+02,1.000000000000000e+00,8.000000000000000e-01,2.000000000000000e-01,1.104122264959754e-05,-7.512982179781362e-05,1.666666666666667e+00,0.000000000000000e+00,2.981500000000000e+02,3.001330482103663e+02,2.999999999998477e+02,3.404779404177957e+02,3.002623480714788e+02,1,0.000000000000000e+00,0.000000000000000e+00
7.850000000001077e-06,157,1.295659132550760e-03,2.547062248901657e+02,1.000000000000000e+00,8.000000000000000e-01,2.000000000000000e-01,1.112455598293088e-05,-7.512982179781362e-05,1.666666666666667e+00,0.000000000000000e+00,2.981500000000000e+02,3.001328439798734e+02,2.999999999998477e+02,3.405109260112121e+02,3.002664678709320e+02,1,0.000000000000000e+00,0.000000000000000e+00
7.900000000001017e-06,158,1.306354265157870e-03,2.402666117471314e+02,1.000000000000000e+00,8.000000000000000e-01,2.000000000000000e-01,1.120788931626423e-05,-7.512982179781362e-05,1.666666666666667e+00,0.000000000000000e+00,2.981500000000000e+02,3.001327016869839e+02,2.999999999998477e+02,3.405450686997302e+02,3.002712728991765e+02,1,0.000000000000000e+00,0.000000000000000e+00
7.950000000000957e-06,159,1.317976078727294e-03,2.286516147679445e+02,1.000000000000000e+00,8.000000000000000e-01,2.000000000000000e-01,1.129122264959758e-05,-7.512982179781362e-05,1.666666666666667e+00,0.000000000000000e+00,2.981500000000000e+02,3.001324851423364e+02,2.999999999998477e+02,3.405788157992258e+02,3.002767138041847e+02,1,0.000000000000000e+00,0.000000000000000e+00
8.000000000000897e-06,160,1.330153402665081e-03,2.452405350138919e+02,1.000000000000000e+00,8.000000000000000e-01,2.000000000000000e-01,1.137455598293092e-05,-7.512982179781362e-05,1.666666666666667e+00,0.000000000000000e+00,2.981500000000000e+02,3.001323721397320e+02,2.999999999998477e+02,3.406138367807224e+02,3.002823119099304e+02,1,0.000000000000000e+00,0.000000000000000e+00
8.050000000000838e-06,161,1.341047179305501e-03,2.462198254698486e+02,1.000000000000000e+00,8.000000000000000e-01,2.000000000000000e-01,1.145788931626427e-05,-7.512982179781362e-05,1.666666666666667e+00,0.000000000000000e+00,2.981500000000000e+02,3.001323760399515e+02,2.999999999998477e+02,3.406484333793736e+02,3.002878465669385e+02,1,0.000000000000000e+00,0.000000000000000e+00
8.100000000000778e-06,162,1.349090121279552e-03,2.379010446947963e+02,1.000000000000000e+00,8.000000000000000e-01,2.000000000000000e-01,1.154122264959762e-05,-7.512982179781362e-05,1.666666666666667e+00,0.000000000000000e+00,2.981500000000000e+02,3.001321357583288e+02,2.999999999998477e+02,3.406790210569922e+02,3.002926484242498e+02,1,0.000000000000000e+00,0.000000000000000e+00
8.150000000000718e-06,163,1.355484097738485e-03,2.330198375503023e+02,1.000000000000000e+00,8.000000000000000e-01,2.000000000000000e-01,1.162455598293096e-05,-7.512982179781362e-05,1.666666666666667e+00,0.000000000000000e+00,2.981500000000000e+02,3.001316622040695e+02,2.999999999996877e+02,3.407003986430265e+02,3.002970313642122e+02,1,0.000000000000000e+00,0.000000000000000e+00
8.200000000000658e-06,164,1.360372100577471e-03,2.831450150559394e+02,1.000000000000000e+00,8.000000000000000e-01,2.000000000000000e-01,1.170788931626431e-05,-7.512982179781362e-05,1.666666666666667e+00,0.000000000000000e+00,2.981500000000000e+02,3.001314185270805e+02,2.999999999996877e+02,3.407122158629456e+02,3.003011163802399e+02,1,0.000000000000000e+00,0.000000000000000e+00
8.250000000000599e-06,165,1.365377400446527e-03,2.205250411632631e+02,1.000000000000000e+00,8.000000000000000e-01,2.000000000000000e-01,1.179122264959766e-05,-7.512982179781362e-05,1.666666666666667e+00,0.000000000000000e+00,2.981500000000000e+02,3.001314441168024e+02,2.999999999996877e+02,3.407247727675290e+02,3.003054443854190e+02,1,0.000000000000000e+00,0.000000000000000e+00
8.300000000000539e-06,166,1.370389597540064e-03,1.663854254102647e+02,1.000000000000000e+00,8.000000000000000e-01,2.000000000000000e-01,1.187455598293100e-05,-7.512982179781362e-05,1.666666666666667e+00,0.000000000000000e+00,2.981500000000000e+02,3.001309147223033e+02,2.999999999996877e+02,3.407355186182457e+02,3.003099630254380e+02,1,0.000000000000000e+00,0.000000000000000e+00
8.350000000000479e-06,167,1.375619065769004e-03,1.056293398701672e+02,1.000000000000000e+00,8.000000000000000e-01,2.000000000000000e-01,1.195788931626435e-05,-7.512982179781362e-05,1.666666666666667e+00,0.000000000000000e+00,2.981500000000000e+02,3.001298554475997e+02,2.999999999996877e+02,3.407458387987514e+02,3.003146389385169e+02,1,0.000000000000000e+00,0.000000000000000e+00
8.400000000000419e-06,168,1.382114100227470e-03,1.813444810248178e+02,1.000000000000000e+00,8.000000000000000e-01,2.000000000000000e-01,1.204122264959770e-05,-7.512982179781362e-05,1.666666666666667e+00,0.000000000000000e+00,2.981500000000000e+02,3.001288391469974e+02,2.999999999996877e+02,3.407563520624556e+02,3.003195072429205e+02,1,0.000000000000000e+00,0.000000000000000e+00
8.450000000000360e-06,169,1.390448677319774e-03,2.439578449672920e+02,1.000000000000000e+00,8.000000000000000e-01,2.000000000000000e-01,1.212455598293104e-05,-7.512982179781362e-05,1.666666666666667e+00,0.000000000000000e+00,2.981500000000000e+02,3.001283402365421e+02,2.999999999996877e+02,3.407683407895266e+02,3.003248701767501e+02,1,0.000000000000000e+00,0.000000000000000e+00
8.500000000000300e-06,170,1.400512758835655e-03,2.756409766005182e+02,1.000000000000000e+00,8.000000000000000e-01,2.000000000000000e-01,1.220788931626439e-05,-7.512982179781362e-05,1.666666666666667e+00,0.000000000000000e+00,2.981500000000000e+02,3.001281723151278e+02,2.999999999996877e+02,3.407825061022207e+02,3.003310013558806e+02,1,0.000000000000000e+00,0.000000000000000e+00
8.550000000000240e-06,171,1.412116889800206e-03,3.056907189326121e+02,1.000000000000000e+00,8.000000000000000e-01,2.000000000000000e-01,1.229122264959774e-05,-7.512982179781362e-05,1.666666666666667e+00,0.000000000000000e+00,2.981500000000000e+02,3.001282476936577e+02,2.999999999996877e+02,3.408028723171755e+02,3.003378954386086e+02,1,0.000000000000000e+00,0.000000000000000e+00
8.600000000000180e-06,172,1.424315546531107e-03,3.446649215272440e+02,1.000000000000000e+00,8.000000000000000e-01,2.000000000000000e-01,1.237455598293108e-05,-7.512982179781362e-05,1.666666666666667e+00,0.000000000000000e+00,2.981500000000000e+02,3.001285452716278e+02,2.999999999996877e+02,3.408267541189821e+02,3.003452086660212e+02,1,0.000000000000000e+00,0.000000000000000e+00
8.650000000000120e-06,173,1.435263832082580e-03,2.984533946839368e+02,1.000000000000000e+00,8.000000000000000e-01,2.000000000000000e-01,1.245788931626443e-05,-7.512982179781362e-05,1.666666666666667e+00,0.000000000000000e+00,2.981500000000000e+02,3.001289330390114e+02,2.999999999996877e+02,3.408534767704247e+02,3.003525998890274e+02,1,0.000000000000000e+00,0.000000000000000e+00
8.700000000000061e-06,174,1.443885185553675e-03,2.464403742872385e+02,1.000000000000000e+00,8.000000000000000e-01,2.000000000000000e-01,1.254122264959778e-05,-7.512982179781362e-05,1.666666666666667e+00,0.000000000000000e+00,2.981500000000000e+02,3.001287846344071e+02,2.999999999996877e+02,3.408822447628661e+02,3.003595568785134e+02,1,0.000000000000000e+00,0.000000000000000e+00
8.750000000000001e-06,175,1.451434703254615e-03,2.123620351089606e+02,1.000000000000000e+00,8.000000000000000e-01,2.000000000000000e-01,1.262455598293112e-05,-7.512982179781362e-05,1.666666666666667e+00,0.000000000000000e+00,2.981500000000000e+02,3.001283819159132e+02,2.999999999996877e+02,3.409090973968594e+02,3.003660714480054e+02,1,0.000000000000000e+00,0.000000000000000e+00
8.799999999999941e-06,176,1.458256544040858e-03,2.206683988690225e+02,1.000000000000000e+00,8.000000000000000e-01,2.000000000000000e-01,1.270788931626447e-05,-7.512982179781362e-05,1.666666666666667e+00,0.000000000000000e+00,2.981500000000000e+02,3.001279070347990e+02,2.999999999996877e+02,3.409323995414512e+02,3.003722208504217e+02,1,0.000000000000000e+00,0.000000000000000e+00
8.849999999999881e-06,177,1.464903955535238e-03,2.258928062677654e+02,1.000000000000000e+00,8.000000000000000e-01,2.000000000000000e-01,1.279122264959782e-05,-7.512982179781362e-05,1.666666666666667e+00,0.000000000000000e+00,2.981500000000000e+02,3.001274314062683e+02,2.999999999996817e+02,3.409516555175611e+02,3.003780444768238e+02,1,0.000000000000000e+00,0.000000000000000e+00
8.899999999999822e-06,178,1.471992844940707e-03,2.143354912218790e+02,1.000000000000000e+00,8.000000000000000e-01,2.000000000000000e-01,1.287455598293116e-05,-7.512982179781362e-05,1.666666666666667e+00,0.000000000000000e+00,2.981500000000000e+02,3.001268822076527e+02,2.999999999996817e+02,3.409639842454467e+02,3.003835001137933e+02,1,0.000000000000000e+00,0.000000000000000e+00
8.949999999999762e-06,179,1.479369306864399e-03,2.283812614181502e+02,1.000000000000000e+00,8.000000000000000e-01,2.000000000000000e-01,1.295788931626451e-05,-7.512982179781362e-05,1.666666666666667e+00,0.000000000000000e+00,2.981500000000000e+02,3.001263520432198e+02,2.999999999996817e+02,3.409728431855155e+02,3.003888249316054e+02,1,0.000000000000000e+00,0.000000000000000e+00
8.999999999999702e-06,180,1.487349053984807e-03,2.698256637370047e+02,1.000000000000000e+00,8.000000000000000e-01,2.000000000000000e-01,1.304122264959786e-05,-7.512982179781362e-05,1.666666666666667e+00,0.000000000000000e+00,2.981500000000000e+02,3.001260430364421e+02,2.999999999996817e+02,3.409822660045572e+02,3.003944155758472e+02,1,0.000000000000000e+00,0.000000000000000e+00
9.049999999999642e-06,181,1.496469952644110e-03,2.685047914677568e+02,1.000000000000000e+00,8.000000000000000e-01,2.000000000000000e-01,1.312455598293120e-05,-7.512982179781362e-05,1.666666666666667e+00,0.000000000000000e+00,2.981500000000000e+02,3.001259003848133e+02,2.999999999996817e+02,3.409944963897734e+02,3.004006051349277e+02,1,0.000000000000000e+00,0.000000000000000e+00
9.099999999999583e-06,182,1.506716449449826e-03,2.773283702572696e+02,1.000000000000000e+00,8.000000000000000e-01,2.000000000000000e-01,1.320788931626455e-05,-7.512982179781362e-05,1.666666666666667e+00,0.000000000000000e+00,2.981500000000000e+02,3.001257658402835e+02,2.999999999996717e+02,3.410088930003580e+02,3.004074803964548e+02,1,0.000000000000000e+00,0.000000000000000e+00
9.149999999999523e-06,183,1.517622886308625e-03,3.103488461428560e+02,1.000000000000000e+00,8.000000000000000e-01,2.000000000000000e-01,1.329122264959790e-05,-7.512982179781362e-05,1.666666666666667e+00,0.000000000000000e+00,2.981500000000000e+02,3.001257415398854e+02,2.999999999996717e+02,3.410257395224488e+02,3.004148647939518e+02,1,0.000000000000000e+00,0.000000000000000e+00
9.199999999999463e-06,184,1.526727434437803e-03,2.865249222757238e+02,1.000000000000000e+00,8.000000000000000e-01,2.000000000000000e-01,1.337455598293124e-05,-7.512982179781362e-05,1.666666666666667e+00,0.000000000000000e+00,2.981500000000000e+02,3.001258273893464e+02,2.999999999996717e+02,3.410474550247693e+02,3.004223874075153e+02,1,0.000000000000000e+00,0.000000000000000e+00
9.249999999999403e-06,185,1.534513370490941e-03,2.632221461071464e+02,1.000000000000000e+00,8.000000000000000e-01,2.000000000000000e-01,1.345788931626459e-05,-7.512982179781362e-05,1.666666666666667e+00,0.000000000000000e+00,2.981500000000000e+02,3.001256561186887e+02,2.999999999996861e+02,3.410733878630060e+02,3.004297590228435e+02,1,0.000000000000000e+00,0.000000000000000e+00
9.299999999999343e-06,186,1.541379346854135e-03,2.426843723169485e+02,1.000000000000000e+00,8.000000000000000e-01,2.000000000000000e-01,1.354122264959794e-05,-7.512982179781362e-05,1.666666666666667e+00,0.000000000000000e+00,2.981500000000000e+02,3.001253135367378e+02,2.999999999996475e+02,3.410995222783888e+02,3.004367431971805e+02,1,0.000000000000000e+00,0.000000000000000e+00
9.349999999999284e-06,187,1.547427291444450e-03,2.398392289608195e+02,1.000000000000000e+00,8.000000000000000e-01,2.000000000000000e-01,1.362455598293128e-05,-7.512982179781362e-05,1.666666666666667e+00,0.000000000000000e+00,2.981500000000000e+02,3.001249100894470e+02,2.999999999996475e+02,3.411250326872666e+02,3.004433295943680e+02,1,0.000000000000000e+00,0.000000000000000e+00
9.399999999999224e-06,188,1.553139111430512e-03,2.444007176515689e+02,1.000000000000000e+00,8.000000000000000e-01,2.000000000000000e-01,1.370788931626463e-05,-7.512982179781362e-05,1.666666666666667e+00,0.000000000000000e+00,2.981500000000000e+02,3.001245058867267e+02,2.999999999996475e+02,3.411508583342608e+02,3.004496262977996e+02,1,0.000000000000000e+00,0.000000000000000e+00
9.449999999999164e-06,189,1.559257244262763e-03,2.248134580170276e+02,1.000000000000000e+00,8.000000000000000e-01,2.000000000000000e-01,1.379122264959798e-05,-7.512982179781362e-05,1.666666666666667e+00,0.000000000000000e+00,2.981500000000000e+02,3.001240461246868e+02,2.999999999996475e+02,3.411753747214884e+02,3.004555926532563e+02,1,0.000000000000000e+00,0.000000000000000e+00
9.499999999999104e-06,190,1.565718411878106e-03,1.921364346644275e+02,1.000000000000000e+00,8.000000000000000e-01,2.000000000000000e-01,1.387455598293132e-05,-7.512982179781362e-05,1.666666666666667e+00,0.000000000000000e+00,2.981500000000000e+02,3.001234335611115e+02,2.999999999996475e+02,3.411951837563233e+02,3.004614052042627e+02,1,0.000000000000000e+00,0.000000000000000e+00
9.549999999999045e-06,191,1.572681042698988e-03,1.877570042528547e+02,1.000000000000000e+00,8.000000000000000e-01,2.000000000000000e-01,1.395788931626467e-05,-7.512982179781362e-05,1.666666666666667e+00,0.000000000000000e+00,2.981500000000000e+02,3.001227442419183e+02,2.999999999996475e+02,3.412132826094770e+02,3.004674389518148e+02,1,0.000000000000000e+00,0.000000000000000e+00
9.599999999998985e-06,192,1.580519444944818e-03,2.369993515933776e+02,1.000000000000000e+00,8.000000000000000e-01,2.000000000000000e-01,1.404122264959802e-05,-7.512982179781362e-05,1.666666666666667e+00,0.000000000000000e+00,2.981500000000000e+02,3.001222227132454e+02,2.999999999996475e+02,3.412344421421416e+02,3.004740183276911e+02,1,0.000000000000000e+00,0.000000000000000e+00
9.649999999998925e-06,193,1.589702171001180e-03,2.877428969148670e+02,1.000000000000000e+00,8.000000000000000e-01,2.000000000000000e-01,1.412455598293136e-05,-7.512982179781362e-05,1.666666666666667e+00,0.000000000000000e+00,2.981500000000000e+02,3.001220244485572e+02,2.999999999996475e+02,3.412602281353589e+02,3.004814222036293e+02,1,0.000000000000000e+00,0.000000000000000e+00
9.699999999998865e-06,194,1.600116123381621e-03,2.722483204408863e+02,1.000000000000000e+00,8.000000000000000e-01,2.000000000000000e-01,1.420788931626471e-05,-7.512982179781362e-05,1.666666666666667e+00,0.000000000000000e+00,2.981500000000000e+02,3.001219561019971e+02,2.999999999996631e+02,3.412895652287400e+02,3.004897103258195e+02,1,0.000000000000000e+00,0.000000000000000e+00
9.749999999998806e-06,195,1.610240380269314e-03,2.778150540813455e+02,1.000000000000000e+00,8.000000000000000e-01,2.000000000000000e-01,1.429122264959806e-05,-7.512982179781362e-05,1.666666666666667e+00,0.000000000000000e+00,2.981500000000000e+02,3.001218774268735e+02,2.999999999996631e+02,3.413255023714281e+02,3.004984985595311e+02,1,0.000000000000000e+00,0.000000000000000e+00
9.799999999998746e-06,196,1.618344812615318e-03,2.862859948238196e+02,1.000000000000000e+00,8.000000000000000e-01,2.000000000000000e-01,1.437455598293140e-05,-7.512982179781362e-05,1.666666666666667e+00,0.000000000000000e+00,2.981500000000000e+02,3.001217402241605e+02,2.999999999996631e+02,3.413698766615026e+02,3.005071795685064e+02,1,0.000000000000000e+00,0.000000000000000e+00
9.849999999998686e-06,197,1.625676368102355e-03,2.920377798276343e+02,1.000000000000000e+00,8.000000000000000e-01,2.000000000000000e-01,1.445788931626475e-05,-7.512982179781362e-05,1.666666666666667e+00,0.000000000000000e+00,2.981500000000000e+02,3.001216296793193e+02,2.999999999996631e+02,3.414178937452282e+02,3.005155245978531e+02,1,0.000000000000000e+00,0.000000000000000e+00
9.899999999998626e-06,198,1.632486089706505e-03,2.786281490246318e+02,1.000000000000000e+00,8.000000000000000e-01,2.000000000000000e-01,1.454122264959810e-05,-7.512982179781362e-05,1.666666666666667e+00,0.000000000000000e+00,2.981500000000000e+02,3.001214524169620e+02,2.999999999996631e+02,3.414643663250536e+02,3.005235062755241e+02,1,0.000000000000000e+00,0.000000000000000e+00
9.949999999998566e-06,199,1.638876741309521e-03,2.285584734599742e+02,1.000000000000000e+00,8.000000000000000e-01,2.000000000000000e-01,1.462455598293144e-05,-7.512982179781362e-05,1.666666666666667e+00,0.000000000000000e+00,2.981500000000000e+02,3.001211316412960e+02,2.999999999996631e+02,3.415085153701733e+02,3.005312426875133e+02,1,0.000000000000000e+00,0.000000000000000e+00
9.999999999998507e-06,200,1.645348750547737e-03,2.013083997449251e+02,1.000000000000000e+00,8.000000000000000e-01,2.000000000000000e-01,1.470788931626479e-05,-7.512982179781362e-05,1.666666666666667e+00,0.000000000000000e+00,2.981500000000000e+02,3.001206103851335e+02,2.999999999996631e+02,3.415529704626946e+02,3.005388492376970e+02,1,0.000000000000000e+00,0.000000000000000e+00
1.004999999999845e-05,201,1.652645956191346e-03,2.116165593241223e+02,1.000000000000000e+00,8.000000000000000e-01,2.000000000000000e-01,1.479122264959814e-05,-7.512982179781362e-05,1.666666666666667e+00,0.000000000000000e+00,2.981500000000000e+02,3.001200614302281e+02,2.999999999996631e+02,3.415980645613990e+02,3.005463167276693e+02,1,0.000000000000000e+00,0.000000000000000e+00
1.009999999999839e-05,202,1.660610550887944e-03,2.483086170172068e+02,1.000000000000000e+00,8.000000000000000e-01,2.000000000000000e-01,1.487455598293148e-05,-7.512982179781362e-05,1.666666666666667e+00,0.000000000000000e+00,2.981500000000000e+02,3.001196406985503e+02,2.999999999996631e+02,3.416440976942812e+02,3.005538217690466e+02,1,0.000000000000000e+00,0.000000000000000e+00
1.014999999999833e-05,203,1.669149699166592e-03,2.812032718552141e+02,1.000000000000000e+00,8.000000000000000e-01,2.000000000000000e-01,1.495788931626483e-05,-7.512982179781362e-05,1.666666666666667e+00,0.000000000000000e+00,2.981500000000000e+02,3.001194312460402e+02,2.999999999996631e+02,3.416917558514564e+02,3.005616378491060e+02,1,0.000000000000000e+00,0.000000000000000e+00
1.019999999999827e-05,204,1.678428037170723e-03,2.893690717907880e+02,1.000000000000000e+00,8.000000000000000e-01,2.000000000000000e-01,1.504122264959818e-05,-7.512982179781362e-05,1.666666666666667e+00,0.000000000000000e+00,2.981500000000000e+02,3.001193546897379e+02,2.999999999996631e+02,3.417427578132161e+02,3.005699337379403e+02,1,0.000000000000000e+00,0.000000000000000e+00
1.024999999999821e-05,205,1.688725909875764e-03,2.970590402062007e+02,1.000000000000000e+00,8.000000000000000e-01,2.000000000000000e-01,1.512455598293152e-05,-7.512982179781362e-05,1.666666666666667e+00,0.000000000000000e+00,2.981500000000000e+02,3.001193289528337e+02,2.999999999992251e+02,3.417985791557272e+02,3.005788878400764e+02,1,0.000000000000000e+00,0.000000000000000e+00
1.029999999999815e-05,206,1.698051953699434e-03,2.910491768169055e+02,1.000000000000000e+00,8.000000000000000e-01,2.000000000000000e-01,1.520788931626487e-05,-7.512982179781362e-05,1.666666666666667e+00,0.000000000000000e+00,2.981500000000000e+02,3.001193968679060e+02,2.999999999992251e+02,3.418636991692732e+02,3.005883358809592e+02,1,0.000000000000000e+00,0.000000000000000e+00
1.034999999999809e-05,207,1.706259512339928e-03,2.809155806689523e+02,1.000000000000000e+00,8.000000000000000e-01,2.000000000000000e-01,1.529122264959815e-05,-7.512982179781362e-05,1.666666666666667e+00,0.000000000000000e+00,2.981500000000000e+02,3.001193339668768e+02,2.999999999992251e+02,3.419439739249311e+02,3.005979761665552e+02,1,0.000000000000000e+00,0.000000000000000e+00
1.039999999999803e-05,208,1.714121908140268e-03,2.895157543639810e+02,1.000000000000000e+00,8.000000000000000e-01,2.000000000000000e-01,1.537455598293133e-05,-7.512982179781362e-05,1.666666666666667e+00,0.000000000000000e+00,2.981500000000000e+02,3.001192334422069e+02,2.999999999992251e+02,3.420351547155012e+02,3.006074951368218e+02,1,0.000000000000000e+00,0.000000000000000e+00
1.044999999999797e-05,209,1.721564014898397e-03,2.811787956086751e+02,1.000000000000000e+00,8.000000000000000e-01,2.000000000000000e-01,1.545788931626450e-05,-7.512982179781362e-05,1.666666666666667e+00,0.000000000000000e+00,2.981500000000000e+02,3.001191195178426e+02,2.999999999992251e+02,3.421278316240827e+02,3.006167359309917e+02,1,0.000000000000000e+00,0.000000000000000e+00
1.049999999999791e-05,210,1.728613380317639e-03,2.530220711792785e+02,1.000000000000000e+00,8.000000000000000e-01,2.000000000000000e-01,1.554122264959768e-05,-7.512982179781362e-05,1.666666666666667e+00,0.000000000000000e+00,2.981500000000000e+02,3.001189144195761e+02,2.999999999992098e+02,3.422232456042389e+02,3.006256825531499e+02,1,0.000000000000000e+00,0.000000000000000e+00
1.054999999999785e-05,211,1.735520296827463e-03,2.488277670839735e+02,1.000000000000000e+00,8.000000000000000e-01,2.000000000000000e-01,1.562455598293086e-05,-7.512982179781362e-05,1.666666666666667e+00,0.000000000000000e+00,2.981500000000000e+02,3.001186293656897e+02,2.999999999992098e+02,3.423214252295681e+02,3.006342512780410e+02,1,0.000000000000000e+00,0.000000000000000e+00
1.059999999999779e-05,212,1.743082036283831e-03,2.588172191320501e+02,1.000000000000000e+00,8.000000000000000e-01,2.000000000000000e-01,1.570788931626404e-05,-7.512982179781362e-05,1.666666666666667e+00,0.000000000000000e+00,2.981500000000000e+02,3.001183068992941e+02,2.999999999992122e+02,3.424180568276196e+02,3.006424825138142e+02,1,0.000000000000000e+00,0.000000000000000e+00
1.064999999999773e-05,213,1.751377913816842e-03,2.625650642261305e+02,1.000000000000000e+00,8.000000000000000e-01,2.000000000000000e-01,1.579122264959721e-05,-7.512982179781362e-05,1.666666666666667e+00,0.000000000000000e+00,2.981500000000000e+02,3.001180305092736e+02,2.999999999992122e+02,3.425114563836595e+02,3.006505910161917e+02,1,0.000000000000000e+00,0.000000000000000e+00
1.069999999999767e-05,214,1.760495969746728e-03,2.794946281006842e+02,1.000000000000000e+00,8.000000000000000e-01,2.000000000000000e-01,1.587455598293039e-05,-7.512982179781362e-05,1.666666666666667e+00,0.000000000000000e+00,2.981500000000000e+02,3.001178211584487e+02,2.999999999992439e+02,3.426121042956603e+02,3.006589844729073e+02,1,0.000000000000000e+00,0.000000000000000e+00
1.074999999999761e-05,215,1.770709542770075e-03,2.923140942520725e+02,1.000000000000000e+00,8.000000000000000e-01,2.000000000000000e-01,1.595788931626357e-05,-7.512982179781362e-05,1.666666666666667e+00,0.000000000000000e+00,2.981500000000000e+02,3.001177223542524e+02,2.999999999992439e+02,3.427231217723782e+02,3.006680290930099e+02,1,0.000000000000000e+00,0.000000000000000e+00
1.079999999999755e-05,216,1.781936414728632e-03,3.100291122404884e+02,1.000000000000000e+00,8.000000000000000e-01,2.000000000000000e-01,1.604122264959675e-05,-7.512982179781362e-05,1.666666666666667e+00,0.000000000000000e+00,2.981500000000000e+02,3.001177185983213e+02,2.999999999992439e+02,3.428410221126849e+02,3.006777109558489e+02,1,0.000000000000000e+00,0.000000000000000e+00
1.084999999999749e-05,217,1.791876532673210e-03,3.026616272512339e+02,1.000000000000000e+00,8.000000000000000e-01,2.000000000000000e-01,1.612455598292992e-05,-7.512982179781362e-05,1.666666666666667e+00,0.000000000000000e+00,2.981500000000000e+02,3.001177859493305e+02,2.999999999992439e+02,3.429669171698823e+02,3.006876795927910e+02,1,0.000000000000000e+00,0.000000000000000e+00
1.089999999999743e-05,218,1.800687689639165e-03,2.989611331759504e+02,1.000000000000000e+00,8.000000000000000e-01,2.000000000000000e-01,1.620788931626310e-05,-7.512982179781362e-05,1.666666666666667e+00,0.000000000000000e+00,2.981500000000000e+02,3.001177609715086e+02,2.999999999992439e+02,3.431076770097725e+02,3.006977845572603e+02,1,0.000000000000000e+00,0.000000000000000e+00
1.094999999999737e-05,219,1.809151664941509e-03,3.042011044864156e+02,1.000000000000000e+00,8.000000000000000e-01,2.000000000000000e-01,1.629122264959628e-05,-7.512982179781362e-05,1.666666666666667e+00,0.000000000000000e+00,2.981500000000000e+02,3.001177621318225e+02,2.999999999992439e+02,3.432592362559146e+02,3.007078596456431e+02,1,0.000000000000000e+00,0.000000000000000e+00
1.099999999999731e-05,220,1.817433259481908e-03,3.110690915552123e+02,1.000000000000000e+00,8.000000000000000e-01,2.000000000000000e-01,1.637455598292945e-05,-7.512982179781362e-05,1.666666666666667e+00,0.000000000000000e+00,2.981500000000000e+02,3.001177962540326e+02,2.999999999992439e+02,3.434121793933130e+02,3.007178584711723e+02,1,0.000000000000000e+00,0.000000000000000e+00
1.104999999999725e-05,221,1.826503378033617e-03,2.863996343168579e+02,1.000000000000000e+00,8.000000000000000e-01,2.000000000000000e-01,1.645788931626263e-05,-7.512982179781362e-05,1.666666666666667e+00,0.000000000000000e+00,2.981500000000000e+02,3.001177709659138e+02,2.999999999992430e+02,3.435614980131804e+02,3.007276903409461e+02,1,0.000000000000000e+00,0.000000000000000e+00
1.109999999999719e-05,222,1.836301848309290e-03,2.735523532988322e+02,1.000000000000000e+00,8.000000000000000e-01,2.000000000000000e-01,1.654122264959581e-05,-7.512982179781362e-05,1.666666666666667e+00,0.000000000000000e+00,2.981500000000000e+02,3.001176539351694e+02,2.999999999992430e+02,3.437063039340344e+02,3.007373212722373e+02,1,0.000000000000000e+00,0.000000000000000e+00
1.114999999999713e-05,223,1.846220411674947e-03,2.892561538610032e+02,1.000000000000000e+00,8.000000000000000e-01,2.000000000000000e-01,1.662455598292899e-05,-7.512982179781362e-05,1.666666666666667e+00,0.000000000000000e+00,2.981500000000000e+02,3.001175184977520e+02,2.999999999992430e+02,3.438463642420271e+02,3.007467307996638e+02,1,0.000000000000000e+00,0.000000000000000e+00
1.119999999999707e-05,224,1.856061933384019e-03,2.984377072074249e+02,1.000000000000000e+00,8.000000000000000e-01,2.000000000000000e-01,1.670788931626216e-05,-7.512982179781362e-05,1.666666666666667e+00,0.000000000000000e+00,2.981500000000000e+02,3.001174290849044e+02,2.999999999992430e+02,3.439817723165397e+02,3.007559845555228e+02,1,0.000000000000000e+00,0.000000000000000e+00
1.124999999999701e-05,225,1.866183391093061e-03,3.273621546890922e+02,1.000000000000000e+00,8.000000000000000e-01,2.000000000000000e-01,1.679122264959534e-05,-7.512982179781362e-05,1.666666666666667e+00,0.000000000000000e+00,2.981500000000000e+02,3.001174293488016e+02,2.999999999992430e+02,3.441190815587166e+02,3.007653597241068e+02,1,0.000000000000000e+00,0.000000000000000e+00
1.129999999999695e-05,226,1.876734537390640e-03,3.552691670276020e+02,1.000000000000000e+00,8.000000000000000e-01,2.000000000000000e-01,1.687455598292852e-05,-7.512982179781362e-05,1.666666666666667e+00,0.000000000000000e+00,2.981500000000000e+02,3.001175376845228e+02,2.999999999992430e+02,3.442602930898519e+02,3.007750494376226e+02,1,0.000000000000000e+00,0.000000000000000e+00
1.134999999999689e-05,227,1.886658223867428e-03,3.468827734349021e+02,1.000000000000000e+00,8.000000000000000e-01,2.000000000000000e-01,1.695788931626169e-05,-7.512982179781362e-05,1.666666666666667e+00,0.000000000000000e+00,2.981500000000000e+02,3.001180226294745e+02,2.999999999992430e+02,3.444082739401491e+02,3.007849502271522e+02,1,0.000000000000000e+00,0.000000000000000e+00
1.139999999999683e-05,228,1.895290191899422e-03,3.135687317583400e+02,1.000000000000000e+00,8.000000000000000e-01,2.000000000000000e-01,1.704122264959487e-05,-7.512982179781362e-05,1.666666666666667e+00,0.000000000000000e+00,2.981500000000000e+02,3.001184753329564e+02,2.999999999992430e+02,3.445685362352661e+02,3.007948604644937e+02,1,0.000000000000000e+00,0.000000000000000e+00
1.144999999999677e-05,229,1.903798036828838e-03,2.919617897473407e+02,1.000000000000000e+00,8.000000000000000e-01,2.000000000000000e-01,1.712455598292805e-05,-7.512982179781362e-05,1.666666666666667e+00,0.000000000000000e+00,2.981500000000000e+02,3.001187710344586e+02,2.999999999992430e+02,3.447444847970543e+02,3.008048099375445e+02,1,0.000000000000000e+00,0.000000000000000e+00
1.149999999999671e-05,230,1.912393916519725e-03,2.983762469276850e+02,1.000000000000000e+00,8.000000000000000e-01,2.000000000000000e-01,1.720788931626123e-05,-7.512982179781362e-05,1.666666666666667e+00,0.000000000000000e+00,2.981500000000000e+02,3.001191175764666e+02,2.999999999992430e+02,3.449327398495087e+02,3.008148843651670e+02,1,0.000000000000000e+00,0.000000000000000e+00
1.154999999999665e-05,231,1.921279708180007e-03,2.936416635044599e+02,1.000000000000000e+00,8.000000000000000e-01,2.000000000000000e-01,1.729122264959440e-05,-7.512982179781362e-05,1.666666666666667e+00,0.000000000000000e+00,2.981500000000000e+02,3.001195263431568e+02,2.999999999992430e+02,3.451267808771386e+02,3.008250041055827e+02,1,0.000000000000000e+00,0.000000000000000e+00
1.159999999999659e-05,232,1.931087927790701e-03,2.911105924190913e+02,1.000000000000000e+00,8.000000000000000e-01,2.000000000000000e-01,1.737455598292758e-05,-7.512982179781362e-05,1.666666666666667e+00,0.000000000000000e+00,2.981500000000000e+02,3.001199966995380e+02,2.999999999992430e+02,3.453196982771100e+02,3.008350540392123e+02,1,0.000000000000000e+00,0.000000000000000e+00
1.164999999999653e-05,233,1.941459891196475e-03,2.873113369746638e+02,1.000000000000000e+00,8.000000000000000e-01,2.000000000000000e-01,1.745788931626076e-05,-7.512982179781362e-05,1.666666666666667e+00,0.000000000000000e+00,2.981500000000000e+02,3.001204547206665e+02,2.999999999992430e+02,3.455064787835395e+02,3.008450510924333e+02,1,0.000000000000000e+00,0.000000000000000e+00
1.169999999999647e-05,234,1.951988677852062e-03,2.706111945088313e+02,1.000000000000000e+00,8.000000000000000e-01,2.000000000000000e-01,1.754122264959394e-05,-7.512982179781362e-05,1.666666666666667e+00,0.000000000000000e+00,2.981500000000000e+02,3.001206636112448e+02,2.999999999992386e+02,3.456830468780367e+02,3.008549717832997e+02,1,0.000000000000000e+00,0.000000000000000e+00
1.174999999999641e-05,235,1.962416366405084e-03,2.908058500487580e+02,1.000000000000000e+00,8.000000000000000e-01,2.000000000000000e-01,1.762455598292711e-05,-7.512982179781362e-05,1.666666666666667e+00,0.000000000000000e+00,2.981500000000000e+02,3.001207504261112e+02,2.999999999992111e+02,3.458524314978502e+02,3.008648020556632e+02,1,0.000000000000000e+00,0.000000000000000e+00
1.179999999999635e-05,236,1.972962436640410e-03,3.279046939839322e+02,1.000000000000000e+00,8.000000000000000e-01,2.000000000000000e-01,1.770788931626029e-05,-7.512982179781362e-05,1.666666666666667e+00,0.000000000000000e+00,2.981500000000000e+02,3.001211072550774e+02,2.999999999992111e+02,3.460197544447502e+02,3.008747115565215e+02,1,0.000000000000000e+00,0.000000000000000e+00
1.184999999999630e-05,237,1.984160939128257e-03,3.616970600892744e+02,1.000000000000000e+00,8.000000000000000e-01,2.000000000000000e-01,1.779122264959347e-05,-7.512982179781362e-05,1.666666666666667e+00,0.000000000000000e+00,2.981500000000000e+02,3.001218671971063e+02,2.999999999992111e+02,3.461946824020582e+02,3.008850269654803e+02,1,0.000000000000000e+00,0.000000000000000e+00
1.189999999999624e-05,238,1.995235647421309e-03,3.779215509848637e+02,1.000000000000000e+00,8.000000000000000e-01,2.000000000000000e-01,1.787455598292664e-05,-7.512982179781362e-05,1.666666666666667e+00,0.000000000000000e+00,2.981500000000000e+02,3.001228986215963e+02,2.999999999992118e+02,3.463730068410680e+02,3.008957580752767e+02,1,0.000000000000000e+00,0.000000000000000e+00
1.194999999999618e-05,239,2.005076530181741e-03,3.539285940849450e+02,1.000000000000000e+00,8.000000000000000e-01,2.000000000000000e-01,1.795788931625982e-05,-7.512982179781362e-05,1.666666666666667e+00,0.000000000000000e+00,2.981500000000000e+02,3.001238786601666e+02,2.999999999992118e+02,3.465635518626397e+02,3.009067057164695e+02,1,0.000000000000000e+00,0.000000000000000e+00
1.199999999999612e-05,240,2.014906517531637e-03,3.402926178831496e+02,1.000000000000000e+00,8.000000000000000e-01,2.000000000000000e-01,1.804122264959300e-05,-7.512982179781362e-05,1.666666666666667e+00,0.000000000000000e+00,2.981500000000000e+02,3.001247926575001e+02,2.999999999992118e+02,3.467674876271473e+02,3.009178545935578e+02,1,0.000000000000000e+00,0.000000000000000e+00
1.204999999999606e-05,241,2.024931262931042e-03,3.303643922855434e+02,1.000000000000000e+00,8.000000000000000e-01,2.000000000000000e-01,1.812455598292618e-05,-7.512982179781362e-05,1.666666666666667e+00,0.000000000000000e+00,2.981500000000000e+02,3.001257582627071e+02,2.999999999994247e+02,3.469819368188413e+02,3.009291707770673e+02,1,0.000000000000000e+00,0.000000000000000e+00
1.209999999999600e-05,242,2.034985744775451e-03,3.201887066582437e+02,1.000000000000000e+00,8.000000000000000e-01,2.000000000000000e-01,1.820788931625935e-05,-7.512982179781362e-05,1.666666666666667e+00,0.000000000000000e+00,2.981500000000000e+02,3.001267176677390e+02,2.999999999994318e+02,3.471998213309847e+02,3.009405519886491e+02,1,0.000000000000000e+00,0.000000000000000e+00
1.214999999999594e-05,243,2.045269993054843e-03,3.330836359333665e+02,1.000000000000000e+00,8.000000000000000e-01,2.000000000000000e-01,1.829122264959253e-05,-7.512982179781362e-05,1.666666666666667e+00,0.000000000000000e+00,2.981500000000000e+02,3.001276894542211e+02,2.999999999994318e+02,3.474074924973117e+02,3.009518263889983e+02,1,0.000000000000000e+00,0.000000000000000e+00
1.219999999999588e-05,244,2.056365401302986e-03,3.676959393405153e+02,1.000000000000000e+00,8.000000000000000e-01,2.000000000000000e-01,1.837455598292571e-05,-7.512982179781362e-05,1.666666666666667e+00,0.000000000000000e+00,2.981500000000000e+02,3.001287834379700e+02,2.999999999994318e+02,3.475943978932567e+02,3.009629482694179e+02,1,0.000000000000000e+00,0.000000000000000e+00
1.224999999999582e-05,245,2.067809440279904e-03,4.117707862767110e+02,1.000000000000000e+00,8.000000000000000e-01,2.000000000000000e-01,1.845788931625889e-05,-7.512982179781362e-05,1.666666666666667e+00,0.000000000000000e+00,2.981500000000000e+02,3.001301550011888e+02,2.999999999994318e+02,3.477516857247366e+02,3.009739800985366e+02,1,0.000000000000000e+00,0.000000000000000e+00
1.229999999999576e-05,246,2.079703688159623e-03,4.742960269974051e+02,1.000000000000000e+00,8.000000000000000e-01,2.000000000000000e-01,1.854122264959206e-05,-7.512982179781362e-05,1.666666666666667e+00,0.000000000000000e+00,2.981500000000000e+02,3.001319120022497e+02,2.999999999994318e+02,3.478797628712361e+02,3.009850901928732e+02,1,0.000000000000000e+00,0.000000000000000e+00
1.234999999999570e-05,247,2.092165115738985e-03,5.183425780866124e+02,1.000000000000000e+00,8.000000000000000e-01,2.000000000000000e-01,1.862455598292524e-05,-7.512982179781362e-05,1.666666666666667e+00,0.000000000000000e+00,2.981500000000000e+02,3.001340727893014e+02,2.999999999994318e+02,3.479826231649230e+02,3.009964629381000e+02,1,0.000000000000000e+00,0.000000000000000e+00
1.239999999999564e-05,248,2.104566290545833e-03,5.281353673203876e+02,1.000000000000000e+00,8.000000000000000e-01,2.000000000000000e-01,1.870788931625842e-05,-7.512982179781362e-05,1.666666666666667e+00,0.000000000000000e+00,2.981500000000000e+02,3.001362548166806e+02,2.999999999994318e+02,3.480657824546404e+02,3.010081705041606e+02,1,0.000000000000000e+00,0.000000000000000e+00
1.244999999999558e-05,249,2.115717294895134e-03,4.812255244498284e+02,1.000000000000000e+00,8.000000000000000e-01,2.000000000000000e-01,1.879122264959159e-05,-7.512982179781362e-05,1.666666666666667e+00,0.000000000000000e+00,2.981500000000000e+02,3.001380570123652e+02,2.999999999994318e+02,3.481443356120079e+02,3.010200224962929e+02,1,0.000000000000000e+00,0.000000000000000e+00
1.249999999999552e-05,250,2.126819210817929e-03,4.965536191699130e+02,1.000000000000000e+00,8.000000000000000e-01,2.000000000000000e-01,1.887455598292477e-05,-7.512982179781362e-05,1.666666666666667e+00,0.000000000000000e+00,2.981500000000000e+02,3.001394491846413e+02,2.999999999994318e+02,3.482291564147643e+02,3.010320294691618e+02,1,0.000000000000000e+00,0.000000000000000e+00
1.254999999999546e-05,251,2.137925654317749e-03,5.151154413651992e+02,1.000000000000000e+00,8.000000000000000e-01,2.000000000000000e-01,1.895788931625795e-05,-7.512982179781362e-05,1.666666666666667e+00,0.000000000000000e+00,2.981500000000000e+02,3.001407872445382e+02,2.999999999994318e+02,3.483142166527641e+02,3.010442211071115e+02,1,0.000000000000000e+00,0.000000000000000e+00
1.259999999999540e-05,252,2.149053907431561e-03,4.926917521203462e+02,1.000000000000000e+00,8.000000000000000e-01,2.000000000000000e-01,1.904122264959113e-05,-7.512982179781362e-05,1.666666666666667e+00,0.000000000000000e+00,2.981500000000000e+02,3.001419061119157e+02,2.999999999994318e+02,3.483961059195775e+02,3.010565562939519e+02,1,0.000000000000000e+00,0.000000000000000e+00
1.264999999999534e-05,253,2.160055509168250e-03,4.864261038992572e+02,1.000000000000000e+00,8.000000000000000e-01,2.000000000000000e-01,1.912455598292430e-05,-7.512982179781362e-05,1.666666666666667e+00,0.000000000000000e+00,2.981500000000000e+02,3.001426293977267e+02,2.999999999994315e+02,3.484731228552329e+02,3.010688629887664e+02,1,0.000000000000000e+00,0.000000000000000e+00
1.269999999999528e-05,254,2.171806686411131e-03,4.412051516684708e+02,1.000000000000000e+00,8.000000000000000e-01,2.000000000000000e-01,1.920788931625748e-05,-7.512982179781362e-05,1.666666666666667e+00,0.000000000000000e+00,2.981500000000000e+02,3.001430005494378e+02,2.999999999991784e+02,3.485437643606265e+02,3.010810372473767e+02,1,0.000000000000000e+00,0.000000000000000e+00
1.274999999999522e-05,255,2.184025362941451e-03,4.192912446749834e+02,1.000000000000000e+00,8.000000000000000e-01,2.000000000000000e-01,1.929122264959066e-05,-7.512982179781362e-05,1.666666666666667e+00,0.000000000000000e+00,2.981500000000000e+02,3.001429616570004e+02,2.999999999991784e+02,3.486056806278794e+02,3.010931148777155e+02,1,0.000000000000000e+00,0.000000000000000e+00
1.279999999999516e-05,256,2.195936379160172e-03,4.264738082385705e+02,1.000000000000000e+00,8.000000000000000e-01,2.000000000000000e-01,1.937455598292383e-05,-7.512982179781362e-05,1.666666666666667e+00,0.000000000000000e+00,2.981500000000000e+02,3.001426729841629e+02,2.999999999991784e+02,3.486602067018493e+02,3.011050271138010e+02,1,0.000000000000000e+00,0.000000000000000e+00
1.284999999999510e-05,257,2.207583435438446e-03,4.473184372908458e+02,1.000000000000000e+00,8.000000000000000e-01,2.000000000000000e-01,1.945788931625701e-05,-7.512982179781362e-05,1.666666666666667e+00,0.000000000000000e+00,2.981500000000000e+02,3.001424771580539e+02,2.999999999991784e+02,3.487098583728694e+02,3.011168968859210e+02,1,0.000000000000000e+00,0.000000000000000e+00
1.289999999999504e-05,258,2.219345731772763e-03,4.601624945028333e+02,1.000000000000000e+00,8.000000000000000e-01,2.000000000000000e-01,1.954122264959019e-05,-7.512982179781362e-05,1.666666666666667e+00,0.000000000000000e+00,2.981500000000000e+02,3.001424967535825e+02,2.999999999991784e+02,3.487587734397462e+02,3.011290156868772e+02,1,0.000000000000000e+00,0.000000000000000e+00
1.294999999999498e-05,259,2.231366972649136e-03,4.734528553084257e+02,1.000000000000000e+00,8.000000000000000e-01,2.000000000000000e-01,1.962455598292337e-05,-7.512982179781362e-05,1.666666666666667e+00,0.000000000000000e+00,2.981500000000000e+02,3.001426321456547e+02,2.999999999991784e+02,3.488077600932817e+02,3.011415683380004e+02,1,0.000000000000000e+00,0.000000000000000e+00
1.299999999999492e-05,260,2.243629438114553e-03,4.764649951715181e+02,1.000000000000000e+00,8.000000000000000e-01,2.000000000000000e-01,1.970788931625654e-05,-7.512982179781362e-05,1.666666666666667e+00,0.000000000000000e+00,2.981500000000000e+02,3.001429029631947e+02,2.999999999992088e+02,3.488577862918206e+02,3.011545556536279e+02,1,0.000000000000000e+00,0.000000000000000e+00
1.304999999999486e-05,261,2.254392963830136e-03,4.378382943195458e+02,1.000000000000000e+00,8.000000000000000e-01,2.000000000000000e-01,1.979122264958972e-05,-7.512982179781362e-05,1.666666666666667e+00,0.000000000000000e+00,2.981500000000000e+02,3.001432120936856e+02,2.999999999992088e+02,3.489088975455229e+02,3.011677376351261e+02,1,0.000000000000000e+00,0.000000000000000e+00
1.309999999999480e-05,262,2.264591440459060e-03,4.021804419669984e+02,1.000000000000000e+00,8.000000000000000e-01,2.000000000000000e-01,1.987455598292290e-05,-7.512982179781362e-05,1.666666666666667e+00,0.000000000000000e+00,2.981500000000000e+02,3.001431449875169e+02,2.999999999992088e+02,3.489651800384080e+02,3.011809805851872e+02,1,0.000000000000000e+00,0.000000000000000e+00
1.314999999999474e-05,263,2.274600725803189e-03,4.134684876213032e+02,1.000000000000000e+00,8.000000000000000e-01,2.000000000000000e-01,1.995788931625608e-05,-7.512982179781362e-05,1.666666666666667e+00,0.000000000000000e+00,2.981500000000000e+02,3.001430068104262e+02,2.999999999992088e+02,3.490245844359458e+02,3.011942723245922e+02,1,0.000000000000000e+00,0.000000000000000e+00
1.319999999999468e-05,264,2.284513047853920e-03,4.013760970994129e+02,1.000000000000000e+00,8.000000000000000e-01,2.000000000000000e-01,2.004122264958925e-05,-7.512982179781362e-05,1.666666666666667e+00,0.000000000000000e+00,2.981500000000000e+02,3.001429040414379e+02,2.999999999992088e+02,3.491006504111720e+02,3.012074811878393e+02,1,0.000000000000000e+00,0.000000000000000e+00
1.324999999999462e-05,265,2.294257507247913e-03,4.124574092206911e+02,1.000000000000000e+00,8.000000000000000e-01,2.000000000000000e-01,2.012455598292243e-05,-7.512982179781362e-05,1.666666666666667e+00,0.000000000000000e+00,2.981500000000000e+02,3.001426926061666e+02,2.999999999992088e+02,3.494179920251386e+02,3.012204476206600e+02,1,0.000000000000000e+00,0.000000000000000e+00
1.329999999999456e-05,266,2.304545493480438e-03,4.420672697972730e+02,1.000000000000000e+00,8.000000000000000e-01,2.000000000000000e-01,2.020788931625561e-05,-7.512982179781362e-05,1.666666666666667e+00,0.000000000000000e+00,2.981500000000000e+02,3.001425232189192e+02,2.999999999992088e+02,3.497136778135906e+02,3.012323095514408e+02,1,0.000000000000000e+00,0.000000000000000e+00
1.334999999999450e-05,267,2.315727733401695e-03,4.498724101978307e+02,1.000000000000000e+00,8.000000000000000e-01,2.000000000000000e-01,2.029122264958878e-05,-7.512982179781362e-05,1.666666666666667e+00,0.000000000000000e+00,2.981500000000000e+02,3.001424883437605e+02,2.999999999992088e+02,3.499868629963839e+02,3.012438967594702e+02,1,0.000000000000000e+00,0.000000000000000e+00
1.339999999999444e-05,268,2.327261851205601e-03,4.382683758946547e+02,1.000000000000000e+00,8.000000000000000e-01,2.000000000000000e-01,2.037455598292196e-05,-7.512982179781362e-05,1.666666666666667e+00,0.000000000000000e+00,2.981500000000000e+02,3.001423690570016e+02,2.999999999992088e+02,3.502552421635133e+02,3.012547288204141e+02,1,0.000000000000000e+00,0.000000000000000e+00
1.344999999999438e-05,269,2.339149590997967e-03,3.988304017257517e+02,1.000000000000000e+00,8.000000000000000e-01,2.000000000000000e-01,2.045788931625514e-05,-7.512982179781362e-05,1.666666666666667e+00,0.000000000000000e+00,2.981500000000000e+02,3.001420978167088e+02,2.999999999992088e+02,3.505195463619713e+02,3.012663860866448e+02,1,0.000000000000000e+00,0.000000000000000e+00
1.349999999999432e-05,270,2.351348215688056e-03,4.263051983037851e+02,1.000000000000000e+00,8.000000000000000e-01,2.000000000000000e-01,2.054122264958832e-05,-7.512982179781362e-05,1.666666666666667e+00,0.000000000000000e+00,2.981500000000000e+02,3.001418197203312e+02,2.999999999992088e+02,3.507916899743706e+02,3.012784583347480e+02,1,0.000000000000000e+00,0.000000000000000e+00
1.354999999999426e-05,271,2.363904792089471e-03,3.941292305989886e+02,1.000000000000000e+00,8.000000000000000e-01,2.000000000000000e-01,2.062455598292149e-05,-7.512982179781362e-05,1.666666666666667e+00,0.000000000000000e+00,2.981500000000000e+02,3.001417139466188e+02,2.999999999992059e+02,3.510689056265705e+02,3.012910798112417e+02,1,0.000000000000000e+00,0.000000000000000e+00
1.359999999999420e-05,272,2.377078441925588e-03,3.417359315536458e+02,1.000000000000000e+00,8.000000000000000e-01,2.000000000000000e-01,2.070788931625467e-05,-7.512982179781362e-05,1.666666666666667e+00,0.000000000000000e+00,2.981500000000000e+02,3.001418604806397e+02,2.999999999992090e+02,3.513404042855474e+02,3.013040557764299e+02,1,0.000000000000000e+00,0.000000000000000e+00
1.364999999999414e-05,273,2.390828283285183e-03,3.853933436886936e+02,1.000000000000000e+00,8.000000000000000e-01,2.000000000000000e-01,2.079122264958785e-05,-7.512982179781362e-05,1.666666666666667e+00,0.000000000000000e+00,2.981500000000000e+02,3.001424910893369e+02,2.999999999992100e+02,3.516139058121058e+02,3.013174297490229e+02,1,0.000000000000000e+00,0.000000000000000e+00
1.369999999999408e-05,274,2.404678021556890e-03,5.097717570589984e+02,1.000000000000000e+00,8.000000000000000e-01,2.000000000000000e-01,2.087455598292103e-05,-7.512982179781362e-05,1.666666666666667e+00,0.000000000000000e+00,2.981500000000000e+02,3.001431549863805e+02,2.999999999992120e+02,3.518649529026187e+02,3.013311345268903e+02,1,0.000000000000000e+00,0.000000000000000e+00
1.374999999999402e-05,275,2.418834014803115e-03,7.638681685623447e+02,1.000000000000000e+00,8.000000000000000e-01,2.000000000000000e-01,2.095788931625420e-05,-7.512982179781362e-05,1.666666666666667e+00,0.000000000000000e+00,2.981500000000000e+02,3.001440168088274e+02,2.999999999992120e+02,3.521017826339460e+02,3.013453657973116e+02,1,0.000000000000000e+00,0.000000000000000e+00
1.379999999999396e-05,276,2.432621520889652e-03,8.409341886415148e+02,1.000000000000000e+00,8.000000000000000e-01,2.000000000000000e-01,2.104122264958738e-05,-7.512982179781362e-05,1.666666666666667e+00,0.000000000000000e+00,2.981500000000000e+02,3.001445753670189e+02,2.999999999992120e+02,3.523006554481206e+02,3.013594120022629e+02,1,0.000000000000000e+00,0.000000000000000e+00
1.384999999999390e-05,277,2.445783182868260e-03,8.743371522456141e+02,1.000000000000000e+00,8.000000000000000e-01,2.000000000000000e-01,2.112455598292056e-05,-7.512982179781362e-05,1.666666666666667e+00,0.000000000000000e+00,2.981500000000000e+02,3.001454036430815e+02,2.999999999992120e+02,3.524789313066692e+02,3.013729891225649e+02,1,0.000000000000000e+00,0.000000000000000e+00
1.389999999999384e-05,278,2.458558738050984e-03,9.150710642700154e+02,1.000000000000000e+00,8.000000000000000e-01,2.000000000000000e-01,2.120788931625373e-05,-7.512982179781362e-05,1.666666666666667e+00,0.000000000000000e+00,2.981500000000000e+02,3.001462303074291e+02,2.999999999992120e+02,3.525885316836143e+02,3.013872380102462e+02,1,0.000000000000000e+00,0.000000000000000e+00
1.394999999999378e-05,279,2.471542343637737e-03,1.235643433893485e+03,1.000000000000000e+00,8.000000000000000e-01,2.000000000000000e-01,2.129122264958691e-05,-7.512982179781362e-05,1.666666666666667e+00,0.000000000000000e+00,2.981500000000000e+02,3.001476108516864e+02,2.999999999992483e+02,3.527315995891912e+02,3.014001907287272e+02,1,0.000000000000000e+00,0.000000000000000e+00
1.399999999999372e-05,280,2.484105639420160e-03,1.305752452627056e+03,1.000000000000000e+00,8.000000000000000e-01,2.000000000000000e-01,2.137455598292009e-05,-7.512982179781362e-05,1.666666666666667e+00,0.000000000000000e+00,2.981500000000000e+02,3.001495832582274e+02,2.999999999992483e+02,3.529002027693809e+02,3.014131565347049e+02,1,0.000000000000000e+00,0.000000000000000e+00
1.404999999999367e-05,281,2.497159791429443e-03,1.269342463859583e+03,1.000000000000000e+00,8.000000000000000e-01,2.000000000000000e-01,2.145788931625327e-05,-7.512982179781362e-05,1.666666666666667e+00,0.000000000000000e+00,2.981500000000000e+02,3.001521510618562e+02,2.999999999992483e+02,3.531265318919270e+02,3.014270329004912e+02,1,0.000000000000000e+00,0.000000000000000e+00
1.409999999999361e-05,282,2.511041106954671e-03,7.165758418934415e+02,1.000000000000000e+00,8.000000000000000e-01,2.000000000000000e-01,2.154122264958644e-05,-7.512982179781362e-05,1.666666666666667e+00,0.000000000000000e+00,2.981500000000000e+02,3.001540316958839e+02,2.999999999992504e+02,3.533833917566452e+02,3.014416791633211e+02,1,0.000000000000000e+00,0.000000000000000e+00
1.414999999999355e-05,283,2.525271482384767e-03,4.873002077622120e+02,1.000000000000000e+00,8.000000000000000e-01,2.000000000000000e-01,2.162455598291962e-05,-7.512982179781362e-05,1.666666666666667e+00,0.000000000000000e+00,2.981500000000000e+02,3.001547753130580e+02,2.999999999989913e+02,3.536426456553341e+02,3.014566787973228e+02,1,0.000000000000000e+00,0.000000000000000e+00
1.419999999999349e-05,284,2.540414125638246e-03,4.228307945883705e+02,1.000000000000000e+00,8.000000000000000e-01,2.000000000000000e-01,2.170788931625280e-05,-7.512982179781362e-05,1.666666666666667e+00,0.000000000000000e+00,2.981500000000000e+02,3.001550006395840e+02,2.999999999989913e+02,3.539192053937244e+02,3.014721807806921e+02,1,0.000000000000000e+00,0.000000000000000e+00
1.424999999999343e-05,285,2.556277910425480e-03,4.841832840806945e+02,1.000000000000000e+00,8.000000000000000e-01,2.000000000000000e-01,2.179122264958598e-05,-7.512982179781362e-05,1.666666666666667e+00,0.000000000000000e+00,2.981500000000000e+02,3.001553918801558e+02,2.999999999989913e+02,3.541992054035545e+02,3.014881759898296e+02,1,0.000000000000000e+00,0.000000000000000e+00
1.429999999999337e-05,286,2.572836847957199e-03,5.955375358893745e+02,1.000000000000000e+00,8.000000000000000e-01,2.000000000000000e-01,2.187455598291915e-05,-7.512982179781362e-05,1.666666666666667e+00,0.000000000000000e+00,2.981500000000000e+02,3.001567373601157e+02,2.999999999990031e+02,3.544903377457865e+02,3.015049198121047e+02,1,0.000000000000000e+00,0.000000000000000e+00
1.434999999999331e-05,287,2.589665605835734e-03,7.380078082262922e+02,1.000000000000000e+00,8.000000000000000e-01,2.000000000000000e-01,2.195788931625233e-05,-7.512982179781362e-05,1.666666666666667e+00,0.000000000000000e+00,2.981500000000000e+02,3.001589153913851e+02,2.999999999990054e+02,3.547862561640341e+02,3.015220033461276e+02,1,0.000000000000000e+00,0.000000000000000e+00
1.439999999999325e-05,288,2.606671008017390e-03,8.351837868097750e+02,1.000000000000000e+00,8.000000000000000e-01,2.000000000000000e-01,2.204122264958551e-05,-7.512982179781362e-05,1.666666666666667e+00,0.000000000000000e+00,2.981500000000000e+02,3.001617351954717e+02,2.999999999990054e+02,3.550706989223840e+02,3.015393049970520e+02,1,0.000000000000000e+00,0.000000000000000e+00
1.444999999999319e-05,289,2.623837194498687e-03,7.804065664202620e+02,1.000000000000000e+00,8.000000000000000e-01,2.000000000000000e-01,2.212455598291868e-05,-7.512982179781362e-05,1.666666666666667e+00,0.000000000000000e+00,2.981500000000000e+02,3.001645309913170e+02,2.999999999987758e+02,3.553452665274829e+02,3.015566265066057e+02,1,0.000000000000000e+00,0.000000000000000e+00
1.449999999999313e-05,290,2.637193975351658e-03,6.676270392486425e+02,1.000000000000000e+00,8.000000000000000e-01,2.000000000000000e-01,2.220788931625186e-05,-7.512982179781362e-05,1.666666666666667e+00,0.000000000000000e+00,2.981500000000000e+02,3.001669599250352e+02,2.999999999987758e+02,3.556210521773783e+02,3.015737652646969e+02,1,0.000000000000000e+00,0.000000000000000e+00
1.454999999999307e-05,291,2.649349191001426e-03,5.187147478874833e+02,1.000000000000000e+00,8.000000000000000e-01,2.000000000000000e-01,2.229122264958504e-05,-7.512982179781362e-05,1.666666666666667e+00,0.000000000000000e+00,2.981500000000000e+02,3.001681508229771e+02,2.999999999987758e+02,3.558908561683497e+02,3.015908829828686e+02,1,0.000000000000000e+00,0.000000000000000e+00
1.459999999999301e-05,292,2.661487980239697e-03,4.690859356947302e+02,1.000000000000000e+00,8.000000000000000e-01,2.000000000000000e-01,2.237455598291822e-05,-7.512982179781362e-05,1.666666666666667e+00,0.000000000000000e+00,2.981500000000000e+02,3.001686411221829e+02,2.999999999987758e+02,3.561637948902770e+02,3.016079958041432e+02,1,0.000000000000000e+00,0.000000000000000e+00
1.464999999999295e-05,293,2.675065497751794e-03,4.753893265294565e+02,1.000000000000000e+00,8.000000000000000e-01,2.000000000000000e-01,2.245788931625139e-05,-7.512982179781362e-05,1.666666666666667e+00,0.000000000000000e+00,2.981500000000000e+02,3.001691837310984e+02,2.999999999987758e+02,3.564381167524455e+02,3.016251731029436e+02,1,0.000000000000000e+00,0.000000000000000e+00
1.469999999999289e-05,294,2.689691208738496e-03,4.901018625474653e+02,1.000000000000000e+00,8.000000000000000e-01,2.000000000000000e-01,2.254122264958457e-05,-7.512982179781362e-05,1.666666666666667e+00,0.000000000000000e+00,2.981500000000000e+02,3.001696301369362e+02,2.999999999988125e+02,3.567023796500648e+02,3.016422874654040e+02,1,0.000000000000000e+00,0.000000000000000e+00
1.474999999999283e-05,295,2.704713731321633e-03,5.078163731999986e+02,1.000000000000000e+00,8.000000000000000e-01,2.000000000000000e-01,2.262455598291775e-05,-7.512982179781362e-05,1.666666666666667e+00,0.000000000000000e+00,2.981500000000000e+02,3.001700820284927e+02,2.999999999988125e+02,3.569549373198251e+02,3.016593060241888e+02,1,0.000000000000000e+00,0.000000000000000e+00
1.479999999999277e-05,296,2.719724972213370e-03,5.682550333182726e+02,1.000000000000000e+00,8.000000000000000e-01,2.000000000000000e-01,2.270788931625092e-05,-7.512982179781362e-05,1.666666666666667e+00,0.000000000000000e+00,2.981500000000000e+02,3.001709095966144e+02,2.999999999988125e+02,3.572029245187769e+02,3.016764608360197e+02,1,0.000000000000000e+00,0.000000000000000e+00
1.484999999999271e-05,297,2.735042249440732e-03,5.844121651701143e+02,1.000000000000000e+00,8.000000000000000e-01,2.000000000000000e-01,2.279122264958410e-05,-7.512982179781362e-05,1.666666666666667e+00,0.000000000000000e+00,2.981500000000000e+02,3.001720987159811e+02,2.999999999988125e+02,3.574523808509757e+02,3.016937903306498e+02,1,0.000000000000000e+00,0.000000000000000e+00
1.489999999999265e-05,298,2.751030497600280e-03,5.360471791533241e+02,1.000000000000000e+00,8.000000000000000e-01,2.000000000000000e-01,2.287455598291728e-05,-7.512982179781362e-05,1.666666666666667e+00,0.000000000000000e+00,2.981500000000000e+02,3.001730272755956e+02,2.999999999988262e+02,3.577017298498886e+02,3.017112521486208e+02,1,0.000000000000000e+00,0.000000000000000e+00
1.494999999999259e-05,299,2.767085861361335e-03,5.322342070536300e+02,1.000000000000000e+00,8.000000000000000e-01,2.000000000000000e-01,2.295788931625046e-05,-7.512982179781362e-05,1.666666666666667e+00,0.000000000000000e+00,2.981500000000000e+02,3.001737427938083e+02,2.999999999988319e+02,3.579475945328053e+02,3.017287389261747e+02,1,0.000000000000000e+00,0.000000000000000e+00
1.499999999999253e-05,300,2.783313889922116e-03,5.143851902226402e+02,1.000000000000000e+00,8.000000000000000e-01,2.000000000000000e-01,2.304122264958363e-05,-7.512982179781362e-05,1.666666666666667e+00,0.000000000000000e+00,2.981500000000000e+02,3.001743514283727e+02,2.999999999987326e+02,3.581917261051556e+02,3.017464238101874e+02,1,0.000000000000000e+00,0.000000000000000e+00
1.504999999999247e-05,301,2.800268542676649e-03,5.666024007322759e+02,1.000000000000000e+00,8.000000000000000e-01,2.000000000000000e-01,2.312455598291681e-05,-7.512982179781362e-05,1.666666666666667e+00,0.000000000000000e+00,2.981500000000000e+02,3.001752405249035e+02,2.999999999987383e+02,3.584396012188375e+02,3.017645289221497e+02,1,0.000000000000000e+00,0.000000000000000e+00
1.509999999999241e-05,302,2.817423584885456e-03,5.981484106666817e+02,1.000000000000000e+00,8.000000000000000e-01,2.000000000000000e-01,2.320788931624999e-05,-7.512982179781362e-05,1.666666666666667e+00,0.000000000000000e+00,2.981500000000000e+02,3.001762251307455e+02,2.999999999987440e+02,3.586828612329302e+02,3.017826920275915e+02,1,0.000000000000000e+00,0.000000000000000e+00
1.514999999999235e-05,303,2.833889749759358e-03,6.062965546899288e+02,1.000000000000000e+00,8.000000000000000e-01,2.000000000000000e-01,2.329122264958317e-05,-7.512982179781362e-05,1.666666666666667e+00,0.000000000000000e+00,2.981500000000000e+02,3.001766881274601e+02,2.999999999987497e+02,3.589151713329806e+02,3.018004886285289e+02,1,0.000000000000000e+00,0.000000000000000e+00
1.519999999999229e-05,304,2.850458143950120e-03,6.555522808908630e+02,1.000000000000000e+00,8.000000000000000e-01,2.000000000000000e-01,2.337455598291634e-05,-7.512982179781362e-05,1.666666666666667e+00,0.000000000000000e+00,2.981500000000000e+02,3.001775813935174e+02,2.999999999987567e+02,3.591449647599101e+02,3.018182195817803e+02,1,0.000000000000000e+00,0.000000000000000e+00
1.524999999999223e-05,305,2.867171943089331e-03,6.583186539636561e+02,1.000000000000000e+00,8.000000000000000e-01,2.000000000000000e-01,2.345788931624952e-05,-7.512982179781362e-05,1.666666666666667e+00,0.000000000000000e+00,2.981500000000000e+02,3.001787319637258e+02,2.999999999987680e+02,3.593722562342640e+02,3.018360102684360e+02,1,0.000000000000000e+00,0.000000000000000e+00
1.529999999999231e-05,306,2.884107530095051e-03,5.848193078015019e+02,1.000000000000000e+00,8.000000000000000e-01,2.000000000000000e-01,2.354122264958270e-05,-7.512982179781362e-05,1.666666666666667e+00,0.000000000000000e+00,2.981500000000000e+02,3.001795891740444e+02,2.999999999987794e+02,3.596021271854178e+02,3.018537006197805e+02,1,0.000000000000000e+00,0.000000000000000e+00
1.534999999999242e-05,307,2.900776669109816e-03,5.593653086192679e+02,1.000000000000000e+00,8.000000000000000e-01,2.000000000000000e-01,2.362455598291587e-05,-7.512982179781362e-05,1.666666666666667e+00,0.000000000000000e+00,2.981500000000000e+02,3.001798229224465e+02,2.999999999987241e+02,3.598276716380877e+02,3.018711895357874e+02,1,0.000000000000000e+00,0.000000000000000e+00
1.539999999999253e-05,308,2.917771167632930e-03,6.519701662688135e+02,1.000000000000000e+00,8.000000000000000e-01,2.000000000000000e-01,2.370788931624905e-05,-7.512982179781362e-05,1.666666666666667e+00,0.000000000000000e+00,2.981500000000000e+02,3.001802878726464e+02,2.999999999987355e+02,3.600499102215926e+02,3.018888462071166e+02,1,0.000000000000000e+00,0.000000000000000e+00
1.544999999999264e-05,309,2.934964571644591e-03,6.552266301729858e+02,1.000000000000000e+00,8.000000000000000e-01,2.000000000000000e-01,2.379122264958223e-05,-7.512982179781362e-05,1.666666666666667e+00,0.000000000000000e+00,2.981500000000000e+02,3.001810925383615e+02,2.999999999987522e+02,3.602715095836654e+02,3.019066807042707e+02,1,0.000000000000000e+00,0.000000000000000e+00
1.549999999999275e-05,310,2.952337590338094e-03,6.405782259804607e+02,1.000000000000000e+00,8.000000000000000e-01,2.000000000000000e-01,2.387455598291541e-05,-7.512982179781362e-05,1.666666666666667e+00,0.000000000000000e+00,2.981500000000000e+02,3.001818055544682e+02,2.999999999987692e+02,3.604970375603912e+02,3.019246088991668e+02,1,0.000000000000000e+00,0.000000000000000e+00
1.554999999999286e-05,311,2.969506968099539e-03,6.686113965346171e+02,1.000000000000000e+00,8.000000000000000e-01,2.000000000000000e-01,2.395788931624858e-05,-7.512982179781362e-05,1.666666666666667e+00,0.000000000000000e+00,2.981500000000000e+02,3.001824645777712e+02,2.999999999987863e+02,3.607236719838644e+02,3.019424314079285e+02,1,0.000000000000000e+00,0.000000000000000e+00
1.559999999999297e-05,312,2.986510909495465e-03,6.588205298552145e+02,1.000000000000000e+00,8.000000000000000e-01,2.000000000000000e-01,2.404122264958176e-05,-7.512982179781362e-05,1.666666666666667e+00,0.000000000000000e+00,2.981500000000000e+02,3.001831978423788e+02,2.999999999988058e+02,3.609441761762209e+02,3.019600416244176e+02,1,0.000000000000000e+00,0.000000000000000e+00
1.564999999999308e-05,313,3.003309282325561e-03,6.784273125190609e+02,1.000000000000000e+00,8.000000000000000e-01,2.000000000000000e-01,2.412455598291494e-05,-7.512982179781362e-05,1.666666666666667e+00,0.000000000000000e+00,2.981500000000000e+02,3.001839886336289e+02,2.999999999988285e+02,3.611574831340046e+02,3.019775868464930e+02,1,0.000000000000000e+00,0.000000000000000e+00
1.569999999999319e-05,314,3.020181075232433e-03,6.320798589961094e+02,1.000000000000000e+00,8.000000000000000e-01,2.000000000000000e-01,2.420788931624812e-05,-7.512982179781362e-05,1.666666666666667e+00,0.000000000000000e+00,2.981500000000000e+02,3.001845193652835e+02,2.999999999988513e+02,3.613683539391744e+02,3.019952349303963e+02,1,0.000000000000000e+00,0.000000000000000e+00
1.574999999999330e-05,315,3.037079230719411e-03,6.048429231714968e+02,1.000000000000000e+00,8.000000000000000e-01,2.000000000000000e-01,2.429122264958129e-05,-7.512982179781362e-05,1.666666666666667e+00,0.000000000000000e+00,2.981500000000000e+02,3.001848631760406e+02,2.999999999988763e+02,3.615833489409532e+02,3.020130620068028e+02,1,0.000000000000000e+00,0.000000000000000e+00
1.579999999999341e-05,316,3.054347566903846e-03,6.570625308018025e+02,1.000000000000000e+00,8.000000000000000e-01,2.000000000000000e-01,2.437455598291447e-05,-7.512982179781362e-05,1.666666666666667e+00,0.000000000000000e+00,2.981500000000000e+02,3.001853268389117e+02,2.999999999989047e+02,3.618094024293737e+02,3.020313409141638e+02,1,0.000000000000000e+00,0.000000000000000e+00
1.584999999999352e-05,317,3.072039803339571e-03,7.671425934883840e+02,1.000000000000000e+00,8.000000000000000e-01,2.000000000000000e-01,2.445788931624765e-05,-7.512982179781362e-05,1.666666666666667e+00,0.000000000000000e+00,2.981500000000000e+02,3.001862337776394e+02,2.999999999989824e+02,3.620405600089352e+02,3.020501633013481e+02,1,0.000000000000000e+00,0.000000000000000e+00
1.589999999999363e-05,318,3.089795101362240e-03,8.365487921719279e+02,1.000000000000000e+00,8.000000000000000e-01,2.000000000000000e-01,2.454122264958082e-05,-7.512982179781362e-05,1.666666666666667e+00,0.000000000000000e+00,2.981500000000000e+02,3.001876147387891e+02,2.999999999990063e+02,3.622716553811719e+02,3.020692685916777e+02,1,0.000000000000000e+00,0.000000000000000e+00
1.594999999999374e-05,319,3.107481633232334e-03,8.294942398427996e+02,1.000000000000000e+00,8.000000000000000e-01,2.000000000000000e-01,2.462455598291400e-05,-7.512982179781362e-05,1.666666666666667e+00,0.000000000000000e+00,2.981500000000000e+02,3.001890703173855e+02,2.999999999990063e+02,3.625048771729637e+02,3.020884993090890e+02,1,0.000000000000000e+00,0.000000000000000e+00
1.599999999999385e-05,320,3.125129358091372e-03,7.526014856237202e+02,1.000000000000000e+00,8.000000000000000e-01,2.000000000000000e-01,2.470788931624718e-05,-7.512982179781362e-05,1.666666666666667e+00,0.000000000000000e+00,2.981500000000000e+02,3.001901813314491e+02,2.999999999990063e+02,3.627432420621876e+02,3.021078054326888e+02,1,0.000000000000000e+00,0.000000000000000e+00
1.604999999999396e-05,321,3.142685041594971e-03,7.155753587786455e+02,1.000000000000000e+00,8.000000000000000e-01,2.000000000000000e-01,2.479122264958036e-05,-7.512982179781362e-05,1.666666666666667e+00,0.000000000000000e+00,2.981500000000000e+02,3.001907553662876e+02,2.999999999990063e+02,3.629869835593485e+02,3.021271067886861e+02,1,0.000000000000000e+00,0.000000000000000e+00
1.609999999999407e-05,322,3.160159700730453e-03,7.566752166779107e+02,1.000000000000000e+00,8.000000000000000e-01,2.000000000000000e-01,2.487455598291353e-05,-7.512982179781362e-05,1.666666666666667e+00,0.000000000000000e+00,2.981500000000000e+02,3.001913362167742e+02,2.999999999990063e+02,3.632314353271153e+02,3.021463571809560e+02,1,0.000000000000000e+00,0.000000000000000e+00
1.614999999999418e-05,323,3.177901452831625e-03,8.048505216995204e+02,1.000000000000000e+00,8.000000000000000e-01,2.000000000000000e-01,2.495788931624671e-05,-7.512982179781362e-05,1.666666666666667e+00,0.000000000000000e+00,2.981500000000000e+02,3.001921432547661e+02,2.999999999990063e+02,3.634779110539791e+02,3.021658605004089e+02,1,0.000000000000000e+00,0.000000000000000e+00
1.619999999999428e-05,324,3.196102744009146e-03,8.252338156828509e+02,1.000000000000000e+00,8.000000000000000e-01,2.000000000000000e-01,2.504122264957989e-05,-7.512982179781362e-05,1.666666666666667e+00,0.000000000000000e+00,2.981500000000000e+02,3.001932075992489e+02,2.999999999990063e+02,3.637254833510245e+02,3.021856607173314e+02,1,0.000000000000000e+00,0.000000000000000e+00
1.624999999999439e-05,325,3.214691796575006e-03,8.352162780869742e+02,1.000000000000000e+00,8.000000000000000e-01,2.000000000000000e-01,2.512455598291306e-05,-7.512982179781362e-05,1.666666666666667e+00,0.000000000000000e+00,2.981500000000000e+02,3.001942297722001e+02,2.999999999990063e+02,3.639788190228328e+02,3.022057873720446e+02,1,0.000000000000000e+00,0.000000000000000e+00
1.629999999999450e-05,326,3.233242676342843e-03,8.806846697824527e+02,1.000000000000000e+00,8.000000000000000e-01,2.000000000000000e-01,2.520788931624624e-05,-7.512982179781362e-05,1.666666666666667e+00,0.000000000000000e+00,2.981500000000000e+02,3.001953645435871e+02,2.999999999990063e+02,3.642308697049356e+02,3.022259890921889e+02,1,0.000000000000000e+00,0.000000000000000e+00
1.634999999999461e-05,327,3.251855463039757e-03,9.524343224638134e+02,1.000000000000000e+00,8.000000000000000e-01,2.000000000000000e-01,2.529122264957942e-05,-7.512982179781362e-05,1.666666666666667e+00,0.000000000000000e+00,2.981500000000000e+02,3.001967258658856e+02,2.999999999990412e+02,3.644825872750822e+02,3.022461987579321e+02,1,0.000000000000000e+00,0.000000000000000e+00
1.639999999999472e-05,328,3.270378708076548e-03,1.051309546052524e+03,1.000000000000000e+00,8.000000000000000e-01,2.000000000000000e-01,2.537455598291260e-05,-7.512982179781362e-05,1.666666666666667e+00,0.000000000000000e+00,2.981500000000000e+02,3.001983463385944e+02,2.999999999990412e+02,3.647254615520686e+02,3.022664041757067e+02,1,0.000000000000000e+00,0.000000000000000e+00
1.644999999999483e-05,329,3.289223961018128e-03,1.097598580784260e+03,1.000000000000000e+00,8.000000000000000e-01,2.000000000000000e-01,2.545788931624577e-05,-7.512982179781362e-05,1.666666666666667e+00,0.000000000000000e+00,2.981500000000000e+02,3.002000686356847e+02,2.999999999990412e+02,3.649658272257982e+02,3.022869380824874e+02,1,0.000000000000000e+00,0.000000000000000e+00
1.649999999999494e-05,330,3.308304769709091e-03,1.127404561122251e+03,1.000000000000000e+00,8.000000000000000e-01,2.000000000000000e-01,2.554122264957895e-05,-7.512982179781362e-05,1.666666666666667e+00,0.000000000000000e+00,2.981500000000000e+02,3.002019118071085e+02,2.999999999990412e+02,3.652010988937208e+02,3.023078387060987e+02,1,0.000000000000000e+00,0.000000000000000e+00
1.654999999999505e-05,331,3.327525668876979e-03,1.078811304521831e+03,1.000000000000000e+00,8.000000000000000e-01,2.000000000000000e-01,2.562455598291213e-05,-7.512982179781362e-05,1.666666666666667e+00,0.000000000000000e+00,2.981500000000000e+02,3.002035661993048e+02,2.999999999990519e+02,3.654328236655887e+02,3.023289699753718e+02,1,0.000000000000000e+00,0.000000000000000e+00
1.659999999999516e-05,332,3.346504324895585e-03,1.036218903291218e+03,1.000000000000000e+00,8.000000000000000e-01,2.000000000000000e-01,2.570788931624531e-05,-7.512982179781362e-05,1.666666666666667e+00,0.000000000000000e+00,2.981500000000000e+02,3.002050428476533e+02,2.999999999990519e+02,3.656664866690815e+02,3.023501184841026e+02,1,0.000000000000000e+00,0.000000000000000e+00
1.664999999999527e-05,333,3.370555112932649e-03,1.643195900734418e+03,1.000000000000000e+00,8.000000000000000e-01,2.000000000000000e-01,2.579122264957848e-05,-7.512982179781362e-05,1.666666666666667e+00,0.000000000000000e+00,2.981500000000000e+02,3.002064655734022e+02,2.999999999990548e+02,3.658961541037460e+02,3.023714045645722e+02,1,0.000000000000000e+00,0.000000000000000e+00
1.669999999999538e-05,334,3.391718441577026e-03,1.723970946159057e+03,1.000000000000000e+00,8.000000000000000e-01,2.000000000000000e-01,2.587455598291166e-05,-7.512982179781362e-05,1.666666666666667e+00,0.000000000000000e+00,2.981500000000000e+02,3.002098138919405e+02,2.999999999990548e+02,3.661235894825999e+02,3.023930808090667e+02,1,0.000000000000000e+00,0.000000000000000e+00
1.674999999999549e-05,335,3.411544230281679e-03,1.435874677558110e+03,1.000000000000000e+00,8.000000000000000e-01,2.000000000000000e-01,2.595788931624484e-05,-7.512982179781362e-05,1.666666666666667e+00,0.000000000000000e+00,2.981500000000000e+02,3.002129521750410e+02,2.999999999986979e+02,3.663350770589679e+02,3.024148590619582e+02,1,0.000000000000000e+00,0.000000000000000e+00
1.679999999999560e-05,336,3.431037925508287e-03,1.118808489439413e+03,1.000000000000000e+00,8.000000000000000e-01,2.000000000000000e-01,2.604122264957801e-05,-7.512982179781362e-05,1.666666666666667e+00,0.000000000000000e+00,2.981500000000000e+02,3.002146196419109e+02,2.999999999987032e+02,3.665500810983446e+02,3.024368591512603e+02,1,0.000000000000000e+00,0.000000000000000e+00
1.684999999999571e-05,337,3.450443154818382e-03,9.539366298032126e+02,1.000000000000000e+00,8.000000000000000e-01,2.000000000000000e-01,2.612455598291119e-05,-7.512982179781362e-05,1.666666666666667e+00,0.000000000000000e+00,2.981500000000000e+02,3.002153158003726e+02,2.999999999987032e+02,3.667732583633449e+02,3.024585941680751e+02,1,0.000000000000000e+00,0.000000000000000e+00
1.689999999999582e-05,338,3.469583870014511e-03,8.992986053663226e+02,1.000000000000000e+00,8.000000000000000e-01,2.000000000000000e-01,2.620788931624437e-05,-7.512982179781362e-05,1.666666666666667e+00,0.000000000000000e+00,2.981500000000000e+02,3.002154155674268e+02,2.999999999987032e+02,3.670027840815500e+02,3.024803164760741e+02,1,0.000000000000000e+00,0.000000000000000e+00
1.694999999999593e-05,339,3.488627684292846e-03,9.796761775439518e+02,1.000000000000000e+00,8.000000000000000e-01,2.000000000000000e-01,2.629122264957755e-05,-7.512982179781362e-05,1.666666666666667e+00,0.000000000000000e+00,2.981500000000000e+02,3.002155141899648e+02,2.999999999987032e+02,3.672280561530503e+02,3.025019167489646e+02,1,0.000000000000000e+00,0.000000000000000e+00
1.699999999999604e-05,340,3.507734626168471e-03,1.096908507441764e+03,1.000000000000000e+00,8.000000000000000e-01,2.000000000000000e-01,2.637455598291072e-05,-7.512982179781362e-05,1.666666666666667e+00,0.000000000000000e+00,2.981500000000000e+02,3.002161575448960e+02,2.999999999987032e+02,3.674509043188669e+02,3.025234838217128e+02,1,0.000000000000000e+00,0.000000000000000e+00
1.704999999999615e-05,341,3.526855803223798e-03,1.174668173887446e+03,1.000000000000000e+00,8.000000000000000e-01,2.000000000000000e-01,2.645788931624390e-05,-7.512982179781362e-05,1.666666666666667e+00,0.000000000000000e+00,2.981500000000000e+02,3.002172401401505e+02,2.999999999987032e+02,3.676728567161302e+02,3.025450585611066e+02,1,0.000000000000000e+00,0.000000000000000e+00
1.709999999999626e-05,342,3.545690734182070e-03,1.173368954201010e+03,1.000000000000000e+00,8.000000000000000e-01,2.000000000000000e-01,2.654122264957708e-05,-7.512982179781362e-05,1.666666666666667e+00,0.000000000000000e+00,2.981500000000000e+02,3.002183574457738e+02,2.999999999987455e+02,3.678867205024683e+02,3.025664978126953e+02,1,0.000000000000000e+00,0.000000000000000e+00
1.714999999999637e-05,343,3.564425699841603e-03,1.131937469273136e+03,1.000000000000000e+00,8.000000000000000e-01,2.000000000000000e-01,2.662455598291026e-05,-7.512982179781362e-05,1.666666666666667e+00,0.000000000000000e+00,2.981500000000000e+02,3.002200189306574e+02,2.999999999986909e+02,3.680979932268497e+02,3.025878284629750e+02,1,0.000000000000000e+00,0.000000000000000e+00
1.719999999999648e-05,344,3.661647447567034e-03,1.064762029591214e+03,1.000000000000000e+00,8.000000000000000e-01,2.000000000000000e-01,2.670788931624343e-05,-7.512982179781362e-05,1.666666666666667e+00,0.000000000000000e+00,2.981500000000000e+02,3.002211824014102e+02,2.999999999986909e+02,3.683087837260463e+02,3.026093834577117e+02,1,0.000000000000000e+00,0.000000000000000e+00
1.724999999999659e-05,345,3.687848062417425e-03,1.115425936604001e+03,1.000000000000000e+00,8.000000000000000e-01,2.000000000000000e-01,2.679122264957661e-05,-7.512982179781362e-05,1.666666666666667e+00,0.000000000000000e+00,2.981500000000000e+02,3.002222588252864e+02,2.999999999987573e+02,3.685198003319549e+02,3.026310417690018e+02,1,0.000000000000000e+00,0.000000000000000e+00
1.729999999999670e-05,346,3.716735642053146e-03,1.067373674277552e+03,1.000000000000000e+00,8.000000000000000e-01,2.000000000000000e-01,2.687455598290979e-05,-7.512982179781362e-05,1.666666666666667e+00,0.000000000000000e+00,2.981500000000000e+02,3.002229664848973e+02,2.999999999987573e+02,3.687337153728938e+02,3.026525820631207e+02,1,0.000000000000000e+00,0.000000000000000e+00
1.734999999999681e-05,347,3.745299397076352e-03,1.062063169957494e+03,1.000000000000000e+00,8.000000000000000e-01,2.000000000000000e-01,2.695788931624296e-05,-7.512982179781362e-05,1.666666666666667e+00,0.000000000000000e+00,2.981500000000000e+02,3.002234882982963e+02,2.999999999987573e+02,3.689381324012231e+02,3.026737053718218e+02,1,0.000000000000000e+00,0.000000000000000e+00
1.739999999999692e-05,348,3.773403608007008e-03,1.020370728657175e+03,1.000000000000000e+00,8.000000000000000e-01,2.000000000000000e-01,2.704122264957614e-05,-7.512982179781362e-05,1.666666666666667e+00,0.000000000000000e+00,2.981500000000000e+02,3.002239181820954e+02,2.999999999987573e+02,3.691358875757409e+02,3.026944898533627e+02,1,0.000000000000000e+00,0.000000000000000e+00
1.744999999999703e-05,349,3.801061421252323e-03,9.833378991597746e+02,1.000000000000000e+00,8.000000000000000e-01,2.000000000000000e-01,2.712455598290932e-05,-7.512982179781362e-05,1.666666666666667e+00,0.000000000000000e+00,2.981500000000000e+02,3.002241232004616e+02,2.999999999988004e+02,3.693240168763301e+02,3.027149388081164e+02,1,0.000000000000000e+00,0.000000000000000e+00
1.749999999999714e-05,350,3.828163521910289e-03,9.572936795332513e+02,1.000000000000000e+00,8.000000000000000e-01,2.000000000000000e-01,2.720788931624250e-05,-7.512982179781362e-05,1.666666666666667e+00,0.000000000000000e+00,2.981500000000000e+02,3.002242223260604e+02,2.999999999988491e+02,3.695018661256764e+02,3.027350358354924e+02,1,0.000000000000000e+00,0.000000000000000e+00
1.754999999999725e-05,351,3.854798131995854e-03,8.973463154197332e+02,1.000000000000000e+00,8.000000000000000e-01,2.000000000000000e-01,2.729122264957567e-05,-7.512982179781362e-05,1.666666666666667e+00,0.000000000000000e+00,2.981500000000000e+02,3.002241677116101e+02,2.999999999988491e+02,3.696660497588928e+02,3.027547959006109e+02,1,0.000000000000000e+00,0.000000000000000e+00
1.759999999999735e-05,352,3.881086794851401e-03,8.730864306860684e+02,1.000000000000000e+00,8.000000000000000e-01,2.000000000000000e-01,2.737455598290885e-05,-7.512982179781362e-05,1.666666666666667e+00,0.000000000000000e+00,2.981500000000000e+02,3.002239244877563e+02,2.999999999988491e+02,3.698217303482738e+02,3.027744061303018e+02,1,0.000000000000000e+00,0.000000000000000e+00
1.764999999999746e-05,353,3.907107121567993e-03,8.653187221456706e+02,1.000000000000000e+00,8.000000000000000e-01,2.000000000000000e-01,2.745788931624203e-05,-7.512982179781362e-05,1.666666666666667e+00,0.000000000000000e+00,2.981500000000000e+02,3.002236518739555e+02,2.999999999988491e+02,3.699694692514026e+02,3.027940149296077e+02,1,0.000000000000000e+00,0.000000000000000e+00
1.769999999999757e-05,354,3.933039390363096e-03,8.816896431731592e+02,1.000000000000000e+00,8.000000000000000e-01,2.000000000000000e-01,2.754122264957520e-05,-7.512982179781362e-05,1.666666666666667e+00,0.000000000000000e+00,2.981500000000000e+02,3.002234997456682e+02,2.999999999988491e+02,3.701108362475377e+02,3.028136327073728e+02,1,0.000000000000000e+00,0.000000000000000e+00
1.774999999999768e-05,355,3.959191477428144e-03,9.059943533924994e+02,1.000000000000000e+00,8.000000000000000e-01,2.000000000000000e-01,2.762455598290838e-05,-7.512982179781362e-05,1.666666666666667e+00,0.000000000000000e+00,2.981500000000000e+02,3.002235556003082e+02,2.999999999988491e+02,3.702562465278593e+02,3.028335055802480e+02,1,0.000000000000000e+00,0.000000000000000e+00
1.779999999999779e-05,356,3.986023975177025e-03,9.421010502176781e+02,1.000000000000000e+00,8.000000000000000e-01,2.000000000000000e-01,2.770788931624156e-05,-7.512982179781362e-05,1.666666666666667e+00,0.000000000000000e+00,2.981500000000000e+02,3.002237343064143e+02,2.999999999988505e+02,3.703932343832230e+02,3.028536126352195e+02,1,0.000000000000000e+00,0.000000000000000e+00
1.784999999999790e-05,357,4.012917006520066e-03,9.723983854960088e+02,1.000000000000000e+00,8.000000000000000e-01,2.000000000000000e-01,2.779122264957474e-05,-7.512982179781362e-05,1.666666666666667e+00,0.000000000000000e+00,2.981500000000000e+02,3.002240510788349e+02,2.999999999988505e+02,3.705257511883495e+02,3.028739403284920e+02,1,0.000000000000000e+00,0.000000000000000e+00
1.789999999999801e-05,358,4.039797075804637e-03,9.690816935136684e+02,1.000000000000000e+00,8.000000000000000e-01,2.000000000000000e-01,2.787455598290791e-05,-7.512982179781362e-05,1.666666666666667e+00,0.000000000000000e+00,2.981500000000000e+02,3.002244666111955e+02,2.999999999988505e+02,3.706513112951554e+02,3.028943441342091e+02,1,0.000000000000000e+00,0.000000000000000e+00
1.794999999999812e-05,359,4.066557415883830e-03,9.666894415408657e+02,1.000000000000000e+00,8.000000000000000e-01,2.000000000000000e-01,2.795788931624109e-05,-7.512982179781362e-05,1.666666666666667e+00,0.000000000000000e+00,2.981500000000000e+02,3.002249088750462e+02,2.999999999988505e+02,3.707692469792496e+02,3.029148210755889e+02,1,0.000000000000000e+00,0.000000000000000e+00
1.799999999999823e-05,360,4.092834446405190e-03,9.803319144095499e+02,1.000000000000000e+00,8.000000000000000e-01,2.000000000000000e-01,2.804122264957427e-05,-7.512982179781362e-05,1.666666666666667e+00,0.000000000000000e+00,2.981500000000000e+02,3.002253909321641e+02,2.999999999988505e+02,3.708798604694822e+02,3.029351500546426e+02,1,0.000000000000000e+00,0.000000000000000e+00
1.804999999999834e-05,361,4.118915974986866e-03,9.185702810989650e+02,1.000000000000000e+00,8.000000000000000e-01,2.000000000000000e-01,2.812455598290745e-05,-7.512982179781362e-05,1.666666666666667e+00,0.000000000000000e+00,2.981500000000000e+02,3.002257798115048e+02,2.999999999988505e+02,3.709835309938501e+02,3.029553094941055e+02,1,0.000000000000000e+00,0.000000000000000e+00
1.809999999999845e-05,362,4.144421012569642e-03,8.671216371453637e+02,1.000000000000000e+00,8.000000000000000e-01,2.000000000000000e-01,2.820788931624062e-05,-7.512982179781362e-05,1.666666666666667e+00,0.000000000000000e+00,2.981500000000000e+02,3.002259141353271e+02,2.999999999988588e+02,3.711686685598299e+02,3.029754476440808e+02,1,0.000000000000000e+00,0.000000000000000e+00
1.814999999999856e-05,363,4.169518041898461e-03,8.397157803846878e+02,1.000000000000000e+00,8.000000000000000e-01,2.000000000000000e-01,2.829122264957380e-05,-7.512982179781362e-05,1.666666666666667e+00,0.000000000000000e+00,2.981500000000000e+02,3.002259143011977e+02,2.999999999988667e+02,3.716502833529307e+02,3.029955045092419e+02,1,0.000000000000000e+00,0.000000000000000e+00
1.819999999999867e-05,364,4.194560569200680e-03,8.603766896840084e+02,1.000000000000000e+00,8.000000000000000e-01,2.000000000000000e-01,2.837455598290698e-05,-7.512982179781362e-05,1.666666666666667e+00,0.000000000000000e+00,2.981500000000000e+02,3.002260451954602e+02,2.999999999988439e+02,3.721218994138074e+02,3.030157474804023e+02,1,0.000000000000000e+00,0.000000000000000e+00
1.824999999999878e-05,365,4.219699097058722e-03,8.318715163349827e+02,1.000000000000000e+00,8.000000000000000e-01,2.000000000000000e-01,2.845788931624015e-05,-7.512982179781362e-05,1.666666666666667e+00,0.000000000000000e+00,2.981500000000000e+02,3.002261844865183e+02,2.999999999988439e+02,3.725959957975253e+02,3.030362642517378e+02,1,0.000000000000000e+00,0.000000000000000e+00
1.829999999999889e-05,366,4.244427088901030e-03,8.633420045715591e+02,1.000000000000000e+00,8.000000000000000e-01,2.000000000000000e-01,2.854122264957333e-05,-7.512982179781362e-05,1.666666666666667e+00,0.000000000000000e+00,2.981500000000000e+02,3.002263585786434e+02,2.999999999988445e+02,3.730536977853773e+02,3.030568058662087e+02,1,0.000000000000000e+00,0.000000000000000e+00
1.834999999999900e-05,367,4.268916866541555e-03,8.867925423696058e+02,1.000000000000000e+00,8.000000000000000e-01,2.000000000000000e-01,2.862455598290651e-05,-7.512982179781362e-05,1.666666666666667e+00,0.000000000000000e+00,2.981500000000000e+02,3.002267916472766e+02,2.999999999988445e+02,3.734957663621430e+02,3.030772526637190e+02,1,0.000000000000000e+00,0.000000000000000e+00
1.839999999999911e-05,368,4.292982626127895e-03,8.973030565634374e+02,1.000000000000000e+00,8.000000000000000e-01,2.000000000000000e-01,2.870788931623969e-05,-7.512982179781362e-05,1.666666666666667e+00,0.000000000000000e+00,2.981500000000000e+02,3.002276436134506e+02,2.999999999988445e+02,3.739209082607543e+02,3.030976063880067e+02,1,0.000000000000000e+00,0.000000000000000e+00
1.844999999999922e-05,369,4.317086817063231e-03,8.796031516095690e+02,1.000000000000000e+00,8.000000000000000e-01,2.000000000000000e-01,2.879122264957286e-05,-7.512982179781362e-05,1.666666666666667e+00,0.000000000000000e+00,2.981500000000000e+02,3.002286267821307e+02,2.999999999988502e+02,3.743447181713162e+02,3.031180946401694e+02,1,0.000000000000000e+00,0.000000000000000e+00
1.849999999999933e-05,370,4.341216607057476e-03,8.782249477777925e+02,1.000000000000000e+00,8.000000000000000e-01,2.000000000000000e-01,2.887455598290604e-05,-7.512982179781362e-05,1.666666666666667e+00,0.000000000000000e+00,2.981500000000000e+02,3.002295671568082e+02,2.999999999988502e+02,3.747666610321913e+02,3.031388747844647e+02,1,0.000000000000000e+00,0.000000000000000e+00
1.854999999999944e-05,371,4.365108603580868e-03,8.778392436468195e+02,1.000000000000000e+00,8.000000000000000e-01,2.000000000000000e-01,2.895788931623922e-05,-7.512982179781362e-05,1.666666666666667e+00,0.000000000000000e+00,2.981500000000000e+02,3.002304238937838e+02,2.999999999988502e+02,3.751849219806651e+02,3.031597816270827e+02,1,0.000000000000000e+00,0.000000000000000e+00
1.859999999999955e-05,372,4.388500060396286e-03,9.470316621247623e+02,1.000000000000000e+00,8.000000000000000e-01,2.000000000000000e-01,2.904122264957240e-05,-7.512982179781362e-05,1.666666666666667e+00,0.000000000000000e+00,2.981500000000000e+02,3.002314561911035e+02,2.999999999988167e+02,3.755856941332156e+02,3.031765547237527e+02,1,0.000000000000000e+00,0.000000000000000e+00
1.864999999999966e-05,373,4.412188275283333e-03,9.601244627447287e+02,1.000000000000000e+00,8.000000000000000e-01,2.000000000000000e-01,2.912455598290557e-05,-7.512982179781362e-05,1.666666666666667e+00,0.000000000000000e+00,2.981500000000000e+02,3.002329511074988e+02,2.999999999988167e+02,3.759782500085273e+02,3.031957293757036e+02,1,0.000000000000000e+00,0.000000000000000e+00
1.869999999999977e-05,374,4.435360106269709e-03,9.184686064710110e+02,1.000000000000000e+00,8.000000000000000e-01,2.000000000000000e-01,2.920788931623875e-05,-7.512982179781362e-05,1.666666666666667e+00,0.000000000000000e+00,2.981500000000000e+02,3.002339972326844e+02,2.999999999988167e+02,3.763530569030896e+02,3.032153223542669e+02,1,0.000000000000000e+00,0.000000000000000e+00
1.874999999999988e-05,375,4.458175534455156e-03,8.333089668417466e+02,1.000000000000000e+00,8.000000000000000e-01,2.000000000000000e-01,2.929122264957193e-05,-7.512982179781362e-05,1.666666666666667e+00,0.000000000000000e+00,2.981500000000000e+02,3.002350261321429e+02,2.999999999987317e+02,3.767145983114739e+02,3.032347885288828e+02,1,0.000000000000000e+00,0.000000000000000e+00
1.879999999999999e-05,376,4.480404820888390e-03,7.492566875165686e+02,1.000000000000000e+00,8.000000000000000e-01,2.000000000000000e-01,2.937455598290510e-05,-7.512982179781362e-05,1.666666666666667e+00,0.000000000000000e+00,2.981500000000000e+02,3.002355439227088e+02,2.999999999987410e+02,3.770564169049637e+02,3.032542728924097e+02,1,0.000000000000000e+00,0.000000000000000e+00
1.885000000000010e-05,377,4.501865519037198e-03,7.713902192754416e+02,1.000000000000000e+00,8.000000000000000e-01,2.000000000000000e-01,2.945788931623828e-05,-7.512982179781362e-05,1.666666666666667e+00,0.000000000000000e+00,2.981500000000000e+02,3.002355446536203e+02,2.999999999982291e+02,3.773735918402302e+02,3.032732470711714e+02,1,0.000000000000000e+00,0.000000000000000e+00
1.890000000000021e-05,378,4.522649593883906e-03,8.212349132495415e+02,1.000000000000000e+00,8.000000000000000e-01,2.000000000000000e-01,2.954122264957146e-05,-7.512982179781362e-05,1.666666666666667e+00,0.000000000000000e+00,2.981500000000000e+02,3.002355531330741e+02,2.999999999982291e+02,3.776743146876252e+02,3.032923286911803e+02,1,0.000000000000000e+00,0.000000000000000e+00
1.895000000000031e-05,379,4.543204687701292e-03,7.554237845486613e+02,1.000000000000000e+00,8.000000000000000e-01,2.000000000000000e-01,2.962455598290464e-05,-7.512982179781362e-05,1.666666666666667e+00,0.000000000000000e+00,2.981500000000000e+02,3.002356955041816e+02,2.999999999982291e+02,3.779643408765395e+02,3.033113665199772e+02,1,0.000000000000000e+00,0.000000000000000e+00
1.900000000000042e-05,380,4.562802157309576e-03,6.113791152308114e+02,1.000000000000000e+00,8.000000000000000e-01,2.000000000000000e-01,2.970788931623781e-05,-7.512982179781362e-05,1.666666666666667e+00,0.000000000000000e+00,2.981500000000000e+02,3.002357013178990e+02,2.999999999982291e+02,3.782299621631495e+02,3.033305385192386e+02,1,0.000000000000000e+00,0.000000000000000e+00
1.905000000000053e-05,381,4.581943020344382e-03,6.548545610540366e+02,1.000000000000000e+00,8.000000000000000e-01,2.000000000000000e-01,2.979122264957099e-05,-7.512982179781362e-05,1.666666666666667e+00,0.000000000000000e+00,2.981500000000000e+02,3.002365958533688e+02,2.999999999982291e+02,3.784798870446297e+02,3.033496156970411e+02,1,0.000000000000000e+00,0.000000000000000e+00
1.910000000000064e-05,382,4.600171843408458e-03,6.874142024385238e+02,1.000000000000000e+00,8.000000000000000e-01,2.000000000000000e-01,2.987455598290417e-05,-7.512982179781362e-05,1.666666666666667e+00,0.000000000000000e+00,2.981500000000000e+02,3.002366524395875e+02,2.999999999982291e+02,3.787122958789164e+02,3.033692158057804e+02,1,0.000000000000000e+00,0.000000000000000e+00
1.915000000000075e-05,383,4.618327250252461e-03,3.928247581062618e+02,1.000000000000000e+00,8.000000000000000e-01,2.000000000000000e-01,2.995788931623735e-05,-7.512982179781362e-05,1.666666666666667e+00,0.000000000000000e+00,2.981500000000000e+02,3.002376709807862e+02,2.999999999982291e+02,3.789425908662008e+02,3.033888842031602e+02,1,0.000000000000000e+00,0.000000000000000e+00
1.920000000000086e-05,384,4.636806043898489e-03,1.222142356682550e+03,1.000000000000000e+00,8.000000000000000e-01,2.000000000000000e-01,3.004122264957052e-05,-7.512982179781362e-05,1.666666666666667e+00,0.000000000000000e+00,2.981500000000000e+02,3.002397675695441e+02,2.999999999982291e+02,3.791635491842188e+02,3.034086217725415e+02,1,0.000000000000000e+00,0.000000000000000e+00
1.925000000000097e-05,385,4.654878953678080e-03,1.244152531968139e+03,1.000000000000000e+00,8.000000000000000e-01,2.000000000000000e-01,3.012455598290370e-05,-7.512982179781362e-05,1.666666666666667e+00,0.000000000000000e+00,2.981500000000000e+02,3.002399921657773e+02,2.999999999982291e+02,3.793806358712960e+02,3.034297992639615e+02,1,0.000000000000000e+00,0.000000000000000e+00
1.930000000000108e-05,386,4.673646440043670e-03,7.455100625436688e+02,1.000000000000000e+00,8.000000000000000e-01,2.000000000000000e-01,3.020788931623688e-05,-7.512982179781362e-05,1.666666666666667e+00,0.000000000000000e+00,2.981500000000000e+02,3.002431445704453e+02,2.999999999982291e+02,3.796167132177891e+02,3.034521658226811e+02,1,0.000000000000000e+00,0.000000000000000e+00
1.935000000000119e-05,387,4.691766999302595e-03,1.468534794226858e+03,1.000000000000000e+00,8.000000000000000e-01,2.000000000000000e-01,3.029122264957005e-05,-7.512982179781362e-05,1.666666666666667e+00,0.000000000000000e+00,2.981500000000000e+02,3.002437682795222e+02,2.999999999982291e+02,3.798367424300036e+02,3.034743468434748e+02,1,0.000000000000000e+00,0.000000000000000e+00
1.940000000000130e-05,388,4.709949003339994e-03,6.465137985593457e+02,1.000000000000000e+00,8.000000000000000e-01,2.000000000000000e-01,3.037455598290323e-05,-7.512982179781362e-05,1.666666666666667e+00,0.000000000000000e+00,2.981500000000000e+02,3.002449223861441e+02,2.999999999982726e+02,3.800424775950902e+02,3.034967359754231e+02,1,0.000000000000000e+00,0.000000000000000e+00
1.945000000000141e-05,389,4.727226487478213e-03,1.089630099698443e+03,1.000000000000000e+00,8.000000000000000e-01,2.000000000000000e-01,3.045788931623641e-05,-7.512982179781362e-05,1.666666666666667e+00,0.000000000000000e+00,2.981500000000000e+02,3.002458083452863e+02,2.999999999982726e+02,3.802420418383742e+02,3.035172570759871e+02,1,0.000000000000000e+00,0.000000000000000e+00
1.950000000000152e-05,390,4.744898151182608e-03,2.907599362213917e+02,1.000000000000000e+00,8.000000000000000e-01,2.000000000000000e-01,3.054122264956968e-05,-7.512982179781362e-05,1.666666666666667e+00,0.000000000000000e+00,2.981500000000000e+02,3.002493508285962e+02,2.999999999982726e+02,3.804107315393119e+02,3.035365947916064e+02,1,0.000000000000000e+00,0.000000000000000e+00
1.955000000000163e-05,391,4.761951569671012e-03,1.610240555657245e+03,1.000000000000000e+00,8.000000000000000e-01,2.000000000000000e-01,3.062455598290320e-05,-7.512982179781362e-05,1.666666666666667e+00,0.000000000000000e+00,2.981500000000000e+02,3.002498912141396e+02,2.999999999982726e+02,3.805639164817007e+02,3.035563336286824e+02,1,0.000000000000000e+00,0.000000000000000e+00
1.960000000000174e-05,392,4.780609977198735e-03,8.881215138405100e+02,1.000000000000000e+00,8.000000000000000e-01,2.000000000000000e-01,3.070788931623672e-05,-7.512982179781362e-05,1.666666666666667e+00,0.000000000000000e+00,2.981500000000000e+02,3.002496223990576e+02,2.999999999982726e+02,3.807552738931887e+02,3.035768944149381e+02,1,0.000000000000000e+00,0.000000000000000e+00
1.965000000000185e-05,393,4.798767805952061e-03,6.832007380723832e+02,1.000000000000000e+00,8.000000000000000e-01,2.000000000000000e-01,3.079122264957023e-05,-7.512982179781362e-05,1.666666666666667e+00,0.000000000000000e+00,2.981500000000000e+02,3.002492622778524e+02,2.999999999982726e+02,3.809135242932450e+02,3.035968368242185e+02,1,0.000000000000000e+00,0.000000000000000e+00
1.970000000000196e-05,394,4.817142233109363e-03,6.320573891362134e+02,1.000000000000000e+00,8.000000000000000e-01,2.000000000000000e-01,3.087455598290375e-05,-7.512982179781362e-05,1.666666666666667e+00,0.000000000000000e+00,2.981500000000000e+02,3.002490557103661e+02,2.999999999982726e+02,3.810831598800908e+02,3.036172448618952e+02,1,0.000000000000000e+00,0.000000000000000e+00
1.975000000000207e-05,395,4.836350907421350e-03,7.036614954333077e+02,1.000000000000000e+00,8.000000000000000e-01,2.000000000000000e-01,3.095788931623726e-05,-7.512982179781362e-05,1.666666666666667e+00,0.000000000000000e+00,2.981500000000000e+02,3.002490023928693e+02,2.999999999982726e+02,3.812714129974954e+02,3.036379473445542e+02,1,0.000000000000000e+00,0.000000000000000e+00
1.980000000000218e-05,396,4.855943699150898e-03,7.162185330935297e+02,1.000000000000000e+00,8.000000000000000e-01,2.000000000000000e-01,3.104122264957078e-05,-7.512982179781362e-05,1.666666666666667e+00,0.000000000000000e+00,2.981500000000000e+02,3.002491476909279e+02,2.999999999982726e+02,3.814685429709858e+02,3.036591114477315e+02,1,0.000000000000000e+00,0.000000000000000e+00
1.985000000000229e-05,397,4.875411782166926e-03,8.473079671401304e+02,1.000000000000000e+00,8.000000000000000e-01,2.000000000000000e-01,3.112455598290430e-05,-7.512982179781362e-05,1.666666666666667e+00,0.000000000000000e+00,2.981500000000000e+02,3.002495115091011e+02,2.999999999982726e+02,3.816650507417901e+02,3.036804496438548e+02,1,0.000000000000000e+00,0.000000000000000e+00
1.990000000000240e-05,398,4.895679102508206e-03,9.071455015268033e+02,1.000000000000000e+00,8.000000000000000e-01,2.000000000000000e-01,3.120788931623781e-05,-7.512982179781362e-05,1.666666666666667e+00,0.000000000000000e+00,2.981500000000000e+02,3.002502103504525e+02,2.999999999982726e+02,3.818844170231598e+02,3.037024190885383e+02,1,0.000000000000000e+00,0.000000000000000e+00
1.995000000000251e-05,399,4.916213864675280e-03,8.970431833404456e+02,1.000000000000000e+00,8.000000000000000e-01,2.000000000000000e-01,3.129122264957133e-05,-7.512982179781362e-05,1.666666666666667e+00,0.000000000000000e+00,2.981500000000000e+02,3.002510655155846e+02,2.999999999982726e+02,3.821171774120271e+02,3.037247472529370e+02,1,0.000000000000000e+00,0.000000000000000e+00
2.000000000000262e-05,400,4.936454153770540e-03,9.620506013178997e+02,1.000000000000000e+00,8.000000000000000e-01,2.000000000000000e-01,3.137455598290484e-05,-7.512982179781362e-05,1.666666666666667e+00,0.000000000000000e+00,2.981500000000000e+02,3.002519519557774e+02,2.999999999982796e+02,3.823421279500313e+02,3.037472897440732e+02,1,0.000000000000000e+00,0.000000000000000e+00
2.005000000000273e-05,401,4.957464118932913e-03,8.886946677093414e+02,1.000000000000000e+00,8.000000000000000e-01,2.000000000000000e-01,3.145788931623836e-05,-7.512982179781362e-05,1.666666666666667e+00,0.000000000000000e+00,2.981500000000000e+02,3.002528549094004e+02,2.999999999982796e+02,3.825877390198098e+02,3.037704893677774e+02,1,0.000000000000000e+00,0.000000000000000e+00
2.010000000000284e-05,402,4.979051186810778e-03,8.609075805463103e+02,1.000000000000000e+00,8.000000000000000e-01,2.000000000000000e-01,3.154122264957188e-05,-7.512982179781362e-05,1.666666666666667e+00,0.000000000000000e+00,2.981500000000000e+02,3.002535555915789e+02,2.999999999982796e+02,3.828435182082060e+02,3.037940840910613e+02,1,0.000000000000000e+00,0.000000000000000e+00
2.015000000000295e-05,403,5.000736394216618e-03,8.544560545700522e+02,1.000000000000000e+00,8.000000000000000e-01,2.000000000000000e-01,3.162455598290539e-05,-7.512982179781362e-05,1.666666666666667e+00,0.000000000000000e+00,2.981500000000000e+02,3.002540285303085e+02,2.999999999982404e+02,3.831066275949071e+02,3.038178955035715e+02,1,0.000000000000000e+00,0.000000000000000e+00
2.020000000000306e-05,404,5.021966205384701e-03,8.477856041003388e+02,1.000000000000000e+00,8.000000000000000e-01,2.000000000000000e-01,3.170788931623891e-05,-7.512982179781362e-05,1.666666666666667e+00,0.000000000000000e+00,2.981500000000000e+02,3.002545231612223e+02,2.999999999982404e+02,3.833650427987918e+02,3.038412580250769e+02,1,0.000000000000000e+00,0.000000000000000e+00
2.025000000000317e-05,405,5.042231761166014e-03,8.678037866467433e+02,1.000000000000000e+00,8.000000000000000e-01,2.000000000000000e-01,3.179122264957242e-05,-7.512982179781362e-05,1.666666666666667e+00,0.000000000000000e+00,2.981500000000000e+02,3.002548636185317e+02,2.999999999982404e+02,3.836094563584678e+02,3.038647293652937e+02,1,0.000000000000000e+00,0.000000000000000e+00
2.030000000000328e-05,406,5.062662113952721e-03,8.378096386431992e+02,1.000000000000000e+00,8.000000000000000e-01,2.000000000000000e-01,3.187455598290594e-05,-7.512982179781362e-05,1.666666666666667e+00,0.000000000000000e+00,2.981500000000000e+02,3.002552503561153e+02,2.999999999982404e+02,3.838612465494783e+02,3.038885281442066e+02,1,0.000000000000000e+00,0.000000000000000e+00
2.035000000000338e-05,407,5.083298804915109e-03,8.503530488041140e+02,1.000000000000000e+00,8.000000000000000e-01,2.000000000000000e-01,3.195788931623946e-05,-7.512982179781362e-05,1.666666666666667e+00,0.000000000000000e+00,2.981500000000000e+02,3.002557333481904e+02,2.999999999982404e+02,3.842900845401560e+02,3.039122434211881e+02,1,0.000000000000000e+00,0.000000000000000e+00
2.040000000000349e-05,408,5.103525760373786e-03,8.646454299858107e+02,1.000000000000000e+00,8.000000000000000e-01,2.000000000000000e-01,3.204122264957297e-05,-7.512982179781362e-05,1.666666666666667e+00,0.000000000000000e+00,2.981500000000000e+02,3.002561288437391e+02,2.999999999982344e+02,3.849086352977297e+02,3.039357753900499e+02,1,0.000000000000000e+00,0.000000000000000e+00
2.045000000000360e-05,409,5.124224361276296e-03,8.423967044137032e+02,1.000000000000000e+00,8.000000000000000e-01,2.000000000000000e-01,3.212455598290649e-05,-7.512982179781362e-05,1.666666666666667e+00,0.000000000000000e+00,2.981500000000000e+02,3.002566648852835e+02,2.999999999982344e+02,3.855515583445766e+02,3.039594278510399e+02,1,0.000000000000000e+00,0.000000000000000e+00
2.050000000000371e-05,410,5.144981221729272e-03,8.989219007033284e+02,1.000000000000000e+00,8.000000000000000e-01,2.000000000000000e-01,3.220788931624001e-05,-7.512982179781362e-05,1.666666666666667e+00,0.000000000000000e+00,2.981500000000000e+02,3.002573269347086e+02,2.999999999982344e+02,3.862066214877294e+02,3.039830059584534e+02,1,0.000000000000000e+00,0.000000000000000e+00
2.055000000000382e-05,411,5.166241144497865e-03,9.333445595889131e+02,1.000000000000000e+00,8.000000000000000e-01,2.000000000000000e-01,3.229122264957352e-05,-7.512982179781362e-05,1.666666666666667e+00,0.000000000000000e+00,2.981500000000000e+02,3.002579590294038e+02,2.999999999982344e+02,3.869035388986385e+02,3.040071733002515e+02,1,0.000000000000000e+00,0.000000000000000e+00
2.060000000000393e-05,412,5.188449417889358e-03,9.843960048868730e+02,1.000000000000000e+00,8.000000000000000e-01,2.000000000000000e-01,3.237455598290704e-05,-7.512982179781362e-05,1.666666666666667e+00,0.000000000000000e+00,2.981500000000000e+02,3.002589575265126e+02,2.999999999982344e+02,3.876466045032617e+02,3.040318288134720e+02,1,0.000000000000000e+00,0.000000000000000e+00
2.065000000000404e-05,413,5.210059545393175e-03,1.084731873715403e+03,1.000000000000000e+00,8.000000000000000e-01,2.000000000000000e-01,3.245788931624055e-05,-7.512982179781362e-05,1.666666666666667e+00,0.000000000000000e+00,2.981500000000000e+02,3.002601119680882e+02,2.999999999982344e+02,3.884023977504807e+02,3.040562375931357e+02,1,0.000000000000000e+00,0.000000000000000e+00
2.070000000000415e-05,414,5.231792789004375e-03,1.151007743061338e+03,1.000000000000000e+00,8.000000000000000e-01,2.000000000000000e-01,3.254122264957407e-05,-7.512982179781362e-05,1.666666666666667e+00,0.000000000000000e+00,2.981500000000000e+02,3.002614565585099e+02,2.999999999982344e+02,3.891774209150042e+02,3.040805933051827e+02,1,0.000000000000000e+00,0.000000000000000e+00
2.075000000000426e-05,415,5.253991694308532e-03,1.217703860379900e+03,1.000000000000000e+00,8.000000000000000e-01,2.000000000000000e-01,3.262455598290759e-05,-7.512982179781362e-05,1.666666666666667e+00,0.000000000000000e+00,2.981500000000000e+02,3.002631484224377e+02,2.999999999982344e+02,3.899843245314362e+02,3.041049711869746e+02,1,0.000000000000000e+00,0.000000000000000e+00
2.080000000000437e-05,416,5.275593080979078e-03,1.065516820317672e+03,1.000000000000000e+00,8.000000000000000e-01,2.000000000000000e-01,3.270788931624110e-05,-7.512982179781362e-05,1.666666666666667e+00,0.000000000000000e+00,2.981500000000000e+02,3.002644589969393e+02,2.999999999982344e+02,3.908116693362206e+02,3.041290942600972e+02,1,0.000000000000000e+00,0.000000000000000e+00
2.085000000000448e-05,417,5.297493516098987e-03,1.043495756141062e+03,1.000000000000000e+00,8.000000000000000e-01,2.000000000000000e-01,3.279122264957462e-05,-7.512982179781362e-05,1.666666666666667e+00,0.000000000000000e+00,2.981500000000000e+02,3.002655503921836e+02,2.999999999982344e+02,3.916629273664190e+02,3.041530986635356e+02,1,0.000000000000000e+00,0.000000000000000e+00
2.090000000000459e-05,418,5.319712376571916e-03,1.146495877641055e+03,1.000000000000000e+00,8.000000000000000e-01,2.000000000000000e-01,3.287455598290813e-05,-7.512982179781362e-05,1.666666666666667e+00,0.000000000000000e+00,2.981500000000000e+02,3.002668655740982e+02,2.999999999982344e+02,3.925428829341351e+02,3.041773482661167e+02,1,0.000000000000000e+00,0.000000000000000e+00
2.095000000000470e-05,419,5.342404742151256e-03,1.065536496191393e+03,1.000000000000000e+00,8.000000000000000e-01,2.000000000000000e-01,3.295788931624165e-05,-7.512982179781362e-05,1.666666666666667e+00,0.000000000000000e+00,2.981500000000000e+02,3.002681444203196e+02,2.999999999982344e+02,3.934667379463409e+02,3.042018346138744e+02,1,0.000000000000000e+00,0.000000000000000e+00
2.100000000000481e-05,420,5.365559706168309e-03,1.049513105838595e+03,1.000000000000000e+00,8.000000000000000e-01,2.000000000000000e-01,3.304122264957517e-05,-7.512982179781362e-05,1.666666666666667e+00,0.000000000000000e+00,2.981500000000000e+02,3.002692940272987e+02,2.999999999982344e+02,3.944292947013806e+02,3.042268123752002e+02,1,0.000000000000000e+00,0.000000000000000e+00
2.105000000000492e-05,421,5.388942201559293e-03,1.141590177153508e+03,1.000000000000000e+00,8.000000000000000e-01,2.000000000000000e-01,3.312455598290868e-05,-7.512982179781362e-05,1.666666666666667e+00,0.000000000000000e+00,2.981500000000000e+02,3.002706756060132e+02,2.999999999982344e+02,3.954027358131358e+02,3.042518086295676e+02,1,0.000000000000000e+00,0.000000000000000e+00
2.110000000000503e-05,422,5.412118949111840e-03,1.287646607315017e+03,1.000000000000000e+00,8.000000000000000e-01,2.000000000000000e-01,3.320788931624220e-05,-7.512982179781362e-05,1.666666666666667e+00,0.000000000000000e+00,2.981500000000000e+02,3.002721836652109e+02,2.999999999982344e+02,3.963695009183983e+02,3.042765666512926e+02,1,0.000000000000000e+00,0.000000000000000e+00
2.115000000000514e-05,423,5.435356318346736e-03,1.331621876853893e+03,1.000000000000000e+00,8.000000000000000e-01,2.000000000000000e-01,3.329122264957571e-05,-7.512982179781362e-05,1.666666666666667e+00,0.000000000000000e+00,2.981500000000000e+02,3.002742069709616e+02,2.999999999981881e+02,3.973238026054698e+02,3.043012371746657e+02,1,0.000000000000000e+00,0.000000000000000e+00
2.120000000000525e-05,424,5.458567889648431e-03,1.292255633797565e+03,1.000000000000000e+00,8.000000000000000e-01,2.000000000000000e-01,3.337455598290923e-05,-7.512982179781362e-05,1.666666666666667e+00,0.000000000000000e+00,2.981500000000000e+02,3.002762870247332e+02,2.999999999981881e+02,3.982637809707065e+02,3.043258891799168e+02,1,0.000000000000000e+00,0.000000000000000e+00
2.125000000000536e-05,425,5.481805574486556e-03,1.196778670713280e+03,1.000000000000000e+00,8.000000000000000e-01,2.000000000000000e-01,3.345788931624275e-05,-7.512982179781362e-05,1.666666666666667e+00,0.000000000000000e+00,2.981500000000000e+02,3.002779519542290e+02,2.999999999981881e+02,3.992056466377244e+02,3.043508395760470e+02,1,0.000000000000000e+00,0.000000000000000e+00
2.130000000000547e-05,426,5.505200103702257e-03,1.259649845349396e+03,1.000000000000000e+00,8.000000000000000e-01,2.000000000000000e-01,3.354122264957626e-05,-7.512982179781362e-05,1.666666666666667e+00,0.000000000000000e+00,2.981500000000000e+02,3.002796416151153e+02,2.999999999981881e+02,4.001370511844971e+02,3.043760495547097e+02,1,0.000000000000000e+00,0.000000000000000e+00
2.135000000000558e-05,427,5.528568397589871e-03,1.391072093571907e+03,1.000000000000000e+00,8.000000000000000e-01,2.000000000000000e-01,3.362455598290978e-05,-7.512982179781362e-05,1.666666666666667e+00,0.000000000000000e+00,2.981500000000000e+02,3.002817452821871e+02,2.999999999981881e+02,4.010530937600340e+02,3.044015091322158e+02,1,0.000000000000000e+00,0.000000000000000e+00
2.140000000000569e-05,428,5.551973515245600e-03,1.459154303629101e+03,1.000000000000000e+00,8.000000000000000e-01,2.000000000000000e-01,3.370788931624329e-05,-7.512982179781362e-05,1.666666666666667e+00,0.000000000000000e+00,2.981500000000000e+02,3.002843755324591e+02,2.999999999981881e+02,4.019584427784303e+02,3.044270923246187e+02,1,0.000000000000000e+00,0.000000000000000e+00
2.145000000000580e-05,429,5.574836376635764e-03,1.386761047852487e+03,1.000000000000000e+00,8.000000000000000e-01,2.000000000000000e-01,3.379122264957681e-05,-7.512982179781362e-05,1.666666666666667e+00,0.000000000000000e+00,2.981500000000000e+02,3.002868865876198e+02,2.999999999981147e+02,4.028293677371009e+02,3.044528916026397e+02,1,0.000000000000000e+00,0.000000000000000e+00
2.150000000000591e-05,430,5.850076015863145e-03,1.303938512826523e+03,1.000000000000000e+00,8.000000000000000e-01,2.000000000000000e-01,3.387455598291033e-05,-7.512982179781362e-05,1.666666666666667e+00,0.000000000000000e+00,2.981500000000000e+02,3.002888489709672e+02,2.999999999981147e+02,4.036471809172415e+02,3.044785497560903e+02,1,0.000000000000000e+00,0.000000000000000e+00
2.155000000000602e-05,431,5.883441338038492e-03,1.329718887270434e+03,1.000000000000000e+00,8.000000000000000e-01,2.000000000000000e-01,3.395788931624384e-05,-7.512982179781362e-05,1.666666666666667e+00,0.000000000000000e+00,2.981500000000000e+02,3.002900748358963e+02,2.999999999981147e+02,4.044663205044532e+02,3.045034604998854e+02,1,0.000000000000000e+00,0.000000000000000e+00
2.160000000000613e-05,432,5.919306742296039e-03,1.315188752169138e+03,1.000000000000000e+00,8.000000000000000e-01,2.000000000000000e-01,3.404122264957736e-05,-7.512982179781362e-05,1.666666666666667e+00,0.000000000000000e+00,2.981500000000000e+02,3.002908960729438e+02,2.999999999981147e+02,4.054291501558275e+02,3.045282444802742e+02,1,0.000000000000000e+00,0.000000000000000e+00
2.165000000000624e-05,433,5.955623570868261e-03,1.301058327993037e+03,1.000000000000000e+00,8.000000000000000e-01,2.000000000000000e-01,3.412455598291087e-05,-7.512982179781362e-05,1.666666666666667e+00,0.000000000000000e+00,2.981500000000000e+02,3.002919522965982e+02,2.999999999981147e+02,4.063926207477098e+02,3.045528944360179e+02,1,0.000000000000000e+00,0.000000000000000e+00
2.170000000000634e-05,434,5.991082228637632e-03,1.274737096683841e+03,1.000000000000000e+00,8.000000000000000e-01,2.000000000000000e-01,3.420788931624439e-05,-7.512982179781362e-05,1.666666666666667e+00,0.000000000000000e+00,2.981500000000000e+02,3.002928491490451e+02,2.999999999981147e+02,4.073396334886494e+02,3.045774570193975e+02,1,0.000000000000000e+00,0.000000000000000e+00
2.175000000000645e-05,435,6.026364125906531e-03,1.219379524819006e+03,1.000000000000000e+00,8.000000000000000e-01,2.000000000000000e-01,3.429122264957791e-05,-7.512982179781362e-05,1.666666666666667e+00,0.000000000000000e+00,2.981500000000000e+02,3.002936889421665e+02,2.999999999981147e+02,4.082801566421472e+02,3.046020039550218e+02,1,0.000000000000000e+00,0.000000000000000e+00
2.180000000000656e-05,436,6.061477482502103e-03,1.204224559452208e+03,1.000000000000000e+00,8.000000000000000e-01,2.000000000000000e-01,3.437455598291142e-05,-7.512982179781362e-05,1.666666666666667e+00,0.000000000000000e+00,2.981500000000000e+02,3.002948657472030e+02,2.999999999981147e+02,4.092046365103500e+02,3.046264617256115e+02,1,0.000000000000000e+00,0.000000000000000e+00
2.185000000000667e-05,437,6.095944783440469e-03,1.197369060212160e+03,1.000000000000000e+00,8.000000000000000e-01,2.000000000000000e-01,3.445788931624494e-05,-7.512982179781362e-05,1.666666666666667e+00,0.000000000000000e+00,2.981500000000000e+02,3.002962326164462e+02,2.999999999981147e+02,4.100822133838127e+02,3.046508615060252e+02,1,0.000000000000000e+00,0.000000000000000e+00
2.190000000000678e-05,438,6.130649006396234e-03,1.211549789775016e+03,1.000000000000000e+00,8.000000000000000e-01,2.000000000000000e-01,3.454122264957845e-05,-7.512982179781362e-05,1.666666666666667e+00,0.000000000000000e+00,2.981500000000000e+02,3.002979731027795e+02,2.999999999981147e+02,4.109523883643502e+02,3.046750467908644e+02,1,0.000000000000000e+00,0.000000000000000e+00
2.195000000000689e-05,439,6.164513920591633e-03,1.247867362745773e+03,1.000000000000000e+00,8.000000000000000e-01,2.000000000000000e-01,3.462455598291197e-05,-7.512982179781362e-05,1.666666666666667e+00,0.000000000000000e+00,2.981500000000000e+02,3.002994675237793e+02,2.999999999985206e+02,4.118210198709052e+02,3.046992959083366e+02,1,0.000000000000000e+00,0.000000000000000e+00
2.200000000000700e-05,440,6.198467066285651e-03,1.213183892661809e+03,1.000000000000000e+00,8.000000000000000e-01,2.000000000000000e-01,3.470788931624549e-05,-7.512982179781362e-05,1.666666666666667e+00,0.000000000000000e+00,2.981500000000000e+02,3.003009382124741e+02,2.999999999985206e+02,4.127201518358719e+02,3.047239158639517e+02,1,0.000000000000000e+00,0.000000000000000e+00
2.205000000000711e-05,441,6.232092206624416e-03,1.220878354254633e+03,1.000000000000000e+00,8.000000000000000e-01,2.000000000000000e-01,3.479122264957900e-05,-7.512982179781362e-05,1.666666666666667e+00,0.000000000000000e+00,2.981500000000000e+02,3.003023616596294e+02,2.999999999985206e+02,4.136308405697879e+02,3.047486874467234e+02,1,0.000000000000000e+00,0.000000000000000e+00
2.210000000000722e-05,442,6.265300947483114e-03,1.184213728782043e+03,1.000000000000000e+00,8.000000000000000e-01,2.000000000000000e-01,3.487455598291252e-05,-7.512982179781362e-05,1.666666666666667e+00,0.000000000000000e+00,2.981500000000000e+02,3.003035665598096e+02,2.999999999985206e+02,4.145499021705694e+02,3.047735058690111e+02,1,0.000000000000000e+00,0.000000000000000e+00
2.215000000000733e-05,443,6.298282973606071e-03,1.141583356931750e+03,1.000000000000000e+00,8.000000000000000e-01,2.000000000000000e-01,3.495788931624604e-05,-7.512982179781362e-05,1.666666666666667e+00,0.000000000000000e+00,2.981500000000000e+02,3.003047500352804e+02,2.999999999985206e+02,4.154725636411970e+02,3.047983096053009e+02,1,0.000000000000000e+00,0.000000000000000e+00
2.220000000000744e-05,444,6.331595224121093e-03,1.184727445456630e+03,1.000000000000000e+00,8.000000000000000e-01,2.000000000000000e-01,3.504122264957955e-05,-7.512982179781362e-05,1.666666666666667e+00,0.000000000000000e+00,2.981500000000000e+02,3.003060430535403e+02,2.999999999985206e+02,4.164076943323334e+02,3.048231901256316e+02,1,0.000000000000000e+00,0.000000000000000e+00
2.225000000000755e-05,445,6.365096641139562e-03,1.212200873701399e+03,1.000000000000000e+00,8.000000000000000e-01,2.000000000000000e-01,3.512455598291307e-05,-7.512982179781362e-05,1.666666666666667e+00,0.000000000000000e+00,2.981500000000000e+02,3.003075019910050e+02,2.999999999984691e+02,4.173293613683867e+02,3.048482346358210e+02,1,0.000000000000000e+00,0.000000000000000e+00
2.230000000000766e-05,446,6.398262888603781e-03,1.171403177822661e+03,1.000000000000000e+00,8.000000000000000e-01,2.000000000000000e-01,3.520788931624658e-05,-7.512982179781362e-05,1.666666666666667e+00,0.000000000000000e+00,2.981500000000000e+02,3.003089225697390e+02,2.999999999984691e+02,4.182300665856719e+02,3.048728613174381e+02,1,0.000000000000000e+00,0.000000000000000e+00
2.235000000000777e-05,447,6.430897530175394e-03,1.073853084662162e+03,1.000000000000000e+00,8.000000000000000e-01,2.000000000000000e-01,3.529122264958010e-05,-7.512982179781362e-05,1.666666666666667e+00,0.000000000000000e+00,2.981500000000000e+02,3.003100909664807e+02,2.999999999984691e+02,4.191164518147849e+02,3.048970610401848e+02,1,0.000000000000000e+00,0.000000000000000e+00
2.240000000000788e-05,448,6.462682918507938e-03,1.056729424263576e+03,1.000000000000000e+00,8.000000000000000e-01,2.000000000000000e-01,3.537455598291362e-05,-7.512982179781362e-05,1.666666666666667e+00,0.000000000000000e+00,2.981500000000000e+02,3.003109141372421e+02,2.999999999984691e+02,4.199710228285876e+02,3.049208122632829e+02,1,0.000000000000000e+00,0.000000000000000e+00
2.245000000000799e-05,449,6.493663369000317e-03,9.985121297408414e+02,1.000000000000000e+00,8.000000000000000e-01,2.000000000000000e-01,3.545788931624713e-05,-7.512982179781362e-05,1.666666666666667e+00,0.000000000000000e+00,2.981500000000000e+02,3.003115128349743e+02,2.999999999984691e+02,4.208033975848477e+02,3.049441444914483e+02,1,0.000000000000000e+00,0.000000000000000e+00
2.250000000000810e-05,450,6.524599248289293e-03,1.008454786834096e+03,1.000000000000000e+00,8.000000000000000e-01,2.000000000000000e-01,3.554122264958065e-05,-7.512982179781362e-05,1.666666666666667e+00,0.000000000000000e+00,2.981500000000000e+02,3.003121127402336e+02,2.999999999984691e+02,4.216282945175168e+02,3.049673911851581e+02,1,0.000000000000000e+00,0.000000000000000e+00
2.255000000000821e-05,451,6.555235602017029e-03,1.030125994660035e+03,1.000000000000000e+00,8.000000000000000e-01,2.000000000000000e-01,3.562455598291416e-05,-7.512982179781362e-05,1.666666666666667e+00,0.000000000000000e+00,2.981500000000000e+02,3.003126922365367e+02,2.999999999984691e+02,4.224427706491041e+02,3.049905938562907e+02,1,0.000000000000000e+00,0.000000000000000e+00
2.260000000000832e-05,452,6.585228529575712e-03,1.044950613102592e+03,1.000000000000000e+00,8.000000000000000e-01,2.000000000000000e-01,3.570788931624768e-05,-7.512982179781362e-05,1.666666666666667e+00,0.000000000000000e+00,2.981500000000000e+02,3.003133844184740e+02,2.999999999984691e+02,4.232283824200222e+02,3.050137858697623e+02,1,0.000000000000000e+00,0.000000000000000e+00
2.265000000000843e-05,453,6.615327867556530e-03,1.075838732441496e+03,1.000000000000000e+00,8.000000000000000e-01,2.000000000000000e-01,3.579122264958120e-05,-7.512982179781362e-05,1.666666666666667e+00,0.000000000000000e+00,2.981500000000000e+02,3.003141459936280e+02,2.999999999984691e+02,4.240145534905392e+02,3.050371051958365e+02,1,0.000000000000000e+00,0.000000000000000e+00
2.270000000000854e-05,454,6.645446061799135e-03,1.087534086664631e+03,1.000000000000000e+00,8.000000000000000e-01,2.000000000000000e-01,3.587455598291471e-05,-7.512982179781362e-05,1.666666666666667e+00,0.000000000000000e+00,2.981500000000000e+02,3.003148891942467e+02,2.999999999984691e+02,4.248086270381916e+02,3.050605172803192e+02,1,0.000000000000000e+00,0.000000000000000e+00
2.275000000000865e-05,455,6.675820598822713e-03,1.078457791311018e+03,1.000000000000000e+00,8.000000000000000e-01,2.000000000000000e-01,3.595788931624823e-05,-7.512982179781362e-05,1.666666666666667e+00,0.000000000000000e+00,2.981500000000000e+02,3.003156324651977e+02,2.999999999984691e+02,4.256060494590799e+02,3.050842506471449e+02,1,0.000000000000000e+00,0.000000000000000e+00
2.280000000000876e-05,456,6.706027682388989e-03,1.087584762047580e+03,1.000000000000000e+00,8.000000000000000e-01,2.000000000000000e-01,3.604122264958174e-05,-7.512982179781362e-05,1.666666666666667e+00,0.000000000000000e+00,2.981500000000000e+02,3.003164323171680e+02,2.999999999984691e+02,4.263932747033508e+02,3.051078010524146e+02,1,0.000000000000000e+00,0.000000000000000e+00
2.285000000000887e-05,457,6.735962833511377e-03,1.125203641074998e+03,1.000000000000000e+00,8.000000000000000e-01,2.000000000000000e-01,3.612455598291526e-05,-7.512982179781362e-05,1.666666666666667e+00,0.000000000000000e+00,2.981500000000000e+02,3.003172340982089e+02,2.999999999984691e+02,4.271667063928814e+02,3.051311320889264e+02,1,0.000000000000000e+00,0.000000000000000e+00
2.290000000000898e-05,458,6.765917504107866e-03,1.093223011064011e+03,1.000000000000000e+00,8.000000000000000e-01,2.000000000000000e-01,3.620788931624878e-05,-7.512982179781362e-05,1.666666666666667e+00,0.000000000000000e+00,2.981500000000000e+02,3.003180427462196e+02,2.999999999984691e+02,4.279333020487292e+02,3.051545593379868e+02,1,0.000000000000000e+00,0.000000000000000e+00
2.295000000000909e-05,459,6.796242650857988e-03,1.091590871152060e+03,1.000000000000000e+00,8.000000000000000e-01,2.000000000000000e-01,3.629122264958229e-05,-7.512982179781362e-05,1.666666666666667e+00,0.000000000000000e+00,2.981500000000000e+02,3.003188818737710e+02,2.999999999984592e+02,4.287034928997351e+02,3.051779456701061e+02,1,0.000000000000000e+00,0.000000000000000e+00
2.300000000000920e-05,460,6.877270004593896e-03,4.049978785528291e+03,1.000000000000000e+00,8.000000000000000e-01,2.000000000000000e-01,3.637455598291581e-05,-7.512982179781362e-05,1.666666666666667e+00,0.000000000000000e+00,2.981500000000000e+02,3.007500108077688e+02,2.999999999984592e+02,4.307189532685637e+02,3.052037372379305e+02,1,0.000000000000000e+00,0.000000000000000e+00
2.305000000000931e-05,461,6.939885177507296e-03,2.204165348179486e+03,1.000000000000000e+00,8.000000000000000e-01,2.000000000000000e-01,3.645788931624932e-05,-7.512982179781362e-05,1.666666666666667e+00,0.000000000000000e+00,2.981500000000000e+02,3.008680686056928e+02,2.999999999984592e+02,4.321361642236013e+02,3.052295015465027e+02,1,0.000000000000000e+00,0.000000000000000e+00
2.310000000000941e-05,462,6.988381164248891e-03,2.154140848485676e+03,1.000000000000000e+00,8.000000000000000e-01,2.000000000000000e-01,3.654122264958284e-05,-7.512982179781362e-05,1.666666666666667e+00,0.000000000000000e+00,2.981500000000000e+02,3.009027892291656e+02,2.999999999984592e+02,4.331660493364743e+02,3.052551041406244e+02,1,0.000000000000000e+00,0.000000000000000e+00
2.315000000000952e-05,463,7.032263563736632e-03,2.055793947178835e+03,1.000000000000000e+00,8.000000000000000e-01,2.000000000000000e-01,3.662455598291636e-05,-7.512982179781362e-05,1.666666666666667e+00,0.000000000000000e+00,2.981500000000000e+02,3.009139635764275e+02,2.999999999984592e+02,4.340994790019218e+02,3.052804136913067e+02,1,0.000000000000000e+00,0.000000000000000e+00
2.320000000000963e-05,464,7.074399961688196e-03,1.993152557578734e+03,1.000000000000000e+00,8.000000000000000e-01,2.000000000000000e-01,3.670788931624987e-05,-7.512982179781362e-05,1.666666666666667e+00,0.000000000000000e+00,2.981500000000000e+02,3.009165641263993e+02,2.999999999984592e+02,4.350019660906577e+02,3.053056780054052e+02,1,0.000000000000000e+00,0.000000000000000e+00
2.325000000000974e-05,465,7.115784051025049e-03,1.814836800109236e+03,1.000000000000000e+00,8.000000000000000e-01,2.000000000000000e-01,3.679122264958339e-05,-7.512982179781362e-05,1.666666666666667e+00,0.000000000000000e+00,2.981500000000000e+02,3.009132808525976e+02,2.999999999984592e+02,4.358622524611812e+02,3.053312561403922e+02,1,0.000000000000000e+00,0.000000000000000e+00
2.330000000000985e-05,466,7.153863861867814e-03,1.699335656391056e+03,1.000000000000000e+00,8.000000000000000e-01,2.000000000000000e-01,3.687455598291690e-05,-7.512982179781362e-05,1.666666666666667e+00,0.000000000000000e+00,2.981500000000000e+02,3.009000773986282e+02,2.999999999984592e+02,4.366144288784221e+02,3.053565216772537e+02,1,0.000000000000000e+00,0.000000000000000e+00
2.335000000000996e-05,467,7.191297967090094e-03,1.710719015287266e+03,1.000000000000000e+00,8.000000000000000e-01,2.000000000000000e-01,3.695788931625042e-05,-7.512982179781362e-05,1.666666666666667e+00,0.000000000000000e+00,2.981500000000000e+02,3.008878390554050e+02,2.999999999984592e+02,4.373766316622070e+02,3.053814921043821e+02,1,0.000000000000000e+00,0.000000000000000e+00
2.340000000001007e-05,468,7.227141515410427e-03,1.558981645361545e+03,1.000000000000000e+00,8.000000000000000e-01,2.000000000000000e-01,3.704122264958394e-05,-7.512982179781362e-05,1.666666666666667e+00,0.000000000000000e+00,2.981500000000000e+02,3.008723482890449e+02,2.999999999984592e+02,4.380849313450408e+02,3.054060857952209e+02,1,0.000000000000000e+00,0.000000000000000e+00
2.345000000001018e-05,469,7.261770116459376e-03,1.513373929467863e+03,1.000000000000000e+00,8.000000000000000e-01,2.000000000000000e-01,3.712455598291745e-05,-7.512982179781362e-05,1.666666666666667e+00,0.000000000000000e+00,2.981500000000000e+02,3.008563510979316e+02,2.999999999984592e+02,4.387703950883083e+02,3.054304377718536e+02,1,0.000000000000000e+00,0.000000000000000e+00
2.350000000001029e-05,470,7.296124244895658e-03,1.445106050360277e+03,1.000000000000000e+00,8.000000000000000e-01,2.000000000000000e-01,3.720788931625097e-05,-7.512982179781362e-05,1.666666666666667e+00,0.000000000000000e+00,2.981500000000000e+02,3.008403911806521e+02,2.999999999984592e+02,4.394626270993126e+02,3.054548341846862e+02,1,0.000000000000000e+00,0.000000000000000e+00
2.355000000001040e-05,471,7.329682079709006e-03,1.513163820670597e+03,1.000000000000000e+00,8.000000000000000e-01,2.000000000000000e-01,3.729122264958448e-05,-7.512982179781362e-05,1.666666666666667e+00,0.000000000000000e+00,2.981500000000000e+02,3.008264383552904e+02,2.999999999984592e+02,4.401127837003387e+02,3.054788842259885e+02,1,0.000000000000000e+00,0.000000000000000e+00
2.360000000001051e-05,472,7.364070804030414e-03,1.479121593757350e+03,1.000000000000000e+00,8.000000000000000e-01,2.000000000000000e-01,3.737455598291800e-05,-7.512982179781362e-05,1.666666666666667e+00,0.000000000000000e+00,2.981500000000000e+02,3.008136413426233e+02,2.999999999984592e+02,4.407927542384578e+02,3.055030750121866e+02,1,0.000000000000000e+00,0.000000000000000e+00
2.365000000001062e-05,473,7.397764245641965e-03,1.430185936552520e+03,1.000000000000000e+00,8.000000000000000e-01,2.000000000000000e-01,3.745788931625152e-05,-7.512982179781362e-05,1.666666666666667e+00,0.000000000000000e+00,2.981500000000000e+02,3.008006072207615e+02,2.999999999984592e+02,4.414296253502590e+02,3.055275579921047e+02,1,0.000000000000000e+00,0.000000000000000e+00
2.370000000001073e-05,474,7.430534963722083e-03,1.456090701931978e+03,1.000000000000000e+00,8.000000000000000e-01,2.000000000000000e-01,3.754122264958503e-05,-7.512982179781362e-05,1.666666666666667e+00,0.000000000000000e+00,2.981500000000000e+02,3.007866160128718e+02,2.999999999984592e+02,4.420471065803974e+02,3.055520347626490e+02,1,0.000000000000000e+00,0.000000000000000e+00
2.375000000001084e-05,475,7.463527703272773e-03,1.427033418330480e+03,1.000000000000000e+00,8.000000000000000e-01,2.000000000000000e-01,3.762455598291855e-05,-7.512982179781362e-05,1.666666666666667e+00,0.000000000000000e+00,2.981500000000000e+02,3.007729856449756e+02,2.999999999984592e+02,4.426806651769322e+02,3.055697781604380e+02,1,0.000000000000000e+00,0.000000000000000e+00
2.380000000001095e-05,476,7.496097641865192e-03,1.441424698727662e+03,1.000000000000000e+00,8.000000000000000e-01,2.000000000000000e-01,3.770788931625207e-05,-7.512982179781362e-05,1.666666666666667e+00,0.000000000000000e+00,2.981500000000000e+02,3.007598816257409e+02,2.999999999984721e+02,4.432859887450497e+02,3.055950784848452e+02,1,0.000000000000000e+00,0.000000000000000e+00
2.385000000001106e-05,477,7.528300566454047e-03,1.457236375626208e+03,1.000000000000000e+00,8.000000000000000e-01,2.000000000000000e-01,3.779122264958558e-05,-7.512982179781362e-05,1.666666666666667e+00,0.000000000000000e+00,2.981500000000000e+02,3.007474019636616e+02,2.999999999984721e+02,4.438927799647155e+02,3.056136051394320e+02,1,0.000000000000000e+00,0.000000000000000e+00
2.390000000001117e-05,478,7.560977639312009e-03,1.330452121339691e+03,1.000000000000000e+00,8.000000000000000e-01,2.000000000000000e-01,3.787455598291910e-05,-7.512982179781362e-05,1.666666666666667e+00,0.000000000000000e+00,2.981500000000000e+02,3.007345095596039e+02,2.999999999984721e+02,4.444895988504056e+02,3.056395326254132e+02,1,0.000000000000000e+00,0.000000000000000e+00
2.395000000001128e-05,479,7.590888347858045e-03,1.271514927140081e+03,1.000000000000000e+00,8.000000000000000e-01,2.000000000000000e-01,3.795788931625261e-05,-7.512982179781362e-05,1.666666666666667e+00,0.000000000000000e+00,2.981500000000000e+02,3.007191185664349e+02,2.999999999984721e+02,4.450062817892642e+02,3.056582610185535e+02,1,0.000000000000000e+00,0.000000000000000e+00
2.400000000001139e-05,480,7.619633388777462e-03,1.252151063166445e+03,1.000000000000000e+00,8.000000000000000e-01,2.000000000000000e-01,3.804122264958613e-05,-7.512982179781362e-05,1.666666666666667e+00,0.000000000000000e+00,2.981500000000000e+02,3.007030716079088e+02,2.999999999984721e+02,4.455067019116723e+02,3.056820102220121e+02,1,0.000000000000000e+00,0.000000000000000e+00
2.405000000001150e-05,481,7.646645503967808e-03,1.057236616234587e+03,1.000000000000000e+00,8.000000000000000e-01,2.000000000000000e-01,3.812455598291965e-05,-7.512982179781362e-05,1.666666666666667e+00,0.000000000000000e+00,2.981500000000000e+02,3.006878148733579e+02,2.999999999984721e+02,4.459736126527260e+02,3.057026346952606e+02,1,0.000000000000000e+00,0.000000000000000e+00
2.410000000001161e-05,482,7.673502092686761e-03,1.378308037873408e+03,1.000000000000000e+00,8.000000000000000e-01,2.000000000000000e-01,3.820788931625316e-05,-7.512982179781362e-05,1.666666666666667e+00,0.000000000000000e+00,2.981500000000000e+02,3.006723673481623e+02,2.999999999984721e+02,4.464467137664095e+02,3.057241602936546e+02,1,0.000000000000000e+00,0.000000000000000e+00
2.415000000001172e-05,483,7.700338846105458e-03,1.097992708834566e+03,1.000000000000000e+00,8.000000000000000e-01,2.000000000000000e-01,3.829122264958668e-05,-7.512982179781362e-05,1.666666666666667e+00,0.000000000000000e+00,2.981500000000000e+02,3.006593982262871e+02,2.999999999984721e+02,4.469211187176378e+02,3.057459518398730e+02,1,0.000000000000000e+00,0.000000000000000e+00
2.420000000001183e-05,484,7.726703489792978e-03,1.118048329436245e+03,1.000000000000000e+00,8.000000000000000e-01,2.000000000000000e-01,3.837455598292019e-05,-7.512982179781362e-05,1.666666666666667e+00,0.000000000000000e+00,2.981500000000000e+02,3.006457832621845e+02,2.999999999984721e+02,4.473679783833762e+02,3.057684601048159e+02,1,0.000000000000000e+00,0.000000000000000e+00
2.425000000001194e-05,485,7.753758869698459e-03,1.214854458592834e+03,1.000000000000000e+00,8.000000000000000e-01,2.000000000000000e-01,3.845788931625371e-05,-7.512982179781362e-05,1.666666666666667e+00,0.000000000000000e+00,2.981500000000000e+02,3.006336610142276e+02,2.999999999984721e+02,4.478434165833935e+02,3.057926585864981e+02,1,0.000000000000000e+00,0.000000000000000e+00
2.430000000001205e-05,486,7.780364688646439e-03,1.049122535187481e+03,1.000000000000000e+00,8.000000000000000e-01,2.000000000000000e-01,3.854122264958723e-05,-7.512982179781362e-05,1.666666666666667e+00,0.000000000000000e+00,2.981500000000000e+02,3.006235932877908e+02,2.999999999984721e+02,4.482983471844779e+02,3.058152569007130e+02,1,0.000000000000000e+00,0.000000000000000e+00
2.435000000001216e-05,487,7.807197271354810e-03,1.624044768156076e+03,1.000000000000000e+00,8.000000000000000e-01,2.000000000000000e-01,3.862455598292074e-05,-7.512982179781362e-05,1.666666666666667e+00,0.000000000000000e+00,2.981500000000000e+02,3.006138856670236e+02,2.999999999984721e+02,4.487449817294846e+02,3.058393505034565e+02,1,0.000000000000000e+00,0.000000000000000e+00
2.440000000001227e-05,488,7.833101140690441e-03,8.540394083617591e+02,1.000000000000000e+00,8.000000000000000e-01,2.000000000000000e-01,3.870788931625426e-05,-7.512982179781362e-05,1.666666666666667e+00,0.000000000000000e+00,2.981500000000000e+02,3.006045253789585e+02,2.999999999984721e+02,4.491943462029184e+02,3.058627514097657e+02,1,0.000000000000000e+00,0.000000000000000e+00
2.445000000001237e-05,489,7.858873438577803e-03,1.343139765484560e+03,1.000000000000000e+00,8.000000000000000e-01,2.000000000000000e-01,3.879122264958777e-05,-7.512982179781362e-05,1.666666666666667e+00,0.000000000000000e+00,2.981500000000000e+02,3.005939888931554e+02,2.999999999984721e+02,4.496110772932423e+02,3.058860649418877e+02,1,0.000000000000000e+00,0.000000000000000e+00
2.450000000001248e-05,490,7.882523797394922e-03,6.378275897452585e+02,1.000000000000000e+00,8.000000000000000e-01,2.000000000000000e-01,3.887455598292129e-05,-7.512982179781362e-05,1.666666666666667e+00,0.000000000000000e+00,2.981500000000000e+02,3.005818697230663e+02,2.999999999984721e+02,4.499959817398253e+02,3.059086719435456e+02,1,0.000000000000000e+00,0.000000000000000e+00
2.455000000001259e-05,491,7.907027942030621e-03,1.180113968311654e+03,1.000000000000000e+00,8.000000000000000e-01,2.000000000000000e-01,3.895788931625481e-05,-7.512982179781362e-05,1.666666666666667e+00,0.000000000000000e+00,2.981500000000000e+02,3.005699122899605e+02,2.999999999984721e+02,4.503793942093639e+02,3.059331146804046e+02,1,0.000000000000000e+00,0.000000000000000e+00
2.460000000001270e-05,492,7.930663257430155e-03,1.431809793394965e+03,1.000000000000000e+00,8.000000000000000e-01,2.000000000000000e-01,3.904122264958832e-05,-7.512982179781362e-05,1.666666666666667e+00,0.000000000000000e+00,2.981500000000000e+02,3.005576149249481e+02,2.999999999984721e+02,4.507432032664639e+02,3.059560489947734e+02,1,0.000000000000000e+00,0.000000000000000e+00
2.465000000001281e-05,493,7.953707874547392e-03,8.186613271979949e+02,1.000000000000000e+00,8.000000000000000e-01,2.000000000000000e-01,3.912455598292184e-05,-7.512982179781362e-05,1.666666666666667e+00,0.000000000000000e+00,2.981500000000000e+02,3.005463249134505e+02,2.999999999984721e+02,4.511488248652271e+02,3.059785625282155e+02,1,0.000000000000000e+00,0.000000000000000e+00
2.470000000001292e-05,494,7.977344260171023e-03,8.202211646321443e+02,1.000000000000000e+00,8.000000000000000e-01,2.000000000000000e-01,3.920788931625535e-05,-7.512982179781362e-05,1.666666666666667e+00,0.000000000000000e+00,2.981500000000000e+02,3.005358961648508e+02,2.999999999984921e+02,4.515129428295252e+02,3.060050870077488e+02,1,0.000000000000000e+00,0.000000000000000e+00
2.475000000001303e-05,495,8.000992195864682e-03,1.452800395979342e+03,1.000000000000000e+00,8.000000000000000e-01,2.000000000000000e-01,3.929122264958887e-05,-7.512982179781362e-05,1.666666666666667e+00,0.000000000000000e+00,2.981500000000000e+02,3.005255925854312e+02,2.999999999984921e+02,4.519048397313263e+02,3.060308464805656e+02,1,0.000000000000000e+00,0.000000000000000e+00
2.480000000001314e-05,496,8.022876211924114e-03,1.262066846735902e+03,1.000000000000000e+00,8.000000000000000e-01,2.000000000000000e-01,3.937455598292239e-05,-7.512982179781362e-05,1.666666666666667e+00,0.000000000000000e+00,2.981500000000000e+02,3.005132881540862e+02,2.999999999984921e+02,4.523069810018461e+02,3.060576902414413e+02,1,0.000000000000000e+00,0.000000000000000e+00
2.485000000001325e-05,497,8.046138426726907e-03,1.454709353395845e+03,1.000000000000000e+00,8.000000000000000e-01,2.000000000000000e-01,3.945788931625590e-05,-7.512982179781362e-05,1.666666666666667e+00,0.000000000000000e+00,2.981500000000000e+02,3.005029279997544e+02,2.999999999984921e+02,4.526826026227105e+02,3.060826838754405e+02,1,0.000000000000000e+00,0.000000000000000e+00
2.490000000001336e-05,498,8.069089819043435e-03,2.374634919984709e+03,1.000000000000000e+00,8.000000000000000e-01,2.000000000000000e-01,3.954122264958942e-05,-7.512982179781362e-05,1.666666666666667e+00,0.000000000000000e+00,2.981500000000000e+02,3.004923426313071e+02,2.999999999985200e+02,4.531263180700569e+02,3.061065824232721e+02,1,0.000000000000000e+00,0.000000000000000e+00
2.495000000001347e-05,499,8.090461081609324e-03,1.238628047616983e+03,1.000000000000000e+00,8.000000000000000e-01,2.000000000000000e-01,3.962455598292293e-05,-7.512982179781362e-05,1.666666666666667e+00,0.000000000000000e+00,2.981500000000000e+02,3.004831302546256e+02,2.999999999985200e+02,4.534458822406190e+02,3.061308270737965e+02,1,0.000000000000000e+00,0.000000000000000e+00
2.500000000001358e-05,500,8.112600078094282e-03,1.299734282679155e+03,1.000000000000000e+00,8.000000000000000e-01,2.000000000000000e-01,3.970788931625645e-05,-7.512982179781362e-05,1.666666666666667e+00,0.000000000000000e+00,2.981500000000000e+02,3.004726714163462e+02,2.999999999985200e+02,4.537543702334219e+02,3.061556511147515e+02,1,0.000000000000000e+00,0.000000000000000e+00
2.505000000001369e-05,501,8.135172107870950e-03,1.359206877599189e+03,1.000000000000000e+00,8.000000000000000e-01,2.000000000000000e-01,3.979122264958997e-05,-7.512982179781362e-05,1.666666666666667e+00,0.000000000000000e+00,2.981500000000000e+02,3.004640057756049e+02,2.999999999985200e+02,4.541049729235423e+02,3.061800129357366e+02,1,0.000000000000000e+00,0.000000000000000e+00
2.510000000001380e-05,502,8.156264907916301e-03,8.987827886421351e+02,1.000000000000000e+00,8.000000000000000e-01,2.000000000000000e-01,3.987455598292348e-05,-7.512982179781362e-05,1.666666666666667e+00,0.000000000000000e+00,2.981500000000000e+02,3.004548074141838e+02,2.999999999985200e+02,4.543793308558568e+02,3.062041759995516e+02,1,0.000000000000000e+00,0.000000000000000e+00
2.515000000001391e-05,503,8.178664802832468e-03,8.929420614784314e+02,1.000000000000000e+00,8.000000000000000e-01,2.000000000000000e-01,3.995788931625700e-05,-7.512982179781362e-05,1.666666666666667e+00,0.000000000000000e+00,2.981500000000000e+02,3.004467951992997e+02,2.999999999985200e+02,4.547371173344324e+02,3.062284781315041e+02,1,0.000000000000000e+00,0.000000000000000e+00
2.520000000001402e-05,504,8.200336534044356e-03,9.332255794139787e+02,1.000000000000000e+00,8.000000000000000e-01,2.000000000000000e-01,4.004122264959051e-05,-7.512982179781362e-05,1.666666666666667e+00,0.000000000000000e+00,2.981500000000000e+02,3.004392658261239e+02,2.999999999985200e+02,4.550378446504724e+02,3.062525179736336e+02,1,0.000000000000000e+00,0.000000000000000e+00
2.525000000001413e-05,505,8.223065383566342e-03,1.022915350263218e+03,1.000000000000000e+00,8.000000000000000e-01,2.000000000000000e-01,4.012455598292403e-05,-7.512982179781362e-05,1.666666666666667e+00,0.000000000000000e+00,2.981500000000000e+02,3.004310229367366e+02,2.999999999985200e+02,4.553568180285191e+02,3.062772838231039e+02,1,0.000000000000000e+00,0.000000000000000e+00
2.530000000001424e-05,506,8.245381365779051e-03,1.227043188268879e+03,1.000000000000000e+00,8.000000000000000e-01,2.000000000000000e-01,4.020788931625755e-05,-7.512982179781362e-05,1.666666666666667e+00,0.000000000000000e+00,2.981500000000000e+02,3.004224700958105e+02,2.999999999985200e+02,4.556656165098276e+02,3.063024899227741e+02,1,0.000000000000000e+00,0.000000000000000e+00
2.535000000001435e-05,507,8.268441160280372e-03,1.371534248765763e+03,1.000000000000000e+00,8.000000000000000e-01,2.000000000000000e-01,4.029122264959106e-05,-7.512982179781362e-05,1.666666666666667e+00,0.000000000000000e+00,2.981500000000000e+02,3.004137520895125e+02,2.999999999985200e+02,4.559817330376648e+02,3.063282997111666e+02,1,0.000000000000000e+00,0.000000000000000e+00
2.540000000001446e-05,508,8.292224031101664e-03,1.312349680894868e+03,1.000000000000000e+00,8.000000000000000e-01,2.000000000000000e-01,4.037455598292458e-05,-7.512982179781362e-05,1.666666666666667e+00,0.000000000000000e+00,2.981500000000000e+02,3.004040040548626e+02,2.999999999985200e+02,4.564810309015419e+02,3.063553310740820e+02,1,0.000000000000000e+00,0.000000000000000e+00
2.545000000001457e-05,509,8.315266892004295e-03,1.201779251320613e+03,1.000000000000000e+00,8.000000000000000e-01,2.000000000000000e-01,4.045788931625810e-05,-7.512982179781362e-05,1.666666666666667e+00,0.000000000000000e+00,2.981500000000000e+02,3.003947246946645e+02,2.999999999985200e+02,4.568891541989175e+02,3.063831125734899e+02,1,0.000000000000000e+00,0.000000000000000e+00
2.550000000001468e-05,510,8.339363844612915e-03,1.243153989988721e+03,1.000000000000000e+00,8.000000000000000e-01,2.000000000000000e-01,4.054122264959161e-05,-7.512982179781362e-05,1.666666666666667e+00,0.000000000000000e+00,2.981500000000000e+02,3.003851958904287e+02,2.999999999985200e+02,4.573113924684833e+02,3.064111141945378e+02,1,0.000000000000000e+00,0.000000000000000e+00
2.555000000001479e-05,511,8.362478820615016e-03,1.005933938484596e+03,1.000000000000000e+00,8.000000000000000e-01,2.000000000000000e-01,4.062455598292513e-05,-7.512982179781362e-05,1.666666666666667e+00,0.000000000000000e+00,2.981500000000000e+02,3.003755558220732e+02,2.999999999985200e+02,4.576138585384634e+02,3.064393012228300e+02,1,0.000000000000000e+00,0.000000000000000e+00
2.560000000001490e-05,512,8.382536057920340e-03,1.065216029385338e+03,1.000000000000000e+00,8.000000000000000e-01,2.000000000000000e-01,4.070788931625864e-05,-7.512982179781362e-05,1.666666666666667e+00,0.000000000000000e+00,2.981500000000000e+02,3.003657158539151e+02,2.999999999985200e+02,4.580115056880766e+02,3.064651802686923e+02,1,0.000000000000000e+00,0.000000000000000e+00
2.565000000001501e-05,513,8.402976774194583e-03,1.289442653057997e+03,1.000000000000000e+00,8.000000000000000e-01,2.000000000000000e-01,4.079122264959216e-05,-7.512982179781362e-05,1.666666666666667e+00,0.000000000000000e+00,2.981500000000000e+02,3.003665768335134e+02,2.999999999985200e+02,4.584118903564104e+02,3.064913848686662e+02,1,0.000000000000000e+00,0.000000000000000e+00
2.570000000001512e-05,514,8.424651774934542e-03,1.102127670191898e+03,1.000000000000000e+00,8.000000000000000e-01,2.000000000000000e-01,4.087455598292568e-05,-7.512982179781362e-05,1.666666666666667e+00,0.000000000000000e+00,2.981500000000000e+02,3.003680995925199e+02,2.999999999985274e+02,4.588779445907550e+02,3.065183280880910e+02,1,0.000000000000000e+00,0.000000000000000e+00
2.575000000001523e-05,515,8.446847224389395e-03,1.083783514000943e+03,1.000000000000000e+00,8.000000000000000e-01,2.000000000000000e-01,4.095788931625919e-05,-7.512982179781362e-05,1.666666666666667e+00,0.000000000000000e+00,2.981500000000000e+02,3.003687780089987e+02,2.999999999985274e+02,4.593762683117596e+02,3.065447925452107e+02,1,0.000000000000000e+00,0.000000000000000e+00
2.580000000001533e-05,516,8.469542991930252e-03,9.173035333946857e+02,1.000000000000000e+00,8.000000000000000e-01,2.000000000000000e-01,4.104122264959271e-05,-7.512982179781362e-05,1.666666666666667e+00,0.000000000000000e+00,2.981500000000000e+02,3.003688192342120e+02,2.999999999985274e+02,4.598779618818241e+02,3.065716521257800e+02,1,0.000000000000000e+00,0.000000000000000e+00
2.585000000001544e-05,517,8.493205080476204e-03,9.317561316593849e+02,1.000000000000000e+00,8.000000000000000e-01,2.000000000000000e-01,4.112455598292622e-05,-7.512982179781362e-05,1.666666666666667e+00,0.000000000000000e+00,2.981500000000000e+02,3.003687359400644e+02,2.999999999985274e+02,4.604356202552228e+02,3.065985602442831e+02,1,0.000000000000000e+00,0.000000000000000e+00
2.590000000001555e-05,518,8.518156560977538e-03,1.150723026890722e+03,1.000000000000000e+00,8.000000000000000e-01,2.000000000000000e-01,4.120788931625974e-05,-7.512982179781362e-05,1.666666666666667e+00,0.000000000000000e+00,2.981500000000000e+02,3.003691765078736e+02,2.999999999985274e+02,4.609896043918748e+02,3.066258886219521e+02,1,0.000000000000000e+00,0.000000000000000e+00
2.595000000001566e-05,519,8.543965508144947e-03,1.036990495516214e+03,1.000000000000000e+00,8.000000000000000e-01,2.000000000000000e-01,4.129122264959326e-05,-7.512982179781362e-05,1.666666666666667e+00,0.000000000000000e+00,2.981500000000000e+02,3.003699458766477e+02,2.999999999985274e+02,4.616683572092707e+02,3.066536935850380e+02,1,0.000000000000000e+00,0.000000000000000e+00
2.600000000001577e-05,520,8.569021799136186e-03,1.186899214481916e+03,1.000000000000000e+00,8.000000000000000e-01,2.000000000000000e-01,4.137455598292677e-05,-7.512982179781362e-05,1.666666666666667e+00,0.000000000000000e+00,2.981500000000000e+02,3.003707883553321e+02,2.999999999985274e+02,4.624590012556827e+02,3.066811483382870e+02,1,0.000000000000000e+00,0.000000000000000e+00
2.605000000001588e-05,521,8.593794666852027e-03,1.183458320602913e+03,1.000000000000000e+00,8.000000000000000e-01,2.000000000000000e-01,4.145788931626029e-05,-7.512982179781362e-05,1.666666666666667e+00,0.000000000000000e+00,2.981500000000000e+02,3.003719482255543e+02,2.999999999985342e+02,4.631796769159975e+02,3.067087626772655e+02,1,0.000000000000000e+00,0.000000000000000e+00
2.610000000001599e-05,522,8.617253743650502e-03,1.108060913636333e+03,1.000000000000000e+00,8.000000000000000e-01,2.000000000000000e-01,4.154122264959380e-05,-7.512982179781362e-05,1.666666666666667e+00,0.000000000000000e+00,2.981500000000000e+02,3.003728707803483e+02,2.999999999985415e+02,4.638174584627592e+02,3.067356893100430e+02,1,0.000000000000000e+00,0.000000000000000e+00
2.615000000001610e-05,523,8.639891762806317e-03,1.117980477018726e+03,1.000000000000000e+00,8.000000000000000e-01,2.000000000000000e-01,4.162455598292732e-05,-7.512982179781362e-05,1.666666666666667e+00,0.000000000000000e+00,2.981500000000000e+02,3.003736539970367e+02,2.999999999985437e+02,4.643872351768294e+02,3.067624359456420e+02,1,0.000000000000000e+00,0.000000000000000e+00
2.620000000001621e-05,524,8.661047625803412e-03,1.057310552224590e+03,1.000000000000000e+00,8.000000000000000e-01,2.000000000000000e-01,4.170788931626084e-05,-7.512982179781362e-05,1.666666666666667e+00,0.000000000000000e+00,2.981500000000000e+02,3.003741160746798e+02,2.999999999985437e+02,4.648786653658931e+02,3.067886926791164e+02,1,0.000000000000000e+00,0.000000000000000e+00
2.625000000001632e-05,525,8.682412626004939e-03,1.176969895370341e+03,1.000000000000000e+00,8.000000000000000e-01,2.000000000000000e-01,4.179122264959435e-05,-7.512982179781362e-05,1.666666666666667e+00,0.000000000000000e+00,2.981500000000000e+02,3.003748263999087e+02,2.999999999985437e+02,4.653886638546656e+02,3.068145395937605e+02,1,0.000000000000000e+00,0.000000000000000e+00
2.630000000001643e-05,526,8.703319907867694e-03,1.196781674877143e+03,1.000000000000000e+00,8.000000000000000e-01,2.000000000000000e-01,4.187455598292787e-05,-7.512982179781362e-05,1.666666666666667e+00,0.000000000000000e+00,2.981500000000000e+02,3.003759601822303e+02,2.999999999985437e+02,4.658608140110355e+02,3.068408077255355e+02,1,0.000000000000000e+00,0.000000000000000e+00
2.635000000001654e-05,527,8.724294455063886e-03,9.749257064701197e+02,1.000000000000000e+00,8.000000000000000e-01,2.000000000000000e-01,4.195788931626138e-05,-7.512982179781362e-05,1.666666666666667e+00,0.000000000000000e+00,2.981500000000000e+02,3.003764353017742e+02,2.999999999985437e+02,4.663554074601765e+02,3.068671131956885e+02,1,0.000000000000000e+00,0.000000000000000e+00
2.640000000001665e-05,528,8.745029804351229e-03,1.050719845673721e+03,1.000000000000000e+00,8.000000000000000e-01,2.000000000000000e-01,4.204122264959490e-05,-7.512982179781362e-05,1.666666666666667e+00,0.000000000000000e+00,2.981500000000000e+02,3.003766243294734e+02,2.999999999985437e+02,4.669920532593815e+02,3.068939174243288e+02,1,0.000000000000000e+00,0.000000000000000e+00
2.645000000001676e-05,529,8.765883142073565e-03,1.148446571059218e+03,1.000000000000000e+00,8.000000000000000e-01,2.000000000000000e-01,4.212455598292842e-05,-7.512982179781362e-05,1.666666666666667e+00,0.000000000000000e+00,2.981500000000000e+02,3.003771701515959e+02,2.999999999985437e+02,4.676548295994620e+02,3.069207648935534e+02,1,0.000000000000000e+00,0.000000000000000e+00
2.650000000001687e-05,530,8.786563363191719e-03,1.325705547042994e+03,1.000000000000000e+00,8.000000000000000e-01,2.000000000000000e-01,4.220788931626193e-05,-7.512982179781362e-05,1.666666666666667e+00,0.000000000000000e+00,2.981500000000000e+02,3.003783077468752e+02,2.999999999985437e+02,4.683274105236903e+02,3.069474953840246e+02,1,0.000000000000000e+00,0.000000000000000e+00
2.655000000001698e-05,531,8.807884248352561e-03,1.314970380204151e+03,1.000000000000000e+00,8.000000000000000e-01,2.000000000000000e-01,4.229122264959545e-05,-7.512982179781362e-05,1.666666666666667e+00,0.000000000000000e+00,2.981500000000000e+02,3.003801121017453e+02,2.999999999985437e+02,4.690234533563590e+02,3.069744889898541e+02,1,0.000000000000000e+00,0.000000000000000e+00
2.660000000001709e-05,532,8.828524293563860e-03,1.158444967948558e+03,1.000000000000000e+00,8.000000000000000e-01,2.000000000000000e-01,4.237455598292896e-05,-7.512982179781362e-05,1.666666666666667e+00,0.000000000000000e+00,2.981500000000000e+02,3.003813336835823e+02,2.999999999985437e+02,4.697141040676616e+02,3.070012535600783e+02,1,0.000000000000000e+00,0.000000000000000e+00
2.665000000001720e-05,533,8.848661999605722e-03,1.031228543179390e+03,1.000000000000000e+00,8.000000000000000e-01,2.000000000000000e-01,4.245788931626248e-05,-7.512982179781362e-05,1.666666666666667e+00,0.000000000000000e+00,2.981500000000000e+02,3.003817581129965e+02,2.999999999985437e+02,4.704206099773140e+02,3.070277088598261e+02,1,0.000000000000000e+00,0.000000000000000e+00
2.670000000001731e-05,534,8.868844801634862e-03,1.125052178431253e+03,1.000000000000000e+00,8.000000000000000e-01,2.000000000000000e-01,4.254122264959600e-05,-7.512982179781362e-05,1.666666666666667e+00,0.000000000000000e+00,2.981500000000000e+02,3.003822908789435e+02,2.999999999985437e+02,4.711306412306021e+02,3.070542945081345e+02,1,0.000000000000000e+00,0.000000000000000e+00
2.675000000001742e-05,535,8.889798849045024e-03,1.268597689845468e+03,1.000000000000000e+00,8.000000000000000e-01,2.000000000000000e-01,4.262455598292951e-05,-7.512982179781362e-05,1.666666666666667e+00,0.000000000000000e+00,2.981500000000000e+02,3.003831543361471e+02,2.999999999985437e+02,4.718890868242756e+02,3.070817484579754e+02,1,0.000000000000000e+00,0.000000000000000e+00
2.680000000001753e-05,536,8.910727334341045e-03,1.503457216602136e+03,1.000000000000000e+00,8.000000000000000e-01,2.000000000000000e-01,4.270788931626303e-05,-7.512982179781362e-05,1.666666666666667e+00,0.000000000000000e+00,2.981500000000000e+02,3.003850536350585e+02,2.999999999985437e+02,4.726541366803058e+02,3.071092322877044e+02,1,0.000000000000000e+00,0.000000000000000e+00
2.685000000001764e-05,537,8.932297133255577e-03,1.424043729281699e+03,1.000000000000000e+00,8.000000000000000e-01,2.000000000000000e-01,4.279122264959654e-05,-7.512982179781362e-05,1.666666666666667e+00,0.000000000000000e+00,2.981500000000000e+02,3.003872834490236e+02,2.999999999985437e+02,4.734285161934209e+02,3.071371323218416e+02,1,0.000000000000000e+00,0.000000000000000e+00
2.690000000001775e-05,538,8.953999015390676e-03,1.320635527669579e+03,1.000000000000000e+00,8.000000000000000e-01,2.000000000000000e-01,4.287455598293006e-05,-7.512982179781362e-05,1.666666666666667e+00,0.000000000000000e+00,2.981500000000000e+02,3.003890472072350e+02,2.999999999982965e+02,4.742261585789107e+02,3.071649010509569e+02,1,0.000000000000000e+00,0.000000000000000e+00
2.695000000001786e-05,539,8.975147089306827e-03,1.398461406970839e+03,1.000000000000000e+00,8.000000000000000e-01,2.000000000000000e-01,4.295788931626358e-05,-7.512982179781362e-05,1.666666666666667e+00,0.000000000000000e+00,2.981500000000000e+02,3.003910226871964e+02,2.999999999982965e+02,4.749942076849832e+02,3.071923831963205e+02,1,0.000000000000000e+00,0.000000000000000e+00
2.700000000001797e-05,540,8.997790322865337e-03,1.352310695319936e+03,1.000000000000000e+00,8.000000000000000e-01,2.000000000000000e-01,4.304122264959709e-05,-7.512982179781362e-05,1.666666666666667e+00,0.000000000000000e+00,2.981500000000000e+02,3.003931455965030e+02,2.999999999982965e+02,4.758203888333395e+02,3.072203286238887e+02,1,0.000000000000000e+00,0.000000000000000e+00
2.705000000001808e-05,541,9.020480989542732e-03,1.417227526510327e+03,1.000000000000000e+00,8.000000000000000e-01,2.000000000000000e-01,4.312455598293061e-05,-7.512982179781362e-05,1.666666666666667e+00,0.000000000000000e+00,2.981500000000000e+02,3.003953314925604e+02,2.999999999982969e+02,4.766236574016550e+02,3.072483775458927e+02,1,0.000000000000000e+00,0.000000000000000e+00
2.710000000001819e-05,542,9.044187475522159e-03,1.387453953694667e+03,1.000000000000000e+00,8.000000000000000e-01,2.000000000000000e-01,4.320788931626413e-05,-7.512982179781362e-05,1.666666666666667e+00,0.000000000000000e+00,2.981500000000000e+02,3.003975031832922e+02,2.999999999982969e+02,4.774652906645707e+02,3.072767065492426e+02,1,0.000000000000000e+00,0.000000000000000e+00
2.715000000001830e-05,543,9.068675451027271e-03,1.367394967616957e+03,1.000000000000000e+00,8.000000000000000e-01,2.000000000000000e-01,4.329122264959764e-05,-7.512982179781362e-05,1.666666666666667e+00,0.000000000000000e+00,2.981500000000000e+02,3.003994466546599e+02,2.999999999982969e+02,4.782998253824009e+02,3.073051529690743e+02,1,0.000000000000000e+00,0.000000000000000e+00
2.720000000001840e-05,544,9.093094124807853e-03,1.414731313693151e+03,1.000000000000000e+00,8.000000000000000e-01,2.000000000000000e-01,4.337455598293116e-05,-7.512982179781362e-05,1.666666666666667e+00,0.000000000000000e+00,2.981500000000000e+02,3.004015173330375e+02,2.999999999982969e+02,4.790942878685773e+02,3.073334375463191e+02,1,0.000000000000000e+00,0.000000000000000e+00
2.725000000001851e-05,545,9.117386518524090e-03,1.435737451738894e+03,1.000000000000000e+00,8.000000000000000e-01,2.000000000000000e-01,4.345788931626467e-05,-7.512982179781362e-05,1.666666666666667e+00,0.000000000000000e+00,2.981500000000000e+02,3.004033309133970e+02,2.999999999982969e+02,4.798505869865422e+02,3.073613109679515e+02,1,0.000000000000000e+00,0.000000000000000e+00
2.730000000001862e-05,546,9.142117462696255e-03,1.402059373906854e+03,1.000000000000000e+00,8.000000000000000e-01,2.000000000000000e-01,4.354122264959819e-05,-7.512982179781362e-05,1.666666666666667e+00,0.000000000000000e+00,2.981500000000000e+02,3.004052491270518e+02,2.999999999982969e+02,4.806045983078308e+02,3.073889426663541e+02,1,0.000000000000000e+00,0.000000000000000e+00
2.735000000001873e-05,547,9.166914110785119e-03,1.433701616847711e+03,1.000000000000000e+00,8.000000000000000e-01,2.000000000000000e-01,4.362455598293171e-05,-7.512982179781362e-05,1.666666666666667e+00,0.000000000000000e+00,2.981500000000000e+02,3.004073767778992e+02,2.999999999982969e+02,4.820376179090306e+02,3.074166925685501e+02,1,0.000000000000000e+00,0.000000000000000e+00
2.740000000001884e-05,548,9.192604698642425e-03,1.436506652587244e+03,1.000000000000000e+00,8.000000000000000e-01,2.000000000000000e-01,4.370788931626522e-05,-7.512982179781362e-05,1.666666666666667e+00,0.000000000000000e+00,2.981500000000000e+02,3.004091901204571e+02,2.999999999982969e+02,4.835714416582018e+02,3.074449225180836e+02,1,0.000000000000000e+00,0.000000000000000e+00
2.745000000001895e-05,549,9.218550015766951e-03,1.502476532699517e+03,1.000000000000000e+00,8.000000000000000e-01,2.000000000000000e-01,4.379122264959874e-05,-7.512982179781362e-05,1.666666666666667e+00,0.000000000000000e+00,2.981500000000000e+02,3.004115600433857e+02,2.999999999982969e+02,4.850356270922417e+02,3.074734510226846e+02,1,0.000000000000000e+00,0.000000000000000e+00
2.750000000001906e-05,550,9.245025634611489e-03,1.521958372766222e+03,1.000000000000000e+00,8.000000000000000e-01,2.000000000000000e-01,4.387455598293225e-05,-7.512982179781362e-05,1.666666666666667e+00,0.000000000000000e+00,2.981500000000000e+02,3.004137521110135e+02,2.999999999982983e+02,4.864909988694859e+02,3.075023163604521e+02,1,0.000000000000000e+00,0.000000000000000e+00
2.755000000001917e-05,551,9.271707617057433e-03,1.599429992750510e+03,1.000000000000000e+00,8.000000000000000e-01,2.000000000000000e-01,4.395788931626577e-05,-7.512982179781362e-05,1.666666666666667e+00,0.000000000000000e+00,2.981500000000000e+02,3.004165935533264e+02,2.999999999982983e+02,4.878857710837117e+02,3.075312036443005e+02,1,0.000000000000000e+00,0.000000000000000e+00
2.760000000001928e-05,552,9.298671805386348e-03,1.786942399725961e+03,1.000000000000000e+00,8.000000000000000e-01,2.000000000000000e-01,4.404122264959929e-05,-7.512982179781362e-05,1.666666666666667e+00,0.000000000000000e+00,2.981500000000000e+02,3.004197393006092e+02,2.999999999982983e+02,4.892600528383213e+02,3.075602621737844e+02,1,0.000000000000000e+00,0.000000000000000e+00
2.765000000001939e-05,553,9.326556837519130e-03,1.750967915837874e+03,1.000000000000000e+00,8.000000000000000e-01,2.000000000000000e-01,4.412455598293280e-05,-7.512982179781362e-05,1.666666666666667e+00,0.000000000000000e+00,2.981500000000000e+02,3.004236963448450e+02,2.999999999982983e+02,4.905908282804144e+02,3.075897584538656e+02,1,0.000000000000000e+00,0.000000000000000e+00
2.770000000001950e-05,554,9.354318297017583e-03,1.684169384565577e+03,1.000000000000000e+00,8.000000000000000e-01,2.000000000000000e-01,4.420788931626632e-05,-7.512982179781362e-05,1.666666666666667e+00,0.000000000000000e+00,2.981500000000000e+02,3.004270031172175e+02,2.999999999982983e+02,4.918988767846545e+02,3.076188890040952e+02,1,0.000000000000000e+00,0.000000000000000e+00
2.775000000001961e-05,555,9.890202211381770e-03,1.725757322653125e+03,1.000000000000000e+00,8.000000000000000e-01,2.000000000000000e-01,4.429122264959983e-05,-7.512982179781362e-05,1.666666666666667e+00,0.000000000000000e+00,2.981500000000000e+02,3.004297256623450e+02,2.999999999982983e+02,4.931433595403993e+02,3.076480477470947e+02,1,0.000000000000000e+00,0.000000000000000e+00
2.780000000001972e-05,556,9.924326386617924e-03,1.682431057509966e+03,1.000000000000000e+00,8.000000000000000e-01,2.000000000000000e-01,4.437455598293335e-05,-7.512982179781362e-05,1.666666666666667e+00,0.000000000000000e+00,2.981500000000000e+02,3.004315448719162e+02,2.999999999982983e+02,4.942914313908867e+02,3.076768976819303e+02,1,0.000000000000000e+00,0.000000000000000e+00
2.785000000001983e-05,557,9.958952811679574e-03,1.633511837930553e+03,1.000000000000000e+00,8.000000000000000e-01,2.000000000000000e-01,4.445788931626687e-05,-7.512982179781362e-05,1.666666666666667e+00,0.000000000000000e+00,2.981500000000000e+02,3.004323796403904e+02,2.999999999982983e+02,4.953692836800470e+02,3.077055120205454e+02,1,0.000000000000000e+00,0.000000000000000e+00
2.790000000001994e-05,558,9.994615479546394e-03,1.665735003801053e+03,1.000000000000000e+00,8.000000000000000e-01,2.000000000000000e-01,4.454122264960038e-05,-7.512982179781362e-05,1.666666666666667e+00,0.000000000000000e+00,2.981500000000000e+02,3.004334512815307e+02,2.999999999982983e+02,4.964088983097438e+02,3.077339615328606e+02,1,0.000000000000000e+00,0.000000000000000e+00
2.795000000002005e-05,559,1.002992631428552e-02,1.684621354360584e+03,1.000000000000000e+00,8.000000000000000e-01,2.000000000000000e-01,4.462455598293390e-05,-7.512982179781362e-05,1.666666666666667e+00,0.000000000000000e+00,2.981500000000000e+02,3.004342250008275e+02,2.999999999982983e+02,4.974096289835298e+02,3.077619453714096e+02,1,0.000000000000000e+00,0.000000000000000e+00
2.800000000002016e-05,560,1.006610544844754e-02,1.667388795678103e+03,1.000000000000000e+00,8.000000000000000e-01,2.000000000000000e-01,4.470788931626741e-05,-7.512982179781362e-05,1.666666666666667e+00,0.000000000000000e+00,2.981500000000000e+02,3.004351248870406e+02,2.999999999982983e+02,4.983842426761016e+02,3.077897602931041e+02,1,0.000000000000000e+00,0.000000000000000e+00
2.805000000002027e-05,561,1.010158289706447e-02,1.526001700847487e+03,1.000000000000000e+00,8.000000000000000e-01,2.000000000000000e-01,4.479122264960093e-05,-7.512982179781362e-05,1.666666666666667e+00,0.000000000000000e+00,2.981500000000000e+02,3.004354362566585e+02,2.999999999982983e+02,4.993185012565927e+02,3.078173312426298e+02,1,0.000000000000000e+00,0.000000000000000e+00
2.810000000002038e-05,562,1.013622338213012e-02,1.531038700279355e+03,1.000000000000000e+00,8.000000000000000e-01,2.000000000000000e-01,4.487455598293445e-05,-7.512982179781362e-05,1.666666666666667e+00,0.000000000000000e+00,2.981500000000000e+02,3.004353379109741e+02,2.999999999983341e+02,5.002319724385969e+02,3.078446304004748e+02,1,0.000000000000000e+00,0.000000000000000e+00
2.815000000002049e-05,563,1.017148759172881e-02,1.505684841803645e+03,1.000000000000000e+00,8.000000000000000e-01,2.000000000000000e-01,4.495788931626796e-05,-7.512982179781362e-05,1.666666666666667e+00,0.000000000000000e+00,2.981500000000000e+02,3.004350955242427e+02,2.999999999983341e+02,5.011735199637646e+02,3.078721463734440e+02,1,0.000000000000000e+00,0.000000000000000e+00
2.820000000002060e-05,564,1.020601774967456e-02,1.555066805764330e+03,1.000000000000000e+00,8.000000000000000e-01,2.000000000000000e-01,4.504122264960148e-05,-7.512982179781362e-05,1.666666666666667e+00,0.000000000000000e+00,2.981500000000000e+02,3.004352621519360e+02,2.999999999983341e+02,5.020924483257700e+02,3.078992659121618e+02,1,0.000000000000000e+00,0.000000000000000e+00
2.825000000002071e-05,565,1.024128028214753e-02,1.645661910619609e+03,1.000000000000000e+00,8.000000000000000e-01,2.000000000000000e-01,4.512455598293499e-05,-7.512982179781362e-05,1.666666666666667e+00,0.000000000000000e+00,2.981500000000000e+02,3.004355276472496e+02,2.999999999983341e+02,5.030130814337828e+02,3.079265054299705e+02,1,0.000000000000000e+00,0.000000000000000e+00
2.830000000002082e-05,566,1.027608529734723e-02,1.574649249686455e+03,1.000000000000000e+00,8.000000000000000e-01,2.000000000000000e-01,4.520788931626851e-05,-7.512982179781362e-05,1.666666666666667e+00,0.000000000000000e+00,2.981500000000000e+02,3.004362474292143e+02,2.999999999983207e+02,5.038990495584524e+02,3.079537242231292e+02,1,0.000000000000000e+00,0.000000000000000e+00
2.835000000002093e-05,567,1.031196715164686e-02,1.587936436517463e+03,1.000000000000000e+00,8.000000000000000e-01,2.000000000000000e-01,4.529122264960203e-05,-7.512982179781362e-05,1.666666666666667e+00,0.000000000000000e+00,2.981500000000000e+02,3.004368359881248e+02,2.999999999983207e+02,5.047782795240686e+02,3.079807353034666e+02,1,0.000000000000000e+00,0.000000000000000e+00
2.840000000002104e-05,568,1.034775645692369e-02,1.515247243255212e+03,1.000000000000000e+00,8.000000000000000e-01,2.000000000000000e-01,4.537455598293554e-05,-7.512982179781362e-05,1.666666666666667e+00,0.000000000000000e+00,2.981500000000000e+02,3.004370232199114e+02,2.999999999983207e+02,5.056190873720809e+02,3.080075043448263e+02,1,0.000000000000000e+00,0.000000000000000e+00
2.845000000002115e-05,569,1.038235289781808e-02,1.487463333667317e+03,1.000000000000000e+00,8.000000000000000e-01,2.000000000000000e-01,4.545788931626906e-05,-7.512982179781362e-05,1.666666666666667e+00,0.000000000000000e+00,2.981500000000000e+02,3.004370579871714e+02,2.999999999983207e+02,5.064069437664200e+02,3.080338134577857e+02,1,0.000000000000000e+00,0.000000000000000e+00
2.850000000002126e-05,570,1.041774336160570e-02,1.564576202389464e+03,1.000000000000000e+00,8.000000000000000e-01,2.000000000000000e-01,4.554122264960257e-05,-7.512982179781362e-05,1.666666666666667e+00,0.000000000000000e+00,2.981500000000000e+02,3.004371964227867e+02,2.999999999983314e+02,5.071815756318498e+02,3.080603384140186e+02,1,0.000000000000000e+00,0.000000000000000e+00
2.855000000002136e-05,571,1.045308366928963e-02,1.529165998791348e+03,1.000000000000000e+00,8.000000000000000e-01,2.000000000000000e-01,4.562455598293609e-05,-7.512982179781362e-05,1.666666666666667e+00,0.000000000000000e+00,2.981500000000000e+02,3.004373048349402e+02,2.999999999983314e+02,5.079489576307386e+02,3.080870176262513e+02,1,0.000000000000000e+00,0.000000000000000e+00
2.860000000002147e-05,572,1.048877039541716e-02,1.563558943593423e+03,1.000000000000000e+00,8.000000000000000e-01,2.000000000000000e-01,4.570788931626961e-05,-7.512982179781362e-05,1.666666666666667e+00,0.000000000000000e+00,2.981500000000000e+02,3.004376258182544e+02,2.999999999983314e+02,5.087055066206502e+02,3.081137788027804e+02,1,0.000000000000000e+00,0.000000000000000e+00
2.865000000002158e-05,573,1.052516927053533e-02,1.543725586905620e+03,1.000000000000000e+00,8.000000000000000e-01,2.000000000000000e-01,4.579122264960312e-05,-7.512982179781362e-05,1.666666666666667e+00,0.000000000000000e+00,2.981500000000000e+02,3.004378179486425e+02,2.999999999983314e+02,5.094753731927095e+02,3.081410255447132e+02,1,0.000000000000000e+00,0.000000000000000e+00
2.870000000002169e-05,574,1.056097755765855e-02,1.600432141706725e+03,1.000000000000000e+00,8.000000000000000e-01,2.000000000000000e-01,4.587455598293664e-05,-7.512982179781362e-05,1.666666666666667e+00,0.000000000000000e+00,2.981500000000000e+02,3.004380591470886e+02,2.999999999983596e+02,5.102166153109465e+02,3.081685767062228e+02,1,0.000000000000000e+00,0.000000000000000e+00
2.875000000002180e-05,575,1.059814214693106e-02,1.635435498649189e+03,1.000000000000000e+00,8.000000000000000e-01,2.000000000000000e-01,4.595788931627016e-05,-7.512982179781362e-05,1.666666666666667e+00,0.000000000000000e+00,2.981500000000000e+02,3.004383645392514e+02,2.999999999983596e+02,5.109920763697166e+02,3.081967669192073e+02,1,0.000000000000000e+00,0.000000000000000e+00
2.880000000002191e-05,576,1.063528325610955e-02,1.620090242608896e+03,1.000000000000000e+00,8.000000000000000e-01,2.000000000000000e-01,4.604122264960367e-05,-7.512982179781362e-05,1.666666666666667e+00,0.000000000000000e+00,2.981500000000000e+02,3.004388872559623e+02,2.999999999983596e+02,5.118539936016290e+02,3.082250959704901e+02,1,0.000000000000000e+00,0.000000000000000e+00
2.885000000002202e-05,577,1.067211824339601e-02,1.726083689033625e+03,1.000000000000000e+00,8.000000000000000e-01,2.000000000000000e-01,4.612455598293719e-05,-7.512982179781362e-05,1.666666666666667e+00,0.000000000000000e+00,2.981500000000000e+02,3.004393579816165e+02,2.999999999983596e+02,5.132448379392054e+02,3.082429997313240e+02,1,0.000000000000000e+00,0.000000000000000e+00
2.890000000002213e-05,578,1.070975389516078e-02,1.655823730449342e+03,1.000000000000000e+00,8.000000000000000e-01,2.000000000000000e-01,4.620788931627070e-05,-7.512982179781362e-05,1.666666666666667e+00,0.000000000000000e+00,2.981500000000000e+02,3.004400753264160e+02,2.999999999983596e+02,5.146499752052432e+02,3.082713132751040e+02,1,0.000000000000000e+00,0.000000000000000e+00
2.895000000002224e-05,579,1.074614431894673e-02,1.708192893396845e+03,1.000000000000000e+00,8.000000000000000e-01,2.000000000000000e-01,4.629122264960422e-05,-7.512982179781362e-05,1.666666666666667e+00,0.000000000000000e+00,2.981500000000000e+02,3.004407068579640e+02,2.999999999983625e+02,5.160406362355855e+02,3.082891179547847e+02,1,0.000000000000000e+00,0.000000000000000e+00
2.900000000002235e-05,580,1.078379530115870e-02,1.756021464672882e+03,1.000000000000000e+00,8.000000000000000e-01,2.000000000000000e-01,4.637455598293774e-05,-7.512982179781362e-05,1.666666666666667e+00,0.000000000000000e+00,2.981500000000000e+02,3.004416829529937e+02,2.999999999983378e+02,5.174724768330951e+02,3.083176860746529e+02,1,0.000000000000000e+00,0.000000000000000e+00
2.905000000002246e-05,581,1.082161389794825e-02,1.734976213311789e+03,1.000000000000000e+00,8.000000000000000e-01,2.000000000000000e-01,4.645788931627125e-05,-7.512982179781362e-05,1.666666666666667e+00,0.000000000000000e+00,2.981500000000000e+02,3.004422406500721e+02,2.999999999983378e+02,5.189242905503278e+02,3.083407635173941e+02,1,0.000000000000000e+00,0.000000000000000e+00
2.910000000002257e-05,582,1.085949275045457e-02,1.830087063599799e+03,1.000000000000000e+00,8.000000000000000e-01,2.000000000000000e-01,4.654122264960477e-05,-7.512982179781362e-05,1.666666666666667e+00,0.000000000000000e+00,2.981500000000000e+02,3.004422732460473e+02,2.999999999983378e+02,5.203688344927242e+02,3.083644211533617e+02,1,0.000000000000000e+00,0.000000000000000e+00
2.915000000002268e-05,583,1.089654881185520e-02,1.406739137420157e+03,1.000000000000000e+00,8.000000000000000e-01,2.000000000000000e-01,4.662455598293828e-05,-7.512982179781362e-05,1.666666666666667e+00,0.000000000000000e+00,2.981500000000000e+02,3.004426794685833e+02,2.999999999983378e+02,5.217831458920982e+02,3.083914370408772e+02,1,0.000000000000000e+00,0.000000000000000e+00
2.920000000002279e-05,584,1.093292838533205e-02,1.237954280566257e+03,1.000000000000000e+00,8.000000000000000e-01,2.000000000000000e-01,4.670788931627180e-05,-7.512982179781362e-05,1.666666666666667e+00,0.000000000000000e+00,2.981500000000000e+02,3.004417765100524e+02,2.999999999983378e+02,5.232054599939981e+02,3.084143136465746e+02,1,0.000000000000000e+00,0.000000000000000e+00
2.925000000002290e-05,585,1.097082099022316e-02,1.765638691016111e+03,1.000000000000000e+00,8.000000000000000e-01,2.000000000000000e-01,4.679122264960532e-05,-7.512982179781362e-05,1.666666666666667e+00,0.000000000000000e+00,2.981500000000000e+02,3.004423112961697e+02,2.999999999983378e+02,5.246411346413870e+02,3.084373001592205e+02,1,0.000000000000000e+00,0.000000000000000e+00
2.930000000002301e-05,586,1.100821717843039e-02,1.888506195772035e+03,1.000000000000000e+00,8.000000000000000e-01,2.000000000000000e-01,4.687455598293883e-05,-7.512982179781362e-05,1.666666666666667e+00,0.000000000000000e+00,2.981500000000000e+02,3.004425473958596e+02,2.999999999983378e+02,5.260762410449787e+02,3.084599271624043e+02,1,0.000000000000000e+00,0.000000000000000e+00
2.935000000002312e-05,587,1.104579126905835e-02,1.687687012175726e+03,1.000000000000000e+00,8.000000000000000e-01,2.000000000000000e-01,4.695788931627235e-05,-7.512982179781362e-05,1.666666666666667e+00,0.000000000000000e+00,2.981500000000000e+02,3.004476439640942e+02,2.999999999983378e+02,5.275159470533634e+02,3.084871885173872e+02,1,0.000000000000000e+00,0.000000000000000e+00
2.940000000002323e-05,588,1.108487909667179e-02,2.073801134339996e+03,1.000000000000000e+00,8.000000000000000e-01,2.000000000000000e-01,4.704122264960586e-05,-7.512982179781362e-05,1.666666666666667e+00,0.000000000000000e+00,2.981500000000000e+02,3.004546820495218e+02,2.999999999983378e+02,5.290483415681612e+02,3.085110573821972e+02,1,0.000000000000000e+00,0.000000000000000e+00
2.945000000002334e-05,589,1.112185800566177e-02,2.293929459314250e+03,1.000000000000000e+00,8.000000000000000e-01,2.000000000000000e-01,4.712455598293938e-05,-7.512982179781362e-05,1.666666666666667e+00,0.000000000000000e+00,2.981500000000000e+02,3.004589038100072e+02,2.999999999983378e+02,5.304509498339038e+02,3.085377904673372e+02,1,0.000000000000000e+00,0.000000000000000e+00
2.950000000002345e-05,590,1.115867184178911e-02,1.700875858593036e+03,1.000000000000000e+00,8.000000000000000e-01,2.000000000000000e-01,4.720788931627290e-05,-7.512982179781362e-05,1.666666666666667e+00,0.000000000000000e+00,2.981500000000000e+02,3.004644962320415e+02,2.999999999983378e+02,5.318762306862875e+02,3.085623500999598e+02,1,0.000000000000000e+00,0.000000000000000e+00
2.955000000002356e-05,591,1.119729169367769e-02,2.112851552579127e+03,1.000000000000000e+00,8.000000000000000e-01,2.000000000000000e-01,4.729122264960641e-05,-7.512982179781362e-05,1.666666666666667e+00,0.000000000000000e+00,2.981500000000000e+02,3.004692949849560e+02,2.999999999984949e+02,5.333233025383419e+02,3.085885179038176e+02,1,0.000000000000000e+00,0.000000000000000e+00
2.960000000002367e-05,592,1.123210381892995e-02,1.786075112936459e+03,1.000000000000000e+00,8.000000000000000e-01,2.000000000000000e-01,4.737455598293993e-05,-7.512982179781362e-05,1.666666666666667e+00,0.000000000000000e+00,2.981500000000000e+02,3.004705039417292e+02,2.999999999984949e+02,5.346368914854623e+02,3.086150407798449e+02,1,0.000000000000000e+00,0.000000000000000e+00
2.965000000002378e-05,593,1.127058015548733e-02,1.988681288868792e+03,1.000000000000000e+00,8.000000000000000e-01,2.000000000000000e-01,4.745788931627344e-05,-7.512982179781362e-05,1.666666666666667e+00,0.000000000000000e+00,2.981500000000000e+02,3.004747414441428e+02,2.999999999984949e+02,5.360831875140342e+02,3.086414499171615e+02,1,0.000000000000000e+00,0.000000000000000e+00
2.970000000002389e-05,594,1.130915464374037e-02,2.124922432397414e+03,1.000000000000000e+00,8.000000000000000e-01,2.000000000000000e-01,4.754122264960696e-05,-7.512982179781362e-05,1.666666666666667e+00,0.000000000000000e+00,2.981500000000000e+02,3.004782389749986e+02,2.999999999984949e+02,5.374970487709048e+02,3.086685884909547e+02,1,0.000000000000000e+00,0.000000000000000e+00
2.975000000002400e-05,595,1.134574608590464e-02,1.504685434286404e+03,1.000000000000000e+00,8.000000000000000e-01,2.000000000000000e-01,4.762455598294048e-05,-7.512982179781362e-05,1.666666666666667e+00,0.000000000000000e+00,2.981500000000000e+02,3.004824556727835e+02,2.999999999984949e+02,5.389238395796949e+02,3.086953842198022e+02,1,0.000000000000000e+00,0.000000000000000e+00
2.980000000002411e-05,596,1.138518940304814e-02,1.648899070066320e+03,1.000000000000000e+00,8.000000000000000e-01,2.000000000000000e-01,4.770788931627399e-05,-7.512982179781362e-05,1.666666666666667e+00,0.000000000000000e+00,2.981500000000000e+02,3.004887791897879e+02,2.999999999984949e+02,5.403906743887035e+02,3.087253970884888e+02,1,0.000000000000000e+00,0.000000000000000e+00
2.985000000002422e-05,597,1.142336444013193e-02,1.810734987805690e+03,1.000000000000000e+00,8.000000000000000e-01,2.000000000000000e-01,4.779122264960751e-05,-7.512982179781362e-05,1.666666666666667e+00,0.000000000000000e+00,2.981500000000000e+02,3.004924069121962e+02,2.999999999984949e+02,5.417957697709161e+02,3.087530460742521e+02,1,0.000000000000000e+00,0.000000000000000e+00
2.990000000002433e-05,598,1.146101049269489e-02,2.093973159287951e+03,1.000000000000000e+00,8.000000000000000e-01,2.000000000000000e-01,4.787455598294102e-05,-7.512982179781362e-05,1.666666666666667e+00,0.000000000000000e+00,2.981500000000000e+02,3.004974523092765e+02,2.999999999984949e+02,5.432310907395940e+02,3.087818164297575e+02,1,0.000000000000000e+00,0.000000000000000e+00
2.995000000002443e-05,599,1.150060350807570e-02,1.652791891100633e+03,1.000000000000000e+00,8.000000000000000e-01,2.000000000000000e-01,4.795788931627454e-05,-7.512982179781362e-05,1.666666666666667e+00,0.000000000000000e+00,2.981500000000000e+02,3.005031426772528e+02,2.999999999984949e+02,5.446616550045374e+02,3.088125774597612e+02,1,0.000000000000000e+00,0.000000000000000e+00
3.000000000002454e-05,600,1.153838021855886e-02,2.397819236108305e+03,1.000000000000000e+00,8.000000000000000e-01,2.000000000000000e-01,4.804122264960806e-05,-7.512982179781362e-05,1.666666666666667e+00,0.000000000000000e+00,2.981500000000000e+02,3.005061928788471e+02,2.999999999984949e+02,5.461122983418289e+02,3.088403193785971e+02,1,0.000000000000000e+00,0.000000000000000e+00
3.005000000002465e-05,601,1.157750394223607e-02,1.839484146014998e+03,1.000000000000000e+00,8.000000000000000e-01,2.000000000000000e-01,4.812455598294157e-05,-7.512982179781362e-05,1.666666666666667e+00,0.000000000000000e+00,2.981500000000000e+02,3.005119851158757e+02,2.999999999984949e+02,5.475653306491079e+02,3.088674901041526e+02,1,0.000000000000000e+00,0.000000000000000e+00
3.010000000002476e-05,602,1.161552330851621e-02,1.405634046423158e+03,1.000000000000000e+00,8.000000000000000e-01,2.000000000000000e-01,4.820788931627509e-05,-7.512982179781362e-05,1.666666666666667e+00,0.000000000000000e+00,2.981500000000000e+02,3.005157996137502e+02,2.999999999984949e+02,5.489311423326508e+02,3.088980764392964e+02,1,0.000000000000000e+00,0.000000000000000e+00
3.015000000002487e-05,603,1.164997002580438e-02,2.335168754106868e+03,1.000000000000000e+00,8.000000000000000e-01,2.000000000000000e-01,4.829122264960860e-05,-7.512982179781362e-05,1.666666666666667e+00,0.000000000000000e+00,2.981500000000000e+02,3.005144361953056e+02,2.999999999985243e+02,5.502375295403667e+02,3.089242579318099e+02,1,0.000000000000000e+00,0.000000000000000e+00
3.020000000002498e-05,604,1.168852968083650e-02,1.196300844048655e+03,1.000000000000000e+00,8.000000000000000e-01,2.000000000000000e-01,4.837455598294212e-05,-7.512982179781362e-05,1.666666666666667e+00,0.000000000000000e+00,2.981500000000000e+02,3.005193463704063e+02,2.999999999966170e+02,5.516995203378119e+02,3.089470865211740e+02,1,0.000000000000000e+00,0.000000000000000e+00
3.025000000002509e-05,605,1.172139830542817e-02,1.524443818164250e+03,1.000000000000000e+00,8.000000000000000e-01,2.000000000000000e-01,4.845788931627564e-05,-7.512982179781362e-05,1.666666666666667e+00,0.000000000000000e+00,2.981500000000000e+02,3.005181933873434e+02,2.999999999966170e+02,5.528810190434731e+02,3.089729522262431e+02,1,0.000000000000000e+00,0.000000000000000e+00
3.030000000002520e-05,606,1.175461783730752e-02,1.711054505533902e+03,1.000000000000000e+00,8.000000000000000e-01,2.000000000000000e-01,4.854122264960915e-05,-7.512982179781362e-05,1.666666666666667e+00,0.000000000000000e+00,2.981500000000000e+02,3.005170075262264e+02,2.999999999966170e+02,5.540756382568233e+02,3.089994152998821e+02,1,0.000000000000000e+00,0.000000000000000e+00
3.035000000002531e-05,607,1.178785064657518e-02,2.186211105415446e+03,1.000000000000000e+00,8.000000000000000e-01,2.000000000000000e-01,4.862455598294267e-05,-7.512982179781362e-05,1.666666666666667e+00,0.000000000000000e+00,2.981500000000000e+02,3.005147870733458e+02,2.999999999966170e+02,5.552160550321898e+02,3.090252828295931e+02,1,0.000000000000000e+00,0.000000000000000e+00
3.040000000002542e-05,608,1.182141766063517e-02,1.603391405548639e+03,1.000000000000000e+00,8.000000000000000e-01,2.000000000000000e-01,4.870788931627619e-05,-7.512982179781362e-05,1.666666666666667e+00,0.000000000000000e+00,2.981500000000000e+02,3.005141538691461e+02,2.999999999966230e+02,5.563916921535482e+02,3.090524014201137e+02,1,0.000000000000000e+00,0.000000000000000e+00
3.045000000002553e-05,609,1.185654364526777e-02,1.658274073633724e+03,1.000000000000000e+00,8.000000000000000e-01,2.000000000000000e-01,4.879122264960970e-05,-7.512982179781362e-05,1.666666666666667e+00,0.000000000000000e+00,2.981500000000000e+02,3.005141443210250e+02,2.999999999966230e+02,5.575987656412178e+02,3.090791175011856e+02,1,0.000000000000000e+00,0.000000000000000e+00
3.050000000002564e-05,610,1.189168037896584e-02,1.554887882127052e+03,1.000000000000000e+00,8.000000000000000e-01,2.000000000000000e-01,4.887455598294322e-05,-7.512982179781362e-05,1.666666666666667e+00,0.000000000000000e+00,2.981500000000000e+02,3.005129573761399e+02,2.999999999966292e+02,5.587520018562034e+02,3.091060677499723e+02,1,0.000000000000000e+00,0.000000000000000e+00
3.055000000002575e-05,611,1.192622308915065e-02,1.725982900659065e+03,1.000000000000000e+00,8.000000000000000e-01,2.000000000000000e-01,4.895788931627673e-05,-7.512982179781362e-05,1.666666666666667e+00,0.000000000000000e+00,2.981500000000000e+02,3.005130310376901e+02,2.999999999966292e+02,5.599265111908868e+02,3.091328195914418e+02,1,0.000000000000000e+00,0.000000000000000e+00
3.060000000002586e-05,612,1.196222231175570e-02,1.816221256369536e+03,1.000000000000000e+00,8.000000000000000e-01,2.000000000000000e-01,4.904122264961025e-05,-7.512982179781362e-05,1.666666666666667e+00,0.000000000000000e+00,2.981500000000000e+02,3.005174707655584e+02,2.999999999966292e+02,5.611024026122797e+02,3.091597083659469e+02,1,0.000000000000000e+00,0.000000000000000e+00
3.065000000002597e-05,613,1.199824158062527e-02,1.638391917454247e+03,1.000000000000000e+00,8.000000000000000e-01,2.000000000000000e-01,4.912455598294377e-05,-7.512982179781362e-05,1.666666666666667e+00,0.000000000000000e+00,2.981500000000000e+02,3.005285680864634e+02,2.999999999966292e+02,5.622037325812743e+02,3.091871015854867e+02,1,0.000000000000000e+00,0.000000000000000e+00
3.070000000002608e-05,614,1.203255365620002e-02,1.745505006175789e+03,1.000000000000000e+00,8.000000000000000e-01,2.000000000000000e-01,4.920788931627728e-05,-7.512982179781362e-05,1.666666666666667e+00,0.000000000000000e+00,2.981500000000000e+02,3.005418286518354e+02,2.999999999966292e+02,5.633096555454218e+02,3.092138244218080e+02,1,0.000000000000000e+00,0.000000000000000e+00
3.075000000002619e-05,615,1.206912424026513e-02,1.815081228707044e+03,1.000000000000000e+00,8.000000000000000e-01,2.000000000000000e-01,4.929122264961080e-05,-7.512982179781362e-05,1.666666666666667e+00,0.000000000000000e+00,2.981500000000000e+02,3.005576186979133e+02,2.999999999966394e+02,5.644565690022122e+02,3.092408139745792e+02,1,0.000000000000000e+00,0.000000000000000e+00
3.080000000002630e-05,616,1.210437219035115e-02,1.691404689936201e+03,1.000000000000000e+00,8.000000000000000e-01,2.000000000000000e-01,4.937455598294431e-05,-7.512982179781362e-05,1.666666666666667e+00,0.000000000000000e+00,2.981500000000000e+02,3.005687553278731e+02,2.999999999966394e+02,5.654831434483326e+02,3.092679757329669e+02,1,0.000000000000000e+00,0.000000000000000e+00
3.085000000002640e-05,617,1.213679825925399e-02,1.659199900669235e+03,1.000000000000000e+00,8.000000000000000e-01,2.000000000000000e-01,4.945788931627783e-05,-7.512982179781362e-05,1.666666666666667e+00,0.000000000000000e+00,2.981500000000000e+02,3.005779185558737e+02,2.999999999966394e+02,5.664649030462407e+02,3.092940727281564e+02,1,0.000000000000000e+00,0.000000000000000e+00
3.090000000002651e-05,618,1.217112862630353e-02,1.801958217934231e+03,1.000000000000000e+00,8.000000000000000e-01,2.000000000000000e-01,4.954122264961135e-05,-7.512982179781362e-05,1.666666666666667e+00,0.000000000000000e+00,2.981500000000000e+02,3.005890055833335e+02,2.999999999966394e+02,5.674928081608518e+02,3.093204891107960e+02,1,0.000000000000000e+00,0.000000000000000e+00
3.095000000002662e-05,619,1.220350824014392e-02,1.778425376092127e+03,1.000000000000000e+00,8.000000000000000e-01,2.000000000000000e-01,4.962455598294486e-05,-7.512982179781362e-05,1.666666666666667e+00,0.000000000000000e+00,2.981500000000000e+02,3.005971295352217e+02,2.999999999966394e+02,5.683852431126326e+02,3.093476579722716e+02,1,0.000000000000000e+00,0.000000000000000e+00
3.100000000002673e-05,620,1.223565934644431e-02,1.879185440083193e+03,1.000000000000000e+00,8.000000000000000e-01,2.000000000000000e-01,4.970788931627838e-05,-7.512982179781362e-05,1.666666666666667e+00,0.000000000000000e+00,2.981500000000000e+02,3.006067679253827e+02,2.999999999966394e+02,5.693364128550191e+02,3.093745358902076e+02,1,0.000000000000000e+00,0.000000000000000e+00
3.105000000002684e-05,621,1.227123644287505e-02,1.940358251285622e+03,1.000000000000000e+00,8.000000000000000e-01,2.000000000000000e-01,4.979122264961189e-05,-7.512982179781362e-05,1.666666666666667e+00,0.000000000000000e+00,2.981500000000000e+02,3.006211746144023e+02,2.999999999966394e+02,5.703460144389572e+02,3.094029810275364e+02,1,0.000000000000000e+00,0.000000000000000e+00
3.110000000002695e-05,622,1.230554356653731e-02,1.905430836095367e+03,1.000000000000000e+00,8.000000000000000e-01,2.000000000000000e-01,4.987455598294541e-05,-7.512982179781362e-05,1.666666666666667e+00,0.000000000000000e+00,2.981500000000000e+02,3.006348457357052e+02,2.999999999966394e+02,5.713138793797691e+02,3.094316105448212e+02,1,0.000000000000000e+00,0.000000000000000e+00
3.115000000002706e-05,623,1.234098044738088e-02,1.979657516121927e+03,1.000000000000000e+00,8.000000000000000e-01,2.000000000000000e-01,4.995788931627893e-05,-7.512982179781362e-05,1.666666666666667e+00,0.000000000000000e+00,2.981500000000000e+02,3.006536341799597e+02,2.999999999966394e+02,5.723555422376542e+02,3.094596643949617e+02,1,0.000000000000000e+00,0.000000000000000e+00
3.120000000002717e-05,624,1.237597848743063e-02,1.887730243381392e+03,1.000000000000000e+00,8.000000000000000e-01,2.000000000000000e-01,5.004122264961244e-05,-7.512982179781362e-05,1.666666666666667e+00,0.000000000000000e+00,2.981500000000000e+02,3.006728374058914e+02,2.999999999966394e+02,5.733131264351105e+02,3.094877636971869e+02,1,0.000000000000000e+00,0.000000000000000e+00
3.125000000002728e-05,625,1.241130983597894e-02,1.962718150299095e+03,1.000000000000000e+00,8.000000000000000e-01,2.000000000000000e-01,5.012455598294596e-05,-7.512982179781362e-05,1.666666666666667e+00,0.000000000000000e+00,2.981500000000000e+02,3.006921572737584e+02,2.999999999967255e+02,5.743016222602561e+02,3.095162392740407e+02,1,0.000000000000000e+00,0.000000000000000e+00
3.130000000002739e-05,626,1.244714941961847e-02,1.962966051543155e+03,1.000000000000000e+00,8.000000000000000e-01,2.000000000000000e-01,5.020788931627947e-05,-7.512982179781362e-05,1.666666666666667e+00,0.000000000000000e+00,2.981500000000000e+02,3.007149881461923e+02,2.999999999967255e+02,5.753140509075400e+02,3.095448226777705e+02,1,0.000000000000000e+00,0.000000000000000e+00
3.135000000002750e-05,627,1.248172851260866e-02,1.955489096067812e+03,1.000000000000000e+00,8.000000000000000e-01,2.000000000000000e-01,5.029122264961299e-05,-7.512982179781362e-05,1.666666666666667e+00,0.000000000000000e+00,2.981500000000000e+02,3.007345464930843e+02,2.999999999967255e+02,5.762442920536083e+02,3.095729045213597e+02,1,0.000000000000000e+00,0.000000000000000e+00
3.140000000002761e-05,628,1.251722310865235e-02,2.132811316195276e+03,1.000000000000000e+00,8.000000000000000e-01,2.000000000000000e-01,5.037455598294651e-05,-7.512982179781362e-05,1.666666666666667e+00,0.000000000000000e+00,2.981500000000000e+02,3.007544678685032e+02,2.999999999967255e+02,5.772006444887483e+02,3.096012676590295e+02,1,0.000000000000000e+00,0.000000000000000e+00
3.145000000002772e-05,629,1.255167031637319e-02,1.885554031248475e+03,1.000000000000000e+00,8.000000000000000e-01,2.000000000000000e-01,5.045788931628002e-05,-7.512982179781362e-05,1.666666666666667e+00,0.000000000000000e+00,2.981500000000000e+02,3.007752293300176e+02,2.999999999967288e+02,5.781211799504154e+02,3.096289585065538e+02,1,0.000000000000000e+00,0.000000000000000e+00
3.150000000002783e-05,630,1.258473119434006e-02,1.976102140650866e+03,1.000000000000000e+00,8.000000000000000e-01,2.000000000000000e-01,5.054122264961354e-05,-7.512982179781362e-05,1.666666666666667e+00,0.000000000000000e+00,2.981500000000000e+02,3.007948951541683e+02,2.999999999967345e+02,5.789951509498281e+02,3.096564534630896e+02,1,0.000000000000000e+00,0.000000000000000e+00
3.155000000002794e-05,631,1.262047212547344e-02,2.156026837444450e+03,1.000000000000000e+00,8.000000000000000e-01,2.000000000000000e-01,5.062455598294705e-05,-7.512982179781362e-05,1.666666666666667e+00,0.000000000000000e+00,2.981500000000000e+02,3.008148165611099e+02,2.999999999967401e+02,5.799063876481250e+02,3.096855666232391e+02,1,0.000000000000000e+00,0.000000000000000e+00
3.160000000002805e-05,632,1.265453979726887e-02,2.201262363149332e+03,1.000000000000000e+00,8.000000000000000e-01,2.000000000000000e-01,5.070788931628057e-05,-7.512982179781362e-05,1.666666666666667e+00,0.000000000000000e+00,2.981500000000000e+02,3.008331679945626e+02,2.999999999967458e+02,5.807808505009398e+02,3.097140350613377e+02,1,0.000000000000000e+00,0.000000000000000e+00
3.165000000002816e-05,633,1.269018951151380e-02,2.355333408946081e+03,1.000000000000000e+00,8.000000000000000e-01,2.000000000000000e-01,5.079122264961409e-05,-7.512982179781362e-05,1.666666666666667e+00,0.000000000000000e+00,2.981500000000000e+02,3.008538303355114e+02,2.999999999967515e+02,5.816728897622133e+02,3.097429811365922e+02,1,0.000000000000000e+00,0.000000000000000e+00
3.170000000002827e-05,634,1.272632611090215e-02,2.170901358947683e+03,1.000000000000000e+00,8.000000000000000e-01,2.000000000000000e-01,5.087455598294760e-05,-7.512982179781362e-05,1.666666666666667e+00,0.000000000000000e+00,2.981500000000000e+02,3.008755139322375e+02,2.999999999968676e+02,5.825616776909317e+02,3.097729683956696e+02,1,0.000000000000000e+00,0.000000000000000e+00
3.175000000002838e-05,635,1.276084391407959e-02,2.118942849330987e+03,1.000000000000000e+00,8.000000000000000e-01,2.000000000000000e-01,5.095788931628112e-05,-7.512982179781362e-05,1.666666666666667e+00,0.000000000000000e+00,2.981500000000000e+02,3.008919946008768e+02,2.999999999972535e+02,5.833838718958750e+02,3.098030558187497e+02,1,0.000000000000000e+00,0.000000000000000e+00
3.180000000002849e-05,636,1.279536607453794e-02,2.287228365161780e+03,1.000000000000000e+00,8.000000000000000e-01,2.000000000000000e-01,5.104122264961463e-05,-7.512982179781362e-05,1.666666666666667e+00,0.000000000000000e+00,2.981500000000000e+02,3.009070322326825e+02,2.999999999979062e+02,5.842211750407371e+02,3.098328783714168e+02,1,0.000000000000000e+00,0.000000000000000e+00
3.185000000002860e-05,637,1.282956283732010e-02,2.086176989316243e+03,1.000000000000000e+00,8.000000000000000e-01,2.000000000000000e-01,5.112455598294815e-05,-7.512982179781362e-05,1.666666666666667e+00,0.000000000000000e+00,2.981500000000000e+02,3.009213478903225e+02,2.999999999983453e+02,5.850301684147443e+02,3.098621888251951e+02,1,0.000000000000000e+00,0.000000000000000e+00
3.190000000002871e-05,638,1.286217602878050e-02,2.046640883136530e+03,1.000000000000000e+00,8.000000000000000e-01,2.000000000000000e-01,5.120788931628167e-05,-7.512982179781362e-05,1.666666666666667e+00,0.000000000000000e+00,2.981500000000000e+02,3.009428601225052e+02,2.999999999983510e+02,5.858424408895507e+02,3.098906504184897e+02,1,0.000000000000000e+00,0.000000000000000e+00
3.195000000002882e-05,639,1.293044356024602e-02,7.746980868869495e+03,1.000000000000000e+00,8.000000000000000e-01,2.000000000000000e-01,5.129122264961518e-05,-7.512982179781362e-05,1.666666666666667e+00,0.000000000000000e+00,2.981500000000000e+02,3.015465461778180e+02,2.999999999983567e+02,5.871755078477124e+02,3.099211983032724e+02,1,0.000000000000000e+00,0.000000000000000e+00
3.200000000002893e-05,640,1.299658808917886e-02,3.459119787277808e+03,1.000000000000000e+00,8.000000000000000e-01,2.000000000000000e-01,5.137455598294870e-05,-7.512982179781362e-05,1.666666666666667e+00,0.000000000000000e+00,2.981500000000000e+02,3.017732152654087e+02,2.999999999983623e+02,5.886964927359063e+02,3.099535480349668e+02,1,0.000000000000000e+00,0.000000000000000e+00
3.205000000002904e-05,641,1.304281918431292e-02,3.523347221157124e+03,1.000000000000000e+00,8.000000000000000e-01,2.000000000000000e-01,5.145788931628221e-05,-7.512982179781362e-05,1.666666666666667e+00,0.000000000000000e+00,2.981500000000000e+02,3.018142884967334e+02,2.999999999983680e+02,5.898840996785960e+02,3.099846435718846e+02,1,0.000000000000000e+00,0.000000000000000e+00
3.210000000002915e-05,642,1.308497319863890e-02,3.100603197532763e+03,1.000000000000000e+00,8.000000000000000e-01,2.000000000000000e-01,5.154122264961573e-05,-7.512982179781362e-05,1.666666666666667e+00,0.000000000000000e+00,2.981500000000000e+02,3.018115222191595e+02,2.999999999983737e+02,5.910153126725386e+02,3.100166686363270e+02,1,0.000000000000000e+00,0.000000000000000e+00
3.215000000002926e-05,643,1.312399362391163e-02,2.779794212203803e+03,1.000000000000000e+00,8.000000000000000e-01,2.000000000000000e-01,5.162455598294925e-05,-7.512982179781362e-05,1.666666666666667e+00,0.000000000000000e+00,2.981500000000000e+02,3.017955393041553e+02,2.999999999983823e+02,5.921400726835698e+02,3.100486330763150e+02,1,0.000000000000000e+00,0.000000000000000e+00
3.220000000002936e-05,644,1.316091854985878e-02,2.348586036347659e+03,1.000000000000000e+00,8.000000000000000e-01,2.000000000000000e-01,5.170788931628276e-05,-7.512982179781362e-05,1.666666666666667e+00,0.000000000000000e+00,2.981500000000000e+02,3.017693588780688e+02,2.999999999983880e+02,5.931477493296750e+02,3.100798747513568e+02,1,0.000000000000000e+00,0.000000000000000e+00
3.225000000002947e-05,645,1.319445211167192e-02,2.277831497500819e+03,1.000000000000000e+00,8.000000000000000e-01,2.000000000000000e-01,5.179122264961628e-05,-7.512982179781362e-05,1.666666666666667e+00,0.000000000000000e+00,2.981500000000000e+02,3.017342467025023e+02,2.999999999983937e+02,5.940718578253061e+02,3.101102812268295e+02,1,0.000000000000000e+00,0.000000000000000e+00
3.230000000002958e-05,646,1.322851018248219e-02,2.328566228047231e+03,1.000000000000000e+00,8.000000000000000e-01,2.000000000000000e-01,5.187455598294980e-05,-7.512982179781362e-05,1.666666666666667e+00,0.000000000000000e+00,2.981500000000000e+02,3.017023234398482e+02,2.999999999983994e+02,5.950121695181475e+02,3.101405809600231e+02,1,0.000000000000000e+00,0.000000000000000e+00
3.235000000002969e-05,647,1.326092924557713e-02,2.246570488722108e+03,1.000000000000000e+00,8.000000000000000e-01,2.000000000000000e-01,5.195788931628331e-05,-7.512982179781362e-05,1.666666666666667e+00,0.000000000000000e+00,2.981500000000000e+02,3.016656402330440e+02,2.999999999984051e+02,5.958823255011483e+02,3.101700633821075e+02,1,0.000000000000000e+00,0.000000000000000e+00
3.240000000002980e-05,648,1.329354640103294e-02,2.165796151528550e+03,1.000000000000000e+00,8.000000000000000e-01,2.000000000000000e-01,5.204122264961683e-05,-7.512982179781362e-05,1.666666666666667e+00,0.000000000000000e+00,2.981500000000000e+02,3.016333351715908e+02,2.999999999984108e+02,5.967793366719746e+02,3.101992905652939e+02,1,0.000000000000000e+00,0.000000000000000e+00
3.245000000002991e-05,649,1.332526622412109e-02,2.062678841061271e+03,1.000000000000000e+00,8.000000000000000e-01,2.000000000000000e-01,5.212455598295034e-05,-7.512982179781362e-05,1.666666666666667e+00,0.000000000000000e+00,2.981500000000000e+02,3.016012443226073e+02,2.999999999984355e+02,5.976218481368511e+02,3.102282837035601e+02,1,0.000000000000000e+00,0.000000000000000e+00
3.250000000003002e-05,650,1.335671333112051e-02,2.241334276594182e+03,1.000000000000000e+00,8.000000000000000e-01,2.000000000000000e-01,5.220788931628386e-05,-7.512982179781362e-05,1.666666666666667e+00,0.000000000000000e+00,2.981500000000000e+02,3.015739962364771e+02,2.999999999984412e+02,5.984913435326715e+02,3.102568551983446e+02,1,0.000000000000000e+00,0.000000000000000e+00
3.255000000003013e-05,651,1.339056122758056e-02,2.202102755933759e+03,1.000000000000000e+00,8.000000000000000e-01,2.000000000000000e-01,5.229122264961738e-05,-7.512982179781362e-05,1.666666666666667e+00,0.000000000000000e+00,2.981500000000000e+02,3.015547598688956e+02,2.999999999984469e+02,5.994182251480615e+02,3.102857457748626e+02,1,0.000000000000000e+00,0.000000000000000e+00
3.260000000003024e-05,652,1.342431454057280e-02,2.165413074194344e+03,1.000000000000000e+00,8.000000000000000e-01,2.000000000000000e-01,5.237455598295089e-05,-7.512982179781362e-05,1.666666666666667e+00,0.000000000000000e+00,2.981500000000000e+02,3.015343004423299e+02,2.999999999984526e+02,6.003216068517721e+02,3.103150932739940e+02,1,0.000000000000000e+00,0.000000000000000e+00
3.265000000003035e-05,653,1.345768807824062e-02,2.237831049680380e+03,1.000000000000000e+00,8.000000000000000e-01,2.000000000000000e-01,5.245788931628441e-05,-7.512982179781362e-05,1.666666666666667e+00,0.000000000000000e+00,2.981500000000000e+02,3.015164584109401e+02,2.999999999984619e+02,6.012510566229222e+02,3.103445840577918e+02,1,0.000000000000000e+00,0.000000000000000e+00
3.270000000003046e-05,654,1.349162299696384e-02,2.140960726785574e+03,1.000000000000000e+00,8.000000000000000e-01,2.000000000000000e-01,5.254122264961792e-05,-7.512982179781362e-05,1.666666666666667e+00,0.000000000000000e+00,2.981500000000000e+02,3.014981718656679e+02,2.999999999984676e+02,6.021637552777295e+02,3.103741217466780e+02,1,0.000000000000000e+00,0.000000000000000e+00
3.275000000003057e-05,655,1.352466800164325e-02,2.208667806710845e+03,1.000000000000000e+00,8.000000000000000e-01,2.000000000000000e-01,5.262455598295144e-05,-7.512982179781362e-05,1.666666666666667e+00,0.000000000000000e+00,2.981500000000000e+02,3.014800577426279e+02,2.999999999977561e+02,6.030838678390705e+02,3.104036883827604e+02,1,0.000000000000000e+00,0.000000000000000e+00
3.280000000003068e-05,656,1.355772331303094e-02,2.280802151198414e+03,1.000000000000000e+00,8.000000000000000e-01,2.000000000000000e-01,5.270788931628496e-05,-7.512982179781362e-05,1.666666666666667e+00,0.000000000000000e+00,2.981500000000000e+02,3.014642666188531e+02,2.999999999977618e+02,6.040275366582696e+02,3.104329519306948e+02,1,0.000000000000000e+00,0.000000000000000e+00
3.285000000003079e-05,657,1.359107456121401e-02,2.169422315585926e+03,1.000000000000000e+00,8.000000000000000e-01,2.000000000000000e-01,5.279122264961847e-05,-7.512982179781362e-05,1.666666666666667e+00,0.000000000000000e+00,2.981500000000000e+02,3.014457736731064e+02,2.999999999977687e+02,6.049554350798048e+02,3.104622829687199e+02,1,0.000000000000000e+00,0.000000000000000e+00
3.290000000003090e-05,658,1.362300078808176e-02,2.129807839677758e+03,1.000000000000000e+00,8.000000000000000e-01,2.000000000000000e-01,5.287455598295199e-05,-7.512982179781362e-05,1.666666666666667e+00,0.000000000000000e+00,2.981500000000000e+02,3.014234788814387e+02,2.999999999977982e+02,6.058425274344610e+02,3.104913514649558e+02,1,0.000000000000000e+00,0.000000000000000e+00
3.295000000003101e-05,659,1.365324787181680e-02,2.119566091402391e+03,1.000000000000000e+00,8.000000000000000e-01,2.000000000000000e-01,5.295788931628550e-05,-7.512982179781362e-05,1.666666666666667e+00,0.000000000000000e+00,2.981500000000000e+02,3.013991725764766e+02,2.999999999978039e+02,6.066962575535919e+02,3.105197714645916e+02,1,0.000000000000000e+00,0.000000000000000e+00
3.300000000003112e-05,660,1.368366632049498e-02,2.043482121792120e+03,1.000000000000000e+00,8.000000000000000e-01,2.000000000000000e-01,5.304122264961902e-05,-7.512982179781362e-05,1.666666666666667e+00,0.000000000000000e+00,2.981500000000000e+02,3.013760626989945e+02,2.999999999978095e+02,6.075625473199557e+02,3.105481353163161e+02,1,0.000000000000000e+00,0.000000000000000e+00
3.305000000003123e-05,661,1.371347419616889e-02,1.986769131179028e+03,1.000000000000000e+00,8.000000000000000e-01,2.000000000000000e-01,5.312455598295254e-05,-7.512982179781362e-05,1.666666666666667e+00,0.000000000000000e+00,2.981500000000000e+02,3.013535464410436e+02,2.999999999978152e+02,6.084364999219787e+02,3.105767206346343e+02,1,0.000000000000000e+00,0.000000000000000e+00
3.310000000003134e-05,662,1.374299791590708e-02,2.004787192911497e+03,1.000000000000000e+00,8.000000000000000e-01,2.000000000000000e-01,5.320788931628605e-05,-7.512982179781362e-05,1.666666666666667e+00,0.000000000000000e+00,2.981500000000000e+02,3.013332197871345e+02,2.999999999978124e+02,6.093066196073302e+02,3.106051309989433e+02,1,0.000000000000000e+00,0.000000000000000e+00
3.315000000003145e-05,663,1.377282622642210e-02,1.981533510972805e+03,1.000000000000000e+00,8.000000000000000e-01,2.000000000000000e-01,5.329122264961957e-05,-7.512982179781362e-05,1.666666666666667e+00,0.000000000000000e+00,2.981500000000000e+02,3.013141006009396e+02,2.999999999978181e+02,6.101972727356620e+02,3.106336693510420e+02,1,0.000000000000000e+00,0.000000000000000e+00
3.320000000003156e-05,664,1.380263478681298e-02,2.046547897135789e+03,1.000000000000000e+00,8.000000000000000e-01,2.000000000000000e-01,5.337455598295308e-05,-7.512982179781362e-05,1.666666666666667e+00,0.000000000000000e+00,2.981500000000000e+02,3.012981595986748e+02,2.999999999978238e+02,6.111037135783949e+02,3.106620642992723e+02,1,0.000000000000000e+00,0.000000000000000e+00
3.325000000003167e-05,665,1.383395011815609e-02,2.097575431430974e+03,1.000000000000000e+00,8.000000000000000e-01,2.000000000000000e-01,5.345788931628660e-05,-7.512982179781362e-05,1.666666666666667e+00,0.000000000000000e+00,2.981500000000000e+02,3.012857126638646e+02,2.999999999978295e+02,6.120749424075144e+02,3.106910887906152e+02,1,0.000000000000000e+00,0.000000000000000e+00
3.330000000003178e-05,666,1.386496166701956e-02,2.059777858354718e+03,1.000000000000000e+00,8.000000000000000e-01,2.000000000000000e-01,5.354122264962012e-05,-7.512982179781362e-05,1.666666666666667e+00,0.000000000000000e+00,2.981500000000000e+02,3.012714372341694e+02,2.999999999978352e+02,6.130081956410880e+02,3.107201783791148e+02,1,0.000000000000000e+00,0.000000000000000e+00
3.335000000003189e-05,667,1.389533505085098e-02,2.027060720790940e+03,1.000000000000000e+00,8.000000000000000e-01,2.000000000000000e-01,5.362455598295363e-05,-7.512982179781362e-05,1.666666666666667e+00,0.000000000000000e+00,2.981500000000000e+02,3.012579127576021e+02,2.999999999978226e+02,6.139555478619526e+02,3.107483456071204e+02,1,0.000000000000000e+00,0.000000000000000e+00
3.340000000003200e-05,668,1.392544577506133e-02,1.780972324330624e+03,1.000000000000000e+00,8.000000000000000e-01,2.000000000000000e-01,5.370788931628715e-05,-7.512982179781362e-05,1.666666666666667e+00,0.000000000000000e+00,2.981500000000000e+02,3.012432207030610e+02,2.999999999978282e+02,6.148859017614491e+02,3.107763685487213e+02,1,0.000000000000000e+00,0.000000000000000e+00
3.345000000003211e-05,669,1.395417471649931e-02,1.701076221863037e+03,1.000000000000000e+00,8.000000000000000e-01,2.000000000000000e-01,5.379122264962066e-05,-7.512982179781362e-05,1.666666666666667e+00,0.000000000000000e+00,2.981500000000000e+02,3.012252477762912e+02,2.999999999978339e+02,6.157662158301073e+02,3.108037915445119e+02,1,0.000000000000000e+00,0.000000000000000e+00
3.350000000003222e-05,670,1.398329417848963e-02,1.988766193075862e+03,1.000000000000000e+00,8.000000000000000e-01,2.000000000000000e-01,5.387455598295418e-05,-7.512982179781362e-05,1.666666666666667e+00,0.000000000000000e+00,2.981500000000000e+02,3.012083106123374e+02,2.999999999978396e+02,6.166749943626567e+02,3.108315707264045e+02,1,0.000000000000000e+00,0.000000000000000e+00
3.355000000003233e-05,671,1.401286209455808e-02,2.062444331226211e+03,1.000000000000000e+00,8.000000000000000e-01,2.000000000000000e-01,5.395788931628770e-05,-7.512982179781362e-05,1.666666666666667e+00,0.000000000000000e+00,2.981500000000000e+02,3.011919160338275e+02,2.999999999978453e+02,6.176009567779707e+02,3.108600672961692e+02,1,0.000000000000000e+00,0.000000000000000e+00
3.360000000003243e-05,672,1.404315973506157e-02,1.982530314642683e+03,1.000000000000000e+00,8.000000000000000e-01,2.000000000000000e-01,5.404122264962121e-05,-7.512982179781362e-05,1.666666666666667e+00,0.000000000000000e+00,2.981500000000000e+02,3.011763871031515e+02,2.999999999978510e+02,6.185672881790517e+02,3.108890319482951e+02,1,0.000000000000000e+00,0.000000000000000e+00
3.365000000003254e-05,673,1.453420761530419e-02,2.098222427024133e+03,1.000000000000000e+00,8.000000000000000e-01,2.000000000000000e-01,5.412455598295473e-05,-7.512982179781362e-05,1.666666666666667e+00,0.000000000000000e+00,2.981500000000000e+02,3.011625276314174e+02,2.999999999978567e+02,6.194920105620231e+02,3.109182906429899e+02,1,0.000000000000000e+00,0.000000000000000e+00
3.370000000003265e-05,674,1.457177344402471e-02,3.397785178607975e+03,1.000000000000000e+00,8.000000000000000e-01,2.000000000000000e-01,5.420788931628824e-05,-7.512982179781362e-05,1.666666666666667e+00,0.000000000000000e+00,2.981500000000000e+02,3.011501215130813e+02,2.999999999978623e+02,6.204864946851461e+02,3.109477092593855e+02,1,0.000000000000000e+00,0.000000000000000e+00
3.375000000003276e-05,675,1.460455196554625e-02,2.963604818450437e+03,1.000000000000000e+00,8.000000000000000e-01,2.000000000000000e-01,5.429122264962176e-05,-7.512982179781362e-05,1.666666666666667e+00,0.000000000000000e+00,2.981500000000000e+02,3.011406189650320e+02,2.999999999978680e+02,6.215396865909134e+02,3.109773604115710e+02,1,0.000000000000000e+00,0.000000000000000e+00
3.380000000003287e-05,676,1.463385082943890e-02,2.385302457028280e+03,1.000000000000000e+00,8.000000000000000e-01,2.000000000000000e-01,5.437455598295528e-05,-7.512982179781362e-05,1.666666666666667e+00,0.000000000000000e+00,2.981500000000000e+02,3.011282204066803e+02,2.999999999978737e+02,6.224795715895416e+02,3.110065546592535e+02,1,0.000000000000000e+00,0.000000000000000e+00
3.385000000003298e-05,677,1.466097462195450e-02,2.027784111199759e+03,1.000000000000000e+00,8.000000000000000e-01,2.000000000000000e-01,5.445788931628879e-05,-7.512982179781362e-05,1.666666666666667e+00,0.000000000000000e+00,2.981500000000000e+02,3.011175970329662e+02,2.999999999978794e+02,6.233804272416614e+02,3.110287117496925e+02,1,0.000000000000000e+00,0.000000000000000e+00
3.390000000003309e-05,678,1.468816264343331e-02,1.911252236914208e+03,1.000000000000000e+00,8.000000000000000e-01,2.000000000000000e-01,5.454122264962231e-05,-7.512982179781362e-05,1.666666666666667e+00,0.000000000000000e+00,2.981500000000000e+02,3.011076805309183e+02,2.999999999978218e+02,6.242680677811288e+02,3.110512475175884e+02,1,0.000000000000000e+00,0.000000000000000e+00
3.395000000003320e-05,679,1.471453532969150e-02,1.794614388635480e+03,1.000000000000000e+00,8.000000000000000e-01,2.000000000000000e-01,5.462455598295583e-05,-7.512982179781362e-05,1.666666666666667e+00,0.000000000000000e+00,2.981500000000000e+02,3.010963732325339e+02,2.999999999978274e+02,6.251101199242050e+02,3.110799588272624e+02,1,0.000000000000000e+00,0.000000000000000e+00
3.400000000003331e-05,680,1.474123548697357e-02,1.858075828969145e+03,1.000000000000000e+00,8.000000000000000e-01,2.000000000000000e-01,5.470788931628934e-05,-7.512982179781362e-05,1.666666666666667e+00,0.000000000000000e+00,2.981500000000000e+02,3.010872776478715e+02,2.999999999978331e+02,6.259885556908373e+02,3.110956377983908e+02,1,0.000000000000000e+00,0.000000000000000e+00
3.405000000003342e-05,681,1.476819200637410e-02,1.929152487787101e+03,1.000000000000000e+00,8.000000000000000e-01,2.000000000000000e-01,5.479122264962286e-05,-7.512982179781362e-05,1.666666666666667e+00,0.000000000000000e+00,2.981500000000000e+02,3.010745466118045e+02,2.999999999978388e+02,6.268399004696188e+02,3.111244030156615e+02,1,0.000000000000000e+00,0.000000000000000e+00
3.410000000003353e-05,682,1.479410360859077e-02,1.675230282213212e+03,1.000000000000000e+00,8.000000000000000e-01,2.000000000000000e-01,5.487455598295637e-05,-7.512982179781362e-05,1.666666666666667e+00,0.000000000000000e+00,2.981500000000000e+02,3.010623847040129e+02,2.999999999978445e+02,6.277154268859159e+02,3.111463403314339e+02,1,0.000000000000000e+00,0.000000000000000e+00
3.415000000003364e-05,683,1.481983919870555e-02,2.129697243798612e+03,1.000000000000000e+00,8.000000000000000e-01,2.000000000000000e-01,5.495788931628989e-05,-7.512982179781362e-05,1.666666666666667e+00,0.000000000000000e+00,2.981500000000000e+02,3.010495240901785e+02,2.999999999978502e+02,6.285902325611371e+02,3.111697708877261e+02,1,0.000000000000000e+00,0.000000000000000e+00
3.420000000003375e-05,684,1.484540544253749e-02,1.800746508695432e+03,1.000000000000000e+00,8.000000000000000e-01,2.000000000000000e-01,5.504122264962341e-05,-7.512982179781362e-05,1.666666666666667e+00,0.000000000000000e+00,2.981500000000000e+02,3.010342511374914e+02,2.999999999978591e+02,6.294139613663892e+02,3.111976589868391e+02,1,0.000000000000000e+00,0.000000000000000e+00
3.425000000003386e-05,685,1.487059536031282e-02,1.709974974909272e+03,1.000000000000000e+00,8.000000000000000e-01,2.000000000000000e-01,5.512455598295692e-05,-7.512982179781362e-05,1.666666666666667e+00,0.000000000000000e+00,2.981500000000000e+02,3.010209255959070e+02,2.999999999978705e+02,6.302785870375366e+02,3.112143935922362e+02,1,0.000000000000000e+00,0.000000000000000e+00
3.430000000003397e-05,686,1.489657701550456e-02,1.899596838548765e+03,1.000000000000000e+00,8.000000000000000e-01,2.000000000000000e-01,5.520788931629044e-05,-7.512982179781362e-05,1.666666666666667e+00,0.000000000000000e+00,2.981500000000000e+02,3.010083922845083e+02,2.999999999977573e+02,6.311156977610062e+02,3.112427421173815e+02,1,0.000000000000000e+00,0.000000000000000e+00
3.435000000003408e-05,687,1.492268087684022e-02,1.317534589980581e+03,1.000000000000000e+00,8.000000000000000e-01,2.000000000000000e-01,5.529122264962395e-05,-7.512982179781362e-05,1.666666666666667e+00,0.000000000000000e+00,2.981500000000000e+02,3.009948294439020e+02,2.999999999977687e+02,6.319722657900237e+02,3.112715794955828e+02,1,0.000000000000000e+00,0.000000000000000e+00
3.440000000003419e-05,688,1.494804543587938e-02,2.344438769720038e+03,1.000000000000000e+00,8.000000000000000e-01,2.000000000000000e-01,5.537455598295747e-05,-7.512982179781362e-05,1.666666666666667e+00,0.000000000000000e+00,2.981500000000000e+02,3.009833303393463e+02,2.999999999977800e+02,6.328039737493772e+02,3.112896199965834e+02,1,0.000000000000000e+00,0.000000000000000e+00
3.445000000003430e-05,689,1.497588755160898e-02,2.173670534473828e+03,1.000000000000000e+00,8.000000000000000e-01,2.000000000000000e-01,5.545788931629099e-05,-7.512982179781362e-05,1.666666666666667e+00,0.000000000000000e+00,2.981500000000000e+02,3.009735636497584e+02,2.999999999978059e+02,6.337040239474866e+02,3.113189262121149e+02,1,0.000000000000000e+00,0.000000000000000e+00
3.450000000003441e-05,690,1.500261044472835e-02,1.720110243463730e+03,1.000000000000000e+00,8.000000000000000e-01,2.000000000000000e-01,5.554122264962450e-05,-7.512982179781362e-05,1.666666666666667e+00,0.000000000000000e+00,2.981500000000000e+02,3.009604563333349e+02,2.999999999978173e+02,6.345973971267700e+02,3.113471557865786e+02,1,0.000000000000000e+00,0.000000000000000e+00
3.455000000003452e-05,691,1.502653765173576e-02,3.173156371731415e+03,1.000000000000000e+00,8.000000000000000e-01,2.000000000000000e-01,5.562455598295802e-05,-7.512982179781362e-05,1.666666666666667e+00,0.000000000000000e+00,2.981500000000000e+02,3.009474726211387e+02,2.999999999978286e+02,6.353916641324893e+02,3.113755920847122e+02,1,0.000000000000000e+00,0.000000000000000e+00
3.460000000003463e-05,692,1.505529249259219e-02,2.217394478642787e+03,1.000000000000000e+00,8.000000000000000e-01,2.000000000000000e-01,5.570788931629153e-05,-7.512982179781362e-05,1.666666666666667e+00,0.000000000000000e+00,2.981500000000000e+02,3.009415610200912e+02,2.999999999978568e+02,6.363309348779443e+02,3.114044964295285e+02,1,0.000000000000000e+00,0.000000000000000e+00
3.465000000003474e-05,693,1.508289620687284e-02,1.912377260340335e+03,1.000000000000000e+00,8.000000000000000e-01,2.000000000000000e-01,5.579122264962505e-05,-7.512982179781362e-05,1.666666666666667e+00,0.000000000000000e+00,2.981500000000000e+02,3.009328993503175e+02,2.999999999979008e+02,6.372171687118541e+02,3.114320871215428e+02,1,0.000000000000000e+00,0.000000000000000e+00
3.470000000003485e-05,694,1.510866340173446e-02,1.911664037670048e+03,1.000000000000000e+00,8.000000000000000e-01,2.000000000000000e-01,5.587455598295857e-05,-7.512982179781362e-05,1.666666666666667e+00,0.000000000000000e+00,2.981500000000000e+02,3.009253257616338e+02,2.999999999980129e+02,6.381017187181809e+02,3.114576077452620e+02,1,0.000000000000000e+00,0.000000000000000e+00
3.475000000003496e-05,695,1.513552356746927e-02,2.217835170789943e+03,1.000000000000000e+00,8.000000000000000e-01,2.000000000000000e-01,5.595788931629208e-05,-7.512982179781362e-05,1.666666666666667e+00,0.000000000000000e+00,2.981500000000000e+02,3.009189318068848e+02,2.999999999980470e+02,6.390366445379798e+02,3.114855823632168e+02,1,0.000000000000000e+00,0.000000000000000e+00
3.480000000003507e-05,696,1.516173927692829e-02,1.501927603910660e+03,1.000000000000000e+00,8.000000000000000e-01,2.000000000000000e-01,5.604122264962560e-05,-7.512982179781362e-05,1.666666666666667e+00,0.000000000000000e+00,2.981500000000000e+02,3.009102972587294e+02,2.999999999980811e+02,6.398822733758192e+02,3.115144428996759e+02,1,0.000000000000000e+00,0.000000000000000e+00
3.485000000003518e-05,697,1.518785296436168e-02,2.114454720277189e+03,1.000000000000000e+00,8.000000000000000e-01,2.000000000000000e-01,5.612455598295911e-05,-7.512982179781362e-05,1.666666666666667e+00,0.000000000000000e+00,2.981500000000000e+02,3.009050466754278e+02,2.999999999981152e+02,6.407734918709272e+02,3.115431232054139e+02,1,0.000000000000000e+00,0.000000000000000e+00
3.490000000003529e-05,698,1.521623691389131e-02,2.260559215119436e+03,1.000000000000000e+00,8.000000000000000e-01,2.000000000000000e-01,5.620788931629263e-05,-7.512982179781362e-05,1.666666666666667e+00,0.000000000000000e+00,2.981500000000000e+02,3.008979470932479e+02,2.999999999981493e+02,6.416239272561559e+02,3.115722961488032e+02,1,0.000000000000000e+00,0.000000000000000e+00
3.495000000003539e-05,699,1.524414540943637e-02,2.190076109289391e+03,1.000000000000000e+00,8.000000000000000e-01,2.000000000000000e-01,5.629122264962615e-05,-7.512982179781362e-05,1.666666666666667e+00,0.000000000000000e+00,2.981500000000000e+02,3.008888350435603e+02,2.999999999981834e+02,6.423986550042779e+02,3.116015061742856e+02,1,0.000000000000000e+00,0.000000000000000e+00
3.500000000003550e-05,700,1.527265740172351e-02,2.376135777774165e+03,1.000000000000000e+00,8.000000000000000e-01,2.000000000000000e-01,5.637455598295966e-05,-7.512982179781362e-05,1.666666666666667e+00,0.000000000000000e+00,2.981500000000000e+02,3.008814248888448e+02,2.999999999982175e+02,6.432055433609368e+02,3.116321033195487e+02,1,0.000000000000000e+00,0.000000000000000e+00
3.505000000003561e-05,701,1.530150075273582e-02,2.548361177149025e+03,1.000000000000000e+00,8.000000000000000e-01,2.000000000000000e-01,5.645788931629318e-05,-7.512982179781362e-05,1.666666666666667e+00,0.000000000000000e+00,2.981500000000000e+02,3.008720376577462e+02,2.999999999973410e+02,6.439410338871010e+02,3.116657691906900e+02,1,0.000000000000000e+00,0.000000000000000e+00
3.510000000003572e-05,702,1.532959310935766e-02,2.288024255687238e+03,1.000000000000000e+00,8.000000000000000e-01,2.000000000000000e-01,5.654122264962669e-05,-7.512982179781362e-05,1.666666666666667e+00,0.000000000000000e+00,2.981500000000000e+02,3.008624511756507e+02,2.999999999973410e+02,6.447186880316135e+02,3.116951505685968e+02,1,0.000000000000000e+00,0.000000000000000e+00
3.515000000003583e-05,703,1.535690947855034e-02,2.656910964903821e+03,1.000000000000000e+00,8.000000000000000e-01,2.000000000000000e-01,5.662455598296021e-05,-7.512982179781362e-05,1.666666666666667e+00,0.000000000000000e+00,2.981500000000000e+02,3.008549865152409e+02,2.999999999973410e+02,6.455483139972589e+02,3.117240673694276e+02,1,0.000000000000000e+00,0.000000000000000e+00
3.520000000003594e-05,704,1.538490998325807e-02,1.852054855804397e+03,1.000000000000000e+00,8.000000000000000e-01,2.000000000000000e-01,5.670788931629373e-05,-7.512982179781362e-05,1.666666666666667e+00,0.000000000000000e+00,2.981500000000000e+02,3.008642420109141e+02,2.999999999973410e+02,6.462356526863196e+02,3.117559667521568e+02,1,0.000000000000000e+00,0.000000000000000e+00
3.525000000003605e-05,705,1.541442359965861e-02,2.182029617632389e+03,1.000000000000000e+00,8.000000000000000e-01,2.000000000000000e-01,5.679122264962724e-05,-7.512982179781362e-05,1.666666666666667e+00,0.000000000000000e+00,2.981500000000000e+02,3.008733324370604e+02,2.999999999973410e+02,6.469780549237081e+02,3.117841901668262e+02,1,0.000000000000000e+00,0.000000000000000e+00
3.530000000003616e-05,706,1.543680115559354e-02,4.924117573580676e+03,1.000000000000000e+00,8.000000000000000e-01,2.000000000000000e-01,5.687455598296076e-05,-7.512982179781362e-05,1.666666666666667e+00,0.000000000000000e+00,2.981500000000000e+02,3.008665794493728e+02,2.999999999973212e+02,6.477396898341252e+02,3.118098247692805e+02,1,0.000000000000000e+00,0.000000000000000e+00
3.535000000003627e-05,707,1.546231696131774e-02,1.231167428300866e+03,1.000000000000000e+00,8.000000000000000e-01,2.000000000000000e-01,5.695788931629427e-05,-7.512982179781362e-05,1.666666666666667e+00,0.000000000000000e+00,2.981500000000000e+02,3.008591214138447e+02,2.999999999973212e+02,6.482496251510705e+02,3.118339444495715e+02,1,0.000000000000000e+00,0.000000000000000e+00
3.540000000003638e-05,708,1.548599245325809e-02,1.310914866226321e+03,1.000000000000000e+00,8.000000000000000e-01,2.000000000000000e-01,5.704122264962779e-05,-7.512982179781362e-05,1.666666666666667e+00,0.000000000000000e+00,2.981500000000000e+02,3.008697550947182e+02,2.999999999973212e+02,6.489594260234373e+02,3.118619593932541e+02,1,0.000000000000000e+00,0.000000000000000e+00
3.545000000003649e-05,709,1.550959556182608e-02,2.274651804883484e+03,1.000000000000000e+00,8.000000000000000e-01,2.000000000000000e-01,5.712455598296131e-05,-7.512982179781362e-05,1.666666666666667e+00,0.000000000000000e+00,2.981500000000000e+02,3.008813905964905e+02,2.999999999973212e+02,6.496503018038097e+02,3.118887553843794e+02,1,0.000000000000000e+00,0.000000000000000e+00
3.550000000003660e-05,710,1.553360772467935e-02,1.920296598869580e+03,1.000000000000000e+00,8.000000000000000e-01,2.000000000000000e-01,5.720788931629482e-05,-7.512982179781362e-05,1.666666666666667e+00,0.000000000000000e+00,2.981500000000000e+02,3.008838236886107e+02,2.999999999973212e+02,6.502136246851329e+02,3.119146787119868e+02,1,0.000000000000000e+00,0.000000000000000e+00
3.555000000003671e-05,711,1.555883874685275e-02,1.741224216856983e+03,1.000000000000000e+00,8.000000000000000e-01,2.000000000000000e-01,5.729122264962834e-05,-7.512982179781362e-05,1.666666666666667e+00,0.000000000000000e+00,2.981500000000000e+02,3.008924539365744e+02,2.999999999973212e+02,6.508329730245841e+02,3.119427704693762e+02,1,0.000000000000000e+00,0.000000000000000e+00
3.560000000003682e-05,712,1.558465063658594e-02,1.841847607420782e+03,1.000000000000000e+00,8.000000000000000e-01,2.000000000000000e-01,5.737455598296186e-05,-7.512982179781362e-05,1.666666666666667e+00,0.000000000000000e+00,2.981500000000000e+02,3.008951109040275e+02,2.999999999974111e+02,6.514623819793331e+02,3.119708919723744e+02,1,0.000000000000000e+00,0.000000000000000e+00
3.565000000003693e-05,713,1.561064036266255e-02,2.225934788837425e+03,1.000000000000000e+00,8.000000000000000e-01,2.000000000000000e-01,5.745788931629537e-05,-7.512982179781362e-05,1.666666666666667e+00,0.000000000000000e+00,2.981500000000000e+02,3.008943938874532e+02,2.999999999974111e+02,6.520806219706038e+02,3.119992461224920e+02,1,0.000000000000000e+00,0.000000000000000e+00
3.570000000003704e-05,714,1.563737194512332e-02,2.550273808887802e+03,1.000000000000000e+00,8.000000000000000e-01,2.000000000000000e-01,5.754122264962889e-05,-7.512982179781362e-05,1.666666666666667e+00,0.000000000000000e+00,2.981500000000000e+02,3.008987377734522e+02,2.999999999974111e+02,6.527065548216214e+02,3.120278764121004e+02,1,0.000000000000000e+00,0.000000000000000e+00
3.575000000003715e-05,715,1.566532764101846e-02,2.395796316295598e+03,1.000000000000000e+00,8.000000000000000e-01,2.000000000000000e-01,5.762455598296240e-05,-7.512982179781362e-05,1.666666666666667e+00,0.000000000000000e+00,2.981500000000000e+02,3.009037438961841e+02,2.999999999974111e+02,6.533362656384353e+02,3.120573634534865e+02,1,0.000000000000000e+00,0.000000000000000e+00
3.580000000003726e-05,716,1.569268290969335e-02,2.188024272122170e+03,1.000000000000000e+00,8.000000000000000e-01,2.000000000000000e-01,5.770788931629592e-05,-7.512982179781362e-05,1.666666666666667e+00,0.000000000000000e+00,2.981500000000000e+02,3.009056260365062e+02,2.999999999974111e+02,6.539615216580456e+02,3.120873731125811e+02,1,0.000000000000000e+00,0.000000000000000e+00
3.585000000003737e-05,717,1.571991037368244e-02,2.333937840086770e+03,1.000000000000000e+00,8.000000000000000e-01,2.000000000000000e-01,5.779122264962944e-05,-7.512982179781362e-05,1.666666666666667e+00,0.000000000000000e+00,2.981500000000000e+02,3.009142427103987e+02,2.999999999974111e+02,6.545677740778010e+02,3.121164180277577e+02,1,0.000000000000000e+00,0.000000000000000e+00
3.590000000003748e-05,718,1.574808924590783e-02,2.166057839293292e+03,1.000000000000000e+00,8.000000000000000e-01,2.000000000000000e-01,5.787455598296295e-05,-7.512982179781362e-05,1.666666666666667e+00,0.000000000000000e+00,2.981500000000000e+02,3.009247650504466e+02,2.999999999974111e+02,6.552021506278982e+02,3.121459606191592e+02,1,0.000000000000000e+00,0.000000000000000e+00
3.595000000003759e-05,719,1.577555969865308e-02,2.400325366279264e+03,1.000000000000000e+00,8.000000000000000e-01,2.000000000000000e-01,5.795788931629647e-05,-7.512982179781362e-05,1.666666666666667e+00,0.000000000000000e+00,2.981500000000000e+02,3.009310864811342e+02,2.999999999974111e+02,6.557910492223290e+02,3.121754916758488e+02,1,0.000000000000000e+00,0.000000000000000e+00
3.600000000003770e-05,720,1.580312602121516e-02,2.568042430220310e+03,1.000000000000000e+00,8.000000000000000e-01,2.000000000000000e-01,5.804122264962998e-05,-7.512982179781362e-05,1.666666666666667e+00,0.000000000000000e+00,2.981500000000000e+02,3.009395794917634e+02,2.999999999974111e+02,6.563859998239705e+02,3.122045762075637e+02,1,0.000000000000000e+00,0.000000000000000e+00
3.605000000003781e-05,721,1.583151881262748e-02,2.098539468239600e+03,1.000000000000000e+00,8.000000000000000e-01,2.000000000000000e-01,5.812455598296350e-05,-7.512982179781362e-05,1.666666666666667e+00,0.000000000000000e+00,2.981500000000000e+02,3.009449070493677e+02,2.999999999973288e+02,6.569425648519175e+02,3.122339090947024e+02,1,0.000000000000000e+00,0.000000000000000e+00
3.610000000003792e-05,722,1.585562205827090e-02,2.322712434801313e+03,1.000000000000000e+00,8.000000000000000e-01,2.000000000000000e-01,5.820788931629702e-05,-7.512982179781362e-05,1.666666666666667e+00,0.000000000000000e+00,2.981500000000000e+02,3.009467187075888e+02,2.999999999973288e+02,6.573755599243739e+02,3.122617373148287e+02,1,0.000000000000000e+00,0.000000000000000e+00
3.615000000003803e-05,723,1.588345347319550e-02,2.740976005650954e+03,1.000000000000000e+00,8.000000000000000e-01,2.000000000000000e-01,5.829122264963053e-05,-7.512982179781362e-05,1.666666666666667e+00,0.000000000000000e+00,2.981500000000000e+02,3.009570617931306e+02,2.999999999973288e+02,6.579911806488980e+02,3.122909505453489e+02,1,0.000000000000000e+00,0.000000000000000e+00
3.620000000003814e-05,724,1.591468210577882e-02,2.347178556782049e+03,1.000000000000000e+00,8.000000000000000e-01,2.000000000000000e-01,5.837455598296405e-05,-7.512982179781362e-05,1.666666666666667e+00,0.000000000000000e+00,2.981500000000000e+02,3.009696630317159e+02,2.999999999973416e+02,6.586153068351666e+02,3.123220592021473e+02,1,0.000000000000000e+00,0.000000000000000e+00
3.625000000003825e-05,725,1.594082281351836e-02,2.371153553642623e+03,1.000000000000000e+00,8.000000000000000e-01,2.000000000000000e-01,5.845788931629756e-05,-7.512982179781362e-05,1.666666666666667e+00,0.000000000000000e+00,2.981500000000000e+02,3.009812864600736e+02,2.999999999973450e+02,6.591411974791233e+02,3.123513826478030e+02,1,0.000000000000000e+00,0.000000000000000e+00
3.630000000003836e-05,726,1.597038758361844e-02,2.535918678503938e+03,1.000000000000000e+00,8.000000000000000e-01,2.000000000000000e-01,5.854122264963108e-05,-7.512982179781362e-05,1.666666666666667e+00,0.000000000000000e+00,2.981500000000000e+02,3.009974836783272e+02,2.999999999973502e+02,6.597267273142078e+02,3.123810096288530e+02,1,0.000000000000000e+00,0.000000000000000e+00
3.635000000003846e-05,727,1.600008834518112e-02,2.265098474646833e+03,1.000000000000000e+00,8.000000000000000e-01,2.000000000000000e-01,5.862455598296460e-05,-7.512982179781362e-05,1.666666666666667e+00,0.000000000000000e+00,2.981500000000000e+02,3.010098623779709e+02,2.999999999973643e+02,6.602369243547989e+02,3.124111369014354e+02,1,0.000000000000000e+00,0.000000000000000e+00
3.640000000003857e-05,728,1.602662163371147e-02,2.396125370545539e+03,1.000000000000000e+00,8.000000000000000e-01,2.000000000000000e-01,5.870788931629811e-05,-7.512982179781362e-05,1.666666666666667e+00,0.000000000000000e+00,2.981500000000000e+02,3.010178032174194e+02,2.999999999973643e+02,6.607294614236407e+02,3.124400335602860e+02,1,0.000000000000000e+00,0.000000000000000e+00
3.645000000003868e-05,729,1.605509424554909e-02,2.576418458781214e+03,1.000000000000000e+00,8.000000000000000e-01,2.000000000000000e-01,5.879122264963163e-05,-7.512982179781362e-05,1.666666666666667e+00,0.000000000000000e+00,2.981500000000000e+02,3.010227659997090e+02,2.999999999973643e+02,6.611994739498077e+02,3.124698820563117e+02,1,0.000000000000000e+00,0.000000000000000e+00
3.650000000003879e-05,730,1.608362851185061e-02,2.801507880504258e+03,1.000000000000000e+00,8.000000000000000e-01,2.000000000000000e-01,5.887455598296514e-05,-7.512982179781362e-05,1.666666666666667e+00,0.000000000000000e+00,2.981500000000000e+02,3.010255424015338e+02,2.999999999973643e+02,6.616594616909158e+02,3.124997808226667e+02,1,0.000000000000000e+00,0.000000000000000e+00
3.655000000003890e-05,731,1.611143400974308e-02,2.468908020578458e+03,1.000000000000000e+00,8.000000000000000e-01,2.000000000000000e-01,5.895788931629866e-05,-7.512982179781362e-05,1.666666666666667e+00,0.000000000000000e+00,2.981500000000000e+02,3.010327072669276e+02,2.999999999973643e+02,6.621859403471967e+02,3.125286842212525e+02,1,0.000000000000000e+00,0.000000000000000e+00
3.660000000003901e-05,732,1.613794732193208e-02,7.406366971068675e+03,1.000000000000000e+00,8.000000000000000e-01,2.000000000000000e-01,5.904122264963218e-05,-7.512982179781362e-05,1.666666666666667e+00,0.000000000000000e+00,2.981500000000000e+02,3.010476701408321e+02,2.999999999973643e+02,6.626300736623814e+02,3.125569755822191e+02,1,0.000000000000000e+00,0.000000000000000e+00
3.665000000003912e-05,733,1.617766975230991e-02,3.076251731964316e+03,1.000000000000000e+00,8.000000000000000e-01,2.000000000000000e-01,5.912455598296569e-05,-7.512982179781362e-05,1.666666666666667e+00,0.000000000000000e+00,2.981500000000000e+02,3.012972642568765e+02,2.999999999973643e+02,6.635948352755811e+02,3.125876497746714e+02,1,0.000000000000000e+00,0.000000000000000e+00
3.670000000003923e-05,734,1.621031155617090e-02,3.060629386073663e+03,1.000000000000000e+00,8.000000000000000e-01,2.000000000000000e-01,5.920788931629921e-05,-7.512982179781362e-05,1.666666666666667e+00,0.000000000000000e+00,2.981500000000000e+02,3.013185383917925e+02,2.999999999973643e+02,6.643044620561474e+02,3.126196167970667e+02,1,0.000000000000000e+00,0.000000000000000e+00
3.675000000003934e-05,735,1.624050356843956e-02,2.931194266199457e+03,1.000000000000000e+00,8.000000000000000e-01,2.000000000000000e-01,5.929122264963272e-05,-7.512982179781362e-05,1.666666666666667e+00,0.000000000000000e+00,2.981500000000000e+02,3.013204988350724e+02,2.999999999973681e+02,6.648627588678140e+02,3.126512993112639e+02,1,0.000000000000000e+00,0.000000000000000e+00
3.680000000003945e-05,736,1.627062679710978e-02,2.909204944432669e+03,1.000000000000000e+00,8.000000000000000e-01,2.000000000000000e-01,5.937455598296624e-05,-7.512982179781362e-05,1.666666666666667e+00,0.000000000000000e+00,2.981500000000000e+02,3.013248661083526e+02,2.999999999973681e+02,6.654365131882441e+02,3.126832454874012e+02,1,0.000000000000000e+00,0.000000000000000e+00
3.685000000003956e-05,737,1.629958108484947e-02,2.612569617732433e+03,1.000000000000000e+00,8.000000000000000e-01,2.000000000000000e-01,5.945788931629976e-05,-7.512982179781362e-05,1.666666666666667e+00,0.000000000000000e+00,2.981500000000000e+02,3.013279952987462e+02,2.999999999973681e+02,6.659876794388657e+02,3.127140944698357e+02,1,0.000000000000000e+00,0.000000000000000e+00
3.690000000003967e-05,738,1.632652974962704e-02,2.669768391883699e+03,1.000000000000000e+00,8.000000000000000e-01,2.000000000000000e-01,5.954122264963327e-05,-7.512982179781362e-05,1.666666666666667e+00,0.000000000000000e+00,2.981500000000000e+02,3.013186248548266e+02,2.999999999973681e+02,6.664615286248364e+02,3.127436923216372e+02,1,0.000000000000000e+00,0.000000000000000e+00
3.695000000003978e-05,739,1.635385810716885e-02,2.674226556976647e+03,1.000000000000000e+00,8.000000000000000e-01,2.000000000000000e-01,5.962455598296679e-05,-7.512982179781362e-05,1.666666666666667e+00,0.000000000000000e+00,2.981500000000000e+02,3.013180816857740e+02,2.999999999973681e+02,6.670072154001723e+02,3.127732963230115e+02,1,0.000000000000000e+00,0.000000000000000e+00
3.700000000003989e-05,740,1.638516742334048e-02,4.771430705192361e+03,1.000000000000000e+00,8.000000000000000e-01,2.000000000000000e-01,5.970788931630030e-05,-7.512982179781362e-05,1.666666666666667e+00,0.000000000000000e+00,2.981500000000000e+02,3.016162108314297e+02,2.999999999973681e+02,6.678197108704649e+02,3.128027591128495e+02,1,0.000000000000000e+00,0.000000000000000e+00
3.705000000004000e-05,741,1.641851503052622e-02,3.219505401291626e+03,1.000000000000000e+00,8.000000000000000e-01,2.000000000000000e-01,5.979122264963382e-05,-7.512982179781362e-05,1.666666666666667e+00,0.000000000000000e+00,2.981500000000000e+02,3.016695173490485e+02,2.999999999973847e+02,6.689185536330194e+02,3.128348630450304e+02,1,0.000000000000000e+00,0.000000000000000e+00
3.710000000004011e-05,742,1.645030856202970e-02,3.399973274101946e+03,1.000000000000000e+00,8.000000000000000e-01,2.000000000000000e-01,5.987455598296734e-05,-7.512982179781362e-05,1.666666666666667e+00,0.000000000000000e+00,2.981500000000000e+02,3.016614463808978e+02,2.999999999973847e+02,6.696071070557277e+02,3.128678990271089e+02,1,0.000000000000000e+00,0.000000000000000e+00
3.715000000004022e-05,743,1.647937372319489e-02,3.302459098286400e+03,1.000000000000000e+00,8.000000000000000e-01,2.000000000000000e-01,5.995788931630085e-05,-7.512982179781362e-05,1.666666666666667e+00,0.000000000000000e+00,2.981500000000000e+02,3.016451482759584e+02,2.999999999973467e+02,6.702577025082227e+02,3.128997950463872e+02,1,0.000000000000000e+00,0.000000000000000e+00
3.720000000004033e-05,744,1.650793582815030e-02,3.687740113952943e+03,1.000000000000000e+00,8.000000000000000e-01,2.000000000000000e-01,6.004122264963437e-05,-7.512982179781362e-05,1.666666666666667e+00,0.000000000000000e+00,2.981500000000000e+02,3.016307539744727e+02,2.999999999973538e+02,6.709498679189020e+02,3.129309732329147e+02,1,0.000000000000000e+00,0.000000000000000e+00
3.725000000004044e-05,745,1.653888423823812e-02,3.432424718199496e+03,1.000000000000000e+00,8.000000000000000e-01,2.000000000000000e-01,6.012455598296789e-05,-7.512982179781362e-05,1.666666666666667e+00,0.000000000000000e+00,2.981500000000000e+02,3.016119221944195e+02,2.999999999973538e+02,6.716037254950212e+02,3.129631504874263e+02,1,0.000000000000000e+00,0.000000000000000e+00
3.730000000004055e-05,746,1.656601510021008e-02,3.152182734871120e+03,1.000000000000000e+00,8.000000000000000e-01,2.000000000000000e-01,6.020788931630140e-05,-7.512982179781362e-05,1.666666666666667e+00,0.000000000000000e+00,2.981500000000000e+02,3.015860517234568e+02,2.999999999973538e+02,6.722094027068969e+02,3.129950048636125e+02,1,0.000000000000000e+00,0.000000000000000e+00
3.735000000004066e-05,747,1.659294162941758e-02,3.377286924320558e+03,1.000000000000000e+00,8.000000000000000e-01,2.000000000000000e-01,6.029122264963492e-05,-7.512982179781362e-05,1.666666666666667e+00,0.000000000000000e+00,2.981500000000000e+02,3.015710970183609e+02,2.999999999973538e+02,6.728757194900427e+02,3.130261371932258e+02,1,0.000000000000000e+00,0.000000000000000e+00
3.740000000004077e-05,748,1.662080768439963e-02,2.954088128103713e+03,1.000000000000000e+00,8.000000000000000e-01,2.000000000000000e-01,6.037455598296843e-05,-7.512982179781362e-05,1.666666666666667e+00,0.000000000000000e+00,2.981500000000000e+02,3.015540060786839e+02,2.999999999973538e+02,6.734470293845675e+02,3.130577616145320e+02,1,0.000000000000000e+00,0.000000000000000e+00
3.745000000004088e-05,749,1.664622771287177e-02,3.047876974633377e+03,1.000000000000000e+00,8.000000000000000e-01,2.000000000000000e-01,6.045788931630195e-05,-7.512982179781362e-05,1.666666666666667e+00,0.000000000000000e+00,2.981500000000000e+02,3.015401802753369e+02,2.999999999973538e+02,6.740062757637821e+02,3.130886825747893e+02,1,0.000000000000000e+00,0.000000000000000e+00
3.750000000004099e-05,750,1.667242191415516e-02,2.872356188148848e+03,1.000000000000000e+00,8.000000000000000e-01,2.000000000000000e-01,6.054122264963547e-05,-7.512982179781362e-05,1.666666666666667e+00,0.000000000000000e+00,2.981500000000000e+02,3.015285865810995e+02,2.999999999973850e+02,6.746521737589056e+02,3.131196467729990e+02,1,0.000000000000000e+00,0.000000000000000e+00
3.755000000004110e-05,751,1.669854624171503e-02,2.840252174740207e+03,1.000000000000000e+00,8.000000000000000e-01,2.000000000000000e-01,6.062455598296898e-05,-7.512982179781362e-05,1.666666666666667e+00,0.000000000000000e+00,2.981500000000000e+02,3.015132545621971e+02,2.999999999973850e+02,6.752682872075808e+02,3.131507132977843e+02,1,0.000000000000000e+00,0.000000000000000e+00
3.760000000004121e-05,752,1.672395766664601e-02,2.884088668406207e+03,1.000000000000000e+00,8.000000000000000e-01,2.000000000000000e-01,6.070788931630250e-05,-7.512982179781362e-05,1.666666666666667e+00,0.000000000000000e+00,2.981500000000000e+02,3.014979690152595e+02,2.999999999973850e+02,6.758908933585792e+02,3.131815284928954e+02,1,0.000000000000000e+00,0.000000000000000e+00
3.765000000004132e-05,753,1.674860036786691e-02,2.850281034887287e+03,1.000000000000000e+00,8.000000000000000e-01,2.000000000000000e-01,6.079122264963601e-05,-7.512982179781362e-05,1.666666666666667e+00,0.000000000000000e+00,2.981500000000000e+02,3.014807780532979e+02,2.999999999973853e+02,6.764801667610952e+02,3.132115476630877e+02,1,0.000000000000000e+00,0.000000000000000e+00
3.770000000004142e-05,754,1.677306008772179e-02,2.664311434298150e+03,1.000000000000000e+00,8.000000000000000e-01,2.000000000000000e-01,6.087455598296953e-05,-7.512982179781362e-05,1.666666666666667e+00,0.000000000000000e+00,2.981500000000000e+02,3.014623498643451e+02,2.999999999973886e+02,6.770326802785150e+02,3.132416844784258e+02,1,0.000000000000000e+00,0.000000000000000e+00
3.775000000004153e-05,755,1.679632740077880e-02,2.746943426923189e+03,1.000000000000000e+00,8.000000000000000e-01,2.000000000000000e-01,6.095788931630305e-05,-7.512982179781362e-05,1.666666666666667e+00,0.000000000000000e+00,2.981500000000000e+02,3.014455575219222e+02,2.999999999973943e+02,6.775411196027866e+02,3.132718550647346e+02,1,0.000000000000000e+00,0.000000000000000e+00
3.780000000004164e-05,756,1.682003420759369e-02,2.792905842912443e+03,1.000000000000000e+00,8.000000000000000e-01,2.000000000000000e-01,6.104122264963651e-05,-7.512982179781362e-05,1.666666666666667e+00,0.000000000000000e+00,2.981500000000000e+02,3.014313624991196e+02,2.999999999973213e+02,6.780693416236087e+02,3.133025183708331e+02,1,0.000000000000000e+00,0.000000000000000e+00
3.785000000004175e-05,757,1.684435548611593e-02,2.922490051713470e+03,1.000000000000000e+00,8.000000000000000e-01,2.000000000000000e-01,6.112455598296935e-05,-7.512982179781362e-05,1.666666666666667e+00,0.000000000000000e+00,2.981500000000000e+02,3.014192693678938e+02,2.999999999973270e+02,6.785733139992786e+02,3.133334874660035e+02,1,0.000000000000000e+00,0.000000000000000e+00
3.790000000004186e-05,758,1.686888197817410e-02,2.788094410747008e+03,1.000000000000000e+00,8.000000000000000e-01,2.000000000000000e-01,6.120788931630218e-05,-7.512982179781362e-05,1.666666666666667e+00,0.000000000000000e+00,2.981500000000000e+02,3.014107537354346e+02,2.999999999973327e+02,6.791244779713403e+02,3.133644977147860e+02,1,0.000000000000000e+00,0.000000000000000e+00
3.795000000004197e-05,759,1.689361524947079e-02,2.820831171374459e+03,1.000000000000000e+00,8.000000000000000e-01,2.000000000000000e-01,6.129122264963502e-05,-7.512982179781362e-05,1.666666666666667e+00,0.000000000000000e+00,2.981500000000000e+02,3.014008099677968e+02,2.999999999973384e+02,6.796688620494466e+02,3.133950475864303e+02,1,0.000000000000000e+00,0.000000000000000e+00
3.800000000004208e-05,760,1.691806394463018e-02,2.738091841451478e+03,1.000000000000000e+00,8.000000000000000e-01,2.000000000000000e-01,6.137455598296786e-05,-7.512982179781362e-05,1.666666666666667e+00,0.000000000000000e+00,2.981500000000000e+02,3.013869135396676e+02,2.999999999973440e+02,6.801431216554314e+02,3.134256781622325e+02,1,0.000000000000000e+00,0.000000000000000e+00
3.805000000004219e-05,761,1.694158870347028e-02,2.688957199562196e+03,1.000000000000000e+00,8.000000000000000e-01,2.000000000000000e-01,6.145788931630070e-05,-7.512982179781362e-05,1.666666666666667e+00,0.000000000000000e+00,2.981500000000000e+02,3.013733396743375e+02,2.999999999973729e+02,6.805729431524087e+02,3.134557060777158e+02,1,0.000000000000000e+00,0.000000000000000e+00
3.810000000004230e-05,762,1.838115594423041e-02,2.622827064635504e+03,1.000000000000000e+00,8.000000000000000e-01,2.000000000000000e-01,6.154122264963354e-05,-7.512982179781362e-05,1.666666666666667e+00,0.000000000000000e+00,2.981500000000000e+02,3.013586619879295e+02,2.999999999973975e+02,6.810280869386743e+02,3.134854257459728e+02,1,0.000000000000000e+00,0.000000000000000e+00
3.815000000004241e-05,763,1.840960113330545e-02,2.553590658057081e+03,1.000000000000000e+00,8.000000000000000e-01,2.000000000000000e-01,6.162455598296638e-05,-7.512982179781362e-05,1.666666666666667e+00,0.000000000000000e+00,2.981500000000000e+02,3.013404044851157e+02,2.999999999974032e+02,6.814289649861639e+02,3.135156362496107e+02,1,0.000000000000000e+00,0.000000000000000e+00
3.820000000004252e-05,764,1.843963032645549e-02,2.637515914100237e+03,1.000000000000000e+00,8.000000000000000e-01,2.000000000000000e-01,6.170788931629922e-05,-7.512982179781362e-05,1.666666666666667e+00,0.000000000000000e+00,2.981500000000000e+02,3.013259357602331e+02,2.999999999974088e+02,6.818149610095843e+02,3.135452248315237e+02,1,0.000000000000000e+00,0.000000000000000e+00
3.825000000004263e-05,765,1.847060511271044e-02,2.569430115250136e+03,1.000000000000000e+00,8.000000000000000e-01,2.000000000000000e-01,6.179122264963205e-05,-7.512982179781362e-05,1.666666666666667e+00,0.000000000000000e+00,2.981500000000000e+02,3.013169890884249e+02,2.999999999974145e+02,6.822377614935222e+02,3.135740039363652e+02,1,0.000000000000000e+00,0.000000000000000e+00
3.830000000004274e-05,766,1.850276914718951e-02,2.515566527499067e+03,1.000000000000000e+00,8.000000000000000e-01,2.000000000000000e-01,6.187455598296489e-05,-7.512982179781362e-05,1.666666666666667e+00,0.000000000000000e+00,2.981500000000000e+02,3.013099687270977e+02,2.999999999974202e+02,6.826685815183242e+02,3.136029494713078e+02,1,0.000000000000000e+00,0.000000000000000e+00
3.835000000004285e-05,767,1.853497397690469e-02,2.638793838739103e+03,1.000000000000000e+00,8.000000000000000e-01,2.000000000000000e-01,6.195788931629773e-05,-7.512982179781362e-05,1.666666666666667e+00,0.000000000000000e+00,2.981500000000000e+02,3.013001990830093e+02,2.999999999974259e+02,6.830760180093365e+02,3.136321406047931e+02,1,0.000000000000000e+00,0.000000000000000e+00
3.840000000004296e-05,768,1.856800522976437e-02,2.825791750612387e+03,1.000000000000000e+00,8.000000000000000e-01,2.000000000000000e-01,6.204122264963057e-05,-7.512982179781362e-05,1.666666666666667e+00,0.000000000000000e+00,2.981500000000000e+02,3.012896874260197e+02,2.999999999974316e+02,6.834941267746218e+02,3.136613554085798e+02,1,0.000000000000000e+00,0.000000000000000e+00
3.845000000004307e-05,769,1.860056940490223e-02,2.738717368900202e+03,1.000000000000000e+00,8.000000000000000e-01,2.000000000000000e-01,6.212455598296341e-05,-7.512982179781362e-05,1.666666666666667e+00,0.000000000000000e+00,2.981500000000000e+02,3.012788136001674e+02,2.999999999974526e+02,6.839146561832877e+02,3.136903477292100e+02,1,0.000000000000000e+00,0.000000000000000e+00
3.850000000004318e-05,770,1.863186917164636e-02,2.674159444200388e+03,1.000000000000000e+00,8.000000000000000e-01,2.000000000000000e-01,6.220788931629625e-05,-7.512982179781362e-05,1.666666666666667e+00,0.000000000000000e+00,2.981500000000000e+02,3.012670403371072e+02,2.999999999974582e+02,6.843336864345110e+02,3.137183683587931e+02,1,0.000000000000000e+00,0.000000000000000e+00
3.855000000004329e-05,771,1.866368763963621e-02,2.761925083178487e+03,1.000000000000000e+00,8.000000000000000e-01,2.000000000000000e-01,6.229122264962908e-05,-7.512982179781362e-05,1.666666666666667e+00,0.000000000000000e+00,2.981500000000000e+02,3.012562005502811e+02,2.999999999974639e+02,6.848117402644873e+02,3.137467840885355e+02,1,0.000000000000000e+00,0.000000000000000e+00
3.860000000004340e-05,772,1.869435179312648e-02,2.791995759279608e+03,1.000000000000000e+00,8.000000000000000e-01,2.000000000000000e-01,6.237455598296192e-05,-7.512982179781362e-05,1.666666666666667e+00,0.000000000000000e+00,2.981500000000000e+02,3.012483968923270e+02,2.999999999974462e+02,6.853530611817295e+02,3.137754524302350e+02,1,0.000000000000000e+00,0.000000000000000e+00
3.865000000004351e-05,773,1.872376223525904e-02,2.573389138594816e+03,1.000000000000000e+00,8.000000000000000e-01,2.000000000000000e-01,6.245788931629476e-05,-7.512982179781362e-05,1.666666666666667e+00,0.000000000000000e+00,2.981500000000000e+02,3.012424980049672e+02,2.999999999974519e+02,6.859441357255332e+02,3.138047066408862e+02,1,0.000000000000000e+00,0.000000000000000e+00
3.870000000004362e-05,774,1.875141016682178e-02,2.530317703596392e+03,1.000000000000000e+00,8.000000000000000e-01,2.000000000000000e-01,6.254122264962760e-05,-7.512982179781362e-05,1.666666666666667e+00,0.000000000000000e+00,2.981500000000000e+02,3.012350969411476e+02,2.999999999974576e+02,6.864879311221762e+02,3.138337773324743e+02,1,0.000000000000000e+00,0.000000000000000e+00
3.875000000004373e-05,775,1.877791734607172e-02,2.511225440410529e+03,1.000000000000000e+00,8.000000000000000e-01,2.000000000000000e-01,6.262455598296044e-05,-7.512982179781362e-05,1.666666666666667e+00,0.000000000000000e+00,2.981500000000000e+02,3.012289437481643e+02,2.999999999974632e+02,6.870766752404741e+02,3.138624024425221e+02,1,0.000000000000000e+00,0.000000000000000e+00
3.880000000004384e-05,776,2.062497162592410e-02,2.331399501015992e+03,1.000000000000000e+00,8.000000000000000e-01,2.000000000000000e-01,6.270788931629328e-05,-7.512982179781362e-05,1.666666666666667e+00,0.000000000000000e+00,2.981500000000000e+02,3.012212804403809e+02,2.999999999974573e+02,6.876600818693589e+02,3.138824056688428e+02,1,0.000000000000000e+00,0.000000000000000e+00
3.885000000004395e-05,777,2.065398450678759e-02,2.391957906267472e+03,1.000000000000000e+00,8.000000000000000e-01,2.000000000000000e-01,6.279122264962611e-05,-7.512982179781362e-05,1.666666666666667e+00,0.000000000000000e+00,2.981500000000000e+02,3.012121926181331e+02,2.999999999974756e+02,6.882391780631049e+02,3.139024949690857e+02,1,0.000000000000000e+00,0.000000000000000e+00
3.890000000004406e-05,778,2.068250710732093e-02,2.456436799864086e+03,1.000000000000000e+00,8.000000000000000e-01,2.000000000000000e-01,6.287455598295895e-05,-7.512982179781362e-05,1.666666666666667e+00,0.000000000000000e+00,2.981500000000000e+02,3.012046131522689e+02,2.999999999974813e+02,6.888906268370306e+02,3.139300995210618e+02,1,0.000000000000000e+00,0.000000000000000e+00
3.895000000004417e-05,779,2.071022478073415e-02,2.343084099001864e+03,1.000000000000000e+00,8.000000000000000e-01,2.000000000000000e-01,6.295788931629179e-05,-7.512982179781362e-05,1.666666666666667e+00,0.000000000000000e+00,2.981500000000000e+02,3.011996493125170e+02,2.999999999975820e+02,6.895718472783350e+02,3.139413396559951e+02,1,0.000000000000000e+00,0.000000000000000e+00
3.900000000004428e-05,780,2.073874708930155e-02,2.613616917466082e+03,1.000000000000000e+00,8.000000000000000e-01,2.000000000000000e-01,6.304122264962463e-05,-7.512982179781362e-05,1.666666666666667e+00,0.000000000000000e+00,2.981500000000000e+02,3.011931912389556e+02,2.999999999975877e+02,6.903376779056276e+02,3.139690886285838e+02,1,0.000000000000000e+00,0.000000000000000e+00
3.905000000004439e-05,781,2.076809767689235e-02,2.563873031156961e+03,1.000000000000000e+00,8.000000000000000e-01,2.000000000000000e-01,6.312455598295747e-05,-7.512982179781362e-05,1.666666666666667e+00,0.000000000000000e+00,2.981500000000000e+02,3.011863891796900e+02,2.999999999976755e+02,6.911347604082903e+02,3.139977179718534e+02,1,0.000000000000000e+00,0.000000000000000e+00
3.910000000004449e-05,782,2.079785330640118e-02,3.119928305776969e+03,1.000000000000000e+00,8.000000000000000e-01,2.000000000000000e-01,6.320788931629031e-05,-7.512982179781362e-05,1.666666666666667e+00,0.000000000000000e+00,2.981500000000000e+02,3.011806846228038e+02,2.999999999976891e+02,6.919358994319808e+02,3.140108427119320e+02,1,0.000000000000000e+00,0.000000000000000e+00
3.915000000004460e-05,783,2.083129411686128e-02,2.837979733891951e+03,1.000000000000000e+00,8.000000000000000e-01,2.000000000000000e-01,6.329122264962315e-05,-7.512982179781362e-05,1.666666666666667e+00,0.000000000000000e+00,2.981500000000000e+02,3.011736520408123e+02,2.999999999976948e+02,6.927587430713545e+02,3.140391927478175e+02,1,0.000000000000000e+00,0.000000000000000e+00
3.920000000004471e-05,784,2.086671114472504e-02,2.575761256277468e+03,1.000000000000000e+00,8.000000000000000e-01,2.000000000000000e-01,6.337455598295598e-05,-7.512982179781362e-05,1.666666666666667e+00,0.000000000000000e+00,2.981500000000000e+02,3.011674111431989e+02,2.999999999977005e+02,6.935858789083943e+02,3.140677648479746e+02,1,0.000000000000000e+00,0.000000000000000e+00
3.925000000004482e-05,785,2.089848668667465e-02,3.220361311988041e+03,1.000000000000000e+00,8.000000000000000e-01,2.000000000000000e-01,6.345788931628882e-05,-7.512982179781362e-05,1.666666666666667e+00,0.000000000000000e+00,2.981500000000000e+02,3.011629518022727e+02,2.999999999976940e+02,6.944366136015109e+02,3.140893163051909e+02,1,0.000000000000000e+00,0.000000000000000e+00
3.930000000004493e-05,786,2.092786212598377e-02,3.266770647624203e+03,1.000000000000000e+00,8.000000000000000e-01,2.000000000000000e-01,6.354122264962166e-05,-7.512982179781362e-05,1.666666666666667e+00,0.000000000000000e+00,2.981500000000000e+02,3.011546200479145e+02,2.999999999976997e+02,6.952198437095043e+02,3.141008026368219e+02,1,0.000000000000000e+00,0.000000000000000e+00
3.935000000004504e-05,787,2.095281030504878e-02,2.336562349961503e+03,1.000000000000000e+00,8.000000000000000e-01,2.000000000000000e-01,6.362455598295450e-05,-7.512982179781362e-05,1.666666666666667e+00,0.000000000000000e+00,2.981500000000000e+02,3.011438036605939e+02,2.999999999977053e+02,6.959156610663902e+02,3.141288175897212e+02,1,0.000000000000000e+00,0.000000000000000e+00
3.940000000004515e-05,788,2.097504187281229e-02,2.384057794164429e+03,1.000000000000000e+00,8.000000000000000e-01,2.000000000000000e-01,6.370788931628734e-05,-7.512982179781362e-05,1.666666666666667e+00,0.000000000000000e+00,2.981500000000000e+02,3.011359640762041e+02,2.999999999977775e+02,6.966740631524907e+02,3.141553591227186e+02,1,0.000000000000000e+00,0.000000000000000e+00
3.945000000004526e-05,789,2.100064347213167e-02,2.689722700079315e+03,1.000000000000000e+00,8.000000000000000e-01,2.000000000000000e-01,6.379122264962018e-05,-7.512982179781362e-05,1.666666666666667e+00,0.000000000000000e+00,2.981500000000000e+02,3.011242828331320e+02,2.999999999977603e+02,6.971527031425110e+02,3.141841238522968e+02,1,0.000000000000000e+00,0.000000000000000e+00
3.950000000004537e-05,790,2.102314983963985e-02,2.091375733668216e+03,1.000000000000000e+00,8.000000000000000e-01,2.000000000000000e-01,6.387455598295301e-05,-7.512982179781362e-05,1.666666666666667e+00,0.000000000000000e+00,2.981500000000000e+02,3.011198366565099e+02,2.999999999977660e+02,6.976995843788501e+02,3.142138452647681e+02,1,0.000000000000000e+00,0.000000000000000e+00
3.955000000004548e-05,791,2.104644993293702e-02,2.651327193230772e+03,1.000000000000000e+00,8.000000000000000e-01,2.000000000000000e-01,6.395788931628585e-05,-7.512982179781362e-05,1.666666666666667e+00,0.000000000000000e+00,2.981500000000000e+02,3.011171965246356e+02,2.999999999977717e+02,6.982773894894493e+02,3.142435961425045e+02,1,0.000000000000000e+00,0.000000000000000e+00
3.960000000004559e-05,792,2.107177968825517e-02,2.717532503956135e+03,1.000000000000000e+00,8.000000000000000e-01,2.000000000000000e-01,6.404122264961869e-05,-7.512982179781362e-05,1.666666666666667e+00,0.000000000000000e+00,2.981500000000000e+02,3.011136100991708e+02,2.999999999971180e+02,6.987506068407080e+02,3.142726867115965e+02,1,0.000000000000000e+00,0.000000000000000e+00
3.965000000004570e-05,793,2.109712451961886e-02,3.083507706860978e+03,1.000000000000000e+00,8.000000000000000e-01,2.000000000000000e-01,6.412455598295153e-05,-7.512982179781362e-05,1.666666666666667e+00,0.000000000000000e+00,2.981500000000000e+02,3.011070993778395e+02,2.999999999971276e+02,6.992549642928861e+02,3.143026489822951e+02,1,0.000000000000000e+00,0.000000000000000e+00
3.970000000004581e-05,794,2.112152329206674e-02,3.397559913432033e+03,1.000000000000000e+00,8.000000000000000e-01,2.000000000000000e-01,6.420788931628437e-05,-7.512982179781362e-05,1.666666666666667e+00,0.000000000000000e+00,2.981500000000000e+02,3.011002414663103e+02,2.999999999971333e+02,6.997493948898720e+02,3.143339262258918e+02,1,0.000000000000000e+00,0.000000000000000e+00
3.975000000004592e-05,795,2.266463790887274e-02,2.437871371876602e+03,1.000000000000000e+00,8.000000000000000e-01,2.000000000000000e-01,6.429122264961721e-05,-7.512982179781362e-05,1.666666666666667e+00,0.000000000000000e+00,2.981500000000000e+02,3.010932571921282e+02,2.999999999971390e+02,7.001438365408900e+02,3.143653417127747e+02,1,0.000000000000000e+00,0.000000000000000e+00
3.980000000004603e-05,796,2.269397046750938e-02,2.970572672890497e+03,1.000000000000000e+00,8.000000000000000e-01,2.000000000000000e-01,6.437455598295004e-05,-7.512982179781362e-05,1.666666666666667e+00,0.000000000000000e+00,2.981500000000000e+02,3.010955212062094e+02,2.999999999970992e+02,7.005506950714462e+02,3.143973730063111e+02,1,0.000000000000000e+00,0.000000000000000e+00
3.985000000004614e-05,797,2.272301393006088e-02,2.695668487821770e+03,1.000000000000000e+00,8.000000000000000e-01,2.000000000000000e-01,6.445788931628288e-05,-7.512982179781362e-05,1.666666666666667e+00,0.000000000000000e+00,2.981500000000000e+02,3.010980533306659e+02,2.999999999971063e+02,7.009984296151899e+02,3.144225488778328e+02,1,0.000000000000000e+00,0.000000000000000e+00
3.990000000004625e-05,798,2.275144704061672e-02,3.000786591504168e+03,1.000000000000000e+00,8.000000000000000e-01,2.000000000000000e-01,6.454122264961572e-05,-7.512982179781362e-05,1.666666666666667e+00,0.000000000000000e+00,2.981500000000000e+02,3.010968343090015e+02,2.999999999971156e+02,7.014413875164425e+02,3.144548458093169e+02,1,0.000000000000000e+00,0.000000000000000e+00
3.995000000004636e-05,799,2.278042437190613e-02,2.958766845727646e+03,1.000000000000000e+00,8.000000000000000e-01,2.000000000000000e-01,6.462455598294856e-05,-7.512982179781362e-05,1.666666666666667e+00,0.000000000000000e+00,2.981500000000000e+02,3.010962061931923e+02,2.999999999971213e+02,7.018372249170171e+02,3.144883316765446e+02,1,0.000000000000000e+00,0.000000000000000e+00
4.000000000004647e-05,800,2.284567461583235e-02,8.573288213013344e+03,1.000000000000000e+00,8.000000000000000e-01,2.000000000000000e-01,6.470788931628140e-05,-7.512982179781362e-05,1.666666666666667e+00,0.000000000000000e+00,2.981500000000000e+02,3.019484759302426e+02,2.999999999971270e+02,7.079359551280003e+02,3.145248381551999e+02,1,0.000000000000000e+00,0.000000000000000e+00
4.005000000004658e-05,801,2.288965677659861e-02,4.975421367049553e+03,1.000000000000000e+00,8.000000000000000e-01,2.000000000000000e-01,6.479122264961424e-05,-7.512982179781362e-05,1.666666666666667e+00,0.000000000000000e+00,2.981500000000000e+02,3.020230846942075e+02,2.999999999971326e+02,7.093957492343490e+02,3.145612152750793e+02,1,0.000000000000000e+00,0.000000000000000e+00
4.010000000004669e-05,802,2.292280861759174e-02,3.974686078797510e+03,1.000000000000000e+00,8.000000000000000e-01,2.000000000000000e-01,6.487455598294708e-05,-7.512982179781362e-05,1.666666666666667e+00,0.000000000000000e+00,2.981500000000000e+02,3.019802032847860e+02,2.999999999971383e+02,7.098338277049332e+02,3.145993758981100e+02,1,0.000000000000000e+00,0.000000000000000e+00
4.015000000004680e-05,803,2.295633700628174e-02,3.516653922299822e+03,1.000000000000000e+00,8.000000000000000e-01,2.000000000000000e-01,6.495788931627991e-05,-7.512982179781362e-05,1.666666666666667e+00,0.000000000000000e+00,2.981500000000000e+02,3.019168323448577e+02,2.999999999971440e+02,7.100594241504250e+02,3.146393412573689e+02,1,0.000000000000000e+00,0.000000000000000e+00
4.020000000004691e-05,804,2.297896088335328e-02,4.981068485490146e+03,1.000000000000000e+00,8.000000000000000e-01,2.000000000000000e-01,6.504122264961275e-05,-7.512982179781362e-05,1.666666666666667e+00,0.000000000000000e+00,2.981500000000000e+02,3.018447368274738e+02,2.999999999971913e+02,7.102274405045771e+02,3.146812574206855e+02,1,0.000000000000000e+00,0.000000000000000e+00
4.025000000004702e-05,805,2.300600845857463e-02,2.318673944955006e+03,1.000000000000000e+00,8.000000000000000e-01,2.000000000000000e-01,6.512455598294559e-05,-7.512982179781362e-05,1.666666666666667e+00,0.000000000000000e+00,2.981500000000000e+02,3.017734111986441e+02,2.999999999971969e+02,7.104341702102930e+02,3.147239185634226e+02,1,0.000000000000000e+00,0.000000000000000e+00
4.030000000004713e-05,806,2.303013566563377e-02,2.539989952129823e+03,1.000000000000000e+00,8.000000000000000e-01,2.000000000000000e-01,6.520788931627843e-05,-7.512982179781362e-05,1.666666666666667e+00,0.000000000000000e+00,2.981500000000000e+02,3.017080887021935e+02,2.999999999972305e+02,7.105393143485060e+02,3.147657273504768e+02,1,0.000000000000000e+00,0.000000000000000e+00
4.035000000004724e-05,807,2.305326029436848e-02,2.053078410308676e+03,1.000000000000000e+00,8.000000000000000e-01,2.000000000000000e-01,6.529122264961127e-05,-7.512982179781362e-05,1.666666666666667e+00,0.000000000000000e+00,2.981500000000000e+02,3.016559314563381e+02,2.999999999972362e+02,7.106034386587438e+02,3.148045622228430e+02,1,0.000000000000000e+00,0.000000000000000e+00
4.040000000004735e-05,808,2.307247325265143e-02,2.606022624018320e+03,1.000000000000000e+00,8.000000000000000e-01,2.000000000000000e-01,6.537455598294411e-05,-7.512982179781362e-05,1.666666666666667e+00,0.000000000000000e+00,2.981500000000000e+02,3.016067879753507e+02,2.999999999972418e+02,7.106879595044666e+02,3.148409926961606e+02,1,0.000000000000000e+00,0.000000000000000e+00
4.045000000004745e-05,809,2.309544022912131e-02,1.916984145553781e+03,1.000000000000000e+00,8.000000000000000e-01,2.000000000000000e-01,6.545788931627694e-05,-7.512982179781362e-05,1.666666666666667e+00,0.000000000000000e+00,2.981500000000000e+02,3.015638821252153e+02,2.999999999972475e+02,7.107352624927837e+02,3.148739582191147e+02,1,0.000000000000000e+00,0.000000000000000e+00
4.050000000004756e-05,810,2.311683388099684e-02,2.619891456298647e+03,1.000000000000000e+00,8.000000000000000e-01,2.000000000000000e-01,6.554122264960978e-05,-7.512982179781362e-05,1.666666666666667e+00,0.000000000000000e+00,2.981500000000000e+02,3.015211521639944e+02,2.999999999972532e+02,7.108515001762112e+02,3.149083667358207e+02,1,0.000000000000000e+00,0.000000000000000e+00
4.055000000004767e-05,811,2.314231498467523e-02,3.611006340423866e+03,1.000000000000000e+00,8.000000000000000e-01,2.000000000000000e-01,6.562455598294262e-05,-7.512982179781362e-05,1.666666666666667e+00,0.000000000000000e+00,2.981500000000000e+02,3.014833366953990e+02,2.999999999972587e+02,7.111038612605446e+02,3.149433942945286e+02,1,0.000000000000000e+00,0.000000000000000e+00
4.060000000004778e-05,812,2.316951786320634e-02,3.476229857639755e+03,1.000000000000000e+00,8.000000000000000e-01,2.000000000000000e-01,6.570788931627546e-05,-7.512982179781362e-05,1.666666666666667e+00,0.000000000000000e+00,2.981500000000000e+02,3.014465819283180e+02,2.999999999972644e+02,7.113572297539582e+02,3.149780688179516e+02,1,0.000000000000000e+00,0.000000000000000e+00
4.065000000004789e-05,813,2.319549970529646e-02,2.740929977729923e+03,1.000000000000000e+00,8.000000000000000e-01,2.000000000000000e-01,6.579122264960830e-05,-7.512982179781362e-05,1.666666666666667e+00,0.000000000000000e+00,2.981500000000000e+02,3.014100357383599e+02,2.999999999972566e+02,7.116545892807793e+02,3.150099349334586e+02,1,0.000000000000000e+00,0.000000000000000e+00
4.070000000004800e-05,814,2.321803701197694e-02,2.170972722966709e+03,1.000000000000000e+00,8.000000000000000e-01,2.000000000000000e-01,6.587455598294114e-05,-7.512982179781362e-05,1.666666666666667e+00,0.000000000000000e+00,2.981500000000000e+02,3.013694829707770e+02,2.999999999972623e+02,7.118780956797688e+02,3.150396476193362e+02,1,0.000000000000000e+00,0.000000000000000e+00
4.075000000004811e-05,815,2.323933768315114e-02,2.083486462692612e+03,1.000000000000000e+00,8.000000000000000e-01,2.000000000000000e-01,6.595788931627398e-05,-7.512982179781362e-05,1.666666666666667e+00,0.000000000000000e+00,2.981500000000000e+02,3.013310258136663e+02,2.999999999972680e+02,7.120470711881441e+02,3.150732333522210e+02,1,0.000000000000000e+00,0.000000000000000e+00
4.080000000004822e-05,816,2.326288911359389e-02,2.464799125851929e+03,1.000000000000000e+00,8.000000000000000e-01,2.000000000000000e-01,6.604122264960681e-05,-7.512982179781362e-05,1.666666666666667e+00,0.000000000000000e+00,2.981500000000000e+02,3.012937680408068e+02,2.999999999972686e+02,7.122473634348216e+02,3.151022286254855e+02,1,0.000000000000000e+00,0.000000000000000e+00
4.085000000004833e-05,817,2.328042068559954e-02,2.497814740268636e+03,1.000000000000000e+00,8.000000000000000e-01,2.000000000000000e-01,6.612455598293965e-05,-7.512982179781362e-05,1.666666666666667e+00,0.000000000000000e+00,2.981500000000000e+02,3.012553420544345e+02,2.999999999972743e+02,7.124460355310752e+02,3.151301229334196e+02,1,0.000000000000000e+00,0.000000000000000e+00
4.090000000004844e-05,818,2.330124272051782e-02,3.222947192171619e+03,1.000000000000000e+00,8.000000000000000e-01,2.000000000000000e-01,6.620788931627249e-05,-7.512982179781362e-05,1.666666666666667e+00,0.000000000000000e+00,2.981500000000000e+02,3.012178706119948e+02,2.999999999972800e+02,7.125849668124902e+02,3.151570809169187e+02,1,0.000000000000000e+00,0.000000000000000e+00
4.095000000004855e-05,819,2.331950686979895e-02,1.782486688533881e+03,1.000000000000000e+00,8.000000000000000e-01,2.000000000000000e-01,6.629122264960533e-05,-7.512982179781362e-05,1.666666666666667e+00,0.000000000000000e+00,2.981500000000000e+02,3.011830847221246e+02,2.999999999959946e+02,7.126201812636764e+02,3.151830791218943e+02,1,0.000000000000000e+00,0.000000000000000e+00
4.100000000004866e-05,820,2.333392467484405e-02,1.935058853961338e+03,1.000000000000000e+00,8.000000000000000e-01,2.000000000000000e-01,6.637455598293817e-05,-7.512982179781362e-05,1.666666666666667e+00,0.000000000000000e+00,2.981500000000000e+02,3.011531734307366e+02,2.999999999960003e+02,7.127095622845894e+02,3.152087444303642e+02,1,0.000000000000000e+00,0.000000000000000e+00
4.105000000004877e-05,821,2.335198324215689e-02,2.463595532586738e+03,1.000000000000000e+00,8.000000000000000e-01,2.000000000000000e-01,6.645788931627101e-05,-7.512982179781362e-05,1.666666666666667e+00,0.000000000000000e+00,2.981500000000000e+02,3.011628578672270e+02,2.999999999960060e+02,7.128484821067165e+02,3.152362573796024e+02,1,0.000000000000000e+00,0.000000000000000e+00
4.110000000004888e-05,822,2.337339017104528e-02,2.647226587982034e+03,1.000000000000000e+00,8.000000000000000e-01,2.000000000000000e-01,6.654122264960384e-05,-7.512982179781362e-05,1.666666666666667e+00,0.000000000000000e+00,2.981500000000000e+02,3.011855715656712e+02,2.999999999960026e+02,7.130263716947007e+02,3.152660670182950e+02,1,0.000000000000000e+00,0.000000000000000e+00
4.115000000004899e-05,823,2.339505007302507e-02,2.625840448772296e+03,1.000000000000000e+00,8.000000000000000e-01,2.000000000000000e-01,6.662455598293668e-05,-7.512982179781362e-05,1.666666666666667e+00,0.000000000000000e+00,2.981500000000000e+02,3.012105207895926e+02,2.999999999960000e+02,7.132738181080341e+02,3.152966556184509e+02,1,0.000000000000000e+00,0.000000000000000e+00
4.120000000004910e-05,824,2.342003186594560e-02,2.921698698752690e+03,1.000000000000000e+00,8.000000000000000e-01,2.000000000000000e-01,6.670788931626952e-05,-7.512982179781362e-05,1.666666666666667e+00,0.000000000000000e+00,2.981500000000000e+02,3.012382726834815e+02,2.999999999960057e+02,7.135631957492521e+02,3.153275463212721e+02,1,0.000000000000000e+00,0.000000000000000e+00
4.125000000004921e-05,825,2.344425952032510e-02,2.787892662638449e+03,1.000000000000000e+00,8.000000000000000e-01,2.000000000000000e-01,6.679122264960236e-05,-7.512982179781362e-05,1.666666666666667e+00,0.000000000000000e+00,2.981500000000000e+02,3.012704753962557e+02,2.999999999960114e+02,7.138799271091245e+02,3.153570411008849e+02,1,0.000000000000000e+00,0.000000000000000e+00
4.130000000004932e-05,826,2.611540400436402e-02,2.628902004992610e+03,1.000000000000000e+00,8.000000000000000e-01,2.000000000000000e-01,6.687455598293520e-05,-7.512982179781362e-05,1.666666666666667e+00,0.000000000000000e+00,2.981500000000000e+02,3.012958334965510e+02,2.999999999960171e+02,7.142244168492870e+02,3.153850663680498e+02,1,0.000000000000000e+00,0.000000000000000e+00
4.135000000004943e-05,827,2.614004850676194e-02,2.055568975408553e+03,1.000000000000000e+00,8.000000000000000e-01,2.000000000000000e-01,6.695788931626804e-05,-7.512982179781362e-05,1.666666666666667e+00,0.000000000000000e+00,2.981500000000000e+02,3.012993306837224e+02,2.999999999960228e+02,7.145426835865964e+02,3.154134245507105e+02,1,0.000000000000000e+00,0.000000000000000e+00
4.140000000004954e-05,828,2.616690813569334e-02,6.242619821403019e+03,1.000000000000000e+00,8.000000000000000e-01,2.000000000000000e-01,6.704122264960087e-05,-7.512982179781362e-05,1.666666666666667e+00,0.000000000000000e+00,2.981500000000000e+02,3.013833560351894e+02,2.999999999960285e+02,7.148421905047729e+02,3.154401021188085e+02,1,0.000000000000000e+00,0.000000000000000e+00
4.145000000004965e-05,829,2.619561909238018e-02,2.047461529808921e+03,1.000000000000000e+00,8.000000000000000e-01,2.000000000000000e-01,6.712455598293371e-05,-7.512982179781362e-05,1.666666666666667e+00,0.000000000000000e+00,2.981500000000000e+02,3.014151182908735e+02,2.999999999960341e+02,7.155651431919655e+02,3.154662669405528e+02,1,0.000000000000000e+00,0.000000000000000e+00
4.150000000004976e-05,830,2.621785454956922e-02,1.639902890455881e+03,1.000000000000000e+00,8.000000000000000e-01,2.000000000000000e-01,6.720788931626655e-05,-7.512982179781362e-05,1.666666666666667e+00,0.000000000000000e+00,2.981500000000000e+02,3.014001489269975e+02,2.999999999960398e+02,7.158724424184170e+02,3.154910441143282e+02,1,0.000000000000000e+00,0.000000000000000e+00
4.155000000004987e-05,831,2.623729291938214e-02,2.679382668544329e+03,1.000000000000000e+00,8.000000000000000e-01,2.000000000000000e-01,6.729122264959939e-05,-7.512982179781362e-05,1.666666666666667e+00,0.000000000000000e+00,2.981500000000000e+02,3.013806219047798e+02,2.999999999960482e+02,7.161769860945418e+02,3.155161380227461e+02,1,0.000000000000000e+00,0.000000000000000e+00
4.160000000004998e-05,832,2.626190182252554e-02,2.987786973989782e+03,1.000000000000000e+00,8.000000000000000e-01,2.000000000000000e-01,6.737455598293223e-05,-7.512982179781362e-05,1.666666666666667e+00,0.000000000000000e+00,2.981500000000000e+02,3.013699176871898e+02,2.999999999960539e+02,7.165853141343883e+02,3.155442474523468e+02,1,0.000000000000000e+00,0.000000000000000e+00
4.165000000005009e-05,833,2.628790450154727e-02,2.570377528462209e+03,1.000000000000000e+00,8.000000000000000e-01,2.000000000000000e-01,6.745788931626507e-05,-7.512982179781362e-05,1.666666666666667e+00,0.000000000000000e+00,2.981500000000000e+02,3.013614514749238e+02,2.999999999959963e+02,7.169443963739253e+02,3.155735304407253e+02,1,0.000000000000000e+00,0.000000000000000e+00
4.170000000005020e-05,834,2.631386236887840e-02,2.463379570979275e+03,1.000000000000000e+00,8.000000000000000e-01,2.000000000000000e-01,6.754122264959791e-05,-7.512982179781362e-05,1.666666666666667e+00,0.000000000000000e+00,2.981500000000000e+02,3.013541243328912e+02,2.999999999960020e+02,7.172449602086182e+02,3.156025646580034e+02,1,0.000000000000000e+00,0.000000000000000e+00
4.175000000005031e-05,835,2.635356838022816e-02,2.868949082984002e+03,1.000000000000000e+00,8.000000000000000e-01,2.000000000000000e-01,6.762455598293074e-05,-7.512982179781362e-05,1.666666666666667e+00,0.000000000000000e+00,2.981500000000000e+02,3.015207233509199e+02,2.999999999960077e+02,7.180395978466325e+02,3.156327732861267e+02,1,0.000000000000000e+00,0.000000000000000e+00
4.180000000005041e-05,836,2.638607192903055e-02,2.494972503258058e+03,1.000000000000000e+00,8.000000000000000e-01,2.000000000000000e-01,6.770788931626358e-05,-7.512982179781362e-05,1.666666666666667e+00,0.000000000000000e+00,2.981500000000000e+02,3.015225144523475e+02,2.999999999960133e+02,7.185992334924847e+02,3.156624940679658e+02,1,0.000000000000000e+00,0.000000000000000e+00
4.185000000005052e-05,837,2.641685437681281e-02,2.501129817734043e+03,1.000000000000000e+00,8.000000000000000e-01,2.000000000000000e-01,6.779122264959642e-05,-7.512982179781362e-05,1.666666666666667e+00,0.000000000000000e+00,2.981500000000000e+02,3.015175222990211e+02,2.999999999960291e+02,7.192059085404964e+02,3.156914570355526e+02,1,0.000000000000000e+00,0.000000000000000e+00
4.190000000005063e-05,838,2.644791568726307e-02,2.079983799392478e+03,1.000000000000000e+00,8.000000000000000e-01,2.000000000000000e-01,6.787455598292926e-05,-7.512982179781362e-05,1.666666666666667e+00,0.000000000000000e+00,2.981500000000000e+02,3.015127655832898e+02,2.999999999960348e+02,7.198439762245459e+02,3.157194890088128e+02,1,0.000000000000000e+00,0.000000000000000e+00
4.195000000005074e-05,839,2.647626134308699e-02,2.001385072528132e+03,1.000000000000000e+00,8.000000000000000e-01,2.000000000000000e-01,6.795788931626210e-05,-7.512982179781362e-05,1.666666666666667e+00,0.000000000000000e+00,2.981500000000000e+02,3.015059992812265e+02,2.999999999960405e+02,7.203518467806954e+02,3.157460488585666e+02,1,0.000000000000000e+00,0.000000000000000e+00
4.200000000005085e-05,840,2.650191004510976e-02,1.891328692373467e+03,1.000000000000000e+00,8.000000000000000e-01,2.000000000000000e-01,6.804122264959494e-05,-7.512982179781362e-05,1.666666666666667e+00,0.000000000000000e+00,2.981500000000000e+02,3.014984683017126e+02,2.999999999960788e+02,7.207753382742060e+02,3.157721054902148e+02,1,0.000000000000000e+00,0.000000000000000e+00
4.205000000005096e-05,841,2.652843753047500e-02,1.717223160861978e+03,1.000000000000000e+00,8.000000000000000e-01,2.000000000000000e-01,6.812455598292777e-05,-7.512982179781362e-05,1.666666666666667e+00,0.000000000000000e+00,2.981500000000000e+02,3.014861283884535e+02,2.999999999960603e+02,7.211774553938935e+02,3.157984112705887e+02,1,0.000000000000000e+00,0.000000000000000e+00
4.210000000005107e-05,842,2.655201121257221e-02,1.603259092245488e+03,1.000000000000000e+00,8.000000000000000e-01,2.000000000000000e-01,6.820788931626061e-05,-7.512982179781362e-05,1.666666666666667e+00,0.000000000000000e+00,2.981500000000000e+02,3.014657440974585e+02,2.999999999960660e+02,7.215245931574584e+02,3.158245834589058e+02,1,0.000000000000000e+00,0.000000000000000e+00
4.215000000005118e-05,843,2.657284312371707e-02,1.796005304279880e+03,1.000000000000000e+00,8.000000000000000e-01,2.000000000000000e-01,6.829122264959345e-05,-7.512982179781362e-05,1.666666666666667e+00,0.000000000000000e+00,2.981500000000000e+02,3.014438926538132e+02,2.999999999960717e+02,7.218169784787173e+02,3.158505735283405e+02,1,0.000000000000000e+00,0.000000000000000e+00
4.220000000005129e-05,844,2.659503183045102e-02,1.942974392210680e+03,1.000000000000000e+00,8.000000000000000e-01,2.000000000000000e-01,6.837455598292629e-05,-7.512982179781362e-05,1.666666666666667e+00,0.000000000000000e+00,2.981500000000000e+02,3.014206516574988e+02,2.999999999960773e+02,7.222134303066071e+02,3.158783489914081e+02,1,0.000000000000000e+00,0.000000000000000e+00
4.225000000005140e-05,845,2.661735525856490e-02,2.262292632738478e+03,1.000000000000000e+00,8.000000000000000e-01,2.000000000000000e-01,6.845788931625913e-05,-7.512982179781362e-05,1.666666666666667e+00,0.000000000000000e+00,2.981500000000000e+02,3.013963466574245e+02,2.999999999960830e+02,7.226448217401093e+02,3.159074903238824e+02,1,0.000000000000000e+00,0.000000000000000e+00
4.230000000005151e-05,846,2.664082810124302e-02,2.505069645727379e+03,1.000000000000000e+00,8.000000000000000e-01,2.000000000000000e-01,6.854122264959197e-05,-7.512982179781362e-05,1.666666666666667e+00,0.000000000000000e+00,2.981500000000000e+02,3.013790890516082e+02,2.999999999960887e+02,7.231007591859695e+02,3.159358694378687e+02,1,0.000000000000000e+00,0.000000000000000e+00
4.235000000005162e-05,847,2.666679236970732e-02,2.282392076006250e+03,1.000000000000000e+00,8.000000000000000e-01,2.000000000000000e-01,6.862455598292480e-05,-7.512982179781362e-05,1.666666666666667e+00,0.000000000000000e+00,2.981500000000000e+02,3.013619433034873e+02,2.999999999960944e+02,7.235789003180888e+02,3.159645612741547e+02,1,0.000000000000000e+00,0.000000000000000e+00
4.240000000005173e-05,848,2.669034929011918e-02,1.777440726049387e+03,1.000000000000000e+00,8.000000000000000e-01,2.000000000000000e-01,6.870788931625764e-05,-7.512982179781362e-05,1.666666666666667e+00,0.000000000000000e+00,2.981500000000000e+02,3.013428372709288e+02,2.999999999961001e+02,7.240384678209540e+02,3.159928113803890e+02,1,0.000000000000000e+00,0.000000000000000e+00
4.245000000005184e-05,849,2.671301371919020e-02,1.766857757343602e+03,1.000000000000000e+00,8.000000000000000e-01,2.000000000000000e-01,6.879122264959048e-05,-7.512982179781362e-05,1.666666666666667e+00,0.000000000000000e+00,2.981500000000000e+02,3.013257678762893e+02,2.999999999961058e+02,7.244163072221880e+02,3.160198275969150e+02,1,0.000000000000000e+00,0.000000000000000e+00
4.250000000005195e-05,850,2.673692693632508e-02,1.894587467786405e+03,1.000000000000000e+00,8.000000000000000e-01,2.000000000000000e-01,6.887455598292332e-05,-7.512982179781362e-05,1.666666666666667e+00,0.000000000000000e+00,2.981500000000000e+02,3.013127902857183e+02,2.999999999961043e+02,7.248389103128704e+02,3.160464761344243e+02,1,0.000000000000000e+00,0.000000000000000e+00
4.255000000005206e-05,851,2.675976300590781e-02,2.256587011052895e+03,1.000000000000000e+00,8.000000000000000e-01,2.000000000000000e-01,6.895788931625616e-05,-7.512982179781362e-05,1.666666666666667e+00,0.000000000000000e+00,2.981500000000000e+02,3.013060250083675e+02,2.999999999961186e+02,7.251666953618793e+02,3.160718504516225e+02,1,0.000000000000000e+00,0.000000000000000e+00
4.260000000005217e-05,852,2.678213843479266e-02,2.118881445790235e+03,1.000000000000000e+00,8.000000000000000e-01,2.000000000000000e-01,6.904122264958900e-05,-7.512982179781362e-05,1.666666666666667e+00,0.000000000000000e+00,2.981500000000000e+02,3.013055106431297e+02,2.999999999961242e+02,7.255250904202026e+02,3.160961668536610e+02,1,0.000000000000000e+00,0.000000000000000e+00
4.265000000005228e-05,853,2.680733530002543e-02,1.919156030537006e+03,1.000000000000000e+00,8.000000000000000e-01,2.000000000000000e-01,6.912455598292184e-05,-7.512982179781362e-05,1.666666666666667e+00,0.000000000000000e+00,2.981500000000000e+02,3.013057910423028e+02,2.999999999961299e+02,7.259305620065930e+02,3.161218630068244e+02,1,0.000000000000000e+00,0.000000000000000e+00
4.270000000005239e-05,854,2.683086166911261e-02,1.829218891141272e+03,1.000000000000000e+00,8.000000000000000e-01,2.000000000000000e-01,6.920788931625467e-05,-7.512982179781362e-05,1.666666666666667e+00,0.000000000000000e+00,2.981500000000000e+02,3.013033819551580e+02,2.999999999961356e+02,7.263190935212176e+02,3.161480667291030e+02,1,0.000000000000000e+00,0.000000000000000e+00
4.275000000005250e-05,855,2.685450279495560e-02,2.101385702121028e+03,1.000000000000000e+00,8.000000000000000e-01,2.000000000000000e-01,6.929122264958751e-05,-7.512982179781362e-05,1.666666666666667e+00,0.000000000000000e+00,2.981500000000000e+02,3.013001811657675e+02,2.999999999961413e+02,7.266807155610326e+02,3.161741219202766e+02,1,0.000000000000000e+00,0.000000000000000e+00
4.280000000005261e-05,856,2.688059124865446e-02,1.939485456817396e+03,1.000000000000000e+00,8.000000000000000e-01,2.000000000000000e-01,6.937455598292035e-05,-7.512982179781362e-05,1.666666666666667e+00,0.000000000000000e+00,2.981500000000000e+02,3.012905787349594e+02,2.999999999961470e+02,7.271121860448834e+02,3.162012006700734e+02,1,0.000000000000000e+00,0.000000000000000e+00
4.285000000005272e-05,857,2.690358270217411e-02,1.917586282038459e+03,1.000000000000000e+00,8.000000000000000e-01,2.000000000000000e-01,6.945788931625319e-05,-7.512982179781362e-05,1.666666666666667e+00,0.000000000000000e+00,2.981500000000000e+02,3.012757729761894e+02,2.999999999961527e+02,7.275117889728855e+02,3.162279395907718e+02,1,0.000000000000000e+00,0.000000000000000e+00
4.290000000005283e-05,858,2.692614941821189e-02,2.249569946105989e+03,1.000000000000000e+00,8.000000000000000e-01,2.000000000000000e-01,6.954122264958603e-05,-7.512982179781362e-05,1.666666666666667e+00,0.000000000000000e+00,2.981500000000000e+02,3.012597078252725e+02,2.999999999961584e+02,7.279084223315022e+02,3.162544719270497e+02,1,0.000000000000000e+00,0.000000000000000e+00
4.295000000005294e-05,859,2.695020855534387e-02,2.167669905500191e+03,1.000000000000000e+00,8.000000000000000e-01,2.000000000000000e-01,6.962455598291887e-05,-7.512982179781362e-05,1.666666666666667e+00,0.000000000000000e+00,2.981500000000000e+02,3.012404391253144e+02,2.999999999961640e+02,7.283340846539967e+02,3.162820198612577e+02,1,0.000000000000000e+00,0.000000000000000e+00
4.300000000005305e-05,860,2.697216459078490e-02,2.033285687995568e+03,1.000000000000000e+00,8.000000000000000e-01,2.000000000000000e-01,6.970788931625170e-05,-7.512982179781362e-05,1.666666666666667e+00,0.000000000000000e+00,2.981500000000000e+02,3.012242571116998e+02,2.999999999961661e+02,7.287486760713813e+02,3.163097975106074e+02,1,0.000000000000000e+00,0.000000000000000e+00
4.305000000005316e-05,861,2.699454748950748e-02,2.003170252597867e+03,1.000000000000000e+00,8.000000000000000e-01,2.000000000000000e-01,6.979122264958454e-05,-7.512982179781362e-05,1.666666666666667e+00,0.000000000000000e+00,2.981500000000000e+02,3.012131519448852e+02,2.999999999961718e+02,7.291792293698703e+02,3.163370494683866e+02,1,0.000000000000000e+00,0.000000000000000e+00
4.310000000005327e-05,862,2.701819207753951e-02,2.041116912965149e+03,1.000000000000000e+00,8.000000000000000e-01,2.000000000000000e-01,6.987455598291738e-05,-7.512982179781362e-05,1.666666666666667e+00,0.000000000000000e+00,2.981500000000000e+02,3.012017197383901e+02,2.999999999961775e+02,7.296065339806361e+02,3.163647040934158e+02,1,0.000000000000000e+00,0.000000000000000e+00
4.315000000005338e-05,863,2.704018681223685e-02,2.121802870075323e+03,1.000000000000000e+00,8.000000000000000e-01,2.000000000000000e-01,6.995788931625022e-05,-7.512982179781362e-05,1.666666666666667e+00,0.000000000000000e+00,2.981500000000000e+02,3.011942687127796e+02,2.999999999961831e+02,7.299933506182355e+02,3.163919774519859e+02,1,0.000000000000000e+00,0.000000000000000e+00
4.320000000005348e-05,864,2.706302430872075e-02,2.061883713057001e+03,1.000000000000000e+00,8.000000000000000e-01,2.000000000000000e-01,7.004122264958306e-05,-7.512982179781362e-05,1.666666666666667e+00,0.000000000000000e+00,2.981500000000000e+02,3.011906983609338e+02,2.999999999961888e+02,7.303991775434729e+02,3.164184899555265e+02,1,0.000000000000000e+00,0.000000000000000e+00
4.325000000005359e-05,865,2.708682243889620e-02,2.049131629168766e+03,1.000000000000000e+00,8.000000000000000e-01,2.000000000000000e-01,7.012455598291590e-05,-7.512982179781362e-05,1.666666666666667e+00,0.000000000000000e+00,2.981500000000000e+02,3.011867393083120e+02,2.999999999961945e+02,7.308372650192749e+02,3.164453934540831e+02,1,0.000000000000000e+00,0.000000000000000e+00
4.330000000005370e-05,866,2.711151974547953e-02,2.234987814117042e+03,1.000000000000000e+00,8.000000000000000e-01,2.000000000000000e-01,7.020788931624874e-05,-7.512982179781362e-05,1.666666666666667e+00,0.000000000000000e+00,2.981500000000000e+02,3.011843041083023e+02,2.999999999961856e+02,7.312688381850314e+02,3.164731382053395e+02,1,0.000000000000000e+00,0.000000000000000e+00
4.335000000005381e-05,867,2.713737922164565e-02,2.214435114989670e+03,1.000000000000000e+00,8.000000000000000e-01,2.000000000000000e-01,7.029122264958157e-05,-7.512982179781362e-05,1.666666666666667e+00,0.000000000000000e+00,2.981500000000000e+02,3.011851649904930e+02,2.999999999961913e+02,7.317541237102150e+02,3.165012302430688e+02,1,0.000000000000000e+00,0.000000000000000e+00
4.340000000005392e-05,868,2.716412267461743e-02,2.067065994644085e+03,1.000000000000000e+00,8.000000000000000e-01,2.000000000000000e-01,7.037455598291441e-05,-7.512982179781362e-05,1.666666666666667e+00,0.000000000000000e+00,2.981500000000000e+02,3.011826441903704e+02,2.999999999961969e+02,7.322301875631638e+02,3.165292520271610e+02,1,0.000000000000000e+00,0.000000000000000e+00
4.345000000005403e-05,869,2.718999748068629e-02,2.016776934384291e+03,1.000000000000000e+00,8.000000000000000e-01,2.000000000000000e-01,7.045788931624725e-05,-7.512982179781362e-05,1.666666666666667e+00,0.000000000000000e+00,2.981500000000000e+02,3.011766704021882e+02,2.999999999960734e+02,7.327010708709659e+02,3.165571327157505e+02,1,0.000000000000000e+00,0.000000000000000e+00
4.350000000005414e-05,870,2.721648211135617e-02,2.305722597107624e+03,1.000000000000000e+00,8.000000000000000e-01,2.000000000000000e-01,7.054122264958009e-05,-7.512982179781362e-05,1.666666666666667e+00,0.000000000000000e+00,2.981500000000000e+02,3.011681026165245e+02,2.999999999960485e+02,7.332037504665029e+02,3.165851794147588e+02,1,0.000000000000000e+00,0.000000000000000e+00
4.355000000005425e-05,871,2.724341994553482e-02,2.367618430320145e+03,1.000000000000000e+00,8.000000000000000e-01,2.000000000000000e-01,7.062455598291293e-05,-7.512982179781362e-05,1.666666666666667e+00,0.000000000000000e+00,2.981500000000000e+02,3.011542703162675e+02,2.999999999960542e+02,7.337202846983739e+02,3.166143136748659e+02,1,0.000000000000000e+00,0.000000000000000e+00
4.360000000005436e-05,872,2.726797505859292e-02,2.280477631466960e+03,1.000000000000000e+00,8.000000000000000e-01,2.000000000000000e-01,7.070788931624577e-05,-7.512982179781362e-05,1.666666666666667e+00,0.000000000000000e+00,2.981500000000000e+02,3.011396019847092e+02,2.999999999962183e+02,7.341834101932660e+02,3.166428931006941e+02,1,0.000000000000000e+00,0.000000000000000e+00
4.365000000005447e-05,873,2.729164267556824e-02,2.308483806966738e+03,1.000000000000000e+00,8.000000000000000e-01,2.000000000000000e-01,7.079122264957860e-05,-7.512982179781362e-05,1.666666666666667e+00,0.000000000000000e+00,2.981500000000000e+02,3.011268100630605e+02,2.999999999962645e+02,7.346708939677063e+02,3.166707139884228e+02,1,0.000000000000000e+00,0.000000000000000e+00
4.370000000005458e-05,874,2.731576831208199e-02,2.291923181623552e+03,1.000000000000000e+00,8.000000000000000e-01,2.000000000000000e-01,7.087455598291144e-05,-7.512982179781362e-05,1.666666666666667e+00,0.000000000000000e+00,2.981500000000000e+02,3.011136955327109e+02,2.999999999962581e+02,7.351414832756905e+02,3.166992025624340e+02,1,0.000000000000000e+00,0.000000000000000e+00
4.375000000005469e-05,875,2.734009028980803e-02,2.455737514459457e+03,1.000000000000000e+00,8.000000000000000e-01,2.000000000000000e-01,7.095788931624428e-05,-7.512982179781362e-05,1.666666666666667e+00,0.000000000000000e+00,2.981500000000000e+02,3.011038602165508e+02,2.999999999962638e+02,7.356360018687047e+02,3.167288540774357e+02,1,0.000000000000000e+00,0.000000000000000e+00
4.380000000005480e-05,876,2.736753782680347e-02,2.436319299153429e+03,1.000000000000000e+00,8.000000000000000e-01,2.000000000000000e-01,7.104122264957712e-05,-7.512982179781362e-05,1.666666666666667e+00,0.000000000000000e+00,2.981500000000000e+02,3.010979373988491e+02,2.999999999962957e+02,7.361799907690026e+02,3.167426043878889e+02,1,0.000000000000000e+00,0.000000000000000e+00
4.385000000005491e-05,877,2.739598645658129e-02,2.589990811635127e+03,1.000000000000000e+00,8.000000000000000e-01,2.000000000000000e-01,7.112455598290996e-05,-7.512982179781362e-05,1.666666666666667e+00,0.000000000000000e+00,2.981500000000000e+02,3.010899888052943e+02,2.999999999963014e+02,7.366523457766407e+02,3.167587500542006e+02,1,0.000000000000000e+00,0.000000000000000e+00
4.390000000005502e-05,878,2.742033560112783e-02,1.520425306429131e+03,1.000000000000000e+00,8.000000000000000e-01,2.000000000000000e-01,7.120788931624280e-05,-7.512982179781362e-05,1.666666666666667e+00,0.000000000000000e+00,2.981500000000000e+02,3.010825656274301e+02,2.999999999963071e+02,7.369710674881259e+02,3.167849128243541e+02,1,0.000000000000000e+00,0.000000000000000e+00
4.395000000005513e-05,879,2.744508982126816e-02,1.889380321664424e+03,1.000000000000000e+00,8.000000000000000e-01,2.000000000000000e-01,7.129122264957563e-05,-7.512982179781362e-05,1.666666666666667e+00,0.000000000000000e+00,2.981500000000000e+02,3.010730410729795e+02,2.999999999963127e+02,7.373924066908362e+02,3.168026653402440e+02,1,0.000000000000000e+00,0.000000000000000e+00
4.400000000005524e-05,880,2.747171834536342e-02,1.976662000594764e+03,1.000000000000000e+00,8.000000000000000e-01,2.000000000000000e-01,7.137455598290847e-05,-7.512982179781362e-05,1.666666666666667e+00,0.000000000000000e+00,2.981500000000000e+02,3.010729373441494e+02,2.999999999963184e+02,7.378667818255312e+02,3.168314088295182e+02,1,0.000000000000000e+00,0.000000000000000e+00
4.405000000005535e-05,881,2.750046229978510e-02,2.537305870747688e+03,1.000000000000000e+00,8.000000000000000e-01,2.000000000000000e-01,7.145788931624131e-05,-7.512982179781362e-05,1.666666666666667e+00,0.000000000000000e+00,2.981500000000000e+02,3.010736480745012e+02,2.999999999963241e+02,7.383192839264690e+02,3.168420669765360e+02,1,0.000000000000000e+00,0.000000000000000e+00
4.410000000005546e-05,882,2.753047455483049e-02,3.181648765082221e+03,1.000000000000000e+00,8.000000000000000e-01,2.000000000000000e-01,7.154122264957415e-05,-7.512982179781362e-05,1.666666666666667e+00,0.000000000000000e+00,2.981500000000000e+02,3.010695182357514e+02,2.999999999963298e+02,7.387993970613519e+02,3.168701888564535e+02,1,0.000000000000000e+00,0.000000000000000e+00
4.415000000005557e-05,883,2.755785129129877e-02,2.071087704423751e+03,1.000000000000000e+00,8.000000000000000e-01,2.000000000000000e-01,7.162455598290699e-05,-7.512982179781362e-05,1.666666666666667e+00,0.000000000000000e+00,2.981500000000000e+02,3.010608146759075e+02,2.999999999963355e+02,7.391786083613194e+02,3.168833749867425e+02,1,0.000000000000000e+00,0.000000000000000e+00
4.420000000005568e-05,884,2.758519058850353e-02,2.276665745439505e+03,1.000000000000000e+00,8.000000000000000e-01,2.000000000000000e-01,7.170788931623983e-05,-7.512982179781362e-05,1.666666666666667e+00,0.000000000000000e+00,2.981500000000000e+02,3.010484220854468e+02,2.999999999963412e+02,7.396441597318311e+02,3.169160909517558e+02,1,0.000000000000000e+00,0.000000000000000e+00
4.425000000005579e-05,885,2.761319255273498e-02,2.331983357154108e+03,1.000000000000000e+00,8.000000000000000e-01,2.000000000000000e-01,7.179122264957267e-05,-7.512982179781362e-05,1.666666666666667e+00,0.000000000000000e+00,2.981500000000000e+02,3.010514245214817e+02,2.999999999963468e+02,7.402431051815921e+02,3.169501903126976e+02,1,0.000000000000000e+00,0.000000000000000e+00
4.430000000005590e-05,886,2.764511647074608e-02,3.778033895129986e+03,1.000000000000000e+00,8.000000000000000e-01,2.000000000000000e-01,7.187455598290550e-05,-7.512982179781362e-05,1.666666666666667e+00,0.000000000000000e+00,2.981500000000000e+02,3.010490604724805e+02,2.999999999963525e+02,7.408039355835894e+02,3.169835831616435e+02,1,0.000000000000000e+00,0.000000000000000e+00
4.435000000005601e-05,887,2.767758419136385e-02,3.880393377762951e+03,1.000000000000000e+00,8.000000000000000e-01,2.000000000000000e-01,7.195788931623834e-05,-7.512982179781362e-05,1.666666666666667e+00,0.000000000000000e+00,2.981500000000000e+02,3.010421887903532e+02,2.999999999963582e+02,7.414031623049749e+02,3.170180539374928e+02,1,0.000000000000000e+00,0.000000000000000e+00
4.440000000005612e-05,888,2.771202016687348e-02,3.114423681869535e+03,1.000000000000000e+00,8.000000000000000e-01,2.000000000000000e-01,7.204122264957118e-05,-7.512982179781362e-05,1.666666666666667e+00,0.000000000000000e+00,2.981500000000000e+02,3.010323882183160e+02,2.999999999963639e+02,7.420442129878418e+02,3.170454151765535e+02,1,0.000000000000000e+00,0.000000000000000e+00
4.445000000005623e-05,889,2.774530783603532e-02,2.923973867839665e+03,1.000000000000000e+00,8.000000000000000e-01,2.000000000000000e-01,7.212455598290402e-05,-7.512982179781362e-05,1.666666666666667e+00,0.000000000000000e+00,2.981500000000000e+02,3.010263790454475e+02,2.999999999963696e+02,7.425985401745780e+02,3.170790707801938e+02,1,0.000000000000000e+00,0.000000000000000e+00
4.450000000005634e-05,890,2.777820590199334e-02,2.203124634905406e+03,1.000000000000000e+00,8.000000000000000e-01,2.000000000000000e-01,7.220788931623686e-05,-7.512982179781362e-05,1.666666666666667e+00,0.000000000000000e+00,2.981500000000000e+02,3.010246376302146e+02,2.999999999963753e+02,7.431307803915453e+02,3.171108230237464e+02,1,0.000000000000000e+00,0.000000000000000e+00
4.455000000005644e-05,891,2.781092532853887e-02,2.348674254888293e+03,1.000000000000000e+00,8.000000000000000e-01,2.000000000000000e-01,7.229122264956970e-05,-7.512982179781362e-05,1.666666666666667e+00,0.000000000000000e+00,2.981500000000000e+02,3.010224701214856e+02,2.999999999963810e+02,7.436639337184148e+02,3.171409040917198e+02,1,0.000000000000000e+00,0.000000000000000e+00
4.460000000005655e-05,892,2.784076315089414e-02,2.246860859269639e+03,1.000000000000000e+00,8.000000000000000e-01,2.000000000000000e-01,7.237455598290253e-05,-7.512982179781362e-05,1.666666666666667e+00,0.000000000000000e+00,2.981500000000000e+02,3.010168284478923e+02,2.999999999963866e+02,7.441210498167047e+02,3.171703235174555e+02,1,0.000000000000000e+00,0.000000000000000e+00
4.465000000005666e-05,893,2.787191432431017e-02,2.406971509381032e+03,1.000000000000000e+00,8.000000000000000e-01,2.000000000000000e-01,7.245788931623537e-05,-7.512982179781362e-05,1.666666666666667e+00,0.000000000000000e+00,2.981500000000000e+02,3.010127393791905e+02,2.999999999963923e+02,7.446086069825022e+02,3.172010247656174e+02,1,0.000000000000000e+00,0.000000000000000e+00
4.470000000005677e-05,894,2.790535133811569e-02,2.938126384816950e+03,1.000000000000000e+00,8.000000000000000e-01,2.000000000000000e-01,7.254122264956821e-05,-7.512982179781362e-05,1.666666666666667e+00,0.000000000000000e+00,2.981500000000000e+02,3.010217464763661e+02,2.999999999964564e+02,7.451519645218607e+02,3.172322780985338e+02,1,0.000000000000000e+00,0.000000000000000e+00
4.475000000005688e-05,895,2.794271731871621e-02,2.660499742300508e+03,1.000000000000000e+00,8.000000000000000e-01,2.000000000000000e-01,7.262455598290105e-05,-7.512982179781362e-05,1.666666666666667e+00,0.000000000000000e+00,2.981500000000000e+02,3.010408188102224e+02,2.999999999964621e+02,7.457558078615385e+02,3.172640713160710e+02,1,0.000000000000000e+00,0.000000000000000e+00
4.480000000005699e-05,896,2.797979313093740e-02,2.631837794151750e+03,1.000000000000000e+00,8.000000000000000e-01,2.000000000000000e-01,7.270788931623389e-05,-7.512982179781362e-05,1.666666666666667e+00,0.000000000000000e+00,2.981500000000000e+02,3.010532489199876e+02,2.999999999964677e+02,7.463201195121868e+02,3.172963007513228e+02,1,0.000000000000000e+00,0.000000000000000e+00
4.485000000005710e-05,897,2.801484288416580e-02,2.942719099752006e+03,1.000000000000000e+00,8.000000000000000e-01,2.000000000000000e-01,7.279122264956673e-05,-7.512982179781362e-05,1.666666666666667e+00,0.000000000000000e+00,2.981500000000000e+02,3.010641729429544e+02,2.999999999964734e+02,7.468663893842408e+02,3.173278746475011e+02,1,0.000000000000000e+00,0.000000000000000e+00
4.490000000005721e-05,898,2.806330851019941e-02,1.011459947987709e+04,1.000000000000000e+00,8.000000000000000e-01,2.000000000000000e-01,7.287455598289957e-05,-7.512982179781362e-05,1.666666666666667e+00,0.000000000000000e+00,2.981500000000000e+02,3.013705194232095e+02,2.999999999965007e+02,7.475436749276811e+02,3.173625267033807e+02,1,0.000000000000000e+00,0.000000000000000e+00
4.495000000005732e-05,899,2.810443802601574e-02,3.890946380501997e+03,1.000000000000000e+00,8.000000000000000e-01,2.000000000000000e-01,7.295788931623240e-05,-7.512982179781362e-05,1.666666666666667e+00,0.000000000000000e+00,2.981500000000000e+02,3.014644690870885e+02,2.999999999965063e+02,7.484505574401391e+02,3.173979537524323e+02,1,0.000000000000000e+00,0.000000000000000e+00
4.500000000005743e-05,900,2.813956670316622e-02,4.799814613060025e+03,1.000000000000000e+00,8.000000000000000e-01,2.000000000000000e-01,7.304122264956524e-05,-7.512982179781362e-05,1.666666666666667e+00,0.000000000000000e+00,2.981500000000000e+02,3.014481498666412e+02,2.999999999965120e+02,7.491476833840118e+02,3.174329716069449e+02,1,0.000000000000000e+00,0.000000000000000e+00
4.505000000005754e-05,901,2.817490988497881e-02,2.971414314658110e+03,1.000000000000000e+00,8.000000000000000e-01,2.000000000000000e-01,7.312455598289808e-05,-7.512982179781362e-05,1.666666666666667e+00,0.000000000000000e+00,2.981500000000000e+02,3.014237167437566e+02,2.999999999965177e+02,7.497928671438075e+02,3.174681859033058e+02,1,0.000000000000000e+00,0.000000000000000e+00
4.510000000005765e-05,902,2.820450294809722e-02,3.185586258526923e+03,1.000000000000000e+00,8.000000000000000e-01,2.000000000000000e-01,7.320788931623092e-05,-7.512982179781362e-05,1.666666666666667e+00,0.000000000000000e+00,2.981500000000000e+02,3.014044643370698e+02,2.999999999965448e+02,7.503153294270707e+02,3.175009066860105e+02,1,0.000000000000000e+00,0.000000000000000e+00
4.515000000005776e-05,903,2.823403159454522e-02,2.568163683136149e+03,1.000000000000000e+00,8.000000000000000e-01,2.000000000000000e-01,7.329122264956376e-05,-7.512982179781362e-05,1.666666666666667e+00,0.000000000000000e+00,2.981500000000000e+02,3.013862832500805e+02,2.999999999965505e+02,7.507777158438907e+02,3.175312723926669e+02,1,0.000000000000000e+00,0.000000000000000e+00
4.520000000005787e-05,904,2.826058719446086e-02,2.620936603921939e+03,1.000000000000000e+00,8.000000000000000e-01,2.000000000000000e-01,7.337455598289660e-05,-7.512982179781362e-05,1.666666666666667e+00,0.000000000000000e+00,2.981500000000000e+02,3.013651029883317e+02,2.999999999965562e+02,7.511869186323994e+02,3.175625657046673e+02,1,0.000000000000000e+00,0.000000000000000e+00
4.525000000005798e-05,905,2.828630375963845e-02,3.335823506590728e+03,1.000000000000000e+00,8.000000000000000e-01,2.000000000000000e-01,7.345788931622943e-05,-7.512982179781362e-05,1.666666666666667e+00,0.000000000000000e+00,2.981500000000000e+02,3.013486076854330e+02,2.999999999965619e+02,7.516381833076213e+02,3.175948983314145e+02,1,0.000000000000000e+00,0.000000000000000e+00
4.530000000005809e-05,906,2.831522506499688e-02,3.541168892464697e+03,1.000000000000000e+00,8.000000000000000e-01,2.000000000000000e-01,7.354122264956227e-05,-7.512982179781362e-05,1.666666666666667e+00,0.000000000000000e+00,2.981500000000000e+02,3.013358278176533e+02,2.999999999965676e+02,7.520893818652034e+02,3.176275644102453e+02,1,0.000000000000000e+00,0.000000000000000e+00
4.535000000005820e-05,907,2.834144185816844e-02,2.710807277453612e+03,1.000000000000000e+00,8.000000000000000e-01,2.000000000000000e-01,7.362455598289511e-05,-7.512982179781362e-05,1.666666666666667e+00,0.000000000000000e+00,2.981500000000000e+02,3.013233598553835e+02,2.999999999965733e+02,7.524981384547265e+02,3.176523134914956e+02,1,0.000000000000000e+00,0.000000000000000e+00
4.540000000005831e-05,908,2.837083006962619e-02,1.707789605772383e+03,1.000000000000000e+00,8.000000000000000e-01,2.000000000000000e-01,7.370788931622795e-05,-7.512982179781362e-05,1.666666666666667e+00,0.000000000000000e+00,2.981500000000000e+02,3.013108644662485e+02,2.999999999965789e+02,7.528618240931838e+02,3.176818048963957e+02,1,0.000000000000000e+00,0.000000000000000e+00
4.545000000005842e-05,909,2.838288367861576e-02,2.301857946844441e+03,1.000000000000000e+00,8.000000000000000e-01,2.000000000000000e-01,7.379122264956079e-05,-7.512982179781362e-05,1.666666666666667e+00,0.000000000000000e+00,2.981500000000000e+02,3.012890466486220e+02,2.999999999966005e+02,7.531023596874768e+02,3.177113603400363e+02,1,0.000000000000000e+00,0.000000000000000e+00
4.550000000005853e-05,910,2.840504466189594e-02,2.392058042684046e+03,1.000000000000000e+00,8.000000000000000e-01,2.000000000000000e-01,7.387455598289363e-05,-7.512982179781362e-05,1.666666666666667e+00,0.000000000000000e+00,2.981500000000000e+02,3.012673121303259e+02,2.999999999966062e+02,7.534163762824578e+02,3.177449907892458e+02,1,0.000000000000000e+00,0.000000000000000e+00
4.555000000005864e-05,911,3.089837199841618e-02,2.831736489648894e+03,1.000000000000000e+00,8.000000000000000e-01,2.000000000000000e-01,7.395788931622646e-05,-7.512982179781362e-05,1.666666666666667e+00,0.000000000000000e+00,2.981500000000000e+02,3.012551407841391e+02,2.999999999966119e+02,7.541077440602754e+02,3.177812674017305e+02,1,0.000000000000000e+00,0.000000000000000e+00
4.560000000005875e-05,912,3.093618755862616e-02,3.628565844960734e+03,1.000000000000000e+00,8.000000000000000e-01,2.000000000000000e-01,7.404122264955930e-05,-7.512982179781362e-05,1.666666666666667e+00,0.000000000000000e+00,2.981500000000000e+02,3.012708073839261e+02,2.999999999965675e+02,7.546988916708507e+02,3.178162399619774e+02,1,0.000000000000000e+00,0.000000000000000e+00
4.565000000005886e-05,913,3.097463827823806e-02,3.897918038450689e+03,1.000000000000000e+00,8.000000000000000e-01,2.000000000000000e-01,7.412455598289214e-05,-7.512982179781362e-05,1.666666666666667e+00,0.000000000000000e+00,2.981500000000000e+02,3.012881756600488e+02,2.999999999965674e+02,7.552304912705109e+02,3.178493555955288e+02,1,0.000000000000000e+00,0.000000000000000e+00
4.570000000005897e-05,914,3.101275442355031e-02,3.525265197857375e+03,1.000000000000000e+00,8.000000000000000e-01,2.000000000000000e-01,7.420788931622498e-05,-7.512982179781362e-05,1.666666666666667e+00,0.000000000000000e+00,2.981500000000000e+02,3.013019108708925e+02,2.999999999965731e+02,7.558356857909181e+02,3.178829982055046e+02,1,0.000000000000000e+00,0.000000000000000e+00
4.575000000005908e-05,915,3.104428917575580e-02,2.995598842840022e+03,1.000000000000000e+00,8.000000000000000e-01,2.000000000000000e-01,7.429122264955782e-05,-7.512982179781362e-05,1.666666666666667e+00,0.000000000000000e+00,2.981500000000000e+02,3.013102669159378e+02,2.999999999965885e+02,7.563253416586995e+02,3.179143642870604e+02,1,0.000000000000000e+00,0.000000000000000e+00
4.580000000005919e-05,916,3.107479008329654e-02,2.702720180273647e+03,1.000000000000000e+00,8.000000000000000e-01,2.000000000000000e-01,7.437455598289066e-05,-7.512982179781362e-05,1.666666666666667e+00,0.000000000000000e+00,2.981500000000000e+02,3.013268105935638e+02,2.999999999965942e+02,7.568446107811690e+02,3.179443394716819e+02,1,0.000000000000000e+00,0.000000000000000e+00
4.585000000005930e-05,917,3.110665812587348e-02,2.833929191692136e+03,1.000000000000000e+00,8.000000000000000e-01,2.000000000000000e-01,7.445788931622350e-05,-7.512982179781362e-05,1.666666666666667e+00,0.000000000000000e+00,2.981500000000000e+02,3.013531865999214e+02,2.999999999966259e+02,7.574088293375838e+02,3.179753628298399e+02,1,0.000000000000000e+00,0.000000000000000e+00
4.590000000005941e-05,918,3.113730350374692e-02,2.923550548360688e+03,1.000000000000000e+00,8.000000000000000e-01,2.000000000000000e-01,7.454122264955633e-05,-7.512982179781362e-05,1.666666666666667e+00,0.000000000000000e+00,2.981500000000000e+02,3.013770457242022e+02,2.999999999966316e+02,7.579389321695653e+02,3.180067555974173e+02,1,0.000000000000000e+00,0.000000000000000e+00
4.595000000005951e-05,919,3.117104435159535e-02,2.631862530322730e+03,1.000000000000000e+00,8.000000000000000e-01,2.000000000000000e-01,7.462455598288917e-05,-7.512982179781362e-05,1.666666666666667e+00,0.000000000000000e+00,2.981500000000000e+02,3.013959421489984e+02,2.999999999967640e+02,7.585075322968046e+02,3.180378419528497e+02,1,0.000000000000000e+00,0.000000000000000e+00
4.600000000005962e-05,920,3.120251535054377e-02,2.575554396801135e+03,1.000000000000000e+00,8.000000000000000e-01,2.000000000000000e-01,7.470788931622201e-05,-7.512982179781362e-05,1.666666666666667e+00,0.000000000000000e+00,2.981500000000000e+02,3.014093316904572e+02,2.999999999967697e+02,7.589851110529984e+02,3.180679773314799e+02,1,0.000000000000000e+00,0.000000000000000e+00
4.605000000005973e-05,921,3.123271392955502e-02,2.523197207434930e+03,1.000000000000000e+00,8.000000000000000e-01,2.000000000000000e-01,7.479122264955485e-05,-7.512982179781362e-05,1.666666666666667e+00,0.000000000000000e+00,2.981500000000000e+02,3.014160464847544e+02,2.999999999967862e+02,7.595021420851330e+02,3.180982731706110e+02,1,0.000000000000000e+00,0.000000000000000e+00
4.610000000005984e-05,922,3.126318820316506e-02,2.338012452484224e+03,1.000000000000000e+00,8.000000000000000e-01,2.000000000000000e-01,7.487455598288769e-05,-7.512982179781362e-05,1.666666666666667e+00,0.000000000000000e+00,2.981500000000000e+02,3.014109950798971e+02,2.999999999967919e+02,7.600207905786015e+02,3.181297140651264e+02,1,0.000000000000000e+00,0.000000000000000e+00
4.615000000005995e-05,923,3.129655482853823e-02,2.437733243925742e+04,1.000000000000000e+00,8.000000000000000e-01,2.000000000000000e-01,7.495788931622053e-05,-7.512982179781362e-05,1.666666666666667e+00,0.000000000000000e+00,2.981500000000000e+02,3.015773483458307e+02,2.999999999967976e+02,7.604162817255719e+02,3.181605094691251e+02,1,0.000000000000000e+00,0.000000000000000e+00
4.620000000006006e-05,924,3.134670893030327e-02,3.918425469372873e+03,1.000000000000000e+00,8.000000000000000e-01,2.000000000000000e-01,7.504122264955336e-05,-7.512982179781362e-05,1.666666666666667e+00,0.000000000000000e+00,2.981500000000000e+02,3.018970541420994e+02,2.999999999968009e+02,7.613315179842525e+02,3.181860551793596e+02,1,0.000000000000000e+00,0.000000000000000e+00
4.625000000006017e-05,925,3.137802322436958e-02,2.772388148088257e+03,1.000000000000000e+00,8.000000000000000e-01,2.000000000000000e-01,7.512455598288620e-05,-7.512982179781362e-05,1.666666666666667e+00,0.000000000000000e+00,2.981500000000000e+02,3.018789290100066e+02,2.999999999968044e+02,7.619940143272632e+02,3.182087701294331e+02,1,0.000000000000000e+00,0.000000000000000e+00
4.630000000006028e-05,926,3.140272252052253e-02,2.753399007324601e+03,1.000000000000000e+00,8.000000000000000e-01,2.000000000000000e-01,7.520788931621904e-05,-7.512982179781362e-05,1.666666666666667e+00,0.000000000000000e+00,2.981500000000000e+02,3.018365777561812e+02,2.999999999969093e+02,7.625153365365926e+02,3.182421458054413e+02,1,0.000000000000000e+00,0.000000000000000e+00
4.635000000006039e-05,927,3.143305200642496e-02,2.448378500043300e+03,1.000000000000000e+00,8.000000000000000e-01,2.000000000000000e-01,7.529122264955188e-05,-7.512982179781362e-05,1.666666666666667e+00,0.000000000000000e+00,2.981500000000000e+02,3.017993816444423e+02,2.999999999969150e+02,7.631167002760761e+02,3.182775019335418e+02,1,0.000000000000000e+00,0.000000000000000e+00
4.640000000006050e-05,928,3.146102970051502e-02,3.113602220214118e+03,1.000000000000000e+00,8.000000000000000e-01,2.000000000000000e-01,7.537455598288472e-05,-7.512982179781362e-05,1.666666666666667e+00,0.000000000000000e+00,2.981500000000000e+02,3.017603516150967e+02,2.999999999969560e+02,7.636282104961795e+02,3.183109985479898e+02,1,0.000000000000000e+00,0.000000000000000e+00
4.645000000006061e-05,929,3.148865624772940e-02,3.161740519478529e+03,1.000000000000000e+00,8.000000000000000e-01,2.000000000000000e-01,7.545788931621756e-05,-7.512982179781362e-05,1.666666666666667e+00,0.000000000000000e+00,2.981500000000000e+02,3.017197194207445e+02,2.999999999969617e+02,7.640580768525913e+02,3.183410812453665e+02,1,0.000000000000000e+00,0.000000000000000e+00
4.650000000006072e-05,930,3.151596095281908e-02,2.022605238305930e+03,1.000000000000000e+00,8.000000000000000e-01,2.000000000000000e-01,7.554122264955039e-05,-7.512982179781362e-05,1.666666666666667e+00,0.000000000000000e+00,2.981500000000000e+02,3.016827150693941e+02,2.999999999969842e+02,7.644968858345026e+02,3.183712552395970e+02,1,0.000000000000000e+00,0.000000000000000e+00
4.655000000006083e-05,931,3.153733500477109e-02,1.695688537067327e+03,1.000000000000000e+00,8.000000000000000e-01,2.000000000000000e-01,7.562455598288323e-05,-7.512982179781362e-05,1.666666666666667e+00,0.000000000000000e+00,2.981500000000000e+02,3.016434364487948e+02,2.999999999969899e+02,7.648814194294546e+02,3.184002543884187e+02,1,0.000000000000000e+00,0.000000000000000e+00
4.660000000006094e-05,932,3.156052033337512e-02,2.212496577142766e+03,1.000000000000000e+00,8.000000000000000e-01,2.000000000000000e-01,7.570788931621607e-05,-7.512982179781362e-05,1.666666666666667e+00,0.000000000000000e+00,2.981500000000000e+02,3.016116877042890e+02,2.999999999969956e+02,7.652358277158813e+02,3.184289477127129e+02,1,0.000000000000000e+00,0.000000000000000e+00
4.665000000006105e-05,933,3.158675625970019e-02,2.306544092230321e+03,1.000000000000000e+00,8.000000000000000e-01,2.000000000000000e-01,7.579122264954891e-05,-7.512982179781362e-05,1.666666666666667e+00,0.000000000000000e+00,2.981500000000000e+02,3.015859307774313e+02,2.999999999970013e+02,7.656333890233296e+02,3.184571885010970e+02,1,0.000000000000000e+00,0.000000000000000e+00
4.670000000006116e-05,934,3.161012203671094e-02,2.069169213633652e+03,1.000000000000000e+00,8.000000000000000e-01,2.000000000000000e-01,7.587455598288175e-05,-7.512982179781362e-05,1.666666666666667e+00,0.000000000000000e+00,2.981500000000000e+02,3.015622299921990e+02,2.999999999970070e+02,7.660056574461555e+02,3.184840861312685e+02,1,0.000000000000000e+00,0.000000000000000e+00
4.675000000006127e-05,935,3.163480195451256e-02,2.068742359977041e+03,1.000000000000000e+00,8.000000000000000e-01,2.000000000000000e-01,7.595788931621459e-05,-7.512982179781362e-05,1.666666666666667e+00,0.000000000000000e+00,2.981500000000000e+02,3.015392513915832e+02,2.999999999970127e+02,7.663544457913362e+02,3.185110254974398e+02,1,0.000000000000000e+00,0.000000000000000e+00
4.680000000006138e-05,936,3.166016364688821e-02,2.291558439245827e+03,1.000000000000000e+00,8.000000000000000e-01,2.000000000000000e-01,7.604122264954743e-05,-7.512982179781362e-05,1.666666666666667e+00,0.000000000000000e+00,2.981500000000000e+02,3.015172814282190e+02,2.999999999970296e+02,7.667239808769009e+02,3.185383958506677e+02,1,0.000000000000000e+00,0.000000000000000e+00
4.685000000006149e-05,937,3.169100023523103e-02,2.954347847956639e+03,1.000000000000000e+00,8.000000000000000e-01,2.000000000000000e-01,7.612455598288026e-05,-7.512982179781362e-05,1.666666666666667e+00,0.000000000000000e+00,2.981500000000000e+02,3.014958001080406e+02,2.999999999970353e+02,7.671421697515407e+02,3.185672286747063e+02,1,0.000000000000000e+00,0.000000000000000e+00
4.690000000006160e-05,938,3.172216444698183e-02,2.913936898841246e+03,1.000000000000000e+00,8.000000000000000e-01,2.000000000000000e-01,7.620788931621310e-05,-7.512982179781362e-05,1.666666666666667e+00,0.000000000000000e+00,2.981500000000000e+02,3.014711689979238e+02,2.999999999970482e+02,7.675334372700771e+02,3.185964805758344e+02,1,0.000000000000000e+00,0.000000000000000e+00
4.695000000006171e-05,939,3.175667479659636e-02,2.740357932446018e+03,1.000000000000000e+00,8.000000000000000e-01,2.000000000000000e-01,7.629122264954594e-05,-7.512982179781362e-05,1.666666666666667e+00,0.000000000000000e+00,2.981500000000000e+02,3.014471590514603e+02,2.999999999971030e+02,7.679616908966299e+02,3.186274101380620e+02,1,0.000000000000000e+00,0.000000000000000e+00
4.700000000006182e-05,940,3.179278021009912e-02,2.674993505938882e+03,1.000000000000000e+00,8.000000000000000e-01,2.000000000000000e-01,7.637455598287878e-05,-7.512982179781362e-05,1.666666666666667e+00,0.000000000000000e+00,2.981500000000000e+02,3.014263738040148e+02,2.999999999971087e+02,7.683843462146747e+02,3.186592055251425e+02,1,0.000000000000000e+00,0.000000000000000e+00
4.705000000006193e-05,941,3.182788916634108e-02,2.697577367741392e+03,1.000000000000000e+00,8.000000000000000e-01,2.000000000000000e-01,7.645788931621162e-05,-7.512982179781362e-05,1.666666666666667e+00,0.000000000000000e+00,2.981500000000000e+02,3.014090699041072e+02,2.999999999971143e+02,7.687573528221789e+02,3.186891018533151e+02,1,0.000000000000000e+00,0.000000000000000e+00
4.710000000006204e-05,942,3.186375903541237e-02,2.150817374889790e+03,1.000000000000000e+00,8.000000000000000e-01,2.000000000000000e-01,7.654122264954446e-05,-7.512982179781362e-05,1.666666666666667e+00,0.000000000000000e+00,2.981500000000000e+02,3.013908425118825e+02,2.999999999971353e+02,7.691431774082221e+02,3.187180297349699e+02,1,0.000000000000000e+00,0.000000000000000e+00
4.715000000006215e-05,943,3.189488897702905e-02,1.855698115355856e+03,1.000000000000000e+00,8.000000000000000e-01,2.000000000000000e-01,7.662455598287729e-05,-7.512982179781362e-05,1.666666666666667e+00,0.000000000000000e+00,2.981500000000000e+02,3.013682393410047e+02,2.999999999971412e+02,7.694370382277594e+02,3.187462078181644e+02,1,0.000000000000000e+00,0.000000000000000e+00
4.720000000006226e-05,944,3.192404733527931e-02,2.041751497121478e+03,1.000000000000000e+00,8.000000000000000e-01,2.000000000000000e-01,7.670788931621013e-05,-7.512982179781362e-05,1.666666666666667e+00,0.000000000000000e+00,2.981500000000000e+02,3.013467592088406e+02,2.999999999971469e+02,7.697203143152740e+02,3.187739533701195e+02,1,0.000000000000000e+00,0.000000000000000e+00
4.725000000006237e-05,945,3.195594179668754e-02,2.197882605711399e+03,1.000000000000000e+00,8.000000000000000e-01,2.000000000000000e-01,7.679122264954297e-05,-7.512982179781362e-05,1.666666666666667e+00,0.000000000000000e+00,2.981500000000000e+02,3.013283798310128e+02,2.999999999971508e+02,7.700257823786364e+02,3.188014427592234e+02,1,0.000000000000000e+00,0.000000000000000e+00
4.730000000006247e-05,946,3.198346582454090e-02,2.038624930613858e+03,1.000000000000000e+00,8.000000000000000e-01,2.000000000000000e-01,7.687455598287581e-05,-7.512982179781362e-05,1.666666666666667e+00,0.000000000000000e+00,2.981500000000000e+02,3.013113717820683e+02,2.999999999971565e+02,7.702728567819706e+02,3.188273981882476e+02,1,0.000000000000000e+00,0.000000000000000e+00
4.735000000006258e-05,947,3.201080065623046e-02,1.839572137777016e+03,1.000000000000000e+00,8.000000000000000e-01,2.000000000000000e-01,7.695788931620865e-05,-7.512982179781362e-05,1.666666666666667e+00,0.000000000000000e+00,2.981500000000000e+02,3.012948221168803e+02,2.999999999971622e+02,7.705391019884541e+02,3.188531398034911e+02,1,0.000000000000000e+00,0.000000000000000e+00
4.740000000006269e-05,948,3.204194248882978e-02,2.069728417820582e+03,1.000000000000000e+00,8.000000000000000e-01,2.000000000000000e-01,7.704122264954149e-05,-7.512982179781362e-05,1.666666666666667e+00,0.000000000000000e+00,2.981500000000000e+02,3.012797364791639e+02,2.999999999971679e+02,7.708762381764088e+02,3.188814943714705e+02,1,0.000000000000000e+00,0.000000000000000e+00
4.745000000006280e-05,949,3.207590628575550e-02,2.433134184087106e+03,1.000000000000000e+00,8.000000000000000e-01,2.000000000000000e-01,7.712455598287433e-05,-7.512982179781362e-05,1.666666666666667e+00,0.000000000000000e+00,2.981500000000000e+02,3.012666252762532e+02,2.999999999971736e+02,7.712675475717849e+02,3.189118455684732e+02,1,0.000000000000000e+00,0.000000000000000e+00
4.750000000006291e-05,950,3.211221691013229e-02,2.807920005835019e+03,1.000000000000000e+00,8.000000000000000e-01,2.000000000000000e-01,7.720788931620716e-05,-7.512982179781362e-05,1.666666666666667e+00,0.000000000000000e+00,2.981500000000000e+02,3.012554650784629e+02,2.999999999971793e+02,7.716560697916925e+02,3.189419488208305e+02,1,0.000000000000000e+00,0.000000000000000e+00
4.755000000006302e-05,951,3.214998499156915e-02,2.644608688232755e+03,1.000000000000000e+00,8.000000000000000e-01,2.000000000000000e-01,7.729122264954000e-05,-7.512982179781362e-05,1.666666666666667e+00,0.000000000000000e+00,2.981500000000000e+02,3.012431163686137e+02,2.999999999971849e+02,7.720579916520151e+02,3.189720831456107e+02,1,0.000000000000000e+00,0.000000000000000e+00
4.760000000006313e-05,952,3.218574032439910e-02,2.467337254893368e+03,1.000000000000000e+00,8.000000000000000e-01,2.000000000000000e-01,7.737455598287284e-05,-7.512982179781362e-05,1.666666666666667e+00,0.000000000000000e+00,2.981500000000000e+02,3.012285821807940e+02,2.999999999972078e+02,7.724300739716336e+02,3.190015563087575e+02,1,0.000000000000000e+00,0.000000000000000e+00
4.765000000006324e-05,953,3.221972461433587e-02,2.398319800966469e+03,1.000000000000000e+00,8.000000000000000e-01,2.000000000000000e-01,7.745788931620568e-05,-7.512982179781362e-05,1.666666666666667e+00,0.000000000000000e+00,2.981500000000000e+02,3.012128303980231e+02,2.999999999972379e+02,7.727425066424337e+02,3.190303677970371e+02,1,0.000000000000000e+00,0.000000000000000e+00
4.770000000006335e-05,954,3.069937829110918e-02,2.925725318247469e+04,1.000000000000000e+00,8.000000000000000e-01,2.000000000000000e-01,7.754122264953852e-05,-7.512982179781362e-05,1.666666666666667e+00,0.000000000000000e+00,2.981500000000000e+02,3.016361490435094e+02,2.999999999972436e+02,7.730900397663709e+02,3.190591527212288e+02,1,0.000000000000000e+00,0.000000000000000e+00
4.775000000006346e-05,955,3.075843072138273e-02,4.199817435488162e+03,1.000000000000000e+00,8.000000000000000e-01,2.000000000000000e-01,7.762455598287136e-05,-7.512982179781362e-05,1.666666666666667e+00,0.000000000000000e+00,2.981500000000000e+02,3.020897708099692e+02,2.999999999972493e+02,7.738084419553931e+02,3.190896416708215e+02,1,0.000000000000000e+00,0.000000000000000e+00
4.780000000006357e-05,956,3.080129841679318e-02,3.623319829033765e+03,1.000000000000000e+00,8.000000000000000e-01,2.000000000000000e-01,7.770788931620419e-05,-7.512982179781362e-05,1.666666666666667e+00,0.000000000000000e+00,2.981500000000000e+02,3.020811609964191e+02,2.999999999972550e+02,7.743088811085890e+02,3.191204929178609e+02,1,0.000000000000000e+00,0.000000000000000e+00
4.785000000006368e-05,957,3.084406242957333e-02,3.610813897800873e+03,1.000000000000000e+00,8.000000000000000e-01,2.000000000000000e-01,7.779122264953703e-05,-7.512982179781362e-05,1.666666666666667e+00,0.000000000000000e+00,2.981500000000000e+02,3.020486028191488e+02,2.999999999972607e+02,7.748097130482021e+02,3.191529647978369e+02,1,0.000000000000000e+00,0.000000000000000e+00
4.790000000006379e-05,958,3.088929290487156e-02,3.415532703167120e+03,1.000000000000000e+00,8.000000000000000e-01,2.000000000000000e-01,7.787455598286987e-05,-7.512982179781362e-05,1.666666666666667e+00,0.000000000000000e+00,2.981500000000000e+02,3.020151874065405e+02,2.999999999972663e+02,7.753130708732346e+02,3.191866630126547e+02,1,0.000000000000000e+00,0.000000000000000e+00
4.795000000006390e-05,959,3.093611605823355e-02,3.404829026709296e+03,1.000000000000000e+00,8.000000000000000e-01,2.000000000000000e-01,7.795788931620271e-05,-7.512982179781362e-05,1.666666666666667e+00,0.000000000000000e+00,2.981500000000000e+02,3.019845248277853e+02,2.999999999972720e+02,7.758635166660723e+02,3.192200189158718e+02,1,0.000000000000000e+00,0.000000000000000e+00
4.800000000006401e-05,960,3.098124141009186e-02,3.353434323409184e+03,1.000000000000000e+00,8.000000000000000e-01,2.000000000000000e-01,7.804122264953555e-05,-7.512982179781362e-05,1.666666666666667e+00,0.000000000000000e+00,2.981500000000000e+02,3.019427670573957e+02,2.999999999972777e+02,7.763070706703759e+02,3.192533732833442e+02,1,0.000000000000000e+00,0.000000000000000e+00
4.805000000006412e-05,961,3.102667875499599e-02,3.479925168157780e+03,1.000000000000000e+00,8.000000000000000e-01,2.000000000000000e-01,7.812455598286839e-05,-7.512982179781362e-05,1.666666666666667e+00,0.000000000000000e+00,2.981500000000000e+02,3.019043905522838e+02,2.999999999972834e+02,7.767573315568927e+02,3.192860662058660e+02,1,0.000000000000000e+00,0.000000000000000e+00
4.810000000006423e-05,962,3.107213403696847e-02,3.372358502051020e+03,1.000000000000000e+00,8.000000000000000e-01,2.000000000000000e-01,7.820788931620122e-05,-7.512982179781362e-05,1.666666666666667e+00,0.000000000000000e+00,2.981500000000000e+02,3.018699365246686e+02,2.999999999973060e+02,7.771658425398168e+02,3.193166661583491e+02,1,0.000000000000000e+00,0.000000000000000e+00
4.815000000006434e-05,963,3.111550018866450e-02,2.565116412869506e+03,1.000000000000000e+00,8.000000000000000e-01,2.000000000000000e-01,7.829122264953406e-05,-7.512982179781362e-05,1.666666666666667e+00,0.000000000000000e+00,2.981500000000000e+02,3.018347263426613e+02,2.999999999973193e+02,7.775396082580129e+02,3.193414747707263e+02,1,0.000000000000000e+00,0.000000000000000e+00
4.820000000006445e-05,964,3.115851506857574e-02,2.591928851719361e+03,1.000000000000000e+00,8.000000000000000e-01,2.000000000000000e-01,7.837455598286690e-05,-7.512982179781362e-05,1.666666666666667e+00,0.000000000000000e+00,2.981500000000000e+02,3.018007042342212e+02,2.999999999973279e+02,7.778893006105740e+02,3.193691751154680e+02,1,0.000000000000000e+00,0.000000000000000e+00
4.825000000006456e-05,965,3.119802054522359e-02,2.581278758931808e+03,1.000000000000000e+00,8.000000000000000e-01,2.000000000000000e-01,7.845788931619974e-05,-7.512982179781362e-05,1.666666666666667e+00,0.000000000000000e+00,2.981500000000000e+02,3.017622175208278e+02,2.999999999973393e+02,7.782327553399454e+02,3.193975944553064e+02,1,0.000000000000000e+00,0.000000000000000e+00
4.830000000006467e-05,966,3.123779293837187e-02,3.545616621898720e+03,1.000000000000000e+00,8.000000000000000e-01,2.000000000000000e-01,7.854122264953258e-05,-7.512982179781362e-05,1.666666666666667e+00,0.000000000000000e+00,2.981500000000000e+02,3.017225053633375e+02,2.999999999973506e+02,7.784863561108796e+02,3.194192255809379e+02,1,0.000000000000000e+00,0.000000000000000e+00
4.835000000006478e-05,967,3.128087550662972e-02,2.818276725305411e+03,1.000000000000000e+00,8.000000000000000e-01,2.000000000000000e-01,7.862455598286542e-05,-7.512982179781362e-05,1.666666666666667e+00,0.000000000000000e+00,2.981500000000000e+02,3.016907840627584e+02,2.999999999973620e+02,7.788304204960729e+02,3.194538621730503e+02,1,0.000000000000000e+00,0.000000000000000e+00
4.840000000006489e-05,968,3.132175957847493e-02,2.504047487772741e+03,1.000000000000000e+00,8.000000000000000e-01,2.000000000000000e-01,7.870788931619826e-05,-7.512982179781362e-05,1.666666666666667e+00,0.000000000000000e+00,2.981500000000000e+02,3.016572909497512e+02,2.999999999973734e+02,7.790734318451142e+02,3.194829579189029e+02,1,0.000000000000000e+00,0.000000000000000e+00
4.845000000006500e-05,969,3.365682618095199e-02,3.477258206373781e+03,1.000000000000000e+00,8.000000000000000e-01,2.000000000000000e-01,7.879122264953109e-05,-7.512982179781362e-05,1.666666666666667e+00,0.000000000000000e+00,2.981500000000000e+02,3.016212549213574e+02,2.999999999974247e+02,7.791795367755841e+02,3.195120348976034e+02,1,0.000000000000000e+00,0.000000000000000e+00
4.850000000006511e-05,970,3.369827156157533e-02,2.593501290831582e+03,1.000000000000000e+00,8.000000000000000e-01,2.000000000000000e-01,7.887455598286393e-05,-7.512982179781362e-05,1.666666666666667e+00,0.000000000000000e+00,2.981500000000000e+02,3.015937384826667e+02,2.999999999974361e+02,7.794271743988612e+02,3.195439573970273e+02,1,0.000000000000000e+00,0.000000000000000e+00
4.855000000006522e-05,971,3.374126301015865e-02,2.389250189050782e+03,1.000000000000000e+00,8.000000000000000e-01,2.000000000000000e-01,7.895788931619677e-05,-7.512982179781362e-05,1.666666666666667e+00,0.000000000000000e+00,2.981500000000000e+02,3.015766589165030e+02,2.999999999974575e+02,7.797037086737636e+02,3.195765959082703e+02,1,0.000000000000000e+00,0.000000000000000e+00
4.860000000006533e-05,972,3.378289995206810e-02,2.547816227445098e+03,1.000000000000000e+00,8.000000000000000e-01,2.000000000000000e-01,7.904122264952961e-05,-7.512982179781362e-05,1.666666666666667e+00,0.000000000000000e+00,2.981500000000000e+02,3.015614111984462e+02,2.999999999974809e+02,7.799456241171819e+02,3.196081584868434e+02,1,0.000000000000000e+00,0.000000000000000e+00
4.865000000006544e-05,973,3.382613527030223e-02,2.232712051894265e+03,1.000000000000000e+00,8.000000000000000e-01,2.000000000000000e-01,7.912455598286245e-05,-7.512982179781362e-05,1.666666666666667e+00,0.000000000000000e+00,2.981500000000000e+02,3.015507167572263e+02,2.999999999974922e+02,7.802038335869263e+02,3.196395228377376e+02,1,0.000000000000000e+00,0.000000000000000e+00
4.870000000006554e-05,974,3.386724190277397e-02,2.086081386497499e+03,1.000000000000000e+00,8.000000000000000e-01,2.000000000000000e-01,7.920788931619529e-05,-7.512982179781362e-05,1.666666666666667e+00,0.000000000000000e+00,2.981500000000000e+02,3.015362531523336e+02,2.999999999975190e+02,7.804515101242230e+02,3.196705282138177e+02,1,0.000000000000000e+00,0.000000000000000e+00
4.875000000006565e-05,975,3.390683406566247e-02,2.012688949703847e+03,1.000000000000000e+00,8.000000000000000e-01,2.000000000000000e-01,7.929122264952812e-05,-7.512982179781362e-05,1.666666666666667e+00,0.000000000000000e+00,2.981500000000000e+02,3.015180243524673e+02,2.999999999975471e+02,7.806448144769697e+02,3.196918088416854e+02,1,0.000000000000000e+00,0.000000000000000e+00
4.880000000006576e-05,976,3.394391386795239e-02,2.495704238134439e+03,1.000000000000000e+00,8.000000000000000e-01,2.000000000000000e-01,7.937455598286096e-05,-7.512982179781362e-05,1.666666666666667e+00,0.000000000000000e+00,2.981500000000000e+02,3.015011076666800e+02,2.999999999975585e+02,7.808254895752036e+02,3.196983946873474e+02,1,0.000000000000000e+00,0.000000000000000e+00
4.885000000006587e-05,977,3.398333850984970e-02,2.200003014809074e+03,1.000000000000000e+00,8.000000000000000e-01,2.000000000000000e-01,7.945788931619380e-05,-7.512982179781362e-05,1.666666666666667e+00,0.000000000000000e+00,2.981500000000000e+02,3.014881317815814e+02,2.999999999975698e+02,7.810375660507145e+02,3.197289369295092e+02,1,0.000000000000000e+00,0.000000000000000e+00
4.890000000006598e-05,978,3.402410400376723e-02,2.134390838339887e+03,1.000000000000000e+00,8.000000000000000e-01,2.000000000000000e-01,7.954122264952664e-05,-7.512982179781362e-05,1.666666666666667e+00,0.000000000000000e+00,2.981500000000000e+02,3.014751756169182e+02,2.999999999976029e+02,7.813261302787413e+02,3.197608842206920e+02,1,0.000000000000000e+00,0.000000000000000e+00
4.895000000006609e-05,979,3.406392600865899e-02,2.493393961821134e+03,1.000000000000000e+00,8.000000000000000e-01,2.000000000000000e-01,7.962455598285948e-05,-7.512982179781362e-05,1.666666666666667e+00,0.000000000000000e+00,2.981500000000000e+02,3.014567646093314e+02,2.999999999976142e+02,7.815734724532009e+02,3.197688203882990e+02,1,0.000000000000000e+00,0.000000000000000e+00
4.900000000006620e-05,980,3.566991204259906e-02,2.880653166243748e+03,1.000000000000000e+00,8.000000000000000e-01,2.000000000000000e-01,7.970788931619232e-05,-7.512982179781362e-05,1.666666666666667e+00,0.000000000000000e+00,2.981500000000000e+02,3.014358402932140e+02,2.999999999976256e+02,7.817122862304320e+02,3.197895457201548e+02,1,0.000000000000000e+00,0.000000000000000e+00
4.905000000006631e-05,981,3.412675086994702e-02,1.803813603077366e+03,1.000000000000000e+00,8.000000000000000e-01,2.000000000000000e-01,7.979122264952515e-05,-7.512982179781362e-05,1.666666666666667e+00,0.000000000000000e+00,2.981500000000000e+02,3.014188811224499e+02,2.999999999976587e+02,7.819152546808701e+02,3.198204325840767e+02,1,0.000000000000000e+00,0.000000000000000e+00
4.910000000006642e-05,982,3.415687844806070e-02,1.452082762346778e+03,1.000000000000000e+00,8.000000000000000e-01,2.000000000000000e-01,7.987455598285799e-05,-7.512982179781362e-05,1.666666666666667e+00,0.000000000000000e+00,2.981500000000000e+02,3.014105751186870e+02,2.999999999976700e+02,7.821810537696233e+02,3.198526052352307e+02,1,0.000000000000000e+00,0.000000000000000e+00
4.915000000006653e-05,983,3.418607517003762e-02,2.455582334014741e+03,1.000000000000000e+00,8.000000000000000e-01,2.000000000000000e-01,7.995788931619083e-05,-7.512982179781362e-05,1.666666666666667e+00,0.000000000000000e+00,2.981500000000000e+02,3.013963286256262e+02,2.999999999976814e+02,7.824214195864931e+02,3.198837578316303e+02,1,0.000000000000000e+00,0.000000000000000e+00
4.920000000006664e-05,984,3.421653294642465e-02,2.439558517404249e+03,1.000000000000000e+00,8.000000000000000e-01,2.000000000000000e-01,8.004122264952367e-05,-7.512982179781362e-05,1.666666666666667e+00,0.000000000000000e+00,2.981500000000000e+02,3.013818440639182e+02,2.999999999976928e+02,7.826622738255026e+02,3.199155030123582e+02,1,0.000000000000000e+00,0.000000000000000e+00
4.925000000006675e-05,985,3.424504460040535e-02,2.264157261305035e+03,1.000000000000000e+00,8.000000000000000e-01,2.000000000000000e-01,8.012455598285651e-05,-7.512982179781362e-05,1.666666666666667e+00,0.000000000000000e+00,2.981500000000000e+02,3.013688826166979e+02,2.999999999977042e+02,7.829260448074074e+02,3.199468116348209e+02,1,0.000000000000000e+00,0.000000000000000e+00
4.930000000006686e-05,986,3.427605779135930e-02,2.151981180711884e+03,1.000000000000000e+00,8.000000000000000e-01,2.000000000000000e-01,8.020788931618935e-05,-7.512982179781362e-05,1.666666666666667e+00,0.000000000000000e+00,2.981500000000000e+02,3.013598369595612e+02,2.999999999977308e+02,7.832275405759864e+02,3.199777475222367e+02,1,0.000000000000000e+00,0.000000000000000e+00
4.935000000006697e-05,987,3.431100086713024e-02,1.961134360770979e+03,1.000000000000000e+00,8.000000000000000e-01,2.000000000000000e-01,8.029122264952219e-05,-7.512982179781362e-05,1.666666666666667e+00,0.000000000000000e+00,2.981500000000000e+02,3.013512643951466e+02,2.999999999977422e+02,7.835566205608134e+02,3.200100766578806e+02,1,0.000000000000000e+00,0.000000000000000e+00
4.940000000006708e-05,988,3.434007369608819e-02,2.254727528542835e+03,1.000000000000000e+00,8.000000000000000e-01,2.000000000000000e-01,8.037455598285502e-05,-7.512982179781362e-05,1.666666666666667e+00,0.000000000000000e+00,2.981500000000000e+02,3.013449946518430e+02,2.999999999977535e+02,7.838102520201057e+02,3.200408327528825e+02,1,0.000000000000000e+00,0.000000000000000e+00
4.945000000006719e-05,989,3.436912232013160e-02,2.184179558923566e+03,1.000000000000000e+00,8.000000000000000e-01,2.000000000000000e-01,8.045788931618786e-05,-7.512982179781362e-05,1.666666666666667e+00,0.000000000000000e+00,2.981500000000000e+02,3.013396170239658e+02,2.999999999977649e+02,7.840712835937669e+02,3.200703830732201e+02,1,0.000000000000000e+00,0.000000000000000e+00
4.950000000006730e-05,990,3.439720368013689e-02,1.534257159254569e+03,1.000000000000000e+00,8.000000000000000e-01,2.000000000000000e-01,8.054122264952070e-05,-7.512982179781362e-05,1.666666666666667e+00,0.000000000000000e+00,2.981500000000000e+02,3.013299474944179e+02,2.999999999977859e+02,7.843402239332170e+02,3.200886621594838e+02,1,0.000000000000000e+00,0.000000000000000e+00
4.955000000006741e-05,991,3.655658179930615e-02,1.836003816783132e+03,1.000000000000000e+00,8.000000000000000e-01,2.000000000000000e-01,8.062455598285354e-05,-7.512982179781362e-05,1.666666666666667e+00,0.000000000000000e+00,2.981500000000000e+02,3.013180234846058e+02,2.999999999977973e+02,7.845341337736370e+02,3.201187387463912e+02,1,0.000000000000000e+00,0.000000000000000e+00
4.960000000006752e-05,992,3.658174816210438e-02,2.155245215258495e+03,1.000000000000000e+00,8.000000000000000e-01,2.000000000000000e-01,8.070788931618638e-05,-7.512982179781362e-05,1.666666666666667e+00,0.000000000000000e+00,2.981500000000000e+02,3.013063013368520e+02,2.999999999978239e+02,7.847640883305060e+02,3.201481798233764e+02,1,0.000000000000000e+00,0.000000000000000e+00
4.965000000006763e-05,993,3.660751806914669e-02,2.469268227819859e+03,1.000000000000000e+00,8.000000000000000e-01,2.000000000000000e-01,8.079122264951922e-05,-7.512982179781362e-05,1.666666666666667e+00,0.000000000000000e+00,2.981500000000000e+02,3.012931119952572e+02,2.999999999978353e+02,7.849891265749764e+02,3.201776947204448e+02,1,0.000000000000000e+00,0.000000000000000e+00
4.970000000006774e-05,994,3.857568503075059e-02,2.331213613563926e+03,1.000000000000000e+00,8.000000000000000e-01,2.000000000000000e-01,8.087455598285205e-05,-7.512982179781362e-05,1.666666666666667e+00,0.000000000000000e+00,2.981500000000000e+02,3.012799766600593e+02,2.999999999978589e+02,7.851946583996482e+02,3.202065074913933e+02,1,0.000000000000000e+00,0.000000000000000e+00
4.975000000006785e-05,995,3.859908917579045e-02,2.170370933973942e+03,1.000000000000000e+00,8.000000000000000e-01,2.000000000000000e-01,8.095788931618489e-05,-7.512982179781362e-05,1.666666666666667e+00,0.000000000000000e+00,2.981500000000000e+02,3.012667601487935e+02,2.999999999978538e+02,7.854250655717885e+02,3.202360925325922e+02,1,0.000000000000000e+00,0.000000000000000e+00
4.980000000006796e-05,996,3.862425129861774e-02,2.339642747921918e+03,1.000000000000000e+00,8.000000000000000e-01,2.000000000000000e-01,8.104122264951773e-05,-7.512982179781362e-05,1.666666666666667e+00,0.000000000000000e+00,2.981500000000000e+02,3.012556922416177e+02,2.999999999978652e+02,7.856893041965129e+02,3.202668979119513e+02,1,0.000000000000000e+00,0.000000000000000e+00
4.985000000006807e-05,997,3.864910310727624e-02,2.687573563133536e+03,1.000000000000000e+00,8.000000000000000e-01,2.000000000000000e-01,8.112455598285057e-05,-7.512982179781362e-05,1.666666666666667e+00,0.000000000000000e+00,2.981500000000000e+02,3.012444188569829e+02,2.999999999978766e+02,7.859483587731734e+02,3.202982333103937e+02,1,0.000000000000000e+00,0.000000000000000e+00
4.990000000006818e-05,998,3.867702841852832e-02,2.088613937689950e+03,1.000000000000000e+00,8.000000000000000e-01,2.000000000000000e-01,8.120788931618341e-05,-7.512982179781362e-05,1.666666666666667e+00,0.000000000000000e+00,2.981500000000000e+02,3.012342814187733e+02,2.999999999978879e+02,7.862430219679778e+02,3.203295513874174e+02,1,0.000000000000000e+00,0.000000000000000e+00
4.995000000006829e-05,999,3.870051732418379e-02,1.929032616772397e+03,1.000000000000000e+00,8.000000000000000e-01,2.000000000000000e-01,8.129122264951625e-05,-7.512982179781362e-05,1.666666666666667e+00,0.000000000000000e+00,2.981500000000000e+02,3.012238445106398e+02,2.999999999978993e+02,7.864704815887154e+02,3.203590986038234e+02,1,0.000000000000000e+00,0.000000000000000e+00
5.000000000006840e-05,1000,3.872454971523817e-02,2.183759003796714e+03,1.000000000000000e+00,8.000000000000000e-01,2.000000000000000e-01,8.137455598284909e-05,-7.512982179781362e-05,1.666666666666667e+00,0.000000000000000e+00,2.981500000000000e+02,3.012155078328028e+02,2.999999999979107e+02,7.866859959258786e+02,3.203877869862326e+02,1,0.000000000000000e+00,0.000000000000000e+00
5.005000000006850e-05,1001,3.874894494724650e-02,2.136746033919940e+03,1.000000000000000e+00,8.000000000000000e-01,2.000000000000000e-01,8.145788931618192e-05,-7.512982179781362e-05,1.666666666666667e+00,0.000000000000000e+00,2.981500000000000e+02,3.012085294382915e+02,2.999999999979220e+02,7.869260022230916e+02,3.204203976688198e+02,1,0.000000000000000e+00,0.000000000000000e+00
5.010000000006861e-05,1002,3.877164456487882e-02,1.436485393437753e+03,1.000000000000000e+00,8.000000000000000e-01,2.000000000000000e-01,8.154122264951476e-05,-7.512982179781362e-05,1.666666666666667e+00,0.000000000000000e+00,2.981500000000000e+02,3.011981384615398e+02,2.999999999979461e+02,7.871292290307090e+02,3.204490835182492e+02,1,0.000000000000000e+00,0.000000000000000e+00
5.015000000006872e-05,1003,3.879443359289702e-02,7.575758389226082e+03,1.000000000000000e+00,8.000000000000000e-01,2.000000000000000e-01,8.162455598284760e-05,-7.512982179781362e-05,1.666666666666667e+00,0.000000000000000e+00,2.981500000000000e+02,3.011857651662784e+02,2.999999999979621e+02,7.873318041986363e+02,3.204777108417196e+02,1,0.000000000000000e+00,0.000000000000000e+00
5.020000000006883e-05,1004,3.881623424205176e-02,1.129165160142168e+03,1.000000000000000e+00,8.000000000000000e-01,2.000000000000000e-01,8.170788931618044e-05,-7.512982179781362e-05,1.666666666666667e+00,0.000000000000000e+00,2.981500000000000e+02,3.011752426601329e+02,2.999999999979735e+02,7.875258614799111e+02,3.205083922033102e+02,1,0.000000000000000e+00,0.000000000000000e+00
5.025000000006894e-05,1005,3.883708772509818e-02,1.480447430578609e+03,1.000000000000000e+00,8.000000000000000e-01,2.000000000000000e-01,8.179122264951328e-05,-7.512982179781362e-05,1.666666666666667e+00,0.000000000000000e+00,2.981500000000000e+02,3.011675565817280e+02,2.999999999979873e+02,7.877273334557692e+02,3.205409541484603e+02,1,0.000000000000000e+00,0.000000000000000e+00
5.030000000006905e-05,1006,3.885430595080838e-02,2.018788086432402e+03,1.000000000000000e+00,8.000000000000000e-01,2.000000000000000e-01,8.187455598284612e-05,-7.512982179781362e-05,1.666666666666667e+00,0.000000000000000e+00,2.981500000000000e+02,3.011581642515393e+02,2.999999999979987e+02,7.878859473756702e+02,3.205718511104654e+02,1,0.000000000000000e+00,0.000000000000000e+00
5.035000000006916e-05,1007,3.887727149198318e-02,3.228143333213685e+03,1.000000000000000e+00,8.000000000000000e-01,2.000000000000000e-01,8.195788931617895e-05,-7.512982179781362e-05,1.666666666666667e+00,0.000000000000000e+00,2.981500000000000e+02,3.011491469931269e+02,2.999999999980101e+02,7.881290747230080e+02,3.206040567500648e+02,1,0.000000000000000e+00,0.000000000000000e+00
5.040000000006927e-05,1008,3.890486230646350e-02,2.814001445337424e+03,1.000000000000000e+00,8.000000000000000e-01,2.000000000000000e-01,8.204122264951179e-05,-7.512982179781362e-05,1.666666666666667e+00,0.000000000000000e+00,2.981500000000000e+02,3.011414980065165e+02,2.999999999979840e+02,7.884430044851337e+02,3.206365840741893e+02,1,0.000000000000000e+00,0.000000000000000e+00
5.045000000006938e-05,1009,3.892964550208654e-02,2.429531418332994e+03,1.000000000000000e+00,8.000000000000000e-01,2.000000000000000e-01,8.212455598284463e-05,-7.512982179781362e-05,1.666666666666667e+00,0.000000000000000e+00,2.981500000000000e+02,3.011325509150784e+02,2.999999999980125e+02,7.886920272078841e+02,3.206720857711447e+02,1,0.000000000000000e+00,0.000000000000000e+00
5.050000000006949e-05,1010,3.800845524035369e-02,3.492880847228513e+03,1.000000000000000e+00,8.000000000000000e-01,2.000000000000000e-01,8.220788931617747e-05,-7.512982179781362e-05,1.666666666666667e+00,0.000000000000000e+00,2.981500000000000e+02,3.011244256935358e+02,2.999999999980253e+02,7.889671271820422e+02,3.207071170738956e+02,1,0.000000000000000e+00,0.000000000000000e+00
5.055000000006960e-05,1011,3.898201216987990e-02,2.224960465364915e+03,1.000000000000000e+00,8.000000000000000e-01,2.000000000000000e-01,8.229122264951031e-05,-7.512982179781362e-05,1.666666666666667e+00,0.000000000000000e+00,2.981500000000000e+02,3.011184042598239e+02,2.999999999980366e+02,7.892055629074388e+02,3.207400500040748e+02,1,0.000000000000000e+00,0.000000000000000e+00
5.060000000006971e-05,1012,3.806051067001952e-02,3.448941668962356e+03,1.000000000000000e+00,8.000000000000000e-01,2.000000000000000e-01,8.237455598284315e-05,-7.512982179781362e-05,1.666666666666667e+00,0.000000000000000e+00,2.981500000000000e+02,3.011165020793003e+02,2.999999999980480e+02,7.894820964521646e+02,3.207728936412489e+02,1,0.000000000000000e+00,0.000000000000000e+00
5.065000000006982e-05,1013,3.905032380059702e-02,2.351513589363386e+03,1.000000000000000e+00,8.000000000000000e-01,2.000000000000000e-01,8.245788931617598e-05,-7.512982179781362e-05,1.666666666666667e+00,0.000000000000000e+00,2.981500000000000e+02,3.011154115423266e+02,2.999999999980594e+02,7.898399502940958e+02,3.207960965686535e+02,1,0.000000000000000e+00,0.000000000000000e+00
5.070000000006993e-05,1014,3.908167635806720e-02,3.062300170700112e+03,1.000000000000000e+00,8.000000000000000e-01,2.000000000000000e-01,8.254122264950882e-05,-7.512982179781362e-05,1.666666666666667e+00,0.000000000000000e+00,2.981500000000000e+02,3.011136944124162e+02,2.999999999980707e+02,7.901509100186090e+02,3.208315092291709e+02,1,0.000000000000000e+00,0.000000000000000e+00
5.075000000007004e-05,1015,3.911667383763494e-02,3.131364876939419e+03,1.000000000000000e+00,8.000000000000000e-01,2.000000000000000e-01,8.262455598284166e-05,-7.512982179781362e-05,1.666666666666667e+00,0.000000000000000e+00,2.981500000000000e+02,3.011218527065415e+02,2.999999999980821e+02,7.905397416404661e+02,3.208679014844964e+02,1,0.000000000000000e+00,0.000000000000000e+00
5.080000000007015e-05,1016,3.915325763174780e-02,2.971586554219891e+03,1.000000000000000e+00,8.000000000000000e-01,2.000000000000000e-01,8.270788931617450e-05,-7.512982179781362e-05,1.666666666666667e+00,0.000000000000000e+00,2.981500000000000e+02,3.011327640798731e+02,2.999999999980935e+02,7.909328893781318e+02,3.209026834472252e+02,1,0.000000000000000e+00,0.000000000000000e+00
5.085000000007026e-05,1017,3.918283829259957e-02,2.473873682931955e+03,1.000000000000000e+00,8.000000000000000e-01,2.000000000000000e-01,8.279122264950734e-05,-7.512982179781362e-05,1.666666666666667e+00,0.000000000000000e+00,2.981500000000000e+02,3.011325644928367e+02,2.999999999981130e+02,7.912285529635426e+02,3.209348552586538e+02,1,0.000000000000000e+00,0.000000000000000e+00
5.090000000007037e-05,1018,3.921066094498872e-02,2.425296496339310e+03,1.000000000000000e+00,8.000000000000000e-01,2.000000000000000e-01,8.287455598284018e-05,-7.512982179781362e-05,1.666666666666667e+00,0.000000000000000e+00,2.981500000000000e+02,3.011307528578160e+02,2.999999999981243e+02,7.915377807392823e+02,3.209663254495558e+02,1,0.000000000000000e+00,0.000000000000000e+00
5.095000000007048e-05,1019,3.923742805712224e-02,2.873894315656376e+03,1.000000000000000e+00,8.000000000000000e-01,2.000000000000000e-01,8.295788931617302e-05,-7.512982179781362e-05,1.666666666666667e+00,0.000000000000000e+00,2.981500000000000e+02,3.011288846428378e+02,2.999999999981549e+02,7.918594192414605e+02,3.209980741716237e+02,1,0.000000000000000e+00,0.000000000000000e+00
5.100000000007059e-05,1020,3.926767240184210e-02,2.919427086955085e+03,1.000000000000000e+00,8.000000000000000e-01,2.000000000000000e-01,8.304122264950585e-05,-7.512982179781362e-05,1.666666666666667e+00,0.000000000000000e+00,2.981500000000000e+02,3.011247303315521e+02,2.999999999981752e+02,7.922073829399495e+02,3.210313181761531e+02,1,0.000000000000000e+00,0.000000000000000e+00
5.105000000007070e-05,1021,3.832871132495121e-02,3.169168241580508e+03,1.000000000000000e+00,8.000000000000000e-01,2.000000000000000e-01,8.312455598283869e-05,-7.512982179781362e-05,1.666666666666667e+00,0.000000000000000e+00,2.981500000000000e+02,3.011220888269793e+02,2.999999999981866e+02,7.925740401613062e+02,3.210657777205098e+02,1,0.000000000000000e+00,0.000000000000000e+00
5.110000000007081e-05,1022,3.626446693678523e-02,3.040930820105310e+03,1.000000000000000e+00,8.000000000000000e-01,2.000000000000000e-01,8.320788931617153e-05,-7.512982179781362e-05,1.666666666666667e+00,0.000000000000000e+00,2.981500000000000e+02,3.011187193668947e+02,2.999999999982139e+02,7.929447128361901e+02,3.211015682135522e+02,1,0.000000000000000e+00,0.000000000000000e+00
5.115000000007092e-05,1023,3.629730566802323e-02,3.140288240890734e+03,1.000000000000000e+00,8.000000000000000e-01,2.000000000000000e-01,8.329122264950437e-05,-7.512982179781362e-05,1.666666666666667e+00,0.000000000000000e+00,2.981500000000000e+02,3.011143051002707e+02,2.999999999982338e+02,7.933345801272429e+02,3.211362468291181e+02,1,0.000000000000000e+00,0.000000000000000e+00
5.120000000007103e-05,1024,3.842302202170066e-02,2.727392960105318e+03,1.000000000000000e+00,8.000000000000000e-01,2.000000000000000e-01,8.337455598283721e-05,-7.512982179781362e-05,1.666666666666667e+00,0.000000000000000e+00,2.981500000000000e+02,3.011087705339698e+02,2.999999999982560e+02,7.937615391500952e+02,3.211714517127222e+02,1,0.000000000000000e+00,0.000000000000000e+00
5.125000000007114e-05,1025,3.845418597244117e-02,2.574863188408090e+03,1.000000000000000e+00,8.000000000000000e-01,2.000000000000000e-01,8.345788931617005e-05,-7.512982179781362e-05,1.666666666666667e+00,0.000000000000000e+00,2.981500000000000e+02,3.011023418311239e+02,2.999999999982674e+02,7.941320351192884e+02,3.212065364280762e+02,1,0.000000000000000e+00,0.000000000000000e+00
5.130000000007125e-05,1026,3.946172684371279e-02,3.134665201265734e+03,1.000000000000000e+00,8.000000000000000e-01,2.000000000000000e-01,8.354122264950288e-05,-7.512982179781362e-05,1.666666666666667e+00,0.000000000000000e+00,2.981500000000000e+02,3.010985765078200e+02,2.999999999982732e+02,7.944537667092350e+02,3.212410221245942e+02,1,0.000000000000000e+00,0.000000000000000e+00
5.135000000007136e-05,1027,3.949380808570492e-02,3.211444456763866e+03,1.000000000000000e+00,8.000000000000000e-01,2.000000000000000e-01,8.362455598283572e-05,-7.512982179781362e-05,1.666666666666667e+00,0.000000000000000e+00,2.981500000000000e+02,3.011014651556965e+02,2.999999999982846e+02,7.947733594496850e+02,3.212660610127064e+02,1,0.000000000000000e+00,0.000000000000000e+00
5.140000000007147e-05,1028,3.952919778549762e-02,2.500055083329042e+03,1.000000000000000e+00,8.000000000000000e-01,2.000000000000000e-01,8.370788931616856e-05,-7.512982179781362e-05,1.666666666666667e+00,0.000000000000000e+00,2.981500000000000e+02,3.011095436749520e+02,2.999999999982959e+02,7.950725816923223e+02,3.212849880807410e+02,1,0.000000000000000e+00,0.000000000000000e+00
5.145000000007157e-05,1029,3.955688068869427e-02,1.994632471914236e+03,1.000000000000000e+00,8.000000000000000e-01,2.000000000000000e-01,8.379122264950140e-05,-7.512982179781362e-05,1.666666666666667e+00,0.000000000000000e+00,2.981500000000000e+02,3.011135096657896e+02,2.999999999983073e+02,7.953295908500693e+02,3.213189204500549e+02,1,0.000000000000000e+00,0.000000000000000e+00
5.150000000007168e-05,1030,3.958853121583147e-02,4.173526334713481e+03,1.000000000000000e+00,8.000000000000000e-01,2.000000000000000e-01,8.387455598283424e-05,-7.512982179781362e-05,1.666666666666667e+00,0.000000000000000e+00,2.981500000000000e+02,3.011212714429033e+02,2.999999999983187e+02,7.956644558621720e+02,3.213551580166372e+02,1,0.000000000000000e+00,0.000000000000000e+00
5.155000000007179e-05,1031,3.864928661001915e-02,2.999437200449746e+03,1.000000000000000e+00,8.000000000000000e-01,2.000000000000000e-01,8.395788931616708e-05,-7.512982179781362e-05,1.666666666666667e+00,0.000000000000000e+00,2.981500000000000e+02,3.011253387400217e+02,2.999999999983301e+02,7.960285824209271e+02,3.213910943362117e+02,1,0.000000000000000e+00,0.000000000000000e+00
5.160000000007190e-05,1032,3.867760809213463e-02,2.335915157532791e+03,1.000000000000000e+00,8.000000000000000e-01,2.000000000000000e-01,8.404122264949992e-05,-7.512982179781362e-05,1.666666666666667e+00,0.000000000000000e+00,2.981500000000000e+02,3.011306307344861e+02,2.999999999984288e+02,7.962344989296772e+02,3.214236144502996e+02,1,0.000000000000000e+00,0.000000000000000e+00
5.165000000007201e-05,1033,3.661976037289739e-02,2.058738155267121e+03,1.000000000000000e+00,8.000000000000000e-01,2.000000000000000e-01,8.412455598283275e-05,-7.512982179781362e-05,1.666666666666667e+00,0.000000000000000e+00,2.981500000000000e+02,3.011416632417593e+02,2.999999999984402e+02,7.965134386484696e+02,3.214548567436333e+02,1,0.000000000000000e+00,0.000000000000000e+00
5.170000000007212e-05,1034,3.664476244993937e-02,2.210343461210409e+03,1.000000000000000e+00,8.000000000000000e-01,2.000000000000000e-01,8.420788931616559e-05,-7.512982179781362e-05,1.666666666666667e+00,0.000000000000000e+00,2.981500000000000e+02,3.011366052983374e+02,2.999999999984515e+02,7.966913207208022e+02,3.214847023099991e+02,1,0.000000000000000e+00,0.000000000000000e+00
5.175000000007223e-05,1035,3.667300531148186e-02,2.706022384796504e+03,1.000000000000000e+00,8.000000000000000e-01,2.000000000000000e-01,8.429122264949843e-05,-7.512982179781362e-05,1.666666666666667e+00,0.000000000000000e+00,2.981500000000000e+02,3.011332758305218e+02,2.999999999985579e+02,7.968889485073280e+02,3.215144942380719e+02,1,0.000000000000000e+00,0.000000000000000e+00
5.180000000007234e-05,1036,3.881195832250699e-02,4.523062413531670e+03,1.000000000000000e+00,8.000000000000000e-01,2.000000000000000e-01,8.437455598283127e-05,-7.512982179781362e-05,1.666666666666667e+00,0.000000000000000e+00,2.981500000000000e+02,3.014892495203427e+02,2.999999999985658e+02,7.974436889420657e+02,3.215455598196021e+02,1,0.000000000000000e+00,0.000000000000000e+00
5.185000000007245e-05,1037,3.884914869357647e-02,3.322131189630474e+03,1.000000000000000e+00,8.000000000000000e-01,2.000000000000000e-01,8.445788931616411e-05,-7.512982179781362e-05,1.666666666666667e+00,0.000000000000000e+00,2.981500000000000e+02,3.014976675486351e+02,2.999999999985772e+02,7.978076521653759e+02,3.215760095156206e+02,1,0.000000000000000e+00,0.000000000000000e+00
5.190000000007256e-05,1038,3.887918243048311e-02,2.814614060943919e+03,1.000000000000000e+00,8.000000000000000e-01,2.000000000000000e-01,8.454122264949695e-05,-7.512982179781362e-05,1.666666666666667e+00,0.000000000000000e+00,2.981500000000000e+02,3.014892323132547e+02,2.999999999985822e+02,7.980984402972737e+02,3.216061623781396e+02,1,0.000000000000000e+00,0.000000000000000e+00
5.195000000007267e-05,1039,3.890635340680944e-02,2.527794368765370e+03,1.000000000000000e+00,8.000000000000000e-01,2.000000000000000e-01,8.462455598282978e-05,-7.512982179781362e-05,1.666666666666667e+00,0.000000000000000e+00,2.981500000000000e+02,3.014804901621794e+02,2.999999999986026e+02,7.983888778282412e+02,3.216355650703264e+02,1,0.000000000000000e+00,0.000000000000000e+00
5.200000000007278e-05,1040,3.893266353678931e-02,3.244299354804324e+03,1.000000000000000e+00,8.000000000000000e-01,2.000000000000000e-01,8.470788931616262e-05,-7.512982179781362e-05,1.666666666666667e+00,0.000000000000000e+00,2.981500000000000e+02,3.014794485491542e+02,2.999999999986139e+02,7.986970444952251e+02,3.216645880176365e+02,1,0.000000000000000e+00,0.000000000000000e+00
5.205000000007289e-05,1041,3.687184030237579e-02,2.912396636363327e+03,1.000000000000000e+00,8.000000000000000e-01,2.000000000000000e-01,8.479122264949546e-05,-7.512982179781362e-05,1.666666666666667e+00,0.000000000000000e+00,2.981500000000000e+02,3.014778710898041e+02,2.999999999986253e+02,7.989920498494117e+02,3.216944108317177e+02,1,0.000000000000000e+00,0.000000000000000e+00
5.210000000007300e-05,1042,3.690064258641611e-02,2.965752642432348e+03,1.000000000000000e+00,8.000000000000000e-01,2.000000000000000e-01,8.487455598282830e-05,-7.512982179781362e-05,1.666666666666667e+00,0.000000000000000e+00,2.981500000000000e+02,3.014771630269723e+02,2.999999999986367e+02,7.993038659875247e+02,3.217260406503509e+02,1,0.000000000000000e+00,0.000000000000000e+00
5.215000000007311e-05,1043,3.693232005220461e-02,2.737143894715158e+03,1.000000000000000e+00,8.000000000000000e-01,2.000000000000000e-01,8.495788931616114e-05,-7.512982179781362e-05,1.666666666666667e+00,0.000000000000000e+00,2.981500000000000e+02,3.014786813120190e+02,2.999999999986708e+02,7.996608776686228e+02,3.217579837459211e+02,1,0.000000000000000e+00,0.000000000000000e+00
5.220000000007322e-05,1044,3.696563990923094e-02,3.018902940232663e+03,1.000000000000000e+00,8.000000000000000e-01,2.000000000000000e-01,8.504122264949398e-05,-7.512982179781362e-05,1.666666666666667e+00,0.000000000000000e+00,2.981500000000000e+02,3.014769760982863e+02,2.999999999986821e+02,7.999825102668547e+02,3.217886151549017e+02,1,0.000000000000000e+00,0.000000000000000e+00
5.225000000007333e-05,1045,3.908685119528498e-02,2.893517661716151e+03,1.000000000000000e+00,8.000000000000000e-01,2.000000000000000e-01,8.512455598282681e-05,-7.512982179781362e-05,1.666666666666667e+00,0.000000000000000e+00,2.981500000000000e+02,3.014674389190395e+02,2.999999999987107e+02,8.002893303506033e+02,3.218182356061722e+02,1,0.000000000000000e+00,0.000000000000000e+00
5.230000000007344e-05,1046,3.911427220197176e-02,2.640380790851132e+03,1.000000000000000e+00,8.000000000000000e-01,2.000000000000000e-01,8.520788931615965e-05,-7.512982179781362e-05,1.666666666666667e+00,0.000000000000000e+00,2.981500000000000e+02,3.014545544978781e+02,2.999999999987411e+02,8.005172107168295e+02,3.218465552784336e+02,1,0.000000000000000e+00,0.000000000000000e+00
5.235000000007355e-05,1047,3.914275971807557e-02,2.826517227628863e+03,1.000000000000000e+00,8.000000000000000e-01,2.000000000000000e-01,8.529122264949249e-05,-7.512982179781362e-05,1.666666666666667e+00,0.000000000000000e+00,2.981500000000000e+02,3.014452394001857e+02,2.999999999987525e+02,8.007435777721107e+02,3.218753234796426e+02,1,0.000000000000000e+00,0.000000000000000e+00
5.240000000007366e-05,1048,4.142549891367283e-02,3.078022141154489e+03,1.000000000000000e+00,8.000000000000000e-01,2.000000000000000e-01,8.537455598282533e-05,-7.512982179781362e-05,1.666666666666667e+00,0.000000000000000e+00,2.981500000000000e+02,3.014364882384461e+02,2.999999999987892e+02,8.009986524458519e+02,3.219051498385410e+02,1,0.000000000000000e+00,0.000000000000000e+00
5.245000000007377e-05,1049,4.145623935679903e-02,3.275395953887837e+03,1.000000000000000e+00,8.000000000000000e-01,2.000000000000000e-01,8.545788931615817e-05,-7.512982179781362e-05,1.666666666666667e+00,0.000000000000000e+00,2.981500000000000e+02,3.014272384354554e+02,2.999999999988397e+02,8.011886248814180e+02,3.219338510919686e+02,1,0.000000000000000e+00,0.000000000000000e+00
5.250000000007388e-05,1050,3.939417730253790e-02,3.416023326693786e+03,1.000000000000000e+00,8.000000000000000e-01,2.000000000000000e-01,8.554122264949101e-05,-7.512982179781362e-05,1.666666666666667e+00,0.000000000000000e+00,2.981500000000000e+02,3.014182035450795e+02,2.999999999988510e+02,8.013794129185378e+02,3.219622135863714e+02,1,0.000000000000000e+00,0.000000000000000e+00
5.255000000007399e-05,1051,3.942272837069238e-02,2.773412748266607e+03,1.000000000000000e+00,8.000000000000000e-01,2.000000000000000e-01,8.562455598282385e-05,-7.512982179781362e-05,1.666666666666667e+00,0.000000000000000e+00,2.981500000000000e+02,3.014127337614598e+02,2.999999999988624e+02,8.015991963070297e+02,3.219914313046607e+02,1,0.000000000000000e+00,0.000000000000000e+00
5.260000000007410e-05,1052,3.945488210262471e-02,2.923340716532000e+03,1.000000000000000e+00,8.000000000000000e-01,2.000000000000000e-01,8.570788931615668e-05,-7.512982179781362e-05,1.666666666666667e+00,0.000000000000000e+00,2.981500000000000e+02,3.014119125650092e+02,2.999999999988704e+02,8.018476961945089e+02,3.220225146412726e+02,1,0.000000000000000e+00,0.000000000000000e+00
5.265000000007421e-05,1053,3.949104528687149e-02,3.847429640463190e+03,1.000000000000000e+00,8.000000000000000e-01,2.000000000000000e-01,8.579122264948952e-05,-7.512982179781362e-05,1.666666666666667e+00,0.000000000000000e+00,2.981500000000000e+02,3.014162039866135e+02,2.999999999988817e+02,8.021450328600229e+02,3.220538536203728e+02,1,0.000000000000000e+00,0.000000000000000e+00
5.270000000007432e-05,1054,4.162233279473190e-02,3.664187871620082e+03,1.000000000000000e+00,8.000000000000000e-01,2.000000000000000e-01,8.587455598282236e-05,-7.512982179781362e-05,1.666666666666667e+00,0.000000000000000e+00,2.981500000000000e+02,3.014227360611262e+02,2.999999999988931e+02,8.024128524849843e+02,3.220844908606218e+02,1,0.000000000000000e+00,0.000000000000000e+00
5.275000000007443e-05,1055,4.167443116494883e-02,4.443373006505753e+03,1.000000000000000e+00,8.000000000000000e-01,2.000000000000000e-01,8.595788931615520e-05,-7.512982179781362e-05,1.666666666666667e+00,0.000000000000000e+00,2.981500000000000e+02,3.015427920050694e+02,2.999999999989045e+02,8.027004936470230e+02,3.221149525118566e+02,1,0.000000000000000e+00,0.000000000000000e+00
5.280000000007453e-05,1056,4.171648988802730e-02,2.353279963996964e+03,1.000000000000000e+00,8.000000000000000e-01,2.000000000000000e-01,8.604122264948804e-05,-7.512982179781362e-05,1.666666666666667e+00,0.000000000000000e+00,2.981500000000000e+02,3.015482702919446e+02,2.999999999989158e+02,8.030188721266810e+02,3.221449784095286e+02,1,0.000000000000000e+00,0.000000000000000e+00
5.285000000007464e-05,1057,3.966263445909391e-02,2.905425011634289e+03,1.000000000000000e+00,8.000000000000000e-01,2.000000000000000e-01,8.612455598282088e-05,-7.512982179781362e-05,1.666666666666667e+00,0.000000000000000e+00,2.981500000000000e+02,3.015255564740029e+02,2.999999999989392e+02,8.032405878954578e+02,3.221745926416397e+02,1,0.000000000000000e+00,0.000000000000000e+00
5.290000000007475e-05,1058,3.969799772709805e-02,3.785813069225378e+03,1.000000000000000e+00,8.000000000000000e-01,2.000000000000000e-01,8.620788931615371e-05,-7.512982179781362e-05,1.666666666666667e+00,0.000000000000000e+00,2.981500000000000e+02,3.015009135402877e+02,2.999999999989506e+02,8.034265325606995e+02,3.221960455788661e+02,1,0.000000000000000e+00,0.000000000000000e+00
5.295000000007486e-05,1059,3.973461967179780e-02,3.362380071678389e+03,1.000000000000000e+00,8.000000000000000e-01,2.000000000000000e-01,8.629122264948655e-05,-7.512982179781362e-05,1.666666666666667e+00,0.000000000000000e+00,2.981500000000000e+02,3.014923634961512e+02,2.999999999989932e+02,8.036283351398511e+02,3.222234646171735e+02,1,0.000000000000000e+00,0.000000000000000e+00
5.300000000007497e-05,1060,3.977058512971814e-02,1.374605082885054e+03,1.000000000000000e+00,8.000000000000000e-01,2.000000000000000e-01,8.637455598281939e-05,-7.512982179781362e-05,1.666666666666667e+00,0.000000000000000e+00,2.981500000000000e+02,3.015008437370533e+02,2.999999999990164e+02,8.037878803414848e+02,3.222447618044397e+02,1,0.000000000000000e+00,0.000000000000000e+00
5.305000000007508e-05,1061,3.979646123507992e-02,3.231370164931663e+03,1.000000000000000e+00,8.000000000000000e-01,2.000000000000000e-01,8.645788931615223e-05,-7.512982179781362e-05,1.666666666666667e+00,0.000000000000000e+00,2.981500000000000e+02,3.015050667691500e+02,2.999999999990278e+02,8.038726590451332e+02,3.222736725025221e+02,1,0.000000000000000e+00,0.000000000000000e+00
5.310000000007519e-05,1062,4.191143395799182e-02,2.489695123118379e+03,1.000000000000000e+00,8.000000000000000e-01,2.000000000000000e-01,8.654122264948507e-05,-7.512982179781362e-05,1.666666666666667e+00,0.000000000000000e+00,2.981500000000000e+02,3.015125978505828e+02,2.999999999990392e+02,8.040764478727990e+02,3.223025431707672e+02,1,0.000000000000000e+00,0.000000000000000e+00
5.315000000007530e-05,1063,4.193972063334295e-02,4.028687829614342e+03,1.000000000000000e+00,8.000000000000000e-01,2.000000000000000e-01,8.662455598281791e-05,-7.512982179781362e-05,1.666666666666667e+00,0.000000000000000e+00,2.981500000000000e+02,3.015186259705504e+02,2.999999999990571e+02,8.042279109865443e+02,3.223323535997639e+02,1,0.000000000000000e+00,0.000000000000000e+00
5.320000000007541e-05,1064,4.197284779729366e-02,3.247338452683321e+03,1.000000000000000e+00,8.000000000000000e-01,2.000000000000000e-01,8.670788931615074e-05,-7.512982179781362e-05,1.666666666666667e+00,0.000000000000000e+00,2.981500000000000e+02,3.015275739454699e+02,2.999999999990685e+02,8.045022785415273e+02,3.223633512265367e+02,1,0.000000000000000e+00,0.000000000000000e+00
5.325000000007552e-05,1065,3.992525645624883e-02,3.439608908030433e+03,1.000000000000000e+00,8.000000000000000e-01,2.000000000000000e-01,8.679122264948358e-05,-7.512982179781362e-05,1.666666666666667e+00,0.000000000000000e+00,2.981500000000000e+02,3.015396740679431e+02,2.999999999990798e+02,8.047522339813243e+02,3.223936258588947e+02,1,0.000000000000000e+00,0.000000000000000e+00
5.330000000007563e-05,1066,3.996002706913432e-02,3.627039185267944e+03,1.000000000000000e+00,8.000000000000000e-01,2.000000000000000e-01,8.687455598281642e-05,-7.512982179781362e-05,1.666666666666667e+00,0.000000000000000e+00,2.981500000000000e+02,3.015525051333015e+02,2.999999999989336e+02,8.049833218388903e+02,3.224231299726526e+02,1,0.000000000000000e+00,0.000000000000000e+00
5.335000000007574e-05,1067,3.999488530688397e-02,2.753962626774550e+03,1.000000000000000e+00,8.000000000000000e-01,2.000000000000000e-01,8.695788931614926e-05,-7.512982179781362e-05,1.666666666666667e+00,0.000000000000000e+00,2.981500000000000e+02,3.015678545772260e+02,2.999999999989584e+02,8.052102579760475e+02,3.224521775390399e+02,1,0.000000000000000e+00,0.000000000000000e+00
5.340000000007585e-05,1068,4.003253256469710e-02,3.456718254386076e+03,1.000000000000000e+00,8.000000000000000e-01,2.000000000000000e-01,8.704122264948210e-05,-7.512982179781362e-05,1.666666666666667e+00,0.000000000000000e+00,2.981500000000000e+02,3.015868139209975e+02,2.999999999990075e+02,8.054354702226675e+02,3.224691255330508e+02,1,0.000000000000000e+00,0.000000000000000e+00
5.345000000007596e-05,1069,4.007310446980021e-02,3.937352388949016e+03,1.000000000000000e+00,8.000000000000000e-01,2.000000000000000e-01,8.712455598281494e-05,-7.512982179781362e-05,1.666666666666667e+00,0.000000000000000e+00,2.981500000000000e+02,3.016067494870943e+02,2.999999999990231e+02,8.056729984126689e+02,3.225001394823147e+02,1,0.000000000000000e+00,0.000000000000000e+00
5.350000000007607e-05,1070,4.218162118799993e-02,3.050799242902841e+03,1.000000000000000e+00,8.000000000000000e-01,2.000000000000000e-01,8.720788931614778e-05,-7.512982179781362e-05,1.666666666666667e+00,0.000000000000000e+00,2.981500000000000e+02,3.016257437381303e+02,2.999999999990520e+02,8.058629014027546e+02,3.225275996877180e+02,1,0.000000000000000e+00,0.000000000000000e+00
5.355000000007618e-05,1071,4.221283681347098e-02,1.864908501005002e+03,1.000000000000000e+00,8.000000000000000e-01,2.000000000000000e-01,8.729122264948061e-05,-7.512982179781362e-05,1.666666666666667e+00,0.000000000000000e+00,2.981500000000000e+02,3.016420910669447e+02,2.999999999990690e+02,8.060235240368835e+02,3.225550389651657e+02,1,0.000000000000000e+00,0.000000000000000e+00
5.360000000007629e-05,1072,4.224592174818851e-02,3.615712256572961e+03,1.000000000000000e+00,8.000000000000000e-01,2.000000000000000e-01,8.737455598281345e-05,-7.512982179781362e-05,1.666666666666667e+00,0.000000000000000e+00,2.981500000000000e+02,3.016568404143993e+02,2.999999999990861e+02,8.062606873626604e+02,3.225752772071801e+02,1,0.000000000000000e+00,0.000000000000000e+00
5.365000000007640e-05,1073,4.021067405015438e-02,4.599056080302802e+03,1.000000000000000e+00,8.000000000000000e-01,2.000000000000000e-01,8.745788931614629e-05,-7.512982179781362e-05,1.666666666666667e+00,0.000000000000000e+00,2.981500000000000e+02,3.016709466217966e+02,2.999999999991065e+02,8.065021040431631e+02,3.226050137429776e+02,1,0.000000000000000e+00,0.000000000000000e+00
5.370000000007651e-05,1074,4.024645104293137e-02,3.836571876760642e+03,1.000000000000000e+00,8.000000000000000e-01,2.000000000000000e-01,8.754122264947913e-05,-7.512982179781362e-05,1.666666666666667e+00,0.000000000000000e+00,2.981500000000000e+02,3.016826493301218e+02,2.999999999991065e+02,8.067210458179643e+02,3.226326668129649e+02,1,0.000000000000000e+00,0.000000000000000e+00
5.375000000007662e-05,1075,4.028127628428250e-02,4.372948713842005e+03,1.000000000000000e+00,8.000000000000000e-01,2.000000000000000e-01,8.762455598281197e-05,-7.512982179781362e-05,1.666666666666667e+00,0.000000000000000e+00,2.981500000000000e+02,3.016947825008961e+02,2.999999999991065e+02,8.069333032966673e+02,3.226615013106552e+02,1,0.000000000000000e+00,0.000000000000000e+00
5.380000000007673e-05,1076,4.031675898588484e-02,4.246692144554961e+03,1.000000000000000e+00,8.000000000000000e-01,2.000000000000000e-01,8.770788931614481e-05,-7.512982179781362e-05,1.666666666666667e+00,0.000000000000000e+00,2.981500000000000e+02,3.017046019370441e+02,2.999999999991065e+02,8.072228018327201e+02,3.226796634695036e+02,1,0.000000000000000e+00,0.000000000000000e+00
5.385000000007684e-05,1077,4.241712730832343e-02,3.281845638960449e+03,1.000000000000000e+00,8.000000000000000e-01,2.000000000000000e-01,8.779122264947764e-05,-7.512982179781362e-05,1.666666666666667e+00,0.000000000000000e+00,2.981500000000000e+02,3.017145141384447e+02,2.999999999991065e+02,8.075516652622852e+02,3.226978060763361e+02,1,0.000000000000000e+00,0.000000000000000e+00
5.390000000007695e-05,1078,4.245116596472998e-02,2.739524279167211e+03,1.000000000000000e+00,8.000000000000000e-01,2.000000000000000e-01,8.787455598281048e-05,-7.512982179781362e-05,1.666666666666667e+00,0.000000000000000e+00,2.981500000000000e+02,3.017274968894929e+02,2.999999999991065e+02,8.078531939106641e+02,3.227281919025767e+02,1,0.000000000000000e+00,0.000000000000000e+00
5.395000000007706e-05,1079,4.248425179943358e-02,3.673474736224158e+03,1.000000000000000e+00,8.000000000000000e-01,2.000000000000000e-01,8.795788931614332e-05,-7.512982179781362e-05,1.666666666666667e+00,0.000000000000000e+00,2.981500000000000e+02,3.017396162602985e+02,2.999999999991065e+02,8.081423534366061e+02,3.227578306550930e+02,1,0.000000000000000e+00,0.000000000000000e+00
5.400000000007717e-05,1080,4.046118714018504e-02,4.750887895755629e+03,1.000000000000000e+00,8.000000000000000e-01,2.000000000000000e-01,8.804122264947616e-05,-7.512982179781362e-05,1.666666666666667e+00,0.000000000000000e+00,2.981500000000000e+02,3.017504467889433e+02,2.999999999991065e+02,8.084567980285095e+02,3.227758176691244e+02,1,0.000000000000000e+00,0.000000000000000e+00
5.405000000007728e-05,1081,4.049684050365283e-02,3.465862902351557e+03,1.000000000000000e+00,8.000000000000000e-01,2.000000000000000e-01,8.812455598280900e-05,-7.512982179781362e-05,1.666666666666667e+00,0.000000000000000e+00,2.981500000000000e+02,3.017602117825037e+02,2.999999999991065e+02,8.087040420314356e+02,3.228042223227623e+02,1,0.000000000000000e+00,0.000000000000000e+00
5.410000000007739e-05,1082,4.053689923387944e-02,3.550933779962966e+03,1.000000000000000e+00,8.000000000000000e-01,2.000000000000000e-01,8.820788931614184e-05,-7.512982179781362e-05,1.666666666666667e+00,0.000000000000000e+00,2.981500000000000e+02,3.017738522204809e+02,2.999999999991065e+02,8.089872549134876e+02,3.228317045898187e+02,1,0.000000000000000e+00,0.000000000000000e+00
5.415000000007749e-05,1083,4.057516659651908e-02,4.370061758861621e+03,1.000000000000000e+00,8.000000000000000e-01,2.000000000000000e-01,8.829122264947468e-05,-7.512982179781362e-05,1.666666666666667e+00,0.000000000000000e+00,2.981500000000000e+02,3.017861242824682e+02,2.999999999991065e+02,8.092490319768968e+02,3.228587900573212e+02,1,0.000000000000000e+00,0.000000000000000e+00
5.420000000007760e-05,1084,4.266421799060118e-02,2.762302502638159e+03,1.000000000000000e+00,8.000000000000000e-01,2.000000000000000e-01,8.837455598280751e-05,-7.512982179781362e-05,1.666666666666667e+00,0.000000000000000e+00,2.981500000000000e+02,3.017946445039987e+02,2.999999999991065e+02,8.095127778445375e+02,3.228861689129465e+02,1,0.000000000000000e+00,0.000000000000000e+00
5.425000000007771e-05,1085,4.269548821974363e-02,2.246711009554250e+03,1.000000000000000e+00,8.000000000000000e-01,2.000000000000000e-01,8.845788931614035e-05,-7.512982179781362e-05,1.666666666666667e+00,0.000000000000000e+00,2.981500000000000e+02,3.018000402429628e+02,2.999999999991065e+02,8.097672843938179e+02,3.229139101488421e+02,1,0.000000000000000e+00,0.000000000000000e+00
5.430000000007782e-05,1086,4.272592516513074e-02,4.246325368766481e+03,1.000000000000000e+00,8.000000000000000e-01,2.000000000000000e-01,8.854122264947319e-05,-7.512982179781362e-05,1.666666666666667e+00,0.000000000000000e+00,2.981500000000000e+02,3.018041654138086e+02,2.999999999991065e+02,8.100740935079907e+02,3.229429643068406e+02,1,0.000000000000000e+00,0.000000000000000e+00
5.435000000007793e-05,1087,4.071182097678734e-02,5.473645103506206e+03,1.000000000000000e+00,8.000000000000000e-01,2.000000000000000e-01,8.862455598280603e-05,-7.512982179781362e-05,1.666666666666667e+00,0.000000000000000e+00,2.981500000000000e+02,3.018080020814604e+02,2.999999999991065e+02,8.104224486514419e+02,3.229724262378201e+02,1,0.000000000000000e+00,0.000000000000000e+00
5.440000000007804e-05,1088,4.074701096860801e-02,3.528967890409940e+03,1.000000000000000e+00,8.000000000000000e-01,2.000000000000000e-01,8.870788931613887e-05,-7.512982179781362e-05,1.666666666666667e+00,0.000000000000000e+00,2.981500000000000e+02,3.018100787369149e+02,2.999999999991078e+02,8.107532857741181e+02,3.230016070131230e+02,1,0.000000000000000e+00,0.000000000000000e+00
5.445000000007815e-05,1089,4.079712731725702e-02,5.313436501829634e+03,1.000000000000000e+00,8.000000000000000e-01,2.000000000000000e-01,8.879122264947171e-05,-7.512982179781362e-05,1.666666666666667e+00,0.000000000000000e+00,2.981500000000000e+02,3.018721707870736e+02,2.999999999991078e+02,8.111741715915135e+02,3.230311182892033e+02,1,0.000000000000000e+00,0.000000000000000e+00
5.450000000007826e-05,1090,4.288607341941320e-02,4.505733214306630e+03,1.000000000000000e+00,8.000000000000000e-01,2.000000000000000e-01,8.887455598280454e-05,-7.512982179781362e-05,1.666666666666667e+00,0.000000000000000e+00,2.981500000000000e+02,3.018861374709329e+02,2.999999999991035e+02,8.115671199921317e+02,3.230589013487869e+02,1,0.000000000000000e+00,0.000000000000000e+00
5.455000000007837e-05,1091,4.292591376947897e-02,3.631884864687331e+03,1.000000000000000e+00,8.000000000000000e-01,2.000000000000000e-01,8.895788931613738e-05,-7.512982179781362e-05,1.666666666666667e+00,0.000000000000000e+00,2.981500000000000e+02,3.018845241753436e+02,2.999999999991035e+02,8.119242567089731e+02,3.230920846902343e+02,1,0.000000000000000e+00,0.000000000000000e+00
5.460000000007848e-05,1092,4.295447900005573e-02,3.853271955682699e+03,1.000000000000000e+00,8.000000000000000e-01,2.000000000000000e-01,8.904122264947022e-05,-7.512982179781362e-05,1.666666666666667e+00,0.000000000000000e+00,2.981500000000000e+02,3.018758502501307e+02,2.999999999991035e+02,8.122792038214635e+02,3.231242242438898e+02,1,0.000000000000000e+00,0.000000000000000e+00
5.465000000007859e-05,1093,4.094374583949924e-02,4.289506313846086e+03,1.000000000000000e+00,8.000000000000000e-01,2.000000000000000e-01,8.912455598280306e-05,-7.512982179781362e-05,1.666666666666667e+00,0.000000000000000e+00,2.981500000000000e+02,3.018723863209516e+02,2.999999999991035e+02,8.125941585219647e+02,3.231424036149610e+02,1,0.000000000000000e+00,0.000000000000000e+00
5.470000000007870e-05,1094,4.097224481254062e-02,3.563491346917784e+03,1.000000000000000e+00,8.000000000000000e-01,2.000000000000000e-01,8.920788931613590e-05,-7.512982179781362e-05,1.666666666666667e+00,0.000000000000000e+00,2.981500000000000e+02,3.018749404507096e+02,2.999999999991035e+02,8.129359495511023e+02,3.231740319658869e+02,1,0.000000000000000e+00,0.000000000000000e+00
5.475000000007881e-05,1095,4.100655205356592e-02,3.271314566080541e+03,1.000000000000000e+00,8.000000000000000e-01,2.000000000000000e-01,8.929122264946874e-05,-7.512982179781362e-05,1.666666666666667e+00,0.000000000000000e+00,2.981500000000000e+02,3.018834287932275e+02,2.999999999991035e+02,8.133140935480023e+02,3.232053886846417e+02,1,0.000000000000000e+00,0.000000000000000e+00
5.480000000007892e-05,1096,4.104396489546718e-02,4.032672858005371e+03,1.000000000000000e+00,8.000000000000000e-01,2.000000000000000e-01,8.937455598280157e-05,-7.512982179781362e-05,1.666666666666667e+00,0.000000000000000e+00,2.981500000000000e+02,3.018844487077806e+02,2.999999999991035e+02,8.136261179992071e+02,3.232367622907984e+02,1,0.000000000000000e+00,0.000000000000000e+00
5.485000000007903e-05,1097,4.311724023976658e-02,3.177903362908937e+03,1.000000000000000e+00,8.000000000000000e-01,2.000000000000000e-01,8.945788931613441e-05,-7.512982179781362e-05,1.666666666666667e+00,0.000000000000000e+00,2.981500000000000e+02,3.018846670297008e+02,2.999999999991036e+02,8.139690977989013e+02,3.232671687690871e+02,1,0.000000000000000e+00,0.000000000000000e+00
5.490000000007914e-05,1098,4.314872406768950e-02,3.034435766830558e+03,1.000000000000000e+00,8.000000000000000e-01,2.000000000000000e-01,8.954122264946725e-05,-7.512982179781362e-05,1.666666666666667e+00,0.000000000000000e+00,2.981500000000000e+02,3.018834908086264e+02,2.999999999991036e+02,8.143252996715039e+02,3.232973192003161e+02,1,0.000000000000000e+00,0.000000000000000e+00
5.495000000007925e-05,1099,4.318031822054782e-02,3.909479825250134e+03,1.000000000000000e+00,8.000000000000000e-01,2.000000000000000e-01,8.962455598280009e-05,-7.512982179781362e-05,1.666666666666667e+00,0.000000000000000e+00,2.981500000000000e+02,3.018814452904198e+02,2.999999999991036e+02,8.147466558865690e+02,3.233276815523304e+02,1,0.000000000000000e+00,0.000000000000000e+00
5.500000000007936e-05,1100,4.117702694174720e-02,5.073171950043759e+03,1.000000000000000e+00,8.000000000000000e-01,2.000000000000000e-01,8.970788931613293e-05,-7.512982179781362e-05,1.666666666666667e+00,0.000000000000000e+00,2.981500000000000e+02,3.018785533105275e+02,2.999999999991036e+02,8.151476780966052e+02,3.233576390307229e+02,1,0.000000000000000e+00,0.000000000000000e+00
5.505000000007947e-05,1101,4.362720797542124e-02,1.532348265628503e+04,1.000000000000000e+00,8.000000000000000e-01,2.000000000000000e-01,8.979122264946577e-05,-7.512982179781362e-05,1.666666666666667e+00,0.000000000000000e+00,2.981500000000000e+02,3.028621230699008e+02,2.999999999991015e+02,8.156349254644250e+02,3.233890647694555e+02,1,0.000000000000000e+00,0.000000000000000e+00
5.510000000007958e-05,1102,4.369244064363274e-02,6.221221966425962e+03,1.000000000000000e+00,8.000000000000000e-01,2.000000000000000e-01,8.987455598279861e-05,-7.512982179781362e-05,1.666666666666667e+00,0.000000000000000e+00,2.981500000000000e+02,3.031293948194892e+02,2.999999999991015e+02,8.163007318081236e+02,3.234225988020287e+02,1,0.000000000000000e+00,0.000000000000000e+00
5.515000000007969e-05,1103,4.576746569016352e-02,5.200246941807217e+03,1.000000000000000e+00,8.000000000000000e-01,2.000000000000000e-01,8.995788931613144e-05,-7.512982179781362e-05,1.666666666666667e+00,0.000000000000000e+00,2.981500000000000e+02,3.030852224505188e+02,2.999999999991015e+02,8.168528479336476e+02,3.234558488432882e+02,1,0.000000000000000e+00,0.000000000000000e+00
5.520000000007980e-05,1104,4.342551183756841e-02,3.664448082495938e+03,1.000000000000000e+00,8.000000000000000e-01,2.000000000000000e-01,9.004122264946428e-05,-7.512982179781362e-05,1.666666666666667e+00,0.000000000000000e+00,2.981500000000000e+02,3.030213715905218e+02,2.999999999991015e+02,8.173827346069555e+02,3.234890474998008e+02,1,0.000000000000000e+00,0.000000000000000e+00
5.525000000007991e-05,1105,4.583285363557831e-02,4.368699806542544e+03,1.000000000000000e+00,8.000000000000000e-01,2.000000000000000e-01,9.012455598279712e-05,-7.512982179781362e-05,1.666666666666667e+00,0.000000000000000e+00,2.981500000000000e+02,3.029523593031813e+02,2.999999999991015e+02,8.178625203615850e+02,3.235218373557720e+02,1,0.000000000000000e+00,0.000000000000000e+00
5.530000000008002e-05,1106,4.383224086544817e-02,4.364651805309143e+03,1.000000000000000e+00,8.000000000000000e-01,2.000000000000000e-01,9.020788931612996e-05,-7.512982179781362e-05,1.666666666666667e+00,0.000000000000000e+00,2.981500000000000e+02,3.028848059063898e+02,2.999999999991015e+02,8.182805763931367e+02,3.235529153130825e+02,1,0.000000000000000e+00,0.000000000000000e+00
5.535000000008013e-05,1107,4.385995949362272e-02,2.969561955266001e+03,1.000000000000000e+00,8.000000000000000e-01,2.000000000000000e-01,9.029122264946280e-05,-7.512982179781362e-05,1.666666666666667e+00,0.000000000000000e+00,2.981500000000000e+02,3.028192249336957e+02,2.999999999991015e+02,8.186789058858230e+02,3.235842687015914e+02,1,0.000000000000000e+00,0.000000000000000e+00
5.540000000008024e-05,1108,4.388986049301570e-02,3.906937968343737e+03,1.000000000000000e+00,8.000000000000000e-01,2.000000000000000e-01,9.037455598279564e-05,-7.512982179781362e-05,1.666666666666667e+00,0.000000000000000e+00,2.981500000000000e+02,3.027665808375376e+02,2.999999999991015e+02,8.190809192998909e+02,3.236104944053492e+02,1,0.000000000000000e+00,0.000000000000000e+00
5.545000000008035e-05,1109,4.594292776075874e-02,4.488688944460750e+03,1.000000000000000e+00,8.000000000000000e-01,2.000000000000000e-01,9.045788931612847e-05,-7.512982179781362e-05,1.666666666666667e+00,0.000000000000000e+00,2.981500000000000e+02,3.027183261802332e+02,2.999999999990978e+02,8.194676789349035e+02,3.236416450351010e+02,1,0.000000000000000e+00,0.000000000000000e+00
5.550000000008046e-05,1110,4.597054680074066e-02,2.412417017545530e+03,1.000000000000000e+00,8.000000000000000e-01,2.000000000000000e-01,9.054122264946131e-05,-7.512982179781362e-05,1.666666666666667e+00,0.000000000000000e+00,2.981500000000000e+02,3.026715178301098e+02,2.999999999990978e+02,8.198330538679633e+02,3.236727635118622e+02,1,0.000000000000000e+00,0.000000000000000e+00
5.555000000008056e-05,1111,4.599034957639284e-02,3.547899957918174e+03,1.000000000000000e+00,8.000000000000000e-01,2.000000000000000e-01,9.062455598279415e-05,-7.512982179781362e-05,1.666666666666667e+00,0.000000000000000e+00,2.981500000000000e+02,3.026206364496823e+02,2.999999999990978e+02,8.201212406371706e+02,3.236997487460484e+02,1,0.000000000000000e+00,0.000000000000000e+00
5.560000000008067e-05,1112,4.398968736369350e-02,3.969984242545262e+03,1.000000000000000e+00,8.000000000000000e-01,2.000000000000000e-01,9.070788931612699e-05,-7.512982179781362e-05,1.666666666666667e+00,0.000000000000000e+00,2.981500000000000e+02,3.025720875383192e+02,2.999999999990978e+02,8.203344272770651e+02,3.237262603563574e+02,1,0.000000000000000e+00,0.000000000000000e+00
5.565000000008078e-05,1113,4.401146575569190e-02,2.287683604194625e+03,1.000000000000000e+00,8.000000000000000e-01,2.000000000000000e-01,9.079122264945983e-05,-7.512982179781362e-05,1.666666666666667e+00,0.000000000000000e+00,2.981500000000000e+02,3.025265485822066e+02,2.999999999990978e+02,8.206380631132004e+02,3.237415764832647e+02,1,0.000000000000000e+00,0.000000000000000e+00
5.570000000008089e-05,1114,4.403371566620285e-02,2.615270199922704e+03,1.000000000000000e+00,8.000000000000000e-01,2.000000000000000e-01,9.087455598279267e-05,-7.512982179781362e-05,1.666666666666667e+00,0.000000000000000e+00,2.981500000000000e+02,3.024844538875956e+02,2.999999999990978e+02,8.209546392759696e+02,3.237719647587110e+02,1,0.000000000000000e+00,0.000000000000000e+00
5.575000000008100e-05,1115,4.857555999848643e-02,5.256188441471920e+03,1.000000000000000e+00,8.000000000000000e-01,2.000000000000000e-01,9.095788931612550e-05,-7.512982179781362e-05,1.666666666666667e+00,0.000000000000000e+00,2.981500000000000e+02,3.024480649931951e+02,2.999999999990978e+02,8.212745340025962e+02,3.238041053836227e+02,1,0.000000000000000e+00,0.000000000000000e+00
5.580000000008111e-05,1116,4.860150913785918e-02,4.537598770497383e+03,1.000000000000000e+00,8.000000000000000e-01,2.000000000000000e-01,9.104122264945834e-05,-7.512982179781362e-05,1.666666666666667e+00,0.000000000000000e+00,2.981500000000000e+02,3.024150744518278e+02,2.999999999990978e+02,8.216371866695486e+02,3.238373163370660e+02,1,0.000000000000000e+00,0.000000000000000e+00
5.585000000008122e-05,1117,4.862287817734090e-02,4.243050735812008e+03,1.000000000000000e+00,8.000000000000000e-01,2.000000000000000e-01,9.112455598279118e-05,-7.512982179781362e-05,1.666666666666667e+00,0.000000000000000e+00,2.981500000000000e+02,3.023787598897023e+02,2.999999999990978e+02,8.219585586123717e+02,3.238702344265017e+02,1,0.000000000000000e+00,0.000000000000000e+00
5.590000000008133e-05,1118,4.662774873506761e-02,3.821995763951852e+03,1.000000000000000e+00,8.000000000000000e-01,2.000000000000000e-01,9.120788931612402e-05,-7.512982179781362e-05,1.666666666666667e+00,0.000000000000000e+00,2.981500000000000e+02,3.023450532016852e+02,2.999999999990978e+02,8.222020960407251e+02,3.239014611631392e+02,1,0.000000000000000e+00,0.000000000000000e+00
5.595000000008144e-05,1119,4.664625729858551e-02,2.954768602259005e+03,1.000000000000000e+00,8.000000000000000e-01,2.000000000000000e-01,9.129122264945686e-05,-7.512982179781362e-05,1.666666666666667e+00,0.000000000000000e+00,2.981500000000000e+02,3.023142858222006e+02,2.999999999990978e+02,8.224727810439507e+02,3.239312751900070e+02,1,0.000000000000000e+00,0.000000000000000e+00
5.600000000008155e-05,1120,4.666987177145675e-02,3.481862325446764e+03,1.000000000000000e+00,8.000000000000000e-01,2.000000000000000e-01,9.137455598278970e-05,-7.512982179781362e-05,1.666666666666667e+00,0.000000000000000e+00,2.981500000000000e+02,3.022872118246917e+02,2.999999999974750e+02,8.227622560404260e+02,3.239500649414019e+02,1,0.000000000000000e+00,0.000000000000000e+00
5.605000000008166e-05,1121,4.870061359427444e-02,4.430402123826977e+03,1.000000000000000e+00,8.000000000000000e-01,2.000000000000000e-01,9.145788931612254e-05,-7.512982179781362e-05,1.666666666666667e+00,0.000000000000000e+00,2.981500000000000e+02,3.022651758060674e+02,2.999999999974750e+02,8.230425400588803e+02,3.239693970315084e+02,1,0.000000000000000e+00,0.000000000000000e+00
5.610000000008177e-05,1122,4.871803634372537e-02,3.314777931854661e+03,1.000000000000000e+00,8.000000000000000e-01,2.000000000000000e-01,9.154122264945537e-05,-7.512982179781362e-05,1.666666666666667e+00,0.000000000000000e+00,2.981500000000000e+02,3.022486059560887e+02,2.999999999974750e+02,8.233124040183828e+02,3.240001538257771e+02,1,0.000000000000000e+00,0.000000000000000e+00
5.615000000008188e-05,1123,4.873661366094040e-02,4.628748985392799e+03,1.000000000000000e+00,8.000000000000000e-01,2.000000000000000e-01,9.162455598278821e-05,-7.512982179781362e-05,1.666666666666667e+00,0.000000000000000e+00,2.981500000000000e+02,3.022343588811210e+02,2.999999999974750e+02,8.235565802666918e+02,3.240305458198857e+02,1,0.000000000000000e+00,0.000000000000000e+00
5.620000000008199e-05,1124,4.675113276367441e-02,4.555425756817169e+03,1.000000000000000e+00,8.000000000000000e-01,2.000000000000000e-01,9.170788931612105e-05,-7.512982179781362e-05,1.666666666666667e+00,0.000000000000000e+00,2.981500000000000e+02,3.022210468287259e+02,2.999999999974750e+02,8.238526930490443e+02,3.240503079659075e+02,1,0.000000000000000e+00,0.000000000000000e+00
5.625000000008210e-05,1125,4.677223699052065e-02,2.170323379257125e+03,1.000000000000000e+00,8.000000000000000e-01,2.000000000000000e-01,9.179122264945389e-05,-7.512982179781362e-05,1.666666666666667e+00,0.000000000000000e+00,2.981500000000000e+02,3.022076967821982e+02,2.999999999974750e+02,8.241470430920984e+02,3.240781042637170e+02,1,0.000000000000000e+00,0.000000000000000e+00
5.630000000008221e-05,1126,4.679100537459389e-02,2.579155962434395e+03,1.000000000000000e+00,8.000000000000000e-01,2.000000000000000e-01,9.187455598278673e-05,-7.512982179781362e-05,1.666666666666667e+00,0.000000000000000e+00,2.981500000000000e+02,3.021888579073077e+02,2.999999999974750e+02,8.243259744840948e+02,3.241053257864253e+02,1,0.000000000000000e+00,0.000000000000000e+00
5.635000000008232e-05,1127,4.880971381398142e-02,4.098799381437159e+03,1.000000000000000e+00,8.000000000000000e-01,2.000000000000000e-01,9.195788931611957e-05,-7.512982179781362e-05,1.666666666666667e+00,0.000000000000000e+00,2.981500000000000e+02,3.021735442369180e+02,2.999999999974750e+02,8.244793960794955e+02,3.241316385005259e+02,1,0.000000000000000e+00,0.000000000000000e+00
5.640000000008243e-05,1128,4.882598869249766e-02,3.352595542927359e+03,1.000000000000000e+00,8.000000000000000e-01,2.000000000000000e-01,9.204122264945240e-05,-7.512982179781362e-05,1.666666666666667e+00,0.000000000000000e+00,2.981500000000000e+02,3.021574080704144e+02,2.999999999974750e+02,8.246950306606011e+02,3.241590445736634e+02,1,0.000000000000000e+00,0.000000000000000e+00
5.645000000008254e-05,1129,4.884059589353042e-02,4.197692693224681e+03,1.000000000000000e+00,8.000000000000000e-01,2.000000000000000e-01,9.212455598278524e-05,-7.512982179781362e-05,1.666666666666667e+00,0.000000000000000e+00,2.981500000000000e+02,3.021427638135576e+02,2.999999999974752e+02,8.249285016889589e+02,3.241864493906667e+02,1,0.000000000000000e+00,0.000000000000000e+00
5.650000000008265e-05,1130,4.685661850709827e-02,4.041086311017260e+03,1.000000000000000e+00,8.000000000000000e-01,2.000000000000000e-01,9.220788931611808e-05,-7.512982179781362e-05,1.666666666666667e+00,0.000000000000000e+00,2.981500000000000e+02,3.021269099908454e+02,2.999999999974752e+02,8.251795977639259e+02,3.242135397315208e+02,1,0.000000000000000e+00,0.000000000000000e+00
5.655000000008276e-05,1131,4.687537432932517e-02,2.489264484776905e+03,1.000000000000000e+00,8.000000000000000e-01,2.000000000000000e-01,9.229122264945092e-05,-7.512982179781362e-05,1.666666666666667e+00,0.000000000000000e+00,2.981500000000000e+02,3.021102716323296e+02,2.999999999974752e+02,8.254324835612862e+02,3.242409545765700e+02,1,0.000000000000000e+00,0.000000000000000e+00
5.660000000008287e-05,1132,4.689481336576677e-02,2.867231228710729e+03,1.000000000000000e+00,8.000000000000000e-01,2.000000000000000e-01,9.237455598278376e-05,-7.512982179781362e-05,1.666666666666667e+00,0.000000000000000e+00,2.981500000000000e+02,3.020941089739140e+02,2.999999999974752e+02,8.256395522908143e+02,3.242678536584457e+02,1,0.000000000000000e+00,0.000000000000000e+00
5.665000000008298e-05,1133,4.891074265718830e-02,4.467147962937772e+03,1.000000000000000e+00,8.000000000000000e-01,2.000000000000000e-01,9.245788931611660e-05,-7.512982179781362e-05,1.666666666666667e+00,0.000000000000000e+00,2.981500000000000e+02,3.020863514597612e+02,2.999999999974752e+02,8.258358699990861e+02,3.242936471527503e+02,1,0.000000000000000e+00,0.000000000000000e+00
5.670000000008309e-05,1134,4.892805407113478e-02,3.320345084833611e+03,1.000000000000000e+00,8.000000000000000e-01,2.000000000000000e-01,9.254122264944944e-05,-7.512982179781362e-05,1.666666666666667e+00,0.000000000000000e+00,2.981500000000000e+02,3.020845989938414e+02,2.999999999974752e+02,8.260752141071637e+02,3.243204356649803e+02,1,0.000000000000000e+00,0.000000000000000e+00
5.675000000008320e-05,1135,4.694939164842597e-02,5.327026642939661e+03,1.000000000000000e+00,8.000000000000000e-01,2.000000000000000e-01,9.262455598278227e-05,-7.512982179781362e-05,1.666666666666667e+00,0.000000000000000e+00,2.981500000000000e+02,3.020866894297155e+02,2.999999999974752e+02,8.263196627171437e+02,3.243482114443642e+02,1,0.000000000000000e+00,0.000000000000000e+00
5.680000000008331e-05,1136,4.697040371153390e-02,4.845940375911415e+03,1.000000000000000e+00,8.000000000000000e-01,2.000000000000000e-01,9.270788931611511e-05,-7.512982179781362e-05,1.666666666666667e+00,0.000000000000000e+00,2.981500000000000e+02,3.020972218397552e+02,2.999999999974752e+02,8.265888784156018e+02,3.243759802528892e+02,1,0.000000000000000e+00,0.000000000000000e+00
5.685000000008342e-05,1137,4.699445436952353e-02,2.489313900271928e+03,1.000000000000000e+00,8.000000000000000e-01,2.000000000000000e-01,9.279122264944795e-05,-7.512982179781362e-05,1.666666666666667e+00,0.000000000000000e+00,2.981500000000000e+02,3.021233098230891e+02,2.999999999974766e+02,8.268399276353186e+02,3.244031340511926e+02,1,0.000000000000000e+00,0.000000000000000e+00
5.690000000008352e-05,1138,4.701580960087411e-02,3.537285031838069e+03,1.000000000000000e+00,8.000000000000000e-01,2.000000000000000e-01,9.287455598278079e-05,-7.512982179781362e-05,1.666666666666667e+00,0.000000000000000e+00,2.981500000000000e+02,3.021473043449338e+02,2.999999999974766e+02,8.270523137430571e+02,3.244288607971787e+02,1,0.000000000000000e+00,0.000000000000000e+00
5.695000000008363e-05,1139,4.703912782027590e-02,4.662372145223417e+03,1.000000000000000e+00,8.000000000000000e-01,2.000000000000000e-01,9.295788931611363e-05,-7.512982179781362e-05,1.666666666666667e+00,0.000000000000000e+00,2.981500000000000e+02,3.021689872683581e+02,2.999999999974766e+02,8.272697146367886e+02,3.244546346390048e+02,1,0.000000000000000e+00,0.000000000000000e+00
5.700000000008374e-05,1140,4.705792137004539e-02,2.815332463620996e+03,1.000000000000000e+00,8.000000000000000e-01,2.000000000000000e-01,9.304122264944647e-05,-7.512982179781362e-05,1.666666666666667e+00,0.000000000000000e+00,2.981500000000000e+02,3.021847819938542e+02,2.999999999974766e+02,8.275071575433707e+02,3.244808564650660e+02,1,0.000000000000000e+00,0.000000000000000e+00
5.705000000008385e-05,1141,4.707647738762100e-02,5.002080718799330e+03,1.000000000000000e+00,8.000000000000000e-01,2.000000000000000e-01,9.312455598277930e-05,-7.512982179781362e-05,1.666666666666667e+00,0.000000000000000e+00,2.981500000000000e+02,3.021980611605392e+02,2.999999999974766e+02,8.277509849824327e+02,3.245080651584821e+02,1,0.000000000000000e+00,0.000000000000000e+00
5.710000000008396e-05,1142,4.709812473149672e-02,4.481513593310344e+03,1.000000000000000e+00,8.000000000000000e-01,2.000000000000000e-01,9.320788931611214e-05,-7.512982179781362e-05,1.666666666666667e+00,0.000000000000000e+00,2.981500000000000e+02,3.022105781980761e+02,2.999999999974766e+02,8.280410101350909e+02,3.245366706292375e+02,1,0.000000000000000e+00,0.000000000000000e+00
5.715000000008407e-05,1143,4.712052297354707e-02,3.122748067347713e+03,1.000000000000000e+00,8.000000000000000e-01,2.000000000000000e-01,9.329122264944498e-05,-7.512982179781362e-05,1.666666666666667e+00,0.000000000000000e+00,2.981500000000000e+02,3.022192246457035e+02,2.999999999974779e+02,8.283178297393591e+02,3.245653108596468e+02,1,0.000000000000000e+00,0.000000000000000e+00
5.720000000008418e-05,1144,4.714449962280420e-02,4.386809252804558e+03,1.000000000000000e+00,8.000000000000000e-01,2.000000000000000e-01,9.337455598277782e-05,-7.512982179781362e-05,1.666666666666667e+00,0.000000000000000e+00,2.981500000000000e+02,3.022297827050462e+02,2.999999999974779e+02,8.285648688411002e+02,3.245930699085348e+02,1,0.000000000000000e+00,0.000000000000000e+00
5.725000000008429e-05,1145,4.716826638682749e-02,5.485519335612462e+03,1.000000000000000e+00,8.000000000000000e-01,2.000000000000000e-01,9.345788931611066e-05,-7.512982179781362e-05,1.666666666666667e+00,0.000000000000000e+00,2.981500000000000e+02,3.022479705133684e+02,2.999999999974779e+02,8.288232859013274e+02,3.246205107322818e+02,1,0.000000000000000e+00,0.000000000000000e+00
5.730000000008440e-05,1146,4.718948548366857e-02,3.248479657071063e+03,1.000000000000000e+00,8.000000000000000e-01,2.000000000000000e-01,9.354122264944350e-05,-7.512982179781362e-05,1.666666666666667e+00,0.000000000000000e+00,2.981500000000000e+02,3.022737924067123e+02,2.999999999974779e+02,8.291008451491188e+02,3.246486766487362e+02,1,0.000000000000000e+00,0.000000000000000e+00
5.735000000008451e-05,1147,4.721028128522189e-02,6.094767772445571e+03,1.000000000000000e+00,8.000000000000000e-01,2.000000000000000e-01,9.362455598277633e-05,-7.512982179781362e-05,1.666666666666667e+00,0.000000000000000e+00,2.981500000000000e+02,3.023063457212746e+02,2.999999999974779e+02,8.293589562482880e+02,3.246775403794127e+02,1,0.000000000000000e+00,0.000000000000000e+00
5.740000000008462e-05,1148,4.723200196452590e-02,5.116305999165008e+03,1.000000000000000e+00,8.000000000000000e-01,2.000000000000000e-01,9.370788931610917e-05,-7.512982179781362e-05,1.666666666666667e+00,0.000000000000000e+00,2.981500000000000e+02,3.023453945927911e+02,2.999999999974779e+02,8.296294222230758e+02,3.247065684014393e+02,1,0.000000000000000e+00,0.000000000000000e+00
5.745000000008473e-05,1149,4.725771806182680e-02,3.016673323305143e+03,1.000000000000000e+00,8.000000000000000e-01,2.000000000000000e-01,9.379122264944201e-05,-7.512982179781362e-05,1.666666666666667e+00,0.000000000000000e+00,2.981500000000000e+02,3.023949304683315e+02,2.999999999974779e+02,8.299019177787935e+02,3.247353953241191e+02,1,0.000000000000000e+00,0.000000000000000e+00
5.750000000008484e-05,1150,4.728659762383394e-02,5.408398036784692e+03,1.000000000000000e+00,8.000000000000000e-01,2.000000000000000e-01,9.387455598277485e-05,-7.512982179781362e-05,1.666666666666667e+00,0.000000000000000e+00,2.981500000000000e+02,3.024472380531506e+02,2.999999999974779e+02,8.301768426284475e+02,3.247639200008678e+02,1,0.000000000000000e+00,0.000000000000000e+00
5.755000000008495e-05,1151,4.731590803145737e-02,5.822277482695269e+03,1.000000000000000e+00,8.000000000000000e-01,2.000000000000000e-01,9.395788931610769e-05,-7.512982179781362e-05,1.666666666666667e+00,0.000000000000000e+00,2.981500000000000e+02,3.024903908403085e+02,2.999999999974779e+02,8.304447139226511e+02,3.247921353609433e+02,1,0.000000000000000e+00,0.000000000000000e+00
5.760000000008506e-05,1152,4.734057160423781e-02,3.288504932586020e+03,1.000000000000000e+00,8.000000000000000e-01,2.000000000000000e-01,9.404122264944053e-05,-7.512982179781362e-05,1.666666666666667e+00,0.000000000000000e+00,2.981500000000000e+02,3.025269033608937e+02,2.999999999974779e+02,8.306903695938140e+02,3.248198994547171e+02,1,0.000000000000000e+00,0.000000000000000e+00
5.765000000008517e-05,1153,4.736470948255751e-02,6.527931916410692e+03,1.000000000000000e+00,8.000000000000000e-01,2.000000000000000e-01,9.412455598277337e-05,-7.512982179781362e-05,1.666666666666667e+00,0.000000000000000e+00,2.981500000000000e+02,3.025627676741707e+02,2.999999999974779e+02,8.309429241411026e+02,3.248481516272357e+02,1,0.000000000000000e+00,0.000000000000000e+00
5.770000000008528e-05,1154,4.739022674113753e-02,5.142860682691969e+03,1.000000000000000e+00,8.000000000000000e-01,2.000000000000000e-01,9.420788931610620e-05,-7.512982179781362e-05,1.666666666666667e+00,0.000000000000000e+00,2.981500000000000e+02,3.025963775886005e+02,2.999999999974779e+02,8.312094425806666e+02,3.248767895444154e+02,1,0.000000000000000e+00,0.000000000000000e+00
5.775000000008539e-05,1155,4.741694587087010e-02,3.289714067697904e+03,1.000000000000000e+00,8.000000000000000e-01,2.000000000000000e-01,9.429122264943904e-05,-7.512982179781362e-05,1.666666666666667e+00,0.000000000000000e+00,2.981500000000000e+02,3.026256297419317e+02,2.999999999974975e+02,8.314639849397682e+02,3.249052391588976e+02,1,0.000000000000000e+00,0.000000000000000e+00
5.780000000008550e-05,1156,4.744515924273346e-02,5.132748827896648e+03,1.000000000000000e+00,8.000000000000000e-01,2.000000000000000e-01,9.437455598277188e-05,-7.512982179781362e-05,1.666666666666667e+00,0.000000000000000e+00,2.981500000000000e+02,3.026484327320702e+02,2.999999999974975e+02,8.317078648266412e+02,3.249331311915587e+02,1,0.000000000000000e+00,0.000000000000000e+00
5.785000000008561e-05,1157,4.747160322321040e-02,5.955931494796577e+03,1.000000000000000e+00,8.000000000000000e-01,2.000000000000000e-01,9.445788931610472e-05,-7.512982179781362e-05,1.666666666666667e+00,0.000000000000000e+00,2.981500000000000e+02,3.026685242451873e+02,2.999999999974975e+02,8.319498609455824e+02,3.249605751234632e+02,1,0.000000000000000e+00,0.000000000000000e+00
5.790000000008572e-05,1158,4.749366445305259e-02,3.546602928234860e+03,1.000000000000000e+00,8.000000000000000e-01,2.000000000000000e-01,9.454122264943756e-05,-7.512982179781362e-05,1.666666666666667e+00,0.000000000000000e+00,2.981500000000000e+02,3.026897864478372e+02,2.999999999974975e+02,8.321778461759433e+02,3.249767764572863e+02,1,0.000000000000000e+00,0.000000000000000e+00
5.795000000008583e-05,1159,4.751328158255089e-02,7.454425270170665e+03,1.000000000000000e+00,8.000000000000000e-01,2.000000000000000e-01,9.462455598277040e-05,-7.512982179781362e-05,1.666666666666667e+00,0.000000000000000e+00,2.981500000000000e+02,3.027245919454760e+02,2.999999999974975e+02,8.324413455817054e+02,3.250060477340780e+02,1,0.000000000000000e+00,0.000000000000000e+00
5.800000000008594e-05,1160,4.753738713290984e-02,5.432131800943864e+03,1.000000000000000e+00,8.000000000000000e-01,2.000000000000000e-01,9.470788931610323e-05,-7.512982179781362e-05,1.666666666666667e+00,0.000000000000000e+00,2.981500000000000e+02,3.027553092553083e+02,2.999999999974975e+02,8.327044704745072e+02,3.250343095507753e+02,1,0.000000000000000e+00,0.000000000000000e+00
5.805000000008605e-05,1161,4.755982404759929e-02,2.249568159516889e+03,1.000000000000000e+00,8.000000000000000e-01,2.000000000000000e-01,9.479122264943607e-05,-7.512982179781362e-05,1.666666666666667e+00,0.000000000000000e+00,2.981500000000000e+02,3.027946957557907e+02,2.999999999974975e+02,8.329108507329449e+02,3.250626698163726e+02,1,0.000000000000000e+00,0.000000000000000e+00
5.810000000008616e-05,1162,4.758495654620008e-02,5.914394970530616e+03,1.000000000000000e+00,8.000000000000000e-01,2.000000000000000e-01,9.487455598276891e-05,-7.512982179781362e-05,1.666666666666667e+00,0.000000000000000e+00,2.981500000000000e+02,3.028520014036052e+02,2.999999999974975e+02,8.331315535267896e+02,3.250906834165594e+02,1,0.000000000000000e+00,0.000000000000000e+00
5.815000000008627e-05,1163,4.761195925937623e-02,6.742392109536457e+03,1.000000000000000e+00,8.000000000000000e-01,2.000000000000000e-01,9.495788931610175e-05,-7.512982179781362e-05,1.666666666666667e+00,0.000000000000000e+00,2.981500000000000e+02,3.029108837649889e+02,2.999999999974975e+02,8.333550148354975e+02,3.251184397878768e+02,1,0.000000000000000e+00,0.000000000000000e+00
5.820000000008638e-05,1164,4.763521388921982e-02,4.002931144959221e+03,1.000000000000000e+00,8.000000000000000e-01,2.000000000000000e-01,9.504122264943459e-05,-7.512982179781362e-05,1.666666666666667e+00,0.000000000000000e+00,2.981500000000000e+02,3.029641709227629e+02,2.999999999974975e+02,8.335557866272333e+02,3.251457043434302e+02,1,0.000000000000000e+00,0.000000000000000e+00
5.825000000008649e-05,1165,4.765761769532366e-02,7.260324619738875e+03,1.000000000000000e+00,8.000000000000000e-01,2.000000000000000e-01,9.512455598276743e-05,-7.512982179781362e-05,1.666666666666667e+00,0.000000000000000e+00,2.981500000000000e+02,3.030260500520201e+02,2.999999999974975e+02,8.337874520732552e+02,3.251631010583231e+02,1,0.000000000000000e+00,0.000000000000000e+00
5.830000000008659e-05,1166,4.768153873941090e-02,5.858964065584704e+03,1.000000000000000e+00,8.000000000000000e-01,2.000000000000000e-01,9.520788931610027e-05,-7.512982179781362e-05,1.666666666666667e+00,0.000000000000000e+00,2.981500000000000e+02,3.030817190750620e+02,2.999999999974975e+02,8.340052580110805e+02,3.251787051082327e+02,1,0.000000000000000e+00,0.000000000000000e+00
5.835000000008670e-05,1167,4.770403347386676e-02,2.612675600871216e+03,1.000000000000000e+00,8.000000000000000e-01,2.000000000000000e-01,9.529122264943310e-05,-7.512982179781362e-05,1.666666666666667e+00,0.000000000000000e+00,2.981500000000000e+02,3.031166867976599e+02,2.999999999974975e+02,8.341958231363309e+02,3.252061384436113e+02,1,0.000000000000000e+00,0.000000000000000e+00
5.840000000008681e-05,1168,4.772455612185922e-02,4.430146162684550e+03,1.000000000000000e+00,8.000000000000000e-01,2.000000000000000e-01,9.537455598276594e-05,-7.512982179781362e-05,1.666666666666667e+00,0.000000000000000e+00,2.981500000000000e+02,3.031464054003744e+02,2.999999999974975e+02,8.343355198409442e+02,3.252333002129565e+02,1,0.000000000000000e+00,0.000000000000000e+00
5.845000000008692e-05,1169,4.774733398008760e-02,7.241966034921647e+03,1.000000000000000e+00,8.000000000000000e-01,2.000000000000000e-01,9.545788931609878e-05,-7.512982179781362e-05,1.666666666666667e+00,0.000000000000000e+00,2.981500000000000e+02,3.031828179091693e+02,2.999999999974975e+02,8.345434074003402e+02,3.252615736856727e+02,1,0.000000000000000e+00,0.000000000000000e+00
5.850000000008703e-05,1170,4.777359518047201e-02,4.769644941979052e+03,1.000000000000000e+00,8.000000000000000e-01,2.000000000000000e-01,9.554122264943162e-05,-7.512982179781362e-05,1.666666666666667e+00,0.000000000000000e+00,2.981500000000000e+02,3.032206311093830e+02,2.999999999974977e+02,8.348186895262365e+02,3.252914367027742e+02,1,0.000000000000000e+00,0.000000000000000e+00
5.855000000008714e-05,1171,4.779331667732976e-02,6.933091067318396e+03,1.000000000000000e+00,8.000000000000000e-01,2.000000000000000e-01,9.562455598276446e-05,-7.512982179781362e-05,1.666666666666667e+00,0.000000000000000e+00,2.981500000000000e+02,3.032424335321489e+02,2.999999999975033e+02,8.350291751954372e+02,3.253114139690246e+02,1,0.000000000000000e+00,0.000000000000000e+00
5.860000000008725e-05,1172,4.781722509048125e-02,6.763870661622003e+03,1.000000000000000e+00,8.000000000000000e-01,2.000000000000000e-01,9.570788931609730e-05,-7.512982179781362e-05,1.666666666666667e+00,0.000000000000000e+00,2.981500000000000e+02,3.032721696659105e+02,2.999999999975089e+02,8.352684048664927e+02,3.253417996593264e+02,1,0.000000000000000e+00,0.000000000000000e+00
5.865000000008736e-05,1173,4.785719253686542e-02,5.519773261146194e+03,1.000000000000000e+00,8.000000000000000e-01,2.000000000000000e-01,9.579122264943013e-05,-7.512982179781362e-05,1.666666666666667e+00,0.000000000000000e+00,2.981500000000000e+02,3.033099169802691e+02,2.999999999975145e+02,8.354921274309324e+02,3.253718844495149e+02,1,0.000000000000000e+00,0.000000000000000e+00
5.870000000008747e-05,1174,4.789318179034043e-02,4.372655688280226e+03,1.000000000000000e+00,8.000000000000000e-01,2.000000000000000e-01,9.587455598276297e-05,-7.512982179781362e-05,1.666666666666667e+00,0.000000000000000e+00,2.981500000000000e+02,3.033724793279812e+02,2.999999999975201e+02,8.356782467500614e+02,3.253814159099582e+02,1,0.000000000000000e+00,0.000000000000000e+00
5.875000000008758e-05,1175,4.793397286722839e-02,8.909122219940715e+03,1.000000000000000e+00,8.000000000000000e-01,2.000000000000000e-01,9.595788931609581e-05,-7.512982179781362e-05,1.666666666666667e+00,0.000000000000000e+00,2.981500000000000e+02,3.034770318124034e+02,2.999999999975258e+02,8.359033312735886e+02,3.254139349362392e+02,1,0.000000000000000e+00,0.000000000000000e+00
5.880000000008769e-05,1176,4.796629137021042e-02,5.596703385802055e+03,1.000000000000000e+00,8.000000000000000e-01,2.000000000000000e-01,9.604122264942865e-05,-7.512982179781362e-05,1.666666666666667e+00,0.000000000000000e+00,2.981500000000000e+02,3.035575111293969e+02,2.999999999975315e+02,8.361090876789686e+02,3.254327734285248e+02,1,0.000000000000000e+00,0.000000000000000e+00
5.885000000008780e-05,1177,4.799332926993283e-02,6.127309179357395e+03,1.000000000000000e+00,8.000000000000000e-01,2.000000000000000e-01,9.612455598276149e-05,-7.512982179781362e-05,1.666666666666667e+00,0.000000000000000e+00,2.981500000000000e+02,3.036215064889499e+02,2.999999999975372e+02,8.362440170693318e+02,3.254657606149419e+02,1,0.000000000000000e+00,0.000000000000000e+00
5.890000000008791e-05,1178,4.801947231334421e-02,8.016436319469698e+03,1.000000000000000e+00,8.000000000000000e-01,2.000000000000000e-01,9.620788931609433e-05,-7.512982179781362e-05,1.666666666666667e+00,0.000000000000000e+00,2.981500000000000e+02,3.036859543093549e+02,2.999999999975429e+02,8.364544717234025e+02,3.254994465513058e+02,1,0.000000000000000e+00,0.000000000000000e+00
5.895000000008802e-05,1179,4.804383102303291e-02,5.889481538083208e+03,1.000000000000000e+00,8.000000000000000e-01,2.000000000000000e-01,9.629122264942716e-05,-7.512982179781362e-05,1.666666666666667e+00,0.000000000000000e+00,2.981500000000000e+02,3.037636668326059e+02,2.999999999975486e+02,8.366491296756009e+02,3.255207581645170e+02,1,0.000000000000000e+00,0.000000000000000e+00
5.900000000008813e-05,1180,4.807179783601859e-02,3.262205276249609e+03,1.000000000000000e+00,8.000000000000000e-01,2.000000000000000e-01,9.637455598276000e-05,-7.512982179781362e-05,1.666666666666667e+00,0.000000000000000e+00,2.981500000000000e+02,3.038207457626288e+02,2.999999999975543e+02,8.368274157464650e+02,3.255538384869633e+02,1,0.000000000000000e+00,0.000000000000000e+00
5.905000000008824e-05,1181,4.810566493945159e-02,6.134669244923130e+03,1.000000000000000e+00,8.000000000000000e-01,2.000000000000000e-01,9.645788931609284e-05,-7.512982179781362e-05,1.666666666666667e+00,0.000000000000000e+00,2.981500000000000e+02,3.038786180694965e+02,2.999999999975599e+02,8.370542448028117e+02,3.255874704586762e+02,1,0.000000000000000e+00,0.000000000000000e+00
5.910000000008835e-05,1182,4.813800702964611e-02,7.598451181198096e+03,1.000000000000000e+00,8.000000000000000e-01,2.000000000000000e-01,9.654122264942568e-05,-7.512982179781362e-05,1.666666666666667e+00,0.000000000000000e+00,2.981500000000000e+02,3.039210718501935e+02,2.999999999975656e+02,8.372629356803533e+02,3.256215228350987e+02,1,0.000000000000000e+00,0.000000000000000e+00
5.915000000008846e-05,1183,4.816665600962568e-02,4.523122483065014e+03,1.000000000000000e+00,8.000000000000000e-01,2.000000000000000e-01,9.662455598275852e-05,-7.512982179781362e-05,1.666666666666667e+00,0.000000000000000e+00,2.981500000000000e+02,3.039447837127548e+02,2.999999999975713e+02,8.374213412032531e+02,3.256550917254763e+02,1,0.000000000000000e+00,0.000000000000000e+00
5.920000000008857e-05,1184,4.819234874840735e-02,7.415549289589245e+03,1.000000000000000e+00,8.000000000000000e-01,2.000000000000000e-01,9.670788931609136e-05,-7.512982179781362e-05,1.666666666666667e+00,0.000000000000000e+00,2.981500000000000e+02,3.039784450058309e+02,2.999999999975770e+02,8.375871608552045e+02,3.256878936943643e+02,1,0.000000000000000e+00,0.000000000000000e+00
5.925000000008868e-05,1185,5.044583222424251e-02,8.205739896200086e+03,1.000000000000000e+00,8.000000000000000e-01,2.000000000000000e-01,9.679122264942420e-05,-7.512982179781362e-05,1.666666666666667e+00,0.000000000000000e+00,2.981500000000000e+02,3.040166395722738e+02,2.999999999975827e+02,8.377818068507005e+02,3.257206371417052e+02,1,0.000000000000000e+00,0.000000000000000e+00
5.930000000008879e-05,1186,5.047341220919036e-02,5.209074794657883e+03,1.000000000000000e+00,8.000000000000000e-01,2.000000000000000e-01,9.687455598275703e-05,-7.512982179781362e-05,1.666666666666667e+00,0.000000000000000e+00,2.981500000000000e+02,3.040584374148157e+02,2.999999999975884e+02,8.379813090864665e+02,3.257543719653567e+02,1,0.000000000000000e+00,0.000000000000000e+00
5.935000000008890e-05,1187,5.049969468479153e-02,4.264694714178638e+03,1.000000000000000e+00,8.000000000000000e-01,2.000000000000000e-01,9.695788931608987e-05,-7.512982179781362e-05,1.666666666666667e+00,0.000000000000000e+00,2.981500000000000e+02,3.040982494485586e+02,2.999999999975940e+02,8.381639896224808e+02,3.257884117878359e+02,1,0.000000000000000e+00,0.000000000000000e+00
5.940000000008901e-05,1188,5.052724916286216e-02,7.356783232368379e+03,1.000000000000000e+00,8.000000000000000e-01,2.000000000000000e-01,9.704122264942271e-05,-7.512982179781362e-05,1.666666666666667e+00,0.000000000000000e+00,2.981500000000000e+02,3.041548874207557e+02,2.999999999975997e+02,8.383396756290724e+02,3.258228556472052e+02,1,0.000000000000000e+00,0.000000000000000e+00
5.945000000008912e-05,1189,5.055857999213969e-02,8.991422479767549e+03,1.000000000000000e+00,8.000000000000000e-01,2.000000000000000e-01,9.712455598275555e-05,-7.512982179781362e-05,1.666666666666667e+00,0.000000000000000e+00,2.981500000000000e+02,3.042335529703037e+02,2.999999999976054e+02,8.385890967356019e+02,3.258590115495659e+02,1,0.000000000000000e+00,0.000000000000000e+00
5.950000000008923e-05,1190,5.058779709706823e-02,4.892237922036416e+03,1.000000000000000e+00,8.000000000000000e-01,2.000000000000000e-01,9.720788931608839e-05,-7.512982179781362e-05,1.666666666666667e+00,0.000000000000000e+00,2.981500000000000e+02,3.043170867072345e+02,2.999999999976111e+02,8.388318436074625e+02,3.258948571907662e+02,1,0.000000000000000e+00,0.000000000000000e+00
5.955000000008934e-05,1191,5.061867119209678e-02,9.018933999907813e+03,1.000000000000000e+00,8.000000000000000e-01,2.000000000000000e-01,9.729122264942123e-05,-7.512982179781362e-05,1.666666666666667e+00,0.000000000000000e+00,2.981500000000000e+02,3.044020398909319e+02,2.999999999976168e+02,8.390731151509628e+02,3.259302143774196e+02,1,0.000000000000000e+00,0.000000000000000e+00
5.960000000008945e-05,1192,5.064796215620140e-02,8.384713759809716e+03,1.000000000000000e+00,8.000000000000000e-01,2.000000000000000e-01,9.737455598275406e-05,-7.512982179781362e-05,1.666666666666667e+00,0.000000000000000e+00,2.981500000000000e+02,3.044645175430966e+02,2.999999999976225e+02,8.392891483093919e+02,3.259641148857230e+02,1,0.000000000000000e+00,0.000000000000000e+00
5.965000000008955e-05,1193,5.067706701118403e-02,4.936296548238040e+03,1.000000000000000e+00,8.000000000000000e-01,2.000000000000000e-01,9.745788931608690e-05,-7.512982179781362e-05,1.666666666666667e+00,0.000000000000000e+00,2.981500000000000e+02,3.045098415909235e+02,2.999999999976282e+02,8.394924123006273e+02,3.259826912315640e+02,1,0.000000000000000e+00,0.000000000000000e+00
5.970000000008966e-05,1194,5.070816450801285e-02,4.243635060557325e+03,1.000000000000000e+00,8.000000000000000e-01,2.000000000000000e-01,9.754122264941974e-05,-7.512982179781362e-05,1.666666666666667e+00,0.000000000000000e+00,2.981500000000000e+02,3.045509476594704e+02,2.999999999976338e+02,8.397213919057574e+02,3.260149764015795e+02,1,0.000000000000000e+00,0.000000000000000e+00
5.975000000008977e-05,1195,5.073988812837769e-02,5.769739229287156e+03,1.000000000000000e+00,8.000000000000000e-01,2.000000000000000e-01,9.762455598275258e-05,-7.512982179781362e-05,1.666666666666667e+00,0.000000000000000e+00,2.981500000000000e+02,3.045903528761546e+02,2.999999999976395e+02,8.399715494214352e+02,3.260475014232713e+02,1,0.000000000000000e+00,0.000000000000000e+00
5.980000000008988e-05,1196,5.077094475080055e-02,8.267351923215512e+03,1.000000000000000e+00,8.000000000000000e-01,2.000000000000000e-01,9.770788931608542e-05,-7.512982179781362e-05,1.666666666666667e+00,0.000000000000000e+00,2.981500000000000e+02,3.046288749152998e+02,2.999999999976452e+02,8.402349243102191e+02,3.260802371917387e+02,1,0.000000000000000e+00,0.000000000000000e+00
5.985000000008999e-05,1197,5.080075899568749e-02,5.463008118703883e+03,1.000000000000000e+00,8.000000000000000e-01,2.000000000000000e-01,9.779122264941826e-05,-7.512982179781362e-05,1.666666666666667e+00,0.000000000000000e+00,2.981500000000000e+02,3.046617999731382e+02,2.999999999976509e+02,8.405091895175601e+02,3.261107008078167e+02,1,0.000000000000000e+00,0.000000000000000e+00
5.990000000009010e-05,1198,5.084046217958761e-02,9.047473189435985e+03,1.000000000000000e+00,8.000000000000000e-01,2.000000000000000e-01,9.787455598275109e-05,-7.512982179781362e-05,1.666666666666667e+00,0.000000000000000e+00,2.981500000000000e+02,3.050247417412183e+02,2.999999999976566e+02,8.408621942878754e+02,3.261440558501331e+02,1,0.000000000000000e+00,0.000000000000000e+00
5.995000000009021e-05,1199,5.088348717509446e-02,1.087787528659046e+04,1.000000000000000e+00,8.000000000000000e-01,2.000000000000000e-01,9.795788931608393e-05,-7.512982179781362e-05,1.666666666666667e+00,0.000000000000000e+00,2.981500000000000e+02,3.052679144256241e+02,2.999999999976623e+02,8.412480443217090e+02,3.261771919011679e+02,1,0.000000000000000e+00,0.000000000000000e+00
6.000000000009032e-05,1200,5.092899877054516e-02,8.886204086865668e+03,1.000000000000000e+00,8.000000000000000e-01,2.000000000000000e-01,9.804122264941677e-05,-7.512982179781362e-05,1.666666666666667e+00,0.000000000000000e+00,2.981500000000000e+02,3.053100780581575e+02,2.999999999976679e+02,8.417357624935269e+02,3.262109645978390e+02,1,0.000000000000000e+00,0.000000000000000e+00
6.005000000009043e-05,1201,5.097067439546341e-02,5.736000689739562e+03,1.000000000000000e+00,8.000000000000000e-01,2.000000000000000e-01,9.812455598274961e-05,-7.512982179781362e-05,1.666666666666667e+00,0.000000000000000e+00,2.981500000000000e+02,3.053250452590212e+02,2.999999999976736e+02,8.421442335252191e+02,3.262459020944485e+02,1,0.000000000000000e+00,0.000000000000000e+00
6.010000000009054e-05,1202,5.100925149896612e-02,7.614679998902980e+03,1.000000000000000e+00,8.000000000000000e-01,2.000000000000000e-01,9.820788931608245e-05,-7.512982179781362e-05,1.666666666666667e+00,0.000000000000000e+00,2.981500000000000e+02,3.053439043313137e+02,2.999999999976793e+02,8.425741969268732e+02,3.262791797105469e+02,1,0.000000000000000e+00,0.000000000000000e+00
6.015000000009065e-05,1203,5.104682643297014e-02,7.120102402959286e+03,1.000000000000000e+00,8.000000000000000e-01,2.000000000000000e-01,9.829122264941529e-05,-7.512982179781362e-05,1.666666666666667e+00,0.000000000000000e+00,2.981500000000000e+02,3.053335207984077e+02,2.999999999976850e+02,8.429454750034224e+02,3.263110225855360e+02,1,0.000000000000000e+00,0.000000000000000e+00
6.020000000009076e-05,1204,5.108291705380671e-02,5.930555866789555e+03,1.000000000000000e+00,8.000000000000000e-01,2.000000000000000e-01,9.837455598274813e-05,-7.512982179781362e-05,1.666666666666667e+00,0.000000000000000e+00,2.981500000000000e+02,3.053132279329540e+02,2.999999999976907e+02,8.433684805772938e+02,3.263436369039055e+02,1,0.000000000000000e+00,0.000000000000000e+00
6.025000000009087e-05,1205,5.111359134966673e-02,4.679822920865576e+03,1.000000000000000e+00,8.000000000000000e-01,2.000000000000000e-01,9.845788931608096e-05,-7.512982179781362e-05,1.666666666666667e+00,0.000000000000000e+00,2.981500000000000e+02,3.052957316242012e+02,2.999999999976964e+02,8.437778997645205e+02,3.263755298953682e+02,1,0.000000000000000e+00,0.000000000000000e+00
6.030000000009098e-05,1206,5.114469186318980e-02,7.125847121301680e+03,1.000000000000000e+00,8.000000000000000e-01,2.000000000000000e-01,9.854122264941380e-05,-7.512982179781362e-05,1.666666666666667e+00,0.000000000000000e+00,2.981500000000000e+02,3.052708777687073e+02,2.999999999977020e+02,8.441662430959899e+02,3.263917989277674e+02,1,0.000000000000000e+00,0.000000000000000e+00
6.035000000009109e-05,1207,5.117503017155726e-02,6.688865548332452e+03,1.000000000000000e+00,8.000000000000000e-01,2.000000000000000e-01,9.862455598274664e-05,-7.512982179781362e-05,1.666666666666667e+00,0.000000000000000e+00,2.981500000000000e+02,3.052364349557138e+02,2.999999999977077e+02,8.445579627225048e+02,3.264226191970865e+02,1,0.000000000000000e+00,0.000000000000000e+00
6.040000000009120e-05,1208,5.120288108836270e-02,4.802372659677039e+03,1.000000000000000e+00,8.000000000000000e-01,2.000000000000000e-01,9.870788931607948e-05,-7.512982179781362e-05,1.666666666666667e+00,0.000000000000000e+00,2.981500000000000e+02,3.051925072003699e+02,2.999999999977134e+02,8.449139275113372e+02,3.264470386990990e+02,1,0.000000000000000e+00,0.000000000000000e+00
6.045000000009131e-05,1209,5.123490377911041e-02,5.481391275840987e+03,1.000000000000000e+00,8.000000000000000e-01,2.000000000000000e-01,9.879122264941232e-05,-7.512982179781362e-05,1.666666666666667e+00,0.000000000000000e+00,2.981500000000000e+02,3.051457028772541e+02,2.999999999977191e+02,8.452721636868482e+02,3.264775203592163e+02,1,0.000000000000000e+00,0.000000000000000e+00
6.050000000009142e-05,1210,5.126597436641562e-02,6.841128712345186e+03,1.000000000000000e+00,8.000000000000000e-01,2.000000000000000e-01,9.887455598274516e-05,-7.512982179781362e-05,1.666666666666667e+00,0.000000000000000e+00,2.981500000000000e+02,3.050957357437615e+02,2.999999999977248e+02,8.456486135260708e+02,3.265088411048684e+02,1,0.000000000000000e+00,0.000000000000000e+00
6.055000000009153e-05,1211,5.129652977436797e-02,1.832472647864627e+04,1.000000000000000e+00,8.000000000000000e-01,2.000000000000000e-01,9.895788931607799e-05,-7.512982179781362e-05,1.666666666666667e+00,0.000000000000000e+00,2.981500000000000e+02,3.050818810443334e+02,2.999999999977305e+02,8.460813120230993e+02,3.265404345748240e+02,1,0.000000000000000e+00,0.000000000000000e+00
6.060000000009164e-05,1212,5.132960757210907e-02,5.759109713033823e+03,1.000000000000000e+00,8.000000000000000e-01,2.000000000000000e-01,9.904122264941083e-05,-7.512982179781362e-05,1.666666666666667e+00,0.000000000000000e+00,2.981500000000000e+02,3.052418413837970e+02,2.999999999977362e+02,8.467560728878408e+02,3.265731899575939e+02,1,0.000000000000000e+00,0.000000000000000e+00
6.065000000009175e-05,1213,5.135504031334717e-02,5.698861717197487e+03,1.000000000000000e+00,8.000000000000000e-01,2.000000000000000e-01,9.912455598274367e-05,-7.512982179781362e-05,1.666666666666667e+00,0.000000000000000e+00,2.981500000000000e+02,3.052028839317275e+02,2.999999999977418e+02,8.472853156445950e+02,3.266050789173566e+02,1,0.000000000000000e+00,0.000000000000000e+00
6.070000000009186e-05,1214,5.137612875935615e-02,8.615836172371977e+03,1.000000000000000e+00,8.000000000000000e-01,2.000000000000000e-01,9.920788931607651e-05,-7.512982179781362e-05,1.666666666666667e+00,0.000000000000000e+00,2.981500000000000e+02,3.051346802898388e+02,2.999999999977475e+02,8.477185156926370e+02,3.266363089720803e+02,1,0.000000000000000e+00,0.000000000000000e+00
6.075000000009197e-05,1215,4.930718882677481e-02,8.302586820171011e+03,1.000000000000000e+00,8.000000000000000e-01,2.000000000000000e-01,9.929122264940935e-05,-7.512982179781362e-05,1.666666666666667e+00,0.000000000000000e+00,2.981500000000000e+02,3.050713489042192e+02,2.999999999977532e+02,8.482015457687420e+02,3.266541386701601e+02,1,0.000000000000000e+00,0.000000000000000e+00
6.080000000009208e-05,1216,4.933332169349405e-02,5.219372839687649e+03,1.000000000000000e+00,8.000000000000000e-01,2.000000000000000e-01,9.937455598274219e-05,-7.512982179781362e-05,1.666666666666667e+00,0.000000000000000e+00,2.981500000000000e+02,3.050175678414211e+02,2.999999999977589e+02,8.487570167003452e+02,3.266864071101964e+02,1,0.000000000000000e+00,0.000000000000000e+00
6.085000000009219e-05,1217,4.936487309024256e-02,5.939941896632364e+03,1.000000000000000e+00,8.000000000000000e-01,2.000000000000000e-01,9.945788931607503e-05,-7.512982179781362e-05,1.666666666666667e+00,0.000000000000000e+00,2.981500000000000e+02,3.049642198137258e+02,2.999999999977646e+02,8.492838365442856e+02,3.267190536559371e+02,1,0.000000000000000e+00,0.000000000000000e+00
6.090000000009230e-05,1218,4.939484185963652e-02,6.620485392978420e+03,1.000000000000000e+00,8.000000000000000e-01,2.000000000000000e-01,9.954122264940786e-05,-7.512982179781362e-05,1.666666666666667e+00,0.000000000000000e+00,2.981500000000000e+02,3.049087600638439e+02,2.999999999977703e+02,8.497082229810682e+02,3.267500331682831e+02,1,0.000000000000000e+00,0.000000000000000e+00
6.095000000009241e-05,1219,4.942650650287456e-02,5.531808525303955e+03,1.000000000000000e+00,8.000000000000000e-01,2.000000000000000e-01,9.962455598274070e-05,-7.512982179781362e-05,1.666666666666667e+00,0.000000000000000e+00,2.981500000000000e+02,3.048543474832778e+02,2.999999999977759e+02,8.501322337453047e+02,3.267794129587778e+02,1,0.000000000000000e+00,0.000000000000000e+00
6.100000000009252e-05,1220,4.945346676104492e-02,3.433366774351682e+03,1.000000000000000e+00,8.000000000000000e-01,2.000000000000000e-01,9.970788931607354e-05,-7.512982179781362e-05,1.666666666666667e+00,0.000000000000000e+00,2.981500000000000e+02,3.048033953363298e+02,2.999999999977816e+02,8.505777545697769e+02,3.268086523551009e+02,1,0.000000000000000e+00,0.000000000000000e+00
6.105000000009242e-05,1221,4.950018599612978e-02,6.708902028276589e+03,1.000000000000000e+00,8.000000000000000e-01,2.000000000000000e-01,9.979122264940638e-05,-7.512982179781362e-05,1.666666666666667e+00,0.000000000000000e+00,2.981500000000000e+02,3.047747054403900e+02,2.999999999977873e+02,8.511172582760972e+02,3.268255040261108e+02,1,0.000000000000000e+00,0.000000000000000e+00
6.110000000009185e-05,1222,4.953646696822287e-02,8.904392477559652e+03,1.000000000000000e+00,8.000000000000000e-01,2.000000000000000e-01,9.987455598273922e-05,-7.512982179781362e-05,1.666666666666667e+00,0.000000000000000e+00,2.981500000000000e+02,3.047385589791071e+02,2.999999999977930e+02,8.519314628939238e+02,3.268496443113648e+02,1,0.000000000000000e+00,0.000000000000000e+00
6.115000000009129e-05,1223,4.956872828940061e-02,6.938200269738983e+03,1.000000000000000e+00,8.000000000000000e-01,2.000000000000000e-01,9.995788931607206e-05,-7.512982179781362e-05,1.666666666666667e+00,0.000000000000000e+00,2.981500000000000e+02,3.046865358801210e+02,2.999999999977987e+02,8.533120871550041e+02,3.268833047118835e+02,1,0.000000000000000e+00,0.000000000000000e+00
6.120000000009072e-05,1224,4.299775860508687e-02,4.367601351669584e+03,1.000000000000000e+00,8.000000000000000e-01,2.000000000000000e-01,1.000412226494049e-04,-7.512982179781362e-05,1.666666666666667e+00,0.000000000000000e+00,2.981500000000000e+02,3.046189698746795e+02,2.999999999978044e+02,8.546026138627929e+02,3.269158834724934e+02,1,0.000000000000000e+00,0.000000000000000e+00
6.125000000009015e-05,1225,4.614404510324393e-02,6.206918248651100e+03,1.000000000000000e+00,8.000000000000000e-01,2.000000000000000e-01,1.001245559827377e-04,-7.512982179781362e-05,1.666666666666667e+00,0.000000000000000e+00,2.981500000000000e+02,3.045495344825841e+02,2.999999999978101e+02,8.557606966034725e+02,3.269476619918773e+02,1,0.000000000000000e+00,0.000000000000000e+00
6.130000000008958e-05,1226,4.966823234794972e-02,6.167593222907777e+03,1.000000000000000e+00,8.000000000000000e-01,2.000000000000000e-01,1.002078893160706e-04,-7.512982179781362e-05,1.666666666666667e+00,0.000000000000000e+00,2.981500000000000e+02,3.044915612401644e+02,2.999999999978157e+02,8.569353686153567e+02,3.269670444932207e+02,1,0.000000000000000e+00,0.000000000000000e+00
6.135000000008901e-05,1227,4.975065019841168e-02,1.093829767289531e+04,1.000000000000000e+00,8.000000000000000e-01,2.000000000000000e-01,1.002912226494034e-04,-7.512982179781362e-05,1.666666666666667e+00,0.000000000000000e+00,2.981500000000000e+02,3.044580448540771e+02,2.999999999978214e+02,8.584371216620727e+02,3.270025790003260e+02,1,0.000000000000000e+00,0.000000000000000e+00
6.140000000008845e-05,1228,4.980729462406099e-02,6.317641732221437e+03,1.000000000000000e+00,8.000000000000000e-01,2.000000000000000e-01,1.003745559827362e-04,-7.512982179781362e-05,1.666666666666667e+00,0.000000000000000e+00,2.981500000000000e+02,3.044165944466559e+02,2.999999999978271e+02,8.605088639986953e+02,3.270368881392632e+02,1,0.000000000000000e+00,0.000000000000000e+00
6.145000000008788e-05,1229,4.993634269645075e-02,1.898910036134433e+04,1.000000000000000e+00,8.000000000000000e-01,2.000000000000000e-01,1.004578893160691e-04,-7.512982179781362e-05,1.666666666666667e+00,0.000000000000000e+00,2.981500000000000e+02,3.044136578574023e+02,2.999999999978328e+02,8.705061228721713e+02,3.270721858299781e+02,1,0.000000000000000e+00,0.000000000000000e+00
6.150000000008731e-05,1230,5.002869710113539e-02,1.593246988217845e+04,1.000000000000000e+00,8.000000000000000e-01,2.000000000000000e-01,1.005412226494019e-04,-7.512982179781362e-05,1.666666666666667e+00,0.000000000000000e+00,2.981500000000000e+02,3.047857612299920e+02,2.999999999978385e+02,8.754218487430668e+02,3.271057512795412e+02,1,0.000000000000000e+00,0.000000000000000e+00
6.155000000008674e-05,1231,4.344440174667450e-02,1.053097111243881e+04,1.000000000000000e+00,8.000000000000000e-01,2.000000000000000e-01,1.006245559827348e-04,-7.512982179781362e-05,1.666666666666667e+00,0.000000000000000e+00,2.981500000000000e+02,3.049288798464648e+02,2.999999999978442e+02,8.789561097633632e+02,3.271369978812954e+02,1,0.000000000000000e+00,0.000000000000000e+00
6.160000000008617e-05,1232,4.350709920963972e-02,6.427185501981718e+03,1.000000000000000e+00,8.000000000000000e-01,2.000000000000000e-01,1.007078893160676e-04,-7.512982179781362e-05,1.666666666666667e+00,0.000000000000000e+00,2.981500000000000e+02,3.049741932454525e+02,2.999999999978498e+02,8.817810484311316e+02,3.271674221161344e+02,1,0.000000000000000e+00,0.000000000000000e+00
6.165000000008561e-05,1233,5.023028115108213e-02,5.838731043899316e+03,1.000000000000000e+00,8.000000000000000e-01,2.000000000000000e-01,1.007912226494004e-04,-7.512982179781362e-05,1.666666666666667e+00,0.000000000000000e+00,2.981500000000000e+02,3.049832873566330e+02,2.999999999978555e+02,8.842006223150208e+02,3.271975178929552e+02,1,0.000000000000000e+00,0.000000000000000e+00
6.170000000008504e-05,1234,5.028964695087391e-02,6.170039385030451e+03,1.000000000000000e+00,8.000000000000000e-01,2.000000000000000e-01,1.008745559827333e-04,-7.512982179781362e-05,1.666666666666667e+00,0.000000000000000e+00,2.981500000000000e+02,3.049735927320357e+02,2.999999999978612e+02,8.864616739139775e+02,3.272272432759598e+02,1,0.000000000000000e+00,0.000000000000000e+00
6.175000000008447e-05,1235,5.034237776944647e-02,5.160631290955843e+03,1.000000000000000e+00,8.000000000000000e-01,2.000000000000000e-01,1.009578893160661e-04,-7.512982179781362e-05,1.666666666666667e+00,0.000000000000000e+00,2.981500000000000e+02,3.049424716247096e+02,2.999999999978669e+02,8.885015392928891e+02,3.272568534082823e+02,1,0.000000000000000e+00,0.000000000000000e+00
6.180000000008390e-05,1236,5.038507023153398e-02,7.164605849761887e+03,1.000000000000000e+00,8.000000000000000e-01,2.000000000000000e-01,1.010412226493990e-04,-7.512982179781362e-05,1.666666666666667e+00,0.000000000000000e+00,2.981500000000000e+02,3.049003976026760e+02,2.999999999978726e+02,8.903716866054679e+02,3.272860967879201e+02,1,0.000000000000000e+00,0.000000000000000e+00
6.185000000008333e-05,1237,5.042968991878929e-02,1.012576373377354e+04,1.000000000000000e+00,8.000000000000000e-01,2.000000000000000e-01,1.011245559827318e-04,-7.512982179781362e-05,1.666666666666667e+00,0.000000000000000e+00,2.981500000000000e+02,3.048622833267412e+02,2.999999999978783e+02,8.922354739166933e+02,3.273158931613086e+02,1,0.000000000000000e+00,0.000000000000000e+00
6.190000000008277e-05,1238,4.696587766243162e-02,8.738910502285815e+03,1.000000000000000e+00,8.000000000000000e-01,2.000000000000000e-01,1.012078893160646e-04,-7.512982179781362e-05,1.666666666666667e+00,0.000000000000000e+00,2.981500000000000e+02,3.048261302822299e+02,2.999999999978839e+02,8.940702189085520e+02,3.273463435353670e+02,1,0.000000000000000e+00,0.000000000000000e+00
6.195000000008220e-05,1239,4.049586540431797e-02,6.112516196677673e+03,1.000000000000000e+00,8.000000000000000e-01,2.000000000000000e-01,1.012912226493975e-04,-7.512982179781362e-05,1.666666666666667e+00,0.000000000000000e+00,2.981500000000000e+02,3.047998959412379e+02,2.999999999978896e+02,8.959034809992726e+02,3.273779346823556e+02,1,0.000000000000000e+00,0.000000000000000e+00
6.200000000008163e-05,1240,4.705849343473162e-02,6.755961125631396e+03,1.000000000000000e+00,8.000000000000000e-01,2.000000000000000e-01,1.013745559827303e-04,-7.512982179781362e-05,1.666666666666667e+00,0.000000000000000e+00,2.981500000000000e+02,3.047608988978100e+02,2.999999999979188e+02,8.975499519170983e+02,3.274083170494019e+02,1,0.000000000000000e+00,0.000000000000000e+00
6.205000000008106e-05,1241,5.061475607235343e-02,6.697156749825886e+03,1.000000000000000e+00,8.000000000000000e-01,2.000000000000000e-01,1.014578893160631e-04,-7.512982179781362e-05,1.666666666666667e+00,0.000000000000000e+00,2.981500000000000e+02,3.047120602941065e+02,2.999999999978775e+02,8.990471250995076e+02,3.274380069669473e+02,1,0.000000000000000e+00,0.000000000000000e+00
6.210000000008049e-05,1242,5.066984521498081e-02,1.130130587825304e+04,1.000000000000000e+00,8.000000000000000e-01,2.000000000000000e-01,1.015412226493960e-04,-7.512982179781362e-05,1.666666666666667e+00,0.000000000000000e+00,2.981500000000000e+02,3.046574689958214e+02,2.999999999978832e+02,9.005416969607953e+02,3.274687635115770e+02,1,0.000000000000000e+00,0.000000000000000e+00
6.215000000007993e-05,1243,5.073376675563192e-02,8.540494509254211e+03,1.000000000000000e+00,8.000000000000000e-01,2.000000000000000e-01,1.016245559827288e-04,-7.512982179781362e-05,1.666666666666667e+00,0.000000000000000e+00,2.981500000000000e+02,3.046368827827079e+02,2.999999999978888e+02,9.025086004243113e+02,3.275007427590336e+02,1,0.000000000000000e+00,0.000000000000000e+00
6.220000000007936e-05,1244,5.078358644898311e-02,1.065924887609039e+04,1.000000000000000e+00,8.000000000000000e-01,2.000000000000000e-01,1.017078893160617e-04,-7.512982179781362e-05,1.666666666666667e+00,0.000000000000000e+00,2.981500000000000e+02,3.045963276428558e+02,2.999999999978945e+02,9.042071089369573e+02,3.275321841022309e+02,1,0.000000000000000e+00,0.000000000000000e+00
6.225000000007879e-05,1245,4.416110564918738e-02,8.190840446554690e+03,1.000000000000000e+00,8.000000000000000e-01,2.000000000000000e-01,1.017912226493945e-04,-7.512982179781362e-05,1.666666666666667e+00,0.000000000000000e+00,2.981500000000000e+02,3.045413817114088e+02,2.999999999979002e+02,9.056196054749429e+02,3.274199048748506e+02,1,0.000000000000000e+00,0.000000000000000e+00
6.230000000007822e-05,1246,4.084197534929004e-02,4.382180321946568e+03,1.000000000000000e+00,8.000000000000000e-01,2.000000000000000e-01,1.018745559827273e-04,-7.512982179781362e-05,1.666666666666667e+00,0.000000000000000e+00,2.981500000000000e+02,3.044857678719827e+02,2.999999999979059e+02,9.067470779458889e+02,3.274501398406171e+02,1,0.000000000000000e+00,0.000000000000000e+00
6.235000000007765e-05,1247,4.741480022508113e-02,5.058671931142880e+03,1.000000000000000e+00,8.000000000000000e-01,2.000000000000000e-01,1.019578893160602e-04,-7.512982179781362e-05,1.666666666666667e+00,0.000000000000000e+00,2.981500000000000e+02,3.044316910301139e+02,2.999999999979116e+02,9.077020963400340e+02,3.274788422981073e+02,1,0.000000000000000e+00,0.000000000000000e+00
6.240000000007709e-05,1248,5.095959343727539e-02,2.397391961178551e+03,1.000000000000000e+00,8.000000000000000e-01,2.000000000000000e-01,1.020412226493930e-04,-7.512982179781362e-05,1.666666666666667e+00,0.000000000000000e+00,2.981500000000000e+02,3.043507055395294e+02,2.999999999979173e+02,9.082479715199839e+02,3.275087196244758e+02,1,0.000000000000000e+00,0.000000000000000e+00
6.245000000007652e-05,1249,5.099098429978497e-02,3.258810839137015e+03,1.000000000000000e+00,8.000000000000000e-01,2.000000000000000e-01,1.021245559827259e-04,-7.512982179781362e-05,1.666666666666667e+00,0.000000000000000e+00,2.981500000000000e+02,3.042846364054645e+02,2.999999999979229e+02,9.089368007413935e+02,3.275312120183680e+02,1,0.000000000000000e+00,0.000000000000000e+00
6.250000000007595e-05,1250,5.101677933953712e-02,4.261258668035312e+03,1.000000000000000e+00,8.000000000000000e-01,2.000000000000000e-01,1.022078893160587e-04,-7.512982179781362e-05,1.666666666666667e+00,0.000000000000000e+00,2.981500000000000e+02,3.042708547836985e+02,2.999999999979286e+02,9.096863639869252e+02,3.275597318095411e+02,1,0.000000000000000e+00,0.000000000000000e+00
6.255000000007538e-05,1251,5.321486843104363e-02,9.617071853649801e+03,1.000000000000000e+00,8.000000000000000e-01,2.000000000000000e-01,1.022912226493915e-04,-7.512982179781362e-05,1.666666666666667e+00,0.000000000000000e+00,2.981500000000000e+02,3.042581324215833e+02,2.999999999979343e+02,9.104147233151533e+02,3.275891390199955e+02,1,0.000000000000000e+00,0.000000000000000e+00
6.260000000007481e-05,1252,4.318885676462374e-02,3.330844220163541e+03,1.000000000000000e+00,8.000000000000000e-01,2.000000000000000e-01,1.023745559827244e-04,-7.512982179781362e-05,1.666666666666667e+00,0.000000000000000e+00,2.981500000000000e+02,3.042388787930519e+02,2.999999999979400e+02,9.111782935715310e+02,3.276201890000997e+02,1,0.000000000000000e+00,0.000000000000000e+00
6.265000000007425e-05,1253,4.321460442577903e-02,3.879819572848372e+03,1.000000000000000e+00,8.000000000000000e-01,2.000000000000000e-01,1.024578893160572e-04,-7.512982179781362e-05,1.666666666666667e+00,0.000000000000000e+00,2.981500000000000e+02,3.042209234547533e+02,2.999999999979457e+02,9.119324336146473e+02,3.276496119542346e+02,1,0.000000000000000e+00,0.000000000000000e+00
6.270000000007368e-05,1254,5.330102312461919e-02,5.581760176041020e+03,1.000000000000000e+00,8.000000000000000e-01,2.000000000000000e-01,1.025412226493900e-04,-7.512982179781362e-05,1.666666666666667e+00,0.000000000000000e+00,2.981500000000000e+02,3.041975164215143e+02,2.999999999979514e+02,9.126732455036339e+02,3.276624722343941e+02,1,0.000000000000000e+00,0.000000000000000e+00
6.275000000007311e-05,1255,5.333374487681764e-02,5.756786557992948e+03,1.000000000000000e+00,8.000000000000000e-01,2.000000000000000e-01,1.026245559827229e-04,-7.512982179781362e-05,1.666666666666667e+00,0.000000000000000e+00,2.981500000000000e+02,3.041812435804582e+02,2.999999999979570e+02,9.133575324869981e+02,3.276898306303676e+02,1,0.000000000000000e+00,0.000000000000000e+00
6.280000000007254e-05,1256,5.335865339875597e-02,3.485695421845086e+03,1.000000000000000e+00,8.000000000000000e-01,2.000000000000000e-01,1.027078893160557e-04,-7.512982179781362e-05,1.666666666666667e+00,0.000000000000000e+00,2.981500000000000e+02,3.041650223649509e+02,2.999999999979627e+02,9.140333128123875e+02,3.277171552279453e+02,1,0.000000000000000e+00,0.000000000000000e+00
6.285000000007197e-05,1257,5.337895379520834e-02,8.242355615171784e+03,1.000000000000000e+00,8.000000000000000e-01,2.000000000000000e-01,1.027912226493886e-04,-7.512982179781362e-05,1.666666666666667e+00,0.000000000000000e+00,2.981500000000000e+02,3.041528597236037e+02,2.999999999979684e+02,9.146631645876593e+02,3.277443002918678e+02,1,0.000000000000000e+00,0.000000000000000e+00
6.290000000007141e-05,1258,4.989444253476135e-02,6.803603416851504e+03,1.000000000000000e+00,8.000000000000000e-01,2.000000000000000e-01,1.028745559827214e-04,-7.512982179781362e-05,1.666666666666667e+00,0.000000000000000e+00,2.981500000000000e+02,3.041532718064151e+02,2.999999999979741e+02,9.152088224223245e+02,3.277708632169084e+02,1,0.000000000000000e+00,0.000000000000000e+00
6.295000000007084e-05,1259,4.335971168946468e-02,2.443939741410766e+03,1.000000000000000e+00,8.000000000000000e-01,2.000000000000000e-01,1.029578893160542e-04,-7.512982179781362e-05,1.666666666666667e+00,0.000000000000000e+00,2.981500000000000e+02,3.041728750824944e+02,2.999999999979798e+02,9.157422954323977e+02,3.277969591653710e+02,1,0.000000000000000e+00,0.000000000000000e+00
6.300000000007027e-05,1260,4.654130786683851e-02,2.454468646928257e+03,1.000000000000000e+00,8.000000000000000e-01,2.000000000000000e-01,1.030412226493871e-04,-7.512982179781362e-05,1.666666666666667e+00,0.000000000000000e+00,2.981500000000000e+02,3.041764302835066e+02,2.999999999981671e+02,9.163629513753493e+02,3.278232899796622e+02,1,0.000000000000000e+00,0.000000000000000e+00
6.305000000006970e-05,1261,5.348243820208851e-02,5.073452865273467e+03,1.000000000000000e+00,8.000000000000000e-01,2.000000000000000e-01,1.031245559827199e-04,-7.512982179781362e-05,1.666666666666667e+00,0.000000000000000e+00,2.981500000000000e+02,3.041645248847904e+02,2.999999999981671e+02,9.168369624269429e+02,3.278477000165433e+02,1,0.000000000000000e+00,0.000000000000000e+00
6.310000000006913e-05,1262,5.350615737802616e-02,5.298880303180747e+03,1.000000000000000e+00,8.000000000000000e-01,2.000000000000000e-01,1.032078893160528e-04,-7.512982179781362e-05,1.666666666666667e+00,0.000000000000000e+00,2.981500000000000e+02,3.041526340653401e+02,2.999999999981671e+02,9.171913457448798e+02,3.278715082942028e+02,1,0.000000000000000e+00,0.000000000000000e+00
6.315000000006857e-05,1263,5.352579367227821e-02,5.560916215193804e+03,1.000000000000000e+00,8.000000000000000e-01,2.000000000000000e-01,1.032912226493856e-04,-7.512982179781362e-05,1.666666666666667e+00,0.000000000000000e+00,2.981500000000000e+02,3.041459604436143e+02,2.999999999981671e+02,9.175452597350807e+02,3.278956047657986e+02,1,0.000000000000000e+00,0.000000000000000e+00
6.320000000006800e-05,1264,5.354309809127510e-02,9.388503947112311e+03,1.000000000000000e+00,8.000000000000000e-01,2.000000000000000e-01,1.033745559827184e-04,-7.512982179781362e-05,1.666666666666667e+00,0.000000000000000e+00,2.981500000000000e+02,3.041400669104835e+02,2.999999999981928e+02,9.179436271024565e+02,3.279037446439016e+02,1,0.000000000000000e+00,0.000000000000000e+00
6.325000000006743e-05,1265,4.348907642650238e-02,2.791092486565376e+03,1.000000000000000e+00,8.000000000000000e-01,2.000000000000000e-01,1.034578893160513e-04,-7.512982179781362e-05,1.666666666666667e+00,0.000000000000000e+00,2.981500000000000e+02,3.041435647000237e+02,2.999999999981928e+02,9.184009967106505e+02,3.279287824127554e+02,1,0.000000000000000e+00,0.000000000000000e+00
6.330000000006686e-05,1266,4.350992270480636e-02,2.360503584499534e+03,1.000000000000000e+00,8.000000000000000e-01,2.000000000000000e-01,1.035412226493841e-04,-7.512982179781362e-05,1.666666666666667e+00,0.000000000000000e+00,2.981500000000000e+02,3.041502664883181e+02,2.999999999981928e+02,9.188748032457804e+02,3.279402902979191e+02,1,0.000000000000000e+00,0.000000000000000e+00
6.335000000006629e-05,1267,5.011381572842687e-02,5.934062625487954e+03,1.000000000000000e+00,8.000000000000000e-01,2.000000000000000e-01,1.036245559827169e-04,-7.512982179781362e-05,1.666666666666667e+00,0.000000000000000e+00,2.981500000000000e+02,3.041594079248171e+02,2.999999999982456e+02,9.193563480855931e+02,3.279648500107483e+02,1,0.000000000000000e+00,0.000000000000000e+00
6.340000000006573e-05,1268,5.365219599983320e-02,6.087410347580403e+03,1.000000000000000e+00,8.000000000000000e-01,2.000000000000000e-01,1.037078893160498e-04,-7.512982179781362e-05,1.666666666666667e+00,0.000000000000000e+00,2.981500000000000e+02,3.041727885970619e+02,2.999999999982456e+02,9.199594341386758e+02,3.279912069084343e+02,1,0.000000000000000e+00,0.000000000000000e+00
6.345000000006516e-05,1269,5.367751430140937e-02,4.368441320324310e+03,1.000000000000000e+00,8.000000000000000e-01,2.000000000000000e-01,1.037912226493826e-04,-7.512982179781362e-05,1.666666666666667e+00,0.000000000000000e+00,2.981500000000000e+02,3.041771106442050e+02,2.999999999982456e+02,9.206213291603920e+02,3.280184275042254e+02,1,0.000000000000000e+00,0.000000000000000e+00
6.350000000006459e-05,1270,5.370007239957740e-02,1.230579769518511e+04,1.000000000000000e+00,8.000000000000000e-01,2.000000000000000e-01,1.038745559827155e-04,-7.512982179781362e-05,1.666666666666667e+00,0.000000000000000e+00,2.981500000000000e+02,3.041862279064155e+02,2.999999999982456e+02,9.211702367573158e+02,3.280441352650019e+02,1,0.000000000000000e+00,0.000000000000000e+00
6.355000000006402e-05,1271,4.678779690144556e-02,3.615789190224421e+03,1.000000000000000e+00,8.000000000000000e-01,2.000000000000000e-01,1.039578893160483e-04,-7.512982179781362e-05,1.666666666666667e+00,0.000000000000000e+00,2.981500000000000e+02,3.041915293502137e+02,2.999999999982456e+02,9.216844304201076e+02,3.280686745364721e+02,1,0.000000000000000e+00,0.000000000000000e+00
6.360000000006345e-05,1272,4.366395408613797e-02,1.633915091893667e+03,1.000000000000000e+00,8.000000000000000e-01,2.000000000000000e-01,1.040412226493811e-04,-7.512982179781362e-05,1.666666666666667e+00,0.000000000000000e+00,2.981500000000000e+02,3.041927430284251e+02,2.999999999982456e+02,9.221359591532200e+02,3.280922001787673e+02,1,0.000000000000000e+00,0.000000000000000e+00
6.365000000006289e-05,1273,4.682662164366651e-02,2.295510046400556e+03,1.000000000000000e+00,8.000000000000000e-01,2.000000000000000e-01,1.041245559827140e-04,-7.512982179781362e-05,1.666666666666667e+00,0.000000000000000e+00,2.981500000000000e+02,3.041990320179646e+02,2.999999999982456e+02,9.224987399671742e+02,3.281153446917938e+02,1,0.000000000000000e+00,0.000000000000000e+00
6.370000000006232e-05,1274,5.380716684092219e-02,7.423182619170349e+03,1.000000000000000e+00,8.000000000000000e-01,2.000000000000000e-01,1.042078893160468e-04,-7.512982179781362e-05,1.666666666666667e+00,0.000000000000000e+00,2.981500000000000e+02,3.042145522526995e+02,2.999999999982456e+02,9.229748187504961e+02,3.281399507915783e+02,1,0.000000000000000e+00,0.000000000000000e+00
6.375000000006175e-05,1275,5.383722046966347e-02,4.176066152772502e+03,1.000000000000000e+00,8.000000000000000e-01,2.000000000000000e-01,1.042912226493797e-04,-7.512982179781362e-05,1.666666666666667e+00,0.000000000000000e+00,2.981500000000000e+02,3.042259165605190e+02,2.999999999982456e+02,9.235970457387571e+02,3.281670845962383e+02,1,0.000000000000000e+00,0.000000000000000e+00
6.380000000006118e-05,1276,5.385520748973092e-02,1.069593623065187e+04,1.000000000000000e+00,8.000000000000000e-01,2.000000000000000e-01,1.043745559827125e-04,-7.512982179781362e-05,1.666666666666667e+00,0.000000000000000e+00,2.981500000000000e+02,3.042360428096938e+02,2.999999999982456e+02,9.241650068083426e+02,3.281929224939936e+02,1,0.000000000000000e+00,0.000000000000000e+00
6.385000000006061e-05,1277,4.692030314909887e-02,5.084621254917032e+03,1.000000000000000e+00,8.000000000000000e-01,2.000000000000000e-01,1.044578893160453e-04,-7.512982179781362e-05,1.666666666666667e+00,0.000000000000000e+00,2.981500000000000e+02,3.042446962044717e+02,2.999999999982456e+02,9.247233096178310e+02,3.282193606694241e+02,1,0.000000000000000e+00,0.000000000000000e+00
6.390000000006005e-05,1278,4.380395771101427e-02,4.816122565764897e+03,1.000000000000000e+00,8.000000000000000e-01,2.000000000000000e-01,1.045412226493782e-04,-7.512982179781362e-05,1.666666666666667e+00,0.000000000000000e+00,2.981500000000000e+02,3.042461634647577e+02,2.999999999982456e+02,9.253619491181533e+02,3.282461595672061e+02,1,0.000000000000000e+00,0.000000000000000e+00
6.395000000005948e-05,1279,4.697024911411091e-02,4.339433530851660e+03,1.000000000000000e+00,8.000000000000000e-01,2.000000000000000e-01,1.046245559827110e-04,-7.512982179781362e-05,1.666666666666667e+00,0.000000000000000e+00,2.981500000000000e+02,3.042531727342668e+02,2.999999999982456e+02,9.260339301857766e+02,3.282722971974918e+02,1,0.000000000000000e+00,0.000000000000000e+00
6.400000000005891e-05,1280,5.397182769653000e-02,8.826364225288649e+03,1.000000000000000e+00,8.000000000000000e-01,2.000000000000000e-01,1.047078893160438e-04,-7.512982179781362e-05,1.666666666666667e+00,0.000000000000000e+00,2.981500000000000e+02,3.042771577967183e+02,2.999999999982456e+02,9.268471600218912e+02,3.282999583013689e+02,1,0.000000000000000e+00,0.000000000000000e+00
6.405000000005834e-05,1281,5.400254739767974e-02,6.522553076244308e+03,1.000000000000000e+00,8.000000000000000e-01,2.000000000000000e-01,1.047912226493767e-04,-7.512982179781362e-05,1.666666666666667e+00,0.000000000000000e+00,2.981500000000000e+02,3.043089275720131e+02,2.999999999982456e+02,9.277486849938639e+02,3.283286031169533e+02,1,0.000000000000000e+00,0.000000000000000e+00
6.410000000005777e-05,1282,5.402584004232432e-02,1.183856595293795e+04,1.000000000000000e+00,8.000000000000000e-01,2.000000000000000e-01,1.048745559827095e-04,-7.512982179781362e-05,1.666666666666667e+00,0.000000000000000e+00,2.981500000000000e+02,3.043367324833762e+02,2.999999999982456e+02,9.286480586149178e+02,3.283583850878167e+02,1,0.000000000000000e+00,0.000000000000000e+00
6.415000000005721e-05,1283,5.055854380777215e-02,8.617867009627314e+03,1.000000000000000e+00,8.000000000000000e-01,2.000000000000000e-01,1.049578893160424e-04,-7.512982179781362e-05,1.666666666666667e+00,0.000000000000000e+00,2.981500000000000e+02,3.043678465767500e+02,2.999999999982456e+02,9.296635571597591e+02,3.283886354919080e+02,1,0.000000000000000e+00,0.000000000000000e+00
6.420000000005664e-05,1284,4.397456244027757e-02,4.982625439235338e+03,1.000000000000000e+00,8.000000000000000e-01,2.000000000000000e-01,1.050412226493752e-04,-7.512982179781362e-05,1.666666666666667e+00,0.000000000000000e+00,2.981500000000000e+02,3.043944395668589e+02,2.999999999982456e+02,9.305857557989920e+02,3.284165617525096e+02,1,0.000000000000000e+00,0.000000000000000e+00
6.425000000005607e-05,1285,4.400346175259077e-02,4.383524436221208e+03,1.000000000000000e+00,8.000000000000000e-01,2.000000000000000e-01,1.051245559827080e-04,-7.512982179781362e-05,1.666666666666667e+00,0.000000000000000e+00,2.981500000000000e+02,3.044183944500843e+02,2.999999999982456e+02,9.314983202324743e+02,3.284438378918236e+02,1,0.000000000000000e+00,0.000000000000000e+00
6.430000000005550e-05,1286,5.416205656230985e-02,8.230428075049605e+03,1.000000000000000e+00,8.000000000000000e-01,2.000000000000000e-01,1.052078893160409e-04,-7.512982179781362e-05,1.666666666666667e+00,0.000000000000000e+00,2.981500000000000e+02,3.044436951664911e+02,2.999999999982456e+02,9.324297572058842e+02,3.284730156962752e+02,1,0.000000000000000e+00,0.000000000000000e+00
6.435000000005493e-05,1287,5.419768248528234e-02,8.426399665030094e+03,1.000000000000000e+00,8.000000000000000e-01,2.000000000000000e-01,1.052912226493737e-04,-7.512982179781362e-05,1.666666666666667e+00,0.000000000000000e+00,2.981500000000000e+02,3.044628633259135e+02,2.999999999982456e+02,9.333374335313630e+02,3.285025666020693e+02,1,0.000000000000000e+00,0.000000000000000e+00
6.440000000005437e-05,1288,5.422228162923062e-02,9.181352148546635e+03,1.000000000000000e+00,8.000000000000000e-01,2.000000000000000e-01,1.053745559827066e-04,-7.512982179781362e-05,1.666666666666667e+00,0.000000000000000e+00,2.981500000000000e+02,3.044840535668206e+02,2.999999999982456e+02,9.341994679558961e+02,3.285315470980000e+02,1,0.000000000000000e+00,0.000000000000000e+00
6.445000000005380e-05,1289,5.425106485207599e-02,1.296944427063240e+04,1.000000000000000e+00,8.000000000000000e-01,2.000000000000000e-01,1.054578893160394e-04,-7.512982179781362e-05,1.666666666666667e+00,0.000000000000000e+00,2.981500000000000e+02,3.045154131820574e+02,2.999999999982456e+02,9.350984367487320e+02,3.285617778779305e+02,1,0.000000000000000e+00,0.000000000000000e+00
6.450000000005323e-05,1290,4.416189053641379e-02,6.895811042230133e+03,1.000000000000000e+00,8.000000000000000e-01,2.000000000000000e-01,1.055412226493722e-04,-7.512982179781362e-05,1.666666666666667e+00,0.000000000000000e+00,2.981500000000000e+02,3.045665095503831e+02,2.999999999982456e+02,9.361510544427657e+02,3.285930976200559e+02,1,0.000000000000000e+00,0.000000000000000e+00
6.455000000005266e-05,1291,4.420379301419011e-02,5.778267841111974e+03,1.000000000000000e+00,8.000000000000000e-01,2.000000000000000e-01,1.056245559827051e-04,-7.512982179781362e-05,1.666666666666667e+00,0.000000000000000e+00,2.981500000000000e+02,3.046230556584877e+02,2.999999999982456e+02,9.373550719099260e+02,3.286247021702657e+02,1,0.000000000000000e+00,0.000000000000000e+00
6.460000000005209e-05,1292,4.738688878047710e-02,7.651746854870602e+03,1.000000000000000e+00,8.000000000000000e-01,2.000000000000000e-01,1.057078893160379e-04,-7.512982179781362e-05,1.666666666666667e+00,0.000000000000000e+00,2.981500000000000e+02,3.046642674198973e+02,2.999999999982456e+02,9.384416190492444e+02,3.286560075455956e+02,1,0.000000000000000e+00,0.000000000000000e+00
6.465000000005153e-05,1293,5.444456182824536e-02,9.579747146362355e+03,1.000000000000000e+00,8.000000000000000e-01,2.000000000000000e-01,1.057912226493707e-04,-7.512982179781362e-05,1.666666666666667e+00,0.000000000000000e+00,2.981500000000000e+02,3.046950967024562e+02,2.999999999982456e+02,9.393367023929907e+02,3.286860581559982e+02,1,0.000000000000000e+00,0.000000000000000e+00
6.470000000005096e-05,1294,5.447535439414063e-02,7.627362866297231e+03,1.000000000000000e+00,8.000000000000000e-01,2.000000000000000e-01,1.058745559827036e-04,-7.512982179781362e-05,1.666666666666667e+00,0.000000000000000e+00,2.981500000000000e+02,3.047342119588804e+02,2.999999999982456e+02,9.401292417886903e+02,3.287163151295541e+02,1,0.000000000000000e+00,0.000000000000000e+00
6.475000000005039e-05,1295,5.450274517693954e-02,1.302568175636953e+04,1.000000000000000e+00,8.000000000000000e-01,2.000000000000000e-01,1.059578893160364e-04,-7.512982179781362e-05,1.666666666666667e+00,0.000000000000000e+00,2.981500000000000e+02,3.047758207930714e+02,2.999999999982456e+02,9.408821632146372e+02,3.287461383894022e+02,1,0.000000000000000e+00,0.000000000000000e+00
6.480000000004982e-05,1296,4.437727554121609e-02,6.946956547316267e+03,1.000000000000000e+00,8.000000000000000e-01,2.000000000000000e-01,1.060412226493693e-04,-7.512982179781362e-05,1.666666666666667e+00,0.000000000000000e+00,2.981500000000000e+02,3.048288783332433e+02,2.999999999982456e+02,9.415911294357709e+02,3.287768261694987e+02,1,0.000000000000000e+00,0.000000000000000e+00
6.485000000004925e-05,1297,4.441119623727266e-02,4.281933087386328e+03,1.000000000000000e+00,8.000000000000000e-01,2.000000000000000e-01,1.061245559827021e-04,-7.512982179781362e-05,1.666666666666667e+00,0.000000000000000e+00,2.981500000000000e+02,3.049062569271716e+02,2.999999999982456e+02,9.423960774040071e+02,3.288069460965464e+02,1,0.000000000000000e+00,0.000000000000000e+00
6.490000000004869e-05,1298,4.758248237632787e-02,7.738660524405505e+03,1.000000000000000e+00,8.000000000000000e-01,2.000000000000000e-01,1.062078893160349e-04,-7.512982179781362e-05,1.666666666666667e+00,0.000000000000000e+00,2.981500000000000e+02,3.049797182424960e+02,2.999999999982456e+02,9.431066223343770e+02,3.288367381169940e+02,1,0.000000000000000e+00,0.000000000000000e+00
6.495000000004812e-05,1299,5.463148279358166e-02,1.031242655416697e+04,1.000000000000000e+00,8.000000000000000e-01,2.000000000000000e-01,1.062912226493678e-04,-7.512982179781362e-05,1.666666666666667e+00,0.000000000000000e+00,2.981500000000000e+02,3.050499960815901e+02,2.999999999982456e+02,9.437073985709957e+02,3.288657157486392e+02,1,0.000000000000000e+00,0.000000000000000e+00
6.500000000004755e-05,1300,5.465936087767848e-02,6.162416487405788e+03,1.000000000000000e+00,8.000000000000000e-01,2.000000000000000e-01,1.063745559827006e-04,-7.512982179781362e-05,1.666666666666667e+00,0.000000000000000e+00,2.981500000000000e+02,3.051207038490247e+02,2.999999999982456e+02,9.442901133585759e+02,3.288944704714868e+02,1,0.000000000000000e+00,0.000000000000000e+00
6.505000000004698e-05,1301,5.467859574279148e-02,1.384191915315268e+04,1.000000000000000e+00,8.000000000000000e-01,2.000000000000000e-01,1.064578893160335e-04,-7.512982179781362e-05,1.666666666666667e+00,0.000000000000000e+00,2.981500000000000e+02,3.051933601542835e+02,2.999999999982456e+02,9.448031252429516e+02,3.289229833923289e+02,1,0.000000000000000e+00,0.000000000000000e+00
6.510000000004641e-05,1302,4.455482818030313e-02,6.767856052154583e+03,1.000000000000000e+00,8.000000000000000e-01,2.000000000000000e-01,1.065412226493663e-04,-7.512982179781362e-05,1.666666666666667e+00,0.000000000000000e+00,2.981500000000000e+02,3.052522016630813e+02,2.999999999982456e+02,9.452807507839578e+02,3.289516410528873e+02,1,0.000000000000000e+00,0.000000000000000e+00
6.515000000004585e-05,1303,4.458052101393484e-02,4.327061591421171e+03,1.000000000000000e+00,8.000000000000000e-01,2.000000000000000e-01,1.066245559826991e-04,-7.512982179781362e-05,1.666666666666667e+00,0.000000000000000e+00,2.981500000000000e+02,3.053082553837078e+02,2.999999999982456e+02,9.457218144100774e+02,3.289803833395821e+02,1,0.000000000000000e+00,0.000000000000000e+00
6.520000000004528e-05,1304,4.774032821361613e-02,7.550895141189119e+03,1.000000000000000e+00,8.000000000000000e-01,2.000000000000000e-01,1.067078893160320e-04,-7.512982179781362e-05,1.666666666666667e+00,0.000000000000000e+00,2.981500000000000e+02,3.053756853492543e+02,2.999999999982502e+02,9.462052488403522e+02,3.289948863744715e+02,1,0.000000000000000e+00,0.000000000000000e+00
6.525000000004471e-05,1305,5.478656375398310e-02,1.008466341622534e+04,1.000000000000000e+00,8.000000000000000e-01,2.000000000000000e-01,1.067912226493648e-04,-7.512982179781362e-05,1.666666666666667e+00,0.000000000000000e+00,2.981500000000000e+02,3.054499018754011e+02,2.999999999982559e+02,9.466453011560477e+02,3.290114636589199e+02,1,0.000000000000000e+00,0.000000000000000e+00
6.530000000004414e-05,1306,5.480935391125086e-02,5.359809020500342e+03,1.000000000000000e+00,8.000000000000000e-01,2.000000000000000e-01,1.068745559826976e-04,-7.512982179781362e-05,1.666666666666667e+00,0.000000000000000e+00,2.981500000000000e+02,3.055078686934365e+02,2.999999999982616e+02,9.469926350424755e+02,3.290384054210597e+02,1,0.000000000000000e+00,0.000000000000000e+00
6.535000000004357e-05,1307,5.482022943643968e-02,1.183827790528544e+04,1.000000000000000e+00,8.000000000000000e-01,2.000000000000000e-01,1.069578893160305e-04,-7.512982179781362e-05,1.666666666666667e+00,0.000000000000000e+00,2.981500000000000e+02,3.055470777837884e+02,2.999999999982706e+02,9.472828606079431e+02,3.290647785567864e+02,1,0.000000000000000e+00,0.000000000000000e+00
6.540000000004301e-05,1308,4.789388954919703e-02,1.749632563441449e+04,1.000000000000000e+00,8.000000000000000e-01,2.000000000000000e-01,1.070412226493633e-04,-7.512982179781362e-05,1.666666666666667e+00,0.000000000000000e+00,2.981500000000000e+02,3.055875003881144e+02,2.999999999982763e+02,9.483648467885706e+02,3.290946742311055e+02,1,0.000000000000000e+00,0.000000000000000e+00
6.545000000004244e-05,1309,4.482290738304617e-02,5.693535328306783e+03,1.000000000000000e+00,8.000000000000000e-01,2.000000000000000e-01,1.071245559826962e-04,-7.512982179781362e-05,1.666666666666667e+00,0.000000000000000e+00,2.981500000000000e+02,3.056854474140175e+02,2.999999999983118e+02,9.493359026365207e+02,3.291239820980902e+02,1,0.000000000000000e+00,0.000000000000000e+00
6.550000000004187e-05,1310,4.798966303106572e-02,8.890886088874460e+03,1.000000000000000e+00,8.000000000000000e-01,2.000000000000000e-01,1.072078893160290e-04,-7.512982179781362e-05,1.666666666666667e+00,0.000000000000000e+00,2.981500000000000e+02,3.057923381800432e+02,2.999999999983118e+02,9.499853058962283e+02,3.291520017849637e+02,1,0.000000000000000e+00,0.000000000000000e+00
6.555000000004130e-05,1311,5.503883467914002e-02,1.173471471781060e+04,1.000000000000000e+00,8.000000000000000e-01,2.000000000000000e-01,1.072912226493618e-04,-7.512982179781362e-05,1.666666666666667e+00,0.000000000000000e+00,2.981500000000000e+02,3.058762956547558e+02,2.999999999983118e+02,9.505124988573202e+02,3.291663931661401e+02,1,0.000000000000000e+00,0.000000000000000e+00
6.560000000004073e-05,1312,5.506303722531736e-02,5.064687178896247e+03,1.000000000000000e+00,8.000000000000000e-01,2.000000000000000e-01,1.073745559826947e-04,-7.512982179781362e-05,1.666666666666667e+00,0.000000000000000e+00,2.981500000000000e+02,3.059545335761985e+02,2.999999999983118e+02,9.509066980351047e+02,3.291970542396194e+02,1,0.000000000000000e+00,0.000000000000000e+00
6.565000000004017e-05,1313,5.507909758712019e-02,1.474643968642083e+04,1.000000000000000e+00,8.000000000000000e-01,2.000000000000000e-01,1.074578893160275e-04,-7.512982179781362e-05,1.666666666666667e+00,0.000000000000000e+00,2.981500000000000e+02,3.060398375119204e+02,2.999999999983137e+02,9.513108596943928e+02,3.292272813556762e+02,1,0.000000000000000e+00,0.000000000000000e+00
6.570000000003960e-05,1314,4.809096364913702e-02,7.430978867444334e+03,1.000000000000000e+00,8.000000000000000e-01,2.000000000000000e-01,1.075412226493604e-04,-7.512982179781362e-05,1.666666666666667e+00,0.000000000000000e+00,2.981500000000000e+02,3.061252265053386e+02,2.999999999983194e+02,9.516571035656762e+02,3.292567255292969e+02,1,0.000000000000000e+00,0.000000000000000e+00
6.575000000003903e-05,1315,4.499387457561035e-02,2.947638621483421e+03,1.000000000000000e+00,8.000000000000000e-01,2.000000000000000e-01,1.076245559826932e-04,-7.512982179781362e-05,1.666666666666667e+00,0.000000000000000e+00,2.981500000000000e+02,3.062102078036880e+02,2.999999999982334e+02,9.520267596831135e+02,3.292857149862141e+02,1,0.000000000000000e+00,0.000000000000000e+00
6.580000000003846e-05,1316,4.813548300540325e-02,5.285376432631245e+03,1.000000000000000e+00,8.000000000000000e-01,2.000000000000000e-01,1.077078893160260e-04,-7.512982179781362e-05,1.666666666666667e+00,0.000000000000000e+00,2.981500000000000e+02,3.062772480234456e+02,2.999999999982390e+02,9.523947432379156e+02,3.293140144393947e+02,1,0.000000000000000e+00,0.000000000000000e+00
6.585000000003789e-05,1317,5.518083672069794e-02,1.047001351584699e+04,1.000000000000000e+00,8.000000000000000e-01,2.000000000000000e-01,1.077912226493589e-04,-7.512982179781362e-05,1.666666666666667e+00,0.000000000000000e+00,2.981500000000000e+02,3.063227497377454e+02,2.999999999982447e+02,9.527235480297078e+02,3.293275735956877e+02,1,0.000000000000000e+00,0.000000000000000e+00
6.590000000003733e-05,1318,5.520071340353162e-02,5.800135796613418e+03,1.000000000000000e+00,8.000000000000000e-01,2.000000000000000e-01,1.078745559826917e-04,-7.512982179781362e-05,1.666666666666667e+00,0.000000000000000e+00,2.981500000000000e+02,3.063647059429076e+02,2.999999999982504e+02,9.529939069678559e+02,3.293398979522852e+02,1,0.000000000000000e+00,0.000000000000000e+00
6.595000000003676e-05,1319,5.521718814288649e-02,1.221904686183703e+04,1.000000000000000e+00,8.000000000000000e-01,2.000000000000000e-01,1.079578893160245e-04,-7.512982179781362e-05,1.666666666666667e+00,0.000000000000000e+00,2.981500000000000e+02,3.064071820312836e+02,2.999999999982561e+02,9.533399158451064e+02,3.293521501202761e+02,1,0.000000000000000e+00,0.000000000000000e+00
6.600000000003619e-05,1320,4.822150306158073e-02,7.188668380900068e+03,1.000000000000000e+00,8.000000000000000e-01,2.000000000000000e-01,1.080412226493574e-04,-7.512982179781362e-05,1.666666666666667e+00,0.000000000000000e+00,2.981500000000000e+02,3.064449255875584e+02,2.999999999982618e+02,9.536370874730310e+02,3.293801292822151e+02,1,0.000000000000000e+00,0.000000000000000e+00
6.605000000003562e-05,1321,4.228355438882764e-02,3.721130301549223e+03,1.000000000000000e+00,8.000000000000000e-01,2.000000000000000e-01,1.081245559826902e-04,-7.512982179781362e-05,1.666666666666667e+00,0.000000000000000e+00,2.981500000000000e+02,3.064856462296100e+02,2.999999999982675e+02,9.539330379739163e+02,3.294071526216339e+02,1,0.000000000000000e+00,0.000000000000000e+00
6.610000000003505e-05,1322,4.825935739376245e-02,6.920257535297826e+03,1.000000000000000e+00,8.000000000000000e-01,2.000000000000000e-01,1.082078893160231e-04,-7.512982179781362e-05,1.666666666666667e+00,0.000000000000000e+00,2.981500000000000e+02,3.065369088390618e+02,2.999999999982732e+02,9.542748408989248e+02,3.294347958963713e+02,1,0.000000000000000e+00,0.000000000000000e+00
6.615000000003449e-05,1323,5.530391254208852e-02,1.079915502630402e+04,1.000000000000000e+00,8.000000000000000e-01,2.000000000000000e-01,1.082912226493559e-04,-7.512982179781362e-05,1.666666666666667e+00,0.000000000000000e+00,2.981500000000000e+02,3.065993764145541e+02,2.999999999982788e+02,9.547203820314209e+02,3.294624530298511e+02,1,0.000000000000000e+00,0.000000000000000e+00
6.620000000003392e-05,1324,5.532709436528809e-02,7.158047875486447e+03,1.000000000000000e+00,8.000000000000000e-01,2.000000000000000e-01,1.083745559826887e-04,-7.512982179781362e-05,1.666666666666667e+00,0.000000000000000e+00,2.981500000000000e+02,3.066647878920107e+02,2.999999999982845e+02,9.553184160125164e+02,3.294750783155391e+02,1,0.000000000000000e+00,0.000000000000000e+00
6.625000000003335e-05,1325,5.534994281458391e-02,1.405911946695165e+04,1.000000000000000e+00,8.000000000000000e-01,2.000000000000000e-01,1.084578893160216e-04,-7.512982179781362e-05,1.666666666666667e+00,0.000000000000000e+00,2.981500000000000e+02,3.067358896956591e+02,2.999999999982902e+02,9.559858784283289e+02,3.295056845483460e+02,1,0.000000000000000e+00,0.000000000000000e+00
6.630000000003278e-05,1326,4.835642943376186e-02,1.019852849452124e+04,1.000000000000000e+00,8.000000000000000e-01,2.000000000000000e-01,1.085412226493544e-04,-7.512982179781362e-05,1.666666666666667e+00,0.000000000000000e+00,2.981500000000000e+02,3.068129441272941e+02,2.999999999982959e+02,9.567441107445356e+02,3.295359962369637e+02,1,0.000000000000000e+00,0.000000000000000e+00
6.635000000003221e-05,1327,4.553204751534022e-02,4.893067239840886e+03,1.000000000000000e+00,8.000000000000000e-01,2.000000000000000e-01,1.086245559826873e-04,-7.512982179781362e-05,1.666666666666667e+00,0.000000000000000e+00,2.981500000000000e+02,3.068894287400715e+02,2.999999999983016e+02,9.575448133894849e+02,3.295646040427912e+02,1,0.000000000000000e+00,0.000000000000000e+00
6.640000000003165e-05,1328,4.841486105025411e-02,8.284135869391052e+03,1.000000000000000e+00,8.000000000000000e-01,2.000000000000000e-01,1.087078893160201e-04,-7.512982179781362e-05,1.666666666666667e+00,0.000000000000000e+00,2.981500000000000e+02,3.069430895164577e+02,2.999999999983073e+02,9.582966934621279e+02,3.295922094959778e+02,1,0.000000000000000e+00,0.000000000000000e+00
6.645000000003108e-05,1329,5.547302470249826e-02,9.896230546911645e+03,1.000000000000000e+00,8.000000000000000e-01,2.000000000000000e-01,1.087912226493529e-04,-7.512982179781362e-05,1.666666666666667e+00,0.000000000000000e+00,2.981500000000000e+02,3.069849081701627e+02,2.999999999983129e+02,9.589804649540985e+02,3.296191514435736e+02,1,0.000000000000000e+00,0.000000000000000e+00
6.650000000003051e-05,1330,5.550695432340511e-02,9.370423220925797e+03,1.000000000000000e+00,8.000000000000000e-01,2.000000000000000e-01,1.088745559826858e-04,-7.512982179781362e-05,1.666666666666667e+00,0.000000000000000e+00,2.981500000000000e+02,3.070333070533391e+02,2.999999999983186e+02,9.597793299311483e+02,3.296472091900254e+02,1,0.000000000000000e+00,0.000000000000000e+00
6.655000000002994e-05,1331,5.553132844978338e-02,1.293748281134333e+04,1.000000000000000e+00,8.000000000000000e-01,2.000000000000000e-01,1.089578893160186e-04,-7.512982179781362e-05,1.666666666666667e+00,0.000000000000000e+00,2.981500000000000e+02,3.070836245526891e+02,2.999999999983243e+02,9.606131404294866e+02,3.296680765920711e+02,1,0.000000000000000e+00,0.000000000000000e+00
6.660000000002937e-05,1332,4.852692375121807e-02,8.345232271926761e+03,1.000000000000000e+00,8.000000000000000e-01,2.000000000000000e-01,1.090412226493514e-04,-7.512982179781362e-05,1.666666666666667e+00,0.000000000000000e+00,2.981500000000000e+02,3.071247427296547e+02,2.999999999982917e+02,9.613798771068563e+02,3.296968979886414e+02,1,0.000000000000000e+00,0.000000000000000e+00
6.665000000002881e-05,1333,4.855282319257973e-02,8.346989443677314e+03,1.000000000000000e+00,8.000000000000000e-01,2.000000000000000e-01,1.091245559826843e-04,-7.512982179781362e-05,1.666666666666667e+00,0.000000000000000e+00,2.981500000000000e+02,3.071525221013869e+02,2.999999999982974e+02,9.620398241039659e+02,3.297229090017528e+02,1,0.000000000000000e+00,0.000000000000000e+00
6.670000000002824e-05,1334,4.858357999104642e-02,1.208642915170807e+04,1.000000000000000e+00,8.000000000000000e-01,2.000000000000000e-01,1.092078893160171e-04,-7.512982179781362e-05,1.666666666666667e+00,0.000000000000000e+00,2.981500000000000e+02,3.071802510195229e+02,2.999999999983059e+02,9.627416936314069e+02,3.297334786783924e+02,1,0.000000000000000e+00,0.000000000000000e+00
6.675000000002767e-05,1335,5.452885281849548e-02,1.340574274803986e+04,1.000000000000000e+00,8.000000000000000e-01,2.000000000000000e-01,1.092912226493500e-04,-7.512982179781362e-05,1.666666666666667e+00,0.000000000000000e+00,2.981500000000000e+02,3.072231011928816e+02,2.999999999983116e+02,9.632213822853240e+02,3.297455598523001e+02,1,0.000000000000000e+00,0.000000000000000e+00
6.680000000002710e-05,1336,5.814223357050773e-02,1.390946141961421e+04,1.000000000000000e+00,8.000000000000000e-01,2.000000000000000e-01,1.093745559826828e-04,-7.512982179781362e-05,1.666666666666667e+00,0.000000000000000e+00,2.981500000000000e+02,3.073006527395391e+02,2.999999999983173e+02,9.634525627081606e+02,3.297587917192880e+02,1,0.000000000000000e+00,0.000000000000000e+00
6.685000000002653e-05,1337,5.816720516776749e-02,1.015782781615427e+04,1.000000000000000e+00,8.000000000000000e-01,2.000000000000000e-01,1.094578893160156e-04,-7.512982179781362e-05,1.666666666666667e+00,0.000000000000000e+00,2.981500000000000e+02,3.073611625009716e+02,2.999999999983229e+02,9.636733891235563e+02,3.297888646777935e+02,1,0.000000000000000e+00,0.000000000000000e+00
6.690000000002597e-05,1338,5.110692164944804e-02,9.228915252673669e+03,1.000000000000000e+00,8.000000000000000e-01,2.000000000000000e-01,1.095412226493485e-04,-7.512982179781362e-05,1.666666666666667e+00,0.000000000000000e+00,2.981500000000000e+02,3.074129202504238e+02,2.999999999983286e+02,9.638940193755952e+02,3.298176660376944e+02,1,0.000000000000000e+00,0.000000000000000e+00
6.695000000002540e-05,1339,5.113386585115306e-02,6.373086393897872e+03,1.000000000000000e+00,8.000000000000000e-01,2.000000000000000e-01,1.096245559826813e-04,-7.512982179781362e-05,1.666666666666667e+00,0.000000000000000e+00,2.981500000000000e+02,3.074672388206832e+02,2.999999999983343e+02,9.641590102911347e+02,3.298457525807442e+02,1,0.000000000000000e+00,0.000000000000000e+00
6.700000000002483e-05,1340,5.115920541649836e-02,6.968208928818751e+03,1.000000000000000e+00,8.000000000000000e-01,2.000000000000000e-01,1.097078893160142e-04,-7.512982179781362e-05,1.666666666666667e+00,0.000000000000000e+00,2.981500000000000e+02,3.075256130015899e+02,2.999999999983400e+02,9.643755350258114e+02,3.298721483025099e+02,1,0.000000000000000e+00,0.000000000000000e+00
6.705000000002426e-05,1341,5.470279904051809e-02,5.953573015855825e+03,1.000000000000000e+00,8.000000000000000e-01,2.000000000000000e-01,1.097912226493470e-04,-7.512982179781362e-05,1.666666666666667e+00,0.000000000000000e+00,2.981500000000000e+02,3.075649490195956e+02,2.999999999983011e+02,9.644331461095879e+02,3.298968288398442e+02,1,0.000000000000000e+00,0.000000000000000e+00
6.710000000002369e-05,1342,5.829848316300184e-02,9.528527062150413e+03,1.000000000000000e+00,8.000000000000000e-01,2.000000000000000e-01,1.098745559826798e-04,-7.512982179781362e-05,1.666666666666667e+00,0.000000000000000e+00,2.981500000000000e+02,3.075993847889712e+02,2.999999999983068e+02,9.643909713699169e+02,3.299207981376612e+02,1,0.000000000000000e+00,0.000000000000000e+00
6.715000000002313e-05,1343,5.831377791084441e-02,8.124502914382462e+03,1.000000000000000e+00,8.000000000000000e-01,2.000000000000000e-01,1.099578893160127e-04,-7.512982179781362e-05,1.666666666666667e+00,0.000000000000000e+00,2.981500000000000e+02,3.076277133660763e+02,2.999999999983125e+02,9.643126408342222e+02,3.299355013842231e+02,1,0.000000000000000e+00,0.000000000000000e+00
6.720000000002256e-05,1344,5.124224686463775e-02,5.870169621058216e+03,1.000000000000000e+00,8.000000000000000e-01,2.000000000000000e-01,1.100412226493455e-04,-7.512982179781362e-05,1.666666666666667e+00,0.000000000000000e+00,2.981500000000000e+02,3.076557676546886e+02,2.999999999983182e+02,9.642113652579857e+02,3.299586870353211e+02,1,0.000000000000000e+00,0.000000000000000e+00
6.725000000002199e-05,1345,5.125717262402315e-02,5.607107429620574e+03,1.000000000000000e+00,8.000000000000000e-01,2.000000000000000e-01,1.101245559826783e-04,-7.512982179781362e-05,1.666666666666667e+00,0.000000000000000e+00,2.981500000000000e+02,3.076885490295482e+02,2.999999999983239e+02,9.641441392990955e+02,3.299815788494457e+02,1,0.000000000000000e+00,0.000000000000000e+00
6.730000000002142e-05,1346,5.128283914209442e-02,5.565725026540109e+03,1.000000000000000e+00,8.000000000000000e-01,2.000000000000000e-01,1.102078893160112e-04,-7.512982179781362e-05,1.666666666666667e+00,0.000000000000000e+00,2.981500000000000e+02,3.077322851716630e+02,2.999999999983295e+02,9.642044225251632e+02,3.300059417141415e+02,1,0.000000000000000e+00,0.000000000000000e+00
6.735000000002085e-05,1347,5.482381776636617e-02,5.906000535853544e+03,1.000000000000000e+00,8.000000000000000e-01,2.000000000000000e-01,1.102912226493440e-04,-7.512982179781362e-05,1.666666666666667e+00,0.000000000000000e+00,2.981500000000000e+02,3.077806759227244e+02,2.999999999983352e+02,9.643237845975245e+02,3.300307970999908e+02,1,0.000000000000000e+00,0.000000000000000e+00
6.740000000002029e-05,1348,5.842328813735109e-02,1.022691974324233e+04,1.000000000000000e+00,8.000000000000000e-01,2.000000000000000e-01,1.103745559826769e-04,-7.512982179781362e-05,1.666666666666667e+00,0.000000000000000e+00,2.981500000000000e+02,3.078286739102010e+02,2.999999999983409e+02,9.644852343187879e+02,3.300561132372782e+02,1,0.000000000000000e+00,0.000000000000000e+00
6.745000000001972e-05,1349,5.844464908925881e-02,9.468299877514572e+03,1.000000000000000e+00,8.000000000000000e-01,2.000000000000000e-01,1.104578893160097e-04,-7.512982179781362e-05,1.666666666666667e+00,0.000000000000000e+00,2.981500000000000e+02,3.078834130686761e+02,2.999999999983466e+02,9.647375037223422e+02,3.300821482982109e+02,1,0.000000000000000e+00,0.000000000000000e+00
6.750000000001915e-05,1350,5.138505268184611e-02,9.997485347467558e+03,1.000000000000000e+00,8.000000000000000e-01,2.000000000000000e-01,1.105412226493425e-04,-7.512982179781362e-05,1.666666666666667e+00,0.000000000000000e+00,2.981500000000000e+02,3.079454420297959e+02,2.999999999983523e+02,9.650728487931983e+02,3.301081014911872e+02,1,0.000000000000000e+00,0.000000000000000e+00
6.755000000001858e-05,1351,5.141651363068619e-02,5.225463259354181e+03,1.000000000000000e+00,8.000000000000000e-01,2.000000000000000e-01,1.106245559826754e-04,-7.512982179781362e-05,1.666666666666667e+00,0.000000000000000e+00,2.981500000000000e+02,3.080186421782032e+02,2.999999999983580e+02,9.655401567202312e+02,3.301347805112097e+02,1,0.000000000000000e+00,0.000000000000000e+00
6.760000000001801e-05,1352,5.145579129983581e-02,3.142326220485491e+04,1.000000000000000e+00,8.000000000000000e-01,2.000000000000000e-01,1.107078893160082e-04,-7.512982179781362e-05,1.666666666666667e+00,0.000000000000000e+00,2.981500000000000e+02,3.086127073492484e+02,2.999999999983636e+02,9.659954614478837e+02,3.301624106908433e+02,1,0.000000000000000e+00,0.000000000000000e+00
6.765000000001745e-05,1353,5.502292826824002e-02,1.681213875473278e+04,1.000000000000000e+00,8.000000000000000e-01,2.000000000000000e-01,1.107912226493411e-04,-7.512982179781362e-05,1.666666666666667e+00,0.000000000000000e+00,2.981500000000000e+02,3.091939030621516e+02,2.999999999983693e+02,9.669069617327209e+02,3.301910959313743e+02,1,0.000000000000000e+00,0.000000000000000e+00
6.770000000001688e-05,1354,5.864088697430205e-02,1.044545647364414e+04,1.000000000000000e+00,8.000000000000000e-01,2.000000000000000e-01,1.108745559826739e-04,-7.512982179781362e-05,1.666666666666667e+00,0.000000000000000e+00,2.981500000000000e+02,3.092513078734997e+02,2.999999999983750e+02,9.681478429326201e+02,3.302184089306964e+02,1,0.000000000000000e+00,0.000000000000000e+00
6.775000000001631e-05,1355,5.867352797459559e-02,8.450327783795787e+03,1.000000000000000e+00,8.000000000000000e-01,2.000000000000000e-01,1.109578893160067e-04,-7.512982179781362e-05,1.666666666666667e+00,0.000000000000000e+00,2.981500000000000e+02,3.091853286161745e+02,2.999999999983807e+02,9.692164268379295e+02,3.302454956896968e+02,1,0.000000000000000e+00,0.000000000000000e+00
6.780000000001574e-05,1356,5.165185106906163e-02,1.143254775163503e+04,1.000000000000000e+00,8.000000000000000e-01,2.000000000000000e-01,1.110412226493396e-04,-7.512982179781362e-05,1.666666666666667e+00,0.000000000000000e+00,2.981500000000000e+02,3.090659846813938e+02,2.999999999983864e+02,9.701617910707697e+02,3.302729855489216e+02,1,0.000000000000000e+00,0.000000000000000e+00
6.785000000001517e-05,1357,4.874748718797722e-02,5.001636862190153e+03,1.000000000000000e+00,8.000000000000000e-01,2.000000000000000e-01,1.111245559826724e-04,-7.512982179781362e-05,1.666666666666667e+00,0.000000000000000e+00,2.981500000000000e+02,3.089343296415682e+02,2.999999999983921e+02,9.710583083917467e+02,3.303010716384487e+02,1,0.000000000000000e+00,0.000000000000000e+00
6.790000000001461e-05,1358,5.173060947628739e-02,5.063060249448792e+03,1.000000000000000e+00,8.000000000000000e-01,2.000000000000000e-01,1.112078893160052e-04,-7.512982179781362e-05,1.666666666666667e+00,0.000000000000000e+00,2.981500000000000e+02,3.087756204673759e+02,2.999999999983978e+02,9.717534848321591e+02,3.303116265741619e+02,1,0.000000000000000e+00,0.000000000000000e+00
6.795000000001404e-05,1359,5.525968975491807e-02,7.089649675119000e+03,1.000000000000000e+00,8.000000000000000e-01,2.000000000000000e-01,1.112912226493381e-04,-7.512982179781362e-05,1.666666666666667e+00,0.000000000000000e+00,2.981500000000000e+02,3.086008698217893e+02,2.999999999984034e+02,9.723234993740670e+02,3.303381688881751e+02,1,0.000000000000000e+00,0.000000000000000e+00
6.800000000001347e-05,1360,5.885679487715022e-02,8.254975534177236e+03,1.000000000000000e+00,8.000000000000000e-01,2.000000000000000e-01,1.113745559826709e-04,-7.512982179781362e-05,1.666666666666667e+00,0.000000000000000e+00,2.981500000000000e+02,3.084397714743957e+02,2.999999999984091e+02,9.728049814865032e+02,3.303531122336284e+02,1,0.000000000000000e+00,0.000000000000000e+00
6.805000000001290e-05,1361,5.888135317598219e-02,9.922076715765646e+03,1.000000000000000e+00,8.000000000000000e-01,2.000000000000000e-01,1.114578893160038e-04,-7.512982179781362e-05,1.666666666666667e+00,0.000000000000000e+00,2.981500000000000e+02,3.082823454640598e+02,2.999999999984148e+02,9.732138293859629e+02,3.303815239203757e+02,1,0.000000000000000e+00,0.000000000000000e+00
6.810000000001233e-05,1362,5.185528702985112e-02,8.744091053511705e+03,1.000000000000000e+00,8.000000000000000e-01,2.000000000000000e-01,1.115412226493366e-04,-7.512982179781362e-05,1.666666666666667e+00,0.000000000000000e+00,2.981500000000000e+02,3.081270806143483e+02,2.999999999984205e+02,9.735898854572973e+02,3.304106317407744e+02,1,0.000000000000000e+00,0.000000000000000e+00
6.815000000001177e-05,1363,4.891251563337613e-02,3.336833858931661e+03,1.000000000000000e+00,8.000000000000000e-01,2.000000000000000e-01,1.116245559826694e-04,-7.512982179781362e-05,1.666666666666667e+00,0.000000000000000e+00,2.981500000000000e+02,3.079911760962475e+02,2.999999999984262e+02,9.739493140437366e+02,3.304395723383861e+02,1,0.000000000000000e+00,0.000000000000000e+00
6.820000000001120e-05,1364,5.191807419752165e-02,4.546426549896219e+03,1.000000000000000e+00,8.000000000000000e-01,2.000000000000000e-01,1.117078893160023e-04,-7.512982179781362e-05,1.666666666666667e+00,0.000000000000000e+00,2.981500000000000e+02,3.078678615242352e+02,2.999999999984319e+02,9.742900375747283e+02,3.304682110722061e+02,1,0.000000000000000e+00,0.000000000000000e+00
6.825000000001063e-05,1365,5.900243177569486e-02,5.771164657272629e+03,1.000000000000000e+00,8.000000000000000e-01,2.000000000000000e-01,1.117912226493351e-04,-7.512982179781362e-05,1.666666666666667e+00,0.000000000000000e+00,2.981500000000000e+02,3.077434586630887e+02,2.999999999984375e+02,9.745856536266189e+02,3.304955732747850e+02,1,0.000000000000000e+00,0.000000000000000e+00
6.830000000001006e-05,1366,5.903500764598788e-02,6.846835618814694e+03,1.000000000000000e+00,8.000000000000000e-01,2.000000000000000e-01,1.118745559826680e-04,-7.512982179781362e-05,1.666666666666667e+00,0.000000000000000e+00,2.981500000000000e+02,3.076218506005920e+02,2.999999999984432e+02,9.747979635387550e+02,3.305218789791522e+02,1,0.000000000000000e+00,0.000000000000000e+00
6.835000000000949e-05,1367,5.905543491400041e-02,8.499312784095324e+03,1.000000000000000e+00,8.000000000000000e-01,2.000000000000000e-01,1.119578893160008e-04,-7.512982179781362e-05,1.666666666666667e+00,0.000000000000000e+00,2.981500000000000e+02,3.075044334360645e+02,2.999999999984489e+02,9.749506101584358e+02,3.305481880287443e+02,1,0.000000000000000e+00,0.000000000000000e+00
6.840000000000893e-05,1368,5.203132941918363e-02,4.426876547429950e+03,1.000000000000000e+00,8.000000000000000e-01,2.000000000000000e-01,1.120412226493336e-04,-7.512982179781362e-05,1.666666666666667e+00,0.000000000000000e+00,2.981500000000000e+02,3.073983045186013e+02,2.999999999984546e+02,9.750972396728178e+02,3.305756001786416e+02,1,0.000000000000000e+00,0.000000000000000e+00
6.845000000000836e-05,1369,4.904130614715679e-02,3.508007176093358e+03,1.000000000000000e+00,8.000000000000000e-01,2.000000000000000e-01,1.121245559826665e-04,-7.512982179781362e-05,1.666666666666667e+00,0.000000000000000e+00,2.981500000000000e+02,3.072881587028199e+02,2.999999999984603e+02,9.752430721512201e+02,3.305872600482680e+02,1,0.000000000000000e+00,0.000000000000000e+00
6.850000000000779e-05,1370,5.208705497079318e-02,4.058327902917592e+03,1.000000000000000e+00,8.000000000000000e-01,2.000000000000000e-01,1.122078893159993e-04,-7.512982179781362e-05,1.666666666666667e+00,0.000000000000000e+00,2.981500000000000e+02,3.071833012981350e+02,2.999999999984660e+02,9.754090759968790e+02,3.306159960655833e+02,1,0.000000000000000e+00,0.000000000000000e+00
6.855000000000722e-05,1371,5.916709783742197e-02,6.545381214091345e+03,1.000000000000000e+00,8.000000000000000e-01,2.000000000000000e-01,1.122912226493321e-04,-7.512982179781362e-05,1.666666666666667e+00,0.000000000000000e+00,2.981500000000000e+02,3.070810108487843e+02,2.999999999984717e+02,9.755769970166405e+02,3.306441301964215e+02,1,0.000000000000000e+00,0.000000000000000e+00
6.860000000000665e-05,1372,5.919987229701310e-02,7.577124978015800e+03,1.000000000000000e+00,8.000000000000000e-01,2.000000000000000e-01,1.123745559826650e-04,-7.512982179781362e-05,1.666666666666667e+00,0.000000000000000e+00,2.981500000000000e+02,3.069771659085738e+02,2.999999999984773e+02,9.757492415268164e+02,3.306723164132477e+02,1,0.000000000000000e+00,0.000000000000000e+00
6.865000000000609e-05,1373,5.922253788097846e-02,9.614526377623706e+03,1.000000000000000e+00,8.000000000000000e-01,2.000000000000000e-01,1.124578893159978e-04,-7.512982179781362e-05,1.666666666666667e+00,0.000000000000000e+00,2.981500000000000e+02,3.068770799423767e+02,2.999999999984830e+02,9.759431167690356e+02,3.307010813132850e+02,1,0.000000000000000e+00,0.000000000000000e+00
6.870000000000552e-05,1374,5.220375673072817e-02,6.724361145710966e+03,1.000000000000000e+00,8.000000000000000e-01,2.000000000000000e-01,1.125412226493307e-04,-7.512982179781362e-05,1.666666666666667e+00,0.000000000000000e+00,2.981500000000000e+02,3.067770712345097e+02,2.999999999984887e+02,9.761439007638772e+02,3.307295448661314e+02,1,0.000000000000000e+00,0.000000000000000e+00
6.875000000000495e-05,1375,4.917180525868713e-02,4.300400505015268e+03,1.000000000000000e+00,8.000000000000000e-01,2.000000000000000e-01,1.126245559826635e-04,-7.512982179781362e-05,1.666666666666667e+00,0.000000000000000e+00,2.981500000000000e+02,3.066828328360859e+02,2.999999999984944e+02,9.763253621164048e+02,3.307573300901811e+02,1,0.000000000000000e+00,0.000000000000000e+00
6.880000000000438e-05,1376,5.226037606515509e-02,4.615804550761192e+03,1.000000000000000e+00,8.000000000000000e-01,2.000000000000000e-01,1.127078893159963e-04,-7.512982179781362e-05,1.666666666666667e+00,0.000000000000000e+00,2.981500000000000e+02,3.065962569200202e+02,2.999999999985001e+02,9.765193169140202e+02,3.307852718177105e+02,1,0.000000000000000e+00,0.000000000000000e+00
6.885000000000381e-05,1377,5.933284976011288e-02,5.354084819237311e+03,1.000000000000000e+00,8.000000000000000e-01,2.000000000000000e-01,1.127912226493292e-04,-7.512982179781362e-05,1.666666666666667e+00,0.000000000000000e+00,2.981500000000000e+02,3.065153108788402e+02,2.999999999985058e+02,9.767396635392010e+02,3.308121414762880e+02,1,0.000000000000000e+00,0.000000000000000e+00
6.890000000000325e-05,1378,5.936195694768359e-02,5.851819828205000e+03,1.000000000000000e+00,8.000000000000000e-01,2.000000000000000e-01,1.128745559826620e-04,-7.512982179781362e-05,1.666666666666667e+00,0.000000000000000e+00,2.981500000000000e+02,3.064409676694926e+02,2.999999999985114e+02,9.769813382638984e+02,3.308389404341759e+02,1,0.000000000000000e+00,0.000000000000000e+00
6.895000000000268e-05,1379,5.938068182032120e-02,8.304872039479553e+03,1.000000000000000e+00,8.000000000000000e-01,2.000000000000000e-01,1.129578893159949e-04,-7.512982179781362e-05,1.666666666666667e+00,0.000000000000000e+00,2.981500000000000e+02,3.063738290502430e+02,2.999999999985171e+02,9.772085243502753e+02,3.308655130046188e+02,1,0.000000000000000e+00,0.000000000000000e+00
6.900000000000211e-05,1380,5.236902678906109e-02,5.700097492300246e+03,1.000000000000000e+00,8.000000000000000e-01,2.000000000000000e-01,1.130412226493277e-04,-7.512982179781362e-05,1.666666666666667e+00,0.000000000000000e+00,2.981500000000000e+02,3.063081687639075e+02,2.999999999985228e+02,9.774157665325595e+02,3.308921083574300e+02,1,0.000000000000000e+00,0.000000000000000e+00
6.905000000000154e-05,1381,4.621896248874691e-02,2.724476254558065e+03,1.000000000000000e+00,8.000000000000000e-01,2.000000000000000e-01,1.131245559826605e-04,-7.512982179781362e-05,1.666666666666667e+00,0.000000000000000e+00,2.981500000000000e+02,3.062464906053105e+02,2.999999999985285e+02,9.775994400323835e+02,3.309184185627213e+02,1,0.000000000000000e+00,0.000000000000000e+00
6.910000000000097e-05,1382,5.241685510816632e-02,3.365374445805235e+03,1.000000000000000e+00,8.000000000000000e-01,2.000000000000000e-01,1.132078893159934e-04,-7.512982179781362e-05,1.666666666666667e+00,0.000000000000000e+00,2.981500000000000e+02,3.061834613110301e+02,2.999999999985342e+02,9.777878718362616e+02,3.309452437859505e+02,1,0.000000000000000e+00,0.000000000000000e+00
6.915000000000041e-05,1383,5.948118040409795e-02,5.472684538859759e+03,1.000000000000000e+00,8.000000000000000e-01,2.000000000000000e-01,1.132912226493262e-04,-7.512982179781362e-05,1.666666666666667e+00,0.000000000000000e+00,2.981500000000000e+02,3.061205773570905e+02,2.999999999985399e+02,9.779869306358735e+02,3.309727569573757e+02,1,0.000000000000000e+00,0.000000000000000e+00
6.919999999999984e-05,1384,5.950962193026321e-02,6.039839190073550e+03,1.000000000000000e+00,8.000000000000000e-01,2.000000000000000e-01,1.133745559826590e-04,-7.512982179781362e-05,1.666666666666667e+00,0.000000000000000e+00,2.981500000000000e+02,3.060573233558736e+02,2.999999999985455e+02,9.781759428587955e+02,3.310001426641294e+02,1,0.000000000000000e+00,0.000000000000000e+00
6.924999999999927e-05,1385,5.952817450056538e-02,7.968882624167326e+03,1.000000000000000e+00,8.000000000000000e-01,2.000000000000000e-01,1.134578893159919e-04,-7.512982179781362e-05,1.666666666666667e+00,0.000000000000000e+00,2.981500000000000e+02,3.059989617891638e+02,2.999999999985512e+02,9.783361890183734e+02,3.310267989083945e+02,1,0.000000000000000e+00,0.000000000000000e+00
6.929999999999870e-05,1386,5.253213160788794e-02,1.293527739775286e+04,1.000000000000000e+00,8.000000000000000e-01,2.000000000000000e-01,1.135412226493247e-04,-7.512982179781362e-05,1.666666666666667e+00,0.000000000000000e+00,2.981500000000000e+02,3.059420620470068e+02,2.999999999985569e+02,9.785196329678996e+02,3.310527931388737e+02,1,0.000000000000000e+00,0.000000000000000e+00
6.934999999999813e-05,1387,4.638528145164440e-02,7.643824783978134e+03,1.000000000000000e+00,8.000000000000000e-01,2.000000000000000e-01,1.136245559826576e-04,-7.512982179781362e-05,1.666666666666667e+00,0.000000000000000e+00,2.981500000000000e+02,3.061736373517862e+02,2.999999999985626e+02,9.788197494016400e+02,3.310800219137340e+02,1,0.000000000000000e+00,0.000000000000000e+00
6.939999999999757e-05,1388,4.956036194269659e-02,6.407325388456788e+03,1.000000000000000e+00,8.000000000000000e-01,2.000000000000000e-01,1.137078893159904e-04,-7.512982179781362e-05,1.666666666666667e+00,0.000000000000000e+00,2.981500000000000e+02,3.063828540609870e+02,2.999999999985683e+02,9.790847515713335e+02,3.311073752708102e+02,1,0.000000000000000e+00,0.000000000000000e+00
6.944999999999700e-05,1389,5.971547818675513e-02,8.222268990227725e+03,1.000000000000000e+00,8.000000000000000e-01,2.000000000000000e-01,1.137912226493232e-04,-7.512982179781362e-05,1.666666666666667e+00,0.000000000000000e+00,2.981500000000000e+02,3.065489137099394e+02,2.999999999985740e+02,9.793233782483823e+02,3.311349917468891e+02,1,0.000000000000000e+00,0.000000000000000e+00
6.949999999999643e-05,1390,5.976582583163557e-02,7.068036988928970e+03,1.000000000000000e+00,8.000000000000000e-01,2.000000000000000e-01,1.138745559826561e-04,-7.512982179781362e-05,1.666666666666667e+00,0.000000000000000e+00,2.981500000000000e+02,3.066937941562597e+02,2.999999999985797e+02,9.795457845485456e+02,3.311619607573155e+02,1,0.000000000000000e+00,0.000000000000000e+00
6.954999999999586e-05,1391,5.980492263867892e-02,1.336776450623074e+04,1.000000000000000e+00,8.000000000000000e-01,2.000000000000000e-01,1.139578893159889e-04,-7.512982179781362e-05,1.666666666666667e+00,0.000000000000000e+00,2.981500000000000e+02,3.068265162370213e+02,2.999999999985853e+02,9.797445410179498e+02,3.311884134150193e+02,1,0.000000000000000e+00,0.000000000000000e+00
6.959999999999529e-05,1392,4.976046709236998e-02,9.921550999410998e+03,1.000000000000000e+00,8.000000000000000e-01,2.000000000000000e-01,1.140412226493218e-04,-7.512982179781362e-05,1.666666666666667e+00,0.000000000000000e+00,2.981500000000000e+02,3.069477893259163e+02,2.999999999985910e+02,9.799289183234623e+02,3.312154383851812e+02,1,0.000000000000000e+00,0.000000000000000e+00
6.964999999999473e-05,1393,4.666162577976687e-02,6.286366686215618e+03,1.000000000000000e+00,8.000000000000000e-01,2.000000000000000e-01,1.141245559826546e-04,-7.512982179781362e-05,1.666666666666667e+00,0.000000000000000e+00,2.981500000000000e+02,3.070679538413004e+02,2.999999999985967e+02,9.801306164529962e+02,3.312428472547047e+02,1,0.000000000000000e+00,0.000000000000000e+00
6.969999999999416e-05,1394,4.986398761116248e-02,5.069350538401497e+03,1.000000000000000e+00,8.000000000000000e-01,2.000000000000000e-01,1.142078893159874e-04,-7.512982179781362e-05,1.666666666666667e+00,0.000000000000000e+00,2.981500000000000e+02,3.071832246946139e+02,2.999999999986024e+02,9.803210782097829e+02,3.312703119994504e+02,1,0.000000000000000e+00,0.000000000000000e+00
6.974999999999359e-05,1395,5.743579460831513e-02,8.840511422885955e+03,1.000000000000000e+00,8.000000000000000e-01,2.000000000000000e-01,1.142912226493203e-04,-7.512982179781362e-05,1.666666666666667e+00,0.000000000000000e+00,2.981500000000000e+02,3.072846729475692e+02,2.999999999986081e+02,9.805005457718429e+02,3.312972088965896e+02,1,0.000000000000000e+00,0.000000000000000e+00
6.979999999999302e-05,1396,5.748079193153516e-02,6.992267964787529e+03,1.000000000000000e+00,8.000000000000000e-01,2.000000000000000e-01,1.143745559826531e-04,-7.512982179781362e-05,1.666666666666667e+00,0.000000000000000e+00,2.981500000000000e+02,3.073753468888194e+02,2.999999999986138e+02,9.806380809114149e+02,3.313232631627876e+02,1,0.000000000000000e+00,0.000000000000000e+00
6.984999999999246e-05,1397,5.756474333929516e-02,1.960894903963616e+04,1.000000000000000e+00,8.000000000000000e-01,2.000000000000000e-01,1.144578893159859e-04,-7.512982179781362e-05,1.666666666666667e+00,0.000000000000000e+00,2.981500000000000e+02,3.074754083304336e+02,2.999999999986194e+02,9.845021366950109e+02,3.313500583576050e+02,1,0.000000000000000e+00,0.000000000000000e+00
6.989999999999189e-05,1398,4.437547236573701e-02,1.402115195152100e+04,1.000000000000000e+00,8.000000000000000e-01,2.000000000000000e-01,1.145412226493188e-04,-7.512982179781362e-05,1.666666666666667e+00,0.000000000000000e+00,2.981500000000000e+02,3.075867953908142e+02,2.999999999986251e+02,9.865773880927217e+02,3.313595373259396e+02,1,0.000000000000000e+00,0.000000000000000e+00
6.994999999999132e-05,1399,4.443595759484836e-02,9.642058458987254e+03,1.000000000000000e+00,8.000000000000000e-01,2.000000000000000e-01,1.146245559826516e-04,-7.512982179781362e-05,1.666666666666667e+00,0.000000000000000e+00,2.981500000000000e+02,3.076996909998514e+02,2.999999999986308e+02,9.876116810572270e+02,3.313875921216511e+02,1,0.000000000000000e+00,0.000000000000000e+00
6.999999999999075e-05,1400,4.768671897892283e-02,7.714906888747335e+03,1.000000000000000e+00,8.000000000000000e-01,2.000000000000000e-01,1.147078893159845e-04,-7.512982179781362e-05,1.666666666666667e+00,0.000000000000000e+00,2.981500000000000e+02,3.078040550434218e+02,2.999999999986365e+02,9.882814629952653e+02,3.314140881770250e+02,1,0.000000000000000e+00,0.000000000000000e+00
7.004999999999018e-05,1401,5.784009508408529e-02,1.077228872556529e+04,1.000000000000000e+00,8.000000000000000e-01,2.000000000000000e-01,1.147912226493173e-04,-7.512982179781362e-05,1.666666666666667e+00,0.000000000000000e+00,2.981500000000000e+02,3.078953157944751e+02,2.999999999985602e+02,9.887535617969984e+02,3.314412030859417e+02,1,0.000000000000000e+00,0.000000000000000e+00
7.009999999998962e-05,1402,5.789627363133731e-02,1.011886909048592e+04,1.000000000000000e+00,8.000000000000000e-01,2.000000000000000e-01,1.148745559826501e-04,-7.512982179781362e-05,1.666666666666667e+00,0.000000000000000e+00,2.981500000000000e+02,3.079645447475649e+02,2.999999999985658e+02,9.891264359343280e+02,3.314515413920965e+02,1,0.000000000000000e+00,0.000000000000000e+00
7.014999999998905e-05,1403,5.489350086973993e-02,1.664452216920599e+04,1.000000000000000e+00,8.000000000000000e-01,2.000000000000000e-01,1.149578893159830e-04,-7.512982179781362e-05,1.666666666666667e+00,0.000000000000000e+00,2.981500000000000e+02,3.080232523997058e+02,2.999999999985715e+02,9.895529589030967e+02,3.314814232624254e+02,1,0.000000000000000e+00,0.000000000000000e+00
7.019999999998848e-05,1404,4.736710490835579e-02,1.064391375576566e+04,1.000000000000000e+00,8.000000000000000e-01,2.000000000000000e-01,1.150412226493158e-04,-7.512982179781362e-05,1.666666666666667e+00,0.000000000000000e+00,2.981500000000000e+02,3.080585613223182e+02,2.999999999985741e+02,9.899466290439643e+02,3.315109995273248e+02,1,0.000000000000000e+00,0.000000000000000e+00
7.024999999998791e-05,1405,4.402630039422788e-02,4.437623660034211e+03,1.000000000000000e+00,8.000000000000000e-01,2.000000000000000e-01,1.151245559826487e-04,-7.512982179781362e-05,1.666666666666667e+00,0.000000000000000e+00,2.981500000000000e+02,3.080838246781796e+02,2.999999999985798e+02,9.902641921633220e+02,3.315408781714529e+02,1,0.000000000000000e+00,0.000000000000000e+00
7.029999999998734e-05,1406,5.070887786106435e-02,8.739369598516087e+03,1.000000000000000e+00,8.000000000000000e-01,2.000000000000000e-01,1.152078893159815e-04,-7.512982179781362e-05,1.666666666666667e+00,0.000000000000000e+00,2.981500000000000e+02,3.081018416519673e+02,2.999999999985855e+02,9.905339962581479e+02,3.315542165200548e+02,1,0.000000000000000e+00,0.000000000000000e+00
7.034999999998678e-05,1407,5.821901785666906e-02,1.239260728251543e+04,1.000000000000000e+00,8.000000000000000e-01,2.000000000000000e-01,1.152912226493143e-04,-7.512982179781362e-05,1.666666666666667e+00,0.000000000000000e+00,2.981500000000000e+02,3.081032864209735e+02,2.999999999985911e+02,9.907549919948775e+02,3.315829040189554e+02,1,0.000000000000000e+00,0.000000000000000e+00
7.039999999998621e-05,1408,5.827556117523680e-02,6.879988193862697e+03,1.000000000000000e+00,8.000000000000000e-01,2.000000000000000e-01,1.153745559826472e-04,-7.512982179781362e-05,1.666666666666667e+00,0.000000000000000e+00,2.981500000000000e+02,3.080891210312599e+02,2.999999999986154e+02,9.909250536642289e+02,3.316105261088841e+02,1,0.000000000000000e+00,0.000000000000000e+00
7.044999999998564e-05,1409,5.831791768761851e-02,1.763096754576767e+04,1.000000000000000e+00,8.000000000000000e-01,2.000000000000000e-01,1.154578893159800e-04,-7.512982179781362e-05,1.666666666666667e+00,0.000000000000000e+00,2.981500000000000e+02,3.080668445647903e+02,2.999999999986210e+02,9.910722227288942e+02,3.316201085051443e+02,1,0.000000000000000e+00,0.000000000000000e+00
7.049999999998507e-05,1410,4.746469720632227e-02,6.355632578110944e+03,1.000000000000000e+00,8.000000000000000e-01,2.000000000000000e-01,1.155412226493128e-04,-7.512982179781362e-05,1.666666666666667e+00,0.000000000000000e+00,2.981500000000000e+02,3.080286639673252e+02,2.999999999986267e+02,9.912469980056518e+02,3.316316607019843e+02,1,0.000000000000000e+00,0.000000000000000e+00
7.054999999998450e-05,1411,4.424010582774224e-02,3.951317793176621e+03,1.000000000000000e+00,8.000000000000000e-01,2.000000000000000e-01,1.156245559826457e-04,-7.512982179781362e-05,1.666666666666667e+00,0.000000000000000e+00,2.981500000000000e+02,3.079911676133385e+02,2.999999999986006e+02,9.914739350745905e+02,3.316612722702629e+02,1,0.000000000000000e+00,0.000000000000000e+00
7.059999999998394e-05,1412,5.102999648825039e-02,9.375804295953467e+03,1.000000000000000e+00,8.000000000000000e-01,2.000000000000000e-01,1.157078893159785e-04,-7.512982179781362e-05,1.666666666666667e+00,0.000000000000000e+00,2.981500000000000e+02,3.079685907987208e+02,2.999999999986063e+02,9.918222080580301e+02,3.316905548869189e+02,1,0.000000000000000e+00,0.000000000000000e+00
7.064999999998337e-05,1413,5.812854589561859e-02,1.371636118927036e+04,1.000000000000000e+00,8.000000000000000e-01,2.000000000000000e-01,1.157912226493114e-04,-7.512982179781362e-05,1.666666666666667e+00,0.000000000000000e+00,2.981500000000000e+02,3.079491937140459e+02,2.999999999986120e+02,9.922636819325785e+02,3.317196763913210e+02,1,0.000000000000000e+00,0.000000000000000e+00
7.069999999998280e-05,1414,5.554351358685318e-02,7.706154602969625e+03,1.000000000000000e+00,8.000000000000000e-01,2.000000000000000e-01,1.158745559826442e-04,-7.512982179781362e-05,1.666666666666667e+00,0.000000000000000e+00,2.981500000000000e+02,3.079125906907581e+02,2.999999999986177e+02,9.928456538414624e+02,3.317489457913434e+02,1,0.000000000000000e+00,0.000000000000000e+00
7.074999999998223e-05,1415,5.460318868155448e-02,1.725069097011185e+04,1.000000000000000e+00,8.000000000000000e-01,2.000000000000000e-01,1.159578893159770e-04,-7.512982179781362e-05,1.666666666666667e+00,0.000000000000000e+00,2.981500000000000e+02,3.078719463818516e+02,2.999999999985952e+02,9.935561104477866e+02,3.317785371506584e+02,1,0.000000000000000e+00,0.000000000000000e+00
7.079999999998166e-05,1416,4.439616831154831e-02,7.773469183551514e+03,1.000000000000000e+00,8.000000000000000e-01,2.000000000000000e-01,1.160412226493099e-04,-7.512982179781362e-05,1.666666666666667e+00,0.000000000000000e+00,2.981500000000000e+02,3.078221980109978e+02,2.999999999986009e+02,9.944719988906994e+02,3.317932644063677e+02,1,0.000000000000000e+00,0.000000000000000e+00
7.084999999998110e-05,1417,4.443816038424952e-02,6.417645242976860e+03,1.000000000000000e+00,8.000000000000000e-01,2.000000000000000e-01,1.161245559826427e-04,-7.512982179781362e-05,1.666666666666667e+00,0.000000000000000e+00,2.981500000000000e+02,3.077718430287386e+02,2.999999999983765e+02,9.956736890638737e+02,3.318226470503485e+02,1,0.000000000000000e+00,0.000000000000000e+00
7.089999999998053e-05,1418,5.133473128342915e-02,8.651489440338910e+03,1.000000000000000e+00,8.000000000000000e-01,2.000000000000000e-01,1.162078893159756e-04,-7.512982179781362e-05,1.666666666666667e+00,0.000000000000000e+00,2.981500000000000e+02,3.077216886229186e+02,2.999999999983765e+02,9.972249047396086e+02,3.318512124195823e+02,1,0.000000000000000e+00,0.000000000000000e+00
7.094999999997996e-05,1419,5.843374581117342e-02,1.492600533760161e+04,1.000000000000000e+00,8.000000000000000e-01,2.000000000000000e-01,1.162912226493084e-04,-7.512982179781362e-05,1.666666666666667e+00,0.000000000000000e+00,2.981500000000000e+02,3.076798811412617e+02,2.999999999983765e+02,9.991069365180230e+02,3.318796091137016e+02,1,0.000000000000000e+00,0.000000000000000e+00
7.099999999997939e-05,1420,5.584349754151375e-02,7.905590905293902e+03,1.000000000000000e+00,8.000000000000000e-01,2.000000000000000e-01,1.163745559826412e-04,-7.512982179781362e-05,1.666666666666667e+00,0.000000000000000e+00,2.981500000000000e+02,3.076563423641431e+02,2.999999999983765e+02,1.000848879085994e+03,3.319082918505814e+02,1,0.000000000000000e+00,0.000000000000000e+00
7.104999999997882e-05,1421,5.855192960558030e-02,2.040041424709589e+04,1.000000000000000e+00,8.000000000000000e-01,2.000000000000000e-01,1.164578893159741e-04,-7.512982179781362e-05,1.666666666666667e+00,0.000000000000000e+00,2.981500000000000e+02,3.076283564984299e+02,2.999999999983765e+02,1.002278305963407e+03,3.319368624248874e+02,1,0.000000000000000e+00,0.000000000000000e+00
7.109999999997826e-05,1422,4.802188581448542e-02,1.136467614755422e+04,1.000000000000000e+00,8.000000000000000e-01,2.000000000000000e-01,1.165412226493069e-04,-7.512982179781362e-05,1.666666666666667e+00,0.000000000000000e+00,2.981500000000000e+02,3.076282913976013e+02,2.999999999983765e+02,1.003718518227726e+03,3.319656142673937e+02,1,0.000000000000000e+00,0.000000000000000e+00
7.114999999997769e-05,1423,4.474687910235713e-02,7.551921096345469e+03,1.000000000000000e+00,8.000000000000000e-01,2.000000000000000e-01,1.166245559826397e-04,-7.512982179781362e-05,1.666666666666667e+00,0.000000000000000e+00,2.981500000000000e+02,3.076705991912646e+02,2.999999999983765e+02,1.004863454032401e+03,3.319947172798567e+02,1,0.000000000000000e+00,0.000000000000000e+00
7.119999999997712e-05,1424,5.532786935824457e-02,1.073623098471809e+04,1.000000000000000e+00,8.000000000000000e-01,2.000000000000000e-01,1.167078893159726e-04,-7.512982179781362e-05,1.666666666666667e+00,0.000000000000000e+00,2.981500000000000e+02,3.077057332180222e+02,2.999999999983765e+02,1.005092478336603e+03,3.320231251091843e+02,1,0.000000000000000e+00,0.000000000000000e+00
7.124999999997655e-05,1425,6.240222869822936e-02,1.028086944995223e+04,1.000000000000000e+00,8.000000000000000e-01,2.000000000000000e-01,1.167912226493054e-04,-7.512982179781362e-05,1.666666666666667e+00,0.000000000000000e+00,2.981500000000000e+02,3.077227194451982e+02,2.999999999983765e+02,1.004462716675191e+03,3.320492819342778e+02,1,0.000000000000000e+00,0.000000000000000e+00
7.129999999997598e-05,1426,5.973022791000988e-02,5.002665377737359e+03,1.000000000000000e+00,8.000000000000000e-01,2.000000000000000e-01,1.168745559826383e-04,-7.512982179781362e-05,1.666666666666667e+00,0.000000000000000e+00,2.981500000000000e+02,3.077223812044601e+02,2.999999999983765e+02,1.003864902336120e+03,3.320618182812515e+02,1,0.000000000000000e+00,0.000000000000000e+00
7.134999999997542e-05,1427,6.244701992205654e-02,9.712286143610696e+03,1.000000000000000e+00,8.000000000000000e-01,2.000000000000000e-01,1.169578893159711e-04,-7.512982179781362e-05,1.666666666666667e+00,0.000000000000000e+00,2.981500000000000e+02,3.077215120384355e+02,2.999999999983765e+02,1.003336674047698e+03,3.320911023316969e+02,1,0.000000000000000e+00,0.000000000000000e+00
7.139999999997485e-05,1428,4.849066289961252e-02,3.502836673367985e+03,1.000000000000000e+00,8.000000000000000e-01,2.000000000000000e-01,1.170412226493039e-04,-7.512982179781362e-05,1.666666666666667e+00,0.000000000000000e+00,2.981500000000000e+02,3.077044486988843e+02,2.999999999983593e+02,1.002864650700997e+03,3.321171115772116e+02,1,0.000000000000000e+00,0.000000000000000e+00
7.144999999997428e-05,1429,4.850813630711692e-02,3.637008578944652e+03,1.000000000000000e+00,8.000000000000000e-01,2.000000000000000e-01,1.171245559826368e-04,-7.512982179781362e-05,1.666666666666667e+00,0.000000000000000e+00,2.981500000000000e+02,3.076820821827065e+02,2.999999999983593e+02,1.002428799637095e+03,3.321258570404962e+02,1,0.000000000000000e+00,0.000000000000000e+00
7.149999999997371e-05,1430,5.189925701332714e-02,2.313126947651908e+03,1.000000000000000e+00,8.000000000000000e-01,2.000000000000000e-01,1.172078893159696e-04,-7.512982179781362e-05,1.666666666666667e+00,0.000000000000000e+00,2.981500000000000e+02,3.076578208312052e+02,2.999999999983593e+02,1.002043113857930e+03,3.321514020494331e+02,1,0.000000000000000e+00,0.000000000000000e+00
7.154999999997314e-05,1431,6.253165037256206e-02,7.417874196072171e+03,1.000000000000000e+00,8.000000000000000e-01,2.000000000000000e-01,1.172912226493024e-04,-7.512982179781362e-05,1.666666666666667e+00,0.000000000000000e+00,2.981500000000000e+02,3.076398665781123e+02,2.999999999983593e+02,1.001706178008066e+03,3.321758847937351e+02,1,0.000000000000000e+00,0.000000000000000e+00
7.159999999997258e-05,1432,5.983056172190145e-02,5.086499002746596e+03,1.000000000000000e+00,8.000000000000000e-01,2.000000000000000e-01,1.173745559826353e-04,-7.512982179781362e-05,1.666666666666667e+00,0.000000000000000e+00,2.981500000000000e+02,3.076174982152777e+02,2.999999999983593e+02,1.001344738802313e+03,3.321998027930591e+02,1,0.000000000000000e+00,0.000000000000000e+00
7.164999999997201e-05,1433,6.255337961072940e-02,8.762236538837176e+03,1.000000000000000e+00,8.000000000000000e-01,2.000000000000000e-01,1.174578893159681e-04,-7.512982179781362e-05,1.666666666666667e+00,0.000000000000000e+00,2.981500000000000e+02,3.076041646964031e+02,2.999999999983593e+02,1.001044496539487e+03,3.322239904208261e+02,1,0.000000000000000e+00,0.000000000000000e+00
7.169999999997144e-05,1434,4.857695706273839e-02,2.489266744274940e+03,1.000000000000000e+00,8.000000000000000e-01,2.000000000000000e-01,1.175412226493010e-04,-7.512982179781362e-05,1.666666666666667e+00,0.000000000000000e+00,2.981500000000000e+02,3.075987900677876e+02,2.999999999983593e+02,1.000788938130216e+03,3.322494935783884e+02,1,0.000000000000000e+00,0.000000000000000e+00
7.174999999997087e-05,1435,4.859457117883401e-02,2.563831041628134e+03,1.000000000000000e+00,8.000000000000000e-01,2.000000000000000e-01,1.176245559826338e-04,-7.512982179781362e-05,1.666666666666667e+00,0.000000000000000e+00,2.981500000000000e+02,3.075972271931194e+02,2.999999999983593e+02,1.000597127563523e+03,3.322756925591211e+02,1,0.000000000000000e+00,0.000000000000000e+00
7.179999999997030e-05,1436,4.861185864524142e-02,3.299009201262670e+03,1.000000000000000e+00,8.000000000000000e-01,2.000000000000000e-01,1.177078893159666e-04,-7.512982179781362e-05,1.666666666666667e+00,0.000000000000000e+00,2.981500000000000e+02,3.075919928892880e+02,2.999999999983593e+02,1.000428126258110e+03,3.323023899512170e+02,1,0.000000000000000e+00,0.000000000000000e+00
7.184999999996974e-05,1437,6.265263220997354e-02,9.006510990753408e+03,1.000000000000000e+00,8.000000000000000e-01,2.000000000000000e-01,1.177912226492995e-04,-7.512982179781362e-05,1.666666666666667e+00,0.000000000000000e+00,2.981500000000000e+02,3.075893855319647e+02,2.999999999983593e+02,1.000278234553165e+03,3.323288978775690e+02,1,0.000000000000000e+00,0.000000000000000e+00
7.189999999996917e-05,1438,5.995095128319788e-02,3.541351972701662e+03,1.000000000000000e+00,8.000000000000000e-01,2.000000000000000e-01,1.178745559826323e-04,-7.512982179781362e-05,1.666666666666667e+00,0.000000000000000e+00,2.981500000000000e+02,3.075749336327486e+02,2.999999999983593e+02,1.000131992939316e+03,3.323553233697759e+02,1,0.000000000000000e+00,0.000000000000000e+00
7.194999999996860e-05,1439,6.270216197850169e-02,8.691541624323663e+03,1.000000000000000e+00,8.000000000000000e-01,2.000000000000000e-01,1.179578893159652e-04,-7.512982179781362e-05,1.666666666666667e+00,0.000000000000000e+00,2.981500000000000e+02,3.075582146220684e+02,2.999999999983593e+02,9.999894212230972e+02,3.323819642343269e+02,1,0.000000000000000e+00,0.000000000000000e+00
7.199999999996803e-05,1440,5.915769964556867e-02,5.258572475476005e+03,1.000000000000000e+00,8.000000000000000e-01,2.000000000000000e-01,1.180412226492980e-04,-7.512982179781362e-05,1.666666666666667e+00,0.000000000000000e+00,2.981500000000000e+02,3.075388090634506e+02,2.999999999983593e+02,9.998335063838625e+02,3.323907984520993e+02,1,0.000000000000000e+00,0.000000000000000e+00
7.204999999996746e-05,1441,4.873721227774030e-02,4.977859123719574e+03,1.000000000000000e+00,8.000000000000000e-01,2.000000000000000e-01,1.181245559826308e-04,-7.512982179781362e-05,1.666666666666667e+00,0.000000000000000e+00,2.981500000000000e+02,3.075201323745229e+02,2.999999999983593e+02,9.996966067191697e+02,3.324178769266552e+02,1,0.000000000000000e+00,0.000000000000000e+00
7.209999999996690e-05,1442,5.219011287183808e-02,6.040965905071647e+03,1.000000000000000e+00,8.000000000000000e-01,2.000000000000000e-01,1.182078893159637e-04,-7.512982179781362e-05,1.666666666666667e+00,0.000000000000000e+00,2.981500000000000e+02,3.077657428489040e+02,2.999999999983593e+02,9.996796838448378e+02,3.324449181143603e+02,1,0.000000000000000e+00,0.000000000000000e+00
7.214999999996633e-05,1443,5.928219058032688e-02,8.592828771833310e+03,1.000000000000000e+00,8.000000000000000e-01,2.000000000000000e-01,1.182912226492965e-04,-7.512982179781362e-05,1.666666666666667e+00,0.000000000000000e+00,2.981500000000000e+02,3.077162587004381e+02,2.999999999983593e+02,9.997151722536366e+02,3.324727401384490e+02,1,0.000000000000000e+00,0.000000000000000e+00
7.219999999996576e-05,1444,6.012099193006445e-02,5.203436029450515e+03,1.000000000000000e+00,8.000000000000000e-01,2.000000000000000e-01,1.183745559826293e-04,-7.512982179781362e-05,1.666666666666667e+00,0.000000000000000e+00,2.981500000000000e+02,3.076390160192030e+02,2.999999999983593e+02,9.997976618415829e+02,3.324886819184420e+02,1,0.000000000000000e+00,0.000000000000000e+00
7.224999999996519e-05,1445,6.289352862154650e-02,1.021865427650633e+04,1.000000000000000e+00,8.000000000000000e-01,2.000000000000000e-01,1.184578893159622e-04,-7.512982179781362e-05,1.666666666666667e+00,0.000000000000000e+00,2.981500000000000e+02,3.075662727430112e+02,2.999999999983593e+02,9.999645641250711e+02,3.325041239109413e+02,1,0.000000000000000e+00,0.000000000000000e+00
7.229999999996462e-05,1446,4.890438893924996e-02,4.249134808510067e+03,1.000000000000000e+00,8.000000000000000e-01,2.000000000000000e-01,1.185412226492950e-04,-7.512982179781362e-05,1.666666666666667e+00,0.000000000000000e+00,2.981500000000000e+02,3.075069341113817e+02,2.999999999983593e+02,1.000240552453834e+03,3.325304478408769e+02,1,0.000000000000000e+00,0.000000000000000e+00
7.234999999996406e-05,1447,4.894233273911623e-02,6.998084653806779e+03,1.000000000000000e+00,8.000000000000000e-01,2.000000000000000e-01,1.186245559826279e-04,-7.512982179781362e-05,1.666666666666667e+00,0.000000000000000e+00,2.981500000000000e+02,3.074507864898503e+02,2.999999999983593e+02,1.000579288198696e+03,3.325577721878991e+02,1,0.000000000000000e+00,0.000000000000000e+00
7.239999999996349e-05,1448,4.897234548240786e-02,4.156395760393551e+03,1.000000000000000e+00,8.000000000000000e-01,2.000000000000000e-01,1.187078893159607e-04,-7.512982179781362e-05,1.666666666666667e+00,0.000000000000000e+00,2.981500000000000e+02,3.074057863216394e+02,2.999999999983593e+02,1.000973553278344e+03,3.325861894411648e+02,1,0.000000000000000e+00,0.000000000000000e+00
7.244999999996292e-05,1449,5.948593873632840e-02,8.847285084359954e+03,1.000000000000000e+00,8.000000000000000e-01,2.000000000000000e-01,1.187912226492935e-04,-7.512982179781362e-05,1.666666666666667e+00,0.000000000000000e+00,2.981500000000000e+02,3.073757615882116e+02,2.999999999983593e+02,1.001387635465998e+03,3.326144607969895e+02,1,0.000000000000000e+00,0.000000000000000e+00
7.249999999996235e-05,1450,6.030255647309240e-02,5.220082515366126e+03,1.000000000000000e+00,8.000000000000000e-01,2.000000000000000e-01,1.188745559826264e-04,-7.512982179781362e-05,1.666666666666667e+00,0.000000000000000e+00,2.981500000000000e+02,3.073378470247229e+02,2.999999999983593e+02,1.001814855987557e+03,3.326411406601740e+02,1,0.000000000000000e+00,0.000000000000000e+00
7.254999999996178e-05,1451,6.310233222580104e-02,8.508796250816056e+03,1.000000000000000e+00,8.000000000000000e-01,2.000000000000000e-01,1.189578893159592e-04,-7.512982179781362e-05,1.666666666666667e+00,0.000000000000000e+00,2.981500000000000e+02,3.072918750930027e+02,2.999999999983593e+02,1.002177039569811e+03,3.326676271097991e+02,1,0.000000000000000e+00,0.000000000000000e+00
7.259999999996122e-05,1452,5.959054676777414e-02,7.866648541511684e+03,1.000000000000000e+00,8.000000000000000e-01,2.000000000000000e-01,1.190412226492921e-04,-7.512982179781362e-05,1.666666666666667e+00,0.000000000000000e+00,2.981500000000000e+02,3.072507330333612e+02,2.999999999983593e+02,1.002473490239605e+03,3.326767763636271e+02,1,0.000000000000000e+00,0.000000000000000e+00
7.264999999996065e-05,1453,5.254342221475642e-02,5.131777311884855e+03,1.000000000000000e+00,8.000000000000000e-01,2.000000000000000e-01,1.191245559826249e-04,-7.512982179781362e-05,1.666666666666667e+00,0.000000000000000e+00,2.981500000000000e+02,3.072166302163098e+02,2.999999999983593e+02,1.002723593424064e+03,3.327037594665406e+02,1,0.000000000000000e+00,0.000000000000000e+00
7.269999999996008e-05,1454,5.257103499786072e-02,6.657735804161516e+03,1.000000000000000e+00,8.000000000000000e-01,2.000000000000000e-01,1.192078893159577e-04,-7.512982179781362e-05,1.666666666666667e+00,0.000000000000000e+00,2.981500000000000e+02,3.071805604940524e+02,2.999999999983593e+02,1.002894376574524e+03,3.327308730966358e+02,1,0.000000000000000e+00,0.000000000000000e+00
7.274999999995951e-05,1455,5.969502303959338e-02,9.407181051049456e+03,1.000000000000000e+00,8.000000000000000e-01,2.000000000000000e-01,1.192912226492906e-04,-7.512982179781362e-05,1.666666666666667e+00,0.000000000000000e+00,2.981500000000000e+02,3.071455157104671e+02,2.999999999983593e+02,1.002951164909009e+03,3.327572555937785e+02,1,0.000000000000000e+00,0.000000000000000e+00
7.279999999995894e-05,1456,6.046999206614463e-02,6.326170990729812e+03,1.000000000000000e+00,8.000000000000000e-01,2.000000000000000e-01,1.193745559826234e-04,-7.512982179781362e-05,1.666666666666667e+00,0.000000000000000e+00,2.981500000000000e+02,3.071161664463683e+02,2.999999999983593e+02,1.003009554602296e+03,3.327849653573828e+02,1,0.000000000000000e+00,0.000000000000000e+00
7.284999999995838e-05,1457,6.328230684252655e-02,1.224314083362374e+04,1.000000000000000e+00,8.000000000000000e-01,2.000000000000000e-01,1.194578893159562e-04,-7.512982179781362e-05,1.666666666666667e+00,0.000000000000000e+00,2.981500000000000e+02,3.071312355320866e+02,2.999999999983593e+02,1.003083693890162e+03,3.328141813668054e+02,1,0.000000000000000e+00,0.000000000000000e+00
7.289999999995781e-05,1458,5.267532079425436e-02,5.129142894856674e+03,1.000000000000000e+00,8.000000000000000e-01,2.000000000000000e-01,1.195412226492891e-04,-7.512982179781362e-05,1.666666666666667e+00,0.000000000000000e+00,2.981500000000000e+02,3.071560381991185e+02,2.999999999983593e+02,1.003154758895575e+03,3.328440331405441e+02,1,0.000000000000000e+00,0.000000000000000e+00
7.294999999995724e-05,1459,4.931290299982030e-02,5.665534201097949e+03,1.000000000000000e+00,8.000000000000000e-01,2.000000000000000e-01,1.196245559826219e-04,-7.512982179781362e-05,1.666666666666667e+00,0.000000000000000e+00,2.981500000000000e+02,3.071832144772698e+02,2.999999999983593e+02,1.003226432970944e+03,3.328559759054586e+02,1,0.000000000000000e+00,0.000000000000000e+00
7.299999999995667e-05,1460,5.273724463480012e-02,7.111889083173037e+03,1.000000000000000e+00,8.000000000000000e-01,2.000000000000000e-01,1.197078893159548e-04,-7.512982179781362e-05,1.666666666666667e+00,0.000000000000000e+00,2.981500000000000e+02,3.072087216813334e+02,2.999999999983593e+02,1.003268405959255e+03,3.328883351932540e+02,1,0.000000000000000e+00,0.000000000000000e+00
7.304999999995610e-05,1461,6.256206518008531e-02,9.990005447929931e+03,1.000000000000000e+00,8.000000000000000e-01,2.000000000000000e-01,1.197912226492876e-04,-7.512982179781362e-05,1.666666666666667e+00,0.000000000000000e+00,2.981500000000000e+02,3.072342409340146e+02,2.999999999983593e+02,1.003294886184590e+03,3.329278492680838e+02,1,0.000000000000000e+00,0.000000000000000e+00
7.309999999995554e-05,1462,6.331922755141059e-02,9.796367929225918e+03,1.000000000000000e+00,8.000000000000000e-01,2.000000000000000e-01,1.198745559826204e-04,-7.512982179781362e-05,1.666666666666667e+00,0.000000000000000e+00,2.981500000000000e+02,3.072643970189332e+02,2.999999999983593e+02,1.003351151226561e+03,3.329719174456890e+02,1,0.000000000000000e+00,0.000000000000000e+00
7.314999999995497e-05,1463,6.616782572377852e-02,1.025545906598396e+04,1.000000000000000e+00,8.000000000000000e-01,2.000000000000000e-01,1.199578893159533e-04,-7.512982179781362e-05,1.666666666666667e+00,0.000000000000000e+00,2.981500000000000e+02,3.073049199846116e+02,2.999999999983593e+02,1.003517497961456e+03,3.329947181453012e+02,1,0.000000000000000e+00,0.000000000000000e+00
7.319999999995440e-05,1464,6.268306347840093e-02,1.104336064555027e+04,1.000000000000000e+00,8.000000000000000e-01,2.000000000000000e-01,1.200412226492861e-04,-7.512982179781362e-05,1.666666666666667e+00,0.000000000000000e+00,2.981500000000000e+02,3.073425883322222e+02,2.999999999983593e+02,1.003604860878866e+03,3.330313244089803e+02,1,0.000000000000000e+00,0.000000000000000e+00
7.324999999995383e-05,1465,5.558986693664938e-02,5.393134826506631e+03,1.000000000000000e+00,8.000000000000000e-01,2.000000000000000e-01,1.201245559826190e-04,-7.512982179781362e-05,1.666666666666667e+00,0.000000000000000e+00,2.981500000000000e+02,3.076428981663685e+02,2.999999999983593e+02,1.003775129585889e+03,3.330679031390113e+02,1,0.000000000000000e+00,0.000000000000000e+00
7.329999999995326e-05,1466,5.510375285107186e-02,7.863303168219374e+03,1.000000000000000e+00,8.000000000000000e-01,2.000000000000000e-01,1.202078893159518e-04,-7.512982179781362e-05,1.666666666666667e+00,0.000000000000000e+00,2.981500000000000e+02,3.076879554667276e+02,2.999999999983593e+02,1.003923287743771e+03,3.331025696676713e+02,1,0.000000000000000e+00,0.000000000000000e+00
7.334999999995270e-05,1467,6.230092006620654e-02,1.510033147667307e+04,1.000000000000000e+00,8.000000000000000e-01,2.000000000000000e-01,1.202912226492846e-04,-7.512982179781362e-05,1.666666666666667e+00,0.000000000000000e+00,2.981500000000000e+02,3.076597621418212e+02,2.999999999983600e+02,1.004069084248358e+03,3.331362760251018e+02,1,0.000000000000000e+00,0.000000000000000e+00
7.339999999995213e-05,1468,6.299891559253032e-02,8.697512513577652e+03,1.000000000000000e+00,8.000000000000000e-01,2.000000000000000e-01,1.203745559826175e-04,-7.512982179781362e-05,1.666666666666667e+00,0.000000000000000e+00,2.981500000000000e+02,3.075957837470824e+02,2.999999999983656e+02,1.004248635572054e+03,3.331698131371621e+02,1,0.000000000000000e+00,0.000000000000000e+00
7.344999999995156e-05,1469,5.951469773045875e-02,9.994038015873448e+03,1.000000000000000e+00,8.000000000000000e-01,2.000000000000000e-01,1.204578893159503e-04,-7.512982179781362e-05,1.666666666666667e+00,0.000000000000000e+00,2.981500000000000e+02,3.075251773874104e+02,2.999999999983713e+02,1.004473293468244e+03,3.331669238733635e+02,1,0.000000000000000e+00,0.000000000000000e+00
7.349999999995099e-05,1470,5.552621909441514e-02,1.405692867687681e+04,1.000000000000000e+00,8.000000000000000e-01,2.000000000000000e-01,1.205412226492831e-04,-7.512982179781362e-05,1.666666666666667e+00,0.000000000000000e+00,2.981500000000000e+02,3.074609500185826e+02,2.999999999983770e+02,1.004662172376924e+03,3.332048685570826e+02,1,0.000000000000000e+00,0.000000000000000e+00
7.354999999995042e-05,1471,5.190752154811117e-02,7.098308878466668e+03,1.000000000000000e+00,8.000000000000000e-01,2.000000000000000e-01,1.206245559826160e-04,-7.512982179781362e-05,1.666666666666667e+00,0.000000000000000e+00,2.981500000000000e+02,3.074142189522776e+02,2.999999999983827e+02,1.005027997316607e+03,3.332445039661662e+02,1,0.000000000000000e+00,0.000000000000000e+00
7.359999999994986e-05,1472,5.195543404292925e-02,7.281048869137107e+03,1.000000000000000e+00,8.000000000000000e-01,2.000000000000000e-01,1.207078893159488e-04,-7.512982179781362e-05,1.666666666666667e+00,0.000000000000000e+00,2.981500000000000e+02,3.074068958028117e+02,2.999999999983884e+02,1.005466038359554e+03,3.332818884314142e+02,1,0.000000000000000e+00,0.000000000000000e+00
7.364999999994929e-05,1473,6.258008516969656e-02,9.459260875720822e+03,1.000000000000000e+00,8.000000000000000e-01,2.000000000000000e-01,1.207912226492817e-04,-7.512982179781362e-05,1.666666666666667e+00,0.000000000000000e+00,2.981500000000000e+02,3.073708462519373e+02,2.999999999983941e+02,1.005783817936174e+03,3.333179158021480e+02,1,0.000000000000000e+00,0.000000000000000e+00
7.369999999994872e-05,1474,6.325001968039801e-02,7.095402416037858e+03,1.000000000000000e+00,8.000000000000000e-01,2.000000000000000e-01,1.208745559826145e-04,-7.512982179781362e-05,1.666666666666667e+00,0.000000000000000e+00,2.981500000000000e+02,3.073110683166741e+02,2.999999999983997e+02,1.005989770648561e+03,3.333523387266376e+02,1,0.000000000000000e+00,0.000000000000000e+00
7.374999999994815e-05,1475,6.616802558403269e-02,8.684206227179102e+03,1.000000000000000e+00,8.000000000000000e-01,2.000000000000000e-01,1.209578893159473e-04,-7.512982179781362e-05,1.666666666666667e+00,0.000000000000000e+00,2.981500000000000e+02,3.072515167982597e+02,2.999999999984054e+02,1.006205549577055e+03,3.333848435569894e+02,1,0.000000000000000e+00,0.000000000000000e+00
7.379999999994758e-05,1476,6.269529552212863e-02,7.615592021816376e+03,1.000000000000000e+00,8.000000000000000e-01,2.000000000000000e-01,1.210412226492802e-04,-7.512982179781362e-05,1.666666666666667e+00,0.000000000000000e+00,2.981500000000000e+02,3.071827468392938e+02,2.999999999984111e+02,1.006488485809999e+03,3.334155577140650e+02,1,0.000000000000000e+00,0.000000000000000e+00
7.384999999994702e-05,1477,5.554525629917632e-02,6.480780768719580e+03,1.000000000000000e+00,8.000000000000000e-01,2.000000000000000e-01,1.211245559826130e-04,-7.512982179781362e-05,1.666666666666667e+00,0.000000000000000e+00,2.981500000000000e+02,3.071166722955874e+02,2.999999999984168e+02,1.006802775446823e+03,3.334456630813103e+02,1,0.000000000000000e+00,0.000000000000000e+00
7.389999999994645e-05,1478,5.557812863714794e-02,7.639268266642654e+03,1.000000000000000e+00,8.000000000000000e-01,2.000000000000000e-01,1.212078893159459e-04,-7.512982179781362e-05,1.666666666666667e+00,0.000000000000000e+00,2.981500000000000e+02,3.070519423062043e+02,2.999999999984225e+02,1.007081427935844e+03,3.334754905489881e+02,1,0.000000000000000e+00,0.000000000000000e+00
7.394999999994588e-05,1479,6.280169645499394e-02,1.163861173214939e+04,1.000000000000000e+00,8.000000000000000e-01,2.000000000000000e-01,1.212912226492787e-04,-7.512982179781362e-05,1.666666666666667e+00,0.000000000000000e+00,2.981500000000000e+02,3.069897376948117e+02,2.999999999984282e+02,1.007339483095100e+03,3.335057434304084e+02,1,0.000000000000000e+00,0.000000000000000e+00
7.399999999994531e-05,1480,6.343245588284721e-02,7.691847454124847e+03,1.000000000000000e+00,8.000000000000000e-01,2.000000000000000e-01,1.213745559826115e-04,-7.512982179781362e-05,1.666666666666667e+00,0.000000000000000e+00,2.981500000000000e+02,3.069303729837954e+02,2.999999999984339e+02,1.007642824487031e+03,3.335355723470029e+02,1,0.000000000000000e+00,0.000000000000000e+00
7.404999999994474e-05,1481,5.947782269512045e-02,1.341327885783733e+04,1.000000000000000e+00,8.000000000000000e-01,2.000000000000000e-01,1.214578893159444e-04,-7.512982179781362e-05,1.666666666666667e+00,0.000000000000000e+00,2.981500000000000e+02,3.068796242249399e+02,2.999999999984395e+02,1.007859214677667e+03,3.335649503451608e+02,1,0.000000000000000e+00,0.000000000000000e+00
7.409999999994418e-05,1482,5.232332901257909e-02,6.977284793644430e+03,1.000000000000000e+00,8.000000000000000e-01,2.000000000000000e-01,1.215412226492772e-04,-7.512982179781362e-05,1.666666666666667e+00,0.000000000000000e+00,2.981500000000000e+02,3.068463478192792e+02,2.999999999984452e+02,1.008139482115084e+03,3.335965214607278e+02,1,0.000000000000000e+00,0.000000000000000e+00
7.414999999994361e-05,1483,5.496082106534077e-02,7.145379874713717e+03,1.000000000000000e+00,8.000000000000000e-01,2.000000000000000e-01,1.216245559826100e-04,-7.512982179781362e-05,1.666666666666667e+00,0.000000000000000e+00,2.981500000000000e+02,3.068416659405096e+02,2.999999999984509e+02,1.008463680223132e+03,3.336295788637433e+02,1,0.000000000000000e+00,0.000000000000000e+00
7.419999999994304e-05,1484,5.239148443606349e-02,8.388326779125851e+03,1.000000000000000e+00,8.000000000000000e-01,2.000000000000000e-01,1.217078893159429e-04,-7.512982179781362e-05,1.666666666666667e+00,0.000000000000000e+00,2.981500000000000e+02,3.068479630654506e+02,2.999999999984566e+02,1.008748047299904e+03,3.336252723758233e+02,1,0.000000000000000e+00,0.000000000000000e+00
7.424999999994247e-05,1485,6.300229461891914e-02,8.616421046975009e+03,1.000000000000000e+00,8.000000000000000e-01,2.000000000000000e-01,1.217912226492757e-04,-7.512982179781362e-05,1.666666666666667e+00,0.000000000000000e+00,2.981500000000000e+02,3.068538105232545e+02,2.999999999984623e+02,1.008999770819373e+03,3.336550474415415e+02,1,0.000000000000000e+00,0.000000000000000e+00
7.429999999994190e-05,1486,6.652565336054063e-02,7.118417625341433e+03,1.000000000000000e+00,8.000000000000000e-01,2.000000000000000e-01,1.218745559826086e-04,-7.512982179781362e-05,1.666666666666667e+00,0.000000000000000e+00,2.981500000000000e+02,3.068584246129531e+02,2.999999999984680e+02,1.009193753833905e+03,3.336823340016026e+02,1,0.000000000000000e+00,0.000000000000000e+00
7.434999999994134e-05,1487,6.653641688018316e-02,6.649600255695076e+03,1.000000000000000e+00,8.000000000000000e-01,2.000000000000000e-01,1.219578893159414e-04,-7.512982179781362e-05,1.666666666666667e+00,0.000000000000000e+00,2.981500000000000e+02,3.068518192027857e+02,2.999999999984736e+02,1.009174489015379e+03,3.337091031467145e+02,1,0.000000000000000e+00,0.000000000000000e+00
7.439999999994077e-05,1488,6.306554647742316e-02,7.744911275683579e+03,1.000000000000000e+00,8.000000000000000e-01,2.000000000000000e-01,1.220412226492742e-04,-7.512982179781362e-05,1.666666666666667e+00,0.000000000000000e+00,2.981500000000000e+02,3.068647414973843e+02,2.999999999984793e+02,1.009220985317575e+03,3.337375171668521e+02,1,0.000000000000000e+00,0.000000000000000e+00
7.444999999994020e-05,1489,5.851146067414453e-02,6.251150638726635e+03,1.000000000000000e+00,8.000000000000000e-01,2.000000000000000e-01,1.221245559826071e-04,-7.512982179781362e-05,1.666666666666667e+00,0.000000000000000e+00,2.981500000000000e+02,3.068860952206135e+02,2.999999999984850e+02,1.009415125888664e+03,3.337674692048239e+02,1,0.000000000000000e+00,0.000000000000000e+00
7.449999999993963e-05,1490,5.516083652364844e-02,8.807171648420910e+03,1.000000000000000e+00,8.000000000000000e-01,2.000000000000000e-01,1.222078893159399e-04,-7.512982179781362e-05,1.666666666666667e+00,0.000000000000000e+00,2.981500000000000e+02,3.069002751809696e+02,2.999999999984907e+02,1.009622141343884e+03,3.337968160194688e+02,1,0.000000000000000e+00,0.000000000000000e+00
7.454999999993906e-05,1491,6.328194480775148e-02,1.564494661163162e+04,1.000000000000000e+00,8.000000000000000e-01,2.000000000000000e-01,1.222912226492728e-04,-7.512982179781362e-05,1.666666666666667e+00,0.000000000000000e+00,2.981500000000000e+02,3.069194956334625e+02,2.999999999984964e+02,1.009828083014993e+03,3.338271939251202e+02,1,0.000000000000000e+00,0.000000000000000e+00
7.459999999993850e-05,1492,6.035834897203638e-02,1.153366388111113e+04,1.000000000000000e+00,8.000000000000000e-01,2.000000000000000e-01,1.223745559826056e-04,-7.512982179781362e-05,1.666666666666667e+00,0.000000000000000e+00,2.981500000000000e+02,3.069433184914733e+02,2.999999999985021e+02,1.010154658975869e+03,3.338577065123754e+02,1,0.000000000000000e+00,0.000000000000000e+00
7.464999999993793e-05,1493,5.985340965650122e-02,1.950288861640979e+04,1.000000000000000e+00,8.000000000000000e-01,2.000000000000000e-01,1.224578893159384e-04,-7.512982179781362e-05,1.666666666666667e+00,0.000000000000000e+00,2.981500000000000e+02,3.069709404690440e+02,2.999999999985077e+02,1.010486396715658e+03,3.338873886906537e+02,1,0.000000000000000e+00,0.000000000000000e+00
7.469999999993736e-05,1494,5.265874492187550e-02,9.547426821043349e+03,1.000000000000000e+00,8.000000000000000e-01,2.000000000000000e-01,1.225412226492713e-04,-7.512982179781362e-05,1.666666666666667e+00,0.000000000000000e+00,2.981500000000000e+02,3.070004802383124e+02,2.999999999985134e+02,1.010843154523503e+03,3.338976638178463e+02,1,0.000000000000000e+00,0.000000000000000e+00
7.474999999993679e-05,1495,5.530864483036338e-02,8.738648772217779e+03,1.000000000000000e+00,8.000000000000000e-01,2.000000000000000e-01,1.226245559826041e-04,-7.512982179781362e-05,1.666666666666667e+00,0.000000000000000e+00,2.981500000000000e+02,3.070328849792339e+02,2.999999999985191e+02,1.011202718118108e+03,3.339253848902460e+02,1,0.000000000000000e+00,0.000000000000000e+00
7.479999999993622e-05,1496,5.870569797843627e-02,9.706994945184282e+03,1.000000000000000e+00,8.000000000000000e-01,2.000000000000000e-01,1.227078893159369e-04,-7.512982179781362e-05,1.666666666666667e+00,0.000000000000000e+00,2.981500000000000e+02,3.070686722508347e+02,2.999999999985248e+02,1.011577154913037e+03,3.339536504576734e+02,1,0.000000000000000e+00,0.000000000000000e+00
7.484999999993566e-05,1497,6.681238533027377e-02,1.026733853759667e+04,1.000000000000000e+00,8.000000000000000e-01,2.000000000000000e-01,1.227912226492698e-04,-7.512982179781362e-05,1.666666666666667e+00,0.000000000000000e+00,2.981500000000000e+02,3.071059120416218e+02,2.999999999990837e+02,1.011955080153316e+03,3.339812662918980e+02,1,0.000000000000000e+00,0.000000000000000e+00
7.489999999993509e-05,1498,6.683943123512980e-02,9.872260907992946e+03,1.000000000000000e+00,8.000000000000000e-01,2.000000000000000e-01,1.228745559826026e-04,-7.512982179781362e-05,1.666666666666667e+00,0.000000000000000e+00,2.981500000000000e+02,3.071496967971383e+02,2.999999999990837e+02,1.012367128999590e+03,3.340082799068034e+02,1,0.000000000000000e+00,0.000000000000000e+00
7.494999999993452e-05,1499,6.685689731087703e-02,1.412767755289673e+04,1.000000000000000e+00,8.000000000000000e-01,2.000000000000000e-01,1.229578893159355e-04,-7.512982179781362e-05,1.666666666666667e+00,0.000000000000000e+00,2.981500000000000e+02,3.071923870121087e+02,2.999999999990837e+02,1.012732519690282e+03,3.340340841161541e+02,1,0.000000000000000e+00,0.000000000000000e+00
7.499999999993395e-05,1500,5.915118654526373e-02,1.038307273952278e+04,1.000000000000000e+00,8.000000000000000e-01,2.000000000000000e-01,1.230412226492683e-04,-7.512982179781362e-05,1.666666666666667e+00,0.000000000000000e+00,2.981500000000000e+02,3.072337931495656e+02,2.999999999990837e+02,1.013072729324520e+03,3.340588510711106e+02,1,0.000000000000000e+00,0.000000000000000e+00
7.504999999993338e-05,1501,5.178783773692335e-02,8.037759265730161e+03,1.000000000000000e+00,8.000000000000000e-01,2.000000000000000e-01,1.231245559826011e-04,-7.512982179781362e-05,1.666666666666667e+00,0.000000000000000e+00,2.981500000000000e+02,3.072875586873542e+02,2.999999999990837e+02,1.013400811679778e+03,3.340665446236700e+02,1,0.000000000000000e+00,0.000000000000000e+00
7.509999999993282e-05,1502,5.181659033220092e-02,8.275771324488896e+03,1.000000000000000e+00,8.000000000000000e-01,2.000000000000000e-01,1.232078893159340e-04,-7.512982179781362e-05,1.666666666666667e+00,0.000000000000000e+00,2.981500000000000e+02,3.073556635465637e+02,2.999999999990837e+02,1.013746493116022e+03,3.340918929469217e+02,1,0.000000000000000e+00,0.000000000000000e+00
7.514999999993225e-05,1503,6.262985780789471e-02,1.175431896348188e+04,1.000000000000000e+00,8.000000000000000e-01,2.000000000000000e-01,1.232912226492668e-04,-7.512982179781362e-05,1.666666666666667e+00,0.000000000000000e+00,2.981500000000000e+02,3.074179864778042e+02,2.999999999990837e+02,1.014136298320114e+03,3.341167245909390e+02,1,0.000000000000000e+00,0.000000000000000e+00
7.519999999993168e-05,1504,6.313735949739781e-02,9.251131422867151e+03,1.000000000000000e+00,8.000000000000000e-01,2.000000000000000e-01,1.233745559825997e-04,-7.512982179781362e-05,1.666666666666667e+00,0.000000000000000e+00,2.981500000000000e+02,3.074647936433034e+02,2.999999999990837e+02,1.014483939299852e+03,3.341411240030924e+02,1,0.000000000000000e+00,0.000000000000000e+00
7.524999999993111e-05,1505,6.616771163225188e-02,2.324015243741675e+04,1.000000000000000e+00,8.000000000000000e-01,2.000000000000000e-01,1.234578893159325e-04,-7.512982179781362e-05,1.666666666666667e+00,0.000000000000000e+00,2.981500000000000e+02,3.075157936779621e+02,2.999999999990837e+02,1.015207890629638e+03,3.341664979723950e+02,1,0.000000000000000e+00,0.000000000000000e+00
7.529999999993054e-05,1506,5.813927525445522e-02,2.000584251638691e+04,1.000000000000000e+00,8.000000000000000e-01,2.000000000000000e-01,1.235412226492653e-04,-7.512982179781362e-05,1.666666666666667e+00,0.000000000000000e+00,2.981500000000000e+02,3.075744284501073e+02,2.999999999990837e+02,1.015957315510572e+03,3.341914406718695e+02,1,0.000000000000000e+00,0.000000000000000e+00
7.534999999992998e-05,1507,5.818171519921266e-02,1.350452380239851e+04,1.000000000000000e+00,8.000000000000000e-01,2.000000000000000e-01,1.236245559825982e-04,-7.512982179781362e-05,1.666666666666667e+00,0.000000000000000e+00,2.981500000000000e+02,3.076209149492892e+02,2.999999999990837e+02,1.016703698694478e+03,3.342164995876043e+02,1,0.000000000000000e+00,0.000000000000000e+00
7.539999999992941e-05,1508,6.881723040242919e-02,1.273153377439714e+04,1.000000000000000e+00,8.000000000000000e-01,2.000000000000000e-01,1.237078893159310e-04,-7.512982179781362e-05,1.666666666666667e+00,0.000000000000000e+00,2.981500000000000e+02,3.076735083676176e+02,2.999999999990837e+02,1.017474303144680e+03,3.342427247268376e+02,1,0.000000000000000e+00,0.000000000000000e+00
7.544999999992884e-05,1509,6.966657118812269e-02,9.104652610915651e+03,1.000000000000000e+00,8.000000000000000e-01,2.000000000000000e-01,1.237912226492638e-04,-7.512982179781362e-05,1.666666666666667e+00,0.000000000000000e+00,2.981500000000000e+02,3.077245456046342e+02,2.999999999990837e+02,1.018280070126050e+03,3.342701460310886e+02,1,0.000000000000000e+00,0.000000000000000e+00
7.549999999992827e-05,1510,6.968814376200597e-02,1.093396633502557e+04,1.000000000000000e+00,8.000000000000000e-01,2.000000000000000e-01,1.238745559825967e-04,-7.512982179781362e-05,1.666666666666667e+00,0.000000000000000e+00,2.981500000000000e+02,3.077795140488462e+02,2.999999999990837e+02,1.019046490074878e+03,3.342963779125067e+02,1,0.000000000000000e+00,0.000000000000000e+00
7.554999999992770e-05,1511,6.041934856422607e-02,1.051247346637186e+04,1.000000000000000e+00,8.000000000000000e-01,2.000000000000000e-01,1.239578893159295e-04,-7.512982179781362e-05,1.666666666666667e+00,0.000000000000000e+00,2.981500000000000e+02,3.078417516480268e+02,2.999999999990837e+02,1.019704104033328e+03,3.343216502673928e+02,1,0.000000000000000e+00,0.000000000000000e+00
7.559999999992714e-05,1512,5.214129556062113e-02,9.927506470510933e+03,1.000000000000000e+00,8.000000000000000e-01,2.000000000000000e-01,1.240412226492624e-04,-7.512982179781362e-05,1.666666666666667e+00,0.000000000000000e+00,2.981500000000000e+02,3.079017030076139e+02,2.999999999990837e+02,1.020306791962378e+03,3.343473658780851e+02,1,0.000000000000000e+00,0.000000000000000e+00
7.564999999992657e-05,1513,5.467019604805150e-02,9.739900322077421e+03,1.000000000000000e+00,8.000000000000000e-01,2.000000000000000e-01,1.241245559825952e-04,-7.512982179781362e-05,1.666666666666667e+00,0.000000000000000e+00,2.981500000000000e+02,3.079584436863240e+02,2.999999999990837e+02,1.020834823688968e+03,3.343738797355353e+02,1,0.000000000000000e+00,0.000000000000000e+00
7.569999999992600e-05,1514,5.470948115616422e-02,9.510301022495712e+03,1.000000000000000e+00,8.000000000000000e-01,2.000000000000000e-01,1.242078893159280e-04,-7.512982179781362e-05,1.666666666666667e+00,0.000000000000000e+00,2.981500000000000e+02,3.080089859871843e+02,2.999999999990837e+02,1.021316255186086e+03,3.344011499547589e+02,1,0.000000000000000e+00,0.000000000000000e+00
7.574999999992543e-05,1515,6.571370900923022e-02,1.385599839313530e+04,1.000000000000000e+00,8.000000000000000e-01,2.000000000000000e-01,1.242912226492609e-04,-7.512982179781362e-05,1.666666666666667e+00,0.000000000000000e+00,2.981500000000000e+02,3.080628518395392e+02,2.999999999990837e+02,1.021865074972615e+03,3.344104842201942e+02,1,0.000000000000000e+00,0.000000000000000e+00
7.579999999992486e-05,1516,6.349207397627075e-02,1.369338601750245e+04,1.000000000000000e+00,8.000000000000000e-01,2.000000000000000e-01,1.243745559825937e-04,-7.512982179781362e-05,1.666666666666667e+00,0.000000000000000e+00,2.981500000000000e+02,3.081127302584347e+02,2.999999999990837e+02,1.022432997831838e+03,3.344402175135201e+02,1,0.000000000000000e+00,0.000000000000000e+00
7.584999999992430e-05,1517,6.658040706881453e-02,1.754295185668343e+04,1.000000000000000e+00,8.000000000000000e-01,2.000000000000000e-01,1.244578893159266e-04,-7.512982179781362e-05,1.666666666666667e+00,0.000000000000000e+00,2.981500000000000e+02,3.081529703634790e+02,2.999999999990837e+02,1.022964757409110e+03,3.344666317129471e+02,1,0.000000000000000e+00,0.000000000000000e+00
7.589999999992373e-05,1518,6.929311340110762e-02,1.768612785399743e+04,1.000000000000000e+00,8.000000000000000e-01,2.000000000000000e-01,1.245412226492594e-04,-7.512982179781362e-05,1.666666666666667e+00,0.000000000000000e+00,2.981500000000000e+02,3.081980287232736e+02,2.999999999990837e+02,1.023518803257961e+03,3.344765015147699e+02,1,0.000000000000000e+00,0.000000000000000e+00
7.594999999992316e-05,1519,7.268015290013380e-02,1.138493721643160e+04,1.000000000000000e+00,8.000000000000000e-01,2.000000000000000e-01,1.246245559825922e-04,-7.512982179781362e-05,1.666666666666667e+00,0.000000000000000e+00,2.981500000000000e+02,3.082391669397265e+02,2.999999999990837e+02,1.024154444819329e+03,3.345051551718990e+02,1,0.000000000000000e+00,0.000000000000000e+00
7.599999999992259e-05,1520,7.271651309483908e-02,9.616068910587597e+03,1.000000000000000e+00,8.000000000000000e-01,2.000000000000000e-01,1.247078893159251e-04,-7.512982179781362e-05,1.666666666666667e+00,0.000000000000000e+00,2.981500000000000e+02,3.082837332338569e+02,2.999999999990837e+02,1.024820900520928e+03,3.345329313097541e+02,1,0.000000000000000e+00,0.000000000000000e+00
7.604999999992202e-05,1521,7.274574155614552e-02,1.083790866237030e+04,1.000000000000000e+00,8.000000000000000e-01,2.000000000000000e-01,1.247912226492579e-04,-7.512982179781362e-05,1.666666666666667e+00,0.000000000000000e+00,2.981500000000000e+02,3.083173083496529e+02,2.999999999990837e+02,1.025543302584957e+03,3.345610274380605e+02,1,0.000000000000000e+00,0.000000000000000e+00
7.609999999992146e-05,1522,6.673048938076784e-02,1.574128890676811e+04,1.000000000000000e+00,8.000000000000000e-01,2.000000000000000e-01,1.248745559825907e-04,-7.512982179781362e-05,1.666666666666667e+00,0.000000000000000e+00,2.981500000000000e+02,3.083574506827248e+02,2.999999999990837e+02,1.026253246896903e+03,3.345891582523169e+02,1,0.000000000000000e+00,0.000000000000000e+00
7.614999999992089e-05,1523,6.331497581850402e-02,1.835033510706560e+04,1.000000000000000e+00,8.000000000000000e-01,2.000000000000000e-01,1.249578893159236e-04,-7.512982179781362e-05,1.666666666666667e+00,0.000000000000000e+00,2.981500000000000e+02,3.083971308988630e+02,2.999999999990837e+02,1.026980112900328e+03,3.346160648204048e+02,1,0.000000000000000e+00,0.000000000000000e+00
7.619999999992032e-05,1524,5.504331298215203e-02,8.343787985503006e+03,1.000000000000000e+00,8.000000000000000e-01,2.000000000000000e-01,1.250412226492564e-04,-7.512982179781362e-05,1.666666666666667e+00,0.000000000000000e+00,2.981500000000000e+02,3.084310481842749e+02,2.999999999990837e+02,1.027678247722295e+03,3.346418887539951e+02,1,0.000000000000000e+00,0.000000000000000e+00
7.624999999991975e-05,1525,5.507265978947173e-02,6.451402468342391e+03,1.000000000000000e+00,8.000000000000000e-01,2.000000000000000e-01,1.251245559825893e-04,-7.512982179781362e-05,1.666666666666667e+00,0.000000000000000e+00,2.981500000000000e+02,3.084724207180031e+02,2.999999999990837e+02,1.028325959820767e+03,3.346675494686819e+02,1,0.000000000000000e+00,0.000000000000000e+00
7.629999999991918e-05,1526,5.510033114092317e-02,6.042368964472415e+03,1.000000000000000e+00,8.000000000000000e-01,2.000000000000000e-01,1.252078893159221e-04,-7.512982179781362e-05,1.666666666666667e+00,0.000000000000000e+00,2.981500000000000e+02,3.085112467350148e+02,2.999999999990837e+02,1.028979470936269e+03,3.346934877713983e+02,1,0.000000000000000e+00,0.000000000000000e+00
7.634999999991862e-05,1527,5.889526473561925e-02,8.912588128906527e+03,1.000000000000000e+00,8.000000000000000e-01,2.000000000000000e-01,1.252912226492549e-04,-7.512982179781362e-05,1.666666666666667e+00,0.000000000000000e+00,2.981500000000000e+02,3.085433802864119e+02,2.999999999990837e+02,1.029657212390343e+03,3.347199970210121e+02,1,0.000000000000000e+00,0.000000000000000e+00
7.639999999991805e-05,1528,6.346879103656919e-02,1.420967966659912e+04,1.000000000000000e+00,8.000000000000000e-01,2.000000000000000e-01,1.253745559825878e-04,-7.512982179781362e-05,1.666666666666667e+00,0.000000000000000e+00,2.981500000000000e+02,3.085757862075824e+02,2.999999999990837e+02,1.030279563523228e+03,3.347454045157257e+02,1,0.000000000000000e+00,0.000000000000000e+00
7.644999999991748e-05,1529,6.694218344995427e-02,1.338319758042446e+04,1.000000000000000e+00,8.000000000000000e-01,2.000000000000000e-01,1.254578893159206e-04,-7.512982179781362e-05,1.666666666666667e+00,0.000000000000000e+00,2.981500000000000e+02,3.085925924143551e+02,2.999999999990837e+02,1.030846073584951e+03,3.347706685916492e+02,1,0.000000000000000e+00,0.000000000000000e+00
7.649999999991691e-05,1530,6.970592089255868e-02,1.083357560265300e+04,1.000000000000000e+00,8.000000000000000e-01,2.000000000000000e-01,1.255412226492535e-04,-7.512982179781362e-05,1.666666666666667e+00,0.000000000000000e+00,2.981500000000000e+02,3.086124376398398e+02,2.999999999990837e+02,1.031386552445067e+03,3.347965122550238e+02,1,0.000000000000000e+00,0.000000000000000e+00
7.654999999991634e-05,1531,6.974181251669144e-02,9.065667315305911e+03,1.000000000000000e+00,8.000000000000000e-01,2.000000000000000e-01,1.256245559825863e-04,-7.512982179781362e-05,1.666666666666667e+00,0.000000000000000e+00,2.981500000000000e+02,3.086335428607258e+02,2.999999999990837e+02,1.031875877187899e+03,3.348217173519139e+02,1,0.000000000000000e+00,0.000000000000000e+00
7.659999999991578e-05,1532,6.978233080051589e-02,7.459266791479049e+03,1.000000000000000e+00,8.000000000000000e-01,2.000000000000000e-01,1.257078893159191e-04,-7.512982179781362e-05,1.666666666666667e+00,0.000000000000000e+00,2.981500000000000e+02,3.086546440827950e+02,2.999999999990837e+02,1.032337285521351e+03,3.348465154036391e+02,1,0.000000000000000e+00,0.000000000000000e+00
7.664999999991521e-05,1533,6.981209232224500e-02,1.207294229164264e+04,1.000000000000000e+00,8.000000000000000e-01,2.000000000000000e-01,1.257912226492520e-04,-7.512982179781362e-05,1.666666666666667e+00,0.000000000000000e+00,2.981500000000000e+02,3.086727276382095e+02,2.999999999990837e+02,1.032768063732968e+03,3.348712663213886e+02,1,0.000000000000000e+00,0.000000000000000e+00
7.669999999991464e-05,1534,6.366860493078384e-02,1.955755371119242e+04,1.000000000000000e+00,8.000000000000000e-01,2.000000000000000e-01,1.258745559825848e-04,-7.512982179781362e-05,1.666666666666667e+00,0.000000000000000e+00,2.981500000000000e+02,3.086861819859622e+02,2.999999999990837e+02,1.033191509591142e+03,3.348964160723135e+02,1,0.000000000000000e+00,0.000000000000000e+00
7.674999999991407e-05,1535,6.368728472873617e-02,2.422514595839452e+04,1.000000000000000e+00,8.000000000000000e-01,2.000000000000000e-01,1.259578893159176e-04,-7.512982179781362e-05,1.666666666666667e+00,0.000000000000000e+00,2.981500000000000e+02,3.086967106409240e+02,2.999999999990837e+02,1.033637642802134e+03,3.349218656584218e+02,1,0.000000000000000e+00,0.000000000000000e+00
7.679999999991350e-05,1536,6.290318550291767e-02,2.005299940421705e+04,1.000000000000000e+00,8.000000000000000e-01,2.000000000000000e-01,1.260412226492505e-04,-7.512982179781362e-05,1.666666666666667e+00,0.000000000000000e+00,2.981500000000000e+02,3.087007428684216e+02,2.999999999990837e+02,1.034076683211088e+03,3.349470496494054e+02,1,0.000000000000000e+00,0.000000000000000e+00
7.684999999991294e-05,1537,5.543365369700457e-02,7.171555261157796e+03,1.000000000000000e+00,8.000000000000000e-01,2.000000000000000e-01,1.261245559825833e-04,-7.512982179781362e-05,1.666666666666667e+00,0.000000000000000e+00,2.981500000000000e+02,3.087068591309699e+02,2.999999999990837e+02,1.034483693700233e+03,3.349717384315087e+02,1,0.000000000000000e+00,0.000000000000000e+00
7.689999999991237e-05,1538,5.546319448941001e-02,5.850528026488370e+03,1.000000000000000e+00,8.000000000000000e-01,2.000000000000000e-01,1.262078893159162e-04,-7.512982179781362e-05,1.666666666666667e+00,0.000000000000000e+00,2.981500000000000e+02,3.087099678703798e+02,2.999999999990837e+02,1.034906000155196e+03,3.349970734365210e+02,1,0.000000000000000e+00,0.000000000000000e+00
7.694999999991180e-05,1539,5.549668444028399e-02,7.368753038319051e+03,1.000000000000000e+00,8.000000000000000e-01,2.000000000000000e-01,1.262912226492490e-04,-7.512982179781362e-05,1.666666666666667e+00,0.000000000000000e+00,2.981500000000000e+02,3.087166648826033e+02,2.999999999990837e+02,1.035347065060874e+03,3.350229816289997e+02,1,0.000000000000000e+00,0.000000000000000e+00
7.699999999991123e-05,1540,6.659498486385859e-02,1.387010459451330e+04,1.000000000000000e+00,8.000000000000000e-01,2.000000000000000e-01,1.263745559825818e-04,-7.512982179781362e-05,1.666666666666667e+00,0.000000000000000e+00,2.981500000000000e+02,3.087250898896592e+02,2.999999999990837e+02,1.035807829242554e+03,3.350486421048695e+02,1,0.000000000000000e+00,0.000000000000000e+00
7.704999999991066e-05,1541,6.730846054449091e-02,1.936185104900414e+04,1.000000000000000e+00,8.000000000000000e-01,2.000000000000000e-01,1.264578893159147e-04,-7.512982179781362e-05,1.666666666666667e+00,0.000000000000000e+00,2.981500000000000e+02,3.087312617929116e+02,2.999999999990837e+02,1.036285090216536e+03,3.350741438814982e+02,1,0.000000000000000e+00,0.000000000000000e+00
7.709999999991010e-05,1542,6.735203225573130e-02,1.326630292864562e+04,1.000000000000000e+00,8.000000000000000e-01,2.000000000000000e-01,1.265412226492475e-04,-7.512982179781362e-05,1.666666666666667e+00,0.000000000000000e+00,2.981500000000000e+02,3.087407941379115e+02,2.999999999990837e+02,1.036752425864982e+03,3.350995511392313e+02,1,0.000000000000000e+00,0.000000000000000e+00
7.714999999990953e-05,1543,7.015844005076945e-02,1.329131538266734e+04,1.000000000000000e+00,8.000000000000000e-01,2.000000000000000e-01,1.266245559825804e-04,-7.512982179781362e-05,1.666666666666667e+00,0.000000000000000e+00,2.981500000000000e+02,3.087314158029500e+02,2.999999999990837e+02,1.037238536770383e+03,3.351251490885435e+02,1,0.000000000000000e+00,0.000000000000000e+00
7.719999999990896e-05,1544,7.019602912304132e-02,1.260366657738731e+04,1.000000000000000e+00,8.000000000000000e-01,2.000000000000000e-01,1.267078893159132e-04,-7.512982179781362e-05,1.666666666666667e+00,0.000000000000000e+00,2.981500000000000e+02,3.087273598514840e+02,2.999999999990837e+02,1.037791017641626e+03,3.351509518078625e+02,1,0.000000000000000e+00,0.000000000000000e+00
7.724999999990839e-05,1545,7.023619504028066e-02,1.089721928328733e+04,1.000000000000000e+00,8.000000000000000e-01,2.000000000000000e-01,1.267912226492460e-04,-7.512982179781362e-05,1.666666666666667e+00,0.000000000000000e+00,2.981500000000000e+02,3.087194698641972e+02,2.999999999990837e+02,1.038395842550831e+03,3.351770268898155e+02,1,0.000000000000000e+00,0.000000000000000e+00
7.729999999990782e-05,1546,6.684871881766448e-02,1.338420342360204e+04,1.000000000000000e+00,8.000000000000000e-01,2.000000000000000e-01,1.268745559825789e-04,-7.512982179781362e-05,1.666666666666667e+00,0.000000000000000e+00,2.981500000000000e+02,3.087011214600885e+02,2.999999999990837e+02,1.039043252171132e+03,3.352033091122274e+02,1,0.000000000000000e+00,0.000000000000000e+00
7.734999999990726e-05,1547,6.689993548839861e-02,1.746329727543767e+04,1.000000000000000e+00,8.000000000000000e-01,2.000000000000000e-01,1.269578893159117e-04,-7.512982179781362e-05,1.666666666666667e+00,0.000000000000000e+00,2.981500000000000e+02,3.086874335226357e+02,2.999999999990837e+02,1.039786704272825e+03,3.352306413149855e+02,1,0.000000000000000e+00,0.000000000000000e+00
7.739999999990669e-05,1548,6.694880997461035e-02,1.699745562501626e+04,1.000000000000000e+00,8.000000000000000e-01,2.000000000000000e-01,1.270412226492445e-04,-7.512982179781362e-05,1.666666666666667e+00,0.000000000000000e+00,2.981500000000000e+02,3.086678364115613e+02,2.999999999990837e+02,1.040618039618515e+03,3.352583159615331e+02,1,0.000000000000000e+00,0.000000000000000e+00
7.744999999990612e-05,1549,6.699502365738261e-02,1.840214890332071e+04,1.000000000000000e+00,8.000000000000000e-01,2.000000000000000e-01,1.271245559825774e-04,-7.512982179781362e-05,1.666666666666667e+00,0.000000000000000e+00,2.981500000000000e+02,3.086479656794913e+02,2.999999999990837e+02,1.041510373756442e+03,3.352853365208170e+02,1,0.000000000000000e+00,0.000000000000000e+00
7.749999999990555e-05,1550,5.593468792254617e-02,9.086887035576136e+03,1.000000000000000e+00,8.000000000000000e-01,2.000000000000000e-01,1.272078893159102e-04,-7.512982179781362e-05,1.666666666666667e+00,0.000000000000000e+00,2.981500000000000e+02,3.086240803612307e+02,2.999999999990837e+02,1.042416165089772e+03,3.353115043597526e+02,1,0.000000000000000e+00,0.000000000000000e+00
7.754999999990498e-05,1551,5.598112518709879e-02,1.288684390094519e+04,1.000000000000000e+00,8.000000000000000e-01,2.000000000000000e-01,1.272912226492431e-04,-7.512982179781362e-05,1.666666666666667e+00,0.000000000000000e+00,2.981500000000000e+02,3.086008523212766e+02,2.999999999990837e+02,1.043354655921162e+03,3.353376702179712e+02,1,0.000000000000000e+00,0.000000000000000e+00
7.759999999990442e-05,1552,5.987330105584019e-02,6.182411255888354e+04,1.000000000000000e+00,8.000000000000000e-01,2.000000000000000e-01,1.273745559825759e-04,-7.512982179781362e-05,1.666666666666667e+00,0.000000000000000e+00,2.981500000000000e+02,3.085810444808251e+02,2.999999999990837e+02,1.045207068181342e+03,3.353649260371106e+02,1,0.000000000000000e+00,0.000000000000000e+00
7.764999999990385e-05,1553,6.727107925797270e-02,2.488464396258177e+04,1.000000000000000e+00,8.000000000000000e-01,2.000000000000000e-01,1.274578893159087e-04,-7.512982179781362e-05,1.666666666666667e+00,0.000000000000000e+00,2.981500000000000e+02,3.085638485878792e+02,2.999999999990837e+02,1.052108758553716e+03,3.353950883229643e+02,1,0.000000000000000e+00,0.000000000000000e+00
7.769999999990328e-05,1554,7.079462199616721e-02,1.816429958077881e+04,1.000000000000000e+00,8.000000000000000e-01,2.000000000000000e-01,1.275412226492416e-04,-7.512982179781362e-05,1.666666666666667e+00,0.000000000000000e+00,2.981500000000000e+02,3.085601601627077e+02,2.999999999990837e+02,1.053874244255496e+03,3.354249168237749e+02,1,0.000000000000000e+00,0.000000000000000e+00
7.774999999990271e-05,1555,6.803199945250415e-02,1.589180776269661e+04,1.000000000000000e+00,8.000000000000000e-01,2.000000000000000e-01,1.276245559825744e-04,-7.512982179781362e-05,1.666666666666667e+00,0.000000000000000e+00,2.981500000000000e+02,3.085484889527272e+02,2.999999999990837e+02,1.055076170681550e+03,3.354555998748857e+02,1,0.000000000000000e+00,0.000000000000000e+00
7.779999999990214e-05,1556,6.808411882242051e-02,1.642567350797285e+04,1.000000000000000e+00,8.000000000000000e-01,2.000000000000000e-01,1.277078893159073e-04,-7.512982179781362e-05,1.666666666666667e+00,0.000000000000000e+00,2.981500000000000e+02,3.085254962477378e+02,2.999999999990837e+02,1.056199421929594e+03,3.354867771004629e+02,1,0.000000000000000e+00,0.000000000000000e+00
7.784999999990158e-05,1557,6.754335995026842e-02,2.369594229666904e+04,1.000000000000000e+00,8.000000000000000e-01,2.000000000000000e-01,1.277912226492401e-04,-7.512982179781362e-05,1.666666666666667e+00,0.000000000000000e+00,2.981500000000000e+02,3.085049699137620e+02,2.999999999990837e+02,1.057201288160712e+03,3.355179673086412e+02,1,0.000000000000000e+00,0.000000000000000e+00
7.789999999990101e-05,1558,5.648188354831948e-02,1.628062016828229e+04,1.000000000000000e+00,8.000000000000000e-01,2.000000000000000e-01,1.278745559825729e-04,-7.512982179781362e-05,1.666666666666667e+00,0.000000000000000e+00,2.981500000000000e+02,3.084909684011006e+02,2.999999999990837e+02,1.058099524209237e+03,3.355483414383161e+02,1,0.000000000000000e+00,0.000000000000000e+00
7.794999999990044e-05,1559,5.653158608616101e-02,1.532011485201625e+04,1.000000000000000e+00,8.000000000000000e-01,2.000000000000000e-01,1.279578893159058e-04,-7.512982179781362e-05,1.666666666666667e+00,0.000000000000000e+00,2.981500000000000e+02,3.084846634619684e+02,2.999999999990837e+02,1.058947369382580e+03,3.355776599830567e+02,1,0.000000000000000e+00,0.000000000000000e+00
7.799999999989987e-05,1560,5.658461793422045e-02,1.425402699814333e+04,1.000000000000000e+00,8.000000000000000e-01,2.000000000000000e-01,1.280412226492386e-04,-7.512982179781362e-05,1.666666666666667e+00,0.000000000000000e+00,2.981500000000000e+02,3.084923901692242e+02,2.999999999990837e+02,1.059863963825411e+03,3.356080399517980e+02,1,0.000000000000000e+00,0.000000000000000e+00
7.804999999989930e-05,1561,5.663685009952795e-02,1.325216044624955e+04,1.000000000000000e+00,8.000000000000000e-01,2.000000000000000e-01,1.281245559825714e-04,-7.512982179781362e-05,1.666666666666667e+00,0.000000000000000e+00,2.981500000000000e+02,3.085123189772686e+02,2.999999999990837e+02,1.060729555539327e+03,3.356384988248390e+02,1,0.000000000000000e+00,0.000000000000000e+00
7.809999999989874e-05,1562,6.786246842065294e-02,1.430758712410851e+04,1.000000000000000e+00,8.000000000000000e-01,2.000000000000000e-01,1.282078893159043e-04,-7.512982179781362e-05,1.666666666666667e+00,0.000000000000000e+00,2.981500000000000e+02,3.085340277290467e+02,2.999999999990837e+02,1.061410187847989e+03,3.356676887891367e+02,1,0.000000000000000e+00,0.000000000000000e+00
7.814999999989817e-05,1563,6.792695508200275e-02,1.731543702005059e+04,1.000000000000000e+00,8.000000000000000e-01,2.000000000000000e-01,1.282912226492371e-04,-7.512982179781362e-05,1.666666666666667e+00,0.000000000000000e+00,2.981500000000000e+02,3.085713707948961e+02,2.999999999990837e+02,1.062024104729742e+03,3.356965434534766e+02,1,0.000000000000000e+00,0.000000000000000e+00
7.819999999989760e-05,1564,6.800884356455007e-02,1.841651018366081e+04,1.000000000000000e+00,8.000000000000000e-01,2.000000000000000e-01,1.283745559825700e-04,-7.512982179781362e-05,1.666666666666667e+00,0.000000000000000e+00,2.981500000000000e+02,3.092028037039226e+02,2.999999999990837e+02,1.062783858774720e+03,3.357269295816693e+02,1,0.000000000000000e+00,0.000000000000000e+00
7.824999999989703e-05,1565,7.140285963943259e-02,1.828418467433178e+04,1.000000000000000e+00,8.000000000000000e-01,2.000000000000000e-01,1.284578893159028e-04,-7.512982179781362e-05,1.666666666666667e+00,0.000000000000000e+00,2.981500000000000e+02,3.094170663844334e+02,2.999999999990837e+02,1.063714212348696e+03,3.357585179999076e+02,1,0.000000000000000e+00,0.000000000000000e+00
7.829999999989646e-05,1566,7.146750724131423e-02,1.913584533757192e+04,1.000000000000000e+00,8.000000000000000e-01,2.000000000000000e-01,1.285412226492356e-04,-7.512982179781362e-05,1.666666666666667e+00,0.000000000000000e+00,2.981500000000000e+02,3.094652715186299e+02,2.999999999990837e+02,1.064581367085831e+03,3.357896071812328e+02,1,0.000000000000000e+00,0.000000000000000e+00
7.834999999989590e-05,1567,6.820240613027942e-02,1.980860850413200e+04,1.000000000000000e+00,8.000000000000000e-01,2.000000000000000e-01,1.286245559825685e-04,-7.512982179781362e-05,1.666666666666667e+00,0.000000000000000e+00,2.981500000000000e+02,3.094371167512575e+02,2.999999999990837e+02,1.065304380665373e+03,3.358194800767218e+02,1,0.000000000000000e+00,0.000000000000000e+00
7.839999999989533e-05,1568,6.826095363636014e-02,1.933224089004755e+04,1.000000000000000e+00,8.000000000000000e-01,2.000000000000000e-01,1.287078893159013e-04,-7.512982179781362e-05,1.666666666666667e+00,0.000000000000000e+00,2.981500000000000e+02,3.093907549924212e+02,2.999999999990837e+02,1.066032063463208e+03,3.358486715570554e+02,1,0.000000000000000e+00,0.000000000000000e+00
7.844999999989476e-05,1569,6.831975592070888e-02,1.885667707926681e+04,1.000000000000000e+00,8.000000000000000e-01,2.000000000000000e-01,1.287912226492342e-04,-7.512982179781362e-05,1.666666666666667e+00,0.000000000000000e+00,2.981500000000000e+02,3.093296702655663e+02,2.999999999990837e+02,1.066714077518992e+03,3.358775927206821e+02,1,0.000000000000000e+00,0.000000000000000e+00
7.849999999989419e-05,1570,6.837168161527739e-02,1.779249452088961e+04,1.000000000000000e+00,8.000000000000000e-01,2.000000000000000e-01,1.288745559825670e-04,-7.512982179781362e-05,1.666666666666667e+00,0.000000000000000e+00,2.981500000000000e+02,3.092662619894664e+02,2.999999999990837e+02,1.067317388617155e+03,3.359057309960346e+02,1,0.000000000000000e+00,0.000000000000000e+00
7.854999999989362e-05,1571,6.841577616519966e-02,1.960872360875148e+04,1.000000000000000e+00,8.000000000000000e-01,2.000000000000000e-01,1.289578893158998e-04,-7.512982179781362e-05,1.666666666666667e+00,0.000000000000000e+00,2.981500000000000e+02,3.092003739583761e+02,2.999999999990837e+02,1.067938757276602e+03,3.359327523996515e+02,1,0.000000000000000e+00,0.000000000000000e+00
7.859999999989306e-05,1572,6.479678474949901e-02,2.518221866517859e+04,1.000000000000000e+00,8.000000000000000e-01,2.000000000000000e-01,1.290412226492327e-04,-7.512982179781362e-05,1.666666666666667e+00,0.000000000000000e+00,2.981500000000000e+02,3.091271618869014e+02,2.999999999990837e+02,1.068563361996542e+03,3.359589123029846e+02,1,0.000000000000000e+00,0.000000000000000e+00
7.864999999989249e-05,1573,5.726089603350154e-02,1.503146592285905e+04,1.000000000000000e+00,8.000000000000000e-01,2.000000000000000e-01,1.291245559825655e-04,-7.512982179781362e-05,1.666666666666667e+00,0.000000000000000e+00,2.981500000000000e+02,3.090462729302992e+02,2.999999999990837e+02,1.069193373332558e+03,3.359856276325599e+02,1,0.000000000000000e+00,0.000000000000000e+00
7.869999999989192e-05,1574,5.729932383031137e-02,1.256015211210783e+04,1.000000000000000e+00,8.000000000000000e-01,2.000000000000000e-01,1.292078893158983e-04,-7.512982179781362e-05,1.666666666666667e+00,0.000000000000000e+00,2.981500000000000e+02,3.089651398742192e+02,2.999999999990837e+02,1.069852141675932e+03,3.360128576814230e+02,1,0.000000000000000e+00,0.000000000000000e+00
7.874999999989135e-05,1575,6.491471956765843e-02,1.441241769425772e+04,1.000000000000000e+00,8.000000000000000e-01,2.000000000000000e-01,1.292912226492312e-04,-7.512982179781362e-05,1.666666666666667e+00,0.000000000000000e+00,2.981500000000000e+02,3.088911931308497e+02,2.999999999990837e+02,1.070500866620945e+03,3.360401392737028e+02,1,0.000000000000000e+00,0.000000000000000e+00
7.879999999989078e-05,1576,6.862725775897462e-02,2.358363791917702e+04,1.000000000000000e+00,8.000000000000000e-01,2.000000000000000e-01,1.293745559825640e-04,-7.512982179781362e-05,1.666666666666667e+00,0.000000000000000e+00,2.981500000000000e+02,3.088431370211199e+02,2.999999999990837e+02,1.071281183422777e+03,3.360682346448505e+02,1,0.000000000000000e+00,0.000000000000000e+00
7.884999999989022e-05,1577,6.868423921564433e-02,1.637288918533833e+04,1.000000000000000e+00,8.000000000000000e-01,2.000000000000000e-01,1.294578893158969e-04,-7.512982179781362e-05,1.666666666666667e+00,0.000000000000000e+00,2.981500000000000e+02,3.088030245041218e+02,2.999999999990837e+02,1.072303497757348e+03,3.360970973920769e+02,1,0.000000000000000e+00,0.000000000000000e+00
7.889999999988965e-05,1578,6.872949760442872e-02,1.412740893642399e+04,1.000000000000000e+00,8.000000000000000e-01,2.000000000000000e-01,1.295412226492297e-04,-7.512982179781362e-05,1.666666666666667e+00,0.000000000000000e+00,2.981500000000000e+02,3.087565274334248e+02,2.999999999990837e+02,1.073195591352173e+03,3.361260817011324e+02,1,0.000000000000000e+00,0.000000000000000e+00
7.894999999988908e-05,1579,6.876544339584241e-02,1.555915296636729e+04,1.000000000000000e+00,8.000000000000000e-01,2.000000000000000e-01,1.296245559825625e-04,-7.512982179781362e-05,1.666666666666667e+00,0.000000000000000e+00,2.981500000000000e+02,3.087013553289001e+02,2.999999999990837e+02,1.073926371012155e+03,3.361540106720674e+02,1,0.000000000000000e+00,0.000000000000000e+00
7.899999999988851e-05,1580,6.512460621380192e-02,1.564050211781256e+04,1.000000000000000e+00,8.000000000000000e-01,2.000000000000000e-01,1.297078893158954e-04,-7.512982179781362e-05,1.666666666666667e+00,0.000000000000000e+00,2.981500000000000e+02,3.086454682099654e+02,2.999999999990837e+02,1.074566229085689e+03,3.361807631986514e+02,1,0.000000000000000e+00,0.000000000000000e+00
7.904999999988794e-05,1581,5.759375766290246e-02,1.072418327017759e+04,1.000000000000000e+00,8.000000000000000e-01,2.000000000000000e-01,1.297912226492282e-04,-7.512982179781362e-05,1.666666666666667e+00,0.000000000000000e+00,2.981500000000000e+02,3.085876450252934e+02,2.999999999990837e+02,1.075079611311265e+03,3.362064395848306e+02,1,0.000000000000000e+00,0.000000000000000e+00
7.909999999988738e-05,1582,5.705023248718481e-02,8.999482068369272e+03,1.000000000000000e+00,8.000000000000000e-01,2.000000000000000e-01,1.298745559825611e-04,-7.512982179781362e-05,1.666666666666667e+00,0.000000000000000e+00,2.981500000000000e+02,3.085232420017738e+02,2.999999999990837e+02,1.075545174851655e+03,3.362320405002010e+02,1,0.000000000000000e+00,0.000000000000000e+00
7.914999999988681e-05,1583,5.708538929907932e-02,1.025892990889718e+04,1.000000000000000e+00,8.000000000000000e-01,2.000000000000000e-01,1.299578893158939e-04,-7.512982179781362e-05,1.666666666666667e+00,0.000000000000000e+00,2.981500000000000e+02,3.084633179738271e+02,2.999999999990837e+02,1.075968032493642e+03,3.362578906544738e+02,1,0.000000000000000e+00,0.000000000000000e+00
7.919999999988624e-05,1584,6.470426980928889e-02,1.368152693169131e+04,1.000000000000000e+00,8.000000000000000e-01,2.000000000000000e-01,1.300412226492267e-04,-7.512982179781362e-05,1.666666666666667e+00,0.000000000000000e+00,2.981500000000000e+02,3.084225049028458e+02,2.999999999990837e+02,1.076402519363193e+03,3.362835898132830e+02,1,0.000000000000000e+00,0.000000000000000e+00
7.924999999988567e-05,1585,6.843394873859943e-02,1.631645677526377e+04,1.000000000000000e+00,8.000000000000000e-01,2.000000000000000e-01,1.301245559825596e-04,-7.512982179781362e-05,1.666666666666667e+00,0.000000000000000e+00,2.981500000000000e+02,3.083744972307642e+02,2.999999999990837e+02,1.076849358235723e+03,3.363095899619552e+02,1,0.000000000000000e+00,0.000000000000000e+00
7.929999999988510e-05,1586,6.847596450375390e-02,1.647057297415302e+04,1.000000000000000e+00,8.000000000000000e-01,2.000000000000000e-01,1.302078893158924e-04,-7.512982179781362e-05,1.666666666666667e+00,0.000000000000000e+00,2.981500000000000e+02,3.083126569619623e+02,2.999999999990837e+02,1.077242230620818e+03,3.363361574324892e+02,1,0.000000000000000e+00,0.000000000000000e+00
7.934999999988454e-05,1587,6.851012238577198e-02,1.089639638221672e+04,1.000000000000000e+00,8.000000000000000e-01,2.000000000000000e-01,1.302912226492252e-04,-7.512982179781362e-05,1.666666666666667e+00,0.000000000000000e+00,2.981500000000000e+02,3.082565643386469e+02,2.999999999990837e+02,1.077581082435125e+03,3.363628707001862e+02,1,0.000000000000000e+00,0.000000000000000e+00
7.939999999988397e-05,1588,6.854100817700483e-02,1.326660887213908e+04,1.000000000000000e+00,8.000000000000000e-01,2.000000000000000e-01,1.303745559825581e-04,-7.512982179781362e-05,1.666666666666667e+00,0.000000000000000e+00,2.981500000000000e+02,3.081989269157228e+02,2.999999999990837e+02,1.077970027793409e+03,3.363892950515392e+02,1,0.000000000000000e+00,0.000000000000000e+00
7.944999999988340e-05,1589,6.856566076713538e-02,1.577576913117907e+04,1.000000000000000e+00,8.000000000000000e-01,2.000000000000000e-01,1.304578893158909e-04,-7.512982179781362e-05,1.666666666666667e+00,0.000000000000000e+00,2.981500000000000e+02,3.081381656313028e+02,2.999999999990837e+02,1.078299207062355e+03,3.364150581492192e+02,1,0.000000000000000e+00,0.000000000000000e+00
7.949999999988283e-05,1590,6.117952287744998e-02,1.657579975374461e+04,1.000000000000000e+00,8.000000000000000e-01,2.000000000000000e-01,1.305412226492238e-04,-7.512982179781362e-05,1.666666666666667e+00,0.000000000000000e+00,2.981500000000000e+02,3.080817518899153e+02,2.999999999990837e+02,1.078608943606134e+03,3.364421376537773e+02,1,0.000000000000000e+00,0.000000000000000e+00
7.954999999988226e-05,1591,5.733829762525083e-02,1.631209872401038e+04,1.000000000000000e+00,8.000000000000000e-01,2.000000000000000e-01,1.306245559825566e-04,-7.512982179781362e-05,1.666666666666667e+00,0.000000000000000e+00,2.981500000000000e+02,3.080394999806075e+02,2.999999999990837e+02,1.078998123587792e+03,3.364709268108742e+02,1,0.000000000000000e+00,0.000000000000000e+00
7.959999999988170e-05,1592,6.441155775430460e-02,1.701727235882396e+04,1.000000000000000e+00,8.000000000000000e-01,2.000000000000000e-01,1.307078893158894e-04,-7.512982179781362e-05,1.666666666666667e+00,0.000000000000000e+00,2.981500000000000e+02,3.080120380771625e+02,2.999999999990837e+02,1.079372821418410e+03,3.365006451124656e+02,1,0.000000000000000e+00,0.000000000000000e+00
7.964999999988113e-05,1593,6.815374720184648e-02,1.517879531393616e+04,1.000000000000000e+00,8.000000000000000e-01,2.000000000000000e-01,1.307912226492223e-04,-7.512982179781362e-05,1.666666666666667e+00,0.000000000000000e+00,2.981500000000000e+02,3.079973817673196e+02,2.999999999990837e+02,1.079818656701035e+03,3.365309906739827e+02,1,0.000000000000000e+00,0.000000000000000e+00
7.969999999988056e-05,1594,6.820166411503935e-02,1.686063957698343e+04,1.000000000000000e+00,8.000000000000000e-01,2.000000000000000e-01,1.308745559825551e-04,-7.512982179781362e-05,1.666666666666667e+00,0.000000000000000e+00,2.981500000000000e+02,3.079982254505581e+02,2.999999999990837e+02,1.080250152785887e+03,3.365616256019843e+02,1,0.000000000000000e+00,0.000000000000000e+00
7.974999999987999e-05,1595,6.824564548052349e-02,2.222560721721137e+04,1.000000000000000e+00,8.000000000000000e-01,2.000000000000000e-01,1.309578893158880e-04,-7.512982179781362e-05,1.666666666666667e+00,0.000000000000000e+00,2.981500000000000e+02,3.079952043252079e+02,2.999999999990837e+02,1.080718918337266e+03,3.365583459231864e+02,1,0.000000000000000e+00,0.000000000000000e+00
7.979999999987942e-05,1596,6.458894371289164e-02,2.339924318852965e+04,1.000000000000000e+00,8.000000000000000e-01,2.000000000000000e-01,1.310412226492208e-04,-7.512982179781362e-05,1.666666666666667e+00,0.000000000000000e+00,2.981500000000000e+02,3.079885040516241e+02,2.999999999990837e+02,1.081131892173081e+03,3.365898727018579e+02,1,0.000000000000000e+00,0.000000000000000e+00
7.984999999987886e-05,1597,6.462965007339037e-02,1.790026591095914e+04,1.000000000000000e+00,8.000000000000000e-01,2.000000000000000e-01,1.311245559825536e-04,-7.512982179781362e-05,1.666666666666667e+00,0.000000000000000e+00,2.981500000000000e+02,3.079688953256319e+02,2.999999999990837e+02,1.081483413288369e+03,3.366168689974575e+02,1,0.000000000000000e+00,0.000000000000000e+00
7.989999999987829e-05,1598,6.205934324461627e-02,1.732590373539578e+04,1.000000000000000e+00,8.000000000000000e-01,2.000000000000000e-01,1.312078893158865e-04,-7.512982179781362e-05,1.666666666666667e+00,0.000000000000000e+00,2.981500000000000e+02,3.079410834476065e+02,2.999999999990837e+02,1.081783501944523e+03,3.366425748865384e+02,1,0.000000000000000e+00,0.000000000000000e+00
7.994999999987772e-05,1599,6.838363090064463e-02,1.299515867844814e+04,1.000000000000000e+00,8.000000000000000e-01,2.000000000000000e-01,1.312912226492193e-04,-7.512982179781362e-05,1.666666666666667e+00,0.000000000000000e+00,2.981500000000000e+02,3.079168619429394e+02,2.999999999990837e+02,1.082075817143236e+03,3.366682112025930e+02,1,0.000000000000000e+00,0.000000000000000e+00
7.999999999987715e-05,1600,6.580017840423762e-02,1.595028339664296e+04,1.000000000000000e+00,8.000000000000000e-01,2.000000000000000e-01,1.313745559825521e-04,-7.512982179781362e-05,1.666666666666667e+00,0.000000000000000e+00,2.981500000000000e+02,3.079031671772364e+02,2.999999999990837e+02,1.082400837395629e+03,3.366784819236688e+02,1,0.000000000000000e+00,0.000000000000000e+00
8.004999999987658e-05,1601,6.214223342018462e-02,1.745557537474699e+04,1.000000000000000e+00,8.000000000000000e-01,2.000000000000000e-01,1.314578893158850e-04,-7.512982179781362e-05,1.666666666666667e+00,0.000000000000000e+00,2.981500000000000e+02,3.078979500571930e+02,2.999999999990837e+02,1.082677452661709e+03,3.366861990098391e+02,1,0.000000000000000e+00,0.000000000000000e+00
8.009999999987602e-05,1602,6.216364659315495e-02,1.691207095801420e+04,1.000000000000000e+00,8.000000000000000e-01,2.000000000000000e-01,1.315412226492178e-04,-7.512982179781362e-05,1.666666666666667e+00,0.000000000000000e+00,2.981500000000000e+02,3.078890391664086e+02,2.999999999990837e+02,1.082867481471828e+03,3.367098333774136e+02,1,0.000000000000000e+00,0.000000000000000e+00
8.014999999987545e-05,1603,6.529136923742490e-02,1.484389557966874e+04,1.000000000000000e+00,8.000000000000000e-01,2.000000000000000e-01,1.316245559825507e-04,-7.512982179781362e-05,1.666666666666667e+00,0.000000000000000e+00,2.981500000000000e+02,3.078796558162783e+02,2.999999999990837e+02,1.082819941774147e+03,3.367336377415197e+02,1,0.000000000000000e+00,0.000000000000000e+00
8.019999999987488e-05,1604,5.769915088197428e-02,1.183857167887296e+04,1.000000000000000e+00,8.000000000000000e-01,2.000000000000000e-01,1.317078893158835e-04,-7.512982179781362e-05,1.666666666666667e+00,0.000000000000000e+00,2.981500000000000e+02,3.078654081605197e+02,2.999999999979540e+02,1.082753128878277e+03,3.367584824363568e+02,1,0.000000000000000e+00,0.000000000000000e+00
8.024999999987431e-05,1605,5.772799714702534e-02,9.281339241427882e+03,1.000000000000000e+00,8.000000000000000e-01,2.000000000000000e-01,1.317912226492163e-04,-7.512982179781362e-05,1.666666666666667e+00,0.000000000000000e+00,2.981500000000000e+02,3.078447113493957e+02,2.999999999979397e+02,1.082698038994323e+03,3.367838524189629e+02,1,0.000000000000000e+00,0.000000000000000e+00
8.029999999987374e-05,1606,6.537727408260141e-02,1.205388448983336e+04,1.000000000000000e+00,8.000000000000000e-01,2.000000000000000e-01,1.318745559825492e-04,-7.512982179781362e-05,1.666666666666667e+00,0.000000000000000e+00,2.981500000000000e+02,3.078256953511216e+02,2.999999999979454e+02,1.082513630173312e+03,3.368086397215161e+02,1,0.000000000000000e+00,0.000000000000000e+00
8.034999999987318e-05,1607,6.541128645822308e-02,1.289400793387614e+04,1.000000000000000e+00,8.000000000000000e-01,2.000000000000000e-01,1.319578893158820e-04,-7.512982179781362e-05,1.666666666666667e+00,0.000000000000000e+00,2.981500000000000e+02,3.078052867595485e+02,2.999999999979511e+02,1.082254006441511e+03,3.368127658718142e+02,1,0.000000000000000e+00,0.000000000000000e+00
8.039999999987261e-05,1608,6.912659813878039e-02,1.121459741545716e+04,1.000000000000000e+00,8.000000000000000e-01,2.000000000000000e-01,1.320412226492149e-04,-7.512982179781362e-05,1.666666666666667e+00,0.000000000000000e+00,2.981500000000000e+02,3.077858872196012e+02,2.999999999979568e+02,1.081951875178414e+03,3.368381575004456e+02,1,0.000000000000000e+00,0.000000000000000e+00
8.044999999987204e-05,1609,6.916592081117083e-02,1.024905688343549e+04,1.000000000000000e+00,8.000000000000000e-01,2.000000000000000e-01,1.321245559825477e-04,-7.512982179781362e-05,1.666666666666667e+00,0.000000000000000e+00,2.981500000000000e+02,3.077667238106614e+02,2.999999999979624e+02,1.081621963382180e+03,3.368636564149721e+02,1,0.000000000000000e+00,0.000000000000000e+00
8.049999999987147e-05,1610,6.920351432019430e-02,8.701951398405690e+03,1.000000000000000e+00,8.000000000000000e-01,2.000000000000000e-01,1.322078893158805e-04,-7.512982179781362e-05,1.666666666666667e+00,0.000000000000000e+00,2.981500000000000e+02,3.077537195868115e+02,2.999999999979681e+02,1.081342158203308e+03,3.368884542498246e+02,1,0.000000000000000e+00,0.000000000000000e+00
8.054999999987090e-05,1611,6.924088870685234e-02,9.526029177655158e+03,1.000000000000000e+00,8.000000000000000e-01,2.000000000000000e-01,1.322912226492134e-04,-7.512982179781362e-05,1.666666666666667e+00,0.000000000000000e+00,2.981500000000000e+02,3.077462875583575e+02,2.999999999979738e+02,1.081071114928075e+03,3.368924620946842e+02,1,0.000000000000000e+00,0.000000000000000e+00
8.059999999987034e-05,1612,6.927572038003436e-02,1.149422884235940e+04,1.000000000000000e+00,8.000000000000000e-01,2.000000000000000e-01,1.323745559825462e-04,-7.512982179781362e-05,1.666666666666667e+00,0.000000000000000e+00,2.981500000000000e+02,3.077307818954743e+02,2.999999999979795e+02,1.080824258927607e+03,3.369160729111336e+02,1,0.000000000000000e+00,0.000000000000000e+00
8.064999999986977e-05,1613,6.930376311387219e-02,1.393980744717931e+04,1.000000000000000e+00,8.000000000000000e-01,2.000000000000000e-01,1.324578893158790e-04,-7.512982179781362e-05,1.666666666666667e+00,0.000000000000000e+00,2.981500000000000e+02,3.077130470889783e+02,2.999999999979852e+02,1.080568680506845e+03,3.369397979419002e+02,1,0.000000000000000e+00,0.000000000000000e+00
8.069999999986920e-05,1614,6.933233828048521e-02,1.496514735524374e+04,1.000000000000000e+00,8.000000000000000e-01,2.000000000000000e-01,1.325412226492119e-04,-7.512982179781362e-05,1.666666666666667e+00,0.000000000000000e+00,2.981500000000000e+02,3.076978689610604e+02,2.999999999979909e+02,1.080326288527003e+03,3.369634217628611e+02,1,0.000000000000000e+00,0.000000000000000e+00
8.074999999986863e-05,1615,6.936647807238559e-02,1.379079420246108e+04,1.000000000000000e+00,8.000000000000000e-01,2.000000000000000e-01,1.326245559825447e-04,-7.512982179781362e-05,1.666666666666667e+00,0.000000000000000e+00,2.981500000000000e+02,3.076841343312755e+02,2.999999999979966e+02,1.080010995784512e+03,3.369868867671599e+02,1,0.000000000000000e+00,0.000000000000000e+00
8.079999999986807e-05,1616,6.573576926241255e-02,1.011394761642458e+04,1.000000000000000e+00,8.000000000000000e-01,2.000000000000000e-01,1.327078893158776e-04,-7.512982179781362e-05,1.666666666666667e+00,0.000000000000000e+00,2.981500000000000e+02,3.076701093052571e+02,2.999999999980022e+02,1.079683220866735e+03,3.370102602192013e+02,1,0.000000000000000e+00,0.000000000000000e+00
8.084999999986750e-05,1617,6.577080549670400e-02,1.067454226326930e+04,1.000000000000000e+00,8.000000000000000e-01,2.000000000000000e-01,1.327912226492104e-04,-7.512982179781362e-05,1.666666666666667e+00,0.000000000000000e+00,2.981500000000000e+02,3.076525105688677e+02,2.999999999980079e+02,1.079337081616785e+03,3.370324956792467e+02,1,0.000000000000000e+00,0.000000000000000e+00
8.089999999986693e-05,1618,5.817559987502776e-02,9.580735500994937e+03,1.000000000000000e+00,8.000000000000000e-01,2.000000000000000e-01,1.328745559825432e-04,-7.512982179781362e-05,1.666666666666667e+00,0.000000000000000e+00,2.981500000000000e+02,3.076351724728862e+02,2.999999999980136e+02,1.078986320440020e+03,3.370538332298137e+02,1,0.000000000000000e+00,0.000000000000000e+00
8.094999999986636e-05,1619,5.762775696910410e-02,8.382511325560350e+03,1.000000000000000e+00,8.000000000000000e-01,2.000000000000000e-01,1.329578893158761e-04,-7.512982179781362e-05,1.666666666666667e+00,0.000000000000000e+00,2.981500000000000e+02,3.076147658630291e+02,2.999999999980078e+02,1.078614698369123e+03,3.370535687817962e+02,1,0.000000000000000e+00,0.000000000000000e+00
8.099999999986579e-05,1620,6.803288953014688e-02,1.090294642132995e+04,1.000000000000000e+00,8.000000000000000e-01,2.000000000000000e-01,1.330412226492089e-04,-7.512982179781362e-05,1.666666666666667e+00,0.000000000000000e+00,2.981500000000000e+02,3.075918450298554e+02,2.999999999980135e+02,1.078228611797306e+03,3.370338675331109e+02,1,0.000000000000000e+00,0.000000000000000e+00
8.104999999986523e-05,1621,7.230045719021087e-02,9.091918251517463e+03,1.000000000000000e+00,8.000000000000000e-01,2.000000000000000e-01,1.331245559825418e-04,-7.512982179781362e-05,1.666666666666667e+00,0.000000000000000e+00,2.981500000000000e+02,3.075664218415978e+02,2.999999999980187e+02,1.077853508926717e+03,3.370567896153046e+02,1,0.000000000000000e+00,0.000000000000000e+00
8.109999999986466e-05,1622,7.233558675989703e-02,8.455670605960839e+03,1.000000000000000e+00,8.000000000000000e-01,2.000000000000000e-01,1.332078893158746e-04,-7.512982179781362e-05,1.666666666666667e+00,0.000000000000000e+00,2.981500000000000e+02,3.075403259029352e+02,2.999999999980244e+02,1.077493663560973e+03,3.370806797402094e+02,1,0.000000000000000e+00,0.000000000000000e+00
8.114999999986409e-05,1623,7.237095542336365e-02,8.555034004860334e+03,1.000000000000000e+00,8.000000000000000e-01,2.000000000000000e-01,1.332912226492074e-04,-7.512982179781362e-05,1.666666666666667e+00,0.000000000000000e+00,2.981500000000000e+02,3.075134275148160e+02,2.999999999980301e+02,1.077170287201579e+03,3.371043145470901e+02,1,0.000000000000000e+00,0.000000000000000e+00
8.119999999986352e-05,1624,7.239900453493398e-02,8.830261601132084e+03,1.000000000000000e+00,8.000000000000000e-01,2.000000000000000e-01,1.333745559825403e-04,-7.512982179781362e-05,1.666666666666667e+00,0.000000000000000e+00,2.981500000000000e+02,3.074878901999091e+02,2.999999999980358e+02,1.076849272984489e+03,3.371267761617768e+02,1,0.000000000000000e+00,0.000000000000000e+00
8.124999999986295e-05,1625,7.184867267701162e-02,9.436696461451180e+03,1.000000000000000e+00,8.000000000000000e-01,2.000000000000000e-01,1.334578893158731e-04,-7.512982179781362e-05,1.666666666666667e+00,0.000000000000000e+00,2.981500000000000e+02,3.074628846672224e+02,2.999999999980415e+02,1.076548446425742e+03,3.371491503001900e+02,1,0.000000000000000e+00,0.000000000000000e+00
8.129999999986239e-05,1626,7.187926645181711e-02,8.332830205041344e+03,1.000000000000000e+00,8.000000000000000e-01,2.000000000000000e-01,1.335412226492059e-04,-7.512982179781362e-05,1.666666666666667e+00,0.000000000000000e+00,2.981500000000000e+02,3.074382625884350e+02,2.999999999980471e+02,1.076257940517075e+03,3.371704245133722e+02,1,0.000000000000000e+00,0.000000000000000e+00
8.134999999986182e-05,1627,7.190720188101282e-02,8.746559433308372e+03,1.000000000000000e+00,8.000000000000000e-01,2.000000000000000e-01,1.336245559825388e-04,-7.512982179781362e-05,1.666666666666667e+00,0.000000000000000e+00,2.981500000000000e+02,3.074093689332815e+02,2.999999999980528e+02,1.075919424673476e+03,3.371899595109564e+02,1,0.000000000000000e+00,0.000000000000000e+00
8.139999999986125e-05,1628,7.193352673934966e-02,7.545897027635142e+03,1.000000000000000e+00,8.000000000000000e-01,2.000000000000000e-01,1.337078893158716e-04,-7.512982179781362e-05,1.666666666666667e+00,0.000000000000000e+00,2.981500000000000e+02,3.073772773182060e+02,2.999999999981405e+02,1.075546338198511e+03,3.372083134958874e+02,1,0.000000000000000e+00,0.000000000000000e+00
8.144999999986068e-05,1629,7.195958623670393e-02,8.551554299312053e+03,1.000000000000000e+00,8.000000000000000e-01,2.000000000000000e-01,1.337912226492045e-04,-7.512982179781362e-05,1.666666666666667e+00,0.000000000000000e+00,2.981500000000000e+02,3.073452085138719e+02,2.999999999981462e+02,1.075182780742383e+03,3.372267858098430e+02,1,0.000000000000000e+00,0.000000000000000e+00
8.149999999986011e-05,1630,6.833438873683033e-02,9.223126953116902e+03,1.000000000000000e+00,8.000000000000000e-01,2.000000000000000e-01,1.338745559825373e-04,-7.512982179781362e-05,1.666666666666667e+00,0.000000000000000e+00,2.981500000000000e+02,3.073168325017315e+02,2.999999999981518e+02,1.074842856971212e+03,3.372457017098763e+02,1,0.000000000000000e+00,0.000000000000000e+00
8.154999999985955e-05,1631,6.835808419912658e-02,7.959314200813135e+03,1.000000000000000e+00,8.000000000000000e-01,2.000000000000000e-01,1.339578893158701e-04,-7.512982179781362e-05,1.666666666666667e+00,0.000000000000000e+00,2.981500000000000e+02,3.072920777521099e+02,2.999999999981426e+02,1.074510915499781e+03,3.372646376591989e+02,1,0.000000000000000e+00,0.000000000000000e+00
8.159999999985898e-05,1632,6.838013188250754e-02,8.340660428769057e+03,1.000000000000000e+00,8.000000000000000e-01,2.000000000000000e-01,1.340412226492030e-04,-7.512982179781362e-05,1.666666666666667e+00,0.000000000000000e+00,2.981500000000000e+02,3.072711252613388e+02,2.999999999981483e+02,1.074203106128621e+03,3.372839636459732e+02,1,0.000000000000000e+00,0.000000000000000e+00
8.164999999985841e-05,1633,6.840850866799220e-02,9.245375625314326e+03,1.000000000000000e+00,8.000000000000000e-01,2.000000000000000e-01,1.341245559825358e-04,-7.512982179781362e-05,1.666666666666667e+00,0.000000000000000e+00,2.981500000000000e+02,3.072584708966370e+02,2.999999999981540e+02,1.073935417392026e+03,3.373046191485301e+02,1,0.000000000000000e+00,0.000000000000000e+00
8.169999999985784e-05,1634,6.844904092337827e-02,1.164883087114375e+04,1.000000000000000e+00,8.000000000000000e-01,2.000000000000000e-01,1.342078893158687e-04,-7.512982179781362e-05,1.666666666666667e+00,0.000000000000000e+00,2.981500000000000e+02,3.072530845654059e+02,2.999999999981596e+02,1.073748170468683e+03,3.373278845061389e+02,1,0.000000000000000e+00,0.000000000000000e+00
8.174999999985727e-05,1635,7.212976109509781e-02,1.204173035307541e+04,1.000000000000000e+00,8.000000000000000e-01,2.000000000000000e-01,1.342912226492015e-04,-7.512982179781362e-05,1.666666666666667e+00,0.000000000000000e+00,2.981500000000000e+02,3.072490369208755e+02,2.999999999981653e+02,1.073576421556028e+03,3.373514454001086e+02,1,0.000000000000000e+00,0.000000000000000e+00
8.179999999985671e-05,1636,7.217302531485587e-02,1.041081474431083e+04,1.000000000000000e+00,8.000000000000000e-01,2.000000000000000e-01,1.343745559825343e-04,-7.512982179781362e-05,1.666666666666667e+00,0.000000000000000e+00,2.981500000000000e+02,3.072444493519308e+02,2.999999999981710e+02,1.073372337300638e+03,3.373744890596356e+02,1,0.000000000000000e+00,0.000000000000000e+00
8.184999999985614e-05,1637,7.221274008240074e-02,8.062961611224035e+03,1.000000000000000e+00,8.000000000000000e-01,2.000000000000000e-01,1.344578893158672e-04,-7.512982179781362e-05,1.666666666666667e+00,0.000000000000000e+00,2.981500000000000e+02,3.072344008084907e+02,2.999999999981767e+02,1.073138478957927e+03,3.373967321190736e+02,1,0.000000000000000e+00,0.000000000000000e+00
8.189999999985557e-05,1638,7.224028025722316e-02,8.351781232667778e+03,1.000000000000000e+00,8.000000000000000e-01,2.000000000000000e-01,1.345412226492000e-04,-7.512982179781362e-05,1.666666666666667e+00,0.000000000000000e+00,2.981500000000000e+02,3.072163074595049e+02,2.999999999981824e+02,1.072916812536247e+03,3.374183687366356e+02,1,0.000000000000000e+00,0.000000000000000e+00
8.194999999985500e-05,1639,7.228837769737374e-02,1.359278148220154e+04,1.000000000000000e+00,8.000000000000000e-01,2.000000000000000e-01,1.346245559825328e-04,-7.512982179781362e-05,1.666666666666667e+00,0.000000000000000e+00,2.981500000000000e+02,3.075474340236566e+02,2.999999999981853e+02,1.072756498537712e+03,3.374413497153975e+02,1,0.000000000000000e+00,0.000000000000000e+00
8.199999999985443e-05,1640,7.233989369940466e-02,1.413129431568682e+04,1.000000000000000e+00,8.000000000000000e-01,2.000000000000000e-01,1.347078893158657e-04,-7.512982179781362e-05,1.666666666666667e+00,0.000000000000000e+00,2.981500000000000e+02,3.075989157212069e+02,2.999999999981910e+02,1.072676776018507e+03,3.374654946467981e+02,1,0.000000000000000e+00,0.000000000000000e+00
8.204999999985387e-05,1641,7.238515745474679e-02,1.456882430364239e+04,1.000000000000000e+00,8.000000000000000e-01,2.000000000000000e-01,1.347912226491985e-04,-7.512982179781362e-05,1.666666666666667e+00,0.000000000000000e+00,2.981500000000000e+02,3.075643572496524e+02,2.999999999981967e+02,1.072674722332152e+03,3.374910253303563e+02,1,0.000000000000000e+00,0.000000000000000e+00
8.209999999985330e-05,1642,6.879833919540700e-02,1.484376218974854e+04,1.000000000000000e+00,8.000000000000000e-01,2.000000000000000e-01,1.348745559825314e-04,-7.512982179781362e-05,1.666666666666667e+00,0.000000000000000e+00,2.981500000000000e+02,3.075070487624839e+02,2.999999999982024e+02,1.072703506533154e+03,3.375181753119878e+02,1,0.000000000000000e+00,0.000000000000000e+00
8.214999999985273e-05,1643,6.885408245481567e-02,1.471074494574889e+04,1.000000000000000e+00,8.000000000000000e-01,2.000000000000000e-01,1.349578893158642e-04,-7.512982179781362e-05,1.666666666666667e+00,0.000000000000000e+00,2.981500000000000e+02,3.074487410977765e+02,2.999999999982081e+02,1.072811491356194e+03,3.375467543685754e+02,1,0.000000000000000e+00,0.000000000000000e+00
8.219999999985216e-05,1644,6.890990679056434e-02,1.349655624008149e+04,1.000000000000000e+00,8.000000000000000e-01,2.000000000000000e-01,1.350412226491970e-04,-7.512982179781362e-05,1.666666666666667e+00,0.000000000000000e+00,2.981500000000000e+02,3.073923769550815e+02,2.999999999982138e+02,1.072963116514998e+03,3.375754702246168e+02,1,0.000000000000000e+00,0.000000000000000e+00
8.224999999985159e-05,1645,6.896662802378954e-02,1.670746474644337e+04,1.000000000000000e+00,8.000000000000000e-01,2.000000000000000e-01,1.351245559825299e-04,-7.512982179781362e-05,1.666666666666667e+00,0.000000000000000e+00,2.981500000000000e+02,3.073424880808577e+02,2.999999999982194e+02,1.073130902279006e+03,3.376042281340255e+02,1,0.000000000000000e+00,0.000000000000000e+00
8.229999999985103e-05,1646,6.901881294449969e-02,1.513514873354364e+04,1.000000000000000e+00,8.000000000000000e-01,2.000000000000000e-01,1.352078893158627e-04,-7.512982179781362e-05,1.666666666666667e+00,0.000000000000000e+00,2.981500000000000e+02,3.072831065171773e+02,2.999999999982251e+02,1.073465365928984e+03,3.376329783272402e+02,1,0.000000000000000e+00,0.000000000000000e+00
8.234999999985046e-05,1647,6.507580380163404e-02,1.339726546888878e+04,1.000000000000000e+00,8.000000000000000e-01,2.000000000000000e-01,1.352912226491956e-04,-7.512982179781362e-05,1.666666666666667e+00,0.000000000000000e+00,2.981500000000000e+02,3.072268027794559e+02,2.999999999982308e+02,1.073847913577395e+03,3.376618666605456e+02,1,0.000000000000000e+00,0.000000000000000e+00
8.239999999984989e-05,1648,6.911882827060709e-02,1.432046546253641e+04,1.000000000000000e+00,8.000000000000000e-01,2.000000000000000e-01,1.353745559825284e-04,-7.512982179781362e-05,1.666666666666667e+00,0.000000000000000e+00,2.981500000000000e+02,3.071703180624774e+02,2.999999999982365e+02,1.074153012514530e+03,3.376900272771211e+02,1,0.000000000000000e+00,0.000000000000000e+00
8.244999999984932e-05,1649,7.279173796661655e-02,1.236916825444771e+04,1.000000000000000e+00,8.000000000000000e-01,2.000000000000000e-01,1.354578893158612e-04,-7.512982179781362e-05,1.666666666666667e+00,0.000000000000000e+00,2.981500000000000e+02,3.071172829441047e+02,2.999999999982422e+02,1.074424556749405e+03,3.376963439350496e+02,1,0.000000000000000e+00,0.000000000000000e+00
8.249999999984875e-05,1650,7.283900655294111e-02,9.037530139173841e+03,1.000000000000000e+00,8.000000000000000e-01,2.000000000000000e-01,1.355412226491941e-04,-7.512982179781362e-05,1.666666666666667e+00,0.000000000000000e+00,2.981500000000000e+02,3.070702269315333e+02,2.999999999982479e+02,1.074670477047517e+03,3.377218747585981e+02,1,0.000000000000000e+00,0.000000000000000e+00
8.254999999984819e-05,1651,7.287712274193275e-02,7.837909388630531e+03,1.000000000000000e+00,8.000000000000000e-01,2.000000000000000e-01,1.356245559825269e-04,-7.512982179781362e-05,1.666666666666667e+00,0.000000000000000e+00,2.981500000000000e+02,3.070193690856770e+02,2.999999999982535e+02,1.074900631306623e+03,3.377464437958814e+02,1,0.000000000000000e+00,0.000000000000000e+00
8.259999999984762e-05,1652,7.290812606107139e-02,9.624702549137681e+03,1.000000000000000e+00,8.000000000000000e-01,2.000000000000000e-01,1.357078893158597e-04,-7.512982179781362e-05,1.666666666666667e+00,0.000000000000000e+00,2.981500000000000e+02,3.069678114198020e+02,2.999999999982592e+02,1.075084005887677e+03,3.377712081147107e+02,1,0.000000000000000e+00,0.000000000000000e+00
8.264999999984705e-05,1653,7.293667906666924e-02,1.216085571996996e+04,1.000000000000000e+00,8.000000000000000e-01,2.000000000000000e-01,1.357912226491926e-04,-7.512982179781362e-05,1.666666666666667e+00,0.000000000000000e+00,2.981500000000000e+02,3.069217944436937e+02,2.999999999982649e+02,1.075245612782058e+03,3.377751887286041e+02,1,0.000000000000000e+00,0.000000000000000e+00
8.269999999984648e-05,1654,7.297320377624213e-02,1.066116357870257e+04,1.000000000000000e+00,8.000000000000000e-01,2.000000000000000e-01,1.358745559825254e-04,-7.512982179781362e-05,1.666666666666667e+00,0.000000000000000e+00,2.981500000000000e+02,3.068835058949963e+02,2.999999999982706e+02,1.075401086860387e+03,3.378010128963228e+02,1,0.000000000000000e+00,0.000000000000000e+00
8.274999999984591e-05,1655,7.301196468472006e-02,9.786989861739230e+03,1.000000000000000e+00,8.000000000000000e-01,2.000000000000000e-01,1.359578893158583e-04,-7.512982179781362e-05,1.666666666666667e+00,0.000000000000000e+00,2.981500000000000e+02,3.068469935613811e+02,2.999999999982763e+02,1.075593836864537e+03,3.378261590604861e+02,1,0.000000000000000e+00,0.000000000000000e+00
8.279999999984535e-05,1656,7.305111363558554e-02,7.952833369269928e+03,1.000000000000000e+00,8.000000000000000e-01,2.000000000000000e-01,1.360412226491911e-04,-7.512982179781362e-05,1.666666666666667e+00,0.000000000000000e+00,2.981500000000000e+02,3.068147120242504e+02,2.999999999982820e+02,1.075772524526089e+03,3.378510015388757e+02,1,0.000000000000000e+00,0.000000000000000e+00
8.284999999984478e-05,1657,7.309132962753474e-02,8.739874377208169e+03,1.000000000000000e+00,8.000000000000000e-01,2.000000000000000e-01,1.361245559825239e-04,-7.512982179781362e-05,1.666666666666667e+00,0.000000000000000e+00,2.981500000000000e+02,3.067850175913073e+02,2.999999999982876e+02,1.075957549657329e+03,3.378762201660095e+02,1,0.000000000000000e+00,0.000000000000000e+00
8.289999999984421e-05,1658,6.950573490581489e-02,9.632526287590890e+03,1.000000000000000e+00,8.000000000000000e-01,2.000000000000000e-01,1.362078893158568e-04,-7.512982179781362e-05,1.666666666666667e+00,0.000000000000000e+00,2.981500000000000e+02,3.067532158211326e+02,2.999999999982933e+02,1.076144607361756e+03,3.379012927487947e+02,1,0.000000000000000e+00,0.000000000000000e+00
8.294999999984364e-05,1659,6.953348996983398e-02,1.176321729483287e+04,1.000000000000000e+00,8.000000000000000e-01,2.000000000000000e-01,1.362912226491896e-04,-7.512982179781362e-05,1.666666666666667e+00,0.000000000000000e+00,2.981500000000000e+02,3.067173411940676e+02,2.999999999982990e+02,1.076271270933313e+03,3.379260672253338e+02,1,0.000000000000000e+00,0.000000000000000e+00
8.299999999984307e-05,1660,6.900154342404466e-02,1.214591425892978e+04,1.000000000000000e+00,8.000000000000000e-01,2.000000000000000e-01,1.363745559825225e-04,-7.512982179781362e-05,1.666666666666667e+00,0.000000000000000e+00,2.981500000000000e+02,3.066826186380389e+02,2.999999999983047e+02,1.076394832672149e+03,3.379297028877733e+02,1,0.000000000000000e+00,0.000000000000000e+00
8.304999999984251e-05,1661,6.503364658186739e-02,8.135094758998971e+03,1.000000000000000e+00,8.000000000000000e-01,2.000000000000000e-01,1.364578893158553e-04,-7.512982179781362e-05,1.666666666666667e+00,0.000000000000000e+00,2.981500000000000e+02,3.066516288289230e+02,2.999999999983104e+02,1.076499466431307e+03,3.379538521888656e+02,1,0.000000000000000e+00,0.000000000000000e+00
8.309999999984194e-05,1662,6.906796900004239e-02,6.862164505560864e+03,1.000000000000000e+00,8.000000000000000e-01,2.000000000000000e-01,1.365412226491881e-04,-7.512982179781362e-05,1.666666666666667e+00,0.000000000000000e+00,2.981500000000000e+02,3.066264516668749e+02,2.999999999983161e+02,1.076602021353710e+03,3.379773439483340e+02,1,0.000000000000000e+00,0.000000000000000e+00
8.314999999984137e-05,1663,6.910317096703635e-02,7.128638182009131e+03,1.000000000000000e+00,8.000000000000000e-01,2.000000000000000e-01,1.366245559825210e-04,-7.512982179781362e-05,1.666666666666667e+00,0.000000000000000e+00,2.981500000000000e+02,3.066030573278942e+02,2.999999999983218e+02,1.076711422193796e+03,3.380005682483596e+02,1,0.000000000000000e+00,0.000000000000000e+00
8.319999999984080e-05,1664,7.274767291721655e-02,7.557867780674006e+03,1.000000000000000e+00,8.000000000000000e-01,2.000000000000000e-01,1.367078893158538e-04,-7.512982179781362e-05,1.666666666666667e+00,0.000000000000000e+00,2.981500000000000e+02,3.065751619399119e+02,2.999999999983274e+02,1.076819747933221e+03,3.380232927114567e+02,1,0.000000000000000e+00,0.000000000000000e+00
8.324999999984023e-05,1665,7.277394039746493e-02,7.925029656158930e+03,1.000000000000000e+00,8.000000000000000e-01,2.000000000000000e-01,1.367912226491866e-04,-7.512982179781362e-05,1.666666666666667e+00,0.000000000000000e+00,2.981500000000000e+02,3.065472815697350e+02,2.999999999983331e+02,1.076885780216527e+03,3.380252591080167e+02,1,0.000000000000000e+00,0.000000000000000e+00
8.329999999983967e-05,1666,7.280939000557708e-02,9.847431142249665e+03,1.000000000000000e+00,8.000000000000000e-01,2.000000000000000e-01,1.368745559825195e-04,-7.512982179781362e-05,1.666666666666667e+00,0.000000000000000e+00,2.981500000000000e+02,3.065190409524136e+02,2.999999999983388e+02,1.076951246366950e+03,3.380471715896373e+02,1,0.000000000000000e+00,0.000000000000000e+00
8.334999999983910e-05,1667,7.283595408083947e-02,8.376160388528977e+03,1.000000000000000e+00,8.000000000000000e-01,2.000000000000000e-01,1.369578893158523e-04,-7.512982179781362e-05,1.666666666666667e+00,0.000000000000000e+00,2.981500000000000e+02,3.064851960108961e+02,2.999999999983445e+02,1.076983365787175e+03,3.380678164671287e+02,1,0.000000000000000e+00,0.000000000000000e+00
8.339999999983853e-05,1668,6.885086743996316e-02,6.136785428070314e+03,1.000000000000000e+00,8.000000000000000e-01,2.000000000000000e-01,1.370412226491852e-04,-7.512982179781362e-05,1.666666666666667e+00,0.000000000000000e+00,2.981500000000000e+02,3.064458236475406e+02,2.999999999983502e+02,1.076961423293056e+03,3.380890813007694e+02,1,0.000000000000000e+00,0.000000000000000e+00
8.344999999983796e-05,1669,7.288141788056998e-02,6.879067944346139e+03,1.000000000000000e+00,8.000000000000000e-01,2.000000000000000e-01,1.371245559825180e-04,-7.512982179781362e-05,1.666666666666667e+00,0.000000000000000e+00,2.981500000000000e+02,3.064088120002788e+02,2.999999999983559e+02,1.077033920402103e+03,3.381120928853298e+02,1,0.000000000000000e+00,0.000000000000000e+00
8.349999999983739e-05,1670,7.291609832208086e-02,8.167797597243362e+03,1.000000000000000e+00,8.000000000000000e-01,2.000000000000000e-01,1.372078893158508e-04,-7.512982179781362e-05,1.666666666666667e+00,0.000000000000000e+00,2.981500000000000e+02,3.063824864856800e+02,2.999999999983615e+02,1.077125531256835e+03,3.381359229578849e+02,1,0.000000000000000e+00,0.000000000000000e+00
8.354999999983683e-05,1671,7.294866937548836e-02,8.701683194494777e+03,1.000000000000000e+00,8.000000000000000e-01,2.000000000000000e-01,1.372912226491837e-04,-7.512982179781362e-05,1.666666666666667e+00,0.000000000000000e+00,2.981500000000000e+02,3.063616029666412e+02,2.999999999983672e+02,1.077270443653076e+03,3.381599876365498e+02,1,0.000000000000000e+00,0.000000000000000e+00
8.359999999983626e-05,1672,7.297917572964902e-02,8.532093383064919e+03,1.000000000000000e+00,8.000000000000000e-01,2.000000000000000e-01,1.373745559825165e-04,-7.512982179781362e-05,1.666666666666667e+00,0.000000000000000e+00,2.981500000000000e+02,3.063404001980853e+02,2.999999999983729e+02,1.077479547342080e+03,3.381843290308481e+02,1,0.000000000000000e+00,0.000000000000000e+00
8.364999999983569e-05,1673,7.300715412088736e-02,8.300433414045980e+03,1.000000000000000e+00,8.000000000000000e-01,2.000000000000000e-01,1.374578893158494e-04,-7.512982179781362e-05,1.666666666666667e+00,0.000000000000000e+00,2.981500000000000e+02,3.063160806677535e+02,2.999999999983786e+02,1.077732122900029e+03,3.382094084725364e+02,1,0.000000000000000e+00,0.000000000000000e+00
8.369999999983512e-05,1674,7.303738989751805e-02,1.030428681628210e+04,1.000000000000000e+00,8.000000000000000e-01,2.000000000000000e-01,1.375412226491822e-04,-7.512982179781362e-05,1.666666666666667e+00,0.000000000000000e+00,2.981500000000000e+02,3.062928779993549e+02,2.999999999983843e+02,1.078003841617813e+03,3.382342848834198e+02,1,0.000000000000000e+00,0.000000000000000e+00
8.374999999983455e-05,1675,6.544412632032559e-02,1.071043104314504e+04,1.000000000000000e+00,8.000000000000000e-01,2.000000000000000e-01,1.376245559825150e-04,-7.512982179781362e-05,1.666666666666667e+00,0.000000000000000e+00,2.981500000000000e+02,3.062717843262410e+02,2.999999999983900e+02,1.078300237264697e+03,3.382590138251883e+02,1,0.000000000000000e+00,0.000000000000000e+00
8.379999999983399e-05,1676,6.552671381642980e-02,3.271363277857309e+04,1.000000000000000e+00,8.000000000000000e-01,2.000000000000000e-01,1.377078893158479e-04,-7.512982179781362e-05,1.666666666666667e+00,0.000000000000000e+00,2.981500000000000e+02,3.066772514507185e+02,2.999999999983957e+02,1.078487390474696e+03,3.382665081106879e+02,1,0.000000000000000e+00,0.000000000000000e+00
8.384999999983342e-05,1677,6.964332106029777e-02,2.014830922475598e+04,1.000000000000000e+00,8.000000000000000e-01,2.000000000000000e-01,1.377912226491807e-04,-7.512982179781362e-05,1.666666666666667e+00,0.000000000000000e+00,2.981500000000000e+02,3.076950745606869e+02,2.999999999984013e+02,1.079333892070770e+03,3.382962157455209e+02,1,0.000000000000000e+00,0.000000000000000e+00
8.389999999983285e-05,1678,6.972521941612857e-02,1.692036118474200e+04,1.000000000000000e+00,8.000000000000000e-01,2.000000000000000e-01,1.378745559825135e-04,-7.512982179781362e-05,1.666666666666667e+00,0.000000000000000e+00,2.981500000000000e+02,3.079982058665053e+02,2.999999999984070e+02,1.079817564660504e+03,3.383067706336396e+02,1,0.000000000000000e+00,0.000000000000000e+00
8.394999999983228e-05,1679,6.979219557559868e-02,1.524706295188105e+04,1.000000000000000e+00,8.000000000000000e-01,2.000000000000000e-01,1.379578893158464e-04,-7.512982179781362e-05,1.666666666666667e+00,0.000000000000000e+00,2.981500000000000e+02,3.080743820616056e+02,2.999999999984127e+02,1.080266001213563e+03,3.383388169334726e+02,1,0.000000000000000e+00,0.000000000000000e+00
8.399999999983171e-05,1680,6.984607103042623e-02,1.613923901558000e+04,1.000000000000000e+00,8.000000000000000e-01,2.000000000000000e-01,1.380412226491792e-04,-7.512982179781362e-05,1.666666666666667e+00,0.000000000000000e+00,2.981500000000000e+02,3.080675951984793e+02,2.999999999984184e+02,1.080628720443859e+03,3.383502859279197e+02,1,0.000000000000000e+00,0.000000000000000e+00
8.404999999983115e-05,1681,6.989166917367060e-02,1.461545487322087e+04,1.000000000000000e+00,8.000000000000000e-01,2.000000000000000e-01,1.381245559825121e-04,-7.512982179781362e-05,1.666666666666667e+00,0.000000000000000e+00,2.981500000000000e+02,3.080187482482289e+02,2.999999999984241e+02,1.080948140831852e+03,3.383812710198474e+02,1,0.000000000000000e+00,0.000000000000000e+00
8.409999999983058e-05,1682,6.591380466785804e-02,1.204171801255233e+04,1.000000000000000e+00,8.000000000000000e-01,2.000000000000000e-01,1.382078893158449e-04,-7.512982179781362e-05,1.666666666666667e+00,0.000000000000000e+00,2.981500000000000e+02,3.079266966419247e+02,2.999999999984298e+02,1.081173092160568e+03,3.384105154291523e+02,1,0.000000000000000e+00,0.000000000000000e+00
8.414999999983001e-05,1683,6.595590387165341e-02,1.099850751154933e+04,1.000000000000000e+00,8.000000000000000e-01,2.000000000000000e-01,1.382912226491777e-04,-7.512982179781362e-05,1.666666666666667e+00,0.000000000000000e+00,2.981500000000000e+02,3.078108440677852e+02,2.999999999984354e+02,1.081338095530086e+03,3.384388951419703e+02,1,0.000000000000000e+00,0.000000000000000e+00
8.419999999982944e-05,1684,7.001598196805305e-02,1.065296271778053e+04,1.000000000000000e+00,8.000000000000000e-01,2.000000000000000e-01,1.383745559825106e-04,-7.512982179781362e-05,1.666666666666667e+00,0.000000000000000e+00,2.981500000000000e+02,3.076914048634181e+02,2.999999999984053e+02,1.081480909845256e+03,3.384673232120502e+02,1,0.000000000000000e+00,0.000000000000000e+00
8.424999999982887e-05,1685,7.005830282107851e-02,9.679971478146344e+03,1.000000000000000e+00,8.000000000000000e-01,2.000000000000000e-01,1.384578893158434e-04,-7.512982179781362e-05,1.666666666666667e+00,0.000000000000000e+00,2.981500000000000e+02,3.075701851091744e+02,2.999999999984110e+02,1.081614388519011e+03,3.384961439948324e+02,1,0.000000000000000e+00,0.000000000000000e+00
8.429999999982831e-05,1686,7.009501732473922e-02,1.040565753235113e+04,1.000000000000000e+00,8.000000000000000e-01,2.000000000000000e-01,1.385412226491763e-04,-7.512982179781362e-05,1.666666666666667e+00,0.000000000000000e+00,2.981500000000000e+02,3.074594579391892e+02,2.999999999984167e+02,1.081756436092609e+03,3.385255352611046e+02,1,0.000000000000000e+00,0.000000000000000e+00
8.434999999982774e-05,1687,7.013109577039803e-02,1.300657505518439e+04,1.000000000000000e+00,8.000000000000000e-01,2.000000000000000e-01,1.386245559825091e-04,-7.512982179781362e-05,1.666666666666667e+00,0.000000000000000e+00,2.981500000000000e+02,3.073508492825927e+02,2.999999999984224e+02,1.081881864893655e+03,3.385544817890128e+02,1,0.000000000000000e+00,0.000000000000000e+00
8.439999999982717e-05,1688,7.016347707765115e-02,1.360833713709915e+04,1.000000000000000e+00,8.000000000000000e-01,2.000000000000000e-01,1.387078893158419e-04,-7.512982179781362e-05,1.666666666666667e+00,0.000000000000000e+00,2.981500000000000e+02,3.072417789335651e+02,2.999999999984281e+02,1.081922932175617e+03,3.385821124645802e+02,1,0.000000000000000e+00,0.000000000000000e+00
8.444999999982660e-05,1689,6.617426413504598e-02,1.039042979544417e+04,1.000000000000000e+00,8.000000000000000e-01,2.000000000000000e-01,1.387912226491748e-04,-7.512982179781362e-05,1.666666666666667e+00,0.000000000000000e+00,2.981500000000000e+02,3.071317252111054e+02,2.999999999984337e+02,1.081923228060486e+03,3.386094254183400e+02,1,0.000000000000000e+00,0.000000000000000e+00
8.449999999982603e-05,1690,6.621082619908736e-02,8.670801569029432e+03,1.000000000000000e+00,8.000000000000000e-01,2.000000000000000e-01,1.388745559825076e-04,-7.512982179781362e-05,1.666666666666667e+00,0.000000000000000e+00,2.981500000000000e+02,3.070269412572774e+02,2.999999999984394e+02,1.081917787651809e+03,3.386369549574185e+02,1,0.000000000000000e+00,0.000000000000000e+00
8.454999999982547e-05,1691,7.027238643668930e-02,1.064685068107547e+04,1.000000000000000e+00,8.000000000000000e-01,2.000000000000000e-01,1.389578893158404e-04,-7.512982179781362e-05,1.666666666666667e+00,0.000000000000000e+00,2.981500000000000e+02,3.069219444568144e+02,2.999999999984451e+02,1.081848865222336e+03,3.386647799620073e+02,1,0.000000000000000e+00,0.000000000000000e+00
8.459999999982490e-05,1692,6.976208024744658e-02,1.219267604856201e+04,1.000000000000000e+00,8.000000000000000e-01,2.000000000000000e-01,1.390412226491733e-04,-7.512982179781362e-05,1.666666666666667e+00,0.000000000000000e+00,2.981500000000000e+02,3.068209482588232e+02,2.999999999984397e+02,1.081757349002713e+03,3.386921086910888e+02,1,0.000000000000000e+00,0.000000000000000e+00
8.464999999982433e-05,1693,6.980287180304995e-02,1.717748352556164e+04,1.000000000000000e+00,8.000000000000000e-01,2.000000000000000e-01,1.391245559825061e-04,-7.512982179781362e-05,1.666666666666667e+00,0.000000000000000e+00,2.981500000000000e+02,3.067258977661485e+02,2.999999999984454e+02,1.081660673837679e+03,3.387185276742860e+02,1,0.000000000000000e+00,0.000000000000000e+00
8.469999999982376e-05,1694,6.984816135764567e-02,1.212712036976185e+04,1.000000000000000e+00,8.000000000000000e-01,2.000000000000000e-01,1.392078893158390e-04,-7.512982179781362e-05,1.666666666666667e+00,0.000000000000000e+00,2.981500000000000e+02,3.066368655383160e+02,2.999999999984511e+02,1.081590834538143e+03,3.387455497462539e+02,1,0.000000000000000e+00,0.000000000000000e+00
8.474999999982319e-05,1695,6.989292345838666e-02,1.140210069562595e+04,1.000000000000000e+00,8.000000000000000e-01,2.000000000000000e-01,1.392912226491718e-04,-7.512982179781362e-05,1.666666666666667e+00,0.000000000000000e+00,2.981500000000000e+02,3.065552724510542e+02,2.999999999984568e+02,1.081559260243268e+03,3.387374952132313e+02,1,0.000000000000000e+00,0.000000000000000e+00
8.479999999982263e-05,1696,6.588158995228506e-02,8.897751661802673e+03,1.000000000000000e+00,8.000000000000000e-01,2.000000000000000e-01,1.393745559825046e-04,-7.512982179781362e-05,1.666666666666667e+00,0.000000000000000e+00,2.981500000000000e+02,3.064751124876457e+02,2.999999999984624e+02,1.081444521382533e+03,3.387651315489384e+02,1,0.000000000000000e+00,0.000000000000000e+00
8.484999999982206e-05,1697,6.589857839386852e-02,9.281817865007406e+03,1.000000000000000e+00,8.000000000000000e-01,2.000000000000000e-01,1.394578893158375e-04,-7.512982179781362e-05,1.666666666666667e+00,0.000000000000000e+00,2.981500000000000e+02,3.063924076215635e+02,2.999999999984681e+02,1.081256491479146e+03,3.387912899089007e+02,1,0.000000000000000e+00,0.000000000000000e+00
8.489999999982149e-05,1698,6.592975631508559e-02,1.064735228644068e+04,1.000000000000000e+00,8.000000000000000e-01,2.000000000000000e-01,1.395412226491703e-04,-7.512982179781362e-05,1.666666666666667e+00,0.000000000000000e+00,2.981500000000000e+02,3.063082586920997e+02,2.999999999984738e+02,1.081096530335757e+03,3.388184878998876e+02,1,0.000000000000000e+00,0.000000000000000e+00
8.494999999982092e-05,1699,7.002793428114926e-02,9.888597975304941e+03,1.000000000000000e+00,8.000000000000000e-01,2.000000000000000e-01,1.396245559825031e-04,-7.512982179781362e-05,1.666666666666667e+00,0.000000000000000e+00,2.981500000000000e+02,3.062244666715832e+02,2.999999999984795e+02,1.080955465939923e+03,3.388460702464144e+02,1,0.000000000000000e+00,0.000000000000000e+00
8.499999999982035e-05,1700,7.005674612072806e-02,7.914103100455987e+03,1.000000000000000e+00,8.000000000000000e-01,2.000000000000000e-01,1.397078893158360e-04,-7.512982179781362e-05,1.666666666666667e+00,0.000000000000000e+00,2.981500000000000e+02,3.061441666037975e+02,2.999999999985141e+02,1.080764444004191e+03,3.388732198744639e+02,1,0.000000000000000e+00,0.000000000000000e+00
8.504999999981979e-05,1701,7.007798549169074e-02,6.571532653520464e+03,1.000000000000000e+00,8.000000000000000e-01,2.000000000000000e-01,1.397912226491688e-04,-7.512982179781362e-05,1.666666666666667e+00,0.000000000000000e+00,2.981500000000000e+02,3.060686223304116e+02,2.999999999985198e+02,1.080585020186608e+03,3.388813203338063e+02,1,0.000000000000000e+00,0.000000000000000e+00
8.509999999981922e-05,1702,7.009819113359392e-02,8.902284330381673e+03,1.000000000000000e+00,8.000000000000000e-01,2.000000000000000e-01,1.398745559825017e-04,-7.512982179781362e-05,1.666666666666667e+00,0.000000000000000e+00,2.981500000000000e+02,3.059973637475607e+02,2.999999999985255e+02,1.080407018585478e+03,3.389069433894148e+02,1,0.000000000000000e+00,0.000000000000000e+00
8.514999999981865e-05,1703,6.605273369900598e-02,1.121902525190113e+04,1.000000000000000e+00,8.000000000000000e-01,2.000000000000000e-01,1.399578893158345e-04,-7.512982179781362e-05,1.666666666666667e+00,0.000000000000000e+00,2.981500000000000e+02,3.060118434116151e+02,2.999999999985312e+02,1.080213980357566e+03,3.389117739445494e+02,1,0.000000000000000e+00,0.000000000000000e+00
8.519999999981808e-05,1704,6.607939143187595e-02,7.746549587853959e+03,1.000000000000000e+00,8.000000000000000e-01,2.000000000000000e-01,1.400412226491673e-04,-7.512982179781362e-05,1.666666666666667e+00,0.000000000000000e+00,2.981500000000000e+02,3.060329664457985e+02,2.999999999985369e+02,1.080027906767560e+03,3.389378499385800e+02,1,0.000000000000000e+00,0.000000000000000e+00
8.524999999981751e-05,1705,6.610645394241245e-02,9.143561171998841e+03,1.000000000000000e+00,8.000000000000000e-01,2.000000000000000e-01,1.401245559825002e-04,-7.512982179781362e-05,1.666666666666667e+00,0.000000000000000e+00,2.981500000000000e+02,3.060555566749272e+02,2.999999999985425e+02,1.079814279364722e+03,3.389628352654425e+02,1,0.000000000000000e+00,0.000000000000000e+00
8.529999999981695e-05,1706,7.330351722091656e-02,7.384390471012864e+03,1.000000000000000e+00,8.000000000000000e-01,2.000000000000000e-01,1.402078893158330e-04,-7.512982179781362e-05,1.666666666666667e+00,0.000000000000000e+00,2.981500000000000e+02,3.060767733612463e+02,2.999999999985482e+02,1.079632222103809e+03,3.389875091598693e+02,1,0.000000000000000e+00,0.000000000000000e+00
8.534999999981638e-05,1707,7.332985331003773e-02,6.545996879453304e+03,1.000000000000000e+00,8.000000000000000e-01,2.000000000000000e-01,1.402912226491659e-04,-7.512982179781362e-05,1.666666666666667e+00,0.000000000000000e+00,2.981500000000000e+02,3.060848170886819e+02,2.999999999985539e+02,1.079488042556318e+03,3.390125896796130e+02,1,0.000000000000000e+00,0.000000000000000e+00
8.539999999981581e-05,1708,7.335646402729296e-02,6.570693365844673e+03,1.000000000000000e+00,8.000000000000000e-01,2.000000000000000e-01,1.403745559824987e-04,-7.512982179781362e-05,1.666666666666667e+00,0.000000000000000e+00,2.981500000000000e+02,3.060948151630553e+02,2.999999999985596e+02,1.079359038986004e+03,3.390384698116161e+02,1,0.000000000000000e+00,0.000000000000000e+00
8.544999999981524e-05,1709,7.338344023416166e-02,8.330346803760609e+03,1.000000000000000e+00,8.000000000000000e-01,2.000000000000000e-01,1.404578893158315e-04,-7.512982179781362e-05,1.666666666666667e+00,0.000000000000000e+00,2.981500000000000e+02,3.061118892666307e+02,2.999999999985653e+02,1.079252399574788e+03,3.390643601132866e+02,1,0.000000000000000e+00,0.000000000000000e+00
8.549999999981467e-05,1710,7.341776056134230e-02,1.032153649770672e+04,1.000000000000000e+00,8.000000000000000e-01,2.000000000000000e-01,1.405412226491644e-04,-7.512982179781362e-05,1.666666666666667e+00,0.000000000000000e+00,2.981500000000000e+02,3.061291468026401e+02,2.999999999985710e+02,1.079152601253892e+03,3.390897589594183e+02,1,0.000000000000000e+00,0.000000000000000e+00
8.554999999981411e-05,1711,6.936576027171515e-02,7.287792682971760e+03,1.000000000000000e+00,8.000000000000000e-01,2.000000000000000e-01,1.406245559824972e-04,-7.512982179781362e-05,1.666666666666667e+00,0.000000000000000e+00,2.981500000000000e+02,3.061446695586359e+02,2.999999999985766e+02,1.079016924918383e+03,3.391137314537457e+02,1,0.000000000000000e+00,0.000000000000000e+00
8.559999999981354e-05,1712,7.352206227426558e-02,1.082187823074001e+04,1.000000000000000e+00,8.000000000000000e-01,2.000000000000000e-01,1.407078893158300e-04,-7.512982179781362e-05,1.666666666666667e+00,0.000000000000000e+00,2.981500000000000e+02,3.070268255388713e+02,2.999999999985823e+02,1.078872496493124e+03,3.391174078209689e+02,1,0.000000000000000e+00,0.000000000000000e+00
8.564999999981297e-05,1713,7.358525862292666e-02,7.999738481337004e+03,1.000000000000000e+00,8.000000000000000e-01,2.000000000000000e-01,1.407912226491629e-04,-7.512982179781362e-05,1.666666666666667e+00,0.000000000000000e+00,2.981500000000000e+02,3.072266007740399e+02,2.999999999985880e+02,1.078763957029596e+03,3.391429737294546e+02,1,0.000000000000000e+00,0.000000000000000e+00
8.569999999981240e-05,1714,7.704156100818810e-02,7.250958964972099e+03,1.000000000000000e+00,8.000000000000000e-01,2.000000000000000e-01,1.408745559824957e-04,-7.512982179781362e-05,1.666666666666667e+00,0.000000000000000e+00,2.981500000000000e+02,3.072328496153754e+02,2.999999999985937e+02,1.078673259905162e+03,3.391495704306826e+02,1,0.000000000000000e+00,0.000000000000000e+00
8.574999999981183e-05,1715,7.648804391588571e-02,1.005462569091599e+04,1.000000000000000e+00,8.000000000000000e-01,2.000000000000000e-01,1.409578893158286e-04,-7.512982179781362e-05,1.666666666666667e+00,0.000000000000000e+00,2.981500000000000e+02,3.071957463346221e+02,2.999999999985994e+02,1.078543519812233e+03,3.391520654666028e+02,1,0.000000000000000e+00,0.000000000000000e+00
8.579999999981127e-05,1716,6.903926831676022e-02,1.091058519260416e+04,1.000000000000000e+00,8.000000000000000e-01,2.000000000000000e-01,1.410412226491614e-04,-7.512982179781362e-05,1.666666666666667e+00,0.000000000000000e+00,2.981500000000000e+02,3.071508470480613e+02,2.999999999986051e+02,1.078430669024705e+03,3.391774381808565e+02,1,0.000000000000000e+00,0.000000000000000e+00
8.584999999981070e-05,1717,6.231236160328225e-02,8.717969440665094e+03,1.000000000000000e+00,8.000000000000000e-01,2.000000000000000e-01,1.411245559824942e-04,-7.512982179781362e-05,1.666666666666667e+00,0.000000000000000e+00,2.981500000000000e+02,3.071073471329244e+02,2.999999999986107e+02,1.078364884759835e+03,3.392038979749306e+02,1,0.000000000000000e+00,0.000000000000000e+00
8.589999999981013e-05,1718,6.234297606795528e-02,5.726101060281960e+03,1.000000000000000e+00,8.000000000000000e-01,2.000000000000000e-01,1.412078893158271e-04,-7.512982179781362e-05,1.666666666666667e+00,0.000000000000000e+00,2.981500000000000e+02,3.070581103862849e+02,2.999999999986164e+02,1.078330420695938e+03,3.392300492862964e+02,1,0.000000000000000e+00,0.000000000000000e+00
8.594999999980956e-05,1719,6.237427505282010e-02,7.791596495542737e+03,1.000000000000000e+00,8.000000000000000e-01,2.000000000000000e-01,1.412912226491599e-04,-7.512982179781362e-05,1.666666666666667e+00,0.000000000000000e+00,2.981500000000000e+02,3.070187170756560e+02,2.999999999986221e+02,1.078359811297846e+03,3.392561265956608e+02,1,0.000000000000000e+00,0.000000000000000e+00
8.599999999980899e-05,1720,7.304482060824766e-02,8.908773426786560e+03,1.000000000000000e+00,8.000000000000000e-01,2.000000000000000e-01,1.413745559824928e-04,-7.512982179781362e-05,1.666666666666667e+00,0.000000000000000e+00,2.981500000000000e+02,3.069743937876664e+02,2.999999999986278e+02,1.078438491760555e+03,3.392822069042229e+02,1,0.000000000000000e+00,0.000000000000000e+00
8.604999999980843e-05,1721,7.671738586101484e-02,9.163689732731224e+03,1.000000000000000e+00,8.000000000000000e-01,2.000000000000000e-01,1.414578893158256e-04,-7.512982179781362e-05,1.666666666666667e+00,0.000000000000000e+00,2.981500000000000e+02,3.069175220133793e+02,2.999999999986335e+02,1.078551283206194e+03,3.393080853176997e+02,1,0.000000000000000e+00,0.000000000000000e+00
8.609999999980786e-05,1722,7.675391463885453e-02,1.086529625362954e+04,1.000000000000000e+00,8.000000000000000e-01,2.000000000000000e-01,1.415412226491584e-04,-7.512982179781362e-05,1.666666666666667e+00,0.000000000000000e+00,2.981500000000000e+02,3.068583244156077e+02,2.999999999986392e+02,1.078658368645305e+03,3.393116741509171e+02,1,0.000000000000000e+00,0.000000000000000e+00
8.614999999980729e-05,1723,7.678674760021931e-02,1.088886288291768e+04,1.000000000000000e+00,8.000000000000000e-01,2.000000000000000e-01,1.416245559824913e-04,-7.512982179781362e-05,1.666666666666667e+00,0.000000000000000e+00,2.981500000000000e+02,3.068065367249949e+02,2.999999999986449e+02,1.078739474376441e+03,3.393348616200315e+02,1,0.000000000000000e+00,0.000000000000000e+00
8.619999999980672e-05,1724,7.277421037004611e-02,1.049292459441332e+04,1.000000000000000e+00,8.000000000000000e-01,2.000000000000000e-01,1.417078893158241e-04,-7.512982179781362e-05,1.666666666666667e+00,0.000000000000000e+00,2.981500000000000e+02,3.067597391533968e+02,2.999999999986505e+02,1.078884853023065e+03,3.393392865300775e+02,1,0.000000000000000e+00,0.000000000000000e+00
8.624999999980615e-05,1725,7.281117258589251e-02,1.180672956297730e+04,1.000000000000000e+00,8.000000000000000e-01,2.000000000000000e-01,1.417912226491569e-04,-7.512982179781362e-05,1.666666666666667e+00,0.000000000000000e+00,2.981500000000000e+02,3.067229368720481e+02,2.999999999986562e+02,1.079121870539087e+03,3.393698318489391e+02,1,0.000000000000000e+00,0.000000000000000e+00
8.629999999980559e-05,1726,7.690209031141858e-02,1.257713101621212e+04,1.000000000000000e+00,8.000000000000000e-01,2.000000000000000e-01,1.418745559824898e-04,-7.512982179781362e-05,1.666666666666667e+00,0.000000000000000e+00,2.981500000000000e+02,3.066913077774580e+02,2.999999999986619e+02,1.079410591073877e+03,3.394096005904067e+02,1,0.000000000000000e+00,0.000000000000000e+00
8.634999999980502e-05,1727,7.695181686232475e-02,1.529209178832402e+04,1.000000000000000e+00,8.000000000000000e-01,2.000000000000000e-01,1.419578893158226e-04,-7.512982179781362e-05,1.666666666666667e+00,0.000000000000000e+00,2.981500000000000e+02,3.066655973397534e+02,2.999999999986676e+02,1.079819225041687e+03,3.394501593266267e+02,1,0.000000000000000e+00,0.000000000000000e+00
8.639999999980445e-05,1728,7.700360775161318e-02,1.571658618929677e+04,1.000000000000000e+00,8.000000000000000e-01,2.000000000000000e-01,1.420412226491555e-04,-7.512982179781362e-05,1.666666666666667e+00,0.000000000000000e+00,2.981500000000000e+02,3.066469237685056e+02,2.999999999986733e+02,1.080291014613561e+03,3.394844904942102e+02,1,0.000000000000000e+00,0.000000000000000e+00
8.644999999980388e-05,1729,7.705221502041520e-02,1.652429028126952e+04,1.000000000000000e+00,8.000000000000000e-01,2.000000000000000e-01,1.421245559824883e-04,-7.512982179781362e-05,1.666666666666667e+00,0.000000000000000e+00,2.981500000000000e+02,3.066356000400181e+02,2.999999999986790e+02,1.080785215768836e+03,3.395163702361974e+02,1,0.000000000000000e+00,0.000000000000000e+00
8.649999999980331e-05,1730,6.943849512026726e-02,1.555293573947129e+04,1.000000000000000e+00,8.000000000000000e-01,2.000000000000000e-01,1.422078893158211e-04,-7.512982179781362e-05,1.666666666666667e+00,0.000000000000000e+00,2.981500000000000e+02,3.066224019848329e+02,2.999999999986846e+02,1.081254720202347e+03,3.395469603351469e+02,1,0.000000000000000e+00,0.000000000000000e+00
8.654999999980275e-05,1731,6.949430252578837e-02,1.181281081707332e+04,1.000000000000000e+00,8.000000000000000e-01,2.000000000000000e-01,1.422912226491540e-04,-7.512982179781362e-05,1.666666666666667e+00,0.000000000000000e+00,2.981500000000000e+02,3.066052747045733e+02,2.999999999986903e+02,1.081649005878168e+03,3.395753682615705e+02,1,0.000000000000000e+00,0.000000000000000e+00
8.659999999980218e-05,1732,6.954245247702701e-02,9.723591282241345e+03,1.000000000000000e+00,8.000000000000000e-01,2.000000000000000e-01,1.423745559824868e-04,-7.512982179781362e-05,1.666666666666667e+00,0.000000000000000e+00,2.981500000000000e+02,3.065800140800426e+02,2.999999999986960e+02,1.081963550438958e+03,3.396020353553481e+02,1,0.000000000000000e+00,0.000000000000000e+00
8.664999999980161e-05,1733,7.361718938264855e-02,9.713157525304963e+03,1.000000000000000e+00,8.000000000000000e-01,2.000000000000000e-01,1.424578893158197e-04,-7.512982179781362e-05,1.666666666666667e+00,0.000000000000000e+00,2.981500000000000e+02,3.065537391416759e+02,2.999999999987017e+02,1.082267441386195e+03,3.396276496452872e+02,1,0.000000000000000e+00,0.000000000000000e+00
8.669999999980104e-05,1734,7.366277147755002e-02,9.371868518217767e+03,1.000000000000000e+00,8.000000000000000e-01,2.000000000000000e-01,1.425412226491525e-04,-7.512982179781362e-05,1.666666666666667e+00,0.000000000000000e+00,2.981500000000000e+02,3.065269003078771e+02,2.999999999987089e+02,1.082522637111679e+03,3.396524687945946e+02,1,0.000000000000000e+00,0.000000000000000e+00
8.674999999980047e-05,1735,8.031996635061818e-02,1.029575736662284e+04,1.000000000000000e+00,8.000000000000000e-01,2.000000000000000e-01,1.426245559824853e-04,-7.512982179781362e-05,1.666666666666667e+00,0.000000000000000e+00,2.981500000000000e+02,3.064993884674778e+02,2.999999999987146e+02,1.082737742963190e+03,3.396769535668669e+02,1,0.000000000000000e+00,0.000000000000000e+00
8.679999999979991e-05,1736,8.036344412813974e-02,1.160137611102862e+04,1.000000000000000e+00,8.000000000000000e-01,2.000000000000000e-01,1.427078893158182e-04,-7.512982179781362e-05,1.666666666666667e+00,0.000000000000000e+00,2.981500000000000e+02,3.064725137614018e+02,2.999999999987203e+02,1.082951570976182e+03,3.397015338020684e+02,1,0.000000000000000e+00,0.000000000000000e+00
8.684999999979934e-05,1737,8.040023190407442e-02,1.059692800841976e+04,1.000000000000000e+00,8.000000000000000e-01,2.000000000000000e-01,1.427912226491510e-04,-7.512982179781362e-05,1.666666666666667e+00,0.000000000000000e+00,2.981500000000000e+02,3.064477046620508e+02,2.999999999987260e+02,1.083142229391833e+03,3.397266243896310e+02,1,0.000000000000000e+00,0.000000000000000e+00
8.689999999979877e-05,1738,7.641260299954603e-02,8.396532508915941e+03,1.000000000000000e+00,8.000000000000000e-01,2.000000000000000e-01,1.428745559824838e-04,-7.512982179781362e-05,1.666666666666667e+00,0.000000000000000e+00,2.981500000000000e+02,3.064321164972069e+02,2.999999999987317e+02,1.083327231796936e+03,3.397526618462642e+02,1,0.000000000000000e+00,0.000000000000000e+00
8.694999999979820e-05,1739,8.048186072100730e-02,9.159801665531615e+03,1.000000000000000e+00,8.000000000000000e-01,2.000000000000000e-01,1.429578893158167e-04,-7.512982179781362e-05,1.666666666666667e+00,0.000000000000000e+00,2.981500000000000e+02,3.064235146706221e+02,2.999999999987373e+02,1.083492974888060e+03,3.397796428067241e+02,1,0.000000000000000e+00,0.000000000000000e+00
8.699999999979763e-05,1740,8.052801758285215e-02,9.042938787146957e+03,1.000000000000000e+00,8.000000000000000e-01,2.000000000000000e-01,1.430412226491495e-04,-7.512982179781362e-05,1.666666666666667e+00,0.000000000000000e+00,2.981500000000000e+02,3.064182831309765e+02,2.999999999987430e+02,1.083570852917607e+03,3.398062883183518e+02,1,0.000000000000000e+00,0.000000000000000e+00
8.704999999979707e-05,1741,8.056270180619636e-02,7.874352362473976e+03,1.000000000000000e+00,8.000000000000000e-01,2.000000000000000e-01,1.431245559824824e-04,-7.512982179781362e-05,1.666666666666667e+00,0.000000000000000e+00,2.981500000000000e+02,3.064171077335806e+02,2.999999999987487e+02,1.083608589348512e+03,3.398315910642422e+02,1,0.000000000000000e+00,0.000000000000000e+00
8.709999999979650e-05,1742,7.695991135673043e-02,8.149609646026352e+03,1.000000000000000e+00,8.000000000000000e-01,2.000000000000000e-01,1.432078893158152e-04,-7.512982179781362e-05,1.666666666666667e+00,0.000000000000000e+00,2.981500000000000e+02,3.064150439615643e+02,2.999999999987544e+02,1.083615569106345e+03,3.398558542613553e+02,1,0.000000000000000e+00,0.000000000000000e+00
8.714999999979593e-05,1743,7.698207962089182e-02,1.086802691089125e+04,1.000000000000000e+00,8.000000000000000e-01,2.000000000000000e-01,1.432912226491480e-04,-7.512982179781362e-05,1.666666666666667e+00,0.000000000000000e+00,2.981500000000000e+02,3.064113171072261e+02,2.999999999987601e+02,1.083556559392285e+03,3.398789843168464e+02,1,0.000000000000000e+00,0.000000000000000e+00
8.719999999979536e-05,1744,7.299216165851229e-02,9.729525820202731e+03,1.000000000000000e+00,8.000000000000000e-01,2.000000000000000e-01,1.433745559824809e-04,-7.512982179781362e-05,1.666666666666667e+00,0.000000000000000e+00,2.981500000000000e+02,3.064165726682309e+02,2.999999999987658e+02,1.083474367953803e+03,3.399015947105568e+02,1,0.000000000000000e+00,0.000000000000000e+00
8.724999999979479e-05,1745,6.981630573261939e-02,5.687500198764533e+03,1.000000000000000e+00,8.000000000000000e-01,2.000000000000000e-01,1.434578893158137e-04,-7.512982179781362e-05,1.666666666666667e+00,0.000000000000000e+00,2.981500000000000e+02,3.064239918213535e+02,2.999999999987714e+02,1.083397150172134e+03,3.399233701396484e+02,1,0.000000000000000e+00,0.000000000000000e+00
8.729999999979423e-05,1746,7.304698233686456e-02,5.922707837821012e+03,1.000000000000000e+00,8.000000000000000e-01,2.000000000000000e-01,1.435412226491466e-04,-7.512982179781362e-05,1.666666666666667e+00,0.000000000000000e+00,2.981500000000000e+02,3.064228926739725e+02,2.999999999987771e+02,1.083296395983497e+03,3.399442074031522e+02,1,0.000000000000000e+00,0.000000000000000e+00
8.734999999979366e-05,1747,7.708468439578230e-02,6.125296432582343e+03,1.000000000000000e+00,8.000000000000000e-01,2.000000000000000e-01,1.436245559824794e-04,-7.512982179781362e-05,1.666666666666667e+00,0.000000000000000e+00,2.981500000000000e+02,3.064185989684562e+02,2.999999999988181e+02,1.083201698364740e+03,3.399652638773239e+02,1,0.000000000000000e+00,0.000000000000000e+00
8.739999999979309e-05,1748,8.073877662975368e-02,5.609811400329098e+03,1.000000000000000e+00,8.000000000000000e-01,2.000000000000000e-01,1.437078893158122e-04,-7.512982179781362e-05,1.666666666666667e+00,0.000000000000000e+00,2.981500000000000e+02,3.064157793303061e+02,2.999999999988238e+02,1.083123921561930e+03,3.399859509724224e+02,1,0.000000000000000e+00,0.000000000000000e+00
8.744999999979252e-05,1749,8.076261087209514e-02,5.688732297978566e+03,1.000000000000000e+00,8.000000000000000e-01,2.000000000000000e-01,1.437912226491451e-04,-7.512982179781362e-05,1.666666666666667e+00,0.000000000000000e+00,2.981500000000000e+02,3.064193373464976e+02,2.999999999988405e+02,1.083040909858916e+03,3.400062466438649e+02,1,0.000000000000000e+00,0.000000000000000e+00
8.749999999979195e-05,1750,8.078378936253600e-02,7.122438227678713e+03,1.000000000000000e+00,8.000000000000000e-01,2.000000000000000e-01,1.438745559824779e-04,-7.512982179781362e-05,1.666666666666667e+00,0.000000000000000e+00,2.981500000000000e+02,3.064272793896115e+02,2.999999999988462e+02,1.082931521471704e+03,3.400262800207013e+02,1,0.000000000000000e+00,0.000000000000000e+00
8.754999999979139e-05,1751,8.080363943777845e-02,8.249032370871315e+03,1.000000000000000e+00,8.000000000000000e-01,2.000000000000000e-01,1.439578893158107e-04,-7.512982179781362e-05,1.666666666666667e+00,0.000000000000000e+00,2.981500000000000e+02,3.064347261602289e+02,2.999999999988519e+02,1.082838226887370e+03,3.400465248846854e+02,1,0.000000000000000e+00,0.000000000000000e+00
8.759999999979082e-05,1752,7.681475332675065e-02,7.069097649180244e+03,1.000000000000000e+00,8.000000000000000e-01,2.000000000000000e-01,1.440412226491436e-04,-7.512982179781362e-05,1.666666666666667e+00,0.000000000000000e+00,2.981500000000000e+02,3.064429965064861e+02,2.999999999988576e+02,1.082718588308702e+03,3.400663083559585e+02,1,0.000000000000000e+00,0.000000000000000e+00
8.764999999979025e-05,1753,7.721557345861683e-02,5.296806069589157e+03,1.000000000000000e+00,8.000000000000000e-01,2.000000000000000e-01,1.441245559824764e-04,-7.512982179781362e-05,1.666666666666667e+00,0.000000000000000e+00,2.981500000000000e+02,3.064559057679799e+02,2.999999999988632e+02,1.082609250852221e+03,3.400859245176117e+02,1,0.000000000000000e+00,0.000000000000000e+00
8.769999999978968e-05,1754,7.724347590652611e-02,5.707052149430269e+03,1.000000000000000e+00,8.000000000000000e-01,2.000000000000000e-01,1.442078893158093e-04,-7.512982179781362e-05,1.666666666666667e+00,0.000000000000000e+00,2.981500000000000e+02,3.064705248419449e+02,2.999999999988689e+02,1.082494524255826e+03,3.400844483646811e+02,1,0.000000000000000e+00,0.000000000000000e+00
8.774999999978911e-05,1755,7.726595409616734e-02,4.953148553032030e+03,1.000000000000000e+00,8.000000000000000e-01,2.000000000000000e-01,1.442912226491421e-04,-7.512982179781362e-05,1.666666666666667e+00,0.000000000000000e+00,2.981500000000000e+02,3.064823989159680e+02,2.999999999988746e+02,1.082365484210714e+03,3.401043656772142e+02,1,0.000000000000000e+00,0.000000000000000e+00
8.779999999978855e-05,1756,7.728561309390197e-02,4.662202453980549e+03,1.000000000000000e+00,8.000000000000000e-01,2.000000000000000e-01,1.443745559824749e-04,-7.512982179781362e-05,1.666666666666667e+00,0.000000000000000e+00,2.981500000000000e+02,3.064912220456043e+02,2.999999999988803e+02,1.082208339811963e+03,3.401228757189448e+02,1,0.000000000000000e+00,0.000000000000000e+00
8.784999999978798e-05,1757,7.730047352731907e-02,8.580988477468234e+03,1.000000000000000e+00,8.000000000000000e-01,2.000000000000000e-01,1.444578893158078e-04,-7.512982179781362e-05,1.666666666666667e+00,0.000000000000000e+00,2.981500000000000e+02,3.065001643553375e+02,2.999999999988860e+02,1.082016099080552e+03,3.401414561597530e+02,1,0.000000000000000e+00,0.000000000000000e+00
8.789999999978741e-05,1758,7.007105415736360e-02,8.795490559982027e+03,1.000000000000000e+00,8.000000000000000e-01,2.000000000000000e-01,1.445412226491406e-04,-7.512982179781362e-05,1.666666666666667e+00,0.000000000000000e+00,2.981500000000000e+02,3.065145239702829e+02,2.999999999988917e+02,1.081875855253969e+03,3.401385054539913e+02,1,0.000000000000000e+00,0.000000000000000e+00
8.794999999978684e-05,1759,6.616169973694679e-02,4.442481768485161e+03,1.000000000000000e+00,8.000000000000000e-01,2.000000000000000e-01,1.446245559824735e-04,-7.512982179781362e-05,1.666666666666667e+00,0.000000000000000e+00,2.981500000000000e+02,3.065405263631742e+02,2.999999999988974e+02,1.081775191155829e+03,3.401585802444893e+02,1,0.000000000000000e+00,0.000000000000000e+00
8.799999999978627e-05,1760,7.010906413195755e-02,6.792904967434631e+03,1.000000000000000e+00,8.000000000000000e-01,2.000000000000000e-01,1.447078893158063e-04,-7.512982179781362e-05,1.666666666666667e+00,0.000000000000000e+00,2.981500000000000e+02,3.065617453777082e+02,2.999999999989030e+02,1.081699933162300e+03,3.401573429432057e+02,1,0.000000000000000e+00,0.000000000000000e+00
8.804999999978571e-05,1761,7.737795369678892e-02,6.743698658210756e+03,1.000000000000000e+00,8.000000000000000e-01,2.000000000000000e-01,1.447912226491391e-04,-7.512982179781362e-05,1.666666666666667e+00,0.000000000000000e+00,2.981500000000000e+02,3.065793270358968e+02,2.999999999989087e+02,1.081645341067597e+03,3.401780179026794e+02,1,0.000000000000000e+00,0.000000000000000e+00
8.809999999978514e-05,1762,7.740524786982042e-02,7.240754369055568e+03,1.000000000000000e+00,8.000000000000000e-01,2.000000000000000e-01,1.448745559824720e-04,-7.512982179781362e-05,1.666666666666667e+00,0.000000000000000e+00,2.981500000000000e+02,3.065928308511827e+02,2.999999999989144e+02,1.081595437677535e+03,3.401983707100688e+02,1,0.000000000000000e+00,0.000000000000000e+00
8.814999999978457e-05,1763,7.742603655973257e-02,6.446070253840654e+03,1.000000000000000e+00,8.000000000000000e-01,2.000000000000000e-01,1.449578893158048e-04,-7.512982179781362e-05,1.666666666666667e+00,0.000000000000000e+00,2.981500000000000e+02,3.065981873105558e+02,2.999999999989201e+02,1.081537996920365e+03,3.402191684406707e+02,1,0.000000000000000e+00,0.000000000000000e+00
8.819999999978400e-05,1764,8.015844583630671e-02,9.126228261984923e+03,1.000000000000000e+00,8.000000000000000e-01,2.000000000000000e-01,1.450412226491376e-04,-7.512982179781362e-05,1.666666666666667e+00,0.000000000000000e+00,2.981500000000000e+02,3.066047493737134e+02,2.999999999989258e+02,1.081515096362797e+03,3.402406315896727e+02,1,0.000000000000000e+00,0.000000000000000e+00
8.824999999978343e-05,1765,7.745648874324844e-02,9.970268189007775e+03,1.000000000000000e+00,8.000000000000000e-01,2.000000000000000e-01,1.451245559824705e-04,-7.512982179781362e-05,1.666666666666667e+00,0.000000000000000e+00,2.981500000000000e+02,3.066202117734637e+02,2.999999999989315e+02,1.081499606254869e+03,3.402630346035589e+02,1,0.000000000000000e+00,0.000000000000000e+00
8.829999999978287e-05,1766,7.620451835892268e-02,9.825041347132943e+03,1.000000000000000e+00,8.000000000000000e-01,2.000000000000000e-01,1.452078893158033e-04,-7.512982179781362e-05,1.666666666666667e+00,0.000000000000000e+00,2.981500000000000e+02,3.066407621721578e+02,2.999999999989371e+02,1.081518892639072e+03,3.402857036967267e+02,1,0.000000000000000e+00,0.000000000000000e+00
8.834999999978230e-05,1767,6.903887651985491e-02,6.660173781258490e+03,1.000000000000000e+00,8.000000000000000e-01,2.000000000000000e-01,1.452912226491362e-04,-7.512982179781362e-05,1.666666666666667e+00,0.000000000000000e+00,2.981500000000000e+02,3.066629693273038e+02,2.999999999989428e+02,1.081543037927588e+03,3.403090584715770e+02,1,0.000000000000000e+00,0.000000000000000e+00
8.839999999978173e-05,1768,7.626190015269349e-02,7.886526123074805e+03,1.000000000000000e+00,8.000000000000000e-01,2.000000000000000e-01,1.453745559824690e-04,-7.512982179781362e-05,1.666666666666667e+00,0.000000000000000e+00,2.981500000000000e+02,3.066901878122979e+02,2.999999999989485e+02,1.081604779916727e+03,3.403330984090245e+02,1,0.000000000000000e+00,0.000000000000000e+00
8.844999999978116e-05,1769,8.028198065753900e-02,9.417851860967325e+03,1.000000000000000e+00,8.000000000000000e-01,2.000000000000000e-01,1.454578893158018e-04,-7.512982179781362e-05,1.666666666666667e+00,0.000000000000000e+00,2.981500000000000e+02,3.067155052192733e+02,2.999999999989542e+02,1.081653935754382e+03,3.403347992767045e+02,1,0.000000000000000e+00,0.000000000000000e+00
8.849999999978059e-05,1770,8.031542974601938e-02,7.414912677144573e+03,1.000000000000000e+00,8.000000000000000e-01,2.000000000000000e-01,1.455412226491347e-04,-7.512982179781362e-05,1.666666666666667e+00,0.000000000000000e+00,2.981500000000000e+02,3.067425606763438e+02,2.999999999989599e+02,1.081699562699497e+03,3.403578662965538e+02,1,0.000000000000000e+00,0.000000000000000e+00
8.854999999978003e-05,1771,8.034045989459414e-02,9.359001505546756e+03,1.000000000000000e+00,8.000000000000000e-01,2.000000000000000e-01,1.456245559824675e-04,-7.512982179781362e-05,1.666666666666667e+00,0.000000000000000e+00,2.981500000000000e+02,3.067676248021781e+02,2.999999999989656e+02,1.081756844109439e+03,3.403808276545059e+02,1,0.000000000000000e+00,0.000000000000000e+00
8.859999999977946e-05,1772,8.036311435752018e-02,1.133739508461193e+04,1.000000000000000e+00,8.000000000000000e-01,2.000000000000000e-01,1.457078893158004e-04,-7.512982179781362e-05,1.666666666666667e+00,0.000000000000000e+00,2.981500000000000e+02,3.067862500079267e+02,2.999999999989712e+02,1.081816439604520e+03,3.403866701556980e+02,1,0.000000000000000e+00,0.000000000000000e+00
8.864999999977889e-05,1773,7.766338551886107e-02,1.118097950093446e+04,1.000000000000000e+00,8.000000000000000e-01,2.000000000000000e-01,1.457912226491332e-04,-7.512982179781362e-05,1.666666666666667e+00,0.000000000000000e+00,2.981500000000000e+02,3.068085913103832e+02,2.999999999989769e+02,1.081940103071548e+03,3.404123718969424e+02,1,0.000000000000000e+00,0.000000000000000e+00
8.869999999977832e-05,1774,7.768747484317791e-02,8.594899921680266e+03,1.000000000000000e+00,8.000000000000000e-01,2.000000000000000e-01,1.458745559824660e-04,-7.512982179781362e-05,1.666666666666667e+00,0.000000000000000e+00,2.981500000000000e+02,3.068272954810047e+02,2.999999999989826e+02,1.082073879503103e+03,3.404383333245804e+02,1,0.000000000000000e+00,0.000000000000000e+00
8.874999999977775e-05,1775,7.774240744598505e-02,2.054104437716807e+04,1.000000000000000e+00,8.000000000000000e-01,2.000000000000000e-01,1.459578893157989e-04,-7.512982179781362e-05,1.666666666666667e+00,0.000000000000000e+00,2.981500000000000e+02,3.068674031978185e+02,2.999999999989883e+02,1.082346836695545e+03,3.404650666679456e+02,1,0.000000000000000e+00,0.000000000000000e+00
8.879999999977719e-05,1776,7.778986989148932e-02,1.280510308201452e+04,1.000000000000000e+00,8.000000000000000e-01,2.000000000000000e-01,1.460412226491317e-04,-7.512982179781362e-05,1.666666666666667e+00,0.000000000000000e+00,2.981500000000000e+02,3.069103875881030e+02,2.999999999989940e+02,1.082668342370680e+03,3.404912862244053e+02,1,0.000000000000000e+00,0.000000000000000e+00
8.884999999977662e-05,1777,8.057761935035360e-02,2.110583837786867e+04,1.000000000000000e+00,8.000000000000000e-01,2.000000000000000e-01,1.461245559824645e-04,-7.512982179781362e-05,1.666666666666667e+00,0.000000000000000e+00,2.981500000000000e+02,3.074747101689608e+02,2.999999999989997e+02,1.083039933558306e+03,3.405187538958013e+02,1,0.000000000000000e+00,0.000000000000000e+00
8.889999999977605e-05,1778,8.064468243524839e-02,1.267795981328812e+04,1.000000000000000e+00,8.000000000000000e-01,2.000000000000000e-01,1.462078893157974e-04,-7.512982179781362e-05,1.666666666666667e+00,0.000000000000000e+00,2.981500000000000e+02,3.077688506331869e+02,2.999999999990054e+02,1.083410076949076e+03,3.405472571851780e+02,1,0.000000000000000e+00,0.000000000000000e+00
8.894999999977548e-05,1779,8.070111747333010e-02,1.717486239957694e+04,1.000000000000000e+00,8.000000000000000e-01,2.000000000000000e-01,1.462912226491302e-04,-7.512982179781362e-05,1.666666666666667e+00,0.000000000000000e+00,2.981500000000000e+02,3.077711144773572e+02,2.999999999990110e+02,1.083802693473875e+03,3.405755951928998e+02,1,0.000000000000000e+00,0.000000000000000e+00
8.899999999977491e-05,1780,7.675718634245314e-02,1.569013326214163e+04,1.000000000000000e+00,8.000000000000000e-01,2.000000000000000e-01,1.463745559824631e-04,-7.512982179781362e-05,1.666666666666667e+00,0.000000000000000e+00,2.981500000000000e+02,3.076994314293640e+02,2.999999999990167e+02,1.084201085826285e+03,3.406025949929129e+02,1,0.000000000000000e+00,0.000000000000000e+00
8.904999999977435e-05,1781,6.956305990940496e-02,1.257935622154249e+04,1.000000000000000e+00,8.000000000000000e-01,2.000000000000000e-01,1.464578893157959e-04,-7.512982179781362e-05,1.666666666666667e+00,0.000000000000000e+00,2.981500000000000e+02,3.076100616244165e+02,2.999999999990224e+02,1.084555200567643e+03,3.406285310423095e+02,1,0.000000000000000e+00,0.000000000000000e+00
8.909999999977378e-05,1782,6.960141099442964e-02,9.588002335252433e+03,1.000000000000000e+00,8.000000000000000e-01,2.000000000000000e-01,1.465412226491287e-04,-7.512982179781362e-05,1.666666666666667e+00,0.000000000000000e+00,2.981500000000000e+02,3.075400860255473e+02,2.999999999990281e+02,1.084899118358542e+03,3.406537938523686e+02,1,0.000000000000000e+00,0.000000000000000e+00
8.914999999977321e-05,1783,7.687462968025136e-02,1.129693422860643e+04,1.000000000000000e+00,8.000000000000000e-01,2.000000000000000e-01,1.466245559824616e-04,-7.512982179781362e-05,1.666666666666667e+00,0.000000000000000e+00,2.981500000000000e+02,3.074762335810926e+02,2.999999999990338e+02,1.085244373043015e+03,3.406785913443143e+02,1,0.000000000000000e+00,0.000000000000000e+00
8.919999999977264e-05,1784,8.089788298244768e-02,8.801752602329971e+03,1.000000000000000e+00,8.000000000000000e-01,2.000000000000000e-01,1.467078893157944e-04,-7.512982179781362e-05,1.666666666666667e+00,0.000000000000000e+00,2.981500000000000e+02,3.074120025190405e+02,2.999999999990395e+02,1.085572571158997e+03,3.406830128016462e+02,1,0.000000000000000e+00,0.000000000000000e+00
8.924999999977207e-05,1785,8.094217310209377e-02,7.555682515210463e+03,1.000000000000000e+00,8.000000000000000e-01,2.000000000000000e-01,1.467912226491273e-04,-7.512982179781362e-05,1.666666666666667e+00,0.000000000000000e+00,2.981500000000000e+02,3.073508931354158e+02,2.999999999990451e+02,1.085861681268663e+03,3.407062225516675e+02,1,0.000000000000000e+00,0.000000000000000e+00
8.929999999977151e-05,1786,8.096411079901260e-02,7.491935047013585e+03,1.000000000000000e+00,8.000000000000000e-01,2.000000000000000e-01,1.468745559824601e-04,-7.512982179781362e-05,1.666666666666667e+00,0.000000000000000e+00,2.981500000000000e+02,3.072899889381719e+02,2.999999999990508e+02,1.086090977619060e+03,3.407282919309350e+02,1,0.000000000000000e+00,0.000000000000000e+00
8.934999999977094e-05,1787,8.099232550296891e-02,9.703879765548898e+03,1.000000000000000e+00,8.000000000000000e-01,2.000000000000000e-01,1.469578893157929e-04,-7.512982179781362e-05,1.666666666666667e+00,0.000000000000000e+00,2.981500000000000e+02,3.072247155116897e+02,2.999999999990565e+02,1.086333763266860e+03,3.407510364147108e+02,1,0.000000000000000e+00,0.000000000000000e+00
8.939999999977037e-05,1788,8.101134989160118e-02,8.631041540569699e+03,1.000000000000000e+00,8.000000000000000e-01,2.000000000000000e-01,1.470412226491258e-04,-7.512982179781362e-05,1.666666666666667e+00,0.000000000000000e+00,2.981500000000000e+02,3.071623777585172e+02,2.999999999990622e+02,1.086576256809095e+03,3.407732970962655e+02,1,0.000000000000000e+00,0.000000000000000e+00
8.944999999976980e-05,1789,8.105272461401672e-02,9.479430165589205e+03,1.000000000000000e+00,8.000000000000000e-01,2.000000000000000e-01,1.471245559824586e-04,-7.512982179781362e-05,1.666666666666667e+00,0.000000000000000e+00,2.981500000000000e+02,3.071228837220606e+02,2.999999999989817e+02,1.086725452595987e+03,3.407964993854072e+02,1,0.000000000000000e+00,0.000000000000000e+00
8.949999999976923e-05,1790,8.109510954910804e-02,8.353179224698106e+03,1.000000000000000e+00,8.000000000000000e-01,2.000000000000000e-01,1.472078893157914e-04,-7.512982179781362e-05,1.666666666666667e+00,0.000000000000000e+00,2.981500000000000e+02,3.070871022340776e+02,2.999999999989873e+02,1.087042111064186e+03,3.408201570781817e+02,1,0.000000000000000e+00,0.000000000000000e+00
8.954999999976867e-05,1791,8.053423333046628e-02,9.703522285634197e+03,1.000000000000000e+00,8.000000000000000e-01,2.000000000000000e-01,1.472912226491243e-04,-7.512982179781362e-05,1.666666666666667e+00,0.000000000000000e+00,2.981500000000000e+02,3.070481705984690e+02,2.999999999989930e+02,1.087402950323653e+03,3.408449823902786e+02,1,0.000000000000000e+00,0.000000000000000e+00
8.959999999976810e-05,1792,8.056966911428208e-02,9.311850879973568e+03,1.000000000000000e+00,8.000000000000000e-01,2.000000000000000e-01,1.473745559824571e-04,-7.512982179781362e-05,1.666666666666667e+00,0.000000000000000e+00,2.981500000000000e+02,3.070135856730117e+02,2.999999999989987e+02,1.087780604290477e+03,3.408495266169299e+02,1,0.000000000000000e+00,0.000000000000000e+00
8.964999999976753e-05,1793,8.060542752173916e-02,8.591472713070778e+03,1.000000000000000e+00,8.000000000000000e-01,2.000000000000000e-01,1.474578893157900e-04,-7.512982179781362e-05,1.666666666666667e+00,0.000000000000000e+00,2.981500000000000e+02,3.069899681729930e+02,2.999999999990044e+02,1.088173280158555e+03,3.408757822039563e+02,1,0.000000000000000e+00,0.000000000000000e+00
8.969999999976696e-05,1794,7.665092122231493e-02,1.183665847581245e+04,1.000000000000000e+00,8.000000000000000e-01,2.000000000000000e-01,1.475412226491228e-04,-7.512982179781362e-05,1.666666666666667e+00,0.000000000000000e+00,2.981500000000000e+02,3.069668910838147e+02,2.999999999990101e+02,1.088529259602014e+03,3.409014570816000e+02,1,0.000000000000000e+00,0.000000000000000e+00
8.974999999976639e-05,1795,7.728154336434521e-02,1.578035950713961e+04,1.000000000000000e+00,8.000000000000000e-01,2.000000000000000e-01,1.476245559824556e-04,-7.512982179781362e-05,1.666666666666667e+00,0.000000000000000e+00,2.981500000000000e+02,3.069447272880347e+02,2.999999999990158e+02,1.088869616654870e+03,3.409058935829780e+02,1,0.000000000000000e+00,0.000000000000000e+00
8.979999999976583e-05,1796,6.946427642548038e-02,8.275796498631493e+03,1.000000000000000e+00,8.000000000000000e-01,2.000000000000000e-01,1.477078893157885e-04,-7.512982179781362e-05,1.666666666666667e+00,0.000000000000000e+00,2.981500000000000e+02,3.069250284750498e+02,2.999999999990247e+02,1.089191711026727e+03,3.409332201078459e+02,1,0.000000000000000e+00,0.000000000000000e+00
8.984999999976526e-05,1797,6.950156883491514e-02,5.765127457494240e+03,1.000000000000000e+00,8.000000000000000e-01,2.000000000000000e-01,1.477912226491213e-04,-7.512982179781362e-05,1.666666666666667e+00,0.000000000000000e+00,2.981500000000000e+02,3.069017921442247e+02,2.999999999990304e+02,1.089435664883123e+03,3.409565405485189e+02,1,0.000000000000000e+00,0.000000000000000e+00
8.989999999976469e-05,1798,7.677417099423320e-02,9.099782864868832e+03,1.000000000000000e+00,8.000000000000000e-01,2.000000000000000e-01,1.478745559824542e-04,-7.512982179781362e-05,1.666666666666667e+00,0.000000000000000e+00,2.981500000000000e+02,3.068737306421063e+02,2.999999999990361e+02,1.089633857046186e+03,3.409789926328824e+02,1,0.000000000000000e+00,0.000000000000000e+00
8.994999999976412e-05,1799,8.078093034975520e-02,8.130959469903713e+03,1.000000000000000e+00,8.000000000000000e-01,2.000000000000000e-01,1.479578893157870e-04,-7.512982179781362e-05,1.666666666666667e+00,0.000000000000000e+00,2.981500000000000e+02,3.068462305377950e+02,2.999999999990418e+02,1.089851881802020e+03,3.410018581722929e+02,1,0.000000000000000e+00,0.000000000000000e+00
8.999999999976355e-05,1800,8.080965292530247e-02,9.636912433345296e+03,1.000000000000000e+00,8.000000000000000e-01,2.000000000000000e-01,1.480412226491198e-04,-7.512982179781362e-05,1.666666666666667e+00,0.000000000000000e+00,2.981500000000000e+02,3.068368401738088e+02,2.999999999990475e+02,1.090084977899669e+03,3.410246533487248e+02,1,0.000000000000000e+00,0.000000000000000e+00
9.004999999976299e-05,1801,8.083678861604657e-02,7.099637843506665e+03,1.000000000000000e+00,8.000000000000000e-01,2.000000000000000e-01,1.481245559824527e-04,-7.512982179781362e-05,1.666666666666667e+00,0.000000000000000e+00,2.981500000000000e+02,3.068341349454136e+02,2.999999999990532e+02,1.090334770578548e+03,3.410482258747489e+02,1,0.000000000000000e+00,0.000000000000000e+00
9.009999999976242e-05,1802,8.085793797114753e-02,9.467125953624776e+03,1.000000000000000e+00,8.000000000000000e-01,2.000000000000000e-01,1.482078893157855e-04,-7.512982179781362e-05,1.666666666666667e+00,0.000000000000000e+00,2.981500000000000e+02,3.068247823047286e+02,2.999999999990588e+02,1.090633876539685e+03,3.410535622441342e+02,1,0.000000000000000e+00,0.000000000000000e+00
9.014999999976185e-05,1803,7.690822564088567e-02,1.403060489476987e+04,1.000000000000000e+00,8.000000000000000e-01,2.000000000000000e-01,1.482912226491183e-04,-7.512982179781362e-05,1.666666666666667e+00,0.000000000000000e+00,2.981500000000000e+02,3.068118815531934e+02,2.999999999990645e+02,1.090992128207999e+03,3.410792051098223e+02,1,0.000000000000000e+00,0.000000000000000e+00
9.019999999976128e-05,1804,6.594849781650068e-02,1.100087631712405e+04,1.000000000000000e+00,8.000000000000000e-01,2.000000000000000e-01,1.483745559824512e-04,-7.512982179781362e-05,1.666666666666667e+00,0.000000000000000e+00,2.981500000000000e+02,3.068037084224541e+02,2.999999999990702e+02,1.091408958687113e+03,3.409317472767220e+02,1,0.000000000000000e+00,0.000000000000000e+00
9.024999999976071e-05,1805,6.598368473243030e-02,9.913292767864736e+03,1.000000000000000e+00,8.000000000000000e-01,2.000000000000000e-01,1.484578893157840e-04,-7.512982179781362e-05,1.666666666666667e+00,0.000000000000000e+00,2.981500000000000e+02,3.068012391868327e+02,2.999999999990759e+02,1.091843075442924e+03,3.409583106366316e+02,1,0.000000000000000e+00,0.000000000000000e+00
9.029999999976015e-05,1806,7.307997133558600e-02,1.133716170655168e+04,1.000000000000000e+00,8.000000000000000e-01,2.000000000000000e-01,1.485412226491169e-04,-7.512982179781362e-05,1.666666666666667e+00,0.000000000000000e+00,2.981500000000000e+02,3.067961775051738e+02,2.999999999990816e+02,1.092248950902343e+03,3.409615680489898e+02,1,0.000000000000000e+00,0.000000000000000e+00
9.034999999975958e-05,1807,7.705236678870081e-02,1.162599053602505e+04,1.000000000000000e+00,8.000000000000000e-01,2.000000000000000e-01,1.486245559824497e-04,-7.512982179781362e-05,1.666666666666667e+00,0.000000000000000e+00,2.981500000000000e+02,3.067896548812771e+02,2.999999999990873e+02,1.092647554872740e+03,3.409646915499123e+02,1,0.000000000000000e+00,0.000000000000000e+00
9.039999999975901e-05,1808,7.708784751940133e-02,9.453806821467429e+03,1.000000000000000e+00,8.000000000000000e-01,2.000000000000000e-01,1.487078893157825e-04,-7.512982179781362e-05,1.666666666666667e+00,0.000000000000000e+00,2.981500000000000e+02,3.067882541277426e+02,2.999999999990929e+02,1.093013258462034e+03,3.409461269378797e+02,1,0.000000000000000e+00,0.000000000000000e+00
9.044999999975844e-05,1809,8.111756299608394e-02,7.607660228509479e+03,1.000000000000000e+00,8.000000000000000e-01,2.000000000000000e-01,1.487912226491154e-04,-7.512982179781362e-05,1.666666666666667e+00,0.000000000000000e+00,2.981500000000000e+02,3.067843616702121e+02,2.999999999990986e+02,1.093256767687834e+03,3.409695478834594e+02,1,0.000000000000000e+00,0.000000000000000e+00
9.049999999975787e-05,1810,8.112862153995225e-02,1.255997628901567e+04,1.000000000000000e+00,8.000000000000000e-01,2.000000000000000e-01,1.488745559824482e-04,-7.512982179781362e-05,1.666666666666667e+00,0.000000000000000e+00,2.981500000000000e+02,3.067630788973016e+02,2.999999999991043e+02,1.093419641007520e+03,3.409922127279581e+02,1,0.000000000000000e+00,0.000000000000000e+00
9.054999999975731e-05,1811,8.115681693223926e-02,2.044794573151510e+04,1.000000000000000e+00,8.000000000000000e-01,2.000000000000000e-01,1.489578893157811e-04,-7.512982179781362e-05,1.666666666666667e+00,0.000000000000000e+00,2.981500000000000e+02,3.071284274526786e+02,2.999999999991100e+02,1.093607180513013e+03,3.410161984376206e+02,1,0.000000000000000e+00,0.000000000000000e+00
9.059999999975674e-05,1812,6.994723670973192e-02,8.240383437270284e+03,1.000000000000000e+00,8.000000000000000e-01,2.000000000000000e-01,1.490412226491139e-04,-7.512982179781362e-05,1.666666666666667e+00,0.000000000000000e+00,2.981500000000000e+02,3.073800378351527e+02,2.999999999991157e+02,1.093901788549440e+03,3.410421904562468e+02,1,0.000000000000000e+00,0.000000000000000e+00
9.064999999975617e-05,1813,6.998257337023779e-02,9.110810242579679e+03,1.000000000000000e+00,8.000000000000000e-01,2.000000000000000e-01,1.491245559824467e-04,-7.512982179781362e-05,1.666666666666667e+00,0.000000000000000e+00,2.981500000000000e+02,3.075405417719577e+02,2.999999999991214e+02,1.094232555224914e+03,3.410692415497358e+02,1,0.000000000000000e+00,0.000000000000000e+00
9.069999999975560e-05,1814,7.729267295419351e-02,1.268949734526370e+04,1.000000000000000e+00,8.000000000000000e-01,2.000000000000000e-01,1.492078893157796e-04,-7.512982179781362e-05,1.666666666666667e+00,0.000000000000000e+00,2.981500000000000e+02,3.076015672600981e+02,2.999999999991271e+02,1.094592571159199e+03,3.410970289706457e+02,1,0.000000000000000e+00,0.000000000000000e+00
9.074999999975503e-05,1815,7.733497087280701e-02,1.275479761649933e+04,1.000000000000000e+00,8.000000000000000e-01,2.000000000000000e-01,1.492912226491124e-04,-7.512982179781362e-05,1.666666666666667e+00,0.000000000000000e+00,2.981500000000000e+02,3.076010713243953e+02,2.999999999991327e+02,1.094941685937653e+03,3.411251689134800e+02,1,0.000000000000000e+00,0.000000000000000e+00
9.079999999975447e-05,1816,7.737192732747181e-02,1.238432488279230e+04,1.000000000000000e+00,8.000000000000000e-01,2.000000000000000e-01,1.493745559824452e-04,-7.512982179781362e-05,1.666666666666667e+00,0.000000000000000e+00,2.981500000000000e+02,3.075871979171864e+02,2.999999999991384e+02,1.095274192342106e+03,3.411531101483321e+02,1,0.000000000000000e+00,0.000000000000000e+00
9.084999999975390e-05,1817,7.740348607482596e-02,1.232909428386964e+04,1.000000000000000e+00,8.000000000000000e-01,2.000000000000000e-01,1.494578893157781e-04,-7.512982179781362e-05,1.666666666666667e+00,0.000000000000000e+00,2.981500000000000e+02,3.075728462719927e+02,2.999999999991441e+02,1.095537843754284e+03,3.411798335124727e+02,1,0.000000000000000e+00,0.000000000000000e+00
9.089999999975333e-05,1818,7.743323171514206e-02,1.900224110199307e+04,1.000000000000000e+00,8.000000000000000e-01,2.000000000000000e-01,1.495412226491109e-04,-7.512982179781362e-05,1.666666666666667e+00,0.000000000000000e+00,2.981500000000000e+02,3.075607117696271e+02,2.999999999991498e+02,1.095724131850066e+03,3.412061846495003e+02,1,0.000000000000000e+00,0.000000000000000e+00
9.094999999975276e-05,1819,6.644712962546598e-02,8.580677262994106e+03,1.000000000000000e+00,8.000000000000000e-01,2.000000000000000e-01,1.496245559824438e-04,-7.512982179781362e-05,1.666666666666667e+00,0.000000000000000e+00,2.981500000000000e+02,3.075439123434730e+02,2.999999999991555e+02,1.095869396963520e+03,3.412318935749831e+02,1,0.000000000000000e+00,0.000000000000000e+00
9.099999999975219e-05,1820,6.647908732028819e-02,6.174216123686705e+03,1.000000000000000e+00,8.000000000000000e-01,2.000000000000000e-01,1.497078893157766e-04,-7.512982179781362e-05,1.666666666666667e+00,0.000000000000000e+00,2.981500000000000e+02,3.075311426454096e+02,2.999999999991612e+02,1.095993019513013e+03,3.412571436776435e+02,1,0.000000000000000e+00,0.000000000000000e+00
9.104999999975163e-05,1821,7.024774314383539e-02,7.202335511218927e+03,1.000000000000000e+00,8.000000000000000e-01,2.000000000000000e-01,1.497912226491094e-04,-7.512982179781362e-05,1.666666666666667e+00,0.000000000000000e+00,2.981500000000000e+02,3.075074016540244e+02,2.999999999991668e+02,1.096035302146586e+03,3.412811550753018e+02,1,0.000000000000000e+00,0.000000000000000e+00
9.109999999975106e-05,1822,7.755995617612232e-02,1.024915872976728e+04,1.000000000000000e+00,8.000000000000000e-01,2.000000000000000e-01,1.498745559824423e-04,-7.512982179781362e-05,1.666666666666667e+00,0.000000000000000e+00,2.981500000000000e+02,3.074765043933096e+02,2.999999999991725e+02,1.095979418127941e+03,3.413033521257721e+02,1,0.000000000000000e+00,0.000000000000000e+00
9.114999999975049e-05,1823,7.759156451775129e-02,8.924246927278069e+03,1.000000000000000e+00,8.000000000000000e-01,2.000000000000000e-01,1.499578893157751e-04,-7.512982179781362e-05,1.666666666666667e+00,0.000000000000000e+00,2.981500000000000e+02,3.074496539342684e+02,2.999999999991782e+02,1.095914949871404e+03,3.413259763978938e+02,1,0.000000000000000e+00,0.000000000000000e+00
9.119999999974992e-05,1824,7.760955115687190e-02,8.160547817298399e+03,1.000000000000000e+00,8.000000000000000e-01,2.000000000000000e-01,1.500412226491080e-04,-7.512982179781362e-05,1.666666666666667e+00,0.000000000000000e+00,2.981500000000000e+02,3.074291630537651e+02,2.999999999991839e+02,1.095839781139704e+03,3.413485781050834e+02,1,0.000000000000000e+00,0.000000000000000e+00
9.124999999974935e-05,1825,7.762936552427928e-02,1.031596126003192e+04,1.000000000000000e+00,8.000000000000000e-01,2.000000000000000e-01,1.501245559824408e-04,-7.512982179781362e-05,1.666666666666667e+00,0.000000000000000e+00,2.981500000000000e+02,3.074083728532604e+02,2.999999999991896e+02,1.095751885286447e+03,3.413496856133817e+02,1,0.000000000000000e+00,0.000000000000000e+00
9.129999999974879e-05,1826,6.662887818084369e-02,7.116200109201919e+03,1.000000000000000e+00,8.000000000000000e-01,2.000000000000000e-01,1.502078893157736e-04,-7.512982179781362e-05,1.666666666666667e+00,0.000000000000000e+00,2.981500000000000e+02,3.073823995025755e+02,2.999999999991953e+02,1.095644127974111e+03,3.413737963288787e+02,1,0.000000000000000e+00,0.000000000000000e+00
9.134999999974822e-05,1827,6.665434038727565e-02,6.407437925132130e+03,1.000000000000000e+00,8.000000000000000e-01,2.000000000000000e-01,1.502912226491065e-04,-7.512982179781362e-05,1.666666666666667e+00,0.000000000000000e+00,2.981500000000000e+02,3.073607456372466e+02,2.999999999992010e+02,1.095527331862724e+03,3.413975192042928e+02,1,0.000000000000000e+00,0.000000000000000e+00
9.139999999974765e-05,1828,6.667744175975111e-02,6.116613671270398e+03,1.000000000000000e+00,8.000000000000000e-01,2.000000000000000e-01,1.503745559824393e-04,-7.512982179781362e-05,1.666666666666667e+00,0.000000000000000e+00,2.981500000000000e+02,3.073429353077220e+02,2.999999999991838e+02,1.095404209698771e+03,3.414020543226246e+02,1,0.000000000000000e+00,0.000000000000000e+00
9.144999999974708e-05,1829,7.772592101306339e-02,6.517397355887120e+03,1.000000000000000e+00,8.000000000000000e-01,2.000000000000000e-01,1.504578893157721e-04,-7.512982179781362e-05,1.666666666666667e+00,0.000000000000000e+00,2.981500000000000e+02,3.073267108424636e+02,2.999999999991925e+02,1.095267221209506e+03,3.414273749228728e+02,1,0.000000000000000e+00,0.000000000000000e+00
9.149999999974652e-05,1830,7.776149242353615e-02,1.013591666344403e+04,1.000000000000000e+00,8.000000000000000e-01,2.000000000000000e-01,1.505412226491050e-04,-7.512982179781362e-05,1.666666666666667e+00,0.000000000000000e+00,2.981500000000000e+02,3.073045151537148e+02,2.999999999991925e+02,1.095075407334556e+03,3.414481129767319e+02,1,0.000000000000000e+00,0.000000000000000e+00
9.154999999974595e-05,1831,7.777815978802789e-02,6.211438168409803e+03,1.000000000000000e+00,8.000000000000000e-01,2.000000000000000e-01,1.506245559824378e-04,-7.512982179781362e-05,1.666666666666667e+00,0.000000000000000e+00,2.981500000000000e+02,3.072781638865214e+02,2.999999999991925e+02,1.094881766017711e+03,3.414683842411248e+02,1,0.000000000000000e+00,0.000000000000000e+00
9.159999999974538e-05,1832,7.778657686122718e-02,8.777973902360063e+03,1.000000000000000e+00,8.000000000000000e-01,2.000000000000000e-01,1.507078893157707e-04,-7.512982179781362e-05,1.666666666666667e+00,0.000000000000000e+00,2.981500000000000e+02,3.072582454241549e+02,2.999999999992182e+02,1.094721981411312e+03,3.414900875716555e+02,1,0.000000000000000e+00,0.000000000000000e+00
9.164999999974481e-05,1833,7.383707329784817e-02,6.552466047418495e+03,1.000000000000000e+00,8.000000000000000e-01,2.000000000000000e-01,1.507912226491035e-04,-7.512982179781362e-05,1.666666666666667e+00,0.000000000000000e+00,2.981500000000000e+02,3.072477441226423e+02,2.999999999992182e+02,1.094581638261290e+03,3.415128968551660e+02,1,0.000000000000000e+00,0.000000000000000e+00
9.169999999974424e-05,1834,6.679044957823273e-02,4.899476928188921e+03,1.000000000000000e+00,8.000000000000000e-01,2.000000000000000e-01,1.508745559824363e-04,-7.512982179781362e-05,1.666666666666667e+00,0.000000000000000e+00,2.981500000000000e+02,3.072497631199153e+02,2.999999999992182e+02,1.094440237288828e+03,3.415362030150529e+02,1,0.000000000000000e+00,0.000000000000000e+00
9.174999999974368e-05,1835,6.680650566041504e-02,5.919610635770890e+03,1.000000000000000e+00,8.000000000000000e-01,2.000000000000000e-01,1.509578893157692e-04,-7.512982179781362e-05,1.666666666666667e+00,0.000000000000000e+00,2.981500000000000e+02,3.072685825090662e+02,2.999999999992182e+02,1.094331119377289e+03,3.415601335713594e+02,1,0.000000000000000e+00,0.000000000000000e+00
9.179999999974311e-05,1836,7.392826542889412e-02,1.017117240236391e+04,1.000000000000000e+00,8.000000000000000e-01,2.000000000000000e-01,1.510412226491020e-04,-7.512982179781362e-05,1.666666666666667e+00,0.000000000000000e+00,2.981500000000000e+02,3.072892768603925e+02,2.999999999992182e+02,1.094238810971967e+03,3.415838610475917e+02,1,0.000000000000000e+00,0.000000000000000e+00
9.184999999974254e-05,1837,7.798437911063040e-02,1.056437348660989e+04,1.000000000000000e+00,8.000000000000000e-01,2.000000000000000e-01,1.511245559824349e-04,-7.512982179781362e-05,1.666666666666667e+00,0.000000000000000e+00,2.981500000000000e+02,3.072872606507577e+02,2.999999999992182e+02,1.094172459728551e+03,3.416077726788417e+02,1,0.000000000000000e+00,0.000000000000000e+00
9.189999999974197e-05,1838,7.801325939816553e-02,8.816850222616546e+03,1.000000000000000e+00,8.000000000000000e-01,2.000000000000000e-01,1.512078893157677e-04,-7.512982179781362e-05,1.666666666666667e+00,0.000000000000000e+00,2.981500000000000e+02,3.072736763123815e+02,2.999999999992182e+02,1.094111746030027e+03,3.416327036253628e+02,1,0.000000000000000e+00,0.000000000000000e+00
9.194999999974140e-05,1839,7.803972892781640e-02,2.261100301017163e+04,1.000000000000000e+00,8.000000000000000e-01,2.000000000000000e-01,1.512912226491005e-04,-7.512982179781362e-05,1.666666666666667e+00,0.000000000000000e+00,2.981500000000000e+02,3.072633390355892e+02,2.999999999992182e+02,1.094054865690531e+03,3.416380317844951e+02,1,0.000000000000000e+00,0.000000000000000e+00
9.199999999974084e-05,1840,6.692172703256606e-02,9.501843152016128e+03,1.000000000000000e+00,8.000000000000000e-01,2.000000000000000e-01,1.513745559824334e-04,-7.512982179781362e-05,1.666666666666667e+00,0.000000000000000e+00,2.981500000000000e+02,3.072461349745842e+02,2.999999999992182e+02,1.093964212438249e+03,3.416613068420893e+02,1,0.000000000000000e+00,0.000000000000000e+00
9.204999999974027e-05,1841,6.694414103242854e-02,5.498817238499309e+03,1.000000000000000e+00,8.000000000000000e-01,2.000000000000000e-01,1.514578893157662e-04,-7.512982179781362e-05,1.666666666666667e+00,0.000000000000000e+00,2.981500000000000e+02,3.072222340037653e+02,2.999999999992182e+02,1.093823188621729e+03,3.416831453764752e+02,1,0.000000000000000e+00,0.000000000000000e+00
9.209999999973970e-05,1842,7.069631370252125e-02,5.459286376850180e+03,1.000000000000000e+00,8.000000000000000e-01,2.000000000000000e-01,1.515412226490990e-04,-7.512982179781362e-05,1.666666666666667e+00,0.000000000000000e+00,2.981500000000000e+02,3.071991197840508e+02,2.999999999992182e+02,1.093677000983171e+03,3.417045375956797e+02,1,0.000000000000000e+00,0.000000000000000e+00
9.214999999973913e-05,1843,7.815079090884812e-02,1.142775606091970e+04,1.000000000000000e+00,8.000000000000000e-01,2.000000000000000e-01,1.516245559824319e-04,-7.512982179781362e-05,1.666666666666667e+00,0.000000000000000e+00,2.981500000000000e+02,3.071909818940927e+02,2.999999999992182e+02,1.093550360077331e+03,3.417261769835932e+02,1,0.000000000000000e+00,0.000000000000000e+00
9.219999999973856e-05,1844,7.817621503904218e-02,9.148932998900204e+03,1.000000000000000e+00,8.000000000000000e-01,2.000000000000000e-01,1.517078893157647e-04,-7.512982179781362e-05,1.666666666666667e+00,0.000000000000000e+00,2.981500000000000e+02,3.071847282861663e+02,2.999999999992182e+02,1.093434701543958e+03,3.417486525926311e+02,1,0.000000000000000e+00,0.000000000000000e+00
9.224999999973800e-05,1845,7.819234766089503e-02,2.444040189329646e+04,1.000000000000000e+00,8.000000000000000e-01,2.000000000000000e-01,1.517912226490976e-04,-7.512982179781362e-05,1.666666666666667e+00,0.000000000000000e+00,2.981500000000000e+02,3.071852300455889e+02,2.999999999992182e+02,1.093344158561204e+03,3.417719622145469e+02,1,0.000000000000000e+00,0.000000000000000e+00
9.229999999973743e-05,1846,7.076736941865573e-02,9.423738593678074e+03,1.000000000000000e+00,8.000000000000000e-01,2.000000000000000e-01,1.518745559824304e-04,-7.512982179781362e-05,1.666666666666667e+00,0.000000000000000e+00,2.981500000000000e+02,3.071893978122262e+02,2.999999999992182e+02,1.093267765416892e+03,3.417741700177318e+02,1,0.000000000000000e+00,0.000000000000000e+00
9.234999999973686e-05,1847,6.707965773843692e-02,5.726340850737541e+03,1.000000000000000e+00,8.000000000000000e-01,2.000000000000000e-01,1.519578893157632e-04,-7.512982179781362e-05,1.666666666666667e+00,0.000000000000000e+00,2.981500000000000e+02,3.071925966005210e+02,2.999999999992182e+02,1.093201630307621e+03,3.417983342486210e+02,1,0.000000000000000e+00,0.000000000000000e+00
9.239999999973629e-05,1848,6.710496227014075e-02,4.805515717948964e+03,1.000000000000000e+00,8.000000000000000e-01,2.000000000000000e-01,1.520412226490961e-04,-7.512982179781362e-05,1.666666666666667e+00,0.000000000000000e+00,2.981500000000000e+02,3.071869598163937e+02,2.999999999992182e+02,1.093149735537110e+03,3.418218386395639e+02,1,0.000000000000000e+00,0.000000000000000e+00
9.244999999973572e-05,1849,7.084460284479066e-02,7.265973230142438e+03,1.000000000000000e+00,8.000000000000000e-01,2.000000000000000e-01,1.521245559824289e-04,-7.512982179781362e-05,1.666666666666667e+00,0.000000000000000e+00,2.981500000000000e+02,3.071738492053405e+02,2.999999999992182e+02,1.093072577242882e+03,3.418454143729564e+02,1,0.000000000000000e+00,0.000000000000000e+00
9.249999999973516e-05,1850,7.835791076771657e-02,1.096756441304778e+04,1.000000000000000e+00,8.000000000000000e-01,2.000000000000000e-01,1.522078893157618e-04,-7.512982179781362e-05,1.666666666666667e+00,0.000000000000000e+00,2.981500000000000e+02,3.071647970823857e+02,2.999999999992182e+02,1.093021509432704e+03,3.418693869765854e+02,1,0.000000000000000e+00,0.000000000000000e+00
9.254999999973459e-05,1851,8.177865702718758e-02,8.203501323775747e+03,1.000000000000000e+00,8.000000000000000e-01,2.000000000000000e-01,1.522912226490946e-04,-7.512982179781362e-05,1.666666666666667e+00,0.000000000000000e+00,2.981500000000000e+02,3.071632866603695e+02,2.999999999992182e+02,1.092985729072531e+03,3.418494263343755e+02,1,0.000000000000000e+00,0.000000000000000e+00
9.259999999973402e-05,1852,8.180826869864906e-02,1.269919504971200e+04,1.000000000000000e+00,8.000000000000000e-01,2.000000000000000e-01,1.523745559824274e-04,-7.512982179781362e-05,1.666666666666667e+00,0.000000000000000e+00,2.981500000000000e+02,3.071623282862688e+02,2.999999999992182e+02,1.092982456219295e+03,3.418744012427603e+02,1,0.000000000000000e+00,0.000000000000000e+00
9.264999999973345e-05,1853,7.064208514370438e-02,7.230473080191646e+03,1.000000000000000e+00,8.000000000000000e-01,2.000000000000000e-01,1.524578893157603e-04,-7.512982179781362e-05,1.666666666666667e+00,0.000000000000000e+00,2.981500000000000e+02,3.071628076146989e+02,2.999999999992182e+02,1.092996781956782e+03,3.418999817832560e+02,1,0.000000000000000e+00,0.000000000000000e+00
9.269999999973288e-05,1854,7.067544401094761e-02,6.385294581237877e+03,1.000000000000000e+00,8.000000000000000e-01,2.000000000000000e-01,1.525412226490931e-04,-7.512982179781362e-05,1.666666666666667e+00,0.000000000000000e+00,2.981500000000000e+02,3.071653901008372e+02,2.999999999992182e+02,1.093016507691131e+03,3.419253456615450e+02,1,0.000000000000000e+00,0.000000000000000e+00
9.274999999973232e-05,1855,7.442070106481469e-02,7.939158257171563e+03,1.000000000000000e+00,8.000000000000000e-01,2.000000000000000e-01,1.526245559824259e-04,-7.512982179781362e-05,1.666666666666667e+00,0.000000000000000e+00,2.981500000000000e+02,3.071665881225703e+02,2.999999999992182e+02,1.093046715724188e+03,3.419269402351978e+02,1,0.000000000000000e+00,0.000000000000000e+00
9.279999999973175e-05,1856,8.196249176833130e-02,1.094327156384984e+04,1.000000000000000e+00,8.000000000000000e-01,2.000000000000000e-01,1.527078893157588e-04,-7.512982179781362e-05,1.666666666666667e+00,0.000000000000000e+00,2.981500000000000e+02,3.071661073635748e+02,2.999999999992182e+02,1.093079509501986e+03,3.419522965914604e+02,1,0.000000000000000e+00,0.000000000000000e+00
9.284999999973118e-05,1857,8.198677593158701e-02,1.305096747764184e+04,1.000000000000000e+00,8.000000000000000e-01,2.000000000000000e-01,1.527912226490916e-04,-7.512982179781362e-05,1.666666666666667e+00,0.000000000000000e+00,2.981500000000000e+02,3.071677431761399e+02,2.999999999992182e+02,1.093135656068443e+03,3.419789969774665e+02,1,0.000000000000000e+00,0.000000000000000e+00
9.289999999973061e-05,1858,7.452316858343054e-02,1.601550442730334e+04,1.000000000000000e+00,8.000000000000000e-01,2.000000000000000e-01,1.528745559824245e-04,-7.512982179781362e-05,1.666666666666667e+00,0.000000000000000e+00,2.981500000000000e+02,3.071747922358952e+02,2.999999999992182e+02,1.093228068275313e+03,3.419842003795070e+02,1,0.000000000000000e+00,0.000000000000000e+00
9.294999999973004e-05,1859,7.085648282074547e-02,1.176296385869038e+04,1.000000000000000e+00,8.000000000000000e-01,2.000000000000000e-01,1.529578893157573e-04,-7.512982179781362e-05,1.666666666666667e+00,0.000000000000000e+00,2.981500000000000e+02,3.071787500866474e+02,2.999999999992182e+02,1.093358595663632e+03,3.420130537679859e+02,1,0.000000000000000e+00,0.000000000000000e+00
9.299999999972948e-05,1860,7.090170749981972e-02,8.630498886359319e+03,1.000000000000000e+00,8.000000000000000e-01,2.000000000000000e-01,1.530412226490901e-04,-7.512982179781362e-05,1.666666666666667e+00,0.000000000000000e+00,2.981500000000000e+02,3.071802946873189e+02,2.999999999992182e+02,1.093490853699213e+03,3.420423747541158e+02,1,0.000000000000000e+00,0.000000000000000e+00
9.304999999972891e-05,1861,7.466915296163917e-02,1.075831096423548e+04,1.000000000000000e+00,8.000000000000000e-01,2.000000000000000e-01,1.531245559824230e-04,-7.512982179781362e-05,1.666666666666667e+00,0.000000000000000e+00,2.981500000000000e+02,3.071853286071931e+02,2.999999999992182e+02,1.093640968511579e+03,3.420718147639734e+02,1,0.000000000000000e+00,0.000000000000000e+00
9.309999999972834e-05,1862,8.541607045830867e-02,1.334158833571985e+04,1.000000000000000e+00,8.000000000000000e-01,2.000000000000000e-01,1.532078893157558e-04,-7.512982179781362e-05,1.666666666666667e+00,0.000000000000000e+00,2.981500000000000e+02,3.071901004097702e+02,2.999999999992182e+02,1.093781674640302e+03,3.421006010309063e+02,1,0.000000000000000e+00,0.000000000000000e+00
9.314999999972777e-05,1863,8.546025070932567e-02,9.658843051194366e+03,1.000000000000000e+00,8.000000000000000e-01,2.000000000000000e-01,1.532912226490887e-04,-7.512982179781362e-05,1.666666666666667e+00,0.000000000000000e+00,2.981500000000000e+02,3.071939584501751e+02,2.999999999992182e+02,1.093885487579017e+03,3.421044750889089e+02,1,0.000000000000000e+00,0.000000000000000e+00
9.319999999972720e-05,1864,8.168759288883125e-02,1.686195629723259e+04,1.000000000000000e+00,8.000000000000000e-01,2.000000000000000e-01,1.533745559824215e-04,-7.512982179781362e-05,1.666666666666667e+00,0.000000000000000e+00,2.981500000000000e+02,3.072011143597459e+02,2.999999999992182e+02,1.093935832563725e+03,3.421299090006928e+02,1,0.000000000000000e+00,0.000000000000000e+00
9.324999999972664e-05,1865,7.050324035226310e-02,1.126547403621432e+04,1.000000000000000e+00,8.000000000000000e-01,2.000000000000000e-01,1.534578893157543e-04,-7.512982179781362e-05,1.666666666666667e+00,0.000000000000000e+00,2.981500000000000e+02,3.072441932682898e+02,2.999999999992182e+02,1.093952695534691e+03,3.421556271488835e+02,1,0.000000000000000e+00,0.000000000000000e+00
9.329999999972607e-05,1866,7.053698473413093e-02,8.477320421096445e+03,1.000000000000000e+00,8.000000000000000e-01,2.000000000000000e-01,1.535412226490872e-04,-7.512982179781362e-05,1.666666666666667e+00,0.000000000000000e+00,2.981500000000000e+02,3.072927045437435e+02,2.999999999992182e+02,1.093970541365486e+03,3.421600824156767e+02,1,0.000000000000000e+00,0.000000000000000e+00
9.334999999972550e-05,1867,7.430648374637794e-02,8.043308136570637e+03,1.000000000000000e+00,8.000000000000000e-01,2.000000000000000e-01,1.536245559824200e-04,-7.512982179781362e-05,1.666666666666667e+00,0.000000000000000e+00,2.981500000000000e+02,3.073515188388253e+02,2.999999999992182e+02,1.093991374073815e+03,3.421872842885052e+02,1,0.000000000000000e+00,0.000000000000000e+00
9.339999999972493e-05,1868,8.507602082711617e-02,1.023066258037149e+04,1.000000000000000e+00,8.000000000000000e-01,2.000000000000000e-01,1.537078893157528e-04,-7.512982179781362e-05,1.666666666666667e+00,0.000000000000000e+00,2.981500000000000e+02,3.074143439048423e+02,2.999999999992182e+02,1.093982956334434e+03,3.422139277069247e+02,1,0.000000000000000e+00,0.000000000000000e+00
9.344999999972436e-05,1869,8.512374175556645e-02,1.443991239717133e+04,1.000000000000000e+00,8.000000000000000e-01,2.000000000000000e-01,1.537912226490857e-04,-7.512982179781362e-05,1.666666666666667e+00,0.000000000000000e+00,2.981500000000000e+02,3.074837641533657e+02,2.999999999992182e+02,1.093952680323251e+03,3.422401139261647e+02,1,0.000000000000000e+00,0.000000000000000e+00
9.349999999972380e-05,1870,7.444061316554856e-02,1.994737951322203e+04,1.000000000000000e+00,8.000000000000000e-01,2.000000000000000e-01,1.538745559824185e-04,-7.512982179781362e-05,1.666666666666667e+00,0.000000000000000e+00,2.981500000000000e+02,3.075671603086542e+02,2.999999999992182e+02,1.093936402775797e+03,3.422664048460386e+02,1,0.000000000000000e+00,0.000000000000000e+00
9.354999999972323e-05,1871,7.073627893661627e-02,1.476638880420049e+04,1.000000000000000e+00,8.000000000000000e-01,2.000000000000000e-01,1.539578893157514e-04,-7.512982179781362e-05,1.666666666666667e+00,0.000000000000000e+00,2.981500000000000e+02,3.076478665400848e+02,2.999999999992182e+02,1.093912608638796e+03,3.422925140494892e+02,1,0.000000000000000e+00,0.000000000000000e+00
9.359999999972266e-05,1872,7.077218256050274e-02,8.483229844595638e+03,1.000000000000000e+00,8.000000000000000e-01,2.000000000000000e-01,1.540412226490842e-04,-7.512982179781362e-05,1.666666666666667e+00,0.000000000000000e+00,2.981500000000000e+02,3.077318086394219e+02,2.999999999992182e+02,1.093880406293649e+03,3.423179054920158e+02,1,0.000000000000000e+00,0.000000000000000e+00
9.364999999972209e-05,1873,7.457433870652964e-02,1.090988410507534e+04,1.000000000000000e+00,8.000000000000000e-01,2.000000000000000e-01,1.541245559824170e-04,-7.512982179781362e-05,1.666666666666667e+00,0.000000000000000e+00,2.981500000000000e+02,3.078128886879203e+02,2.999999999992182e+02,1.093840184036776e+03,3.423433179604955e+02,1,0.000000000000000e+00,0.000000000000000e+00
9.369999999972152e-05,1874,8.534955949652041e-02,1.524744051916175e+04,1.000000000000000e+00,8.000000000000000e-01,2.000000000000000e-01,1.542078893157499e-04,-7.512982179781362e-05,1.666666666666667e+00,0.000000000000000e+00,2.981500000000000e+02,3.079044650254332e+02,2.999999999992182e+02,1.093806546932765e+03,3.423680009573249e+02,1,0.000000000000000e+00,0.000000000000000e+00
9.374999999972096e-05,1875,8.537487462478979e-02,1.341997591259553e+04,1.000000000000000e+00,8.000000000000000e-01,2.000000000000000e-01,1.542912226490827e-04,-7.512982179781362e-05,1.666666666666667e+00,0.000000000000000e+00,2.981500000000000e+02,3.080057230232132e+02,2.999999999992182e+02,1.093779598148346e+03,3.423919273950011e+02,1,0.000000000000000e+00,0.000000000000000e+00
9.379999999972039e-05,1876,7.090698956272318e-02,1.035563359041309e+04,1.000000000000000e+00,8.000000000000000e-01,2.000000000000000e-01,1.543745559824156e-04,-7.512982179781362e-05,1.666666666666667e+00,0.000000000000000e+00,2.981500000000000e+02,3.081134706901542e+02,2.999999999992182e+02,1.093746978014319e+03,3.424157316474128e+02,1,0.000000000000000e+00,0.000000000000000e+00
9.384999999971982e-05,1877,7.094266309900660e-02,9.935575439980877e+03,1.000000000000000e+00,8.000000000000000e-01,2.000000000000000e-01,1.544578893157484e-04,-7.512982179781362e-05,1.666666666666667e+00,0.000000000000000e+00,2.981500000000000e+02,3.082343079968889e+02,2.999999999992182e+02,1.093738554040599e+03,3.424400575910946e+02,1,0.000000000000000e+00,0.000000000000000e+00
9.389999999971925e-05,1878,7.097542053911325e-02,7.284530505148949e+03,1.000000000000000e+00,8.000000000000000e-01,2.000000000000000e-01,1.545412226490812e-04,-7.512982179781362e-05,1.666666666666667e+00,0.000000000000000e+00,2.981500000000000e+02,3.083647027656738e+02,2.999999999992182e+02,1.093774866878047e+03,3.424651153922232e+02,1,0.000000000000000e+00,0.000000000000000e+00
9.394999999971868e-05,1879,7.100761131179714e-02,1.096044031543705e+04,1.000000000000000e+00,8.000000000000000e-01,2.000000000000000e-01,1.546245559824141e-04,-7.512982179781362e-05,1.666666666666667e+00,0.000000000000000e+00,2.981500000000000e+02,3.085171913132745e+02,2.999999999992182e+02,1.093850246442711e+03,3.424906140566881e+02,1,0.000000000000000e+00,0.000000000000000e+00
9.399999999971812e-05,1880,8.559748894701158e-02,2.786962913514041e+04,1.000000000000000e+00,8.000000000000000e-01,2.000000000000000e-01,1.547078893157469e-04,-7.512982179781362e-05,1.666666666666667e+00,0.000000000000000e+00,2.981500000000000e+02,3.086732384429985e+02,2.999999999992182e+02,1.093936230799770e+03,3.425164435216601e+02,1,0.000000000000000e+00,0.000000000000000e+00
9.404999999971755e-05,1881,8.565605266458405e-02,1.949847109526135e+04,1.000000000000000e+00,8.000000000000000e-01,2.000000000000000e-01,1.547912226490797e-04,-7.512982179781362e-05,1.666666666666667e+00,0.000000000000000e+00,2.981500000000000e+02,3.088427387739945e+02,2.999999999992182e+02,1.094034647217960e+03,3.425423751200863e+02,1,0.000000000000000e+00,0.000000000000000e+00
9.409999999971698e-05,1882,8.938622215368904e-02,1.977904455739154e+04,1.000000000000000e+00,8.000000000000000e-01,2.000000000000000e-01,1.548745559824126e-04,-7.512982179781362e-05,1.666666666666667e+00,0.000000000000000e+00,2.981500000000000e+02,3.090236299690862e+02,2.999999999992182e+02,1.094124053811445e+03,3.425679910939219e+02,1,0.000000000000000e+00,0.000000000000000e+00
9.414999999971641e-05,1883,7.484147263057449e-02,1.189599111792829e+04,1.000000000000000e+00,8.000000000000000e-01,2.000000000000000e-01,1.549578893157454e-04,-7.512982179781362e-05,1.666666666666667e+00,0.000000000000000e+00,2.981500000000000e+02,3.092232107510803e+02,2.999999999992182e+02,1.094205236547360e+03,3.425930717609564e+02,1,0.000000000000000e+00,0.000000000000000e+00
9.419999999971584e-05,1884,7.486551008218087e-02,1.105187232260963e+04,1.000000000000000e+00,8.000000000000000e-01,2.000000000000000e-01,1.550412226490783e-04,-7.512982179781362e-05,1.666666666666667e+00,0.000000000000000e+00,2.981500000000000e+02,3.094333103323867e+02,2.999999999992182e+02,1.094266824455330e+03,3.426176564517947e+02,1,0.000000000000000e+00,0.000000000000000e+00
9.424999999971528e-05,1885,8.952359577882295e-02,2.615121449431646e+04,1.000000000000000e+00,8.000000000000000e-01,2.000000000000000e-01,1.551245559824111e-04,-7.512982179781362e-05,1.666666666666667e+00,0.000000000000000e+00,2.981500000000000e+02,3.096444329263720e+02,2.999999999992182e+02,1.094323422732304e+03,3.426426267843516e+02,1,0.000000000000000e+00,0.000000000000000e+00
9.429999999971471e-05,1886,8.955807098629806e-02,4.692976637621659e+04,1.000000000000000e+00,8.000000000000000e-01,2.000000000000000e-01,1.552078893157439e-04,-7.512982179781362e-05,1.666666666666667e+00,0.000000000000000e+00,2.981500000000000e+02,3.098551914721177e+02,2.999999999992182e+02,1.094397692162778e+03,3.426675476603552e+02,1,0.000000000000000e+00,0.000000000000000e+00
9.434999999971414e-05,1887,8.200717864171637e-02,2.161987896358333e+04,1.000000000000000e+00,8.000000000000000e-01,2.000000000000000e-01,1.552912226490768e-04,-7.512982179781362e-05,1.666666666666667e+00,0.000000000000000e+00,2.981500000000000e+02,3.100750172592475e+02,2.999999999992182e+02,1.094496912713541e+03,3.426923329467675e+02,1,0.000000000000000e+00,0.000000000000000e+00
9.439999999971357e-05,1888,7.497757606060952e-02,1.437318849733812e+04,1.000000000000000e+00,8.000000000000000e-01,2.000000000000000e-01,1.553745559824096e-04,-7.512982179781362e-05,1.666666666666667e+00,0.000000000000000e+00,2.981500000000000e+02,3.103126241261213e+02,2.999999999992182e+02,1.094619771419876e+03,3.426943634068684e+02,1,0.000000000000000e+00,0.000000000000000e+00
9.444999999971300e-05,1889,7.501559304705253e-02,1.107962053489833e+04,1.000000000000000e+00,8.000000000000000e-01,2.000000000000000e-01,1.554578893157425e-04,-7.512982179781362e-05,1.666666666666667e+00,0.000000000000000e+00,2.981500000000000e+02,3.105749217760527e+02,2.999999999992182e+02,1.094745779860660e+03,3.427195898475500e+02,1,0.000000000000000e+00,0.000000000000000e+00
9.449999999971244e-05,1890,7.505055951093341e-02,1.070841436372863e+04,1.000000000000000e+00,8.000000000000000e-01,2.000000000000000e-01,1.555412226490753e-04,-7.512982179781362e-05,1.666666666666667e+00,0.000000000000000e+00,2.981500000000000e+02,3.108538092247393e+02,2.999999999992182e+02,1.094917667341071e+03,3.427447682558355e+02,1,0.000000000000000e+00,0.000000000000000e+00
9.454999999971187e-05,1891,8.629074985171026e-02,3.207184046941184e+04,1.000000000000000e+00,8.000000000000000e-01,2.000000000000000e-01,1.556245559824081e-04,-7.512982179781362e-05,1.666666666666667e+00,0.000000000000000e+00,2.981500000000000e+02,3.111188408835336e+02,2.999999999991730e+02,1.095104849397891e+03,3.427700804707242e+02,1,0.000000000000000e+00,0.000000000000000e+00
9.459999999971130e-05,1892,8.979354232997090e-02,3.552687647272145e+04,1.000000000000000e+00,8.000000000000000e-01,2.000000000000000e-01,1.557078893157410e-04,-7.512982179781362e-05,1.666666666666667e+00,0.000000000000000e+00,2.981500000000000e+02,3.113612613168139e+02,2.999999999991730e+02,1.095316337366645e+03,3.427720859877399e+02,1,0.000000000000000e+00,0.000000000000000e+00
9.464999999971073e-05,1893,8.983662943203750e-02,3.102896837124319e+04,1.000000000000000e+00,8.000000000000000e-01,2.000000000000000e-01,1.557912226490738e-04,-7.512982179781362e-05,1.666666666666667e+00,0.000000000000000e+00,2.981500000000000e+02,3.115016424882567e+02,2.999999999991730e+02,1.095535685967508e+03,3.427983983750552e+02,1,0.000000000000000e+00,0.000000000000000e+00
9.469999999971016e-05,1894,7.932606900760117e-02,2.020012198038900e+04,1.000000000000000e+00,8.000000000000000e-01,2.000000000000000e-01,1.558745559824066e-04,-7.512982179781362e-05,1.666666666666667e+00,0.000000000000000e+00,2.981500000000000e+02,3.115854672749790e+02,2.999999999991724e+02,1.095779715244182e+03,3.428235384826360e+02,1,0.000000000000000e+00,0.000000000000000e+00
9.474999999970960e-05,1895,7.523550540906698e-02,1.667030557004882e+04,1.000000000000000e+00,8.000000000000000e-01,2.000000000000000e-01,1.559578893157395e-04,-7.512982179781362e-05,1.666666666666667e+00,0.000000000000000e+00,2.981500000000000e+02,3.116707244416791e+02,2.999999999991724e+02,1.096010051372569e+03,3.428483784893071e+02,1,0.000000000000000e+00,0.000000000000000e+00
9.479999999970903e-05,1896,7.527816345000683e-02,1.954151465210865e+04,1.000000000000000e+00,8.000000000000000e-01,2.000000000000000e-01,1.560412226490723e-04,-7.512982179781362e-05,1.666666666666667e+00,0.000000000000000e+00,2.981500000000000e+02,3.117601272601706e+02,2.999999999991724e+02,1.096071370551104e+03,3.428740343878450e+02,1,0.000000000000000e+00,0.000000000000000e+00
9.484999999970846e-05,1897,8.594812500738891e-02,2.300203489765187e+04,1.000000000000000e+00,8.000000000000000e-01,2.000000000000000e-01,1.561245559824052e-04,-7.512982179781362e-05,1.666666666666667e+00,0.000000000000000e+00,2.981500000000000e+02,3.118880146035865e+02,2.999999999991724e+02,1.096196102170149e+03,3.429001849601273e+02,1,0.000000000000000e+00,0.000000000000000e+00
9.489999999970789e-05,1898,9.013332462722705e-02,3.052091256973777e+04,1.000000000000000e+00,8.000000000000000e-01,2.000000000000000e-01,1.562078893157380e-04,-7.512982179781362e-05,1.666666666666667e+00,0.000000000000000e+00,2.981500000000000e+02,3.119664407015529e+02,2.999999999991724e+02,1.096376034169966e+03,3.429275147676752e+02,1,0.000000000000000e+00,0.000000000000000e+00
9.494999999970732e-05,1899,7.863223991654919e-02,3.040611998484888e+04,1.000000000000000e+00,8.000000000000000e-01,2.000000000000000e-01,1.562912226490708e-04,-7.512982179781362e-05,1.666666666666667e+00,0.000000000000000e+00,2.981500000000000e+02,3.120385016034327e+02,2.999999999991724e+02,1.096615538281719e+03,3.429552442296201e+02,1,0.000000000000000e+00,0.000000000000000e+00
9.499999999970676e-05,1900,7.544513166384566e-02,2.678807174322363e+04,1.000000000000000e+00,8.000000000000000e-01,2.000000000000000e-01,1.563745559824037e-04,-7.512982179781362e-05,1.666666666666667e+00,0.000000000000000e+00,2.981500000000000e+02,3.121087515174528e+02,2.999999999991724e+02,1.096834861945420e+03,3.429836617261830e+02,1,0.000000000000000e+00,0.000000000000000e+00
9.504999999970619e-05,1901,7.479943490537407e-02,2.227645956140713e+04,1.000000000000000e+00,8.000000000000000e-01,2.000000000000000e-01,1.564578893157365e-04,-7.512982179781362e-05,1.666666666666667e+00,0.000000000000000e+00,2.981500000000000e+02,3.122061575141101e+02,2.999999999991724e+02,1.097047953353123e+03,3.430115106404170e+02,1,0.000000000000000e+00,0.000000000000000e+00
9.509999999970562e-05,1902,8.151911535268773e-02,2.209337701449677e+04,1.000000000000000e+00,8.000000000000000e-01,2.000000000000000e-01,1.565412226490694e-04,-7.512982179781362e-05,1.666666666666667e+00,0.000000000000000e+00,2.981500000000000e+02,3.123175208255499e+02,2.999999999991724e+02,1.097270161384147e+03,3.430376839233377e+02,1,0.000000000000000e+00,0.000000000000000e+00
9.514999999970505e-05,1903,8.900296486672532e-02,1.857322114999948e+04,1.000000000000000e+00,8.000000000000000e-01,2.000000000000000e-01,1.566245559824022e-04,-7.512982179781362e-05,1.666666666666667e+00,0.000000000000000e+00,2.981500000000000e+02,3.124222203488638e+02,2.999999999991724e+02,1.097479976714707e+03,3.430627158246646e+02,1,0.000000000000000e+00,0.000000000000000e+00
9.519999999970448e-05,1904,9.038924074767506e-02,2.255608874334717e+04,1.000000000000000e+00,8.000000000000000e-01,2.000000000000000e-01,1.567078893157350e-04,-7.512982179781362e-05,1.666666666666667e+00,0.000000000000000e+00,2.981500000000000e+02,3.125207410510451e+02,2.999999999991724e+02,1.097650043844452e+03,3.430644981254322e+02,1,0.000000000000000e+00,0.000000000000000e+00
9.524999999970392e-05,1905,8.299271947591362e-02,3.250342844739796e+04,1.000000000000000e+00,8.000000000000000e-01,2.000000000000000e-01,1.567912226490679e-04,-7.512982179781362e-05,1.666666666666667e+00,0.000000000000000e+00,2.981500000000000e+02,3.126083579706126e+02,2.999999999991724e+02,1.097825568342142e+03,3.430667559300928e+02,1,0.000000000000000e+00,0.000000000000000e+00
9.529999999970335e-05,1906,7.570426861853759e-02,2.083362655072223e+04,1.000000000000000e+00,8.000000000000000e-01,2.000000000000000e-01,1.568745559824007e-04,-7.512982179781362e-05,1.666666666666667e+00,0.000000000000000e+00,2.981500000000000e+02,3.127117131796809e+02,2.999999999991724e+02,1.098016267308590e+03,3.430920903359906e+02,1,0.000000000000000e+00,0.000000000000000e+00
9.534999999970278e-05,1907,7.574231208366633e-02,1.690059583833323e+04,1.000000000000000e+00,8.000000000000000e-01,2.000000000000000e-01,1.569578893157335e-04,-7.512982179781362e-05,1.666666666666667e+00,0.000000000000000e+00,2.981500000000000e+02,3.127785736411447e+02,2.999999999991724e+02,1.098242810580846e+03,3.431177523171589e+02,1,0.000000000000000e+00,0.000000000000000e+00
9.539999999970221e-05,1908,7.158772552386768e-02,1.556172884353076e+04,1.000000000000000e+00,8.000000000000000e-01,2.000000000000000e-01,1.570412226490664e-04,-7.512982179781362e-05,1.666666666666667e+00,0.000000000000000e+00,2.981500000000000e+02,3.128493081876877e+02,2.999999999991724e+02,1.098470712040647e+03,3.431440691731005e+02,1,0.000000000000000e+00,0.000000000000000e+00
9.544999999970164e-05,1909,8.657947039794105e-02,1.641356604268362e+04,1.000000000000000e+00,8.000000000000000e-01,2.000000000000000e-01,1.571245559823992e-04,-7.512982179781362e-05,1.666666666666667e+00,0.000000000000000e+00,2.981500000000000e+02,3.129165904672608e+02,2.999999999991724e+02,1.098728055825730e+03,3.431698736903332e+02,1,0.000000000000000e+00,0.000000000000000e+00
9.549999999970108e-05,1910,8.594770255377246e-02,2.941847142095101e+04,1.000000000000000e+00,8.000000000000000e-01,2.000000000000000e-01,1.572078893157321e-04,-7.512982179781362e-05,1.666666666666667e+00,0.000000000000000e+00,2.981500000000000e+02,3.129650035033653e+02,2.999999999991724e+02,1.098976957911236e+03,3.431947065632600e+02,1,0.000000000000000e+00,0.000000000000000e+00
9.554999999970051e-05,1911,7.592885275343024e-02,3.561686924083894e+04,1.000000000000000e+00,8.000000000000000e-01,2.000000000000000e-01,1.572912226490649e-04,-7.512982179781362e-05,1.666666666666667e+00,0.000000000000000e+00,2.981500000000000e+02,3.130043722978898e+02,2.999999999991724e+02,1.099222334137483e+03,3.432192051992010e+02,1,0.000000000000000e+00,0.000000000000000e+00
9.559999999969994e-05,1912,8.007859519093767e-02,3.475557635327098e+04,1.000000000000000e+00,8.000000000000000e-01,2.000000000000000e-01,1.573745559823977e-04,-7.512982179781362e-05,1.666666666666667e+00,0.000000000000000e+00,2.981500000000000e+02,3.130058653749292e+02,2.999999999991724e+02,1.099457257849600e+03,3.432436752862729e+02,1,0.000000000000000e+00,0.000000000000000e+00
9.564999999969937e-05,1913,8.623295779673598e-02,2.221566907892907e+04,1.000000000000000e+00,8.000000000000000e-01,2.000000000000000e-01,1.574578893157306e-04,-7.512982179781362e-05,1.666666666666667e+00,0.000000000000000e+00,2.981500000000000e+02,3.130048562711662e+02,2.999999999991724e+02,1.099710262689420e+03,3.432678250758211e+02,1,0.000000000000000e+00,0.000000000000000e+00
9.569999999969880e-05,1914,9.028336844526445e-02,1.681567598706683e+04,1.000000000000000e+00,8.000000000000000e-01,2.000000000000000e-01,1.575412226490634e-04,-7.512982179781362e-05,1.666666666666667e+00,0.000000000000000e+00,2.981500000000000e+02,3.130000740290619e+02,2.999999999991724e+02,1.099948628382166e+03,3.432912789775922e+02,1,0.000000000000000e+00,0.000000000000000e+00
9.574999999969824e-05,1915,9.032055663838683e-02,2.455100583373477e+04,1.000000000000000e+00,8.000000000000000e-01,2.000000000000000e-01,1.576245559823963e-04,-7.512982179781362e-05,1.666666666666667e+00,0.000000000000000e+00,2.981500000000000e+02,3.129986367962836e+02,2.999999999991724e+02,1.100155588611193e+03,3.432911605027730e+02,1,0.000000000000000e+00,0.000000000000000e+00
9.579999999969767e-05,1916,8.705662001921773e-02,3.138327844621633e+04,1.000000000000000e+00,8.000000000000000e-01,2.000000000000000e-01,1.577078893157291e-04,-7.512982179781362e-05,1.666666666666667e+00,0.000000000000000e+00,2.981500000000000e+02,3.129913927725655e+02,2.999999999991724e+02,1.100322039983784e+03,3.433137637881852e+02,1,0.000000000000000e+00,0.000000000000000e+00
9.584999999969710e-05,1917,7.619286984539644e-02,2.434412059621764e+04,1.000000000000000e+00,8.000000000000000e-01,2.000000000000000e-01,1.577912226490619e-04,-7.512982179781362e-05,1.666666666666667e+00,0.000000000000000e+00,2.981500000000000e+02,3.129645140845608e+02,2.999999999991724e+02,1.100431217552517e+03,3.433143175984262e+02,1,0.000000000000000e+00,0.000000000000000e+00
9.589999999969653e-05,1918,7.623137368230364e-02,1.471831606599440e+04,1.000000000000000e+00,8.000000000000000e-01,2.000000000000000e-01,1.578745559823948e-04,-7.512982179781362e-05,1.666666666666667e+00,0.000000000000000e+00,2.981500000000000e+02,3.129349513260023e+02,2.999999999991724e+02,1.100538922726020e+03,3.433380532956169e+02,1,0.000000000000000e+00,0.000000000000000e+00
9.594999999969596e-05,1919,7.626771179318297e-02,1.132070755757387e+04,1.000000000000000e+00,8.000000000000000e-01,2.000000000000000e-01,1.579578893157276e-04,-7.512982179781362e-05,1.666666666666667e+00,0.000000000000000e+00,2.981500000000000e+02,3.129072737520581e+02,2.999999999991724e+02,1.100635719012976e+03,3.433614518383257e+02,1,0.000000000000000e+00,0.000000000000000e+00
9.599999999969540e-05,1920,8.016601349689595e-02,1.156899886207932e+04,1.000000000000000e+00,8.000000000000000e-01,2.000000000000000e-01,1.580412226490604e-04,-7.512982179781362e-05,1.666666666666667e+00,0.000000000000000e+00,2.981500000000000e+02,3.128827262706548e+02,2.999999999991724e+02,1.100717813651283e+03,3.433847127839595e+02,1,0.000000000000000e+00,0.000000000000000e+00
9.604999999969483e-05,1921,7.634996302548985e-02,1.999287047968098e+04,1.000000000000000e+00,8.000000000000000e-01,2.000000000000000e-01,1.581245559823933e-04,-7.512982179781362e-05,1.666666666666667e+00,0.000000000000000e+00,2.981500000000000e+02,3.128607141658130e+02,2.999999999991724e+02,1.100788745407464e+03,3.434086388705524e+02,1,0.000000000000000e+00,0.000000000000000e+00
9.609999999969426e-05,1922,8.025267947806144e-02,2.453056284139662e+04,1.000000000000000e+00,8.000000000000000e-01,2.000000000000000e-01,1.582078893157261e-04,-7.512982179781362e-05,1.666666666666667e+00,0.000000000000000e+00,2.981500000000000e+02,3.128366933579469e+02,2.999999999991724e+02,1.100880881123865e+03,3.434320222921240e+02,1,0.000000000000000e+00,0.000000000000000e+00
9.614999999969369e-05,1923,8.781599110253699e-02,2.306781654136689e+04,1.000000000000000e+00,8.000000000000000e-01,2.000000000000000e-01,1.582912226490590e-04,-7.512982179781362e-05,1.666666666666667e+00,0.000000000000000e+00,2.981500000000000e+02,3.127992381189611e+02,2.999999999991724e+02,1.100972526454590e+03,3.434556087176242e+02,1,0.000000000000000e+00,0.000000000000000e+00
9.619999999969312e-05,1924,9.237455570001914e-02,1.673873544173416e+04,1.000000000000000e+00,8.000000000000000e-01,2.000000000000000e-01,1.583745559823918e-04,-7.512982179781362e-05,1.666666666666667e+00,0.000000000000000e+00,2.981500000000000e+02,3.127555895678714e+02,2.999999999991724e+02,1.101067997906883e+03,3.434793768176745e+02,1,0.000000000000000e+00,0.000000000000000e+00
9.624999999969256e-05,1925,9.242163475753222e-02,1.241833094110290e+04,1.000000000000000e+00,8.000000000000000e-01,2.000000000000000e-01,1.584578893157246e-04,-7.512982179781362e-05,1.666666666666667e+00,0.000000000000000e+00,2.981500000000000e+02,3.127173074235874e+02,2.999999999991724e+02,1.101134020901235e+03,3.435028868762028e+02,1,0.000000000000000e+00,0.000000000000000e+00
9.629999999969199e-05,1926,9.245511019156311e-02,1.660140991141034e+04,1.000000000000000e+00,8.000000000000000e-01,2.000000000000000e-01,1.585412226490575e-04,-7.512982179781362e-05,1.666666666666667e+00,0.000000000000000e+00,2.981500000000000e+02,3.126775986607981e+02,2.999999999991724e+02,1.101179704996439e+03,3.435251867656908e+02,1,0.000000000000000e+00,0.000000000000000e+00
9.634999999969142e-05,1927,9.541208590220313e-02,2.306452056088787e+04,1.000000000000000e+00,8.000000000000000e-01,2.000000000000000e-01,1.586245559823903e-04,-7.512982179781362e-05,1.666666666666667e+00,0.000000000000000e+00,2.981500000000000e+02,3.126279384890024e+02,2.999999999991724e+02,1.101193591615071e+03,3.435466990776046e+02,1,0.000000000000000e+00,0.000000000000000e+00
9.639999999969085e-05,1928,8.738032674753549e-02,2.133869673792466e+04,1.000000000000000e+00,8.000000000000000e-01,2.000000000000000e-01,1.587078893157232e-04,-7.512982179781362e-05,1.666666666666667e+00,0.000000000000000e+00,2.981500000000000e+02,3.125739587015355e+02,2.999999999991724e+02,1.101195417933078e+03,3.435682139474902e+02,1,0.000000000000000e+00,0.000000000000000e+00
9.644999999969028e-05,1929,8.054698955458192e-02,1.322527534507294e+04,1.000000000000000e+00,8.000000000000000e-01,2.000000000000000e-01,1.587912226490560e-04,-7.512982179781362e-05,1.666666666666667e+00,0.000000000000000e+00,2.981500000000000e+02,3.125132311066578e+02,2.999999999991724e+02,1.101190667395956e+03,3.435903810910423e+02,1,0.000000000000000e+00,0.000000000000000e+00
9.649999999968972e-05,1930,8.489825556603670e-02,1.509486172717019e+04,1.000000000000000e+00,8.000000000000000e-01,2.000000000000000e-01,1.588745559823888e-04,-7.512982179781362e-05,1.666666666666667e+00,0.000000000000000e+00,2.981500000000000e+02,3.124511555925903e+02,2.999999999991724e+02,1.101171130133527e+03,3.436124612035354e+02,1,0.000000000000000e+00,0.000000000000000e+00
9.654999999968915e-05,1931,8.493364167563244e-02,1.377997049450853e+04,1.000000000000000e+00,8.000000000000000e-01,2.000000000000000e-01,1.589578893157217e-04,-7.512982179781362e-05,1.666666666666667e+00,0.000000000000000e+00,2.981500000000000e+02,3.123940237740525e+02,2.999999999991724e+02,1.101124259666950e+03,3.436346155388771e+02,1,0.000000000000000e+00,0.000000000000000e+00
9.659999999968858e-05,1932,8.497175736398861e-02,1.293669964487909e+04,1.000000000000000e+00,8.000000000000000e-01,2.000000000000000e-01,1.590412226490545e-04,-7.512982179781362e-05,1.666666666666667e+00,0.000000000000000e+00,2.981500000000000e+02,3.123262846812189e+02,2.999999999991724e+02,1.101076749071513e+03,3.436573852348391e+02,1,0.000000000000000e+00,0.000000000000000e+00
9.664999999968801e-05,1933,8.208171094603486e-02,1.885837632036541e+04,1.000000000000000e+00,8.000000000000000e-01,2.000000000000000e-01,1.591245559823873e-04,-7.512982179781362e-05,1.666666666666667e+00,0.000000000000000e+00,2.981500000000000e+02,3.122552768820382e+02,2.999999999991724e+02,1.101048695621465e+03,3.436802325983767e+02,1,0.000000000000000e+00,0.000000000000000e+00
9.669999999968744e-05,1934,8.212096471873472e-02,1.974025219097847e+04,1.000000000000000e+00,8.000000000000000e-01,2.000000000000000e-01,1.592078893157202e-04,-7.512982179781362e-05,1.666666666666667e+00,0.000000000000000e+00,2.981500000000000e+02,3.121897435979828e+02,2.999999999991724e+02,1.101038380756011e+03,3.437029950654971e+02,1,0.000000000000000e+00,0.000000000000000e+00
9.674999999968688e-05,1935,9.315193359608258e-02,1.658080488017104e+04,1.000000000000000e+00,8.000000000000000e-01,2.000000000000000e-01,1.592912226490530e-04,-7.512982179781362e-05,1.666666666666667e+00,0.000000000000000e+00,2.981500000000000e+02,3.121244024862071e+02,2.999999999991724e+02,1.101021518970712e+03,3.437255183244030e+02,1,0.000000000000000e+00,0.000000000000000e+00
9.679999999968631e-05,1936,9.717112164630609e-02,1.693461517111175e+04,1.000000000000000e+00,8.000000000000000e-01,2.000000000000000e-01,1.593745559823859e-04,-7.512982179781362e-05,1.666666666666667e+00,0.000000000000000e+00,2.981500000000000e+02,3.120750298040939e+02,2.999999999991788e+02,1.101005883188205e+03,3.437484398644704e+02,1,0.000000000000000e+00,0.000000000000000e+00
9.684999999968574e-05,1937,9.720440273858859e-02,1.664518308366047e+04,1.000000000000000e+00,8.000000000000000e-01,2.000000000000000e-01,1.594578893157187e-04,-7.512982179781362e-05,1.666666666666667e+00,0.000000000000000e+00,2.981500000000000e+02,3.120208742660048e+02,2.999999999991788e+02,1.100979071377612e+03,3.437712823401603e+02,1,0.000000000000000e+00,0.000000000000000e+00
9.689999999968517e-05,1938,9.723718939045919e-02,1.808291605749459e+04,1.000000000000000e+00,8.000000000000000e-01,2.000000000000000e-01,1.595412226490515e-04,-7.512982179781362e-05,1.666666666666667e+00,0.000000000000000e+00,2.981500000000000e+02,3.119741092086268e+02,2.999999999991788e+02,1.100964478013213e+03,3.437937318820680e+02,1,0.000000000000000e+00,0.000000000000000e+00
9.694999999968460e-05,1939,1.002087247913434e-01,1.998171146395907e+04,1.000000000000000e+00,8.000000000000000e-01,2.000000000000000e-01,1.596245559823844e-04,-7.512982179781362e-05,1.666666666666667e+00,0.000000000000000e+00,2.981500000000000e+02,3.119209221485049e+02,2.999999999991788e+02,1.100924675703652e+03,3.438159140645843e+02,1,0.000000000000000e+00,0.000000000000000e+00
9.699999999968404e-05,1940,9.219418349106916e-02,1.665024776102235e+04,1.000000000000000e+00,8.000000000000000e-01,2.000000000000000e-01,1.597078893157172e-04,-7.512982179781362e-05,1.666666666666667e+00,0.000000000000000e+00,2.981500000000000e+02,3.118699563882997e+02,2.999999999991788e+02,1.100889549947139e+03,3.438379300748695e+02,1,0.000000000000000e+00,0.000000000000000e+00
9.704999999968347e-05,1941,9.153234074331765e-02,1.388659798433439e+04,1.000000000000000e+00,8.000000000000000e-01,2.000000000000000e-01,1.597912226490501e-04,-7.512982179781362e-05,1.666666666666667e+00,0.000000000000000e+00,2.981500000000000e+02,3.118226700562846e+02,2.999999999991788e+02,1.100852064796224e+03,3.438597297874813e+02,1,0.000000000000000e+00,0.000000000000000e+00
9.709999999968290e-05,1942,8.464110532730025e-02,1.484168941662472e+04,1.000000000000000e+00,8.000000000000000e-01,2.000000000000000e-01,1.598745559823829e-04,-7.512982179781362e-05,1.666666666666667e+00,0.000000000000000e+00,2.981500000000000e+02,3.117709734891582e+02,2.999999999991788e+02,1.100789369320692e+03,3.438813675409346e+02,1,0.000000000000000e+00,0.000000000000000e+00
9.714999999968233e-05,1943,8.536889576985859e-02,1.469563045867869e+04,1.000000000000000e+00,8.000000000000000e-01,2.000000000000000e-01,1.599578893157157e-04,-7.512982179781362e-05,1.666666666666667e+00,0.000000000000000e+00,2.981500000000000e+02,3.117288603944577e+02,2.999999999991788e+02,1.100721395829708e+03,3.439028920275696e+02,1,0.000000000000000e+00,0.000000000000000e+00
9.719999999968176e-05,1944,8.539887603012959e-02,1.227211831425918e+04,1.000000000000000e+00,8.000000000000000e-01,2.000000000000000e-01,1.600412226490486e-04,-7.512982179781362e-05,1.666666666666667e+00,0.000000000000000e+00,2.981500000000000e+02,3.116689140326656e+02,2.999999999991788e+02,1.100654956194897e+03,3.439244466019095e+02,1,0.000000000000000e+00,0.000000000000000e+00
9.724999999968120e-05,1945,8.248822594218019e-02,1.616708698161297e+04,1.000000000000000e+00,8.000000000000000e-01,2.000000000000000e-01,1.601245559823814e-04,-7.512982179781362e-05,1.666666666666667e+00,0.000000000000000e+00,2.981500000000000e+02,3.116170757535311e+02,2.999999999991788e+02,1.100605714864971e+03,3.439464006012183e+02,1,0.000000000000000e+00,0.000000000000000e+00
9.729999999968063e-05,1946,8.594217013143096e-02,1.482713581606726e+04,1.000000000000000e+00,8.000000000000000e-01,2.000000000000000e-01,1.602078893157142e-04,-7.512982179781362e-05,1.666666666666667e+00,0.000000000000000e+00,2.981500000000000e+02,3.115534081228116e+02,2.999999999991788e+02,1.100580782234195e+03,3.439691023541077e+02,1,0.000000000000000e+00,0.000000000000000e+00
9.734999999968006e-05,1947,9.346550038225022e-02,1.517097187756941e+04,1.000000000000000e+00,8.000000000000000e-01,2.000000000000000e-01,1.602912226490471e-04,-7.512982179781362e-05,1.666666666666667e+00,0.000000000000000e+00,2.981500000000000e+02,3.114842111213227e+02,2.999999999991788e+02,1.100552218516739e+03,3.439923554172357e+02,1,0.000000000000000e+00,0.000000000000000e+00
9.739999999967949e-05,1948,9.758352638436996e-02,1.467191597971753e+04,1.000000000000000e+00,8.000000000000000e-01,2.000000000000000e-01,1.603745559823799e-04,-7.512982179781362e-05,1.666666666666667e+00,0.000000000000000e+00,2.981500000000000e+02,3.114255747995728e+02,2.999999999991788e+02,1.100508731171951e+03,3.440150050889328e+02,1,0.000000000000000e+00,0.000000000000000e+00
9.744999999967892e-05,1949,9.761772150016908e-02,1.671395484365393e+04,1.000000000000000e+00,8.000000000000000e-01,2.000000000000000e-01,1.604578893157128e-04,-7.512982179781362e-05,1.666666666666667e+00,0.000000000000000e+00,2.981500000000000e+02,3.113482725524279e+02,2.999999999991788e+02,1.100448196177095e+03,3.440369216680851e+02,1,0.000000000000000e+00,0.000000000000000e+00
9.749999999967836e-05,1950,9.694981944857850e-02,1.510622184853990e+04,1.000000000000000e+00,8.000000000000000e-01,2.000000000000000e-01,1.605412226490456e-04,-7.512982179781362e-05,1.666666666666667e+00,0.000000000000000e+00,2.981500000000000e+02,3.112755102275920e+02,2.999999999991788e+02,1.100372861766909e+03,3.440586024591514e+02,1,0.000000000000000e+00,0.000000000000000e+00
9.754999999967779e-05,1951,9.992640657849063e-02,1.522135478354459e+04,1.000000000000000e+00,8.000000000000000e-01,2.000000000000000e-01,1.606245559823784e-04,-7.512982179781362e-05,1.666666666666667e+00,0.000000000000000e+00,2.981500000000000e+02,3.112028779915715e+02,2.999999999991788e+02,1.100289785784046e+03,3.440808240975018e+02,1,0.000000000000000e+00,0.000000000000000e+00
9.759999999967722e-05,1952,9.588719461329734e-02,1.319002140078400e+04,1.000000000000000e+00,8.000000000000000e-01,2.000000000000000e-01,1.607078893157113e-04,-7.512982179781362e-05,1.666666666666667e+00,0.000000000000000e+00,2.981500000000000e+02,3.111332731844441e+02,2.999999999991788e+02,1.100202386503750e+03,3.441032873845613e+02,1,0.000000000000000e+00,0.000000000000000e+00
9.764999999967665e-05,1953,9.194957078257861e-02,1.437681182770581e+04,1.000000000000000e+00,8.000000000000000e-01,2.000000000000000e-01,1.607912226490441e-04,-7.512982179781362e-05,1.666666666666667e+00,0.000000000000000e+00,2.981500000000000e+02,3.110672829460486e+02,2.999999999991788e+02,1.100108372979810e+03,3.441254818075350e+02,1,0.000000000000000e+00,0.000000000000000e+00
9.769999999967608e-05,1954,9.266969202889476e-02,1.994056969256473e+04,1.000000000000000e+00,8.000000000000000e-01,2.000000000000000e-01,1.608745559823770e-04,-7.512982179781362e-05,1.666666666666667e+00,0.000000000000000e+00,2.981500000000000e+02,3.109900676180791e+02,2.999999999991788e+02,1.100003482735655e+03,3.441472492574744e+02,1,0.000000000000000e+00,0.000000000000000e+00
9.774999999967552e-05,1955,8.915623820115665e-02,1.651780985418080e+04,1.000000000000000e+00,8.000000000000000e-01,2.000000000000000e-01,1.609578893157098e-04,-7.512982179781362e-05,1.666666666666667e+00,0.000000000000000e+00,2.981500000000000e+02,3.109202936184270e+02,2.999999999991788e+02,1.099887807699153e+03,3.441692207937577e+02,1,0.000000000000000e+00,0.000000000000000e+00
9.779999999967495e-05,1956,8.576237498545410e-02,1.433156562894025e+04,1.000000000000000e+00,8.000000000000000e-01,2.000000000000000e-01,1.610412226490426e-04,-7.512982179781362e-05,1.666666666666667e+00,0.000000000000000e+00,2.981500000000000e+02,3.108422293953357e+02,2.999999999991788e+02,1.099775614235710e+03,3.441915980734698e+02,1,0.000000000000000e+00,0.000000000000000e+00
9.784999999967438e-05,1957,8.578872305281943e-02,1.588213205208569e+04,1.000000000000000e+00,8.000000000000000e-01,2.000000000000000e-01,1.611245559823755e-04,-7.512982179781362e-05,1.666666666666667e+00,0.000000000000000e+00,2.981500000000000e+02,3.107612379289122e+02,2.999999999991788e+02,1.099671487064449e+03,3.442142956144438e+02,1,0.000000000000000e+00,0.000000000000000e+00
9.789999999967381e-05,1958,8.923693151130181e-02,1.497922502628314e+04,1.000000000000000e+00,8.000000000000000e-01,2.000000000000000e-01,1.612078893157083e-04,-7.512982179781362e-05,1.666666666666667e+00,0.000000000000000e+00,2.981500000000000e+02,3.106845344424770e+02,2.999999999991788e+02,1.099566875407999e+03,3.442369116824294e+02,1,0.000000000000000e+00,0.000000000000000e+00
9.794999999967324e-05,1959,9.282063963417082e-02,1.732819049284917e+04,1.000000000000000e+00,8.000000000000000e-01,2.000000000000000e-01,1.612912226490411e-04,-7.512982179781362e-05,1.666666666666667e+00,0.000000000000000e+00,2.981500000000000e+02,3.106023721841588e+02,2.999999999991788e+02,1.099460410962108e+03,3.442596294612766e+02,1,0.000000000000000e+00,0.000000000000000e+00
9.799999999967268e-05,1960,9.681767310946372e-02,1.819684849487878e+04,1.000000000000000e+00,8.000000000000000e-01,2.000000000000000e-01,1.613745559823740e-04,-7.512982179781362e-05,1.666666666666667e+00,0.000000000000000e+00,2.981500000000000e+02,3.105202088165706e+02,2.999999999991788e+02,1.099342061246203e+03,3.442819735952540e+02,1,0.000000000000000e+00,0.000000000000000e+00
9.804999999967211e-05,1961,9.685416124462329e-02,1.662086100723271e+04,1.000000000000000e+00,8.000000000000000e-01,2.000000000000000e-01,1.614578893157068e-04,-7.512982179781362e-05,1.666666666666667e+00,0.000000000000000e+00,2.981500000000000e+02,3.104371598005393e+02,2.999999999991788e+02,1.099226535261364e+03,3.443040476260175e+02,1,0.000000000000000e+00,0.000000000000000e+00
9.809999999967154e-05,1962,9.688626265200796e-02,1.529866628074252e+04,1.000000000000000e+00,8.000000000000000e-01,2.000000000000000e-01,1.615412226490397e-04,-7.512982179781362e-05,1.666666666666667e+00,0.000000000000000e+00,2.981500000000000e+02,3.103518397882368e+02,2.999999999991788e+02,1.099105390165848e+03,3.443266567923694e+02,1,0.000000000000000e+00,0.000000000000000e+00
9.814999999967097e-05,1963,9.691368514014499e-02,1.544651986747541e+04,1.000000000000000e+00,8.000000000000000e-01,2.000000000000000e-01,1.616245559823725e-04,-7.512982179781362e-05,1.666666666666667e+00,0.000000000000000e+00,2.981500000000000e+02,3.102697009415360e+02,2.999999999991788e+02,1.098983937473039e+03,3.443500222945070e+02,1,0.000000000000000e+00,0.000000000000000e+00
9.819999999967040e-05,1964,9.694065914992013e-02,1.728936568283349e+04,1.000000000000000e+00,8.000000000000000e-01,2.000000000000000e-01,1.617078893157053e-04,-7.512982179781362e-05,1.666666666666667e+00,0.000000000000000e+00,2.981500000000000e+02,3.101827116840252e+02,2.999999999991788e+02,1.098873904319333e+03,3.443742241398952e+02,1,0.000000000000000e+00,0.000000000000000e+00
9.824999999966984e-05,1965,9.696960253442480e-02,1.926236477251324e+04,1.000000000000000e+00,8.000000000000000e-01,2.000000000000000e-01,1.617912226490382e-04,-7.512982179781362e-05,1.666666666666667e+00,0.000000000000000e+00,2.981500000000000e+02,3.100998767558112e+02,2.999999999991788e+02,1.098756034383507e+03,3.443982247992691e+02,1,0.000000000000000e+00,0.000000000000000e+00
9.829999999966927e-05,1966,9.303616140869307e-02,2.024017516026852e+04,1.000000000000000e+00,8.000000000000000e-01,2.000000000000000e-01,1.618745559823710e-04,-7.512982179781362e-05,1.666666666666667e+00,0.000000000000000e+00,2.981500000000000e+02,3.100150472830122e+02,2.999999999991788e+02,1.098640765393620e+03,3.444224440812212e+02,1,0.000000000000000e+00,0.000000000000000e+00
9.834999999966870e-05,1967,9.306247602476247e-02,1.987279744874076e+04,1.000000000000000e+00,8.000000000000000e-01,2.000000000000000e-01,1.619578893157038e-04,-7.512982179781362e-05,1.666666666666667e+00,0.000000000000000e+00,2.981500000000000e+02,3.099318531852495e+02,2.999999999991788e+02,1.098524127410445e+03,3.444481529005968e+02,1,0.000000000000000e+00,0.000000000000000e+00
9.839999999966813e-05,1968,9.308990384011001e-02,1.709420576034696e+04,1.000000000000000e+00,8.000000000000000e-01,2.000000000000000e-01,1.620412226490367e-04,-7.512982179781362e-05,1.666666666666667e+00,0.000000000000000e+00,2.981500000000000e+02,3.098548964924182e+02,2.999999999991788e+02,1.098420944875761e+03,3.444762172273299e+02,1,0.000000000000000e+00,0.000000000000000e+00
9.844999999966756e-05,1969,9.312021085095860e-02,1.321303581008000e+04,1.000000000000000e+00,8.000000000000000e-01,2.000000000000000e-01,1.621245559823695e-04,-7.512982179781362e-05,1.666666666666667e+00,0.000000000000000e+00,2.981500000000000e+02,3.097789836442395e+02,2.999999999991788e+02,1.098325172301362e+03,3.445032359371093e+02,1,0.000000000000000e+00,0.000000000000000e+00
9.849999999966700e-05,1970,9.315466813833900e-02,1.417855486443090e+04,1.000000000000000e+00,8.000000000000000e-01,2.000000000000000e-01,1.622078893157024e-04,-7.512982179781362e-05,1.666666666666667e+00,0.000000000000000e+00,2.981500000000000e+02,3.097060975572543e+02,2.999999999991788e+02,1.098229096777661e+03,3.445282155612716e+02,1,0.000000000000000e+00,0.000000000000000e+00
9.854999999966643e-05,1971,9.714498082918867e-02,1.303251346857479e+04,1.000000000000000e+00,8.000000000000000e-01,2.000000000000000e-01,1.622912226490352e-04,-7.512982179781362e-05,1.666666666666667e+00,0.000000000000000e+00,2.981500000000000e+02,3.096373812208951e+02,2.999999999991788e+02,1.098127158970586e+03,3.445520989219294e+02,1,0.000000000000000e+00,0.000000000000000e+00
9.859999999966586e-05,1972,9.718015175428499e-02,1.367441293265294e+04,1.000000000000000e+00,8.000000000000000e-01,2.000000000000000e-01,1.623745559823680e-04,-7.512982179781362e-05,1.666666666666667e+00,0.000000000000000e+00,2.981500000000000e+02,3.095718405902115e+02,2.999999999991788e+02,1.098028591700788e+03,3.445758010744751e+02,1,0.000000000000000e+00,0.000000000000000e+00
9.864999999966529e-05,1973,9.721479538969489e-02,1.363106493175591e+04,1.000000000000000e+00,8.000000000000000e-01,2.000000000000000e-01,1.624578893157009e-04,-7.512982179781362e-05,1.666666666666667e+00,0.000000000000000e+00,2.981500000000000e+02,3.095050775163203e+02,2.999999999991788e+02,1.097926297864871e+03,3.445993714781454e+02,1,0.000000000000000e+00,0.000000000000000e+00
9.869999999966472e-05,1974,9.654721156690087e-02,1.319193606119420e+04,1.000000000000000e+00,8.000000000000000e-01,2.000000000000000e-01,1.625412226490337e-04,-7.512982179781362e-05,1.666666666666667e+00,0.000000000000000e+00,2.981500000000000e+02,3.094362342671408e+02,2.999999999991788e+02,1.097819434119092e+03,3.446229797805584e+02,1,0.000000000000000e+00,0.000000000000000e+00
9.874999999966416e-05,1975,9.658466676412082e-02,1.365659953194355e+04,1.000000000000000e+00,8.000000000000000e-01,2.000000000000000e-01,1.626245559823666e-04,-7.512982179781362e-05,1.666666666666667e+00,0.000000000000000e+00,2.981500000000000e+02,3.093710237282508e+02,2.999999999991788e+02,1.097699257788783e+03,3.446464675110251e+02,1,0.000000000000000e+00,0.000000000000000e+00
9.879999999966359e-05,1976,9.661792747811192e-02,1.304133529145540e+04,1.000000000000000e+00,8.000000000000000e-01,2.000000000000000e-01,1.627078893156994e-04,-7.512982179781362e-05,1.666666666666667e+00,0.000000000000000e+00,2.981500000000000e+02,3.093075775418592e+02,2.999999999991788e+02,1.097588912094677e+03,3.446699238675221e+02,1,0.000000000000000e+00,0.000000000000000e+00
9.884999999966302e-05,1977,9.665167405187192e-02,1.479464651276269e+04,1.000000000000000e+00,8.000000000000000e-01,2.000000000000000e-01,1.627912226490322e-04,-7.512982179781362e-05,1.666666666666667e+00,0.000000000000000e+00,2.981500000000000e+02,3.092475610094476e+02,2.999999999991788e+02,1.097476263544818e+03,3.446932356034457e+02,1,0.000000000000000e+00,0.000000000000000e+00
9.889999999966245e-05,1978,9.667766392940408e-02,1.582830141685875e+04,1.000000000000000e+00,8.000000000000000e-01,2.000000000000000e-01,1.628745559823651e-04,-7.512982179781362e-05,1.666666666666667e+00,0.000000000000000e+00,2.981500000000000e+02,3.091937562699243e+02,2.999999999991788e+02,1.097349953734977e+03,3.447161622821755e+02,1,0.000000000000000e+00,0.000000000000000e+00
9.894999999966188e-05,1979,9.670030600338703e-02,1.529129553700387e+04,1.000000000000000e+00,8.000000000000000e-01,2.000000000000000e-01,1.629578893156979e-04,-7.512982179781362e-05,1.666666666666667e+00,0.000000000000000e+00,2.981500000000000e+02,3.091395441379161e+02,2.999999999991788e+02,1.097226697868108e+03,3.447392063920678e+02,1,0.000000000000000e+00,0.000000000000000e+00
9.899999999966132e-05,1980,9.742716992940308e-02,1.525540469688416e+04,1.000000000000000e+00,8.000000000000000e-01,2.000000000000000e-01,1.630412226490307e-04,-7.512982179781362e-05,1.666666666666667e+00,0.000000000000000e+00,2.981500000000000e+02,3.090883347563442e+02,2.999999999991788e+02,1.097095690248130e+03,3.447621810787356e+02,1,0.000000000000000e+00,0.000000000000000e+00
9.904999999966075e-05,1981,9.349290654400623e-02,2.155530104348396e+04,1.000000000000000e+00,8.000000000000000e-01,2.000000000000000e-01,1.631245559823636e-04,-7.512982179781362e-05,1.666666666666667e+00,0.000000000000000e+00,2.981500000000000e+02,3.095408235350097e+02,2.999999999991886e+02,1.096968843658390e+03,3.447858927790742e+02,1,0.000000000000000e+00,0.000000000000000e+00
9.909999999966018e-05,1982,9.353913991297544e-02,1.728976643076500e+04,1.000000000000000e+00,8.000000000000000e-01,2.000000000000000e-01,1.632078893156964e-04,-7.512982179781362e-05,1.666666666666667e+00,0.000000000000000e+00,2.981500000000000e+02,3.097149757991954e+02,2.999999999991886e+02,1.096855506410216e+03,3.448115904329755e+02,1,0.000000000000000e+00,0.000000000000000e+00
9.914999999965961e-05,1983,9.358437249343761e-02,1.638689669746652e+04,1.000000000000000e+00,8.000000000000000e-01,2.000000000000000e-01,1.632912226490293e-04,-7.512982179781362e-05,1.666666666666667e+00,0.000000000000000e+00,2.981500000000000e+02,3.097373396034067e+02,2.999999999991886e+02,1.096750404530583e+03,3.448379568939085e+02,1,0.000000000000000e+00,0.000000000000000e+00
9.919999999965904e-05,1984,9.362300770385126e-02,1.747168441784443e+04,1.000000000000000e+00,8.000000000000000e-01,2.000000000000000e-01,1.633745559823621e-04,-7.512982179781362e-05,1.666666666666667e+00,0.000000000000000e+00,2.981500000000000e+02,3.096726373772053e+02,2.999999999991886e+02,1.096666132012703e+03,3.448643464147647e+02,1,0.000000000000000e+00,0.000000000000000e+00
9.924999999965848e-05,1985,9.295936132485393e-02,2.033661520545153e+04,1.000000000000000e+00,8.000000000000000e-01,2.000000000000000e-01,1.634578893156949e-04,-7.512982179781362e-05,1.666666666666667e+00,0.000000000000000e+00,2.981500000000000e+02,3.095888755813558e+02,2.999999999991886e+02,1.096604042637193e+03,3.448908162226778e+02,1,0.000000000000000e+00,0.000000000000000e+00
9.929999999965791e-05,1986,9.695467538678378e-02,1.895046837578218e+04,1.000000000000000e+00,8.000000000000000e-01,2.000000000000000e-01,1.635412226490278e-04,-7.512982179781362e-05,1.666666666666667e+00,0.000000000000000e+00,2.981500000000000e+02,3.095125477628670e+02,2.999999999991886e+02,1.096557768909722e+03,3.449170439009859e+02,1,0.000000000000000e+00,0.000000000000000e+00
9.934999999965734e-05,1987,9.700432978283079e-02,1.526636981734536e+04,1.000000000000000e+00,8.000000000000000e-01,2.000000000000000e-01,1.636245559823606e-04,-7.512982179781362e-05,1.666666666666667e+00,0.000000000000000e+00,2.981500000000000e+02,3.094397059856169e+02,2.999999999991886e+02,1.096506825996282e+03,3.449425989571375e+02,1,0.000000000000000e+00,0.000000000000000e+00
9.939999999965677e-05,1988,9.704441330573128e-02,1.213300417165604e+04,1.000000000000000e+00,8.000000000000000e-01,2.000000000000000e-01,1.637078893156935e-04,-7.512982179781362e-05,1.666666666666667e+00,0.000000000000000e+00,2.981500000000000e+02,3.093672629621755e+02,2.999999999991886e+02,1.096441546333682e+03,3.449674131246570e+02,1,0.000000000000000e+00,0.000000000000000e+00
9.944999999965620e-05,1989,9.708060066526941e-02,1.422225153081539e+04,1.000000000000000e+00,8.000000000000000e-01,2.000000000000000e-01,1.637912226490263e-04,-7.512982179781362e-05,1.666666666666667e+00,0.000000000000000e+00,2.981500000000000e+02,3.093020161786723e+02,2.999999999991870e+02,1.096371878487869e+03,3.449912995686704e+02,1,0.000000000000000e+00,0.000000000000000e+00
9.949999999965564e-05,1990,9.710728339379419e-02,1.695097355947682e+04,1.000000000000000e+00,8.000000000000000e-01,2.000000000000000e-01,1.638745559823591e-04,-7.512982179781362e-05,1.666666666666667e+00,0.000000000000000e+00,2.981500000000000e+02,3.092464448162922e+02,2.999999999991870e+02,1.096296974408854e+03,3.450151595026018e+02,1,0.000000000000000e+00,0.000000000000000e+00
9.954999999965507e-05,1991,9.318752848463403e-02,1.944109933656131e+04,1.000000000000000e+00,8.000000000000000e-01,2.000000000000000e-01,1.639578893156920e-04,-7.512982179781362e-05,1.666666666666667e+00,0.000000000000000e+00,2.981500000000000e+02,3.091992394248513e+02,2.999999999991870e+02,1.096227191090141e+03,3.450393544171364e+02,1,0.000000000000000e+00,0.000000000000000e+00
9.959999999965450e-05,1992,9.320318487619045e-02,2.242708033055810e+04,1.000000000000000e+00,8.000000000000000e-01,2.000000000000000e-01,1.640412226490248e-04,-7.512982179781362e-05,1.666666666666667e+00,0.000000000000000e+00,2.981500000000000e+02,3.091551158675778e+02,2.999999999991870e+02,1.096144658270690e+03,3.450631699111755e+02,1,0.000000000000000e+00,0.000000000000000e+00
9.964999999965393e-05,1993,9.393123886277664e-02,2.363125973141458e+04,1.000000000000000e+00,8.000000000000000e-01,2.000000000000000e-01,1.641245559823576e-04,-7.512982179781362e-05,1.666666666666667e+00,0.000000000000000e+00,2.981500000000000e+02,3.091157175212606e+02,2.999999999991870e+02,1.096063843060411e+03,3.450873900976056e+02,1,0.000000000000000e+00,0.000000000000000e+00
9.969999999965336e-05,1994,9.395968614129034e-02,8.090199222270148e+04,1.000000000000000e+00,8.000000000000000e-01,2.000000000000000e-01,1.642078893156905e-04,-7.512982179781362e-05,1.666666666666667e+00,0.000000000000000e+00,2.981500000000000e+02,3.090861132550125e+02,2.999999999991870e+02,1.095995314236882e+03,3.451125874531062e+02,1,0.000000000000000e+00,0.000000000000000e+00
9.974999999965280e-05,1995,8.697259925257141e-02,1.617642609675997e+04,1.000000000000000e+00,8.000000000000000e-01,2.000000000000000e-01,1.642912226490233e-04,-7.512982179781362e-05,1.666666666666667e+00,0.000000000000000e+00,2.981500000000000e+02,3.102620618360390e+02,2.999999999991870e+02,1.095947254928845e+03,3.451177575556286e+02,1,0.000000000000000e+00,0.000000000000000e+00
9.979999999965223e-05,1996,8.632147306293314e-02,1.736019088551973e+04,1.000000000000000e+00,8.000000000000000e-01,2.000000000000000e-01,1.643745559823562e-04,-7.512982179781362e-05,1.666666666666667e+00,0.000000000000000e+00,2.981500000000000e+02,3.102673018109213e+02,2.999999999991870e+02,1.095902044140250e+03,3.451461744831081e+02,1,0.000000000000000e+00,0.000000000000000e+00
9.984999999965166e-05,1997,8.637513882607124e-02,2.131266750192870e+04,1.000000000000000e+00,8.000000000000000e-01,2.000000000000000e-01,1.644578893156890e-04,-7.512982179781362e-05,1.666666666666667e+00,0.000000000000000e+00,2.981500000000000e+02,3.101642334030196e+02,2.999999999991870e+02,1.095865049407754e+03,3.451739477278230e+02,1,0.000000000000000e+00,0.000000000000000e+00
9.989999999965109e-05,1998,9.349567153886484e-02,2.420363391260130e+04,1.000000000000000e+00,8.000000000000000e-01,2.000000000000000e-01,1.645412226490218e-04,-7.512982179781362e-05,1.666666666666667e+00,0.000000000000000e+00,2.981500000000000e+02,3.100396811823432e+02,2.999999999991870e+02,1.095824280380041e+03,3.452011449361237e+02,1,0.000000000000000e+00,0.000000000000000e+00
9.994999999965052e-05,1999,9.748698176398447e-02,1.972491828440876e+04,1.000000000000000e+00,8.000000000000000e-01,2.000000000000000e-01,1.646245559823547e-04,-7.512982179781362e-05,1.666666666666667e+00,0.000000000000000e+00,2.981500000000000e+02,3.099150413103221e+02,2.999999999991870e+02,1.095817308076481e+03,3.452284158662484e+02,1,0.000000000000000e+00,0.000000000000000e+00
