time,step,wp_Tmin,wp_Tmax,wp_Tavg,wp_umax,wp_svm_max,wp_epspl_max,wp_contact_pmax,wp_contact_count
0.000000000000000e+00,0,3.000000000000000e+02,3.000000000000000e+02,3.000000000000000e+02,0.000000000000000e+00,0.000000000000000e+00,0.000000000000000e+00,0.000000000000000e+00,0
4.999999999999994e-08,1,3.000000000000000e+02,3.000081894651172e+02,3.000000017878569e+02,8.174073576096014e-08,2.096872743230231e+08,0.000000000000000e+00,1.373673459450519e+13,1
9.999999999999973e-08,2,3.000000000000000e+02,3.000154875231898e+02,3.000000033833842e+02,1.708962601982266e-07,2.958723285812274e+08,0.000000000000000e+00,1.797864875291675e+13,1
1.500000000000003e-07,3,3.000000000000000e+02,3.000194848905530e+02,3.000000042601473e+02,2.590562317701583e-07,3.147320926251562e+08,0.000000000000000e+00,1.875569495049340e+13,1
2.000000000000014e-07,4,3.000000000000000e+02,3.000222828953141e+02,3.000000048760655e+02,3.448330383781196e-07,3.369203570658273e+08,0.000000000000000e+00,2.002774958093821e+13,1
2.500000000000019e-07,5,3.000000000000000e+02,3.000260220750023e+02,3.000000056981423e+02,4.308817439945416e-07,3.855542221027298e+08,0.000000000000000e+00,2.308846466034812e+13,1
3.000000000000004e-07,6,3.000000000000000e+02,3.000310820472166e+02,3.000000068095691e+02,5.181902414726273e-07,4.423025147555981e+08,0.000000000000000e+00,2.631557986624169e+13,1
3.499999999999989e-07,7,3.000000000000000e+02,3.000359287446358e+02,3.000000078757664e+02,6.051293752059991e-07,4.985511575247540e+08,0.000000000000000e+00,2.946466795817329e+13,1
3.999999999999973e-07,8,3.000000000000000e+02,3.000396165427321e+02,3.000000086902046e+02,6.901213014688067e-07,5.606515861819400e+08,0.000000000000000e+00,3.299615916831751e+13,1
4.499999999999958e-07,9,3.000000000000000e+02,3.000428751850014e+02,3.000000094118649e+02,7.743744146396025e-07,6.234260196995709e+08,0.000000000000000e+00,3.656692550894404e+13,1
4.999999999999967e-07,10,3.000000000000000e+02,3.000468192774414e+02,3.000000102840136e+02,8.594665590574008e-07,6.940986538266780e+08,0.000000000000000e+00,4.068528104248889e+13,1
5.500000000000005e-07,11,3.000000000000000e+02,3.000514549001400e+02,3.000000113081608e+02,9.445315641132904e-07,7.764887040112849e+08,3.982108268336209e-08,4.540713609280437e+13,1
6.000000000000042e-07,12,3.000000000000000e+02,3.000572610277943e+02,3.000000125890302e+02,1.030126921762443e-06,8.570507646804610e+08,2.634898323571984e-06,4.990648911960598e+13,1
6.500000000000080e-07,13,3.000000000000000e+02,3.000740480504462e+02,3.000000162682725e+02,1.114738009521552e-06,9.256370941623712e+08,4.122653344977613e-05,5.374774568882958e+13,1
7.000000000000117e-07,14,3.000000000000000e+02,3.001662192276141e+02,3.000000364078512e+02,1.199087734879712e-06,9.751570978967340e+08,3.032822162368609e-04,5.719870683387584e+13,1
7.500000000000155e-07,15,3.000000000000000e+02,3.004060198608900e+02,3.000000888021917e+02,1.284858465065671e-06,1.006598693208673e+09,9.797656856468607e-04,6.041653530238240e+13,1
8.000000000000192e-07,16,3.000000000000000e+02,3.007877684329538e+02,3.000001722502385e+02,1.371972786540341e-06,1.028866227284416e+09,2.036325919240713e-03,6.350374360552402e+13,1
8.500000000000230e-07,17,3.000000000000000e+02,3.012492553606720e+02,3.000002732077110e+02,1.459211443003410e-06,1.043491136455499e+09,3.295202256100428e-03,6.623181149730720e+13,1
9.000000000000267e-07,18,3.000000000000000e+02,3.017393511642763e+02,3.000003805313018e+02,1.546887858699370e-06,1.054905197114075e+09,4.618034830004948e-03,6.869162798954777e+13,1
9.500000000000305e-07,19,3.000000000000000e+02,3.022502513494639e+02,3.000004925236543e+02,1.634699326476051e-06,1.065532182485239e+09,5.984700207085506e-03,7.117915367373212e+13,1
1.000000000000034e-06,20,3.000000000000000e+02,3.028096434101227e+02,3.000006152354380e+02,1.723368245821577e-06,1.076817280206381e+09,7.466147443071687e-03,7.389235184554345e+13,1
1.050000000000038e-06,21,3.000000000000000e+02,3.034406882906633e+02,3.000007537386426e+02,1.813555973156698e-06,1.088868778758536e+09,9.120005776689080e-03,7.689376887403781e+13,1
1.100000000000042e-06,22,3.000000000000000e+02,3.041283272965276e+02,3.000009047696918e+02,1.904338465821705e-06,1.098348915636730e+09,1.090646307921655e-02,7.962962799971870e+13,1
1.150000000000046e-06,23,3.000000000000000e+02,3.048390279548211e+02,3.000010610761767e+02,1.994770759134501e-06,1.107295371321873e+09,1.274117950375473e-02,8.247335659449786e+13,1
1.200000000000049e-06,24,3.000000000000000e+02,3.055937047248829e+02,3.000012274564651e+02,2.086029013397144e-06,1.116706991690708e+09,1.467531485935509e-02,8.538919653434080e+13,1
1.250000000000053e-06,25,3.000000000000000e+02,3.063978371832051e+02,3.000014068635770e+02,2.177765081385544e-06,1.125936564258570e+09,1.672122520761115e-02,8.840363932929220e+13,1
1.300000000000057e-06,26,3.000000000000000e+02,3.072732459687223e+02,3.000016153498344e+02,2.270531282509635e-06,1.135947842072409e+09,1.893062498052242e-02,9.148746923255958e+13,1
1.350000000000061e-06,27,3.000000000000000e+02,3.081637338964896e+02,3.000018632947169e+02,2.364602831421896e-06,1.133984888262115e+09,2.116562443971739e-02,9.253802714836723e+13,2
1.400000000000064e-06,28,3.000000000000000e+02,3.086913339991133e+02,3.000020711433936e+02,2.458497831352918e-06,1.124261024474708e+09,2.250551808521144e-02,9.129680680700544e+13,2
1.450000000000068e-06,29,3.000000000000000e+02,3.090052238401200e+02,3.000022451648042e+02,2.549732275480780e-06,1.114013929133284e+09,2.331946263148691e-02,8.995136076131775e+13,2
1.500000000000072e-06,30,3.000000000000000e+02,3.092480456731781e+02,3.000024026543334e+02,2.638298877089994e-06,1.113307562034688e+09,2.395839655372755e-02,8.953597560526641e+13,2
1.550000000000076e-06,31,3.000000000000000e+02,3.094912042163278e+02,3.000025661231978e+02,2.727417819621196e-06,1.116291576420741e+09,2.459697566630448e-02,8.944517761498106e+13,2
1.600000000000079e-06,32,3.000000000000000e+02,3.097422421055683e+02,3.000027378946284e+02,2.817723785983525e-06,1.118701155398773e+09,2.525257578229313e-02,8.922384446185012e+13,2
1.650000000000083e-06,33,3.000000000000000e+02,3.100079928596838e+02,3.000029233930084e+02,2.908310076432552e-06,1.122886549670512e+09,2.594403269346738e-02,8.908584334796188e+13,2
1.700000000000087e-06,34,3.000000000000000e+02,3.103069150232566e+02,3.000031324664488e+02,2.998343397830392e-06,1.129152671944297e+09,2.671740359022656e-02,8.912294231575216e+13,2
1.750000000000091e-06,35,3.000000000000000e+02,3.106541428630843e+02,3.000033722357526e+02,3.089026869094965e-06,1.135293692442107e+09,2.760847970917642e-02,8.912079659962934e+13,2
1.800000000000094e-06,36,3.000000000000000e+02,3.110556746194692e+02,3.000036493324283e+02,3.181359022200289e-06,1.142392131268782e+09,2.862930365160007e-02,8.909184900558281e+13,2
1.850000000000098e-06,37,3.000000000000000e+02,3.115247931783533e+02,3.000039673115123e+02,3.274755102369845e-06,1.148830890820613e+09,2.981082471697967e-02,8.896471428822570e+13,2
1.900000000000102e-06,38,3.000000000000000e+02,3.120214411855747e+02,3.000043024968226e+02,3.369960314354240e-06,1.151795151646587e+09,3.105382721647302e-02,8.846216195483045e+13,2
1.950000000000088e-06,39,3.000000000000000e+02,3.125109799469500e+02,3.000046424912672e+02,3.466111182774576e-06,1.154080222936840e+09,3.227528712532029e-02,8.781991931425692e+13,2
2.000000000000070e-06,40,3.000000000000000e+02,3.130042732187032e+02,3.000049936420392e+02,3.561264493275978e-06,1.157826383519082e+09,3.350349306963669e-02,8.960116040435162e+13,2
2.050000000000053e-06,41,3.000000000000000e+02,3.135365638062208e+02,3.000053700500820e+02,3.656312536633716e-06,1.163527322720589e+09,3.482163034621759e-02,9.629113062957216e+13,2
2.100000000000035e-06,42,3.000000000000000e+02,3.141023023873143e+02,3.000057649464479e+02,3.751535815909980e-06,1.167494630504381e+09,3.621750076070998e-02,1.030363293533542e+14,2
2.150000000000018e-06,43,3.000000000000000e+02,3.146721829260533e+02,3.000061642725487e+02,3.846894644196768e-06,1.169875954236655e+09,3.762145987208327e-02,1.092918470705642e+14,2
2.200000000000001e-06,44,3.000000000000000e+02,3.152208126192054e+02,3.000065544768124e+02,3.941174782593219e-06,1.171639753986023e+09,3.897397605311870e-02,1.151568292438853e+14,2
2.249999999999983e-06,45,3.000000000000000e+02,3.157642664678694e+02,3.000069476164778e+02,4.035106370914523e-06,1.174885820452696e+09,4.031154841321708e-02,1.210702008882533e+14,2
2.299999999999966e-06,46,3.000000000000000e+02,3.163285680832306e+02,3.000073612714917e+02,4.129660518853005e-06,1.179066223304919e+09,4.169328093052237e-02,1.273005333475122e+14,2
2.349999999999948e-06,47,3.000000000000000e+02,3.169288679140232e+02,3.000078157915912e+02,4.226122632360813e-06,1.183626021154849e+09,4.315288171244848e-02,1.336387920555006e+14,2
2.399999999999931e-06,48,2.999999999999924e+02,3.175663184299213e+02,3.000082960026417e+02,4.324750990363658e-06,1.188105694174108e+09,4.469286465395858e-02,1.398603618722836e+14,2
2.449999999999913e-06,49,2.999999999999920e+02,3.182390839928678e+02,3.000088207731669e+02,4.423705956405819e-06,1.191179690361859e+09,4.631110691902827e-02,1.459376567369439e+14,3
2.499999999999896e-06,50,2.999999999999928e+02,3.187328244641578e+02,3.000092914556062e+02,4.518537138351030e-06,1.177558313205556e+09,4.751753465010044e-02,1.478188426587614e+14,3
2.549999999999879e-06,51,2.999999999999928e+02,3.190652583678725e+02,3.000096819267101e+02,4.608849586894773e-06,1.172295116079787e+09,4.834926366638954e-02,1.499460288379108e+14,3
2.599999999999861e-06,52,2.999999999999928e+02,3.193460545035483e+02,3.000100425468512e+02,4.697216370000569e-06,1.170077967305086e+09,4.905926274193786e-02,1.521727413145323e+14,3
2.649999999999844e-06,53,2.999999999999928e+02,3.196032681865303e+02,3.000103874878097e+02,4.785093127616696e-06,1.169557887018497e+09,4.971203932071287e-02,1.543327758583114e+14,3
2.699999999999826e-06,54,2.999999999999928e+02,3.198451226714039e+02,3.000107218188974e+02,4.874388458963177e-06,1.168482664584945e+09,5.032697696891875e-02,1.562873353399906e+14,3
2.749999999999809e-06,55,2.999999999999928e+02,3.200699984850746e+02,3.000110582791440e+02,4.963524426973936e-06,1.167350544147327e+09,5.090076979830614e-02,1.579125500102589e+14,3
2.799999999999792e-06,56,2.999999999999928e+02,3.202804174309755e+02,3.000114216245939e+02,5.051112608001502e-06,1.166935365358411e+09,5.144055788592296e-02,1.594308748400650e+14,3
2.849999999999774e-06,57,2.999999999999928e+02,3.204869803577763e+02,3.000118192139445e+02,5.137772643842255e-06,1.167977817802830e+09,5.197124308025013e-02,1.609486756237963e+14,3
2.899999999999757e-06,58,2.999999999999928e+02,3.207024451690042e+02,3.000122600393507e+02,5.225165438612967e-06,1.170976983741130e+09,5.252091368300617e-02,1.626045144817083e+14,3
2.949999999999739e-06,59,2.999999999999928e+02,3.209430502646766e+02,3.000127671290487e+02,5.314445790102611e-06,1.175718502593620e+09,5.312657978154110e-02,1.646908293203866e+14,3
2.999999999999722e-06,60,2.999999999999928e+02,3.212211368073066e+02,3.000133658974991e+02,5.406592912026813e-06,1.180889309765236e+09,5.381495108596778e-02,1.668266751040452e+14,3
3.049999999999704e-06,61,2.999999999999928e+02,3.215372626448664e+02,3.000140799349999e+02,5.500082854097161e-06,1.185414258327289e+09,5.458820415558257e-02,1.686101286616603e+14,3
3.099999999999687e-06,62,2.999999999999928e+02,3.218874243065970e+02,3.000149203215408e+02,5.593949099871139e-06,1.191006625062281e+09,5.543798130389487e-02,1.699675459648842e+14,3
3.149999999999670e-06,63,2.999999999999928e+02,3.222561795448532e+02,3.000158985119559e+02,5.689493981710924e-06,1.198162191128141e+09,5.632636000069267e-02,1.705876273228449e+14,3
3.199999999999652e-06,64,2.999999999999928e+02,3.226222671411656e+02,3.000169720822414e+02,5.787125462019693e-06,1.203478733871809e+09,5.720385221865854e-02,1.704093564411625e+14,3
3.249999999999635e-06,65,2.999999999999928e+02,3.229663542529622e+02,3.000180872748662e+02,5.886194686841044e-06,1.208125590343433e+09,5.802664505127684e-02,1.698066614041806e+14,3
3.299999999999617e-06,66,2.999999999999928e+02,3.232919772698912e+02,3.000192344062972e+02,5.985948441047163e-06,1.212950515272558e+09,5.880402289842283e-02,1.690014415989089e+14,3
3.349999999999600e-06,67,2.999999999999928e+02,3.236064046273597e+02,3.000204131275262e+02,6.085140969709605e-06,1.217893227214180e+09,5.955376132730964e-02,1.681065277282291e+14,3
3.399999999999582e-06,68,2.999999999999928e+02,3.239132790478279e+02,3.000216122416015e+02,6.183878336326228e-06,1.219526645315828e+09,6.028394984289687e-02,1.663785004163055e+14,4
3.449999999999565e-06,69,2.999999999999928e+02,3.241533241687695e+02,3.000225491745610e+02,6.278153564954384e-06,1.210130325960464e+09,6.086662558071059e-02,1.639271858359890e+14,4
3.499999999999548e-06,70,2.999999999999928e+02,3.243120757722078e+02,3.000232841921222e+02,6.369352642849848e-06,1.205208357004744e+09,6.126371245832626e-02,1.624922101047752e+14,4
3.549999999999530e-06,71,2.999999999999928e+02,3.244402897291664e+02,3.000239578381392e+02,6.458949551214265e-06,1.204096264132525e+09,6.158965956327025e-02,1.617344902459269e+14,4
3.599999999999513e-06,72,2.999999999999928e+02,3.245530932920626e+02,3.000246197499214e+02,6.548195426466479e-06,1.204438140276826e+09,6.187711743867938e-02,1.625386570894945e+14,4
3.649999999999495e-06,73,2.999999999999928e+02,3.247196182089237e+02,3.000252850047894e+02,6.637178192134883e-06,1.203583486925943e+09,6.215412151816713e-02,1.655922141098370e+14,4
3.699999999999478e-06,74,2.999999999999930e+02,3.251396566940857e+02,3.000259973226783e+02,6.725936180662568e-06,1.207155212993802e+09,6.318813602191643e-02,1.687372968283178e+14,4
3.749999999999461e-06,75,2.999999999999986e+02,3.255851941768314e+02,3.000268040506690e+02,6.815908203067604e-06,1.210051366907736e+09,6.428358951775226e-02,1.718336249957038e+14,4
3.799999999999443e-06,76,3.000000000000000e+02,3.260318219754252e+02,3.000277241111613e+02,6.907147982782463e-06,1.210895742105467e+09,6.538062364588625e-02,1.742619253642919e+14,4
3.849999999999456e-06,77,3.000000000000000e+02,3.264778271749118e+02,3.000288415572589e+02,7.000299299892632e-06,1.213096733271960e+09,6.647280383241919e-02,1.765374800352939e+14,4
3.899999999999481e-06,78,3.000000000000000e+02,3.269349081789548e+02,3.000301489943744e+02,7.095571279064530e-06,1.214809305751102e+09,6.758570342377808e-02,1.780815168039404e+14,4
3.949999999999506e-06,79,3.000000000000000e+02,3.273878530584726e+02,3.000315648471265e+02,7.192770565807016e-06,1.215427599366261e+09,6.868429100793273e-02,1.790833516092134e+14,4
3.999999999999531e-06,80,3.000000000000000e+02,3.278256483768883e+02,3.000330422412113e+02,7.290446357114456e-06,1.215899966767478e+09,6.974449598417425e-02,1.796651106530500e+14,4
4.049999999999555e-06,81,3.000000000000000e+02,3.282587058563892e+02,3.000346039615164e+02,7.388576613335143e-06,1.217438500236677e+09,7.079076446083572e-02,1.803082581023893e+14,4
4.099999999999580e-06,82,3.000000000000000e+02,3.286988370729908e+02,3.000362792716185e+02,7.487894319971576e-06,1.219519596616101e+09,7.185048441411719e-02,1.807878145053491e+14,4
4.149999999999605e-06,83,3.000000000000000e+02,3.291481321002949e+02,3.000380775346797e+02,7.587251794950581e-06,1.221373547362636e+09,7.292941680224525e-02,1.810025743950572e+14,4
4.199999999999630e-06,84,3.000000000000000e+02,3.296053649415645e+02,3.000399887764609e+02,7.686615032102586e-06,1.222643961944136e+09,7.402433003318552e-02,1.808591286328774e+14,5
4.249999999999655e-06,85,3.000000000000000e+02,3.300099944316468e+02,3.000416643612799e+02,7.782527035296748e-06,1.215590267952934e+09,7.500283845244965e-02,1.792595640960449e+14,5
4.299999999999680e-06,86,3.000000000000000e+02,3.303004101364971e+02,3.000430634230975e+02,7.875624033363098e-06,1.208412645675444e+09,7.572472027795521e-02,1.785798253720487e+14,5
4.349999999999705e-06,87,3.000000000000000e+02,3.305360423096992e+02,3.000443759476673e+02,7.967446436391966e-06,1.204581203364463e+09,7.632246525601850e-02,1.781677175657362e+14,5
4.399999999999730e-06,88,3.000000000000000e+02,3.307402705835234e+02,3.000456615281073e+02,8.058957664563808e-06,1.201435512146044e+09,7.684675927267465e-02,1.778198904174027e+14,5
4.449999999999755e-06,89,3.000000000000000e+02,3.309226179046302e+02,3.000469404538465e+02,8.149966069820198e-06,1.199346006972609e+09,7.731988477016428e-02,1.774181049413431e+14,5
4.499999999999780e-06,90,3.000000000000000e+02,3.310917778467424e+02,3.000482216033263e+02,8.238347808798245e-06,1.198913616077880e+09,7.776477718501108e-02,1.771632111081502e+14,5
4.549999999999805e-06,91,3.000000000000000e+02,3.312564591666145e+02,3.000495610398034e+02,8.326097461482628e-06,1.198567533740682e+09,7.820030808287479e-02,1.771052747902705e+14,5
4.599999999999830e-06,92,3.000000000000000e+02,3.314176671873411e+02,3.000510294257917e+02,8.414546581927203e-06,1.199005959116986e+09,7.862508889771151e-02,1.775511930205969e+14,5
4.649999999999855e-06,93,3.000000000000000e+02,3.315901260829177e+02,3.000527341540638e+02,8.505004217412565e-06,1.202385176405595e+09,7.907211057796446e-02,1.785135116864365e+14,5
4.699999999999880e-06,94,3.000000000000000e+02,3.317801194020845e+02,3.000547034236497e+02,8.597921707813696e-06,1.204876265454505e+09,7.955509815533350e-02,1.792467172002222e+14,5
4.749999999999905e-06,95,3.000000000000000e+02,3.319835269613973e+02,3.000568978845989e+02,8.692155370288769e-06,1.207531558091416e+09,8.006525325997081e-02,1.797887617010040e+14,5
4.799999999999929e-06,96,3.000000000000000e+02,3.322027673515936e+02,3.000593109446377e+02,8.787528447095416e-06,1.209836261469853e+09,8.060834204242372e-02,1.801820181305109e+14,5
4.849999999999954e-06,97,3.000000000000000e+02,3.324339283058265e+02,3.000618694527761e+02,8.883496933398513e-06,1.211786567987862e+09,8.117591949513243e-02,1.805210638196306e+14,5
4.899999999999979e-06,98,3.000000000000000e+02,3.326744682437900e+02,3.000645400020844e+02,8.980530892776208e-06,1.213567365104550e+09,8.176257058098496e-02,1.809316031219992e+14,6
4.950000000000004e-06,99,3.000000000000000e+02,3.329124949496673e+02,3.000670114793757e+02,9.075055375072222e-06,1.210817330300291e+09,8.234803479867797e-02,1.795024581218582e+14,6
5.000000000000029e-06,100,3.000000000000000e+02,3.331018842657845e+02,3.000690811992844e+02,9.165671487236990e-06,1.204976147104401e+09,8.282905831450502e-02,1.781856505714224e+14,6
5.050000000000054e-06,101,3.000000000000000e+02,3.332585213998907e+02,3.000709301319220e+02,9.253040924208410e-06,1.201182609316570e+09,8.323792891567419e-02,1.772327822993278e+14,6
5.100000000000079e-06,102,3.000000000000000e+02,3.333969791887699e+02,3.000726527532103e+02,9.338265621925662e-06,1.199032184731099e+09,8.360634382273371e-02,1.766269714557592e+14,6
5.150000000000104e-06,103,3.000000000000000e+02,3.335259855355793e+02,3.000743195384312e+02,9.424190519258716e-06,1.198303412763344e+09,8.395323049784389e-02,1.763042631451801e+14,6
5.200000000000129e-06,104,3.000000000000000e+02,3.336511569419718e+02,3.000759799831071e+02,9.510012810676433e-06,1.198343314021209e+09,8.429193832789038e-02,1.759989049821191e+14,6
5.250000000000154e-06,105,3.000000000000000e+02,3.337767270658373e+02,3.000776973761155e+02,9.596724855071939e-06,1.198755302230349e+09,8.463063284621193e-02,1.759958289199139e+14,6
5.300000000000179e-06,106,3.000000000000000e+02,3.339029012354121e+02,3.000795667291464e+02,9.685575316769706e-06,1.199351338444523e+09,8.496733400095244e-02,1.761043816299507e+14,6
5.350000000000204e-06,107,3.000000000000000e+02,3.340393522847980e+02,3.000817290174495e+02,9.775962386888408e-06,1.203302197636742e+09,8.532498608846227e-02,1.765208026884510e+14,6
5.400000000000229e-06,108,3.000000000000000e+02,3.341980541939823e+02,3.000842825746159e+02,9.867928943354264e-06,1.207983660254464e+09,8.573209360590724e-02,1.769415869970256e+14,6
5.450000000000254e-06,109,3.000000000000000e+02,3.343814022363999e+02,3.000872204028273e+02,9.962051068776920e-06,1.212414877451436e+09,8.619323216890520e-02,1.771360721582619e+14,6
5.500000000000279e-06,110,3.000000000000000e+02,3.345877821318959e+02,3.000904893715045e+02,1.005855403638785e-05,1.215542494784142e+09,8.670392790521099e-02,1.771300840737323e+14,6
5.550000000000303e-06,111,3.000000000000000e+02,3.348110342150723e+02,3.000939727979249e+02,1.015616433652843e-05,1.218133938845483e+09,8.724957683604147e-02,1.774324614734795e+14,6
5.600000000000328e-06,112,3.000000000000000e+02,3.350478015155293e+02,3.000974974185594e+02,1.025492036315442e-05,1.220215016083680e+09,8.782306836304825e-02,1.767204198093221e+14,7
5.650000000000353e-06,113,3.000000000000000e+02,3.352757632068197e+02,3.001004897299330e+02,1.034883958147056e-05,1.217517375049260e+09,8.838597520703077e-02,1.750808456712111e+14,7
5.700000000000378e-06,114,3.000000000000000e+02,3.354762493122038e+02,3.001030807943140e+02,1.044122274804564e-05,1.215076740571245e+09,8.889138618726343e-02,1.739414093264700e+14,7
5.750000000000403e-06,115,3.000000000000000e+02,3.356549790775134e+02,3.001054300926481e+02,1.053245295768390e-05,1.211926592026119e+09,8.934897774361054e-02,1.733638056275839e+14,7
5.800000000000428e-06,116,3.000000000000000e+02,3.358151157730140e+02,3.001076448413933e+02,1.062344139039095e-05,1.210081928143960e+09,8.976374842984863e-02,1.733575947845479e+14,7
5.850000000000453e-06,117,3.000000000000000e+02,3.359664614182758e+02,3.001098685025303e+02,1.071354645083044e-05,1.210053097556415e+09,9.015931849839871e-02,1.734466232176581e+14,7
5.900000000000478e-06,118,3.000000000000000e+02,3.361205803050267e+02,3.001122230796360e+02,1.080171254850762e-05,1.211804888216242e+09,9.056331938638831e-02,1.738415425505986e+14,7
5.950000000000503e-06,119,3.000000000000000e+02,3.362824593004627e+02,3.001148391655238e+02,1.089099886954954e-05,1.213437712033294e+09,9.098443825650286e-02,1.747068348702428e+14,7
6.000000000000528e-06,120,3.000000000000000e+02,3.364497102668598e+02,3.001177691361360e+02,1.098250577066087e-05,1.214539772259537e+09,9.141358451137460e-02,1.755589465275224e+14,7
6.050000000000553e-06,121,3.000000000000000e+02,3.366283630057756e+02,3.001210229062019e+02,1.107701163387774e-05,1.216926734866952e+09,9.186464871434025e-02,1.765947663008876e+14,7
6.100000000000578e-06,122,3.000000000000000e+02,3.368161047602708e+02,3.001246089166588e+02,1.117426942498370e-05,1.218447473751435e+09,9.233196414673113e-02,1.774303245218813e+14,7
6.150000000000603e-06,123,3.000000000000000e+02,3.370150701330166e+02,3.001285274091907e+02,1.127253831688409e-05,1.220581801959497e+09,9.282277273384686e-02,1.782377872208386e+14,7
6.200000000000628e-06,124,3.000000000000000e+02,3.372232697274904e+02,3.001327372669136e+02,1.137091974741222e-05,1.222249597824944e+09,9.333389368604987e-02,1.789777276382690e+14,8
6.250000000000653e-06,125,3.000000000000000e+02,3.374393243554381e+02,3.001368266860283e+02,1.146845531975554e-05,1.223025479385379e+09,9.386554797204615e-02,1.780017605877412e+14,8
6.300000000000677e-06,126,3.000000000000000e+02,3.376360753547530e+02,3.001404806598153e+02,1.156322841432396e-05,1.220100516051059e+09,9.436053920143624e-02,1.769981306487125e+14,8
6.350000000000702e-06,127,3.000000000000000e+02,3.378093831372472e+02,3.001438050493757e+02,1.165565813669024e-05,1.216894917005894e+09,9.480588036062432e-02,1.760571701290274e+14,8
6.400000000000727e-06,128,3.000000000000000e+02,3.379587247340651e+02,3.001468063542805e+02,1.174571621184852e-05,1.213146852204642e+09,9.519809437301652e-02,1.752230726035699e+14,8
6.450000000000752e-06,129,2.999999999998516e+02,3.380874707680754e+02,3.001496083022925e+02,1.183448399221997e-05,1.209715264167982e+09,9.554386088602292e-02,1.744565216065884e+14,8
6.500000000000777e-06,130,2.999999999998516e+02,3.382035616771926e+02,3.001523292041247e+02,1.192127421391699e-05,1.208705059274670e+09,9.586223694676438e-02,1.741789645739036e+14,8
6.550000000000802e-06,131,2.999999999998516e+02,3.383158340603659e+02,3.001551673701328e+02,1.200805194851541e-05,1.208007423360750e+09,9.617184178725148e-02,1.747163309408417e+14,8
6.600000000000827e-06,132,2.999999999998516e+02,3.384262089568930e+02,3.001582898214953e+02,1.209531864855964e-05,1.208541331140686e+09,9.647576906909525e-02,1.760241837036662e+14,8
6.650000000000852e-06,133,2.999999999998516e+02,3.385428255038316e+02,3.001619025938565e+02,1.218464425811405e-05,1.210691547561011e+09,9.679191332611572e-02,1.773699997354774e+14,8
6.700000000000877e-06,134,2.999999999998450e+02,3.386681079497093e+02,3.001659880333426e+02,1.227577372998138e-05,1.212607918536268e+09,9.712558954128550e-02,1.781128507178211e+14,8
6.750000000000902e-06,135,2.999999999998450e+02,3.387999831756970e+02,3.001704515890683e+02,1.236899835408574e-05,1.213998677042866e+09,9.747129194914353e-02,1.791903053414092e+14,8
6.800000000000927e-06,136,2.999999999998450e+02,3.389379274864397e+02,3.001752375999762e+02,1.246403226847622e-05,1.215228120053205e+09,9.782787545145250e-02,1.801234806936002e+14,8
6.850000000000952e-06,137,2.999999999998450e+02,3.390800314412199e+02,3.001801185508811e+02,1.255962387018346e-05,1.216723846425297e+09,9.819254019780044e-02,1.799950905074855e+14,9
6.900000000000977e-06,138,2.999999999998450e+02,3.392181705222576e+02,3.001845526401382e+02,1.265187567944883e-05,1.214826011958631e+09,9.855561256482685e-02,1.790282184953407e+14,9
6.950000000001002e-06,139,2.999999999998450e+02,3.393426448736559e+02,3.001886030590174e+02,1.274102254892397e-05,1.212863245184698e+09,9.889206099356439e-02,1.782322686920631e+14,9
7.000000000001026e-06,140,2.999999999998450e+02,3.394505535481889e+02,3.001923402400693e+02,1.282780191620761e-05,1.208906122156728e+09,9.919186796121668e-02,1.776014036895412e+14,9
7.050000000001051e-06,141,2.999999999998450e+02,3.395364149413233e+02,3.001958240667247e+02,1.291362917329181e-05,1.205551727653687e+09,9.944199852392692e-02,1.770448403025627e+14,9
7.100000000001076e-06,142,2.999999999998450e+02,3.396093000053389e+02,3.001991961044180e+02,1.299826627239012e-05,1.203230050273063e+09,9.966480490087742e-02,1.768054619621311e+14,9
7.150000000001101e-06,143,2.999999999998450e+02,3.396755617478406e+02,3.002025620511916e+02,1.308118611948719e-05,1.201887134535004e+09,9.987313047064167e-02,1.767673142637790e+14,9
7.200000000001126e-06,144,2.999999999998450e+02,3.397394942325965e+02,3.002061244462655e+02,1.316516270442737e-05,1.201140284405324e+09,1.000745970316213e-01,1.770339842373077e+14,9
7.250000000001151e-06,145,2.999999999998450e+02,3.398035010079988e+02,3.002101377665647e+02,1.325116361380324e-05,1.201281921181597e+09,1.002731722232834e-01,1.774803839402096e+14,9
7.300000000001176e-06,146,2.999999999998477e+02,3.398694905041659e+02,3.002146315106414e+02,1.333802771299543e-05,1.202819932647578e+09,1.004748204027627e-01,1.780371846958399e+14,9
7.350000000001201e-06,147,2.999999999998477e+02,3.399402987534363e+02,3.002196391933887e+02,1.342773431197365e-05,1.204251502016054e+09,1.006859462566389e-01,1.782271913429808e+14,9
7.400000000001226e-06,148,2.999999999998477e+02,3.400151122528882e+02,3.002250476356946e+02,1.351875535999185e-05,1.205430971692188e+09,1.009037306599986e-01,1.782050797842988e+14,9
7.450000000001251e-06,149,2.999999999998477e+02,3.400932852289535e+02,3.002306472119803e+02,1.361095167908349e-05,1.206611078715409e+09,1.011270211682311e-01,1.777702836986306e+14,10
7.500000000001276e-06,150,2.999999999998477e+02,3.401711541406228e+02,3.002359264150579e+02,1.370185610679865e-05,1.205589338607675e+09,1.013541790244470e-01,1.765039245343360e+14,10
7.550000000001301e-06,151,2.999999999998477e+02,3.402408207089419e+02,3.002408122163445e+02,1.378979639658655e-05,1.204207665320430e+09,1.015665933258108e-01,1.755806785923317e+14,10
7.600000000001326e-06,152,2.999999999998477e+02,3.403048444437792e+02,3.002454760560788e+02,1.387705233594101e-05,1.201409726779691e+09,1.017674828359069e-01,1.748090489918809e+14,10
7.650000000001316e-06,153,2.999999999998477e+02,3.403597359975678e+02,3.002499013492283e+02,1.396443930655577e-05,1.197861783431732e+09,1.019472732744864e-01,1.742733755383686e+14,10
7.700000000001256e-06,154,2.999999999998477e+02,3.404057886984737e+02,3.002541448036427e+02,1.405162429191541e-05,1.194575747977701e+09,1.021083115398636e-01,1.738712658218135e+14,10
7.750000000001196e-06,155,2.999999999998477e+02,3.404442575807959e+02,3.002582915168136e+02,1.413749085392578e-05,1.191085521517582e+09,1.022525214468958e-01,1.734338482963654e+14,10
7.800000000001137e-06,156,2.999999999998477e+02,3.404779404177957e+02,3.002623480714788e+02,1.422314793815692e-05,1.189034480361281e+09,1.023840247855005e-01,1.736702813026810e+14,10
7.850000000001077e-06,157,2.999999999998477e+02,3.405109260112121e+02,3.002664678709320e+02,1.430982862245506e-05,1.189512567404781e+09,1.025115381658074e-01,1.738138535260355e+14,10
7.900000000001017e-06,158,2.999999999998477e+02,3.405450686997302e+02,3.002712728991765e+02,1.439742357159582e-05,1.189634529754556e+09,1.026411956691375e-01,1.745805858486688e+14,10
7.950000000000957e-06,159,2.999999999998477e+02,3.405788157992258e+02,3.002767138041847e+02,1.448543670571201e-05,1.190038256623253e+09,1.027707266558811e-01,1.748686384557866e+14,10
8.000000000000897e-06,160,2.999999999998477e+02,3.406138367807224e+02,3.002823119099304e+02,1.457468027808970e-05,1.190783677280785e+09,1.029022243776708e-01,1.765393203225110e+14,10
8.050000000000838e-06,161,2.999999999998477e+02,3.406484333793736e+02,3.002878465669385e+02,1.466443878665395e-05,1.190193578154471e+09,1.030316893305017e-01,1.752996945805913e+14,11
8.100000000000778e-06,162,2.999999999998477e+02,3.406790210569922e+02,3.002926484242498e+02,1.475370797783481e-05,1.186074056995066e+09,1.031543732818087e-01,1.747347231931818e+14,11
8.150000000000718e-06,163,2.999999999996877e+02,3.407003986430265e+02,3.002970313642122e+02,1.484271692311730e-05,1.179181238927955e+09,1.032578621617865e-01,1.741048915527168e+14,11
8.200000000000658e-06,164,2.999999999996877e+02,3.407122158629456e+02,3.003011163802399e+02,1.493381875011367e-05,1.182827992604386e+09,1.033362602480959e-01,1.735607618949436e+14,11
8.250000000000599e-06,165,2.999999999996877e+02,3.407247727675290e+02,3.003054443854190e+02,1.502554380242436e-05,1.183352319939883e+09,1.034140094325422e-01,1.740357207169509e+14,11
8.300000000000539e-06,166,2.999999999996877e+02,3.407355186182457e+02,3.003099630254380e+02,1.511429740922323e-05,1.185713713635967e+09,1.034927298415917e-01,1.739832522643101e+14,11
8.350000000000479e-06,167,2.999999999996877e+02,3.407458387987514e+02,3.003146389385169e+02,1.519713612721094e-05,1.187929583696143e+09,1.035760738257082e-01,1.732569088930531e+14,11
8.400000000000419e-06,168,2.999999999996877e+02,3.407563520624556e+02,3.003195072429205e+02,1.527851282047077e-05,1.190301328883769e+09,1.036597089017104e-01,1.736412583409239e+14,11
8.450000000000360e-06,169,2.999999999996877e+02,3.407683407895266e+02,3.003248701767501e+02,1.536341523016110e-05,1.194552029834742e+09,1.037417389299552e-01,1.740539813619305e+14,11
8.500000000000300e-06,170,2.999999999996877e+02,3.407825061022207e+02,3.003310013558806e+02,1.544997267202532e-05,1.200839193969430e+09,1.038256164231822e-01,1.748367981372698e+14,11
8.550000000000240e-06,171,2.999999999996877e+02,3.408028723171755e+02,3.003378954386086e+02,1.553755250863605e-05,1.204818726616164e+09,1.039217271898115e-01,1.751191922142451e+14,11
8.600000000000180e-06,172,2.999999999996877e+02,3.408267541189821e+02,3.003452086660212e+02,1.562643844490211e-05,1.208002697152235e+09,1.040241332576448e-01,1.750058520424717e+14,11
8.650000000000120e-06,173,2.999999999996877e+02,3.408534767704247e+02,3.003525998890274e+02,1.571541865342674e-05,1.209901085172908e+09,1.041322641531828e-01,1.745269448842596e+14,12
8.700000000000061e-06,174,2.999999999996877e+02,3.408822447628661e+02,3.003595568785134e+02,1.580255812801352e-05,1.209462419813246e+09,1.042508187795856e-01,1.733703732856218e+14,12
8.750000000000001e-06,175,2.999999999996877e+02,3.409090973968594e+02,3.003660714480054e+02,1.588949206869889e-05,1.208722344012207e+09,1.043676048667488e-01,1.724786694014573e+14,12
8.799999999999941e-06,176,2.999999999996877e+02,3.409323995414512e+02,3.003722208504217e+02,1.597634310927975e-05,1.207317534207714e+09,1.044769142255829e-01,1.721018348437376e+14,12
8.849999999999881e-06,177,2.999999999996817e+02,3.409516555175611e+02,3.003780444768238e+02,1.606254415624886e-05,1.206496023435187e+09,1.045768671931813e-01,1.714734946028858e+14,12
8.899999999999822e-06,178,2.999999999996817e+02,3.409639842454467e+02,3.003835001137933e+02,1.614675699134999e-05,1.205588450757453e+09,1.046613101352882e-01,1.707959090531181e+14,12
8.949999999999762e-06,179,2.999999999996817e+02,3.409728431855155e+02,3.003888249316054e+02,1.623079266865874e-05,1.207557702701524e+09,1.047372972947329e-01,1.706556671055448e+14,12
8.999999999999702e-06,180,2.999999999996817e+02,3.409822660045572e+02,3.003944155758472e+02,1.631556054255656e-05,1.211388069772582e+09,1.048124028411583e-01,1.708484733897205e+14,12
9.049999999999642e-06,181,2.999999999996817e+02,3.409944963897734e+02,3.004006051349277e+02,1.640052949722278e-05,1.216036311638535e+09,1.048924977393719e-01,1.704255745313445e+14,12
9.099999999999583e-06,182,2.999999999996717e+02,3.410088930003580e+02,3.004074803964548e+02,1.648576061920156e-05,1.220691209266070e+09,1.049777671498240e-01,1.706376690343428e+14,12
9.149999999999523e-06,183,2.999999999996717e+02,3.410257395224488e+02,3.004148647939518e+02,1.657015520660017e-05,1.223691009079399e+09,1.050677445432162e-01,1.708587010201802e+14,13
9.199999999999463e-06,184,2.999999999996717e+02,3.410474550247693e+02,3.004223874075153e+02,1.665376056651673e-05,1.224888331877119e+09,1.051681195144483e-01,1.711254936219900e+14,13
9.249999999999403e-06,185,2.999999999996861e+02,3.410733878630060e+02,3.004297590228435e+02,1.673604126936549e-05,1.224675804098178e+09,1.052812273485379e-01,1.711802205685912e+14,13
9.299999999999343e-06,186,2.999999999996475e+02,3.410995222783888e+02,3.004367431971805e+02,1.681673835964584e-05,1.223025234182760e+09,1.053967995050636e-01,1.711111670148451e+14,13
9.349999999999284e-06,187,2.999999999996475e+02,3.411250326872666e+02,3.004433295943680e+02,1.689733327759388e-05,1.221846995339605e+09,1.055116253108764e-01,1.710217070244698e+14,13
9.399999999999224e-06,188,2.999999999996475e+02,3.411508583342608e+02,3.004496262977996e+02,1.697833310893053e-05,1.220377253425338e+09,1.056273623833573e-01,1.709657431232009e+14,13
9.449999999999164e-06,189,2.999999999996475e+02,3.411753747214884e+02,3.004555926532563e+02,1.705883487072789e-05,1.218956167353891e+09,1.057407446961312e-01,1.706067253280421e+14,13
9.499999999999104e-06,190,2.999999999996475e+02,3.411951837563233e+02,3.004614052042627e+02,1.713978902317077e-05,1.219692737868076e+09,1.058447533630689e-01,1.703022234968297e+14,13
9.549999999999045e-06,191,2.999999999996475e+02,3.412132826094770e+02,3.004674389518148e+02,1.722170444390853e-05,1.222210533047632e+09,1.059455256882714e-01,1.704063426389173e+14,13
9.599999999998985e-06,192,2.999999999996475e+02,3.412344421421416e+02,3.004740183276911e+02,1.730472286648743e-05,1.225447539760960e+09,1.060519010128673e-01,1.711921886290023e+14,13
9.649999999998925e-06,193,2.999999999996475e+02,3.412602281353589e+02,3.004814222036293e+02,1.739122054620781e-05,1.230492178485270e+09,1.061659668084188e-01,1.714464154920312e+14,13
9.699999999998865e-06,194,2.999999999996631e+02,3.412895652287400e+02,3.004897103258195e+02,1.747847219419291e-05,1.235046447061603e+09,1.062871152790630e-01,1.716882849866908e+14,13
9.749999999998806e-06,195,2.999999999996631e+02,3.413255023714281e+02,3.004984985595311e+02,1.756474726853029e-05,1.237819378152096e+09,1.064239351846634e-01,1.720606672826244e+14,14
9.799999999998746e-06,196,2.999999999996631e+02,3.413698766615026e+02,3.005071795685064e+02,1.764928769060740e-05,1.237308827377501e+09,1.065812851032729e-01,1.721429470610683e+14,14
9.849999999998686e-06,197,2.999999999996631e+02,3.414178937452282e+02,3.005155245978531e+02,1.773361854298379e-05,1.236223923165378e+09,1.067471816877061e-01,1.719861129368181e+14,14
9.899999999998626e-06,198,2.999999999996631e+02,3.414643663250536e+02,3.005235062755241e+02,1.781732323537545e-05,1.235983365934755e+09,1.069104097249146e-01,1.715934160877795e+14,14
9.949999999998566e-06,199,2.999999999996631e+02,3.415085153701733e+02,3.005312426875133e+02,1.789977767824655e-05,1.236256541949513e+09,1.070698179030975e-01,1.707272809174176e+14,14
9.999999999998507e-06,200,2.999999999996631e+02,3.415529704626946e+02,3.005388492376970e+02,1.798061583612434e-05,1.236594287019826e+09,1.072321719680288e-01,1.705212316682986e+14,14
1.004999999999845e-05,201,2.999999999996631e+02,3.415980645613990e+02,3.005463167276693e+02,1.806116789700114e-05,1.236686148931262e+09,1.073965518579898e-01,1.705086462557820e+14,14
1.009999999999839e-05,202,2.999999999996631e+02,3.416440976942812e+02,3.005538217690466e+02,1.814564997309554e-05,1.238146400347605e+09,1.075618732267699e-01,1.706285204950929e+14,14
1.014999999999833e-05,203,2.999999999996631e+02,3.416917558514564e+02,3.005616378491060e+02,1.823355979474079e-05,1.240252193510688e+09,1.077288671192527e-01,1.707507885009176e+14,14
1.019999999999827e-05,204,2.999999999996631e+02,3.417427578132161e+02,3.005699337379403e+02,1.832302127403740e-05,1.243688184506588e+09,1.079023763175546e-01,1.708444973747012e+14,14
1.024999999999821e-05,205,2.999999999992251e+02,3.417985791557272e+02,3.005788878400764e+02,1.841300785882271e-05,1.247474245114503e+09,1.080866362567622e-01,1.701759847647775e+14,15
1.029999999999815e-05,206,2.999999999992251e+02,3.418636991692732e+02,3.005883358809592e+02,1.850366593076685e-05,1.250486693209679e+09,1.082915263596042e-01,1.705616107476928e+14,15
1.034999999999809e-05,207,2.999999999992251e+02,3.419439739249311e+02,3.005979761665552e+02,1.859325612607262e-05,1.251136959776654e+09,1.085330223742669e-01,1.707709546979741e+14,15
1.039999999999803e-05,208,2.999999999992251e+02,3.420351547155012e+02,3.006074951368218e+02,1.868198872658244e-05,1.250489046741392e+09,1.088003392663740e-01,1.707440481655659e+14,15
1.044999999999797e-05,209,2.999999999992251e+02,3.421278316240827e+02,3.006167359309917e+02,1.877037371451785e-05,1.249982259021719e+09,1.090715332079681e-01,1.707766178917332e+14,15
1.049999999999791e-05,210,2.999999999992098e+02,3.422232456042389e+02,3.006256825531499e+02,1.885751723962760e-05,1.249073946417812e+09,1.093502627845835e-01,1.709404410743676e+14,15
1.054999999999785e-05,211,2.999999999992098e+02,3.423214252295681e+02,3.006342512780410e+02,1.894230233247579e-05,1.247397071013761e+09,1.096366095886397e-01,1.707100468804298e+14,15
1.059999999999779e-05,212,2.999999999992122e+02,3.424180568276196e+02,3.006424825138142e+02,1.902641151786260e-05,1.246516066147819e+09,1.099201417268331e-01,1.710255149261033e+14,15
1.064999999999773e-05,213,2.999999999992122e+02,3.425114563836595e+02,3.006505910161917e+02,1.910965035956311e-05,1.246710087712588e+09,1.101960812917569e-01,1.710473283688882e+14,15
1.069999999999767e-05,214,2.999999999992439e+02,3.426121042956603e+02,3.006589844729073e+02,1.919460408523130e-05,1.249474193260882e+09,1.104880911198776e-01,1.721635211069083e+14,15
1.074999999999761e-05,215,2.999999999992439e+02,3.427231217723782e+02,3.006680290930099e+02,1.928176562940951e-05,1.252836769700495e+09,1.108027669658791e-01,1.726190048221301e+14,15
1.079999999999755e-05,216,2.999999999992439e+02,3.428410221126849e+02,3.006777109558489e+02,1.936863010729018e-05,1.255162624492772e+09,1.111324442841979e-01,1.728283134117640e+14,16
1.084999999999749e-05,217,2.999999999992439e+02,3.429669171698823e+02,3.006876795927910e+02,1.945594973215344e-05,1.256199421620226e+09,1.114797643071002e-01,1.733464618689717e+14,16
1.089999999999743e-05,218,2.999999999992439e+02,3.431076770097725e+02,3.006977845572603e+02,1.954379942449344e-05,1.255959636526550e+09,1.118621986794314e-01,1.736852882022657e+14,16
1.094999999999737e-05,219,2.999999999992439e+02,3.432592362559146e+02,3.007078596456431e+02,1.963235464208703e-05,1.254843512154463e+09,1.122691023127265e-01,1.739993643586552e+14,16
1.099999999999731e-05,220,2.999999999992439e+02,3.434121793933130e+02,3.007178584711723e+02,1.972129804952094e-05,1.252969219879550e+09,1.126791628324371e-01,1.740603359899904e+14,16
1.104999999999725e-05,221,2.999999999992430e+02,3.435614980131804e+02,3.007276903409461e+02,1.981011940199411e-05,1.251232546295507e+09,1.130820083251660e-01,1.740927473748207e+14,16
1.109999999999719e-05,222,2.999999999992430e+02,3.437063039340344e+02,3.007373212722373e+02,1.989643445218603e-05,1.249228053887799e+09,1.134761730972188e-01,1.740281662156120e+14,16
1.114999999999713e-05,223,2.999999999992430e+02,3.438463642420271e+02,3.007467307996638e+02,1.998179812507372e-05,1.248041427268200e+09,1.138601810526016e-01,1.734392115890862e+14,16
1.119999999999707e-05,224,2.999999999992430e+02,3.439817723165397e+02,3.007559845555228e+02,2.006539541035971e-05,1.247448763267261e+09,1.142335744859068e-01,1.735625242361773e+14,16
1.124999999999701e-05,225,2.999999999992430e+02,3.441190815587166e+02,3.007653597241068e+02,2.014855467044063e-05,1.248270120795372e+09,1.146106325453628e-01,1.737708513173728e+14,16
1.129999999999695e-05,226,2.999999999992430e+02,3.442602930898519e+02,3.007750494376226e+02,2.023241002435854e-05,1.250156601103969e+09,1.149956256351902e-01,1.741633357889508e+14,16
1.134999999999689e-05,227,2.999999999992430e+02,3.444082739401491e+02,3.007849502271522e+02,2.031584869495384e-05,1.251875098981221e+09,1.153953742311930e-01,1.744773513887081e+14,17
1.139999999999683e-05,228,2.999999999992430e+02,3.445685362352661e+02,3.007948604644937e+02,2.039709110982326e-05,1.251614854697142e+09,1.158245363668919e-01,1.749984803650259e+14,17
1.144999999999677e-05,229,2.999999999992430e+02,3.447444847970543e+02,3.008048099375445e+02,2.047914625953121e-05,1.252083266890342e+09,1.162904960080364e-01,1.758149742892381e+14,17
1.149999999999671e-05,230,2.999999999992430e+02,3.449327398495087e+02,3.008148843651670e+02,2.056394937408709e-05,1.251738573402101e+09,1.167844343435217e-01,1.763752717438716e+14,17
1.154999999999665e-05,231,2.999999999992430e+02,3.451267808771386e+02,3.008250041055827e+02,2.065052705029813e-05,1.251460878290715e+09,1.172913931057870e-01,1.761910904226428e+14,17
1.159999999999659e-05,232,2.999999999992430e+02,3.453196982771100e+02,3.008350540392123e+02,2.073791868713944e-05,1.251121656571749e+09,1.177957005676702e-01,1.766300276696687e+14,17
1.164999999999653e-05,233,2.999999999992430e+02,3.455064787835395e+02,3.008450510924333e+02,2.082629340692624e-05,1.251388281881189e+09,1.182862951883988e-01,1.766731766956853e+14,17
1.169999999999647e-05,234,2.999999999992386e+02,3.456830468780367e+02,3.008549717832997e+02,2.091424052157045e-05,1.251826924682674e+09,1.187552823896514e-01,1.763452771027286e+14,17
1.174999999999641e-05,235,2.999999999992111e+02,3.458524314978502e+02,3.008648020556632e+02,2.100125944705571e-05,1.252328207432774e+09,1.192089429183008e-01,1.776378081601940e+14,17
1.179999999999635e-05,236,2.999999999992111e+02,3.460197544447502e+02,3.008747115565215e+02,2.108766565755856e-05,1.253872630591137e+09,1.196568916365728e-01,1.780724508384716e+14,17
1.184999999999630e-05,237,2.999999999992111e+02,3.461946824020582e+02,3.008850269654803e+02,2.117518944635187e-05,1.256691748213991e+09,1.201202353564126e-01,1.785982611303724e+14,17
1.189999999999624e-05,238,2.999999999992118e+02,3.463730068410680e+02,3.008957580752767e+02,2.126258784912413e-05,1.258644380977010e+09,1.205899881930357e-01,1.793317341880428e+14,18
1.194999999999618e-05,239,2.999999999992118e+02,3.465635518626397e+02,3.009067057164695e+02,2.134880005850514e-05,1.259887331007939e+09,1.210877086182975e-01,1.799890701335968e+14,18
1.199999999999612e-05,240,2.999999999992118e+02,3.467674876271473e+02,3.009178545935578e+02,2.143437315510807e-05,1.260501389042421e+09,1.216161401302828e-01,1.807082295776442e+14,18
1.204999999999606e-05,241,2.999999999994247e+02,3.469819368188413e+02,3.009291707770673e+02,2.152096374516798e-05,1.260542623596030e+09,1.221680956545449e-01,1.815068777290014e+14,18
1.209999999999600e-05,242,2.999999999994318e+02,3.471998213309847e+02,3.009405519886491e+02,2.161028186214884e-05,1.260564790434167e+09,1.227278535458622e-01,1.821530331122849e+14,18
1.214999999999594e-05,243,2.999999999994318e+02,3.474074924973117e+02,3.009518263889983e+02,2.170055438834278e-05,1.259638435235638e+09,1.232645998234971e-01,1.825666908255284e+14,18
1.219999999999588e-05,244,2.999999999994318e+02,3.475943978932567e+02,3.009629482694179e+02,2.179224788778409e-05,1.259306942070139e+09,1.237539438812253e-01,1.827736507711428e+14,18
1.224999999999582e-05,245,2.999999999994318e+02,3.477516857247366e+02,3.009739800985366e+02,2.188574791910072e-05,1.259465062613063e+09,1.241748712699553e-01,1.829854534786835e+14,18
1.229999999999576e-05,246,2.999999999994318e+02,3.478797628712361e+02,3.009850901928732e+02,2.198089460912317e-05,1.260275391694390e+09,1.245273339518165e-01,1.831500111599526e+14,18
1.234999999999570e-05,247,2.999999999994318e+02,3.479826231649230e+02,3.009964629381000e+02,2.207816341974466e-05,1.262179989364242e+09,1.248198139733124e-01,1.833097655053238e+14,18
1.239999999999564e-05,248,2.999999999994318e+02,3.480657824546404e+02,3.010081705041606e+02,2.217571570736329e-05,1.264153700660655e+09,1.250665889397947e-01,1.833736751452790e+14,19
1.244999999999558e-05,249,2.999999999994318e+02,3.481443356120079e+02,3.010200224962929e+02,2.227111044796703e-05,1.265176578600214e+09,1.253042847699734e-01,1.835580781915662e+14,19
1.249999999999552e-05,250,2.999999999994318e+02,3.482291564147643e+02,3.010320294691618e+02,2.236522233261438e-05,1.266545400946777e+09,1.255582226917553e-01,1.838902159986266e+14,19
1.254999999999546e-05,251,2.999999999994318e+02,3.483142166527641e+02,3.010442211071115e+02,2.245785034316968e-05,1.267067877912912e+09,1.258127785782024e-01,1.835699298858181e+14,19
1.259999999999540e-05,252,2.999999999994318e+02,3.483961059195775e+02,3.010565562939519e+02,2.254942365858386e-05,1.267672929097205e+09,1.260610779824072e-01,1.836994802823822e+14,19
1.264999999999534e-05,253,2.999999999994315e+02,3.484731228552329e+02,3.010688629887664e+02,2.264053548298628e-05,1.267546115204839e+09,1.264831715098431e-01,1.825715985535189e+14,19
1.269999999999528e-05,254,2.999999999991784e+02,3.485437643606265e+02,3.010810372473767e+02,2.273076493265716e-05,1.267336482399828e+09,1.269254321964296e-01,1.824101334008963e+14,19
1.274999999999522e-05,255,2.999999999991784e+02,3.486056806278794e+02,3.010931148777155e+02,2.281928794055556e-05,1.267029716127130e+09,1.273484561369225e-01,1.820227187989515e+14,19
1.279999999999516e-05,256,2.999999999991784e+02,3.486602067018493e+02,3.011050271138010e+02,2.290696312901412e-05,1.266898165038201e+09,1.277494934168215e-01,1.818641995028781e+14,19
1.284999999999510e-05,257,2.999999999991784e+02,3.487098583728694e+02,3.011168968859210e+02,2.299492811890000e-05,1.267502597737900e+09,1.281361637454384e-01,1.817986778242460e+14,19
1.289999999999504e-05,258,2.999999999991784e+02,3.487587734397462e+02,3.011290156868772e+02,2.308474594562077e-05,1.269260102366728e+09,1.285180260266004e-01,1.832035485108068e+14,19
1.294999999999498e-05,259,2.999999999991784e+02,3.488077600932817e+02,3.011415683380004e+02,2.317563287516837e-05,1.271011630471216e+09,1.289024745979974e-01,1.832948972184629e+14,19
1.299999999999492e-05,260,2.999999999992088e+02,3.488577862918206e+02,3.011545556536279e+02,2.326669155487131e-05,1.272884412316076e+09,1.292870227473610e-01,1.834200106445873e+14,20
1.304999999999486e-05,261,2.999999999992088e+02,3.489088975455229e+02,3.011677376351261e+02,2.335751634452426e-05,1.273635239501320e+09,1.296622960874294e-01,1.834378805420437e+14,20
1.309999999999480e-05,262,2.999999999992088e+02,3.489651800384080e+02,3.011809805851872e+02,2.344698487317538e-05,1.274351712816253e+09,1.300205568702957e-01,1.836620402863352e+14,20
1.314999999999474e-05,263,2.999999999992088e+02,3.490245844359458e+02,3.011942723245922e+02,2.353533586517958e-05,1.274101393752479e+09,1.303670625250855e-01,1.837012005141561e+14,20
1.319999999999468e-05,264,2.999999999992088e+02,3.491006504111720e+02,3.012074811878393e+02,2.362333254032768e-05,1.273727673984312e+09,1.306934619237087e-01,1.838215990860514e+14,20
1.324999999999462e-05,265,2.999999999992088e+02,3.494179920251386e+02,3.012204476206600e+02,2.371034268955005e-05,1.272595810282874e+09,1.309956922845621e-01,1.837037919875743e+14,20
1.329999999999456e-05,266,2.999999999992088e+02,3.497136778135906e+02,3.012323095514408e+02,2.379544276446081e-05,1.270986707747439e+09,1.312664148282723e-01,1.821180759688288e+14,20
1.334999999999450e-05,267,2.999999999992088e+02,3.499868629963839e+02,3.012438967594702e+02,2.387869574155545e-05,1.270386405685989e+09,1.315888091514253e-01,1.835642227347650e+14,20
1.339999999999444e-05,268,2.999999999992088e+02,3.502552421635133e+02,3.012547288204141e+02,2.396133771450744e-05,1.270892578992724e+09,1.323120253672766e-01,1.835173893552394e+14,20
1.344999999999438e-05,269,2.999999999992088e+02,3.505195463619713e+02,3.012663860866448e+02,2.404499117446499e-05,1.270842285534707e+09,1.330264854234229e-01,1.826276004723142e+14,20
1.349999999999432e-05,270,2.999999999992088e+02,3.507916899743706e+02,3.012784583347480e+02,2.412946546692086e-05,1.273447330515882e+09,1.337585699999560e-01,1.835694031389495e+14,20
1.354999999999426e-05,271,2.999999999992059e+02,3.510689056265705e+02,3.012910798112417e+02,2.421515126348343e-05,1.273602394516873e+09,1.345021310944089e-01,1.837016003941349e+14,20
1.359999999999420e-05,272,2.999999999992090e+02,3.513404042855474e+02,3.013040557764299e+02,2.430227906657151e-05,1.274034613355036e+09,1.352333177364684e-01,1.831061988486526e+14,20
1.364999999999414e-05,273,2.999999999992100e+02,3.516139058121058e+02,3.013174297490229e+02,2.439267677674419e-05,1.272414800298109e+09,1.359691525171237e-01,1.834603523181626e+14,20
1.369999999999408e-05,274,2.999999999992120e+02,3.518649529026187e+02,3.013311345268903e+02,2.448449352553782e-05,1.270549618989326e+09,1.366555821267431e-01,1.834052584210028e+14,20
1.374999999999402e-05,275,2.999999999992120e+02,3.521017826339460e+02,3.013453657973116e+02,2.457787121784281e-05,1.267860002688076e+09,1.373107416628892e-01,1.815418720829738e+14,20
1.379999999999396e-05,276,2.999999999992120e+02,3.523006554481206e+02,3.013594120022629e+02,2.467073210921569e-05,1.263153181341453e+09,1.378819091377711e-01,1.821248781906052e+14,20
1.384999999999390e-05,277,2.999999999992120e+02,3.524789313066692e+02,3.013729891225649e+02,2.476434402453751e-05,1.251780580130588e+09,1.384073733622603e-01,1.833521815830113e+14,20
1.389999999999384e-05,278,2.999999999992120e+02,3.525885316836143e+02,3.013872380102462e+02,2.485756712353453e-05,1.257438472319432e+09,1.387770070929015e-01,1.828061709386775e+14,20
1.394999999999378e-05,279,2.999999999992483e+02,3.527315995891912e+02,3.014001907287272e+02,2.495064397919465e-05,1.282184492701167e+09,1.392210292122757e-01,1.791562462427750e+14,20
1.399999999999372e-05,280,2.999999999992483e+02,3.529002027693809e+02,3.014131565347049e+02,2.504316459069515e-05,1.273253028090157e+09,1.397228824160242e-01,1.806566592120363e+14,20
1.404999999999367e-05,281,2.999999999992483e+02,3.531265318919270e+02,3.014270329004912e+02,2.513475844120584e-05,1.274999051148190e+09,1.403540968279713e-01,1.816585737955838e+14,20
1.409999999999361e-05,282,2.999999999992504e+02,3.533833917566452e+02,3.014416791633211e+02,2.522825852227533e-05,1.276101726049893e+09,1.410545426559271e-01,1.819495207493380e+14,20
1.414999999999355e-05,283,2.999999999989913e+02,3.536426456553341e+02,3.014566787973228e+02,2.532089352239053e-05,1.277720346717337e+09,1.417605600069067e-01,1.818676837069630e+14,20
1.419999999999349e-05,284,2.999999999989913e+02,3.539192053937244e+02,3.014721807806921e+02,2.541259728750588e-05,1.279655743385474e+09,1.425048946909576e-01,1.819428502398678e+14,20
1.424999999999343e-05,285,2.999999999989913e+02,3.541992054035545e+02,3.014881759898296e+02,2.550662107120857e-05,1.280965385440193e+09,1.432570010380270e-01,1.826377002236791e+14,20
1.429999999999337e-05,286,2.999999999990031e+02,3.544903377457865e+02,3.015049198121047e+02,2.560466064593141e-05,1.282490178510103e+09,1.440337699570322e-01,1.847467219116240e+14,20
1.434999999999331e-05,287,2.999999999990054e+02,3.547862561640341e+02,3.015220033461276e+02,2.570471003762374e-05,1.282543632522053e+09,1.448212539272747e-01,1.881379700692130e+14,20
1.439999999999325e-05,288,2.999999999990054e+02,3.550706989223840e+02,3.015393049970520e+02,2.580750583854273e-05,1.282056660098951e+09,1.455837445257252e-01,1.909441977534769e+14,20
1.444999999999319e-05,289,2.999999999987758e+02,3.553452665274829e+02,3.015566265066057e+02,2.591120990333257e-05,1.282139450998176e+09,1.463247321962213e-01,1.964913779885286e+14,21
1.449999999999313e-05,290,2.999999999987758e+02,3.556210521773783e+02,3.015737652646969e+02,2.601502016815219e-05,1.283273700027630e+09,1.470685691446412e-01,1.985000967538888e+14,21
1.454999999999307e-05,291,2.999999999987758e+02,3.558908561683497e+02,3.015908829828686e+02,2.611438083301421e-05,1.282938167529879e+09,1.477994528954498e-01,2.000984910639303e+14,21
1.459999999999301e-05,292,2.999999999987758e+02,3.561637948902770e+02,3.016079958041432e+02,2.621077543506148e-05,1.284008503662849e+09,1.485373949483597e-01,2.018984614392475e+14,21
1.464999999999295e-05,293,2.999999999987758e+02,3.564381167524455e+02,3.016251731029436e+02,2.630579562710327e-05,1.283132962933797e+09,1.492785651705635e-01,2.030592083282883e+14,21
1.469999999999289e-05,294,2.999999999988125e+02,3.567023796500648e+02,3.016422874654040e+02,2.639968923351416e-05,1.282359018800719e+09,1.499978722872425e-01,2.016980765511251e+14,21
1.474999999999283e-05,295,2.999999999988125e+02,3.569549373198251e+02,3.016593060241888e+02,2.649301437376759e-05,1.282135100981365e+09,1.506916964927035e-01,2.025593225426200e+14,21
1.479999999999277e-05,296,2.999999999988125e+02,3.572029245187769e+02,3.016764608360197e+02,2.658712326885005e-05,1.282635583556721e+09,1.513756724715922e-01,2.026429468137106e+14,21
1.484999999999271e-05,297,2.999999999988125e+02,3.574523808509757e+02,3.016937903306498e+02,2.668223398578908e-05,1.283440942580569e+09,1.520630597551109e-01,2.034444850415989e+14,21
1.489999999999265e-05,298,2.999999999988262e+02,3.577017298498886e+02,3.017112521486208e+02,2.677698202845949e-05,1.283719874822738e+09,1.527504145113955e-01,2.051913390850920e+14,21
1.494999999999259e-05,299,2.999999999988319e+02,3.579475945328053e+02,3.017287389261747e+02,2.687205464928289e-05,1.283982035318263e+09,1.534303384533553e-01,2.068744733342762e+14,21
1.499999999999253e-05,300,2.999999999987326e+02,3.581917261051556e+02,3.017464238101874e+02,2.696613981873536e-05,1.284582550540509e+09,1.541066775784713e-01,2.064934646020119e+14,21
1.504999999999247e-05,301,2.999999999987383e+02,3.584396012188375e+02,3.017645289221497e+02,2.706234142650127e-05,1.285250963357585e+09,1.547914399605011e-01,2.065692982200013e+14,21
1.509999999999241e-05,302,2.999999999987440e+02,3.586828612329302e+02,3.017826920275915e+02,2.715756790976083e-05,1.283931052167637e+09,1.554663245764247e-01,2.060801917117155e+14,21
1.514999999999235e-05,303,2.999999999987497e+02,3.589151713329806e+02,3.018004886285289e+02,2.725126586090494e-05,1.284014296125958e+09,1.561174369743675e-01,2.059314915969342e+14,21
1.519999999999229e-05,304,2.999999999987567e+02,3.591449647599101e+02,3.018182195817803e+02,2.734526742045073e-05,1.284947713133882e+09,1.567632546994271e-01,2.053364484734621e+14,21
1.524999999999223e-05,305,2.999999999987680e+02,3.593722562342640e+02,3.018360102684360e+02,2.743986023094609e-05,1.284965535689240e+09,1.574038164999297e-01,2.048228376958528e+14,21
1.529999999999231e-05,306,2.999999999987794e+02,3.596021271854178e+02,3.018537006197805e+02,2.753344153041060e-05,1.285684714822570e+09,1.580502583196998e-01,2.043263542497114e+14,21
1.534999999999242e-05,307,2.999999999987241e+02,3.598276716380877e+02,3.018711895357874e+02,2.762481923974813e-05,1.285356765270804e+09,1.586874591084636e-01,2.038398013820796e+14,21
1.539999999999253e-05,308,2.999999999987355e+02,3.600499102215926e+02,3.018888462071166e+02,2.771615902094001e-05,1.285743373572833e+09,1.593176508905178e-01,2.030071778687319e+14,21
1.544999999999264e-05,309,2.999999999987522e+02,3.602715095836654e+02,3.019066807042707e+02,2.780772792917362e-05,1.286622138109640e+09,1.599466720842113e-01,2.024406269200892e+14,21
1.549999999999275e-05,310,2.999999999987692e+02,3.604970375603912e+02,3.019246088991668e+02,2.789897347048049e-05,1.286888665383369e+09,1.605845290166627e-01,2.015149587065209e+14,21
1.554999999999286e-05,311,2.999999999987863e+02,3.607236719838644e+02,3.019424314079285e+02,2.799027571912245e-05,1.287451508423736e+09,1.612250518530321e-01,2.008396438628892e+14,21
1.559999999999297e-05,312,2.999999999988058e+02,3.609441761762209e+02,3.019600416244176e+02,2.808199180426473e-05,1.286846043768882e+09,1.618524104917782e-01,2.001589020871350e+14,21
1.564999999999308e-05,313,2.999999999988285e+02,3.611574831340046e+02,3.019775868464930e+02,2.817681901194674e-05,1.286656202275106e+09,1.624642539618896e-01,1.994926473283816e+14,21
1.569999999999319e-05,314,2.999999999988513e+02,3.613683539391744e+02,3.019952349303963e+02,2.827214215104195e-05,1.286687098689950e+09,1.630709978985645e-01,1.988710811765478e+14,21
1.574999999999330e-05,315,2.999999999988763e+02,3.615833489409532e+02,3.020130620068028e+02,2.836756259258317e-05,1.288465795159868e+09,1.636870018436166e-01,1.982098103965308e+14,21
1.579999999999341e-05,316,2.999999999989047e+02,3.618094024293737e+02,3.020313409141638e+02,2.846494483788420e-05,1.289421386107933e+09,1.643274357363688e-01,1.977788531240798e+14,21
1.584999999999352e-05,317,2.999999999989824e+02,3.620405600089352e+02,3.020501633013481e+02,2.856463386474123e-05,1.290099362944122e+09,1.649792932947062e-01,1.970829845422237e+14,21
1.589999999999363e-05,318,2.999999999990063e+02,3.622716553811719e+02,3.020692685916777e+02,2.866610479152070e-05,1.290716955967250e+09,1.656313044440354e-01,2.008915774417082e+14,21
1.594999999999374e-05,319,2.999999999990063e+02,3.625048771729637e+02,3.020884993090890e+02,2.876837716010133e-05,1.291831988722729e+09,1.662882477850614e-01,2.050898486962505e+14,21
1.599999999999385e-05,320,2.999999999990063e+02,3.627432420621876e+02,3.021078054326888e+02,2.886955574731121e-05,1.292898545870713e+09,1.669567124528417e-01,2.090815786447334e+14,21
1.604999999999396e-05,321,2.999999999990063e+02,3.629869835593485e+02,3.021271067886861e+02,2.896810680515022e-05,1.293394681925082e+09,1.676372183546274e-01,2.132161680747888e+14,21
1.609999999999407e-05,322,2.999999999990063e+02,3.632314353271153e+02,3.021463571809560e+02,2.906640076731253e-05,1.294299100098691e+09,1.683196104032339e-01,2.173708938725469e+14,21
1.614999999999418e-05,323,2.999999999990063e+02,3.634779110539791e+02,3.021658605004089e+02,2.916584318988608e-05,1.294211768814851e+09,1.690067580954399e-01,2.216361687166573e+14,21
1.619999999999428e-05,324,2.999999999990063e+02,3.637254833510245e+02,3.021856607173314e+02,2.926711213068630e-05,1.294994259191580e+09,1.696966460809010e-01,2.259814209004162e+14,21
1.624999999999439e-05,325,2.999999999990063e+02,3.639788190228328e+02,3.022057873720446e+02,2.936916292359349e-05,1.295821937840768e+09,1.703994233128826e-01,2.302179701614076e+14,21
1.629999999999450e-05,326,2.999999999990063e+02,3.642308697049356e+02,3.022259890921889e+02,2.947268485642722e-05,1.296405254491277e+09,1.710997844496898e-01,2.340669631737389e+14,21
1.634999999999461e-05,327,2.999999999990412e+02,3.644825872750822e+02,3.022461987579321e+02,2.957767716560765e-05,1.295819868886605e+09,1.717998043458073e-01,2.377648766601513e+14,21
1.639999999999472e-05,328,2.999999999990412e+02,3.647254615520686e+02,3.022664041757067e+02,2.968454840109151e-05,1.295586043641884e+09,1.724810002748118e-01,2.415495825903116e+14,21
1.644999999999483e-05,329,2.999999999990412e+02,3.649658272257982e+02,3.022869380824874e+02,2.979264140478312e-05,1.295866681500016e+09,1.731571240454509e-01,2.453594056544660e+14,21
1.649999999999494e-05,330,2.999999999990412e+02,3.652010988937208e+02,3.023078387060987e+02,2.990158467315141e-05,1.295853530729213e+09,1.738225535184100e-01,2.491289619203199e+14,21
1.654999999999505e-05,331,2.999999999990519e+02,3.654328236655887e+02,3.023289699753718e+02,3.000887881948728e-05,1.295839053731151e+09,1.744806394642738e-01,2.522311100669928e+14,21
1.659999999999516e-05,332,2.999999999990519e+02,3.656664866690815e+02,3.023501184841026e+02,3.011569262719156e-05,1.296785214594332e+09,1.751432940093666e-01,2.550914297040994e+14,21
1.664999999999527e-05,333,2.999999999990548e+02,3.658961541037460e+02,3.023714045645722e+02,3.022114996446737e-05,1.296028857068947e+09,1.757976439017807e-01,2.591391703580443e+14,21
1.669999999999538e-05,334,2.999999999990548e+02,3.661235894825999e+02,3.023930808090667e+02,3.033252797110168e-05,1.299065873131931e+09,1.764474939049925e-01,2.633673731323068e+14,21
1.674999999999549e-05,335,2.999999999986979e+02,3.663350770589679e+02,3.024148590619582e+02,3.044197072008474e-05,1.300977144044013e+09,1.770630352986204e-01,2.668379564717184e+14,21
1.679999999999560e-05,336,2.999999999987032e+02,3.665500810983446e+02,3.024368591512603e+02,3.054725030536959e-05,1.302285184815463e+09,1.776870700071730e-01,2.699017596558132e+14,21
1.684999999999571e-05,337,2.999999999987032e+02,3.667732583633449e+02,3.024585941680751e+02,3.064996873341056e-05,1.303359844933753e+09,1.783295675535979e-01,2.725164963488028e+14,21
1.689999999999582e-05,338,2.999999999987032e+02,3.670027840815500e+02,3.024803164760741e+02,3.075006788806350e-05,1.304234416099778e+09,1.789861829723939e-01,2.749266252463818e+14,21
1.694999999999593e-05,339,2.999999999987032e+02,3.672280561530503e+02,3.025019167489646e+02,3.085037035367364e-05,1.306094925055235e+09,1.796339222370615e-01,2.775457626774822e+14,21
1.699999999999604e-05,340,2.999999999987032e+02,3.674509043188669e+02,3.025234838217128e+02,3.095262326324197e-05,1.307729030491000e+09,1.802767391901499e-01,2.798267649494748e+14,21
1.704999999999615e-05,341,2.999999999987032e+02,3.676728567161302e+02,3.025450585611066e+02,3.105652739636818e-05,1.309667398358544e+09,1.809179368390153e-01,2.818388917879742e+14,21
1.709999999999626e-05,342,2.999999999987455e+02,3.678867205024683e+02,3.025664978126953e+02,3.116012921724536e-05,1.310904052651031e+09,1.815419121466941e-01,2.834242854950483e+14,21
1.714999999999637e-05,343,2.999999999986909e+02,3.680979932268497e+02,3.025878284629750e+02,3.126474005055394e-05,1.313295254943475e+09,1.821605587839258e-01,2.854489290923286e+14,21
1.719999999999648e-05,344,2.999999999986909e+02,3.683087837260463e+02,3.026093834577117e+02,3.136677357238427e-05,1.314330787731415e+09,1.827784600898218e-01,2.872178161793820e+14,22
1.724999999999659e-05,345,2.999999999987573e+02,3.685198003319549e+02,3.026310417690018e+02,3.147059502857696e-05,1.310483486434363e+09,1.833971354974464e-01,2.860958015053214e+14,22
1.729999999999670e-05,346,2.999999999987573e+02,3.687337153728938e+02,3.026525820631207e+02,3.157190717909018e-05,1.310183445753915e+09,1.840223793994263e-01,2.851344128897840e+14,22
1.734999999999681e-05,347,2.999999999987573e+02,3.689381324012231e+02,3.026737053718218e+02,3.167179457498172e-05,1.310199038919290e+09,1.846273253866242e-01,2.842016023103556e+14,22
1.739999999999692e-05,348,2.999999999987573e+02,3.691358875757409e+02,3.026944898533627e+02,3.176949210254032e-05,1.310608004768978e+09,1.852180886836731e-01,2.831266062399759e+14,22
1.744999999999703e-05,349,2.999999999988004e+02,3.693240168763301e+02,3.027149388081164e+02,3.186575158331551e-05,1.310481242545046e+09,1.857882122095839e-01,2.818699360380443e+14,22
1.749999999999714e-05,350,2.999999999988491e+02,3.695018661256764e+02,3.027350358354924e+02,3.195903742470997e-05,1.310988217160081e+09,1.863362310324582e-01,2.804967025372014e+14,22
1.754999999999725e-05,351,2.999999999988491e+02,3.696660497588928e+02,3.027547959006109e+02,3.205217994107773e-05,1.311034795196565e+09,1.868547351523325e-01,2.755427963175790e+14,22
1.759999999999735e-05,352,2.999999999988491e+02,3.698217303482738e+02,3.027744061303018e+02,3.214547990158659e-05,1.311342163478558e+09,1.873548873711115e-01,2.742851454260694e+14,22
1.764999999999746e-05,353,2.999999999988491e+02,3.699694692514026e+02,3.027940149296077e+02,3.223953614318114e-05,1.310981273136693e+09,1.878378667340982e-01,2.726296330710584e+14,22
1.769999999999757e-05,354,2.999999999988491e+02,3.701108362475377e+02,3.028136327073728e+02,3.233574571980055e-05,1.310493000834172e+09,1.883070496387541e-01,2.712456689366741e+14,22
1.774999999999768e-05,355,2.999999999988491e+02,3.702562465278593e+02,3.028335055802480e+02,3.243412027263745e-05,1.311600657122556e+09,1.887851017210128e-01,2.700849481719444e+14,22
1.779999999999779e-05,356,2.999999999988505e+02,3.703932343832230e+02,3.028536126352195e+02,3.253380594052565e-05,1.311747733247880e+09,1.892448874694643e-01,2.725523234542122e+14,22
1.784999999999790e-05,357,2.999999999988505e+02,3.705257511883495e+02,3.028739403284920e+02,3.263528092129353e-05,1.312321671257383e+09,1.896949858231000e-01,2.711128414003104e+14,22
1.789999999999801e-05,358,2.999999999988505e+02,3.706513112951554e+02,3.028943441342091e+02,3.273611652313416e-05,1.312361652925820e+09,1.901299610761012e-01,2.696875038079411e+14,22
1.794999999999812e-05,359,2.999999999988505e+02,3.707692469792496e+02,3.029148210755889e+02,3.283612066507192e-05,1.312097500023452e+09,1.905483238693961e-01,2.681419468855948e+14,22
1.799999999999823e-05,360,2.999999999988505e+02,3.708798604694822e+02,3.029351500546426e+02,3.293626179443823e-05,1.311657673053322e+09,1.909506971170123e-01,2.665442214080531e+14,22
1.804999999999834e-05,361,2.999999999988505e+02,3.709835309938501e+02,3.029553094941055e+02,3.303479443559052e-05,1.311576093071226e+09,1.913378709483947e-01,2.615293915600835e+14,22
1.809999999999845e-05,362,2.999999999988588e+02,3.711686685598299e+02,3.029754476440808e+02,3.313284692744322e-05,1.311632908598408e+09,1.917193952635215e-01,2.640173495630102e+14,22
1.814999999999856e-05,363,2.999999999988667e+02,3.716502833529307e+02,3.029955045092419e+02,3.322896694197935e-05,1.311060093274801e+09,1.920867439980533e-01,2.628671716778738e+14,22
1.819999999999867e-05,364,2.999999999988439e+02,3.721218994138074e+02,3.030157474804023e+02,3.332647880710615e-05,1.312267039251424e+09,1.924477731579474e-01,2.624674024296647e+14,22
1.824999999999878e-05,365,2.999999999988439e+02,3.725959957975253e+02,3.030362642517378e+02,3.342418943326746e-05,1.312123261548890e+09,1.928030044385343e-01,2.614280377362388e+14,22
1.829999999999889e-05,366,2.999999999988445e+02,3.730536977853773e+02,3.030568058662087e+02,3.352345597274505e-05,1.311524912352223e+09,1.931519784669369e-01,2.571951174674086e+14,22
1.834999999999900e-05,367,2.999999999988445e+02,3.734957663621430e+02,3.030772526637190e+02,3.362316861635912e-05,1.310892193189606e+09,1.934932453140887e-01,2.564691238860955e+14,22
1.839999999999911e-05,368,2.999999999988445e+02,3.739209082607543e+02,3.030976063880067e+02,3.372514910027337e-05,1.310968458418236e+09,1.938217044083121e-01,2.559767435613327e+14,22
1.844999999999922e-05,369,2.999999999988502e+02,3.743447181713162e+02,3.031180946401694e+02,3.382831479145751e-05,1.311316862925140e+09,1.941468121467801e-01,2.558125230530684e+14,22
1.849999999999933e-05,370,2.999999999988502e+02,3.747666610321913e+02,3.031388747844647e+02,3.393174403069393e-05,1.311955451563164e+09,1.944694314031964e-01,2.557246798460802e+14,22
1.854999999999944e-05,371,2.999999999988502e+02,3.751849219806651e+02,3.031597816270827e+02,3.403452538784692e-05,1.311618220376383e+09,1.947896788623132e-01,2.587754623336867e+14,22
1.859999999999955e-05,372,2.999999999988167e+02,3.755856941332156e+02,3.031765547237527e+02,3.413887656077330e-05,1.311308716244329e+09,1.951008258350236e-01,2.584661412088864e+14,22
1.864999999999966e-05,373,2.999999999988167e+02,3.759782500085273e+02,3.031957293757036e+02,3.424514614882173e-05,1.310401286893147e+09,1.954223520065546e-01,2.582413176870045e+14,22
1.869999999999977e-05,374,2.999999999988167e+02,3.763530569030896e+02,3.032153223542669e+02,3.434946000624149e-05,1.310451685604613e+09,1.957452023692045e-01,2.581802608865955e+14,22
1.874999999999988e-05,375,2.999999999987317e+02,3.767145983114739e+02,3.032347885288828e+02,3.445374397003513e-05,1.308882241634638e+09,1.960555987835172e-01,2.580785895028778e+14,22
1.879999999999999e-05,376,2.999999999987410e+02,3.770564169049637e+02,3.032542728924097e+02,3.455527508774604e-05,1.307526870846217e+09,1.963576252175137e-01,2.575701475196352e+14,22
1.885000000000010e-05,377,2.999999999982291e+02,3.773735918402302e+02,3.032732470711714e+02,3.465355769527275e-05,1.307587688112952e+09,1.966494724532441e-01,2.560375922922664e+14,22
1.890000000000021e-05,378,2.999999999982291e+02,3.776743146876252e+02,3.032923286911803e+02,3.475250593168324e-05,1.308161465172271e+09,1.969226470606047e-01,2.531274377819478e+14,22
1.895000000000031e-05,379,2.999999999982291e+02,3.779643408765395e+02,3.033113665199772e+02,3.485055101604820e-05,1.308029181365175e+09,1.971789175317890e-01,2.532727804394852e+14,22
1.900000000000042e-05,380,2.999999999982291e+02,3.782299621631495e+02,3.033305385192386e+02,3.494911511362535e-05,1.307189580650693e+09,1.974083012888831e-01,2.575787140053075e+14,22
1.905000000000053e-05,381,2.999999999982291e+02,3.784798870446297e+02,3.033496156970411e+02,3.505090279241169e-05,1.308871070070475e+09,1.976028086023688e-01,2.530514327052253e+14,22
1.910000000000064e-05,382,2.999999999982291e+02,3.787122958789164e+02,3.033692158057804e+02,3.514865292069742e-05,1.308459064282813e+09,1.977668327110040e-01,2.539674591929623e+14,22
1.915000000000075e-05,383,2.999999999982291e+02,3.789425908662008e+02,3.033888842031602e+02,3.525250915146553e-05,1.308665096823450e+09,1.979465119719934e-01,2.562646814749394e+14,22
1.920000000000086e-05,384,2.999999999982291e+02,3.791635491842188e+02,3.034086217725415e+02,3.535800521951976e-05,1.312337418916584e+09,1.980841324370441e-01,2.557702082961381e+14,22
1.925000000000097e-05,385,2.999999999982291e+02,3.793806358712960e+02,3.034297992639615e+02,3.546105934553504e-05,1.313812544584973e+09,1.982192803373264e-01,2.534235396197747e+14,22
1.930000000000108e-05,386,2.999999999982291e+02,3.796167132177891e+02,3.034521658226811e+02,3.557101599979721e-05,1.315161162359504e+09,1.983649152350452e-01,2.607436451952252e+14,22
1.935000000000119e-05,387,2.999999999982291e+02,3.798367424300036e+02,3.034743468434748e+02,3.567133255853445e-05,1.317509762666890e+09,1.984758659318009e-01,2.636161470777261e+14,22
1.940000000000130e-05,388,2.999999999982726e+02,3.800424775950902e+02,3.034967359754231e+02,3.577698861999407e-05,1.313033055411529e+09,1.986156652963563e-01,2.640847210830232e+14,22
1.945000000000141e-05,389,2.999999999982726e+02,3.802420418383742e+02,3.035172570759871e+02,3.587848448916929e-05,1.317650655646851e+09,1.987425466364053e-01,2.716903122206042e+14,22
1.950000000000152e-05,390,2.999999999982726e+02,3.804107315393119e+02,3.035365947916064e+02,3.598260978951570e-05,1.313553773902985e+09,1.988843194673318e-01,2.737976116366265e+14,22
1.955000000000163e-05,391,2.999999999982726e+02,3.805639164817007e+02,3.035563336286824e+02,3.608061545975372e-05,1.318249018584977e+09,1.990282235160678e-01,2.769250750919784e+14,22
1.960000000000174e-05,392,2.999999999982726e+02,3.807552738931887e+02,3.035768944149381e+02,3.617548025900602e-05,1.315986311613145e+09,1.992414693698720e-01,2.794375983212467e+14,22
1.965000000000185e-05,393,2.999999999982726e+02,3.809135242932450e+02,3.035968368242185e+02,3.627347203421283e-05,1.314527285201540e+09,1.996394250495913e-01,2.818071393236532e+14,22
1.970000000000196e-05,394,2.999999999982726e+02,3.810831598800908e+02,3.036172448618952e+02,3.637210194548061e-05,1.320511726341790e+09,2.001727884573182e-01,2.855545777389218e+14,22
1.975000000000207e-05,395,2.999999999982726e+02,3.812714129974954e+02,3.036379473445542e+02,3.647184078929569e-05,1.319974251037659e+09,2.007449672854307e-01,2.879901422231410e+14,22
1.980000000000218e-05,396,2.999999999982726e+02,3.814685429709858e+02,3.036591114477315e+02,3.657223980821084e-05,1.322429205018561e+09,2.013350809612391e-01,2.907667734506687e+14,22
1.985000000000229e-05,397,2.999999999982726e+02,3.816650507417901e+02,3.036804496438548e+02,3.667479824398906e-05,1.323181725303822e+09,2.019228373660911e-01,2.953109362400569e+14,22
1.990000000000240e-05,398,2.999999999982726e+02,3.818844170231598e+02,3.037024190885383e+02,3.677885598954138e-05,1.324419084213025e+09,2.025583857547489e-01,2.954133170679052e+14,22
1.995000000000251e-05,399,2.999999999982726e+02,3.821171774120271e+02,3.037247472529370e+02,3.688232676436840e-05,1.328718376841933e+09,2.032214585531079e-01,2.981854882009052e+14,22
2.000000000000262e-05,400,2.999999999982796e+02,3.823421279500313e+02,3.037472897440732e+02,3.698732713044983e-05,1.329839756845919e+09,2.038669003912339e-01,3.001968180592514e+14,22
2.005000000000273e-05,401,2.999999999982796e+02,3.825877390198098e+02,3.037704893677774e+02,3.709223968738580e-05,1.329694383688979e+09,2.045553490045567e-01,3.021450869888071e+14,22
2.010000000000284e-05,402,2.999999999982796e+02,3.828435182082060e+02,3.037940840910613e+02,3.719623391034976e-05,1.334676270388104e+09,2.052644338838009e-01,3.050628959101499e+14,22
2.015000000000295e-05,403,2.999999999982404e+02,3.831066275949071e+02,3.038178955035715e+02,3.729685647333461e-05,1.332635032105213e+09,2.059881197739551e-01,3.064376980291874e+14,22
2.020000000000306e-05,404,2.999999999982404e+02,3.833650427987918e+02,3.038412580250769e+02,3.739693059094826e-05,1.333561241912187e+09,2.067008967449907e-01,3.087691751163855e+14,22
2.025000000000317e-05,405,2.999999999982404e+02,3.836094563584678e+02,3.038647293652937e+02,3.749710116514794e-05,1.333810619578782e+09,2.073830166849118e-01,3.106193691619069e+14,22
2.030000000000328e-05,406,2.999999999982404e+02,3.838612465494783e+02,3.038885281442066e+02,3.759592429588857e-05,1.334075338059468e+09,2.080799223053002e-01,3.121198952522641e+14,22
2.035000000000338e-05,407,2.999999999982404e+02,3.842900845401560e+02,3.039122434211881e+02,3.769396727560792e-05,1.336706688598281e+09,2.087815409272577e-01,3.147145869058161e+14,22
2.040000000000349e-05,408,2.999999999982344e+02,3.849086352977297e+02,3.039357753900499e+02,3.779450505965920e-05,1.337178781538180e+09,2.094703583952330e-01,3.164312433726260e+14,22
2.045000000000360e-05,409,2.999999999982344e+02,3.855515583445766e+02,3.039594278510399e+02,3.789379993524176e-05,1.336782638700107e+09,2.101827495753558e-01,3.201755618535529e+14,22
2.050000000000371e-05,410,2.999999999982344e+02,3.862066214877294e+02,3.039830059584534e+02,3.799690518337456e-05,1.340683064952889e+09,2.109036341412779e-01,3.227951454611862e+14,22
2.055000000000382e-05,411,2.999999999982344e+02,3.869035388986385e+02,3.040071733002515e+02,3.809970294079320e-05,1.341686382856635e+09,2.116672191229463e-01,3.249065511316198e+14,22
2.060000000000393e-05,412,2.999999999982344e+02,3.876466045032617e+02,3.040318288134720e+02,3.820519595257673e-05,1.340480277594026e+09,2.124622316084861e-01,3.261349120513139e+14,22
2.065000000000404e-05,413,2.999999999982344e+02,3.884023977504807e+02,3.040562375931357e+02,3.831138076312523e-05,1.341650806697993e+09,2.132349036353116e-01,3.253123681703306e+14,22
2.070000000000415e-05,414,2.999999999982344e+02,3.891774209150042e+02,3.040805933051827e+02,3.841775249974597e-05,1.343545174043306e+09,2.139904844505232e-01,3.272229469217433e+14,22
2.075000000000426e-05,415,2.999999999982344e+02,3.899843245314362e+02,3.041049711869746e+02,3.852700902183495e-05,1.343236127070562e+09,2.147385499752622e-01,3.286383687796148e+14,22
2.080000000000437e-05,416,2.999999999982344e+02,3.908116693362206e+02,3.041290942600972e+02,3.863378825119342e-05,1.343755218165863e+09,2.165002755181735e-01,3.302081882318347e+14,22
2.085000000000448e-05,417,2.999999999982344e+02,3.916629273664190e+02,3.041530986635356e+02,3.873970510584349e-05,1.344514411856107e+09,2.184081255171700e-01,3.318356581935292e+14,22
2.090000000000459e-05,418,2.999999999982344e+02,3.925428829341351e+02,3.041773482661167e+02,3.884535060478575e-05,1.346259817657143e+09,2.203755848558776e-01,3.336000631308579e+14,22
2.095000000000470e-05,419,2.999999999982344e+02,3.934667379463409e+02,3.042018346138744e+02,3.895060975242686e-05,1.348180463900266e+09,2.224338654563194e-01,3.356591867276022e+14,22
2.100000000000481e-05,420,2.999999999982344e+02,3.944292947013806e+02,3.042268123752002e+02,3.905457428447154e-05,1.350224576324222e+09,2.245722534095492e-01,3.371448855470135e+14,22
2.105000000000492e-05,421,2.999999999982344e+02,3.954027358131358e+02,3.042518086295676e+02,3.916249843728742e-05,1.350544254873549e+09,2.267338114267556e-01,3.383106780487720e+14,22
2.110000000000503e-05,422,2.999999999982344e+02,3.963695009183983e+02,3.042765666512926e+02,3.927050099020988e-05,1.350310497182181e+09,2.288826624517596e-01,3.395884361633051e+14,22
2.115000000000514e-05,423,2.999999999981881e+02,3.973238026054698e+02,3.043012371746657e+02,3.938000314413276e-05,1.350852608309882e+09,2.310069144161266e-01,3.412559852431851e+14,22
2.120000000000525e-05,424,2.999999999981881e+02,3.982637809707065e+02,3.043258891799168e+02,3.949247032211227e-05,1.350801081382030e+09,2.331026411863039e-01,3.425180433077706e+14,22
2.125000000000536e-05,425,2.999999999981881e+02,3.992056466377244e+02,3.043508395760470e+02,3.960309987684104e-05,1.351034135098349e+09,2.352029242696288e-01,3.435843222898600e+14,22
2.130000000000547e-05,426,2.999999999981881e+02,4.001370511844971e+02,3.043760495547097e+02,3.971287849561712e-05,1.352895849636290e+09,2.372824549108232e-01,3.462073544586343e+14,22
2.135000000000558e-05,427,2.999999999981881e+02,4.010530937600340e+02,3.044015091322158e+02,3.982472632408272e-05,1.352088591038991e+09,2.393311003222203e-01,3.456545353913652e+14,22
2.140000000000569e-05,428,2.999999999981881e+02,4.019584427784303e+02,3.044270923246187e+02,3.993734715779936e-05,1.353737171320944e+09,2.413583206388387e-01,3.469581229670339e+14,22
2.145000000000580e-05,429,2.999999999981147e+02,4.028293677371009e+02,3.044528916026397e+02,4.004943441655530e-05,1.354737559421626e+09,2.433154563494515e-01,3.446326467993565e+14,22
2.150000000000591e-05,430,2.999999999981147e+02,4.036471809172415e+02,3.044785497560903e+02,4.015939178373532e-05,1.351939599000850e+09,2.451640645602232e-01,3.463638145778118e+14,23
2.155000000000602e-05,431,2.999999999981147e+02,4.044663205044532e+02,3.045034604998854e+02,4.026669758032977e-05,1.356488466525630e+09,2.468698251950745e-01,3.451139783774105e+14,23
2.160000000000613e-05,432,2.999999999981147e+02,4.054291501558275e+02,3.045282444802742e+02,4.036989300882096e-05,1.356659084503591e+09,2.485977811430876e-01,3.431302476675062e+14,23
2.165000000000624e-05,433,2.999999999981147e+02,4.063926207477098e+02,3.045528944360179e+02,4.047553685198577e-05,1.354610523257747e+09,2.503793426990904e-01,3.410560681480234e+14,23
2.170000000000634e-05,434,2.999999999981147e+02,4.073396334886494e+02,3.045774570193975e+02,4.058033244101078e-05,1.357867318679853e+09,2.523750602841508e-01,3.402193487256624e+14,23
2.175000000000645e-05,435,2.999999999981147e+02,4.082801566421472e+02,3.046020039550218e+02,4.068513487027292e-05,1.356328874385971e+09,2.545883892701706e-01,3.380520220539761e+14,23
2.180000000000656e-05,436,2.999999999981147e+02,4.092046365103500e+02,3.046264617256115e+02,4.079170202088548e-05,1.355566528878798e+09,2.567662964713368e-01,3.361032479866728e+14,23
2.185000000000667e-05,437,2.999999999981147e+02,4.100822133838127e+02,3.046508615060252e+02,4.089825324707770e-05,1.355355714703863e+09,2.588426216516057e-01,3.342676230428720e+14,23
2.190000000000678e-05,438,2.999999999981147e+02,4.109523883643502e+02,3.046750467908644e+02,4.100908488042525e-05,1.354227080533602e+09,2.609013030032789e-01,3.297328577612094e+14,23
2.195000000000689e-05,439,2.999999999985206e+02,4.118210198709052e+02,3.046992959083366e+02,4.111962085665834e-05,1.356250564406618e+09,2.629560487829883e-01,3.282874331240244e+14,23
2.200000000000700e-05,440,2.999999999985206e+02,4.127201518358719e+02,3.047239158639517e+02,4.122902957512618e-05,1.356106154915585e+09,2.650733804433612e-01,3.264240409760229e+14,23
2.205000000000711e-05,441,2.999999999985206e+02,4.136308405697879e+02,3.047486874467234e+02,4.133859231644291e-05,1.358214648733025e+09,2.672155171109957e-01,3.251916751444246e+14,23
2.210000000000722e-05,442,2.999999999985206e+02,4.145499021705694e+02,3.047735058690111e+02,4.144487225670330e-05,1.358783708749722e+09,2.693763634659319e-01,3.235091231290602e+14,23
2.215000000000733e-05,443,2.999999999985206e+02,4.154725636411970e+02,3.047983096053009e+02,4.154951934962947e-05,1.358338739962655e+09,2.715455222673949e-01,3.217848675765115e+14,23
2.220000000000744e-05,444,2.999999999985206e+02,4.164076943323334e+02,3.048231901256316e+02,4.165498673614616e-05,1.359009510375084e+09,2.737405734090463e-01,3.202569832492854e+14,23
2.225000000000755e-05,445,2.999999999984691e+02,4.173293613683867e+02,3.048482346358210e+02,4.175927942747338e-05,1.358576251311030e+09,2.759067767008595e-01,3.228274708989995e+14,23
2.230000000000766e-05,446,2.999999999984691e+02,4.182300665856719e+02,3.048728613174381e+02,4.186261000963533e-05,1.358210885084639e+09,2.780287495271238e-01,3.199855147716248e+14,23
2.235000000000777e-05,447,2.999999999984691e+02,4.191164518147849e+02,3.048970610401848e+02,4.196298840436112e-05,1.356943724049176e+09,2.801202872456862e-01,3.185667142130294e+14,23
2.240000000000788e-05,448,2.999999999984691e+02,4.199710228285876e+02,3.049208122632829e+02,4.206317196086195e-05,1.356406048655040e+09,2.821456774287421e-01,3.167637019901374e+14,23
2.245000000000799e-05,449,2.999999999984691e+02,4.208033975848477e+02,3.049441444914483e+02,4.216238679606547e-05,1.356823795907128e+09,2.841245526788915e-01,3.159815718918839e+14,23
2.250000000000810e-05,450,2.999999999984691e+02,4.216282945175168e+02,3.049673911851581e+02,4.226367359892531e-05,1.355757567081087e+09,2.860867650479709e-01,3.149248332509419e+14,23
2.255000000000821e-05,451,2.999999999984691e+02,4.224427706491041e+02,3.049905938562907e+02,4.236474942606799e-05,1.355819272265359e+09,2.880257500631709e-01,3.141142167343824e+14,23
2.260000000000832e-05,452,2.999999999984691e+02,4.232283824200222e+02,3.050137858697623e+02,4.246655184939999e-05,1.355529186250772e+09,2.899035071783210e-01,3.132879258550668e+14,23
2.265000000000843e-05,453,2.999999999984691e+02,4.240145534905392e+02,3.050371051958365e+02,4.256974266437794e-05,1.354848869847346e+09,2.917810657454113e-01,3.140037589545614e+14,23
2.270000000000854e-05,454,2.999999999984691e+02,4.248086270381916e+02,3.050605172803192e+02,4.267384262466831e-05,1.356287034271006e+09,2.936752222239835e-01,3.130777248862826e+14,23
2.275000000000865e-05,455,2.999999999984691e+02,4.256060494590799e+02,3.050842506471449e+02,4.277844764279897e-05,1.355980499343984e+09,2.955752231497635e-01,3.124039776112478e+14,23
2.280000000000876e-05,456,2.999999999984691e+02,4.263932747033508e+02,3.051078010524146e+02,4.288385843422691e-05,1.355596758486451e+09,2.974542310529616e-01,3.110505196815891e+14,23
2.285000000000887e-05,457,2.999999999984691e+02,4.271667063928814e+02,3.051311320889264e+02,4.298957038796173e-05,1.355530169285774e+09,2.993042710181629e-01,3.105674583135436e+14,23
2.290000000000898e-05,458,2.999999999984691e+02,4.279333020487292e+02,3.051545593379868e+02,4.309324024376956e-05,1.355402502866199e+09,3.011398679843075e-01,3.099466051044898e+14,23
2.295000000000909e-05,459,2.999999999984592e+02,4.287034928997351e+02,3.051779456701061e+02,4.319834194827910e-05,1.355769580550690e+09,3.029836607642464e-01,3.104285912732597e+14,23
2.300000000000920e-05,460,2.999999999984592e+02,4.307189532685637e+02,3.052037372379305e+02,4.330359832084804e-05,1.385732540396222e+09,3.074017076578929e-01,3.148772191948196e+14,23
2.305000000000931e-05,461,2.999999999984592e+02,4.321361642236013e+02,3.052295015465027e+02,4.340451005681832e-05,1.373424975008955e+09,3.105847809278473e-01,3.171587283411434e+14,23
2.310000000000941e-05,462,2.999999999984592e+02,4.331660493364743e+02,3.052551041406244e+02,4.351471391632251e-05,1.368275425497464e+09,3.129736169082597e-01,3.189187852635319e+14,23
2.315000000000952e-05,463,2.999999999984592e+02,4.340994790019218e+02,3.052804136913067e+02,4.362715130425760e-05,1.365968579290130e+09,3.151624074519700e-01,3.206580348746404e+14,23
2.320000000000963e-05,464,2.999999999984592e+02,4.350019660906577e+02,3.053056780054052e+02,4.373960776550028e-05,1.365216598773726e+09,3.172876841856078e-01,3.231559183031201e+14,23
2.325000000000974e-05,465,2.999999999984592e+02,4.358622524611812e+02,3.053312561403922e+02,4.385382989451651e-05,1.362624554669842e+09,3.193261965320141e-01,3.261387763046306e+14,23
2.330000000000985e-05,466,2.999999999984592e+02,4.366144288784221e+02,3.053565216772537e+02,4.396648491281360e-05,1.362675540681657e+09,3.211332338138617e-01,3.278937304780378e+14,23
2.335000000000996e-05,467,2.999999999984592e+02,4.373766316622070e+02,3.053814921043821e+02,4.407966336268315e-05,1.361564091372738e+09,3.229645731007523e-01,3.294093552267189e+14,23
2.340000000001007e-05,468,2.999999999984592e+02,4.380849313450408e+02,3.054060857952209e+02,4.419258545716862e-05,1.360284339290801e+09,3.246823475868950e-01,3.303274696913866e+14,23
2.345000000001018e-05,469,2.999999999984592e+02,4.387703950883083e+02,3.054304377718536e+02,4.430282062913918e-05,1.360946072598183e+09,3.263526253097434e-01,3.324023052974700e+14,23
2.350000000001029e-05,470,2.999999999984592e+02,4.394626270993126e+02,3.054548341846862e+02,4.441010545688324e-05,1.360568171557624e+09,3.280376526788401e-01,3.301567038977369e+14,23
2.355000000001040e-05,471,2.999999999984592e+02,4.401127837003387e+02,3.054788842259885e+02,4.452223142351692e-05,1.363403560044814e+09,3.296358549509216e-01,3.314324556356975e+14,23
2.360000000001051e-05,472,2.999999999984592e+02,4.407927542384578e+02,3.055030750121866e+02,4.462936403614604e-05,1.362814690142776e+09,3.312964156990181e-01,3.358658186595101e+14,23
2.365000000001062e-05,473,2.999999999984592e+02,4.414296253502590e+02,3.055275579921047e+02,4.473711947733004e-05,1.361797989937845e+09,3.328660371965975e-01,3.372981563479512e+14,23
2.370000000001073e-05,474,2.999999999984592e+02,4.420471065803974e+02,3.055520347626490e+02,4.484483373572830e-05,1.361592939971357e+09,3.343940448032244e-01,3.355375865703672e+14,23
2.375000000001084e-05,475,2.999999999984592e+02,4.426806651769322e+02,3.055697781604380e+02,4.495149369406940e-05,1.361315040480162e+09,3.359566485681333e-01,3.405072199873469e+14,23
2.380000000001095e-05,476,2.999999999984721e+02,4.432859887450497e+02,3.055950784848452e+02,4.505956212611521e-05,1.362105686415565e+09,3.374592644450112e-01,3.416392390765664e+14,23
2.385000000001106e-05,477,2.999999999984721e+02,4.438927799647155e+02,3.056136051394320e+02,4.516612207262141e-05,1.362518468172620e+09,3.389648771062149e-01,3.436048137998131e+14,23
2.390000000001117e-05,478,2.999999999984721e+02,4.444895988504056e+02,3.056395326254132e+02,4.527429987729569e-05,1.361216361735233e+09,3.404486599923234e-01,3.442186443587044e+14,23
2.395000000001128e-05,479,2.999999999984721e+02,4.450062817892642e+02,3.056582610185535e+02,4.538025728838288e-05,1.359867317634229e+09,3.417595857861749e-01,3.447706504619543e+14,23
2.400000000001139e-05,480,2.999999999984721e+02,4.455067019116723e+02,3.056820102220121e+02,4.548636755359721e-05,1.360032705708058e+09,3.430344314408599e-01,3.457368622603741e+14,23
2.405000000001150e-05,481,2.999999999984721e+02,4.459736126527260e+02,3.057026346952606e+02,4.558798023587634e-05,1.356448862569456e+09,3.442372449236297e-01,3.467856784978490e+14,23
2.410000000001161e-05,482,2.999999999984721e+02,4.464467137664095e+02,3.057241602936546e+02,4.569106009136068e-05,1.356297519800430e+09,3.454526766087236e-01,3.446976141276494e+14,23
2.415000000001172e-05,483,2.999999999984721e+02,4.469211187176378e+02,3.057459518398730e+02,4.579374471832219e-05,1.358218043203553e+09,3.466707486425906e-01,3.486320484941872e+14,23
2.420000000001183e-05,484,2.999999999984721e+02,4.473679783833762e+02,3.057684601048159e+02,4.589475016399300e-05,1.358672466345660e+09,3.478284692071246e-01,3.486543819654320e+14,23
2.425000000001194e-05,485,2.999999999984721e+02,4.478434165833935e+02,3.057926585864981e+02,4.599804340699794e-05,1.361886054752754e+09,3.490473513047151e-01,3.459455689861330e+14,23
2.430000000001205e-05,486,2.999999999984721e+02,4.482983471844779e+02,3.058152569007130e+02,4.610122309853646e-05,1.358684947911592e+09,3.502224690059332e-01,3.506978972207567e+14,23
2.435000000001216e-05,487,2.999999999984721e+02,4.487449817294846e+02,3.058393505034565e+02,4.619787416518903e-05,1.358985857493567e+09,3.513787367655145e-01,3.516289438795489e+14,23
2.440000000001227e-05,488,2.999999999984721e+02,4.491943462029184e+02,3.058627514097657e+02,4.629663990254672e-05,1.357296878593286e+09,3.525397309858181e-01,3.517952165789446e+14,23
2.445000000001237e-05,489,2.999999999984721e+02,4.496110772932423e+02,3.058860649418877e+02,4.639517306281331e-05,1.358677053551209e+09,3.536300685299634e-01,3.489247536100415e+14,23
2.450000000001248e-05,490,2.999999999984721e+02,4.499959817398253e+02,3.059086719435456e+02,4.649336630410772e-05,1.356565028648513e+09,3.546492796937442e-01,3.486663868468224e+14,23
2.455000000001259e-05,491,2.999999999984721e+02,4.503793942093639e+02,3.059331146804046e+02,4.659746276799444e-05,1.357683430748692e+09,3.556653528750207e-01,3.487906421353558e+14,23
2.460000000001270e-05,492,2.999999999984721e+02,4.507432032664639e+02,3.059560489947734e+02,4.669864278463600e-05,1.358725370543133e+09,3.566374484410609e-01,3.494809643804592e+14,23
2.465000000001281e-05,493,2.999999999984721e+02,4.511488248652271e+02,3.059785625282155e+02,4.680118580474196e-05,1.356022407570309e+09,3.576970681410825e-01,3.496626704231814e+14,23
2.470000000001292e-05,494,2.999999999984921e+02,4.515129428295252e+02,3.060050870077488e+02,4.690600564127390e-05,1.357346101529755e+09,3.586693434340378e-01,3.535945700542376e+14,23
2.475000000001303e-05,495,2.999999999984921e+02,4.519048397313263e+02,3.060308464805656e+02,4.700482323271745e-05,1.359348319448225e+09,3.597007230840124e-01,3.535969739230473e+14,23
2.480000000001314e-05,496,2.999999999984921e+02,4.523069810018461e+02,3.060576902414413e+02,4.711227068277458e-05,1.356884750858063e+09,3.607471799972701e-01,3.544060430879187e+14,23
2.485000000001325e-05,497,2.999999999984921e+02,4.526826026227105e+02,3.060826838754405e+02,4.721241996799894e-05,1.359944959864656e+09,3.617388895556304e-01,3.506747055263126e+14,23
2.490000000001336e-05,498,2.999999999985200e+02,4.531263180700569e+02,3.061065824232721e+02,4.732941380403574e-05,1.356738095634458e+09,3.628736569598716e-01,3.505508371535671e+14,23
2.495000000001347e-05,499,2.999999999985200e+02,4.534458822406190e+02,3.061308270737965e+02,4.742597264333051e-05,1.354055599079786e+09,3.637437505718957e-01,3.497013530569017e+14,23
2.500000000001358e-05,500,2.999999999985200e+02,4.537543702334219e+02,3.061556511147515e+02,4.753922861369494e-05,1.355795856294768e+09,3.645875484257036e-01,3.490991391025014e+14,23
2.505000000001369e-05,501,2.999999999985200e+02,4.541049729235423e+02,3.061800129357366e+02,4.763771805456422e-05,1.354344922319660e+09,3.655241472810243e-01,3.497757842978588e+14,23
2.510000000001380e-05,502,2.999999999985200e+02,4.543793308558568e+02,3.062041759995516e+02,4.774085669597868e-05,1.355056603945658e+09,3.662938021660241e-01,3.504466564126321e+14,23
2.515000000001391e-05,503,2.999999999985200e+02,4.547371173344324e+02,3.062284781315041e+02,4.784249350482467e-05,1.355625615724229e+09,3.672447457830043e-01,3.506496926784451e+14,23
2.520000000001402e-05,504,2.999999999985200e+02,4.550378446504724e+02,3.062525179736336e+02,4.794583897824232e-05,1.358214770288640e+09,3.680704018063127e-01,3.519953740045381e+14,23
2.525000000001413e-05,505,2.999999999985200e+02,4.553568180285191e+02,3.062772838231039e+02,4.804996003044237e-05,1.356939892592075e+09,3.689344755861423e-01,3.519243938079625e+14,23
2.530000000001424e-05,506,2.999999999985200e+02,4.556656165098276e+02,3.063024899227741e+02,4.815629833880497e-05,1.359096533565523e+09,3.697752780161092e-01,3.532368053055642e+14,23
2.535000000001435e-05,507,2.999999999985200e+02,4.559817330376648e+02,3.063282997111666e+02,4.826808872854933e-05,1.359153198892033e+09,3.706314269649502e-01,3.547431997610458e+14,23
2.540000000001446e-05,508,2.999999999985200e+02,4.564810309015419e+02,3.063553310740820e+02,4.837968907168634e-05,1.356817777074980e+09,3.716014536376437e-01,3.548798855474509e+14,23
2.545000000001457e-05,509,2.999999999985200e+02,4.568891541989175e+02,3.063831125734899e+02,4.849159194162307e-05,1.357568434002455e+09,3.725758402688198e-01,3.597832994768008e+14,23
2.550000000001468e-05,510,2.999999999985200e+02,4.573113924684833e+02,3.064111141945378e+02,4.860284136760819e-05,1.358670681954603e+09,3.737587469053208e-01,3.620293701163224e+14,23
2.555000000001479e-05,511,2.999999999985200e+02,4.576138585384634e+02,3.064393012228300e+02,4.871064882932086e-05,1.357709905707546e+09,3.748489365256040e-01,3.616220499440041e+14,23
2.560000000001490e-05,512,2.999999999985200e+02,4.580115056880766e+02,3.064651802686923e+02,4.881542762795517e-05,1.357171237092450e+09,3.758797490563880e-01,3.631632885362468e+14,23
2.565000000001501e-05,513,2.999999999985200e+02,4.584118903564104e+02,3.064913848686662e+02,4.892409115612060e-05,1.358009014837322e+09,3.769159701624947e-01,3.635236883266558e+14,23
2.570000000001512e-05,514,2.999999999985274e+02,4.588779445907550e+02,3.065183280880910e+02,4.902992570637963e-05,1.358652734340648e+09,3.780945259624179e-01,3.618237050234856e+14,23
2.575000000001523e-05,515,2.999999999985274e+02,4.593762683117596e+02,3.065447925452107e+02,4.913604992451681e-05,1.359506917549234e+09,3.793425138025205e-01,3.633927489847317e+14,23
2.580000000001533e-05,516,2.999999999985274e+02,4.598779618818241e+02,3.065716521257800e+02,4.923643951632482e-05,1.358039452623349e+09,3.805969263567823e-01,3.652292185299148e+14,23
2.585000000001544e-05,517,2.999999999985274e+02,4.604356202552228e+02,3.065985602442831e+02,4.933630568904293e-05,1.360175088184649e+09,3.819720938712910e-01,3.665840533650332e+14,23
2.590000000001555e-05,518,2.999999999985274e+02,4.609896043918748e+02,3.066258886219521e+02,4.944076170643030e-05,1.361659265932982e+09,3.833389965823699e-01,3.677368770839434e+14,23
2.595000000001566e-05,519,2.999999999985274e+02,4.616683572092707e+02,3.066536935850380e+02,4.954196558655308e-05,1.362360859835159e+09,3.848321495813828e-01,3.695516995125714e+14,23
2.600000000001577e-05,520,2.999999999985274e+02,4.624590012556827e+02,3.066811483382870e+02,4.964685987335362e-05,1.363415005908378e+09,3.862348562469298e-01,3.710760971863875e+14,23
2.605000000001588e-05,521,2.999999999985342e+02,4.631796769159975e+02,3.067087626772655e+02,4.975010494436325e-05,1.364056475531358e+09,3.876694693015099e-01,3.721880041673524e+14,23
2.610000000001599e-05,522,2.999999999985415e+02,4.638174584627592e+02,3.067356893100430e+02,4.985241166122230e-05,1.364927235138088e+09,3.890770398183493e-01,3.734490620946851e+14,23
2.615000000001610e-05,523,2.999999999985437e+02,4.643872351768294e+02,3.067624359456420e+02,4.995689982252025e-05,1.367014539085838e+09,3.904884869060199e-01,3.764636497687601e+14,23
2.620000000001621e-05,524,2.999999999985437e+02,4.648786653658931e+02,3.067886926791164e+02,5.005745567188022e-05,1.367906389532465e+09,3.918812969030318e-01,3.775587497086793e+14,23
2.625000000001632e-05,525,2.999999999985437e+02,4.653886638546656e+02,3.068145395937605e+02,5.016224696683311e-05,1.369877765917172e+09,3.933925517487899e-01,3.793927897566119e+14,23
2.630000000001643e-05,526,2.999999999985437e+02,4.658608140110355e+02,3.068408077255355e+02,5.026735111207997e-05,1.371480410749673e+09,3.948505180251908e-01,3.770929253344292e+14,23
2.635000000001654e-05,527,2.999999999985437e+02,4.663554074601765e+02,3.068671131956885e+02,5.036851163278449e-05,1.372125637352391e+09,3.964681444392724e-01,3.790455507897456e+14,23
2.640000000001665e-05,528,2.999999999985437e+02,4.669920532593815e+02,3.068939174243288e+02,5.046929862312927e-05,1.373204592877035e+09,3.980161664744665e-01,3.839876070477909e+14,23
2.645000000001676e-05,529,2.999999999985437e+02,4.676548295994620e+02,3.069207648935534e+02,5.057120302810912e-05,1.373209771006158e+09,3.996208713035577e-01,3.849778154686144e+14,23
2.650000000001687e-05,530,2.999999999985437e+02,4.683274105236903e+02,3.069474953840246e+02,5.067538121179349e-05,1.375217481966658e+09,4.012466582372252e-01,3.874224185790790e+14,23
2.655000000001698e-05,531,2.999999999985437e+02,4.690234533563590e+02,3.069744889898541e+02,5.078232042459802e-05,1.375348859288798e+09,4.029229059948202e-01,3.886812169735451e+14,23
2.660000000001709e-05,532,2.999999999985437e+02,4.697141040676616e+02,3.070012535600783e+02,5.088736539337559e-05,1.375704014971962e+09,4.045892503013595e-01,3.901478995587584e+14,23
2.665000000001720e-05,533,2.999999999985437e+02,4.704206099773140e+02,3.070277088598261e+02,5.098956730266178e-05,1.375182496753074e+09,4.062912694888199e-01,3.916042475937328e+14,23
2.670000000001731e-05,534,2.999999999985437e+02,4.711306412306021e+02,3.070542945081345e+02,5.109605318977812e-05,1.376070055205220e+09,4.080020941043103e-01,3.939519022716016e+14,23
2.675000000001742e-05,535,2.999999999985437e+02,4.718890868242756e+02,3.070817484579754e+02,5.120273936496391e-05,1.375705313501813e+09,4.098160705562308e-01,3.954161282954066e+14,23
2.680000000001753e-05,536,2.999999999985437e+02,4.726541366803058e+02,3.071092322877044e+02,5.131442509640640e-05,1.376068697609862e+09,4.116447242234421e-01,3.976283710831258e+14,23
2.685000000001764e-05,537,2.999999999985437e+02,4.734285161934209e+02,3.071371323218416e+02,5.142527980988470e-05,1.374901254690509e+09,4.134935658227831e-01,3.989325747454738e+14,23
2.690000000001775e-05,538,2.999999999982965e+02,4.742261585789107e+02,3.071649010509569e+02,5.153731866109284e-05,1.373291433121248e+09,4.153957913207412e-01,3.971060617399210e+14,23
2.695000000001786e-05,539,2.999999999982965e+02,4.749942076849832e+02,3.071923831963205e+02,5.164983013874029e-05,1.372117486523871e+09,4.172376304433272e-01,3.991608028223245e+14,23
2.700000000001797e-05,540,2.999999999982965e+02,4.758203888333395e+02,3.072203286238887e+02,5.176113879878594e-05,1.370892217498465e+09,4.192065993462461e-01,4.046282085967925e+14,23
2.705000000001808e-05,541,2.999999999982969e+02,4.766236574016550e+02,3.072483775458927e+02,5.187432099913133e-05,1.369225648962955e+09,4.211294069174633e-01,4.071542390386111e+14,23
2.710000000001819e-05,542,2.999999999982969e+02,4.774652906645707e+02,3.072767065492426e+02,5.198713601284113e-05,1.367845153087756e+09,4.231378845006329e-01,4.092287590590301e+14,23
2.715000000001830e-05,543,2.999999999982969e+02,4.782998253824009e+02,3.073051529690743e+02,5.209845305047633e-05,1.365287249328804e+09,4.251337234529812e-01,4.047111580971279e+14,23
2.720000000001840e-05,544,2.999999999982969e+02,4.790942878685773e+02,3.073334375463191e+02,5.221101724171487e-05,1.363480655279027e+09,4.270448639686587e-01,4.071886310974064e+14,23
2.725000000001851e-05,545,2.999999999982969e+02,4.798505869865422e+02,3.073613109679515e+02,5.232216649677365e-05,1.361021835040250e+09,4.288747867850694e-01,4.091302557261379e+14,23
2.730000000001862e-05,546,2.999999999982969e+02,4.806045983078308e+02,3.073889426663541e+02,5.243436475731071e-05,1.359277257103398e+09,4.307017412762140e-01,4.130048952108566e+14,23
2.735000000001873e-05,547,2.999999999982969e+02,4.820376179090306e+02,3.074166925685501e+02,5.254863544914767e-05,1.357553874461690e+09,4.324321216738600e-01,4.153103182320837e+14,23
2.740000000001884e-05,548,2.999999999982969e+02,4.835714416582018e+02,3.074449225180836e+02,5.266063775526520e-05,1.355784031733210e+09,4.342519645134797e-01,4.187441962072459e+14,23
2.745000000001895e-05,549,2.999999999982969e+02,4.850356270922417e+02,3.074734510226846e+02,5.277440534021494e-05,1.354383736413307e+09,4.359874806231362e-01,4.226641542598493e+14,23
2.750000000001906e-05,550,2.999999999982983e+02,4.864909988694859e+02,3.075023163604521e+02,5.288776850217873e-05,1.354459755475376e+09,4.377689607926150e-01,4.237220109408966e+14,23
2.755000000001917e-05,551,2.999999999982983e+02,4.878857710837117e+02,3.075312036443005e+02,5.300276662782501e-05,1.354704078384928e+09,4.394617916535729e-01,4.255859212427463e+14,23
2.760000000001928e-05,552,2.999999999982983e+02,4.892600528383213e+02,3.075602621737844e+02,5.311819052874705e-05,1.354568171379938e+09,4.411910246288114e-01,4.260176654822124e+14,23
2.765000000001939e-05,553,2.999999999982983e+02,4.905908282804144e+02,3.075897584538656e+02,5.323569064581736e-05,1.354945515295957e+09,4.428457921432986e-01,4.316557636505582e+14,23
2.770000000001950e-05,554,2.999999999982983e+02,4.918988767846545e+02,3.076188890040952e+02,5.335014109743690e-05,1.354705542082949e+09,4.445510116860477e-01,4.291267243030818e+14,23
2.775000000001961e-05,555,2.999999999982983e+02,4.931433595403993e+02,3.076480477470947e+02,5.346410830874904e-05,1.354495360923210e+09,4.462124483064210e-01,4.342402582750221e+14,24
2.780000000001972e-05,556,2.999999999982983e+02,4.942914313908867e+02,3.076768976819303e+02,5.357556727084591e-05,1.354225021519460e+09,4.478686317898912e-01,4.351440296414582e+14,24
2.785000000001983e-05,557,2.999999999982983e+02,4.953692836800470e+02,3.077055120205454e+02,5.368296380096327e-05,1.353543265312373e+09,4.495579676459885e-01,4.346244745108782e+14,24
2.790000000001994e-05,558,2.999999999982983e+02,4.964088983097438e+02,3.077339615328606e+02,5.379270872441278e-05,1.352582950543604e+09,4.512338122538174e-01,4.354510312173463e+14,24
2.795000000002005e-05,559,2.999999999982983e+02,4.974096289835298e+02,3.077619453714096e+02,5.389992718799681e-05,1.351379344825292e+09,4.528906285738589e-01,4.368162043575294e+14,24
2.800000000002016e-05,560,2.999999999982983e+02,4.983842426761016e+02,3.077897602931041e+02,5.400799302840387e-05,1.350837478377052e+09,4.545372172322588e-01,4.360884794819777e+14,24
2.805000000002027e-05,561,2.999999999982983e+02,4.993185012565927e+02,3.078173312426298e+02,5.411380332243259e-05,1.349479190621388e+09,4.561513902590200e-01,4.366996506710754e+14,24
2.810000000002038e-05,562,2.999999999983341e+02,5.002319724385969e+02,3.078446304004748e+02,5.421997278412818e-05,1.349205296767653e+09,4.577267232618109e-01,4.368730855255565e+14,24
2.815000000002049e-05,563,2.999999999983341e+02,5.011735199637646e+02,3.078721463734440e+02,5.432547526042839e-05,1.348324737380633e+09,4.593098533495653e-01,4.374155650541099e+14,24
2.820000000002060e-05,564,2.999999999983341e+02,5.020924483257700e+02,3.078992659121618e+02,5.443287542167098e-05,1.348985659283876e+09,4.608009330195968e-01,4.384574944664201e+14,24
2.825000000002071e-05,565,2.999999999983341e+02,5.030130814337828e+02,3.079265054299705e+02,5.453947793653524e-05,1.350688750619601e+09,4.622845700041379e-01,4.393539972408158e+14,24
2.830000000002082e-05,566,2.999999999983207e+02,5.038990495584524e+02,3.079537242231292e+02,5.464777469935486e-05,1.350610671400664e+09,4.636629162615173e-01,4.392455844038373e+14,24
2.835000000002093e-05,567,2.999999999983207e+02,5.047782795240686e+02,3.079807353034666e+02,5.475584331923550e-05,1.352202455880333e+09,4.650402610639729e-01,4.397339860127702e+14,24
2.840000000002104e-05,568,2.999999999983207e+02,5.056190873720809e+02,3.080075043448263e+02,5.486156733262402e-05,1.352018349607098e+09,4.676465026288373e-01,4.397047711237656e+14,24
2.845000000002115e-05,569,2.999999999983207e+02,5.064069437664200e+02,3.080338134577857e+02,5.496652379526634e-05,1.352249869849927e+09,4.707785404946674e-01,4.403662118487831e+14,24
2.850000000002126e-05,570,2.999999999983314e+02,5.071815756318498e+02,3.080603384140186e+02,5.507261198816927e-05,1.352733103390928e+09,4.739851550947419e-01,4.406255743783792e+14,24
2.855000000002136e-05,571,2.999999999983314e+02,5.079489576307386e+02,3.080870176262513e+02,5.517740402989875e-05,1.353415285012487e+09,4.772243451040610e-01,4.406041127495210e+14,24
2.860000000002147e-05,572,2.999999999983314e+02,5.087055066206502e+02,3.081137788027804e+02,5.528307427923015e-05,1.354327081678996e+09,4.805361235076916e-01,4.454714308493736e+14,24
2.865000000002158e-05,573,2.999999999983314e+02,5.094753731927095e+02,3.081410255447132e+02,5.538761491433935e-05,1.354838754777685e+09,4.839159120677901e-01,4.454740813193771e+14,24
2.870000000002169e-05,574,2.999999999983596e+02,5.102166153109465e+02,3.081685767062228e+02,5.549640635761438e-05,1.355095209883114e+09,4.872640407523592e-01,4.456035594776072e+14,24
2.875000000002180e-05,575,2.999999999983596e+02,5.109920763697166e+02,3.081967669192073e+02,5.560346811838911e-05,1.356242939459134e+09,4.907594923592286e-01,4.458803252040256e+14,24
2.880000000002191e-05,576,2.999999999983596e+02,5.118539936016290e+02,3.082250959704901e+02,5.571213685853835e-05,1.356439337087256e+09,4.942420030261778e-01,4.459319281328977e+14,24
2.885000000002202e-05,577,2.999999999983596e+02,5.132448379392054e+02,3.082429997313240e+02,5.582212573115441e-05,1.356792690143719e+09,4.977647956858288e-01,4.449472589313838e+14,24
2.890000000002213e-05,578,2.999999999983596e+02,5.146499752052432e+02,3.082713132751040e+02,5.593251610850543e-05,1.357202519183075e+09,5.013186027168683e-01,4.398536367530080e+14,24
2.895000000002224e-05,579,2.999999999983625e+02,5.160406362355855e+02,3.082891179547847e+02,5.604314189641605e-05,1.356597705483374e+09,5.048454085363792e-01,4.397083551429830e+14,24
2.900000000002235e-05,580,2.999999999983378e+02,5.174724768330951e+02,3.083176860746529e+02,5.615514554928758e-05,1.358227048981560e+09,5.084644370219118e-01,4.394892875766061e+14,24
2.905000000002246e-05,581,2.999999999983378e+02,5.189242905503278e+02,3.083407635173941e+02,5.626625798039917e-05,1.358855670951977e+09,5.121293685622268e-01,4.436720180242006e+14,24
2.910000000002257e-05,582,2.999999999983378e+02,5.203688344927242e+02,3.083644211533617e+02,5.637527499465425e-05,1.357631758857759e+09,5.157862253907197e-01,4.436552255631568e+14,24
2.915000000002268e-05,583,2.999999999983378e+02,5.217831458920982e+02,3.083914370408772e+02,5.648318807360988e-05,1.355998401336010e+09,5.193785285030814e-01,4.430797581368896e+14,24
2.920000000002279e-05,584,2.999999999983378e+02,5.232054599939981e+02,3.084143136465746e+02,5.658877040327646e-05,1.356604534593162e+09,5.230008029406327e-01,4.432382649106205e+14,24
2.925000000002290e-05,585,2.999999999983378e+02,5.246411346413870e+02,3.084373001592205e+02,5.669792204613643e-05,1.360654788423967e+09,5.266552851024954e-01,4.379853649986346e+14,24
2.930000000002301e-05,586,2.999999999983378e+02,5.260762410449787e+02,3.084599271624043e+02,5.680597342809956e-05,1.359058368432007e+09,5.303048668626654e-01,4.371644099218197e+14,24
2.935000000002312e-05,587,2.999999999983378e+02,5.275159470533634e+02,3.084871885173872e+02,5.691359853007260e-05,1.360013188149980e+09,5.339727202892486e-01,4.367945593615030e+14,24
2.940000000002323e-05,588,2.999999999983378e+02,5.290483415681612e+02,3.085110573821972e+02,5.702458740598083e-05,1.359947831150340e+09,5.378453874583699e-01,4.381675445382925e+14,24
2.945000000002334e-05,589,2.999999999983378e+02,5.304509498339038e+02,3.085377904673372e+02,5.713121225736140e-05,1.359838043099229e+09,5.414427109508549e-01,4.366889357642451e+14,24
2.950000000002345e-05,590,2.999999999983378e+02,5.318762306862875e+02,3.085623500999598e+02,5.723842660369497e-05,1.357629694968616e+09,5.451024404795345e-01,4.387209343866724e+14,24
2.955000000002356e-05,591,2.999999999984949e+02,5.333233025383419e+02,3.085885179038176e+02,5.734796592681394e-05,1.361864453838429e+09,5.488139127855204e-01,4.368902469900684e+14,24
2.960000000002367e-05,592,2.999999999984949e+02,5.346368914854623e+02,3.086150407798449e+02,5.745598709527646e-05,1.356070042880944e+09,5.522318417366082e-01,4.363611328277846e+14,24
2.965000000002378e-05,593,2.999999999984949e+02,5.360831875140342e+02,3.086414499171615e+02,5.757196433291659e-05,1.360196132315336e+09,5.559559281862485e-01,4.372053712414767e+14,24
2.970000000002389e-05,594,2.999999999984949e+02,5.374970487709048e+02,3.086685884909547e+02,5.767997303178971e-05,1.360877727059086e+09,5.596112300377468e-01,4.356018664969542e+14,24
2.975000000002400e-05,595,2.999999999984949e+02,5.389238395796949e+02,3.086953842198022e+02,5.778998184497088e-05,1.358968432438972e+09,5.633016394558648e-01,4.356720996550781e+14,24
2.980000000002411e-05,596,2.999999999984949e+02,5.403906743887035e+02,3.087253970884888e+02,5.789952286607432e-05,1.360367982600959e+09,5.671036418639669e-01,4.360486884614171e+14,24
2.985000000002422e-05,597,2.999999999984949e+02,5.417957697709161e+02,3.087530460742521e+02,5.800548789842712e-05,1.361339775061491e+09,5.707675554037662e-01,4.344827674089546e+14,24
2.990000000002433e-05,598,2.999999999984949e+02,5.432310907395940e+02,3.087818164297575e+02,5.811197447409019e-05,1.360255917345372e+09,5.744989575617914e-01,4.346335616025590e+14,24
2.995000000002443e-05,599,2.999999999984949e+02,5.446616550045374e+02,3.088125774597612e+02,5.822019523762422e-05,1.360972186567887e+09,5.782493122957504e-01,4.345886138047883e+14,24
3.000000000002454e-05,600,2.999999999984949e+02,5.461122983418289e+02,3.088403193785971e+02,5.832618035398180e-05,1.368062938004345e+09,5.820287628391351e-01,4.382552263729358e+14,24
3.005000000002465e-05,601,2.999999999984949e+02,5.475653306491079e+02,3.088674901041526e+02,5.843629032309285e-05,1.359391874085286e+09,5.858177639742959e-01,4.338700588815542e+14,24
3.010000000002476e-05,602,2.999999999984949e+02,5.489311423326508e+02,3.088980764392964e+02,5.853907634403541e-05,1.358596762658709e+09,5.894530980381946e-01,4.329314990724202e+14,24
3.015000000002487e-05,603,2.999999999985243e+02,5.502375295403667e+02,3.089242579318099e+02,5.864140579366498e-05,1.368774906367305e+09,5.929310902087309e-01,4.309717641961016e+14,24
3.020000000002498e-05,604,2.999999999966170e+02,5.516995203378119e+02,3.089470865211740e+02,5.876462016887875e-05,1.360076283402327e+09,5.967196980288733e-01,4.310246354792546e+14,24
3.025000000002509e-05,605,2.999999999966170e+02,5.528810190434731e+02,3.089729522262431e+02,5.886387232449319e-05,1.356444595665317e+09,5.999602660384921e-01,4.302093521854119e+14,24
3.030000000002520e-05,606,2.999999999966170e+02,5.540756382568233e+02,3.089994152998821e+02,5.897049479472196e-05,1.360187323154508e+09,6.032380045716645e-01,4.296729128827326e+14,24
3.035000000002531e-05,607,2.999999999966170e+02,5.552160550321898e+02,3.090252828295931e+02,5.906956124264773e-05,1.356505182760338e+09,6.063827589563634e-01,4.286243683020974e+14,24
3.040000000002542e-05,608,2.999999999966230e+02,5.563916921535482e+02,3.090524014201137e+02,5.917426896267477e-05,1.356003324574106e+09,6.096302166325891e-01,4.290385955313016e+14,24
3.045000000002553e-05,609,2.999999999966230e+02,5.575987656412178e+02,3.090791175011856e+02,5.928019010026919e-05,1.357635040584352e+09,6.129555159092438e-01,4.290776732799801e+14,24
3.050000000002564e-05,610,2.999999999966292e+02,5.587520018562034e+02,3.091060677499723e+02,5.938508451816976e-05,1.357098966142964e+09,6.161619415784596e-01,4.283758706904672e+14,24
3.055000000002575e-05,611,2.999999999966292e+02,5.599265111908868e+02,3.091328195914418e+02,5.948440764254885e-05,1.357540012823217e+09,6.194269263195331e-01,4.285880716399144e+14,24
3.060000000002586e-05,612,2.999999999966292e+02,5.611024026122797e+02,3.091597083659469e+02,5.958952944325248e-05,1.356513660794018e+09,6.227043222774441e-01,4.292957353884058e+14,24
3.065000000002597e-05,613,2.999999999966292e+02,5.622037325812743e+02,3.091871015854867e+02,5.969292245524036e-05,1.356784043588786e+09,6.258126535375427e-01,4.285336607564434e+14,24
3.070000000002608e-05,614,2.999999999966292e+02,5.633096555454218e+02,3.092138244218080e+02,5.979655680503225e-05,1.356639849720136e+09,6.289391956463891e-01,4.285359795897121e+14,24
3.075000000002619e-05,615,2.999999999966394e+02,5.644565690022122e+02,3.092408139745792e+02,5.990533100355028e-05,1.356867669290364e+09,6.321667751084105e-01,4.322806208113924e+14,24
3.080000000002630e-05,616,2.999999999966394e+02,5.654831434483326e+02,3.092679757329669e+02,6.001139231516436e-05,1.351786522382581e+09,6.351232625452963e-01,4.311693772761417e+14,24
3.085000000002640e-05,617,2.999999999966394e+02,5.664649030462407e+02,3.092940727281564e+02,6.011502012110562e-05,1.353683543520628e+09,6.379826202938241e-01,4.318650533796492e+14,24
3.090000000002651e-05,618,2.999999999966394e+02,5.674928081608518e+02,3.093204891107960e+02,6.022411275382318e-05,1.351881098650854e+09,6.409523751556004e-01,4.315872993057722e+14,24
3.095000000002662e-05,619,2.999999999966394e+02,5.683852431126326e+02,3.093476579722716e+02,6.033107682525178e-05,1.347055004580442e+09,6.436156595056701e-01,4.301535818571184e+14,24
3.100000000002673e-05,620,2.999999999966394e+02,5.693364128550191e+02,3.093745358902076e+02,6.043813762052380e-05,1.351430412821512e+09,6.464202379260386e-01,4.314104901123706e+14,24
3.105000000002684e-05,621,2.999999999966394e+02,5.703460144389572e+02,3.094029810275364e+02,6.054810103804727e-05,1.351270239805672e+09,6.493656301482766e-01,4.312125945353748e+14,24
3.110000000002695e-05,622,2.999999999966394e+02,5.713138793797691e+02,3.094316105448212e+02,6.065549507315364e-05,1.352225378541421e+09,6.522198463241539e-01,4.308328326898529e+14,24
3.115000000002706e-05,623,2.999999999966394e+02,5.723555422376542e+02,3.094596643949617e+02,6.076071372186151e-05,1.353411490514215e+09,6.552512144325394e-01,4.302980795553756e+14,24
3.120000000002717e-05,624,2.999999999966394e+02,5.733131264351105e+02,3.094877636971869e+02,6.086680008627241e-05,1.350402013620302e+09,6.580927409250735e-01,4.302414539859934e+14,24
3.125000000002728e-05,625,2.999999999967255e+02,5.743016222602561e+02,3.095162392740407e+02,6.096947921023569e-05,1.352377414792955e+09,6.610117445489792e-01,4.257478661400149e+14,24
3.130000000002739e-05,626,2.999999999967255e+02,5.753140509075400e+02,3.095448226777705e+02,6.107633640901358e-05,1.350959704429480e+09,6.639887284706533e-01,4.266402677168578e+14,24
3.135000000002750e-05,627,2.999999999967255e+02,5.762442920536083e+02,3.095729045213597e+02,6.118142185572141e-05,1.350817038814534e+09,6.667762734939655e-01,4.265286655339949e+14,24
3.140000000002761e-05,628,2.999999999967255e+02,5.772006444887483e+02,3.096012676590295e+02,6.128727511732765e-05,1.352671339992031e+09,6.696303226338586e-01,4.262760416367654e+14,24
3.145000000002772e-05,629,2.999999999967288e+02,5.781211799504154e+02,3.096289585065538e+02,6.139408766253587e-05,1.355694277833415e+09,6.724051424497771e-01,4.251070340889115e+14,24
3.150000000002783e-05,630,2.999999999967345e+02,5.789951509498281e+02,3.096564534630896e+02,6.150002519563215e-05,1.352350576909194e+09,6.750750754742481e-01,4.285692997512786e+14,24
3.155000000002794e-05,631,2.999999999967401e+02,5.799063876481250e+02,3.096855666232391e+02,6.160999024009345e-05,1.353726601107908e+09,6.778379754028855e-01,4.270721414353946e+14,24
3.160000000002805e-05,632,2.999999999967458e+02,5.807808505009398e+02,3.097140350613377e+02,6.172248042714742e-05,1.352715364382324e+09,6.805183365344851e-01,4.269058294125194e+14,24
3.165000000002816e-05,633,2.999999999967515e+02,5.816728897622133e+02,3.097429811365922e+02,6.183396253141036e-05,1.355545393750703e+09,6.832454201304412e-01,4.270332131191774e+14,24
3.170000000002827e-05,634,2.999999999968676e+02,5.825616776909317e+02,3.097729683956696e+02,6.194598516134476e-05,1.354935747538558e+09,6.859695024502601e-01,4.216985282636319e+14,24
3.175000000002838e-05,635,2.999999999972535e+02,5.833838718958750e+02,3.098030558187497e+02,6.205810609317679e-05,1.351135264681050e+09,6.885392087175343e-01,4.213305916756637e+14,24
3.180000000002849e-05,636,2.999999999979062e+02,5.842211750407371e+02,3.098328783714168e+02,6.216961374246960e-05,1.360747369582957e+09,6.911488756105034e-01,4.224742995889158e+14,24
3.185000000002860e-05,637,2.999999999983453e+02,5.850301684147443e+02,3.098621888251951e+02,6.227794968271748e-05,1.367009786627399e+09,6.936947103255624e-01,4.171730798239728e+14,24
3.190000000002871e-05,638,2.999999999983510e+02,5.858424408895507e+02,3.098906504184897e+02,6.238782355987394e-05,1.371846594550216e+09,6.962518668027173e-01,4.172304762004658e+14,24
3.195000000002882e-05,639,2.999999999983567e+02,5.871755078477124e+02,3.099211983032724e+02,6.249293174510122e-05,1.383855457783508e+09,7.000330485705583e-01,4.239273844208977e+14,24
3.200000000002893e-05,640,2.999999999983623e+02,5.886964927359063e+02,3.099535480349668e+02,6.259757789537585e-05,1.382080221518218e+09,7.042942025250583e-01,4.255614948508852e+14,24
3.205000000002904e-05,641,2.999999999983680e+02,5.898840996785960e+02,3.099846435718846e+02,6.271513671913493e-05,1.378185033871397e+09,7.077716091436668e-01,4.220955771461180e+14,24
3.210000000002915e-05,642,2.999999999983737e+02,5.910153126725386e+02,3.100166686363270e+02,6.283616933545375e-05,1.374007416784896e+09,7.111219687944619e-01,4.214801760107365e+14,24
3.215000000002926e-05,643,2.999999999983823e+02,5.921400726835698e+02,3.100486330763150e+02,6.295474880287961e-05,1.371022702242518e+09,7.144644226957313e-01,4.250328309359666e+14,24
3.220000000002936e-05,644,2.999999999983880e+02,5.931477493296750e+02,3.100798747513568e+02,6.307261072024749e-05,1.365762100655873e+09,7.175320843280788e-01,4.234609098247596e+14,24
3.225000000002947e-05,645,2.999999999983937e+02,5.940718578253061e+02,3.101102812268295e+02,6.318802147314816e-05,1.362542969349670e+09,7.204033504263541e-01,4.215015387287972e+14,24
3.230000000002958e-05,646,2.999999999983994e+02,5.950121695181475e+02,3.101405809600231e+02,6.330351828052498e-05,1.361158215821348e+09,7.233205101812604e-01,4.201752313500622e+14,24
3.235000000002969e-05,647,2.999999999984051e+02,5.958823255011483e+02,3.101700633821075e+02,6.342096193748335e-05,1.359335391514918e+09,7.260723785812226e-01,4.194303833038218e+14,24
3.240000000002980e-05,648,2.999999999984108e+02,5.967793366719746e+02,3.101992905652939e+02,6.353419013336172e-05,1.358291410324279e+09,7.288944093093790e-01,4.188021101676412e+14,24
3.245000000002991e-05,649,2.999999999984355e+02,5.976218481368511e+02,3.102282837035601e+02,6.364690559989600e-05,1.359459023968702e+09,7.315893714255111e-01,4.172692951197136e+14,24
3.250000000003002e-05,650,2.999999999984412e+02,5.984913435326715e+02,3.102568551983446e+02,6.376118585436769e-05,1.359256889558613e+09,7.343553163668710e-01,4.193726090666186e+14,24
3.255000000003013e-05,651,2.999999999984469e+02,5.994182251480615e+02,3.102857457748626e+02,6.387114227576506e-05,1.361685147223933e+09,7.372673667721169e-01,4.216193824471197e+14,24
3.260000000003024e-05,652,2.999999999984526e+02,6.003216068517721e+02,3.103150932739940e+02,6.398468905501212e-05,1.361498095493354e+09,7.401278676697770e-01,4.230131121481162e+14,24
3.265000000003035e-05,653,2.999999999984619e+02,6.012510566229222e+02,3.103445840577918e+02,6.409576094441860e-05,1.361384547729222e+09,7.430579777851868e-01,4.224899805112722e+14,24
3.270000000003046e-05,654,2.999999999984676e+02,6.021637552777295e+02,3.103741217466780e+02,6.420740644419971e-05,1.361240791401561e+09,7.459528119779744e-01,4.236398983198354e+14,24
3.275000000003057e-05,655,2.999999999977561e+02,6.030838678390705e+02,3.104036883827604e+02,6.431927530917360e-05,1.361480872123625e+09,7.488712066593431e-01,4.255380156064999e+14,24
3.280000000003068e-05,656,2.999999999977618e+02,6.040275366582696e+02,3.104329519306948e+02,6.443031881275391e-05,1.360906272871602e+09,7.518527527676058e-01,4.268923188123026e+14,24
3.285000000003079e-05,657,2.999999999977687e+02,6.049554350798048e+02,3.104622829687199e+02,6.454322033969269e-05,1.361641173533942e+09,7.548015077619086e-01,4.308489706347240e+14,24
3.290000000003090e-05,658,2.999999999977982e+02,6.058425274344610e+02,3.104913514649558e+02,6.465653831692929e-05,1.361159219894155e+09,7.576551431140854e-01,4.312685921753024e+14,24
3.295000000003101e-05,659,2.999999999978039e+02,6.066962575535919e+02,3.105197714645916e+02,6.476851295592483e-05,1.363226986376025e+09,7.604309713348326e-01,4.324587090955394e+14,24
3.300000000003112e-05,660,2.999999999978095e+02,6.075625473199557e+02,3.105481353163161e+02,6.488143201632101e-05,1.367855017926995e+09,7.632435396143737e-01,4.331761050452174e+14,24
3.305000000003123e-05,661,2.999999999978152e+02,6.084364999219787e+02,3.105767206346343e+02,6.499235263362929e-05,1.370397792829487e+09,7.660807066223237e-01,4.302065166874961e+14,24
3.310000000003134e-05,662,2.999999999978124e+02,6.093066196073302e+02,3.106051309989433e+02,6.510381394234518e-05,1.373189753216036e+09,7.689136287824224e-01,4.334830092555201e+14,24
3.315000000003145e-05,663,2.999999999978181e+02,6.101972727356620e+02,3.106336693510420e+02,6.521052599261972e-05,1.375874123181374e+09,7.718034335472693e-01,4.333342628531247e+14,24
3.320000000003156e-05,664,2.999999999978238e+02,6.111037135783949e+02,3.106620642992723e+02,6.531957526853360e-05,1.379633318196848e+09,7.747386413289360e-01,4.341244827032196e+14,24
3.325000000003167e-05,665,2.999999999978295e+02,6.120749424075144e+02,3.106910887906152e+02,6.542761875206769e-05,1.381157147171331e+09,7.778426596997322e-01,4.343088062306396e+14,24
3.330000000003178e-05,666,2.999999999978352e+02,6.130081956410880e+02,3.107201783791148e+02,6.553093785398786e-05,1.382052603137813e+09,7.808582944471297e-01,4.341647876662980e+14,24
3.335000000003189e-05,667,2.999999999978226e+02,6.139555478619526e+02,3.107483456071204e+02,6.563816116760878e-05,1.384300443866305e+09,7.839159138189793e-01,4.392716378529179e+14,24
3.340000000003200e-05,668,2.999999999978282e+02,6.148859017614491e+02,3.107763685487213e+02,6.574030920729985e-05,1.383419551982181e+09,7.869392205389115e-01,4.394183406031892e+14,24
3.345000000003211e-05,669,2.999999999978339e+02,6.157662158301073e+02,3.108037915445119e+02,6.584310789661490e-05,1.384041082171892e+09,7.898468548901177e-01,4.402290542913095e+14,24
3.350000000003222e-05,670,2.999999999978396e+02,6.166749943626567e+02,3.108315707264045e+02,6.595145940103449e-05,1.383958117664690e+09,7.928322724510067e-01,4.397378569291333e+14,24
3.355000000003233e-05,671,2.999999999978453e+02,6.176009567779707e+02,3.108600672961692e+02,6.606064661244939e-05,1.382028691097864e+09,7.958672480388256e-01,4.392844440721791e+14,24
3.360000000003243e-05,672,2.999999999978510e+02,6.185672881790517e+02,3.108890319482951e+02,6.616872982341222e-05,1.380727010507385e+09,7.990104737250806e-01,4.388266853985056e+14,24
3.365000000003254e-05,673,2.999999999978567e+02,6.194920105620231e+02,3.109182906429899e+02,6.628188036817475e-05,1.379788129475855e+09,8.020555686178108e-01,4.366442448252673e+14,25
3.370000000003265e-05,674,2.999999999978623e+02,6.204864946851461e+02,3.109477092593855e+02,6.639284845372961e-05,1.375288043647241e+09,8.052838687935093e-01,4.371667388433349e+14,25
3.375000000003276e-05,675,2.999999999978680e+02,6.215396865909134e+02,3.109773604115710e+02,6.650889145324455e-05,1.373986005138879e+09,8.086691059748575e-01,4.360121576245523e+14,25
3.380000000003287e-05,676,2.999999999978737e+02,6.224795715895416e+02,3.110065546592535e+02,6.662382965770158e-05,1.370220722494511e+09,8.117730772037974e-01,4.287706475415991e+14,25
3.385000000003298e-05,677,2.999999999978794e+02,6.233804272416614e+02,3.110287117496925e+02,6.673468999732662e-05,1.367126226692996e+09,8.147831016186046e-01,4.313667877006294e+14,25
3.390000000003309e-05,678,2.999999999978218e+02,6.242680677811288e+02,3.110512475175884e+02,6.684018056054315e-05,1.362741016633162e+09,8.177649877825078e-01,4.288666941116238e+14,25
3.395000000003320e-05,679,2.999999999978274e+02,6.251101199242050e+02,3.110799588272624e+02,6.694634335502625e-05,1.361029063808482e+09,8.206354956717221e-01,4.323161909512391e+14,25
3.400000000003331e-05,680,2.999999999978331e+02,6.259885556908373e+02,3.110956377983908e+02,6.704999341061470e-05,1.359365015555773e+09,8.236048031196936e-01,4.297048048207085e+14,25
3.405000000003342e-05,681,2.999999999978388e+02,6.268399004696188e+02,3.111244030156615e+02,6.715926981294907e-05,1.361297782661543e+09,8.265108999649102e-01,4.287844552805102e+14,25
3.410000000003353e-05,682,2.999999999978445e+02,6.277154268859159e+02,3.111463403314339e+02,6.726884002675353e-05,1.361862100654868e+09,8.294892911370055e-01,4.289971365539132e+14,25
3.415000000003364e-05,683,2.999999999978502e+02,6.285902325611371e+02,3.111697708877261e+02,6.737768041210676e-05,1.359990806131902e+09,8.324721262752988e-01,4.289014453270506e+14,25
3.420000000003375e-05,684,2.999999999978591e+02,6.294139613663892e+02,3.111976589868391e+02,6.748992144401646e-05,1.355731463464733e+09,8.353290089484761e-01,4.284675856668778e+14,25
3.425000000003386e-05,685,2.999999999978705e+02,6.302785870375366e+02,3.112143935922362e+02,6.760296959965441e-05,1.352135500607636e+09,8.382980394915799e-01,4.284626617970791e+14,25
3.430000000003397e-05,686,2.999999999977573e+02,6.311156977610062e+02,3.112427421173815e+02,6.771555332666068e-05,1.353412864863572e+09,8.412016493974915e-01,4.271981182956901e+14,25
3.435000000003408e-05,687,2.999999999977687e+02,6.319722657900237e+02,3.112715794955828e+02,6.783035771059153e-05,1.350042725598098e+09,8.441618739782794e-01,4.274249849053267e+14,25
3.440000000003419e-05,688,2.999999999977800e+02,6.328039737493772e+02,3.112896199965834e+02,6.794194400889558e-05,1.349162087301639e+09,8.470635152668347e-01,4.269643345341551e+14,25
3.445000000003430e-05,689,2.999999999978059e+02,6.337040239474866e+02,3.113189262121149e+02,6.805623919372819e-05,1.348796636117420e+09,8.501502874625556e-01,4.272223164254291e+14,25
3.450000000003441e-05,690,2.999999999978173e+02,6.345973971267700e+02,3.113471557865786e+02,6.817135785803488e-05,1.343584437276561e+09,8.532258106382142e-01,4.267888184118952e+14,25
3.455000000003452e-05,691,2.999999999978286e+02,6.353916641324893e+02,3.113755920847122e+02,6.827793642184454e-05,1.346950011715785e+09,8.560485099865497e-01,4.263591574771222e+14,25
3.460000000003463e-05,692,2.999999999978568e+02,6.363309348779443e+02,3.114044964295285e+02,6.839349881274536e-05,1.349195900809946e+09,8.592581700567457e-01,4.255797995166184e+14,25
3.465000000003474e-05,693,2.999999999979008e+02,6.372171687118541e+02,3.114320871215428e+02,6.850484653877776e-05,1.349036511900386e+09,8.623356801614531e-01,4.236775760685872e+14,25
3.470000000003485e-05,694,2.999999999980129e+02,6.381017187181809e+02,3.114576077452620e+02,6.860759205686278e-05,1.346073498561621e+09,8.654160023517244e-01,4.234371692906051e+14,25
3.475000000003496e-05,695,2.999999999980470e+02,6.390366445379798e+02,3.114855823632168e+02,6.871561137665302e-05,1.351957562992612e+09,8.686294837168219e-01,4.232667193356330e+14,25
3.480000000003507e-05,696,2.999999999980811e+02,6.398822733758192e+02,3.115144428996759e+02,6.882542363886007e-05,1.353780144509660e+09,8.716131066817322e-01,4.220485982512139e+14,25
3.485000000003518e-05,697,2.999999999981152e+02,6.407734918709272e+02,3.115431232054139e+02,6.893524593504353e-05,1.352595357780689e+09,8.747240769773290e-01,4.227463006785089e+14,25
3.490000000003529e-05,698,2.999999999981493e+02,6.416239272561559e+02,3.115722961488032e+02,6.904726744311397e-05,1.352964468994806e+09,8.777351823945300e-01,4.222799073237939e+14,25
3.495000000003539e-05,699,2.999999999981834e+02,6.423986550042779e+02,3.116015061742856e+02,6.915920396412691e-05,1.353671987004447e+09,8.805517413621550e-01,4.224479574470380e+14,25
3.500000000003550e-05,700,2.999999999982175e+02,6.432055433609368e+02,3.116321033195487e+02,6.927250305619720e-05,1.353609754217491e+09,8.834604822739877e-01,4.217891932192964e+14,25
3.505000000003561e-05,701,2.999999999973410e+02,6.439410338871010e+02,3.116657691906900e+02,6.938368870916338e-05,1.356077537643169e+09,8.861847488048723e-01,4.212904838076061e+14,25
3.510000000003572e-05,702,2.999999999973410e+02,6.447186880316135e+02,3.116951505685968e+02,6.949324944993474e-05,1.358910914365728e+09,8.890276161951361e-01,4.224416978951257e+14,25
3.515000000003583e-05,703,2.999999999973410e+02,6.455483139972589e+02,3.117240673694276e+02,6.961861210684028e-05,1.360359121613860e+09,8.920156005809977e-01,4.243292713116306e+14,25
3.520000000003594e-05,704,2.999999999973410e+02,6.462356526863196e+02,3.117559667521568e+02,6.972142143013231e-05,1.358237129527986e+09,8.946206063799177e-01,4.262732714887305e+14,25
3.525000000003605e-05,705,2.999999999973410e+02,6.469780549237081e+02,3.117841901668262e+02,6.981720079356117e-05,1.354154451967500e+09,8.973814650819255e-01,4.241671004470019e+14,25
3.530000000003616e-05,706,2.999999999973212e+02,6.477396898341252e+02,3.118098247692805e+02,6.993386310433362e-05,1.352687803805507e+09,9.002033132376215e-01,4.300185856089184e+14,25
3.535000000003627e-05,707,2.999999999973212e+02,6.482496251510705e+02,3.118339444495715e+02,7.004505473422671e-05,1.355067290424233e+09,9.023455419154921e-01,4.295599321611364e+14,25
3.540000000003638e-05,708,2.999999999973212e+02,6.489594260234373e+02,3.118619593932541e+02,7.014894427787908e-05,1.353142110011894e+09,9.050320177198715e-01,4.294662456841211e+14,25
3.545000000003649e-05,709,2.999999999973212e+02,6.496503018038097e+02,3.118887553843794e+02,7.024953781302790e-05,1.346504752981632e+09,9.076810039944713e-01,4.324402569013064e+14,25
3.550000000003660e-05,710,2.999999999973212e+02,6.502136246851329e+02,3.119146787119868e+02,7.034785670961797e-05,1.349713033639056e+09,9.099894540985329e-01,4.322330725523863e+14,25
3.555000000003671e-05,711,2.999999999973212e+02,6.508329730245841e+02,3.119427704693762e+02,7.046165155960544e-05,1.349280906592513e+09,9.124480693936800e-01,4.327104233806068e+14,25
3.560000000003682e-05,712,2.999999999974111e+02,6.514623819793331e+02,3.119708919723744e+02,7.057014107601110e-05,1.349174510803323e+09,9.149492118008937e-01,4.344752505965719e+14,25
3.565000000003693e-05,713,2.999999999974111e+02,6.520806219706038e+02,3.119992461224920e+02,7.068318693961108e-05,1.354511606361727e+09,9.174288553732733e-01,4.359745908963474e+14,25
3.570000000003704e-05,714,2.999999999974111e+02,6.527065548216214e+02,3.120278764121004e+02,7.080137417920512e-05,1.357261546055481e+09,9.199292284305322e-01,4.368655837046416e+14,25
3.575000000003715e-05,715,2.999999999974111e+02,6.533362656384353e+02,3.120573634534865e+02,7.091651815412145e-05,1.358128300430462e+09,9.224441638896054e-01,4.376111105195042e+14,25
3.580000000003726e-05,716,2.999999999974111e+02,6.539615216580456e+02,3.120873731125811e+02,7.102912251852317e-05,1.356235397310405e+09,9.249569423738163e-01,4.392138826807858e+14,25
3.585000000003737e-05,717,2.999999999974111e+02,6.545677740778010e+02,3.121164180277577e+02,7.114672680288139e-05,1.355502476575446e+09,9.274111976474406e-01,4.403840428888242e+14,25
3.590000000003748e-05,718,2.999999999974111e+02,6.552021506278982e+02,3.121459606191592e+02,7.126026963030156e-05,1.357663017601292e+09,9.299479900271939e-01,4.418772583634354e+14,25
3.595000000003759e-05,719,2.999999999974111e+02,6.557910492223290e+02,3.121754916758488e+02,7.137159877100364e-05,1.357832690143846e+09,9.323705049608425e-01,4.429242804204111e+14,25
3.600000000003770e-05,720,2.999999999974111e+02,6.563859998239705e+02,3.122045762075637e+02,7.148705651726841e-05,1.359952884228323e+09,9.348114835227928e-01,4.450656607334632e+14,25
3.605000000003781e-05,721,2.999999999973288e+02,6.569425648519175e+02,3.122339090947024e+02,7.159410377720153e-05,1.360378351497231e+09,9.371517979668728e-01,4.424963669038961e+14,25
3.610000000003792e-05,722,2.999999999973288e+02,6.573755599243739e+02,3.122617373148287e+02,7.170709409017175e-05,1.359491264834577e+09,9.391502502303737e-01,4.435411865053000e+14,25
3.615000000003803e-05,723,2.999999999973288e+02,6.579911806488980e+02,3.122909505453489e+02,7.182317622658639e-05,1.362898685920605e+09,9.416638909560696e-01,4.467923361099859e+14,25
3.620000000003814e-05,724,2.999999999973416e+02,6.586153068351666e+02,3.123220592021473e+02,7.193562488204197e-05,1.363144609813472e+09,9.442046585411827e-01,4.467913016635561e+14,25
3.625000000003825e-05,725,2.999999999973450e+02,6.591411974791233e+02,3.123513826478030e+02,7.204717903234613e-05,1.361537330526622e+09,9.464737213737089e-01,4.491207119011148e+14,25
3.630000000003836e-05,726,2.999999999973502e+02,6.597267273142078e+02,3.123810096288530e+02,7.216238975630948e-05,1.361629930771732e+09,9.489089059180899e-01,4.519411995306426e+14,25
3.635000000003846e-05,727,2.999999999973643e+02,6.602369243547989e+02,3.124111369014354e+02,7.226972768305903e-05,1.361562411006647e+09,9.511373481935892e-01,4.522183963850535e+14,25
3.640000000003857e-05,728,2.999999999973643e+02,6.607294614236407e+02,3.124400335602860e+02,7.238048938967990e-05,1.360364557376839e+09,9.533315541962041e-01,4.537075938420397e+14,25
3.645000000003868e-05,729,2.999999999973643e+02,6.611994739498077e+02,3.124698820563117e+02,7.249713138276706e-05,1.360454436590271e+09,9.554646389211018e-01,4.546302511454024e+14,25
3.650000000003879e-05,730,2.999999999973643e+02,6.616594616909158e+02,3.124997808226667e+02,7.261627627877121e-05,1.359852931881415e+09,9.575749078483163e-01,4.549446493593403e+14,25
3.655000000003890e-05,731,2.999999999973643e+02,6.621859403471967e+02,3.125286842212525e+02,7.272837685038755e-05,1.359178531843274e+09,9.598780153739529e-01,4.571191959450934e+14,25
3.660000000003901e-05,732,2.999999999973643e+02,6.626300736623814e+02,3.125569755822191e+02,7.283638448319657e-05,1.356990754715679e+09,9.619452740883289e-01,4.571697059395475e+14,25
3.665000000003912e-05,733,2.999999999973643e+02,6.635948352755811e+02,3.125876497746714e+02,7.295001032856247e-05,1.359457489899781e+09,9.654175375167303e-01,4.591803262459685e+14,25
3.670000000003923e-05,734,2.999999999973643e+02,6.643044620561474e+02,3.126196167970667e+02,7.306272352569392e-05,1.354848266947774e+09,9.682375676162808e-01,4.591014086336227e+14,25
3.675000000003934e-05,735,2.999999999973681e+02,6.648627588678140e+02,3.126512993112639e+02,7.318008286635814e-05,1.353041883000118e+09,9.706433010266587e-01,4.604599413161761e+14,25
3.680000000003945e-05,736,2.999999999973681e+02,6.654365131882441e+02,3.126832454874012e+02,7.329768788053084e-05,1.353971736205652e+09,9.730937272795971e-01,4.610594118908583e+14,25
3.685000000003956e-05,737,2.999999999973681e+02,6.659876794388657e+02,3.127140944698357e+02,7.340936883425379e-05,1.352637186747855e+09,9.754815946992648e-01,4.623120449134016e+14,25
3.690000000003967e-05,738,2.999999999973681e+02,6.664615286248364e+02,3.127436923216372e+02,7.352618838211888e-05,1.350853465925252e+09,9.776663921921019e-01,4.633379541848900e+14,25
3.695000000003978e-05,739,2.999999999973681e+02,6.670072154001723e+02,3.127732963230115e+02,7.363866827781171e-05,1.353050764870738e+09,9.800565913126569e-01,4.645611324187523e+14,25
3.700000000003989e-05,740,2.999999999973681e+02,6.678197108704649e+02,3.128027591128495e+02,7.374951936956142e-05,1.368254971127322e+09,9.831675185246663e-01,4.672003265132908e+14,25
3.705000000004000e-05,741,2.999999999973847e+02,6.689185536330194e+02,3.128348630450304e+02,7.386419196254586e-05,1.361100007793870e+09,9.871272879275864e-01,4.676648164136761e+14,25
3.710000000004011e-05,742,2.999999999973847e+02,6.696071070557277e+02,3.128678990271089e+02,7.398314914212366e-05,1.359844800104667e+09,9.899563102622970e-01,4.647987345344294e+14,25
3.715000000004022e-05,743,2.999999999973467e+02,6.702577025082227e+02,3.128997950463872e+02,7.410213104569707e-05,1.358745711400505e+09,9.926845536541299e-01,4.658708766867809e+14,25
3.720000000004033e-05,744,2.999999999973538e+02,6.709498679189020e+02,3.129309732329147e+02,7.422648880523586e-05,1.359848696526102e+09,9.955398712759997e-01,4.682871803294569e+14,25
3.725000000004044e-05,745,2.999999999973538e+02,6.716037254950212e+02,3.129631504874263e+02,7.435379823568604e-05,1.359677615982546e+09,9.982955960276781e-01,4.687541584116155e+14,25
3.730000000004055e-05,746,2.999999999973538e+02,6.722094027068969e+02,3.129950048636125e+02,7.447553830132338e-05,1.356458569138506e+09,1.000927440002582e+00,4.704842486800052e+14,25
3.735000000004066e-05,747,2.999999999973538e+02,6.728757194900427e+02,3.130261371932258e+02,7.459625422741309e-05,1.357313293800703e+09,1.003736401113480e+00,4.717682652214334e+14,25
3.740000000004077e-05,748,2.999999999973538e+02,6.734470293845675e+02,3.130577616145320e+02,7.471418408255344e-05,1.358720558141505e+09,1.006273404471463e+00,4.722610626140428e+14,25
3.745000000004088e-05,749,2.999999999973538e+02,6.740062757637821e+02,3.130886825747893e+02,7.483373549087986e-05,1.355321600989640e+09,1.008777114255192e+00,4.731213282004463e+14,25
3.750000000004099e-05,750,2.999999999973850e+02,6.746521737589056e+02,3.131196467729990e+02,7.494917185613195e-05,1.353735451285566e+09,1.011545305236510e+00,4.782103470268966e+14,25
3.755000000004110e-05,751,2.999999999973850e+02,6.752682872075808e+02,3.131507132977843e+02,7.506917548731550e-05,1.353648846771767e+09,1.014237847758786e+00,4.792562897038260e+14,25
3.760000000004121e-05,752,2.999999999973850e+02,6.758908933585792e+02,3.131815284928954e+02,7.518828308475185e-05,1.351083036044104e+09,1.016956579529025e+00,4.793835100458213e+14,25
3.765000000004132e-05,753,2.999999999973853e+02,6.764801667610952e+02,3.132115476630877e+02,7.530637853417190e-05,1.349866392525445e+09,1.019586266329315e+00,4.765871625921342e+14,25
3.770000000004142e-05,754,2.999999999973886e+02,6.770326802785150e+02,3.132416844784258e+02,7.542259623387070e-05,1.350302142433523e+09,1.022115088469635e+00,4.731733889785036e+14,25
3.775000000004153e-05,755,2.999999999973943e+02,6.775411196027866e+02,3.132718550647346e+02,7.553984963444073e-05,1.352104643867782e+09,1.024517345431220e+00,4.798118536253182e+14,25
3.780000000004164e-05,756,2.999999999973213e+02,6.780693416236087e+02,3.133025183708331e+02,7.565779876376475e-05,1.356000336274856e+09,1.026983207558432e+00,4.803768120146848e+14,25
3.785000000004175e-05,757,2.999999999973270e+02,6.785733139992786e+02,3.133334874660035e+02,7.577726394212468e-05,1.360680166434770e+09,1.029378473894290e+00,4.793418314409017e+14,25
3.790000000004186e-05,758,2.999999999973327e+02,6.791244779713403e+02,3.133644977147860e+02,7.589404378563097e-05,1.365629269056778e+09,1.031918236883972e+00,4.803310551231968e+14,25
3.795000000004197e-05,759,2.999999999973384e+02,6.796688620494466e+02,3.133950475864303e+02,7.600991942019366e-05,1.368110446978732e+09,1.034445087347946e+00,4.773581821299883e+14,25
3.800000000004208e-05,760,2.999999999973440e+02,6.801431216554314e+02,3.134256781622325e+02,7.612648218833234e-05,1.367950440378028e+09,1.036768637488735e+00,4.758731876078643e+14,25
3.805000000004219e-05,761,2.999999999973729e+02,6.805729431524087e+02,3.134557060777158e+02,7.624435583868004e-05,1.363673700317572e+09,1.038960627239941e+00,4.753411663612159e+14,25
3.810000000004230e-05,762,2.999999999973975e+02,6.810280869386743e+02,3.134854257459728e+02,7.635636525501516e-05,1.358133784802047e+09,1.041236004608235e+00,4.753919082665399e+14,26
3.815000000004241e-05,763,2.999999999974032e+02,6.814289649861639e+02,3.135156362496107e+02,7.647091353292879e-05,1.352773724573196e+09,1.043355456395370e+00,4.747866977611281e+14,26
3.820000000004252e-05,764,2.999999999974088e+02,6.818149610095843e+02,3.135452248315237e+02,7.658283059154024e-05,1.346589504239405e+09,1.045424333673599e+00,4.758307323811146e+14,26
3.825000000004263e-05,765,2.999999999974145e+02,6.822377614935222e+02,3.135740039363652e+02,7.669227206523478e-05,1.346431416335327e+09,1.047598637640748e+00,4.764286788295786e+14,26
3.830000000004274e-05,766,2.999999999974202e+02,6.826685815183242e+02,3.136029494713078e+02,7.679981917303833e-05,1.346035213410829e+09,1.049795645529662e+00,4.760431937852026e+14,26
3.835000000004285e-05,767,2.999999999974259e+02,6.830760180093365e+02,3.136321406047931e+02,7.690559881816508e-05,1.345955469949938e+09,1.051930879433103e+00,4.759265783444714e+14,26
3.840000000004296e-05,768,2.999999999974316e+02,6.834941267746218e+02,3.136613554085798e+02,7.701892068740632e-05,1.345278882095217e+09,1.054103280803259e+00,4.750384838468104e+14,26
3.845000000004307e-05,769,2.999999999974526e+02,6.839146561832877e+02,3.136903477292100e+02,7.712647880179280e-05,1.344598253399047e+09,1.056284711008822e+00,4.746376124321991e+14,26
3.850000000004318e-05,770,2.999999999974582e+02,6.843336864345110e+02,3.137183683587931e+02,7.723362285101069e-05,1.344446616824095e+09,1.058466385954887e+00,4.742203870286990e+14,26
3.855000000004329e-05,771,2.999999999974639e+02,6.848117402644873e+02,3.137467840885355e+02,7.734381659688700e-05,1.344701316755935e+09,1.060832709663856e+00,4.745155145662194e+14,26
3.860000000004340e-05,772,2.999999999974462e+02,6.853530611817295e+02,3.137754524302350e+02,7.745748243139392e-05,1.344277828060512e+09,1.063391678401064e+00,4.744639767135423e+14,26
3.865000000004351e-05,773,2.999999999974519e+02,6.859441357255332e+02,3.138047066408862e+02,7.756825143789672e-05,1.344690382013060e+09,1.066108491944052e+00,4.739661097379286e+14,26
3.870000000004362e-05,774,2.999999999974576e+02,6.864879311221762e+02,3.138337773324743e+02,7.767793385414039e-05,1.344428841407077e+09,1.068689396970687e+00,4.730805736874284e+14,26
3.875000000004373e-05,775,2.999999999974632e+02,6.870766752404741e+02,3.138624024425221e+02,7.778393868005008e-05,1.346062048425800e+09,1.071409314776864e+00,4.732330135727630e+14,26
3.880000000004384e-05,776,2.999999999974573e+02,6.876600818693589e+02,3.138824056688428e+02,7.789067750529746e-05,1.346317771251872e+09,1.074124397266089e+00,4.703413749293456e+14,27
3.885000000004395e-05,777,2.999999999974756e+02,6.882391780631049e+02,3.139024949690857e+02,7.799764881805642e-05,1.345702104287227e+09,1.076836560392214e+00,4.715592477859202e+14,27
3.890000000004406e-05,778,2.999999999974813e+02,6.888906268370306e+02,3.139300995210618e+02,7.809838819433102e-05,1.345099095322163e+09,1.079773674021130e+00,4.704585276708922e+14,27
3.895000000004417e-05,779,2.999999999975820e+02,6.895718472783350e+02,3.139413396559951e+02,7.820350523889260e-05,1.346246845754796e+09,1.082801103915448e+00,4.699210177558298e+14,27
3.900000000004428e-05,780,2.999999999975877e+02,6.903376779056276e+02,3.139690886285838e+02,7.831270020070219e-05,1.346100408602334e+09,1.086101707289463e+00,4.693564568605334e+14,27
3.905000000004439e-05,781,2.999999999976755e+02,6.911347604082903e+02,3.139977179718534e+02,7.841580986981227e-05,1.347600691370369e+09,1.089510961741109e+00,4.687591292362166e+14,27
3.910000000004449e-05,782,2.999999999976891e+02,6.919358994319808e+02,3.140108427119320e+02,7.852328589943261e-05,1.346381140092988e+09,1.092937236225945e+00,4.682537312922582e+14,27
3.915000000004460e-05,783,2.999999999976948e+02,6.927587430713545e+02,3.140391927478175e+02,7.863232275611532e-05,1.347338406839120e+09,1.096441229213065e+00,4.645696695941696e+14,27
3.920000000004471e-05,784,2.999999999977005e+02,6.935858789083943e+02,3.140677648479746e+02,7.874533734268744e-05,1.349224051350398e+09,1.099963962712013e+00,4.630975917580360e+14,27
3.925000000004482e-05,785,2.999999999976940e+02,6.944366136015109e+02,3.140893163051909e+02,7.885921061233305e-05,1.351691877533653e+09,1.103564243412478e+00,4.616718342821121e+14,27
3.930000000004493e-05,786,2.999999999976997e+02,6.952198437095043e+02,3.141008026368219e+02,7.897198288038422e-05,1.353260469032887e+09,1.106980284117697e+00,4.623251101372105e+14,27
3.935000000004504e-05,787,2.999999999977053e+02,6.959156610663902e+02,3.141288175897212e+02,7.908068378158536e-05,1.344607705973395e+09,1.110141365310524e+00,4.599445490137230e+14,27
3.940000000004515e-05,788,2.999999999977775e+02,6.966740631524907e+02,3.141553591227186e+02,7.919541430415903e-05,1.352011657483872e+09,1.113508582707880e+00,4.560133054360226e+14,27
3.945000000004526e-05,789,2.999999999977603e+02,6.971527031425110e+02,3.141841238522968e+02,7.931285290452854e-05,1.354550586576040e+09,1.116005773061363e+00,4.527005031825388e+14,27
3.950000000004537e-05,790,2.999999999977660e+02,6.976995843788501e+02,3.142138452647681e+02,7.942475799240669e-05,1.353124979993287e+09,1.118717411359750e+00,4.525237962964759e+14,27
3.955000000004548e-05,791,2.999999999977717e+02,6.982773894894493e+02,3.142435961425045e+02,7.953413885129942e-05,1.351731601849407e+09,1.121544878707843e+00,4.512385453918659e+14,27
3.960000000004559e-05,792,2.999999999971180e+02,6.987506068407080e+02,3.142726867115965e+02,7.964879463998113e-05,1.352724751649511e+09,1.124046106373906e+00,4.492068799242854e+14,27
3.965000000004570e-05,793,2.999999999971276e+02,6.992549642928861e+02,3.143026489822951e+02,7.976440173022239e-05,1.352769446803016e+09,1.126658270762617e+00,4.475368250825430e+14,27
3.970000000004581e-05,794,2.999999999971333e+02,6.997493948898720e+02,3.143339262258918e+02,7.988112606404229e-05,1.356954469993500e+09,1.129241310326291e+00,4.451369534314342e+14,27
3.975000000004592e-05,795,2.999999999971390e+02,7.001438365408900e+02,3.143653417127747e+02,8.000034813187103e-05,1.355883567846018e+09,1.131505085816223e+00,4.431897541439249e+14,28
3.980000000004603e-05,796,2.999999999970992e+02,7.005506950714462e+02,3.143973730063111e+02,8.011339743082020e-05,1.356926145658386e+09,1.133803702200533e+00,4.401518562419659e+14,28
3.985000000004614e-05,797,2.999999999971063e+02,7.009984296151899e+02,3.144225488778328e+02,8.022350750459207e-05,1.356400412720412e+09,1.136243823506306e+00,4.378192366003568e+14,28
3.990000000004625e-05,798,2.999999999971156e+02,7.014413875164425e+02,3.144548458093169e+02,8.033770647032075e-05,1.358449401480791e+09,1.138674254038151e+00,4.372155638679797e+14,28
3.995000000004636e-05,799,2.999999999971213e+02,7.018372249170171e+02,3.144883316765446e+02,8.045383705291283e-05,1.360173496533319e+09,1.140956569250682e+00,4.315840767067576e+14,28
4.000000000004647e-05,800,2.999999999971270e+02,7.079359551280003e+02,3.145248381551999e+02,8.057476968751016e-05,1.359769517815356e+09,1.149589455239273e+00,3.988740625193696e+14,28
4.005000000004658e-05,801,2.999999999971326e+02,7.093957492343490e+02,3.145612152750793e+02,8.069176595910787e-05,1.356949146776784e+09,1.153954919319744e+00,3.962276973247142e+14,28
4.010000000004669e-05,802,2.999999999971383e+02,7.098338277049332e+02,3.145993758981100e+02,8.081472798881829e-05,1.353398585533973e+09,1.156001187540462e+00,3.866263121785671e+14,28
4.015000000004680e-05,803,2.999999999971440e+02,7.100594241504250e+02,3.146393412573689e+02,8.093211972440783e-05,1.344329313157268e+09,1.157566257731228e+00,3.862125544782365e+14,28
4.020000000004691e-05,804,2.999999999971913e+02,7.102274405045771e+02,3.146812574206855e+02,8.105043748158392e-05,1.358469678391106e+09,1.159062108762102e+00,3.954693624926752e+14,28
4.025000000004702e-05,805,2.999999999971969e+02,7.104341702102930e+02,3.147239185634226e+02,8.118715872540125e-05,1.404696805229348e+09,1.160724575774815e+00,3.936361115777565e+14,28
4.030000000004713e-05,806,2.999999999972305e+02,7.105393143485060e+02,3.147657273504768e+02,8.130194950401858e-05,1.420230121637959e+09,1.162052131577909e+00,3.914870714827294e+14,28
4.035000000004724e-05,807,2.999999999972362e+02,7.106034386587438e+02,3.148045622228430e+02,8.140706401596737e-05,1.408359894810548e+09,1.163171124940705e+00,3.908223521738859e+14,28
4.040000000004735e-05,808,2.999999999972418e+02,7.106879595044666e+02,3.148409926961606e+02,8.150887501848798e-05,1.395421075343548e+09,1.164364052580605e+00,3.884659419790036e+14,28
4.045000000004745e-05,809,2.999999999972475e+02,7.107352624927837e+02,3.148739582191147e+02,8.160793977232427e-05,1.381774412775711e+09,1.165410206252141e+00,3.848518245855833e+14,28
4.050000000004756e-05,810,2.999999999972532e+02,7.108515001762112e+02,3.149083667358207e+02,8.170682056899619e-05,1.359626538892697e+09,1.166708231355885e+00,3.855690977028372e+14,28
4.055000000004767e-05,811,2.999999999972587e+02,7.111038612605446e+02,3.149433942945286e+02,8.182302956606670e-05,1.362011289723136e+09,1.168432763487192e+00,3.846892749357498e+14,28
4.060000000004778e-05,812,2.999999999972644e+02,7.113572297539582e+02,3.149780688179516e+02,8.193535212915692e-05,1.359450584288186e+09,1.170177788018976e+00,3.825486885224746e+14,28
4.065000000004789e-05,813,2.999999999972566e+02,7.116545892807793e+02,3.150099349334586e+02,8.204240962662385e-05,1.356384689624095e+09,1.172089183840974e+00,3.792355913153655e+14,28
4.070000000004800e-05,814,2.999999999972623e+02,7.118780956797688e+02,3.150396476193362e+02,8.214902276521987e-05,1.353592437760920e+09,1.173824566702937e+00,3.737900747547919e+14,28
4.075000000004811e-05,815,2.999999999972680e+02,7.120470711881441e+02,3.150732333522210e+02,8.225394250862609e-05,1.420347571186280e+09,1.175390129220914e+00,3.777179814807028e+14,28
4.080000000004822e-05,816,2.999999999972686e+02,7.122473634348216e+02,3.151022286254855e+02,8.236371622119022e-05,1.387781048404085e+09,1.177071801517966e+00,3.762590283932896e+14,28
4.085000000004833e-05,817,2.999999999972743e+02,7.124460355310752e+02,3.151301229334196e+02,8.247735057143241e-05,1.363671946017798e+09,1.178785327729907e+00,3.761367075617598e+14,28
4.090000000004844e-05,818,2.999999999972800e+02,7.125849668124902e+02,3.151570809169187e+02,8.259453777531639e-05,1.348114551191453e+09,1.180320327915558e+00,3.734309697554344e+14,28
4.095000000004855e-05,819,2.999999999959946e+02,7.126201812636764e+02,3.151830791218943e+02,8.270251938309345e-05,1.349656141725597e+09,1.181513625442760e+00,3.711973832067577e+14,28
4.100000000004866e-05,820,2.999999999960003e+02,7.127095622845894e+02,3.152087444303642e+02,8.281113865806031e-05,1.348783444822981e+09,1.182864370908229e+00,3.677292485625746e+14,28
4.105000000004877e-05,821,2.999999999960060e+02,7.128484821067165e+02,3.152362573796024e+02,8.291515292313950e-05,1.357972077078647e+09,1.184352833074490e+00,3.669825576409114e+14,28
4.110000000004888e-05,822,2.999999999960026e+02,7.130263716947007e+02,3.152660670182950e+02,8.302356967543316e-05,1.359748236334663e+09,1.185937918523414e+00,3.665952923670695e+14,28
4.115000000004899e-05,823,2.999999999960000e+02,7.132738181080341e+02,3.152966556184509e+02,8.313181343888868e-05,1.360491400056644e+09,1.187755741444802e+00,3.669058899611596e+14,28
4.120000000004910e-05,824,2.999999999960057e+02,7.135631957492521e+02,3.153275463212721e+02,8.323168979008493e-05,1.359132811424022e+09,1.189714002078077e+00,3.650676320793298e+14,28
4.125000000004921e-05,825,2.999999999960114e+02,7.138799271091245e+02,3.153570411008849e+02,8.333215127663165e-05,1.355046516756118e+09,1.191749272396246e+00,3.648054622868382e+14,28
4.130000000004932e-05,826,2.999999999960171e+02,7.142244168492870e+02,3.153850663680498e+02,8.343851260315118e-05,1.351257874399579e+09,1.193888782934991e+00,3.623382128392653e+14,29
4.135000000004943e-05,827,2.999999999960228e+02,7.145426835865964e+02,3.154134245507105e+02,8.354256719011925e-05,1.349438954434311e+09,1.195951949603847e+00,3.577619938768408e+14,29
4.140000000004954e-05,828,2.999999999960285e+02,7.148421905047729e+02,3.154401021188085e+02,8.364928107173057e-05,1.348095873684389e+09,1.197944323523583e+00,3.530942806705533e+14,29
4.145000000004965e-05,829,2.999999999960341e+02,7.155651431919655e+02,3.154662669405528e+02,8.375005847869020e-05,1.347812808179293e+09,1.201240198967207e+00,3.463627295111895e+14,29
4.150000000004976e-05,830,2.999999999960398e+02,7.158724424184170e+02,3.154910441143282e+02,8.384912084111595e-05,1.345794162669868e+09,1.203276122877524e+00,3.425109457857391e+14,29
4.155000000004987e-05,831,2.999999999960482e+02,7.161769860945418e+02,3.155161380227461e+02,8.396708665279940e-05,1.348320271743032e+09,1.205325729637485e+00,3.400796787264380e+14,29
4.160000000004998e-05,832,2.999999999960539e+02,7.165853141343883e+02,3.155442474523468e+02,8.408638071952337e-05,1.355168081051299e+09,1.207698436852970e+00,3.352072999793882e+14,29
4.165000000005009e-05,833,2.999999999959963e+02,7.169443963739253e+02,3.155735304407253e+02,8.420360715157200e-05,1.356295717659470e+09,1.209903142458387e+00,3.323196062670516e+14,29
4.170000000005020e-05,834,2.999999999960020e+02,7.172449602086182e+02,3.156025646580034e+02,8.432148194208481e-05,1.359262671102136e+09,1.211928262562433e+00,3.268527567285741e+14,29
4.175000000005031e-05,835,2.999999999960077e+02,7.180395978466325e+02,3.156327732861267e+02,8.443029141798466e-05,1.369999104331184e+09,1.215455733002735e+00,3.232551619093479e+14,29
4.180000000005041e-05,836,2.999999999960133e+02,7.185992334924847e+02,3.156624940679658e+02,8.453602478512208e-05,1.365890074802515e+09,1.218290305984747e+00,3.190017243814455e+14,29
4.185000000005052e-05,837,2.999999999960291e+02,7.192059085404964e+02,3.156914570355526e+02,8.464476293080143e-05,1.366423816946147e+09,1.221057746428404e+00,3.154633612248704e+14,29
4.190000000005063e-05,838,2.999999999960348e+02,7.198439762245459e+02,3.157194890088128e+02,8.474707087146318e-05,1.367532827884709e+09,1.223911787815204e+00,3.120467621538539e+14,29
4.195000000005074e-05,839,2.999999999960405e+02,7.203518467806954e+02,3.157460488585666e+02,8.484849597353284e-05,1.363954540638622e+09,1.226634924669684e+00,3.086995371663060e+14,29
4.200000000005085e-05,840,2.999999999960788e+02,7.207753382742060e+02,3.157721054902148e+02,8.494983722573223e-05,1.369229985298484e+09,1.229223401915277e+00,3.065623824209959e+14,29
4.205000000005096e-05,841,2.999999999960603e+02,7.211774553938935e+02,3.157984112705887e+02,8.504912900245002e-05,1.381504881879162e+09,1.231546496252924e+00,3.072385013701852e+14,29
4.210000000005107e-05,842,2.999999999960660e+02,7.215245931574584e+02,3.158245834589058e+02,8.515242905959887e-05,1.399216993207163e+09,1.233513423092741e+00,3.051711351570536e+14,29
4.215000000005118e-05,843,2.999999999960717e+02,7.218169784787173e+02,3.158505735283405e+02,8.526367659306686e-05,1.410561551021713e+09,1.235307480401881e+00,3.038309002818078e+14,29
4.220000000005129e-05,844,2.999999999960773e+02,7.222134303066071e+02,3.158783489914081e+02,8.537659857981916e-05,1.404376027163496e+09,1.236981614284088e+00,3.015378431692304e+14,29
4.225000000005140e-05,845,2.999999999960830e+02,7.226448217401093e+02,3.159074903238824e+02,8.549061778611615e-05,1.387922892315354e+09,1.238544240918796e+00,3.003290545673754e+14,29
4.230000000005151e-05,846,2.999999999960887e+02,7.231007591859695e+02,3.159358694378687e+02,8.560939788209886e-05,1.380971411159451e+09,1.240328216565468e+00,2.976840236793122e+14,29
4.235000000005162e-05,847,2.999999999960944e+02,7.235789003180888e+02,3.159645612741547e+02,8.573263264589662e-05,1.375913122672857e+09,1.242057249701309e+00,2.967866260806262e+14,29
4.240000000005173e-05,848,2.999999999961001e+02,7.240384678209540e+02,3.159928113803890e+02,8.584297407914925e-05,1.371002002651302e+09,1.243798868747728e+00,2.962860686665406e+14,29
4.245000000005184e-05,849,2.999999999961058e+02,7.244163072221880e+02,3.160198275969150e+02,8.595163831686106e-05,1.366744841349326e+09,1.245587355506278e+00,2.961780242127944e+14,29
4.250000000005195e-05,850,2.999999999961043e+02,7.248389103128704e+02,3.160464761344243e+02,8.605616721589412e-05,1.364388767786320e+09,1.247496653884305e+00,2.973831807257140e+14,29
4.255000000005206e-05,851,2.999999999961186e+02,7.251666953618793e+02,3.160718504516225e+02,8.615254922183259e-05,1.361093270699665e+09,1.249393020356392e+00,2.966217780049819e+14,29
4.260000000005217e-05,852,2.999999999961242e+02,7.255250904202026e+02,3.160961668536610e+02,8.625179717079708e-05,1.359299062745371e+09,1.251438423901548e+00,2.968790106100776e+14,29
4.265000000005228e-05,853,2.999999999961299e+02,7.259305620065930e+02,3.161218630068244e+02,8.634237247516223e-05,1.358958833459695e+09,1.253495197791141e+00,2.967269684193204e+14,29
4.270000000005239e-05,854,2.999999999961356e+02,7.263190935212176e+02,3.161480667291030e+02,8.643854565675664e-05,1.357333415503377e+09,1.255419170078095e+00,2.958152091433142e+14,29
4.275000000005250e-05,855,2.999999999961413e+02,7.266807155610326e+02,3.161741219202766e+02,8.654366873177773e-05,1.358556165024398e+09,1.257328855462096e+00,2.957427189525291e+14,29
4.280000000005261e-05,856,2.999999999961470e+02,7.271121860448834e+02,3.162012006700734e+02,8.664660004585098e-05,1.358491309196970e+09,1.259232450989559e+00,2.948762076612478e+14,29
4.285000000005272e-05,857,2.999999999961527e+02,7.275117889728855e+02,3.162279395907718e+02,8.675392954154435e-05,1.358445296547781e+09,1.260897128549993e+00,2.941642853414208e+14,29
4.290000000005283e-05,858,2.999999999961584e+02,7.279084223315022e+02,3.162544719270497e+02,8.686657336454530e-05,1.358485976978673e+09,1.262602004573846e+00,2.940174530685366e+14,29
4.295000000005294e-05,859,2.999999999961640e+02,7.283340846539967e+02,3.162820198612577e+02,8.698451005604457e-05,1.359517847569646e+09,1.264240068646213e+00,2.941233394857146e+14,29
4.300000000005305e-05,860,2.999999999961661e+02,7.287486760713813e+02,3.163097975106074e+02,8.709619357466997e-05,1.357903613989326e+09,1.265842467836078e+00,2.946451688930912e+14,29
4.305000000005316e-05,861,2.999999999961718e+02,7.291792293698703e+02,3.163370494683866e+02,8.720541807928071e-05,1.358310940943020e+09,1.267578295214058e+00,2.951738907660485e+14,29
4.310000000005327e-05,862,2.999999999961775e+02,7.296065339806361e+02,3.163647040934158e+02,8.731239314210593e-05,1.358065095840171e+09,1.269254626453327e+00,2.956267300007178e+14,29
4.315000000005338e-05,863,2.999999999961831e+02,7.299933506182355e+02,3.163919774519859e+02,8.741400941470122e-05,1.355739874949225e+09,1.270861341570815e+00,2.952787580729950e+14,29
4.320000000005348e-05,864,2.999999999961888e+02,7.303991775434729e+02,3.164184899555265e+02,8.751052993471257e-05,1.355208463951288e+09,1.272604796003390e+00,2.947283372494106e+14,29
4.325000000005359e-05,865,2.999999999961945e+02,7.308372650192749e+02,3.164453934540831e+02,8.760469556230373e-05,1.356541185100915e+09,1.274402956139245e+00,2.942476894307562e+14,29
4.330000000005370e-05,866,2.999999999961856e+02,7.312688381850314e+02,3.164731382053395e+02,8.770667477651482e-05,1.356411890954693e+09,1.276211346832890e+00,2.937930448210042e+14,29
4.335000000005381e-05,867,2.999999999961913e+02,7.317541237102150e+02,3.165012302430688e+02,8.780719543547876e-05,1.355014834638646e+09,1.278081039621258e+00,2.944681561474403e+14,29
4.340000000005392e-05,868,2.999999999961969e+02,7.322301875631638e+02,3.165292520271610e+02,8.790620748407027e-05,1.354556506045328e+09,1.279932682352962e+00,2.944369444911374e+14,29
4.345000000005403e-05,869,2.999999999960734e+02,7.327010708709659e+02,3.165571327157505e+02,8.801029996561224e-05,1.353343847518969e+09,1.281642524171734e+00,2.943661485111234e+14,29
4.350000000005414e-05,870,2.999999999960485e+02,7.332037504665029e+02,3.165851794147588e+02,8.812281333421342e-05,1.354911196754783e+09,1.283402142711672e+00,2.949193715561484e+14,29
4.355000000005425e-05,871,2.999999999960542e+02,7.337202846983739e+02,3.166143136748659e+02,8.823758193774965e-05,1.357291032395327e+09,1.284998842146942e+00,2.943466425557389e+14,29
4.360000000005436e-05,872,2.999999999962183e+02,7.341834101932660e+02,3.166428931006941e+02,8.835379784374308e-05,1.357169544313377e+09,1.286368075259373e+00,2.921765660514979e+14,29
4.365000000005447e-05,873,2.999999999962645e+02,7.346708939677063e+02,3.166707139884228e+02,8.846604038272054e-05,1.357928184976404e+09,1.287819624263863e+00,2.908701459859702e+14,29
4.370000000005458e-05,874,2.999999999962581e+02,7.351414832756905e+02,3.166992025624340e+02,8.858338782299402e-05,1.360932316023381e+09,1.289195775132999e+00,2.913243154258601e+14,29
4.375000000005469e-05,875,2.999999999962638e+02,7.356360018687047e+02,3.167288540774357e+02,8.870068302500323e-05,1.359972382139037e+09,1.290660957464666e+00,2.920937055174328e+14,29
4.380000000005480e-05,876,2.999999999962957e+02,7.361799907690026e+02,3.167426043878889e+02,8.881104214187072e-05,1.355123146347190e+09,1.292382527050276e+00,2.920642655972426e+14,29
4.385000000005491e-05,877,2.999999999963014e+02,7.366523457766407e+02,3.167587500542006e+02,8.891395756225653e-05,1.354196248987649e+09,1.294270742838777e+00,2.955996504630489e+14,29
4.390000000005502e-05,878,2.999999999963071e+02,7.369710674881259e+02,3.167849128243541e+02,8.901785164234899e-05,1.357052511169609e+09,1.296497699395476e+00,2.952376722610863e+14,29
4.395000000005513e-05,879,2.999999999963127e+02,7.373924066908362e+02,3.168026653402440e+02,8.912699484571755e-05,1.359006956219810e+09,1.298041096158199e+00,2.928293722132866e+14,29
4.400000000005524e-05,880,2.999999999963184e+02,7.378667818255312e+02,3.168314088295182e+02,8.922716170866330e-05,1.358598585664492e+09,1.300001824622085e+00,2.932388879515388e+14,29
4.405000000005535e-05,881,2.999999999963241e+02,7.383192839264690e+02,3.168420669765360e+02,8.932976428258161e-05,1.351005444190353e+09,1.302190663017159e+00,2.898075472096971e+14,29
4.410000000005546e-05,882,2.999999999963298e+02,7.387993970613519e+02,3.168701888564535e+02,8.942972054329468e-05,1.397353210647261e+09,1.304390536210470e+00,2.901361136308877e+14,29
4.415000000005557e-05,883,2.999999999963355e+02,7.391786083613194e+02,3.168833749867425e+02,8.954933056980436e-05,1.383097609598179e+09,1.306702393811993e+00,2.894006076492386e+14,29
4.420000000005568e-05,884,2.999999999963412e+02,7.396441597318311e+02,3.169160909517558e+02,8.967219429412786e-05,1.375259838643344e+09,1.308086141662713e+00,2.880141936625516e+14,29
4.425000000005579e-05,885,2.999999999963468e+02,7.402431051815921e+02,3.169501903126976e+02,8.977989603285196e-05,1.368977631977889e+09,1.309882424239542e+00,2.889116294442609e+14,29
4.430000000005590e-05,886,2.999999999963525e+02,7.408039355835894e+02,3.169835831616435e+02,8.990127140475696e-05,1.363727503007196e+09,1.311962291580130e+00,2.887904919765234e+14,29
4.435000000005601e-05,887,2.999999999963582e+02,7.414031623049749e+02,3.170180539374928e+02,9.002774219959110e-05,1.369710938189114e+09,1.313862428805430e+00,2.883548044941702e+14,29
4.440000000005612e-05,888,2.999999999963639e+02,7.420442129878418e+02,3.170454151765535e+02,9.015379219170288e-05,1.383562970643005e+09,1.315620628101933e+00,2.871139094685428e+14,29
4.445000000005623e-05,889,2.999999999963696e+02,7.425985401745780e+02,3.170790707801938e+02,9.027420093692839e-05,1.381160355243242e+09,1.317735371178647e+00,2.860277239408354e+14,29
4.450000000005634e-05,890,2.999999999963753e+02,7.431307803915453e+02,3.171108230237464e+02,9.038640549531826e-05,1.374403109322290e+09,1.319924708040104e+00,2.856442117276458e+14,29
4.455000000005644e-05,891,2.999999999963810e+02,7.436639337184148e+02,3.171409040917198e+02,9.049505538650424e-05,1.363456751985509e+09,1.321998905262212e+00,2.855870413599576e+14,29
4.460000000005655e-05,892,2.999999999963866e+02,7.441210498167047e+02,3.171703235174555e+02,9.059500657180275e-05,1.356245205134386e+09,1.324170419387095e+00,2.859793300216634e+14,29
4.465000000005666e-05,893,2.999999999963923e+02,7.446086069825022e+02,3.172010247656174e+02,9.070243581515397e-05,1.349808015332921e+09,1.326222278984834e+00,2.842500881492824e+14,29
4.470000000005677e-05,894,2.999999999964564e+02,7.451519645218607e+02,3.172322780985338e+02,9.081319510408337e-05,1.348481252315673e+09,1.328563250319275e+00,2.844158042597636e+14,29
4.475000000005688e-05,895,2.999999999964621e+02,7.457558078615385e+02,3.172640713160710e+02,9.092066215867464e-05,1.348286242238497e+09,1.330967114886404e+00,2.851395988381168e+14,29
4.480000000005699e-05,896,2.999999999964677e+02,7.463201195121868e+02,3.172963007513228e+02,9.102463229535075e-05,1.347376481513918e+09,1.333301996982816e+00,2.851063993762062e+14,29
4.485000000005710e-05,897,2.999999999964734e+02,7.468663893842408e+02,3.173278746475011e+02,9.113487708179121e-05,1.348136737761687e+09,1.335505966884769e+00,2.879094604710808e+14,29
4.490000000005721e-05,898,2.999999999965007e+02,7.475436749276811e+02,3.173625267033807e+02,9.125492513355846e-05,1.392721433743847e+09,1.339740522769397e+00,2.861659199468059e+14,29
4.495000000005732e-05,899,2.999999999965063e+02,7.484505574401391e+02,3.173979537524323e+02,9.136780628992756e-05,1.369339942627503e+09,1.342958935461025e+00,2.867622549995356e+14,29
4.500000000005743e-05,900,2.999999999965120e+02,7.491476833840118e+02,3.174329716069449e+02,9.149089539739302e-05,1.351923865157220e+09,1.346054911022828e+00,2.876818561030989e+14,29
4.505000000005754e-05,901,2.999999999965177e+02,7.497928671438075e+02,3.174681859033058e+02,9.161460580385781e-05,1.353167028877011e+09,1.348465004659340e+00,2.861537437587626e+14,29
4.510000000005765e-05,902,2.999999999965448e+02,7.503153294270707e+02,3.175009066860105e+02,9.172487360835776e-05,1.353761667904079e+09,1.350875631066366e+00,2.860991320373913e+14,29
4.515000000005776e-05,903,2.999999999965505e+02,7.507777158438907e+02,3.175312723926669e+02,9.183065148110444e-05,1.354027871856243e+09,1.353688295681997e+00,2.860756858749528e+14,29
4.520000000005787e-05,904,2.999999999965562e+02,7.511869186323994e+02,3.175625657046673e+02,9.193320858718789e-05,1.355659620998959e+09,1.356068328736398e+00,2.862307178874674e+14,29
4.525000000005798e-05,905,2.999999999965619e+02,7.516381833076213e+02,3.175948983314145e+02,9.204424060835701e-05,1.353691889809335e+09,1.358404222757259e+00,2.870822450987800e+14,29
4.530000000005809e-05,906,2.999999999965676e+02,7.520893818652034e+02,3.176275644102453e+02,9.215447583812654e-05,1.352129273349560e+09,1.360686690637075e+00,2.857349719279089e+14,29
4.535000000005820e-05,907,2.999999999965733e+02,7.524981384547265e+02,3.176523134914956e+02,9.225813033570907e-05,1.361434637167242e+09,1.362734635823311e+00,2.851439379619876e+14,29
4.540000000005831e-05,908,2.999999999965789e+02,7.528618240931838e+02,3.176818048963957e+02,9.234507658539139e-05,1.370559711551743e+09,1.364744133782409e+00,2.818092258327491e+14,29
4.545000000005842e-05,909,2.999999999966005e+02,7.531023596874768e+02,3.177113603400363e+02,9.244129762676897e-05,1.410213310117666e+09,1.366889664854150e+00,2.842945591883026e+14,29
4.550000000005853e-05,910,2.999999999966062e+02,7.534163762824578e+02,3.177449907892458e+02,9.258899970249242e-05,1.358365961438199e+09,1.368821645628489e+00,2.863958049849879e+14,29
4.555000000005864e-05,911,2.999999999966119e+02,7.541077440602754e+02,3.177812674017305e+02,9.270148610485242e-05,1.354956970627653e+09,1.370496913465481e+00,2.855341285483179e+14,30
4.560000000005875e-05,912,2.999999999965675e+02,7.546988916708507e+02,3.178162399619774e+02,9.280738354497948e-05,1.351700883517508e+09,1.372354122745780e+00,2.877875195442612e+14,30
4.565000000005886e-05,913,2.999999999965674e+02,7.552304912705109e+02,3.178493555955288e+02,9.292164074190092e-05,1.354143266684968e+09,1.374011254629845e+00,2.872642370543664e+14,30
4.570000000005897e-05,914,2.999999999965731e+02,7.558356857909181e+02,3.178829982055046e+02,9.304619161222789e-05,1.354644641454511e+09,1.375334162095293e+00,2.863436866402725e+14,30
4.575000000005908e-05,915,2.999999999965885e+02,7.563253416586995e+02,3.179143642870604e+02,9.316961827192965e-05,1.351010730705604e+09,1.376514613395711e+00,2.866709327489298e+14,30
4.580000000005919e-05,916,2.999999999965942e+02,7.568446107811690e+02,3.179443394716819e+02,9.328200259210251e-05,1.351978262953322e+09,1.377907228368208e+00,2.868416021875790e+14,30
4.585000000005930e-05,917,2.999999999966259e+02,7.574088293375838e+02,3.179753628298399e+02,9.339032157126758e-05,1.353760140895667e+09,1.379229754260158e+00,2.864809578102007e+14,30
4.590000000005941e-05,918,2.999999999966316e+02,7.579389321695653e+02,3.180067555974173e+02,9.349958461268627e-05,1.352339369783556e+09,1.380425413407229e+00,2.883368156877368e+14,30
4.595000000005951e-05,919,2.999999999967640e+02,7.585075322968046e+02,3.180378419528497e+02,9.360302638527959e-05,1.351206222430318e+09,1.381904061425663e+00,2.873228245173051e+14,30
4.600000000005962e-05,920,2.999999999967697e+02,7.589851110529984e+02,3.180679773314799e+02,9.371495497925841e-05,1.351798811499032e+09,1.383258039747535e+00,2.864051728648354e+14,30
4.605000000005973e-05,921,2.999999999967862e+02,7.595021420851330e+02,3.180982731706110e+02,9.383180588132504e-05,1.350796009592732e+09,1.384934025229114e+00,2.865139850087541e+14,30
4.610000000005984e-05,922,2.999999999967919e+02,7.600207905786015e+02,3.181297140651264e+02,9.394156282171310e-05,1.351930458634262e+09,1.386549924041312e+00,2.863831677591512e+14,30
4.615000000005995e-05,923,2.999999999967976e+02,7.604162817255719e+02,3.181605094691251e+02,9.405103042208675e-05,1.349346333855400e+09,1.387620115595597e+00,2.857678612177981e+14,30
4.620000000006006e-05,924,2.999999999968009e+02,7.613315179842525e+02,3.181860551793596e+02,9.416311454420992e-05,1.348967705202161e+09,1.388009773305495e+00,2.915886383459908e+14,30
4.625000000006017e-05,925,2.999999999968044e+02,7.619940143272632e+02,3.182087701294331e+02,9.427764297344679e-05,1.349356336888079e+09,1.389231368464968e+00,2.912852604391742e+14,30
4.630000000006028e-05,926,2.999999999969093e+02,7.625153365365926e+02,3.182421458054413e+02,9.440193261705595e-05,1.351876816029258e+09,1.390438835981582e+00,2.961100919283628e+14,30
4.635000000006039e-05,927,2.999999999969150e+02,7.631167002760761e+02,3.182775019335418e+02,9.451724102641422e-05,1.353682307424819e+09,1.391773693904891e+00,2.977860537859664e+14,30
4.640000000006050e-05,928,2.999999999969560e+02,7.636282104961795e+02,3.183109985479898e+02,9.463085511941932e-05,1.351685082551873e+09,1.393033004998929e+00,2.972591236834738e+14,30
4.645000000006061e-05,929,2.999999999969617e+02,7.640580768525913e+02,3.183410812453665e+02,9.475854697820598e-05,1.347998732411173e+09,1.394486192310348e+00,2.999206811474778e+14,30
4.650000000006072e-05,930,2.999999999969842e+02,7.644968858345026e+02,3.183712552395970e+02,9.486612640248861e-05,1.350059139826306e+09,1.395916856331941e+00,2.996850978041756e+14,30
4.655000000006083e-05,931,2.999999999969899e+02,7.648814194294546e+02,3.184002543884187e+02,9.496979195071909e-05,1.347193491969401e+09,1.397213258984610e+00,2.996910571957479e+14,30
4.660000000006094e-05,932,2.999999999969956e+02,7.652358277158813e+02,3.184289477127129e+02,9.507577854028746e-05,1.346787291159138e+09,1.398751415060188e+00,3.022104174476220e+14,30
4.665000000006105e-05,933,2.999999999970013e+02,7.656333890233296e+02,3.184571885010970e+02,9.517929395798034e-05,1.346572645587407e+09,1.400162683702431e+00,3.002577653053539e+14,30
4.670000000006116e-05,934,2.999999999970070e+02,7.660056574461555e+02,3.184840861312685e+02,9.527883495143277e-05,1.345419481743422e+09,1.401680281415776e+00,3.026364929517411e+14,30
4.675000000006127e-05,935,2.999999999970127e+02,7.663544457913362e+02,3.185110254974398e+02,9.536970648213194e-05,1.348387054547155e+09,1.403101896597909e+00,3.024509096304477e+14,30
4.680000000006138e-05,936,2.999999999970296e+02,7.667239808769009e+02,3.185383958506677e+02,9.547242394317928e-05,1.351937723445714e+09,1.404463321097657e+00,3.027676222762643e+14,30
4.685000000006149e-05,937,2.999999999970353e+02,7.671421697515407e+02,3.185672286747063e+02,9.558368053346890e-05,1.353549169240365e+09,1.405974261163551e+00,3.009576415496899e+14,30
4.690000000006160e-05,938,2.999999999970482e+02,7.675334372700771e+02,3.185964805758344e+02,9.570029993031369e-05,1.354849952865464e+09,1.407439986099196e+00,3.034595055654136e+14,30
4.695000000006171e-05,939,2.999999999971030e+02,7.679616908966299e+02,3.186274101380620e+02,9.581170845476478e-05,1.358802916675110e+09,1.409018934896497e+00,3.051166767803706e+14,30
4.700000000006182e-05,940,2.999999999971087e+02,7.683843462146747e+02,3.186592055251425e+02,9.592269574469603e-05,1.359038022072355e+09,1.410644501974567e+00,3.051660272898331e+14,30
4.705000000006193e-05,941,2.999999999971143e+02,7.687573528221789e+02,3.186891018533151e+02,9.603669489292924e-05,1.356599407031209e+09,1.412285541735347e+00,3.048595557038837e+14,30
4.710000000006204e-05,942,2.999999999971353e+02,7.691431774082221e+02,3.187180297349699e+02,9.614587727858423e-05,1.357875246790747e+09,1.413982286986151e+00,3.056547407785511e+14,30
4.715000000006215e-05,943,2.999999999971412e+02,7.694370382277594e+02,3.187462078181644e+02,9.624969837624265e-05,1.358926805138240e+09,1.415554354645573e+00,3.062744529933058e+14,30
4.720000000006226e-05,944,2.999999999971469e+02,7.697203143152740e+02,3.187739533701195e+02,9.635291653343412e-05,1.359712279214695e+09,1.417145779289865e+00,3.078795370514341e+14,30
4.725000000006237e-05,945,2.999999999971508e+02,7.700257823786364e+02,3.188014427592234e+02,9.645473405664158e-05,1.359241483903089e+09,1.418762062321850e+00,3.065735225807669e+14,30
4.730000000006247e-05,946,2.999999999971565e+02,7.702728567819706e+02,3.188273981882476e+02,9.655356381727598e-05,1.356057814695417e+09,1.420304544311985e+00,3.058399446849112e+14,30
4.735000000006258e-05,947,2.999999999971622e+02,7.705391019884541e+02,3.188531398034911e+02,9.665384171132396e-05,1.355382090624958e+09,1.422071437820631e+00,3.068642765872331e+14,30
4.740000000006269e-05,948,2.999999999971679e+02,7.708762381764088e+02,3.188814943714705e+02,9.676472652209029e-05,1.358135173427400e+09,1.423936821272837e+00,3.076774036739288e+14,30
4.745000000006280e-05,949,2.999999999971736e+02,7.712675475717849e+02,3.189118455684732e+02,9.687523550739738e-05,1.353722928967280e+09,1.425941914659463e+00,3.095179118835341e+14,30
4.750000000006291e-05,950,2.999999999971793e+02,7.716560697916925e+02,3.189419488208305e+02,9.699062262948820e-05,1.349687069447163e+09,1.428007442340118e+00,3.100818510408319e+14,30
4.755000000006302e-05,951,2.999999999971849e+02,7.720579916520151e+02,3.189720831456107e+02,9.710230650635500e-05,1.350426021916980e+09,1.429969868847613e+00,3.082596092253907e+14,30
4.760000000006313e-05,952,2.999999999972078e+02,7.724300739716336e+02,3.190015563087575e+02,9.721713368171201e-05,1.356684901104480e+09,1.431793625525090e+00,3.082789073735440e+14,30
4.765000000006324e-05,953,2.999999999972379e+02,7.727425066424337e+02,3.190303677970371e+02,9.733602789510305e-05,1.359788433096015e+09,1.433524195923592e+00,3.091019614861972e+14,30
4.770000000006335e-05,954,2.999999999972436e+02,7.730900397663709e+02,3.190591527212288e+02,9.745129216501198e-05,1.357479374660222e+09,1.435434266241554e+00,2.949732195303512e+14,29
4.775000000006346e-05,955,2.999999999972493e+02,7.738084419553931e+02,3.190896416708215e+02,9.756579399346518e-05,1.349852794747057e+09,1.440286151231600e+00,2.875439820934439e+14,29
4.780000000006357e-05,956,2.999999999972550e+02,7.743088811085890e+02,3.191204929178609e+02,9.768336022456805e-05,1.348751972742919e+09,1.442536713735174e+00,2.885245320740026e+14,29
4.785000000006368e-05,957,2.999999999972607e+02,7.748097130482021e+02,3.191529647978369e+02,9.780725292767592e-05,1.351308431037620e+09,1.444209013686010e+00,2.885816706074334e+14,29
4.790000000006379e-05,958,2.999999999972663e+02,7.753130708732346e+02,3.191866630126547e+02,9.792806037184340e-05,1.349969528868974e+09,1.445706015600813e+00,2.875202079679780e+14,29
4.795000000006390e-05,959,2.999999999972720e+02,7.758635166660723e+02,3.192200189158718e+02,9.805008523719635e-05,1.348048343168251e+09,1.447274289862575e+00,2.877433307564056e+14,29
4.800000000006401e-05,960,2.999999999972777e+02,7.763070706703759e+02,3.192533732833442e+02,9.817327431221103e-05,1.347875802706067e+09,1.448893826686154e+00,2.873164284282697e+14,29
4.805000000006412e-05,961,2.999999999972834e+02,7.767573315568927e+02,3.192860662058660e+02,9.829317901551778e-05,1.344420961511553e+09,1.450626329821673e+00,2.883006934061899e+14,29
4.810000000006423e-05,962,2.999999999973060e+02,7.771658425398168e+02,3.193166661583491e+02,9.841364212682622e-05,1.341898365858494e+09,1.452416249708365e+00,2.894105938257065e+14,29
4.815000000006434e-05,963,2.999999999973193e+02,7.775396082580129e+02,3.193414747707263e+02,9.852354480758761e-05,1.339318678867452e+09,1.454142642385461e+00,2.912812420686915e+14,29
4.820000000006445e-05,964,2.999999999973279e+02,7.778893006105740e+02,3.193691751154680e+02,9.863717898948680e-05,1.331490468825605e+09,1.455731935984119e+00,2.897566933296884e+14,29
4.825000000006456e-05,965,2.999999999973393e+02,7.782327553399454e+02,3.193975944553064e+02,9.874994290979183e-05,1.335423902068592e+09,1.457649890330478e+00,2.874385966831004e+14,29
4.830000000006467e-05,966,2.999999999973506e+02,7.784863561108796e+02,3.194192255809379e+02,9.886904755876685e-05,1.335416823504615e+09,1.459597860706401e+00,2.842652839338681e+14,29
4.835000000006478e-05,967,2.999999999973620e+02,7.788304204960729e+02,3.194538621730503e+02,9.898879392865452e-05,1.341089514495544e+09,1.461774129840904e+00,2.846919202436462e+14,29
4.840000000006489e-05,968,2.999999999973734e+02,7.790734318451142e+02,3.194829579189029e+02,9.909522061528759e-05,1.334789188087224e+09,1.463816930794017e+00,2.863800360567363e+14,29
4.845000000006500e-05,969,2.999999999974247e+02,7.791795367755841e+02,3.195120348976034e+02,9.920769149396994e-05,1.334796744936473e+09,1.465346521063268e+00,2.878935160722886e+14,30
4.850000000006511e-05,970,2.999999999974361e+02,7.794271743988612e+02,3.195439573970273e+02,9.932953873103200e-05,1.338024001061880e+09,1.467409260757455e+00,2.858412745997354e+14,30
4.855000000006522e-05,971,2.999999999974575e+02,7.797037086737636e+02,3.195765959082703e+02,9.944447465465505e-05,1.340834453792139e+09,1.469587747291193e+00,2.859469821415180e+14,30
4.860000000006533e-05,972,2.999999999974809e+02,7.799456241171819e+02,3.196081584868434e+02,9.955129881159386e-05,1.338801254209323e+09,1.471637795936468e+00,2.845232930593528e+14,30
4.865000000006544e-05,973,2.999999999974922e+02,7.802038335869263e+02,3.196395228377376e+02,9.965999579880967e-05,1.342013249618918e+09,1.473749673146731e+00,2.842118917182499e+14,30
4.870000000006554e-05,974,2.999999999975190e+02,7.804515101242230e+02,3.196705282138177e+02,9.976520526404086e-05,1.341725962280474e+09,1.475821663920965e+00,2.848286140286250e+14,30
4.875000000006565e-05,975,2.999999999975471e+02,7.806448144769697e+02,3.196918088416854e+02,9.986896623572190e-05,1.340110586522689e+09,1.477687311618054e+00,2.840004276527026e+14,30
4.880000000006576e-05,976,2.999999999975585e+02,7.808254895752036e+02,3.196983946873474e+02,9.997344165365400e-05,1.343035158221093e+09,1.479503888368256e+00,2.875521466423026e+14,30
4.885000000006587e-05,977,2.999999999975698e+02,7.810375660507145e+02,3.197289369295092e+02,1.000872697828105e-04,1.343030349456051e+09,1.481438441618123e+00,2.877311604741804e+14,30
4.890000000006598e-05,978,2.999999999976029e+02,7.813261302787413e+02,3.197608842206920e+02,1.001922827463342e-04,1.384303302235010e+09,1.483658319982891e+00,2.857143120106123e+14,30
4.895000000006609e-05,979,2.999999999976142e+02,7.815734724532009e+02,3.197688203882990e+02,1.002875278240456e-04,1.371742733688014e+09,1.485704805711272e+00,2.831775741011092e+14,30
4.900000000006620e-05,980,2.999999999976256e+02,7.817122862304320e+02,3.197895457201548e+02,1.004062943088529e-04,1.364466852131802e+09,1.487349640984447e+00,2.858380064883044e+14,31
4.905000000006631e-05,981,2.999999999976587e+02,7.819152546808701e+02,3.198204325840767e+02,1.005210707212977e-04,1.360594417713778e+09,1.489242417170329e+00,2.861609716780085e+14,30
4.910000000006642e-05,982,2.999999999976700e+02,7.821810537696233e+02,3.198526052352307e+02,1.006209057326923e-04,1.368430103603917e+09,1.491375960137396e+00,2.870756161060351e+14,30
4.915000000006653e-05,983,2.999999999976814e+02,7.824214195864931e+02,3.198837578316303e+02,1.007254833198100e-04,1.373669435020876e+09,1.493411536959176e+00,2.872565336862014e+14,30
4.920000000006664e-05,984,2.999999999976928e+02,7.826622738255026e+02,3.199155030123582e+02,1.008296698303657e-04,1.376092167190695e+09,1.495449872738361e+00,2.869436785158526e+14,30
4.925000000006675e-05,985,2.999999999977042e+02,7.829260448074074e+02,3.199468116348209e+02,1.009392114146066e-04,1.367961336637661e+09,1.497577018276706e+00,2.837740586515986e+14,30
4.930000000006686e-05,986,2.999999999977308e+02,7.832275405759864e+02,3.199777475222367e+02,1.010475815105787e-04,1.358375920942559e+09,1.499847085340313e+00,2.871977201238972e+14,30
4.935000000006697e-05,987,2.999999999977422e+02,7.835566205608134e+02,3.200100766578806e+02,1.011465933338276e-04,1.352242106854828e+09,1.502221450553033e+00,2.856044631396241e+14,30
4.940000000006708e-05,988,2.999999999977535e+02,7.838102520201057e+02,3.200408327528825e+02,1.012494745786453e-04,1.350018416079338e+09,1.504306538577859e+00,2.852012841002730e+14,30
4.945000000006719e-05,989,2.999999999977649e+02,7.840712835937669e+02,3.200703830732201e+02,1.013491282184644e-04,1.350805639965788e+09,1.506418754547085e+00,2.851227556138554e+14,30
4.950000000006730e-05,990,2.999999999977859e+02,7.843402239332170e+02,3.200886621594838e+02,1.014412814910922e-04,1.350191286083692e+09,1.508563574504785e+00,2.821921710499616e+14,30
4.955000000006741e-05,991,2.999999999977973e+02,7.845341337736370e+02,3.201187387463912e+02,1.015434387868737e-04,1.348696778934542e+09,1.510422606042199e+00,2.816495096922654e+14,31
4.960000000006752e-05,992,2.999999999978239e+02,7.847640883305060e+02,3.201481798233764e+02,1.016469420640623e-04,1.351725208995372e+09,1.512420774089669e+00,2.828596955609811e+14,31
4.965000000006763e-05,993,2.999999999978353e+02,7.849891265749764e+02,3.201776947204448e+02,1.017566866273213e-04,1.349892015390046e+09,1.514401376453154e+00,2.822473911254499e+14,31
4.970000000006774e-05,994,2.999999999978589e+02,7.851946583996482e+02,3.202065074913933e+02,1.018664512714647e-04,1.352494185358106e+09,1.516318049665460e+00,2.820223923368644e+14,32
4.975000000006785e-05,995,2.999999999978538e+02,7.854250655717885e+02,3.202360925325922e+02,1.019773502523891e-04,1.351286898553079e+09,1.518330069292368e+00,2.851770609296079e+14,32
4.980000000006796e-05,996,2.999999999978652e+02,7.856893041965129e+02,3.202668979119513e+02,1.020894835019709e-04,1.351280094055990e+09,1.520472195558158e+00,2.853939496038951e+14,32
4.985000000006807e-05,997,2.999999999978766e+02,7.859483587731734e+02,3.202982333103937e+02,1.022057939682653e-04,1.351630226623324e+09,1.522596098423016e+00,2.850541588906668e+14,32
4.990000000006818e-05,998,2.999999999978879e+02,7.862430219679778e+02,3.203295513874174e+02,1.023167585331873e-04,1.350029412518689e+09,1.524856367733680e+00,2.839778775079868e+14,32
4.995000000006829e-05,999,2.999999999978993e+02,7.864704815887154e+02,3.203590986038234e+02,1.024189048275626e-04,1.350935195211000e+09,1.526859867664069e+00,2.832751357344014e+14,32
5.000000000006840e-05,1000,2.999999999979107e+02,7.866859959258786e+02,3.203877869862326e+02,1.025247757673785e-04,1.355722574977105e+09,1.528816873072893e+00,2.823963412349372e+14,32
5.005000000006850e-05,1001,2.999999999979220e+02,7.869260022230916e+02,3.204203976688198e+02,1.026228975954313e-04,1.347637235590997e+09,1.530867638043541e+00,2.818277577359746e+14,32
5.010000000006861e-05,1002,2.999999999979461e+02,7.871292290307090e+02,3.204490835182492e+02,1.027122391142235e-04,1.362071960827301e+09,1.532769748677627e+00,2.797349419539272e+14,32
5.015000000006872e-05,1003,2.999999999979621e+02,7.873318041986363e+02,3.204777108417196e+02,1.028355166128651e-04,1.354904862930337e+09,1.534665361118911e+00,2.786360535117935e+14,32
5.020000000006883e-05,1004,2.999999999979735e+02,7.875258614799111e+02,3.205083922033102e+02,1.029444119419192e-04,1.358974429925955e+09,1.536530663872911e+00,2.791000008234399e+14,32
5.025000000006894e-05,1005,2.999999999979873e+02,7.877273334557692e+02,3.205409541484603e+02,1.030479089092328e-04,1.356610507777775e+09,1.538423395884197e+00,2.775656711908765e+14,32
5.030000000006905e-05,1006,2.999999999979987e+02,7.878859473756702e+02,3.205718511104654e+02,1.031468140481593e-04,1.359274090928623e+09,1.540154612808174e+00,2.782388057906589e+14,32
5.035000000006916e-05,1007,2.999999999980101e+02,7.881290747230080e+02,3.206040567500648e+02,1.032639984441400e-04,1.361892095189963e+09,1.542214111335991e+00,2.795468345298650e+14,32
5.040000000006927e-05,1008,2.999999999979840e+02,7.884430044851337e+02,3.206365840741893e+02,1.033891155954050e-04,1.373933433273293e+09,1.544552800647976e+00,2.789515183837283e+14,32
5.045000000006938e-05,1009,2.999999999980125e+02,7.886920272078841e+02,3.206720857711447e+02,1.035079312069621e-04,1.376168257773093e+09,1.546645543612523e+00,2.786121546157701e+14,32
5.050000000006949e-05,1010,2.999999999980253e+02,7.889671271820422e+02,3.207071170738956e+02,1.036209901543918e-04,1.383768142896826e+09,1.548841391795192e+00,2.766330290920379e+14,31
5.055000000006960e-05,1011,2.999999999980366e+02,7.892055629074388e+02,3.207400500040748e+02,1.037345460852489e-04,1.388981315650570e+09,1.550895048761840e+00,2.759199509716503e+14,32
5.060000000006971e-05,1012,2.999999999980480e+02,7.894820964521646e+02,3.207728936412489e+02,1.038453397523975e-04,1.392273445821641e+09,1.553093632752354e+00,2.753001731020888e+14,31
5.065000000006982e-05,1013,2.999999999980594e+02,7.898399502940958e+02,3.207960965686535e+02,1.039484279916760e-04,1.395325128625211e+09,1.555609035773099e+00,2.757094375780655e+14,32
5.070000000006993e-05,1014,2.999999999980707e+02,7.901509100186090e+02,3.208315092291709e+02,1.040636261263978e-04,1.395129941457253e+09,1.557943778052009e+00,2.753936846102606e+14,32
5.075000000007004e-05,1015,2.999999999980821e+02,7.905397416404661e+02,3.208679014844964e+02,1.041730519431048e-04,1.393613779475340e+09,1.560582659225996e+00,2.750509232974403e+14,32
5.080000000007015e-05,1016,2.999999999980935e+02,7.909328893781318e+02,3.209026834472252e+02,1.042852323722870e-04,1.391117624778524e+09,1.563245436167875e+00,2.731511963216388e+14,32
5.085000000007026e-05,1017,2.999999999981130e+02,7.912285529635426e+02,3.209348552586538e+02,1.043965342557284e-04,1.388379773759199e+09,1.565532807530698e+00,2.723132568077130e+14,32
5.090000000007037e-05,1018,2.999999999981243e+02,7.915377807392823e+02,3.209663254495558e+02,1.045060386242864e-04,1.384473945265810e+09,1.567871706564458e+00,2.696872629186712e+14,32
5.095000000007048e-05,1019,2.999999999981549e+02,7.918594192414605e+02,3.209980741716237e+02,1.046210683062525e-04,1.378040399281836e+09,1.570260398127484e+00,2.702772480311728e+14,32
5.100000000007059e-05,1020,2.999999999981752e+02,7.922073829399495e+02,3.210313181761531e+02,1.047409175786420e-04,1.373361117311019e+09,1.572754409944691e+00,2.686695681886875e+14,32
5.105000000007070e-05,1021,2.999999999981866e+02,7.925740401613062e+02,3.210657777205098e+02,1.048569144086310e-04,1.438590392945377e+09,1.575325404576008e+00,2.685417109595717e+14,31
5.110000000007081e-05,1022,2.999999999982139e+02,7.929447128361901e+02,3.211015682135522e+02,1.049701690548435e-04,1.431752382092027e+09,1.577913698105514e+00,2.684146979996000e+14,30
5.115000000007092e-05,1023,2.999999999982338e+02,7.933345801272429e+02,3.211362468291181e+02,1.050939583541807e-04,1.392655983597563e+09,1.580575458499143e+00,2.689149842350088e+14,30
5.120000000007103e-05,1024,2.999999999982560e+02,7.937615391500952e+02,3.211714517127222e+02,1.052107463532351e-04,1.401788143480326e+09,1.583379252064830e+00,2.681853463984715e+14,31
5.125000000007114e-05,1025,2.999999999982674e+02,7.941320351192884e+02,3.212065364280762e+02,1.053233488127224e-04,1.404751066128786e+09,1.585972939189218e+00,2.671248536280143e+14,31
5.130000000007125e-05,1026,2.999999999982732e+02,7.944537667092350e+02,3.212410221245942e+02,1.054336950044240e-04,1.388283232857711e+09,1.588377114784302e+00,2.657823309398912e+14,32
5.135000000007136e-05,1027,2.999999999982846e+02,7.947733594496850e+02,3.212660610127064e+02,1.055365206767324e-04,1.385687124858446e+09,1.590767906726821e+00,2.684364190985192e+14,32
5.140000000007147e-05,1028,2.999999999982959e+02,7.950725816923223e+02,3.212849880807410e+02,1.056399198822630e-04,1.384813372143363e+09,1.593074858653952e+00,2.671375925004586e+14,32
5.145000000007157e-05,1029,2.999999999983073e+02,7.953295908500693e+02,3.213189204500549e+02,1.057405656707671e-04,1.386656631849482e+09,1.595214751997387e+00,2.693965969949163e+14,32
5.150000000007168e-05,1030,2.999999999983187e+02,7.956644558621720e+02,3.213551580166372e+02,1.058518802703838e-04,1.383346998944026e+09,1.597673210910745e+00,2.709930475967525e+14,32
5.155000000007179e-05,1031,2.999999999983301e+02,7.960285824209271e+02,3.213910943362117e+02,1.059681726989637e-04,1.379230282279785e+09,1.600249549254082e+00,2.707357830992694e+14,31
5.160000000007190e-05,1032,2.999999999984288e+02,7.962344989296772e+02,3.214236144502996e+02,1.060724117465386e-04,1.381624339346377e+09,1.602201466830487e+00,2.708929337415835e+14,31
5.165000000007201e-05,1033,2.999999999984402e+02,7.965134386484696e+02,3.214548567436333e+02,1.061799121301237e-04,1.379564766455383e+09,1.604443317437706e+00,2.712117789301287e+14,30
5.170000000007212e-05,1034,2.999999999984515e+02,7.966913207208022e+02,3.214847023099991e+02,1.062900886970460e-04,1.382875755801031e+09,1.606281674232646e+00,2.717974379813812e+14,30
5.175000000007223e-05,1035,2.999999999985579e+02,7.968889485073280e+02,3.215144942380719e+02,1.064081678808835e-04,1.382795351280555e+09,1.608200853483865e+00,2.682182405167151e+14,30
5.180000000007234e-05,1036,2.999999999985658e+02,7.974436889420657e+02,3.215455598196021e+02,1.065282388886777e-04,1.376916728745893e+09,1.611509236027654e+00,2.689472885582005e+14,31
5.185000000007245e-05,1037,2.999999999985772e+02,7.978076521653759e+02,3.215760095156206e+02,1.066425825543001e-04,1.377036199158349e+09,1.614086478950351e+00,2.706072359987912e+14,31
5.190000000007256e-05,1038,2.999999999985822e+02,7.980984402972737e+02,3.216061623781396e+02,1.067546930187712e-04,1.374150153790297e+09,1.616379483960650e+00,2.868076964186342e+14,31
5.195000000007267e-05,1039,2.999999999986026e+02,7.983888778282412e+02,3.216355650703264e+02,1.068629216444099e-04,1.372231643760777e+09,1.618675997608936e+00,2.838114780866602e+14,31
5.200000000007278e-05,1040,2.999999999986139e+02,7.986970444952251e+02,3.216645880176365e+02,1.069743839384267e-04,1.366890316768611e+09,1.621048796984888e+00,2.701571645516870e+14,31
5.205000000007289e-05,1041,2.999999999986253e+02,7.989920498494117e+02,3.216944108317177e+02,1.070849151456874e-04,1.368280414245393e+09,1.623370939687895e+00,2.702334290501182e+14,30
5.210000000007300e-05,1042,2.999999999986367e+02,7.993038659875247e+02,3.217260406503509e+02,1.071945104701677e-04,1.365366817586422e+09,1.625762047015526e+00,2.698825583420892e+14,30
5.215000000007311e-05,1043,2.999999999986708e+02,7.996608776686228e+02,3.217579837459211e+02,1.073029063829386e-04,1.363336469121587e+09,1.628336564603032e+00,2.678040610652188e+14,30
5.220000000007322e-05,1044,2.999999999986821e+02,7.999825102668547e+02,3.217886151549017e+02,1.074168586563299e-04,1.363823563583800e+09,1.630772610596378e+00,2.702492167893429e+14,30
5.225000000007333e-05,1045,2.999999999987107e+02,8.002893303506033e+02,3.218182356061722e+02,1.075241591871307e-04,1.363999925861909e+09,1.633142238583871e+00,2.697370715627281e+14,31
5.230000000007344e-05,1046,2.999999999987411e+02,8.005172107168295e+02,3.218465552784336e+02,1.076336443974831e-04,1.364676761164087e+09,1.635192888042799e+00,2.987947685252542e+14,31
5.235000000007355e-05,1047,2.999999999987525e+02,8.007435777721107e+02,3.218753234796426e+02,1.077526531650281e-04,1.365562675737517e+09,1.637242293159577e+00,3.097774678270584e+14,31
5.240000000007366e-05,1048,2.999999999987892e+02,8.009986524458519e+02,3.219051498385410e+02,1.078688832423125e-04,1.362684148354503e+09,1.639403399189505e+00,2.963558174912314e+14,32
5.245000000007377e-05,1049,2.999999999988397e+02,8.011886248814180e+02,3.219338510919686e+02,1.079884490374925e-04,1.362653082418968e+09,1.641306004904244e+00,2.688222289792118e+14,32
5.250000000007388e-05,1050,2.999999999988510e+02,8.013794129185378e+02,3.219622135863714e+02,1.081020196868847e-04,1.362190211403415e+09,1.643209450151338e+00,2.692421758796411e+14,31
5.255000000007399e-05,1051,2.999999999988624e+02,8.015991963070297e+02,3.219914313046607e+02,1.082161595382793e-04,1.362342290780394e+09,1.645234892258126e+00,2.674479116963261e+14,31
5.260000000007410e-05,1052,2.999999999988704e+02,8.018476961945089e+02,3.220225146412726e+02,1.083327154640154e-04,1.361641951234976e+09,1.647380065496775e+00,2.695604493049897e+14,31
5.265000000007421e-05,1053,2.999999999988817e+02,8.021450328600229e+02,3.220538536203728e+02,1.084428760805378e-04,1.362592632571056e+09,1.649725741708309e+00,2.696353646575340e+14,31
5.270000000007432e-05,1054,2.999999999988931e+02,8.024128524849843e+02,3.220844908606218e+02,1.085496896083312e-04,1.361633466248346e+09,1.651956042563488e+00,3.126355197847910e+14,32
5.275000000007443e-05,1055,2.999999999989045e+02,8.027004936470230e+02,3.221149525118566e+02,1.086551449399886e-04,1.366676635663747e+09,1.654266942351079e+00,3.334668719628917e+14,32
5.280000000007453e-05,1056,2.999999999989158e+02,8.030188721266810e+02,3.221449784095286e+02,1.087541693669211e-04,1.364309044555458e+09,1.656704667992133e+00,3.264602368436206e+14,32
5.285000000007464e-05,1057,2.999999999989392e+02,8.032405878954578e+02,3.221745926416397e+02,1.088580802491262e-04,1.360257041830025e+09,1.658748259964113e+00,2.890746009241451e+14,31
5.290000000007475e-05,1058,2.999999999989506e+02,8.034265325606995e+02,3.221960455788661e+02,1.089659712675013e-04,1.359184503064703e+09,1.660641732945311e+00,2.691702565697614e+14,31
5.295000000007486e-05,1059,2.999999999989932e+02,8.036283351398511e+02,3.222234646171735e+02,1.090681235914172e-04,1.366644555751716e+09,1.662592009182977e+00,2.695968396648445e+14,31
5.300000000007497e-05,1060,2.999999999990164e+02,8.037878803414848e+02,3.222447618044397e+02,1.091745154307093e-04,1.365181032899320e+09,1.664369429213042e+00,2.682908634077930e+14,31
5.305000000007508e-05,1061,2.999999999990278e+02,8.038726590451332e+02,3.222736725025221e+02,1.092752959602494e-04,1.356501050273921e+09,1.665852093688464e+00,2.697179357208055e+14,31
5.310000000007519e-05,1062,2.999999999990392e+02,8.040764478727990e+02,3.223025431707672e+02,1.093847426455965e-04,1.351249628658647e+09,1.667814183527975e+00,3.167317537247518e+14,32
5.315000000007530e-05,1063,2.999999999990571e+02,8.042279109865443e+02,3.223323535997639e+02,1.094976976056944e-04,1.357393781069671e+09,1.669555735771597e+00,3.493656996752468e+14,32
5.320000000007541e-05,1064,2.999999999990685e+02,8.045022785415273e+02,3.223633512265367e+02,1.096156948768566e-04,1.351838558066310e+09,1.671791452784514e+00,3.396588720705991e+14,32
5.325000000007552e-05,1065,2.999999999990798e+02,8.047522339813243e+02,3.223936258588947e+02,1.097256225932366e-04,1.351144287686013e+09,1.673921507069598e+00,2.854311299722970e+14,31
5.330000000007563e-05,1066,2.999999999989336e+02,8.049833218388903e+02,3.224231299726526e+02,1.098302870703225e-04,1.347857565061393e+09,1.675989845884333e+00,2.705477733899568e+14,31
5.335000000007574e-05,1067,2.999999999989584e+02,8.052102579760475e+02,3.224521775390399e+02,1.099338850408196e-04,1.345907785826440e+09,1.678050064755518e+00,2.717375381383696e+14,31
5.340000000007585e-05,1068,2.999999999990075e+02,8.054354702226675e+02,3.224691255330508e+02,1.100367634106604e-04,1.342569935949683e+09,1.680104499573928e+00,2.709935934719511e+14,31
5.345000000007596e-05,1069,2.999999999990231e+02,8.056729984126689e+02,3.225001394823147e+02,1.101349826417695e-04,1.344799482173667e+09,1.682208653232792e+00,2.968147779949709e+14,31
5.350000000007607e-05,1070,2.999999999990520e+02,8.058629014027546e+02,3.225275996877180e+02,1.102292245365385e-04,1.345627172831696e+09,1.684114580186829e+00,3.608312504040254e+14,32
5.355000000007618e-05,1071,2.999999999990690e+02,8.060235240368835e+02,3.225550389651657e+02,1.103261211535139e-04,1.339409052866913e+09,1.685902146395265e+00,3.703596320515157e+14,32
5.360000000007629e-05,1072,2.999999999990861e+02,8.062606873626604e+02,3.225752772071801e+02,1.104338171506062e-04,1.366821509875077e+09,1.687993024955340e+00,3.172341603418299e+14,32
5.365000000007640e-05,1073,2.999999999991065e+02,8.065021040431631e+02,3.226050137429776e+02,1.105396782345356e-04,1.360047599299256e+09,1.690084865961443e+00,2.731137803157848e+14,31
5.370000000007651e-05,1074,2.999999999991065e+02,8.067210458179643e+02,3.226326668129649e+02,1.106494601490672e-04,1.352600400009620e+09,1.692058760011927e+00,2.731943449461149e+14,31
5.375000000007662e-05,1075,2.999999999991065e+02,8.069333032966673e+02,3.226615013106552e+02,1.107726062228669e-04,1.344087614398368e+09,1.694004660756270e+00,2.734048816168053e+14,31
5.380000000007673e-05,1076,2.999999999991065e+02,8.072228018327201e+02,3.226796634695036e+02,1.108942524462116e-04,1.341758350254349e+09,1.696290399772142e+00,2.857470400805604e+14,31
5.385000000007684e-05,1077,2.999999999991065e+02,8.075516652622852e+02,3.226978060763361e+02,1.110060134931574e-04,1.345924336274024e+09,1.698731253953540e+00,3.623152544265336e+14,32
5.390000000007695e-05,1078,2.999999999991065e+02,8.078531939106641e+02,3.227281919025767e+02,1.111139656546684e-04,1.345337150390905e+09,1.701051969901835e+00,3.849478152627270e+14,32
5.395000000007706e-05,1079,2.999999999991065e+02,8.081423534366061e+02,3.227578306550930e+02,1.112288367283670e-04,1.344038046039962e+09,1.703349076526235e+00,3.281569603970722e+14,32
5.400000000007717e-05,1080,2.999999999991065e+02,8.084567980285095e+02,3.227758176691244e+02,1.113393429596506e-04,1.342677517501410e+09,1.705739587372684e+00,2.768523646702238e+14,31
5.405000000007728e-05,1081,2.999999999991065e+02,8.087040420314356e+02,3.228042223227623e+02,1.114418239338632e-04,1.347548540516017e+09,1.707871799686009e+00,2.726643752422129e+14,31
5.410000000007739e-05,1082,2.999999999991065e+02,8.089872549134876e+02,3.228317045898187e+02,1.115376263830293e-04,1.349514622916909e+09,1.710163712978713e+00,2.726360676435402e+14,31
5.415000000007749e-05,1083,2.999999999991065e+02,8.092490319768968e+02,3.228587900573212e+02,1.116372826024255e-04,1.346437691053045e+09,1.712376173518369e+00,3.035067748357479e+14,31
5.420000000007760e-05,1084,2.999999999991065e+02,8.095127778445375e+02,3.228861689129465e+02,1.117347585611217e-04,1.347213978323609e+09,1.714583873860171e+00,3.916894947474602e+14,32
5.425000000007771e-05,1085,2.999999999991065e+02,8.097672843938179e+02,3.229139101488421e+02,1.118373415713551e-04,1.348090190900450e+09,1.716741384659032e+00,4.013063976207852e+14,32
5.430000000007782e-05,1086,2.999999999991065e+02,8.100740935079907e+02,3.229429643068406e+02,1.119486519575512e-04,1.350743319957255e+09,1.719107161694670e+00,3.230342431167449e+14,32
5.435000000007793e-05,1087,2.999999999991065e+02,8.104224486514419e+02,3.229724262378201e+02,1.120667032210021e-04,1.353415705707490e+09,1.721632412754136e+00,2.792635327553033e+14,31
5.440000000007804e-05,1088,2.999999999991078e+02,8.107532857741181e+02,3.230016070131230e+02,1.121840918654512e-04,1.355998097843268e+09,1.724085965727567e+00,2.833629538487718e+14,31
5.445000000007815e-05,1089,2.999999999991078e+02,8.111741715915135e+02,3.230311182892033e+02,1.123007051417115e-04,1.356743612541337e+09,1.726903209150531e+00,2.866334018290915e+14,31
5.450000000007826e-05,1090,2.999999999991035e+02,8.115671199921317e+02,3.230589013487869e+02,1.124181121876679e-04,1.375547640803346e+09,1.729609694768233e+00,3.461822171949667e+14,32
5.455000000007837e-05,1091,2.999999999991035e+02,8.119242567089731e+02,3.230920846902343e+02,1.125355359450862e-04,1.359963503739585e+09,1.732176490795676e+00,4.238788021946404e+14,32
5.460000000007848e-05,1092,2.999999999991035e+02,8.122792038214635e+02,3.231242242438898e+02,1.126472596612028e-04,1.357013757666358e+09,1.734708506311227e+00,3.942437999760306e+14,32
5.465000000007859e-05,1093,2.999999999991035e+02,8.125941585219647e+02,3.231424036149610e+02,1.127645800999195e-04,1.353366156754678e+09,1.737116494376377e+00,2.827007455908444e+14,31
5.470000000007870e-05,1094,2.999999999991035e+02,8.129359495511023e+02,3.231740319658869e+02,1.128650190424604e-04,1.357899744114475e+09,1.739678350178986e+00,2.864801510872801e+14,31
5.475000000007881e-05,1095,2.999999999991035e+02,8.133140935480023e+02,3.232053886846417e+02,1.129727631045558e-04,1.363516863295831e+09,1.742391863825443e+00,2.872935302898484e+14,31
5.480000000007892e-05,1096,2.999999999991035e+02,8.136261179992071e+02,3.232367622907984e+02,1.130689258038760e-04,1.365046131534751e+09,1.744828204960725e+00,2.902012208802355e+14,31
5.485000000007903e-05,1097,2.999999999991036e+02,8.139690977989013e+02,3.232671687690871e+02,1.131747986968967e-04,1.363677012681325e+09,1.747392724637955e+00,4.084102239776512e+14,32
5.490000000007914e-05,1098,2.999999999991036e+02,8.143252996715039e+02,3.232973192003161e+02,1.132848577305404e-04,1.363845578722201e+09,1.750009467898925e+00,4.267955420779219e+14,32
5.495000000007925e-05,1099,2.999999999991036e+02,8.147466558865690e+02,3.233276815523304e+02,1.133899715362336e-04,1.367925028250335e+09,1.752885261664121e+00,3.290304591445764e+14,32
5.500000000007936e-05,1100,2.999999999991036e+02,8.151476780966052e+02,3.233576390307229e+02,1.134993038693431e-04,1.366469120421573e+09,1.755676056556974e+00,2.856054991149653e+14,31
5.505000000007947e-05,1101,2.999999999991015e+02,8.156349254644250e+02,3.233890647694555e+02,1.136115609153409e-04,1.359382557773188e+09,1.758797730008687e+00,2.860011333116162e+14,32
5.510000000007958e-05,1102,2.999999999991015e+02,8.163007318081236e+02,3.234225988020287e+02,1.137356295289734e-04,1.371508359648719e+09,1.762605350068633e+00,2.872757947116065e+14,32
5.515000000007969e-05,1103,2.999999999991015e+02,8.168528479336476e+02,3.234558488432882e+02,1.138654857001682e-04,1.360916910583545e+09,1.765967461874651e+00,3.481971552538975e+14,33
5.520000000007980e-05,1104,2.999999999991015e+02,8.173827346069555e+02,3.234890474998008e+02,1.139954412203292e-04,1.361581501589531e+09,1.769253911314854e+00,3.952071914653682e+14,32
5.525000000007991e-05,1105,2.999999999991015e+02,8.178625203615850e+02,3.235218373557720e+02,1.141116930082982e-04,1.369014272753304e+09,1.772350018116973e+00,3.143885931657760e+14,33
5.530000000008002e-05,1106,2.999999999991015e+02,8.182805763931367e+02,3.235529153130825e+02,1.142299797068028e-04,1.375968500043225e+09,1.775220940123356e+00,2.834009527675857e+14,32
5.535000000008013e-05,1107,2.999999999991015e+02,8.186789058858230e+02,3.235842687015914e+02,1.143443013019947e-04,1.383757117863348e+09,1.778018880209414e+00,2.805645005437937e+14,32
5.540000000008024e-05,1108,2.999999999991015e+02,8.190809192998909e+02,3.236104944053492e+02,1.144562642974496e-04,1.385405493145275e+09,1.780864790485751e+00,2.804796495361899e+14,32
5.545000000008035e-05,1109,2.999999999990978e+02,8.194676789349035e+02,3.236416450351010e+02,1.145643609235783e-04,1.386186862237121e+09,1.783654274214890e+00,3.394760174088201e+14,33
5.550000000008046e-05,1110,2.999999999990978e+02,8.198330538679633e+02,3.236727635118622e+02,1.146656002512813e-04,1.388674656289415e+09,1.786343463659117e+00,4.031513080497198e+14,33
5.555000000008056e-05,1111,2.999999999990978e+02,8.201212406371706e+02,3.236997487460484e+02,1.147680752771359e-04,1.386509659688481e+09,1.788696526208067e+00,3.316361722108354e+14,33
5.560000000008067e-05,1112,2.999999999990978e+02,8.203344272770651e+02,3.237262603563574e+02,1.148759100799084e-04,1.386413111029027e+09,1.790742942749440e+00,2.794723159922178e+14,32
5.565000000008078e-05,1113,2.999999999990978e+02,8.206380631132004e+02,3.237415764832647e+02,1.149865565349290e-04,1.384900931191578e+09,1.793160084831181e+00,2.827559508706583e+14,32
5.570000000008089e-05,1114,2.999999999990978e+02,8.209546392759696e+02,3.237719647587110e+02,1.151021221021544e-04,1.382155753302476e+09,1.795631715904835e+00,2.845433466795603e+14,32
5.575000000008100e-05,1115,2.999999999990978e+02,8.212745340025962e+02,3.238041053836227e+02,1.152204202712434e-04,1.380770267085840e+09,1.798125388204430e+00,3.288741514018622e+14,34
5.580000000008111e-05,1116,2.999999999990978e+02,8.216371866695486e+02,3.238373163370660e+02,1.153437973758336e-04,1.374735922019182e+09,1.800790627282182e+00,4.057307570507702e+14,34
5.585000000008122e-05,1117,2.999999999990978e+02,8.219585586123717e+02,3.238702344265017e+02,1.154644714369042e-04,1.377073488477267e+09,1.803278876110998e+00,3.338560462729411e+14,34
5.590000000008133e-05,1118,2.999999999990978e+02,8.222020960407251e+02,3.239014611631392e+02,1.155801376025770e-04,1.378849917169067e+09,1.805456427197403e+00,2.835719093285122e+14,33
5.595000000008144e-05,1119,2.999999999990978e+02,8.224727810439507e+02,3.239312751900070e+02,1.156925972489334e-04,1.380565884208099e+09,1.807744713765304e+00,2.835599157877946e+14,33
5.600000000008155e-05,1120,2.999999999974750e+02,8.227622560404260e+02,3.239500649414019e+02,1.158047178159352e-04,1.380042941541818e+09,1.810118431231742e+00,2.829288456250263e+14,33
5.605000000008166e-05,1121,2.999999999974750e+02,8.230425400588803e+02,3.239693970315084e+02,1.159112704272883e-04,1.381494237220810e+09,1.812462032763373e+00,3.341535758194831e+14,34
5.610000000008177e-05,1122,2.999999999974750e+02,8.233124040183828e+02,3.240001538257771e+02,1.160106213051066e-04,1.380224620816710e+09,1.814765946455852e+00,4.116778797168596e+14,34
5.615000000008188e-05,1123,2.999999999974750e+02,8.235565802666918e+02,3.240305458198857e+02,1.161176586989857e-04,1.373830652763426e+09,1.816960935483985e+00,3.325350656532595e+14,34
5.620000000008199e-05,1124,2.999999999974750e+02,8.238526930490443e+02,3.240503079659075e+02,1.162234877385231e-04,1.373257694576566e+09,1.819374983146967e+00,2.781217053711861e+14,33
5.625000000008210e-05,1125,2.999999999974750e+02,8.241470430920984e+02,3.240781042637170e+02,1.163227173052350e-04,1.377845548100006e+09,1.821780256235620e+00,2.785378875984033e+14,33
5.630000000008221e-05,1126,2.999999999974750e+02,8.243259744840948e+02,3.241053257864253e+02,1.164186273146493e-04,1.363784608501170e+09,1.823693842746092e+00,2.804772781194521e+14,33
5.635000000008232e-05,1127,2.999999999974750e+02,8.244793960794955e+02,3.241316385005259e+02,1.165190391260905e-04,1.356164466037513e+09,1.825504291291158e+00,3.370824841576978e+14,34
5.640000000008243e-05,1128,2.999999999974750e+02,8.246950306606011e+02,3.241590445736634e+02,1.166232460935815e-04,1.357860755840152e+09,1.827576682086102e+00,4.110930673949218e+14,34
5.645000000008254e-05,1129,2.999999999974752e+02,8.249285016889589e+02,3.241864493906667e+02,1.167376024409818e-04,1.356412420294699e+09,1.829722328587431e+00,3.224972203317918e+14,34
5.650000000008265e-05,1130,2.999999999974752e+02,8.251795977639259e+02,3.242135397315208e+02,1.168520807008057e-04,1.357438310428519e+09,1.831932097369422e+00,2.800302026304859e+14,33
5.655000000008276e-05,1131,2.999999999974752e+02,8.254324835612862e+02,3.242409545765700e+02,1.169670492813539e-04,1.354693951490606e+09,1.834150174468161e+00,2.788409039949548e+14,33
5.660000000008287e-05,1132,2.999999999974752e+02,8.256395522908143e+02,3.242678536584457e+02,1.170712842115866e-04,1.354515122070248e+09,1.836179702753680e+00,2.770885217445725e+14,33
5.665000000008298e-05,1133,2.999999999974752e+02,8.258358699990861e+02,3.242936471527503e+02,1.171736069315139e-04,1.353928939525167e+09,1.838177261974734e+00,3.460652986069188e+14,34
5.670000000008309e-05,1134,2.999999999974752e+02,8.260752141071637e+02,3.243204356649803e+02,1.172733122499014e-04,1.354048310447718e+09,1.840362425137805e+00,4.107160925755599e+14,34
5.675000000008320e-05,1135,2.999999999974752e+02,8.263196627171437e+02,3.243482114443642e+02,1.173784542664582e-04,1.352884592646502e+09,1.842572134437896e+00,3.031834793317846e+14,33
5.680000000008331e-05,1136,2.999999999974752e+02,8.265888784156018e+02,3.243759802528892e+02,1.174810844619794e-04,1.353610936921704e+09,1.844890537723789e+00,2.749846700419875e+14,33
5.685000000008342e-05,1137,2.999999999974766e+02,8.268399276353186e+02,3.244031340511926e+02,1.175789536928934e-04,1.353634372372175e+09,1.847143783493512e+00,2.734226555255732e+14,33
5.690000000008352e-05,1138,2.999999999974766e+02,8.270523137430571e+02,3.244288607971787e+02,1.176781365617336e-04,1.352682620136119e+09,1.849233843280122e+00,2.732120360322427e+14,33
5.695000000008363e-05,1139,2.999999999974766e+02,8.272697146367886e+02,3.244546346390048e+02,1.177760656655667e-04,1.352199107200033e+09,1.851346423740000e+00,3.473462054660348e+14,33
5.700000000008374e-05,1140,2.999999999974766e+02,8.275071575433707e+02,3.244808564650660e+02,1.178818765894346e-04,1.351888370691497e+09,1.853541885253170e+00,3.989174502827598e+14,33
5.705000000008385e-05,1141,2.999999999974766e+02,8.277509849824327e+02,3.245080651584821e+02,1.179988456623775e-04,1.351618857491473e+09,1.855759382726337e+00,2.809042913243680e+14,33
5.710000000008396e-05,1142,2.999999999974766e+02,8.280410101350909e+02,3.245366706292375e+02,1.181175457180625e-04,1.352549652085960e+09,1.858164889641524e+00,2.737791948017602e+14,33
5.715000000008407e-05,1143,2.999999999974779e+02,8.283178297393591e+02,3.245653108596468e+02,1.182375735025410e-04,1.353646550143874e+09,1.860503626923992e+00,2.711538117333737e+14,33
5.720000000008418e-05,1144,2.999999999974779e+02,8.285648688411002e+02,3.245930699085348e+02,1.183570386594934e-04,1.353046157503406e+09,1.862726694882502e+00,2.702962930078332e+14,33
5.725000000008429e-05,1145,2.999999999974779e+02,8.288232859013274e+02,3.246205107322818e+02,1.184739495857042e-04,1.353551026413312e+09,1.865010061944828e+00,3.622443557067388e+14,33
5.730000000008440e-05,1146,2.999999999974779e+02,8.291008451491188e+02,3.246486766487362e+02,1.185880079418565e-04,1.353605403587396e+09,1.867382940348126e+00,3.989057629447821e+14,33
5.735000000008451e-05,1147,2.999999999974779e+02,8.293589562482880e+02,3.246775403794127e+02,1.187010906025126e-04,1.353684592328916e+09,1.869680727790246e+00,2.712656292760911e+14,33
5.740000000008462e-05,1148,2.999999999974779e+02,8.296294222230758e+02,3.247065684014393e+02,1.188096703979649e-04,1.354523329632168e+09,1.872036511158014e+00,2.711720655286727e+14,33
5.745000000008473e-05,1149,2.999999999974779e+02,8.299019177787935e+02,3.247353953241191e+02,1.189198147275431e-04,1.355323523940943e+09,1.874409927035622e+00,2.692908053873988e+14,33
5.750000000008484e-05,1150,2.999999999974779e+02,8.301768426284475e+02,3.247639200008678e+02,1.190297803474409e-04,1.357716869106813e+09,1.876797420735518e+00,2.693070035299593e+14,33
5.755000000008495e-05,1151,2.999999999974779e+02,8.304447139226511e+02,3.247921353609433e+02,1.191354567345643e-04,1.361534244615652e+09,1.879149256281991e+00,3.760863330937982e+14,33
5.760000000008506e-05,1152,2.999999999974779e+02,8.306903695938140e+02,3.248198994547171e+02,1.192440018400865e-04,1.362792617026244e+09,1.881404884866286e+00,4.093104067441751e+14,33
5.765000000008517e-05,1153,2.999999999974779e+02,8.309429241411026e+02,3.248481516272357e+02,1.193554749142547e-04,1.363097014048228e+09,1.883689878997352e+00,2.692968149559534e+14,33
5.770000000008528e-05,1154,2.999999999974779e+02,8.312094425806666e+02,3.248767895444154e+02,1.194710930654003e-04,1.362791306010912e+09,1.886034241730918e+00,2.693223672993646e+14,33
5.775000000008539e-05,1155,2.999999999974975e+02,8.314639849397682e+02,3.249052391588976e+02,1.195868144712902e-04,1.362325643947783e+09,1.888325938295372e+00,2.686007182677289e+14,33
5.780000000008550e-05,1156,2.999999999974975e+02,8.317078648266412e+02,3.249331311915587e+02,1.197040821079760e-04,1.362002100573649e+09,1.890567221110658e+00,2.694043613188041e+14,33
5.785000000008561e-05,1157,2.999999999974975e+02,8.319498609455824e+02,3.249605751234632e+02,1.198195452606799e-04,1.362464633148864e+09,1.892801355107626e+00,3.843167308293487e+14,33
5.790000000008572e-05,1158,2.999999999974975e+02,8.321778461759433e+02,3.249767764572863e+02,1.199377164913668e-04,1.361754383926005e+09,1.894981569106604e+00,4.134034754327628e+14,33
5.795000000008583e-05,1159,2.999999999974975e+02,8.324413455817054e+02,3.250060477340780e+02,1.200551622376291e-04,1.361948966637836e+09,1.897325156106668e+00,2.728920649943970e+14,33
5.800000000008594e-05,1160,2.999999999974975e+02,8.327044704745072e+02,3.250343095507753e+02,1.201622208918220e-04,1.363495322992862e+09,1.899660254452744e+00,2.682115647600132e+14,33
5.805000000008605e-05,1161,2.999999999974975e+02,8.329108507329449e+02,3.250626698163726e+02,1.202681473487293e-04,1.361840749104096e+09,1.901762674492955e+00,2.680869471835678e+14,33
5.810000000008616e-05,1162,2.999999999974975e+02,8.331315535267896e+02,3.250906834165594e+02,1.203760158897274e-04,1.360517226007213e+09,1.903940285592375e+00,2.690742622018849e+14,33
5.815000000008627e-05,1163,2.999999999974975e+02,8.333550148354975e+02,3.251184397878768e+02,1.204816375927327e-04,1.358702185754803e+09,1.906131045502546e+00,3.722284716872221e+14,33
5.820000000008638e-05,1164,2.999999999974975e+02,8.335557866272333e+02,3.251457043434302e+02,1.205841102482689e-04,1.360249671741321e+09,1.908224165510001e+00,4.244044100042076e+14,33
5.825000000008649e-05,1165,2.999999999974975e+02,8.337874520732552e+02,3.251631010583231e+02,1.206851905672071e-04,1.375025339037046e+09,1.910454063290487e+00,2.986551607839159e+14,33
5.830000000008659e-05,1166,2.999999999974975e+02,8.340052580110805e+02,3.251787051082327e+02,1.207886843215611e-04,1.357757908569929e+09,1.912624710981195e+00,2.784178446527222e+14,33
5.835000000008670e-05,1167,2.999999999974975e+02,8.341958231363309e+02,3.252061384436113e+02,1.208914143931909e-04,1.360786764544428e+09,1.914670106298497e+00,2.801404598084720e+14,33
5.840000000008681e-05,1168,2.999999999974975e+02,8.343355198409442e+02,3.252333002129565e+02,1.209959412544028e-04,1.362314178683293e+09,1.916494595495098e+00,2.822213960495118e+14,33
5.845000000008692e-05,1169,2.999999999974975e+02,8.345434074003402e+02,3.252615736856727e+02,1.211112304286736e-04,1.366832776609633e+09,1.918621660740143e+00,3.453230513477440e+14,33
5.850000000008703e-05,1170,2.999999999974977e+02,8.348186895262365e+02,3.252914367027742e+02,1.212308490853250e-04,1.367627767221644e+09,1.921032001949793e+00,4.291643958617107e+14,33
5.855000000008714e-05,1171,2.999999999975033e+02,8.350291751954372e+02,3.253114139690246e+02,1.213495502491089e-04,1.372552108533477e+09,1.923157378638539e+00,3.349450189933772e+14,33
5.860000000008725e-05,1172,2.999999999975089e+02,8.352684048664927e+02,3.253417996593264e+02,1.214624426171053e-04,1.375196321611473e+09,1.925403085814505e+00,2.879099846054820e+14,33
5.865000000008736e-05,1173,2.999999999975145e+02,8.354921274309324e+02,3.253718844495149e+02,1.215734897477544e-04,1.364827558788324e+09,1.927576277554718e+00,2.888752477920152e+14,33
5.870000000008747e-05,1174,2.999999999975201e+02,8.356782467500614e+02,3.253814159099582e+02,1.216900264434682e-04,1.368388430686437e+09,1.929609257502451e+00,2.905802828130461e+14,33
5.875000000008758e-05,1175,2.999999999975258e+02,8.359033312735886e+02,3.254139349362392e+02,1.217935771911376e-04,1.362298156683702e+09,1.931826446213419e+00,2.914368426798514e+14,33
5.880000000008769e-05,1176,2.999999999975315e+02,8.361090876789686e+02,3.254327734285248e+02,1.218921877902848e-04,1.369227767245213e+09,1.933949350532343e+00,4.205467903689045e+14,33
5.885000000008780e-05,1177,2.999999999975372e+02,8.362440170693318e+02,3.254657606149419e+02,1.220049949995747e-04,1.367057404350108e+09,1.935767688188031e+00,3.851282850903072e+14,33
5.890000000008791e-05,1178,2.999999999975429e+02,8.364544717234025e+02,3.254994465513058e+02,1.221118342127080e-04,1.365336809912100e+09,1.937917263660826e+00,2.947331419818498e+14,33
5.895000000008802e-05,1179,2.999999999975486e+02,8.366491296756009e+02,3.255207581645170e+02,1.222185126165211e-04,1.367363786915272e+09,1.940005871271287e+00,2.969887354826692e+14,33
5.900000000008813e-05,1180,2.999999999975543e+02,8.368274157464650e+02,3.255538384869633e+02,1.223256202358106e-04,1.372372161244618e+09,1.942014429729062e+00,2.999185623568150e+14,33
5.905000000008824e-05,1181,2.999999999975599e+02,8.370542448028117e+02,3.255874704586762e+02,1.224436367975829e-04,1.368389696935308e+09,1.944233574071343e+00,3.012389537342066e+14,33
5.910000000008835e-05,1182,2.999999999975656e+02,8.372629356803533e+02,3.256215228350987e+02,1.225621015530053e-04,1.371639037055380e+09,1.946364710617196e+00,3.706403073351182e+14,33
5.915000000008846e-05,1183,2.999999999975713e+02,8.374213412032531e+02,3.256550917254763e+02,1.226853676152408e-04,1.372193191444319e+09,1.948271794820191e+00,4.235486672397126e+14,33
5.920000000008857e-05,1184,2.999999999975770e+02,8.375871608552045e+02,3.256878936943643e+02,1.228073460006643e-04,1.374401109799664e+09,1.950223103336995e+00,3.190463320881906e+14,33
5.925000000008868e-05,1185,2.999999999975827e+02,8.377818068507005e+02,3.257206371417052e+02,1.229277717625533e-04,1.372893073342928e+09,1.952298365554795e+00,3.066174827390773e+14,34
5.930000000008879e-05,1186,2.999999999975884e+02,8.379813090864665e+02,3.257543719653567e+02,1.230452176537928e-04,1.373540430793239e+09,1.954391037536698e+00,3.059554524367434e+14,34
5.935000000008890e-05,1187,2.999999999975940e+02,8.381639896224808e+02,3.257884117878359e+02,1.231618798323860e-04,1.373203413480926e+09,1.956416787481645e+00,3.066618451260282e+14,34
5.940000000008901e-05,1188,2.999999999975997e+02,8.383396756290724e+02,3.258228556472052e+02,1.232868884038732e-04,1.373413677179268e+09,1.958424354292001e+00,3.079632793485793e+14,34
5.945000000008912e-05,1189,2.999999999976054e+02,8.385890967356019e+02,3.258590115495659e+02,1.234026476384699e-04,1.374335619116839e+09,1.960758932314351e+00,3.773994246358428e+14,34
5.950000000008923e-05,1190,2.999999999976111e+02,8.388318436074625e+02,3.258948571907662e+02,1.235204222933349e-04,1.374318675977032e+09,1.963068501811075e+00,3.940787266058494e+14,34
5.955000000008934e-05,1191,2.999999999976168e+02,8.390731151509628e+02,3.259302143774196e+02,1.236363079324373e-04,1.372799972471564e+09,1.965373484833915e+00,3.111224482950174e+14,34
5.960000000008945e-05,1192,2.999999999976225e+02,8.392891483093919e+02,3.259641148857230e+02,1.237492055694070e-04,1.372669914969413e+09,1.967565799668131e+00,3.127041999486591e+14,34
5.965000000008955e-05,1193,2.999999999976282e+02,8.394924123006273e+02,3.259826912315640e+02,1.238630687482429e-04,1.372543817239707e+09,1.969697388763655e+00,3.135480034308348e+14,34
5.970000000008966e-05,1194,2.999999999976338e+02,8.397213919057574e+02,3.260149764015795e+02,1.239727375898057e-04,1.372836857243356e+09,1.971937306668349e+00,3.145062636376995e+14,34
5.975000000008977e-05,1195,2.999999999976395e+02,8.399715494214352e+02,3.260475014232713e+02,1.240900788996317e-04,1.370796205538909e+09,1.974277914382224e+00,3.140315486865672e+14,34
5.980000000008988e-05,1196,2.999999999976452e+02,8.402349243102191e+02,3.260802371917387e+02,1.242104249246331e-04,1.370364711305176e+09,1.976680698190825e+00,3.390845759770576e+14,34
5.985000000008999e-05,1197,2.999999999976509e+02,8.405091895175601e+02,3.261107008078167e+02,1.243323095020725e-04,1.438614904139412e+09,1.979128094789970e+00,3.723550040627702e+14,34
5.990000000009010e-05,1198,2.999999999976566e+02,8.408621942878754e+02,3.261440558501331e+02,1.244468537803837e-04,1.376219751414112e+09,1.981910517775819e+00,3.132639749621783e+14,34
5.995000000009021e-05,1199,2.999999999976623e+02,8.412480443217090e+02,3.261771919011679e+02,1.245594357790509e-04,1.373559131899717e+09,1.984758928473755e+00,3.156460574952759e+14,34
6.000000000009032e-05,1200,2.999999999976679e+02,8.417357624935269e+02,3.262109645978390e+02,1.247090621112880e-04,1.370412145230888e+09,1.988089897255045e+00,3.134155477674769e+14,34
6.005000000009043e-05,1201,2.999999999976736e+02,8.421442335252191e+02,3.262459020944485e+02,1.248221732365961e-04,1.370552584882599e+09,1.991115729872297e+00,3.115962472636446e+14,34
6.010000000009054e-05,1202,2.999999999976793e+02,8.425741969268732e+02,3.262791797105469e+02,1.249408862052990e-04,1.369772715060146e+09,1.994243475298417e+00,3.103940372138110e+14,34
6.015000000009065e-05,1203,2.999999999976850e+02,8.429454750034224e+02,3.263110225855360e+02,1.250506651378760e-04,1.369603457685163e+09,1.997122721333533e+00,3.117714092464292e+14,34
6.020000000009076e-05,1204,2.999999999976907e+02,8.433684805772938e+02,3.263436369039055e+02,1.251656902155268e-04,1.372664940517291e+09,2.000225797002918e+00,3.792057799644151e+14,34
6.025000000009087e-05,1205,2.999999999976964e+02,8.437778997645205e+02,3.263755298953682e+02,1.252749703260316e-04,1.370470530489659e+09,2.003273852935485e+00,3.522976826468713e+14,34
6.030000000009098e-05,1206,2.999999999977020e+02,8.441662430959899e+02,3.263917989277674e+02,1.253837116651324e-04,1.369082047891578e+09,2.006228208328974e+00,3.080385856682339e+14,34
6.035000000009109e-05,1207,2.999999999977077e+02,8.445579627225048e+02,3.264226191970865e+02,1.254873772229137e-04,1.366224619807814e+09,2.009186617266914e+00,3.105876309487809e+14,34
6.040000000009120e-05,1208,2.999999999977134e+02,8.449139275113372e+02,3.264470386990990e+02,1.255911507090137e-04,1.365891498331105e+09,2.011982865018288e+00,3.080765955175298e+14,34
6.045000000009131e-05,1209,2.999999999977191e+02,8.452721636868482e+02,3.264775203592163e+02,1.257066197290944e-04,1.368792659390536e+09,2.014787000388635e+00,3.068626469038570e+14,34
6.050000000009142e-05,1210,2.999999999977248e+02,8.456486135260708e+02,3.265088411048684e+02,1.258235454220704e-04,1.366537303628143e+09,2.017671681385672e+00,3.052123256213967e+14,34
6.055000000009153e-05,1211,2.999999999977305e+02,8.460813120230993e+02,3.265404345748240e+02,1.259519986630114e-04,1.366139503409787e+09,2.020781398739955e+00,3.541061556628910e+14,34
6.060000000009164e-05,1212,2.999999999977362e+02,8.467560728878408e+02,3.265731899575939e+02,1.260666569086153e-04,1.366844596504936e+09,2.024923036146250e+00,4.017977435590076e+14,34
6.065000000009175e-05,1213,2.999999999977418e+02,8.472853156445950e+02,3.266050789173566e+02,1.261774552596323e-04,1.364242276122000e+09,2.028434313655661e+00,3.391116251623533e+14,34
6.070000000009186e-05,1214,2.999999999977475e+02,8.477185156926370e+02,3.266363089720803e+02,1.262993828692564e-04,1.363496299111248e+09,2.031555114066441e+00,3.035182194528599e+14,34
6.075000000009197e-05,1215,2.999999999977532e+02,8.482015457687420e+02,3.266541386701601e+02,1.264231148133566e-04,1.366181442282161e+09,2.034908792766641e+00,3.066332189966292e+14,33
6.080000000009208e-05,1216,2.999999999977589e+02,8.487570167003452e+02,3.266864071101964e+02,1.265438414438766e-04,1.367159002934426e+09,2.038587441847860e+00,3.062227191764523e+14,33
6.085000000009219e-05,1217,2.999999999977646e+02,8.492838365442856e+02,3.267190536559371e+02,1.266583912898755e-04,1.371635266688812e+09,2.042141485015804e+00,3.033944949129476e+14,33
6.090000000009230e-05,1218,2.999999999977703e+02,8.497082229810682e+02,3.267500331682831e+02,1.267653525962628e-04,1.369324434224887e+09,2.045281639491040e+00,3.019387620639466e+14,33
6.095000000009241e-05,1219,2.999999999977759e+02,8.501322337453047e+02,3.267794129587778e+02,1.268753267689550e-04,1.366974259537450e+09,2.048428560317827e+00,3.847201041824526e+14,33
6.100000000009252e-05,1220,2.999999999977816e+02,8.505777545697769e+02,3.268086523551009e+02,1.269784972003289e-04,1.367376326584356e+09,2.051667953747657e+00,4.393127038383054e+14,33
6.105000000009242e-05,1221,2.999999999977873e+02,8.511172582760972e+02,3.268255040261108e+02,1.270819607069390e-04,1.360269562119540e+09,2.055296079077614e+00,3.807042043279286e+14,33
6.110000000009185e-05,1222,2.999999999977930e+02,8.519314628939238e+02,3.268496443113648e+02,1.271938764251906e-04,1.357481166703364e+09,2.058939239550745e+00,3.022373353954171e+14,33
6.115000000009129e-05,1223,2.999999999977987e+02,8.533120871550041e+02,3.268833047118835e+02,1.273157450024210e-04,1.371730500432515e+09,2.062179605287921e+00,2.972438302364050e+14,33
6.120000000009072e-05,1224,2.999999999978044e+02,8.546026138627929e+02,3.269158834724934e+02,1.274378696526830e-04,1.363784167373578e+09,2.065438917448156e+00,2.976332967396952e+14,31
6.125000000009015e-05,1225,2.999999999978101e+02,8.557606966034725e+02,3.269476619918773e+02,1.275582728413376e-04,1.361839440009656e+09,2.068344677856171e+00,2.962134081053790e+14,32
6.130000000008958e-05,1226,2.999999999978157e+02,8.569353686153567e+02,3.269670444932207e+02,1.276865301285982e-04,1.366904859958802e+09,2.071802609905697e+00,2.982686563276021e+14,33
6.135000000008901e-05,1227,2.999999999978214e+02,8.584371216620727e+02,3.270025790003260e+02,1.278056811380177e-04,1.360221809657440e+09,2.075605395556178e+00,4.077636201011934e+14,33
6.140000000008845e-05,1228,2.999999999978271e+02,8.605088639986953e+02,3.270368881392632e+02,1.279200216545332e-04,1.361891793857777e+09,2.079485434198219e+00,4.575866602535330e+14,33
6.145000000008788e-05,1229,2.999999999978328e+02,8.705061228721713e+02,3.270721858299781e+02,1.280494891472055e-04,1.360338319168889e+09,2.081900671628041e+00,3.594874052878110e+14,33
6.150000000008731e-05,1230,2.999999999978385e+02,8.754218487430668e+02,3.271057512795412e+02,1.281755544537422e-04,1.359283881035117e+09,2.085342253493682e+00,3.087331856246224e+14,33
6.155000000008674e-05,1231,2.999999999978442e+02,8.789561097633632e+02,3.271369978812954e+02,1.283033555578332e-04,1.355060448232792e+09,2.088894002600538e+00,3.119823885753325e+14,31
6.160000000008617e-05,1232,2.999999999978498e+02,8.817810484311316e+02,3.271674221161344e+02,1.284244914320531e-04,1.354209112930429e+09,2.092300555493158e+00,3.068346402021252e+14,31
6.165000000008561e-05,1233,2.999999999978555e+02,8.842006223150208e+02,3.271975178929552e+02,1.285351473270332e-04,1.353343845619239e+09,2.095303563891698e+00,3.081774211209401e+14,33
6.170000000008504e-05,1234,2.999999999978612e+02,8.864616739139775e+02,3.272272432759598e+02,1.286425413230248e-04,1.353384866779441e+09,2.098331573649263e+00,3.096736983428558e+14,33
6.175000000008447e-05,1235,2.999999999978669e+02,8.885015392928891e+02,3.272568534082823e+02,1.287555567765061e-04,1.350900850164245e+09,2.101337099546340e+00,4.583144991894214e+14,33
6.180000000008390e-05,1236,2.999999999978726e+02,8.903716866054679e+02,3.272860967879201e+02,1.288742708804863e-04,1.347197538995691e+09,2.104292061964570e+00,4.223501185856952e+14,33
6.185000000008333e-05,1237,2.999999999978783e+02,8.922354739166933e+02,3.273158931613086e+02,1.289991480472835e-04,1.347191518913935e+09,2.109431862601619e+00,3.095351995027410e+14,33
6.190000000008277e-05,1238,2.999999999978839e+02,8.940702189085520e+02,3.273463435353670e+02,1.291340637985727e-04,1.345963160491333e+09,2.119080034887050e+00,3.094848688170971e+14,32
6.195000000008220e-05,1239,2.999999999978896e+02,8.959034809992726e+02,3.273779346823556e+02,1.292616329692970e-04,1.344835842462506e+09,2.128636366297112e+00,3.090019118995756e+14,30
6.200000000008163e-05,1240,2.999999999979188e+02,8.975499519170983e+02,3.274083170494019e+02,1.293912022570552e-04,1.345599623889136e+09,2.137598429853324e+00,3.114319328156379e+14,32
6.205000000008106e-05,1241,2.999999999978775e+02,8.990471250995076e+02,3.274380069669473e+02,1.295229518806598e-04,1.346899953845295e+09,2.146103410875888e+00,3.127439450737675e+14,33
6.210000000008049e-05,1242,2.999999999978832e+02,9.005416969607953e+02,3.274687635115770e+02,1.296498060243997e-04,1.356782272454134e+09,2.154771466846069e+00,4.293218711843664e+14,33
6.215000000007993e-05,1243,2.999999999978888e+02,9.025086004243113e+02,3.275007427590336e+02,1.297780673125425e-04,1.358805143863636e+09,2.165132311690904e+00,4.030198108712645e+14,33
6.220000000007936e-05,1244,2.999999999978945e+02,9.042071089369573e+02,3.275321841022309e+02,1.299012476567593e-04,1.361298987302336e+09,2.174650062644558e+00,3.082828780177797e+14,33
6.225000000007879e-05,1245,2.999999999979002e+02,9.056196054749429e+02,3.274199048748506e+02,1.300216724750897e-04,1.361317004335414e+09,2.183161394546483e+00,3.092238014200319e+14,31
6.230000000007822e-05,1246,2.999999999979059e+02,9.067470779458889e+02,3.274501398406171e+02,1.301145799521225e-04,1.377751585375606e+09,2.190444302750336e+00,3.060189602304638e+14,30
6.235000000007765e-05,1247,2.999999999979116e+02,9.077020963400340e+02,3.274788422981073e+02,1.302243458972848e-04,1.375221126824650e+09,2.196989865959871e+00,3.045463352239214e+14,32
6.240000000007709e-05,1248,2.999999999979173e+02,9.082479715199839e+02,3.275087196244758e+02,1.303616567249471e-04,1.365279610972059e+09,2.202140081668285e+00,3.111028015957629e+14,33
6.245000000007652e-05,1249,2.999999999979229e+02,9.089368007413935e+02,3.275312120183680e+02,1.304648007100410e-04,1.368254642661612e+09,2.208099899747185e+00,4.492759535057598e+14,33
6.250000000007595e-05,1250,2.999999999979286e+02,9.096863639869252e+02,3.275597318095411e+02,1.305750370317149e-04,1.377606335845043e+09,2.214191993865270e+00,3.774703460070866e+14,33
6.255000000007538e-05,1251,2.999999999979343e+02,9.104147233151533e+02,3.275891390199955e+02,1.306846457734202e-04,1.366591029115992e+09,2.220237532806134e+00,2.986605194980797e+14,34
6.260000000007481e-05,1252,2.999999999979400e+02,9.111782935715310e+02,3.276201890000997e+02,1.308089738289769e-04,1.367529672958828e+09,2.226394129649468e+00,2.974933502595231e+14,31
6.265000000007425e-05,1253,2.999999999979457e+02,9.119324336146473e+02,3.276496119542346e+02,1.309223718705078e-04,1.371825299140850e+09,2.232542605553150e+00,2.966097208486015e+14,31
6.270000000007368e-05,1254,2.999999999979514e+02,9.126732455036339e+02,3.276624722343941e+02,1.310339205536961e-04,1.373517472691240e+09,2.238583673370880e+00,2.942728067355332e+14,34
6.275000000007311e-05,1255,2.999999999979570e+02,9.133575324869981e+02,3.276898306303676e+02,1.311490488487008e-04,1.369084669869644e+09,2.244473327062961e+00,3.743290380567807e+14,34
6.280000000007254e-05,1256,2.999999999979627e+02,9.140333128123875e+02,3.277171552279453e+02,1.312584041130879e-04,1.371497578616770e+09,2.250335922891199e+00,4.400316258039275e+14,34
6.285000000007197e-05,1257,2.999999999979684e+02,9.146631645876593e+02,3.277443002918678e+02,1.313631976123028e-04,1.375389576460261e+09,2.256027030078186e+00,2.891508203153011e+14,34
6.290000000007141e-05,1258,2.999999999979741e+02,9.152088224223245e+02,3.277708632169084e+02,1.314709180080298e-04,1.380049525222577e+09,2.261460890136153e+00,2.860015239480678e+14,33
6.295000000007084e-05,1259,2.999999999979798e+02,9.157422954323977e+02,3.277969591653710e+02,1.315727873996969e-04,1.370845021659019e+09,2.266891533894707e+00,2.876305590021104e+14,31
6.300000000007027e-05,1260,2.999999999981671e+02,9.163629513753493e+02,3.278232899796622e+02,1.316636748935859e-04,1.369259224401283e+09,2.272641380016523e+00,2.905126663381911e+14,32
6.305000000006970e-05,1261,2.999999999981671e+02,9.168369624269429e+02,3.278477000165433e+02,1.317569262603565e-04,1.368846853592422e+09,2.277725283843027e+00,2.874209979571371e+14,34
6.310000000006913e-05,1262,2.999999999981671e+02,9.171913457448798e+02,3.278715082942028e+02,1.318617283794936e-04,1.366692267782946e+09,2.282310526914599e+00,4.292716388729226e+14,34
6.315000000006857e-05,1263,2.999999999981671e+02,9.175452597350807e+02,3.278956047657986e+02,1.319640187509299e-04,1.365972829838353e+09,2.286911262378582e+00,3.759899201797148e+14,34
6.320000000006800e-05,1264,2.999999999981928e+02,9.179436271024565e+02,3.279037446439016e+02,1.320690609891502e-04,1.370882755922087e+09,2.291699870513876e+00,2.823062392415586e+14,34
6.325000000006743e-05,1265,2.999999999981928e+02,9.184009967106505e+02,3.279287824127554e+02,1.321669356774581e-04,1.368469461124961e+09,2.296759616961732e+00,2.832330525135182e+14,31
6.330000000006686e-05,1266,2.999999999981928e+02,9.188748032457804e+02,3.279402902979191e+02,1.322666931858774e-04,1.363386888556524e+09,2.301906723553780e+00,2.857116490712102e+14,31
6.335000000006629e-05,1267,2.999999999982456e+02,9.193563480855931e+02,3.279648500107483e+02,1.323648158850721e-04,1.364744159847256e+09,2.307109637394300e+00,2.842427896419818e+14,33
6.340000000006573e-05,1268,2.999999999982456e+02,9.199594341386758e+02,3.279912069084343e+02,1.324578650188083e-04,1.369947268062752e+09,2.312820568819627e+00,3.717447767113454e+14,34
6.345000000006516e-05,1269,2.999999999982456e+02,9.206213291603920e+02,3.280184275042254e+02,1.325563198104470e-04,1.360222829981982e+09,2.318740970320371e+00,4.049425010558360e+14,34
6.350000000006459e-05,1270,2.999999999982456e+02,9.211702367573158e+02,3.280441352650019e+02,1.326670016808828e-04,1.368609130950898e+09,2.324228172430052e+00,2.831011372883842e+14,34
6.355000000006402e-05,1271,2.999999999982456e+02,9.216844304201076e+02,3.280686745364721e+02,1.327711617712783e-04,1.372609063750955e+09,2.329555732225644e+00,2.826265893824238e+14,32
6.360000000006345e-05,1272,2.999999999982456e+02,9.221359591532200e+02,3.280922001787673e+02,1.328609618821682e-04,1.372056616921612e+09,2.334608733864040e+00,2.839208996600845e+14,31
6.365000000006289e-05,1273,2.999999999982456e+02,9.224987399671742e+02,3.281153446917938e+02,1.329523772575715e-04,1.372684313139734e+09,2.339318651538579e+00,2.836027996482380e+14,32
6.370000000006232e-05,1274,2.999999999982456e+02,9.229748187504961e+02,3.281399507915783e+02,1.330595225407026e-04,1.372441238130541e+09,2.344529872659348e+00,3.039476327073286e+14,34
6.375000000006175e-05,1275,2.999999999982456e+02,9.235970457387571e+02,3.281670845962383e+02,1.331592113314066e-04,1.375805824328811e+09,2.350343446616499e+00,4.069816623576608e+14,34
6.380000000006118e-05,1276,2.999999999982456e+02,9.241650068083426e+02,3.281929224939936e+02,1.332732121645884e-04,1.370576839875696e+09,2.355910542134084e+00,2.859371624173004e+14,34
6.385000000006061e-05,1277,2.999999999982456e+02,9.247233096178310e+02,3.282193606694241e+02,1.333834948423306e-04,1.372959952982781e+09,2.361410259680475e+00,2.880857529698221e+14,32
6.390000000006005e-05,1278,2.999999999982456e+02,9.253619491181533e+02,3.282461595672061e+02,1.334993555709876e-04,1.378761318705049e+09,2.367164911697961e+00,2.878646106609224e+14,31
6.395000000005948e-05,1279,2.999999999982456e+02,9.260339301857766e+02,3.282722971974918e+02,1.336206014525781e-04,1.382874743827330e+09,2.373136386162602e+00,2.884396113909886e+14,32
6.400000000005891e-05,1280,2.999999999982456e+02,9.268471600218912e+02,3.282999583013689e+02,1.337371027144040e-04,1.380018966113692e+09,2.379761007271923e+00,2.900500468053142e+14,34
6.405000000005834e-05,1281,2.999999999982456e+02,9.277486849938639e+02,3.283286031169533e+02,1.338548388076758e-04,1.380316989724607e+09,2.386802316638014e+00,3.883354297491624e+14,34
6.410000000005777e-05,1282,2.999999999982456e+02,9.286480586149178e+02,3.283583850878167e+02,1.339760253563079e-04,1.380350137282064e+09,2.393806984292993e+00,3.121407981291160e+14,34
6.415000000005721e-05,1283,2.999999999982456e+02,9.296635571597591e+02,3.283886354919080e+02,1.340896857606842e-04,1.383703546665810e+09,2.401275282655587e+00,2.918338611821628e+14,33
6.420000000005664e-05,1284,2.999999999982456e+02,9.305857557989920e+02,3.284165617525096e+02,1.342064488571548e-04,1.385597442695814e+09,2.408377452605777e+00,2.919454234513781e+14,31
6.425000000005607e-05,1285,2.999999999982456e+02,9.314983202324743e+02,3.284438378918236e+02,1.343339171980470e-04,1.387841969776569e+09,2.415468024846705e+00,2.872916589589380e+14,31
6.430000000005550e-05,1286,2.999999999982456e+02,9.324297572058842e+02,3.284730156962752e+02,1.344553702142868e-04,1.390899487477028e+09,2.422623549637324e+00,2.906695281453474e+14,34
6.435000000005493e-05,1287,2.999999999982456e+02,9.333374335313630e+02,3.285025666020693e+02,1.345757012971656e-04,1.386904374167488e+09,2.429672338679089e+00,3.748270779864060e+14,34
6.440000000005437e-05,1288,2.999999999982456e+02,9.341994679558961e+02,3.285315470980000e+02,1.347035847733343e-04,1.386334230360677e+09,2.436556181308469e+00,3.504816007161592e+14,34
6.445000000005380e-05,1289,2.999999999982456e+02,9.350984367487320e+02,3.285617778779305e+02,1.348272587027287e-04,1.388195969527114e+09,2.443623395798215e+00,2.923909782104647e+14,34
6.450000000005323e-05,1290,2.999999999982456e+02,9.361510544427657e+02,3.285930976200559e+02,1.349576323143545e-04,1.374523787213838e+09,2.451396039141136e+00,2.966558903285284e+14,31
6.455000000005266e-05,1291,2.999999999982456e+02,9.373550719099260e+02,3.286247021702657e+02,1.350850958021486e-04,1.376510639444702e+09,2.459764913785452e+00,3.164606565568898e+14,31
6.460000000005209e-05,1292,2.999999999982456e+02,9.384416190492444e+02,3.286560075455956e+02,1.352134948701424e-04,1.378754655140156e+09,2.467590337942684e+00,2.912458819160207e+14,32
6.465000000005153e-05,1293,2.999999999982456e+02,9.393367023929907e+02,3.286860581559982e+02,1.353487046633965e-04,1.380896421951048e+09,2.474682442942690e+00,3.272786950105339e+14,34
6.470000000005096e-05,1294,2.999999999982456e+02,9.401292417886903e+02,3.287163151295541e+02,1.354700264167679e-04,1.379590150370290e+09,2.481388243337514e+00,3.428587126892888e+14,34
6.475000000005039e-05,1295,2.999999999982456e+02,9.408821632146372e+02,3.287461383894022e+02,1.355968496922678e-04,1.375070064667966e+09,2.487945494298174e+00,2.915968091383198e+14,34
6.480000000004982e-05,1296,2.999999999982456e+02,9.415911294357709e+02,3.287768261694987e+02,1.357139260547717e-04,1.379042632052996e+09,2.494353085573143e+00,3.367495009101632e+14,31
6.485000000004925e-05,1297,2.999999999982456e+02,9.423960774040071e+02,3.288069460965464e+02,1.358362337283195e-04,1.375966244377305e+09,2.501255621904919e+00,3.601867624855873e+14,31
6.490000000004869e-05,1298,2.999999999982456e+02,9.431066223343770e+02,3.288367381169940e+02,1.359532768702679e-04,1.372719900442742e+09,2.507769603818452e+00,2.931716004621894e+14,32
6.495000000004812e-05,1299,2.999999999982456e+02,9.437073985709957e+02,3.288657157486392e+02,1.360654088536958e-04,1.368025800956403e+09,2.513823793501875e+00,3.086033470170744e+14,34
6.500000000004755e-05,1300,2.999999999982456e+02,9.442901133585759e+02,3.288944704714868e+02,1.361750599138574e-04,1.365322840431358e+09,2.519796851014877e+00,3.543752464105264e+14,34
6.505000000004698e-05,1301,2.999999999982456e+02,9.448031252429516e+02,3.289229833923289e+02,1.362870191462530e-04,1.363731102609517e+09,2.525469514749674e+00,3.005256293977877e+14,34
6.510000000004641e-05,1302,2.999999999982456e+02,9.452807507839578e+02,3.289516410528873e+02,1.364027722421204e-04,1.362134075765447e+09,2.530951399606178e+00,3.451452103291909e+14,31
6.515000000004585e-05,1303,2.999999999982456e+02,9.457218144100774e+02,3.289803833395821e+02,1.365165756852008e-04,1.355436732247051e+09,2.536265334761039e+00,3.718005213382046e+14,31
6.520000000004528e-05,1304,2.999999999982502e+02,9.462052488403522e+02,3.289948863744715e+02,1.366322578461079e-04,1.351866201110875e+09,2.541807159457029e+00,3.016447931074120e+14,32
6.525000000004471e-05,1305,2.999999999982559e+02,9.466453011560477e+02,3.290114636589199e+02,1.367507280450832e-04,1.352424001542459e+09,2.547205662782944e+00,3.071400769287238e+14,34
6.530000000004414e-05,1306,2.999999999982616e+02,9.469926350424755e+02,3.290384054210597e+02,1.368549761644403e-04,1.358257125880377e+09,2.552154941918511e+00,3.570705641810734e+14,34
6.535000000004357e-05,1307,2.999999999982706e+02,9.472828606079431e+02,3.290647785567864e+02,1.369657431467743e-04,1.354553972631391e+09,2.556761999230208e+00,3.012097487200450e+14,34
6.540000000004301e-05,1308,2.999999999982763e+02,9.483648467885706e+02,3.290946742311055e+02,1.370799615408654e-04,1.359952699103019e+09,2.565163316539799e+00,3.686433154034068e+14,32
6.545000000004244e-05,1309,2.999999999983118e+02,9.493359026365207e+02,3.291239820980902e+02,1.371939448327791e-04,1.358970290738239e+09,2.572877174034470e+00,4.100659495428457e+14,31
6.550000000004187e-05,1310,2.999999999983118e+02,9.499853058962283e+02,3.291520017849637e+02,1.373083185572566e-04,1.358826298515542e+09,2.579194043911600e+00,3.162392148604782e+14,32
6.555000000004130e-05,1311,2.999999999983118e+02,9.505124988573202e+02,3.291663931661401e+02,1.374227910919735e-04,1.357673612252104e+09,2.584952029611611e+00,3.313139988191417e+14,34
6.560000000004073e-05,1312,2.999999999983118e+02,9.509066980351047e+02,3.291970542396194e+02,1.375328936520107e-04,1.356590298095706e+09,2.590152022509281e+00,3.987504134143417e+14,34
6.565000000004017e-05,1313,2.999999999983137e+02,9.513108596943928e+02,3.292272813556762e+02,1.376397564074133e-04,1.354007870388436e+09,2.595403996649185e+00,2.752261166882618e+14,34
6.570000000003960e-05,1314,2.999999999983194e+02,9.516571035656762e+02,3.292567255292969e+02,1.377494683080849e-04,1.356906883519710e+09,2.600431444592382e+00,3.798063520945418e+14,32
6.575000000003903e-05,1315,2.999999999982334e+02,9.520267596831135e+02,3.292857149862141e+02,1.378546186253177e-04,1.353684120178646e+09,2.605556988207581e+00,4.456520506396021e+14,31
6.580000000003846e-05,1316,2.999999999982390e+02,9.523947432379156e+02,3.293140144393947e+02,1.379644866200479e-04,1.352283383083968e+09,2.610641383312825e+00,3.476785732419281e+14,32
6.585000000003789e-05,1317,2.999999999982447e+02,9.527235480297078e+02,3.293275735956877e+02,1.380859544672940e-04,1.351796127639745e+09,2.615504619113076e+00,3.379031494350357e+14,34
6.590000000003733e-05,1318,2.999999999982504e+02,9.529939069678559e+02,3.293398979522852e+02,1.382079256125655e-04,1.359155743873203e+09,2.620107184542617e+00,4.408582293610082e+14,34
6.595000000003676e-05,1319,2.999999999982561e+02,9.533399158451064e+02,3.293521501202761e+02,1.383224309675141e-04,1.363792829077349e+09,2.625018599014955e+00,2.904132213351712e+14,34
6.600000000003619e-05,1320,2.999999999982618e+02,9.536370874730310e+02,3.293801292822151e+02,1.384400067231680e-04,1.360656426631383e+09,2.629704113098719e+00,3.650735607086518e+14,32
6.605000000003562e-05,1321,2.999999999982675e+02,9.539330379739163e+02,3.294071526216339e+02,1.385525675206807e-04,1.355408333593778e+09,2.634334301483633e+00,4.642165222870526e+14,30
6.610000000003505e-05,1322,2.999999999982732e+02,9.542748408989248e+02,3.294347958963713e+02,1.386710938462200e-04,1.362842263722380e+09,2.639261947980002e+00,3.771722823036939e+14,32
6.615000000003449e-05,1323,2.999999999982788e+02,9.547203820314209e+02,3.294624530298511e+02,1.387855042847811e-04,1.362821030601207e+09,2.644683482292430e+00,3.295695446934916e+14,34
6.620000000003392e-05,1324,2.999999999982845e+02,9.553184160125164e+02,3.294750783155391e+02,1.389005275896948e-04,1.366507578755035e+09,2.650775536784649e+00,4.745869558385083e+14,34
6.625000000003335e-05,1325,2.999999999982902e+02,9.559858784283289e+02,3.295056845483460e+02,1.390239889299913e-04,1.370783416116869e+09,2.657236982913902e+00,3.340041257170925e+14,34
6.630000000003278e-05,1326,2.999999999982959e+02,9.567441107445356e+02,3.295359962369637e+02,1.391423758247255e-04,1.365129407223102e+09,2.664101105273582e+00,3.602638601748940e+14,32
6.635000000003221e-05,1327,2.999999999983016e+02,9.575448133894849e+02,3.295646040427912e+02,1.392564081461361e-04,1.370526129840161e+09,2.671123042740963e+00,4.610448232383449e+14,31
6.640000000003165e-05,1328,2.999999999983073e+02,9.582966934621279e+02,3.295922094959778e+02,1.393665481330386e-04,1.371316561258651e+09,2.677849678000475e+00,4.067118351161190e+14,32
6.645000000003108e-05,1329,2.999999999983129e+02,9.589804649540985e+02,3.296191514435736e+02,1.394782383455816e-04,1.371685749891239e+09,2.684268700135725e+00,3.189715959904164e+14,34
6.650000000003051e-05,1330,2.999999999983186e+02,9.597793299311483e+02,3.296472091900254e+02,1.395953049172236e-04,1.377877409671299e+09,2.691190091583601e+00,4.994036242113753e+14,34
6.655000000002994e-05,1331,2.999999999983243e+02,9.606131404294866e+02,3.296680765920711e+02,1.397114702041629e-04,1.377591356484608e+09,2.698253918262207e+00,3.924010683002449e+14,34
6.660000000002937e-05,1332,2.999999999982917e+02,9.613798771068563e+02,3.296968979886414e+02,1.398297099096772e-04,1.378744016513016e+09,2.704986416288266e+00,3.313197518274135e+14,32
6.665000000002881e-05,1333,2.999999999982974e+02,9.620398241039659e+02,3.297229090017528e+02,1.399421016375128e-04,1.389258557882381e+09,2.711154634222751e+00,4.568130816239150e+14,32
6.670000000002824e-05,1334,2.999999999983059e+02,9.627416936314069e+02,3.297334786783924e+02,1.400712516892633e-04,1.380763330625479e+09,2.717428691153212e+00,4.341470646064230e+14,32
6.675000000002767e-05,1335,2.999999999983116e+02,9.632213822853240e+02,3.297455598523001e+02,1.401798120078347e-04,1.379957775342942e+09,2.723079868836727e+00,3.012652147899754e+14,34
6.680000000002710e-05,1336,2.999999999983173e+02,9.634525627081606e+02,3.297587917192880e+02,1.402923967116678e-04,1.379843384085544e+09,2.727812421862029e+00,4.902213706932383e+14,35
6.685000000002653e-05,1337,2.999999999983229e+02,9.636733891235563e+02,3.297888646777935e+02,1.403997563188800e-04,1.377059477771111e+09,2.732461159571349e+00,4.386131890427421e+14,35
6.690000000002597e-05,1338,2.999999999983286e+02,9.638940193755952e+02,3.298176660376944e+02,1.405111972487607e-04,1.379618468317197e+09,2.737094266951083e+00,3.097720265731422e+14,33
6.695000000002540e-05,1339,2.999999999983343e+02,9.641590102911347e+02,3.298457525807442e+02,1.406155613887032e-04,1.373173451955959e+09,2.741977572710099e+00,4.571693970755192e+14,33
6.700000000002483e-05,1340,2.999999999983400e+02,9.643755350258114e+02,3.298721483025099e+02,1.407147693211254e-04,1.384201933282451e+09,2.746636610340831e+00,4.389365538490091e+14,33
6.705000000002426e-05,1341,2.999999999983011e+02,9.644331461095879e+02,3.298968288398442e+02,1.408082925890349e-04,1.396692593115373e+09,2.750523958129914e+00,2.918363099515787e+14,34
6.710000000002369e-05,1342,2.999999999983068e+02,9.643909713699169e+02,3.299207981376612e+02,1.409021547767831e-04,1.403132912951919e+09,2.753923678174531e+00,4.868754356061820e+14,35
6.715000000002313e-05,1343,2.999999999983125e+02,9.643126408342222e+02,3.299355013842231e+02,1.409957407400168e-04,1.411460872670752e+09,2.757133091430473e+00,4.382821973313439e+14,35
6.720000000002256e-05,1344,2.999999999983182e+02,9.642113652579857e+02,3.299586870353211e+02,1.410953782320512e-04,1.420107803489551e+09,2.760197802035062e+00,3.046507373485755e+14,33
6.725000000002199e-05,1345,2.999999999983239e+02,9.641441392990955e+02,3.299815788494457e+02,1.412028329510380e-04,1.423774810948666e+09,2.763423448158956e+00,4.530508418352162e+14,33
6.730000000002142e-05,1346,2.999999999983295e+02,9.642044225251632e+02,3.300059417141415e+02,1.413107712601376e-04,1.429143781174282e+09,2.767256354289399e+00,4.408067232669003e+14,33
6.735000000002085e-05,1347,2.999999999983352e+02,9.643237845975245e+02,3.300307970999908e+02,1.414122381601356e-04,1.429990781735739e+09,2.771348781695831e+00,2.916695133944158e+14,34
6.740000000002029e-05,1348,2.999999999983409e+02,9.644852343187879e+02,3.300561132372782e+02,1.415166227388458e-04,1.424750291384084e+09,2.775624836822665e+00,4.901806018021577e+14,35
6.745000000001972e-05,1349,2.999999999983466e+02,9.647375037223422e+02,3.300821482982109e+02,1.416256634201267e-04,1.417973898763394e+09,2.780386338433715e+00,4.417114721904096e+14,35
6.750000000001915e-05,1350,2.999999999983523e+02,9.650728487931983e+02,3.301081014911872e+02,1.417340939082089e-04,1.412828854801808e+09,2.785519688929055e+00,3.150156081868766e+14,33
6.755000000001858e-05,1351,2.999999999983580e+02,9.655401567202312e+02,3.301347805112097e+02,1.418354333143300e-04,1.405425994570219e+09,2.791206271298077e+00,4.651700368479411e+14,33
6.760000000001801e-05,1352,2.999999999983636e+02,9.659954614478837e+02,3.301624106908433e+02,1.419390256795585e-04,1.398754593614285e+09,2.796849361689301e+00,4.056117980953122e+14,33
6.765000000001745e-05,1353,2.999999999983693e+02,9.669069617327209e+02,3.301910959313743e+02,1.420392384476066e-04,1.380321022078828e+09,2.804361453467855e+00,2.876506489126158e+14,34
6.770000000001688e-05,1354,2.999999999983750e+02,9.681478429326201e+02,3.302184089306964e+02,1.421341796348801e-04,1.363423981073173e+09,2.813167407670929e+00,4.965487750313448e+14,35
6.775000000001631e-05,1355,2.999999999983807e+02,9.692164268379295e+02,3.302454956896968e+02,1.422401689393364e-04,1.358051977513479e+09,2.821209379694894e+00,4.211928066824577e+14,35
6.780000000001574e-05,1356,2.999999999983864e+02,9.701617910707697e+02,3.302729855489216e+02,1.423525580377975e-04,1.354445791604137e+09,2.828707113757401e+00,2.869562330068184e+14,33
6.785000000001517e-05,1357,2.999999999983921e+02,9.710583083917467e+02,3.303010716384487e+02,1.424683099081009e-04,1.351100685419303e+09,2.836152700377231e+00,3.905040046854191e+14,32
6.790000000001461e-05,1358,2.999999999983978e+02,9.717534848321591e+02,3.303116265741619e+02,1.425855420508575e-04,1.354154780602276e+09,2.842649738341955e+00,3.608051276651166e+14,33
6.795000000001404e-05,1359,2.999999999984034e+02,9.723234993740670e+02,3.303381688881751e+02,1.427014223355890e-04,1.352301241310230e+09,2.848612830242983e+00,3.035400669685552e+14,34
6.800000000001347e-05,1360,2.999999999984091e+02,9.728049814865032e+02,3.303531122336284e+02,1.428246505599606e-04,1.355957155686999e+09,2.854260731879017e+00,5.122412585095759e+14,35
6.805000000001290e-05,1361,2.999999999984148e+02,9.732138293859629e+02,3.303815239203757e+02,1.429474087840193e-04,1.361357882665295e+09,2.859593554805350e+00,4.506100877641581e+14,35
6.810000000001233e-05,1362,2.999999999984205e+02,9.735898854572973e+02,3.304106317407744e+02,1.430643796157391e-04,1.359363935705167e+09,2.864811027815693e+00,3.008178018337833e+14,33
6.815000000001177e-05,1363,2.999999999984262e+02,9.739493140437366e+02,3.304395723383861e+02,1.431925727919677e-04,1.362036500172657e+09,2.870016671988065e+00,3.898372806671665e+14,32
6.820000000001120e-05,1364,2.999999999984319e+02,9.742900375747283e+02,3.304682110722061e+02,1.433060621782934e-04,1.369787808055610e+09,2.875153737532164e+00,3.637357078025296e+14,33
6.825000000001063e-05,1365,2.999999999984375e+02,9.745856536266189e+02,3.304955732747850e+02,1.434162579294228e-04,1.372696464986598e+09,2.880060894143008e+00,3.133724564817016e+14,35
6.830000000001006e-05,1366,2.999999999984432e+02,9.747979635387550e+02,3.305218789791522e+02,1.435275514677636e-04,1.372764514907393e+09,2.884611475446315e+00,5.175572414017022e+14,35
6.835000000000949e-05,1367,2.999999999984489e+02,9.749506101584358e+02,3.305481880287443e+02,1.436384296384661e-04,1.373040075117673e+09,2.888900845244047e+00,4.354044120485449e+14,35
6.840000000000893e-05,1368,2.999999999984546e+02,9.750972396728178e+02,3.305756001786416e+02,1.437489116519619e-04,1.372290682307482e+09,2.893174242412308e+00,3.016444137096421e+14,33
6.845000000000836e-05,1369,2.999999999984603e+02,9.752430721512201e+02,3.305872600482680e+02,1.438606047279241e-04,1.374462782597933e+09,2.897396229504588e+00,3.814130780238560e+14,32
6.850000000000779e-05,1370,2.999999999984660e+02,9.754090759968790e+02,3.306159960655833e+02,1.439795273741831e-04,1.371545243080422e+09,2.901737279696734e+00,3.531989459187228e+14,33
6.855000000000722e-05,1371,2.999999999984717e+02,9.755769970166405e+02,3.306441301964215e+02,1.441003114114059e-04,1.368811541840395e+09,2.906064516764127e+00,3.043908835511404e+14,35
6.860000000000665e-05,1372,2.999999999984773e+02,9.757492415268164e+02,3.306723164132477e+02,1.442255726485934e-04,1.372495374974386e+09,2.910393766306474e+00,5.110632404889061e+14,35
6.865000000000609e-05,1373,2.999999999984830e+02,9.759431167690356e+02,3.307010813132850e+02,1.443490396990938e-04,1.374717043571244e+09,2.914795847810478e+00,4.241303131541239e+14,35
6.870000000000552e-05,1374,2.999999999984887e+02,9.761439007638772e+02,3.307295448661314e+02,1.444675831986773e-04,1.373434705783946e+09,2.919218804473715e+00,3.031682352086675e+14,33
6.875000000000495e-05,1375,2.999999999984944e+02,9.763253621164048e+02,3.307573300901811e+02,1.445897322178854e-04,1.375470337125465e+09,2.923576326614152e+00,3.839557243131535e+14,32
6.880000000000438e-05,1376,2.999999999985001e+02,9.765193169140202e+02,3.307852718177105e+02,1.447096537976561e-04,1.391426415566135e+09,2.928013099154075e+00,3.487051688266440e+14,33
6.885000000000381e-05,1377,2.999999999985058e+02,9.767396635392010e+02,3.308121414762880e+02,1.448237079509742e-04,1.398285448564757e+09,2.932612806724313e+00,3.178031438798764e+14,35
6.890000000000325e-05,1378,2.999999999985114e+02,9.769813382638984e+02,3.308389404341759e+02,1.449318122901972e-04,1.401540888346847e+09,2.937321244993883e+00,5.182780352372057e+14,35
6.895000000000268e-05,1379,2.999999999985171e+02,9.772085243502753e+02,3.308655130046188e+02,1.450353565962087e-04,1.401502621109839e+09,2.941996808895402e+00,4.047704740280128e+14,35
6.900000000000211e-05,1380,2.999999999985228e+02,9.774157665325595e+02,3.308921083574300e+02,1.451388462497770e-04,1.399373606490956e+09,2.946581284014495e+00,3.032777318829581e+14,33
6.905000000000154e-05,1381,2.999999999985285e+02,9.775994400323835e+02,3.309184185627213e+02,1.452394059868241e-04,1.396772664751109e+09,2.951053480618991e+00,3.778733378180770e+14,31
6.910000000000097e-05,1382,2.999999999985342e+02,9.777878718362616e+02,3.309452437859505e+02,1.453416056314025e-04,1.392401794221032e+09,2.955520490776754e+00,3.399768248388846e+14,33
6.915000000000041e-05,1383,2.999999999985399e+02,9.779869306358735e+02,3.309727569573757e+02,1.454513866776228e-04,1.387679877980197e+09,2.960023895199829e+00,3.142170392082919e+14,35
6.919999999999984e-05,1384,2.999999999985455e+02,9.781759428587955e+02,3.310001426641294e+02,1.455687308435001e-04,1.385669574121592e+09,2.964474903238705e+00,5.085190535638393e+14,35
6.924999999999927e-05,1385,2.999999999985512e+02,9.783361890183734e+02,3.310267989083945e+02,1.456823125885448e-04,1.386454520685430e+09,2.968801752380848e+00,3.777568286347505e+14,35
6.929999999999870e-05,1386,2.999999999985569e+02,9.785196329678996e+02,3.310527931388737e+02,1.457904491472218e-04,1.385708310351936e+09,2.973232104006491e+00,3.115939391779631e+14,33
6.934999999999813e-05,1387,2.999999999985626e+02,9.788197494016400e+02,3.310800219137340e+02,1.458976204578962e-04,1.381716364135087e+09,2.978142947977452e+00,3.785022771082732e+14,31
6.939999999999757e-05,1388,2.999999999985683e+02,9.790847515713335e+02,3.311073752708102e+02,1.460139178436044e-04,1.382638789198969e+09,2.982903682955549e+00,3.366510096614920e+14,32
6.944999999999700e-05,1389,2.999999999985740e+02,9.793233782483823e+02,3.311349917468891e+02,1.461307306839587e-04,1.382546167424075e+09,2.987540616667709e+00,3.554923875611757e+14,35
6.949999999999643e-05,1390,2.999999999985797e+02,9.795457845485456e+02,3.311619607573155e+02,1.462425230567741e-04,1.384419962380911e+09,2.992144544764358e+00,5.354464176125278e+14,35
6.954999999999586e-05,1391,2.999999999985853e+02,9.797445410179498e+02,3.311884134150193e+02,1.463556831761096e-04,1.381567867916171e+09,2.996661328570250e+00,3.641333073116015e+14,35
6.959999999999529e-05,1392,2.999999999985910e+02,9.799289183234623e+02,3.312154383851812e+02,1.464623824652678e-04,1.382598147392234e+09,3.001133975391503e+00,3.312099978079254e+14,32
6.964999999999473e-05,1393,2.999999999985967e+02,9.801306164529962e+02,3.312428472547047e+02,1.465714266092091e-04,1.380825926364216e+09,3.005708308516718e+00,3.837825141936545e+14,31
6.969999999999416e-05,1394,2.999999999986024e+02,9.803210782097829e+02,3.312703119994504e+02,1.466753135740956e-04,1.375728961135532e+09,3.010232495539113e+00,3.283228515248616e+14,32
6.974999999999359e-05,1395,2.999999999986081e+02,9.805005457718429e+02,3.312972088965896e+02,1.467829125231658e-04,1.374948867229568e+09,3.014673532118974e+00,3.990171967314867e+14,34
6.979999999999302e-05,1396,2.999999999986138e+02,9.806380809114149e+02,3.313232631627876e+02,1.468936408345075e-04,1.371288457397500e+09,3.018915934346405e+00,5.489446663303971e+14,34
6.984999999999246e-05,1397,2.999999999986194e+02,9.845021366950109e+02,3.313500583576050e+02,1.470076455018310e-04,1.374330106103933e+09,3.034315847183925e+00,3.361392566701533e+14,34
6.989999999999189e-05,1398,2.999999999986251e+02,9.865773880927217e+02,3.313595373259396e+02,1.471281593526685e-04,1.376998527293704e+09,3.046151158399864e+00,3.531635543148564e+14,30
6.994999999999132e-05,1399,2.999999999986308e+02,9.876116810572270e+02,3.313875921216511e+02,1.472585755819419e-04,1.378180336876585e+09,3.054159348878097e+00,3.948752771034908e+14,30
6.999999999999075e-05,1400,2.999999999986365e+02,9.882814629952653e+02,3.314140881770250e+02,1.473845530438551e-04,1.379204941151646e+09,3.060611722336554e+00,3.432228677687686e+14,31
7.004999999999018e-05,1401,2.999999999985602e+02,9.887535617969984e+02,3.314412030859417e+02,1.475053690329675e-04,1.379233989230071e+09,3.066199324290448e+00,4.427289028687001e+14,34
7.009999999998962e-05,1402,2.999999999985658e+02,9.891264359343280e+02,3.314515413920965e+02,1.476255281827211e-04,1.389888791317032e+09,3.071472407647866e+00,5.670308395437591e+14,34
7.014999999998905e-05,1403,2.999999999985715e+02,9.895529589030967e+02,3.314814232624254e+02,1.477514265320900e-04,1.388286119687587e+09,3.076918509977311e+00,3.261060923262259e+14,33
7.019999999998848e-05,1404,2.999999999985741e+02,9.899466290439643e+02,3.315109995273248e+02,1.478734525152259e-04,1.396541148575884e+09,3.082282544744753e+00,3.666882906176578e+14,31
7.024999999998791e-05,1405,2.999999999985798e+02,9.902641921633220e+02,3.315408781714529e+02,1.479975771741157e-04,1.396572981041572e+09,3.087358000114879e+00,4.065353365337648e+14,30
7.029999999998734e-05,1406,2.999999999985855e+02,9.905339962581479e+02,3.315542165200548e+02,1.481151359827428e-04,1.400220546100589e+09,3.092250442689070e+00,3.440634834623027e+14,32
7.034999999998678e-05,1407,2.999999999985911e+02,9.907549919948775e+02,3.315829040189554e+02,1.482345877787905e-04,1.401392049029071e+09,3.096907429512253e+00,4.451643475995539e+14,34
7.039999999998621e-05,1408,2.999999999986154e+02,9.909250536642289e+02,3.316105261088841e+02,1.483415361537467e-04,1.407630740841221e+09,3.101192529444309e+00,5.674059026132605e+14,34
7.044999999998564e-05,1409,2.999999999986210e+02,9.910722227288942e+02,3.316201085051443e+02,1.484537664796487e-04,1.400962390846884e+09,3.105340059125520e+00,3.412608427018304e+14,34
7.049999999998507e-05,1410,2.999999999986267e+02,9.912469980056518e+02,3.316316607019843e+02,1.485753014347570e-04,1.399607729386384e+09,3.109629659155873e+00,3.863205031854704e+14,31
7.054999999998450e-05,1411,2.999999999986006e+02,9.914739350745905e+02,3.316612722702629e+02,1.486952623026510e-04,1.399719887298484e+09,3.114188659809610e+00,4.356559706460113e+14,30
7.059999999998394e-05,1412,2.999999999986063e+02,9.918222080580301e+02,3.316905548869189e+02,1.488122741164064e-04,1.393874850804364e+09,3.119052061528255e+00,3.750815059145891e+14,32
7.064999999998337e-05,1413,2.999999999986120e+02,9.922636819325785e+02,3.317196763913210e+02,1.489282886892365e-04,1.391226065668604e+09,3.124367966434547e+00,4.257012681405410e+14,34
7.069999999998280e-05,1414,2.999999999986177e+02,9.928456538414624e+02,3.317489457913434e+02,1.490550990011113e-04,1.394249297104470e+09,3.130216856884379e+00,5.627167832561423e+14,33
7.074999999998223e-05,1415,2.999999999985952e+02,9.935561104477866e+02,3.317785371506584e+02,1.491767041980345e-04,1.396303784005040e+09,3.136613923787824e+00,3.359503690877862e+14,33
7.079999999998166e-05,1416,2.999999999986009e+02,9.944719988906994e+02,3.317932644063677e+02,1.492975066558659e-04,1.397611733581186e+09,3.143805833937384e+00,3.736845414412235e+14,30
7.084999999998110e-05,1417,2.999999999983765e+02,9.956736890638737e+02,3.318226470503485e+02,1.494205665596612e-04,1.402245726938410e+09,3.151960899190536e+00,4.311603821830008e+14,30
7.089999999998053e-05,1418,2.999999999983765e+02,9.972249047396086e+02,3.318512124195823e+02,1.495339888723355e-04,1.401928485837800e+09,3.161194552396069e+00,3.729884380578881e+14,32
7.094999999997996e-05,1419,2.999999999983765e+02,9.991069365180230e+02,3.318796091137016e+02,1.496404849698570e-04,1.403555861065964e+09,3.171529741015772e+00,4.123313056448288e+14,34
7.099999999997939e-05,1420,2.999999999983765e+02,1.000848879085994e+03,3.319082918505814e+02,1.497472363907583e-04,1.402375812953191e+09,3.181325208638024e+00,5.658626851206609e+14,33
7.104999999997882e-05,1421,2.999999999983765e+02,1.002278305963407e+03,3.319368624248874e+02,1.498469329215930e-04,1.403885686181182e+09,3.189780744561925e+00,3.520802396406573e+14,34
7.109999999997826e-05,1422,2.999999999983765e+02,1.003718518227726e+03,3.319656142673937e+02,1.499488053057523e-04,1.400714753566997e+09,3.198114888663029e+00,3.983212239251164e+14,31
7.114999999997769e-05,1423,2.999999999983765e+02,1.004863454032401e+03,3.319947172798567e+02,1.500594907391278e-04,1.397904881663105e+09,3.205444789988504e+00,4.445907877451636e+14,30
7.119999999997712e-05,1424,2.999999999983765e+02,1.005092478336603e+03,3.320231251091843e+02,1.501729408734252e-04,1.391155887100328e+09,3.209264260424542e+00,3.835721823284611e+14,33
7.124999999997655e-05,1425,2.999999999983765e+02,1.004462716675191e+03,3.320492819342778e+02,1.502850471978200e-04,1.389265339959346e+09,3.209348401249204e+00,3.935370917795099e+14,35
7.129999999997598e-05,1426,2.999999999983765e+02,1.003864902336120e+03,3.320618182812515e+02,1.503938295821667e-04,1.381119876178269e+09,3.209580450844697e+00,5.418962429501876e+14,34
7.134999999997542e-05,1427,2.999999999983765e+02,1.003336674047698e+03,3.320911023316969e+02,1.505000711108764e-04,1.370018008468048e+09,3.210209397294514e+00,3.198691688333696e+14,35
7.139999999997485e-05,1428,2.999999999983593e+02,1.002864650700997e+03,3.321171115772116e+02,1.506031172318394e-04,1.371130925345256e+09,3.211125107328276e+00,3.794379628687629e+14,31
7.144999999997428e-05,1429,2.999999999983593e+02,1.002428799637095e+03,3.321258570404962e+02,1.507158652354474e-04,1.359156029972953e+09,3.212169333365896e+00,4.351412695978106e+14,31
7.149999999997371e-05,1430,2.999999999983593e+02,1.002043113857930e+03,3.321514020494331e+02,1.508119885055219e-04,1.366000023657253e+09,3.213544435978578e+00,3.858515533076516e+14,32
7.154999999997314e-05,1431,2.999999999983593e+02,1.001706178008066e+03,3.321758847937351e+02,1.509062012643531e-04,1.371607233515564e+09,3.215178442050814e+00,3.768180859099490e+14,35
7.159999999997258e-05,1432,2.999999999983593e+02,1.001344738802313e+03,3.321998027930591e+02,1.510070403875150e-04,1.378147005756637e+09,3.216665972528001e+00,5.314258588102165e+14,34
7.164999999997201e-05,1433,2.999999999983593e+02,1.001044496539487e+03,3.322239904208261e+02,1.511041303016866e-04,1.377763037350129e+09,3.218480463423248e+00,3.286023629157909e+14,35
7.169999999997144e-05,1434,2.999999999983593e+02,1.000788938130216e+03,3.322494935783884e+02,1.512041803566037e-04,1.377617553920411e+09,3.220528266964982e+00,3.728310160723725e+14,31
7.174999999997087e-05,1435,2.999999999983593e+02,1.000597127563523e+03,3.322756925591211e+02,1.513016948280051e-04,1.375784425697622e+09,3.222907016574697e+00,4.230433365544890e+14,31
7.179999999997030e-05,1436,2.999999999983593e+02,1.000428126258110e+03,3.323023899512170e+02,1.514029088285623e-04,1.375086069746658e+09,3.225387574036789e+00,3.768991825338039e+14,31
7.184999999996974e-05,1437,2.999999999983593e+02,1.000278234553165e+03,3.323288978775690e+02,1.515043936870187e-04,1.370335018033059e+09,3.227967739597752e+00,3.234189581422748e+14,35
7.189999999996917e-05,1438,2.999999999983593e+02,1.000131992939316e+03,3.323553233697759e+02,1.516108436646052e-04,1.368441147056546e+09,3.230552489908203e+00,5.139468609615563e+14,34
7.194999999996860e-05,1439,2.999999999983593e+02,9.999894212230972e+02,3.323819642343269e+02,1.517235739836233e-04,1.369032564249494e+09,3.233129256236882e+00,3.512953913852031e+14,35
7.199999999996803e-05,1440,2.999999999983593e+02,9.998335063838625e+02,3.323907984520993e+02,1.518416153128115e-04,1.371269835184856e+09,3.235623145443530e+00,3.609637161368588e+14,34
7.204999999996746e-05,1441,2.999999999983593e+02,9.996966067191697e+02,3.324178769266552e+02,1.519568940557634e-04,1.371915618402448e+09,3.238186868975045e+00,4.235409154621719e+14,31
7.209999999996690e-05,1442,2.999999999983593e+02,9.996796838448378e+02,3.324449181143603e+02,1.520686140405726e-04,1.361664370327772e+09,3.241343657801800e+00,3.995804101474208e+14,32
7.214999999996633e-05,1443,2.999999999983593e+02,9.997151722536366e+02,3.324727401384490e+02,1.521791595731770e-04,1.371473209666751e+09,3.244757644110055e+00,3.127514982107758e+14,34
7.219999999996576e-05,1444,2.999999999983593e+02,9.997976618415829e+02,3.324886819184420e+02,1.522905433790290e-04,1.366291222640997e+09,3.248370568748577e+00,4.806068779297850e+14,34
7.224999999996519e-05,1445,2.999999999983593e+02,9.999645641250711e+02,3.325041239109413e+02,1.524041621270718e-04,1.368249690101034e+09,3.252403960191550e+00,3.195993698534709e+14,35
7.229999999996462e-05,1446,2.999999999983593e+02,1.000240552453834e+03,3.325304478408769e+02,1.525111867636337e-04,1.377100338141096e+09,3.256973447655021e+00,3.456229014915712e+14,31
7.234999999996406e-05,1447,2.999999999983593e+02,1.000579288198696e+03,3.325577721878991e+02,1.526292759835277e-04,1.373079013945910e+09,3.261845196423688e+00,4.092342810727419e+14,31
7.239999999996349e-05,1448,2.999999999983593e+02,1.000973553278344e+03,3.325861894411648e+02,1.527365133089880e-04,1.374987695401284e+09,3.267013429103125e+00,3.743326530444233e+14,31
7.244999999996292e-05,1449,2.999999999983593e+02,1.001387635465998e+03,3.326144607969895e+02,1.528378616137764e-04,1.377920244272796e+09,3.272263081193216e+00,2.992264925894376e+14,34
7.249999999996235e-05,1450,2.999999999983593e+02,1.001814855987557e+03,3.326411406601740e+02,1.529458335637366e-04,1.378113869844924e+09,3.277505303319729e+00,5.006674680467549e+14,34
7.254999999996178e-05,1451,2.999999999983593e+02,1.002177039569811e+03,3.326676271097991e+02,1.530605581756432e-04,1.381258411595001e+09,3.282433734875907e+00,3.706104111584432e+14,35
7.259999999996122e-05,1452,2.999999999983593e+02,1.002473490239605e+03,3.326767763636271e+02,1.531811927761958e-04,1.383510475151439e+09,3.287093824585051e+00,3.675971877930152e+14,34
7.264999999996065e-05,1453,2.999999999983593e+02,1.002723593424064e+03,3.327037594665406e+02,1.532948426844912e-04,1.383493549553980e+09,3.291557742951102e+00,4.337693845247684e+14,32
7.269999999996008e-05,1454,2.999999999983593e+02,1.002894376574524e+03,3.327308730966358e+02,1.534059323669283e-04,1.385137192716522e+09,3.295610757761054e+00,3.948925927118523e+14,32
7.274999999995951e-05,1455,2.999999999983593e+02,1.002951164909009e+03,3.327572555937785e+02,1.535239281447424e-04,1.385510310233741e+09,3.299139649574547e+00,2.907028224732673e+14,34
7.279999999995894e-05,1456,2.999999999983593e+02,1.003009554602296e+03,3.327849653573828e+02,1.536427707062899e-04,1.385780367776524e+09,3.302679269082609e+00,4.554654837580143e+14,34
7.284999999995838e-05,1457,2.999999999983593e+02,1.003083693890162e+03,3.328141813668054e+02,1.537624280269651e-04,1.384878571522663e+09,3.306329949731411e+00,2.949626151199943e+14,35
7.289999999995781e-05,1458,2.999999999983593e+02,1.003154758895575e+03,3.328440331405441e+02,1.538842686474439e-04,1.382017412038953e+09,3.309980488377704e+00,3.345919795831071e+14,32
7.294999999995724e-05,1459,2.999999999983593e+02,1.003226432970944e+03,3.328559759054586e+02,1.540008103033784e-04,1.376224280464584e+09,3.313652861195271e+00,4.027487661137859e+14,31
7.299999999995667e-05,1460,2.999999999983593e+02,1.003268405959255e+03,3.328883351932540e+02,1.541131537273750e-04,1.376342079508071e+09,3.317195254777845e+00,3.853442720397819e+14,32
7.304999999995610e-05,1461,2.999999999983593e+02,1.003294886184590e+03,3.329278492680838e+02,1.542303952950592e-04,1.397562200195656e+09,3.320669235855119e+00,3.004212519311224e+14,35
7.309999999995554e-05,1462,2.999999999983593e+02,1.003351151226561e+03,3.329719174456890e+02,1.543496070960039e-04,1.370283894194182e+09,3.324305569686403e+00,4.782912640356590e+14,35
7.314999999995497e-05,1463,2.999999999983593e+02,1.003517497961456e+03,3.329947181453012e+02,1.544816423715029e-04,1.363760571136649e+09,3.328499633600835e+00,3.838659048628186e+14,36
7.319999999995440e-05,1464,2.999999999983593e+02,1.003604860878866e+03,3.330313244089803e+02,1.546038875671091e-04,1.365871032992502e+09,3.332295563343585e+00,3.634317709011962e+14,35
7.324999999995383e-05,1465,2.999999999983593e+02,1.003775129585889e+03,3.330679031390113e+02,1.547256835128975e-04,1.363436709784645e+09,3.336499810039403e+00,4.394050440510524e+14,33
7.329999999995326e-05,1466,2.999999999983593e+02,1.003923287743771e+03,3.331025696676713e+02,1.548516719687813e-04,1.365164242637540e+09,3.340569370155149e+00,4.121538672537694e+14,32
7.334999999995270e-05,1467,2.999999999983600e+02,1.004069084248358e+03,3.331362760251018e+02,1.549908780528722e-04,1.365202928882177e+09,3.344606785044818e+00,3.182412359942398e+14,34
7.339999999995213e-05,1468,2.999999999983656e+02,1.004248635572054e+03,3.331698131371621e+02,1.551309632184721e-04,1.372105847051834e+09,3.348766057942764e+00,4.304114853436229e+14,34
7.344999999995156e-05,1469,2.999999999983713e+02,1.004473293468244e+03,3.331669238733635e+02,1.552691647975044e-04,1.379630505874218e+09,3.353131085183628e+00,3.305878435832414e+14,33
7.349999999995099e-05,1470,2.999999999983770e+02,1.004662172376924e+03,3.332048685570826e+02,1.554027952903783e-04,1.374802186531959e+09,3.357351370924886e+00,3.336045920413739e+14,32
7.354999999995042e-05,1471,2.999999999983827e+02,1.005027997316607e+03,3.332445039661662e+02,1.555303624166560e-04,1.382733556831686e+09,3.362413646227844e+00,3.996480394856649e+14,31
7.359999999994986e-05,1472,2.999999999983884e+02,1.005466038359554e+03,3.332818884314142e+02,1.556684429957533e-04,1.388312827455742e+09,3.367897156443544e+00,3.923297146447148e+14,31
7.364999999994929e-05,1473,2.999999999983941e+02,1.005783817936174e+03,3.333179158021480e+02,1.558043562905726e-04,1.391620209919245e+09,3.372759499451229e+00,3.319928295999296e+14,34
7.369999999994872e-05,1474,2.999999999983997e+02,1.005989770648561e+03,3.333523387266376e+02,1.559326376278538e-04,1.392993332452569e+09,3.377087016612045e+00,4.669254111568065e+14,34
7.374999999994815e-05,1475,2.999999999984054e+02,1.006205549577055e+03,3.333848435569894e+02,1.560547217365986e-04,1.388993456270065e+09,3.381475916030564e+00,4.105442150125355e+14,35
7.379999999994758e-05,1476,2.999999999984111e+02,1.006488485809999e+03,3.334155577140650e+02,1.561726380556262e-04,1.386358379921982e+09,3.386174095941871e+00,4.001370882056294e+14,34
7.384999999994702e-05,1477,2.999999999984168e+02,1.006802775446823e+03,3.334456630813103e+02,1.562907871734254e-04,1.382915183977273e+09,3.391005603977612e+00,4.517592012546569e+14,32
7.389999999994645e-05,1478,2.999999999984225e+02,1.007081427935844e+03,3.334754905489881e+02,1.564156407869070e-04,1.378143327540947e+09,3.395643321678349e+00,4.206802987546396e+14,32
7.394999999994588e-05,1479,2.999999999984282e+02,1.007339483095100e+03,3.335057434304084e+02,1.565484149893525e-04,1.377738306915082e+09,3.400179184310314e+00,3.319445448200107e+14,34
7.399999999994531e-05,1480,2.999999999984339e+02,1.007642824487031e+03,3.335355723470029e+02,1.566736885895525e-04,1.378243567087092e+09,3.404888988766121e+00,4.017415472174673e+14,34
7.404999999994474e-05,1481,2.999999999984395e+02,1.007859214677667e+03,3.335649503451608e+02,1.568074326113467e-04,1.377036597801179e+09,3.409213505991362e+00,3.091695929982688e+14,33
7.409999999994418e-05,1482,2.999999999984452e+02,1.008139482115084e+03,3.335965214607278e+02,1.569347187328657e-04,1.377816766617439e+09,3.413845096969245e+00,3.380327263099256e+14,31
7.414999999994361e-05,1483,2.999999999984509e+02,1.008463680223132e+03,3.336295788637433e+02,1.570604802820124e-04,1.376264071435780e+09,3.418696148636064e+00,3.948622365774607e+14,32
7.419999999994304e-05,1484,2.999999999984566e+02,1.008748047299904e+03,3.336252723758233e+02,1.571900962118429e-04,1.374111072713684e+09,3.423387804609527e+00,3.958234863409943e+14,31
7.424999999994247e-05,1485,2.999999999984623e+02,1.008999770819373e+03,3.336550474415415e+02,1.573246497096394e-04,1.376423705774907e+09,3.427937177104201e+00,3.504396772515255e+14,34
7.429999999994190e-05,1486,2.999999999984680e+02,1.009193753833905e+03,3.336823340016026e+02,1.574478976937008e-04,1.372209898416914e+09,3.432186714571111e+00,5.027994257816968e+14,35
7.434999999994134e-05,1487,2.999999999984736e+02,1.009174489015379e+03,3.337091031467145e+02,1.575414564267640e-04,1.379285690926860e+09,3.435386251305119e+00,4.084782135176669e+14,35
7.439999999994077e-05,1488,2.999999999984793e+02,1.009220985317575e+03,3.337375171668521e+02,1.576432784043803e-04,1.393981595851793e+09,3.438968949059252e+00,4.120294122802898e+14,34
7.444999999994020e-05,1489,2.999999999984850e+02,1.009415125888664e+03,3.337674692048239e+02,1.577555350152489e-04,1.390667891648278e+09,3.443279928151756e+00,4.396797094823635e+14,33
7.449999999993963e-05,1490,2.999999999984907e+02,1.009622141343884e+03,3.337968160194688e+02,1.578710589044305e-04,1.402708515760581e+09,3.447648163396873e+00,3.851781427291231e+14,32
7.454999999993906e-05,1491,2.999999999984964e+02,1.009828083014993e+03,3.338271939251202e+02,1.579947752770981e-04,1.402603996022997e+09,3.451991319238268e+00,2.973333985822924e+14,34
7.459999999993850e-05,1492,2.999999999985021e+02,1.010154658975869e+03,3.338577065123754e+02,1.581225022069013e-04,1.398215211626726e+09,3.456932735537627e+00,3.785914673820435e+14,33
7.464999999993793e-05,1493,2.999999999985077e+02,1.010486396715658e+03,3.338873886906537e+02,1.582522766154771e-04,1.393223619865768e+09,3.461874284625121e+00,2.911965406129486e+14,33
7.469999999993736e-05,1494,2.999999999985134e+02,1.010843154523503e+03,3.338976638178463e+02,1.583703713548712e-04,1.384821879582055e+09,3.466937451854484e+00,3.323496443762469e+14,31
7.474999999993679e-05,1495,2.999999999985191e+02,1.011202718118108e+03,3.339253848902460e+02,1.584893714341442e-04,1.376462292603805e+09,3.471971728440376e+00,3.938344938176964e+14,32
7.479999999993622e-05,1496,2.999999999985248e+02,1.011577154913037e+03,3.339536504576734e+02,1.586094573363937e-04,1.370516583609380e+09,3.477050390281290e+00,4.047338429163940e+14,33
7.484999999993566e-05,1497,2.999999999990837e+02,1.011955080153316e+03,3.339812662918980e+02,1.587307606145989e-04,1.369157475304615e+09,3.482139656195899e+00,3.805278999742578e+14,35
7.489999999993509e-05,1498,2.999999999990837e+02,1.012367128999590e+03,3.340082799068034e+02,1.588606651878588e-04,1.368590136553904e+09,3.487424380023131e+00,4.976681755859718e+14,35
7.494999999993452e-05,1499,2.999999999990837e+02,1.012732519690282e+03,3.340340841161541e+02,1.589741516888868e-04,1.368401975065367e+09,3.492452186318980e+00,3.678289861109014e+14,35
7.499999999993395e-05,1500,2.999999999990837e+02,1.013072729324520e+03,3.340588510711106e+02,1.590788900473839e-04,1.367671005683954e+09,3.497343263320091e+00,3.895509999758791e+14,33
7.504999999993338e-05,1501,2.999999999990837e+02,1.013400811679778e+03,3.340665446236700e+02,1.591842254754861e-04,1.369789144259509e+09,3.502207869365402e+00,3.845929557371271e+14,31
7.509999999993282e-05,1502,2.999999999990837e+02,1.013746493116022e+03,3.340918929469217e+02,1.593021102349153e-04,1.371423827137773e+09,3.507179461655741e+00,3.224396544854987e+14,31
7.514999999993225e-05,1503,2.999999999990837e+02,1.014136298320114e+03,3.341167245909390e+02,1.594101234557467e-04,1.371593352013359e+09,3.512277648395979e+00,2.818745545747513e+14,34
7.519999999993168e-05,1504,2.999999999990837e+02,1.014483939299852e+03,3.341411240030924e+02,1.595126847957636e-04,1.367446463388250e+09,3.517129946099502e+00,3.454663821165052e+14,34
7.524999999993111e-05,1505,2.999999999990837e+02,1.015207890629638e+03,3.341664979723950e+02,1.596231411545918e-04,1.371352237954058e+09,3.523967483018577e+00,2.681611196312173e+14,35
7.529999999993054e-05,1506,2.999999999990837e+02,1.015957315510572e+03,3.341914406718695e+02,1.597424170753317e-04,1.374157368753540e+09,3.530802825403994e+00,3.636566663516382e+14,33
7.534999999992998e-05,1507,2.999999999990837e+02,1.016703698694478e+03,3.342164995876043e+02,1.598699735317579e-04,1.374976198082844e+09,3.537540418482775e+00,4.363004235071912e+14,33
7.539999999992941e-05,1508,2.999999999990837e+02,1.017474303144680e+03,3.342427247268376e+02,1.599973233720992e-04,1.371373692137712e+09,3.544370038109884e+00,4.486088150673818e+14,36
7.544999999992884e-05,1509,2.999999999990837e+02,1.018280070126050e+03,3.342701460310886e+02,1.601211940356969e-04,1.374152620295211e+09,3.551322472473404e+00,4.110416176797415e+14,36
7.549999999992827e-05,1510,2.999999999990837e+02,1.019046490074878e+03,3.342963779125067e+02,1.602418025195626e-04,1.373499588808913e+09,3.558037307782409e+00,4.599138455936676e+14,36
7.554999999992770e-05,1511,2.999999999990837e+02,1.019704104033328e+03,3.343216502673928e+02,1.603602498837250e-04,1.366313671782533e+09,3.564286802004206e+00,3.501742003833956e+14,33
7.559999999992714e-05,1512,2.999999999990837e+02,1.020306791962378e+03,3.343473658780851e+02,1.604703434437547e-04,1.362757284322278e+09,3.570244949939235e+00,3.336919936248451e+14,31
7.564999999992657e-05,1513,2.999999999990837e+02,1.020834823688968e+03,3.343738797355353e+02,1.605880484402436e-04,1.366770598796323e+09,3.575778395881609e+00,3.177113557103691e+14,32
7.569999999992600e-05,1514,2.999999999990837e+02,1.021316255186086e+03,3.344011499547589e+02,1.607202136256529e-04,1.374901559486778e+09,3.581180433365589e+00,2.921354123642429e+14,32
7.574999999992543e-05,1515,2.999999999990837e+02,1.021865074972615e+03,3.344104842201942e+02,1.608477232943777e-04,1.382143874334734e+09,3.586908540143757e+00,2.750282479969944e+14,35
7.579999999992486e-05,1516,2.999999999990837e+02,1.022432997831838e+03,3.344402175135201e+02,1.609654101370187e-04,1.381095943997763e+09,3.592706482743445e+00,3.228678041848902e+14,34
7.584999999992430e-05,1517,2.999999999990837e+02,1.022964757409110e+03,3.344666317129471e+02,1.610788748593759e-04,1.380846615162065e+09,3.598270599058729e+00,3.255896173792869e+14,35
7.589999999992373e-05,1518,2.999999999990837e+02,1.023518803257961e+03,3.344765015147699e+02,1.611939370850783e-04,1.371592338333844e+09,3.603973492917264e+00,4.098179755548605e+14,36
7.594999999992316e-05,1519,2.999999999990837e+02,1.024154444819329e+03,3.345051551718990e+02,1.613327623096523e-04,1.370011049687966e+09,3.610121051389467e+00,4.675462782851286e+14,37
7.599999999992259e-05,1520,2.999999999990837e+02,1.024820900520928e+03,3.345329313097541e+02,1.614532656216022e-04,1.364759343434031e+09,3.616341648809979e+00,4.794896693838467e+14,37
7.604999999992202e-05,1521,2.999999999990837e+02,1.025543302584957e+03,3.345610274380605e+02,1.615751663344599e-04,1.359899659757422e+09,3.622794700604755e+00,4.307418711117875e+14,37
7.609999999992146e-05,1522,2.999999999990837e+02,1.026253246896903e+03,3.345891582523169e+02,1.616985112513827e-04,1.358060301145969e+09,3.629239650691940e+00,3.870521810867984e+14,35
7.614999999992089e-05,1523,2.999999999990837e+02,1.026980112900328e+03,3.346160648204048e+02,1.618207690921425e-04,1.358123270137958e+09,3.635739542571480e+00,3.224028550196495e+14,34
7.619999999992032e-05,1524,2.999999999990837e+02,1.027678247722295e+03,3.346418887539951e+02,1.619406394207734e-04,1.358820650372001e+09,3.642133932837401e+00,2.910233774001335e+14,32
7.624999999991975e-05,1525,2.999999999990837e+02,1.028325959820767e+03,3.346675494686819e+02,1.620575951673843e-04,1.365260436248844e+09,3.648274866057412e+00,2.954220915898423e+14,32
7.629999999991918e-05,1526,2.999999999990837e+02,1.028979470936269e+03,3.346934877713983e+02,1.621773817158142e-04,1.376290150707962e+09,3.654495029617540e+00,2.922888361383579e+14,32
7.634999999991862e-05,1527,2.999999999990837e+02,1.029657212390343e+03,3.347199970210121e+02,1.622921629205800e-04,1.383692491872538e+09,3.660834742135456e+00,2.854950375225049e+14,33
7.639999999991805e-05,1528,2.999999999990837e+02,1.030279563523228e+03,3.347454045157257e+02,1.624075484406103e-04,1.386405620243937e+09,3.666922042854874e+00,3.258327583975534e+14,34
7.644999999991748e-05,1529,2.999999999990837e+02,1.030846073584951e+03,3.347706685916492e+02,1.625195365505585e-04,1.387028528409479e+09,3.672757015537069e+00,4.528838627290970e+14,35
7.649999999991691e-05,1530,2.999999999990837e+02,1.031386552445067e+03,3.347965122550238e+02,1.626317562695812e-04,1.382481185915263e+09,3.678458465767729e+00,4.330213048475340e+14,36
7.654999999991634e-05,1531,2.999999999990837e+02,1.031875877187899e+03,3.348217173519139e+02,1.627497699745891e-04,1.377458280269872e+09,3.683985272098351e+00,4.794734217763721e+14,36
7.659999999991578e-05,1532,2.999999999990837e+02,1.032337285521351e+03,3.348465154036391e+02,1.628631013710203e-04,1.367416996007131e+09,3.689370404614984e+00,4.877201106349002e+14,36
7.664999999991521e-05,1533,2.999999999990837e+02,1.032768063732968e+03,3.348712663213886e+02,1.629730523166215e-04,1.357044635200301e+09,3.694645539080842e+00,4.351916850905150e+14,36
7.669999999991464e-05,1534,2.999999999990837e+02,1.033191509591142e+03,3.348964160723135e+02,1.630852598914591e-04,1.351966180525823e+09,3.699879067111115e+00,3.707978932036042e+14,34
7.674999999991407e-05,1535,2.999999999990837e+02,1.033637642802134e+03,3.349218656584218e+02,1.632033706638683e-04,1.354324704379616e+09,3.705178972090835e+00,3.055077323509238e+14,34
7.679999999991350e-05,1536,2.999999999990837e+02,1.034076683211088e+03,3.349470496494054e+02,1.633226156181473e-04,1.354339938191687e+09,3.710439960478763e+00,2.793210766502636e+14,34
7.684999999991294e-05,1537,2.999999999990837e+02,1.034483693700233e+03,3.349717384315087e+02,1.634354840331607e-04,1.354966546352503e+09,3.715494922701946e+00,2.895557867762272e+14,32
7.689999999991237e-05,1538,2.999999999990837e+02,1.034906000155196e+03,3.349970734365210e+02,1.635464786276907e-04,1.358786091224830e+09,3.720630223211551e+00,2.938861938558061e+14,32
7.694999999991180e-05,1539,2.999999999990837e+02,1.035347065060874e+03,3.350229816289997e+02,1.636551098771447e-04,1.363892878992174e+09,3.725845236567320e+00,3.171853260778286e+14,32
7.699999999991123e-05,1540,2.999999999990837e+02,1.035807829242554e+03,3.350486421048695e+02,1.637672283501211e-04,1.367858673368089e+09,3.731176054832066e+00,3.516896647533284e+14,35
7.704999999991066e-05,1541,2.999999999990837e+02,1.036285090216536e+03,3.350741438814982e+02,1.638800526562831e-04,1.368372163629688e+09,3.736620394723476e+00,4.085932912570011e+14,35
7.709999999991010e-05,1542,2.999999999990837e+02,1.036752425864982e+03,3.350995511392313e+02,1.639935709243827e-04,1.364047474601691e+09,3.741961124828264e+00,4.962500072193751e+14,35
7.714999999990953e-05,1543,2.999999999990837e+02,1.037238536770383e+03,3.351251490885435e+02,1.641049547700420e-04,1.365577349504172e+09,3.747374648637957e+00,4.566243171067820e+14,36
7.719999999990896e-05,1544,2.999999999990837e+02,1.037791017641626e+03,3.351509518078625e+02,1.642170777603738e-04,1.366213397798592e+09,3.753049272823715e+00,4.545160698911029e+14,36
7.724999999990839e-05,1545,2.999999999990837e+02,1.038395842550831e+03,3.351770268898155e+02,1.643285846153817e-04,1.367568244512853e+09,3.758908607864738e+00,4.157262450897241e+14,36
7.729999999990782e-05,1546,2.999999999990837e+02,1.039043252171132e+03,3.352033091122274e+02,1.644486209127014e-04,1.368213639960372e+09,3.764878712217396e+00,3.548639082311769e+14,35
7.734999999990726e-05,1547,2.999999999990837e+02,1.039786704272825e+03,3.352306413149855e+02,1.645768024694790e-04,1.368878612967680e+09,3.771171422323560e+00,2.869747752146014e+14,35
7.739999999990669e-05,1548,2.999999999990837e+02,1.040618039618515e+03,3.352583159615331e+02,1.647083092395728e-04,1.369600872891344e+09,3.777836621384420e+00,2.736585239697358e+14,35
7.744999999990612e-05,1549,2.999999999990837e+02,1.041510373756442e+03,3.352853365208170e+02,1.648379749574985e-04,1.369449474086619e+09,3.784703648291113e+00,2.768818057717220e+14,35
7.749999999990555e-05,1550,2.999999999990837e+02,1.042416165089772e+03,3.353115043597526e+02,1.649576984885676e-04,1.368214320171444e+09,3.791554653449219e+00,2.835871390729008e+14,32
7.754999999990498e-05,1551,2.999999999990837e+02,1.043354655921162e+03,3.353376702179712e+02,1.650744705061459e-04,1.369681898605789e+09,3.798481122802287e+00,2.906195756971050e+14,32
7.759999999990442e-05,1552,2.999999999990837e+02,1.045207068181342e+03,3.353649260371106e+02,1.651971119161732e-04,1.369117598790750e+09,3.807567545089269e+00,3.362001382786595e+14,33
7.764999999990385e-05,1553,2.999999999990837e+02,1.052108758553716e+03,3.353950883229643e+02,1.653262724554364e-04,1.361664074759871e+09,3.831797796690783e+00,3.802591489938970e+14,35
7.769999999990328e-05,1554,2.999999999990837e+02,1.053874244255496e+03,3.354249168237749e+02,1.654685180633164e-04,1.364899194779666e+09,3.841520595411949e+00,4.051857326034092e+14,36
7.774999999990271e-05,1555,2.999999999990837e+02,1.055076170681550e+03,3.354555998748857e+02,1.656092117341819e-04,1.363504643884339e+09,3.849281639326832e+00,5.002566618185864e+14,35
7.779999999990214e-05,1556,2.999999999990837e+02,1.056199421929594e+03,3.354867771004629e+02,1.657433927325295e-04,1.363309421537687e+09,3.856784091134306e+00,4.399688344737396e+14,35
7.784999999990158e-05,1557,2.999999999990837e+02,1.057201288160712e+03,3.355179673086412e+02,1.658801295844792e-04,1.362552062965940e+09,3.863842172503039e+00,3.123329639796670e+14,35
7.789999999990101e-05,1558,2.999999999990837e+02,1.058099524209237e+03,3.355483414383161e+02,1.660129125099455e-04,1.363808176531959e+09,3.870474009983925e+00,2.715234739487201e+14,32
7.794999999990044e-05,1559,2.999999999990837e+02,1.058947369382580e+03,3.355776599830567e+02,1.661459460250604e-04,1.363450235767759e+09,3.876864041486299e+00,2.835289650756202e+14,32
7.799999999989987e-05,1560,2.999999999990837e+02,1.059863963825411e+03,3.356080399517980e+02,1.662800578206700e-04,1.365205450777829e+09,3.883500132877633e+00,2.900450347870519e+14,32
7.804999999989930e-05,1561,2.999999999990837e+02,1.060729555539327e+03,3.356384988248390e+02,1.664181930584369e-04,1.366120309297194e+09,3.890048849641479e+00,2.844585352759408e+14,32
7.809999999989874e-05,1562,2.999999999990837e+02,1.061410187847989e+03,3.356676887891367e+02,1.665589336922606e-04,1.361781591887295e+09,3.895980163943091e+00,2.815570296378501e+14,35
7.814999999989817e-05,1563,2.999999999990837e+02,1.062024104729742e+03,3.356965434534766e+02,1.667005683698956e-04,1.361854266598464e+09,3.901744832307334e+00,3.913236520668338e+14,35
7.819999999989760e-05,1564,2.999999999990837e+02,1.062783858774720e+03,3.357269295816693e+02,1.668431495984141e-04,1.357385554849545e+09,3.908332625496282e+00,4.677177021883686e+14,35
7.824999999989703e-05,1565,2.999999999990837e+02,1.063714212348696e+03,3.357585179999076e+02,1.669835974650008e-04,1.363409876916814e+09,3.915549800176863e+00,3.754692834634714e+14,36
7.829999999989646e-05,1566,2.999999999990837e+02,1.064581367085831e+03,3.357896071812328e+02,1.671309942268231e-04,1.362130815152936e+09,3.922574275769179e+00,2.975245087862396e+14,36
7.834999999989590e-05,1567,2.999999999990837e+02,1.065304380665373e+03,3.358194800767218e+02,1.672743500778050e-04,1.360038820427859e+09,3.928989033212170e+00,2.831151871202248e+14,35
7.839999999989533e-05,1568,2.999999999990837e+02,1.066032063463208e+03,3.358486715570554e+02,1.674119075586682e-04,1.360161982400342e+09,3.935538650698060e+00,2.908930719202401e+14,35
7.844999999989476e-05,1569,2.999999999990837e+02,1.066714077518992e+03,3.358775927206821e+02,1.675474092910866e-04,1.361270494361236e+09,3.941879124746720e+00,3.020855503571511e+14,35
7.849999999989419e-05,1570,2.999999999990837e+02,1.067317388617155e+03,3.359057309960346e+02,1.676829506655589e-04,1.361634230414777e+09,3.947757376561200e+00,3.056177993345179e+14,35
7.854999999989362e-05,1571,2.999999999990837e+02,1.067938757276602e+03,3.359327523996515e+02,1.678129009153873e-04,1.359895662691869e+09,3.953626494049460e+00,3.125798736833930e+14,35
7.859999999989306e-05,1572,2.999999999990837e+02,1.068563361996542e+03,3.359589123029846e+02,1.679379221437241e-04,1.355801267953782e+09,3.959378338475577e+00,3.127787272848646e+14,34
7.864999999989249e-05,1573,2.999999999990837e+02,1.069193373332558e+03,3.359856276325599e+02,1.680597080130217e-04,1.353978925637580e+09,3.965038855312684e+00,3.117794537248833e+14,32
7.869999999989192e-05,1574,2.999999999990837e+02,1.069852141675932e+03,3.360128576814230e+02,1.681860525692409e-04,1.352142235742204e+09,3.970757861049745e+00,3.070712419524236e+14,32
7.874999999989135e-05,1575,2.999999999990837e+02,1.070500866620945e+03,3.360401392737028e+02,1.683174535969714e-04,1.348986119209654e+09,3.976450809186386e+00,3.036790008833249e+14,34
7.879999999989078e-05,1576,2.999999999990837e+02,1.071281183422777e+03,3.360682346448505e+02,1.684494528394175e-04,1.349781291476218e+09,3.982931058331856e+00,3.071371200645701e+14,35
7.884999999989022e-05,1577,2.999999999990837e+02,1.072303497757348e+03,3.360970973920769e+02,1.685747800377061e-04,1.347015661870554e+09,3.990210903595609e+00,4.347695950262952e+14,35
7.889999999988965e-05,1578,2.999999999990837e+02,1.073195591352173e+03,3.361260817011324e+02,1.687050976025649e-04,1.348677672324159e+09,3.997084087237639e+00,5.179867176357298e+14,35
7.894999999988908e-05,1579,2.999999999990837e+02,1.073926371012155e+03,3.361540106720674e+02,1.688319938609160e-04,1.348288315710057e+09,4.003309800636632e+00,4.011851491499004e+14,35
7.899999999988851e-05,1580,2.999999999990837e+02,1.074566229085689e+03,3.361807631986514e+02,1.689541593768114e-04,1.347389901661498e+09,4.009222914754188e+00,2.772719251849222e+14,34
7.904999999988794e-05,1581,2.999999999990837e+02,1.075079611311265e+03,3.362064395848306e+02,1.690768244070475e-04,1.347375398987307e+09,4.014641299380912e+00,2.892204980186624e+14,32
7.909999999988738e-05,1582,2.999999999990837e+02,1.075545174851655e+03,3.362320405002010e+02,1.692000085301012e-04,1.347463586901410e+09,4.019911608070506e+00,2.902964621684993e+14,31
7.914999999988681e-05,1583,2.999999999990837e+02,1.075968032493642e+03,3.362578906544738e+02,1.693159254538575e-04,1.346503086233095e+09,4.025055998901487e+00,2.919469241161041e+14,31
7.919999999988624e-05,1584,2.999999999990837e+02,1.076402519363193e+03,3.362835898132830e+02,1.694280577506155e-04,1.345114529327875e+09,4.030285891443241e+00,2.869954240918039e+14,33
7.924999999988567e-05,1585,2.999999999990837e+02,1.076849358235723e+03,3.363095899619552e+02,1.695424971598292e-04,1.342113957879064e+09,4.035651914229344e+00,2.860531577559188e+14,34
7.929999999988510e-05,1586,2.999999999990837e+02,1.077242230620818e+03,3.363361574324892e+02,1.696702918776435e-04,1.341492680432485e+09,4.040737217692810e+00,4.351792325147686e+14,34
7.934999999988454e-05,1587,2.999999999990837e+02,1.077581082435125e+03,3.363628707001862e+02,1.698055646540401e-04,1.341380599534636e+09,4.045575178165278e+00,4.499720076058599e+14,34
7.939999999988397e-05,1588,2.999999999990837e+02,1.077970027793409e+03,3.363892950515392e+02,1.699361531316102e-04,1.343004480984609e+09,4.050603290881488e+00,3.214586208487117e+14,34
7.944999999988340e-05,1589,2.999999999990837e+02,1.078299207062355e+03,3.364150581492192e+02,1.700596440287789e-04,1.348180276009071e+09,4.055298608931505e+00,2.817100753844319e+14,34
7.949999999988283e-05,1590,2.999999999990837e+02,1.078608943606134e+03,3.364421376537773e+02,1.701891161627691e-04,1.348452945835335e+09,4.059952473690084e+00,2.905382057820951e+14,32
7.954999999988226e-05,1591,2.999999999990837e+02,1.078998123587792e+03,3.364709268108742e+02,1.703260581665166e-04,1.349209854616584e+09,4.065098318455977e+00,2.970692365778914e+14,31
7.959999999988170e-05,1592,2.999999999990837e+02,1.079372821418410e+03,3.365006451124656e+02,1.704651106825109e-04,1.342753771288806e+09,4.070308308263481e+00,3.010696235770522e+14,32
7.964999999988113e-05,1593,2.999999999990837e+02,1.079818656701035e+03,3.365309906739827e+02,1.706034150535253e-04,1.335619530426029e+09,4.075899900877492e+00,3.030402536872614e+14,33
7.969999999988056e-05,1594,2.999999999990837e+02,1.080250152785887e+03,3.365616256019843e+02,1.707492117242094e-04,1.341366243945393e+09,4.081387913355953e+00,3.007556815704554e+14,33
7.974999999987999e-05,1595,2.999999999990837e+02,1.080718918337266e+03,3.365583459231864e+02,1.709050444066148e-04,1.344557704219530e+09,4.087048450821911e+00,3.007358223103124e+14,33
7.979999999987942e-05,1596,2.999999999990837e+02,1.081131892173081e+03,3.365898727018579e+02,1.710602745664401e-04,1.347914492358962e+09,4.092352085336422e+00,3.042165407989161e+14,32
7.984999999987886e-05,1597,2.999999999990837e+02,1.081483413288369e+03,3.366168689974575e+02,1.712164499470565e-04,1.359722135857046e+09,4.097194332006234e+00,3.060345035264128e+14,32
7.989999999987829e-05,1598,2.999999999990837e+02,1.081783501944523e+03,3.366425748865384e+02,1.713499234290713e-04,1.361134477463115e+09,4.101772594095681e+00,3.050294569668152e+14,31
7.994999999987772e-05,1599,2.999999999990837e+02,1.082075817143236e+03,3.366682112025930e+02,1.715068278680122e-04,1.360186777581136e+09,4.106500070310774e+00,3.039523981142059e+14,33
7.999999999987715e-05,1600,2.999999999990837e+02,1.082400837395629e+03,3.366784819236688e+02,1.716465935778014e-04,1.361569945291256e+09,4.111517788024981e+00,3.053380913929896e+14,32
8.004999999987658e-05,1601,2.999999999990837e+02,1.082677452661709e+03,3.366861990098391e+02,1.717831037116678e-04,1.362866434372390e+09,4.116300208819950e+00,3.056090627656223e+14,31
8.009999999987602e-05,1602,2.999999999990837e+02,1.082867481471828e+03,3.367098333774136e+02,1.719228298628232e-04,1.363794505165427e+09,4.120596893682468e+00,3.087070868016159e+14,31
8.014999999987545e-05,1603,2.999999999990837e+02,1.082819941774147e+03,3.367336377415197e+02,1.720698815396519e-04,1.374543643472987e+09,4.123808813693116e+00,3.051074890031708e+14,32
8.019999999987488e-05,1604,2.999999999979540e+02,1.082753128878277e+03,3.367584824363568e+02,1.722105391023762e-04,1.367578292865362e+09,4.127008423580960e+00,3.018868199528231e+14,30
8.024999999987431e-05,1605,2.999999999979397e+02,1.082698038994323e+03,3.367838524189629e+02,1.723662380829128e-04,1.367052259209419e+09,4.130230310874947e+00,2.944580460270386e+14,30
8.029999999987374e-05,1606,2.999999999979454e+02,1.082513630173312e+03,3.368086397215161e+02,1.724902532297426e-04,1.367185887546992e+09,4.132751901727169e+00,2.866767077492279e+14,32
8.034999999987318e-05,1607,2.999999999979511e+02,1.082254006441511e+03,3.368127658718142e+02,1.726236833130415e-04,1.363826725469735e+09,4.134988633520474e+00,2.778557508365914e+14,32
8.039999999987261e-05,1608,2.999999999979568e+02,1.081951875178414e+03,3.368381575004456e+02,1.727595839425748e-04,1.362710838446791e+09,4.137108802340247e+00,2.876251763961616e+14,33
8.044999999987204e-05,1609,2.999999999979624e+02,1.081621963382180e+03,3.368636564149721e+02,1.728932459054768e-04,1.365166251056769e+09,4.139133774499283e+00,3.077241749537912e+14,33
8.049999999987147e-05,1610,2.999999999979681e+02,1.081342158203308e+03,3.368884542498246e+02,1.730267730173388e-04,1.361291119657068e+09,4.141486324220506e+00,2.956076273504691e+14,33
8.054999999987090e-05,1611,2.999999999979738e+02,1.081071114928075e+03,3.368924620946842e+02,1.731547556960986e-04,1.359800121681512e+09,4.143887636841445e+00,2.719008979852093e+14,33
8.059999999987034e-05,1612,2.999999999979795e+02,1.080824258927607e+03,3.369160729111336e+02,1.732744625654718e-04,1.357284954574424e+09,4.146426984603689e+00,2.683981119075017e+14,33
8.064999999986977e-05,1613,2.999999999979852e+02,1.080568680506845e+03,3.369397979419002e+02,1.733922474637697e-04,1.357718373846600e+09,4.148894732630881e+00,2.666229360534153e+14,33
8.069999999986920e-05,1614,2.999999999979909e+02,1.080326288527003e+03,3.369634217628611e+02,1.735107652957523e-04,1.362030035410479e+09,4.151416198390117e+00,2.762282671859744e+14,33
8.074999999986863e-05,1615,2.999999999979966e+02,1.080010995784512e+03,3.369868867671599e+02,1.736379479708526e-04,1.361994572920132e+09,4.153479905805834e+00,2.706173255289627e+14,33
8.079999999986807e-05,1616,2.999999999980022e+02,1.079683220866735e+03,3.370102602192013e+02,1.737653365234801e-04,1.364862927863741e+09,4.155474305964971e+00,2.621272986302659e+14,32
8.084999999986750e-05,1617,2.999999999980079e+02,1.079337081616785e+03,3.370324956792467e+02,1.738775828645789e-04,1.365635714381598e+09,4.157360059604659e+00,2.588482860697162e+14,32
8.089999999986693e-05,1618,2.999999999980136e+02,1.078986320440020e+03,3.370538332298137e+02,1.739798538830334e-04,1.366425007941560e+09,4.159186475567668e+00,2.626554304050486e+14,30
8.094999999986636e-05,1619,2.999999999980078e+02,1.078614698369123e+03,3.370535687817962e+02,1.740780930263438e-04,1.366075603829060e+09,4.160898518540293e+00,2.557695333512058e+14,29
8.099999999986579e-05,1620,2.999999999980135e+02,1.078228611797306e+03,3.370338675331109e+02,1.741721143244886e-04,1.370347861278338e+09,4.162540604761592e+00,2.512098926042959e+14,32
8.104999999986523e-05,1621,2.999999999980187e+02,1.077853508926717e+03,3.370567896153046e+02,1.742659212789036e-04,1.373603700443033e+09,4.164245484558639e+00,2.903180083450297e+14,34
8.109999999986466e-05,1622,2.999999999980244e+02,1.077493663560973e+03,3.370806797402094e+02,1.743497743754783e-04,1.376312039042897e+09,4.166053917381676e+00,3.322938860414606e+14,34
8.114999999986409e-05,1623,2.999999999980301e+02,1.077170287201579e+03,3.371043145470901e+02,1.744684782832688e-04,1.378924260018261e+09,4.167994696459622e+00,3.414675571834112e+14,34
8.119999999986352e-05,1624,2.999999999980358e+02,1.076849272984489e+03,3.371267761617768e+02,1.745699532932710e-04,1.381560153585109e+09,4.169964737262001e+00,3.178869313630757e+14,34
8.124999999986295e-05,1625,2.999999999980415e+02,1.076548446425742e+03,3.371491503001900e+02,1.746677221427959e-04,1.377231036716114e+09,4.172054723485347e+00,2.745407752830960e+14,33
8.129999999986239e-05,1626,2.999999999980471e+02,1.076257940517075e+03,3.371704245133722e+02,1.747613590428103e-04,1.371724896707381e+09,4.174191866714947e+00,2.621934601183518e+14,33
8.134999999986182e-05,1627,2.999999999980528e+02,1.075919424673476e+03,3.371899595109564e+02,1.748548727989415e-04,1.373278007601857e+09,4.176023558425714e+00,2.575328640694687e+14,33
8.139999999986125e-05,1628,2.999999999981405e+02,1.075546338198511e+03,3.372083134958874e+02,1.749513950710299e-04,1.380666717362080e+09,4.177667204950778e+00,2.564751129236628e+14,33
8.144999999986068e-05,1629,2.999999999981462e+02,1.075182780742383e+03,3.372267858098430e+02,1.750538790765848e-04,1.383401358483388e+09,4.179360534688492e+00,2.626440237050777e+14,33
8.149999999986011e-05,1630,2.999999999981518e+02,1.074842856971212e+03,3.372457017098763e+02,1.751596045158344e-04,1.381724626208815e+09,4.181152273108887e+00,2.582632280472244e+14,32
8.154999999985955e-05,1631,2.999999999981426e+02,1.074510915499781e+03,3.372646376591989e+02,1.752665216626647e-04,1.378544358706693e+09,4.182948866473433e+00,2.381119226764682e+14,32
8.159999999985898e-05,1632,2.999999999981483e+02,1.074203106128621e+03,3.372839636459732e+02,1.753677277815176e-04,1.376874022850033e+09,4.184845810847579e+00,2.409757576660698e+14,32
8.164999999985841e-05,1633,2.999999999981540e+02,1.073935417392026e+03,3.373046191485301e+02,1.754692492366089e-04,1.374238803562639e+09,4.186956999393088e+00,2.448615405247365e+14,32
8.169999999985784e-05,1634,2.999999999981596e+02,1.073748170468683e+03,3.373278845061389e+02,1.755808894571380e-04,1.374199380179664e+09,4.189475741778106e+00,2.460284849984974e+14,32
8.174999999985727e-05,1635,2.999999999981653e+02,1.073576421556028e+03,3.373514454001086e+02,1.756968879708968e-04,1.373954448427144e+09,4.192062995534791e+00,3.023875708822158e+14,33
8.179999999985671e-05,1636,2.999999999981710e+02,1.073372337300638e+03,3.373744890596356e+02,1.758257315655308e-04,1.372817916088168e+09,4.194510391909017e+00,3.526971781985308e+14,33
8.184999999985614e-05,1637,2.999999999981767e+02,1.073138478957927e+03,3.373967321190736e+02,1.759523467573791e-04,1.373210544380441e+09,4.196804940450065e+00,3.631031370295354e+14,33
8.189999999985557e-05,1638,2.999999999981824e+02,1.072916812536247e+03,3.374183687366356e+02,1.760758342123563e-04,1.369742397961941e+09,4.199127954794223e+00,3.254158654788848e+14,33
8.194999999985500e-05,1639,2.999999999981853e+02,1.072756498537712e+03,3.374413497153975e+02,1.761972169442107e-04,1.364851066505037e+09,4.201715269805641e+00,2.748149272246188e+14,33
8.199999999985443e-05,1640,2.999999999981910e+02,1.072676776018507e+03,3.374654946467981e+02,1.763241373202812e-04,1.364636156266994e+09,4.204655877975814e+00,2.733117203763921e+14,33
8.204999999985387e-05,1641,2.999999999981967e+02,1.072674722332152e+03,3.374910253303563e+02,1.764569591347554e-04,1.364834381266928e+09,4.207933123745471e+00,2.692200370875769e+14,33
8.209999999985330e-05,1642,2.999999999982024e+02,1.072703506533154e+03,3.375181753119878e+02,1.766038374844665e-04,1.367353740619662e+09,4.211316167749231e+00,2.643102107245979e+14,32
8.214999999985273e-05,1643,2.999999999982081e+02,1.072811491356194e+03,3.375467543685754e+02,1.767554849765788e-04,1.367996320601935e+09,4.215099381219487e+00,2.949129819505479e+14,32
8.219999999985216e-05,1644,2.999999999982138e+02,1.072963116514998e+03,3.375754702246168e+02,1.769150111179574e-04,1.366726343610852e+09,4.219120321875045e+00,3.012353490919009e+14,32
8.224999999985159e-05,1645,2.999999999982194e+02,1.073130902279006e+03,3.376042281340255e+02,1.770655078748142e-04,1.370970314609820e+09,4.223278981884186e+00,2.723075549994395e+14,32
8.229999999985103e-05,1646,2.999999999982251e+02,1.073465365928984e+03,3.376329783272402e+02,1.772095391768546e-04,1.365184226368314e+09,4.228245131259639e+00,2.648090708241210e+14,32
8.234999999985046e-05,1647,2.999999999982308e+02,1.073847913577395e+03,3.376618666605456e+02,1.773526104909325e-04,1.363229443148321e+09,4.233420606663488e+00,2.682796688450143e+14,31
8.239999999984989e-05,1648,2.999999999982365e+02,1.074153012514530e+03,3.376900272771211e+02,1.774964054185720e-04,1.361395960907105e+09,4.238202662643620e+00,2.712576036081061e+14,32
8.244999999984932e-05,1649,2.999999999982422e+02,1.074424556749405e+03,3.376963439350496e+02,1.776408905445601e-04,1.367288418354654e+09,4.242823950820085e+00,3.117771652692701e+14,33
8.249999999984875e-05,1650,2.999999999982479e+02,1.074670477047517e+03,3.377218747585981e+02,1.777807532243646e-04,1.372165277836833e+09,4.247318129302671e+00,3.696384104361696e+14,33
8.254999999984819e-05,1651,2.999999999982535e+02,1.074900631306623e+03,3.377464437958814e+02,1.779228661179700e-04,1.372563372364454e+09,4.251689648042108e+00,3.870553108029308e+14,33
8.259999999984762e-05,1652,2.999999999982592e+02,1.075084005887677e+03,3.377712081147107e+02,1.780382920511176e-04,1.371239703625342e+09,4.255846499854058e+00,3.563801467888431e+14,33
8.264999999984705e-05,1653,2.999999999982649e+02,1.075245612782058e+03,3.377751887286041e+02,1.781713349138269e-04,1.373223351556538e+09,4.259913522171684e+00,3.002371278573786e+14,33
8.269999999984648e-05,1654,2.999999999982706e+02,1.075401086860387e+03,3.378010128963228e+02,1.783065932781848e-04,1.371517574933210e+09,4.264037095643709e+00,3.099939137122259e+14,33
8.274999999984591e-05,1655,2.999999999982763e+02,1.075593836864537e+03,3.378261590604861e+02,1.784453186670827e-04,1.376658441650053e+09,4.268349181163940e+00,3.182002956715705e+14,33
8.279999999984535e-05,1656,2.999999999982820e+02,1.075772524526089e+03,3.378510015388757e+02,1.785796898480162e-04,1.369097334259776e+09,4.272617803513454e+00,3.165449766149222e+14,33
8.284999999984478e-05,1657,2.999999999982876e+02,1.075957549657329e+03,3.378762201660095e+02,1.787027988912420e-04,1.371094376806023e+09,4.276939091532808e+00,3.385549828806622e+14,33
8.289999999984421e-05,1658,2.999999999982933e+02,1.076144607361756e+03,3.379012927487947e+02,1.788291683003788e-04,1.368452979770119e+09,4.281293930359475e+00,3.379510306303048e+14,32
8.294999999984364e-05,1659,2.999999999982990e+02,1.076271270933313e+03,3.379260672253338e+02,1.789450152082927e-04,1.368393034762242e+09,4.285313436278305e+00,2.925397072819819e+14,32
8.299999999984307e-05,1660,2.999999999983047e+02,1.076394832672149e+03,3.379297028877733e+02,1.790739146786983e-04,1.369774537113413e+09,4.289337644190644e+00,3.036255963673012e+14,31
8.304999999984251e-05,1661,2.999999999983104e+02,1.076499466431307e+03,3.379538521888656e+02,1.791959291006385e-04,1.369197595274868e+09,4.293296531864686e+00,3.088654222089503e+14,30
8.309999999984194e-05,1662,2.999999999983161e+02,1.076602021353710e+03,3.379773439483340e+02,1.793184479038461e-04,1.370576586939101e+09,4.297265512324077e+00,3.038006424781087e+14,31
8.314999999984137e-05,1663,2.999999999983218e+02,1.076711422193796e+03,3.380005682483596e+02,1.794302460082276e-04,1.375800505263800e+09,4.301286973406024e+00,2.987487081537043e+14,31
8.319999999984080e-05,1664,2.999999999983274e+02,1.076819747933221e+03,3.380232927114567e+02,1.795320262294255e-04,1.373538134046525e+09,4.305250815242503e+00,3.569865767318380e+14,32
8.324999999984023e-05,1665,2.999999999983331e+02,1.076885780216527e+03,3.380252591080167e+02,1.796401551617637e-04,1.372848506584709e+09,4.308998408586461e+00,3.658419821140225e+14,32
8.329999999983967e-05,1666,2.999999999983388e+02,1.076951246366950e+03,3.380471715896373e+02,1.797459795826058e-04,1.379529851751818e+09,4.312710331686692e+00,3.196360308652699e+14,32
8.334999999983910e-05,1667,2.999999999983445e+02,1.076983365787175e+03,3.380678164671287e+02,1.798813106653993e-04,1.379045928712406e+09,4.316234330778109e+00,3.103948068973082e+14,32
8.339999999983853e-05,1668,2.999999999983502e+02,1.076961423293056e+03,3.380890813007694e+02,1.799562669417656e-04,1.372575842041022e+09,4.319479570192836e+00,3.105853404193463e+14,31
8.344999999983796e-05,1669,2.999999999983559e+02,1.077033920402103e+03,3.381120928853298e+02,1.800899070815882e-04,1.376695559067106e+09,4.323260439429869e+00,3.048818588759280e+14,32
8.349999999983739e-05,1670,2.999999999983615e+02,1.077125531256835e+03,3.381359229578849e+02,1.801984929414189e-04,1.382108692394006e+09,4.327200711551742e+00,3.079489055155828e+14,32
8.354999999983683e-05,1671,2.999999999983672e+02,1.077270443653076e+03,3.381599876365498e+02,1.803130381610810e-04,1.383580868785329e+09,4.331388203631710e+00,3.809793684777718e+14,32
8.359999999983626e-05,1672,2.999999999983729e+02,1.077479547342080e+03,3.381843290308481e+02,1.804297554744937e-04,1.378315604555129e+09,4.335887277320719e+00,4.046484157695098e+14,32
8.364999999983569e-05,1673,2.999999999983786e+02,1.077732122900029e+03,3.382094084725364e+02,1.805393602730358e-04,1.377040602507715e+09,4.340486030369309e+00,3.606276821891347e+14,32
8.369999999983512e-05,1674,2.999999999983843e+02,1.078003841617813e+03,3.382342848834198e+02,1.806612146049044e-04,1.379111569285791e+09,4.345077983419100e+00,3.088725380902158e+14,32
8.374999999983455e-05,1675,2.999999999983900e+02,1.078300237264697e+03,3.382590138251883e+02,1.807803806411650e-04,1.382369818290814e+09,4.349666917322824e+00,3.118002402115376e+14,30
8.379999999983399e-05,1676,2.999999999983957e+02,1.078487390474696e+03,3.382665081106879e+02,1.808957708556870e-04,1.382686089973698e+09,4.353081013384226e+00,3.122707055179905e+14,30
8.384999999983342e-05,1677,2.999999999984013e+02,1.079333892070770e+03,3.382962157455209e+02,1.810290323525005e-04,1.387352490113311e+09,4.359234517136821e+00,3.083105501715213e+14,31
8.389999999983285e-05,1678,2.999999999984070e+02,1.079817564660504e+03,3.383067706336396e+02,1.812016815608051e-04,1.387610889811204e+09,4.364133432922801e+00,3.628501147577076e+14,31
8.394999999983228e-05,1679,2.999999999984127e+02,1.080266001213563e+03,3.383388169334726e+02,1.813575137435702e-04,1.385472028798061e+09,4.368956787748756e+00,3.878965636007501e+14,31
8.399999999983171e-05,1680,2.999999999984184e+02,1.080628720443859e+03,3.383502859279197e+02,1.815241121931341e-04,1.380811779829470e+09,4.373401982821873e+00,3.401666771921946e+14,31
8.404999999983115e-05,1681,2.999999999984241e+02,1.080948140831852e+03,3.383812710198474e+02,1.816849789356943e-04,1.378550801597911e+09,4.377669863161241e+00,3.043286930575488e+14,31
8.409999999983058e-05,1682,2.999999999984298e+02,1.081173092160568e+03,3.384105154291523e+02,1.818187166155529e-04,1.383829351213853e+09,4.381549914889161e+00,3.162121086981404e+14,30
8.414999999983001e-05,1683,2.999999999984354e+02,1.081338095530086e+03,3.384388951419703e+02,1.819542267410356e-04,1.379295378008280e+09,4.385145013869077e+00,3.110301621480679e+14,30
8.419999999982944e-05,1684,2.999999999984053e+02,1.081480909845256e+03,3.384673232120502e+02,1.821120240341649e-04,1.377265318565440e+09,4.388628244620626e+00,2.991055101872746e+14,31
8.424999999982887e-05,1685,2.999999999984110e+02,1.081614388519011e+03,3.384961439948324e+02,1.822572692027727e-04,1.379662656382771e+09,4.392143126429454e+00,4.059992904986531e+14,31
8.429999999982831e-05,1686,2.999999999984167e+02,1.081756436092609e+03,3.385255352611046e+02,1.824004559364828e-04,1.376615241752598e+09,4.395721899545290e+00,4.509171515972448e+14,31
8.434999999982774e-05,1687,2.999999999984224e+02,1.081881864893655e+03,3.385544817890128e+02,1.825547713875844e-04,1.374919046614260e+09,4.399289414528359e+00,4.092723011368500e+14,31
8.439999999982717e-05,1688,2.999999999984281e+02,1.081922932175617e+03,3.385821124645802e+02,1.826993485971873e-04,1.374730037744951e+09,4.402432764977428e+00,3.015601993346256e+14,31
8.444999999982660e-05,1689,2.999999999984337e+02,1.081923228060486e+03,3.386094254183400e+02,1.828325321964438e-04,1.375252449733056e+09,4.405379855605454e+00,2.976859357166224e+14,30
8.449999999982603e-05,1690,2.999999999984394e+02,1.081917787651809e+03,3.386369549574185e+02,1.829673598924580e-04,1.376886092163686e+09,4.408268985861969e+00,3.100738404473834e+14,30
8.454999999982547e-05,1691,2.999999999984451e+02,1.081848865222336e+03,3.386647799620073e+02,1.830998747816142e-04,1.377942559485964e+09,4.410850718900591e+00,2.982922337571103e+14,31
8.459999999982490e-05,1692,2.999999999984397e+02,1.081757349002713e+03,3.386921086910888e+02,1.832508769751025e-04,1.375803596631059e+09,4.413305096462640e+00,3.430528963275910e+14,30
8.464999999982433e-05,1693,2.999999999984454e+02,1.081660673837679e+03,3.387185276742860e+02,1.833977382340742e-04,1.373528784192072e+09,4.415724612901357e+00,4.098350442630521e+14,30
8.469999999982376e-05,1694,2.999999999984511e+02,1.081590834538143e+03,3.387455497462539e+02,1.835294389950303e-04,1.362331001868675e+09,4.418308492316318e+00,3.935673805816916e+14,30
8.474999999982319e-05,1695,2.999999999984568e+02,1.081559260243268e+03,3.387374952132313e+02,1.836657769861347e-04,1.363599069566354e+09,4.421142026584213e+00,3.026873214412939e+14,30
8.479999999982263e-05,1696,2.999999999984624e+02,1.081444521382533e+03,3.387651315489384e+02,1.838243080917495e-04,1.374098470965339e+09,4.423542999809878e+00,3.113784853080786e+14,29
8.484999999982206e-05,1697,2.999999999984681e+02,1.081256491479146e+03,3.387912899089007e+02,1.839825068279636e-04,1.374668347256377e+09,4.425468279454266e+00,3.118288761189772e+14,29
8.489999999982149e-05,1698,2.999999999984738e+02,1.081096530335757e+03,3.388184878998876e+02,1.841034650850338e-04,1.358931797826546e+09,4.427624258458277e+00,3.149356534748502e+14,29
8.494999999982092e-05,1699,2.999999999984795e+02,1.080955465939923e+03,3.388460702464144e+02,1.842351312455309e-04,1.368903089310381e+09,4.429993994682535e+00,3.555269979157982e+14,30
8.499999999982035e-05,1700,2.999999999985141e+02,1.080764444004191e+03,3.388732198744639e+02,1.843469362117398e-04,1.367301581732865e+09,4.432023547306939e+00,4.434747112839732e+14,30
8.504999999981979e-05,1701,2.999999999985198e+02,1.080585020186608e+03,3.388813203338063e+02,1.844599007652318e-04,1.362563901495832e+09,4.434098131085804e+00,4.314744776949357e+14,30
8.509999999981922e-05,1702,2.999999999985255e+02,1.080407018585478e+03,3.389069433894148e+02,1.845777551426936e-04,1.368279364714181e+09,4.436254159917413e+00,3.309806177431193e+14,30
8.514999999981865e-05,1703,2.999999999985312e+02,1.080213980357566e+03,3.389117739445494e+02,1.846577751944982e-04,1.382662441194372e+09,4.438317339854807e+00,3.219269656391158e+14,29
8.519999999981808e-05,1704,2.999999999985369e+02,1.080027906767560e+03,3.389378499385800e+02,1.847955801907387e-04,1.391979419674448e+09,4.440432163457649e+00,3.187950356784334e+14,29
8.524999999981751e-05,1705,2.999999999985425e+02,1.079814279364722e+03,3.389628352654425e+02,1.848925038112149e-04,1.396818989407558e+09,4.442392006045655e+00,3.147607351417551e+14,29
8.529999999981695e-05,1706,2.999999999985482e+02,1.079632222103809e+03,3.389875091598693e+02,1.849913279379417e-04,1.399099119348706e+09,4.444529900397423e+00,3.140157307664002e+14,31
8.534999999981638e-05,1707,2.999999999985539e+02,1.079488042556318e+03,3.390125896796130e+02,1.850925269557858e-04,1.400148651317070e+09,4.446862212770441e+00,4.316821756686242e+14,31
8.539999999981581e-05,1708,2.999999999985596e+02,1.079359038986004e+03,3.390384698116161e+02,1.852102621389624e-04,1.400640043800424e+09,4.449259036195746e+00,4.519138086123424e+14,31
8.544999999981524e-05,1709,2.999999999985653e+02,1.079252399574788e+03,3.390643601132866e+02,1.853486205056106e-04,1.398982330866964e+09,4.451747049612703e+00,3.624324711816696e+14,31
8.549999999981467e-05,1710,2.999999999985710e+02,1.079152601253892e+03,3.390897589594183e+02,1.854914893322384e-04,1.397736328904158e+09,4.454234525828981e+00,3.409450779883809e+14,31
8.554999999981411e-05,1711,2.999999999985766e+02,1.079016924918383e+03,3.391137314537457e+02,1.856184994499457e-04,1.395373850529139e+09,4.456518964649739e+00,3.483890212562882e+14,30
8.559999999981354e-05,1712,2.999999999985823e+02,1.078872496493124e+03,3.391174078209689e+02,1.857328911849088e-04,1.393303871772420e+09,4.458740812253371e+00,3.520478746645182e+14,31
8.564999999981297e-05,1713,2.999999999985880e+02,1.078763957029596e+03,3.391429737294546e+02,1.858463166932077e-04,1.390369636063480e+09,4.461158150722145e+00,3.580041123857957e+14,31
8.569999999981240e-05,1714,2.999999999985937e+02,1.078673259905162e+03,3.391495704306826e+02,1.859590940941990e-04,1.346318598871938e+09,4.463667069560850e+00,4.251142070846031e+14,32
8.574999999981183e-05,1715,2.999999999985994e+02,1.078543519812233e+03,3.391520654666028e+02,1.860967994270502e-04,1.350670816108842e+09,4.465932455595373e+00,3.660691380126014e+14,31
8.579999999981127e-05,1716,2.999999999986051e+02,1.078430669024705e+03,3.391774381808565e+02,1.862239312766097e-04,1.353441025356311e+09,4.468215959728509e+00,3.370479665843419e+14,29
8.584999999981070e-05,1717,2.999999999986107e+02,1.078364884759835e+03,3.392038979749306e+02,1.863484681549947e-04,1.353249334523142e+09,4.470769185268834e+00,3.272126721019496e+14,27
8.589999999981013e-05,1718,2.999999999986164e+02,1.078330420695938e+03,3.392300492862964e+02,1.864777271850467e-04,1.360826283599279e+09,4.473506886513092e+00,3.196626970669892e+14,27
8.594999999980956e-05,1719,2.999999999986221e+02,1.078359811297846e+03,3.392561265956608e+02,1.865834364990283e-04,1.365434656620158e+09,4.476500490862877e+00,3.177492134624836e+14,27
8.599999999980899e-05,1720,2.999999999986278e+02,1.078438491760555e+03,3.392822069042229e+02,1.867256219002312e-04,1.368126010513070e+09,4.479648858830196e+00,3.209480482698392e+14,30
8.604999999980843e-05,1721,2.999999999986335e+02,1.078551283206194e+03,3.393080853176997e+02,1.868816230231473e-04,1.368826247454065e+09,4.482885005372265e+00,3.451460952361481e+14,31
8.609999999980786e-05,1722,2.999999999986392e+02,1.078658368645305e+03,3.393116741509171e+02,1.870373726820533e-04,1.368998026254884e+09,4.485990857156622e+00,3.345536853607974e+14,31
8.614999999980729e-05,1723,2.999999999986449e+02,1.078739474376441e+03,3.393348616200315e+02,1.871917463792723e-04,1.369959185519607e+09,4.488941592520924e+00,3.500042661581651e+14,31
8.619999999980672e-05,1724,2.999999999986505e+02,1.078884853023065e+03,3.393392865300775e+02,1.873455943385392e-04,1.371028822520267e+09,4.492266153676800e+00,3.578899247442298e+14,30
8.624999999980615e-05,1725,2.999999999986562e+02,1.079121870539087e+03,3.393698318489391e+02,1.874986970346190e-04,1.370149625531385e+09,4.496056907072715e+00,3.611779588911348e+14,30
8.629999999980559e-05,1726,2.999999999986619e+02,1.079410591073877e+03,3.394096005904067e+02,1.876689481982884e-04,1.371857496978503e+09,4.500082177360040e+00,3.569379686240527e+14,31
8.634999999980502e-05,1727,2.999999999986676e+02,1.079819225041687e+03,3.394501593266267e+02,1.879097486495900e-04,1.373719700371703e+09,4.504744952001295e+00,4.102035550571432e+14,31
8.639999999980445e-05,1728,2.999999999986733e+02,1.080291014613561e+03,3.394844904942102e+02,1.881270502635580e-04,1.373478350243364e+09,4.509555805932112e+00,4.151148654507728e+14,31
8.644999999980388e-05,1729,2.999999999986790e+02,1.080785215768836e+03,3.395163702361974e+02,1.882789256351180e-04,1.377757868151916e+09,4.514421725517409e+00,3.229300876086581e+14,31
8.649999999980331e-05,1730,2.999999999986846e+02,1.081254720202347e+03,3.395469603351469e+02,1.884511319179099e-04,1.379579766637721e+09,4.519132805194373e+00,3.199332963779360e+14,29
8.654999999980275e-05,1731,2.999999999986903e+02,1.081649005878168e+03,3.395753682615705e+02,1.886270392924852e-04,1.379541432638727e+09,4.523552573408921e+00,3.184684234218479e+14,29
8.659999999980218e-05,1732,2.999999999986960e+02,1.081963550438958e+03,3.396020353553481e+02,1.887806037456861e-04,1.381538924058142e+09,4.527578654508698e+00,3.163162592420684e+14,29
8.664999999980161e-05,1733,2.999999999987017e+02,1.082267441386195e+03,3.396276496452872e+02,1.889162013780700e-04,1.384526771558417e+09,4.531620459676474e+00,3.204078249216474e+14,30
8.669999999980104e-05,1734,2.999999999987089e+02,1.082522637111679e+03,3.396524687945946e+02,1.890613700932645e-04,1.388998380266449e+09,4.535391117679197e+00,3.317247622682696e+14,30
8.674999999980047e-05,1735,2.999999999987146e+02,1.082737742963190e+03,3.396769535668669e+02,1.892192456101175e-04,1.390845465150279e+09,4.538996234249747e+00,3.408230642071310e+14,32
8.679999999979991e-05,1736,2.999999999987203e+02,1.082951570976182e+03,3.397015338020684e+02,1.893771422348602e-04,1.393832165229668e+09,4.542666992331793e+00,3.129917930312571e+14,32
8.684999999979934e-05,1737,2.999999999987260e+02,1.083142229391833e+03,3.397266243896310e+02,1.895049425717512e-04,1.395622493292814e+09,4.546258467535487e+00,3.048169199774265e+14,32
8.689999999979877e-05,1738,2.999999999987317e+02,1.083327231796936e+03,3.397526618462642e+02,1.896361873399013e-04,1.393154543076435e+09,4.549883218346411e+00,2.987871325605084e+14,31
8.694999999979820e-05,1739,2.999999999987373e+02,1.083492974888060e+03,3.397796428067241e+02,1.897810267661863e-04,1.390405816510652e+09,4.553441292349633e+00,2.941401666350630e+14,32
8.699999999979763e-05,1740,2.999999999987430e+02,1.083570852917607e+03,3.398062883183518e+02,1.899315792253092e-04,1.383207292866595e+09,4.556551151330110e+00,3.120895354223206e+14,32
8.704999999979707e-05,1741,2.999999999987487e+02,1.083608589348512e+03,3.398315910642422e+02,1.900690498881139e-04,1.378349712343005e+09,4.559463826016611e+00,4.122013131052414e+14,32
8.709999999979650e-05,1742,2.999999999987544e+02,1.083615569106345e+03,3.398558542613553e+02,1.901867857356678e-04,1.375033933340573e+09,4.562223246483335e+00,3.854522786683786e+14,31
8.714999999979593e-05,1743,2.999999999987601e+02,1.083556559392285e+03,3.398789843168464e+02,1.902975000287102e-04,1.369194288477580e+09,4.564647388769298e+00,3.096883897220159e+14,31
8.719999999979536e-05,1744,2.999999999987658e+02,1.083474367953803e+03,3.399015947105568e+02,1.904108781961593e-04,1.364530990017305e+09,4.566976712967842e+00,3.121650400158334e+14,30
8.724999999979479e-05,1745,2.999999999987714e+02,1.083397150172134e+03,3.399233701396484e+02,1.905272469051638e-04,1.361701526844260e+09,4.569346441010924e+00,3.172583588370887e+14,29
8.729999999979423e-05,1746,2.999999999987771e+02,1.083296395983497e+03,3.399442074031522e+02,1.906255889552284e-04,1.359956033152922e+09,4.571575547596769e+00,3.179152392384496e+14,30
8.734999999979366e-05,1747,2.999999999988181e+02,1.083201698364740e+03,3.399652638773239e+02,1.907341841206296e-04,1.357241896186764e+09,4.573819772824166e+00,3.211961353888696e+14,31
8.739999999979309e-05,1748,2.999999999988238e+02,1.083123921561930e+03,3.399859509724224e+02,1.908504442506704e-04,1.355773099878307e+09,4.576121837357308e+00,3.724824253477731e+14,32
8.744999999979252e-05,1749,2.999999999988405e+02,1.083040909858916e+03,3.400062466438649e+02,1.909609983863714e-04,1.354826263261871e+09,4.578384146779992e+00,3.982488858750776e+14,32
8.749999999979195e-05,1750,2.999999999988462e+02,1.082931521471704e+03,3.400262800207013e+02,1.910738691116702e-04,1.354050260471325e+09,4.580459607865037e+00,3.186194877957053e+14,32
8.754999999979139e-05,1751,2.999999999988519e+02,1.082838226887370e+03,3.400465248846854e+02,1.911790436266760e-04,1.352119196332606e+09,4.582619459340555e+00,2.900862657703042e+14,32
8.759999999979082e-05,1752,2.999999999988576e+02,1.082718588308702e+03,3.400663083559585e+02,1.912794648614577e-04,1.351889517229217e+09,4.584634255614308e+00,2.916901886288485e+14,31
8.764999999979025e-05,1753,2.999999999988632e+02,1.082609250852221e+03,3.400859245176117e+02,1.913896920368275e-04,1.355343045481159e+09,4.586734880747200e+00,2.972881230729032e+14,31
8.769999999978968e-05,1754,2.999999999988689e+02,1.082494524255826e+03,3.400844483646811e+02,1.914872278306058e-04,1.355783759357756e+09,4.588807267268129e+00,3.062712680908054e+14,31
8.774999999978911e-05,1755,2.999999999988746e+02,1.082365484210714e+03,3.401043656772142e+02,1.915701217396640e-04,1.354950304463427e+09,4.590788668023537e+00,3.635019245610282e+14,31
8.779999999978855e-05,1756,2.999999999988803e+02,1.082208339811963e+03,3.401228757189448e+02,1.916750191942574e-04,1.355983002207766e+09,4.592594805201948e+00,3.735068594982422e+14,31
8.784999999978798e-05,1757,2.999999999988860e+02,1.082016099080552e+03,3.401414561597530e+02,1.917978396428005e-04,1.357844531927578e+09,4.594200945446277e+00,3.078958598383203e+14,31
8.789999999978741e-05,1758,2.999999999988917e+02,1.081875855253969e+03,3.401385054539913e+02,1.918661062722077e-04,1.356951386640217e+09,4.596152825926613e+00,3.065287777719421e+14,29
8.794999999978684e-05,1759,2.999999999988974e+02,1.081775191155829e+03,3.401585802444893e+02,1.919546939763582e-04,1.360255580731759e+09,4.598318262860076e+00,3.002942629057648e+14,28
8.799999999978627e-05,1760,2.999999999989030e+02,1.081699933162300e+03,3.401573429432057e+02,1.920576770216856e-04,1.356651754303426e+09,4.600578986245570e+00,2.968030531125511e+14,29
8.804999999978571e-05,1761,2.999999999989087e+02,1.081645341067597e+03,3.401780179026794e+02,1.921810710479883e-04,1.359942013788109e+09,4.602947821597104e+00,2.902378840062437e+14,31
8.809999999978514e-05,1762,2.999999999989144e+02,1.081595437677535e+03,3.401983707100688e+02,1.923046704191319e-04,1.355078591790525e+09,4.605316163994340e+00,4.381004648172753e+14,31
8.814999999978457e-05,1763,2.999999999989201e+02,1.081537996920365e+03,3.402191684406707e+02,1.924197851870189e-04,1.356085216135387e+09,4.607647841457529e+00,5.055814892150885e+14,31
8.819999999978400e-05,1764,2.999999999989258e+02,1.081515096362797e+03,3.402406315896727e+02,1.925381410715959e-04,1.363937548565166e+09,4.610183125787854e+00,4.376849742785932e+14,32
8.824999999978343e-05,1765,2.999999999989315e+02,1.081499606254869e+03,3.402630346035589e+02,1.926546468369832e-04,1.364590394380344e+09,4.612772617679597e+00,3.171946395913400e+14,31
8.829999999978287e-05,1766,2.999999999989371e+02,1.081518892639072e+03,3.402857036967267e+02,1.927815625835369e-04,1.366785636381898e+09,4.615591574206010e+00,3.178758451106741e+14,31
8.834999999978230e-05,1767,2.999999999989428e+02,1.081543037927588e+03,3.403090584715770e+02,1.929084280570646e-04,1.368125580423645e+09,4.618454064785284e+00,3.136137624952623e+14,29
8.839999999978173e-05,1768,2.999999999989485e+02,1.081604779916727e+03,3.403330984090245e+02,1.930367759512220e-04,1.369167246385348e+09,4.621541952451125e+00,3.022191460913168e+14,31
8.844999999978116e-05,1769,2.999999999989542e+02,1.081653935754382e+03,3.403347992767045e+02,1.931642947020437e-04,1.369082546782617e+09,4.624550662565870e+00,3.153778120808097e+14,32
8.849999999978059e-05,1770,2.999999999989599e+02,1.081699562699497e+03,3.403578662965538e+02,1.932848909848882e-04,1.371761653641128e+09,4.627555298029052e+00,4.068771948279621e+14,32
8.854999999978003e-05,1771,2.999999999989656e+02,1.081756844109439e+03,3.403808276545059e+02,1.934033445682652e-04,1.371701982330487e+09,4.630622240466178e+00,3.893970997040498e+14,32
8.859999999977946e-05,1772,2.999999999989712e+02,1.081816439604520e+03,3.403866701556980e+02,1.935136648042397e-04,1.371711720205091e+09,4.633712517590769e+00,2.923665344528317e+14,32
8.864999999977889e-05,1773,2.999999999989769e+02,1.081940103071548e+03,3.404123718969424e+02,1.936438201793719e-04,1.378150758175703e+09,4.637152649121528e+00,3.032956191093340e+14,31
8.869999999977832e-05,1774,2.999999999989826e+02,1.082073879503103e+03,3.404383333245804e+02,1.937962586634637e-04,1.373411564015634e+09,4.640644057339655e+00,3.133481738437554e+14,31
8.874999999977775e-05,1775,2.999999999989883e+02,1.082346836695545e+03,3.404650666679456e+02,1.939235614864839e-04,1.377933216787874e+09,4.644948322353875e+00,3.202781640334533e+14,31
8.879999999977719e-05,1776,2.999999999989940e+02,1.082668342370680e+03,3.404912862244053e+02,1.940784565298093e-04,1.374666001021114e+09,4.649504063816881e+00,3.628496888743282e+14,31
8.884999999977662e-05,1777,2.999999999989997e+02,1.083039933558306e+03,3.405187538958013e+02,1.942091877341892e-04,1.376780275160259e+09,4.654323614235909e+00,4.782516967309451e+14,32
8.889999999977605e-05,1778,2.999999999990054e+02,1.083410076949076e+03,3.405472571851780e+02,1.943478854194110e-04,1.373814763794408e+09,4.659066345161178e+00,4.729404146279504e+14,32
8.894999999977548e-05,1779,2.999999999990110e+02,1.083802693473875e+03,3.405755951928998e+02,1.945002019694500e-04,1.373360778761169e+09,4.663973705808854e+00,3.505227636579593e+14,32
8.899999999977491e-05,1780,2.999999999990167e+02,1.084201085826285e+03,3.406025949929129e+02,1.946598142010563e-04,1.371601087661951e+09,4.668925050052898e+00,3.114427799056766e+14,31
8.904999999977435e-05,1781,2.999999999990224e+02,1.084555200567643e+03,3.406285310423095e+02,1.948032492905624e-04,1.376254309738564e+09,4.673654093756621e+00,3.181691252916228e+14,29
8.909999999977378e-05,1782,2.999999999990281e+02,1.084899118358542e+03,3.406537938523686e+02,1.949234168855505e-04,1.375291777240349e+09,4.678359570134869e+00,3.371667297847359e+14,29
8.914999999977321e-05,1783,2.999999999990338e+02,1.085244373043015e+03,3.406785913443143e+02,1.950567829860626e-04,1.378291552539689e+09,4.683126252003574e+00,3.053550790986401e+14,31
8.919999999977264e-05,1784,2.999999999990395e+02,1.085572571158997e+03,3.406830128016462e+02,1.951838293509139e-04,1.384374711774508e+09,4.687794474985825e+00,3.247213209484691e+14,32
8.924999999977207e-05,1785,2.999999999990451e+02,1.085861681268663e+03,3.407062225516675e+02,1.953100975130945e-04,1.382639348269225e+09,4.692244818906840e+00,4.442500913806707e+14,32
8.929999999977151e-05,1786,2.999999999990508e+02,1.086090977619060e+03,3.407282919309350e+02,1.954533753803902e-04,1.378567470758381e+09,4.696366608642585e+00,4.414641053396601e+14,32
8.934999999977094e-05,1787,2.999999999990565e+02,1.086333763266860e+03,3.407510364147108e+02,1.955634035959048e-04,1.372031004677639e+09,4.700559907400637e+00,3.279886568531630e+14,32
8.939999999977037e-05,1788,2.999999999990622e+02,1.086576256809095e+03,3.407732970962655e+02,1.956911428361532e-04,1.375379694195240e+09,4.704816742171242e+00,3.151562235277270e+14,32
8.944999999976980e-05,1789,2.999999999989817e+02,1.086725452595987e+03,3.407964993854072e+02,1.957935574971636e-04,1.368006821216748e+09,4.708382386154351e+00,3.287145631308518e+14,32
8.949999999976923e-05,1790,2.999999999989873e+02,1.087042111064186e+03,3.408201570781817e+02,1.959183078914441e-04,1.365358580220420e+09,4.712972492468702e+00,3.288589504938872e+14,32
8.954999999976867e-05,1791,2.999999999989930e+02,1.087402950323653e+03,3.408449823902786e+02,1.960716117345334e-04,1.366319355479038e+09,4.717805974391519e+00,3.237812891202644e+14,31
8.959999999976810e-05,1792,2.999999999989987e+02,1.087780604290477e+03,3.408495266169299e+02,1.962150210855741e-04,1.366015815586324e+09,4.722740074315784e+00,3.889842650453061e+14,31
8.964999999976753e-05,1793,2.999999999990044e+02,1.088173280158555e+03,3.408757822039563e+02,1.963487672150171e-04,1.368232236073097e+09,4.727767708950969e+00,4.434395492532130e+14,31
8.969999999976696e-05,1794,2.999999999990101e+02,1.088529259602014e+03,3.409014570816000e+02,1.964837277516480e-04,1.367340810391958e+09,4.732607271267096e+00,3.635368378596629e+14,30
8.974999999976639e-05,1795,2.999999999990158e+02,1.088869616654870e+03,3.409058935829780e+02,1.966062866837391e-04,1.369769210248100e+09,4.737346392178794e+00,2.919200120727220e+14,31
8.979999999976583e-05,1796,2.999999999990247e+02,1.089191711026727e+03,3.409332201078459e+02,1.967423600832876e-04,1.370747956707060e+09,4.741942868929119e+00,3.314331199979901e+14,28
8.984999999976526e-05,1797,2.999999999990304e+02,1.089435664883123e+03,3.409565405485189e+02,1.968927211651791e-04,1.378615039844184e+09,4.746040426856733e+00,3.588286153176866e+14,28
8.989999999976469e-05,1798,2.999999999990361e+02,1.089633857046186e+03,3.409789926328824e+02,1.970284377026663e-04,1.370644501479731e+09,4.749876370673892e+00,3.252814287348624e+14,30
8.994999999976412e-05,1799,2.999999999990418e+02,1.089851881802020e+03,3.410018581722929e+02,1.971502084041178e-04,1.376444228453802e+09,4.753803350940486e+00,3.206834490522393e+14,31
8.999999999976355e-05,1800,2.999999999990475e+02,1.090084977899669e+03,3.410246533487248e+02,1.972621294192788e-04,1.374839743898561e+09,4.757842834433121e+00,4.930880901168067e+14,31
9.004999999976299e-05,1801,2.999999999990532e+02,1.090334770578548e+03,3.410482258747489e+02,1.973713500930025e-04,1.371201269817653e+09,4.761885141754617e+00,5.363284360752531e+14,31
9.009999999976242e-05,1802,2.999999999990588e+02,1.090633876539685e+03,3.410535622441342e+02,1.975041419567322e-04,1.374026247164990e+09,4.766126487764760e+00,4.127078249411654e+14,31
9.014999999976185e-05,1803,2.999999999990645e+02,1.090992128207999e+03,3.410792051098223e+02,1.976561135058415e-04,1.371505735511599e+09,4.770624302774203e+00,3.044501565767155e+14,30
9.019999999976128e-05,1804,2.999999999990702e+02,1.091408958687113e+03,3.409317472767220e+02,1.977983597048026e-04,1.372230504779530e+09,4.775362427552917e+00,3.349812273874095e+14,27
9.024999999976071e-05,1805,2.999999999990759e+02,1.091843075442924e+03,3.409583106366316e+02,1.979678240290723e-04,1.374351649985406e+09,4.780187416209679e+00,3.626407143816234e+14,27
9.029999999976015e-05,1806,2.999999999990816e+02,1.092248950902343e+03,3.409615680489898e+02,1.981078934364740e-04,1.378227788026816e+09,4.784827402296473e+00,3.209286972312236e+14,29
9.034999999975958e-05,1807,2.999999999990873e+02,1.092647554872740e+03,3.409646915499123e+02,1.982337654054648e-04,1.363138760449068e+09,4.789489808913550e+00,2.984136228167322e+14,30
9.039999999975901e-05,1808,2.999999999990929e+02,1.093013258462034e+03,3.409461269378797e+02,1.983744650379991e-04,1.383867009631158e+09,4.793930352661947e+00,4.433760778907081e+14,30
9.044999999975844e-05,1809,2.999999999990986e+02,1.093256767687834e+03,3.409695478834594e+02,1.985301647313653e-04,1.385038423621891e+09,4.797640745685640e+00,4.866467323721861e+14,31
9.049999999975787e-05,1810,2.999999999991043e+02,1.093419641007520e+03,3.409922127279581e+02,1.986980270117104e-04,1.383995581696380e+09,4.800837205375030e+00,3.695695976451783e+14,31
9.054999999975731e-05,1811,2.999999999991100e+02,1.093607180513013e+03,3.410161984376206e+02,1.988028122973627e-04,1.371931575172072e+09,4.804289583407368e+00,3.096402164747087e+14,31
9.059999999975674e-05,1812,2.999999999991157e+02,1.093901788549440e+03,3.410421904562468e+02,1.989295111511650e-04,1.372987301066815e+09,4.808389577889137e+00,3.333408086393282e+14,28
9.064999999975617e-05,1813,2.999999999991214e+02,1.094232555224914e+03,3.410692415497358e+02,1.990567198746888e-04,1.374366620095784e+09,4.812724450115556e+00,3.439703918998354e+14,28
9.069999999975560e-05,1814,2.999999999991271e+02,1.094592571159199e+03,3.410970289706457e+02,1.991920056876308e-04,1.371629370062963e+09,4.817176986906953e+00,3.225156493558100e+14,30
9.074999999975503e-05,1815,2.999999999991327e+02,1.094941685937653e+03,3.411251689134800e+02,1.993569087996344e-04,1.369973114785515e+09,4.821626371432618e+00,3.845002999431839e+14,30
9.079999999975447e-05,1816,2.999999999991384e+02,1.095274192342106e+03,3.411531101483321e+02,1.995085418346798e-04,1.371126502525836e+09,4.825936475869844e+00,4.740969325845398e+14,30
9.084999999975390e-05,1817,2.999999999991441e+02,1.095537843754284e+03,3.411798335124727e+02,1.996718125115377e-04,1.378670247325974e+09,4.829933695396645e+00,3.787826541693909e+14,30
9.089999999975333e-05,1818,2.999999999991498e+02,1.095724131850066e+03,3.412061846495003e+02,1.998377037164609e-04,1.379070812605734e+09,4.833533838251395e+00,3.193440611207520e+14,30
9.094999999975276e-05,1819,2.999999999991555e+02,1.095869396963520e+03,3.412318935749831e+02,1.999775365654888e-04,1.376787665235256e+09,4.836996165808682e+00,3.345795024213929e+14,27
9.099999999975219e-05,1820,2.999999999991612e+02,1.095993019513013e+03,3.412571436776435e+02,2.001023096620161e-04,1.377606994526812e+09,4.840410039997875e+00,3.669635619206542e+14,27
9.104999999975163e-05,1821,2.999999999991668e+02,1.096035302146586e+03,3.412811550753018e+02,2.002204928990846e-04,1.378074277404922e+09,4.843385576786204e+00,3.257049091740200e+14,28
9.109999999975106e-05,1822,2.999999999991725e+02,1.095979418127941e+03,3.413033521257721e+02,2.003563542808897e-04,1.380241777895564e+09,4.845777817044674e+00,3.261837268339438e+14,30
9.114999999975049e-05,1823,2.999999999991782e+02,1.095914949871404e+03,3.413259763978938e+02,2.005042506918821e-04,1.384341058636287e+09,4.848091501863809e+00,5.282625094593324e+14,30
9.119999999974992e-05,1824,2.999999999991839e+02,1.095839781139704e+03,3.413485781050834e+02,2.006348795340165e-04,1.380862356407391e+09,4.850342785910125e+00,5.009762079253321e+14,30
9.124999999974935e-05,1825,2.999999999991896e+02,1.095751885286447e+03,3.413496856133817e+02,2.007397203356117e-04,1.376994663081413e+09,4.852508044878761e+00,3.097191268063032e+14,30
9.129999999974879e-05,1826,2.999999999991953e+02,1.095644127974111e+03,3.413737963288787e+02,2.008547477224309e-04,1.376980814467021e+09,4.854588133824516e+00,3.096438193421292e+14,27
9.134999999974822e-05,1827,2.999999999992010e+02,1.095527331862724e+03,3.413975192042928e+02,2.009840030404376e-04,1.379933946515771e+09,4.856600328710346e+00,3.557640546087320e+14,27
9.139999999974765e-05,1828,2.999999999991838e+02,1.095404209698771e+03,3.414020543226246e+02,2.011273538263065e-04,1.377052509519114e+09,4.858544092462146e+00,3.418692087593355e+14,27
9.144999999974708e-05,1829,2.999999999991925e+02,1.095267221209506e+03,3.414273749228728e+02,2.012579104460377e-04,1.380485368923389e+09,4.860416377359865e+00,3.069231192174466e+14,30
9.149999999974652e-05,1830,2.999999999991925e+02,1.095075407334556e+03,3.414481129767319e+02,2.013952074065220e-04,1.383626985618199e+09,4.861937201801048e+00,4.810297801165227e+14,30
9.154999999974595e-05,1831,2.999999999991925e+02,1.094881766017711e+03,3.414683842411248e+02,2.015050404868273e-04,1.378982705707803e+09,4.863448797205184e+00,5.862928464212052e+14,30
9.159999999974538e-05,1832,2.999999999992182e+02,1.094721981411312e+03,3.414900875716555e+02,2.016174613906711e-04,1.379270917720695e+09,4.865179603616485e+00,4.093716531109622e+14,30
9.164999999974481e-05,1833,2.999999999992182e+02,1.094581638261290e+03,3.415128968551660e+02,2.016983102945859e-04,1.381493694422009e+09,4.867062321186275e+00,3.061402602675793e+14,29
9.169999999974424e-05,1834,2.999999999992182e+02,1.094440237288828e+03,3.415362030150529e+02,2.018054054337679e-04,1.380993363461133e+09,4.868884162037971e+00,3.553178176442768e+14,27
9.174999999974368e-05,1835,2.999999999992182e+02,1.094331119377289e+03,3.415601335713594e+02,2.019419620080037e-04,1.375512612366082e+09,4.870890195709814e+00,3.432692062636824e+14,27
9.179999999974311e-05,1836,2.999999999992182e+02,1.094238810971967e+03,3.415838610475917e+02,2.020731566819378e-04,1.376932558682791e+09,4.873004114778952e+00,3.038776760527799e+14,29
9.184999999974254e-05,1837,2.999999999992182e+02,1.094172459728551e+03,3.416077726788417e+02,2.021727889234912e-04,1.378179966970790e+09,4.875269953259630e+00,4.583789984380481e+14,30
9.189999999974197e-05,1838,2.999999999992182e+02,1.094111746030027e+03,3.416327036253628e+02,2.022937836768266e-04,1.379957800290958e+09,4.877567597463858e+00,5.225777165385802e+14,30
9.194999999974140e-05,1839,2.999999999992182e+02,1.094054865690531e+03,3.416380317844951e+02,2.024280037731411e-04,1.376489963898669e+09,4.879891405651389e+00,3.080608578307782e+14,30
9.199999999974084e-05,1840,2.999999999992182e+02,1.093964212438249e+03,3.416613068420893e+02,2.025540812594056e-04,1.381188654157906e+09,4.882015346499194e+00,3.309620972891568e+14,27
9.204999999974027e-05,1841,2.999999999992182e+02,1.093823188621729e+03,3.416831453764752e+02,2.026764819597515e-04,1.382355320978937e+09,4.883833253990847e+00,3.807432006165984e+14,27
9.209999999973970e-05,1842,2.999999999992182e+02,1.093677000983171e+03,3.417045375956797e+02,2.027926982196454e-04,1.384260771385332e+09,4.885599131784751e+00,3.435034315004947e+14,28
9.214999999973913e-05,1843,2.999999999992182e+02,1.093550360077331e+03,3.417261769835932e+02,2.029228540959086e-04,1.389678924003925e+09,4.887562407311111e+00,3.768047017362212e+14,30
9.219999999973856e-05,1844,2.999999999992182e+02,1.093434701543958e+03,3.417486525926311e+02,2.030406076301493e-04,1.390960947661425e+09,4.889570186669277e+00,6.154335497362091e+14,30
9.224999999973800e-05,1845,2.999999999992182e+02,1.093344158561204e+03,3.417719622145469e+02,2.031454561577748e-04,1.390200541924887e+09,4.891726611450530e+00,4.901259342957076e+14,30
9.229999999973743e-05,1846,2.999999999992182e+02,1.093267765416892e+03,3.417741700177318e+02,2.032558158155448e-04,1.390313576040500e+09,4.893942822768184e+00,3.127609737848365e+14,28
9.234999999973686e-05,1847,2.999999999992182e+02,1.093201630307621e+03,3.417983342486210e+02,2.033895225547319e-04,1.388648191992135e+09,4.896205674150607e+00,3.803125889920539e+14,27
9.239999999973629e-05,1848,2.999999999992182e+02,1.093149735537110e+03,3.418218386395639e+02,2.035328146661422e-04,1.388036732317395e+09,4.898554229702380e+00,3.902124812521645e+14,27
9.244999999973572e-05,1849,2.999999999992182e+02,1.093072577242882e+03,3.418454143729564e+02,2.036653622801344e-04,1.390338598758544e+09,4.900751854661810e+00,3.264650448660424e+14,28
9.249999999973516e-05,1850,2.999999999992182e+02,1.093021509432704e+03,3.418693869765854e+02,2.037917764852148e-04,1.391318719730992e+09,4.903087295264296e+00,5.940959651684592e+14,30
9.254999999973459e-05,1851,2.999999999992182e+02,1.092985729072531e+03,3.418494263343755e+02,2.039212459696564e-04,1.390963939212470e+09,4.905531037725407e+00,6.859195475292049e+14,31
9.259999999973402e-05,1852,2.999999999992182e+02,1.092982456219295e+03,3.418744012427603e+02,2.040541577826250e-04,1.391499155985580e+09,4.908157060502921e+00,3.571167296075902e+14,31
9.264999999973345e-05,1853,2.999999999992182e+02,1.092996781956782e+03,3.418999817832560e+02,2.041913757776773e-04,1.389486541285268e+09,4.910900771599351e+00,3.780964030811096e+14,28
9.269999999973288e-05,1854,2.999999999992182e+02,1.093016507691131e+03,3.419253456615450e+02,2.043234003027225e-04,1.385978704035886e+09,4.913665852844787e+00,4.005945343106702e+14,28
9.274999999973232e-05,1855,2.999999999992182e+02,1.093046715724188e+03,3.419269402351978e+02,2.044635079007251e-04,1.385128697838836e+09,4.916471646997112e+00,3.433268108462526e+14,29
9.279999999973175e-05,1856,2.999999999992182e+02,1.093079509501986e+03,3.419522965914604e+02,2.045969235076558e-04,1.385901091777901e+09,4.919280240557406e+00,5.315891054880951e+14,31
9.284999999973118e-05,1857,2.999999999992182e+02,1.093135656068443e+03,3.419789969774665e+02,2.047277315601990e-04,1.384836856310864e+09,4.922222765570980e+00,5.688978009939542e+14,31
9.289999999973061e-05,1858,2.999999999992182e+02,1.093228068275313e+03,3.419842003795070e+02,2.048692459684127e-04,1.385016713619963e+09,4.925400974449914e+00,3.164199295730856e+14,29
9.294999999973004e-05,1859,2.999999999992182e+02,1.093358595663632e+03,3.420130537679859e+02,2.050145820705338e-04,1.382979205755157e+09,4.928801929083624e+00,4.030314386898699e+14,28
9.299999999972948e-05,1860,2.999999999992182e+02,1.093490853699213e+03,3.420423747541158e+02,2.051672272338763e-04,1.382107679351944e+09,4.932240600494340e+00,4.220423427749892e+14,28
9.304999999972891e-05,1861,2.999999999992182e+02,1.093640968511579e+03,3.420718147639734e+02,2.053188480902052e-04,1.386409011497555e+09,4.935801815129555e+00,3.600508984210171e+14,29
9.309999999972834e-05,1862,2.999999999992182e+02,1.093781674640302e+03,3.421006010309063e+02,2.054683318159709e-04,1.386627784087673e+09,4.939279191447175e+00,6.295776942613694e+14,32
9.314999999972777e-05,1863,2.999999999992182e+02,1.093885487579017e+03,3.421044750889089e+02,2.056241675598559e-04,1.385879558112768e+09,4.942539122481731e+00,7.243816103197198e+14,32
9.319999999972720e-05,1864,2.999999999992182e+02,1.093935832563725e+03,3.421299090006928e+02,2.057734712366249e-04,1.387156333199094e+09,4.945493965724022e+00,3.242563436691481e+14,30
9.324999999972664e-05,1865,2.999999999992182e+02,1.093952695534691e+03,3.421556271488835e+02,2.059064200665518e-04,1.388009053092324e+09,4.948248892994267e+00,4.206315184461552e+14,27
9.329999999972607e-05,1866,2.999999999992182e+02,1.093970541365486e+03,3.421600824156767e+02,2.060305156659576e-04,1.389838954402930e+09,4.951018302252263e+00,4.433212672257488e+14,27
9.334999999972550e-05,1867,2.999999999992182e+02,1.093991374073815e+03,3.421872842885052e+02,2.061604043489145e-04,1.391600199150095e+09,4.953799279351009e+00,3.771122090922974e+14,28
9.339999999972493e-05,1868,2.999999999992182e+02,1.093982956334434e+03,3.422139277069247e+02,2.063052943735275e-04,1.387813752061045e+09,4.956381993736006e+00,5.156132386398933e+14,31
9.344999999972436e-05,1869,2.999999999992182e+02,1.093952680323251e+03,3.422401139261647e+02,2.064500800875745e-04,1.387608792612282e+09,4.958795907450166e+00,6.315997902752808e+14,31
9.349999999972380e-05,1870,2.999999999992182e+02,1.093936402775797e+03,3.422664048460386e+02,2.066067475010786e-04,1.387117356026715e+09,4.961263725435692e+00,3.331267432865096e+14,28
9.354999999972323e-05,1871,2.999999999992182e+02,1.093912608638796e+03,3.422925140494892e+02,2.067442590583883e-04,1.387468460009343e+09,4.963654646612444e+00,4.301201636887217e+14,27
9.359999999972266e-05,1872,2.999999999992182e+02,1.093880406293649e+03,3.423179054920158e+02,2.068653177390064e-04,1.384056622231715e+09,4.965977898314008e+00,4.442383797815786e+14,27
9.364999999972209e-05,1873,2.999999999992182e+02,1.093840184036776e+03,3.423433179604955e+02,2.070012912352076e-04,1.383041273029029e+09,4.968228447114434e+00,3.627459582912824e+14,28
9.369999999972152e-05,1874,2.999999999992182e+02,1.093806546932765e+03,3.423680009573249e+02,2.071353126604288e-04,1.380463647576318e+09,4.970506746357191e+00,6.449601906626258e+14,31
9.374999999972096e-05,1875,2.999999999992182e+02,1.093779598148346e+03,3.423919273950011e+02,2.072727611313245e-04,1.382156782978934e+09,4.972822431219807e+00,5.552201801366214e+14,31
9.379999999972039e-05,1876,2.999999999992182e+02,1.093746978014319e+03,3.424157316474128e+02,2.074094934623305e-04,1.381142254227550e+09,4.975084748318405e+00,3.668972507028002e+14,27
9.384999999971982e-05,1877,2.999999999992182e+02,1.093738554040599e+03,3.424400575910946e+02,2.075376119740130e-04,1.380028597413262e+09,4.977479267241415e+00,4.737038826157578e+14,27
9.389999999971925e-05,1878,2.999999999992182e+02,1.093774866878047e+03,3.424651153922232e+02,2.076653025194672e-04,1.380015756035156e+09,4.980108161046902e+00,4.873869540783062e+14,27
9.394999999971868e-05,1879,2.999999999992182e+02,1.093850246442711e+03,3.424906140566881e+02,2.077949135811445e-04,1.381967856349924e+09,4.982900078546080e+00,3.888474151588124e+14,27
9.399999999971812e-05,1880,2.999999999992182e+02,1.093936230799770e+03,3.425164435216601e+02,2.079255418810050e-04,1.381367671878389e+09,4.985692438801535e+00,5.956251435691561e+14,31
9.404999999971755e-05,1881,2.999999999992182e+02,1.094034647217960e+03,3.425423751200863e+02,2.080747687145448e-04,1.381484547300953e+09,4.988532353001422e+00,6.960590404129064e+14,31
9.409999999971698e-05,1882,2.999999999992182e+02,1.094124053811445e+03,3.425679910939219e+02,2.082338206272928e-04,1.382160866963223e+09,4.991257099856093e+00,3.778249420801712e+14,32
9.414999999971641e-05,1883,2.999999999992182e+02,1.094205236547360e+03,3.425930717609564e+02,2.083819691749148e-04,1.379595603518965e+09,4.993903778362439e+00,4.705622252819764e+14,28
9.419999999971584e-05,1884,2.999999999992182e+02,1.094266824455330e+03,3.426176564517947e+02,2.085175595664166e-04,1.375980429965164e+09,4.996437135713869e+00,4.611272858650659e+14,28
9.424999999971528e-05,1885,2.999999999992182e+02,1.094323422732304e+03,3.426426267843516e+02,2.086448105453937e-04,1.372858070620916e+09,4.998935603822952e+00,3.636034221373464e+14,32
9.429999999971471e-05,1886,2.999999999992182e+02,1.094397692162778e+03,3.426675476603552e+02,2.087740603090516e-04,1.372709936703100e+09,5.001484460837099e+00,4.962964651648031e+14,32
9.434999999971414e-05,1887,2.999999999992182e+02,1.094496912713541e+03,3.426923329467675e+02,2.089115658916931e-04,1.370656520806632e+09,5.004131507853927e+00,3.241792745962338e+14,30
9.439999999971357e-05,1888,2.999999999992182e+02,1.094619771419876e+03,3.426943634068684e+02,2.090555179654393e-04,1.374837684004420e+09,5.006881303374393e+00,4.325948731268044e+14,28
9.444999999971300e-05,1889,2.999999999992182e+02,1.094745779860660e+03,3.427195898475500e+02,2.092015981520083e-04,1.376855911693802e+09,5.009623533327368e+00,5.128461221832709e+14,28
9.449999999971244e-05,1890,2.999999999992182e+02,1.094917667341071e+03,3.427447682558355e+02,2.093440774209662e-04,1.379160577103742e+09,5.012567016204323e+00,4.699485840207221e+14,28
9.454999999971187e-05,1891,2.999999999991730e+02,1.095104849397891e+03,3.427700804707242e+02,2.094943611000255e-04,1.378432447055240e+09,5.015591978027271e+00,3.608032365669208e+14,31
9.459999999971130e-05,1892,2.999999999991730e+02,1.095316337366645e+03,3.427720859877399e+02,2.096280056217097e-04,1.375834422662705e+09,5.018745898820645e+00,6.227501540133568e+14,32
9.464999999971073e-05,1893,2.999999999991730e+02,1.095535685967508e+03,3.427983983750552e+02,2.097629241216026e-04,1.374127592016097e+09,5.021938995456805e+00,4.909523390561469e+14,32
9.469999999971016e-05,1894,2.999999999991724e+02,1.095779715244182e+03,3.428235384826360e+02,2.099135331037699e-04,1.378419594828002e+09,5.025196977171983e+00,4.424797052014831e+14,29
9.474999999970960e-05,1895,2.999999999991724e+02,1.096010051372569e+03,3.428483784893071e+02,2.100739154790713e-04,1.380877438568650e+09,5.028359124623439e+00,4.935027952069970e+14,28
9.479999999970903e-05,1896,2.999999999991724e+02,1.096071370551104e+03,3.428740343878450e+02,2.102285280580552e-04,1.379581911960066e+09,5.030059952456130e+00,4.616140275391837e+14,28
9.484999999970846e-05,1897,2.999999999991724e+02,1.096196102170149e+03,3.429001849601273e+02,2.103753046573231e-04,1.376243000179102e+09,5.032355296525470e+00,3.844636045933443e+14,31
9.489999999970789e-05,1898,2.999999999991724e+02,1.096376034169966e+03,3.429275147676752e+02,2.105421445980984e-04,1.374223699324217e+09,5.034995311861411e+00,3.502740021332320e+14,32
9.494999999970732e-05,1899,2.999999999991724e+02,1.096615538281719e+03,3.429552442296201e+02,2.107097674150108e-04,1.374620708926766e+09,5.038056771019206e+00,3.928609856521717e+14,29
9.499999999970676e-05,1900,2.999999999991724e+02,1.096834861945420e+03,3.429836617261830e+02,2.108744289240571e-04,1.370166723706285e+09,5.041099905212493e+00,4.698704031501874e+14,28
9.504999999970619e-05,1901,2.999999999991724e+02,1.097047953353123e+03,3.430115106404170e+02,2.110388000588871e-04,1.369017210760367e+09,5.044164728519750e+00,4.842291632954632e+14,27
9.509999999970562e-05,1902,2.999999999991724e+02,1.097270161384147e+03,3.430376839233377e+02,2.111965914799216e-04,1.367934676965693e+09,5.047312371829641e+00,4.149410610352767e+14,28
9.514999999970505e-05,1903,2.999999999991724e+02,1.097479976714707e+03,3.430627158246646e+02,2.113397320634889e-04,1.368852037155609e+09,5.050363514648425e+00,3.959782402651048e+14,30
9.519999999970448e-05,1904,2.999999999991724e+02,1.097650043844452e+03,3.430644981254322e+02,2.114717346482510e-04,1.370063142141083e+09,5.053182425027579e+00,4.106635010546882e+14,32
9.524999999970392e-05,1905,2.999999999991724e+02,1.097825568342142e+03,3.430667559300928e+02,2.116136710583809e-04,1.373916998497528e+09,5.056087572843369e+00,4.093144985363107e+14,30
9.529999999970335e-05,1906,2.999999999991724e+02,1.098016267308590e+03,3.430920903359906e+02,2.117580386978742e-04,1.372203130557593e+09,5.059021423995591e+00,4.984483688821215e+14,28
9.534999999970278e-05,1907,2.999999999991724e+02,1.098242810580846e+03,3.431177523171589e+02,2.118849188817472e-04,1.374332361110023e+09,5.062079231995638e+00,5.072677548996178e+14,28
9.539999999970221e-05,1908,2.999999999991724e+02,1.098470712040647e+03,3.431440691731005e+02,2.119942797987408e-04,1.377225142695796e+09,5.065045447837736e+00,4.500154169658437e+14,27
9.544999999970164e-05,1909,2.999999999991724e+02,1.098728055825730e+03,3.431698736903332e+02,2.120996140656880e-04,1.379639150952409e+09,5.068113439787504e+00,3.896315136983414e+14,31
9.549999999970108e-05,1910,2.999999999991724e+02,1.098976957911236e+03,3.431947065632600e+02,2.122203426989471e-04,1.377285095546662e+09,5.071140852392708e+00,3.947378841910121e+14,30
9.554999999970051e-05,1911,2.999999999991724e+02,1.099222334137483e+03,3.432192051992010e+02,2.123509555912008e-04,1.376401751533077e+09,5.074167569852094e+00,4.425554564977058e+14,28
9.559999999969994e-05,1912,2.999999999991724e+02,1.099457257849600e+03,3.432436752862729e+02,2.124857185095222e-04,1.370008537371494e+09,5.077148695547922e+00,4.515826363844524e+14,29
9.564999999969937e-05,1913,2.999999999991724e+02,1.099710262689420e+03,3.432678250758211e+02,2.126215568064963e-04,1.366483248413333e+09,5.080254031172389e+00,4.116299031075417e+14,30
9.569999999969880e-05,1914,2.999999999991724e+02,1.099948628382166e+03,3.432912789775922e+02,2.127590836895154e-04,1.364847687799501e+09,5.083309280514712e+00,3.743513935823092e+14,31
9.574999999969824e-05,1915,2.999999999991724e+02,1.100155588611193e+03,3.432911605027730e+02,2.128884804631520e-04,1.365920030321817e+09,5.086223562524959e+00,3.594387091919889e+14,31
9.579999999969767e-05,1916,2.999999999991724e+02,1.100322039983784e+03,3.433137637881852e+02,2.130131189814931e-04,1.367040515756468e+09,5.088947948155540e+00,4.052811635546202e+14,31
9.584999999969710e-05,1917,2.999999999991724e+02,1.100431217552517e+03,3.433143175984262e+02,2.131434113445154e-04,1.376696450775232e+09,5.091378912149076e+00,4.537625442579179e+14,28
9.589999999969653e-05,1918,2.999999999991724e+02,1.100538922726020e+03,3.433380532956169e+02,2.132756546827949e-04,1.375871268036841e+09,5.093830417129317e+00,4.693098955545046e+14,28
9.594999999969596e-05,1919,2.999999999991724e+02,1.100635719012976e+03,3.433614518383257e+02,2.133862944651055e-04,1.375178114224247e+09,5.096182566037852e+00,4.399403588385224e+14,28
9.599999999969540e-05,1920,2.999999999991724e+02,1.100717813651283e+03,3.433847127839595e+02,2.135020468559261e-04,1.372794455615977e+09,5.098493299578647e+00,4.161245426546771e+14,29
9.604999999969483e-05,1921,2.999999999991724e+02,1.100788745407464e+03,3.434086388705524e+02,2.136304437402176e-04,1.371895774270119e+09,5.100760298232781e+00,4.295533529465817e+14,28
9.609999999969426e-05,1922,2.999999999991724e+02,1.100880881123865e+03,3.434320222921240e+02,2.137634092277392e-04,1.374117636395787e+09,5.103182370613889e+00,4.504691854557421e+14,29
9.614999999969369e-05,1923,2.999999999991724e+02,1.100972526454590e+03,3.434556087176242e+02,2.138796752267924e-04,1.371683679224742e+09,5.105599874054412e+00,4.483998213494059e+14,31
9.619999999969312e-05,1924,2.999999999991724e+02,1.101067997906883e+03,3.434793768176745e+02,2.139870768991936e-04,1.372576981416732e+09,5.108072167880946e+00,4.088809368242412e+14,32
9.624999999969256e-05,1925,2.999999999991724e+02,1.101134020901235e+03,3.435028868762028e+02,2.141218789616651e-04,1.373767488900247e+09,5.110385936196372e+00,3.912082110070687e+14,32
9.629999999969199e-05,1926,2.999999999991724e+02,1.101179704996439e+03,3.435251867656908e+02,2.142538282387392e-04,1.373704631016617e+09,5.112575922340054e+00,3.755518152905479e+14,32
9.634999999969142e-05,1927,2.999999999991724e+02,1.101193591615071e+03,3.435466990776046e+02,2.143727293051930e-04,1.375548626974736e+09,5.114630062336286e+00,4.060471013109796e+14,33
9.639999999969085e-05,1928,2.999999999991724e+02,1.101195417933078e+03,3.435682139474902e+02,2.144869311921008e-04,1.375660619281922e+09,5.116616229246237e+00,4.405391088377284e+14,31
9.644999999969028e-05,1929,2.999999999991724e+02,1.101190667395956e+03,3.435903810910423e+02,2.145968878472298e-04,1.375553092673581e+09,5.118551963859239e+00,4.468702821174351e+14,29
9.649999999968972e-05,1930,2.999999999991724e+02,1.101171130133527e+03,3.436124612035354e+02,2.147163777710843e-04,1.375142029483132e+09,5.120435145678227e+00,4.303823659648711e+14,30
9.654999999968915e-05,1931,2.999999999991724e+02,1.101124259666950e+03,3.436346155388771e+02,2.148344596132651e-04,1.372536648318007e+09,5.122111581443993e+00,4.330030575844829e+14,30
9.659999999968858e-05,1932,2.999999999991724e+02,1.101076749071513e+03,3.436573852348391e+02,2.149456727657621e-04,1.370024004573960e+09,5.123781334294382e+00,4.398627430045193e+14,30
9.664999999968801e-05,1933,2.999999999991724e+02,1.101048695621465e+03,3.436802325983767e+02,2.150652212017376e-04,1.370683476062329e+09,5.125511726421510e+00,4.648210237259288e+14,29
9.669999999968744e-05,1934,2.999999999991724e+02,1.101038380756011e+03,3.437029950654971e+02,2.151869168873612e-04,1.369773767990938e+09,5.127326653347472e+00,4.591548229433855e+14,29
9.674999999968688e-05,1935,2.999999999991724e+02,1.101021518970712e+03,3.437255183244030e+02,2.153051346864036e-04,1.372258773339304e+09,5.129114652640353e+00,4.296336846818609e+14,32
9.679999999968631e-05,1936,2.999999999991788e+02,1.101005883188205e+03,3.437484398644704e+02,2.154275823825200e-04,1.373764864116888e+09,5.130894725344642e+00,4.082990433243105e+14,33
9.684999999968574e-05,1937,2.999999999991788e+02,1.100979071377612e+03,3.437712823401603e+02,2.155570534993535e-04,1.373351765292738e+09,5.132617226819276e+00,4.119645487589338e+14,33
9.689999999968517e-05,1938,2.999999999991788e+02,1.100964478013213e+03,3.437937318820680e+02,2.156842922411675e-04,1.375336740803698e+09,5.134440556371373e+00,4.010140336686202e+14,33
9.694999999968460e-05,1939,2.999999999991788e+02,1.100924675703652e+03,3.438159140645843e+02,2.158011745952990e-04,1.376967109263659e+09,5.136127371443060e+00,4.129212154516234e+14,34
9.699999999968404e-05,1940,2.999999999991788e+02,1.100889549947139e+03,3.438379300748695e+02,2.159198286026556e-04,1.378644191195921e+09,5.137831003329169e+00,4.185662740404013e+14,32
9.704999999968347e-05,1941,2.999999999991788e+02,1.100852064796224e+03,3.438597297874813e+02,2.160405996457112e-04,1.379370679484346e+09,5.139504850895027e+00,4.176037344745602e+14,31
9.709999999968290e-05,1942,2.999999999991788e+02,1.100789369320692e+03,3.438813675409346e+02,2.161583330762068e-04,1.381701544760339e+09,5.141025990906220e+00,4.172186292405106e+14,29
9.714999999968233e-05,1943,2.999999999991788e+02,1.100721395829708e+03,3.439028920275696e+02,2.162641031142401e-04,1.382654535845890e+09,5.142554936122072e+00,4.401514753493456e+14,30
9.719999999968176e-05,1944,2.999999999991788e+02,1.100654956194897e+03,3.439244466019095e+02,2.163740555043256e-04,1.383194183042785e+09,5.144094415292432e+00,4.674089717263976e+14,30
9.724999999968120e-05,1945,2.999999999991788e+02,1.100605714864971e+03,3.439464006012183e+02,2.164910250993651e-04,1.384481071850117e+09,5.145712487699518e+00,4.870598928666558e+14,29
9.729999999968063e-05,1946,2.999999999991788e+02,1.100580782234195e+03,3.439691023541077e+02,2.166087495629263e-04,1.386915241452845e+09,5.147488896340552e+00,4.819301870702325e+14,30
9.734999999968006e-05,1947,2.999999999991788e+02,1.100552218516739e+03,3.439923554172357e+02,2.167244072891173e-04,1.388591003731783e+09,5.149205049794872e+00,4.531203084866748e+14,32
9.739999999967949e-05,1948,2.999999999991788e+02,1.100508731171951e+03,3.440150050889328e+02,2.168473633382719e-04,1.389852709417172e+09,5.150846689484652e+00,4.160041875033902e+14,33
9.744999999967892e-05,1949,2.999999999991788e+02,1.100448196177095e+03,3.440369216680851e+02,2.169733343499333e-04,1.391141523962178e+09,5.152372265702923e+00,4.231460543211927e+14,33
9.749999999967836e-05,1950,2.999999999991788e+02,1.100372861766909e+03,3.440586024591514e+02,2.170838507198920e-04,1.394356454222429e+09,5.153842853391327e+00,4.042567865623281e+14,32
9.754999999967779e-05,1951,2.999999999991788e+02,1.100289785784046e+03,3.440808240975018e+02,2.171901805987574e-04,1.394220476517146e+09,5.155318598427789e+00,4.112721977935166e+14,33
9.759999999967722e-05,1952,2.999999999991788e+02,1.100202386503750e+03,3.441032873845613e+02,2.173018533420006e-04,1.389440754858449e+09,5.156804642871790e+00,4.158598970703572e+14,32
9.764999999967665e-05,1953,2.999999999991788e+02,1.100108372979810e+03,3.441254818075350e+02,2.174191645698557e-04,1.392533376886110e+09,5.158245198959731e+00,4.145563637033955e+14,31
9.769999999967608e-05,1954,2.999999999991788e+02,1.100003482735655e+03,3.441472492574744e+02,2.175275640047723e-04,1.395563949210787e+09,5.159645283222778e+00,4.232686496828942e+14,32
9.774999999967552e-05,1955,2.999999999991788e+02,1.099887807699153e+03,3.441692207937577e+02,2.176319289137306e-04,1.398728124164201e+09,5.161023059684639e+00,4.521742454817193e+14,31
9.779999999967495e-05,1956,2.999999999991788e+02,1.099775614235710e+03,3.441915980734698e+02,2.177440972578956e-04,1.400431093143941e+09,5.162420963000240e+00,4.804509823519052e+14,30
9.784999999967438e-05,1957,2.999999999991788e+02,1.099671487064449e+03,3.442142956144438e+02,2.178629011898446e-04,1.402107460244141e+09,5.163848324595246e+00,4.983655059851247e+14,30
9.789999999967381e-05,1958,2.999999999991788e+02,1.099566875407999e+03,3.442369116824294e+02,2.179821943202850e-04,1.402399911509655e+09,5.165260894567516e+00,4.920746566343026e+14,31
9.794999999967324e-05,1959,2.999999999991788e+02,1.099460410962108e+03,3.442596294612766e+02,2.180983954439648e-04,1.402309981774028e+09,5.166674568330597e+00,4.657484292985505e+14,32
9.799999999967268e-05,1960,2.999999999991788e+02,1.099342061246203e+03,3.442819735952540e+02,2.182226655545290e-04,1.401339561632173e+09,5.168005987311791e+00,4.351338728682760e+14,33
9.804999999967211e-05,1961,2.999999999991788e+02,1.099226535261364e+03,3.443040476260175e+02,2.183501169553930e-04,1.400708984184813e+09,5.169357155261471e+00,4.063453971651869e+14,33
9.809999999967154e-05,1962,2.999999999991788e+02,1.099105390165848e+03,3.443266567923694e+02,2.184663038729286e-04,1.399548714076206e+09,5.170675970071377e+00,4.117281289489391e+14,33
9.814999999967097e-05,1963,2.999999999991788e+02,1.098983937473039e+03,3.443500222945070e+02,2.185800576789338e-04,1.398681636965319e+09,5.172003107685254e+00,3.935835435459662e+14,33
9.819999999967040e-05,1964,2.999999999991788e+02,1.098873904319333e+03,3.443742241398952e+02,2.187016089022969e-04,1.397890914864826e+09,5.173396602851122e+00,4.107661302401330e+14,33
9.824999999966984e-05,1965,2.999999999991788e+02,1.098756034383507e+03,3.443982247992691e+02,2.188306184448221e-04,1.395995294340458e+09,5.174720782071695e+00,4.324042916969694e+14,33
9.829999999966927e-05,1966,2.999999999991788e+02,1.098640765393620e+03,3.444224440812212e+02,2.189587783372397e-04,1.395113972329114e+09,5.176068523931292e+00,4.516519971289951e+14,32
9.834999999966870e-05,1967,2.999999999991788e+02,1.098524127410445e+03,3.444481529005968e+02,2.190877179086409e-04,1.393472276325705e+09,5.177414363674557e+00,4.621776125298774e+14,32
9.839999999966813e-05,1968,2.999999999991788e+02,1.098420944875761e+03,3.444762172273299e+02,2.192322716085673e-04,1.392183875012932e+09,5.178855957203035e+00,4.634807389554032e+14,32
9.844999999966756e-05,1969,2.999999999991788e+02,1.098325172301362e+03,3.445032359371093e+02,2.193963478922793e-04,1.390215158588237e+09,5.180363549401277e+00,4.654532699474018e+14,32
9.849999999966700e-05,1970,2.999999999991788e+02,1.098229096777661e+03,3.445282155612716e+02,2.195507159161008e-04,1.388619494713851e+09,5.181882305492340e+00,4.625976498204115e+14,32
9.854999999966643e-05,1971,2.999999999991788e+02,1.098127158970586e+03,3.445520989219294e+02,2.196827491398138e-04,1.386235498497851e+09,5.183351730890026e+00,4.494999314435574e+14,33
9.859999999966586e-05,1972,2.999999999991788e+02,1.098028591700788e+03,3.445758010744751e+02,2.198058854117182e-04,1.384677354747411e+09,5.184838274706387e+00,4.394146454746832e+14,33
9.864999999966529e-05,1973,2.999999999991788e+02,1.097926297864871e+03,3.445993714781454e+02,2.199369348118075e-04,1.381545857187852e+09,5.186307624453709e+00,4.385418863491734e+14,33
9.869999999966472e-05,1974,2.999999999991788e+02,1.097819434119092e+03,3.446229797805584e+02,2.200701030534608e-04,1.378887687794892e+09,5.187762869983235e+00,4.394096173804153e+14,32
9.874999999966416e-05,1975,2.999999999991788e+02,1.097699257788783e+03,3.446464675110251e+02,2.202018023932043e-04,1.375574628413186e+09,5.189140698845251e+00,4.291591692930547e+14,32
9.879999999966359e-05,1976,2.999999999991788e+02,1.097588912094677e+03,3.446699238675221e+02,2.203367777464908e-04,1.373679661976824e+09,5.190599349855382e+00,4.240410878032929e+14,32
9.884999999966302e-05,1977,2.999999999991788e+02,1.097476263544818e+03,3.446932356034457e+02,2.204682656910724e-04,1.372564297851396e+09,5.192051964887242e+00,4.201776254112594e+14,32
9.889999999966245e-05,1978,2.999999999991788e+02,1.097349953734977e+03,3.447161622821755e+02,2.205954918850253e-04,1.371732267740144e+09,5.193442580908144e+00,4.168730654863029e+14,32
9.894999999966188e-05,1979,2.999999999991788e+02,1.097226697868108e+03,3.447392063920678e+02,2.207219540955548e-04,1.371260843464911e+09,5.194878538191913e+00,4.105713726148039e+14,32
9.899999999966132e-05,1980,2.999999999991788e+02,1.097095690248130e+03,3.447621810787356e+02,2.208492329060991e-04,1.370747159466556e+09,5.196279705590798e+00,4.064090620638316e+14,33
9.904999999966075e-05,1981,2.999999999991886e+02,1.096968843658390e+03,3.447858927790742e+02,2.209740079452044e-04,1.370787303953285e+09,5.197703417563211e+00,4.048994663765821e+14,32
9.909999999966018e-05,1982,2.999999999991886e+02,1.096855506410216e+03,3.448115904329755e+02,2.210931703500860e-04,1.373993525250839e+09,5.199117444570740e+00,4.090487970712468e+14,32
9.914999999965961e-05,1983,2.999999999991886e+02,1.096750404530583e+03,3.448379568939085e+02,2.212208493261503e-04,1.376120087842216e+09,5.200479024244521e+00,4.152571716169646e+14,32
9.919999999965904e-05,1984,2.999999999991886e+02,1.096666132012703e+03,3.448643464147647e+02,2.213679336236868e-04,1.372347776479771e+09,5.201937190456822e+00,4.153951448746530e+14,32
9.924999999965848e-05,1985,2.999999999991886e+02,1.096604042637193e+03,3.448908162226778e+02,2.215321839762358e-04,1.364220128026358e+09,5.203487707484236e+00,4.137674992703159e+14,31
9.929999999965791e-05,1986,2.999999999991886e+02,1.096557768909722e+03,3.449170439009859e+02,2.216793401831846e-04,1.362728559910143e+09,5.205070713333238e+00,4.206366333696576e+14,32
9.934999999965734e-05,1987,2.999999999991886e+02,1.096506825996282e+03,3.449425989571375e+02,2.218118479882166e-04,1.366383273460692e+09,5.206655146134515e+00,4.148770960312882e+14,32
9.939999999965677e-05,1988,2.999999999991886e+02,1.096441546333682e+03,3.449674131246570e+02,2.219562115175891e-04,1.368947945852378e+09,5.208104751872599e+00,3.989529636683824e+14,32
9.944999999965620e-05,1989,2.999999999991870e+02,1.096371878487869e+03,3.449912995686704e+02,2.221066416633631e-04,1.369135195049452e+09,5.209554792287224e+00,3.725320664304005e+14,32
9.949999999965564e-05,1990,2.999999999991870e+02,1.096296974408854e+03,3.450151595026018e+02,2.222454267015406e-04,1.367626186682758e+09,5.211032743140508e+00,3.607924126705725e+14,32
9.954999999965507e-05,1991,2.999999999991870e+02,1.096227191090141e+03,3.450393544171364e+02,2.223770966552064e-04,1.367720752068774e+09,5.212542260440965e+00,3.565804332143511e+14,31
9.959999999965450e-05,1992,2.999999999991870e+02,1.096144658270690e+03,3.450631699111755e+02,2.225081369346049e-04,1.367211314258003e+09,5.213990113425488e+00,3.657525618270198e+14,31
9.964999999965393e-05,1993,2.999999999991870e+02,1.096063843060411e+03,3.450873900976056e+02,2.226366117000628e-04,1.367355047780379e+09,5.215456021081915e+00,3.854852026875982e+14,32
9.969999999965336e-05,1994,2.999999999991870e+02,1.095995314236882e+03,3.451125874531062e+02,2.227786436118993e-04,1.365338601381888e+09,5.216927156523174e+00,3.854359481882507e+14,32
9.974999999965280e-05,1995,2.999999999991870e+02,1.095947254928845e+03,3.451177575556286e+02,2.229187725707234e-04,1.364951258697001e+09,5.218362807621186e+00,3.799771191688722e+14,30
9.979999999965223e-05,1996,2.999999999991870e+02,1.095902044140250e+03,3.451461744831081e+02,2.230650727924410e-04,1.371497499881492e+09,5.219761563642304e+00,3.912826326724115e+14,29
9.984999999965166e-05,1997,2.999999999991870e+02,1.095865049407754e+03,3.451739477278230e+02,2.232192463136697e-04,1.370452265563821e+09,5.221155791658216e+00,3.837986529575477e+14,29
9.989999999965109e-05,1998,2.999999999991870e+02,1.095824280380041e+03,3.452011449361237e+02,2.233986778710295e-04,1.368528351257164e+09,5.222539087803447e+00,3.611565822314852e+14,31
9.994999999965052e-05,1999,2.999999999991870e+02,1.095817308076481e+03,3.452284158662484e+02,2.235612891909160e-04,1.364928459307986e+09,5.224048670294529e+00,3.367172615137474e+14,32
