# vtk DataFile Version 2.0
mfree iwf
ASCII

DATASET UNSTRUCTURED_GRID
POINTS 6231 float
0.000000 0.000300 0.000000
0.000000 0.000310 0.000000
0.000000 0.000320 0.000000
0.000000 0.000330 0.000000
0.000000 0.000340 0.000000
0.000000 0.000350 0.000000
0.000001 0.000360 0.000000
0.000001 0.000370 0.000000
0.000001 0.000380 0.000000
0.000001 0.000390 0.000000
0.000001 0.000400 0.000000
0.000001 0.000410 0.000000
0.000001 0.000420 0.000000
0.000001 0.000430 0.000000
0.000001 0.000440 0.000000
0.000002 0.000450 0.000000
0.000002 0.000460 0.000000
0.000002 0.000471 0.000000
0.000002 0.000480 0.000000
0.000002 0.000492 0.000000
0.000006 0.000501 0.000000
0.000657 0.000888 0.000000
0.000720 0.000940 0.000000
0.000671 0.000899 0.000000
0.000731 0.000947 0.000000
0.000751 0.000957 0.000000
0.000799 0.000971 0.000000
0.000807 0.000971 0.000000
0.000819 0.000969 0.000000
0.000833 0.000969 0.000000
0.000864 0.000975 0.000000
0.000010 0.000300 0.000000
0.000010 0.000310 0.000000
0.000010 0.000320 0.000000
0.000010 0.000330 0.000000
0.000010 0.000340 0.000000
0.000010 0.000350 0.000000
0.000011 0.000360 0.000000
0.000011 0.000370 0.000000
0.000011 0.000380 0.000000
0.000011 0.000390 0.000000
0.000011 0.000400 0.000000
0.000011 0.000410 0.000000
0.000011 0.000420 0.000000
0.000011 0.000430 0.000000
0.000011 0.000440 0.000000
0.000011 0.000450 0.000000
0.000012 0.000460 0.000000
0.000012 0.000472 0.000000
0.000013 0.000478 0.000000
0.000009 0.000492 0.000000
0.000013 0.000498 0.000000
0.000770 0.000958 0.000000
0.000785 0.000962 0.000000
0.000793 0.000964 0.000000
0.000799 0.000963 0.000000
0.000816 0.000961 0.000000
0.000828 0.000961 0.000000
0.000842 0.000961 0.000000
0.000853 0.000964 0.000000
0.000859 0.000963 0.000000
0.000861 0.000971 0.000000
0.000020 0.000300 0.000000
0.000020 0.000310 0.000000
0.000020 0.000320 0.000000
0.000020 0.000330 0.000000
0.000020 0.000340 0.000000
0.000020 0.000350 0.000000
0.000021 0.000360 0.000000
0.000021 0.000370 0.000000
0.000020 0.000380 0.000000
0.000021 0.000390 0.000000
0.000021 0.000400 0.000000
0.000022 0.000410 0.000000
0.000020 0.000420 0.000000
0.000022 0.000431 0.000000
0.000020 0.000439 0.000000
0.000024 0.000451 0.000000
0.000020 0.000460 0.000000
0.000022 0.000470 0.000000
0.000021 0.000481 0.000000
0.000024 0.000494 0.000000
0.000020 0.000497 0.000000
0.000741 0.000940 0.000000
0.000767 0.000953 0.000000
0.000777 0.000956 0.000000
0.000783 0.000955 0.000000
0.000793 0.000950 0.000000
0.000808 0.000957 0.000000
0.000835 0.000956 0.000000
0.000849 0.000958 0.000000
0.000859 0.000951 0.000000
0.000866 0.000951 0.000000
0.000030 0.000300 0.000000
0.000030 0.000310 0.000000
0.000030 0.000320 0.000000
0.000031 0.000331 0.000000
0.000030 0.000340 0.000000
0.000031 0.000349 0.000000
0.000030 0.000360 0.000000
0.000030 0.000370 0.000000
0.000031 0.000380 0.000000
0.000031 0.000390 0.000000
0.000031 0.000400 0.000000
0.000031 0.000411 0.000000
0.000031 0.000420 0.000000
0.000032 0.000430 0.000000
0.000032 0.000440 0.000000
0.000030 0.000450 0.000000
0.000032 0.000459 0.000000
0.000036 0.000473 0.000000
0.000029 0.000478 0.000000
0.000033 0.000488 0.000000
0.000032 0.000497 0.000000
0.000063 0.000500 0.000000
0.000762 0.000946 0.000000
0.000780 0.000941 0.000000
0.000805 0.000948 0.000000
0.000815 0.000942 0.000000
0.000819 0.000954 0.000000
0.000826 0.000948 0.000000
0.000836 0.000946 0.000000
0.000844 0.000947 0.000000
0.000867 0.000942 0.000000
0.000040 0.000300 0.000000
0.000040 0.000310 0.000000
0.000041 0.000321 0.000000
0.000040 0.000329 0.000000
0.000040 0.000340 0.000000
0.000041 0.000351 0.000000
0.000040 0.000360 0.000000
0.000041 0.000370 0.000000
0.000041 0.000380 0.000000
0.000040 0.000390 0.000000
0.000042 0.000399 0.000000
0.000041 0.000410 0.000000
0.000042 0.000420 0.000000
0.000040 0.000431 0.000000
0.000042 0.000439 0.000000
0.000043 0.000450 0.000000
0.000043 0.000460 0.000000
0.000036 0.000469 0.000000
0.000045 0.000477 0.000000
0.000043 0.000496 0.000000
0.000040 0.000498 0.000000
0.000593 0.000736 0.000000
0.000770 0.000940 0.000000
0.000789 0.000942 0.000000
0.000797 0.000937 0.000000
0.000805 0.000945 0.000000
0.000825 0.000938 0.000000
0.000848 0.000938 0.000000
0.000849 0.000928 0.000000
0.000857 0.000942 0.000000
0.000866 0.000933 0.000000
0.000050 0.000300 0.000000
0.000050 0.000310 0.000000
0.000050 0.000319 0.000000
0.000049 0.000331 0.000000
0.000052 0.000340 0.000000
0.000050 0.000348 0.000000
0.000051 0.000360 0.000000
0.000050 0.000370 0.000000
0.000052 0.000380 0.000000
0.000050 0.000391 0.000000
0.000053 0.000400 0.000000
0.000048 0.000411 0.000000
0.000053 0.000419 0.000000
0.000051 0.000430 0.000000
0.000054 0.000440 0.000000
0.000047 0.000451 0.000000
0.000054 0.000458 0.000000
0.000053 0.000470 0.000000
0.000056 0.000483 0.000000
0.000048 0.000488 0.000000
0.000050 0.000498 0.000000
0.000756 0.000952 0.000000
0.000717 0.000930 0.000000
0.000783 0.000934 0.000000
0.000801 0.000924 0.000000
0.000816 0.000930 0.000000
0.000832 0.000935 0.000000
0.000824 0.000926 0.000000
0.000840 0.000934 0.000000
0.000856 0.000930 0.000000
0.000865 0.000922 0.000000
0.000060 0.000300 0.000000
0.000060 0.000310 0.000000
0.000060 0.000321 0.000000
0.000060 0.000329 0.000000
0.000061 0.000339 0.000000
0.000059 0.000352 0.000000
0.000063 0.000360 0.000000
0.000059 0.000369 0.000000
0.000063 0.000381 0.000000
0.000058 0.000389 0.000000
0.000063 0.000400 0.000000
0.000060 0.000409 0.000000
0.000064 0.000419 0.000000
0.000057 0.000430 0.000000
0.000066 0.000440 0.000000
0.000060 0.000449 0.000000
0.000066 0.000460 0.000000
0.000055 0.000472 0.000000
0.000064 0.000475 0.000000
0.000068 0.000486 0.000000
0.000058 0.000496 0.000000
0.000747 0.000948 0.000000
0.000761 0.000936 0.000000
0.000782 0.000922 0.000000
0.000794 0.000928 0.000000
0.000810 0.000921 0.000000
0.000817 0.000914 0.000000
0.000845 0.000917 0.000000
0.000835 0.000922 0.000000
0.000855 0.000919 0.000000
0.000864 0.000913 0.000000
0.000070 0.000300 0.000000
0.000070 0.000310 0.000000
0.000070 0.000319 0.000000
0.000069 0.000331 0.000000
0.000072 0.000341 0.000000
0.000068 0.000349 0.000000
0.000074 0.000357 0.000000
0.000067 0.000372 0.000000
0.000074 0.000377 0.000000
0.000069 0.000390 0.000000
0.000074 0.000400 0.000000
0.000068 0.000411 0.000000
0.000074 0.000421 0.000000
0.000068 0.000429 0.000000
0.000075 0.000439 0.000000
0.000066 0.000452 0.000000
0.000077 0.000459 0.000000
0.000073 0.000470 0.000000
0.000076 0.000486 0.000000
0.000068 0.000495 0.000000
0.000076 0.000496 0.000000
0.000590 0.000722 0.000000
0.000751 0.000935 0.000000
0.000773 0.000929 0.000000
0.000796 0.000909 0.000000
0.000809 0.000931 0.000000
0.000826 0.000914 0.000000
0.000836 0.000917 0.000000
0.000834 0.000905 0.000000
0.000852 0.000908 0.000000
0.000862 0.000903 0.000000
0.000080 0.000300 0.000000
0.000080 0.000310 0.000000
0.000080 0.000321 0.000000
0.000081 0.000330 0.000000
0.000079 0.000339 0.000000
0.000081 0.000350 0.000000
0.000077 0.000365 0.000000
0.000082 0.000367 0.000000
0.000081 0.000384 0.000000
0.000078 0.000390 0.000000
0.000086 0.000396 0.000000
0.000079 0.000409 0.000000
0.000083 0.000417 0.000000
0.000079 0.000430 0.000000
0.000087 0.000445 0.000000
0.000077 0.000447 0.000000
0.000086 0.000463 0.000000
0.000074 0.000470 0.000000
0.000087 0.000473 0.000000
0.000085 0.000482 0.000000
0.000084 0.000495 0.000000
0.000738 0.000945 0.000000
0.000710 0.000934 0.000000
0.000780 0.000911 0.000000
0.000789 0.000921 0.000000
0.000805 0.000912 0.000000
0.000812 0.000904 0.000000
0.000823 0.000905 0.000000
0.000843 0.000904 0.000000
0.000851 0.000899 0.000000
0.000860 0.000893 0.000000
0.000090 0.000300 0.000000
0.000090 0.000310 0.000000
0.000090 0.000320 0.000000
0.000091 0.000330 0.000000
0.000090 0.000340 0.000000
0.000092 0.000351 0.000000
0.000089 0.000358 0.000000
0.000092 0.000369 0.000000
0.000089 0.000379 0.000000
0.000093 0.000389 0.000000
0.000086 0.000407 0.000000
0.000094 0.000407 0.000000
0.000089 0.000425 0.000000
0.000095 0.000426 0.000000
0.000088 0.000436 0.000000
0.000097 0.000456 0.000000
0.000086 0.000453 0.000000
0.000097 0.000471 0.000000
0.000106 0.000480 0.000000
0.000089 0.000495 0.000000
0.000094 0.000495 0.000000
0.000596 0.000749 0.000000
0.000745 0.000930 0.000000
0.000733 0.000933 0.000000
0.000765 0.000928 0.000000
0.000793 0.000900 0.000000
0.000818 0.000896 0.000000
0.000831 0.000897 0.000000
0.000839 0.000893 0.000000
0.000849 0.000889 0.000000
0.000858 0.000883 0.000000
0.000100 0.000300 0.000000
0.000100 0.000310 0.000000
0.000100 0.000320 0.000000
0.000100 0.000331 0.000000
0.000101 0.000340 0.000000
0.000099 0.000349 0.000000
0.000101 0.000360 0.000000
0.000100 0.000372 0.000000
0.000101 0.000379 0.000000
0.000101 0.000391 0.000000
0.000100 0.000399 0.000000
0.000102 0.000409 0.000000
0.000101 0.000418 0.000000
0.000100 0.000435 0.000000
0.000110 0.000443 0.000000
0.000096 0.000445 0.000000
0.000108 0.000460 0.000000
0.000098 0.000467 0.000000
0.000095 0.000481 0.000000
0.000106 0.000491 0.000000
0.000101 0.000494 0.000000
0.000675 0.000904 0.000000
0.000683 0.000911 0.000000
0.000706 0.000930 0.000000
0.000792 0.000910 0.000000
0.000806 0.000899 0.000000
0.000809 0.000889 0.000000
0.000831 0.000888 0.000000
0.000822 0.000883 0.000000
0.000845 0.000883 0.000000
0.000855 0.000874 0.000000
0.000110 0.000300 0.000000
0.000110 0.000310 0.000000
0.000110 0.000320 0.000000
0.000110 0.000329 0.000000
0.000110 0.000340 0.000000
0.000111 0.000351 0.000000
0.000111 0.000360 0.000000
0.000111 0.000368 0.000000
0.000111 0.000379 0.000000
0.000110 0.000390 0.000000
0.000112 0.000399 0.000000
0.000111 0.000412 0.000000
0.000115 0.000423 0.000000
0.000107 0.000426 0.000000
0.000111 0.000435 0.000000
0.000106 0.000449 0.000000
0.000114 0.000461 0.000000
0.000111 0.000470 0.000000
0.000116 0.000480 0.000000
0.000111 0.000493 0.000000
0.000119 0.000491 0.000000
0.000633 0.000848 0.000000
0.000600 0.000764 0.000000
0.000740 0.000924 0.000000
0.000764 0.000916 0.000000
0.000754 0.000912 0.000000
0.000799 0.000891 0.000000
0.000818 0.000883 0.000000
0.000835 0.000878 0.000000
0.000845 0.000873 0.000000
0.000852 0.000865 0.000000
0.000120 0.000300 0.000000
0.000120 0.000310 0.000000
0.000120 0.000319 0.000000
0.000121 0.000331 0.000000
0.000119 0.000341 0.000000
0.000121 0.000349 0.000000
0.000120 0.000360 0.000000
0.000120 0.000372 0.000000
0.000122 0.000381 0.000000
0.000119 0.000389 0.000000
0.000123 0.000399 0.000000
0.000118 0.000408 0.000000
0.000122 0.000418 0.000000
0.000121 0.000433 0.000000
0.000124 0.000442 0.000000
0.000118 0.000451 0.000000
0.000127 0.000456 0.000000
0.000120 0.000472 0.000000
0.000130 0.000477 0.000000
0.000124 0.000490 0.000000
0.000136 0.000491 0.000000
0.000663 0.000873 0.000000
0.000694 0.000919 0.000000
0.000699 0.000918 0.000000
0.000715 0.000922 0.000000
0.000778 0.000900 0.000000
0.000802 0.000881 0.000000
0.000822 0.000872 0.000000
0.000833 0.000870 0.000000
0.000841 0.000863 0.000000
0.000848 0.000856 0.000000
0.000130 0.000300 0.000000
0.000130 0.000310 0.000000
0.000130 0.000321 0.000000
0.000130 0.000329 0.000000
0.000131 0.000338 0.000000
0.000130 0.000350 0.000000
0.000131 0.000361 0.000000
0.000130 0.000368 0.000000
0.000131 0.000378 0.000000
0.000130 0.000390 0.000000
0.000132 0.000401 0.000000
0.000131 0.000410 0.000000
0.000133 0.000421 0.000000
0.000129 0.000428 0.000000
0.000133 0.000438 0.000000
0.000131 0.000449 0.000000
0.000136 0.000468 0.000000
0.000127 0.000466 0.000000
0.000138 0.000480 0.000000
0.000130 0.000490 0.000000
0.000654 0.000871 0.000000
0.000642 0.000864 0.000000
0.000692 0.000914 0.000000
0.000702 0.000926 0.000000
0.000728 0.000919 0.000000
0.000729 0.000928 0.000000
0.000785 0.000894 0.000000
0.000810 0.000875 0.000000
0.000814 0.000864 0.000000
0.000830 0.000863 0.000000
0.000843 0.000848 0.000000
0.000140 0.000300 0.000000
0.000140 0.000310 0.000000
0.000140 0.000319 0.000000
0.000140 0.000331 0.000000
0.000141 0.000343 0.000000
0.000140 0.000350 0.000000
0.000141 0.000360 0.000000
0.000140 0.000371 0.000000
0.000142 0.000383 0.000000
0.000140 0.000388 0.000000
0.000141 0.000399 0.000000
0.000140 0.000409 0.000000
0.000142 0.000421 0.000000
0.000140 0.000430 0.000000
0.000144 0.000441 0.000000
0.000143 0.000450 0.000000
0.000138 0.000458 0.000000
0.000147 0.000463 0.000000
0.000151 0.000483 0.000000
0.000143 0.000491 0.000000
0.000149 0.000493 0.000000
0.000173 0.000498 0.000000
0.000654 0.000877 0.000000
0.000696 0.000902 0.000000
0.000708 0.000914 0.000000
0.000755 0.000925 0.000000
0.000774 0.000916 0.000000
0.000799 0.000869 0.000000
0.000821 0.000857 0.000000
0.000834 0.000854 0.000000
0.000838 0.000841 0.000000
0.000150 0.000300 0.000000
0.000150 0.000310 0.000000
0.000150 0.000321 0.000000
0.000150 0.000329 0.000000
0.000150 0.000338 0.000000
0.000151 0.000349 0.000000
0.000151 0.000361 0.000000
0.000150 0.000369 0.000000
0.000151 0.000378 0.000000
0.000150 0.000391 0.000000
0.000152 0.000402 0.000000
0.000150 0.000409 0.000000
0.000152 0.000420 0.000000
0.000152 0.000429 0.000000
0.000150 0.000441 0.000000
0.000154 0.000449 0.000000
0.000151 0.000465 0.000000
0.000158 0.000471 0.000000
0.000146 0.000473 0.000000
0.000175 0.000488 0.000000
0.000156 0.000495 0.000000
0.000678 0.000895 0.000000
0.000686 0.000902 0.000000
0.000693 0.000894 0.000000
0.000716 0.000893 0.000000
0.000704 0.000904 0.000000
0.000738 0.000915 0.000000
0.000770 0.000907 0.000000
0.000767 0.000897 0.000000
0.000829 0.000844 0.000000
0.000830 0.000835 0.000000
0.000160 0.000300 0.000000
0.000160 0.000310 0.000000
0.000160 0.000320 0.000000
0.000160 0.000331 0.000000
0.000160 0.000342 0.000000
0.000160 0.000351 0.000000
0.000160 0.000360 0.000000
0.000161 0.000370 0.000000
0.000161 0.000381 0.000000
0.000161 0.000389 0.000000
0.000161 0.000398 0.000000
0.000162 0.000410 0.000000
0.000160 0.000421 0.000000
0.000163 0.000429 0.000000
0.000161 0.000440 0.000000
0.000163 0.000450 0.000000
0.000161 0.000460 0.000000
0.000168 0.000468 0.000000
0.000161 0.000484 0.000000
0.000167 0.000496 0.000000
0.000162 0.000496 0.000000
0.000642 0.000863 0.000000
0.000683 0.000888 0.000000
0.000691 0.000879 0.000000
0.000720 0.000908 0.000000
0.000726 0.000911 0.000000
0.000750 0.000916 0.000000
0.000792 0.000886 0.000000
0.000810 0.000859 0.000000
0.000822 0.000848 0.000000
0.000821 0.000834 0.000000
0.000170 0.000300 0.000000
0.000170 0.000310 0.000000
0.000170 0.000320 0.000000
0.000171 0.000329 0.000000
0.000169 0.000339 0.000000
0.000171 0.000348 0.000000
0.000171 0.000359 0.000000
0.000172 0.000371 0.000000
0.000170 0.000379 0.000000
0.000172 0.000391 0.000000
0.000170 0.000401 0.000000
0.000173 0.000409 0.000000
0.000171 0.000419 0.000000
0.000172 0.000432 0.000000
0.000171 0.000438 0.000000
0.000171 0.000450 0.000000
0.000174 0.000457 0.000000
0.000174 0.000470 0.000000
0.000168 0.000479 0.000000
0.000179 0.000480 0.000000
0.000184 0.000499 0.000000
0.000649 0.000872 0.000000
0.000675 0.000878 0.000000
0.000713 0.000903 0.000000
0.000704 0.000894 0.000000
0.000729 0.000897 0.000000
0.000739 0.000895 0.000000
0.000734 0.000907 0.000000
0.000767 0.000886 0.000000
0.000787 0.000865 0.000000
0.000814 0.000834 0.000000
0.000180 0.000300 0.000000
0.000180 0.000310 0.000000
0.000180 0.000320 0.000000
0.000181 0.000332 0.000000
0.000179 0.000341 0.000000
0.000182 0.000352 0.000000
0.000178 0.000360 0.000000
0.000182 0.000369 0.000000
0.000180 0.000380 0.000000
0.000183 0.000389 0.000000
0.000180 0.000399 0.000000
0.000182 0.000411 0.000000
0.000180 0.000420 0.000000
0.000183 0.000429 0.000000
0.000182 0.000439 0.000000
0.000184 0.000451 0.000000
0.000183 0.000462 0.000000
0.000186 0.000474 0.000000
0.000189 0.000484 0.000000
0.000185 0.000498 0.000000
0.000192 0.000498 0.000000
0.000215 0.000500 0.000000
0.000630 0.000842 0.000000
0.000699 0.000885 0.000000
0.000712 0.000885 0.000000
0.000747 0.000903 0.000000
0.000744 0.000894 0.000000
0.000759 0.000904 0.000000
0.000803 0.000864 0.000000
0.000793 0.000874 0.000000
0.000808 0.000832 0.000000
0.000190 0.000300 0.000000
0.000190 0.000310 0.000000
0.000190 0.000319 0.000000
0.000190 0.000328 0.000000
0.000190 0.000339 0.000000
0.000190 0.000349 0.000000
0.000191 0.000359 0.000000
0.000191 0.000370 0.000000
0.000191 0.000379 0.000000
0.000190 0.000391 0.000000
0.000191 0.000400 0.000000
0.000194 0.000409 0.000000
0.000190 0.000419 0.000000
0.000192 0.000431 0.000000
0.000192 0.000440 0.000000
0.000188 0.000450 0.000000
0.000196 0.000456 0.000000
0.000192 0.000467 0.000000
0.000194 0.000477 0.000000
0.000201 0.000491 0.000000
0.000198 0.000497 0.000000
0.000635 0.000827 0.000000
0.000645 0.000855 0.000000
0.000679 0.000885 0.000000
0.000688 0.000870 0.000000
0.000723 0.000894 0.000000
0.000728 0.000883 0.000000
0.000754 0.000896 0.000000
0.000778 0.000891 0.000000
0.000783 0.000881 0.000000
0.000792 0.000833 0.000000
0.000200 0.000300 0.000000
0.000200 0.000310 0.000000
0.000200 0.000321 0.000000
0.000199 0.000332 0.000000
0.000202 0.000341 0.000000
0.000199 0.000351 0.000000
0.000202 0.000361 0.000000
0.000199 0.000371 0.000000
0.000203 0.000379 0.000000
0.000201 0.000390 0.000000
0.000203 0.000399 0.000000
0.000199 0.000412 0.000000
0.000204 0.000420 0.000000
0.000200 0.000430 0.000000
0.000202 0.000439 0.000000
0.000204 0.000450 0.000000
0.000202 0.000463 0.000000
0.000209 0.000469 0.000000
0.000203 0.000476 0.000000
0.000206 0.000492 0.000000
0.000586 0.000639 0.000000
0.000623 0.000831 0.000000
0.000642 0.000846 0.000000
0.000655 0.000855 0.000000
0.000710 0.000877 0.000000
0.000720 0.000878 0.000000
0.000753 0.000884 0.000000
0.000747 0.000876 0.000000
0.000762 0.000886 0.000000
0.000774 0.000878 0.000000
0.000801 0.000833 0.000000
0.000210 0.000300 0.000000
0.000210 0.000310 0.000000
0.000210 0.000319 0.000000
0.000211 0.000328 0.000000
0.000210 0.000338 0.000000
0.000210 0.000349 0.000000
0.000211 0.000359 0.000000
0.000210 0.000370 0.000000
0.000212 0.000381 0.000000
0.000208 0.000390 0.000000
0.000215 0.000402 0.000000
0.000209 0.000410 0.000000
0.000216 0.000416 0.000000
0.000212 0.000430 0.000000
0.000212 0.000442 0.000000
0.000215 0.000449 0.000000
0.000209 0.000457 0.000000
0.000217 0.000472 0.000000
0.000212 0.000481 0.000000
0.000222 0.000486 0.000000
0.000224 0.000497 0.000000
0.000216 0.000495 0.000000
0.000627 0.000836 0.000000
0.000652 0.000845 0.000000
0.000673 0.000872 0.000000
0.000715 0.000869 0.000000
0.000738 0.000884 0.000000
0.000750 0.000872 0.000000
0.000762 0.000875 0.000000
0.000781 0.000872 0.000000
0.000813 0.000851 0.000000
0.000220 0.000300 0.000000
0.000220 0.000310 0.000000
0.000220 0.000321 0.000000
0.000220 0.000332 0.000000
0.000220 0.000342 0.000000
0.000221 0.000351 0.000000
0.000221 0.000361 0.000000
0.000220 0.000370 0.000000
0.000221 0.000379 0.000000
0.000221 0.000389 0.000000
0.000218 0.000400 0.000000
0.000224 0.000411 0.000000
0.000216 0.000424 0.000000
0.000226 0.000428 0.000000
0.000221 0.000438 0.000000
0.000225 0.000453 0.000000
0.000221 0.000460 0.000000
0.000230 0.000468 0.000000
0.000222 0.000475 0.000000
0.000238 0.000497 0.000000
0.000617 0.000819 0.000000
0.000240 0.000499 0.000000
0.000641 0.000837 0.000000
0.000655 0.000835 0.000000
0.000664 0.000864 0.000000
0.000700 0.000875 0.000000
0.000733 0.000876 0.000000
0.000741 0.000869 0.000000
0.000769 0.000868 0.000000
0.000773 0.000861 0.000000
0.000784 0.000858 0.000000
0.000230 0.000300 0.000000
0.000230 0.000310 0.000000
0.000230 0.000319 0.000000
0.000230 0.000329 0.000000
0.000231 0.000338 0.000000
0.000230 0.000348 0.000000
0.000230 0.000359 0.000000
0.000231 0.000370 0.000000
0.000230 0.000381 0.000000
0.000233 0.000392 0.000000
0.000229 0.000398 0.000000
0.000233 0.000408 0.000000
0.000230 0.000419 0.000000
0.000234 0.000435 0.000000
0.000229 0.000440 0.000000
0.000235 0.000448 0.000000
0.000230 0.000459 0.000000
0.000238 0.000474 0.000000
0.000230 0.000483 0.000000
0.000241 0.000486 0.000000
0.000231 0.000498 0.000000
0.000615 0.000812 0.000000
0.000630 0.000819 0.000000
0.000662 0.000853 0.000000
0.000678 0.000866 0.000000
0.000671 0.000857 0.000000
0.000693 0.000863 0.000000
0.000731 0.000867 0.000000
0.000743 0.000858 0.000000
0.000765 0.000851 0.000000
0.000782 0.000852 0.000000
0.000240 0.000300 0.000000
0.000240 0.000310 0.000000
0.000240 0.000321 0.000000
0.000241 0.000331 0.000000
0.000240 0.000342 0.000000
0.000242 0.000352 0.000000
0.000239 0.000361 0.000000
0.000242 0.000370 0.000000
0.000240 0.000379 0.000000
0.000241 0.000389 0.000000
0.000241 0.000401 0.000000
0.000243 0.000413 0.000000
0.000241 0.000419 0.000000
0.000240 0.000428 0.000000
0.000243 0.000440 0.000000
0.000245 0.000452 0.000000
0.000241 0.000459 0.000000
0.000247 0.000468 0.000000
0.000243 0.000478 0.000000
0.000256 0.000488 0.000000
0.000248 0.000498 0.000000
0.000623 0.000826 0.000000
0.000628 0.000809 0.000000
0.000646 0.000828 0.000000
0.000668 0.000848 0.000000
0.000688 0.000855 0.000000
0.000721 0.000866 0.000000
0.000717 0.000856 0.000000
0.000763 0.000863 0.000000
0.000760 0.000849 0.000000
0.000801 0.000840 0.000000
0.000250 0.000300 0.000000
0.000250 0.000310 0.000000
0.000250 0.000320 0.000000
0.000250 0.000328 0.000000
0.000249 0.000338 0.000000
0.000251 0.000348 0.000000
0.000250 0.000359 0.000000
0.000250 0.000370 0.000000
0.000251 0.000381 0.000000
0.000251 0.000392 0.000000
0.000251 0.000398 0.000000
0.000252 0.000408 0.000000
0.000251 0.000422 0.000000
0.000253 0.000437 0.000000
0.000253 0.000433 0.000000
0.000252 0.000450 0.000000
0.000253 0.000461 0.000000
0.000260 0.000471 0.000000
0.000253 0.000479 0.000000
0.000254 0.000498 0.000000
0.000264 0.000498 0.000000
0.000262 0.000500 0.000000
0.000622 0.000796 0.000000
0.000665 0.000830 0.000000
0.000672 0.000841 0.000000
0.000682 0.000857 0.000000
0.000694 0.000848 0.000000
0.000705 0.000868 0.000000
0.000754 0.000860 0.000000
0.000753 0.000849 0.000000
0.000778 0.000830 0.000000
0.000260 0.000300 0.000000
0.000260 0.000310 0.000000
0.000260 0.000321 0.000000
0.000260 0.000332 0.000000
0.000261 0.000341 0.000000
0.000259 0.000352 0.000000
0.000262 0.000360 0.000000
0.000261 0.000371 0.000000
0.000261 0.000379 0.000000
0.000261 0.000388 0.000000
0.000261 0.000401 0.000000
0.000262 0.000413 0.000000
0.000261 0.000417 0.000000
0.000262 0.000429 0.000000
0.000261 0.000443 0.000000
0.000267 0.000452 0.000000
0.000262 0.000455 0.000000
0.000263 0.000472 0.000000
0.000264 0.000483 0.000000
0.000274 0.000484 0.000000
0.000602 0.000753 0.000000
0.000586 0.000623 0.000000
0.000608 0.000799 0.000000
0.000642 0.000818 0.000000
0.000660 0.000838 0.000000
0.000681 0.000843 0.000000
0.000702 0.000858 0.000000
0.000708 0.000855 0.000000
0.000735 0.000858 0.000000
0.000747 0.000849 0.000000
0.000786 0.000836 0.000000
0.000270 0.000300 0.000000
0.000270 0.000310 0.000000
0.000270 0.000319 0.000000
0.000270 0.000328 0.000000
0.000270 0.000338 0.000000
0.000271 0.000349 0.000000
0.000270 0.000359 0.000000
0.000271 0.000369 0.000000
0.000271 0.000381 0.000000
0.000272 0.000392 0.000000
0.000271 0.000397 0.000000
0.000271 0.000408 0.000000
0.000271 0.000421 0.000000
0.000273 0.000439 0.000000
0.000270 0.000432 0.000000
0.000275 0.000448 0.000000
0.000271 0.000462 0.000000
0.000281 0.000464 0.000000
0.000274 0.000476 0.000000
0.000277 0.000494 0.000000
0.000271 0.000497 0.000000
0.000283 0.000497 0.000000
0.000612 0.000800 0.000000
0.000620 0.000808 0.000000
0.000654 0.000822 0.000000
0.000687 0.000840 0.000000
0.000696 0.000838 0.000000
0.000708 0.000837 0.000000
0.000716 0.000844 0.000000
0.000739 0.000846 0.000000
0.000770 0.000829 0.000000
0.000280 0.000300 0.000000
0.000280 0.000310 0.000000
0.000280 0.000321 0.000000
0.000281 0.000332 0.000000
0.000280 0.000341 0.000000
0.000280 0.000351 0.000000
0.000280 0.000360 0.000000
0.000281 0.000372 0.000000
0.000281 0.000378 0.000000
0.000281 0.000390 0.000000
0.000281 0.000402 0.000000
0.000281 0.000413 0.000000
0.000284 0.000416 0.000000
0.000280 0.000427 0.000000
0.000283 0.000437 0.000000
0.000285 0.000450 0.000000
0.000283 0.000460 0.000000
0.000283 0.000473 0.000000
0.000285 0.000482 0.000000
0.000290 0.000494 0.000000
0.000293 0.000497 0.000000
0.000588 0.000688 0.000000
0.000606 0.000785 0.000000
0.000609 0.000792 0.000000
0.000651 0.000818 0.000000
0.000687 0.000820 0.000000
0.000678 0.000833 0.000000
0.000714 0.000828 0.000000
0.000727 0.000852 0.000000
0.000735 0.000839 0.000000
0.000779 0.000843 0.000000
0.000290 0.000300 0.000000
0.000290 0.000310 0.000000
0.000290 0.000319 0.000000
0.000290 0.000328 0.000000
0.000290 0.000338 0.000000
0.000290 0.000350 0.000000
0.000291 0.000359 0.000000
0.000290 0.000369 0.000000
0.000291 0.000381 0.000000
0.000291 0.000390 0.000000
0.000291 0.000398 0.000000
0.000293 0.000410 0.000000
0.000291 0.000423 0.000000
0.000293 0.000432 0.000000
0.000291 0.000440 0.000000
0.000295 0.000451 0.000000
0.000294 0.000461 0.000000
0.000293 0.000474 0.000000
0.000302 0.000472 0.000000
0.000296 0.000484 0.000000
0.000604 0.000769 0.000000
0.000300 0.000495 0.000000
0.000592 0.000712 0.000000
0.000637 0.000805 0.000000
0.000611 0.000780 0.000000
0.000678 0.000819 0.000000
0.000705 0.000845 0.000000
0.000691 0.000829 0.000000
0.000725 0.000846 0.000000
0.000735 0.000832 0.000000
0.000764 0.000841 0.000000
0.000300 0.000300 0.000000
0.000300 0.000310 0.000000
0.000300 0.000321 0.000000
0.000299 0.000333 0.000000
0.000301 0.000342 0.000000
0.000300 0.000350 0.000000
0.000300 0.000361 0.000000
0.000301 0.000370 0.000000
0.000301 0.000380 0.000000
0.000302 0.000390 0.000000
0.000300 0.000401 0.000000
0.000302 0.000410 0.000000
0.000300 0.000421 0.000000
0.000304 0.000428 0.000000
0.000304 0.000437 0.000000
0.000300 0.000450 0.000000
0.000308 0.000459 0.000000
0.000303 0.000466 0.000000
0.000306 0.000484 0.000000
0.000308 0.000496 0.000000
0.000313 0.000496 0.000000
0.000586 0.000659 0.000000
0.000618 0.000766 0.000000
0.000607 0.000776 0.000000
0.000624 0.000788 0.000000
0.000645 0.000808 0.000000
0.000663 0.000808 0.000000
0.000705 0.000829 0.000000
0.000723 0.000836 0.000000
0.000737 0.000830 0.000000
0.000763 0.000827 0.000000
0.000310 0.000300 0.000000
0.000310 0.000310 0.000000
0.000310 0.000319 0.000000
0.000311 0.000328 0.000000
0.000310 0.000338 0.000000
0.000311 0.000349 0.000000
0.000310 0.000360 0.000000
0.000311 0.000370 0.000000
0.000310 0.000380 0.000000
0.000312 0.000389 0.000000
0.000311 0.000400 0.000000
0.000312 0.000411 0.000000
0.000312 0.000418 0.000000
0.000312 0.000434 0.000000
0.000310 0.000446 0.000000
0.000322 0.000445 0.000000
0.000319 0.000464 0.000000
0.000313 0.000473 0.000000
0.000315 0.000482 0.000000
0.000324 0.000483 0.000000
0.000318 0.000498 0.000000
0.000605 0.000761 0.000000
0.000586 0.000659 0.000000
0.000621 0.000775 0.000000
0.000642 0.000798 0.000000
0.000632 0.000796 0.000000
0.000665 0.000819 0.000000
0.000696 0.000823 0.000000
0.000682 0.000807 0.000000
0.000737 0.000821 0.000000
0.000752 0.000827 0.000000
0.000320 0.000300 0.000000
0.000320 0.000310 0.000000
0.000320 0.000321 0.000000
0.000320 0.000332 0.000000
0.000321 0.000341 0.000000
0.000321 0.000352 0.000000
0.000320 0.000359 0.000000
0.000321 0.000369 0.000000
0.000321 0.000380 0.000000
0.000321 0.000392 0.000000
0.000321 0.000398 0.000000
0.000322 0.000409 0.000000
0.000321 0.000421 0.000000
0.000324 0.000436 0.000000
0.000320 0.000431 0.000000
0.000324 0.000458 0.000000
0.000315 0.000451 0.000000
0.000331 0.000466 0.000000
0.000323 0.000474 0.000000
0.000324 0.000495 0.000000
0.000330 0.000496 0.000000
0.000586 0.000558 0.000000
0.000615 0.000757 0.000000
0.000629 0.000780 0.000000
0.000634 0.000770 0.000000
0.000633 0.000785 0.000000
0.000655 0.000806 0.000000
0.000674 0.000825 0.000000
0.000722 0.000823 0.000000
0.000728 0.000820 0.000000
0.000759 0.000821 0.000000
0.000330 0.000300 0.000000
0.000330 0.000310 0.000000
0.000330 0.000319 0.000000
0.000331 0.000328 0.000000
0.000330 0.000337 0.000000
0.000330 0.000348 0.000000
0.000331 0.000361 0.000000
0.000330 0.000372 0.000000
0.000331 0.000378 0.000000
0.000331 0.000388 0.000000
0.000331 0.000401 0.000000
0.000332 0.000413 0.000000
0.000332 0.000418 0.000000
0.000332 0.000428 0.000000
0.000334 0.000440 0.000000
0.000332 0.000451 0.000000
0.000336 0.000456 0.000000
0.000332 0.000479 0.000000
0.000341 0.000477 0.000000
0.000337 0.000495 0.000000
0.000341 0.000497 0.000000
0.000589 0.000704 0.000000
0.000609 0.000743 0.000000
0.000616 0.000749 0.000000
0.000641 0.000780 0.000000
0.000646 0.000791 0.000000
0.000656 0.000793 0.000000
0.000671 0.000810 0.000000
0.000712 0.000819 0.000000
0.000710 0.000809 0.000000
0.000754 0.000817 0.000000
0.000340 0.000300 0.000000
0.000340 0.000310 0.000000
0.000339 0.000321 0.000000
0.000340 0.000333 0.000000
0.000341 0.000342 0.000000
0.000340 0.000352 0.000000
0.000340 0.000358 0.000000
0.000341 0.000370 0.000000
0.000341 0.000381 0.000000
0.000341 0.000392 0.000000
0.000341 0.000397 0.000000
0.000341 0.000408 0.000000
0.000343 0.000421 0.000000
0.000341 0.000432 0.000000
0.000345 0.000437 0.000000
0.000343 0.000449 0.000000
0.000345 0.000460 0.000000
0.000341 0.000470 0.000000
0.000351 0.000478 0.000000
0.000344 0.000484 0.000000
0.000348 0.000498 0.000000
0.000358 0.000499 0.000000
0.000594 0.000708 0.000000
0.000627 0.000765 0.000000
0.000644 0.000767 0.000000
0.000649 0.000776 0.000000
0.000655 0.000786 0.000000
0.000664 0.000799 0.000000
0.000676 0.000801 0.000000
0.000703 0.000815 0.000000
0.000745 0.000812 0.000000
0.000350 0.000300 0.000000
0.000350 0.000310 0.000000
0.000350 0.000320 0.000000
0.000351 0.000326 0.000000
0.000350 0.000339 0.000000
0.000351 0.000349 0.000000
0.000349 0.000361 0.000000
0.000351 0.000372 0.000000
0.000351 0.000377 0.000000
0.000352 0.000389 0.000000
0.000353 0.000402 0.000000
0.000351 0.000412 0.000000
0.000353 0.000416 0.000000
0.000351 0.000428 0.000000
0.000355 0.000440 0.000000
0.000352 0.000452 0.000000
0.000358 0.000460 0.000000
0.000354 0.000468 0.000000
0.000360 0.000484 0.000000
0.000354 0.000496 0.000000
0.000364 0.000496 0.000000
0.000382 0.000497 0.000000
0.000626 0.000756 0.000000
0.000605 0.000733 0.000000
0.000608 0.000736 0.000000
0.000657 0.000777 0.000000
0.000670 0.000793 0.000000
0.000679 0.000789 0.000000
0.000691 0.000812 0.000000
0.000697 0.000804 0.000000
0.000739 0.000810 0.000000
0.000360 0.000300 0.000000
0.000360 0.000310 0.000000
0.000361 0.000321 0.000000
0.000358 0.000334 0.000000
0.000367 0.000336 0.000000
0.000362 0.000356 0.000000
0.000361 0.000358 0.000000
0.000361 0.000368 0.000000
0.000361 0.000381 0.000000
0.000360 0.000392 0.000000
0.000363 0.000397 0.000000
0.000362 0.000411 0.000000
0.000365 0.000421 0.000000
0.000360 0.000430 0.000000
0.000365 0.000436 0.000000
0.000360 0.000448 0.000000
0.000369 0.000453 0.000000
0.000360 0.000472 0.000000
0.000368 0.000475 0.000000
0.000371 0.000482 0.000000
0.000586 0.000538 0.000000
0.000588 0.000671 0.000000
0.000587 0.000683 0.000000
0.000606 0.000725 0.000000
0.000637 0.000757 0.000000
0.000648 0.000763 0.000000
0.000668 0.000772 0.000000
0.000689 0.000800 0.000000
0.000666 0.000782 0.000000
0.000706 0.000803 0.000000
0.000731 0.000809 0.000000
0.000370 0.000300 0.000000
0.000370 0.000310 0.000000
0.000370 0.000319 0.000000
0.000370 0.000327 0.000000
0.000361 0.000344 0.000000
0.000373 0.000343 0.000000
0.000371 0.000353 0.000000
0.000371 0.000373 0.000000
0.000371 0.000378 0.000000
0.000372 0.000389 0.000000
0.000371 0.000399 0.000000
0.000372 0.000411 0.000000
0.000374 0.000415 0.000000
0.000372 0.000431 0.000000
0.000374 0.000443 0.000000
0.000372 0.000453 0.000000
0.000371 0.000465 0.000000
0.000381 0.000466 0.000000
0.000388 0.000481 0.000000
0.000377 0.000492 0.000000
0.000369 0.000494 0.000000
0.000410 0.000498 0.000000
0.000586 0.000658 0.000000
0.000631 0.000745 0.000000
0.000606 0.000692 0.000000
0.000656 0.000755 0.000000
0.000676 0.000781 0.000000
0.000689 0.000779 0.000000
0.000686 0.000789 0.000000
0.000704 0.000795 0.000000
0.000720 0.000806 0.000000
0.000380 0.000300 0.000000
0.000380 0.000310 0.000000
0.000380 0.000321 0.000000
0.000380 0.000333 0.000000
0.000381 0.000342 0.000000
0.000381 0.000357 0.000000
0.000378 0.000367 0.000000
0.000384 0.000358 0.000000
0.000381 0.000380 0.000000
0.000381 0.000392 0.000000
0.000382 0.000399 0.000000
0.000383 0.000410 0.000000
0.000380 0.000424 0.000000
0.000390 0.000426 0.000000
0.000380 0.000435 0.000000
0.000386 0.000444 0.000000
0.000383 0.000455 0.000000
0.000385 0.000467 0.000000
0.000379 0.000477 0.000000
0.000386 0.000491 0.000000
0.000394 0.000494 0.000000
0.000599 0.000670 0.000000
0.000590 0.000677 0.000000
0.000599 0.000683 0.000000
0.000620 0.000735 0.000000
0.000658 0.000764 0.000000
0.000638 0.000747 0.000000
0.000678 0.000771 0.000000
0.000694 0.000788 0.000000
0.000701 0.000786 0.000000
0.000715 0.000796 0.000000
0.000390 0.000300 0.000000
0.000390 0.000310 0.000000
0.000390 0.000319 0.000000
0.000391 0.000327 0.000000
0.000389 0.000338 0.000000
0.000391 0.000348 0.000000
0.000394 0.000362 0.000000
0.000387 0.000372 0.000000
0.000396 0.000381 0.000000
0.000390 0.000387 0.000000
0.000391 0.000399 0.000000
0.000394 0.000409 0.000000
0.000390 0.000419 0.000000
0.000391 0.000436 0.000000
0.000392 0.000448 0.000000
0.000401 0.000445 0.000000
0.000400 0.000462 0.000000
0.000395 0.000471 0.000000
0.000410 0.000475 0.000000
0.000401 0.000495 0.000000
0.000404 0.000498 0.000000
0.000595 0.000649 0.000000
0.000603 0.000660 0.000000
0.000603 0.000703 0.000000
0.000603 0.000716 0.000000
0.000615 0.000723 0.000000
0.000642 0.000738 0.000000
0.000690 0.000771 0.000000
0.000676 0.000759 0.000000
0.000710 0.000784 0.000000
0.000720 0.000784 0.000000
0.000400 0.000300 0.000000
0.000400 0.000310 0.000000
0.000400 0.000321 0.000000
0.000399 0.000333 0.000000
0.000402 0.000342 0.000000
0.000399 0.000353 0.000000
0.000404 0.000362 0.000000
0.000395 0.000373 0.000000
0.000406 0.000372 0.000000
0.000400 0.000392 0.000000
0.000402 0.000401 0.000000
0.000402 0.000411 0.000000
0.000401 0.000421 0.000000
0.000407 0.000430 0.000000
0.000401 0.000433 0.000000
0.000406 0.000454 0.000000
0.000395 0.000458 0.000000
0.000411 0.000463 0.000000
0.000396 0.000482 0.000000
0.000410 0.000484 0.000000
0.000587 0.000612 0.000000
0.000602 0.000648 0.000000
0.000602 0.000675 0.000000
0.000596 0.000700 0.000000
0.000613 0.000699 0.000000
0.000623 0.000743 0.000000
0.000669 0.000764 0.000000
0.000662 0.000746 0.000000
0.000701 0.000773 0.000000
0.000717 0.000776 0.000000
0.000725 0.000774 0.000000
0.000410 0.000300 0.000000
0.000410 0.000310 0.000000
0.000410 0.000319 0.000000
0.000410 0.000328 0.000000
0.000410 0.000336 0.000000
0.000415 0.000355 0.000000
0.000406 0.000351 0.000000
0.000413 0.000371 0.000000
0.000407 0.000384 0.000000
0.000416 0.000391 0.000000
0.000411 0.000395 0.000000
0.000413 0.000409 0.000000
0.000414 0.000415 0.000000
0.000420 0.000438 0.000000
0.000410 0.000439 0.000000
0.000413 0.000449 0.000000
0.000420 0.000469 0.000000
0.000404 0.000475 0.000000
0.000419 0.000478 0.000000
0.000421 0.000494 0.000000
0.000416 0.000498 0.000000
0.000431 0.000500 0.000000
0.000614 0.000668 0.000000
0.000614 0.000689 0.000000
0.000621 0.000716 0.000000
0.000611 0.000712 0.000000
0.000626 0.000724 0.000000
0.000652 0.000743 0.000000
0.000696 0.000764 0.000000
0.000709 0.000773 0.000000
0.000725 0.000766 0.000000
0.000420 0.000300 0.000000
0.000420 0.000310 0.000000
0.000420 0.000321 0.000000
0.000421 0.000334 0.000000
0.000417 0.000343 0.000000
0.000430 0.000346 0.000000
0.000418 0.000364 0.000000
0.000426 0.000373 0.000000
0.000418 0.000379 0.000000
0.000426 0.000385 0.000000
0.000421 0.000402 0.000000
0.000421 0.000418 0.000000
0.000428 0.000407 0.000000
0.000415 0.000427 0.000000
0.000424 0.000430 0.000000
0.000425 0.000450 0.000000
0.000420 0.000455 0.000000
0.000428 0.000462 0.000000
0.000428 0.000480 0.000000
0.000437 0.000499 0.000000
0.000427 0.000495 0.000000
0.000586 0.000603 0.000000
0.000615 0.000659 0.000000
0.000613 0.000678 0.000000
0.000620 0.000707 0.000000
0.000630 0.000707 0.000000
0.000631 0.000732 0.000000
0.000646 0.000750 0.000000
0.000688 0.000761 0.000000
0.000689 0.000755 0.000000
0.000723 0.000760 0.000000
0.000430 0.000300 0.000000
0.000430 0.000310 0.000000
0.000430 0.000319 0.000000
0.000430 0.000327 0.000000
0.000429 0.000338 0.000000
0.000422 0.000352 0.000000
0.000434 0.000368 0.000000
0.000428 0.000360 0.000000
0.000433 0.000381 0.000000
0.000427 0.000395 0.000000
0.000435 0.000398 0.000000
0.000431 0.000416 0.000000
0.000434 0.000425 0.000000
0.000433 0.000434 0.000000
0.000432 0.000443 0.000000
0.000435 0.000455 0.000000
0.000440 0.000463 0.000000
0.000432 0.000472 0.000000
0.000437 0.000477 0.000000
0.000437 0.000485 0.000000
0.000444 0.000497 0.000000
0.000595 0.000613 0.000000
0.000598 0.000640 0.000000
0.000628 0.000681 0.000000
0.000623 0.000696 0.000000
0.000637 0.000721 0.000000
0.000647 0.000713 0.000000
0.000638 0.000728 0.000000
0.000652 0.000734 0.000000
0.000684 0.000748 0.000000
0.000720 0.000754 0.000000
0.000440 0.000300 0.000000
0.000440 0.000310 0.000000
0.000441 0.000321 0.000000
0.000439 0.000332 0.000000
0.000441 0.000342 0.000000
0.000440 0.000350 0.000000
0.000438 0.000359 0.000000
0.000447 0.000365 0.000000
0.000450 0.000378 0.000000
0.000440 0.000387 0.000000
0.000446 0.000399 0.000000
0.000439 0.000408 0.000000
0.000443 0.000416 0.000000
0.000443 0.000426 0.000000
0.000442 0.000437 0.000000
0.000450 0.000445 0.000000
0.000441 0.000450 0.000000
0.000449 0.000469 0.000000
0.000447 0.000485 0.000000
0.000463 0.000484 0.000000
0.000446 0.000499 0.000000
0.000466 0.000501 0.000000
0.000586 0.000580 0.000000
0.000617 0.000683 0.000000
0.000632 0.000692 0.000000
0.000636 0.000714 0.000000
0.000641 0.000705 0.000000
0.000666 0.000754 0.000000
0.000664 0.000720 0.000000
0.000682 0.000738 0.000000
0.000718 0.000749 0.000000
0.000450 0.000300 0.000000
0.000450 0.000310 0.000000
0.000450 0.000319 0.000000
0.000451 0.000329 0.000000
0.000451 0.000337 0.000000
0.000448 0.000351 0.000000
0.000455 0.000356 0.000000
0.000441 0.000374 0.000000
0.000460 0.000378 0.000000
0.000447 0.000390 0.000000
0.000452 0.000409 0.000000
0.000456 0.000399 0.000000
0.000452 0.000421 0.000000
0.000453 0.000433 0.000000
0.000449 0.000455 0.000000
0.000456 0.000438 0.000000
0.000455 0.000462 0.000000
0.000462 0.000470 0.000000
0.000451 0.000475 0.000000
0.000460 0.000497 0.000000
0.000454 0.000498 0.000000
0.000586 0.000523 0.000000
0.000611 0.000654 0.000000
0.000625 0.000660 0.000000
0.000631 0.000671 0.000000
0.000636 0.000697 0.000000
0.000660 0.000728 0.000000
0.000651 0.000725 0.000000
0.000663 0.000736 0.000000
0.000678 0.000747 0.000000
0.000706 0.000762 0.000000
0.000460 0.000300 0.000000
0.000460 0.000310 0.000000
0.000460 0.000321 0.000000
0.000461 0.000332 0.000000
0.000458 0.000343 0.000000
0.000468 0.000348 0.000000
0.000453 0.000367 0.000000
0.000465 0.000364 0.000000
0.000456 0.000387 0.000000
0.000465 0.000390 0.000000
0.000466 0.000399 0.000000
0.000462 0.000419 0.000000
0.000459 0.000411 0.000000
0.000463 0.000428 0.000000
0.000465 0.000440 0.000000
0.000467 0.000449 0.000000
0.000461 0.000455 0.000000
0.000471 0.000476 0.000000
0.000457 0.000481 0.000000
0.000472 0.000485 0.000000
0.000470 0.000497 0.000000
0.000586 0.000522 0.000000
0.000586 0.000582 0.000000
0.000604 0.000633 0.000000
0.000639 0.000686 0.000000
0.000650 0.000697 0.000000
0.000654 0.000704 0.000000
0.000663 0.000708 0.000000
0.000671 0.000742 0.000000
0.000683 0.000732 0.000000
0.000715 0.000740 0.000000
0.000470 0.000300 0.000000
0.000470 0.000310 0.000000
0.000470 0.000320 0.000000
0.000470 0.000329 0.000000
0.000470 0.000338 0.000000
0.000463 0.000352 0.000000
0.000474 0.000359 0.000000
0.000472 0.000381 0.000000
0.000466 0.000371 0.000000
0.000483 0.000384 0.000000
0.000470 0.000407 0.000000
0.000478 0.000413 0.000000
0.000472 0.000420 0.000000
0.000473 0.000431 0.000000
0.000476 0.000441 0.000000
0.000469 0.000461 0.000000
0.000475 0.000452 0.000000
0.000481 0.000459 0.000000
0.000490 0.000477 0.000000
0.000482 0.000495 0.000000
0.000478 0.000500 0.000000
0.000486 0.000499 0.000000
0.000587 0.000599 0.000000
0.000601 0.000606 0.000000
0.000624 0.000670 0.000000
0.000637 0.000678 0.000000
0.000673 0.000710 0.000000
0.000656 0.000716 0.000000
0.000673 0.000728 0.000000
0.000686 0.000727 0.000000
0.000707 0.000750 0.000000
0.000480 0.000300 0.000000
0.000480 0.000310 0.000000
0.000480 0.000320 0.000000
0.000480 0.000332 0.000000
0.000481 0.000341 0.000000
0.000479 0.000350 0.000000
0.000484 0.000358 0.000000
0.000476 0.000370 0.000000
0.000483 0.000374 0.000000
0.000474 0.000391 0.000000
0.000494 0.000401 0.000000
0.000479 0.000402 0.000000
0.000485 0.000420 0.000000
0.000481 0.000430 0.000000
0.000486 0.000438 0.000000
0.000486 0.000449 0.000000
0.000486 0.000470 0.000000
0.000475 0.000469 0.000000
0.000481 0.000480 0.000000
0.000493 0.000498 0.000000
0.000491 0.000485 0.000000
0.000594 0.000569 0.000000
0.000600 0.000587 0.000000
0.000587 0.000592 0.000000
0.000600 0.000628 0.000000
0.000651 0.000690 0.000000
0.000650 0.000677 0.000000
0.000660 0.000694 0.000000
0.000676 0.000719 0.000000
0.000689 0.000722 0.000000
0.000706 0.000741 0.000000
0.000490 0.000300 0.000000
0.000490 0.000310 0.000000
0.000490 0.000320 0.000000
0.000490 0.000328 0.000000
0.000491 0.000339 0.000000
0.000491 0.000350 0.000000
0.000489 0.000363 0.000000
0.000493 0.000373 0.000000
0.000493 0.000382 0.000000
0.000484 0.000394 0.000000
0.000493 0.000392 0.000000
0.000487 0.000409 0.000000
0.000501 0.000419 0.000000
0.000492 0.000427 0.000000
0.000496 0.000440 0.000000
0.000495 0.000452 0.000000
0.000491 0.000459 0.000000
0.000506 0.000459 0.000000
0.000501 0.000475 0.000000
0.000498 0.000494 0.000000
0.000586 0.000508 0.000000
0.000587 0.000585 0.000000
0.000599 0.000574 0.000000
0.000594 0.000620 0.000000
0.000609 0.000641 0.000000
0.000622 0.000649 0.000000
0.000640 0.000668 0.000000
0.000681 0.000699 0.000000
0.000670 0.000701 0.000000
0.000694 0.000717 0.000000
0.000713 0.000732 0.000000
0.000500 0.000300 0.000000
0.000500 0.000310 0.000000
0.000500 0.000320 0.000000
0.000500 0.000331 0.000000
0.000499 0.000341 0.000000
0.000500 0.000351 0.000000
0.000508 0.000359 0.000000
0.000506 0.000368 0.000000
0.000503 0.000377 0.000000
0.000511 0.000394 0.000000
0.000506 0.000404 0.000000
0.000495 0.000413 0.000000
0.000507 0.000413 0.000000
0.000499 0.000432 0.000000
0.000507 0.000438 0.000000
0.000503 0.000450 0.000000
0.000498 0.000466 0.000000
0.000512 0.000468 0.000000
0.000510 0.000492 0.000000
0.000505 0.000481 0.000000
0.000504 0.000496 0.000000
0.000515 0.000495 0.000000
0.000609 0.000581 0.000000
0.000600 0.000599 0.000000
0.000606 0.000613 0.000000
0.000608 0.000619 0.000000
0.000668 0.000689 0.000000
0.000636 0.000657 0.000000
0.000683 0.000712 0.000000
0.000700 0.000714 0.000000
0.000705 0.000732 0.000000
0.000510 0.000300 0.000000
0.000510 0.000310 0.000000
0.000510 0.000320 0.000000
0.000511 0.000330 0.000000
0.000511 0.000338 0.000000
0.000509 0.000349 0.000000
0.000498 0.000362 0.000000
0.000518 0.000368 0.000000
0.000504 0.000385 0.000000
0.000517 0.000385 0.000000
0.000503 0.000396 0.000000
0.000518 0.000410 0.000000
0.000508 0.000426 0.000000
0.000517 0.000429 0.000000
0.000517 0.000439 0.000000
0.000511 0.000448 0.000000
0.000516 0.000461 0.000000
0.000512 0.000475 0.000000
0.000522 0.000472 0.000000
0.000521 0.000484 0.000000
0.000533 0.000498 0.000000
0.000604 0.000563 0.000000
0.000607 0.000591 0.000000
0.000616 0.000576 0.000000
0.000615 0.000627 0.000000
0.000617 0.000636 0.000000
0.000631 0.000639 0.000000
0.000651 0.000667 0.000000
0.000673 0.000684 0.000000
0.000700 0.000706 0.000000
0.000709 0.000722 0.000000
0.000520 0.000300 0.000000
0.000520 0.000310 0.000000
0.000519 0.000321 0.000000
0.000529 0.000327 0.000000
0.000526 0.000344 0.000000
0.000519 0.000348 0.000000
0.000519 0.000358 0.000000
0.000524 0.000376 0.000000
0.000514 0.000377 0.000000
0.000524 0.000393 0.000000
0.000519 0.000400 0.000000
0.000527 0.000411 0.000000
0.000516 0.000420 0.000000
0.000535 0.000434 0.000000
0.000521 0.000448 0.000000
0.000536 0.000446 0.000000
0.000529 0.000453 0.000000
0.000531 0.000474 0.000000
0.000522 0.000496 0.000000
0.000530 0.000483 0.000000
0.000529 0.000496 0.000000
0.000594 0.000560 0.000000
0.000609 0.000569 0.000000
0.000617 0.000606 0.000000
0.000620 0.000616 0.000000
0.000624 0.000613 0.000000
0.000624 0.000640 0.000000
0.000655 0.000683 0.000000
0.000647 0.000660 0.000000
0.000693 0.000702 0.000000
0.000711 0.000713 0.000000
0.000530 0.000300 0.000000
0.000530 0.000310 0.000000
0.000528 0.000319 0.000000
0.000520 0.000334 0.000000
0.000531 0.000336 0.000000
0.000534 0.000353 0.000000
0.000528 0.000359 0.000000
0.000531 0.000369 0.000000
0.000536 0.000377 0.000000
0.000530 0.000387 0.000000
0.000531 0.000399 0.000000
0.000535 0.000409 0.000000
0.000528 0.000420 0.000000
0.000528 0.000428 0.000000
0.000527 0.000440 0.000000
0.000547 0.000443 0.000000
0.000539 0.000457 0.000000
0.000535 0.000466 0.000000
0.000538 0.000482 0.000000
0.000547 0.000489 0.000000
0.000539 0.000498 0.000000
0.000595 0.000551 0.000000
0.000615 0.000595 0.000000
0.000619 0.000596 0.000000
0.000630 0.000593 0.000000
0.000625 0.000625 0.000000
0.000646 0.000639 0.000000
0.000633 0.000651 0.000000
0.000686 0.000699 0.000000
0.000675 0.000678 0.000000
0.000709 0.000703 0.000000
0.000540 0.000300 0.000000
0.000540 0.000310 0.000000
0.000541 0.000320 0.000000
0.000539 0.000330 0.000000
0.000550 0.000341 0.000000
0.000545 0.000349 0.000000
0.000538 0.000363 0.000000
0.000552 0.000371 0.000000
0.000539 0.000388 0.000000
0.000544 0.000383 0.000000
0.000543 0.000403 0.000000
0.000544 0.000412 0.000000
0.000548 0.000426 0.000000
0.000539 0.000422 0.000000
0.000544 0.000434 0.000000
0.000526 0.000460 0.000000
0.000551 0.000456 0.000000
0.000548 0.000470 0.000000
0.000545 0.000474 0.000000
0.000552 0.000499 0.000000
0.000546 0.000500 0.000000
0.000557 0.000499 0.000000
0.000595 0.000547 0.000000
0.000624 0.000584 0.000000
0.000639 0.000624 0.000000
0.000636 0.000614 0.000000
0.000631 0.000628 0.000000
0.000649 0.000652 0.000000
0.000661 0.000645 0.000000
0.000678 0.000690 0.000000
0.000708 0.000695 0.000000
0.000550 0.000300 0.000000
0.000550 0.000310 0.000000
0.000550 0.000319 0.000000
0.000549 0.000331 0.000000
0.000538 0.000344 0.000000
0.000555 0.000350 0.000000
0.000547 0.000358 0.000000
0.000544 0.000369 0.000000
0.000554 0.000381 0.000000
0.000554 0.000390 0.000000
0.000548 0.000397 0.000000
0.000554 0.000407 0.000000
0.000552 0.000418 0.000000
0.000555 0.000432 0.000000
0.000545 0.000452 0.000000
0.000557 0.000444 0.000000
0.000560 0.000457 0.000000
0.000562 0.000475 0.000000
0.000553 0.000481 0.000000
0.000562 0.000483 0.000000
0.000563 0.000496 0.000000
0.000608 0.000554 0.000000
0.000597 0.000538 0.000000
0.000628 0.000603 0.000000
0.000631 0.000583 0.000000
0.000643 0.000607 0.000000
0.000641 0.000645 0.000000
0.000645 0.000632 0.000000
0.000659 0.000673 0.000000
0.000673 0.000667 0.000000
0.000707 0.000685 0.000000
0.000560 0.000300 0.000000
0.000560 0.000310 0.000000
0.000560 0.000321 0.000000
0.000563 0.000338 0.000000
0.000556 0.000331 0.000000
0.000566 0.000346 0.000000
0.000568 0.000363 0.000000
0.000557 0.000365 0.000000
0.000563 0.000375 0.000000
0.000559 0.000398 0.000000
0.000572 0.000394 0.000000
0.000564 0.000412 0.000000
0.000561 0.000419 0.000000
0.000565 0.000428 0.000000
0.000564 0.000439 0.000000
0.000566 0.000449 0.000000
0.000556 0.000466 0.000000
0.000568 0.000464 0.000000
0.000570 0.000476 0.000000
0.000566 0.000497 0.000000
0.000599 0.000520 0.000000
0.000574 0.000494 0.000000
0.000591 0.000515 0.000000
0.000621 0.000571 0.000000
0.000638 0.000602 0.000000
0.000647 0.000619 0.000000
0.000659 0.000626 0.000000
0.000655 0.000639 0.000000
0.000661 0.000662 0.000000
0.000670 0.000673 0.000000
0.000705 0.000676 0.000000
0.000570 0.000300 0.000000
0.000570 0.000310 0.000000
0.000570 0.000319 0.000000
0.000569 0.000328 0.000000
0.000572 0.000340 0.000000
0.000561 0.000356 0.000000
0.000573 0.000354 0.000000
0.000571 0.000377 0.000000
0.000578 0.000384 0.000000
0.000565 0.000385 0.000000
0.000568 0.000400 0.000000
0.000572 0.000413 0.000000
0.000582 0.000416 0.000000
0.000572 0.000432 0.000000
0.000577 0.000439 0.000000
0.000573 0.000454 0.000000
0.000580 0.000460 0.000000
0.000577 0.000469 0.000000
0.000590 0.000493 0.000000
0.000575 0.000484 0.000000
0.000580 0.000496 0.000000
0.000597 0.000530 0.000000
0.000607 0.000539 0.000000
0.000615 0.000556 0.000000
0.000642 0.000596 0.000000
0.000652 0.000599 0.000000
0.000651 0.000620 0.000000
0.000658 0.000653 0.000000
0.000671 0.000635 0.000000
0.000675 0.000659 0.000000
0.000698 0.000690 0.000000
0.000580 0.000300 0.000000
0.000580 0.000310 0.000000
0.000581 0.000322 0.000000
0.000577 0.000331 0.000000
0.000590 0.000337 0.000000
0.000583 0.000350 0.000000
0.000582 0.000364 0.000000
0.000575 0.000367 0.000000
0.000585 0.000374 0.000000
0.000583 0.000396 0.000000
0.000589 0.000402 0.000000
0.000577 0.000405 0.000000
0.000576 0.000423 0.000000
0.000585 0.000429 0.000000
0.000587 0.000439 0.000000
0.000581 0.000447 0.000000
0.000588 0.000455 0.000000
0.000583 0.000474 0.000000
0.000592 0.000471 0.000000
0.000585 0.000484 0.000000
0.000590 0.000500 0.000000
0.000600 0.000509 0.000000
0.000609 0.000523 0.000000
0.000610 0.000544 0.000000
0.000622 0.000561 0.000000
0.000656 0.000604 0.000000
0.000663 0.000633 0.000000
0.000662 0.000617 0.000000
0.000668 0.000653 0.000000
0.000682 0.000655 0.000000
0.000686 0.000663 0.000000
0.000590 0.000300 0.000000
0.000590 0.000310 0.000000
0.000590 0.000319 0.000000
0.000589 0.000329 0.000000
0.000582 0.000343 0.000000
0.000593 0.000350 0.000000
0.000589 0.000359 0.000000
0.000594 0.000368 0.000000
0.000593 0.000385 0.000000
0.000584 0.000384 0.000000
0.000595 0.000396 0.000000
0.000590 0.000411 0.000000
0.000592 0.000421 0.000000
0.000601 0.000424 0.000000
0.000593 0.000443 0.000000
0.000602 0.000444 0.000000
0.000593 0.000463 0.000000
0.000602 0.000475 0.000000
0.000595 0.000483 0.000000
0.000607 0.000493 0.000000
0.000601 0.000502 0.000000
0.000610 0.000513 0.000000
0.000609 0.000529 0.000000
0.000620 0.000544 0.000000
0.000632 0.000574 0.000000
0.000641 0.000584 0.000000
0.000672 0.000615 0.000000
0.000674 0.000646 0.000000
0.000672 0.000624 0.000000
0.000688 0.000650 0.000000
0.000699 0.000681 0.000000
0.000600 0.000300 0.000000
0.000600 0.000310 0.000000
0.000600 0.000320 0.000000
0.000601 0.000331 0.000000
0.000597 0.000341 0.000000
0.000606 0.000347 0.000000
0.000601 0.000360 0.000000
0.000599 0.000378 0.000000
0.000604 0.000374 0.000000
0.000603 0.000389 0.000000
0.000603 0.000401 0.000000
0.000600 0.000411 0.000000
0.000608 0.000417 0.000000
0.000597 0.000431 0.000000
0.000615 0.000434 0.000000
0.000598 0.000455 0.000000
0.000608 0.000455 0.000000
0.000604 0.000464 0.000000
0.000610 0.000478 0.000000
0.000603 0.000487 0.000000
0.000620 0.000501 0.000000
0.000623 0.000520 0.000000
0.000623 0.000528 0.000000
0.000621 0.000534 0.000000
0.000624 0.000554 0.000000
0.000633 0.000564 0.000000
0.000663 0.000608 0.000000
0.000680 0.000630 0.000000
0.000681 0.000640 0.000000
0.000692 0.000644 0.000000
0.000706 0.000668 0.000000
0.000610 0.000300 0.000000
0.000610 0.000310 0.000000
0.000610 0.000321 0.000000
0.000610 0.000328 0.000000
0.000610 0.000339 0.000000
0.000607 0.000355 0.000000
0.000620 0.000367 0.000000
0.000610 0.000365 0.000000
0.000611 0.000381 0.000000
0.000611 0.000399 0.000000
0.000614 0.000390 0.000000
0.000612 0.000408 0.000000
0.000615 0.000424 0.000000
0.000606 0.000435 0.000000
0.000629 0.000440 0.000000
0.000621 0.000454 0.000000
0.000614 0.000463 0.000000
0.000617 0.000472 0.000000
0.000617 0.000483 0.000000
0.000619 0.000490 0.000000
0.000611 0.000501 0.000000
0.000630 0.000516 0.000000
0.000618 0.000512 0.000000
0.000630 0.000540 0.000000
0.000636 0.000548 0.000000
0.000635 0.000556 0.000000
0.000649 0.000584 0.000000
0.000656 0.000588 0.000000
0.000690 0.000624 0.000000
0.000695 0.000643 0.000000
0.000699 0.000667 0.000000
0.000620 0.000300 0.000000
0.000620 0.000310 0.000000
0.000621 0.000319 0.000000
0.000619 0.000332 0.000000
0.000625 0.000346 0.000000
0.000618 0.000344 0.000000
0.000618 0.000355 0.000000
0.000619 0.000374 0.000000
0.000625 0.000382 0.000000
0.000623 0.000389 0.000000
0.000622 0.000401 0.000000
0.000638 0.000417 0.000000
0.000619 0.000415 0.000000
0.000623 0.000430 0.000000
0.000611 0.000447 0.000000
0.000620 0.000444 0.000000
0.000629 0.000453 0.000000
0.000624 0.000468 0.000000
0.000630 0.000477 0.000000
0.000629 0.000486 0.000000
0.000627 0.000498 0.000000
0.000633 0.000507 0.000000
0.000636 0.000536 0.000000
0.000636 0.000526 0.000000
0.000646 0.000556 0.000000
0.000642 0.000573 0.000000
0.000654 0.000574 0.000000
0.000683 0.000620 0.000000
0.000674 0.000598 0.000000
0.000703 0.000641 0.000000
0.000706 0.000659 0.000000
0.000630 0.000300 0.000000
0.000630 0.000310 0.000000
0.000630 0.000321 0.000000
0.000630 0.000329 0.000000
0.000630 0.000337 0.000000
0.000631 0.000355 0.000000
0.000636 0.000365 0.000000
0.000627 0.000362 0.000000
0.000631 0.000376 0.000000
0.000631 0.000394 0.000000
0.000640 0.000400 0.000000
0.000627 0.000409 0.000000
0.000628 0.000420 0.000000
0.000636 0.000447 0.000000
0.000633 0.000429 0.000000
0.000646 0.000444 0.000000
0.000642 0.000461 0.000000
0.000636 0.000471 0.000000
0.000637 0.000487 0.000000
0.000637 0.000498 0.000000
0.000646 0.000494 0.000000
0.000638 0.000515 0.000000
0.000645 0.000519 0.000000
0.000655 0.000540 0.000000
0.000648 0.000546 0.000000
0.000654 0.000566 0.000000
0.000645 0.000565 0.000000
0.000661 0.000593 0.000000
0.000670 0.000603 0.000000
0.000710 0.000636 0.000000
0.000710 0.000651 0.000000
0.000640 0.000300 0.000000
0.000640 0.000310 0.000000
0.000640 0.000319 0.000000
0.000641 0.000330 0.000000
0.000645 0.000346 0.000000
0.000636 0.000344 0.000000
0.000641 0.000356 0.000000
0.000641 0.000376 0.000000
0.000651 0.000385 0.000000
0.000639 0.000385 0.000000
0.000651 0.000399 0.000000
0.000634 0.000406 0.000000
0.000649 0.000424 0.000000
0.000643 0.000426 0.000000
0.000640 0.000437 0.000000
0.000631 0.000461 0.000000
0.000645 0.000454 0.000000
0.000650 0.000469 0.000000
0.000644 0.000475 0.000000
0.000648 0.000484 0.000000
0.000645 0.000504 0.000000
0.000653 0.000510 0.000000
0.000651 0.000531 0.000000
0.000644 0.000535 0.000000
0.000663 0.000536 0.000000
0.000656 0.000549 0.000000
0.000666 0.000570 0.000000
0.000673 0.000588 0.000000
0.000694 0.000629 0.000000
0.000702 0.000630 0.000000
0.000716 0.000643 0.000000
0.000650 0.000300 0.000000
0.000650 0.000310 0.000000
0.000650 0.000320 0.000000
0.000652 0.000331 0.000000
0.000647 0.000338 0.000000
0.000652 0.000350 0.000000
0.000648 0.000362 0.000000
0.000656 0.000371 0.000000
0.000646 0.000372 0.000000
0.000643 0.000392 0.000000
0.000657 0.000406 0.000000
0.000646 0.000411 0.000000
0.000655 0.000413 0.000000
0.000652 0.000433 0.000000
0.000657 0.000441 0.000000
0.000654 0.000452 0.000000
0.000655 0.000462 0.000000
0.000656 0.000477 0.000000
0.000664 0.000480 0.000000
0.000655 0.000492 0.000000
0.000657 0.000502 0.000000
0.000661 0.000515 0.000000
0.000665 0.000527 0.000000
0.000654 0.000522 0.000000
0.000659 0.000558 0.000000
0.000667 0.000560 0.000000
0.000671 0.000578 0.000000
0.000663 0.000580 0.000000
0.000681 0.000583 0.000000
0.000689 0.000614 0.000000
0.000720 0.000635 0.000000
0.000660 0.000300 0.000000
0.000660 0.000310 0.000000
0.000660 0.000320 0.000000
0.000661 0.000329 0.000000
0.000660 0.000339 0.000000
0.000661 0.000350 0.000000
0.000658 0.000360 0.000000
0.000664 0.000366 0.000000
0.000659 0.000393 0.000000
0.000670 0.000392 0.000000
0.000661 0.000385 0.000000
0.000669 0.000412 0.000000
0.000660 0.000421 0.000000
0.000665 0.000429 0.000000
0.000663 0.000439 0.000000
0.000665 0.000450 0.000000
0.000670 0.000463 0.000000
0.000662 0.000463 0.000000
0.000678 0.000477 0.000000
0.000674 0.000496 0.000000
0.000670 0.000508 0.000000
0.000665 0.000500 0.000000
0.000669 0.000518 0.000000
0.000670 0.000539 0.000000
0.000680 0.000546 0.000000
0.000668 0.000548 0.000000
0.000676 0.000565 0.000000
0.000688 0.000582 0.000000
0.000681 0.000606 0.000000
0.000692 0.000605 0.000000
0.000720 0.000628 0.000000
0.000670 0.000300 0.000000
0.000670 0.000310 0.000000
0.000670 0.000319 0.000000
0.000670 0.000331 0.000000
0.000670 0.000342 0.000000
0.000671 0.000348 0.000000
0.000671 0.000359 0.000000
0.000672 0.000372 0.000000
0.000663 0.000379 0.000000
0.000678 0.000380 0.000000
0.000666 0.000402 0.000000
0.000675 0.000404 0.000000
0.000670 0.000420 0.000000
0.000675 0.000428 0.000000
0.000673 0.000440 0.000000
0.000674 0.000450 0.000000
0.000677 0.000458 0.000000
0.000669 0.000472 0.000000
0.000675 0.000486 0.000000
0.000665 0.000488 0.000000
0.000684 0.000498 0.000000
0.000680 0.000515 0.000000
0.000685 0.000525 0.000000
0.000675 0.000527 0.000000
0.000681 0.000536 0.000000
0.000676 0.000554 0.000000
0.000687 0.000559 0.000000
0.000682 0.000570 0.000000
0.000682 0.000594 0.000000
0.000692 0.000600 0.000000
0.000717 0.000622 0.000000
0.000680 0.000300 0.000000
0.000680 0.000310 0.000000
0.000680 0.000321 0.000000
0.000680 0.000330 0.000000
0.000682 0.000339 0.000000
0.000680 0.000352 0.000000
0.000680 0.000367 0.000000
0.000683 0.000361 0.000000
0.000678 0.000387 0.000000
0.000684 0.000392 0.000000
0.000682 0.000401 0.000000
0.000682 0.000412 0.000000
0.000683 0.000422 0.000000
0.000684 0.000433 0.000000
0.000684 0.000442 0.000000
0.000687 0.000448 0.000000
0.000685 0.000462 0.000000
0.000684 0.000471 0.000000
0.000688 0.000479 0.000000
0.000686 0.000487 0.000000
0.000679 0.000505 0.000000
0.000694 0.000502 0.000000
0.000690 0.000520 0.000000
0.000690 0.000538 0.000000
0.000689 0.000548 0.000000
0.000694 0.000554 0.000000
0.000689 0.000571 0.000000
0.000698 0.000576 0.000000
0.000696 0.000588 0.000000
0.000699 0.000597 0.000000
0.000706 0.000621 0.000000
0.000690 0.000300 0.000000
0.000690 0.000310 0.000000
0.000691 0.000319 0.000000
0.000690 0.000330 0.000000
0.000689 0.000341 0.000000
0.000691 0.000350 0.000000
0.000693 0.000361 0.000000
0.000688 0.000373 0.000000
0.000698 0.000383 0.000000
0.000689 0.000383 0.000000
0.000695 0.000400 0.000000
0.000691 0.000411 0.000000
0.000699 0.000426 0.000000
0.000692 0.000422 0.000000
0.000694 0.000436 0.000000
0.000694 0.000452 0.000000
0.000694 0.000462 0.000000
0.000701 0.000466 0.000000
0.000702 0.000482 0.000000
0.000694 0.000493 0.000000
0.000700 0.000512 0.000000
0.000691 0.000511 0.000000
0.000703 0.000522 0.000000
0.000696 0.000530 0.000000
0.000703 0.000536 0.000000
0.000701 0.000544 0.000000
0.000700 0.000562 0.000000
0.000704 0.000569 0.000000
0.000711 0.000588 0.000000
0.000707 0.000597 0.000000
0.000710 0.000609 0.000000
0.000700 0.000300 0.000000
0.000700 0.000310 0.000000
0.000700 0.000321 0.000000
0.000700 0.000331 0.000000
0.000702 0.000340 0.000000
0.000700 0.000348 0.000000
0.000703 0.000359 0.000000
0.000698 0.000369 0.000000
0.000702 0.000376 0.000000
0.000698 0.000393 0.000000
0.000708 0.000400 0.000000
0.000699 0.000408 0.000000
0.000704 0.000415 0.000000
0.000703 0.000440 0.000000
0.000710 0.000436 0.000000
0.000701 0.000449 0.000000
0.000708 0.000458 0.000000
0.000697 0.000474 0.000000
0.000711 0.000479 0.000000
0.000703 0.000490 0.000000
0.000708 0.000495 0.000000
0.000706 0.000505 0.000000
0.000709 0.000514 0.000000
0.000717 0.000538 0.000000
0.000705 0.000553 0.000000
0.000717 0.000552 0.000000
0.000711 0.000567 0.000000
0.000716 0.000583 0.000000
0.000703 0.000581 0.000000
0.000715 0.000597 0.000000
0.000719 0.000611 0.000000
0.000710 0.000300 0.000000
0.000710 0.000310 0.000000
0.000711 0.000320 0.000000
0.000710 0.000329 0.000000
0.000712 0.000338 0.000000
0.000709 0.000351 0.000000
0.000712 0.000362 0.000000
0.000712 0.000371 0.000000
0.000712 0.000380 0.000000
0.000708 0.000390 0.000000
0.000718 0.000396 0.000000
0.000714 0.000415 0.000000
0.000718 0.000424 0.000000
0.000707 0.000425 0.000000
0.000720 0.000441 0.000000
0.000718 0.000453 0.000000
0.000717 0.000462 0.000000
0.000711 0.000469 0.000000
0.000721 0.000479 0.000000
0.000716 0.000498 0.000000
0.000725 0.000505 0.000000
0.000717 0.000518 0.000000
0.000728 0.000527 0.000000
0.000710 0.000530 0.000000
0.000727 0.000538 0.000000
0.000713 0.000547 0.000000
0.000717 0.000561 0.000000
0.000720 0.000570 0.000000
0.000722 0.000577 0.000000
0.000724 0.000594 0.000000
0.000726 0.000608 0.000000
0.000720 0.000300 0.000000
0.000720 0.000310 0.000000
0.000719 0.000320 0.000000
0.000721 0.000331 0.000000
0.000722 0.000342 0.000000
0.000718 0.000348 0.000000
0.000733 0.000359 0.000000
0.000723 0.000368 0.000000
0.000721 0.000381 0.000000
0.000721 0.000389 0.000000
0.000714 0.000406 0.000000
0.000725 0.000406 0.000000
0.000725 0.000415 0.000000
0.000720 0.000433 0.000000
0.000729 0.000443 0.000000
0.000711 0.000448 0.000000
0.000728 0.000457 0.000000
0.000724 0.000471 0.000000
0.000729 0.000486 0.000000
0.000718 0.000487 0.000000
0.000729 0.000493 0.000000
0.000720 0.000507 0.000000
0.000727 0.000515 0.000000
0.000719 0.000528 0.000000
0.000726 0.000548 0.000000
0.000732 0.000554 0.000000
0.000730 0.000564 0.000000
0.000732 0.000576 0.000000
0.000731 0.000585 0.000000
0.000730 0.000594 0.000000
0.000735 0.000606 0.000000
0.000730 0.000300 0.000000
0.000730 0.000310 0.000000
0.000730 0.000321 0.000000
0.000731 0.000328 0.000000
0.000731 0.000340 0.000000
0.000728 0.000352 0.000000
0.000720 0.000359 0.000000
0.000731 0.000371 0.000000
0.000732 0.000379 0.000000
0.000732 0.000390 0.000000
0.000731 0.000400 0.000000
0.000736 0.000409 0.000000
0.000728 0.000425 0.000000
0.000737 0.000428 0.000000
0.000734 0.000436 0.000000
0.000733 0.000451 0.000000
0.000732 0.000466 0.000000
0.000739 0.000467 0.000000
0.000734 0.000477 0.000000
0.000745 0.000493 0.000000
0.000738 0.000507 0.000000
0.000741 0.000514 0.000000
0.000733 0.000523 0.000000
0.000742 0.000530 0.000000
0.000736 0.000542 0.000000
0.000740 0.000541 0.000000
0.000738 0.000560 0.000000
0.000739 0.000570 0.000000
0.000744 0.000584 0.000000
0.000740 0.000593 0.000000
0.000743 0.000605 0.000000
0.000740 0.000300 0.000000
0.000740 0.000310 0.000000
0.000741 0.000319 0.000000
0.000739 0.000332 0.000000
0.000742 0.000341 0.000000
0.000740 0.000349 0.000000
0.000743 0.000358 0.000000
0.000740 0.000368 0.000000
0.000741 0.000381 0.000000
0.000744 0.000390 0.000000
0.000742 0.000398 0.000000
0.000736 0.000418 0.000000
0.000745 0.000412 0.000000
0.000747 0.000428 0.000000
0.000742 0.000443 0.000000
0.000748 0.000450 0.000000
0.000742 0.000456 0.000000
0.000746 0.000472 0.000000
0.000741 0.000486 0.000000
0.000747 0.000482 0.000000
0.000735 0.000499 0.000000
0.000749 0.000502 0.000000
0.000744 0.000519 0.000000
0.000750 0.000534 0.000000
0.000748 0.000548 0.000000
0.000747 0.000558 0.000000
0.000752 0.000563 0.000000
0.000757 0.000583 0.000000
0.000744 0.000577 0.000000
0.000750 0.000593 0.000000
0.000751 0.000604 0.000000
0.000750 0.000300 0.000000
0.000750 0.000310 0.000000
0.000750 0.000321 0.000000
0.000750 0.000329 0.000000
0.000751 0.000338 0.000000
0.000749 0.000352 0.000000
0.000748 0.000371 0.000000
0.000755 0.000363 0.000000
0.000753 0.000377 0.000000
0.000752 0.000389 0.000000
0.000749 0.000405 0.000000
0.000760 0.000407 0.000000
0.000750 0.000420 0.000000
0.000750 0.000438 0.000000
0.000756 0.000432 0.000000
0.000755 0.000451 0.000000
0.000754 0.000470 0.000000
0.000754 0.000461 0.000000
0.000757 0.000481 0.000000
0.000756 0.000496 0.000000
0.000756 0.000506 0.000000
0.000756 0.000514 0.000000
0.000762 0.000525 0.000000
0.000754 0.000526 0.000000
0.000757 0.000539 0.000000
0.000758 0.000548 0.000000
0.000760 0.000553 0.000000
0.000753 0.000571 0.000000
0.000759 0.000575 0.000000
0.000760 0.000593 0.000000
0.000760 0.000604 0.000000
0.000760 0.000300 0.000000
0.000760 0.000310 0.000000
0.000760 0.000319 0.000000
0.000761 0.000330 0.000000
0.000759 0.000342 0.000000
0.000766 0.000355 0.000000
0.000758 0.000353 0.000000
0.000760 0.000370 0.000000
0.000760 0.000384 0.000000
0.000766 0.000391 0.000000
0.000758 0.000398 0.000000
0.000760 0.000413 0.000000
0.000761 0.000421 0.000000
0.000766 0.000432 0.000000
0.000762 0.000441 0.000000
0.000764 0.000452 0.000000
0.000770 0.000464 0.000000
0.000763 0.000469 0.000000
0.000768 0.000486 0.000000
0.000761 0.000489 0.000000
0.000768 0.000496 0.000000
0.000768 0.000507 0.000000
0.000765 0.000517 0.000000
0.000767 0.000533 0.000000
0.000771 0.000542 0.000000
0.000765 0.000561 0.000000
0.000774 0.000562 0.000000
0.000768 0.000571 0.000000
0.000769 0.000583 0.000000
0.000768 0.000592 0.000000
0.000770 0.000603 0.000000
0.000770 0.000300 0.000000
0.000771 0.000310 0.000000
0.000770 0.000320 0.000000
0.000772 0.000331 0.000000
0.000769 0.000339 0.000000
0.000771 0.000347 0.000000
0.000769 0.000364 0.000000
0.000778 0.000373 0.000000
0.000769 0.000376 0.000000
0.000773 0.000389 0.000000
0.000770 0.000400 0.000000
0.000775 0.000410 0.000000
0.000772 0.000417 0.000000
0.000772 0.000428 0.000000
0.000772 0.000441 0.000000
0.000778 0.000449 0.000000
0.000771 0.000455 0.000000
0.000778 0.000475 0.000000
0.000770 0.000476 0.000000
0.000778 0.000488 0.000000
0.000774 0.000507 0.000000
0.000779 0.000514 0.000000
0.000774 0.000523 0.000000
0.000779 0.000529 0.000000
0.000773 0.000543 0.000000
0.000786 0.000550 0.000000
0.000774 0.000553 0.000000
0.000777 0.000573 0.000000
0.000778 0.000583 0.000000
0.000779 0.000592 0.000000
0.000779 0.000603 0.000000
0.000780 0.000300 0.000000
0.000780 0.000310 0.000000
0.000780 0.000321 0.000000
0.000780 0.000329 0.000000
0.000780 0.000341 0.000000
0.000785 0.000354 0.000000
0.000776 0.000356 0.000000
0.000782 0.000365 0.000000
0.000779 0.000381 0.000000
0.000785 0.000391 0.000000
0.000780 0.000400 0.000000
0.000783 0.000410 0.000000
0.000780 0.000422 0.000000
0.000786 0.000432 0.000000
0.000782 0.000438 0.000000
0.000786 0.000449 0.000000
0.000780 0.000462 0.000000
0.000787 0.000466 0.000000
0.000785 0.000479 0.000000
0.000786 0.000495 0.000000
0.000781 0.000500 0.000000
0.000794 0.000515 0.000000
0.000787 0.000520 0.000000
0.000786 0.000541 0.000000
0.000785 0.000531 0.000000
0.000783 0.000563 0.000000
0.000789 0.000556 0.000000
0.000791 0.000569 0.000000
0.000787 0.000579 0.000000
0.000788 0.000592 0.000000
0.000788 0.000603 0.000000
0.000790 0.000300 0.000000
0.000790 0.000310 0.000000
0.000791 0.000319 0.000000
0.000789 0.000331 0.000000
0.000793 0.000339 0.000000
0.000788 0.000348 0.000000
0.000791 0.000361 0.000000
0.000788 0.000377 0.000000
0.000797 0.000374 0.000000
0.000791 0.000387 0.000000
0.000791 0.000400 0.000000
0.000795 0.000413 0.000000
0.000791 0.000419 0.000000
0.000794 0.000427 0.000000
0.000792 0.000439 0.000000
0.000791 0.000458 0.000000
0.000798 0.000452 0.000000
0.000794 0.000472 0.000000
0.000790 0.000485 0.000000
0.000800 0.000485 0.000000
0.000796 0.000496 0.000000
0.000790 0.000506 0.000000
0.000798 0.000522 0.000000
0.000798 0.000530 0.000000
0.000796 0.000538 0.000000
0.000798 0.000546 0.000000
0.000798 0.000561 0.000000
0.000794 0.000576 0.000000
0.000801 0.000584 0.000000
0.000797 0.000592 0.000000
0.000798 0.000602 0.000000
0.000800 0.000300 0.000000
0.000800 0.000310 0.000000
0.000799 0.000322 0.000000
0.000801 0.000329 0.000000
0.000801 0.000341 0.000000
0.000800 0.000351 0.000000
0.000805 0.000359 0.000000
0.000797 0.000367 0.000000
0.000801 0.000383 0.000000
0.000799 0.000395 0.000000
0.000809 0.000404 0.000000
0.000799 0.000405 0.000000
0.000803 0.000420 0.000000
0.000801 0.000440 0.000000
0.000805 0.000431 0.000000
0.000805 0.000449 0.000000
0.000800 0.000463 0.000000
0.000809 0.000473 0.000000
0.000803 0.000476 0.000000
0.000804 0.000494 0.000000
0.000800 0.000505 0.000000
0.000813 0.000507 0.000000
0.000807 0.000512 0.000000
0.000809 0.000528 0.000000
0.000808 0.000545 0.000000
0.000806 0.000555 0.000000
0.000805 0.000566 0.000000
0.000812 0.000566 0.000000
0.000805 0.000578 0.000000
0.000808 0.000592 0.000000
0.000808 0.000602 0.000000
0.000810 0.000300 0.000000
0.000810 0.000310 0.000000
0.000811 0.000319 0.000000
0.000810 0.000329 0.000000
0.000808 0.000342 0.000000
0.000814 0.000348 0.000000
0.000809 0.000361 0.000000
0.000809 0.000372 0.000000
0.000816 0.000386 0.000000
0.000809 0.000384 0.000000
0.000811 0.000395 0.000000
0.000810 0.000414 0.000000
0.000817 0.000420 0.000000
0.000812 0.000429 0.000000
0.000812 0.000441 0.000000
0.000815 0.000454 0.000000
0.000810 0.000459 0.000000
0.000817 0.000466 0.000000
0.000812 0.000484 0.000000
0.000820 0.000491 0.000000
0.000812 0.000496 0.000000
0.000812 0.000519 0.000000
0.000809 0.000535 0.000000
0.000822 0.000518 0.000000
0.000821 0.000538 0.000000
0.000815 0.000548 0.000000
0.000818 0.000557 0.000000
0.000814 0.000577 0.000000
0.000821 0.000584 0.000000
0.000816 0.000592 0.000000
0.000817 0.000602 0.000000
0.000820 0.000300 0.000000
0.000820 0.000310 0.000000
0.000819 0.000321 0.000000
0.000821 0.000332 0.000000
0.000820 0.000339 0.000000
0.000820 0.000352 0.000000
0.000820 0.000362 0.000000
0.000824 0.000372 0.000000
0.000819 0.000375 0.000000
0.000822 0.000395 0.000000
0.000826 0.000406 0.000000
0.000818 0.000405 0.000000
0.000824 0.000418 0.000000
0.000820 0.000433 0.000000
0.000827 0.000443 0.000000
0.000822 0.000447 0.000000
0.000825 0.000460 0.000000
0.000819 0.000475 0.000000
0.000827 0.000478 0.000000
0.000826 0.000487 0.000000
0.000822 0.000501 0.000000
0.000824 0.000510 0.000000
0.000830 0.000528 0.000000
0.000820 0.000529 0.000000
0.000826 0.000544 0.000000
0.000829 0.000556 0.000000
0.000826 0.000566 0.000000
0.000826 0.000569 0.000000
0.000825 0.000578 0.000000
0.000828 0.000592 0.000000
0.000827 0.000602 0.000000
0.000830 0.000300 0.000000
0.000830 0.000310 0.000000
0.000830 0.000320 0.000000
0.000831 0.000329 0.000000
0.000830 0.000340 0.000000
0.000832 0.000350 0.000000
0.000829 0.000358 0.000000
0.000832 0.000369 0.000000
0.000829 0.000382 0.000000
0.000835 0.000395 0.000000
0.000829 0.000391 0.000000
0.000834 0.000410 0.000000
0.000830 0.000424 0.000000
0.000838 0.000435 0.000000
0.000831 0.000432 0.000000
0.000833 0.000451 0.000000
0.000835 0.000462 0.000000
0.000831 0.000469 0.000000
0.000838 0.000478 0.000000
0.000836 0.000502 0.000000
0.000834 0.000492 0.000000
0.000833 0.000508 0.000000
0.000833 0.000518 0.000000
0.000837 0.000538 0.000000
0.000837 0.000528 0.000000
0.000832 0.000547 0.000000
0.000838 0.000557 0.000000
0.000839 0.000572 0.000000
0.000840 0.000584 0.000000
0.000835 0.000592 0.000000
0.000837 0.000602 0.000000
0.000840 0.000300 0.000000
0.000840 0.000310 0.000000
0.000840 0.000320 0.000000
0.000839 0.000332 0.000000
0.000842 0.000340 0.000000
0.000839 0.000351 0.000000
0.000841 0.000360 0.000000
0.000841 0.000370 0.000000
0.000840 0.000381 0.000000
0.000843 0.000386 0.000000
0.000839 0.000402 0.000000
0.000848 0.000414 0.000000
0.000839 0.000416 0.000000
0.000844 0.000425 0.000000
0.000842 0.000443 0.000000
0.000848 0.000451 0.000000
0.000841 0.000457 0.000000
0.000845 0.000470 0.000000
0.000841 0.000485 0.000000
0.000847 0.000489 0.000000
0.000844 0.000500 0.000000
0.000853 0.000512 0.000000
0.000844 0.000526 0.000000
0.000854 0.000528 0.000000
0.000846 0.000547 0.000000
0.000847 0.000554 0.000000
0.000842 0.000566 0.000000
0.000853 0.000575 0.000000
0.000840 0.000580 0.000000
0.000848 0.000592 0.000000
0.000847 0.000602 0.000000
0.000850 0.000300 0.000000
0.000850 0.000310 0.000000
0.000850 0.000320 0.000000
0.000851 0.000329 0.000000
0.000850 0.000339 0.000000
0.000850 0.000350 0.000000
0.000852 0.000360 0.000000
0.000850 0.000370 0.000000
0.000852 0.000379 0.000000
0.000849 0.000393 0.000000
0.000856 0.000402 0.000000
0.000849 0.000404 0.000000
0.000852 0.000424 0.000000
0.000857 0.000435 0.000000
0.000848 0.000436 0.000000
0.000854 0.000448 0.000000
0.000851 0.000465 0.000000
0.000858 0.000471 0.000000
0.000851 0.000477 0.000000
0.000858 0.000491 0.000000
0.000847 0.000508 0.000000
0.000861 0.000504 0.000000
0.000848 0.000518 0.000000
0.000854 0.000539 0.000000
0.000848 0.000540 0.000000
0.000862 0.000546 0.000000
0.000859 0.000564 0.000000
0.000852 0.000565 0.000000
0.000856 0.000583 0.000000
0.000855 0.000592 0.000000
0.000856 0.000602 0.000000
0.000860 0.000300 0.000000
0.000860 0.000310 0.000000
0.000860 0.000320 0.000000
0.000861 0.000331 0.000000
0.000859 0.000341 0.000000
0.000863 0.000350 0.000000
0.000859 0.000360 0.000000
0.000861 0.000371 0.000000
0.000863 0.000382 0.000000
0.000858 0.000388 0.000000
0.000863 0.000398 0.000000
0.000858 0.000414 0.000000
0.000866 0.000416 0.000000
0.000861 0.000425 0.000000
0.000864 0.000441 0.000000
0.000866 0.000457 0.000000
0.000859 0.000456 0.000000
0.000867 0.000467 0.000000
0.000861 0.000481 0.000000
0.000868 0.000496 0.000000
0.000857 0.000495 0.000000
0.000865 0.000514 0.000000
0.000865 0.000530 0.000000
0.000862 0.000522 0.000000
0.000868 0.000536 0.000000
0.000861 0.000553 0.000000
0.000867 0.000562 0.000000
0.000866 0.000575 0.000000
0.000866 0.000581 0.000000
0.000867 0.000592 0.000000
0.000866 0.000602 0.000000
0.000870 0.000300 0.000000
0.000870 0.000310 0.000000
0.000870 0.000320 0.000000
0.000871 0.000330 0.000000
0.000870 0.000339 0.000000
0.000871 0.000349 0.000000
0.000869 0.000361 0.000000
0.000873 0.000369 0.000000
0.000870 0.000380 0.000000
0.000873 0.000391 0.000000
0.000870 0.000402 0.000000
0.000872 0.000410 0.000000
0.000874 0.000424 0.000000
0.000868 0.000435 0.000000
0.000877 0.000436 0.000000
0.000871 0.000448 0.000000
0.000874 0.000459 0.000000
0.000870 0.000480 0.000000
0.000876 0.000473 0.000000
0.000873 0.000487 0.000000
0.000877 0.000501 0.000000
0.000871 0.000511 0.000000
0.000877 0.000519 0.000000
0.000875 0.000528 0.000000
0.000873 0.000545 0.000000
0.000872 0.000555 0.000000
0.000882 0.000556 0.000000
0.000875 0.000570 0.000000
0.000878 0.000579 0.000000
0.000875 0.000592 0.000000
0.000876 0.000602 0.000000
0.000880 0.000300 0.000000
0.000880 0.000310 0.000000
0.000880 0.000320 0.000000
0.000880 0.000330 0.000000
0.000880 0.000341 0.000000
0.000881 0.000351 0.000000
0.000881 0.000359 0.000000
0.000880 0.000370 0.000000
0.000880 0.000381 0.000000
0.000883 0.000391 0.000000
0.000880 0.000399 0.000000
0.000885 0.000409 0.000000
0.000879 0.000419 0.000000
0.000884 0.000428 0.000000
0.000881 0.000445 0.000000
0.000885 0.000451 0.000000
0.000883 0.000462 0.000000
0.000884 0.000471 0.000000
0.000884 0.000483 0.000000
0.000881 0.000493 0.000000
0.000886 0.000501 0.000000
0.000882 0.000511 0.000000
0.000886 0.000520 0.000000
0.000882 0.000536 0.000000
0.000891 0.000539 0.000000
0.000884 0.000546 0.000000
0.000881 0.000565 0.000000
0.000896 0.000570 0.000000
0.000883 0.000584 0.000000
0.000887 0.000592 0.000000
0.000886 0.000602 0.000000
0.000890 0.000300 0.000000
0.000890 0.000310 0.000000
0.000890 0.000320 0.000000
0.000890 0.000330 0.000000
0.000891 0.000339 0.000000
0.000890 0.000349 0.000000
0.000891 0.000360 0.000000
0.000890 0.000371 0.000000
0.000892 0.000379 0.000000
0.000890 0.000388 0.000000
0.000892 0.000401 0.000000
0.000891 0.000413 0.000000
0.000892 0.000421 0.000000
0.000894 0.000431 0.000000
0.000890 0.000440 0.000000
0.000895 0.000448 0.000000
0.000892 0.000460 0.000000
0.000894 0.000470 0.000000
0.000892 0.000481 0.000000
0.000895 0.000488 0.000000
0.000894 0.000500 0.000000
0.000894 0.000513 0.000000
0.000897 0.000524 0.000000
0.000890 0.000529 0.000000
0.000902 0.000540 0.000000
0.000899 0.000549 0.000000
0.000896 0.000561 0.000000
0.000888 0.000570 0.000000
0.000892 0.000581 0.000000
0.000896 0.000591 0.000000
0.000896 0.000602 0.000000
0.000900 0.000300 0.000000
0.000900 0.000310 0.000000
0.000900 0.000320 0.000000
0.000901 0.000329 0.000000
0.000900 0.000341 0.000000
0.000900 0.000351 0.000000
0.000902 0.000361 0.000000
0.000900 0.000369 0.000000
0.000901 0.000380 0.000000
0.000900 0.000391 0.000000
0.000903 0.000400 0.000000
0.000900 0.000408 0.000000
0.000903 0.000419 0.000000
0.000901 0.000431 0.000000
0.000904 0.000440 0.000000
0.000902 0.000453 0.000000
0.000904 0.000460 0.000000
0.000903 0.000472 0.000000
0.000904 0.000481 0.000000
0.000903 0.000493 0.000000
0.000909 0.000509 0.000000
0.000900 0.000505 0.000000
0.000903 0.000518 0.000000
0.000904 0.000532 0.000000
0.000891 0.000552 0.000000
0.000911 0.000549 0.000000
0.000910 0.000565 0.000000
0.000902 0.000575 0.000000
0.000907 0.000582 0.000000
0.000905 0.000591 0.000000
0.000905 0.000602 0.000000
0.000910 0.000300 0.000000
0.000910 0.000310 0.000000
0.000910 0.000320 0.000000
0.000910 0.000331 0.000000
0.000910 0.000340 0.000000
0.000911 0.000349 0.000000
0.000911 0.000359 0.000000
0.000910 0.000371 0.000000
0.000912 0.000381 0.000000
0.000910 0.000389 0.000000
0.000912 0.000400 0.000000
0.000910 0.000412 0.000000
0.000914 0.000422 0.000000
0.000911 0.000429 0.000000
0.000914 0.000442 0.000000
0.000910 0.000449 0.000000
0.000915 0.000458 0.000000
0.000911 0.000470 0.000000
0.000914 0.000481 0.000000
0.000915 0.000490 0.000000
0.000911 0.000497 0.000000
0.000917 0.000513 0.000000
0.000912 0.000524 0.000000
0.000918 0.000528 0.000000
0.000911 0.000539 0.000000
0.000919 0.000556 0.000000
0.000905 0.000558 0.000000
0.000916 0.000568 0.000000
0.000914 0.000580 0.000000
0.000915 0.000592 0.000000
0.000915 0.000602 0.000000
0.000920 0.000300 0.000000
0.000920 0.000310 0.000000
0.000920 0.000320 0.000000
0.000920 0.000329 0.000000
0.000920 0.000340 0.000000
0.000920 0.000351 0.000000
0.000920 0.000361 0.000000
0.000922 0.000370 0.000000
0.000920 0.000379 0.000000
0.000921 0.000391 0.000000
0.000922 0.000402 0.000000
0.000921 0.000408 0.000000
0.000922 0.000418 0.000000
0.000921 0.000431 0.000000
0.000923 0.000441 0.000000
0.000923 0.000450 0.000000
0.000925 0.000463 0.000000
0.000920 0.000471 0.000000
0.000925 0.000479 0.000000
0.000929 0.000497 0.000000
0.000928 0.000509 0.000000
0.000918 0.000504 0.000000
0.000925 0.000520 0.000000
0.000923 0.000535 0.000000
0.000928 0.000545 0.000000
0.000921 0.000546 0.000000
0.000925 0.000562 0.000000
0.000925 0.000574 0.000000
0.000925 0.000582 0.000000
0.000925 0.000591 0.000000
0.000925 0.000601 0.000000
0.000930 0.000300 0.000000
0.000931 0.000310 0.000000
0.000930 0.000319 0.000000
0.000930 0.000331 0.000000
0.000930 0.000340 0.000000
0.000931 0.000350 0.000000
0.000930 0.000359 0.000000
0.000931 0.000369 0.000000
0.000930 0.000381 0.000000
0.000933 0.000391 0.000000
0.000931 0.000398 0.000000
0.000932 0.000412 0.000000
0.000931 0.000422 0.000000
0.000933 0.000429 0.000000
0.000931 0.000438 0.000000
0.000933 0.000451 0.000000
0.000930 0.000459 0.000000
0.000937 0.000468 0.000000
0.000935 0.000483 0.000000
0.000936 0.000495 0.000000
0.000924 0.000489 0.000000
0.000934 0.000510 0.000000
0.000940 0.000526 0.000000
0.000930 0.000527 0.000000
0.000934 0.000537 0.000000
0.000933 0.000551 0.000000
0.000935 0.000560 0.000000
0.000933 0.000570 0.000000
0.000936 0.000578 0.000000
0.000934 0.000591 0.000000
0.000935 0.000601 0.000000
0.000940 0.000300 0.000000
0.000940 0.000310 0.000000
0.000939 0.000322 0.000000
0.000943 0.000328 0.000000
0.000940 0.000339 0.000000
0.000940 0.000350 0.000000
0.000940 0.000361 0.000000
0.000942 0.000372 0.000000
0.000940 0.000378 0.000000
0.000941 0.000389 0.000000
0.000940 0.000402 0.000000
0.000945 0.000410 0.000000
0.000941 0.000418 0.000000
0.000943 0.000431 0.000000
0.000942 0.000442 0.000000
0.000943 0.000451 0.000000
0.000943 0.000461 0.000000
0.000946 0.000473 0.000000
0.000936 0.000478 0.000000
0.000946 0.000488 0.000000
0.000941 0.000502 0.000000
0.000950 0.000508 0.000000
0.000940 0.000517 0.000000
0.000943 0.000533 0.000000
0.000946 0.000544 0.000000
0.000944 0.000551 0.000000
0.000944 0.000561 0.000000
0.000947 0.000574 0.000000
0.000943 0.000583 0.000000
0.000945 0.000591 0.000000
0.000945 0.000601 0.000000
0.000950 0.000300 0.000000
0.000950 0.000310 0.000000
0.000951 0.000318 0.000000
0.000949 0.000331 0.000000
0.000949 0.000342 0.000000
0.000953 0.000350 0.000000
0.000949 0.000358 0.000000
0.000951 0.000368 0.000000
0.000949 0.000382 0.000000
0.000954 0.000391 0.000000
0.000950 0.000397 0.000000
0.000952 0.000411 0.000000
0.000950 0.000423 0.000000
0.000957 0.000429 0.000000
0.000949 0.000439 0.000000
0.000955 0.000448 0.000000
0.000949 0.000459 0.000000
0.000955 0.000470 0.000000
0.000951 0.000482 0.000000
0.000956 0.000493 0.000000
0.000949 0.000498 0.000000
0.000950 0.000517 0.000000
0.000953 0.000521 0.000000
0.000959 0.000527 0.000000
0.000952 0.000537 0.000000
0.000954 0.000549 0.000000
0.000956 0.000562 0.000000
0.000951 0.000569 0.000000
0.000956 0.000577 0.000000
0.000954 0.000591 0.000000
0.000955 0.000601 0.000000
0.000960 0.000300 0.000000
0.000960 0.000310 0.000000
0.000959 0.000322 0.000000
0.000961 0.000329 0.000000
0.000961 0.000338 0.000000
0.000960 0.000349 0.000000
0.000960 0.000362 0.000000
0.000963 0.000372 0.000000
0.000959 0.000378 0.000000
0.000961 0.000389 0.000000
0.000959 0.000402 0.000000
0.000965 0.000409 0.000000
0.000960 0.000418 0.000000
0.000961 0.000430 0.000000
0.000961 0.000443 0.000000
0.000965 0.000452 0.000000
0.000960 0.000460 0.000000
0.000964 0.000469 0.000000
0.000960 0.000481 0.000000
0.000966 0.000489 0.000000
0.000961 0.000503 0.000000
0.000967 0.000517 0.000000
0.000963 0.000510 0.000000
0.000960 0.000536 0.000000
0.000968 0.000543 0.000000
0.000963 0.000551 0.000000
0.000963 0.000560 0.000000
0.000968 0.000575 0.000000
0.000962 0.000583 0.000000
0.000965 0.000591 0.000000
0.000965 0.000601 0.000000
0.000970 0.000300 0.000000
0.000970 0.000310 0.000000
0.000970 0.000318 0.000000
0.000970 0.000330 0.000000
0.000969 0.000343 0.000000
0.000974 0.000351 0.000000
0.000969 0.000358 0.000000
0.000971 0.000367 0.000000
0.000969 0.000382 0.000000
0.000974 0.000390 0.000000
0.000969 0.000399 0.000000
0.000971 0.000410 0.000000
0.000970 0.000422 0.000000
0.000976 0.000430 0.000000
0.000970 0.000438 0.000000
0.000972 0.000447 0.000000
0.000972 0.000462 0.000000
0.000975 0.000472 0.000000
0.000970 0.000479 0.000000
0.000974 0.000490 0.000000
0.000969 0.000501 0.000000
0.000977 0.000507 0.000000
0.000971 0.000526 0.000000
0.000985 0.000525 0.000000
0.000971 0.000533 0.000000
0.000974 0.000551 0.000000
0.000976 0.000561 0.000000
0.000970 0.000568 0.000000
0.000975 0.000577 0.000000
0.000974 0.000591 0.000000
0.000974 0.000601 0.000000
0.000980 0.000300 0.000000
0.000980 0.000310 0.000000
0.000979 0.000321 0.000000
0.000982 0.000331 0.000000
0.000979 0.000338 0.000000
0.000982 0.000348 0.000000
0.000979 0.000365 0.000000
0.000985 0.000370 0.000000
0.000978 0.000378 0.000000
0.000981 0.000389 0.000000
0.000980 0.000401 0.000000
0.000984 0.000409 0.000000
0.000980 0.000419 0.000000
0.000981 0.000430 0.000000
0.000981 0.000445 0.000000
0.000988 0.000454 0.000000
0.000979 0.000456 0.000000
0.000983 0.000468 0.000000
0.000983 0.000482 0.000000
0.000984 0.000492 0.000000
0.000981 0.000499 0.000000
0.000985 0.000514 0.000000
0.000976 0.000518 0.000000
0.000979 0.000537 0.000000
0.000988 0.000542 0.000000
0.000982 0.000549 0.000000
0.000983 0.000562 0.000000
0.000989 0.000575 0.000000
0.000982 0.000582 0.000000
0.000985 0.000591 0.000000
0.000984 0.000601 0.000000
0.000990 0.000300 0.000000
0.000990 0.000310 0.000000
0.000990 0.000319 0.000000
0.000990 0.000329 0.000000
0.000990 0.000341 0.000000
0.000994 0.000354 0.000000
0.000985 0.000357 0.000000
0.000996 0.000367 0.000000
0.000989 0.000382 0.000000
0.000994 0.000390 0.000000
0.000989 0.000399 0.000000
0.000992 0.000411 0.000000
0.000990 0.000420 0.000000
0.000999 0.000435 0.000000
0.000989 0.000434 0.000000
0.000990 0.000445 0.000000
0.000990 0.000464 0.000000
0.000999 0.000474 0.000000
0.000989 0.000476 0.000000
0.000994 0.000489 0.000000
0.000992 0.000501 0.000000
0.000994 0.000510 0.000000
0.000994 0.000520 0.000000
0.000989 0.000532 0.000000
0.000997 0.000533 0.000000
0.000993 0.000552 0.000000
0.000997 0.000558 0.000000
0.000989 0.000566 0.000000
0.000994 0.000577 0.000000
0.000994 0.000590 0.000000
0.000994 0.000601 0.000000
0.001000 0.000300 0.000000
0.001000 0.000310 0.000000
0.001000 0.000321 0.000000
0.001000 0.000331 0.000000
0.001001 0.000339 0.000000
0.000999 0.000347 0.000000
0.001000 0.000360 0.000000
0.000995 0.000378 0.000000
0.001003 0.000374 0.000000
0.001004 0.000387 0.000000
0.000999 0.000399 0.000000
0.001004 0.000411 0.000000
0.001001 0.000419 0.000000
0.000999 0.000427 0.000000
0.000999 0.000445 0.000000
0.001008 0.000453 0.000000
0.000999 0.000457 0.000000
0.001002 0.000465 0.000000
0.000999 0.000483 0.000000
0.001008 0.000492 0.000000
0.001000 0.000498 0.000000
0.001004 0.000509 0.000000
0.001002 0.000522 0.000000
0.001008 0.000533 0.000000
0.000999 0.000544 0.000000
0.001007 0.000548 0.000000
0.001003 0.000564 0.000000
0.001004 0.000573 0.000000
0.001004 0.000583 0.000000
0.001004 0.000591 0.000000
0.001004 0.000601 0.000000
0.001010 0.000300 0.000000
0.001010 0.000310 0.000000
0.001010 0.000319 0.000000
0.001011 0.000328 0.000000
0.001010 0.000341 0.000000
0.001011 0.000352 0.000000
0.001011 0.000360 0.000000
0.001011 0.000369 0.000000
0.001011 0.000382 0.000000
0.001005 0.000398 0.000000
0.001014 0.000395 0.000000
0.001014 0.000407 0.000000
0.001012 0.000420 0.000000
0.001016 0.000436 0.000000
0.001008 0.000434 0.000000
0.001011 0.000446 0.000000
0.001010 0.000464 0.000000
0.001017 0.000472 0.000000
0.001009 0.000478 0.000000
0.001012 0.000486 0.000000
0.001011 0.000503 0.000000
0.001018 0.000513 0.000000
0.001010 0.000517 0.000000
0.001012 0.000527 0.000000
0.001010 0.000540 0.000000
0.001016 0.000554 0.000000
0.001009 0.000557 0.000000
0.001018 0.000567 0.000000
0.001012 0.000577 0.000000
0.001014 0.000590 0.000000
0.001014 0.000601 0.000000
0.001020 0.000300 0.000000
0.001020 0.000310 0.000000
0.001021 0.000322 0.000000
0.001020 0.000331 0.000000
0.001020 0.000340 0.000000
0.001021 0.000347 0.000000
0.001019 0.000359 0.000000
0.001022 0.000371 0.000000
0.001018 0.000381 0.000000
0.001023 0.000388 0.000000
0.001022 0.000400 0.000000
0.001016 0.000417 0.000000
0.001025 0.000415 0.000000
0.001020 0.000427 0.000000
0.001022 0.000442 0.000000
0.001025 0.000453 0.000000
0.001017 0.000456 0.000000
0.001024 0.000467 0.000000
0.001021 0.000484 0.000000
0.001027 0.000493 0.000000
0.001019 0.000497 0.000000
0.001023 0.000506 0.000000
0.001025 0.000525 0.000000
0.001023 0.000532 0.000000
0.001023 0.000539 0.000000
0.001022 0.000548 0.000000
0.001024 0.000562 0.000000
0.001020 0.000576 0.000000
0.001027 0.000583 0.000000
0.001023 0.000590 0.000000
0.001024 0.000601 0.000000
0.001030 0.000300 0.000000
0.001030 0.000310 0.000000
0.001030 0.000318 0.000000
0.001030 0.000329 0.000000
0.001031 0.000340 0.000000
0.001030 0.000352 0.000000
0.001031 0.000362 0.000000
0.001030 0.000369 0.000000
0.001031 0.000379 0.000000
0.001032 0.000391 0.000000
0.001028 0.000402 0.000000
0.001033 0.000408 0.000000
0.001032 0.000422 0.000000
0.001029 0.000431 0.000000
0.001033 0.000438 0.000000
0.001031 0.000449 0.000000
0.001032 0.000461 0.000000
0.001036 0.000475 0.000000
0.001027 0.000476 0.000000
0.001034 0.000485 0.000000
0.001034 0.000502 0.000000
0.001036 0.000515 0.000000
0.001027 0.000516 0.000000
0.001035 0.000526 0.000000
0.001032 0.000543 0.000000
0.001034 0.000551 0.000000
0.001032 0.000559 0.000000
0.001036 0.000570 0.000000
0.001030 0.000575 0.000000
0.001034 0.000591 0.000000
0.001034 0.000601 0.000000
0.001040 0.000300 0.000000
0.001040 0.000310 0.000000
0.001040 0.000322 0.000000
0.001040 0.000330 0.000000
0.001040 0.000340 0.000000
0.001040 0.000349 0.000000
0.001042 0.000357 0.000000
0.001040 0.000370 0.000000
0.001042 0.000382 0.000000
0.001039 0.000389 0.000000
0.001043 0.000397 0.000000
0.001041 0.000410 0.000000
0.001039 0.000421 0.000000
0.001044 0.000429 0.000000
0.001041 0.000440 0.000000
0.001041 0.000451 0.000000
0.001043 0.000461 0.000000
0.001041 0.000467 0.000000
0.001043 0.000482 0.000000
0.001036 0.000495 0.000000
0.001046 0.000495 0.000000
0.001043 0.000507 0.000000
0.001044 0.000521 0.000000
0.001040 0.000534 0.000000
0.001044 0.000538 0.000000
0.001045 0.000548 0.000000
0.001043 0.000560 0.000000
0.001044 0.000574 0.000000
0.001042 0.000582 0.000000
0.001044 0.000590 0.000000
0.001043 0.000601 0.000000
0.001050 0.000300 0.000000
0.001050 0.000310 0.000000
0.001050 0.000319 0.000000
0.001050 0.000329 0.000000
0.001050 0.000340 0.000000
0.001051 0.000351 0.000000
0.001049 0.000363 0.000000
0.001052 0.000370 0.000000
0.001050 0.000378 0.000000
0.001052 0.000389 0.000000
0.001049 0.000404 0.000000
0.001052 0.000409 0.000000
0.001052 0.000419 0.000000
0.001051 0.000428 0.000000
0.001051 0.000444 0.000000
0.001053 0.000446 0.000000
0.001052 0.000459 0.000000
0.001052 0.000471 0.000000
0.001050 0.000482 0.000000
0.001055 0.000486 0.000000
0.001053 0.000502 0.000000
0.001050 0.000512 0.000000
0.001054 0.000520 0.000000
0.001052 0.000529 0.000000
0.001053 0.000539 0.000000
0.001050 0.000556 0.000000
0.001057 0.000557 0.000000
0.001052 0.000569 0.000000
0.001053 0.000579 0.000000
0.001053 0.000590 0.000000
0.001053 0.000601 0.000000
0.001060 0.000300 0.000000
0.001060 0.000310 0.000000
0.001060 0.000321 0.000000
0.001061 0.000332 0.000000
0.001059 0.000340 0.000000
0.001061 0.000349 0.000000
0.001060 0.000359 0.000000
0.001062 0.000367 0.000000
0.001059 0.000381 0.000000
0.001061 0.000392 0.000000
0.001060 0.000397 0.000000
0.001062 0.000407 0.000000
0.001062 0.000422 0.000000
0.001058 0.000433 0.000000
0.001067 0.000435 0.000000
0.001061 0.000451 0.000000
0.001061 0.000462 0.000000
0.001062 0.000469 0.000000
0.001063 0.000477 0.000000
0.001062 0.000492 0.000000
0.001061 0.000500 0.000000
0.001063 0.000508 0.000000
0.001065 0.000518 0.000000
0.001068 0.000533 0.000000
0.001062 0.000541 0.000000
0.001062 0.000548 0.000000
0.001064 0.000561 0.000000
0.001062 0.000573 0.000000
0.001064 0.000582 0.000000
0.001063 0.000591 0.000000
0.001063 0.000601 0.000000
0.001070 0.000300 0.000000
0.001070 0.000310 0.000000
0.001070 0.000320 0.000000
0.001070 0.000328 0.000000
0.001070 0.000339 0.000000
0.001070 0.000351 0.000000
0.001071 0.000361 0.000000
0.001068 0.000375 0.000000
0.001074 0.000376 0.000000
0.001070 0.000387 0.000000
0.001072 0.000401 0.000000
0.001068 0.000414 0.000000
0.001074 0.000415 0.000000
0.001071 0.000427 0.000000
0.001069 0.000443 0.000000
0.001071 0.000451 0.000000
0.001074 0.000457 0.000000
0.001076 0.000475 0.000000
0.001069 0.000482 0.000000
0.001075 0.000492 0.000000
0.001072 0.000499 0.000000
0.001073 0.000514 0.000000
0.001064 0.000525 0.000000
0.001078 0.000524 0.000000
0.001072 0.000541 0.000000
0.001072 0.000551 0.000000
0.001070 0.000567 0.000000
0.001077 0.000558 0.000000
0.001072 0.000578 0.000000
0.001073 0.000590 0.000000
0.001073 0.000601 0.000000
0.001080 0.000300 0.000000
0.001080 0.000310 0.000000
0.001080 0.000320 0.000000
0.001079 0.000332 0.000000
0.001082 0.000340 0.000000
0.001078 0.000350 0.000000
0.001081 0.000358 0.000000
0.001080 0.000368 0.000000
0.001082 0.000382 0.000000
0.001078 0.000394 0.000000
0.001083 0.000396 0.000000
0.001080 0.000408 0.000000
0.001082 0.000423 0.000000
0.001078 0.000435 0.000000
0.001085 0.000435 0.000000
0.001082 0.000447 0.000000
0.001084 0.000464 0.000000
0.001074 0.000466 0.000000
0.001087 0.000477 0.000000
0.001080 0.000485 0.000000
0.001086 0.000504 0.000000
0.001078 0.000507 0.000000
0.001085 0.000516 0.000000
0.001079 0.000533 0.000000
0.001086 0.000541 0.000000
0.001082 0.000550 0.000000
0.001081 0.000566 0.000000
0.001082 0.000574 0.000000
0.001084 0.000582 0.000000
0.001083 0.000591 0.000000
0.001083 0.000601 0.000000
0.001090 0.000300 0.000000
0.001090 0.000310 0.000000
0.001090 0.000321 0.000000
0.001091 0.000328 0.000000
0.001089 0.000340 0.000000
0.001090 0.000351 0.000000
0.001092 0.000361 0.000000
0.001088 0.000373 0.000000
0.001093 0.000377 0.000000
0.001090 0.000389 0.000000
0.001092 0.000402 0.000000
0.001090 0.000412 0.000000
0.001100 0.000417 0.000000
0.001093 0.000430 0.000000
0.001091 0.000443 0.000000
0.001088 0.000456 0.000000
0.001095 0.000452 0.000000
0.001090 0.000470 0.000000
0.001085 0.000494 0.000000
0.001095 0.000485 0.000000
0.001095 0.000493 0.000000
0.001093 0.000511 0.000000
0.001088 0.000527 0.000000
0.001096 0.000526 0.000000
0.001093 0.000538 0.000000
0.001091 0.000552 0.000000
0.001093 0.000560 0.000000
0.001095 0.000566 0.000000
0.001093 0.000578 0.000000
0.001093 0.000590 0.000000
0.001093 0.000601 0.000000
0.001100 0.000300 0.000000
0.001100 0.000310 0.000000
0.001100 0.000319 0.000000
0.001099 0.000332 0.000000
0.001101 0.000340 0.000000
0.001101 0.000350 0.000000
0.001100 0.000359 0.000000
0.001101 0.000369 0.000000
0.001099 0.000382 0.000000
0.001102 0.000391 0.000000
0.001101 0.000399 0.000000
0.001090 0.000420 0.000000
0.001102 0.000408 0.000000
0.001103 0.000429 0.000000
0.001100 0.000439 0.000000
0.001103 0.000451 0.000000
0.001099 0.000463 0.000000
0.001105 0.000471 0.000000
0.001100 0.000477 0.000000
0.001104 0.000492 0.000000
0.001098 0.000504 0.000000
0.001107 0.000510 0.000000
0.001100 0.000517 0.000000
0.001104 0.000531 0.000000
0.001099 0.000545 0.000000
0.001106 0.000549 0.000000
0.001103 0.000559 0.000000
0.001100 0.000574 0.000000
0.001104 0.000583 0.000000
0.001103 0.000591 0.000000
0.001103 0.000601 0.000000
0.001110 0.000300 0.000000
0.001110 0.000310 0.000000
0.001109 0.000321 0.000000
0.001112 0.000330 0.000000
0.001110 0.000339 0.000000
0.001110 0.000350 0.000000
0.001109 0.000362 0.000000
0.001113 0.000372 0.000000
0.001110 0.000378 0.000000
0.001111 0.000389 0.000000
0.001111 0.000401 0.000000
0.001112 0.000412 0.000000
0.001109 0.000421 0.000000
0.001113 0.000431 0.000000
0.001109 0.000440 0.000000
0.001113 0.000451 0.000000
0.001109 0.000460 0.000000
0.001113 0.000468 0.000000
0.001110 0.000481 0.000000
0.001115 0.000490 0.000000
0.001108 0.000499 0.000000
0.001115 0.000509 0.000000
0.001108 0.000523 0.000000
0.001117 0.000532 0.000000
0.001108 0.000538 0.000000
0.001114 0.000549 0.000000
0.001113 0.000567 0.000000
0.001113 0.000561 0.000000
0.001111 0.000577 0.000000
0.001113 0.000590 0.000000
0.001113 0.000601 0.000000
0.001120 0.000300 0.000000
0.001120 0.000310 0.000000
0.001120 0.000320 0.000000
0.001120 0.000330 0.000000
0.001119 0.000342 0.000000
0.001122 0.000352 0.000000
0.001120 0.000356 0.000000
0.001120 0.000368 0.000000
0.001121 0.000382 0.000000
0.001122 0.000391 0.000000
0.001119 0.000399 0.000000
0.001121 0.000410 0.000000
0.001120 0.000419 0.000000
0.001122 0.000429 0.000000
0.001121 0.000441 0.000000
0.001121 0.000450 0.000000
0.001121 0.000460 0.000000
0.001123 0.000472 0.000000
0.001119 0.000479 0.000000
0.001122 0.000490 0.000000
0.001121 0.000501 0.000000
0.001123 0.000512 0.000000
0.001118 0.000520 0.000000
0.001126 0.000526 0.000000
0.001122 0.000542 0.000000
0.001123 0.000552 0.000000
0.001123 0.000564 0.000000
0.001120 0.000575 0.000000
0.001125 0.000583 0.000000
0.001122 0.000591 0.000000
0.001123 0.000601 0.000000
0.001130 0.000300 0.000000
0.001130 0.000310 0.000000
0.001130 0.000320 0.000000
0.001131 0.000332 0.000000
0.001130 0.000338 0.000000
0.001131 0.000347 0.000000
0.001129 0.000364 0.000000
0.001135 0.000373 0.000000
0.001128 0.000376 0.000000
0.001131 0.000390 0.000000
0.001131 0.000401 0.000000
0.001132 0.000411 0.000000
0.001130 0.000421 0.000000
0.001131 0.000431 0.000000
0.001131 0.000439 0.000000
0.001132 0.000450 0.000000
0.001131 0.000460 0.000000
0.001131 0.000470 0.000000
0.001132 0.000480 0.000000
0.001132 0.000491 0.000000
0.001132 0.000500 0.000000
0.001132 0.000509 0.000000
0.001133 0.000521 0.000000
0.001128 0.000534 0.000000
0.001135 0.000539 0.000000
0.001131 0.000548 0.000000
0.001132 0.000559 0.000000
0.001134 0.000568 0.000000
0.001131 0.000577 0.000000
0.001133 0.000590 0.000000
0.001133 0.000601 0.000000
0.001140 0.000300 0.000000
0.001140 0.000310 0.000000
0.001140 0.000321 0.000000
0.001140 0.000328 0.000000
0.001140 0.000341 0.000000
0.001141 0.000354 0.000000
0.001139 0.000357 0.000000
0.001141 0.000366 0.000000
0.001138 0.000383 0.000000
0.001146 0.000391 0.000000
0.001138 0.000398 0.000000
0.001142 0.000409 0.000000
0.001141 0.000420 0.000000
0.001142 0.000429 0.000000
0.001141 0.000440 0.000000
0.001141 0.000450 0.000000
0.001141 0.000459 0.000000
0.001141 0.000470 0.000000
0.001142 0.000481 0.000000
0.001141 0.000490 0.000000
0.001142 0.000500 0.000000
0.001142 0.000511 0.000000
0.001142 0.000521 0.000000
0.001142 0.000529 0.000000
0.001145 0.000538 0.000000
0.001142 0.000552 0.000000
0.001143 0.000562 0.000000
0.001141 0.000574 0.000000
0.001144 0.000583 0.000000
0.001142 0.000591 0.000000
0.001143 0.000601 0.000000
0.001150 0.000300 0.000000
0.001150 0.000310 0.000000
0.001150 0.000319 0.000000
0.001150 0.000331 0.000000
0.001150 0.000341 0.000000
0.001151 0.000347 0.000000
0.001151 0.000360 0.000000
0.001158 0.000372 0.000000
0.001147 0.000377 0.000000
0.001150 0.000387 0.000000
0.001149 0.000403 0.000000
0.001154 0.000409 0.000000
0.001149 0.000421 0.000000
0.001152 0.000431 0.000000
0.001150 0.000440 0.000000
0.001153 0.000450 0.000000
0.001151 0.000462 0.000000
0.001152 0.000470 0.000000
0.001151 0.000480 0.000000
0.001152 0.000490 0.000000
0.001151 0.000502 0.000000
0.001152 0.000510 0.000000
0.001152 0.000519 0.000000
0.001152 0.000530 0.000000
0.001147 0.000547 0.000000
0.001156 0.000544 0.000000
0.001153 0.000558 0.000000
0.001154 0.000568 0.000000
0.001151 0.000578 0.000000
0.001153 0.000590 0.000000
0.001153 0.000601 0.000000
0.001160 0.000300 0.000000
0.001160 0.000310 0.000000
0.001160 0.000321 0.000000
0.001160 0.000329 0.000000
0.001161 0.000339 0.000000
0.001158 0.000352 0.000000
0.001164 0.000359 0.000000
0.001155 0.000370 0.000000
0.001160 0.000382 0.000000
0.001157 0.000396 0.000000
0.001168 0.000394 0.000000
0.001160 0.000408 0.000000
0.001159 0.000421 0.000000
0.001163 0.000428 0.000000
0.001160 0.000440 0.000000
0.001162 0.000451 0.000000
0.001160 0.000459 0.000000
0.001161 0.000470 0.000000
0.001161 0.000481 0.000000
0.001162 0.000491 0.000000
0.001161 0.000498 0.000000
0.001162 0.000509 0.000000
0.001162 0.000522 0.000000
0.001160 0.000531 0.000000
0.001165 0.000540 0.000000
0.001160 0.000553 0.000000
0.001164 0.000563 0.000000
0.001160 0.000573 0.000000
0.001164 0.000582 0.000000
0.001162 0.000590 0.000000
0.001162 0.000601 0.000000
0.001170 0.000300 0.000000
0.001170 0.000310 0.000000
0.001170 0.000320 0.000000
0.001170 0.000330 0.000000
0.001171 0.000341 0.000000
0.001170 0.000349 0.000000
0.001170 0.000360 0.000000
0.001169 0.000371 0.000000
0.001174 0.000380 0.000000
0.001167 0.000389 0.000000
0.001169 0.000403 0.000000
0.001169 0.000416 0.000000
0.001180 0.000415 0.000000
0.001170 0.000431 0.000000
0.001171 0.000440 0.000000
0.001171 0.000449 0.000000
0.001172 0.000462 0.000000
0.001173 0.000472 0.000000
0.001171 0.000479 0.000000
0.001172 0.000490 0.000000
0.001173 0.000502 0.000000
0.001170 0.000513 0.000000
0.001173 0.000517 0.000000
0.001172 0.000529 0.000000
0.001171 0.000540 0.000000
0.001170 0.000551 0.000000
0.001175 0.000556 0.000000
0.001172 0.000569 0.000000
0.001171 0.000578 0.000000
0.001173 0.000590 0.000000
0.001172 0.000600 0.000000
0.001180 0.000300 0.000000
0.001180 0.000310 0.000000
0.001180 0.000320 0.000000
0.001181 0.000331 0.000000
0.001180 0.000340 0.000000
0.001180 0.000350 0.000000
0.001181 0.000361 0.000000
0.001180 0.000369 0.000000
0.001181 0.000379 0.000000
0.001179 0.000391 0.000000
0.001184 0.000400 0.000000
0.001177 0.000408 0.000000
0.001177 0.000423 0.000000
0.001181 0.000433 0.000000
0.001190 0.000437 0.000000
0.001186 0.000455 0.000000
0.001179 0.000456 0.000000
0.001181 0.000468 0.000000
0.001180 0.000481 0.000000
0.001184 0.000492 0.000000
0.001179 0.000498 0.000000
0.001182 0.000508 0.000000
0.001182 0.000522 0.000000
0.001182 0.000533 0.000000
0.001182 0.000539 0.000000
0.001182 0.000550 0.000000
0.001181 0.000563 0.000000
0.001182 0.000572 0.000000
0.001183 0.000581 0.000000
0.001182 0.000590 0.000000
0.001182 0.000600 0.000000
0.001190 0.000300 0.000000
0.001190 0.000310 0.000000
0.001190 0.000321 0.000000
0.001190 0.000329 0.000000
0.001190 0.000340 0.000000
0.001190 0.000352 0.000000
0.001190 0.000359 0.000000
0.001191 0.000370 0.000000
0.001190 0.000381 0.000000
0.001190 0.000390 0.000000
0.001190 0.000399 0.000000
0.001189 0.000411 0.000000
0.001193 0.000422 0.000000
0.001188 0.000426 0.000000
0.001181 0.000444 0.000000
0.001194 0.000445 0.000000
0.001192 0.000463 0.000000
0.001193 0.000473 0.000000
0.001190 0.000477 0.000000
0.001191 0.000488 0.000000
0.001191 0.000501 0.000000
0.001192 0.000512 0.000000
0.001189 0.000519 0.000000
0.001193 0.000528 0.000000
0.001191 0.000540 0.000000
0.001192 0.000552 0.000000
0.001192 0.000558 0.000000
0.001194 0.000568 0.000000
0.001191 0.000579 0.000000
0.001193 0.000590 0.000000
0.001192 0.000600 0.000000
0.001200 0.000300 0.000000
0.001200 0.000310 0.000000
0.001200 0.000319 0.000000
0.001200 0.000331 0.000000
0.001200 0.000341 0.000000
0.001200 0.000348 0.000000
0.001200 0.000360 0.000000
0.001200 0.000372 0.000000
0.001200 0.000379 0.000000
0.001201 0.000389 0.000000
0.001200 0.000401 0.000000
0.001201 0.000410 0.000000
0.001200 0.000417 0.000000
0.001201 0.000430 0.000000
0.001201 0.000441 0.000000
0.001204 0.000456 0.000000
0.001196 0.000455 0.000000
0.001202 0.000468 0.000000
0.001201 0.000481 0.000000
0.001201 0.000491 0.000000
0.001202 0.000499 0.000000
0.001201 0.000509 0.000000
0.001202 0.000520 0.000000
0.001202 0.000532 0.000000
0.001201 0.000540 0.000000
0.001203 0.000550 0.000000
0.001202 0.000562 0.000000
0.001200 0.000572 0.000000
0.001204 0.000581 0.000000
0.001202 0.000590 0.000000
0.001202 0.000600 0.000000
0.001210 0.000300 0.000000
0.001210 0.000310 0.000000
0.001210 0.000321 0.000000
0.001210 0.000329 0.000000
0.001211 0.000339 0.000000
0.001209 0.000351 0.000000
0.001211 0.000361 0.000000
0.001210 0.000368 0.000000
0.001210 0.000380 0.000000
0.001210 0.000392 0.000000
0.001211 0.000399 0.000000
0.001211 0.000410 0.000000
0.001210 0.000422 0.000000
0.001212 0.000432 0.000000
0.001211 0.000438 0.000000
0.001210 0.000448 0.000000
0.001212 0.000462 0.000000
0.001210 0.000472 0.000000
0.001212 0.000480 0.000000
0.001212 0.000490 0.000000
0.001212 0.000500 0.000000
0.001211 0.000510 0.000000
0.001213 0.000520 0.000000
0.001210 0.000529 0.000000
0.001213 0.000539 0.000000
0.001211 0.000551 0.000000
0.001212 0.000559 0.000000
0.001213 0.000569 0.000000
0.001211 0.000579 0.000000
0.001212 0.000590 0.000000
0.001212 0.000600 0.000000
0.001220 0.000300 0.000000
0.001220 0.000310 0.000000
0.001220 0.000319 0.000000
0.001220 0.000330 0.000000
0.001220 0.000342 0.000000
0.001220 0.000349 0.000000
0.001221 0.000359 0.000000
0.001219 0.000371 0.000000
0.001221 0.000382 0.000000
0.001221 0.000387 0.000000
0.001221 0.000400 0.000000
0.001220 0.000410 0.000000
0.001221 0.000420 0.000000
0.001221 0.000427 0.000000
0.001220 0.000442 0.000000
0.001223 0.000451 0.000000
0.001218 0.000458 0.000000
0.001223 0.000468 0.000000
0.001221 0.000478 0.000000
0.001222 0.000491 0.000000
0.001222 0.000501 0.000000
0.001222 0.000510 0.000000
0.001221 0.000520 0.000000
0.001222 0.000530 0.000000
0.001221 0.000542 0.000000
0.001222 0.000549 0.000000
0.001222 0.000561 0.000000
0.001221 0.000572 0.000000
0.001223 0.000581 0.000000
0.001222 0.000590 0.000000
0.001222 0.000600 0.000000
0.001230 0.000300 0.000000
0.001230 0.000310 0.000000
0.001230 0.000321 0.000000
0.001231 0.000331 0.000000
0.001230 0.000339 0.000000
0.001230 0.000350 0.000000
0.001228 0.000363 0.000000
0.001232 0.000369 0.000000
0.001230 0.000378 0.000000
0.001230 0.000391 0.000000
0.001232 0.000402 0.000000
0.001230 0.000409 0.000000
0.001231 0.000420 0.000000
0.001228 0.000434 0.000000
0.001241 0.000437 0.000000
0.001233 0.000450 0.000000
0.001231 0.000462 0.000000
0.001227 0.000480 0.000000
0.001235 0.000471 0.000000
0.001233 0.000490 0.000000
0.001229 0.000499 0.000000
0.001233 0.000509 0.000000
0.001231 0.000521 0.000000
0.001232 0.000531 0.000000
0.001231 0.000538 0.000000
0.001232 0.000550 0.000000
0.001231 0.000560 0.000000
0.001233 0.000569 0.000000
0.001231 0.000579 0.000000
0.001232 0.000590 0.000000
0.001232 0.000600 0.000000
0.001240 0.000300 0.000000
0.001240 0.000310 0.000000
0.001240 0.000320 0.000000
0.001240 0.000329 0.000000
0.001240 0.000341 0.000000
0.001241 0.000351 0.000000
0.001240 0.000358 0.000000
0.001240 0.000370 0.000000
0.001237 0.000384 0.000000
0.001246 0.000386 0.000000
0.001239 0.000398 0.000000
0.001241 0.000410 0.000000
0.001242 0.000421 0.000000
0.001237 0.000429 0.000000
0.001232 0.000441 0.000000
0.001244 0.000449 0.000000
0.001238 0.000460 0.000000
0.001244 0.000470 0.000000
0.001239 0.000481 0.000000
0.001243 0.000491 0.000000
0.001242 0.000501 0.000000
0.001243 0.000512 0.000000
0.001240 0.000519 0.000000
0.001242 0.000529 0.000000
0.001242 0.000541 0.000000
0.001241 0.000552 0.000000
0.001241 0.000559 0.000000
0.001242 0.000571 0.000000
0.001242 0.000581 0.000000
0.001242 0.000590 0.000000
0.001242 0.000600 0.000000
0.001250 0.000300 0.000000
0.001250 0.000310 0.000000
0.001250 0.000320 0.000000
0.001250 0.000331 0.000000
0.001250 0.000339 0.000000
0.001250 0.000349 0.000000
0.001250 0.000361 0.000000
0.001251 0.000372 0.000000
0.001249 0.000378 0.000000
0.001248 0.000392 0.000000
0.001249 0.000402 0.000000
0.001253 0.000411 0.000000
0.001249 0.000419 0.000000
0.001252 0.000429 0.000000
0.001249 0.000440 0.000000
0.001252 0.000452 0.000000
0.001250 0.000459 0.000000
0.001253 0.000472 0.000000
0.001247 0.000483 0.000000
0.001259 0.000486 0.000000
0.001250 0.000498 0.000000
0.001252 0.000509 0.000000
0.001252 0.000519 0.000000
0.001252 0.000531 0.000000
0.001250 0.000539 0.000000
0.001253 0.000548 0.000000
0.001252 0.000560 0.000000
0.001252 0.000570 0.000000
0.001251 0.000579 0.000000
0.001252 0.000590 0.000000
0.001252 0.000600 0.000000
0.001260 0.000300 0.000000
0.001260 0.000310 0.000000
0.001260 0.000320 0.000000
0.001260 0.000329 0.000000
0.001260 0.000340 0.000000
0.001260 0.000351 0.000000
0.001260 0.000360 0.000000
0.001261 0.000369 0.000000
0.001260 0.000380 0.000000
0.001262 0.000391 0.000000
0.001260 0.000398 0.000000
0.001260 0.000408 0.000000
0.001260 0.000421 0.000000
0.001263 0.000433 0.000000
0.001259 0.000439 0.000000
0.001262 0.000449 0.000000
0.001258 0.000462 0.000000
0.001264 0.000470 0.000000
0.001258 0.000478 0.000000
0.001258 0.000494 0.000000
0.001260 0.000506 0.000000
0.001269 0.000504 0.000000
0.001259 0.000524 0.000000
0.001265 0.000526 0.000000
0.001261 0.000541 0.000000
0.001261 0.000552 0.000000
0.001262 0.000559 0.000000
0.001262 0.000570 0.000000
0.001262 0.000581 0.000000
0.001261 0.000590 0.000000
0.001262 0.000600 0.000000
0.001270 0.000300 0.000000
0.001270 0.000310 0.000000
0.001270 0.000320 0.000000
0.001270 0.000331 0.000000
0.001270 0.000341 0.000000
0.001270 0.000349 0.000000
0.001270 0.000359 0.000000
0.001270 0.000371 0.000000
0.001271 0.000381 0.000000
0.001270 0.000388 0.000000
0.001270 0.000401 0.000000
0.001271 0.000413 0.000000
0.001270 0.000418 0.000000
0.001270 0.000427 0.000000
0.001270 0.000441 0.000000
0.001273 0.000452 0.000000
0.001268 0.000458 0.000000
0.001273 0.000468 0.000000
0.001269 0.000485 0.000000
0.001279 0.000486 0.000000
0.001269 0.000494 0.000000
0.001266 0.000514 0.000000
0.001274 0.000519 0.000000
0.001271 0.000533 0.000000
0.001271 0.000541 0.000000
0.001273 0.000547 0.000000
0.001271 0.000560 0.000000
0.001272 0.000570 0.000000
0.001271 0.000580 0.000000
0.001272 0.000590 0.000000
0.001272 0.000600 0.000000
0.001280 0.000300 0.000000
0.001280 0.000310 0.000000
0.001280 0.000320 0.000000
0.001280 0.000329 0.000000
0.001280 0.000339 0.000000
0.001280 0.000351 0.000000
0.001281 0.000362 0.000000
0.001280 0.000368 0.000000
0.001281 0.000379 0.000000
0.001280 0.000391 0.000000
0.001281 0.000401 0.000000
0.001280 0.000406 0.000000
0.001281 0.000422 0.000000
0.001279 0.000432 0.000000
0.001282 0.000439 0.000000
0.001280 0.000448 0.000000
0.001281 0.000461 0.000000
0.001284 0.000475 0.000000
0.001275 0.000476 0.000000
0.001280 0.000497 0.000000
0.001278 0.000507 0.000000
0.001289 0.000502 0.000000
0.001282 0.000520 0.000000
0.001280 0.000530 0.000000
0.001283 0.000539 0.000000
0.001280 0.000552 0.000000
0.001282 0.000561 0.000000
0.001281 0.000570 0.000000
0.001283 0.000580 0.000000
0.001281 0.000590 0.000000
0.001282 0.000600 0.000000
0.001290 0.000300 0.000000
0.001290 0.000310 0.000000
0.001291 0.000320 0.000000
0.001289 0.000331 0.000000
0.001291 0.000341 0.000000
0.001290 0.000349 0.000000
0.001290 0.000358 0.000000
0.001290 0.000371 0.000000
0.001290 0.000383 0.000000
0.001289 0.000388 0.000000
0.001291 0.000399 0.000000
0.001289 0.000411 0.000000
0.001291 0.000421 0.000000
0.001291 0.000427 0.000000
0.001290 0.000440 0.000000
0.001290 0.000451 0.000000
0.001291 0.000461 0.000000
0.001291 0.000466 0.000000
0.001291 0.000481 0.000000
0.001287 0.000490 0.000000
0.001296 0.000497 0.000000
0.001287 0.000512 0.000000
0.001290 0.000524 0.000000
0.001302 0.000527 0.000000
0.001292 0.000541 0.000000
0.001291 0.000550 0.000000
0.001293 0.000559 0.000000
0.001292 0.000570 0.000000
0.001291 0.000581 0.000000
0.001292 0.000590 0.000000
0.001292 0.000600 0.000000
0.001300 0.000300 0.000000
0.001300 0.000310 0.000000
0.001300 0.000320 0.000000
0.001300 0.000329 0.000000
0.001300 0.000339 0.000000
0.001300 0.000351 0.000000
0.001301 0.000362 0.000000
0.001300 0.000369 0.000000
0.001301 0.000378 0.000000
0.001300 0.000390 0.000000
0.001300 0.000402 0.000000
0.001300 0.000409 0.000000
0.001302 0.000418 0.000000
0.001300 0.000431 0.000000
0.001302 0.000442 0.000000
0.001300 0.000448 0.000000
0.001301 0.000459 0.000000
0.001300 0.000472 0.000000
0.001302 0.000482 0.000000
0.001300 0.000486 0.000000
0.001300 0.000505 0.000000
0.001307 0.000513 0.000000
0.001297 0.000516 0.000000
0.001294 0.000533 0.000000
0.001303 0.000539 0.000000
0.001302 0.000550 0.000000
0.001301 0.000561 0.000000
0.001301 0.000571 0.000000
0.001302 0.000579 0.000000
0.001301 0.000590 0.000000
0.001302 0.000600 0.000000
0.001310 0.000300 0.000000
0.001310 0.000310 0.000000
0.001310 0.000319 0.000000
0.001311 0.000331 0.000000
0.001309 0.000341 0.000000
0.001311 0.000350 0.000000
0.001310 0.000358 0.000000
0.001310 0.000370 0.000000
0.001310 0.000381 0.000000
0.001311 0.000391 0.000000
0.001310 0.000398 0.000000
0.001311 0.000410 0.000000
0.001309 0.000422 0.000000
0.001311 0.000430 0.000000
0.001311 0.000437 0.000000
0.001310 0.000451 0.000000
0.001312 0.000463 0.000000
0.001310 0.000468 0.000000
0.001312 0.000478 0.000000
0.001316 0.000497 0.000000
0.001307 0.000495 0.000000
0.001311 0.000505 0.000000
0.001308 0.000521 0.000000
0.001312 0.000531 0.000000
0.001313 0.000542 0.000000
0.001310 0.000551 0.000000
0.001314 0.000559 0.000000
0.001311 0.000570 0.000000
0.001311 0.000582 0.000000
0.001312 0.000590 0.000000
0.001312 0.000600 0.000000
0.001320 0.000300 0.000000
0.001320 0.000310 0.000000
0.001320 0.000320 0.000000
0.001320 0.000329 0.000000
0.001320 0.000339 0.000000
0.001321 0.000351 0.000000
0.001319 0.000361 0.000000
0.001322 0.000370 0.000000
0.001319 0.000378 0.000000
0.001321 0.000388 0.000000
0.001319 0.000401 0.000000
0.001321 0.000412 0.000000
0.001320 0.000418 0.000000
0.001322 0.000429 0.000000
0.001318 0.000443 0.000000
0.001324 0.000450 0.000000
0.001320 0.000457 0.000000
0.001321 0.000471 0.000000
0.001323 0.000482 0.000000
0.001317 0.000487 0.000000
0.001322 0.000499 0.000000
0.001318 0.000517 0.000000
0.001333 0.000516 0.000000
0.001323 0.000528 0.000000
0.001320 0.000537 0.000000
0.001323 0.000551 0.000000
0.001320 0.000561 0.000000
0.001322 0.000571 0.000000
0.001321 0.000579 0.000000
0.001322 0.000590 0.000000
0.001321 0.000600 0.000000
0.001330 0.000300 0.000000
0.001330 0.000310 0.000000
0.001330 0.000320 0.000000
0.001330 0.000331 0.000000
0.001331 0.000341 0.000000
0.001330 0.000349 0.000000
0.001331 0.000359 0.000000
0.001330 0.000369 0.000000
0.001330 0.000381 0.000000
0.001331 0.000392 0.000000
0.001329 0.000399 0.000000
0.001331 0.000409 0.000000
0.001329 0.000421 0.000000
0.001331 0.000433 0.000000
0.001328 0.000437 0.000000
0.001333 0.000447 0.000000
0.001329 0.000460 0.000000
0.001332 0.000470 0.000000
0.001331 0.000479 0.000000
0.001331 0.000490 0.000000
0.001332 0.000501 0.000000
0.001325 0.000509 0.000000
0.001326 0.000520 0.000000
0.001328 0.000539 0.000000
0.001342 0.000534 0.000000
0.001332 0.000551 0.000000
0.001331 0.000559 0.000000
0.001332 0.000570 0.000000
0.001331 0.000581 0.000000
0.001331 0.000590 0.000000
0.001331 0.000600 0.000000
0.001340 0.000300 0.000000
0.001340 0.000310 0.000000
0.001340 0.000320 0.000000
0.001340 0.000330 0.000000
0.001340 0.000339 0.000000
0.001340 0.000350 0.000000
0.001341 0.000361 0.000000
0.001340 0.000370 0.000000
0.001341 0.000379 0.000000
0.001340 0.000388 0.000000
0.001340 0.000400 0.000000
0.001340 0.000412 0.000000
0.001340 0.000420 0.000000
0.001342 0.000427 0.000000
0.001342 0.000441 0.000000
0.001339 0.000460 0.000000
0.001341 0.000453 0.000000
0.001340 0.000469 0.000000
0.001341 0.000481 0.000000
0.001341 0.000492 0.000000
0.001341 0.000499 0.000000
0.001340 0.000510 0.000000
0.001342 0.000522 0.000000
0.001337 0.000529 0.000000
0.001335 0.000541 0.000000
0.001343 0.000551 0.000000
0.001341 0.000561 0.000000
0.001341 0.000570 0.000000
0.001341 0.000579 0.000000
0.001342 0.000590 0.000000
0.001341 0.000600 0.000000
0.001350 0.000300 0.000000
0.001350 0.000310 0.000000
0.001350 0.000321 0.000000
0.001350 0.000330 0.000000
0.001350 0.000341 0.000000
0.001351 0.000350 0.000000
0.001350 0.000359 0.000000
0.001350 0.000369 0.000000
0.001351 0.000382 0.000000
0.001350 0.000391 0.000000
0.001351 0.000401 0.000000
0.001349 0.000409 0.000000
0.001351 0.000419 0.000000
0.001348 0.000433 0.000000
0.001352 0.000440 0.000000
0.001351 0.000450 0.000000
0.001353 0.000459 0.000000
0.001348 0.000473 0.000000
0.001355 0.000482 0.000000
0.001349 0.000488 0.000000
0.001352 0.000501 0.000000
0.001350 0.000511 0.000000
0.001352 0.000518 0.000000
0.001351 0.000532 0.000000
0.001349 0.000544 0.000000
0.001355 0.000545 0.000000
0.001350 0.000560 0.000000
0.001354 0.000573 0.000000
0.001350 0.000581 0.000000
0.001352 0.000590 0.000000
0.001351 0.000600 0.000000
0.001360 0.000300 0.000000
0.001360 0.000310 0.000000
0.001360 0.000319 0.000000
0.001360 0.000330 0.000000
0.001360 0.000340 0.000000
0.001360 0.000349 0.000000
0.001360 0.000361 0.000000
0.001361 0.000371 0.000000
0.001360 0.000379 0.000000
0.001360 0.000389 0.000000
0.001361 0.000399 0.000000
0.001360 0.000411 0.000000
0.001361 0.000422 0.000000
0.001360 0.000428 0.000000
0.001361 0.000438 0.000000
0.001361 0.000452 0.000000
0.001356 0.000466 0.000000
0.001364 0.000464 0.000000
0.001360 0.000476 0.000000
0.001360 0.000492 0.000000
0.001363 0.000500 0.000000
0.001360 0.000509 0.000000
0.001362 0.000522 0.000000
0.001359 0.000529 0.000000
0.001363 0.000538 0.000000
0.001359 0.000554 0.000000
0.001365 0.000564 0.000000
0.001358 0.000566 0.000000
0.001363 0.000580 0.000000
0.001361 0.000590 0.000000
0.001361 0.000600 0.000000
0.001370 0.000300 0.000000
0.001370 0.000310 0.000000
0.001370 0.000321 0.000000
0.001370 0.000330 0.000000
0.001370 0.000339 0.000000
0.001370 0.000351 0.000000
0.001370 0.000360 0.000000
0.001370 0.000369 0.000000
0.001369 0.000381 0.000000
0.001372 0.000391 0.000000
0.001369 0.000401 0.000000
0.001372 0.000409 0.000000
0.001369 0.000419 0.000000
0.001371 0.000431 0.000000
0.001369 0.000443 0.000000
0.001370 0.000448 0.000000
0.001373 0.000458 0.000000
0.001371 0.000473 0.000000
0.001367 0.000486 0.000000
0.001381 0.000483 0.000000
0.001371 0.000500 0.000000
0.001371 0.000511 0.000000
0.001372 0.000520 0.000000
0.001370 0.000530 0.000000
0.001372 0.000543 0.000000
0.001369 0.000549 0.000000
0.001372 0.000558 0.000000
0.001371 0.000571 0.000000
0.001371 0.000581 0.000000
0.001371 0.000590 0.000000
0.001371 0.000600 0.000000
0.001380 0.000300 0.000000
0.001380 0.000310 0.000000
0.001380 0.000319 0.000000
0.001380 0.000330 0.000000
0.001380 0.000341 0.000000
0.001380 0.000349 0.000000
0.001380 0.000360 0.000000
0.001380 0.000371 0.000000
0.001380 0.000380 0.000000
0.001380 0.000389 0.000000
0.001380 0.000399 0.000000
0.001382 0.000411 0.000000
0.001379 0.000421 0.000000
0.001382 0.000429 0.000000
0.001380 0.000438 0.000000
0.001381 0.000449 0.000000
0.001376 0.000465 0.000000
0.001384 0.000466 0.000000
0.001376 0.000480 0.000000
0.001376 0.000492 0.000000
0.001383 0.000502 0.000000
0.001381 0.000509 0.000000
0.001381 0.000520 0.000000
0.001382 0.000530 0.000000
0.001380 0.000539 0.000000
0.001383 0.000550 0.000000
0.001380 0.000562 0.000000
0.001382 0.000570 0.000000
0.001381 0.000579 0.000000
0.001381 0.000590 0.000000
0.001381 0.000600 0.000000
0.001390 0.000300 0.000000
0.001390 0.000310 0.000000
0.001390 0.000321 0.000000
0.001390 0.000331 0.000000
0.001390 0.000339 0.000000
0.001390 0.000350 0.000000
0.001390 0.000361 0.000000
0.001390 0.000370 0.000000
0.001391 0.000379 0.000000
0.001390 0.000391 0.000000
0.001391 0.000401 0.000000
0.001389 0.000409 0.000000
0.001391 0.000419 0.000000
0.001390 0.000431 0.000000
0.001390 0.000441 0.000000
0.001392 0.000451 0.000000
0.001388 0.000459 0.000000
0.001394 0.000469 0.000000
0.001392 0.000483 0.000000
0.001387 0.000493 0.000000
0.001394 0.000494 0.000000
0.001390 0.000511 0.000000
0.001392 0.000521 0.000000
0.001391 0.000531 0.000000
0.001391 0.000540 0.000000
0.001391 0.000551 0.000000
0.001391 0.000559 0.000000
0.001391 0.000570 0.000000
0.001391 0.000581 0.000000
0.001391 0.000590 0.000000
0.001391 0.000600 0.000000
0.001400 0.000300 0.000000
0.001400 0.000310 0.000000
0.001400 0.000320 0.000000
0.001400 0.000329 0.000000
0.001400 0.000341 0.000000
0.001400 0.000351 0.000000
0.001401 0.000359 0.000000
0.001400 0.000370 0.000000
0.001400 0.000381 0.000000
0.001400 0.000389 0.000000
0.001401 0.000399 0.000000
0.001400 0.000411 0.000000
0.001401 0.000421 0.000000
0.001400 0.000429 0.000000
0.001401 0.000439 0.000000
0.001400 0.000449 0.000000
0.001401 0.000460 0.000000
0.001394 0.000474 0.000000
0.001404 0.000476 0.000000
0.001403 0.000488 0.000000
0.001397 0.000504 0.000000
0.001405 0.000513 0.000000
0.001400 0.000517 0.000000
0.001401 0.000530 0.000000
0.001401 0.000540 0.000000
0.001401 0.000549 0.000000
0.001401 0.000560 0.000000
0.001401 0.000571 0.000000
0.001401 0.000579 0.000000
0.001401 0.000590 0.000000
0.001401 0.000600 0.000000
0.001410 0.000300 0.000000
0.001410 0.000310 0.000000
0.001410 0.000320 0.000000
0.001410 0.000331 0.000000
0.001410 0.000339 0.000000
0.001410 0.000349 0.000000
0.001410 0.000361 0.000000
0.001410 0.000371 0.000000
0.001411 0.000378 0.000000
0.001410 0.000390 0.000000
0.001410 0.000402 0.000000
0.001410 0.000409 0.000000
0.001411 0.000419 0.000000
0.001409 0.000431 0.000000
0.001411 0.000440 0.000000
0.001409 0.000451 0.000000
0.001412 0.000461 0.000000
0.001410 0.000468 0.000000
0.001410 0.000482 0.000000
0.001406 0.000495 0.000000
0.001416 0.000496 0.000000
0.001409 0.000505 0.000000
0.001411 0.000522 0.000000
0.001411 0.000532 0.000000
0.001411 0.000540 0.000000
0.001411 0.000552 0.000000
0.001412 0.000561 0.000000
0.001410 0.000569 0.000000
0.001412 0.000581 0.000000
0.001411 0.000590 0.000000
0.001411 0.000600 0.000000
0.001420 0.000300 0.000000
0.001420 0.000310 0.000000
0.001420 0.000321 0.000000
0.001420 0.000329 0.000000
0.001420 0.000340 0.000000
0.001420 0.000352 0.000000
0.001420 0.000359 0.000000
0.001421 0.000369 0.000000
0.001420 0.000381 0.000000
0.001420 0.000391 0.000000
0.001421 0.000398 0.000000
0.001420 0.000410 0.000000
0.001421 0.000421 0.000000
0.001420 0.000430 0.000000
0.001421 0.000440 0.000000
0.001420 0.000449 0.000000
0.001420 0.000460 0.000000
0.001419 0.000472 0.000000
0.001424 0.000481 0.000000
0.001418 0.000487 0.000000
0.001420 0.000503 0.000000
0.001418 0.000514 0.000000
0.001426 0.000520 0.000000
0.001420 0.000528 0.000000
0.001422 0.000540 0.000000
0.001420 0.000549 0.000000
0.001422 0.000559 0.000000
0.001421 0.000571 0.000000
0.001421 0.000580 0.000000
0.001422 0.000590 0.000000
0.001421 0.000600 0.000000
0.001430 0.000300 0.000000
0.001430 0.000310 0.000000
0.001430 0.000320 0.000000
0.001430 0.000330 0.000000
0.001430 0.000341 0.000000
0.001430 0.000349 0.000000
0.001430 0.000360 0.000000
0.001430 0.000371 0.000000
0.001430 0.000380 0.000000
0.001431 0.000389 0.000000
0.001430 0.000401 0.000000
0.001431 0.000411 0.000000
0.001430 0.000420 0.000000
0.001431 0.000429 0.000000
0.001431 0.000441 0.000000
0.001430 0.000451 0.000000
0.001432 0.000461 0.000000
0.001429 0.000469 0.000000
0.001430 0.000479 0.000000
0.001429 0.000491 0.000000
0.001435 0.000501 0.000000
0.001427 0.000506 0.000000
0.001431 0.000518 0.000000
0.001429 0.000532 0.000000
0.001433 0.000541 0.000000
0.001430 0.000551 0.000000
0.001432 0.000562 0.000000
0.001430 0.000570 0.000000
0.001432 0.000579 0.000000
0.001431 0.000590 0.000000
0.001431 0.000600 0.000000
0.001440 0.000300 0.000000
0.001440 0.000310 0.000000
0.001440 0.000320 0.000000
0.001440 0.000330 0.000000
0.001440 0.000339 0.000000
0.001440 0.000350 0.000000
0.001441 0.000361 0.000000
0.001440 0.000369 0.000000
0.001440 0.000380 0.000000
0.001441 0.000390 0.000000
0.001440 0.000401 0.000000
0.001441 0.000408 0.000000
0.001440 0.000420 0.000000
0.001441 0.000431 0.000000
0.001440 0.000440 0.000000
0.001441 0.000449 0.000000
0.001440 0.000460 0.000000
0.001440 0.000471 0.000000
0.001441 0.000481 0.000000
0.001440 0.000490 0.000000
0.001440 0.000499 0.000000
0.001440 0.000512 0.000000
0.001440 0.000521 0.000000
0.001442 0.000530 0.000000
0.001441 0.000538 0.000000
0.001441 0.000550 0.000000
0.001441 0.000559 0.000000
0.001441 0.000570 0.000000
0.001441 0.000582 0.000000
0.001441 0.000590 0.000000
0.001441 0.000600 0.000000
0.001450 0.000300 0.000000
0.001450 0.000310 0.000000
0.001450 0.000320 0.000000
0.001450 0.000329 0.000000
0.001450 0.000340 0.000000
0.001450 0.000351 0.000000
0.001450 0.000359 0.000000
0.001450 0.000370 0.000000
0.001451 0.000381 0.000000
0.001449 0.000390 0.000000
0.001451 0.000399 0.000000
0.001449 0.000411 0.000000
0.001450 0.000421 0.000000
0.001450 0.000429 0.000000
0.001450 0.000440 0.000000
0.001451 0.000451 0.000000
0.001450 0.000460 0.000000
0.001451 0.000470 0.000000
0.001450 0.000478 0.000000
0.001451 0.000489 0.000000
0.001450 0.000501 0.000000
0.001451 0.000511 0.000000
0.001450 0.000518 0.000000
0.001451 0.000530 0.000000
0.001450 0.000542 0.000000
0.001451 0.000552 0.000000
0.001452 0.000562 0.000000
0.001451 0.000571 0.000000
0.001451 0.000579 0.000000
0.001451 0.000590 0.000000
0.001451 0.000600 0.000000
0.001460 0.000300 0.000000
0.001460 0.000310 0.000000
0.001460 0.000320 0.000000
0.001461 0.000331 0.000000
0.001459 0.000340 0.000000
0.001461 0.000349 0.000000
0.001460 0.000360 0.000000
0.001460 0.000371 0.000000
0.001460 0.000379 0.000000
0.001460 0.000390 0.000000
0.001460 0.000401 0.000000
0.001459 0.000410 0.000000
0.001461 0.000419 0.000000
0.001459 0.000430 0.000000
0.001461 0.000441 0.000000
0.001460 0.000450 0.000000
0.001460 0.000460 0.000000
0.001461 0.000470 0.000000
0.001460 0.000481 0.000000
0.001461 0.000492 0.000000
0.001460 0.000499 0.000000
0.001461 0.000509 0.000000
0.001460 0.000521 0.000000
0.001461 0.000531 0.000000
0.001459 0.000538 0.000000
0.001463 0.000547 0.000000
0.001460 0.000556 0.000000
0.001461 0.000570 0.000000
0.001462 0.000582 0.000000
0.001461 0.000590 0.000000
0.001461 0.000600 0.000000
0.001470 0.000300 0.000000
0.001470 0.000310 0.000000
0.001470 0.000320 0.000000
0.001470 0.000329 0.000000
0.001470 0.000339 0.000000
0.001470 0.000351 0.000000
0.001470 0.000360 0.000000
0.001471 0.000369 0.000000
0.001470 0.000380 0.000000
0.001470 0.000391 0.000000
0.001470 0.000399 0.000000
0.001470 0.000410 0.000000
0.001470 0.000421 0.000000
0.001470 0.000431 0.000000
0.001471 0.000438 0.000000
0.001470 0.000450 0.000000
0.001471 0.000461 0.000000
0.001469 0.000470 0.000000
0.001471 0.000479 0.000000
0.001470 0.000488 0.000000
0.001470 0.000501 0.000000
0.001472 0.000511 0.000000
0.001469 0.000519 0.000000
0.001472 0.000529 0.000000
0.001470 0.000541 0.000000
0.001467 0.000561 0.000000
0.001474 0.000553 0.000000
0.001471 0.000570 0.000000
0.001470 0.000580 0.000000
0.001471 0.000590 0.000000
0.001471 0.000600 0.000000
0.001480 0.000300 0.000000
0.001480 0.000310 0.000000
0.001480 0.000320 0.000000
0.001480 0.000330 0.000000
0.001480 0.000341 0.000000
0.001480 0.000349 0.000000
0.001480 0.000359 0.000000
0.001479 0.000371 0.000000
0.001480 0.000380 0.000000
0.001480 0.000389 0.000000
0.001480 0.000400 0.000000
0.001480 0.000411 0.000000
0.001480 0.000419 0.000000
0.001481 0.000429 0.000000
0.001479 0.000442 0.000000
0.001481 0.000451 0.000000
0.001480 0.000459 0.000000
0.001480 0.000470 0.000000
0.001481 0.000482 0.000000
0.001480 0.000491 0.000000
0.001481 0.000500 0.000000
0.001479 0.000509 0.000000
0.001481 0.000520 0.000000
0.001480 0.000531 0.000000
0.001480 0.000541 0.000000
0.001482 0.000548 0.000000
0.001479 0.000561 0.000000
0.001481 0.000571 0.000000
0.001481 0.000580 0.000000
0.001481 0.000590 0.000000
0.001481 0.000600 0.000000
0.001490 0.000300 0.000000
0.001490 0.000310 0.000000
0.001490 0.000320 0.000000
0.001490 0.000330 0.000000
0.001490 0.000339 0.000000
0.001490 0.000350 0.000000
0.001490 0.000361 0.000000
0.001490 0.000369 0.000000
0.001491 0.000379 0.000000
0.001490 0.000391 0.000000
0.001490 0.000401 0.000000
0.001491 0.000409 0.000000
0.001490 0.000420 0.000000
0.001491 0.000431 0.000000
0.001489 0.000439 0.000000
0.001492 0.000448 0.000000
0.001490 0.000461 0.000000
0.001491 0.000471 0.000000
0.001490 0.000479 0.000000
0.001491 0.000489 0.000000
0.001491 0.000500 0.000000
0.001490 0.000511 0.000000
0.001491 0.000521 0.000000
0.001490 0.000529 0.000000
0.001491 0.000539 0.000000
0.001489 0.000552 0.000000
0.001492 0.000561 0.000000
0.001490 0.000569 0.000000
0.001491 0.000580 0.000000
0.001491 0.000590 0.000000
0.001491 0.000600 0.000000
0.001500 0.000300 0.000000
0.001500 0.000310 0.000000
0.001500 0.000320 0.000000
0.001500 0.000330 0.000000
0.001500 0.000341 0.000000
0.001500 0.000350 0.000000
0.001500 0.000359 0.000000
0.001500 0.000370 0.000000
0.001500 0.000381 0.000000
0.001501 0.000389 0.000000
0.001500 0.000399 0.000000
0.001500 0.000410 0.000000
0.001500 0.000421 0.000000
0.001500 0.000429 0.000000
0.001501 0.000440 0.000000
0.001499 0.000452 0.000000
0.001500 0.000460 0.000000
0.001501 0.000469 0.000000
0.001500 0.000480 0.000000
0.001501 0.000491 0.000000
0.001500 0.000500 0.000000
0.001500 0.000510 0.000000
0.001501 0.000520 0.000000
0.001500 0.000531 0.000000
0.001503 0.000541 0.000000
0.001499 0.000549 0.000000
0.001502 0.000559 0.000000
0.001500 0.000571 0.000000
0.001502 0.000580 0.000000
0.001501 0.000590 0.000000
0.001501 0.000600 0.000000
0.001510 0.000300 0.000000
0.001510 0.000310 0.000000
0.001510 0.000320 0.000000
0.001510 0.000330 0.000000
0.001510 0.000340 0.000000
0.001510 0.000350 0.000000
0.001510 0.000360 0.000000
0.001511 0.000370 0.000000
0.001510 0.000379 0.000000
0.001510 0.000390 0.000000
0.001510 0.000401 0.000000
0.001509 0.000410 0.000000
0.001511 0.000419 0.000000
0.001510 0.000430 0.000000
0.001511 0.000441 0.000000
0.001510 0.000448 0.000000
0.001512 0.000459 0.000000
0.001509 0.000471 0.000000
0.001512 0.000480 0.000000
0.001509 0.000489 0.000000
0.001511 0.000500 0.000000
0.001510 0.000511 0.000000
0.001511 0.000520 0.000000
0.001510 0.000530 0.000000
0.001510 0.000540 0.000000
0.001511 0.000551 0.000000
0.001510 0.000562 0.000000
0.001511 0.000570 0.000000
0.001511 0.000580 0.000000
0.001511 0.000590 0.000000
0.001511 0.000600 0.000000
0.001520 0.000300 0.000000
0.001520 0.000310 0.000000
0.001519 0.000320 0.000000
0.001521 0.000330 0.000000
0.001519 0.000340 0.000000
0.001521 0.000350 0.000000
0.001520 0.000360 0.000000
0.001520 0.000369 0.000000
0.001520 0.000380 0.000000
0.001520 0.000391 0.000000
0.001520 0.000399 0.000000
0.001521 0.000409 0.000000
0.001520 0.000421 0.000000
0.001520 0.000431 0.000000
0.001521 0.000439 0.000000
0.001520 0.000451 0.000000
0.001521 0.000462 0.000000
0.001519 0.000469 0.000000
0.001521 0.000479 0.000000
0.001519 0.000491 0.000000
0.001522 0.000501 0.000000
0.001520 0.000509 0.000000
0.001520 0.000520 0.000000
0.001521 0.000530 0.000000
0.001520 0.000540 0.000000
0.001522 0.000550 0.000000
0.001520 0.000559 0.000000
0.001521 0.000570 0.000000
0.001521 0.000580 0.000000
0.001521 0.000590 0.000000
0.001521 0.000600 0.000000
0.001530 0.000300 0.000000
0.001530 0.000310 0.000000
0.001531 0.000320 0.000000
0.001529 0.000330 0.000000
0.001531 0.000340 0.000000
0.001529 0.000350 0.000000
0.001530 0.000360 0.000000
0.001530 0.000371 0.000000
0.001530 0.000381 0.000000
0.001530 0.000389 0.000000
0.001530 0.000400 0.000000
0.001530 0.000412 0.000000
0.001530 0.000419 0.000000
0.001531 0.000429 0.000000
0.001530 0.000441 0.000000
0.001530 0.000451 0.000000
0.001531 0.000458 0.000000
0.001530 0.000470 0.000000
0.001530 0.000481 0.000000
0.001531 0.000490 0.000000
0.001530 0.000499 0.000000
0.001530 0.000510 0.000000
0.001531 0.000521 0.000000
0.001529 0.000530 0.000000
0.001531 0.000539 0.000000
0.001530 0.000550 0.000000
0.001531 0.000561 0.000000
0.001531 0.000571 0.000000
0.001530 0.000580 0.000000
0.001531 0.000590 0.000000
0.001531 0.000600 0.000000
0.001540 0.000300 0.000000
0.001540 0.000310 0.000000
0.001540 0.000320 0.000000
0.001540 0.000330 0.000000
0.001541 0.000340 0.000000
0.001540 0.000350 0.000000
0.001540 0.000361 0.000000
0.001540 0.000369 0.000000
0.001540 0.000379 0.000000
0.001540 0.000391 0.000000
0.001540 0.000401 0.000000
0.001540 0.000408 0.000000
0.001540 0.000420 0.000000
0.001540 0.000431 0.000000
0.001540 0.000440 0.000000
0.001541 0.000449 0.000000
0.001540 0.000461 0.000000
0.001541 0.000471 0.000000
0.001540 0.000479 0.000000
0.001541 0.000490 0.000000
0.001540 0.000501 0.000000
0.001540 0.000511 0.000000
0.001540 0.000519 0.000000
0.001541 0.000530 0.000000
0.001541 0.000541 0.000000
0.001540 0.000551 0.000000
0.001542 0.000559 0.000000
0.001540 0.000569 0.000000
0.001542 0.000579 0.000000
0.001540 0.000590 0.000000
0.001541 0.000600 0.000000
0.001550 0.000300 0.000000
0.001550 0.000310 0.000000
0.001550 0.000320 0.000000
0.001551 0.000330 0.000000
0.001549 0.000341 0.000000
0.001550 0.000349 0.000000
0.001551 0.000359 0.000000
0.001550 0.000371 0.000000
0.001551 0.000381 0.000000
0.001550 0.000389 0.000000
0.001550 0.000400 0.000000
0.001549 0.000411 0.000000
0.001551 0.000421 0.000000
0.001550 0.000429 0.000000
0.001551 0.000440 0.000000
0.001550 0.000451 0.000000
0.001550 0.000460 0.000000
0.001551 0.000469 0.000000
0.001550 0.000480 0.000000
0.001550 0.000492 0.000000
0.001550 0.000499 0.000000
0.001551 0.000509 0.000000
0.001550 0.000520 0.000000
0.001551 0.000531 0.000000
0.001549 0.000539 0.000000
0.001551 0.000550 0.000000
0.001550 0.000561 0.000000
0.001551 0.000571 0.000000
0.001550 0.000581 0.000000
0.001551 0.000590 0.000000
0.001551 0.000600 0.000000
0.001560 0.000300 0.000000
0.001560 0.000310 0.000000
0.001560 0.000321 0.000000
0.001560 0.000329 0.000000
0.001560 0.000339 0.000000
0.001561 0.000351 0.000000
0.001559 0.000361 0.000000
0.001561 0.000369 0.000000
0.001560 0.000379 0.000000
0.001560 0.000390 0.000000
0.001561 0.000401 0.000000
0.001560 0.000410 0.000000
0.001561 0.000419 0.000000
0.001560 0.000430 0.000000
0.001560 0.000441 0.000000
0.001560 0.000450 0.000000
0.001561 0.000459 0.000000
0.001559 0.000471 0.000000
0.001561 0.000481 0.000000
0.001561 0.000488 0.000000
0.001560 0.000500 0.000000
0.001560 0.000512 0.000000
0.001560 0.000519 0.000000
0.001561 0.000529 0.000000
0.001560 0.000540 0.000000
0.001561 0.000551 0.000000
0.001560 0.000560 0.000000
0.001561 0.000569 0.000000
0.001560 0.000579 0.000000
0.001561 0.000590 0.000000
0.001561 0.000600 0.000000
0.001570 0.000300 0.000000
0.001570 0.000310 0.000000
0.001570 0.000319 0.000000
0.001570 0.000331 0.000000
0.001570 0.000341 0.000000
0.001570 0.000349 0.000000
0.001570 0.000359 0.000000
0.001570 0.000371 0.000000
0.001569 0.000381 0.000000
0.001571 0.000390 0.000000
0.001569 0.000399 0.000000
0.001571 0.000409 0.000000
0.001570 0.000421 0.000000
0.001570 0.000431 0.000000
0.001571 0.000438 0.000000
0.001570 0.000449 0.000000
0.001570 0.000462 0.000000
0.001571 0.000469 0.000000
0.001571 0.000479 0.000000
0.001570 0.000491 0.000000
0.001570 0.000501 0.000000
0.001571 0.000508 0.000000
0.001571 0.000520 0.000000
0.001570 0.000531 0.000000
0.001571 0.000540 0.000000
0.001570 0.000549 0.000000
0.001571 0.000560 0.000000
0.001570 0.000572 0.000000
0.001571 0.000581 0.000000
0.001571 0.000590 0.000000
0.001571 0.000600 0.000000
0.001580 0.000300 0.000000
0.001580 0.000310 0.000000
0.001580 0.000321 0.000000
0.001580 0.000330 0.000000
0.001580 0.000339 0.000000
0.001580 0.000351 0.000000
0.001581 0.000361 0.000000
0.001580 0.000369 0.000000
0.001580 0.000379 0.000000
0.001581 0.000389 0.000000
0.001580 0.000401 0.000000
0.001581 0.000411 0.000000
0.001579 0.000419 0.000000
0.001581 0.000429 0.000000
0.001579 0.000441 0.000000
0.001581 0.000451 0.000000
0.001580 0.000458 0.000000
0.001581 0.000470 0.000000
0.001580 0.000482 0.000000
0.001581 0.000489 0.000000
0.001581 0.000499 0.000000
0.001580 0.000511 0.000000
0.001581 0.000521 0.000000
0.001580 0.000529 0.000000
0.001581 0.000539 0.000000
0.001580 0.000551 0.000000
0.001580 0.000561 0.000000
0.001581 0.000568 0.000000
0.001580 0.000579 0.000000
0.001581 0.000590 0.000000
0.001581 0.000600 0.000000
0.001590 0.000300 0.000000
0.001590 0.000310 0.000000
0.001591 0.000320 0.000000
0.001590 0.000330 0.000000
0.001590 0.000341 0.000000
0.001590 0.000350 0.000000
0.001590 0.000359 0.000000
0.001590 0.000370 0.000000
0.001591 0.000381 0.000000
0.001589 0.000391 0.000000
0.001591 0.000399 0.000000
0.001590 0.000409 0.000000
0.001590 0.000421 0.000000
0.001591 0.000431 0.000000
0.001590 0.000439 0.000000
0.001591 0.000449 0.000000
0.001590 0.000461 0.000000
0.001590 0.000471 0.000000
0.001591 0.000479 0.000000
0.001590 0.000490 0.000000
0.001591 0.000500 0.000000
0.001590 0.000510 0.000000
0.001591 0.000518 0.000000
0.001590 0.000530 0.000000
0.001590 0.000542 0.000000
0.001590 0.000549 0.000000
0.001591 0.000559 0.000000
0.001590 0.000572 0.000000
0.001591 0.000581 0.000000
0.001591 0.000590 0.000000
0.001591 0.000600 0.000000
0.001600 0.000300 0.000000
0.001600 0.000310 0.000000
0.001599 0.000320 0.000000
0.001600 0.000330 0.000000
0.001600 0.000340 0.000000
0.001600 0.000350 0.000000
0.001600 0.000360 0.000000
0.001600 0.000371 0.000000
0.001600 0.000379 0.000000
0.001600 0.000389 0.000000
0.001601 0.000401 0.000000
0.001599 0.000411 0.000000
0.001602 0.000419 0.000000
0.001599 0.000429 0.000000
0.001601 0.000440 0.000000
0.001600 0.000451 0.000000
0.001601 0.000460 0.000000
0.001600 0.000469 0.000000
0.001601 0.000480 0.000000
0.001600 0.000491 0.000000
0.001600 0.000499 0.000000
0.001601 0.000509 0.000000
0.001600 0.000521 0.000000
0.001600 0.000531 0.000000
0.001601 0.000537 0.000000
0.001601 0.000550 0.000000
0.001600 0.000562 0.000000
0.001601 0.000568 0.000000
0.001600 0.000579 0.000000
0.001601 0.000590 0.000000
0.001601 0.000600 0.000000
0.001610 0.000300 0.000000
0.001610 0.000310 0.000000
0.001611 0.000321 0.000000
0.001610 0.000329 0.000000
0.001610 0.000340 0.000000
0.001610 0.000351 0.000000
0.001610 0.000360 0.000000
0.001611 0.000369 0.000000
0.001610 0.000381 0.000000
0.001610 0.000392 0.000000
0.001610 0.000399 0.000000
0.001610 0.000409 0.000000
0.001610 0.000421 0.000000
0.001610 0.000430 0.000000
0.001612 0.000440 0.000000
0.001609 0.000450 0.000000
0.001611 0.000459 0.000000
0.001610 0.000471 0.000000
0.001610 0.000481 0.000000
0.001610 0.000488 0.000000
0.001611 0.000500 0.000000
0.001610 0.000512 0.000000
0.001611 0.000519 0.000000
0.001611 0.000529 0.000000
0.001610 0.000542 0.000000
0.001611 0.000551 0.000000
0.001611 0.000558 0.000000
0.001610 0.000571 0.000000
0.001611 0.000581 0.000000
0.001610 0.000590 0.000000
0.001611 0.000600 0.000000
0.001620 0.000300 0.000000
0.001620 0.000310 0.000000
0.001620 0.000319 0.000000
0.001620 0.000330 0.000000
0.001620 0.000341 0.000000
0.001620 0.000349 0.000000
0.001620 0.000360 0.000000
0.001620 0.000372 0.000000
0.001621 0.000379 0.000000
0.001620 0.000389 0.000000
0.001620 0.000401 0.000000
0.001620 0.000411 0.000000
0.001620 0.000419 0.000000
0.001620 0.000430 0.000000
0.001619 0.000440 0.000000
0.001621 0.000450 0.000000
0.001620 0.000462 0.000000
0.001620 0.000469 0.000000
0.001621 0.000479 0.000000
0.001620 0.000491 0.000000
0.001620 0.000501 0.000000
0.001620 0.000508 0.000000
0.001621 0.000520 0.000000
0.001619 0.000532 0.000000
0.001621 0.000538 0.000000
0.001620 0.000549 0.000000
0.001621 0.000560 0.000000
0.001620 0.000570 0.000000
0.001620 0.000579 0.000000
0.001621 0.000590 0.000000
0.001621 0.000600 0.000000
0.001630 0.000300 0.000000
0.001630 0.000310 0.000000
0.001630 0.000321 0.000000
0.001630 0.000330 0.000000
0.001630 0.000339 0.000000
0.001630 0.000351 0.000000
0.001631 0.000361 0.000000
0.001630 0.000369 0.000000
0.001630 0.000380 0.000000
0.001630 0.000392 0.000000
0.001630 0.000399 0.000000
0.001630 0.000409 0.000000
0.001630 0.000420 0.000000
0.001631 0.000430 0.000000
0.001630 0.000440 0.000000
0.001631 0.000450 0.000000
0.001630 0.000458 0.000000
0.001630 0.000470 0.000000
0.001630 0.000482 0.000000
0.001630 0.000489 0.000000
0.001631 0.000499 0.000000
0.001630 0.000511 0.000000
0.001631 0.000521 0.000000
0.001630 0.000528 0.000000
0.001630 0.000540 0.000000
0.001630 0.000551 0.000000
0.001630 0.000560 0.000000
0.001631 0.000569 0.000000
0.001631 0.000581 0.000000
0.001630 0.000590 0.000000
0.001630 0.000600 0.000000
0.001640 0.000300 0.000000
0.001640 0.000310 0.000000
0.001640 0.000320 0.000000
0.001640 0.000330 0.000000
0.001640 0.000341 0.000000
0.001640 0.000350 0.000000
0.001640 0.000360 0.000000
0.001640 0.000370 0.000000
0.001640 0.000381 0.000000
0.001640 0.000388 0.000000
0.001640 0.000400 0.000000
0.001640 0.000411 0.000000
0.001641 0.000420 0.000000
0.001639 0.000430 0.000000
0.001641 0.000439 0.000000
0.001640 0.000450 0.000000
0.001640 0.000461 0.000000
0.001640 0.000471 0.000000
0.001640 0.000479 0.000000
0.001641 0.000490 0.000000
0.001639 0.000502 0.000000
0.001641 0.000510 0.000000
0.001640 0.000519 0.000000
0.001641 0.000530 0.000000
0.001640 0.000541 0.000000
0.001641 0.000549 0.000000
0.001641 0.000559 0.000000
0.001640 0.000571 0.000000
0.001640 0.000580 0.000000
0.001641 0.000590 0.000000
0.001641 0.000600 0.000000
0.001650 0.000300 0.000000
0.001650 0.000310 0.000000
0.001649 0.000320 0.000000
0.001651 0.000331 0.000000
0.001649 0.000340 0.000000
0.001650 0.000349 0.000000
0.001650 0.000360 0.000000
0.001650 0.000371 0.000000
0.001651 0.000379 0.000000
0.001650 0.000390 0.000000
0.001651 0.000401 0.000000
0.001649 0.000410 0.000000
0.001651 0.000419 0.000000
0.001650 0.000431 0.000000
0.001651 0.000441 0.000000
0.001650 0.000450 0.000000
0.001651 0.000459 0.000000
0.001650 0.000469 0.000000
0.001650 0.000480 0.000000
0.001651 0.000491 0.000000
0.001650 0.000499 0.000000
0.001651 0.000509 0.000000
0.001650 0.000521 0.000000
0.001650 0.000531 0.000000
0.001651 0.000538 0.000000
0.001650 0.000551 0.000000
0.001650 0.000562 0.000000
0.001651 0.000569 0.000000
0.001651 0.000580 0.000000
0.001650 0.000590 0.000000
0.001650 0.000600 0.000000
0.001660 0.000300 0.000000
0.001660 0.000310 0.000000
0.001660 0.000321 0.000000
0.001660 0.000329 0.000000
0.001660 0.000340 0.000000
0.001660 0.000352 0.000000
0.001660 0.000359 0.000000
0.001660 0.000369 0.000000
0.001660 0.000381 0.000000
0.001660 0.000391 0.000000
0.001661 0.000398 0.000000
0.001660 0.000410 0.000000
0.001660 0.000422 0.000000
0.001660 0.000429 0.000000
0.001660 0.000439 0.000000
0.001661 0.000450 0.000000
0.001660 0.000460 0.000000
0.001661 0.000471 0.000000
0.001660 0.000481 0.000000
0.001660 0.000489 0.000000
0.001661 0.000500 0.000000
0.001659 0.000513 0.000000
0.001661 0.000518 0.000000
0.001661 0.000529 0.000000
0.001660 0.000541 0.000000
0.001660 0.000551 0.000000
0.001661 0.000558 0.000000
0.001660 0.000570 0.000000
0.001660 0.000581 0.000000
0.001661 0.000590 0.000000
0.001660 0.000600 0.000000
0.001670 0.000300 0.000000
0.001670 0.000310 0.000000
0.001670 0.000319 0.000000
0.001670 0.000331 0.000000
0.001670 0.000341 0.000000
0.001670 0.000348 0.000000
0.001670 0.000360 0.000000
0.001670 0.000372 0.000000
0.001670 0.000379 0.000000
0.001671 0.000389 0.000000
0.001669 0.000401 0.000000
0.001670 0.000411 0.000000
0.001670 0.000418 0.000000
0.001670 0.000430 0.000000
0.001671 0.000441 0.000000
0.001670 0.000450 0.000000
0.001671 0.000460 0.000000
0.001669 0.000469 0.000000
0.001671 0.000479 0.000000
0.001670 0.000491 0.000000
0.001671 0.000501 0.000000
0.001670 0.000508 0.000000
0.001671 0.000520 0.000000
0.001670 0.000532 0.000000
0.001671 0.000539 0.000000
0.001670 0.000549 0.000000
0.001670 0.000562 0.000000
0.001671 0.000571 0.000000
0.001671 0.000579 0.000000
0.001670 0.000590 0.000000
0.001670 0.000600 0.000000
0.001680 0.000300 0.000000
0.001680 0.000310 0.000000
0.001680 0.000321 0.000000
0.001680 0.000329 0.000000
0.001680 0.000339 0.000000
0.001680 0.000351 0.000000
0.001680 0.000361 0.000000
0.001680 0.000368 0.000000
0.001680 0.000380 0.000000
0.001680 0.000391 0.000000
0.001680 0.000399 0.000000
0.001681 0.000409 0.000000
0.001680 0.000421 0.000000
0.001680 0.000431 0.000000
0.001680 0.000439 0.000000
0.001680 0.000450 0.000000
0.001681 0.000460 0.000000
0.001680 0.000471 0.000000
0.001680 0.000482 0.000000
0.001680 0.000489 0.000000
0.001680 0.000499 0.000000
0.001680 0.000511 0.000000
0.001680 0.000521 0.000000
0.001680 0.000528 0.000000
0.001681 0.000540 0.000000
0.001679 0.000552 0.000000
0.001682 0.000558 0.000000
0.001680 0.000569 0.000000
0.001681 0.000581 0.000000
0.001680 0.000590 0.000000
0.001680 0.000600 0.000000
0.001690 0.000300 0.000000
0.001690 0.000310 0.000000
0.001690 0.000319 0.000000
0.001690 0.000330 0.000000
0.001690 0.000341 0.000000
0.001690 0.000349 0.000000
0.001690 0.000359 0.000000
0.001690 0.000371 0.000000
0.001691 0.000381 0.000000
0.001689 0.000389 0.000000
0.001691 0.000400 0.000000
0.001689 0.000411 0.000000
0.001691 0.000420 0.000000
0.001690 0.000429 0.000000
0.001690 0.000440 0.000000
0.001691 0.000451 0.000000
0.001689 0.000460 0.000000
0.001691 0.000469 0.000000
0.001690 0.000478 0.000000
0.001690 0.000491 0.000000
0.001691 0.000501 0.000000
0.001690 0.000509 0.000000
0.001691 0.000519 0.000000
0.001690 0.000531 0.000000
0.001690 0.000541 0.000000
0.001690 0.000549 0.000000
0.001690 0.000561 0.000000
0.001691 0.000571 0.000000
0.001690 0.000579 0.000000
0.001691 0.000590 0.000000
0.001690 0.000600 0.000000
0.001700 0.000300 0.000000
0.001700 0.000310 0.000000
0.001699 0.000320 0.000000
0.001700 0.000330 0.000000
0.001700 0.000339 0.000000
0.001700 0.000350 0.000000
0.001700 0.000361 0.000000
0.001700 0.000370 0.000000
0.001700 0.000379 0.000000
0.001700 0.000390 0.000000
0.001700 0.000401 0.000000
0.001700 0.000409 0.000000
0.001700 0.000419 0.000000
0.001700 0.000431 0.000000
0.001700 0.000441 0.000000
0.001700 0.000449 0.000000
0.001700 0.000460 0.000000
0.001700 0.000472 0.000000
0.001700 0.000481 0.000000
0.001701 0.000490 0.000000
0.001699 0.000499 0.000000
0.001701 0.000510 0.000000
0.001700 0.000521 0.000000
0.001701 0.000530 0.000000
0.001700 0.000539 0.000000
0.001701 0.000550 0.000000
0.001700 0.000560 0.000000
0.001700 0.000569 0.000000
0.001701 0.000580 0.000000
0.001700 0.000590 0.000000
0.001700 0.000600 0.000000
0.001710 0.000300 0.000000
0.001710 0.000310 0.000000
0.001710 0.000320 0.000000
0.001710 0.000329 0.000000
0.001710 0.000340 0.000000
0.001711 0.000351 0.000000
0.001709 0.000360 0.000000
0.001711 0.000369 0.000000
0.001709 0.000381 0.000000
0.001710 0.000391 0.000000
0.001710 0.000398 0.000000
0.001710 0.000410 0.000000
0.001710 0.000422 0.000000
0.001710 0.000429 0.000000
0.001711 0.000439 0.000000
0.001710 0.000451 0.000000
0.001710 0.000461 0.000000
0.001710 0.000468 0.000000
0.001710 0.000479 0.000000
0.001711 0.000490 0.000000
0.001710 0.000500 0.000000
0.001711 0.000511 0.000000
0.001710 0.000519 0.000000
0.001711 0.000529 0.000000
0.001710 0.000541 0.000000
0.001710 0.000551 0.000000
0.001710 0.000559 0.000000
0.001711 0.000570 0.000000
0.001710 0.000581 0.000000
0.001711 0.000590 0.000000
0.001710 0.000600 0.000000
0.001720 0.000300 0.000000
0.001720 0.000310 0.000000
0.001720 0.000319 0.000000
0.001720 0.000331 0.000000
0.001720 0.000341 0.000000
0.001720 0.000349 0.000000
0.001720 0.000360 0.000000
0.001720 0.000372 0.000000
0.001720 0.000379 0.000000
0.001721 0.000389 0.000000
0.001720 0.000401 0.000000
0.001720 0.000411 0.000000
0.001720 0.000418 0.000000
0.001720 0.000430 0.000000
0.001719 0.000442 0.000000
0.001721 0.000449 0.000000
0.001720 0.000459 0.000000
0.001720 0.000471 0.000000
0.001721 0.000481 0.000000
0.001719 0.000490 0.000000
0.001721 0.000500 0.000000
0.001719 0.000509 0.000000
0.001721 0.000520 0.000000
0.001719 0.000532 0.000000
0.001721 0.000539 0.000000
0.001721 0.000549 0.000000
0.001720 0.000561 0.000000
0.001720 0.000571 0.000000
0.001721 0.000579 0.000000
0.001720 0.000590 0.000000
0.001720 0.000600 0.000000
0.001730 0.000300 0.000000
0.001730 0.000310 0.000000
0.001730 0.000321 0.000000
0.001730 0.000330 0.000000
0.001730 0.000339 0.000000
0.001730 0.000351 0.000000
0.001730 0.000361 0.000000
0.001730 0.000368 0.000000
0.001730 0.000380 0.000000
0.001730 0.000392 0.000000
0.001730 0.000399 0.000000
0.001731 0.000409 0.000000
0.001729 0.000421 0.000000
0.001731 0.000431 0.000000
0.001730 0.000438 0.000000
0.001730 0.000450 0.000000
0.001730 0.000461 0.000000
0.001731 0.000470 0.000000
0.001730 0.000479 0.000000
0.001730 0.000490 0.000000
0.001731 0.000500 0.000000
0.001730 0.000511 0.000000
0.001731 0.000521 0.000000
0.001730 0.000528 0.000000
0.001731 0.000540 0.000000
0.001729 0.000552 0.000000
0.001731 0.000559 0.000000
0.001730 0.000570 0.000000
0.001730 0.000581 0.000000
0.001730 0.000590 0.000000
0.001730 0.000600 0.000000
0.001740 0.000300 0.000000
0.001740 0.000310 0.000000
0.001740 0.000319 0.000000
0.001740 0.000330 0.000000
0.001740 0.000341 0.000000
0.001740 0.000349 0.000000
0.001740 0.000359 0.000000
0.001740 0.000371 0.000000
0.001740 0.000381 0.000000
0.001740 0.000388 0.000000
0.001740 0.000400 0.000000
0.001740 0.000411 0.000000
0.001741 0.000420 0.000000
0.001740 0.000429 0.000000
0.001740 0.000440 0.000000
0.001740 0.000451 0.000000
0.001740 0.000459 0.000000
0.001741 0.000470 0.000000
0.001740 0.000481 0.000000
0.001741 0.000491 0.000000
0.001738 0.000500 0.000000
0.001741 0.000509 0.000000
0.001740 0.000519 0.000000
0.001741 0.000531 0.000000
0.001740 0.000541 0.000000
0.001741 0.000548 0.000000
0.001740 0.000561 0.000000
0.001740 0.000571 0.000000
0.001740 0.000579 0.000000
0.001740 0.000590 0.000000
0.001740 0.000600 0.000000
0.001750 0.000300 0.000000
0.001750 0.000310 0.000000
0.001749 0.000320 0.000000
0.001750 0.000330 0.000000
0.001750 0.000339 0.000000
0.001750 0.000350 0.000000
0.001750 0.000361 0.000000
0.001750 0.000369 0.000000
0.001750 0.000379 0.000000
0.001749 0.000391 0.000000
0.001751 0.000401 0.000000
0.001749 0.000409 0.000000
0.001751 0.000419 0.000000
0.001750 0.000430 0.000000
0.001750 0.000441 0.000000
0.001751 0.000448 0.000000
0.001750 0.000460 0.000000
0.001750 0.000471 0.000000
0.001750 0.000479 0.000000
0.001751 0.000489 0.000000
0.001750 0.000500 0.000000
0.001751 0.000511 0.000000
0.001749 0.000520 0.000000
0.001752 0.000529 0.000000
0.001749 0.000539 0.000000
0.001750 0.000551 0.000000
0.001750 0.000560 0.000000
0.001750 0.000570 0.000000
0.001751 0.000581 0.000000
0.001750 0.000590 0.000000
0.001750 0.000600 0.000000
0.001760 0.000300 0.000000
0.001760 0.000310 0.000000
0.001760 0.000320 0.000000
0.001760 0.000330 0.000000
0.001760 0.000340 0.000000
0.001760 0.000351 0.000000
0.001760 0.000359 0.000000
0.001760 0.000370 0.000000
0.001760 0.000381 0.000000
0.001760 0.000390 0.000000
0.001760 0.000399 0.000000
0.001760 0.000410 0.000000
0.001760 0.000422 0.000000
0.001760 0.000429 0.000000
0.001760 0.000439 0.000000
0.001760 0.000451 0.000000
0.001760 0.000461 0.000000
0.001760 0.000468 0.000000
0.001761 0.000480 0.000000
0.001760 0.000492 0.000000
0.001761 0.000500 0.000000
0.001760 0.000509 0.000000
0.001761 0.000520 0.000000
0.001759 0.000531 0.000000
0.001761 0.000540 0.000000
0.001760 0.000550 0.000000
0.001760 0.000559 0.000000
0.001761 0.000570 0.000000
0.001760 0.000580 0.000000
0.001761 0.000590 0.000000
0.001760 0.000600 0.000000
0.001770 0.000300 0.000000
0.001770 0.000310 0.000000
0.001770 0.000319 0.000000
0.001770 0.000330 0.000000
0.001770 0.000341 0.000000
0.001770 0.000349 0.000000
0.001770 0.000360 0.000000
0.001771 0.000371 0.000000
0.001769 0.000380 0.000000
0.001771 0.000389 0.000000
0.001770 0.000401 0.000000
0.001770 0.000411 0.000000
0.001770 0.000418 0.000000
0.001770 0.000430 0.000000
0.001770 0.000442 0.000000
0.001770 0.000449 0.000000
0.001771 0.000459 0.000000
0.001770 0.000471 0.000000
0.001770 0.000481 0.000000
0.001770 0.000488 0.000000
0.001770 0.000500 0.000000
0.001770 0.000512 0.000000
0.001770 0.000520 0.000000
0.001771 0.000530 0.000000
0.001770 0.000540 0.000000
0.001770 0.000549 0.000000
0.001770 0.000561 0.000000
0.001770 0.000571 0.000000
0.001771 0.000579 0.000000
0.001770 0.000590 0.000000
0.001770 0.000600 0.000000
0.001780 0.000300 0.000000
0.001780 0.000310 0.000000
0.001780 0.000321 0.000000
0.001780 0.000330 0.000000
0.001780 0.000339 0.000000
0.001780 0.000351 0.000000
0.001780 0.000361 0.000000
0.001780 0.000369 0.000000
0.001780 0.000380 0.000000
0.001780 0.000392 0.000000
0.001780 0.000399 0.000000
0.001781 0.000409 0.000000
0.001779 0.000421 0.000000
0.001780 0.000431 0.000000
0.001780 0.000438 0.000000
0.001780 0.000450 0.000000
0.001780 0.000462 0.000000
0.001780 0.000469 0.000000
0.001781 0.000479 0.000000
0.001780 0.000491 0.000000
0.001780 0.000501 0.000000
0.001780 0.000509 0.000000
0.001780 0.000520 0.000000
0.001781 0.000530 0.000000
0.001780 0.000540 0.000000
0.001781 0.000551 0.000000
0.001780 0.000559 0.000000
0.001780 0.000569 0.000000
0.001780 0.000581 0.000000
0.001780 0.000590 0.000000
0.001780 0.000600 0.000000
0.001790 0.000300 0.000000
0.001790 0.000310 0.000000
0.001790 0.000319 0.000000
0.001790 0.000330 0.000000
0.001790 0.000341 0.000000
0.001790 0.000349 0.000000
0.001790 0.000359 0.000000
0.001790 0.000371 0.000000
0.001790 0.000381 0.000000
0.001790 0.000388 0.000000
0.001790 0.000400 0.000000
0.001790 0.000411 0.000000
0.001790 0.000419 0.000000
0.001790 0.000429 0.000000
0.001790 0.000441 0.000000
0.001790 0.000451 0.000000
0.001790 0.000458 0.000000
0.001791 0.000470 0.000000
0.001789 0.000481 0.000000
0.001791 0.000489 0.000000
0.001790 0.000499 0.000000
0.001790 0.000511 0.000000
0.001791 0.000521 0.000000
0.001789 0.000530 0.000000
0.001791 0.000539 0.000000
0.001790 0.000549 0.000000
0.001790 0.000561 0.000000
0.001790 0.000571 0.000000
0.001790 0.000579 0.000000
0.001790 0.000590 0.000000
0.001790 0.000600 0.000000
0.001800 0.000300 0.000000
0.001800 0.000310 0.000000
0.001800 0.000321 0.000000
0.001800 0.000330 0.000000
0.001800 0.000339 0.000000
0.001800 0.000350 0.000000
0.001800 0.000361 0.000000
0.001800 0.000369 0.000000
0.001800 0.000380 0.000000
0.001799 0.000391 0.000000
0.001801 0.000400 0.000000
0.001799 0.000409 0.000000
0.001800 0.000420 0.000000
0.001800 0.000431 0.000000
0.001800 0.000440 0.000000
0.001801 0.000449 0.000000
0.001800 0.000460 0.000000
0.001800 0.000471 0.000000
0.001800 0.000479 0.000000
0.001800 0.000490 0.000000
0.001800 0.000501 0.000000
0.001801 0.000511 0.000000
0.001800 0.000519 0.000000
0.001801 0.000530 0.000000
0.001800 0.000541 0.000000
0.001800 0.000551 0.000000
0.001801 0.000559 0.000000
0.001800 0.000569 0.000000
0.001801 0.000581 0.000000
0.001800 0.000590 0.000000
0.001800 0.000600 0.000000
0.001810 0.000300 0.000000
0.001810 0.000310 0.000000
0.001810 0.000320 0.000000
0.001810 0.000330 0.000000
0.001810 0.000340 0.000000
0.001811 0.000350 0.000000
0.001810 0.000360 0.000000
0.001810 0.000370 0.000000
0.001810 0.000380 0.000000
0.001810 0.000390 0.000000
0.001810 0.000399 0.000000
0.001810 0.000410 0.000000
0.001810 0.000421 0.000000
0.001810 0.000429 0.000000
0.001811 0.000439 0.000000
0.001810 0.000451 0.000000
0.001811 0.000461 0.000000
0.001810 0.000469 0.000000
0.001811 0.000480 0.000000
0.001810 0.000491 0.000000
0.001810 0.000499 0.000000
0.001811 0.000508 0.000000
0.001810 0.000521 0.000000
0.001811 0.000531 0.000000
0.001810 0.000538 0.000000
0.001811 0.000549 0.000000
0.001810 0.000561 0.000000
0.001811 0.000570 0.000000
0.001810 0.000580 0.000000
0.001810 0.000590 0.000000
0.001810 0.000600 0.000000
0.001820 0.000300 0.000000
0.001820 0.000310 0.000000
0.001819 0.000320 0.000000
0.001820 0.000330 0.000000
0.001820 0.000340 0.000000
0.001820 0.000349 0.000000
0.001820 0.000360 0.000000
0.001821 0.000371 0.000000
0.001819 0.000380 0.000000
0.001821 0.000389 0.000000
0.001820 0.000401 0.000000
0.001820 0.000411 0.000000
0.001820 0.000419 0.000000
0.001820 0.000430 0.000000
0.001820 0.000442 0.000000
0.001819 0.000450 0.000000
0.001821 0.000459 0.000000
0.001820 0.000471 0.000000
0.001820 0.000481 0.000000
0.001820 0.000489 0.000000
0.001821 0.000500 0.000000
0.001819 0.000512 0.000000
0.001821 0.000519 0.000000
0.001820 0.000529 0.000000
0.001820 0.000541 0.000000
0.001821 0.000551 0.000000
0.001820 0.000559 0.000000
0.001820 0.000570 0.000000
0.001820 0.000580 0.000000
0.001820 0.000590 0.000000
0.001820 0.000600 0.000000
0.001830 0.000300 0.000000
0.001830 0.000310 0.000000
0.001831 0.000321 0.000000
0.001830 0.000330 0.000000
0.001830 0.000339 0.000000
0.001830 0.000351 0.000000
0.001830 0.000361 0.000000
0.001830 0.000369 0.000000
0.001830 0.000380 0.000000
0.001830 0.000392 0.000000
0.001830 0.000399 0.000000
0.001830 0.000409 0.000000
0.001830 0.000421 0.000000
0.001830 0.000431 0.000000
0.001830 0.000438 0.000000
0.001830 0.000450 0.000000
0.001830 0.000462 0.000000
0.001830 0.000469 0.000000
0.001831 0.000479 0.000000
0.001830 0.000491 0.000000
0.001831 0.000501 0.000000
0.001830 0.000508 0.000000
0.001831 0.000520 0.000000
0.001830 0.000532 0.000000
0.001831 0.000539 0.000000
0.001830 0.000549 0.000000
0.001831 0.000561 0.000000
0.001830 0.000570 0.000000
0.001830 0.000580 0.000000
0.001830 0.000590 0.000000
0.001830 0.000600 0.000000
0.001840 0.000300 0.000000
0.001840 0.000310 0.000000
0.001840 0.000319 0.000000
0.001840 0.000330 0.000000
0.001840 0.000341 0.000000
0.001840 0.000349 0.000000
0.001840 0.000359 0.000000
0.001840 0.000371 0.000000
0.001840 0.000381 0.000000
0.001840 0.000388 0.000000
0.001840 0.000400 0.000000
0.001840 0.000411 0.000000
0.001840 0.000419 0.000000
0.001840 0.000429 0.000000
0.001840 0.000441 0.000000
0.001841 0.000451 0.000000
0.001840 0.000459 0.000000
0.001840 0.000470 0.000000
0.001840 0.000481 0.000000
0.001841 0.000490 0.000000
0.001840 0.000500 0.000000
0.001841 0.000510 0.000000
0.001839 0.000521 0.000000
0.001841 0.000529 0.000000
0.001840 0.000540 0.000000
0.001841 0.000551 0.000000
0.001840 0.000560 0.000000
0.001841 0.000570 0.000000
0.001840 0.000580 0.000000
0.001840 0.000590 0.000000
0.001840 0.000600 0.000000
0.001850 0.000300 0.000000
0.001850 0.000310 0.000000
0.001850 0.000321 0.000000
0.001850 0.000330 0.000000
0.001850 0.000339 0.000000
0.001850 0.000351 0.000000
0.001850 0.000361 0.000000
0.001850 0.000369 0.000000
0.001850 0.000380 0.000000
0.001849 0.000391 0.000000
0.001851 0.000400 0.000000
0.001850 0.000409 0.000000
0.001850 0.000420 0.000000
0.001850 0.000431 0.000000
0.001850 0.000440 0.000000
0.001851 0.000449 0.000000
0.001849 0.000460 0.000000
0.001851 0.000470 0.000000
0.001849 0.000480 0.000000
0.001851 0.000489 0.000000
0.001849 0.000500 0.000000
0.001851 0.000511 0.000000
0.001850 0.000519 0.000000
0.001850 0.000530 0.000000
0.001850 0.000541 0.000000
0.001850 0.000549 0.000000
0.001851 0.000560 0.000000
0.001850 0.000570 0.000000
0.001850 0.000581 0.000000
0.001850 0.000590 0.000000
0.001850 0.000600 0.000000
0.001860 0.000300 0.000000
0.001860 0.000310 0.000000
0.001860 0.000319 0.000000
0.001860 0.000330 0.000000
0.001860 0.000341 0.000000
0.001860 0.000349 0.000000
0.001860 0.000359 0.000000
0.001859 0.000370 0.000000
0.001861 0.000380 0.000000
0.001859 0.000390 0.000000
0.001860 0.000400 0.000000
0.001860 0.000410 0.000000
0.001860 0.000421 0.000000
0.001859 0.000429 0.000000
0.001861 0.000440 0.000000
0.001860 0.000450 0.000000
0.001860 0.000461 0.000000
0.001859 0.000469 0.000000
0.001861 0.000480 0.000000
0.001859 0.000492 0.000000
0.001861 0.000499 0.000000
0.001860 0.000509 0.000000
0.001860 0.000521 0.000000
0.001859 0.000532 0.000000
0.001861 0.000538 0.000000
0.001860 0.000550 0.000000
0.001860 0.000561 0.000000
0.001860 0.000570 0.000000
0.001860 0.000579 0.000000
0.001860 0.000590 0.000000
0.001860 0.000600 0.000000
0.001870 0.000300 0.000000
0.001870 0.000310 0.000000
0.001869 0.000320 0.000000
0.001871 0.000330 0.000000
0.001870 0.000340 0.000000
0.001870 0.000350 0.000000
0.001870 0.000360 0.000000
0.001870 0.000371 0.000000
0.001869 0.000379 0.000000
0.001870 0.000390 0.000000
0.001870 0.000401 0.000000
0.001869 0.000411 0.000000
0.001871 0.000419 0.000000
0.001870 0.000430 0.000000
0.001871 0.000441 0.000000
0.001869 0.000450 0.000000
0.001871 0.000459 0.000000
0.001869 0.000471 0.000000
0.001871 0.000482 0.000000
0.001870 0.000488 0.000000
0.001871 0.000500 0.000000
0.001869 0.000512 0.000000
0.001871 0.000519 0.000000
0.001870 0.000529 0.000000
0.001870 0.000541 0.000000
0.001870 0.000551 0.000000
0.001870 0.000558 0.000000
0.001870 0.000570 0.000000
0.001870 0.000581 0.000000
0.001870 0.000590 0.000000
0.001870 0.000600 0.000000
0.001880 0.000300 0.000000
0.001880 0.000310 0.000000
0.001881 0.000320 0.000000
0.001880 0.000330 0.000000
0.001880 0.000340 0.000000
0.001881 0.000351 0.000000
0.001879 0.000360 0.000000
0.001880 0.000369 0.000000
0.001880 0.000380 0.000000
0.001880 0.000391 0.000000
0.001880 0.000399 0.000000
0.001880 0.000409 0.000000
0.001880 0.000421 0.000000
0.001880 0.000431 0.000000
0.001880 0.000438 0.000000
0.001880 0.000450 0.000000
0.001880 0.000462 0.000000
0.001880 0.000468 0.000000
0.001881 0.000479 0.000000
0.001879 0.000491 0.000000
0.001880 0.000501 0.000000
0.001880 0.000508 0.000000
0.001880 0.000520 0.000000
0.001880 0.000532 0.000000
0.001881 0.000539 0.000000
0.001880 0.000549 0.000000
0.001880 0.000561 0.000000
0.001880 0.000571 0.000000
0.001880 0.000579 0.000000
0.001880 0.000590 0.000000
0.001880 0.000600 0.000000
0.001890 0.000300 0.000000
0.001890 0.000310 0.000000
0.001890 0.000319 0.000000
0.001890 0.000331 0.000000
0.001890 0.000341 0.000000
0.001890 0.000349 0.000000
0.001890 0.000360 0.000000
0.001890 0.000372 0.000000
0.001890 0.000379 0.000000
0.001890 0.000389 0.000000
0.001890 0.000401 0.000000
0.001890 0.000411 0.000000
0.001890 0.000419 0.000000
0.001890 0.000429 0.000000
0.001890 0.000441 0.000000
0.001890 0.000451 0.000000
0.001891 0.000458 0.000000
0.001890 0.000470 0.000000
0.001890 0.000482 0.000000
0.001890 0.000489 0.000000
0.001890 0.000499 0.000000
0.001890 0.000511 0.000000
0.001890 0.000521 0.000000
0.001890 0.000528 0.000000
0.001890 0.000540 0.000000
0.001890 0.000551 0.000000
0.001891 0.000559 0.000000
0.001890 0.000569 0.000000
0.001891 0.000581 0.000000
0.001890 0.000590 0.000000
0.001890 0.000600 0.000000
0.001900 0.000300 0.000000
0.001900 0.000310 0.000000
0.001900 0.000321 0.000000
0.001900 0.000329 0.000000
0.001900 0.000339 0.000000
0.001900 0.000351 0.000000
0.001900 0.000361 0.000000
0.001900 0.000368 0.000000
0.001900 0.000380 0.000000
0.001900 0.000392 0.000000
0.001901 0.000399 0.000000
0.001900 0.000409 0.000000
0.001900 0.000420 0.000000
0.001900 0.000431 0.000000
0.001900 0.000439 0.000000
0.001900 0.000450 0.000000
0.001899 0.000461 0.000000
0.001901 0.000470 0.000000
0.001899 0.000479 0.000000
0.001900 0.000490 0.000000
0.001900 0.000501 0.000000
0.001900 0.000509 0.000000
0.001900 0.000519 0.000000
0.001900 0.000531 0.000000
0.001901 0.000540 0.000000
0.001900 0.000549 0.000000
0.001900 0.000560 0.000000
0.001900 0.000571 0.000000
0.001900 0.000579 0.000000
0.001900 0.000590 0.000000
0.001900 0.000600 0.000000
0.001910 0.000300 0.000000
0.001910 0.000310 0.000000
0.001910 0.000319 0.000000
0.001910 0.000330 0.000000
0.001910 0.000341 0.000000
0.001910 0.000349 0.000000
0.001910 0.000360 0.000000
0.001909 0.000371 0.000000
0.001911 0.000380 0.000000
0.001909 0.000389 0.000000
0.001910 0.000400 0.000000
0.001910 0.000411 0.000000
0.001910 0.000420 0.000000
0.001910 0.000429 0.000000
0.001910 0.000440 0.000000
0.001911 0.000450 0.000000
0.001910 0.000460 0.000000
0.001910 0.000470 0.000000
0.001910 0.000480 0.000000
0.001910 0.000491 0.000000
0.001910 0.000499 0.000000
0.001910 0.000510 0.000000
0.001910 0.000520 0.000000
0.001910 0.000530 0.000000
0.001910 0.000539 0.000000
0.001911 0.000550 0.000000
0.001910 0.000561 0.000000
0.001910 0.000569 0.000000
0.001911 0.000580 0.000000
0.001910 0.000590 0.000000
0.001910 0.000600 0.000000
0.001920 0.000300 0.000000
0.001920 0.000310 0.000000
0.001919 0.000321 0.000000
0.001921 0.000330 0.000000
0.001920 0.000339 0.000000
0.001919 0.000350 0.000000
0.001921 0.000360 0.000000
0.001920 0.000370 0.000000
0.001920 0.000380 0.000000
0.001920 0.000390 0.000000
0.001920 0.000401 0.000000
0.001920 0.000409 0.000000
0.001920 0.000420 0.000000
0.001920 0.000430 0.000000
0.001921 0.000441 0.000000
0.001919 0.000450 0.000000
0.001921 0.000460 0.000000
0.001920 0.000471 0.000000
0.001920 0.000481 0.000000
0.001921 0.000489 0.000000
0.001920 0.000500 0.000000
0.001920 0.000511 0.000000
0.001919 0.000520 0.000000
0.001921 0.000529 0.000000
0.001920 0.000541 0.000000
0.001920 0.000551 0.000000
0.001920 0.000559 0.000000
0.001921 0.000570 0.000000
0.001919 0.000580 0.000000
0.001920 0.000590 0.000000
0.001920 0.000600 0.000000
0.001930 0.000300 0.000000
0.001930 0.000310 0.000000
0.001930 0.000320 0.000000
0.001930 0.000330 0.000000
0.001930 0.000340 0.000000
0.001931 0.000351 0.000000
0.001929 0.000359 0.000000
0.001930 0.000370 0.000000
0.001930 0.000381 0.000000
0.001930 0.000391 0.000000
0.001930 0.000399 0.000000
0.001930 0.000410 0.000000
0.001931 0.000421 0.000000
0.001929 0.000430 0.000000
0.001931 0.000439 0.000000
0.001930 0.000450 0.000000
0.001930 0.000462 0.000000
0.001930 0.000469 0.000000
0.001931 0.000479 0.000000
0.001930 0.000491 0.000000
0.001930 0.000501 0.000000
0.001930 0.000508 0.000000
0.001930 0.000520 0.000000
0.001929 0.000532 0.000000
0.001930 0.000539 0.000000
0.001931 0.000549 0.000000
0.001930 0.000561 0.000000
0.001930 0.000571 0.000000
0.001931 0.000579 0.000000
0.001930 0.000590 0.000000
0.001930 0.000600 0.000000
0.001940 0.000300 0.000000
0.001940 0.000310 0.000000
0.001940 0.000320 0.000000
0.001941 0.000330 0.000000
0.001939 0.000340 0.000000
0.001940 0.000349 0.000000
0.001940 0.000360 0.000000
0.001940 0.000371 0.000000
0.001940 0.000379 0.000000
0.001940 0.000389 0.000000
0.001940 0.000401 0.000000
0.001940 0.000411 0.000000
0.001940 0.000418 0.000000
0.001940 0.000430 0.000000
0.001940 0.000442 0.000000
0.001940 0.000450 0.000000
0.001940 0.000458 0.000000
0.001940 0.000471 0.000000
0.001940 0.000482 0.000000
0.001939 0.000489 0.000000
0.001941 0.000499 0.000000
0.001939 0.000511 0.000000
0.001940 0.000521 0.000000
0.001940 0.000528 0.000000
0.001941 0.000540 0.000000
0.001939 0.000552 0.000000
0.001941 0.000559 0.000000
0.001940 0.000569 0.000000
0.001940 0.000581 0.000000
0.001940 0.000590 0.000000
0.001940 0.000600 0.000000
0.001950 0.000300 0.000000
0.001950 0.000310 0.000000
0.001950 0.000320 0.000000
0.001950 0.000329 0.000000
0.001950 0.000340 0.000000
0.001950 0.000352 0.000000
0.001950 0.000359 0.000000
0.001950 0.000369 0.000000
0.001950 0.000381 0.000000
0.001950 0.000392 0.000000
0.001950 0.000398 0.000000
0.001950 0.000409 0.000000
0.001950 0.000421 0.000000
0.001950 0.000431 0.000000
0.001950 0.000438 0.000000
0.001950 0.000450 0.000000
0.001950 0.000462 0.000000
0.001950 0.000469 0.000000
0.001950 0.000479 0.000000
0.001950 0.000491 0.000000
0.001950 0.000502 0.000000
0.001950 0.000508 0.000000
0.001950 0.000519 0.000000
0.001950 0.000531 0.000000
0.001950 0.000541 0.000000
0.001950 0.000548 0.000000
0.001950 0.000560 0.000000
0.001949 0.000572 0.000000
0.001951 0.000579 0.000000
0.001950 0.000590 0.000000
0.001950 0.000600 0.000000
0.001960 0.000300 0.000000
0.001960 0.000310 0.000000
0.001960 0.000320 0.000000
0.001960 0.000331 0.000000
0.001960 0.000340 0.000000
0.001960 0.000349 0.000000
0.001960 0.000360 0.000000
0.001960 0.000372 0.000000
0.001960 0.000379 0.000000
0.001960 0.000389 0.000000
0.001960 0.000401 0.000000
0.001960 0.000411 0.000000
0.001960 0.000418 0.000000
0.001961 0.000430 0.000000
0.001959 0.000441 0.000000
0.001961 0.000450 0.000000
0.001959 0.000459 0.000000
0.001961 0.000470 0.000000
0.001959 0.000481 0.000000
0.001961 0.000489 0.000000
0.001959 0.000499 0.000000
0.001961 0.000510 0.000000
0.001959 0.000522 0.000000
0.001961 0.000529 0.000000
0.001960 0.000540 0.000000
0.001960 0.000551 0.000000
0.001959 0.000560 0.000000
0.001961 0.000568 0.000000
0.001960 0.000581 0.000000
0.001960 0.000590 0.000000
0.001960 0.000600 0.000000
0.001970 0.000300 0.000000
0.001970 0.000310 0.000000
0.001970 0.000320 0.000000
0.001970 0.000329 0.000000
0.001970 0.000340 0.000000
0.001970 0.000351 0.000000
0.001970 0.000360 0.000000
0.001970 0.000369 0.000000
0.001970 0.000380 0.000000
0.001970 0.000391 0.000000
0.001970 0.000399 0.000000
0.001970 0.000409 0.000000
0.001970 0.000421 0.000000
0.001971 0.000430 0.000000
0.001969 0.000439 0.000000
0.001971 0.000450 0.000000
0.001969 0.000461 0.000000
0.001971 0.000470 0.000000
0.001969 0.000479 0.000000
0.001971 0.000490 0.000000
0.001969 0.000501 0.000000
0.001971 0.000510 0.000000
0.001970 0.000519 0.000000
0.001971 0.000531 0.000000
0.001969 0.000541 0.000000
0.001971 0.000549 0.000000
0.001970 0.000560 0.000000
0.001970 0.000571 0.000000
0.001970 0.000580 0.000000
0.001970 0.000590 0.000000
0.001970 0.000600 0.000000
0.001980 0.000300 0.000000
0.001980 0.000310 0.000000
0.001980 0.000320 0.000000
0.001980 0.000330 0.000000
0.001980 0.000340 0.000000
0.001980 0.000349 0.000000
0.001980 0.000360 0.000000
0.001980 0.000370 0.000000
0.001980 0.000380 0.000000
0.001980 0.000389 0.000000
0.001980 0.000401 0.000000
0.001980 0.000410 0.000000
0.001980 0.000420 0.000000
0.001980 0.000430 0.000000
0.001980 0.000440 0.000000
0.001980 0.000450 0.000000
0.001980 0.000460 0.000000
0.001980 0.000470 0.000000
0.001980 0.000480 0.000000
0.001980 0.000490 0.000000
0.001980 0.000499 0.000000
0.001980 0.000510 0.000000
0.001980 0.000520 0.000000
0.001980 0.000530 0.000000
0.001980 0.000539 0.000000
0.001980 0.000551 0.000000
0.001980 0.000560 0.000000
0.001980 0.000570 0.000000
0.001980 0.000580 0.000000
0.001980 0.000590 0.000000
0.001980 0.000600 0.000000
0.001990 0.000300 0.000000
0.001990 0.000310 0.000000
0.001990 0.000320 0.000000
0.001990 0.000330 0.000000
0.001990 0.000340 0.000000
0.001990 0.000350 0.000000
0.001990 0.000360 0.000000
0.001990 0.000370 0.000000
0.001990 0.000380 0.000000
0.001990 0.000390 0.000000
0.001990 0.000400 0.000000
0.001990 0.000410 0.000000
0.001990 0.000420 0.000000
0.001990 0.000430 0.000000
0.001990 0.000440 0.000000
0.001990 0.000450 0.000000
0.001990 0.000460 0.000000
0.001990 0.000470 0.000000
0.001990 0.000480 0.000000
0.001990 0.000490 0.000000
0.001990 0.000500 0.000000
0.001990 0.000510 0.000000
0.001990 0.000520 0.000000
0.001990 0.000530 0.000000
0.001990 0.000540 0.000000
0.001990 0.000550 0.000000
0.001990 0.000560 0.000000
0.001990 0.000570 0.000000
0.001990 0.000580 0.000000
0.001990 0.000590 0.000000
0.001990 0.000600 0.000000
0.002000 0.000300 0.000000
0.002000 0.000310 0.000000
0.002000 0.000320 0.000000
0.002000 0.000330 0.000000
0.002000 0.000340 0.000000
0.002000 0.000350 0.000000
0.002000 0.000360 0.000000
0.002000 0.000370 0.000000
0.002000 0.000380 0.000000
0.002000 0.000390 0.000000
0.002000 0.000400 0.000000
0.002000 0.000410 0.000000
0.002000 0.000420 0.000000
0.002000 0.000430 0.000000
0.002000 0.000440 0.000000
0.002000 0.000450 0.000000
0.002000 0.000460 0.000000
0.002000 0.000470 0.000000
0.002000 0.000480 0.000000
0.002000 0.000490 0.000000
0.002000 0.000500 0.000000
0.002000 0.000510 0.000000
0.002000 0.000520 0.000000
0.002000 0.000530 0.000000
0.002000 0.000540 0.000000
0.002000 0.000550 0.000000
0.002000 0.000560 0.000000
0.002000 0.000570 0.000000
0.002000 0.000580 0.000000
0.002000 0.000590 0.000000
0.002000 0.000600 0.000000

CELLS 6231 12462
1 0
1 1
1 2
1 3
1 4
1 5
1 6
1 7
1 8
1 9
1 10
1 11
1 12
1 13
1 14
1 15
1 16
1 17
1 18
1 19
1 20
1 21
1 22
1 23
1 24
1 25
1 26
1 27
1 28
1 29
1 30
1 31
1 32
1 33
1 34
1 35
1 36
1 37
1 38
1 39
1 40
1 41
1 42
1 43
1 44
1 45
1 46
1 47
1 48
1 49
1 50
1 51
1 52
1 53
1 54
1 55
1 56
1 57
1 58
1 59
1 60
1 61
1 62
1 63
1 64
1 65
1 66
1 67
1 68
1 69
1 70
1 71
1 72
1 73
1 74
1 75
1 76
1 77
1 78
1 79
1 80
1 81
1 82
1 83
1 84
1 85
1 86
1 87
1 88
1 89
1 90
1 91
1 92
1 93
1 94
1 95
1 96
1 97
1 98
1 99
1 100
1 101
1 102
1 103
1 104
1 105
1 106
1 107
1 108
1 109
1 110
1 111
1 112
1 113
1 114
1 115
1 116
1 117
1 118
1 119
1 120
1 121
1 122
1 123
1 124
1 125
1 126
1 127
1 128
1 129
1 130
1 131
1 132
1 133
1 134
1 135
1 136
1 137
1 138
1 139
1 140
1 141
1 142
1 143
1 144
1 145
1 146
1 147
1 148
1 149
1 150
1 151
1 152
1 153
1 154
1 155
1 156
1 157
1 158
1 159
1 160
1 161
1 162
1 163
1 164
1 165
1 166
1 167
1 168
1 169
1 170
1 171
1 172
1 173
1 174
1 175
1 176
1 177
1 178
1 179
1 180
1 181
1 182
1 183
1 184
1 185
1 186
1 187
1 188
1 189
1 190
1 191
1 192
1 193
1 194
1 195
1 196
1 197
1 198
1 199
1 200
1 201
1 202
1 203
1 204
1 205
1 206
1 207
1 208
1 209
1 210
1 211
1 212
1 213
1 214
1 215
1 216
1 217
1 218
1 219
1 220
1 221
1 222
1 223
1 224
1 225
1 226
1 227
1 228
1 229
1 230
1 231
1 232
1 233
1 234
1 235
1 236
1 237
1 238
1 239
1 240
1 241
1 242
1 243
1 244
1 245
1 246
1 247
1 248
1 249
1 250
1 251
1 252
1 253
1 254
1 255
1 256
1 257
1 258
1 259
1 260
1 261
1 262
1 263
1 264
1 265
1 266
1 267
1 268
1 269
1 270
1 271
1 272
1 273
1 274
1 275
1 276
1 277
1 278
1 279
1 280
1 281
1 282
1 283
1 284
1 285
1 286
1 287
1 288
1 289
1 290
1 291
1 292
1 293
1 294
1 295
1 296
1 297
1 298
1 299
1 300
1 301
1 302
1 303
1 304
1 305
1 306
1 307
1 308
1 309
1 310
1 311
1 312
1 313
1 314
1 315
1 316
1 317
1 318
1 319
1 320
1 321
1 322
1 323
1 324
1 325
1 326
1 327
1 328
1 329
1 330
1 331
1 332
1 333
1 334
1 335
1 336
1 337
1 338
1 339
1 340
1 341
1 342
1 343
1 344
1 345
1 346
1 347
1 348
1 349
1 350
1 351
1 352
1 353
1 354
1 355
1 356
1 357
1 358
1 359
1 360
1 361
1 362
1 363
1 364
1 365
1 366
1 367
1 368
1 369
1 370
1 371
1 372
1 373
1 374
1 375
1 376
1 377
1 378
1 379
1 380
1 381
1 382
1 383
1 384
1 385
1 386
1 387
1 388
1 389
1 390
1 391
1 392
1 393
1 394
1 395
1 396
1 397
1 398
1 399
1 400
1 401
1 402
1 403
1 404
1 405
1 406
1 407
1 408
1 409
1 410
1 411
1 412
1 413
1 414
1 415
1 416
1 417
1 418
1 419
1 420
1 421
1 422
1 423
1 424
1 425
1 426
1 427
1 428
1 429
1 430
1 431
1 432
1 433
1 434
1 435
1 436
1 437
1 438
1 439
1 440
1 441
1 442
1 443
1 444
1 445
1 446
1 447
1 448
1 449
1 450
1 451
1 452
1 453
1 454
1 455
1 456
1 457
1 458
1 459
1 460
1 461
1 462
1 463
1 464
1 465
1 466
1 467
1 468
1 469
1 470
1 471
1 472
1 473
1 474
1 475
1 476
1 477
1 478
1 479
1 480
1 481
1 482
1 483
1 484
1 485
1 486
1 487
1 488
1 489
1 490
1 491
1 492
1 493
1 494
1 495
1 496
1 497
1 498
1 499
1 500
1 501
1 502
1 503
1 504
1 505
1 506
1 507
1 508
1 509
1 510
1 511
1 512
1 513
1 514
1 515
1 516
1 517
1 518
1 519
1 520
1 521
1 522
1 523
1 524
1 525
1 526
1 527
1 528
1 529
1 530
1 531
1 532
1 533
1 534
1 535
1 536
1 537
1 538
1 539
1 540
1 541
1 542
1 543
1 544
1 545
1 546
1 547
1 548
1 549
1 550
1 551
1 552
1 553
1 554
1 555
1 556
1 557
1 558
1 559
1 560
1 561
1 562
1 563
1 564
1 565
1 566
1 567
1 568
1 569
1 570
1 571
1 572
1 573
1 574
1 575
1 576
1 577
1 578
1 579
1 580
1 581
1 582
1 583
1 584
1 585
1 586
1 587
1 588
1 589
1 590
1 591
1 592
1 593
1 594
1 595
1 596
1 597
1 598
1 599
1 600
1 601
1 602
1 603
1 604
1 605
1 606
1 607
1 608
1 609
1 610
1 611
1 612
1 613
1 614
1 615
1 616
1 617
1 618
1 619
1 620
1 621
1 622
1 623
1 624
1 625
1 626
1 627
1 628
1 629
1 630
1 631
1 632
1 633
1 634
1 635
1 636
1 637
1 638
1 639
1 640
1 641
1 642
1 643
1 644
1 645
1 646
1 647
1 648
1 649
1 650
1 651
1 652
1 653
1 654
1 655
1 656
1 657
1 658
1 659
1 660
1 661
1 662
1 663
1 664
1 665
1 666
1 667
1 668
1 669
1 670
1 671
1 672
1 673
1 674
1 675
1 676
1 677
1 678
1 679
1 680
1 681
1 682
1 683
1 684
1 685
1 686
1 687
1 688
1 689
1 690
1 691
1 692
1 693
1 694
1 695
1 696
1 697
1 698
1 699
1 700
1 701
1 702
1 703
1 704
1 705
1 706
1 707
1 708
1 709
1 710
1 711
1 712
1 713
1 714
1 715
1 716
1 717
1 718
1 719
1 720
1 721
1 722
1 723
1 724
1 725
1 726
1 727
1 728
1 729
1 730
1 731
1 732
1 733
1 734
1 735
1 736
1 737
1 738
1 739
1 740
1 741
1 742
1 743
1 744
1 745
1 746
1 747
1 748
1 749
1 750
1 751
1 752
1 753
1 754
1 755
1 756
1 757
1 758
1 759
1 760
1 761
1 762
1 763
1 764
1 765
1 766
1 767
1 768
1 769
1 770
1 771
1 772
1 773
1 774
1 775
1 776
1 777
1 778
1 779
1 780
1 781
1 782
1 783
1 784
1 785
1 786
1 787
1 788
1 789
1 790
1 791
1 792
1 793
1 794
1 795
1 796
1 797
1 798
1 799
1 800
1 801
1 802
1 803
1 804
1 805
1 806
1 807
1 808
1 809
1 810
1 811
1 812
1 813
1 814
1 815
1 816
1 817
1 818
1 819
1 820
1 821
1 822
1 823
1 824
1 825
1 826
1 827
1 828
1 829
1 830
1 831
1 832
1 833
1 834
1 835
1 836
1 837
1 838
1 839
1 840
1 841
1 842
1 843
1 844
1 845
1 846
1 847
1 848
1 849
1 850
1 851
1 852
1 853
1 854
1 855
1 856
1 857
1 858
1 859
1 860
1 861
1 862
1 863
1 864
1 865
1 866
1 867
1 868
1 869
1 870
1 871
1 872
1 873
1 874
1 875
1 876
1 877
1 878
1 879
1 880
1 881
1 882
1 883
1 884
1 885
1 886
1 887
1 888
1 889
1 890
1 891
1 892
1 893
1 894
1 895
1 896
1 897
1 898
1 899
1 900
1 901
1 902
1 903
1 904
1 905
1 906
1 907
1 908
1 909
1 910
1 911
1 912
1 913
1 914
1 915
1 916
1 917
1 918
1 919
1 920
1 921
1 922
1 923
1 924
1 925
1 926
1 927
1 928
1 929
1 930
1 931
1 932
1 933
1 934
1 935
1 936
1 937
1 938
1 939
1 940
1 941
1 942
1 943
1 944
1 945
1 946
1 947
1 948
1 949
1 950
1 951
1 952
1 953
1 954
1 955
1 956
1 957
1 958
1 959
1 960
1 961
1 962
1 963
1 964
1 965
1 966
1 967
1 968
1 969
1 970
1 971
1 972
1 973
1 974
1 975
1 976
1 977
1 978
1 979
1 980
1 981
1 982
1 983
1 984
1 985
1 986
1 987
1 988
1 989
1 990
1 991
1 992
1 993
1 994
1 995
1 996
1 997
1 998
1 999
1 1000
1 1001
1 1002
1 1003
1 1004
1 1005
1 1006
1 1007
1 1008
1 1009
1 1010
1 1011
1 1012
1 1013
1 1014
1 1015
1 1016
1 1017
1 1018
1 1019
1 1020
1 1021
1 1022
1 1023
1 1024
1 1025
1 1026
1 1027
1 1028
1 1029
1 1030
1 1031
1 1032
1 1033
1 1034
1 1035
1 1036
1 1037
1 1038
1 1039
1 1040
1 1041
1 1042
1 1043
1 1044
1 1045
1 1046
1 1047
1 1048
1 1049
1 1050
1 1051
1 1052
1 1053
1 1054
1 1055
1 1056
1 1057
1 1058
1 1059
1 1060
1 1061
1 1062
1 1063
1 1064
1 1065
1 1066
1 1067
1 1068
1 1069
1 1070
1 1071
1 1072
1 1073
1 1074
1 1075
1 1076
1 1077
1 1078
1 1079
1 1080
1 1081
1 1082
1 1083
1 1084
1 1085
1 1086
1 1087
1 1088
1 1089
1 1090
1 1091
1 1092
1 1093
1 1094
1 1095
1 1096
1 1097
1 1098
1 1099
1 1100
1 1101
1 1102
1 1103
1 1104
1 1105
1 1106
1 1107
1 1108
1 1109
1 1110
1 1111
1 1112
1 1113
1 1114
1 1115
1 1116
1 1117
1 1118
1 1119
1 1120
1 1121
1 1122
1 1123
1 1124
1 1125
1 1126
1 1127
1 1128
1 1129
1 1130
1 1131
1 1132
1 1133
1 1134
1 1135
1 1136
1 1137
1 1138
1 1139
1 1140
1 1141
1 1142
1 1143
1 1144
1 1145
1 1146
1 1147
1 1148
1 1149
1 1150
1 1151
1 1152
1 1153
1 1154
1 1155
1 1156
1 1157
1 1158
1 1159
1 1160
1 1161
1 1162
1 1163
1 1164
1 1165
1 1166
1 1167
1 1168
1 1169
1 1170
1 1171
1 1172
1 1173
1 1174
1 1175
1 1176
1 1177
1 1178
1 1179
1 1180
1 1181
1 1182
1 1183
1 1184
1 1185
1 1186
1 1187
1 1188
1 1189
1 1190
1 1191
1 1192
1 1193
1 1194
1 1195
1 1196
1 1197
1 1198
1 1199
1 1200
1 1201
1 1202
1 1203
1 1204
1 1205
1 1206
1 1207
1 1208
1 1209
1 1210
1 1211
1 1212
1 1213
1 1214
1 1215
1 1216
1 1217
1 1218
1 1219
1 1220
1 1221
1 1222
1 1223
1 1224
1 1225
1 1226
1 1227
1 1228
1 1229
1 1230
1 1231
1 1232
1 1233
1 1234
1 1235
1 1236
1 1237
1 1238
1 1239
1 1240
1 1241
1 1242
1 1243
1 1244
1 1245
1 1246
1 1247
1 1248
1 1249
1 1250
1 1251
1 1252
1 1253
1 1254
1 1255
1 1256
1 1257
1 1258
1 1259
1 1260
1 1261
1 1262
1 1263
1 1264
1 1265
1 1266
1 1267
1 1268
1 1269
1 1270
1 1271
1 1272
1 1273
1 1274
1 1275
1 1276
1 1277
1 1278
1 1279
1 1280
1 1281
1 1282
1 1283
1 1284
1 1285
1 1286
1 1287
1 1288
1 1289
1 1290
1 1291
1 1292
1 1293
1 1294
1 1295
1 1296
1 1297
1 1298
1 1299
1 1300
1 1301
1 1302
1 1303
1 1304
1 1305
1 1306
1 1307
1 1308
1 1309
1 1310
1 1311
1 1312
1 1313
1 1314
1 1315
1 1316
1 1317
1 1318
1 1319
1 1320
1 1321
1 1322
1 1323
1 1324
1 1325
1 1326
1 1327
1 1328
1 1329
1 1330
1 1331
1 1332
1 1333
1 1334
1 1335
1 1336
1 1337
1 1338
1 1339
1 1340
1 1341
1 1342
1 1343
1 1344
1 1345
1 1346
1 1347
1 1348
1 1349
1 1350
1 1351
1 1352
1 1353
1 1354
1 1355
1 1356
1 1357
1 1358
1 1359
1 1360
1 1361
1 1362
1 1363
1 1364
1 1365
1 1366
1 1367
1 1368
1 1369
1 1370
1 1371
1 1372
1 1373
1 1374
1 1375
1 1376
1 1377
1 1378
1 1379
1 1380
1 1381
1 1382
1 1383
1 1384
1 1385
1 1386
1 1387
1 1388
1 1389
1 1390
1 1391
1 1392
1 1393
1 1394
1 1395
1 1396
1 1397
1 1398
1 1399
1 1400
1 1401
1 1402
1 1403
1 1404
1 1405
1 1406
1 1407
1 1408
1 1409
1 1410
1 1411
1 1412
1 1413
1 1414
1 1415
1 1416
1 1417
1 1418
1 1419
1 1420
1 1421
1 1422
1 1423
1 1424
1 1425
1 1426
1 1427
1 1428
1 1429
1 1430
1 1431
1 1432
1 1433
1 1434
1 1435
1 1436
1 1437
1 1438
1 1439
1 1440
1 1441
1 1442
1 1443
1 1444
1 1445
1 1446
1 1447
1 1448
1 1449
1 1450
1 1451
1 1452
1 1453
1 1454
1 1455
1 1456
1 1457
1 1458
1 1459
1 1460
1 1461
1 1462
1 1463
1 1464
1 1465
1 1466
1 1467
1 1468
1 1469
1 1470
1 1471
1 1472
1 1473
1 1474
1 1475
1 1476
1 1477
1 1478
1 1479
1 1480
1 1481
1 1482
1 1483
1 1484
1 1485
1 1486
1 1487
1 1488
1 1489
1 1490
1 1491
1 1492
1 1493
1 1494
1 1495
1 1496
1 1497
1 1498
1 1499
1 1500
1 1501
1 1502
1 1503
1 1504
1 1505
1 1506
1 1507
1 1508
1 1509
1 1510
1 1511
1 1512
1 1513
1 1514
1 1515
1 1516
1 1517
1 1518
1 1519
1 1520
1 1521
1 1522
1 1523
1 1524
1 1525
1 1526
1 1527
1 1528
1 1529
1 1530
1 1531
1 1532
1 1533
1 1534
1 1535
1 1536
1 1537
1 1538
1 1539
1 1540
1 1541
1 1542
1 1543
1 1544
1 1545
1 1546
1 1547
1 1548
1 1549
1 1550
1 1551
1 1552
1 1553
1 1554
1 1555
1 1556
1 1557
1 1558
1 1559
1 1560
1 1561
1 1562
1 1563
1 1564
1 1565
1 1566
1 1567
1 1568
1 1569
1 1570
1 1571
1 1572
1 1573
1 1574
1 1575
1 1576
1 1577
1 1578
1 1579
1 1580
1 1581
1 1582
1 1583
1 1584
1 1585
1 1586
1 1587
1 1588
1 1589
1 1590
1 1591
1 1592
1 1593
1 1594
1 1595
1 1596
1 1597
1 1598
1 1599
1 1600
1 1601
1 1602
1 1603
1 1604
1 1605
1 1606
1 1607
1 1608
1 1609
1 1610
1 1611
1 1612
1 1613
1 1614
1 1615
1 1616
1 1617
1 1618
1 1619
1 1620
1 1621
1 1622
1 1623
1 1624
1 1625
1 1626
1 1627
1 1628
1 1629
1 1630
1 1631
1 1632
1 1633
1 1634
1 1635
1 1636
1 1637
1 1638
1 1639
1 1640
1 1641
1 1642
1 1643
1 1644
1 1645
1 1646
1 1647
1 1648
1 1649
1 1650
1 1651
1 1652
1 1653
1 1654
1 1655
1 1656
1 1657
1 1658
1 1659
1 1660
1 1661
1 1662
1 1663
1 1664
1 1665
1 1666
1 1667
1 1668
1 1669
1 1670
1 1671
1 1672
1 1673
1 1674
1 1675
1 1676
1 1677
1 1678
1 1679
1 1680
1 1681
1 1682
1 1683
1 1684
1 1685
1 1686
1 1687
1 1688
1 1689
1 1690
1 1691
1 1692
1 1693
1 1694
1 1695
1 1696
1 1697
1 1698
1 1699
1 1700
1 1701
1 1702
1 1703
1 1704
1 1705
1 1706
1 1707
1 1708
1 1709
1 1710
1 1711
1 1712
1 1713
1 1714
1 1715
1 1716
1 1717
1 1718
1 1719
1 1720
1 1721
1 1722
1 1723
1 1724
1 1725
1 1726
1 1727
1 1728
1 1729
1 1730
1 1731
1 1732
1 1733
1 1734
1 1735
1 1736
1 1737
1 1738
1 1739
1 1740
1 1741
1 1742
1 1743
1 1744
1 1745
1 1746
1 1747
1 1748
1 1749
1 1750
1 1751
1 1752
1 1753
1 1754
1 1755
1 1756
1 1757
1 1758
1 1759
1 1760
1 1761
1 1762
1 1763
1 1764
1 1765
1 1766
1 1767
1 1768
1 1769
1 1770
1 1771
1 1772
1 1773
1 1774
1 1775
1 1776
1 1777
1 1778
1 1779
1 1780
1 1781
1 1782
1 1783
1 1784
1 1785
1 1786
1 1787
1 1788
1 1789
1 1790
1 1791
1 1792
1 1793
1 1794
1 1795
1 1796
1 1797
1 1798
1 1799
1 1800
1 1801
1 1802
1 1803
1 1804
1 1805
1 1806
1 1807
1 1808
1 1809
1 1810
1 1811
1 1812
1 1813
1 1814
1 1815
1 1816
1 1817
1 1818
1 1819
1 1820
1 1821
1 1822
1 1823
1 1824
1 1825
1 1826
1 1827
1 1828
1 1829
1 1830
1 1831
1 1832
1 1833
1 1834
1 1835
1 1836
1 1837
1 1838
1 1839
1 1840
1 1841
1 1842
1 1843
1 1844
1 1845
1 1846
1 1847
1 1848
1 1849
1 1850
1 1851
1 1852
1 1853
1 1854
1 1855
1 1856
1 1857
1 1858
1 1859
1 1860
1 1861
1 1862
1 1863
1 1864
1 1865
1 1866
1 1867
1 1868
1 1869
1 1870
1 1871
1 1872
1 1873
1 1874
1 1875
1 1876
1 1877
1 1878
1 1879
1 1880
1 1881
1 1882
1 1883
1 1884
1 1885
1 1886
1 1887
1 1888
1 1889
1 1890
1 1891
1 1892
1 1893
1 1894
1 1895
1 1896
1 1897
1 1898
1 1899
1 1900
1 1901
1 1902
1 1903
1 1904
1 1905
1 1906
1 1907
1 1908
1 1909
1 1910
1 1911
1 1912
1 1913
1 1914
1 1915
1 1916
1 1917
1 1918
1 1919
1 1920
1 1921
1 1922
1 1923
1 1924
1 1925
1 1926
1 1927
1 1928
1 1929
1 1930
1 1931
1 1932
1 1933
1 1934
1 1935
1 1936
1 1937
1 1938
1 1939
1 1940
1 1941
1 1942
1 1943
1 1944
1 1945
1 1946
1 1947
1 1948
1 1949
1 1950
1 1951
1 1952
1 1953
1 1954
1 1955
1 1956
1 1957
1 1958
1 1959
1 1960
1 1961
1 1962
1 1963
1 1964
1 1965
1 1966
1 1967
1 1968
1 1969
1 1970
1 1971
1 1972
1 1973
1 1974
1 1975
1 1976
1 1977
1 1978
1 1979
1 1980
1 1981
1 1982
1 1983
1 1984
1 1985
1 1986
1 1987
1 1988
1 1989
1 1990
1 1991
1 1992
1 1993
1 1994
1 1995
1 1996
1 1997
1 1998
1 1999
1 2000
1 2001
1 2002
1 2003
1 2004
1 2005
1 2006
1 2007
1 2008
1 2009
1 2010
1 2011
1 2012
1 2013
1 2014
1 2015
1 2016
1 2017
1 2018
1 2019
1 2020
1 2021
1 2022
1 2023
1 2024
1 2025
1 2026
1 2027
1 2028
1 2029
1 2030
1 2031
1 2032
1 2033
1 2034
1 2035
1 2036
1 2037
1 2038
1 2039
1 2040
1 2041
1 2042
1 2043
1 2044
1 2045
1 2046
1 2047
1 2048
1 2049
1 2050
1 2051
1 2052
1 2053
1 2054
1 2055
1 2056
1 2057
1 2058
1 2059
1 2060
1 2061
1 2062
1 2063
1 2064
1 2065
1 2066
1 2067
1 2068
1 2069
1 2070
1 2071
1 2072
1 2073
1 2074
1 2075
1 2076
1 2077
1 2078
1 2079
1 2080
1 2081
1 2082
1 2083
1 2084
1 2085
1 2086
1 2087
1 2088
1 2089
1 2090
1 2091
1 2092
1 2093
1 2094
1 2095
1 2096
1 2097
1 2098
1 2099
1 2100
1 2101
1 2102
1 2103
1 2104
1 2105
1 2106
1 2107
1 2108
1 2109
1 2110
1 2111
1 2112
1 2113
1 2114
1 2115
1 2116
1 2117
1 2118
1 2119
1 2120
1 2121
1 2122
1 2123
1 2124
1 2125
1 2126
1 2127
1 2128
1 2129
1 2130
1 2131
1 2132
1 2133
1 2134
1 2135
1 2136
1 2137
1 2138
1 2139
1 2140
1 2141
1 2142
1 2143
1 2144
1 2145
1 2146
1 2147
1 2148
1 2149
1 2150
1 2151
1 2152
1 2153
1 2154
1 2155
1 2156
1 2157
1 2158
1 2159
1 2160
1 2161
1 2162
1 2163
1 2164
1 2165
1 2166
1 2167
1 2168
1 2169
1 2170
1 2171
1 2172
1 2173
1 2174
1 2175
1 2176
1 2177
1 2178
1 2179
1 2180
1 2181
1 2182
1 2183
1 2184
1 2185
1 2186
1 2187
1 2188
1 2189
1 2190
1 2191
1 2192
1 2193
1 2194
1 2195
1 2196
1 2197
1 2198
1 2199
1 2200
1 2201
1 2202
1 2203
1 2204
1 2205
1 2206
1 2207
1 2208
1 2209
1 2210
1 2211
1 2212
1 2213
1 2214
1 2215
1 2216
1 2217
1 2218
1 2219
1 2220
1 2221
1 2222
1 2223
1 2224
1 2225
1 2226
1 2227
1 2228
1 2229
1 2230
1 2231
1 2232
1 2233
1 2234
1 2235
1 2236
1 2237
1 2238
1 2239
1 2240
1 2241
1 2242
1 2243
1 2244
1 2245
1 2246
1 2247
1 2248
1 2249
1 2250
1 2251
1 2252
1 2253
1 2254
1 2255
1 2256
1 2257
1 2258
1 2259
1 2260
1 2261
1 2262
1 2263
1 2264
1 2265
1 2266
1 2267
1 2268
1 2269
1 2270
1 2271
1 2272
1 2273
1 2274
1 2275
1 2276
1 2277
1 2278
1 2279
1 2280
1 2281
1 2282
1 2283
1 2284
1 2285
1 2286
1 2287
1 2288
1 2289
1 2290
1 2291
1 2292
1 2293
1 2294
1 2295
1 2296
1 2297
1 2298
1 2299
1 2300
1 2301
1 2302
1 2303
1 2304
1 2305
1 2306
1 2307
1 2308
1 2309
1 2310
1 2311
1 2312
1 2313
1 2314
1 2315
1 2316
1 2317
1 2318
1 2319
1 2320
1 2321
1 2322
1 2323
1 2324
1 2325
1 2326
1 2327
1 2328
1 2329
1 2330
1 2331
1 2332
1 2333
1 2334
1 2335
1 2336
1 2337
1 2338
1 2339
1 2340
1 2341
1 2342
1 2343
1 2344
1 2345
1 2346
1 2347
1 2348
1 2349
1 2350
1 2351
1 2352
1 2353
1 2354
1 2355
1 2356
1 2357
1 2358
1 2359
1 2360
1 2361
1 2362
1 2363
1 2364
1 2365
1 2366
1 2367
1 2368
1 2369
1 2370
1 2371
1 2372
1 2373
1 2374
1 2375
1 2376
1 2377
1 2378
1 2379
1 2380
1 2381
1 2382
1 2383
1 2384
1 2385
1 2386
1 2387
1 2388
1 2389
1 2390
1 2391
1 2392
1 2393
1 2394
1 2395
1 2396
1 2397
1 2398
1 2399
1 2400
1 2401
1 2402
1 2403
1 2404
1 2405
1 2406
1 2407
1 2408
1 2409
1 2410
1 2411
1 2412
1 2413
1 2414
1 2415
1 2416
1 2417
1 2418
1 2419
1 2420
1 2421
1 2422
1 2423
1 2424
1 2425
1 2426
1 2427
1 2428
1 2429
1 2430
1 2431
1 2432
1 2433
1 2434
1 2435
1 2436
1 2437
1 2438
1 2439
1 2440
1 2441
1 2442
1 2443
1 2444
1 2445
1 2446
1 2447
1 2448
1 2449
1 2450
1 2451
1 2452
1 2453
1 2454
1 2455
1 2456
1 2457
1 2458
1 2459
1 2460
1 2461
1 2462
1 2463
1 2464
1 2465
1 2466
1 2467
1 2468
1 2469
1 2470
1 2471
1 2472
1 2473
1 2474
1 2475
1 2476
1 2477
1 2478
1 2479
1 2480
1 2481
1 2482
1 2483
1 2484
1 2485
1 2486
1 2487
1 2488
1 2489
1 2490
1 2491
1 2492
1 2493
1 2494
1 2495
1 2496
1 2497
1 2498
1 2499
1 2500
1 2501
1 2502
1 2503
1 2504
1 2505
1 2506
1 2507
1 2508
1 2509
1 2510
1 2511
1 2512
1 2513
1 2514
1 2515
1 2516
1 2517
1 2518
1 2519
1 2520
1 2521
1 2522
1 2523
1 2524
1 2525
1 2526
1 2527
1 2528
1 2529
1 2530
1 2531
1 2532
1 2533
1 2534
1 2535
1 2536
1 2537
1 2538
1 2539
1 2540
1 2541
1 2542
1 2543
1 2544
1 2545
1 2546
1 2547
1 2548
1 2549
1 2550
1 2551
1 2552
1 2553
1 2554
1 2555
1 2556
1 2557
1 2558
1 2559
1 2560
1 2561
1 2562
1 2563
1 2564
1 2565
1 2566
1 2567
1 2568
1 2569
1 2570
1 2571
1 2572
1 2573
1 2574
1 2575
1 2576
1 2577
1 2578
1 2579
1 2580
1 2581
1 2582
1 2583
1 2584
1 2585
1 2586
1 2587
1 2588
1 2589
1 2590
1 2591
1 2592
1 2593
1 2594
1 2595
1 2596
1 2597
1 2598
1 2599
1 2600
1 2601
1 2602
1 2603
1 2604
1 2605
1 2606
1 2607
1 2608
1 2609
1 2610
1 2611
1 2612
1 2613
1 2614
1 2615
1 2616
1 2617
1 2618
1 2619
1 2620
1 2621
1 2622
1 2623
1 2624
1 2625
1 2626
1 2627
1 2628
1 2629
1 2630
1 2631
1 2632
1 2633
1 2634
1 2635
1 2636
1 2637
1 2638
1 2639
1 2640
1 2641
1 2642
1 2643
1 2644
1 2645
1 2646
1 2647
1 2648
1 2649
1 2650
1 2651
1 2652
1 2653
1 2654
1 2655
1 2656
1 2657
1 2658
1 2659
1 2660
1 2661
1 2662
1 2663
1 2664
1 2665
1 2666
1 2667
1 2668
1 2669
1 2670
1 2671
1 2672
1 2673
1 2674
1 2675
1 2676
1 2677
1 2678
1 2679
1 2680
1 2681
1 2682
1 2683
1 2684
1 2685
1 2686
1 2687
1 2688
1 2689
1 2690
1 2691
1 2692
1 2693
1 2694
1 2695
1 2696
1 2697
1 2698
1 2699
1 2700
1 2701
1 2702
1 2703
1 2704
1 2705
1 2706
1 2707
1 2708
1 2709
1 2710
1 2711
1 2712
1 2713
1 2714
1 2715
1 2716
1 2717
1 2718
1 2719
1 2720
1 2721
1 2722
1 2723
1 2724
1 2725
1 2726
1 2727
1 2728
1 2729
1 2730
1 2731
1 2732
1 2733
1 2734
1 2735
1 2736
1 2737
1 2738
1 2739
1 2740
1 2741
1 2742
1 2743
1 2744
1 2745
1 2746
1 2747
1 2748
1 2749
1 2750
1 2751
1 2752
1 2753
1 2754
1 2755
1 2756
1 2757
1 2758
1 2759
1 2760
1 2761
1 2762
1 2763
1 2764
1 2765
1 2766
1 2767
1 2768
1 2769
1 2770
1 2771
1 2772
1 2773
1 2774
1 2775
1 2776
1 2777
1 2778
1 2779
1 2780
1 2781
1 2782
1 2783
1 2784
1 2785
1 2786
1 2787
1 2788
1 2789
1 2790
1 2791
1 2792
1 2793
1 2794
1 2795
1 2796
1 2797
1 2798
1 2799
1 2800
1 2801
1 2802
1 2803
1 2804
1 2805
1 2806
1 2807
1 2808
1 2809
1 2810
1 2811
1 2812
1 2813
1 2814
1 2815
1 2816
1 2817
1 2818
1 2819
1 2820
1 2821
1 2822
1 2823
1 2824
1 2825
1 2826
1 2827
1 2828
1 2829
1 2830
1 2831
1 2832
1 2833
1 2834
1 2835
1 2836
1 2837
1 2838
1 2839
1 2840
1 2841
1 2842
1 2843
1 2844
1 2845
1 2846
1 2847
1 2848
1 2849
1 2850
1 2851
1 2852
1 2853
1 2854
1 2855
1 2856
1 2857
1 2858
1 2859
1 2860
1 2861
1 2862
1 2863
1 2864
1 2865
1 2866
1 2867
1 2868
1 2869
1 2870
1 2871
1 2872
1 2873
1 2874
1 2875
1 2876
1 2877
1 2878
1 2879
1 2880
1 2881
1 2882
1 2883
1 2884
1 2885
1 2886
1 2887
1 2888
1 2889
1 2890
1 2891
1 2892
1 2893
1 2894
1 2895
1 2896
1 2897
1 2898
1 2899
1 2900
1 2901
1 2902
1 2903
1 2904
1 2905
1 2906
1 2907
1 2908
1 2909
1 2910
1 2911
1 2912
1 2913
1 2914
1 2915
1 2916
1 2917
1 2918
1 2919
1 2920
1 2921
1 2922
1 2923
1 2924
1 2925
1 2926
1 2927
1 2928
1 2929
1 2930
1 2931
1 2932
1 2933
1 2934
1 2935
1 2936
1 2937
1 2938
1 2939
1 2940
1 2941
1 2942
1 2943
1 2944
1 2945
1 2946
1 2947
1 2948
1 2949
1 2950
1 2951
1 2952
1 2953
1 2954
1 2955
1 2956
1 2957
1 2958
1 2959
1 2960
1 2961
1 2962
1 2963
1 2964
1 2965
1 2966
1 2967
1 2968
1 2969
1 2970
1 2971
1 2972
1 2973
1 2974
1 2975
1 2976
1 2977
1 2978
1 2979
1 2980
1 2981
1 2982
1 2983
1 2984
1 2985
1 2986
1 2987
1 2988
1 2989
1 2990
1 2991
1 2992
1 2993
1 2994
1 2995
1 2996
1 2997
1 2998
1 2999
1 3000
1 3001
1 3002
1 3003
1 3004
1 3005
1 3006
1 3007
1 3008
1 3009
1 3010
1 3011
1 3012
1 3013
1 3014
1 3015
1 3016
1 3017
1 3018
1 3019
1 3020
1 3021
1 3022
1 3023
1 3024
1 3025
1 3026
1 3027
1 3028
1 3029
1 3030
1 3031
1 3032
1 3033
1 3034
1 3035
1 3036
1 3037
1 3038
1 3039
1 3040
1 3041
1 3042
1 3043
1 3044
1 3045
1 3046
1 3047
1 3048
1 3049
1 3050
1 3051
1 3052
1 3053
1 3054
1 3055
1 3056
1 3057
1 3058
1 3059
1 3060
1 3061
1 3062
1 3063
1 3064
1 3065
1 3066
1 3067
1 3068
1 3069
1 3070
1 3071
1 3072
1 3073
1 3074
1 3075
1 3076
1 3077
1 3078
1 3079
1 3080
1 3081
1 3082
1 3083
1 3084
1 3085
1 3086
1 3087
1 3088
1 3089
1 3090
1 3091
1 3092
1 3093
1 3094
1 3095
1 3096
1 3097
1 3098
1 3099
1 3100
1 3101
1 3102
1 3103
1 3104
1 3105
1 3106
1 3107
1 3108
1 3109
1 3110
1 3111
1 3112
1 3113
1 3114
1 3115
1 3116
1 3117
1 3118
1 3119
1 3120
1 3121
1 3122
1 3123
1 3124
1 3125
1 3126
1 3127
1 3128
1 3129
1 3130
1 3131
1 3132
1 3133
1 3134
1 3135
1 3136
1 3137
1 3138
1 3139
1 3140
1 3141
1 3142
1 3143
1 3144
1 3145
1 3146
1 3147
1 3148
1 3149
1 3150
1 3151
1 3152
1 3153
1 3154
1 3155
1 3156
1 3157
1 3158
1 3159
1 3160
1 3161
1 3162
1 3163
1 3164
1 3165
1 3166
1 3167
1 3168
1 3169
1 3170
1 3171
1 3172
1 3173
1 3174
1 3175
1 3176
1 3177
1 3178
1 3179
1 3180
1 3181
1 3182
1 3183
1 3184
1 3185
1 3186
1 3187
1 3188
1 3189
1 3190
1 3191
1 3192
1 3193
1 3194
1 3195
1 3196
1 3197
1 3198
1 3199
1 3200
1 3201
1 3202
1 3203
1 3204
1 3205
1 3206
1 3207
1 3208
1 3209
1 3210
1 3211
1 3212
1 3213
1 3214
1 3215
1 3216
1 3217
1 3218
1 3219
1 3220
1 3221
1 3222
1 3223
1 3224
1 3225
1 3226
1 3227
1 3228
1 3229
1 3230
1 3231
1 3232
1 3233
1 3234
1 3235
1 3236
1 3237
1 3238
1 3239
1 3240
1 3241
1 3242
1 3243
1 3244
1 3245
1 3246
1 3247
1 3248
1 3249
1 3250
1 3251
1 3252
1 3253
1 3254
1 3255
1 3256
1 3257
1 3258
1 3259
1 3260
1 3261
1 3262
1 3263
1 3264
1 3265
1 3266
1 3267
1 3268
1 3269
1 3270
1 3271
1 3272
1 3273
1 3274
1 3275
1 3276
1 3277
1 3278
1 3279
1 3280
1 3281
1 3282
1 3283
1 3284
1 3285
1 3286
1 3287
1 3288
1 3289
1 3290
1 3291
1 3292
1 3293
1 3294
1 3295
1 3296
1 3297
1 3298
1 3299
1 3300
1 3301
1 3302
1 3303
1 3304
1 3305
1 3306
1 3307
1 3308
1 3309
1 3310
1 3311
1 3312
1 3313
1 3314
1 3315
1 3316
1 3317
1 3318
1 3319
1 3320
1 3321
1 3322
1 3323
1 3324
1 3325
1 3326
1 3327
1 3328
1 3329
1 3330
1 3331
1 3332
1 3333
1 3334
1 3335
1 3336
1 3337
1 3338
1 3339
1 3340
1 3341
1 3342
1 3343
1 3344
1 3345
1 3346
1 3347
1 3348
1 3349
1 3350
1 3351
1 3352
1 3353
1 3354
1 3355
1 3356
1 3357
1 3358
1 3359
1 3360
1 3361
1 3362
1 3363
1 3364
1 3365
1 3366
1 3367
1 3368
1 3369
1 3370
1 3371
1 3372
1 3373
1 3374
1 3375
1 3376
1 3377
1 3378
1 3379
1 3380
1 3381
1 3382
1 3383
1 3384
1 3385
1 3386
1 3387
1 3388
1 3389
1 3390
1 3391
1 3392
1 3393
1 3394
1 3395
1 3396
1 3397
1 3398
1 3399
1 3400
1 3401
1 3402
1 3403
1 3404
1 3405
1 3406
1 3407
1 3408
1 3409
1 3410
1 3411
1 3412
1 3413
1 3414
1 3415
1 3416
1 3417
1 3418
1 3419
1 3420
1 3421
1 3422
1 3423
1 3424
1 3425
1 3426
1 3427
1 3428
1 3429
1 3430
1 3431
1 3432
1 3433
1 3434
1 3435
1 3436
1 3437
1 3438
1 3439
1 3440
1 3441
1 3442
1 3443
1 3444
1 3445
1 3446
1 3447
1 3448
1 3449
1 3450
1 3451
1 3452
1 3453
1 3454
1 3455
1 3456
1 3457
1 3458
1 3459
1 3460
1 3461
1 3462
1 3463
1 3464
1 3465
1 3466
1 3467
1 3468
1 3469
1 3470
1 3471
1 3472
1 3473
1 3474
1 3475
1 3476
1 3477
1 3478
1 3479
1 3480
1 3481
1 3482
1 3483
1 3484
1 3485
1 3486
1 3487
1 3488
1 3489
1 3490
1 3491
1 3492
1 3493
1 3494
1 3495
1 3496
1 3497
1 3498
1 3499
1 3500
1 3501
1 3502
1 3503
1 3504
1 3505
1 3506
1 3507
1 3508
1 3509
1 3510
1 3511
1 3512
1 3513
1 3514
1 3515
1 3516
1 3517
1 3518
1 3519
1 3520
1 3521
1 3522
1 3523
1 3524
1 3525
1 3526
1 3527
1 3528
1 3529
1 3530
1 3531
1 3532
1 3533
1 3534
1 3535
1 3536
1 3537
1 3538
1 3539
1 3540
1 3541
1 3542
1 3543
1 3544
1 3545
1 3546
1 3547
1 3548
1 3549
1 3550
1 3551
1 3552
1 3553
1 3554
1 3555
1 3556
1 3557
1 3558
1 3559
1 3560
1 3561
1 3562
1 3563
1 3564
1 3565
1 3566
1 3567
1 3568
1 3569
1 3570
1 3571
1 3572
1 3573
1 3574
1 3575
1 3576
1 3577
1 3578
1 3579
1 3580
1 3581
1 3582
1 3583
1 3584
1 3585
1 3586
1 3587
1 3588
1 3589
1 3590
1 3591
1 3592
1 3593
1 3594
1 3595
1 3596
1 3597
1 3598
1 3599
1 3600
1 3601
1 3602
1 3603
1 3604
1 3605
1 3606
1 3607
1 3608
1 3609
1 3610
1 3611
1 3612
1 3613
1 3614
1 3615
1 3616
1 3617
1 3618
1 3619
1 3620
1 3621
1 3622
1 3623
1 3624
1 3625
1 3626
1 3627
1 3628
1 3629
1 3630
1 3631
1 3632
1 3633
1 3634
1 3635
1 3636
1 3637
1 3638
1 3639
1 3640
1 3641
1 3642
1 3643
1 3644
1 3645
1 3646
1 3647
1 3648
1 3649
1 3650
1 3651
1 3652
1 3653
1 3654
1 3655
1 3656
1 3657
1 3658
1 3659
1 3660
1 3661
1 3662
1 3663
1 3664
1 3665
1 3666
1 3667
1 3668
1 3669
1 3670
1 3671
1 3672
1 3673
1 3674
1 3675
1 3676
1 3677
1 3678
1 3679
1 3680
1 3681
1 3682
1 3683
1 3684
1 3685
1 3686
1 3687
1 3688
1 3689
1 3690
1 3691
1 3692
1 3693
1 3694
1 3695
1 3696
1 3697
1 3698
1 3699
1 3700
1 3701
1 3702
1 3703
1 3704
1 3705
1 3706
1 3707
1 3708
1 3709
1 3710
1 3711
1 3712
1 3713
1 3714
1 3715
1 3716
1 3717
1 3718
1 3719
1 3720
1 3721
1 3722
1 3723
1 3724
1 3725
1 3726
1 3727
1 3728
1 3729
1 3730
1 3731
1 3732
1 3733
1 3734
1 3735
1 3736
1 3737
1 3738
1 3739
1 3740
1 3741
1 3742
1 3743
1 3744
1 3745
1 3746
1 3747
1 3748
1 3749
1 3750
1 3751
1 3752
1 3753
1 3754
1 3755
1 3756
1 3757
1 3758
1 3759
1 3760
1 3761
1 3762
1 3763
1 3764
1 3765
1 3766
1 3767
1 3768
1 3769
1 3770
1 3771
1 3772
1 3773
1 3774
1 3775
1 3776
1 3777
1 3778
1 3779
1 3780
1 3781
1 3782
1 3783
1 3784
1 3785
1 3786
1 3787
1 3788
1 3789
1 3790
1 3791
1 3792
1 3793
1 3794
1 3795
1 3796
1 3797
1 3798
1 3799
1 3800
1 3801
1 3802
1 3803
1 3804
1 3805
1 3806
1 3807
1 3808
1 3809
1 3810
1 3811
1 3812
1 3813
1 3814
1 3815
1 3816
1 3817
1 3818
1 3819
1 3820
1 3821
1 3822
1 3823
1 3824
1 3825
1 3826
1 3827
1 3828
1 3829
1 3830
1 3831
1 3832
1 3833
1 3834
1 3835
1 3836
1 3837
1 3838
1 3839
1 3840
1 3841
1 3842
1 3843
1 3844
1 3845
1 3846
1 3847
1 3848
1 3849
1 3850
1 3851
1 3852
1 3853
1 3854
1 3855
1 3856
1 3857
1 3858
1 3859
1 3860
1 3861
1 3862
1 3863
1 3864
1 3865
1 3866
1 3867
1 3868
1 3869
1 3870
1 3871
1 3872
1 3873
1 3874
1 3875
1 3876
1 3877
1 3878
1 3879
1 3880
1 3881
1 3882
1 3883
1 3884
1 3885
1 3886
1 3887
1 3888
1 3889
1 3890
1 3891
1 3892
1 3893
1 3894
1 3895
1 3896
1 3897
1 3898
1 3899
1 3900
1 3901
1 3902
1 3903
1 3904
1 3905
1 3906
1 3907
1 3908
1 3909
1 3910
1 3911
1 3912
1 3913
1 3914
1 3915
1 3916
1 3917
1 3918
1 3919
1 3920
1 3921
1 3922
1 3923
1 3924
1 3925
1 3926
1 3927
1 3928
1 3929
1 3930
1 3931
1 3932
1 3933
1 3934
1 3935
1 3936
1 3937
1 3938
1 3939
1 3940
1 3941
1 3942
1 3943
1 3944
1 3945
1 3946
1 3947
1 3948
1 3949
1 3950
1 3951
1 3952
1 3953
1 3954
1 3955
1 3956
1 3957
1 3958
1 3959
1 3960
1 3961
1 3962
1 3963
1 3964
1 3965
1 3966
1 3967
1 3968
1 3969
1 3970
1 3971
1 3972
1 3973
1 3974
1 3975
1 3976
1 3977
1 3978
1 3979
1 3980
1 3981
1 3982
1 3983
1 3984
1 3985
1 3986
1 3987
1 3988
1 3989
1 3990
1 3991
1 3992
1 3993
1 3994
1 3995
1 3996
1 3997
1 3998
1 3999
1 4000
1 4001
1 4002
1 4003
1 4004
1 4005
1 4006
1 4007
1 4008
1 4009
1 4010
1 4011
1 4012
1 4013
1 4014
1 4015
1 4016
1 4017
1 4018
1 4019
1 4020
1 4021
1 4022
1 4023
1 4024
1 4025
1 4026
1 4027
1 4028
1 4029
1 4030
1 4031
1 4032
1 4033
1 4034
1 4035
1 4036
1 4037
1 4038
1 4039
1 4040
1 4041
1 4042
1 4043
1 4044
1 4045
1 4046
1 4047
1 4048
1 4049
1 4050
1 4051
1 4052
1 4053
1 4054
1 4055
1 4056
1 4057
1 4058
1 4059
1 4060
1 4061
1 4062
1 4063
1 4064
1 4065
1 4066
1 4067
1 4068
1 4069
1 4070
1 4071
1 4072
1 4073
1 4074
1 4075
1 4076
1 4077
1 4078
1 4079
1 4080
1 4081
1 4082
1 4083
1 4084
1 4085
1 4086
1 4087
1 4088
1 4089
1 4090
1 4091
1 4092
1 4093
1 4094
1 4095
1 4096
1 4097
1 4098
1 4099
1 4100
1 4101
1 4102
1 4103
1 4104
1 4105
1 4106
1 4107
1 4108
1 4109
1 4110
1 4111
1 4112
1 4113
1 4114
1 4115
1 4116
1 4117
1 4118
1 4119
1 4120
1 4121
1 4122
1 4123
1 4124
1 4125
1 4126
1 4127
1 4128
1 4129
1 4130
1 4131
1 4132
1 4133
1 4134
1 4135
1 4136
1 4137
1 4138
1 4139
1 4140
1 4141
1 4142
1 4143
1 4144
1 4145
1 4146
1 4147
1 4148
1 4149
1 4150
1 4151
1 4152
1 4153
1 4154
1 4155
1 4156
1 4157
1 4158
1 4159
1 4160
1 4161
1 4162
1 4163
1 4164
1 4165
1 4166
1 4167
1 4168
1 4169
1 4170
1 4171
1 4172
1 4173
1 4174
1 4175
1 4176
1 4177
1 4178
1 4179
1 4180
1 4181
1 4182
1 4183
1 4184
1 4185
1 4186
1 4187
1 4188
1 4189
1 4190
1 4191
1 4192
1 4193
1 4194
1 4195
1 4196
1 4197
1 4198
1 4199
1 4200
1 4201
1 4202
1 4203
1 4204
1 4205
1 4206
1 4207
1 4208
1 4209
1 4210
1 4211
1 4212
1 4213
1 4214
1 4215
1 4216
1 4217
1 4218
1 4219
1 4220
1 4221
1 4222
1 4223
1 4224
1 4225
1 4226
1 4227
1 4228
1 4229
1 4230
1 4231
1 4232
1 4233
1 4234
1 4235
1 4236
1 4237
1 4238
1 4239
1 4240
1 4241
1 4242
1 4243
1 4244
1 4245
1 4246
1 4247
1 4248
1 4249
1 4250
1 4251
1 4252
1 4253
1 4254
1 4255
1 4256
1 4257
1 4258
1 4259
1 4260
1 4261
1 4262
1 4263
1 4264
1 4265
1 4266
1 4267
1 4268
1 4269
1 4270
1 4271
1 4272
1 4273
1 4274
1 4275
1 4276
1 4277
1 4278
1 4279
1 4280
1 4281
1 4282
1 4283
1 4284
1 4285
1 4286
1 4287
1 4288
1 4289
1 4290
1 4291
1 4292
1 4293
1 4294
1 4295
1 4296
1 4297
1 4298
1 4299
1 4300
1 4301
1 4302
1 4303
1 4304
1 4305
1 4306
1 4307
1 4308
1 4309
1 4310
1 4311
1 4312
1 4313
1 4314
1 4315
1 4316
1 4317
1 4318
1 4319
1 4320
1 4321
1 4322
1 4323
1 4324
1 4325
1 4326
1 4327
1 4328
1 4329
1 4330
1 4331
1 4332
1 4333
1 4334
1 4335
1 4336
1 4337
1 4338
1 4339
1 4340
1 4341
1 4342
1 4343
1 4344
1 4345
1 4346
1 4347
1 4348
1 4349
1 4350
1 4351
1 4352
1 4353
1 4354
1 4355
1 4356
1 4357
1 4358
1 4359
1 4360
1 4361
1 4362
1 4363
1 4364
1 4365
1 4366
1 4367
1 4368
1 4369
1 4370
1 4371
1 4372
1 4373
1 4374
1 4375
1 4376
1 4377
1 4378
1 4379
1 4380
1 4381
1 4382
1 4383
1 4384
1 4385
1 4386
1 4387
1 4388
1 4389
1 4390
1 4391
1 4392
1 4393
1 4394
1 4395
1 4396
1 4397
1 4398
1 4399
1 4400
1 4401
1 4402
1 4403
1 4404
1 4405
1 4406
1 4407
1 4408
1 4409
1 4410
1 4411
1 4412
1 4413
1 4414
1 4415
1 4416
1 4417
1 4418
1 4419
1 4420
1 4421
1 4422
1 4423
1 4424
1 4425
1 4426
1 4427
1 4428
1 4429
1 4430
1 4431
1 4432
1 4433
1 4434
1 4435
1 4436
1 4437
1 4438
1 4439
1 4440
1 4441
1 4442
1 4443
1 4444
1 4445
1 4446
1 4447
1 4448
1 4449
1 4450
1 4451
1 4452
1 4453
1 4454
1 4455
1 4456
1 4457
1 4458
1 4459
1 4460
1 4461
1 4462
1 4463
1 4464
1 4465
1 4466
1 4467
1 4468
1 4469
1 4470
1 4471
1 4472
1 4473
1 4474
1 4475
1 4476
1 4477
1 4478
1 4479
1 4480
1 4481
1 4482
1 4483
1 4484
1 4485
1 4486
1 4487
1 4488
1 4489
1 4490
1 4491
1 4492
1 4493
1 4494
1 4495
1 4496
1 4497
1 4498
1 4499
1 4500
1 4501
1 4502
1 4503
1 4504
1 4505
1 4506
1 4507
1 4508
1 4509
1 4510
1 4511
1 4512
1 4513
1 4514
1 4515
1 4516
1 4517
1 4518
1 4519
1 4520
1 4521
1 4522
1 4523
1 4524
1 4525
1 4526
1 4527
1 4528
1 4529
1 4530
1 4531
1 4532
1 4533
1 4534
1 4535
1 4536
1 4537
1 4538
1 4539
1 4540
1 4541
1 4542
1 4543
1 4544
1 4545
1 4546
1 4547
1 4548
1 4549
1 4550
1 4551
1 4552
1 4553
1 4554
1 4555
1 4556
1 4557
1 4558
1 4559
1 4560
1 4561
1 4562
1 4563
1 4564
1 4565
1 4566
1 4567
1 4568
1 4569
1 4570
1 4571
1 4572
1 4573
1 4574
1 4575
1 4576
1 4577
1 4578
1 4579
1 4580
1 4581
1 4582
1 4583
1 4584
1 4585
1 4586
1 4587
1 4588
1 4589
1 4590
1 4591
1 4592
1 4593
1 4594
1 4595
1 4596
1 4597
1 4598
1 4599
1 4600
1 4601
1 4602
1 4603
1 4604
1 4605
1 4606
1 4607
1 4608
1 4609
1 4610
1 4611
1 4612
1 4613
1 4614
1 4615
1 4616
1 4617
1 4618
1 4619
1 4620
1 4621
1 4622
1 4623
1 4624
1 4625
1 4626
1 4627
1 4628
1 4629
1 4630
1 4631
1 4632
1 4633
1 4634
1 4635
1 4636
1 4637
1 4638
1 4639
1 4640
1 4641
1 4642
1 4643
1 4644
1 4645
1 4646
1 4647
1 4648
1 4649
1 4650
1 4651
1 4652
1 4653
1 4654
1 4655
1 4656
1 4657
1 4658
1 4659
1 4660
1 4661
1 4662
1 4663
1 4664
1 4665
1 4666
1 4667
1 4668
1 4669
1 4670
1 4671
1 4672
1 4673
1 4674
1 4675
1 4676
1 4677
1 4678
1 4679
1 4680
1 4681
1 4682
1 4683
1 4684
1 4685
1 4686
1 4687
1 4688
1 4689
1 4690
1 4691
1 4692
1 4693
1 4694
1 4695
1 4696
1 4697
1 4698
1 4699
1 4700
1 4701
1 4702
1 4703
1 4704
1 4705
1 4706
1 4707
1 4708
1 4709
1 4710
1 4711
1 4712
1 4713
1 4714
1 4715
1 4716
1 4717
1 4718
1 4719
1 4720
1 4721
1 4722
1 4723
1 4724
1 4725
1 4726
1 4727
1 4728
1 4729
1 4730
1 4731
1 4732
1 4733
1 4734
1 4735
1 4736
1 4737
1 4738
1 4739
1 4740
1 4741
1 4742
1 4743
1 4744
1 4745
1 4746
1 4747
1 4748
1 4749
1 4750
1 4751
1 4752
1 4753
1 4754
1 4755
1 4756
1 4757
1 4758
1 4759
1 4760
1 4761
1 4762
1 4763
1 4764
1 4765
1 4766
1 4767
1 4768
1 4769
1 4770
1 4771
1 4772
1 4773
1 4774
1 4775
1 4776
1 4777
1 4778
1 4779
1 4780
1 4781
1 4782
1 4783
1 4784
1 4785
1 4786
1 4787
1 4788
1 4789
1 4790
1 4791
1 4792
1 4793
1 4794
1 4795
1 4796
1 4797
1 4798
1 4799
1 4800
1 4801
1 4802
1 4803
1 4804
1 4805
1 4806
1 4807
1 4808
1 4809
1 4810
1 4811
1 4812
1 4813
1 4814
1 4815
1 4816
1 4817
1 4818
1 4819
1 4820
1 4821
1 4822
1 4823
1 4824
1 4825
1 4826
1 4827
1 4828
1 4829
1 4830
1 4831
1 4832
1 4833
1 4834
1 4835
1 4836
1 4837
1 4838
1 4839
1 4840
1 4841
1 4842
1 4843
1 4844
1 4845
1 4846
1 4847
1 4848
1 4849
1 4850
1 4851
1 4852
1 4853
1 4854
1 4855
1 4856
1 4857
1 4858
1 4859
1 4860
1 4861
1 4862
1 4863
1 4864
1 4865
1 4866
1 4867
1 4868
1 4869
1 4870
1 4871
1 4872
1 4873
1 4874
1 4875
1 4876
1 4877
1 4878
1 4879
1 4880
1 4881
1 4882
1 4883
1 4884
1 4885
1 4886
1 4887
1 4888
1 4889
1 4890
1 4891
1 4892
1 4893
1 4894
1 4895
1 4896
1 4897
1 4898
1 4899
1 4900
1 4901
1 4902
1 4903
1 4904
1 4905
1 4906
1 4907
1 4908
1 4909
1 4910
1 4911
1 4912
1 4913
1 4914
1 4915
1 4916
1 4917
1 4918
1 4919
1 4920
1 4921
1 4922
1 4923
1 4924
1 4925
1 4926
1 4927
1 4928
1 4929
1 4930
1 4931
1 4932
1 4933
1 4934
1 4935
1 4936
1 4937
1 4938
1 4939
1 4940
1 4941
1 4942
1 4943
1 4944
1 4945
1 4946
1 4947
1 4948
1 4949
1 4950
1 4951
1 4952
1 4953
1 4954
1 4955
1 4956
1 4957
1 4958
1 4959
1 4960
1 4961
1 4962
1 4963
1 4964
1 4965
1 4966
1 4967
1 4968
1 4969
1 4970
1 4971
1 4972
1 4973
1 4974
1 4975
1 4976
1 4977
1 4978
1 4979
1 4980
1 4981
1 4982
1 4983
1 4984
1 4985
1 4986
1 4987
1 4988
1 4989
1 4990
1 4991
1 4992
1 4993
1 4994
1 4995
1 4996
1 4997
1 4998
1 4999
1 5000
1 5001
1 5002
1 5003
1 5004
1 5005
1 5006
1 5007
1 5008
1 5009
1 5010
1 5011
1 5012
1 5013
1 5014
1 5015
1 5016
1 5017
1 5018
1 5019
1 5020
1 5021
1 5022
1 5023
1 5024
1 5025
1 5026
1 5027
1 5028
1 5029
1 5030
1 5031
1 5032
1 5033
1 5034
1 5035
1 5036
1 5037
1 5038
1 5039
1 5040
1 5041
1 5042
1 5043
1 5044
1 5045
1 5046
1 5047
1 5048
1 5049
1 5050
1 5051
1 5052
1 5053
1 5054
1 5055
1 5056
1 5057
1 5058
1 5059
1 5060
1 5061
1 5062
1 5063
1 5064
1 5065
1 5066
1 5067
1 5068
1 5069
1 5070
1 5071
1 5072
1 5073
1 5074
1 5075
1 5076
1 5077
1 5078
1 5079
1 5080
1 5081
1 5082
1 5083
1 5084
1 5085
1 5086
1 5087
1 5088
1 5089
1 5090
1 5091
1 5092
1 5093
1 5094
1 5095
1 5096
1 5097
1 5098
1 5099
1 5100
1 5101
1 5102
1 5103
1 5104
1 5105
1 5106
1 5107
1 5108
1 5109
1 5110
1 5111
1 5112
1 5113
1 5114
1 5115
1 5116
1 5117
1 5118
1 5119
1 5120
1 5121
1 5122
1 5123
1 5124
1 5125
1 5126
1 5127
1 5128
1 5129
1 5130
1 5131
1 5132
1 5133
1 5134
1 5135
1 5136
1 5137
1 5138
1 5139
1 5140
1 5141
1 5142
1 5143
1 5144
1 5145
1 5146
1 5147
1 5148
1 5149
1 5150
1 5151
1 5152
1 5153
1 5154
1 5155
1 5156
1 5157
1 5158
1 5159
1 5160
1 5161
1 5162
1 5163
1 5164
1 5165
1 5166
1 5167
1 5168
1 5169
1 5170
1 5171
1 5172
1 5173
1 5174
1 5175
1 5176
1 5177
1 5178
1 5179
1 5180
1 5181
1 5182
1 5183
1 5184
1 5185
1 5186
1 5187
1 5188
1 5189
1 5190
1 5191
1 5192
1 5193
1 5194
1 5195
1 5196
1 5197
1 5198
1 5199
1 5200
1 5201
1 5202
1 5203
1 5204
1 5205
1 5206
1 5207
1 5208
1 5209
1 5210
1 5211
1 5212
1 5213
1 5214
1 5215
1 5216
1 5217
1 5218
1 5219
1 5220
1 5221
1 5222
1 5223
1 5224
1 5225
1 5226
1 5227
1 5228
1 5229
1 5230
1 5231
1 5232
1 5233
1 5234
1 5235
1 5236
1 5237
1 5238
1 5239
1 5240
1 5241
1 5242
1 5243
1 5244
1 5245
1 5246
1 5247
1 5248
1 5249
1 5250
1 5251
1 5252
1 5253
1 5254
1 5255
1 5256
1 5257
1 5258
1 5259
1 5260
1 5261
1 5262
1 5263
1 5264
1 5265
1 5266
1 5267
1 5268
1 5269
1 5270
1 5271
1 5272
1 5273
1 5274
1 5275
1 5276
1 5277
1 5278
1 5279
1 5280
1 5281
1 5282
1 5283
1 5284
1 5285
1 5286
1 5287
1 5288
1 5289
1 5290
1 5291
1 5292
1 5293
1 5294
1 5295
1 5296
1 5297
1 5298
1 5299
1 5300
1 5301
1 5302
1 5303
1 5304
1 5305
1 5306
1 5307
1 5308
1 5309
1 5310
1 5311
1 5312
1 5313
1 5314
1 5315
1 5316
1 5317
1 5318
1 5319
1 5320
1 5321
1 5322
1 5323
1 5324
1 5325
1 5326
1 5327
1 5328
1 5329
1 5330
1 5331
1 5332
1 5333
1 5334
1 5335
1 5336
1 5337
1 5338
1 5339
1 5340
1 5341
1 5342
1 5343
1 5344
1 5345
1 5346
1 5347
1 5348
1 5349
1 5350
1 5351
1 5352
1 5353
1 5354
1 5355
1 5356
1 5357
1 5358
1 5359
1 5360
1 5361
1 5362
1 5363
1 5364
1 5365
1 5366
1 5367
1 5368
1 5369
1 5370
1 5371
1 5372
1 5373
1 5374
1 5375
1 5376
1 5377
1 5378
1 5379
1 5380
1 5381
1 5382
1 5383
1 5384
1 5385
1 5386
1 5387
1 5388
1 5389
1 5390
1 5391
1 5392
1 5393
1 5394
1 5395
1 5396
1 5397
1 5398
1 5399
1 5400
1 5401
1 5402
1 5403
1 5404
1 5405
1 5406
1 5407
1 5408
1 5409
1 5410
1 5411
1 5412
1 5413
1 5414
1 5415
1 5416
1 5417
1 5418
1 5419
1 5420
1 5421
1 5422
1 5423
1 5424
1 5425
1 5426
1 5427
1 5428
1 5429
1 5430
1 5431
1 5432
1 5433
1 5434
1 5435
1 5436
1 5437
1 5438
1 5439
1 5440
1 5441
1 5442
1 5443
1 5444
1 5445
1 5446
1 5447
1 5448
1 5449
1 5450
1 5451
1 5452
1 5453
1 5454
1 5455
1 5456
1 5457
1 5458
1 5459
1 5460
1 5461
1 5462
1 5463
1 5464
1 5465
1 5466
1 5467
1 5468
1 5469
1 5470
1 5471
1 5472
1 5473
1 5474
1 5475
1 5476
1 5477
1 5478
1 5479
1 5480
1 5481
1 5482
1 5483
1 5484
1 5485
1 5486
1 5487
1 5488
1 5489
1 5490
1 5491
1 5492
1 5493
1 5494
1 5495
1 5496
1 5497
1 5498
1 5499
1 5500
1 5501
1 5502
1 5503
1 5504
1 5505
1 5506
1 5507
1 5508
1 5509
1 5510
1 5511
1 5512
1 5513
1 5514
1 5515
1 5516
1 5517
1 5518
1 5519
1 5520
1 5521
1 5522
1 5523
1 5524
1 5525
1 5526
1 5527
1 5528
1 5529
1 5530
1 5531
1 5532
1 5533
1 5534
1 5535
1 5536
1 5537
1 5538
1 5539
1 5540
1 5541
1 5542
1 5543
1 5544
1 5545
1 5546
1 5547
1 5548
1 5549
1 5550
1 5551
1 5552
1 5553
1 5554
1 5555
1 5556
1 5557
1 5558
1 5559
1 5560
1 5561
1 5562
1 5563
1 5564
1 5565
1 5566
1 5567
1 5568
1 5569
1 5570
1 5571
1 5572
1 5573
1 5574
1 5575
1 5576
1 5577
1 5578
1 5579
1 5580
1 5581
1 5582
1 5583
1 5584
1 5585
1 5586
1 5587
1 5588
1 5589
1 5590
1 5591
1 5592
1 5593
1 5594
1 5595
1 5596
1 5597
1 5598
1 5599
1 5600
1 5601
1 5602
1 5603
1 5604
1 5605
1 5606
1 5607
1 5608
1 5609
1 5610
1 5611
1 5612
1 5613
1 5614
1 5615
1 5616
1 5617
1 5618
1 5619
1 5620
1 5621
1 5622
1 5623
1 5624
1 5625
1 5626
1 5627
1 5628
1 5629
1 5630
1 5631
1 5632
1 5633
1 5634
1 5635
1 5636
1 5637
1 5638
1 5639
1 5640
1 5641
1 5642
1 5643
1 5644
1 5645
1 5646
1 5647
1 5648
1 5649
1 5650
1 5651
1 5652
1 5653
1 5654
1 5655
1 5656
1 5657
1 5658
1 5659
1 5660
1 5661
1 5662
1 5663
1 5664
1 5665
1 5666
1 5667
1 5668
1 5669
1 5670
1 5671
1 5672
1 5673
1 5674
1 5675
1 5676
1 5677
1 5678
1 5679
1 5680
1 5681
1 5682
1 5683
1 5684
1 5685
1 5686
1 5687
1 5688
1 5689
1 5690
1 5691
1 5692
1 5693
1 5694
1 5695
1 5696
1 5697
1 5698
1 5699
1 5700
1 5701
1 5702
1 5703
1 5704
1 5705
1 5706
1 5707
1 5708
1 5709
1 5710
1 5711
1 5712
1 5713
1 5714
1 5715
1 5716
1 5717
1 5718
1 5719
1 5720
1 5721
1 5722
1 5723
1 5724
1 5725
1 5726
1 5727
1 5728
1 5729
1 5730
1 5731
1 5732
1 5733
1 5734
1 5735
1 5736
1 5737
1 5738
1 5739
1 5740
1 5741
1 5742
1 5743
1 5744
1 5745
1 5746
1 5747
1 5748
1 5749
1 5750
1 5751
1 5752
1 5753
1 5754
1 5755
1 5756
1 5757
1 5758
1 5759
1 5760
1 5761
1 5762
1 5763
1 5764
1 5765
1 5766
1 5767
1 5768
1 5769
1 5770
1 5771
1 5772
1 5773
1 5774
1 5775
1 5776
1 5777
1 5778
1 5779
1 5780
1 5781
1 5782
1 5783
1 5784
1 5785
1 5786
1 5787
1 5788
1 5789
1 5790
1 5791
1 5792
1 5793
1 5794
1 5795
1 5796
1 5797
1 5798
1 5799
1 5800
1 5801
1 5802
1 5803
1 5804
1 5805
1 5806
1 5807
1 5808
1 5809
1 5810
1 5811
1 5812
1 5813
1 5814
1 5815
1 5816
1 5817
1 5818
1 5819
1 5820
1 5821
1 5822
1 5823
1 5824
1 5825
1 5826
1 5827
1 5828
1 5829
1 5830
1 5831
1 5832
1 5833
1 5834
1 5835
1 5836
1 5837
1 5838
1 5839
1 5840
1 5841
1 5842
1 5843
1 5844
1 5845
1 5846
1 5847
1 5848
1 5849
1 5850
1 5851
1 5852
1 5853
1 5854
1 5855
1 5856
1 5857
1 5858
1 5859
1 5860
1 5861
1 5862
1 5863
1 5864
1 5865
1 5866
1 5867
1 5868
1 5869
1 5870
1 5871
1 5872
1 5873
1 5874
1 5875
1 5876
1 5877
1 5878
1 5879
1 5880
1 5881
1 5882
1 5883
1 5884
1 5885
1 5886
1 5887
1 5888
1 5889
1 5890
1 5891
1 5892
1 5893
1 5894
1 5895
1 5896
1 5897
1 5898
1 5899
1 5900
1 5901
1 5902
1 5903
1 5904
1 5905
1 5906
1 5907
1 5908
1 5909
1 5910
1 5911
1 5912
1 5913
1 5914
1 5915
1 5916
1 5917
1 5918
1 5919
1 5920
1 5921
1 5922
1 5923
1 5924
1 5925
1 5926
1 5927
1 5928
1 5929
1 5930
1 5931
1 5932
1 5933
1 5934
1 5935
1 5936
1 5937
1 5938
1 5939
1 5940
1 5941
1 5942
1 5943
1 5944
1 5945
1 5946
1 5947
1 5948
1 5949
1 5950
1 5951
1 5952
1 5953
1 5954
1 5955
1 5956
1 5957
1 5958
1 5959
1 5960
1 5961
1 5962
1 5963
1 5964
1 5965
1 5966
1 5967
1 5968
1 5969
1 5970
1 5971
1 5972
1 5973
1 5974
1 5975
1 5976
1 5977
1 5978
1 5979
1 5980
1 5981
1 5982
1 5983
1 5984
1 5985
1 5986
1 5987
1 5988
1 5989
1 5990
1 5991
1 5992
1 5993
1 5994
1 5995
1 5996
1 5997
1 5998
1 5999
1 6000
1 6001
1 6002
1 6003
1 6004
1 6005
1 6006
1 6007
1 6008
1 6009
1 6010
1 6011
1 6012
1 6013
1 6014
1 6015
1 6016
1 6017
1 6018
1 6019
1 6020
1 6021
1 6022
1 6023
1 6024
1 6025
1 6026
1 6027
1 6028
1 6029
1 6030
1 6031
1 6032
1 6033
1 6034
1 6035
1 6036
1 6037
1 6038
1 6039
1 6040
1 6041
1 6042
1 6043
1 6044
1 6045
1 6046
1 6047
1 6048
1 6049
1 6050
1 6051
1 6052
1 6053
1 6054
1 6055
1 6056
1 6057
1 6058
1 6059
1 6060
1 6061
1 6062
1 6063
1 6064
1 6065
1 6066
1 6067
1 6068
1 6069
1 6070
1 6071
1 6072
1 6073
1 6074
1 6075
1 6076
1 6077
1 6078
1 6079
1 6080
1 6081
1 6082
1 6083
1 6084
1 6085
1 6086
1 6087
1 6088
1 6089
1 6090
1 6091
1 6092
1 6093
1 6094
1 6095
1 6096
1 6097
1 6098
1 6099
1 6100
1 6101
1 6102
1 6103
1 6104
1 6105
1 6106
1 6107
1 6108
1 6109
1 6110
1 6111
1 6112
1 6113
1 6114
1 6115
1 6116
1 6117
1 6118
1 6119
1 6120
1 6121
1 6122
1 6123
1 6124
1 6125
1 6126
1 6127
1 6128
1 6129
1 6130
1 6131
1 6132
1 6133
1 6134
1 6135
1 6136
1 6137
1 6138
1 6139
1 6140
1 6141
1 6142
1 6143
1 6144
1 6145
1 6146
1 6147
1 6148
1 6149
1 6150
1 6151
1 6152
1 6153
1 6154
1 6155
1 6156
1 6157
1 6158
1 6159
1 6160
1 6161
1 6162
1 6163
1 6164
1 6165
1 6166
1 6167
1 6168
1 6169
1 6170
1 6171
1 6172
1 6173
1 6174
1 6175
1 6176
1 6177
1 6178
1 6179
1 6180
1 6181
1 6182
1 6183
1 6184
1 6185
1 6186
1 6187
1 6188
1 6189
1 6190
1 6191
1 6192
1 6193
1 6194
1 6195
1 6196
1 6197
1 6198
1 6199
1 6200
1 6201
1 6202
1 6203
1 6204
1 6205
1 6206
1 6207
1 6208
1 6209
1 6210
1 6211
1 6212
1 6213
1 6214
1 6215
1 6216
1 6217
1 6218
1 6219
1 6220
1 6221
1 6222
1 6223
1 6224
1 6225
1 6226
1 6227
1 6228
1 6229
1 6230

CELL_TYPES 6231
1
1
1
1
1
1
1
1
1
1
1
1
1
1
1
1
1
1
1
1
1
1
1
1
1
1
1
1
1
1
1
1
1
1
1
1
1
1
1
1
1
1
1
1
1
1
1
1
1
1
1
1
1
1
1
1
1
1
1
1
1
1
1
1
1
1
1
1
1
1
1
1
1
1
1
1
1
1
1
1
1
1
1
1
1
1
1
1
1
1
1
1
1
1
1
1
1
1
1
1
1
1
1
1
1
1
1
1
1
1
1
1
1
1
1
1
1
1
1
1
1
1
1
1
1
1
1
1
1
1
1
1
1
1
1
1
1
1
1
1
1
1
1
1
1
1
1
1
1
1
1
1
1
1
1
1
1
1
1
1
1
1
1
1
1
1
1
1
1
1
1
1
1
1
1
1
1
1
1
1
1
1
1
1
1
1
1
1
1
1
1
1
1
1
1
1
1
1
1
1
1
1
1
1
1
1
1
1
1
1
1
1
1
1
1
1
1
1
1
1
1
1
1
1
1
1
1
1
1
1
1
1
1
1
1
1
1
1
1
1
1
1
1
1
1
1
1
1
1
1
1
1
1
1
1
1
1
1
1
1
1
1
1
1
1
1
1
1
1
1
1
1
1
1
1
1
1
1
1
1
1
1
1
1
1
1
1
1
1
1
1
1
1
1
1
1
1
1
1
1
1
1
1
1
1
1
1
1
1
1
1
1
1
1
1
1
1
1
1
1
1
1
1
1
1
1
1
1
1
1
1
1
1
1
1
1
1
1
1
1
1
1
1
1
1
1
1
1
1
1
1
1
1
1
1
1
1
1
1
1
1
1
1
1
1
1
1
1
1
1
1
1
1
1
1
1
1
1
1
1
1
1
1
1
1
1
1
1
1
1
1
1
1
1
1
1
1
1
1
1
1
1
1
1
1
1
1
1
1
1
1
1
1
1
1
1
1
1
1
1
1
1
1
1
1
1
1
1
1
1
1
1
1
1
1
1
1
1
1
1
1
1
1
1
1
1
1
1
1
1
1
1
1
1
1
1
1
1
1
1
1
1
1
1
1
1
1
1
1
1
1
1
1
1
1
1
1
1
1
1
1
1
1
1
1
1
1
1
1
1
1
1
1
1
1
1
1
1
1
1
1
1
1
1
1
1
1
1
1
1
1
1
1
1
1
1
1
1
1
1
1
1
1
1
1
1
1
1
1
1
1
1
1
1
1
1
1
1
1
1
1
1
1
1
1
1
1
1
1
1
1
1
1
1
1
1
1
1
1
1
1
1
1
1
1
1
1
1
1
1
1
1
1
1
1
1
1
1
1
1
1
1
1
1
1
1
1
1
1
1
1
1
1
1
1
1
1
1
1
1
1
1
1
1
1
1
1
1
1
1
1
1
1
1
1
1
1
1
1
1
1
1
1
1
1
1
1
1
1
1
1
1
1
1
1
1
1
1
1
1
1
1
1
1
1
1
1
1
1
1
1
1
1
1
1
1
1
1
1
1
1
1
1
1
1
1
1
1
1
1
1
1
1
1
1
1
1
1
1
1
1
1
1
1
1
1
1
1
1
1
1
1
1
1
1
1
1
1
1
1
1
1
1
1
1
1
1
1
1
1
1
1
1
1
1
1
1
1
1
1
1
1
1
1
1
1
1
1
1
1
1
1
1
1
1
1
1
1
1
1
1
1
1
1
1
1
1
1
1
1
1
1
1
1
1
1
1
1
1
1
1
1
1
1
1
1
1
1
1
1
1
1
1
1
1
1
1
1
1
1
1
1
1
1
1
1
1
1
1
1
1
1
1
1
1
1
1
1
1
1
1
1
1
1
1
1
1
1
1
1
1
1
1
1
1
1
1
1
1
1
1
1
1
1
1
1
1
1
1
1
1
1
1
1
1
1
1
1
1
1
1
1
1
1
1
1
1
1
1
1
1
1
1
1
1
1
1
1
1
1
1
1
1
1
1
1
1
1
1
1
1
1
1
1
1
1
1
1
1
1
1
1
1
1
1
1
1
1
1
1
1
1
1
1
1
1
1
1
1
1
1
1
1
1
1
1
1
1
1
1
1
1
1
1
1
1
1
1
1
1
1
1
1
1
1
1
1
1
1
1
1
1
1
1
1
1
1
1
1
1
1
1
1
1
1
1
1
1
1
1
1
1
1
1
1
1
1
1
1
1
1
1
1
1
1
1
1
1
1
1
1
1
1
1
1
1
1
1
1
1
1
1
1
1
1
1
1
1
1
1
1
1
1
1
1
1
1
1
1
1
1
1
1
1
1
1
1
1
1
1
1
1
1
1
1
1
1
1
1
1
1
1
1
1
1
1
1
1
1
1
1
1
1
1
1
1
1
1
1
1
1
1
1
1
1
1
1
1
1
1
1
1
1
1
1
1
1
1
1
1
1
1
1
1
1
1
1
1
1
1
1
1
1
1
1
1
1
1
1
1
1
1
1
1
1
1
1
1
1
1
1
1
1
1
1
1
1
1
1
1
1
1
1
1
1
1
1
1
1
1
1
1
1
1
1
1
1
1
1
1
1
1
1
1
1
1
1
1
1
1
1
1
1
1
1
1
1
1
1
1
1
1
1
1
1
1
1
1
1
1
1
1
1
1
1
1
1
1
1
1
1
1
1
1
1
1
1
1
1
1
1
1
1
1
1
1
1
1
1
1
1
1
1
1
1
1
1
1
1
1
1
1
1
1
1
1
1
1
1
1
1
1
1
1
1
1
1
1
1
1
1
1
1
1
1
1
1
1
1
1
1
1
1
1
1
1
1
1
1
1
1
1
1
1
1
1
1
1
1
1
1
1
1
1
1
1
1
1
1
1
1
1
1
1
1
1
1
1
1
1
1
1
1
1
1
1
1
1
1
1
1
1
1
1
1
1
1
1
1
1
1
1
1
1
1
1
1
1
1
1
1
1
1
1
1
1
1
1
1
1
1
1
1
1
1
1
1
1
1
1
1
1
1
1
1
1
1
1
1
1
1
1
1
1
1
1
1
1
1
1
1
1
1
1
1
1
1
1
1
1
1
1
1
1
1
1
1
1
1
1
1
1
1
1
1
1
1
1
1
1
1
1
1
1
1
1
1
1
1
1
1
1
1
1
1
1
1
1
1
1
1
1
1
1
1
1
1
1
1
1
1
1
1
1
1
1
1
1
1
1
1
1
1
1
1
1
1
1
1
1
1
1
1
1
1
1
1
1
1
1
1
1
1
1
1
1
1
1
1
1
1
1
1
1
1
1
1
1
1
1
1
1
1
1
1
1
1
1
1
1
1
1
1
1
1
1
1
1
1
1
1
1
1
1
1
1
1
1
1
1
1
1
1
1
1
1
1
1
1
1
1
1
1
1
1
1
1
1
1
1
1
1
1
1
1
1
1
1
1
1
1
1
1
1
1
1
1
1
1
1
1
1
1
1
1
1
1
1
1
1
1
1
1
1
1
1
1
1
1
1
1
1
1
1
1
1
1
1
1
1
1
1
1
1
1
1
1
1
1
1
1
1
1
1
1
1
1
1
1
1
1
1
1
1
1
1
1
1
1
1
1
1
1
1
1
1
1
1
1
1
1
1
1
1
1
1
1
1
1
1
1
1
1
1
1
1
1
1
1
1
1
1
1
1
1
1
1
1
1
1
1
1
1
1
1
1
1
1
1
1
1
1
1
1
1
1
1
1
1
1
1
1
1
1
1
1
1
1
1
1
1
1
1
1
1
1
1
1
1
1
1
1
1
1
1
1
1
1
1
1
1
1
1
1
1
1
1
1
1
1
1
1
1
1
1
1
1
1
1
1
1
1
1
1
1
1
1
1
1
1
1
1
1
1
1
1
1
1
1
1
1
1
1
1
1
1
1
1
1
1
1
1
1
1
1
1
1
1
1
1
1
1
1
1
1
1
1
1
1
1
1
1
1
1
1
1
1
1
1
1
1
1
1
1
1
1
1
1
1
1
1
1
1
1
1
1
1
1
1
1
1
1
1
1
1
1
1
1
1
1
1
1
1
1
1
1
1
1
1
1
1
1
1
1
1
1
1
1
1
1
1
1
1
1
1
1
1
1
1
1
1
1
1
1
1
1
1
1
1
1
1
1
1
1
1
1
1
1
1
1
1
1
1
1
1
1
1
1
1
1
1
1
1
1
1
1
1
1
1
1
1
1
1
1
1
1
1
1
1
1
1
1
1
1
1
1
1
1
1
1
1
1
1
1
1
1
1
1
1
1
1
1
1
1
1
1
1
1
1
1
1
1
1
1
1
1
1
1
1
1
1
1
1
1
1
1
1
1
1
1
1
1
1
1
1
1
1
1
1
1
1
1
1
1
1
1
1
1
1
1
1
1
1
1
1
1
1
1
1
1
1
1
1
1
1
1
1
1
1
1
1
1
1
1
1
1
1
1
1
1
1
1
1
1
1
1
1
1
1
1
1
1
1
1
1
1
1
1
1
1
1
1
1
1
1
1
1
1
1
1
1
1
1
1
1
1
1
1
1
1
1
1
1
1
1
1
1
1
1
1
1
1
1
1
1
1
1
1
1
1
1
1
1
1
1
1
1
1
1
1
1
1
1
1
1
1
1
1
1
1
1
1
1
1
1
1
1
1
1
1
1
1
1
1
1
1
1
1
1
1
1
1
1
1
1
1
1
1
1
1
1
1
1
1
1
1
1
1
1
1
1
1
1
1
1
1
1
1
1
1
1
1
1
1
1
1
1
1
1
1
1
1
1
1
1
1
1
1
1
1
1
1
1
1
1
1
1
1
1
1
1
1
1
1
1
1
1
1
1
1
1
1
1
1
1
1
1
1
1
1
1
1
1
1
1
1
1
1
1
1
1
1
1
1
1
1
1
1
1
1
1
1
1
1
1
1
1
1
1
1
1
1
1
1
1
1
1
1
1
1
1
1
1
1
1
1
1
1
1
1
1
1
1
1
1
1
1
1
1
1
1
1
1
1
1
1
1
1
1
1
1
1
1
1
1
1
1
1
1
1
1
1
1
1
1
1
1
1
1
1
1
1
1
1
1
1
1
1
1
1
1
1
1
1
1
1
1
1
1
1
1
1
1
1
1
1
1
1
1
1
1
1
1
1
1
1
1
1
1
1
1
1
1
1
1
1
1
1
1
1
1
1
1
1
1
1
1
1
1
1
1
1
1
1
1
1
1
1
1
1
1
1
1
1
1
1
1
1
1
1
1
1
1
1
1
1
1
1
1
1
1
1
1
1
1
1
1
1
1
1
1
1
1
1
1
1
1
1
1
1
1
1
1
1
1
1
1
1
1
1
1
1
1
1
1
1
1
1
1
1
1
1
1
1
1
1
1
1
1
1
1
1
1
1
1
1
1
1
1
1
1
1
1
1
1
1
1
1
1
1
1
1
1
1
1
1
1
1
1
1
1
1
1
1
1
1
1
1
1
1
1
1
1
1
1
1
1
1
1
1
1
1
1
1
1
1
1
1
1
1
1
1
1
1
1
1
1
1
1
1
1
1
1
1
1
1
1
1
1
1
1
1
1
1
1
1
1
1
1
1
1
1
1
1
1
1
1
1
1
1
1
1
1
1
1
1
1
1
1
1
1
1
1
1
1
1
1
1
1
1
1
1
1
1
1
1
1
1
1
1
1
1
1
1
1
1
1
1
1
1
1
1
1
1
1
1
1
1
1
1
1
1
1
1
1
1
1
1
1
1
1
1
1
1
1
1
1
1
1
1
1
1
1
1
1
1
1
1
1
1
1
1
1
1
1
1
1
1
1
1
1
1
1
1
1
1
1
1
1
1
1
1
1
1
1
1
1
1
1
1
1
1
1
1
1
1
1
1
1
1
1
1
1
1
1
1
1
1
1
1
1
1
1
1
1
1
1
1
1
1
1
1
1
1
1
1
1
1
1
1
1
1
1
1
1
1
1
1
1
1
1
1
1
1
1
1
1
1
1
1
1
1
1
1
1
1
1
1
1
1
1
1
1
1
1
1
1
1
1
1
1
1
1
1
1
1
1
1
1
1
1
1
1
1
1
1
1
1
1
1
1
1
1
1
1
1
1
1
1
1
1
1
1
1
1
1
1
1
1
1
1
1
1
1
1
1
1
1
1
1
1
1
1
1
1
1
1
1
1
1
1
1
1
1
1
1
1
1
1
1
1
1
1
1
1
1
1
1
1
1
1
1
1
1
1
1
1
1
1
1
1
1
1
1
1
1
1
1
1
1
1
1
1
1
1
1
1
1
1
1
1
1
1
1
1
1
1
1
1
1
1
1
1
1
1
1
1
1
1
1
1
1
1
1
1
1
1
1
1
1
1
1
1
1
1
1
1
1
1
1
1
1
1
1
1
1
1
1
1
1
1
1
1
1
1
1
1
1
1
1
1
1
1
1
1
1
1
1
1
1
1
1
1
1
1
1
1
1
1
1
1
1
1
1
1
1
1
1
1
1
1
1
1
1
1
1
1
1
1
1
1
1
1
1
1
1
1
1
1
1
1
1
1
1
1
1
1
1
1
1
1
1
1
1
1
1
1
1
1
1
1
1
1
1
1
1
1
1
1
1
1
1
1
1
1
1
1
1
1
1
1
1
1
1
1
1
1
1
1
1
1
1
1
1
1
1
1
1
1
1
1
1
1
1
1
1
1
1
1
1
1
1
1
1
1
1
1
1
1
1
1
1
1
1
1
1
1
1
1
1
1
1
1
1
1
1
1
1
1
1
1
1
1
1
1
1
1
1
1
1
1
1
1
1
1
1
1
1
1
1
1
1
1
1
1
1
1
1
1
1
1
1
1
1
1
1
1
1
1
1
1
1
1
1
1
1
1
1
1
1
1
1
1
1
1
1
1
1
1
1
1
1
1
1
1
1
1
1
1
1
1
1
1
1
1
1
1
1
1
1
1
1
1
1
1
1
1
1
1
1
1
1
1
1
1
1
1
1
1
1
1
1
1
1
1
1
1
1
1
1
1
1
1
1
1
1
1
1
1
1
1
1
1
1
1
1
1
1
1
1
1
1
1
1
1
1
1
1
1
1
1
1
1
1
1
1
1
1
1
1
1
1
1
1
1
1
1
1
1
1
1
1
1
1
1
1
1
1
1
1
1
1
1
1
1
1
1
1
1
1
1
1
1
1
1
1
1
1
1
1
1
1
1
1
1
1
1
1
1
1
1
1
1
1
1
1
1
1
1
1
1
1
1
1
1
1
1
1
1
1
1
1
1
1
1
1
1
1
1
1
1
1
1
1
1
1
1
1
1
1
1
1
1
1
1
1
1
1
1
1
1
1
1
1
1
1
1
1
1
1
1
1
1
1
1
1
1
1
1
1
1
1
1
1
1
1
1
1
1
1
1
1
1
1
1
1
1
1
1
1
1
1
1
1
1
1
1
1
1
1
1
1
1
1
1
1
1
1
1
1
1
1
1
1
1
1
1
1
1
1
1
1
1
1
1
1
1
1
1
1
1
1
1
1
1
1
1
1
1
1
1
1
1
1
1
1
1
1
1
1
1
1
1
1
1
1
1
1
1
1
1
1
1
1
1
1
1
1
1
1
1
1
1
1
1
1
1
1
1
1
1
1
1
1
1
1
1
1
1
1
1
1
1
1
1
1
1
1
1
1
1
1
1
1
1
1
1
1
1
1
1
1
1
1
1
1
1
1
1
1
1
1
1
1
1
1
1
1
1
1
1
1
1
1
1
1
1
1
1
1
1
1
1
1
1
1
1
1
1
1
1
1
1
1
1
1
1
1
1
1
1
1
1
1
1
1
1
1
1
1
1
1
1
1
1
1
1
1
1
1
1
1
1
1
1
1
1
1
1
1
1
1
1
1
1
1
1
1
1
1
1
1
1
1
1
1
1
1
1
1
1
1
1
1
1
1
1
1
1
1
1
1
1
1
1
1
1
1
1
1
1
1
1
1
1
1
1
1
1
1
1
1
1
1
1
1
1
1
1
1
1
1
1
1
1
1
1
1
1
1
1
1
1
1
1
1
1
1
1
1
1
1
1
1
1
1
1
1
1
1
1
1
1
1
1
1
1
1
1
1
1
1
1
1
1
1
1
1
1
1
1
1
1
1
1
1
1
1
1
1
1
1
1
1
1
1
1
1
1
1
1
1
1
1
1
1
1
1
1
1
1
1
1
1
1
1
1
1
1
1
1
1
1
1
1
1
1
1
1
1
1
1
1
1
1
1
1
1
1
1
1
1
1
1
1
1
1
1
1
1
1
1
1
1
1
1
1
1
1
1
1
1
1
1
1
1
1
1
1
1
1
1
1
1
1
1
1
1
1
1
1
1
1
1
1
1
1
1
1
1
1
1
1
1
1
1
1
1
1
1
1
1
1
1
1
1
1
1
1
1
1
1
1
1
1
1
1
1
1
1
1
1
1
1
1
1
1
1
1
1
1
1
1
1
1
1
1
1
1
1
1
1
1
1
1
1
1
1
1
1
1
1
1
1
1
1
1
1
1
1
1
1
1
1
1
1
1
1
1
1
1
1
1
1
1
1
1
1
1
1
1
1
1
1
1
1
1
1
1
1
1
1
1
1
1
1
1
1
1
1
1
1
1
1
1
1
1
1
1
1
1
1
1
1
1
1
1
1
1
1
1
1
1
1
1
1
1
1
1
1
1
1
1
1
1
1
1
1
1
1
1
1
1
1
1
1
1
1
1
1
1
1
1
1
1
1
1
1
1
1
1
1
1
1
1
1
1
1
1
1
1
1
1
1
1
1
1
1
1
1
1
1
1
1
1
1
1
1
1
1
1
1
1
1
1
1
1
1
1
1
1
1
1
1
1
1
1
1
1
1
1
1
1
1
1
1
1
1
1
1
1
1
1
1
1
1
1
1
1
1
1
1
1
1
1
1
1
1
1
1
1
1
1
1
1
1
1
1
1
1
1
1
1
1
1
1
1
1
1
1
1
1
1
1
1
1
1
1
1
1
1
1
1
1
1
1
1
1
1
1
1
1
1
1
1
1
1
1
1
1
1
1
1
1
1
1
1
1
1
1
1
1
1
1
1
1
1
1
1
1
1
1
1
1
1
1
1
1
1
1
1
1
1
1
1
1
1
1
1
1
1
1
1
1
1
1
1
1
1
1
1
1
1
1
1
1
1
1
1
1
1
1
1
1
1
1
1
1
1
1
1
1
1
1
1
1
1
1
1
1
1
1
1
1
1
1
1
1
1
1
1
1
1
1
1
1
1
1
1
1
1
1
1
1
1
1
1
1
1
1
1
1
1
1
1
1
1
1
1
1
1
1
1
1
1
1
1
1
1
1
1
1
1
1
1
1
1
1
1
1
1
1
1
1
1
1
1
1
1
1
1
1
1
1
1
1
1
1
1
1
1
1
1
1
1
1
1
1
1
1
1
1
1
1
1
1
1
1
1
1
1
1
1
1
1
1
1
1
1
1
1
1
1
1
1
1
1
1
1
1
1
1
1
1
1
1
1
1
1
1
1
1
1
1
1
1
1
1
1
1
1
1
1
1
1
1
1
1
1
1
1
1
1
1
1
1
1
1
1
1
1
1
1
1
1
1
1
1
1
1
1
1
1
1
1
1
1
1
1
1
1
1
1
1
1
1
1
1
1
1
1
1
1
1
1
1
1
1
1
1
1
1
1
1
1
1
1
1
1
1
1
1
1
1
1
1
1
1
1
1
1
1
1
1
1
1
1
1
1
1
1
1
1
1
1
1
1
1
1
1
1
1
1
1
1
1
1
1
1
1
1
1
1
1
1
1
1
1
1
1
1
1
1
1
1
1
1
1
1
1
1
1
1
1
1
1
1
1
1
1
1
1
1
1
1
1
1
1
1
1
1
1
1
1
1
1
1
1
1
1
1
1
1
1
1
1
1
1
1
1
1
1
1
1
1
1
1
1
1
1
1
1
1
1
1
1
1
1
1
1
1
1
1
1
1
1
1
1
1
1
1
1
1
1
1
1
1
1
1
1
1
1
1
1
1
1
1
1
1
1
1
1
1
1
1
1
1
1
1
1
1
1
1
1
1
1
1
1
1
1
1
1
1
1
1
1
1
1
1
1
1
1
1
1
1
1
1
1
1
1
1
1
1
1
1
1
1
1
1
1
1
1
1
1
1
1
1
1
1
1
1
1
1
1
1
1
1
1
1
1
1
1
1
1
1
1
1
1
1
1
1
1
1
1
1
1
1
1
1
1
1
1
1
1
1
1
1
1
1
1
1
1
1
1
1
1
1
1
1
1
1
1
1
1
1
1
1
1
1
1
1
1
1
1
1
1
1
1
1
1
1
1
1
1
1
1
1
1
1
1
1
1
1
1
1
1
1
1
1
1
1
1
1
1
1
1
1
1
1
1
1
1
1
1
1
1
1
1
1
1
1
1
1
1
1
1
1
1
1
1
1
1
1
1
1
1
1
1
1
1
1
1
1
1
1
1
1
1
1
1
1
1
1
1
1
1
1
1
1
1
1
1
1
1
1
1
1
1
1
1
1
1
1
1
1
1
1
1
1
1
1
1
1
1
1
1
1
1
1
1
1
1
1
1
1
1
1
1
1
1
1
1
1
1
1
1
1
1
1
1
1
1
1
1
1
1
1
1
1
1
1
1
1
1
1
1
1
1
1
1
1
1
1
1
1
1
1
1
1
1
1
1
1
1
1
1
1
1
1
1
1
1
1
1
1
1
1
1
1
1
1
1
1
1
1
1
1
1
1
1
1
1
1
1
1
1
1
1
1
1
1
1
1
1
1
1
1
1
1
1
1
1
1
1
1
1
1
1
1
1
1
1
1
1
1
1
1
1
1
1
1
1
1
1
1
1
1
1
1
1
1
1
1
1
1
1
1
1
1
1
1
1
1
1
1
1
1
1
1
1
1
1
1
1
1
1
1
1
1
1
1
1
1
1
1
1
1
1
1
1
1
1
1
1
1
1
1
1
1
1
1
1
1
1
1
1
1
1
1
1
1
1
1
1
1
1
1
1
1
1
1
1
1
1
1
1
1
1
1
1
1
1
1
1
1
1
1
1
1
1
1
1
1
1
1
1
1
1
1
1
1
1
1
1
1
1
1
1
1
1
1
1
1
1
1
1
1
1
1
1
1
1
1
1
1
1
1
1
1
1
1
1
1
1
1
1
1
1
1
1
1
1
1
1
1
1
1
1
1
1
1
1
1
1
1
1
1
1
1
1
1
1
1
1
1
1
1
1
1
1
1
1
1
1
1
1
1
1
1
1
1
1
1
1
1
1
1
1
1
1
1
1
1
1
1
1
1
1
1
1
1
1
1
1
1
1
1
1
1
1
1
1
1
1
1
1
1
1
1
1
1
1
1
1
1
1
1
1
1
1
1
1
1
1
1
1
1
1
1
1
1
1
1
1
1
1
1
1
1
1
1
1
1
1
1
1
1
1
1
1
1
1
1
1
1
1
1
1
1
1
1
1
1
1
1
1
1
1
1
1
1
1
1
1
1
1
1
1
1
1
1
1
1
1
1
1
1
1
1
1
1
1
1
1
1
1
1
1
1
1
1
1
1
1
1
1
1
1
1
1
1
1
1
1
1
1
1
1
1
1
1
1
1
1
1
1
1
1
1
1
1
1
1
1
1
1
1
1
1
1
1
1
1
1
1
1
1
1
1
1
1
1
1
1
1
1
1
1
1
1
1
1
1
1
1
1
1
1
1
1
1
1
1
1
1
1
1
1
1
1
1
1
1
1
1
1
1
1
1
1
1
1
1
1
1
1
1
1
1
1
1
1
1
1
1
1
1
1
1
1
1
1
1
1
1
1
1
1
1
1
1
1
1
1
1
1
1
1
1
1
1
1
1
1
1
1
1
1
1
1
1
1
1
1
1
1
1
1
1
1
1
1
1
1
1
1
1
1
1
1
1
1
1
1
1
1
1
1
1
1
1
1
1
1
1
1
1
1
1
1
1
1
1
1
1
1
1
1
1
1
1
1
1
1
1
1
1
1
1
1
1
1
1
1
1
1
1
1
1
1
1
1
1
1
1
1
1
1
1
1
1
1
1
1
1
1
1
1
1
1
1
1
1
1
1
1
1
1
1
1
1
1
1
1
1
1
1
1
1
1
1
1
1
1
1
1
1
1
1
1
1
1
1
1
1
1
1
1
1
1
1
1
1
1
1
1
1
1
1
1
1
1
1
1
1
1
1
1
1
1
1
1
1
1
1
1
1
1
1
1
1
1
1
1
1
1
1
1
1
1
1
1
1
1
1
1
1
1
1
1
1
1
1
1
1
1
1
1
1
1
1
1
1
1
1
1
1
1
1
1
1
1
1
1
1
1
1
1
1
1
1
1
1
1
1
1
1
1
1
1
1
1
1
1
1
1
1
1
1
1
1
1
1
1
1
1
1
1
1
1
1
1
1
1
1
1
1
1
1
1
1
1
1
1
1
1
1
1
1
1
1
1
1
1
1
1
1
1
1
1
1
1
1
1
1
1
1
1
1
1
1
1
1
1
1
1
1
1
1
1
1
1
1
1
1
1
1
1
1
1
1
1
1
1
1
1
1
1
1
1
1
1
1
1
1
1
1
1
1
1
1
1
1
1
1
1
1
1
1
1
1
1
1
1
1
1
1
1
1
1
1
1
1
1
1
1
1
1
1
1
1
1
1
1
1
1
1
1
1
1
1
1
1
1
1
1
1
1
1
1
1
1
1
1
1
1
1
1
1
1
1
1
1
1
1
1
1
1
1
1
1
1
1
1
1
1
1
1
1
1
1
1
1
1
1
1
1
1
1
1
1
1
1
1
1
1
1
1
1
1
1
1
1
1
1
1
1
1
1
1
1
1
1
1
1
1
1
1
1
1
1
1
1
1
1
1
1
1
1
1
1
1
1
1
1
1
1
1
1
1
1
1
1
1
1
1
1
1
1
1
1
1
1
1
1
1
1
1
1
1
1
1
1
1
1
1
1
1
1
1
1
1
1
1
1
1
1
1
1
1
1
1
1
1
1
1
1
1
1
1
1
1
1
1
1
1
1
1
1
1
1
1
1
1
1
1
1
1
1
1
1
1
1
1
1
1
1
1
1
1
1
1
1
1
1
1
1
1
1
1
1
1
1
1
1
1
1
1
1
1
1
1
1
1
1
1
1
1
1
1
1
1
1
1
1
1
1
1
1
1
1
1
1
1
1
1
1
1
1
1
1
1
1
1
1
1
1
1
1
1
1
1
1
1
1
1
1
1
1
1
1
1
1
1
1
1
1
1
1
1
1
1
1
1
1
1
1
1
1
1
1
1
1
1
1
1
1
1
1
1
1
1
1
1
1
1
1
1
1
1
1
1
1
1
1
1
1
1
1
1
1
1
1
1
1
1
1
1
1
1
1
1
1
1
1
1
1
1
1
1
1
1
1
1
1
1
1
1
1
1
1
1
1
1
1
1
1
1
1
1
1
1
1
1
1
1
1
1
1
1
1
1
1
1
1
1
1
1
1
1
1
1
1
1
1
1
1
1
1
1
1
1
1
1
1
1
1
1
1
1
1
1
1
1
1
1
1
1
1
1
1
1
1
1
1
1
1
1
1
1
1
1
1
1
1
1
1
1
1
1
1
1
1
1
1
1
1
1
1
1
1
1
1
1
1
1
1
1
1
1
1
1
1
1
1
1
1
1
1
1
1
1
1
1
1
1
1
1
1
1
1
1
1
1
1
1
1
1
1
1
1
1
1
1
1
1
1
1
1
1
1
1
1
1
1
1
1
1
1
1
1
1
1
1
1
1
1
1
1
1
1
1
1
1
1
1
1
1
1
1
1
1
1
1
1
1
1
1
1
1
1
1
1
1
1
1
1
1
1
1
1
1
1
1
1
1
1
1
1
1
1
1
1
1
1
1
1
1
1
1
1
1
1
1
1
1
1
1
1
1
1
1
1
1
1
1
1
1
1
1
1
1
1
1
1
1
1
1
1
1
1
1
1
1
1
1
1
1
1
1
1
1
1
1
1
1
1
1
1
1
1
1
1
1
1
1
1
1
1
1
1
1
1
1
1
1
1
1
1
1
1
1
1
1
1
1
1
1
1
1
1
1
1
1
1
1
1
1
1
1
1

POINT_DATA 6231
SCALARS density float 1
LOOKUP_TABLE default
4412.283133
4424.626866
4422.234891
4424.362653
4426.426243
4426.945162
4422.996311
4423.666472
4429.238303
4429.505069
4428.083970
4432.334453
4427.593335
4429.357383
4431.248596
4441.014754
4423.477100
4431.818703
4412.902720
4423.959287
4411.316676
4423.024707
4430.081321
4428.575416
4442.946730
4425.852400
4398.154835
4428.345932
4450.608960
4450.339901
4417.975391
4413.213936
4420.991497
4428.394489
4425.314671
4423.372162
4427.775473
4429.580439
4430.101562
4428.279354
4429.211432
4422.032637
4431.298989
4425.698061
4439.413536
4417.144867
4425.527151
4408.930382
4445.083827
4460.267851
4459.983859
4416.420801
4406.373015
4412.867222
4436.073247
4509.071738
4405.751937
4408.649760
4424.868402
4409.890542
4459.961976
4446.827263
4419.282600
4434.863656
4424.375654
4423.892494
4430.942013
4422.108520
4424.796029
4434.576734
4416.837628
4433.851988
4430.413153
4433.684385
4418.596505
4437.210859
4412.750218
4480.858309
4400.321965
4453.069270
4352.484700
4449.599388
4420.856203
4417.193331
4436.416488
4414.185125
4516.018463
4314.322867
4363.357683
4423.358998
4414.497641
4416.222053
4400.410580
4426.900257
4426.485938
4418.493534
4434.885632
4432.835637
4434.903564
4430.531347
4425.443832
4429.309035
4435.699886
4411.067129
4438.167988
4417.884585
4449.067658
4403.579491
4432.466545
4386.217670
4456.919653
4369.625569
4555.382523
4370.946635
4430.582496
4461.889256
4439.628126
4476.677193
4357.224867
4469.747309
4459.802812
4401.231319
4487.677065
4444.186495
4429.553439
4429.733555
4441.109793
4438.730245
4415.230178
4431.034180
4425.302805
4432.621651
4426.877984
4430.986944
4414.407201
4451.014740
4402.974544
4443.460131
4414.101903
4447.497924
4391.349999
4508.679582
4310.338975
4419.830483
4384.122077
4439.261191
4393.827044
4427.355142
4436.088597
4494.197452
4436.771320
4404.704815
4493.479814
4434.502539
4417.598809
4435.830380
4428.211231
4417.941708
4420.780293
4445.385395
4444.189883
4410.120550
4443.188627
4405.317417
4442.262823
4424.023918
4433.851535
4412.363340
4457.154043
4367.227447
4481.910215
4358.435318
4475.477075
4362.614312
4535.417611
4383.197055
4440.005266
4425.817235
4457.719934
4427.874462
4449.412579
4447.477507
4385.865693
4394.611460
4406.225344
4421.029481
4430.853236
4431.510180
4438.705418
4450.753002
4405.451825
4428.305393
4418.588721
4444.327651
4418.917562
4446.240661
4412.659950
4441.875698
4420.755395
4432.486884
4423.092252
4467.400413
4409.001697
4518.059150
4375.035124
4482.999058
4431.436917
4415.241392
4405.325962
4417.914572
4445.797067
4462.966634
4423.754620
4405.707863
4425.090739
4417.476664
4426.219434
4425.712501
4428.561432
4420.926613
4417.440936
4441.859553
4452.250756
4418.593234
4427.099622
4417.087409
4437.792165
4397.794770
4431.341822
4419.198350
4436.901218
4439.138824
4455.095532
4435.867353
4455.266952
4448.182831
4411.932130
4389.306105
4438.326483
4459.322778
4425.479223
4444.537910
4390.841806
4435.533751
4458.732489
4429.124183
4452.715652
4411.563857
4426.394586
4436.103697
4421.093155
4438.267637
4436.280122
4406.574310
4439.056752
4437.290759
4438.986398
4448.311417
4403.352711
4439.612559
4401.770809
4440.265918
4471.549133
4390.209907
4457.671191
4451.120961
4360.174516
4463.671371
4412.810789
4436.705610
4415.505368
4430.567529
4441.619173
4389.246812
4453.614448
4431.622616
4400.696996
4438.286426
4436.188244
4430.351179
4427.308479
4427.934612
4428.566121
4410.665009
4455.410257
4423.260026
4428.238436
4408.785985
4434.699772
4454.889213
4416.939548
4430.985114
4465.138190
4412.943044
4374.867952
4442.147786
4435.886186
4426.035574
4426.202647
4416.505728
4436.922012
4433.983163
4422.724863
4490.733867
4386.706715
4388.525822
4444.761561
4444.796622
4427.723756
4416.361420
4430.287029
4425.222690
4430.167661
4434.255750
4426.198241
4429.694521
4406.401963
4436.728110
4443.432017
4426.031621
4440.392210
4431.678304
4421.699369
4389.843422
4446.545904
4443.744718
4424.476734
4466.842774
4416.621805
4435.837568
4418.624283
4422.154025
4427.660049
4423.167009
4432.145390
4464.755691
4371.574731
4399.570647
4469.761017
4448.266921
4423.274874
4428.039960
4436.251465
4436.608841
4423.197707
4425.999026
4410.354965
4448.869493
4439.660035
4409.792486
4432.482302
4412.694567
4446.170664
4411.090899
4443.241537
4428.347713
4444.608175
4452.974598
4391.163616
4462.918896
4401.828980
4417.034222
4428.125592
4423.934802
4432.304395
4389.323341
4449.229087
4466.191712
4459.523495
4406.985565
4425.802430
4451.606052
4436.566085
4426.411940
4422.359522
4418.967053
4446.860821
4423.411896
4415.035962
4415.865888
4445.923613
4442.874304
4414.029206
4438.826561
4419.956498
4421.834715
4432.271890
4380.635180
4431.028895
4405.640483
4410.420846
4435.358880
4389.795347
4444.138706
4413.998179
4425.657458
4450.576261
4452.123632
4415.396542
4340.337595
4460.790830
4388.099437
4415.346421
4437.294694
4425.526269
4440.640620
4441.604273
4408.492753
4420.936731
4434.692638
4435.696317
4421.844255
4397.336132
4447.332054
4424.971003
4442.169072
4444.037717
4398.109183
4456.747124
4418.831513
4448.573794
4513.428127
4418.340639
4434.193498
4439.302630
4417.521881
4423.219401
4439.052568
4427.313932
4444.826372
4475.162122
4470.870148
4489.251162
4451.858500
4433.492444
4433.929909
4431.673360
4406.045808
4447.088453
4435.954675
4412.334416
4412.833602
4443.909784
4438.741461
4434.671281
4419.119179
4418.805156
4427.494282
4452.606359
4390.592994
4415.824021
4509.891909
4553.130517
4385.550945
4381.195652
4402.851862
4417.314812
4449.653306
4451.057667
4371.643038
4453.727691
4410.921906
4405.827690
4403.010723
4449.678217
4434.059652
4434.433040
4429.244687
4438.119159
4431.614867
4400.257595
4438.460871
4449.587089
4406.233206
4409.059619
4435.349057
4424.449560
4453.867493
4398.412869
4464.043151
4393.601194
4493.786647
4348.741650
4325.139756
4508.453297
4396.978131
4416.426397
4446.272113
4397.154197
4464.966050
4461.542647
4426.311251
4439.293983
4392.761534
4425.617406
4412.461144
4429.765617
4428.189599
4429.441794
4416.318134
4426.857869
4441.275972
4431.256672
4407.994061
4443.376746
4433.974038
4424.130079
4398.003412
4450.857041
4404.651671
4421.593047
4455.051290
4398.543897
4501.637323
4495.875962
4415.905827
4398.910281
4428.110857
4464.576589
4440.233758
4406.560672
4439.327634
4449.383669
4413.258405
4405.705170
4431.931660
4427.467895
4428.273592
4429.267163
4436.593665
4431.791515
4440.052106
4416.990874
4424.991250
4430.188724
4438.895342
4394.771404
4436.583635
4447.978360
4405.877804
4447.876270
4428.123437
4419.855232
4414.486847
4476.126374
4340.818049
4361.148929
4434.895038
4423.480568
4429.390661
4395.828155
4423.279572
4445.920997
4443.641458
4415.767015
4459.426579
4430.806246
4434.518719
4433.890373
4427.288591
4420.926540
4434.362953
4423.086403
4433.656686
4443.944060
4418.501640
4417.975331
4455.063682
4423.069541
4406.619495
4433.726037
4430.203163
4383.229708
4481.539685
4341.469762
4475.700061
4385.241158
4449.751621
4400.892856
4400.691823
4427.755157
4446.360302
4451.965385
4398.073590
4471.104449
4462.705599
4416.197223
4419.012071
4423.689095
4430.389152
4424.245838
4435.330336
4438.883996
4419.294563
4444.701697
4405.685610
4442.393364
4416.950364
4425.364782
4404.687488
4447.324761
4405.652835
4450.320624
4407.856884
4451.081566
4393.130047
4460.176730
4422.704486
4527.564984
4392.940051
4466.332617
4431.087457
4414.426302
4444.249381
4449.819090
4394.963374
4393.289189
4417.337018
4439.990979
4407.614964
4428.719404
4432.295272
4425.891465
4418.354649
4431.769891
4427.829785
4428.362269
4445.710296
4409.758595
4439.529582
4408.168881
4457.046718
4398.050230
4420.379422
4425.268080
4431.243418
4435.148250
4463.561582
4373.993675
4436.772110
4437.460848
4411.336997
4431.327576
4445.592746
4418.215138
4380.035665
4427.289704
4444.757111
4467.537821
4403.765698
4401.792649
4428.336847
4433.634942
4428.286579
4429.318024
4442.891235
4416.625257
4430.753256
4412.074312
4426.909945
4445.398507
4434.776881
4398.838390
4447.817109
4437.637641
4425.184285
4449.154114
4411.725807
4454.502553
4379.254585
4476.845580
4419.673407
4436.429448
4412.276618
4413.665350
4442.453110
4433.915877
4390.279741
4454.457989
4351.755443
4412.412381
4450.365653
4427.642051
4428.065027
4428.077915
4431.016702
4413.014954
4437.799833
4418.817246
4436.048670
4443.283223
4393.372601
4433.575965
4419.610166
4443.992922
4418.785485
4411.654614
4433.260256
4393.440618
4389.929677
4468.185120
4445.249787
4433.078504
4421.532758
4456.872693
4447.147862
4412.787356
4436.765814
4518.306542
4368.657208
4497.988996
4349.354687
4432.256686
4429.787151
4433.726799
4428.365108
4430.652193
4434.392064
4433.383222
4417.722253
4408.842109
4428.027764
4439.401640
4424.404941
4437.610346
4395.013740
4471.414170
4435.422887
4414.742517
4454.174014
4453.829065
4369.938642
4440.439165
4433.666609
4428.784202
4467.698552
4428.317984
4435.854092
4443.487819
4425.966396
4360.012527
4467.702669
4427.819005
4456.394390
4426.948342
4430.106528
4423.211840
4423.909469
4423.367708
4418.946233
4438.792567
4449.533137
4410.555024
4434.968578
4389.745120
4447.759632
4455.701120
4406.362847
4404.613713
4449.743444
4420.460210
4425.664696
4464.599864
4477.752465
4412.867751
4421.973590
4400.523449
4394.104249
4439.961341
4444.969071
4485.212833
4373.922956
4454.697913
4423.412151
4447.047300
4433.236668
4431.478733
4430.595080
4438.577558
4424.997954
4441.537981
4406.628933
4427.442564
4413.286877
4436.770616
4443.807479
4401.640002
4371.743569
4451.921881
4461.449463
4430.240166
4390.795568
4478.682564
4359.640904
4428.238105
4429.961849
4409.342772
4446.344259
4435.150324
4415.609484
4438.313499
4408.879240
4416.598277
4412.674216
4406.596956
4412.268953
4430.067875
4430.713821
4418.571285
4426.748012
4413.753844
4443.595467
4419.486847
4427.421376
4458.812559
4407.107796
4397.973126
4462.822992
4441.088380
4417.397887
4378.650179
4464.793475
4451.560939
4466.496303
4414.908217
4450.262841
4434.888183
4522.319610
4435.113483
4394.500701
4441.880660
4433.280908
4449.818748
4451.022368
4460.794663
4413.988070
4451.476316
4427.030988
4437.077461
4433.427854
4437.085223
4432.840558
4415.889134
4440.071065
4425.012296
4382.711090
4448.621375
4454.741942
4394.192281
4394.667685
4440.530869
4448.683317
4418.493825
4375.012202
4462.541787
4396.620151
4442.117321
4418.058075
4424.313935
4441.909358
4435.581120
4453.496707
4448.116715
4416.809925
4435.731688
4415.811280
4372.499223
4435.350411
4427.452518
4431.232528
4415.382842
4431.043529
4432.261003
4440.750536
4395.194886
4449.436400
4440.221149
4414.200281
4391.263218
4451.186357
4457.127758
4400.586893
4424.748354
4377.627115
4447.850081
4428.302966
4423.003462
4446.459933
4419.166417
4453.242598
4420.975669
4427.613299
4474.277960
4384.342428
4421.027355
4445.185546
4440.518936
4417.469469
4405.856041
4429.551630
4428.102961
4435.427347
4445.384939
4410.153086
4431.228006
4437.751246
4410.555325
4404.502196
4439.117244
4442.470452
4407.559803
4407.365023
4433.513873
4424.418220
4445.877701
4380.736263
4391.378298
4446.556090
4446.469257
4436.296305
4434.382954
4429.590708
4470.735812
4471.816931
4467.886652
4432.803827
4454.304830
4451.155910
4439.692065
4461.843734
4430.037670
4426.899455
4416.866994
4425.409867
4444.343335
4417.242133
4427.982130
4433.373565
4427.376752
4412.974240
4437.868258
4426.714707
4422.823532
4452.189680
4394.780722
4449.137871
4381.921349
4477.637293
4400.059542
4446.693142
4441.598392
4460.611696
4402.820903
4439.519436
4419.422622
4416.728104
4468.672630
4403.397516
4396.121390
4424.871055
4416.246864
4427.809142
4427.801739
4449.585815
4424.864147
4429.444736
4411.450648
4425.481457
4418.283782
4441.702970
4437.290957
4403.789348
4449.225584
4419.983461
4419.115188
4429.987964
4397.557466
4426.730182
4412.100338
4433.467415
4424.311804
4412.799783
4432.634474
4453.956298
4383.426607
4450.458514
4379.803563
4389.108390
4432.823000
4459.359672
4343.171559
4416.178504
4434.165275
4431.718432
4415.275303
4430.384830
4427.140728
4441.370935
4437.888716
4416.661392
4399.766839
4445.651854
4436.222780
4415.108426
4383.333999
4451.286048
4433.723657
4443.632056
4437.602200
4392.638372
4451.975924
4443.440155
4447.003835
4615.747791
4461.965425
4452.515580
4394.187400
4470.918890
4410.911096
4459.299793
4439.001275
4448.803849
4422.854705
4437.936972
4436.281822
4435.328614
4439.735173
4429.505173
4401.802358
4390.464793
4452.740869
4445.309550
4406.953013
4405.103527
4456.343917
4450.142768
4410.711184
4386.958002
4430.384761
4447.310151
4399.960338
4464.808510
4442.154415
4422.354510
4417.413634
4429.172994
4421.354543
4396.605491
4409.682615
4423.929594
4404.850540
4379.961270
4385.295440
4438.139002
4432.205033
4428.620813
4427.970350
4412.853767
4422.988490
4465.826868
4436.287531
4409.954107
4399.657683
4453.942598
4441.544819
4406.164914
4394.572123
4450.012347
4421.015878
4440.502433
4372.715680
4458.916044
4360.643110
4416.167837
4428.542637
4416.741085
4430.677439
4488.886595
4436.999875
4448.831760
4447.589115
4421.977104
4391.149020
4465.509767
4449.337177
4435.384689
4427.872919
4439.518803
4438.374659
4444.496697
4385.500416
4400.274122
4455.474075
4443.945516
4404.849548
4390.356080
4475.180032
4436.073593
4421.882690
4405.601619
4459.082773
4404.411601
4453.954423
4397.748174
4487.312591
4416.149687
4421.605959
4397.654542
4429.408577
4435.360310
4428.120993
4455.838651
4440.084395
4404.961511
4427.486716
4455.156791
4428.015476
4428.041108
4422.939405
4419.143175
4432.073234
4472.254509
4449.656299
4383.552918
4395.859470
4457.557027
4422.142626
4411.621486
4393.195254
4451.048197
4424.985982
4417.544883
4473.712413
4478.321557
4462.514798
4460.770570
4610.017063
4391.854571
4435.422386
4425.169318
4429.450948
4448.912828
4473.947645
4422.122472
4378.909358
4417.839884
4414.225825
4430.583525
4427.490311
4450.741458
4418.475125
4426.153585
4437.430641
4393.719511
4436.064385
4462.597061
4406.254149
4410.172334
4448.418383
4447.857527
4436.668248
4396.019531
4450.210116
4383.633989
4486.776587
4504.145686
4431.174927
4433.397133
4422.099964
4448.919814
4451.920059
4373.245082
4450.256750
4461.784752
4406.985216
4428.646700
4405.613956
4420.006870
4424.957966
4425.605697
4409.687710
4433.887863
4436.829531
4441.861477
4418.055872
4467.096551
4417.557999
4446.595344
4427.742164
4388.413617
4393.523718
4424.399979
4421.044775
4453.584745
4381.598788
4462.637160
4358.451870
4422.709341
4427.617570
4483.974084
4414.370750
4387.195896
4420.292513
4396.886360
4452.282078
4352.466172
4434.609991
4462.027974
4410.990066
4428.896756
4431.540233
4442.833772
4433.678420
4440.822484
4389.594165
4389.763092
4424.658406
4441.760848
4413.996142
4422.880201
4424.832471
4447.741388
4424.554453
4435.433994
4380.487439
4437.929778
4376.121884
4473.453888
4458.774263
4427.876483
4375.266077
4374.820290
4448.701291
4412.439061
4474.825860
4399.513574
4530.417810
4421.958968
4391.153610
4424.441490
4426.316793
4431.284636
4407.667830
4423.653451
4424.496262
4464.945547
4414.428960
4423.038904
4436.197356
4420.663374
4420.010149
4419.559968
4384.229580
4437.571332
4433.531948
4434.387438
4435.356167
4388.294161
4398.944163
4401.350798
4394.895778
4513.588105
4465.407774
4449.241153
4448.536484
4435.725107
4455.668473
4456.320164
4394.569086
4416.719291
4410.683411
4424.880247
4434.735876
4435.203550
4442.356250
4424.125837
4422.362192
4434.991918
4444.964790
4398.133041
4451.490135
4425.423219
4424.220128
4446.610075
4403.944761
4425.013634
4439.692797
4466.932052
4446.393480
4369.646124
4516.772523
4419.191959
4398.090151
4393.272776
4443.576624
4433.851036
4416.425030
4394.238892
4422.389551
4360.326978
4465.611035
4406.396675
4430.151408
4432.972751
4396.963649
4439.465768
4414.651392
4420.802256
4415.099599
4432.611559
4411.931938
4417.268630
4381.130704
4417.635934
4443.488061
4415.100328
4418.224276
4454.577763
4416.839799
4382.739075
4359.260476
4432.153183
4482.960472
4588.227906
4496.368401
4434.169740
4436.930498
4422.992245
4423.476869
4428.331545
4445.434341
4405.633776
4411.061011
4422.458385
4419.989390
4443.044021
4446.625257
4428.125476
4454.171068
4434.858467
4421.967010
4421.393204
4426.621160
4415.441625
4385.924299
4442.874291
4462.414887
4388.541432
4460.254871
4340.455481
4485.581922
4452.286778
4419.685571
4475.860104
4397.832724
4373.499699
4428.813169
4433.950612
4445.415093
4393.358040
4453.866705
4475.118601
4427.078751
4407.236077
4422.014584
4426.143274
4420.466622
4393.921702
4432.600143
4430.354324
4416.886868
4442.320440
4417.762644
4429.226211
4392.327428
4445.533280
4435.902652
4397.149553
4399.663652
4389.871716
4445.167436
4428.799880
4389.355829
4433.655086
4443.986941
4412.888774
4460.646163
4467.141821
4461.652677
4449.010297
4431.578128
4402.243265
4389.849457
4405.723583
4426.027563
4422.647256
4432.155705
4423.655386
4435.476729
4424.613024
4431.661430
4405.484011
4410.746876
4406.052596
4450.833168
4425.782458
4411.089904
4387.611484
4454.713621
4460.313537
4457.559275
4441.290368
4411.134857
4449.484680
4450.476876
4430.862709
4507.091206
4410.575648
4446.342035
4430.128966
4432.168980
4432.934008
4380.902538
4394.599928
4446.368609
4441.753216
4424.402989
4432.151595
4410.835546
4420.526278
4408.450701
4442.140728
4439.623343
4417.292316
4428.688595
4434.594492
4433.418208
4422.470978
4448.710451
4418.316801
4382.395354
4450.053627
4399.957374
4470.026752
4404.377517
4351.055059
4462.413390
4520.041642
4474.468093
4449.133467
4435.665250
4466.835098
4422.755840
4436.385568
4426.915033
4408.344500
4389.799720
4431.029277
4429.722010
4430.938210
4444.749999
4405.461620
4441.739395
4386.143178
4424.674360
4449.626027
4412.620326
4394.108086
4455.166368
4416.067440
4425.432617
4421.640866
4394.938939
4470.873621
4392.370218
4451.755055
4540.120707
4423.977307
4389.691256
4399.354364
4484.607301
4446.482314
4445.604227
4410.586322
4484.168515
4460.453817
4416.340081
4430.284713
4427.836735
4424.281884
4428.698785
4413.254167
4407.754635
4426.188041
4431.273107
4443.588857
4429.013088
4433.510907
4398.654388
4430.347831
4396.785609
4440.601676
4413.220241
4418.346039
4471.241216
4437.416444
4377.427755
4400.532739
4386.536977
4422.714407
4416.717613
4400.679842
4438.167414
4441.055496
4423.442775
4405.753460
4440.137727
4409.961213
4433.500073
4428.266226
4435.651367
4431.599646
4431.044056
4439.167329
4425.371234
4420.048200
4403.123885
4442.423507
4424.037716
4430.537080
4446.253154
4429.951749
4427.836319
4401.357860
4466.912258
4426.600922
4405.027014
4448.726140
4483.946255
4665.342380
4435.366747
4517.242588
4421.745856
4470.192622
4373.095192
4424.127952
4433.867112
4449.966909
4416.871603
4368.702793
4424.618256
4432.705886
4415.323872
4424.747762
4413.145522
4393.619883
4436.485539
4429.827865
4433.005388
4438.440691
4409.885025
4407.273872
4423.660790
4448.926537
4422.167546
4419.366985
4392.045444
4489.768296
4450.380572
4399.708316
4428.795075
4403.214611
4417.365075
4464.168851
4458.512365
4459.872044
4439.514541
4441.031994
4433.178910
4416.839114
4460.584315
4430.820476
4427.776153
4438.935846
4432.729773
4428.826380
4440.366744
4424.631822
4427.043420
4413.949509
4414.601644
4440.456112
4415.780843
4423.864596
4399.994857
4451.394620
4421.945594
4419.982465
4369.772970
4373.592246
4524.968918
4422.024680
4494.051613
4458.516682
4502.657015
4406.707441
4401.929117
4404.419936
4456.817502
4433.364024
4397.107564
4391.903734
4432.352860
4423.231883
4412.773359
4453.609493
4426.879738
4412.636405
4397.643122
4401.425457
4448.188717
4444.705856
4421.593628
4425.704864
4435.155726
4407.525098
4398.801657
4401.159992
4448.008600
4485.893991
4402.247921
4411.837220
4432.250509
4424.671989
4409.282607
4387.925018
4459.434778
4462.922761
4495.153779
4432.627571
4420.590613
4438.520541
4429.640583
4423.987407
4435.821046
4416.267552
4410.027646
4434.527289
4409.959770
4432.474532
4446.577011
4427.662099
4428.938832
4400.489160
4444.429633
4418.836817
4434.945633
4421.811790
4400.811415
4403.134683
4400.263915
4351.135802
4564.004557
4426.298919
4450.381220
4447.284336
4473.968334
4432.153763
4438.672605
4463.094881
4446.581132
4416.828320
4419.663760
4409.609976
4417.658174
4429.099408
4412.309085
4397.967527
4425.894001
4445.617107
4425.844379
4428.667043
4444.030311
4422.923359
4431.423008
4433.253290
4440.885770
4386.658441
4439.931863
4423.833416
4403.234252
4459.106590
4471.013425
4410.492833
4390.144790
4392.423681
4454.599908
4437.660661
4438.257251
4426.053458
4448.222354
4425.954032
4400.429101
4414.452349
4395.316587
4429.664184
4429.588326
4435.277487
4445.730803
4428.924517
4415.052682
4402.717973
4407.631206
4428.697798
4439.769351
4422.887946
4406.709175
4435.678761
4392.858872
4454.061440
4440.011994
4418.361958
4467.656056
4341.528589
4410.938578
4466.635102
4450.976917
4455.925543
4453.062974
4456.246963
4436.223303
4420.641286
4399.251010
4419.956879
4420.599438
4405.089321
4431.755683
4423.627654
4402.568276
4405.109725
4440.485802
4435.209347
4406.298609
4424.097158
4429.943251
4431.832285
4436.587715
4437.992753
4415.714033
4413.829402
4423.872510
4418.898296
4414.165026
4434.340206
4405.287141
4437.910079
4552.854548
4432.285146
4368.651501
4444.655684
4455.096258
4455.646642
4427.862961
4459.500372
4393.543847
4455.623419
4366.919603
4426.348158
4425.240559
4451.410887
4446.110513
4433.601969
4457.320904
4394.897034
4425.816660
4442.739744
4398.957293
4431.198562
4424.397051
4436.084779
4454.122322
4414.475156
4419.204603
4435.736741
4427.422361
4503.081450
4476.846059
4386.130634
4428.395895
4485.318964
4466.179628
4445.056114
4433.462914
4462.020113
4460.941509
4465.350467
4444.968692
4435.502155
4429.005282
4419.221963
4431.010038
4405.516353
4444.142861
4414.974185
4450.015657
4433.993656
4399.061437
4421.388699
4443.104342
4402.755257
4431.393244
4387.534636
4451.556104
4421.963293
4414.813843
4412.560954
4423.117110
4449.119465
4382.762008
4494.297124
4476.141924
4471.720728
4455.102751
4451.509889
4438.470549
4441.965999
4444.912191
4435.014742
4424.922356
4429.303837
4437.255518
4439.650807
4427.356794
4436.279618
4411.846763
4441.459820
4403.435224
4415.617913
4442.388047
4425.358040
4428.069059
4443.016588
4436.948722
4423.544768
4406.262261
4441.501768
4453.938562
4419.027303
4431.454233
4465.855933
4420.417638
4484.774828
4451.796359
4440.516926
4458.742418
4436.167557
4443.319756
4425.433430
4407.449885
4422.054065
4427.484437
4420.129852
4410.712471
4412.481043
4415.852499
4441.551332
4435.897167
4463.786957
4441.561273
4407.751747
4424.961993
4397.635119
4423.714813
4432.690826
4427.342716
4426.222069
4455.310090
4416.295659
4453.539442
4427.908145
4428.550733
4471.799738
4453.937904
4463.125630
4457.409532
4450.667590
4445.337114
4403.148621
4399.237405
4452.400680
4298.188767
4428.345999
4426.684388
4445.612555
4447.197292
4434.611053
4432.975666
4442.994736
4404.826201
4386.377503
4437.711422
4441.114100
4432.836896
4420.970467
4410.740623
4429.183744
4413.047728
4395.699214
4429.134408
4421.240369
4438.939046
4496.007822
4456.519179
4451.515469
4486.725177
4440.337449
4455.374595
4427.562642
4446.882758
4426.173119
4472.106556
4534.696811
4423.635782
4418.665592
4417.771424
4403.756850
4438.502488
4422.483205
4391.309425
4444.790243
4434.533373
4458.219635
4380.897996
4405.292507
4438.524880
4444.299771
4438.033065
4402.727943
4426.289713
4440.750967
4404.580745
4430.181483
4448.758296
4426.368780
4464.220962
4412.301736
4462.306626
4433.097930
4451.162146
4466.934071
4484.301535
4410.613344
4325.314082
4419.867414
4432.006218
4435.459995
4449.875705
4432.543365
4437.574485
4412.172458
4441.285636
4394.075893
4391.829156
4450.134738
4440.718302
4417.754462
4431.470041
4416.045160
4432.227832
4389.827639
4430.116510
4433.906150
4456.535580
4456.391476
4481.569816
4445.303096
4452.154926
4435.592985
4436.586120
4461.742322
4417.461849
4417.524808
4438.067315
4391.003182
4417.970624
4431.041627
4423.894109
4399.134897
4426.786948
4403.809750
4436.176578
4470.910821
4383.169554
4423.318246
4401.271153
4448.873134
4442.091674
4462.120397
4406.916145
4435.431964
4441.010514
4430.969970
4441.423050
4409.892746
4412.654835
4438.765093
4435.487923
4462.548417
4442.129568
4444.748571
4435.693546
4430.414265
4427.136729
4424.514755
4423.715710
4434.513733
4433.715401
4408.767356
4452.664395
4418.936790
4434.963583
4403.498045
4423.699886
4436.856308
4449.533977
4452.901655
4390.644603
4451.469374
4404.623042
4447.685001
4412.914631
4437.148532
4408.454056
4428.235700
4436.113426
4437.432283
4451.736401
4430.721721
4446.795806
4451.905114
4464.811554
4446.875818
4456.227404
4450.797801
4409.867147
4406.453111
4428.175879
4422.637553
4425.486455
4436.059717
4403.634912
4418.577008
4423.803648
4448.869548
4458.431096
4403.872567
4444.314503
4402.563158
4400.179492
4430.003583
4443.854490
4407.709761
4449.118469
4424.933098
4439.291857
4413.456896
4440.739128
4425.915063
4433.225734
4455.435321
4447.072428
4423.992128
4445.108995
4450.445643
4416.456624
4454.438165
4399.346829
4426.240034
4422.022196
4439.100741
4398.973226
4443.641435
4443.463195
4405.171680
4407.909396
4436.468074
4418.030083
4405.249992
4458.707418
4442.911122
4432.293600
4395.601369
4437.302319
4422.340220
4392.473028
4437.763637
4444.002040
4441.265873
4427.525091
4452.850126
4444.000642
4430.459926
4449.668722
4424.781866
4446.905616
4407.739331
4459.072418
4400.456554
4424.625524
4425.620002
4424.899876
4423.335272
4428.825047
4381.034155
4436.289392
4443.757888
4450.359800
4405.928683
4432.460447
4405.414500
4420.203251
4429.901849
4440.109139
4428.469729
4403.411413
4419.125987
4440.481530
4399.448611
4438.002338
4406.701134
4428.875854
4431.085060
4452.672823
4453.684003
4451.964638
4443.511216
4437.044525
4448.528749
4478.490675
4428.665056
4424.304499
4428.048198
4424.251073
4431.514987
4429.913222
4428.895476
4416.280125
4433.190743
4434.167665
4432.562626
4425.568775
4441.686003
4424.244555
4402.173076
4424.358191
4450.444987
4436.167992
4415.838294
4435.820393
4475.907751
4426.375909
4413.652560
4446.556768
4448.641846
4435.678125
4444.986828
4450.716138
4503.652692
4439.733989
4428.190248
4426.393834
4427.374527
4427.887253
4419.961047
4420.664987
4450.321335
4417.640437
4420.284181
4433.975650
4428.692857
4431.950442
4442.232423
4400.854126
4432.920303
4414.237982
4414.937446
4422.372120
4424.491307
4434.058501
4448.966286
4440.707004
4399.889200
4427.659470
4399.722257
4433.085911
4458.922654
4443.654845
4428.258661
4429.691001
4420.777888
4439.535911
4428.752710
4427.030190
4430.132752
4440.713916
4419.734272
4408.490499
4440.720920
4421.211729
4426.443849
4417.863471
4422.820878
4438.350304
4437.896757
4444.321692
4417.088372
4415.848163
4431.343813
4420.621095
4440.147600
4426.822231
4444.336227
4422.617571
4446.332494
4456.973246
4428.515463
4449.654153
4424.067759
4469.555576
4444.139082
4472.802037
4450.381543
4429.073767
4420.004703
4425.334261
4397.402289
4446.210221
4442.348556
4428.227754
4410.463091
4419.572629
4448.343340
4423.651439
4441.829507
4429.363594
4422.965885
4444.250941
4455.363715
4440.047256
4418.312066
4450.643217
4418.741810
4435.707542
4453.518370
4411.418530
4453.037596
4460.724387
4423.060333
4439.878760
4459.699982
4445.622241
4444.760597
4457.713564
4424.151379
4426.324175
4444.209798
4443.973874
4407.839489
4409.808357
4430.226266
4446.860646
4419.294287
4423.094528
4414.217086
4433.789444
4417.131261
4430.472016
4442.392869
4422.976365
4444.753786
4419.435032
4403.790725
4428.258217
4422.616734
4452.932720
4450.461586
4420.357245
4449.969028
4450.341091
4452.101459
4458.570430
4450.705086
4456.184946
4454.063602
4437.231790
4425.768894
4405.732519
4411.546529
4431.347549
4436.639056
4435.946323
4432.881231
4411.623896
4454.845580
4438.736241
4418.736918
4447.863673
4436.178843
4404.780024
4462.944019
4400.917856
4440.560808
4441.225051
4420.756736
4401.701423
4446.006701
4429.408722
4456.210387
4422.695071
4453.063443
4436.067359
4445.942569
4446.222188
4459.974196
4452.473092
4422.482159
4427.497816
4434.344246
4450.587296
4414.519041
4437.204612
4417.175572
4411.124924
4425.280517
4428.951825
4415.233079
4442.555821
4419.102591
4412.778032
4457.041601
4463.089115
4451.013621
4403.565125
4399.429172
4444.181438
4424.033128
4418.770720
4447.296174
4448.272641
4423.955892
4459.101623
4440.381013
4452.464210
4459.430139
4458.592977
4452.731636
4417.698664
4437.737970
4432.815685
4406.386180
4416.255613
4446.168838
4412.461525
4453.040884
4424.397183
4451.425698
4397.065141
4449.319457
4413.354273
4455.388394
4403.895471
4430.871645
4426.700440
4431.595011
4452.821065
4452.846160
4422.614614
4438.817458
4449.224787
4414.178346
4460.996900
4425.090957
4462.058789
4463.139615
4441.498064
4455.677289
4452.863311
4436.237694
4438.877610
4401.144113
4453.958220
4452.756889
4416.872964
4411.195963
4465.044792
4390.084311
4425.052348
4413.108761
4424.965007
4441.559070
4414.248003
4422.115426
4447.995080
4444.810477
4430.055424
4441.386146
4415.948450
4455.097541
4409.665651
4441.856235
4452.614499
4454.197836
4451.189049
4436.991348
4429.082912
4465.483079
4449.536938
4452.452183
4428.122063
4433.382433
4428.997607
4445.513490
4380.259712
4456.738917
4423.440923
4411.971270
4423.155087
4428.284730
4419.735377
4428.551582
4418.442188
4433.969617
4443.008287
4390.005006
4428.011053
4450.260213
4438.588004
4447.094688
4445.729473
4461.855633
4452.746199
4422.306780
4440.968617
4447.031488
4456.040340
4440.682575
4448.443136
4448.034037
4453.650555
4430.611886
4423.256019
4429.173971
4400.952086
4443.528378
4453.342983
4400.782734
4412.121177
4439.765536
4432.052314
4443.295390
4420.397375
4446.475261
4415.153104
4438.169671
4452.388877
4446.824901
4411.612637
4439.236380
4435.975642
4433.097918
4424.743844
4423.858670
4403.473369
4457.588479
4445.095851
4433.727685
4455.033036
4451.796037
4445.246688
4450.572391
4426.410634
4427.473682
4438.001035
4425.672519
4443.452889
4388.995687
4456.816688
4443.720283
4432.059344
4423.079898
4435.242084
4415.627552
4423.555535
4435.388596
4428.434874
4433.785982
4410.080766
4467.604704
4442.464624
4434.817074
4421.395398
4432.352841
4428.962967
4448.115652
4437.442283
4443.416783
4458.453136
4450.317067
4437.925619
4455.616502
4446.997180
4428.134879
4436.139446
4434.705915
4400.227392
4425.253279
4416.281606
4437.587879
4382.058998
4436.000683
4448.512756
4410.899042
4434.289797
4419.949342
4449.206800
4421.710593
4451.241419
4433.798139
4432.351792
4411.167094
4452.763239
4456.430108
4439.954607
4454.907192
4435.248295
4424.550029
4436.512709
4430.125122
4446.546711
4453.716458
4451.183336
4444.327369
4441.574462
4433.585473
4416.923833
4449.182911
4435.727133
4426.793361
4403.665823
4452.913444
4447.688033
4435.789729
4398.444831
4444.757351
4419.580005
4411.289476
4430.034177
4450.241778
4426.534514
4429.147659
4442.690395
4444.235037
4415.325976
4459.899058
4453.332968
4432.825330
4445.114319
4443.755309
4458.679023
4451.726289
4426.492920
4450.133713
4449.055346
4432.779378
4424.984543
4432.440657
4445.733418
4392.198945
4445.318287
4449.539503
4427.256193
4408.587577
4437.032763
4432.064295
4448.818949
4433.760059
4441.273647
4425.694641
4416.073913
4442.498652
4429.459418
4428.387285
4466.087673
4415.231836
4453.133446
4403.372658
4402.847483
4473.760795
4466.099593
4420.538299
4446.715079
4461.585802
4434.010461
4445.837018
4432.430630
4433.473194
4426.134036
4411.018427
4449.516338
4441.354823
4411.286561
4428.304930
4441.854164
4438.294769
4421.506805
4424.152448
4437.196177
4410.380129
4426.231827
4438.600995
4446.223424
4435.792441
4437.306661
4430.075387
4429.862862
4451.748200
4439.937056
4419.136482
4472.348503
4427.119459
4450.774465
4411.712935
4443.730580
4452.532837
4442.975844
4428.223910
4432.116320
4436.174530
4425.531715
4444.441335
4393.337402
4444.668548
4453.829019
4411.694126
4423.298951
4448.428082
4430.631843
4459.326847
4420.796052
4439.014316
4428.381441
4416.964718
4452.267628
4443.771410
4445.305039
4424.608568
4418.518048
4461.062633
4447.696513
4447.625323
4447.345803
4458.984000
4462.905199
4427.228729
4455.822494
4446.005150
4433.914690
4430.999371
4431.548662
4418.827750
4415.909043
4446.363728
4447.517485
4393.795408
4444.057652
4432.539403
4426.587557
4437.947724
4432.080993
4427.475722
4436.962865
4453.455791
4427.673087
4416.758760
4406.571378
4429.912642
4450.063595
4453.330819
4441.313093
4421.421426
4455.356197
4420.870498
4439.315711
4439.245365
4471.870473
4428.442263
4452.412817
4440.550374
4435.341770
4427.211619
4444.787336
4437.381559
4425.765388
4405.334101
4454.636673
4443.993927
4405.133723
4424.679326
4426.347141
4437.568587
4443.052371
4431.400226
4432.902181
4410.803462
4450.217699
4417.281928
4453.739501
4435.826417
4436.315458
4440.654448
4437.495198
4416.477680
4460.537110
4428.204215
4413.185837
4449.358149
4430.218694
4454.189241
4434.550503
4428.742023
4432.199237
4426.248251
4413.791143
4435.985035
4439.279943
4437.417348
4402.789497
4456.130695
4445.746553
4419.481185
4448.434440
4414.863846
4428.549972
4437.663641
4442.931137
4439.247486
4426.007123
4418.264591
4444.702876
4436.666027
4444.361178
4447.852611
4428.869678
4453.472057
4429.528854
4467.195098
4445.124049
4456.592568
4440.429273
4432.266700
4429.290119
4436.763630
4422.520109
4442.314266
4441.491889
4408.729311
4411.112811
4452.074120
4444.602008
4408.389897
4443.040957
4414.086076
4444.241514
4446.401174
4403.186619
4438.978449
4407.781563
4446.905381
4429.947668
4434.261132
4423.477482
4440.894227
4431.310458
4435.433216
4437.890051
4418.318015
4461.203364
4413.553486
4457.202103
4443.225108
4428.832546
4433.061891
4437.794647
4417.929800
4431.059245
4407.039997
4449.810559
4443.556379
4413.892106
4403.129606
4458.105292
4449.097891
4415.671004
4450.355315
4407.374438
4448.427617
4438.929332
4438.570696
4438.412065
4423.674938
4442.534044
4435.820969
4443.152389
4431.638945
4455.850368
4446.806373
4428.763435
4429.562852
4448.956894
4447.206490
4444.071838
4441.236397
4433.022554
4423.358247
4432.172996
4432.965122
4435.857269
4436.734287
4394.065098
4447.553060
4444.568362
4420.488987
4413.739871
4460.726155
4428.995235
4435.887944
4451.016033
4390.946863
4459.101568
4421.128106
4447.178604
4438.516919
4434.521769
4427.066269
4438.221065
4443.630837
4424.628077
4452.360828
4446.288901
4438.959334
4443.727093
4446.662189
4431.274131
4434.019842
4432.641310
4437.684075
4422.814610
4420.407747
4420.611245
4441.870303
4446.645669
4401.855213
4437.992620
4448.364631
4426.957449
4413.652278
4448.437962
4433.483346
4442.024684
4433.627324
4409.511862
4421.667068
4464.538640
4422.793096
4422.880220
4440.179770
4438.451245
4440.670567
4439.263014
4446.956915
4433.984438
4444.412174
4445.371915
4428.281478
4436.293480
4430.025975
4416.947794
4430.541792
4441.476219
4437.611103
4424.410402
4397.642797
4449.214039
4453.352309
4410.100216
4434.900716
4439.749551
4429.080159
4405.277338
4452.656031
4401.817938
4443.888641
4430.205657
4450.703662
4437.832454
4446.388815
4429.716467
4425.204804
4433.312628
4443.393200
4429.563686
4438.011032
4455.774160
4444.478989
4437.291653
4446.591459
4413.573091
4446.316549
4434.484624
4426.566609
4407.704379
4444.779692
4444.763185
4426.420697
4393.385245
4452.808885
4452.872217
4410.883867
4443.247669
4438.460442
4436.079012
4435.932054
4436.130769
4424.400346
4460.442080
4419.432354
4406.970904
4441.728387
4434.438742
4442.674146
4426.872084
4447.998209
4436.296560
4441.847910
4444.493114
4437.457602
4436.246584
4415.643681
4443.350221
4402.173852
4444.839556
4442.502917
4425.722097
4397.164563
4448.788563
4438.032780
4426.778497
4413.616010
4446.094250
4435.281666
4409.905377
4445.925346
4430.197498
4436.040089
4440.911898
4435.698716
4450.504389
4437.571720
4434.224896
4432.524481
4447.371078
4428.056039
4446.131904
4427.605351
4447.718062
4446.870788
4433.190266
4440.644918
4430.716163
4441.258067
4423.860267
4444.660457
4403.974706
4442.699032
4437.397821
4423.499497
4406.836757
4447.807842
4426.606658
4440.186735
4431.303936
4451.156057
4422.259321
4432.225535
4433.407942
4423.464801
4438.273455
4417.362582
4447.595767
4426.979803
4429.656731
4440.541738
4439.598008
4447.751489
4444.496023
4446.620320
4441.143005
4433.222389
4431.027986
4426.843596
4429.759487
4423.505131
4439.026037
4407.283123
4441.100319
4410.351491
4445.824897
4418.055880
4439.576506
4412.408098
4457.245297
4396.522477
4443.264933
4416.512888
4445.631024
4430.689375
4431.182980
4442.935691
4395.848435
4432.335380
4405.408820
4453.053685
4431.593571
4444.164734
4437.067147
4428.694734
4446.763474
4444.466519
4436.205181
4430.273277
4436.930345
4436.081966
4434.040279
4450.559614
4438.430401
4431.478058
4405.724685
4446.836482
4415.304067
4438.375353
4414.448715
4448.799597
4425.339323
4437.039478
4415.600549
4432.187050
4401.232890
4460.854298
4428.322074
4444.934320
4464.494282
4430.425532
4460.527200
4436.850150
4436.936514
4431.021191
4446.309516
4444.311324
4444.570705
4429.476041
4429.160379
4435.624759
4433.443623
4418.199759
4434.452954
4415.515196
4428.121299
4440.878769
4428.144065
4415.017049
4444.076528
4437.326755
4464.337709
4401.811396
4437.658348
4426.777155
4428.655472
4438.271315
4420.267171
4429.528805
4426.801319
4441.796985
4429.335415
4430.489969
4420.717817
4441.278484
4443.794386
4445.421292
4441.647682
4447.073529
4434.363624
4440.600494
4421.515490
4437.758621
4451.966930
4426.409666
4443.527742
4443.322130
4422.567692
4420.508652
4452.969125
4402.809547
4436.441275
4421.679707
4419.858233
4444.537893
4420.246083
4436.640298
4436.488418
4419.731221
4422.748233
4435.628489
4434.308226
4451.716573
4428.394444
4444.239255
4426.783476
4436.089329
4452.635740
4422.979215
4448.735079
4436.884735
4425.018125
4438.174091
4428.953903
4417.842950
4433.199843
4449.423238
4404.498124
4454.309746
4447.723512
4413.432974
4422.278776
4429.589698
4436.805112
4418.189495
4433.947713
4439.173204
4434.535577
4414.681181
4454.953032
4447.245907
4436.287203
4404.742421
4428.203303
4415.125396
4433.683934
4452.288241
4426.330426
4450.108958
4438.401320
4448.488578
4437.258755
4424.508829
4441.177484
4425.588250
4441.477919
4450.570219
4425.840763
4429.255227
4449.551943
4413.038047
4453.510834
4449.477546
4387.606579
4425.063679
4443.544305
4428.610420
4410.224760
4438.675879
4427.604230
4441.889707
4403.814932
4424.041515
4431.457860
4430.095751
4421.705906
4428.975106
4433.650232
4451.955301
4421.303473
4446.409413
4447.333814
4436.986792
4433.211488
4436.017124
4420.360113
4436.431712
4399.631023
4441.633392
4458.934012
4401.413321
4438.258230
4447.235457
4422.725901
4448.500321
4446.073592
4403.718020
4448.610835
4429.954449
4412.668994
4438.408543
4423.962706
4423.058088
4422.155102
4442.772139
4433.699846
4432.847739
4441.243905
4429.782216
4428.865706
4451.565973
4442.439929
4443.569825
4436.351097
4428.192764
4438.093829
4431.422345
4434.819009
4445.273668
4427.467500
4410.983855
4454.427790
4456.714965
4382.419594
4440.776914
4438.049579
4422.294245
4427.698831
4428.480655
4439.370082
4440.930674
4449.695679
4457.898989
4383.724930
4449.321638
4430.192129
4428.377179
4455.202869
4401.404468
4439.797250
4444.563259
4440.737575
4436.951196
4447.653378
4435.122730
4436.887565
4438.784771
4428.905133
4429.239125
4411.047637
4438.737777
4439.777563
4430.579967
4419.315857
4454.589618
4443.816424
4396.437545
4469.486963
4452.559463
4434.994061
4426.662770
4408.448390
4440.798350
4451.261843
4440.808434
4423.123357
4435.908034
4422.227629
4429.203379
4451.814535
4442.814227
4420.906853
4441.135680
4434.663732
4448.721176
4437.868720
4434.586716
4425.549687
4440.615039
4439.612787
4439.934226
4445.905100
4410.290902
4419.983055
4449.533966
4448.379129
4415.150697
4447.044536
4414.379297
4420.986654
4412.958991
4437.964359
4456.221838
4423.498098
4428.975719
4441.582213
4406.496451
4451.869357
4422.729328
4459.859761
4432.717885
4437.219759
4436.208703
4452.214894
4439.119595
4445.479258
4434.148879
4431.941012
4436.968525
4445.579703
4410.387924
4433.627002
4405.561923
4446.589065
4446.737004
4413.019865
4405.615524
4446.052575
4448.430583
4420.323863
4446.624841
4457.909527
4415.904441
4442.423232
4432.632136
4440.202487
4421.957629
4434.769760
4430.701206
4425.274820
4441.053517
4417.688595
4443.549951
4441.138721
4429.664194
4437.480561
4439.433841
4433.250183
4429.342120
4423.962341
4426.155813
4434.673845
4437.494173
4433.730806
4418.084481
4402.120518
4449.312178
4452.369908
4412.326207
4415.692682
4448.744309
4425.794742
4407.513475
4442.622450
4405.651577
4425.284978
4432.337758
4440.846234
4432.447703
4427.580573
4434.590445
4440.442032
4440.904881
4414.039210
4440.350222
4466.711486
4426.163062
4447.227203
4422.431935
4441.408234
4433.175636
4424.609687
4425.054340
4416.155648
4418.218879
4429.837088
4434.029841
4428.809197
4408.827716
4444.379664
4409.440291
4421.968430
4440.034262
4448.116301
4446.258241
4436.359460
4414.043143
4428.238793
4434.568145
4438.714591
4450.970593
4414.822379
4420.269025
4432.316479
4432.434536
4445.210373
4424.454341
4438.097896
4443.840529
4429.116315
4434.221547
4417.141069
4425.776329
4428.161227
4430.432540
4447.478099
4413.306786
4421.876449
4426.982143
4432.630042
4445.419806
4449.789479
4448.546167
4431.895220
4405.068771
4407.920623
4457.088351
4446.067756
4443.490739
4432.102293
4436.685244
4430.922824
4450.377307
4433.666407
4442.036654
4428.968717
4433.097402
4441.217347
4448.837443
4435.892045
4431.208770
4427.205917
4425.593495
4443.231592
4427.304257
4426.245293
4405.547060
4444.021497
4418.822836
4426.555001
4428.380812
4429.032301
4424.750001
4445.165753
4407.639397
4457.509031
4448.326511
4418.794187
4404.519313
4452.142330
4426.651366
4450.415364
4440.719076
4431.492263
4433.270608
4428.496223
4444.514028
4435.769722
4431.711225
4443.026612
4439.343733
4423.627702
4439.056222
4436.143865
4418.580841
4404.717979
4446.747916
4438.194109
4409.923634
4405.484178
4436.680008
4424.187807
4417.319017
4431.860815
4422.471644
4434.799030
4432.808585
4405.187250
4441.823222
4438.518346
4423.966063
4419.203694
4444.453018
4413.907743
4441.699519
4427.839831
4433.321739
4411.135381
4446.758935
4447.273800
4441.601343
4438.224207
4435.017890
4437.480592
4408.427286
4444.516944
4464.236428
4402.491421
4400.152846
4453.746706
4431.163885
4413.916658
4439.020184
4424.214346
4431.218283
4434.005836
4429.338777
4429.493707
4451.002246
4442.225259
4407.730177
4438.644603
4440.295412
4421.167361
4429.498570
4438.895616
4415.426177
4424.758181
4426.820175
4447.522340
4423.313659
4448.183443
4438.073005
4426.430307
4433.562448
4440.273209
4437.342860
4396.891545
4447.235194
4452.359167
4417.180764
4423.329557
4451.362134
4424.085068
4422.168834
4433.497013
4422.896595
4428.680079
4435.359897
4417.317104
4417.869011
4444.399292
4433.210940
4418.841806
4438.594820
4440.571260
4436.251512
4435.497462
4436.126649
4423.694482
4445.150560
4434.995232
4444.654819
4435.137418
4439.011099
4427.158209
4426.195062
4412.290799
4447.874199
4447.530165
4389.530757
4454.796749
4416.485358
4428.533744
4429.460916
4444.094789
4428.096097
4438.941759
4444.771304
4420.157622
4441.066827
4447.301233
4424.452746
4421.326597
4428.713882
4435.845944
4410.754442
4435.315575
4443.421547
4404.486131
4436.592778
4434.935261
4434.670948
4444.590682
4439.833089
4434.429261
4421.530790
4443.551436
4441.674799
4417.534297
4414.292889
4448.308398
4451.997971
4397.474421
4405.451728
4444.548844
4435.486977
4415.893541
4438.331094
4414.669169
4436.497815
4435.536651
4411.178141
4416.135391
4451.168784
4437.352097
4421.932690
4432.797583
4437.544971
4443.567455
4432.883374
4427.861080
4446.361194
4438.348092
4443.948548
4439.123687
4427.463116
4437.883463
4435.208487
4414.902248
4442.474199
4440.517173
4435.488350
4386.994907
4434.177969
4467.891539
4412.572853
4436.063109
4440.626629
4440.988501
4430.695690
4447.855810
4414.584187
4462.316295
4452.910558
4399.365607
4408.801531
4446.490087
4443.059580
4413.237720
4431.033562
4428.603302
4441.620751
4440.232336
4422.838870
4442.546950
4439.323424
4436.568099
4433.763540
4417.416033
4437.133385
4451.526124
4408.055360
4427.875573
4444.761093
4445.336400
4388.378835
4444.861833
4454.217222
4415.760236
4444.411000
4442.918113
4446.683980
4430.703033
4406.323113
4399.695588
4448.267578
4468.561419
4402.633544
4418.690267
4452.581557
4426.499715
4417.846050
4425.462442
4440.284977
4444.877352
4436.358387
4440.544752
4432.738246
4429.387181
4442.045106
4440.715210
4405.851449
4447.900931
4452.334474
4407.219318
4411.515241
4437.280507
4460.792279
4399.371102
4442.645293
4442.252696
4408.338434
4427.540456
4427.026053
4458.196116
4445.049289
4429.145519
4400.995489
4455.346101
4447.876496
4404.332514
4433.985188
4435.973849
4446.662113
4417.951679
4445.738047
4432.496786
4442.945575
4439.173540
4430.521736
4423.714874
4418.102075
4447.396154
4437.917211
4399.197976
4444.557244
4448.509392
4419.775624
4405.565553
4429.298706
4469.550249
4393.532037
4427.406798
4420.074400
4436.137741
4418.793522
4408.502865
4440.173578
4446.838391
4437.098575
4407.712034
4441.302408
4437.545611
4415.933301
4436.613623
4445.701312
4441.013591
4428.961081
4446.697795
4433.037349
4424.898702
4442.912706
4440.034003
4426.078132
4406.886018
4452.279767
4446.378795
4399.242210
4436.696256
4454.570681
4429.663124
4400.780692
4447.228341
4460.050593
4414.053922
4453.952514
4427.146905
4447.656104
4427.418935
4417.810770
4413.902059
4448.382365
4440.178873
4412.214860
4434.003492
4447.335870
4421.000299
4440.392854
4441.021046
4438.233892
4430.462863
4432.163507
4434.574358
4412.353533
4438.666899
4446.863456
4424.036780
4397.713477
4467.448817
4435.483398
4400.721500
4431.524609
4450.990970
4436.392395
4401.777084
4435.163624
4447.798857
4389.415163
4447.307115
4412.516569
4449.886354
4440.936310
4429.732992
4406.961706
4441.422991
4429.652636
4419.641228
4443.754195
4434.993024
4439.667770
4437.809512
4432.626009
4433.497609
4424.733095
4442.811411
4444.432325
4407.796810
4428.442703
4454.308087
4433.834300
4409.028356
4463.441148
4439.284042
4408.876144
4411.667831
4418.788567
4420.955298
4438.916883
4437.157340
4448.538370
4428.949720
4455.411574
4411.937073
4427.919415
4443.230989
4441.529942
4424.567884
4442.724915
4432.088886
4429.251740
4447.794000
4438.971669
4430.297122
4434.642014
4431.539620
4430.514479
4412.740865
4454.325254
4446.995286
4403.266770
4394.429036
4434.641841
4448.531661
4389.904453
4443.008948
4432.434929
4460.316239
4424.028533
4433.513089
4413.124498
4440.767137
4447.169777
4420.370152
4453.338381
4449.283888
4412.728661
4418.281719
4429.437005
4442.158750
4425.800798
4442.520610
4434.750588
4436.687453
4435.036028
4434.605876
4422.006216
4436.881663
4435.306623
4432.083175
4404.324382
4452.180327
4459.275061
4434.394779
4417.342804
4449.371457
4455.573969
4400.495288
4433.145716
4448.256141
4436.541543
4442.023007
4411.686231
4433.329134
4435.125710
4430.936371
4409.104854
4434.129990
4466.566652
4429.165390
4422.465589
4436.744322
4446.527096
4433.166178
4443.815352
4432.765952
4425.400051
4436.908905
4434.827970
4424.100144
4422.778775
4442.659845
4443.345485
4388.688384
4424.401356
4456.496980
4423.841573
4403.045198
4450.366694
4455.708500
4392.901016
4416.857838
4424.771413
4452.755707
4416.526456
4432.415108
4447.008480
4441.894230
4444.399609
4389.652823
4435.199131
4446.170511
4422.193527
4434.489965
4440.625220
4434.413391
4434.636451
4425.893418
4438.349512
4413.009632
4445.174748
4444.352755
4421.076802
4409.907640
4454.258848
4456.403462
4405.785578
4435.948621
4453.545462
4437.602291
4404.921868
4454.311576
4441.329385
4434.019064
4407.593798
4442.471183
4426.896907
4424.744728
4407.423857
4426.996494
4462.022438
4438.562021
4413.447443
4445.535837
4434.942320
4439.477649
4440.674531
4437.589196
4425.914845
4434.297771
4437.018129
4431.911956
4409.410103
4452.594054
4443.154858
4416.423706
4390.192666
4468.840859
4450.377722
4410.115958
4414.117867
4454.704291
4443.360635
4396.952558
4418.652638
4450.322280
4426.535404
4407.161420
4445.769180
4444.945392
4421.042816
4418.617215
4422.932320
4446.877901
4439.774688
4430.690430
4436.589589
4437.623069
4429.847511
4423.161570
4435.900191
4419.069767
4436.193761
4444.472556
4425.267406
4408.072033
4461.514743
4445.980697
4427.576383
4393.873945
4467.610101
4444.622036
4409.695081
4404.178005
4464.329047
4458.645483
4416.842639
4421.481511
4409.269441
4432.712918
4425.120147
4434.238518
4427.529275
4435.476745
4442.139254
4422.777994
4437.282543
4443.737659
4433.150272
4425.945671
4439.126933
4433.726042
4428.824563
4433.168948
4419.997291
4436.470815
4444.148721
4428.610875
4408.753547
4442.567968
4450.146133
4430.906985
4403.853743
4455.194016
4450.827691
4402.288918
4390.227013
4451.443389
4445.658688
4457.898510
4446.437099
4396.979328
4437.923193
4424.687741
4440.948105
4419.648774
4453.900698
4435.212173
4433.350045
4440.793747
4436.308001
4435.210117
4412.566209
4440.518718
4425.117218
4435.706657
4438.061554
4426.124176
4427.764917
4452.623673
4441.864172
4418.841094
4417.278653
4451.657147
4439.972943
4400.494389
4450.199589
4454.187739
4427.137070
4462.052153
4406.109824
4422.570752
4440.627731
4423.683201
4441.645307
4436.612354
4440.876518
4424.461883
4433.961231
4435.845667
4433.362488
4433.554516
4429.070209
4437.547307
4446.923615
4410.164439
4444.507883
4410.770002
4442.812610
4440.068316
4419.668327
4409.535130
4458.232399
4447.392259
4422.900000
4388.950875
4464.279835
4437.048378
4389.770704
4448.831333
4400.820436
4440.215400
4403.495554
4438.287428
4409.168008
4447.010262
4415.771590
4440.652054
4432.739042
4435.508441
4444.244539
4436.514404
4432.447477
4433.328677
4429.530313
4418.748438
4440.871617
4440.819481
4417.277049
4445.154970
4413.044840
4446.848660
4450.150481
4414.417362
4412.366245
4446.834423
4453.114692
4418.859987
4416.323730
4437.954692
4457.010269
4382.341414
4434.365604
4408.345122
4463.691606
4444.176063
4437.273876
4435.633551
4432.024085
4434.796159
4438.386597
4431.268833
4436.897743
4429.973802
4429.731465
4429.842643
4437.618331
4439.812072
4412.760223
4446.060336
4419.866430
4430.395783
4439.014523
4411.337681
4439.312772
4450.561474
4428.147783
4415.451646
4430.637577
4435.869582
4433.203949
4407.123542
4439.187160
4456.468400
4402.898156
4425.294497
4425.165098
4425.549948
4426.406095
4452.500519
4412.518023
4444.752625
4429.030967
4436.805682
4428.724951
4436.785682
4434.685307
4425.332185
4421.318158
4437.053049
4447.824792
4416.513386
4443.024549
4418.065917
4437.555253
4448.292449
4409.445275
4414.991545
4447.070402
4449.114480
4414.894381
4420.624921
4457.388030
4432.339463
4391.430696
4448.936549
4432.736233
4418.083365
4434.141563
4442.561079
4420.643536
4425.662297
4452.840632
4429.617408
4440.173887
4438.713820
4432.443241
4420.728165
4435.637035
4440.723245
4430.392894
4412.273153
4443.718760
4443.877864
4407.434230
4445.306846
4404.499653
4454.201647
4450.718824
4403.630258
4403.040926
4448.167865
4440.386268
4430.705599
4424.100019
4469.715562
4433.779757
4422.444570
4442.478596
4417.949988
4415.976911
4443.935138
4451.316559
4418.341508
4442.433220
4434.945159
4432.744337
4426.143858
4440.040615
4440.607084
4413.127623
4430.747010
4445.538426
4427.604928
4421.399970
4441.394301
4434.106223
4421.337223
4438.174727
4396.081268
4443.249233
4454.605247
4414.688093
4399.725297
4407.540381
4430.322630
4418.423586
4408.199622
4438.220069
4425.887831
4437.023964
4446.422571
4425.902148
4429.671887
4436.586094
4447.902769
4429.019403
4431.545634
4432.466638
4432.698958
4414.233710
4445.877735
4439.263474
4416.615741
4426.147503
4434.648882
4445.464486
4410.606924
4443.647975
4407.898968
4453.587407
4435.690361
4401.666294
4443.958614
4401.696683
4461.486754
4428.517002
4428.172244
4447.028906
4431.372448
4432.575408
4415.194943
4432.612688
4424.012545
4444.622696
4429.125493
4436.707690
4433.729795
4431.730644
4424.856398
4431.548883
4438.316912
4434.563251
4411.658555
4439.040443
4451.385041
4417.412415
4419.961955
4431.880198
4447.653242
4412.293211
4436.813293
4417.479086
4462.568818
4434.170879
4448.857209
4409.372824
4431.192709
4457.391598
4427.313337
4412.374673
4452.298225
4428.322092
4437.373586
4435.030033
4427.634033
4437.052704
4433.911455
4435.924334
4426.283579
4438.884722
4433.187583
4425.377361
4419.467252
4443.803507
4439.030294
4405.382732
4437.763284
4448.242597
4423.304926
4413.368947
4443.912263
4432.172568
4408.188664
4450.773811
4380.299845
4435.021173
4433.359944
4434.340041
4389.139194
4451.611149
4453.070808
4419.267221
4436.160102
4428.572472
4436.266030
4433.911499
4439.395075
4430.690984
4439.842794
4431.649774
4435.104585
4413.622505
4436.226444
4443.067159
4419.116779
4414.564145
4443.548269
4447.929630
4402.542557
4438.794806
4443.213400
4415.445647
4434.127579
4439.801804
4412.122785
4466.460238
4435.935116
4412.725897
4426.996727
4427.410561
4424.412149
4415.629289
4450.615581
4430.108267
4430.098356
4436.650470
4430.692100
4436.143753
4433.320028
4434.491020
4430.280252
4426.342298
4437.628641
4440.857127
4410.206126
4434.504436
4446.882217
4419.156349
4408.238165
4448.975919
4443.306855
4406.877697
4445.839335
4408.830977
4440.396187
4421.410158
4423.140356
4396.300367
4478.443970
4439.956304
4451.124651
4404.577688
4450.812748
4447.715575
4419.907852
4443.082685
4429.381514
4433.195055
4438.933269
4432.835004
4434.088323
4431.887212
4428.341412
4432.543296
4413.258983
4440.694941
4442.731782
4407.397859
4439.070667
4441.867775
4425.746225
4413.015157
4434.447574
4459.429170
4410.621066
4437.309587
4419.915720
4449.284789
4414.726928
4430.046841
4374.671835
4455.864272
4428.722253
4437.653150
4410.925126
4440.602302
4425.290509
4434.167823
4448.355939
4422.366929
4446.504458
4433.585606
4430.158413
4426.641614
4430.581767
4437.002219
4435.517590
4410.350252
4446.777145
4435.847397
4417.905795
4420.529887
4440.533791
4447.517000
4396.914006
4443.391728
4440.534525
4407.221141
4444.521309
4422.101470
4423.534725
4441.041827
4447.572342
4403.989233
4436.205394
4432.897165
4444.923089
4430.344191
4428.454466
4424.633931
4428.355658
4441.901945
4427.773270
4425.245990
4435.662131
4432.295003
4425.162307
4423.702144
4430.568536
4451.038195
4403.637326
4444.140454
4447.233044
4409.749771
4418.244369
4448.745242
4444.240639
4401.537503
4453.292694
4406.308801
4433.173801
4445.941220
4414.419261
4397.430360
4450.560826
4450.203072
4420.480469
4410.386425
4444.389045
4422.015952
4449.161824
4439.011446
4428.597334
4441.432778
4433.081278
4432.288666
4421.456332
4430.407397
4442.540762
4430.223180
4408.868865
4442.053595
4444.376773
4402.634761
4445.287170
4435.351747
4418.221015
4414.552282
4430.239134
4456.734561
4411.425836
4444.886077
4403.772214
4452.151318
4450.267628
4416.940363
4408.917486
4450.255111
4454.999267
4419.368761
4433.067641
4415.472921
4437.092273
4438.263785
4432.700814
4434.225859
4422.230710
4437.700535
4442.546664
4409.684783
4429.237434
4442.400569
4431.564505
4408.189202
4446.267428
4436.487775
4418.136732
4422.822913
4443.282891
4444.934468
4399.427158
4437.349048
4432.812400
4421.722259
4430.511119
4401.610582
4443.892720
4444.832055
4418.762921
4418.268932
4448.301722
4424.559684
4440.009179
4432.752139
4440.529459
4432.346225
4428.940603
4427.282804
4432.054109
4414.465753
4447.213817
4441.492038
4412.146577
4422.822718
4435.355415
4448.900206
4400.236188
4441.270609
4452.219785
4403.843780
4417.951136
4441.271006
4455.321724
4398.388167
4442.332565
4424.797773
4438.375330
4436.281997
4416.769301
4424.941023
4445.106003
4442.432275
4404.842661
4437.905144
4433.261496
4433.626742
4438.980233
4430.047722
4431.902699
4432.089173
4431.153876
4432.346157
4411.214740
4442.746826
4446.024384
4416.712150
4409.538358
4455.489313
4437.082343
4403.791673
4455.487459
4440.592633
4412.209624
4404.858061
4443.089911
4451.761238
4394.515132
4448.210370
4404.931540
4446.809268
4449.524164
4396.409150
4426.353970
4443.526817
4436.636821
4442.321480
4437.242890
4433.801816
4429.013691
4426.373371
4425.873400
4432.815293
4425.885838
4438.597238
4441.021753
4400.163483
4450.135261
4444.486323
4416.544310
4419.725125
4438.120743
4441.689439
4405.062950
4439.007908
4444.780070
4425.197641
4414.088958
4441.465197
4429.802057
4424.422104
4430.640074
4414.812286
4464.617299
4420.163051
4422.322391
4426.550557
4431.028665
4436.624479
4434.478193
4426.406676
4437.352008
4432.764449
4425.659548
4434.624545
4424.642694
4423.563904
4452.880652
4431.898499
4413.419518
4434.416163
4437.574372
4433.263536
4412.064284
4452.725151
4435.664338
4411.166850
4416.061854
4432.318514
4453.160695
4404.346359
4441.498067
4440.048655
4407.596152
4445.508482
4405.224527
4439.985799
4433.588967
4436.248786
4441.600663
4434.319125
4437.379423
4428.639737
4424.074068
4433.583159
4426.611132
4436.042768
4423.894368
4439.987525
4414.186220
4437.184683
4452.726038
4409.917393
4424.475939
4435.778792
4440.807473
4409.450896
4445.042228
4452.952983
4422.631297
4409.799617
4456.007001
4430.466139
4415.825424
4447.992779
4408.097611
4443.434643
4442.394066
4417.008000
4433.259046
4433.852288
4433.426282
4432.590389
4420.353001
4438.011663
4437.489519
4417.574165
4443.407210
4430.621530
4415.699100
4445.808838
4437.465061
4401.414533
4440.235911
4450.898954
4418.812764
4410.141587
4442.902031
4447.361065
4396.226996
4445.695872
4435.820425
4431.360669
4420.292884
4428.168759
4441.648061
4419.693332
4438.551969
4411.827205
4448.949797
4441.296917
4430.683575
4440.930482
4423.451457
4436.930606
4435.199468
4412.953075
4447.779191
4411.140897
4436.015259
4446.924963
4417.477425
4415.877397
4452.968645
4443.290491
4394.701802
4446.787078
4444.851397
4415.913083
4420.166244
4450.804231
4442.839712
4415.416433
4417.537580
4443.595967
4446.190210
4410.025179
4438.711643
4426.022072
4438.637887
4434.814025
4422.461154
4434.366948
4435.434466
4432.141816
4428.636134
4421.970268
4427.210314
4445.928129
4422.089313
4432.571496
4409.367417
4447.876101
4439.599053
4412.027617
4420.069584
4455.933064
4438.881804
4408.005640
4437.438050
4428.790272
4437.701778
4405.274139
4447.647074
4457.329411
4408.071811
4419.911012
4436.612787
4450.161226
4412.884634
4443.260048
4417.291173
4442.190369
4441.996711
4429.847108
4433.667461
4424.726876
4439.787415
4446.129758
4405.396053
4432.854490
4441.978260
4426.488107
4430.759769
4419.630396
4443.902049
4432.381795
4429.383291
4414.798339
4437.291093
4453.226053
4414.174162
4421.145601
4448.788353
4434.233090
4406.921329
4439.275165
4452.112790
4420.154199
4421.483438
4442.786665
4433.684359
4430.181677
4441.646802
4423.676658
4437.999549
4434.723132
4430.335974
4424.345471
4413.842245
4444.725976
4451.181693
4401.080337
4442.728827
4425.402489
4425.352814
4443.409026
4422.630118
4417.311213
4443.816016
4447.199976
4399.649728
4442.182089
4440.767969
4418.907967
4415.127227
4454.869977
4444.364377
4403.685767
4438.609861
4437.545274
4436.307949
4424.867290
4431.322925
4437.514363
4432.264248
4437.786417
4429.321946
4425.491213
4437.649200
4440.011425
4422.118343
4415.516792
4447.832654
4442.182078
4407.596740
4452.839887
4402.255767
4443.709389
4451.107339
4409.392719
4415.430004
4451.331842
4446.841135
4404.014617
4441.843813
4443.929736
4416.627427
4420.356731
4447.180473
4448.418453
4415.979942
4426.667560
4437.550636
4440.043383
4422.371038
4439.146500
4431.041765
4427.577438
4437.162987
4426.495930
4424.673347
4432.160779
4439.978004
4428.450059
4420.236614
4431.037688
4436.213671
4426.189395
4438.764915
4401.519112
4455.576902
4440.378456
4417.521367
4408.196933
4452.236331
4438.062973
4415.375287
4438.596732
4436.164463
4437.091251
4409.784327
4442.525728
4449.724528
4415.012439
4426.138238
4436.913078
4439.135605
4430.463385
4432.996291
4435.957823
4418.928296
4438.973717
4431.816193
4429.060814
4415.064226
4437.652310
4455.620521
4407.534248
4431.430213
4428.653876
4435.156848
4438.895411
4403.961290
4445.119815
4438.404365
4438.088601
4412.483983
4435.824444
4447.946010
4412.805966
4420.177268
4446.965669
4435.775894
4410.279263
4436.105599
4443.999207
4422.944749
4436.574059
4432.992132
4429.326269
4430.713160
4431.593085
4446.615279
4410.493546
4433.012050
4452.258397
4418.267724
4405.141717
4452.085582
4444.755469
4406.810020
4440.986217
4414.656031
4450.478041
4440.771083
4411.719833
4412.842473
4444.836801
4450.266502
4403.189719
4444.766384
4442.807097
4416.000572
4412.018556
4455.902777
4434.011668
4418.075535
4441.851563
4431.122122
4432.850524
4434.202683
4433.078158
4426.280400
4413.871594
4446.093044
4442.722329
4400.501049
4443.707739
4452.484795
4415.475904
4415.029358
4443.276155
4435.585628
4409.889396
4452.560869
4398.598580
4451.211677
4456.019025
4406.850205
4415.234564
4441.022328
4447.903869
4403.699432
4442.389102
4441.064888
4420.436372
4425.010133
4438.035583
4441.157392
4426.953313
4436.201378
4431.246821
4420.580218
4439.462062
4442.540721
4421.337948
4420.201125
4451.191669
4433.524763
4408.692242
4431.297356
4447.118505
4423.727570
4425.334653
4443.845581
4412.922479
4449.637615
4437.286490
4399.671854
4443.716841
4448.152218
4419.827900
4411.899138
4450.603503
4440.900126
4414.111054
4439.214553
4438.098591
4434.018628
4423.981121
4435.693330
4430.551569
4429.236192
4436.550239
4430.970929
4419.463679
4436.843152
4431.352361
4434.806666
4416.881804
4444.321871
4443.174663
4410.362575
4430.690861
4424.485515
4443.733971
4420.311456
4433.636631
4415.794056
4452.007924
4445.179831
4401.987305
4439.823856
4437.289602
4429.978234
4416.631146
4434.637097
4450.265540
4413.782925
4434.742374
4429.909340
4439.738213
4432.274331
4431.840110
4433.987074
4421.209594
4433.397790
4445.642115
4421.934328
4420.918279
4441.064120
4433.379737
4411.881771
4435.569376
4457.905614
4422.077118
4419.866923
4439.352423
4426.282758
4432.652058
4433.148882
4410.255482
4454.047854
4445.417683
4414.340331
4419.406492
4449.005476
4436.732430
4411.951420
4440.061827
4443.191107
4427.848288
4434.178115
4431.383378
4431.125137
4430.027645
4435.539188
4445.207386
4404.691434
4440.110953
4447.660182
4420.467762
4414.325164
4439.883905
4455.453580
4396.779231
4441.646424
4444.435922
4419.501662
4431.495102
4426.806230
4428.309794
4433.008319
4445.776654
4400.531445
4443.998397
4451.915136
4410.389861
4420.121364
4444.569146
4440.132022
4411.577877
4434.580021
4434.726268
4431.191728
4436.251090
4432.500743
4422.021825
4420.401832
4443.898431
4443.195789
4402.028275
4434.432928
4456.570176
4411.595158
4413.325805
4450.592670
4443.533010
4403.516762
4440.024381
4434.162138
4420.500879
4443.250918
4425.589161
4410.834256
4460.141406
4436.172251
4401.706432
4443.317596
4443.120231
4417.469893
4417.679792
4450.405082
4443.158993
4421.580298
4439.062723
4431.768179
4423.082940
4440.653651
4437.551932
4424.133311
4412.313408
4454.178767
4442.667958
4401.486985
4447.497808
4438.809192
4421.543885
4411.294741
4446.298732
4448.678638
4407.210344
4447.532167
4405.671312
4444.790757
4443.198295
4414.031803
4415.438244
4448.014471
4443.325331
4407.781645
4436.988548
4444.664064
4416.088941
4427.464799
4434.391118
4429.350564
4429.152774
4433.067598
4434.579788
4414.997282
4438.979222
4442.985344
4421.286075
4417.347946
4447.120618
4441.464868
4412.114027
4430.796259
4443.223078
4430.000710
4411.954614
4435.639541
4439.775303
4428.081289
4433.224426
4413.296682
4444.230294
4439.980845
4421.046618
4411.436262
4449.623251
4435.225086
4418.765946
4448.363751
4426.309659
4438.869688
4432.252270
4433.166395
4432.432818
4422.129350
4440.399508
4434.726746
4420.765108
4434.497867
4433.851718
4441.399560
4409.564354
4445.175291
4440.825449
4416.111058
4420.778396
4437.530111
4455.643434
4403.190413
4435.968068
4432.876416
4425.412301
4444.543944
4408.909641
4433.845021
4442.762402
4430.433053
4423.238511
4429.181188
4444.605573
4424.236314
4434.620654
4431.569798
4429.514202
4433.365334
4431.240610
4440.138415
4417.618096
4433.237049
4451.549490
4417.010013
4417.323833
4441.472422
4444.211502
4405.043464
4440.445431
4448.127180
4416.185230
4407.860591
4451.329617
4446.949961
4406.806889
4446.124229
4411.969395
4447.305740
4440.937722
4416.490819
4419.628369
4444.498863
4442.070578
4416.362691
4435.695138
4434.459570
4430.000361
4435.086214
4432.408092
4426.776748
4416.984591
4441.020405
4446.133542
4403.991360
4440.257081
4450.932970
4417.114682
4410.452952
4444.802766
4448.586800
4400.562645
4444.688234
4447.506308
4418.130099
4415.133486
4442.837259
4435.856442
4415.707457
4449.444245
4404.023034
4442.579752
4453.604994
4411.736511
4424.945504
4438.314210
4444.442334
4424.234511
4436.737280
4433.756051
4419.528991
4440.959902
4445.340877
4419.546822
4415.983121
4446.986169
4440.759216
4401.681027
4437.913811
4449.234414
4419.633191
4409.525983
4457.416690
4435.354595
4407.162734
4434.159042
4439.181309
4436.952524
4414.361266
4446.157080
4412.271253
4451.052355
4436.183735
4405.106233
4439.717854
4445.820035
4419.758076
4425.313072
4430.225980
4432.652939
4430.840998
4433.830546
4432.912478
4410.993165
4442.960569
4441.208051
4422.114865
4412.908592
4453.221807
4442.416511
4402.223843
4442.778047
4436.340871
4431.110970
4416.567542
4443.222419
4448.928002
4411.082180
4428.269774
4429.467490
4444.570355
4416.703670
4436.493022
4410.942017
4454.603538
4435.127672
4411.167377
4445.210781
4436.704230
4431.747193
4434.729853
4431.233276
4430.170762
4426.619853
4439.282421
4437.795312
4412.859810
4436.768976
4440.738307
4423.894718
4416.146917
4451.328599
4440.938866
4418.783402
4421.475356
4441.923543
4438.659149
4409.939165
4441.029964
4448.229038
4422.541588
4420.503273
4438.575457
4429.355222
4433.839688
4432.731176
4417.967689
4448.849741
4428.996904
4426.923288
4434.044784
4430.227694
4430.070773
4433.702764
4430.184962
4436.310783
4417.551413
4440.235090
4440.548914
4419.147236
4433.075346
4429.057590
4446.518910
4406.033350
4439.988143
4449.776633
4418.266004
4416.583163
4441.280558
4448.900722
4403.215464
4436.946134
4442.505370
4426.906543
4425.975170
4430.121901
4431.479932
4430.695073
4443.186212
4423.310599
4432.522224
4434.754524
4430.612918
4434.764228
4433.594995
4423.970271
4424.435111
4436.855590
4439.341321
4410.998771
4434.364392
4453.597596
4419.928749
4412.965196
4446.150954
4445.377802
4401.555391
4435.519767
4452.131264
4417.416103
4408.184095
4449.989958
4445.243124
4405.671229
4432.261693
4441.163687
4421.146362
4441.816593
4431.378394
4416.287006
4443.027041
4439.352163
4426.606558
4435.618749
4431.437286
4420.978751
4438.774214
4442.242911
4423.415305
4413.330456
4443.765400
4450.747808
4397.025412
4441.383356
4449.567676
4418.250732
4406.989401
4457.688942
4444.329306
4401.430014
4444.369292
4439.325584
4423.931848
4407.280576
4456.450572
4441.716844
4411.860802
4443.502347
4413.413349
4437.006358
4448.088703
4422.487753
4423.467558
4432.008122
4431.132603
4430.705958
4432.054250
4435.627086
4406.746960
4441.040059
4449.099348
4414.954090
4412.127597
4453.632127
4440.907267
4396.388213
4449.964382
4442.439757
4419.397489
4415.681563
4448.649825
4442.479824
4409.554087
4435.638226
4443.455312
4426.601484
4419.375942
4436.753970
4434.773488
4435.283628
4433.250266
4413.899855
4442.186080
4436.495454
4432.329634
4435.062244
4430.765222
4427.299048
4426.537097
4444.175089
4434.185795
4407.535467
4446.604887
4441.995263
4416.218656
4420.466788
4453.123364
4435.500489
4416.692764
4436.853350
4435.549457
4435.416067
4411.530794
4450.843006
4432.231653
4424.789858
4423.045798
4436.806006
4450.219376
4412.513317
4429.986686
4434.095502
4437.775408
4429.453542
4426.806810
4430.214223
4432.377695
4429.428330
4435.756695
4430.217354
4428.115146
4422.255623
4444.268829
4431.859884
4418.871397
4437.660665
4426.387072
4440.541023
4413.191048
4437.227602
4448.211628
4418.198072
4423.235329
4429.413932
4452.800777
4410.199724
4433.870799
4451.022041
4419.090736
4409.381807
4453.303821
4444.091790
4410.008054
4439.681314
4421.937352
4437.430661
4432.866919
4431.107178
4433.838302
4431.179536
4423.896652
4431.443008
4429.651560
4440.643713
4417.095646
4430.581404
4453.038683
4422.143171
4414.287726
4443.084697
4447.359471
4404.534401
4434.700549
4452.782935
4422.838622
4407.029211
4449.299073
4448.883862
4399.708863
4443.700952
4452.453119
4411.212314
4421.854793
4446.848462
4430.881257
4423.753148
4444.183710
4424.371234
4434.190189
4431.196856
4426.282067
4433.563912
4443.724630
4423.498127
4412.945995
4445.655300
4446.971972
4395.354417
4440.522988
4454.360816
4416.692151
4406.901735
4452.054380
4449.914478
4393.186754
4444.001384
4447.862364
4418.632476
4411.731399
4457.406531
4432.403507
4411.270595
4437.055391
4442.629610
4422.959685
4430.301156
4438.237833
4425.173808
4431.320227
4433.406137
4432.352353
4430.760956
4432.571174
4404.655646
4443.402953
4453.919412
4409.184202
4417.988937
4455.387378
4436.340167
4393.449749
4455.946038
4446.842626
4411.926204
4417.599088
4454.257596
4439.997912
4403.455232
4447.473947
4433.558482
4434.238253
4416.334673
4443.146899
4438.000414
4416.126060
4437.493586
4429.689433
4433.092731
4431.896850
4436.338437
4429.947800
4430.704164
4419.733954
4437.462324
4445.044815
4423.836775
4407.097191
4452.807553
4441.629745
4406.280877
4429.992880
4453.233996
4428.313562
4412.896998
4444.378866
4432.504136
4425.614355
4418.942281
4449.138879
4440.898306
4421.075110
4423.951012
4439.161723
4438.623258
4415.288123
4436.784165
4446.306520
4425.461353
4432.756584
4429.664502
4430.470471
4432.065271
4429.599876
4436.458798
4428.297995
4416.865762
4436.048585
4442.191988
4422.630418
4422.038327
4448.954809
4424.800385
4430.877408
4423.329951
4435.944557
4446.579254
4419.094828
4430.662665
4424.939285
4451.232720
4407.126606
4440.624346
4443.422709
4422.370402
4419.967781
4443.813187
4441.477934
4410.154717
4437.933895
4436.755492
4431.116494
4434.915747
4430.650905
4430.924357
4432.883978
4422.150920
4441.476314
4427.454519
4429.645456
4426.222649
4425.169004
4447.766599
4422.376346
4421.726486
4442.256802
4437.705111
4408.231170
4430.235973
4459.351620
4422.190377
4412.123965
4445.823321
4445.305282
4403.214380
4433.349887
4452.637714
4417.179027
4417.762892
4446.750262
4442.000262
4417.051780
4433.569566
4430.926128
4431.108036
4430.349105
4431.501279
4428.238503
4443.483505
4418.369528
4425.143789
4447.744794
4435.207361
4401.581361
4443.911594
4455.765490
4409.694071
4417.170071
4451.027522
4445.731192
4393.536911
4442.270163
4449.923433
4416.542610
4408.347020
4460.158057
4439.034585
4403.695682
4438.558407
4441.722624
4423.044812
4414.396180
4447.750988
4440.017796
4424.189263
4436.347695
4432.576938
4431.814910
4427.267050
4411.114610
4442.999847
4451.427094
4397.115080
4433.903346
4454.000972
4422.219646
4399.683863
4457.135248
4451.066480
4400.617254
4424.505627
4449.432337
4437.174588
4398.265407
4453.225737
4440.649586
4417.938625
4415.903281
4446.891781
4440.544212
4410.878028
4443.631479
4441.078202
4421.739949
4427.483320
4432.833087
4430.007017
4431.495972
4419.125344
4440.988624
4446.473555
4414.784855
4414.109576
4455.932866
4436.787511
4396.499287
4447.884745
4448.587765
4416.016060
4414.204483
4451.425313
4440.870601
4409.203629
4431.322282
4450.385406
4434.737003
4416.362101
4437.217500
4437.210023
4426.838333
4418.870787
4448.792006
4429.407614
4422.291642
4438.737341
4430.717093
4435.472959
4431.694027
4431.571937
4430.417007
4426.154326
4411.991036
4446.538074
4437.417257
4411.868075
4426.445649
4455.200671
4424.598732
4418.651417
4433.898352
4435.702151
4428.875723
4419.904012
4447.396335
4424.247822
4434.403601
4420.753320
4437.761729
4443.821767
4419.639743
4434.446135
4430.792932
4440.612026
4424.362869
4435.151455
4437.652118
4428.304121
4432.880051
4431.146802
4427.223909
4432.069706
4430.303559
4436.699298
4426.108226
4424.344557
4441.861942
4420.572938
4438.564670
4420.283831
4433.661102
4439.384507
4426.972018
4426.254950
4424.479202
4453.013603
4421.753484
4423.930367
4439.793783
4436.639101
4413.213730
4434.272610
4447.874876
4425.388524
4421.651185
4438.894320
4438.156228
4420.939969
4434.576166
4432.607909
4430.996545
4428.891905
4432.203329
4422.607577
4436.678334
4423.267406
4423.613972
4450.053424
4426.467816
4413.409310
4441.193716
4441.322849
4413.150652
4425.288629
4448.508085
4436.908776
4404.181755
4441.539579
4450.070272
4413.326980
4418.790602
4442.543201
4446.817439
4405.198194
4436.650175
4447.888659
4421.425951
4426.040339
4438.671369
4439.265472
4426.076022
4436.906685
4428.761334
4434.338081
4425.966129
4420.686165
4442.696778
4440.607894
4399.048609
4445.926266
4447.445864
4417.823515
4410.312365
4447.227400
4452.378507
4399.225734
4432.400603
4446.994119
4427.069725
4405.230863
4448.853953
4445.768120
4411.897320
4418.821702
4449.522688
4436.275650
4410.270099
4434.817080
4440.504961
4423.090429
4428.261246
4429.679483
4432.292228
4429.376565
4426.144568
4434.702852
4443.875681
4404.174047
4436.687301
4445.387654
4425.555888
4403.765888
4448.398317
4449.241807
4410.049234
4415.947982
4449.477148
4440.092858
4403.166878
4439.702948
4438.182646
4427.839043
4409.755243
4449.447344
4436.964567
4419.640256
4420.091005
4448.283218
4434.551526
4419.316569
4437.103166
4432.494496
4436.938859
4432.598349
4433.959039
4432.153032
4417.795248
4431.042459
4439.988720
4430.597196
4411.462996
4437.450220
4444.973689
4419.774650
4414.764855
4447.168369
4438.215134
4414.932722
4426.276014
4444.701599
4435.259904
4416.847868
4431.551726
4438.332601
4434.630641
4415.260062
4438.860108
4434.227151
4426.997277
4421.237962
4438.368075
4436.042477
4422.649607
4435.270679
4430.371230
4425.876320
4434.081629
4434.656219
4424.572510
4426.579572
4428.971990
4438.512885
4426.743717
4423.065315
4434.057944
4433.138406
4424.317773
4425.773612
4440.517308
4424.839421
4431.978663
4419.191155
4442.362728
4433.792895
4426.069379
4422.099328
4438.998907
4438.268937
4422.164618
4432.519022
4437.729306
4431.700117
4427.534776
4434.539238
4436.486355
4430.771041
4428.837842
4424.791303
4431.251022
4432.452169
4429.015397
4424.157448
4439.873630
4423.654640
4426.609271
4433.156754
4434.456794
4427.564915
4422.437493
4442.834059
4425.237415
4428.658807
4430.729249
4439.594078
4419.929641
4432.682401
4436.559771
4433.776351
4420.974030
4433.716412
4437.497889
4427.632085
4430.943164
4429.956613
4441.968476
4426.085107
4434.348696
4432.391293
4431.685683
4428.693393
4425.796620
4437.106204
4429.546646
4423.187971
4431.516708
4440.389373
4422.824529
4422.064457
4440.199409
4432.051206
4422.138507
4428.594669
4439.289991
4426.822965
4425.910986
4433.502541
4437.461246
4423.751876
4429.100502
4436.306067
4434.945944
4426.819996
4430.403833
4438.925959
4431.801305
4429.967677
4430.958750
4431.082212
4428.773538
4430.020835
4433.999659
4427.514926
4425.344098
4432.628211
4436.280116
4428.245632
4423.279778
4436.501586
4436.059021
4424.540529
4428.926285
4436.866347
4433.289576
4426.030483
4430.379183
4437.823432
4433.465615
4425.855448
4431.927605
4439.520287
4431.514422
4426.862955
4436.165558
4438.783575
4430.877930
4432.408210
4437.950589
4438.197627
4436.066109

SCALARS temperature float 1
LOOKUP_TABLE default
300.257572
300.212742
300.214389
300.183176
300.143769
300.117586
300.100961
300.079447
300.055655
300.040355
300.036083
300.047776
300.109637
300.300203
300.934800
302.707481
306.942904
316.069577
332.917802
356.175697
388.252723
1139.861430
1030.136220
1086.949825
1025.580344
951.304324
598.963700
604.864041
590.358463
577.366041
448.711302
300.226551
300.281066
300.362175
300.275334
300.219754
300.198415
300.201115
300.150955
300.117278
300.090889
300.077819
300.099790
300.186622
300.507981
301.372995
303.791930
309.136399
323.518463
338.803076
369.593330
394.984294
813.446361
643.326818
604.916235
568.051033
540.592695
525.445829
498.672587
472.905960
450.402352
438.103306
300.191376
300.288678
300.337321
300.325475
300.341536
300.370443
300.318928
300.305044
300.241761
300.210506
300.170476
300.213994
300.308699
300.792724
301.719710
305.779214
311.690199
327.667277
356.867924
400.100978
408.675373
989.418798
830.151800
715.905099
642.137812
583.514771
545.440124
487.445764
464.046995
458.943156
441.076138
300.172275
300.263023
300.368887
300.509687
300.487215
300.556849
300.576964
300.636663
300.535952
300.452035
300.384713
300.425253
300.556028
301.180813
302.679554
306.315146
314.938207
344.945731
356.310870
401.748851
443.199345
563.755257
853.960427
713.718582
533.105276
489.155078
507.119809
469.059389
442.399399
431.809772
393.173880
300.183569
300.292141
300.447829
300.633992
300.756209
301.025325
301.028472
301.171194
301.002950
300.866805
300.827361
300.792130
301.074344
301.739412
303.398092
308.939096
320.169594
336.352437
374.538825
458.390283
470.075372
1339.742298
821.672631
630.953744
575.698682
541.052049
446.687487
414.424435
381.166509
399.744847
368.705910
300.222531
300.421603
300.581417
301.029336
301.238205
301.527451
301.640811
301.952644
302.265081
301.639710
301.491489
301.250544
301.813423
302.613965
305.271326
310.094936
321.665452
348.701638
412.378369
435.518799
492.841151
920.971377
994.263223
700.095907
554.291843
485.782288
425.655793
432.102573
407.929822
387.177410
351.101728
300.251438
300.550387
300.787838
301.510116
301.916260
302.964589
302.809016
302.385230
303.070949
302.098621
302.394519
302.265584
302.563968
303.377949
306.717963
311.899043
327.959077
357.379328
378.719960
442.869104
501.705892
973.079802
911.269906
774.948307
635.195920
523.685311
473.122134
379.417153
394.064165
358.328202
337.289570
300.226312
300.419243
300.709595
301.700996
301.958111
303.846072
304.497436
303.525683
303.102183
302.972585
303.570844
302.828394
303.508405
304.207474
307.272519
316.353709
327.745105
356.345301
431.262386
490.279333
489.428471
1304.616713
966.976064
854.257909
660.771525
502.403416
440.816731
399.915376
406.096343
353.209104
335.800855
300.196514
300.377055
300.807221
301.118282
301.783683
302.970591
303.432062
303.466824
303.198941
305.542844
303.905253
304.135699
304.773205
305.240402
312.764750
313.760076
338.497185
356.925671
370.815700
417.804403
480.322574
996.223300
1006.490376
819.438266
706.086236
582.204616
516.877382
465.769715
383.929504
357.727183
341.962290
300.189207
300.360737
300.638554
301.022670
302.494325
301.931270
302.917048
303.805926
303.135634
303.748752
303.849029
305.851710
305.174433
306.156562
308.152890
325.620352
321.785554
365.910743
418.469417
466.288277
477.356324
1304.091601
977.358376
1010.720200
922.040623
708.513508
543.424837
435.086509
406.231608
376.130449
354.392308
300.209031
300.387894
300.818564
302.358883
301.393535
301.754360
301.951118
302.218659
302.525796
303.097320
303.476231
305.974658
305.442199
309.565988
313.306161
313.859336
335.933139
350.730415
409.716610
464.929117
471.775885
1048.858004
1011.556583
980.073484
779.587258
660.942781
622.491583
481.652828
521.553777
396.248824
376.111999
300.253228
300.410160
300.790984
301.436025
302.419935
301.841635
301.753285
302.652417
302.245648
302.756183
303.525090
304.860469
306.956309
306.721783
308.845461
318.936729
337.633620
369.560232
421.239571
479.031973
502.459622
1044.906411
1224.195837
959.209922
905.857597
889.038239
756.485114
584.547129
464.895832
423.743665
402.347194
300.227745
300.423421
300.781877
301.500933
302.091524
301.669192
301.848260
302.211630
302.234402
303.025950
303.793089
304.411292
305.827499
309.299260
313.807068
320.559419
331.285226
377.672732
411.808515
472.851669
518.773835
975.670674
942.480844
890.420467
944.147025
851.210061
722.956036
604.230184
515.017563
463.909233
438.606568
300.264699
300.506887
300.817455
301.351290
302.021583
302.285638
302.212483
301.975879
302.240444
302.732683
304.139644
304.940964
306.799771
308.271970
312.042429
321.511497
366.032469
357.701470
428.002803
481.661501
1000.774736
1010.023948
887.137748
920.730569
903.775322
983.491371
827.199385
742.843975
677.622621
541.160045
487.199639
300.350075
300.604927
300.933570
301.421068
301.913518
302.013812
302.214385
302.480304
302.697318
303.103887
303.471187
304.228518
306.400075
308.648173
315.206063
323.597704
334.589428
353.575236
464.175237
495.273170
536.091354
615.055267
1002.745433
807.764929
871.435946
940.496054
876.113044
799.503272
660.122462
544.180637
539.058420
300.500561
300.788968
301.648666
301.627645
301.963023
303.050147
302.316440
302.746484
302.472818
302.880788
303.812932
304.848512
306.227406
308.336179
314.721260
322.661484
355.429659
382.464965
394.691674
497.696050
569.438634
956.945351
878.212525
815.303776
723.474245
810.191180
871.995688
865.672152
821.762741
609.844323
596.531187
300.507754
300.901465
301.766906
301.712984
302.337978
302.818944
302.382068
302.744670
303.178535
303.537766
303.833087
304.819655
306.106379
308.603840
314.032375
324.155885
343.220507
368.995063
474.341296
551.768086
570.667015
1031.695711
887.949006
837.965603
772.574684
796.526530
880.822124
812.206131
747.606564
669.351762
672.950389
300.496023
300.919682
302.234172
301.870051
302.197969
303.048992
302.778578
303.266891
303.263455
303.975182
304.810975
305.892980
306.793940
309.411852
312.472500
322.370021
336.005227
372.029703
427.366298
431.034899
562.379685
1017.358819
937.917730
760.671761
785.362916
703.559300
672.352295
779.861760
734.982074
788.951481
716.325856
300.469380
300.831093
301.499219
301.860440
302.960636
304.067244
302.948770
303.162731
303.817864
304.368913
304.859577
306.346798
307.052536
309.941838
313.461720
325.563761
342.911191
384.213474
439.447493
519.847997
529.740956
693.749616
1030.800347
812.402720
759.555371
717.325357
673.822375
799.029103
779.159611
793.557012
733.516434
300.374859
300.704302
301.368129
301.785768
302.399549
302.628341
303.626645
303.912263
304.168710
304.977591
306.419674
306.985298
309.384044
310.365671
315.324966
324.003573
329.122777
361.984600
392.791329
486.672708
523.807641
971.912157
979.581761
923.315779
840.121329
713.340395
714.502795
716.499230
798.808988
802.790564
744.784922
300.314576
300.610813
301.238478
301.992688
301.997513
303.129897
304.124646
304.851338
304.906996
305.571968
306.588931
307.272628
309.671294
310.956425
315.593269
324.590002
345.481433
363.694610
395.474635
508.745915
1348.852402
1037.331668
959.359407
931.424834
777.807792
750.370385
659.727696
665.487316
686.185368
736.867140
763.852414
300.282223
300.557234
300.983323
301.487987
301.866909
302.500098
302.905859
304.324436
306.087657
306.035171
306.840206
307.498026
308.773763
312.697025
316.550558
321.787774
334.251828
379.337306
437.266361
474.316783
573.382289
568.006813
1013.494168
908.638886
905.698338
769.096960
673.664131
669.916987
664.014031
730.308192
716.830428
300.256316
300.515841
301.219240
301.591791
301.883204
302.393449
303.062099
303.807370
304.507853
305.213441
306.398837
308.326562
309.883012
312.567340
315.077998
326.462114
344.266401
357.719387
398.628874
521.653856
1074.402363
574.593240
936.226487
881.256880
908.072021
803.694426
712.383536
702.923679
677.077503
676.730739
714.370230
300.236969
300.486810
300.936646
301.268306
302.211399
302.457655
302.871143
303.317554
304.611927
306.183658
305.386030
307.747219
309.312778
311.763433
316.480377
323.602360
339.483039
384.814805
450.953721
447.371361
553.054011
1082.284443
967.920885
873.903241
831.912148
804.992289
779.490954
727.750394
729.184237
682.420361
722.048831
300.213639
300.427918
300.893872
301.452398
301.839497
302.141846
303.332992
303.303205
303.617767
304.426744
306.148511
307.418446
309.487703
311.521501
316.738015
322.992439
335.533297
356.111380
391.348929
459.938505
564.355824
1026.078831
979.787500
926.149917
804.613838
723.939566
752.479203
722.408566
676.178783
699.945423
720.103006
300.203525
300.404139
300.800879
301.058616
301.456710
302.140772
302.615489
302.995864
303.823135
304.312969
304.960472
305.655913
309.276623
312.359405
315.089405
324.167330
337.397916
360.373844
406.656111
516.859707
508.804774
575.809061
954.862817
854.905745
754.200771
731.968268
680.129888
760.325772
704.094374
712.671531
712.433466
300.211885
300.425154
300.760118
301.072763
301.790307
302.844333
302.474048
303.072015
304.305730
304.292406
305.513360
306.882037
308.027039
311.808462
317.756449
324.785209
326.210320
359.957301
408.678446
426.563765
1090.545467
1347.801243
1056.472017
939.188824
825.659616
705.725466
717.199036
675.406591
727.898972
724.428744
689.493284
300.223261
300.453145
301.208970
301.195093
301.441586
301.921736
302.894283
303.118141
304.116391
306.067179
305.255642
306.448224
309.962579
313.872025
316.584661
321.455126
337.487048
340.987149
382.837564
487.826110
515.875029
569.487885
1024.559351
1008.357398
894.212241
732.042824
693.024559
664.954455
672.803709
709.166709
717.092447
300.200127
300.417137
300.829105
301.135290
301.988695
302.392852
302.622243
304.146467
304.151512
304.948730
306.019886
309.080881
308.479070
313.612887
318.413814
322.215587
333.796074
366.690139
413.712732
498.865088
548.892822
1146.440031
1019.235474
1000.546385
912.911405
789.182842
790.103576
722.634970
686.665600
675.950874
700.364600
300.167866
300.347612
300.645767
301.420797
301.536421
302.012172
303.013248
304.231489
304.509076
304.941709
306.060544
307.710508
312.241240
315.359749
316.424043
321.870035
339.708208
367.652381
373.652587
427.682332
979.596587
514.065403
1115.930907
896.664473
923.189597
823.474477
668.302864
751.749823
660.985339
666.187857
718.889578
300.143788
300.312298
300.660625
301.163235
301.570822
302.583478
304.068042
303.087761
303.884740
305.603538
306.211263
307.210711
309.850637
310.928564
315.273038
329.368633
335.464749
345.103409
426.833818
491.061579
494.624510
1196.160821
812.612863
930.121266
822.161281
885.031948
821.193272
737.189427
673.981709
680.324962
709.517102
300.167482
300.330965
300.624592
301.365867
302.034971
302.031304
302.530552
303.349893
303.770989
303.957395
304.916014
306.560857
307.986777
313.940864
325.165575
321.451155
342.987224
359.922187
400.678226
418.716380
594.064411
953.055973
1200.673810
755.064236
806.512024
820.333037
839.426669
776.599180
764.950421
708.429123
677.836815
300.237236
300.413275
300.749255
301.348320
301.700183
302.115166
303.556710
304.090500
303.875579
304.505919
304.865353
306.481180
310.415020
314.041968
318.476153
331.539295
326.102419
348.871030
370.471798
481.059668
536.635882
1370.391278
832.525144
699.328995
723.748990
717.094754
791.176628
802.938243
732.538303
739.058254
712.405887
300.362245
300.707927
300.805639
301.351454
302.158967
302.695161
303.115862
303.303985
303.892937
304.045274
305.534070
308.313318
309.872981
313.891470
315.075199
320.628888
326.986077
378.459224
395.294418
478.447005
539.116045
1114.109581
1012.522042
950.618707
644.160865
692.100378
654.394628
772.513473
764.155188
759.983268
728.542305
300.380793
300.624407
301.187353
301.700048
302.338159
302.712885
303.804846
304.895362
304.608627
304.442802
305.220197
306.256313
309.328957
313.221316
315.154928
317.344554
326.512500
347.895581
390.084390
415.255289
620.061318
638.562545
1063.699145
789.833582
712.600810
668.138547
623.167619
688.871379
678.171771
767.418058
702.311237
300.394169
300.865077
301.115152
301.683245
302.922791
304.017766
303.906919
304.324478
304.030436
306.886149
306.176097
308.670724
310.101010
310.732111
314.045042
320.551033
329.843036
342.888446
446.051204
523.362810
579.131516
836.534505
877.142541
1039.917250
1014.571549
639.888334
601.498236
597.554293
734.831871
701.283463
724.623877
300.371447
300.679517
301.230659
302.393252
302.619326
304.001751
304.350542
305.747330
304.955048
306.180428
307.216463
310.110146
309.396053
314.132217
314.368005
320.392729
323.276885
359.350093
380.720150
420.838493
1369.700152
1029.909391
1049.092275
1002.936503
788.386762
821.078777
692.527558
653.175635
617.167571
694.764407
734.820509
300.344654
300.663629
301.349995
302.331749
304.033117
305.089245
306.765424
308.099705
307.864078
306.165689
308.733331
308.557163
309.817031
313.690429
313.833848
324.189394
340.557800
353.213079
439.207234
533.522066
559.359147
774.303139
1164.709370
891.424540
859.423422
821.806151
612.877231
641.667180
600.413008
624.496989
707.399346
300.306290
300.645563
301.194122
302.205280
304.035056
306.492763
309.393352
305.502728
305.938550
307.335696
308.164059
307.677774
310.961903
311.311756
311.780622
318.592162
325.349601
352.427648
386.767411
541.238752
644.798948
826.632763
1007.331324
890.145528
929.625543
777.463246
870.408761
710.413362
583.795014
588.726886
648.734542
300.271599
300.550749
301.030290
301.976244
302.776803
308.664457
308.476717
310.317957
306.983162
306.550983
310.692947
309.458871
313.737580
312.228319
320.593751
318.499722
341.960127
370.776462
391.308083
560.082205
672.812583
1138.043348
915.452588
914.150652
934.974485
848.414914
831.476700
748.981058
798.561152
582.066516
593.930265
300.275788
300.591635
301.279175
303.241947
305.570097
306.177215
306.516775
312.183823
307.693339
307.989110
308.121869
309.439974
310.556926
311.981871
313.103072
327.940069
331.599726
337.179890
446.181302
480.084280
1158.790412
1025.729656
805.740373
862.362543
646.994726
890.371699
808.989578
814.543171
694.582619
622.181777
577.338948
300.309596
300.679694
301.822466
302.172488
303.796060
311.876281
307.224725
309.865524
307.850421
308.561984
307.466880
310.641765
310.403297
313.097457
317.949004
317.701895
346.107800
375.959379
391.277333
531.897508
684.606042
785.766905
857.021344
751.275289
658.629293
760.719926
722.440379
810.683080
785.533141
694.429617
612.432881
300.325277
300.697277
301.842038
303.695491
305.805549
304.750995
310.977213
312.376751
311.232035
308.220169
308.953703
309.311139
309.009874
310.282946
314.455144
315.955911
323.343718
329.740623
398.532409
694.218276
590.901725
1129.838624
956.826483
788.575287
619.795932
623.899011
745.449002
832.498532
825.461141
847.806875
652.440857
300.301712
300.710648
301.213089
302.175902
304.785804
308.023182
314.389581
307.993091
311.747354
307.188435
309.516527
308.794100
311.403643
313.710811
311.881471
322.082177
332.898627
356.540627
382.755917
461.369198
519.662319
1075.362973
1141.380359
731.387209
675.259062
570.294190
565.776779
637.366148
661.785383
798.866213
657.918874
300.243613
300.515177
301.724045
302.496130
304.906587
308.283202
308.069441
309.862002
308.391133
308.311511
310.706581
308.804096
313.580595
311.723143
316.421652
317.596116
317.628968
341.016231
416.958140
428.815303
584.893292
794.471618
1151.140712
823.026452
691.809345
583.982236
598.725310
825.324628
587.634516
693.200700
688.885291
300.192159
300.406456
300.822841
301.473105
302.424790
308.359820
306.118018
314.704242
310.801865
309.907698
309.186617
312.408730
314.827586
315.118758
321.315820
312.915285
327.752612
342.472103
357.320043
499.843809
542.943633
1268.634749
1016.241246
1002.612092
861.968984
625.960810
563.655934
573.601086
650.465535
719.720221
711.378907
300.164879
300.371948
300.834646
301.532387
303.455236
303.534826
311.642664
305.911620
310.186060
308.353363
311.672346
313.818902
310.562466
315.043433
322.809825
317.933791
329.446698
356.691543
391.870169
403.360427
492.434871
1213.562745
1101.386968
1037.431682
752.870777
662.996516
604.566058
603.866645
639.527698
582.370917
678.447715
300.180678
300.411618
300.815868
301.595174
303.019374
304.753908
305.445087
311.827373
307.622903
310.462506
310.042905
309.487751
311.126102
313.273840
317.045032
326.862271
323.294810
322.279726
365.308588
477.040327
701.105476
627.661147
1029.242895
966.338237
965.795861
914.139130
616.868836
554.847938
565.421649
566.870263
715.761096
300.226582
300.509773
301.604637
302.043253
302.668374
306.328580
306.033981
307.642361
306.746678
311.479078
312.533023
309.811576
311.275714
316.204392
314.211986
320.490429
332.994299
340.684165
375.222439
630.809736
421.917708
1027.687321
739.676635
938.116706
1009.556299
765.819001
916.352127
747.402150
567.087113
577.877139
633.764961
300.324617
300.678819
301.450302
301.701639
302.450366
303.894477
309.138162
315.130696
308.716341
308.706064
309.897388
310.668243
308.852420
313.305699
313.031214
316.917483
327.795341
323.006818
362.683167
462.419034
1203.386726
878.308119
838.684168
976.873510
977.775608
966.905341
971.769684
730.432103
752.761667
613.074777
649.043796
300.494981
300.950626
302.011787
302.896716
303.933173
304.469991
310.548325
308.059742
308.086052
313.109134
312.401191
309.978093
310.487107
310.522347
313.491712
318.978096
341.269307
343.589235
436.317443
375.589031
566.387080
696.691839
720.914143
791.591066
673.313495
743.059940
851.486620
932.543143
645.591093
640.888856
566.653298
300.964386
302.009362
303.223316
303.694439
303.508475
306.046227
306.057652
306.732928
308.402458
309.244841
311.099988
313.042410
310.159474
316.300098
315.759764
314.678800
326.198437
349.810448
373.674689
440.975796
759.459042
858.335148
672.353063
911.074124
656.610583
868.845105
658.036652
913.904902
919.901466
725.598097
617.456680
300.776866
301.563351
303.736931
304.539808
308.544478
307.826170
311.040536
311.752149
314.542083
311.308046
310.947662
308.817046
309.795891
315.609549
325.796793
321.103147
324.855604
346.209353
642.478190
376.762139
464.243064
1005.250783
962.302004
624.911725
527.211134
528.374296
769.544428
878.727134
845.605528
790.440951
660.328786
300.727967
301.878532
304.326960
304.755252
308.724419
306.720118
305.666605
305.523409
317.134002
310.443427
312.540552
313.956400
314.552632
312.247628
316.982202
316.344534
324.174029
340.651291
398.485071
487.211685
756.433647
1007.181293
602.343875
699.190498
749.784036
549.044402
572.725976
781.806587
821.204635
883.092737
705.236524
300.557200
301.198835
303.216857
307.209512
303.700413
304.683231
310.465756
306.328478
311.741499
307.858309
310.995599
313.135898
311.618629
312.804915
319.775270
332.131901
327.600256
342.524374
351.514905
497.638722
638.870024
744.073242
997.882759
844.312777
552.188205
551.213860
557.834477
675.000110
628.206719
864.659523
723.388435
300.525104
300.930905
302.377352
303.391916
303.939217
305.165375
309.898866
307.613897
308.201343
310.618330
310.002402
312.617030
312.485689
312.912791
318.319468
320.062399
321.777645
336.336372
353.664701
424.100903
509.159252
1001.270184
912.361965
591.372197
944.120489
665.440831
551.537182
535.002465
845.507902
733.626275
710.022367
300.391634
300.969232
302.352547
303.878457
304.675391
305.181400
306.886861
307.221033
307.544188
308.333291
310.472254
309.629883
315.412062
313.327316
314.082034
322.492230
337.891148
340.158903
346.394293
648.246668
807.958713
483.522223
989.247055
967.423598
654.644048
549.015730
575.720955
552.974786
696.063519
710.071930
721.263731
300.383289
301.198123
301.470214
303.964514
304.182986
305.459705
306.769655
308.108667
304.836302
306.881657
306.907626
308.202721
309.355682
312.399528
314.071095
321.688187
319.163923
334.575527
426.585665
421.059000
715.955931
760.793469
858.755638
936.380699
838.355143
903.469543
630.737122
612.839339
611.783640
512.806023
741.148137
300.330114
300.916206
302.153199
303.402614
304.039819
305.734757
306.956665
307.758469
306.071122
308.249726
307.253966
311.946814
312.908670
313.540092
313.016275
319.508537
320.703064
331.046183
331.356853
345.730871
545.115391
673.964015
564.086238
809.075719
909.537160
841.706888
570.729932
676.771125
507.777544
488.310263
575.553276
300.299255
300.690441
301.476573
304.049773
305.936897
305.832209
305.033735
307.019770
315.993854
306.633497
312.353317
307.301836
312.933401
311.067849
315.427962
311.831724
324.042235
326.249363
357.508282
378.252131
474.090966
537.249107
577.942201
674.479404
918.544454
927.452885
812.517633
502.922452
670.298597
508.915462
609.021568
300.273871
300.780459
301.532274
303.045498
305.228941
305.844719
306.692267
305.751431
306.493432
307.606522
306.867175
317.397825
312.547719
313.156451
318.607423
311.003723
322.346168
325.800647
326.610661
357.697825
360.521268
470.744238
476.886164
520.556531
715.887713
879.543858
840.030443
618.561847
504.614223
560.350177
599.160508
300.259251
300.625547
301.509582
302.784229
303.421247
305.743813
304.705170
311.563186
312.748697
306.777597
310.040782
308.819012
317.173557
323.542551
309.137097
320.869558
319.815173
327.561325
324.001869
350.665035
398.629105
417.314830
444.196416
448.821467
433.198090
600.980910
906.720261
908.708697
773.568384
590.016706
579.058665
300.250827
300.809249
301.335093
305.065215
303.598312
307.180477
307.548229
306.471970
306.002155
310.236664
313.171150
312.492345
313.669868
321.740539
322.264016
323.201965
318.708790
312.035424
318.184014
330.788599
343.013646
354.495123
448.106652
454.126924
487.124892
799.347697
670.745271
853.395617
907.834919
647.093882
552.211355
300.248764
300.676145
302.620588
302.558685
305.287296
307.623652
308.814384
305.093860
310.339010
308.215762
314.883025
308.837730
324.717750
314.935879
320.175762
308.246756
315.895384
316.086026
318.803681
329.414942
323.616437
381.242624
365.445414
427.747448
457.925710
442.059323
497.945560
878.326608
850.378004
700.301132
592.374765
300.261755
300.611344
301.336436
304.613235
305.576506
305.493692
306.779962
310.487283
309.148990
307.302512
314.305344
311.772591
309.037935
311.137784
314.804260
313.981172
307.445441
316.701010
309.965936
322.899528
350.633242
328.360055
383.059541
417.018576
387.940148
436.175468
468.264563
710.398464
826.903608
837.601978
612.933369
300.409727
300.613251
301.623001
302.053824
303.804762
304.292193
305.162161
309.737905
307.246278
311.030094
306.019709
313.703292
310.601969
316.883131
315.920810
319.499171
311.645060
313.111560
312.036384
322.424415
318.805584
334.447599
354.695799
339.886348
396.897143
403.125049
397.076057
584.968285
493.055849
885.007413
633.123770
300.239036
300.579404
302.104975
301.966833
305.606723
305.005581
304.840276
305.939837
310.584910
311.123084
311.701523
315.051756
310.187594
314.155425
308.429860
312.755580
306.874071
312.382036
309.360152
321.557536
327.095912
320.162700
328.711462
366.777074
357.723441
364.042044
437.850738
437.003401
794.633190
769.175174
672.495289
300.205717
300.740095
302.518210
303.398139
305.349166
303.664550
311.340124
311.751596
308.161659
311.235110
310.548521
310.226983
307.794884
314.528973
314.839634
315.589976
309.403260
321.947039
308.343056
310.867991
312.408837
321.988772
318.660135
319.701094
348.274370
398.068954
370.114973
383.445743
534.769580
580.854350
714.223766
300.163902
300.408335
300.915691
301.416409
304.289287
304.678620
307.877968
308.287039
310.901511
309.092776
307.147200
309.330981
306.684733
310.479278
308.734917
307.567894
309.899423
313.963007
312.546970
314.074469
312.797918
312.781006
335.015428
321.992446
338.750431
339.319821
386.906752
420.314758
379.748787
427.146665
736.058867
300.160809
300.337998
300.654036
302.217846
302.688414
302.998536
304.763116
307.965154
305.589650
306.698875
307.191022
306.511857
309.138758
308.681878
314.036897
312.707844
308.730302
305.360080
306.235176
311.363885
309.102485
314.468825
311.861300
312.973400
316.932656
324.059828
344.390445
356.523378
384.534755
413.768345
479.907667
300.185830
300.980090
300.686085
301.193229
302.519978
306.465535
305.545522
311.668236
306.011336
307.236319
305.337917
304.961083
309.826393
307.895844
305.490587
310.730593
310.116177
315.509429
309.473973
304.454589
316.382111
313.113497
310.915832
318.374498
331.852832
308.365692
333.561101
353.859293
381.610025
407.397637
443.140146
300.189289
300.418992
300.770009
302.387743
303.430422
302.486680
303.413476
306.327736
304.687653
306.363117
305.743975
308.311897
304.845724
305.680601
307.968276
314.542866
306.268662
305.232219
310.284410
314.971564
304.371579
313.157760
305.026014
313.093137
310.504812
316.471345
324.939716
329.415422
328.283343
391.333898
386.872129
300.180140
300.976977
301.421005
302.545064
301.844977
303.732104
304.304100
304.928688
303.517274
306.633508
305.929821
308.572514
308.888633
317.859923
306.062709
304.739596
308.632676
306.704488
304.560614
309.096669
308.086513
304.033387
311.292418
310.413493
311.743334
315.682391
318.327199
320.724992
334.210544
362.002298
359.193122
300.129399
300.455824
300.815139
302.190130
302.353196
305.527431
306.863065
304.889210
305.064067
303.920052
306.924531
307.677839
307.162409
311.174794
308.154230
305.940186
306.797414
310.957519
313.854020
305.012347
313.054569
303.876067
307.970529
306.694108
303.823184
304.745927
311.183363
318.309581
322.483300
332.561863
347.032082
300.096073
300.735995
300.569134
303.252315
302.074213
303.817123
306.139175
310.200825
307.892906
304.511526
307.664006
308.776941
307.372352
306.332085
312.415407
305.891063
309.587220
307.629774
305.594076
310.610333
312.619539
306.240292
304.491246
306.763214
309.044305
307.348105
311.255617
317.265375
325.792013
320.538723
331.876579
300.094667
300.423046
301.119101
301.400522
304.576130
303.315313
304.684575
302.743211
304.562914
303.605660
308.605966
307.035381
310.309856
305.109033
305.171209
305.642882
305.506977
307.808571
303.979433
310.727015
306.941993
310.464430
304.149259
304.754665
307.213387
304.265443
308.775071
317.984336
311.116236
323.310037
319.753036
300.117781
300.309446
300.788052
301.575283
305.250034
302.530801
305.666775
305.853720
305.750758
304.418270
307.017017
304.828511
314.771623
306.379354
310.857824
307.221223
306.289306
311.093797
304.391162
303.871034
304.869144
303.596767
309.572845
308.050000
304.942720
310.120985
309.848415
306.754489
320.363617
318.958808
311.376529
300.288442
300.345504
302.596744
301.551083
302.245113
304.394093
306.528433
303.266595
302.979157
304.537510
304.105349
306.491454
303.673252
309.119992
308.613811
306.634227
308.091320
304.222920
305.656548
309.765431
308.065344
307.467262
305.706336
306.578002
304.591329
305.523264
303.059469
309.662482
309.592420
309.144964
309.327291
300.122189
300.623536
300.673411
300.920667
304.282697
305.539633
306.910815
307.807095
306.165672
303.092965
304.054799
304.715422
306.818239
306.800659
304.378092
309.485332
307.059806
307.518840
309.190512
304.257776
304.838931
306.174619
307.626749
309.686493
303.967592
302.907443
302.087530
305.899765
307.144988
312.560074
312.532307
300.103677
300.320246
300.956965
302.348797
301.759165
302.102358
305.779067
306.457674
305.818282
304.672598
305.856462
303.148702
303.754165
306.783684
306.449295
305.805111
304.463476
305.560749
304.179023
308.182204
309.530473
304.587504
312.372907
309.917043
303.229790
305.114714
310.374176
304.583699
304.667630
310.499723
309.361661
300.099749
300.257383
300.688088
301.508029
302.418913
304.531139
303.188483
305.245113
307.394667
307.255525
304.120299
307.111203
311.058285
303.792586
307.552687
304.779631
305.307173
304.832661
305.878297
305.146830
307.795799
311.364098
305.911855
312.143660
306.608113
306.137009
302.009331
306.285475
303.122266
306.858667
307.455360
300.108328
300.284431
300.867242
302.399182
305.230083
305.127933
305.280496
308.285800
304.308402
307.797920
307.339486
305.714322
304.214084
303.854357
311.868118
304.147439
308.887362
305.997726
306.575167
305.332947
304.127642
307.433791
305.820379
307.025307
309.153221
306.411701
309.004625
313.196248
306.490316
303.643797
304.893105
300.178031
300.291778
301.930517
301.477490
301.896879
304.870120
307.679815
305.801685
305.211076
309.089391
308.616705
306.756097
308.184796
306.589555
306.265871
304.807215
307.476097
304.236862
309.185895
307.537645
307.105886
305.798215
309.739717
310.619548
309.567495
309.142270
303.978278
302.108742
304.414012
309.015413
305.073588
300.098715
300.259742
300.627766
301.189880
302.622526
302.267404
303.655405
306.395214
307.356045
304.681315
307.002933
306.622703
308.242060
304.564094
305.192966
308.509198
304.383741
305.175067
305.451858
304.717168
309.317851
308.264403
316.860063
306.362640
304.852163
305.529407
310.322769
307.874175
307.431292
308.857758
301.611255
300.081799
300.230747
300.787518
302.227354
301.258848
302.079175
306.799229
303.321222
306.857216
307.458158
308.593292
306.000289
306.166735
306.829221
306.852164
304.237340
304.817442
308.670626
305.448486
306.356832
309.313111
304.465912
307.247090
313.858825
315.818329
307.173351
305.557123
309.552887
302.945474
306.425918
303.147629
300.070132
300.194319
300.437638
300.849302
301.840179
303.762271
302.138698
303.270811
307.121130
305.753488
310.122094
306.620303
308.677997
306.157976
305.725815
305.658509
307.782448
304.927009
304.300071
304.852099
305.908631
308.911659
309.698662
306.477185
304.551460
304.340942
304.221358
305.693986
310.389813
302.225214
303.183010
300.071001
300.177610
301.673151
301.276038
303.614419
302.160053
302.423974
304.789521
303.026989
304.032917
307.459755
306.316495
309.107751
307.249254
308.633429
307.077992
306.415877
309.980218
311.395462
303.966258
303.362358
307.498519
303.992060
305.773504
310.183341
313.730540
305.170813
302.272442
302.823537
306.944036
304.469790
300.070558
300.163325
300.939587
300.778223
301.352513
302.431408
304.593133
302.149361
303.388908
305.789574
305.305427
304.273243
307.487756
308.377558
306.735836
307.233324
309.254772
304.387951
306.424596
307.941473
302.834327
304.242464
304.306018
307.420727
307.324385
303.522699
308.383521
306.083004
304.518007
312.149021
303.575454
300.043534
300.131669
300.321564
301.024483
302.868382
301.735858
301.814179
303.658194
306.021673
302.976496
304.197251
306.517350
304.179214
305.288888
306.773938
309.037738
304.897004
305.793075
306.580899
309.485898
302.574962
303.450235
303.720077
303.113586
305.791756
305.924385
309.071039
303.273528
309.572196
306.887539
301.001755
300.033625
300.108456
300.477685
300.948574
301.144396
301.994239
303.890975
303.890795
302.713334
305.660251
308.508552
303.675631
308.287435
309.005073
305.076020
307.804212
307.172934
309.040155
304.253113
303.779687
303.427963
303.829008
302.152980
304.373875
303.258766
304.537870
303.141365
302.683384
308.480488
301.792323
305.374269
300.026896
300.084702
300.238847
301.038348
301.908366
304.100330
301.684944
302.408992
305.393660
306.333790
303.385959
305.847274
306.357256
304.631121
306.636187
308.688930
306.353384
307.051565
305.128138
307.597074
303.176784
304.440199
303.115001
304.049173
304.800030
301.976787
305.691825
307.079035
301.280512
301.334546
303.587020
300.021949
300.069750
300.208095
300.655302
300.793765
301.407874
302.378699
305.344299
302.291938
303.391766
306.222510
310.168125
305.310410
306.270797
307.127439
305.619543
309.291722
306.000019
309.468731
307.031995
303.977357
304.886466
301.924077
301.668384
304.636451
301.892659
304.099095
301.310385
303.037560
303.177646
300.969635
300.023278
300.075555
300.204542
300.339199
301.101327
302.266448
302.187840
301.771728
303.099808
306.434992
303.203206
305.752204
307.294471
308.786437
305.631192
307.706549
306.784652
307.328438
308.034433
308.768293
305.533228
306.271181
303.442912
302.141370
301.353907
302.563554
301.873566
301.218173
301.156232
301.447805
301.256086
300.137735
300.081560
301.819125
300.454570
301.300430
300.883335
301.533670
303.375354
303.981659
302.544825
303.988268
307.824359
306.754328
307.533473
307.783698
309.220481
305.410897
308.157955
306.217565
308.049275
307.014377
303.012774
301.983120
301.550274
302.135198
301.615856
300.924520
301.721102
301.279596
301.391434
300.775135
300.022995
300.077001
300.644729
300.238017
301.589635
301.389249
303.496504
301.555457
302.302514
304.149956
305.291513
303.092829
305.193613
307.838549
307.491387
306.934732
307.519257
307.050843
307.762948
307.439760
305.565608
307.361766
306.706654
301.969978
304.070314
301.017699
300.771985
300.910870
301.990902
302.552414
300.494846
300.021547
300.063748
301.405969
300.288393
301.914262
300.653560
301.653553
302.043269
304.589678
301.900450
302.628265
304.475151
308.770742
304.071001
305.709805
306.626005
307.474041
307.849019
307.167619
305.117388
305.696461
304.049983
304.086032
303.843416
301.619994
301.986183
304.797750
301.330296
300.691901
304.025247
302.009952
300.030232
300.082259
300.165962
300.267645
302.424894
300.952250
302.706207
301.082749
301.501522
302.273185
304.033331
302.168393
304.012014
304.651119
307.443801
304.903614
305.543661
305.735192
304.821419
307.008928
305.357753
305.209668
304.804570
304.346475
301.894200
301.168497
302.157329
302.812746
302.034187
300.802070
300.476303
300.038926
300.113811
302.133101
300.599432
303.917437
300.768048
301.039964
302.635034
304.095073
302.136963
301.691106
302.976469
306.172392
304.119660
304.472075
304.853427
306.194854
304.723011
304.690153
304.573764
303.992928
305.322414
304.780026
303.435111
302.387924
304.565012
301.224731
301.577344
300.785629
302.664180
301.488371
300.038335
300.110865
300.693855
301.057121
301.867409
303.532745
305.502738
301.143103
301.170498
302.357541
303.175458
302.111461
302.542782
303.963670
304.470787
304.309310
302.944248
305.789952
304.677784
304.100524
303.714817
303.858452
304.753942
305.451110
302.436838
301.190341
301.100480
301.760197
301.456387
303.460289
303.158855
300.025377
300.068955
300.202054
300.212849
302.076482
301.876277
305.290598
305.316539
303.907434
301.214724
301.263299
301.899582
302.817308
301.479422
304.382791
302.933022
303.481928
303.153868
302.755715
304.211057
303.262588
303.791871
302.316946
304.074027
303.927239
301.500811
301.303174
304.008377
301.814654
300.833472
300.655732
300.014119
300.037406
300.079022
300.178368
300.221721
300.422831
304.081851
301.708279
302.262916
303.344106
303.776912
301.399219
302.805700
306.474602
304.061764
301.445208
301.791625
303.720410
302.765955
302.114521
302.132876
304.028233
304.078348
302.370879
307.749686
303.142603
302.204197
301.072334
302.047672
303.100598
300.590956
300.010027
300.026244
300.104860
300.712476
300.427156
300.531456
300.522188
302.025174
305.471460
304.115944
305.311487
305.792074
306.366367
301.364247
301.372360
302.375181
304.321855
301.556196
301.842475
302.196218
303.871227
302.811500
301.780905
303.319219
304.267489
301.718443
302.727292
301.438435
301.530736
300.949448
302.508641
300.006506
300.017959
300.038149
300.058519
300.172545
300.183785
303.542293
300.839233
300.795758
302.898867
303.978089
303.863537
303.168288
303.553496
304.612399
302.067171
301.293058
303.037310
304.940239
301.999194
302.494673
302.387067
303.466437
301.631164
302.528086
303.723965
302.040668
302.430418
305.033624
302.002173
301.584669
300.004558
300.011540
300.023891
300.044705
300.127224
300.187645
300.587321
300.337202
301.895029
301.613018
301.357065
301.519403
303.694666
302.057957
301.034861
301.359423
303.890967
303.654207
301.541445
304.611376
305.238572
302.743058
302.948926
304.011941
301.532870
301.669170
303.401549
302.045365
302.362368
307.262016
301.117920
300.007127
300.019358
300.172739
300.073208
300.114557
300.209611
302.237816
302.176610
300.576034
300.467369
302.499776
302.980800
300.810968
300.973264
303.065048
302.888006
301.112564
301.899874
305.521910
302.897646
303.597638
304.141257
303.519934
302.837003
301.714453
306.659491
302.481019
302.613223
301.494604
303.286838
301.999592
300.014075
300.038457
300.074774
300.116079
300.690432
300.289069
300.390671
300.637241
300.397359
301.859822
300.678283
301.856598
300.820963
304.382029
300.891337
300.843890
302.956473
301.455025
302.334710
303.152665
302.938212
302.591761
304.997573
303.408053
301.615830
302.483949
303.204159
304.249653
302.134987
300.892702
302.007409
300.018851
300.055260
300.455608
300.202837
300.293020
300.574955
300.811624
306.264720
300.726649
301.172042
300.563585
305.882358
300.552417
300.660884
300.760441
303.828408
300.993031
301.176350
302.533016
306.023207
304.607843
302.490134
303.598604
305.546080
304.223322
301.603053
303.642002
301.988194
301.274551
301.707727
300.496013
300.016733
300.052308
300.121130
300.214158
300.803376
302.607858
300.637585
300.854545
301.003626
304.169704
302.143158
301.547154
300.614651
301.453242
301.744037
301.740372
301.579448
302.287106
306.166881
302.004880
304.286921
307.051826
302.643204
302.768760
301.435417
302.697590
303.822730
301.221010
300.760271
300.606009
300.198775
300.014099
300.075688
300.123945
301.047397
300.371527
300.505856
300.764601
303.724970
301.757895
300.995562
301.068361
300.868124
304.241479
301.611755
302.945167
309.036219
301.834900
305.658908
304.601442
308.278888
302.039602
301.896034
303.661845
302.667718
301.067317
302.141567
303.682412
301.353092
300.664054
300.270030
300.142322
300.015795
300.070692
300.242154
300.203055
300.340787
302.480798
300.532619
300.642959
300.855099
306.066145
307.288516
301.987435
303.950975
303.949207
303.959574
301.236093
305.291005
302.815797
302.242139
302.839580
303.654179
302.387468
301.437829
301.489655
301.643679
300.959795
300.777974
300.764721
300.670061
300.291700
300.093838
300.016627
300.058151
301.092412
300.720239
300.319395
300.407431
300.489791
302.622683
304.607116
300.947060
304.082596
301.590823
301.054806
304.458517
303.041372
303.752615
306.109885
302.793881
304.933134
304.072408
305.596748
301.644977
302.030796
301.885486
301.748035
301.535739
301.636409
301.235177
300.471793
300.720460
300.104939
300.014633
300.049813
300.121792
300.206301
301.216438
301.167220
302.724476
300.566694
300.933259
301.171730
301.072060
301.030682
303.082624
301.372549
301.551825
301.027241
300.932924
300.924840
302.243482
301.140397
301.160690
302.257057
303.860626
301.341548
301.998333
301.865515
300.954572
300.841764
301.199892
300.556323
300.120602
300.016095
300.049044
300.114317
300.619834
301.214437
300.686810
300.821870
301.157943
301.547517
300.612548
300.594363
300.791898
301.120278
303.287129
301.274885
300.804292
301.870966
300.484047
300.730518
302.542111
301.478524
300.873571
301.587382
302.920789
302.033698
300.946313
300.948849
301.760612
300.902300
300.319697
300.124767
300.018108
300.055686
300.504259
300.878025
300.497447
303.615408
304.321052
301.084620
300.936751
301.494961
300.831098
300.707463
300.881372
301.247715
300.837358
300.719567
300.485660
300.646971
300.921751
300.625604
300.631543
301.119609
301.154738
302.694214
301.714780
301.563006
300.832683
301.080853
300.775338
300.356109
300.110858
300.014506
300.042932
300.126333
300.226929
302.110404
302.234522
301.034446
303.632043
302.403105
301.245641
301.214170
301.248965
300.757800
301.602157
301.067792
300.962430
300.345964
300.266244
300.273268
300.366051
301.336284
300.922474
300.636142
300.680734
305.127186
303.653248
300.604243
300.479840
300.589234
300.405067
300.094300
300.009618
300.028799
300.073759
300.206820
300.379091
300.510171
302.391988
302.102604
302.500350
302.755173
302.179509
301.076488
300.896003
301.459106
301.221409
300.489729
300.309952
300.313058
300.210552
300.326810
300.527326
300.534397
300.794742
301.319066
300.679873
302.889570
300.852187
302.128811
300.915732
300.218354
300.076712
300.008064
300.030912
300.100242
300.147908
300.235504
301.429378
301.381613
301.092733
304.502192
302.122165
301.410612
301.812257
301.331246
301.025839
300.716045
300.577428
300.404984
302.197064
300.223628
300.283787
300.357224
302.896132
301.447117
300.536968
300.670652
303.777028
300.535298
300.445185
300.230997
300.776319
300.114875
300.009325
300.033825
300.088296
300.778725
300.245537
300.335891
300.655041
302.765895
302.745305
301.769459
302.835942
301.991736
301.482019
302.993713
301.218275
301.172143
300.646548
300.473406
300.415543
300.357011
300.570511
300.445150
300.434879
302.110003
301.082110
300.465642
300.405669
302.236799
300.421916
300.762009
300.050931
300.005538
300.023685
300.066760
300.124778
300.181560
300.869966
300.498116
300.715121
301.277306
302.180421
301.703042
301.405773
303.029816
302.600992
302.035629
301.704879
302.616434
303.068655
302.960810
300.334460
300.237063
300.284707
301.142046
300.402524
300.405448
301.495021
302.934858
300.541645
300.158575
300.475072
300.039816
300.003490
300.011779
300.030896
300.060692
300.134892
300.222829
300.338997
301.117669
300.687986
300.830082
301.079896
302.164132
302.240755
303.864754
304.801690
304.217281
301.959620
300.950452
301.095660
300.951734
300.399527
300.172682
300.244785
300.451996
300.938572
300.364623
300.342429
300.664577
301.174463
300.228305
300.038336
300.001986
300.005868
300.016533
300.046690
300.079235
300.121922
300.480247
300.396361
300.476017
301.045548
300.751464
300.995111
301.338488
302.916992
302.540636
305.476708
302.273268
302.830103
301.655342
300.980322
300.273749
300.149870
300.313763
300.682956
300.289849
300.296808
301.283564
300.359085
300.193474
300.110771
300.046035
300.001448
300.005275
300.018453
300.039135
300.168822
300.116506
300.163570
300.242250
301.114519
300.535734
300.616781
301.889624
302.017536
302.006291
301.580720
303.036140
301.208881
300.985195
300.796085
301.523806
300.308047
300.315238
300.116884
300.149026
300.463109
300.749468
300.221271
300.217415
300.815496
300.139429
300.047490
300.001032
300.003467
300.011661
300.081554
300.073500
300.094461
300.472198
300.629566
300.386642
300.493489
301.339761
301.181083
301.238895
303.616882
302.813447
302.933143
301.038151
302.630588
302.186983
300.659166
300.542627
300.234117
300.103184
300.765859
300.121042
300.118925
300.437544
300.202891
300.119265
300.076602
300.032550
300.000584
300.002154
300.008455
300.023921
300.052389
300.785782
300.170154
300.231563
301.086202
301.328095
301.150700
300.812787
302.417932
301.851106
305.075661
301.833177
301.505709
301.531635
302.052499
301.419618
300.931016
301.777378
300.121021
300.080150
300.071578
300.588593
300.062515
300.056233
300.051926
300.037046
300.014088
300.000284
300.000930
300.002561
300.010908
300.116085
300.085650
300.134740
302.134606
302.791421
300.726665
301.329943
301.798067
301.443556
302.163437
303.533838
303.845307
301.290506
301.034020
302.098479
300.907118
300.640765
300.377087
300.267549
300.261673
300.049609
300.039615
300.036262
301.394662
300.060505
300.013870
300.005601
300.000106
300.000331
300.001145
300.005424
300.014994
300.045080
301.274773
301.038642
300.299357
303.141862
304.511515
300.586201
300.820413
301.603885
300.998228
301.058694
302.859167
302.085814
303.247541
301.640763
302.782964
302.650025
301.598125
300.576086
300.208845
300.032653
300.023175
300.026312
300.025943
300.015131
300.004487
300.000036
300.000110
300.000358
300.001097
300.010236
300.029368
300.060997
300.127662
301.542387
300.405181
300.481843
301.511267
301.885169
300.753338
300.978847
302.704579
301.794246
303.057183
302.286523
303.825175
301.158922
302.122039
300.499504
300.308042
300.122853
300.033609
300.019356
300.179878
300.313051
300.016659
300.005400
300.000012
300.000037
300.000139
300.000574
300.002671
300.007420
300.036653
300.096885
300.160157
300.315214
302.506544
300.523648
300.603228
302.207555
303.546599
301.002093
301.521035
302.256950
303.394466
302.068887
302.193956
305.643965
303.230316
303.435928
300.395594
300.085960
300.030067
300.018069
300.120574
300.012351
300.004126
300.000011
300.000028
300.000069
300.000211
300.001041
300.005234
300.021249
300.047029
300.380010
300.218115
300.730697
301.525066
300.973399
300.785441
300.947376
303.419117
301.684147
302.890389
301.136272
303.105960
305.460247
305.888549
304.189994
300.624431
300.312780
300.788291
300.043758
300.018626
300.575319
300.007131
300.002100
300.000062
300.000178
300.000309
300.000286
300.000634
300.001921
300.009632
300.051263
300.248242
300.156044
300.384206
301.824853
300.741100
301.838751
301.985863
303.007759
302.007660
302.909041
301.710297
302.007292
304.848419
306.056386
303.111716
302.407178
300.859110
300.391001
300.074034
300.080532
300.010174
300.003849
300.000929
300.000182
300.000571
300.000863
300.000686
300.000513
300.001504
300.008096
300.024591
300.070818
301.103611
300.947216
300.538785
302.729142
303.142442
300.875623
301.290354
302.811944
301.369313
301.179630
302.470098
304.676804
303.480590
303.524970
303.292128
301.313493
300.293981
300.099762
300.024767
300.011514
300.003172
300.000715
300.000266
300.000884
300.020762
300.001206
300.000858
300.001811
300.002523
300.018446
300.068844
300.125145
300.230054
301.101181
300.593220
300.862662
302.817914
303.234496
300.985577
300.989300
302.335473
302.021017
303.407910
303.801029
302.653811
301.161483
301.594237
300.383986
300.140329
300.049821
300.011446
300.003624
300.000903
300.000185
300.000691
300.001382
300.002323
300.004911
300.008086
300.020438
300.012951
300.030940
300.482344
300.193440
300.298831
300.406508
301.613862
300.901920
301.439871
303.886179
302.177933
301.056466
303.441670
302.067357
302.331430
303.557584
301.909009
300.991629
300.510390
300.205172
300.074121
300.026799
300.006814
300.001815
300.000073
300.000386
300.001168
300.043948
300.014486
300.020879
300.022846
300.021760
300.148488
300.060592
300.115909
300.861915
301.083974
301.426167
300.800034
307.331358
303.337766
301.074441
301.100177
303.715846
301.536821
303.521521
303.328382
302.007362
303.377024
301.273637
300.649064
300.134020
300.038840
300.010779
300.003117
300.000035
300.000248
300.000964
300.006244
300.018804
300.486664
300.045244
300.040976
300.038619
300.039460
300.085977
300.182991
300.292008
301.280953
301.358836
302.077898
302.751967
303.005601
302.638445
300.976767
301.477512
301.675983
301.718751
301.421460
302.178024
301.178771
300.380083
300.430145
300.056084
300.159655
300.004576
300.000045
300.000222
300.001078
300.005292
300.018165
300.033101
300.051388
300.348576
300.061025
300.106068
300.054916
300.103492
300.461609
300.833513
300.735291
302.157085
308.416238
303.674751
302.167955
302.050637
301.113668
300.865863
301.183712
304.326250
300.964544
301.515370
300.862660
300.393762
300.064607
300.023684
300.006528
300.000052
300.000255
300.001278
300.005820
300.014043
300.046095
300.068675
300.086951
300.095338
300.122711
300.061758
300.101946
300.173103
300.470214
303.543959
301.325837
301.227050
301.741755
303.992424
302.901241
301.520981
301.293431
301.310554
300.999476
303.490796
304.374691
300.829434
300.215513
302.480144
300.029255
300.007614
300.000062
300.000358
300.001775
300.005342
300.043914
300.034097
300.059775
300.152840
300.951050
300.119845
300.088010
300.076797
300.083866
300.182861
300.385488
300.455776
301.201891
305.453741
303.302846
301.595200
302.790124
301.038827
301.242480
301.054712
301.149222
300.449801
301.387316
300.158714
300.060414
300.025760
300.007202
300.000048
300.000204
300.001132
300.004333
300.015459
300.032254
300.392372
300.091433
300.113637
300.179256
300.785593
300.069026
300.056250
300.067651
300.154007
301.068633
300.785002
304.261645
302.158136
303.827728
301.757219
301.653570
301.890572
300.601359
300.488112
302.114678
301.828394
300.140004
300.066715
300.031430
300.007611
300.000029
300.000135
300.000643
300.002060
300.007077
300.025182
300.056489
300.074691
300.190379
300.113968
300.109247
300.078555
300.041576
300.051670
300.840439
300.469999
300.927018
306.061486
300.965859
301.861449
302.603506
303.010898
301.098308
301.100732
301.079985
300.370000
300.309199
300.181352
300.219384
300.030965
300.010597
300.000022
300.000084
300.000260
300.000841
300.004538
300.016872
300.035279
300.515929
300.085818
300.106159
300.313670
300.131549
300.060547
300.053432
300.064386
300.167676
300.412588
300.804812
302.638996
302.458522
306.607080
301.721599
301.739174
301.509915
300.532070
300.582196
302.164335
300.211250
300.121072
300.049338
300.015502
300.000018
300.000067
300.005550
300.000508
300.001324
300.006511
300.023228
300.045503
300.060494
300.553571
300.138764
300.140911
300.124655
300.558884
300.051978
300.091124
300.186675
300.367343
304.047015
300.882296
302.560089
304.667939
301.796968
301.047360
300.660063
301.191380
300.402135
300.306015
301.538337
300.066954
300.020048
300.000010
300.000040
300.000094
300.000246
300.002157
300.003895
300.008477
300.017804
300.051511
300.088156
300.126822
300.970701
300.144234
300.106997
300.065585
300.040382
300.094660
301.372680
301.940978
301.054301
303.367952
305.146755
302.726278
303.360137
302.423291
301.082317
303.215536
300.690650
300.170531
300.081678
300.028609
300.000003
300.000013
300.000040
300.000279
300.001162
300.002734
300.010752
300.013747
300.023409
300.049643
300.390171
300.153402
300.165706
300.433033
300.086741
300.112069
300.071215
300.107051
300.225692
303.487625
302.659667
301.021926
304.339011
302.188756
300.790476
300.492806
300.554303
300.272207
300.198279
300.105392
300.039210
300.000001
300.000005
300.000052
300.000340
300.001251
300.079626
300.013462
300.019919
300.042510
300.034728
300.063760
300.087973
300.581405
300.160479
300.196517
300.101088
300.042341
300.826008
300.123772
300.184619
300.352056
301.351751
300.877582
300.764527
303.444337
300.504053
300.730918
300.277711
301.006826
300.118719
300.048086
300.000001
300.000004
300.000021
300.000222
300.001363
300.006009
300.015570
300.496186
300.033632
300.034228
300.037528
300.070079
300.115915
300.154406
301.128917
300.104348
300.049504
300.030565
300.041750
300.077143
301.096780
300.578232
300.397905
302.320157
301.693652
301.004329
301.847069
300.269559
300.219802
300.093639
300.036664
300.000001
300.000004
300.000020
300.000142
300.000554
300.002921
300.011834
300.023675
300.032579
300.248044
300.040314
300.044697
300.072876
300.629417
300.131258
300.344286
300.224340
300.036536
300.367397
300.039495
300.062104
300.192299
300.708846
300.471205
301.088966
304.601244
300.544857
300.324720
300.154982
300.065367
300.019910
300.000001
300.000006
300.000025
300.000094
300.000326
300.001791
300.004559
300.009337
300.027511
300.045019
300.050606
300.174267
300.057260
300.076819
300.067322
300.061934
300.051532
300.054335
300.048167
300.030799
300.042257
300.070304
300.145044
300.663606
301.947284
300.752307
302.468140
301.965849
300.352299
300.063088
300.015290
300.000002
300.000009
300.000035
300.000164
300.000534
300.000906
300.001811
300.006570
300.016980
300.035306
300.505997
300.057517
300.055069
300.049615
300.177473
300.037448
300.050081
300.607678
300.067939
300.035742
300.026361
300.039597
300.190677
300.371410
300.305502
300.346685
301.224341
301.034633
300.171140
300.071238
300.019364
300.000002
300.000011
300.000054
300.000206
300.000566
300.003737
300.002724
300.005140
300.015125
300.034987
300.047103
300.052074
300.712602
300.050852
300.052709
300.249472
300.051543
300.082552
300.451911
300.063353
300.030322
300.604064
300.068278
300.107234
300.446536
301.326621
300.215892
300.466290
300.929194
300.061683
300.018523
300.000002
300.000009
300.000038
300.000184
300.000622
300.001536
300.003647
300.016365
300.028749
300.039857
300.038779
300.062903
300.045488
300.053343
300.247839
300.058073
300.057519
300.068619
300.459963
300.052548
300.032388
300.034322
300.048587
301.170508
300.109094
300.882705
300.562021
300.105978
300.655330
300.038925
300.012539
300.000002
300.000007
300.000031
300.000121
300.000441
300.001621
300.007289
300.023162
300.043509
300.521851
300.043039
300.028428
300.029275
300.436757
300.098391
300.116301
300.127703
300.082201
300.049856
300.044769
300.066503
300.048013
300.043802
300.045323
300.062553
300.144299
300.073414
300.054629
300.033504
300.018094
300.005041
300.000001
300.000004
300.000020
300.000097
300.000442
300.002078
300.007803
300.022861
300.137397
300.060264
300.053112
300.036223
300.026911
300.053994
300.098609
301.420484
300.439844
300.075144
300.155706
300.041092
300.063085
300.854322
300.139336
300.023743
300.020958
300.024772
300.032538
300.147121
300.022207
300.006862
300.001917
300.000001
300.000003
300.000015
300.000075
300.000303
300.001198
300.005183
300.017740
300.033535
300.043587
300.229876
300.038077
300.033775
300.050328
300.102161
300.144826
300.138276
300.112767
300.059477
300.061986
300.072126
300.370350
300.042358
300.016595
300.005952
300.007861
300.013843
300.015662
300.013955
300.006681
300.001667
300.000001
300.000003
300.000011
300.000046
300.000200
300.000821
300.003045
300.006193
300.013241
300.028654
300.038048
300.041559
300.075145
300.077205
300.100988
300.120356
300.541301
300.102156
300.092342
300.607499
300.075661
300.054838
300.034254
300.011256
300.002582
300.002720
300.004079
300.010365
300.384434
300.007204
300.002013
300.000001
300.000003
300.000013
300.000053
300.000184
300.000466
300.001096
300.002967
300.006857
300.013080
300.026215
300.093302
300.068154
300.147593
300.309024
300.112353
300.104510
300.096551
300.321324
300.097846
300.084689
300.067864
300.022087
300.007488
300.003606
300.001762
300.002572
300.005162
300.007470
300.004496
300.001354
300.000001
300.000006
300.000026
300.000083
300.000288
300.000920
300.001583
300.003336
300.004139
300.011156
300.025850
300.041596
300.060564
300.234266
300.099989
300.098555
300.235352
300.079848
300.079071
300.084296
300.658611
300.059229
300.037376
300.019829
300.008729
300.005258
300.002503
300.001895
300.002388
300.001425
300.000450
300.000002
300.000009
300.000039
300.000198
300.000775
300.002332
300.006542
300.010644
300.009088
300.012324
300.024150
300.140840
300.045579
300.053166
300.058547
300.179311
300.080791
300.082727
300.077758
300.082176
300.093787
300.092431
300.127401
300.032856
300.025258
300.014701
300.005195
300.001230
300.000585
300.000152
300.000059
300.000003
300.000014
300.000074
300.000279
300.001125
300.007061
300.020525
300.026733
300.021419
300.013462
300.018124
300.023464
300.024619
300.022152
300.035232
300.048719
300.067067
300.605230
300.102451
300.102284
300.103691
300.704726
300.070568
300.052051
300.222884
300.023970
300.009105
300.003329
300.000658
300.000150
300.000034
300.000004
300.000015
300.000069
300.000383
300.002176
300.008834
300.024964
300.386411
300.025723
300.011731
300.008199
300.009937
300.009893
300.011319
300.016735
300.032851
300.067306
300.101480
300.122249
300.599594
300.108115
300.083200
300.059987
300.308629
300.040699
300.032925
300.018335
300.004444
300.001183
300.000328
300.000053
300.000003
300.000015
300.000071
300.000350
300.001212
300.006184
300.018840
300.027253
300.021638
300.009612
300.003726
300.004834
300.004904
300.008371
300.020380
300.046018
300.071864
300.094119
300.454129
300.129767
300.115737
300.078032
300.044768
300.034362
300.034519
300.236518
300.018618
300.010951
300.003293
300.000722
300.000085
300.000003
300.000013
300.000057
300.000215
300.000829
300.003682
300.008050
300.012151
300.011863
300.007428
300.004841
300.003546
300.005670
300.056126
300.025092
300.054996
300.487403
300.092770
300.095153
300.104201
300.876943
300.080762
300.062245
300.046796
300.078683
300.032067
300.026493
300.209474
300.004932
300.001455
300.000333
300.000002
300.000010
300.000041
300.000194
300.000752
300.001756
300.005798
300.013868
300.017805
300.017479
300.009316
300.005450
300.005187
300.008157
300.021559
300.061195
300.084081
300.083997
300.071478
300.073628
300.077247
300.077278
300.784345
300.061148
300.057108
300.040837
300.170867
300.014493
300.007877
300.002936
300.000686
300.000002
300.000010
300.000048
300.000154
300.000612
300.002618
300.008576
300.018640
300.103047
300.035000
300.026982
300.013388
300.008079
300.006602
300.015013
300.033622
300.058898
300.310342
300.064094
300.049215
300.044176
300.055714
300.065717
300.071926
300.593577
300.042864
300.022755
300.012524
300.289981
300.003387
300.000965
300.000002
300.000009
300.000036
300.000174
300.000782
300.002511
300.008591
300.040856
300.058545
300.072438
300.051282
300.022295
300.009443
300.006600
300.008574
300.021301
300.048952
300.105891
300.074405
300.055287
300.047944
300.053190
300.055390
300.256543
300.054911
300.038837
300.020480
300.006476
300.004172
300.002165
300.000653
300.000002
300.000009
300.000040
300.000182
300.000631
300.003151
300.009231
300.030047
300.059328
300.384558
300.068987
300.031640
300.016971
300.011302
300.010946
300.014478
300.028025
300.055204
300.508665
300.066200
300.066520
300.624651
300.057107
300.041828
300.034525
300.487072
300.010438
300.004475
300.001827
300.000834
300.000243
300.000002
300.000009
300.000039
300.000135
300.000592
300.002714
300.006120
300.018092
300.045796
300.064758
300.051824
300.032288
300.021870
300.022541
300.019453
300.014028
300.018957
300.034010
300.048386
300.054452
300.150821
300.074706
300.067919
300.045342
300.026321
300.016111
300.010435
300.012071
300.001853
300.001130
300.000361
300.000002
300.000008
300.000033
300.000158
300.000596
300.001431
300.007063
300.014794
300.022795
300.029210
300.028572
300.024237
300.027441
300.101067
300.033506
300.021301
300.014524
300.016448
300.019360
300.032341
300.046427
300.060251
300.489336
300.051759
300.042048
300.025316
300.010483
300.005918
300.005486
300.003288
300.001056
300.000002
300.000010
300.000045
300.000127
300.000458
300.001950
300.005331
300.008972
300.041565
300.020928
300.023844
300.027597
300.036301
300.051174
300.053976
300.036053
300.017312
300.008289
300.009191
300.013022
300.026829
300.200096
300.054673
300.054244
300.530765
300.029116
300.019983
300.010824
300.261163
300.004973
300.001599
300.000003
300.000011
300.000044
300.000182
300.000668
300.001516
300.004321
300.054873
300.014854
300.022529
300.125802
300.042526
300.048403
300.059075
300.187432
300.043480
300.019154
300.009163
300.005509
300.009612
300.019510
300.029638
300.030936
300.038120
300.036562
300.030114
300.495158
300.010613
300.007333
300.003579
300.001108
300.000003
300.000013
300.000063
300.000242
300.000587
300.002791
300.003629
300.007006
300.012623
300.061379
300.054258
300.067955
300.093145
300.062034
300.055406
300.041467
300.021194
300.009598
300.006805
300.008270
300.015715
300.061163
300.021684
300.017299
300.018201
300.080383
300.012322
300.007380
300.002837
300.001178
300.000371
300.000003
300.000014
300.000063
300.000212
300.002729
300.001668
300.002891
300.007644
300.016448
300.033254
300.056158
300.359589
300.079382
300.067383
300.054839
300.034581
300.024235
300.020214
300.012677
300.008628
300.012189
300.017549
300.017980
300.107164
300.012882
300.009522
300.006374
300.009321
300.000829
300.000150
300.000054
300.000002
300.000009
300.000044
300.000179
300.000519
300.001086
300.005678
300.012571
300.019608
300.045063
300.054454
300.071335
300.074962
300.238177
300.061707
300.053945
300.039822
300.184652
300.017136
300.008845
300.008011
300.012181
300.044493
300.018650
300.018806
300.012823
300.003824
300.000920
300.000316
300.000074
300.000017
300.000002
300.000008
300.000038
300.000116
300.000391
300.001664
300.005671
300.012174
300.139639
300.039677
300.045984
300.056453
300.070329
300.086183
300.091185
300.134120
300.049807
300.034236
300.021311
300.010261
300.006378
300.008349
300.012577
300.018340
300.292824
300.014081
300.007414
300.001435
300.000207
300.000042
300.000007
300.000002
300.000008
300.000033
300.000140
300.000607
300.001449
300.005024
300.016342
300.032521
300.043981
300.087178
300.071270
300.084404
300.095286
300.530724
300.102450
300.065545
300.061822
300.027842
300.018523
300.008433
300.005376
300.007027
300.014286
300.022341
300.019069
300.009706
300.002081
300.000315
300.000053
300.000008
300.000002
300.000010
300.000047
300.000191
300.000737
300.002656
300.007995
300.015746
300.034338
300.234019
300.072528
300.092665
300.297000
300.097295
300.086744
300.076168
300.402509
300.062641
300.056166
300.039419
300.015114
300.004982
300.003745
300.005776
300.013089
300.317961
300.009811
300.003264
300.000453
300.000056
300.000006
300.000002
300.000012
300.000055
300.000237
300.001319
300.004939
300.009655
300.029429
300.043995
300.062543
300.071539
300.239078
300.098319
300.092110
300.074845
300.060585
300.060830
300.067636
300.304025
300.047292
300.026041
300.009221
300.002910
300.003071
300.006134
300.009464
300.006707
300.003112
300.000215
300.000044
300.000006
300.000002
300.000010
300.000054
300.000352
300.001678
300.004798
300.064190
300.035253
300.046366
300.202430
300.067547
300.068230
300.074199
300.334197
300.074877
300.069045
300.065311
300.069954
300.073801
300.064860
300.037119
300.011550
300.004624
300.002056
300.002248
300.002735
300.001823
300.000645
300.000118
300.000027
300.000003
300.000002
300.000010
300.000058
300.000181
300.000996
300.003933
300.009423
300.015852
300.052997
300.060759
300.061376
300.055035
300.060975
300.069527
300.075556
300.186165
300.080891
300.080316
300.075992
300.224610
300.038866
300.024514
300.010312
300.003198
300.000690
300.000370
300.000241
300.000121
300.000039
300.000010
300.000002
300.000001
300.000006
300.000026
300.000126
300.000658
300.001579
300.004051
300.011794
300.024914
300.037300
300.181012
300.052898
300.051300
300.055693
300.250596
300.085477
300.095216
300.201068
300.083987
300.068728
300.047919
300.318804
300.013461
300.004749
300.001696
300.000523
300.000178
300.000058
300.000024
300.000006
300.000002
300.000001
300.000004
300.000019
300.000071
300.000237
300.000995
300.003084
300.005617
300.012936
300.058415
300.039253
300.047030
300.134142
300.057003
300.063837
300.078448
300.410181
300.113537
300.110084
300.124064
300.046540
300.028398
300.016882
300.007193
300.002253
300.001044
300.000408
300.000126
300.000032
300.000008
300.000002
300.000001
300.000002
300.000010
300.000048
300.000269
300.000928
300.002415
300.014487
300.009956
300.016268
300.023099
300.078151
300.046428
300.056858
300.148432
300.084255
300.097157
300.109224
300.501713
300.112515
300.058805
300.038663
300.021631
300.015299
300.006804
300.002739
300.000677
300.000212
300.000056
300.000015
300.000004
300.000000
300.000001
300.000008
300.000044
300.000186
300.000724
300.008934
300.005398
300.007585
300.025511
300.017268
300.024593
300.034629
300.236838
300.077446
300.089681
300.157223
300.094576
300.090859
300.076097
300.123922
300.048653
300.048260
300.030749
300.012288
300.003702
300.001479
300.000379
300.000103
300.000024
300.000007
300.000000
300.000001
300.000005
300.000021
300.000112
300.000466
300.001224
300.002193
300.005106
300.009441
300.013130
300.035193
300.037421
300.053534
300.068901
300.242190
300.093090
300.082954
300.069454
300.065075
300.057470
300.063121
300.303347
300.045743
300.026082
300.008368
300.002003
300.000543
300.000141
300.000041
300.000011
300.000000
300.000001
300.000003
300.000013
300.000069
300.000172
300.000481
300.001374
300.002727
300.004816
300.012679
300.026274
300.038442
300.102509
300.073084
300.082132
300.085598
300.128680
300.067827
300.065509
300.092243
300.082178
300.079250
300.069902
300.032678
300.010652
300.002750
300.000903
300.000255
300.000072
300.000023
300.000000
300.000000
300.000002
300.000006
300.000021
300.000133
300.000457
300.000881
300.002148
300.005479
300.011510
300.178661
300.259579
300.062889
300.072173
300.076964
300.274884
300.070921
300.069344
300.137329
300.091366
300.103090
300.097650
300.627975
300.042243
300.017933
300.005090
300.001366
300.000419
300.000145
300.000050
300.000000
300.000000
300.000001
300.000004
300.000028
300.000106
300.000391
300.020754
300.003894
300.007180
300.015076
300.027314
300.040870
300.056073
300.188514
300.074610
300.069343
300.062468
300.073354
300.086478
300.107391
300.296526
300.112126
300.085277
300.054921
300.033094
300.006200
300.002476
300.000958
300.000317
300.000109
300.000000
300.000000
300.000001
300.000003
300.000012
300.000094
300.000455
300.001807
300.004739
300.158256
300.027470
300.036513
300.040477
300.074718
300.086139
300.063970
300.114216
300.058010
300.060568
300.072860
300.253392
300.129314
300.126836
300.150181
300.051373
300.024684
300.012230
300.004579
300.001617
300.000668
300.000232
300.000000
300.000000
300.000000
300.000003
300.000014
300.000086
300.000294
300.001300
300.005635
300.016809
300.029844
300.209622
300.045881
300.039377
300.038088
300.043189
300.049680
300.053865
300.107117
300.067017
300.081608
300.098703
300.283076
300.089120
300.063423
300.042778
300.016334
300.008273
300.003937
300.001270
300.000432
300.000000
300.000000
300.000001
300.000003
300.000020
300.000068
300.000356
300.002253
300.004981
300.013445
300.032082
300.047238
300.049282
300.068534
300.031631
300.028602
300.032815
300.070852
300.051648
300.053351
300.069122
300.080150
300.087977
300.080218
300.090442
300.035684
300.026832
300.014762
300.005851
300.001825
300.000611
300.000000
300.000000
300.000001
300.000003
300.000019
300.000135
300.000682
300.002120
300.009807
300.020515
300.028150
300.037181
300.181463
300.041252
300.035657
300.033488
300.025326
300.027665
300.045195
300.272725
300.063058
300.072441
300.072762
300.115455
300.046444
300.036636
300.062405
300.016047
300.007604
300.002371
300.000731
300.000000
300.000000
300.000001
300.000004
300.000030
300.000096
300.000698
300.005074
300.011742
300.119632
300.110347
300.028737
300.031115
300.032901
300.110972
300.025542
300.020147
300.019634
300.027582
300.041883
300.059131
300.198927
300.073767
300.062270
300.045185
300.028248
300.019819
300.013350
300.005174
300.001756
300.000577
300.000000
300.000000
300.000001
300.000003
300.000014
300.000111
300.000473
300.002278
300.007475
300.014647
300.017785
300.017505
300.019721
300.019314
300.020503
300.019429
300.037406
300.018436
300.022963
300.029562
300.231251
300.061257
300.064898
300.137696
300.039095
300.020921
300.012096
300.006153
300.003019
300.001056
300.000387
300.000000
300.000000
300.000000
300.000002
300.000015
300.000079
300.000290
300.003089
300.002909
300.005535
300.006764
300.041897
300.034129
300.008897
300.008093
300.009995
300.011872
300.016110
300.075321
300.022209
300.024835
300.029062
300.037847
300.039580
300.030313
300.015592
300.006462
300.002961
300.001422
300.000574
300.000210
300.000000
300.000000
300.000000
300.000001
300.000007
300.000035
300.000149
300.000353
300.000583
300.001000
300.002091
300.003214
300.003519
300.003352
300.002903
300.003433
300.005298
300.010882
300.013423
300.012572
300.009598
300.013138
300.015816
300.017761
300.027615
300.008323
300.004706
300.002221
300.000789
300.000294
300.000109
300.000000
300.000000
300.000000
300.000001
300.000003
300.000018
300.000041
300.000087
300.000174
300.000346
300.000575
300.000853
300.001169
300.000966
300.000956
300.001194
300.002675
300.003633
300.005061
300.004348
300.003765
300.003868
300.004967
300.007186
300.006287
300.005027
300.006687
300.001421
300.000695
300.000210
300.000068
300.000000
300.000000
300.000000
300.000000
300.000001
300.000003
300.000009
300.000028
300.000049
300.000115
300.000626
300.000201
300.000269
300.000230
300.001060
300.000403
300.000713
300.000911
300.001594
300.001067
300.001226
300.001552
300.002021
300.002056
300.002276
300.002035
300.001640
300.001013
300.000366
300.000121
300.000040
300.000000
300.000000
300.000000
300.000000
300.000000
300.000001
300.000003
300.000007
300.000026
300.000064
300.000097
300.000081
300.000074
300.000077
300.000127
300.000135
300.000225
300.000242
300.000363
300.000306
300.000404
300.000399
300.000572
300.000571
300.000822
300.000638
300.000617
300.000359
300.000191
300.000063
300.000023
300.000000
300.000000
300.000000
300.000000
300.000000
300.000000
300.000001
300.000003
300.000010
300.000020
300.000031
300.000027
300.000019
300.000024
300.000032
300.000040
300.000043
300.000063
300.000081
300.000085
300.000096
300.000121
300.000158
300.000175
300.000185
300.000196
300.000178
300.000114
300.000061
300.000027
300.000010
300.000000
300.000000
300.000000
300.000000
300.000000
300.000000
300.000000
300.000001
300.000003
300.000005
300.000006
300.000006
300.000005
300.000005
300.000006
300.000008
300.000010
300.000015
300.000016
300.000021
300.000024
300.000034
300.000037
300.000047
300.000054
300.000053
300.000044
300.000034
300.000019
300.000009
300.000004
300.000000
300.000000
300.000000
300.000000
300.000000
300.000000
300.000000
300.000000
300.000001
300.000001
300.000001
300.000002
300.000001
300.000001
300.000001
300.000002
300.000002
300.000003
300.000004
300.000005
300.000006
300.000008
300.000010
300.000012
300.000013
300.000014
300.000012
300.000009
300.000005
300.000003
300.000001

SCALARS Svm float 1
LOOKUP_TABLE default
305489688.351184
445035430.404517
446330315.298816
325893891.773362
200275639.657838
183331902.147673
279402302.456714
275879214.584308
116233465.874632
81905786.032031
156162602.111685
104036906.473226
108280267.027214
73598984.999531
95266877.624458
394766637.948617
620753026.183717
796664634.013144
889637741.802199
849662924.945822
647322757.428224
397746514.985450
424960795.683899
261550502.122848
484343640.229009
115062442.066120
964487469.404072
557559517.680032
859827631.470526
892747029.538119
450125984.677945
304696847.827260
168772399.771995
308959030.599153
220838888.127007
472797194.872919
490494122.424380
539055087.543161
123284211.555639
110943234.935611
55080954.344317
113510540.537208
273155733.228683
284790539.928583
396649171.535885
510110756.099152
447412215.773627
638934795.193618
231698374.838304
830138422.497407
738282496.799725
1097347093.660089
590816475.857907
1061060969.448545
1010118167.900420
1099978986.660130
659276511.968635
1150157050.922983
1189687403.089776
1247229654.177826
1184653191.762878
919541360.671925
116725256.318147
160753355.731906
600134910.213943
518232621.172246
150447021.866323
378003266.265857
202875909.785575
60053363.087416
497479988.864339
67660117.457716
396352746.452372
55060167.886615
294496836.857449
306016424.227958
545241743.605476
622605355.400621
584406548.724610
210839005.209950
869992602.657154
623950105.359729
1097029426.589704
465058355.512014
689421050.218957
1037529955.699953
1018961309.554753
1177603918.714793
1179889626.534526
1002911312.256758
1037337562.975244
1294706596.364335
1256565468.224540
296614601.056054
72043900.596080
419304506.758477
491619313.106866
295139597.036134
663595352.596480
525892039.501407
288772505.550272
107058227.042933
193524058.707704
199528777.640569
141090792.305688
239956816.017138
359761331.135088
532334854.637885
239221032.453013
512109642.886846
254139040.595706
804540716.147733
774021694.483787
915005810.104983
232127497.302167
605947974.178219
841204513.747913
1097970327.797393
416697209.954041
1141811117.213835
1146524852.961039
694279283.506706
1151604187.370163
625363488.436559
128244316.409780
449464883.401657
200359432.025821
453777424.200113
335472584.242897
361189357.661688
449158872.315603
210806075.273344
261109391.440026
745577460.224850
258620269.220473
609010043.632021
318862155.297046
279535948.718696
214489095.457972
228749202.712729
723058170.740494
828696489.418426
969660905.658263
1002254295.695622
1030268078.083717
259896443.591197
622682253.104001
1056844665.795237
1058611557.107330
1095181793.151430
639397856.746066
1203690264.612637
619122654.457669
679231138.449445
999380609.690605
253834162.619428
515714990.856330
395987025.614451
668321850.827219
418006921.676397
496467157.547633
227904672.264662
540472909.787381
523676791.259742
458845592.670084
469860701.874388
71752809.293706
368350855.627519
245639448.099979
535855564.993661
677775950.173371
883637116.392696
877441509.799515
960344442.651468
961290412.841759
1011717156.717564
561388694.546428
465811995.656148
532719867.798905
886261432.540744
1179369743.585357
516688407.632208
1146717129.512213
960968254.116640
1234982432.270964
590713331.252058
177700991.776721
415372434.724616
393784144.527200
594943300.601273
770564298.952730
811331036.221904
660467616.102574
284749294.301121
320338160.354112
336013782.899927
800245237.987029
481177918.889090
395511420.392214
644757410.493109
660630100.820313
652087226.125708
160000277.293547
900757403.980461
969319036.568943
999257965.213058
633747925.017412
527105120.673069
313302746.417267
835678476.047898
747874544.955218
647167901.876988
1179886708.922540
1197144196.909475
550432844.497271
1120325390.873690
491713933.155410
442441999.016930
595687580.248926
246038599.387158
639799159.359129
507731151.215791
542955308.042451
845990363.046277
951787140.157879
229418805.780954
309020691.099423
773890832.030794
298130919.169175
395027320.911074
787844129.807537
446794008.219223
947028955.423136
728777877.434632
790574712.711418
910930865.368694
321555436.584956
995218140.773638
265877530.243667
513261179.532098
554240587.918838
924943634.423841
469084609.667670
1026397312.098740
1009020655.485277
1130215259.002314
780081688.269987
991936436.237046
416406215.472867
340299939.302303
544343892.714374
281847484.925046
133837320.484179
126496580.994329
252794260.466069
453245791.170925
257191247.753195
540178408.017308
547149581.850391
762381168.947290
761636442.464023
518806514.734827
700624637.501230
848957881.449635
842880483.606787
961689112.693002
734335119.133109
416218187.033338
450103790.192297
466689487.335150
480500329.438268
616707494.677758
538790994.096997
905800382.994493
472569103.057758
564032867.088756
1148894494.374024
968757487.498931
536153307.537091
65673265.479121
365166067.116291
786719274.782575
568578401.197965
783677979.115523
247318249.357095
756926781.021269
660339198.335258
382583656.397104
524736600.524758
378334913.227454
821354334.355284
355202572.139542
564536044.728768
407330649.420824
965094824.565586
865700209.074457
339635208.591693
936095140.864856
1001859662.923860
680879416.658937
210616916.293119
501072881.788979
473110503.215649
497386110.201609
1031003086.041776
1022726714.932973
986305535.793923
559667141.077504
1099321772.136716
846633197.821203
443809829.711756
300224525.571304
420808773.810597
852254132.097644
460730256.391380
387452228.093636
416091774.506370
158561110.465859
581750132.080495
379181325.971900
436223687.506793
687059176.579935
944282075.392482
990839625.022334
639496768.305876
305181717.618311
699985553.127111
875498265.141246
759139621.358317
1020086743.222116
678284831.729560
454331963.628056
310680081.265020
487415250.384743
370507168.509900
768592670.619151
913111436.656811
1179880745.864910
1048233587.300561
295572563.524035
578085858.972756
156755574.002821
211472111.395190
139794841.814585
920466991.512187
764889813.786129
313921938.943038
638975542.564913
435371261.899787
506030220.183862
298702779.926895
441479181.093807
417049359.096262
982760255.119786
457251540.682680
687395193.703974
445790888.521170
245904957.264812
574999647.776876
1022804194.335150
1082328285.559966
473679645.195597
348745947.191339
339247312.617045
477305508.210632
505877467.793270
407839951.208579
334636416.931044
737247794.138678
657553411.706214
1121910823.554439
1086963673.251028
328341565.933704
354652423.255255
657309766.551148
595290197.094790
746241515.476580
691597540.465756
229212692.451556
526964537.071372
323997734.734733
499379494.005494
835003034.296601
778770271.863243
508516291.108210
337750741.519070
563073343.691239
522834378.994232
802708435.446159
621919623.226054
1117357145.257143
872267703.244697
1022164792.217365
508484281.325252
529138325.583845
366155971.411309
533471172.133008
496880446.472949
908715079.250457
672467512.344968
1131417590.156692
855919863.871732
1073367733.732692
184181691.865036
250063962.069291
183440810.463626
569981682.246884
831795824.987908
507458975.417907
493364315.137826
465508007.830694
457304618.138777
253925190.294708
353578564.033571
507243562.430087
268410164.747670
658659357.815012
786954588.298160
768408291.002760
1014353528.332242
561424111.567904
957672398.179791
335220133.957790
391993280.170866
441929541.692550
724366178.474341
694831167.183398
330598019.932640
494713272.374423
283042765.131101
675518368.412522
362136119.796058
1118501490.492256
1117643153.935193
398626760.122112
233447757.751019
186392335.887705
275754224.142970
877492846.173016
409097362.031419
585006628.804836
692195730.792352
564634260.979911
816856332.256394
211557947.354148
562954003.722241
925869520.625620
107346361.103806
394225000.345678
831654229.494408
1005323488.847403
489789412.189977
1077367613.434045
444320201.442509
924996456.060293
581563080.083145
508484835.545838
859079116.388856
763967897.104454
386475159.994997
459906989.436750
594272036.905262
955618752.534961
581595835.898916
1141505490.141040
231101364.249464
255988751.974501
386577496.367474
429084246.172427
587740454.741079
967949420.114238
195831825.354061
616139631.556626
732200496.872937
732382955.773950
761192032.352827
835151700.713601
678403646.331137
525255040.280885
1049126031.649013
1022949977.943743
1044467004.668844
386405134.504063
1049038690.566547
894156431.994567
953110935.833536
520352567.410466
678516763.860985
918763440.084391
1013403149.937729
412703021.575025
456324937.052009
504898200.766749
481829881.391628
950248553.116349
1068370470.397235
130160166.109187
86715604.062634
58332230.934705
229193028.086430
466072672.942864
578386131.206231
354045002.949307
917125462.550131
460381139.098283
642869963.561484
908228347.436883
524968545.881987
537007748.882704
868164939.598449
379417442.333830
515190923.588458
591522240.091695
763063168.240905
913738273.106757
1077390740.482627
867900520.620161
341545629.169162
351241958.592661
614099536.928696
933947399.356340
881534564.353042
596537756.977390
386269973.627875
558353222.124025
788344526.294544
1035647861.778810
337849365.071977
172784881.431658
343646246.051626
157455005.750667
367724385.187134
896725447.185566
446917797.295347
473928182.956008
353459419.238255
618674327.043586
491033305.594037
793788877.861495
379072351.810962
422148706.046426
232002936.222056
735837697.233590
85026198.306529
790034461.806676
642488410.451722
886887795.861124
862113884.112960
392154475.522211
272440104.189071
888877167.960211
715646701.521939
904896632.318545
775104253.072394
848147145.798260
468053432.411431
134258661.808990
940798174.177468
286148847.476455
268228991.746864
67582384.089586
299834664.607960
625986650.205645
927842851.547401
546469080.223589
668234890.066586
430493693.355726
714989775.566554
740837456.082312
405353298.452592
399328032.982690
643241604.248979
554244673.962854
969063859.448659
959270936.233721
943639941.112265
790303785.345043
957778779.879549
1123273138.828305
495091116.313872
421657522.680424
655551741.953134
808492730.720906
593532095.192132
1023593611.177452
650269724.721509
415061239.513470
613138547.219810
884415082.411528
120541965.902498
458659856.527564
405147403.540361
361942873.035884
172723529.962967
644269418.148503
641017555.823622
798622280.948000
694263974.625105
722983846.966101
378816218.784143
391305291.463090
1070245569.743605
604904886.645820
774631562.819454
346173300.209678
850385365.643893
290180209.253192
696753580.617749
866426547.634736
1138825487.110734
553286104.735852
413247978.963428
314270586.136526
399709317.557775
936990454.107647
834585127.168000
929775404.703372
616886127.938815
601781778.076839
808000182.360543
150022164.370433
281032818.985310
469881377.724323
396053974.157065
248443767.065329
547415072.969769
776275200.831188
496255902.385247
583935238.399103
711106767.850395
829669947.982092
805700936.905592
415014136.350256
161597313.590582
542959885.102487
791484196.510216
577956799.128068
619475435.748097
358722819.264101
945880064.021418
289156675.846429
348891171.814091
523719367.681002
534926125.513268
733230331.911738
517941021.613057
978844241.954465
875735732.956651
776250428.561962
872949206.210606
696123647.802860
186174650.091620
108799270.248798
231190505.879923
456535428.108525
207648634.721965
198933227.750395
637595371.826351
339467843.181835
782250655.959522
750153434.498863
246044599.286645
913099838.274296
487338142.013932
533836910.550974
567810371.190915
1003576300.847598
785573756.207267
730450889.000818
894972259.544264
1013404647.002665
818627330.637846
667670398.300623
335521688.945919
512602880.977959
444351307.158331
324187256.517771
995562167.310870
547043253.190848
781982576.837353
845391441.802957
860236940.994381
263623492.137554
179713808.299992
114312994.321521
433071651.954700
492819589.276125
257749476.843032
625330959.422659
435976311.365649
465346606.343325
268407100.985603
489818544.084309
338101202.628768
666914581.082896
786277510.890358
859524864.119414
577671941.223439
1104722529.565227
696089086.849062
718805328.956127
658170246.204794
382443255.413087
520179626.710434
571125993.249926
261205887.081973
584611871.926708
271891504.318166
711211350.883947
947801239.867161
716042919.887568
1037344950.495564
1003320993.567127
237526712.132208
87184952.458246
152108583.135294
572580694.053885
282320960.474408
525132079.286647
448359614.869983
437533996.080398
386224249.756002
274417391.214674
726327117.365961
350961273.056192
453186065.695527
570186227.572258
453052144.300151
1023624075.178243
703543843.459530
970764658.920116
639820497.054703
494172859.938672
402496358.759254
259580583.576172
539274079.169629
683511908.222544
725203057.241617
845529796.740185
686788575.310613
724689488.897982
709488615.051181
949374989.622698
945171202.892367
207988008.954905
47755863.677740
481065911.663637
659048976.864002
533326067.603769
254683660.351622
367288016.111855
806755191.431940
145639110.911995
529213383.641381
645253229.338507
477304648.785761
702062872.414690
663953823.823524
667201757.954253
296743992.771990
370102526.928742
641927111.287578
1082779642.120319
631290067.881908
367964710.029981
443275457.856614
520667418.259740
333346633.676965
813755581.046205
328475902.430754
747177389.857988
711424188.671546
1051479041.345662
897711128.008635
854207393.439075
246420182.615885
72630418.711497
223758239.006836
345113556.850083
405754588.520786
316001031.992471
301011088.875656
888244147.883014
253899465.078272
461589938.522763
525647238.543620
373577858.407982
644692212.447427
571772743.276822
1050978829.495168
1032013864.681417
223434159.812513
793682963.832725
1128104419.026743
710049155.563552
641920299.260440
821182298.478545
527606839.008710
638742680.214439
938226161.650454
443459706.137359
1025693538.361814
582627285.294241
943768308.939181
337965297.431517
949748223.193532
105315790.778111
199972642.606624
291352810.775508
366621973.115455
325704288.410481
525652213.466975
603398263.289123
474030571.942333
817306927.266191
526386765.539110
703264224.412113
738016139.425914
918274599.516220
1012549986.470683
447875310.273651
623034315.060138
650545449.777262
804854962.598870
842070911.267050
583386117.700561
419858746.442707
286111979.888234
463691206.066354
512718738.988645
318181148.809794
797221574.723035
662684639.586316
500519109.078987
739055232.815784
787841656.201174
629765853.938038
279087151.626281
177358472.408165
251255448.476302
292095271.117124
306972966.923500
480619947.168859
653901529.936611
371512921.252369
628469501.514319
584549676.879486
598384788.647588
301644209.068212
888954082.981901
532052086.624900
717117175.557007
481436444.543411
876333903.032855
809601532.213814
968265691.428781
488312610.890606
634501442.784234
289929200.554193
481580819.493281
476766986.285683
334994860.280972
727052639.247510
953625770.429737
554383767.815280
959727786.939178
668572333.650659
860620569.624864
193608335.712791
93926851.501856
275126193.891899
192003859.396696
208138424.971424
323352143.733103
548702914.411008
409953048.317162
528201085.077439
764045112.669194
905516229.238510
960374946.136999
691720615.489278
666473116.078272
391921703.986316
919482329.305058
809063098.997694
1035604287.289323
648388975.174808
745229320.832837
342166523.025799
306574976.137487
469932261.507406
358607155.354306
491850265.299219
512528854.424504
355753750.619971
738578503.547257
832320762.515814
944973899.377791
947362513.218545
165235397.242334
275774427.172651
368996285.795802
306048870.811104
483329724.398055
245039560.478167
276784296.230883
991743469.121810
891995007.055549
254966831.673671
452237708.510030
609080401.853333
896182706.718406
878497285.164700
360036149.126360
663014979.561717
810956387.677984
172598825.659157
981804812.291242
588373858.356868
548644793.068437
496648346.443655
414455112.638951
380757369.625151
574936486.986628
619771400.268692
609167721.709318
133920506.539749
915649062.005394
666585518.092079
852553663.669579
168854239.374072
377167487.097546
157187451.722396
423863658.450096
205965566.006621
808716684.612622
612809655.782264
354859440.224649
183437479.364050
878473934.161829
904332778.199234
272498821.828836
868343551.210733
671869456.207706
310453592.939626
1055365979.821125
931720696.998429
229630961.566658
1139069997.191156
444328505.720641
539998076.036860
390433121.777723
834944625.777658
467232512.092300
761403468.403188
499999110.426061
332766702.706963
785642391.478723
1015908860.391661
981375836.553543
924446877.766704
206278798.900228
132021107.593971
356007404.541635
109956511.543425
232570325.418146
517258800.209863
282483583.877686
812630633.763403
577992676.913954
716464440.696424
368894110.198483
605312694.598761
686701180.510047
568284503.827327
966182003.185631
944598379.059644
916867172.562723
688513330.653274
786465463.300344
914527769.990538
423321123.167988
561257915.570994
384311768.205922
514678909.847603
725190968.597118
766646121.984663
487331292.000593
704284256.917221
581223461.649601
912897469.482935
877583233.285279
142943279.713469
228365182.296725
568160424.565112
191695856.805791
179255364.049548
195472849.455647
558397381.215635
779218264.426432
242907538.056779
461985838.404308
476503464.175199
531028028.372927
520213206.854768
548364804.952760
555195192.032871
505854216.297071
839846846.537168
382555081.506975
894135277.174548
1117143618.785081
964683792.991378
222925731.506181
831534479.442243
791906025.547920
770182062.305820
451640480.703563
708120700.191038
567744222.993596
839522504.023396
391234470.634674
947276592.674518
214509014.387077
215281792.288109
76150720.501241
239995514.514152
175691586.000269
371388612.552905
404640507.570351
769704854.774184
660494851.810157
624191850.978333
481650814.204206
546932086.000225
351067114.531696
452019274.048584
648020195.128167
685011694.970672
495240830.273582
659009961.171923
1089415717.561100
991344370.957104
850767685.004988
433704429.464569
487016533.727281
525855451.005862
1101867451.805168
424806952.606367
709836636.696498
729261471.464199
760480933.615169
308931498.693962
894035856.824030
110114309.431322
158410588.423681
201721366.349993
210906632.087930
300309825.656226
631283484.991727
618868580.654836
202918304.108593
480853045.536970
897163403.528290
748996742.940042
240024238.948808
294643927.392865
650059011.152613
502879708.104582
702915234.719629
786030218.495337
861418074.005793
1081070111.715301
914848844.796132
309897279.055206
665649195.015636
268949407.753689
603885058.337231
254624320.625400
831181907.905945
619996958.716486
937026277.262397
904138941.127134
699331684.641390
814783378.482701
208526552.287206
354918659.521344
374580941.952399
248609689.520748
231516371.515857
723764155.995311
608410890.380182
834124925.064360
692623562.140717
435830959.042143
398765125.660775
531686699.763920
675423805.390996
924752291.039471
466373529.753971
943432369.830149
973189732.443279
434744063.816433
955086032.730228
833523036.484521
886141767.978772
462362033.188963
605499494.248178
398815362.410816
424474234.360405
735243475.627333
197437265.615305
417030335.188254
928104883.175860
862305020.129067
852491105.550902
108766818.812350
319750371.706098
643948489.224015
555319101.418384
292038513.095460
695805389.069791
496250194.399835
254391856.531725
323397275.140468
649367825.370654
1026603780.417549
778687880.541971
851358630.475093
960525418.814700
744628196.520907
856859469.823941
912376519.545627
814640713.090389
861698952.661176
748259903.950068
289631141.721636
484546270.817373
477772608.057210
487712566.212840
776123402.031518
346785127.669313
496926309.127448
1051306947.914058
705477329.757160
672293680.345253
841052009.274786
258313803.866629
392694438.181152
493780413.918492
215348258.847448
956164268.956613
652496000.640437
1007031513.427645
1035926754.739331
571006851.356204
339949827.420003
928814667.260808
601111496.141877
807700864.299022
853809885.175087
447924926.839097
928520623.028699
1022407655.878142
873061382.823195
901376408.607770
536019404.250113
967105963.953706
398996407.816362
417568440.546750
257992373.655685
623646927.028430
221320874.518875
309397902.209603
1115810564.815213
1025954951.107489
1012828136.746822
648037784.424544
131867856.911064
48630878.408575
416879472.437615
286444704.918034
888971514.350169
612096083.242872
1004986822.350572
604296892.341417
859500133.023571
584619070.678768
544611897.501733
837958203.994529
845321677.323881
245268715.545322
966861235.876187
557891336.703595
697720199.433207
1034310852.972932
347785998.782501
363721395.925597
350026080.017824
895407903.257716
502138228.341987
699275058.660185
479104860.883071
403886450.357908
538056211.768500
943601868.545487
605081837.824582
470762451.256444
1073588509.129030
264489498.813427
249578954.319409
207371871.691234
725871179.756121
374744726.338127
833174336.034930
696778747.730592
1074025797.371053
942207868.470598
378019331.323292
661259640.302417
253238839.677177
570559978.563584
233831192.525468
922206567.962264
1031258546.659936
524003880.260584
736839418.831762
905139693.632697
573182544.252150
247626067.469335
436285065.358064
693426752.983256
604094012.642195
570368149.305691
576095172.208136
332791390.542529
798253015.377620
721121602.603400
1064158173.362387
215328393.715364
306612955.274195
240084620.554523
276275038.333588
489563523.728936
455109952.225129
1002954323.311282
427128103.766947
1037442882.451006
395525603.539493
856973742.666159
922184740.493723
738587739.425579
305411481.958743
787252161.367810
495854052.899733
800687435.289800
956878958.020733
694789290.579329
1046981271.621912
1065580908.165260
430059684.434614
511178230.134832
926461493.185729
862254444.182682
892103278.667698
332044043.599773
580543318.105824
155796819.269295
932132600.324962
1101811726.868908
1033830655.850153
322143911.307371
66116762.243838
385320156.150688
315837411.480672
449447747.660264
651316592.192370
955572722.075631
850662034.472501
1036140565.420867
545925938.172247
636088380.987458
1081006996.213476
371016922.189529
812614704.681530
1013336943.685213
226681433.214530
333689457.198510
572605664.269743
280090915.897207
593453551.983196
725367401.604914
549967788.488452
209783920.136049
366634747.849525
168083852.946707
756957464.219516
814013831.378007
516703776.820137
417555712.882590
379204674.019801
1134274323.166715
194434528.078358
36713872.993493
288187904.252887
422754317.421104
716429676.010984
743885943.981571
1071116287.905786
314453403.857699
1068592676.553744
193754831.321164
503279610.212015
779952453.618329
421550899.467162
966971617.084152
1119949453.195553
561031104.398744
937673129.133958
795009972.288663
501912294.466128
244685666.951264
890818542.123678
449312299.057096
454514439.455096
315479366.823450
698244607.834584
1001738945.336909
803880623.759703
663669658.298535
649778610.289379
618196333.389221
1076369890.462328
211081037.044383
566068370.643960
375801926.154870
235874277.850714
535055187.008696
656974519.395163
414945826.459220
991015825.977220
824939458.512654
204198210.815065
900622946.300489
628342206.147032
593188454.090748
383997445.222037
399861092.039135
881359187.405806
957474842.490229
981126110.964477
373918551.703231
991443212.850677
944414165.428110
473961090.673420
428482031.116653
969503264.676144
902807720.679003
1062037436.842221
809388609.542543
715969778.911271
533855447.212293
679795880.859804
845445444.774281
450606270.138517
442456107.406162
427125400.780435
447576875.827625
984613062.870425
332803476.378804
834572562.203390
224829768.882760
883564563.454451
847099880.013196
914967665.775861
682146064.834339
858446653.623624
941188206.926152
595862565.653495
1113298284.735397
394528665.297520
734026820.921965
590512176.363454
355804345.131876
318432125.479769
273890243.003858
441333764.610223
506699584.782188
988085468.892527
810028509.326797
585366273.923351
428089934.393947
647170099.397719
701103266.054354
918601697.692203
289930442.870404
213045252.096197
210163382.529348
356648004.041748
335274119.157274
979892190.804643
679294808.679672
1098289401.066891
1005650462.286620
564499482.005398
878608380.634061
697970631.125607
957086089.379945
458993900.872852
1005905094.449247
787417250.509654
727192861.529703
472474935.417887
599679833.693928
1096067882.832537
401783511.332344
350985878.500145
241035912.672998
326369336.993140
695683881.933088
260742868.808582
867827250.754503
879706538.315106
755400453.802594
796641785.115045
938436478.900972
402704162.819867
72015592.454286
641701022.750225
492476406.798024
1026559315.782118
737936505.124737
522105239.400081
759856073.356373
590752132.389370
513802319.686711
606980969.161445
791045722.697612
525151982.493501
998453712.382619
1187288558.462329
682851357.888061
460069415.744289
516924452.778826
903664706.042951
314273683.696005
932367512.221310
378535480.288827
473833569.491736
233317044.567743
773416472.689981
367776113.530334
1129848461.213903
782424119.718266
1068393433.638965
567126775.953928
758483470.511602
168555491.959844
233521899.329926
229435130.924533
467857981.564566
311573129.164457
549164462.256433
840433420.492382
794358032.556283
308475703.565303
959809738.385664
869766367.305396
724130135.309344
422526178.318796
1044191566.404917
1104957215.527975
734147325.565157
572909236.762460
475129799.701938
1191930334.636761
1170581994.060316
553557559.974606
1109091045.162150
526417705.050353
546576582.611006
483567440.011315
174832266.070874
331960284.935760
1196821685.937384
877433361.811876
640854675.348573
958617199.817922
293430458.760084
490008296.643864
143516847.530760
498952086.193435
389956497.396351
288851326.435704
457355718.785902
536120647.280235
717701681.757610
824654756.955436
791172060.487382
498573044.452143
454185175.324703
1067426157.584050
1076554406.675009
925712197.604285
980683082.546315
411314263.848027
1088108406.625613
1064644357.559905
1265971346.389344
525147496.911130
1026467331.040670
663713268.493535
523368983.680260
347365136.398185
574031638.695552
854078836.048043
1188205184.198499
1057209151.048402
729542711.276311
168121214.106161
212839589.056972
572920164.349974
152971345.672925
397303121.289325
739067149.323900
652944002.369337
1121680764.194824
932591659.234836
988144195.358070
585430105.731176
299815846.623559
828510929.635783
1072075295.496199
648428234.013709
918037655.504225
957048030.778293
736409701.946388
828186379.621188
1290572706.609180
407460843.265185
732565720.353041
644734370.938725
548745733.550348
395390868.641869
410174467.976006
512939486.484901
117896280.743582
783530519.561545
951352335.002233
1057966149.737923
630276587.895059
291561768.503649
631971779.701451
640936697.827855
423172686.205796
517692941.977610
1059495598.526828
266477306.236167
405724776.251788
991859823.675597
119679203.296168
1014855858.361982
300377077.086425
419194469.045381
1041304073.976012
1094765755.750690
1214112732.773169
1001249650.975645
754514448.993136
1216984345.547943
513151188.258001
666159220.559500
953957718.681384
914583077.803093
922999680.325330
915253240.405708
382715688.357499
510429673.656085
864626912.417094
636397378.653271
467273750.543062
115349213.013019
429188927.149027
615741058.113670
402431961.094458
266596994.733964
377528958.420831
481499496.541553
243673773.496643
666959871.358666
989595112.171574
1059006423.681621
767090239.152367
477723965.164395
739558027.404049
755178117.849351
1012519860.420381
870390327.153400
1135130528.735388
1224102903.587627
471090955.509261
691017417.399660
759744479.194632
993449081.567648
604030665.644123
869776128.596282
657859024.671446
807213166.790614
562201423.617027
218906976.349748
894045784.717966
1090085805.424396
275998516.174159
65027984.622892
436997627.985640
946615484.095492
843163613.750333
1038451518.510884
1071131314.047752
1080194519.984442
1123425252.928200
1110411803.045475
877128525.809571
741035300.051377
978812421.859780
788511959.741877
1175006977.067830
503678982.834679
929907112.523062
1244474465.165688
585824741.228557
812682839.075101
712884360.557279
550026463.504142
565273430.997952
1074609081.001411
489349900.389705
850651016.227762
765809523.594563
625514565.285944
640484096.507740
570048382.370046
397285604.903373
288096382.428595
327373170.167726
615631623.620139
446256420.260915
1047284327.166155
240884738.550963
830953986.900165
469508689.510278
1115879849.801816
1064381054.022751
1078773786.236567
724906998.700812
1108186030.235683
293231608.411303
754658067.439086
580839468.187988
737885389.225136
1059123761.117295
1198047628.633269
1193477074.089231
335977925.094801
538598611.084393
1004567529.447832
800246601.887198
833973699.585068
396478388.736353
952570374.091330
391829301.025596
466179357.030001
535857338.022153
986555918.371854
155610876.980012
464009527.022034
978395995.307951
1038560489.178443
603168111.140715
540849487.771041
1083418668.265707
634874132.727444
384852840.626646
120613944.057416
461698096.923465
490415015.022738
549245177.806030
402336060.071490
793503013.203843
1202274493.580390
1174513293.174303
1019173599.925795
1181907875.426165
251077529.987823
718278278.482319
911460524.496633
543683999.537679
727427667.734686
1192152849.330564
1136136133.124580
302809064.017005
972392953.888747
1098348034.768739
609560247.198490
962569785.891143
529781816.973308
109552275.735850
264395043.006766
491168357.415299
388914160.106342
686227743.173767
1034888566.380458
1065390308.217482
487833745.403346
1108159016.176037
1058878403.712771
1080107579.171512
54431025.213810
1107414207.245699
938630636.859647
877594971.064908
1156879870.994121
549184850.831488
1204270531.978306
1151043029.156710
1263471469.941403
547131516.017118
661565583.569830
646334469.643618
597838825.622591
795215103.720339
818295707.153364
1237116851.566302
624758979.612444
865601142.402337
986293644.916643
476990872.981592
220235891.379333
941866334.890593
916275587.386281
918314139.895158
404989422.325734
1029422092.176838
1002695799.474454
505697125.392153
659223099.553242
1008743198.851618
821927564.262606
844843657.789042
427614335.909295
853911625.955493
1035275648.034537
1034512657.938927
1176114516.474819
1148134532.002783
246862909.903832
886159208.046983
1209362233.941624
579637184.899811
579614603.831569
900314549.562400
724670706.202097
1203970016.705345
1058088879.082175
468929921.009783
959717230.232174
870741627.957530
258739781.689267
231400597.679399
838050166.728919
245144482.601455
551947322.371937
1009890427.882661
803589861.469553
974828615.482818
559899812.772916
751772124.357391
79032458.989625
574215983.116429
272454897.042254
766780317.382511
387194446.782930
1157317353.175837
532621636.397434
1163463339.847838
1317753228.065325
1279496350.780594
1019146074.775732
957500841.431932
745392355.223908
624800106.729305
753587329.714137
660595796.181080
333008360.956317
785023968.478720
1054718149.637353
798074972.159759
923089025.959353
552273665.142452
537494909.764275
569693463.262720
397905825.711808
635093766.664224
1067582576.052643
464179692.192519
599357009.027478
726321663.376269
84590720.995239
915936799.213425
1000346842.892887
943729457.155008
891576925.030153
616402212.691150
911082145.626014
706740698.507295
1174582658.922572
1198722549.390858
1184628404.295763
1312850821.323894
1141440562.269126
1312069342.466111
862298710.638768
656542332.657259
748678875.765383
789787466.924152
1040331615.270123
338158604.482647
348646404.328339
366164980.331065
304845050.446784
403552442.335798
253511923.739055
572316282.024510
220143282.240889
924077604.556684
555641508.079196
1047205528.882042
1111440605.440681
587852243.116591
1124758686.390263
679127891.949734
640963851.811732
573677733.655935
1104509829.510968
1054269355.870231
920382116.423500
1030167228.752212
809151511.292432
1330105381.367453
1360142972.242500
1334831709.283472
1291211907.732713
1127065058.758621
655430015.993876
633802146.292159
815877968.146794
508281860.676376
830441788.209768
943728993.259591
1176709537.032188
557899924.877321
377518505.928127
311362769.337032
156245987.087936
528623151.221794
421968221.576455
1034522337.390966
502641691.512582
641823493.536198
407040678.044685
461897048.411605
1139296348.334727
657498682.242150
497796965.846467
1189421464.872340
910054266.300142
1166895488.021651
1163611997.562192
1189329166.982107
1300235561.080151
1322432964.937341
1356835218.822245
1368485923.700502
1340883258.091218
1059701451.038429
695523092.641518
759739141.623507
987947288.754689
1102220776.078779
1220838834.807296
1173218547.404232
277009896.445331
349876121.866649
601368378.954461
456336695.954640
297727220.037322
376233790.071039
583112391.509923
1080508023.020056
999648611.647481
387297428.749549
932211720.378519
732675241.635132
881425827.138120
1092405979.970443
155090089.297889
1158323729.230008
1176677175.069072
1167584414.546086
1191408623.302796
1303169845.810431
1344072829.670042
1353474285.505380
1369263774.254648
1357369538.290098
1332178087.017815
1232162288.982018
667692050.510222
659945894.573012
895098499.624808
1159808873.985353
1099908555.007992
549243310.426304
551380355.676871
480071511.378406
979153428.925990
363346515.095853
251493128.202700
432901806.985566
502496608.623414
792162256.792751
486392079.538355
658305337.721823
1043120970.847010
981278695.635244
894614470.275039
824826205.800428
1109348663.690149
1169208232.953332
1081553739.847851
1185686919.227796
1236402817.612294
1283677828.702963
1309420295.504983
1361821230.597682
1372710703.970781
1324572869.576336
876383124.722035
1116004845.548613
735653256.439353
653731562.881379
1102931181.161473
1242507784.092738
493652429.967930
247145057.022112
153285876.716075
399515135.768813
564666414.965708
854838644.446163
957151805.675869
345309865.115651
1103474308.293516
666345067.339193
787874589.427660
447775041.212428
908318641.465985
802359958.035044
1170537440.013573
964061192.621055
1168054295.112822
796817646.762585
1119431795.096348
1205624044.126737
1147595723.606772
1331631384.817857
1311967381.960594
1366029548.195464
1355608550.386122
1327153029.062368
1339568573.077129
713479193.258296
767941602.874754
1012442625.992058
1218610372.191514
526302111.614107
324614137.228632
873523538.417577
306022655.893475
993423775.187076
617374630.833124
1058531389.260145
868355659.740020
965336353.801327
851169995.480481
857215182.652402
898688174.780294
522070193.437412
713890055.473884
997748813.828778
1144213176.625667
925252843.722372
900690656.868109
1111650589.241072
1205935111.921010
1320962951.026962
1223715428.662586
1353004656.296258
1356043359.336491
1341039908.350787
1356434450.237627
1335174877.091443
1020877990.977811
763600292.307822
722227073.115523
1205245224.778751
672024697.532933
577765224.253871
662293124.425041
781936136.580935
877344315.196309
212967971.022955
850986864.016299
1076280706.063063
517500475.981720
935522355.287406
916244124.328328
954269961.127967
698740621.866756
1137038283.350246
1076134037.348999
1150787363.548125
799092037.450049
1142375312.230232
1101331948.026845
1190136512.431302
1182233976.484300
1257201338.619987
1288903910.341269
1231165178.043658
1338838504.986384
1324792021.695349
1276886570.059364
1257059729.479217
1219731674.704766
695317565.655930
1156262273.901449
252632060.808488
480270565.126982
414883487.927468
722932156.959522
574411519.534326
465243051.597465
960510352.135991
998148606.671984
520581582.584200
399527347.274075
542458519.579635
862806187.788135
930449617.515174
360507519.869060
357194392.885872
1125474571.684170
353262285.111702
1079048492.251768
573903670.653683
1158652518.478791
1201391459.681713
1102950413.324333
1239230786.771909
1322006050.896755
1293693359.102133
1292461900.789554
1356780487.309039
1340980439.431796
881904962.386769
882942783.929808
1094896117.778902
573657185.051173
846312287.741330
862250505.038635
938859489.105372
320469079.547387
365995458.004094
1054599799.090463
1090215358.407896
883907820.606288
854405528.024054
925914980.405998
691302220.061068
971427910.475548
1147402556.939418
1083840260.129154
704512623.618255
1007697899.379950
1207540478.308319
1083285448.480681
1083862207.540528
1082765838.548494
1186233812.185754
1160714334.602674
1144326347.163939
1289112092.044080
1366943523.602158
1315360427.541320
1308013689.700645
1310772610.742297
1228367641.942906
1024513317.875840
490847102.228737
237032711.724203
796277289.101715
449340268.436533
852027025.977906
885551440.488305
880295067.865957
1089431269.198066
463616559.314228
305612890.817168
192239015.216930
1111272811.360398
998700163.936035
900554371.954818
518994097.819932
409036638.332512
1104738772.560332
1137517854.038577
1022555930.789452
1133652399.737455
1119862903.766899
813328850.716198
1261065076.284996
1191059290.994015
1251998813.437040
1243511154.069703
1329274331.972303
1360145306.827568
1287241398.422265
967266247.325962
974267948.862267
320356083.241323
276134006.387182
818000355.131181
299559202.115610
509279712.575417
887797673.133778
932611023.333510
784723967.315697
418246427.887537
146765990.388958
791775534.336526
677690065.596819
1031209645.270343
667622123.986401
1121227344.462418
1119790237.828005
602772682.250360
378060378.850117
425916986.933357
1109991899.281831
1093957574.736546
1108114218.169749
824296677.724632
1141867912.965368
1129820639.565677
1182614730.740513
1251805739.246268
1287835514.274613
1328352496.959694
1280968682.673931
1317868487.813803
606059153.106560
185492506.573410
365579770.156185
762217033.269334
805727105.440642
1069588971.164661
806004682.408318
1118275193.069356
590154022.798861
985563406.685193
259987497.403534
246010779.923383
480120595.218975
905919013.689553
835166383.473125
985580630.790917
1122236152.272911
1116751860.528488
932692833.572789
441931077.966920
1069970151.992048
1147511655.743345
1094837001.966122
1135611360.036361
1222201509.271633
1046740598.807140
1219788801.440551
1281827885.917010
1332207964.428757
1330639055.522186
1355322093.827084
242461640.270174
412787411.172440
466452281.062837
950542524.434960
836455541.338145
822556313.036080
375806014.148075
323565897.725268
469687984.676422
541252521.467986
369951691.916296
1036248453.279658
175622566.988844
760987079.493051
1038037165.351337
1101916590.950669
1026463203.631092
985881095.102464
863724733.616381
1137858435.800686
1000419849.796968
1074871634.402763
657430232.154527
1095422860.350035
864796438.869256
1165636099.457657
1173690129.044705
1220696784.447516
1189880553.582262
1349133927.237354
785390641.530722
551221165.144263
872170431.943514
356584543.607958
871523213.112299
276474125.312295
575399084.968349
598966430.314392
1009493985.066823
662414413.824073
778684406.774261
815087909.199712
828219663.286981
540642992.534783
1142545839.058624
467313848.930932
349654162.156639
325841457.003244
863850518.899896
933379592.054504
1095119807.508174
769125434.898215
819694286.033267
574476129.981448
1113753247.843771
1121304288.078831
1148476316.963155
1144356071.196068
1112888732.077134
1235007833.955911
1311909920.989419
1259502834.304770
375220854.064636
451031212.307569
408899829.806100
932072380.687835
68333714.009965
879038994.596116
251528526.622563
519116452.177412
259288014.659737
925994736.940814
960082310.000897
911811482.181861
666861091.017813
1104786219.022350
557411993.520702
816618145.095068
252639530.531048
1099418400.387637
1155776177.978399
807221498.476247
1145816822.630526
787321364.302223
965371275.171129
924288129.242522
989433224.321583
715607172.225859
824688979.788078
1147268155.430099
931312578.871961
1228691931.122158
1263758800.350835
437742122.007308
953372030.259043
483201504.471825
835814892.606465
850496257.004977
291328817.068946
869541721.277807
716782843.469894
995191559.287411
287753753.463644
649540690.900733
1040753356.134739
1003399400.927966
422258379.299550
1128906039.075732
523295087.227118
1099659743.205293
1064743436.702316
698612759.134587
998622546.645542
1090667463.919976
571433417.107292
922920687.520940
1011249388.338527
989904936.286555
974509206.020913
1103760341.288134
1136384503.563384
1179571766.458138
1159336884.312048
1228506729.041384
442875527.657011
932434701.208104
826448115.488631
511491151.985108
970689422.635240
738052542.424452
1030752549.640407
861568670.526944
1068458891.236951
330409052.710105
936383116.289644
681867279.600639
834546620.929168
681302440.145141
451940519.782080
1021356350.451199
331776325.443034
1053097158.329055
640756995.711916
900447263.031733
1049811423.169954
1105163917.546888
512952586.901164
708093102.226864
905863663.458936
847965411.145602
1111537451.524450
1185258309.540498
1064534314.653023
1174748927.306107
1168741050.133509
635345514.691096
138229018.111378
545398064.302435
942933459.810153
380544190.370683
901695928.444101
1058113004.074416
616914882.684592
933621218.852466
1018964420.778899
1091391487.023699
432270618.248863
1097003270.130312
554294200.985456
1143241750.091630
969132641.554097
1052283451.319030
252139044.292857
619910793.443982
868077124.210149
1020344786.616331
422221427.609210
478808815.818223
1098510127.410769
319430932.746040
992173369.637147
1066101431.913016
986885781.476921
1169022822.956751
1164694288.055058
1095275108.510966
816489489.674031
411870628.171054
667845618.905418
829917000.844275
697017871.567816
897915428.773210
967709746.043698
479673847.631114
939723995.680397
917767126.681783
578916623.439525
1049434987.423042
602663878.295496
1123600379.958689
196337459.690907
910829231.440394
1127518136.332103
680852722.831278
495584052.971037
1083704200.077981
938102288.557087
1025231884.381280
967270827.703072
930626556.547707
986816153.161999
948823324.821427
778429063.463437
1103721063.261462
1091743097.931948
1094862980.220915
1086865813.288293
343537355.500572
891474837.696931
134896039.176946
747651271.262965
708454901.583935
1024272637.571907
544134066.756821
1078305922.781699
455545238.278351
723518456.187103
982366730.917634
830403220.960694
994865061.549652
1059726806.524543
565810459.508410
939837726.943416
1025726539.562894
539927329.407520
300876203.469761
773134006.072403
746381337.896061
332480917.254848
809933837.878551
1119106259.894890
360941254.985561
644483471.509470
866694708.390319
999366265.201413
1041039625.816550
1123383921.777816
1125329967.363889
639903306.531331
875277388.846486
894655803.998387
865649346.144794
216971032.993977
571121770.039163
997664112.696801
430894857.433336
785589650.876609
553947468.231895
507447950.665264
559866111.458322
485508734.481242
888241143.698996
414098086.762584
983404481.768846
924593863.134028
892693855.370408
209216008.064032
735126936.409796
1109795402.127682
422487837.397493
1093014593.194901
1087448492.694292
730701176.597422
794483265.673328
1102845426.093880
916480273.391780
1016987184.955548
1094348564.250677
1079087180.617910
633608045.212023
592578566.066571
727048072.508078
932804937.501190
559443237.599922
279284742.700047
370463309.650599
779649588.165917
1011368575.041827
896894506.098228
413338994.844149
1014184293.033199
1103231568.706856
221055393.766097
1037171535.353535
849408593.032311
858173558.542274
969567558.705667
968995925.568672
953053216.759641
965020310.650840
1052519006.334778
945779297.752799
362451830.370914
1009890848.559406
1058896089.507957
721301460.094173
1052517214.801414
871566060.970088
960438231.303656
1039841293.699857
628370446.254103
162800613.641597
843896367.001145
944168022.791135
915638883.048877
993607072.524039
671874309.946065
891462972.388006
801096287.944160
559402788.884467
1034559047.760799
444990610.749234
794725083.313501
823016375.899989
995785185.476555
857883955.575153
1044213739.711967
750418252.024632
794028538.772394
325327721.934038
517987623.153129
533988891.458421
890512372.940752
628881469.093324
1066513612.855789
968836888.685219
1081368597.365925
1122539774.188125
1034646303.141970
673840076.969123
936240021.066051
737797303.845313
224736119.399621
792840658.559203
700376540.200557
568579272.712180
833849330.301064
956723303.204142
960660958.103148
987714111.695750
740178687.077717
1043392055.638897
874594146.144281
1034218996.550086
450135712.456829
1006115787.983009
758718309.391944
798195654.831534
848461684.649830
687348540.876553
415351954.653876
436040929.013178
945851565.899339
1075381875.620387
1058119852.620950
696574460.891022
1045290009.682205
1007115200.692389
652760817.024062
1006767842.192595
1093271311.658361
1013844890.220656
327670208.800697
724225773.124420
345757740.595603
356750959.572497
787829692.186656
431102231.306802
671198174.211996
265354719.568068
1002106735.610914
468669201.807292
1059473863.237838
395729105.744505
717875758.869773
422700915.252655
765610919.812309
1018854350.661125
224011347.099072
849136315.713640
707186457.706006
825248038.995410
996327830.065996
621388030.188889
1076777463.012153
985620487.608868
874910177.288726
478516788.637561
1055295017.128893
1045727152.439506
836654538.672817
1073849668.225328
921468683.469037
506962436.834746
815662498.882800
523846205.679747
919039261.078929
504081810.297992
748636825.114321
502714992.328980
495583945.481253
523731497.447503
214284648.438928
833171887.656035
973004935.143881
1017466628.736484
1033770424.273487
530661720.094129
630617165.262907
295464260.110224
750104897.490094
937654184.768656
523479169.447616
1070511816.119877
218572654.033190
937687013.331969
1080141837.987065
1132451983.346577
240944720.680642
1012537506.955192
1064286769.126882
855814346.620062
523458728.857839
761353170.504609
520948365.120025
366118852.716183
586851800.780096
755399208.325709
817355630.996294
726607855.166503
258027297.695239
920972086.227013
477841988.588264
782591325.687169
692685247.214388
699723916.916136
594425224.289249
813839729.148008
713581827.309508
807134250.136343
723597655.018150
984019644.688120
643061265.444021
471111638.797862
966673906.851426
1006603119.301635
610640296.152198
636360669.425267
619119124.105595
876278333.097909
379634549.176495
757283495.625570
1069216989.729030
950173122.208251
921789310.909055
701301377.364124
162527420.761397
924904918.180109
582280303.202306
964043203.987426
762439086.467937
902879539.636204
927289880.174511
503485953.654181
811580741.433979
509206098.830207
289692797.227359
1008935046.961015
630433689.140118
441414832.027572
635456838.675700
907154343.981388
1040435089.553704
1030414766.623384
884251334.410741
808011624.903102
563981106.617376
436144083.699387
739552183.074072
866723606.479520
1126324003.518716
574435349.774185
646145816.497970
561317687.289454
1044648945.133296
1022670413.613177
592136323.203848
324187307.343314
253340536.992144
702775295.333878
534849104.333373
862724023.627870
1005599076.535896
513514532.582058
441618627.144895
917869796.405437
992460033.895670
868188022.962812
472623922.471758
776548825.650634
322585569.734518
439256733.251596
1062236306.717627
303551947.212778
1011568411.388499
1050021266.562610
316959678.137627
971994611.588122
469835274.599328
389851224.509819
1038102396.430479
667457821.201753
239823090.526835
1048969269.848959
1014478203.193673
1107271185.285087
1018371468.068236
436819432.995760
697157782.825054
430592829.937948
859425083.730976
453569817.389199
932259912.850211
582368752.434227
627308072.011893
1031180075.882443
357859690.703395
893263319.245938
465498050.533298
331964663.817397
937640681.394861
881424427.249986
473410060.183627
417733214.256775
899070576.177989
835127297.592399
1047439829.628689
340026820.254733
751886704.631244
507336396.547591
379219199.245051
397418591.950244
620579656.489821
1077137684.923902
687666353.363092
660545795.370451
1033265094.855173
574527734.081143
593496945.243977
667622030.942209
125735566.015725
906138448.700404
374269698.216162
386932116.067232
418127705.252392
961979370.879628
932368217.481019
898163357.910645
1040397981.363232
744515821.352876
1048116721.203561
1020512402.297234
862556752.549505
1034626372.906685
404566520.763966
1062707174.778716
399642723.105414
433160673.343783
462294477.016590
999216971.032114
478442106.586222
1000844572.750035
473080727.588803
1024192952.523887
917617397.608915
955702603.140565
903504797.120840
957872526.104372
903503025.357248
607311054.710828
190545746.613757
407810965.824343
802712748.150840
580955662.756325
989141252.313406
832983527.065605
585677442.552645
626228850.840903
984369916.982992
612817760.715209
957281408.285193
819531004.821514
624524652.277973
1013065665.994090
884552388.462057
1036064929.435130
311828182.055739
820848833.382533
1040905200.597484
281842095.156875
1001690703.114317
426132466.720486
769239641.002014
1020826201.596185
420070130.364194
1079579221.985664
1055018019.942485
380064501.704541
709681612.077771
912556851.986006
690804150.023656
254083722.380617
744308728.056267
243391585.063457
597249234.824687
328422679.018454
545993328.520789
877038709.056203
662165950.295567
517292714.214749
590471475.394694
1042478471.918120
361028985.236925
591404649.610827
309649708.096475
347989420.697184
1100550325.308859
820483612.959431
1062631262.734181
823142907.567872
294830564.803891
994769750.966360
560072225.869091
413143478.852363
749829421.864440
790728336.504857
603189437.393845
222805659.347276
677831049.970249
1011241330.018713
957948495.759585
490601606.785681
234873333.548142
320304628.591298
365105086.828281
880966067.372055
436445200.607172
954491085.907108
320687694.502014
558855995.753757
881224197.404074
462550605.892013
749581351.950146
939554734.447635
949819656.925526
674345759.981075
654003405.955153
772337566.091482
1084428937.848973
372937977.910204
1017752079.238130
411447618.527316
1032812220.483548
920751381.965044
938223018.979548
515263270.599423
522432430.102199
767926202.670368
440834016.550093
987732839.636455
858199065.708306
827362896.373133
886539923.670243
423762622.528342
933419493.430056
548037449.856068
380842838.562795
208529742.314636
254917315.502774
656374450.444237
939410884.328793
591176842.230343
867624117.245874
754354793.222935
943129016.247720
1007341072.609810
742601522.072832
639812652.047758
619036971.825192
1032836389.333125
417470884.673354
317325681.082778
512658966.322787
623990302.142889
636694550.463313
285914526.784372
965714270.074975
672422771.533028
552086932.328297
783482829.397923
827419677.166401
501525258.729505
940841462.553444
525944267.187662
852503585.050746
971380729.748360
195535812.350656
773979821.730686
766655927.847580
987240272.040225
390939548.847104
330067322.340482
517611869.128446
984601194.070154
563109290.391689
966164779.402279
281317526.894700
810330365.038665
750752290.396474
370226424.873234
388293401.741312
417042293.775506
870111882.698213
850304564.974723
889967616.227304
1040560281.696860
260236828.679855
782371858.709145
594855877.056043
742022962.312513
740155523.317147
610607759.956876
1019823928.765658
898066493.298532
512826923.623964
377912820.103124
943397088.910750
309140029.052992
990898316.305341
379314784.304083
370030675.966383
616989371.988962
922569083.098695
529162124.802942
432811857.844568
598570416.158328
1043836014.919710
787243692.619658
480667503.362767
844434121.824846
537944562.371621
739962401.649536
440371378.999440
650658626.258176
797518940.855149
821864776.359273
224187316.760971
984930812.057435
388083873.844274
397167190.838107
829343635.670072
355026264.866650
714469123.292842
980760480.185281
869362390.722620
630867676.463866
452707822.694979
646372470.496705
590476449.297827
999401678.899116
710753861.553568
1006817324.207995
401020465.986217
658040835.304155
209064260.070956
961739267.175159
766765482.038176
845870456.521440
454434923.667341
674592993.088456
500442813.091974
452412313.424298
905058421.084187
347480519.409163
1016846389.044638
378333550.427843
1043389353.264375
540927060.601582
682385291.332044
805371410.861176
577489530.766344
987117404.338886
837630509.461308
992142817.692035
866294053.744985
646128475.341812
458281883.144516
126789822.065005
747024953.929117
897262733.363474
678245800.465422
421152010.830736
938569743.679856
722854796.792895
1017370519.592831
447146075.275404
838561770.277560
478132976.536852
1047676736.614585
924563642.845052
672313885.727307
996908292.070445
604669795.106814
768654596.989513
720150775.160116
995766656.385346
432851844.463865
965084107.091339
344099480.609000
922456713.663922
764581436.405758
887470904.678288
546558134.888870
354790171.898428
784428783.123093
608105748.229344
938624295.705282
549386604.540501
218746505.750204
508217078.019210
912593286.973484
955166000.108863
442126652.967363
491886043.859230
382995315.090373
585498573.864473
662557168.609500
1029902184.237119
778570269.480401
993231130.468417
531497125.817211
470393128.883834
1027866056.700908
771866200.612003
1042036331.230276
895143743.173175
364737459.768730
191504905.885805
791700044.093749
484090981.760043
1032981053.364217
676729344.798132
327941866.262166
628476295.573247
964154072.735909
597447940.450535
728793011.481555
943377952.862163
460706455.791689
466201623.791690
721258945.319227
428631715.200787
968912127.971492
946076481.265097
981038969.353329
745347853.654497
646273893.407517
267134814.646113
537619416.979297
772162405.483076
912479116.019694
409737229.732574
697221620.847197
932572422.522796
380813835.191046
1031544023.907979
537693331.968731
1019796843.337777
294799744.753220
1035563551.410457
199037523.954283
758069177.509282
994632974.425478
766808821.980533
243432336.331164
521617512.187974
497957965.117369
496483152.597822
827378585.889803
554421537.454452
189109233.420828
519435458.205078
597281625.391902
433338112.029328
533654761.096380
792297924.063956
775112264.101682
971993693.778697
998237415.755620
887459144.146401
349289150.252303
1021614212.897589
1044730697.658482
763651447.124551
638558214.490397
866765418.650337
874045379.177355
667435972.420370
957827061.990065
420134741.116239
958530043.232908
776656373.240669
595015581.198887
1054711934.793936
260941496.594819
932694169.155668
338324330.624565
789099066.826151
1024477601.915562
894877425.374417
570088902.617726
206668061.489983
843149469.022579
586831750.418309
944152950.540781
220160258.621637
415262919.101780
621613688.922833
769854693.345978
689641525.376995
859223241.710322
1056725568.669575
1023768928.159972
772516849.591155
620347307.063277
771879573.355591
981150392.586791
581177904.688825
872053051.317171
620882059.996836
613933909.175411
941987558.470657
752918964.561414
951311249.363012
1019749817.099246
681612276.206733
335610743.125867
478062258.359026
554957480.247973
537725662.133626
733379509.779147
420916593.674735
376280035.307044
273530597.284806
331119232.952010
535929767.735752
320244390.223681
989745123.711041
247588951.537313
691117891.069408
1023572196.022845
1042006589.380636
592270864.113501
736302912.640698
952932541.167727
441889904.181053
954264520.018975
624075460.980329
338885513.548022
1009149807.605088
386849109.163506
641278497.014991
640081890.127814
712128369.385091
112763774.983172
638519787.161244
694866198.265249
952132627.838080
609813402.040809
1008027371.372150
711836201.142481
738497781.548388
533135126.048574
334098582.095690
331919135.779239
732857047.005919
785578105.547815
731321217.199313
840007249.484842
582546072.181890
991256358.156790
961414795.774318
947440805.472492
986146175.960052
969560526.635880
377648777.927174
857780538.479419
889930549.249553
928990954.007673
984832653.549812
226174138.711044
714325320.960805
771602051.479189
951478616.932051
588977294.245546
620610654.317794
689299621.402713
495806042.663501
814568317.657489
952206614.117980
952181311.098719
651528384.123617
647324250.656165
519505728.718340
233548235.347841
517562526.096447
281728758.433294
123335864.033967
551385501.002262
993182167.977173
924020762.400373
700653242.255372
800511720.190112
997625466.012648
764202246.588202
374199427.367778
300470559.502405
799545858.138261
328200714.582562
250228005.071734
387938732.716091
1043600172.033550
331375435.668758
977065344.148925
904220704.591265
984256441.320074
526178971.765746
371724640.141574
1066264738.851711
909682860.572202
567531102.512317
861743964.809255
974833878.940560
934331017.938783
502432343.017960
144100554.541612
199209015.601594
378111219.643870
765791187.751191
355200969.253852
448925112.352156
648981838.364788
575436642.753345
712114954.143652
703665398.116632
951843349.691487
957124734.901475
976671601.959557
675873520.831080
363375847.660242
1033787526.931934
347465881.617928
374094496.947061
344352250.460191
749110650.880359
433127069.538085
352655018.325137
795392130.098731
861237169.648445
495948127.879272
865108674.950887
944484649.389002
694268929.758628
361065494.039776
961798697.787923
664670479.806976
202628640.453505
675250904.954906
423681248.702495
464471026.939742
526284485.081272
474755728.156590
962641446.375341
689006496.212577
813029595.342810
397047905.357866
993278615.290400
426282001.354138
793752413.005175
864013028.700665
839251702.265373
800215038.540656
534720754.793550
557182772.288858
667566444.486964
286174915.244233
691951171.899380
362951526.768193
783745012.231053
748263336.861945
838526972.427150
764754684.810911
832216232.843617
510133451.040547
510393621.144074
796247324.468366
353475882.215526
498761180.646879
92239161.930132
525701944.166260
237707877.317168
662453517.484425
394223445.750574
491758699.811593
743234548.907721
1027632492.664632
989148416.828500
872649474.346210
233292600.232014
718056947.815365
755641572.897791
948602702.283111
987118967.508698
425191692.293470
513214542.083071
422839807.118460
362937925.685977
967799422.675065
804056323.426396
663667212.231244
500774241.905149
877449374.425394
916584501.505584
178687426.646054
784013876.759827
885094023.305753
306082285.671419
622261141.134098
705945840.845811
615348025.602471
645662460.046846
443824212.335062
332153358.562778
478891903.474967
1024390055.343974
705362975.088362
465751359.279797
935239713.040416
611272239.165927
993211950.206245
837100517.628792
992211643.252996
1078679581.591097
894702206.703315
1018936707.537366
535519617.221198
800738071.864382
256724168.238712
658539121.017096
996849659.853061
918461478.933255
118294569.370063
287510924.664160
1028503911.200515
438688931.280634
422400134.744437
815381328.561339
846268289.049283
299117479.301824
184222455.822325
292255017.969912
537922279.117893
525287884.054089
538192625.480556
235058892.007393
761622641.133523
396179229.011000
1024464743.890255
1072924093.588966
264114190.273290
1004963059.465963
996697664.681103
998834419.931412
532290181.390707
687085217.600906
996398363.416414
812404422.859476
186308975.250660
991495009.766590
472287017.044770
568894961.082096
630770523.860189
731731872.278315
512118756.058033
311072723.592407
610284128.011188
923359590.411790
446128535.506266
671750766.909461
506353658.572596
369883808.633986
909162527.380204
286264047.948329
305015314.824733
420844027.947319
580398384.187899
1009904736.646559
1045830064.933424
867336478.436978
1018515190.169020
547634707.457032
711959496.470651
629922075.436836
403084448.187541
999643976.289109
684687968.444275
1011827283.306073
871480147.951081
597884228.456795
891267001.391941
787134509.414314
330837329.477443
751247589.581571
607006022.458770
505370070.277630
217407239.456775
676297253.213963
820330692.449761
914510112.523040
369190346.146695
567207172.478188
526063160.832885
425524370.791241
417612363.344327
940458756.252448
608716256.027109
997568936.008197
464126257.095163
949173920.429730
717806418.644320
506979572.815151
663376518.757745
835962293.517869
610757812.577281
569797816.162129
299863295.684247
732151604.957944
630610514.255477
631525297.376639
489997829.062611
590682297.768925
987979062.664600
941635746.951414
369975879.109690
96340223.325176
224170375.271598
786775427.291203
296420326.774581
447246913.721836
854688314.294469
633344562.744798
168099659.551047
571297007.353157
514090168.395000
894095767.184129
851982577.284504
183168964.725430
331278389.277128
159689581.628212
451282271.192591
746818935.575663
784586613.125261
332139549.132783
606917142.541218
947468645.202057
365799930.304506
341593627.806852
983935533.532689
438730571.765537
332945635.212380
581559410.020077
827496767.115095
463489568.177130
926588191.454341
975385972.952755
957451815.022923
431903415.191694
389894330.814768
889361618.665812
794185401.990268
455949329.511110
612807243.974178
470677868.583483
179897214.658299
573317608.021652
824735365.494060
690971311.742365
974907622.215679
854223709.534094
422049601.622400
561067080.899661
842117468.384271
266757150.545448
810603269.880047
896924549.867062
245892456.965879
507888896.718304
906167947.873951
827945127.551338
425350662.094551
581953681.721076
828629971.099549
184819039.791672
570555597.893351
438991916.880452
950414799.224839
917172830.221423
965486516.928698
610817672.412292
688920477.433589
639499376.295176
776124764.199946
594920130.121923
263005747.536509
231446078.402691
166059248.138012
321382572.156179
915294545.119557
960654393.916892
653015443.904768
961149875.464396
737335268.412148
258819196.703304
322848861.127777
778378100.230331
725635484.868896
974633821.887227
459477756.126778
224935681.389096
832554808.967147
827042360.804091
390773069.565198
404394377.018337
429932216.465533
871133569.251927
556086977.697545
511109535.844947
1042604119.088297
1007479191.150689
344040974.539424
635767034.719531
798299651.091164
806393697.094657
300293552.236693
171812306.562078
263940526.905054
528096997.633043
216936249.995925
424479967.829302
319050389.186531
927502658.916833
504411208.489207
828560789.750807
238228530.081850
299386651.033985
380519269.794695
904115577.523229
483009019.740053
279894233.241458
892699245.812362
753535682.462273
216260165.445976
439043018.830982
656401058.405515
514331337.499944
391849689.568614
447001594.852567
944428655.346168
430758533.665500
964535089.742434
154286100.819700
886121754.905540
573745627.584947
426242301.898959
674642088.528362
271708084.371377
506576000.245991
538191329.922057
469628737.907737
392969934.316121
836906609.028330
839347290.949558
562391892.739849
982683485.224165
970726912.010524
574404945.177596
648096286.044436
800175785.915746
649544370.025467
548087528.921702
313561316.573006
343389278.469506
1000954099.109295
327531118.261910
306807525.363745
76341560.199871
373157919.147929
945910966.474528
695406537.783604
556507726.084637
849333277.710146
400412364.100890
729769665.213531
456424316.362850
518982579.934033
678034743.148323
312744686.837197
152585414.949553
211863399.168359
679712038.360466
523438101.897869
398122345.059861
614641314.581519
888179206.683432
971796934.737314
740433917.623720
824048528.910727
730603963.480286
421129250.209736
1006343832.642768
763877350.480426
478379727.460726
584496341.616463
763502740.782819
408970237.559081
801503098.743929
928244588.263322
801823754.983642
223518888.161126
295460661.274989
976148230.014721
230316634.728154
342696707.958132
620962703.015493
921457832.152270
791602749.489399
482264856.929725
385634609.669758
411506136.476232
662594802.687909
364347035.425568
246532311.380709
789615264.683262
398353848.235812
751157760.455386
330671597.755245
735219429.223129
510106636.419537
690702716.019469
693497845.609047
481844243.168517
428827736.786547
860226604.477237
1018463617.537379
968225544.499908
1000657714.201139
429668524.823243
496203343.701080
856401882.874610
924259957.662451
360420631.466027
543202143.227370
940502405.410851
1014819125.861967
920877654.938702
257622440.949209
907159064.632850
445466345.234796
71546371.267533
279593214.987896
381121592.106665
313123482.952218
717658392.594130
479229994.314288
393089352.997531
513357577.441069
387361378.132912
631519444.198989
474689076.921174
845793461.052406
402516295.933729
942134923.500829
1047397482.027714
151958716.573433
866330533.021097
659915228.942784
486223208.190717
351125501.658795
910897098.139511
270284812.287383
583727411.040050
899375402.660750
728833969.968398
347485416.035401
662915742.315015
635367913.284763
985051376.094433
781823474.566327
503761527.313612
305706171.651806
446363036.252110
540137132.683113
505306749.205058
470255048.756486
290093565.048420
868651311.102857
568194007.970169
629233828.664643
595787509.258358
737382493.690378
377542720.347882
481299578.899012
1008779212.947567
631363518.590264
1044901676.725307
331124419.914446
554919764.419448
939880762.684783
322546193.589380
708735515.893305
582286381.467457
591440623.335759
306766710.836520
416180074.478889
414008099.525283
321812907.168878
910635567.370727
330745936.934996
658135651.137737
762714823.592437
200282982.718166
336282854.919310
652797064.140155
268167081.759889
750027182.089816
751068789.689931
730636311.562324
361722900.003925
956734594.319930
250878625.381549
506323693.049009
429785668.649922
824456657.140731
515929672.796248
324152228.165424
981680350.524047
273070395.019935
117494257.137500
412851424.495282
589616461.295404
839246644.788263
924174283.442487
323092272.596859
330949915.258949
669924534.523367
215656627.517347
336558970.765733
694732349.070053
499302271.363348
869656479.237991
399802594.346695
348044332.182963
30293904.416229
211811207.810543
640017278.944950
402278879.489070
474299987.092522
912791732.094599
702236658.918879
600087576.381883
337224530.691609
548691255.533396
273232293.810583
626205352.468489
182692088.642356
1000133795.667770
993492806.092295
419454126.099792
1020467133.808849
974511816.211233
746340427.090642
887692885.888651
203486200.647634
438712599.208862
807898770.629883
322961289.397967
319011922.745689
905885416.828958
587450124.291651
516374460.590380
457936621.692610
382947903.022634
412139415.504202
110066974.604004
438194147.224419
639015545.267903
175976609.436452
526044966.240830
601198964.143518
707542385.818811
951830589.966967
623723414.190429
342239929.513523
345282627.690324
217135618.992579
610581207.309273
1024200358.748492
943030807.194180
457501289.103730
957417394.112175
588005299.813331
652943213.121120
914691014.904625
980622654.531656
312736924.236253
501029254.492140
451710269.644872
954932757.699750
659397831.752018
249540945.854194
559498427.242072
757211550.445460
541666802.125496
166623901.664318
334845319.379354
446151368.118016
188933970.821108
875674473.884873
721012005.494292
466203842.236901
991544406.638631
987938622.384531
679491010.393193
737706701.247299
816391670.314559
510271857.451765
900450922.456067
796525090.719789
975303888.842618
209424994.051276
879636123.666428
615973148.468938
328015611.613554
614504927.180217
750777702.157517
865609380.059724
892367115.651241
756784600.086872
689399336.787141
193351467.176549
933198953.425067
555897749.515739
435238602.268788
348470341.475546
258921210.323758
152237336.221523
598972965.821438
514962297.496295
333186445.057625
423470208.909117
946475776.979683
943543126.774058
290087624.204969
991354115.358433
1037710193.782234
496779963.301510
488058938.389483
545363403.966051
740084332.397415
521113127.085905
360146409.751123
945137904.267951
1011433065.824527
834626973.922816
531878942.833833
295412577.561903
984657465.617278
942743981.997384
882343634.561831
730960416.177559
580706284.267614
171920658.090697
655260639.811078
773699619.823399
714089291.906876
189254899.589562
81641770.655738
200345384.562061
82758308.246811
822387960.610335
418546129.688508
239962296.728959
153690470.737401
846054613.391575
573279275.294530
809430193.830369
942302376.981050
987779481.134307
677319339.547329
574906126.269574
866157028.284120
456461051.753030
572933971.178041
616084733.117938
889140644.862759
811575535.188846
520155831.668520
433569827.724432
570854018.688789
830810087.274407
138119737.015804
301107573.045342
882900327.450740
891539650.019342
568543126.688509
155895219.892404
195544322.877485
204815435.820001
188046859.844486
255205243.411122
325794565.692769
378182394.476042
696583132.625252
679505963.851739
817208017.044936
460241080.953559
987040304.262633
284214540.005439
531887696.624506
995283197.350812
929166870.988297
351279916.054004
954707915.654114
644974949.363624
482988041.986365
487689163.904466
658809455.997322
1059113397.924648
954901996.572204
1021014376.467916
488666529.032827
693621146.860355
806700895.417587
313426317.821875
815791099.549662
328815780.408338
603570864.638317
147085788.666090
147405989.985658
116988121.117229
374556209.202147
185524252.210328
733376236.834707
603927762.527818
695675102.380614
440629495.290247
753851626.873144
926564544.144215
802663249.835608
572322283.306589
656106221.980693
531117833.312155
1019618713.933462
932582607.720623
588924524.527012
754149058.720493
210249158.526801
681196187.811004
400926417.953427
460436853.510287
771184772.850549
738666939.990087
958139936.972360
259039509.896884
132059016.043745
941256260.319535
592641481.233532
532624813.857190
247218778.033740
546703737.890170
181302489.405729
382903382.086465
198259802.315900
405342903.898485
202984283.971629
721804522.385200
535373681.028645
367040560.430588
664470219.978645
961965998.321816
716787516.580970
628666261.995726
644086785.494646
842629897.068416
641965113.420391
999505883.140123
735364735.197177
783466033.334776
818942788.183409
1044487369.193862
387030253.269733
813355022.863650
445799346.347406
779913434.172672
310803798.376641
814099701.911053
447969926.848761
315891178.290982
218954563.577216
235073374.239398
223731960.021858
111470713.678862
255589795.439574
196266419.672885
227650835.176622
66333023.416802
467194020.445743
208094109.222647
690715076.135863
283728313.963094
495596039.432376
656150079.683997
981978067.032254
517649037.911831
414719834.821388
457071120.238953
786516683.867826
637005897.288585
652862581.966422
690126491.559528
468050888.036808
1009091633.262281
983156207.553720
501689156.710747
625041437.011788
728699531.372387
229404379.652920
269744690.683774
465806894.015740
569448261.624518
227833516.133103
125771757.783905
664834580.020890
166636790.280812
626957120.021342
272362041.412204
161241497.417030
414280844.477537
600004404.416946
399810991.625105
360404647.613660
608240561.174304
288903398.396017
594603927.343579
1021144554.579756
941336671.725028
680304114.628973
721908005.241940
595263685.317383
933324660.355210
377343981.875109
1016055038.794407
372043586.978950
378189560.213844
675593369.822998
390120547.480845
328553934.057676
446198853.686950
760016671.410830
710823973.430980
155372540.262101
249589089.761496
338175873.661509
143980091.871384
360075755.452542
452176705.090863
138274260.972132
853706292.258125
347838762.046348
430436345.994406
451033682.107793
850174415.621342
649494361.724942
686675757.481799
777817249.741408
753976560.194197
783299597.857550
1005328488.655393
963957390.438749
485293930.881103
940760242.455090
966333608.867131
213367955.087936
879230071.762494
955981124.694032
438496324.511316
649805592.467491
569693957.607611
540903846.516806
116268849.899901
286225321.678252
305393233.573547
174874719.630697
131617220.369646
178568685.192233
777049763.826427
209916053.475128
242096031.757807
433918323.857597
233440123.533944
886434883.565461
581064706.045238
493192867.914257
382177333.403497
965171123.766641
934789001.771489
497002158.960267
1031224283.874407
967256886.302159
270665619.500416
743754499.486002
1027341771.542283
398393549.751592
958188680.041042
906473561.882465
556752348.606355
892294002.911413
948871686.112068
434131096.327762
95831292.728908
764913714.681949
686608443.575742
251492621.188479
378581875.863591
332629698.908871
243712375.808860
292902469.316687
336164004.905962
589927024.748546
188747708.290223
251634202.094442
357014981.534696
199667354.655499
679767361.661857
274070301.074514
510711071.131946
527641891.900932
379956916.711794
637534858.254346
952150542.167319
1022459225.952341
623034516.249764
335937976.966080
462685086.607888
939997467.324290
297032351.528486
587939968.599859
659926889.202352
856960000.899637
536041542.250427
919211238.873518
186752100.312104
807991160.648602
342819513.124436
127587770.814861
327944984.713253
258556275.286189
377728485.227410
650176713.036857
220897774.646204
589322358.606632
625983210.316135
161873573.006489
878339903.488208
634427233.534550
215467189.990540
443890550.162542
953698516.051700
834165478.001168
593649903.960645
1005346332.632397
981187444.105546
926631978.954278
737331876.030445
927649779.267768
195242608.912890
345985817.439802
1023970941.800802
363819321.723426
525131434.910053
756210587.746762
931046365.649403
607931213.745684
437067130.511488
599476352.597394
271145497.557241
143503022.966926
630195774.465016
309856888.912609
369653622.349764
456614375.129424
771055165.486335
158586416.970204
562168368.995354
452326142.270258
297858211.167306
855457468.344530
667195940.661739
888981143.522016
978637874.325166
525227873.182918
858072116.237239
628202559.767375
991936057.635412
930709385.532579
819164141.866016
534492775.650430
774406035.284651
428631933.386470
972942213.610630
1034045514.501888
893022543.225763
538033943.220822
983000369.036854
472907972.691546
417964527.611921
198212284.540706
174986992.881775
343225617.240865
217452971.809561
778444206.534047
104261897.095285
270417366.051995
575369674.965691
854646576.725353
378865850.792181
302528613.404899
681773833.336334
668674713.928459
707301397.744335
321601721.699789
749936984.412970
891888480.108484
1043317506.008546
1017805367.904661
753783909.350162
734698230.347234
817689653.951964
606580691.253397
667359106.043319
251768317.487457
632119887.330599
956165388.584612
719369704.229148
619756357.335122
578260701.382424
141943962.236471
205753425.369773
103957318.276090
187656525.535164
473756204.225207
357467370.379329
353188631.178749
772064934.614465
231990610.274006
116967701.946062
528680200.655126
624098785.810989
291805864.224145
521924004.686226
333733814.120666
560973032.162622
931366855.521546
543718518.242789
1009677406.530989
494283854.560830
843889365.463273
588754770.952084
620308061.006156
193515822.047333
587213439.674640
692373871.391681
674049944.887817
952561701.458004
250385987.676267
460449908.043855
760114217.102823
285497293.799046
355004838.896790
294566135.540651
258707817.367555
250646111.042931
48634024.105930
764296511.946871
488792706.323623
432599597.098375
750778435.227326
706094304.457279
282827013.208612
555669633.261318
416719304.213593
88796548.166573
875427466.402251
881221635.367383
938719695.205522
763695209.172712
339645021.139522
968149306.453193
574299321.986634
863668914.666659
905343954.882532
194850133.920038
128171808.835807
380037903.018534
631184938.473500
615406326.874054
644452667.773919
349362558.212443
292186302.891518
61494527.659274
214735392.750617
281280397.404541
444400710.413016
346401265.089497
340991465.529268
203849654.047206
863556170.943481
591077170.327998
409776028.066133
527567916.710435
850738773.641377
138006116.187897
333847526.060393
249556277.920739
269859192.291443
818305292.607599
288576551.029244
984911379.331557
856798744.533633
986373678.370435
552648034.157659
899749181.897223
817867725.615770
535748847.521990
830981048.448318
309449153.699385
501100596.958532
302886055.916453
153576630.606289
511129086.991795
255944104.439832
144186634.826905
778457293.650665
146550385.170467
349017533.799080
501468923.799117
499336860.327957
244125340.329752
399961835.695744
949004603.535638
362488537.299320
184653864.729291
684042992.726849
765718929.455199
191531700.082112
342090525.504197
614887074.179959
467442583.180854
968512794.118225
314399905.582332
904465160.051741
889296420.771180
931746498.036369
488248279.535120
223939834.916750
622292603.389527
82259526.602458
328039605.491814
682960408.700751
526114455.683869
259297733.838884
200347008.483187
76582897.142363
377212050.613130
272770452.379704
738779342.566628
89645020.737192
431874529.327780
360201238.306427
634688899.206212
366252058.537284
728059841.070893
732373266.226055
263322121.439933
331810561.221269
522693675.397608
314021206.973708
395599382.902234
938309127.179283
937293970.113552
431235251.455741
659928086.320720
933983178.583273
953891678.336269
1001826412.157059
899681628.034297
389022914.708835
793444639.556291
282388733.008450
165094662.542527
414403477.605975
319539458.779821
87152596.953728
82604040.009539
300279397.989503
669424801.750427
381985397.901816
492289130.249543
741277951.456085
244474578.646814
350947121.007414
160870116.933600
842537914.574844
493430683.658245
678873785.076826
693062073.541990
88390636.788581
899256074.912408
802366631.114723
476417359.015108
559664432.963597
1009518271.854688
916097730.255828
921442368.563944
698699069.111731
964960161.157165
205177066.297190
396346827.183410
384847623.066443
669244658.121796
740033546.331231
424066912.293402
376893225.945852
212921878.375681
262942729.667501
115292631.667824
316740816.291635
85359028.951674
859087207.966137
268997178.668024
639932451.998756
694296817.982412
530794876.051796
556812692.627872
179640377.871044
643157304.451219
169639599.521558
510843692.461826
232962236.618998
208569060.513220
946880470.772300
668517857.954753
676897702.896897
638680391.479572
938600693.457496
774674099.720860
592608304.994427
657878053.057869
731708613.729516
554612100.856957
339734340.197169
869404260.804985
499124084.225551
173627617.994628
109359646.825334
149804896.906754
97814826.045340
401826478.143981
459317841.431388
533354962.292544
317119260.850965
918055086.219056
386081221.105619
414270246.746247
424864885.826356
720905205.194245
549290668.281087
667268388.495077
753013798.235570
344796380.209114
361770300.624274
419055337.040496
200420897.332957
653860952.592242
936691292.232338
807829377.022911
308873186.031190
600063564.718958
951700746.877170
652940700.842876
910973755.661748
322865561.174667
304781282.884519
448982709.568524
613414942.469922
173106641.982887
55950335.640979
525321653.735609
391847277.565619
269861044.915341
533417413.903417
550581164.137420
380087515.806656
644769398.520449
842043947.451176
269479705.377753
476878921.761485
477918201.500989
664406452.217954
459557345.174645
821994403.474649
841949234.817483
174122677.618104
867114305.492254
753708918.279695
428144859.584414
840225105.573934
939212004.156692
736113953.662534
319710832.448000
344271371.570918
513429973.846004
385535800.461392
463265345.927926
401537892.448469
140561140.256993
202267433.026200
135617361.065825
209917855.327552
128608324.246683
437586025.603908
252519311.062194
365256246.489728
109543691.295512
783212899.066620
421991726.572378
525650596.680596
842225639.747962
478959011.389432
555828316.161731
434032745.720694
729284774.487229
212829350.702513
455793939.395611
652190922.231675
592564760.293454
751767550.878071
554278817.572816
332322801.960201
664596982.783233
579971209.419409
383497166.990383
947197072.199501
547883513.951008
786200114.918997
482887995.947771
190260506.945629
98151048.970727
326408045.264691
128851526.975244
424747009.859281
395593502.985590
313985284.741484
612593614.029463
435736000.993850
391480128.660913
254686477.670357
873534075.432067
643714087.779429
522658381.736369
492609453.891301
804313884.168608
587169362.992480
666624447.262192
804978314.867640
231733702.732100
638000616.095012
264031089.887851
522103109.502206
739028632.372879
879081245.770707
481085019.134208
536923667.690598
510728289.678330
902449680.169688
399449033.913500
323565467.449868
567906207.251955
112406650.343139
179766680.528727
32940915.949146
79579141.526480
101614486.092947
679898362.989544
424987420.360942
521533628.496055
705636928.926154
428720044.235423
471207502.781991
518338704.326958
892597079.362148
382663996.059065
770449717.070627
876238324.259044
552852649.561602
425707966.018235
860910583.321012
507027874.562752
237314895.009964
877634077.644590
570962661.062957
270877475.499812
560138074.580275
850918229.211885
558141639.366719
897038602.676677
455179416.413584
398935121.411249
359322078.983072
80390794.692531
122354110.704446
197529656.654636
207795944.935629
242164320.645030
427882462.922518
257261480.570903
691577855.461831
217921185.842798
403961948.845832
242360438.240723
790939265.337303
574351566.005781
479861964.108549
691177693.493471
177247461.744204
644501933.753075
475085559.107558
728441713.594171
428834334.276368
509764639.613467
554516735.262268
554185069.760320
915145783.775513
419358895.937255
860787058.726233
863265219.586254
505484192.413683
928715630.000387
607918282.887789
298381288.299913
116467676.185705
131612250.520530
197120897.119045
363324951.836906
107752833.137368
179794889.439988
558644477.612529
428929730.028299
720560500.840989
909728217.928525
175531166.001983
334853913.726072
49315384.946972
902612677.386072
749503157.996335
705873771.958698
699490637.334727
807591583.089960
702542765.505855
717141212.671843
769190334.270423
264635340.963818
375147063.557313
626538034.686991
568564162.551353
736387916.059360
655508869.815338
564690552.179030
255822926.548621
679561972.603865
260753756.689957
126888228.415149
266039105.786792
353178546.020367
176419853.967855
252025991.942036
151114875.469579
491050631.083729
457598691.441738
691892411.855334
412753038.977924
623401020.096420
637061723.540667
315448249.817652
358748526.972612
229811188.259237
847544521.284063
851410666.250578
734423983.533649
831881940.849099
622374649.789783
314802198.104804
836393302.859404
858324648.637134
289494266.583393
408194408.280416
673467381.810601
348362924.374910
735597824.989386
812319040.741096
394157983.188898
161790372.001433
143212613.717975
533902997.057965
387872657.362012
80222793.065587
336318884.530523
358631553.106606
526201356.516491
399909496.400761
351484579.281949
203843312.292599
826454328.806149
358654499.329112
538905373.060296
704983299.104709
333316139.842145
468892352.943795
320096365.832975
738085427.313875
246236718.682841
614417380.412065
377067190.489787
695345837.623631
371877899.949772
368382557.630961
390159518.037828
433229396.837417
736731875.572466
432506749.322568
419726653.379083
217265965.746310
559856235.411563
255740095.686093
235214042.599585
276989507.368345
660613181.465191
235935936.712045
186328981.241459
217692231.798082
251890211.812957
496453898.510810
383680414.528871
461272696.895843
529616896.403111
719377723.069876
236967100.975369
382539058.103661
215665068.953046
801568923.166037
662943675.793049
610645403.761696
870832646.723318
243167699.337165
329037805.549705
335007359.980348
648820951.946355
314118094.043135
329195595.858922
88122711.932197
234974226.004956
914855915.983831
471493951.221025
343464054.144556
197604144.414948
209524879.444375
662196756.262511
448416583.855568
261473109.150400
600015369.465103
323379388.423653
379121177.126073
512778817.618617
214868666.107716
326775771.030707
802024628.999745
535342308.704762
720844948.017412
735739075.661408
113255730.618936
496077125.821904
100192196.574552
772158569.686197
576322661.976009
576686242.216155
671819597.174091
632230882.285702
608444104.982760
370760450.708992
598024210.270328
393695697.988724
277194738.539725
491958622.303986
420674944.638775
76300370.316330
172387367.524483
197178933.032946
167143279.527414
180588960.808860
567863021.579778
521983020.546431
280546965.080700
493053696.480659
387513562.528835
681291154.341879
476111762.152048
389297096.578256
152159255.610209
828014497.727432
659779318.611783
476677566.053814
758353545.627766
343340936.330116
507730422.830517
492730696.288518
910015948.920537
539880737.830218
511180884.113192
571106106.747859
625131586.892045
132692366.884311
407649055.897265
358468030.102297
155938200.318251
464797998.010134
440319539.286003
144621349.287353
170674309.734388
346849747.430104
284243417.231082
286493067.174981
408543145.759778
489182946.766358
260101736.902732
464506937.286803
401625133.464403
151055648.027278
828470235.736378
442797592.826953
332185219.595433
272264066.506636
835259925.157758
378465653.495457
617742433.683136
661730044.983034
663487985.096147
606952363.871196
413009563.492608
771140895.880065
185106891.624488
452742618.828762
239159563.392118
576178214.559414
162496621.978952
216744824.743830
246354644.242500
385680804.755908
184138094.218957
316688264.607612
284153134.698145
213411854.218087
445260827.562643
666955576.514297
229620191.174771
577466103.760438
474389283.042970
359930717.509537
402608947.845874
611025046.786934
362607865.479394
596837911.715553
553622619.174938
639110059.180443
549827027.006701
915744701.798870
315055951.390444
445746990.143165
247578159.190920
909481582.792118
734866975.850871
660492332.894929
855317504.935151
367062177.276883
226147353.717885
451699364.058555
496112621.589849
339903395.805553
251160444.714521
149770835.270266
194489113.760659
269666747.955300
510999533.592810
91963027.290830
258469362.730303
393232425.683168
861904270.150976
458326723.653405
163675698.991111
561722762.715723
319899977.125054
466208370.325948
515271922.548921
410717689.351736
460901977.291573
667479803.546251
520927671.903185
542378911.855272
911820536.498031
275458516.477726
584243360.552891
138086010.464977
871007039.546689
404193969.536159
587606393.884121
717390070.053771
351434398.798963
229409848.476246
276916986.674492
180915466.428144
195899818.505513
149512096.006690
553314400.761959
341509598.365155
359925941.497144
672961728.640325
237955976.601879
264257309.319747
417974441.371343
610006316.012869
586458948.748766
722555195.098189
216180369.236441
386295126.945183
630696217.675419
339001011.392703
494739092.639438
145838598.167705
887921315.236985
697571396.760635
408467125.191249
670558447.101241
635578933.470119
593606210.777533
271462053.690012
853286638.464334
112752853.922540
321329880.667374
463875310.108214
386313542.291473
216620465.930824
186955695.511716
179927145.351408
453414359.379446
198696103.184482
669149993.226990
410034722.094436
449044534.989047
586024470.004022
365925793.957564
319308647.747665
477873210.697146
468687173.901402
363059763.780286
777181254.647027
631518684.624007
499331770.735023
885974198.966854
456720848.466920
492840715.949578
275292022.295731
927029286.958337
438040240.762427
521573286.054149
539432460.306454
835135919.263520
581949404.300795
435065174.181664
888400124.925273
394191861.943989
55232625.877486
124886887.234836
183872898.765448
157669680.319151
401492854.881293
264232728.820304
412960579.369213
201900356.096749
638392245.609122
150776722.908476
378730898.329503
449582309.731506
561517948.291182
184036144.178167
237991017.580387
251478239.728750
325050381.103597
772747162.319625
680856264.702393
478985194.955283
597687036.943580
659306289.407486
687238116.137928
458868157.700310
925103343.252683
254825135.436643
541103751.028253
331117902.507023
869988538.206980
264905257.431543
561556432.300802
344202826.062290
321586524.214124
152245305.515892
199007547.725802
366396738.882013
211121226.993746
268008521.908338
659225993.403653
478600714.747059
525115946.033104
814886900.089175
254029202.835277
359500948.935849
536623725.118884
667935455.547565
244818579.852384
239424792.551967
272196975.401089
360205927.626348
893368317.159863
274955056.928230
539098084.700942
662819985.429953
709062019.939853
578617175.263855
584918149.738736
904224433.355561
113442186.698749
449601766.580370
153475780.568425
900939917.906140
248559881.200423
51971075.389895
214484204.933842
109175423.785258
322816333.387511
582381820.417453
88329344.775872
485846217.865256
159946257.531104
780421481.827479
635451344.419015
536629559.582537
632641382.761686
576429353.502304
406019711.854639
239735236.923010
504147794.654470
220452258.148300
560626014.955926
804871808.176159
402736472.161954
663000380.150494
216303501.250760
624485773.207284
142030893.871641
881037600.621359
511565760.990128
514169614.012773
741332225.814168
251613514.047248
567175453.174777
261765452.327309
250926159.329391
206540738.675636
105681025.088809
602992334.681967
489495790.840872
317862958.355615
726938211.703662
174460870.039261
378626343.771225
217744186.578572
865665177.113208
730897769.711246
461301600.214995
645446051.138140
267632289.173333
194412320.855326
538000310.298925
180831574.528966
92928645.758235
903792861.583361
615566894.653983
685690266.266353
909802112.014029
376576741.892323
551181930.212025
103255141.447986
908186392.113677
311591276.088769
368174291.424075
610102550.231107
306356128.785308
206819779.251490
190088920.168785
287940542.609166
312171476.011902
183568408.445373
545926782.352214
366939140.149971
542449579.503684
678308868.180996
289983755.446627
397157434.157099
262978779.698411
737369618.882045
301911651.399262
463883081.355288
231076031.621607
335749655.744141
425484766.552203
170413110.508453
497354514.688749
155703660.674752
831865566.726315
475920002.687845
620032064.107031
642428749.461545
586909280.240486
497409243.832053
329546219.744838
777275251.557177
438701676.029826
62133741.813651
63503536.081303
172853393.691071
192015233.634996
390291428.752934
248623600.901820
440550754.581673
248237978.902313
756337475.311990
401021576.137352
518833898.213043
429912349.259918
662874984.580368
549412082.112054
595927943.588687
824358043.037231
156982329.198697
97560402.779049
400653024.881050
148837993.136566
708858914.781631
436590467.576626
501359958.174351
479366034.396385
896583901.500919
287371134.692593
445757222.685986
506580406.119956
776538380.025120
313719734.382612
373517663.784575
363814344.574951
443493869.540168
129348807.716424
293613403.603963
455429157.285609
310534681.728457
400289862.090422
411177085.327946
470280987.976378
493142736.725067
782035768.593534
179254305.156472
449557662.508254
378061435.996116
612991786.953353
398124447.222876
690742750.269375
644172998.598326
288531969.354509
378117270.383918
455299925.152377
276876150.396502
517994677.505377
837003127.925256
664261531.835928
625813511.387351
891350625.251564
217309469.268286
424873674.310650
519322993.588432
879131316.453518
246533452.951236
170647229.402255
232363748.191942
168772365.276297
208040444.835425
568855179.068806
237567071.501600
390337603.045873
290511536.734488
790404820.221014
577663208.685811
551087918.726003
819036063.920578
23930225.237553
474832358.419120
313929472.773905
736960573.271835
405211043.471461
401959379.475608
463920150.233391
118471711.941864
745754462.935203
448720914.469411
520064147.585287
400690770.582803
784558392.789275
470381743.198335
529126776.853558
907305207.522071
301114918.689204
531747226.872804
143767352.944896
216706421.628778
195694910.632907
71309412.964110
466458732.239411
443599339.957923
391991359.716489
688453900.720521
95013121.868043
536728847.397452
130101197.914142
794812089.279200
684313288.468907
573050227.963494
725381599.577532
337669584.174553
394833076.990222
442801189.747169
691612355.791589
305209380.670725
352395142.644785
396069453.410201
245816583.812068
652194391.478653
257945124.639930
505845063.931075
91049951.958930
804632411.276211
522708265.917631
419293089.476248
564230486.484915
245729843.184102
193272555.274662
165303120.139325
216907508.013470
344997675.118175
106412755.583510
756425185.545120
705401254.053146
469525031.004821
713571061.830980
225401880.410551
472576236.235100
369256335.362268
856219248.572191
609598070.183803
605697894.206981
640495619.462855
502532864.731064
418666386.698189
640720120.371819
457703723.556899
186708654.482586
521961736.451761
671502461.017117
533603703.148004
846016890.764747
477056899.530102
394072915.920455
180077418.842288
805205736.841363
457565020.546298
109466095.523520
52356808.754328
151820961.982705
50196372.734599
532864591.321143
233019847.370212
303992956.551805
156114335.979641
745663079.803120
540983303.789423
566752190.265313
664811208.438980
437872743.751392
525844643.592131
481078171.527824
861751765.814459
290732787.780943
430657841.404562
577699566.935499
822315665.616085
350787692.385512
178486634.465240
274601111.893552
222601477.593716
780089309.723967
548231470.681117
489463468.628881
535941455.001169
500311383.589852
262868402.010039
347747853.204270
388519304.464312
324735214.531546
149579937.634355
122440061.146719
401052218.201800
275849603.659439
338165752.964485
337124134.974753
509610496.709019
395675780.667957
822082064.753459
392612441.612206
479373919.444291
436427737.018501
668485464.964490
572555159.807171
599294544.628116
824498933.712556
70590423.085166
361657505.254796
461557906.913723
533458038.329158
261921731.316984
174619757.132677
358694742.813683
262226894.088063
847394534.141446
108284900.505213
420980330.436052
594864594.432741
604373096.859486
232020109.657203
68446420.043943
210270838.842311
48811529.476588
287393308.386977
536323843.386580
278763040.123301
360794327.744860
333886894.388105
554127548.543069
596114326.519724
609741485.763274
749380889.341125
134843440.537592
441488273.121568
235597934.770404
849342414.030178
723167589.073560
510626897.962347
742295249.170237
647817836.714458
527036176.830624
344834100.426112
437483926.690235
162193163.861421
550955066.509689
728505204.631060
303108902.500096
665960261.319345
260896424.388695
300404183.366583
272707035.404536
218450426.882106
171495751.978137
94221570.706116
425156934.175895
355993531.515180
404024490.246327
602665969.095324
277047843.374270
437342002.183116
208268754.470108
798990012.595266
612527246.703161
658504929.509505
809862849.054931
179190013.686480
454109172.128373
314390648.499846
870671034.542197
690462651.516074
555167884.755211
618986065.847180
306132539.158206
239802402.605576
300953982.977435
39829499.335567
63965895.465021
883377644.835816
361920097.860225
405321167.953297
625284223.033693
294250224.398870
56820928.934083
147340483.137717
212471496.588767
367584060.231791
114884344.541702
588631640.560579
501692055.347725
487701097.933753
674516336.298077
117930933.615489
582204151.315157
177686627.158236
785582346.417210
549031938.774900
564709073.285994
691775257.217608
502223185.978498
510687253.659113
258661074.110106
702263316.031127
193485913.562796
481463528.496256
271861396.741760
244420896.408067
291412311.363718
138688124.398869
600769265.252954
163076512.682342
708971542.016071
447297536.311647
75617694.806383
78420394.756360
109460413.994475
58404143.124858
508691959.927294
225409134.109239
337149697.537405
167445030.787031
758767545.194703
771667908.394347
463488633.429746
629178558.896255
404724513.285765
451526814.110618
529540128.397426
865102139.311386
515167924.213033
491862407.384995
484420359.659815
649709665.292317
546855362.178122
591884515.867340
792938005.123822
128448542.302231
129953195.933152
354474548.958675
192476356.509603
545943168.918029
392493933.043334
252741774.900340
295668735.034004
286589298.287808
291540873.810509
114161532.254681
108204282.720912
412149585.274303
275286944.932659
474838066.452254
223722821.339184
287262164.212926
201400754.996834
718879123.142020
445314044.903372
573341993.982293
446679061.102963
533258834.456308
490571796.244370
529994012.791685
765894687.171172
167574034.112230
464241315.611151
419825802.628894
607677155.272536
489665897.215012
530482227.357651
394410758.134652
401146738.596691
181510796.340403
232957304.770457
217555275.488809
258799960.913376
553929584.445998
179077971.373723
91150097.463244
200365317.053009
73730194.092167
192482129.785757
382541871.149211
305840012.241594
368734356.193311
336350933.012094
395762442.923137
549768836.044935
486527857.291724
632229201.335535
202222481.789136
356387648.603011
257600115.720969
858211308.164636
694398980.984156
621786963.170032
631379074.078138
162239857.636439
390519463.348006
348873475.484319
867837061.828403
389849085.127858
154847489.432509
300607726.176221
172844207.107958
387443659.721916
127661614.575369
182706388.829262
106688260.950312
230547326.061477
152933992.800687
65982618.388607
376115248.372968
307123451.192996
391177473.168356
607290946.106805
227270565.166767
302323014.777780
301958337.119393
806606609.396907
464966497.701828
773962106.365172
779113062.328113
82712111.279438
379205417.885379
181093112.082743
817107726.266229
531235973.696324
589006239.461301
711839584.048236
335686289.435351
466648496.049728
345211406.075885
444394356.671636
288560162.487076
289885962.386310
153139259.282511
343108072.902669
382860984.456430
277562326.216134
105388012.239289
129284334.043142
236522554.663261
296829116.238114
174332753.314865
487756053.563461
440753605.747894
597964520.478511
702036005.083925
95888079.998475
613470989.369715
127944156.266886
820058100.350108
661571948.154942
476924728.991806
463685047.520726
388533511.730065
607944475.449335
385228584.514520
852540318.317157
548971857.373054
584797804.439079
704381132.811908
513416153.311682
371584808.126288
269079060.417808
350677503.805768
215335685.307060
376279971.609231
264153210.185505
240313675.420281
34866446.793352
136934735.762904
64725826.007431
573271427.615185
233299257.892452
377563523.164853
165499400.232962
739253827.907888
734892553.994498
406545765.093550
774503371.738651
348825229.019063
264505483.852270
330533585.739790
870674604.478225
753422804.131583
437175169.420921
559233677.640363
485986638.315876
387573292.401070
398101647.707520
836274633.191354
299140920.139126
462375096.098255
589852360.529833
555956332.482121
307639272.472714
187384466.050887
353416131.615906
144353974.382967
378429823.491403
191090390.635330
187262471.236515
112260325.932250
576437460.532634
187335405.778612
575376587.409364
407601581.169060
271515004.807970
166569038.949056
562328187.666693
461299902.743904
578827666.930172
487127352.253525
335432994.578565
404365471.299898
335338511.741504
529602925.125316
230285924.398190
470898485.832957
296815061.436168
669060038.924431
537129735.286386
528412976.300903
904185842.847541
203606693.648525
524815414.273531
536270608.776008
428613631.743991
224493004.332884
142949874.825621
135776501.303459
119441962.120001
188841412.942567
99099204.756866
287596861.075281
328494924.110814
372571374.077006
326678492.088817
385597862.374942
266332501.886980
440798484.527819
368798729.204594
692757293.498065
292040414.903542
252630399.176961
414938854.267724
748737006.419538
601922126.132222
588874502.320504
652280632.507888
277645365.204588
407869029.408410
155044650.778198
780343568.161617
681404327.860257
410491163.658108
694164145.004246
321860745.276176
438515818.316202
205231742.937283
202675512.002901
136797447.316006
56529665.291506
89651213.106418
159803769.236817
344854665.038621
258521868.120854
399526734.964335
580261062.637529
443190867.084733
345750624.677476
333244236.802429
616662904.990378
370905807.275819
863912343.081590
822532210.271725
186491017.875347
366470415.019901
339036359.637691
866971481.255748
530263887.385235
618496249.059317
751398565.606694
165949435.733815
486106963.884820
237818501.882104
889548665.190470
451368346.527030
488186603.893867
488525457.360536
269747241.613210
94146525.546527
49529460.413590
165790348.484789
207589792.556921
166727231.532651
308540121.676544
373719169.064437
199060366.255200
265213848.125245
564808895.822421
812336896.608958
352082731.659866
585818133.042348
366327458.887198
748170151.071685
630757893.868004
515043116.231120
525863251.577846
179732932.949703
502791482.424700
216504509.112793
795660820.787987
533138617.887178
456153438.879145
458400173.182674
444427533.800977
587117896.496120
237915259.854840
811238350.233286
218558292.397614
350612698.525082
264939939.066826
168756095.732393
34977408.033486
202604280.203850
84144939.113892
592925730.880698
396558165.764150
409924486.930959
528191380.371643
384693157.158725
545739970.695695
324977716.212257
852138102.951587
683726152.101536
208597483.381414
109523519.681933
817542806.980128
811252632.212042
492246855.708715
702347456.056811
365966640.546247
317938715.961855
621240104.118295
829889953.372010
359791588.981766
434711222.423428
421058626.995252
604695799.448112
464040975.875292
231843427.179667
643238428.104032
169098879.054053
172167892.382512
46246032.814322
198826551.941436
187346162.616875
454492051.744038
152988363.579647
661771780.432779
697841254.183151
353591114.558778
579171178.357673
336204728.875618
262715535.507113
494128204.272484
613726186.304746
543046414.660608
310548481.725650
159076910.945775
678081916.065862
473606917.264525
520506421.256867
482238431.288713
520515243.412832
487619798.185557
440719236.960327
656888090.840815
126635931.840736
417927837.452853
397171865.919840
536244095.011329
250048301.319988
276141491.584798
171949223.515168
272846282.624812
115065051.879212
148808318.457434
442444990.772026
222441766.247471
296157278.467660
228107865.764774
506807321.005464
217468006.434409
475393523.338800
422744996.128787
407293861.310199
351851904.684769
373542054.548982
310573363.106890
460561018.943860
470648098.744188
357955568.329206
718580662.587834
222533892.002358
345665694.269316
362823510.694245
751622376.778453
603363287.961517
402524470.519367
711166581.098406
248036434.321014
306264908.709192
366521852.843496
762276710.920591
159053799.707207
114606541.084760
151814159.617358
112595626.576710
435539205.045459
236126833.766559
349198455.287273
398951966.182104
467154309.262678
402258440.789646
542149520.752807
248608878.786837
327187240.181053
658102952.779368
740519555.936293
463925630.699209
319216127.716543
285485742.070935
720455637.723973
450996519.136575
753260833.656790
863590426.638330
105571827.850732
374234404.883032
261740530.667848
785491456.265937
418556560.792976
569502115.647819
682961036.505214
211307209.993532
355346024.500930
233712080.614170
128322853.541634
172666074.570872
194150323.819567
305776949.620027
527353019.124290
380928769.864363
173153514.753510
311033459.209108
765662726.451430
397431805.957099
773583689.008813
761406935.897886
144346061.288697
245849831.686704
619440541.867214
745102016.375561
234950504.493462
540521571.016805
305821514.158568
652048884.908544
673102063.929952
608413413.498789
433840001.769352
222802550.344097
588925544.489225
182775963.052950
754864271.536338
443071005.502259
320618018.077698
338497459.027460
276301349.142054
101325415.635225
138423744.133624
60784553.895243
154069867.807172
219062314.638559
407864297.044345
699350372.757085
163751363.107346
544483025.926577
273880333.366123
674971481.554206
657423255.056214
483845243.743177
472722311.373637
511691356.883061
574082208.687677
349927283.218097
785566727.209311
470938872.841405
217123358.646922
195925618.730437
862664919.487172
574898108.410189
382501534.302017
538776727.386520
257957780.305026
417624467.501722
184584827.922661
685820327.789394
343136616.250243
57939144.863113
90244817.362977
104362930.768835
153294307.186912
173769232.514665
281497383.099021
423664726.603502
629915930.003043
211396324.555713
729759637.998628
521379135.170257
159743584.614119
262515381.781244
809960165.540154
759561018.297022
265310448.893851
496339246.284274
358334899.804978
359438013.169940
540437340.789923
561808231.979011
518272433.477208
295467619.929449
252610083.719895
717216645.419216
303335112.135996
385280045.345207
500339595.769826
330302774.256578
294521761.793199
258404280.765239
319575566.698389
340304010.863811
112799158.777232
71295946.408004
415286104.428800
534375085.633722
230051254.963981
361645946.139119
395520900.677693
248881651.098334
437675998.498787
454144978.444165
525147298.545308
241306953.395450
285123366.331888
468526051.009560
392735096.689838
255072879.311472
201603697.321081
479482375.914027
314200991.583970
367945983.992053
396197703.055955
631380595.344916
395418707.493413
371225216.852245
806398966.192571
194028204.716972
328348240.851647
458609261.334848
451182260.680767
170282635.128306
68580320.353329
171943767.265866
303973061.504787
148162973.086231
186730222.685718
348948244.071906
65112279.163025
319309002.486704
264342044.434215
457210569.245458
283463356.202512
349203340.394019
281674796.855824
528499080.943114
311304807.218471
348198758.111631
454943569.419284
183112742.251313
134788111.298002
403096306.985721
560846459.058409
281530881.041927
321025879.839557
272246170.004366
672069939.550506
376307394.324499
368319094.512432
765598069.070281
113769855.469590
215757744.590814
290715526.127897
156658584.727154
53801032.206303
217195867.681729
298041079.259728
273016175.054618
198099571.984614
359104743.651881
386217588.973323
126504522.608564
303507441.832553
616093825.480863
634056890.448169
333660272.362982
143556904.370049
389818906.239516
640485402.834028
296859963.338394
555521628.937892
414788474.152551
267072345.784846
160149207.247438
485054223.836800
648566349.036568
177036426.091846
254719274.614102
223585338.512308
637656361.630448
287498558.569776
286457310.053110
488890153.146798
437568763.542219
66748327.709776
45462419.035351
163433082.424433
150307338.956245
146908002.995179
120977406.321891
338538619.930340
102947234.989262
530950868.114184
518386447.264254
52256421.473690
85637155.374239
541049517.486960
616281914.314029
210770673.197579
248363356.090753
70267898.509675
433235198.593545
208282109.424346
438070703.303048
252775101.222514
245998962.542365
128795020.630099
441335164.253551
519067343.504618
230580507.992044
108723797.961032
231600031.012958
622744631.481603
241126816.849647
185005820.104717
89954578.287488
68019098.396962
83720121.993696
131906624.202128
307353545.791784
89714468.574108
453161334.312781
172271731.016341
351119297.025182
199193707.131359
536956141.503782
455782916.601762
173302818.533976
346540688.304629
236442343.383062
458626880.730003
118948245.813052
297054954.837657
142688835.881769
439409926.154591
84322106.161924
424107288.290965
150400746.222064
303888033.639795
117402301.048970
457924487.843665
426239372.948793
194064141.018908
182470508.348579
200348611.809049
419797440.344582
286652620.333897
36531091.876695
56954578.390002
158299636.581846
313578481.265662
309324002.101920
253593879.062055
288928061.461519
234298241.514085
306961658.692530
456318684.978764
447507093.537083
277602181.525279
212901253.951046
229584038.644249
252678632.083283
318592827.625978
297959670.422346
344772121.360325
263764581.256623
355414412.090300
354171954.187379
318231026.876621
241541445.630352
270443092.092828
417044987.616735
377301312.373724
284622702.214140
232030941.163499
327930470.248517
86843526.222588
26130126.825125
25064312.329770
52808873.789798
107019259.928475
48559984.789744
174431872.766247
35728424.042942
204376179.497083
99377857.297520
230843860.919824
160826325.849694
149502624.782413
203528270.411231
90113855.381493
176941011.195815
33616138.788544
189974975.226362
73683116.688453
161133437.206392
34990558.842733
244422641.138468
67392269.896662
170406394.479181
63695610.003381
203706681.680510
77638042.462121
124585296.753499
183207204.993065
266202447.765951
167056002.121748
144604632.552222
131178734.445454

SCALARS equiv_plastic_strain float 1
LOOKUP_TABLE default
0.001112
0.000013
0.000000
0.000014
0.000000
0.000000
0.000000
0.000000
0.000000
0.000000
0.000000
0.000000
0.000000
0.000000
0.000000
0.000000
0.000053
0.003973
0.027160
0.014794
0.251747
5.407381
2.255614
4.652427
2.398471
2.324480
0.728133
1.064445
1.138650
1.177769
0.394046
0.000600
0.000915
0.003622
0.001449
0.000000
0.000000
0.000892
0.000104
0.000000
0.000000
0.000000
0.000000
0.000000
0.000000
0.000000
0.000008
0.000841
0.000037
0.025830
0.054594
0.372650
2.289357
0.526636
0.557939
0.404643
0.464694
0.472813
0.613400
0.478523
0.345722
0.229653
0.000004
0.001880
0.000519
0.000000
0.000720
0.002284
0.000000
0.000000
0.000000
0.000001
0.000000
0.000000
0.000000
0.000000
0.000000
0.000004
0.000585
0.003744
0.056971
0.088559
0.464781
2.009566
1.460167
0.559478
0.401149
0.469164
0.443602
0.404425
0.355087
0.423646
0.350492
0.000001
0.000346
0.001067
0.003459
0.000567
0.000255
0.000039
0.002832
0.000002
0.000000
0.000000
0.000182
0.000000
0.000000
0.000001
0.000068
0.001588
0.012403
0.053344
0.101967
0.613346
2.100974
0.859798
0.427036
0.465757
0.377951
0.334713
0.264614
0.127514
0.150998
0.132945
0.000000
0.000020
0.000000
0.002410
0.000000
0.004549
0.002534
0.006115
0.000000
0.000326
0.000047
0.000018
0.000000
0.001632
0.000000
0.000657
0.000294
0.016035
0.074509
0.216544
0.663108
9.232371
1.795095
0.533818
0.436290
0.386620
0.277260
0.309001
0.145782
0.140535
0.095982
0.000000
0.001460
0.000449
0.004247
0.000031
0.005256
0.000000
0.007480
0.008732
0.012289
0.000090
0.001588
0.001057
0.004293
0.001674
0.005486
0.010395
0.027666
0.102253
0.223144
0.643341
2.018104
3.283310
0.707525
0.395623
0.368213
0.199621
0.188989
0.167582
0.189958
0.061919
0.000000
0.003725
0.000000
0.008980
0.005361
0.014862
0.002784
0.009588
0.008115
0.003542
0.001896
0.016993
0.000000
0.013326
0.005837
0.008221
0.011599
0.038428
0.127534
0.286165
0.599828
1.956592
2.693561
1.034314
0.424898
0.299369
0.209599
0.164185
0.144066
0.075557
0.017664
0.000000
0.000000
0.000000
0.010700
0.000001
0.026146
0.020318
0.013868
0.002980
0.010389
0.010906
0.006575
0.000086
0.017950
0.000327
0.033928
0.014471
0.022356
0.057233
0.285577
0.509485
9.683990
2.462695
2.234937
0.606078
0.298820
0.235803
0.179392
0.137071
0.059774
0.017608
0.000000
0.000000
0.004022
0.000000
0.002146
0.014580
0.004283
0.020035
0.004048
0.033736
0.010049
0.014637
0.015742
0.006734
0.006051
0.028434
0.017623
0.090426
0.115879
0.199480
0.558891
1.768091
2.698142
1.797045
1.171381
0.415938
0.255894
0.215965
0.169941
0.060263
0.028626
0.000000
0.000015
0.000011
0.000005
0.007062
0.001340
0.007258
0.014046
0.003927
0.016890
0.005344
0.027279
0.003517
0.011557
0.026053
0.027162
0.038276
0.071079
0.245422
0.326858
0.574842
7.639716
2.541758
3.389281
3.025243
0.669101
0.369494
0.250334
0.145547
0.113595
0.036711
0.000161
0.000000
0.003191
0.014402
0.000000
0.006050
0.003499
0.000357
0.003106
0.009371
0.000000
0.023535
0.014964
0.022020
0.013631
0.015377
0.052753
0.034438
0.082507
0.361059
0.470815
3.564556
3.530431
2.662067
1.814977
1.022928
0.543215
0.335611
0.185803
0.128231
0.082755
0.000747
0.000000
0.002047
0.001759
0.006522
0.010287
0.000006
0.017254
0.005408
0.003243
0.006456
0.012541
0.018665
0.015019
0.009372
0.048470
0.014065
0.052592
0.204558
0.451093
0.993606
2.652551
6.364058
2.725555
2.433377
2.939908
1.878905
0.405913
0.296385
0.187233
0.117132
0.000000
0.000083
0.001478
0.008322
0.012579
0.000000
0.000622
0.009103
0.000188
0.015725
0.014470
0.008906
0.016778
0.017576
0.013482
0.032051
0.036613
0.071998
0.127774
0.275678
0.999028
2.386425
2.205728
1.497746
2.383550
2.555125
1.002577
0.712751
0.459949
0.239007
0.157323
0.000009
0.001079
0.000032
0.003138
0.002395
0.012628
0.011224
0.000609
0.002888
0.004894
0.007223
0.016475
0.025012
0.021040
0.028260
0.039336
0.037197
0.094211
0.111169
0.402033
2.652407
1.814044
1.008302
1.107593
2.212392
3.001043
2.416468
1.842834
0.883981
0.319360
0.235548
0.000112
0.000160
0.000000
0.004064
0.003183
0.006749
0.003383
0.006962
0.012506
0.009444
0.010029
0.006231
0.008447
0.011805
0.037501
0.038839
0.017379
0.095371
0.246097
0.333382
0.729356
1.863430
1.634394
0.547185
1.108238
2.189906
2.608375
2.133204
0.881081
0.444509
0.360883
0.000893
0.000000
0.014186
0.006580
0.003322
0.011238
0.006253
0.014167
0.000005
0.000382
0.011269
0.013049
0.021113
0.015428
0.030723
0.036201
0.110988
0.088442
0.102003
0.400868
1.046742
2.150524
0.784193
0.484304
0.571578
1.059294
1.780322
2.520039
2.390675
0.800087
0.526740
0.000340
0.000001
0.005912
0.000000
0.011850
0.012763
0.002468
0.005372
0.010609
0.015655
0.001180
0.009215
0.010073
0.010660
0.021830
0.026639
0.068916
0.056906
0.244927
0.431332
0.795698
2.794374
1.285733
1.207107
0.604995
0.546651
1.574081
2.241422
1.657745
1.426964
0.796893
0.000001
0.000000
0.016219
0.004065
0.006164
0.002688
0.008444
0.012872
0.008895
0.007697
0.017250
0.025444
0.014923
0.021900
0.012683
0.035804
0.080494
0.074201
0.165957
0.208680
0.857329
2.587855
2.447990
0.797830
1.388877
0.692308
0.409002
1.007807
1.203511
2.161423
0.936668
0.000531
0.000000
0.007031
0.000023
0.014512
0.019917
0.009249
0.001536
0.011504
0.008824
0.010068
0.011553
0.007813
0.033513
0.016659
0.046889
0.054777
0.131289
0.112887
0.296022
0.487686
2.656111
2.553972
1.453197
1.120870
0.226490
0.351239
0.950415
1.773025
1.806051
1.034436
0.000039
0.000001
0.003984
0.005194
0.010848
0.001394
0.010927
0.015363
0.012014
0.015332
0.022456
0.017376
0.042398
0.009404
0.019426
0.057486
0.026921
0.094977
0.079579
0.332014
0.520828
1.692935
2.338500
1.895133
2.107128
0.804242
1.107883
0.261349
1.119266
1.924814
1.299574
0.000021
0.000000
0.006270
0.005900
0.001031
0.013521
0.017064
0.011775
0.009200
0.017936
0.022810
0.013163
0.029257
0.015468
0.051587
0.046743
0.075858
0.120141
0.108509
0.358130
7.592552
2.328236
1.501732
2.000234
1.317176
1.190695
0.525731
0.607770
0.443149
0.990250
1.671279
0.000034
0.000001
0.001982
0.003316
0.004566
0.008409
0.001747
0.015000
0.029995
0.015447
0.019560
0.018685
0.022443
0.041463
0.031480
0.019351
0.050529
0.066583
0.162790
0.349972
0.683450
0.732000
2.063212
1.700341
1.867416
1.654852
0.757073
0.803993
0.396485
0.608014
1.130252
0.000002
0.000001
0.005434
0.007072
0.003170
0.003224
0.007691
0.012679
0.007628
0.008597
0.017096
0.024350
0.025188
0.029980
0.043723
0.036999
0.115776
0.106522
0.158071
0.325641
2.806376
0.949593
1.237066
1.370953
1.733423
1.493506
0.966210
0.935794
0.556028
0.449030
0.757675
0.000025
0.000121
0.003588
0.001400
0.010036
0.012076
0.007293
0.006056
0.017091
0.026028
0.005377
0.020877
0.026676
0.012956
0.040435
0.027378
0.074540
0.073074
0.240651
0.162487
0.540050
3.076342
1.592903
1.293375
1.174853
0.905334
1.512553
1.104241
1.550850
0.720985
0.961725
0.000101
0.000000
0.002215
0.005850
0.005050
0.001659
0.013756
0.012095
0.008480
0.007065
0.016245
0.025570
0.024538
0.028908
0.049601
0.028620
0.079392
0.072087
0.143304
0.286092
0.932367
2.152848
2.032514
1.881517
0.964005
0.858628
1.337316
1.319036
0.644059
1.014304
0.817702
0.000006
0.000000
0.003100
0.001789
0.001991
0.006847
0.010093
0.003209
0.009367
0.009866
0.014044
0.002320
0.023693
0.021987
0.038785
0.054486
0.065137
0.118739
0.185135
0.390685
0.359261
1.054873
2.315065
1.532370
0.717010
0.473819
0.559308
1.109798
0.955790
1.176746
0.937696
0.000002
0.000001
0.001622
0.000029
0.008058
0.008809
0.004498
0.006461
0.018198
0.004956
0.015638
0.018408
0.019696
0.018380
0.035140
0.061460
0.042775
0.070585
0.067146
0.226930
2.839095
7.067084
2.538723
2.048728
1.221479
0.557578
0.739053
0.447093
1.287958
1.287411
0.694133
0.000004
0.000001
0.008593
0.004734
0.001897
0.001430
0.013939
0.009403
0.011049
0.020006
0.015456
0.009595
0.032432
0.033002
0.048909
0.043050
0.053701
0.105977
0.119920
0.321475
0.501676
1.000111
2.414168
2.419792
1.861446
0.947088
0.711190
0.464251
0.796115
1.148766
1.041013
0.000036
0.000000
0.002194
0.000374
0.008777
0.009505
0.005360
0.007770
0.013662
0.015448
0.014508
0.020468
0.018977
0.038624
0.041689
0.030396
0.046664
0.099853
0.128387
0.378533
0.791984
3.498209
2.456508
2.097869
1.964486
1.401317
1.241398
1.147306
0.619873
0.761719
0.870323
0.000059
0.000000
0.001407
0.008070
0.003043
0.002324
0.009310
0.018390
0.012394
0.012947
0.021063
0.024332
0.037428
0.036823
0.041575
0.057556
0.062909
0.060631
0.153895
0.221989
1.713542
0.552082
3.184494
1.850967
1.777314
1.442582
0.639982
1.241637
0.478033
0.574714
1.082458
0.000002
0.000011
0.000095
0.001143
0.002264
0.011444
0.016324
0.005302
0.007903
0.020220
0.014780
0.015363
0.030414
0.021374
0.026012
0.078225
0.057948
0.107315
0.224502
0.370175
0.351972
3.847026
0.767402
1.219405
0.985402
1.980964
1.658449
1.163053
0.649384
0.734766
0.946714
0.000004
0.000000
0.000162
0.006220
0.009643
0.003104
0.004263
0.008386
0.013819
0.009057
0.005777
0.014456
0.017075
0.034739
0.060992
0.047647
0.090615
0.056123
0.085575
0.182952
1.240323
1.368905
4.089832
0.610946
1.308821
1.153179
1.660590
1.403092
1.809766
0.977995
0.679531
0.000042
0.000172
0.000061
0.004637
0.002629
0.000728
0.018044
0.011463
0.010552
0.012031
0.017031
0.015927
0.024235
0.033919
0.068830
0.091877
0.046415
0.124171
0.124508
0.291558
0.731322
7.039814
0.755972
0.547951
0.822993
0.707486
1.297604
1.283511
1.155235
1.367084
0.931924
0.000588
0.004026
0.000297
0.001961
0.010106
0.008338
0.008417
0.003968
0.011149
0.010191
0.012323
0.020891
0.026824
0.035140
0.023345
0.034438
0.048016
0.132880
0.159163
0.205679
0.579078
3.044471
2.126024
1.978219
0.402179
0.643824
0.562406
1.192373
1.340374
1.638129
1.060180
0.000004
0.000178
0.006106
0.003139
0.006705
0.003083
0.011221
0.020395
0.013062
0.007134
0.010750
0.014687
0.023146
0.038148
0.051488
0.041900
0.032369
0.052266
0.124069
0.123740
1.089879
1.063639
2.943570
1.299328
0.807657
0.736716
0.441994
0.686192
0.775142
1.415294
0.885688
0.000004
0.005066
0.001418
0.003185
0.008525
0.020527
0.012368
0.010575
0.000212
0.031336
0.010284
0.023086
0.030642
0.017292
0.024374
0.038443
0.043241
0.072526
0.247138
0.375634
0.668428
2.926574
1.690671
2.333842
2.361828
0.590696
0.290221
0.460898
0.849253
1.045223
1.033208
0.000003
0.000000
0.000018
0.007930
0.004432
0.001676
0.007482
0.023590
0.009751
0.023335
0.013816
0.036224
0.014165
0.045985
0.040102
0.051462
0.057502
0.084460
0.135462
0.113917
6.304248
1.960179
2.224357
2.392706
1.059223
1.742572
0.823093
0.584273
0.525502
0.966469
1.096737
0.000003
0.000006
0.007069
0.013490
0.013621
0.024646
0.036699
0.021768
0.020378
0.013161
0.026835
0.028882
0.027032
0.050760
0.015921
0.052621
0.063533
0.116783
0.197654
0.400903
0.546102
1.838248
3.365819
1.900775
1.700295
1.545639
0.486038
0.627513
0.528865
0.582639
0.853157
0.000001
0.001740
0.000000
0.000007
0.009285
0.018922
0.028496
0.008924
0.008204
0.020923
0.015325
0.002365
0.023927
0.034340
0.019065
0.054065
0.044073
0.108584
0.069648
0.428838
0.932002
0.802111
1.931664
1.289443
2.152851
1.305056
1.893980
0.968336
0.337498
0.390751
0.709994
0.000001
0.000001
0.000000
0.010334
0.000909
0.024613
0.025342
0.040861
0.018949
0.010893
0.040571
0.022810
0.061551
0.013856
0.054440
0.042135
0.100833
0.122307
0.138235
0.429059
0.955753
3.190248
1.248647
1.722271
1.828209
1.522451
2.036181
1.258992
1.423215
0.382613
0.579244
0.000009
0.000000
0.000859
0.010051
0.009677
0.020426
0.008370
0.045539
0.024776
0.017831
0.028457
0.016179
0.033647
0.023082
0.029651
0.079481
0.049307
0.101780
0.200578
0.335701
3.200926
2.127593
0.849158
0.890019
0.433787
1.708565
1.586915
1.715946
0.980305
0.686870
0.491060
0.000001
0.000000
0.008109
0.000169
0.017613
0.032711
0.011246
0.030621
0.023971
0.027034
0.014933
0.033170
0.036591
0.018820
0.070543
0.034078
0.061659
0.094825
0.116011
0.289913
1.028789
1.806357
1.358043
0.925423
0.451414
0.740531
0.907311
1.734071
1.450654
1.196879
0.620627
0.000000
0.000000
0.007825
0.007094
0.027198
0.006987
0.042427
0.030569
0.032651
0.019158
0.027780
0.026996
0.020001
0.015929
0.054319
0.025051
0.046322
0.042096
0.121743
1.149550
0.600048
2.978392
2.018493
1.050701
0.475998
0.722429
0.934586
1.445216
1.685893
1.891588
0.781124
0.000017
0.002886
0.000642
0.003198
0.024475
0.020053
0.050444
0.009048
0.051395
0.003915
0.029521
0.014816
0.028431
0.047441
0.010427
0.055355
0.070449
0.103407
0.147350
0.307579
0.353623
2.963309
3.337552
0.811977
0.780534
0.279577
0.475656
0.525803
0.663552
1.603145
0.805969
0.000000
0.000119
0.003551
0.006241
0.008950
0.033705
0.025547
0.030438
0.008909
0.013823
0.045784
0.015619
0.041679
0.021980
0.038494
0.048767
0.031271
0.053623
0.169096
0.278025
0.621698
1.858913
3.238157
1.480679
0.827740
0.532026
0.662930
1.654280
0.634566
1.080669
1.009445
0.000000
0.000000
0.002857
0.002059
0.000964
0.017266
0.010405
0.060927
0.027076
0.027525
0.014463
0.024278
0.054080
0.048118
0.040281
0.016288
0.063095
0.091740
0.087536
0.309671
0.488318
4.463875
2.424186
2.609460
1.402027
0.643166
0.286947
0.457724
0.707234
0.898505
0.994926
0.000002
0.000045
0.001714
0.000388
0.016520
0.003987
0.031752
0.016557
0.037447
0.014000
0.045883
0.065831
0.019601
0.027628
0.083086
0.035697
0.087317
0.087391
0.171745
0.156900
0.302463
3.768411
2.670546
2.670000
1.049906
0.747831
0.535525
0.639644
0.422530
0.472959
0.951932
0.000000
0.000000
0.000033
0.003278
0.012298
0.005865
0.021989
0.035186
0.019914
0.040104
0.020741
0.023040
0.019165
0.044741
0.039274
0.062644
0.073915
0.028995
0.146522
0.285155
1.103669
0.761162
2.047792
2.333793
2.284553
1.981768
0.632522
0.435765
0.430939
0.492964
0.957334
0.000020
0.000000
0.005563
0.009636
0.002078
0.027633
0.016004
0.015389
0.010419
0.039214
0.042677
0.013930
0.032007
0.036895
0.035521
0.049842
0.055420
0.093343
0.140767
0.763946
0.262461
2.212556
0.786708
1.470675
2.295802
1.106121
1.961853
1.129920
0.457253
0.533617
0.648957
0.000003
0.000001
0.004281
0.000000
0.000916
0.007387
0.021339
0.060380
0.014579
0.023749
0.035841
0.039807
0.021866
0.033194
0.048788
0.028859
0.079637
0.041036
0.123426
0.287905
3.791180
1.326619
1.262451
1.736484
2.011634
2.256788
2.385323
0.925982
1.162849
0.645676
0.788351
0.000021
0.000000
0.008150
0.008328
0.020035
0.004547
0.033330
0.018560
0.016272
0.051478
0.043298
0.023726
0.033353
0.025155
0.019821
0.040134
0.110798
0.100679
0.206942
0.113491
0.583189
1.061512
0.891721
0.998908
0.610476
0.937667
1.515765
2.010868
0.784987
0.731749
0.458549
0.002617
0.004483
0.008791
0.013706
0.001333
0.013984
0.018594
0.012470
0.022302
0.014438
0.024691
0.036023
0.024526
0.051856
0.031794
0.033841
0.051772
0.092421
0.158730
0.292771
1.217628
1.300594
0.704924
1.850089
0.611272
1.499363
0.721795
2.086616
2.114592
1.046733
0.660719
0.000000
0.000551
0.018655
0.007293
0.043574
0.024244
0.029554
0.031116
0.046782
0.040918
0.042311
0.008880
0.022393
0.052787
0.081315
0.049884
0.053086
0.130504
0.769926
0.120266
0.259320
2.003707
1.961668
0.666161
0.381838
0.403439
1.073436
1.643747
1.576221
1.411120
0.809178
0.000000
0.006560
0.021458
0.009363
0.031848
0.012796
0.014736
0.005903
0.041996
0.022117
0.038177
0.037801
0.050600
0.014745
0.053184
0.047391
0.051023
0.070337
0.180663
0.385215
1.149668
2.042812
0.584356
0.911908
1.125952
0.429137
0.499049
1.036122
1.555702
1.860549
0.912848
0.000000
0.000003
0.004070
0.026305
0.009258
0.014676
0.036140
0.016519
0.038726
0.010868
0.036039
0.037780
0.023242
0.032908
0.080102
0.081311
0.097415
0.096386
0.112997
0.364118
0.697875
1.046395
2.093109
1.410062
0.517338
0.505408
0.516510
0.726293
0.775724
1.657613
0.988437
0.000511
0.000043
0.007787
0.010106
0.002409
0.015563
0.021245
0.022790
0.012802
0.028379
0.024221
0.024233
0.044124
0.034386
0.027899
0.053482
0.062500
0.058866
0.104573
0.257323
0.454745
2.170610
1.617669
0.587263
1.903635
0.857568
0.375208
0.439540
1.379827
1.158495
0.964678
0.000000
0.002917
0.002399
0.007142
0.018045
0.019931
0.008041
0.027348
0.028836
0.017098
0.027837
0.026774
0.057621
0.026257
0.043722
0.066809
0.080443
0.112899
0.090765
0.759308
1.149600
0.380304
1.914657
1.975547
0.782996
0.501398
0.565371
0.558989
0.787060
0.830255
1.105706
0.000137
0.003848
0.000153
0.021402
0.004975
0.019103
0.023229
0.025082
0.000005
0.020210
0.018296
0.011958
0.024020
0.024105
0.041857
0.047648
0.058855
0.103455
0.248078
0.254188
0.940915
1.038715
1.426269
1.789040
1.382306
1.654467
0.775647
0.647533
0.724435
0.343490
1.065177
0.000008
0.001810
0.002516
0.009036
0.009226
0.026119
0.018504
0.022265
0.019029
0.023173
0.012035
0.043384
0.039047
0.039301
0.019109
0.046926
0.065083
0.059782
0.081754
0.091313
0.510407
0.802759
0.547705
1.178602
1.697602
1.415338
0.574839
0.841298
0.335865
0.358121
0.579543
0.000003
0.000000
0.003376
0.018764
0.019705
0.017303
0.005837
0.024733
0.053528
0.017210
0.049044
0.008748
0.046344
0.010989
0.058981
0.023309
0.062282
0.060768
0.154618
0.165674
0.373717
0.527695
0.572283
0.815509
1.669104
1.770106
1.269555
0.416750
0.832968
0.432691
0.593443
0.000123
0.001376
0.004754
0.005923
0.015799
0.019408
0.019453
0.011915
0.013657
0.018683
0.011365
0.050363
0.039431
0.041580
0.056222
0.004350
0.066290
0.071389
0.067496
0.133064
0.143085
0.374725
0.377564
0.445663
0.891431
1.590776
1.386885
0.661757
0.385318
0.590185
0.636710
0.000000
0.000000
0.001348
0.006576
0.007703
0.016321
0.004907
0.032241
0.036196
0.006416
0.025129
0.014618
0.040076
0.067768
0.005311
0.063239
0.046615
0.065186
0.044832
0.124190
0.195225
0.265378
0.323343
0.295981
0.257384
0.635352
1.656611
1.702058
1.144649
0.638085
0.579769
0.000000
0.002029
0.000212
0.023652
0.000001
0.021285
0.028085
0.011618
0.003675
0.039017
0.065521
0.024078
0.040347
0.061397
0.066924
0.068696
0.050189
0.023954
0.049131
0.076784
0.107736
0.134418
0.318195
0.342846
0.416551
1.176234
0.811898
1.447040
1.735056
0.784247
0.521586
0.000000
0.000001
0.010540
0.000879
0.023672
0.036729
0.016024
0.008886
0.042651
0.015517
0.044759
0.008468
0.086165
0.037616
0.063761
0.020020
0.053662
0.040307
0.035266
0.065933
0.056743
0.170538
0.145397
0.301094
0.352187
0.275194
0.380318
1.523520
1.390667
0.947991
0.623312
0.000087
0.000001
0.000778
0.025091
0.016350
0.010365
0.024740
0.039943
0.013651
0.017225
0.040940
0.036355
0.016822
0.022370
0.040746
0.031381
0.010687
0.039290
0.022904
0.064109
0.141328
0.062701
0.207370
0.253314
0.201676
0.311258
0.352666
0.938570
1.369584
1.416632
0.672176
0.001187
0.000940
0.001783
0.000037
0.006095
0.013157
0.010655
0.034714
0.017369
0.033830
0.000331
0.038455
0.024858
0.054505
0.046737
0.048990
0.053030
0.035914
0.019442
0.061266
0.047310
0.093720
0.119249
0.075044
0.223032
0.219923
0.161774
0.601307
0.407808
1.587278
0.734718
0.000000
0.000052
0.008102
0.004161
0.023745
0.010920
0.002827
0.017071
0.044369
0.022145
0.031367
0.058369
0.024892
0.045818
0.015190
0.035257
0.005237
0.021391
0.024034
0.076544
0.063900
0.049513
0.081097
0.158338
0.122025
0.129013
0.327371
0.297689
1.172480
1.159794
0.838336
0.000000
0.000763
0.011832
0.005450
0.018558
0.008587
0.043651
0.026557
0.011843
0.041857
0.035184
0.027592
0.010862
0.046727
0.038709
0.062160
0.014726
0.092933
0.015177
0.021004
0.038360
0.059572
0.038226
0.034439
0.129707
0.251350
0.151462
0.180654
0.480075
0.610054
0.961841
0.000000
0.000001
0.001540
0.000000
0.019514
0.005964
0.027939
0.026168
0.045004
0.018700
0.013699
0.032782
0.018194
0.026652
0.012812
0.024403
0.023494
0.038321
0.032591
0.036724
0.029688
0.041201
0.106092
0.063750
0.098296
0.087633
0.204312
0.274477
0.153411
0.260216
1.025953
0.000000
0.000000
0.000037
0.007616
0.007656
0.003699
0.013171
0.019045
0.011858
0.015011
0.021623
0.018948
0.016868
0.023237
0.048971
0.033363
0.021123
0.010805
0.021383
0.024755
0.020931
0.032662
0.038545
0.030569
0.040983
0.059387
0.104380
0.125426
0.204243
0.257559
0.389006
0.000001
0.005181
0.000317
0.000149
0.002675
0.032064
0.010156
0.033974
0.024526
0.023433
0.007443
0.006736
0.039552
0.018919
0.007270
0.025237
0.037151
0.048350
0.021015
0.000340
0.051967
0.037495
0.024153
0.044265
0.086728
0.011362
0.075411
0.122569
0.191591
0.240072
0.312591
0.000000
0.000210
0.000000
0.010868
0.010379
0.000028
0.002639
0.028782
0.005062
0.021640
0.023802
0.037637
0.000028
0.009577
0.021308
0.053865
0.005927
0.005497
0.035694
0.050025
0.003736
0.032030
0.011522
0.037942
0.027796
0.046722
0.062250
0.082303
0.065745
0.212017
0.205597
0.000121
0.002219
0.007265
0.007126
0.000000
0.015424
0.012543
0.005178
0.000500
0.029545
0.005265
0.026928
0.033692
0.057945
0.012319
0.000405
0.027472
0.025098
0.005041
0.018922
0.022765
0.006279
0.036515
0.033170
0.033421
0.041330
0.039716
0.054623
0.083382
0.143703
0.140967
0.000000
0.000580
0.002460
0.004394
0.008739
0.016850
0.024446
0.014719
0.019402
0.001196
0.013451
0.034882
0.018693
0.034187
0.031087
0.016559
0.023891
0.033303
0.040405
0.011836
0.036858
0.007185
0.017275
0.017826
0.004233
0.009144
0.042645
0.043968
0.068474
0.086148
0.110602
0.000000
0.001495
0.000127
0.011755
0.002919
0.008024
0.025722
0.037078
0.018888
0.011632
0.026602
0.013821
0.012656
0.024677
0.040298
0.007532
0.023642
0.025115
0.015596
0.028151
0.031084
0.020317
0.013477
0.018807
0.026270
0.012770
0.027346
0.046884
0.064644
0.063346
0.079930
0.000014
0.000515
0.002291
0.005958
0.011856
0.008437
0.007406
0.000809
0.019505
0.006149
0.021585
0.019256
0.054461
0.006364
0.008657
0.019267
0.020233
0.012598
0.002181
0.045620
0.016505
0.029160
0.010381
0.007130
0.022793
0.009061
0.023820
0.059920
0.030126
0.059788
0.051742
0.000000
0.000000
0.002056
0.002320
0.019533
0.005043
0.014334
0.022119
0.015917
0.007500
0.021513
0.010632
0.034112
0.012799
0.038816
0.011670
0.013289
0.043632
0.015263
0.001945
0.006335
0.006278
0.035390
0.026522
0.012140
0.027488
0.029828
0.012771
0.053532
0.052117
0.027760
0.000670
0.000000
0.011668
0.002501
0.007865
0.013069
0.023784
0.005154
0.001651
0.016482
0.011413
0.013656
0.009582
0.032417
0.025033
0.017734
0.041113
0.001664
0.012228
0.037114
0.027907
0.013804
0.012991
0.015144
0.008449
0.021896
0.004666
0.027608
0.027879
0.030130
0.024191
0.000000
0.001094
0.001137
0.000000
0.016336
0.012176
0.024706
0.025468
0.025690
0.004017
0.006156
0.016308
0.017189
0.015921
0.012334
0.026849
0.009163
0.022243
0.038345
0.009617
0.012995
0.016280
0.029054
0.033143
0.008207
0.003133
0.000394
0.015570
0.016202
0.035378
0.037060
0.000000
0.000284
0.004304
0.006702
0.004116
0.002662
0.018915
0.018452
0.018129
0.011852
0.021245
0.003405
0.005210
0.023237
0.019877
0.015333
0.011540
0.024505
0.000010
0.023638
0.039493
0.010121
0.030215
0.027324
0.001854
0.011810
0.032122
0.014236
0.010582
0.030575
0.024910
0.000000
0.000000
0.000466
0.002621
0.006597
0.014742
0.005965
0.014706
0.024147
0.025965
0.010136
0.013727
0.040683
0.003120
0.018207
0.014838
0.013382
0.008131
0.014368
0.022441
0.015188
0.032382
0.014204
0.047576
0.015915
0.017008
0.000016
0.015851
0.010338
0.020754
0.019752
0.000000
0.000000
0.004393
0.010067
0.013918
0.012167
0.015543
0.028081
0.006516
0.023619
0.020693
0.020702
0.008854
0.000926
0.050043
0.003750
0.026480
0.025247
0.024997
0.008090
0.000254
0.032538
0.013856
0.020066
0.019865
0.012338
0.031157
0.041856
0.017125
0.008686
0.013926
0.000299
0.000000
0.006180
0.002631
0.004097
0.018680
0.022053
0.014258
0.014455
0.035161
0.020430
0.020087
0.023093
0.025722
0.013335
0.004658
0.031912
0.002264
0.032130
0.038397
0.022429
0.003378
0.028363
0.042279
0.043009
0.018797
0.009568
0.000000
0.009784
0.027399
0.014123
0.000000
0.000000
0.002192
0.004737
0.008387
0.003496
0.008668
0.024055
0.021734
0.007462
0.021434
0.021778
0.025344
0.010193
0.012734
0.025539
0.005658
0.004538
0.017594
0.006329
0.024602
0.019837
0.067527
0.005655
0.000243
0.017935
0.026093
0.023691
0.027502
0.026896
0.001144
0.000001
0.000052
0.003137
0.006023
0.001960
0.006259
0.024255
0.005411
0.017778
0.027188
0.025581
0.009890
0.018794
0.021250
0.027712
0.008074
0.008696
0.029883
0.008596
0.011520
0.048659
0.007735
0.011820
0.040209
0.069740
0.022145
0.008550
0.026394
0.003540
0.020955
0.008556
0.000000
0.000000
0.000016
0.002559
0.006816
0.010403
0.002991
0.008712
0.026542
0.014465
0.031270
0.022059
0.027304
0.014011
0.018100
0.014762
0.032230
0.007748
0.009039
0.012851
0.009177
0.022722
0.032288
0.030523
0.000471
0.004377
0.009950
0.016228
0.030306
0.001797
0.009133
0.000042
0.000002
0.005606
0.004156
0.009550
0.004732
0.007558
0.013743
0.003895
0.011140
0.025576
0.017285
0.025718
0.024731
0.025043
0.018702
0.020012
0.030767
0.034634
0.004420
0.000044
0.039859
0.002177
0.015698
0.036265
0.057076
0.008804
0.000002
0.009247
0.016931
0.011350
0.000078
0.000000
0.002618
0.001759
0.004880
0.009209
0.012840
0.003439
0.010627
0.018199
0.010042
0.009807
0.025388
0.026252
0.017006
0.021503
0.026021
0.013079
0.013831
0.029379
0.003029
0.004427
0.006955
0.024683
0.023166
0.001325
0.022627
0.018583
0.011371
0.039738
0.008225
0.000000
0.000003
0.000007
0.003772
0.010257
0.002456
0.003936
0.012937
0.018150
0.004527
0.013183
0.020476
0.006930
0.015336
0.021116
0.029138
0.008599
0.019741
0.018701
0.031877
0.000199
0.010548
0.015082
0.001044
0.017277
0.025426
0.032752
0.005375
0.029001
0.019606
0.000085
0.000002
0.000000
0.001670
0.001128
0.003466
0.008027
0.013326
0.008418
0.005824
0.020701
0.024148
0.005556
0.022924
0.028309
0.014335
0.022853
0.023242
0.023973
0.010643
0.009755
0.011109
0.010058
0.000000
0.016175
0.012912
0.017054
0.004295
0.004241
0.030433
0.001510
0.015835
0.000000
0.000000
0.000000
0.003039
0.008417
0.011442
0.002992
0.007262
0.018597
0.017248
0.005744
0.019675
0.016694
0.010055
0.020350
0.025449
0.019689
0.026143
0.015688
0.019081
0.006344
0.010856
0.005696
0.016862
0.007150
0.000825
0.024834
0.019989
0.000092
0.001850
0.010696
0.000005
0.000001
0.000176
0.001869
0.000390
0.005011
0.009108
0.016196
0.002845
0.010662
0.020863
0.032792
0.012405
0.018132
0.016460
0.015739
0.030142
0.011667
0.029479
0.025746
0.009114
0.013934
0.002478
0.000000
0.016957
0.008635
0.009899
0.000000
0.011097
0.010798
0.001565
0.000000
0.000000
0.000146
0.000000
0.004117
0.008006
0.003853
0.003033
0.010831
0.019250
0.004013
0.020600
0.022366
0.027678
0.012574
0.022711
0.015172
0.027773
0.024498
0.028129
0.018991
0.017550
0.008852
0.006087
0.003467
0.008267
0.003280
0.006576
0.001768
0.002823
0.002976
0.000392
0.000000
0.006525
0.000965
0.003531
0.001538
0.004946
0.012585
0.009576
0.005192
0.013764
0.022573
0.015692
0.023326
0.024020
0.027154
0.008981
0.024736
0.010864
0.040076
0.020623
0.002275
0.004024
0.000181
0.003604
0.004846
0.002921
0.003390
0.002053
0.006749
0.001353
0.000000
0.000017
0.001482
0.000000
0.004760
0.005372
0.009716
0.003601
0.008351
0.014406
0.013028
0.004750
0.016645
0.022298
0.021874
0.022509
0.024641
0.015263
0.019823
0.021255
0.012051
0.034626
0.014215
0.003124
0.015914
0.000000
0.000025
0.001143
0.009775
0.009250
0.000108
0.000000
0.000000
0.004840
0.000376
0.004844
0.000000
0.006791
0.007644
0.013382
0.004821
0.009054
0.015863
0.024451
0.009435
0.018282
0.016121
0.024981
0.029847
0.024199
0.004718
0.019915
0.010604
0.014733
0.009114
0.000000
0.008854
0.014649
0.005413
0.000023
0.011374
0.006459
0.000011
0.000000
0.000083
0.000000
0.007003
0.003082
0.007872
0.000197
0.004621
0.008293
0.010832
0.005196
0.010878
0.015014
0.020750
0.015115
0.018510
0.011174
0.014482
0.028924
0.015355
0.015276
0.020481
0.015401
0.001126
0.001886
0.004330
0.007316
0.006572
0.002248
0.000070
0.000000
0.000000
0.007218
0.001005
0.013303
0.000049
0.000743
0.010458
0.011643
0.003674
0.005435
0.011472
0.017079
0.013913
0.011459
0.013410
0.017270
0.017981
0.014455
0.008068
0.011305
0.019907
0.017853
0.006101
0.010895
0.012592
0.003648
0.004982
0.000007
0.009754
0.002890
0.000000
0.000000
0.004044
0.002637
0.004849
0.012517
0.019213
0.000018
0.001399
0.008767
0.008769
0.002651
0.007204
0.011160
0.013883
0.015793
0.004450
0.014162
0.011568
0.018125
0.010267
0.010014
0.015685
0.015093
0.009271
0.000000
0.003114
0.004208
0.003394
0.014583
0.011165
0.000000
0.000000
0.000270
0.000000
0.007180
0.003859
0.014949
0.019152
0.014692
0.000006
0.003195
0.006135
0.009224
0.000017
0.013763
0.006417
0.010830
0.010486
0.006956
0.012523
0.007361
0.018247
0.003351
0.010799
0.006972
0.002735
0.001049
0.014514
0.006080
0.000006
0.000249
0.000000
0.000000
0.000000
0.000557
0.000000
0.000000
0.013998
0.002657
0.004784
0.011655
0.012358
0.000192
0.008110
0.017620
0.013715
0.000055
0.005235
0.011670
0.007502
0.002791
0.003837
0.011416
0.009244
0.010982
0.028418
0.009636
0.004520
0.001461
0.007271
0.010227
0.000190
0.000000
0.000000
0.000694
0.002485
0.000842
0.001153
0.000000
0.004692
0.020601
0.012631
0.016566
0.019172
0.022082
0.000890
0.001678
0.009039
0.013180
0.000828
0.007435
0.006355
0.012461
0.003438
0.003585
0.011931
0.007654
0.003670
0.012767
0.002303
0.003977
0.000000
0.008289
0.000000
0.000000
0.000000
0.000000
0.000730
0.000000
0.011522
0.002247
0.000098
0.006038
0.014468
0.011150
0.007370
0.014407
0.018297
0.003326
0.000995
0.010714
0.015694
0.000098
0.011367
0.004458
0.011044
0.000001
0.010882
0.019813
0.001849
0.007978
0.014184
0.005940
0.003288
0.000000
0.000000
0.000000
0.000010
0.000151
0.000001
0.002462
0.000000
0.004978
0.006092
0.001428
0.002310
0.013818
0.004456
0.000012
0.004964
0.014810
0.007405
0.000080
0.024989
0.019204
0.005880
0.012702
0.013145
0.000018
0.000532
0.014566
0.006681
0.003487
0.034753
0.000370
0.000000
0.000000
0.000552
0.000000
0.000020
0.000519
0.006560
0.006870
0.001935
0.000006
0.006936
0.011950
0.000010
0.000860
0.010822
0.008722
0.000833
0.009135
0.014181
0.010696
0.005263
0.016917
0.009749
0.006620
0.002841
0.023729
0.007433
0.009444
0.002064
0.008545
0.004214
0.000000
0.000000
0.000000
0.000004
0.003262
0.000000
0.000239
0.001872
0.000000
0.005920
0.001514
0.003941
0.000980
0.016770
0.000796
0.000382
0.010225
0.001634
0.004692
0.007656
0.013217
0.003298
0.014492
0.014453
0.000019
0.005448
0.005522
0.017090
0.004082
0.000778
0.006435
0.000000
0.000000
0.002746
0.000041
0.000000
0.001444
0.002763
0.019270
0.000833
0.006150
0.000000
0.017522
0.000289
0.000214
0.001821
0.016216
0.000011
0.000000
0.013048
0.018821
0.013375
0.008047
0.014193
0.018463
0.012685
0.004422
0.018065
0.005154
0.002460
0.007253
0.000580
0.000000
0.000000
0.000000
0.000000
0.004826
0.010077
0.000000
0.003150
0.001417
0.012013
0.004751
0.008102
0.000000
0.003585
0.003543
0.003469
0.004957
0.004601
0.019671
0.000228
0.016151
0.021953
0.005506
0.008538
0.001925
0.007365
0.013378
0.002225
0.000003
0.000795
0.000024
0.000000
0.000138
0.000093
0.004175
0.000000
0.000000
0.002393
0.014257
0.003368
0.005071
0.000939
0.000247
0.010475
0.004034
0.006791
0.025719
0.002525
0.017370
0.016893
0.029731
0.001766
0.000222
0.018013
0.006792
0.000001
0.006132
0.011821
0.005963
0.001191
0.000041
0.000115
0.000000
0.000086
0.000710
0.000000
0.000165
0.010986
0.000000
0.000020
0.002839
0.022244
0.019562
0.012991
0.015687
0.009454
0.009787
0.000041
0.021846
0.006782
0.003006
0.005805
0.014259
0.011635
0.000007
0.001046
0.008578
0.000776
0.000000
0.000369
0.002335
0.000486
0.000000
0.000000
0.000000
0.003835
0.003615
0.000000
0.000000
0.000095
0.009687
0.011980
0.000725
0.010389
0.001617
0.000000
0.017997
0.013789
0.008016
0.019037
0.006750
0.016329
0.013424
0.017408
0.001536
0.005530
0.012331
0.002549
0.003125
0.008355
0.004943
0.000018
0.001742
0.000000
0.000000
0.000000
0.000000
0.000000
0.003638
0.005996
0.007983
0.000000
0.002221
0.004896
0.002216
0.002137
0.019548
0.002059
0.001364
0.004132
0.000860
0.000501
0.008502
0.001735
0.000000
0.008545
0.013986
0.000415
0.007739
0.012579
0.000700
0.000000
0.006359
0.000900
0.000000
0.000000
0.000000
0.000000
0.001407
0.003675
0.000000
0.001057
0.004080
0.004757
0.000000
0.000035
0.001385
0.002361
0.012066
0.007363
0.002847
0.004512
0.000000
0.000065
0.011629
0.006398
0.000235
0.003844
0.013173
0.006763
0.000260
0.002215
0.010992
0.003000
0.000000
0.000000
0.000000
0.000000
0.002681
0.002469
0.000000
0.014391
0.016583
0.000000
0.000503
0.005679
0.000671
0.000004
0.000301
0.008053
0.000951
0.000701
0.001470
0.001493
0.003085
0.000184
0.000014
0.002971
0.006020
0.007939
0.003108
0.003411
0.003541
0.002369
0.002212
0.000591
0.000000
0.000000
0.000000
0.000000
0.000000
0.009731
0.006620
0.000273
0.017146
0.010163
0.000002
0.002536
0.006913
0.000084
0.002536
0.002861
0.006877
0.000013
0.000019
0.000040
0.000001
0.006761
0.002049
0.000000
0.000035
0.016469
0.013215
0.000000
0.000043
0.004091
0.000857
0.000000
0.000000
0.000000
0.000000
0.000000
0.000000
0.000010
0.008925
0.005940
0.006850
0.014708
0.009964
0.000001
0.000120
0.008847
0.003040
0.000150
0.000023
0.001405
0.000000
0.000448
0.000985
0.000016
0.003176
0.006419
0.000000
0.008272
0.004419
0.007229
0.002261
0.000239
0.000000
0.000000
0.000000
0.000205
0.000000
0.000000
0.004368
0.003628
0.000155
0.016441
0.005198
0.000418
0.007526
0.002645
0.000072
0.000074
0.000318
0.001497
0.005962
0.000000
0.001327
0.000000
0.014447
0.002953
0.000010
0.001246
0.013612
0.000279
0.000369
0.000246
0.002639
0.000205
0.000000
0.000000
0.000000
0.005066
0.000037
0.000000
0.000976
0.010417
0.010122
0.002086
0.015108
0.007350
0.000005
0.009216
0.000132
0.001331
0.000000
0.000071
0.002291
0.000353
0.000841
0.000953
0.000000
0.009580
0.003172
0.000000
0.000000
0.007921
0.000738
0.002476
0.000000
0.000000
0.000000
0.000000
0.000000
0.000000
0.005513
0.000001
0.000036
0.003527
0.010382
0.008130
0.000031
0.017280
0.011479
0.000000
0.001198
0.009663
0.009245
0.008352
0.000002
0.000165
0.000159
0.004458
0.000044
0.000000
0.005716
0.010013
0.000969
0.000000
0.001317
0.000000
0.000000
0.000000
0.000000
0.000003
0.000022
0.000000
0.000003
0.008840
0.000000
0.000115
0.001605
0.008214
0.007863
0.011615
0.023591
0.023302
0.003836
0.000000
0.005074
0.003904
0.000647
0.000000
0.000697
0.000565
0.007078
0.000000
0.000000
0.001835
0.004065
0.000608
0.000000
0.000000
0.000000
0.000000
0.000000
0.000000
0.000038
0.000940
0.000000
0.000003
0.004970
0.000038
0.000000
0.002551
0.014015
0.007575
0.017199
0.007137
0.013748
0.003170
0.001928
0.000002
0.000054
0.001056
0.001806
0.000273
0.000000
0.007360
0.000364
0.000000
0.000000
0.000003
0.000000
0.000000
0.000000
0.000000
0.001664
0.000040
0.000003
0.000104
0.005742
0.000001
0.000004
0.009268
0.003791
0.003600
0.000474
0.013512
0.000000
0.000000
0.000000
0.007917
0.000078
0.000556
0.000112
0.000000
0.002231
0.002834
0.000002
0.000026
0.005817
0.000084
0.000000
0.000000
0.000000
0.000000
0.000208
0.000002
0.000000
0.001651
0.001423
0.000000
0.000898
0.005343
0.001622
0.000615
0.018216
0.007674
0.005700
0.000000
0.011436
0.009000
0.000837
0.000653
0.000833
0.000001
0.002404
0.000000
0.000000
0.001059
0.000426
0.000000
0.000000
0.000000
0.000000
0.000000
0.000000
0.000000
0.000000
0.003357
0.000000
0.000001
0.004512
0.005404
0.003636
0.000001
0.011843
0.004773
0.012626
0.003228
0.005389
0.003190
0.005999
0.006382
0.002841
0.004765
0.000000
0.000003
0.000000
0.002354
0.000000
0.000000
0.000000
0.000016
0.000000
0.000000
0.000000
0.000000
0.000000
0.000260
0.000002
0.000000
0.007831
0.007525
0.000904
0.004936
0.006455
0.004721
0.003602
0.018166
0.011607
0.001470
0.000303
0.011063
0.000667
0.000039
0.000037
0.001435
0.000617
0.000000
0.000000
0.000000
0.004470
0.000153
0.000000
0.000000
0.000000
0.000000
0.000000
0.000000
0.000000
0.000000
0.004116
0.002770
0.000000
0.012203
0.012638
0.000013
0.002127
0.007058
0.000029
0.000003
0.012805
0.004486
0.009296
0.002585
0.011274
0.009107
0.003899
0.001392
0.000933
0.000000
0.000005
0.000000
0.000000
0.000004
0.000000
0.000000
0.000000
0.000000
0.000000
0.000014
0.000000
0.000000
0.000009
0.005586
0.000229
0.000445
0.006248
0.004787
0.000223
0.002865
0.013081
0.003292
0.008518
0.008019
0.012620
0.001106
0.004192
0.000024
0.000000
0.000178
0.000000
0.000000
0.000534
0.001431
0.000001
0.000000
0.000000
0.000000
0.000000
0.000000
0.000000
0.000000
0.000073
0.000000
0.000007
0.000414
0.009133
0.000390
0.000742
0.009371
0.009857
0.000000
0.004089
0.008899
0.010718
0.004795
0.006911
0.017392
0.010319
0.008955
0.000976
0.000212
0.000024
0.000000
0.000353
0.000000
0.000000
0.000000
0.000000
0.000000
0.000000
0.000000
0.000000
0.000000
0.000000
0.001904
0.000001
0.001571
0.005294
0.003724
0.000704
0.001394
0.016015
0.003060
0.008604
0.000342
0.009208
0.019219
0.018773
0.013086
0.000048
0.000003
0.002113
0.000000
0.000000
0.001797
0.000000
0.000000
0.000000
0.000000
0.000000
0.000000
0.000000
0.000000
0.000000
0.000029
0.000638
0.000000
0.000888
0.005195
0.000618
0.005016
0.008863
0.007935
0.004247
0.013940
0.005430
0.002891
0.013994
0.017478
0.007867
0.005760
0.002361
0.000942
0.000000
0.000362
0.000000
0.000000
0.000000
0.000000
0.000000
0.000000
0.000000
0.000000
0.000000
0.000000
0.000000
0.000000
0.004429
0.003168
0.000675
0.012057
0.008965
0.000030
0.001743
0.015166
0.001209
0.000057
0.010501
0.016414
0.010157
0.010818
0.013161
0.003940
0.000000
0.000000
0.000000
0.000000
0.000000
0.000000
0.000000
0.000000
0.000103
0.000000
0.000000
0.000000
0.000000
0.000000
0.000000
0.000000
0.000000
0.004831
0.000009
0.001316
0.010733
0.010211
0.000000
0.000018
0.011970
0.003222
0.007498
0.017810
0.007576
0.000012
0.005441
0.000000
0.000000
0.000000
0.000001
0.000000
0.000000
0.000000
0.000000
0.000000
0.000000
0.000004
0.000000
0.000048
0.000000
0.000000
0.001721
0.000043
0.000000
0.000000
0.009030
0.000033
0.002885
0.011397
0.008439
0.000537
0.007949
0.009860
0.007606
0.007311
0.005618
0.000611
0.000000
0.000000
0.000000
0.000000
0.000000
0.000000
0.000000
0.000000
0.000000
0.000158
0.000000
0.000000
0.000003
0.000000
0.000407
0.000000
0.000000
0.004429
0.002252
0.002661
0.000000
0.029481
0.008570
0.000283
0.001084
0.014320
0.004906
0.006892
0.022597
0.009473
0.009102
0.001720
0.002289
0.000000
0.000000
0.000000
0.000000
0.000000
0.000000
0.000000
0.000000
0.000000
0.002061
0.000000
0.000000
0.000000
0.000000
0.000000
0.000000
0.000010
0.005678
0.003901
0.005659
0.005105
0.014693
0.005343
0.000000
0.002708
0.005508
0.006384
0.000000
0.014009
0.004754
0.000012
0.000726
0.000000
0.000503
0.000000
0.000000
0.000000
0.000000
0.000001
0.000000
0.000000
0.000000
0.002141
0.000000
0.000210
0.000000
0.000000
0.002111
0.001807
0.000224
0.006830
0.030518
0.010399
0.004255
0.010192
0.000691
0.000000
0.000976
0.016929
0.000148
0.004568
0.002906
0.000691
0.000000
0.000000
0.000000
0.000000
0.000000
0.000000
0.000000
0.000000
0.000230
0.000048
0.000000
0.000008
0.000475
0.000000
0.000065
0.000000
0.000601
0.014155
0.003713
0.000321
0.004285
0.016751
0.005224
0.003183
0.003642
0.005191
0.000927
0.009010
0.017154
0.001631
0.000000
0.007494
0.000000
0.000000
0.000000
0.000000
0.000000
0.000000
0.000234
0.000000
0.000000
0.000763
0.004254
0.000000
0.000000
0.000056
0.000000
0.000000
0.000000
0.000000
0.003392
0.015146
0.012529
0.002177
0.016102
0.000092
0.001771
0.002424
0.003521
0.000000
0.003364
0.000083
0.000000
0.000000
0.000000
0.000000
0.000000
0.000000
0.000000
0.000000
0.000000
0.001962
0.000000
0.000000
0.000804
0.003831
0.000000
0.000000
0.000000
0.000000
0.003261
0.000528
0.011693
0.006171
0.016342
0.002560
0.003175
0.010804
0.000000
0.000000
0.006858
0.006275
0.000000
0.000000
0.000026
0.000000
0.000000
0.000000
0.000000
0.000000
0.000000
0.000001
0.000000
0.000000
0.000911
0.000000
0.000000
0.000007
0.000000
0.000000
0.002693
0.000732
0.001150
0.026543
0.000000
0.004105
0.009126
0.015264
0.000508
0.002428
0.004472
0.000000
0.000011
0.000001
0.001079
0.000000
0.000000
0.000000
0.000000
0.000000
0.000000
0.000000
0.000000
0.000000
0.002336
0.000000
0.000000
0.002355
0.000173
0.000000
0.000000
0.000000
0.000000
0.000011
0.000292
0.006382
0.009286
0.018079
0.003573
0.004342
0.008970
0.000000
0.000676
0.009762
0.000000
0.000000
0.000000
0.000000
0.000000
0.000000
0.000022
0.000000
0.000000
0.000000
0.000000
0.000000
0.000000
0.002460
0.000000
0.000000
0.000195
0.002286
0.000000
0.000000
0.000000
0.000000
0.013834
0.000031
0.006024
0.017260
0.004840
0.001685
0.000404
0.006581
0.000000
0.000018
0.005116
0.000000
0.000000
0.000000
0.000000
0.000000
0.000000
0.000006
0.000000
0.000000
0.000000
0.000039
0.000000
0.000003
0.005706
0.000000
0.000000
0.000007
0.000000
0.000000
0.004074
0.005935
0.001796
0.013994
0.013868
0.008195
0.009755
0.008018
0.002522
0.009780
0.003880
0.000000
0.000000
0.000000
0.000000
0.000000
0.000000
0.000000
0.000000
0.000000
0.000032
0.000000
0.000000
0.000000
0.001505
0.000000
0.000035
0.002535
0.000000
0.000214
0.000082
0.000000
0.000024
0.010423
0.008047
0.000673
0.020838
0.004903
0.000789
0.000109
0.002052
0.000000
0.000001
0.000000
0.000000
0.000000
0.000000
0.000000
0.000000
0.000000
0.000288
0.000000
0.000000
0.000218
0.000000
0.000000
0.000000
0.003073
0.000000
0.000458
0.000186
0.000000
0.002505
0.000000
0.000000
0.000004
0.004142
0.000454
0.000151
0.016735
0.000031
0.001591
0.000091
0.006234
0.000000
0.000000
0.000000
0.000000
0.000000
0.000000
0.000000
0.000000
0.000000
0.002007
0.000000
0.000000
0.000000
0.000015
0.000000
0.000000
0.005283
0.000000
0.000000
0.000000
0.000000
0.000000
0.003125
0.001328
0.000000
0.010579
0.003206
0.001562
0.007677
0.000000
0.000233
0.000000
0.000000
0.000000
0.000000
0.000000
0.000000
0.000000
0.000000
0.000000
0.000000
0.000000
0.001569
0.000000
0.000000
0.000000
0.003185
0.000000
0.001412
0.000805
0.000000
0.001458
0.000003
0.000000
0.000569
0.001453
0.000000
0.001979
0.019526
0.000000
0.000001
0.000009
0.000004
0.000000
0.000000
0.000000
0.000000
0.000000
0.000000
0.000000
0.000000
0.000000
0.000010
0.000000
0.000000
0.000658
0.000000
0.000000
0.000000
0.000015
0.000000
0.000009
0.000003
0.000000
0.000067
0.000005
0.000000
0.002527
0.006900
0.000951
0.007731
0.008798
0.000645
0.000000
0.000000
0.000000
0.000000
0.000000
0.000000
0.000000
0.000000
0.000000
0.000000
0.000000
0.000000
0.002530
0.000000
0.000000
0.000010
0.000688
0.000000
0.000000
0.002936
0.000000
0.000000
0.000000
0.000000
0.000700
0.000589
0.000000
0.000000
0.004524
0.002628
0.000000
0.000018
0.000010
0.000000
0.000000
0.000000
0.000000
0.000000
0.000033
0.000000
0.000000
0.000000
0.000000
0.000000
0.000000
0.003143
0.000000
0.000051
0.000753
0.000000
0.000000
0.001949
0.000075
0.000000
0.002089
0.000001
0.000000
0.002084
0.004205
0.000045
0.000994
0.003991
0.000000
0.000000
0.000000
0.000000
0.000000
0.000000
0.000000
0.000000
0.000000
0.000049
0.000000
0.000000
0.000000
0.000142
0.000000
0.000000
0.001336
0.000000
0.000000
0.000000
0.002509
0.000000
0.000000
0.000000
0.000000
0.004158
0.000000
0.002773
0.002790
0.000001
0.001949
0.000000
0.000000
0.000000
0.000000
0.000000
0.000000
0.000000
0.000000
0.000000
0.000000
0.000000
0.002535
0.000000
0.000000
0.000000
0.001511
0.000002
0.000000
0.000343
0.000073
0.000003
0.000000
0.000204
0.000000
0.000000
0.000000
0.000000
0.000521
0.000000
0.000000
0.000000
0.000009
0.000000
0.000000
0.000000
0.000000
0.000000
0.000000
0.000000
0.000000
0.000000
0.001045
0.000000
0.000000
0.000016
0.000000
0.000000
0.000000
0.007193
0.001241
0.000005
0.000438
0.000000
0.000000
0.003294
0.000320
0.000000
0.000000
0.000001
0.000000
0.000777
0.000018
0.000000
0.000000
0.000000
0.000000
0.000000
0.000000
0.000000
0.000000
0.000000
0.000000
0.000000
0.000000
0.001755
0.000000
0.000000
0.000000
0.000000
0.000000
0.000000
0.000283
0.000000
0.000000
0.000000
0.002120
0.000000
0.000000
0.000000
0.000000
0.000005
0.000000
0.000000
0.000000
0.000000
0.000000
0.000000
0.000000
0.000000
0.000000
0.000000
0.000000
0.000000
0.000000
0.000000
0.000000
0.000000
0.000251
0.000000
0.000000
0.000000
0.003229
0.000000
0.000000
0.002902
0.000000
0.000000
0.000000
0.000001
0.000000
0.000000
0.000000
0.000000
0.001438
0.000000
0.000000
0.000000
0.000000
0.000000
0.000000
0.000000
0.000000
0.000000
0.000000
0.000000
0.000000
0.000000
0.000537
0.000000
0.000759
0.003125
0.000000
0.000000
0.000000
0.001949
0.000003
0.000000
0.000096
0.000000
0.000000
0.000000
0.000000
0.000000
0.000000
0.000000
0.000000
0.000000
0.000000
0.000000
0.000000
0.000000
0.000000
0.000000
0.000000
0.000000
0.000000
0.000000
0.000000
0.000000
0.000000
0.001171
0.000000
0.000000
0.001218
0.000000
0.000000
0.000000
0.003390
0.000000
0.000000
0.000000
0.000000
0.000000
0.000000
0.000000
0.000000
0.000000
0.000000
0.000000
0.000000
0.000000
0.000000
0.000000
0.000000
0.000000
0.000000
0.000000
0.000000
0.000000
0.001296
0.000000
0.000000
0.000000
0.001158
0.000000
0.000000
0.000005
0.000000
0.000000
0.000000
0.000437
0.000000
0.000000
0.000000
0.000000
0.000000
0.000000
0.000000
0.000000
0.000000
0.000000
0.000000
0.000000
0.000000
0.000000
0.000000
0.000000
0.000000
0.000000
0.000000
0.000000
0.000000
0.000000
0.000000
0.000000
0.000000
0.003395
0.000000
0.000000
0.000000
0.003772
0.000011
0.000000
0.001414
0.000000
0.000000
0.000000
0.000000
0.000000
0.000000
0.000000
0.000000
0.000000
0.000000
0.000000
0.000000
0.000000
0.002279
0.000000
0.000000
0.000000
0.000000
0.000000
0.000000
0.000000
0.000000
0.000000
0.000000
0.000000
0.003980
0.000000
0.000000
0.000000
0.001142
0.000000
0.000000
0.000000
0.000000
0.000000
0.000000
0.000000
0.000000
0.000000
0.000000
0.000000
0.000000
0.000000
0.000000
0.000000
0.000000
0.000000
0.000000
0.000001
0.000000
0.000000
0.000000
0.000000
0.000000
0.000000
0.002535
0.000000
0.000000
0.000005
0.000000
0.000000
0.000000
0.001312
0.000000
0.000000
0.000000
0.000000
0.000000
0.000000
0.000000
0.000000
0.000000
0.000000
0.000000
0.000000
0.000000
0.000000
0.000000
0.000000
0.000000
0.000000
0.000265
0.000000
0.000000
0.003302
0.000000
0.000000
0.000000
0.004463
0.000000
0.000000
0.000000
0.000167
0.000000
0.000000
0.000698
0.000000
0.000000
0.000000
0.000000
0.000000
0.000000
0.000000
0.000000
0.000000
0.000002
0.000000
0.000000
0.000000
0.000000
0.000000
0.000000
0.000000
0.000000
0.000093
0.000000
0.000000
0.000000
0.000000
0.000000
0.000000
0.003622
0.000000
0.000000
0.000000
0.000843
0.000000
0.000000
0.000000
0.000000
0.000000
0.000000
0.000000
0.000000
0.000000
0.000000
0.000000
0.000000
0.000795
0.000000
0.000000
0.000000
0.000023
0.000000
0.000000
0.000000
0.000000
0.002550
0.000000
0.000000
0.000000
0.000000
0.000000
0.000000
0.002959
0.000000
0.000000
0.000000
0.001017
0.000000
0.000000
0.000000
0.000000
0.000000
0.000000
0.000000
0.000000
0.000000
0.000066
0.000000
0.000000
0.000000
0.000000
0.000000
0.000000
0.000000
0.000000
0.000000
0.000381
0.000000
0.000000
0.000000
0.000000
0.000000
0.001294
0.000006
0.000000
0.000016
0.000000
0.000000
0.000000
0.000000
0.000000
0.000000
0.000000
0.000000
0.000000
0.000004
0.000000
0.000000
0.000000
0.003918
0.000068
0.000000
0.000000
0.000000
0.000000
0.000000
0.000000
0.000000
0.002959
0.000000
0.000000
0.002975
0.000000
0.000000
0.000000
0.001702
0.000000
0.000000
0.000000
0.000000
0.000000
0.000000
0.000000
0.000000
0.000000
0.000000
0.000000
0.000000
0.000001
0.000000
0.000000
0.000000
0.000105
0.000000
0.000000
0.000000
0.000000
0.000000
0.000000
0.000000
0.000000
0.001161
0.000000
0.000000
0.000000
0.000000
0.000000
0.000000
0.000043
0.000000
0.000000
0.000000
0.000000
0.000000
0.000000
0.000000
0.000000
0.000000
0.000018
0.000000
0.000000
0.000000
0.000000
0.000000
0.000000
0.001025
0.000000
0.000000
0.000000
0.000000
0.000000
0.000000
0.000000
0.000000
0.002676
0.000000
0.000000
0.000000
0.000003
0.000000
0.000000
0.000000
0.000000
0.000000
0.000000
0.000000
0.000000
0.000000
0.000000
0.000000
0.000000
0.000272
0.000000
0.000000
0.000000
0.000000
0.000000
0.000000
0.000000
0.000000
0.000000
0.000000
0.000000
0.000000
0.000812
0.000000
0.000000
0.002659
0.000000
0.000000
0.000000
0.001005
0.000000
0.000000
0.000000
0.000000
0.000000
0.000000
0.000000
0.000000
0.000000
0.000266
0.000000
0.000000
0.000756
0.000000
0.000000
0.000000
0.002314
0.000000
0.000000
0.000000
0.000000
0.000002
0.000000
0.000000
0.000000
0.000025
0.000000
0.000000
0.001722
0.000000
0.000000
0.000000
0.000000
0.000000
0.000000
0.000000
0.000000
0.000000
0.000021
0.000000
0.000000
0.000000
0.000161
0.000000
0.000000
0.000602
0.000000
0.000000
0.000000
0.000001
0.000000
0.000000
0.000000
0.000000
0.000690
0.000000
0.000000
0.000000
0.000376
0.000000
0.000000
0.000000
0.000000
0.000000
0.000000
0.000000
0.000000
0.000000
0.000012
0.000002
0.000000
0.000003
0.000000
0.000000
0.000000
0.002996
0.000000
0.000000
0.000000
0.000000
0.000000
0.000000
0.000000
0.000000
0.000000
0.000000
0.000000
0.000372
0.000000
0.000000
0.000000
0.000027
0.000000
0.000000
0.000000
0.000000
0.000000
0.000000
0.000000
0.000000
0.000000
0.000014
0.000000
0.000000
0.000277
0.000000
0.000000
0.000000
0.001867
0.000000
0.000000
0.000000
0.000934
0.000000
0.000000
0.000000
0.000000
0.000426
0.000000
0.000000
0.000000
0.000000
0.000000
0.000000
0.000000
0.000000
0.000000
0.000000
0.000000
0.000000
0.000000
0.000000
0.000000
0.000000
0.000759
0.000000
0.000000
0.000000
0.000000
0.000000
0.000000
0.001314
0.000000
0.000000
0.000000
0.000000
0.000000
0.000000
0.000000
0.000000
0.001421
0.000000
0.000000
0.000000
0.000000
0.000000
0.000000
0.000000
0.000000
0.000000
0.000000
0.000000
0.000000
0.000000
0.000000
0.000000
0.000000
0.000770
0.000000
0.000000
0.000000
0.003046
0.000158
0.000000
0.000282
0.000000
0.000000
0.000000
0.000000
0.000000
0.000000
0.000007
0.000000
0.000007
0.000000
0.000000
0.000000
0.000000
0.000000
0.000000
0.000000
0.000000
0.000000
0.000000
0.000000
0.000000
0.000000
0.001234
0.000000
0.000089
0.002754
0.000000
0.000000
0.000000
0.001733
0.000012
0.000000
0.000000
0.000000
0.000000
0.000000
0.000000
0.000000
0.001325
0.000000
0.000000
0.000000
0.000000
0.000000
0.000000
0.000000
0.000000
0.000000
0.000000
0.000000
0.000000
0.000177
0.000000
0.000000
0.000000
0.001225
0.000000
0.000000
0.000007
0.000000
0.000000
0.000000
0.002815
0.000000
0.000000
0.000000
0.000000
0.000000
0.000000
0.000000
0.000000
0.000006
0.000000
0.000000
0.000000
0.000000
0.000000
0.000000
0.000000
0.000000
0.000000
0.000317
0.000061
0.000000
0.001955
0.000000
0.000000
0.000000
0.002377
0.000000
0.000000
0.000000
0.000000
0.000000
0.000000
0.000015
0.000000
0.000000
0.000000
0.000000
0.000000
0.000000
0.000000
0.000000
0.000000
0.000000
0.000000
0.000000
0.000000
0.000000
0.000000
0.000000
0.000000
0.000000
0.000096
0.000000
0.000000
0.000000
0.000000
0.000000
0.000000
0.002200
0.000000
0.000000
0.000000
0.001253
0.000000
0.000000
0.000000
0.000000
0.000000
0.000000
0.000000
0.000000
0.000000
0.000000
0.000000
0.000000
0.000000
0.000000
0.000000
0.000000
0.000000
0.000000
0.000000
0.000000
0.000000
0.001573
0.000000
0.000000
0.000000
0.000718
0.000000
0.000000
0.002153
0.000000
0.000000
0.000000
0.001272
0.000000
0.000000
0.000000
0.000000
0.000000
0.000000
0.000000
0.000000
0.000000
0.000000
0.000000
0.000000
0.000000
0.000000
0.000000
0.000000
0.000000
0.000000
0.000123
0.000000
0.000006
0.001352
0.000000
0.000000
0.000000
0.001640
0.000000
0.000000
0.000638
0.000000
0.000000
0.000000
0.000000
0.000000
0.000000
0.000000
0.000000
0.000000
0.000000
0.000000
0.000000
0.000000
0.000000
0.000000
0.000000
0.000000
0.000000
0.000096
0.000000
0.000000
0.000000
0.000201
0.000000
0.000007
0.001297
0.000000
0.000000
0.000000
0.003428
0.000515
0.000000
0.000017
0.000000
0.000000
0.000000
0.000000
0.000000
0.000000
0.000000
0.000000
0.000000
0.000000
0.000000
0.000000
0.000000
0.000000
0.000000
0.000034
0.000005
0.000000
0.000277
0.000000
0.000000
0.000000
0.000858
0.000001
0.000007
0.001567
0.000000
0.000000
0.000000
0.000669
0.000000
0.000000
0.000000
0.000000
0.000000
0.000000
0.000000
0.000000
0.000000
0.000000
0.000000
0.000000
0.000000
0.000000
0.000000
0.000000
0.000000
0.000000
0.000000
0.000000
0.000000
0.000324
0.000000
0.000000
0.000000
0.001864
0.000009
0.000000
0.000000
0.000031
0.000000
0.000000
0.002652
0.000000
0.000000
0.000000
0.000000
0.000000
0.000000
0.000000
0.000000
0.000000
0.000000
0.000000
0.000000
0.000000
0.000000
0.000000
0.000000
0.000000
0.000000
0.000000
0.000000
0.000000
0.000917
0.000009
0.000000
0.000000
0.001360
0.000000
0.000000
0.000395
0.000021
0.000000
0.000000
0.000008
0.000000
0.000000
0.000000
0.000000
0.000000
0.000000
0.000000
0.000000
0.000000
0.000000
0.000000
0.000000
0.000000
0.000000
0.000000
0.000000
0.000000
0.000596
0.000976
0.000000
0.000000
0.000000
0.001198
0.000000
0.000000
0.001596
0.000000
0.000000
0.000000
0.002656
0.000000
0.000000
0.000000
0.000000
0.000000
0.000000
0.000000
0.000000
0.000000
0.000000
0.000000
0.000000
0.000000
0.000000
0.000080
0.000000
0.000000
0.000000
0.000003
0.000000
0.000000
0.002293
0.000000
0.000000
0.000000
0.000037
0.000000
0.000000
0.003038
0.000000
0.000000
0.000000
0.000055
0.000000
0.000000
0.000000
0.000000
0.000000
0.000000
0.000000
0.000000
0.000000
0.000000
0.000000
0.000000
0.000000
0.000000
0.000594
0.000000
0.000000
0.000000
0.000111
0.000112
0.000000
0.001332
0.000000
0.000000
0.000000
0.001416
0.000000
0.000000
0.001329
0.000000
0.000000
0.000000
0.000000
0.000000
0.000000
0.000000
0.000000
0.000000
0.000000
0.000000
0.000000
0.000000
0.000000
0.000000
0.000000
0.000000
0.000000
0.001767
0.000000
0.000000
0.000000
0.000000
0.000000
0.000000
0.001143
0.000000
0.000000
0.000000
0.002803
0.000000
0.000000
0.000178
0.000000
0.000000
0.000000
0.000000
0.000000
0.000000
0.000000
0.000000
0.000000
0.000000
0.000000
0.000000
0.000000
0.000000
0.000000
0.000000
0.000000
0.000000
0.000513
0.000000
0.000000
0.000000
0.000541
0.000000
0.000000
0.000190
0.000001
0.000000
0.000000
0.000816
0.000000
0.000000
0.000000
0.000001
0.000000
0.000000
0.000000
0.000000
0.000000
0.000000
0.000000
0.000000
0.000000
0.000000
0.000008
0.000000
0.000000
0.000000
0.001089
0.000000
0.000000
0.000136
0.000000
0.000000
0.000041
0.001283
0.000000
0.000000
0.000000
0.000368
0.000000
0.000000
0.000836
0.000000
0.000000
0.000000
0.000000
0.000000
0.000000
0.000000
0.000000
0.000000
0.000000
0.000000
0.000005
0.000000
0.000612
0.000772
0.000000
0.000000
0.000000
0.000982
0.000002
0.000000
0.000000
0.000000
0.000000
0.000000
0.002355
0.000000
0.000000
0.000000
0.000002
0.000000
0.000000
0.000000
0.000000
0.000000
0.000000
0.000000
0.000000
0.000000
0.000000
0.000000
0.000000
0.000000
0.000000
0.000000
0.000000
0.000000
0.000062
0.000000
0.000000
0.000000
0.000304
0.000000
0.000000
0.000000
0.000732
0.000000
0.000000
0.001822
0.000000
0.000000
0.000000
0.000000
0.000000
0.000000
0.000000
0.000000
0.000000
0.000000
0.000000
0.000000
0.000000
0.000000
0.000013
0.000000
0.000000
0.000000
0.000148
0.000160
0.000000
0.000000
0.000000
0.000000
0.000000
0.000722
0.000000
0.000000
0.000000
0.000000
0.000000
0.000000
0.000000
0.000000
0.000000
0.000000
0.000000
0.000000
0.000000
0.000000
0.000000
0.000000
0.000000
0.000000
0.000000
0.000000
0.000000
0.000000
0.000000
0.000000
0.000000
0.000002
0.000000
0.000000
0.000000
0.000000
0.000000
0.000000
0.000000
0.000000
0.000000
0.000000
0.000173
0.000000
0.000000
0.000000
0.000000
0.000000
0.000000
0.000000
0.000000
0.000000
0.000000
0.000000
0.000000
0.000000
0.000000
0.000000
0.000000
0.000000
0.000000
0.000000
0.000000
0.000000
0.000000
0.000000
0.000000
0.000000
0.000000
0.000000
0.000000
0.000000
0.000000
0.000000
0.000000
0.000063
0.000000
0.000000
0.000000
0.000000
0.000000
0.000000
0.000000
0.000000
0.000000
0.000000
0.000000
0.000000
0.000000
0.000000
0.000006
0.000000
0.000000
0.000000
0.000005
0.000000
0.000000
0.000000
0.000000
0.000000
0.000000
0.000005
0.000000
0.000000
0.000000
0.000000
0.000000
0.000000
0.000000
0.000000
0.000000
0.000000
0.000000
0.000000
0.000000
0.000000
0.000000
0.000000
0.000000
0.000000
0.000000
0.000000
0.000000
0.000000
0.000000
0.000000
0.000000
0.000000
0.000000
0.000000
0.000000
0.000000
0.000000
0.000000
0.000000
0.000000
0.000000
0.000000
0.000000
0.000000
0.000000
0.000000
0.000000
0.000000
0.000000
0.000000
0.000000
0.000000
0.000000
0.000000
0.000000
0.000000
0.000000
0.000000
0.000000
0.000000
0.000000
0.000000
0.000000
0.000000
0.000000
0.000000
0.000000
0.000000
0.000000
0.000000
0.000000
0.000000
0.000000
0.000000
0.000000
0.000000
0.000000
0.000000
0.000000
0.000000
0.000000
0.000000
0.000000
0.000000
0.000000
0.000000
0.000000
0.000000
0.000000
0.000000
0.000000
0.000000
0.000000
0.000000
0.000000
0.000000
0.000000
0.000000
0.000000
0.000000
0.000000
0.000000
0.000000
0.000000
0.000000
0.000000
0.000000
0.000000
0.000000
0.000000
0.000000
0.000000
0.000000
0.000000
0.000000
0.000000
0.000000
0.000000
0.000000
0.000000
0.000000
0.000000
0.000000
0.000000
0.000000
0.000000
0.000000
0.000000
0.000000
0.000000
0.000000
0.000000
0.000000
0.000000
0.000000
0.000000
0.000000
0.000000
0.000000

VECTORS velocity float
0.000000 0.000000 0.000000
0.108461 0.075787 0.000000
0.133735 0.064000 0.000000
0.165193 0.059790 0.000000
0.195325 0.053484 0.000000
0.216631 0.038514 0.000000
0.242959 0.027452 0.000000
0.264737 -0.006308 0.000000
0.279866 -0.024276 0.000000
0.298991 -0.052523 0.000000
0.310144 -0.081495 0.000000
0.319846 -0.110567 0.000000
0.322659 -0.146316 0.000000
0.306795 -0.201680 0.000000
0.284989 -0.261464 0.000000
0.233571 -0.315326 0.000000
0.178662 -0.370101 0.000000
0.085358 -0.412813 0.000000
0.000609 -0.442580 0.000000
-0.139467 -0.457548 0.000000
-0.270068 -0.382582 0.000000
13.246173 6.363717 0.000000
15.439868 5.190490 0.000000
14.190698 6.390990 0.000000
15.566212 4.895127 0.000000
15.921148 4.339041 0.000000
16.108819 3.341013 0.000000
16.086540 3.157829 0.000000
16.036704 2.930409 0.000000
15.975204 2.711417 0.000000
15.275117 2.736417 0.000000
0.000000 0.000000 0.000000
0.113484 -0.009891 0.000000
0.124282 0.016547 0.000000
0.160779 0.016363 0.000000
0.201655 0.017438 0.000000
0.232313 0.000274 0.000000
0.251349 -0.008018 0.000000
0.288121 -0.017836 0.000000
0.294526 -0.032369 0.000000
0.310170 -0.044233 0.000000
0.334546 -0.091605 0.000000
0.351676 -0.109389 0.000000
0.353379 -0.144844 0.000000
0.357299 -0.169712 0.000000
0.316344 -0.185900 0.000000
0.303184 -0.215151 0.000000
0.206457 -0.226921 0.000000
0.120570 -0.259685 0.000000
0.054917 -0.255140 0.000000
-0.137454 -0.333372 0.000000
-0.240375 -0.276628 0.000000
15.962962 3.862915 0.000000
16.050818 3.609630 0.000000
16.008904 3.454475 0.000000
15.855114 3.258911 0.000000
15.815593 3.032154 0.000000
15.884629 2.824889 0.000000
15.842691 2.589147 0.000000
15.695156 2.546737 0.000000
15.744759 2.318695 0.000000
16.161367 2.130913 0.000000
0.000000 0.000000 0.000000
0.119400 -0.033312 0.000000
0.094331 0.003230 0.000000
0.175945 -0.063657 0.000000
0.177295 -0.023055 0.000000
0.240434 -0.008388 0.000000
0.222227 -0.067209 0.000000
0.299451 0.002344 0.000000
0.239681 -0.072236 0.000000
0.423520 -0.090851 0.000000
0.257071 -0.055118 0.000000
0.416195 -0.106906 0.000000
0.324574 -0.111771 0.000000
0.346974 -0.113658 0.000000
0.346130 -0.149371 0.000000
0.213278 -0.140884 0.000000
0.231319 -0.147833 0.000000
0.138772 -0.121761 0.000000
0.018930 -0.135825 0.000000
-0.181319 -0.107285 0.000000
-0.230130 -0.179679 0.000000
15.317410 4.519336 0.000000
15.643724 3.805231 0.000000
15.813162 3.706747 0.000000
15.632605 3.605959 0.000000
15.614968 3.247653 0.000000
15.833979 3.119996 0.000000
15.616898 2.554000 0.000000
15.739642 2.419161 0.000000
15.590929 2.388867 0.000000
15.503117 2.119161 0.000000
0.000000 0.000000 0.000000
0.124395 -0.023908 0.000000
0.072553 -0.052691 0.000000
0.208897 0.017140 0.000000
0.106384 0.006542 0.000000
0.303586 -0.064048 0.000000
0.116466 0.043357 0.000000
0.437716 -0.089213 0.000000
0.176044 0.003519 0.000000
0.347522 -0.006607 0.000000
0.300878 -0.107140 0.000000
0.347610 -0.035764 0.000000
0.340702 -0.081124 0.000000
0.348091 -0.099126 0.000000
0.259892 -0.052484 0.000000
0.334890 -0.050128 0.000000
0.157622 -0.073385 0.000000
0.089137 0.011134 0.000000
0.056708 -0.059612 0.000000
-0.077411 -0.045938 0.000000
-0.184420 -0.065384 0.000000
-0.174245 0.201556 0.000000
15.429233 3.924270 0.000000
15.655248 3.836387 0.000000
15.051401 3.153199 0.000000
15.356396 2.835804 0.000000
15.526411 2.689209 0.000000
15.512103 3.233298 0.000000
15.611974 2.408903 0.000000
15.373616 2.551271 0.000000
15.366750 2.057626 0.000000
0.000000 0.000000 0.000000
0.120717 -0.045119 0.000000
0.100358 -0.012515 0.000000
0.092346 -0.015012 0.000000
0.199192 -0.109615 0.000000
0.158199 0.060911 0.000000
0.312334 -0.159246 0.000000
0.118891 0.020652 0.000000
0.325177 -0.127971 0.000000
0.358262 -0.075009 0.000000
0.323382 -0.007114 0.000000
0.359509 -0.063322 0.000000
0.311644 -0.048039 0.000000
0.332269 -0.009027 0.000000
0.279922 -0.040262 0.000000
0.205239 0.023981 0.000000
0.151327 -0.008254 0.000000
0.101744 0.005701 0.000000
0.034224 0.102108 0.000000
-0.197886 0.067798 0.000000
-0.188695 0.017819 0.000000
10.672995 7.773799 0.000000
15.388135 3.911263 0.000000
15.361781 3.325132 0.000000
14.824129 3.433212 0.000000
16.137807 3.328178 0.000000
15.523046 2.618693 0.000000
15.670960 2.314270 0.000000
14.883674 2.152933 0.000000
15.351457 2.338026 0.000000
15.184521 2.066548 0.000000
0.000000 0.000000 0.000000
0.092693 -0.027243 0.000000
0.092351 -0.022201 0.000000
0.066979 -0.054284 0.000000
0.364566 0.096280 0.000000
0.011595 -0.075063 0.000000
0.300879 0.063180 0.000000
0.305883 0.061226 0.000000
0.328834 0.063162 0.000000
0.141797 0.047853 0.000000
0.358921 -0.056604 0.000000
0.303486 0.026103 0.000000
0.343339 0.015938 0.000000
0.249141 0.084850 0.000000
0.242432 0.049337 0.000000
0.271570 0.041619 0.000000
0.148297 0.169458 0.000000
0.044628 0.089684 0.000000
0.015946 0.186091 0.000000
0.012219 0.060976 0.000000
-0.207084 0.101393 0.000000
15.781977 4.268422 0.000000
15.112268 5.107883 0.000000
14.979140 3.244374 0.000000
14.477778 3.081685 0.000000
15.161842 3.742157 0.000000
15.116115 2.519370 0.000000
14.856279 2.413394 0.000000
15.098376 2.924688 0.000000
15.201627 2.332221 0.000000
14.954983 2.042911 0.000000
0.000000 0.000000 0.000000
0.103964 -0.066003 0.000000
0.074917 -0.023900 0.000000
0.050981 -0.039191 0.000000
0.101431 -0.078630 0.000000
0.120468 -0.110263 0.000000
0.304833 0.101234 0.000000
0.053508 -0.340416 0.000000
0.269149 -0.080050 0.000000
0.351986 -0.083014 0.000000
0.334444 0.083576 0.000000
0.207683 -0.002171 0.000000
0.285345 0.036669 0.000000
0.302487 0.011153 0.000000
0.224564 0.079933 0.000000
0.149445 0.186757 0.000000
0.167016 0.121419 0.000000
0.040582 0.117865 0.000000
-0.000239 0.226996 0.000000
-0.014404 0.222035 0.000000
-0.162647 0.181929 0.000000
15.637847 4.443302 0.000000
15.252682 3.952971 0.000000
15.537512 3.562256 0.000000
16.278624 3.685883 0.000000
15.337970 3.057570 0.000000
14.772449 2.814516 0.000000
14.949613 2.265164 0.000000
15.743939 2.838126 0.000000
14.974836 2.408925 0.000000
14.732161 1.938229 0.000000
0.000000 0.000000 0.000000
0.070539 -0.023211 0.000000
0.019383 0.004394 0.000000
0.138438 0.034420 0.000000
0.177765 -0.055270 0.000000
0.099349 0.090986 0.000000
0.155305 -0.082983 0.000000
0.250042 0.402737 0.000000
0.360715 -0.120908 0.000000
0.045212 0.136046 0.000000
0.296520 -0.113496 0.000000
0.268883 0.080251 0.000000
0.282949 0.063728 0.000000
0.147934 0.170100 0.000000
0.281179 0.063509 0.000000
0.128044 0.062029 0.000000
0.121965 0.222102 0.000000
-0.042956 0.215481 0.000000
-0.037121 0.243071 0.000000
-0.130571 0.226361 0.000000
-0.125918 0.258937 0.000000
10.478588 7.429470 0.000000
15.118974 4.436102 0.000000
14.969942 3.991126 0.000000
14.670166 3.177904 0.000000
15.166013 2.541935 0.000000
14.737121 2.995714 0.000000
14.213477 2.383062 0.000000
14.835343 2.656871 0.000000
14.704302 2.255126 0.000000
14.485754 1.962878 0.000000
0.000000 0.000000 0.000000
0.086686 -0.058921 0.000000
0.012341 -0.071188 0.000000
0.067157 -0.050070 0.000000
0.009486 0.013784 0.000000
0.155887 0.045014 0.000000
0.066912 -0.200684 0.000000
0.189132 0.153998 0.000000
-0.090865 -0.035535 0.000000
0.478762 0.125036 0.000000
0.195260 0.063076 0.000000
0.049231 0.242845 0.000000
0.394758 -0.032627 0.000000
0.111897 0.134035 0.000000
-0.033173 0.149757 0.000000
0.037041 0.310239 0.000000
-0.059879 0.213430 0.000000
0.005057 0.234172 0.000000
-0.016084 0.273467 0.000000
-0.020967 0.258105 0.000000
-0.117356 0.281023 0.000000
15.581700 4.717028 0.000000
15.227058 5.359699 0.000000
14.380954 3.389282 0.000000
13.787052 3.307257 0.000000
14.704836 3.304897 0.000000
14.310477 3.049924 0.000000
14.750093 2.624389 0.000000
14.690411 2.606555 0.000000
14.399314 2.149397 0.000000
14.258036 1.955228 0.000000
0.000000 0.000000 0.000000
0.054766 -0.035491 0.000000
-0.070530 0.034380 0.000000
0.131236 0.060272 0.000000
0.099081 -0.040451 0.000000
0.040846 -0.116227 0.000000
0.182892 0.175138 0.000000
0.160347 -0.019997 0.000000
0.257789 0.108683 0.000000
0.184089 0.019492 0.000000
0.205370 0.038616 0.000000
0.189515 0.036101 0.000000
-0.126072 0.281399 0.000000
0.339406 0.019646 0.000000
0.280694 0.090246 0.000000
0.029638 0.366290 0.000000
0.214922 0.062254 0.000000
-0.041738 0.142981 0.000000
-0.125935 0.306451 0.000000
-0.133517 0.270049 0.000000
-0.079249 0.256393 0.000000
10.942697 8.057694 0.000000
15.067567 4.465505 0.000000
14.988377 4.816854 0.000000
15.064209 3.889102 0.000000
13.696231 3.471266 0.000000
14.230596 3.116928 0.000000
14.160239 2.508998 0.000000
14.179971 2.495916 0.000000
14.184766 2.310444 0.000000
14.031986 2.008253 0.000000
0.000000 0.000000 0.000000
0.013728 -0.042202 0.000000
0.060482 -0.044230 0.000000
-0.098559 -0.099444 0.000000
0.130561 0.066748 0.000000
0.004559 0.037791 0.000000
0.145081 -0.109305 0.000000
-0.010517 0.004815 0.000000
0.224536 0.047836 0.000000
0.107381 0.043703 0.000000
0.190334 0.067416 0.000000
0.108194 0.199669 0.000000
0.090042 0.129280 0.000000
0.018819 0.099229 0.000000
0.207493 0.186695 0.000000
0.055766 0.279005 0.000000
0.134202 0.070083 0.000000
-0.095427 0.285379 0.000000
-0.054399 0.289004 0.000000
-0.070810 0.264224 0.000000
-0.083251 0.260166 0.000000
14.295421 6.310991 0.000000
14.550355 6.137988 0.000000
15.089103 5.545869 0.000000
15.493706 3.698566 0.000000
14.678138 2.824168 0.000000
14.219217 2.796627 0.000000
14.274382 2.682504 0.000000
14.087638 2.806875 0.000000
14.073392 2.341657 0.000000
13.809208 2.040320 0.000000
0.000000 0.000000 0.000000
0.037829 -0.058649 0.000000
-0.082523 0.044052 0.000000
0.010018 -0.019691 0.000000
0.147674 -0.042321 0.000000
-0.024078 0.025215 0.000000
0.134252 0.152217 0.000000
0.164391 0.057160 0.000000
0.074861 0.003156 0.000000
0.148289 0.120445 0.000000
0.135799 0.030512 0.000000
0.085099 -0.006072 0.000000
0.044249 0.046804 0.000000
0.126075 0.149492 0.000000
-0.042283 0.301277 0.000000
-0.110242 -0.067716 0.000000
-0.168243 0.224309 0.000000
-0.100194 0.173678 0.000000
-0.136176 0.118090 0.000000
-0.074558 0.203378 0.000000
-0.052078 0.177107 0.000000
13.173474 7.479923 0.000000
11.264676 8.065525 0.000000
14.946632 4.442558 0.000000
14.749733 3.862498 0.000000
14.510335 4.430297 0.000000
14.053739 3.932271 0.000000
14.121120 2.839749 0.000000
14.038581 2.481303 0.000000
13.792558 2.293322 0.000000
13.613067 2.104021 0.000000
0.000000 0.000000 0.000000
0.024948 -0.026964 0.000000
-0.058719 -0.063768 0.000000
0.086555 0.024628 0.000000
-0.212095 -0.007499 0.000000
0.186209 -0.085213 0.000000
-0.019357 -0.149473 0.000000
0.000684 0.020533 0.000000
0.190424 0.088870 0.000000
0.048613 -0.063073 0.000000
0.081030 0.210398 0.000000
0.089547 0.050830 0.000000
0.126408 0.234539 0.000000
0.156182 -0.162292 0.000000
-0.136926 -0.034497 0.000000
-0.060910 0.412125 0.000000
0.222644 -0.047305 0.000000
-0.073019 0.293339 0.000000
-0.094067 0.056864 0.000000
-0.123163 0.142829 0.000000
-0.098154 0.106760 0.000000
13.549085 6.449847 0.000000
14.766423 5.787375 0.000000
14.712005 5.809614 0.000000
14.474982 5.119383 0.000000
14.387418 4.025210 0.000000
13.679521 3.262387 0.000000
13.617564 2.813374 0.000000
13.563464 2.624923 0.000000
13.605903 2.436957 0.000000
13.406636 2.172781 0.000000
0.000000 0.000000 0.000000
0.021355 -0.038568 0.000000
-0.092113 0.080339 0.000000
-0.015227 -0.109521 0.000000
0.034408 -0.071589 0.000000
-0.003485 0.158253 0.000000
-0.039364 0.056084 0.000000
0.166959 0.029774 0.000000
-0.016734 -0.013176 0.000000
-0.015610 0.042010 0.000000
0.278285 -0.122814 0.000000
-0.238337 0.052866 0.000000
0.232856 -0.214412 0.000000
-0.134773 0.305918 0.000000
0.138049 0.442288 0.000000
-0.203644 -0.019019 0.000000
-0.170579 0.118158 0.000000
-0.259657 0.030293 0.000000
-0.105102 0.142682 0.000000
-0.094150 0.112785 0.000000
13.612445 6.702487 0.000000
13.352795 6.901260 0.000000
14.586719 5.926595 0.000000
14.988585 5.713325 0.000000
14.775328 5.034590 0.000000
15.038523 5.088853 0.000000
14.419047 3.243516 0.000000
13.801143 3.214626 0.000000
13.587353 2.862637 0.000000
13.824473 2.621132 0.000000
13.191410 2.256493 0.000000
0.000000 0.000000 0.000000
0.006969 -0.012559 0.000000
-0.023956 -0.097729 0.000000
0.015248 0.048855 0.000000
-0.136843 0.080813 0.000000
0.063402 -0.252925 0.000000
-0.028161 -0.019691 0.000000
-0.003992 -0.062990 0.000000
0.088257 0.069747 0.000000
0.046934 -0.012184 0.000000
-0.075068 0.143302 0.000000
0.004755 0.153750 0.000000
0.163083 0.383995 0.000000
-0.335690 -0.242312 0.000000
0.300409 -0.150503 0.000000
-0.342762 -0.007293 0.000000
-0.058582 0.399907 0.000000
0.172723 -0.312143 0.000000
-0.124568 -0.017388 0.000000
-0.116030 0.073656 0.000000
-0.118213 0.029186 0.000000
-0.128518 -0.028955 0.000000
13.665269 6.677782 0.000000
14.004361 5.355782 0.000000
14.312244 5.153205 0.000000
14.970022 4.344982 0.000000
14.664022 4.121953 0.000000
13.548801 3.303547 0.000000
13.262084 2.973986 0.000000
13.389319 2.527971 0.000000
13.027875 2.381258 0.000000
0.000000 0.000000 0.000000
0.012495 -0.027851 0.000000
-0.045328 0.069016 0.000000
-0.126490 -0.079081 0.000000
0.111251 -0.096763 0.000000
-0.076203 0.134553 0.000000
0.036542 0.095050 0.000000
-0.009699 -0.036173 0.000000
-0.038906 0.100333 0.000000
-0.039786 -0.083127 0.000000
0.178743 0.054261 0.000000
-0.152599 -0.111313 0.000000
-0.020012 -0.159628 0.000000
0.012011 0.208234 0.000000
-0.278071 0.260722 0.000000
-0.003943 0.062927 0.000000
-0.258894 0.347719 0.000000
-0.074780 0.046873 0.000000
-0.298244 -0.009091 0.000000
-0.188480 -0.017245 0.000000
-0.123424 0.022736 0.000000
13.912626 6.361970 0.000000
14.088466 5.847545 0.000000
13.844490 6.015907 0.000000
13.797376 5.120380 0.000000
14.086757 5.480467 0.000000
14.427107 4.771467 0.000000
14.740003 3.896572 0.000000
13.986448 4.038706 0.000000
13.237849 2.609478 0.000000
12.816652 2.578993 0.000000
0.000000 0.000000 0.000000
0.000547 -0.013867 0.000000
-0.001508 -0.034511 0.000000
-0.015985 0.022288 0.000000
-0.085724 -0.013990 0.000000
-0.044287 -0.105342 0.000000
-0.031349 -0.117802 0.000000
-0.070268 -0.021071 0.000000
0.072700 -0.157303 0.000000
-0.090673 0.145568 0.000000
-0.092280 0.044738 0.000000
-0.045929 0.111741 0.000000
-0.144126 0.230526 0.000000
0.030018 -0.212666 0.000000
-0.088322 -0.013243 0.000000
-0.042503 0.035672 0.000000
-0.199202 -0.008098 0.000000
-0.118905 -0.018169 0.000000
-0.203093 0.001926 0.000000
-0.132680 -0.014886 0.000000
-0.128690 -0.008268 0.000000
13.344035 6.946771 0.000000
13.704341 5.417713 0.000000
13.713674 5.985265 0.000000
14.582095 5.286729 0.000000
14.475941 4.957027 0.000000
14.751518 4.419812 0.000000
14.545522 2.914314 0.000000
13.356093 3.204300 0.000000
13.415011 2.776937 0.000000
12.851044 2.924808 0.000000
0.000000 0.000000 0.000000
0.019814 -0.017232 0.000000
-0.073773 0.014231 0.000000
-0.016868 -0.037960 0.000000
-0.019871 -0.015267 0.000000
-0.065950 0.034198 0.000000
0.005128 0.105286 0.000000
-0.080078 0.016692 0.000000
-0.041649 0.126110 0.000000
-0.098648 -0.067135 0.000000
-0.009046 -0.090039 0.000000
-0.113925 0.047455 0.000000
0.063178 -0.094614 0.000000
-0.407174 0.365753 0.000000
0.102312 -0.119189 0.000000
-0.319045 0.077895 0.000000
0.055650 -0.056514 0.000000
-0.278838 0.044026 0.000000
-0.088983 -0.033387 0.000000
-0.091052 -0.059862 0.000000
-0.126521 -0.047253 0.000000
13.511995 6.829747 0.000000
13.808539 6.274170 0.000000
14.301503 5.410104 0.000000
14.171084 5.724101 0.000000
13.831803 4.905995 0.000000
14.473950 4.530961 0.000000
14.304069 4.791745 0.000000
14.136855 3.917039 0.000000
13.200687 3.582504 0.000000
12.581478 3.053623 0.000000
0.000000 0.000000 0.000000
-0.000201 -0.015244 0.000000
-0.002460 0.035714 0.000000
-0.071295 -0.035464 0.000000
-0.030044 0.002416 0.000000
-0.066136 -0.116100 0.000000
-0.071323 -0.051199 0.000000
-0.070807 -0.114734 0.000000
0.008978 -0.086808 0.000000
-0.183435 0.134186 0.000000
0.048090 0.056233 0.000000
-0.220467 0.048655 0.000000
-0.124356 -0.029922 0.000000
0.089943 -0.132267 0.000000
-0.030512 0.043069 0.000000
-0.120183 -0.110764 0.000000
-0.074039 0.029328 0.000000
-0.137041 0.056546 0.000000
-0.120886 -0.017767 0.000000
-0.141082 -0.041967 0.000000
-0.130457 -0.053562 0.000000
-0.069839 -0.068048 0.000000
12.959160 7.471681 0.000000
13.640517 5.444177 0.000000
13.637344 5.316571 0.000000
14.428283 4.434886 0.000000
13.305885 5.109173 0.000000
14.183180 4.372897 0.000000
13.618105 3.389717 0.000000
13.586683 3.285089 0.000000
12.635083 3.228840 0.000000
0.000000 0.000000 0.000000
-0.001923 0.002106 0.000000
-0.082723 -0.028480 0.000000
0.059130 0.002875 0.000000
-0.110570 -0.028122 0.000000
0.002283 0.047959 0.000000
-0.092576 0.011760 0.000000
-0.028610 0.171543 0.000000
-0.162458 -0.008213 0.000000
0.044025 -0.142300 0.000000
-0.207359 0.015572 0.000000
-0.110626 -0.125730 0.000000
0.164675 0.160641 0.000000
-0.917012 -0.021506 0.000000
0.391468 -0.145993 0.000000
-0.416606 0.193168 0.000000
-0.164254 -0.041297 0.000000
-0.151063 -0.106580 0.000000
-0.168608 -0.031977 0.000000
-0.085049 -0.008716 0.000000
-0.129118 -0.049643 0.000000
12.512721 6.825024 0.000000
13.218259 6.913865 0.000000
13.696190 6.503854 0.000000
13.211083 5.464795 0.000000
13.954016 5.055498 0.000000
13.539323 5.190990 0.000000
14.315287 4.157282 0.000000
13.889521 3.995528 0.000000
13.404676 4.284323 0.000000
12.732306 3.985723 0.000000
0.000000 0.000000 0.000000
-0.012926 -0.017783 0.000000
-0.006345 0.035733 0.000000
-0.019260 -0.033734 0.000000
-0.064566 -0.070044 0.000000
-0.042825 -0.003108 0.000000
-0.094293 -0.172444 0.000000
-0.067119 -0.159353 0.000000
-0.078856 -0.069452 0.000000
-0.086350 0.031977 0.000000
-0.093966 -0.047938 0.000000
-0.032970 -0.073300 0.000000
-0.645915 -0.113610 0.000000
0.607411 -0.049151 0.000000
-0.678760 0.325895 0.000000
0.332518 -0.182372 0.000000
-0.054308 0.053377 0.000000
-0.097351 0.028055 0.000000
-0.141129 -0.008440 0.000000
-0.077243 -0.026958 0.000000
6.879712 9.031439 0.000000
12.701096 7.691773 0.000000
13.162144 6.909089 0.000000
12.962452 6.370593 0.000000
13.501223 5.433211 0.000000
13.727253 4.946289 0.000000
13.989926 4.291319 0.000000
13.440501 4.748339 0.000000
13.636146 4.575247 0.000000
13.809637 3.625903 0.000000
12.652891 3.320571 0.000000
0.000000 0.000000 0.000000
-0.017898 -0.007141 0.000000
-0.007534 -0.050022 0.000000
-0.008690 -0.026080 0.000000
-0.035554 0.017717 0.000000
-0.046363 -0.054302 0.000000
-0.064587 0.072517 0.000000
-0.068296 0.078171 0.000000
-0.090459 -0.120951 0.000000
-0.108742 -0.028881 0.000000
-0.242810 -0.036242 0.000000
-0.035410 0.206998 0.000000
0.492301 -0.578780 0.000000
0.764072 -0.278125 0.000000
-0.964270 -0.481951 0.000000
0.691255 0.311994 0.000000
-0.751571 -0.031130 0.000000
-0.086149 -0.139216 0.000000
-0.169136 -0.051223 0.000000
-0.157639 -0.087520 0.000000
-0.055332 -0.083305 0.000000
-0.095317 -0.057798 0.000000
12.786923 7.522817 0.000000
13.104255 6.774560 0.000000
13.384762 6.090475 0.000000
13.307308 5.338264 0.000000
13.892531 4.663919 0.000000
13.314098 4.293848 0.000000
13.336823 4.556594 0.000000
13.872634 3.957981 0.000000
13.483804 3.096788 0.000000
0.000000 0.000000 0.000000
-0.015923 -0.021586 0.000000
-0.009973 0.051153 0.000000
-0.014027 -0.078924 0.000000
0.005082 -0.055391 0.000000
-0.118631 -0.093452 0.000000
-0.021040 -0.189024 0.000000
-0.071014 -0.180818 0.000000
-0.182126 -0.031932 0.000000
0.015053 0.002153 0.000000
-0.143368 -0.310179 0.000000
-0.282177 0.219655 0.000000
-1.273610 0.541392 0.000000
0.112680 -0.498236 0.000000
0.039594 0.321822 0.000000
-0.802339 -0.293753 0.000000
0.011220 -0.196528 0.000000
-0.463946 0.067732 0.000000
-0.087443 -0.000388 0.000000
-0.097633 -0.121369 0.000000
12.350758 7.833446 0.000000
-0.086807 -0.123280 0.000000
12.334900 6.652326 0.000000
12.907629 6.515605 0.000000
13.411805 6.407693 0.000000
13.439749 5.623569 0.000000
13.611473 4.990229 0.000000
13.137114 4.693088 0.000000
12.946871 4.143781 0.000000
13.367632 4.391409 0.000000
12.964483 3.849773 0.000000
0.000000 0.000000 0.000000
-0.018836 -0.023392 0.000000
0.035301 -0.064027 0.000000
0.025640 -0.058236 0.000000
-0.052804 -0.016655 0.000000
0.039858 -0.054225 0.000000
-0.068489 -0.000469 0.000000
-0.039089 -0.022139 0.000000
-0.093618 -0.165580 0.000000
-0.158713 -0.293446 0.000000
-0.035645 0.068127 0.000000
-0.195878 -0.366114 0.000000
0.000036 -0.082604 0.000000
-0.199512 0.133325 0.000000
-0.361217 -0.453837 0.000000
0.057787 -0.017791 0.000000
0.184802 0.134831 0.000000
0.099301 -0.609413 0.000000
-0.093982 -0.032624 0.000000
-0.088269 -0.215472 0.000000
-0.060239 -0.098227 0.000000
12.216700 7.921177 0.000000
12.086036 7.137867 0.000000
13.323061 6.405845 0.000000
13.219772 6.240597 0.000000
13.028715 6.175937 0.000000
13.557355 5.813387 0.000000
13.066526 5.047017 0.000000
13.143373 4.828927 0.000000
12.632899 4.178683 0.000000
12.513534 3.807077 0.000000
0.000000 0.000000 0.000000
0.006941 -0.036332 0.000000
0.002064 0.036738 0.000000
0.052774 -0.069297 0.000000
-0.010637 -0.121255 0.000000
0.050468 -0.146350 0.000000
-0.119684 -0.206020 0.000000
-0.024988 -0.173108 0.000000
-0.029594 -0.156842 0.000000
-0.177198 -0.045894 0.000000
-0.028430 -0.136417 0.000000
-0.248316 -0.214547 0.000000
-0.035885 0.043829 0.000000
-0.437779 -0.142478 0.000000
0.017028 -0.171725 0.000000
-0.672794 0.006207 0.000000
-0.040298 -0.322188 0.000000
-0.105619 0.085558 0.000000
-0.331888 0.255471 0.000000
-0.096743 -0.195461 0.000000
-0.073463 -0.146694 0.000000
12.604703 7.703349 0.000000
12.044051 7.194738 0.000000
12.632152 6.985998 0.000000
13.142335 6.302566 0.000000
12.924020 5.892533 0.000000
13.094921 4.941573 0.000000
13.090576 4.780319 0.000000
13.486250 4.262767 0.000000
12.607216 4.359974 0.000000
13.166614 3.438579 0.000000
0.000000 0.000000 0.000000
-0.001567 -0.035441 0.000000
0.039743 -0.083125 0.000000
0.079090 -0.098710 0.000000
0.007976 -0.077605 0.000000
-0.016964 0.001007 0.000000
0.008508 -0.096186 0.000000
-0.063147 -0.106325 0.000000
-0.077958 -0.190513 0.000000
-0.021673 -0.262090 0.000000
-0.145697 -0.145199 0.000000
-0.163371 -0.071617 0.000000
-0.063565 -0.325266 0.000000
-0.650028 0.015923 0.000000
0.307752 -0.352305 0.000000
0.098336 -0.275327 0.000000
-0.143773 -0.221666 0.000000
-0.218231 -0.332962 0.000000
-0.068273 -0.324051 0.000000
-0.087152 -0.155746 0.000000
-0.112330 -0.163127 0.000000
-0.119004 -0.156114 0.000000
11.816233 7.350815 0.000000
12.718983 6.207726 0.000000
12.832619 6.116586 0.000000
13.429429 5.894917 0.000000
12.978083 5.527611 0.000000
13.349826 5.607529 0.000000
13.410758 4.604886 0.000000
12.694006 4.487474 0.000000
12.287049 4.069441 0.000000
0.000000 0.000000 0.000000
0.025016 -0.027438 0.000000
0.107266 0.025806 0.000000
0.023477 -0.004413 0.000000
0.056807 -0.174234 0.000000
0.122561 -0.203020 0.000000
-0.075896 -0.118814 0.000000
0.060422 -0.242998 0.000000
-0.107690 -0.105315 0.000000
-0.072406 -0.132531 0.000000
-0.147891 -0.201478 0.000000
-0.153736 -0.336507 0.000000
-0.022579 -0.084534 0.000000
-0.693874 0.184154 0.000000
0.043054 -0.273535 0.000000
-0.439994 -0.069661 0.000000
-0.120652 -0.072757 0.000000
0.034984 -0.090435 0.000000
-0.170016 -0.092755 0.000000
-0.156030 -0.262145 0.000000
10.940573 8.037173 0.000000
10.216989 9.433489 0.000000
11.879784 7.879575 0.000000
12.445610 7.255481 0.000000
12.496656 6.519013 0.000000
12.772915 5.362745 0.000000
12.879924 4.888795 0.000000
13.039804 5.963505 0.000000
13.197036 4.859615 0.000000
12.684153 4.651544 0.000000
12.615097 3.658612 0.000000
0.000000 0.000000 0.000000
0.030703 -0.048911 0.000000
0.057283 -0.084668 0.000000
0.112006 -0.136399 0.000000
0.100394 -0.033212 0.000000
0.013358 0.006162 0.000000
0.080740 -0.145724 0.000000
0.014553 -0.077502 0.000000
-0.061483 -0.173635 0.000000
0.009463 -0.203920 0.000000
-0.183672 -0.112462 0.000000
-0.008947 -0.023716 0.000000
-0.414504 -0.099277 0.000000
-1.163116 0.220803 0.000000
0.964324 -0.685658 0.000000
0.440930 -0.381580 0.000000
-0.163353 -0.234322 0.000000
-0.002442 -0.023105 0.000000
-0.078126 -0.219016 0.000000
-0.114177 -0.185799 0.000000
-0.118288 -0.177207 0.000000
-0.147040 -0.148513 0.000000
11.985765 7.837660 0.000000
12.137870 7.699571 0.000000
12.402445 6.740936 0.000000
12.833397 6.535634 0.000000
12.820672 4.994264 0.000000
12.430202 5.467324 0.000000
12.796126 4.868328 0.000000
12.704954 4.611877 0.000000
12.234797 4.287736 0.000000
0.000000 0.000000 0.000000
0.055977 -0.031984 0.000000
0.167664 0.060047 0.000000
0.050851 -0.008193 0.000000
0.080063 -0.151173 0.000000
0.194415 -0.106809 0.000000
0.015953 -0.116519 0.000000
0.010403 -0.158866 0.000000
-0.052328 -0.067248 0.000000
0.017033 -0.108797 0.000000
-0.311134 -0.172516 0.000000
0.327122 -0.372289 0.000000
-0.505570 0.123589 0.000000
-0.298433 -0.012337 0.000000
0.161888 -0.067388 0.000000
-0.016293 -0.084314 0.000000
-0.409821 -0.216671 0.000000
0.128785 -0.159752 0.000000
-0.249277 -0.137436 0.000000
-0.133684 -0.115892 0.000000
-0.174068 -0.121347 0.000000
10.014321 7.273925 0.000000
11.708177 8.121130 0.000000
11.815555 8.003546 0.000000
12.333374 6.504756 0.000000
12.568394 5.640977 0.000000
13.030872 5.784078 0.000000
12.668990 4.702062 0.000000
13.080330 5.234156 0.000000
12.707345 4.752765 0.000000
13.520296 3.805426 0.000000
0.000000 0.000000 0.000000
0.127973 -0.019503 0.000000
0.019928 -0.086955 0.000000
0.189717 -0.110397 0.000000
0.115610 0.053207 0.000000
0.074189 -0.015430 0.000000
0.048428 -0.020924 0.000000
0.104016 -0.024387 0.000000
-0.059043 0.003309 0.000000
0.061036 -0.116089 0.000000
-0.079695 0.107392 0.000000
0.042404 0.022581 0.000000
0.147250 -0.263929 0.000000
-0.146235 0.063017 0.000000
-0.227739 -0.271459 0.000000
-0.099321 0.175122 0.000000
-0.027293 -0.198799 0.000000
-0.037965 -0.118116 0.000000
-0.186229 0.025847 0.000000
-0.071216 -0.099041 0.000000
11.318734 7.935670 0.000000
-0.175587 -0.054016 0.000000
10.322831 7.267474 0.000000
12.229224 7.212360 0.000000
11.377606 7.524664 0.000000
12.502808 5.758654 0.000000
13.140286 5.278222 0.000000
12.562610 5.298508 0.000000
12.646515 5.175822 0.000000
12.561031 4.736586 0.000000
13.050225 4.744371 0.000000
0.000000 0.000000 0.000000
0.092541 -0.013892 0.000000
0.186495 0.140768 0.000000
0.049782 0.014599 0.000000
0.142898 -0.067062 0.000000
0.209309 0.005748 0.000000
0.056966 0.039709 0.000000
0.112743 0.002198 0.000000
-0.043993 -0.081115 0.000000
-0.088281 0.034400 0.000000
-0.039475 -0.173859 0.000000
-0.159345 0.037545 0.000000
-0.316460 0.116966 0.000000
0.177599 0.054206 0.000000
-0.135630 0.116300 0.000000
0.065032 -0.133811 0.000000
-0.173951 -0.012253 0.000000
0.167800 0.072911 0.000000
-0.006789 -0.068258 0.000000
-0.155583 -0.010340 0.000000
-0.134717 0.011236 0.000000
8.327555 8.498441 0.000000
11.282424 7.552721 0.000000
11.564871 8.080344 0.000000
11.620026 7.515864 0.000000
12.029569 6.847931 0.000000
12.190339 6.297587 0.000000
12.759541 5.315107 0.000000
12.721106 5.138147 0.000000
12.486451 4.760611 0.000000
12.375162 4.463186 0.000000
0.000000 0.000000 0.000000
0.128478 0.009589 0.000000
0.084066 -0.080755 0.000000
0.136566 0.004619 0.000000
0.097641 0.062945 0.000000
0.172476 0.189173 0.000000
0.029855 -0.110560 0.000000
0.077898 0.194816 0.000000
0.067030 0.171577 0.000000
0.131951 0.154014 0.000000
-0.055691 0.282050 0.000000
0.187238 0.122985 0.000000
-0.145237 0.018810 0.000000
-0.019162 0.033615 0.000000
0.052529 0.041369 0.000000
-0.093722 0.102124 0.000000
-0.159125 0.054150 0.000000
0.059948 0.048292 0.000000
0.034166 0.051334 0.000000
-0.085115 0.178431 0.000000
-0.184128 0.048676 0.000000
11.146383 7.861865 0.000000
8.290572 8.379584 0.000000
11.480399 7.499080 0.000000
11.919410 6.945969 0.000000
11.772562 7.419093 0.000000
12.567021 6.269689 0.000000
12.535161 5.603266 0.000000
12.194543 5.833075 0.000000
12.385025 4.824374 0.000000
12.630603 4.814071 0.000000
0.000000 0.000000 0.000000
0.165120 0.060988 0.000000
0.022450 0.148158 0.000000
0.255516 0.103858 0.000000
0.011798 0.036415 0.000000
0.206523 0.050825 0.000000
0.114598 0.349581 0.000000
0.140084 0.161183 0.000000
-0.024606 0.026794 0.000000
-0.035543 0.084320 0.000000
-0.132428 0.073256 0.000000
-0.098775 0.236273 0.000000
0.035361 0.273041 0.000000
0.266321 0.231203 0.000000
-0.204073 0.223060 0.000000
0.403803 0.246608 0.000000
0.035996 0.227594 0.000000
-0.209101 0.196946 0.000000
0.197711 0.278024 0.000000
-0.137648 0.134391 0.000000
0.020910 0.188123 0.000000
7.596256 -2.484858 0.000000
10.850536 7.566539 0.000000
11.533645 7.470203 0.000000
11.195022 7.366830 0.000000
11.851945 7.476070 0.000000
12.177802 6.780000 0.000000
12.336908 6.243707 0.000000
12.079346 5.152419 0.000000
12.489930 4.861869 0.000000
12.127648 4.591809 0.000000
0.000000 0.000000 0.000000
0.110746 0.048223 0.000000
0.150361 0.041107 0.000000
0.096385 -0.068819 0.000000
0.049918 0.296934 0.000000
0.241553 0.130232 0.000000
-0.028990 0.026405 0.000000
0.107497 0.116554 0.000000
0.061140 0.413690 0.000000
0.121558 0.528384 0.000000
0.240564 0.320928 0.000000
-0.193394 0.027523 0.000000
0.142373 0.395460 0.000000
-0.066511 0.136847 0.000000
0.299030 0.367764 0.000000
-0.482498 0.196117 0.000000
0.492257 0.332823 0.000000
0.138449 0.143229 0.000000
0.615891 0.526327 0.000000
0.002264 0.275085 0.000000
0.016275 0.117845 0.000000
10.333910 7.589825 0.000000
10.535313 7.319672 0.000000
10.983681 7.472577 0.000000
11.294051 6.594660 0.000000
11.723729 6.960686 0.000000
12.016095 6.340638 0.000000
12.245835 6.143145 0.000000
12.466054 4.857380 0.000000
12.378070 4.887863 0.000000
12.247382 4.597779 0.000000
0.000000 0.000000 0.000000
0.104183 0.074021 0.000000
0.075097 0.177182 0.000000
-0.020993 0.138454 0.000000
0.342601 0.137952 0.000000
-0.052144 0.158637 0.000000
0.193092 0.486255 0.000000
0.193270 0.421956 0.000000
0.018702 -0.015156 0.000000
-0.038864 -0.112777 0.000000
-0.180529 0.353338 0.000000
-0.034142 0.488551 0.000000
0.350183 0.367447 0.000000
-0.573353 0.153750 0.000000
0.586996 0.458052 0.000000
-0.165442 0.162871 0.000000
0.493090 0.446481 0.000000
-0.388090 0.100724 0.000000
0.218850 0.312745 0.000000
-0.201540 0.207752 0.000000
0.111175 0.125077 0.000000
0.060270 0.191012 0.000000
10.327059 6.973843 0.000000
11.127818 7.466819 0.000000
11.387525 6.823143 0.000000
11.828461 7.397361 0.000000
11.470377 7.036231 0.000000
11.861580 6.529338 0.000000
12.037525 5.903246 0.000000
12.317197 5.036841 0.000000
12.227853 4.659103 0.000000
0.000000 0.000000 0.000000
0.077290 0.124036 0.000000
0.132736 -0.141729 0.000000
0.043760 0.399450 0.000000
0.134158 0.065209 0.000000
-0.003388 0.363248 0.000000
0.151786 -0.084332 0.000000
-0.012136 0.338935 0.000000
-0.044266 0.292682 0.000000
0.385760 1.195023 0.000000
0.441202 0.205959 0.000000
-0.411846 -0.024748 0.000000
0.270313 0.471929 0.000000
-0.093939 0.343683 0.000000
0.199598 0.313344 0.000000
-0.277854 0.148447 0.000000
0.322544 0.359123 0.000000
-0.105172 0.116051 0.000000
0.264778 0.266864 0.000000
0.271605 0.236355 0.000000
0.143637 0.198757 0.000000
0.197198 0.131380 0.000000
10.925804 7.535795 0.000000
10.449127 7.644527 0.000000
10.762166 7.709905 0.000000
11.436985 6.062996 0.000000
11.839083 5.926418 0.000000
11.945398 6.216927 0.000000
12.388262 5.494044 0.000000
12.316376 5.128805 0.000000
12.217710 4.742916 0.000000
0.000000 0.000000 0.000000
0.134691 0.098366 0.000000
-0.051301 0.164310 0.000000
-0.007004 0.025526 0.000000
0.571098 0.210700 0.000000
-0.227503 0.229590 0.000000
0.561359 0.314320 0.000000
-0.025126 0.579802 0.000000
0.477994 0.038079 0.000000
-1.148310 -1.004282 0.000000
0.661152 1.197304 0.000000
-0.273141 0.381335 0.000000
0.536121 0.397246 0.000000
-0.406552 -0.045638 0.000000
0.267964 0.430320 0.000000
0.104807 0.351060 0.000000
0.190519 0.322287 0.000000
0.045420 0.345009 0.000000
0.117922 0.224937 0.000000
0.258267 0.251532 0.000000
7.793574 -0.545727 0.000000
9.638543 7.924278 0.000000
9.810745 7.254806 0.000000
10.345295 7.388775 0.000000
11.170494 6.912870 0.000000
10.589459 7.089453 0.000000
11.477333 6.375121 0.000000
11.954061 5.656609 0.000000
11.578980 6.533261 0.000000
12.229469 5.065702 0.000000
12.254253 4.837285 0.000000
0.000000 0.000000 0.000000
0.065560 0.100371 0.000000
0.088069 0.130316 0.000000
-0.205037 0.101150 0.000000
0.009888 0.321643 0.000000
-0.534580 0.379894 0.000000
0.241139 -0.295713 0.000000
-1.146970 -0.625531 0.000000
1.051486 0.794089 0.000000
-0.186531 1.080984 0.000000
0.419254 -0.285141 0.000000
-0.575592 -0.100557 0.000000
0.345461 0.317836 0.000000
-0.129198 0.346917 0.000000
-0.141004 0.044495 0.000000
0.019505 0.188424 0.000000
0.078134 0.238984 0.000000
0.058583 0.141299 0.000000
0.023353 0.156403 0.000000
0.163765 0.224712 0.000000
0.292504 0.238453 0.000000
0.340010 -0.031021 0.000000
8.816446 5.752534 0.000000
11.208962 7.326015 0.000000
9.290455 6.745871 0.000000
11.227883 6.764303 0.000000
11.477950 6.025242 0.000000
11.448162 5.724464 0.000000
11.936226 5.417355 0.000000
12.073384 4.976156 0.000000
12.292683 4.842988 0.000000
0.000000 0.000000 0.000000
-0.000124 0.162144 0.000000
0.075568 0.125359 0.000000
0.042453 0.040065 0.000000
0.543091 0.078802 0.000000
-0.073708 1.195010 0.000000
0.593480 0.676824 0.000000
-0.187836 -0.974586 0.000000
-0.011299 -0.114015 0.000000
-0.450278 -1.366577 0.000000
0.206756 1.235866 0.000000
0.086286 0.182020 0.000000
-0.198392 -0.010432 0.000000
0.162442 0.080249 0.000000
0.249748 0.140051 0.000000
0.165325 0.299546 0.000000
0.234199 0.285342 0.000000
0.343399 0.162039 0.000000
0.189081 0.178530 0.000000
0.418331 0.079731 0.000000
0.363432 0.039605 0.000000
9.401496 6.179396 0.000000
9.749575 7.452843 0.000000
9.717214 7.233117 0.000000
10.736131 7.380407 0.000000
11.060596 6.424708 0.000000
10.087552 7.101086 0.000000
11.494612 5.923429 0.000000
11.848572 5.690575 0.000000
11.945540 4.967113 0.000000
11.905587 4.685641 0.000000
0.000000 0.000000 0.000000
0.025148 0.083492 0.000000
-0.028912 -0.083230 0.000000
0.112023 0.307815 0.000000
-0.309323 0.083202 0.000000
0.162044 0.268876 0.000000
-0.162623 0.277674 0.000000
0.088437 0.028859 0.000000
-0.947658 -0.111426 0.000000
0.801131 1.157220 0.000000
-0.227309 0.052351 0.000000
0.155669 -0.630052 0.000000
0.014347 0.336487 0.000000
-0.135809 0.167135 0.000000
0.019163 -0.178337 0.000000
0.035626 0.193436 0.000000
0.335800 -0.163403 0.000000
0.157180 0.046915 0.000000
0.325913 -0.125516 0.000000
0.228704 -0.005019 0.000000
0.240773 0.007793 0.000000
8.620263 9.750718 0.000000
8.973121 7.269230 0.000000
10.553327 7.363636 0.000000
10.138185 7.189360 0.000000
9.978946 7.100774 0.000000
10.461568 6.781278 0.000000
11.204328 5.256695 0.000000
10.910204 5.664680 0.000000
11.947241 4.708522 0.000000
11.787427 4.096550 0.000000
0.000000 0.000000 0.000000
0.039231 0.074488 0.000000
-0.116177 0.050595 0.000000
0.298376 -0.179508 0.000000
-0.246031 0.049873 0.000000
0.337261 0.196020 0.000000
-0.262376 -0.092863 0.000000
0.495982 -0.087447 0.000000
0.580153 0.219740 0.000000
0.355373 -0.443775 0.000000
-0.272292 -0.056792 0.000000
0.147917 0.717070 0.000000
-0.159484 0.002133 0.000000
-0.016355 -0.128241 0.000000
0.274459 -0.094389 0.000000
0.577581 0.174314 0.000000
-0.129847 0.134220 0.000000
0.163367 0.216272 0.000000
0.373844 0.046615 0.000000
0.245084 -0.061014 0.000000
8.312322 9.349618 0.000000
8.980884 5.923699 0.000000
10.351385 6.994504 0.000000
10.276984 7.045931 0.000000
8.852913 6.600558 0.000000
10.170972 7.377651 0.000000
10.966915 6.780320 0.000000
10.093625 6.438287 0.000000
11.190012 5.409430 0.000000
11.497479 4.384997 0.000000
11.453257 3.992493 0.000000
0.000000 0.000000 0.000000
0.012997 0.049859 0.000000
0.000049 0.014034 0.000000
0.161611 -0.070391 0.000000
-0.170376 0.301758 0.000000
0.057020 0.277384 0.000000
0.086761 -0.373219 0.000000
-0.424848 -0.399033 0.000000
-0.003098 -0.196446 0.000000
-0.484992 -0.371488 0.000000
0.572628 0.482559 0.000000
-0.208880 -0.065969 0.000000
0.446561 -1.003898 0.000000
0.421426 0.108732 0.000000
0.174682 0.041659 0.000000
-0.403783 -0.283118 0.000000
0.345825 -0.174874 0.000000
0.045900 -0.050013 0.000000
0.215103 -0.027653 0.000000
0.241199 -0.086195 0.000000
0.267494 -0.064984 0.000000
0.223609 -0.057465 0.000000
8.040372 6.175199 0.000000
12.079491 8.159032 0.000000
10.528600 6.683503 0.000000
10.450471 7.540283 0.000000
9.862859 7.602736 0.000000
10.412976 6.664666 0.000000
11.146942 5.286280 0.000000
11.187740 4.839622 0.000000
11.135901 4.033163 0.000000
0.000000 0.000000 0.000000
-0.022096 -0.019034 0.000000
0.031419 -0.141255 0.000000
-0.070966 -0.245646 0.000000
0.311752 -0.248423 0.000000
-0.039796 -0.100117 0.000000
0.267972 -0.082494 0.000000
-0.024785 -0.409204 0.000000
0.275478 0.261906 0.000000
0.093838 -0.088464 0.000000
-0.084675 -0.251058 0.000000
0.120791 0.733868 0.000000
0.125254 0.106120 0.000000
-0.116305 0.359354 0.000000
-0.061396 -0.778429 0.000000
0.607928 0.322063 0.000000
0.204651 -0.497359 0.000000
0.073131 0.214273 0.000000
0.195062 -0.192013 0.000000
0.253889 -0.105635 0.000000
0.243063 -0.114668 0.000000
8.563521 3.743667 0.000000
10.583312 9.272720 0.000000
9.715227 7.479087 0.000000
10.181282 7.255893 0.000000
9.688070 6.877678 0.000000
10.277884 6.840984 0.000000
11.225229 6.981335 0.000000
11.354527 6.016281 0.000000
10.661316 5.422786 0.000000
10.843430 4.271486 0.000000
0.000000 0.000000 0.000000
-0.060625 -0.019131 0.000000
0.149250 -0.170005 0.000000
-0.016236 0.176683 0.000000
0.098852 -0.112628 0.000000
-0.399353 -0.109944 0.000000
-0.255367 0.589600 0.000000
0.494400 -0.680997 0.000000
0.273244 -0.543368 0.000000
0.432453 -0.302754 0.000000
0.132090 -0.038684 0.000000
-0.119552 -0.361671 0.000000
0.531236 0.060952 0.000000
-0.029635 0.335014 0.000000
-0.004703 -0.152916 0.000000
0.007629 0.162283 0.000000
0.507858 -0.220042 0.000000
0.567912 -0.157243 0.000000
0.087105 0.355632 0.000000
0.350751 -0.213412 0.000000
0.179314 -0.061499 0.000000
6.436617 6.834069 0.000000
9.286681 7.182667 0.000000
9.551413 6.264355 0.000000
9.989462 6.418259 0.000000
10.357296 6.990063 0.000000
10.110078 6.357843 0.000000
10.296265 6.864693 0.000000
10.756169 7.085886 0.000000
10.725856 5.557578 0.000000
10.700099 4.134014 0.000000
0.000000 0.000000 0.000000
0.107088 -0.070707 0.000000
-0.154390 -0.302660 0.000000
0.197249 -0.408320 0.000000
-0.326066 -0.233461 0.000000
0.589953 -0.264183 0.000000
-0.474196 -0.129236 0.000000
0.486324 -0.813527 0.000000
-0.219665 0.182656 0.000000
-0.827715 0.643878 0.000000
-0.068645 -0.259689 0.000000
-0.043652 -0.137145 0.000000
0.179564 -0.104948 0.000000
-0.072925 -0.039786 0.000000
0.105890 -0.018563 0.000000
0.911953 0.575024 0.000000
0.441145 -0.548658 0.000000
0.126405 -0.102942 0.000000
0.557245 0.145397 0.000000
0.712752 0.478892 0.000000
0.235558 0.008954 0.000000
0.343148 0.065951 0.000000
8.388020 0.663348 0.000000
7.844459 5.788870 0.000000
9.289332 7.164137 0.000000
9.861568 6.626787 0.000000
9.632545 6.786224 0.000000
11.129944 6.240428 0.000000
10.561624 5.957450 0.000000
10.436439 5.643272 0.000000
10.631609 4.158357 0.000000
0.000000 0.000000 0.000000
-0.021188 -0.102567 0.000000
0.126916 -0.106038 0.000000
0.322295 -0.051793 0.000000
-0.159653 -0.116732 0.000000
0.103953 -0.152786 0.000000
-0.135301 -0.261318 0.000000
0.484073 -0.641502 0.000000
0.079750 -0.518116 0.000000
1.088157 -0.993088 0.000000
0.313035 0.288767 0.000000
-0.262416 0.329753 0.000000
0.021052 0.152804 0.000000
0.232461 -0.129522 0.000000
-0.504919 0.272290 0.000000
-0.288211 -0.158432 0.000000
1.310967 0.634106 0.000000
0.382529 0.220753 0.000000
0.251249 -0.146943 0.000000
0.285179 0.102903 0.000000
0.242431 0.060994 0.000000
9.875155 -3.325494 0.000000
8.363837 5.024445 0.000000
6.528798 4.277462 0.000000
8.198380 7.643550 0.000000
10.351452 6.489168 0.000000
10.125872 6.062103 0.000000
9.680935 6.812201 0.000000
11.005688 6.113158 0.000000
10.883511 6.530562 0.000000
11.157339 4.795022 0.000000
0.000000 0.000000 0.000000
0.067628 -0.162922 0.000000
0.034841 -0.338612 0.000000
-0.118236 -0.457769 0.000000
0.187900 -0.546789 0.000000
-0.286264 -0.023135 0.000000
-0.225886 0.252824 0.000000
-0.054046 -0.022545 0.000000
-0.134859 0.272365 0.000000
0.388603 -0.675823 0.000000
-0.140767 0.113754 0.000000
-0.388235 0.369563 0.000000
0.195554 -0.613762 0.000000
0.886145 0.002872 0.000000
-0.145366 0.062500 0.000000
1.153484 0.483526 0.000000
-0.533369 -0.826940 0.000000
-0.256221 0.097530 0.000000
-0.118911 -0.051830 0.000000
0.484897 0.040403 0.000000
0.422496 0.061857 0.000000
9.578894 -3.991422 0.000000
8.686458 1.583005 0.000000
8.833293 4.576939 0.000000
8.588348 6.250852 0.000000
9.492732 6.297589 0.000000
9.893619 6.930685 0.000000
9.438379 5.881731 0.000000
10.786890 6.302503 0.000000
10.444104 5.422187 0.000000
10.569612 4.490068 0.000000
0.000000 0.000000 0.000000
0.047410 -0.161966 0.000000
0.104539 -0.213767 0.000000
0.208442 -0.078927 0.000000
0.178751 0.047988 0.000000
0.440146 -0.338260 0.000000
0.204565 -0.525760 0.000000
-0.239807 0.752226 0.000000
0.673322 -0.646866 0.000000
0.026625 -0.566239 0.000000
0.508440 0.002329 0.000000
-0.130924 0.742116 0.000000
0.088634 -0.139675 0.000000
-0.439809 0.428322 0.000000
0.345614 0.174140 0.000000
-0.129330 -0.057411 0.000000
0.084448 0.558351 0.000000
-0.007595 0.397570 0.000000
-0.586465 -0.086205 0.000000
0.435207 0.205615 0.000000
0.389787 0.085958 0.000000
0.476676 0.103737 0.000000
8.353915 9.282254 0.000000
7.039875 9.580789 0.000000
11.599938 6.845366 0.000000
10.904891 6.509381 0.000000
9.988455 6.239108 0.000000
9.926117 6.903150 0.000000
9.753463 6.640543 0.000000
10.572550 5.961501 0.000000
10.734507 5.001530 0.000000
0.000000 0.000000 0.000000
0.024371 -0.174582 0.000000
0.193937 -0.170207 0.000000
-0.134612 -0.535927 0.000000
0.115686 -0.754075 0.000000
0.251583 -0.304717 0.000000
-0.007291 0.227929 0.000000
-0.684549 0.367733 0.000000
0.818719 -0.820282 0.000000
0.175179 0.191537 0.000000
0.620676 0.491736 0.000000
-0.188456 0.034881 0.000000
0.481130 -0.396151 0.000000
0.327446 -0.237808 0.000000
0.222658 -0.216842 0.000000
-0.289719 -0.274716 0.000000
0.580409 -0.037000 0.000000
0.819174 0.559427 0.000000
0.621018 0.219319 0.000000
0.421813 0.175241 0.000000
0.408699 0.823863 0.000000
5.841562 11.473767 0.000000
6.126816 8.377767 0.000000
8.157462 5.829118 0.000000
8.485689 8.571014 0.000000
9.599984 6.423115 0.000000
8.755271 6.227139 0.000000
8.834679 5.856426 0.000000
10.303124 5.986417 0.000000
10.345534 5.825310 0.000000
10.603870 4.611805 0.000000
0.000000 0.000000 0.000000
0.025105 -0.184320 0.000000
0.179529 -0.480194 0.000000
0.072168 0.125396 0.000000
0.266334 0.685591 0.000000
-0.038269 -0.099481 0.000000
0.274132 -0.174055 0.000000
-0.639340 0.606394 0.000000
0.205444 0.530731 0.000000
-0.069454 -0.110178 0.000000
-0.248528 0.415969 0.000000
-0.060938 -0.419110 0.000000
-0.222893 -0.479843 0.000000
-0.573571 1.562051 0.000000
-0.800211 1.129670 0.000000
1.223442 1.089955 0.000000
0.375987 -0.637586 0.000000
0.172298 0.036024 0.000000
3.896814 -0.045745 0.000000
1.463630 0.669428 0.000000
10.280726 -0.211754 0.000000
5.885921 12.914107 0.000000
9.198386 6.421191 0.000000
7.350918 6.670579 0.000000
8.288325 7.987022 0.000000
7.588917 6.152543 0.000000
7.807575 5.167944 0.000000
9.589766 5.707025 0.000000
10.002422 6.338522 0.000000
10.071634 5.437158 0.000000
10.430729 4.535970 0.000000
0.000000 0.000000 0.000000
0.023188 -0.192606 0.000000
0.282030 0.002812 0.000000
-0.224565 -0.723088 0.000000
0.257521 -0.878858 0.000000
0.001404 -0.493407 0.000000
0.312683 0.516853 0.000000
-0.375711 0.027343 0.000000
0.635105 -0.669726 0.000000
0.564817 0.765005 0.000000
-1.227013 0.333882 0.000000
-0.118360 0.197422 0.000000
1.195135 0.421542 0.000000
1.272555 -1.653904 0.000000
-0.212382 0.420181 0.000000
-0.253026 -0.845935 0.000000
-1.211737 1.584708 0.000000
-2.209567 -3.312661 0.000000
0.578728 0.235863 0.000000
-3.574745 -1.095677 0.000000
0.614004 0.158968 0.000000
0.921923 -0.007374 0.000000
9.012076 7.600644 0.000000
6.726839 5.739477 0.000000
6.549818 6.735826 0.000000
7.740125 5.937402 0.000000
9.808312 6.581641 0.000000
10.734333 7.005338 0.000000
10.260595 5.786139 0.000000
10.148459 5.205426 0.000000
10.606303 4.775055 0.000000
0.000000 0.000000 0.000000
0.032673 -0.208992 0.000000
0.176618 -0.496674 0.000000
-0.103114 0.381721 0.000000
0.588696 0.113785 0.000000
-0.150704 0.885244 0.000000
0.231986 -0.418422 0.000000
-0.558314 -0.047325 0.000000
-0.387891 -0.033270 0.000000
-0.552432 0.279418 0.000000
0.145954 -1.081381 0.000000
0.422476 -0.855588 0.000000
-0.601349 0.764106 0.000000
1.508879 0.059787 0.000000
-1.031428 0.327314 0.000000
0.736088 0.542057 0.000000
1.204868 2.514599 0.000000
3.914542 3.863321 0.000000
0.285017 -0.200903 0.000000
0.302287 -1.526548 0.000000
0.834302 0.064721 0.000000
6.672892 0.776567 0.000000
7.050909 6.332568 0.000000
7.460910 3.671292 0.000000
8.911473 6.865320 0.000000
7.973643 6.342451 0.000000
7.503980 7.420548 0.000000
9.139427 6.970573 0.000000
9.187710 5.664478 0.000000
9.509529 5.141808 0.000000
10.478632 4.478526 0.000000
0.000000 0.000000 0.000000
0.027087 -0.213162 0.000000
0.213170 -0.027853 0.000000
0.770406 -0.246781 0.000000
0.764713 1.177272 0.000000
-0.550857 -1.252396 0.000000
0.905502 -0.823983 0.000000
-0.194945 -0.398567 0.000000
0.503670 0.533615 0.000000
0.439425 -1.026842 0.000000
-0.244070 0.384135 0.000000
0.849566 0.642215 0.000000
-1.178558 -0.176990 0.000000
0.270345 0.606576 0.000000
0.523945 -0.816834 0.000000
0.613809 -0.081587 0.000000
0.119342 -0.131089 0.000000
0.186630 -0.554985 0.000000
0.419938 -0.015247 0.000000
1.077896 1.217573 0.000000
0.105193 -0.202818 0.000000
10.536833 7.391365 0.000000
8.158430 8.727707 0.000000
5.903735 5.908808 0.000000
8.625799 6.634896 0.000000
6.775971 5.034208 0.000000
10.003013 6.000935 0.000000
9.916036 6.964181 0.000000
9.359808 6.460326 0.000000
9.705882 5.097175 0.000000
10.071653 4.656665 0.000000
0.000000 0.000000 0.000000
0.067294 -0.199927 0.000000
-0.154964 -0.158393 0.000000
-0.108993 -0.767730 0.000000
-0.777285 -0.096834 0.000000
0.731717 -0.530364 0.000000
-0.981663 1.225221 0.000000
1.492519 -0.046661 0.000000
-1.147797 1.163585 0.000000
0.372240 -0.232116 0.000000
-1.865134 0.638341 0.000000
1.467833 -0.877730 0.000000
-1.903049 0.683649 0.000000
1.368740 -1.019515 0.000000
-0.943234 0.685357 0.000000
-0.747745 -0.166295 0.000000
0.222755 0.020074 0.000000
1.320805 -0.128326 0.000000
0.334444 0.302909 0.000000
0.743946 -0.334613 0.000000
1.057146 0.016417 0.000000
7.056717 6.179368 0.000000
5.673400 4.377545 0.000000
9.036209 8.761298 0.000000
6.373975 4.166258 0.000000
6.127012 6.049736 0.000000
14.113346 10.948107 0.000000
9.783927 8.287894 0.000000
9.404349 5.593447 0.000000
9.063776 5.786378 0.000000
9.620874 4.882194 0.000000
0.000000 0.000000 0.000000
0.086858 -0.189664 0.000000
-0.059166 -0.389954 0.000000
0.264560 0.530593 0.000000
-0.087248 0.225473 0.000000
0.293839 0.599557 0.000000
-0.766664 -0.495921 0.000000
1.806141 1.777389 0.000000
2.171723 0.908070 0.000000
-1.759225 -1.823492 0.000000
-2.108484 -0.849590 0.000000
0.987239 0.255943 0.000000
0.825971 -0.552853 0.000000
-1.003530 0.010163 0.000000
-0.101993 -0.396793 0.000000
-0.171802 0.287252 0.000000
0.936370 -1.455401 0.000000
0.083606 0.953122 0.000000
0.573767 -0.627011 0.000000
0.617316 -0.527651 0.000000
0.677434 -0.396648 0.000000
1.216363 -0.576218 0.000000
6.979403 8.221932 0.000000
5.907277 7.976419 0.000000
7.953083 6.326755 0.000000
8.327132 6.948315 0.000000
8.776874 5.548181 0.000000
7.620382 6.511685 0.000000
11.425887 5.776475 0.000000
9.282863 5.912471 0.000000
9.222227 5.062944 0.000000
0.000000 0.000000 0.000000
0.061286 -0.180849 0.000000
0.110988 0.146505 0.000000
0.181549 -0.621299 0.000000
-0.091081 -0.983767 0.000000
0.252776 -0.717750 0.000000
-0.223453 0.670864 0.000000
0.753798 -0.951646 0.000000
-0.315308 0.736174 0.000000
-0.224000 -0.832551 0.000000
1.636139 0.710210 0.000000
-0.542315 -0.617549 0.000000
-0.762998 0.245011 0.000000
-0.545187 0.669358 0.000000
-0.301610 0.665672 0.000000
1.273385 -0.430896 0.000000
0.633448 0.735018 0.000000
1.726117 -1.375247 0.000000
1.165986 -0.167995 0.000000
-0.088672 0.968365 0.000000
1.668393 -0.025616 0.000000
8.612247 5.472278 0.000000
7.034516 10.486299 0.000000
7.548318 7.035415 0.000000
8.767757 6.111359 0.000000
5.378411 5.071084 0.000000
4.540153 2.028075 0.000000
5.150350 3.728184 0.000000
8.160890 5.259501 0.000000
8.759177 5.962078 0.000000
9.394647 4.374929 0.000000
0.000000 0.000000 0.000000
-0.030283 -0.169885 0.000000
0.079711 -0.251391 0.000000
-0.061683 0.190287 0.000000
0.026041 0.203434 0.000000
-0.503594 -0.232468 0.000000
0.531043 0.634393 0.000000
-2.178162 -1.410547 0.000000
0.639745 -1.367997 0.000000
-0.086372 0.402329 0.000000
0.877783 0.162764 0.000000
0.569459 0.654094 0.000000
0.688583 -0.835543 0.000000
-1.261933 -0.091493 0.000000
0.819971 -1.101489 0.000000
-2.572930 1.256905 0.000000
-0.199596 -0.019978 0.000000
1.000683 -0.492119 0.000000
0.211744 1.541274 0.000000
1.987905 -0.166146 0.000000
8.226448 5.082130 0.000000
0.870019 0.879406 0.000000
10.317681 0.629073 0.000000
8.655472 6.750043 0.000000
7.428634 5.010126 0.000000
8.435584 6.532112 0.000000
8.259119 6.945848 0.000000
4.978601 6.284944 0.000000
10.167021 6.484894 0.000000
8.740551 6.783097 0.000000
10.103445 4.541954 0.000000
0.000000 0.000000 0.000000
-0.043201 -0.223520 0.000000
0.128769 0.109416 0.000000
0.292232 -0.264715 0.000000
0.584895 0.000755 0.000000
1.226664 0.600145 0.000000
-0.413758 -0.195503 0.000000
-0.606346 0.604155 0.000000
-0.050643 -0.390388 0.000000
0.001825 0.052692 0.000000
-0.746344 -1.092979 0.000000
0.107760 -0.523308 0.000000
0.739155 -0.084533 0.000000
1.190654 0.022807 0.000000
1.181239 -0.183692 0.000000
1.208807 -2.831545 0.000000
2.409028 2.416449 0.000000
-1.892670 -0.381789 0.000000
-1.834626 -1.311855 0.000000
2.248442 -1.360995 0.000000
-0.669106 -1.844289 0.000000
6.787832 1.427881 0.000000
5.834377 3.717352 0.000000
6.061792 9.666962 0.000000
8.330368 9.249353 0.000000
9.974611 6.626170 0.000000
7.994706 6.876124 0.000000
7.070067 5.898806 0.000000
7.842560 7.622945 0.000000
9.483058 5.638701 0.000000
9.947297 5.218977 0.000000
0.000000 0.000000 0.000000
-0.108708 -0.149798 0.000000
0.329123 -0.066130 0.000000
-0.625563 -0.036003 0.000000
-0.728434 -0.316131 0.000000
-0.516714 -0.094119 0.000000
-0.483901 -0.930641 0.000000
0.622656 0.227128 0.000000
0.285141 -0.050815 0.000000
-0.197130 -0.096632 0.000000
0.231069 -0.304875 0.000000
-0.173038 -0.043762 0.000000
-1.170623 -0.183718 0.000000
0.074347 -1.008742 0.000000
-1.077444 -0.635248 0.000000
-0.584335 0.428646 0.000000
-1.184299 -2.062783 0.000000
0.536096 -3.324618 0.000000
0.382872 0.360006 0.000000
2.617383 6.168800 0.000000
-1.366854 4.977720 0.000000
4.919469 -6.191165 0.000000
3.116110 -0.434628 0.000000
6.315031 3.567871 0.000000
6.418769 6.271699 0.000000
6.784375 6.859330 0.000000
7.954649 5.091587 0.000000
6.929964 6.614152 0.000000
7.610008 6.481950 0.000000
8.127569 5.678388 0.000000
8.969803 5.656636 0.000000
0.000000 0.000000 0.000000
-0.091146 -0.202208 0.000000
-0.015642 -0.288661 0.000000
0.410381 0.169874 0.000000
1.023728 0.262306 0.000000
-0.003762 0.017950 0.000000
0.913836 0.556867 0.000000
-0.176006 0.338788 0.000000
-0.001745 -0.026637 0.000000
0.170101 -0.533410 0.000000
0.204857 -0.330115 0.000000
-0.138909 -0.884860 0.000000
-0.048459 0.276384 0.000000
1.076070 -0.790774 0.000000
2.106994 -0.036537 0.000000
0.880880 -0.077329 0.000000
1.089109 0.619987 0.000000
0.414240 0.887262 0.000000
0.078855 -2.815477 0.000000
6.461231 -1.343925 0.000000
-5.763139 -2.588229 0.000000
2.312873 -0.179854 0.000000
5.991073 3.999773 0.000000
3.179766 1.498229 0.000000
7.575475 6.920738 0.000000
7.343381 7.078639 0.000000
7.610073 7.014829 0.000000
7.010963 6.078532 0.000000
6.932956 5.341763 0.000000
7.896948 5.642519 0.000000
10.383282 4.561228 0.000000
0.000000 0.000000 0.000000
-0.015559 -0.153149 0.000000
0.045511 0.117962 0.000000
0.104076 0.007878 0.000000
0.252820 -0.088291 0.000000
-0.063007 0.287364 0.000000
-0.419158 -0.657838 0.000000
0.302302 0.008677 0.000000
0.346644 -0.553924 0.000000
-0.245488 -0.333161 0.000000
0.542787 -0.275034 0.000000
-0.348481 -0.272524 0.000000
-0.027523 -0.156458 0.000000
-0.250587 -0.450581 0.000000
-0.265353 -0.624192 0.000000
-0.312665 -0.979976 0.000000
-0.505192 0.571617 0.000000
0.829591 -1.897044 0.000000
-1.076905 -1.756637 0.000000
-0.544161 2.730131 0.000000
2.462597 2.128478 0.000000
1.960875 -2.393288 0.000000
4.752493 -0.148505 0.000000
6.056776 2.002276 0.000000
3.114863 -1.011714 0.000000
3.453551 0.812657 0.000000
7.696608 4.319281 0.000000
5.551845 4.429869 0.000000
9.920328 5.401605 0.000000
9.644391 5.078097 0.000000
9.567372 4.574763 0.000000
0.000000 0.000000 0.000000
-0.110858 -0.215739 0.000000
-0.006544 -0.266622 0.000000
0.063313 -0.081454 0.000000
-0.041100 -0.004245 0.000000
0.695537 0.119712 0.000000
0.481534 0.452715 0.000000
0.044245 0.337519 0.000000
0.199463 0.069405 0.000000
0.106316 -0.288023 0.000000
0.372032 -0.259139 0.000000
0.312098 -0.476354 0.000000
1.403746 -0.231558 0.000000
-1.231531 -0.475188 0.000000
0.445698 -0.355591 0.000000
-0.158910 -0.955805 0.000000
0.291718 -0.275784 0.000000
3.217872 -0.639984 0.000000
-2.973032 -0.288890 0.000000
2.390119 -2.485580 0.000000
1.140541 -0.145207 0.000000
2.321922 0.924270 0.000000
1.574594 0.996293 0.000000
2.739112 1.416510 0.000000
4.782822 2.388740 0.000000
1.854124 1.631818 0.000000
4.949981 3.782966 0.000000
4.407817 0.494925 0.000000
6.700368 7.248756 0.000000
7.597061 6.918545 0.000000
9.529158 4.789178 0.000000
0.000000 0.000000 0.000000
-0.105792 -0.177071 0.000000
0.157779 -0.051080 0.000000
0.023169 0.163777 0.000000
0.581595 0.756098 0.000000
-0.231489 -0.640048 0.000000
-0.242866 0.016903 0.000000
-0.420324 -0.431812 0.000000
0.838023 0.187361 0.000000
-0.240151 -0.357613 0.000000
0.348412 -0.255050 0.000000
0.584932 -0.268706 0.000000
-0.401122 -0.627219 0.000000
-0.108026 0.204991 0.000000
0.957977 -1.354613 0.000000
1.635461 -0.372143 0.000000
-1.637092 0.313536 0.000000
-0.033695 -0.136608 0.000000
-0.371496 0.615952 0.000000
2.967285 -0.992090 0.000000
-1.472109 -1.997431 0.000000
4.622075 -1.507528 0.000000
3.336798 0.204132 0.000000
1.758946 0.639443 0.000000
3.881626 1.681219 0.000000
2.249491 1.214730 0.000000
-0.109995 0.978801 0.000000
13.458026 7.013842 0.000000
0.050888 -3.314617 0.000000
9.830099 4.441631 0.000000
8.661800 4.141687 0.000000
0.000000 0.000000 0.000000
-0.148408 -0.238482 0.000000
-0.020812 -0.065883 0.000000
0.091172 -0.283693 0.000000
-0.229571 -0.001112 0.000000
0.006877 0.270084 0.000000
-0.006710 0.758939 0.000000
0.114579 -0.829550 0.000000
-0.096606 -0.239512 0.000000
0.188547 -0.170158 0.000000
0.136690 -0.222723 0.000000
0.593652 -0.098210 0.000000
0.254636 -0.433637 0.000000
1.677195 -0.218488 0.000000
0.481779 -1.375849 0.000000
1.590674 -0.249538 0.000000
3.132413 1.871247 0.000000
-0.421464 -1.839033 0.000000
2.504286 0.391752 0.000000
-2.074230 0.325391 0.000000
1.523576 -1.021042 0.000000
2.455120 -1.165169 0.000000
0.534311 1.014317 0.000000
2.262960 0.627398 0.000000
2.076415 1.188873 0.000000
4.766580 3.143943 0.000000
1.865324 1.323418 0.000000
1.489817 7.050247 0.000000
9.450162 8.873381 0.000000
9.900318 2.927731 0.000000
8.919096 3.506461 0.000000
0.000000 0.000000 0.000000
-0.160129 -0.241098 0.000000
0.091235 -0.227097 0.000000
0.016032 0.209533 0.000000
-0.175902 0.416571 0.000000
-0.126445 -0.608464 0.000000
0.192975 0.048636 0.000000
0.293699 0.695501 0.000000
-0.010444 0.250747 0.000000
0.040331 -0.381012 0.000000
0.541247 -0.258250 0.000000
0.224829 -0.656202 0.000000
-0.374681 -1.296644 0.000000
1.019834 1.129414 0.000000
-0.480374 -0.232508 0.000000
2.053033 -1.361289 0.000000
-2.671114 -1.997878 0.000000
1.858850 0.873111 0.000000
-1.178471 -1.116428 0.000000
1.233032 -1.088930 0.000000
1.441575 -1.693374 0.000000
1.311456 0.162367 0.000000
1.811717 -1.024110 0.000000
3.384716 1.278121 0.000000
1.722356 2.073794 0.000000
2.476582 1.020313 0.000000
3.285465 1.595700 0.000000
1.967226 0.899622 0.000000
6.248731 5.549210 0.000000
6.032820 5.562950 0.000000
7.950939 3.203235 0.000000
0.000000 0.000000 0.000000
-0.187479 -0.240386 0.000000
0.019490 -0.007510 0.000000
-0.137339 -0.677339 0.000000
0.117087 0.106115 0.000000
0.236740 -0.368951 0.000000
0.147686 -0.180840 0.000000
0.356155 1.359715 0.000000
-0.017706 -1.356310 0.000000
0.498216 0.068808 0.000000
0.145174 0.737444 0.000000
-0.093353 -0.130818 0.000000
1.248451 -1.042444 0.000000
1.006025 -1.040270 0.000000
-0.240806 0.353886 0.000000
1.903618 1.102766 0.000000
0.445017 -2.180372 0.000000
0.623926 0.099003 0.000000
1.279074 -0.483521 0.000000
0.861518 0.004589 0.000000
0.091226 0.832289 0.000000
1.249662 -0.217241 0.000000
1.075078 0.388559 0.000000
2.415031 -0.038293 0.000000
1.770591 1.301741 0.000000
1.390989 1.726952 0.000000
0.469253 3.051090 0.000000
2.470014 2.081343 0.000000
3.825538 2.097046 0.000000
1.004678 0.200438 0.000000
7.381436 1.503256 0.000000
0.000000 0.000000 0.000000
-0.188106 -0.305937 0.000000
0.151203 -0.372134 0.000000
-0.032443 0.313727 0.000000
-0.158379 0.171551 0.000000
0.067678 -0.411738 0.000000
-0.567988 0.673143 0.000000
0.435942 -1.289950 0.000000
-0.447113 -0.762286 0.000000
1.327902 0.814918 0.000000
1.009624 0.281123 0.000000
0.326854 -0.287808 0.000000
0.188630 0.644685 0.000000
1.109656 0.479126 0.000000
0.289500 -0.906940 0.000000
0.926082 -1.272257 0.000000
2.053924 1.266826 0.000000
-0.370316 0.068247 0.000000
0.244490 -0.502051 0.000000
1.311919 0.068697 0.000000
0.700174 -0.229572 0.000000
0.960045 -1.115515 0.000000
1.201601 -0.206227 0.000000
1.929473 0.216430 0.000000
0.072024 0.094742 0.000000
2.839981 1.060419 0.000000
3.364433 0.031294 0.000000
3.057381 1.679973 0.000000
0.984921 5.143671 0.000000
2.939626 1.263316 0.000000
6.155128 0.861091 0.000000
0.000000 0.000000 0.000000
-0.062710 -0.243028 0.000000
-0.288408 -0.191233 0.000000
0.067231 -0.480010 0.000000
0.169388 -0.792930 0.000000
-0.427803 0.923137 0.000000
0.555928 0.148278 0.000000
-0.709079 -0.067502 0.000000
-0.722880 -0.390174 0.000000
2.104514 -0.244304 0.000000
-0.298654 -0.380966 0.000000
0.947365 0.039784 0.000000
-0.028718 -1.021109 0.000000
0.280380 -0.834365 0.000000
1.070121 -0.224238 0.000000
0.095552 0.944105 0.000000
0.387572 -1.118603 0.000000
0.619798 -0.786008 0.000000
1.002025 0.697866 0.000000
0.704099 0.248509 0.000000
1.044971 0.383245 0.000000
1.270985 0.893603 0.000000
2.178992 1.168892 0.000000
0.139275 -0.334642 0.000000
1.596888 -0.610877 0.000000
2.048874 2.521929 0.000000
2.650013 2.269126 0.000000
-0.023066 3.428009 0.000000
0.406872 3.710973 0.000000
1.365362 1.682505 0.000000
4.371041 1.155997 0.000000
0.000000 0.000000 0.000000
-0.196933 -0.257597 0.000000
0.128897 -0.421160 0.000000
0.041138 0.111187 0.000000
-0.334206 0.004930 0.000000
0.127658 -0.682638 0.000000
-0.357840 2.209746 0.000000
-0.174452 -1.710729 0.000000
-3.403967 0.005155 0.000000
3.155485 0.061992 0.000000
-1.544847 -0.631207 0.000000
0.678573 0.810091 0.000000
0.487066 0.430812 0.000000
0.212531 0.572602 0.000000
0.484545 -0.273751 0.000000
1.043303 -0.595153 0.000000
0.526155 -1.545782 0.000000
1.302678 0.995349 0.000000
0.945640 0.077687 0.000000
0.876816 -0.535371 0.000000
0.185334 0.446456 0.000000
1.315462 0.442401 0.000000
-0.090762 -0.610672 0.000000
0.653138 2.601543 0.000000
0.954476 0.361917 0.000000
0.108891 -0.706296 0.000000
0.711852 0.817852 0.000000
3.259750 -0.307657 0.000000
-0.510961 1.010999 0.000000
1.823102 2.037245 0.000000
6.834429 4.680440 0.000000
0.000000 0.000000 0.000000
-0.132047 -0.300418 0.000000
-0.039941 -0.369653 0.000000
-0.215281 -0.378676 0.000000
0.259243 -0.837783 0.000000
-0.127131 0.929592 0.000000
0.155704 0.434160 0.000000
0.393898 -0.885948 0.000000
0.021260 0.213522 0.000000
-1.023681 0.490604 0.000000
-0.622046 0.826004 0.000000
-0.171118 -0.295999 0.000000
0.372678 1.082103 0.000000
0.316894 -1.178828 0.000000
0.524388 -0.720347 0.000000
1.083294 1.227556 0.000000
0.393274 1.305772 0.000000
0.679739 -1.209899 0.000000
1.216358 -1.416549 0.000000
0.570951 -0.348036 0.000000
1.386978 1.979199 0.000000
0.497249 -1.041647 0.000000
0.339761 0.185053 0.000000
0.733726 -0.027546 0.000000
-0.276346 -0.336850 0.000000
2.439588 -0.049950 0.000000
0.444619 1.035375 0.000000
0.753753 0.845233 0.000000
0.056881 -1.389415 0.000000
3.868811 2.010870 0.000000
-1.938099 -1.108546 0.000000
0.000000 0.000000 0.000000
-0.145448 -0.280436 0.000000
0.059859 -0.186018 0.000000
0.015801 -0.333604 0.000000
-0.256720 -0.073687 0.000000
0.053062 -0.884247 0.000000
-0.274167 -0.645708 0.000000
-0.395625 -0.168042 0.000000
0.507613 0.198981 0.000000
-0.502702 -0.603236 0.000000
0.380161 0.054436 0.000000
1.151915 -0.147605 0.000000
-0.571776 0.534096 0.000000
0.316278 0.763177 0.000000
0.760490 -0.399893 0.000000
-0.290862 -1.088700 0.000000
1.222718 -0.507214 0.000000
0.627091 0.321101 0.000000
-0.086469 0.986449 0.000000
-0.192779 3.445909 0.000000
2.352055 -2.609776 0.000000
-0.551034 -0.338672 0.000000
1.002113 -0.217068 0.000000
1.408432 0.301904 0.000000
0.433299 1.666528 0.000000
0.636401 0.535871 0.000000
0.651522 -0.481129 0.000000
1.221573 1.104242 0.000000
0.159801 4.332821 0.000000
3.205513 1.895602 0.000000
0.053358 1.916241 0.000000
0.000000 0.000000 0.000000
0.017945 -0.268273 0.000000
-0.393139 -0.539196 0.000000
0.332232 -0.462607 0.000000
-0.270973 -0.360587 0.000000
0.222311 -0.529631 0.000000
-0.200221 0.186830 0.000000
0.088372 -0.045362 0.000000
-0.454164 -0.461557 0.000000
0.152786 0.006143 0.000000
-0.501214 -0.821273 0.000000
0.715090 -0.302205 0.000000
0.369899 0.601245 0.000000
-0.240662 -0.606944 0.000000
0.473072 -0.092415 0.000000
0.172841 -0.136540 0.000000
-0.299560 0.284171 0.000000
0.890596 1.052243 0.000000
0.530633 -1.524232 0.000000
-0.129011 2.300011 0.000000
2.637707 -0.562360 0.000000
0.699131 0.323824 0.000000
1.527773 0.702172 0.000000
0.859047 1.386173 0.000000
-0.545110 0.557010 0.000000
-0.856139 0.114840 0.000000
0.938200 0.037678 0.000000
0.634705 0.946630 0.000000
-0.496877 -0.487909 0.000000
1.835829 1.541981 0.000000
1.872029 0.937840 0.000000
0.000000 0.000000 0.000000
-0.095709 -0.165632 0.000000
0.102505 0.037097 0.000000
0.056398 -0.156680 0.000000
-0.343150 -1.169814 0.000000
0.161289 0.568720 0.000000
-1.241175 -0.043678 0.000000
0.123621 -0.822826 0.000000
-0.564807 -0.792065 0.000000
0.553516 1.198969 0.000000
-0.964657 0.158606 0.000000
0.375705 0.701121 0.000000
-0.437324 -0.670844 0.000000
-0.676396 -0.000429 0.000000
-0.189908 0.544838 0.000000
0.296625 0.631944 0.000000
0.279191 0.374251 0.000000
0.907482 0.746681 0.000000
1.759586 1.437186 0.000000
0.672621 -0.267217 0.000000
-1.712323 -0.265759 0.000000
-0.475104 0.790956 0.000000
-0.299752 0.460893 0.000000
-0.376147 -0.580358 0.000000
0.527560 -0.211434 0.000000
0.354852 -0.235432 0.000000
0.108509 0.118170 0.000000
1.489716 1.551782 0.000000
-0.563391 -1.043401 0.000000
0.694805 1.242891 0.000000
1.983597 0.687355 0.000000
0.000000 0.000000 0.000000
0.001006 -0.211272 0.000000
-0.233195 -0.456483 0.000000
0.171716 -0.539100 0.000000
-0.040007 0.180661 0.000000
0.597127 -0.895967 0.000000
-0.334419 -0.652899 0.000000
1.141496 1.106740 0.000000
-0.709913 -0.396190 0.000000
0.007562 -0.914811 0.000000
-0.268330 -0.665850 0.000000
-0.369514 0.108524 0.000000
-0.320213 0.437647 0.000000
-0.114495 -0.633784 0.000000
0.654473 -0.439781 0.000000
0.279012 -0.337080 0.000000
0.181776 -1.188565 0.000000
0.814963 0.562177 0.000000
-0.798638 0.788208 0.000000
0.486942 0.755050 0.000000
-0.479914 0.693763 0.000000
1.415486 0.161392 0.000000
-0.328973 0.022257 0.000000
0.420684 -0.256585 0.000000
0.624586 -0.104695 0.000000
0.226617 0.027478 0.000000
-0.683860 1.027641 0.000000
0.275562 -1.290091 0.000000
0.239581 0.143508 0.000000
0.462419 -0.294927 0.000000
1.466789 0.596657 0.000000
0.000000 0.000000 0.000000
-0.054720 -0.019828 0.000000
0.110103 0.013021 0.000000
-0.084661 -0.008575 0.000000
0.171569 -0.666408 0.000000
-0.255957 -0.300077 0.000000
1.395897 0.005628 0.000000
-0.729129 -2.389425 0.000000
0.109824 -0.398272 0.000000
0.525445 0.276995 0.000000
-0.714328 0.104871 0.000000
0.299459 -0.216965 0.000000
-0.609116 -1.417575 0.000000
-0.329451 -0.045445 0.000000
-0.507082 -0.230104 0.000000
0.871606 -1.382740 0.000000
-0.448676 1.029531 0.000000
-0.216689 -0.313994 0.000000
1.728546 0.056231 0.000000
-1.413426 -0.988437 0.000000
0.164756 -0.391148 0.000000
-0.223215 0.484717 0.000000
-0.141688 0.318459 0.000000
0.253554 0.562674 0.000000
-0.045244 0.624275 0.000000
0.812014 -0.302166 0.000000
0.879767 -1.033629 0.000000
1.339206 -0.280100 0.000000
0.463119 0.281745 0.000000
0.051279 -0.584263 0.000000
1.034939 0.223503 0.000000
0.000000 0.000000 0.000000
-0.101943 -0.104172 0.000000
0.432212 -0.266976 0.000000
-0.769137 -0.333526 0.000000
0.737535 -0.157551 0.000000
-0.917261 -0.177170 0.000000
-1.034289 0.817663 0.000000
0.622256 -0.257924 0.000000
1.397301 -0.641212 0.000000
-1.260486 -1.419501 0.000000
1.275062 -0.412673 0.000000
3.134501 0.622861 0.000000
-0.095094 1.396739 0.000000
-0.559222 1.721360 0.000000
0.247292 -3.534370 0.000000
0.387697 0.128080 0.000000
2.287365 1.253707 0.000000
-1.294272 -0.402700 0.000000
0.107799 0.865175 0.000000
0.458173 -0.246123 0.000000
0.123557 -0.682346 0.000000
0.925458 0.010722 0.000000
0.551329 -0.279811 0.000000
0.024724 -0.165397 0.000000
0.876066 0.103030 0.000000
-0.245415 -1.761526 0.000000
0.756691 0.987431 0.000000
-0.196784 0.603513 0.000000
-0.470533 -0.972609 0.000000
0.460850 -0.550147 0.000000
0.657198 -0.189043 0.000000
0.000000 0.000000 0.000000
0.041570 0.000764 0.000000
-0.051596 0.012303 0.000000
-0.007580 0.009945 0.000000
0.119941 0.105245 0.000000
0.134645 0.710378 0.000000
-0.129679 -0.963471 0.000000
-1.220395 -0.664563 0.000000
0.298444 0.288559 0.000000
0.146238 0.707402 0.000000
-1.046655 -0.755255 0.000000
-5.320301 -0.879699 0.000000
3.277374 -1.045671 0.000000
-3.754017 4.516630 0.000000
0.613034 -0.242909 0.000000
-1.028867 -0.053091 0.000000
1.177847 0.347892 0.000000
-1.251489 -1.874542 0.000000
0.282969 -1.389875 0.000000
0.424459 0.365142 0.000000
-0.077960 0.658309 0.000000
0.742120 0.429448 0.000000
-0.622894 0.604949 0.000000
0.158714 -0.106806 0.000000
0.612822 0.303536 0.000000
-0.367086 0.207135 0.000000
0.892531 -1.307172 0.000000
1.343091 -0.604299 0.000000
0.112240 -0.745772 0.000000
0.216765 -0.478170 0.000000
0.328668 -0.369741 0.000000
0.000000 0.000000 0.000000
0.002604 0.084427 0.000000
0.122485 0.089750 0.000000
0.164816 -0.303573 0.000000
-0.286442 -0.264486 0.000000
0.016606 -0.331118 0.000000
0.470023 -0.205895 0.000000
0.056872 0.724040 0.000000
-0.123428 -0.721055 0.000000
-0.601935 -1.326685 0.000000
0.316456 -0.840237 0.000000
-1.762555 -1.655582 0.000000
1.473581 1.284685 0.000000
0.132208 -3.864443 0.000000
2.866916 -2.620401 0.000000
-4.725778 -0.859926 0.000000
1.010856 1.568382 0.000000
-0.695373 0.416953 0.000000
0.027142 0.674671 0.000000
0.356734 -0.133440 0.000000
0.608621 -0.855494 0.000000
-0.006154 0.264840 0.000000
1.514527 -0.859699 0.000000
-0.415625 0.540450 0.000000
0.745128 -0.637465 0.000000
0.077134 0.563150 0.000000
0.128355 -0.668042 0.000000
-0.048711 -0.289875 0.000000
0.318147 -0.276990 0.000000
0.459990 -0.968765 0.000000
0.036975 -0.457897 0.000000
0.000000 0.000000 0.000000
0.106609 0.152648 0.000000
-0.138246 -0.164969 0.000000
-0.021758 0.481867 0.000000
0.157160 0.452716 0.000000
-0.428130 0.682757 0.000000
-0.233193 -0.778849 0.000000
-0.177897 -0.372586 0.000000
0.088194 -0.048139 0.000000
0.042924 -0.217297 0.000000
0.205316 0.938077 0.000000
0.609387 -0.248828 0.000000
-0.673567 0.356191 0.000000
-1.905349 -0.766577 0.000000
1.614773 1.722984 0.000000
1.771742 0.409803 0.000000
1.060831 -2.371579 0.000000
-1.721928 0.773218 0.000000
1.558843 -0.157186 0.000000
0.359705 0.289327 0.000000
-0.021627 0.017385 0.000000
-0.107527 0.047427 0.000000
0.792739 0.354926 0.000000
1.141324 -0.467881 0.000000
0.696033 -0.971532 0.000000
0.381017 0.146776 0.000000
1.151547 -0.707705 0.000000
0.660888 -0.656278 0.000000
0.627090 -1.263891 0.000000
0.172649 -0.512476 0.000000
-0.250388 -0.359823 0.000000
0.000000 0.000000 0.000000
-0.020839 0.171625 0.000000
0.288425 0.316484 0.000000
0.209423 -0.169903 0.000000
-0.730769 -0.247068 0.000000
0.643221 -0.351542 0.000000
0.408890 0.078703 0.000000
-0.121230 -0.619029 0.000000
-0.054841 0.018236 0.000000
-0.367255 0.267372 0.000000
-0.330165 -0.734611 0.000000
-0.547842 -0.279251 0.000000
0.323820 -0.295488 0.000000
0.892833 0.004197 0.000000
0.035825 -1.297053 0.000000
1.598391 0.661443 0.000000
-2.805329 -1.562551 0.000000
0.179801 -0.823511 0.000000
-0.723187 -0.644042 0.000000
0.348306 0.498790 0.000000
0.357443 0.149178 0.000000
1.007226 -0.507949 0.000000
0.797720 -0.559532 0.000000
0.873007 0.315456 0.000000
-0.144755 0.760129 0.000000
0.847447 -0.688999 0.000000
0.131743 0.035952 0.000000
0.201236 0.525205 0.000000
0.692226 0.200252 0.000000
0.006398 -0.274268 0.000000
-0.431340 -0.156646 0.000000
0.000000 0.000000 0.000000
-0.003527 0.069584 0.000000
-0.085207 -0.023802 0.000000
0.158688 0.420933 0.000000
0.497286 1.061588 0.000000
-0.356940 0.285248 0.000000
-0.087178 -1.082664 0.000000
-0.408901 0.438400 0.000000
0.451886 0.639626 0.000000
-0.062613 -0.331779 0.000000
0.724333 0.311253 0.000000
0.010515 0.466638 0.000000
-0.577943 -0.175731 0.000000
-0.329907 0.271549 0.000000
-0.173477 0.157834 0.000000
1.725838 1.013011 0.000000
0.322596 -0.308541 0.000000
-0.888414 -0.629943 0.000000
0.166078 0.620199 0.000000
0.150008 -0.768687 0.000000
0.197481 0.453905 0.000000
0.248123 -0.066027 0.000000
0.686201 -0.078260 0.000000
-0.187866 0.335246 0.000000
0.918331 0.060377 0.000000
0.444388 0.688453 0.000000
0.907629 0.163128 0.000000
0.647352 0.377719 0.000000
0.256322 -0.816259 0.000000
0.156311 -0.003372 0.000000
-0.485247 0.084160 0.000000
0.000000 0.000000 0.000000
-0.040207 0.207896 0.000000
0.230413 0.122936 0.000000
-0.205429 0.146026 0.000000
0.167309 -0.847829 0.000000
-0.580257 0.804347 0.000000
0.433929 1.630403 0.000000
-0.281401 -0.067253 0.000000
0.494749 0.933935 0.000000
-0.408592 -0.439203 0.000000
-0.816626 0.091830 0.000000
-0.404707 -0.311292 0.000000
0.450128 0.426371 0.000000
-0.127676 0.016112 0.000000
-0.470293 -0.469923 0.000000
-1.406263 -0.914121 0.000000
0.346570 0.614377 0.000000
0.367789 0.527743 0.000000
0.432704 -0.194535 0.000000
-0.576095 0.072370 0.000000
0.037791 0.957518 0.000000
0.506676 0.943017 0.000000
0.866409 0.041101 0.000000
0.348700 0.111555 0.000000
0.182843 0.730452 0.000000
0.102735 0.505616 0.000000
0.570588 -0.034447 0.000000
0.192692 0.966176 0.000000
0.692684 0.780403 0.000000
0.115902 0.539859 0.000000
-0.503461 0.390614 0.000000
0.000000 0.000000 0.000000
-0.072901 0.067763 0.000000
0.149267 0.332516 0.000000
0.099580 -0.104839 0.000000
0.082891 0.828670 0.000000
0.425251 0.121147 0.000000
-0.244302 -0.120893 0.000000
-0.210996 0.529017 0.000000
-0.013578 0.382054 0.000000
0.213092 0.294198 0.000000
-0.183631 0.285703 0.000000
-0.436864 0.117961 0.000000
-0.346892 0.321395 0.000000
-0.127414 -0.026820 0.000000
-0.618954 0.094972 0.000000
0.433998 0.819524 0.000000
-0.199173 0.073808 0.000000
-0.219809 0.260185 0.000000
0.127654 0.677525 0.000000
0.019689 0.486136 0.000000
0.634310 0.156149 0.000000
-0.225531 0.774715 0.000000
-0.011754 0.816799 0.000000
0.844798 0.258420 0.000000
0.976904 0.857731 0.000000
0.694233 1.237240 0.000000
0.150231 0.937408 0.000000
0.487149 0.685000 0.000000
0.249779 0.395684 0.000000
0.274177 1.011100 0.000000
-0.202613 0.618868 0.000000
0.000000 0.000000 0.000000
-0.077218 0.148847 0.000000
0.054504 0.047944 0.000000
-0.087658 0.446131 0.000000
-0.059566 0.116110 0.000000
-0.043758 0.072047 0.000000
-0.235478 0.700121 0.000000
0.582710 0.343060 0.000000
-0.547454 0.238602 0.000000
-0.072334 1.050097 0.000000
0.009427 -0.300988 0.000000
0.340028 0.410064 0.000000
-0.579923 -0.029933 0.000000
0.490738 0.036940 0.000000
-0.235745 0.655125 0.000000
0.007781 0.189360 0.000000
-0.097281 0.889421 0.000000
-0.757670 -0.245879 0.000000
-0.521483 -0.282250 0.000000
0.142115 1.097998 0.000000
-0.116109 0.058597 0.000000
-0.288979 0.234329 0.000000
0.714282 0.845453 0.000000
0.781609 1.147479 0.000000
-0.391705 0.136669 0.000000
-0.305521 0.470323 0.000000
0.405774 0.739050 0.000000
0.821209 0.755288 0.000000
0.416778 0.921365 0.000000
0.093201 1.031831 0.000000
0.227345 0.825932 0.000000
0.000000 0.000000 0.000000
-0.128264 0.140566 0.000000
0.125495 0.259873 0.000000
0.013924 0.107354 0.000000
0.018650 0.469676 0.000000
0.017916 0.653045 0.000000
0.042646 0.117529 0.000000
-0.616251 0.732452 0.000000
0.355279 0.083350 0.000000
0.029661 0.935282 0.000000
-0.385535 0.391327 0.000000
0.059670 1.391153 0.000000
0.113959 0.163397 0.000000
-0.572793 0.402562 0.000000
-1.145567 0.435792 0.000000
-0.015187 0.227072 0.000000
-0.538437 0.209640 0.000000
0.393492 1.212745 0.000000
-0.327844 1.424909 0.000000
0.005765 -0.065612 0.000000
-0.628065 0.676058 0.000000
0.089563 1.755607 0.000000
1.123352 1.891074 0.000000
0.225637 0.247768 0.000000
1.499413 1.345731 0.000000
-0.510636 0.946179 0.000000
0.193837 1.269409 0.000000
0.342431 1.006701 0.000000
0.030200 1.542956 0.000000
0.520874 1.084564 0.000000
0.452075 0.825157 0.000000
0.000000 0.000000 0.000000
-0.132029 0.071159 0.000000
-0.097076 0.096894 0.000000
0.057979 0.223618 0.000000
-0.154917 0.130010 0.000000
-0.020305 0.192581 0.000000
0.100398 0.321370 0.000000
0.276584 0.301459 0.000000
-0.143311 0.357612 0.000000
0.445913 -0.172768 0.000000
0.302039 2.495304 0.000000
-0.478328 -0.979005 0.000000
-0.060444 0.160509 0.000000
-0.362316 0.265509 0.000000
-0.177731 0.693285 0.000000
0.064402 0.511771 0.000000
-1.221675 -0.321360 0.000000
0.019567 0.587846 0.000000
-0.799543 0.292116 0.000000
0.450023 0.945366 0.000000
0.513909 0.255224 0.000000
-0.175960 0.248047 0.000000
-1.250103 -0.018879 0.000000
0.808092 1.495946 0.000000
-1.327457 0.161425 0.000000
-0.125612 0.579308 0.000000
0.124631 1.216607 0.000000
0.563677 0.687915 0.000000
0.453775 0.898943 0.000000
0.263318 0.943351 0.000000
0.873610 0.743850 0.000000
0.000000 0.000000 0.000000
-0.198269 0.114524 0.000000
-0.060889 0.171232 0.000000
0.107138 0.231659 0.000000
-0.162142 0.400554 0.000000
0.132624 0.261253 0.000000
-0.144759 0.531713 0.000000
0.013860 0.413991 0.000000
0.814760 0.175865 0.000000
-0.774520 0.645028 0.000000
0.427040 -0.813691 0.000000
-0.171849 -0.898699 0.000000
-0.118411 1.017932 0.000000
-0.117164 0.786218 0.000000
-0.874291 0.165351 0.000000
-0.714021 -0.368326 0.000000
-0.500257 1.340012 0.000000
-0.074166 0.797707 0.000000
-0.891153 0.272681 0.000000
-0.363676 0.881828 0.000000
-1.222195 0.568128 0.000000
-0.362437 0.240505 0.000000
-0.788138 1.442085 0.000000
0.334461 0.684708 0.000000
0.498623 0.245828 0.000000
0.673030 0.734706 0.000000
0.157474 0.589024 0.000000
0.442455 0.596637 0.000000
0.268460 0.959779 0.000000
0.867137 0.743442 0.000000
1.110275 0.642857 0.000000
0.000000 0.000000 0.000000
-0.213084 0.025939 0.000000
-0.023254 0.104792 0.000000
-0.293955 -0.036363 0.000000
0.006208 0.227212 0.000000
-0.103786 0.111011 0.000000
-0.005521 0.240629 0.000000
0.288498 -0.105700 0.000000
-0.374898 0.526584 0.000000
0.478337 0.648267 0.000000
-0.431607 0.313036 0.000000
0.258130 0.351944 0.000000
-0.084803 0.015344 0.000000
-0.026363 0.314065 0.000000
0.079781 0.431204 0.000000
0.025758 0.508331 0.000000
-0.550040 0.355457 0.000000
-0.507295 1.191842 0.000000
-0.953310 -0.342136 0.000000
-0.273260 -0.295535 0.000000
-0.217066 0.347858 0.000000
-0.346665 0.791859 0.000000
0.015311 1.067112 0.000000
-0.143049 -0.285176 0.000000
0.113334 0.820031 0.000000
-0.072598 1.123894 0.000000
0.984915 0.309228 0.000000
0.609632 0.738139 0.000000
0.477894 0.315491 0.000000
0.618283 0.434782 0.000000
1.278365 0.406404 0.000000
0.000000 0.000000 0.000000
-0.227249 0.065307 0.000000
-0.096309 0.177369 0.000000
-0.028620 0.165968 0.000000
0.067348 0.268209 0.000000
-0.393524 0.248896 0.000000
0.463939 0.233588 0.000000
-0.115055 0.564101 0.000000
0.072819 0.002298 0.000000
0.420130 -0.258894 0.000000
-0.419754 0.749961 0.000000
1.014571 -0.304374 0.000000
-0.460984 0.175329 0.000000
-0.188411 0.377300 0.000000
-0.962125 0.721062 0.000000
-0.029345 -0.228635 0.000000
-0.568756 1.081312 0.000000
-0.080587 0.510464 0.000000
-0.134204 0.948954 0.000000
-0.955828 0.480087 0.000000
-0.157503 0.558035 0.000000
-0.585058 0.023244 0.000000
0.037042 0.324660 0.000000
0.339838 1.379662 0.000000
0.736141 0.142040 0.000000
-0.560518 -0.494021 0.000000
0.283250 -0.254769 0.000000
1.240468 -0.787996 0.000000
0.458025 0.341321 0.000000
0.880063 -0.001195 0.000000
1.252363 0.106586 0.000000
0.000000 0.000000 0.000000
-0.166595 -0.001629 0.000000
-0.187976 -0.105005 0.000000
-0.176971 0.047891 0.000000
-0.247591 -0.087767 0.000000
0.097576 0.092830 0.000000
-0.098055 -0.056663 0.000000
0.066744 0.055400 0.000000
0.507921 0.348074 0.000000
-0.116793 0.201069 0.000000
0.209436 0.055121 0.000000
-1.233156 0.801727 0.000000
0.842581 0.116126 0.000000
-0.408785 -0.030357 0.000000
-0.203876 0.042809 0.000000
-0.054433 0.273388 0.000000
-0.835780 -0.113113 0.000000
-0.286803 -0.492325 0.000000
-1.157096 0.238141 0.000000
0.018120 -0.370288 0.000000
-0.430613 0.244630 0.000000
-0.236260 0.347970 0.000000
0.384104 0.262820 0.000000
-0.919593 -0.150894 0.000000
0.066238 0.151189 0.000000
0.058943 -0.507941 0.000000
0.181302 0.024081 0.000000
-0.174907 0.914809 0.000000
0.911378 -0.267010 0.000000
0.696576 -0.120961 0.000000
1.187422 -0.111260 0.000000
0.000000 0.000000 0.000000
-0.206392 -0.001669 0.000000
-0.205401 0.291233 0.000000
0.024454 0.097602 0.000000
-0.116221 0.265008 0.000000
0.025995 0.071507 0.000000
0.019993 0.163153 0.000000
0.131822 0.027561 0.000000
0.075720 -0.257317 0.000000
0.063358 0.235597 0.000000
0.240853 0.305148 0.000000
0.379791 -0.268921 0.000000
0.088778 -0.341433 0.000000
-0.436028 0.356875 0.000000
0.003081 0.102860 0.000000
-0.722345 0.731838 0.000000
-0.155731 -0.092385 0.000000
-0.410116 1.511351 0.000000
-0.506122 -0.144195 0.000000
-0.614120 0.742733 0.000000
0.052675 0.255571 0.000000
-0.545083 -0.241274 0.000000
-0.394044 0.068720 0.000000
0.020832 0.098214 0.000000
0.252129 0.838992 0.000000
0.721524 0.236395 0.000000
0.899120 -0.814407 0.000000
0.006490 0.341088 0.000000
0.514382 -0.323535 0.000000
0.990835 -0.439005 0.000000
1.075227 -0.311408 0.000000
0.000000 0.000000 0.000000
-0.074389 0.053116 0.000000
-0.383654 -0.189764 0.000000
0.045778 -0.175840 0.000000
-0.301991 -0.109258 0.000000
-0.017520 -0.033123 0.000000
0.140269 -0.096776 0.000000
0.119535 -0.017680 0.000000
0.081746 0.284911 0.000000
0.388534 -0.214319 0.000000
-0.060693 -0.437142 0.000000
-0.179399 0.580641 0.000000
0.024577 -0.124156 0.000000
-0.051448 0.162613 0.000000
-0.361653 -0.160356 0.000000
-0.324752 -0.466640 0.000000
-0.311764 0.078942 0.000000
-0.675661 -1.152012 0.000000
-0.134438 -0.308037 0.000000
-0.661917 0.087920 0.000000
-0.188632 -0.398940 0.000000
-0.301506 -0.236635 0.000000
-0.326508 -0.626784 0.000000
0.567177 0.307721 0.000000
0.021353 -0.568342 0.000000
0.245502 -1.036088 0.000000
0.251491 -0.215840 0.000000
0.016741 0.385041 0.000000
1.213246 -1.030700 0.000000
0.700024 -0.613195 0.000000
0.865359 -0.426320 0.000000
0.000000 0.000000 0.000000
-0.361010 0.003616 0.000000
0.311365 0.234959 0.000000
-0.653810 0.145730 0.000000
0.265409 0.124976 0.000000
-0.173242 -0.088448 0.000000
0.036697 -0.049096 0.000000
0.120790 -0.120431 0.000000
0.245595 -0.360918 0.000000
-0.020619 0.045304 0.000000
0.294166 0.483592 0.000000
0.144181 -0.488422 0.000000
0.118937 -0.261826 0.000000
-0.315661 0.007359 0.000000
0.187407 -0.136051 0.000000
-0.543241 0.583746 0.000000
0.035266 -0.055647 0.000000
-0.643627 0.606202 0.000000
-0.433379 -0.156658 0.000000
-0.171759 -0.453716 0.000000
-0.152782 -0.048895 0.000000
-0.374265 -0.216535 0.000000
-0.034702 -0.532677 0.000000
-0.037171 -0.641354 0.000000
0.642115 0.053962 0.000000
0.118292 -0.493903 0.000000
0.840573 -0.201243 0.000000
0.624646 -1.333883 0.000000
0.492269 0.204158 0.000000
0.857401 -0.661698 0.000000
0.695276 -0.472314 0.000000
0.000000 0.000000 0.000000
-0.058778 -0.091006 0.000000
-0.109347 -0.284960 0.000000
-0.029115 -0.146961 0.000000
0.267570 -0.428896 0.000000
-0.548297 0.194265 0.000000
0.413775 -0.201110 0.000000
0.009626 0.033260 0.000000
0.163022 -0.036483 0.000000
0.182540 -0.187386 0.000000
0.116434 -0.569260 0.000000
-0.102366 0.057461 0.000000
-0.034396 0.092713 0.000000
-0.132940 -0.143890 0.000000
-0.330941 -0.191077 0.000000
-0.357309 -0.800732 0.000000
-0.531622 -0.455004 0.000000
-0.424425 -0.391154 0.000000
0.128095 -0.121760 0.000000
-0.579461 -0.169739 0.000000
-0.469545 -0.152888 0.000000
-0.265867 -0.398542 0.000000
0.253403 -0.369933 0.000000
-0.248266 -0.275032 0.000000
0.352407 -0.814846 0.000000
0.100934 -0.473926 0.000000
0.601879 -0.826858 0.000000
0.464793 -0.319213 0.000000
0.760424 -0.811343 0.000000
0.807330 -0.670422 0.000000
0.570059 -0.445214 0.000000
0.000000 0.000000 0.000000
0.111396 0.001628 0.000000
-1.021997 0.472283 0.000000
1.490536 -0.703383 0.000000
-0.777702 0.504047 0.000000
0.670523 -0.374378 0.000000
-0.063064 -0.230594 0.000000
0.221926 -0.220910 0.000000
0.091946 -0.232146 0.000000
0.234336 0.045436 0.000000
-0.146810 0.081276 0.000000
0.292638 -0.245643 0.000000
0.060964 -0.312830 0.000000
-0.148633 -0.375645 0.000000
0.093423 0.263847 0.000000
-0.376792 0.262539 0.000000
-0.107430 0.456921 0.000000
-0.495378 -0.215859 0.000000
-0.651102 -0.485332 0.000000
-0.822512 -0.358862 0.000000
-0.155521 -0.539890 0.000000
-0.490263 -0.325960 0.000000
0.142246 -0.705345 0.000000
0.000088 -0.279333 0.000000
0.176737 -0.582587 0.000000
0.544592 -0.631783 0.000000
0.504270 -0.307950 0.000000
0.912994 0.279235 0.000000
0.479905 -0.823827 0.000000
0.602834 -0.315331 0.000000
0.436335 -0.406782 0.000000
0.000000 0.000000 0.000000
-0.186321 0.030724 0.000000
0.017429 -0.198512 0.000000
-0.991100 0.372129 0.000000
0.165515 -0.436012 0.000000
0.551917 -0.129961 0.000000
-0.722004 0.171460 0.000000
0.662588 0.002997 0.000000
-0.076640 -0.264078 0.000000
-0.114838 -0.293588 0.000000
0.300117 -0.180864 0.000000
-0.215625 -0.215489 0.000000
-0.044489 0.073518 0.000000
-0.010816 0.568143 0.000000
-0.484355 -0.491049 0.000000
-0.408304 -0.989316 0.000000
-0.337682 -0.680197 0.000000
-0.372355 -0.585907 0.000000
0.252773 -0.130061 0.000000
-0.452148 -0.631492 0.000000
0.283588 -0.321462 0.000000
-0.348549 0.066433 0.000000
0.237786 -0.856883 0.000000
-0.031914 -0.568073 0.000000
0.262534 -0.570861 0.000000
0.468397 -0.258881 0.000000
0.530173 -0.358517 0.000000
0.177539 -1.207244 0.000000
0.780323 -0.554424 0.000000
0.536126 -0.414557 0.000000
0.366701 -0.273414 0.000000
0.000000 0.000000 0.000000
-0.043754 -0.040727 0.000000
0.082506 0.283127 0.000000
-0.217374 -0.312873 0.000000
0.743523 -0.207745 0.000000
-0.472399 0.120890 0.000000
0.270221 -0.557258 0.000000
-0.278326 -0.752602 0.000000
0.085848 0.469212 0.000000
0.471455 -0.117997 0.000000
-0.094286 0.106510 0.000000
0.732707 -0.006082 0.000000
-0.362872 -0.194434 0.000000
0.006623 -1.026724 0.000000
0.067615 0.892377 0.000000
-0.199809 -0.117419 0.000000
-0.473993 0.243610 0.000000
0.077078 -0.247339 0.000000
-0.908143 -0.134735 0.000000
0.391102 -0.622533 0.000000
-0.573939 0.084511 0.000000
-0.446172 0.007301 0.000000
0.648008 -1.281134 0.000000
0.223342 -0.223674 0.000000
0.300394 -0.080308 0.000000
0.147161 -0.968985 0.000000
0.532981 0.125764 0.000000
0.554305 -0.711750 0.000000
0.368783 0.042895 0.000000
0.479411 -0.208704 0.000000
0.334160 -0.162113 0.000000
0.000000 0.000000 0.000000
-0.001597 -0.023207 0.000000
0.039786 -0.189091 0.000000
-0.166392 -0.010664 0.000000
-0.091330 0.532617 0.000000
0.107949 -1.112360 0.000000
0.362693 0.220757 0.000000
0.356490 0.625992 0.000000
0.067293 -0.203647 0.000000
0.573468 0.058953 0.000000
-0.550414 -0.229753 0.000000
-0.290034 -0.164813 0.000000
-0.082440 0.220684 0.000000
0.788023 0.243479 0.000000
-0.957277 -0.475165 0.000000
0.205478 -0.459375 0.000000
-0.597917 -0.091781 0.000000
-0.009366 -0.699440 0.000000
-0.488996 0.034614 0.000000
-0.239341 -0.349209 0.000000
-0.710438 -0.048334 0.000000
0.553830 -0.401224 0.000000
0.364160 -0.012610 0.000000
0.524249 -0.711649 0.000000
0.012979 -0.959737 0.000000
0.343663 -0.396789 0.000000
0.387327 -1.382640 0.000000
0.318898 0.270162 0.000000
0.452685 -0.049993 0.000000
0.383767 -0.080704 0.000000
0.340407 -0.057627 0.000000
0.000000 0.000000 0.000000
-0.052914 -0.061109 0.000000
-0.032003 0.030493 0.000000
0.435535 0.319228 0.000000
-0.085449 -0.801178 0.000000
0.389473 0.808894 0.000000
-0.243067 -0.295099 0.000000
0.236609 -0.427800 0.000000
0.134449 -0.058750 0.000000
-0.638254 -0.296398 0.000000
0.073817 0.304753 0.000000
0.855219 -0.427068 0.000000
-0.738266 -0.192989 0.000000
-0.654921 0.358865 0.000000
-0.547664 0.488701 0.000000
1.274802 -0.086702 0.000000
-0.536030 -0.359600 0.000000
-0.036699 0.384361 0.000000
-0.906003 -0.060994 0.000000
0.070277 -0.110842 0.000000
-0.405918 -0.574839 0.000000
-0.506677 0.017965 0.000000
-0.461601 -0.604313 0.000000
0.155779 -0.160882 0.000000
0.859941 -0.628183 0.000000
0.015129 0.087609 0.000000
0.286229 1.012268 0.000000
0.048984 0.094978 0.000000
0.487591 -0.119620 0.000000
0.274535 -0.012684 0.000000
0.330009 -0.002069 0.000000
0.000000 0.000000 0.000000
0.032600 -0.086121 0.000000
0.333283 -0.058037 0.000000
-0.542487 -0.414868 0.000000
0.216561 -0.045219 0.000000
-0.240793 -1.010217 0.000000
-0.001834 0.068295 0.000000
0.751718 0.384867 0.000000
0.973646 0.492043 0.000000
-0.062441 -0.051279 0.000000
0.072664 0.021889 0.000000
-0.892606 0.744415 0.000000
0.186624 -0.117472 0.000000
1.295383 1.285371 0.000000
0.791062 -0.955449 0.000000
-1.319967 0.066123 0.000000
-1.321023 -0.008417 0.000000
0.916215 0.242932 0.000000
0.382178 -0.529255 0.000000
0.375097 -0.011460 0.000000
-0.357665 -0.148330 0.000000
-0.127351 -0.202278 0.000000
0.576895 -0.212916 0.000000
-1.116684 -0.106195 0.000000
0.450846 0.183867 0.000000
-0.146674 -0.584537 0.000000
0.369696 0.347629 0.000000
0.451875 -1.153740 0.000000
0.417413 0.092710 0.000000
0.363985 -0.011037 0.000000
0.315547 0.034078 0.000000
0.000000 0.000000 0.000000
0.166243 -0.095614 0.000000
-0.425247 0.014083 0.000000
1.386028 0.110120 0.000000
-1.070025 -0.196958 0.000000
0.797497 0.166103 0.000000
0.005975 0.501783 0.000000
-0.996134 -0.197633 0.000000
0.032120 -0.697756 0.000000
0.394864 -0.281009 0.000000
0.189513 -0.636584 0.000000
-0.534051 -0.642993 0.000000
1.824172 0.308183 0.000000
-2.753367 0.139361 0.000000
-0.875997 -0.241466 0.000000
1.574671 -0.018141 0.000000
-0.324499 0.086387 0.000000
-0.607358 -0.453946 0.000000
-1.888807 -0.307135 0.000000
1.054285 0.278557 0.000000
-0.142445 -0.436711 0.000000
-0.125847 -0.485641 0.000000
-0.724367 -0.331848 0.000000
0.439244 -1.369579 0.000000
0.065891 -0.370611 0.000000
0.000591 0.158924 0.000000
0.211475 0.124533 0.000000
0.039414 0.148331 0.000000
0.082785 -0.283116 0.000000
0.322576 0.158473 0.000000
0.312238 0.078857 0.000000
0.000000 0.000000 0.000000
0.093573 -0.050860 0.000000
0.211134 -0.051051 0.000000
0.034714 -0.228621 0.000000
-0.204665 -0.198849 0.000000
1.459739 0.113807 0.000000
-1.646322 -0.809945 0.000000
1.017875 0.107342 0.000000
0.078937 1.013056 0.000000
-0.135744 1.005796 0.000000
-0.257295 -0.630887 0.000000
0.081415 0.421091 0.000000
-1.024008 -0.401073 0.000000
0.301925 1.494924 0.000000
0.603556 -1.336101 0.000000
-1.994612 0.185226 0.000000
-1.098804 0.038480 0.000000
-0.508808 -0.745161 0.000000
0.685248 0.612106 0.000000
-1.101435 -0.920753 0.000000
-0.723860 0.377923 0.000000
0.222666 -0.868391 0.000000
0.376773 0.060046 0.000000
-0.203280 0.508216 0.000000
-0.152823 0.303717 0.000000
0.712921 0.483059 0.000000
-0.072566 -0.964403 0.000000
-0.086695 -0.299226 0.000000
0.503525 -0.193820 0.000000
0.049394 -0.021377 0.000000
0.288116 0.022904 0.000000
0.000000 0.000000 0.000000
0.125785 -0.056296 0.000000
0.005920 -0.043970 0.000000
0.290132 0.083156 0.000000
0.275641 -0.088721 0.000000
-0.277872 -0.225082 0.000000
0.263396 0.479923 0.000000
0.384967 -0.052786 0.000000
-0.973740 -0.583759 0.000000
0.570647 -0.063053 0.000000
0.278785 -0.207358 0.000000
0.482267 0.829850 0.000000
0.103099 -0.579833 0.000000
-0.804758 0.248185 0.000000
0.234783 -0.530406 0.000000
-0.861471 -1.388748 0.000000
0.122158 0.902731 0.000000
0.716020 0.251997 0.000000
0.427787 0.443456 0.000000
-0.305444 0.068929 0.000000
-0.317078 -0.522711 0.000000
0.652162 0.018126 0.000000
0.840926 -0.491677 0.000000
-0.523895 0.254855 0.000000
0.378119 -0.923670 0.000000
-0.600850 -0.763279 0.000000
0.023960 -0.104616 0.000000
0.002596 0.177600 0.000000
-0.035129 -0.093158 0.000000
0.256221 -0.023912 0.000000
0.243112 0.008934 0.000000
0.000000 0.000000 0.000000
0.082333 -0.054841 0.000000
0.182155 -0.083518 0.000000
0.121119 -0.174501 0.000000
0.156186 0.059715 0.000000
0.323939 -0.169832 0.000000
-0.197462 -0.178717 0.000000
0.125908 -0.256494 0.000000
-0.257172 0.319799 0.000000
0.742777 0.713176 0.000000
-1.311032 0.389312 0.000000
0.052979 0.172904 0.000000
0.026802 0.849620 0.000000
0.157151 -1.031461 0.000000
-0.930175 0.667904 0.000000
0.771739 1.232090 0.000000
-0.385266 0.444151 0.000000
-0.252103 -0.171321 0.000000
-0.627529 0.108044 0.000000
0.483686 -0.358907 0.000000
0.569938 0.089594 0.000000
0.326210 0.012487 0.000000
-1.443653 0.190733 0.000000
0.787408 -1.076957 0.000000
0.736070 0.734970 0.000000
-0.335948 -0.438999 0.000000
0.170027 -0.012436 0.000000
-0.118348 -0.345498 0.000000
0.314849 -0.271462 0.000000
0.019251 -0.188218 0.000000
0.142022 -0.042830 0.000000
0.000000 0.000000 0.000000
0.048349 -0.111287 0.000000
0.418941 0.147252 0.000000
-0.307722 -0.295471 0.000000
0.456135 -0.098476 0.000000
-0.096819 -0.088651 0.000000
0.076984 0.065163 0.000000
0.044439 0.088332 0.000000
0.039301 0.001559 0.000000
-0.810969 -0.574995 0.000000
0.184159 -0.400619 0.000000
0.096065 -0.228410 0.000000
-0.310497 0.123251 0.000000
-0.273123 0.195561 0.000000
0.292414 -0.367771 0.000000
-0.680366 -0.618251 0.000000
0.650726 0.546798 0.000000
-0.089827 -0.633878 0.000000
0.147356 0.259555 0.000000
-0.645811 -0.282687 0.000000
0.368617 0.129409 0.000000
-0.235559 -0.830874 0.000000
0.127856 0.480595 0.000000
-2.203757 1.210390 0.000000
2.008562 -2.254111 0.000000
-0.265752 -0.307182 0.000000
0.345319 -0.433803 0.000000
-0.263661 0.148222 0.000000
0.162010 -0.033912 0.000000
0.116087 -0.110718 0.000000
0.054820 -0.040703 0.000000
0.000000 0.000000 0.000000
0.151241 -0.062895 0.000000
0.038714 -0.288738 0.000000
0.182147 0.104171 0.000000
0.332184 0.102879 0.000000
-0.386115 -0.219262 0.000000
0.627743 0.252518 0.000000
-1.126225 -0.450357 0.000000
0.635412 0.038584 0.000000
-0.326622 0.498154 0.000000
0.329598 0.826116 0.000000
-0.844554 -0.054204 0.000000
-0.215831 -0.581065 0.000000
0.383603 0.419277 0.000000
0.206630 0.735110 0.000000
-0.046334 -0.397720 0.000000
-0.337931 -0.262358 0.000000
0.106399 0.578507 0.000000
-0.079964 -0.134106 0.000000
-0.134691 -0.216938 0.000000
0.304677 0.583776 0.000000
-0.068510 -0.036991 0.000000
-0.055653 -0.460424 0.000000
0.398030 -0.295180 0.000000
-0.670877 1.327377 0.000000
-0.300095 1.043361 0.000000
0.177025 -2.004282 0.000000
0.256018 -0.129968 0.000000
-0.063907 -0.572581 0.000000
-0.060765 -0.138063 0.000000
-0.062192 -0.040456 0.000000
0.000000 0.000000 0.000000
0.136675 -0.052069 0.000000
0.147975 0.162803 0.000000
0.099541 -0.340894 0.000000
-0.077492 -0.265926 0.000000
0.213773 0.308408 0.000000
0.346543 -0.387254 0.000000
-0.008456 0.293720 0.000000
-0.026160 0.072413 0.000000
-0.278647 -0.161928 0.000000
-0.187978 -0.531769 0.000000
0.461190 0.115861 0.000000
0.159174 1.078263 0.000000
-0.695630 -0.466355 0.000000
0.312485 -0.920251 0.000000
-0.316841 0.793973 0.000000
1.196773 0.260650 0.000000
-1.213172 -0.431772 0.000000
1.086714 -0.391027 0.000000
0.574346 -0.104786 0.000000
-0.759718 -0.654285 0.000000
1.307202 0.020098 0.000000
-1.162239 -0.097162 0.000000
0.610137 0.059336 0.000000
-0.511889 -1.258138 0.000000
0.866732 0.556424 0.000000
-0.524987 1.357282 0.000000
0.036375 -0.024623 0.000000
-0.040709 0.487867 0.000000
0.033104 -0.208905 0.000000
-0.149143 -0.010868 0.000000
0.000000 0.000000 0.000000
0.092187 -0.076923 0.000000
0.140772 -0.252424 0.000000
0.056518 0.028043 0.000000
0.073717 0.203132 0.000000
-0.129881 -0.506061 0.000000
-0.494322 0.373380 0.000000
0.366490 -0.116480 0.000000
-0.741857 -0.276378 0.000000
0.084699 0.027456 0.000000
-0.243351 0.666151 0.000000
-0.430424 -0.246239 0.000000
-0.375584 -0.805014 0.000000
0.096875 -0.053025 0.000000
-0.154494 1.935056 0.000000
0.928057 -2.899190 0.000000
-1.522510 1.356950 0.000000
-0.205038 -0.376894 0.000000
-0.471816 0.945627 0.000000
1.407075 0.079586 0.000000
-0.250496 0.506478 0.000000
0.963030 0.196430 0.000000
0.652645 0.284460 0.000000
-0.117025 -0.644791 0.000000
0.024583 0.456679 0.000000
-0.296543 -0.297035 0.000000
0.408809 -0.685855 0.000000
0.314357 -0.443841 0.000000
-0.154498 -0.513167 0.000000
-0.029596 -0.032156 0.000000
-0.217668 0.065947 0.000000
0.000000 0.000000 0.000000
0.111919 -0.072296 0.000000
0.014614 0.054100 0.000000
0.281883 -0.001053 0.000000
-0.471667 -0.582656 0.000000
0.454162 0.277815 0.000000
-0.473202 -0.194453 0.000000
0.855137 -0.702328 0.000000
-0.183056 0.355445 0.000000
-0.076571 -0.005386 0.000000
-0.292634 -0.684337 0.000000
0.275618 0.374337 0.000000
0.451206 1.034344 0.000000
-0.655788 0.266622 0.000000
0.115912 -1.020006 0.000000
0.720387 0.665934 0.000000
0.020822 -1.112357 0.000000
1.294446 0.491669 0.000000
1.254833 1.205049 0.000000
-0.627864 -0.810122 0.000000
0.602204 0.395009 0.000000
-0.449663 -0.410520 0.000000
0.382559 0.533607 0.000000
-0.096155 0.193484 0.000000
0.341418 -0.556452 0.000000
0.195265 0.640577 0.000000
-0.244596 0.639247 0.000000
0.046566 0.470616 0.000000
-0.037474 0.220738 0.000000
-0.080994 0.208342 0.000000
-0.258735 0.142717 0.000000
0.000000 0.000000 0.000000
0.058104 -0.064223 0.000000
0.081484 -0.211593 0.000000
0.147014 -0.021498 0.000000
0.033002 0.300347 0.000000
0.302390 -0.134602 0.000000
-0.752545 0.198917 0.000000
-0.396364 1.347576 0.000000
0.033046 -1.834297 0.000000
0.199965 0.139103 0.000000
-0.341582 -0.211071 0.000000
0.207010 0.236326 0.000000
0.189978 -0.086380 0.000000
0.667106 0.631999 0.000000
-0.897931 -0.075867 0.000000
0.461759 0.967646 0.000000
0.187873 -1.047015 0.000000
-0.547863 0.032905 0.000000
0.341746 -0.077434 0.000000
0.877573 0.537305 0.000000
-0.926534 0.189291 0.000000
-0.129489 -0.307094 0.000000
0.439503 0.884593 0.000000
0.222307 -0.560841 0.000000
-0.118834 0.347519 0.000000
0.077914 0.008806 0.000000
-0.484979 0.264180 0.000000
0.727280 -0.300253 0.000000
-0.012248 -0.141244 0.000000
-0.058041 0.221627 0.000000
-0.239542 0.238802 0.000000
0.000000 0.000000 0.000000
0.106033 -0.093600 0.000000
0.008667 -0.062514 0.000000
-0.093285 0.017193 0.000000
0.013408 -0.441109 0.000000
-0.477240 0.249617 0.000000
0.504623 -0.570228 0.000000
0.168092 0.267070 0.000000
-0.241649 0.504902 0.000000
-0.089239 0.199230 0.000000
-0.372576 0.365579 0.000000
-0.989065 -0.802619 0.000000
0.159496 0.300643 0.000000
-0.753022 -0.368011 0.000000
0.600169 0.606725 0.000000
-0.007829 0.502264 0.000000
0.437508 0.397344 0.000000
0.666204 0.822624 0.000000
-0.513235 -1.314027 0.000000
1.203706 -0.152436 0.000000
0.876070 0.114016 0.000000
0.228277 0.736740 0.000000
-0.010168 0.310865 0.000000
0.305162 0.514217 0.000000
0.282986 0.686521 0.000000
0.331308 -0.350294 0.000000
0.043292 0.695432 0.000000
-0.467680 0.738268 0.000000
0.222545 0.579602 0.000000
-0.181018 0.366870 0.000000
-0.203598 0.335979 0.000000
0.000000 0.000000 0.000000
0.018401 -0.000196 0.000000
0.130091 -0.062252 0.000000
-0.102751 -0.008879 0.000000
0.042251 -0.021806 0.000000
0.052299 -0.004020 0.000000
-0.613753 0.053847 0.000000
0.357671 0.018272 0.000000
-0.797234 0.103905 0.000000
0.239629 -0.420006 0.000000
-0.113895 -1.127361 0.000000
-0.560820 -0.168524 0.000000
0.334164 0.474836 0.000000
0.046645 -0.084864 0.000000
0.157549 -0.362368 0.000000
0.120448 -0.046625 0.000000
-0.054117 -0.020260 0.000000
0.209325 -0.474849 0.000000
0.174047 0.842334 0.000000
-0.223645 0.073996 0.000000
-0.517569 0.344671 0.000000
0.726339 -0.860510 0.000000
0.472389 0.477038 0.000000
0.047650 0.058963 0.000000
-0.101433 0.162751 0.000000
0.015609 0.734585 0.000000
0.383465 0.361909 0.000000
-0.185394 0.267085 0.000000
-0.034565 -0.118176 0.000000
-0.167959 0.395944 0.000000
-0.135456 0.362394 0.000000
0.000000 0.000000 0.000000
0.043004 -0.068014 0.000000
0.006378 -0.162619 0.000000
-0.045234 -0.003970 0.000000
-0.114696 -0.038139 0.000000
-0.507455 -0.113658 0.000000
0.341591 0.019993 0.000000
-0.343916 -0.253361 0.000000
0.173030 -0.083530 0.000000
-0.633460 -0.021411 0.000000
0.095473 1.324341 0.000000
-0.052376 0.412781 0.000000
0.104636 -0.484528 0.000000
0.002748 0.180503 0.000000
-0.174693 0.426308 0.000000
0.292342 0.092385 0.000000
0.279685 0.087205 0.000000
-0.167740 0.764749 0.000000
0.577628 -0.486915 0.000000
0.341839 0.108685 0.000000
0.734922 0.525438 0.000000
-0.526481 1.319884 0.000000
-0.155548 0.001436 0.000000
1.314407 0.477432 0.000000
0.757120 0.400667 0.000000
-0.182110 0.502166 0.000000
0.269868 0.261515 0.000000
-0.317233 0.904698 0.000000
0.206184 0.514359 0.000000
-0.033961 0.473851 0.000000
-0.064424 0.385336 0.000000
0.000000 0.000000 0.000000
0.003389 -0.010430 0.000000
0.036052 0.078882 0.000000
-0.066164 0.007244 0.000000
-0.088877 -0.067625 0.000000
-0.019269 0.054118 0.000000
-0.162107 0.202403 0.000000
-0.167710 -0.080225 0.000000
-0.172942 0.102404 0.000000
-0.302418 -0.113155 0.000000
0.251581 -1.167147 0.000000
-0.498761 -0.275684 0.000000
0.091723 0.373976 0.000000
-0.275622 0.084303 0.000000
0.391911 -0.456282 0.000000
-0.001965 -0.122313 0.000000
-0.094079 0.323615 0.000000
0.647673 -0.291201 0.000000
0.095125 0.323180 0.000000
0.121028 0.414915 0.000000
-0.009754 -0.143781 0.000000
0.454267 -0.143245 0.000000
0.048512 -0.494835 0.000000
-0.964192 0.873038 0.000000
0.587972 -0.293063 0.000000
0.109995 0.202280 0.000000
0.150202 0.533932 0.000000
-0.051646 0.520885 0.000000
-0.006263 -0.000603 0.000000
-0.156463 0.416053 0.000000
0.001243 0.377820 0.000000
0.000000 0.000000 0.000000
-0.053365 0.049300 0.000000
0.075136 -0.156784 0.000000
-0.208290 0.107421 0.000000
-0.115252 0.044722 0.000000
-0.188689 0.113646 0.000000
-0.125134 -0.088913 0.000000
-0.137035 -0.082657 0.000000
-0.002450 0.043030 0.000000
-0.160537 0.084046 0.000000
-0.053243 0.600605 0.000000
-0.231123 0.986348 0.000000
0.304648 -0.448902 0.000000
-0.332314 -0.062507 0.000000
0.476981 0.383792 0.000000
-0.618476 0.455987 0.000000
0.896113 -0.267645 0.000000
-0.312228 0.102214 0.000000
0.166789 0.136740 0.000000
0.627973 -0.002772 0.000000
-0.178233 0.458644 0.000000
0.446651 0.595293 0.000000
-0.013336 0.694597 0.000000
-0.251936 0.670531 0.000000
0.714025 0.590778 0.000000
-0.121283 0.776989 0.000000
0.198388 -0.100917 0.000000
0.128487 0.790804 0.000000
-0.095435 0.632857 0.000000
0.200363 0.424664 0.000000
0.102917 0.337948 0.000000
0.000000 0.000000 0.000000
-0.048676 -0.048130 0.000000
-0.068318 0.126072 0.000000
0.022099 0.040745 0.000000
-0.225901 -0.008576 0.000000
-0.029949 0.058781 0.000000
-0.122794 0.147439 0.000000
-0.093327 -0.091087 0.000000
-0.200028 0.175548 0.000000
-0.166085 -0.171783 0.000000
-0.141778 -0.434382 0.000000
0.029471 -0.713293 0.000000
0.038657 -0.094295 0.000000
-0.050196 0.647475 0.000000
0.128651 -0.365022 0.000000
0.082668 -0.237145 0.000000
0.152124 0.259545 0.000000
-0.075613 0.571834 0.000000
0.656565 -0.213862 0.000000
-0.561244 0.375099 0.000000
0.897998 0.013666 0.000000
-0.581897 -0.065755 0.000000
0.659843 0.083414 0.000000
0.187999 -0.463789 0.000000
-0.462073 0.545546 0.000000
0.006494 0.019037 0.000000
0.911345 0.212576 0.000000
-0.614115 0.774846 0.000000
0.207587 -0.269710 0.000000
-0.107942 0.240198 0.000000
0.137514 0.281241 0.000000
0.000000 0.000000 0.000000
-0.102440 0.123254 0.000000
-0.001735 -0.048030 0.000000
-0.180895 0.132666 0.000000
-0.202003 0.162762 0.000000
-0.164799 0.115457 0.000000
-0.178462 -0.120534 0.000000
-0.231559 0.230728 0.000000
-0.022053 0.115906 0.000000
-0.141198 0.362651 0.000000
0.357420 -0.064946 0.000000
0.187323 0.912056 0.000000
-0.852432 0.616200 0.000000
0.908285 -0.951766 0.000000
-0.257087 -0.076555 0.000000
0.428283 1.162056 0.000000
-0.148146 -0.720121 0.000000
0.263205 -0.185142 0.000000
0.259457 0.129119 0.000000
0.024146 0.479369 0.000000
0.643392 -0.264794 0.000000
-0.297030 0.621189 0.000000
0.489305 0.382550 0.000000
-0.590091 0.771919 0.000000
0.827472 0.754920 0.000000
-0.025231 -0.009019 0.000000
-0.266941 0.285031 0.000000
0.575659 0.238373 0.000000
-0.057997 1.139714 0.000000
0.282235 0.183179 0.000000
0.211214 0.221811 0.000000
0.000000 0.000000 0.000000
-0.113425 0.080574 0.000000
-0.115193 0.096551 0.000000
-0.075830 0.111347 0.000000
-0.124662 -0.036881 0.000000
-0.079705 0.190930 0.000000
-0.155660 0.368022 0.000000
-0.086529 0.120797 0.000000
-0.381068 0.203888 0.000000
-0.373977 0.152494 0.000000
-0.649840 -0.083098 0.000000
0.253221 -0.380203 0.000000
0.186884 0.346267 0.000000
-0.046752 0.935440 0.000000
-0.453799 0.098032 0.000000
0.355586 -0.585655 0.000000
0.174304 0.780607 0.000000
-0.008933 0.366674 0.000000
0.055388 -0.003366 0.000000
0.152131 -0.189761 0.000000
-0.088637 0.532413 0.000000
0.612767 0.037518 0.000000
-0.163998 -0.256168 0.000000
0.077980 0.047589 0.000000
-0.026598 -0.690526 0.000000
-0.378152 1.044770 0.000000
0.831848 -0.654862 0.000000
0.525200 0.529143 0.000000
-0.158354 -0.851876 0.000000
0.216071 0.007547 0.000000
0.217993 0.159860 0.000000
0.000000 0.000000 0.000000
-0.160367 0.083363 0.000000
-0.059871 0.006587 0.000000
-0.097048 0.141376 0.000000
-0.262852 0.238462 0.000000
-0.200605 0.083141 0.000000
-0.063483 -0.011432 0.000000
-0.261091 0.182998 0.000000
0.146386 -0.006940 0.000000
-0.020908 0.185457 0.000000
-0.250874 0.325159 0.000000
0.181160 0.039220 0.000000
-0.660461 0.094076 0.000000
0.412487 -0.611308 0.000000
-0.244874 0.444327 0.000000
0.600066 1.386885 0.000000
-0.545707 -0.864533 0.000000
0.392859 -0.517018 0.000000
0.428637 0.151323 0.000000
0.205549 0.801499 0.000000
-0.024994 -0.429094 0.000000
0.399376 0.070639 0.000000
-0.331242 0.910593 0.000000
1.297121 -0.015677 0.000000
-1.127082 0.494355 0.000000
0.494906 0.306273 0.000000
-0.628077 0.267053 0.000000
0.245156 0.365225 0.000000
0.404843 0.727344 0.000000
0.093096 0.139954 0.000000
0.260107 0.106940 0.000000
0.000000 0.000000 0.000000
-0.172882 0.124320 0.000000
-0.050758 0.100486 0.000000
-0.260603 0.140732 0.000000
-0.052155 0.011994 0.000000
-0.151875 0.260619 0.000000
-0.050488 0.164475 0.000000
-0.350102 0.219400 0.000000
0.059305 0.209532 0.000000
-0.489308 0.081070 0.000000
0.298497 -0.115117 0.000000
-0.229528 0.055782 0.000000
-0.288332 -0.281283 0.000000
0.485669 0.355672 0.000000
0.363135 0.456425 0.000000
-0.752540 -0.957458 0.000000
-0.288459 -0.065345 0.000000
1.078988 0.646586 0.000000
-0.942690 -0.194038 0.000000
0.354228 -0.482624 0.000000
0.092850 -0.045638 0.000000
-0.106483 0.547313 0.000000
0.354699 -0.694316 0.000000
-0.179261 -0.124512 0.000000
0.427111 0.119941 0.000000
0.232162 -0.304626 0.000000
-0.271334 0.506676 0.000000
0.957397 -0.349867 0.000000
-0.217257 -0.491728 0.000000
0.304191 -0.000053 0.000000
0.285022 0.051629 0.000000
0.000000 0.000000 0.000000
-0.181367 0.044182 0.000000
-0.110619 0.033325 0.000000
-0.088249 0.080725 0.000000
-0.234981 0.278486 0.000000
-0.178222 -0.048034 0.000000
-0.125056 0.079164 0.000000
-0.016079 0.045328 0.000000
-0.084922 0.096259 0.000000
0.008440 0.133312 0.000000
0.204464 0.298059 0.000000
-0.553895 -0.033489 0.000000
0.864440 0.317732 0.000000
-0.395969 -0.072077 0.000000
1.166254 0.820514 0.000000
-0.014022 0.662084 0.000000
0.424374 -0.668900 0.000000
-0.093619 -0.294027 0.000000
0.371783 0.009751 0.000000
0.030591 0.281107 0.000000
-0.021985 0.029017 0.000000
0.343051 -0.149909 0.000000
0.218481 0.365916 0.000000
0.150688 0.283842 0.000000
-0.095320 -0.105321 0.000000
0.200830 -0.020641 0.000000
0.074598 0.042648 0.000000
-0.445116 0.311803 0.000000
0.746208 0.412410 0.000000
0.039399 0.011252 0.000000
0.273205 0.010855 0.000000
0.000000 0.000000 0.000000
-0.160849 0.126100 0.000000
-0.166321 0.097596 0.000000
-0.101666 0.078325 0.000000
-0.140171 0.025580 0.000000
-0.067322 0.178504 0.000000
-0.241396 0.234540 0.000000
-0.064347 0.125428 0.000000
-0.207913 0.091628 0.000000
-0.028482 0.110254 0.000000
-0.101258 -0.191591 0.000000
0.056056 0.035715 0.000000
-0.062957 0.159450 0.000000
0.194419 -0.102025 0.000000
-0.016982 -0.355198 0.000000
-0.226592 -0.051840 0.000000
0.837631 0.116646 0.000000
0.085445 0.067805 0.000000
-0.139928 -0.136974 0.000000
0.377042 -0.008980 0.000000
0.103491 -0.011908 0.000000
0.241528 -0.079215 0.000000
-0.393280 -0.262791 0.000000
0.551465 -0.129211 0.000000
0.036898 -0.027035 0.000000
0.325249 0.603484 0.000000
-0.087785 -0.707101 0.000000
0.703867 0.291192 0.000000
-0.283615 -0.550260 0.000000
0.323560 -0.013746 0.000000
0.266152 -0.013157 0.000000
0.000000 0.000000 0.000000
-0.161847 0.055016 0.000000
-0.091498 -0.016036 0.000000
-0.115099 0.102035 0.000000
-0.287509 0.094650 0.000000
0.014819 0.061581 0.000000
-0.124040 -0.226877 0.000000
0.136315 0.035961 0.000000
-0.432487 0.154305 0.000000
0.518367 0.051088 0.000000
-0.202037 0.417120 0.000000
0.346159 -0.043673 0.000000
-0.208515 -0.440377 0.000000
0.388364 0.596969 0.000000
0.016699 0.141119 0.000000
0.888707 0.180122 0.000000
-0.404638 -0.630756 0.000000
0.114058 0.170154 0.000000
0.423844 0.116755 0.000000
0.047750 0.012159 0.000000
0.217776 -0.189211 0.000000
-0.000074 0.408162 0.000000
0.667246 0.133178 0.000000
0.032909 0.248774 0.000000
-0.118936 -0.192854 0.000000
0.595421 -0.224771 0.000000
-0.167695 0.401216 0.000000
0.157041 -0.183200 0.000000
0.366990 0.273072 0.000000
0.149606 -0.074244 0.000000
0.243338 -0.021938 0.000000
0.000000 0.000000 0.000000
-0.128549 0.072530 0.000000
-0.182281 0.037486 0.000000
-0.041413 0.003888 0.000000
-0.122472 -0.018528 0.000000
-0.070374 0.134629 0.000000
-0.443656 0.288359 0.000000
0.439180 0.037909 0.000000
-0.253289 -0.233930 0.000000
-0.059060 -0.302805 0.000000
-0.064845 -0.407623 0.000000
0.416570 0.223688 0.000000
-0.300311 0.094443 0.000000
0.409656 -0.358529 0.000000
0.101405 0.565723 0.000000
0.644216 -0.010582 0.000000
-0.420325 0.208685 0.000000
-0.020471 -0.183449 0.000000
0.790317 -0.332702 0.000000
0.461956 0.065286 0.000000
-0.034135 0.077637 0.000000
0.547819 -0.439015 0.000000
-0.201258 -0.472586 0.000000
0.325128 0.164581 0.000000
0.310666 -0.112701 0.000000
-0.089901 0.490398 0.000000
0.471332 -0.412170 0.000000
0.141248 -0.024250 0.000000
0.159370 -0.143845 0.000000
0.258458 -0.049900 0.000000
0.235173 -0.020781 0.000000
0.000000 0.000000 0.000000
-0.113529 0.049586 0.000000
-0.042847 0.000083 0.000000
-0.113399 0.095729 0.000000
-0.160103 -0.012069 0.000000
-0.136755 -0.061207 0.000000
0.054533 -0.097172 0.000000
-0.320166 -0.140727 0.000000
-0.025563 0.554137 0.000000
2.260145 -1.059495 0.000000
-0.097245 0.317142 0.000000
0.278513 -0.145324 0.000000
-0.316212 -0.004804 0.000000
0.779276 -0.317258 0.000000
-0.758459 -0.016602 0.000000
0.546775 -0.653360 0.000000
0.091338 -0.063274 0.000000
0.479580 -0.254092 0.000000
-0.476072 0.271233 0.000000
1.000556 -0.414372 0.000000
-0.660235 0.178976 0.000000
0.843891 0.684819 0.000000
-0.412814 0.176420 0.000000
0.714986 0.014242 0.000000
-0.117064 -0.371184 0.000000
0.329109 -0.388620 0.000000
0.181697 0.300894 0.000000
0.250156 0.212079 0.000000
0.211731 -0.080690 0.000000
0.247642 0.021074 0.000000
0.213958 -0.005481 0.000000
0.000000 0.000000 0.000000
-0.053116 0.003236 0.000000
-0.178292 -0.037718 0.000000
0.071423 -0.093018 0.000000
-0.221404 0.085435 0.000000
0.075916 0.062163 0.000000
-0.245400 0.094284 0.000000
1.093148 -0.258568 0.000000
-1.625931 0.557970 0.000000
-1.762839 0.453894 0.000000
1.209650 -0.458857 0.000000
-1.174677 0.076962 0.000000
0.891656 0.022030 0.000000
-0.092960 -0.089328 0.000000
0.258301 -0.400034 0.000000
0.254362 0.520544 0.000000
-0.367091 0.267464 0.000000
0.375520 0.484482 0.000000
-0.120100 -0.031472 0.000000
0.850342 -0.151888 0.000000
0.162099 0.092979 0.000000
0.225337 -1.030902 0.000000
0.107635 -0.540023 0.000000
-0.147988 -0.962118 0.000000
0.097644 1.249943 0.000000
0.808814 -0.094919 0.000000
-0.228827 0.015860 0.000000
0.466571 -0.326055 0.000000
0.187539 0.078169 0.000000
0.238941 0.003667 0.000000
0.207640 0.026179 0.000000
0.000000 0.000000 0.000000
-0.111961 0.021679 0.000000
0.083233 0.096820 0.000000
-0.165221 0.026780 0.000000
-0.081280 -0.061019 0.000000
0.096533 -0.379092 0.000000
-0.350637 0.242683 0.000000
-0.023637 -0.286742 0.000000
-0.140041 -0.091901 0.000000
0.860556 0.126110 0.000000
-0.546668 0.028539 0.000000
1.047272 0.018139 0.000000
0.316847 -0.377203 0.000000
0.233205 -0.005129 0.000000
0.230420 -0.036751 0.000000
0.061368 -0.135513 0.000000
0.620466 -0.987404 0.000000
0.193688 0.428551 0.000000
-0.299013 -0.477930 0.000000
-0.147110 0.193082 0.000000
0.326768 0.843428 0.000000
1.061936 -0.427965 0.000000
0.243953 2.001793 0.000000
0.620052 -1.227429 0.000000
0.303581 -0.892582 0.000000
-0.619058 0.490849 0.000000
1.106628 -0.138647 0.000000
-0.035597 0.310127 0.000000
0.295954 0.082238 0.000000
0.210353 0.036795 0.000000
0.205874 0.056794 0.000000
0.000000 0.000000 0.000000
0.011928 -0.019732 0.000000
-0.201824 -0.159647 0.000000
0.118969 -0.097835 0.000000
-0.108681 0.127556 0.000000
-0.052682 0.174787 0.000000
0.141028 -0.142222 0.000000
0.179449 -0.005808 0.000000
-0.136038 0.213040 0.000000
-0.041568 -0.484457 0.000000
-0.083046 -0.188472 0.000000
0.234333 -0.296031 0.000000
-0.196692 0.236297 0.000000
0.405119 0.209246 0.000000
0.202327 -0.111034 0.000000
0.623776 -0.231948 0.000000
-0.034781 0.346298 0.000000
0.021313 0.041077 0.000000
0.391106 0.475937 0.000000
0.390962 0.151109 0.000000
-0.568299 -0.452912 0.000000
-0.501328 -0.000118 0.000000
0.217887 -0.749776 0.000000
0.078273 0.770454 0.000000
0.270628 0.738729 0.000000
0.361621 -0.326864 0.000000
0.180469 -0.063200 0.000000
-0.068644 0.106868 0.000000
0.438754 -0.059182 0.000000
0.187086 0.109876 0.000000
0.196630 0.094945 0.000000
0.000000 0.000000 0.000000
-0.069788 0.003653 0.000000
0.117756 0.125889 0.000000
-0.115418 0.114893 0.000000
-0.026730 -0.295119 0.000000
0.025575 -0.202630 0.000000
-0.099849 0.050580 0.000000
-0.078846 -0.079025 0.000000
0.348258 -0.203997 0.000000
0.211729 -0.034128 0.000000
0.276143 0.161547 0.000000
0.176401 -0.100343 0.000000
0.664280 -0.241992 0.000000
-0.404657 -0.748396 0.000000
0.990181 0.653508 0.000000
-0.363262 -0.133970 0.000000
0.443951 -0.153439 0.000000
0.108503 0.203844 0.000000
0.262464 -0.648678 0.000000
0.379453 0.142418 0.000000
-0.039349 0.646214 0.000000
0.530554 -0.118206 0.000000
0.761595 1.219513 0.000000
-0.377663 -0.197762 0.000000
0.550728 -0.664959 0.000000
0.300239 0.287141 0.000000
0.064395 0.403233 0.000000
0.624746 -0.061980 0.000000
0.093708 0.403390 0.000000
0.225933 0.136353 0.000000
0.215241 0.133816 0.000000
0.000000 0.000000 0.000000
0.005099 -0.026275 0.000000
-0.096334 -0.224622 0.000000
0.019180 -0.082102 0.000000
0.072158 0.323332 0.000000
-0.080450 -0.121554 0.000000
0.177793 0.072534 0.000000
0.108983 -0.253692 0.000000
-0.288358 0.067483 0.000000
0.188382 0.054910 0.000000
0.179822 -0.348646 0.000000
0.037219 -0.134348 0.000000
-0.013940 0.020526 0.000000
0.173097 0.474958 0.000000
0.037114 -0.394319 0.000000
0.220922 -0.074328 0.000000
0.250513 0.156224 0.000000
0.115168 0.033163 0.000000
0.261006 0.053736 0.000000
-0.135607 -0.151841 0.000000
0.079775 0.069482 0.000000
-0.273722 -0.611590 0.000000
0.424908 -0.406574 0.000000
0.345885 0.468505 0.000000
0.688798 1.053444 0.000000
-0.730730 0.044789 0.000000
1.177120 -0.287234 0.000000
-0.312034 0.287951 0.000000
0.472537 -0.132667 0.000000
0.199192 0.182010 0.000000
0.210799 0.161924 0.000000
0.000000 0.000000 0.000000
0.030517 0.009105 0.000000
-0.105351 0.199110 0.000000
0.196216 -0.011910 0.000000
-0.166849 -0.320530 0.000000
0.108015 -0.095779 0.000000
-0.212433 -0.335653 0.000000
0.314597 0.339542 0.000000
0.089197 -0.197296 0.000000
0.511608 -0.336815 0.000000
-0.323909 0.234904 0.000000
0.652686 0.055829 0.000000
0.347816 -0.403250 0.000000
0.446185 -0.416664 0.000000
-0.111274 -0.010481 0.000000
0.645577 0.269254 0.000000
-0.031585 -0.255499 0.000000
0.471871 -0.236145 0.000000
-0.472290 -0.074995 0.000000
0.818188 0.189560 0.000000
0.297712 0.417925 0.000000
0.273665 0.435831 0.000000
0.003680 0.148098 0.000000
-0.387010 0.270374 0.000000
0.371929 -0.963511 0.000000
0.411216 0.012219 0.000000
-0.267953 0.594344 0.000000
0.564316 -0.071586 0.000000
0.206967 0.438369 0.000000
0.182073 0.209058 0.000000
0.217607 0.190788 0.000000
0.000000 0.000000 0.000000
-0.036639 -0.032188 0.000000
0.011260 -0.244698 0.000000
-0.007039 0.084317 0.000000
-0.082209 0.048412 0.000000
0.353708 0.111214 0.000000
-0.102147 0.051151 0.000000
0.304749 -0.236225 0.000000
-0.267479 -0.111108 0.000000
0.510636 0.589987 0.000000
-0.175824 -0.577132 0.000000
0.561167 0.028513 0.000000
-0.689638 0.025557 0.000000
1.293303 0.506992 0.000000
-0.417933 -0.168750 0.000000
0.380831 -0.116681 0.000000
0.101742 0.229471 0.000000
0.361840 0.335260 0.000000
0.182699 0.033879 0.000000
0.222340 0.116165 0.000000
0.039068 -0.183958 0.000000
0.065374 -0.306409 0.000000
0.285649 -0.635324 0.000000
-0.037378 0.843202 0.000000
-0.116164 1.045186 0.000000
0.118922 0.366286 0.000000
0.312327 -0.188866 0.000000
0.218942 0.114653 0.000000
0.111713 0.040306 0.000000
0.274606 0.204350 0.000000
0.236467 0.201149 0.000000
0.000000 0.000000 0.000000
0.024607 -0.007796 0.000000
-0.066539 0.193790 0.000000
0.088455 -0.155970 0.000000
0.014957 -0.110957 0.000000
-0.088414 -0.334731 0.000000
0.010414 -0.073110 0.000000
0.325488 0.109977 0.000000
-0.030998 -0.045654 0.000000
0.392918 -0.489097 0.000000
0.024734 -0.003237 0.000000
0.374097 -0.063763 0.000000
0.065353 -0.030794 0.000000
0.269638 -0.569604 0.000000
0.353290 0.038792 0.000000
0.484215 0.346940 0.000000
0.006997 -0.234620 0.000000
0.266816 -0.395036 0.000000
0.055788 0.010275 0.000000
0.311513 0.238413 0.000000
0.146406 0.253016 0.000000
-0.085318 0.277233 0.000000
0.110243 0.403827 0.000000
0.123845 0.191192 0.000000
0.633586 -1.347472 0.000000
0.219475 -0.288510 0.000000
0.289715 0.355739 0.000000
-0.101778 0.369285 0.000000
0.453360 0.280479 0.000000
0.138494 0.208295 0.000000
0.227051 0.207512 0.000000
0.000000 0.000000 0.000000
-0.016744 -0.040859 0.000000
0.005316 -0.209041 0.000000
-0.016388 0.044590 0.000000
0.069038 0.020643 0.000000
0.111115 0.175789 0.000000
0.166452 -0.032953 0.000000
-0.032758 -0.231963 0.000000
0.083064 0.015358 0.000000
0.061965 0.269675 0.000000
0.177447 -0.098284 0.000000
0.172670 -0.020217 0.000000
0.145978 -0.051531 0.000000
0.774368 0.817430 0.000000
-0.486935 -0.391502 0.000000
0.318087 -0.205908 0.000000
0.204380 -0.139806 0.000000
0.348697 0.767112 0.000000
0.041834 -0.022567 0.000000
0.345203 -0.168844 0.000000
-0.173423 -0.185077 0.000000
0.356358 0.150160 0.000000
0.325772 -0.175048 0.000000
-0.240744 1.716450 0.000000
0.721989 0.619037 0.000000
0.547524 0.253348 0.000000
-0.302430 0.543431 0.000000
0.588126 -0.304784 0.000000
0.044360 0.162956 0.000000
0.270852 0.201655 0.000000
0.227754 0.200472 0.000000
0.000000 0.000000 0.000000
0.036248 -0.022245 0.000000
-0.090442 0.110411 0.000000
0.137306 -0.079190 0.000000
-0.064070 -0.188909 0.000000
0.091231 -0.248292 0.000000
-0.041777 0.017980 0.000000
0.260885 -0.156822 0.000000
0.172350 0.049896 0.000000
0.193545 -0.398290 0.000000
0.168909 -0.148442 0.000000
0.315812 -0.321079 0.000000
-0.118587 0.425995 0.000000
0.378835 -0.782896 0.000000
0.036584 -0.042210 0.000000
-0.574862 0.436515 0.000000
0.676622 -0.067363 0.000000
0.800996 -0.883922 0.000000
-0.266142 0.369749 0.000000
0.612437 0.195444 0.000000
0.111790 0.615469 0.000000
0.176927 -0.302669 0.000000
0.077523 0.090682 0.000000
-0.083810 -0.065862 0.000000
0.088478 -1.105394 0.000000
-0.096735 0.147114 0.000000
0.440432 -0.168856 0.000000
-0.105373 0.481939 0.000000
0.169110 0.255433 0.000000
0.190696 0.158392 0.000000
0.218241 0.182565 0.000000
0.000000 0.000000 0.000000
-0.008745 -0.023682 0.000000
0.009381 -0.143129 0.000000
0.039298 -0.029158 0.000000
0.007886 0.103083 0.000000
0.187029 -0.025073 0.000000
0.053497 -0.110851 0.000000
0.184356 -0.124932 0.000000
-0.141687 0.028924 0.000000
0.281717 -0.036281 0.000000
0.042184 0.169742 0.000000
0.155049 0.038364 0.000000
0.229058 -0.035333 0.000000
0.110254 0.205670 0.000000
0.281622 0.160636 0.000000
-0.020796 -0.079221 0.000000
0.351520 0.044892 0.000000
0.084630 0.121306 0.000000
0.438408 0.452570 0.000000
0.010100 -0.511266 0.000000
-0.315039 -0.189138 0.000000
0.630819 0.307545 0.000000
-0.258392 0.244452 0.000000
-0.240636 -0.343264 0.000000
-0.043883 0.669579 0.000000
0.028418 -0.365290 0.000000
0.212768 0.210267 0.000000
0.420133 0.413008 0.000000
0.203509 -0.073562 0.000000
0.163275 0.192947 0.000000
0.208389 0.161954 0.000000
0.000000 0.000000 0.000000
0.031706 -0.043360 0.000000
-0.020602 -0.008384 0.000000
-0.016180 -0.016752 0.000000
0.170320 -0.236824 0.000000
-0.078352 -0.132447 0.000000
0.132095 -0.072628 0.000000
-0.015769 -0.038475 0.000000
0.368033 -0.296590 0.000000
0.107872 -0.112623 0.000000
0.147700 -0.373069 0.000000
0.153759 -0.241836 0.000000
0.231944 0.073563 0.000000
-0.045263 -0.032991 0.000000
0.305945 -0.170993 0.000000
0.055565 0.026982 0.000000
-0.128865 0.620245 0.000000
0.337508 -0.554220 0.000000
0.146841 -0.290249 0.000000
0.368369 0.266566 0.000000
0.076394 0.440659 0.000000
0.308275 -0.044012 0.000000
-0.209381 -0.226381 0.000000
0.747797 0.314859 0.000000
-0.003275 0.182734 0.000000
0.544363 0.179287 0.000000
0.480895 0.991421 0.000000
-0.456368 -0.650898 0.000000
0.006299 0.127596 0.000000
0.156565 0.114858 0.000000
0.186389 0.131412 0.000000
0.000000 0.000000 0.000000
0.009189 -0.026797 0.000000
0.058683 -0.050840 0.000000
0.004118 -0.087986 0.000000
0.109985 -0.005690 0.000000
0.047492 0.025331 0.000000
0.221013 -0.211776 0.000000
0.061802 -0.107857 0.000000
0.001770 0.077601 0.000000
0.046696 -0.064383 0.000000
0.199244 0.181148 0.000000
-0.026129 0.025594 0.000000
0.170169 -0.016049 0.000000
-0.028395 -0.111806 0.000000
0.385250 0.058047 0.000000
-0.325468 0.102414 0.000000
0.700009 0.073870 0.000000
0.240584 0.257126 0.000000
-0.313530 -0.025947 0.000000
0.241259 0.309325 0.000000
0.356771 -0.245385 0.000000
-0.339346 0.122587 0.000000
0.748415 0.353700 0.000000
-0.416440 0.163991 0.000000
0.721242 0.057848 0.000000
-0.480754 0.035813 0.000000
-0.108206 -0.344474 0.000000
0.114821 -0.178304 0.000000
0.230931 0.145484 0.000000
0.138213 0.079136 0.000000
0.154654 0.117932 0.000000
0.000000 0.000000 0.000000
0.063086 -0.040591 0.000000
-0.028811 -0.056890 0.000000
0.038869 -0.076876 0.000000
0.098269 -0.110799 0.000000
0.001498 -0.156355 0.000000
0.116704 -0.062262 0.000000
-0.080756 -0.019679 0.000000
0.446416 -0.286486 0.000000
-0.126124 -0.147251 0.000000
0.307954 -0.264175 0.000000
-0.116411 -0.131032 0.000000
0.394218 -0.186078 0.000000
-0.105169 0.297173 0.000000
0.267744 0.038935 0.000000
-0.068659 -0.217610 0.000000
-0.612876 0.561670 0.000000
-0.011052 -0.567657 0.000000
0.570981 -0.106400 0.000000
-0.059159 -0.010930 0.000000
0.719137 0.347973 0.000000
-0.125481 0.042828 0.000000
0.002830 0.048225 0.000000
0.122534 -0.386644 0.000000
0.033984 0.101096 0.000000
0.216076 0.605286 0.000000
0.158838 -0.066700 0.000000
0.137266 0.190775 0.000000
-0.066505 0.100643 0.000000
0.131168 0.039993 0.000000
0.122520 0.092495 0.000000
0.000000 0.000000 0.000000
0.041801 -0.033511 0.000000
0.075168 -0.035596 0.000000
0.021446 -0.009776 0.000000
0.122428 -0.100413 0.000000
0.091737 -0.050144 0.000000
0.134332 -0.099748 0.000000
0.065881 -0.141183 0.000000
0.059715 0.016444 0.000000
-0.063595 0.178743 0.000000
0.240945 -0.121714 0.000000
-0.001118 0.091478 0.000000
0.183125 0.016215 0.000000
-0.120892 -0.349196 0.000000
0.470011 0.005974 0.000000
-0.728943 0.498560 0.000000
0.807275 0.012156 0.000000
0.345108 0.796828 0.000000
0.333095 0.321337 0.000000
-0.797689 0.173564 0.000000
0.928070 -0.235348 0.000000
-0.170860 -0.104645 0.000000
0.412784 0.149789 0.000000
0.007038 0.916574 0.000000
0.050477 -0.113411 0.000000
-0.229262 -0.649248 0.000000
0.350960 0.340938 0.000000
-0.163803 0.068766 0.000000
0.379673 -0.034027 0.000000
0.034341 0.087678 0.000000
0.092156 0.080666 0.000000
0.000000 0.000000 0.000000
0.086733 -0.026386 0.000000
0.011534 -0.056954 0.000000
0.066245 -0.112381 0.000000
0.090945 -0.079021 0.000000
-0.007328 -0.020512 0.000000
0.120340 -0.139647 0.000000
0.062732 -0.069341 0.000000
0.046001 -0.148731 0.000000
0.197357 -0.257452 0.000000
-0.050827 -0.109555 0.000000
-0.051629 -0.048358 0.000000
0.204547 -0.194003 0.000000
-0.080218 0.320679 0.000000
-0.017139 0.114945 0.000000
0.397021 -0.369703 0.000000
-0.132084 -0.132293 0.000000
-0.515122 -0.393706 0.000000
0.245139 0.139398 0.000000
-0.074533 -0.308054 0.000000
-0.154504 0.147767 0.000000
0.533104 0.417737 0.000000
0.111704 0.113929 0.000000
-0.346376 -0.776737 0.000000
0.714975 -0.085099 0.000000
-0.083579 0.776214 0.000000
0.075976 -0.006702 0.000000
0.235040 -0.209278 0.000000
-0.102435 0.213706 0.000000
0.071680 0.066591 0.000000
0.075296 0.081001 0.000000
0.000000 0.000000 0.000000
0.078843 -0.046029 0.000000
0.060248 -0.028636 0.000000
0.068868 0.074577 0.000000
0.079702 -0.125956 0.000000
0.138178 -0.093586 0.000000
0.038917 -0.045664 0.000000
0.085987 -0.004676 0.000000
0.042795 -0.014028 0.000000
-0.042779 0.117935 0.000000
0.213624 0.085219 0.000000
-0.076089 -0.073808 0.000000
0.005549 0.130537 0.000000
0.124431 -0.208763 0.000000
-0.164103 0.018103 0.000000
0.099155 0.323911 0.000000
-0.130075 0.297129 0.000000
0.207712 -0.218950 0.000000
0.105259 0.112675 0.000000
-0.334787 0.960302 0.000000
1.374699 -1.007618 0.000000
-0.114084 -0.508116 0.000000
-0.574379 0.131044 0.000000
1.012184 0.952739 0.000000
-0.896463 0.046269 0.000000
0.417428 -0.491841 0.000000
-0.225147 0.026345 0.000000
0.238011 0.384387 0.000000
0.042470 0.034303 0.000000
0.139795 0.041041 0.000000
0.042400 0.088000 0.000000
0.000000 0.000000 0.000000
0.081148 -0.017715 0.000000
0.044307 -0.028101 0.000000
0.092078 -0.160037 0.000000
0.054998 -0.032803 0.000000
0.020813 0.051971 0.000000
0.106021 -0.105946 0.000000
-0.002301 -0.097931 0.000000
0.182748 -0.158548 0.000000
-0.228431 0.033856 0.000000
0.278700 -0.237610 0.000000
-0.147019 0.010465 0.000000
0.216623 -0.062953 0.000000
-0.255051 0.124159 0.000000
0.405300 0.094718 0.000000
-0.192051 -0.135902 0.000000
0.281682 -0.095762 0.000000
-0.172905 0.321338 0.000000
0.496897 -0.413766 0.000000
-0.488858 0.552053 0.000000
-1.077235 1.568396 0.000000
0.562715 -0.099030 0.000000
-0.345085 0.955120 0.000000
0.258517 -0.643008 0.000000
0.028915 -0.200932 0.000000
0.528603 0.459407 0.000000
-0.081137 0.405183 0.000000
0.101010 -0.306594 0.000000
0.025647 0.090742 0.000000
0.055738 0.099420 0.000000
0.025245 0.097719 0.000000
0.000000 0.000000 0.000000
0.060241 -0.037427 0.000000
0.091193 -0.029874 0.000000
0.019457 0.061868 0.000000
0.183141 -0.060325 0.000000
-0.026880 -0.108331 0.000000
0.181130 -0.062445 0.000000
-0.116983 0.128560 0.000000
0.113579 0.010047 0.000000
0.008507 0.000894 0.000000
-0.071891 0.166640 0.000000
-0.037432 0.000756 0.000000
0.092555 0.017808 0.000000
-0.167574 0.021776 0.000000
0.050715 -0.019888 0.000000
-0.276049 0.229333 0.000000
0.376507 -0.008959 0.000000
-0.323133 0.082310 0.000000
0.192372 0.252208 0.000000
-0.310719 0.201645 0.000000
0.499276 0.292764 0.000000
0.515189 -0.763264 0.000000
0.318576 -0.670542 0.000000
0.140781 0.336908 0.000000
0.017598 0.367113 0.000000
-0.080150 -0.096592 0.000000
0.097442 -0.406760 0.000000
0.250824 0.490221 0.000000
-0.044115 0.218179 0.000000
0.102550 0.116381 0.000000
0.011737 0.104709 0.000000
0.000000 0.000000 0.000000
0.049277 -0.025168 0.000000
0.108456 -0.034567 0.000000
0.001998 -0.087106 0.000000
0.130559 -0.049564 0.000000
-0.025387 0.056532 0.000000
0.087350 -0.018715 0.000000
0.022314 -0.134945 0.000000
0.081187 -0.087427 0.000000
-0.102328 0.024006 0.000000
0.193449 -0.127789 0.000000
-0.137484 0.010976 0.000000
0.033185 0.018540 0.000000
-0.019655 0.036146 0.000000
0.085963 0.005338 0.000000
-0.033880 0.016856 0.000000
0.016656 0.088962 0.000000
-0.159474 0.042534 0.000000
0.279663 -0.049707 0.000000
-0.161236 0.207435 0.000000
0.017359 -0.206466 0.000000
-0.431663 0.655243 0.000000
0.333712 0.393845 0.000000
-0.321076 -0.247887 0.000000
0.428225 0.043589 0.000000
-0.018184 -0.162942 0.000000
0.330089 0.691912 0.000000
-0.260024 -0.077437 0.000000
0.213766 -0.090321 0.000000
0.007839 0.154920 0.000000
0.044916 0.114433 0.000000
0.000000 0.000000 0.000000
0.059895 -0.023344 0.000000
0.045694 -0.026236 0.000000
0.074660 0.003758 0.000000
0.031990 -0.022492 0.000000
0.085319 -0.089854 0.000000
0.014845 -0.006782 0.000000
-0.000881 0.044315 0.000000
0.045764 0.067064 0.000000
-0.053034 -0.037571 0.000000
0.027705 0.070603 0.000000
-0.072155 0.061184 0.000000
0.101063 -0.036319 0.000000
-0.153932 0.055073 0.000000
-0.019971 0.095280 0.000000
-0.069509 -0.056360 0.000000
0.056615 0.027915 0.000000
0.033809 0.134503 0.000000
-0.031696 0.076834 0.000000
0.034622 0.033082 0.000000
0.221573 0.076064 0.000000
-0.120280 -0.172078 0.000000
0.585924 -0.243036 0.000000
0.000850 0.362360 0.000000
0.170999 0.223478 0.000000
-0.020226 0.067394 0.000000
0.124666 0.011951 0.000000
0.169271 0.041417 0.000000
0.100345 0.384842 0.000000
-0.012465 0.164239 0.000000
0.056586 0.115329 0.000000
0.000000 0.000000 0.000000
0.055507 -0.035671 0.000000
0.055717 -0.040492 0.000000
0.049747 -0.025695 0.000000
0.043339 -0.044647 0.000000
0.018206 0.018250 0.000000
0.045734 -0.065334 0.000000
-0.031625 0.002987 0.000000
0.063295 -0.102213 0.000000
-0.021195 -0.016457 0.000000
-0.004722 -0.054034 0.000000
-0.021658 -0.057057 0.000000
-0.020735 0.010179 0.000000
-0.034495 -0.043975 0.000000
0.130381 -0.115772 0.000000
-0.113854 0.160309 0.000000
0.026977 0.022916 0.000000
-0.039029 -0.114027 0.000000
0.143068 -0.007134 0.000000
-0.211186 0.158329 0.000000
0.208546 0.006955 0.000000
-0.073574 0.311966 0.000000
-0.103183 0.294286 0.000000
0.208349 -0.126966 0.000000
-0.037252 0.000263 0.000000
0.352443 0.239365 0.000000
-0.187032 -0.047060 0.000000
0.027051 0.200100 0.000000
-0.152910 -0.088980 0.000000
0.174756 0.112879 0.000000
0.060227 0.104765 0.000000
0.000000 0.000000 0.000000
0.038948 -0.023222 0.000000
0.047855 -0.000872 0.000000
0.024364 -0.055430 0.000000
0.051629 -0.048174 0.000000
0.026462 -0.029608 0.000000
-0.024445 0.011997 0.000000
0.052871 -0.060796 0.000000
-0.051297 0.038688 0.000000
0.012175 -0.031594 0.000000
-0.013199 0.001050 0.000000
-0.056011 0.009953 0.000000
0.016682 -0.046144 0.000000
-0.111915 0.054404 0.000000
-0.063230 0.026714 0.000000
-0.090394 -0.068998 0.000000
0.150646 -0.153905 0.000000
-0.184689 0.204043 0.000000
0.118936 -0.102188 0.000000
0.043509 -0.044646 0.000000
0.114796 -0.142141 0.000000
0.135121 -0.082720 0.000000
0.170910 -0.181831 0.000000
0.025976 0.169514 0.000000
0.004069 0.073913 0.000000
0.391677 0.340879 0.000000
-0.243506 -0.130441 0.000000
-0.266451 -0.117064 0.000000
0.401384 0.264614 0.000000
-0.074757 0.129990 0.000000
0.102210 0.095460 0.000000
0.000000 0.000000 0.000000
0.014320 -0.032241 0.000000
0.053762 -0.057131 0.000000
0.006065 0.014067 0.000000
0.030744 -0.003011 0.000000
0.011797 -0.072549 0.000000
0.016113 -0.046783 0.000000
-0.030293 -0.019639 0.000000
0.056415 -0.078055 0.000000
-0.054297 -0.054030 0.000000
-0.006660 -0.062936 0.000000
-0.027438 -0.051767 0.000000
-0.028238 -0.055589 0.000000
-0.002884 -0.152182 0.000000
0.066874 -0.119545 0.000000
-0.076455 0.020029 0.000000
-0.081882 0.022692 0.000000
0.019512 -0.119248 0.000000
-0.006535 -0.052142 0.000000
-0.071280 0.087331 0.000000
0.125039 -0.073398 0.000000
-0.154998 0.178618 0.000000
0.088468 0.005512 0.000000
-0.013856 0.083126 0.000000
0.173542 -0.198849 0.000000
0.079960 0.325464 0.000000
0.202925 0.007823 0.000000
0.052886 0.160290 0.000000
-0.087528 0.025418 0.000000
0.110268 0.096643 0.000000
0.121370 0.055738 0.000000
0.000000 0.000000 0.000000
0.013152 -0.023319 0.000000
0.038007 0.002441 0.000000
0.014482 -0.084750 0.000000
0.014327 -0.055376 0.000000
-0.016218 0.009262 0.000000
0.049875 -0.041308 0.000000
-0.076922 -0.047570 0.000000
0.026994 -0.043819 0.000000
-0.069637 -0.010151 0.000000
0.019719 -0.055297 0.000000
-0.048434 -0.096678 0.000000
-0.032139 -0.046488 0.000000
-0.089920 0.066266 0.000000
-0.059461 -0.109569 0.000000
-0.010136 -0.133232 0.000000
0.015089 -0.190025 0.000000
-0.076402 -0.039989 0.000000
0.036093 -0.098988 0.000000
-0.020598 -0.141414 0.000000
0.068425 -0.177029 0.000000
0.016077 -0.086053 0.000000
0.110420 -0.181109 0.000000
0.016201 -0.020287 0.000000
-0.041845 -0.006787 0.000000
0.099778 -0.146350 0.000000
-0.125106 0.067268 0.000000
0.039969 0.016396 0.000000
0.079589 -0.018579 0.000000
0.070468 0.033520 0.000000
0.134408 0.015748 0.000000
0.000000 0.000000 0.000000
0.001405 -0.033296 0.000000
0.031583 -0.037914 0.000000
-0.023099 0.028177 0.000000
0.038198 -0.028997 0.000000
-0.026727 -0.079781 0.000000
-0.002025 -0.044776 0.000000
-0.011139 -0.054696 0.000000
-0.022814 -0.041647 0.000000
-0.034679 -0.112502 0.000000
0.007529 -0.109918 0.000000
-0.058494 -0.041258 0.000000
-0.004188 -0.112136 0.000000
-0.008271 -0.277079 0.000000
0.022212 -0.111938 0.000000
-0.131657 -0.119882 0.000000
0.114686 -0.067916 0.000000
-0.148339 -0.112941 0.000000
0.068878 -0.178019 0.000000
-0.083698 -0.041408 0.000000
0.007541 -0.057181 0.000000
-0.012987 -0.106270 0.000000
-0.049953 0.004182 0.000000
0.015568 -0.078728 0.000000
0.093946 -0.103238 0.000000
-0.023256 -0.047767 0.000000
0.078778 -0.078638 0.000000
0.058424 -0.051049 0.000000
0.040643 -0.032051 0.000000
0.001155 -0.036940 0.000000
0.168581 -0.041918 0.000000
0.000000 0.000000 0.000000
-0.016883 -0.018924 0.000000
0.042230 -0.015626 0.000000
-0.016990 -0.076340 0.000000
-0.009243 -0.037012 0.000000
0.003870 -0.018613 0.000000
-0.024305 -0.044617 0.000000
-0.025622 -0.072949 0.000000
-0.000087 -0.083093 0.000000
-0.032300 -0.068042 0.000000
0.003357 -0.062026 0.000000
-0.115580 -0.176558 0.000000
0.095704 -0.099309 0.000000
-0.221270 0.021986 0.000000
0.197100 -0.261826 0.000000
-0.281839 -0.088677 0.000000
0.061001 -0.267239 0.000000
-0.035973 -0.198373 0.000000
-0.013951 -0.148261 0.000000
-0.033846 -0.230927 0.000000
0.037770 -0.229830 0.000000
-0.020005 -0.209185 0.000000
0.058956 -0.225488 0.000000
-0.039234 -0.172879 0.000000
0.001984 -0.136550 0.000000
-0.097108 -0.071536 0.000000
0.095303 -0.137664 0.000000
-0.129911 -0.129821 0.000000
0.034451 -0.035754 0.000000
0.091369 -0.089232 0.000000
0.172381 -0.097868 0.000000
0.000000 0.000000 0.000000
-0.001838 -0.018721 0.000000
-0.006887 -0.023917 0.000000
-0.003805 0.006056 0.000000
-0.003944 -0.033595 0.000000
-0.017537 -0.070078 0.000000
-0.002889 -0.071733 0.000000
-0.025671 -0.053409 0.000000
-0.011502 -0.084865 0.000000
-0.068479 -0.095938 0.000000
0.022147 -0.141514 0.000000
-0.040506 -0.100952 0.000000
-0.066108 -0.169806 0.000000
0.027776 -0.308540 0.000000
-0.103804 -0.070890 0.000000
0.018476 -0.218762 0.000000
-0.127945 -0.102750 0.000000
-0.017347 -0.238871 0.000000
-0.071569 -0.174631 0.000000
-0.031104 -0.227404 0.000000
-0.066467 -0.158825 0.000000
-0.053257 -0.169683 0.000000
-0.023001 -0.165185 0.000000
-0.053193 -0.140420 0.000000
-0.027998 -0.208014 0.000000
0.092009 -0.280548 0.000000
-0.115458 -0.104503 0.000000
0.095365 -0.167246 0.000000
0.047286 -0.269707 0.000000
-0.009217 -0.195447 0.000000
0.160271 -0.166394 0.000000
0.000000 0.000000 0.000000
-0.023513 -0.029393 0.000000
0.029390 -0.006808 0.000000
-0.029189 -0.061256 0.000000
-0.002358 -0.041915 0.000000
-0.023326 -0.016766 0.000000
-0.011578 -0.049088 0.000000
-0.036183 -0.077764 0.000000
0.003996 -0.089666 0.000000
-0.016111 -0.113528 0.000000
-0.044793 -0.108497 0.000000
0.026973 -0.187173 0.000000
-0.088122 -0.097008 0.000000
0.027747 -0.149396 0.000000
-0.107076 -0.227344 0.000000
0.042075 -0.210339 0.000000
-0.081970 -0.287168 0.000000
0.025819 -0.284433 0.000000
-0.083863 -0.296758 0.000000
0.045911 -0.247214 0.000000
-0.091810 -0.290963 0.000000
0.052613 -0.338583 0.000000
-0.151342 -0.229760 0.000000
0.096055 -0.372877 0.000000
-0.144619 -0.146906 0.000000
-0.067683 -0.223497 0.000000
-0.002859 -0.288480 0.000000
-0.075160 -0.265866 0.000000
-0.034225 -0.087519 0.000000
0.097650 -0.240873 0.000000
0.143222 -0.227360 0.000000
0.000000 0.000000 0.000000
-0.034033 -0.016848 0.000000
0.013495 -0.010732 0.000000
-0.032355 -0.016273 0.000000
-0.001556 -0.020770 0.000000
-0.009144 -0.068431 0.000000
-0.020551 -0.074893 0.000000
0.003577 -0.075648 0.000000
-0.037370 -0.089451 0.000000
0.001084 -0.112749 0.000000
-0.036344 -0.134874 0.000000
-0.009077 -0.155636 0.000000
-0.022752 -0.224967 0.000000
-0.016487 -0.197222 0.000000
-0.049909 -0.214040 0.000000
0.001417 -0.241118 0.000000
-0.110442 -0.210465 0.000000
0.022412 -0.241487 0.000000
-0.151152 -0.241298 0.000000
-0.011014 -0.288583 0.000000
-0.113366 -0.271600 0.000000
-0.021654 -0.287588 0.000000
-0.043283 -0.296013 0.000000
-0.079181 -0.242690 0.000000
0.084604 -0.444929 0.000000
-0.096586 -0.249755 0.000000
-0.016454 -0.266555 0.000000
0.000436 -0.280919 0.000000
0.051814 -0.512180 0.000000
-0.021070 -0.308419 0.000000
0.132037 -0.283615 0.000000
0.000000 0.000000 0.000000
-0.018695 -0.022143 0.000000
-0.000565 -0.015523 0.000000
-0.008854 -0.033008 0.000000
-0.023360 -0.049604 0.000000
0.004674 -0.035060 0.000000
-0.029692 -0.039264 0.000000
-0.001321 -0.083971 0.000000
-0.009625 -0.104124 0.000000
-0.007929 -0.121366 0.000000
0.005382 -0.151559 0.000000
0.004424 -0.151703 0.000000
-0.036404 -0.144884 0.000000
-0.020394 -0.234249 0.000000
0.010642 -0.238265 0.000000
-0.070127 -0.259026 0.000000
0.012472 -0.253832 0.000000
-0.058339 -0.369736 0.000000
-0.019567 -0.311741 0.000000
-0.052735 -0.335262 0.000000
-0.010391 -0.300567 0.000000
-0.080964 -0.330713 0.000000
-0.071735 -0.391519 0.000000
0.024014 -0.420590 0.000000
-0.231651 -0.191554 0.000000
-0.008586 -0.388247 0.000000
-0.054840 -0.455310 0.000000
-0.078974 -0.246447 0.000000
-0.045986 -0.151685 0.000000
0.033730 -0.374774 0.000000
0.091650 -0.330414 0.000000
0.000000 0.000000 0.000000
-0.027447 -0.026829 0.000000
-0.010600 -0.007584 0.000000
-0.005963 -0.035818 0.000000
-0.013138 -0.022442 0.000000
-0.012550 -0.044332 0.000000
0.019428 -0.097826 0.000000
-0.017527 -0.058985 0.000000
0.021509 -0.100368 0.000000
-0.025060 -0.114744 0.000000
0.032617 -0.128770 0.000000
-0.052693 -0.192701 0.000000
0.080376 -0.226104 0.000000
-0.069889 -0.206888 0.000000
0.064437 -0.244982 0.000000
-0.137629 -0.249403 0.000000
0.082262 -0.329776 0.000000
-0.181722 -0.199676 0.000000
0.162969 -0.391631 0.000000
-0.247815 -0.280813 0.000000
-0.014117 -0.383212 0.000000
-0.067288 -0.384390 0.000000
-0.034297 -0.265644 0.000000
-0.131932 -0.323790 0.000000
0.024433 -0.494775 0.000000
-0.125597 -0.332240 0.000000
-0.039653 -0.296830 0.000000
0.020846 -0.510385 0.000000
-0.034653 -0.623461 0.000000
0.000050 -0.417771 0.000000
0.018718 -0.373753 0.000000
0.000000 0.000000 0.000000
-0.017113 -0.003408 0.000000
0.006755 -0.015324 0.000000
-0.023581 -0.021812 0.000000
0.010887 -0.040107 0.000000
-0.001138 -0.056457 0.000000
0.015220 -0.058165 0.000000
-0.007364 -0.081555 0.000000
0.039625 -0.121527 0.000000
-0.012974 -0.148522 0.000000
0.063762 -0.170162 0.000000
-0.025820 -0.151955 0.000000
0.039588 -0.190914 0.000000
-0.045468 -0.235991 0.000000
0.045389 -0.257926 0.000000
-0.035427 -0.258556 0.000000
-0.033250 -0.246229 0.000000
-0.025640 -0.357807 0.000000
-0.060599 -0.314042 0.000000
-0.019684 -0.347583 0.000000
0.030639 -0.355258 0.000000
-0.209254 -0.308785 0.000000
0.001350 -0.478379 0.000000
-0.096208 -0.423396 0.000000
-0.025827 -0.269999 0.000000
-0.123821 -0.468087 0.000000
0.000329 -0.559156 0.000000
-0.142623 -0.224844 0.000000
0.006714 -0.314393 0.000000
-0.046432 -0.444431 0.000000
-0.011788 -0.400118 0.000000
0.000000 0.000000 0.000000
-0.027787 -0.045574 0.000000
0.001574 -0.012082 0.000000
-0.007119 -0.049840 0.000000
-0.005303 -0.034804 0.000000
0.002483 -0.042275 0.000000
0.033680 -0.074253 0.000000
0.018550 -0.099598 0.000000
0.043412 -0.102034 0.000000
0.031659 -0.083595 0.000000
0.030781 -0.158957 0.000000
0.050961 -0.196826 0.000000
0.006964 -0.201580 0.000000
0.053503 -0.217467 0.000000
-0.050359 -0.227355 0.000000
0.072252 -0.283299 0.000000
-0.093059 -0.289073 0.000000
0.030894 -0.320248 0.000000
-0.063013 -0.289916 0.000000
-0.070470 -0.320889 0.000000
-0.049984 -0.360677 0.000000
0.005662 -0.435310 0.000000
-0.088483 -0.274408 0.000000
-0.082137 -0.391184 0.000000
-0.068249 -0.497311 0.000000
-0.034912 -0.412833 0.000000
-0.085587 -0.213474 0.000000
-0.016698 -0.683054 0.000000
-0.089821 -0.579883 0.000000
-0.049786 -0.455252 0.000000
-0.080691 -0.403815 0.000000
0.000000 0.000000 0.000000
-0.023113 -0.020572 0.000000
0.026455 -0.003182 0.000000
-0.029990 -0.032879 0.000000
0.026715 -0.032832 0.000000
0.022174 -0.076894 0.000000
0.020731 -0.068831 0.000000
0.026571 -0.069910 0.000000
0.052956 -0.128095 0.000000
0.034117 -0.173515 0.000000
0.065879 -0.136214 0.000000
0.049247 -0.157697 0.000000
0.017300 -0.194388 0.000000
0.055589 -0.217261 0.000000
-0.007649 -0.229951 0.000000
0.028453 -0.259939 0.000000
0.028454 -0.279183 0.000000
-0.132255 -0.191817 0.000000
0.049503 -0.382822 0.000000
-0.005334 -0.349555 0.000000
-0.101916 -0.298639 0.000000
0.001252 -0.293514 0.000000
-0.164858 -0.406371 0.000000
-0.003028 -0.419834 0.000000
-0.107375 -0.248099 0.000000
-0.039405 -0.488324 0.000000
-0.096792 -0.466095 0.000000
-0.064948 -0.265392 0.000000
-0.045241 -0.331873 0.000000
-0.085637 -0.440385 0.000000
-0.136646 -0.398849 0.000000
0.000000 0.000000 0.000000
-0.010322 -0.030319 0.000000
0.004305 -0.021865 0.000000
-0.015099 -0.050560 0.000000
0.036664 -0.053171 0.000000
0.015333 -0.035881 0.000000
0.041346 -0.080986 0.000000
0.065803 -0.108441 0.000000
0.045736 -0.092249 0.000000
0.072377 -0.109511 0.000000
0.048480 -0.155281 0.000000
0.052511 -0.193033 0.000000
0.085718 -0.150610 0.000000
0.014295 -0.204676 0.000000
0.057511 -0.234566 0.000000
-0.045308 -0.193983 0.000000
0.000404 -0.244219 0.000000
0.055264 -0.340294 0.000000
-0.066600 -0.234074 0.000000
-0.077498 -0.230561 0.000000
0.013193 -0.346409 0.000000
-0.045304 -0.354027 0.000000
-0.000777 -0.289796 0.000000
-0.062032 -0.283131 0.000000
-0.060492 -0.456634 0.000000
-0.057607 -0.343823 0.000000
-0.002990 -0.348533 0.000000
-0.107757 -0.490638 0.000000
-0.105520 -0.543109 0.000000
-0.093045 -0.403983 0.000000
-0.192341 -0.371995 0.000000
0.000000 0.000000 0.000000
-0.020800 -0.043967 0.000000
0.009909 -0.017698 0.000000
0.012491 -0.033489 0.000000
0.019123 -0.049688 0.000000
0.041400 -0.076372 0.000000
0.037081 -0.081864 0.000000
0.076321 -0.073218 0.000000
0.053679 -0.112710 0.000000
0.096765 -0.123310 0.000000
0.054164 -0.127161 0.000000
0.097878 -0.138322 0.000000
-0.006379 -0.191685 0.000000
0.119182 -0.184673 0.000000
-0.054488 -0.134097 0.000000
0.097536 -0.265526 0.000000
-0.029878 -0.201897 0.000000
-0.025631 -0.189499 0.000000
0.001121 -0.250631 0.000000
-0.037000 -0.291703 0.000000
-0.011544 -0.271030 0.000000
-0.135775 -0.180338 0.000000
-0.014033 -0.327925 0.000000
-0.066535 -0.309583 0.000000
-0.066853 -0.282353 0.000000
-0.061221 -0.303117 0.000000
-0.050026 -0.315859 0.000000
-0.054240 -0.231128 0.000000
-0.082994 -0.223175 0.000000
-0.120750 -0.351360 0.000000
-0.234623 -0.312276 0.000000
0.000000 0.000000 0.000000
0.003821 -0.017234 0.000000
0.007922 -0.019409 0.000000
0.013189 -0.046002 0.000000
0.012158 -0.052243 0.000000
0.066374 -0.038471 0.000000
0.037251 -0.074231 0.000000
0.084032 -0.088269 0.000000
0.049024 -0.095801 0.000000
0.106355 -0.106535 0.000000
0.076420 -0.118653 0.000000
0.095115 -0.136554 0.000000
0.068359 -0.118317 0.000000
0.064715 -0.149616 0.000000
0.071707 -0.201313 0.000000
0.033121 -0.155554 0.000000
0.006964 -0.173359 0.000000
0.009946 -0.197305 0.000000
-0.003822 -0.200813 0.000000
-0.030375 -0.168222 0.000000
-0.091717 -0.148590 0.000000
0.035672 -0.279099 0.000000
-0.044925 -0.224108 0.000000
-0.043083 -0.157092 0.000000
-0.005654 -0.246016 0.000000
-0.105870 -0.258975 0.000000
0.018355 -0.345584 0.000000
-0.153490 -0.279485 0.000000
-0.084967 -0.407239 0.000000
-0.131080 -0.281833 0.000000
-0.266955 -0.254176 0.000000
0.000000 0.000000 0.000000
-0.012112 -0.051273 0.000000
0.009380 -0.030986 0.000000
0.008192 -0.046395 0.000000
0.038092 -0.052423 0.000000
0.064015 -0.065525 0.000000
0.018961 -0.076734 0.000000
0.100423 -0.075896 0.000000
0.083409 -0.088110 0.000000
0.091993 -0.099628 0.000000
0.052936 -0.091368 0.000000
0.093431 -0.121257 0.000000
0.077748 -0.128082 0.000000
0.015871 -0.099207 0.000000
0.054848 -0.112782 0.000000
0.013833 -0.121551 0.000000
0.005722 -0.130629 0.000000
-0.009009 -0.152712 0.000000
-0.040656 -0.089113 0.000000
-0.043968 -0.164202 0.000000
-0.034149 -0.180099 0.000000
-0.056950 -0.112224 0.000000
-0.107397 -0.111129 0.000000
-0.038095 -0.198119 0.000000
-0.058752 -0.185836 0.000000
-0.018635 -0.102041 0.000000
-0.072318 -0.136165 0.000000
-0.065961 -0.058847 0.000000
-0.094598 -0.098242 0.000000
-0.128287 -0.160740 0.000000
-0.290369 -0.180709 0.000000
0.000000 0.000000 0.000000
-0.023127 -0.029878 0.000000
0.051383 0.002848 0.000000
-0.006703 -0.045631 0.000000
0.034681 -0.047159 0.000000
0.042340 -0.050628 0.000000
0.082401 -0.063426 0.000000
0.064545 -0.050906 0.000000
0.082188 -0.080692 0.000000
0.083738 -0.062007 0.000000
0.100934 -0.087184 0.000000
0.079070 -0.045787 0.000000
0.071732 -0.079143 0.000000
0.064002 -0.098177 0.000000
0.062745 -0.081613 0.000000
0.006942 -0.097364 0.000000
0.037026 -0.086283 0.000000
-0.065358 -0.035980 0.000000
0.037165 -0.099202 0.000000
-0.057878 -0.063840 0.000000
-0.014629 -0.030952 0.000000
-0.069930 -0.079993 0.000000
0.018845 -0.114349 0.000000
-0.005116 -0.065137 0.000000
-0.145651 -0.009150 0.000000
0.069550 -0.168763 0.000000
-0.115273 -0.087710 0.000000
-0.019100 -0.224579 0.000000
-0.161554 -0.137829 0.000000
-0.127117 -0.092535 0.000000
-0.270990 -0.092408 0.000000
0.000000 0.000000 0.000000
-0.017310 -0.046350 0.000000
0.019470 -0.033340 0.000000
-0.008567 -0.062872 0.000000
0.056380 -0.033676 0.000000
0.034305 -0.045943 0.000000
0.056179 -0.052961 0.000000
0.052797 -0.070291 0.000000
0.098493 -0.046955 0.000000
0.068687 -0.059618 0.000000
0.073133 -0.037698 0.000000
0.072455 -0.092657 0.000000
0.044869 -0.025127 0.000000
0.051313 -0.032398 0.000000
0.002806 -0.042597 0.000000
0.016074 -0.008170 0.000000
0.000394 -0.007458 0.000000
-0.032359 -0.039273 0.000000
-0.023512 -0.035600 0.000000
-0.082185 0.017627 0.000000
-0.032757 -0.049018 0.000000
-0.069687 0.000200 0.000000
-0.091923 0.022816 0.000000
-0.091553 0.077824 0.000000
0.017765 -0.074657 0.000000
-0.081744 0.081290 0.000000
-0.003296 -0.010098 0.000000
-0.121104 0.194776 0.000000
-0.028581 0.050013 0.000000
-0.162828 0.014468 0.000000
-0.280562 -0.006843 0.000000
0.000000 0.000000 0.000000
-0.017856 -0.051053 0.000000
0.016861 -0.015764 0.000000
0.003613 -0.025202 0.000000
0.032981 -0.040181 0.000000
0.033006 -0.054576 0.000000
0.055138 -0.038614 0.000000
0.054682 -0.032784 0.000000
0.074215 -0.038726 0.000000
0.044998 -0.044698 0.000000
0.082436 -0.014266 0.000000
0.054359 -0.008971 0.000000
0.059319 -0.018669 0.000000
0.022030 -0.007844 0.000000
0.025552 0.013179 0.000000
0.018403 0.008724 0.000000
-0.043739 -0.001668 0.000000
0.001358 0.053681 0.000000
-0.092262 0.073674 0.000000
0.000035 0.027707 0.000000
-0.065003 0.069495 0.000000
-0.078296 0.137683 0.000000
0.005528 0.012368 0.000000
-0.027097 0.037010 0.000000
-0.047833 0.112981 0.000000
-0.121841 0.079006 0.000000
0.069905 0.086466 0.000000
-0.096451 -0.045372 0.000000
-0.081583 0.063177 0.000000
-0.134828 0.123711 0.000000
-0.205311 0.071817 0.000000
0.000000 0.000000 0.000000
-0.010681 -0.009376 0.000000
0.002539 -0.024199 0.000000
0.002516 -0.048141 0.000000
0.009394 -0.049510 0.000000
0.039291 -0.022256 0.000000
0.033618 -0.040417 0.000000
0.044327 -0.052338 0.000000
0.047974 -0.007369 0.000000
0.050158 -0.018886 0.000000
0.044859 -0.002286 0.000000
0.023265 -0.010580 0.000000
0.041940 0.042731 0.000000
0.006563 0.030887 0.000000
-0.006782 0.058197 0.000000
-0.029693 0.045331 0.000000
-0.020267 0.107287 0.000000
-0.045749 0.052556 0.000000
-0.063379 0.073095 0.000000
-0.075591 0.109427 0.000000
-0.082735 0.160395 0.000000
-0.061906 0.037837 0.000000
-0.090149 0.141466 0.000000
-0.131970 0.248181 0.000000
0.003923 0.087910 0.000000
-0.027879 0.205630 0.000000
-0.122460 0.212778 0.000000
0.000967 0.313323 0.000000
-0.075848 0.206790 0.000000
-0.101492 0.186561 0.000000
-0.215718 0.138727 0.000000
0.000000 0.000000 0.000000
-0.044629 -0.075742 0.000000
0.004331 -0.031968 0.000000
-0.004672 -0.029556 0.000000
-0.001747 -0.034571 0.000000
0.025163 -0.032355 0.000000
0.000731 -0.045737 0.000000
0.038741 0.015648 0.000000
0.028462 -0.015808 0.000000
0.019199 -0.011902 0.000000
0.025349 0.041960 0.000000
0.022313 0.024901 0.000000
0.012717 0.046147 0.000000
-0.025200 0.046293 0.000000
0.010818 0.086524 0.000000
-0.043694 0.060522 0.000000
-0.040807 0.106322 0.000000
-0.090242 0.122646 0.000000
-0.036842 0.172943 0.000000
-0.087954 0.086767 0.000000
-0.085840 0.135739 0.000000
-0.046930 0.231484 0.000000
-0.114187 0.246292 0.000000
0.012816 0.061203 0.000000
-0.059693 0.254521 0.000000
-0.076835 0.124454 0.000000
0.014604 0.245936 0.000000
-0.076506 0.104064 0.000000
-0.022084 0.229502 0.000000
-0.059852 0.251298 0.000000
-0.115934 0.196787 0.000000
0.000000 0.000000 0.000000
-0.053170 -0.040023 0.000000
0.023027 0.012833 0.000000
-0.033082 -0.048684 0.000000
-0.008378 -0.052041 0.000000
0.011055 -0.012553 0.000000
-0.013770 -0.027081 0.000000
0.022103 -0.025450 0.000000
-0.010110 0.005247 0.000000
0.007153 0.021134 0.000000
0.002456 0.009423 0.000000
-0.031722 0.044665 0.000000
-0.011238 0.090390 0.000000
-0.030756 0.085491 0.000000
-0.022142 0.082059 0.000000
-0.115533 0.178428 0.000000
-0.025551 0.087154 0.000000
-0.113343 0.146252 0.000000
-0.061685 0.116688 0.000000
-0.103742 0.176585 0.000000
-0.108980 0.258158 0.000000
-0.086029 0.057837 0.000000
-0.093697 0.175917 0.000000
-0.136880 0.304686 0.000000
0.024810 0.134336 0.000000
-0.154111 0.326435 0.000000
0.019936 0.304896 0.000000
-0.100164 0.294487 0.000000
-0.034090 0.281931 0.000000
-0.074741 0.274532 0.000000
-0.021616 0.222468 0.000000
0.000000 0.000000 0.000000
-0.064106 -0.050963 0.000000
-0.000215 -0.041959 0.000000
-0.049068 -0.065333 0.000000
-0.016738 -0.010552 0.000000
-0.017680 -0.031747 0.000000
-0.033120 -0.034602 0.000000
-0.022754 -0.014917 0.000000
-0.012411 0.014260 0.000000
-0.022763 0.011970 0.000000
-0.044351 0.071371 0.000000
-0.018445 0.044950 0.000000
-0.038491 0.035703 0.000000
-0.041113 0.090193 0.000000
-0.115327 0.133274 0.000000
0.017082 0.035048 0.000000
-0.103473 0.149912 0.000000
-0.064513 0.128888 0.000000
-0.093726 0.198122 0.000000
-0.145621 0.126736 0.000000
-0.013999 0.115561 0.000000
-0.167617 0.275585 0.000000
0.016491 0.241854 0.000000
-0.143646 0.087744 0.000000
-0.002462 0.282520 0.000000
-0.027978 0.145637 0.000000
-0.051237 0.194265 0.000000
-0.036772 0.276017 0.000000
0.052838 0.224343 0.000000
-0.022600 0.260874 0.000000
0.002911 0.219365 0.000000
0.000000 0.000000 0.000000
-0.074218 -0.072081 0.000000
-0.009394 -0.018242 0.000000
-0.052471 -0.024758 0.000000
-0.038226 -0.045684 0.000000
-0.047720 -0.051432 0.000000
-0.031079 -0.011309 0.000000
-0.057981 -0.009768 0.000000
-0.047440 0.003127 0.000000
-0.058930 0.006647 0.000000
-0.058559 0.034063 0.000000
-0.042474 0.036739 0.000000
-0.160740 0.154643 0.000000
0.015777 0.014357 0.000000
-0.122733 0.143153 0.000000
-0.110393 0.145357 0.000000
-0.120309 0.136467 0.000000
-0.091586 0.128451 0.000000
-0.117688 0.109768 0.000000
-0.107689 0.192548 0.000000
-0.138884 0.193131 0.000000
-0.050136 0.030024 0.000000
-0.135432 0.164173 0.000000
-0.074705 0.238250 0.000000
-0.102918 0.223570 0.000000
-0.041230 0.261978 0.000000
-0.128741 0.314692 0.000000
0.089762 0.186710 0.000000
-0.106157 0.310213 0.000000
0.044053 0.243021 0.000000
0.094010 0.195182 0.000000
0.000000 0.000000 0.000000
-0.073683 -0.024041 0.000000
-0.026615 -0.035508 0.000000
-0.058761 -0.055573 0.000000
-0.071742 -0.061110 0.000000
-0.052833 -0.007275 0.000000
-0.071415 -0.028175 0.000000
-0.069619 -0.049667 0.000000
-0.080463 0.010783 0.000000
-0.088395 0.011105 0.000000
-0.081241 0.042832 0.000000
-0.117110 0.063043 0.000000
-0.042182 0.006933 0.000000
-0.134028 0.113411 0.000000
-0.051490 0.028273 0.000000
-0.129077 0.107502 0.000000
-0.070697 0.058407 0.000000
-0.100999 0.128635 0.000000
-0.163871 0.159695 0.000000
-0.047420 0.053723 0.000000
-0.158146 0.123959 0.000000
-0.067837 0.200723 0.000000
-0.144396 0.196146 0.000000
-0.034195 0.106984 0.000000
-0.061306 0.097151 0.000000
-0.083979 0.094615 0.000000
0.102467 0.061726 0.000000
-0.259281 0.293096 0.000000
0.212579 0.063167 0.000000
0.012939 0.179087 0.000000
0.154044 0.141388 0.000000
0.000000 0.000000 0.000000
-0.093549 -0.085352 0.000000
-0.050053 -0.041935 0.000000
-0.066988 -0.041140 0.000000
-0.087569 -0.057728 0.000000
-0.071476 -0.062229 0.000000
-0.108775 -0.070861 0.000000
-0.094958 -0.003996 0.000000
-0.112145 -0.005819 0.000000
-0.103826 -0.038846 0.000000
-0.116105 0.018050 0.000000
-0.136915 0.041649 0.000000
-0.099783 0.048323 0.000000
-0.142377 0.008033 0.000000
-0.129776 0.094712 0.000000
-0.123498 0.083626 0.000000
-0.167605 0.126658 0.000000
-0.132175 0.054742 0.000000
-0.069692 0.037468 0.000000
-0.143311 0.105379 0.000000
-0.085693 0.059173 0.000000
-0.113253 0.036068 0.000000
-0.073337 0.010345 0.000000
-0.098928 0.065961 0.000000
-0.095141 0.193539 0.000000
-0.027448 0.185017 0.000000
-0.168006 0.144016 0.000000
0.158721 0.057705 0.000000
-0.161004 0.214174 0.000000
0.128960 0.115928 0.000000
0.208556 0.085059 0.000000
0.000000 0.000000 0.000000
-0.105110 -0.056259 0.000000
-0.031201 -0.011290 0.000000
-0.088232 -0.069867 0.000000
-0.107191 -0.065154 0.000000
-0.092876 -0.032133 0.000000
-0.123624 -0.042469 0.000000
-0.115846 -0.058711 0.000000
-0.139866 -0.082647 0.000000
-0.138520 0.018900 0.000000
-0.162297 0.001841 0.000000
-0.084227 -0.059035 0.000000
-0.211262 0.071230 0.000000
-0.090423 0.027834 0.000000
-0.137423 0.030529 0.000000
-0.144246 0.017315 0.000000
-0.078664 -0.020242 0.000000
-0.120408 0.041094 0.000000
-0.128320 0.051508 0.000000
-0.115607 -0.000101 0.000000
-0.099722 0.028930 0.000000
-0.122449 0.047614 0.000000
-0.112206 0.076389 0.000000
-0.031807 0.017664 0.000000
-0.189534 -0.010184 0.000000
0.107977 -0.184155 0.000000
-0.052643 -0.004169 0.000000
-0.060773 0.055710 0.000000
0.139304 -0.071386 0.000000
0.075956 -0.022425 0.000000
0.239198 0.000194 0.000000
0.000000 0.000000 0.000000
-0.116005 -0.069435 0.000000
-0.054345 -0.061692 0.000000
-0.107961 -0.079110 0.000000
-0.110272 -0.069825 0.000000
-0.109279 -0.082996 0.000000
-0.144647 -0.109587 0.000000
-0.139299 -0.030019 0.000000
-0.173750 -0.037706 0.000000
-0.140347 -0.070222 0.000000
-0.192402 -0.064462 0.000000
-0.169406 0.002284 0.000000
-0.149657 -0.050088 0.000000
-0.143197 -0.018610 0.000000
-0.185840 -0.026145 0.000000
-0.107010 0.017912 0.000000
-0.183624 0.034388 0.000000
-0.091896 -0.046804 0.000000
-0.167069 -0.022112 0.000000
-0.055655 -0.066114 0.000000
-0.138716 -0.015739 0.000000
-0.012726 -0.164988 0.000000
-0.134977 -0.059317 0.000000
-0.098392 -0.125722 0.000000
0.011540 -0.050745 0.000000
-0.271197 0.201547 0.000000
0.161744 -0.195150 0.000000
-0.117704 -0.038383 0.000000
0.087820 -0.022569 0.000000
0.056687 -0.069715 0.000000
0.246646 -0.084740 0.000000
0.000000 0.000000 0.000000
-0.113349 -0.097330 0.000000
-0.068943 -0.059175 0.000000
-0.087289 -0.069648 0.000000
-0.152154 -0.067243 0.000000
-0.107802 -0.119534 0.000000
-0.185258 -0.047014 0.000000
-0.146296 -0.106682 0.000000
-0.198962 -0.108004 0.000000
-0.186680 -0.049653 0.000000
-0.171286 -0.053797 0.000000
-0.187488 -0.057922 0.000000
-0.218113 -0.036885 0.000000
-0.117850 -0.065977 0.000000
-0.200958 -0.027334 0.000000
-0.089724 -0.102146 0.000000
-0.176068 -0.091231 0.000000
-0.086776 -0.060176 0.000000
-0.096691 -0.067902 0.000000
-0.169183 -0.060690 0.000000
-0.005344 -0.162724 0.000000
-0.184892 -0.040879 0.000000
-0.035707 -0.095946 0.000000
-0.088031 -0.099145 0.000000
-0.111007 -0.163710 0.000000
0.106031 -0.421834 0.000000
-0.147754 -0.046499 0.000000
0.076642 -0.216978 0.000000
0.017880 -0.220191 0.000000
0.141347 -0.182089 0.000000
0.236742 -0.172852 0.000000
0.000000 0.000000 0.000000
-0.101808 -0.038543 0.000000
-0.072701 -0.039470 0.000000
-0.125131 -0.082612 0.000000
-0.123613 -0.135528 0.000000
-0.162645 -0.066494 0.000000
-0.166539 -0.108274 0.000000
-0.201851 -0.102833 0.000000
-0.180469 -0.095416 0.000000
-0.220612 -0.102084 0.000000
-0.216783 -0.105199 0.000000
-0.185793 -0.116911 0.000000
-0.192904 -0.103117 0.000000
-0.184882 -0.093717 0.000000
-0.132525 -0.145834 0.000000
-0.203913 -0.032668 0.000000
-0.103376 -0.100268 0.000000
-0.135380 -0.140370 0.000000
-0.113972 -0.153220 0.000000
-0.092477 -0.173273 0.000000
-0.057734 -0.177980 0.000000
-0.086695 -0.225383 0.000000
-0.050834 -0.249527 0.000000
-0.094270 -0.264361 0.000000
-0.004394 -0.189918 0.000000
-0.118841 -0.122400 0.000000
0.009461 -0.270771 0.000000
0.011746 -0.244065 0.000000
0.012740 -0.232627 0.000000
0.091467 -0.273803 0.000000
0.211891 -0.247492 0.000000
0.000000 0.000000 0.000000
-0.113561 -0.112332 0.000000
-0.072549 -0.113037 0.000000
-0.117700 -0.074791 0.000000
-0.145971 -0.093887 0.000000
-0.179416 -0.108321 0.000000
-0.156297 -0.158205 0.000000
-0.219537 -0.097294 0.000000
-0.209057 -0.122711 0.000000
-0.215754 -0.158997 0.000000
-0.212660 -0.109065 0.000000
-0.237667 -0.099686 0.000000
-0.195204 -0.112767 0.000000
-0.208066 -0.153424 0.000000
-0.146543 -0.100819 0.000000
-0.151426 -0.209922 0.000000
-0.074427 -0.183401 0.000000
-0.191016 -0.154483 0.000000
-0.016204 -0.171862 0.000000
-0.115111 -0.190036 0.000000
-0.128739 -0.209851 0.000000
-0.008570 -0.226551 0.000000
-0.111930 -0.217500 0.000000
-0.022053 -0.261970 0.000000
-0.044192 -0.364606 0.000000
0.001702 -0.356992 0.000000
-0.006965 -0.358409 0.000000
-0.017753 -0.360084 0.000000
0.080282 -0.348576 0.000000
0.091743 -0.348680 0.000000
0.179574 -0.312963 0.000000
0.000000 0.000000 0.000000
-0.094977 -0.070366 0.000000
-0.076370 -0.011061 0.000000
-0.127252 -0.098873 0.000000
-0.136568 -0.150675 0.000000
-0.177205 -0.099638 0.000000
-0.196098 -0.125930 0.000000
-0.225229 -0.137182 0.000000
-0.181599 -0.186159 0.000000
-0.292186 -0.097479 0.000000
-0.207851 -0.154995 0.000000
-0.252972 -0.196366 0.000000
-0.168260 -0.152624 0.000000
-0.220694 -0.175083 0.000000
-0.137645 -0.185387 0.000000
-0.200014 -0.126757 0.000000
-0.100073 -0.202717 0.000000
-0.083758 -0.202661 0.000000
-0.143365 -0.289697 0.000000
-0.026830 -0.247778 0.000000
-0.053939 -0.312207 0.000000
-0.015720 -0.320459 0.000000
-0.079681 -0.344288 0.000000
-0.022399 -0.349142 0.000000
-0.048744 -0.266451 0.000000
-0.046623 -0.384394 0.000000
-0.037380 -0.269902 0.000000
0.077534 -0.384635 0.000000
-0.024165 -0.406700 0.000000
0.067483 -0.408129 0.000000
0.124162 -0.365441 0.000000
0.000000 0.000000 0.000000
-0.102525 -0.092972 0.000000
-0.063515 -0.110474 0.000000
-0.140781 -0.117216 0.000000
-0.154381 -0.067930 0.000000
-0.181080 -0.126347 0.000000
-0.179160 -0.173325 0.000000
-0.252459 -0.114117 0.000000
-0.218450 -0.148774 0.000000
-0.246230 -0.167142 0.000000
-0.219854 -0.182874 0.000000
-0.249757 -0.154204 0.000000
-0.232460 -0.149079 0.000000
-0.169288 -0.209877 0.000000
-0.226017 -0.177410 0.000000
-0.023489 -0.282823 0.000000
-0.216935 -0.213912 0.000000
0.035756 -0.325035 0.000000
-0.157005 -0.192818 0.000000
-0.015454 -0.277350 0.000000
-0.084844 -0.286465 0.000000
-0.092230 -0.310897 0.000000
0.030369 -0.337758 0.000000
-0.030465 -0.373751 0.000000
-0.071678 -0.469960 0.000000
0.113359 -0.304143 0.000000
-0.126654 -0.609378 0.000000
0.031150 -0.451202 0.000000
0.051965 -0.378584 0.000000
0.054457 -0.435359 0.000000
0.089249 -0.400476 0.000000
0.000000 0.000000 0.000000
-0.078928 -0.086976 0.000000
-0.083601 -0.024880 0.000000
-0.120117 -0.090835 0.000000
-0.130326 -0.138498 0.000000
-0.213930 -0.137548 0.000000
-0.187044 -0.117464 0.000000
-0.231399 -0.160051 0.000000
-0.246265 -0.164403 0.000000
-0.252277 -0.184191 0.000000
-0.265534 -0.149690 0.000000
-0.225609 -0.197069 0.000000
-0.193103 -0.249927 0.000000
-0.202474 -0.220054 0.000000
-0.170758 -0.194694 0.000000
-0.215222 -0.200817 0.000000
0.058131 -0.292529 0.000000
-0.267148 -0.192603 0.000000
0.043842 -0.342568 0.000000
-0.156684 -0.355616 0.000000
0.071215 -0.323663 0.000000
-0.016399 -0.401485 0.000000
-0.022496 -0.380537 0.000000
-0.065591 -0.375735 0.000000
0.056738 -0.399189 0.000000
-0.097116 -0.433240 0.000000
0.083232 -0.304558 0.000000
-0.046842 -0.404223 0.000000
-0.001828 -0.528157 0.000000
0.016802 -0.444945 0.000000
0.041945 -0.416652 0.000000
0.000000 0.000000 0.000000
-0.059022 -0.049286 0.000000
-0.072732 -0.071016 0.000000
-0.143149 -0.098899 0.000000
-0.141875 -0.092603 0.000000
-0.166729 -0.102314 0.000000
-0.209781 -0.131445 0.000000
-0.244468 -0.150561 0.000000
-0.215661 -0.145726 0.000000
-0.263105 -0.164007 0.000000
-0.202973 -0.193256 0.000000
-0.307108 -0.211162 0.000000
-0.157800 -0.132457 0.000000
-0.273463 -0.169325 0.000000
0.034783 -0.357359 0.000000
-0.315283 -0.186502 0.000000
0.017444 -0.306888 0.000000
-0.149581 -0.295508 0.000000
0.095997 -0.307809 0.000000
-0.165309 -0.253632 0.000000
0.064722 -0.332589 0.000000
-0.185888 -0.331071 0.000000
0.192401 -0.367580 0.000000
-0.084794 -0.408745 0.000000
0.080904 -0.431373 0.000000
-0.122082 -0.406290 0.000000
0.076978 -0.528396 0.000000
-0.077448 -0.501591 0.000000
0.093977 -0.391117 0.000000
-0.008177 -0.443413 0.000000
-0.004325 -0.417924 0.000000
0.000000 0.000000 0.000000
-0.069460 -0.088842 0.000000
-0.079564 -0.054718 0.000000
-0.091088 -0.069824 0.000000
-0.147769 -0.098012 0.000000
-0.205418 -0.116302 0.000000
-0.176376 -0.142194 0.000000
-0.245893 -0.109668 0.000000
-0.222125 -0.151478 0.000000
-0.296142 -0.160960 0.000000
-0.196009 -0.142579 0.000000
-0.269100 -0.200263 0.000000
-0.134739 -0.256223 0.000000
-0.261221 -0.293672 0.000000
-0.157150 -0.095934 0.000000
-0.153144 -0.254117 0.000000
-0.042573 -0.252844 0.000000
-0.184295 -0.247251 0.000000
0.055530 -0.326651 0.000000
-0.135139 -0.369498 0.000000
0.188886 -0.404216 0.000000
-0.208129 -0.311000 0.000000
0.092914 -0.461365 0.000000
-0.139353 -0.353678 0.000000
0.101328 -0.419172 0.000000
-0.016634 -0.397942 0.000000
-0.002879 -0.400684 0.000000
0.027219 -0.392054 0.000000
-0.091931 -0.459172 0.000000
-0.006583 -0.440141 0.000000
-0.029212 -0.409192 0.000000
0.000000 0.000000 0.000000
-0.032037 -0.012463 0.000000
-0.084275 -0.046102 0.000000
-0.118625 -0.075654 0.000000
-0.128211 -0.093962 0.000000
-0.178670 -0.062987 0.000000
-0.196645 -0.098593 0.000000
-0.235278 -0.129747 0.000000
-0.236114 -0.107923 0.000000
-0.234239 -0.179251 0.000000
-0.198715 -0.148352 0.000000
-0.277662 -0.199369 0.000000
-0.167334 -0.089469 0.000000
-0.190137 -0.197721 0.000000
-0.049070 -0.296735 0.000000
-0.237318 -0.248752 0.000000
0.040820 -0.274557 0.000000
-0.078109 -0.295434 0.000000
0.016826 -0.303125 0.000000
-0.023247 -0.236420 0.000000
-0.053224 -0.254412 0.000000
0.115682 -0.425559 0.000000
-0.105545 -0.234431 0.000000
0.088620 -0.416974 0.000000
-0.003897 -0.403198 0.000000
-0.061088 -0.427889 0.000000
0.041538 -0.412207 0.000000
-0.102983 -0.438036 0.000000
0.081944 -0.426712 0.000000
-0.063585 -0.405604 0.000000
-0.064961 -0.391681 0.000000
0.000000 0.000000 0.000000
-0.034353 -0.087451 0.000000
-0.067961 -0.052228 0.000000
-0.112143 -0.033152 0.000000
-0.141585 -0.050793 0.000000
-0.182236 -0.086751 0.000000
-0.189881 -0.107348 0.000000
-0.236865 -0.062474 0.000000
-0.193630 -0.098117 0.000000
-0.278002 -0.113913 0.000000
-0.201352 -0.110515 0.000000
-0.248101 -0.171670 0.000000
-0.124035 -0.209734 0.000000
-0.250956 -0.211613 0.000000
-0.098964 -0.143030 0.000000
-0.080272 -0.196627 0.000000
-0.116667 -0.227474 0.000000
0.034093 -0.257062 0.000000
-0.131918 -0.217177 0.000000
0.118913 -0.429755 0.000000
-0.007160 -0.393100 0.000000
-0.033859 -0.165105 0.000000
0.026089 -0.456517 0.000000
0.005062 -0.349514 0.000000
-0.031447 -0.355925 0.000000
0.052999 -0.318732 0.000000
-0.021654 -0.420302 0.000000
0.006245 -0.366191 0.000000
-0.101365 -0.351150 0.000000
-0.033445 -0.377626 0.000000
-0.086267 -0.371040 0.000000
0.000000 0.000000 0.000000
-0.040094 -0.001714 0.000000
-0.075250 0.011701 0.000000
-0.097584 -0.060068 0.000000
-0.121434 -0.066573 0.000000
-0.180980 -0.020126 0.000000
-0.181767 -0.042276 0.000000
-0.226823 -0.080588 0.000000
-0.217626 -0.083853 0.000000
-0.227320 -0.097335 0.000000
-0.193994 -0.111482 0.000000
-0.212576 -0.097996 0.000000
-0.203968 -0.107355 0.000000
-0.085954 -0.169490 0.000000
-0.157806 -0.199921 0.000000
-0.066863 -0.241528 0.000000
-0.068165 -0.211131 0.000000
-0.042322 -0.229137 0.000000
0.033539 -0.285496 0.000000
-0.085943 -0.068311 0.000000
0.056875 -0.310553 0.000000
0.081686 -0.383621 0.000000
0.011153 -0.278428 0.000000
0.048659 -0.263056 0.000000
-0.031937 -0.396511 0.000000
0.044315 -0.396871 0.000000
-0.099554 -0.294315 0.000000
0.039108 -0.366794 0.000000
-0.056881 -0.419009 0.000000
-0.063237 -0.367275 0.000000
-0.106213 -0.343719 0.000000
0.000000 0.000000 0.000000
-0.022090 -0.028539 0.000000
-0.062172 -0.023885 0.000000
-0.119409 -0.023404 0.000000
-0.138523 0.011456 0.000000
-0.158922 -0.040607 0.000000
-0.205212 -0.046755 0.000000
-0.204814 -0.033544 0.000000
-0.213812 -0.038076 0.000000
-0.197098 -0.046940 0.000000
-0.229860 -0.089139 0.000000
-0.160021 -0.135837 0.000000
-0.180113 -0.114745 0.000000
-0.138159 -0.126038 0.000000
-0.094221 -0.124031 0.000000
-0.089122 -0.131581 0.000000
-0.022648 -0.190235 0.000000
-0.023172 -0.221998 0.000000
-0.025285 -0.128973 0.000000
0.045810 -0.381555 0.000000
0.053890 -0.269129 0.000000
-0.073978 -0.123717 0.000000
0.105762 -0.365471 0.000000
0.009346 -0.311619 0.000000
0.053998 -0.272720 0.000000
-0.102600 -0.219703 0.000000
0.104736 -0.413633 0.000000
-0.094304 -0.315793 0.000000
-0.050144 -0.259648 0.000000
-0.077074 -0.326021 0.000000
-0.128872 -0.312659 0.000000
0.000000 0.000000 0.000000
-0.023614 -0.020848 0.000000
-0.081630 0.018209 0.000000
-0.078620 -0.003503 0.000000
-0.129968 -0.006414 0.000000
-0.188180 -0.015290 0.000000
-0.164401 0.037498 0.000000
-0.179310 -0.024862 0.000000
-0.218985 -0.043618 0.000000
-0.200900 -0.050516 0.000000
-0.178406 -0.008609 0.000000
-0.166444 -0.030567 0.000000
-0.135209 -0.072351 0.000000
-0.147419 -0.111048 0.000000
-0.064743 -0.114190 0.000000
-0.060401 -0.180445 0.000000
-0.047295 -0.093057 0.000000
0.015959 -0.197958 0.000000
0.021414 -0.151361 0.000000
0.014413 -0.131341 0.000000
0.024672 -0.167309 0.000000
0.054352 -0.302354 0.000000
0.065446 -0.190143 0.000000
-0.041061 -0.194241 0.000000
0.084964 -0.317259 0.000000
-0.016508 -0.304015 0.000000
-0.038298 -0.245898 0.000000
-0.007662 -0.280997 0.000000
-0.063990 -0.362813 0.000000
-0.095275 -0.301239 0.000000
-0.132874 -0.282283 0.000000
0.000000 0.000000 0.000000
-0.026324 0.055790 0.000000
-0.090874 0.025842 0.000000
-0.091636 0.003150 0.000000
-0.146173 0.048232 0.000000
-0.151602 0.032034 0.000000
-0.178988 -0.013249 0.000000
-0.226780 0.050472 0.000000
-0.176522 0.027464 0.000000
-0.169715 0.005361 0.000000
-0.187553 -0.036741 0.000000
-0.165114 -0.067060 0.000000
-0.132302 -0.019102 0.000000
-0.088245 -0.068074 0.000000
-0.101348 -0.067750 0.000000
-0.060760 -0.068888 0.000000
0.008019 -0.134635 0.000000
-0.037570 -0.127470 0.000000
0.065037 -0.177326 0.000000
-0.021402 -0.186742 0.000000
0.092658 -0.163710 0.000000
0.010406 -0.180294 0.000000
0.048878 -0.211316 0.000000
0.046914 -0.237086 0.000000
0.014980 -0.189640 0.000000
0.005935 -0.215812 0.000000
0.024532 -0.280617 0.000000
-0.076238 -0.242402 0.000000
-0.040790 -0.212606 0.000000
-0.123951 -0.261425 0.000000
-0.155461 -0.251536 0.000000
0.000000 0.000000 0.000000
-0.027327 -0.028635 0.000000
-0.082399 0.035264 0.000000
-0.088871 0.049154 0.000000
-0.141431 0.045358 0.000000
-0.118212 0.019298 0.000000
-0.260422 0.112210 0.000000
-0.111601 -0.016060 0.000000
-0.179584 0.032008 0.000000
-0.219822 0.003410 0.000000
-0.113452 0.072535 0.000000
-0.149793 0.012361 0.000000
-0.089126 -0.008929 0.000000
-0.135367 -0.034677 0.000000
-0.018422 -0.037578 0.000000
-0.044123 -0.072348 0.000000
-0.010757 -0.083756 0.000000
-0.002801 -0.069939 0.000000
0.065791 -0.077447 0.000000
0.011932 -0.059301 0.000000
0.089414 -0.189964 0.000000
-0.002124 -0.054275 0.000000
0.103887 -0.173697 0.000000
0.020529 -0.156230 0.000000
0.020813 -0.186826 0.000000
0.028659 -0.188430 0.000000
-0.048326 -0.181449 0.000000
-0.008348 -0.217518 0.000000
-0.095520 -0.230859 0.000000
-0.079384 -0.228883 0.000000
-0.174114 -0.213383 0.000000
0.000000 0.000000 0.000000
-0.048994 0.104399 0.000000
-0.081858 0.047404 0.000000
-0.087104 0.027224 0.000000
-0.139616 0.067078 0.000000
-0.171830 0.091652 0.000000
-0.141232 0.034108 0.000000
-0.205550 0.091202 0.000000
-0.172196 0.084139 0.000000
-0.173000 0.043186 0.000000
-0.115592 0.023467 0.000000
-0.199039 0.023478 0.000000
-0.034697 0.017496 0.000000
-0.128158 0.007984 0.000000
-0.019746 -0.001885 0.000000
-0.055700 -0.023122 0.000000
0.009164 -0.008993 0.000000
0.037635 -0.079080 0.000000
-0.015788 -0.085187 0.000000
0.138113 -0.143857 0.000000
-0.037653 -0.021248 0.000000
0.152960 -0.197184 0.000000
-0.027112 -0.096798 0.000000
0.099041 -0.095898 0.000000
0.013012 -0.153989 0.000000
0.039489 -0.160493 0.000000
-0.002698 -0.158180 0.000000
-0.038709 -0.151229 0.000000
-0.056865 -0.169543 0.000000
-0.115686 -0.174277 0.000000
-0.180972 -0.173631 0.000000
0.000000 0.000000 0.000000
-0.039977 -0.004705 0.000000
-0.090080 0.066574 0.000000
-0.090354 0.069129 0.000000
-0.109339 0.075939 0.000000
-0.152433 0.057327 0.000000
-0.172028 0.096932 0.000000
-0.159800 0.071178 0.000000
-0.163853 0.044702 0.000000
-0.128160 0.087596 0.000000
-0.196369 0.075944 0.000000
-0.038405 0.033560 0.000000
-0.136713 0.082001 0.000000
-0.043359 -0.003953 0.000000
-0.062571 0.009120 0.000000
0.004473 -0.003235 0.000000
-0.013940 -0.037174 0.000000
0.030861 -0.018821 0.000000
0.063650 0.007152 0.000000
0.018040 -0.037128 0.000000
0.066641 -0.081392 0.000000
0.049560 0.009212 0.000000
0.037934 -0.066600 0.000000
0.086185 -0.158762 0.000000
0.005617 -0.074353 0.000000
0.025371 -0.072670 0.000000
-0.022564 -0.133084 0.000000
-0.046238 -0.130343 0.000000
-0.061998 -0.113803 0.000000
-0.095315 -0.128602 0.000000
-0.184859 -0.129481 0.000000
0.000000 0.000000 0.000000
-0.061704 0.079480 0.000000
-0.095915 0.061479 0.000000
-0.079906 0.039800 0.000000
-0.150782 0.114368 0.000000
-0.139136 0.075164 0.000000
-0.177076 0.100629 0.000000
-0.123959 0.113312 0.000000
-0.210011 0.087012 0.000000
-0.077728 0.073142 0.000000
-0.169976 0.072585 0.000000
-0.062691 0.071688 0.000000
-0.136514 0.022008 0.000000
0.039016 0.076627 0.000000
-0.095470 0.051203 0.000000
0.028397 0.023061 0.000000
-0.013920 0.052119 0.000000
0.040541 0.011734 0.000000
0.047603 -0.043557 0.000000
0.054127 0.003383 0.000000
0.099206 0.009204 0.000000
0.016450 -0.057702 0.000000
0.113955 -0.056975 0.000000
-0.037758 0.091179 0.000000
0.112070 -0.098563 0.000000
0.011018 -0.061367 0.000000
0.015398 -0.020344 0.000000
-0.024726 -0.054821 0.000000
-0.064585 -0.080292 0.000000
-0.095330 -0.075794 0.000000
-0.178338 -0.086977 0.000000
0.000000 0.000000 0.000000
-0.051730 0.088185 0.000000
-0.103280 0.069748 0.000000
-0.081861 0.041271 0.000000
-0.124188 0.112648 0.000000
-0.146375 0.089679 0.000000
-0.162425 0.078410 0.000000
-0.122850 0.067329 0.000000
-0.175972 0.111579 0.000000
-0.108959 0.092126 0.000000
-0.144186 0.072557 0.000000
-0.053587 0.075637 0.000000
-0.110285 0.075761 0.000000
-0.032504 0.056285 0.000000
-0.026813 0.000543 0.000000
0.004239 0.094856 0.000000
0.004300 -0.036424 0.000000
0.033002 0.040744 0.000000
0.038228 0.037113 0.000000
0.044561 0.017507 0.000000
0.068344 -0.022173 0.000000
0.036390 0.010350 0.000000
0.082582 0.055202 0.000000
0.039096 -0.110278 0.000000
0.027544 -0.017198 0.000000
-0.006656 0.027310 0.000000
0.040923 -0.088014 0.000000
-0.055655 -0.027954 0.000000
-0.040537 -0.015666 0.000000
-0.093884 -0.032037 0.000000
-0.160517 -0.041916 0.000000
0.000000 0.000000 0.000000
-0.053708 0.031763 0.000000
-0.087818 0.070267 0.000000
-0.070733 0.109432 0.000000
-0.115398 0.069006 0.000000
-0.121493 0.069660 0.000000
-0.136539 0.133351 0.000000
-0.131800 0.094485 0.000000
-0.110796 0.064006 0.000000
-0.113968 0.064948 0.000000
-0.087886 0.097992 0.000000
-0.077986 0.058713 0.000000
-0.047167 0.053706 0.000000
-0.025682 0.050792 0.000000
-0.047145 0.076823 0.000000
0.010917 0.048503 0.000000
0.022343 0.054888 0.000000
0.015724 0.047279 0.000000
0.047795 0.027775 0.000000
0.056010 0.012802 0.000000
0.064014 0.075961 0.000000
0.050762 0.021560 0.000000
0.051637 0.002482 0.000000
0.042440 0.078710 0.000000
0.032841 0.027133 0.000000
0.041409 -0.006702 0.000000
-0.047144 0.057623 0.000000
-0.001667 0.024953 0.000000
-0.065715 0.005899 0.000000
-0.080261 0.014763 0.000000
-0.142142 -0.007577 0.000000
0.000000 0.000000 0.000000
-0.083762 0.110250 0.000000
-0.093390 0.059266 0.000000
-0.099606 0.032428 0.000000
-0.132210 0.163004 0.000000
-0.129157 0.071790 0.000000
-0.128129 0.060061 0.000000
-0.139272 0.080660 0.000000
-0.115701 0.118602 0.000000
-0.130509 0.070617 0.000000
-0.076267 0.069865 0.000000
-0.098617 0.068866 0.000000
-0.039295 0.074160 0.000000
-0.047571 0.054488 0.000000
-0.004574 0.024932 0.000000
-0.014298 0.068760 0.000000
0.012984 0.038333 0.000000
0.032262 0.061044 0.000000
0.002918 -0.000276 0.000000
0.091052 0.146960 0.000000
0.004960 0.010602 0.000000
0.070800 0.048604 0.000000
0.011036 0.106326 0.000000
0.079886 0.038537 0.000000
0.021434 0.057244 0.000000
-0.017126 0.096072 0.000000
0.046140 0.078667 0.000000
-0.023200 0.049219 0.000000
-0.038713 0.059037 0.000000
-0.053484 0.051744 0.000000
-0.107986 0.028024 0.000000
0.000000 0.000000 0.000000
-0.026572 0.016287 0.000000
-0.097888 0.074363 0.000000
-0.019492 0.041625 0.000000
-0.060232 0.018778 0.000000
-0.129876 0.056906 0.000000
-0.068614 0.102076 0.000000
-0.127121 0.037202 0.000000
-0.054139 0.030004 0.000000
-0.120233 0.065600 0.000000
-0.034764 0.041077 0.000000
-0.092893 0.023800 0.000000
0.011292 0.034910 0.000000
-0.089667 0.048401 0.000000
0.033548 0.037914 0.000000
-0.025530 0.019501 0.000000
0.014939 0.019020 0.000000
0.008310 0.044602 0.000000
0.056302 0.029737 0.000000
-0.021760 -0.032597 0.000000
0.070418 0.035711 0.000000
0.031625 0.081950 0.000000
0.039513 -0.012607 0.000000
-0.014416 0.044332 0.000000
0.071851 0.042231 0.000000
-0.035032 0.043385 0.000000
0.021263 0.001198 0.000000
-0.058113 0.037835 0.000000
-0.014224 0.070355 0.000000
-0.081201 0.063579 0.000000
-0.087313 0.045853 0.000000
0.000000 0.000000 0.000000
-0.069150 0.082963 0.000000
-0.074529 0.041081 0.000000
-0.061952 0.077404 0.000000
-0.096859 0.109691 0.000000
-0.083239 0.066708 0.000000
-0.057889 0.036954 0.000000
-0.105762 0.093557 0.000000
-0.059314 0.056983 0.000000
-0.077172 0.025217 0.000000
-0.024979 0.052057 0.000000
-0.075414 0.050217 0.000000
-0.005360 0.027170 0.000000
-0.031866 0.028200 0.000000
0.014741 0.029663 0.000000
-0.033761 0.060496 0.000000
0.057308 0.051585 0.000000
-0.014468 0.029840 0.000000
0.030156 0.069015 0.000000
0.030186 0.088581 0.000000
0.041917 0.083408 0.000000
0.017655 0.031005 0.000000
0.000763 0.127258 0.000000
0.085350 0.092583 0.000000
-0.004027 0.096850 0.000000
0.021688 0.068969 0.000000
-0.018507 0.144736 0.000000
0.024877 0.107405 0.000000
-0.055161 0.076249 0.000000
-0.019512 0.074171 0.000000
-0.032296 0.044026 0.000000
0.000000 0.000000 0.000000
-0.030594 0.073198 0.000000
-0.112570 0.075333 0.000000
-0.033500 0.040060 0.000000
-0.073008 0.063128 0.000000
-0.095617 0.049207 0.000000
-0.077172 0.058659 0.000000
-0.093388 0.040608 0.000000
-0.056898 0.027382 0.000000
-0.084353 0.039979 0.000000
-0.062761 0.017386 0.000000
-0.040360 0.006228 0.000000
-0.044129 0.016173 0.000000
-0.030226 0.015838 0.000000
-0.001750 0.011215 0.000000
-0.032512 -0.002593 0.000000
0.008671 0.008721 0.000000
0.002826 0.026682 0.000000
0.011770 0.016020 0.000000
0.007889 0.002438 0.000000
0.015525 0.036061 0.000000
0.017916 0.049619 0.000000
0.004418 0.039961 0.000000
0.022622 0.016626 0.000000
-0.007633 0.081964 0.000000
0.004722 0.076963 0.000000
-0.033189 0.055262 0.000000
-0.008139 0.055129 0.000000
-0.030621 0.077106 0.000000
-0.047791 0.054531 0.000000
-0.028963 0.042971 0.000000
0.000000 0.000000 0.000000
0.000000 0.000000 0.000000
0.000000 0.000000 0.000000
0.000000 0.000000 0.000000
0.000000 0.000000 0.000000
0.000000 0.000000 0.000000
0.000000 0.000000 0.000000
0.000000 0.000000 0.000000
0.000000 0.000000 0.000000
0.000000 0.000000 0.000000
0.000000 0.000000 0.000000
0.000000 0.000000 0.000000
0.000000 0.000000 0.000000
0.000000 0.000000 0.000000
0.000000 0.000000 0.000000
0.000000 0.000000 0.000000
0.000000 0.000000 0.000000
0.000000 0.000000 0.000000
0.000000 0.000000 0.000000
0.000000 0.000000 0.000000
0.000000 0.000000 0.000000
0.000000 0.000000 0.000000
0.000000 0.000000 0.000000
0.000000 0.000000 0.000000
0.000000 0.000000 0.000000
0.000000 0.000000 0.000000
0.000000 0.000000 0.000000
0.000000 0.000000 0.000000
0.000000 0.000000 0.000000
0.000000 0.000000 0.000000
0.000000 0.000000 0.000000

SCALARS glob_density_err double 1
LOOKUP_TABLE default
1.946824e+07
1.957732e+07
1.955616e+07
1.957498e+07
1.959325e+07
1.959784e+07
1.956290e+07
1.956883e+07
1.961815e+07
1.962052e+07
1.960793e+07
1.964559e+07
1.960358e+07
1.961921e+07
1.963596e+07
1.972261e+07
1.956715e+07
1.964102e+07
1.947371e+07
1.957142e+07
1.945971e+07
1.956315e+07
1.962562e+07
1.961228e+07
1.973978e+07
1.958817e+07
1.934377e+07
1.961025e+07
1.980792e+07
1.980553e+07
1.951851e+07
1.947646e+07
1.954517e+07
1.961068e+07
1.958341e+07
1.956622e+07
1.960520e+07
1.962118e+07
1.962580e+07
1.960966e+07
1.961791e+07
1.955437e+07
1.963641e+07
1.958680e+07
1.970839e+07
1.951117e+07
1.958529e+07
1.943867e+07
1.975877e+07
1.989399e+07
1.989146e+07
1.950477e+07
1.941612e+07
1.947340e+07
1.967875e+07
2.033173e+07
1.941065e+07
1.943619e+07
1.957946e+07
1.944713e+07
1.989126e+07
1.977427e+07
1.953006e+07
1.966802e+07
1.957510e+07
1.957082e+07
1.963325e+07
1.955504e+07
1.957882e+07
1.966547e+07
1.950845e+07
1.965904e+07
1.962856e+07
1.965756e+07
1.952400e+07
1.968884e+07
1.947236e+07
2.007809e+07
1.936283e+07
1.982983e+07
1.894412e+07
1.979893e+07
1.954397e+07
1.951160e+07
1.968179e+07
1.948503e+07
2.039442e+07
1.861338e+07
1.903889e+07
1.956610e+07
1.948779e+07
1.950302e+07
1.936361e+07
1.959745e+07
1.959378e+07
1.952309e+07
1.966821e+07
1.965003e+07
1.966837e+07
1.962961e+07
1.958455e+07
1.961878e+07
1.967543e+07
1.945751e+07
1.969734e+07
1.951770e+07
1.979420e+07
1.939151e+07
1.964676e+07
1.923891e+07
1.986413e+07
1.909363e+07
2.075151e+07
1.910517e+07
1.963006e+07
1.990846e+07
1.971030e+07
2.004064e+07
1.898541e+07
1.997864e+07
1.988984e+07
1.937084e+07
2.013925e+07
1.975079e+07
1.962094e+07
1.962254e+07
1.972346e+07
1.970233e+07
1.949426e+07
1.963406e+07
1.958330e+07
1.964813e+07
1.959725e+07
1.963365e+07
1.948699e+07
1.981153e+07
1.938618e+07
1.974434e+07
1.948430e+07
1.978024e+07
1.928395e+07
2.032819e+07
1.857902e+07
1.953490e+07
1.922053e+07
1.970704e+07
1.930572e+07
1.960147e+07
1.967888e+07
2.019781e+07
1.968494e+07
1.940142e+07
2.019136e+07
1.966481e+07
1.951518e+07
1.967659e+07
1.960905e+07
1.951821e+07
1.954330e+07
1.976145e+07
1.975082e+07
1.944916e+07
1.974193e+07
1.940682e+07
1.973370e+07
1.957199e+07
1.965904e+07
1.946895e+07
1.986622e+07
1.907268e+07
2.008752e+07
1.899596e+07
2.002990e+07
1.903240e+07
2.057001e+07
1.921242e+07
1.971365e+07
1.958786e+07
1.987127e+07
1.960607e+07
1.979727e+07
1.978006e+07
1.923582e+07
1.931261e+07
1.941482e+07
1.954550e+07
1.963246e+07
1.963828e+07
1.970211e+07
1.980920e+07
1.940801e+07
1.960989e+07
1.952393e+07
1.975205e+07
1.952683e+07
1.976906e+07
1.947157e+07
1.973026e+07
1.954308e+07
1.964694e+07
1.956375e+07
1.995767e+07
1.943930e+07
2.041286e+07
1.914093e+07
2.009728e+07
1.963763e+07
1.949436e+07
1.940690e+07
1.951797e+07
1.976511e+07
1.991807e+07
1.956960e+07
1.941026e+07
1.958143e+07
1.951410e+07
1.959142e+07
1.958693e+07
1.961216e+07
1.954459e+07
1.951378e+07
1.973012e+07
1.982254e+07
1.952397e+07
1.959921e+07
1.951066e+07
1.969400e+07
1.934060e+07
1.963679e+07
1.952931e+07
1.968609e+07
1.970595e+07
1.984788e+07
1.967692e+07
1.984940e+07
1.978633e+07
1.946515e+07
1.926601e+07
1.969874e+07
1.988556e+07
1.958487e+07
1.975392e+07
1.927949e+07
1.967396e+07
1.988030e+07
1.961714e+07
1.982668e+07
1.946190e+07
1.959297e+07
1.967902e+07
1.954606e+07
1.969822e+07
1.968058e+07
1.941790e+07
1.970522e+07
1.968955e+07
1.970460e+07
1.978747e+07
1.938952e+07
1.971016e+07
1.937559e+07
1.971596e+07
1.999475e+07
1.927394e+07
1.987083e+07
1.981248e+07
1.901112e+07
1.992436e+07
1.947290e+07
1.968436e+07
1.949669e+07
1.962993e+07
1.972798e+07
1.926549e+07
1.983468e+07
1.963928e+07
1.936613e+07
1.969839e+07
1.967977e+07
1.962801e+07
1.960106e+07
1.960660e+07
1.961220e+07
1.945397e+07
1.985068e+07
1.956523e+07
1.960930e+07
1.943739e+07
1.966656e+07
1.984604e+07
1.950935e+07
1.963363e+07
1.993746e+07
1.947407e+07
1.913947e+07
1.973268e+07
1.967709e+07
1.958979e+07
1.959127e+07
1.950552e+07
1.968628e+07
1.966021e+07
1.956050e+07
2.016669e+07
1.924320e+07
1.925916e+07
1.975591e+07
1.975622e+07
1.960474e+07
1.950425e+07
1.962744e+07
1.958260e+07
1.962639e+07
1.966262e+07
1.959123e+07
1.962219e+07
1.941638e+07
1.968456e+07
1.974409e+07
1.958976e+07
1.971708e+07
1.963977e+07
1.955143e+07
1.927073e+07
1.977177e+07
1.974687e+07
1.957599e+07
1.995268e+07
1.950655e+07
1.967665e+07
1.952424e+07
1.955545e+07
1.960417e+07
1.956441e+07
1.964391e+07
1.993404e+07
1.911067e+07
1.935622e+07
1.997876e+07
1.978708e+07
1.956536e+07
1.960754e+07
1.968033e+07
1.968350e+07
1.956468e+07
1.958947e+07
1.945123e+07
1.979244e+07
1.971058e+07
1.944627e+07
1.964690e+07
1.947187e+07
1.976843e+07
1.945772e+07
1.974240e+07
1.961026e+07
1.975454e+07
1.982898e+07
1.928232e+07
1.991765e+07
1.937610e+07
1.951019e+07
1.960830e+07
1.957120e+07
1.964532e+07
1.926616e+07
1.979564e+07
1.994687e+07
1.988735e+07
1.942152e+07
1.958773e+07
1.981680e+07
1.968312e+07
1.959312e+07
1.955726e+07
1.952727e+07
1.977457e+07
1.956657e+07
1.949254e+07
1.949987e+07
1.976624e+07
1.973913e+07
1.948365e+07
1.970318e+07
1.953602e+07
1.955262e+07
1.964503e+07
1.918996e+07
1.963402e+07
1.940967e+07
1.945181e+07
1.967241e+07
1.927030e+07
1.975037e+07
1.948338e+07
1.958644e+07
1.980763e+07
1.982140e+07
1.949573e+07
1.883853e+07
1.989865e+07
1.925542e+07
1.949528e+07
1.968958e+07
1.958528e+07
1.971929e+07
1.972785e+07
1.943481e+07
1.954468e+07
1.966650e+07
1.967540e+07
1.955271e+07
1.933657e+07
1.977876e+07
1.958037e+07
1.973287e+07
1.974947e+07
1.934336e+07
1.986259e+07
1.952607e+07
1.978981e+07
2.037103e+07
1.952173e+07
1.966207e+07
1.970741e+07
1.951450e+07
1.956487e+07
1.970519e+07
1.960111e+07
1.975648e+07
2.002708e+07
1.998868e+07
2.015338e+07
1.981904e+07
1.965586e+07
1.965973e+07
1.963973e+07
1.941324e+07
1.977660e+07
1.967769e+07
1.946869e+07
1.947310e+07
1.974833e+07
1.970243e+07
1.966631e+07
1.952861e+07
1.952584e+07
1.960271e+07
1.982570e+07
1.927731e+07
1.949950e+07
2.033913e+07
2.073100e+07
1.923306e+07
1.919488e+07
1.938510e+07
1.951267e+07
1.979941e+07
1.981191e+07
1.911126e+07
1.983569e+07
1.945623e+07
1.941132e+07
1.938650e+07
1.979964e+07
1.966088e+07
1.966420e+07
1.961821e+07
1.969690e+07
1.963921e+07
1.936227e+07
1.969993e+07
1.979883e+07
1.941489e+07
1.943981e+07
1.967232e+07
1.957575e+07
1.983694e+07
1.934604e+07
1.992768e+07
1.930373e+07
2.019412e+07
1.891155e+07
1.870683e+07
2.032615e+07
1.933342e+07
1.950482e+07
1.976934e+07
1.933497e+07
1.993592e+07
1.990536e+07
1.959223e+07
1.970733e+07
1.929635e+07
1.958609e+07
1.946981e+07
1.962282e+07
1.960886e+07
1.961995e+07
1.950387e+07
1.959707e+07
1.972493e+07
1.963604e+07
1.943041e+07
1.974360e+07
1.966013e+07
1.957293e+07
1.934243e+07
1.981013e+07
1.940096e+07
1.955049e+07
1.984748e+07
1.934719e+07
2.026474e+07
2.021290e+07
1.950022e+07
1.935041e+07
1.960817e+07
1.993244e+07
1.971568e+07
1.941778e+07
1.970763e+07
1.979702e+07
1.947685e+07
1.941024e+07
1.964202e+07
1.960247e+07
1.960961e+07
1.961841e+07
1.968336e+07
1.964078e+07
1.971406e+07
1.950981e+07
1.958055e+07
1.962657e+07
1.970379e+07
1.931402e+07
1.968327e+07
1.978451e+07
1.941176e+07
1.978360e+07
1.960828e+07
1.953512e+07
1.948769e+07
2.003571e+07
1.884270e+07
1.901962e+07
1.966829e+07
1.956718e+07
1.961950e+07
1.932331e+07
1.956540e+07
1.976621e+07
1.974595e+07
1.949900e+07
1.988649e+07
1.963204e+07
1.966496e+07
1.965938e+07
1.960088e+07
1.954459e+07
1.966357e+07
1.956369e+07
1.965731e+07
1.974864e+07
1.952316e+07
1.951851e+07
1.984759e+07
1.956354e+07
1.941830e+07
1.965793e+07
1.962670e+07
1.921270e+07
2.008420e+07
1.884836e+07
2.003189e+07
1.923034e+07
1.980029e+07
1.936786e+07
1.936609e+07
1.960502e+07
1.977012e+07
1.982000e+07
1.934305e+07
1.999077e+07
1.991574e+07
1.950280e+07
1.952767e+07
1.956903e+07
1.962835e+07
1.957395e+07
1.967216e+07
1.970369e+07
1.953016e+07
1.975537e+07
1.941007e+07
1.973486e+07
1.950945e+07
1.958385e+07
1.940127e+07
1.977870e+07
1.940978e+07
1.980535e+07
1.942920e+07
1.981213e+07
1.929959e+07
1.989318e+07
1.956031e+07
2.049884e+07
1.929792e+07
1.994813e+07
1.963454e+07
1.948716e+07
1.975135e+07
1.980089e+07
1.931570e+07
1.930099e+07
1.951287e+07
1.971352e+07
1.942707e+07
1.961356e+07
1.964524e+07
1.958852e+07
1.952186e+07
1.964058e+07
1.960568e+07
1.961039e+07
1.976434e+07
1.944597e+07
1.970942e+07
1.943195e+07
1.986527e+07
1.934285e+07
1.953975e+07
1.958300e+07
1.963592e+07
1.967054e+07
1.992338e+07
1.913182e+07
1.968495e+07
1.969106e+07
1.945989e+07
1.963666e+07
1.976329e+07
1.952063e+07
1.918471e+07
1.960089e+07
1.975587e+07
1.995889e+07
1.939315e+07
1.937578e+07
1.961017e+07
1.965712e+07
1.960972e+07
1.961886e+07
1.973928e+07
1.950658e+07
1.963157e+07
1.946640e+07
1.959753e+07
1.976157e+07
1.966725e+07
1.934978e+07
1.978308e+07
1.969263e+07
1.958226e+07
1.979497e+07
1.946332e+07
1.984259e+07
1.917787e+07
2.004215e+07
1.953351e+07
1.968191e+07
1.946818e+07
1.948044e+07
1.973539e+07
1.965961e+07
1.927456e+07
1.984220e+07
1.893778e+07
1.946938e+07
1.980575e+07
1.960401e+07
1.960776e+07
1.960787e+07
1.963391e+07
1.947470e+07
1.969407e+07
1.952595e+07
1.967853e+07
1.974277e+07
1.930172e+07
1.965660e+07
1.953295e+07
1.974907e+07
1.952567e+07
1.946270e+07
1.965380e+07
1.930232e+07
1.927148e+07
1.996468e+07
1.976025e+07
1.965219e+07
1.954995e+07
1.986371e+07
1.977712e+07
1.947269e+07
1.968489e+07
2.041509e+07
1.908517e+07
2.023191e+07
1.891689e+07
1.964490e+07
1.962301e+07
1.965793e+07
1.961042e+07
1.963068e+07
1.966383e+07
1.965489e+07
1.951627e+07
1.943789e+07
1.960743e+07
1.970829e+07
1.957536e+07
1.969239e+07
1.931615e+07
1.999354e+07
1.967298e+07
1.948995e+07
1.983967e+07
1.983659e+07
1.909636e+07
1.971750e+07
1.965740e+07
1.961413e+07
1.996033e+07
1.961000e+07
1.967680e+07
1.974458e+07
1.958918e+07
1.900971e+07
1.996037e+07
1.960558e+07
1.985945e+07
1.959787e+07
1.962584e+07
1.956480e+07
1.957097e+07
1.956618e+07
1.952709e+07
1.970288e+07
1.979835e+07
1.945300e+07
1.966895e+07
1.926986e+07
1.978257e+07
1.985327e+07
1.941603e+07
1.940062e+07
1.980022e+07
1.954047e+07
1.958651e+07
1.993265e+07
2.005027e+07
1.947340e+07
1.955385e+07
1.936461e+07
1.930815e+07
1.971326e+07
1.975775e+07
2.011713e+07
1.913120e+07
1.984433e+07
1.956658e+07
1.977623e+07
1.965359e+07
1.963800e+07
1.963017e+07
1.970097e+07
1.958061e+07
1.972726e+07
1.941838e+07
1.960225e+07
1.947710e+07
1.968493e+07
1.974742e+07
1.937443e+07
1.911214e+07
1.981961e+07
1.990453e+07
1.962703e+07
1.927909e+07
2.005860e+07
1.900647e+07
1.960929e+07
1.962456e+07
1.944230e+07
1.976998e+07
1.967056e+07
1.949761e+07
1.969863e+07
1.943822e+07
1.950634e+07
1.947169e+07
1.941810e+07
1.946812e+07
1.962550e+07
1.963122e+07
1.952377e+07
1.959610e+07
1.948122e+07
1.974554e+07
1.953186e+07
1.960206e+07
1.988101e+07
1.942260e+07
1.934217e+07
1.991679e+07
1.972327e+07
1.951340e+07
1.917258e+07
1.993438e+07
1.981639e+07
1.994959e+07
1.949141e+07
1.980484e+07
1.966823e+07
2.045137e+07
1.967023e+07
1.931164e+07
1.973030e+07
1.965398e+07
1.980089e+07
1.981160e+07
1.989869e+07
1.948329e+07
1.981564e+07
1.959860e+07
1.968766e+07
1.965528e+07
1.968773e+07
1.965008e+07
1.950008e+07
1.971423e+07
1.958073e+07
1.920816e+07
1.979023e+07
1.984473e+07
1.930893e+07
1.931310e+07
1.971831e+07
1.979078e+07
1.952309e+07
1.914073e+07
1.991428e+07
1.933027e+07
1.973241e+07
1.951924e+07
1.957455e+07
1.973056e+07
1.967438e+07
1.983363e+07
1.978574e+07
1.950821e+07
1.967572e+07
1.949939e+07
1.911875e+07
1.967233e+07
1.960234e+07
1.963582e+07
1.949561e+07
1.963415e+07
1.964494e+07
1.972027e+07
1.931774e+07
1.979748e+07
1.971556e+07
1.948516e+07
1.928319e+07
1.981306e+07
1.986599e+07
1.936516e+07
1.957840e+07
1.916362e+07
1.978337e+07
1.960987e+07
1.956296e+07
1.977101e+07
1.952903e+07
1.983137e+07
1.954503e+07
1.960376e+07
2.001916e+07
1.922246e+07
1.954548e+07
1.975967e+07
1.971821e+07
1.951404e+07
1.941157e+07
1.962093e+07
1.960810e+07
1.967302e+07
1.976145e+07
1.944945e+07
1.963578e+07
1.969364e+07
1.945300e+07
1.939964e+07
1.970576e+07
1.973554e+07
1.942658e+07
1.942487e+07
1.965605e+07
1.957548e+07
1.976583e+07
1.919085e+07
1.928420e+07
1.977186e+07
1.977109e+07
1.968072e+07
1.966375e+07
1.962127e+07
1.998748e+07
1.999715e+07
1.996201e+07
1.964975e+07
1.984083e+07
1.981279e+07
1.971087e+07
1.990805e+07
1.962523e+07
1.959744e+07
1.950871e+07
1.958425e+07
1.975219e+07
1.951203e+07
1.960703e+07
1.965480e+07
1.960166e+07
1.947434e+07
1.969467e+07
1.959580e+07
1.956137e+07
1.982199e+07
1.931410e+07
1.979483e+07
1.920123e+07
2.004924e+07
1.936052e+07
1.977308e+07
1.972780e+07
1.989706e+07
1.938483e+07
1.970933e+07
1.953130e+07
1.950749e+07
1.996904e+07
1.938991e+07
1.932588e+07
1.957948e+07
1.950324e+07
1.960549e+07
1.960543e+07
1.979881e+07
1.957942e+07
1.961998e+07
1.946090e+07
1.958489e+07
1.952123e+07
1.972873e+07
1.968955e+07
1.939336e+07
1.979561e+07
1.953625e+07
1.952858e+07
1.962479e+07
1.933851e+07
1.959594e+07
1.946663e+07
1.965563e+07
1.957453e+07
1.947280e+07
1.964825e+07
1.983773e+07
1.921443e+07
1.980658e+07
1.918268e+07
1.926427e+07
1.964992e+07
1.988589e+07
1.886314e+07
1.950263e+07
1.966182e+07
1.964013e+07
1.949466e+07
1.962831e+07
1.959958e+07
1.972578e+07
1.969486e+07
1.950690e+07
1.935795e+07
1.976382e+07
1.968007e+07
1.949318e+07
1.921362e+07
1.981395e+07
1.965791e+07
1.974587e+07
1.969231e+07
1.929527e+07
1.982009e+07
1.974416e+07
1.977584e+07
2.130513e+07
1.990914e+07
1.982489e+07
1.930888e+07
1.998912e+07
1.945614e+07
1.988535e+07
1.970473e+07
1.979186e+07
1.956164e+07
1.969528e+07
1.968060e+07
1.967214e+07
1.971125e+07
1.962052e+07
1.937586e+07
1.927618e+07
1.982690e+07
1.976078e+07
1.942123e+07
1.940494e+07
1.985900e+07
1.980377e+07
1.945437e+07
1.924540e+07
1.962831e+07
1.977857e+07
1.935965e+07
1.993452e+07
1.973274e+07
1.955722e+07
1.951354e+07
1.961757e+07
1.954838e+07
1.933014e+07
1.944530e+07
1.957115e+07
1.940271e+07
1.918406e+07
1.923082e+07
1.969708e+07
1.964444e+07
1.961268e+07
1.960692e+07
1.947328e+07
1.956283e+07
1.994361e+07
1.968065e+07
1.944770e+07
1.935699e+07
1.983760e+07
1.972732e+07
1.941429e+07
1.931226e+07
1.980261e+07
1.954538e+07
1.971806e+07
1.912064e+07
1.988193e+07
1.901521e+07
1.950254e+07
1.961199e+07
1.950760e+07
1.963090e+07
2.015010e+07
1.968697e+07
1.979210e+07
1.978105e+07
1.955388e+07
1.928219e+07
1.994078e+07
1.979660e+07
1.967264e+07
1.960606e+07
1.970933e+07
1.969917e+07
1.975355e+07
1.923261e+07
1.936241e+07
1.985125e+07
1.974865e+07
1.940270e+07
1.927523e+07
2.002724e+07
1.967875e+07
1.955305e+07
1.940933e+07
1.988342e+07
1.939884e+07
1.983771e+07
1.934019e+07
2.013597e+07
1.950238e+07
1.955060e+07
1.933937e+07
1.961966e+07
1.967242e+07
1.960826e+07
1.985450e+07
1.971435e+07
1.940369e+07
1.960264e+07
1.984842e+07
1.960732e+07
1.960755e+07
1.956239e+07
1.952883e+07
1.964327e+07
2.000106e+07
1.979944e+07
1.921554e+07
1.932358e+07
1.986981e+07
1.955535e+07
1.946240e+07
1.930016e+07
1.981183e+07
1.958050e+07
1.951470e+07
2.001410e+07
2.005536e+07
1.991404e+07
1.989847e+07
2.125226e+07
1.928839e+07
1.967297e+07
1.958212e+07
1.962004e+07
1.979283e+07
2.001621e+07
1.955517e+07
1.917485e+07
1.951731e+07
1.948539e+07
1.963007e+07
1.960267e+07
1.980910e+07
1.952292e+07
1.959084e+07
1.969079e+07
1.930477e+07
1.967867e+07
1.991477e+07
1.941508e+07
1.944962e+07
1.978843e+07
1.978344e+07
1.968403e+07
1.932499e+07
1.980437e+07
1.921625e+07
2.013116e+07
2.028733e+07
1.963531e+07
1.965501e+07
1.955497e+07
1.979289e+07
1.981959e+07
1.912527e+07
1.980479e+07
1.990752e+07
1.942152e+07
1.961291e+07
1.940943e+07
1.953646e+07
1.958025e+07
1.958599e+07
1.944535e+07
1.965936e+07
1.968546e+07
1.973013e+07
1.951922e+07
1.995495e+07
1.951482e+07
1.977221e+07
1.960490e+07
1.925817e+07
1.930305e+07
1.957532e+07
1.954564e+07
1.983442e+07
1.919841e+07
1.991513e+07
1.899610e+07
1.956036e+07
1.960380e+07
2.010602e+07
1.948667e+07
1.924749e+07
1.953899e+07
1.933261e+07
1.982282e+07
1.894396e+07
1.966577e+07
1.990969e+07
1.945683e+07
1.961513e+07
1.963855e+07
1.973877e+07
1.965750e+07
1.972090e+07
1.926854e+07
1.927002e+07
1.957760e+07
1.972924e+07
1.948336e+07
1.956187e+07
1.957914e+07
1.978240e+07
1.957668e+07
1.967307e+07
1.918867e+07
1.969522e+07
1.915044e+07
2.001179e+07
1.988067e+07
1.960609e+07
1.914295e+07
1.913905e+07
1.979094e+07
1.946962e+07
2.002407e+07
1.935572e+07
2.052469e+07
1.955372e+07
1.928223e+07
1.957568e+07
1.959228e+07
1.963628e+07
1.942754e+07
1.956871e+07
1.957617e+07
1.993574e+07
1.948718e+07
1.956327e+07
1.967985e+07
1.954226e+07
1.953649e+07
1.953251e+07
1.922147e+07
1.969204e+07
1.965621e+07
1.966379e+07
1.967238e+07
1.925713e+07
1.935071e+07
1.937189e+07
1.931511e+07
2.037248e+07
1.993987e+07
1.979575e+07
1.978948e+07
1.967566e+07
1.985298e+07
1.985879e+07
1.931224e+07
1.950741e+07
1.945413e+07
1.957957e+07
1.966688e+07
1.967103e+07
1.973453e+07
1.957289e+07
1.955729e+07
1.966915e+07
1.975771e+07
1.934357e+07
1.981576e+07
1.958437e+07
1.957372e+07
1.977234e+07
1.939473e+07
1.958075e+07
1.971087e+07
1.995348e+07
1.977041e+07
1.909381e+07
2.040123e+07
1.952926e+07
1.934320e+07
1.930085e+07
1.974537e+07
1.965904e+07
1.950481e+07
1.930934e+07
1.955753e+07
1.901245e+07
1.994168e+07
1.941633e+07
1.962624e+07
1.965125e+07
1.933329e+07
1.970886e+07
1.948915e+07
1.954349e+07
1.949310e+07
1.964805e+07
1.946514e+07
1.951226e+07
1.919431e+07
1.951551e+07
1.974459e+07
1.949311e+07
1.952071e+07
1.984326e+07
1.950847e+07
1.920840e+07
1.900315e+07
1.964398e+07
2.009693e+07
2.105184e+07
2.021733e+07
1.966186e+07
1.968635e+07
1.956286e+07
1.956715e+07
1.961012e+07
1.976189e+07
1.940961e+07
1.945746e+07
1.955814e+07
1.953631e+07
1.974064e+07
1.977248e+07
1.960830e+07
1.983964e+07
1.966797e+07
1.955379e+07
1.954872e+07
1.959497e+07
1.949612e+07
1.923633e+07
1.973913e+07
1.991315e+07
1.925930e+07
1.989387e+07
1.883955e+07
2.012045e+07
1.982286e+07
1.953362e+07
2.003332e+07
1.934093e+07
1.912750e+07
1.961439e+07
1.965992e+07
1.976172e+07
1.930159e+07
1.983693e+07
2.002669e+07
1.959903e+07
1.942373e+07
1.955421e+07
1.959074e+07
1.954053e+07
1.930655e+07
1.964794e+07
1.962804e+07
1.950889e+07
1.973421e+07
1.951663e+07
1.961804e+07
1.929254e+07
1.976277e+07
1.967723e+07
1.933492e+07
1.935704e+07
1.927097e+07
1.975951e+07
1.961427e+07
1.926644e+07
1.965730e+07
1.974902e+07
1.947359e+07
1.989736e+07
1.995536e+07
1.990634e+07
1.979369e+07
1.963888e+07
1.937975e+07
1.927078e+07
1.941040e+07
1.958972e+07
1.955981e+07
1.964400e+07
1.956873e+07
1.967345e+07
1.957720e+07
1.963962e+07
1.940829e+07
1.945469e+07
1.941330e+07
1.980992e+07
1.958755e+07
1.945771e+07
1.925113e+07
1.984447e+07
1.989440e+07
1.986983e+07
1.972506e+07
1.945811e+07
1.979791e+07
1.980674e+07
1.963254e+07
2.031387e+07
1.945318e+07
1.976996e+07
1.962604e+07
1.964412e+07
1.965090e+07
1.919231e+07
1.931251e+07
1.977019e+07
1.972917e+07
1.957534e+07
1.964397e+07
1.945547e+07
1.954105e+07
1.943444e+07
1.973261e+07
1.971026e+07
1.951247e+07
1.961328e+07
1.966563e+07
1.965520e+07
1.955825e+07
1.979102e+07
1.952152e+07
1.920539e+07
1.980298e+07
1.935962e+07
1.998114e+07
1.939854e+07
1.893168e+07
1.991313e+07
2.043078e+07
2.002086e+07
1.979479e+07
1.967513e+07
1.995262e+07
1.956077e+07
1.968152e+07
1.959758e+07
1.943350e+07
1.927034e+07
1.963402e+07
1.962244e+07
1.963321e+07
1.975580e+07
1.940809e+07
1.972905e+07
1.923825e+07
1.957774e+07
1.979917e+07
1.947122e+07
1.930819e+07
1.984851e+07
1.950165e+07
1.958445e+07
1.955091e+07
1.931549e+07
1.998871e+07
1.929292e+07
1.981812e+07
2.061270e+07
1.957158e+07
1.926939e+07
1.935432e+07
2.011170e+07
1.977120e+07
1.976340e+07
1.945327e+07
2.010777e+07
1.989565e+07
1.950406e+07
1.962742e+07
1.960574e+07
1.957427e+07
1.961337e+07
1.947681e+07
1.942830e+07
1.959114e+07
1.963618e+07
1.974548e+07
1.961616e+07
1.965602e+07
1.934816e+07
1.962798e+07
1.933172e+07
1.971894e+07
1.947651e+07
1.952178e+07
1.999200e+07
1.969066e+07
1.916187e+07
1.936469e+07
1.924171e+07
1.956040e+07
1.950739e+07
1.936598e+07
1.969733e+07
1.972297e+07
1.956685e+07
1.941066e+07
1.971482e+07
1.944776e+07
1.965592e+07
1.960954e+07
1.967500e+07
1.963908e+07
1.963415e+07
1.970621e+07
1.958391e+07
1.953683e+07
1.938750e+07
1.973513e+07
1.957211e+07
1.962966e+07
1.976917e+07
1.962447e+07
1.960573e+07
1.937195e+07
1.995331e+07
1.959480e+07
1.940426e+07
1.979116e+07
2.010577e+07
2.176542e+07
1.967248e+07
2.040548e+07
1.955184e+07
1.998262e+07
1.912396e+07
1.957291e+07
1.965918e+07
1.980221e+07
1.950875e+07
1.908556e+07
1.957725e+07
1.964888e+07
1.949508e+07
1.957839e+07
1.947585e+07
1.930390e+07
1.968240e+07
1.962337e+07
1.965154e+07
1.969976e+07
1.944709e+07
1.942406e+07
1.956877e+07
1.979295e+07
1.955557e+07
1.953080e+07
1.929006e+07
2.015802e+07
1.980589e+07
1.935743e+07
1.961423e+07
1.938830e+07
1.951311e+07
1.992880e+07
1.987833e+07
1.989046e+07
1.970929e+07
1.972277e+07
1.965308e+07
1.950847e+07
1.989681e+07
1.963217e+07
1.960520e+07
1.970415e+07
1.964909e+07
1.961450e+07
1.971686e+07
1.957737e+07
1.959871e+07
1.948295e+07
1.948871e+07
1.971765e+07
1.949912e+07
1.957058e+07
1.935995e+07
1.981491e+07
1.955360e+07
1.953624e+07
1.909492e+07
1.912831e+07
2.047534e+07
1.955430e+07
2.019650e+07
1.987837e+07
2.027392e+07
1.941907e+07
1.937698e+07
1.939891e+07
1.986322e+07
1.965472e+07
1.933455e+07
1.928882e+07
1.964575e+07
1.956498e+07
1.947257e+07
1.983464e+07
1.959726e+07
1.947136e+07
1.933927e+07
1.937255e+07
1.978638e+07
1.975541e+07
1.955049e+07
1.958686e+07
1.967061e+07
1.942628e+07
1.934946e+07
1.937021e+07
1.978478e+07
2.012324e+07
1.937979e+07
1.946431e+07
1.964484e+07
1.957772e+07
1.944177e+07
1.925389e+07
1.988656e+07
1.991768e+07
2.020641e+07
1.964819e+07
1.954162e+07
1.970046e+07
1.962172e+07
1.957166e+07
1.967651e+07
1.950342e+07
1.944834e+07
1.966503e+07
1.944775e+07
1.964683e+07
1.977205e+07
1.960419e+07
1.961550e+07
1.936430e+07
1.975295e+07
1.952612e+07
1.966874e+07
1.955242e+07
1.936714e+07
1.938760e+07
1.936232e+07
1.893238e+07
2.083014e+07
1.959212e+07
1.980589e+07
1.977834e+07
2.001639e+07
1.964399e+07
1.970181e+07
1.991922e+07
1.977208e+07
1.950837e+07
1.953343e+07
1.944466e+07
1.951570e+07
1.961692e+07
1.946847e+07
1.934212e+07
1.958854e+07
1.976351e+07
1.958810e+07
1.961309e+07
1.974941e+07
1.956225e+07
1.963751e+07
1.965373e+07
1.972147e+07
1.924277e+07
1.971299e+07
1.957030e+07
1.938847e+07
1.988363e+07
1.998996e+07
1.945245e+07
1.927337e+07
1.929339e+07
1.984346e+07
1.969283e+07
1.969813e+07
1.958995e+07
1.978668e+07
1.958907e+07
1.936378e+07
1.948739e+07
1.931881e+07
1.962192e+07
1.962125e+07
1.967169e+07
1.976452e+07
1.961537e+07
1.949269e+07
1.938393e+07
1.942721e+07
1.961336e+07
1.971155e+07
1.956194e+07
1.941909e+07
1.967525e+07
1.929721e+07
1.983866e+07
1.971371e+07
1.952192e+07
1.995995e+07
1.884887e+07
1.945638e+07
1.995083e+07
1.981120e+07
1.985527e+07
1.982977e+07
1.985814e+07
1.968008e+07
1.954207e+07
1.935341e+07
1.953602e+07
1.954170e+07
1.940481e+07
1.964046e+07
1.956848e+07
1.938261e+07
1.940499e+07
1.971791e+07
1.967108e+07
1.941547e+07
1.957264e+07
1.962440e+07
1.964114e+07
1.968331e+07
1.969578e+07
1.949853e+07
1.948189e+07
1.957065e+07
1.952666e+07
1.948485e+07
1.966337e+07
1.940655e+07
1.969505e+07
2.072848e+07
1.964515e+07
1.908512e+07
1.975496e+07
1.984788e+07
1.985279e+07
1.960597e+07
1.988714e+07
1.930323e+07
1.985258e+07
1.906999e+07
1.959256e+07
1.958275e+07
1.981506e+07
1.976790e+07
1.965683e+07
1.986771e+07
1.931512e+07
1.958785e+07
1.973794e+07
1.935083e+07
1.963552e+07
1.957529e+07
1.967885e+07
1.983921e+07
1.948759e+07
1.952937e+07
1.967576e+07
1.960207e+07
2.027774e+07
2.004215e+07
1.923814e+07
1.961069e+07
2.011809e+07
1.994676e+07
1.975852e+07
1.965559e+07
1.990962e+07
1.990000e+07
1.993935e+07
1.975775e+07
1.967368e+07
1.961609e+07
1.952952e+07
1.963385e+07
1.940857e+07
1.975041e+07
1.949200e+07
1.980264e+07
1.966030e+07
1.935174e+07
1.954868e+07
1.974118e+07
1.938425e+07
1.963725e+07
1.925046e+07
1.981635e+07
1.955376e+07
1.949058e+07
1.947069e+07
1.956396e+07
1.979466e+07
1.920860e+07
2.019871e+07
2.003585e+07
1.999629e+07
1.984794e+07
1.981594e+07
1.970002e+07
1.973106e+07
1.975724e+07
1.966936e+07
1.957994e+07
1.961873e+07
1.968924e+07
1.971050e+07
1.960149e+07
1.968058e+07
1.946439e+07
1.972657e+07
1.939024e+07
1.949768e+07
1.973481e+07
1.958379e+07
1.960780e+07
1.974040e+07
1.968651e+07
1.956775e+07
1.941515e+07
1.972694e+07
1.983757e+07
1.952780e+07
1.963779e+07
1.994387e+07
1.954009e+07
2.011321e+07
1.981849e+07
1.971819e+07
1.988038e+07
1.967958e+07
1.974309e+07
1.958446e+07
1.942561e+07
1.955456e+07
1.960262e+07
1.953755e+07
1.945438e+07
1.946999e+07
1.949975e+07
1.972738e+07
1.967718e+07
1.992539e+07
1.972747e+07
1.942828e+07
1.958029e+07
1.933919e+07
1.956925e+07
1.964875e+07
1.960136e+07
1.959144e+07
1.984979e+07
1.950367e+07
1.983401e+07
1.960637e+07
1.961206e+07
1.999699e+07
1.983756e+07
1.991949e+07
1.986850e+07
1.980844e+07
1.976102e+07
1.938772e+07
1.935329e+07
1.982387e+07
1.847443e+07
1.961025e+07
1.959553e+07
1.976347e+07
1.977756e+07
1.966578e+07
1.965127e+07
1.974020e+07
1.940249e+07
1.924031e+07
1.969328e+07
1.972349e+07
1.965004e+07
1.954498e+07
1.945463e+07
1.961767e+07
1.947499e+07
1.932217e+07
1.961723e+07
1.954737e+07
1.970418e+07
2.021409e+07
1.986056e+07
1.981599e+07
2.013070e+07
1.971660e+07
1.985036e+07
1.960331e+07
1.977477e+07
1.959101e+07
1.999974e+07
2.056348e+07
1.956855e+07
1.952461e+07
1.951670e+07
1.939307e+07
1.970030e+07
1.955836e+07
1.928360e+07
1.975616e+07
1.966509e+07
1.987572e+07
1.919227e+07
1.940660e+07
1.970050e+07
1.975180e+07
1.969614e+07
1.938401e+07
1.959204e+07
1.972027e+07
1.940033e+07
1.962651e+07
1.979145e+07
1.959274e+07
1.992927e+07
1.946841e+07
1.991218e+07
1.965236e+07
1.981284e+07
1.995350e+07
2.010896e+07
1.945351e+07
1.870834e+07
1.953523e+07
1.964268e+07
1.967331e+07
1.980139e+07
1.964744e+07
1.969207e+07
1.946727e+07
1.972502e+07
1.930790e+07
1.928816e+07
1.980370e+07
1.971998e+07
1.951655e+07
1.963793e+07
1.950145e+07
1.964464e+07
1.927059e+07
1.962593e+07
1.965952e+07
1.986071e+07
1.985942e+07
2.008447e+07
1.976072e+07
1.982168e+07
1.967449e+07
1.968330e+07
1.990714e+07
1.951397e+07
1.951453e+07
1.969644e+07
1.928091e+07
1.951846e+07
1.963413e+07
1.957084e+07
1.935239e+07
1.959644e+07
1.939354e+07
1.967966e+07
1.998904e+07
1.921218e+07
1.956574e+07
1.937119e+07
1.979247e+07
1.973218e+07
1.991052e+07
1.942091e+07
1.967306e+07
1.972257e+07
1.963349e+07
1.972624e+07
1.944715e+07
1.947152e+07
1.970264e+07
1.967355e+07
1.991434e+07
1.973252e+07
1.975579e+07
1.967538e+07
1.962857e+07
1.959954e+07
1.957633e+07
1.956926e+07
1.966491e+07
1.965783e+07
1.943723e+07
1.982622e+07
1.952700e+07
1.966890e+07
1.939080e+07
1.956912e+07
1.968569e+07
1.979835e+07
1.982833e+07
1.927776e+07
1.981558e+07
1.940070e+07
1.978190e+07
1.947382e+07
1.968829e+07
1.943447e+07
1.960927e+07
1.967910e+07
1.969081e+07
1.981796e+07
1.963129e+07
1.977399e+07
1.981946e+07
1.993454e+07
1.977470e+07
1.985796e+07
1.980960e+07
1.944693e+07
1.941683e+07
1.960874e+07
1.955972e+07
1.958493e+07
1.967863e+07
1.939200e+07
1.952382e+07
1.957004e+07
1.979244e+07
1.987761e+07
1.939409e+07
1.975193e+07
1.938256e+07
1.936158e+07
1.962493e+07
1.974784e+07
1.942791e+07
1.979466e+07
1.958003e+07
1.970731e+07
1.947860e+07
1.972016e+07
1.958872e+07
1.965349e+07
1.985090e+07
1.977645e+07
1.957171e+07
1.975899e+07
1.980647e+07
1.950509e+07
1.984202e+07
1.935425e+07
1.959160e+07
1.955428e+07
1.970562e+07
1.935097e+07
1.974595e+07
1.974437e+07
1.940554e+07
1.942967e+07
1.968225e+07
1.951899e+07
1.940623e+07
1.988007e+07
1.973946e+07
1.964523e+07
1.932131e+07
1.968965e+07
1.955709e+07
1.929382e+07
1.969375e+07
1.974915e+07
1.972484e+07
1.960298e+07
1.982787e+07
1.974914e+07
1.962898e+07
1.979955e+07
1.957869e+07
1.977497e+07
1.942817e+07
1.988333e+07
1.936402e+07
1.957731e+07
1.958611e+07
1.957974e+07
1.956589e+07
1.961449e+07
1.919346e+07
1.968066e+07
1.974698e+07
1.980570e+07
1.941221e+07
1.964671e+07
1.940768e+07
1.953820e+07
1.962403e+07
1.971457e+07
1.961134e+07
1.939003e+07
1.952867e+07
1.971788e+07
1.935515e+07
1.969586e+07
1.941901e+07
1.961494e+07
1.963451e+07
1.982630e+07
1.983530e+07
1.981999e+07
1.974479e+07
1.968736e+07
1.978941e+07
2.005688e+07
1.961307e+07
1.957447e+07
1.960761e+07
1.957400e+07
1.963833e+07
1.962413e+07
1.961512e+07
1.950353e+07
1.965318e+07
1.966184e+07
1.964761e+07
1.958566e+07
1.972857e+07
1.957394e+07
1.937913e+07
1.957495e+07
1.980646e+07
1.967959e+07
1.949963e+07
1.967650e+07
2.003375e+07
1.959280e+07
1.948033e+07
1.977187e+07
1.979041e+07
1.967524e+07
1.975791e+07
1.980887e+07
2.028289e+07
1.971124e+07
1.960887e+07
1.959296e+07
1.960165e+07
1.960619e+07
1.953606e+07
1.954228e+07
1.980536e+07
1.951555e+07
1.953891e+07
1.966014e+07
1.961332e+07
1.964218e+07
1.973343e+07
1.936752e+07
1.965078e+07
1.948550e+07
1.949167e+07
1.955738e+07
1.957612e+07
1.966087e+07
1.979330e+07
1.971988e+07
1.935902e+07
1.960417e+07
1.935756e+07
1.965225e+07
1.988199e+07
1.974607e+07
1.960947e+07
1.962216e+07
1.954328e+07
1.970948e+07
1.961385e+07
1.959860e+07
1.962608e+07
1.971994e+07
1.953405e+07
1.943479e+07
1.972000e+07
1.954711e+07
1.959341e+07
1.951752e+07
1.956134e+07
1.969895e+07
1.969493e+07
1.975200e+07
1.951067e+07
1.949971e+07
1.963681e+07
1.954189e+07
1.971491e+07
1.959676e+07
1.975212e+07
1.955955e+07
1.976987e+07
1.986461e+07
1.961175e+07
1.979942e+07
1.957238e+07
1.997693e+07
1.975037e+07
2.000596e+07
1.980590e+07
1.961669e+07
1.953644e+07
1.958358e+07
1.933715e+07
1.976879e+07
1.973446e+07
1.960920e+07
1.945218e+07
1.953262e+07
1.978776e+07
1.956869e+07
1.972985e+07
1.961926e+07
1.956263e+07
1.975137e+07
1.985027e+07
1.971402e+07
1.952148e+07
1.980823e+07
1.952528e+07
1.967550e+07
1.983383e+07
1.946061e+07
1.982954e+07
1.989806e+07
1.956346e+07
1.971252e+07
1.988892e+07
1.976356e+07
1.975590e+07
1.987121e+07
1.957312e+07
1.959235e+07
1.975100e+07
1.974890e+07
1.942905e+07
1.944641e+07
1.962690e+07
1.977457e+07
1.953016e+07
1.956377e+07
1.948531e+07
1.965849e+07
1.951105e+07
1.962908e+07
1.973485e+07
1.956272e+07
1.975584e+07
1.953141e+07
1.939337e+07
1.960947e+07
1.955954e+07
1.982861e+07
1.980661e+07
1.953956e+07
1.980222e+07
1.980554e+07
1.982121e+07
1.987885e+07
1.980878e+07
1.985758e+07
1.983868e+07
1.968903e+07
1.958743e+07
1.941048e+07
1.946174e+07
1.963684e+07
1.968377e+07
1.967762e+07
1.965044e+07
1.946243e+07
1.984565e+07
1.970238e+07
1.952524e+07
1.978349e+07
1.967968e+07
1.940209e+07
1.991787e+07
1.936808e+07
1.971858e+07
1.972448e+07
1.954309e+07
1.937498e+07
1.976698e+07
1.961966e+07
1.985781e+07
1.956023e+07
1.982977e+07
1.967869e+07
1.976641e+07
1.976889e+07
1.989137e+07
1.982452e+07
1.955835e+07
1.960274e+07
1.966341e+07
1.980773e+07
1.948798e+07
1.968878e+07
1.951144e+07
1.945802e+07
1.958311e+07
1.961561e+07
1.949428e+07
1.973630e+07
1.952847e+07
1.947261e+07
1.986522e+07
1.991916e+07
1.981152e+07
1.939139e+07
1.935498e+07
1.975075e+07
1.957207e+07
1.952553e+07
1.977844e+07
1.978713e+07
1.957139e+07
1.988359e+07
1.971698e+07
1.982444e+07
1.988652e+07
1.987905e+07
1.982682e+07
1.951606e+07
1.969352e+07
1.964985e+07
1.941624e+07
1.950331e+07
1.976842e+07
1.946982e+07
1.982957e+07
1.957529e+07
1.981519e+07
1.933418e+07
1.979644e+07
1.947770e+07
1.985049e+07
1.939430e+07
1.963262e+07
1.959568e+07
1.963903e+07
1.982762e+07
1.982784e+07
1.955952e+07
1.970310e+07
1.979560e+07
1.948497e+07
1.990049e+07
1.958143e+07
1.990997e+07
1.991962e+07
1.972691e+07
1.985306e+07
1.982799e+07
1.968020e+07
1.970363e+07
1.937007e+07
1.983774e+07
1.982704e+07
1.950877e+07
1.945865e+07
1.993662e+07
1.927284e+07
1.958109e+07
1.947553e+07
1.958032e+07
1.972745e+07
1.948559e+07
1.955510e+07
1.978466e+07
1.975634e+07
1.962539e+07
1.972591e+07
1.950060e+07
1.984789e+07
1.944515e+07
1.973009e+07
1.982578e+07
1.983988e+07
1.981308e+07
1.968689e+07
1.961678e+07
1.994054e+07
1.979838e+07
1.982433e+07
1.960827e+07
1.965488e+07
1.961602e+07
1.976259e+07
1.918668e+07
1.986252e+07
1.956683e+07
1.946549e+07
1.956430e+07
1.960971e+07
1.953406e+07
1.961207e+07
1.952263e+07
1.966009e+07
1.974032e+07
1.927214e+07
1.960728e+07
1.980482e+07
1.970106e+07
1.977665e+07
1.976451e+07
1.990816e+07
1.982695e+07
1.955680e+07
1.972220e+07
1.977609e+07
1.985630e+07
1.971966e+07
1.978865e+07
1.978501e+07
1.983500e+07
1.963032e+07
1.956519e+07
1.961758e+07
1.936838e+07
1.974494e+07
1.983226e+07
1.936689e+07
1.946681e+07
1.971152e+07
1.964309e+07
1.974287e+07
1.953991e+07
1.977114e+07
1.949358e+07
1.969735e+07
1.982377e+07
1.977425e+07
1.946233e+07
1.970682e+07
1.967788e+07
1.965236e+07
1.957836e+07
1.957053e+07
1.939058e+07
1.987010e+07
1.975888e+07
1.965794e+07
1.984732e+07
1.981849e+07
1.976022e+07
1.980759e+07
1.959311e+07
1.960252e+07
1.969585e+07
1.958658e+07
1.974427e+07
1.926328e+07
1.986321e+07
1.974665e+07
1.964315e+07
1.956364e+07
1.967137e+07
1.949777e+07
1.956784e+07
1.967267e+07
1.961104e+07
1.965846e+07
1.944881e+07
1.995949e+07
1.973549e+07
1.966760e+07
1.954874e+07
1.964575e+07
1.961571e+07
1.978573e+07
1.969089e+07
1.974395e+07
1.987780e+07
1.980532e+07
1.969518e+07
1.985252e+07
1.977578e+07
1.960838e+07
1.967933e+07
1.966662e+07
1.936200e+07
1.958287e+07
1.950354e+07
1.969219e+07
1.920244e+07
1.967810e+07
1.978927e+07
1.945603e+07
1.966293e+07
1.953595e+07
1.979544e+07
1.955152e+07
1.981355e+07
1.965857e+07
1.964574e+07
1.945840e+07
1.982710e+07
1.985977e+07
1.971320e+07
1.984620e+07
1.967143e+07
1.957664e+07
1.968265e+07
1.962601e+07
1.977178e+07
1.983559e+07
1.981303e+07
1.975205e+07
1.972758e+07
1.965668e+07
1.950922e+07
1.979523e+07
1.967568e+07
1.959650e+07
1.939227e+07
1.982844e+07
1.978193e+07
1.967623e+07
1.934632e+07
1.975587e+07
1.953269e+07
1.945947e+07
1.962520e+07
1.980465e+07
1.959421e+07
1.961735e+07
1.973750e+07
1.975123e+07
1.949510e+07
1.989070e+07
1.983217e+07
1.964994e+07
1.975904e+07
1.974696e+07
1.987982e+07
1.981787e+07
1.959384e+07
1.980369e+07
1.979409e+07
1.964953e+07
1.958049e+07
1.964653e+07
1.976455e+07
1.929141e+07
1.976085e+07
1.979840e+07
1.960060e+07
1.943564e+07
1.968726e+07
1.964319e+07
1.979199e+07
1.965823e+07
1.972491e+07
1.958677e+07
1.950171e+07
1.973579e+07
1.962011e+07
1.961061e+07
1.994594e+07
1.949427e+07
1.983040e+07
1.938969e+07
1.938507e+07
2.001454e+07
1.994605e+07
1.954116e+07
1.977327e+07
1.990575e+07
1.966045e+07
1.976547e+07
1.964644e+07
1.965568e+07
1.959066e+07
1.945708e+07
1.979820e+07
1.972563e+07
1.945945e+07
1.960988e+07
1.973007e+07
1.969846e+07
1.954972e+07
1.957312e+07
1.968871e+07
1.945145e+07
1.959153e+07
1.970118e+07
1.976890e+07
1.967625e+07
1.968969e+07
1.962557e+07
1.962368e+07
1.981806e+07
1.971304e+07
1.952877e+07
2.000190e+07
1.959939e+07
1.980939e+07
1.946321e+07
1.974674e+07
1.982505e+07
1.974003e+07
1.960917e+07
1.964366e+07
1.967964e+07
1.958533e+07
1.975306e+07
1.930141e+07
1.975508e+07
1.983659e+07
1.946305e+07
1.956557e+07
1.978851e+07
1.963050e+07
1.988560e+07
1.954344e+07
1.970485e+07
1.961056e+07
1.950958e+07
1.982269e+07
1.974710e+07
1.976074e+07
1.957716e+07
1.952330e+07
1.990108e+07
1.978200e+07
1.978137e+07
1.977888e+07
1.988254e+07
1.991752e+07
1.960035e+07
1.985435e+07
1.976696e+07
1.965960e+07
1.963376e+07
1.963862e+07
1.952604e+07
1.950025e+07
1.977015e+07
1.978041e+07
1.930544e+07
1.974965e+07
1.964741e+07
1.959468e+07
1.969538e+07
1.964334e+07
1.960254e+07
1.968664e+07
1.983327e+07
1.960429e+07
1.950776e+07
1.941787e+07
1.962413e+07
1.980307e+07
1.983216e+07
1.972526e+07
1.954897e+07
1.985020e+07
1.954410e+07
1.970752e+07
1.970690e+07
1.999763e+07
1.961110e+07
1.982398e+07
1.971849e+07
1.967226e+07
1.960020e+07
1.975613e+07
1.969036e+07
1.958740e+07
1.940697e+07
1.984379e+07
1.974908e+07
1.940520e+07
1.957779e+07
1.959255e+07
1.969201e+07
1.974071e+07
1.963731e+07
1.965062e+07
1.945519e+07
1.980444e+07
1.951238e+07
1.983580e+07
1.967656e+07
1.968089e+07
1.971941e+07
1.969136e+07
1.950528e+07
1.989639e+07
1.960899e+07
1.947621e+07
1.979679e+07
1.962684e+07
1.983980e+07
1.966524e+07
1.961376e+07
1.964439e+07
1.959167e+07
1.948155e+07
1.967796e+07
1.970721e+07
1.969067e+07
1.938456e+07
1.985710e+07
1.976466e+07
1.953181e+07
1.978857e+07
1.949102e+07
1.961205e+07
1.969286e+07
1.973964e+07
1.970692e+07
1.958954e+07
1.952106e+07
1.975538e+07
1.968401e+07
1.975235e+07
1.978339e+07
1.961489e+07
1.983341e+07
1.962073e+07
1.995583e+07
1.975913e+07
1.986122e+07
1.971741e+07
1.964499e+07
1.961861e+07
1.968487e+07
1.955868e+07
1.973416e+07
1.972685e+07
1.943689e+07
1.945792e+07
1.982096e+07
1.975449e+07
1.943390e+07
1.974061e+07
1.948416e+07
1.975128e+07
1.977048e+07
1.938805e+07
1.970453e+07
1.942854e+07
1.977497e+07
1.962444e+07
1.966267e+07
1.956715e+07
1.972154e+07
1.963651e+07
1.967307e+07
1.969487e+07
1.952153e+07
1.990234e+07
1.947945e+07
1.986665e+07
1.974225e+07
1.961456e+07
1.965204e+07
1.969402e+07
1.951810e+07
1.963429e+07
1.942200e+07
1.980081e+07
1.974519e+07
1.948244e+07
1.938755e+07
1.987470e+07
1.979447e+07
1.949815e+07
1.980566e+07
1.942495e+07
1.978851e+07
1.970409e+07
1.970091e+07
1.969950e+07
1.956890e+07
1.973611e+07
1.967651e+07
1.974160e+07
1.963942e+07
1.985460e+07
1.977409e+07
1.961395e+07
1.962103e+07
1.979322e+07
1.977765e+07
1.974977e+07
1.972458e+07
1.965169e+07
1.956610e+07
1.964416e+07
1.965118e+07
1.967683e+07
1.968461e+07
1.930781e+07
1.978073e+07
1.975419e+07
1.954072e+07
1.948110e+07
1.989808e+07
1.961600e+07
1.967710e+07
1.981154e+07
1.928041e+07
1.988359e+07
1.954637e+07
1.977740e+07
1.970043e+07
1.966498e+07
1.959892e+07
1.969781e+07
1.974586e+07
1.957733e+07
1.982352e+07
1.976948e+07
1.970436e+07
1.974671e+07
1.977280e+07
1.963619e+07
1.966053e+07
1.964831e+07
1.969304e+07
1.956129e+07
1.954000e+07
1.954180e+07
1.973021e+07
1.977266e+07
1.937633e+07
1.969578e+07
1.978795e+07
1.959795e+07
1.948033e+07
1.978860e+07
1.965577e+07
1.973158e+07
1.965705e+07
1.944379e+07
1.955114e+07
1.993211e+07
1.956110e+07
1.956187e+07
1.971520e+07
1.969985e+07
1.971956e+07
1.970706e+07
1.977543e+07
1.966022e+07
1.975280e+07
1.976133e+07
1.960968e+07
1.968070e+07
1.962513e+07
1.950943e+07
1.962970e+07
1.972671e+07
1.969239e+07
1.957541e+07
1.933926e+07
1.979551e+07
1.983235e+07
1.944898e+07
1.966834e+07
1.971138e+07
1.961675e+07
1.940647e+07
1.982615e+07
1.937600e+07
1.974815e+07
1.962672e+07
1.980876e+07
1.969436e+07
1.977037e+07
1.962239e+07
1.958244e+07
1.965426e+07
1.974374e+07
1.962103e+07
1.969594e+07
1.985392e+07
1.975339e+07
1.968956e+07
1.977218e+07
1.947963e+07
1.976973e+07
1.966465e+07
1.959449e+07
1.942786e+07
1.975607e+07
1.975592e+07
1.959320e+07
1.930183e+07
1.982751e+07
1.982807e+07
1.945590e+07
1.974245e+07
1.969993e+07
1.967880e+07
1.967749e+07
1.967926e+07
1.957532e+07
1.989554e+07
1.953138e+07
1.942139e+07
1.972895e+07
1.966425e+07
1.973735e+07
1.959720e+07
1.978469e+07
1.968073e+07
1.973001e+07
1.975352e+07
1.969103e+07
1.968028e+07
1.949791e+07
1.974336e+07
1.937913e+07
1.975660e+07
1.973583e+07
1.958702e+07
1.933506e+07
1.979172e+07
1.969613e+07
1.959637e+07
1.948001e+07
1.976775e+07
1.967172e+07
1.944727e+07
1.976625e+07
1.962665e+07
1.967845e+07
1.972170e+07
1.967542e+07
1.980699e+07
1.969204e+07
1.966235e+07
1.964727e+07
1.977911e+07
1.960768e+07
1.976809e+07
1.960369e+07
1.978220e+07
1.977466e+07
1.965318e+07
1.971933e+07
1.963125e+07
1.972477e+07
1.957054e+07
1.975501e+07
1.939499e+07
1.973757e+07
1.969050e+07
1.956735e+07
1.942021e+07
1.978299e+07
1.959485e+07
1.971526e+07
1.963645e+07
1.981279e+07
1.955638e+07
1.964462e+07
1.965511e+07
1.956704e+07
1.969827e+07
1.951309e+07
1.978111e+07
1.959815e+07
1.962186e+07
1.971841e+07
1.971003e+07
1.978249e+07
1.975354e+07
1.977243e+07
1.972375e+07
1.965346e+07
1.963401e+07
1.959694e+07
1.962277e+07
1.956740e+07
1.970495e+07
1.942414e+07
1.972337e+07
1.945120e+07
1.976536e+07
1.951922e+07
1.970984e+07
1.946935e+07
1.986704e+07
1.932941e+07
1.974260e+07
1.950559e+07
1.976364e+07
1.963101e+07
1.963538e+07
1.973968e+07
1.932348e+07
1.964560e+07
1.940763e+07
1.982969e+07
1.963902e+07
1.975060e+07
1.968756e+07
1.961334e+07
1.977371e+07
1.975328e+07
1.967992e+07
1.962732e+07
1.968635e+07
1.967882e+07
1.966071e+07
1.980748e+07
1.969966e+07
1.963800e+07
1.941041e+07
1.977435e+07
1.949491e+07
1.969918e+07
1.948736e+07
1.979182e+07
1.958363e+07
1.968732e+07
1.949753e+07
1.964428e+07
1.937085e+07
1.989922e+07
1.961004e+07
1.975744e+07
1.993171e+07
1.962867e+07
1.989630e+07
1.968564e+07
1.968641e+07
1.963395e+07
1.976967e+07
1.975190e+07
1.975421e+07
1.962026e+07
1.961746e+07
1.967477e+07
1.965542e+07
1.952049e+07
1.966437e+07
1.949677e+07
1.960826e+07
1.972140e+07
1.960846e+07
1.949238e+07
1.974982e+07
1.968987e+07
1.993031e+07
1.937594e+07
1.969281e+07
1.959636e+07
1.961299e+07
1.969825e+07
1.953876e+07
1.962073e+07
1.959657e+07
1.972956e+07
1.961901e+07
1.962924e+07
1.954275e+07
1.972495e+07
1.974731e+07
1.976177e+07
1.972823e+07
1.977646e+07
1.966358e+07
1.971893e+07
1.954980e+07
1.969370e+07
1.982001e+07
1.959310e+07
1.974494e+07
1.974311e+07
1.955910e+07
1.954090e+07
1.982893e+07
1.938473e+07
1.968201e+07
1.955125e+07
1.953515e+07
1.975392e+07
1.953858e+07
1.968378e+07
1.968243e+07
1.953402e+07
1.956070e+07
1.967480e+07
1.966309e+07
1.981778e+07
1.961068e+07
1.975126e+07
1.959641e+07
1.967889e+07
1.982597e+07
1.956275e+07
1.979124e+07
1.968595e+07
1.958079e+07
1.969739e+07
1.961563e+07
1.951734e+07
1.965326e+07
1.979737e+07
1.939960e+07
1.984088e+07
1.978224e+07
1.947839e+07
1.955655e+07
1.962126e+07
1.968524e+07
1.952040e+07
1.965989e+07
1.970626e+07
1.966511e+07
1.948941e+07
1.984661e+07
1.977800e+07
1.968064e+07
1.940176e+07
1.960898e+07
1.949333e+07
1.965755e+07
1.982287e+07
1.959240e+07
1.980347e+07
1.969941e+07
1.978905e+07
1.968927e+07
1.957628e+07
1.972406e+07
1.958583e+07
1.972673e+07
1.980758e+07
1.958807e+07
1.961830e+07
1.979851e+07
1.947490e+07
1.983376e+07
1.979785e+07
1.925109e+07
1.958119e+07
1.974509e+07
1.961259e+07
1.945008e+07
1.970184e+07
1.960368e+07
1.973038e+07
1.939359e+07
1.957214e+07
1.963782e+07
1.962575e+07
1.955148e+07
1.961582e+07
1.965725e+07
1.981991e+07
1.954792e+07
1.977056e+07
1.977878e+07
1.968685e+07
1.965336e+07
1.967825e+07
1.953958e+07
1.968193e+07
1.935675e+07
1.972811e+07
1.988209e+07
1.937244e+07
1.969814e+07
1.977790e+07
1.956050e+07
1.978916e+07
1.976757e+07
1.939273e+07
1.979014e+07
1.962450e+07
1.947165e+07
1.969947e+07
1.957145e+07
1.956344e+07
1.955546e+07
1.973822e+07
1.965769e+07
1.965014e+07
1.972465e+07
1.962297e+07
1.961485e+07
1.981644e+07
1.973527e+07
1.974531e+07
1.968121e+07
1.960889e+07
1.969668e+07
1.963750e+07
1.966762e+07
1.976046e+07
1.960247e+07
1.945678e+07
1.984193e+07
1.986231e+07
1.920560e+07
1.972050e+07
1.969628e+07
1.955669e+07
1.960452e+07
1.961144e+07
1.970801e+07
1.972187e+07
1.979979e+07
1.987286e+07
1.921704e+07
1.979646e+07
1.962660e+07
1.961052e+07
1.984883e+07
1.937236e+07
1.971180e+07
1.975414e+07
1.972015e+07
1.968654e+07
1.978162e+07
1.967031e+07
1.968597e+07
1.970281e+07
1.961520e+07
1.961816e+07
1.945734e+07
1.970239e+07
1.971162e+07
1.963004e+07
1.953035e+07
1.984337e+07
1.974750e+07
1.932866e+07
1.997631e+07
1.982529e+07
1.966917e+07
1.959534e+07
1.943442e+07
1.972069e+07
1.981373e+07
1.972078e+07
1.956402e+07
1.967728e+07
1.955610e+07
1.961784e+07
1.981865e+07
1.973860e+07
1.954442e+07
1.972369e+07
1.966624e+07
1.979112e+07
1.969468e+07
1.966556e+07
1.958549e+07
1.971906e+07
1.971016e+07
1.971302e+07
1.976607e+07
1.945067e+07
1.953625e+07
1.979835e+07
1.978808e+07
1.949356e+07
1.977621e+07
1.948674e+07
1.954512e+07
1.947421e+07
1.969553e+07
1.985791e+07
1.956734e+07
1.961583e+07
1.972765e+07
1.941721e+07
1.981914e+07
1.956053e+07
1.989035e+07
1.964899e+07
1.968892e+07
1.967995e+07
1.982222e+07
1.970578e+07
1.976229e+07
1.966168e+07
1.964210e+07
1.968669e+07
1.976318e+07
1.945152e+07
1.965705e+07
1.940898e+07
1.977215e+07
1.977347e+07
1.947474e+07
1.940945e+07
1.976738e+07
1.978853e+07
1.953926e+07
1.977247e+07
1.987296e+07
1.950021e+07
1.973512e+07
1.964823e+07
1.971540e+07
1.955371e+07
1.966718e+07
1.963111e+07
1.958306e+07
1.972296e+07
1.951597e+07
1.974514e+07
1.972371e+07
1.962192e+07
1.969123e+07
1.970857e+07
1.965371e+07
1.961907e+07
1.957144e+07
1.959086e+07
1.966633e+07
1.969135e+07
1.965797e+07
1.951947e+07
1.937867e+07
1.979638e+07
1.982360e+07
1.946862e+07
1.949834e+07
1.979133e+07
1.958766e+07
1.942618e+07
1.973689e+07
1.940977e+07
1.958315e+07
1.964562e+07
1.972112e+07
1.964659e+07
1.960347e+07
1.966559e+07
1.971753e+07
1.972164e+07
1.948374e+07
1.971671e+07
1.995151e+07
1.959092e+07
1.977783e+07
1.955790e+07
1.972611e+07
1.965305e+07
1.957717e+07
1.958111e+07
1.950243e+07
1.952066e+07
1.962346e+07
1.966062e+07
1.961435e+07
1.943776e+07
1.975251e+07
1.944316e+07
1.955380e+07
1.971390e+07
1.978574e+07
1.976921e+07
1.968129e+07
1.948378e+07
1.960930e+07
1.966539e+07
1.970219e+07
1.981114e+07
1.949066e+07
1.953878e+07
1.964543e+07
1.964648e+07
1.975990e+07
1.957580e+07
1.969671e+07
1.974772e+07
1.961707e+07
1.966232e+07
1.951114e+07
1.958750e+07
1.960861e+07
1.962873e+07
1.978006e+07
1.947728e+07
1.955299e+07
1.959817e+07
1.964821e+07
1.976176e+07
1.980063e+07
1.978956e+07
1.964170e+07
1.940463e+07
1.942976e+07
1.986564e+07
1.976752e+07
1.974461e+07
1.964353e+07
1.968418e+07
1.963308e+07
1.980586e+07
1.965740e+07
1.973169e+07
1.961576e+07
1.965235e+07
1.972441e+07
1.979215e+07
1.967714e+07
1.963561e+07
1.960015e+07
1.958588e+07
1.974231e+07
1.960102e+07
1.959165e+07
1.940884e+07
1.974933e+07
1.952600e+07
1.959439e+07
1.961056e+07
1.961633e+07
1.957841e+07
1.975950e+07
1.942729e+07
1.986939e+07
1.978761e+07
1.952574e+07
1.939979e+07
1.982157e+07
1.959524e+07
1.980620e+07
1.971999e+07
1.963812e+07
1.965389e+07
1.961158e+07
1.975370e+07
1.967605e+07
1.964006e+07
1.974049e+07
1.970777e+07
1.956848e+07
1.970522e+07
1.967937e+07
1.952386e+07
1.940154e+07
1.977357e+07
1.969757e+07
1.944743e+07
1.940829e+07
1.968413e+07
1.957344e+07
1.951271e+07
1.964139e+07
1.955826e+07
1.966744e+07
1.964979e+07
1.940567e+07
1.972979e+07
1.970045e+07
1.957148e+07
1.952936e+07
1.975316e+07
1.948258e+07
1.972869e+07
1.960577e+07
1.965434e+07
1.945812e+07
1.977367e+07
1.977824e+07
1.972782e+07
1.969783e+07
1.966938e+07
1.969123e+07
1.943423e+07
1.975373e+07
1.992941e+07
1.938193e+07
1.936135e+07
1.983586e+07
1.963521e+07
1.948266e+07
1.970490e+07
1.957367e+07
1.963570e+07
1.966041e+07
1.961904e+07
1.962041e+07
1.981142e+07
1.973337e+07
1.942809e+07
1.970157e+07
1.971622e+07
1.954672e+07
1.962046e+07
1.970379e+07
1.949599e+07
1.957848e+07
1.959674e+07
1.978045e+07
1.956570e+07
1.978634e+07
1.969649e+07
1.959329e+07
1.965648e+07
1.971603e+07
1.969001e+07
1.933266e+07
1.977790e+07
1.982350e+07
1.951149e+07
1.956584e+07
1.981462e+07
1.957253e+07
1.955558e+07
1.965590e+07
1.956201e+07
1.961321e+07
1.967242e+07
1.951269e+07
1.951757e+07
1.975269e+07
1.965336e+07
1.952616e+07
1.970112e+07
1.971867e+07
1.968033e+07
1.967364e+07
1.967922e+07
1.956907e+07
1.975936e+07
1.966918e+07
1.975496e+07
1.967044e+07
1.970482e+07
1.959973e+07
1.959120e+07
1.946831e+07
1.978358e+07
1.978052e+07
1.926798e+07
1.984521e+07
1.950534e+07
1.961191e+07
1.962012e+07
1.974998e+07
1.960804e+07
1.970420e+07
1.975599e+07
1.953779e+07
1.972307e+07
1.977849e+07
1.957578e+07
1.954813e+07
1.961351e+07
1.967673e+07
1.945475e+07
1.967202e+07
1.974400e+07
1.939950e+07
1.968336e+07
1.966865e+07
1.966631e+07
1.975439e+07
1.971212e+07
1.966416e+07
1.954993e+07
1.974515e+07
1.972848e+07
1.951461e+07
1.948598e+07
1.978745e+07
1.982029e+07
1.933778e+07
1.940800e+07
1.975401e+07
1.967354e+07
1.950012e+07
1.969878e+07
1.948930e+07
1.968251e+07
1.967399e+07
1.945849e+07
1.950225e+07
1.981290e+07
1.969009e+07
1.955349e+07
1.964969e+07
1.969181e+07
1.974529e+07
1.965046e+07
1.960595e+07
1.977013e+07
1.969893e+07
1.974868e+07
1.970582e+07
1.960243e+07
1.969481e+07
1.967107e+07
1.949136e+07
1.973558e+07
1.971819e+07
1.967356e+07
1.924572e+07
1.966193e+07
1.996205e+07
1.947080e+07
1.967866e+07
1.971916e+07
1.972238e+07
1.963106e+07
1.978342e+07
1.948855e+07
1.991227e+07
1.982841e+07
1.935442e+07
1.943753e+07
1.977127e+07
1.974078e+07
1.947667e+07
1.963406e+07
1.961253e+07
1.972799e+07
1.971566e+07
1.956150e+07
1.973622e+07
1.970759e+07
1.968314e+07
1.965826e+07
1.951356e+07
1.968815e+07
1.981608e+07
1.943095e+07
1.960608e+07
1.975590e+07
1.976102e+07
1.925787e+07
1.975680e+07
1.984005e+07
1.949894e+07
1.975279e+07
1.973952e+07
1.977300e+07
1.963113e+07
1.941568e+07
1.935732e+07
1.978708e+07
1.996804e+07
1.938318e+07
1.952482e+07
1.982548e+07
1.959390e+07
1.951736e+07
1.958472e+07
1.971613e+07
1.975693e+07
1.968128e+07
1.971844e+07
1.964917e+07
1.961947e+07
1.973176e+07
1.971995e+07
1.941153e+07
1.978382e+07
1.982328e+07
1.942358e+07
1.946147e+07
1.968946e+07
1.989867e+07
1.935447e+07
1.973710e+07
1.973361e+07
1.943345e+07
1.960311e+07
1.959856e+07
1.987551e+07
1.975846e+07
1.961733e+07
1.936876e+07
1.985011e+07
1.978361e+07
1.939814e+07
1.966022e+07
1.967786e+07
1.977280e+07
1.951830e+07
1.976459e+07
1.964703e+07
1.973977e+07
1.970626e+07
1.962952e+07
1.956925e+07
1.951963e+07
1.977933e+07
1.969511e+07
1.935294e+07
1.975409e+07
1.978924e+07
1.953442e+07
1.940901e+07
1.961869e+07
1.997688e+07
1.930312e+07
1.960193e+07
1.953706e+07
1.967932e+07
1.952574e+07
1.943490e+07
1.971514e+07
1.977437e+07
1.968784e+07
1.942793e+07
1.972517e+07
1.969181e+07
1.950047e+07
1.968354e+07
1.976426e+07
1.972260e+07
1.961570e+07
1.977312e+07
1.965182e+07
1.957973e+07
1.973947e+07
1.971390e+07
1.959017e+07
1.942064e+07
1.982280e+07
1.977028e+07
1.935333e+07
1.968427e+07
1.984320e+07
1.962192e+07
1.936687e+07
1.977784e+07
1.989205e+07
1.948387e+07
1.983769e+07
1.959963e+07
1.978164e+07
1.960204e+07
1.951705e+07
1.948253e+07
1.978811e+07
1.971519e+07
1.946764e+07
1.966039e+07
1.977880e+07
1.954524e+07
1.971709e+07
1.972267e+07
1.969792e+07
1.962900e+07
1.964407e+07
1.966545e+07
1.946886e+07
1.970176e+07
1.977459e+07
1.957210e+07
1.933988e+07
1.995810e+07
1.967351e+07
1.936635e+07
1.963841e+07
1.981132e+07
1.968158e+07
1.937564e+07
1.967068e+07
1.978291e+07
1.926697e+07
1.977854e+07
1.947030e+07
1.980149e+07
1.972192e+07
1.962253e+07
1.942131e+07
1.972624e+07
1.962182e+07
1.953323e+07
1.974695e+07
1.966916e+07
1.971065e+07
1.969415e+07
1.964817e+07
1.965590e+07
1.957826e+07
1.973857e+07
1.975298e+07
1.942867e+07
1.961110e+07
1.984086e+07
1.965889e+07
1.943953e+07
1.992231e+07
1.970724e+07
1.943819e+07
1.946281e+07
1.952569e+07
1.954485e+07
1.970398e+07
1.968837e+07
1.978949e+07
1.961560e+07
1.985069e+07
1.946519e+07
1.960647e+07
1.974230e+07
1.972719e+07
1.957680e+07
1.973780e+07
1.964341e+07
1.961827e+07
1.978287e+07
1.970447e+07
1.962753e+07
1.966605e+07
1.963854e+07
1.962946e+07
1.947228e+07
1.984101e+07
1.977577e+07
1.938876e+07
1.931101e+07
1.966605e+07
1.978943e+07
1.927126e+07
1.974033e+07
1.964648e+07
1.989442e+07
1.957203e+07
1.965604e+07
1.947567e+07
1.972041e+07
1.977732e+07
1.953967e+07
1.983222e+07
1.979613e+07
1.947217e+07
1.952121e+07
1.961991e+07
1.973277e+07
1.958771e+07
1.973599e+07
1.966701e+07
1.968420e+07
1.966954e+07
1.966573e+07
1.955414e+07
1.968592e+07
1.967194e+07
1.964336e+07
1.939807e+07
1.982191e+07
1.988513e+07
1.966386e+07
1.951292e+07
1.979691e+07
1.985214e+07
1.936436e+07
1.965278e+07
1.978698e+07
1.968290e+07
1.973157e+07
1.946298e+07
1.965441e+07
1.967034e+07
1.963320e+07
1.944021e+07
1.966151e+07
1.995022e+07
1.961751e+07
1.955820e+07
1.968470e+07
1.977160e+07
1.965296e+07
1.974749e+07
1.964941e+07
1.958417e+07
1.968616e+07
1.966770e+07
1.957266e+07
1.956097e+07
1.973723e+07
1.974332e+07
1.926059e+07
1.957533e+07
1.986037e+07
1.957037e+07
1.938681e+07
1.980576e+07
1.985334e+07
1.929758e+07
1.950863e+07
1.957860e+07
1.982703e+07
1.950571e+07
1.964630e+07
1.977588e+07
1.973042e+07
1.975269e+07
1.926905e+07
1.967099e+07
1.976843e+07
1.955580e+07
1.966470e+07
1.971915e+07
1.966402e+07
1.966600e+07
1.958853e+07
1.969895e+07
1.947465e+07
1.975958e+07
1.975227e+07
1.954592e+07
1.944729e+07
1.984042e+07
1.985953e+07
1.941095e+07
1.967764e+07
1.983407e+07
1.969231e+07
1.940334e+07
1.984089e+07
1.972541e+07
1.966053e+07
1.942688e+07
1.973555e+07
1.959742e+07
1.957837e+07
1.942539e+07
1.959830e+07
1.990964e+07
1.970083e+07
1.947852e+07
1.976279e+07
1.966871e+07
1.970896e+07
1.971959e+07
1.969220e+07
1.958872e+07
1.966300e+07
1.968713e+07
1.964184e+07
1.944290e+07
1.982559e+07
1.974163e+07
1.950480e+07
1.927379e+07
1.997054e+07
1.980586e+07
1.944912e+07
1.948444e+07
1.984439e+07
1.974345e+07
1.933319e+07
1.952449e+07
1.980537e+07
1.959422e+07
1.942307e+07
1.976486e+07
1.975754e+07
1.954562e+07
1.952418e+07
1.956233e+07
1.977472e+07
1.971160e+07
1.963102e+07
1.968333e+07
1.969250e+07
1.962355e+07
1.956436e+07
1.967721e+07
1.952818e+07
1.967982e+07
1.975334e+07
1.958299e+07
1.943110e+07
1.990511e+07
1.976674e+07
1.960343e+07
1.930613e+07
1.995954e+07
1.975467e+07
1.944541e+07
1.939678e+07
1.993023e+07
1.987952e+07
1.950850e+07
1.954950e+07
1.944166e+07
1.964894e+07
1.958169e+07
1.966247e+07
1.960302e+07
1.967345e+07
1.973260e+07
1.956097e+07
1.968948e+07
1.974680e+07
1.965282e+07
1.958900e+07
1.970585e+07
1.965793e+07
1.961449e+07
1.965299e+07
1.953638e+07
1.968227e+07
1.975046e+07
1.961259e+07
1.943711e+07
1.973641e+07
1.980380e+07
1.963294e+07
1.939393e+07
1.984875e+07
1.980987e+07
1.938015e+07
1.927409e+07
1.981535e+07
1.976388e+07
1.987286e+07
1.977080e+07
1.933343e+07
1.969516e+07
1.957786e+07
1.972202e+07
1.953330e+07
1.983723e+07
1.967111e+07
1.965459e+07
1.972065e+07
1.968083e+07
1.967109e+07
1.947074e+07
1.971821e+07
1.958166e+07
1.967549e+07
1.969639e+07
1.959058e+07
1.960510e+07
1.982586e+07
1.973016e+07
1.952616e+07
1.951235e+07
1.981725e+07
1.971336e+07
1.936435e+07
1.980428e+07
1.983979e+07
1.959954e+07
1.990991e+07
1.941380e+07
1.955913e+07
1.971917e+07
1.956897e+07
1.972821e+07
1.968353e+07
1.972138e+07
1.957586e+07
1.966001e+07
1.967673e+07
1.965470e+07
1.965641e+07
1.961666e+07
1.969183e+07
1.977513e+07
1.944955e+07
1.975365e+07
1.945489e+07
1.973858e+07
1.971421e+07
1.953347e+07
1.944400e+07
1.987584e+07
1.977930e+07
1.956204e+07
1.926289e+07
1.992979e+07
1.968740e+07
1.927009e+07
1.979210e+07
1.936722e+07
1.971551e+07
1.939077e+07
1.969840e+07
1.944076e+07
1.977590e+07
1.949904e+07
1.971939e+07
1.964918e+07
1.967374e+07
1.975131e+07
1.968266e+07
1.964659e+07
1.965440e+07
1.962074e+07
1.952534e+07
1.972134e+07
1.972088e+07
1.951234e+07
1.975940e+07
1.947496e+07
1.977446e+07
1.980384e+07
1.948708e+07
1.946898e+07
1.977434e+07
1.983023e+07
1.952632e+07
1.950392e+07
1.969544e+07
1.986494e+07
1.920492e+07
1.966360e+07
1.943351e+07
1.992454e+07
1.975070e+07
1.968940e+07
1.967485e+07
1.964284e+07
1.966742e+07
1.969928e+07
1.963614e+07
1.968606e+07
1.962467e+07
1.962252e+07
1.962351e+07
1.969246e+07
1.971193e+07
1.947245e+07
1.976745e+07
1.953522e+07
1.962841e+07
1.970485e+07
1.945990e+07
1.970750e+07
1.980750e+07
1.960849e+07
1.949621e+07
1.963055e+07
1.967694e+07
1.965330e+07
1.942274e+07
1.970638e+07
1.986011e+07
1.938551e+07
1.958323e+07
1.958209e+07
1.958549e+07
1.959307e+07
1.982476e+07
1.947032e+07
1.975583e+07
1.961632e+07
1.968524e+07
1.961360e+07
1.968507e+07
1.966643e+07
1.958356e+07
1.954805e+07
1.968744e+07
1.978315e+07
1.950559e+07
1.974047e+07
1.951931e+07
1.969190e+07
1.978731e+07
1.944321e+07
1.949215e+07
1.977644e+07
1.979462e+07
1.949129e+07
1.954192e+07
1.986831e+07
1.964563e+07
1.928466e+07
1.979304e+07
1.964915e+07
1.951946e+07
1.966161e+07
1.973635e+07
1.954209e+07
1.958649e+07
1.982779e+07
1.962151e+07
1.971514e+07
1.970218e+07
1.964655e+07
1.954284e+07
1.967488e+07
1.972002e+07
1.962838e+07
1.946815e+07
1.974664e+07
1.974805e+07
1.942548e+07
1.976075e+07
1.939962e+07
1.983991e+07
1.980890e+07
1.939196e+07
1.938677e+07
1.978620e+07
1.971703e+07
1.963115e+07
1.957266e+07
1.997836e+07
1.965840e+07
1.955802e+07
1.973562e+07
1.951828e+07
1.950085e+07
1.974856e+07
1.981422e+07
1.952174e+07
1.973521e+07
1.966874e+07
1.964922e+07
1.959075e+07
1.971396e+07
1.971899e+07
1.947570e+07
1.963152e+07
1.976281e+07
1.960369e+07
1.954878e+07
1.972598e+07
1.966130e+07
1.954822e+07
1.969739e+07
1.932553e+07
1.974246e+07
1.984351e+07
1.948947e+07
1.935758e+07
1.942641e+07
1.962776e+07
1.952247e+07
1.943222e+07
1.969780e+07
1.958848e+07
1.968718e+07
1.977067e+07
1.958861e+07
1.962199e+07
1.968330e+07
1.978384e+07
1.961621e+07
1.963860e+07
1.964676e+07
1.964882e+07
1.948546e+07
1.976583e+07
1.970706e+07
1.950649e+07
1.959078e+07
1.966611e+07
1.976215e+07
1.945345e+07
1.974601e+07
1.942957e+07
1.983444e+07
1.967535e+07
1.937467e+07
1.974877e+07
1.937493e+07
1.990486e+07
1.961176e+07
1.960871e+07
1.977607e+07
1.963706e+07
1.964772e+07
1.949395e+07
1.964806e+07
1.957189e+07
1.975467e+07
1.961715e+07
1.968438e+07
1.965796e+07
1.964024e+07
1.957935e+07
1.963863e+07
1.969866e+07
1.966535e+07
1.946273e+07
1.970508e+07
1.981483e+07
1.951353e+07
1.953606e+07
1.964156e+07
1.978162e+07
1.946833e+07
1.968531e+07
1.951412e+07
1.991452e+07
1.966187e+07
1.979233e+07
1.944257e+07
1.963547e+07
1.986834e+07
1.960110e+07
1.946905e+07
1.982296e+07
1.961004e+07
1.969028e+07
1.966949e+07
1.960394e+07
1.968744e+07
1.965957e+07
1.967742e+07
1.959199e+07
1.970370e+07
1.965315e+07
1.958396e+07
1.953169e+07
1.974739e+07
1.970499e+07
1.940740e+07
1.969374e+07
1.978686e+07
1.956563e+07
1.947783e+07
1.974836e+07
1.964415e+07
1.943213e+07
1.980939e+07
1.918703e+07
1.966941e+07
1.965468e+07
1.966337e+07
1.926454e+07
1.981684e+07
1.982984e+07
1.952992e+07
1.967952e+07
1.961225e+07
1.968046e+07
1.965957e+07
1.970823e+07
1.963102e+07
1.971220e+07
1.963952e+07
1.967015e+07
1.948006e+07
1.968011e+07
1.974085e+07
1.952859e+07
1.948838e+07
1.974512e+07
1.978408e+07
1.938238e+07
1.970290e+07
1.974215e+07
1.949616e+07
1.966149e+07
1.971184e+07
1.946683e+07
1.994927e+07
1.967752e+07
1.947215e+07
1.959830e+07
1.960196e+07
1.957542e+07
1.949778e+07
1.980798e+07
1.962586e+07
1.962577e+07
1.968387e+07
1.963103e+07
1.967937e+07
1.965433e+07
1.966471e+07
1.962738e+07
1.959251e+07
1.969255e+07
1.972121e+07
1.944992e+07
1.966483e+07
1.977476e+07
1.952894e+07
1.943256e+07
1.979339e+07
1.974298e+07
1.942057e+07
1.976549e+07
1.943779e+07
1.971712e+07
1.954887e+07
1.956417e+07
1.932746e+07
2.005646e+07
1.971321e+07
1.981251e+07
1.940030e+07
1.980973e+07
1.978217e+07
1.953559e+07
1.974098e+07
1.961942e+07
1.965322e+07
1.970413e+07
1.965003e+07
1.966114e+07
1.964162e+07
1.961021e+07
1.964744e+07
1.947685e+07
1.971977e+07
1.973787e+07
1.942516e+07
1.970535e+07
1.973019e+07
1.958723e+07
1.947470e+07
1.966433e+07
1.988651e+07
1.945358e+07
1.968972e+07
1.953565e+07
1.979614e+07
1.948981e+07
1.962532e+07
1.913775e+07
1.985473e+07
1.961358e+07
1.969277e+07
1.945626e+07
1.971895e+07
1.958320e+07
1.966184e+07
1.978787e+07
1.955733e+07
1.977140e+07
1.965668e+07
1.962630e+07
1.959516e+07
1.963005e+07
1.968699e+07
1.967382e+07
1.945119e+07
1.977383e+07
1.967674e+07
1.951789e+07
1.954108e+07
1.971834e+07
1.978041e+07
1.933285e+07
1.974373e+07
1.971835e+07
1.942360e+07
1.975377e+07
1.955498e+07
1.956766e+07
1.972285e+07
1.978090e+07
1.939512e+07
1.967992e+07
1.965058e+07
1.975734e+07
1.962795e+07
1.961121e+07
1.957739e+07
1.961033e+07
1.973049e+07
1.960518e+07
1.958280e+07
1.967510e+07
1.964524e+07
1.958206e+07
1.956914e+07
1.962994e+07
1.981174e+07
1.939202e+07
1.975038e+07
1.977788e+07
1.944589e+07
1.952088e+07
1.979133e+07
1.975127e+07
1.937353e+07
1.983182e+07
1.941556e+07
1.965303e+07
1.976639e+07
1.948710e+07
1.933739e+07
1.980749e+07
1.980431e+07
1.954065e+07
1.945151e+07
1.975259e+07
1.955423e+07
1.979504e+07
1.970482e+07
1.961247e+07
1.972633e+07
1.965221e+07
1.964518e+07
1.954928e+07
1.962851e+07
1.973617e+07
1.962688e+07
1.943812e+07
1.973184e+07
1.975248e+07
1.938319e+07
1.976058e+07
1.967235e+07
1.952068e+07
1.948827e+07
1.962702e+07
1.986248e+07
1.946068e+07
1.975701e+07
1.939321e+07
1.982165e+07
1.980488e+07
1.950936e+07
1.943855e+07
1.980477e+07
1.984702e+07
1.953082e+07
1.965209e+07
1.949640e+07
1.968779e+07
1.969819e+07
1.964884e+07
1.966236e+07
1.955612e+07
1.969319e+07
1.973622e+07
1.944532e+07
1.961814e+07
1.973492e+07
1.963876e+07
1.943213e+07
1.976929e+07
1.968242e+07
1.951993e+07
1.956136e+07
1.974276e+07
1.975744e+07
1.935496e+07
1.969007e+07
1.964983e+07
1.955163e+07
1.962943e+07
1.937418e+07
1.974818e+07
1.975653e+07
1.952547e+07
1.952110e+07
1.978739e+07
1.957673e+07
1.971368e+07
1.964929e+07
1.971830e+07
1.964569e+07
1.961551e+07
1.960083e+07
1.964310e+07
1.948751e+07
1.977771e+07
1.972685e+07
1.946704e+07
1.956136e+07
1.967238e+07
1.979271e+07
1.936208e+07
1.972488e+07
1.982226e+07
1.939384e+07
1.951829e+07
1.972489e+07
1.984989e+07
1.934582e+07
1.973432e+07
1.957884e+07
1.969918e+07
1.968060e+07
1.950785e+07
1.958010e+07
1.975897e+07
1.973520e+07
1.940264e+07
1.969500e+07
1.965381e+07
1.965705e+07
1.970455e+07
1.962532e+07
1.964176e+07
1.964341e+07
1.963512e+07
1.964569e+07
1.945882e+07
1.973800e+07
1.976713e+07
1.950735e+07
1.944403e+07
1.985139e+07
1.968770e+07
1.939338e+07
1.985137e+07
1.971886e+07
1.946759e+07
1.940277e+07
1.974105e+07
1.981818e+07
1.931176e+07
1.978658e+07
1.940342e+07
1.977411e+07
1.979827e+07
1.932841e+07
1.959261e+07
1.974493e+07
1.968375e+07
1.973422e+07
1.968912e+07
1.965860e+07
1.961616e+07
1.959278e+07
1.958836e+07
1.964985e+07
1.958847e+07
1.970115e+07
1.972267e+07
1.936144e+07
1.980370e+07
1.975346e+07
1.950586e+07
1.953397e+07
1.969692e+07
1.972861e+07
1.940458e+07
1.970479e+07
1.975607e+07
1.958237e+07
1.948418e+07
1.972661e+07
1.962315e+07
1.957551e+07
1.963057e+07
1.949057e+07
1.993281e+07
1.953784e+07
1.955694e+07
1.959435e+07
1.963402e+07
1.968364e+07
1.966460e+07
1.959308e+07
1.969009e+07
1.964940e+07
1.958646e+07
1.966589e+07
1.957746e+07
1.956792e+07
1.982815e+07
1.964172e+07
1.947827e+07
1.966405e+07
1.969207e+07
1.965383e+07
1.946631e+07
1.982676e+07
1.967512e+07
1.945839e+07
1.950160e+07
1.964545e+07
1.983064e+07
1.939827e+07
1.972691e+07
1.971403e+07
1.942690e+07
1.976255e+07
1.940600e+07
1.971347e+07
1.965671e+07
1.968030e+07
1.972782e+07
1.966319e+07
1.969034e+07
1.961285e+07
1.957243e+07
1.965666e+07
1.959489e+07
1.967848e+07
1.957084e+07
1.971349e+07
1.948504e+07
1.968861e+07
1.982677e+07
1.944737e+07
1.957599e+07
1.967613e+07
1.972077e+07
1.944326e+07
1.975840e+07
1.982879e+07
1.955967e+07
1.944633e+07
1.985600e+07
1.962903e+07
1.949951e+07
1.978464e+07
1.943132e+07
1.974411e+07
1.973487e+07
1.950996e+07
1.965379e+07
1.965905e+07
1.965527e+07
1.964786e+07
1.953952e+07
1.969595e+07
1.969131e+07
1.951496e+07
1.974387e+07
1.963041e+07
1.949840e+07
1.976522e+07
1.969110e+07
1.937245e+07
1.971569e+07
1.981050e+07
1.952591e+07
1.944935e+07
1.973938e+07
1.977902e+07
1.932681e+07
1.976421e+07
1.967650e+07
1.963696e+07
1.953899e+07
1.960868e+07
1.972824e+07
1.953369e+07
1.970074e+07
1.946422e+07
1.979315e+07
1.972512e+07
1.963096e+07
1.972186e+07
1.956692e+07
1.968635e+07
1.967099e+07
1.947415e+07
1.978274e+07
1.945816e+07
1.967823e+07
1.977514e+07
1.951411e+07
1.949997e+07
1.982893e+07
1.974283e+07
1.931340e+07
1.977392e+07
1.975670e+07
1.950029e+07
1.953787e+07
1.980966e+07
1.973882e+07
1.949590e+07
1.951464e+07
1.974555e+07
1.976861e+07
1.944832e+07
1.970216e+07
1.958967e+07
1.970151e+07
1.966758e+07
1.955816e+07
1.966361e+07
1.967308e+07
1.964388e+07
1.961282e+07
1.955382e+07
1.960019e+07
1.976628e+07
1.955487e+07
1.964769e+07
1.944252e+07
1.978360e+07
1.971004e+07
1.946599e+07
1.953702e+07
1.985534e+07
1.970367e+07
1.943051e+07
1.969086e+07
1.961418e+07
1.969320e+07
1.940644e+07
1.978156e+07
1.986779e+07
1.943110e+07
1.953561e+07
1.968353e+07
1.980393e+07
1.947355e+07
1.974256e+07
1.951246e+07
1.973306e+07
1.973133e+07
1.962355e+07
1.965741e+07
1.957821e+07
1.971171e+07
1.976807e+07
1.940751e+07
1.965020e+07
1.973117e+07
1.959380e+07
1.963163e+07
1.953313e+07
1.974827e+07
1.964601e+07
1.961944e+07
1.949044e+07
1.968955e+07
1.983122e+07
1.948493e+07
1.954653e+07
1.979172e+07
1.966242e+07
1.942096e+07
1.970716e+07
1.982131e+07
1.953776e+07
1.954952e+07
1.973835e+07
1.965756e+07
1.962651e+07
1.972823e+07
1.956892e+07
1.969584e+07
1.966677e+07
1.962788e+07
1.957483e+07
1.948200e+07
1.975559e+07
1.981302e+07
1.936951e+07
1.973784e+07
1.958419e+07
1.958375e+07
1.974388e+07
1.955966e+07
1.951264e+07
1.974750e+07
1.977759e+07
1.935692e+07
1.973298e+07
1.972042e+07
1.952675e+07
1.949335e+07
1.984587e+07
1.975237e+07
1.939245e+07
1.970126e+07
1.969181e+07
1.968083e+07
1.957945e+07
1.963662e+07
1.969153e+07
1.964497e+07
1.969395e+07
1.961889e+07
1.958497e+07
1.969273e+07
1.971370e+07
1.955513e+07
1.949679e+07
1.978322e+07
1.973298e+07
1.942691e+07
1.982778e+07
1.937986e+07
1.974655e+07
1.981236e+07
1.944274e+07
1.949602e+07
1.981436e+07
1.977440e+07
1.939534e+07
1.972998e+07
1.974851e+07
1.950660e+07
1.953955e+07
1.977741e+07
1.978843e+07
1.950088e+07
1.959539e+07
1.969186e+07
1.971399e+07
1.955737e+07
1.970602e+07
1.963413e+07
1.960344e+07
1.968842e+07
1.959387e+07
1.957773e+07
1.964405e+07
1.971340e+07
1.961117e+07
1.953849e+07
1.963409e+07
1.967999e+07
1.959115e+07
1.970263e+07
1.937337e+07
1.985217e+07
1.971696e+07
1.951450e+07
1.943220e+07
1.982241e+07
1.969640e+07
1.949554e+07
1.970114e+07
1.967956e+07
1.968778e+07
1.944620e+07
1.973603e+07
1.980005e+07
1.949233e+07
1.959070e+07
1.968620e+07
1.970592e+07
1.962901e+07
1.965146e+07
1.967772e+07
1.952693e+07
1.970449e+07
1.964099e+07
1.961658e+07
1.949279e+07
1.969276e+07
1.985255e+07
1.942636e+07
1.963757e+07
1.961298e+07
1.967062e+07
1.970379e+07
1.939488e+07
1.975909e+07
1.969943e+07
1.969663e+07
1.947001e+07
1.967654e+07
1.978422e+07
1.947286e+07
1.953797e+07
1.977550e+07
1.967611e+07
1.945056e+07
1.967903e+07
1.974913e+07
1.956244e+07
1.968319e+07
1.965142e+07
1.961893e+07
1.963122e+07
1.963902e+07
1.977239e+07
1.945245e+07
1.965160e+07
1.982260e+07
1.952109e+07
1.940527e+07
1.982107e+07
1.975585e+07
1.941997e+07
1.972236e+07
1.948919e+07
1.980675e+07
1.972045e+07
1.946327e+07
1.947318e+07
1.975657e+07
1.980487e+07
1.938808e+07
1.975595e+07
1.973853e+07
1.950106e+07
1.946591e+07
1.985507e+07
1.966046e+07
1.951939e+07
1.973005e+07
1.963484e+07
1.965016e+07
1.966215e+07
1.965218e+07
1.959196e+07
1.948226e+07
1.976774e+07
1.973778e+07
1.936441e+07
1.974654e+07
1.982462e+07
1.949643e+07
1.949248e+07
1.974270e+07
1.967442e+07
1.944712e+07
1.982530e+07
1.934767e+07
1.981329e+07
1.985611e+07
1.942033e+07
1.949430e+07
1.972268e+07
1.978385e+07
1.939257e+07
1.973482e+07
1.972306e+07
1.954026e+07
1.958071e+07
1.969616e+07
1.972388e+07
1.959792e+07
1.967988e+07
1.963595e+07
1.954153e+07
1.970882e+07
1.973617e+07
1.954823e+07
1.953818e+07
1.981311e+07
1.965614e+07
1.943657e+07
1.963640e+07
1.977686e+07
1.956937e+07
1.958359e+07
1.974776e+07
1.947388e+07
1.979927e+07
1.968951e+07
1.935711e+07
1.974662e+07
1.978606e+07
1.953488e+07
1.946485e+07
1.980787e+07
1.972159e+07
1.948438e+07
1.970663e+07
1.969672e+07
1.966052e+07
1.957161e+07
1.967538e+07
1.962979e+07
1.961813e+07
1.968298e+07
1.963350e+07
1.953166e+07
1.968558e+07
1.963688e+07
1.966751e+07
1.950884e+07
1.975200e+07
1.974180e+07
1.945130e+07
1.963102e+07
1.957607e+07
1.974677e+07
1.953915e+07
1.965713e+07
1.949924e+07
1.982037e+07
1.975962e+07
1.937749e+07
1.971204e+07
1.968954e+07
1.962471e+07
1.950663e+07
1.966601e+07
1.980486e+07
1.948148e+07
1.966694e+07
1.962410e+07
1.971128e+07
1.964506e+07
1.964121e+07
1.966024e+07
1.954709e+07
1.965502e+07
1.976373e+07
1.955350e+07
1.954452e+07
1.972305e+07
1.965486e+07
1.946470e+07
1.967428e+07
1.987292e+07
1.955477e+07
1.953522e+07
1.970785e+07
1.959198e+07
1.964840e+07
1.965281e+07
1.945035e+07
1.983854e+07
1.976174e+07
1.948640e+07
1.953115e+07
1.979365e+07
1.968459e+07
1.946532e+07
1.971415e+07
1.974195e+07
1.960584e+07
1.966194e+07
1.963716e+07
1.963487e+07
1.962514e+07
1.967401e+07
1.975987e+07
1.940131e+07
1.971459e+07
1.978168e+07
1.954054e+07
1.948627e+07
1.971257e+07
1.985107e+07
1.933167e+07
1.972822e+07
1.975301e+07
1.953199e+07
1.963815e+07
1.959661e+07
1.960993e+07
1.965156e+07
1.976493e+07
1.936468e+07
1.974912e+07
1.981955e+07
1.945154e+07
1.953747e+07
1.975419e+07
1.971477e+07
1.946202e+07
1.966550e+07
1.966680e+07
1.963546e+07
1.968032e+07
1.964706e+07
1.955428e+07
1.953995e+07
1.974823e+07
1.974199e+07
1.937785e+07
1.966420e+07
1.986102e+07
1.946217e+07
1.947744e+07
1.980778e+07
1.974499e+07
1.939096e+07
1.971382e+07
1.966179e+07
1.954083e+07
1.974248e+07
1.958584e+07
1.945546e+07
1.989286e+07
1.967962e+07
1.937502e+07
1.974307e+07
1.974132e+07
1.951404e+07
1.951589e+07
1.980611e+07
1.974166e+07
1.955037e+07
1.970528e+07
1.964057e+07
1.956366e+07
1.971940e+07
1.969187e+07
1.957296e+07
1.946851e+07
1.983971e+07
1.973730e+07
1.937309e+07
1.978024e+07
1.970303e+07
1.955005e+07
1.945952e+07
1.976957e+07
1.979074e+07
1.942350e+07
1.978054e+07
1.940994e+07
1.975616e+07
1.974201e+07
1.948368e+07
1.949609e+07
1.978483e+07
1.974314e+07
1.942854e+07
1.968687e+07
1.975504e+07
1.950184e+07
1.960244e+07
1.966382e+07
1.961915e+07
1.961739e+07
1.965209e+07
1.966550e+07
1.949220e+07
1.970454e+07
1.974012e+07
1.954777e+07
1.951296e+07
1.977688e+07
1.972661e+07
1.946675e+07
1.963196e+07
1.974223e+07
1.962491e+07
1.946534e+07
1.967490e+07
1.971160e+07
1.960790e+07
1.965348e+07
1.947719e+07
1.975118e+07
1.971343e+07
1.954565e+07
1.946077e+07
1.979915e+07
1.967122e+07
1.952549e+07
1.978794e+07
1.959222e+07
1.970356e+07
1.964486e+07
1.965296e+07
1.964646e+07
1.955523e+07
1.971715e+07
1.966680e+07
1.954316e+07
1.966477e+07
1.965904e+07
1.972603e+07
1.944426e+07
1.975958e+07
1.972093e+07
1.950204e+07
1.954328e+07
1.969167e+07
1.985276e+07
1.938809e+07
1.967781e+07
1.965039e+07
1.958427e+07
1.975397e+07
1.943848e+07
1.965898e+07
1.973814e+07
1.962874e+07
1.956504e+07
1.961765e+07
1.975452e+07
1.957387e+07
1.966586e+07
1.963881e+07
1.962060e+07
1.965473e+07
1.963589e+07
1.971483e+07
1.951535e+07
1.965359e+07
1.981629e+07
1.950998e+07
1.951275e+07
1.972668e+07
1.975102e+07
1.940441e+07
1.971756e+07
1.978584e+07
1.950269e+07
1.942923e+07
1.981434e+07
1.977536e+07
1.941995e+07
1.976802e+07
1.946547e+07
1.977853e+07
1.972193e+07
1.950539e+07
1.953311e+07
1.975357e+07
1.973199e+07
1.950426e+07
1.967539e+07
1.966443e+07
1.962490e+07
1.966999e+07
1.964624e+07
1.959635e+07
1.950975e+07
1.972266e+07
1.976810e+07
1.939514e+07
1.971588e+07
1.981080e+07
1.951090e+07
1.945210e+07
1.975627e+07
1.978992e+07
1.936495e+07
1.975525e+07
1.978031e+07
1.951987e+07
1.949340e+07
1.973880e+07
1.967682e+07
1.949847e+07
1.979755e+07
1.939542e+07
1.973651e+07
1.983460e+07
1.946342e+07
1.958014e+07
1.969863e+07
1.975307e+07
1.957385e+07
1.968464e+07
1.965819e+07
1.953224e+07
1.972212e+07
1.976106e+07
1.953239e+07
1.950091e+07
1.977569e+07
1.972034e+07
1.937480e+07
1.969508e+07
1.979569e+07
1.953316e+07
1.944392e+07
1.986856e+07
1.967237e+07
1.942308e+07
1.966177e+07
1.970633e+07
1.968655e+07
1.948659e+07
1.976831e+07
1.946814e+07
1.981187e+07
1.967973e+07
1.940496e+07
1.971109e+07
1.976532e+07
1.953426e+07
1.958340e+07
1.962690e+07
1.964841e+07
1.963235e+07
1.965885e+07
1.965071e+07
1.945686e+07
1.973990e+07
1.972433e+07
1.955510e+07
1.947376e+07
1.983118e+07
1.973506e+07
1.937957e+07
1.973828e+07
1.968112e+07
1.963474e+07
1.950607e+07
1.974223e+07
1.979296e+07
1.945765e+07
1.960957e+07
1.962018e+07
1.975421e+07
1.950727e+07
1.968247e+07
1.945641e+07
1.984349e+07
1.967036e+07
1.945840e+07
1.975990e+07
1.968434e+07
1.964038e+07
1.966683e+07
1.963583e+07
1.962641e+07
1.959496e+07
1.970723e+07
1.969403e+07
1.947333e+07
1.968492e+07
1.972016e+07
1.957084e+07
1.950235e+07
1.981433e+07
1.972194e+07
1.952565e+07
1.954944e+07
1.973068e+07
1.970170e+07
1.944756e+07
1.972275e+07
1.978674e+07
1.955887e+07
1.954085e+07
1.970095e+07
1.961919e+07
1.965893e+07
1.964911e+07
1.951844e+07
1.979226e+07
1.961601e+07
1.959765e+07
1.966075e+07
1.962692e+07
1.962553e+07
1.965772e+07
1.962654e+07
1.968085e+07
1.951476e+07
1.971569e+07
1.971847e+07
1.952886e+07
1.965216e+07
1.961655e+07
1.977153e+07
1.941313e+07
1.971349e+07
1.980051e+07
1.952107e+07
1.950621e+07
1.972497e+07
1.979272e+07
1.938831e+07
1.968649e+07
1.973585e+07
1.959750e+07
1.958926e+07
1.962598e+07
1.963801e+07
1.963106e+07
1.974190e+07
1.956568e+07
1.964725e+07
1.966705e+07
1.963033e+07
1.966713e+07
1.965676e+07
1.957151e+07
1.957563e+07
1.968569e+07
1.970775e+07
1.945691e+07
1.966359e+07
1.983453e+07
1.953577e+07
1.947426e+07
1.976826e+07
1.976138e+07
1.937369e+07
1.967384e+07
1.982147e+07
1.951357e+07
1.943209e+07
1.980241e+07
1.976019e+07
1.940994e+07
1.964494e+07
1.972393e+07
1.954654e+07
1.972973e+07
1.963711e+07
1.950359e+07
1.974049e+07
1.970785e+07
1.959485e+07
1.967471e+07
1.963764e+07
1.954505e+07
1.970272e+07
1.973352e+07
1.956660e+07
1.947749e+07
1.974705e+07
1.980916e+07
1.933383e+07
1.972589e+07
1.979865e+07
1.952094e+07
1.942156e+07
1.987099e+07
1.975206e+07
1.937259e+07
1.975242e+07
1.970761e+07
1.957117e+07
1.942412e+07
1.985995e+07
1.972885e+07
1.946452e+07
1.974471e+07
1.947822e+07
1.968703e+07
1.978549e+07
1.955840e+07
1.956707e+07
1.964270e+07
1.963494e+07
1.963116e+07
1.964310e+07
1.967479e+07
1.941942e+07
1.972284e+07
1.979449e+07
1.949182e+07
1.946687e+07
1.983484e+07
1.972166e+07
1.932823e+07
1.980218e+07
1.973527e+07
1.953107e+07
1.949824e+07
1.979049e+07
1.973563e+07
1.944417e+07
1.967489e+07
1.974430e+07
1.959480e+07
1.953088e+07
1.968479e+07
1.966722e+07
1.967174e+07
1.965371e+07
1.948251e+07
1.973302e+07
1.968249e+07
1.964555e+07
1.966978e+07
1.963168e+07
1.960098e+07
1.959423e+07
1.975069e+07
1.966200e+07
1.942637e+07
1.977230e+07
1.973132e+07
1.950299e+07
1.954053e+07
1.983031e+07
1.967366e+07
1.950717e+07
1.968567e+07
1.967410e+07
1.967292e+07
1.946160e+07
1.981000e+07
1.964468e+07
1.957877e+07
1.956333e+07
1.968525e+07
1.980445e+07
1.947027e+07
1.962478e+07
1.966120e+07
1.969385e+07
1.962006e+07
1.959662e+07
1.962680e+07
1.964597e+07
1.961984e+07
1.967594e+07
1.962683e+07
1.960820e+07
1.955634e+07
1.975153e+07
1.964138e+07
1.952642e+07
1.969283e+07
1.959290e+07
1.971840e+07
1.947626e+07
1.968899e+07
1.978659e+07
1.952047e+07
1.956501e+07
1.961971e+07
1.982743e+07
1.944986e+07
1.965921e+07
1.981160e+07
1.952836e+07
1.944265e+07
1.983191e+07
1.974995e+07
1.944817e+07
1.971077e+07
1.955353e+07
1.969079e+07
1.965031e+07
1.963471e+07
1.965892e+07
1.963535e+07
1.957086e+07
1.963769e+07
1.962181e+07
1.971932e+07
1.951073e+07
1.963005e+07
1.982955e+07
1.955535e+07
1.948594e+07
1.974100e+07
1.977901e+07
1.939992e+07
1.966657e+07
1.982728e+07
1.956150e+07
1.942191e+07
1.979626e+07
1.979257e+07
1.935744e+07
1.974648e+07
1.982434e+07
1.945879e+07
1.955280e+07
1.977446e+07
1.963271e+07
1.956959e+07
1.975077e+07
1.957506e+07
1.966204e+07
1.963551e+07
1.959197e+07
1.965649e+07
1.974669e+07
1.956734e+07
1.947409e+07
1.976385e+07
1.977556e+07
1.931914e+07
1.971824e+07
1.984133e+07
1.950717e+07
1.942078e+07
1.982079e+07
1.980174e+07
1.930009e+07
1.974915e+07
1.978348e+07
1.952431e+07
1.946337e+07
1.986847e+07
1.964620e+07
1.945931e+07
1.968746e+07
1.973696e+07
1.956257e+07
1.962757e+07
1.969796e+07
1.958216e+07
1.963660e+07
1.965509e+07
1.964575e+07
1.963164e+07
1.964769e+07
1.940099e+07
1.974383e+07
1.983740e+07
1.944091e+07
1.951863e+07
1.985048e+07
1.968111e+07
1.930240e+07
1.985546e+07
1.977441e+07
1.946509e+07
1.951518e+07
1.984041e+07
1.971358e+07
1.939042e+07
1.978002e+07
1.965644e+07
1.966247e+07
1.950401e+07
1.974155e+07
1.969585e+07
1.950217e+07
1.969135e+07
1.962215e+07
1.965231e+07
1.964171e+07
1.968110e+07
1.962444e+07
1.963114e+07
1.953405e+07
1.969107e+07
1.975842e+07
1.957033e+07
1.942251e+07
1.982750e+07
1.972807e+07
1.941531e+07
1.962484e+07
1.983129e+07
1.960996e+07
1.947366e+07
1.975250e+07
1.964709e+07
1.958606e+07
1.952705e+07
1.979484e+07
1.972158e+07
1.954591e+07
1.957134e+07
1.970616e+07
1.970138e+07
1.949477e+07
1.968505e+07
1.976964e+07
1.958471e+07
1.964933e+07
1.962193e+07
1.962907e+07
1.964320e+07
1.962136e+07
1.968217e+07
1.960982e+07
1.950870e+07
1.967853e+07
1.973307e+07
1.955966e+07
1.955442e+07
1.979320e+07
1.957886e+07
1.963267e+07
1.956585e+07
1.967760e+07
1.977207e+07
1.952840e+07
1.963077e+07
1.958009e+07
1.981347e+07
1.942276e+07
1.971914e+07
1.974401e+07
1.955736e+07
1.953612e+07
1.974748e+07
1.972673e+07
1.944946e+07
1.969526e+07
1.968480e+07
1.963479e+07
1.966848e+07
1.963067e+07
1.963309e+07
1.965046e+07
1.955542e+07
1.972671e+07
1.960235e+07
1.962176e+07
1.959145e+07
1.958212e+07
1.978263e+07
1.955741e+07
1.955167e+07
1.973365e+07
1.969323e+07
1.943250e+07
1.962699e+07
1.988582e+07
1.955577e+07
1.946684e+07
1.976534e+07
1.976074e+07
1.938830e+07
1.965459e+07
1.982598e+07
1.951147e+07
1.951663e+07
1.977359e+07
1.973137e+07
1.951035e+07
1.965654e+07
1.963311e+07
1.963472e+07
1.962799e+07
1.963820e+07
1.960930e+07
1.974455e+07
1.952199e+07
1.958190e+07
1.978243e+07
1.967106e+07
1.937392e+07
1.974835e+07
1.985385e+07
1.944540e+07
1.951139e+07
1.981165e+07
1.976453e+07
1.930317e+07
1.973376e+07
1.980182e+07
1.950585e+07
1.943352e+07
1.989301e+07
1.970503e+07
1.939254e+07
1.970080e+07
1.972890e+07
1.956333e+07
1.948689e+07
1.978249e+07
1.971376e+07
1.957345e+07
1.968118e+07
1.964774e+07
1.964098e+07
1.960069e+07
1.945793e+07
1.974025e+07
1.981520e+07
1.933462e+07
1.965950e+07
1.983812e+07
1.955603e+07
1.935722e+07
1.986605e+07
1.981199e+07
1.936543e+07
1.957625e+07
1.979745e+07
1.968852e+07
1.934474e+07
1.983122e+07
1.971937e+07
1.951818e+07
1.950020e+07
1.977485e+07
1.971843e+07
1.945584e+07
1.974586e+07
1.972318e+07
1.955178e+07
1.960261e+07
1.965001e+07
1.962496e+07
1.963816e+07
1.952867e+07
1.972238e+07
1.977113e+07
1.949033e+07
1.948436e+07
1.985534e+07
1.968508e+07
1.932921e+07
1.978368e+07
1.978993e+07
1.950120e+07
1.948520e+07
1.981519e+07
1.972133e+07
1.944108e+07
1.963662e+07
1.980593e+07
1.966689e+07
1.950425e+07
1.968890e+07
1.968883e+07
1.959690e+07
1.952642e+07
1.979175e+07
1.961965e+07
1.955666e+07
1.970239e+07
1.963125e+07
1.967342e+07
1.963991e+07
1.963883e+07
1.962859e+07
1.959084e+07
1.946566e+07
1.977170e+07
1.969067e+07
1.946458e+07
1.959342e+07
1.984881e+07
1.957707e+07
1.952448e+07
1.965945e+07
1.967545e+07
1.961494e+07
1.953555e+07
1.977933e+07
1.957397e+07
1.966394e+07
1.954306e+07
1.969373e+07
1.974755e+07
1.953322e+07
1.966431e+07
1.963193e+07
1.971904e+07
1.957499e+07
1.967057e+07
1.969276e+07
1.960988e+07
1.965043e+07
1.963506e+07
1.960031e+07
1.964324e+07
1.962759e+07
1.968430e+07
1.959043e+07
1.957482e+07
1.973014e+07
1.954147e+07
1.970086e+07
1.953891e+07
1.965735e+07
1.970813e+07
1.959808e+07
1.959173e+07
1.957602e+07
1.982933e+07
1.955190e+07
1.957116e+07
1.971177e+07
1.968377e+07
1.947646e+07
1.966277e+07
1.978359e+07
1.958406e+07
1.955100e+07
1.970378e+07
1.969723e+07
1.954471e+07
1.966547e+07
1.964801e+07
1.963373e+07
1.961508e+07
1.964443e+07
1.955946e+07
1.968411e+07
1.956529e+07
1.956836e+07
1.980298e+07
1.959362e+07
1.947818e+07
1.972420e+07
1.972535e+07
1.947590e+07
1.958318e+07
1.978922e+07
1.968616e+07
1.939682e+07
1.972727e+07
1.980313e+07
1.947746e+07
1.952571e+07
1.973619e+07
1.977419e+07
1.940577e+07
1.968386e+07
1.978371e+07
1.954901e+07
1.958983e+07
1.970180e+07
1.970708e+07
1.959015e+07
1.968614e+07
1.961393e+07
1.966335e+07
1.958918e+07
1.954247e+07
1.973755e+07
1.971900e+07
1.935163e+07
1.976626e+07
1.977977e+07
1.951716e+07
1.945086e+07
1.977783e+07
1.982367e+07
1.935319e+07
1.964618e+07
1.977576e+07
1.959895e+07
1.940606e+07
1.979230e+07
1.976485e+07
1.946484e+07
1.952599e+07
1.979825e+07
1.968054e+07
1.945048e+07
1.966760e+07
1.971808e+07
1.956373e+07
1.960950e+07
1.962206e+07
1.964521e+07
1.961938e+07
1.959076e+07
1.966659e+07
1.974803e+07
1.939675e+07
1.968419e+07
1.976147e+07
1.958554e+07
1.939315e+07
1.978825e+07
1.979575e+07
1.944853e+07
1.950060e+07
1.979785e+07
1.971442e+07
1.938788e+07
1.971096e+07
1.969747e+07
1.960576e+07
1.944594e+07
1.979758e+07
1.968665e+07
1.953322e+07
1.953720e+07
1.978722e+07
1.966525e+07
1.953036e+07
1.968788e+07
1.964701e+07
1.968643e+07
1.964793e+07
1.965999e+07
1.964398e+07
1.951691e+07
1.963414e+07
1.971350e+07
1.963019e+07
1.946101e+07
1.969096e+07
1.975779e+07
1.953441e+07
1.949015e+07
1.977731e+07
1.969775e+07
1.949163e+07
1.959192e+07
1.975537e+07
1.967153e+07
1.950855e+07
1.963865e+07
1.969880e+07
1.966595e+07
1.949452e+07
1.970348e+07
1.966237e+07
1.959830e+07
1.954735e+07
1.969911e+07
1.967847e+07
1.955983e+07
1.967163e+07
1.962819e+07
1.958838e+07
1.966108e+07
1.966618e+07
1.957684e+07
1.959461e+07
1.961579e+07
1.970040e+07
1.959606e+07
1.956351e+07
1.966087e+07
1.965272e+07
1.957459e+07
1.958747e+07
1.971819e+07
1.957920e+07
1.964243e+07
1.952925e+07
1.973459e+07
1.965852e+07
1.959009e+07
1.955496e+07
1.970471e+07
1.969823e+07
1.955554e+07
1.964722e+07
1.969344e+07
1.963997e+07
1.960306e+07
1.966514e+07
1.968241e+07
1.963173e+07
1.961460e+07
1.957878e+07
1.963599e+07
1.964663e+07
1.961618e+07
1.957317e+07
1.971248e+07
1.956872e+07
1.959487e+07
1.965288e+07
1.966441e+07
1.960333e+07
1.955795e+07
1.973877e+07
1.958273e+07
1.961302e+07
1.963136e+07
1.971000e+07
1.953578e+07
1.964867e+07
1.968306e+07
1.965837e+07
1.954501e+07
1.965784e+07
1.969139e+07
1.960393e+07
1.963326e+07
1.962452e+07
1.973108e+07
1.959023e+07
1.966345e+07
1.964609e+07
1.963984e+07
1.961333e+07
1.958768e+07
1.968791e+07
1.962088e+07
1.956459e+07
1.963834e+07
1.971706e+07
1.956138e+07
1.955465e+07
1.971537e+07
1.964308e+07
1.955531e+07
1.961245e+07
1.970730e+07
1.959676e+07
1.958869e+07
1.965594e+07
1.969106e+07
1.956958e+07
1.961693e+07
1.968081e+07
1.966875e+07
1.959674e+07
1.962848e+07
1.970406e+07
1.964086e+07
1.962461e+07
1.963340e+07
1.963449e+07
1.961404e+07
1.962508e+07
1.966035e+07
1.960289e+07
1.958367e+07
1.964819e+07
1.968058e+07
1.960936e+07
1.956540e+07
1.968255e+07
1.967862e+07
1.957656e+07
1.961539e+07
1.968578e+07
1.965406e+07
1.958975e+07
1.962826e+07
1.969428e+07
1.965562e+07
1.958820e+07
1.964198e+07
1.970934e+07
1.963832e+07
1.959712e+07
1.967956e+07
1.970280e+07
1.963268e+07
1.964624e+07
1.969541e+07
1.969760e+07
1.967868e+07

SCALARS mass double 1
LOOKUP_TABLE default
4.430000e-07
4.430000e-07
4.430000e-07
4.430000e-07
4.430000e-07
4.430000e-07
4.430000e-07
4.430000e-07
4.430000e-07
4.430000e-07
4.430000e-07
4.430000e-07
4.430000e-07
4.430000e-07
4.430000e-07
4.430000e-07
4.430000e-07
4.430000e-07
4.430000e-07
4.430000e-07
4.430000e-07
4.430000e-07
4.430000e-07
4.430000e-07
4.430000e-07
4.430000e-07
4.430000e-07
4.430000e-07
4.430000e-07
4.430000e-07
4.430000e-07
4.430000e-07
4.430000e-07
4.430000e-07
4.430000e-07
4.430000e-07
4.430000e-07
4.430000e-07
4.430000e-07
4.430000e-07
4.430000e-07
4.430000e-07
4.430000e-07
4.430000e-07
4.430000e-07
4.430000e-07
4.430000e-07
4.430000e-07
4.430000e-07
4.430000e-07
4.430000e-07
4.430000e-07
4.430000e-07
4.430000e-07
4.430000e-07
4.430000e-07
4.430000e-07
4.430000e-07
4.430000e-07
4.430000e-07
4.430000e-07
4.430000e-07
4.430000e-07
4.430000e-07
4.430000e-07
4.430000e-07
4.430000e-07
4.430000e-07
4.430000e-07
4.430000e-07
4.430000e-07
4.430000e-07
4.430000e-07
4.430000e-07
4.430000e-07
4.430000e-07
4.430000e-07
4.430000e-07
4.430000e-07
4.430000e-07
4.430000e-07
4.430000e-07
4.430000e-07
4.430000e-07
4.430000e-07
4.430000e-07
4.430000e-07
4.430000e-07
4.430000e-07
4.430000e-07
4.430000e-07
4.430000e-07
4.430000e-07
4.430000e-07
4.430000e-07
4.430000e-07
4.430000e-07
4.430000e-07
4.430000e-07
4.430000e-07
4.430000e-07
4.430000e-07
4.430000e-07
4.430000e-07
4.430000e-07
4.430000e-07
4.430000e-07
4.430000e-07
4.430000e-07
4.430000e-07
4.430000e-07
4.430000e-07
4.430000e-07
4.430000e-07
4.430000e-07
4.430000e-07
4.430000e-07
4.430000e-07
4.430000e-07
4.430000e-07
4.430000e-07
4.430000e-07
4.430000e-07
4.430000e-07
4.430000e-07
4.430000e-07
4.430000e-07
4.430000e-07
4.430000e-07
4.430000e-07
4.430000e-07
4.430000e-07
4.430000e-07
4.430000e-07
4.430000e-07
4.430000e-07
4.430000e-07
4.430000e-07
4.430000e-07
4.430000e-07
4.430000e-07
4.430000e-07
4.430000e-07
4.430000e-07
4.430000e-07
4.430000e-07
4.430000e-07
4.430000e-07
4.430000e-07
4.430000e-07
4.430000e-07
4.430000e-07
4.430000e-07
4.430000e-07
4.430000e-07
4.430000e-07
4.430000e-07
4.430000e-07
4.430000e-07
4.430000e-07
4.430000e-07
4.430000e-07
4.430000e-07
4.430000e-07
4.430000e-07
4.430000e-07
4.430000e-07
4.430000e-07
4.430000e-07
4.430000e-07
4.430000e-07
4.430000e-07
4.430000e-07
4.430000e-07
4.430000e-07
4.430000e-07
4.430000e-07
4.430000e-07
4.430000e-07
4.430000e-07
4.430000e-07
4.430000e-07
4.430000e-07
4.430000e-07
4.430000e-07
4.430000e-07
4.430000e-07
4.430000e-07
4.430000e-07
4.430000e-07
4.430000e-07
4.430000e-07
4.430000e-07
4.430000e-07
4.430000e-07
4.430000e-07
4.430000e-07
4.430000e-07
4.430000e-07
4.430000e-07
4.430000e-07
4.430000e-07
4.430000e-07
4.430000e-07
4.430000e-07
4.430000e-07
4.430000e-07
4.430000e-07
4.430000e-07
4.430000e-07
4.430000e-07
4.430000e-07
4.430000e-07
4.430000e-07
4.430000e-07
4.430000e-07
4.430000e-07
4.430000e-07
4.430000e-07
4.430000e-07
4.430000e-07
4.430000e-07
4.430000e-07
4.430000e-07
4.430000e-07
4.430000e-07
4.430000e-07
4.430000e-07
4.430000e-07
4.430000e-07
4.430000e-07
4.430000e-07
4.430000e-07
4.430000e-07
4.430000e-07
4.430000e-07
4.430000e-07
4.430000e-07
4.430000e-07
4.430000e-07
4.430000e-07
4.430000e-07
4.430000e-07
4.430000e-07
4.430000e-07
4.430000e-07
4.430000e-07
4.430000e-07
4.430000e-07
4.430000e-07
4.430000e-07
4.430000e-07
4.430000e-07
4.430000e-07
4.430000e-07
4.430000e-07
4.430000e-07
4.430000e-07
4.430000e-07
4.430000e-07
4.430000e-07
4.430000e-07
4.430000e-07
4.430000e-07
4.430000e-07
4.430000e-07
4.430000e-07
4.430000e-07
4.430000e-07
4.430000e-07
4.430000e-07
4.430000e-07
4.430000e-07
4.430000e-07
4.430000e-07
4.430000e-07
4.430000e-07
4.430000e-07
4.430000e-07
4.430000e-07
4.430000e-07
4.430000e-07
4.430000e-07
4.430000e-07
4.430000e-07
4.430000e-07
4.430000e-07
4.430000e-07
4.430000e-07
4.430000e-07
4.430000e-07
4.430000e-07
4.430000e-07
4.430000e-07
4.430000e-07
4.430000e-07
4.430000e-07
4.430000e-07
4.430000e-07
4.430000e-07
4.430000e-07
4.430000e-07
4.430000e-07
4.430000e-07
4.430000e-07
4.430000e-07
4.430000e-07
4.430000e-07
4.430000e-07
4.430000e-07
4.430000e-07
4.430000e-07
4.430000e-07
4.430000e-07
4.430000e-07
4.430000e-07
4.430000e-07
4.430000e-07
4.430000e-07
4.430000e-07
4.430000e-07
4.430000e-07
4.430000e-07
4.430000e-07
4.430000e-07
4.430000e-07
4.430000e-07
4.430000e-07
4.430000e-07
4.430000e-07
4.430000e-07
4.430000e-07
4.430000e-07
4.430000e-07
4.430000e-07
4.430000e-07
4.430000e-07
4.430000e-07
4.430000e-07
4.430000e-07
4.430000e-07
4.430000e-07
4.430000e-07
4.430000e-07
4.430000e-07
4.430000e-07
4.430000e-07
4.430000e-07
4.430000e-07
4.430000e-07
4.430000e-07
4.430000e-07
4.430000e-07
4.430000e-07
4.430000e-07
4.430000e-07
4.430000e-07
4.430000e-07
4.430000e-07
4.430000e-07
4.430000e-07
4.430000e-07
4.430000e-07
4.430000e-07
4.430000e-07
4.430000e-07
4.430000e-07
4.430000e-07
4.430000e-07
4.430000e-07
4.430000e-07
4.430000e-07
4.430000e-07
4.430000e-07
4.430000e-07
4.430000e-07
4.430000e-07
4.430000e-07
4.430000e-07
4.430000e-07
4.430000e-07
4.430000e-07
4.430000e-07
4.430000e-07
4.430000e-07
4.430000e-07
4.430000e-07
4.430000e-07
4.430000e-07
4.430000e-07
4.430000e-07
4.430000e-07
4.430000e-07
4.430000e-07
4.430000e-07
4.430000e-07
4.430000e-07
4.430000e-07
4.430000e-07
4.430000e-07
4.430000e-07
4.430000e-07
4.430000e-07
4.430000e-07
4.430000e-07
4.430000e-07
4.430000e-07
4.430000e-07
4.430000e-07
4.430000e-07
4.430000e-07
4.430000e-07
4.430000e-07
4.430000e-07
4.430000e-07
4.430000e-07
4.430000e-07
4.430000e-07
4.430000e-07
4.430000e-07
4.430000e-07
4.430000e-07
4.430000e-07
4.430000e-07
4.430000e-07
4.430000e-07
4.430000e-07
4.430000e-07
4.430000e-07
4.430000e-07
4.430000e-07
4.430000e-07
4.430000e-07
4.430000e-07
4.430000e-07
4.430000e-07
4.430000e-07
4.430000e-07
4.430000e-07
4.430000e-07
4.430000e-07
4.430000e-07
4.430000e-07
4.430000e-07
4.430000e-07
4.430000e-07
4.430000e-07
4.430000e-07
4.430000e-07
4.430000e-07
4.430000e-07
4.430000e-07
4.430000e-07
4.430000e-07
4.430000e-07
4.430000e-07
4.430000e-07
4.430000e-07
4.430000e-07
4.430000e-07
4.430000e-07
4.430000e-07
4.430000e-07
4.430000e-07
4.430000e-07
4.430000e-07
4.430000e-07
4.430000e-07
4.430000e-07
4.430000e-07
4.430000e-07
4.430000e-07
4.430000e-07
4.430000e-07
4.430000e-07
4.430000e-07
4.430000e-07
4.430000e-07
4.430000e-07
4.430000e-07
4.430000e-07
4.430000e-07
4.430000e-07
4.430000e-07
4.430000e-07
4.430000e-07
4.430000e-07
4.430000e-07
4.430000e-07
4.430000e-07
4.430000e-07
4.430000e-07
4.430000e-07
4.430000e-07
4.430000e-07
4.430000e-07
4.430000e-07
4.430000e-07
4.430000e-07
4.430000e-07
4.430000e-07
4.430000e-07
4.430000e-07
4.430000e-07
4.430000e-07
4.430000e-07
4.430000e-07
4.430000e-07
4.430000e-07
4.430000e-07
4.430000e-07
4.430000e-07
4.430000e-07
4.430000e-07
4.430000e-07
4.430000e-07
4.430000e-07
4.430000e-07
4.430000e-07
4.430000e-07
4.430000e-07
4.430000e-07
4.430000e-07
4.430000e-07
4.430000e-07
4.430000e-07
4.430000e-07
4.430000e-07
4.430000e-07
4.430000e-07
4.430000e-07
4.430000e-07
4.430000e-07
4.430000e-07
4.430000e-07
4.430000e-07
4.430000e-07
4.430000e-07
4.430000e-07
4.430000e-07
4.430000e-07
4.430000e-07
4.430000e-07
4.430000e-07
4.430000e-07
4.430000e-07
4.430000e-07
4.430000e-07
4.430000e-07
4.430000e-07
4.430000e-07
4.430000e-07
4.430000e-07
4.430000e-07
4.430000e-07
4.430000e-07
4.430000e-07
4.430000e-07
4.430000e-07
4.430000e-07
4.430000e-07
4.430000e-07
4.430000e-07
4.430000e-07
4.430000e-07
4.430000e-07
4.430000e-07
4.430000e-07
4.430000e-07
4.430000e-07
4.430000e-07
4.430000e-07
4.430000e-07
4.430000e-07
4.430000e-07
4.430000e-07
4.430000e-07
4.430000e-07
4.430000e-07
4.430000e-07
4.430000e-07
4.430000e-07
4.430000e-07
4.430000e-07
4.430000e-07
4.430000e-07
4.430000e-07
4.430000e-07
4.430000e-07
4.430000e-07
4.430000e-07
4.430000e-07
4.430000e-07
4.430000e-07
4.430000e-07
4.430000e-07
4.430000e-07
4.430000e-07
4.430000e-07
4.430000e-07
4.430000e-07
4.430000e-07
4.430000e-07
4.430000e-07
4.430000e-07
4.430000e-07
4.430000e-07
4.430000e-07
4.430000e-07
4.430000e-07
4.430000e-07
4.430000e-07
4.430000e-07
4.430000e-07
4.430000e-07
4.430000e-07
4.430000e-07
4.430000e-07
4.430000e-07
4.430000e-07
4.430000e-07
4.430000e-07
4.430000e-07
4.430000e-07
4.430000e-07
4.430000e-07
4.430000e-07
4.430000e-07
4.430000e-07
4.430000e-07
4.430000e-07
4.430000e-07
4.430000e-07
4.430000e-07
4.430000e-07
4.430000e-07
4.430000e-07
4.430000e-07
4.430000e-07
4.430000e-07
4.430000e-07
4.430000e-07
4.430000e-07
4.430000e-07
4.430000e-07
4.430000e-07
4.430000e-07
4.430000e-07
4.430000e-07
4.430000e-07
4.430000e-07
4.430000e-07
4.430000e-07
4.430000e-07
4.430000e-07
4.430000e-07
4.430000e-07
4.430000e-07
4.430000e-07
4.430000e-07
4.430000e-07
4.430000e-07
4.430000e-07
4.430000e-07
4.430000e-07
4.430000e-07
4.430000e-07
4.430000e-07
4.430000e-07
4.430000e-07
4.430000e-07
4.430000e-07
4.430000e-07
4.430000e-07
4.430000e-07
4.430000e-07
4.430000e-07
4.430000e-07
4.430000e-07
4.430000e-07
4.430000e-07
4.430000e-07
4.430000e-07
4.430000e-07
4.430000e-07
4.430000e-07
4.430000e-07
4.430000e-07
4.430000e-07
4.430000e-07
4.430000e-07
4.430000e-07
4.430000e-07
4.430000e-07
4.430000e-07
4.430000e-07
4.430000e-07
4.430000e-07
4.430000e-07
4.430000e-07
4.430000e-07
4.430000e-07
4.430000e-07
4.430000e-07
4.430000e-07
4.430000e-07
4.430000e-07
4.430000e-07
4.430000e-07
4.430000e-07
4.430000e-07
4.430000e-07
4.430000e-07
4.430000e-07
4.430000e-07
4.430000e-07
4.430000e-07
4.430000e-07
4.430000e-07
4.430000e-07
4.430000e-07
4.430000e-07
4.430000e-07
4.430000e-07
4.430000e-07
4.430000e-07
4.430000e-07
4.430000e-07
4.430000e-07
4.430000e-07
4.430000e-07
4.430000e-07
4.430000e-07
4.430000e-07
4.430000e-07
4.430000e-07
4.430000e-07
4.430000e-07
4.430000e-07
4.430000e-07
4.430000e-07
4.430000e-07
4.430000e-07
4.430000e-07
4.430000e-07
4.430000e-07
4.430000e-07
4.430000e-07
4.430000e-07
4.430000e-07
4.430000e-07
4.430000e-07
4.430000e-07
4.430000e-07
4.430000e-07
4.430000e-07
4.430000e-07
4.430000e-07
4.430000e-07
4.430000e-07
4.430000e-07
4.430000e-07
4.430000e-07
4.430000e-07
4.430000e-07
4.430000e-07
4.430000e-07
4.430000e-07
4.430000e-07
4.430000e-07
4.430000e-07
4.430000e-07
4.430000e-07
4.430000e-07
4.430000e-07
4.430000e-07
4.430000e-07
4.430000e-07
4.430000e-07
4.430000e-07
4.430000e-07
4.430000e-07
4.430000e-07
4.430000e-07
4.430000e-07
4.430000e-07
4.430000e-07
4.430000e-07
4.430000e-07
4.430000e-07
4.430000e-07
4.430000e-07
4.430000e-07
4.430000e-07
4.430000e-07
4.430000e-07
4.430000e-07
4.430000e-07
4.430000e-07
4.430000e-07
4.430000e-07
4.430000e-07
4.430000e-07
4.430000e-07
4.430000e-07
4.430000e-07
4.430000e-07
4.430000e-07
4.430000e-07
4.430000e-07
4.430000e-07
4.430000e-07
4.430000e-07
4.430000e-07
4.430000e-07
4.430000e-07
4.430000e-07
4.430000e-07
4.430000e-07
4.430000e-07
4.430000e-07
4.430000e-07
4.430000e-07
4.430000e-07
4.430000e-07
4.430000e-07
4.430000e-07
4.430000e-07
4.430000e-07
4.430000e-07
4.430000e-07
4.430000e-07
4.430000e-07
4.430000e-07
4.430000e-07
4.430000e-07
4.430000e-07
4.430000e-07
4.430000e-07
4.430000e-07
4.430000e-07
4.430000e-07
4.430000e-07
4.430000e-07
4.430000e-07
4.430000e-07
4.430000e-07
4.430000e-07
4.430000e-07
4.430000e-07
4.430000e-07
4.430000e-07
4.430000e-07
4.430000e-07
4.430000e-07
4.430000e-07
4.430000e-07
4.430000e-07
4.430000e-07
4.430000e-07
4.430000e-07
4.430000e-07
4.430000e-07
4.430000e-07
4.430000e-07
4.430000e-07
4.430000e-07
4.430000e-07
4.430000e-07
4.430000e-07
4.430000e-07
4.430000e-07
4.430000e-07
4.430000e-07
4.430000e-07
4.430000e-07
4.430000e-07
4.430000e-07
4.430000e-07
4.430000e-07
4.430000e-07
4.430000e-07
4.430000e-07
4.430000e-07
4.430000e-07
4.430000e-07
4.430000e-07
4.430000e-07
4.430000e-07
4.430000e-07
4.430000e-07
4.430000e-07
4.430000e-07
4.430000e-07
4.430000e-07
4.430000e-07
4.430000e-07
4.430000e-07
4.430000e-07
4.430000e-07
4.430000e-07
4.430000e-07
4.430000e-07
4.430000e-07
4.430000e-07
4.430000e-07
4.430000e-07
4.430000e-07
4.430000e-07
4.430000e-07
4.430000e-07
4.430000e-07
4.430000e-07
4.430000e-07
4.430000e-07
4.430000e-07
4.430000e-07
4.430000e-07
4.430000e-07
4.430000e-07
4.430000e-07
4.430000e-07
4.430000e-07
4.430000e-07
4.430000e-07
4.430000e-07
4.430000e-07
4.430000e-07
4.430000e-07
4.430000e-07
4.430000e-07
4.430000e-07
4.430000e-07
4.430000e-07
4.430000e-07
4.430000e-07
4.430000e-07
4.430000e-07
4.430000e-07
4.430000e-07
4.430000e-07
4.430000e-07
4.430000e-07
4.430000e-07
4.430000e-07
4.430000e-07
4.430000e-07
4.430000e-07
4.430000e-07
4.430000e-07
4.430000e-07
4.430000e-07
4.430000e-07
4.430000e-07
4.430000e-07
4.430000e-07
4.430000e-07
4.430000e-07
4.430000e-07
4.430000e-07
4.430000e-07
4.430000e-07
4.430000e-07
4.430000e-07
4.430000e-07
4.430000e-07
4.430000e-07
4.430000e-07
4.430000e-07
4.430000e-07
4.430000e-07
4.430000e-07
4.430000e-07
4.430000e-07
4.430000e-07
4.430000e-07
4.430000e-07
4.430000e-07
4.430000e-07
4.430000e-07
4.430000e-07
4.430000e-07
4.430000e-07
4.430000e-07
4.430000e-07
4.430000e-07
4.430000e-07
4.430000e-07
4.430000e-07
4.430000e-07
4.430000e-07
4.430000e-07
4.430000e-07
4.430000e-07
4.430000e-07
4.430000e-07
4.430000e-07
4.430000e-07
4.430000e-07
4.430000e-07
4.430000e-07
4.430000e-07
4.430000e-07
4.430000e-07
4.430000e-07
4.430000e-07
4.430000e-07
4.430000e-07
4.430000e-07
4.430000e-07
4.430000e-07
4.430000e-07
4.430000e-07
4.430000e-07
4.430000e-07
4.430000e-07
4.430000e-07
4.430000e-07
4.430000e-07
4.430000e-07
4.430000e-07
4.430000e-07
4.430000e-07
4.430000e-07
4.430000e-07
4.430000e-07
4.430000e-07
4.430000e-07
4.430000e-07
4.430000e-07
4.430000e-07
4.430000e-07
4.430000e-07
4.430000e-07
4.430000e-07
4.430000e-07
4.430000e-07
4.430000e-07
4.430000e-07
4.430000e-07
4.430000e-07
4.430000e-07
4.430000e-07
4.430000e-07
4.430000e-07
4.430000e-07
4.430000e-07
4.430000e-07
4.430000e-07
4.430000e-07
4.430000e-07
4.430000e-07
4.430000e-07
4.430000e-07
4.430000e-07
4.430000e-07
4.430000e-07
4.430000e-07
4.430000e-07
4.430000e-07
4.430000e-07
4.430000e-07
4.430000e-07
4.430000e-07
4.430000e-07
4.430000e-07
4.430000e-07
4.430000e-07
4.430000e-07
4.430000e-07
4.430000e-07
4.430000e-07
4.430000e-07
4.430000e-07
4.430000e-07
4.430000e-07
4.430000e-07
4.430000e-07
4.430000e-07
4.430000e-07
4.430000e-07
4.430000e-07
4.430000e-07
4.430000e-07
4.430000e-07
4.430000e-07
4.430000e-07
4.430000e-07
4.430000e-07
4.430000e-07
4.430000e-07
4.430000e-07
4.430000e-07
4.430000e-07
4.430000e-07
4.430000e-07
4.430000e-07
4.430000e-07
4.430000e-07
4.430000e-07
4.430000e-07
4.430000e-07
4.430000e-07
4.430000e-07
4.430000e-07
4.430000e-07
4.430000e-07
4.430000e-07
4.430000e-07
4.430000e-07
4.430000e-07
4.430000e-07
4.430000e-07
4.430000e-07
4.430000e-07
4.430000e-07
4.430000e-07
4.430000e-07
4.430000e-07
4.430000e-07
4.430000e-07
4.430000e-07
4.430000e-07
4.430000e-07
4.430000e-07
4.430000e-07
4.430000e-07
4.430000e-07
4.430000e-07
4.430000e-07
4.430000e-07
4.430000e-07
4.430000e-07
4.430000e-07
4.430000e-07
4.430000e-07
4.430000e-07
4.430000e-07
4.430000e-07
4.430000e-07
4.430000e-07
4.430000e-07
4.430000e-07
4.430000e-07
4.430000e-07
4.430000e-07
4.430000e-07
4.430000e-07
4.430000e-07
4.430000e-07
4.430000e-07
4.430000e-07
4.430000e-07
4.430000e-07
4.430000e-07
4.430000e-07
4.430000e-07
4.430000e-07
4.430000e-07
4.430000e-07
4.430000e-07
4.430000e-07
4.430000e-07
4.430000e-07
4.430000e-07
4.430000e-07
4.430000e-07
4.430000e-07
4.430000e-07
4.430000e-07
4.430000e-07
4.430000e-07
4.430000e-07
4.430000e-07
4.430000e-07
4.430000e-07
4.430000e-07
4.430000e-07
4.430000e-07
4.430000e-07
4.430000e-07
4.430000e-07
4.430000e-07
4.430000e-07
4.430000e-07
4.430000e-07
4.430000e-07
4.430000e-07
4.430000e-07
4.430000e-07
4.430000e-07
4.430000e-07
4.430000e-07
4.430000e-07
4.430000e-07
4.430000e-07
4.430000e-07
4.430000e-07
4.430000e-07
4.430000e-07
4.430000e-07
4.430000e-07
4.430000e-07
4.430000e-07
4.430000e-07
4.430000e-07
4.430000e-07
4.430000e-07
4.430000e-07
4.430000e-07
4.430000e-07
4.430000e-07
4.430000e-07
4.430000e-07
4.430000e-07
4.430000e-07
4.430000e-07
4.430000e-07
4.430000e-07
4.430000e-07
4.430000e-07
4.430000e-07
4.430000e-07
4.430000e-07
4.430000e-07
4.430000e-07
4.430000e-07
4.430000e-07
4.430000e-07
4.430000e-07
4.430000e-07
4.430000e-07
4.430000e-07
4.430000e-07
4.430000e-07
4.430000e-07
4.430000e-07
4.430000e-07
4.430000e-07
4.430000e-07
4.430000e-07
4.430000e-07
4.430000e-07
4.430000e-07
4.430000e-07
4.430000e-07
4.430000e-07
4.430000e-07
4.430000e-07
4.430000e-07
4.430000e-07
4.430000e-07
4.430000e-07
4.430000e-07
4.430000e-07
4.430000e-07
4.430000e-07
4.430000e-07
4.430000e-07
4.430000e-07
4.430000e-07
4.430000e-07
4.430000e-07
4.430000e-07
4.430000e-07
4.430000e-07
4.430000e-07
4.430000e-07
4.430000e-07
4.430000e-07
4.430000e-07
4.430000e-07
4.430000e-07
4.430000e-07
4.430000e-07
4.430000e-07
4.430000e-07
4.430000e-07
4.430000e-07
4.430000e-07
4.430000e-07
4.430000e-07
4.430000e-07
4.430000e-07
4.430000e-07
4.430000e-07
4.430000e-07
4.430000e-07
4.430000e-07
4.430000e-07
4.430000e-07
4.430000e-07
4.430000e-07
4.430000e-07
4.430000e-07
4.430000e-07
4.430000e-07
4.430000e-07
4.430000e-07
4.430000e-07
4.430000e-07
4.430000e-07
4.430000e-07
4.430000e-07
4.430000e-07
4.430000e-07
4.430000e-07
4.430000e-07
4.430000e-07
4.430000e-07
4.430000e-07
4.430000e-07
4.430000e-07
4.430000e-07
4.430000e-07
4.430000e-07
4.430000e-07
4.430000e-07
4.430000e-07
4.430000e-07
4.430000e-07
4.430000e-07
4.430000e-07
4.430000e-07
4.430000e-07
4.430000e-07
4.430000e-07
4.430000e-07
4.430000e-07
4.430000e-07
4.430000e-07
4.430000e-07
4.430000e-07
4.430000e-07
4.430000e-07
4.430000e-07
4.430000e-07
4.430000e-07
4.430000e-07
4.430000e-07
4.430000e-07
4.430000e-07
4.430000e-07
4.430000e-07
4.430000e-07
4.430000e-07
4.430000e-07
4.430000e-07
4.430000e-07
4.430000e-07
4.430000e-07
4.430000e-07
4.430000e-07
4.430000e-07
4.430000e-07
4.430000e-07
4.430000e-07
4.430000e-07
4.430000e-07
4.430000e-07
4.430000e-07
4.430000e-07
4.430000e-07
4.430000e-07
4.430000e-07
4.430000e-07
4.430000e-07
4.430000e-07
4.430000e-07
4.430000e-07
4.430000e-07
4.430000e-07
4.430000e-07
4.430000e-07
4.430000e-07
4.430000e-07
4.430000e-07
4.430000e-07
4.430000e-07
4.430000e-07
4.430000e-07
4.430000e-07
4.430000e-07
4.430000e-07
4.430000e-07
4.430000e-07
4.430000e-07
4.430000e-07
4.430000e-07
4.430000e-07
4.430000e-07
4.430000e-07
4.430000e-07
4.430000e-07
4.430000e-07
4.430000e-07
4.430000e-07
4.430000e-07
4.430000e-07
4.430000e-07
4.430000e-07
4.430000e-07
4.430000e-07
4.430000e-07
4.430000e-07
4.430000e-07
4.430000e-07
4.430000e-07
4.430000e-07
4.430000e-07
4.430000e-07
4.430000e-07
4.430000e-07
4.430000e-07
4.430000e-07
4.430000e-07
4.430000e-07
4.430000e-07
4.430000e-07
4.430000e-07
4.430000e-07
4.430000e-07
4.430000e-07
4.430000e-07
4.430000e-07
4.430000e-07
4.430000e-07
4.430000e-07
4.430000e-07
4.430000e-07
4.430000e-07
4.430000e-07
4.430000e-07
4.430000e-07
4.430000e-07
4.430000e-07
4.430000e-07
4.430000e-07
4.430000e-07
4.430000e-07
4.430000e-07
4.430000e-07
4.430000e-07
4.430000e-07
4.430000e-07
4.430000e-07
4.430000e-07
4.430000e-07
4.430000e-07
4.430000e-07
4.430000e-07
4.430000e-07
4.430000e-07
4.430000e-07
4.430000e-07
4.430000e-07
4.430000e-07
4.430000e-07
4.430000e-07
4.430000e-07
4.430000e-07
4.430000e-07
4.430000e-07
4.430000e-07
4.430000e-07
4.430000e-07
4.430000e-07
4.430000e-07
4.430000e-07
4.430000e-07
4.430000e-07
4.430000e-07
4.430000e-07
4.430000e-07
4.430000e-07
4.430000e-07
4.430000e-07
4.430000e-07
4.430000e-07
4.430000e-07
4.430000e-07
4.430000e-07
4.430000e-07
4.430000e-07
4.430000e-07
4.430000e-07
4.430000e-07
4.430000e-07
4.430000e-07
4.430000e-07
4.430000e-07
4.430000e-07
4.430000e-07
4.430000e-07
4.430000e-07
4.430000e-07
4.430000e-07
4.430000e-07
4.430000e-07
4.430000e-07
4.430000e-07
4.430000e-07
4.430000e-07
4.430000e-07
4.430000e-07
4.430000e-07
4.430000e-07
4.430000e-07
4.430000e-07
4.430000e-07
4.430000e-07
4.430000e-07
4.430000e-07
4.430000e-07
4.430000e-07
4.430000e-07
4.430000e-07
4.430000e-07
4.430000e-07
4.430000e-07
4.430000e-07
4.430000e-07
4.430000e-07
4.430000e-07
4.430000e-07
4.430000e-07
4.430000e-07
4.430000e-07
4.430000e-07
4.430000e-07
4.430000e-07
4.430000e-07
4.430000e-07
4.430000e-07
4.430000e-07
4.430000e-07
4.430000e-07
4.430000e-07
4.430000e-07
4.430000e-07
4.430000e-07
4.430000e-07
4.430000e-07
4.430000e-07
4.430000e-07
4.430000e-07
4.430000e-07
4.430000e-07
4.430000e-07
4.430000e-07
4.430000e-07
4.430000e-07
4.430000e-07
4.430000e-07
4.430000e-07
4.430000e-07
4.430000e-07
4.430000e-07
4.430000e-07
4.430000e-07
4.430000e-07
4.430000e-07
4.430000e-07
4.430000e-07
4.430000e-07
4.430000e-07
4.430000e-07
4.430000e-07
4.430000e-07
4.430000e-07
4.430000e-07
4.430000e-07
4.430000e-07
4.430000e-07
4.430000e-07
4.430000e-07
4.430000e-07
4.430000e-07
4.430000e-07
4.430000e-07
4.430000e-07
4.430000e-07
4.430000e-07
4.430000e-07
4.430000e-07
4.430000e-07
4.430000e-07
4.430000e-07
4.430000e-07
4.430000e-07
4.430000e-07
4.430000e-07
4.430000e-07
4.430000e-07
4.430000e-07
4.430000e-07
4.430000e-07
4.430000e-07
4.430000e-07
4.430000e-07
4.430000e-07
4.430000e-07
4.430000e-07
4.430000e-07
4.430000e-07
4.430000e-07
4.430000e-07
4.430000e-07
4.430000e-07
4.430000e-07
4.430000e-07
4.430000e-07
4.430000e-07
4.430000e-07
4.430000e-07
4.430000e-07
4.430000e-07
4.430000e-07
4.430000e-07
4.430000e-07
4.430000e-07
4.430000e-07
4.430000e-07
4.430000e-07
4.430000e-07
4.430000e-07
4.430000e-07
4.430000e-07
4.430000e-07
4.430000e-07
4.430000e-07
4.430000e-07
4.430000e-07
4.430000e-07
4.430000e-07
4.430000e-07
4.430000e-07
4.430000e-07
4.430000e-07
4.430000e-07
4.430000e-07
4.430000e-07
4.430000e-07
4.430000e-07
4.430000e-07
4.430000e-07
4.430000e-07
4.430000e-07
4.430000e-07
4.430000e-07
4.430000e-07
4.430000e-07
4.430000e-07
4.430000e-07
4.430000e-07
4.430000e-07
4.430000e-07
4.430000e-07
4.430000e-07
4.430000e-07
4.430000e-07
4.430000e-07
4.430000e-07
4.430000e-07
4.430000e-07
4.430000e-07
4.430000e-07
4.430000e-07
4.430000e-07
4.430000e-07
4.430000e-07
4.430000e-07
4.430000e-07
4.430000e-07
4.430000e-07
4.430000e-07
4.430000e-07
4.430000e-07
4.430000e-07
4.430000e-07
4.430000e-07
4.430000e-07
4.430000e-07
4.430000e-07
4.430000e-07
4.430000e-07
4.430000e-07
4.430000e-07
4.430000e-07
4.430000e-07
4.430000e-07
4.430000e-07
4.430000e-07
4.430000e-07
4.430000e-07
4.430000e-07
4.430000e-07
4.430000e-07
4.430000e-07
4.430000e-07
4.430000e-07
4.430000e-07
4.430000e-07
4.430000e-07
4.430000e-07
4.430000e-07
4.430000e-07
4.430000e-07
4.430000e-07
4.430000e-07
4.430000e-07
4.430000e-07
4.430000e-07
4.430000e-07
4.430000e-07
4.430000e-07
4.430000e-07
4.430000e-07
4.430000e-07
4.430000e-07
4.430000e-07
4.430000e-07
4.430000e-07
4.430000e-07
4.430000e-07
4.430000e-07
4.430000e-07
4.430000e-07
4.430000e-07
4.430000e-07
4.430000e-07
4.430000e-07
4.430000e-07
4.430000e-07
4.430000e-07
4.430000e-07
4.430000e-07
4.430000e-07
4.430000e-07
4.430000e-07
4.430000e-07
4.430000e-07
4.430000e-07
4.430000e-07
4.430000e-07
4.430000e-07
4.430000e-07
4.430000e-07
4.430000e-07
4.430000e-07
4.430000e-07
4.430000e-07
4.430000e-07
4.430000e-07
4.430000e-07
4.430000e-07
4.430000e-07
4.430000e-07
4.430000e-07
4.430000e-07
4.430000e-07
4.430000e-07
4.430000e-07
4.430000e-07
4.430000e-07
4.430000e-07
4.430000e-07
4.430000e-07
4.430000e-07
4.430000e-07
4.430000e-07
4.430000e-07
4.430000e-07
4.430000e-07
4.430000e-07
4.430000e-07
4.430000e-07
4.430000e-07
4.430000e-07
4.430000e-07
4.430000e-07
4.430000e-07
4.430000e-07
4.430000e-07
4.430000e-07
4.430000e-07
4.430000e-07
4.430000e-07
4.430000e-07
4.430000e-07
4.430000e-07
4.430000e-07
4.430000e-07
4.430000e-07
4.430000e-07
4.430000e-07
4.430000e-07
4.430000e-07
4.430000e-07
4.430000e-07
4.430000e-07
4.430000e-07
4.430000e-07
4.430000e-07
4.430000e-07
4.430000e-07
4.430000e-07
4.430000e-07
4.430000e-07
4.430000e-07
4.430000e-07
4.430000e-07
4.430000e-07
4.430000e-07
4.430000e-07
4.430000e-07
4.430000e-07
4.430000e-07
4.430000e-07
4.430000e-07
4.430000e-07
4.430000e-07
4.430000e-07
4.430000e-07
4.430000e-07
4.430000e-07
4.430000e-07
4.430000e-07
4.430000e-07
4.430000e-07
4.430000e-07
4.430000e-07
4.430000e-07
4.430000e-07
4.430000e-07
4.430000e-07
4.430000e-07
4.430000e-07
4.430000e-07
4.430000e-07
4.430000e-07
4.430000e-07
4.430000e-07
4.430000e-07
4.430000e-07
4.430000e-07
4.430000e-07
4.430000e-07
4.430000e-07
4.430000e-07
4.430000e-07
4.430000e-07
4.430000e-07
4.430000e-07
4.430000e-07
4.430000e-07
4.430000e-07
4.430000e-07
4.430000e-07
4.430000e-07
4.430000e-07
4.430000e-07
4.430000e-07
4.430000e-07
4.430000e-07
4.430000e-07
4.430000e-07
4.430000e-07
4.430000e-07
4.430000e-07
4.430000e-07
4.430000e-07
4.430000e-07
4.430000e-07
4.430000e-07
4.430000e-07
4.430000e-07
4.430000e-07
4.430000e-07
4.430000e-07
4.430000e-07
4.430000e-07
4.430000e-07
4.430000e-07
4.430000e-07
4.430000e-07
4.430000e-07
4.430000e-07
4.430000e-07
4.430000e-07
4.430000e-07
4.430000e-07
4.430000e-07
4.430000e-07
4.430000e-07
4.430000e-07
4.430000e-07
4.430000e-07
4.430000e-07
4.430000e-07
4.430000e-07
4.430000e-07
4.430000e-07
4.430000e-07
4.430000e-07
4.430000e-07
4.430000e-07
4.430000e-07
4.430000e-07
4.430000e-07
4.430000e-07
4.430000e-07
4.430000e-07
4.430000e-07
4.430000e-07
4.430000e-07
4.430000e-07
4.430000e-07
4.430000e-07
4.430000e-07
4.430000e-07
4.430000e-07
4.430000e-07
4.430000e-07
4.430000e-07
4.430000e-07
4.430000e-07
4.430000e-07
4.430000e-07
4.430000e-07
4.430000e-07
4.430000e-07
4.430000e-07
4.430000e-07
4.430000e-07
4.430000e-07
4.430000e-07
4.430000e-07
4.430000e-07
4.430000e-07
4.430000e-07
4.430000e-07
4.430000e-07
4.430000e-07
4.430000e-07
4.430000e-07
4.430000e-07
4.430000e-07
4.430000e-07
4.430000e-07
4.430000e-07
4.430000e-07
4.430000e-07
4.430000e-07
4.430000e-07
4.430000e-07
4.430000e-07
4.430000e-07
4.430000e-07
4.430000e-07
4.430000e-07
4.430000e-07
4.430000e-07
4.430000e-07
4.430000e-07
4.430000e-07
4.430000e-07
4.430000e-07
4.430000e-07
4.430000e-07
4.430000e-07
4.430000e-07
4.430000e-07
4.430000e-07
4.430000e-07
4.430000e-07
4.430000e-07
4.430000e-07
4.430000e-07
4.430000e-07
4.430000e-07
4.430000e-07
4.430000e-07
4.430000e-07
4.430000e-07
4.430000e-07
4.430000e-07
4.430000e-07
4.430000e-07
4.430000e-07
4.430000e-07
4.430000e-07
4.430000e-07
4.430000e-07
4.430000e-07
4.430000e-07
4.430000e-07
4.430000e-07
4.430000e-07
4.430000e-07
4.430000e-07
4.430000e-07
4.430000e-07
4.430000e-07
4.430000e-07
4.430000e-07
4.430000e-07
4.430000e-07
4.430000e-07
4.430000e-07
4.430000e-07
4.430000e-07
4.430000e-07
4.430000e-07
4.430000e-07
4.430000e-07
4.430000e-07
4.430000e-07
4.430000e-07
4.430000e-07
4.430000e-07
4.430000e-07
4.430000e-07
4.430000e-07
4.430000e-07
4.430000e-07
4.430000e-07
4.430000e-07
4.430000e-07
4.430000e-07
4.430000e-07
4.430000e-07
4.430000e-07
4.430000e-07
4.430000e-07
4.430000e-07
4.430000e-07
4.430000e-07
4.430000e-07
4.430000e-07
4.430000e-07
4.430000e-07
4.430000e-07
4.430000e-07
4.430000e-07
4.430000e-07
4.430000e-07
4.430000e-07
4.430000e-07
4.430000e-07
4.430000e-07
4.430000e-07
4.430000e-07
4.430000e-07
4.430000e-07
4.430000e-07
4.430000e-07
4.430000e-07
4.430000e-07
4.430000e-07
4.430000e-07
4.430000e-07
4.430000e-07
4.430000e-07
4.430000e-07
4.430000e-07
4.430000e-07
4.430000e-07
4.430000e-07
4.430000e-07
4.430000e-07
4.430000e-07
4.430000e-07
4.430000e-07
4.430000e-07
4.430000e-07
4.430000e-07
4.430000e-07
4.430000e-07
4.430000e-07
4.430000e-07
4.430000e-07
4.430000e-07
4.430000e-07
4.430000e-07
4.430000e-07
4.430000e-07
4.430000e-07
4.430000e-07
4.430000e-07
4.430000e-07
4.430000e-07
4.430000e-07
4.430000e-07
4.430000e-07
4.430000e-07
4.430000e-07
4.430000e-07
4.430000e-07
4.430000e-07
4.430000e-07
4.430000e-07
4.430000e-07
4.430000e-07
4.430000e-07
4.430000e-07
4.430000e-07
4.430000e-07
4.430000e-07
4.430000e-07
4.430000e-07
4.430000e-07
4.430000e-07
4.430000e-07
4.430000e-07
4.430000e-07
4.430000e-07
4.430000e-07
4.430000e-07
4.430000e-07
4.430000e-07
4.430000e-07
4.430000e-07
4.430000e-07
4.430000e-07
4.430000e-07
4.430000e-07
4.430000e-07
4.430000e-07
4.430000e-07
4.430000e-07
4.430000e-07
4.430000e-07
4.430000e-07
4.430000e-07
4.430000e-07
4.430000e-07
4.430000e-07
4.430000e-07
4.430000e-07
4.430000e-07
4.430000e-07
4.430000e-07
4.430000e-07
4.430000e-07
4.430000e-07
4.430000e-07
4.430000e-07
4.430000e-07
4.430000e-07
4.430000e-07
4.430000e-07
4.430000e-07
4.430000e-07
4.430000e-07
4.430000e-07
4.430000e-07
4.430000e-07
4.430000e-07
4.430000e-07
4.430000e-07
4.430000e-07
4.430000e-07
4.430000e-07
4.430000e-07
4.430000e-07
4.430000e-07
4.430000e-07
4.430000e-07
4.430000e-07
4.430000e-07
4.430000e-07
4.430000e-07
4.430000e-07
4.430000e-07
4.430000e-07
4.430000e-07
4.430000e-07
4.430000e-07
4.430000e-07
4.430000e-07
4.430000e-07
4.430000e-07
4.430000e-07
4.430000e-07
4.430000e-07
4.430000e-07
4.430000e-07
4.430000e-07
4.430000e-07
4.430000e-07
4.430000e-07
4.430000e-07
4.430000e-07
4.430000e-07
4.430000e-07
4.430000e-07
4.430000e-07
4.430000e-07
4.430000e-07
4.430000e-07
4.430000e-07
4.430000e-07
4.430000e-07
4.430000e-07
4.430000e-07
4.430000e-07
4.430000e-07
4.430000e-07
4.430000e-07
4.430000e-07
4.430000e-07
4.430000e-07
4.430000e-07
4.430000e-07
4.430000e-07
4.430000e-07
4.430000e-07
4.430000e-07
4.430000e-07
4.430000e-07
4.430000e-07
4.430000e-07
4.430000e-07
4.430000e-07
4.430000e-07
4.430000e-07
4.430000e-07
4.430000e-07
4.430000e-07
4.430000e-07
4.430000e-07
4.430000e-07
4.430000e-07
4.430000e-07
4.430000e-07
4.430000e-07
4.430000e-07
4.430000e-07
4.430000e-07
4.430000e-07
4.430000e-07
4.430000e-07
4.430000e-07
4.430000e-07
4.430000e-07
4.430000e-07
4.430000e-07
4.430000e-07
4.430000e-07
4.430000e-07
4.430000e-07
4.430000e-07
4.430000e-07
4.430000e-07
4.430000e-07
4.430000e-07
4.430000e-07
4.430000e-07
4.430000e-07
4.430000e-07
4.430000e-07
4.430000e-07
4.430000e-07
4.430000e-07
4.430000e-07
4.430000e-07
4.430000e-07
4.430000e-07
4.430000e-07
4.430000e-07
4.430000e-07
4.430000e-07
4.430000e-07
4.430000e-07
4.430000e-07
4.430000e-07
4.430000e-07
4.430000e-07
4.430000e-07
4.430000e-07
4.430000e-07
4.430000e-07
4.430000e-07
4.430000e-07
4.430000e-07
4.430000e-07
4.430000e-07
4.430000e-07
4.430000e-07
4.430000e-07
4.430000e-07
4.430000e-07
4.430000e-07
4.430000e-07
4.430000e-07
4.430000e-07
4.430000e-07
4.430000e-07
4.430000e-07
4.430000e-07
4.430000e-07
4.430000e-07
4.430000e-07
4.430000e-07
4.430000e-07
4.430000e-07
4.430000e-07
4.430000e-07
4.430000e-07
4.430000e-07
4.430000e-07
4.430000e-07
4.430000e-07
4.430000e-07
4.430000e-07
4.430000e-07
4.430000e-07
4.430000e-07
4.430000e-07
4.430000e-07
4.430000e-07
4.430000e-07
4.430000e-07
4.430000e-07
4.430000e-07
4.430000e-07
4.430000e-07
4.430000e-07
4.430000e-07
4.430000e-07
4.430000e-07
4.430000e-07
4.430000e-07
4.430000e-07
4.430000e-07
4.430000e-07
4.430000e-07
4.430000e-07
4.430000e-07
4.430000e-07
4.430000e-07
4.430000e-07
4.430000e-07
4.430000e-07
4.430000e-07
4.430000e-07
4.430000e-07
4.430000e-07
4.430000e-07
4.430000e-07
4.430000e-07
4.430000e-07
4.430000e-07
4.430000e-07
4.430000e-07
4.430000e-07
4.430000e-07
4.430000e-07
4.430000e-07
4.430000e-07
4.430000e-07
4.430000e-07
4.430000e-07
4.430000e-07
4.430000e-07
4.430000e-07
4.430000e-07
4.430000e-07
4.430000e-07
4.430000e-07
4.430000e-07
4.430000e-07
4.430000e-07
4.430000e-07
4.430000e-07
4.430000e-07
4.430000e-07
4.430000e-07
4.430000e-07
4.430000e-07
4.430000e-07
4.430000e-07
4.430000e-07
4.430000e-07
4.430000e-07
4.430000e-07
4.430000e-07
4.430000e-07
4.430000e-07
4.430000e-07
4.430000e-07
4.430000e-07
4.430000e-07
4.430000e-07
4.430000e-07
4.430000e-07
4.430000e-07
4.430000e-07
4.430000e-07
4.430000e-07
4.430000e-07
4.430000e-07
4.430000e-07
4.430000e-07
4.430000e-07
4.430000e-07
4.430000e-07
4.430000e-07
4.430000e-07
4.430000e-07
4.430000e-07
4.430000e-07
4.430000e-07
4.430000e-07
4.430000e-07
4.430000e-07
4.430000e-07
4.430000e-07
4.430000e-07
4.430000e-07
4.430000e-07
4.430000e-07
4.430000e-07
4.430000e-07
4.430000e-07
4.430000e-07
4.430000e-07
4.430000e-07
4.430000e-07
4.430000e-07
4.430000e-07
4.430000e-07
4.430000e-07
4.430000e-07
4.430000e-07
4.430000e-07
4.430000e-07
4.430000e-07
4.430000e-07
4.430000e-07
4.430000e-07
4.430000e-07
4.430000e-07
4.430000e-07
4.430000e-07
4.430000e-07
4.430000e-07
4.430000e-07
4.430000e-07
4.430000e-07
4.430000e-07
4.430000e-07
4.430000e-07
4.430000e-07
4.430000e-07
4.430000e-07
4.430000e-07
4.430000e-07
4.430000e-07
4.430000e-07
4.430000e-07
4.430000e-07
4.430000e-07
4.430000e-07
4.430000e-07
4.430000e-07
4.430000e-07
4.430000e-07
4.430000e-07
4.430000e-07
4.430000e-07
4.430000e-07
4.430000e-07
4.430000e-07
4.430000e-07
4.430000e-07
4.430000e-07
4.430000e-07
4.430000e-07
4.430000e-07
4.430000e-07
4.430000e-07
4.430000e-07
4.430000e-07
4.430000e-07
4.430000e-07
4.430000e-07
4.430000e-07
4.430000e-07
4.430000e-07
4.430000e-07
4.430000e-07
4.430000e-07
4.430000e-07
4.430000e-07
4.430000e-07
4.430000e-07
4.430000e-07
4.430000e-07
4.430000e-07
4.430000e-07
4.430000e-07
4.430000e-07
4.430000e-07
4.430000e-07
4.430000e-07
4.430000e-07
4.430000e-07
4.430000e-07
4.430000e-07
4.430000e-07
4.430000e-07
4.430000e-07
4.430000e-07
4.430000e-07
4.430000e-07
4.430000e-07
4.430000e-07
4.430000e-07
4.430000e-07
4.430000e-07
4.430000e-07
4.430000e-07
4.430000e-07
4.430000e-07
4.430000e-07
4.430000e-07
4.430000e-07
4.430000e-07
4.430000e-07
4.430000e-07
4.430000e-07
4.430000e-07
4.430000e-07
4.430000e-07
4.430000e-07
4.430000e-07
4.430000e-07
4.430000e-07
4.430000e-07
4.430000e-07
4.430000e-07
4.430000e-07
4.430000e-07
4.430000e-07
4.430000e-07
4.430000e-07
4.430000e-07
4.430000e-07
4.430000e-07
4.430000e-07
4.430000e-07
4.430000e-07
4.430000e-07
4.430000e-07
4.430000e-07
4.430000e-07
4.430000e-07
4.430000e-07
4.430000e-07
4.430000e-07
4.430000e-07
4.430000e-07
4.430000e-07
4.430000e-07
4.430000e-07
4.430000e-07
4.430000e-07
4.430000e-07
4.430000e-07
4.430000e-07
4.430000e-07
4.430000e-07
4.430000e-07
4.430000e-07
4.430000e-07
4.430000e-07
4.430000e-07
4.430000e-07
4.430000e-07
4.430000e-07
4.430000e-07
4.430000e-07
4.430000e-07
4.430000e-07
4.430000e-07
4.430000e-07
4.430000e-07
4.430000e-07
4.430000e-07
4.430000e-07
4.430000e-07
4.430000e-07
4.430000e-07
4.430000e-07
4.430000e-07
4.430000e-07
4.430000e-07
4.430000e-07
4.430000e-07
4.430000e-07
4.430000e-07
4.430000e-07
4.430000e-07
4.430000e-07
4.430000e-07
4.430000e-07
4.430000e-07
4.430000e-07
4.430000e-07
4.430000e-07
4.430000e-07
4.430000e-07
4.430000e-07
4.430000e-07
4.430000e-07
4.430000e-07
4.430000e-07
4.430000e-07
4.430000e-07
4.430000e-07
4.430000e-07
4.430000e-07
4.430000e-07
4.430000e-07
4.430000e-07
4.430000e-07
4.430000e-07
4.430000e-07
4.430000e-07
4.430000e-07
4.430000e-07
4.430000e-07
4.430000e-07
4.430000e-07
4.430000e-07
4.430000e-07
4.430000e-07
4.430000e-07
4.430000e-07
4.430000e-07
4.430000e-07
4.430000e-07
4.430000e-07
4.430000e-07
4.430000e-07
4.430000e-07
4.430000e-07
4.430000e-07
4.430000e-07
4.430000e-07
4.430000e-07
4.430000e-07
4.430000e-07
4.430000e-07
4.430000e-07
4.430000e-07
4.430000e-07
4.430000e-07
4.430000e-07
4.430000e-07
4.430000e-07
4.430000e-07
4.430000e-07
4.430000e-07
4.430000e-07
4.430000e-07
4.430000e-07
4.430000e-07
4.430000e-07
4.430000e-07
4.430000e-07
4.430000e-07
4.430000e-07
4.430000e-07
4.430000e-07
4.430000e-07
4.430000e-07
4.430000e-07
4.430000e-07
4.430000e-07
4.430000e-07
4.430000e-07
4.430000e-07
4.430000e-07
4.430000e-07
4.430000e-07
4.430000e-07
4.430000e-07
4.430000e-07
4.430000e-07
4.430000e-07
4.430000e-07
4.430000e-07
4.430000e-07
4.430000e-07
4.430000e-07
4.430000e-07
4.430000e-07
4.430000e-07
4.430000e-07
4.430000e-07
4.430000e-07
4.430000e-07
4.430000e-07
4.430000e-07
4.430000e-07
4.430000e-07
4.430000e-07
4.430000e-07
4.430000e-07
4.430000e-07
4.430000e-07
4.430000e-07
4.430000e-07
4.430000e-07
4.430000e-07
4.430000e-07
4.430000e-07
4.430000e-07
4.430000e-07
4.430000e-07
4.430000e-07
4.430000e-07
4.430000e-07
4.430000e-07
4.430000e-07
4.430000e-07
4.430000e-07
4.430000e-07
4.430000e-07
4.430000e-07
4.430000e-07
4.430000e-07
4.430000e-07
4.430000e-07
4.430000e-07
4.430000e-07
4.430000e-07
4.430000e-07
4.430000e-07
4.430000e-07
4.430000e-07
4.430000e-07
4.430000e-07
4.430000e-07
4.430000e-07
4.430000e-07
4.430000e-07
4.430000e-07
4.430000e-07
4.430000e-07
4.430000e-07
4.430000e-07
4.430000e-07
4.430000e-07
4.430000e-07
4.430000e-07
4.430000e-07
4.430000e-07
4.430000e-07
4.430000e-07
4.430000e-07
4.430000e-07
4.430000e-07
4.430000e-07
4.430000e-07
4.430000e-07
4.430000e-07
4.430000e-07
4.430000e-07
4.430000e-07
4.430000e-07
4.430000e-07
4.430000e-07
4.430000e-07
4.430000e-07
4.430000e-07
4.430000e-07
4.430000e-07
4.430000e-07
4.430000e-07
4.430000e-07
4.430000e-07
4.430000e-07
4.430000e-07
4.430000e-07
4.430000e-07
4.430000e-07
4.430000e-07
4.430000e-07
4.430000e-07
4.430000e-07
4.430000e-07
4.430000e-07
4.430000e-07
4.430000e-07
4.430000e-07
4.430000e-07
4.430000e-07
4.430000e-07
4.430000e-07
4.430000e-07
4.430000e-07
4.430000e-07
4.430000e-07
4.430000e-07
4.430000e-07
4.430000e-07
4.430000e-07
4.430000e-07
4.430000e-07
4.430000e-07
4.430000e-07
4.430000e-07
4.430000e-07
4.430000e-07
4.430000e-07
4.430000e-07
4.430000e-07
4.430000e-07
4.430000e-07
4.430000e-07
4.430000e-07
4.430000e-07
4.430000e-07
4.430000e-07
4.430000e-07
4.430000e-07
4.430000e-07
4.430000e-07
4.430000e-07
4.430000e-07
4.430000e-07
4.430000e-07
4.430000e-07
4.430000e-07
4.430000e-07
4.430000e-07
4.430000e-07
4.430000e-07
4.430000e-07
4.430000e-07
4.430000e-07
4.430000e-07
4.430000e-07
4.430000e-07
4.430000e-07
4.430000e-07
4.430000e-07
4.430000e-07
4.430000e-07
4.430000e-07
4.430000e-07
4.430000e-07
4.430000e-07
4.430000e-07
4.430000e-07
4.430000e-07
4.430000e-07
4.430000e-07
4.430000e-07
4.430000e-07
4.430000e-07
4.430000e-07
4.430000e-07
4.430000e-07
4.430000e-07
4.430000e-07
4.430000e-07
4.430000e-07
4.430000e-07
4.430000e-07
4.430000e-07
4.430000e-07
4.430000e-07
4.430000e-07
4.430000e-07
4.430000e-07
4.430000e-07
4.430000e-07
4.430000e-07
4.430000e-07
4.430000e-07
4.430000e-07
4.430000e-07
4.430000e-07
4.430000e-07
4.430000e-07
4.430000e-07
4.430000e-07
4.430000e-07
4.430000e-07
4.430000e-07
4.430000e-07
4.430000e-07
4.430000e-07
4.430000e-07
4.430000e-07
4.430000e-07
4.430000e-07
4.430000e-07
4.430000e-07
4.430000e-07
4.430000e-07
4.430000e-07
4.430000e-07
4.430000e-07
4.430000e-07
4.430000e-07
4.430000e-07
4.430000e-07
4.430000e-07
4.430000e-07
4.430000e-07
4.430000e-07
4.430000e-07
4.430000e-07
4.430000e-07
4.430000e-07
4.430000e-07
4.430000e-07
4.430000e-07
4.430000e-07
4.430000e-07
4.430000e-07
4.430000e-07
4.430000e-07
4.430000e-07
4.430000e-07
4.430000e-07
4.430000e-07
4.430000e-07
4.430000e-07
4.430000e-07
4.430000e-07
4.430000e-07
4.430000e-07
4.430000e-07
4.430000e-07
4.430000e-07
4.430000e-07
4.430000e-07
4.430000e-07
4.430000e-07
4.430000e-07
4.430000e-07
4.430000e-07
4.430000e-07
4.430000e-07
4.430000e-07
4.430000e-07
4.430000e-07
4.430000e-07
4.430000e-07
4.430000e-07
4.430000e-07
4.430000e-07
4.430000e-07
4.430000e-07
4.430000e-07
4.430000e-07
4.430000e-07
4.430000e-07
4.430000e-07
4.430000e-07
4.430000e-07
4.430000e-07
4.430000e-07
4.430000e-07
4.430000e-07
4.430000e-07
4.430000e-07
4.430000e-07
4.430000e-07
4.430000e-07
4.430000e-07
4.430000e-07
4.430000e-07
4.430000e-07
4.430000e-07
4.430000e-07
4.430000e-07
4.430000e-07
4.430000e-07
4.430000e-07
4.430000e-07
4.430000e-07
4.430000e-07
4.430000e-07
4.430000e-07
4.430000e-07
4.430000e-07
4.430000e-07
4.430000e-07
4.430000e-07
4.430000e-07
4.430000e-07
4.430000e-07
4.430000e-07
4.430000e-07
4.430000e-07
4.430000e-07
4.430000e-07
4.430000e-07
4.430000e-07
4.430000e-07
4.430000e-07
4.430000e-07
4.430000e-07
4.430000e-07
4.430000e-07
4.430000e-07
4.430000e-07
4.430000e-07
4.430000e-07
4.430000e-07
4.430000e-07
4.430000e-07
4.430000e-07
4.430000e-07
4.430000e-07
4.430000e-07
4.430000e-07
4.430000e-07
4.430000e-07
4.430000e-07
4.430000e-07
4.430000e-07
4.430000e-07
4.430000e-07
4.430000e-07
4.430000e-07
4.430000e-07
4.430000e-07
4.430000e-07
4.430000e-07
4.430000e-07
4.430000e-07
4.430000e-07
4.430000e-07
4.430000e-07
4.430000e-07
4.430000e-07
4.430000e-07
4.430000e-07
4.430000e-07
4.430000e-07
4.430000e-07
4.430000e-07
4.430000e-07
4.430000e-07
4.430000e-07
4.430000e-07
4.430000e-07
4.430000e-07
4.430000e-07
4.430000e-07
4.430000e-07
4.430000e-07
4.430000e-07
4.430000e-07
4.430000e-07
4.430000e-07
4.430000e-07
4.430000e-07
4.430000e-07
4.430000e-07
4.430000e-07
4.430000e-07
4.430000e-07
4.430000e-07
4.430000e-07
4.430000e-07
4.430000e-07
4.430000e-07
4.430000e-07
4.430000e-07
4.430000e-07
4.430000e-07
4.430000e-07
4.430000e-07
4.430000e-07
4.430000e-07
4.430000e-07
4.430000e-07
4.430000e-07
4.430000e-07
4.430000e-07
4.430000e-07
4.430000e-07
4.430000e-07
4.430000e-07
4.430000e-07
4.430000e-07
4.430000e-07
4.430000e-07
4.430000e-07
4.430000e-07
4.430000e-07
4.430000e-07
4.430000e-07
4.430000e-07
4.430000e-07
4.430000e-07
4.430000e-07
4.430000e-07
4.430000e-07
4.430000e-07
4.430000e-07
4.430000e-07
4.430000e-07
4.430000e-07
4.430000e-07
4.430000e-07
4.430000e-07
4.430000e-07
4.430000e-07
4.430000e-07
4.430000e-07
4.430000e-07
4.430000e-07
4.430000e-07
4.430000e-07
4.430000e-07
4.430000e-07
4.430000e-07
4.430000e-07
4.430000e-07
4.430000e-07
4.430000e-07
4.430000e-07
4.430000e-07
4.430000e-07
4.430000e-07
4.430000e-07
4.430000e-07
4.430000e-07
4.430000e-07
4.430000e-07
4.430000e-07
4.430000e-07
4.430000e-07
4.430000e-07
4.430000e-07
4.430000e-07
4.430000e-07
4.430000e-07
4.430000e-07
4.430000e-07
4.430000e-07
4.430000e-07
4.430000e-07
4.430000e-07
4.430000e-07
4.430000e-07
4.430000e-07
4.430000e-07
4.430000e-07
4.430000e-07
4.430000e-07
4.430000e-07
4.430000e-07
4.430000e-07
4.430000e-07
4.430000e-07
4.430000e-07
4.430000e-07
4.430000e-07
4.430000e-07
4.430000e-07
4.430000e-07
4.430000e-07
4.430000e-07
4.430000e-07
4.430000e-07
4.430000e-07
4.430000e-07
4.430000e-07
4.430000e-07
4.430000e-07
4.430000e-07
4.430000e-07
4.430000e-07
4.430000e-07
4.430000e-07
4.430000e-07
4.430000e-07
4.430000e-07
4.430000e-07
4.430000e-07
4.430000e-07
4.430000e-07
4.430000e-07
4.430000e-07
4.430000e-07
4.430000e-07
4.430000e-07
4.430000e-07
4.430000e-07
4.430000e-07
4.430000e-07
4.430000e-07
4.430000e-07
4.430000e-07
4.430000e-07
4.430000e-07
4.430000e-07
4.430000e-07
4.430000e-07
4.430000e-07
4.430000e-07
4.430000e-07
4.430000e-07
4.430000e-07
4.430000e-07
4.430000e-07
4.430000e-07
4.430000e-07
4.430000e-07
4.430000e-07
4.430000e-07
4.430000e-07
4.430000e-07
4.430000e-07
4.430000e-07
4.430000e-07
4.430000e-07
4.430000e-07
4.430000e-07
4.430000e-07
4.430000e-07
4.430000e-07
4.430000e-07
4.430000e-07
4.430000e-07
4.430000e-07
4.430000e-07
4.430000e-07
4.430000e-07
4.430000e-07
4.430000e-07
4.430000e-07
4.430000e-07
4.430000e-07
4.430000e-07
4.430000e-07
4.430000e-07
4.430000e-07
4.430000e-07
4.430000e-07
4.430000e-07
4.430000e-07
4.430000e-07
4.430000e-07
4.430000e-07
4.430000e-07
4.430000e-07
4.430000e-07
4.430000e-07
4.430000e-07
4.430000e-07
4.430000e-07
4.430000e-07
4.430000e-07
4.430000e-07
4.430000e-07
4.430000e-07
4.430000e-07
4.430000e-07
4.430000e-07
4.430000e-07
4.430000e-07
4.430000e-07
4.430000e-07
4.430000e-07
4.430000e-07
4.430000e-07
4.430000e-07
4.430000e-07
4.430000e-07
4.430000e-07
4.430000e-07
4.430000e-07
4.430000e-07
4.430000e-07
4.430000e-07
4.430000e-07
4.430000e-07
4.430000e-07
4.430000e-07
4.430000e-07
4.430000e-07
4.430000e-07
4.430000e-07
4.430000e-07
4.430000e-07
4.430000e-07
4.430000e-07
4.430000e-07
4.430000e-07
4.430000e-07
4.430000e-07
4.430000e-07
4.430000e-07
4.430000e-07
4.430000e-07
4.430000e-07
4.430000e-07
4.430000e-07
4.430000e-07
4.430000e-07
4.430000e-07
4.430000e-07
4.430000e-07
4.430000e-07
4.430000e-07
4.430000e-07
4.430000e-07
4.430000e-07
4.430000e-07
4.430000e-07
4.430000e-07
4.430000e-07
4.430000e-07
4.430000e-07
4.430000e-07
4.430000e-07
4.430000e-07
4.430000e-07
4.430000e-07
4.430000e-07
4.430000e-07
4.430000e-07
4.430000e-07
4.430000e-07
4.430000e-07
4.430000e-07
4.430000e-07
4.430000e-07
4.430000e-07
4.430000e-07
4.430000e-07
4.430000e-07
4.430000e-07
4.430000e-07
4.430000e-07
4.430000e-07
4.430000e-07
4.430000e-07
4.430000e-07
4.430000e-07
4.430000e-07
4.430000e-07
4.430000e-07
4.430000e-07
4.430000e-07
4.430000e-07
4.430000e-07
4.430000e-07
4.430000e-07
4.430000e-07
4.430000e-07
4.430000e-07
4.430000e-07
4.430000e-07
4.430000e-07
4.430000e-07
4.430000e-07
4.430000e-07
4.430000e-07
4.430000e-07
4.430000e-07
4.430000e-07
4.430000e-07
4.430000e-07
4.430000e-07
4.430000e-07
4.430000e-07
4.430000e-07
4.430000e-07
4.430000e-07
4.430000e-07
4.430000e-07
4.430000e-07
4.430000e-07
4.430000e-07
4.430000e-07
4.430000e-07
4.430000e-07
4.430000e-07
4.430000e-07
4.430000e-07
4.430000e-07
4.430000e-07
4.430000e-07
4.430000e-07
4.430000e-07
4.430000e-07
4.430000e-07
4.430000e-07
4.430000e-07
4.430000e-07
4.430000e-07
4.430000e-07
4.430000e-07
4.430000e-07
4.430000e-07
4.430000e-07
4.430000e-07
4.430000e-07
4.430000e-07
4.430000e-07
4.430000e-07
4.430000e-07
4.430000e-07
4.430000e-07
4.430000e-07
4.430000e-07
4.430000e-07
4.430000e-07
4.430000e-07
4.430000e-07
4.430000e-07
4.430000e-07
4.430000e-07
4.430000e-07
4.430000e-07
4.430000e-07
4.430000e-07
4.430000e-07
4.430000e-07
4.430000e-07
4.430000e-07
4.430000e-07
4.430000e-07
4.430000e-07
4.430000e-07
4.430000e-07
4.430000e-07
4.430000e-07
4.430000e-07
4.430000e-07
4.430000e-07
4.430000e-07
4.430000e-07
4.430000e-07
4.430000e-07
4.430000e-07
4.430000e-07
4.430000e-07
4.430000e-07
4.430000e-07
4.430000e-07
4.430000e-07
4.430000e-07
4.430000e-07
4.430000e-07
4.430000e-07
4.430000e-07
4.430000e-07
4.430000e-07
4.430000e-07
4.430000e-07
4.430000e-07
4.430000e-07
4.430000e-07
4.430000e-07
4.430000e-07
4.430000e-07
4.430000e-07
4.430000e-07
4.430000e-07
4.430000e-07
4.430000e-07
4.430000e-07
4.430000e-07
4.430000e-07
4.430000e-07
4.430000e-07
4.430000e-07
4.430000e-07
4.430000e-07
4.430000e-07
4.430000e-07
4.430000e-07
4.430000e-07
4.430000e-07
4.430000e-07
4.430000e-07
4.430000e-07
4.430000e-07
4.430000e-07
4.430000e-07
4.430000e-07
4.430000e-07
4.430000e-07
4.430000e-07
4.430000e-07
4.430000e-07
4.430000e-07
4.430000e-07
4.430000e-07
4.430000e-07
4.430000e-07
4.430000e-07
4.430000e-07
4.430000e-07
4.430000e-07
4.430000e-07
4.430000e-07
4.430000e-07
4.430000e-07
4.430000e-07
4.430000e-07
4.430000e-07
4.430000e-07
4.430000e-07
4.430000e-07
4.430000e-07
4.430000e-07
4.430000e-07
4.430000e-07
4.430000e-07
4.430000e-07
4.430000e-07
4.430000e-07
4.430000e-07
4.430000e-07
4.430000e-07
4.430000e-07
4.430000e-07
4.430000e-07
4.430000e-07
4.430000e-07
4.430000e-07
4.430000e-07
4.430000e-07
4.430000e-07
4.430000e-07
4.430000e-07
4.430000e-07
4.430000e-07
4.430000e-07
4.430000e-07
4.430000e-07
4.430000e-07
4.430000e-07
4.430000e-07
4.430000e-07
4.430000e-07
4.430000e-07
4.430000e-07
4.430000e-07
4.430000e-07
4.430000e-07
4.430000e-07
4.430000e-07
4.430000e-07
4.430000e-07
4.430000e-07
4.430000e-07
4.430000e-07
4.430000e-07
4.430000e-07
4.430000e-07
4.430000e-07
4.430000e-07
4.430000e-07
4.430000e-07
4.430000e-07
4.430000e-07
4.430000e-07
4.430000e-07
4.430000e-07
4.430000e-07
4.430000e-07
4.430000e-07
4.430000e-07
4.430000e-07
4.430000e-07
4.430000e-07
4.430000e-07
4.430000e-07
4.430000e-07
4.430000e-07
4.430000e-07
4.430000e-07
4.430000e-07
4.430000e-07
4.430000e-07
4.430000e-07
4.430000e-07
4.430000e-07
4.430000e-07
4.430000e-07
4.430000e-07
4.430000e-07
4.430000e-07
4.430000e-07
4.430000e-07
4.430000e-07
4.430000e-07
4.430000e-07
4.430000e-07
4.430000e-07
4.430000e-07
4.430000e-07
4.430000e-07
4.430000e-07
4.430000e-07
4.430000e-07
4.430000e-07
4.430000e-07
4.430000e-07
4.430000e-07
4.430000e-07
4.430000e-07
4.430000e-07
4.430000e-07
4.430000e-07
4.430000e-07
4.430000e-07
4.430000e-07
4.430000e-07
4.430000e-07
4.430000e-07
4.430000e-07
4.430000e-07
4.430000e-07
4.430000e-07
4.430000e-07
4.430000e-07
4.430000e-07
4.430000e-07
4.430000e-07
4.430000e-07
4.430000e-07
4.430000e-07
4.430000e-07
4.430000e-07
4.430000e-07
4.430000e-07
4.430000e-07
4.430000e-07
4.430000e-07
4.430000e-07
4.430000e-07
4.430000e-07
4.430000e-07
4.430000e-07
4.430000e-07
4.430000e-07
4.430000e-07
4.430000e-07
4.430000e-07
4.430000e-07
4.430000e-07
4.430000e-07
4.430000e-07
4.430000e-07
4.430000e-07
4.430000e-07
4.430000e-07
4.430000e-07
4.430000e-07
4.430000e-07
4.430000e-07
4.430000e-07
4.430000e-07
4.430000e-07
4.430000e-07
4.430000e-07
4.430000e-07
4.430000e-07
4.430000e-07
4.430000e-07
4.430000e-07
4.430000e-07
4.430000e-07
4.430000e-07
4.430000e-07
4.430000e-07
4.430000e-07
4.430000e-07
4.430000e-07
4.430000e-07
4.430000e-07
4.430000e-07
4.430000e-07
4.430000e-07
4.430000e-07
4.430000e-07
4.430000e-07
4.430000e-07
4.430000e-07
4.430000e-07
4.430000e-07
4.430000e-07
4.430000e-07
4.430000e-07
4.430000e-07
4.430000e-07
4.430000e-07
4.430000e-07
4.430000e-07
4.430000e-07
4.430000e-07
4.430000e-07
4.430000e-07
4.430000e-07
4.430000e-07
4.430000e-07
4.430000e-07
4.430000e-07
4.430000e-07
4.430000e-07
4.430000e-07
4.430000e-07
4.430000e-07
4.430000e-07
4.430000e-07
4.430000e-07
4.430000e-07
4.430000e-07
4.430000e-07
4.430000e-07
4.430000e-07
4.430000e-07
4.430000e-07
4.430000e-07
4.430000e-07
4.430000e-07
4.430000e-07
4.430000e-07
4.430000e-07
4.430000e-07
4.430000e-07
4.430000e-07
4.430000e-07
4.430000e-07
4.430000e-07
4.430000e-07
4.430000e-07
4.430000e-07
4.430000e-07
4.430000e-07
4.430000e-07
4.430000e-07
4.430000e-07
4.430000e-07
4.430000e-07
4.430000e-07
4.430000e-07
4.430000e-07
4.430000e-07
4.430000e-07
4.430000e-07
4.430000e-07
4.430000e-07
4.430000e-07
4.430000e-07
4.430000e-07
4.430000e-07
4.430000e-07
4.430000e-07
4.430000e-07
4.430000e-07
4.430000e-07
4.430000e-07
4.430000e-07
4.430000e-07
4.430000e-07
4.430000e-07
4.430000e-07
4.430000e-07
4.430000e-07
4.430000e-07
4.430000e-07
4.430000e-07
4.430000e-07
4.430000e-07
4.430000e-07
4.430000e-07
4.430000e-07
4.430000e-07
4.430000e-07
4.430000e-07
4.430000e-07
4.430000e-07
4.430000e-07
4.430000e-07
4.430000e-07
4.430000e-07
4.430000e-07
4.430000e-07
4.430000e-07
4.430000e-07
4.430000e-07
4.430000e-07
4.430000e-07
4.430000e-07
4.430000e-07
4.430000e-07
4.430000e-07
4.430000e-07
4.430000e-07
4.430000e-07
4.430000e-07
4.430000e-07
4.430000e-07
4.430000e-07
4.430000e-07
4.430000e-07
4.430000e-07
4.430000e-07
4.430000e-07
4.430000e-07
4.430000e-07
4.430000e-07
4.430000e-07
4.430000e-07
4.430000e-07
4.430000e-07
4.430000e-07
4.430000e-07
4.430000e-07
4.430000e-07
4.430000e-07
4.430000e-07
4.430000e-07
4.430000e-07
4.430000e-07
4.430000e-07
4.430000e-07
4.430000e-07
4.430000e-07
4.430000e-07
4.430000e-07
4.430000e-07
4.430000e-07
4.430000e-07
4.430000e-07
4.430000e-07
4.430000e-07
4.430000e-07
4.430000e-07
4.430000e-07
4.430000e-07
4.430000e-07
4.430000e-07
4.430000e-07
4.430000e-07
4.430000e-07
4.430000e-07
4.430000e-07
4.430000e-07
4.430000e-07
4.430000e-07
4.430000e-07
4.430000e-07
4.430000e-07
4.430000e-07
4.430000e-07
4.430000e-07
4.430000e-07
4.430000e-07
4.430000e-07
4.430000e-07
4.430000e-07
4.430000e-07
4.430000e-07
4.430000e-07
4.430000e-07
4.430000e-07
4.430000e-07
4.430000e-07
4.430000e-07
4.430000e-07
4.430000e-07
4.430000e-07
4.430000e-07
4.430000e-07
4.430000e-07
4.430000e-07
4.430000e-07
4.430000e-07
4.430000e-07
4.430000e-07
4.430000e-07
4.430000e-07
4.430000e-07
4.430000e-07
4.430000e-07
4.430000e-07
4.430000e-07
4.430000e-07
4.430000e-07
4.430000e-07
4.430000e-07
4.430000e-07
4.430000e-07
4.430000e-07
4.430000e-07
4.430000e-07
4.430000e-07
4.430000e-07
4.430000e-07
4.430000e-07
4.430000e-07
4.430000e-07
4.430000e-07
4.430000e-07
4.430000e-07
4.430000e-07
4.430000e-07
4.430000e-07
4.430000e-07
4.430000e-07
4.430000e-07
4.430000e-07
4.430000e-07
4.430000e-07
4.430000e-07
4.430000e-07
4.430000e-07
4.430000e-07
4.430000e-07
4.430000e-07
4.430000e-07
4.430000e-07
4.430000e-07
4.430000e-07
4.430000e-07
4.430000e-07
4.430000e-07
4.430000e-07
4.430000e-07
4.430000e-07
4.430000e-07
4.430000e-07
4.430000e-07
4.430000e-07
4.430000e-07
4.430000e-07
4.430000e-07
4.430000e-07
4.430000e-07
4.430000e-07
4.430000e-07
4.430000e-07
4.430000e-07
4.430000e-07
4.430000e-07
4.430000e-07
4.430000e-07
4.430000e-07
4.430000e-07
4.430000e-07
4.430000e-07
4.430000e-07
4.430000e-07
4.430000e-07
4.430000e-07
4.430000e-07
4.430000e-07
4.430000e-07
4.430000e-07
4.430000e-07
4.430000e-07
4.430000e-07
4.430000e-07
4.430000e-07
4.430000e-07
4.430000e-07
4.430000e-07
4.430000e-07
4.430000e-07
4.430000e-07
4.430000e-07
4.430000e-07
4.430000e-07
4.430000e-07
4.430000e-07
4.430000e-07
4.430000e-07
4.430000e-07
4.430000e-07
4.430000e-07
4.430000e-07
4.430000e-07
4.430000e-07
4.430000e-07
4.430000e-07
4.430000e-07
4.430000e-07
4.430000e-07
4.430000e-07
4.430000e-07
4.430000e-07
4.430000e-07
4.430000e-07
4.430000e-07
4.430000e-07
4.430000e-07
4.430000e-07
4.430000e-07
4.430000e-07
4.430000e-07
4.430000e-07
4.430000e-07
4.430000e-07
4.430000e-07
4.430000e-07
4.430000e-07
4.430000e-07
4.430000e-07
4.430000e-07
4.430000e-07
4.430000e-07
4.430000e-07
4.430000e-07
4.430000e-07
4.430000e-07
4.430000e-07
4.430000e-07
4.430000e-07
4.430000e-07
4.430000e-07
4.430000e-07
4.430000e-07
4.430000e-07
4.430000e-07
4.430000e-07
4.430000e-07
4.430000e-07
4.430000e-07
4.430000e-07
4.430000e-07
4.430000e-07
4.430000e-07
4.430000e-07
4.430000e-07
4.430000e-07
4.430000e-07
4.430000e-07
4.430000e-07
4.430000e-07
4.430000e-07
4.430000e-07
4.430000e-07
4.430000e-07
4.430000e-07
4.430000e-07
4.430000e-07
4.430000e-07
4.430000e-07
4.430000e-07
4.430000e-07
4.430000e-07
4.430000e-07
4.430000e-07
4.430000e-07
4.430000e-07
4.430000e-07
4.430000e-07
4.430000e-07
4.430000e-07
4.430000e-07
4.430000e-07
4.430000e-07
4.430000e-07
4.430000e-07
4.430000e-07
4.430000e-07
4.430000e-07
4.430000e-07
4.430000e-07
4.430000e-07
4.430000e-07
4.430000e-07
4.430000e-07
4.430000e-07
4.430000e-07
4.430000e-07
4.430000e-07
4.430000e-07
4.430000e-07
4.430000e-07
4.430000e-07
4.430000e-07
4.430000e-07
4.430000e-07
4.430000e-07
4.430000e-07
4.430000e-07
4.430000e-07
4.430000e-07
4.430000e-07
4.430000e-07
4.430000e-07
4.430000e-07
4.430000e-07
4.430000e-07
4.430000e-07
4.430000e-07
4.430000e-07
4.430000e-07
4.430000e-07
4.430000e-07
4.430000e-07
4.430000e-07
4.430000e-07
4.430000e-07
4.430000e-07
4.430000e-07
4.430000e-07
4.430000e-07
4.430000e-07
4.430000e-07
4.430000e-07
4.430000e-07
4.430000e-07
4.430000e-07
4.430000e-07
4.430000e-07
4.430000e-07
4.430000e-07
4.430000e-07
4.430000e-07
4.430000e-07
4.430000e-07
4.430000e-07
4.430000e-07
4.430000e-07
4.430000e-07
4.430000e-07
4.430000e-07
4.430000e-07
4.430000e-07
4.430000e-07
4.430000e-07
4.430000e-07
4.430000e-07
4.430000e-07
4.430000e-07
4.430000e-07
4.430000e-07
4.430000e-07
4.430000e-07
4.430000e-07
4.430000e-07
4.430000e-07
4.430000e-07
4.430000e-07
4.430000e-07
4.430000e-07
4.430000e-07
4.430000e-07
4.430000e-07
4.430000e-07
4.430000e-07
4.430000e-07
4.430000e-07
4.430000e-07
4.430000e-07
4.430000e-07
4.430000e-07
4.430000e-07
4.430000e-07
4.430000e-07
4.430000e-07
4.430000e-07
4.430000e-07
4.430000e-07
4.430000e-07
4.430000e-07
4.430000e-07
4.430000e-07
4.430000e-07
4.430000e-07
4.430000e-07
4.430000e-07
4.430000e-07
4.430000e-07
4.430000e-07
4.430000e-07
4.430000e-07
4.430000e-07
4.430000e-07
4.430000e-07
4.430000e-07
4.430000e-07
4.430000e-07
4.430000e-07
4.430000e-07
4.430000e-07
4.430000e-07
4.430000e-07
4.430000e-07
4.430000e-07
4.430000e-07
4.430000e-07
4.430000e-07
4.430000e-07
4.430000e-07
4.430000e-07
4.430000e-07
4.430000e-07
4.430000e-07
4.430000e-07
4.430000e-07
4.430000e-07
4.430000e-07
4.430000e-07
4.430000e-07
4.430000e-07
4.430000e-07
4.430000e-07
4.430000e-07
4.430000e-07
4.430000e-07
4.430000e-07
4.430000e-07
4.430000e-07
4.430000e-07
4.430000e-07
4.430000e-07
4.430000e-07
4.430000e-07
4.430000e-07
4.430000e-07
4.430000e-07
4.430000e-07
4.430000e-07
4.430000e-07
4.430000e-07
4.430000e-07
4.430000e-07
4.430000e-07
4.430000e-07
4.430000e-07
4.430000e-07
4.430000e-07
4.430000e-07
4.430000e-07
4.430000e-07
4.430000e-07
4.430000e-07
4.430000e-07
4.430000e-07
4.430000e-07
4.430000e-07
4.430000e-07
4.430000e-07
4.430000e-07
4.430000e-07
4.430000e-07
4.430000e-07
4.430000e-07
4.430000e-07
4.430000e-07
4.430000e-07
4.430000e-07
4.430000e-07
4.430000e-07
4.430000e-07
4.430000e-07
4.430000e-07
4.430000e-07
4.430000e-07
4.430000e-07
4.430000e-07
4.430000e-07
4.430000e-07
4.430000e-07
4.430000e-07
4.430000e-07
4.430000e-07
4.430000e-07
4.430000e-07
4.430000e-07
4.430000e-07
4.430000e-07
4.430000e-07
4.430000e-07
4.430000e-07
4.430000e-07
4.430000e-07
4.430000e-07
4.430000e-07
4.430000e-07
4.430000e-07
4.430000e-07
4.430000e-07
4.430000e-07
4.430000e-07
4.430000e-07
4.430000e-07
4.430000e-07
4.430000e-07
4.430000e-07
4.430000e-07
4.430000e-07
4.430000e-07
4.430000e-07
4.430000e-07
4.430000e-07
4.430000e-07
4.430000e-07
4.430000e-07
4.430000e-07
4.430000e-07
4.430000e-07
4.430000e-07
4.430000e-07
4.430000e-07
4.430000e-07
4.430000e-07
4.430000e-07
4.430000e-07
4.430000e-07
4.430000e-07
4.430000e-07
4.430000e-07
4.430000e-07
4.430000e-07
4.430000e-07
4.430000e-07
4.430000e-07
4.430000e-07
4.430000e-07
4.430000e-07
4.430000e-07
4.430000e-07
4.430000e-07
4.430000e-07
4.430000e-07
4.430000e-07
4.430000e-07
4.430000e-07
4.430000e-07
4.430000e-07
4.430000e-07
4.430000e-07
4.430000e-07
4.430000e-07
4.430000e-07
4.430000e-07
4.430000e-07
4.430000e-07
4.430000e-07
4.430000e-07
4.430000e-07
4.430000e-07
4.430000e-07
4.430000e-07
4.430000e-07
4.430000e-07
4.430000e-07
4.430000e-07
4.430000e-07
4.430000e-07
4.430000e-07
4.430000e-07
4.430000e-07
4.430000e-07
4.430000e-07
4.430000e-07
4.430000e-07
4.430000e-07
4.430000e-07
4.430000e-07
4.430000e-07
4.430000e-07
4.430000e-07
4.430000e-07
4.430000e-07
4.430000e-07
4.430000e-07
4.430000e-07
4.430000e-07
4.430000e-07
4.430000e-07
4.430000e-07
4.430000e-07
4.430000e-07
4.430000e-07
4.430000e-07
4.430000e-07
4.430000e-07
4.430000e-07
4.430000e-07
4.430000e-07
4.430000e-07
4.430000e-07
4.430000e-07
4.430000e-07
4.430000e-07
4.430000e-07
4.430000e-07
4.430000e-07
4.430000e-07
4.430000e-07
4.430000e-07
4.430000e-07
4.430000e-07
4.430000e-07
4.430000e-07
4.430000e-07
4.430000e-07
4.430000e-07
4.430000e-07
4.430000e-07
4.430000e-07
4.430000e-07
4.430000e-07
4.430000e-07
4.430000e-07
4.430000e-07
4.430000e-07
4.430000e-07
4.430000e-07
4.430000e-07
4.430000e-07
4.430000e-07
4.430000e-07
4.430000e-07
4.430000e-07
4.430000e-07
4.430000e-07
4.430000e-07
4.430000e-07
4.430000e-07
4.430000e-07
4.430000e-07
4.430000e-07
4.430000e-07
4.430000e-07
4.430000e-07
4.430000e-07
4.430000e-07
4.430000e-07
4.430000e-07
4.430000e-07
4.430000e-07
4.430000e-07
4.430000e-07
4.430000e-07
4.430000e-07
4.430000e-07
4.430000e-07
4.430000e-07
4.430000e-07
4.430000e-07
4.430000e-07
4.430000e-07
4.430000e-07
4.430000e-07
4.430000e-07
4.430000e-07
4.430000e-07
4.430000e-07
4.430000e-07
4.430000e-07
4.430000e-07
4.430000e-07
4.430000e-07
4.430000e-07
4.430000e-07
4.430000e-07
4.430000e-07
4.430000e-07
4.430000e-07
4.430000e-07
4.430000e-07
4.430000e-07
4.430000e-07
4.430000e-07
4.430000e-07
4.430000e-07
4.430000e-07
4.430000e-07
4.430000e-07
4.430000e-07
4.430000e-07
4.430000e-07
4.430000e-07
4.430000e-07
4.430000e-07
4.430000e-07
4.430000e-07
4.430000e-07
4.430000e-07
4.430000e-07
4.430000e-07
4.430000e-07
4.430000e-07
4.430000e-07
4.430000e-07
4.430000e-07
4.430000e-07
4.430000e-07
4.430000e-07
4.430000e-07
4.430000e-07
4.430000e-07
4.430000e-07
4.430000e-07
4.430000e-07
4.430000e-07
4.430000e-07
4.430000e-07
4.430000e-07
4.430000e-07
4.430000e-07
4.430000e-07
4.430000e-07
4.430000e-07
4.430000e-07
4.430000e-07
4.430000e-07
4.430000e-07
4.430000e-07
4.430000e-07
4.430000e-07
4.430000e-07
4.430000e-07
4.430000e-07
4.430000e-07
4.430000e-07
4.430000e-07
4.430000e-07
4.430000e-07
4.430000e-07
4.430000e-07
4.430000e-07
4.430000e-07
4.430000e-07
4.430000e-07
4.430000e-07
4.430000e-07
4.430000e-07
4.430000e-07
4.430000e-07
4.430000e-07
4.430000e-07
4.430000e-07
4.430000e-07
4.430000e-07
4.430000e-07
4.430000e-07
4.430000e-07
4.430000e-07
4.430000e-07
4.430000e-07
4.430000e-07
4.430000e-07
4.430000e-07
4.430000e-07
4.430000e-07
4.430000e-07
4.430000e-07
4.430000e-07
4.430000e-07
4.430000e-07
4.430000e-07
4.430000e-07
4.430000e-07
4.430000e-07
4.430000e-07
4.430000e-07
4.430000e-07
4.430000e-07
4.430000e-07
4.430000e-07
4.430000e-07
4.430000e-07
4.430000e-07
4.430000e-07
4.430000e-07
4.430000e-07
4.430000e-07
4.430000e-07
4.430000e-07
4.430000e-07
4.430000e-07
4.430000e-07
4.430000e-07
4.430000e-07
4.430000e-07
4.430000e-07
4.430000e-07
4.430000e-07
4.430000e-07
4.430000e-07
4.430000e-07
4.430000e-07
4.430000e-07
4.430000e-07
4.430000e-07
4.430000e-07
4.430000e-07
4.430000e-07
4.430000e-07
4.430000e-07
4.430000e-07
4.430000e-07
4.430000e-07
4.430000e-07
4.430000e-07
4.430000e-07
4.430000e-07
4.430000e-07
4.430000e-07
4.430000e-07
4.430000e-07
4.430000e-07
4.430000e-07
4.430000e-07
4.430000e-07
4.430000e-07
4.430000e-07
4.430000e-07
4.430000e-07
4.430000e-07
4.430000e-07
4.430000e-07
4.430000e-07
4.430000e-07
4.430000e-07
4.430000e-07
4.430000e-07
4.430000e-07
4.430000e-07
4.430000e-07
4.430000e-07
4.430000e-07
4.430000e-07
4.430000e-07
4.430000e-07
4.430000e-07
4.430000e-07
4.430000e-07
4.430000e-07
4.430000e-07
4.430000e-07
4.430000e-07
4.430000e-07
4.430000e-07
4.430000e-07
4.430000e-07
4.430000e-07
4.430000e-07
4.430000e-07
4.430000e-07
4.430000e-07
4.430000e-07
4.430000e-07
4.430000e-07
4.430000e-07
4.430000e-07
4.430000e-07
4.430000e-07
4.430000e-07
4.430000e-07
4.430000e-07
4.430000e-07
4.430000e-07
4.430000e-07
4.430000e-07
4.430000e-07
4.430000e-07
4.430000e-07
4.430000e-07
4.430000e-07
4.430000e-07
4.430000e-07
4.430000e-07
4.430000e-07
4.430000e-07
4.430000e-07
4.430000e-07
4.430000e-07
4.430000e-07
4.430000e-07
4.430000e-07
4.430000e-07
4.430000e-07
4.430000e-07
4.430000e-07
4.430000e-07
4.430000e-07
4.430000e-07
4.430000e-07
4.430000e-07
4.430000e-07
4.430000e-07
4.430000e-07
4.430000e-07
4.430000e-07
4.430000e-07
4.430000e-07
4.430000e-07
4.430000e-07
4.430000e-07
4.430000e-07
4.430000e-07
4.430000e-07
4.430000e-07
4.430000e-07
4.430000e-07
4.430000e-07
4.430000e-07
4.430000e-07
4.430000e-07
4.430000e-07
4.430000e-07
4.430000e-07
4.430000e-07
4.430000e-07
4.430000e-07
4.430000e-07
4.430000e-07
4.430000e-07
4.430000e-07
4.430000e-07
4.430000e-07
4.430000e-07
4.430000e-07
4.430000e-07
4.430000e-07
4.430000e-07
4.430000e-07
4.430000e-07
4.430000e-07
4.430000e-07
4.430000e-07
4.430000e-07
4.430000e-07
4.430000e-07
4.430000e-07
4.430000e-07
4.430000e-07
4.430000e-07
4.430000e-07
4.430000e-07
4.430000e-07
4.430000e-07
4.430000e-07
4.430000e-07
4.430000e-07
4.430000e-07
4.430000e-07
4.430000e-07
4.430000e-07
4.430000e-07
4.430000e-07
4.430000e-07
4.430000e-07
4.430000e-07
4.430000e-07
4.430000e-07
4.430000e-07
4.430000e-07
4.430000e-07
4.430000e-07
4.430000e-07
4.430000e-07
4.430000e-07
4.430000e-07
4.430000e-07
4.430000e-07
4.430000e-07
4.430000e-07
4.430000e-07
4.430000e-07
4.430000e-07
4.430000e-07
4.430000e-07
4.430000e-07
4.430000e-07
4.430000e-07
4.430000e-07
4.430000e-07
4.430000e-07
4.430000e-07
4.430000e-07
4.430000e-07
4.430000e-07
4.430000e-07
4.430000e-07
4.430000e-07
4.430000e-07
4.430000e-07
4.430000e-07
4.430000e-07
4.430000e-07
4.430000e-07
4.430000e-07
4.430000e-07
4.430000e-07
4.430000e-07
4.430000e-07
4.430000e-07
4.430000e-07
4.430000e-07
4.430000e-07
4.430000e-07
4.430000e-07
4.430000e-07
4.430000e-07
4.430000e-07
4.430000e-07
4.430000e-07
4.430000e-07
4.430000e-07
4.430000e-07
4.430000e-07
4.430000e-07
4.430000e-07
4.430000e-07
4.430000e-07
4.430000e-07
4.430000e-07
4.430000e-07
4.430000e-07
4.430000e-07
4.430000e-07
4.430000e-07
4.430000e-07
4.430000e-07
4.430000e-07
4.430000e-07
4.430000e-07
4.430000e-07
4.430000e-07
4.430000e-07
4.430000e-07
4.430000e-07
4.430000e-07
4.430000e-07
4.430000e-07
4.430000e-07
4.430000e-07
4.430000e-07
4.430000e-07
4.430000e-07
4.430000e-07
4.430000e-07
4.430000e-07
4.430000e-07
4.430000e-07
4.430000e-07
4.430000e-07
4.430000e-07
4.430000e-07
4.430000e-07
4.430000e-07
4.430000e-07
4.430000e-07
4.430000e-07
4.430000e-07
4.430000e-07
4.430000e-07
4.430000e-07
4.430000e-07
4.430000e-07
4.430000e-07
4.430000e-07
4.430000e-07
4.430000e-07
4.430000e-07
4.430000e-07
4.430000e-07
4.430000e-07
4.430000e-07
4.430000e-07
4.430000e-07
4.430000e-07
4.430000e-07
4.430000e-07
4.430000e-07
4.430000e-07
4.430000e-07
4.430000e-07
4.430000e-07
4.430000e-07
4.430000e-07
4.430000e-07
4.430000e-07
4.430000e-07
4.430000e-07
4.430000e-07
4.430000e-07
4.430000e-07
4.430000e-07
4.430000e-07
4.430000e-07
4.430000e-07
4.430000e-07
4.430000e-07
4.430000e-07
4.430000e-07
4.430000e-07
4.430000e-07
4.430000e-07
4.430000e-07
4.430000e-07
4.430000e-07
4.430000e-07
4.430000e-07
4.430000e-07
4.430000e-07
4.430000e-07
4.430000e-07
4.430000e-07
4.430000e-07
4.430000e-07
4.430000e-07
4.430000e-07
4.430000e-07
4.430000e-07
4.430000e-07
4.430000e-07
4.430000e-07
4.430000e-07
4.430000e-07
4.430000e-07
4.430000e-07
4.430000e-07
4.430000e-07
4.430000e-07
4.430000e-07
4.430000e-07
4.430000e-07
4.430000e-07
4.430000e-07
4.430000e-07
4.430000e-07
4.430000e-07
4.430000e-07
4.430000e-07
4.430000e-07
4.430000e-07
4.430000e-07
4.430000e-07
4.430000e-07
4.430000e-07
4.430000e-07
4.430000e-07
4.430000e-07
4.430000e-07
4.430000e-07
4.430000e-07
4.430000e-07
4.430000e-07
4.430000e-07
4.430000e-07
4.430000e-07
4.430000e-07
4.430000e-07
4.430000e-07
4.430000e-07
4.430000e-07
4.430000e-07
4.430000e-07
4.430000e-07
4.430000e-07
4.430000e-07
4.430000e-07
4.430000e-07
4.430000e-07
4.430000e-07
4.430000e-07
4.430000e-07
4.430000e-07
4.430000e-07
4.430000e-07
4.430000e-07
4.430000e-07
4.430000e-07
4.430000e-07
4.430000e-07
4.430000e-07
4.430000e-07
4.430000e-07
4.430000e-07
4.430000e-07
4.430000e-07
4.430000e-07
4.430000e-07
4.430000e-07
4.430000e-07
4.430000e-07
4.430000e-07
4.430000e-07
4.430000e-07
4.430000e-07
4.430000e-07
4.430000e-07
4.430000e-07
4.430000e-07
4.430000e-07
4.430000e-07
4.430000e-07
4.430000e-07
4.430000e-07
4.430000e-07
4.430000e-07
4.430000e-07
4.430000e-07
4.430000e-07
4.430000e-07
4.430000e-07
4.430000e-07
4.430000e-07
4.430000e-07
4.430000e-07
4.430000e-07
4.430000e-07
4.430000e-07
4.430000e-07
4.430000e-07
4.430000e-07
4.430000e-07
4.430000e-07
4.430000e-07
4.430000e-07
4.430000e-07
4.430000e-07
4.430000e-07
4.430000e-07
4.430000e-07
4.430000e-07
4.430000e-07
4.430000e-07
4.430000e-07
4.430000e-07
4.430000e-07
4.430000e-07
4.430000e-07
4.430000e-07
4.430000e-07
4.430000e-07
4.430000e-07
4.430000e-07
4.430000e-07
4.430000e-07
4.430000e-07
4.430000e-07
4.430000e-07
4.430000e-07
4.430000e-07
4.430000e-07
4.430000e-07
4.430000e-07
4.430000e-07
4.430000e-07
4.430000e-07
4.430000e-07
4.430000e-07
4.430000e-07
4.430000e-07
4.430000e-07
4.430000e-07
4.430000e-07
4.430000e-07
4.430000e-07
4.430000e-07
4.430000e-07
4.430000e-07
4.430000e-07
4.430000e-07
4.430000e-07
4.430000e-07
4.430000e-07
4.430000e-07
4.430000e-07
4.430000e-07
4.430000e-07
4.430000e-07
4.430000e-07
4.430000e-07
4.430000e-07
4.430000e-07
4.430000e-07
4.430000e-07
4.430000e-07
4.430000e-07
4.430000e-07
4.430000e-07
4.430000e-07
4.430000e-07
4.430000e-07
4.430000e-07
4.430000e-07
4.430000e-07
4.430000e-07
4.430000e-07
4.430000e-07
4.430000e-07
4.430000e-07
4.430000e-07
4.430000e-07
4.430000e-07
4.430000e-07
4.430000e-07
4.430000e-07
4.430000e-07
4.430000e-07
4.430000e-07
4.430000e-07
4.430000e-07
4.430000e-07
4.430000e-07
4.430000e-07
4.430000e-07
4.430000e-07
4.430000e-07
4.430000e-07
4.430000e-07
4.430000e-07
4.430000e-07
4.430000e-07
4.430000e-07
4.430000e-07
4.430000e-07
4.430000e-07
4.430000e-07
4.430000e-07
4.430000e-07
4.430000e-07
4.430000e-07
4.430000e-07
4.430000e-07
4.430000e-07
4.430000e-07
4.430000e-07
4.430000e-07
4.430000e-07
4.430000e-07
4.430000e-07
4.430000e-07
4.430000e-07
4.430000e-07
4.430000e-07
4.430000e-07
4.430000e-07
4.430000e-07
4.430000e-07
4.430000e-07
4.430000e-07
4.430000e-07
4.430000e-07
4.430000e-07
4.430000e-07
4.430000e-07
4.430000e-07
4.430000e-07
4.430000e-07
4.430000e-07
4.430000e-07
4.430000e-07
4.430000e-07
4.430000e-07
4.430000e-07
4.430000e-07
4.430000e-07
4.430000e-07
4.430000e-07
4.430000e-07
4.430000e-07
4.430000e-07
4.430000e-07
4.430000e-07
4.430000e-07
4.430000e-07
4.430000e-07
4.430000e-07
4.430000e-07
4.430000e-07
4.430000e-07
4.430000e-07
4.430000e-07
4.430000e-07
4.430000e-07
4.430000e-07
4.430000e-07
4.430000e-07
4.430000e-07
4.430000e-07
4.430000e-07
4.430000e-07
4.430000e-07
4.430000e-07
4.430000e-07
4.430000e-07
4.430000e-07
4.430000e-07
4.430000e-07
4.430000e-07
4.430000e-07
4.430000e-07
4.430000e-07
4.430000e-07
4.430000e-07
4.430000e-07
4.430000e-07
4.430000e-07
4.430000e-07
4.430000e-07
4.430000e-07
4.430000e-07
4.430000e-07
4.430000e-07
4.430000e-07
4.430000e-07
4.430000e-07
4.430000e-07
4.430000e-07
4.430000e-07
4.430000e-07
4.430000e-07
4.430000e-07
4.430000e-07
4.430000e-07
4.430000e-07
4.430000e-07
4.430000e-07
4.430000e-07
4.430000e-07
4.430000e-07
4.430000e-07
4.430000e-07
4.430000e-07
4.430000e-07
4.430000e-07
4.430000e-07
4.430000e-07
4.430000e-07
4.430000e-07
4.430000e-07
4.430000e-07
4.430000e-07
4.430000e-07
4.430000e-07
4.430000e-07
4.430000e-07
4.430000e-07
4.430000e-07
4.430000e-07
4.430000e-07
4.430000e-07
4.430000e-07
4.430000e-07
4.430000e-07
4.430000e-07
4.430000e-07
4.430000e-07
4.430000e-07
4.430000e-07
4.430000e-07
4.430000e-07
4.430000e-07
4.430000e-07
4.430000e-07
4.430000e-07
4.430000e-07
4.430000e-07
4.430000e-07
4.430000e-07
4.430000e-07
4.430000e-07
4.430000e-07
4.430000e-07
4.430000e-07
4.430000e-07
4.430000e-07
4.430000e-07
4.430000e-07
4.430000e-07
4.430000e-07
4.430000e-07
4.430000e-07
4.430000e-07
4.430000e-07
4.430000e-07
4.430000e-07
4.430000e-07
4.430000e-07
4.430000e-07
4.430000e-07
4.430000e-07
4.430000e-07
4.430000e-07
4.430000e-07
4.430000e-07
4.430000e-07
4.430000e-07
4.430000e-07
4.430000e-07
4.430000e-07
4.430000e-07
4.430000e-07
4.430000e-07
4.430000e-07
4.430000e-07
4.430000e-07
4.430000e-07
4.430000e-07
4.430000e-07
4.430000e-07
4.430000e-07
4.430000e-07
4.430000e-07
4.430000e-07
4.430000e-07
4.430000e-07
4.430000e-07
4.430000e-07
4.430000e-07
4.430000e-07
4.430000e-07
4.430000e-07
4.430000e-07
4.430000e-07
4.430000e-07
4.430000e-07
4.430000e-07
4.430000e-07
4.430000e-07
4.430000e-07
4.430000e-07
4.430000e-07
4.430000e-07
4.430000e-07
4.430000e-07
4.430000e-07
4.430000e-07
4.430000e-07
4.430000e-07
4.430000e-07
4.430000e-07
4.430000e-07
4.430000e-07
4.430000e-07
4.430000e-07
4.430000e-07
4.430000e-07
4.430000e-07
4.430000e-07
4.430000e-07
4.430000e-07
4.430000e-07
4.430000e-07
4.430000e-07
4.430000e-07
4.430000e-07
4.430000e-07
4.430000e-07
4.430000e-07
4.430000e-07
4.430000e-07
4.430000e-07
4.430000e-07
4.430000e-07
4.430000e-07
4.430000e-07
4.430000e-07
4.430000e-07
4.430000e-07
4.430000e-07
4.430000e-07
4.430000e-07
4.430000e-07
4.430000e-07
4.430000e-07
4.430000e-07
4.430000e-07
4.430000e-07
4.430000e-07
4.430000e-07
4.430000e-07
4.430000e-07
4.430000e-07
4.430000e-07
4.430000e-07
4.430000e-07
4.430000e-07
4.430000e-07
4.430000e-07
4.430000e-07
4.430000e-07
4.430000e-07
4.430000e-07
4.430000e-07
4.430000e-07
4.430000e-07
4.430000e-07
4.430000e-07
4.430000e-07
4.430000e-07
4.430000e-07
4.430000e-07
4.430000e-07
4.430000e-07
4.430000e-07
4.430000e-07
4.430000e-07
4.430000e-07
4.430000e-07
4.430000e-07
4.430000e-07
4.430000e-07
4.430000e-07
4.430000e-07
4.430000e-07
4.430000e-07
4.430000e-07
4.430000e-07
4.430000e-07
4.430000e-07
4.430000e-07
4.430000e-07
4.430000e-07
4.430000e-07
4.430000e-07
4.430000e-07
4.430000e-07
4.430000e-07
4.430000e-07
4.430000e-07
4.430000e-07
4.430000e-07
4.430000e-07
4.430000e-07
4.430000e-07
4.430000e-07
4.430000e-07
4.430000e-07
4.430000e-07
4.430000e-07
4.430000e-07
4.430000e-07
4.430000e-07
4.430000e-07
4.430000e-07
4.430000e-07
4.430000e-07
4.430000e-07
4.430000e-07
4.430000e-07
4.430000e-07
4.430000e-07
4.430000e-07
4.430000e-07
4.430000e-07
4.430000e-07
4.430000e-07
4.430000e-07
4.430000e-07
4.430000e-07
4.430000e-07
4.430000e-07
4.430000e-07
4.430000e-07
4.430000e-07
4.430000e-07
4.430000e-07
4.430000e-07
4.430000e-07
4.430000e-07
4.430000e-07
4.430000e-07
4.430000e-07
4.430000e-07
4.430000e-07
4.430000e-07
4.430000e-07
4.430000e-07
4.430000e-07
4.430000e-07
4.430000e-07
4.430000e-07
4.430000e-07
4.430000e-07
4.430000e-07
4.430000e-07
4.430000e-07
4.430000e-07
4.430000e-07
4.430000e-07
4.430000e-07
4.430000e-07
4.430000e-07
4.430000e-07
4.430000e-07
4.430000e-07
4.430000e-07
4.430000e-07
4.430000e-07
4.430000e-07
4.430000e-07
4.430000e-07
4.430000e-07
4.430000e-07
4.430000e-07
4.430000e-07
4.430000e-07
4.430000e-07
4.430000e-07
4.430000e-07
4.430000e-07
4.430000e-07
4.430000e-07
4.430000e-07
4.430000e-07
4.430000e-07
4.430000e-07
4.430000e-07
4.430000e-07
4.430000e-07
4.430000e-07
4.430000e-07
4.430000e-07
4.430000e-07
4.430000e-07
4.430000e-07
4.430000e-07
4.430000e-07
4.430000e-07
4.430000e-07
4.430000e-07
4.430000e-07
4.430000e-07
4.430000e-07
4.430000e-07
4.430000e-07
4.430000e-07
4.430000e-07
4.430000e-07
4.430000e-07
4.430000e-07
4.430000e-07
4.430000e-07
4.430000e-07
4.430000e-07
4.430000e-07
4.430000e-07
4.430000e-07
4.430000e-07
4.430000e-07
4.430000e-07
4.430000e-07
4.430000e-07
4.430000e-07
4.430000e-07
4.430000e-07
4.430000e-07
4.430000e-07
4.430000e-07
4.430000e-07
4.430000e-07
4.430000e-07
4.430000e-07
4.430000e-07
4.430000e-07
4.430000e-07
4.430000e-07
4.430000e-07
4.430000e-07
4.430000e-07
4.430000e-07
4.430000e-07
4.430000e-07
4.430000e-07
4.430000e-07
4.430000e-07
4.430000e-07
4.430000e-07
4.430000e-07
4.430000e-07
4.430000e-07
4.430000e-07
4.430000e-07
4.430000e-07
4.430000e-07
4.430000e-07
4.430000e-07
4.430000e-07
4.430000e-07
4.430000e-07
4.430000e-07
4.430000e-07
4.430000e-07
4.430000e-07
4.430000e-07
4.430000e-07
4.430000e-07
4.430000e-07
4.430000e-07
4.430000e-07
4.430000e-07
4.430000e-07
4.430000e-07
4.430000e-07
4.430000e-07
4.430000e-07
4.430000e-07
4.430000e-07
4.430000e-07
4.430000e-07
4.430000e-07
4.430000e-07
4.430000e-07
4.430000e-07
4.430000e-07
4.430000e-07
4.430000e-07
4.430000e-07
4.430000e-07
4.430000e-07
4.430000e-07
4.430000e-07
4.430000e-07
4.430000e-07
4.430000e-07
4.430000e-07
4.430000e-07
4.430000e-07
4.430000e-07
4.430000e-07
4.430000e-07
4.430000e-07
4.430000e-07
4.430000e-07
4.430000e-07
4.430000e-07
4.430000e-07
4.430000e-07
4.430000e-07
4.430000e-07
4.430000e-07
4.430000e-07
4.430000e-07
4.430000e-07
4.430000e-07
4.430000e-07
4.430000e-07
4.430000e-07
4.430000e-07
4.430000e-07
4.430000e-07
4.430000e-07
4.430000e-07
4.430000e-07
4.430000e-07
4.430000e-07
4.430000e-07
4.430000e-07
4.430000e-07
4.430000e-07
4.430000e-07
4.430000e-07
4.430000e-07
4.430000e-07
4.430000e-07
4.430000e-07
4.430000e-07
4.430000e-07
4.430000e-07
4.430000e-07
4.430000e-07
4.430000e-07
4.430000e-07
4.430000e-07
4.430000e-07
4.430000e-07
4.430000e-07
4.430000e-07
4.430000e-07
4.430000e-07
4.430000e-07
4.430000e-07
4.430000e-07
4.430000e-07
4.430000e-07
4.430000e-07
4.430000e-07
4.430000e-07
4.430000e-07
4.430000e-07
4.430000e-07
4.430000e-07
4.430000e-07
4.430000e-07
4.430000e-07
4.430000e-07
4.430000e-07
4.430000e-07
4.430000e-07
4.430000e-07
4.430000e-07
4.430000e-07
4.430000e-07
4.430000e-07
4.430000e-07
4.430000e-07
4.430000e-07
4.430000e-07
4.430000e-07
4.430000e-07
4.430000e-07
4.430000e-07
4.430000e-07
4.430000e-07
4.430000e-07
4.430000e-07
4.430000e-07
4.430000e-07
4.430000e-07
4.430000e-07
4.430000e-07
4.430000e-07
4.430000e-07
4.430000e-07
4.430000e-07
4.430000e-07
4.430000e-07
4.430000e-07
4.430000e-07
4.430000e-07
4.430000e-07
4.430000e-07
4.430000e-07
4.430000e-07
4.430000e-07
4.430000e-07
4.430000e-07
4.430000e-07
4.430000e-07
4.430000e-07
4.430000e-07
4.430000e-07
4.430000e-07
4.430000e-07
4.430000e-07
4.430000e-07
4.430000e-07
4.430000e-07
4.430000e-07
4.430000e-07
4.430000e-07
4.430000e-07
4.430000e-07
4.430000e-07
4.430000e-07
4.430000e-07
4.430000e-07
4.430000e-07
4.430000e-07
4.430000e-07
4.430000e-07
4.430000e-07
4.430000e-07
4.430000e-07
4.430000e-07
4.430000e-07
4.430000e-07
4.430000e-07
4.430000e-07
4.430000e-07
4.430000e-07
4.430000e-07
4.430000e-07
4.430000e-07
4.430000e-07
4.430000e-07
4.430000e-07
4.430000e-07
4.430000e-07
4.430000e-07
4.430000e-07
4.430000e-07
4.430000e-07
4.430000e-07
4.430000e-07
4.430000e-07
4.430000e-07
4.430000e-07
4.430000e-07
4.430000e-07
4.430000e-07
4.430000e-07
4.430000e-07
4.430000e-07
4.430000e-07
4.430000e-07
4.430000e-07
4.430000e-07
4.430000e-07
4.430000e-07
4.430000e-07
4.430000e-07
4.430000e-07
4.430000e-07
4.430000e-07
4.430000e-07
4.430000e-07
4.430000e-07
4.430000e-07
4.430000e-07
4.430000e-07
4.430000e-07
4.430000e-07
4.430000e-07
4.430000e-07
4.430000e-07
4.430000e-07
4.430000e-07
4.430000e-07
4.430000e-07
4.430000e-07
4.430000e-07
4.430000e-07
4.430000e-07
4.430000e-07
4.430000e-07
4.430000e-07
4.430000e-07
4.430000e-07
4.430000e-07
4.430000e-07
4.430000e-07
4.430000e-07
4.430000e-07
4.430000e-07
4.430000e-07
4.430000e-07
4.430000e-07
4.430000e-07
4.430000e-07
4.430000e-07
4.430000e-07
4.430000e-07
4.430000e-07
4.430000e-07
4.430000e-07
4.430000e-07
4.430000e-07
4.430000e-07
4.430000e-07
4.430000e-07
4.430000e-07
4.430000e-07
4.430000e-07
4.430000e-07
4.430000e-07
4.430000e-07
4.430000e-07
4.430000e-07
4.430000e-07
4.430000e-07
4.430000e-07
4.430000e-07
4.430000e-07
4.430000e-07
4.430000e-07
4.430000e-07
4.430000e-07
4.430000e-07
4.430000e-07
4.430000e-07
4.430000e-07
4.430000e-07
4.430000e-07
4.430000e-07
4.430000e-07
4.430000e-07
4.430000e-07
4.430000e-07
4.430000e-07
4.430000e-07
4.430000e-07
4.430000e-07
4.430000e-07
4.430000e-07
4.430000e-07
4.430000e-07
4.430000e-07
4.430000e-07
4.430000e-07
4.430000e-07
4.430000e-07
4.430000e-07
4.430000e-07
4.430000e-07
4.430000e-07
4.430000e-07
4.430000e-07
4.430000e-07
4.430000e-07
4.430000e-07
4.430000e-07
4.430000e-07
4.430000e-07
4.430000e-07
4.430000e-07
4.430000e-07
4.430000e-07
4.430000e-07
4.430000e-07
4.430000e-07
4.430000e-07
4.430000e-07
4.430000e-07
4.430000e-07
4.430000e-07
4.430000e-07
4.430000e-07
4.430000e-07
4.430000e-07
4.430000e-07
4.430000e-07
4.430000e-07
4.430000e-07
4.430000e-07
4.430000e-07
4.430000e-07
4.430000e-07
4.430000e-07
4.430000e-07
4.430000e-07
4.430000e-07
4.430000e-07
4.430000e-07
4.430000e-07
4.430000e-07
4.430000e-07
4.430000e-07
4.430000e-07
4.430000e-07
4.430000e-07
4.430000e-07
4.430000e-07
4.430000e-07
4.430000e-07
4.430000e-07
4.430000e-07
4.430000e-07
4.430000e-07
4.430000e-07
4.430000e-07
4.430000e-07
4.430000e-07
4.430000e-07
4.430000e-07
4.430000e-07
4.430000e-07
4.430000e-07
4.430000e-07
4.430000e-07
4.430000e-07
4.430000e-07
4.430000e-07
4.430000e-07
4.430000e-07
4.430000e-07
4.430000e-07
4.430000e-07
4.430000e-07
4.430000e-07
4.430000e-07
4.430000e-07
4.430000e-07
4.430000e-07
4.430000e-07
4.430000e-07
4.430000e-07
4.430000e-07
4.430000e-07
4.430000e-07
4.430000e-07
4.430000e-07
4.430000e-07
4.430000e-07
4.430000e-07
4.430000e-07
4.430000e-07
4.430000e-07
4.430000e-07
4.430000e-07
4.430000e-07
4.430000e-07
4.430000e-07
4.430000e-07
4.430000e-07
4.430000e-07
4.430000e-07
4.430000e-07
4.430000e-07
4.430000e-07
4.430000e-07
4.430000e-07
4.430000e-07
4.430000e-07
4.430000e-07
4.430000e-07
4.430000e-07
4.430000e-07
4.430000e-07
4.430000e-07
4.430000e-07
4.430000e-07
4.430000e-07
4.430000e-07
4.430000e-07
4.430000e-07
4.430000e-07
4.430000e-07
4.430000e-07
4.430000e-07
4.430000e-07
4.430000e-07
4.430000e-07
4.430000e-07
4.430000e-07
4.430000e-07
4.430000e-07
4.430000e-07
4.430000e-07
4.430000e-07
4.430000e-07
4.430000e-07
4.430000e-07
4.430000e-07
4.430000e-07
4.430000e-07
4.430000e-07
4.430000e-07
4.430000e-07
4.430000e-07
4.430000e-07
4.430000e-07
4.430000e-07
4.430000e-07
4.430000e-07
4.430000e-07
4.430000e-07
4.430000e-07
4.430000e-07
4.430000e-07
4.430000e-07
4.430000e-07
4.430000e-07
4.430000e-07
4.430000e-07
4.430000e-07
4.430000e-07
4.430000e-07
4.430000e-07
4.430000e-07
4.430000e-07
4.430000e-07
4.430000e-07
4.430000e-07
4.430000e-07
4.430000e-07
4.430000e-07
4.430000e-07
4.430000e-07
4.430000e-07
4.430000e-07
4.430000e-07
4.430000e-07
4.430000e-07
4.430000e-07
4.430000e-07
4.430000e-07
4.430000e-07
4.430000e-07
4.430000e-07
4.430000e-07
4.430000e-07
4.430000e-07
4.430000e-07
4.430000e-07
4.430000e-07
4.430000e-07
4.430000e-07
4.430000e-07
4.430000e-07
4.430000e-07
4.430000e-07
4.430000e-07
4.430000e-07
4.430000e-07
4.430000e-07
4.430000e-07
4.430000e-07
4.430000e-07
4.430000e-07
4.430000e-07
4.430000e-07
4.430000e-07
4.430000e-07
4.430000e-07
4.430000e-07
4.430000e-07
4.430000e-07
4.430000e-07
4.430000e-07
4.430000e-07
4.430000e-07
4.430000e-07
4.430000e-07
4.430000e-07
4.430000e-07
4.430000e-07
4.430000e-07
4.430000e-07
4.430000e-07
4.430000e-07
4.430000e-07
4.430000e-07
4.430000e-07
4.430000e-07
4.430000e-07
4.430000e-07
4.430000e-07
4.430000e-07
4.430000e-07
4.430000e-07
4.430000e-07
4.430000e-07
4.430000e-07
4.430000e-07
4.430000e-07
4.430000e-07
4.430000e-07
4.430000e-07
4.430000e-07
4.430000e-07
4.430000e-07
4.430000e-07
4.430000e-07
4.430000e-07
4.430000e-07
4.430000e-07
4.430000e-07
4.430000e-07
4.430000e-07
4.430000e-07
4.430000e-07
4.430000e-07
4.430000e-07
4.430000e-07
4.430000e-07
4.430000e-07
4.430000e-07
4.430000e-07
4.430000e-07
4.430000e-07
4.430000e-07
4.430000e-07
4.430000e-07
4.430000e-07
4.430000e-07
4.430000e-07
4.430000e-07
4.430000e-07
4.430000e-07
4.430000e-07
4.430000e-07
4.430000e-07
4.430000e-07
4.430000e-07
4.430000e-07
4.430000e-07
4.430000e-07
4.430000e-07
4.430000e-07
4.430000e-07
4.430000e-07
4.430000e-07
4.430000e-07
4.430000e-07
4.430000e-07
4.430000e-07
4.430000e-07
4.430000e-07
4.430000e-07
4.430000e-07
4.430000e-07
4.430000e-07
4.430000e-07
4.430000e-07
4.430000e-07
4.430000e-07
4.430000e-07
4.430000e-07
4.430000e-07
4.430000e-07
4.430000e-07
4.430000e-07
4.430000e-07
4.430000e-07
4.430000e-07
4.430000e-07
4.430000e-07
4.430000e-07
4.430000e-07
4.430000e-07
4.430000e-07
4.430000e-07
4.430000e-07
4.430000e-07
4.430000e-07
4.430000e-07
4.430000e-07
4.430000e-07
4.430000e-07
4.430000e-07
4.430000e-07
4.430000e-07
4.430000e-07
4.430000e-07
4.430000e-07
4.430000e-07

