# vtk DataFile Version 2.0
mfree iwf
ASCII

DATASET UNSTRUCTURED_GRID
POINTS 6231 float
0.000000 0.000300 0.000000
0.000000 0.000310 0.000000
0.000000 0.000320 0.000000
0.000000 0.000330 0.000000
0.000000 0.000340 0.000000
0.000001 0.000350 0.000000
0.000001 0.000360 0.000000
0.000001 0.000370 0.000000
0.000001 0.000381 0.000000
0.000001 0.000391 0.000000
0.000001 0.000401 0.000000
0.000001 0.000411 0.000000
0.000001 0.000421 0.000000
0.000001 0.000431 0.000000
0.000002 0.000441 0.000000
0.000002 0.000451 0.000000
0.000002 0.000461 0.000000
0.000002 0.000471 0.000000
0.000002 0.000480 0.000000
0.000002 0.000492 0.000000
0.000006 0.000501 0.000000
0.000199 0.000563 0.000000
0.000200 0.000621 0.000000
0.000200 0.000578 0.000000
0.000200 0.000635 0.000000
0.000200 0.000657 0.000000
0.000210 0.000707 0.000000
0.000211 0.000710 0.000000
0.000219 0.000722 0.000000
0.000226 0.000734 0.000000
0.000246 0.000769 0.000000
0.000010 0.000300 0.000000
0.000010 0.000310 0.000000
0.000010 0.000320 0.000000
0.000010 0.000330 0.000000
0.000010 0.000340 0.000000
0.000011 0.000350 0.000000
0.000011 0.000360 0.000000
0.000011 0.000370 0.000000
0.000011 0.000380 0.000000
0.000011 0.000390 0.000000
0.000011 0.000400 0.000000
0.000011 0.000411 0.000000
0.000011 0.000420 0.000000
0.000012 0.000431 0.000000
0.000012 0.000440 0.000000
0.000012 0.000451 0.000000
0.000012 0.000460 0.000000
0.000012 0.000472 0.000000
0.000014 0.000478 0.000000
0.000010 0.000492 0.000000
0.000013 0.000498 0.000000
0.000207 0.000673 0.000000
0.000210 0.000685 0.000000
0.000213 0.000695 0.000000
0.000217 0.000701 0.000000
0.000227 0.000718 0.000000
0.000230 0.000726 0.000000
0.000238 0.000739 0.000000
0.000241 0.000749 0.000000
0.000243 0.000755 0.000000
0.000243 0.000763 0.000000
0.000020 0.000300 0.000000
0.000020 0.000310 0.000000
0.000020 0.000320 0.000000
0.000020 0.000330 0.000000
0.000021 0.000340 0.000000
0.000020 0.000350 0.000000
0.000021 0.000360 0.000000
0.000021 0.000370 0.000000
0.000020 0.000380 0.000000
0.000022 0.000391 0.000000
0.000020 0.000400 0.000000
0.000022 0.000410 0.000000
0.000021 0.000420 0.000000
0.000022 0.000431 0.000000
0.000021 0.000440 0.000000
0.000024 0.000451 0.000000
0.000021 0.000460 0.000000
0.000022 0.000470 0.000000
0.000021 0.000481 0.000000
0.000024 0.000494 0.000000
0.000020 0.000497 0.000000
0.000210 0.000641 0.000000
0.000211 0.000665 0.000000
0.000211 0.000678 0.000000
0.000216 0.000687 0.000000
0.000232 0.000696 0.000000
0.000229 0.000710 0.000000
0.000239 0.000729 0.000000
0.000243 0.000743 0.000000
0.000253 0.000752 0.000000
0.000257 0.000759 0.000000
0.000030 0.000300 0.000000
0.000030 0.000310 0.000000
0.000030 0.000320 0.000000
0.000030 0.000330 0.000000
0.000030 0.000340 0.000000
0.000031 0.000350 0.000000
0.000030 0.000360 0.000000
0.000031 0.000370 0.000000
0.000031 0.000380 0.000000
0.000031 0.000390 0.000000
0.000031 0.000400 0.000000
0.000031 0.000411 0.000000
0.000031 0.000420 0.000000
0.000032 0.000431 0.000000
0.000032 0.000440 0.000000
0.000031 0.000450 0.000000
0.000032 0.000459 0.000000
0.000037 0.000473 0.000000
0.000030 0.000478 0.000000
0.000033 0.000488 0.000000
0.000032 0.000498 0.000000
0.000063 0.000500 0.000000
0.000218 0.000666 0.000000
0.000222 0.000680 0.000000
0.000226 0.000702 0.000000
0.000242 0.000708 0.000000
0.000236 0.000715 0.000000
0.000246 0.000724 0.000000
0.000249 0.000732 0.000000
0.000255 0.000742 0.000000
0.000265 0.000754 0.000000
0.000040 0.000300 0.000000
0.000040 0.000310 0.000000
0.000040 0.000320 0.000000
0.000041 0.000331 0.000000
0.000040 0.000340 0.000000
0.000040 0.000350 0.000000
0.000041 0.000360 0.000000
0.000041 0.000370 0.000000
0.000041 0.000380 0.000000
0.000041 0.000390 0.000000
0.000042 0.000400 0.000000
0.000041 0.000410 0.000000
0.000042 0.000420 0.000000
0.000040 0.000431 0.000000
0.000043 0.000439 0.000000
0.000043 0.000450 0.000000
0.000043 0.000460 0.000000
0.000037 0.000470 0.000000
0.000045 0.000478 0.000000
0.000043 0.000497 0.000000
0.000040 0.000498 0.000000
0.000200 0.000528 0.000000
0.000228 0.000666 0.000000
0.000233 0.000679 0.000000
0.000234 0.000688 0.000000
0.000238 0.000697 0.000000
0.000251 0.000711 0.000000
0.000258 0.000728 0.000000
0.000265 0.000735 0.000000
0.000265 0.000744 0.000000
0.000272 0.000750 0.000000
0.000050 0.000300 0.000000
0.000050 0.000310 0.000000
0.000050 0.000319 0.000000
0.000050 0.000329 0.000000
0.000051 0.000340 0.000000
0.000050 0.000350 0.000000
0.000052 0.000360 0.000000
0.000049 0.000370 0.000000
0.000052 0.000380 0.000000
0.000050 0.000390 0.000000
0.000053 0.000400 0.000000
0.000049 0.000410 0.000000
0.000053 0.000419 0.000000
0.000051 0.000430 0.000000
0.000054 0.000440 0.000000
0.000047 0.000451 0.000000
0.000055 0.000459 0.000000
0.000053 0.000470 0.000000
0.000055 0.000482 0.000000
0.000049 0.000488 0.000000
0.000050 0.000498 0.000000
0.000207 0.000657 0.000000
0.000207 0.000615 0.000000
0.000234 0.000676 0.000000
0.000246 0.000690 0.000000
0.000251 0.000702 0.000000
0.000253 0.000718 0.000000
0.000263 0.000712 0.000000
0.000266 0.000724 0.000000
0.000274 0.000737 0.000000
0.000281 0.000744 0.000000
0.000060 0.000300 0.000000
0.000060 0.000310 0.000000
0.000061 0.000321 0.000000
0.000059 0.000331 0.000000
0.000062 0.000339 0.000000
0.000058 0.000350 0.000000
0.000062 0.000359 0.000000
0.000059 0.000370 0.000000
0.000063 0.000380 0.000000
0.000059 0.000390 0.000000
0.000064 0.000400 0.000000
0.000059 0.000410 0.000000
0.000064 0.000419 0.000000
0.000058 0.000430 0.000000
0.000066 0.000440 0.000000
0.000061 0.000449 0.000000
0.000066 0.000459 0.000000
0.000056 0.000471 0.000000
0.000065 0.000476 0.000000
0.000068 0.000486 0.000000
0.000059 0.000496 0.000000
0.000205 0.000648 0.000000
0.000221 0.000658 0.000000
0.000245 0.000673 0.000000
0.000249 0.000681 0.000000
0.000255 0.000693 0.000000
0.000261 0.000702 0.000000
0.000272 0.000716 0.000000
0.000276 0.000724 0.000000
0.000282 0.000731 0.000000
0.000289 0.000739 0.000000
0.000070 0.000300 0.000000
0.000070 0.000310 0.000000
0.000070 0.000320 0.000000
0.000071 0.000329 0.000000
0.000070 0.000341 0.000000
0.000070 0.000350 0.000000
0.000072 0.000360 0.000000
0.000069 0.000371 0.000000
0.000073 0.000379 0.000000
0.000069 0.000390 0.000000
0.000073 0.000400 0.000000
0.000069 0.000410 0.000000
0.000074 0.000421 0.000000
0.000068 0.000430 0.000000
0.000076 0.000438 0.000000
0.000065 0.000453 0.000000
0.000079 0.000458 0.000000
0.000072 0.000470 0.000000
0.000076 0.000486 0.000000
0.000068 0.000496 0.000000
0.000076 0.000496 0.000000
0.000199 0.000515 0.000000
0.000220 0.000649 0.000000
0.000236 0.000661 0.000000
0.000255 0.000681 0.000000
0.000265 0.000692 0.000000
0.000272 0.000700 0.000000
0.000276 0.000709 0.000000
0.000284 0.000716 0.000000
0.000290 0.000726 0.000000
0.000297 0.000733 0.000000
0.000080 0.000300 0.000000
0.000080 0.000310 0.000000
0.000080 0.000320 0.000000
0.000081 0.000331 0.000000
0.000080 0.000340 0.000000
0.000082 0.000349 0.000000
0.000079 0.000360 0.000000
0.000081 0.000369 0.000000
0.000081 0.000381 0.000000
0.000080 0.000391 0.000000
0.000083 0.000400 0.000000
0.000080 0.000410 0.000000
0.000083 0.000419 0.000000
0.000079 0.000431 0.000000
0.000085 0.000444 0.000000
0.000077 0.000448 0.000000
0.000084 0.000465 0.000000
0.000074 0.000470 0.000000
0.000089 0.000472 0.000000
0.000085 0.000483 0.000000
0.000084 0.000496 0.000000
0.000205 0.000638 0.000000
0.000200 0.000613 0.000000
0.000245 0.000664 0.000000
0.000257 0.000669 0.000000
0.000267 0.000684 0.000000
0.000275 0.000692 0.000000
0.000284 0.000699 0.000000
0.000290 0.000712 0.000000
0.000297 0.000720 0.000000
0.000305 0.000727 0.000000
0.000090 0.000300 0.000000
0.000090 0.000310 0.000000
0.000090 0.000320 0.000000
0.000090 0.000329 0.000000
0.000090 0.000339 0.000000
0.000091 0.000351 0.000000
0.000090 0.000360 0.000000
0.000092 0.000371 0.000000
0.000089 0.000380 0.000000
0.000092 0.000389 0.000000
0.000090 0.000400 0.000000
0.000091 0.000411 0.000000
0.000090 0.000422 0.000000
0.000094 0.000429 0.000000
0.000089 0.000437 0.000000
0.000098 0.000455 0.000000
0.000088 0.000453 0.000000
0.000099 0.000473 0.000000
0.000106 0.000480 0.000000
0.000089 0.000495 0.000000
0.000095 0.000495 0.000000
0.000200 0.000534 0.000000
0.000220 0.000642 0.000000
0.000214 0.000630 0.000000
0.000231 0.000653 0.000000
0.000268 0.000675 0.000000
0.000284 0.000687 0.000000
0.000289 0.000701 0.000000
0.000298 0.000706 0.000000
0.000305 0.000714 0.000000
0.000313 0.000720 0.000000
0.000100 0.000300 0.000000
0.000100 0.000310 0.000000
0.000100 0.000320 0.000000
0.000100 0.000331 0.000000
0.000102 0.000341 0.000000
0.000099 0.000350 0.000000
0.000102 0.000359 0.000000
0.000100 0.000369 0.000000
0.000101 0.000380 0.000000
0.000102 0.000391 0.000000
0.000100 0.000401 0.000000
0.000102 0.000409 0.000000
0.000102 0.000418 0.000000
0.000102 0.000433 0.000000
0.000106 0.000442 0.000000
0.000097 0.000446 0.000000
0.000107 0.000461 0.000000
0.000096 0.000465 0.000000
0.000094 0.000481 0.000000
0.000107 0.000491 0.000000
0.000101 0.000494 0.000000
0.000200 0.000582 0.000000
0.000199 0.000598 0.000000
0.000201 0.000608 0.000000
0.000266 0.000668 0.000000
0.000278 0.000676 0.000000
0.000284 0.000681 0.000000
0.000295 0.000692 0.000000
0.000303 0.000696 0.000000
0.000310 0.000708 0.000000
0.000320 0.000714 0.000000
0.000110 0.000300 0.000000
0.000110 0.000310 0.000000
0.000110 0.000320 0.000000
0.000111 0.000330 0.000000
0.000110 0.000339 0.000000
0.000111 0.000350 0.000000
0.000111 0.000361 0.000000
0.000110 0.000371 0.000000
0.000112 0.000379 0.000000
0.000109 0.000390 0.000000
0.000112 0.000399 0.000000
0.000111 0.000411 0.000000
0.000115 0.000423 0.000000
0.000106 0.000426 0.000000
0.000114 0.000438 0.000000
0.000108 0.000450 0.000000
0.000115 0.000461 0.000000
0.000111 0.000470 0.000000
0.000117 0.000480 0.000000
0.000111 0.000493 0.000000
0.000119 0.000492 0.000000
0.000200 0.000543 0.000000
0.000200 0.000547 0.000000
0.000223 0.000634 0.000000
0.000242 0.000655 0.000000
0.000242 0.000645 0.000000
0.000283 0.000668 0.000000
0.000299 0.000682 0.000000
0.000309 0.000695 0.000000
0.000318 0.000701 0.000000
0.000327 0.000707 0.000000
0.000120 0.000300 0.000000
0.000120 0.000310 0.000000
0.000120 0.000320 0.000000
0.000121 0.000330 0.000000
0.000120 0.000341 0.000000
0.000121 0.000350 0.000000
0.000120 0.000359 0.000000
0.000121 0.000370 0.000000
0.000121 0.000380 0.000000
0.000120 0.000391 0.000000
0.000123 0.000399 0.000000
0.000118 0.000410 0.000000
0.000123 0.000416 0.000000
0.000121 0.000431 0.000000
0.000125 0.000443 0.000000
0.000118 0.000449 0.000000
0.000127 0.000458 0.000000
0.000120 0.000472 0.000000
0.000130 0.000478 0.000000
0.000125 0.000490 0.000000
0.000137 0.000491 0.000000
0.000216 0.000550 0.000000
0.000200 0.000599 0.000000
0.000211 0.000587 0.000000
0.000215 0.000611 0.000000
0.000259 0.000660 0.000000
0.000292 0.000674 0.000000
0.000303 0.000679 0.000000
0.000313 0.000686 0.000000
0.000325 0.000694 0.000000
0.000333 0.000699 0.000000
0.000130 0.000300 0.000000
0.000130 0.000310 0.000000
0.000131 0.000320 0.000000
0.000129 0.000330 0.000000
0.000131 0.000339 0.000000
0.000130 0.000350 0.000000
0.000131 0.000360 0.000000
0.000131 0.000371 0.000000
0.000131 0.000380 0.000000
0.000131 0.000389 0.000000
0.000131 0.000401 0.000000
0.000131 0.000411 0.000000
0.000133 0.000423 0.000000
0.000128 0.000429 0.000000
0.000134 0.000437 0.000000
0.000130 0.000448 0.000000
0.000136 0.000468 0.000000
0.000127 0.000465 0.000000
0.000138 0.000479 0.000000
0.000130 0.000490 0.000000
0.000214 0.000547 0.000000
0.000202 0.000550 0.000000
0.000212 0.000579 0.000000
0.000202 0.000589 0.000000
0.000221 0.000616 0.000000
0.000218 0.000623 0.000000
0.000270 0.000658 0.000000
0.000296 0.000665 0.000000
0.000313 0.000676 0.000000
0.000323 0.000688 0.000000
0.000338 0.000691 0.000000
0.000140 0.000300 0.000000
0.000140 0.000310 0.000000
0.000140 0.000320 0.000000
0.000140 0.000329 0.000000
0.000142 0.000341 0.000000
0.000140 0.000351 0.000000
0.000142 0.000360 0.000000
0.000140 0.000369 0.000000
0.000141 0.000380 0.000000
0.000141 0.000389 0.000000
0.000142 0.000400 0.000000
0.000141 0.000409 0.000000
0.000142 0.000419 0.000000
0.000142 0.000430 0.000000
0.000142 0.000443 0.000000
0.000144 0.000449 0.000000
0.000138 0.000457 0.000000
0.000146 0.000464 0.000000
0.000151 0.000483 0.000000
0.000143 0.000491 0.000000
0.000149 0.000493 0.000000
0.000173 0.000498 0.000000
0.000210 0.000556 0.000000
0.000218 0.000592 0.000000
0.000213 0.000600 0.000000
0.000232 0.000643 0.000000
0.000253 0.000655 0.000000
0.000303 0.000664 0.000000
0.000320 0.000673 0.000000
0.000330 0.000682 0.000000
0.000342 0.000683 0.000000
0.000150 0.000300 0.000000
0.000150 0.000310 0.000000
0.000149 0.000320 0.000000
0.000151 0.000330 0.000000
0.000148 0.000340 0.000000
0.000152 0.000349 0.000000
0.000151 0.000360 0.000000
0.000151 0.000371 0.000000
0.000152 0.000381 0.000000
0.000150 0.000391 0.000000
0.000151 0.000400 0.000000
0.000152 0.000410 0.000000
0.000150 0.000422 0.000000
0.000153 0.000429 0.000000
0.000150 0.000439 0.000000
0.000154 0.000451 0.000000
0.000152 0.000464 0.000000
0.000159 0.000471 0.000000
0.000147 0.000474 0.000000
0.000175 0.000488 0.000000
0.000156 0.000495 0.000000
0.000219 0.000563 0.000000
0.000218 0.000574 0.000000
0.000226 0.000583 0.000000
0.000236 0.000595 0.000000
0.000224 0.000602 0.000000
0.000231 0.000628 0.000000
0.000254 0.000645 0.000000
0.000263 0.000650 0.000000
0.000335 0.000674 0.000000
0.000345 0.000674 0.000000
0.000160 0.000300 0.000000
0.000160 0.000310 0.000000
0.000160 0.000321 0.000000
0.000160 0.000330 0.000000
0.000160 0.000339 0.000000
0.000162 0.000351 0.000000
0.000159 0.000361 0.000000
0.000163 0.000369 0.000000
0.000159 0.000379 0.000000
0.000162 0.000389 0.000000
0.000161 0.000400 0.000000
0.000162 0.000410 0.000000
0.000161 0.000419 0.000000
0.000162 0.000430 0.000000
0.000161 0.000441 0.000000
0.000164 0.000449 0.000000
0.000161 0.000460 0.000000
0.000167 0.000469 0.000000
0.000160 0.000485 0.000000
0.000168 0.000496 0.000000
0.000162 0.000496 0.000000
0.000205 0.000535 0.000000
0.000220 0.000572 0.000000
0.000232 0.000570 0.000000
0.000230 0.000605 0.000000
0.000231 0.000614 0.000000
0.000238 0.000635 0.000000
0.000278 0.000659 0.000000
0.000315 0.000665 0.000000
0.000329 0.000669 0.000000
0.000344 0.000665 0.000000
0.000170 0.000300 0.000000
0.000170 0.000310 0.000000
0.000170 0.000319 0.000000
0.000170 0.000330 0.000000
0.000171 0.000341 0.000000
0.000169 0.000350 0.000000
0.000171 0.000359 0.000000
0.000172 0.000371 0.000000
0.000169 0.000382 0.000000
0.000173 0.000391 0.000000
0.000169 0.000399 0.000000
0.000172 0.000410 0.000000
0.000171 0.000420 0.000000
0.000171 0.000430 0.000000
0.000173 0.000438 0.000000
0.000170 0.000451 0.000000
0.000175 0.000457 0.000000
0.000175 0.000470 0.000000
0.000169 0.000478 0.000000
0.000180 0.000481 0.000000
0.000185 0.000499 0.000000
0.000214 0.000523 0.000000
0.000227 0.000557 0.000000
0.000229 0.000591 0.000000
0.000239 0.000584 0.000000
0.000240 0.000612 0.000000
0.000251 0.000616 0.000000
0.000236 0.000622 0.000000
0.000266 0.000637 0.000000
0.000298 0.000654 0.000000
0.000341 0.000658 0.000000
0.000180 0.000300 0.000000
0.000180 0.000310 0.000000
0.000180 0.000321 0.000000
0.000180 0.000330 0.000000
0.000180 0.000339 0.000000
0.000180 0.000350 0.000000
0.000182 0.000361 0.000000
0.000179 0.000370 0.000000
0.000182 0.000378 0.000000
0.000181 0.000389 0.000000
0.000181 0.000401 0.000000
0.000183 0.000410 0.000000
0.000181 0.000420 0.000000
0.000182 0.000431 0.000000
0.000183 0.000439 0.000000
0.000182 0.000451 0.000000
0.000184 0.000462 0.000000
0.000184 0.000473 0.000000
0.000190 0.000485 0.000000
0.000184 0.000497 0.000000
0.000192 0.000499 0.000000
0.000199 0.000503 0.000000
0.000210 0.000518 0.000000
0.000235 0.000577 0.000000
0.000245 0.000596 0.000000
0.000246 0.000623 0.000000
0.000256 0.000626 0.000000
0.000247 0.000636 0.000000
0.000308 0.000663 0.000000
0.000290 0.000650 0.000000
0.000339 0.000653 0.000000
0.000190 0.000300 0.000000
0.000190 0.000310 0.000000
0.000190 0.000320 0.000000
0.000191 0.000329 0.000000
0.000190 0.000341 0.000000
0.000191 0.000351 0.000000
0.000190 0.000359 0.000000
0.000191 0.000369 0.000000
0.000192 0.000381 0.000000
0.000189 0.000392 0.000000
0.000194 0.000398 0.000000
0.000190 0.000410 0.000000
0.000191 0.000420 0.000000
0.000193 0.000428 0.000000
0.000190 0.000441 0.000000
0.000194 0.000449 0.000000
0.000192 0.000457 0.000000
0.000195 0.000468 0.000000
0.000195 0.000477 0.000000
0.000197 0.000489 0.000000
0.000207 0.000500 0.000000
0.000217 0.000524 0.000000
0.000222 0.000537 0.000000
0.000230 0.000560 0.000000
0.000242 0.000568 0.000000
0.000246 0.000605 0.000000
0.000256 0.000602 0.000000
0.000256 0.000637 0.000000
0.000272 0.000647 0.000000
0.000286 0.000658 0.000000
0.000331 0.000640 0.000000
0.000200 0.000300 0.000000
0.000200 0.000310 0.000000
0.000200 0.000320 0.000000
0.000201 0.000331 0.000000
0.000200 0.000340 0.000000
0.000201 0.000349 0.000000
0.000200 0.000360 0.000000
0.000202 0.000371 0.000000
0.000199 0.000379 0.000000
0.000202 0.000389 0.000000
0.000201 0.000400 0.000000
0.000201 0.000412 0.000000
0.000203 0.000420 0.000000
0.000202 0.000432 0.000000
0.000201 0.000439 0.000000
0.000204 0.000450 0.000000
0.000202 0.000462 0.000000
0.000207 0.000470 0.000000
0.000204 0.000480 0.000000
0.000207 0.000491 0.000000
0.000212 0.000509 0.000000
0.000223 0.000513 0.000000
0.000225 0.000532 0.000000
0.000227 0.000543 0.000000
0.000249 0.000584 0.000000
0.000253 0.000592 0.000000
0.000263 0.000626 0.000000
0.000267 0.000616 0.000000
0.000273 0.000630 0.000000
0.000278 0.000645 0.000000
0.000335 0.000648 0.000000
0.000210 0.000300 0.000000
0.000210 0.000310 0.000000
0.000210 0.000321 0.000000
0.000210 0.000329 0.000000
0.000210 0.000339 0.000000
0.000210 0.000352 0.000000
0.000210 0.000360 0.000000
0.000211 0.000369 0.000000
0.000211 0.000380 0.000000
0.000213 0.000391 0.000000
0.000209 0.000401 0.000000
0.000214 0.000408 0.000000
0.000210 0.000418 0.000000
0.000213 0.000430 0.000000
0.000212 0.000440 0.000000
0.000215 0.000451 0.000000
0.000211 0.000458 0.000000
0.000217 0.000470 0.000000
0.000213 0.000480 0.000000
0.000219 0.000488 0.000000
0.000223 0.000500 0.000000
0.000216 0.000498 0.000000
0.000231 0.000522 0.000000
0.000236 0.000542 0.000000
0.000243 0.000558 0.000000
0.000260 0.000584 0.000000
0.000258 0.000612 0.000000
0.000276 0.000621 0.000000
0.000279 0.000636 0.000000
0.000287 0.000644 0.000000
0.000325 0.000661 0.000000
0.000220 0.000300 0.000000
0.000220 0.000310 0.000000
0.000220 0.000319 0.000000
0.000220 0.000330 0.000000
0.000221 0.000341 0.000000
0.000220 0.000349 0.000000
0.000221 0.000359 0.000000
0.000220 0.000371 0.000000
0.000222 0.000381 0.000000
0.000220 0.000389 0.000000
0.000222 0.000399 0.000000
0.000222 0.000412 0.000000
0.000220 0.000422 0.000000
0.000225 0.000431 0.000000
0.000221 0.000440 0.000000
0.000225 0.000449 0.000000
0.000221 0.000461 0.000000
0.000231 0.000468 0.000000
0.000223 0.000477 0.000000
0.000231 0.000492 0.000000
0.000228 0.000512 0.000000
0.000237 0.000507 0.000000
0.000238 0.000536 0.000000
0.000245 0.000528 0.000000
0.000238 0.000550 0.000000
0.000251 0.000576 0.000000
0.000265 0.000603 0.000000
0.000275 0.000610 0.000000
0.000291 0.000628 0.000000
0.000295 0.000636 0.000000
0.000303 0.000642 0.000000
0.000230 0.000300 0.000000
0.000230 0.000310 0.000000
0.000230 0.000320 0.000000
0.000230 0.000331 0.000000
0.000231 0.000339 0.000000
0.000230 0.000350 0.000000
0.000231 0.000362 0.000000
0.000229 0.000369 0.000000
0.000232 0.000379 0.000000
0.000230 0.000391 0.000000
0.000233 0.000402 0.000000
0.000229 0.000409 0.000000
0.000233 0.000419 0.000000
0.000231 0.000429 0.000000
0.000232 0.000442 0.000000
0.000236 0.000452 0.000000
0.000230 0.000460 0.000000
0.000236 0.000475 0.000000
0.000230 0.000484 0.000000
0.000242 0.000486 0.000000
0.000234 0.000498 0.000000
0.000243 0.000514 0.000000
0.000238 0.000523 0.000000
0.000247 0.000544 0.000000
0.000250 0.000562 0.000000
0.000252 0.000552 0.000000
0.000257 0.000571 0.000000
0.000273 0.000601 0.000000
0.000284 0.000605 0.000000
0.000299 0.000627 0.000000
0.000306 0.000641 0.000000
0.000240 0.000300 0.000000
0.000240 0.000310 0.000000
0.000240 0.000320 0.000000
0.000240 0.000329 0.000000
0.000240 0.000340 0.000000
0.000241 0.000351 0.000000
0.000240 0.000358 0.000000
0.000241 0.000370 0.000000
0.000241 0.000382 0.000000
0.000240 0.000390 0.000000
0.000242 0.000399 0.000000
0.000241 0.000410 0.000000
0.000244 0.000423 0.000000
0.000240 0.000431 0.000000
0.000245 0.000438 0.000000
0.000241 0.000448 0.000000
0.000244 0.000459 0.000000
0.000243 0.000468 0.000000
0.000246 0.000477 0.000000
0.000247 0.000494 0.000000
0.000247 0.000503 0.000000
0.000252 0.000515 0.000000
0.000254 0.000526 0.000000
0.000252 0.000535 0.000000
0.000259 0.000546 0.000000
0.000265 0.000567 0.000000
0.000266 0.000591 0.000000
0.000278 0.000589 0.000000
0.000285 0.000625 0.000000
0.000299 0.000619 0.000000
0.000326 0.000647 0.000000
0.000250 0.000300 0.000000
0.000250 0.000310 0.000000
0.000250 0.000319 0.000000
0.000250 0.000331 0.000000
0.000250 0.000340 0.000000
0.000251 0.000349 0.000000
0.000250 0.000360 0.000000
0.000251 0.000372 0.000000
0.000250 0.000379 0.000000
0.000252 0.000389 0.000000
0.000251 0.000401 0.000000
0.000253 0.000411 0.000000
0.000250 0.000418 0.000000
0.000253 0.000429 0.000000
0.000253 0.000442 0.000000
0.000252 0.000453 0.000000
0.000256 0.000462 0.000000
0.000254 0.000472 0.000000
0.000255 0.000483 0.000000
0.000255 0.000492 0.000000
0.000262 0.000499 0.000000
0.000254 0.000507 0.000000
0.000262 0.000522 0.000000
0.000262 0.000537 0.000000
0.000269 0.000547 0.000000
0.000261 0.000558 0.000000
0.000278 0.000566 0.000000
0.000268 0.000583 0.000000
0.000285 0.000612 0.000000
0.000298 0.000613 0.000000
0.000327 0.000633 0.000000
0.000260 0.000300 0.000000
0.000260 0.000310 0.000000
0.000260 0.000321 0.000000
0.000260 0.000329 0.000000
0.000260 0.000339 0.000000
0.000260 0.000351 0.000000
0.000261 0.000361 0.000000
0.000261 0.000368 0.000000
0.000260 0.000380 0.000000
0.000262 0.000392 0.000000
0.000260 0.000399 0.000000
0.000263 0.000409 0.000000
0.000261 0.000421 0.000000
0.000264 0.000432 0.000000
0.000259 0.000439 0.000000
0.000266 0.000448 0.000000
0.000261 0.000457 0.000000
0.000265 0.000469 0.000000
0.000265 0.000479 0.000000
0.000266 0.000489 0.000000
0.000273 0.000512 0.000000
0.000264 0.000509 0.000000
0.000270 0.000520 0.000000
0.000267 0.000531 0.000000
0.000275 0.000544 0.000000
0.000269 0.000557 0.000000
0.000272 0.000574 0.000000
0.000279 0.000579 0.000000
0.000284 0.000596 0.000000
0.000298 0.000609 0.000000
0.000317 0.000634 0.000000
0.000270 0.000300 0.000000
0.000270 0.000310 0.000000
0.000270 0.000319 0.000000
0.000270 0.000330 0.000000
0.000271 0.000341 0.000000
0.000270 0.000349 0.000000
0.000271 0.000359 0.000000
0.000270 0.000371 0.000000
0.000271 0.000381 0.000000
0.000271 0.000388 0.000000
0.000271 0.000400 0.000000
0.000272 0.000412 0.000000
0.000271 0.000420 0.000000
0.000273 0.000428 0.000000
0.000272 0.000440 0.000000
0.000275 0.000454 0.000000
0.000271 0.000462 0.000000
0.000277 0.000471 0.000000
0.000273 0.000482 0.000000
0.000278 0.000491 0.000000
0.000271 0.000499 0.000000
0.000278 0.000503 0.000000
0.000279 0.000525 0.000000
0.000279 0.000534 0.000000
0.000284 0.000548 0.000000
0.000281 0.000557 0.000000
0.000286 0.000567 0.000000
0.000291 0.000577 0.000000
0.000289 0.000586 0.000000
0.000298 0.000602 0.000000
0.000323 0.000624 0.000000
0.000280 0.000300 0.000000
0.000280 0.000310 0.000000
0.000280 0.000320 0.000000
0.000280 0.000331 0.000000
0.000280 0.000339 0.000000
0.000280 0.000350 0.000000
0.000281 0.000361 0.000000
0.000280 0.000369 0.000000
0.000282 0.000379 0.000000
0.000281 0.000391 0.000000
0.000282 0.000401 0.000000
0.000281 0.000408 0.000000
0.000283 0.000419 0.000000
0.000282 0.000431 0.000000
0.000284 0.000441 0.000000
0.000279 0.000448 0.000000
0.000286 0.000458 0.000000
0.000283 0.000467 0.000000
0.000284 0.000480 0.000000
0.000288 0.000493 0.000000
0.000288 0.000503 0.000000
0.000285 0.000513 0.000000
0.000287 0.000521 0.000000
0.000293 0.000528 0.000000
0.000286 0.000536 0.000000
0.000297 0.000555 0.000000
0.000290 0.000557 0.000000
0.000300 0.000579 0.000000
0.000294 0.000591 0.000000
0.000305 0.000598 0.000000
0.000313 0.000625 0.000000
0.000290 0.000300 0.000000
0.000290 0.000310 0.000000
0.000290 0.000321 0.000000
0.000291 0.000329 0.000000
0.000290 0.000341 0.000000
0.000291 0.000351 0.000000
0.000290 0.000359 0.000000
0.000291 0.000370 0.000000
0.000292 0.000381 0.000000
0.000290 0.000390 0.000000
0.000293 0.000399 0.000000
0.000290 0.000411 0.000000
0.000293 0.000422 0.000000
0.000290 0.000429 0.000000
0.000294 0.000439 0.000000
0.000293 0.000450 0.000000
0.000293 0.000464 0.000000
0.000291 0.000474 0.000000
0.000301 0.000477 0.000000
0.000292 0.000487 0.000000
0.000296 0.000511 0.000000
0.000297 0.000500 0.000000
0.000299 0.000519 0.000000
0.000294 0.000541 0.000000
0.000301 0.000537 0.000000
0.000307 0.000557 0.000000
0.000297 0.000569 0.000000
0.000305 0.000568 0.000000
0.000305 0.000587 0.000000
0.000312 0.000597 0.000000
0.000315 0.000612 0.000000
0.000300 0.000300 0.000000
0.000300 0.000310 0.000000
0.000301 0.000319 0.000000
0.000299 0.000332 0.000000
0.000301 0.000340 0.000000
0.000300 0.000349 0.000000
0.000300 0.000360 0.000000
0.000301 0.000371 0.000000
0.000300 0.000379 0.000000
0.000301 0.000389 0.000000
0.000302 0.000401 0.000000
0.000301 0.000411 0.000000
0.000303 0.000418 0.000000
0.000302 0.000430 0.000000
0.000303 0.000441 0.000000
0.000301 0.000451 0.000000
0.000304 0.000458 0.000000
0.000303 0.000467 0.000000
0.000303 0.000486 0.000000
0.000304 0.000494 0.000000
0.000313 0.000496 0.000000
0.000312 0.000511 0.000000
0.000307 0.000531 0.000000
0.000306 0.000521 0.000000
0.000311 0.000541 0.000000
0.000301 0.000547 0.000000
0.000314 0.000558 0.000000
0.000311 0.000575 0.000000
0.000315 0.000585 0.000000
0.000317 0.000597 0.000000
0.000323 0.000613 0.000000
0.000310 0.000300 0.000000
0.000310 0.000310 0.000000
0.000310 0.000321 0.000000
0.000310 0.000329 0.000000
0.000311 0.000339 0.000000
0.000310 0.000351 0.000000
0.000312 0.000360 0.000000
0.000311 0.000369 0.000000
0.000311 0.000380 0.000000
0.000312 0.000391 0.000000
0.000310 0.000399 0.000000
0.000313 0.000409 0.000000
0.000311 0.000421 0.000000
0.000313 0.000431 0.000000
0.000311 0.000439 0.000000
0.000314 0.000449 0.000000
0.000314 0.000462 0.000000
0.000317 0.000474 0.000000
0.000309 0.000478 0.000000
0.000318 0.000487 0.000000
0.000306 0.000505 0.000000
0.000316 0.000521 0.000000
0.000320 0.000511 0.000000
0.000318 0.000531 0.000000
0.000316 0.000549 0.000000
0.000321 0.000546 0.000000
0.000319 0.000567 0.000000
0.000320 0.000573 0.000000
0.000325 0.000581 0.000000
0.000324 0.000595 0.000000
0.000329 0.000609 0.000000
0.000320 0.000300 0.000000
0.000320 0.000310 0.000000
0.000321 0.000319 0.000000
0.000320 0.000330 0.000000
0.000321 0.000342 0.000000
0.000320 0.000348 0.000000
0.000321 0.000359 0.000000
0.000320 0.000371 0.000000
0.000321 0.000381 0.000000
0.000321 0.000389 0.000000
0.000321 0.000400 0.000000
0.000323 0.000411 0.000000
0.000320 0.000420 0.000000
0.000324 0.000428 0.000000
0.000321 0.000440 0.000000
0.000325 0.000452 0.000000
0.000319 0.000458 0.000000
0.000325 0.000467 0.000000
0.000323 0.000479 0.000000
0.000324 0.000494 0.000000
0.000324 0.000500 0.000000
0.000329 0.000508 0.000000
0.000326 0.000523 0.000000
0.000326 0.000534 0.000000
0.000333 0.000538 0.000000
0.000328 0.000552 0.000000
0.000329 0.000562 0.000000
0.000332 0.000567 0.000000
0.000332 0.000586 0.000000
0.000333 0.000594 0.000000
0.000337 0.000607 0.000000
0.000330 0.000300 0.000000
0.000330 0.000310 0.000000
0.000330 0.000320 0.000000
0.000331 0.000331 0.000000
0.000330 0.000338 0.000000
0.000330 0.000350 0.000000
0.000330 0.000362 0.000000
0.000331 0.000369 0.000000
0.000331 0.000379 0.000000
0.000331 0.000390 0.000000
0.000332 0.000400 0.000000
0.000330 0.000409 0.000000
0.000332 0.000420 0.000000
0.000332 0.000431 0.000000
0.000332 0.000440 0.000000
0.000333 0.000449 0.000000
0.000333 0.000461 0.000000
0.000335 0.000472 0.000000
0.000331 0.000482 0.000000
0.000337 0.000488 0.000000
0.000337 0.000498 0.000000
0.000337 0.000515 0.000000
0.000333 0.000520 0.000000
0.000339 0.000527 0.000000
0.000335 0.000543 0.000000
0.000338 0.000553 0.000000
0.000344 0.000564 0.000000
0.000336 0.000575 0.000000
0.000343 0.000581 0.000000
0.000341 0.000594 0.000000
0.000345 0.000606 0.000000
0.000340 0.000300 0.000000
0.000340 0.000310 0.000000
0.000339 0.000320 0.000000
0.000343 0.000328 0.000000
0.000339 0.000342 0.000000
0.000342 0.000350 0.000000
0.000340 0.000358 0.000000
0.000341 0.000370 0.000000
0.000340 0.000381 0.000000
0.000342 0.000389 0.000000
0.000341 0.000399 0.000000
0.000342 0.000410 0.000000
0.000343 0.000420 0.000000
0.000341 0.000429 0.000000
0.000343 0.000439 0.000000
0.000342 0.000450 0.000000
0.000344 0.000460 0.000000
0.000341 0.000469 0.000000
0.000345 0.000478 0.000000
0.000344 0.000490 0.000000
0.000340 0.000506 0.000000
0.000349 0.000504 0.000000
0.000349 0.000519 0.000000
0.000346 0.000533 0.000000
0.000348 0.000541 0.000000
0.000352 0.000548 0.000000
0.000345 0.000558 0.000000
0.000349 0.000571 0.000000
0.000351 0.000581 0.000000
0.000350 0.000592 0.000000
0.000352 0.000605 0.000000
0.000350 0.000300 0.000000
0.000350 0.000310 0.000000
0.000351 0.000320 0.000000
0.000348 0.000332 0.000000
0.000351 0.000339 0.000000
0.000350 0.000349 0.000000
0.000350 0.000361 0.000000
0.000352 0.000370 0.000000
0.000350 0.000379 0.000000
0.000352 0.000390 0.000000
0.000350 0.000400 0.000000
0.000353 0.000410 0.000000
0.000350 0.000420 0.000000
0.000353 0.000430 0.000000
0.000353 0.000441 0.000000
0.000352 0.000450 0.000000
0.000353 0.000460 0.000000
0.000354 0.000470 0.000000
0.000356 0.000480 0.000000
0.000352 0.000492 0.000000
0.000358 0.000498 0.000000
0.000353 0.000511 0.000000
0.000352 0.000525 0.000000
0.000360 0.000528 0.000000
0.000358 0.000539 0.000000
0.000356 0.000555 0.000000
0.000359 0.000562 0.000000
0.000359 0.000570 0.000000
0.000359 0.000584 0.000000
0.000361 0.000592 0.000000
0.000361 0.000604 0.000000
0.000360 0.000300 0.000000
0.000360 0.000310 0.000000
0.000360 0.000321 0.000000
0.000359 0.000329 0.000000
0.000364 0.000338 0.000000
0.000361 0.000351 0.000000
0.000361 0.000360 0.000000
0.000360 0.000369 0.000000
0.000361 0.000380 0.000000
0.000361 0.000391 0.000000
0.000362 0.000399 0.000000
0.000361 0.000410 0.000000
0.000361 0.000420 0.000000
0.000364 0.000429 0.000000
0.000360 0.000439 0.000000
0.000365 0.000448 0.000000
0.000361 0.000459 0.000000
0.000365 0.000468 0.000000
0.000360 0.000482 0.000000
0.000368 0.000487 0.000000
0.000364 0.000503 0.000000
0.000373 0.000515 0.000000
0.000362 0.000515 0.000000
0.000373 0.000529 0.000000
0.000367 0.000542 0.000000
0.000367 0.000553 0.000000
0.000371 0.000554 0.000000
0.000366 0.000574 0.000000
0.000372 0.000576 0.000000
0.000368 0.000592 0.000000
0.000370 0.000603 0.000000
0.000370 0.000300 0.000000
0.000370 0.000310 0.000000
0.000370 0.000320 0.000000
0.000372 0.000330 0.000000
0.000364 0.000344 0.000000
0.000374 0.000345 0.000000
0.000371 0.000359 0.000000
0.000370 0.000371 0.000000
0.000373 0.000380 0.000000
0.000370 0.000390 0.000000
0.000372 0.000400 0.000000
0.000371 0.000410 0.000000
0.000373 0.000419 0.000000
0.000370 0.000431 0.000000
0.000373 0.000439 0.000000
0.000374 0.000451 0.000000
0.000371 0.000461 0.000000
0.000375 0.000472 0.000000
0.000372 0.000479 0.000000
0.000376 0.000492 0.000000
0.000369 0.000499 0.000000
0.000378 0.000505 0.000000
0.000369 0.000521 0.000000
0.000369 0.000537 0.000000
0.000381 0.000537 0.000000
0.000381 0.000549 0.000000
0.000374 0.000565 0.000000
0.000382 0.000573 0.000000
0.000375 0.000585 0.000000
0.000379 0.000592 0.000000
0.000379 0.000603 0.000000
0.000380 0.000300 0.000000
0.000380 0.000310 0.000000
0.000381 0.000321 0.000000
0.000379 0.000331 0.000000
0.000381 0.000338 0.000000
0.000381 0.000353 0.000000
0.000378 0.000361 0.000000
0.000383 0.000367 0.000000
0.000379 0.000379 0.000000
0.000382 0.000390 0.000000
0.000382 0.000400 0.000000
0.000382 0.000410 0.000000
0.000381 0.000421 0.000000
0.000382 0.000429 0.000000
0.000383 0.000439 0.000000
0.000380 0.000450 0.000000
0.000385 0.000458 0.000000
0.000383 0.000467 0.000000
0.000383 0.000480 0.000000
0.000384 0.000490 0.000000
0.000386 0.000501 0.000000
0.000386 0.000515 0.000000
0.000382 0.000520 0.000000
0.000389 0.000528 0.000000
0.000385 0.000537 0.000000
0.000383 0.000559 0.000000
0.000391 0.000556 0.000000
0.000387 0.000567 0.000000
0.000387 0.000581 0.000000
0.000389 0.000592 0.000000
0.000388 0.000603 0.000000
0.000390 0.000300 0.000000
0.000390 0.000310 0.000000
0.000390 0.000319 0.000000
0.000390 0.000329 0.000000
0.000391 0.000342 0.000000
0.000389 0.000349 0.000000
0.000392 0.000358 0.000000
0.000391 0.000372 0.000000
0.000390 0.000381 0.000000
0.000394 0.000389 0.000000
0.000389 0.000400 0.000000
0.000393 0.000409 0.000000
0.000392 0.000419 0.000000
0.000393 0.000431 0.000000
0.000391 0.000441 0.000000
0.000394 0.000449 0.000000
0.000393 0.000462 0.000000
0.000390 0.000473 0.000000
0.000398 0.000477 0.000000
0.000392 0.000487 0.000000
0.000396 0.000499 0.000000
0.000390 0.000509 0.000000
0.000403 0.000517 0.000000
0.000398 0.000535 0.000000
0.000392 0.000546 0.000000
0.000401 0.000545 0.000000
0.000399 0.000561 0.000000
0.000395 0.000577 0.000000
0.000401 0.000577 0.000000
0.000397 0.000592 0.000000
0.000398 0.000602 0.000000
0.000400 0.000300 0.000000
0.000400 0.000310 0.000000
0.000400 0.000321 0.000000
0.000400 0.000331 0.000000
0.000401 0.000339 0.000000
0.000401 0.000349 0.000000
0.000401 0.000362 0.000000
0.000399 0.000369 0.000000
0.000403 0.000378 0.000000
0.000400 0.000390 0.000000
0.000401 0.000400 0.000000
0.000404 0.000410 0.000000
0.000398 0.000420 0.000000
0.000404 0.000428 0.000000
0.000401 0.000439 0.000000
0.000405 0.000451 0.000000
0.000400 0.000458 0.000000
0.000405 0.000468 0.000000
0.000402 0.000483 0.000000
0.000403 0.000492 0.000000
0.000406 0.000503 0.000000
0.000402 0.000509 0.000000
0.000398 0.000524 0.000000
0.000406 0.000526 0.000000
0.000407 0.000538 0.000000
0.000405 0.000553 0.000000
0.000404 0.000566 0.000000
0.000411 0.000566 0.000000
0.000406 0.000584 0.000000
0.000407 0.000592 0.000000
0.000407 0.000602 0.000000
0.000410 0.000300 0.000000
0.000410 0.000310 0.000000
0.000410 0.000319 0.000000
0.000410 0.000329 0.000000
0.000411 0.000339 0.000000
0.000410 0.000352 0.000000
0.000411 0.000359 0.000000
0.000411 0.000369 0.000000
0.000411 0.000382 0.000000
0.000410 0.000391 0.000000
0.000413 0.000399 0.000000
0.000410 0.000410 0.000000
0.000412 0.000419 0.000000
0.000414 0.000432 0.000000
0.000409 0.000441 0.000000
0.000414 0.000448 0.000000
0.000412 0.000460 0.000000
0.000414 0.000472 0.000000
0.000410 0.000479 0.000000
0.000416 0.000487 0.000000
0.000414 0.000495 0.000000
0.000414 0.000511 0.000000
0.000416 0.000521 0.000000
0.000416 0.000531 0.000000
0.000417 0.000544 0.000000
0.000414 0.000550 0.000000
0.000419 0.000558 0.000000
0.000415 0.000573 0.000000
0.000418 0.000581 0.000000
0.000417 0.000591 0.000000
0.000417 0.000602 0.000000
0.000420 0.000300 0.000000
0.000421 0.000310 0.000000
0.000419 0.000321 0.000000
0.000422 0.000330 0.000000
0.000418 0.000342 0.000000
0.000423 0.000347 0.000000
0.000420 0.000359 0.000000
0.000421 0.000372 0.000000
0.000420 0.000378 0.000000
0.000423 0.000388 0.000000
0.000421 0.000401 0.000000
0.000421 0.000410 0.000000
0.000423 0.000420 0.000000
0.000420 0.000429 0.000000
0.000423 0.000439 0.000000
0.000422 0.000451 0.000000
0.000422 0.000460 0.000000
0.000423 0.000469 0.000000
0.000423 0.000480 0.000000
0.000425 0.000496 0.000000
0.000420 0.000503 0.000000
0.000429 0.000506 0.000000
0.000423 0.000518 0.000000
0.000426 0.000530 0.000000
0.000422 0.000540 0.000000
0.000431 0.000548 0.000000
0.000427 0.000564 0.000000
0.000425 0.000572 0.000000
0.000428 0.000582 0.000000
0.000427 0.000592 0.000000
0.000427 0.000602 0.000000
0.000430 0.000300 0.000000
0.000430 0.000310 0.000000
0.000431 0.000319 0.000000
0.000429 0.000330 0.000000
0.000431 0.000338 0.000000
0.000431 0.000353 0.000000
0.000429 0.000362 0.000000
0.000433 0.000369 0.000000
0.000431 0.000380 0.000000
0.000431 0.000392 0.000000
0.000430 0.000399 0.000000
0.000432 0.000409 0.000000
0.000431 0.000420 0.000000
0.000432 0.000430 0.000000
0.000433 0.000441 0.000000
0.000430 0.000450 0.000000
0.000434 0.000458 0.000000
0.000432 0.000469 0.000000
0.000434 0.000481 0.000000
0.000430 0.000488 0.000000
0.000437 0.000496 0.000000
0.000434 0.000515 0.000000
0.000433 0.000523 0.000000
0.000438 0.000533 0.000000
0.000434 0.000540 0.000000
0.000429 0.000557 0.000000
0.000439 0.000557 0.000000
0.000439 0.000568 0.000000
0.000436 0.000580 0.000000
0.000437 0.000592 0.000000
0.000437 0.000602 0.000000
0.000440 0.000300 0.000000
0.000440 0.000310 0.000000
0.000440 0.000320 0.000000
0.000440 0.000330 0.000000
0.000442 0.000341 0.000000
0.000437 0.000349 0.000000
0.000443 0.000357 0.000000
0.000439 0.000368 0.000000
0.000442 0.000383 0.000000
0.000441 0.000388 0.000000
0.000442 0.000398 0.000000
0.000442 0.000410 0.000000
0.000440 0.000420 0.000000
0.000444 0.000430 0.000000
0.000440 0.000439 0.000000
0.000444 0.000449 0.000000
0.000443 0.000462 0.000000
0.000442 0.000471 0.000000
0.000444 0.000481 0.000000
0.000443 0.000489 0.000000
0.000442 0.000503 0.000000
0.000441 0.000510 0.000000
0.000448 0.000517 0.000000
0.000443 0.000525 0.000000
0.000442 0.000543 0.000000
0.000448 0.000548 0.000000
0.000446 0.000560 0.000000
0.000441 0.000579 0.000000
0.000449 0.000576 0.000000
0.000446 0.000591 0.000000
0.000446 0.000602 0.000000
0.000450 0.000300 0.000000
0.000450 0.000310 0.000000
0.000450 0.000321 0.000000
0.000452 0.000328 0.000000
0.000449 0.000340 0.000000
0.000451 0.000349 0.000000
0.000451 0.000363 0.000000
0.000447 0.000373 0.000000
0.000457 0.000375 0.000000
0.000453 0.000390 0.000000
0.000448 0.000404 0.000000
0.000454 0.000406 0.000000
0.000450 0.000419 0.000000
0.000453 0.000430 0.000000
0.000450 0.000441 0.000000
0.000455 0.000449 0.000000
0.000449 0.000459 0.000000
0.000456 0.000468 0.000000
0.000452 0.000478 0.000000
0.000455 0.000492 0.000000
0.000451 0.000500 0.000000
0.000457 0.000508 0.000000
0.000454 0.000526 0.000000
0.000451 0.000533 0.000000
0.000460 0.000537 0.000000
0.000455 0.000551 0.000000
0.000452 0.000567 0.000000
0.000459 0.000565 0.000000
0.000455 0.000583 0.000000
0.000455 0.000592 0.000000
0.000456 0.000602 0.000000
0.000460 0.000300 0.000000
0.000460 0.000310 0.000000
0.000460 0.000319 0.000000
0.000459 0.000332 0.000000
0.000461 0.000340 0.000000
0.000463 0.000350 0.000000
0.000457 0.000359 0.000000
0.000463 0.000367 0.000000
0.000456 0.000382 0.000000
0.000465 0.000392 0.000000
0.000460 0.000397 0.000000
0.000462 0.000412 0.000000
0.000460 0.000421 0.000000
0.000462 0.000431 0.000000
0.000462 0.000439 0.000000
0.000462 0.000451 0.000000
0.000461 0.000460 0.000000
0.000465 0.000473 0.000000
0.000459 0.000482 0.000000
0.000466 0.000488 0.000000
0.000462 0.000498 0.000000
0.000464 0.000514 0.000000
0.000460 0.000517 0.000000
0.000467 0.000527 0.000000
0.000461 0.000541 0.000000
0.000462 0.000555 0.000000
0.000470 0.000555 0.000000
0.000464 0.000572 0.000000
0.000465 0.000582 0.000000
0.000467 0.000591 0.000000
0.000466 0.000602 0.000000
0.000470 0.000300 0.000000
0.000470 0.000310 0.000000
0.000470 0.000321 0.000000
0.000471 0.000328 0.000000
0.000470 0.000339 0.000000
0.000469 0.000351 0.000000
0.000472 0.000360 0.000000
0.000471 0.000374 0.000000
0.000468 0.000379 0.000000
0.000475 0.000386 0.000000
0.000469 0.000401 0.000000
0.000472 0.000411 0.000000
0.000471 0.000418 0.000000
0.000473 0.000428 0.000000
0.000471 0.000440 0.000000
0.000472 0.000451 0.000000
0.000475 0.000458 0.000000
0.000470 0.000468 0.000000
0.000474 0.000478 0.000000
0.000475 0.000494 0.000000
0.000470 0.000503 0.000000
0.000480 0.000506 0.000000
0.000476 0.000520 0.000000
0.000475 0.000534 0.000000
0.000472 0.000542 0.000000
0.000480 0.000545 0.000000
0.000473 0.000564 0.000000
0.000472 0.000575 0.000000
0.000480 0.000575 0.000000
0.000475 0.000591 0.000000
0.000475 0.000602 0.000000
0.000480 0.000300 0.000000
0.000480 0.000310 0.000000
0.000480 0.000319 0.000000
0.000479 0.000331 0.000000
0.000481 0.000341 0.000000
0.000480 0.000348 0.000000
0.000482 0.000360 0.000000
0.000478 0.000368 0.000000
0.000482 0.000378 0.000000
0.000476 0.000395 0.000000
0.000483 0.000399 0.000000
0.000483 0.000407 0.000000
0.000481 0.000420 0.000000
0.000480 0.000436 0.000000
0.000485 0.000435 0.000000
0.000480 0.000449 0.000000
0.000483 0.000462 0.000000
0.000482 0.000471 0.000000
0.000485 0.000481 0.000000
0.000478 0.000489 0.000000
0.000486 0.000497 0.000000
0.000478 0.000512 0.000000
0.000488 0.000523 0.000000
0.000479 0.000529 0.000000
0.000488 0.000537 0.000000
0.000478 0.000556 0.000000
0.000487 0.000559 0.000000
0.000487 0.000568 0.000000
0.000483 0.000584 0.000000
0.000485 0.000591 0.000000
0.000485 0.000602 0.000000
0.000490 0.000300 0.000000
0.000490 0.000310 0.000000
0.000490 0.000321 0.000000
0.000491 0.000330 0.000000
0.000490 0.000339 0.000000
0.000490 0.000350 0.000000
0.000490 0.000361 0.000000
0.000491 0.000370 0.000000
0.000491 0.000383 0.000000
0.000489 0.000388 0.000000
0.000494 0.000397 0.000000
0.000488 0.000413 0.000000
0.000495 0.000421 0.000000
0.000490 0.000427 0.000000
0.000491 0.000442 0.000000
0.000492 0.000451 0.000000
0.000492 0.000459 0.000000
0.000493 0.000468 0.000000
0.000492 0.000480 0.000000
0.000493 0.000490 0.000000
0.000494 0.000503 0.000000
0.000490 0.000512 0.000000
0.000497 0.000516 0.000000
0.000493 0.000530 0.000000
0.000489 0.000548 0.000000
0.000497 0.000546 0.000000
0.000497 0.000558 0.000000
0.000489 0.000578 0.000000
0.000499 0.000576 0.000000
0.000496 0.000590 0.000000
0.000495 0.000601 0.000000
0.000500 0.000300 0.000000
0.000500 0.000310 0.000000
0.000500 0.000320 0.000000
0.000501 0.000329 0.000000
0.000499 0.000342 0.000000
0.000502 0.000349 0.000000
0.000499 0.000358 0.000000
0.000501 0.000370 0.000000
0.000500 0.000378 0.000000
0.000502 0.000389 0.000000
0.000502 0.000405 0.000000
0.000497 0.000408 0.000000
0.000506 0.000416 0.000000
0.000501 0.000431 0.000000
0.000503 0.000441 0.000000
0.000502 0.000448 0.000000
0.000502 0.000461 0.000000
0.000502 0.000471 0.000000
0.000503 0.000480 0.000000
0.000503 0.000490 0.000000
0.000500 0.000499 0.000000
0.000506 0.000507 0.000000
0.000501 0.000523 0.000000
0.000501 0.000536 0.000000
0.000508 0.000534 0.000000
0.000505 0.000550 0.000000
0.000499 0.000567 0.000000
0.000509 0.000566 0.000000
0.000503 0.000583 0.000000
0.000504 0.000592 0.000000
0.000505 0.000601 0.000000
0.000510 0.000300 0.000000
0.000510 0.000310 0.000000
0.000510 0.000320 0.000000
0.000510 0.000332 0.000000
0.000511 0.000338 0.000000
0.000510 0.000350 0.000000
0.000510 0.000361 0.000000
0.000511 0.000371 0.000000
0.000510 0.000381 0.000000
0.000512 0.000391 0.000000
0.000508 0.000398 0.000000
0.000513 0.000408 0.000000
0.000505 0.000426 0.000000
0.000516 0.000428 0.000000
0.000512 0.000437 0.000000
0.000511 0.000451 0.000000
0.000512 0.000461 0.000000
0.000513 0.000469 0.000000
0.000512 0.000479 0.000000
0.000512 0.000491 0.000000
0.000514 0.000501 0.000000
0.000511 0.000515 0.000000
0.000513 0.000518 0.000000
0.000515 0.000528 0.000000
0.000511 0.000543 0.000000
0.000511 0.000556 0.000000
0.000519 0.000554 0.000000
0.000512 0.000573 0.000000
0.000514 0.000581 0.000000
0.000515 0.000591 0.000000
0.000515 0.000601 0.000000
0.000520 0.000300 0.000000
0.000520 0.000310 0.000000
0.000520 0.000320 0.000000
0.000520 0.000329 0.000000
0.000520 0.000340 0.000000
0.000521 0.000351 0.000000
0.000520 0.000359 0.000000
0.000521 0.000369 0.000000
0.000520 0.000379 0.000000
0.000521 0.000390 0.000000
0.000522 0.000400 0.000000
0.000522 0.000414 0.000000
0.000517 0.000418 0.000000
0.000526 0.000427 0.000000
0.000520 0.000443 0.000000
0.000525 0.000451 0.000000
0.000521 0.000458 0.000000
0.000523 0.000471 0.000000
0.000522 0.000481 0.000000
0.000523 0.000490 0.000000
0.000521 0.000500 0.000000
0.000524 0.000508 0.000000
0.000524 0.000519 0.000000
0.000522 0.000535 0.000000
0.000523 0.000539 0.000000
0.000526 0.000548 0.000000
0.000521 0.000564 0.000000
0.000525 0.000572 0.000000
0.000525 0.000578 0.000000
0.000524 0.000591 0.000000
0.000524 0.000601 0.000000
0.000530 0.000300 0.000000
0.000530 0.000310 0.000000
0.000530 0.000320 0.000000
0.000531 0.000330 0.000000
0.000530 0.000341 0.000000
0.000531 0.000348 0.000000
0.000530 0.000361 0.000000
0.000532 0.000372 0.000000
0.000529 0.000380 0.000000
0.000532 0.000389 0.000000
0.000529 0.000401 0.000000
0.000532 0.000407 0.000000
0.000531 0.000419 0.000000
0.000525 0.000437 0.000000
0.000534 0.000437 0.000000
0.000535 0.000446 0.000000
0.000530 0.000462 0.000000
0.000534 0.000470 0.000000
0.000531 0.000479 0.000000
0.000533 0.000490 0.000000
0.000533 0.000501 0.000000
0.000533 0.000512 0.000000
0.000530 0.000523 0.000000
0.000535 0.000528 0.000000
0.000535 0.000538 0.000000
0.000533 0.000554 0.000000
0.000531 0.000562 0.000000
0.000539 0.000566 0.000000
0.000534 0.000583 0.000000
0.000534 0.000591 0.000000
0.000534 0.000601 0.000000
0.000540 0.000300 0.000000
0.000540 0.000310 0.000000
0.000541 0.000320 0.000000
0.000540 0.000330 0.000000
0.000541 0.000339 0.000000
0.000540 0.000351 0.000000
0.000541 0.000361 0.000000
0.000540 0.000367 0.000000
0.000540 0.000380 0.000000
0.000540 0.000392 0.000000
0.000541 0.000400 0.000000
0.000542 0.000411 0.000000
0.000541 0.000422 0.000000
0.000540 0.000427 0.000000
0.000544 0.000437 0.000000
0.000537 0.000455 0.000000
0.000545 0.000458 0.000000
0.000542 0.000469 0.000000
0.000542 0.000481 0.000000
0.000543 0.000492 0.000000
0.000542 0.000499 0.000000
0.000542 0.000509 0.000000
0.000543 0.000518 0.000000
0.000544 0.000531 0.000000
0.000540 0.000545 0.000000
0.000545 0.000547 0.000000
0.000545 0.000558 0.000000
0.000539 0.000574 0.000000
0.000546 0.000580 0.000000
0.000544 0.000591 0.000000
0.000544 0.000601 0.000000
0.000550 0.000300 0.000000
0.000550 0.000310 0.000000
0.000550 0.000320 0.000000
0.000550 0.000330 0.000000
0.000550 0.000341 0.000000
0.000550 0.000349 0.000000
0.000551 0.000359 0.000000
0.000550 0.000372 0.000000
0.000553 0.000381 0.000000
0.000549 0.000388 0.000000
0.000552 0.000399 0.000000
0.000549 0.000410 0.000000
0.000553 0.000419 0.000000
0.000552 0.000433 0.000000
0.000546 0.000447 0.000000
0.000554 0.000445 0.000000
0.000554 0.000458 0.000000
0.000551 0.000470 0.000000
0.000552 0.000482 0.000000
0.000554 0.000488 0.000000
0.000551 0.000501 0.000000
0.000554 0.000512 0.000000
0.000552 0.000521 0.000000
0.000552 0.000531 0.000000
0.000554 0.000538 0.000000
0.000555 0.000550 0.000000
0.000550 0.000567 0.000000
0.000556 0.000565 0.000000
0.000553 0.000580 0.000000
0.000553 0.000591 0.000000
0.000554 0.000601 0.000000
0.000560 0.000300 0.000000
0.000560 0.000310 0.000000
0.000560 0.000320 0.000000
0.000560 0.000329 0.000000
0.000560 0.000339 0.000000
0.000560 0.000350 0.000000
0.000561 0.000362 0.000000
0.000560 0.000368 0.000000
0.000561 0.000378 0.000000
0.000559 0.000392 0.000000
0.000563 0.000401 0.000000
0.000560 0.000409 0.000000
0.000561 0.000421 0.000000
0.000559 0.000429 0.000000
0.000563 0.000439 0.000000
0.000563 0.000449 0.000000
0.000558 0.000467 0.000000
0.000565 0.000466 0.000000
0.000562 0.000478 0.000000
0.000561 0.000491 0.000000
0.000562 0.000501 0.000000
0.000563 0.000508 0.000000
0.000562 0.000520 0.000000
0.000564 0.000529 0.000000
0.000562 0.000541 0.000000
0.000561 0.000552 0.000000
0.000564 0.000560 0.000000
0.000564 0.000574 0.000000
0.000563 0.000582 0.000000
0.000564 0.000591 0.000000
0.000564 0.000601 0.000000
0.000570 0.000300 0.000000
0.000570 0.000310 0.000000
0.000571 0.000320 0.000000
0.000569 0.000331 0.000000
0.000572 0.000340 0.000000
0.000569 0.000350 0.000000
0.000571 0.000358 0.000000
0.000570 0.000370 0.000000
0.000572 0.000383 0.000000
0.000570 0.000388 0.000000
0.000571 0.000398 0.000000
0.000570 0.000411 0.000000
0.000572 0.000420 0.000000
0.000570 0.000429 0.000000
0.000573 0.000440 0.000000
0.000567 0.000454 0.000000
0.000575 0.000456 0.000000
0.000574 0.000469 0.000000
0.000572 0.000482 0.000000
0.000571 0.000491 0.000000
0.000575 0.000498 0.000000
0.000571 0.000512 0.000000
0.000574 0.000521 0.000000
0.000572 0.000530 0.000000
0.000571 0.000542 0.000000
0.000576 0.000548 0.000000
0.000574 0.000559 0.000000
0.000571 0.000569 0.000000
0.000576 0.000579 0.000000
0.000573 0.000591 0.000000
0.000574 0.000601 0.000000
0.000580 0.000300 0.000000
0.000580 0.000310 0.000000
0.000580 0.000321 0.000000
0.000581 0.000329 0.000000
0.000580 0.000339 0.000000
0.000580 0.000351 0.000000
0.000581 0.000361 0.000000
0.000580 0.000371 0.000000
0.000580 0.000378 0.000000
0.000581 0.000390 0.000000
0.000581 0.000402 0.000000
0.000581 0.000410 0.000000
0.000581 0.000419 0.000000
0.000581 0.000430 0.000000
0.000580 0.000441 0.000000
0.000582 0.000449 0.000000
0.000581 0.000462 0.000000
0.000576 0.000477 0.000000
0.000586 0.000475 0.000000
0.000584 0.000487 0.000000
0.000580 0.000502 0.000000
0.000583 0.000510 0.000000
0.000583 0.000520 0.000000
0.000581 0.000531 0.000000
0.000585 0.000540 0.000000
0.000580 0.000551 0.000000
0.000581 0.000568 0.000000
0.000586 0.000563 0.000000
0.000582 0.000582 0.000000
0.000583 0.000591 0.000000
0.000583 0.000601 0.000000
0.000590 0.000300 0.000000
0.000590 0.000310 0.000000
0.000590 0.000319 0.000000
0.000591 0.000331 0.000000
0.000589 0.000341 0.000000
0.000592 0.000349 0.000000
0.000589 0.000359 0.000000
0.000591 0.000370 0.000000
0.000591 0.000381 0.000000
0.000591 0.000391 0.000000
0.000590 0.000397 0.000000
0.000591 0.000409 0.000000
0.000590 0.000422 0.000000
0.000592 0.000429 0.000000
0.000591 0.000439 0.000000
0.000591 0.000450 0.000000
0.000590 0.000460 0.000000
0.000593 0.000469 0.000000
0.000592 0.000484 0.000000
0.000589 0.000493 0.000000
0.000595 0.000499 0.000000
0.000592 0.000509 0.000000
0.000592 0.000521 0.000000
0.000593 0.000530 0.000000
0.000592 0.000541 0.000000
0.000591 0.000553 0.000000
0.000600 0.000556 0.000000
0.000591 0.000573 0.000000
0.000594 0.000580 0.000000
0.000593 0.000591 0.000000
0.000593 0.000601 0.000000
0.000600 0.000300 0.000000
0.000600 0.000310 0.000000
0.000600 0.000320 0.000000
0.000600 0.000330 0.000000
0.000601 0.000339 0.000000
0.000600 0.000351 0.000000
0.000599 0.000361 0.000000
0.000603 0.000369 0.000000
0.000598 0.000379 0.000000
0.000602 0.000388 0.000000
0.000600 0.000402 0.000000
0.000602 0.000412 0.000000
0.000600 0.000418 0.000000
0.000602 0.000429 0.000000
0.000600 0.000442 0.000000
0.000603 0.000449 0.000000
0.000601 0.000459 0.000000
0.000602 0.000470 0.000000
0.000599 0.000480 0.000000
0.000604 0.000489 0.000000
0.000605 0.000497 0.000000
0.000601 0.000512 0.000000
0.000603 0.000521 0.000000
0.000602 0.000530 0.000000
0.000603 0.000540 0.000000
0.000601 0.000550 0.000000
0.000598 0.000565 0.000000
0.000606 0.000570 0.000000
0.000603 0.000580 0.000000
0.000603 0.000591 0.000000
0.000603 0.000601 0.000000
0.000610 0.000300 0.000000
0.000610 0.000310 0.000000
0.000610 0.000320 0.000000
0.000611 0.000329 0.000000
0.000610 0.000341 0.000000
0.000611 0.000350 0.000000
0.000611 0.000359 0.000000
0.000610 0.000370 0.000000
0.000609 0.000381 0.000000
0.000613 0.000391 0.000000
0.000609 0.000399 0.000000
0.000612 0.000408 0.000000
0.000610 0.000421 0.000000
0.000612 0.000432 0.000000
0.000610 0.000438 0.000000
0.000612 0.000450 0.000000
0.000611 0.000461 0.000000
0.000612 0.000471 0.000000
0.000612 0.000479 0.000000
0.000612 0.000490 0.000000
0.000607 0.000505 0.000000
0.000615 0.000509 0.000000
0.000613 0.000517 0.000000
0.000612 0.000531 0.000000
0.000613 0.000542 0.000000
0.000614 0.000550 0.000000
0.000611 0.000559 0.000000
0.000614 0.000569 0.000000
0.000612 0.000582 0.000000
0.000613 0.000591 0.000000
0.000613 0.000601 0.000000
0.000620 0.000300 0.000000
0.000620 0.000310 0.000000
0.000620 0.000320 0.000000
0.000620 0.000331 0.000000
0.000621 0.000339 0.000000
0.000620 0.000349 0.000000
0.000620 0.000361 0.000000
0.000620 0.000370 0.000000
0.000622 0.000379 0.000000
0.000620 0.000389 0.000000
0.000620 0.000401 0.000000
0.000622 0.000412 0.000000
0.000619 0.000420 0.000000
0.000622 0.000428 0.000000
0.000621 0.000440 0.000000
0.000622 0.000452 0.000000
0.000620 0.000459 0.000000
0.000622 0.000469 0.000000
0.000620 0.000480 0.000000
0.000622 0.000492 0.000000
0.000622 0.000498 0.000000
0.000625 0.000509 0.000000
0.000619 0.000524 0.000000
0.000625 0.000529 0.000000
0.000622 0.000538 0.000000
0.000621 0.000551 0.000000
0.000624 0.000562 0.000000
0.000621 0.000572 0.000000
0.000624 0.000581 0.000000
0.000623 0.000591 0.000000
0.000623 0.000601 0.000000
0.000630 0.000300 0.000000
0.000630 0.000310 0.000000
0.000630 0.000321 0.000000
0.000630 0.000329 0.000000
0.000630 0.000340 0.000000
0.000630 0.000352 0.000000
0.000631 0.000358 0.000000
0.000631 0.000369 0.000000
0.000630 0.000381 0.000000
0.000630 0.000391 0.000000
0.000632 0.000399 0.000000
0.000630 0.000409 0.000000
0.000631 0.000419 0.000000
0.000632 0.000432 0.000000
0.000629 0.000440 0.000000
0.000632 0.000448 0.000000
0.000631 0.000460 0.000000
0.000633 0.000473 0.000000
0.000630 0.000479 0.000000
0.000633 0.000489 0.000000
0.000631 0.000500 0.000000
0.000627 0.000516 0.000000
0.000637 0.000515 0.000000
0.000634 0.000528 0.000000
0.000631 0.000542 0.000000
0.000634 0.000551 0.000000
0.000631 0.000558 0.000000
0.000634 0.000569 0.000000
0.000632 0.000580 0.000000
0.000633 0.000591 0.000000
0.000633 0.000601 0.000000
0.000640 0.000300 0.000000
0.000640 0.000310 0.000000
0.000640 0.000320 0.000000
0.000641 0.000330 0.000000
0.000640 0.000342 0.000000
0.000641 0.000348 0.000000
0.000640 0.000360 0.000000
0.000640 0.000372 0.000000
0.000642 0.000379 0.000000
0.000641 0.000388 0.000000
0.000640 0.000400 0.000000
0.000640 0.000411 0.000000
0.000642 0.000421 0.000000
0.000640 0.000428 0.000000
0.000642 0.000439 0.000000
0.000641 0.000452 0.000000
0.000642 0.000462 0.000000
0.000640 0.000467 0.000000
0.000642 0.000479 0.000000
0.000641 0.000493 0.000000
0.000642 0.000500 0.000000
0.000643 0.000509 0.000000
0.000640 0.000522 0.000000
0.000638 0.000537 0.000000
0.000647 0.000535 0.000000
0.000643 0.000548 0.000000
0.000642 0.000562 0.000000
0.000643 0.000572 0.000000
0.000642 0.000581 0.000000
0.000643 0.000590 0.000000
0.000643 0.000601 0.000000
0.000650 0.000300 0.000000
0.000650 0.000310 0.000000
0.000651 0.000320 0.000000
0.000649 0.000330 0.000000
0.000651 0.000339 0.000000
0.000650 0.000351 0.000000
0.000651 0.000361 0.000000
0.000650 0.000367 0.000000
0.000651 0.000380 0.000000
0.000649 0.000392 0.000000
0.000653 0.000401 0.000000
0.000650 0.000408 0.000000
0.000651 0.000419 0.000000
0.000650 0.000431 0.000000
0.000653 0.000441 0.000000
0.000649 0.000449 0.000000
0.000653 0.000459 0.000000
0.000653 0.000472 0.000000
0.000653 0.000484 0.000000
0.000650 0.000486 0.000000
0.000652 0.000498 0.000000
0.000650 0.000512 0.000000
0.000652 0.000521 0.000000
0.000653 0.000528 0.000000
0.000650 0.000543 0.000000
0.000649 0.000555 0.000000
0.000658 0.000556 0.000000
0.000651 0.000568 0.000000
0.000654 0.000580 0.000000
0.000652 0.000591 0.000000
0.000652 0.000601 0.000000
0.000660 0.000300 0.000000
0.000660 0.000310 0.000000
0.000660 0.000320 0.000000
0.000660 0.000329 0.000000
0.000661 0.000342 0.000000
0.000659 0.000349 0.000000
0.000661 0.000359 0.000000
0.000659 0.000371 0.000000
0.000662 0.000382 0.000000
0.000659 0.000388 0.000000
0.000661 0.000399 0.000000
0.000658 0.000412 0.000000
0.000663 0.000421 0.000000
0.000659 0.000429 0.000000
0.000662 0.000439 0.000000
0.000660 0.000450 0.000000
0.000663 0.000462 0.000000
0.000657 0.000470 0.000000
0.000664 0.000477 0.000000
0.000662 0.000493 0.000000
0.000663 0.000504 0.000000
0.000661 0.000507 0.000000
0.000663 0.000519 0.000000
0.000660 0.000532 0.000000
0.000663 0.000542 0.000000
0.000663 0.000547 0.000000
0.000659 0.000563 0.000000
0.000665 0.000573 0.000000
0.000660 0.000581 0.000000
0.000663 0.000591 0.000000
0.000662 0.000601 0.000000
0.000670 0.000300 0.000000
0.000670 0.000310 0.000000
0.000670 0.000320 0.000000
0.000670 0.000331 0.000000
0.000670 0.000339 0.000000
0.000670 0.000350 0.000000
0.000671 0.000362 0.000000
0.000669 0.000369 0.000000
0.000671 0.000378 0.000000
0.000670 0.000391 0.000000
0.000671 0.000403 0.000000
0.000671 0.000407 0.000000
0.000671 0.000418 0.000000
0.000670 0.000430 0.000000
0.000672 0.000441 0.000000
0.000670 0.000450 0.000000
0.000672 0.000459 0.000000
0.000671 0.000469 0.000000
0.000672 0.000483 0.000000
0.000668 0.000489 0.000000
0.000674 0.000497 0.000000
0.000671 0.000511 0.000000
0.000672 0.000524 0.000000
0.000671 0.000528 0.000000
0.000673 0.000539 0.000000
0.000670 0.000552 0.000000
0.000674 0.000561 0.000000
0.000670 0.000567 0.000000
0.000673 0.000580 0.000000
0.000672 0.000590 0.000000
0.000672 0.000601 0.000000
0.000680 0.000300 0.000000
0.000680 0.000310 0.000000
0.000680 0.000320 0.000000
0.000681 0.000330 0.000000
0.000680 0.000340 0.000000
0.000681 0.000351 0.000000
0.000680 0.000359 0.000000
0.000681 0.000370 0.000000
0.000680 0.000381 0.000000
0.000681 0.000391 0.000000
0.000681 0.000397 0.000000
0.000680 0.000411 0.000000
0.000681 0.000422 0.000000
0.000681 0.000430 0.000000
0.000681 0.000438 0.000000
0.000681 0.000449 0.000000
0.000681 0.000461 0.000000
0.000681 0.000471 0.000000
0.000680 0.000479 0.000000
0.000682 0.000490 0.000000
0.000682 0.000502 0.000000
0.000680 0.000511 0.000000
0.000683 0.000518 0.000000
0.000682 0.000530 0.000000
0.000681 0.000543 0.000000
0.000681 0.000549 0.000000
0.000683 0.000560 0.000000
0.000682 0.000572 0.000000
0.000682 0.000581 0.000000
0.000682 0.000591 0.000000
0.000682 0.000601 0.000000
0.000690 0.000300 0.000000
0.000690 0.000310 0.000000
0.000690 0.000320 0.000000
0.000690 0.000330 0.000000
0.000690 0.000340 0.000000
0.000691 0.000350 0.000000
0.000690 0.000360 0.000000
0.000691 0.000371 0.000000
0.000690 0.000379 0.000000
0.000692 0.000389 0.000000
0.000689 0.000402 0.000000
0.000692 0.000411 0.000000
0.000690 0.000417 0.000000
0.000691 0.000430 0.000000
0.000690 0.000442 0.000000
0.000692 0.000451 0.000000
0.000690 0.000459 0.000000
0.000692 0.000470 0.000000
0.000691 0.000480 0.000000
0.000692 0.000491 0.000000
0.000690 0.000499 0.000000
0.000693 0.000509 0.000000
0.000692 0.000522 0.000000
0.000690 0.000533 0.000000
0.000693 0.000538 0.000000
0.000692 0.000549 0.000000
0.000690 0.000562 0.000000
0.000693 0.000569 0.000000
0.000692 0.000579 0.000000
0.000692 0.000590 0.000000
0.000692 0.000600 0.000000
0.000700 0.000300 0.000000
0.000700 0.000310 0.000000
0.000700 0.000319 0.000000
0.000700 0.000331 0.000000
0.000700 0.000340 0.000000
0.000700 0.000350 0.000000
0.000700 0.000360 0.000000
0.000701 0.000369 0.000000
0.000700 0.000380 0.000000
0.000701 0.000392 0.000000
0.000699 0.000399 0.000000
0.000702 0.000408 0.000000
0.000699 0.000422 0.000000
0.000702 0.000432 0.000000
0.000700 0.000438 0.000000
0.000701 0.000449 0.000000
0.000700 0.000460 0.000000
0.000701 0.000471 0.000000
0.000701 0.000481 0.000000
0.000702 0.000490 0.000000
0.000701 0.000500 0.000000
0.000702 0.000512 0.000000
0.000700 0.000520 0.000000
0.000703 0.000529 0.000000
0.000702 0.000542 0.000000
0.000701 0.000553 0.000000
0.000703 0.000558 0.000000
0.000701 0.000571 0.000000
0.000702 0.000582 0.000000
0.000702 0.000590 0.000000
0.000702 0.000600 0.000000
0.000710 0.000300 0.000000
0.000710 0.000310 0.000000
0.000710 0.000321 0.000000
0.000710 0.000329 0.000000
0.000710 0.000339 0.000000
0.000711 0.000350 0.000000
0.000710 0.000360 0.000000
0.000710 0.000370 0.000000
0.000710 0.000380 0.000000
0.000710 0.000388 0.000000
0.000711 0.000400 0.000000
0.000711 0.000413 0.000000
0.000710 0.000419 0.000000
0.000712 0.000428 0.000000
0.000709 0.000441 0.000000
0.000713 0.000452 0.000000
0.000710 0.000459 0.000000
0.000712 0.000469 0.000000
0.000711 0.000479 0.000000
0.000712 0.000490 0.000000
0.000711 0.000501 0.000000
0.000711 0.000509 0.000000
0.000712 0.000520 0.000000
0.000712 0.000532 0.000000
0.000710 0.000540 0.000000
0.000714 0.000548 0.000000
0.000711 0.000561 0.000000
0.000712 0.000571 0.000000
0.000712 0.000579 0.000000
0.000712 0.000590 0.000000
0.000712 0.000600 0.000000
0.000720 0.000300 0.000000
0.000720 0.000310 0.000000
0.000720 0.000319 0.000000
0.000720 0.000330 0.000000
0.000720 0.000341 0.000000
0.000720 0.000349 0.000000
0.000720 0.000360 0.000000
0.000721 0.000370 0.000000
0.000720 0.000380 0.000000
0.000721 0.000391 0.000000
0.000721 0.000401 0.000000
0.000720 0.000408 0.000000
0.000721 0.000420 0.000000
0.000719 0.000432 0.000000
0.000722 0.000440 0.000000
0.000721 0.000448 0.000000
0.000721 0.000460 0.000000
0.000722 0.000471 0.000000
0.000720 0.000481 0.000000
0.000722 0.000490 0.000000
0.000721 0.000500 0.000000
0.000722 0.000510 0.000000
0.000721 0.000521 0.000000
0.000721 0.000529 0.000000
0.000723 0.000541 0.000000
0.000721 0.000553 0.000000
0.000722 0.000560 0.000000
0.000723 0.000570 0.000000
0.000722 0.000581 0.000000
0.000722 0.000590 0.000000
0.000722 0.000600 0.000000
0.000730 0.000300 0.000000
0.000730 0.000310 0.000000
0.000730 0.000320 0.000000
0.000730 0.000331 0.000000
0.000731 0.000339 0.000000
0.000730 0.000350 0.000000
0.000731 0.000361 0.000000
0.000730 0.000370 0.000000
0.000731 0.000380 0.000000
0.000730 0.000389 0.000000
0.000731 0.000400 0.000000
0.000731 0.000411 0.000000
0.000731 0.000422 0.000000
0.000730 0.000428 0.000000
0.000731 0.000439 0.000000
0.000729 0.000452 0.000000
0.000733 0.000461 0.000000
0.000730 0.000468 0.000000
0.000732 0.000480 0.000000
0.000731 0.000490 0.000000
0.000731 0.000500 0.000000
0.000732 0.000511 0.000000
0.000731 0.000520 0.000000
0.000732 0.000530 0.000000
0.000730 0.000540 0.000000
0.000731 0.000549 0.000000
0.000733 0.000559 0.000000
0.000731 0.000571 0.000000
0.000732 0.000580 0.000000
0.000732 0.000590 0.000000
0.000732 0.000600 0.000000
0.000740 0.000300 0.000000
0.000740 0.000310 0.000000
0.000740 0.000320 0.000000
0.000741 0.000329 0.000000
0.000740 0.000341 0.000000
0.000740 0.000351 0.000000
0.000740 0.000359 0.000000
0.000740 0.000370 0.000000
0.000741 0.000381 0.000000
0.000740 0.000390 0.000000
0.000742 0.000400 0.000000
0.000740 0.000410 0.000000
0.000741 0.000419 0.000000
0.000741 0.000431 0.000000
0.000741 0.000442 0.000000
0.000740 0.000448 0.000000
0.000741 0.000459 0.000000
0.000740 0.000472 0.000000
0.000743 0.000481 0.000000
0.000740 0.000490 0.000000
0.000743 0.000500 0.000000
0.000740 0.000510 0.000000
0.000742 0.000520 0.000000
0.000741 0.000531 0.000000
0.000742 0.000540 0.000000
0.000743 0.000551 0.000000
0.000740 0.000562 0.000000
0.000743 0.000570 0.000000
0.000742 0.000580 0.000000
0.000742 0.000590 0.000000
0.000742 0.000600 0.000000
0.000750 0.000300 0.000000
0.000750 0.000310 0.000000
0.000750 0.000319 0.000000
0.000750 0.000331 0.000000
0.000751 0.000340 0.000000
0.000751 0.000349 0.000000
0.000750 0.000360 0.000000
0.000751 0.000371 0.000000
0.000750 0.000379 0.000000
0.000750 0.000390 0.000000
0.000751 0.000400 0.000000
0.000750 0.000410 0.000000
0.000752 0.000421 0.000000
0.000749 0.000430 0.000000
0.000752 0.000438 0.000000
0.000751 0.000450 0.000000
0.000751 0.000462 0.000000
0.000751 0.000469 0.000000
0.000751 0.000479 0.000000
0.000750 0.000491 0.000000
0.000752 0.000500 0.000000
0.000750 0.000510 0.000000
0.000752 0.000521 0.000000
0.000750 0.000530 0.000000
0.000753 0.000539 0.000000
0.000749 0.000550 0.000000
0.000753 0.000559 0.000000
0.000751 0.000570 0.000000
0.000752 0.000581 0.000000
0.000752 0.000590 0.000000
0.000752 0.000600 0.000000
0.000760 0.000300 0.000000
0.000760 0.000310 0.000000
0.000760 0.000321 0.000000
0.000760 0.000329 0.000000
0.000761 0.000339 0.000000
0.000759 0.000351 0.000000
0.000761 0.000360 0.000000
0.000760 0.000369 0.000000
0.000760 0.000380 0.000000
0.000761 0.000391 0.000000
0.000760 0.000400 0.000000
0.000761 0.000410 0.000000
0.000760 0.000419 0.000000
0.000761 0.000430 0.000000
0.000761 0.000441 0.000000
0.000760 0.000451 0.000000
0.000761 0.000458 0.000000
0.000761 0.000470 0.000000
0.000761 0.000482 0.000000
0.000762 0.000490 0.000000
0.000761 0.000499 0.000000
0.000762 0.000510 0.000000
0.000761 0.000520 0.000000
0.000762 0.000530 0.000000
0.000761 0.000542 0.000000
0.000761 0.000550 0.000000
0.000762 0.000562 0.000000
0.000761 0.000571 0.000000
0.000762 0.000580 0.000000
0.000762 0.000590 0.000000
0.000762 0.000600 0.000000
0.000770 0.000300 0.000000
0.000770 0.000310 0.000000
0.000770 0.000319 0.000000
0.000770 0.000330 0.000000
0.000770 0.000342 0.000000
0.000770 0.000349 0.000000
0.000771 0.000359 0.000000
0.000769 0.000371 0.000000
0.000771 0.000381 0.000000
0.000770 0.000389 0.000000
0.000771 0.000400 0.000000
0.000771 0.000410 0.000000
0.000770 0.000421 0.000000
0.000772 0.000430 0.000000
0.000770 0.000439 0.000000
0.000771 0.000450 0.000000
0.000771 0.000461 0.000000
0.000771 0.000471 0.000000
0.000771 0.000478 0.000000
0.000771 0.000489 0.000000
0.000771 0.000501 0.000000
0.000772 0.000510 0.000000
0.000771 0.000520 0.000000
0.000772 0.000531 0.000000
0.000770 0.000539 0.000000
0.000773 0.000549 0.000000
0.000770 0.000560 0.000000
0.000773 0.000569 0.000000
0.000771 0.000580 0.000000
0.000772 0.000590 0.000000
0.000772 0.000600 0.000000
0.000780 0.000300 0.000000
0.000780 0.000310 0.000000
0.000780 0.000320 0.000000
0.000780 0.000331 0.000000
0.000780 0.000339 0.000000
0.000780 0.000350 0.000000
0.000780 0.000362 0.000000
0.000781 0.000369 0.000000
0.000781 0.000379 0.000000
0.000780 0.000391 0.000000
0.000781 0.000401 0.000000
0.000780 0.000409 0.000000
0.000781 0.000419 0.000000
0.000781 0.000430 0.000000
0.000780 0.000441 0.000000
0.000783 0.000450 0.000000
0.000779 0.000460 0.000000
0.000782 0.000469 0.000000
0.000781 0.000481 0.000000
0.000781 0.000492 0.000000
0.000781 0.000499 0.000000
0.000782 0.000509 0.000000
0.000780 0.000521 0.000000
0.000782 0.000530 0.000000
0.000782 0.000540 0.000000
0.000780 0.000552 0.000000
0.000782 0.000560 0.000000
0.000781 0.000571 0.000000
0.000781 0.000580 0.000000
0.000782 0.000590 0.000000
0.000782 0.000600 0.000000
0.000790 0.000300 0.000000
0.000790 0.000310 0.000000
0.000790 0.000320 0.000000
0.000790 0.000329 0.000000
0.000790 0.000341 0.000000
0.000791 0.000351 0.000000
0.000790 0.000358 0.000000
0.000791 0.000370 0.000000
0.000789 0.000381 0.000000
0.000792 0.000390 0.000000
0.000790 0.000399 0.000000
0.000791 0.000410 0.000000
0.000791 0.000421 0.000000
0.000791 0.000430 0.000000
0.000791 0.000439 0.000000
0.000790 0.000450 0.000000
0.000791 0.000460 0.000000
0.000792 0.000471 0.000000
0.000789 0.000481 0.000000
0.000792 0.000488 0.000000
0.000791 0.000500 0.000000
0.000791 0.000512 0.000000
0.000792 0.000519 0.000000
0.000792 0.000529 0.000000
0.000790 0.000541 0.000000
0.000792 0.000548 0.000000
0.000792 0.000560 0.000000
0.000791 0.000570 0.000000
0.000792 0.000580 0.000000
0.000791 0.000590 0.000000
0.000792 0.000600 0.000000
0.000800 0.000300 0.000000
0.000800 0.000310 0.000000
0.000800 0.000319 0.000000
0.000800 0.000332 0.000000
0.000800 0.000340 0.000000
0.000801 0.000349 0.000000
0.000800 0.000361 0.000000
0.000801 0.000372 0.000000
0.000800 0.000378 0.000000
0.000801 0.000389 0.000000
0.000799 0.000401 0.000000
0.000802 0.000411 0.000000
0.000800 0.000419 0.000000
0.000801 0.000430 0.000000
0.000801 0.000441 0.000000
0.000801 0.000450 0.000000
0.000802 0.000460 0.000000
0.000800 0.000470 0.000000
0.000801 0.000480 0.000000
0.000801 0.000491 0.000000
0.000800 0.000501 0.000000
0.000803 0.000508 0.000000
0.000801 0.000521 0.000000
0.000801 0.000532 0.000000
0.000802 0.000539 0.000000
0.000801 0.000551 0.000000
0.000801 0.000561 0.000000
0.000802 0.000569 0.000000
0.000801 0.000581 0.000000
0.000802 0.000590 0.000000
0.000802 0.000600 0.000000
0.000810 0.000300 0.000000
0.000810 0.000310 0.000000
0.000810 0.000321 0.000000
0.000810 0.000329 0.000000
0.000810 0.000339 0.000000
0.000810 0.000352 0.000000
0.000810 0.000360 0.000000
0.000811 0.000369 0.000000
0.000810 0.000381 0.000000
0.000811 0.000392 0.000000
0.000810 0.000398 0.000000
0.000811 0.000409 0.000000
0.000810 0.000421 0.000000
0.000812 0.000431 0.000000
0.000810 0.000439 0.000000
0.000811 0.000449 0.000000
0.000810 0.000460 0.000000
0.000811 0.000470 0.000000
0.000812 0.000480 0.000000
0.000810 0.000490 0.000000
0.000812 0.000499 0.000000
0.000811 0.000511 0.000000
0.000811 0.000521 0.000000
0.000812 0.000528 0.000000
0.000811 0.000540 0.000000
0.000811 0.000551 0.000000
0.000812 0.000559 0.000000
0.000811 0.000570 0.000000
0.000811 0.000580 0.000000
0.000812 0.000590 0.000000
0.000811 0.000600 0.000000
0.000820 0.000300 0.000000
0.000820 0.000310 0.000000
0.000820 0.000319 0.000000
0.000820 0.000330 0.000000
0.000820 0.000342 0.000000
0.000820 0.000348 0.000000
0.000821 0.000359 0.000000
0.000819 0.000371 0.000000
0.000821 0.000381 0.000000
0.000820 0.000388 0.000000
0.000821 0.000400 0.000000
0.000820 0.000412 0.000000
0.000821 0.000419 0.000000
0.000820 0.000429 0.000000
0.000820 0.000440 0.000000
0.000821 0.000452 0.000000
0.000820 0.000459 0.000000
0.000822 0.000469 0.000000
0.000819 0.000480 0.000000
0.000821 0.000490 0.000000
0.000822 0.000500 0.000000
0.000820 0.000510 0.000000
0.000822 0.000519 0.000000
0.000820 0.000531 0.000000
0.000821 0.000541 0.000000
0.000822 0.000549 0.000000
0.000821 0.000561 0.000000
0.000821 0.000570 0.000000
0.000822 0.000580 0.000000
0.000821 0.000590 0.000000
0.000821 0.000600 0.000000
0.000830 0.000300 0.000000
0.000830 0.000310 0.000000
0.000830 0.000320 0.000000
0.000830 0.000330 0.000000
0.000831 0.000339 0.000000
0.000830 0.000350 0.000000
0.000830 0.000362 0.000000
0.000830 0.000368 0.000000
0.000831 0.000379 0.000000
0.000829 0.000391 0.000000
0.000831 0.000401 0.000000
0.000830 0.000408 0.000000
0.000831 0.000420 0.000000
0.000829 0.000431 0.000000
0.000832 0.000441 0.000000
0.000830 0.000448 0.000000
0.000831 0.000460 0.000000
0.000830 0.000471 0.000000
0.000832 0.000480 0.000000
0.000832 0.000490 0.000000
0.000830 0.000500 0.000000
0.000832 0.000510 0.000000
0.000831 0.000520 0.000000
0.000831 0.000530 0.000000
0.000833 0.000539 0.000000
0.000830 0.000551 0.000000
0.000832 0.000561 0.000000
0.000832 0.000569 0.000000
0.000831 0.000580 0.000000
0.000831 0.000590 0.000000
0.000831 0.000600 0.000000
0.000840 0.000300 0.000000
0.000840 0.000310 0.000000
0.000840 0.000320 0.000000
0.000840 0.000329 0.000000
0.000840 0.000341 0.000000
0.000840 0.000351 0.000000
0.000840 0.000358 0.000000
0.000840 0.000370 0.000000
0.000840 0.000382 0.000000
0.000841 0.000389 0.000000
0.000841 0.000399 0.000000
0.000840 0.000411 0.000000
0.000841 0.000422 0.000000
0.000840 0.000428 0.000000
0.000841 0.000439 0.000000
0.000839 0.000451 0.000000
0.000842 0.000461 0.000000
0.000840 0.000468 0.000000
0.000842 0.000480 0.000000
0.000840 0.000490 0.000000
0.000842 0.000500 0.000000
0.000842 0.000510 0.000000
0.000840 0.000521 0.000000
0.000842 0.000530 0.000000
0.000840 0.000541 0.000000
0.000841 0.000550 0.000000
0.000842 0.000559 0.000000
0.000841 0.000571 0.000000
0.000842 0.000580 0.000000
0.000841 0.000590 0.000000
0.000841 0.000600 0.000000
0.000850 0.000300 0.000000
0.000850 0.000310 0.000000
0.000850 0.000320 0.000000
0.000850 0.000331 0.000000
0.000850 0.000339 0.000000
0.000851 0.000349 0.000000
0.000850 0.000361 0.000000
0.000851 0.000371 0.000000
0.000850 0.000378 0.000000
0.000851 0.000390 0.000000
0.000849 0.000402 0.000000
0.000851 0.000409 0.000000
0.000851 0.000418 0.000000
0.000851 0.000430 0.000000
0.000851 0.000442 0.000000
0.000850 0.000448 0.000000
0.000851 0.000458 0.000000
0.000850 0.000471 0.000000
0.000852 0.000481 0.000000
0.000851 0.000489 0.000000
0.000852 0.000500 0.000000
0.000849 0.000510 0.000000
0.000852 0.000520 0.000000
0.000851 0.000530 0.000000
0.000851 0.000540 0.000000
0.000852 0.000550 0.000000
0.000850 0.000561 0.000000
0.000852 0.000570 0.000000
0.000851 0.000580 0.000000
0.000851 0.000590 0.000000
0.000851 0.000600 0.000000
0.000860 0.000300 0.000000
0.000860 0.000310 0.000000
0.000860 0.000321 0.000000
0.000860 0.000329 0.000000
0.000860 0.000340 0.000000
0.000860 0.000352 0.000000
0.000860 0.000359 0.000000
0.000861 0.000369 0.000000
0.000860 0.000381 0.000000
0.000861 0.000392 0.000000
0.000860 0.000398 0.000000
0.000861 0.000410 0.000000
0.000859 0.000421 0.000000
0.000862 0.000431 0.000000
0.000860 0.000438 0.000000
0.000861 0.000450 0.000000
0.000860 0.000462 0.000000
0.000862 0.000470 0.000000
0.000861 0.000478 0.000000
0.000861 0.000491 0.000000
0.000861 0.000500 0.000000
0.000861 0.000510 0.000000
0.000862 0.000520 0.000000
0.000860 0.000530 0.000000
0.000862 0.000540 0.000000
0.000860 0.000550 0.000000
0.000862 0.000560 0.000000
0.000861 0.000570 0.000000
0.000861 0.000581 0.000000
0.000861 0.000590 0.000000
0.000861 0.000600 0.000000
0.000870 0.000300 0.000000
0.000870 0.000310 0.000000
0.000870 0.000319 0.000000
0.000870 0.000330 0.000000
0.000870 0.000341 0.000000
0.000870 0.000348 0.000000
0.000871 0.000360 0.000000
0.000869 0.000372 0.000000
0.000871 0.000379 0.000000
0.000871 0.000389 0.000000
0.000870 0.000400 0.000000
0.000870 0.000412 0.000000
0.000871 0.000418 0.000000
0.000871 0.000429 0.000000
0.000870 0.000441 0.000000
0.000872 0.000451 0.000000
0.000870 0.000458 0.000000
0.000871 0.000470 0.000000
0.000869 0.000482 0.000000
0.000873 0.000490 0.000000
0.000870 0.000499 0.000000
0.000871 0.000511 0.000000
0.000870 0.000519 0.000000
0.000872 0.000529 0.000000
0.000871 0.000541 0.000000
0.000871 0.000550 0.000000
0.000872 0.000560 0.000000
0.000870 0.000570 0.000000
0.000872 0.000580 0.000000
0.000871 0.000590 0.000000
0.000871 0.000600 0.000000
0.000880 0.000300 0.000000
0.000880 0.000310 0.000000
0.000880 0.000321 0.000000
0.000880 0.000330 0.000000
0.000881 0.000339 0.000000
0.000880 0.000351 0.000000
0.000880 0.000361 0.000000
0.000880 0.000368 0.000000
0.000881 0.000379 0.000000
0.000879 0.000391 0.000000
0.000881 0.000400 0.000000
0.000880 0.000408 0.000000
0.000881 0.000420 0.000000
0.000879 0.000433 0.000000
0.000882 0.000439 0.000000
0.000881 0.000449 0.000000
0.000880 0.000461 0.000000
0.000881 0.000472 0.000000
0.000880 0.000478 0.000000
0.000881 0.000488 0.000000
0.000880 0.000501 0.000000
0.000883 0.000510 0.000000
0.000880 0.000520 0.000000
0.000882 0.000531 0.000000
0.000879 0.000540 0.000000
0.000882 0.000550 0.000000
0.000880 0.000560 0.000000
0.000882 0.000570 0.000000
0.000881 0.000580 0.000000
0.000881 0.000590 0.000000
0.000881 0.000600 0.000000
0.000890 0.000300 0.000000
0.000890 0.000310 0.000000
0.000890 0.000320 0.000000
0.000890 0.000329 0.000000
0.000890 0.000341 0.000000
0.000890 0.000350 0.000000
0.000891 0.000359 0.000000
0.000890 0.000370 0.000000
0.000890 0.000382 0.000000
0.000890 0.000388 0.000000
0.000891 0.000399 0.000000
0.000889 0.000411 0.000000
0.000891 0.000421 0.000000
0.000890 0.000427 0.000000
0.000891 0.000440 0.000000
0.000889 0.000452 0.000000
0.000893 0.000460 0.000000
0.000890 0.000468 0.000000
0.000891 0.000481 0.000000
0.000891 0.000492 0.000000
0.000891 0.000499 0.000000
0.000891 0.000509 0.000000
0.000891 0.000521 0.000000
0.000891 0.000530 0.000000
0.000891 0.000540 0.000000
0.000891 0.000551 0.000000
0.000891 0.000560 0.000000
0.000891 0.000570 0.000000
0.000891 0.000580 0.000000
0.000891 0.000590 0.000000
0.000891 0.000600 0.000000
0.000900 0.000300 0.000000
0.000900 0.000310 0.000000
0.000900 0.000320 0.000000
0.000901 0.000331 0.000000
0.000900 0.000339 0.000000
0.000900 0.000349 0.000000
0.000899 0.000361 0.000000
0.000901 0.000371 0.000000
0.000900 0.000378 0.000000
0.000901 0.000390 0.000000
0.000899 0.000403 0.000000
0.000901 0.000409 0.000000
0.000901 0.000419 0.000000
0.000900 0.000431 0.000000
0.000901 0.000442 0.000000
0.000900 0.000448 0.000000
0.000901 0.000458 0.000000
0.000899 0.000472 0.000000
0.000902 0.000481 0.000000
0.000900 0.000488 0.000000
0.000902 0.000500 0.000000
0.000900 0.000512 0.000000
0.000902 0.000519 0.000000
0.000901 0.000530 0.000000
0.000901 0.000541 0.000000
0.000900 0.000549 0.000000
0.000902 0.000560 0.000000
0.000901 0.000570 0.000000
0.000901 0.000580 0.000000
0.000901 0.000590 0.000000
0.000901 0.000600 0.000000
0.000910 0.000300 0.000000
0.000910 0.000310 0.000000
0.000910 0.000320 0.000000
0.000910 0.000329 0.000000
0.000910 0.000340 0.000000
0.000910 0.000351 0.000000
0.000910 0.000359 0.000000
0.000911 0.000369 0.000000
0.000909 0.000381 0.000000
0.000911 0.000391 0.000000
0.000910 0.000398 0.000000
0.000911 0.000410 0.000000
0.000909 0.000422 0.000000
0.000912 0.000429 0.000000
0.000911 0.000438 0.000000
0.000911 0.000451 0.000000
0.000910 0.000463 0.000000
0.000911 0.000468 0.000000
0.000911 0.000478 0.000000
0.000910 0.000491 0.000000
0.000912 0.000502 0.000000
0.000910 0.000508 0.000000
0.000911 0.000519 0.000000
0.000910 0.000531 0.000000
0.000913 0.000539 0.000000
0.000911 0.000550 0.000000
0.000911 0.000561 0.000000
0.000911 0.000569 0.000000
0.000911 0.000580 0.000000
0.000911 0.000590 0.000000
0.000911 0.000600 0.000000
0.000920 0.000300 0.000000
0.000920 0.000310 0.000000
0.000920 0.000320 0.000000
0.000921 0.000331 0.000000
0.000920 0.000340 0.000000
0.000920 0.000349 0.000000
0.000920 0.000360 0.000000
0.000920 0.000372 0.000000
0.000920 0.000379 0.000000
0.000921 0.000389 0.000000
0.000920 0.000401 0.000000
0.000921 0.000412 0.000000
0.000920 0.000418 0.000000
0.000921 0.000429 0.000000
0.000919 0.000442 0.000000
0.000922 0.000451 0.000000
0.000920 0.000458 0.000000
0.000921 0.000470 0.000000
0.000919 0.000484 0.000000
0.000922 0.000487 0.000000
0.000921 0.000498 0.000000
0.000921 0.000511 0.000000
0.000921 0.000522 0.000000
0.000921 0.000528 0.000000
0.000921 0.000540 0.000000
0.000920 0.000551 0.000000
0.000922 0.000559 0.000000
0.000921 0.000570 0.000000
0.000921 0.000580 0.000000
0.000921 0.000590 0.000000
0.000921 0.000600 0.000000
0.000930 0.000300 0.000000
0.000930 0.000310 0.000000
0.000930 0.000320 0.000000
0.000930 0.000330 0.000000
0.000930 0.000339 0.000000
0.000930 0.000351 0.000000
0.000930 0.000361 0.000000
0.000930 0.000368 0.000000
0.000930 0.000380 0.000000
0.000929 0.000392 0.000000
0.000931 0.000399 0.000000
0.000931 0.000409 0.000000
0.000930 0.000420 0.000000
0.000930 0.000432 0.000000
0.000931 0.000438 0.000000
0.000931 0.000449 0.000000
0.000930 0.000461 0.000000
0.000931 0.000472 0.000000
0.000930 0.000477 0.000000
0.000931 0.000490 0.000000
0.000929 0.000503 0.000000
0.000933 0.000508 0.000000
0.000930 0.000519 0.000000
0.000931 0.000531 0.000000
0.000930 0.000541 0.000000
0.000932 0.000549 0.000000
0.000930 0.000561 0.000000
0.000931 0.000570 0.000000
0.000931 0.000580 0.000000
0.000931 0.000590 0.000000
0.000931 0.000600 0.000000
0.000940 0.000300 0.000000
0.000940 0.000310 0.000000
0.000940 0.000320 0.000000
0.000940 0.000330 0.000000
0.000941 0.000341 0.000000
0.000939 0.000349 0.000000
0.000941 0.000359 0.000000
0.000940 0.000371 0.000000
0.000940 0.000381 0.000000
0.000940 0.000388 0.000000
0.000941 0.000400 0.000000
0.000939 0.000412 0.000000
0.000941 0.000421 0.000000
0.000940 0.000428 0.000000
0.000941 0.000440 0.000000
0.000939 0.000453 0.000000
0.000942 0.000458 0.000000
0.000941 0.000469 0.000000
0.000940 0.000481 0.000000
0.000941 0.000492 0.000000
0.000941 0.000497 0.000000
0.000941 0.000510 0.000000
0.000939 0.000522 0.000000
0.000943 0.000530 0.000000
0.000940 0.000539 0.000000
0.000941 0.000551 0.000000
0.000941 0.000560 0.000000
0.000942 0.000569 0.000000
0.000941 0.000580 0.000000
0.000941 0.000590 0.000000
0.000941 0.000600 0.000000
0.000950 0.000300 0.000000
0.000950 0.000310 0.000000
0.000950 0.000320 0.000000
0.000950 0.000330 0.000000
0.000950 0.000339 0.000000
0.000950 0.000350 0.000000
0.000951 0.000361 0.000000
0.000949 0.000370 0.000000
0.000951 0.000379 0.000000
0.000950 0.000390 0.000000
0.000950 0.000402 0.000000
0.000950 0.000408 0.000000
0.000951 0.000419 0.000000
0.000949 0.000431 0.000000
0.000951 0.000442 0.000000
0.000950 0.000447 0.000000
0.000951 0.000460 0.000000
0.000949 0.000472 0.000000
0.000953 0.000480 0.000000
0.000950 0.000488 0.000000
0.000951 0.000501 0.000000
0.000950 0.000512 0.000000
0.000952 0.000518 0.000000
0.000951 0.000529 0.000000
0.000951 0.000542 0.000000
0.000952 0.000550 0.000000
0.000951 0.000559 0.000000
0.000951 0.000571 0.000000
0.000951 0.000580 0.000000
0.000951 0.000590 0.000000
0.000951 0.000600 0.000000
0.000960 0.000300 0.000000
0.000960 0.000310 0.000000
0.000960 0.000320 0.000000
0.000961 0.000331 0.000000
0.000960 0.000340 0.000000
0.000960 0.000350 0.000000
0.000960 0.000359 0.000000
0.000960 0.000370 0.000000
0.000960 0.000381 0.000000
0.000960 0.000391 0.000000
0.000961 0.000398 0.000000
0.000960 0.000410 0.000000
0.000960 0.000423 0.000000
0.000960 0.000428 0.000000
0.000961 0.000438 0.000000
0.000960 0.000451 0.000000
0.000961 0.000462 0.000000
0.000960 0.000468 0.000000
0.000961 0.000479 0.000000
0.000959 0.000492 0.000000
0.000962 0.000501 0.000000
0.000960 0.000508 0.000000
0.000961 0.000521 0.000000
0.000960 0.000532 0.000000
0.000962 0.000538 0.000000
0.000960 0.000550 0.000000
0.000961 0.000561 0.000000
0.000961 0.000570 0.000000
0.000961 0.000580 0.000000
0.000961 0.000590 0.000000
0.000961 0.000600 0.000000
0.000970 0.000300 0.000000
0.000970 0.000310 0.000000
0.000970 0.000321 0.000000
0.000970 0.000329 0.000000
0.000970 0.000340 0.000000
0.000970 0.000350 0.000000
0.000970 0.000360 0.000000
0.000971 0.000371 0.000000
0.000969 0.000379 0.000000
0.000971 0.000389 0.000000
0.000970 0.000401 0.000000
0.000970 0.000411 0.000000
0.000971 0.000417 0.000000
0.000971 0.000430 0.000000
0.000969 0.000443 0.000000
0.000971 0.000449 0.000000
0.000971 0.000459 0.000000
0.000971 0.000470 0.000000
0.000970 0.000483 0.000000
0.000971 0.000488 0.000000
0.000971 0.000498 0.000000
0.000970 0.000511 0.000000
0.000971 0.000521 0.000000
0.000971 0.000528 0.000000
0.000971 0.000540 0.000000
0.000970 0.000552 0.000000
0.000972 0.000559 0.000000
0.000970 0.000570 0.000000
0.000971 0.000580 0.000000
0.000971 0.000590 0.000000
0.000971 0.000600 0.000000
0.000980 0.000300 0.000000
0.000980 0.000310 0.000000
0.000980 0.000319 0.000000
0.000980 0.000331 0.000000
0.000980 0.000341 0.000000
0.000980 0.000350 0.000000
0.000980 0.000360 0.000000
0.000980 0.000369 0.000000
0.000980 0.000380 0.000000
0.000981 0.000392 0.000000
0.000979 0.000399 0.000000
0.000981 0.000409 0.000000
0.000979 0.000421 0.000000
0.000981 0.000431 0.000000
0.000980 0.000438 0.000000
0.000981 0.000450 0.000000
0.000979 0.000462 0.000000
0.000981 0.000471 0.000000
0.000980 0.000478 0.000000
0.000981 0.000490 0.000000
0.000979 0.000504 0.000000
0.000982 0.000508 0.000000
0.000981 0.000518 0.000000
0.000981 0.000531 0.000000
0.000980 0.000542 0.000000
0.000982 0.000548 0.000000
0.000980 0.000561 0.000000
0.000981 0.000571 0.000000
0.000981 0.000580 0.000000
0.000981 0.000590 0.000000
0.000981 0.000600 0.000000
0.000990 0.000300 0.000000
0.000990 0.000310 0.000000
0.000990 0.000321 0.000000
0.000990 0.000330 0.000000
0.000990 0.000339 0.000000
0.000990 0.000350 0.000000
0.000990 0.000361 0.000000
0.000990 0.000370 0.000000
0.000990 0.000380 0.000000
0.000990 0.000389 0.000000
0.000990 0.000400 0.000000
0.000990 0.000412 0.000000
0.000990 0.000419 0.000000
0.000991 0.000429 0.000000
0.000990 0.000440 0.000000
0.000990 0.000452 0.000000
0.000990 0.000458 0.000000
0.000991 0.000469 0.000000
0.000989 0.000481 0.000000
0.000991 0.000492 0.000000
0.000990 0.000497 0.000000
0.000991 0.000510 0.000000
0.000989 0.000523 0.000000
0.000992 0.000528 0.000000
0.000991 0.000539 0.000000
0.000991 0.000552 0.000000
0.000991 0.000561 0.000000
0.000991 0.000569 0.000000
0.000991 0.000580 0.000000
0.000991 0.000590 0.000000
0.000991 0.000600 0.000000
0.001000 0.000300 0.000000
0.001000 0.000310 0.000000
0.001000 0.000320 0.000000
0.001000 0.000330 0.000000
0.001000 0.000341 0.000000
0.001000 0.000350 0.000000
0.001000 0.000359 0.000000
0.001000 0.000369 0.000000
0.001000 0.000380 0.000000
0.001000 0.000391 0.000000
0.001000 0.000401 0.000000
0.001000 0.000408 0.000000
0.001000 0.000420 0.000000
0.001000 0.000431 0.000000
0.001000 0.000441 0.000000
0.001001 0.000448 0.000000
0.001000 0.000460 0.000000
0.001000 0.000473 0.000000
0.001001 0.000478 0.000000
0.001001 0.000488 0.000000
0.001000 0.000501 0.000000
0.001000 0.000512 0.000000
0.001001 0.000517 0.000000
0.001001 0.000531 0.000000
0.001000 0.000543 0.000000
0.001002 0.000548 0.000000
0.001001 0.000559 0.000000
0.001001 0.000571 0.000000
0.001001 0.000580 0.000000
0.001001 0.000590 0.000000
0.001001 0.000600 0.000000
0.001010 0.000300 0.000000
0.001010 0.000310 0.000000
0.001010 0.000320 0.000000
0.001010 0.000331 0.000000
0.001010 0.000339 0.000000
0.001010 0.000349 0.000000
0.001011 0.000361 0.000000
0.001010 0.000370 0.000000
0.001011 0.000380 0.000000
0.001010 0.000389 0.000000
0.001010 0.000399 0.000000
0.001010 0.000411 0.000000
0.001011 0.000421 0.000000
0.001010 0.000429 0.000000
0.001011 0.000439 0.000000
0.001009 0.000452 0.000000
0.001011 0.000461 0.000000
0.001011 0.000467 0.000000
0.001011 0.000480 0.000000
0.001010 0.000493 0.000000
0.001011 0.000499 0.000000
0.001011 0.000509 0.000000
0.001011 0.000521 0.000000
0.001010 0.000532 0.000000
0.001012 0.000537 0.000000
0.001011 0.000550 0.000000
0.001011 0.000562 0.000000
0.001011 0.000569 0.000000
0.001011 0.000580 0.000000
0.001011 0.000590 0.000000
0.001011 0.000600 0.000000
0.001020 0.000300 0.000000
0.001020 0.000310 0.000000
0.001020 0.000320 0.000000
0.001020 0.000329 0.000000
0.001020 0.000340 0.000000
0.001020 0.000351 0.000000
0.001020 0.000359 0.000000
0.001020 0.000369 0.000000
0.001020 0.000380 0.000000
0.001020 0.000391 0.000000
0.001021 0.000401 0.000000
0.001019 0.000409 0.000000
0.001021 0.000419 0.000000
0.001020 0.000431 0.000000
0.001021 0.000442 0.000000
0.001020 0.000449 0.000000
0.001021 0.000459 0.000000
0.001020 0.000471 0.000000
0.001021 0.000481 0.000000
0.001020 0.000488 0.000000
0.001021 0.000500 0.000000
0.001019 0.000512 0.000000
0.001022 0.000520 0.000000
0.001021 0.000529 0.000000
0.001021 0.000541 0.000000
0.001020 0.000552 0.000000
0.001022 0.000558 0.000000
0.001020 0.000570 0.000000
0.001021 0.000581 0.000000
0.001021 0.000590 0.000000
0.001021 0.000600 0.000000
0.001030 0.000300 0.000000
0.001030 0.000310 0.000000
0.001030 0.000320 0.000000
0.001030 0.000331 0.000000
0.001030 0.000341 0.000000
0.001031 0.000349 0.000000
0.001030 0.000360 0.000000
0.001030 0.000371 0.000000
0.001030 0.000380 0.000000
0.001030 0.000389 0.000000
0.001030 0.000399 0.000000
0.001030 0.000411 0.000000
0.001031 0.000421 0.000000
0.001030 0.000430 0.000000
0.001031 0.000438 0.000000
0.001030 0.000450 0.000000
0.001031 0.000462 0.000000
0.001029 0.000469 0.000000
0.001031 0.000479 0.000000
0.001030 0.000490 0.000000
0.001030 0.000503 0.000000
0.001031 0.000508 0.000000
0.001031 0.000519 0.000000
0.001030 0.000531 0.000000
0.001031 0.000540 0.000000
0.001031 0.000548 0.000000
0.001030 0.000561 0.000000
0.001031 0.000571 0.000000
0.001031 0.000579 0.000000
0.001031 0.000590 0.000000
0.001031 0.000600 0.000000
0.001040 0.000300 0.000000
0.001040 0.000310 0.000000
0.001040 0.000320 0.000000
0.001040 0.000330 0.000000
0.001040 0.000339 0.000000
0.001040 0.000351 0.000000
0.001041 0.000361 0.000000
0.001040 0.000368 0.000000
0.001040 0.000380 0.000000
0.001041 0.000391 0.000000
0.001040 0.000400 0.000000
0.001041 0.000410 0.000000
0.001040 0.000419 0.000000
0.001040 0.000430 0.000000
0.001040 0.000441 0.000000
0.001040 0.000451 0.000000
0.001041 0.000458 0.000000
0.001040 0.000470 0.000000
0.001041 0.000481 0.000000
0.001039 0.000491 0.000000
0.001042 0.000498 0.000000
0.001040 0.000510 0.000000
0.001040 0.000523 0.000000
0.001041 0.000528 0.000000
0.001041 0.000539 0.000000
0.001040 0.000551 0.000000
0.001041 0.000560 0.000000
0.001041 0.000569 0.000000
0.001041 0.000581 0.000000
0.001041 0.000590 0.000000
0.001041 0.000600 0.000000
0.001050 0.000300 0.000000
0.001050 0.000310 0.000000
0.001050 0.000320 0.000000
0.001050 0.000330 0.000000
0.001051 0.000341 0.000000
0.001050 0.000349 0.000000
0.001051 0.000359 0.000000
0.001049 0.000371 0.000000
0.001051 0.000381 0.000000
0.001050 0.000389 0.000000
0.001050 0.000399 0.000000
0.001050 0.000411 0.000000
0.001050 0.000421 0.000000
0.001051 0.000431 0.000000
0.001049 0.000439 0.000000
0.001051 0.000449 0.000000
0.001050 0.000461 0.000000
0.001051 0.000472 0.000000
0.001050 0.000478 0.000000
0.001051 0.000489 0.000000
0.001050 0.000502 0.000000
0.001051 0.000512 0.000000
0.001051 0.000517 0.000000
0.001051 0.000530 0.000000
0.001050 0.000543 0.000000
0.001052 0.000548 0.000000
0.001050 0.000559 0.000000
0.001051 0.000571 0.000000
0.001051 0.000580 0.000000
0.001051 0.000590 0.000000
0.001051 0.000600 0.000000
0.001060 0.000300 0.000000
0.001060 0.000310 0.000000
0.001060 0.000320 0.000000
0.001060 0.000330 0.000000
0.001060 0.000339 0.000000
0.001060 0.000350 0.000000
0.001060 0.000362 0.000000
0.001060 0.000369 0.000000
0.001061 0.000379 0.000000
0.001060 0.000391 0.000000
0.001061 0.000401 0.000000
0.001060 0.000409 0.000000
0.001060 0.000419 0.000000
0.001060 0.000429 0.000000
0.001060 0.000441 0.000000
0.001061 0.000451 0.000000
0.001059 0.000460 0.000000
0.001061 0.000469 0.000000
0.001060 0.000481 0.000000
0.001061 0.000492 0.000000
0.001060 0.000498 0.000000
0.001062 0.000509 0.000000
0.001060 0.000522 0.000000
0.001061 0.000532 0.000000
0.001061 0.000537 0.000000
0.001061 0.000550 0.000000
0.001060 0.000562 0.000000
0.001061 0.000569 0.000000
0.001061 0.000580 0.000000
0.001061 0.000590 0.000000
0.001061 0.000600 0.000000
0.001070 0.000300 0.000000
0.001070 0.000310 0.000000
0.001070 0.000320 0.000000
0.001070 0.000330 0.000000
0.001070 0.000341 0.000000
0.001071 0.000351 0.000000
0.001070 0.000359 0.000000
0.001071 0.000370 0.000000
0.001069 0.000381 0.000000
0.001071 0.000390 0.000000
0.001070 0.000399 0.000000
0.001070 0.000410 0.000000
0.001071 0.000421 0.000000
0.001070 0.000430 0.000000
0.001071 0.000439 0.000000
0.001070 0.000449 0.000000
0.001070 0.000460 0.000000
0.001071 0.000471 0.000000
0.001070 0.000480 0.000000
0.001071 0.000489 0.000000
0.001070 0.000500 0.000000
0.001071 0.000512 0.000000
0.001070 0.000519 0.000000
0.001072 0.000528 0.000000
0.001070 0.000541 0.000000
0.001070 0.000551 0.000000
0.001071 0.000558 0.000000
0.001071 0.000570 0.000000
0.001071 0.000581 0.000000
0.001071 0.000590 0.000000
0.001071 0.000600 0.000000
0.001080 0.000300 0.000000
0.001080 0.000310 0.000000
0.001080 0.000320 0.000000
0.001080 0.000330 0.000000
0.001080 0.000339 0.000000
0.001080 0.000349 0.000000
0.001080 0.000361 0.000000
0.001081 0.000371 0.000000
0.001080 0.000379 0.000000
0.001081 0.000389 0.000000
0.001079 0.000401 0.000000
0.001082 0.000411 0.000000
0.001079 0.000418 0.000000
0.001081 0.000429 0.000000
0.001080 0.000441 0.000000
0.001080 0.000451 0.000000
0.001081 0.000460 0.000000
0.001080 0.000469 0.000000
0.001081 0.000480 0.000000
0.001080 0.000491 0.000000
0.001080 0.000501 0.000000
0.001081 0.000508 0.000000
0.001081 0.000520 0.000000
0.001080 0.000533 0.000000
0.001080 0.000539 0.000000
0.001082 0.000549 0.000000
0.001080 0.000561 0.000000
0.001081 0.000571 0.000000
0.001081 0.000579 0.000000
0.001081 0.000590 0.000000
0.001081 0.000600 0.000000
0.001090 0.000300 0.000000
0.001090 0.000310 0.000000
0.001090 0.000320 0.000000
0.001091 0.000330 0.000000
0.001089 0.000341 0.000000
0.001091 0.000351 0.000000
0.001090 0.000359 0.000000
0.001090 0.000369 0.000000
0.001090 0.000380 0.000000
0.001090 0.000392 0.000000
0.001090 0.000399 0.000000
0.001091 0.000409 0.000000
0.001089 0.000421 0.000000
0.001091 0.000432 0.000000
0.001090 0.000438 0.000000
0.001091 0.000449 0.000000
0.001089 0.000460 0.000000
0.001091 0.000471 0.000000
0.001091 0.000481 0.000000
0.001090 0.000490 0.000000
0.001091 0.000499 0.000000
0.001090 0.000511 0.000000
0.001090 0.000522 0.000000
0.001091 0.000528 0.000000
0.001091 0.000539 0.000000
0.001090 0.000552 0.000000
0.001091 0.000559 0.000000
0.001091 0.000569 0.000000
0.001091 0.000581 0.000000
0.001091 0.000590 0.000000
0.001091 0.000600 0.000000
0.001100 0.000300 0.000000
0.001100 0.000310 0.000000
0.001100 0.000320 0.000000
0.001100 0.000330 0.000000
0.001100 0.000340 0.000000
0.001100 0.000349 0.000000
0.001100 0.000360 0.000000
0.001101 0.000371 0.000000
0.001100 0.000380 0.000000
0.001100 0.000389 0.000000
0.001100 0.000400 0.000000
0.001099 0.000412 0.000000
0.001101 0.000419 0.000000
0.001101 0.000428 0.000000
0.001100 0.000441 0.000000
0.001101 0.000452 0.000000
0.001100 0.000459 0.000000
0.001101 0.000470 0.000000
0.001099 0.000479 0.000000
0.001101 0.000490 0.000000
0.001101 0.000501 0.000000
0.001100 0.000510 0.000000
0.001101 0.000519 0.000000
0.001100 0.000531 0.000000
0.001100 0.000542 0.000000
0.001101 0.000548 0.000000
0.001101 0.000560 0.000000
0.001100 0.000571 0.000000
0.001101 0.000579 0.000000
0.001101 0.000590 0.000000
0.001101 0.000600 0.000000
0.001110 0.000300 0.000000
0.001110 0.000310 0.000000
0.001110 0.000320 0.000000
0.001110 0.000330 0.000000
0.001111 0.000341 0.000000
0.001109 0.000351 0.000000
0.001111 0.000360 0.000000
0.001109 0.000369 0.000000
0.001111 0.000380 0.000000
0.001110 0.000391 0.000000
0.001111 0.000401 0.000000
0.001110 0.000408 0.000000
0.001111 0.000420 0.000000
0.001108 0.000432 0.000000
0.001113 0.000439 0.000000
0.001109 0.000448 0.000000
0.001111 0.000460 0.000000
0.001110 0.000470 0.000000
0.001110 0.000480 0.000000
0.001111 0.000491 0.000000
0.001110 0.000500 0.000000
0.001111 0.000510 0.000000
0.001110 0.000520 0.000000
0.001110 0.000531 0.000000
0.001111 0.000538 0.000000
0.001111 0.000551 0.000000
0.001110 0.000561 0.000000
0.001111 0.000569 0.000000
0.001111 0.000580 0.000000
0.001110 0.000590 0.000000
0.001111 0.000600 0.000000
0.001120 0.000300 0.000000
0.001120 0.000310 0.000000
0.001120 0.000320 0.000000
0.001120 0.000330 0.000000
0.001120 0.000340 0.000000
0.001120 0.000349 0.000000
0.001121 0.000360 0.000000
0.001119 0.000371 0.000000
0.001121 0.000381 0.000000
0.001119 0.000389 0.000000
0.001121 0.000399 0.000000
0.001120 0.000411 0.000000
0.001121 0.000421 0.000000
0.001119 0.000428 0.000000
0.001120 0.000440 0.000000
0.001119 0.000452 0.000000
0.001123 0.000460 0.000000
0.001119 0.000469 0.000000
0.001121 0.000480 0.000000
0.001119 0.000490 0.000000
0.001121 0.000500 0.000000
0.001121 0.000511 0.000000
0.001120 0.000520 0.000000
0.001121 0.000529 0.000000
0.001120 0.000541 0.000000
0.001120 0.000551 0.000000
0.001122 0.000558 0.000000
0.001120 0.000571 0.000000
0.001120 0.000580 0.000000
0.001121 0.000590 0.000000
0.001121 0.000600 0.000000
0.001130 0.000300 0.000000
0.001130 0.000310 0.000000
0.001130 0.000320 0.000000
0.001130 0.000330 0.000000
0.001130 0.000340 0.000000
0.001130 0.000351 0.000000
0.001130 0.000360 0.000000
0.001130 0.000369 0.000000
0.001130 0.000379 0.000000
0.001129 0.000391 0.000000
0.001131 0.000401 0.000000
0.001129 0.000410 0.000000
0.001131 0.000419 0.000000
0.001130 0.000430 0.000000
0.001131 0.000441 0.000000
0.001130 0.000448 0.000000
0.001130 0.000459 0.000000
0.001129 0.000471 0.000000
0.001132 0.000481 0.000000
0.001129 0.000490 0.000000
0.001132 0.000500 0.000000
0.001129 0.000509 0.000000
0.001132 0.000519 0.000000
0.001130 0.000531 0.000000
0.001131 0.000540 0.000000
0.001131 0.000549 0.000000
0.001130 0.000561 0.000000
0.001131 0.000570 0.000000
0.001131 0.000579 0.000000
0.001131 0.000590 0.000000
0.001131 0.000600 0.000000
0.001140 0.000300 0.000000
0.001140 0.000310 0.000000
0.001140 0.000320 0.000000
0.001140 0.000330 0.000000
0.001140 0.000341 0.000000
0.001140 0.000349 0.000000
0.001140 0.000360 0.000000
0.001140 0.000371 0.000000
0.001140 0.000381 0.000000
0.001141 0.000390 0.000000
0.001140 0.000399 0.000000
0.001140 0.000410 0.000000
0.001141 0.000421 0.000000
0.001139 0.000431 0.000000
0.001141 0.000439 0.000000
0.001140 0.000450 0.000000
0.001141 0.000462 0.000000
0.001140 0.000469 0.000000
0.001141 0.000479 0.000000
0.001140 0.000490 0.000000
0.001141 0.000500 0.000000
0.001140 0.000510 0.000000
0.001141 0.000521 0.000000
0.001139 0.000529 0.000000
0.001142 0.000540 0.000000
0.001140 0.000551 0.000000
0.001141 0.000560 0.000000
0.001141 0.000569 0.000000
0.001141 0.000581 0.000000
0.001141 0.000590 0.000000
0.001141 0.000600 0.000000
0.001150 0.000300 0.000000
0.001150 0.000310 0.000000
0.001150 0.000320 0.000000
0.001150 0.000331 0.000000
0.001150 0.000339 0.000000
0.001150 0.000350 0.000000
0.001150 0.000361 0.000000
0.001150 0.000369 0.000000
0.001150 0.000379 0.000000
0.001150 0.000390 0.000000
0.001150 0.000401 0.000000
0.001151 0.000411 0.000000
0.001150 0.000419 0.000000
0.001151 0.000429 0.000000
0.001150 0.000441 0.000000
0.001150 0.000451 0.000000
0.001151 0.000458 0.000000
0.001150 0.000470 0.000000
0.001150 0.000481 0.000000
0.001151 0.000490 0.000000
0.001150 0.000500 0.000000
0.001151 0.000510 0.000000
0.001150 0.000519 0.000000
0.001151 0.000530 0.000000
0.001151 0.000541 0.000000
0.001150 0.000549 0.000000
0.001151 0.000560 0.000000
0.001150 0.000571 0.000000
0.001151 0.000579 0.000000
0.001151 0.000590 0.000000
0.001151 0.000600 0.000000
0.001160 0.000300 0.000000
0.001160 0.000310 0.000000
0.001160 0.000320 0.000000
0.001160 0.000329 0.000000
0.001160 0.000340 0.000000
0.001160 0.000351 0.000000
0.001160 0.000359 0.000000
0.001160 0.000370 0.000000
0.001161 0.000381 0.000000
0.001159 0.000390 0.000000
0.001160 0.000399 0.000000
0.001160 0.000409 0.000000
0.001160 0.000421 0.000000
0.001161 0.000431 0.000000
0.001159 0.000439 0.000000
0.001161 0.000449 0.000000
0.001160 0.000461 0.000000
0.001161 0.000471 0.000000
0.001160 0.000478 0.000000
0.001160 0.000490 0.000000
0.001160 0.000501 0.000000
0.001161 0.000510 0.000000
0.001161 0.000520 0.000000
0.001161 0.000530 0.000000
0.001160 0.000539 0.000000
0.001161 0.000550 0.000000
0.001160 0.000561 0.000000
0.001161 0.000569 0.000000
0.001161 0.000580 0.000000
0.001160 0.000590 0.000000
0.001161 0.000600 0.000000
0.001170 0.000300 0.000000
0.001170 0.000310 0.000000
0.001170 0.000320 0.000000
0.001170 0.000331 0.000000
0.001170 0.000340 0.000000
0.001170 0.000349 0.000000
0.001170 0.000360 0.000000
0.001170 0.000371 0.000000
0.001170 0.000379 0.000000
0.001170 0.000389 0.000000
0.001170 0.000401 0.000000
0.001170 0.000411 0.000000
0.001171 0.000419 0.000000
0.001170 0.000429 0.000000
0.001170 0.000440 0.000000
0.001171 0.000451 0.000000
0.001169 0.000460 0.000000
0.001171 0.000469 0.000000
0.001170 0.000480 0.000000
0.001171 0.000491 0.000000
0.001170 0.000499 0.000000
0.001171 0.000509 0.000000
0.001169 0.000520 0.000000
0.001171 0.000530 0.000000
0.001171 0.000540 0.000000
0.001170 0.000551 0.000000
0.001170 0.000559 0.000000
0.001171 0.000570 0.000000
0.001170 0.000580 0.000000
0.001171 0.000590 0.000000
0.001171 0.000600 0.000000
0.001180 0.000300 0.000000
0.001180 0.000310 0.000000
0.001180 0.000321 0.000000
0.001180 0.000329 0.000000
0.001180 0.000339 0.000000
0.001180 0.000351 0.000000
0.001180 0.000361 0.000000
0.001181 0.000369 0.000000
0.001180 0.000380 0.000000
0.001180 0.000391 0.000000
0.001180 0.000399 0.000000
0.001180 0.000409 0.000000
0.001180 0.000421 0.000000
0.001179 0.000431 0.000000
0.001181 0.000440 0.000000
0.001179 0.000449 0.000000
0.001181 0.000459 0.000000
0.001180 0.000471 0.000000
0.001180 0.000481 0.000000
0.001181 0.000488 0.000000
0.001180 0.000500 0.000000
0.001180 0.000512 0.000000
0.001181 0.000519 0.000000
0.001180 0.000530 0.000000
0.001180 0.000540 0.000000
0.001181 0.000550 0.000000
0.001181 0.000560 0.000000
0.001180 0.000570 0.000000
0.001181 0.000579 0.000000
0.001180 0.000590 0.000000
0.001181 0.000600 0.000000
0.001190 0.000300 0.000000
0.001190 0.000310 0.000000
0.001190 0.000320 0.000000
0.001190 0.000330 0.000000
0.001190 0.000341 0.000000
0.001190 0.000349 0.000000
0.001190 0.000359 0.000000
0.001190 0.000371 0.000000
0.001190 0.000381 0.000000
0.001190 0.000389 0.000000
0.001190 0.000400 0.000000
0.001190 0.000411 0.000000
0.001190 0.000419 0.000000
0.001190 0.000429 0.000000
0.001190 0.000440 0.000000
0.001190 0.000451 0.000000
0.001191 0.000461 0.000000
0.001189 0.000469 0.000000
0.001191 0.000479 0.000000
0.001189 0.000491 0.000000
0.001191 0.000501 0.000000
0.001190 0.000508 0.000000
0.001191 0.000520 0.000000
0.001190 0.000531 0.000000
0.001191 0.000539 0.000000
0.001190 0.000550 0.000000
0.001190 0.000560 0.000000
0.001191 0.000569 0.000000
0.001191 0.000581 0.000000
0.001191 0.000590 0.000000
0.001191 0.000600 0.000000
0.001200 0.000300 0.000000
0.001200 0.000310 0.000000
0.001200 0.000320 0.000000
0.001200 0.000330 0.000000
0.001200 0.000339 0.000000
0.001200 0.000350 0.000000
0.001200 0.000361 0.000000
0.001200 0.000369 0.000000
0.001201 0.000379 0.000000
0.001200 0.000391 0.000000
0.001200 0.000401 0.000000
0.001200 0.000409 0.000000
0.001200 0.000420 0.000000
0.001201 0.000431 0.000000
0.001200 0.000441 0.000000
0.001201 0.000449 0.000000
0.001200 0.000459 0.000000
0.001200 0.000470 0.000000
0.001201 0.000481 0.000000
0.001200 0.000489 0.000000
0.001201 0.000499 0.000000
0.001200 0.000511 0.000000
0.001201 0.000521 0.000000
0.001200 0.000529 0.000000
0.001201 0.000540 0.000000
0.001200 0.000551 0.000000
0.001201 0.000560 0.000000
0.001200 0.000570 0.000000
0.001200 0.000580 0.000000
0.001201 0.000590 0.000000
0.001201 0.000600 0.000000
0.001210 0.000300 0.000000
0.001210 0.000310 0.000000
0.001210 0.000320 0.000000
0.001210 0.000330 0.000000
0.001210 0.000341 0.000000
0.001210 0.000351 0.000000
0.001210 0.000359 0.000000
0.001210 0.000370 0.000000
0.001210 0.000381 0.000000
0.001210 0.000390 0.000000
0.001211 0.000399 0.000000
0.001210 0.000410 0.000000
0.001210 0.000421 0.000000
0.001210 0.000429 0.000000
0.001210 0.000439 0.000000
0.001210 0.000451 0.000000
0.001210 0.000461 0.000000
0.001211 0.000469 0.000000
0.001209 0.000479 0.000000
0.001211 0.000490 0.000000
0.001210 0.000501 0.000000
0.001210 0.000510 0.000000
0.001211 0.000519 0.000000
0.001210 0.000530 0.000000
0.001210 0.000541 0.000000
0.001211 0.000549 0.000000
0.001210 0.000560 0.000000
0.001210 0.000570 0.000000
0.001211 0.000580 0.000000
0.001210 0.000590 0.000000
0.001211 0.000600 0.000000
0.001220 0.000300 0.000000
0.001220 0.000310 0.000000
0.001220 0.000320 0.000000
0.001221 0.000331 0.000000
0.001220 0.000340 0.000000
0.001220 0.000349 0.000000
0.001220 0.000360 0.000000
0.001220 0.000371 0.000000
0.001220 0.000379 0.000000
0.001220 0.000390 0.000000
0.001220 0.000401 0.000000
0.001220 0.000411 0.000000
0.001221 0.000419 0.000000
0.001220 0.000430 0.000000
0.001221 0.000441 0.000000
0.001220 0.000449 0.000000
0.001220 0.000459 0.000000
0.001220 0.000470 0.000000
0.001220 0.000481 0.000000
0.001221 0.000491 0.000000
0.001220 0.000499 0.000000
0.001221 0.000509 0.000000
0.001219 0.000521 0.000000
0.001221 0.000530 0.000000
0.001220 0.000539 0.000000
0.001221 0.000551 0.000000
0.001220 0.000561 0.000000
0.001221 0.000569 0.000000
0.001220 0.000580 0.000000
0.001220 0.000590 0.000000
0.001221 0.000600 0.000000
0.001230 0.000300 0.000000
0.001230 0.000310 0.000000
0.001230 0.000320 0.000000
0.001230 0.000330 0.000000
0.001230 0.000340 0.000000
0.001230 0.000351 0.000000
0.001230 0.000360 0.000000
0.001230 0.000369 0.000000
0.001230 0.000380 0.000000
0.001230 0.000392 0.000000
0.001230 0.000399 0.000000
0.001231 0.000409 0.000000
0.001229 0.000421 0.000000
0.001230 0.000431 0.000000
0.001230 0.000438 0.000000
0.001230 0.000450 0.000000
0.001231 0.000461 0.000000
0.001230 0.000470 0.000000
0.001231 0.000479 0.000000
0.001230 0.000489 0.000000
0.001230 0.000500 0.000000
0.001231 0.000511 0.000000
0.001230 0.000519 0.000000
0.001231 0.000529 0.000000
0.001230 0.000541 0.000000
0.001231 0.000550 0.000000
0.001230 0.000559 0.000000
0.001230 0.000571 0.000000
0.001230 0.000580 0.000000
0.001231 0.000590 0.000000
0.001230 0.000600 0.000000
0.001240 0.000300 0.000000
0.001240 0.000310 0.000000
0.001240 0.000320 0.000000
0.001240 0.000330 0.000000
0.001241 0.000340 0.000000
0.001240 0.000349 0.000000
0.001240 0.000360 0.000000
0.001240 0.000371 0.000000
0.001240 0.000381 0.000000
0.001241 0.000388 0.000000
0.001240 0.000400 0.000000
0.001240 0.000412 0.000000
0.001240 0.000419 0.000000
0.001241 0.000429 0.000000
0.001240 0.000441 0.000000
0.001241 0.000451 0.000000
0.001240 0.000459 0.000000
0.001240 0.000470 0.000000
0.001240 0.000481 0.000000
0.001240 0.000491 0.000000
0.001241 0.000500 0.000000
0.001239 0.000509 0.000000
0.001241 0.000520 0.000000
0.001239 0.000532 0.000000
0.001241 0.000539 0.000000
0.001241 0.000550 0.000000
0.001240 0.000561 0.000000
0.001241 0.000570 0.000000
0.001241 0.000579 0.000000
0.001240 0.000590 0.000000
0.001240 0.000600 0.000000
0.001250 0.000300 0.000000
0.001250 0.000310 0.000000
0.001250 0.000320 0.000000
0.001250 0.000330 0.000000
0.001250 0.000340 0.000000
0.001250 0.000350 0.000000
0.001251 0.000361 0.000000
0.001249 0.000369 0.000000
0.001251 0.000379 0.000000
0.001250 0.000391 0.000000
0.001251 0.000401 0.000000
0.001250 0.000408 0.000000
0.001250 0.000420 0.000000
0.001250 0.000432 0.000000
0.001250 0.000439 0.000000
0.001251 0.000449 0.000000
0.001250 0.000461 0.000000
0.001251 0.000471 0.000000
0.001250 0.000479 0.000000
0.001251 0.000489 0.000000
0.001250 0.000500 0.000000
0.001250 0.000511 0.000000
0.001251 0.000521 0.000000
0.001250 0.000529 0.000000
0.001251 0.000540 0.000000
0.001249 0.000551 0.000000
0.001251 0.000559 0.000000
0.001250 0.000570 0.000000
0.001251 0.000581 0.000000
0.001250 0.000590 0.000000
0.001250 0.000600 0.000000
0.001260 0.000300 0.000000
0.001260 0.000310 0.000000
0.001260 0.000320 0.000000
0.001260 0.000330 0.000000
0.001260 0.000340 0.000000
0.001260 0.000350 0.000000
0.001260 0.000360 0.000000
0.001260 0.000370 0.000000
0.001261 0.000381 0.000000
0.001259 0.000389 0.000000
0.001261 0.000399 0.000000
0.001260 0.000411 0.000000
0.001260 0.000421 0.000000
0.001260 0.000428 0.000000
0.001261 0.000440 0.000000
0.001259 0.000451 0.000000
0.001261 0.000460 0.000000
0.001260 0.000469 0.000000
0.001260 0.000480 0.000000
0.001261 0.000491 0.000000
0.001260 0.000500 0.000000
0.001261 0.000509 0.000000
0.001260 0.000519 0.000000
0.001261 0.000530 0.000000
0.001260 0.000541 0.000000
0.001261 0.000549 0.000000
0.001260 0.000561 0.000000
0.001260 0.000571 0.000000
0.001260 0.000579 0.000000
0.001260 0.000590 0.000000
0.001260 0.000600 0.000000
0.001270 0.000300 0.000000
0.001270 0.000310 0.000000
0.001270 0.000320 0.000000
0.001270 0.000329 0.000000
0.001270 0.000340 0.000000
0.001270 0.000350 0.000000
0.001270 0.000360 0.000000
0.001270 0.000370 0.000000
0.001270 0.000379 0.000000
0.001270 0.000390 0.000000
0.001270 0.000401 0.000000
0.001270 0.000409 0.000000
0.001271 0.000419 0.000000
0.001270 0.000430 0.000000
0.001270 0.000441 0.000000
0.001270 0.000449 0.000000
0.001271 0.000460 0.000000
0.001270 0.000471 0.000000
0.001271 0.000481 0.000000
0.001270 0.000489 0.000000
0.001270 0.000500 0.000000
0.001270 0.000511 0.000000
0.001270 0.000521 0.000000
0.001271 0.000530 0.000000
0.001270 0.000539 0.000000
0.001271 0.000550 0.000000
0.001270 0.000560 0.000000
0.001271 0.000569 0.000000
0.001270 0.000581 0.000000
0.001270 0.000590 0.000000
0.001270 0.000600 0.000000
0.001280 0.000300 0.000000
0.001280 0.000310 0.000000
0.001280 0.000320 0.000000
0.001280 0.000331 0.000000
0.001280 0.000340 0.000000
0.001280 0.000350 0.000000
0.001280 0.000360 0.000000
0.001280 0.000370 0.000000
0.001280 0.000380 0.000000
0.001280 0.000391 0.000000
0.001280 0.000399 0.000000
0.001281 0.000410 0.000000
0.001280 0.000421 0.000000
0.001280 0.000430 0.000000
0.001280 0.000439 0.000000
0.001280 0.000450 0.000000
0.001280 0.000461 0.000000
0.001280 0.000469 0.000000
0.001281 0.000479 0.000000
0.001280 0.000491 0.000000
0.001281 0.000501 0.000000
0.001279 0.000509 0.000000
0.001281 0.000519 0.000000
0.001280 0.000530 0.000000
0.001281 0.000541 0.000000
0.001280 0.000551 0.000000
0.001281 0.000560 0.000000
0.001280 0.000570 0.000000
0.001280 0.000580 0.000000
0.001281 0.000590 0.000000
0.001280 0.000600 0.000000
0.001290 0.000300 0.000000
0.001290 0.000310 0.000000
0.001290 0.000320 0.000000
0.001290 0.000329 0.000000
0.001290 0.000340 0.000000
0.001290 0.000351 0.000000
0.001290 0.000360 0.000000
0.001290 0.000370 0.000000
0.001290 0.000380 0.000000
0.001290 0.000390 0.000000
0.001290 0.000400 0.000000
0.001290 0.000411 0.000000
0.001290 0.000419 0.000000
0.001291 0.000429 0.000000
0.001290 0.000441 0.000000
0.001290 0.000451 0.000000
0.001290 0.000458 0.000000
0.001291 0.000470 0.000000
0.001290 0.000482 0.000000
0.001291 0.000489 0.000000
0.001290 0.000499 0.000000
0.001290 0.000511 0.000000
0.001291 0.000521 0.000000
0.001290 0.000530 0.000000
0.001291 0.000540 0.000000
0.001290 0.000549 0.000000
0.001291 0.000560 0.000000
0.001290 0.000570 0.000000
0.001291 0.000580 0.000000
0.001290 0.000590 0.000000
0.001290 0.000600 0.000000
0.001300 0.000300 0.000000
0.001300 0.000310 0.000000
0.001300 0.000320 0.000000
0.001300 0.000330 0.000000
0.001300 0.000341 0.000000
0.001300 0.000349 0.000000
0.001300 0.000360 0.000000
0.001300 0.000371 0.000000
0.001300 0.000380 0.000000
0.001300 0.000390 0.000000
0.001300 0.000400 0.000000
0.001300 0.000409 0.000000
0.001300 0.000420 0.000000
0.001300 0.000431 0.000000
0.001300 0.000439 0.000000
0.001301 0.000449 0.000000
0.001300 0.000461 0.000000
0.001300 0.000471 0.000000
0.001300 0.000479 0.000000
0.001301 0.000490 0.000000
0.001300 0.000501 0.000000
0.001301 0.000510 0.000000
0.001300 0.000519 0.000000
0.001301 0.000530 0.000000
0.001300 0.000541 0.000000
0.001301 0.000551 0.000000
0.001300 0.000561 0.000000
0.001300 0.000569 0.000000
0.001300 0.000580 0.000000
0.001300 0.000590 0.000000
0.001300 0.000600 0.000000
0.001310 0.000300 0.000000
0.001310 0.000310 0.000000
0.001310 0.000320 0.000000
0.001310 0.000330 0.000000
0.001310 0.000339 0.000000
0.001310 0.000350 0.000000
0.001310 0.000361 0.000000
0.001310 0.000369 0.000000
0.001310 0.000380 0.000000
0.001310 0.000390 0.000000
0.001310 0.000400 0.000000
0.001310 0.000410 0.000000
0.001310 0.000420 0.000000
0.001310 0.000429 0.000000
0.001310 0.000440 0.000000
0.001310 0.000452 0.000000
0.001310 0.000459 0.000000
0.001311 0.000469 0.000000
0.001310 0.000480 0.000000
0.001310 0.000491 0.000000
0.001310 0.000499 0.000000
0.001311 0.000510 0.000000
0.001310 0.000521 0.000000
0.001311 0.000531 0.000000
0.001310 0.000539 0.000000
0.001311 0.000549 0.000000
0.001310 0.000559 0.000000
0.001311 0.000571 0.000000
0.001310 0.000580 0.000000
0.001311 0.000590 0.000000
0.001310 0.000600 0.000000
0.001320 0.000300 0.000000
0.001320 0.000310 0.000000
0.001320 0.000320 0.000000
0.001320 0.000330 0.000000
0.001320 0.000341 0.000000
0.001320 0.000351 0.000000
0.001320 0.000359 0.000000
0.001320 0.000370 0.000000
0.001320 0.000381 0.000000
0.001320 0.000390 0.000000
0.001320 0.000400 0.000000
0.001320 0.000410 0.000000
0.001320 0.000420 0.000000
0.001320 0.000430 0.000000
0.001320 0.000441 0.000000
0.001320 0.000449 0.000000
0.001321 0.000460 0.000000
0.001320 0.000471 0.000000
0.001320 0.000480 0.000000
0.001321 0.000489 0.000000
0.001320 0.000500 0.000000
0.001320 0.000512 0.000000
0.001321 0.000519 0.000000
0.001320 0.000529 0.000000
0.001320 0.000541 0.000000
0.001320 0.000551 0.000000
0.001321 0.000561 0.000000
0.001320 0.000570 0.000000
0.001320 0.000579 0.000000
0.001320 0.000590 0.000000
0.001320 0.000600 0.000000
0.001330 0.000300 0.000000
0.001330 0.000310 0.000000
0.001330 0.000320 0.000000
0.001330 0.000331 0.000000
0.001330 0.000340 0.000000
0.001330 0.000349 0.000000
0.001330 0.000361 0.000000
0.001330 0.000371 0.000000
0.001330 0.000379 0.000000
0.001330 0.000390 0.000000
0.001330 0.000401 0.000000
0.001330 0.000410 0.000000
0.001330 0.000420 0.000000
0.001330 0.000430 0.000000
0.001330 0.000440 0.000000
0.001330 0.000450 0.000000
0.001330 0.000461 0.000000
0.001330 0.000469 0.000000
0.001331 0.000479 0.000000
0.001330 0.000491 0.000000
0.001330 0.000501 0.000000
0.001330 0.000508 0.000000
0.001331 0.000520 0.000000
0.001330 0.000532 0.000000
0.001331 0.000539 0.000000
0.001330 0.000549 0.000000
0.001330 0.000559 0.000000
0.001330 0.000570 0.000000
0.001331 0.000581 0.000000
0.001330 0.000590 0.000000
0.001330 0.000600 0.000000
0.001340 0.000300 0.000000
0.001340 0.000310 0.000000
0.001340 0.000320 0.000000
0.001340 0.000330 0.000000
0.001340 0.000340 0.000000
0.001340 0.000351 0.000000
0.001340 0.000359 0.000000
0.001340 0.000369 0.000000
0.001340 0.000381 0.000000
0.001340 0.000391 0.000000
0.001340 0.000399 0.000000
0.001340 0.000410 0.000000
0.001340 0.000421 0.000000
0.001340 0.000430 0.000000
0.001340 0.000440 0.000000
0.001340 0.000450 0.000000
0.001340 0.000459 0.000000
0.001340 0.000470 0.000000
0.001340 0.000482 0.000000
0.001340 0.000489 0.000000
0.001341 0.000499 0.000000
0.001340 0.000511 0.000000
0.001340 0.000521 0.000000
0.001341 0.000528 0.000000
0.001340 0.000540 0.000000
0.001340 0.000551 0.000000
0.001340 0.000560 0.000000
0.001341 0.000570 0.000000
0.001340 0.000579 0.000000
0.001340 0.000590 0.000000
0.001340 0.000600 0.000000
0.001350 0.000300 0.000000
0.001350 0.000310 0.000000
0.001350 0.000320 0.000000
0.001350 0.000330 0.000000
0.001350 0.000340 0.000000
0.001350 0.000349 0.000000
0.001350 0.000360 0.000000
0.001350 0.000371 0.000000
0.001350 0.000379 0.000000
0.001350 0.000389 0.000000
0.001350 0.000401 0.000000
0.001350 0.000411 0.000000
0.001350 0.000419 0.000000
0.001350 0.000430 0.000000
0.001350 0.000441 0.000000
0.001350 0.000450 0.000000
0.001350 0.000460 0.000000
0.001350 0.000471 0.000000
0.001350 0.000479 0.000000
0.001351 0.000490 0.000000
0.001350 0.000502 0.000000
0.001351 0.000509 0.000000
0.001351 0.000519 0.000000
0.001350 0.000531 0.000000
0.001350 0.000541 0.000000
0.001350 0.000549 0.000000
0.001351 0.000559 0.000000
0.001350 0.000570 0.000000
0.001351 0.000581 0.000000
0.001350 0.000590 0.000000
0.001350 0.000600 0.000000
0.001360 0.000300 0.000000
0.001360 0.000310 0.000000
0.001360 0.000320 0.000000
0.001360 0.000331 0.000000
0.001360 0.000340 0.000000
0.001360 0.000350 0.000000
0.001360 0.000360 0.000000
0.001360 0.000369 0.000000
0.001360 0.000380 0.000000
0.001360 0.000391 0.000000
0.001360 0.000399 0.000000
0.001360 0.000409 0.000000
0.001360 0.000421 0.000000
0.001360 0.000431 0.000000
0.001360 0.000439 0.000000
0.001360 0.000450 0.000000
0.001360 0.000461 0.000000
0.001360 0.000470 0.000000
0.001360 0.000480 0.000000
0.001360 0.000491 0.000000
0.001360 0.000499 0.000000
0.001361 0.000510 0.000000
0.001359 0.000521 0.000000
0.001361 0.000530 0.000000
0.001360 0.000539 0.000000
0.001360 0.000551 0.000000
0.001360 0.000561 0.000000
0.001361 0.000569 0.000000
0.001360 0.000580 0.000000
0.001360 0.000590 0.000000
0.001360 0.000600 0.000000
0.001370 0.000300 0.000000
0.001370 0.000310 0.000000
0.001370 0.000321 0.000000
0.001370 0.000329 0.000000
0.001370 0.000340 0.000000
0.001370 0.000351 0.000000
0.001370 0.000360 0.000000
0.001370 0.000370 0.000000
0.001370 0.000380 0.000000
0.001370 0.000389 0.000000
0.001370 0.000400 0.000000
0.001370 0.000411 0.000000
0.001370 0.000419 0.000000
0.001370 0.000429 0.000000
0.001370 0.000441 0.000000
0.001370 0.000451 0.000000
0.001370 0.000459 0.000000
0.001370 0.000470 0.000000
0.001370 0.000481 0.000000
0.001370 0.000489 0.000000
0.001370 0.000500 0.000000
0.001370 0.000511 0.000000
0.001370 0.000519 0.000000
0.001371 0.000530 0.000000
0.001370 0.000541 0.000000
0.001371 0.000550 0.000000
0.001370 0.000559 0.000000
0.001370 0.000571 0.000000
0.001370 0.000580 0.000000
0.001370 0.000590 0.000000
0.001370 0.000600 0.000000
0.001380 0.000300 0.000000
0.001380 0.000310 0.000000
0.001380 0.000319 0.000000
0.001380 0.000331 0.000000
0.001380 0.000341 0.000000
0.001380 0.000349 0.000000
0.001380 0.000360 0.000000
0.001380 0.000371 0.000000
0.001380 0.000380 0.000000
0.001380 0.000390 0.000000
0.001380 0.000400 0.000000
0.001380 0.000409 0.000000
0.001380 0.000420 0.000000
0.001380 0.000431 0.000000
0.001380 0.000439 0.000000
0.001380 0.000449 0.000000
0.001380 0.000461 0.000000
0.001380 0.000471 0.000000
0.001380 0.000479 0.000000
0.001380 0.000490 0.000000
0.001380 0.000501 0.000000
0.001381 0.000509 0.000000
0.001380 0.000520 0.000000
0.001380 0.000531 0.000000
0.001381 0.000539 0.000000
0.001380 0.000550 0.000000
0.001380 0.000561 0.000000
0.001381 0.000570 0.000000
0.001380 0.000579 0.000000
0.001380 0.000590 0.000000
0.001380 0.000600 0.000000
0.001390 0.000300 0.000000
0.001390 0.000310 0.000000
0.001390 0.000321 0.000000
0.001390 0.000330 0.000000
0.001390 0.000339 0.000000
0.001390 0.000351 0.000000
0.001390 0.000361 0.000000
0.001390 0.000369 0.000000
0.001390 0.000380 0.000000
0.001390 0.000391 0.000000
0.001390 0.000400 0.000000
0.001390 0.000410 0.000000
0.001390 0.000420 0.000000
0.001390 0.000429 0.000000
0.001390 0.000440 0.000000
0.001390 0.000452 0.000000
0.001390 0.000459 0.000000
0.001390 0.000469 0.000000
0.001390 0.000481 0.000000
0.001390 0.000491 0.000000
0.001390 0.000499 0.000000
0.001390 0.000510 0.000000
0.001390 0.000521 0.000000
0.001390 0.000529 0.000000
0.001391 0.000540 0.000000
0.001390 0.000551 0.000000
0.001391 0.000559 0.000000
0.001390 0.000570 0.000000
0.001391 0.000581 0.000000
0.001390 0.000590 0.000000
0.001390 0.000600 0.000000
0.001400 0.000300 0.000000
0.001400 0.000310 0.000000
0.001400 0.000320 0.000000
0.001400 0.000330 0.000000
0.001400 0.000341 0.000000
0.001400 0.000350 0.000000
0.001400 0.000359 0.000000
0.001400 0.000371 0.000000
0.001400 0.000381 0.000000
0.001400 0.000389 0.000000
0.001400 0.000400 0.000000
0.001400 0.000411 0.000000
0.001400 0.000420 0.000000
0.001400 0.000430 0.000000
0.001400 0.000440 0.000000
0.001400 0.000449 0.000000
0.001400 0.000460 0.000000
0.001400 0.000471 0.000000
0.001400 0.000479 0.000000
0.001400 0.000489 0.000000
0.001400 0.000501 0.000000
0.001400 0.000511 0.000000
0.001401 0.000519 0.000000
0.001400 0.000530 0.000000
0.001400 0.000541 0.000000
0.001401 0.000549 0.000000
0.001400 0.000560 0.000000
0.001401 0.000571 0.000000
0.001400 0.000580 0.000000
0.001400 0.000590 0.000000
0.001400 0.000600 0.000000
0.001410 0.000300 0.000000
0.001410 0.000310 0.000000
0.001410 0.000320 0.000000
0.001410 0.000330 0.000000
0.001410 0.000339 0.000000
0.001410 0.000350 0.000000
0.001410 0.000361 0.000000
0.001410 0.000369 0.000000
0.001410 0.000379 0.000000
0.001410 0.000391 0.000000
0.001410 0.000401 0.000000
0.001410 0.000409 0.000000
0.001410 0.000420 0.000000
0.001410 0.000430 0.000000
0.001410 0.000440 0.000000
0.001410 0.000450 0.000000
0.001410 0.000460 0.000000
0.001410 0.000469 0.000000
0.001410 0.000480 0.000000
0.001410 0.000491 0.000000
0.001410 0.000499 0.000000
0.001410 0.000509 0.000000
0.001410 0.000521 0.000000
0.001410 0.000531 0.000000
0.001411 0.000538 0.000000
0.001410 0.000550 0.000000
0.001410 0.000561 0.000000
0.001410 0.000569 0.000000
0.001411 0.000580 0.000000
0.001410 0.000590 0.000000
0.001410 0.000600 0.000000
0.001420 0.000300 0.000000
0.001420 0.000310 0.000000
0.001420 0.000320 0.000000
0.001420 0.000330 0.000000
0.001420 0.000340 0.000000
0.001420 0.000350 0.000000
0.001420 0.000359 0.000000
0.001420 0.000370 0.000000
0.001420 0.000381 0.000000
0.001420 0.000390 0.000000
0.001420 0.000399 0.000000
0.001420 0.000410 0.000000
0.001420 0.000421 0.000000
0.001420 0.000429 0.000000
0.001420 0.000440 0.000000
0.001420 0.000450 0.000000
0.001420 0.000460 0.000000
0.001420 0.000470 0.000000
0.001420 0.000480 0.000000
0.001420 0.000489 0.000000
0.001420 0.000500 0.000000
0.001420 0.000511 0.000000
0.001420 0.000519 0.000000
0.001420 0.000529 0.000000
0.001420 0.000541 0.000000
0.001420 0.000551 0.000000
0.001421 0.000559 0.000000
0.001420 0.000570 0.000000
0.001420 0.000580 0.000000
0.001420 0.000590 0.000000
0.001420 0.000600 0.000000
0.001430 0.000300 0.000000
0.001430 0.000310 0.000000
0.001430 0.000320 0.000000
0.001430 0.000330 0.000000
0.001430 0.000340 0.000000
0.001430 0.000350 0.000000
0.001430 0.000360 0.000000
0.001430 0.000371 0.000000
0.001430 0.000379 0.000000
0.001430 0.000390 0.000000
0.001430 0.000401 0.000000
0.001430 0.000410 0.000000
0.001430 0.000419 0.000000
0.001430 0.000430 0.000000
0.001430 0.000441 0.000000
0.001430 0.000450 0.000000
0.001430 0.000460 0.000000
0.001430 0.000470 0.000000
0.001430 0.000480 0.000000
0.001430 0.000490 0.000000
0.001430 0.000501 0.000000
0.001430 0.000509 0.000000
0.001431 0.000520 0.000000
0.001430 0.000531 0.000000
0.001430 0.000539 0.000000
0.001431 0.000549 0.000000
0.001430 0.000561 0.000000
0.001430 0.000570 0.000000
0.001431 0.000579 0.000000
0.001430 0.000590 0.000000
0.001430 0.000600 0.000000
0.001440 0.000300 0.000000
0.001440 0.000310 0.000000
0.001440 0.000320 0.000000
0.001440 0.000331 0.000000
0.001440 0.000340 0.000000
0.001440 0.000350 0.000000
0.001440 0.000360 0.000000
0.001440 0.000370 0.000000
0.001440 0.000380 0.000000
0.001440 0.000391 0.000000
0.001440 0.000399 0.000000
0.001440 0.000410 0.000000
0.001440 0.000421 0.000000
0.001440 0.000431 0.000000
0.001440 0.000439 0.000000
0.001440 0.000450 0.000000
0.001440 0.000461 0.000000
0.001440 0.000470 0.000000
0.001440 0.000480 0.000000
0.001440 0.000490 0.000000
0.001440 0.000500 0.000000
0.001440 0.000510 0.000000
0.001440 0.000521 0.000000
0.001440 0.000529 0.000000
0.001440 0.000540 0.000000
0.001440 0.000551 0.000000
0.001440 0.000559 0.000000
0.001441 0.000569 0.000000
0.001440 0.000581 0.000000
0.001440 0.000590 0.000000
0.001440 0.000600 0.000000
0.001450 0.000300 0.000000
0.001450 0.000310 0.000000
0.001450 0.000320 0.000000
0.001450 0.000329 0.000000
0.001450 0.000340 0.000000
0.001450 0.000351 0.000000
0.001450 0.000359 0.000000
0.001450 0.000370 0.000000
0.001450 0.000380 0.000000
0.001450 0.000390 0.000000
0.001450 0.000400 0.000000
0.001450 0.000411 0.000000
0.001450 0.000419 0.000000
0.001451 0.000429 0.000000
0.001450 0.000441 0.000000
0.001450 0.000451 0.000000
0.001450 0.000459 0.000000
0.001450 0.000470 0.000000
0.001450 0.000481 0.000000
0.001450 0.000490 0.000000
0.001450 0.000500 0.000000
0.001450 0.000510 0.000000
0.001450 0.000519 0.000000
0.001451 0.000530 0.000000
0.001450 0.000541 0.000000
0.001451 0.000549 0.000000
0.001450 0.000560 0.000000
0.001450 0.000571 0.000000
0.001450 0.000579 0.000000
0.001451 0.000590 0.000000
0.001450 0.000600 0.000000
0.001460 0.000300 0.000000
0.001460 0.000310 0.000000
0.001460 0.000320 0.000000
0.001460 0.000331 0.000000
0.001460 0.000340 0.000000
0.001460 0.000349 0.000000
0.001460 0.000360 0.000000
0.001460 0.000371 0.000000
0.001460 0.000379 0.000000
0.001460 0.000390 0.000000
0.001460 0.000400 0.000000
0.001460 0.000410 0.000000
0.001460 0.000420 0.000000
0.001460 0.000431 0.000000
0.001460 0.000439 0.000000
0.001461 0.000449 0.000000
0.001460 0.000461 0.000000
0.001461 0.000471 0.000000
0.001460 0.000479 0.000000
0.001460 0.000490 0.000000
0.001460 0.000501 0.000000
0.001460 0.000510 0.000000
0.001460 0.000520 0.000000
0.001460 0.000530 0.000000
0.001460 0.000539 0.000000
0.001460 0.000551 0.000000
0.001460 0.000561 0.000000
0.001460 0.000569 0.000000
0.001461 0.000580 0.000000
0.001460 0.000590 0.000000
0.001460 0.000600 0.000000
0.001470 0.000300 0.000000
0.001470 0.000310 0.000000
0.001470 0.000320 0.000000
0.001470 0.000329 0.000000
0.001470 0.000339 0.000000
0.001470 0.000351 0.000000
0.001470 0.000360 0.000000
0.001470 0.000369 0.000000
0.001470 0.000380 0.000000
0.001470 0.000391 0.000000
0.001470 0.000400 0.000000
0.001470 0.000410 0.000000
0.001470 0.000420 0.000000
0.001470 0.000429 0.000000
0.001470 0.000440 0.000000
0.001470 0.000451 0.000000
0.001470 0.000459 0.000000
0.001470 0.000469 0.000000
0.001470 0.000480 0.000000
0.001470 0.000491 0.000000
0.001470 0.000499 0.000000
0.001470 0.000510 0.000000
0.001470 0.000520 0.000000
0.001470 0.000530 0.000000
0.001471 0.000540 0.000000
0.001470 0.000550 0.000000
0.001471 0.000559 0.000000
0.001470 0.000570 0.000000
0.001470 0.000580 0.000000
0.001471 0.000590 0.000000
0.001470 0.000600 0.000000
0.001480 0.000300 0.000000
0.001480 0.000310 0.000000
0.001480 0.000320 0.000000
0.001480 0.000330 0.000000
0.001481 0.000341 0.000000
0.001480 0.000349 0.000000
0.001480 0.000359 0.000000
0.001480 0.000371 0.000000
0.001480 0.000381 0.000000
0.001480 0.000389 0.000000
0.001480 0.000400 0.000000
0.001480 0.000411 0.000000
0.001480 0.000420 0.000000
0.001480 0.000430 0.000000
0.001480 0.000440 0.000000
0.001480 0.000449 0.000000
0.001481 0.000460 0.000000
0.001480 0.000471 0.000000
0.001481 0.000480 0.000000
0.001480 0.000489 0.000000
0.001480 0.000500 0.000000
0.001480 0.000511 0.000000
0.001480 0.000519 0.000000
0.001481 0.000530 0.000000
0.001479 0.000541 0.000000
0.001481 0.000550 0.000000
0.001480 0.000560 0.000000
0.001480 0.000570 0.000000
0.001481 0.000579 0.000000
0.001480 0.000590 0.000000
0.001480 0.000600 0.000000
0.001490 0.000300 0.000000
0.001490 0.000310 0.000000
0.001490 0.000320 0.000000
0.001490 0.000329 0.000000
0.001490 0.000339 0.000000
0.001490 0.000350 0.000000
0.001490 0.000361 0.000000
0.001490 0.000369 0.000000
0.001490 0.000379 0.000000
0.001490 0.000391 0.000000
0.001491 0.000401 0.000000
0.001490 0.000409 0.000000
0.001490 0.000420 0.000000
0.001490 0.000431 0.000000
0.001490 0.000440 0.000000
0.001490 0.000450 0.000000
0.001490 0.000461 0.000000
0.001490 0.000469 0.000000
0.001491 0.000480 0.000000
0.001490 0.000491 0.000000
0.001491 0.000500 0.000000
0.001490 0.000509 0.000000
0.001490 0.000520 0.000000
0.001490 0.000531 0.000000
0.001490 0.000539 0.000000
0.001491 0.000550 0.000000
0.001490 0.000560 0.000000
0.001491 0.000570 0.000000
0.001490 0.000581 0.000000
0.001490 0.000590 0.000000
0.001490 0.000600 0.000000
0.001500 0.000300 0.000000
0.001500 0.000310 0.000000
0.001500 0.000320 0.000000
0.001500 0.000331 0.000000
0.001500 0.000341 0.000000
0.001500 0.000350 0.000000
0.001500 0.000359 0.000000
0.001500 0.000370 0.000000
0.001500 0.000381 0.000000
0.001500 0.000389 0.000000
0.001500 0.000399 0.000000
0.001500 0.000411 0.000000
0.001500 0.000421 0.000000
0.001500 0.000429 0.000000
0.001500 0.000440 0.000000
0.001500 0.000450 0.000000
0.001500 0.000460 0.000000
0.001500 0.000470 0.000000
0.001500 0.000481 0.000000
0.001500 0.000489 0.000000
0.001500 0.000499 0.000000
0.001500 0.000511 0.000000
0.001501 0.000521 0.000000
0.001500 0.000529 0.000000
0.001501 0.000540 0.000000
0.001500 0.000551 0.000000
0.001501 0.000560 0.000000
0.001500 0.000570 0.000000
0.001500 0.000579 0.000000
0.001500 0.000590 0.000000
0.001500 0.000600 0.000000
0.001510 0.000300 0.000000
0.001510 0.000310 0.000000
0.001510 0.000320 0.000000
0.001510 0.000329 0.000000
0.001510 0.000339 0.000000
0.001510 0.000350 0.000000
0.001510 0.000361 0.000000
0.001510 0.000371 0.000000
0.001510 0.000379 0.000000
0.001510 0.000390 0.000000
0.001510 0.000401 0.000000
0.001510 0.000410 0.000000
0.001510 0.000419 0.000000
0.001510 0.000430 0.000000
0.001510 0.000441 0.000000
0.001510 0.000450 0.000000
0.001510 0.000460 0.000000
0.001510 0.000470 0.000000
0.001510 0.000480 0.000000
0.001510 0.000490 0.000000
0.001510 0.000501 0.000000
0.001510 0.000509 0.000000
0.001510 0.000519 0.000000
0.001510 0.000531 0.000000
0.001510 0.000541 0.000000
0.001510 0.000549 0.000000
0.001510 0.000560 0.000000
0.001510 0.000570 0.000000
0.001511 0.000580 0.000000
0.001510 0.000590 0.000000
0.001510 0.000600 0.000000
0.001520 0.000300 0.000000
0.001520 0.000310 0.000000
0.001520 0.000320 0.000000
0.001521 0.000331 0.000000
0.001519 0.000340 0.000000
0.001521 0.000350 0.000000
0.001520 0.000359 0.000000
0.001520 0.000369 0.000000
0.001520 0.000380 0.000000
0.001520 0.000391 0.000000
0.001520 0.000399 0.000000
0.001520 0.000410 0.000000
0.001520 0.000421 0.000000
0.001520 0.000430 0.000000
0.001520 0.000439 0.000000
0.001520 0.000450 0.000000
0.001520 0.000461 0.000000
0.001520 0.000470 0.000000
0.001520 0.000480 0.000000
0.001520 0.000490 0.000000
0.001520 0.000499 0.000000
0.001521 0.000510 0.000000
0.001520 0.000521 0.000000
0.001520 0.000529 0.000000
0.001520 0.000539 0.000000
0.001520 0.000551 0.000000
0.001520 0.000561 0.000000
0.001521 0.000569 0.000000
0.001520 0.000580 0.000000
0.001520 0.000590 0.000000
0.001520 0.000600 0.000000
0.001530 0.000300 0.000000
0.001530 0.000310 0.000000
0.001530 0.000320 0.000000
0.001530 0.000330 0.000000
0.001530 0.000339 0.000000
0.001530 0.000350 0.000000
0.001529 0.000360 0.000000
0.001531 0.000371 0.000000
0.001529 0.000380 0.000000
0.001530 0.000389 0.000000
0.001530 0.000400 0.000000
0.001530 0.000411 0.000000
0.001530 0.000419 0.000000
0.001531 0.000429 0.000000
0.001530 0.000441 0.000000
0.001530 0.000451 0.000000
0.001530 0.000459 0.000000
0.001530 0.000470 0.000000
0.001530 0.000481 0.000000
0.001530 0.000490 0.000000
0.001530 0.000500 0.000000
0.001530 0.000511 0.000000
0.001530 0.000519 0.000000
0.001531 0.000530 0.000000
0.001530 0.000541 0.000000
0.001531 0.000549 0.000000
0.001530 0.000559 0.000000
0.001530 0.000571 0.000000
0.001530 0.000580 0.000000
0.001530 0.000590 0.000000
0.001530 0.000600 0.000000
0.001540 0.000300 0.000000
0.001540 0.000310 0.000000
0.001540 0.000320 0.000000
0.001540 0.000330 0.000000
0.001541 0.000341 0.000000
0.001539 0.000350 0.000000
0.001540 0.000360 0.000000
0.001540 0.000369 0.000000
0.001540 0.000380 0.000000
0.001541 0.000391 0.000000
0.001540 0.000400 0.000000
0.001540 0.000409 0.000000
0.001540 0.000420 0.000000
0.001540 0.000431 0.000000
0.001540 0.000439 0.000000
0.001541 0.000449 0.000000
0.001540 0.000461 0.000000
0.001541 0.000471 0.000000
0.001540 0.000479 0.000000
0.001540 0.000490 0.000000
0.001540 0.000501 0.000000
0.001540 0.000510 0.000000
0.001540 0.000520 0.000000
0.001540 0.000531 0.000000
0.001540 0.000539 0.000000
0.001540 0.000550 0.000000
0.001540 0.000561 0.000000
0.001540 0.000569 0.000000
0.001540 0.000580 0.000000
0.001540 0.000590 0.000000
0.001540 0.000600 0.000000
0.001550 0.000300 0.000000
0.001550 0.000310 0.000000
0.001550 0.000320 0.000000
0.001550 0.000330 0.000000
0.001550 0.000340 0.000000
0.001550 0.000349 0.000000
0.001551 0.000360 0.000000
0.001549 0.000371 0.000000
0.001551 0.000380 0.000000
0.001549 0.000389 0.000000
0.001550 0.000399 0.000000
0.001550 0.000411 0.000000
0.001550 0.000421 0.000000
0.001550 0.000429 0.000000
0.001550 0.000440 0.000000
0.001550 0.000451 0.000000
0.001550 0.000459 0.000000
0.001550 0.000469 0.000000
0.001550 0.000480 0.000000
0.001550 0.000491 0.000000
0.001550 0.000499 0.000000
0.001550 0.000510 0.000000
0.001550 0.000520 0.000000
0.001550 0.000530 0.000000
0.001551 0.000540 0.000000
0.001550 0.000550 0.000000
0.001550 0.000559 0.000000
0.001550 0.000570 0.000000
0.001550 0.000580 0.000000
0.001550 0.000590 0.000000
0.001550 0.000600 0.000000
0.001560 0.000300 0.000000
0.001560 0.000310 0.000000
0.001560 0.000321 0.000000
0.001560 0.000330 0.000000
0.001560 0.000340 0.000000
0.001561 0.000351 0.000000
0.001560 0.000360 0.000000
0.001560 0.000369 0.000000
0.001560 0.000380 0.000000
0.001559 0.000391 0.000000
0.001561 0.000401 0.000000
0.001559 0.000410 0.000000
0.001561 0.000419 0.000000
0.001560 0.000430 0.000000
0.001560 0.000441 0.000000
0.001560 0.000449 0.000000
0.001561 0.000460 0.000000
0.001560 0.000471 0.000000
0.001561 0.000480 0.000000
0.001560 0.000489 0.000000
0.001560 0.000500 0.000000
0.001560 0.000511 0.000000
0.001560 0.000519 0.000000
0.001560 0.000530 0.000000
0.001560 0.000541 0.000000
0.001560 0.000550 0.000000
0.001560 0.000560 0.000000
0.001560 0.000570 0.000000
0.001560 0.000579 0.000000
0.001560 0.000590 0.000000
0.001560 0.000600 0.000000
0.001570 0.000300 0.000000
0.001570 0.000310 0.000000
0.001570 0.000319 0.000000
0.001570 0.000330 0.000000
0.001570 0.000340 0.000000
0.001570 0.000349 0.000000
0.001570 0.000360 0.000000
0.001571 0.000371 0.000000
0.001569 0.000380 0.000000
0.001571 0.000390 0.000000
0.001569 0.000399 0.000000
0.001570 0.000410 0.000000
0.001570 0.000421 0.000000
0.001569 0.000430 0.000000
0.001571 0.000439 0.000000
0.001570 0.000450 0.000000
0.001570 0.000461 0.000000
0.001570 0.000469 0.000000
0.001571 0.000480 0.000000
0.001570 0.000491 0.000000
0.001571 0.000500 0.000000
0.001570 0.000509 0.000000
0.001570 0.000520 0.000000
0.001570 0.000531 0.000000
0.001570 0.000539 0.000000
0.001570 0.000550 0.000000
0.001570 0.000560 0.000000
0.001570 0.000570 0.000000
0.001570 0.000580 0.000000
0.001570 0.000590 0.000000
0.001570 0.000600 0.000000
0.001580 0.000300 0.000000
0.001580 0.000310 0.000000
0.001580 0.000321 0.000000
0.001580 0.000330 0.000000
0.001580 0.000339 0.000000
0.001580 0.000350 0.000000
0.001580 0.000361 0.000000
0.001580 0.000369 0.000000
0.001580 0.000380 0.000000
0.001581 0.000390 0.000000
0.001580 0.000401 0.000000
0.001581 0.000411 0.000000
0.001579 0.000419 0.000000
0.001581 0.000429 0.000000
0.001580 0.000441 0.000000
0.001580 0.000451 0.000000
0.001581 0.000459 0.000000
0.001580 0.000470 0.000000
0.001580 0.000481 0.000000
0.001580 0.000489 0.000000
0.001580 0.000499 0.000000
0.001580 0.000511 0.000000
0.001581 0.000520 0.000000
0.001580 0.000529 0.000000
0.001580 0.000540 0.000000
0.001580 0.000551 0.000000
0.001581 0.000559 0.000000
0.001580 0.000570 0.000000
0.001580 0.000580 0.000000
0.001580 0.000590 0.000000
0.001580 0.000600 0.000000
0.001590 0.000300 0.000000
0.001590 0.000310 0.000000
0.001590 0.000320 0.000000
0.001590 0.000329 0.000000
0.001590 0.000341 0.000000
0.001590 0.000350 0.000000
0.001590 0.000359 0.000000
0.001590 0.000370 0.000000
0.001591 0.000381 0.000000
0.001589 0.000390 0.000000
0.001590 0.000399 0.000000
0.001590 0.000409 0.000000
0.001590 0.000421 0.000000
0.001591 0.000431 0.000000
0.001589 0.000439 0.000000
0.001591 0.000449 0.000000
0.001589 0.000461 0.000000
0.001590 0.000471 0.000000
0.001590 0.000479 0.000000
0.001590 0.000490 0.000000
0.001590 0.000501 0.000000
0.001590 0.000509 0.000000
0.001590 0.000519 0.000000
0.001590 0.000530 0.000000
0.001591 0.000540 0.000000
0.001590 0.000549 0.000000
0.001590 0.000560 0.000000
0.001590 0.000570 0.000000
0.001591 0.000580 0.000000
0.001590 0.000590 0.000000
0.001590 0.000600 0.000000
0.001600 0.000300 0.000000
0.001600 0.000310 0.000000
0.001600 0.000320 0.000000
0.001600 0.000331 0.000000
0.001600 0.000340 0.000000
0.001600 0.000349 0.000000
0.001600 0.000361 0.000000
0.001600 0.000371 0.000000
0.001600 0.000379 0.000000
0.001600 0.000390 0.000000
0.001601 0.000401 0.000000
0.001599 0.000411 0.000000
0.001601 0.000419 0.000000
0.001600 0.000429 0.000000
0.001600 0.000440 0.000000
0.001600 0.000451 0.000000
0.001600 0.000460 0.000000
0.001601 0.000470 0.000000
0.001600 0.000481 0.000000
0.001600 0.000491 0.000000
0.001600 0.000499 0.000000
0.001601 0.000510 0.000000
0.001600 0.000521 0.000000
0.001600 0.000530 0.000000
0.001600 0.000539 0.000000
0.001600 0.000550 0.000000
0.001600 0.000560 0.000000
0.001600 0.000569 0.000000
0.001600 0.000580 0.000000
0.001600 0.000590 0.000000
0.001600 0.000600 0.000000
0.001610 0.000300 0.000000
0.001610 0.000310 0.000000
0.001610 0.000320 0.000000
0.001610 0.000329 0.000000
0.001610 0.000340 0.000000
0.001610 0.000351 0.000000
0.001610 0.000359 0.000000
0.001610 0.000369 0.000000
0.001610 0.000381 0.000000
0.001610 0.000391 0.000000
0.001610 0.000399 0.000000
0.001610 0.000409 0.000000
0.001610 0.000421 0.000000
0.001610 0.000431 0.000000
0.001611 0.000440 0.000000
0.001609 0.000450 0.000000
0.001611 0.000460 0.000000
0.001610 0.000471 0.000000
0.001610 0.000480 0.000000
0.001611 0.000489 0.000000
0.001610 0.000500 0.000000
0.001610 0.000511 0.000000
0.001610 0.000519 0.000000
0.001611 0.000530 0.000000
0.001610 0.000541 0.000000
0.001610 0.000550 0.000000
0.001610 0.000559 0.000000
0.001610 0.000570 0.000000
0.001610 0.000580 0.000000
0.001610 0.000590 0.000000
0.001610 0.000600 0.000000
0.001620 0.000300 0.000000
0.001620 0.000310 0.000000
0.001620 0.000319 0.000000
0.001620 0.000331 0.000000
0.001620 0.000341 0.000000
0.001620 0.000349 0.000000
0.001620 0.000360 0.000000
0.001620 0.000372 0.000000
0.001620 0.000379 0.000000
0.001620 0.000389 0.000000
0.001620 0.000401 0.000000
0.001621 0.000411 0.000000
0.001619 0.000419 0.000000
0.001621 0.000429 0.000000
0.001620 0.000440 0.000000
0.001620 0.000450 0.000000
0.001620 0.000461 0.000000
0.001620 0.000470 0.000000
0.001621 0.000480 0.000000
0.001619 0.000491 0.000000
0.001620 0.000500 0.000000
0.001620 0.000509 0.000000
0.001620 0.000520 0.000000
0.001620 0.000531 0.000000
0.001620 0.000539 0.000000
0.001620 0.000550 0.000000
0.001620 0.000561 0.000000
0.001620 0.000570 0.000000
0.001620 0.000580 0.000000
0.001620 0.000590 0.000000
0.001620 0.000600 0.000000
0.001630 0.000300 0.000000
0.001630 0.000310 0.000000
0.001630 0.000321 0.000000
0.001630 0.000330 0.000000
0.001630 0.000339 0.000000
0.001630 0.000351 0.000000
0.001630 0.000361 0.000000
0.001630 0.000369 0.000000
0.001630 0.000380 0.000000
0.001630 0.000391 0.000000
0.001630 0.000399 0.000000
0.001630 0.000409 0.000000
0.001630 0.000421 0.000000
0.001631 0.000431 0.000000
0.001629 0.000440 0.000000
0.001631 0.000450 0.000000
0.001629 0.000459 0.000000
0.001630 0.000470 0.000000
0.001630 0.000481 0.000000
0.001630 0.000489 0.000000
0.001631 0.000499 0.000000
0.001630 0.000511 0.000000
0.001631 0.000521 0.000000
0.001630 0.000529 0.000000
0.001630 0.000540 0.000000
0.001630 0.000551 0.000000
0.001630 0.000560 0.000000
0.001630 0.000570 0.000000
0.001630 0.000580 0.000000
0.001630 0.000590 0.000000
0.001630 0.000600 0.000000
0.001640 0.000300 0.000000
0.001640 0.000310 0.000000
0.001640 0.000320 0.000000
0.001640 0.000330 0.000000
0.001640 0.000341 0.000000
0.001640 0.000350 0.000000
0.001640 0.000359 0.000000
0.001640 0.000370 0.000000
0.001640 0.000381 0.000000
0.001640 0.000389 0.000000
0.001640 0.000400 0.000000
0.001640 0.000411 0.000000
0.001641 0.000420 0.000000
0.001639 0.000429 0.000000
0.001641 0.000440 0.000000
0.001640 0.000450 0.000000
0.001640 0.000461 0.000000
0.001641 0.000471 0.000000
0.001640 0.000479 0.000000
0.001640 0.000490 0.000000
0.001639 0.000501 0.000000
0.001640 0.000509 0.000000
0.001640 0.000519 0.000000
0.001640 0.000531 0.000000
0.001640 0.000541 0.000000
0.001640 0.000549 0.000000
0.001640 0.000560 0.000000
0.001640 0.000571 0.000000
0.001640 0.000580 0.000000
0.001640 0.000590 0.000000
0.001640 0.000600 0.000000
0.001650 0.000300 0.000000
0.001650 0.000310 0.000000
0.001649 0.000320 0.000000
0.001650 0.000331 0.000000
0.001650 0.000339 0.000000
0.001650 0.000349 0.000000
0.001650 0.000361 0.000000
0.001650 0.000370 0.000000
0.001650 0.000379 0.000000
0.001650 0.000390 0.000000
0.001650 0.000401 0.000000
0.001650 0.000409 0.000000
0.001650 0.000420 0.000000
0.001650 0.000431 0.000000
0.001651 0.000441 0.000000
0.001650 0.000450 0.000000
0.001651 0.000460 0.000000
0.001650 0.000469 0.000000
0.001650 0.000480 0.000000
0.001650 0.000491 0.000000
0.001650 0.000499 0.000000
0.001651 0.000510 0.000000
0.001649 0.000521 0.000000
0.001651 0.000530 0.000000
0.001650 0.000539 0.000000
0.001650 0.000551 0.000000
0.001650 0.000561 0.000000
0.001650 0.000569 0.000000
0.001650 0.000580 0.000000
0.001650 0.000590 0.000000
0.001650 0.000600 0.000000
0.001660 0.000300 0.000000
0.001660 0.000310 0.000000
0.001660 0.000320 0.000000
0.001660 0.000329 0.000000
0.001660 0.000340 0.000000
0.001660 0.000351 0.000000
0.001660 0.000359 0.000000
0.001660 0.000369 0.000000
0.001660 0.000381 0.000000
0.001660 0.000391 0.000000
0.001660 0.000399 0.000000
0.001660 0.000410 0.000000
0.001660 0.000421 0.000000
0.001660 0.000429 0.000000
0.001660 0.000439 0.000000
0.001660 0.000450 0.000000
0.001660 0.000460 0.000000
0.001661 0.000471 0.000000
0.001660 0.000481 0.000000
0.001660 0.000489 0.000000
0.001660 0.000500 0.000000
0.001660 0.000511 0.000000
0.001660 0.000519 0.000000
0.001660 0.000530 0.000000
0.001660 0.000541 0.000000
0.001661 0.000550 0.000000
0.001660 0.000559 0.000000
0.001660 0.000570 0.000000
0.001660 0.000580 0.000000
0.001660 0.000590 0.000000
0.001660 0.000600 0.000000
0.001670 0.000300 0.000000
0.001670 0.000310 0.000000
0.001670 0.000319 0.000000
0.001670 0.000331 0.000000
0.001670 0.000341 0.000000
0.001670 0.000349 0.000000
0.001670 0.000360 0.000000
0.001670 0.000372 0.000000
0.001670 0.000379 0.000000
0.001670 0.000389 0.000000
0.001670 0.000401 0.000000
0.001670 0.000411 0.000000
0.001670 0.000419 0.000000
0.001670 0.000430 0.000000
0.001671 0.000441 0.000000
0.001670 0.000450 0.000000
0.001671 0.000460 0.000000
0.001669 0.000469 0.000000
0.001671 0.000479 0.000000
0.001670 0.000491 0.000000
0.001671 0.000501 0.000000
0.001670 0.000509 0.000000
0.001671 0.000520 0.000000
0.001670 0.000531 0.000000
0.001671 0.000539 0.000000
0.001670 0.000550 0.000000
0.001670 0.000561 0.000000
0.001670 0.000570 0.000000
0.001670 0.000580 0.000000
0.001670 0.000590 0.000000
0.001670 0.000600 0.000000
0.001680 0.000300 0.000000
0.001680 0.000310 0.000000
0.001680 0.000321 0.000000
0.001680 0.000330 0.000000
0.001680 0.000339 0.000000
0.001680 0.000351 0.000000
0.001680 0.000361 0.000000
0.001680 0.000368 0.000000
0.001680 0.000380 0.000000
0.001680 0.000392 0.000000
0.001680 0.000399 0.000000
0.001680 0.000409 0.000000
0.001680 0.000421 0.000000
0.001680 0.000431 0.000000
0.001680 0.000439 0.000000
0.001680 0.000450 0.000000
0.001681 0.000460 0.000000
0.001680 0.000471 0.000000
0.001681 0.000481 0.000000
0.001680 0.000489 0.000000
0.001680 0.000499 0.000000
0.001680 0.000511 0.000000
0.001680 0.000521 0.000000
0.001680 0.000529 0.000000
0.001680 0.000540 0.000000
0.001680 0.000551 0.000000
0.001681 0.000559 0.000000
0.001680 0.000570 0.000000
0.001680 0.000580 0.000000
0.001680 0.000590 0.000000
0.001680 0.000600 0.000000
0.001690 0.000300 0.000000
0.001690 0.000310 0.000000
0.001690 0.000319 0.000000
0.001690 0.000330 0.000000
0.001690 0.000341 0.000000
0.001690 0.000349 0.000000
0.001690 0.000359 0.000000
0.001690 0.000371 0.000000
0.001690 0.000381 0.000000
0.001690 0.000389 0.000000
0.001690 0.000400 0.000000
0.001690 0.000411 0.000000
0.001690 0.000420 0.000000
0.001690 0.000429 0.000000
0.001690 0.000441 0.000000
0.001691 0.000451 0.000000
0.001689 0.000460 0.000000
0.001691 0.000469 0.000000
0.001690 0.000479 0.000000
0.001690 0.000490 0.000000
0.001690 0.000501 0.000000
0.001690 0.000510 0.000000
0.001690 0.000519 0.000000
0.001690 0.000530 0.000000
0.001690 0.000541 0.000000
0.001690 0.000549 0.000000
0.001690 0.000560 0.000000
0.001690 0.000571 0.000000
0.001690 0.000580 0.000000
0.001690 0.000590 0.000000
0.001690 0.000600 0.000000
0.001700 0.000300 0.000000
0.001700 0.000310 0.000000
0.001700 0.000320 0.000000
0.001700 0.000331 0.000000
0.001700 0.000339 0.000000
0.001700 0.000350 0.000000
0.001700 0.000361 0.000000
0.001700 0.000370 0.000000
0.001700 0.000379 0.000000
0.001700 0.000390 0.000000
0.001700 0.000401 0.000000
0.001700 0.000409 0.000000
0.001700 0.000420 0.000000
0.001700 0.000431 0.000000
0.001700 0.000440 0.000000
0.001700 0.000449 0.000000
0.001700 0.000460 0.000000
0.001701 0.000471 0.000000
0.001699 0.000481 0.000000
0.001701 0.000490 0.000000
0.001699 0.000499 0.000000
0.001701 0.000509 0.000000
0.001700 0.000521 0.000000
0.001700 0.000530 0.000000
0.001700 0.000539 0.000000
0.001700 0.000550 0.000000
0.001700 0.000561 0.000000
0.001700 0.000569 0.000000
0.001700 0.000580 0.000000
0.001700 0.000590 0.000000
0.001700 0.000600 0.000000
0.001710 0.000300 0.000000
0.001710 0.000310 0.000000
0.001710 0.000320 0.000000
0.001710 0.000329 0.000000
0.001710 0.000340 0.000000
0.001710 0.000351 0.000000
0.001710 0.000359 0.000000
0.001710 0.000370 0.000000
0.001710 0.000381 0.000000
0.001710 0.000390 0.000000
0.001710 0.000399 0.000000
0.001710 0.000410 0.000000
0.001710 0.000421 0.000000
0.001710 0.000429 0.000000
0.001711 0.000439 0.000000
0.001710 0.000451 0.000000
0.001711 0.000461 0.000000
0.001710 0.000468 0.000000
0.001711 0.000479 0.000000
0.001710 0.000490 0.000000
0.001710 0.000500 0.000000
0.001710 0.000511 0.000000
0.001710 0.000519 0.000000
0.001710 0.000529 0.000000
0.001710 0.000541 0.000000
0.001710 0.000550 0.000000
0.001710 0.000559 0.000000
0.001710 0.000570 0.000000
0.001710 0.000580 0.000000
0.001710 0.000590 0.000000
0.001710 0.000600 0.000000
0.001720 0.000300 0.000000
0.001720 0.000310 0.000000
0.001720 0.000319 0.000000
0.001720 0.000331 0.000000
0.001720 0.000340 0.000000
0.001720 0.000349 0.000000
0.001720 0.000360 0.000000
0.001720 0.000371 0.000000
0.001720 0.000379 0.000000
0.001720 0.000389 0.000000
0.001720 0.000401 0.000000
0.001720 0.000411 0.000000
0.001720 0.000418 0.000000
0.001720 0.000430 0.000000
0.001720 0.000442 0.000000
0.001720 0.000449 0.000000
0.001720 0.000459 0.000000
0.001720 0.000471 0.000000
0.001721 0.000481 0.000000
0.001719 0.000490 0.000000
0.001721 0.000500 0.000000
0.001719 0.000509 0.000000
0.001721 0.000520 0.000000
0.001720 0.000531 0.000000
0.001720 0.000540 0.000000
0.001720 0.000549 0.000000
0.001720 0.000561 0.000000
0.001720 0.000570 0.000000
0.001720 0.000579 0.000000
0.001720 0.000590 0.000000
0.001720 0.000600 0.000000
0.001730 0.000300 0.000000
0.001730 0.000310 0.000000
0.001730 0.000321 0.000000
0.001730 0.000329 0.000000
0.001730 0.000339 0.000000
0.001730 0.000351 0.000000
0.001730 0.000361 0.000000
0.001730 0.000369 0.000000
0.001730 0.000380 0.000000
0.001730 0.000392 0.000000
0.001730 0.000399 0.000000
0.001730 0.000409 0.000000
0.001730 0.000421 0.000000
0.001730 0.000431 0.000000
0.001730 0.000438 0.000000
0.001730 0.000450 0.000000
0.001730 0.000461 0.000000
0.001731 0.000469 0.000000
0.001730 0.000479 0.000000
0.001730 0.000490 0.000000
0.001730 0.000500 0.000000
0.001730 0.000511 0.000000
0.001731 0.000521 0.000000
0.001730 0.000529 0.000000
0.001731 0.000540 0.000000
0.001730 0.000551 0.000000
0.001730 0.000560 0.000000
0.001730 0.000569 0.000000
0.001730 0.000581 0.000000
0.001730 0.000590 0.000000
0.001730 0.000600 0.000000
0.001740 0.000300 0.000000
0.001740 0.000310 0.000000
0.001740 0.000319 0.000000
0.001740 0.000330 0.000000
0.001740 0.000341 0.000000
0.001740 0.000349 0.000000
0.001740 0.000359 0.000000
0.001740 0.000371 0.000000
0.001740 0.000381 0.000000
0.001740 0.000388 0.000000
0.001740 0.000400 0.000000
0.001740 0.000412 0.000000
0.001740 0.000419 0.000000
0.001740 0.000429 0.000000
0.001740 0.000441 0.000000
0.001740 0.000451 0.000000
0.001740 0.000459 0.000000
0.001740 0.000470 0.000000
0.001740 0.000481 0.000000
0.001740 0.000490 0.000000
0.001740 0.000500 0.000000
0.001740 0.000510 0.000000
0.001740 0.000519 0.000000
0.001740 0.000530 0.000000
0.001740 0.000541 0.000000
0.001740 0.000549 0.000000
0.001740 0.000560 0.000000
0.001740 0.000571 0.000000
0.001740 0.000580 0.000000
0.001740 0.000590 0.000000
0.001740 0.000600 0.000000
0.001750 0.000300 0.000000
0.001750 0.000310 0.000000
0.001750 0.000321 0.000000
0.001750 0.000330 0.000000
0.001750 0.000339 0.000000
0.001750 0.000350 0.000000
0.001750 0.000361 0.000000
0.001750 0.000369 0.000000
0.001750 0.000379 0.000000
0.001750 0.000391 0.000000
0.001750 0.000401 0.000000
0.001750 0.000409 0.000000
0.001750 0.000420 0.000000
0.001750 0.000431 0.000000
0.001750 0.000440 0.000000
0.001750 0.000449 0.000000
0.001750 0.000460 0.000000
0.001750 0.000471 0.000000
0.001750 0.000479 0.000000
0.001750 0.000490 0.000000
0.001750 0.000500 0.000000
0.001750 0.000510 0.000000
0.001751 0.000521 0.000000
0.001750 0.000530 0.000000
0.001750 0.000539 0.000000
0.001750 0.000550 0.000000
0.001750 0.000561 0.000000
0.001750 0.000569 0.000000
0.001751 0.000580 0.000000
0.001750 0.000590 0.000000
0.001750 0.000600 0.000000
0.001760 0.000300 0.000000
0.001760 0.000310 0.000000
0.001760 0.000320 0.000000
0.001760 0.000330 0.000000
0.001760 0.000341 0.000000
0.001760 0.000351 0.000000
0.001760 0.000359 0.000000
0.001760 0.000370 0.000000
0.001760 0.000381 0.000000
0.001760 0.000389 0.000000
0.001760 0.000399 0.000000
0.001760 0.000410 0.000000
0.001760 0.000421 0.000000
0.001760 0.000429 0.000000
0.001760 0.000439 0.000000
0.001760 0.000451 0.000000
0.001760 0.000461 0.000000
0.001760 0.000469 0.000000
0.001760 0.000480 0.000000
0.001760 0.000491 0.000000
0.001760 0.000500 0.000000
0.001761 0.000510 0.000000
0.001760 0.000519 0.000000
0.001760 0.000530 0.000000
0.001760 0.000541 0.000000
0.001760 0.000551 0.000000
0.001760 0.000559 0.000000
0.001760 0.000570 0.000000
0.001760 0.000580 0.000000
0.001760 0.000590 0.000000
0.001760 0.000600 0.000000
0.001770 0.000300 0.000000
0.001770 0.000310 0.000000
0.001770 0.000320 0.000000
0.001770 0.000331 0.000000
0.001770 0.000340 0.000000
0.001770 0.000349 0.000000
0.001770 0.000360 0.000000
0.001770 0.000371 0.000000
0.001770 0.000379 0.000000
0.001770 0.000390 0.000000
0.001770 0.000401 0.000000
0.001770 0.000410 0.000000
0.001770 0.000419 0.000000
0.001770 0.000430 0.000000
0.001770 0.000442 0.000000
0.001770 0.000449 0.000000
0.001771 0.000459 0.000000
0.001770 0.000471 0.000000
0.001770 0.000481 0.000000
0.001770 0.000488 0.000000
0.001770 0.000500 0.000000
0.001770 0.000511 0.000000
0.001770 0.000520 0.000000
0.001771 0.000531 0.000000
0.001769 0.000539 0.000000
0.001771 0.000549 0.000000
0.001770 0.000561 0.000000
0.001770 0.000570 0.000000
0.001770 0.000579 0.000000
0.001770 0.000590 0.000000
0.001770 0.000600 0.000000
0.001780 0.000300 0.000000
0.001780 0.000310 0.000000
0.001780 0.000321 0.000000
0.001780 0.000330 0.000000
0.001780 0.000340 0.000000
0.001780 0.000351 0.000000
0.001780 0.000360 0.000000
0.001780 0.000369 0.000000
0.001780 0.000380 0.000000
0.001780 0.000391 0.000000
0.001780 0.000399 0.000000
0.001780 0.000409 0.000000
0.001780 0.000421 0.000000
0.001780 0.000431 0.000000
0.001780 0.000438 0.000000
0.001780 0.000450 0.000000
0.001780 0.000462 0.000000
0.001780 0.000469 0.000000
0.001781 0.000479 0.000000
0.001780 0.000491 0.000000
0.001781 0.000501 0.000000
0.001780 0.000509 0.000000
0.001781 0.000520 0.000000
0.001780 0.000530 0.000000
0.001780 0.000540 0.000000
0.001780 0.000551 0.000000
0.001780 0.000559 0.000000
0.001780 0.000569 0.000000
0.001780 0.000581 0.000000
0.001780 0.000590 0.000000
0.001780 0.000600 0.000000
0.001790 0.000300 0.000000
0.001790 0.000310 0.000000
0.001790 0.000319 0.000000
0.001790 0.000330 0.000000
0.001790 0.000341 0.000000
0.001790 0.000349 0.000000
0.001790 0.000359 0.000000
0.001790 0.000371 0.000000
0.001790 0.000380 0.000000
0.001790 0.000389 0.000000
0.001790 0.000400 0.000000
0.001790 0.000412 0.000000
0.001790 0.000419 0.000000
0.001791 0.000429 0.000000
0.001790 0.000441 0.000000
0.001790 0.000451 0.000000
0.001790 0.000458 0.000000
0.001790 0.000470 0.000000
0.001789 0.000482 0.000000
0.001790 0.000489 0.000000
0.001790 0.000499 0.000000
0.001790 0.000511 0.000000
0.001791 0.000521 0.000000
0.001790 0.000530 0.000000
0.001791 0.000540 0.000000
0.001790 0.000549 0.000000
0.001790 0.000560 0.000000
0.001790 0.000571 0.000000
0.001790 0.000580 0.000000
0.001790 0.000590 0.000000
0.001790 0.000600 0.000000
0.001800 0.000300 0.000000
0.001800 0.000310 0.000000
0.001800 0.000321 0.000000
0.001800 0.000330 0.000000
0.001800 0.000339 0.000000
0.001800 0.000350 0.000000
0.001800 0.000361 0.000000
0.001800 0.000369 0.000000
0.001800 0.000379 0.000000
0.001800 0.000391 0.000000
0.001800 0.000401 0.000000
0.001800 0.000408 0.000000
0.001800 0.000420 0.000000
0.001800 0.000432 0.000000
0.001800 0.000439 0.000000
0.001801 0.000449 0.000000
0.001800 0.000461 0.000000
0.001800 0.000471 0.000000
0.001800 0.000478 0.000000
0.001800 0.000490 0.000000
0.001799 0.000501 0.000000
0.001801 0.000509 0.000000
0.001800 0.000519 0.000000
0.001800 0.000530 0.000000
0.001800 0.000540 0.000000
0.001800 0.000551 0.000000
0.001800 0.000560 0.000000
0.001800 0.000569 0.000000
0.001801 0.000580 0.000000
0.001800 0.000590 0.000000
0.001800 0.000600 0.000000
0.001810 0.000300 0.000000
0.001810 0.000310 0.000000
0.001810 0.000320 0.000000
0.001810 0.000330 0.000000
0.001810 0.000341 0.000000
0.001810 0.000350 0.000000
0.001810 0.000359 0.000000
0.001810 0.000370 0.000000
0.001810 0.000381 0.000000
0.001810 0.000389 0.000000
0.001810 0.000399 0.000000
0.001810 0.000411 0.000000
0.001810 0.000421 0.000000
0.001810 0.000428 0.000000
0.001810 0.000440 0.000000
0.001810 0.000451 0.000000
0.001810 0.000459 0.000000
0.001810 0.000469 0.000000
0.001810 0.000480 0.000000
0.001810 0.000491 0.000000
0.001810 0.000499 0.000000
0.001810 0.000510 0.000000
0.001810 0.000521 0.000000
0.001811 0.000530 0.000000
0.001810 0.000540 0.000000
0.001811 0.000550 0.000000
0.001810 0.000559 0.000000
0.001811 0.000570 0.000000
0.001810 0.000580 0.000000
0.001810 0.000590 0.000000
0.001810 0.000600 0.000000
0.001820 0.000300 0.000000
0.001820 0.000310 0.000000
0.001820 0.000320 0.000000
0.001820 0.000331 0.000000
0.001820 0.000339 0.000000
0.001820 0.000349 0.000000
0.001820 0.000361 0.000000
0.001820 0.000370 0.000000
0.001820 0.000379 0.000000
0.001820 0.000390 0.000000
0.001820 0.000401 0.000000
0.001820 0.000409 0.000000
0.001820 0.000419 0.000000
0.001820 0.000431 0.000000
0.001820 0.000441 0.000000
0.001820 0.000449 0.000000
0.001820 0.000460 0.000000
0.001820 0.000471 0.000000
0.001820 0.000480 0.000000
0.001820 0.000489 0.000000
0.001820 0.000500 0.000000
0.001820 0.000511 0.000000
0.001820 0.000519 0.000000
0.001820 0.000529 0.000000
0.001820 0.000540 0.000000
0.001820 0.000550 0.000000
0.001820 0.000560 0.000000
0.001820 0.000570 0.000000
0.001820 0.000579 0.000000
0.001820 0.000590 0.000000
0.001820 0.000600 0.000000
0.001830 0.000300 0.000000
0.001830 0.000310 0.000000
0.001830 0.000320 0.000000
0.001830 0.000329 0.000000
0.001830 0.000340 0.000000
0.001830 0.000351 0.000000
0.001830 0.000359 0.000000
0.001830 0.000369 0.000000
0.001830 0.000381 0.000000
0.001830 0.000391 0.000000
0.001830 0.000399 0.000000
0.001830 0.000410 0.000000
0.001830 0.000421 0.000000
0.001830 0.000430 0.000000
0.001830 0.000439 0.000000
0.001830 0.000450 0.000000
0.001830 0.000461 0.000000
0.001830 0.000469 0.000000
0.001831 0.000479 0.000000
0.001830 0.000491 0.000000
0.001830 0.000501 0.000000
0.001830 0.000509 0.000000
0.001830 0.000520 0.000000
0.001830 0.000531 0.000000
0.001830 0.000539 0.000000
0.001830 0.000549 0.000000
0.001830 0.000560 0.000000
0.001830 0.000570 0.000000
0.001830 0.000581 0.000000
0.001830 0.000590 0.000000
0.001830 0.000600 0.000000
0.001840 0.000300 0.000000
0.001840 0.000310 0.000000
0.001840 0.000320 0.000000
0.001840 0.000330 0.000000
0.001840 0.000340 0.000000
0.001840 0.000349 0.000000
0.001840 0.000360 0.000000
0.001840 0.000371 0.000000
0.001840 0.000379 0.000000
0.001840 0.000389 0.000000
0.001840 0.000400 0.000000
0.001840 0.000411 0.000000
0.001840 0.000419 0.000000
0.001840 0.000430 0.000000
0.001840 0.000441 0.000000
0.001840 0.000451 0.000000
0.001840 0.000459 0.000000
0.001840 0.000470 0.000000
0.001840 0.000482 0.000000
0.001840 0.000489 0.000000
0.001841 0.000499 0.000000
0.001840 0.000511 0.000000
0.001840 0.000521 0.000000
0.001840 0.000528 0.000000
0.001840 0.000540 0.000000
0.001840 0.000551 0.000000
0.001840 0.000560 0.000000
0.001840 0.000570 0.000000
0.001840 0.000579 0.000000
0.001840 0.000590 0.000000
0.001840 0.000600 0.000000
0.001850 0.000300 0.000000
0.001850 0.000310 0.000000
0.001850 0.000321 0.000000
0.001850 0.000330 0.000000
0.001850 0.000339 0.000000
0.001850 0.000350 0.000000
0.001850 0.000361 0.000000
0.001850 0.000369 0.000000
0.001850 0.000380 0.000000
0.001850 0.000391 0.000000
0.001850 0.000400 0.000000
0.001850 0.000409 0.000000
0.001850 0.000420 0.000000
0.001850 0.000431 0.000000
0.001850 0.000439 0.000000
0.001851 0.000449 0.000000
0.001850 0.000461 0.000000
0.001850 0.000471 0.000000
0.001850 0.000478 0.000000
0.001850 0.000490 0.000000
0.001850 0.000502 0.000000
0.001850 0.000509 0.000000
0.001851 0.000519 0.000000
0.001850 0.000531 0.000000
0.001850 0.000541 0.000000
0.001850 0.000549 0.000000
0.001850 0.000560 0.000000
0.001850 0.000570 0.000000
0.001851 0.000580 0.000000
0.001850 0.000590 0.000000
0.001850 0.000600 0.000000
0.001860 0.000300 0.000000
0.001860 0.000310 0.000000
0.001860 0.000320 0.000000
0.001860 0.000330 0.000000
0.001860 0.000341 0.000000
0.001860 0.000350 0.000000
0.001860 0.000359 0.000000
0.001860 0.000370 0.000000
0.001860 0.000381 0.000000
0.001860 0.000389 0.000000
0.001860 0.000400 0.000000
0.001860 0.000411 0.000000
0.001860 0.000421 0.000000
0.001860 0.000429 0.000000
0.001860 0.000440 0.000000
0.001860 0.000452 0.000000
0.001860 0.000459 0.000000
0.001861 0.000469 0.000000
0.001860 0.000481 0.000000
0.001860 0.000491 0.000000
0.001860 0.000498 0.000000
0.001860 0.000510 0.000000
0.001859 0.000522 0.000000
0.001861 0.000529 0.000000
0.001860 0.000539 0.000000
0.001860 0.000551 0.000000
0.001860 0.000561 0.000000
0.001860 0.000569 0.000000
0.001860 0.000580 0.000000
0.001860 0.000590 0.000000
0.001860 0.000600 0.000000
0.001870 0.000300 0.000000
0.001870 0.000310 0.000000
0.001870 0.000320 0.000000
0.001870 0.000330 0.000000
0.001870 0.000339 0.000000
0.001870 0.000350 0.000000
0.001870 0.000361 0.000000
0.001870 0.000370 0.000000
0.001870 0.000379 0.000000
0.001870 0.000390 0.000000
0.001870 0.000401 0.000000
0.001870 0.000409 0.000000
0.001870 0.000419 0.000000
0.001870 0.000431 0.000000
0.001870 0.000441 0.000000
0.001870 0.000448 0.000000
0.001870 0.000460 0.000000
0.001870 0.000472 0.000000
0.001870 0.000479 0.000000
0.001870 0.000489 0.000000
0.001870 0.000501 0.000000
0.001870 0.000511 0.000000
0.001870 0.000519 0.000000
0.001870 0.000530 0.000000
0.001870 0.000541 0.000000
0.001871 0.000549 0.000000
0.001870 0.000559 0.000000
0.001870 0.000570 0.000000
0.001870 0.000580 0.000000
0.001870 0.000590 0.000000
0.001870 0.000600 0.000000
0.001880 0.000300 0.000000
0.001880 0.000310 0.000000
0.001880 0.000320 0.000000
0.001880 0.000330 0.000000
0.001880 0.000340 0.000000
0.001880 0.000351 0.000000
0.001880 0.000359 0.000000
0.001880 0.000370 0.000000
0.001880 0.000381 0.000000
0.001880 0.000390 0.000000
0.001880 0.000399 0.000000
0.001880 0.000410 0.000000
0.001880 0.000421 0.000000
0.001880 0.000429 0.000000
0.001880 0.000439 0.000000
0.001880 0.000451 0.000000
0.001880 0.000461 0.000000
0.001880 0.000469 0.000000
0.001880 0.000480 0.000000
0.001880 0.000491 0.000000
0.001880 0.000500 0.000000
0.001880 0.000509 0.000000
0.001880 0.000520 0.000000
0.001880 0.000531 0.000000
0.001880 0.000539 0.000000
0.001880 0.000550 0.000000
0.001880 0.000561 0.000000
0.001880 0.000570 0.000000
0.001880 0.000580 0.000000
0.001880 0.000590 0.000000
0.001880 0.000600 0.000000
0.001890 0.000300 0.000000
0.001890 0.000310 0.000000
0.001890 0.000320 0.000000
0.001890 0.000331 0.000000
0.001890 0.000340 0.000000
0.001890 0.000349 0.000000
0.001890 0.000360 0.000000
0.001890 0.000371 0.000000
0.001890 0.000379 0.000000
0.001890 0.000389 0.000000
0.001890 0.000401 0.000000
0.001890 0.000411 0.000000
0.001890 0.000419 0.000000
0.001890 0.000430 0.000000
0.001890 0.000441 0.000000
0.001890 0.000449 0.000000
0.001890 0.000459 0.000000
0.001890 0.000471 0.000000
0.001890 0.000481 0.000000
0.001890 0.000489 0.000000
0.001890 0.000500 0.000000
0.001890 0.000511 0.000000
0.001890 0.000520 0.000000
0.001890 0.000529 0.000000
0.001890 0.000540 0.000000
0.001890 0.000551 0.000000
0.001890 0.000559 0.000000
0.001890 0.000570 0.000000
0.001890 0.000580 0.000000
0.001890 0.000590 0.000000
0.001890 0.000600 0.000000
0.001900 0.000300 0.000000
0.001900 0.000310 0.000000
0.001900 0.000320 0.000000
0.001900 0.000330 0.000000
0.001900 0.000340 0.000000
0.001900 0.000351 0.000000
0.001900 0.000360 0.000000
0.001900 0.000369 0.000000
0.001900 0.000380 0.000000
0.001900 0.000391 0.000000
0.001900 0.000399 0.000000
0.001900 0.000409 0.000000
0.001900 0.000421 0.000000
0.001900 0.000431 0.000000
0.001900 0.000439 0.000000
0.001900 0.000450 0.000000
0.001900 0.000461 0.000000
0.001900 0.000470 0.000000
0.001900 0.000479 0.000000
0.001900 0.000490 0.000000
0.001900 0.000501 0.000000
0.001900 0.000509 0.000000
0.001900 0.000519 0.000000
0.001900 0.000531 0.000000
0.001900 0.000541 0.000000
0.001900 0.000549 0.000000
0.001900 0.000560 0.000000
0.001900 0.000571 0.000000
0.001900 0.000580 0.000000
0.001900 0.000590 0.000000
0.001900 0.000600 0.000000
0.001910 0.000300 0.000000
0.001910 0.000310 0.000000
0.001910 0.000320 0.000000
0.001910 0.000330 0.000000
0.001910 0.000341 0.000000
0.001910 0.000350 0.000000
0.001910 0.000360 0.000000
0.001910 0.000371 0.000000
0.001910 0.000380 0.000000
0.001910 0.000389 0.000000
0.001910 0.000400 0.000000
0.001910 0.000411 0.000000
0.001910 0.000420 0.000000
0.001910 0.000429 0.000000
0.001910 0.000440 0.000000
0.001910 0.000451 0.000000
0.001910 0.000459 0.000000
0.001910 0.000470 0.000000
0.001910 0.000481 0.000000
0.001910 0.000490 0.000000
0.001910 0.000499 0.000000
0.001910 0.000510 0.000000
0.001910 0.000521 0.000000
0.001910 0.000529 0.000000
0.001910 0.000539 0.000000
0.001910 0.000551 0.000000
0.001910 0.000560 0.000000
0.001910 0.000569 0.000000
0.001910 0.000580 0.000000
0.001910 0.000590 0.000000
0.001910 0.000600 0.000000
0.001920 0.000300 0.000000
0.001920 0.000310 0.000000
0.001920 0.000320 0.000000
0.001920 0.000330 0.000000
0.001920 0.000340 0.000000
0.001920 0.000350 0.000000
0.001920 0.000361 0.000000
0.001920 0.000370 0.000000
0.001920 0.000379 0.000000
0.001920 0.000390 0.000000
0.001920 0.000401 0.000000
0.001920 0.000409 0.000000
0.001920 0.000420 0.000000
0.001920 0.000431 0.000000
0.001920 0.000440 0.000000
0.001920 0.000449 0.000000
0.001920 0.000460 0.000000
0.001920 0.000471 0.000000
0.001920 0.000479 0.000000
0.001920 0.000489 0.000000
0.001920 0.000501 0.000000
0.001920 0.000511 0.000000
0.001920 0.000519 0.000000
0.001920 0.000530 0.000000
0.001920 0.000541 0.000000
0.001920 0.000549 0.000000
0.001920 0.000559 0.000000
0.001920 0.000571 0.000000
0.001920 0.000580 0.000000
0.001920 0.000590 0.000000
0.001920 0.000600 0.000000
0.001930 0.000300 0.000000
0.001930 0.000310 0.000000
0.001930 0.000320 0.000000
0.001930 0.000330 0.000000
0.001930 0.000340 0.000000
0.001930 0.000350 0.000000
0.001930 0.000359 0.000000
0.001930 0.000370 0.000000
0.001930 0.000381 0.000000
0.001930 0.000390 0.000000
0.001930 0.000399 0.000000
0.001930 0.000410 0.000000
0.001930 0.000421 0.000000
0.001930 0.000429 0.000000
0.001930 0.000440 0.000000
0.001930 0.000451 0.000000
0.001930 0.000460 0.000000
0.001930 0.000469 0.000000
0.001930 0.000480 0.000000
0.001930 0.000491 0.000000
0.001930 0.000499 0.000000
0.001930 0.000509 0.000000
0.001930 0.000521 0.000000
0.001930 0.000531 0.000000
0.001930 0.000539 0.000000
0.001930 0.000550 0.000000
0.001930 0.000561 0.000000
0.001930 0.000570 0.000000
0.001930 0.000580 0.000000
0.001930 0.000590 0.000000
0.001930 0.000600 0.000000
0.001940 0.000300 0.000000
0.001940 0.000310 0.000000
0.001940 0.000320 0.000000
0.001940 0.000330 0.000000
0.001940 0.000340 0.000000
0.001940 0.000350 0.000000
0.001940 0.000360 0.000000
0.001940 0.000371 0.000000
0.001940 0.000379 0.000000
0.001940 0.000390 0.000000
0.001940 0.000401 0.000000
0.001940 0.000410 0.000000
0.001940 0.000419 0.000000
0.001940 0.000430 0.000000
0.001940 0.000441 0.000000
0.001940 0.000449 0.000000
0.001940 0.000460 0.000000
0.001940 0.000471 0.000000
0.001940 0.000481 0.000000
0.001940 0.000489 0.000000
0.001940 0.000500 0.000000
0.001940 0.000511 0.000000
0.001940 0.000520 0.000000
0.001940 0.000529 0.000000
0.001940 0.000541 0.000000
0.001940 0.000551 0.000000
0.001940 0.000559 0.000000
0.001940 0.000570 0.000000
0.001940 0.000581 0.000000
0.001940 0.000590 0.000000
0.001940 0.000600 0.000000
0.001950 0.000300 0.000000
0.001950 0.000310 0.000000
0.001950 0.000320 0.000000
0.001950 0.000330 0.000000
0.001950 0.000340 0.000000
0.001950 0.000350 0.000000
0.001950 0.000360 0.000000
0.001950 0.000370 0.000000
0.001950 0.000380 0.000000
0.001950 0.000391 0.000000
0.001950 0.000399 0.000000
0.001950 0.000410 0.000000
0.001950 0.000421 0.000000
0.001950 0.000430 0.000000
0.001950 0.000439 0.000000
0.001950 0.000450 0.000000
0.001950 0.000461 0.000000
0.001950 0.000469 0.000000
0.001950 0.000479 0.000000
0.001950 0.000491 0.000000
0.001950 0.000501 0.000000
0.001950 0.000509 0.000000
0.001950 0.000520 0.000000
0.001950 0.000531 0.000000
0.001950 0.000540 0.000000
0.001950 0.000549 0.000000
0.001950 0.000561 0.000000
0.001950 0.000571 0.000000
0.001950 0.000579 0.000000
0.001950 0.000590 0.000000
0.001950 0.000600 0.000000
0.001960 0.000300 0.000000
0.001960 0.000310 0.000000
0.001960 0.000320 0.000000
0.001960 0.000330 0.000000
0.001960 0.000340 0.000000
0.001960 0.000350 0.000000
0.001960 0.000360 0.000000
0.001960 0.000370 0.000000
0.001960 0.000380 0.000000
0.001960 0.000389 0.000000
0.001960 0.000400 0.000000
0.001960 0.000411 0.000000
0.001960 0.000419 0.000000
0.001960 0.000430 0.000000
0.001960 0.000441 0.000000
0.001960 0.000450 0.000000
0.001960 0.000459 0.000000
0.001960 0.000470 0.000000
0.001960 0.000481 0.000000
0.001960 0.000489 0.000000
0.001960 0.000499 0.000000
0.001960 0.000511 0.000000
0.001960 0.000521 0.000000
0.001960 0.000529 0.000000
0.001960 0.000540 0.000000
0.001960 0.000551 0.000000
0.001960 0.000560 0.000000
0.001960 0.000569 0.000000
0.001960 0.000581 0.000000
0.001960 0.000590 0.000000
0.001960 0.000600 0.000000
0.001970 0.000300 0.000000
0.001970 0.000310 0.000000
0.001970 0.000320 0.000000
0.001970 0.000330 0.000000
0.001970 0.000340 0.000000
0.001970 0.000350 0.000000
0.001970 0.000360 0.000000
0.001970 0.000370 0.000000
0.001970 0.000380 0.000000
0.001970 0.000390 0.000000
0.001970 0.000400 0.000000
0.001970 0.000409 0.000000
0.001970 0.000420 0.000000
0.001970 0.000430 0.000000
0.001970 0.000439 0.000000
0.001970 0.000450 0.000000
0.001970 0.000461 0.000000
0.001970 0.000470 0.000000
0.001970 0.000479 0.000000
0.001970 0.000490 0.000000
0.001970 0.000501 0.000000
0.001970 0.000510 0.000000
0.001970 0.000520 0.000000
0.001970 0.000531 0.000000
0.001970 0.000540 0.000000
0.001970 0.000549 0.000000
0.001970 0.000560 0.000000
0.001970 0.000571 0.000000
0.001970 0.000579 0.000000
0.001970 0.000590 0.000000
0.001970 0.000600 0.000000
0.001980 0.000300 0.000000
0.001980 0.000310 0.000000
0.001980 0.000320 0.000000
0.001980 0.000330 0.000000
0.001980 0.000340 0.000000
0.001980 0.000350 0.000000
0.001980 0.000360 0.000000
0.001980 0.000370 0.000000
0.001980 0.000380 0.000000
0.001980 0.000390 0.000000
0.001980 0.000400 0.000000
0.001980 0.000410 0.000000
0.001980 0.000420 0.000000
0.001980 0.000430 0.000000
0.001980 0.000440 0.000000
0.001980 0.000450 0.000000
0.001980 0.000460 0.000000
0.001980 0.000470 0.000000
0.001980 0.000480 0.000000
0.001980 0.000490 0.000000
0.001980 0.000500 0.000000
0.001980 0.000510 0.000000
0.001980 0.000520 0.000000
0.001980 0.000530 0.000000
0.001980 0.000540 0.000000
0.001980 0.000551 0.000000
0.001980 0.000560 0.000000
0.001980 0.000570 0.000000
0.001980 0.000580 0.000000
0.001980 0.000590 0.000000
0.001980 0.000600 0.000000
0.001990 0.000300 0.000000
0.001990 0.000310 0.000000
0.001990 0.000320 0.000000
0.001990 0.000330 0.000000
0.001990 0.000340 0.000000
0.001990 0.000350 0.000000
0.001990 0.000360 0.000000
0.001990 0.000370 0.000000
0.001990 0.000380 0.000000
0.001990 0.000390 0.000000
0.001990 0.000400 0.000000
0.001990 0.000410 0.000000
0.001990 0.000420 0.000000
0.001990 0.000430 0.000000
0.001990 0.000440 0.000000
0.001990 0.000450 0.000000
0.001990 0.000460 0.000000
0.001990 0.000470 0.000000
0.001990 0.000480 0.000000
0.001990 0.000490 0.000000
0.001990 0.000500 0.000000
0.001990 0.000510 0.000000
0.001990 0.000520 0.000000
0.001990 0.000530 0.000000
0.001990 0.000540 0.000000
0.001990 0.000550 0.000000
0.001990 0.000560 0.000000
0.001990 0.000570 0.000000
0.001990 0.000580 0.000000
0.001990 0.000590 0.000000
0.001990 0.000600 0.000000
0.002000 0.000300 0.000000
0.002000 0.000310 0.000000
0.002000 0.000320 0.000000
0.002000 0.000330 0.000000
0.002000 0.000340 0.000000
0.002000 0.000350 0.000000
0.002000 0.000360 0.000000
0.002000 0.000370 0.000000
0.002000 0.000380 0.000000
0.002000 0.000390 0.000000
0.002000 0.000400 0.000000
0.002000 0.000410 0.000000
0.002000 0.000420 0.000000
0.002000 0.000430 0.000000
0.002000 0.000440 0.000000
0.002000 0.000450 0.000000
0.002000 0.000460 0.000000
0.002000 0.000470 0.000000
0.002000 0.000480 0.000000
0.002000 0.000490 0.000000
0.002000 0.000500 0.000000
0.002000 0.000510 0.000000
0.002000 0.000520 0.000000
0.002000 0.000530 0.000000
0.002000 0.000540 0.000000
0.002000 0.000550 0.000000
0.002000 0.000560 0.000000
0.002000 0.000570 0.000000
0.002000 0.000580 0.000000
0.002000 0.000590 0.000000
0.002000 0.000600 0.000000

CELLS 6231 12462
1 0
1 1
1 2
1 3
1 4
1 5
1 6
1 7
1 8
1 9
1 10
1 11
1 12
1 13
1 14
1 15
1 16
1 17
1 18
1 19
1 20
1 21
1 22
1 23
1 24
1 25
1 26
1 27
1 28
1 29
1 30
1 31
1 32
1 33
1 34
1 35
1 36
1 37
1 38
1 39
1 40
1 41
1 42
1 43
1 44
1 45
1 46
1 47
1 48
1 49
1 50
1 51
1 52
1 53
1 54
1 55
1 56
1 57
1 58
1 59
1 60
1 61
1 62
1 63
1 64
1 65
1 66
1 67
1 68
1 69
1 70
1 71
1 72
1 73
1 74
1 75
1 76
1 77
1 78
1 79
1 80
1 81
1 82
1 83
1 84
1 85
1 86
1 87
1 88
1 89
1 90
1 91
1 92
1 93
1 94
1 95
1 96
1 97
1 98
1 99
1 100
1 101
1 102
1 103
1 104
1 105
1 106
1 107
1 108
1 109
1 110
1 111
1 112
1 113
1 114
1 115
1 116
1 117
1 118
1 119
1 120
1 121
1 122
1 123
1 124
1 125
1 126
1 127
1 128
1 129
1 130
1 131
1 132
1 133
1 134
1 135
1 136
1 137
1 138
1 139
1 140
1 141
1 142
1 143
1 144
1 145
1 146
1 147
1 148
1 149
1 150
1 151
1 152
1 153
1 154
1 155
1 156
1 157
1 158
1 159
1 160
1 161
1 162
1 163
1 164
1 165
1 166
1 167
1 168
1 169
1 170
1 171
1 172
1 173
1 174
1 175
1 176
1 177
1 178
1 179
1 180
1 181
1 182
1 183
1 184
1 185
1 186
1 187
1 188
1 189
1 190
1 191
1 192
1 193
1 194
1 195
1 196
1 197
1 198
1 199
1 200
1 201
1 202
1 203
1 204
1 205
1 206
1 207
1 208
1 209
1 210
1 211
1 212
1 213
1 214
1 215
1 216
1 217
1 218
1 219
1 220
1 221
1 222
1 223
1 224
1 225
1 226
1 227
1 228
1 229
1 230
1 231
1 232
1 233
1 234
1 235
1 236
1 237
1 238
1 239
1 240
1 241
1 242
1 243
1 244
1 245
1 246
1 247
1 248
1 249
1 250
1 251
1 252
1 253
1 254
1 255
1 256
1 257
1 258
1 259
1 260
1 261
1 262
1 263
1 264
1 265
1 266
1 267
1 268
1 269
1 270
1 271
1 272
1 273
1 274
1 275
1 276
1 277
1 278
1 279
1 280
1 281
1 282
1 283
1 284
1 285
1 286
1 287
1 288
1 289
1 290
1 291
1 292
1 293
1 294
1 295
1 296
1 297
1 298
1 299
1 300
1 301
1 302
1 303
1 304
1 305
1 306
1 307
1 308
1 309
1 310
1 311
1 312
1 313
1 314
1 315
1 316
1 317
1 318
1 319
1 320
1 321
1 322
1 323
1 324
1 325
1 326
1 327
1 328
1 329
1 330
1 331
1 332
1 333
1 334
1 335
1 336
1 337
1 338
1 339
1 340
1 341
1 342
1 343
1 344
1 345
1 346
1 347
1 348
1 349
1 350
1 351
1 352
1 353
1 354
1 355
1 356
1 357
1 358
1 359
1 360
1 361
1 362
1 363
1 364
1 365
1 366
1 367
1 368
1 369
1 370
1 371
1 372
1 373
1 374
1 375
1 376
1 377
1 378
1 379
1 380
1 381
1 382
1 383
1 384
1 385
1 386
1 387
1 388
1 389
1 390
1 391
1 392
1 393
1 394
1 395
1 396
1 397
1 398
1 399
1 400
1 401
1 402
1 403
1 404
1 405
1 406
1 407
1 408
1 409
1 410
1 411
1 412
1 413
1 414
1 415
1 416
1 417
1 418
1 419
1 420
1 421
1 422
1 423
1 424
1 425
1 426
1 427
1 428
1 429
1 430
1 431
1 432
1 433
1 434
1 435
1 436
1 437
1 438
1 439
1 440
1 441
1 442
1 443
1 444
1 445
1 446
1 447
1 448
1 449
1 450
1 451
1 452
1 453
1 454
1 455
1 456
1 457
1 458
1 459
1 460
1 461
1 462
1 463
1 464
1 465
1 466
1 467
1 468
1 469
1 470
1 471
1 472
1 473
1 474
1 475
1 476
1 477
1 478
1 479
1 480
1 481
1 482
1 483
1 484
1 485
1 486
1 487
1 488
1 489
1 490
1 491
1 492
1 493
1 494
1 495
1 496
1 497
1 498
1 499
1 500
1 501
1 502
1 503
1 504
1 505
1 506
1 507
1 508
1 509
1 510
1 511
1 512
1 513
1 514
1 515
1 516
1 517
1 518
1 519
1 520
1 521
1 522
1 523
1 524
1 525
1 526
1 527
1 528
1 529
1 530
1 531
1 532
1 533
1 534
1 535
1 536
1 537
1 538
1 539
1 540
1 541
1 542
1 543
1 544
1 545
1 546
1 547
1 548
1 549
1 550
1 551
1 552
1 553
1 554
1 555
1 556
1 557
1 558
1 559
1 560
1 561
1 562
1 563
1 564
1 565
1 566
1 567
1 568
1 569
1 570
1 571
1 572
1 573
1 574
1 575
1 576
1 577
1 578
1 579
1 580
1 581
1 582
1 583
1 584
1 585
1 586
1 587
1 588
1 589
1 590
1 591
1 592
1 593
1 594
1 595
1 596
1 597
1 598
1 599
1 600
1 601
1 602
1 603
1 604
1 605
1 606
1 607
1 608
1 609
1 610
1 611
1 612
1 613
1 614
1 615
1 616
1 617
1 618
1 619
1 620
1 621
1 622
1 623
1 624
1 625
1 626
1 627
1 628
1 629
1 630
1 631
1 632
1 633
1 634
1 635
1 636
1 637
1 638
1 639
1 640
1 641
1 642
1 643
1 644
1 645
1 646
1 647
1 648
1 649
1 650
1 651
1 652
1 653
1 654
1 655
1 656
1 657
1 658
1 659
1 660
1 661
1 662
1 663
1 664
1 665
1 666
1 667
1 668
1 669
1 670
1 671
1 672
1 673
1 674
1 675
1 676
1 677
1 678
1 679
1 680
1 681
1 682
1 683
1 684
1 685
1 686
1 687
1 688
1 689
1 690
1 691
1 692
1 693
1 694
1 695
1 696
1 697
1 698
1 699
1 700
1 701
1 702
1 703
1 704
1 705
1 706
1 707
1 708
1 709
1 710
1 711
1 712
1 713
1 714
1 715
1 716
1 717
1 718
1 719
1 720
1 721
1 722
1 723
1 724
1 725
1 726
1 727
1 728
1 729
1 730
1 731
1 732
1 733
1 734
1 735
1 736
1 737
1 738
1 739
1 740
1 741
1 742
1 743
1 744
1 745
1 746
1 747
1 748
1 749
1 750
1 751
1 752
1 753
1 754
1 755
1 756
1 757
1 758
1 759
1 760
1 761
1 762
1 763
1 764
1 765
1 766
1 767
1 768
1 769
1 770
1 771
1 772
1 773
1 774
1 775
1 776
1 777
1 778
1 779
1 780
1 781
1 782
1 783
1 784
1 785
1 786
1 787
1 788
1 789
1 790
1 791
1 792
1 793
1 794
1 795
1 796
1 797
1 798
1 799
1 800
1 801
1 802
1 803
1 804
1 805
1 806
1 807
1 808
1 809
1 810
1 811
1 812
1 813
1 814
1 815
1 816
1 817
1 818
1 819
1 820
1 821
1 822
1 823
1 824
1 825
1 826
1 827
1 828
1 829
1 830
1 831
1 832
1 833
1 834
1 835
1 836
1 837
1 838
1 839
1 840
1 841
1 842
1 843
1 844
1 845
1 846
1 847
1 848
1 849
1 850
1 851
1 852
1 853
1 854
1 855
1 856
1 857
1 858
1 859
1 860
1 861
1 862
1 863
1 864
1 865
1 866
1 867
1 868
1 869
1 870
1 871
1 872
1 873
1 874
1 875
1 876
1 877
1 878
1 879
1 880
1 881
1 882
1 883
1 884
1 885
1 886
1 887
1 888
1 889
1 890
1 891
1 892
1 893
1 894
1 895
1 896
1 897
1 898
1 899
1 900
1 901
1 902
1 903
1 904
1 905
1 906
1 907
1 908
1 909
1 910
1 911
1 912
1 913
1 914
1 915
1 916
1 917
1 918
1 919
1 920
1 921
1 922
1 923
1 924
1 925
1 926
1 927
1 928
1 929
1 930
1 931
1 932
1 933
1 934
1 935
1 936
1 937
1 938
1 939
1 940
1 941
1 942
1 943
1 944
1 945
1 946
1 947
1 948
1 949
1 950
1 951
1 952
1 953
1 954
1 955
1 956
1 957
1 958
1 959
1 960
1 961
1 962
1 963
1 964
1 965
1 966
1 967
1 968
1 969
1 970
1 971
1 972
1 973
1 974
1 975
1 976
1 977
1 978
1 979
1 980
1 981
1 982
1 983
1 984
1 985
1 986
1 987
1 988
1 989
1 990
1 991
1 992
1 993
1 994
1 995
1 996
1 997
1 998
1 999
1 1000
1 1001
1 1002
1 1003
1 1004
1 1005
1 1006
1 1007
1 1008
1 1009
1 1010
1 1011
1 1012
1 1013
1 1014
1 1015
1 1016
1 1017
1 1018
1 1019
1 1020
1 1021
1 1022
1 1023
1 1024
1 1025
1 1026
1 1027
1 1028
1 1029
1 1030
1 1031
1 1032
1 1033
1 1034
1 1035
1 1036
1 1037
1 1038
1 1039
1 1040
1 1041
1 1042
1 1043
1 1044
1 1045
1 1046
1 1047
1 1048
1 1049
1 1050
1 1051
1 1052
1 1053
1 1054
1 1055
1 1056
1 1057
1 1058
1 1059
1 1060
1 1061
1 1062
1 1063
1 1064
1 1065
1 1066
1 1067
1 1068
1 1069
1 1070
1 1071
1 1072
1 1073
1 1074
1 1075
1 1076
1 1077
1 1078
1 1079
1 1080
1 1081
1 1082
1 1083
1 1084
1 1085
1 1086
1 1087
1 1088
1 1089
1 1090
1 1091
1 1092
1 1093
1 1094
1 1095
1 1096
1 1097
1 1098
1 1099
1 1100
1 1101
1 1102
1 1103
1 1104
1 1105
1 1106
1 1107
1 1108
1 1109
1 1110
1 1111
1 1112
1 1113
1 1114
1 1115
1 1116
1 1117
1 1118
1 1119
1 1120
1 1121
1 1122
1 1123
1 1124
1 1125
1 1126
1 1127
1 1128
1 1129
1 1130
1 1131
1 1132
1 1133
1 1134
1 1135
1 1136
1 1137
1 1138
1 1139
1 1140
1 1141
1 1142
1 1143
1 1144
1 1145
1 1146
1 1147
1 1148
1 1149
1 1150
1 1151
1 1152
1 1153
1 1154
1 1155
1 1156
1 1157
1 1158
1 1159
1 1160
1 1161
1 1162
1 1163
1 1164
1 1165
1 1166
1 1167
1 1168
1 1169
1 1170
1 1171
1 1172
1 1173
1 1174
1 1175
1 1176
1 1177
1 1178
1 1179
1 1180
1 1181
1 1182
1 1183
1 1184
1 1185
1 1186
1 1187
1 1188
1 1189
1 1190
1 1191
1 1192
1 1193
1 1194
1 1195
1 1196
1 1197
1 1198
1 1199
1 1200
1 1201
1 1202
1 1203
1 1204
1 1205
1 1206
1 1207
1 1208
1 1209
1 1210
1 1211
1 1212
1 1213
1 1214
1 1215
1 1216
1 1217
1 1218
1 1219
1 1220
1 1221
1 1222
1 1223
1 1224
1 1225
1 1226
1 1227
1 1228
1 1229
1 1230
1 1231
1 1232
1 1233
1 1234
1 1235
1 1236
1 1237
1 1238
1 1239
1 1240
1 1241
1 1242
1 1243
1 1244
1 1245
1 1246
1 1247
1 1248
1 1249
1 1250
1 1251
1 1252
1 1253
1 1254
1 1255
1 1256
1 1257
1 1258
1 1259
1 1260
1 1261
1 1262
1 1263
1 1264
1 1265
1 1266
1 1267
1 1268
1 1269
1 1270
1 1271
1 1272
1 1273
1 1274
1 1275
1 1276
1 1277
1 1278
1 1279
1 1280
1 1281
1 1282
1 1283
1 1284
1 1285
1 1286
1 1287
1 1288
1 1289
1 1290
1 1291
1 1292
1 1293
1 1294
1 1295
1 1296
1 1297
1 1298
1 1299
1 1300
1 1301
1 1302
1 1303
1 1304
1 1305
1 1306
1 1307
1 1308
1 1309
1 1310
1 1311
1 1312
1 1313
1 1314
1 1315
1 1316
1 1317
1 1318
1 1319
1 1320
1 1321
1 1322
1 1323
1 1324
1 1325
1 1326
1 1327
1 1328
1 1329
1 1330
1 1331
1 1332
1 1333
1 1334
1 1335
1 1336
1 1337
1 1338
1 1339
1 1340
1 1341
1 1342
1 1343
1 1344
1 1345
1 1346
1 1347
1 1348
1 1349
1 1350
1 1351
1 1352
1 1353
1 1354
1 1355
1 1356
1 1357
1 1358
1 1359
1 1360
1 1361
1 1362
1 1363
1 1364
1 1365
1 1366
1 1367
1 1368
1 1369
1 1370
1 1371
1 1372
1 1373
1 1374
1 1375
1 1376
1 1377
1 1378
1 1379
1 1380
1 1381
1 1382
1 1383
1 1384
1 1385
1 1386
1 1387
1 1388
1 1389
1 1390
1 1391
1 1392
1 1393
1 1394
1 1395
1 1396
1 1397
1 1398
1 1399
1 1400
1 1401
1 1402
1 1403
1 1404
1 1405
1 1406
1 1407
1 1408
1 1409
1 1410
1 1411
1 1412
1 1413
1 1414
1 1415
1 1416
1 1417
1 1418
1 1419
1 1420
1 1421
1 1422
1 1423
1 1424
1 1425
1 1426
1 1427
1 1428
1 1429
1 1430
1 1431
1 1432
1 1433
1 1434
1 1435
1 1436
1 1437
1 1438
1 1439
1 1440
1 1441
1 1442
1 1443
1 1444
1 1445
1 1446
1 1447
1 1448
1 1449
1 1450
1 1451
1 1452
1 1453
1 1454
1 1455
1 1456
1 1457
1 1458
1 1459
1 1460
1 1461
1 1462
1 1463
1 1464
1 1465
1 1466
1 1467
1 1468
1 1469
1 1470
1 1471
1 1472
1 1473
1 1474
1 1475
1 1476
1 1477
1 1478
1 1479
1 1480
1 1481
1 1482
1 1483
1 1484
1 1485
1 1486
1 1487
1 1488
1 1489
1 1490
1 1491
1 1492
1 1493
1 1494
1 1495
1 1496
1 1497
1 1498
1 1499
1 1500
1 1501
1 1502
1 1503
1 1504
1 1505
1 1506
1 1507
1 1508
1 1509
1 1510
1 1511
1 1512
1 1513
1 1514
1 1515
1 1516
1 1517
1 1518
1 1519
1 1520
1 1521
1 1522
1 1523
1 1524
1 1525
1 1526
1 1527
1 1528
1 1529
1 1530
1 1531
1 1532
1 1533
1 1534
1 1535
1 1536
1 1537
1 1538
1 1539
1 1540
1 1541
1 1542
1 1543
1 1544
1 1545
1 1546
1 1547
1 1548
1 1549
1 1550
1 1551
1 1552
1 1553
1 1554
1 1555
1 1556
1 1557
1 1558
1 1559
1 1560
1 1561
1 1562
1 1563
1 1564
1 1565
1 1566
1 1567
1 1568
1 1569
1 1570
1 1571
1 1572
1 1573
1 1574
1 1575
1 1576
1 1577
1 1578
1 1579
1 1580
1 1581
1 1582
1 1583
1 1584
1 1585
1 1586
1 1587
1 1588
1 1589
1 1590
1 1591
1 1592
1 1593
1 1594
1 1595
1 1596
1 1597
1 1598
1 1599
1 1600
1 1601
1 1602
1 1603
1 1604
1 1605
1 1606
1 1607
1 1608
1 1609
1 1610
1 1611
1 1612
1 1613
1 1614
1 1615
1 1616
1 1617
1 1618
1 1619
1 1620
1 1621
1 1622
1 1623
1 1624
1 1625
1 1626
1 1627
1 1628
1 1629
1 1630
1 1631
1 1632
1 1633
1 1634
1 1635
1 1636
1 1637
1 1638
1 1639
1 1640
1 1641
1 1642
1 1643
1 1644
1 1645
1 1646
1 1647
1 1648
1 1649
1 1650
1 1651
1 1652
1 1653
1 1654
1 1655
1 1656
1 1657
1 1658
1 1659
1 1660
1 1661
1 1662
1 1663
1 1664
1 1665
1 1666
1 1667
1 1668
1 1669
1 1670
1 1671
1 1672
1 1673
1 1674
1 1675
1 1676
1 1677
1 1678
1 1679
1 1680
1 1681
1 1682
1 1683
1 1684
1 1685
1 1686
1 1687
1 1688
1 1689
1 1690
1 1691
1 1692
1 1693
1 1694
1 1695
1 1696
1 1697
1 1698
1 1699
1 1700
1 1701
1 1702
1 1703
1 1704
1 1705
1 1706
1 1707
1 1708
1 1709
1 1710
1 1711
1 1712
1 1713
1 1714
1 1715
1 1716
1 1717
1 1718
1 1719
1 1720
1 1721
1 1722
1 1723
1 1724
1 1725
1 1726
1 1727
1 1728
1 1729
1 1730
1 1731
1 1732
1 1733
1 1734
1 1735
1 1736
1 1737
1 1738
1 1739
1 1740
1 1741
1 1742
1 1743
1 1744
1 1745
1 1746
1 1747
1 1748
1 1749
1 1750
1 1751
1 1752
1 1753
1 1754
1 1755
1 1756
1 1757
1 1758
1 1759
1 1760
1 1761
1 1762
1 1763
1 1764
1 1765
1 1766
1 1767
1 1768
1 1769
1 1770
1 1771
1 1772
1 1773
1 1774
1 1775
1 1776
1 1777
1 1778
1 1779
1 1780
1 1781
1 1782
1 1783
1 1784
1 1785
1 1786
1 1787
1 1788
1 1789
1 1790
1 1791
1 1792
1 1793
1 1794
1 1795
1 1796
1 1797
1 1798
1 1799
1 1800
1 1801
1 1802
1 1803
1 1804
1 1805
1 1806
1 1807
1 1808
1 1809
1 1810
1 1811
1 1812
1 1813
1 1814
1 1815
1 1816
1 1817
1 1818
1 1819
1 1820
1 1821
1 1822
1 1823
1 1824
1 1825
1 1826
1 1827
1 1828
1 1829
1 1830
1 1831
1 1832
1 1833
1 1834
1 1835
1 1836
1 1837
1 1838
1 1839
1 1840
1 1841
1 1842
1 1843
1 1844
1 1845
1 1846
1 1847
1 1848
1 1849
1 1850
1 1851
1 1852
1 1853
1 1854
1 1855
1 1856
1 1857
1 1858
1 1859
1 1860
1 1861
1 1862
1 1863
1 1864
1 1865
1 1866
1 1867
1 1868
1 1869
1 1870
1 1871
1 1872
1 1873
1 1874
1 1875
1 1876
1 1877
1 1878
1 1879
1 1880
1 1881
1 1882
1 1883
1 1884
1 1885
1 1886
1 1887
1 1888
1 1889
1 1890
1 1891
1 1892
1 1893
1 1894
1 1895
1 1896
1 1897
1 1898
1 1899
1 1900
1 1901
1 1902
1 1903
1 1904
1 1905
1 1906
1 1907
1 1908
1 1909
1 1910
1 1911
1 1912
1 1913
1 1914
1 1915
1 1916
1 1917
1 1918
1 1919
1 1920
1 1921
1 1922
1 1923
1 1924
1 1925
1 1926
1 1927
1 1928
1 1929
1 1930
1 1931
1 1932
1 1933
1 1934
1 1935
1 1936
1 1937
1 1938
1 1939
1 1940
1 1941
1 1942
1 1943
1 1944
1 1945
1 1946
1 1947
1 1948
1 1949
1 1950
1 1951
1 1952
1 1953
1 1954
1 1955
1 1956
1 1957
1 1958
1 1959
1 1960
1 1961
1 1962
1 1963
1 1964
1 1965
1 1966
1 1967
1 1968
1 1969
1 1970
1 1971
1 1972
1 1973
1 1974
1 1975
1 1976
1 1977
1 1978
1 1979
1 1980
1 1981
1 1982
1 1983
1 1984
1 1985
1 1986
1 1987
1 1988
1 1989
1 1990
1 1991
1 1992
1 1993
1 1994
1 1995
1 1996
1 1997
1 1998
1 1999
1 2000
1 2001
1 2002
1 2003
1 2004
1 2005
1 2006
1 2007
1 2008
1 2009
1 2010
1 2011
1 2012
1 2013
1 2014
1 2015
1 2016
1 2017
1 2018
1 2019
1 2020
1 2021
1 2022
1 2023
1 2024
1 2025
1 2026
1 2027
1 2028
1 2029
1 2030
1 2031
1 2032
1 2033
1 2034
1 2035
1 2036
1 2037
1 2038
1 2039
1 2040
1 2041
1 2042
1 2043
1 2044
1 2045
1 2046
1 2047
1 2048
1 2049
1 2050
1 2051
1 2052
1 2053
1 2054
1 2055
1 2056
1 2057
1 2058
1 2059
1 2060
1 2061
1 2062
1 2063
1 2064
1 2065
1 2066
1 2067
1 2068
1 2069
1 2070
1 2071
1 2072
1 2073
1 2074
1 2075
1 2076
1 2077
1 2078
1 2079
1 2080
1 2081
1 2082
1 2083
1 2084
1 2085
1 2086
1 2087
1 2088
1 2089
1 2090
1 2091
1 2092
1 2093
1 2094
1 2095
1 2096
1 2097
1 2098
1 2099
1 2100
1 2101
1 2102
1 2103
1 2104
1 2105
1 2106
1 2107
1 2108
1 2109
1 2110
1 2111
1 2112
1 2113
1 2114
1 2115
1 2116
1 2117
1 2118
1 2119
1 2120
1 2121
1 2122
1 2123
1 2124
1 2125
1 2126
1 2127
1 2128
1 2129
1 2130
1 2131
1 2132
1 2133
1 2134
1 2135
1 2136
1 2137
1 2138
1 2139
1 2140
1 2141
1 2142
1 2143
1 2144
1 2145
1 2146
1 2147
1 2148
1 2149
1 2150
1 2151
1 2152
1 2153
1 2154
1 2155
1 2156
1 2157
1 2158
1 2159
1 2160
1 2161
1 2162
1 2163
1 2164
1 2165
1 2166
1 2167
1 2168
1 2169
1 2170
1 2171
1 2172
1 2173
1 2174
1 2175
1 2176
1 2177
1 2178
1 2179
1 2180
1 2181
1 2182
1 2183
1 2184
1 2185
1 2186
1 2187
1 2188
1 2189
1 2190
1 2191
1 2192
1 2193
1 2194
1 2195
1 2196
1 2197
1 2198
1 2199
1 2200
1 2201
1 2202
1 2203
1 2204
1 2205
1 2206
1 2207
1 2208
1 2209
1 2210
1 2211
1 2212
1 2213
1 2214
1 2215
1 2216
1 2217
1 2218
1 2219
1 2220
1 2221
1 2222
1 2223
1 2224
1 2225
1 2226
1 2227
1 2228
1 2229
1 2230
1 2231
1 2232
1 2233
1 2234
1 2235
1 2236
1 2237
1 2238
1 2239
1 2240
1 2241
1 2242
1 2243
1 2244
1 2245
1 2246
1 2247
1 2248
1 2249
1 2250
1 2251
1 2252
1 2253
1 2254
1 2255
1 2256
1 2257
1 2258
1 2259
1 2260
1 2261
1 2262
1 2263
1 2264
1 2265
1 2266
1 2267
1 2268
1 2269
1 2270
1 2271
1 2272
1 2273
1 2274
1 2275
1 2276
1 2277
1 2278
1 2279
1 2280
1 2281
1 2282
1 2283
1 2284
1 2285
1 2286
1 2287
1 2288
1 2289
1 2290
1 2291
1 2292
1 2293
1 2294
1 2295
1 2296
1 2297
1 2298
1 2299
1 2300
1 2301
1 2302
1 2303
1 2304
1 2305
1 2306
1 2307
1 2308
1 2309
1 2310
1 2311
1 2312
1 2313
1 2314
1 2315
1 2316
1 2317
1 2318
1 2319
1 2320
1 2321
1 2322
1 2323
1 2324
1 2325
1 2326
1 2327
1 2328
1 2329
1 2330
1 2331
1 2332
1 2333
1 2334
1 2335
1 2336
1 2337
1 2338
1 2339
1 2340
1 2341
1 2342
1 2343
1 2344
1 2345
1 2346
1 2347
1 2348
1 2349
1 2350
1 2351
1 2352
1 2353
1 2354
1 2355
1 2356
1 2357
1 2358
1 2359
1 2360
1 2361
1 2362
1 2363
1 2364
1 2365
1 2366
1 2367
1 2368
1 2369
1 2370
1 2371
1 2372
1 2373
1 2374
1 2375
1 2376
1 2377
1 2378
1 2379
1 2380
1 2381
1 2382
1 2383
1 2384
1 2385
1 2386
1 2387
1 2388
1 2389
1 2390
1 2391
1 2392
1 2393
1 2394
1 2395
1 2396
1 2397
1 2398
1 2399
1 2400
1 2401
1 2402
1 2403
1 2404
1 2405
1 2406
1 2407
1 2408
1 2409
1 2410
1 2411
1 2412
1 2413
1 2414
1 2415
1 2416
1 2417
1 2418
1 2419
1 2420
1 2421
1 2422
1 2423
1 2424
1 2425
1 2426
1 2427
1 2428
1 2429
1 2430
1 2431
1 2432
1 2433
1 2434
1 2435
1 2436
1 2437
1 2438
1 2439
1 2440
1 2441
1 2442
1 2443
1 2444
1 2445
1 2446
1 2447
1 2448
1 2449
1 2450
1 2451
1 2452
1 2453
1 2454
1 2455
1 2456
1 2457
1 2458
1 2459
1 2460
1 2461
1 2462
1 2463
1 2464
1 2465
1 2466
1 2467
1 2468
1 2469
1 2470
1 2471
1 2472
1 2473
1 2474
1 2475
1 2476
1 2477
1 2478
1 2479
1 2480
1 2481
1 2482
1 2483
1 2484
1 2485
1 2486
1 2487
1 2488
1 2489
1 2490
1 2491
1 2492
1 2493
1 2494
1 2495
1 2496
1 2497
1 2498
1 2499
1 2500
1 2501
1 2502
1 2503
1 2504
1 2505
1 2506
1 2507
1 2508
1 2509
1 2510
1 2511
1 2512
1 2513
1 2514
1 2515
1 2516
1 2517
1 2518
1 2519
1 2520
1 2521
1 2522
1 2523
1 2524
1 2525
1 2526
1 2527
1 2528
1 2529
1 2530
1 2531
1 2532
1 2533
1 2534
1 2535
1 2536
1 2537
1 2538
1 2539
1 2540
1 2541
1 2542
1 2543
1 2544
1 2545
1 2546
1 2547
1 2548
1 2549
1 2550
1 2551
1 2552
1 2553
1 2554
1 2555
1 2556
1 2557
1 2558
1 2559
1 2560
1 2561
1 2562
1 2563
1 2564
1 2565
1 2566
1 2567
1 2568
1 2569
1 2570
1 2571
1 2572
1 2573
1 2574
1 2575
1 2576
1 2577
1 2578
1 2579
1 2580
1 2581
1 2582
1 2583
1 2584
1 2585
1 2586
1 2587
1 2588
1 2589
1 2590
1 2591
1 2592
1 2593
1 2594
1 2595
1 2596
1 2597
1 2598
1 2599
1 2600
1 2601
1 2602
1 2603
1 2604
1 2605
1 2606
1 2607
1 2608
1 2609
1 2610
1 2611
1 2612
1 2613
1 2614
1 2615
1 2616
1 2617
1 2618
1 2619
1 2620
1 2621
1 2622
1 2623
1 2624
1 2625
1 2626
1 2627
1 2628
1 2629
1 2630
1 2631
1 2632
1 2633
1 2634
1 2635
1 2636
1 2637
1 2638
1 2639
1 2640
1 2641
1 2642
1 2643
1 2644
1 2645
1 2646
1 2647
1 2648
1 2649
1 2650
1 2651
1 2652
1 2653
1 2654
1 2655
1 2656
1 2657
1 2658
1 2659
1 2660
1 2661
1 2662
1 2663
1 2664
1 2665
1 2666
1 2667
1 2668
1 2669
1 2670
1 2671
1 2672
1 2673
1 2674
1 2675
1 2676
1 2677
1 2678
1 2679
1 2680
1 2681
1 2682
1 2683
1 2684
1 2685
1 2686
1 2687
1 2688
1 2689
1 2690
1 2691
1 2692
1 2693
1 2694
1 2695
1 2696
1 2697
1 2698
1 2699
1 2700
1 2701
1 2702
1 2703
1 2704
1 2705
1 2706
1 2707
1 2708
1 2709
1 2710
1 2711
1 2712
1 2713
1 2714
1 2715
1 2716
1 2717
1 2718
1 2719
1 2720
1 2721
1 2722
1 2723
1 2724
1 2725
1 2726
1 2727
1 2728
1 2729
1 2730
1 2731
1 2732
1 2733
1 2734
1 2735
1 2736
1 2737
1 2738
1 2739
1 2740
1 2741
1 2742
1 2743
1 2744
1 2745
1 2746
1 2747
1 2748
1 2749
1 2750
1 2751
1 2752
1 2753
1 2754
1 2755
1 2756
1 2757
1 2758
1 2759
1 2760
1 2761
1 2762
1 2763
1 2764
1 2765
1 2766
1 2767
1 2768
1 2769
1 2770
1 2771
1 2772
1 2773
1 2774
1 2775
1 2776
1 2777
1 2778
1 2779
1 2780
1 2781
1 2782
1 2783
1 2784
1 2785
1 2786
1 2787
1 2788
1 2789
1 2790
1 2791
1 2792
1 2793
1 2794
1 2795
1 2796
1 2797
1 2798
1 2799
1 2800
1 2801
1 2802
1 2803
1 2804
1 2805
1 2806
1 2807
1 2808
1 2809
1 2810
1 2811
1 2812
1 2813
1 2814
1 2815
1 2816
1 2817
1 2818
1 2819
1 2820
1 2821
1 2822
1 2823
1 2824
1 2825
1 2826
1 2827
1 2828
1 2829
1 2830
1 2831
1 2832
1 2833
1 2834
1 2835
1 2836
1 2837
1 2838
1 2839
1 2840
1 2841
1 2842
1 2843
1 2844
1 2845
1 2846
1 2847
1 2848
1 2849
1 2850
1 2851
1 2852
1 2853
1 2854
1 2855
1 2856
1 2857
1 2858
1 2859
1 2860
1 2861
1 2862
1 2863
1 2864
1 2865
1 2866
1 2867
1 2868
1 2869
1 2870
1 2871
1 2872
1 2873
1 2874
1 2875
1 2876
1 2877
1 2878
1 2879
1 2880
1 2881
1 2882
1 2883
1 2884
1 2885
1 2886
1 2887
1 2888
1 2889
1 2890
1 2891
1 2892
1 2893
1 2894
1 2895
1 2896
1 2897
1 2898
1 2899
1 2900
1 2901
1 2902
1 2903
1 2904
1 2905
1 2906
1 2907
1 2908
1 2909
1 2910
1 2911
1 2912
1 2913
1 2914
1 2915
1 2916
1 2917
1 2918
1 2919
1 2920
1 2921
1 2922
1 2923
1 2924
1 2925
1 2926
1 2927
1 2928
1 2929
1 2930
1 2931
1 2932
1 2933
1 2934
1 2935
1 2936
1 2937
1 2938
1 2939
1 2940
1 2941
1 2942
1 2943
1 2944
1 2945
1 2946
1 2947
1 2948
1 2949
1 2950
1 2951
1 2952
1 2953
1 2954
1 2955
1 2956
1 2957
1 2958
1 2959
1 2960
1 2961
1 2962
1 2963
1 2964
1 2965
1 2966
1 2967
1 2968
1 2969
1 2970
1 2971
1 2972
1 2973
1 2974
1 2975
1 2976
1 2977
1 2978
1 2979
1 2980
1 2981
1 2982
1 2983
1 2984
1 2985
1 2986
1 2987
1 2988
1 2989
1 2990
1 2991
1 2992
1 2993
1 2994
1 2995
1 2996
1 2997
1 2998
1 2999
1 3000
1 3001
1 3002
1 3003
1 3004
1 3005
1 3006
1 3007
1 3008
1 3009
1 3010
1 3011
1 3012
1 3013
1 3014
1 3015
1 3016
1 3017
1 3018
1 3019
1 3020
1 3021
1 3022
1 3023
1 3024
1 3025
1 3026
1 3027
1 3028
1 3029
1 3030
1 3031
1 3032
1 3033
1 3034
1 3035
1 3036
1 3037
1 3038
1 3039
1 3040
1 3041
1 3042
1 3043
1 3044
1 3045
1 3046
1 3047
1 3048
1 3049
1 3050
1 3051
1 3052
1 3053
1 3054
1 3055
1 3056
1 3057
1 3058
1 3059
1 3060
1 3061
1 3062
1 3063
1 3064
1 3065
1 3066
1 3067
1 3068
1 3069
1 3070
1 3071
1 3072
1 3073
1 3074
1 3075
1 3076
1 3077
1 3078
1 3079
1 3080
1 3081
1 3082
1 3083
1 3084
1 3085
1 3086
1 3087
1 3088
1 3089
1 3090
1 3091
1 3092
1 3093
1 3094
1 3095
1 3096
1 3097
1 3098
1 3099
1 3100
1 3101
1 3102
1 3103
1 3104
1 3105
1 3106
1 3107
1 3108
1 3109
1 3110
1 3111
1 3112
1 3113
1 3114
1 3115
1 3116
1 3117
1 3118
1 3119
1 3120
1 3121
1 3122
1 3123
1 3124
1 3125
1 3126
1 3127
1 3128
1 3129
1 3130
1 3131
1 3132
1 3133
1 3134
1 3135
1 3136
1 3137
1 3138
1 3139
1 3140
1 3141
1 3142
1 3143
1 3144
1 3145
1 3146
1 3147
1 3148
1 3149
1 3150
1 3151
1 3152
1 3153
1 3154
1 3155
1 3156
1 3157
1 3158
1 3159
1 3160
1 3161
1 3162
1 3163
1 3164
1 3165
1 3166
1 3167
1 3168
1 3169
1 3170
1 3171
1 3172
1 3173
1 3174
1 3175
1 3176
1 3177
1 3178
1 3179
1 3180
1 3181
1 3182
1 3183
1 3184
1 3185
1 3186
1 3187
1 3188
1 3189
1 3190
1 3191
1 3192
1 3193
1 3194
1 3195
1 3196
1 3197
1 3198
1 3199
1 3200
1 3201
1 3202
1 3203
1 3204
1 3205
1 3206
1 3207
1 3208
1 3209
1 3210
1 3211
1 3212
1 3213
1 3214
1 3215
1 3216
1 3217
1 3218
1 3219
1 3220
1 3221
1 3222
1 3223
1 3224
1 3225
1 3226
1 3227
1 3228
1 3229
1 3230
1 3231
1 3232
1 3233
1 3234
1 3235
1 3236
1 3237
1 3238
1 3239
1 3240
1 3241
1 3242
1 3243
1 3244
1 3245
1 3246
1 3247
1 3248
1 3249
1 3250
1 3251
1 3252
1 3253
1 3254
1 3255
1 3256
1 3257
1 3258
1 3259
1 3260
1 3261
1 3262
1 3263
1 3264
1 3265
1 3266
1 3267
1 3268
1 3269
1 3270
1 3271
1 3272
1 3273
1 3274
1 3275
1 3276
1 3277
1 3278
1 3279
1 3280
1 3281
1 3282
1 3283
1 3284
1 3285
1 3286
1 3287
1 3288
1 3289
1 3290
1 3291
1 3292
1 3293
1 3294
1 3295
1 3296
1 3297
1 3298
1 3299
1 3300
1 3301
1 3302
1 3303
1 3304
1 3305
1 3306
1 3307
1 3308
1 3309
1 3310
1 3311
1 3312
1 3313
1 3314
1 3315
1 3316
1 3317
1 3318
1 3319
1 3320
1 3321
1 3322
1 3323
1 3324
1 3325
1 3326
1 3327
1 3328
1 3329
1 3330
1 3331
1 3332
1 3333
1 3334
1 3335
1 3336
1 3337
1 3338
1 3339
1 3340
1 3341
1 3342
1 3343
1 3344
1 3345
1 3346
1 3347
1 3348
1 3349
1 3350
1 3351
1 3352
1 3353
1 3354
1 3355
1 3356
1 3357
1 3358
1 3359
1 3360
1 3361
1 3362
1 3363
1 3364
1 3365
1 3366
1 3367
1 3368
1 3369
1 3370
1 3371
1 3372
1 3373
1 3374
1 3375
1 3376
1 3377
1 3378
1 3379
1 3380
1 3381
1 3382
1 3383
1 3384
1 3385
1 3386
1 3387
1 3388
1 3389
1 3390
1 3391
1 3392
1 3393
1 3394
1 3395
1 3396
1 3397
1 3398
1 3399
1 3400
1 3401
1 3402
1 3403
1 3404
1 3405
1 3406
1 3407
1 3408
1 3409
1 3410
1 3411
1 3412
1 3413
1 3414
1 3415
1 3416
1 3417
1 3418
1 3419
1 3420
1 3421
1 3422
1 3423
1 3424
1 3425
1 3426
1 3427
1 3428
1 3429
1 3430
1 3431
1 3432
1 3433
1 3434
1 3435
1 3436
1 3437
1 3438
1 3439
1 3440
1 3441
1 3442
1 3443
1 3444
1 3445
1 3446
1 3447
1 3448
1 3449
1 3450
1 3451
1 3452
1 3453
1 3454
1 3455
1 3456
1 3457
1 3458
1 3459
1 3460
1 3461
1 3462
1 3463
1 3464
1 3465
1 3466
1 3467
1 3468
1 3469
1 3470
1 3471
1 3472
1 3473
1 3474
1 3475
1 3476
1 3477
1 3478
1 3479
1 3480
1 3481
1 3482
1 3483
1 3484
1 3485
1 3486
1 3487
1 3488
1 3489
1 3490
1 3491
1 3492
1 3493
1 3494
1 3495
1 3496
1 3497
1 3498
1 3499
1 3500
1 3501
1 3502
1 3503
1 3504
1 3505
1 3506
1 3507
1 3508
1 3509
1 3510
1 3511
1 3512
1 3513
1 3514
1 3515
1 3516
1 3517
1 3518
1 3519
1 3520
1 3521
1 3522
1 3523
1 3524
1 3525
1 3526
1 3527
1 3528
1 3529
1 3530
1 3531
1 3532
1 3533
1 3534
1 3535
1 3536
1 3537
1 3538
1 3539
1 3540
1 3541
1 3542
1 3543
1 3544
1 3545
1 3546
1 3547
1 3548
1 3549
1 3550
1 3551
1 3552
1 3553
1 3554
1 3555
1 3556
1 3557
1 3558
1 3559
1 3560
1 3561
1 3562
1 3563
1 3564
1 3565
1 3566
1 3567
1 3568
1 3569
1 3570
1 3571
1 3572
1 3573
1 3574
1 3575
1 3576
1 3577
1 3578
1 3579
1 3580
1 3581
1 3582
1 3583
1 3584
1 3585
1 3586
1 3587
1 3588
1 3589
1 3590
1 3591
1 3592
1 3593
1 3594
1 3595
1 3596
1 3597
1 3598
1 3599
1 3600
1 3601
1 3602
1 3603
1 3604
1 3605
1 3606
1 3607
1 3608
1 3609
1 3610
1 3611
1 3612
1 3613
1 3614
1 3615
1 3616
1 3617
1 3618
1 3619
1 3620
1 3621
1 3622
1 3623
1 3624
1 3625
1 3626
1 3627
1 3628
1 3629
1 3630
1 3631
1 3632
1 3633
1 3634
1 3635
1 3636
1 3637
1 3638
1 3639
1 3640
1 3641
1 3642
1 3643
1 3644
1 3645
1 3646
1 3647
1 3648
1 3649
1 3650
1 3651
1 3652
1 3653
1 3654
1 3655
1 3656
1 3657
1 3658
1 3659
1 3660
1 3661
1 3662
1 3663
1 3664
1 3665
1 3666
1 3667
1 3668
1 3669
1 3670
1 3671
1 3672
1 3673
1 3674
1 3675
1 3676
1 3677
1 3678
1 3679
1 3680
1 3681
1 3682
1 3683
1 3684
1 3685
1 3686
1 3687
1 3688
1 3689
1 3690
1 3691
1 3692
1 3693
1 3694
1 3695
1 3696
1 3697
1 3698
1 3699
1 3700
1 3701
1 3702
1 3703
1 3704
1 3705
1 3706
1 3707
1 3708
1 3709
1 3710
1 3711
1 3712
1 3713
1 3714
1 3715
1 3716
1 3717
1 3718
1 3719
1 3720
1 3721
1 3722
1 3723
1 3724
1 3725
1 3726
1 3727
1 3728
1 3729
1 3730
1 3731
1 3732
1 3733
1 3734
1 3735
1 3736
1 3737
1 3738
1 3739
1 3740
1 3741
1 3742
1 3743
1 3744
1 3745
1 3746
1 3747
1 3748
1 3749
1 3750
1 3751
1 3752
1 3753
1 3754
1 3755
1 3756
1 3757
1 3758
1 3759
1 3760
1 3761
1 3762
1 3763
1 3764
1 3765
1 3766
1 3767
1 3768
1 3769
1 3770
1 3771
1 3772
1 3773
1 3774
1 3775
1 3776
1 3777
1 3778
1 3779
1 3780
1 3781
1 3782
1 3783
1 3784
1 3785
1 3786
1 3787
1 3788
1 3789
1 3790
1 3791
1 3792
1 3793
1 3794
1 3795
1 3796
1 3797
1 3798
1 3799
1 3800
1 3801
1 3802
1 3803
1 3804
1 3805
1 3806
1 3807
1 3808
1 3809
1 3810
1 3811
1 3812
1 3813
1 3814
1 3815
1 3816
1 3817
1 3818
1 3819
1 3820
1 3821
1 3822
1 3823
1 3824
1 3825
1 3826
1 3827
1 3828
1 3829
1 3830
1 3831
1 3832
1 3833
1 3834
1 3835
1 3836
1 3837
1 3838
1 3839
1 3840
1 3841
1 3842
1 3843
1 3844
1 3845
1 3846
1 3847
1 3848
1 3849
1 3850
1 3851
1 3852
1 3853
1 3854
1 3855
1 3856
1 3857
1 3858
1 3859
1 3860
1 3861
1 3862
1 3863
1 3864
1 3865
1 3866
1 3867
1 3868
1 3869
1 3870
1 3871
1 3872
1 3873
1 3874
1 3875
1 3876
1 3877
1 3878
1 3879
1 3880
1 3881
1 3882
1 3883
1 3884
1 3885
1 3886
1 3887
1 3888
1 3889
1 3890
1 3891
1 3892
1 3893
1 3894
1 3895
1 3896
1 3897
1 3898
1 3899
1 3900
1 3901
1 3902
1 3903
1 3904
1 3905
1 3906
1 3907
1 3908
1 3909
1 3910
1 3911
1 3912
1 3913
1 3914
1 3915
1 3916
1 3917
1 3918
1 3919
1 3920
1 3921
1 3922
1 3923
1 3924
1 3925
1 3926
1 3927
1 3928
1 3929
1 3930
1 3931
1 3932
1 3933
1 3934
1 3935
1 3936
1 3937
1 3938
1 3939
1 3940
1 3941
1 3942
1 3943
1 3944
1 3945
1 3946
1 3947
1 3948
1 3949
1 3950
1 3951
1 3952
1 3953
1 3954
1 3955
1 3956
1 3957
1 3958
1 3959
1 3960
1 3961
1 3962
1 3963
1 3964
1 3965
1 3966
1 3967
1 3968
1 3969
1 3970
1 3971
1 3972
1 3973
1 3974
1 3975
1 3976
1 3977
1 3978
1 3979
1 3980
1 3981
1 3982
1 3983
1 3984
1 3985
1 3986
1 3987
1 3988
1 3989
1 3990
1 3991
1 3992
1 3993
1 3994
1 3995
1 3996
1 3997
1 3998
1 3999
1 4000
1 4001
1 4002
1 4003
1 4004
1 4005
1 4006
1 4007
1 4008
1 4009
1 4010
1 4011
1 4012
1 4013
1 4014
1 4015
1 4016
1 4017
1 4018
1 4019
1 4020
1 4021
1 4022
1 4023
1 4024
1 4025
1 4026
1 4027
1 4028
1 4029
1 4030
1 4031
1 4032
1 4033
1 4034
1 4035
1 4036
1 4037
1 4038
1 4039
1 4040
1 4041
1 4042
1 4043
1 4044
1 4045
1 4046
1 4047
1 4048
1 4049
1 4050
1 4051
1 4052
1 4053
1 4054
1 4055
1 4056
1 4057
1 4058
1 4059
1 4060
1 4061
1 4062
1 4063
1 4064
1 4065
1 4066
1 4067
1 4068
1 4069
1 4070
1 4071
1 4072
1 4073
1 4074
1 4075
1 4076
1 4077
1 4078
1 4079
1 4080
1 4081
1 4082
1 4083
1 4084
1 4085
1 4086
1 4087
1 4088
1 4089
1 4090
1 4091
1 4092
1 4093
1 4094
1 4095
1 4096
1 4097
1 4098
1 4099
1 4100
1 4101
1 4102
1 4103
1 4104
1 4105
1 4106
1 4107
1 4108
1 4109
1 4110
1 4111
1 4112
1 4113
1 4114
1 4115
1 4116
1 4117
1 4118
1 4119
1 4120
1 4121
1 4122
1 4123
1 4124
1 4125
1 4126
1 4127
1 4128
1 4129
1 4130
1 4131
1 4132
1 4133
1 4134
1 4135
1 4136
1 4137
1 4138
1 4139
1 4140
1 4141
1 4142
1 4143
1 4144
1 4145
1 4146
1 4147
1 4148
1 4149
1 4150
1 4151
1 4152
1 4153
1 4154
1 4155
1 4156
1 4157
1 4158
1 4159
1 4160
1 4161
1 4162
1 4163
1 4164
1 4165
1 4166
1 4167
1 4168
1 4169
1 4170
1 4171
1 4172
1 4173
1 4174
1 4175
1 4176
1 4177
1 4178
1 4179
1 4180
1 4181
1 4182
1 4183
1 4184
1 4185
1 4186
1 4187
1 4188
1 4189
1 4190
1 4191
1 4192
1 4193
1 4194
1 4195
1 4196
1 4197
1 4198
1 4199
1 4200
1 4201
1 4202
1 4203
1 4204
1 4205
1 4206
1 4207
1 4208
1 4209
1 4210
1 4211
1 4212
1 4213
1 4214
1 4215
1 4216
1 4217
1 4218
1 4219
1 4220
1 4221
1 4222
1 4223
1 4224
1 4225
1 4226
1 4227
1 4228
1 4229
1 4230
1 4231
1 4232
1 4233
1 4234
1 4235
1 4236
1 4237
1 4238
1 4239
1 4240
1 4241
1 4242
1 4243
1 4244
1 4245
1 4246
1 4247
1 4248
1 4249
1 4250
1 4251
1 4252
1 4253
1 4254
1 4255
1 4256
1 4257
1 4258
1 4259
1 4260
1 4261
1 4262
1 4263
1 4264
1 4265
1 4266
1 4267
1 4268
1 4269
1 4270
1 4271
1 4272
1 4273
1 4274
1 4275
1 4276
1 4277
1 4278
1 4279
1 4280
1 4281
1 4282
1 4283
1 4284
1 4285
1 4286
1 4287
1 4288
1 4289
1 4290
1 4291
1 4292
1 4293
1 4294
1 4295
1 4296
1 4297
1 4298
1 4299
1 4300
1 4301
1 4302
1 4303
1 4304
1 4305
1 4306
1 4307
1 4308
1 4309
1 4310
1 4311
1 4312
1 4313
1 4314
1 4315
1 4316
1 4317
1 4318
1 4319
1 4320
1 4321
1 4322
1 4323
1 4324
1 4325
1 4326
1 4327
1 4328
1 4329
1 4330
1 4331
1 4332
1 4333
1 4334
1 4335
1 4336
1 4337
1 4338
1 4339
1 4340
1 4341
1 4342
1 4343
1 4344
1 4345
1 4346
1 4347
1 4348
1 4349
1 4350
1 4351
1 4352
1 4353
1 4354
1 4355
1 4356
1 4357
1 4358
1 4359
1 4360
1 4361
1 4362
1 4363
1 4364
1 4365
1 4366
1 4367
1 4368
1 4369
1 4370
1 4371
1 4372
1 4373
1 4374
1 4375
1 4376
1 4377
1 4378
1 4379
1 4380
1 4381
1 4382
1 4383
1 4384
1 4385
1 4386
1 4387
1 4388
1 4389
1 4390
1 4391
1 4392
1 4393
1 4394
1 4395
1 4396
1 4397
1 4398
1 4399
1 4400
1 4401
1 4402
1 4403
1 4404
1 4405
1 4406
1 4407
1 4408
1 4409
1 4410
1 4411
1 4412
1 4413
1 4414
1 4415
1 4416
1 4417
1 4418
1 4419
1 4420
1 4421
1 4422
1 4423
1 4424
1 4425
1 4426
1 4427
1 4428
1 4429
1 4430
1 4431
1 4432
1 4433
1 4434
1 4435
1 4436
1 4437
1 4438
1 4439
1 4440
1 4441
1 4442
1 4443
1 4444
1 4445
1 4446
1 4447
1 4448
1 4449
1 4450
1 4451
1 4452
1 4453
1 4454
1 4455
1 4456
1 4457
1 4458
1 4459
1 4460
1 4461
1 4462
1 4463
1 4464
1 4465
1 4466
1 4467
1 4468
1 4469
1 4470
1 4471
1 4472
1 4473
1 4474
1 4475
1 4476
1 4477
1 4478
1 4479
1 4480
1 4481
1 4482
1 4483
1 4484
1 4485
1 4486
1 4487
1 4488
1 4489
1 4490
1 4491
1 4492
1 4493
1 4494
1 4495
1 4496
1 4497
1 4498
1 4499
1 4500
1 4501
1 4502
1 4503
1 4504
1 4505
1 4506
1 4507
1 4508
1 4509
1 4510
1 4511
1 4512
1 4513
1 4514
1 4515
1 4516
1 4517
1 4518
1 4519
1 4520
1 4521
1 4522
1 4523
1 4524
1 4525
1 4526
1 4527
1 4528
1 4529
1 4530
1 4531
1 4532
1 4533
1 4534
1 4535
1 4536
1 4537
1 4538
1 4539
1 4540
1 4541
1 4542
1 4543
1 4544
1 4545
1 4546
1 4547
1 4548
1 4549
1 4550
1 4551
1 4552
1 4553
1 4554
1 4555
1 4556
1 4557
1 4558
1 4559
1 4560
1 4561
1 4562
1 4563
1 4564
1 4565
1 4566
1 4567
1 4568
1 4569
1 4570
1 4571
1 4572
1 4573
1 4574
1 4575
1 4576
1 4577
1 4578
1 4579
1 4580
1 4581
1 4582
1 4583
1 4584
1 4585
1 4586
1 4587
1 4588
1 4589
1 4590
1 4591
1 4592
1 4593
1 4594
1 4595
1 4596
1 4597
1 4598
1 4599
1 4600
1 4601
1 4602
1 4603
1 4604
1 4605
1 4606
1 4607
1 4608
1 4609
1 4610
1 4611
1 4612
1 4613
1 4614
1 4615
1 4616
1 4617
1 4618
1 4619
1 4620
1 4621
1 4622
1 4623
1 4624
1 4625
1 4626
1 4627
1 4628
1 4629
1 4630
1 4631
1 4632
1 4633
1 4634
1 4635
1 4636
1 4637
1 4638
1 4639
1 4640
1 4641
1 4642
1 4643
1 4644
1 4645
1 4646
1 4647
1 4648
1 4649
1 4650
1 4651
1 4652
1 4653
1 4654
1 4655
1 4656
1 4657
1 4658
1 4659
1 4660
1 4661
1 4662
1 4663
1 4664
1 4665
1 4666
1 4667
1 4668
1 4669
1 4670
1 4671
1 4672
1 4673
1 4674
1 4675
1 4676
1 4677
1 4678
1 4679
1 4680
1 4681
1 4682
1 4683
1 4684
1 4685
1 4686
1 4687
1 4688
1 4689
1 4690
1 4691
1 4692
1 4693
1 4694
1 4695
1 4696
1 4697
1 4698
1 4699
1 4700
1 4701
1 4702
1 4703
1 4704
1 4705
1 4706
1 4707
1 4708
1 4709
1 4710
1 4711
1 4712
1 4713
1 4714
1 4715
1 4716
1 4717
1 4718
1 4719
1 4720
1 4721
1 4722
1 4723
1 4724
1 4725
1 4726
1 4727
1 4728
1 4729
1 4730
1 4731
1 4732
1 4733
1 4734
1 4735
1 4736
1 4737
1 4738
1 4739
1 4740
1 4741
1 4742
1 4743
1 4744
1 4745
1 4746
1 4747
1 4748
1 4749
1 4750
1 4751
1 4752
1 4753
1 4754
1 4755
1 4756
1 4757
1 4758
1 4759
1 4760
1 4761
1 4762
1 4763
1 4764
1 4765
1 4766
1 4767
1 4768
1 4769
1 4770
1 4771
1 4772
1 4773
1 4774
1 4775
1 4776
1 4777
1 4778
1 4779
1 4780
1 4781
1 4782
1 4783
1 4784
1 4785
1 4786
1 4787
1 4788
1 4789
1 4790
1 4791
1 4792
1 4793
1 4794
1 4795
1 4796
1 4797
1 4798
1 4799
1 4800
1 4801
1 4802
1 4803
1 4804
1 4805
1 4806
1 4807
1 4808
1 4809
1 4810
1 4811
1 4812
1 4813
1 4814
1 4815
1 4816
1 4817
1 4818
1 4819
1 4820
1 4821
1 4822
1 4823
1 4824
1 4825
1 4826
1 4827
1 4828
1 4829
1 4830
1 4831
1 4832
1 4833
1 4834
1 4835
1 4836
1 4837
1 4838
1 4839
1 4840
1 4841
1 4842
1 4843
1 4844
1 4845
1 4846
1 4847
1 4848
1 4849
1 4850
1 4851
1 4852
1 4853
1 4854
1 4855
1 4856
1 4857
1 4858
1 4859
1 4860
1 4861
1 4862
1 4863
1 4864
1 4865
1 4866
1 4867
1 4868
1 4869
1 4870
1 4871
1 4872
1 4873
1 4874
1 4875
1 4876
1 4877
1 4878
1 4879
1 4880
1 4881
1 4882
1 4883
1 4884
1 4885
1 4886
1 4887
1 4888
1 4889
1 4890
1 4891
1 4892
1 4893
1 4894
1 4895
1 4896
1 4897
1 4898
1 4899
1 4900
1 4901
1 4902
1 4903
1 4904
1 4905
1 4906
1 4907
1 4908
1 4909
1 4910
1 4911
1 4912
1 4913
1 4914
1 4915
1 4916
1 4917
1 4918
1 4919
1 4920
1 4921
1 4922
1 4923
1 4924
1 4925
1 4926
1 4927
1 4928
1 4929
1 4930
1 4931
1 4932
1 4933
1 4934
1 4935
1 4936
1 4937
1 4938
1 4939
1 4940
1 4941
1 4942
1 4943
1 4944
1 4945
1 4946
1 4947
1 4948
1 4949
1 4950
1 4951
1 4952
1 4953
1 4954
1 4955
1 4956
1 4957
1 4958
1 4959
1 4960
1 4961
1 4962
1 4963
1 4964
1 4965
1 4966
1 4967
1 4968
1 4969
1 4970
1 4971
1 4972
1 4973
1 4974
1 4975
1 4976
1 4977
1 4978
1 4979
1 4980
1 4981
1 4982
1 4983
1 4984
1 4985
1 4986
1 4987
1 4988
1 4989
1 4990
1 4991
1 4992
1 4993
1 4994
1 4995
1 4996
1 4997
1 4998
1 4999
1 5000
1 5001
1 5002
1 5003
1 5004
1 5005
1 5006
1 5007
1 5008
1 5009
1 5010
1 5011
1 5012
1 5013
1 5014
1 5015
1 5016
1 5017
1 5018
1 5019
1 5020
1 5021
1 5022
1 5023
1 5024
1 5025
1 5026
1 5027
1 5028
1 5029
1 5030
1 5031
1 5032
1 5033
1 5034
1 5035
1 5036
1 5037
1 5038
1 5039
1 5040
1 5041
1 5042
1 5043
1 5044
1 5045
1 5046
1 5047
1 5048
1 5049
1 5050
1 5051
1 5052
1 5053
1 5054
1 5055
1 5056
1 5057
1 5058
1 5059
1 5060
1 5061
1 5062
1 5063
1 5064
1 5065
1 5066
1 5067
1 5068
1 5069
1 5070
1 5071
1 5072
1 5073
1 5074
1 5075
1 5076
1 5077
1 5078
1 5079
1 5080
1 5081
1 5082
1 5083
1 5084
1 5085
1 5086
1 5087
1 5088
1 5089
1 5090
1 5091
1 5092
1 5093
1 5094
1 5095
1 5096
1 5097
1 5098
1 5099
1 5100
1 5101
1 5102
1 5103
1 5104
1 5105
1 5106
1 5107
1 5108
1 5109
1 5110
1 5111
1 5112
1 5113
1 5114
1 5115
1 5116
1 5117
1 5118
1 5119
1 5120
1 5121
1 5122
1 5123
1 5124
1 5125
1 5126
1 5127
1 5128
1 5129
1 5130
1 5131
1 5132
1 5133
1 5134
1 5135
1 5136
1 5137
1 5138
1 5139
1 5140
1 5141
1 5142
1 5143
1 5144
1 5145
1 5146
1 5147
1 5148
1 5149
1 5150
1 5151
1 5152
1 5153
1 5154
1 5155
1 5156
1 5157
1 5158
1 5159
1 5160
1 5161
1 5162
1 5163
1 5164
1 5165
1 5166
1 5167
1 5168
1 5169
1 5170
1 5171
1 5172
1 5173
1 5174
1 5175
1 5176
1 5177
1 5178
1 5179
1 5180
1 5181
1 5182
1 5183
1 5184
1 5185
1 5186
1 5187
1 5188
1 5189
1 5190
1 5191
1 5192
1 5193
1 5194
1 5195
1 5196
1 5197
1 5198
1 5199
1 5200
1 5201
1 5202
1 5203
1 5204
1 5205
1 5206
1 5207
1 5208
1 5209
1 5210
1 5211
1 5212
1 5213
1 5214
1 5215
1 5216
1 5217
1 5218
1 5219
1 5220
1 5221
1 5222
1 5223
1 5224
1 5225
1 5226
1 5227
1 5228
1 5229
1 5230
1 5231
1 5232
1 5233
1 5234
1 5235
1 5236
1 5237
1 5238
1 5239
1 5240
1 5241
1 5242
1 5243
1 5244
1 5245
1 5246
1 5247
1 5248
1 5249
1 5250
1 5251
1 5252
1 5253
1 5254
1 5255
1 5256
1 5257
1 5258
1 5259
1 5260
1 5261
1 5262
1 5263
1 5264
1 5265
1 5266
1 5267
1 5268
1 5269
1 5270
1 5271
1 5272
1 5273
1 5274
1 5275
1 5276
1 5277
1 5278
1 5279
1 5280
1 5281
1 5282
1 5283
1 5284
1 5285
1 5286
1 5287
1 5288
1 5289
1 5290
1 5291
1 5292
1 5293
1 5294
1 5295
1 5296
1 5297
1 5298
1 5299
1 5300
1 5301
1 5302
1 5303
1 5304
1 5305
1 5306
1 5307
1 5308
1 5309
1 5310
1 5311
1 5312
1 5313
1 5314
1 5315
1 5316
1 5317
1 5318
1 5319
1 5320
1 5321
1 5322
1 5323
1 5324
1 5325
1 5326
1 5327
1 5328
1 5329
1 5330
1 5331
1 5332
1 5333
1 5334
1 5335
1 5336
1 5337
1 5338
1 5339
1 5340
1 5341
1 5342
1 5343
1 5344
1 5345
1 5346
1 5347
1 5348
1 5349
1 5350
1 5351
1 5352
1 5353
1 5354
1 5355
1 5356
1 5357
1 5358
1 5359
1 5360
1 5361
1 5362
1 5363
1 5364
1 5365
1 5366
1 5367
1 5368
1 5369
1 5370
1 5371
1 5372
1 5373
1 5374
1 5375
1 5376
1 5377
1 5378
1 5379
1 5380
1 5381
1 5382
1 5383
1 5384
1 5385
1 5386
1 5387
1 5388
1 5389
1 5390
1 5391
1 5392
1 5393
1 5394
1 5395
1 5396
1 5397
1 5398
1 5399
1 5400
1 5401
1 5402
1 5403
1 5404
1 5405
1 5406
1 5407
1 5408
1 5409
1 5410
1 5411
1 5412
1 5413
1 5414
1 5415
1 5416
1 5417
1 5418
1 5419
1 5420
1 5421
1 5422
1 5423
1 5424
1 5425
1 5426
1 5427
1 5428
1 5429
1 5430
1 5431
1 5432
1 5433
1 5434
1 5435
1 5436
1 5437
1 5438
1 5439
1 5440
1 5441
1 5442
1 5443
1 5444
1 5445
1 5446
1 5447
1 5448
1 5449
1 5450
1 5451
1 5452
1 5453
1 5454
1 5455
1 5456
1 5457
1 5458
1 5459
1 5460
1 5461
1 5462
1 5463
1 5464
1 5465
1 5466
1 5467
1 5468
1 5469
1 5470
1 5471
1 5472
1 5473
1 5474
1 5475
1 5476
1 5477
1 5478
1 5479
1 5480
1 5481
1 5482
1 5483
1 5484
1 5485
1 5486
1 5487
1 5488
1 5489
1 5490
1 5491
1 5492
1 5493
1 5494
1 5495
1 5496
1 5497
1 5498
1 5499
1 5500
1 5501
1 5502
1 5503
1 5504
1 5505
1 5506
1 5507
1 5508
1 5509
1 5510
1 5511
1 5512
1 5513
1 5514
1 5515
1 5516
1 5517
1 5518
1 5519
1 5520
1 5521
1 5522
1 5523
1 5524
1 5525
1 5526
1 5527
1 5528
1 5529
1 5530
1 5531
1 5532
1 5533
1 5534
1 5535
1 5536
1 5537
1 5538
1 5539
1 5540
1 5541
1 5542
1 5543
1 5544
1 5545
1 5546
1 5547
1 5548
1 5549
1 5550
1 5551
1 5552
1 5553
1 5554
1 5555
1 5556
1 5557
1 5558
1 5559
1 5560
1 5561
1 5562
1 5563
1 5564
1 5565
1 5566
1 5567
1 5568
1 5569
1 5570
1 5571
1 5572
1 5573
1 5574
1 5575
1 5576
1 5577
1 5578
1 5579
1 5580
1 5581
1 5582
1 5583
1 5584
1 5585
1 5586
1 5587
1 5588
1 5589
1 5590
1 5591
1 5592
1 5593
1 5594
1 5595
1 5596
1 5597
1 5598
1 5599
1 5600
1 5601
1 5602
1 5603
1 5604
1 5605
1 5606
1 5607
1 5608
1 5609
1 5610
1 5611
1 5612
1 5613
1 5614
1 5615
1 5616
1 5617
1 5618
1 5619
1 5620
1 5621
1 5622
1 5623
1 5624
1 5625
1 5626
1 5627
1 5628
1 5629
1 5630
1 5631
1 5632
1 5633
1 5634
1 5635
1 5636
1 5637
1 5638
1 5639
1 5640
1 5641
1 5642
1 5643
1 5644
1 5645
1 5646
1 5647
1 5648
1 5649
1 5650
1 5651
1 5652
1 5653
1 5654
1 5655
1 5656
1 5657
1 5658
1 5659
1 5660
1 5661
1 5662
1 5663
1 5664
1 5665
1 5666
1 5667
1 5668
1 5669
1 5670
1 5671
1 5672
1 5673
1 5674
1 5675
1 5676
1 5677
1 5678
1 5679
1 5680
1 5681
1 5682
1 5683
1 5684
1 5685
1 5686
1 5687
1 5688
1 5689
1 5690
1 5691
1 5692
1 5693
1 5694
1 5695
1 5696
1 5697
1 5698
1 5699
1 5700
1 5701
1 5702
1 5703
1 5704
1 5705
1 5706
1 5707
1 5708
1 5709
1 5710
1 5711
1 5712
1 5713
1 5714
1 5715
1 5716
1 5717
1 5718
1 5719
1 5720
1 5721
1 5722
1 5723
1 5724
1 5725
1 5726
1 5727
1 5728
1 5729
1 5730
1 5731
1 5732
1 5733
1 5734
1 5735
1 5736
1 5737
1 5738
1 5739
1 5740
1 5741
1 5742
1 5743
1 5744
1 5745
1 5746
1 5747
1 5748
1 5749
1 5750
1 5751
1 5752
1 5753
1 5754
1 5755
1 5756
1 5757
1 5758
1 5759
1 5760
1 5761
1 5762
1 5763
1 5764
1 5765
1 5766
1 5767
1 5768
1 5769
1 5770
1 5771
1 5772
1 5773
1 5774
1 5775
1 5776
1 5777
1 5778
1 5779
1 5780
1 5781
1 5782
1 5783
1 5784
1 5785
1 5786
1 5787
1 5788
1 5789
1 5790
1 5791
1 5792
1 5793
1 5794
1 5795
1 5796
1 5797
1 5798
1 5799
1 5800
1 5801
1 5802
1 5803
1 5804
1 5805
1 5806
1 5807
1 5808
1 5809
1 5810
1 5811
1 5812
1 5813
1 5814
1 5815
1 5816
1 5817
1 5818
1 5819
1 5820
1 5821
1 5822
1 5823
1 5824
1 5825
1 5826
1 5827
1 5828
1 5829
1 5830
1 5831
1 5832
1 5833
1 5834
1 5835
1 5836
1 5837
1 5838
1 5839
1 5840
1 5841
1 5842
1 5843
1 5844
1 5845
1 5846
1 5847
1 5848
1 5849
1 5850
1 5851
1 5852
1 5853
1 5854
1 5855
1 5856
1 5857
1 5858
1 5859
1 5860
1 5861
1 5862
1 5863
1 5864
1 5865
1 5866
1 5867
1 5868
1 5869
1 5870
1 5871
1 5872
1 5873
1 5874
1 5875
1 5876
1 5877
1 5878
1 5879
1 5880
1 5881
1 5882
1 5883
1 5884
1 5885
1 5886
1 5887
1 5888
1 5889
1 5890
1 5891
1 5892
1 5893
1 5894
1 5895
1 5896
1 5897
1 5898
1 5899
1 5900
1 5901
1 5902
1 5903
1 5904
1 5905
1 5906
1 5907
1 5908
1 5909
1 5910
1 5911
1 5912
1 5913
1 5914
1 5915
1 5916
1 5917
1 5918
1 5919
1 5920
1 5921
1 5922
1 5923
1 5924
1 5925
1 5926
1 5927
1 5928
1 5929
1 5930
1 5931
1 5932
1 5933
1 5934
1 5935
1 5936
1 5937
1 5938
1 5939
1 5940
1 5941
1 5942
1 5943
1 5944
1 5945
1 5946
1 5947
1 5948
1 5949
1 5950
1 5951
1 5952
1 5953
1 5954
1 5955
1 5956
1 5957
1 5958
1 5959
1 5960
1 5961
1 5962
1 5963
1 5964
1 5965
1 5966
1 5967
1 5968
1 5969
1 5970
1 5971
1 5972
1 5973
1 5974
1 5975
1 5976
1 5977
1 5978
1 5979
1 5980
1 5981
1 5982
1 5983
1 5984
1 5985
1 5986
1 5987
1 5988
1 5989
1 5990
1 5991
1 5992
1 5993
1 5994
1 5995
1 5996
1 5997
1 5998
1 5999
1 6000
1 6001
1 6002
1 6003
1 6004
1 6005
1 6006
1 6007
1 6008
1 6009
1 6010
1 6011
1 6012
1 6013
1 6014
1 6015
1 6016
1 6017
1 6018
1 6019
1 6020
1 6021
1 6022
1 6023
1 6024
1 6025
1 6026
1 6027
1 6028
1 6029
1 6030
1 6031
1 6032
1 6033
1 6034
1 6035
1 6036
1 6037
1 6038
1 6039
1 6040
1 6041
1 6042
1 6043
1 6044
1 6045
1 6046
1 6047
1 6048
1 6049
1 6050
1 6051
1 6052
1 6053
1 6054
1 6055
1 6056
1 6057
1 6058
1 6059
1 6060
1 6061
1 6062
1 6063
1 6064
1 6065
1 6066
1 6067
1 6068
1 6069
1 6070
1 6071
1 6072
1 6073
1 6074
1 6075
1 6076
1 6077
1 6078
1 6079
1 6080
1 6081
1 6082
1 6083
1 6084
1 6085
1 6086
1 6087
1 6088
1 6089
1 6090
1 6091
1 6092
1 6093
1 6094
1 6095
1 6096
1 6097
1 6098
1 6099
1 6100
1 6101
1 6102
1 6103
1 6104
1 6105
1 6106
1 6107
1 6108
1 6109
1 6110
1 6111
1 6112
1 6113
1 6114
1 6115
1 6116
1 6117
1 6118
1 6119
1 6120
1 6121
1 6122
1 6123
1 6124
1 6125
1 6126
1 6127
1 6128
1 6129
1 6130
1 6131
1 6132
1 6133
1 6134
1 6135
1 6136
1 6137
1 6138
1 6139
1 6140
1 6141
1 6142
1 6143
1 6144
1 6145
1 6146
1 6147
1 6148
1 6149
1 6150
1 6151
1 6152
1 6153
1 6154
1 6155
1 6156
1 6157
1 6158
1 6159
1 6160
1 6161
1 6162
1 6163
1 6164
1 6165
1 6166
1 6167
1 6168
1 6169
1 6170
1 6171
1 6172
1 6173
1 6174
1 6175
1 6176
1 6177
1 6178
1 6179
1 6180
1 6181
1 6182
1 6183
1 6184
1 6185
1 6186
1 6187
1 6188
1 6189
1 6190
1 6191
1 6192
1 6193
1 6194
1 6195
1 6196
1 6197
1 6198
1 6199
1 6200
1 6201
1 6202
1 6203
1 6204
1 6205
1 6206
1 6207
1 6208
1 6209
1 6210
1 6211
1 6212
1 6213
1 6214
1 6215
1 6216
1 6217
1 6218
1 6219
1 6220
1 6221
1 6222
1 6223
1 6224
1 6225
1 6226
1 6227
1 6228
1 6229
1 6230

CELL_TYPES 6231
1
1
1
1
1
1
1
1
1
1
1
1
1
1
1
1
1
1
1
1
1
1
1
1
1
1
1
1
1
1
1
1
1
1
1
1
1
1
1
1
1
1
1
1
1
1
1
1
1
1
1
1
1
1
1
1
1
1
1
1
1
1
1
1
1
1
1
1
1
1
1
1
1
1
1
1
1
1
1
1
1
1
1
1
1
1
1
1
1
1
1
1
1
1
1
1
1
1
1
1
1
1
1
1
1
1
1
1
1
1
1
1
1
1
1
1
1
1
1
1
1
1
1
1
1
1
1
1
1
1
1
1
1
1
1
1
1
1
1
1
1
1
1
1
1
1
1
1
1
1
1
1
1
1
1
1
1
1
1
1
1
1
1
1
1
1
1
1
1
1
1
1
1
1
1
1
1
1
1
1
1
1
1
1
1
1
1
1
1
1
1
1
1
1
1
1
1
1
1
1
1
1
1
1
1
1
1
1
1
1
1
1
1
1
1
1
1
1
1
1
1
1
1
1
1
1
1
1
1
1
1
1
1
1
1
1
1
1
1
1
1
1
1
1
1
1
1
1
1
1
1
1
1
1
1
1
1
1
1
1
1
1
1
1
1
1
1
1
1
1
1
1
1
1
1
1
1
1
1
1
1
1
1
1
1
1
1
1
1
1
1
1
1
1
1
1
1
1
1
1
1
1
1
1
1
1
1
1
1
1
1
1
1
1
1
1
1
1
1
1
1
1
1
1
1
1
1
1
1
1
1
1
1
1
1
1
1
1
1
1
1
1
1
1
1
1
1
1
1
1
1
1
1
1
1
1
1
1
1
1
1
1
1
1
1
1
1
1
1
1
1
1
1
1
1
1
1
1
1
1
1
1
1
1
1
1
1
1
1
1
1
1
1
1
1
1
1
1
1
1
1
1
1
1
1
1
1
1
1
1
1
1
1
1
1
1
1
1
1
1
1
1
1
1
1
1
1
1
1
1
1
1
1
1
1
1
1
1
1
1
1
1
1
1
1
1
1
1
1
1
1
1
1
1
1
1
1
1
1
1
1
1
1
1
1
1
1
1
1
1
1
1
1
1
1
1
1
1
1
1
1
1
1
1
1
1
1
1
1
1
1
1
1
1
1
1
1
1
1
1
1
1
1
1
1
1
1
1
1
1
1
1
1
1
1
1
1
1
1
1
1
1
1
1
1
1
1
1
1
1
1
1
1
1
1
1
1
1
1
1
1
1
1
1
1
1
1
1
1
1
1
1
1
1
1
1
1
1
1
1
1
1
1
1
1
1
1
1
1
1
1
1
1
1
1
1
1
1
1
1
1
1
1
1
1
1
1
1
1
1
1
1
1
1
1
1
1
1
1
1
1
1
1
1
1
1
1
1
1
1
1
1
1
1
1
1
1
1
1
1
1
1
1
1
1
1
1
1
1
1
1
1
1
1
1
1
1
1
1
1
1
1
1
1
1
1
1
1
1
1
1
1
1
1
1
1
1
1
1
1
1
1
1
1
1
1
1
1
1
1
1
1
1
1
1
1
1
1
1
1
1
1
1
1
1
1
1
1
1
1
1
1
1
1
1
1
1
1
1
1
1
1
1
1
1
1
1
1
1
1
1
1
1
1
1
1
1
1
1
1
1
1
1
1
1
1
1
1
1
1
1
1
1
1
1
1
1
1
1
1
1
1
1
1
1
1
1
1
1
1
1
1
1
1
1
1
1
1
1
1
1
1
1
1
1
1
1
1
1
1
1
1
1
1
1
1
1
1
1
1
1
1
1
1
1
1
1
1
1
1
1
1
1
1
1
1
1
1
1
1
1
1
1
1
1
1
1
1
1
1
1
1
1
1
1
1
1
1
1
1
1
1
1
1
1
1
1
1
1
1
1
1
1
1
1
1
1
1
1
1
1
1
1
1
1
1
1
1
1
1
1
1
1
1
1
1
1
1
1
1
1
1
1
1
1
1
1
1
1
1
1
1
1
1
1
1
1
1
1
1
1
1
1
1
1
1
1
1
1
1
1
1
1
1
1
1
1
1
1
1
1
1
1
1
1
1
1
1
1
1
1
1
1
1
1
1
1
1
1
1
1
1
1
1
1
1
1
1
1
1
1
1
1
1
1
1
1
1
1
1
1
1
1
1
1
1
1
1
1
1
1
1
1
1
1
1
1
1
1
1
1
1
1
1
1
1
1
1
1
1
1
1
1
1
1
1
1
1
1
1
1
1
1
1
1
1
1
1
1
1
1
1
1
1
1
1
1
1
1
1
1
1
1
1
1
1
1
1
1
1
1
1
1
1
1
1
1
1
1
1
1
1
1
1
1
1
1
1
1
1
1
1
1
1
1
1
1
1
1
1
1
1
1
1
1
1
1
1
1
1
1
1
1
1
1
1
1
1
1
1
1
1
1
1
1
1
1
1
1
1
1
1
1
1
1
1
1
1
1
1
1
1
1
1
1
1
1
1
1
1
1
1
1
1
1
1
1
1
1
1
1
1
1
1
1
1
1
1
1
1
1
1
1
1
1
1
1
1
1
1
1
1
1
1
1
1
1
1
1
1
1
1
1
1
1
1
1
1
1
1
1
1
1
1
1
1
1
1
1
1
1
1
1
1
1
1
1
1
1
1
1
1
1
1
1
1
1
1
1
1
1
1
1
1
1
1
1
1
1
1
1
1
1
1
1
1
1
1
1
1
1
1
1
1
1
1
1
1
1
1
1
1
1
1
1
1
1
1
1
1
1
1
1
1
1
1
1
1
1
1
1
1
1
1
1
1
1
1
1
1
1
1
1
1
1
1
1
1
1
1
1
1
1
1
1
1
1
1
1
1
1
1
1
1
1
1
1
1
1
1
1
1
1
1
1
1
1
1
1
1
1
1
1
1
1
1
1
1
1
1
1
1
1
1
1
1
1
1
1
1
1
1
1
1
1
1
1
1
1
1
1
1
1
1
1
1
1
1
1
1
1
1
1
1
1
1
1
1
1
1
1
1
1
1
1
1
1
1
1
1
1
1
1
1
1
1
1
1
1
1
1
1
1
1
1
1
1
1
1
1
1
1
1
1
1
1
1
1
1
1
1
1
1
1
1
1
1
1
1
1
1
1
1
1
1
1
1
1
1
1
1
1
1
1
1
1
1
1
1
1
1
1
1
1
1
1
1
1
1
1
1
1
1
1
1
1
1
1
1
1
1
1
1
1
1
1
1
1
1
1
1
1
1
1
1
1
1
1
1
1
1
1
1
1
1
1
1
1
1
1
1
1
1
1
1
1
1
1
1
1
1
1
1
1
1
1
1
1
1
1
1
1
1
1
1
1
1
1
1
1
1
1
1
1
1
1
1
1
1
1
1
1
1
1
1
1
1
1
1
1
1
1
1
1
1
1
1
1
1
1
1
1
1
1
1
1
1
1
1
1
1
1
1
1
1
1
1
1
1
1
1
1
1
1
1
1
1
1
1
1
1
1
1
1
1
1
1
1
1
1
1
1
1
1
1
1
1
1
1
1
1
1
1
1
1
1
1
1
1
1
1
1
1
1
1
1
1
1
1
1
1
1
1
1
1
1
1
1
1
1
1
1
1
1
1
1
1
1
1
1
1
1
1
1
1
1
1
1
1
1
1
1
1
1
1
1
1
1
1
1
1
1
1
1
1
1
1
1
1
1
1
1
1
1
1
1
1
1
1
1
1
1
1
1
1
1
1
1
1
1
1
1
1
1
1
1
1
1
1
1
1
1
1
1
1
1
1
1
1
1
1
1
1
1
1
1
1
1
1
1
1
1
1
1
1
1
1
1
1
1
1
1
1
1
1
1
1
1
1
1
1
1
1
1
1
1
1
1
1
1
1
1
1
1
1
1
1
1
1
1
1
1
1
1
1
1
1
1
1
1
1
1
1
1
1
1
1
1
1
1
1
1
1
1
1
1
1
1
1
1
1
1
1
1
1
1
1
1
1
1
1
1
1
1
1
1
1
1
1
1
1
1
1
1
1
1
1
1
1
1
1
1
1
1
1
1
1
1
1
1
1
1
1
1
1
1
1
1
1
1
1
1
1
1
1
1
1
1
1
1
1
1
1
1
1
1
1
1
1
1
1
1
1
1
1
1
1
1
1
1
1
1
1
1
1
1
1
1
1
1
1
1
1
1
1
1
1
1
1
1
1
1
1
1
1
1
1
1
1
1
1
1
1
1
1
1
1
1
1
1
1
1
1
1
1
1
1
1
1
1
1
1
1
1
1
1
1
1
1
1
1
1
1
1
1
1
1
1
1
1
1
1
1
1
1
1
1
1
1
1
1
1
1
1
1
1
1
1
1
1
1
1
1
1
1
1
1
1
1
1
1
1
1
1
1
1
1
1
1
1
1
1
1
1
1
1
1
1
1
1
1
1
1
1
1
1
1
1
1
1
1
1
1
1
1
1
1
1
1
1
1
1
1
1
1
1
1
1
1
1
1
1
1
1
1
1
1
1
1
1
1
1
1
1
1
1
1
1
1
1
1
1
1
1
1
1
1
1
1
1
1
1
1
1
1
1
1
1
1
1
1
1
1
1
1
1
1
1
1
1
1
1
1
1
1
1
1
1
1
1
1
1
1
1
1
1
1
1
1
1
1
1
1
1
1
1
1
1
1
1
1
1
1
1
1
1
1
1
1
1
1
1
1
1
1
1
1
1
1
1
1
1
1
1
1
1
1
1
1
1
1
1
1
1
1
1
1
1
1
1
1
1
1
1
1
1
1
1
1
1
1
1
1
1
1
1
1
1
1
1
1
1
1
1
1
1
1
1
1
1
1
1
1
1
1
1
1
1
1
1
1
1
1
1
1
1
1
1
1
1
1
1
1
1
1
1
1
1
1
1
1
1
1
1
1
1
1
1
1
1
1
1
1
1
1
1
1
1
1
1
1
1
1
1
1
1
1
1
1
1
1
1
1
1
1
1
1
1
1
1
1
1
1
1
1
1
1
1
1
1
1
1
1
1
1
1
1
1
1
1
1
1
1
1
1
1
1
1
1
1
1
1
1
1
1
1
1
1
1
1
1
1
1
1
1
1
1
1
1
1
1
1
1
1
1
1
1
1
1
1
1
1
1
1
1
1
1
1
1
1
1
1
1
1
1
1
1
1
1
1
1
1
1
1
1
1
1
1
1
1
1
1
1
1
1
1
1
1
1
1
1
1
1
1
1
1
1
1
1
1
1
1
1
1
1
1
1
1
1
1
1
1
1
1
1
1
1
1
1
1
1
1
1
1
1
1
1
1
1
1
1
1
1
1
1
1
1
1
1
1
1
1
1
1
1
1
1
1
1
1
1
1
1
1
1
1
1
1
1
1
1
1
1
1
1
1
1
1
1
1
1
1
1
1
1
1
1
1
1
1
1
1
1
1
1
1
1
1
1
1
1
1
1
1
1
1
1
1
1
1
1
1
1
1
1
1
1
1
1
1
1
1
1
1
1
1
1
1
1
1
1
1
1
1
1
1
1
1
1
1
1
1
1
1
1
1
1
1
1
1
1
1
1
1
1
1
1
1
1
1
1
1
1
1
1
1
1
1
1
1
1
1
1
1
1
1
1
1
1
1
1
1
1
1
1
1
1
1
1
1
1
1
1
1
1
1
1
1
1
1
1
1
1
1
1
1
1
1
1
1
1
1
1
1
1
1
1
1
1
1
1
1
1
1
1
1
1
1
1
1
1
1
1
1
1
1
1
1
1
1
1
1
1
1
1
1
1
1
1
1
1
1
1
1
1
1
1
1
1
1
1
1
1
1
1
1
1
1
1
1
1
1
1
1
1
1
1
1
1
1
1
1
1
1
1
1
1
1
1
1
1
1
1
1
1
1
1
1
1
1
1
1
1
1
1
1
1
1
1
1
1
1
1
1
1
1
1
1
1
1
1
1
1
1
1
1
1
1
1
1
1
1
1
1
1
1
1
1
1
1
1
1
1
1
1
1
1
1
1
1
1
1
1
1
1
1
1
1
1
1
1
1
1
1
1
1
1
1
1
1
1
1
1
1
1
1
1
1
1
1
1
1
1
1
1
1
1
1
1
1
1
1
1
1
1
1
1
1
1
1
1
1
1
1
1
1
1
1
1
1
1
1
1
1
1
1
1
1
1
1
1
1
1
1
1
1
1
1
1
1
1
1
1
1
1
1
1
1
1
1
1
1
1
1
1
1
1
1
1
1
1
1
1
1
1
1
1
1
1
1
1
1
1
1
1
1
1
1
1
1
1
1
1
1
1
1
1
1
1
1
1
1
1
1
1
1
1
1
1
1
1
1
1
1
1
1
1
1
1
1
1
1
1
1
1
1
1
1
1
1
1
1
1
1
1
1
1
1
1
1
1
1
1
1
1
1
1
1
1
1
1
1
1
1
1
1
1
1
1
1
1
1
1
1
1
1
1
1
1
1
1
1
1
1
1
1
1
1
1
1
1
1
1
1
1
1
1
1
1
1
1
1
1
1
1
1
1
1
1
1
1
1
1
1
1
1
1
1
1
1
1
1
1
1
1
1
1
1
1
1
1
1
1
1
1
1
1
1
1
1
1
1
1
1
1
1
1
1
1
1
1
1
1
1
1
1
1
1
1
1
1
1
1
1
1
1
1
1
1
1
1
1
1
1
1
1
1
1
1
1
1
1
1
1
1
1
1
1
1
1
1
1
1
1
1
1
1
1
1
1
1
1
1
1
1
1
1
1
1
1
1
1
1
1
1
1
1
1
1
1
1
1
1
1
1
1
1
1
1
1
1
1
1
1
1
1
1
1
1
1
1
1
1
1
1
1
1
1
1
1
1
1
1
1
1
1
1
1
1
1
1
1
1
1
1
1
1
1
1
1
1
1
1
1
1
1
1
1
1
1
1
1
1
1
1
1
1
1
1
1
1
1
1
1
1
1
1
1
1
1
1
1
1
1
1
1
1
1
1
1
1
1
1
1
1
1
1
1
1
1
1
1
1
1
1
1
1
1
1
1
1
1
1
1
1
1
1
1
1
1
1
1
1
1
1
1
1
1
1
1
1
1
1
1
1
1
1
1
1
1
1
1
1
1
1
1
1
1
1
1
1
1
1
1
1
1
1
1
1
1
1
1
1
1
1
1
1
1
1
1
1
1
1
1
1
1
1
1
1
1
1
1
1
1
1
1
1
1
1
1
1
1
1
1
1
1
1
1
1
1
1
1
1
1
1
1
1
1
1
1
1
1
1
1
1
1
1
1
1
1
1
1
1
1
1
1
1
1
1
1
1
1
1
1
1
1
1
1
1
1
1
1
1
1
1
1
1
1
1
1
1
1
1
1
1
1
1
1
1
1
1
1
1
1
1
1
1
1
1
1
1
1
1
1
1
1
1
1
1
1
1
1
1
1
1
1
1
1
1
1
1
1
1
1
1
1
1
1
1
1
1
1
1
1
1
1
1
1
1
1
1
1
1
1
1
1
1
1
1
1
1
1
1
1
1
1
1
1
1
1
1
1
1
1
1
1
1
1
1
1
1
1
1
1
1
1
1
1
1
1
1
1
1
1
1
1
1
1
1
1
1
1
1
1
1
1
1
1
1
1
1
1
1
1
1
1
1
1
1
1
1
1
1
1
1
1
1
1
1
1
1
1
1
1
1
1
1
1
1
1
1
1
1
1
1
1
1
1
1
1
1
1
1
1
1
1
1
1
1
1
1
1
1
1
1
1
1
1
1
1
1
1
1
1
1
1
1
1
1
1
1
1
1
1
1
1
1
1
1
1
1
1
1
1
1
1
1
1
1
1
1
1
1
1
1
1
1
1
1
1
1
1
1
1
1
1
1
1
1
1
1
1
1
1
1
1
1
1
1
1
1
1
1
1
1
1
1
1
1
1
1
1
1
1
1
1
1
1
1
1
1
1
1
1
1
1
1
1
1
1
1
1
1
1
1
1
1
1
1
1
1
1
1
1
1
1
1
1
1
1
1
1
1
1
1
1
1
1
1
1
1
1
1
1
1
1
1
1
1
1
1
1
1
1
1
1
1
1
1
1
1
1
1
1
1
1
1
1
1
1
1
1
1
1
1
1
1
1
1
1
1
1
1
1
1
1
1
1
1
1
1
1
1
1
1
1
1
1
1
1
1
1
1
1
1
1
1
1
1
1
1
1
1
1
1
1
1
1
1
1
1
1
1
1
1
1
1
1
1
1
1
1
1
1
1
1
1
1
1
1
1
1
1
1
1
1
1
1
1
1
1
1
1
1
1
1
1
1
1
1
1
1
1
1
1
1
1
1
1
1
1
1
1
1
1
1
1
1
1
1
1
1
1
1
1
1
1
1
1
1
1
1
1
1
1
1
1
1
1
1
1
1
1
1
1
1
1
1
1
1
1
1
1
1
1
1
1
1
1
1
1
1
1
1
1
1
1
1
1
1
1
1
1
1
1
1
1
1
1
1
1
1
1
1
1
1
1
1
1
1
1
1
1
1
1
1
1
1
1
1
1
1
1
1
1
1
1
1
1
1
1
1
1
1
1
1
1
1
1
1
1
1
1
1
1
1
1
1
1
1
1
1
1
1
1
1
1
1
1
1
1
1
1
1
1
1
1
1
1
1
1
1
1
1
1
1
1
1
1
1
1
1
1
1
1
1
1
1
1
1
1
1
1
1
1
1
1
1
1
1
1
1
1
1
1
1
1
1
1
1
1
1
1
1
1
1
1
1
1
1
1
1
1
1
1
1
1
1
1
1
1
1
1
1
1
1
1
1
1
1
1
1
1
1
1
1
1
1
1
1
1
1
1
1
1
1
1
1
1
1
1
1
1
1
1
1
1
1
1
1
1
1
1
1
1
1
1
1
1
1
1
1
1
1
1
1
1
1
1
1
1
1
1
1
1
1
1
1
1
1
1
1
1
1
1
1
1
1
1
1
1
1
1
1
1
1
1
1
1
1
1
1
1
1
1
1
1
1
1
1
1
1
1
1
1
1
1
1
1
1
1
1
1
1
1
1
1
1
1
1
1
1
1
1
1
1
1
1
1
1
1
1
1
1
1
1
1
1
1
1
1
1
1
1
1
1
1
1
1
1
1
1
1
1
1
1
1
1
1
1
1
1
1
1
1
1
1
1
1
1
1
1
1
1
1
1
1
1
1
1
1
1
1
1
1
1
1
1
1
1
1
1
1
1
1
1
1
1
1
1
1
1
1
1
1
1
1
1
1
1
1
1
1
1
1
1
1
1
1
1
1
1
1
1
1
1
1
1
1
1
1
1
1
1
1
1
1
1
1
1
1
1
1
1
1
1
1
1
1
1
1
1
1
1
1
1
1
1
1
1
1
1
1
1
1
1
1
1
1
1
1
1
1
1
1
1
1
1
1
1
1
1
1
1
1
1
1
1
1
1
1
1
1
1
1
1
1
1
1
1
1
1
1
1
1
1
1
1
1
1
1
1
1
1
1
1
1
1
1
1
1
1
1
1
1
1
1
1
1
1
1
1
1
1
1
1
1
1
1
1
1
1
1
1
1
1
1
1
1
1
1
1
1
1
1
1
1
1
1
1
1
1
1
1
1
1
1
1
1
1
1
1
1
1
1
1
1
1
1
1
1
1
1
1
1
1
1
1
1
1
1
1
1
1
1
1
1
1
1
1
1
1
1
1
1
1
1
1
1
1
1
1
1
1
1
1
1
1
1
1
1
1
1
1
1
1
1
1
1
1
1
1
1
1
1
1
1
1
1
1
1
1
1
1
1
1
1
1
1
1
1
1
1
1
1
1
1
1
1
1
1
1
1
1
1
1
1
1
1
1
1
1
1
1
1
1
1
1
1
1
1
1
1
1
1
1
1
1
1
1
1
1
1
1
1
1
1
1
1
1
1
1
1
1
1
1
1
1
1
1
1
1
1
1
1
1
1
1
1
1
1
1
1
1
1
1
1
1
1
1
1
1
1
1
1
1
1
1
1
1
1
1
1
1
1
1
1
1
1
1
1
1
1
1
1
1
1
1
1
1
1
1
1
1
1
1
1
1
1
1
1
1
1
1
1
1
1
1
1
1
1
1
1
1
1
1
1
1
1
1
1
1
1
1
1
1
1
1
1
1
1
1
1
1
1
1
1
1
1
1
1
1
1
1
1
1
1
1
1
1
1
1
1
1
1
1
1
1
1
1
1
1
1
1
1
1
1
1
1
1
1
1
1
1
1
1
1
1
1
1
1
1
1
1
1
1
1
1
1
1
1
1
1
1
1
1
1
1
1
1
1
1
1
1
1
1
1
1
1
1
1
1
1
1
1
1
1
1
1
1
1
1
1
1
1
1
1
1
1
1
1
1
1
1
1
1
1
1
1
1
1
1
1
1
1
1
1
1
1
1
1
1
1
1
1
1
1
1
1
1
1
1
1
1
1
1
1
1
1
1
1
1
1
1
1
1
1
1
1
1
1
1
1
1
1
1
1
1
1
1
1
1
1
1
1
1
1
1
1
1
1
1
1
1
1
1
1
1
1
1
1
1
1
1
1
1
1
1
1
1
1
1
1
1
1
1
1
1
1
1
1
1
1
1
1
1
1
1
1
1
1
1
1
1
1
1
1
1
1
1
1
1
1
1
1
1
1
1
1
1
1
1
1
1
1
1
1
1
1
1
1
1
1
1
1
1
1
1
1
1
1
1
1
1
1
1
1
1
1
1
1
1
1
1
1
1
1
1
1
1
1
1
1
1
1
1
1
1
1
1
1
1
1
1
1
1
1
1
1
1
1
1
1
1
1
1
1
1
1
1
1
1
1
1
1
1
1
1
1
1
1
1
1
1
1
1
1
1
1
1
1
1
1
1
1
1
1
1
1
1
1
1
1
1
1
1
1
1
1
1
1
1
1
1
1
1
1
1
1
1
1
1
1
1
1
1
1
1
1
1
1
1
1
1
1
1
1
1
1
1
1
1
1
1
1
1
1
1
1
1
1
1
1
1
1
1
1
1
1
1
1
1
1
1
1
1
1
1
1
1
1
1
1
1
1
1
1
1
1
1
1
1
1
1
1
1
1
1
1
1
1
1
1
1
1
1
1
1
1
1
1
1
1
1
1
1
1
1
1
1
1
1
1
1
1
1
1
1
1
1
1
1
1
1
1
1
1
1
1
1
1
1
1
1
1
1
1
1
1
1
1
1
1
1
1
1
1
1
1
1
1
1
1
1
1
1
1
1
1
1
1
1
1
1
1
1
1
1
1
1
1
1
1
1
1
1
1
1
1
1
1
1
1
1
1
1
1
1
1
1
1
1
1
1
1
1
1
1
1
1
1
1
1
1
1
1
1
1
1
1
1
1
1
1
1
1
1
1
1
1
1
1
1
1
1
1
1
1
1
1
1
1
1
1
1
1
1
1
1
1
1
1
1
1
1
1
1
1
1
1
1
1
1
1
1
1
1
1
1
1
1
1
1
1
1
1
1
1
1
1
1
1
1
1
1
1
1
1
1
1
1
1
1
1
1
1
1
1
1
1
1
1
1
1
1
1
1
1
1
1
1
1
1
1
1
1
1
1
1
1
1
1
1
1
1
1
1
1
1
1
1
1
1
1
1
1
1
1
1
1
1
1
1
1
1
1
1
1
1
1
1
1
1
1
1
1
1
1
1
1
1
1
1
1
1
1
1
1
1
1
1
1
1
1
1
1
1
1
1
1
1
1
1
1
1
1
1
1
1
1
1
1
1
1
1
1
1
1
1
1
1
1
1
1
1
1
1
1
1
1
1
1
1
1
1
1
1
1
1
1
1
1
1
1
1
1
1
1
1
1
1
1
1
1
1
1
1
1
1
1
1
1
1
1
1
1
1
1
1
1
1
1
1
1
1
1
1
1
1
1
1
1
1
1
1
1
1
1
1
1
1
1
1
1
1
1
1
1
1
1
1
1
1
1
1
1
1
1
1
1
1
1
1
1
1
1
1
1
1
1
1
1
1
1
1
1
1
1
1
1
1
1
1
1
1
1
1
1
1
1
1
1
1
1
1
1
1
1
1
1
1
1
1
1
1
1
1
1
1
1
1
1
1
1
1
1
1
1
1
1
1
1
1
1
1
1
1
1
1
1
1
1
1
1
1
1
1
1
1
1
1
1
1
1
1
1
1
1
1
1
1
1
1
1
1
1
1
1
1
1
1
1
1
1
1
1
1
1
1
1
1
1
1
1
1
1
1
1
1
1
1
1
1
1
1
1
1
1
1
1
1
1
1
1
1
1
1
1
1
1
1
1
1
1
1
1
1
1
1
1
1
1
1
1
1
1
1
1
1
1
1
1
1
1
1
1
1
1
1
1
1
1
1
1
1
1
1
1
1
1
1
1
1
1
1
1
1
1
1
1
1
1
1
1
1
1
1
1
1
1
1
1
1
1
1
1
1
1
1
1
1
1
1
1
1
1
1
1
1
1
1
1
1
1
1
1
1
1
1
1
1
1
1
1
1
1
1
1
1
1
1
1
1
1
1
1
1
1
1
1
1
1
1
1
1
1
1
1
1
1
1
1
1
1
1
1
1
1
1
1
1
1
1
1
1
1
1
1
1
1
1
1
1
1
1
1
1
1
1
1
1
1
1
1
1
1
1
1
1
1
1
1
1
1
1
1
1
1
1
1
1
1
1
1
1
1
1
1
1
1
1
1
1
1
1
1
1
1
1
1
1
1
1
1
1
1
1
1
1
1
1
1
1
1
1
1
1
1
1
1
1
1
1
1
1
1
1
1
1
1
1
1
1
1
1
1
1
1
1
1
1
1
1
1
1
1
1
1
1
1
1
1
1
1
1
1
1
1
1
1
1
1
1
1
1
1
1
1
1
1
1
1
1
1
1
1
1
1
1
1
1
1
1
1
1
1
1
1
1
1
1
1
1
1
1
1
1
1
1
1
1
1
1
1
1
1
1
1
1
1
1
1
1
1
1
1
1
1
1
1
1
1
1
1
1
1
1
1
1
1
1
1
1
1
1
1
1
1
1
1
1
1
1
1
1
1
1
1
1
1
1
1
1
1
1
1
1
1
1
1
1
1
1
1
1
1
1
1
1
1
1
1
1
1
1
1
1
1
1
1
1
1
1
1
1
1
1
1
1
1
1
1
1
1
1
1
1
1
1
1
1
1
1
1
1
1
1
1
1
1
1
1
1
1
1
1
1
1
1
1
1
1
1
1
1
1
1
1
1
1
1
1
1
1
1
1
1
1
1
1
1
1
1
1
1
1
1
1
1
1
1
1
1
1
1
1
1
1
1
1
1
1
1
1
1
1
1
1
1
1
1
1
1
1
1
1
1
1
1
1
1
1
1
1
1
1
1
1
1
1
1
1
1
1
1
1
1
1
1
1
1
1
1
1
1
1
1
1
1
1
1
1
1
1
1
1
1
1
1
1
1
1
1
1
1
1
1
1
1
1
1
1
1
1
1
1
1
1
1
1
1
1
1
1
1
1
1
1
1
1
1
1
1
1
1
1
1
1
1
1
1
1
1
1
1
1
1
1
1
1
1
1
1
1
1
1
1
1
1
1
1
1
1
1
1
1
1
1
1
1
1
1
1
1
1
1
1
1
1
1
1
1
1
1
1
1
1
1
1
1
1
1
1
1
1
1
1
1
1
1
1
1
1
1
1
1
1
1
1
1
1
1
1
1
1
1
1
1
1
1
1
1
1
1
1
1
1
1
1
1
1
1
1
1
1
1
1
1
1
1
1
1
1
1
1
1
1
1
1
1
1
1
1
1
1
1
1
1
1
1
1
1
1
1
1
1
1
1
1
1
1
1
1
1
1
1
1
1
1
1
1
1
1
1
1
1
1
1
1
1
1
1
1
1
1
1
1
1
1
1
1
1
1
1
1
1
1
1
1
1
1
1
1
1
1
1
1
1
1
1
1
1
1
1
1
1
1
1
1
1
1
1
1
1
1
1
1
1
1
1
1
1
1
1
1
1
1
1
1
1
1
1
1
1
1
1
1
1
1
1
1
1
1
1
1
1
1
1
1
1
1
1
1
1
1
1
1
1
1
1
1
1
1
1
1
1
1
1
1
1
1
1
1
1
1
1
1
1
1
1
1
1
1
1
1
1
1
1
1
1
1

POINT_DATA 6231
SCALARS density float 1
LOOKUP_TABLE default
4395.685774
4424.576760
4420.510751
4418.365578
4422.759819
4424.032143
4423.373584
4425.842646
4428.720678
4429.199328
4426.551196
4430.009455
4427.383847
4428.029964
4430.347433
4441.140130
4423.068579
4432.361825
4413.167527
4423.427385
4411.365941
4672.942343
4520.550268
4474.712073
4448.164096
4439.890079
4415.166749
4450.972166
4424.708805
4450.476009
4417.612359
4404.608754
4420.526628
4419.731638
4420.016181
4427.075753
4425.558373
4423.100056
4425.061110
4423.876544
4424.350014
4422.194052
4431.802034
4425.964160
4439.726819
4415.853097
4425.717099
4411.203060
4443.216853
4460.949548
4461.532861
4414.478817
4412.457411
4397.745978
4416.139492
4449.559490
4410.931415
4404.513505
4417.260227
4407.093740
4423.516166
4462.639850
4410.277600
4422.243943
4421.652420
4428.719471
4419.749223
4415.646361
4429.389609
4430.668592
4418.724902
4437.693035
4425.121936
4434.625131
4413.681163
4436.416457
4417.307082
4475.591980
4399.391305
4452.448014
4351.906390
4450.318057
4419.152705
4431.092947
4419.432926
4397.010669
4448.582951
4442.967225
4452.915914
4450.219543
4426.697295
4449.079221
4396.913347
4413.580149
4425.670449
4422.428940
4416.998978
4425.386718
4435.989642
4423.751202
4425.955828
4420.897884
4433.182864
4409.125637
4440.018587
4420.942284
4448.186793
4399.552029
4432.901449
4386.356099
4460.387372
4366.923157
4556.266916
4371.179611
4426.636826
4480.270829
4460.228343
4355.842444
4376.609185
4466.949904
4424.825334
4430.611753
4461.074617
4442.377547
4425.028895
4428.568761
4425.619659
4434.305510
4425.377106
4427.455810
4412.203588
4437.725833
4423.554238
4434.462586
4417.806428
4444.912324
4399.555202
4445.014032
4412.382694
4451.557631
4386.395624
4506.460264
4315.605326
4418.080478
4384.297861
4496.048908
4357.536273
4447.460872
4374.457169
4500.287230
4450.269177
4409.752299
4433.145172
4361.609216
4436.672590
4433.553739
4423.508360
4418.612313
4436.986677
4410.881132
4439.744587
4428.794944
4438.664847
4407.429589
4443.421891
4414.519144
4441.081006
4412.785752
4452.944717
4372.479997
4471.600249
4353.562483
4481.260994
4367.683606
4539.291230
4378.722681
4420.797573
4440.298903
4471.173633
4393.859902
4408.447977
4436.214791
4401.734012
4411.009229
4452.134690
4413.385300
4417.862610
4427.418977
4430.644402
4426.454954
4437.201698
4435.825658
4413.587878
4429.561169
4434.843196
4430.620131
4428.366620
4439.946770
4419.889371
4441.629112
4404.575328
4469.372331
4416.190481
4505.445099
4361.404911
4490.275391
4426.881823
4419.811757
4410.315495
4441.018255
4444.049054
4440.982571
4447.031097
4460.493118
4429.038255
4406.907648
4439.737707
4416.086515
4436.877302
4429.823329
4409.841707
4441.107621
4416.957467
4450.660462
4428.493909
4421.542862
4422.657308
4421.997609
4422.865880
4435.220575
4433.704996
4461.130669
4459.700702
4426.358751
4453.821090
4448.218518
4407.518603
4381.234044
4706.154087
4443.206065
4473.851233
4463.469029
4470.433691
4415.374830
4422.023972
4432.453537
4410.866828
4419.932461
4430.951771
4427.470176
4413.722768
4443.098788
4427.308564
4415.069027
4443.381193
4405.211260
4443.156822
4423.297966
4434.202652
4416.749762
4435.899041
4404.572378
4483.323534
4381.755808
4473.094583
4441.860217
4373.670233
4467.355762
4406.564054
4429.299996
4404.917101
4404.635711
4427.078284
4398.410102
4432.649136
4445.785834
4446.646569
4430.340834
4423.647729
4432.252367
4425.955447
4438.112950
4438.142545
4409.341958
4441.206911
4416.875679
4440.408855
4451.476245
4392.530569
4448.690597
4405.249734
4420.141814
4446.497953
4390.591303
4404.364201
4421.062980
4405.213167
4432.851923
4417.556305
4402.485134
4483.079486
4449.356326
4413.537618
4466.696207
4443.854671
4458.353210
4462.426243
4397.807833
4422.291919
4422.200051
4423.671982
4423.303405
4427.866062
4414.329516
4445.983085
4436.029396
4414.134922
4430.588597
4408.149768
4445.893487
4430.843145
4418.893651
4434.508180
4428.412665
4435.527377
4433.473660
4431.538329
4455.749748
4447.316806
4426.732658
4410.996069
4432.231059
4640.373743
4391.167993
4431.983651
4459.502464
4457.329226
4431.505755
4447.677790
4429.372828
4404.778851
4426.097268
4438.373088
4430.137551
4430.313413
4435.169118
4406.232848
4442.032106
4439.219536
4420.212924
4455.241595
4383.740984
4453.715998
4387.265869
4422.936377
4423.029162
4430.083956
4448.448034
4415.413774
4461.242022
4411.139066
4418.120318
4391.843260
4487.604498
4455.110482
4407.514173
4429.238930
4428.102732
4460.707481
4462.860059
4420.912908
4413.478818
4443.597489
4428.731206
4417.484981
4431.081049
4409.666883
4448.749690
4428.830577
4415.151404
4426.542137
4424.366672
4435.599677
4447.530278
4425.506246
4443.071613
4429.597543
4374.734789
4442.008619
4383.692845
4429.733606
4433.560364
4397.774869
4498.405390
4391.304049
4476.745493
4486.628052
4453.875152
4374.741047
4445.864591
4369.804155
4432.072510
4407.359690
4429.788212
4423.430037
4438.985301
4442.716533
4420.965755
4433.003340
4409.533225
4434.968528
4446.670424
4413.108788
4430.902884
4404.969219
4424.509751
4449.367251
4389.221576
4436.333038
4422.094275
4456.032040
4485.147806
4418.585380
4438.549517
4389.126809
4490.211831
4370.587064
4408.510190
4437.611647
4423.036232
4473.344494
4457.762269
4463.838268
4406.154907
4422.103190
4443.607641
4443.833306
4395.661105
4442.577043
4410.401707
4440.948529
4431.160221
4408.286210
4416.582774
4434.957965
4426.308582
4443.477109
4399.864080
4464.241853
4421.304065
4386.671701
4503.641481
4572.626906
4396.655848
4380.376815
4424.897222
4467.039649
4448.942197
4442.674164
4390.490035
4456.955841
4436.103557
4444.617488
4428.022634
4435.599762
4436.961012
4426.932382
4415.386643
4445.927973
4452.758220
4401.778114
4439.903756
4405.937183
4441.322854
4428.110621
4430.778065
4402.096192
4440.404306
4404.170432
4438.106849
4365.422482
4488.244817
4370.527283
4319.877725
4535.970291
4385.038566
4399.255667
4449.838924
4405.200820
4431.411119
4442.877680
4419.226625
4412.705540
4404.858212
4409.971452
4411.586451
4431.914317
4423.789631
4440.494466
4443.783518
4396.722043
4445.833068
4428.364330
4412.155385
4444.866794
4396.500985
4425.529835
4436.980125
4429.432404
4406.313134
4421.225151
4465.756038
4405.094471
4483.919596
4492.606541
4417.281626
4392.095992
4561.226986
4446.347219
4471.891920
4449.456720
4422.764331
4442.985683
4428.857536
4408.990404
4446.612600
4419.222704
4431.766750
4427.488378
4429.120889
4401.972446
4446.213579
4455.790939
4398.162052
4445.165538
4405.742623
4445.453500
4426.092661
4403.558842
4422.540665
4445.433605
4397.056451
4436.116029
4390.674129
4485.161534
4321.383238
4387.785732
4386.969456
4477.753466
4486.260356
4470.971797
4434.406214
4472.504859
4478.062868
4454.581687
4406.104933
4429.549223
4425.959102
4425.985674
4423.659556
4428.722040
4441.142401
4435.675690
4392.332188
4446.012718
4449.645490
4395.570464
4447.092060
4400.676609
4453.079632
4419.943415
4432.155635
4417.398528
4424.017809
4384.872052
4431.050067
4430.121120
4439.051231
4393.535117
4496.601814
4455.549546
4488.028310
4502.870039
4388.520473
4428.358107
4437.213061
4415.458346
4450.541339
4419.052964
4421.958326
4443.560971
4430.953287
4419.197725
4409.598421
4447.469926
4449.646598
4387.297126
4446.562300
4413.387710
4404.814951
4432.709795
4414.070657
4401.772553
4440.282044
4423.364801
4450.634725
4444.208474
4432.143077
4497.138716
4443.640879
4486.604862
4469.148556
4448.345654
4398.360784
4394.955035
4480.030315
4447.836512
4470.557428
4434.439678
4433.892635
4436.719217
4431.211304
4409.158808
4439.768093
4441.393848
4417.713434
4395.987858
4446.532352
4458.016076
4392.971887
4457.736895
4401.450597
4433.878713
4435.491483
4422.923160
4398.493997
4414.764496
4425.431224
4396.689700
4435.513248
4454.777992
4482.991521
4480.202602
4470.864739
4435.036191
4411.503834
4479.979311
4424.544945
4459.110800
4440.139196
4411.354944
4427.469302
4419.409772
4444.688036
4443.138415
4400.154359
4429.060041
4446.713898
4430.143993
4386.729337
4438.881891
4439.749096
4397.202286
4453.733675
4403.541550
4424.380607
4455.278396
4434.680688
4425.915814
4462.115784
4417.162363
4419.780510
4513.261187
4434.796959
4451.644849
4481.291684
4442.783466
4457.678987
4437.337029
4436.114370
4390.188816
4418.789496
4427.512713
4429.002290
4433.754253
4401.367085
4450.086854
4446.837485
4396.283482
4412.183681
4444.671901
4456.786236
4380.216602
4445.946458
4397.791594
4439.414762
4436.355558
4397.921232
4418.670691
4421.748293
4444.546788
4466.414803
4476.408138
4431.516078
4479.463901
4439.370139
4414.261251
4473.629431
4434.770269
4463.961146
4483.134027
4416.930749
4459.321767
4425.668949
4425.577609
4419.109072
4440.431383
4442.673455
4394.597390
4449.148369
4449.743495
4395.300080
4396.334994
4450.208117
4453.631909
4378.198564
4459.503278
4396.249800
4453.338117
4422.789708
4427.214778
4419.954742
4421.898504
4452.830268
4459.131973
4467.715706
4471.629838
4442.828113
4456.685954
4432.434693
4432.031120
4441.918116
4407.203679
4449.163980
4421.468103
4442.770834
4432.628741
4427.560684
4401.001381
4444.465493
4447.956244
4388.262184
4440.543779
4447.219271
4419.232267
4387.922818
4440.151142
4418.208266
4394.526978
4442.581913
4402.101994
4424.535094
4449.642690
4436.288514
4433.999270
4434.378516
4466.632606
4428.738082
4443.673688
4463.255613
4449.812665
4453.473281
4450.670699
4414.178475
4397.157922
4437.946268
4428.247997
4410.616924
4433.183355
4442.141935
4430.274571
4390.506500
4451.730504
4450.967175
4386.535985
4409.689930
4444.900369
4442.532563
4394.661301
4439.897892
4395.740716
4443.351054
4421.494066
4421.299379
4435.724333
4439.679223
4457.795951
4443.453644
4449.084473
4452.053958
4445.554553
4478.518506
4439.286185
4456.078504
4422.498288
4421.262700
4429.965125
4420.025950
4448.073329
4443.212815
4405.333400
4421.825233
4444.676691
4439.889186
4384.822051
4449.933288
4452.740263
4394.435120
4389.458352
4435.997200
4442.228341
4382.566128
4444.181261
4419.166700
4424.908021
4435.951945
4430.174777
4418.860297
4462.726187
4426.814872
4460.536106
4426.815374
4407.617101
4444.156223
4396.208722
4442.832580
4401.227496
4424.393531
4432.551934
4436.244340
4402.169737
4451.120865
4446.112047
4404.619024
4405.756104
4447.825489
4446.083638
4379.464956
4439.726306
4452.507744
4424.213616
4414.900250
4444.089175
4417.978729
4423.068131
4439.346181
4413.903931
4434.365130
4439.430828
4431.485251
4423.964638
4430.745947
4431.879079
4425.602486
4440.307416
4470.937637
4481.124299
4366.797186
4429.798134
4429.391495
4419.347713
4440.876468
4450.291919
4394.356349
4447.007441
4446.444009
4410.118743
4399.896027
4451.431726
4455.065819
4381.854938
4414.478207
4420.578226
4444.834786
4399.045183
4432.708540
4427.586463
4439.173532
4430.181893
4425.256033
4448.797352
4416.696017
4461.654401
4441.468439
4451.321002
4450.821804
4418.461275
4452.033000
4534.346519
4428.202062
4437.188571
4434.603577
4429.997313
4399.243460
4446.013148
4451.901821
4392.198750
4438.767582
4444.411102
4414.655421
4398.517617
4450.205333
4460.726078
4409.384843
4423.397037
4426.056895
4420.053023
4441.181936
4411.271301
4420.885291
4435.783359
4435.052478
4436.496458
4452.374059
4444.364039
4446.275734
4452.769629
4443.856679
4449.056434
4449.362882
4435.548861
4427.779958
4417.985884
4428.916989
4446.901415
4442.273304
4390.028760
4448.267687
4450.252919
4399.137853
4426.885509
4439.610943
4434.592770
4384.382975
4429.230051
4440.126957
4423.466356
4418.516767
4413.339109
4429.246526
4440.994656
4398.364278
4429.609698
4453.151241
4430.649272
4426.303567
4426.541512
4425.253259
4486.823851
4446.916656
4440.426469
4436.865329
4424.772120
4444.685163
4442.535421
4407.383666
4412.558061
4445.768990
4449.616150
4390.216699
4450.209435
4449.177820
4400.406638
4412.528730
4453.311396
4454.978409
4390.548918
4423.932194
4422.069088
4420.431017
4413.096785
4430.612076
4449.733297
4408.641998
4425.523046
4456.584354
4452.664408
4460.224136
4457.707127
4432.112579
4455.439615
4471.682527
4420.196315
4427.112245
4432.480453
4414.090407
4450.129054
4446.942338
4417.293861
4402.475055
4439.573280
4455.958583
4391.909176
4453.349349
4443.495020
4402.338191
4400.488682
4444.438003
4448.910626
4403.200969
4465.858487
4426.365736
4447.963813
4421.892593
4442.229291
4418.086861
4448.937217
4418.871693
4457.973467
4478.274628
4508.629641
4436.200409
4470.738825
4427.834047
4445.515231
4425.663865
4426.691809
4441.408866
4399.034284
4433.686018
4448.095806
4432.756426
4391.458194
4443.720651
4449.205991
4395.146460
4441.638067
4440.881171
4425.768196
4414.147295
4441.962829
4401.531637
4420.269898
4443.012182
4434.806686
4442.373691
4416.035663
4468.917130
4421.431330
4474.765663
4405.863871
4469.892009
4437.615944
4466.822869
4445.570874
4427.569315
4420.551116
4439.027353
4404.332318
4458.131367
4451.186437
4391.656590
4424.147167
4440.562823
4447.181280
4399.828300
4444.164752
4448.822778
4401.648178
4410.020478
4429.126002
4449.628226
4410.890412
4459.658397
4425.905883
4436.078664
4437.683347
4443.224815
4447.169876
4435.920166
4467.038826
4428.965885
4483.428013
4450.671816
4464.174753
4432.468334
4420.468907
4438.318065
4444.252481
4421.221533
4424.398901
4411.364112
4460.692148
4442.403545
4411.655756
4403.419468
4442.045412
4454.566316
4395.508129
4454.704658
4438.896528
4430.471607
4411.150451
4451.669879
4396.165393
4434.453115
4450.318819
4448.331171
4422.758287
4463.607618
4439.587347
4447.624911
4457.549801
4434.478747
4454.994681
4458.688579
4421.469000
4441.608395
4443.456856
4402.503814
4449.937877
4430.671852
4424.555616
4444.594018
4398.708491
4436.088327
4448.237128
4427.656165
4408.803848
4443.867931
4458.894228
4382.108529
4450.082593
4419.604699
4453.371768
4420.949080
4447.428482
4442.820952
4407.724140
4428.391081
4440.584188
4456.208727
4465.669282
4463.746329
4470.970477
4467.955783
4455.338916
4436.533562
4429.620461
4410.722731
4429.095587
4450.033359
4380.425396
4445.139134
4406.144525
4458.405049
4441.264062
4402.840779
4418.344169
4451.401442
4424.183880
4414.613271
4462.261833
4424.390390
4444.953403
4425.983358
4448.735443
4466.760281
4398.103919
4471.891385
4449.917734
4461.634580
4423.427745
4422.000760
4468.594150
4432.469450
4450.807515
4455.390757
4431.709562
4426.461200
4434.427821
4454.597972
4420.440581
4451.622580
4448.985990
4397.788769
4447.280286
4397.937246
4453.800460
4437.643435
4423.785118
4409.688528
4445.846497
4450.079099
4401.825912
4445.818467
4437.706383
4435.207131
4435.495349
4453.311200
4431.621812
4402.363863
4460.756464
4474.549146
4472.034441
4426.636562
4457.940595
4458.771833
4454.290521
4428.346785
4427.793847
4443.757243
4400.387452
4441.053811
4461.932514
4399.410056
4451.098467
4424.792208
4435.707052
4448.397183
4404.000226
4427.062301
4443.657983
4443.474783
4385.562128
4454.856350
4410.798801
4428.796606
4438.738071
4440.061237
4440.596957
4431.697824
4462.220278
4425.677426
4456.817938
4431.532051
4453.953260
4450.938787
4446.793962
4451.893834
4430.682106
4430.346832
4426.856115
4442.903644
4442.199676
4393.732067
4448.119000
4463.582678
4381.023579
4455.965437
4407.417968
4462.173765
4447.108837
4400.224720
4425.603600
4444.924286
4460.682549
4406.378997
4464.663969
4402.575925
4466.303385
4419.519173
4450.154299
4443.006884
4412.827147
4435.892671
4455.286750
4454.877434
4444.888822
4456.852379
4449.782647
4431.604354
4443.244608
4431.735178
4431.639233
4429.102291
4448.795247
4451.003341
4392.528073
4457.849699
4426.019557
4408.533254
4440.958167
4403.744880
4464.225206
4433.141305
4408.180686
4401.352292
4446.386598
4453.606850
4406.075671
4448.217615
4418.176498
4453.781636
4422.640577
4457.683647
4442.167599
4425.174715
4456.469876
4430.018617
4459.770086
4448.149488
4445.115112
4437.456814
4418.719875
4441.252851
4413.787937
4421.327693
4420.504375
4437.675293
4480.224212
4391.717829
4449.230338
4418.391893
4436.377513
4449.603182
4396.901051
4444.681563
4448.503368
4438.628916
4420.201482
4471.473797
4430.759993
4396.437408
4459.185887
4426.952043
4463.421893
4396.855535
4462.759395
4435.989516
4465.534623
4440.558839
4454.283223
4437.074978
4428.913489
4434.124137
4457.629680
4418.516728
4439.433021
4440.648825
4445.421026
4391.011207
4468.797056
4442.938562
4395.243029
4456.932964
4399.113396
4457.401765
4447.986127
4401.953739
4425.185063
4436.723596
4454.992579
4425.551427
4464.743944
4419.018695
4452.138486
4449.262875
4457.313662
4467.022771
4401.436690
4460.029297
4425.868043
4456.880087
4428.821697
4427.378491
4446.249651
4399.059605
4452.462648
4444.922770
4401.337870
4443.950684
4442.365588
4467.808057
4393.112561
4454.593483
4441.357019
4422.991789
4454.777856
4407.904129
4459.521890
4437.925051
4439.599595
4427.996652
4451.221130
4446.070121
4392.169564
4443.226681
4449.537426
4417.212222
4456.156265
4464.954056
4454.540599
4442.805204
4456.656898
4436.290333
4435.944382
4434.225425
4437.943603
4442.895530
4410.324070
4460.599886
4420.485258
4438.182354
4409.795381
4460.016237
4446.892757
4398.877126
4451.413459
4408.827287
4449.075347
4446.419538
4417.133365
4433.911207
4444.197410
4438.226647
4425.710496
4458.057027
4419.943420
4452.657516
4434.873916
4442.647249
4443.465278
4424.878957
4453.439660
4448.641495
4442.228619
4432.490844
4417.734044
4438.068058
4417.160865
4443.716201
4460.648473
4392.662321
4436.603752
4440.135915
4457.273733
4410.984921
4452.511088
4438.058821
4416.821163
4435.697989
4406.706701
4467.957609
4430.051449
4413.806285
4450.728495
4445.460721
4473.959388
4398.118432
4449.020786
4444.094518
4448.800018
4447.143099
4440.524125
4457.364031
4445.750940
4432.516056
4431.066449
4447.737475
4434.165612
4422.617517
4442.512579
4415.437668
4467.250965
4447.255397
4403.091112
4425.846230
4440.590583
4470.820125
4391.796681
4434.348890
4435.240875
4433.053628
4441.836682
4416.143957
4456.077516
4401.459074
4449.252095
4423.583566
4456.976631
4418.666987
4431.170941
4427.281676
4439.002017
4461.042707
4448.923888
4449.706320
4436.049187
4434.230623
4428.475782
4421.555079
4447.307517
4421.416617
4438.447861
4445.330606
4410.399885
4446.097539
4434.353296
4432.694196
4420.949140
4468.447167
4443.710864
4413.614254
4432.544311
4416.599469
4449.357199
4448.328960
4406.326895
4446.352889
4421.090223
4461.041651
4418.845598
4447.403484
4426.342273
4429.693199
4432.825788
4444.527923
4448.343449
4435.973275
4429.977266
4432.198196
4440.921239
4441.422987
4418.686931
4446.676668
4412.988635
4459.360843
4467.109212
4404.754660
4431.788025
4443.900037
4446.027810
4401.416199
4449.403540
4442.857658
4429.021611
4437.969188
4423.235552
4462.492572
4422.768929
4432.595822
4440.294724
4459.129025
4438.811959
4437.627912
4427.963172
4446.683727
4456.469271
4449.510603
4432.813764
4436.221760
4441.386473
4426.471394
4417.829737
4451.597925
4432.510127
4435.046951
4438.874469
4422.545310
4460.149505
4454.408534
4401.541997
4424.912947
4448.985996
4460.031926
4405.826140
4439.525097
4430.022334
4436.256796
4454.521395
4401.135435
4439.150225
4452.268230
4432.066648
4430.577811
4450.779595
4429.673823
4448.205567
4434.203306
4447.419696
4438.981543
4439.843901
4414.780639
4452.999869
4439.608253
4426.625146
4422.875146
4443.136676
4422.570138
4454.330434
4439.979634
4409.994696
4443.269100
4417.275589
4431.105011
4401.509387
4453.983817
4446.708811
4425.698616
4438.631047
4433.268011
4457.126596
4450.915792
4412.385724
4432.646781
4452.655938
4443.036387
4427.567783
4446.295472
4449.447583
4446.624804
4436.567781
4432.849150
4438.435892
4436.562868
4413.149599
4445.459732
4449.804400
4430.034046
4431.658761
4429.353895
4424.493991
4448.436452
4474.990841
4413.155885
4422.680334
4440.329451
4457.570702
4396.033706
4444.410498
4427.104366
4447.466786
4433.033766
4434.612900
4453.007984
4449.252051
4417.211266
4440.197518
4444.260414
4448.015620
4440.951091
4448.714339
4438.693271
4426.017554
4438.116012
4420.741550
4448.542719
4440.041526
4412.822430
4439.495538
4442.486334
4428.525970
4444.735527
4427.616239
4421.116694
4473.911707
4418.555440
4410.636608
4429.823284
4454.046895
4464.060593
4409.490630
4426.206301
4430.211272
4431.245070
4444.427202
4419.592312
4450.635113
4431.146986
4438.898860
4452.067153
4446.300677
4441.471198
4437.039637
4428.461644
4440.699068
4429.179666
4430.236105
4406.013769
4457.372241
4448.392379
4420.633460
4437.465307
4426.964886
4436.203014
4444.733498
4451.101074
4443.809807
4445.397861
4415.341049
4434.596890
4400.042212
4449.161635
4462.673295
4428.292545
4434.829312
4430.064747
4445.845799
4438.850767
4418.127129
4427.391639
4442.554011
4448.544501
4447.331963
4438.995974
4426.982724
4438.316018
4420.270751
4443.697953
4441.960717
4423.717123
4404.939001
4459.033125
4435.877600
4424.061946
4447.991831
4418.761589
4401.695193
4453.225397
4439.808130
4417.352161
4448.224009
4452.618343
4444.327161
4384.768075
4459.594794
4431.151127
4432.694912
4437.956421
4447.390723
4441.858009
4432.195691
4441.474801
4437.053665
4446.035046
4438.982256
4429.846896
4435.267573
4440.001020
4427.851412
4419.869991
4438.258019
4451.797948
4416.696502
4414.154505
4457.799733
4422.410268
4441.019263
4463.156780
4434.778653
4455.462188
4454.652530
4432.025579
4403.878916
4436.088776
4449.893553
4461.986418
4408.779254
4449.382274
4439.656559
4426.223655
4450.589144
4429.174713
4443.187132
4451.083377
4442.803220
4429.160822
4430.598674
4433.955288
4422.899755
4435.816009
4437.058028
4429.807427
4415.980132
4439.868466
4445.086975
4417.483436
4424.366295
4435.847329
4421.652490
4423.990702
4427.413745
4441.086775
4437.185429
4450.979327
4429.497508
4432.505458
4397.867530
4451.002223
4448.729114
4408.515227
4455.889358
4416.374318
4447.592582
4430.709811
4450.766908
4442.673166
4427.820452
4444.370193
4430.157202
4428.973110
4441.947684
4422.943981
4428.254502
4442.678570
4435.649377
4417.274393
4429.036813
4450.832426
4413.475009
4435.836497
4444.448809
4434.383893
4423.381586
4449.151881
4407.243296
4437.946118
4433.675140
4458.979492
4441.244239
4397.458942
4441.953250
4466.954120
4446.103669
4435.208836
4441.448779
4450.961676
4440.398855
4440.833379
4435.952920
4417.366840
4445.934161
4418.675570
4435.243212
4446.001727
4418.876159
4417.670373
4443.395711
4443.198051
4409.315570
4434.290102
4442.611092
4403.786405
4431.425545
4439.970568
4451.720626
4465.776866
4414.495029
4429.257011
4430.620289
4412.705070
4460.836308
4421.115698
4407.713672
4451.590908
4439.043822
4413.245861
4457.500090
4441.177466
4435.430782
4423.978608
4441.159354
4443.978533
4417.157222
4445.174335
4414.863688
4437.506354
4453.706358
4410.594579
4420.723557
4449.121480
4442.791389
4409.922092
4434.989586
4448.819808
4399.579076
4443.154152
4418.047285
4451.177160
4448.286415
4459.356807
4424.615681
4441.843624
4412.134541
4428.272289
4433.828197
4441.364049
4449.374598
4447.762373
4440.222147
4431.281572
4437.737302
4438.247434
4414.727585
4435.068212
4444.322339
4415.973902
4448.143019
4406.096183
4453.302852
4443.694493
4411.343486
4411.357239
4457.406507
4431.751071
4410.095720
4428.240515
4442.143462
4425.325690
4431.300287
4417.685642
4420.016836
4449.687739
4418.360560
4457.382052
4435.169809
4391.052882
4447.986360
4438.391748
4451.618866
4440.032314
4434.316087
4433.754974
4419.209469
4446.027685
4445.228311
4415.781551
4433.247744
4436.193275
4420.043456
4447.632035
4404.140323
4451.378242
4441.833812
4409.985901
4413.100678
4448.845192
4457.556633
4397.381830
4441.195527
4446.251154
4446.627708
4445.555854
4419.396453
4451.268431
4422.050721
4442.480893
4436.567477
4440.890429
4428.875515
4450.243094
4443.511349
4432.187039
4432.709749
4439.037914
4434.020544
4413.754736
4437.978102
4450.527796
4417.691679
4431.898261
4421.558377
4435.472788
4453.656953
4406.649112
4437.554563
4450.741684
4410.216694
4413.002792
4464.210163
4441.574445
4391.155090
4435.632562
4435.133584
4433.134384
4439.762401
4412.082386
4424.823391
4436.040390
4421.492471
4453.284640
4441.159407
4444.585949
4437.369316
4426.996545
4431.869799
4421.773312
4447.628659
4436.125501
4411.820974
4430.170227
4448.332374
4427.454669
4431.566402
4404.818205
4444.140300
4461.702426
4401.053968
4442.772529
4446.410376
4424.339442
4403.899887
4453.104355
4439.718425
4432.002383
4416.155599
4445.607951
4424.702111
4448.013856
4429.811382
4460.299809
4422.870781
4443.879149
4445.429924
4435.926906
4419.118100
4441.332861
4432.524018
4424.724142
4408.831040
4460.098279
4443.760661
4417.196146
4413.600040
4443.609179
4439.536887
4426.015171
4410.567745
4450.339901
4460.681852
4397.594577
4430.230826
4438.416362
4448.047865
4409.634092
4431.921995
4447.935870
4451.247120
4419.820701
4423.059622
4423.178472
4431.152024
4426.932283
4452.158134
4439.275204
4424.468407
4431.550981
4441.767384
4412.604146
4439.030506
4442.268876
4419.387606
4401.515483
4457.363285
4458.678433
4417.441177
4411.346943
4443.272970
4428.288945
4435.792218
4403.138739
4453.678728
4464.640631
4397.482275
4424.741061
4463.095159
4440.010774
4403.600957
4421.336469
4452.976558
4465.103002
4426.417274
4450.045417
4436.687454
4450.113315
4440.075003
4430.765381
4437.173245
4414.901183
4433.554255
4443.105430
4413.980450
4431.031237
4448.467314
4426.505526
4403.873124
4443.832055
4442.159934
4421.078388
4428.571454
4420.326984
4435.837530
4448.373349
4401.336283
4457.111349
4447.322561
4399.310530
4430.937544
4454.355396
4441.202373
4403.396716
4416.864891
4423.969588
4451.358046
4435.492106
4446.641980
4439.826265
4430.254928
4427.594501
4429.910324
4445.164579
4405.474282
4444.265857
4442.406310
4416.907001
4414.146701
4455.973244
4439.604171
4414.067097
4425.413044
4439.359142
4436.033403
4430.794331
4408.978264
4445.215882
4444.461176
4406.029884
4449.612896
4439.398269
4404.206258
4440.679962
4432.729897
4442.542475
4445.112601
4424.351937
4448.896027
4444.060913
4436.912506
4425.613849
4443.062355
4429.386180
4425.437031
4425.222099
4446.392156
4401.146055
4452.049878
4444.217436
4416.225716
4396.183935
4457.923714
4455.775537
4415.610479
4419.425930
4435.031577
4435.334471
4434.404483
4401.256491
4445.114525
4449.153644
4421.136849
4430.815666
4436.881658
4435.203825
4416.292784
4429.467462
4439.383522
4438.398886
4437.212095
4444.625983
4437.239459
4435.550261
4415.174576
4439.547317
4436.654231
4416.616619
4431.633212
4442.797984
4402.022207
4449.692621
4452.760756
4412.891634
4396.513120
4457.636411
4450.515687
4413.720861
4437.784667
4412.963699
4445.849040
4441.719192
4391.414995
4443.588054
4456.798134
4409.072742
4441.741024
4452.227647
4438.732612
4434.647579
4448.262293
4437.261654
4438.738195
4432.573150
4421.853702
4443.661303
4440.389286
4412.358669
4435.837069
4438.579319
4409.694902
4441.409579
4438.380526
4403.012058
4439.285260
4453.953803
4421.354099
4407.932863
4447.577972
4435.493084
4425.366426
4444.281477
4402.489586
4451.810968
4437.531587
4407.841431
4444.500015
4440.986299
4402.501359
4442.502619
4435.041230
4441.315316
4439.245979
4441.769764
4430.167806
4434.899127
4438.764718
4410.325846
4444.732700
4441.406475
4413.241503
4435.380006
4436.949470
4407.158114
4454.720711
4434.154976
4415.327407
4411.391843
4448.438448
4445.759412
4411.799749
4439.146604
4416.711963
4439.061983
4439.808241
4403.396034
4447.299914
4433.878075
4419.805263
4440.075483
4440.596715
4441.509810
4443.499712
4442.513896
4438.295928
4433.785485
4430.966771
4422.643204
4439.561068
4446.044014
4401.250890
4446.736171
4436.676252
4418.024616
4435.971374
4433.094034
4404.962587
4454.569321
4445.838763
4418.101335
4400.101684
4448.919681
4443.990094
4414.235707
4448.416900
4407.253517
4447.086861
4434.442505
4408.068329
4441.729049
4434.885971
4424.268741
4434.180630
4437.599294
4441.994350
4437.545571
4431.135379
4436.355688
4437.940624
4430.896434
4409.541277
4446.054396
4449.770744
4400.961619
4447.816404
4429.891945
4420.074470
4446.021275
4422.880718
4404.628791
4446.268208
4453.475857
4417.715070
4411.764835
4446.271108
4422.962181
4430.389778
4451.726384
4406.398044
4449.456585
4427.962435
4426.501236
4437.814972
4441.937474
4436.584884
4443.514869
4441.570485
4439.077985
4430.173601
4424.786928
4427.159080
4442.819979
4437.766791
4400.917371
4450.648714
4441.416788
4408.657736
4446.483962
4420.099064
4425.831177
4449.197381
4424.440367
4408.206582
4438.087573
4445.288669
4421.800665
4424.682728
4440.762124
4410.746606
4447.323340
4443.829621
4411.194239
4445.780408
4424.309633
4435.477596
4435.325279
4442.603985
4435.077417
4434.841915
4424.443715
4444.572431
4439.207481
4423.638203
4415.795595
4445.628871
4447.961918
4396.669779
4450.395278
4429.498008
4421.164937
4446.936545
4417.456281
4424.399743
4449.493328
4436.993819
4414.663069
4427.542383
4440.681772
4420.326800
4435.870860
4436.713299
4409.505322
4444.604034
4432.503916
4436.848628
4441.392772
4437.890279
4443.963811
4439.652257
4430.212214
4435.143630
4435.733958
4416.103566
4441.903181
4443.883149
4424.360681
4408.514715
4447.200768
4453.093284
4398.656105
4449.700567
4416.665438
4438.316097
4447.084766
4415.494728
4414.860680
4443.304106
4446.652664
4417.777359
4429.647470
4439.653823
4415.449695
4445.864833
4441.906341
4414.971185
4436.175649
4430.618548
4435.080514
4438.503268
4436.597294
4434.393660
4432.193640
4423.301128
4443.085700
4440.887403
4414.158133
4433.185535
4445.620326
4433.253926
4404.145458
4448.588895
4446.395394
4406.894899
4446.685431
4409.477778
4445.369312
4447.898936
4419.137898
4413.102730
4441.454652
4446.223435
4418.139864
4435.467504
4435.375998
4415.178999
4437.593399
4439.857680
4430.777590
4446.081029
4436.432759
4441.037493
4429.368722
4439.797879
4435.851968
4432.162740
4409.339360
4451.758162
4446.127866
4413.305963
4417.967267
4446.172179
4446.428358
4399.753514
4446.426954
4430.813275
4420.979641
4448.346382
4405.631058
4440.145436
4442.318663
4427.988245
4416.264636
4436.453766
4444.139350
4420.055637
4442.391713
4434.229069
4423.399256
4434.696442
4441.988976
4434.663453
4439.687079
4438.464930
4435.073018
4419.008723
4435.385777
4443.400889
4429.006157
4404.510475
4455.444195
4448.998487
4417.483344
4409.464557
4451.467331
4452.574404
4403.096714
4444.917809
4414.662442
4440.838795
4447.499053
4412.796492
4425.286203
4440.814293
4433.699320
4416.102977
4434.917070
4436.320962
4422.098314
4442.756606
4438.162032
4432.127718
4441.463535
4434.302427
4435.884847
4428.031128
4442.267307
4441.539379
4419.045140
4425.512594
4446.147552
4434.744219
4402.870839
4446.506430
4446.708902
4423.428994
4408.038381
4450.096342
4445.970090
4409.251935
4448.372828
4401.141057
4450.289289
4442.387298
4420.563919
4419.465894
4441.545043
4439.443074
4421.975199
4440.721717
4435.310427
4428.404792
4439.417032
4439.019936
4437.305376
4435.416301
4431.565074
4434.734258
4416.267261
4446.147538
4444.310752
4422.056690
4411.624604
4452.343107
4445.669170
4405.378670
4426.852154
4447.724749
4438.723116
4410.069112
4441.665074
4430.338260
4428.093179
4448.209213
4404.320672
4442.854762
4436.170712
4429.530732
4418.134523
4435.934801
4439.676434
4425.924547
4440.622024
4442.790333
4433.430045
4436.891750
4434.620150
4427.964534
4433.010855
4438.555072
4437.431928
4409.989403
4447.829223
4447.470508
4421.615065
4404.074305
4457.291615
4449.901888
4411.346398
4407.571810
4453.669267
4450.216592
4410.901617
4439.690804
4410.731894
4443.418218
4443.838990
4414.355538
4434.542219
4435.590856
4436.992613
4420.744568
4438.467828
4444.272132
4426.843538
4440.684703
4433.329421
4428.984299
4439.388916
4436.938209
4425.235249
4420.969839
4445.540271
4441.709314
4408.805822
4439.506289
4446.887129
4426.318350
4401.679244
4453.412386
4456.597201
4409.985455
4404.290572
4456.217126
4439.102863
4416.415301
4449.351744
4401.633149
4448.933269
4435.040115
4422.579558
4425.808304
4433.374679
4437.697864
4427.710934
4438.450474
4440.325944
4434.328283
4437.132110
4435.333077
4417.872457
4440.380201
4442.198169
4424.885613
4412.591593
4451.530147
4445.653803
4412.865587
4421.538901
4449.837698
4438.633947
4398.615681
4440.828274
4453.943437
4420.967343
4413.575976
4445.209532
4421.889126
4433.544711
4452.139149
4405.657044
4444.600076
4431.647707
4438.208890
4426.530744
4433.680398
4442.689144
4431.243907
4435.705785
4433.639459
4432.023187
4439.344950
4441.035558
4413.871785
4438.546496
4443.517803
4424.576097
4405.427265
4458.102258
4445.979779
4418.968269
4408.067163
4456.621826
4446.791134
4404.915365
4417.916000
4447.871549
4437.504648
4420.221058
4442.683281
4409.361981
4446.877867
4442.715342
4417.518879
4434.416106
4429.808499
4444.790847
4429.450424
4435.568678
4435.717188
4437.179384
4431.076597
4429.304125
4420.430582
4441.176486
4446.418313
4414.576094
4429.304639
4446.486112
4432.187997
4405.089480
4449.946993
4448.280056
4421.458676
4402.431587
4454.629315
4455.355586
4409.636829
4412.784530
4445.942226
4432.051138
4426.799044
4449.711505
4404.122750
4447.919796
4434.690268
4435.394398
4429.857012
4435.655243
4441.186935
4433.750476
4433.132375
4426.018218
4436.770092
4439.591877
4431.458130
4411.188338
4448.876494
4446.874478
4417.917812
4414.557917
4449.906193
4442.938610
4406.478074
4432.677791
4450.541165
4434.044590
4401.588525
4445.532894
4456.912750
4413.087075
4423.417268
4439.118579
4421.242923
4443.383245
4444.731347
4408.255842
4443.008713
4430.049899
4439.044610
4431.720076
4432.693656
4428.840623
4435.388109
4437.185393
4417.624328
4430.515232
4443.707935
4435.908156
4408.432038
4447.706416
4447.323542
4420.026689
4408.587650
4458.188824
4444.960719
4408.875559
4410.851324
4453.642458
4446.552190
4402.021592
4434.287768
4446.328399
4424.433124
4434.457680
4435.272363
4417.049294
4445.598762
4436.289878
4428.474669
4440.698519
4430.808872
4437.441120
4433.325248
4434.112091
4419.936428
4444.829149
4441.368556
4419.052979
4420.071762
4445.961604
4444.696170
4406.642080
4438.501292
4444.823714
4424.151945
4404.164176
4455.938020
4456.008981
4413.404995
4403.902112
4456.148174
4451.131305
4402.947453
4429.513913
4439.019266
4425.502459
4438.623506
4440.405519
4419.413859
4437.709583
4437.333180
4433.443548
4436.932429
4430.931276
4433.715903
4434.514840
4434.757455
4413.796914
4444.915440
4446.450553
4418.743050
4410.273457
4452.641069
4448.821520
4412.404854
4422.246261
4446.751801
4436.499444
4399.563072
4443.537041
4458.845238
4416.942143
4406.064415
4449.001352
4448.294582
4410.138445
4433.092014
4435.437398
4421.488391
4438.997819
4439.189588
4425.538505
4439.631772
4431.421544
4434.181899
4432.987675
4426.304885
4429.773425
4439.874363
4437.154504
4409.362079
4442.048311
4447.136618
4418.746182
4403.999371
4456.098400
4448.229174
4416.873317
4412.962157
4454.272766
4445.649200
4399.014652
4432.626394
4453.856667
4432.811206
4408.655150
4449.929442
4435.145344
4419.819348
4443.640534
4428.947700
4429.850829
4435.045871
4438.814138
4431.795595
4437.138888
4426.040949
4433.805347
4439.021746
4424.369593
4422.659761
4444.393423
4442.034296
4409.894170
4433.353831
4448.572140
4430.243288
4405.952269
4446.187464
4447.515812
4415.720231
4406.045767
4460.702986
4441.664582
4408.909684
4418.338891
4447.241238
4438.679629
4415.288829
4441.218920
4431.817145
4422.711065
4443.317839
4434.987243
4434.590347
4434.065293
4428.420368
4424.717134
4439.863267
4418.136255
4436.859003
4441.893142
4422.431926
4415.462684
4451.154128
4445.757952
4411.995100
4416.686955
4448.543148
4443.831638
4406.673628
4434.795249
4445.221934
4428.229760
4400.725338
4455.691014
4446.227540
4419.597745
4414.876038
4447.946617
4436.012018
4419.760197
4441.101342
4433.597897
4427.656105
4437.900338
4431.398913
4428.363825
4437.867322
4428.431797
4427.535097
4441.467487
4415.144802
4438.254017
4442.830312
4425.252823
4413.141816
4446.354286
4454.036093
4413.532105
4406.985148
4453.920795
4447.273896
4409.666573
4415.201438
4447.270237
4441.611201
4398.525485
4445.086665
4443.284630
4424.645207
4421.052362
4443.999280
4432.222799
4428.170799
4439.485685
4434.059146
4435.423128
4432.613741
4430.152891
4421.856689
4439.499669
4420.590827
4434.252284
4442.837526
4415.872090
4427.125671
4445.412387
4432.349883
4405.521930
4443.742578
4451.594595
4415.898997
4403.734372
4452.341117
4456.671560
4412.457922
4411.602404
4452.630609
4443.136768
4402.606854
4440.278026
4437.223222
4428.851407
4426.817397
4436.998777
4437.652379
4430.130247
4436.169872
4428.904430
4435.607273
4435.063966
4435.905017
4419.606391
4442.801917
4410.131538
4443.814028
4446.990245
4412.816978
4418.833179
4450.101424
4442.061495
4406.325177
4433.156307
4449.821765
4427.270676
4405.127258
4441.825861
4455.387613
4412.172511
4412.913683
4452.315201
4442.736223
4411.262923
4435.047014
4440.342024
4431.233577
4431.078580
4435.232230
4431.308793
4435.386688
4432.692596
4419.484595
4427.675177
4435.029538
4430.810124
4426.406572
4438.215598
4406.725439
4447.982472
4443.937936
4413.134487
4411.675037
4456.119194
4446.072014
4409.360322
4419.061662
4449.346719
4441.320769
4401.499956
4436.577326
4451.012477
4416.680795
4410.370184
4451.266365
4438.808727
4416.264280
4441.011208
4432.324292
4439.440343
4433.467754
4431.138429
4423.524794
4438.992797
4441.200421
4424.135849
4426.089692
4433.787447
4425.757792
4433.915330
4440.250341
4406.384687
4443.867504
4444.682975
4418.429267
4412.723319
4446.451920
4454.605169
4408.700416
4409.420118
4453.741611
4445.772720
4403.099364
4431.401489
4453.598275
4421.880068
4414.157983
4440.691073
4443.950472
4423.494611
4438.129240
4430.129299
4428.803455
4433.036867
4436.596421
4411.152469
4436.442817
4439.909795
4425.522133
4428.647714
4431.675666
4413.499389
4444.619986
4441.457723
4410.558848
4429.026458
4445.621142
4429.918721
4407.981431
4444.815014
4451.840235
4412.125035
4403.656383
4455.574869
4440.313309
4409.351634
4432.322729
4444.457249
4429.296535
4424.845875
4434.483761
4440.308262
4431.866952
4431.314294
4430.874318
4421.454369
4441.257906
4445.459621
4408.391592
4438.133082
4428.034163
4430.809909
4434.991302
4429.649161
4405.047743
4448.861607
4449.941616
4410.035702
4417.253245
4449.587470
4439.043078
4406.115721
4438.482514
4447.233576
4424.957650
4405.382395
4449.669934
4440.363365
4417.365977
4433.010478
4440.678645
4438.688156
4430.440487
4435.154307
4429.008819
4433.408648
4435.085409
4429.730910
4414.132495
4439.143622
4448.384784
4411.572481
4437.747782
4419.522173
4430.821211
4441.079613
4426.820450
4403.239243
4450.400781
4447.398921
4409.336862
4416.210485
4449.806142
4447.662966
4407.566708
4424.251456
4442.996205
4435.451483
4407.696502
4445.485593
4440.283028
4424.110385
4432.401212
4431.578528
4432.847684
4435.277602
4428.501459
4426.307806
4427.330448
4440.649369
4437.775873
4405.660184
4442.811077
4438.044732
4420.696365
4438.968531
4416.418015
4430.110765
4442.375372
4432.019529
4405.844710
4443.926608
4446.609677
4413.071403
4419.648916
4441.843716
4455.791306
4412.921125
4416.708240
4447.730359
4439.365902
4411.535014
4446.047445
4438.413723
4435.332715
4435.147903
4433.228115
4423.441654
4437.506445
4437.552680
4419.753855
4418.807800
4443.266758
4446.239529
4403.925850
4441.434924
4424.610530
4431.802262
4439.223392
4419.778731
4414.575705
4445.376867
4442.255998
4410.218197
4431.014767
4445.676804
4421.170135
4413.390780
4442.145037
4447.556215
4414.336477
4418.998355
4441.884252
4443.380546
4418.764190
4438.083598
4429.207549
4426.283892
4429.194042
4435.149956
4415.545562
4441.108511
4440.317493
4420.027527
4411.619119
4443.444152
4451.158071
4404.920723
4446.059813
4411.542004
4441.473080
4441.973585
4421.281361
4402.823553
4447.033767
4454.384989
4406.346452
4420.327577
4450.182564
4433.430417
4412.692792
4438.044042
4441.923819
4422.846534
4427.866175
4433.717749
4444.435059
4429.644652
4430.264929
4433.740514
4423.430434
4435.402809
4436.146513
4415.230669
4432.686586
4445.824360
4426.393656
4410.236248
4444.409393
4439.564049
4411.535912
4446.250892
4404.037681
4441.217812
4445.118465
4423.639830
4405.334622
4448.149460
4451.150858
4407.111633
4414.691986
4452.388167
4438.530137
4416.483749
4436.496957
4440.698085
4434.216055
4430.029181
4434.337804
4427.905394
4432.070075
4427.161159
4435.682737
4414.199774
4446.969173
4437.729366
4415.591883
4420.126684
4444.691286
4440.740600
4409.776685
4440.440858
4421.679602
4432.449763
4443.478120
4405.509009
4433.709409
4441.180269
4432.429790
4404.535818
4444.428004
4449.344320
4410.642004
4418.662114
4444.744067
4442.545196
4419.076583
4439.964220
4429.631756
4433.486069
4426.656921
4438.257677
4423.305549
4433.171503
4433.560044
4430.621273
4412.435038
4450.435814
4441.877050
4417.830706
4411.459510
4441.887329
4449.951072
4409.089998
4437.573328
4412.070200
4445.156932
4440.150047
4412.986676
4420.724934
4441.739493
4440.082836
4407.376767
4438.442670
4450.108547
4416.425928
4427.316165
4434.960550
4444.330160
4428.380149
4437.567135
4434.182925
4432.688343
4424.309926
4434.656319
4422.962278
4431.951389
4439.598166
4427.552849
4410.981300
4441.132574
4448.651468
4420.723836
4406.517086
4445.457480
4442.851287
4411.167483
4445.457172
4405.018431
4445.370481
4436.459668
4423.222089
4412.569615
4445.830818
4441.996822
4413.897602
4427.766448
4444.925245
4429.356280
4428.292915
4430.673849
4432.542021
4432.135704
4418.449855
4438.957451
4431.293977
4428.233978
4435.344157
4423.781141
4425.836047
4443.213484
4435.782556
4409.101135
4430.187181
4451.053106
4425.639595
4408.813347
4451.709281
4421.014148
4423.976319
4451.120267
4404.934186
4435.253347
4437.824497
4434.513656
4410.485449
4448.382942
4441.911300
4418.440632
4433.217992
4435.764957
4438.546121
4433.389684
4427.164567
4433.201228
4438.726087
4412.535546
4440.643638
4420.161095
4432.565146
4443.084200
4420.847818
4415.493591
4452.318483
4439.052038
4409.185371
4417.645701
4445.213455
4431.018859
4418.952203
4447.434866
4406.942252
4439.882253
4446.344403
4410.874950
4426.633614
4443.058132
4434.054837
4415.820767
4442.843510
4438.097051
4428.746969
4433.465622
4431.747979
4432.600739
4430.078632
4420.458184
4431.752335
4442.824003
4416.861041
4440.348259
4410.193192
4445.453936
4441.284873
4415.567880
4414.388308
4457.954227
4439.623832
4421.129790
4413.775243
4442.435406
4427.060765
4426.375280
4449.378619
4402.264301
4445.351777
4434.010841
4422.629576
4423.373600
4441.275687
4437.197842
4420.414616
4439.004452
4434.268329
4431.212796
4430.909882
4423.758253
4438.020058
4437.581512
4413.396140
4431.356388
4438.729997
4423.271360
4433.859845
4414.173001
4445.223986
4436.927162
4422.981066
4408.608360
4437.938698
4446.328144
4422.938804
4421.773776
4436.721074
4418.868574
4436.457449
4451.224443
4409.474653
4431.835087
4437.369645
4429.995042
4420.456418
4440.775577
4440.054167
4428.083425
4436.602154
4430.135473
4432.007570
4433.385034
4415.535301
4437.805269
4446.609073
4407.539320
4437.324420
4427.907482
4428.883110
4439.280136
4417.373752
4424.588046
4449.421097
4435.432473
4407.836237
4432.151809
4444.305998
4424.677072
4426.468098
4439.372490
4404.749868
4445.800919
4446.861028
4414.094839
4431.523701
4437.820379
4436.036781
4424.373887
4434.177679
4430.349991
4429.988068
4427.588295
4425.368623
4439.050605
4433.321996
4412.334927
4437.563605
4446.199959
4411.733805
4442.675444
4408.699269
4444.473008
4449.349895
4408.328344
4413.711381
4447.319473
4447.490254
4409.181506
4434.744229
4435.369516
4418.527397
4438.118671
4437.990837
4406.218172
4447.379171
4437.244124
4421.752036
4431.370281
4432.781713
4440.032889
4431.901523
4425.446620
4438.206557
4431.767856
4429.289865
4418.653975
4440.301379
4438.573261
4411.648803
4434.044568
4439.389847
4426.866004
4431.151137
4406.119677
4452.849204
4448.736404
4409.542690
4414.153226
4444.634340
4448.417092
4415.897194
4435.427209
4427.741819
4421.248505
4439.837270
4438.379889
4413.597541
4440.324465
4435.777350
4431.614191
4432.331450
4430.987711
4433.699737
4432.013672
4417.541752
4433.428136
4436.182878
4430.828237
4412.320069
4438.772959
4452.320209
4405.004708
4432.820728
4432.636686
4434.900123
4429.178578
4408.663820
4446.843805
4443.402754
4422.140401
4415.572776
4432.649773
4451.927014
4415.831549
4435.488350
4433.297088
4419.415720
4438.427992
4438.007498
4421.160414
4435.996146
4432.790179
4431.820773
4431.282517
4424.074912
4439.012357
4439.398749
4417.269646
4427.390043
4442.090243
4432.044116
4406.837728
4443.468298
4450.320172
4405.215072
4436.294049
4420.366430
4441.416454
4437.010594
4413.709169
4423.568416
4447.008493
4438.426695
4410.030886
4439.661853
4436.800516
4414.319350
4441.123561
4432.660882
4422.409023
4438.426623
4439.563782
4428.758930
4436.426482
4430.602471
4428.189801
4434.233806
4411.945719
4442.001421
4441.997667
4415.313530
4425.501170
4441.768659
4435.838167
4407.167996
4440.847942
4444.510084
4411.676895
4441.132723
4406.792616
4451.286030
4447.256646
4407.949537
4420.430192
4445.949171
4438.544710
4416.226739
4440.664869
4429.970492
4422.043332
4437.389323
4431.767790
4425.826115
4433.349507
4431.597613
4430.272799
4428.171892
4428.382968
4437.420343
4436.679152
4410.316990
4442.107488
4438.041819
4421.217084
4417.039230
4443.702521
4441.721992
4409.102352
4438.657367
4429.702265
4432.053426
4433.198168
4407.812533
4451.484923
4439.177519
4420.093309
4420.796677
4434.343659
4441.823558
4416.698383
4441.130037
4429.515919
4429.114131
4435.236830
4436.983584
4431.176441
4425.735255
4434.148281
4431.183445
4426.015136
4420.800697
4438.326650
4443.692233
4408.872893
4437.201668
4440.268383
4426.649697
4413.554959
4438.378161
4452.925116
4407.612386
4435.887220
4423.615191
4437.868134
4438.870806
4413.383313
4428.903940
4444.852560
4431.595728
4418.779875
4437.430277
4436.585277
4419.173272
4439.301161
4429.348785
4432.837514
4433.019975
4431.817660
4434.679528
4420.926166
4434.161082
4437.859806
4428.607066
4412.108788
4445.586499
4443.287365
4411.877588
4427.843596
4442.683269
4435.497876
4405.256244
4443.228607
4444.032253
4410.358112
4442.171208
4405.403762
4451.394088
4445.558407
4410.099266
4424.098728
4437.912580
4435.652801
4420.004227
4439.395724
4434.472262
4425.843960
4437.384027
4429.349281
4433.025260
4425.367936
4431.382550
4439.656875
4414.405447
4433.364823
4438.930948
4432.528764
4409.692307
4443.608718
4448.435207
4410.503001
4422.133815
4443.791619
4439.184702
4410.578203
4437.024354
4433.719787
4430.231456
4435.686091
4406.496539
4451.823578
4440.858725
4419.608844
4423.630522
4434.433914
4437.278476
4419.622836
4438.696473
4430.353827
4433.702136
4428.180531
4429.924176
4436.121563
4417.539496
4436.941805
4440.922750
4417.752198
4424.552865
4442.123544
4435.399288
4405.717833
4446.496252
4440.272211
4418.381762
4412.379963
4439.787871
4452.439379
4407.018024
4435.026683
4425.766191
4438.643581
4439.258870
4407.800982
4436.339295
4438.446696
4426.720920
4427.771229
4434.068808
4440.575409
4425.166987
4435.965260
4431.444663
4431.513634
4426.700088
4426.699185
4441.295861
4409.101082
4441.334865
4443.477111
4417.388226
4420.701988
4441.536933
4443.322194
4406.364586
4437.498173
4446.040283
4424.957322
4409.343039
4446.458177
4446.057686
4410.315481
4440.766360
4410.497510
4451.542007
4438.880571
4416.296392
4429.770371
4435.477705
4429.604949
4427.190035
4432.124235
4431.221301
4431.136371
4422.191444
4434.115088
4435.826254
4420.355834
4432.813462
4441.730593
4408.057391
4440.988447
4439.207037
4422.955919
4412.189400
4448.300020
4443.473873
4406.673297
4430.457594
4443.989104
4431.433578
4413.531749
4440.605865
4433.137828
4425.762477
4439.575638
4407.177885
4446.338259
4435.826735
4423.429788
4436.030507
4431.262144
4437.503593
4431.143759
4427.138693
4435.032603
4435.399138
4419.537926
4431.930969
4438.217934
4414.081294
4435.561759
4445.790118
4408.429253
4437.510111
4439.860798
4426.916711
4414.213309
4449.589878
4440.102152
4416.296566
4420.161858
4440.771626
4444.695881
4412.843153
4438.479130
4420.089597
4443.451739
4437.610103
4415.936901
4434.299059
4435.808747
4426.502938
4432.003375
4430.167462
4432.531624
4431.956560
4418.176086
4436.103076
4440.063556
4415.008564
4434.574568
4440.773885
4407.287188
4441.398756
4442.502587
4415.342586
4428.707882
4436.673010
4437.860112
4410.443991
4441.394002
4446.542745
4419.091457
4414.493269
4442.954026
4443.183932
4414.277895
4441.539159
4411.066680
4447.455315
4434.546092
4423.553235
4435.323999
4432.539435
4432.162983
4429.890186
4427.313490
4436.934124
4437.029500
4414.192007
4438.218199
4438.597285
4412.694183
4436.054760
4444.701730
4405.568975
4441.521795
4443.874808
4420.621172
4418.071088
4442.735419
4443.079255
4407.554549
4435.523314
4445.118666
4425.082262
4419.006028
4443.145504
4427.066590
4434.424132
4439.154958
4414.291196
4438.763153
4435.202214
4427.653498
4433.254591
4431.786622
4430.830656
4429.008689
4420.359057
4438.145844
4440.666092
4411.270477
4440.089201
4438.174937
4407.466914
4438.913046
4446.803416
4403.108676
4439.972152
4442.989831
4421.480688
4414.814508
4446.579367
4443.618219
4410.668463
4429.900966
4437.639308
4437.136880
4419.237680
4436.137037
4420.100005
4443.275916
4436.237380
4420.956556
4435.715591
4427.913135
4430.336052
4426.236101
4429.657265
4436.873228
4432.289668
4416.082848
4439.680579
4440.159090
4410.607351
4442.151247
4437.596206
4405.979475
4444.007589
4444.410350
4408.230069
4435.448302
4440.014892
4427.816264
4414.975957
4440.954169
4449.023579
4415.251093
4424.527349
4441.006340
4433.906825
4426.901509
4435.091935
4418.815244
4437.098756
4433.739515
4430.966419
4424.676139
4435.648815
4434.128635
4422.903811
4424.004436
4438.865383
4435.872102
4413.008617
4440.672132
4438.169242
4410.858220
4440.399518
4439.517674
4404.210188
4445.260609
4441.715702
4417.271331
4425.658917
4440.944823
4437.854987
4409.157274
4439.433321
4444.523041
4418.949453
4427.461644
4433.768668
4432.115210
4432.478511
4440.139949
4422.052622
4433.896627
4433.268211
4433.746580
4416.805722
4434.945060
4441.141449
4421.370557
4419.323335
4441.153644
4439.044716
4410.309220
4442.320120
4437.649499
4410.496118
4440.275946
4443.273184
4403.369958
4443.713488
4443.489245
4417.348626
4419.149354
4444.749708
4440.490109
4410.653771
4435.678110
4441.989195
4424.843575
4432.267067
4428.023665
4427.866688
4432.426883
4431.474847
4430.117426
4425.883996
4434.898897
4440.453311
4410.886098
4436.075761
4444.012837
4420.043933
4416.803282
4443.977924
4438.801706
4408.163723
4443.532924
4437.423826
4406.792657
4443.442487
4442.972819
4405.686730
4441.807199
4440.152407
4422.085469
4413.511441
4445.164660
4442.106368
4413.606235
4435.191105
4432.051447
4433.767063
4431.293061
4433.140792
4430.543447
4427.841047
4433.955196
4432.012720
4417.907095
4435.895344
4443.152558
4408.396308
4436.477975
4444.963717
4419.748223
4416.502997
4447.195020
4435.968235
4409.883039
4444.310580
4435.895637
4407.437504
4443.507128
4442.912916
4409.378819
4435.261950
4441.549479
4427.369559
4414.742381
4440.700425
4444.991926
4416.361565
4434.591412
4427.933560
4432.778901
4429.924674
4431.418797
4431.146250
4422.440098
4437.115313
4436.521795
4412.996428
4437.682603
4443.626668
4408.050905
4436.099859
4444.183722
4419.839688
4416.770586
4445.569958
4436.206017
4409.759495
4443.979376
4437.091139
4407.157773
4445.214490
4439.657112
4414.815698
4425.732990
4442.005126
4433.337877
4413.206248
4443.673274
4435.492300
4422.556660
4437.759759
4428.633128
4428.638612
4431.007133
4433.978673
4433.542423
4416.808429
4438.118328
4440.794086
4409.896466
4438.138483
4443.746160
4409.831469
4434.424751
4445.248356
4420.222176
4417.572929
4446.231345
4434.546182
4410.345770
4443.560950
4438.188277
4409.350695
4443.461406
4440.788824
4418.399274
4423.663267
4442.055099
4434.048045
4420.048389
4436.698845
4428.888981
4429.974684
4433.292323
4431.600982
4425.422673
4424.687890
4438.533127
4435.503211
4411.494169
4439.792453
4443.487905
4407.266880
4437.849567
4444.187778
4409.710594
4433.691682
4445.228242
4419.664356
4419.184808
4444.994747
4435.223299
4408.639077
4444.050459
4436.153289
4411.378350
4441.023754
4435.934680
4425.488545
4424.620208
4436.925562
4437.281659
4425.084568
4434.378437
4432.068072
4422.567643
4434.533315
4438.580254
4422.871349
4421.480965
4441.349620
4438.087781
4407.148403
4442.485602
4442.569944
4407.348417
4437.989173
4444.229836
4410.380547
4433.296323
4445.764639
4418.601215
4420.386461
4444.992435
4433.664792
4412.358635
4443.096364
4438.096538
4416.625889
4432.163859
4439.757144
4427.408866
4426.591949
4430.910469
4430.634113
4426.852630
4433.097360
4437.254327
4415.582907
4435.412374
4440.627354
4421.092684
4419.785280
4442.159864
4440.954781
4405.044152
4442.669368
4441.707334
4407.258671
4438.204402
4444.045390
4410.041300
4434.705400
4444.100521
4419.995676
4419.147082
4442.894562
4434.634759
4410.684639
4443.855235
4435.527702
4419.414845
4432.661849
4433.736911
4433.287680
4430.834054
4433.336658
4432.140018
4419.357265
4434.526630
4440.402063
4414.746407
4434.942230
4440.491767
4423.517635
4416.974274
4443.592999
4442.677934
4404.559844
4443.084897
4439.612378
4409.733299
4437.389043
4443.952296
4409.437485
4435.689766
4444.553791
4419.979975
4420.980194
4445.813187
4432.100541
4414.383833
4438.800799
4437.599160
4424.427420
4430.854440
4430.621096
4430.478957
4426.548837
4435.646400
4439.281752
4413.759855
4436.279687
4442.081970
4414.613790
4432.529178
4440.425703
4427.756159
4414.977612
4442.608520
4443.691521
4404.756558
4441.613791
4439.487368
4410.875757
4437.554197
4443.040079
4409.294271
4437.046428
4439.213279
4421.331274
4421.032692
4445.078547
4432.241762
4417.746021
4436.026268
4432.129541
4430.880803
4429.049887
4432.307709
4431.371795
4417.687662
4435.777475
4443.974388
4408.648416
4439.193707
4441.563205
4417.176641
4427.157174
4440.883763
4433.563804
4411.094456
4443.360073
4442.174388
4405.792449
4440.926922
4438.065086
4413.227266
4438.115531
4441.814811
4413.489091
4435.034380
4441.474692
4420.460102
4425.141488
4438.191723
4436.765634
4424.050992
4433.963400
4430.987761
4430.341519
4426.420744
4440.498221
4434.982040
4412.443797
4437.122376
4445.443502
4405.949294
4440.655118
4442.328103
4418.204125
4422.207532
4441.920099
4437.358962
4408.518670
4443.457124
4440.486066
4408.222915
4438.457234
4439.421788
4411.354558
4439.737274
4436.571756
4417.562643
4433.602862
4439.990615
4422.484971
4427.232103
4431.589890
4429.094345
4427.815533
4432.849784
4432.730378
4426.127752
4421.079249
4441.722398
4439.558055
4408.212992
4439.579276
4443.282223
4406.341560
4440.474045
4441.636945
4420.026977
4419.038893
4442.281057
4440.182440
4406.156617
4445.383678
4436.313867
4412.537491
4439.282523
4439.447160
4413.511869
4439.336478
4434.886653
4420.633727
4435.858800
4432.732058
4431.458351
4432.850442
4432.162122
4433.184703
4424.574120
4434.353293
4437.974344
4426.639332
4417.676971
4440.752732
4442.931704
4406.101860
4440.882325
4441.251394
4409.306370
4437.310728
4440.906297
4422.667087
4417.834811
4442.834381
4440.742826
4406.901819
4444.307935
4433.143866
4415.170199
4439.866676
4434.330889
4418.783843
4437.372406
4434.828018
4426.910678
4430.016158
4430.994345
4433.634969
4427.032058
4432.094138
4435.576522
4421.216356
4429.199222
4441.488339
4431.047401
4413.094110
4439.827352
4443.895004
4404.980958
4441.225752
4441.361241
4412.795415
4433.693547
4438.158021
4428.045470
4417.123080
4443.417595
4438.506362
4412.469586
4442.842699
4432.147114
4419.262800
4436.702016
4435.446283
4419.929174
4434.406318
4432.897437
4428.981422
4430.000799
4425.400827
4438.002361
4419.489739
4439.111229
4440.024533
4417.627943
4423.058664
4442.604535
4438.028637
4407.974897
4441.324866
4441.882317
4405.198112
4440.999461
4441.477401
4418.031320
4426.698827
4438.351560
4434.300002
4413.369223
4442.570249
4434.813558
4416.153823
4441.638541
4427.802692
4422.875432
4438.558016
4434.592825
4426.922467
4433.227876
4432.310592
4430.818223
4430.578865
4428.035564
4435.040506
4415.096561
4442.223866
4443.704245
4415.753885
4419.127586
4442.571630
4442.110805
4405.966483
4441.629207
4442.069938
4405.516267
4440.579518
4441.934589
4419.414600
4423.130470
4441.475172
4436.121418
4414.568791
4443.023344
4428.477343
4424.529799
4436.750832
4426.660719
4425.470332
4432.293356
4429.537910
4429.425265
4427.018139
4429.710542
4431.390072
4427.733326
4436.237024
4434.713455
4411.982963
4441.117890
4442.848838
4420.703043
4416.202007
4443.768814
4442.788517
4403.645607
4443.683305
4440.380839
4408.188901
4439.247937
4440.147157
4420.310177
4421.965137
4439.199475
4436.273556
4417.520371
4439.660945
4426.654111
4430.756140
4434.162283
4430.518857
4431.422207
4426.411324
4435.943840
4431.898939
4430.007478
4429.281665
4429.246428
4423.485405
4441.417978
4438.014412
4410.660342
4434.599217
4442.041413
4427.028640
4415.862099
4443.121239
4440.339604
4406.163040
4442.076027
4438.785376
4413.576949
4434.883535
4440.084739
4424.673742
4421.219085
4440.921085
4432.413980
4421.136915
4436.213405
4428.151571
4432.272159
4431.036331
4434.501093
4433.959429
4418.707900
4434.609969
4429.285899
4431.612418
4435.286994
4427.369430
4417.088839
4446.009032
4440.850727
4413.136028
4427.705327
4438.336346
4437.085241
4411.101655
4440.925384
4442.759848
4406.543429
4439.317448
4440.322857
4413.037804
4433.609363
4437.691970
4425.818118
4423.592490
4439.780974
4432.224822
4421.815465
4435.895430
4427.325172
4431.777548
4423.318699
4436.405571
4440.851920
4419.566963
4436.154861
4422.223277
4433.602803
4438.853823
4427.252905
4412.660442
4442.948885
4446.029585
4416.430561
4419.535974
4444.134680
4438.996558
4404.596530
4444.712359
4438.487236
4411.063842
4438.824841
4439.338854
4417.283330
4431.536235
4437.947610
4423.240209
4429.243494
4435.869009
4429.826968
4431.235099
4427.685221
4434.021553
4435.699130
4413.861603
4438.499960
4432.892867
4425.950818
4439.931866
4419.808144
4428.755247
4441.779557
4433.938790
4406.030182
4444.210649
4444.760093
4415.863527
4421.504960
4442.878291
4441.042339
4405.196371
4442.517899
4437.664951
4412.583416
4438.808840
4435.070390
4422.557124
4435.163896
4430.092321
4429.457999
4429.159416
4431.816723
4432.388429
4431.612721
4420.829792
4434.586388
4444.165793
4412.995795
4438.791487
4419.849904
4435.070900
4444.982345
4414.520018
4426.275674
4444.317747
4435.710563
4411.066859
4438.299659
4438.480641
4423.831517
4416.113492
4445.355242
4440.007733
4408.781088
4442.033497
4435.337811
4420.079643
4432.053813
4435.754860
4425.585121
4432.929436
4430.457967
4430.053991
4430.856105
4429.051499
4436.047418
4436.786573
4411.865786
4436.970491
4443.172997
4419.480310
4436.890140
4415.167633
4444.871623
4436.800722
4421.666976
4420.389617
4437.096641
4446.116795
4412.040438
4432.462129
4438.360739
4430.614700
4413.718153
4441.286823
4440.757444
4410.562738
4439.954032
4435.850627
4422.219975
4432.714443
4433.813393
4428.247901
4432.292638
4433.560297
4430.592393
4428.146696
4420.572786
4438.522178
4444.384061
4406.220826
4438.863764
4434.586566
4422.927655
4442.458166
4415.121826
4432.371864
4441.118765
4429.264595
4412.313858
4438.661988
4444.136273
4416.370635
4424.109566
4442.422848
4436.207086
4409.323021
4445.881199
4433.573639
4415.961663
4437.620152
4433.022444
4425.691478
4431.974509
4429.878404
4431.457684
4425.069939
4433.993118
4437.437647
4427.385323
4414.262431
4443.348794
4445.457158
4408.329015
4444.380885
4412.131230
4440.645616
4447.679025
4410.727841
4426.289927
4439.200506
4438.868830
4407.170412
4442.171049
4444.389694
4414.914823
4423.730578
4441.261587
4436.410959
4414.751640
4442.449165
4430.490434
4423.112329
4434.015572
4431.590770
4430.187169
4426.068134
4436.457333
4433.501713
4420.761149
4430.768358
4440.241398
4429.350881
4414.992569
4437.291522
4441.738213
4420.004861
4437.779799
4406.457282
4449.231208
4442.459257
4413.753037
4420.302649
4441.120753
4440.063035
4408.471225
4442.268205
4437.621533
4424.899632
4419.117456
4441.037921
4434.796577
4419.030492
4438.630798
4430.902589
4428.804771
4432.037504
4432.560671
4432.578282
4418.761124
4439.470252
4434.827200
4423.259974
4420.718159
4440.506231
4443.490379
4407.923213
4436.062689
4432.167273
4431.784069
4439.388618
4405.214183
4445.159803
4437.644661
4424.022871
4419.780629
4436.797831
4446.903201
4409.122985
4435.382943
4437.678250
4429.941571
4420.582632
4438.380167
4432.458975
4422.209024
4434.870782
4428.119070
4429.977576
4431.806246
4432.828529
4441.363775
4412.782004
4436.798399
4444.825925
4418.469212
4413.686448
4444.938753
4447.250629
4408.312058
4437.170700
4416.302419
4444.554064
4438.120957
4413.128823
4429.290541
4437.774188
4433.286234
4412.059717
4442.554558
4443.627177
4412.951903
4429.810448
4436.818892
4431.608762
4423.659080
4435.272929
4431.250204
4429.982006
4433.040141
4431.419088
4426.342224
4418.358268
4440.783407
4440.173028
4407.619445
4437.789970
4447.512632
4418.164637
4413.317709
4446.452086
4439.893711
4413.951180
4446.592167
4404.067614
4447.933996
4441.695676
4415.323882
4424.677345
4437.305966
4439.805359
4408.780153
4442.039113
4441.878921
4418.324624
4428.973234
4432.699964
4434.434699
4426.451648
4432.782438
4431.633728
4422.063295
4437.153738
4439.761904
4426.635052
4415.786566
4445.649973
4437.681517
4408.413354
4435.564445
4444.625121
4422.909433
4419.577705
4441.210702
4420.523599
4438.636620
4443.504934
4401.821118
4442.333746
4438.738771
4421.848673
4416.174709
4444.028799
4439.600378
4408.318256
4439.115877
4438.468633
4425.198981
4428.334621
4430.175357
4430.268541
4427.830832
4434.598715
4434.183739
4415.416542
4434.520538
4438.046627
4429.433924
4415.367858
4443.960235
4440.614443
4413.128506
4431.033978
4436.246990
4436.288884
4422.050264
4434.243290
4414.675280
4448.224819
4443.584417
4405.010734
4441.033537
4436.478845
4425.672386
4416.522828
4444.212748
4440.326871
4411.938299
4436.892120
4433.010229
4431.783839
4431.792188
4432.611118
4431.062785
4421.993395
4438.351692
4440.178181
4419.042180
4426.454826
4438.734297
4434.667712
4410.826884
4439.454384
4447.680466
4416.260628
4423.579588
4436.427213
4428.848297
4433.656959
4433.662291
4409.465293
4446.391263
4436.919658
4414.621325
4430.983188
4437.890910
4429.559550
4416.395468
4441.246283
4437.894056
4419.851888
4432.910997
4429.359752
4429.891083
4432.620246
4432.672086
4438.491728
4411.643290
4438.135758
4445.505133
4418.525793
4419.587585
4441.610351
4442.716033
4403.113679
4442.363407
4443.572856
4423.839585
4428.412728
4427.156175
4426.662783
4438.382109
4442.342924
4408.723085
4440.562365
4436.779017
4420.727722
4426.079028
4439.416477
4434.047113
4416.739761
4436.117155
4434.163899
4428.496773
4434.054373
4432.131953
4424.182620
4422.308772
4440.237206
4440.813355
4406.233656
4437.502536
4449.178510
4415.739481
4416.145101
4443.673308
4444.280148
4403.587337
4438.699350
4434.545555
4424.417050
4441.047396
4423.056150
4412.572780
4444.891763
4441.983929
4408.437697
4438.466450
4436.909026
4423.548273
4425.174656
4438.386322
4436.198464
4423.748063
4433.047818
4431.659905
4422.103611
4438.335570
4439.583690
4422.450714
4416.296399
4446.919167
4440.215291
4405.031673
4440.094209
4442.563568
4422.606745
4410.804711
4448.015300
4446.522234
4410.066764
4442.483456
4412.565734
4439.207239
4443.975165
4422.584524
4412.197262
4445.085726
4439.901598
4412.024362
4437.346347
4435.743869
4427.925542
4425.238421
4431.830978
4430.261723
4429.539754
4432.724019
4434.961479
4413.117247
4438.640028
4441.752945
4421.821557
4416.158950
4445.118203
4443.143011
4406.819481
4435.083015
4442.295078
4426.238949
4412.441306
4441.094814
4437.946036
4424.220781
4439.550533
4409.425023
4436.107145
4442.439227
4428.014563
4415.670098
4440.194981
4439.073275
4416.757856
4435.132111
4430.986101
4434.459689
4430.181988
4431.415612
4429.138847
4424.420318
4439.244208
4437.177590
4414.641022
4434.510829
4440.010266
4428.595038
4412.916016
4447.040155
4439.804350
4415.053852
4426.514943
4440.931460
4442.191029
4408.434551
4439.515153
4422.546719
4440.126938
4440.255214
4414.074793
4424.962006
4441.886431
4433.120006
4415.249040
4438.017650
4438.913479
4423.296135
4431.378334
4429.514522
4428.720382
4434.506634
4432.255579
4433.779488
4417.506198
4438.053054
4444.613766
4414.250749
4428.876657
4438.505798
4437.257478
4408.995401
4441.003037
4446.881444
4413.168231
4417.016668
4444.097917
4443.109939
4410.340686
4442.513758
4409.809544
4445.977930
4440.833416
4417.736905
4423.114331
4440.461273
4435.552089
4415.728130
4435.440734
4433.426928
4429.384944
4433.529294
4431.907703
4422.354852
4425.483253
4439.403050
4435.390584
4410.283148
4439.811010
4446.808795
4416.424588
4418.640696
4444.303149
4440.111064
4404.494539
4440.857711
4447.499753
4415.396777
4417.992689
4445.785926
4425.989855
4429.406916
4444.005176
4405.981087
4441.032238
4438.731944
4422.351558
4424.158640
4439.205807
4436.908452
4424.073575
4433.487190
4431.954749
4423.271860
4438.478842
4442.309703
4418.515898
4421.888657
4441.908329
4439.880878
4404.033127
4441.011837
4447.535763
4416.615202
4415.047313
4446.643739
4439.215398
4405.710356
4439.319537
4440.497319
4424.677483
4423.627073
4435.222695
4419.591178
4444.059975
4441.979862
4410.324039
4436.715072
4434.960210
4427.025793
4424.491796
4431.784204
4430.548492
4431.824766
4431.020700
4432.190280
4412.181673
4439.889447
4445.160574
4415.961159
4418.317828
4446.122125
4439.823194
4403.660853
4439.913022
4442.507280
4422.915907
4413.939743
4445.543011
4442.919276
4411.082189
4432.979464
4436.389705
4426.503434
4432.512363
4431.572963
4414.402793
4442.979340
4439.074424
4417.414139
4435.329519
4432.018453
4433.694722
4430.869451
4430.256314
4426.713384
4429.797603
4439.142613
4435.374163
4410.019503
4440.887601
4443.672911
4418.144326
4416.701696
4446.175226
4442.922035
4408.522275
4433.975803
4438.847084
4432.354845
4408.889058
4444.808583
4444.594593
4416.764387
4433.401249
4427.138446
4425.767375
4441.709071
4433.441219
4414.122230
4438.150680
4436.171588
4423.939633
4432.509775
4429.651204
4427.382362
4435.864788
4431.712682
4424.955705
4422.843760
4440.618386
4438.525413
4410.802301
4437.190957
4440.597958
4425.681820
4413.196302
4443.676250
4447.364248
4411.859001
4426.538801
4441.904913
4437.334936
4406.505582
4444.628529
4433.635939
4424.263526
4439.456483
4419.968170
4423.360794
4443.522930
4434.630202
4418.852288
4432.987537
4433.726939
4429.036790
4432.718434
4432.217005
4420.288895
4435.193114
4436.681158
4428.362005
4416.784236
4440.483924
4444.263197
4412.282990
4430.185071
4441.688596
4433.393873
4407.967815
4443.827911
4445.335523
4413.624900
4419.699216
4442.505169
4443.192643
4410.506405
4440.282419
4419.976868
4436.716625
4441.261197
4419.253905
4421.971943
4439.987588
4437.382021
4424.267554
4434.413032
4430.179930
4427.539342
4435.277091
4439.159887
4416.542479
4429.331260
4441.012027
4431.476783
4409.670047
4442.267026
4447.250850
4412.114679
4423.279457
4443.004573
4438.516416
4406.526888
4441.450958
4443.442969
4418.692048
4413.572984
4444.035148
4441.874587
4414.805628
4441.034928
4412.979641
4439.932197
4441.387657
4421.282660
4426.225380
4431.116973
4430.076524
4432.909701
4430.290370
4430.315526
4415.528658
4439.507929
4444.904832
4412.663721
4426.771132
4442.798097
4434.116622
4406.163262
4443.748156
4444.849868
4415.238689
4416.258628
4444.661009
4441.643895
4406.272997
4435.184544
4445.626171
4423.420090
4416.118722
4444.660002
4426.046910
4431.570292
4439.232401
4414.008150
4438.013937
4433.204025
4432.585659
4431.656429
4430.608350
4423.229907
4433.457355
4439.013387
4430.060651
4411.198919
4441.979833
4445.749654
4412.000649
4423.478826
4442.110478
4438.668177
4404.748759
4441.070218
4443.283809
4420.724520
4412.476752
4449.971569
4439.584420
4409.057547
4431.969323
4440.659823
4429.957391
4420.739246
4438.014108
4422.410666
4435.747862
4440.082594
4420.651525
4433.346608
4430.306803
4426.417140
4435.604570
4433.351612
4417.988443
4429.392554
4440.377709
4432.594323
4409.716213
4441.596030
4444.366735
4415.454045
4418.021623
4443.733745
4442.359688
4405.721028
4437.007223
4441.251512
4425.498234
4414.974631
4445.483063
4441.877472
4415.508340
4426.624984
4441.971182
4424.541725
4430.359502
4437.421238
4417.888067
4433.666141
4435.348349
4427.836211
4430.930661
4431.246747
4419.129896
4439.085175
4437.947766
4419.120255
4423.151739
4440.330951
4438.367401
4407.784299
4439.063682
4443.371280
4420.731476
4414.790562
4445.922760
4442.430570
4413.361953
4429.734093
4439.447613
4433.832098
4410.971679
4443.113133
4439.136255
4421.058281
4431.350451
4431.732365
4425.201859
4437.903967
4438.753868
4423.484133
4433.853581
4429.025528
4431.773493
4433.071153
4436.262697
4413.422224
4438.196346
4441.301245
4420.588879
4417.167180
4442.612362
4442.402264
4408.033865
4435.801746
4439.630392
4430.099579
4411.354693
4441.712665
4447.142860
4415.103301
4423.151120
4442.593694
4437.158914
4412.675694
4438.366272
4434.632200
4427.564329
4434.149831
4426.592290
4425.536291
4432.120628
4431.312964
4432.938780
4430.160460
4425.520161
4422.569402
4437.173493
4439.856437
4409.972495
4436.458603
4442.160780
4424.102447
4414.234596
4442.646688
4445.548856
4411.643917
4427.370309
4442.242819
4435.835189
4407.134898
4442.249981
4442.885034
4418.164659
4417.921460
4442.659643
4441.647571
4415.287392
4434.976929
4430.005298
4432.930996
4432.426473
4433.349127
4430.124160
4430.413106
4423.179217
4435.127809
4438.051836
4426.026710
4416.269904
4441.558819
4441.791975
4409.977915
4432.450577
4440.710044
4431.408422
4408.598295
4443.532842
4446.614372
4412.066619
4422.245640
4442.596372
4440.265902
4407.621665
4438.491030
4443.113600
4421.840375
4415.552376
4443.787569
4440.351863
4416.606981
4437.684019
4425.575266
4433.079202
4430.610238
4426.818183
4432.238401
4434.156113
4414.035530
4434.347859
4439.223984
4427.324143
4413.334465
4442.080613
4445.584577
4410.663752
4427.168343
4441.831622
4434.671067
4406.898550
4443.244852
4442.488370
4417.330006
4416.301981
4444.869867
4441.157337
4408.257590
4435.027557
4443.333202
4424.125216
4420.721476
4440.936401
4433.325074
4422.403312
4438.527789
4427.437838
4429.766933
4429.559111
4422.513784
4437.500344
4438.579657
4414.549034
4430.166339
4440.218864
4430.495664
4409.463517
4443.478224
4444.157193
4413.739447
4422.390385
4441.244135
4439.860296
4407.001152
4439.049499
4441.930854
4422.707805
4416.266768
4447.081878
4437.409888
4414.599311
4431.214158
4440.394278
4427.207899
4426.973568
4434.810821
4429.867799
4430.377839
4428.037335
4432.829191
4431.172876
4431.885179
4414.964971
4439.434397
4442.080374
4414.677336
4426.851221
4440.085674
4435.174139
4407.888821
4441.434765
4441.977939
4419.202803
4416.773961
4444.133084
4441.171355
4410.041184
4434.075828
4438.024889
4430.637666
4415.702248
4442.568676
4437.368210
4421.180099
4430.886238
4433.547747
4433.244135
4428.506285
4432.894076
4431.618334
4430.849008
4423.588478
4428.849697
4435.544782
4434.197747
4411.036439
4440.603497
4441.492704
4416.876371
4421.454732
4440.403503
4440.924597
4407.462848
4438.167092
4440.518925
4425.093445
4415.428781
4443.062442
4443.284240
4416.227374
4427.126504
4440.343232
4434.290452
4415.271277
4438.080918
4439.693530
4425.215860
4430.401116
4430.109997
4430.671252
4430.673801
4424.959318
4433.800665
4435.593720
4422.307840
4424.006801
4437.542563
4437.990654
4409.780922
4439.024736
4441.068509
4421.082652
4416.135008
4442.877012
4442.167447
4411.010702
4432.458171
4438.891933
4432.826862
4410.830735
4441.994275
4442.643935
4418.346650
4423.737591
4442.435100
4436.093159
4415.944245
4437.335038
4433.828566
4431.226940
4431.868812
4427.275995
4429.397883
4433.676182
4417.691631
4435.152881
4437.308901
4423.603463
4418.479525
4439.277414
4441.073972
4408.925203
4437.239727
4438.840347
4427.706424
4413.207878
4442.462987
4444.286261
4414.055939
4427.289357
4441.394539
4435.963009
4411.222297
4440.483414
4440.646859
4419.806412
4424.305733
4439.864420
4436.612466
4420.680929
4434.245805
4428.935669
4428.845709
4430.422922
4425.210976
4432.274434
4437.174119
4415.008535
4434.587498
4438.579614
4426.174147
4415.946630
4440.647976
4441.784606
4411.895840
4431.571315
4438.557559
4433.040468
4410.335634
4443.337785
4440.080954
4418.118568
4423.073370
4441.838877
4436.449215
4414.701474
4438.315692
4437.501890
4424.228458
4426.814053
4432.854942
4435.528378
4429.280420
4429.351808
4430.450759
4429.596110
4431.976096
4419.299787
4436.176614
4438.118675
4414.694400
4432.260503
4436.345955
4431.701803
4412.749772
4441.685431
4441.696766
4415.472903
4427.237859
4438.161909
4437.537708
4412.183443
4439.774340
4437.428613
4424.800933
4420.867066
4441.277977
4435.878186
4419.657401
4434.581446
4435.296230
4432.378634
4428.947671
4431.750126
4429.464815
4429.641381
4427.802008
4429.579210
4431.163429
4433.855106
4416.271904
4438.006060
4439.120552
4417.568565
4427.468427
4436.458149
4435.618426
4411.315270
4441.165068
4437.841895
4422.194704
4420.127308
4438.674818
4440.278298
4414.333775
4433.943750
4436.267462
4430.986898
4420.771094
4438.177882
4436.556460
4422.844389
4431.040683
4429.901585
4430.723178
4429.008965
4429.915233
4429.891227
4429.872968
4428.664930
4425.014699
4433.091589
4436.091842
4413.196175
4439.093073
4437.535629
4421.762407
4422.724091
4436.545851
4439.884204
4411.727408
4437.722799
4437.421182
4428.556555
4416.463486
4440.762261
4440.012491
4419.314148
4428.278253
4438.659457
4432.446066
4420.440260
4438.153893
4435.704948
4430.607086
4433.014720
4428.838885
4429.431684
4430.125960
4428.090086
4429.781234
4432.397622
4429.446679
4421.839695
4435.637275
4436.485948
4414.179665
4436.883975
4435.865763
4427.143709
4417.569324
4439.421115
4439.059655
4413.468178
4434.619938
4435.823358
4432.912893
4414.305955
4441.587726
4438.592850
4421.027139
4428.568369
4437.562443
4431.914061
4421.516865
4433.114676
4429.568605
4429.629677
4429.803503
4428.573251
4430.773457
4429.862723
4426.614608
4428.944706
4432.976152
4430.852234
4420.079256
4436.259274
4436.385692
4416.338845
4434.455571
4435.301004
4430.020086
4419.177328
4438.924848
4437.562863
4418.548267
4431.759650
4437.381223
4432.989043
4418.625721
4438.204382
4435.900236
4423.926545
4432.683647
4433.792544
4434.257348
4430.136960
4429.279070
4429.976491
4429.567040
4429.119769
4429.071787
4430.828104
4431.012649
4428.144688
4426.386253
4433.238811
4432.742960
4421.008933
4434.208786
4434.288627
4424.483734
4428.114810
4433.199568
4434.489520
4420.752882
4435.475884
4433.997327
4428.406946
4427.376501
4434.666884
4435.058233
4425.448756
4433.682417
4432.033718
4432.798665
4429.490309
4432.211094
4429.263618
4429.663688
4429.934523
4429.711544
4429.611745
4429.614734
4428.172072
4430.086179
4431.900046
4429.105064
4426.568444
4431.734629
4434.119058
4423.846289
4431.075413
4435.470915
4427.862595
4427.069457
4431.862554
4435.760484
4425.147699
4430.760175
4433.930084
4431.187543
4427.308335
4431.203424
4436.256388
4428.066933
4431.869696
4430.804428
4429.595824
4429.748861
4429.297973
4429.235230
4429.640176
4429.302991
4428.893156
4429.903257
4430.562057
4428.275060
4428.055953
4432.595226
4431.346426
4424.998041
4431.393696
4435.200773
4426.349029
4428.098697
4435.492664
4432.938962
4425.296165
4431.865590
4438.510050
4429.078893
4428.122103
4436.370966
4435.491039
4428.507966
4432.819597
4437.662002
4433.503625
4433.967311

SCALARS temperature float 1
LOOKUP_TABLE default
300.290885
300.086387
300.083035
300.065626
300.037656
300.025231
300.020656
300.013970
300.005568
300.002218
300.001126
300.001250
300.002461
300.010611
300.051478
300.263075
301.158574
304.926506
317.450174
331.340632
402.927790
1245.354286
1022.376358
1224.989709
1039.233013
1002.236649
574.355342
658.744520
685.012674
679.863071
455.694093
300.182749
300.338672
300.891125
300.307783
300.075401
300.061423
300.229697
300.050693
300.019028
300.009195
300.005276
300.005294
300.007819
300.023126
300.089279
300.432363
301.854409
307.519870
322.551655
351.725667
429.246061
926.964486
593.994181
545.967220
513.386798
521.765878
517.562126
509.665146
470.765566
441.813701
409.366878
300.071927
300.386670
300.142912
300.136182
300.283267
300.563815
300.108923
300.101577
300.062818
300.040896
300.019475
300.022647
300.025749
300.053873
300.130336
300.737223
302.530038
309.783182
337.367364
383.654086
455.948100
977.539172
858.730690
626.442250
509.804168
493.625424
491.644567
465.829802
440.461043
409.020176
406.846680
300.045371
300.139774
300.376938
300.878889
300.246893
300.226020
300.223273
300.811599
300.193590
300.129595
300.103913
300.101043
300.102165
300.150040
300.285877
300.889490
303.532303
315.809159
341.375386
380.860486
510.463198
801.087688
714.237345
543.509762
494.182916
462.113001
444.553173
412.103097
382.210302
366.992811
352.407250
300.029874
300.075516
300.135561
300.537407
300.232918
301.334336
300.786634
301.267735
300.392523
300.386158
300.329010
300.247359
300.344390
300.536697
300.593030
301.539169
304.645779
315.850926
351.971048
448.210364
543.431750
1240.652514
887.166261
580.282679
506.184525
456.434816
421.267956
396.108419
363.372633
355.188632
335.025443
300.036414
300.418923
300.207299
301.214270
300.295603
301.193389
300.420926
301.187866
301.091699
302.468762
300.598837
300.741974
300.839314
301.434588
301.359116
302.658183
307.099917
322.471386
372.267190
428.592171
561.751662
951.773448
1084.440897
631.979394
484.263629
437.795638
389.453676
375.569144
355.124798
337.151785
322.689259
300.040798
301.025413
300.156485
301.550229
300.810675
300.665274
300.504371
302.229731
300.682780
301.199648
300.826147
303.515274
300.957549
303.285090
301.996499
304.225100
309.896213
326.722236
364.810352
447.526204
562.554310
953.428659
1003.218181
714.497249
541.700819
452.588660
391.324493
356.819056
346.907653
329.350287
312.921688
300.031629
300.076372
300.138321
301.206456
300.344039
303.075925
301.093892
302.121818
300.694397
302.562589
301.240753
302.122000
300.987636
304.111754
301.995098
308.203654
309.329183
323.983852
372.223418
485.395783
531.470772
1324.120920
1018.357777
938.137681
591.923878
451.691036
404.256202
377.553192
348.832898
326.880025
313.085738
300.020723
300.063722
301.028623
300.208004
300.895592
300.989533
300.598492
304.122699
301.176679
303.124200
300.821143
302.707052
301.791521
303.208275
302.948037
307.815634
314.744624
336.684644
355.929586
407.202881
538.784517
982.850964
1048.730796
888.359839
772.349261
513.856137
436.903798
392.338055
358.763723
332.195854
318.415565
300.017054
300.062764
300.141333
300.222546
300.575023
300.729930
301.131104
301.505391
300.745515
303.950723
301.641550
302.970564
301.150948
303.502789
307.508206
312.166715
314.078775
338.652475
416.447188
471.309103
544.830246
1050.628772
1049.559587
1122.862077
1072.842644
628.887315
493.337983
407.087090
370.256041
343.238058
324.748489
300.059447
300.065815
300.187161
302.211318
300.389138
301.627423
300.971670
300.692194
301.311008
302.326743
300.982209
305.183920
304.312365
304.564119
306.585001
305.203282
318.867257
324.569691
366.217913
470.048465
508.090558
1123.957982
1051.652022
1016.920507
874.451155
703.961392
565.485724
447.600335
401.698480
362.036136
342.693230
300.195469
300.065843
300.531610
300.269863
300.382352
302.661369
300.593275
303.245758
301.587205
300.938237
302.340129
303.120022
304.214408
305.238777
303.922243
316.876273
312.894457
335.915638
401.003842
512.053180
669.936330
819.427169
835.294217
1074.044913
1008.169693
1054.385717
878.839394
517.863550
435.068703
388.689778
360.847452
300.022407
300.051268
300.510348
300.594622
301.877377
300.449362
300.535553
302.206996
300.838510
304.195808
302.193893
303.288072
305.469216
304.920286
303.916761
310.927971
315.679363
339.427203
378.643257
458.720645
682.046119
913.873082
903.763872
812.279923
981.398005
1000.441142
695.997052
633.786817
510.837248
418.524985
382.054728
300.021510
300.306553
300.121835
300.208077
300.303740
301.350589
302.092209
300.606547
301.251180
301.558070
302.045901
305.166465
306.219268
305.960792
311.071959
311.264447
324.397717
337.676908
367.578162
494.514482
983.300275
760.968131
639.616581
707.015691
981.063093
1062.481885
982.273869
883.327946
643.699171
458.977745
423.979386
300.029299
300.115550
300.185909
301.272729
300.881671
301.859707
300.533122
300.579817
303.278398
302.542531
302.952931
302.329815
303.388124
304.744573
312.786706
312.831514
310.374399
339.771157
431.709332
476.360903
622.845198
899.423251
766.981912
569.651367
758.160829
1010.913841
1021.374686
910.776684
654.040071
513.882417
481.727147
300.082975
300.125976
302.987739
301.620133
300.451486
302.815679
301.768367
302.929147
300.718778
300.851486
302.986667
304.103764
306.441943
305.956435
309.488900
313.929344
340.228724
339.020309
355.033226
488.927350
717.360065
907.440038
605.244152
511.989872
562.535205
714.570095
908.284496
989.814486
965.899769
624.623004
535.204586
300.114884
300.126049
300.614069
300.384862
303.742192
302.381138
301.006712
301.806895
301.341830
304.029415
301.193132
303.388231
303.323043
304.406354
308.262477
309.461117
325.183401
330.631278
426.504289
530.208736
662.412991
948.121093
771.033389
717.839917
589.294657
618.107277
893.523679
964.496828
829.031037
753.957563
598.960819
300.038811
300.108252
300.322445
301.431789
301.542087
300.590526
302.482340
302.257753
303.143966
301.063866
302.085294
306.910460
303.982960
306.838177
305.426849
313.746483
326.439745
332.879551
377.138913
392.258734
674.678916
937.535258
896.201606
602.093964
769.816200
608.187593
529.280143
729.878608
738.866804
929.123677
639.808023
300.168347
300.101824
301.848341
300.320900
300.609889
303.891349
302.216341
300.748822
303.723414
302.454309
303.221893
302.018233
302.929001
309.889227
307.330037
316.222540
319.457888
355.300898
351.210888
451.310367
526.728624
896.221622
848.168635
799.219058
713.917895
469.874303
511.705821
760.316264
877.159265
869.849778
673.896962
300.034733
300.087182
300.190896
300.319493
303.014314
300.734359
300.652494
304.899250
302.811182
304.902995
304.668903
303.128610
310.079055
304.188168
306.576866
315.694933
310.900564
326.117273
332.622722
435.873795
456.117597
712.768640
882.912743
847.895264
884.525949
628.932341
714.189829
522.946217
784.905715
918.843761
753.210516
300.021882
300.072326
301.860671
300.924641
300.549918
302.052642
303.713119
301.371500
300.896666
303.700477
303.885002
304.916107
303.800003
304.494965
317.748759
311.428023
328.426451
340.433887
343.408724
385.507382
640.840792
591.610380
649.955815
795.159700
781.109451
769.166788
542.458264
574.637089
555.533732
717.355010
806.703325
300.024574
300.067592
300.535018
300.237188
301.288256
302.336133
300.843732
301.196232
305.366365
302.126905
302.156024
305.750565
305.488354
307.709484
310.500344
307.389671
317.132501
316.319583
333.925476
366.687205
390.121435
438.761834
556.825854
692.541783
803.336696
825.610070
629.425105
640.193440
536.243858
626.764180
732.162483
300.016936
300.061929
300.140144
302.183606
300.925380
300.423985
301.905177
303.579407
301.205894
300.864509
305.353866
302.581239
308.551546
305.911165
312.985787
314.272942
334.572500
329.644595
340.239349
356.086165
461.181803
400.498509
522.009237
474.246059
688.799969
767.373846
695.279018
668.964007
564.864985
525.234080
646.485035
300.019824
300.055480
300.987086
300.415527
300.290495
303.670990
301.601320
302.089185
303.647670
304.118016
301.724703
301.345125
306.015814
303.795582
310.122735
303.764272
321.000289
313.525323
346.858112
332.892177
351.292263
400.371690
463.024641
519.631297
678.740676
522.396527
726.580808
708.751928
815.133098
624.684165
659.872029
300.028839
300.041712
300.127332
300.351516
301.449345
300.609325
300.449891
303.802078
302.384981
301.340885
303.098574
306.899843
302.616258
308.072743
312.808843
306.299698
324.763498
316.248330
329.396154
341.102315
367.055041
373.919883
401.951665
436.939035
405.060201
543.219448
755.651555
697.129054
569.352497
698.616980
665.643593
300.009977
300.031138
300.321221
300.540724
300.505418
300.390596
303.029719
300.933291
300.564513
302.312528
303.378844
301.237834
301.209610
306.121804
305.579201
310.266518
311.843018
314.959304
327.052886
327.536243
321.712274
344.047038
384.180906
384.996471
427.819817
460.775840
423.529690
648.426477
676.536282
712.235675
662.909426
300.009393
300.032884
300.393325
300.123758
300.601220
301.300973
300.951351
300.513397
305.028696
301.150710
301.764437
304.783807
304.731660
302.207505
303.748870
308.968298
308.602765
315.039388
313.275778
322.382713
331.572499
330.377289
327.431636
365.750571
382.368950
411.506846
513.411887
437.773231
707.471165
700.157584
619.257420
300.011371
300.036023
300.076033
301.426196
300.565993
300.271611
301.682831
302.808722
301.473679
300.668677
304.633813
302.096379
302.173282
303.327847
308.607518
305.810444
312.393998
311.877298
317.440963
318.103272
324.031827
320.685073
323.580892
352.733071
351.512429
385.859472
398.510724
399.603338
527.859867
625.170164
652.368895
300.016147
300.040106
300.626647
300.185203
300.168126
302.305442
301.480855
300.625903
301.665218
304.039745
301.843819
300.901052
305.687108
304.552330
302.264016
303.358530
307.846429
307.782484
314.040102
316.595358
320.047987
318.791205
323.341213
319.813722
355.778701
333.043107
370.503386
421.240611
416.884868
535.318010
630.108240
300.021879
300.037040
300.270222
300.172073
300.961444
300.702795
300.379441
303.381068
302.541360
301.447117
302.430572
305.489182
302.494688
302.164137
308.782356
307.897171
307.609555
314.954918
310.408920
317.466128
318.761768
315.843547
314.970580
325.476178
314.846216
330.173644
380.717846
358.312449
390.901622
469.286734
568.649433
300.008833
300.025809
300.061365
300.383283
300.517294
300.285375
303.107274
301.502228
300.604684
303.044256
303.077382
302.228590
302.632261
305.905582
303.376578
302.646797
306.920962
308.934057
318.514862
317.889556
306.698429
317.849041
312.697781
309.327972
315.122637
340.511821
329.851520
376.645680
378.411314
450.113714
492.050221
300.006248
300.018072
300.089289
300.107412
301.046010
300.997066
301.046647
300.517086
304.227518
302.548866
301.710499
303.579564
305.206015
303.659903
302.723630
306.446423
309.264757
304.770518
310.169982
317.004943
315.761565
307.644797
314.860595
320.358574
316.605962
308.514142
335.076384
336.736577
365.768047
417.120365
415.944431
300.013245
300.047466
300.053879
301.381242
300.742087
300.371626
301.441172
302.296034
301.543563
300.727324
305.420707
302.916290
302.369470
305.051456
307.496342
305.175833
305.512392
308.856497
309.222990
308.338168
312.914010
324.551827
313.679811
312.234294
308.850806
324.131398
318.589930
319.288378
362.675193
377.364607
383.992629
300.025759
300.023608
300.062437
300.239550
300.176792
301.147838
301.876230
300.961083
300.606015
303.317068
302.071346
301.982919
305.162871
303.842371
303.012624
303.375829
308.618018
305.882214
311.478095
310.756293
315.027472
313.097110
310.035239
311.205366
313.636727
312.171355
316.651322
349.074633
327.885877
361.223102
372.581197
300.011691
300.028240
300.489657
300.266559
301.980408
300.909664
300.387385
301.860016
302.538488
301.638599
301.127926
304.816806
302.871302
303.492165
306.632266
306.232486
305.655511
304.088780
310.128832
308.653007
309.701839
307.702089
322.005574
311.591431
308.301692
310.714905
316.600022
323.404507
325.200634
341.612194
353.710808
300.015030
300.903671
300.073711
300.149346
300.513459
300.531833
302.809115
302.183313
300.599534
301.979351
302.770791
302.407011
301.952793
304.608663
303.707157
303.540934
304.638760
306.170677
306.553390
307.637554
307.221173
311.285531
310.600780
307.166560
318.027796
314.710996
309.960902
318.043220
329.451216
331.256346
334.484148
300.021271
300.057845
300.108538
302.170815
301.286755
300.705217
300.765371
300.477597
303.096502
302.988780
301.176730
301.197195
303.796028
303.093408
303.336724
305.345096
305.966885
304.843664
305.588821
308.114463
309.136651
306.855031
308.790084
325.347717
312.994923
305.997235
309.076342
314.301339
313.943791
330.975853
323.156696
300.029785
300.080125
301.948375
300.262837
302.176278
301.369943
300.992437
302.244608
301.761170
300.678602
302.847226
303.095188
302.253011
301.604054
305.155177
303.916419
307.357066
303.196438
309.264127
312.223576
306.903832
322.394307
313.045885
306.077535
304.791903
320.126025
312.182580
308.748883
319.722498
319.359545
315.312283
300.028935
300.464982
300.132035
300.199127
301.846430
303.241186
303.739241
301.726160
300.965276
304.466038
302.200929
301.316563
303.378969
305.006807
303.542655
302.254662
307.589833
305.396507
304.412432
305.752400
310.205532
309.365090
311.412317
311.946232
315.351621
306.388812
303.972923
312.917291
308.835837
309.143077
315.769174
300.019540
300.051378
300.110474
301.770343
300.309281
301.279538
302.297847
302.231878
304.492298
301.443877
302.099879
304.597314
303.223541
302.175935
303.867875
309.035843
304.715709
309.881239
305.954398
311.954768
305.925273
304.498865
312.198415
311.556282
306.051882
303.425613
317.616726
307.819905
304.444097
313.135847
313.269777
300.009829
300.031377
300.237099
300.163163
300.277683
303.801575
300.604070
302.818613
303.378706
301.672518
306.025804
301.813278
304.026245
304.707024
303.945622
303.430694
302.839895
310.936270
306.554936
314.133685
303.109205
314.669150
307.094637
303.910974
318.858082
315.256386
305.353128
302.680918
312.965447
309.950230
304.753640
300.008285
300.022608
300.049854
300.121907
301.064188
300.423781
300.901196
302.278631
301.298371
303.604537
301.568230
300.945139
306.176006
302.746448
306.744002
308.120428
307.783424
304.822427
303.513987
313.546979
310.842812
311.562038
303.024317
310.229551
308.581642
303.621742
311.939200
310.717570
311.011679
302.411512
303.140883
300.017227
300.030610
301.372852
300.091242
301.950664
302.198386
304.736350
300.630305
302.262648
303.006265
301.868536
303.996816
301.926251
301.247579
305.419600
303.704495
302.574616
302.490447
307.622872
306.455312
308.715974
307.485490
313.628137
305.706940
303.613686
313.131712
310.523376
307.649668
302.479002
306.009383
304.721638
300.029001
300.770151
300.060184
300.091125
301.151227
300.822533
301.297592
300.655577
304.172723
300.969750
302.416742
301.755438
301.455873
304.633062
302.341180
302.276061
305.652078
305.616619
304.929409
303.405710
309.653385
307.961884
306.641517
302.606277
311.077043
305.129219
302.836924
312.809861
305.797975
312.384337
307.649810
300.022609
300.049243
300.075117
300.740693
300.182320
301.596213
303.758292
303.023232
300.798626
302.010334
303.996404
301.038489
302.498132
302.032952
300.970996
303.400971
303.201026
301.344901
302.888723
309.068578
306.682542
304.899047
306.866961
311.117637
305.136007
305.711332
313.415072
305.809606
302.940727
312.987382
310.344445
300.015406
300.044023
300.631973
300.098563
300.148045
300.256930
301.225215
304.561508
300.819369
304.548325
303.570067
302.021169
302.327882
303.325275
302.393023
302.346295
301.347917
306.980620
305.114424
302.449344
303.270466
311.940259
308.274586
306.926976
302.518771
313.394629
303.529192
302.557919
313.302198
307.083483
302.021183
300.008970
300.028242
300.273293
300.089978
301.689578
300.256522
300.765549
304.072756
305.160026
301.869064
301.273531
306.020688
304.234267
302.330033
302.234676
301.870289
303.576668
303.370789
306.200725
308.700694
310.419373
303.571475
302.664033
310.163117
309.257507
302.692703
306.086450
316.112002
309.462243
302.227147
301.538499
300.003469
300.010963
300.030370
300.065683
300.321175
300.238708
303.632604
300.595986
305.319156
304.905012
304.063909
302.722446
300.923915
307.256011
302.151268
302.846918
303.042056
301.155954
304.895766
305.309022
304.828713
302.585968
310.764469
306.365163
304.582439
306.509660
310.729361
302.466251
302.327282
311.412217
307.843468
300.000786
300.003432
300.011636
300.947937
300.102005
300.981043
300.330553
300.442189
302.789074
302.184775
304.667781
300.977470
304.844138
302.263564
300.796984
303.090367
302.945783
304.817633
302.961307
301.546012
308.784727
309.628190
301.866234
302.344168
309.017639
305.550419
302.827973
306.735747
312.104263
306.423466
301.621480
300.000233
300.001804
300.008328
300.023537
300.119235
300.524328
300.365225
302.835825
300.714167
304.298882
305.660688
306.337893
303.670370
301.043034
308.035747
302.039239
301.674465
301.988693
301.507815
304.601149
304.329094
303.632032
305.548621
308.397993
302.260270
302.608751
308.117741
307.833022
302.400995
302.158785
303.711093
300.000233
300.001130
300.005001
300.069296
300.078092
300.103431
300.828294
300.376544
300.536510
304.735708
301.049394
306.221506
305.925766
304.726222
300.799396
300.643936
305.012025
303.021275
302.797811
302.273571
301.181374
306.406305
306.898999
301.773879
301.691975
312.116085
302.599014
301.576309
307.745291
309.414035
303.174194
300.000993
300.002190
300.006916
300.020242
300.037094
300.278651
301.331960
300.275714
302.011593
300.701287
301.728285
304.221980
303.422457
305.137948
300.887264
304.256467
300.548314
300.546481
301.399216
302.840873
303.811203
302.657110
301.502752
308.428051
307.535079
301.708438
301.637871
308.529274
303.548280
301.288663
301.418104
300.001669
300.005387
300.011777
300.020703
301.056842
300.077424
300.119313
300.829342
300.378104
301.501609
305.101441
301.043518
304.154416
308.142344
306.629208
303.595608
300.604352
306.207464
300.496029
301.153522
301.654366
302.079273
307.898531
303.485788
303.755241
307.030786
312.028542
301.428823
301.350301
305.360689
306.267581
300.002379
300.007739
300.165005
300.017725
300.029697
300.048360
301.960943
300.563878
300.899134
302.337166
300.742178
302.412881
305.272072
301.196259
306.498232
307.794472
303.898835
300.528103
300.447742
303.924842
302.045027
302.667962
302.039096
301.139309
310.319132
304.690352
304.171680
301.356632
307.974187
303.012365
300.704482
300.001623
300.005471
300.009838
300.012224
300.024948
300.040429
300.069684
300.105576
300.564955
300.417198
302.240207
305.033647
301.182773
304.631588
310.570216
304.924944
307.972106
301.311769
307.587730
300.395545
300.936940
300.918628
300.670530
307.321573
302.490642
301.474892
307.733833
306.136059
301.835402
303.011217
301.663061
300.000607
300.002476
300.005916
300.130921
300.019892
300.031234
300.056784
301.536158
300.129833
300.202615
301.023484
300.731441
303.839623
307.980757
301.441968
305.938803
309.206461
301.538666
301.853080
300.929605
301.476873
300.620389
302.167426
301.354126
300.944176
309.959511
304.084103
301.719967
301.149811
307.384442
303.252756
300.000305
300.001278
300.004016
300.165821
300.022235
300.582149
300.057101
300.072459
300.407197
301.895312
300.969871
300.500450
304.996390
301.773410
308.137053
307.235750
301.700589
305.127867
301.978047
307.069033
300.387339
301.642468
300.395898
300.521271
305.444527
301.655802
300.960327
307.461379
303.147962
300.910756
300.694362
300.001232
300.026244
300.007174
300.010106
300.016641
300.032598
300.048555
300.753728
300.111268
300.147875
301.514750
300.973932
301.226683
301.095658
308.299377
301.439141
306.382169
312.454065
302.773651
301.707653
301.546171
302.884169
300.348526
301.993889
303.364967
300.783143
309.574145
301.816165
300.934298
303.451463
303.614598
300.003687
300.012296
300.019244
300.020219
300.017831
300.023451
300.038512
300.056986
300.077674
300.716007
300.167698
300.190313
300.781592
301.417271
300.913790
301.555763
309.273354
301.099746
304.113256
302.609248
302.381774
300.424980
302.957041
301.508925
300.886238
306.195360
300.896940
300.901899
308.249662
304.135879
300.444761
300.005439
300.018230
300.910435
300.033777
300.919884
300.041448
300.043868
300.179275
300.297378
300.101615
300.120217
300.451973
300.360158
300.368235
301.731015
305.034126
301.219560
306.178514
310.989783
303.247484
302.184664
302.060500
302.557171
300.383225
306.022586
305.810862
301.547223
308.904421
302.678170
300.701831
300.605767
300.003592
300.012562
300.024109
300.033817
300.799138
300.064509
301.850462
300.086072
300.078712
300.123724
301.346483
300.165462
300.183143
302.535559
300.886607
300.601104
301.142203
306.638545
303.707373
303.896560
309.304292
301.746352
301.704703
301.750205
300.360075
300.519053
307.839104
300.653933
300.725599
306.844872
303.594814
300.001141
300.003726
300.010125
300.098911
300.046654
300.069887
300.996206
300.101087
302.409622
300.146540
300.139835
300.700904
301.211968
300.262345
300.307361
303.838634
302.225419
300.717320
300.815427
306.417116
302.103922
303.831229
302.920741
302.167897
300.302542
301.179769
300.379960
302.395277
306.726013
301.792001
300.304313
300.000115
300.000537
300.002945
300.012723
300.027924
300.659029
300.099168
300.114386
300.384135
300.120860
303.684121
300.309557
300.187359
300.798485
301.895052
300.376738
300.436068
303.078776
302.908345
300.623448
300.602236
309.728885
300.435970
302.424095
305.137236
303.662806
300.248653
302.606811
301.229162
300.343804
301.028285
300.000041
300.000254
300.001248
300.005611
300.159157
300.051261
300.081650
301.399429
300.133452
300.270612
300.280730
300.155970
302.601739
301.077523
300.287954
300.329244
303.132170
300.412786
300.420271
304.011931
302.816729
300.495286
300.500380
308.493167
300.751372
300.806125
302.176715
300.174082
300.239511
304.790744
301.871500
300.000039
300.000395
300.001531
300.004700
300.013232
300.026284
300.504888
300.121372
300.148260
301.446071
300.160306
301.254541
300.493857
300.229268
302.382783
302.085354
300.402310
300.407870
304.057137
300.898989
300.357178
301.255246
306.029851
300.342853
300.306716
302.710290
300.218506
300.109998
300.697622
300.156560
300.110568
300.000062
300.008373
300.004311
300.007091
300.010305
300.754967
300.062672
300.083053
301.172840
301.506602
300.195573
300.769466
300.190951
302.563610
300.706958
300.338058
304.176671
303.273826
300.434987
300.548834
305.199912
302.259124
300.988985
300.265937
307.109173
300.175193
300.290335
300.129770
301.956056
300.892262
300.041398
300.000249
300.001745
300.006018
300.402276
300.014447
300.018681
300.032543
301.828575
300.610536
300.152633
302.134268
300.991680
300.397654
300.371806
300.215434
302.567396
301.036948
300.399853
302.230392
304.605849
300.395058
300.954495
303.419382
302.228312
300.234764
300.163914
303.420206
300.079443
300.053023
300.062479
300.034124
300.000052
300.001150
300.004113
300.008737
300.012997
300.732957
300.028255
300.041880
300.089161
301.777054
300.158487
300.176279
301.505831
300.472017
300.355852
300.421330
300.219444
301.914786
302.782182
300.409012
301.120943
304.422422
300.286060
300.899534
301.798328
304.783816
300.093453
300.081871
301.556610
300.024100
300.006981
300.000062
300.000467
300.001464
300.003517
300.025861
300.017162
300.022032
300.287848
300.051775
300.065976
300.090955
301.847868
300.149000
300.133788
300.616742
300.132803
301.236908
300.483340
300.245928
301.135127
303.257698
300.356985
300.338098
303.785583
300.517999
300.265103
300.347089
300.971841
300.085973
300.022284
300.006477
300.000136
300.000472
300.001040
300.001980
300.005980
300.012828
300.585664
300.030485
300.035100
300.150754
301.299911
300.095466
300.114153
300.774665
300.100648
300.096156
300.317666
300.135884
301.763466
300.638136
300.247157
301.521082
304.004821
300.282122
300.247810
302.008669
300.248319
300.080166
300.053266
300.858564
300.006616
300.000198
300.000694
300.072524
300.004004
300.006857
300.011157
300.019488
300.030537
300.798966
300.047229
300.053236
300.883079
301.615561
300.093521
300.092102
300.640439
300.088769
300.393173
300.488885
300.141772
300.544570
301.417588
300.242368
300.229300
304.040700
300.170697
300.334896
302.038391
300.755702
300.024859
300.006963
300.000134
300.000612
300.002188
300.005101
300.246862
300.013643
300.017681
300.029100
300.036462
300.044188
300.787410
300.070625
300.078968
300.996717
300.550982
300.060046
300.067021
300.558422
300.104584
301.392594
300.304166
300.123461
300.256129
301.848665
300.181325
300.303704
301.845338
300.096664
300.064526
300.026885
300.006216
300.000047
300.000181
300.001056
300.022300
300.011925
300.017847
300.271975
300.025422
300.028905
300.105781
300.053132
300.064174
300.742670
300.066052
300.054829
300.134722
300.130377
300.052235
300.071868
300.482258
300.090626
301.084879
300.200369
300.089895
300.085232
301.110226
300.090737
300.076347
301.247036
300.025509
300.006374
300.000031
300.000129
300.000707
300.003314
300.008182
300.643244
300.030277
300.034846
300.151675
300.039108
300.051481
301.168778
300.075218
300.073227
300.607734
300.780083
300.043419
300.034509
300.184492
300.051241
300.065774
300.288193
300.053867
300.040908
300.095320
300.043838
300.051578
300.974629
300.040278
300.019465
300.005375
300.000086
300.000303
300.000748
300.002196
300.009666
300.015378
300.025777
300.814667
300.046299
300.049031
300.230852
300.067653
300.078926
301.078084
300.081651
300.076128
301.449515
300.089079
300.028110
300.026411
300.172158
300.044262
300.915130
300.096508
300.019055
300.017457
300.209577
300.029265
300.027946
300.111585
300.007119
300.000130
300.000503
300.017733
300.004402
300.006726
300.010837
300.126248
300.034819
300.044362
300.557544
300.065774
300.072365
300.334603
300.092224
300.096844
300.665841
300.080286
300.064689
300.523913
300.027000
300.023918
300.029847
300.208823
300.026389
300.553416
300.011973
300.010530
300.018197
300.829364
300.013437
300.004174
300.000099
300.000634
300.002613
300.005957
300.124076
300.017377
300.022821
300.030202
300.834103
300.059390
300.070136
300.471698
300.088262
300.113811
300.504198
300.108117
300.100899
300.632025
300.058888
300.046167
300.248303
300.028274
300.027635
300.253800
300.048729
300.007868
300.328931
300.010629
300.012721
300.231150
300.002864
300.000069
300.000401
300.001907
300.178144
300.017132
300.025774
300.468548
300.221341
300.056370
300.063903
301.237365
300.088001
300.121174
300.525878
300.112922
300.982828
300.597824
300.096807
300.083733
300.654478
300.049028
300.045335
300.486379
300.029828
300.020043
300.014766
300.008124
300.006241
300.005877
300.060341
300.001073
300.000020
300.000244
300.001395
300.005360
300.013452
300.587182
300.052038
300.066462
300.747134
300.430890
300.087728
300.089706
300.928351
300.106867
300.582423
300.534576
300.123217
300.573541
300.669161
300.077110
300.071083
300.871523
300.060646
300.060168
300.819302
300.020238
300.013011
300.738677
300.004141
300.001209
300.000318
300.000028
300.000154
300.000704
300.002937
300.016291
300.026219
300.043726
300.843722
300.103257
300.112907
300.622531
300.977402
300.099259
300.100129
300.703163
300.120953
301.167605
300.632118
300.106468
300.090614
300.611259
300.075238
300.080251
301.785165
300.062422
300.050456
300.207451
300.009715
300.003274
300.001056
300.000130
300.000036
300.000154
300.015343
300.004988
300.009210
300.018393
300.898828
300.174964
300.094943
301.102524
300.487720
300.133298
300.316257
300.888425
300.102824
300.109141
300.581927
300.126089
301.374480
300.407805
300.071286
300.064039
300.739629
300.082178
300.076380
301.770170
300.034682
300.015831
300.171639
300.000920
300.000146
300.000031
300.000285
300.001896
300.005154
300.256338
300.025841
300.035968
300.054142
301.064304
300.340001
300.143351
301.105831
301.324928
300.144727
300.123105
300.853418
300.105917
300.509343
300.615640
300.096415
300.085168
300.800860
300.054783
300.055727
300.978434
300.057860
300.043131
300.117067
300.005686
300.001035
300.000223
300.000014
300.000075
300.000987
300.006121
300.014302
300.025152
300.628898
300.066025
300.080663
300.100615
301.238802
300.389147
300.174208
301.189622
301.122994
300.137436
300.111638
300.507394
300.098684
300.972734
300.466523
300.049636
300.037186
300.660858
300.041578
300.037707
301.254824
300.019807
300.007238
300.001860
300.000313
300.000006
300.000038
300.000505
300.002091
300.007179
300.517314
300.052029
300.068415
300.862321
300.667454
300.157727
300.133965
301.142897
300.283377
300.197185
301.030870
300.817938
300.096640
300.097044
300.414068
300.067151
300.255528
300.090853
300.023702
300.018035
300.188192
300.019204
300.013685
300.125282
300.001661
300.000407
300.000003
300.000018
300.000133
300.000842
300.005175
300.012848
300.030473
301.202211
300.103345
300.115623
300.565535
301.359700
300.774035
300.181206
301.316861
301.421991
300.184705
300.342103
300.623989
300.064712
300.530877
300.541903
300.033359
300.019631
300.190446
300.007220
300.006359
300.109550
300.002712
300.001112
300.000284
300.000003
300.000016
300.000283
300.001161
300.002538
300.007979
300.024884
300.047981
300.076772
301.706942
300.144928
300.160397
300.570212
301.995735
300.955088
300.208318
301.521502
301.504775
300.134599
300.081207
300.072063
300.040701
300.729140
300.115428
300.007602
300.002338
300.001833
300.000995
300.000880
300.000399
300.000086
300.000003
300.000049
300.000393
300.001213
300.073529
300.012108
300.018769
300.072687
300.640180
300.126703
300.127859
301.764384
300.191580
300.241305
300.181043
301.426813
300.404052
300.198462
301.262543
300.402244
300.063686
300.038484
300.042215
300.014473
300.017928
300.002100
300.000317
300.000254
300.006505
300.000093
300.000021
300.000002
300.000015
300.000231
300.001345
300.005319
300.012018
300.394072
300.040796
300.050914
300.069972
301.248861
300.181920
300.173954
301.635555
301.064344
300.360290
300.179127
301.744946
300.205530
300.145878
300.565818
300.048490
300.023136
300.011072
300.004010
300.000803
300.000239
300.000097
300.000059
300.000038
300.000011
300.000001
300.000011
300.000113
300.000426
300.002454
300.015068
300.024982
300.039564
300.829372
300.076747
300.084951
300.107263
301.505102
300.214020
300.217531
301.551357
301.531089
300.582955
300.176062
301.296269
300.109815
300.089450
300.079701
300.021000
300.007892
300.003822
300.000442
300.000123
300.000035
300.000269
300.000004
300.000001
300.000004
300.000030
300.000148
300.001301
300.003694
300.011330
300.441154
300.069372
300.084849
300.771488
300.250159
300.161441
300.156288
301.976316
300.234544
300.295032
301.181838
301.639177
300.289485
300.121793
301.125826
300.070657
300.056685
300.031240
300.008672
300.002049
300.000647
300.000071
300.000012
300.000002
300.000000
300.000002
300.000032
300.000155
300.000485
300.001868
300.008168
300.019855
300.043990
301.222105
300.109722
300.115856
300.648237
301.269259
300.545805
300.208842
302.137664
300.314855
300.268840
300.162951
300.436220
300.092542
300.084617
301.003235
300.044089
300.023372
300.008775
300.001620
300.000156
300.000032
300.000005
300.000000
300.000005
300.000037
300.000148
300.013967
300.003714
300.006230
300.025527
300.037231
300.063154
300.085424
301.478360
300.133924
300.133080
300.209779
301.625280
300.404304
300.239923
302.562348
300.978257
300.178790
300.093368
300.433456
300.067925
300.057805
300.370339
300.013536
300.004975
300.001014
300.000079
300.000011
300.000000
300.000002
300.000032
300.000268
300.001378
300.004035
300.171072
300.021006
300.028198
300.046379
300.431267
300.391293
300.125719
301.622372
300.147883
300.151487
300.166344
301.786704
300.243080
300.248206
302.175071
300.277747
300.107327
300.058859
300.847902
300.035223
300.024094
300.009376
300.002346
300.000156
300.000033
300.000000
300.000002
300.000015
300.000075
300.000792
300.003761
300.010585
300.020794
300.515317
300.045150
300.051016
300.068426
300.920182
300.231702
300.159812
301.400909
300.722040
300.305184
300.196816
302.502710
300.198094
300.183886
301.115221
300.059330
300.039282
300.030082
300.530926
300.011278
300.003777
300.000607
300.000065
300.000000
300.000001
300.000006
300.000038
300.000346
300.001156
300.004585
300.018191
300.036061
300.048502
300.628130
300.071567
300.081342
300.104825
301.791677
300.177218
300.181566
301.175222
300.934137
300.665321
300.195528
301.961811
300.124055
300.099283
300.052998
300.023042
300.014639
300.008685
300.019966
300.000326
300.000077
300.000000
300.000000
300.000002
300.000013
300.000060
300.000278
300.002184
300.007651
300.019879
300.925121
300.074173
300.084027
300.818442
300.130125
300.276424
300.141701
301.933408
300.180907
300.170347
300.285044
301.695531
300.169101
300.139490
301.343951
300.063233
300.038710
300.017003
300.004612
300.001085
300.000232
300.000054
300.000000
300.000000
300.000001
300.000004
300.000022
300.000095
300.000337
300.004713
300.012072
300.029505
300.049373
301.093595
300.097271
300.096051
300.506947
300.968744
300.556143
300.168504
302.090306
300.157058
300.144672
300.122842
301.207477
300.101416
300.085649
300.464082
300.020501
300.007079
300.001487
300.000169
300.000028
300.000000
300.000000
300.000000
300.000001
300.000005
300.000027
300.000138
300.000941
300.002979
300.013625
300.035077
300.059959
300.077492
301.207238
300.106234
300.104641
300.110841
301.210764
300.180987
300.174518
301.885593
300.121032
300.136470
300.083889
301.277904
300.048370
300.031054
300.012740
300.002434
300.000213
300.000041
300.000000
300.000000
300.000000
300.000000
300.000001
300.000007
300.000040
300.000160
300.001591
300.004357
300.010719
300.023694
300.475908
300.107874
300.109600
301.204665
300.113452
300.112954
300.124178
301.630237
300.165489
300.158314
301.056566
300.073119
300.054863
300.039213
300.493217
300.011342
300.004023
300.000703
300.000091
300.000000
300.000000
300.000000
300.000001
300.000001
300.000002
300.000015
300.000107
300.000554
300.001683
300.203698
300.017820
300.031102
300.054716
301.305031
300.131416
300.170374
301.309372
300.122799
300.138490
300.131820
302.000147
300.121002
300.104774
300.108429
300.030934
300.015752
300.009474
300.028168
300.000461
300.000114
300.000000
300.000000
300.000001
300.000192
300.000002
300.000002
300.000006
300.000024
300.000311
300.001617
300.005560
300.012399
300.952434
300.040544
300.058545
300.076756
301.203866
300.131046
300.127572
300.619416
300.543103
300.287799
300.118788
301.715746
300.062711
300.043996
300.019819
300.009983
300.001363
300.000365
300.000082
300.000000
300.000000
300.000001
300.000004
300.000006
300.000008
300.000011
300.000018
300.000114
300.000524
300.002972
300.025231
300.018858
300.023505
300.322464
300.056425
300.079810
300.102268
301.796045
300.124825
300.118147
300.101084
300.909303
300.088436
300.073696
300.742106
300.021867
300.009739
300.002333
300.000335
300.000042
300.000000
300.000000
300.000001
300.000005
300.002725
300.000023
300.000045
300.000103
300.000165
300.000305
300.001278
300.004859
300.010298
300.204202
300.027020
300.035944
300.151168
300.558336
300.120076
300.131379
301.935905
300.110966
300.093870
300.072697
301.087972
300.041064
300.029533
300.064633
300.003367
300.000733
300.000166
300.000000
300.000000
300.000001
300.000004
300.000012
300.000025
300.005727
300.000373
300.000538
300.000661
300.000771
300.002040
300.006422
300.014672
300.023729
300.999112
300.041873
300.047370
300.064297
301.388903
300.158040
300.417512
301.639297
300.071489
300.048874
300.034879
300.944844
300.012584
300.006258
300.002058
300.000455
300.000000
300.000000
300.000000
300.000001
300.000005
300.000037
300.000169
300.000430
300.043073
300.001553
300.001708
300.001852
300.003134
300.008484
300.082224
300.035919
300.043660
301.131806
300.050784
300.064002
300.077738
301.466666
300.115431
300.102491
300.643447
300.030153
300.017269
300.011094
300.266851
300.002424
300.000685
300.000000
300.000000
300.000000
300.000000
300.000002
300.000006
300.000074
300.000445
300.000956
300.001738
300.090197
300.002614
300.002866
300.004681
300.012311
300.029769
300.356810
300.051414
300.050191
300.128375
300.132308
300.081677
300.088453
301.672546
300.065670
300.047243
300.022055
300.008028
300.004012
300.001866
300.000470
300.000000
300.000000
300.000000
300.000000
300.000000
300.000002
300.000039
300.000095
300.000394
300.001853
300.002165
300.002777
300.070473
300.003528
300.006962
300.088897
300.032314
300.043565
300.880964
300.050436
300.219139
300.577084
300.779492
300.067343
300.060491
300.971938
300.023754
300.013099
300.005194
300.001505
300.000170
300.000000
300.000000
300.000000
300.000000
300.000000
300.000002
300.000017
300.000213
300.000270
300.000528
300.001164
300.015432
300.002402
300.002412
300.019014
300.008499
300.032934
300.159811
300.047508
300.052802
300.886749
300.047791
300.108918
300.172791
300.408759
300.029053
300.021486
300.404236
300.005321
300.001580
300.000217
300.000000
300.000000
300.000000
300.000000
300.000000
300.000002
300.000069
300.002120
300.000397
300.010812
300.001800
300.002784
300.002342
300.004626
300.002412
300.004080
300.033455
300.018450
300.029887
300.284608
300.055040
300.055666
300.693353
300.031084
300.023489
300.016108
300.021179
300.006411
300.003956
300.001039
300.000043
300.000000
300.000000
300.000000
300.000000
300.000000
300.000013
300.000079
300.000303
300.041755
300.002171
300.002975
300.329966
300.009271
300.004045
300.003037
300.012493
300.005656
300.024995
300.136702
300.029980
300.041268
300.783198
300.054383
300.050943
300.642331
300.013413
300.006416
300.002788
300.003339
300.000319
300.000023
300.000000
300.000000
300.000000
300.000000
300.000000
300.000001
300.000065
300.000258
300.000660
300.001459
300.050948
300.006636
300.007791
300.533076
300.006675
300.006325
300.004620
300.022911
300.011166
300.144444
300.129491
300.038578
300.046611
301.226911
300.040118
300.027817
300.037131
300.002369
300.000271
300.000056
300.000011
300.000000
300.000000
300.000000
300.000000
300.000000
300.000001
300.000015
300.000062
300.000269
300.001254
300.003525
300.006348
300.122132
300.021940
300.014845
300.585115
300.007762
300.004022
300.004548
300.029980
300.012616
300.015904
300.098165
300.036977
300.033310
300.909862
300.012247
300.004964
300.000700
300.000066
300.000006
300.000000
300.000000
300.000000
300.000000
300.000000
300.000000
300.000001
300.000009
300.000099
300.000465
300.002118
300.262296
300.253936
300.017311
300.599950
300.343384
300.013519
300.005780
300.005349
300.003125
300.086544
300.009994
300.010856
300.013076
300.238195
300.015815
300.010288
300.034402
300.000720
300.000248
300.000062
300.000000
300.000000
300.000000
300.000000
300.000000
300.000000
300.000001
300.000006
300.000013
300.001193
300.001384
300.004593
300.009766
300.495202
300.025520
300.127591
300.393292
300.008174
300.003676
300.001697
300.001668
300.003331
300.348049
300.005583
300.004737
300.005174
300.214190
300.002507
300.001476
300.000722
300.000193
300.000000
300.000000
300.000000
300.000000
300.000001
300.000005
300.000015
300.000027
300.000022
300.000070
300.000332
300.006654
300.026291
300.011494
300.013694
300.508656
300.018126
300.014689
300.018603
300.004260
300.002902
300.002439
300.002353
300.002096
300.009157
300.001628
300.001397
300.001650
300.153355
300.001007
300.000293
300.000000
300.000000
300.000000
300.000000
300.000001
300.000226
300.000062
300.000085
300.000063
300.000029
300.000074
300.000473
300.001408
300.003035
300.007173
300.011811
300.013592
300.244886
300.015250
300.013685
300.008775
300.003875
300.001960
300.000835
300.000239
300.000245
300.000390
300.000836
300.000970
300.000644
300.000190
300.000000
300.000000
300.000000
300.000000
300.000001
300.000027
300.000078
300.013937
300.000085
300.000029
300.000039
300.000051
300.000135
300.000508
300.001634
300.003304
300.030833
300.012903
300.016963
300.314206
300.014037
300.009379
300.004438
300.001108
300.000146
300.000044
300.000094
300.000142
300.000248
300.000179
300.000053
300.000000
300.000000
300.000000
300.000000
300.000001
300.000012
300.000056
300.000087
300.000086
300.000113
300.000162
300.000093
300.000072
300.000051
300.000385
300.001625
300.003502
300.006262
300.248826
300.015160
300.014987
300.231030
300.006511
300.002489
300.000439
300.000067
300.000014
300.000006
300.000034
300.000004
300.000002
300.000000
300.000000
300.000000
300.000000
300.000001
300.000006
300.000020
300.000038
300.001290
300.000392
300.000540
300.000458
300.000216
300.000136
300.000383
300.001274
300.162914
300.003355
300.005055
300.005718
300.040464
300.009524
300.007376
300.013731
300.000948
300.000345
300.000081
300.000007
300.000002
300.000001
300.000000
300.000000
300.000000
300.000000
300.000000
300.000002
300.000014
300.000055
300.000104
300.000218
300.000522
300.059560
300.000788
300.000573
300.000340
300.000329
300.000954
300.001316
300.001404
300.001002
300.002421
300.003060
300.004556
300.137970
300.003558
300.002240
300.000973
300.000228
300.000014
300.000002
300.000000
300.000000
300.000000
300.000000
300.000000
300.000000
300.000002
300.000053
300.000216
300.000323
300.000463
300.000675
300.000817
300.000803
300.043329
300.000437
300.000223
300.000299
300.000403
300.000338
300.000720
300.000618
300.000918
300.006830
300.002931
300.002985
300.068412
300.001252
300.000414
300.000032
300.000004
300.000000
300.000000
300.000000
300.000000
300.000000
300.000001
300.000013
300.000092
300.000268
300.017040
300.000994
300.001136
300.000950
300.002652
300.000514
300.000551
300.000436
300.000484
300.000322
300.000231
300.000415
300.093542
300.000642
300.000675
300.000889
300.001410
300.001436
300.000950
300.000595
300.000016
300.000003
300.000000
300.000000
300.000000
300.000000
300.000000
300.000001
300.000003
300.000049
300.000249
300.000624
300.001189
300.055437
300.001335
300.000654
300.000485
300.020996
300.001250
300.001550
300.001164
300.000377
300.000331
300.000466
300.000430
300.005920
300.000436
300.000380
300.000431
300.000248
300.000075
300.000010
300.000002
300.000000
300.000000
300.000000
300.000000
300.000000
300.000000
300.000002
300.000022
300.000069
300.000264
300.002781
300.002079
300.002277
300.001866
300.001161
300.001139
300.001608
300.115318
300.001454
300.000464
300.000167
300.000159
300.000269
300.000583
300.000719
300.000758
300.000329
300.000162
300.000054
300.000004
300.000001
300.000000
300.000000
300.000000
300.000000
300.000000
300.000000
300.000001
300.000002
300.000012
300.000139
300.000646
300.001514
300.144434
300.003594
300.003523
300.002877
300.001977
300.001790
300.001291
300.000406
300.000156
300.000137
300.000237
300.000676
300.062986
300.001102
300.001077
300.000534
300.000114
300.000005
300.000001
300.000000
300.000000
300.000000
300.000000
300.000000
300.000000
300.000000
300.000001
300.000005
300.000016
300.000230
300.001205
300.002331
300.003788
300.180940
300.004069
300.002944
300.001982
300.000723
300.000496
300.000515
300.000375
300.000238
300.000557
300.000982
300.001322
300.095277
300.000773
300.000279
300.000008
300.000001
300.000000
300.000000
300.000000
300.000000
300.000000
300.000000
300.000000
300.000000
300.000001
300.000006
300.000086
300.000284
300.000828
300.002741
300.003966
300.004433
300.110979
300.002987
300.001901
300.001030
300.080452
300.000489
300.000202
300.000152
300.000394
300.000749
300.001021
300.000644
300.000170
300.000011
300.000001
300.000000
300.000000
300.000000
300.000000
300.000000
300.000000
300.000000
300.000000
300.000000
300.000002
300.000007
300.000026
300.000261
300.000713
300.001461
300.072422
300.005911
300.006600
300.033492
300.002516
300.001566
300.000749
300.000160
300.000031
300.000099
300.000184
300.000342
300.011131
300.000098
300.000017
300.000000
300.000000
300.000000
300.000000
300.000000
300.000000
300.000000
300.000000
300.000000
300.000000
300.000000
300.000002
300.000007
300.000021
300.000101
300.000739
300.002074
300.005166
300.431867
300.008282
300.006870
300.004860
300.001926
300.000983
300.000263
300.000028
300.000020
300.000069
300.000059
300.000036
300.000009
300.000000
300.000000
300.000000
300.000000
300.000000
300.000000
300.000000
300.000000
300.000000
300.000000
300.000000
300.000000
300.000001
300.000006
300.000035
300.000107
300.000878
300.003942
300.006456
300.008186
300.355119
300.007805
300.006425
300.003499
300.000782
300.000043
300.000013
300.000011
300.000018
300.000009
300.000003
300.000000
300.000000
300.000000
300.000000
300.000000
300.000000
300.000000
300.000000
300.000000
300.000000
300.000000
300.000000
300.000000
300.000001
300.000007
300.000419
300.000340
300.000914
300.001978
300.005104
300.007190
300.008426
300.332403
300.004723
300.001753
300.000324
300.000024
300.000004
300.000003
300.000000
300.000000
300.000000
300.000000
300.000000
300.000000
300.000000
300.000000
300.000000
300.000000
300.000000
300.000000
300.000000
300.000000
300.000000
300.000001
300.000003
300.000012
300.000036
300.001553
300.000671
300.001115
300.002452
300.060784
300.006495
300.005309
300.002854
300.000635
300.000294
300.000084
300.000005
300.000001
300.000000
300.000000
300.000000
300.000000
300.000000
300.000000
300.000000
300.000000
300.000000
300.000000
300.000000
300.000000
300.000000
300.000000
300.000000
300.000001
300.000004
300.000028
300.000086
300.000196
300.000599
300.001276
300.001970
300.003053
300.209159
300.002622
300.002048
300.001117
300.000257
300.000007
300.000001
300.000000
300.000000
300.000000
300.000000
300.000000
300.000000
300.000000
300.000000
300.000000
300.000000
300.000000
300.000000
300.000000
300.000000
300.000000
300.000000
300.000001
300.000025
300.000094
300.016151
300.001346
300.001942
300.001981
300.002210
300.002382
300.002565
300.191687
300.001355
300.000483
300.000070
300.000002
300.000000
300.000000
300.000000
300.000000
300.000000
300.000000
300.000000
300.000000
300.000000
300.000000
300.000000
300.000000
300.000000
300.000000
300.000000
300.000000
300.000001
300.000016
300.000065
300.000595
300.001774
300.160541
300.003129
300.002857
300.002316
300.001770
300.001690
300.001194
300.000281
300.000007
300.000001
300.000000
300.000000
300.000000
300.000000
300.000000
300.000000
300.000000
300.000000
300.000000
300.000000
300.000000
300.000000
300.000000
300.000000
300.000000
300.000000
300.000000
300.000006
300.000029
300.000341
300.001307
300.002568
300.003429
300.151781
300.002974
300.001940
300.001058
300.000427
300.000081
300.000009
300.000001
300.000000
300.000000
300.000000
300.000000
300.000000
300.000000
300.000000
300.000000
300.000000
300.000000
300.000000
300.000000
300.000000
300.000000
300.000000
300.000000
300.000000
300.000001
300.000006
300.000101
300.000423
300.001023
300.028003
300.004677
300.005249
300.033342
300.001348
300.000532
300.000145
300.000009
300.000002
300.000000
300.000000
300.000000
300.000000
300.000000
300.000000
300.000000
300.000000
300.000000
300.000000
300.000000
300.000000
300.000000
300.000000
300.000000
300.000000
300.000000
300.000000
300.000002
300.000009
300.000044
300.000296
300.001573
300.003848
300.343658
300.004818
300.003342
300.002103
300.000358
300.000078
300.000020
300.000001
300.000000
300.000000
300.000000
300.000000
300.000000
300.000000
300.000000
300.000000
300.000000
300.000000
300.000000
300.000000
300.000000
300.000000
300.000000
300.000000
300.000000
300.000000
300.000002
300.000017
300.000057
300.000558
300.002316
300.004161
300.004214
300.184390
300.001967
300.000931
300.000213
300.000048
300.000002
300.000000
300.000000
300.000000
300.000000
300.000000
300.000000
300.000000
300.000000
300.000000
300.000000
300.000000
300.000000
300.000000
300.000000
300.000037
300.000001
300.000000
300.000000
300.000001
300.000002
300.000011
300.000202
300.000675
300.001282
300.029499
300.002314
300.001679
300.034931
300.000313
300.000099
300.000002
300.000000
300.000000
300.000000
300.000000
300.000000
300.000000
300.000000
300.000000
300.000000
300.000000
300.000000
300.000000
300.000000
300.000000
300.000001
300.000002
300.000001
300.000000
300.000000
300.000001
300.000004
300.000010
300.000040
300.000207
300.000515
300.000663
300.007600
300.000459
300.000234
300.000063
300.000002
300.000000
300.000000
300.000000
300.000000
300.000000
300.000000
300.000000
300.000000
300.000000
300.000000
300.000000
300.000000
300.000000
300.000001
300.000002
300.000444
300.000002
300.000001
300.000000
300.000000
300.000000
300.000002
300.000012
300.000027
300.000047
300.000129
300.000112
300.000116
300.000240
300.000016
300.000001
300.000000
300.000000
300.000000
300.000000
300.000000
300.000000
300.000000
300.000000
300.000000
300.000000
300.000000
300.000000
300.000000
300.000000
300.000001
300.000002
300.000001
300.000014
300.000000
300.000000
300.000000
300.000000
300.000000
300.000001
300.000004
300.000008
300.000011
300.000018
300.000004
300.000001
300.000000
300.000000
300.000000
300.000000
300.000000
300.000000
300.000000
300.000000
300.000000
300.000000
300.000000
300.000000
300.000000
300.000000
300.000000
300.000000
300.000001
300.000000
300.000000
300.000000
300.000000
300.000000
300.000000
300.000000
300.000000
300.000000
300.000000
300.000002
300.000001
300.000000
300.000000
300.000000
300.000000
300.000000
300.000000
300.000000
300.000000
300.000000
300.000000
300.000000
300.000000
300.000000
300.000000
300.000000
300.000000
300.000000
300.000000
300.000000
300.000000
300.000000
300.000000
300.000000
300.000000
300.000000
300.000000
300.000000
300.000000
300.000000
300.000000
300.000000
300.000000
300.000000
300.000000
300.000000
300.000000
300.000000
300.000000
300.000000
300.000000
300.000000
300.000000
300.000000
300.000000
300.000000
300.000000
300.000000
300.000000
300.000000
300.000000
300.000000
300.000000
300.000000
300.000000
300.000000
300.000000
300.000000
300.000000
300.000000
300.000000
300.000000
300.000000
300.000000
300.000000
300.000000
300.000000
300.000000
300.000000
300.000000
300.000000
300.000000
300.000000
300.000000
300.000000
300.000000
300.000000
300.000000
300.000000
300.000000
300.000000
300.000000
300.000000
300.000000
300.000000
300.000000
300.000000
300.000000
300.000000
300.000000
300.000000
300.000000
300.000000
300.000000
300.000000
300.000000
300.000000
300.000000
300.000000
300.000000
300.000000
300.000000
300.000000
300.000000
300.000000
300.000000
300.000000
300.000000
300.000000
300.000000
300.000000
300.000000
300.000000
300.000000
300.000000
300.000000
300.000000
300.000000
300.000000
300.000000
300.000000
300.000000
300.000000
300.000000
300.000000
300.000000
300.000000
300.000000
300.000000
300.000000
300.000000
300.000000
300.000000
300.000000
300.000000
300.000000
300.000000
300.000000
300.000000
300.000000
300.000000
300.000000
300.000000
300.000000
300.000000
300.000000
300.000000
300.000000
300.000000
300.000000
300.000000
300.000000
300.000000
300.000000
300.000000
300.000000
300.000000
300.000000
300.000000
300.000000
300.000000
300.000000
300.000000
300.000000
300.000000
300.000000
300.000000
300.000000
300.000000
300.000000
300.000001
300.000001
300.000001
300.000000
300.000000
300.000001
300.000002
300.000001
300.000000
300.000000
300.000000
300.000000
300.000000
300.000000
300.000000
300.000000
300.000000
300.000000
300.000000
300.000000
300.000000
300.000000
300.000000
300.000000
300.000000
300.000000
300.000000
300.000000
300.000000
300.000000
300.000001
300.000003
300.000004
300.000006
300.000001
300.000001
300.000002
300.000417
300.000002
300.000001
300.000000
300.000000
300.000000
300.000000
300.000000
300.000000
300.000000
300.000000
300.000000
300.000000
300.000000
300.000000
300.000000
300.000000
300.000000
300.000000
300.000000
300.000000
300.000000
300.000000
300.000000
300.000001
300.000007
300.000638
300.000023
300.000016
300.000014
300.000003
300.000003
300.000002
300.000001
300.000000
300.000000
300.000000
300.000000
300.000000
300.000000
300.000000
300.000000
300.000000
300.000000
300.000000
300.000000
300.000000
300.000000
300.000000
300.000000
300.000000
300.000000
300.000000
300.000000
300.000000
300.000001
300.000016
300.000053
300.000079
300.000089
300.000070
300.000046
300.000018
300.000003
300.000001
300.000000
300.000000
300.000000
300.000000
300.000000
300.000000
300.000000
300.000000
300.000000
300.000000
300.000000
300.000000
300.000000
300.000000
300.000000
300.000000
300.000000
300.000000
300.000000
300.000000
300.000000
300.000003
300.000018
300.000062
300.010980
300.000224
300.000252
300.000230
300.000128
300.000069
300.000023
300.000001
300.000000
300.000000
300.000000
300.000000
300.000000
300.000000
300.000000
300.000000
300.000000
300.000000
300.000000
300.000000
300.000000
300.000000
300.000000
300.000000
300.000000
300.000000
300.000000
300.000000
300.000000
300.000012
300.000053
300.000131
300.000244
300.012745
300.000471
300.000445
300.000293
300.000066
300.000007
300.000002
300.000000
300.000000
300.000000
300.000000
300.000000
300.000000
300.000000
300.000000
300.000000
300.000000
300.000000
300.000000
300.000000
300.000000
300.000000
300.000000
300.000000
300.000000
300.000000
300.000000
300.000003
300.000013
300.000051
300.000170
300.000329
300.000506
300.056084
300.000369
300.000148
300.000045
300.000008
300.000003
300.000002
300.000001
300.000000
300.000000
300.000000
300.000000
300.000000
300.000000
300.000000
300.000000
300.000000
300.000000
300.000000
300.000000
300.000000
300.000000
300.000000
300.000000
300.000000
300.000000
300.000001
300.000011
300.000048
300.000110
300.000302
300.000418
300.000336
300.002598
300.000083
300.000059
300.000067
300.000010
300.000005
300.000002
300.000000
300.000000
300.000000
300.000000
300.000000
300.000000
300.000000
300.000000
300.000000
300.000000
300.000000
300.000000
300.000000
300.000000
300.000000
300.000000
300.000000
300.000000
300.000001
300.000003
300.000025
300.000090
300.000115
300.005845
300.000202
300.000277
300.000818
300.000411
300.000289
300.000093
300.000005
300.000001
300.000000
300.000000
300.000000
300.000000
300.000000
300.000000
300.000000
300.000000
300.000000
300.000000
300.000000
300.000000
300.000000
300.000000
300.000000
300.000000
300.000000
300.000000
300.000001
300.000001
300.000005
300.000036
300.000082
300.000191
300.022190
300.001229
300.001527
300.001044
300.000236
300.000012
300.000003
300.000000
300.000000
300.000000
300.000000
300.000000
300.000000
300.000000
300.000000
300.000000
300.000000
300.000000
300.000000
300.000000
300.000000
300.000002
300.000000
300.000000
300.000000
300.000000
300.000000
300.000002
300.000007
300.000042
300.000207
300.000627
300.001419
300.148256
300.001373
300.000469
300.000070
300.000004
300.000000
300.000000
300.000000
300.000000
300.000000
300.000000
300.000000
300.000000
300.000000
300.000000
300.000000
300.000000
300.000000
300.000000
300.000000
300.000000
300.000000
300.000000
300.000000
300.000000
300.000001
300.000011
300.000053
300.000099
300.000391
300.001075
300.001451
300.001074
300.001302
300.000022
300.000006
300.000001
300.000000
300.000000
300.000000
300.000000
300.000000
300.000000
300.000000
300.000000
300.000000
300.000000
300.000000
300.000000
300.000000
300.000001
300.000002
300.000002
300.000001
300.000000
300.000000
300.000004
300.000023
300.000147
300.009982
300.000720
300.000666
300.000507
300.000298
300.000079
300.000016
300.000004
300.000000
300.000000
300.000000
300.000000
300.000000
300.000000
300.000000
300.000000
300.000000
300.000000
300.000000
300.000000
300.000000
300.000004
300.000006
300.000008
300.000009
300.000002
300.000001
300.000000
300.000003
300.000025
300.000476
300.001694
300.002252
300.001581
300.000391
300.000028
300.000014
300.000069
300.000001
300.000000
300.000000
300.000000
300.000000
300.000000
300.000000
300.000000
300.000000
300.000000
300.000000
300.000000
300.000000
300.000000
300.000003
300.000011
300.001121
300.000032
300.000021
300.000013
300.000002
300.000006
300.000098
300.000709
300.002180
300.174222
300.002063
300.000684
300.000100
300.000006
300.000001
300.000000
300.000000
300.000000
300.000000
300.000000
300.000000
300.000000
300.000000
300.000000
300.000000
300.000000
300.000000
300.000000
300.000000
300.000002
300.000021
300.000071
300.000104
300.000097
300.000067
300.000042
300.000016
300.000020
300.000439
300.001644
300.002266
300.001638
300.000469
300.000047
300.000027
300.000008
300.000000
300.000000
300.000000
300.000000
300.000000
300.000000
300.000000
300.000000
300.000000
300.000000
300.000000
300.000000
300.000000
300.000000
300.000004
300.000026
300.000083
300.020748
300.000221
300.000229
300.000193
300.000119
300.000068
300.000161
300.000410
300.000729
300.005053
300.000206
300.000137
300.000126
300.000034
300.000015
300.000004
300.000000
300.000000
300.000000
300.000000
300.000000
300.000000
300.000000
300.000000
300.000000
300.000000
300.000000
300.000000
300.000001
300.000016
300.000072
300.000148
300.000233
300.018624
300.000399
300.000365
300.000232
300.000068
300.000023
300.000036
300.000070
300.000135
300.023636
300.000164
300.000118
300.000059
300.000015
300.000003
300.000001
300.000000
300.000000
300.000000
300.000000
300.000000
300.000000
300.000000
300.000000
300.000000
300.000000
300.000004
300.000020
300.000035
300.000065
300.000167
300.000287
300.000415
300.026575
300.000322
300.000115
300.000019
300.000008
300.000024
300.000097
300.000146
300.000162
300.017139
300.000082
300.000040
300.000012
300.000002
300.000000
300.000000
300.000000
300.000000
300.000000
300.000000
300.000000
300.000000
300.000000
300.000001
300.000006
300.000018
300.004744
300.000039
300.000052
300.000122
300.000282
300.000406
300.000365
300.000156
300.000030
300.000001
300.000008
300.000023
300.000045
300.000081
300.000090
300.000072
300.003309
300.000014
300.000004
300.000001
300.000000
300.000000
300.000000
300.000000
300.000000
300.000000
300.000000
300.000000
300.000000
300.000003
300.000015
300.000024
300.000043
300.002417
300.000168
300.000192
300.000284
300.028982
300.000149
300.000043
300.000007
300.000001
300.000001
300.000010
300.000015
300.000027
300.000025
300.000019
300.000011
300.000003
300.000000
300.000000
300.000000
300.000000
300.000000
300.000000
300.000000
300.000000
300.000000
300.000000
300.000001
300.000004
300.000009
300.000097
300.000350
300.000527
300.003828
300.000514
300.000368
300.000184
300.000035
300.000003
300.000001
300.000001
300.000008
300.000038
300.000054
300.000039
300.000016
300.000003
300.000001
300.000000
300.000000
300.000000
300.000000
300.000000
300.000000
300.000000
300.000000
300.000000
300.000000
300.000000
300.000001
300.000022
300.000135
300.000432
300.061301
300.001340
300.001461
300.001142
300.000473
300.000209
300.000065
300.000004
300.000002
300.000040
300.000148
300.000199
300.000138
300.000032
300.000001
300.000000
300.000000
300.000000
300.000000
300.000000
300.000000
300.000000
300.000000
300.000000
300.000000
300.000000
300.000000
300.000003
300.000014
300.000116
300.000441
300.000903
300.001444
300.154529
300.001840
300.001456
300.000839
300.000169
300.000013
300.000004
300.000060
300.000191
300.022442
300.000190
300.000062
300.000009
300.000001
300.000000
300.000000
300.000000
300.000000
300.000000
300.000000
300.000000
300.000000
300.000000
300.000000
300.000001
300.000003
300.000410
300.000216
300.000342
300.000544
300.001156
300.001652
300.001827
300.134290
300.000994
300.000390
300.000080
300.000013
300.000042
300.000149
300.000207
300.000154
300.000490
300.000003
300.000001
300.000000
300.000000
300.000000
300.000000
300.000000
300.000000
300.000000
300.000000
300.000000
300.000000
300.000001
300.000012
300.000080
300.000216
300.038702
300.000578
300.000656
300.000753
300.001038
300.001125
300.000863
300.009000
300.000251
300.000151
300.000053
300.000039
300.000064
300.000039
300.000011
300.000002
300.000000
300.000000
300.000000
300.000000
300.000000
300.000000
300.000000
300.000000
300.000000
300.000000
300.000000
300.000001
300.000002
300.000039
300.000195
300.000361
300.000514
300.055152
300.000471
300.000320
300.000342
300.000913
300.000608
300.000767
300.000527
300.000138
300.000004
300.000002
300.000002
300.000001
300.000001
300.000000
300.000000
300.000000
300.000000
300.000000
300.000000
300.000000
300.000000
300.000000
300.000000
300.000000
300.000001
300.000249
300.000019
300.000048
300.000125
300.000328
300.000456
300.000404
300.000476
300.000250
300.000334
300.000702
300.123241
300.000686
300.000231
300.000028
300.000001
300.000000
300.000000
300.000000
300.000000
300.000000
300.000000
300.000000
300.000000
300.000000
300.000000
300.000000
300.000000
300.000000
300.000000
300.000001
300.000002
300.000005
300.000475
300.000047
300.000109
300.000206
300.018167
300.000565
300.000659
300.000614
300.000689
300.000775
300.000580
300.000139
300.000003
300.000001
300.000000
300.000000
300.000000
300.000000
300.000000
300.000000
300.000000
300.000000
300.000000
300.000000
300.000000
300.000000
300.000000
300.000000
300.000000
300.000001
300.000007
300.000025
300.000042
300.000086
300.000187
300.000342
300.000634
300.108036
300.000803
300.000631
300.000464
300.000217
300.000061
300.000011
300.000001
300.000000
300.000000
300.000000
300.000000
300.000000
300.000000
300.000000
300.000000
300.000000
300.000000
300.000000
300.000000
300.000000
300.000000
300.000000
300.000001
300.000009
300.000026
300.007219
300.000230
300.000303
300.000368
300.000599
300.000767
300.000759
300.066513
300.000421
300.000284
300.000140
300.000027
300.000001
300.000000
300.000000
300.000000
300.000000
300.000000
300.000000
300.000000
300.000000
300.000000
300.000000
300.000000
300.000000
300.000000
300.000000
300.000000
300.000000
300.000004
300.000030
300.000108
300.000250
300.052262
300.000508
300.000514
300.000475
300.000446
300.000443
300.000425
300.035745
300.000170
300.000064
300.000011
300.000000
300.000000
300.000000
300.000000
300.000000
300.000000
300.000000
300.000000
300.000000
300.000000
300.000000
300.000000
300.000000
300.000000
300.000000
300.000000
300.000002
300.000006
300.000048
300.000211
300.000368
300.000481
300.058803
300.000441
300.000318
300.000263
300.007466
300.000386
300.000194
300.000089
300.000030
300.000018
300.000005
300.000000
300.000000
300.000000
300.000000
300.000000
300.000000
300.000000
300.000000
300.000000
300.000000
300.000000
300.000000
300.000000
300.000000
300.000001
300.000265
300.000020
300.000051
300.000120
300.000289
300.000390
300.000393
300.040385
300.000242
300.000150
300.000136
300.012517
300.000115
300.000110
300.000065
300.000016
300.000000
300.000000
300.000000
300.000000
300.000000
300.000000
300.000000
300.000000
300.000000
300.000000
300.000000
300.000000
300.000000
300.000000
300.000001
300.000002
300.000005
300.001423
300.000033
300.000062
300.000115
300.001135
300.000345
300.000362
300.000257
300.000146
300.000119
300.000129
300.029505
300.000085
300.000029
300.000004
300.000000
300.000000
300.000000
300.000000
300.000000
300.000000
300.000000
300.000000
300.000000
300.000000
300.000000
300.000000
300.000000
300.000000
300.000001
300.000003
300.000005
300.000005
300.000044
300.000038
300.000107
300.000252
300.055715
300.000400
300.000336
300.000222
300.000115
300.000097
300.000071
300.000017
300.000000
300.000000
300.000000
300.000000
300.000000
300.000000
300.000000
300.000000
300.000000
300.000000
300.000000
300.000000
300.000000
300.000000
300.000000
300.000000
300.000001
300.000001
300.000009
300.000018
300.000026
300.000057
300.000195
300.000317
300.000393
300.073104
300.000240
300.000116
300.000052
300.000023
300.000007
300.000001
300.000000
300.000000
300.000000
300.000000
300.000000
300.000000
300.000000
300.000000
300.000000
300.000000
300.000000
300.000000
300.000000
300.000000
300.000000
300.000000
300.000001
300.000007
300.000020
300.008134
300.000055
300.000073
300.000115
300.000234
300.000272
300.000211
300.010017
300.000034
300.000024
300.000012
300.000002
300.000000
300.000000
300.000000
300.000000
300.000000
300.000000
300.000000
300.000000
300.000000
300.000000
300.000000
300.000000
300.000000
300.000000
300.000000
300.000000
300.000000
300.000003
300.000018
300.000031
300.000041
300.009110
300.000050
300.000055
300.000073
300.000063
300.000039
300.000032
300.008505
300.000015
300.000005
300.000001
300.000000
300.000000
300.000000
300.000000
300.000000
300.000000
300.000000
300.000000
300.000000
300.000000
300.000000
300.000000
300.000000
300.000000
300.000000
300.000000
300.000001
300.000004
300.000010
300.000023
300.000029
300.000023
300.001668
300.000014
300.000006
300.000009
300.000120
300.000019
300.000012
300.000003
300.000000
300.000000
300.000000
300.000000
300.000000
300.000000
300.000000
300.000000
300.000000
300.000000
300.000000
300.000000
300.000000
300.000000
300.000000
300.000000
300.000000
300.000000
300.000002
300.000002
300.000005
300.000007
300.000007
300.000005
300.000003
300.000011
300.000003
300.000004
300.000005
300.000190
300.000001
300.000000
300.000000
300.000000
300.000000
300.000000
300.000000
300.000000
300.000000
300.000000
300.000000
300.000000
300.000000
300.000000
300.000000
300.000000
300.000000
300.000000
300.000000
300.000000
300.000000
300.000000
300.000001
300.000001
300.000001
300.000061
300.000002
300.000003
300.000002
300.000001
300.000000
300.000000
300.000009
300.000000
300.000000
300.000000
300.000000
300.000000
300.000000
300.000000
300.000000
300.000000
300.000000
300.000000
300.000000
300.000000
300.000000
300.000000
300.000000
300.000000
300.000000
300.000000
300.000000
300.000000
300.000000
300.000000
300.000001
300.000003
300.001691
300.000003
300.000001
300.000000
300.000000
300.000000
300.000000
300.000000
300.000000
300.000000
300.000000
300.000000
300.000000
300.000000
300.000000
300.000000
300.000000
300.000000
300.000000
300.000000
300.000000
300.000000
300.000000
300.000000
300.000000
300.000000
300.000000
300.000000
300.000000
300.000000
300.000002
300.000003
300.000002
300.000026
300.000000
300.000000
300.000000
300.000000
300.000000
300.000000
300.000000
300.000000
300.000000
300.000000
300.000000
300.000000
300.000000
300.000000
300.000000
300.000000
300.000000
300.000000
300.000000
300.000000
300.000000
300.000000
300.000000
300.000000
300.000000
300.000000
300.000000
300.000000
300.000001
300.000000
300.000000
300.000000
300.000000
300.000000
300.000000
300.000000
300.000000
300.000000
300.000000
300.000000
300.000000
300.000000
300.000000
300.000000
300.000000
300.000000
300.000000
300.000000
300.000000
300.000000
300.000000
300.000000
300.000000
300.000000
300.000000
300.000000
300.000000
300.000000
300.000000
300.000000
300.000000
300.000000
300.000000
300.000000
300.000000
300.000000
300.000000
300.000000
300.000000
300.000000
300.000000
300.000000
300.000000
300.000000
300.000000
300.000000
300.000000
300.000000
300.000000
300.000000
300.000000
300.000000
300.000000
300.000000
300.000000
300.000000
300.000000
300.000000
300.000000
300.000000
300.000000
300.000000
300.000000
300.000000
300.000000
300.000000
300.000000
300.000000
300.000000
300.000000
300.000000
300.000000
300.000000
300.000000
300.000000
300.000000
300.000000
300.000000
300.000000
300.000000
300.000000
300.000000
300.000000
300.000000
300.000000
300.000000
300.000000
300.000000
300.000000
300.000000
300.000000
300.000000
300.000000
300.000000
300.000000
300.000000
300.000000
300.000000
300.000000
300.000000
300.000000
300.000000
300.000000
300.000000
300.000000
300.000000
300.000000
300.000000
300.000000
300.000000
300.000000
300.000000
300.000000
300.000000
300.000000
300.000000
300.000000
300.000000
300.000000
300.000000
300.000000
300.000000
300.000000
300.000000
300.000000
300.000000
300.000000
300.000000
300.000000
300.000000
300.000000
300.000000
300.000000
300.000000
300.000000
300.000000
300.000000
300.000000
300.000000
300.000000
300.000000
300.000000
300.000000
300.000000
300.000000
300.000000
300.000000
300.000000
300.000000
300.000000
300.000000
300.000000
300.000000
300.000000
300.000000
300.000000
300.000000
300.000000
300.000000
300.000000
300.000000
300.000000
300.000000
300.000000
300.000000
300.000000
300.000000
300.000000
300.000000
300.000000
300.000000
300.000000
300.000000
300.000000
300.000000
300.000000
300.000000
300.000000
300.000000
300.000000
300.000000
300.000000
300.000000
300.000000
300.000000
300.000000
300.000000
300.000000
300.000000
300.000000
300.000000
300.000000
300.000000
300.000000
300.000000
300.000000
300.000000
300.000000
300.000000
300.000000
300.000000
300.000000
300.000000
300.000000
300.000000
300.000000
300.000000
300.000000
300.000000
300.000000
300.000000
300.000000
300.000000
300.000000
300.000000
300.000000
300.000000
300.000000
300.000000
300.000000
300.000000
300.000000
300.000000
300.000000
300.000000

SCALARS Svm float 1
LOOKUP_TABLE default
563359101.227058
454379707.938628
568850985.072572
614904118.915431
358575402.949879
339157024.605901
332142280.362304
259018061.034450
163244540.439638
147041927.025055
249457096.469448
30470306.584281
96611680.162807
131860415.010848
111677114.427714
386063278.602508
596095221.369972
872550523.185260
930645920.881751
934316071.805661
675806082.413701
355523194.985849
533378996.814470
383678073.807059
500232467.946591
472756464.725328
1157370167.282671
830257041.695305
187686388.815698
725979688.800639
1180007542.284928
638877665.418413
645309635.260672
591501994.953976
257870856.874544
273699210.614854
518963090.066608
469644960.246273
340654059.836661
349430171.647448
88869298.844310
267504226.391902
156854855.380410
310011992.197386
233526523.610321
533640613.069895
462006121.324230
684929538.473328
232794975.519901
968185905.580055
744932869.120707
1191347910.741381
544442411.798560
1116692149.309928
1097439286.831641
422279194.806936
1236728850.059215
1235452477.721279
1271591792.197634
1290715336.415723
894158633.219427
1146749052.496989
439650750.665417
230820336.861249
391239222.082988
441037144.841943
736970918.121124
187455609.931253
380754482.934938
173745817.777784
498883653.587230
278675666.876853
238334488.558812
88634463.916629
342998316.603879
354423538.221407
573894587.961747
542354962.483064
569299329.214743
202797914.567481
1016274094.760930
666643628.658137
1182286825.584083
158100079.638873
357531025.695531
1129441150.421561
993352552.112437
202029048.626975
1231559851.446152
596100753.804240
1280084738.498724
1292095822.973466
1290374026.553361
431737102.119982
389966027.890334
801575143.442224
337232318.120524
423894733.570278
152620365.694053
701683160.043049
389489410.432234
170687117.743872
278527295.056941
303604689.012018
170308729.154934
246790515.049701
310108186.812462
432192451.833869
415341138.073625
435260136.773008
137232785.326991
1059354850.084384
1057705560.494425
1015260458.344534
543964447.874665
927101811.831840
1218029999.101781
1262571755.649085
1280001669.043509
1122478875.076145
1035704030.458204
1181154216.087182
1179641912.782549
833796859.905343
411333372.108428
249887555.538952
195220015.988137
115498704.952282
261122575.623232
661543712.551009
581595757.706681
231913262.781902
368780032.523216
664973793.399920
212722950.866084
450145180.332374
391274550.623781
278615781.440991
244044723.436045
223525738.402785
574181595.327134
971628787.012325
1048348392.498618
955813453.709894
1023790928.805288
375314950.903319
606687497.263127
678090184.779953
1230525015.409422
1053130810.267958
944216316.106505
1285470694.331504
1237841974.558146
1158918974.191051
299763260.051252
349922248.177824
798457133.892247
111089171.857882
842923855.434862
187268624.791850
341366275.415440
544687336.815496
771676536.261245
691765499.132668
363348682.472161
452501689.318697
492079529.477136
171923330.638450
292085525.671444
793047753.664529
603471432.096191
783987210.768940
973929314.911340
980714425.721075
990794740.474327
1088168683.705306
316123751.825650
324833365.075027
761365853.692768
1219787306.241101
1216886570.181312
890650671.936251
1205677480.364037
1049492502.723821
1107799349.847706
1087836529.311510
406686297.289887
775044891.907414
413161259.159918
894941037.563393
657845643.365298
858319502.207307
613412530.006420
417356419.640533
548430028.402220
862204622.574812
282814295.275985
578376958.750005
262938806.018179
592064140.311924
912606599.471627
646825063.530461
992801062.138570
969087693.116394
1123563574.846335
1158061992.207761
688867039.978039
375912813.886650
319994201.446662
874392913.753490
553333555.171365
978321677.210657
351393150.292105
809075301.696746
1202281871.221862
1134609538.134532
531543337.993915
552994114.685579
322614316.745227
336514256.876861
928976880.908313
628301437.977706
766409409.591052
877816739.743811
829294830.735157
497907382.559193
597502155.477742
468145647.355014
987074044.964319
682360455.576325
606958286.947921
380114214.514085
917671011.859373
479347548.558273
299258139.934333
938385804.218503
233417559.390295
1052273262.920678
320847753.174692
492609968.110942
500910284.721524
710336770.447456
278666126.064557
629297271.374243
1205892420.518179
889552838.707502
1106572297.211491
851918707.526817
589340289.866837
250451847.218508
703458598.465875
408554866.222597
617157226.209797
647275242.847401
309832853.124873
748713472.282025
503879826.927504
782461603.254935
408630292.763664
794839631.362371
224064031.070471
808140907.835197
620913357.009422
1064881962.120680
502121785.279149
711962647.000281
1166282744.979145
1147116091.788846
785920818.446873
510386966.524367
478877444.492292
598014699.326896
738203372.665708
1204712840.586788
864806710.307056
389746407.066548
635635207.409337
256677113.062064
471972557.936972
385140922.540840
374961555.858990
145534476.247141
277634573.122744
841824397.275842
616352779.884838
853100496.404496
548507910.428928
241827711.616367
662463878.413674
395950139.673930
264971226.552817
767443920.637145
1005075419.277544
1056425230.230210
334505786.872041
1067627460.740179
1068159942.565457
1157603814.713643
916916953.687849
979166259.064143
518874385.182037
462365664.269559
431119298.172810
413770499.597586
1058730411.666929
484016070.282158
445670921.727751
910872153.801905
1007041465.009852
710454539.096907
618338381.301887
668536343.846410
830445160.929047
437137561.509452
319443710.171419
533636685.757327
607175965.556109
638562107.078809
867354392.336166
502758686.088484
486805610.205067
927000152.416019
1013309517.503993
1047105892.726718
986971582.789497
959653560.868652
971224418.298860
647739435.340930
1091001491.319843
442955544.645013
912193666.399474
457371060.510731
520913522.615371
417577472.555553
528412662.356359
945831614.891328
495517503.844131
931437599.852406
911310133.008637
751914517.625906
1155226640.480657
490845062.927862
211442319.341816
218338043.120352
439530701.419668
712112899.152267
851479008.045033
682064547.655204
611311116.469300
205924137.189943
695758078.400813
550934946.838349
1025838458.840806
971483475.752583
1031467684.585058
205587072.896515
1110790946.144400
720443523.431586
340707582.090133
1002682511.481310
622281019.760641
132631935.318911
891205786.851574
822413122.202118
452965399.249891
364322349.928712
353418453.681078
188987120.855540
170862243.524969
784652432.055939
678483843.347343
777948974.726700
516935091.260890
420644266.792993
877521214.058909
744133193.485598
256005560.812865
513044585.524102
226018002.365771
879659730.448316
844689483.713231
887793271.286924
629731590.413284
399185542.751825
294260071.747824
807304066.663926
687003053.055163
1034141025.310612
371028826.961007
1072834127.005265
982987269.253764
639205171.545315
497765520.074248
642006148.916275
711274133.601245
797166524.332099
542078722.235934
483992822.574339
827802477.917351
742178596.549776
1221252892.885263
614285657.928364
1028572169.340690
372092284.232657
852918564.584945
594882156.805434
600578364.664410
619618297.397019
977266064.374468
554478599.933565
717684643.382875
620422730.424992
92337694.989748
708672113.661380
1013831162.581527
1041079565.052933
507591373.179377
908626946.329626
986333718.134151
849592091.863583
1019043898.971997
996913856.400024
232570882.443103
564399392.676637
978272328.992016
1152977824.710109
1092540889.084884
555457696.762150
482208214.498438
395127189.738371
595522664.421347
616999148.000703
949404061.508011
1212780958.813046
777945860.685623
290956176.485773
184178537.464756
819297459.640090
479759143.571521
593355230.131405
346072529.753477
652521290.362029
984016116.281991
998061440.254298
580098866.755910
182225082.987780
668139290.855353
260674500.959426
803942672.448255
1078856244.296380
811437369.606621
616825528.236307
922493243.125162
300251671.317458
783399757.095604
618571792.563287
803745772.556774
1257060452.077511
1004838946.641666
499694481.055813
127372699.107316
575818069.464563
973195172.190549
880714715.544907
300055847.422684
825043158.765775
257811545.746720
975162374.993184
524233861.386895
314755622.495429
796741413.043583
505684656.553248
67002068.478534
133022390.488074
302601665.821452
542790286.994802
777406920.440656
641345067.165394
1003466113.284162
347219347.138912
601351923.358949
937875493.814777
1075652911.259607
915142852.001984
1223080417.461733
528134962.408697
646997981.634995
743951976.583952
1270342735.434689
1158527987.113524
1034774394.312695
590089917.023041
432542841.673140
397035218.725560
1055765954.733567
1211836693.038593
459767386.824763
441000266.579877
152206885.498117
291556240.141731
988368520.424532
767479213.757590
917029056.992206
873970812.889573
734662410.861937
704961179.687291
886538999.968283
367040646.752725
509533479.834033
612131175.777876
691048969.565808
995000458.666210
1018302364.793018
815754641.022438
543868888.936228
436094307.828943
611449323.811980
614396141.257678
165056847.016117
996964037.699778
1230601128.008019
1213497145.874563
459539780.598424
432905395.975169
269027627.063945
767749280.074599
1039317821.419472
528399188.576645
411925579.980776
898020461.353932
420754044.053682
400966416.174806
255110645.843592
957905203.687062
705678575.595531
940510315.730306
235831292.194544
611236776.001628
1003100571.776869
950621259.557346
539024146.889470
656790373.370834
1045060188.284709
418392544.516447
1183201177.045938
1051648877.813136
586401360.283788
1118547022.514460
619080208.951960
680075799.186470
1195955130.441446
853479970.975576
1168719618.114676
1209962678.996301
893337723.074237
846435927.425668
460429692.166433
873935989.999602
666726983.514898
630930430.798217
456402432.784293
464653928.582070
898509588.590543
983148908.405553
714422505.462615
549610297.657633
984908839.795457
447635991.906172
735261820.907611
405763065.843518
444000909.162458
987760356.975587
868177429.374126
627198085.795035
828580331.802391
544572081.869675
1190891528.057138
762138407.070319
1332936475.036749
693906219.102872
770426931.204375
825223403.855284
963446382.806998
918087347.392058
608419583.018100
458346703.199009
617368133.193002
598855530.002085
1066588548.704196
420886757.372253
411846614.371169
525911726.875052
852579089.322987
246348397.089909
383830468.339667
335311859.972596
960585391.297399
548879665.642226
1012137119.694138
996829803.609316
419819650.107410
844927018.004638
874506960.608711
525293036.350440
1139254387.792109
750162313.817867
1182143057.231258
479632694.209382
1330953427.181206
1360533041.365463
1058845794.224373
692244730.328259
763341650.807125
686508674.319771
1153839664.685892
955711660.035247
979961173.640242
753958123.410759
572673102.299715
831638610.858527
673402808.847199
350268825.805144
938804232.395381
328706620.619821
757706996.866290
956171636.009404
488474809.253353
322357932.061045
267746618.674030
796810728.103992
643972645.578025
694533593.004113
997639406.390911
578366082.111779
846896290.788760
985122746.935371
1041230644.072922
1246901877.334811
950984817.562312
1336042092.598066
1202488653.230615
1270375507.171684
1152141696.276833
876022188.657286
883216924.448542
902819044.421032
1065707392.410285
1206949924.491524
1153889341.001845
520090978.849102
732551061.894997
530071555.639824
385601650.384347
421818081.227961
245651222.948318
935112662.353948
349864351.039917
630447973.036513
925920922.594163
1042177338.260651
389355319.894227
963826992.934479
934561981.452504
657657386.224762
935642087.122972
1055366198.589171
1044585369.445934
914623656.853055
902407408.716395
1234815107.299975
1327576345.509889
1337772276.670252
1375066917.132960
1300735214.596999
1067865143.523203
841409586.849067
802372187.636204
553098500.692269
1077889820.861355
733731933.390291
1134674314.324637
920641929.818367
467918351.679031
322327348.401788
707027206.285312
766500434.308330
515528392.569554
610583502.198497
931873258.831601
290965024.751236
271890175.366754
526430413.259538
1015711084.542453
531146908.154806
1058424517.603895
458965252.564804
1113829783.988357
896424070.510917
1216817350.817472
1205164952.409122
1243552545.874956
1265798189.307009
1375119042.419796
1351239795.712695
1326822816.994117
1362728634.275505
1092505404.079087
936476643.987403
1045428149.988023
1076409818.740498
824553734.235530
1245192215.883750
1121684441.657385
751932511.799087
658681959.175172
204280913.412542
263698122.327277
389128511.729124
942550079.292105
579315252.070627
967189670.026097
999348850.162556
470038155.379913
355075442.927335
494359718.187214
1060362983.068698
631009314.485886
1006725919.836057
338887693.997298
1177489499.829288
981358548.339939
1280705075.924457
1240517732.308908
1248928934.234416
1349362829.203518
1365803160.943129
1330890494.872005
1105181940.304334
1288645662.365892
1004893160.918185
1026713996.556616
789357958.764247
1145600540.077451
1024652586.030549
341323105.997439
323547093.935450
269757727.254005
903806246.026177
474062963.313198
226037099.305681
174828510.589291
987451484.459293
523341726.302025
940880671.866594
973830252.902978
1048680486.478237
647417634.146440
1054281553.257736
1099526972.818230
689783190.628029
1189951682.522585
1075740473.475100
1200761090.069780
1243859413.879065
1308786613.715486
1318251668.638955
1358577504.782044
1378497369.492806
1348077125.039700
1280493286.925458
952420124.180044
1056391979.514965
367407605.763671
1026867600.421087
1029027681.102790
498018078.521499
475976295.517307
916470814.122819
156339346.354876
293137827.411772
906832591.556447
643022346.768821
321603837.310466
512570684.292299
947690195.501139
477345420.888052
474097216.324072
315074529.667613
791289091.810373
993712954.931860
1088246017.686332
1006760645.824004
1076835566.127805
1212556372.690516
1183454834.979355
1159193554.063118
1246138319.378922
1344720937.080662
1347994298.539607
1364266737.665127
1323037967.919161
1358116168.589706
1175841339.999691
1086544804.531899
1019432355.097407
1021509385.085863
464454166.395174
532173700.806835
600910179.132614
322122751.642752
922130055.899563
430099339.273902
366547218.621504
556258342.836908
791193063.917520
556556849.241492
802361181.938719
979747572.375022
764672526.162688
543382172.304152
739683474.209434
1099641553.414766
929752327.661337
1092453735.538460
1096034574.946363
1210699505.351975
1223842294.952595
1223875571.813080
1203342221.192547
1319527720.472063
1325927947.949512
1350294909.611362
1326684047.192623
1335899916.304137
1058920327.780739
1046284738.120119
865439252.124861
502102025.536507
329463531.633531
455457610.088249
932047237.950642
475310007.908586
573024341.011200
961477829.028367
458523533.075915
345952588.024267
382043014.979279
1004558387.710467
414197485.775194
849945392.032608
946202746.431832
1087869315.554710
1046023260.575815
1097187863.290545
758298564.698133
1174369097.276180
1167811551.501478
1193948405.148634
1168484704.023458
1200507100.662240
1291422083.326632
1282020035.521857
1343337949.811585
1341499915.013556
1314624413.858717
1307120152.265151
1190798746.257182
1140328905.795372
766746416.757827
599577614.647894
548553131.388324
341117563.271492
327252613.888362
989015196.054163
683980715.301967
782763706.268362
946825442.043523
495350896.437152
567782754.735709
739325174.979303
1034225864.881046
660223677.566890
916344837.397595
469875152.201203
922196905.520370
1093268080.812947
1127462423.527735
1030425852.589830
1164386115.452562
1175247614.872480
1193443029.870535
1139418370.262121
1294342477.724278
1234374880.556386
1327581121.446299
1359049718.906720
1352631271.155056
1286614238.114460
1177656329.204865
322853109.475203
405793009.094296
79004643.472686
900171866.141360
789236369.961139
291084185.447034
308176287.736637
1027979476.170658
908650110.602727
979265860.330800
1007432552.522709
934126084.045043
672259319.197385
810511112.623103
1090174808.712299
1087449956.507894
1046085330.408152
906960582.279382
566528787.971449
1167120234.464293
1153158744.002356
1129280165.352849
1138734688.223502
1217531830.983263
1139705987.996809
1217726355.621411
1320134267.545659
1299740077.309872
1271442517.099525
1329438836.965113
1281951866.981132
466646639.341538
774825416.281154
698952242.914705
269715348.356167
464939964.149600
645438396.866971
705825815.429144
454010697.263512
554933705.257259
1018935469.261408
854996850.984182
638716517.294997
1026571699.109536
1011333165.691779
697899029.564371
419616062.606574
1047923755.804027
804480088.402397
1180150664.199933
1162622257.399312
1030959113.460942
1184424628.644217
1128509369.637466
1089402860.254920
1136563897.317195
1265740466.829637
1223757117.739261
1327518323.155356
1239897556.403588
1342701414.052935
1356461415.195924
454835300.298840
399667588.552057
747032863.577510
445159036.826854
897150222.439759
608061492.547263
380567821.148888
280386003.323972
919213319.807041
780314422.777429
722612571.033931
950090580.792881
1008744441.258569
534063573.708084
849767391.387819
871473647.160660
1094910613.346668
370914973.776199
1051500534.938120
1122192440.489371
1065891436.278000
1042739741.061293
1104063743.718282
1195141359.217322
1140508192.092818
996840034.050339
1232046641.128840
1025868792.459497
1305085907.997550
1361553502.201178
1353740902.589117
659358069.978135
569160691.514938
621472467.172255
808836283.555056
441811222.901305
431657379.458736
965729554.379830
648351868.622068
258811482.466127
439046786.210506
1025693379.898216
923719454.062207
962405887.466932
1042496925.369367
1076304581.379614
834723525.302865
328226985.429945
1085121566.378255
607313841.768137
1051522626.863900
397726704.532900
1164857417.826062
1136418187.842670
878859699.290944
988760730.306690
1082750888.994601
1051626665.174457
1144911002.353420
1314074164.216408
1337236252.385521
1319658844.830051
838581775.599144
664072678.590460
824972193.505099
777751475.178430
461522155.660204
901063932.839049
449623557.513430
522971497.107342
804530572.181150
474431349.853400
371630984.036137
348831700.552324
1038599449.197690
716750878.685004
465255418.893336
992315269.232244
585104573.335832
895414857.971428
1087813662.025869
1068899384.599512
805253761.781554
1116361874.678037
474152461.636514
714674516.701048
990461679.950808
1040255823.382734
1144597333.549515
1279691615.134469
1203950038.499090
1300967140.477805
1316089948.135607
653084787.003009
696116786.514886
982433407.743896
904663268.994816
959339780.666595
845953789.523609
261808742.812207
960483399.664836
376921866.133362
559378732.906514
520786555.109343
701911204.810491
861428154.914451
549038851.872560
1046195364.027157
831644001.627670
190778043.423006
672031252.730111
247504396.956243
848735754.707941
376195946.999531
938328813.301941
759848818.326713
1101758662.690826
670046561.391328
1065806508.723335
1126297322.499735
1190993503.858901
1202664612.396976
1260549672.986972
1288591010.757678
407420008.686409
985795126.096613
585535745.582339
465173383.173955
931173963.538351
939836491.335967
1007802175.640525
865162376.019199
421044955.701410
999906883.158826
330420298.791770
306504904.327718
698234762.078925
872579369.160907
985551856.881958
887981155.256151
992872658.795575
866733655.767005
524643990.314180
1046619951.968260
655477373.833570
966813572.266020
902158149.747670
832257901.759085
1144132234.387841
1149312447.299502
863470308.789381
1132872098.422003
1224694096.234249
1224456864.024397
1237843068.842245
558404482.584657
476096359.967050
388411826.935248
1007791785.221471
775517590.590517
842216762.427961
777971977.392457
856530155.876997
940513140.927913
371709551.979764
584151963.969818
871169282.879621
547535154.933909
484903026.034366
746225060.153666
1037772460.792538
637528527.208936
459341890.330330
586348046.448466
479179292.303227
438707491.849811
423404391.537925
798194358.215757
685303420.858256
1081798141.332576
709287160.887433
952052797.504663
1121311722.081860
1057851451.724716
1228938199.173951
1195492296.648136
564312128.764905
162214680.076786
766944074.768366
920100676.958343
499778458.488258
996228195.045766
893294195.107941
544360118.323680
941686322.353995
513810661.762730
985643854.111232
341307137.265621
390978904.358944
916836731.688974
813012827.310134
688801737.881746
927161149.722404
952593397.148160
1034748675.484587
943113554.334606
736768034.662986
1073300084.859640
906657756.753091
405441504.150441
840025730.566112
1150826300.547081
1110000301.364569
1072719491.201590
1175133553.860539
1182700936.818810
1147445947.480329
340997564.785877
496712854.082660
371533310.589753
476565557.420868
938515351.828083
967134440.040659
730497723.423268
1008589227.568823
867525626.126103
822020514.457398
697168831.248809
632292067.412468
965272762.242977
1010252867.166660
523661419.631255
899571829.017997
713957714.736707
703402398.964560
399889740.649005
1023761394.755509
305392366.822140
780074436.973062
806364293.858748
1072091386.329460
556353169.551167
878283783.303414
579952197.856724
1121816444.823562
1089657615.682525
1086760351.033685
1145968629.183541
392207483.142313
264092647.346451
618260332.612796
832176127.204461
293988154.211922
382339667.455292
638997907.556709
973686080.205144
1004462252.902625
495724480.377932
604212629.793389
1027865349.512680
691041262.459048
667215635.834653
1021676442.192302
1081379228.621994
681452326.006303
1080769996.466193
258489049.336705
1061381636.571018
702994282.454034
920650399.196476
409561397.301126
1061812918.028352
763247275.866473
760396463.704409
1146137311.868595
1074020637.168632
995025083.781363
1112803364.008627
1129595284.686911
473754512.144135
303641390.599287
172465723.591783
452806041.086217
179092676.388236
881443660.455851
701702029.317208
846310025.737185
1010680628.229234
957431355.188758
815087644.766049
819459011.930702
825407613.673936
1002002984.721589
613640525.623951
622847024.453856
659896503.682899
1064587534.144040
1030595637.013413
1095978757.644613
701965720.668911
1135852340.355611
777671608.717163
969290610.885029
1076547163.336667
1145860198.969659
962393452.196743
839991639.216735
1121511987.202287
1104264039.913667
1040936766.595035
627086478.970571
256983957.682823
707881572.663671
457657346.838006
713827491.782322
282586563.096356
767812419.333157
988678937.637788
810380056.282881
983799143.564582
966708909.397882
480910291.597468
1009325315.824720
806647391.403990
1065890063.129721
1051113099.092470
1073142374.844548
619815173.066557
415393526.001498
1118984002.620417
1056567623.182357
1101705894.093794
665364252.191351
833929789.815710
751039267.435616
449807955.195581
1106460971.084776
1116442264.187954
1108627173.227328
954840185.720085
937305059.125046
547975337.779281
435974358.965744
1004466626.354208
626212115.358239
1018060101.976350
1007423304.502578
794875772.203404
768722279.865909
991367773.328150
1020696284.018839
946374440.427953
858329503.362219
334611899.750120
424184063.629089
1015566942.802559
952758047.555669
818965847.329712
448150017.814246
761732078.985677
1021148884.145255
1062231381.042351
883323271.503787
992702773.434136
857770275.880435
970914332.442158
595497778.543443
1104112974.643662
1058395683.424677
919869024.235526
1023820651.787757
1027585053.126925
324285139.184527
567951902.008415
294847881.882979
538801791.513953
927338365.901723
850902443.164403
970542027.657177
274635636.463019
564180298.456651
411165036.269459
788567112.479555
940006667.557553
956077175.158772
967636237.873066
548788321.125122
934024912.488271
1027202369.274178
1036407233.171906
1029240477.912206
249482404.989453
1060365935.565829
1033703281.358992
960066635.535344
817557110.078357
1063098517.335276
738281150.300127
665031658.935349
1084661759.582558
657501555.597440
1110249851.902092
1069363176.008872
679199000.507499
580694131.980068
772526271.520003
527367826.322874
301838930.611415
847404003.929890
751626620.006306
885506875.707472
487445183.074671
733303301.528076
1032432126.155009
705867010.860603
402655825.554043
804240365.150854
603669554.231331
921412352.014554
773628306.446106
722135245.565407
750792094.792350
938865317.857635
1014473947.159508
532048454.539885
1046187168.770416
1084673360.005153
923926459.682183
1002250388.932276
1041394146.758360
708254809.801128
708395273.155202
1094429737.083438
1071121361.651687
360129581.606677
293179470.046850
597080142.321930
695171885.412235
535214353.236864
634736888.103846
620563462.343886
1006267988.854262
290896188.555538
988935540.744932
777098303.549863
346506059.815989
988622861.970872
815229392.366480
915596117.105019
450037730.460292
559497512.346115
1054311751.073698
1032129104.317350
441852378.286540
541593388.751680
1067657112.503066
1066510844.480744
673694010.173556
622628321.857712
1010877508.134060
936665947.188456
485321596.384545
1098044293.325761
984868590.203398
884185222.191224
513787490.338244
726512673.571860
792089353.721337
471196327.208040
1005446656.782916
412472074.509199
692380972.118230
1036728820.125850
505032919.155227
933320550.680265
737269753.768251
1050252801.034950
333637632.787399
354751878.392692
632562490.977542
864450036.774452
978693171.712846
606152860.227140
1008766810.971169
809747779.787580
1069178934.365959
570879226.407750
620504625.715434
636631554.357517
951409041.669038
664383579.909250
1024226848.375012
1119685330.593677
1061139722.034074
740011076.382806
899690532.725053
339793203.715048
315824912.388634
436610879.486994
585361267.275398
946979957.032907
531806426.812075
1003102611.920367
462037008.898307
964321227.820421
1016289934.969596
971804944.769297
936700443.930859
590002967.647449
1044154627.194826
951026554.323720
347311877.722672
979159449.335374
609336500.509144
990358903.811417
490855327.284800
932571867.874926
606684977.903477
1063729563.621733
1017207992.651994
894809814.011982
1046111001.827089
1024874637.527258
372739002.853927
898064047.188405
1041163750.832879
1036940249.699853
564219190.111196
336988464.999222
536698460.258160
971585917.864315
573456637.660411
515558543.023843
618947962.546374
680178699.516251
994575906.128831
436348033.263480
1046762686.255667
738823408.788646
967424825.533444
514792416.395749
453383671.248866
995497871.752122
996464445.049682
1022425531.102572
480969040.067838
244496064.513494
1046629287.371180
1067107146.231021
505248398.634086
494711894.731127
951539057.100692
1001504289.038906
499792332.684881
1007097761.345238
1086001660.564808
1040651449.928307
912239009.611639
690494441.766922
323200071.656512
512225818.716420
249915899.253539
317141351.427906
903401661.887366
705252559.762337
839022640.622899
622498114.183980
963366351.520162
940828141.152852
479744473.219850
951175142.192161
882948519.159653
1083279970.151835
401604553.163528
593393207.776460
350906433.834833
759638026.378105
934988276.658635
833836428.989547
986365072.111496
543075564.284197
1056142074.866283
566048069.165608
379969869.111627
847294874.678785
903947004.645333
519247609.838772
912039994.780594
991742313.333761
493140009.750553
304010832.130223
753621172.628780
590774809.105670
875997586.303712
445413513.660579
369578536.131431
836001063.921262
438963081.985783
1009401513.712368
547198601.964474
1018013722.810866
1013043989.271528
997132471.704581
852163871.418580
454574746.378835
1014981018.878947
866616859.454793
453772705.200679
216486143.940074
273959404.157004
1025624408.469854
946595824.635147
676907340.760783
519482346.108859
1073265973.970088
890876268.327241
37415686.778281
984639076.640010
955187462.587823
971505095.037872
682936902.106932
402893142.140812
713538876.816285
642771063.807451
227934287.946811
592554686.237972
971074007.610697
600827000.586050
763186324.210929
391244822.212999
746622519.947673
961217665.727156
412647064.611125
1004338654.538020
550646247.431654
790836038.084368
286796947.358710
173997521.063692
655792107.081580
752154139.119585
739043202.555045
625139248.712635
746381110.490290
1009245993.773597
922419995.171358
386563702.227444
694205481.591305
1044301709.630007
917407864.012906
574346063.401950
853361046.397365
516179750.061041
184146943.070861
565085101.661420
469003851.209913
929146629.103981
578373593.147380
331962478.697051
218028293.542668
417272642.381444
626584130.014126
744873590.000125
545355336.826213
994190698.729881
950852465.177020
1013849940.223718
965648854.368017
559541503.584502
1031122135.779494
817040385.088987
180530662.060449
385258802.626765
974697327.832559
885955853.981843
795729071.967735
880336755.559199
1018048010.406013
1093690651.880141
324280648.256219
755415199.596849
1032114451.495414
1018732998.731149
507183230.868021
384452083.551397
389628655.138500
346780677.334724
501662617.476740
287217127.122528
927135204.870841
518223712.857864
873194895.743454
390394993.563492
226305195.315661
400528309.378078
810580087.797826
592595375.592072
895543562.205750
1064588388.417495
1021779904.541836
636706033.050262
455150069.853937
1018092366.330436
943528010.825527
726256609.467085
307523888.499511
527229499.498197
983322925.304588
783022010.987275
536461060.231623
486172843.086419
1029579238.470883
490121416.297974
573331513.616289
574241121.433967
590078498.083153
226981843.023569
752723024.131802
574105183.683561
600689511.750296
571461633.678829
541736808.497428
552660110.193332
327706584.054314
645456318.307478
316073915.109941
229984842.493785
453801283.780084
1100102666.704224
700502768.276111
1072104105.494095
470411475.260744
1022223907.598646
455931050.480655
627564586.817213
713605898.393898
668310226.799993
891925875.126825
574602087.007518
225903816.774021
993561772.787742
942214510.008659
669709938.694667
976302039.081417
932187463.791299
562787476.372223
454674913.181919
363563789.050091
610947017.084083
205872095.127335
739433439.400296
751841687.598353
950676903.894986
657553968.197435
272305507.005810
722374888.273025
416705539.805421
946554634.843904
1045123196.887578
490360156.346925
632558418.054207
1046699403.032296
913135128.835515
980815211.831758
714961582.128376
979719730.383190
726086888.582637
380235460.660325
590544777.899380
496677449.431023
853892626.429534
510098100.563633
367745105.807911
752221553.116436
1014401319.841383
998853077.196509
369732101.466367
712280807.850788
137569076.028766
876111587.059229
542944945.326007
782538465.520815
381809460.583551
466734477.358731
897660609.044117
640828835.012720
345734208.942334
536451936.503478
566592051.172783
785420853.486879
613536855.256093
833831760.096558
465731204.237583
883564612.355534
524578789.427570
1014266876.692207
802859706.067993
961915772.217978
779548701.418524
611205532.059520
764784804.933613
719136206.419822
216534381.014065
952875028.428341
657127982.130253
508348773.277325
828401418.138569
709783103.480034
841455267.882904
124600518.701137
756141742.271193
294632647.364194
624515941.274136
714526605.650440
849659419.188901
137463197.249079
548713870.367867
871823051.316740
616732463.421318
226270636.409860
933413012.970186
574714067.318373
546561015.832989
733508387.712710
1113343291.011594
699981305.213503
986749504.526826
872428589.554016
1014162051.405084
854818110.271963
725944401.572398
915503266.992440
503265717.089638
1075156650.148848
835405857.732881
554416615.262219
924128102.318125
854171364.742702
596790696.259260
341043931.571504
549284224.143088
272924266.710653
514854437.838707
714225658.759119
555311219.749130
306202109.952817
317716133.845139
917368424.155858
279668517.863794
502046918.954404
936287552.777907
617528225.700781
147453313.523790
929416081.230217
970438560.387674
506956516.125579
574701928.498683
824226676.709745
884189771.439040
558508427.430190
1003117183.403750
977368571.423648
926000413.660589
599428389.072521
453142379.640004
798279455.028318
545550290.396607
808878630.481707
829242442.504512
508563895.757386
275882579.927104
896655077.546817
232104751.017638
960316340.952016
106836466.532498
512384020.129405
925847622.122532
840070424.593419
163159365.184287
482692859.993384
829332488.445918
193581069.376383
285301628.683022
1002488194.882963
307944325.679719
570185524.692514
752804480.162847
1084355900.094925
857444148.953702
838800614.614581
955182931.131207
999984689.624644
821934924.045224
1047145982.208765
1004397756.234558
924472875.713937
1034142261.569355
984656575.016017
759432577.353500
886784165.410668
642319392.814227
373207965.106706
266724316.124597
487915344.286182
852031902.791342
269579952.918274
974956732.939587
354104991.715675
261405638.135750
861138939.936288
874543571.265849
474010256.455690
302319644.573802
911364509.959034
230595734.586885
372363623.368830
966500060.149762
393633912.761229
779673980.680454
558062153.874910
1072544533.664899
688500862.555414
836676891.923904
670329622.727933
572207697.676850
939847938.868400
969144234.308727
477204022.811828
888531419.341067
952512339.476493
809005800.812420
386667340.506274
221657453.919534
325895895.500210
816800483.371877
385289929.295370
505960802.203357
787403515.046476
332294123.668424
987298867.093012
634244784.260482
209008374.898410
832071654.686094
766734453.920846
559975457.966884
340632385.825931
868652795.598897
364098112.380641
315154681.647111
876133006.927465
314628465.560940
913883507.527224
1017045646.481550
998050010.608226
1020255120.189255
559892188.736167
165801717.435624
605072570.997764
969981971.376076
957611866.205326
941173394.228227
664736300.959073
613670289.754369
514297818.937806
590798113.410412
360525625.719109
232043056.017646
866054195.036347
383678525.169755
656028269.391432
633386020.436262
252387724.503462
1011808100.124380
677930685.919232
335915282.144760
944073589.638727
785459848.268825
280457330.509923
365126773.717172
791313814.188016
457858905.736326
478441394.688286
300757686.591136
1101801478.954508
814517908.143644
1014902878.016155
1058142858.495664
1000935451.175109
325778967.386972
802908857.876601
947593337.714173
776945206.757795
867843105.691082
469878012.363222
195796704.202541
284084865.334312
530108650.074901
822138431.132074
347582099.254715
399989293.903710
773142477.769102
522444302.591679
609881228.151316
249043242.269960
316619198.882717
994990715.345965
950872609.029336
831176981.226953
873346086.349121
686400916.888784
534281834.608306
649092509.153454
1012741919.318791
655067697.496113
774047159.266847
867811570.010138
1076016410.795226
969806193.567035
930439357.329542
997545721.686582
798826645.642234
594234986.993183
905233495.018981
962849695.025206
412781947.521796
397061462.815338
416068310.678383
697920389.476575
571625278.801760
221329928.911243
737192342.675354
354870617.797884
554649191.065357
475978510.420662
659710909.969575
686930932.157202
265503571.185571
477278420.761597
974418837.133293
813677459.765190
732936321.744784
263474109.125519
610517159.028164
781633531.375518
314560597.671187
888414063.481755
997563081.765891
388395368.811487
867412550.994840
1008619737.536876
868601136.700267
479608774.559924
902590450.148763
782600048.989175
809137695.323310
542691958.430068
823557637.608306
197431224.291194
532593235.069989
249744959.136422
957617500.758358
852301518.770911
184076875.564928
779557770.414460
982442080.214694
792195696.614001
211459225.286347
711025006.342204
692988563.777544
289606062.471234
578485892.994253
1033727633.305726
882515938.996547
441844021.271587
608471949.105830
1003471581.420226
1003559906.347903
793428982.083117
306871084.624147
1024952341.351784
596852048.780012
821181748.317913
468489611.093453
1001243544.893783
980847345.576257
672458337.984597
424407391.522740
362426578.809648
202078457.925884
885111141.013547
350598297.646365
606087943.581406
585143105.658115
962690872.874930
923929019.977251
481726272.032147
973608788.884009
953124380.726459
555349003.831064
169459379.683970
844859454.037679
813876523.143341
452939559.520624
693437180.637867
984263064.475289
994509108.937703
354767511.765159
864237178.962974
740185325.914984
990280687.400475
881385743.111034
527811412.173455
986069486.298428
678137846.757744
267346570.229229
871191803.028267
874628702.206302
494607395.329469
297939270.364352
562684355.866665
462908501.009484
245922073.689061
937396486.236910
381836063.975155
622981806.353654
810753175.137426
953913877.587645
387314000.159989
350888772.072551
722907499.888475
942593243.477857
77213747.612009
96937740.266241
316451675.846311
996857223.649296
575586601.999831
486606034.247274
933985605.252478
986637954.592307
365153718.544594
695542157.167325
916823617.773051
1042623943.247177
807627925.860214
678848985.354241
968344918.769832
439749689.802211
748752722.233337
546894974.126365
405814062.193016
428943148.079390
230773906.769186
756250539.286467
177809039.635495
223784849.782582
880421673.994010
836019411.883840
606345583.588548
449920011.656396
912724196.572558
354983301.969826
232428396.644892
235586149.594765
869057478.713447
731814400.163514
199647405.562213
588561994.566018
977291632.045848
830371926.032516
247643908.711494
325614562.550807
771812896.743652
939309096.418985
924535929.663478
722296370.451168
814137800.303951
886257069.990080
716493040.004877
450669645.330487
295056428.394917
362709655.641848
294634905.313532
474861707.457855
586796844.046489
344799657.502960
911975620.156514
423134409.129071
556136072.476232
884100902.437016
974910170.839219
709305147.164275
575127092.403339
928600793.405106
720451847.439943
232473394.529678
332510161.170632
822417827.953822
890194267.402622
267685599.217273
716026310.361527
968006749.202519
933020813.519111
159722680.447577
466658871.494199
669882976.819881
935467461.524585
156798795.791975
224533010.446828
970664494.733253
769560598.853079
419414052.585523
290799499.274748
835403427.468871
288591716.045373
245547487.441870
537017119.439978
548844570.126349
294935083.367068
920919184.011227
648894591.955182
705117823.482292
948566828.160548
926714384.580234
585078364.038341
619601420.737798
842313421.877337
345404943.453915
495543753.957133
444327860.477629
338617422.839627
865852855.650007
378521855.888513
599831161.716104
687943627.307107
974371414.691198
293231275.637983
887902253.761378
744020062.621521
927974690.000336
641017345.355050
309784193.676376
415849518.146309
254039186.868069
386610532.920668
111945506.794447
795360550.408144
284562763.995396
334115119.605772
598609908.252424
338074088.910916
231507647.497568
867578889.042854
382495291.164179
648906718.546412
859498390.061494
847773286.836434
294077812.116058
111894605.571263
531787880.832320
305227315.101371
731535545.889631
377781022.450149
105915499.311177
926699409.314487
382519126.398575
516590555.330967
954821948.363004
737614143.955485
502867854.709090
672146990.749526
745408204.328167
593317205.322901
313680646.223891
166490012.953323
270961459.905246
843759810.768781
356156705.543150
179671601.591540
588321135.630269
257896907.714093
386164697.088430
810261816.737775
266311123.467752
267605604.328699
870451712.863256
760702041.742640
604417063.843341
717925399.312424
893625015.326579
452939554.012188
614004578.976178
399070209.423432
378420121.754409
870183548.570309
375398604.060337
202452956.483261
576709826.982675
507854431.510220
390123625.776514
425162828.027898
649663811.730274
741304388.813769
442308808.572097
548268035.582603
405101212.282217
612484399.024591
442537258.450557
203510135.156023
918977090.568384
318056613.079236
301374345.041009
367670686.429344
252832252.294833
590607332.570941
967659029.736466
652688603.070338
645220681.880396
952432399.853173
954318858.399897
371717118.370171
592673105.194561
917762408.525912
261150795.269365
831433371.111894
695823317.216933
495340794.721187
748482915.802132
439360505.366395
415266191.415120
847795770.018399
751958620.258609
684828098.429263
413017201.338310
486150956.993572
180668569.903178
225835520.423585
163694985.127461
541545796.881988
802120609.790379
421847677.822687
427724610.935395
823420886.315605
240840018.005548
683532942.218161
420205149.741001
254999941.523854
738798634.458829
938721681.551700
520757522.637159
651077369.858095
947896692.265143
891690347.182769
256744890.436118
451538880.217441
620682604.621775
353896914.690561
917121720.384462
554626957.495438
602130836.555193
687582277.000697
450820596.903310
219410102.597294
729224727.248150
812498087.000924
776588850.074400
308396930.966460
404894482.037353
616621153.520517
258934996.275103
542408423.456038
431890522.426191
893581762.901087
286179145.402695
279948584.326862
559090366.776726
194261377.158114
743337381.440621
778569734.233819
187306667.330150
643411704.198022
910468707.826968
87250633.842810
618849390.308033
833926284.874329
493125721.192112
279437857.420947
610058020.960655
229031000.892062
420619874.088708
923290643.084116
622361231.356269
438166945.168045
761756230.242400
874518879.222594
345883860.488046
307498217.312155
294517340.121983
451793628.944799
648525533.496687
359509694.504172
736355771.047944
724221029.744746
623057967.865807
425635912.820574
941069144.379978
211936840.900656
319471020.473699
124144189.218432
255681185.923704
871406334.707608
913285085.852950
272555620.803783
363294944.479082
883539051.249733
459733653.859719
357862020.023419
720767057.744760
369626174.005570
123319821.839313
922403921.779142
158318342.533512
428081205.358097
895901102.458028
203695204.112558
189036111.426127
936871914.680193
558851694.100406
359484127.624119
145599613.836458
221625238.940370
884248115.286299
532142417.446974
532113814.892568
870957486.169771
909780829.157064
506609683.847865
592547963.299975
840372587.379985
192914458.245853
888761241.285508
396318062.809384
199068096.001651
953620581.047960
958899223.730334
386053313.329117
668541329.652427
919509945.113342
363813348.534256
259277855.439048
751223789.668545
244581240.474807
369240733.232518
798803044.214393
569793735.475318
233146702.529187
657373978.510888
872502352.364394
340626003.124206
492534428.944574
364634767.161191
458627210.493074
476684317.141200
113925855.852689
824537503.603506
198256725.943230
584948550.383238
676676685.502632
904768130.118350
256681696.271506
329036295.804682
528854561.304783
223004556.837919
941031572.192063
752845826.767367
247089348.982028
908502333.525118
947658749.488457
537674738.541879
509989337.675949
895358395.678554
304894917.785323
264150328.509263
924071123.048836
324649797.794795
375610478.906312
950018115.016204
509099812.581010
271222871.680256
535243067.982131
116052206.598617
374550462.757906
172957612.756067
397927119.740532
843967939.132989
759285343.044678
298372212.905802
709876976.481457
715243443.084204
565930490.758786
661725074.924708
933533722.097253
198470026.472626
416494982.577767
120580904.978278
240014207.898861
956613187.940879
652894707.238801
228001556.451215
500935157.931364
924403058.405686
614903392.228589
322354154.001381
947205378.893845
395540888.995616
198581985.491677
860232359.275606
306611526.529359
161396229.656220
750328949.071164
559933978.994364
336758621.976006
215442434.922961
807049948.629508
307786210.858313
413192072.897176
511040765.978046
943743970.160014
771988137.906798
566215216.804346
754787497.995427
943803198.566843
651615741.366791
793687113.451645
834927252.501118
219450478.261273
814005045.730177
574937584.093584
234755419.398375
948020555.132096
847289222.887563
375935460.613635
99599791.259117
932669716.908033
405477902.482034
212917809.841974
956684221.666607
380469794.594924
151230063.390088
909293392.744751
621276833.311114
163874886.510225
261602933.215740
154222982.949108
451268298.754732
288618780.495506
743684046.738976
184942944.251103
603922328.126154
470001777.088502
897555351.759792
415229680.188197
464143419.483725
685609608.747190
926586866.889983
410595511.964986
375736181.162844
621528596.540654
213168715.794329
872312139.657368
809513095.695364
230942528.453967
770829712.125466
959393166.174411
578860726.725409
270066893.330986
952427160.782405
236150782.940919
408867031.661498
811203151.472071
374463914.253126
173006100.532962
427065109.287161
244474228.825206
230552499.050876
255514214.461316
806906583.736345
716937535.205979
416851338.268299
694488103.139986
735273961.998493
719286078.590936
389890669.850507
781898024.276962
285261153.683154
432846299.115971
802544089.588096
929005386.540107
169552260.672516
467345275.954844
239547243.551054
217891598.068530
858649233.315502
539899481.227639
263387211.547619
228558830.839345
880185505.087703
764528333.196688
175447986.836845
945803936.271475
214010525.628819
189685850.051810
666444962.557810
491775920.875315
393816643.854244
441505533.688390
194481342.559420
337206341.987127
114656980.182921
908841894.414366
658623115.383659
559090188.496010
693890340.153715
956407826.885512
831205368.810420
461705888.317994
680117466.669306
907611119.966284
614314694.382243
895430752.496104
701405717.120182
223069107.257699
863796824.802025
766796333.888560
174901965.712158
823841148.107377
659687792.623652
312638684.327386
157443422.308890
880025158.775109
208906201.993235
348181630.518231
835866537.736771
326041643.903746
162380723.929624
180692038.268757
282177503.812575
160535776.644503
544602229.344921
350854977.846827
527155498.727997
165653351.385255
881153212.785476
356139226.190829
585892603.588328
700766596.800650
900583953.902292
653972922.527481
428071002.464743
648151805.090539
967276003.689750
482068907.385387
491586471.566816
750341900.479571
223129383.361553
877833594.429778
889873834.869203
163416488.840758
435143428.606253
915581393.265025
619928122.833862
319164594.656562
893016395.368016
237222011.259293
350173637.225201
291727274.200675
350596841.122381
194575777.598997
739252343.721339
432931732.884376
438127396.685884
665454998.397086
744774172.431838
740540176.837731
466728702.353037
663218906.694442
347424361.671884
728953026.460561
627917760.748492
897186312.533291
189574240.077884
390945053.273710
914240103.400759
799617576.846310
342751456.725393
229591826.218364
204365331.967023
366424552.338785
771306312.947883
643873493.453497
164140411.921487
209000021.762723
714090655.050769
65719429.911182
240418378.325981
696797754.622505
392603772.980010
162003226.535796
117721853.877622
356256706.859120
195677056.135703
832360861.378086
350531909.069147
557991522.286448
660218115.180347
956645643.646073
822527809.370760
551003198.757543
632160907.264990
873079613.701357
856952000.671388
655141212.575195
733658075.138569
584384167.031626
429215159.189030
862352273.033550
913200080.144819
335935451.393927
635062375.694748
402187329.172641
333234033.052508
672407414.211319
564714069.179084
448926529.509143
372997094.295579
775611793.956765
95874303.440479
216510716.406614
209662413.245385
221175817.957966
415582623.812112
583329562.590596
561826375.800632
374489988.776856
874115334.139230
153691538.638822
644192238.318090
393580226.266585
897038395.686546
586804131.052482
520397095.175785
615704998.294962
952801072.654449
867686467.135073
442381175.723274
403104627.996663
863842215.877131
481241705.073116
549823587.135968
761787510.996385
442713934.704647
759300918.632165
493565412.528808
192533157.457854
257251502.206900
429012306.514529
104034233.805782
528060199.355020
210792497.679838
268587321.716972
398900590.259143
382975274.819715
249138484.869042
276921755.862074
825366446.825597
738397588.385629
530672741.401053
849102833.986253
690955368.081014
684271883.209295
334752156.554136
873295986.356668
191408250.133714
676941916.850996
724936303.715696
967674276.989007
526652490.355554
327421870.204183
639462233.414598
655216721.631092
255567591.389705
526821973.533742
276576237.427812
385786920.969300
640363468.668449
495396570.299894
262473905.523679
268176536.259602
761909340.278790
148191606.765211
241752714.733970
137664446.612781
233554100.785379
574191616.435508
29222823.405741
394562653.710479
137886173.113297
923486203.549714
723881493.204239
635912654.072667
838882290.818125
924160082.642401
858802680.357857
544057944.097862
633764721.908186
751064302.006214
772506101.851242
799295819.226668
905452319.374109
341505365.768413
459631252.928079
688884796.935256
468647681.690786
228482775.404751
678671414.274929
220186784.251307
288616782.232744
522047673.416513
441451487.799450
200627048.648354
338251658.137503
321631252.266109
129651731.837327
433227565.896714
484050974.665639
335873459.035104
633234432.750272
442286429.030703
593208293.708825
253691834.422832
923031033.127542
374156073.804192
613811589.835287
677709789.992003
918054711.868341
760288723.986023
597138011.163429
873735720.716617
918687968.687972
720039317.799441
684076960.520868
713837682.820198
190722328.066932
383196799.306343
660501773.376123
297233413.348013
370750949.079363
600409350.190513
279794806.314199
222909616.657196
301059745.449352
422597188.034243
219307399.904162
57080779.251463
215130607.770290
169780330.497379
813787870.249874
595555618.607441
513866362.544808
789386248.471876
748720803.301946
804720873.100388
584574172.837435
855933141.975805
275517181.447696
740127772.858529
520301906.763442
939284842.755539
504439785.762663
585714014.200218
935648287.793818
953860324.545520
796870740.019276
225564455.659528
716178596.108783
201818517.584090
364285043.859872
724666072.974214
239084430.715273
360712869.674382
650091661.366541
369992784.417973
183538945.018547
210258698.343498
108115603.966474
377393699.875344
48895613.934429
246346883.842236
131909017.389124
858834886.914620
454147093.335605
578854303.590117
772439452.562109
937342784.302174
881071082.226895
629309620.904399
847148213.171033
751480024.122946
714743489.621307
561656160.387871
758054334.478931
260606201.843309
607346277.011143
988484082.013806
863352627.185386
665382170.364701
259115951.183127
834615091.425935
270709375.534184
243891195.998213
643110860.409237
262984284.438166
224498574.060176
172431151.487058
209808775.788506
313885038.903427
111970971.457469
123872368.877512
360376427.311359
416501060.403700
460753529.012691
384402781.673627
862666681.575509
122539367.757277
609495271.813766
387669825.531111
902571672.275100
633280405.268874
605480791.228373
798386331.715362
955492472.321257
899974618.255760
351341059.892998
632053726.719920
649527308.902258
721959682.886738
953240975.662961
747758820.592483
504984781.727789
400939190.763586
736516018.987748
277791220.603062
242729305.050134
470575610.205697
295039538.124708
210146071.460354
444807099.643463
169592156.671560
542582467.585465
322939958.623113
220971667.694655
500209639.199997
777384640.243614
707855020.149505
628977463.939598
841289893.661732
550327674.682992
679128231.847156
331269717.139925
923558281.135217
261440987.864852
600008201.365563
668336670.358322
945633044.125464
847097254.518199
214126126.964392
722121078.710427
741058238.129775
585014690.610260
680857193.321559
675821455.381854
462535795.401077
163924183.633194
761445740.510997
378825879.039912
78896225.074490
274263700.367444
125414251.060894
147207862.655120
282801493.550838
120120761.381518
580786847.284951
449457882.811146
330288924.347435
421331021.182670
947914119.723171
782919684.608405
772621420.159472
918628325.662613
874592769.234095
894932160.351171
591838907.425654
852159929.061131
518545277.392932
655633611.164287
405350197.806936
964389639.822102
676516211.831291
451094548.451413
801626405.035676
489666674.964796
621005716.432538
392882071.334685
688033221.205174
284421109.576807
68264831.466282
346473443.922838
327893478.638190
179014055.171371
594300779.239977
97338726.606673
252310821.913247
135130587.779126
176490814.925988
794562841.355401
479806287.033002
431206733.412250
149334314.504379
884549751.125102
589913396.486397
653778260.842854
818236980.702288
925671493.116851
870681772.751394
751982626.647967
980947400.966353
674264259.012810
732919445.542759
371943557.176038
891805503.294723
388986429.267817
280483854.573903
849699326.224612
417338644.133514
521906436.450926
249016828.039856
388455969.408920
384791168.558154
110584804.268065
173170831.611901
156121311.425472
101572510.240652
433279959.522185
129983292.283714
462829925.522435
349270146.157595
351673405.974566
800478121.605449
703434415.571639
578217003.948413
544326054.397291
905045931.574564
148352738.019727
678728728.583114
489299373.674293
913610959.690927
645146648.775693
618914686.672338
929089594.913544
752249660.141601
850559328.021335
311458189.540149
854928891.317510
240052494.916046
325177879.517834
731802415.015331
595462917.531162
274271366.322084
80430047.030333
197088585.730513
147019481.634659
546273843.568483
315953601.454313
109733940.639022
85930340.347110
439677611.668097
93126854.016187
681031713.755177
668304302.829361
552421628.354895
754935547.680302
918181528.237096
831652785.729853
725038229.754502
849657104.968649
473600532.053552
593078391.517267
398860104.811047
896695508.261839
338312336.709126
656871570.226798
824953699.199318
753055893.220705
763427602.703635
149403990.345282
821647071.385566
181845062.015015
335114199.957212
367611010.187387
286193877.319424
208814222.508835
299653143.752871
347478679.241218
253018650.873156
377221900.258487
226128067.029883
169896280.032725
133733876.631340
171143720.930621
125873243.670508
913797894.234829
589554597.986106
476362346.775580
506368043.688902
929536091.357221
750787428.544008
840054417.909312
858849648.731573
838522334.402942
825814785.373416
466692349.058357
937618648.789131
184251286.886680
621508787.046435
727227964.868359
814241951.277761
629291206.851162
190732251.680515
778926959.448501
328961076.787826
97284284.549873
161251681.198182
47843100.263001
107686865.886590
756377890.749524
168504498.896441
175145157.347407
225131589.982238
207932153.652828
243523057.962693
324826300.955724
247588186.328994
343660313.391160
929135511.679176
457901554.518127
555118276.147711
94164274.761042
913511788.485350
535705180.789475
727404474.863875
864652409.153730
913452519.198736
853303369.526186
475072207.747007
947075698.339804
231325253.839143
629463476.744874
652354380.911880
783964582.674419
287806235.451023
129580027.144831
245902251.651929
306557767.488537
157626868.464775
353298680.172779
358844423.199395
437730406.471079
710317151.670440
126524593.946350
272421830.954119
186267817.695998
160966760.137115
411738794.356133
703722720.556614
587023748.514441
654085628.436566
880686117.968347
782379575.816046
715052630.807407
469862450.564850
868652452.965941
170847915.553669
644953659.371693
576166755.465019
871223098.580756
624565018.731710
376769726.125530
847838904.595896
237243874.882524
571238678.324188
296512401.718283
434029332.212708
374972959.780914
90463748.584104
91079434.306709
125026015.596732
269043029.257431
804629499.740575
300026892.760845
584404109.372201
640044009.860644
106863497.210358
490539688.376209
493283407.335124
228916219.849392
493147718.409759
876492046.985345
710753164.231075
795447712.810079
846249253.554997
919259637.000696
806900295.450459
709325529.120163
808333001.076888
360981884.673638
594447063.026055
221916870.942701
964132444.283155
527310389.677728
332549866.492573
810231568.920900
688916269.893339
142008826.099637
83830940.778802
179842017.105130
144470129.511423
410019583.883670
183682566.266830
443109455.705289
180085242.751856
801452211.809972
175007244.304551
327280175.837299
401264981.927229
143079464.252207
493813996.342784
534882944.328875
229661864.045580
190780618.204781
929639131.053748
523708061.520084
690219077.658160
714135596.023762
950637066.965740
883093615.922442
928369534.726363
958931506.015419
425406402.490156
538798516.118924
315975278.649935
936342871.102721
278288715.444756
337184463.423178
442575866.631392
323399736.659852
133249139.443063
354306729.610752
403791660.657277
245187113.753607
487724776.718524
495391197.502367
447049625.952066
555214853.616230
806263865.420755
183557582.720201
376046712.745136
37678108.887379
146668664.403384
705189472.890655
628580495.100388
341258826.407016
508273094.985593
953467604.716838
491252693.580789
708905258.656419
465363520.134634
803538535.016625
423592374.468604
746802911.360496
877856259.387056
488824672.032406
447502471.457291
268093296.692098
888936410.642864
323883844.706901
90183158.909269
212133746.096998
268320620.744308
59390888.349503
472778040.243702
506777766.613379
397759116.615804
649594139.082016
732775393.349325
406018349.897106
689570839.250607
756353089.263146
231892588.416788
643166393.681475
590924326.513371
264400642.004259
811147634.195778
793122552.775491
494068721.793540
736393855.842335
755655448.437657
863109442.577076
782072373.942398
380611970.418481
883688284.849176
159750850.607694
513630247.940390
686879695.872678
693887371.232257
542000084.883034
207189429.220433
160743329.850320
185092906.196956
80672140.077720
193086303.210382
115038751.001280
112293510.446104
650119163.797074
291000775.302215
453105773.548320
573121991.752791
754538480.403093
200031430.616697
371718045.922488
544987693.764455
205170511.551250
676665800.778009
839542582.500300
285553244.350961
481897441.859433
936062597.514828
650100368.384463
906542245.920563
923915317.824486
923290878.330345
751851642.919894
661329072.987070
901556519.248024
117002542.276585
260197309.643298
208162180.847035
599686458.972366
336981930.691138
144341929.563752
122149231.844344
261534483.993160
55462895.287022
354296682.250775
517673101.881628
281816937.389273
721002808.689877
312527141.761555
412629809.285135
604550517.372178
793691858.774737
176142010.499730
207344513.769913
112450747.376499
224258779.517804
854490550.963197
615401660.473465
279259966.915836
92313994.443028
920377936.879728
416750743.526164
880405663.000100
896533366.531080
890796862.970453
482673393.574965
620389970.451379
882644640.017915
311606621.200787
41744857.121846
100166274.487804
187491236.038111
187263073.501393
308000097.694866
259235049.332334
168163644.970932
175324023.356667
695795029.024470
782564288.285096
540231328.899036
820694611.777424
675556057.459352
396657466.981542
641747348.618992
664792164.733626
239861551.004435
539387749.384694
575317261.334143
234761133.122077
754010733.279693
700825143.118418
425786191.848796
454497576.245978
925192819.569979
302801360.662298
688248555.574156
511786366.221100
810814245.716234
151700537.244786
475194155.823739
455064398.246291
336304744.728198
127628146.240920
137376264.614827
323090818.886178
108176046.190924
363379948.029093
198319796.513697
170828705.920617
309886524.709140
830076032.524434
632264386.011343
536058049.892726
913028807.528840
773887184.022006
288201149.047601
336700024.114686
582023346.631575
357723515.050603
819782779.636596
765075303.394704
301844385.577843
590294755.101629
905853126.134810
409903902.456599
581431315.618230
931393154.138043
339111058.981119
452383535.626345
314518724.260582
779929262.090057
263058344.109417
45648827.104181
229318859.133653
333041145.900996
110993041.403961
18734810.883724
217548603.617439
208318830.163644
307765740.984852
223594023.911205
374348153.103495
245086600.616886
740691535.403522
279891936.961420
496262294.834943
940217441.737186
568199219.657544
347599103.240442
302952306.527763
209933083.669321
342994440.243036
803004515.674111
549391940.887544
499184248.405658
254819991.625561
937090644.818699
327899311.303372
603824865.277677
829369936.377062
379855017.970405
321318197.605838
290434852.703411
208702537.751517
64835506.904473
62113408.456200
419738949.487387
525118148.527745
140337645.349193
452358462.427178
345380111.431288
188757883.936806
335082307.333254
607621975.942543
636513468.586030
421046889.090592
730024032.995479
858077647.063206
429316344.918323
929765394.389366
779570997.398792
328634855.599244
699866850.452891
753275512.838379
302769994.739589
729520171.852606
726197009.683017
480495847.036116
331077462.359227
946112771.639857
204633115.933636
492706105.616423
525141367.234887
432200052.926080
186291673.701950
167122285.921364
206776656.633659
417895054.997199
213298892.489612
543316638.885149
458530111.444524
270614995.937970
680614168.870752
558261781.683035
198599156.823348
454265851.214334
903415264.232639
900246507.596440
787735197.324433
942406127.695522
905320728.391773
224163461.211251
658272755.600890
800482675.182261
447190332.518242
860206177.441040
780408060.900657
315889380.075199
418479648.083292
907560568.171232
391770034.532837
305748248.388163
848442563.760160
290470873.607457
131194054.377608
50358541.919639
145037367.255392
236311766.951689
393724688.441277
84720936.544542
494795294.164506
300812878.848495
330229913.827178
434654585.813122
347420687.955577
774333116.164084
667988051.354498
215611649.042305
581976881.510050
858940186.494349
739465297.628922
848388627.916116
850484871.317150
627893875.439729
301898172.260010
292042698.658443
282132087.980712
534835150.369747
915126893.808901
741065408.627583
309341190.006359
74089331.409718
905029720.123631
264903337.806073
242738203.543468
390645993.783971
388844878.526658
95438406.143864
129062275.075442
155162654.434068
546065075.978321
302389878.748094
417562127.992197
378379072.068123
346411601.196899
121677945.542065
238412282.508634
281232954.847708
777359845.315084
799112782.539963
314511617.333506
179836560.060637
901674393.783291
448381782.527281
502220135.683759
695033162.026567
379328514.045660
167756310.885922
436835551.437686
253663655.152275
486227528.416549
815202277.119844
587975137.396960
326529730.139065
306704158.140533
886062255.306225
173785848.764907
126421029.182382
198391880.300220
318229697.094438
90562030.629465
309428636.764566
119422267.825599
763208383.349977
139400061.832990
581749759.823751
343074440.509860
258407300.938112
392050447.492603
334402655.749112
294901792.051711
671516550.743586
678316791.737036
495414002.687624
439640036.290771
785914588.413544
348904689.040865
229870038.265744
496176243.769078
303874963.032315
121845963.951402
529541580.150443
288906322.636377
395301415.336914
631266916.643833
446041573.828029
111927357.295068
388822720.942661
178112249.598490
52357785.509185
160710357.834285
220320714.538082
260231477.378569
413182914.852538
395700173.526455
345309089.703214
810519071.998111
149546093.208618
371843641.534973
465761436.333353
357315595.810780
552405872.531927
613237848.987788
367302975.119441
624744038.566844
829290188.315006
638964421.147681
693527666.550177
776923725.175145
298471883.981748
174258930.236888
558983620.994877
173353805.406136
299876595.538484
570857762.939372
398045389.045039
183950645.712043
241966533.740668
510978419.427110
142120165.444801
117266087.517636
56551283.978490
558869509.733204
40145646.949501
317673109.464455
224595012.610571
634421758.583951
411637083.463115
552710929.783034
580652594.398626
315142532.683923
212120887.621348
328884657.410655
460719168.185353
682297662.880932
664106018.516475
371214107.070486
303865580.597444
890034383.576349
606205791.467349
419340948.482184
736835020.522034
298160679.082809
132124380.558387
528890879.200750
103244268.276591
322989037.069536
602968604.501334
416105102.610960
113029429.764019
94592936.972591
104620376.874842
157743378.993646
393375600.176759
283913711.581572
504936023.723337
184589634.637714
423755642.852704
70101669.561021
787255243.592128
309488158.724326
656018076.622628
453550431.560443
249833933.961939
545601220.707343
246021024.945813
274474232.416021
871287504.706574
576478175.017591
458462068.031785
277755933.425263
759789969.645210
327145516.342963
297527623.420919
661444339.632121
209226481.323478
136877111.114125
495409759.384059
152882667.635776
203414240.610647
213368436.176272
347825950.308825
87089186.642049
57800748.496668
181040754.641625
597540662.008509
336360044.678216
378055359.809494
509362748.307172
346504414.508437
441538767.756330
383598162.569253
844109709.277620
129720596.922670
543870509.758519
297344681.454504
223642769.672239
576376180.270767
692624330.831380
345539264.043036
667254296.614632
767839648.088007
632232472.733656
615113715.695608
847140041.500639
331517056.489995
277765272.319940
639920831.102331
146060854.969768
182804773.577108
553965368.731796
249400952.980030
86972549.338697
161399381.702924
150220520.302703
99342171.909716
244510260.985368
163026878.542847
708409833.161722
272021857.985438
457516064.290378
521420767.034269
572476029.798376
497636819.750934
617158717.460433
847361341.186502
257258014.471214
275924855.720019
309584380.237678
305967517.419446
700502798.072409
727174217.185724
468142171.102554
539424856.743845
793482120.355081
627011385.193823
334396380.453409
738671823.409822
380853705.915449
95672018.902697
462694042.174666
192911139.334185
160906781.692175
120604532.082583
106789643.210543
86147422.830880
197942285.461072
318543867.749442
406214050.292649
394419999.728187
391637241.599813
786261087.571745
253428854.733448
459360955.838722
255608740.956839
803251614.981221
514595047.108992
729339235.308056
588985935.692039
206223485.109592
432995421.140656
325866660.534441
199321072.005000
879076382.808709
512125893.355498
476531719.467762
334452227.304410
610477120.947143
290611391.672503
147822803.278583
662352611.971759
105097035.710785
148925882.877959
322788977.958016
272304446.170621
105213399.658966
171143866.011245
364737731.560812
327951085.407912
231807940.116466
292469897.505269
564580348.697458
438929226.470084
552593631.556762
832713634.601198
207405979.143560
481229589.104805
187333627.376860
837914699.988950
216903716.043455
564188245.703543
410812332.862592
233490094.491102
481872773.702319
724099850.588239
359846585.587055
751173210.257197
517481275.498957
590100461.762779
346452503.192620
586220671.726337
376058711.044270
76925905.992091
540741291.081770
223638465.172461
63625052.392689
190352419.151025
214022867.870404
152978303.360923
109641860.339867
398793076.996812
212161606.006283
291597751.035207
75996075.171149
781781224.006145
535929024.665540
528729492.579024
658426383.793507
381614870.894142
492616481.215243
588985989.972991
847266760.481396
204383085.191665
201006616.629579
236117772.441465
224021758.670978
663239908.295443
697768608.370254
572913774.748716
725508313.469906
433147002.122217
400273510.444367
161596471.085120
587276005.615496
219369389.202285
86261850.518100
212080322.318595
27601836.824326
160910947.081684
260207144.008706
320194269.841276
168501585.258629
243856560.787645
531643890.976000
282319534.810742
323578870.200737
273130822.666379
874623610.939239
470238822.253020
526294706.005356
659023764.443210
610995886.225533
481866996.671388
647903324.115166
686961143.026525
227092727.927288
453336315.009954
352004438.831236
142867648.945760
836282231.629597
262291947.026724
490515488.060348
515314177.731319
292280529.286342
225526151.024315
110550185.370158
283116208.223886
300159030.627156
141333170.646745
81134508.077817
163509082.171649
201409545.458710
164515217.154151
532913331.813353
323066948.034483
353458819.118052
428518858.059821
506434256.445154
443052806.021777
508930036.277562
868961213.492092
383337274.862618
484555353.912856
450680900.791278
699152314.195343
345237061.972971
504463594.084957
444815438.777527
208105678.102666
439021760.690758
694419980.999046
395800900.058350
851017854.974681
166714527.510947
428971681.556663
341096592.491570
529324136.502722
136532488.821192
75214459.995222
152196956.635624
234026437.389210
216697603.631490
61602771.394763
178213024.372005
90479600.942999
248738510.560095
656705396.990314
407450180.247146
406967253.266596
364255754.394864
684558699.945763
567737028.567043
578256602.292246
856692750.389216
45609614.382791
430869149.688035
523711451.574411
868488484.592703
231341508.056073
125922017.699821
84429865.872281
204354209.036648
670270676.415441
461916250.087737
456663890.664841
674400157.723090
156413290.039391
232697627.406411
263965580.106751
104914979.106015
84579190.467748
117678947.938387
170507514.302146
279352378.876477
111231266.376403
80044183.054820
395905957.546957
125912558.567743
325248499.321757
673807160.476363
297139935.356945
362180748.877438
144476604.081103
871982545.047498
660451495.366648
576638531.390165
831122296.524470
443494410.741109
410608350.525440
626913437.142701
652429253.137869
183234941.907844
311808629.249571
470783401.914695
99525263.865367
817171079.773733
130142976.739986
247935523.266517
387368054.427927
327905740.165482
39164219.631059
150163624.150409
52020623.751151
481222556.815812
181348899.145049
155988539.266486
280635185.367788
74590792.357851
132159694.547781
521768196.105525
305028140.362404
438092151.087031
687379462.121292
213592764.117633
443880364.627143
221266423.238768
915433570.849844
607375702.140316
532729543.054385
677212730.163367
706108894.358857
405726690.016548
400748271.199280
391717600.113770
208625768.656719
441760773.262446
523509790.532874
193448918.874702
542928594.787260
214778623.711830
215343370.315230
119191128.154686
103866380.507141
82510832.345427
279214276.759293
162425145.457527
476798121.037018
194799570.802627
146164110.065291
365788142.820031
77670043.496040
222081908.013683
689528891.092902
489498551.367510
470722492.593706
618610925.643636
472367435.905240
526880570.319701
405157487.990085
899030933.975733
330787826.632457
430091574.855261
488657165.983323
666816744.033000
242299385.112804
79929812.336977
71062889.567744
114954563.128535
634437117.063700
317448729.706135
236644243.423509
286228353.374879
249616923.939448
78529025.048329
62796958.193260
224203644.594331
405498696.330877
316837652.441212
278571188.781802
480969784.820729
233425565.057562
98878074.055640
412709959.833657
112712605.039960
304201953.467663
731765342.968960
447722437.852880
484885467.153251
420886165.975005
718662246.205362
639187110.389619
514821282.026458
889871816.942160
310114579.616880
376120023.878199
369550600.936551
439623471.945372
144540437.199714
228005619.487215
317063108.359337
85200219.812494
544435219.188715
174846758.252449
174888919.270718
152794894.707456
260633486.264692
92225357.629078
203829236.202878
101852992.424166
516103323.916271
272386248.745382
283125983.326239
517648843.882776
205095413.610749
132410431.736952
532713206.847487
212357473.121292
397235829.618963
773513686.515778
252795717.013279
455881734.356406
203912634.316506
878959066.103929
714239198.899424
525730365.402201
764568882.674801
471557254.594571
240098880.942978
262998179.499546
275023512.530996
136724671.695938
361300379.968932
426764939.240182
36742000.394915
72082373.555529
93374165.169330
139642794.565852
74456716.901489
298221463.584268
231798065.382503
286469915.220755
72464308.595611
548999163.970425
320527924.281563
168624494.919604
540025390.035087
189668695.345102
196714751.960170
660855592.473709
359993528.875336
522646893.107375
723741598.723907
252708543.479542
495967805.790082
98344816.743354
896171279.301608
433902376.556603
501779173.033114
495109630.958644
328486981.313395
47397425.183933
36194945.395346
75411496.407118
129294392.113474
272915746.268399
211764948.897599
119437422.924542
86902653.290451
464701054.104694
161059706.279130
249871401.100453
346233233.111684
324257519.382911
295344245.982762
147923820.511578
545613213.043428
345375206.616028
85204699.221181
573223597.425056
214008476.804841
272203881.304964
831634352.237507
422753498.651915
561332940.103195
581253845.887753
536981153.354418
601946012.983455
335850129.906351
892114485.036254
166029648.481594
246317245.644126
308671520.257524
140534869.851110
115062944.016841
216276901.199204
86382025.261666
18270731.202441
186606596.990376
129879017.796571
173986995.790530
228086457.214781
520419897.427705
147595185.415732
326673163.675419
317274794.058800
367755255.043445
326657740.384633
143136510.493626
513167096.345533
367246979.268844
74775041.968873
580012947.402357
262791261.281155
381361204.189869
873516269.589784
295054408.752206
566590709.360788
499783067.449200
653350094.853775
573589226.701126
497928272.979251
693638968.481033
146014742.412047
77537078.859946
112859550.970336
64360394.358517
135499852.431172
101885732.799379
60220504.018959
90629708.703049
139909972.655743
372885306.025909
132529700.287212
337566012.603468
597912577.208327
95277767.382900
334843451.107556
298016517.119086
382059464.589368
347238034.702981
96388011.974403
534726734.059031
382419315.539351
64929148.991448
722457279.344522
354819431.566790
481197850.080369
859205936.399502
95474809.122891
528978813.804740
310675564.451722
736076435.350938
392851785.264253
418033880.238463
386480736.160183
52876802.707109
197861731.294429
53867919.111028
99457187.913679
184801833.298555
68060834.818461
277494948.198124
249155126.327040
98739490.592903
537947845.327722
130466586.850590
416876242.129610
627051432.053762
63536283.775073
357288732.209149
329508840.139039
349568437.317318
371616290.201717
60370476.152300
525360379.070188
437440941.847418
115531710.810943
843422534.139939
402845872.204500
575006157.003568
791324540.897234
185672085.747271
478922082.519359
207596286.070055
640278205.631961
153680019.787533
125342904.724742
272765807.419210
120379069.327378
28612639.369671
95537445.621993
41928685.760253
161810426.545505
102582378.939301
392669130.625884
313061364.778474
173362100.056175
675174936.049818
160857115.269407
435995899.263040
624467450.574787
67383270.484511
354931942.674525
384102174.052773
317923574.250546
380243551.183638
79706634.362381
581711719.424282
518159013.086137
207175736.780196
905211824.058241
399006905.452480
585681958.068148
716100211.208991
367291832.837007
368998908.659359
424553299.769580
476975847.351624
73782470.526254
158394155.946386
73846851.282451
94307084.621435
23358545.554432
297683145.488887
124182699.531503
255772522.166486
91740448.838812
484390989.320579
371638404.452189
211918077.992036
717253180.939974
145294533.676359
426168995.112335
576055318.063144
81164113.045594
362930570.876303
426981763.910685
265712215.607486
398438991.340865
156565029.723894
688002342.849794
519225475.672834
310053390.831417
878068921.987089
267340974.824100
542355494.406415
582679089.726659
394410854.481706
181896106.638567
316955898.972013
202623957.108484
193744748.060522
157707166.402504
279603700.142550
216289092.753250
178012877.635273
280670321.306737
199765880.962330
271681522.729431
87300848.712290
572670476.619313
385487436.946235
232133996.929456
731325934.840725
117217774.112102
396581269.016447
576204097.517191
87967118.385130
340549764.231871
412568717.230049
270192272.544082
457236387.523154
143573953.964193
852426176.616775
503300237.506351
344383604.022975
822373946.743923
101603768.600219
511107814.024594
313741258.543949
453987252.646100
31462522.666743
52800033.475225
96556865.923628
38477416.230115
268752536.078539
419967217.440770
94177327.784152
247562516.087541
274829927.756901
322069567.109001
332101611.616057
165583747.979053
658715087.444474
379406734.302965
247096722.235531
662659438.711194
97119831.133559
409225040.748045
587002551.289366
88688505.027407
349083511.664601
420893845.070206
347679342.177711
504765079.484845
171549762.019189
810593962.802314
394176891.030253
305924741.283504
720155897.686983
146569530.240269
426420928.535329
160622159.698215
75146895.949632
143479471.438770
44757136.798433
451240069.318019
110282871.094632
314712332.806440
512051232.104301
81697297.341363
282639533.404547
260788465.789734
406438242.798661
392891637.315234
232403115.952922
748987755.346857
348801273.069632
230943062.143345
623119155.200666
107967761.571073
413667179.335644
582928664.856817
125006681.316250
348167567.347124
398694937.474232
517420551.269769
484565535.755344
207871300.272557
731306804.059698
338799195.894549
279816406.495921
350492189.845062
216064988.758251
42756184.992089
72877484.367962
113082838.231568
336534057.602124
122984608.428233
521633623.482932
149030257.715051
348901424.705743
521975339.494793
57312446.012103
285461551.817055
203700895.978391
458954526.389158
418569390.296916
251080512.553866
725349152.166170
304724387.570366
229608332.409480
601089538.749663
107342904.516245
398811657.792242
600305422.618378
102476062.034700
422271952.343101
369770236.459035
525169654.337428
402371208.867043
200608508.504400
645360324.380049
171713630.063784
154198883.830504
48498429.845912
126786293.184640
35004153.110131
247266636.762316
333906947.594975
232262781.565921
231754966.999650
620335542.043033
210279133.916738
353744325.718214
440375755.793671
208895829.649125
293760972.302184
117476026.305449
558304771.872621
428238901.297343
207716954.054470
649053020.539783
266720616.403471
261437733.819557
616999446.680558
173939814.930337
360849631.038430
648270089.522299
61956355.577263
418018869.401872
269450089.241448
472590806.562029
284804775.755361
321658283.516742
309904008.418823
204788139.215931
105958511.222458
29608428.767607
47265890.439822
276921493.152899
104957876.284110
454720451.314339
179462308.402297
316285180.495165
709009026.547949
226128096.716104
394727569.642023
350076582.528491
294971984.877129
328620041.047217
208647406.594588
631287534.733635
405986419.114576
161510430.341083
599669172.415322
223561977.125789
294334944.245171
587081634.660495
197994886.531850
354450228.340617
622605570.554764
38597362.148840
369906080.291289
286540624.270926
485187361.679778
143985015.702408
180875703.635103
51154294.339416
79605746.150152
127548385.345967
211163356.493272
319755646.816387
400189097.484995
174956899.424874
590195107.184463
226876401.859672
328755749.592857
675700413.046586
182361874.430813
380818189.982454
328514973.071667
359290521.746811
382681380.268485
277682534.058567
617723159.916425
353197940.144761
164085302.286626
594620967.496623
196313764.768432
363449312.848433
664263031.296191
245105143.209449
302754635.142211
433049207.991235
140787258.188903
485288562.389207
58666539.167146
161987869.644855
77549480.805199
86181678.084240
264313590.783348
230631509.094766
183910037.665363
283815323.838472
449819313.072967
370674620.541408
240638636.121035
678224276.453842
223103740.028149
378336576.764537
597460346.152803
168792766.140861
361304384.322005
320794822.038846
449973113.443339
412536985.501269
295945193.581794
635798663.012897
350157413.499729
174642687.469018
551337810.025642
161286578.935964
404141075.814761
643735603.250126
220812733.990430
253291328.518327
457111334.465635
148977139.964351
89453082.015386
76161965.325354
147318215.396575
107287492.990319
72383862.545731
371303917.313969
102302730.656873
308899515.001099
155435658.891610
512166414.544165
366332592.178400
232644077.259648
722409704.807538
203774534.815416
391716581.413469
530087890.731093
124925031.569153
320338190.815590
241331870.072703
485715915.391121
392616692.938277
200659380.204874
633521174.774635
318058283.419673
241675824.476784
584442137.705693
171941143.158295
317158986.824683
457030002.459422
274892641.211768
119841640.498412
68886316.194273
53482180.092117
275401286.640317
139494847.531175
251561751.262010
380625498.857097
232402688.998708
490297078.417243
248193780.801068
369550263.824527
185135442.455584
564776523.275035
365483937.627546
237065533.410941
708651733.497221
202568944.582405
420620435.549146
499606468.425907
167393741.220303
304555005.720553
162029368.548581
510419672.236529
439980696.243531
139131950.008534
524079548.213530
199373058.999007
257368265.799508
547175612.679875
91058655.079122
351278138.705460
186866341.727741
188496277.499694
52390201.693077
82647941.558163
126361727.536798
210632363.427904
63378719.403358
495479882.793913
501534119.153080
372145059.617643
499180385.583165
368449512.310392
417871435.628395
259632554.959535
674625127.098058
332722893.313066
265606309.246632
660095870.017313
234450655.205933
445797740.517809
455448937.174621
226084325.283175
281645319.873305
157784907.898907
540678057.911863
440388494.805012
218614873.401059
470063634.018390
145394070.068006
161482682.581473
498745681.854236
105700150.220655
125996388.285381
105698127.302861
223407639.494458
84079313.895817
121843085.179732
130407978.355738
127969612.910435
54939941.610584
674176711.975835
337588477.584339
398546294.276771
437046081.331505
383438458.274929
456140649.796241
274523008.066321
747366962.601408
274449172.484060
267542770.593066
598101719.400265
169799484.368749
398217753.967503
371401764.068496
309297482.168726
374519688.678334
79712830.537291
515302444.055114
325104212.488229
221105527.402780
278100392.008073
42488982.334538
211952525.297061
120131453.473644
79278819.671715
136964795.712944
57581785.743088
121721424.909124
168424632.423040
183861597.473342
210471493.009370
383598890.380189
326567746.600533
748746412.415641
110919165.085800
333216749.998338
303478658.629075
454181166.623868
441614249.023648
249583054.056837
712871207.614155
221576224.111469
348324186.451072
636072738.071612
124734146.525047
311526750.874578
349125853.298320
281050839.246796
303155109.732728
166368088.095665
428013257.087693
236334935.428810
292054427.680665
158092471.835540
151195092.852416
59022029.387221
171067020.099458
414719079.408969
77627827.126726
243208096.046122
230242896.440704
126041481.671429
330639360.124272
548396432.983945
514577231.428010
567827068.727388
670960951.297209
148253097.116122
334772339.843985
193063377.850627
649385485.361802
467925963.970607
194820916.128096
617560850.579321
235077112.674263
346405586.445194
514609644.116900
52516679.169617
299048637.163346
277186224.463299
297663499.739786
211615227.694760
106868168.368477
355970796.846595
112813598.052616
140393676.378634
158637522.587546
253745341.660163
108652655.911198
351900289.525263
219097378.587821
125385200.817936
408546782.083559
366653443.723424
250880409.611144
284610763.343422
813854561.543143
469737993.654363
600071348.023644
614607220.984388
181291324.892241
377564452.403321
264767758.099594
642781994.345431
358244082.792271
223073138.696840
636433516.081568
195282298.628100
367735539.543544
509158830.428435
33379238.783788
230289107.061546
230252476.314025
260950209.402216
140026985.211776
56346243.046635
107159806.646456
105839942.926343
64053019.694335
216212840.910083
535114356.091575
121446436.178064
172254526.780937
178063222.386794
157245349.910693
492906014.194372
347418916.615786
347499516.134163
159716982.193456
773800444.460344
298004190.760786
437962974.494665
448396056.200748
383781589.820399
469977684.726293
337362711.341309
662564766.224558
381307990.524390
229744700.465915
534047037.785067
107782232.005092
350422638.670358
456758214.082540
119822712.927013
178888512.604435
66886238.932147
152993838.960603
94153198.039251
157590453.302632
103754585.049600
386572106.000698
174807079.468351
453768944.181193
491476330.678295
173346071.824380
279241114.580921
350047675.703672
264431153.640260
514855744.275987
473713891.302526
374831518.992074
616098751.124008
858554294.594169
298702800.347866
373733582.796485
371066432.417677
464065210.933586
418593057.069050
273325667.952512
667022884.399360
332186506.971608
268659997.031296
507900943.842281
133548514.877989
288931332.517902
286070114.436591
143318394.145682
23006464.126547
44859684.404129
121472352.253413
77286489.226368
241371680.289216
75192303.117133
556587118.440567
153195222.288140
474417371.471990
393271828.703538
193211913.218331
548215730.804990
544976304.104873
389320389.884737
517971495.185764
701490597.941228
443202530.670105
613019900.007023
769170934.957799
101290821.974805
351931573.142235
325961243.928129
565492385.183353
446364239.155505
167100794.801863
563602202.000945
209260283.016565
254010995.571778
435655380.867274
52579555.258678
267986545.081083
123243289.600120
120463372.558662
119956958.511891
95634788.217509
276262049.751278
220814648.230063
348155081.434303
296221454.169668
588492661.797000
164398388.669430
109093731.925622
205077310.110304
225761946.418032
704848919.352303
609243146.396345
289003185.991666
116977830.147919
813972349.632130
526324747.799691
568198027.282912
756075062.428825
143410719.374262
314389024.460252
289707210.414269
554648098.817632
370405658.698162
176010529.539381
451916753.003929
128013649.890704
182560981.437028
351799174.783444
91709373.277799
54979634.409133
139349927.959846
277587774.628258
258183566.877733
239819680.004998
282411438.636171
454752501.634708
268425396.431946
582304671.669714
514247054.335237
181395837.855923
250124149.004266
358058714.189823
304827452.683907
676770377.779486
460134215.701751
345268657.524794
316986533.958949
822733029.507920
508720011.207089
438977100.090993
455730489.634148
375675922.715437
371607570.755082
261671320.916790
613658767.605014
283165947.989437
181874962.999138
308318343.728123
116652028.875367
157047460.033977
47343121.812634
174511803.381149
169757987.383283
225160049.043147
385682451.203295
7693020.511056
329853891.672983
247184763.444782
724625939.833697
314742091.795861
409021571.899857
428297813.451385
158729220.219945
458186176.094504
607460010.550029
373498757.311987
440466744.095909
531655971.762561
487428866.827590
456103244.691858
879201734.459229
310140073.586719
371703301.915461
350789012.704999
348968660.147565
374211572.519072
233831946.960217
473548487.451424
163382757.059368
257188426.974935
136960754.519726
175659366.185944
173514516.389101
34093430.254560
589653963.338758
326231617.516215
259089252.077212
510428316.495078
159114608.907386
333890629.440162
330910897.381632
605360532.806897
318401372.776874
144015805.136652
197541259.337961
323390412.115192
670106787.117048
436431919.970505
398824515.755585
200499810.268742
646279630.621429
565128751.192845
492617380.257513
741234108.094040
95426780.589210
282111472.764410
204489245.468609
442206487.022073
282714658.313215
144466423.091421
353326466.620940
112033959.740961
146490247.154599
155013054.096985
144084272.131920
396490079.369424
156340659.678370
615377510.006302
386387504.965957
404765336.316817
481556757.236501
374979290.972173
333465654.657064
489637928.209220
392530811.965825
180595719.090099
412246356.383457
471540826.145723
378345069.240558
816512143.113523
276523981.972507
430532873.612702
93884182.134656
713248131.444717
489259961.791968
486351297.877424
606983009.416665
60972147.831193
283772440.385991
188377032.798192
393594230.154440
164956442.644940
38769949.650498
45010823.943599
131145796.440135
76441967.571180
410677353.751071
265246104.179643
361530083.732149
275864003.891123
723557914.815505
352178289.334294
385531883.064155
416959246.548397
596942757.071261
305757343.045893
326970733.670246
228430841.435655
179084074.003739
638461801.181672
642114854.839233
357554707.547775
434309194.112717
387596364.712970
486248422.989556
208543897.767600
732489724.381892
410143013.379210
321284496.681940
414891214.281239
165332415.672363
172520283.605183
155879033.949860
247123591.814855
148267279.798042
128075657.301072
230007564.003759
353349082.261416
280030980.556286
283122563.541580
441824846.835977
421459823.122513
426519521.100653
775872040.111587
192390269.280210
338531587.072401
435315705.147333
578428589.386469
137143873.013024
141440053.611617
191687814.727039
342708526.053141
868853211.998896
360602556.785021
457674428.123097
436415915.115891
408119793.764584
466154027.654137
337527418.461015
617126785.103638
234337370.284979
280809334.010961
237273707.367962
286693132.724850
43086107.679115
51452366.311706
188561978.418096
142240311.092278
135839952.642301
507431509.022107
97247654.148135
378118671.062221
152442071.224233
671306514.497383
543307529.867284
494310487.179059
708536845.154262
262905797.391819
338977757.000091
384382840.451996
353223717.081049
163162766.446169
346737438.852607
672057122.076606
375485015.800814
715431970.152337
150479181.561961
439963193.311611
322177738.495285
538769349.671057
460602107.237686
292223983.599394
523687405.634541
88119186.494633
199056809.849248
87288526.462762
140991080.075012
172482140.749571
50443636.758173
458038758.443512
400163000.637711
343153037.895549
622086089.974003
56263946.766417
392856269.410963
131031475.779837
845157064.043015
656515120.001108
503873029.508433
484823378.239693
345758938.312270
87748714.670365
343644906.858222
148408582.234086
68801297.696101
803817728.168455
551468641.596150
480537143.620319
728577647.598741
50787805.043552
418000107.714217
306727048.669199
501714780.445314
301020476.259516
241315856.094120
366277134.178022
94630778.171530
67858026.923245
169058683.264191
178109243.031933
353218046.616368
117334372.523341
563233870.130086
428559979.816409
483108579.163276
608072693.452502
181192769.874484
397408281.678034
205412796.955617
804809631.655911
431076751.042258
454010319.167542
207685300.194879
219293325.862817
196537202.129249
163461624.724630
502724588.130612
191265139.239027
841303556.952900
491761796.271330
385796225.961278
579557764.781019
222730152.852427
414129135.382494
178085793.300736
429288552.090548
180824445.838852
103576567.576124
65239966.515682
129668521.828494
94352328.058968
409499684.914063
147254689.756779
394891010.612526
160289253.836380
697327861.540999
407360907.486261
462781254.471803
451457977.329726
391976400.936355
481241352.942197
443711046.017096
814213580.506179
237690568.037237
124800503.654568
353733970.756121
123908049.113152
495728862.468194
266324884.519124
502165758.337587
435075538.842457
836496608.013553
424625569.729718
387803494.545254
426101059.046768
359681867.834546
292448267.133769
207072975.256857
219073742.878309
173767786.251091
118714099.085173
216557932.589968
439379235.085763
250657568.805363
369371918.440454
329326177.026367
438441941.961792
402740324.104488
800960454.700688
292126246.266188
430857316.112290
386628072.831518
507703299.128207
440696401.692516
642369030.367683
483150422.759648
135086142.947197
245475824.750853
423255460.498016
289489582.261228
379137856.707875
524307740.774167
465690426.313440
352348898.077496
789591590.416413
203320682.826154
358461885.446719
288275381.143309
441592154.424905
53491606.109365
62776851.755178
200948979.305380
78606625.539381
192359132.495035
534499321.147062
268753617.871212
377199462.558994
306402624.072037
570441055.506587
547080890.653334
538195978.012048
785418329.956383
142732504.368760
393203468.673375
282736514.126037
848442067.466992
507799454.932103
236526380.993286
196112714.729062
157515003.088590
453986600.264647
247647109.318029
355285849.966227
223951653.569241
586044722.736724
450985160.615477
283241274.641238
629310211.802242
71611330.424973
332705303.088006
147466808.733835
84652500.613635
157625880.955497
94637806.795835
324728386.992907
365042740.896975
322118223.020858
659335972.391192
163455025.300742
434888895.122187
149887678.220422
717392942.601615
566865279.686141
615775484.549475
800224629.526779
49947115.600109
371211087.490354
417879269.694868
569263305.125443
286331627.037158
303354222.208257
333718151.025073
373898423.386722
687324636.717707
217087720.224910
355416602.574223
179991342.947107
602826998.631041
377106033.377000
246064157.518167
325261126.078895
156255062.012909
31731576.884095
150761429.805987
168841840.081033
321531399.628531
124262231.638249
548875053.191511
504620708.361903
460439197.114727
680377354.214628
59678302.566941
479006086.545013
177832335.745274
856898724.837809
601581324.386310
510622688.058607
606790593.729278
417181299.408227
382308666.121562
432808778.355726
288217456.936219
137377367.762888
518398209.790616
620088170.056292
371970715.625168
404273312.142956
350251018.558941
350096500.062973
151251914.025057
541318155.624433
229769767.861152
87483694.507460
77226847.790679
102250908.015656
26862338.213421
519391164.225708
182169119.299810
330050024.860677
58333978.835111
686365661.356469
539903481.217378
551122299.700677
695345180.144687
251476182.104506
443248518.814574
394096508.565166
883360166.317795
550248155.414081
433886929.129091
413999247.897647
547395346.256795
253044785.532757
140074377.879836
93560395.528153
311908790.182499
815730878.277264
297429576.152410
331574575.648182
278361322.379213
375818137.071926
249001746.512595
282731025.746342
212569212.952119
200811124.432390
135762157.055928
93389906.767884
404661834.866377
243041599.146968
433149026.205329
199534729.256321
396905021.206190
166804894.302571
759444076.492098
482063230.892437
521980705.298067
483398990.236900
471665080.196314
536703714.020218
479540808.631864
877014831.501637
215946243.301388
427392924.883285
367558315.364101
299939989.988143
119695052.699396
196039639.876674
559792256.405348
421905070.175141
737775930.205415
70918742.973819
308365052.192207
212571824.205900
516073893.690095
33783895.603209
57253750.505774
152550736.580484
27515905.376056
130651774.675607
476822741.496029
381587923.549156
373905626.000812
414348498.549191
350619546.601577
449956341.903234
422843538.150502
848559678.604651
349388320.945504
443080386.860792
275257997.120231
685201368.038638
669202637.839339
560564644.623181
811441964.068604
183610509.221612
161971385.596360
326256393.582207
72329777.079059
195742475.072743
532593990.168241
532609447.119208
435674142.301181
597272491.954638
69879385.619872
247615959.262017
245213856.710663
114670630.957077
101528087.945142
173686954.718714
123912020.443476
271065851.412888
240210951.147529
603479407.185235
326355988.111564
464078956.553670
340948356.197313
547512072.843171
561310877.659927
611866692.541978
856745292.829430
162138755.027021
447835209.751715
105815754.228895
766815987.182021
636081052.936819
650912306.733505
358516797.361273
194270063.107048
123660979.040983
337780838.150690
323634293.011671
80678896.603088
607333089.579021
262919490.545937
319527594.698742
373125405.371431
201125784.876387
58795743.125403
144304813.450057
203204316.726246
246386260.279336
251654967.593321
322553372.116388
393800400.722366
402532717.574729
743371433.671170
273319588.195877
464290793.129134
189938836.575459
723663617.082410
639019129.833770
643750456.042743
738066608.418628
129796831.454351
447109086.476658
212781040.176276
880519812.637406
433758488.143808
229255767.000410
65365258.004288
92502183.036728
307627322.101890
353665216.022679
396385458.035457
216634438.204313
554630059.163223
259629868.838114
76753173.431531
98275805.783271
91648473.754234
29899205.266707
539910474.323683
272439251.408188
347807923.764788
203228003.441717
506133751.987638
492567401.906209
539121964.625383
760990323.373614
168790242.950235
425937469.384939
117656176.625736
826401124.384653
592648164.070668
589231190.991226
642903606.798379
280616851.111756
483964109.880322
549309379.398093
620062275.012402
212602654.282070
223331500.526598
233957190.721729
260023622.912359
380512295.960983
389696307.103878
200071524.378274
334994209.539197
250189890.363703
233046350.115594
150195355.302302
69539766.519781
415801418.563592
175199898.579735
582346078.076821
241943342.792586
373677282.517874
83897114.412041
660290686.088723
539519980.850570
593437620.256810
657251368.886308
253950077.098590
453868185.828734
398169369.658583
882870311.564192
513126367.554463
487925031.437418
602427309.190065
540684356.898735
490664391.462867
384769160.440649
273819886.312627
190422496.163279
376208528.650903
293035294.227644
283949993.722679
148819609.200411
497252602.281927
67030093.926128
106261627.987197
93471768.730262
30438743.021366
239610502.180052
312817816.296042
404906086.817011
378298062.995780
555860860.503003
214926151.588607
357568339.682349
157345956.965872
813545399.756976
565202107.542153
556453063.266675
554006927.930413
465252412.738831
532867000.346134
529419741.431010
871540268.660175
387108199.431795
405387900.021642
478756905.790609
505660567.927778
260502858.015480
46025896.717050
69487088.170523
281652263.234321
561987602.165275
102446775.119045
350519810.634407
113847107.742076
144821340.613323
73540033.938811
211507315.462994
271585267.455920
227664385.385305
123748506.759481
515070041.887642
391729503.756225
506960408.207120
540169140.913163
271360089.749953
389129775.761916
387183060.872107
862268025.240571
488793241.538243
476488780.358865
376222741.720413
636192086.949564
626114203.926451
513803365.689418
846819270.823926
124662524.788355
415377980.499951
519220775.125159
250377459.120115
76669812.174233
288126252.255205
467721934.415149
215456378.940111
464263804.601077
147579971.463931
94732449.949520
171137100.230715
145880966.917933
193502995.266815
358307490.633944
68282877.755716
324350847.909995
188195528.569922
633110355.759420
427323783.150729
510868402.240329
440250433.953556
457688819.023125
494923270.895639
536131516.130102
861216503.125430
271561212.338910
428302948.294463
209897690.819235
823188936.982272
745693225.369031
520464961.455940
721039684.690878
356936431.323447
228525833.203165
383719992.556899
161940574.012722
105533449.278857
421124890.003643
444897536.330416
110875726.948285
108856882.812960
112426567.333194
35135340.022817
476168015.610092
332058298.816640
305970632.958064
384323848.614598
242714061.395418
347895500.367265
367157895.208597
746963404.813385
409061826.335697
457278121.497204
259976570.471565
631562674.389615
591961417.204354
635708517.968116
861967825.904266
67644903.345092
466851004.712592
118609421.515737
825822637.846426
566216439.721803
571017883.996915
467784282.048155
243602711.308617
56701749.817955
292068081.230351
97243791.819022
223310511.953167
230251106.840067
208366938.946118
144550627.061265
148980807.520665
299818320.155261
117455852.679314
549996356.733741
373142710.199419
426937586.054913
343760176.201021
381820245.909088
429094532.987887
514321110.053685
783252513.590548
238871592.200635
433560272.793276
50666811.840080
781550609.168622
647899399.877280
595701704.840384
655021106.017411
293512156.331871
552552947.997632
255446297.094535
857050576.725150
287389253.561123
226462562.194461
199261185.567328
126822444.021404
104185023.084271
331894780.113141
91104835.771501
37695882.172639
39099129.683145
53894424.617020
336594619.589842
144188225.179101
349225218.689827
240437444.095387
618734657.295569
330363720.456703
384791196.462030
187795035.109090
575241979.204536
534164883.330880
597755522.839221
729603856.435684
202042167.876793
394152002.484658
214497008.044628
868873355.569378
560408957.755266
533070459.921104
560780268.439375
414345752.858453
551623250.249619
433655702.085375
605311765.378763
123839901.876348
114200272.604981
106028179.498605
131536285.667899
118813124.972414
96664852.768914
98188429.777589
207740194.555708
413414448.326517
191551336.326331
226585323.396413
316200621.773491
383170295.481849
441117920.042843
675750742.264271
250550474.980077
344526909.582835
36618378.447634
723149584.160942
534896011.391770
576701456.779180
568270193.211979
350851816.960150
464928685.539234
425040376.806733
881510374.022179
382533650.653319
450887721.881960
467661571.683090
509760901.545160
413491412.378762
318734891.769224
407869319.549093
111096104.220010
287765464.272289
32443857.507680
163011327.721072
157411329.597963
59567825.421561
116923336.933663
415090859.418741
220089445.667185
285645240.782387
164125888.348016
493705068.684365
433194293.350979
524305358.338891
609831975.551664
226352480.668598
340523653.385490
285041681.788497
825125747.982744
498302380.171770
490653164.438223
455789275.394686
528425892.303032
556862136.176301
496557917.898470
835254559.856582
180850285.471857
431094214.699615
407003500.063020
501367028.489501
219223908.299795
105842504.146705
400143905.008643
176559271.190587
86231399.950061
93314511.251280
54964377.046994
239312697.098707
285718455.872788
254915795.945335
467226058.465669
176167363.648711
301403876.363161
99022052.151915
636428022.417735
464827897.180318
515235635.885202
507706419.845443
349845862.738229
400795538.710701
461110731.399106
827829001.176867
374627948.853208
415863236.737684
270022409.790058
685476075.219629
577033263.770509
481172379.217060
833983729.997939
56809618.534543
402658927.506160
431676563.935781
351029618.749640
89888918.294203
126992702.088015
81052035.204109
93449730.149838
131953634.841669
117199208.751545
48171582.265898
430663166.245738
343913123.505083
398490196.168489
484337955.736302
187669941.842071
286390838.416063
284940037.394608
711489712.016538
464359876.576523
446275632.044678
354728330.672770
504395159.430041
491137162.576248
528552518.454006
790193446.567774
141638802.401187
446682523.644303
105679405.840714
743961624.463739
543528135.238014
440455204.323817
642490828.036266
238314979.919533
226697317.332895
181978324.817382
148530682.964613
141036160.609059
15898655.370173
70537948.663207
311162410.878574
103369999.941837
226235653.198272
114690277.135570
518730971.530767
377157296.176418
423360247.228741
400835947.557555
307586815.594520
337914598.213301
420910856.877189
722540513.353486
360759081.099038
377271307.407422
133479529.875388
675731338.739978
574754425.900160
541427586.392382
723595814.306141
208829126.447817
433495208.038568
148454604.904078
765679923.428138
396909618.401470
415190059.469597
318455839.152524
289241954.947958
37723361.574423
7165836.061249
105657177.398246
135682760.390199
282062885.009846
120025111.811603
253677403.736761
135033712.632472
251303860.718957
254065228.588449
613434245.054329
397909612.808120
361780293.850106
240857336.425842
440228996.603673
417258629.632620
509549863.835765
706450452.170225
213912275.538161
367663152.189118
60936085.028782
732274009.590701
493120835.514862
529355234.768275
516219171.438515
356429183.120292
418936608.295769
177216799.786447
722626582.361184
135864750.556843
278927421.499883
125653952.874957
128058213.266542
80323097.561950
79861980.560824
87813257.374985
321213473.609549
261993748.042360
239182398.938897
248847728.736111
260055515.779752
300926361.115132
380841534.763159
627956072.067347
297039103.434308
310452964.740154
87806170.243079
578772722.077298
493110945.833365
494716553.714601
550273761.419920
265502609.706606
386370720.401952
259622531.654175
794005540.926996
320440981.639092
426537510.948476
398448823.957448
404289453.760684
366584011.539919
262774601.332458
532271864.300059
133971778.454382
55890145.134917
50769872.194127
82518551.732333
78513907.908770
132931312.668455
143930331.228743
399400596.003259
248909658.852744
240995161.168409
142561986.199763
412335547.648418
380992415.901609
452268988.995155
578002290.627969
202228208.361305
266500319.866224
148931403.243380
666768638.670150
445101466.962343
445547696.084711
404019396.895004
414196617.300633
438778473.837277
398988578.509692
730357093.104861
159601253.823484
331672557.173992
301980492.434833
428328636.105730
233497424.217635
167472135.747606
53203278.920311
62131936.644223
69639496.699559
67696967.214293
62460075.306849
217648115.639343
202929378.429016
257840490.791216
431406970.845498
202952307.004498
216911274.464539
75857452.916056
522814781.325997
412720506.642489
422426599.457411
428572200.311644
235872508.303544
284236197.800915
308154581.325620
678844316.109053
346451906.988611
353762573.654805
248406478.346060
530361114.373992
404941692.059501
368818097.827670
591581054.883222
133066427.217144
281865231.755950
49122442.326081
263156510.135354
148556384.225419
13732778.665617
33541916.550265
111947616.887862
58317129.258780
98575000.680275
90891977.598356
348789306.740907
278330675.086773
294640444.528589
361090635.287877
181265143.774435
195980998.294832
200665995.386716
577173329.826246
406659182.948652
327297822.431954
284953308.833422
358109053.153174
341338497.687073
365549207.908036
578484738.370436
253696558.409081
319978418.445059
57299305.621406
575526151.382711
312453573.761122
315556300.858667
452390196.889443
222056602.842363
29147596.313559
36972217.837892
26960794.578334
21593302.769119
54872861.960571
62916450.847326
129118727.974829
53978841.225316
129055511.745864
142563669.660120
419381903.487837
291184556.357246
258633301.434519
237332387.526061
239279559.879297
210192665.806814
311287284.826914
538461615.803647
357290805.523948
242675406.730384
77494738.639166
486169814.369646
357797441.139430
359781622.345919
475118726.630142
296005944.052468
263422446.409383
106889768.321189
572367727.170930
216558427.381250
262669039.183197
119314858.700174
161350622.980694
26997434.788794
23558514.999708
21887476.533549
61207336.894512
75684207.656773
93932132.075239
105329943.880420
148376214.756067
151009349.304637
227878757.601603
414947708.707225
245122029.385282
223704661.373371
100710634.331952
324006304.450617
221273216.798564
348011307.553587
454184457.089281
178465131.781546
233816696.009195
113379043.704168
500462727.909644
229950814.653027
324556991.013830
329538955.051560
277472383.893117
186490139.223885
124018636.713888
509594586.643242
177522114.642798
75259330.391696
8562009.666895
6743242.360418
37226498.530913
28531905.892825
45597952.859536
91299479.005952
52678240.883179
120565344.920001
57346001.932237
228184438.493638
166019492.964918
227703986.461962
314591014.294500
164413889.414662
143657183.617829
144620538.050613
375785160.133011
252482148.424501
279852329.966328
262987032.357717
166539602.430066
158905670.052744
230538654.799118
403468544.699940
182394330.140113
220039062.085063
144249262.223117
257342885.994970
191438420.479134
175639412.978518
60377147.150515
16814421.862652
6221185.297485
14465784.224396
12462086.055084
45734513.947341
48489022.633346
76405377.829988
115935288.269788
53626608.796892
138902524.125100
97765228.378252
304277741.424471
132728395.395780
305930741.955170
336988020.741546
87155133.960449
114303965.923059
206833249.605933
446212881.964019
163100454.102999
366958420.478704
202051140.054985
230651753.407945
125343444.661996
311866408.463977
427897008.090323
132223875.809410
238035506.877624
136254846.480045
231634835.401958
183017515.819784
18884227.583775
13371494.347485
9684941.120277
9486994.341878
29145287.993190
46108801.027985
64528134.331303
70974751.717391
117004052.543607
79429042.660228
165851609.270741
179511405.762119
170654074.072862
267390717.463939
231480062.484980
243310754.584710
198256358.662461
246239789.273670
228272683.233671
274569480.996531
342795162.247919
295662694.511449
277559251.672191
202173717.081901
324187257.057711
294023615.550744
296963580.486638
278887343.972538
320919160.437671
106140371.932135
58471660.248180
6466105.247221
14306253.333320
11378532.693200
15610568.677467
18002570.882747
16543897.247140
37035434.287755
47199039.307186
45041686.987979
47934793.260427
110342893.549162
19674358.273304
141420548.394813
79095108.547726
108087373.111665
102884359.001477
86644974.318086
144870193.948620
40625275.528909
205403928.530585
78450604.345756
160375347.142843
75011122.195293
175441058.695564
124491343.098105
69395329.094834
189814769.980071
115588179.143908
114517774.759382
99130446.746890
114663309.098607

SCALARS equiv_plastic_strain float 1
LOOKUP_TABLE default
0.001112
0.000013
0.000000
0.000014
0.000000
0.000000
0.000000
0.000000
0.000000
0.000000
0.000000
0.000000
0.000000
0.000000
0.000000
0.000000
0.000053
0.003087
0.026429
0.013416
0.251747
4.834354
1.968755
3.986031
2.304123
2.312686
0.620403
1.009468
1.131409
1.158823
0.391729
0.000600
0.000915
0.003622
0.001449
0.000000
0.000000
0.000892
0.000104
0.000000
0.000000
0.000000
0.000000
0.000000
0.000000
0.000000
0.000008
0.000841
0.000037
0.024245
0.054594
0.371281
2.154123
0.482955
0.435685
0.401569
0.414821
0.434905
0.503874
0.412763
0.339708
0.224604
0.000004
0.001880
0.000019
0.000000
0.000719
0.002284
0.000000
0.000000
0.000000
0.000001
0.000000
0.000000
0.000000
0.000000
0.000000
0.000004
0.000585
0.003744
0.052626
0.088559
0.463042
1.979102
1.424206
0.466770
0.371980
0.408218
0.382446
0.363287
0.285403
0.229861
0.217241
0.000001
0.000346
0.001062
0.003459
0.000567
0.000253
0.000026
0.002832
0.000002
0.000000
0.000000
0.000182
0.000000
0.000000
0.000001
0.000068
0.001588
0.012403
0.047842
0.101735
0.613336
2.100738
0.823348
0.383044
0.410515
0.345398
0.287084
0.215957
0.112989
0.113194
0.101003
0.000000
0.000020
0.000000
0.002410
0.000000
0.004547
0.002534
0.006115
0.000000
0.000316
0.000047
0.000018
0.000000
0.001632
0.000000
0.000657
0.000021
0.013119
0.071345
0.216041
0.660407
4.906492
1.730470
0.497949
0.390593
0.307655
0.277260
0.223834
0.134717
0.129714
0.074703
0.000000
0.001334
0.000449
0.003944
0.000031
0.005256
0.000000
0.002934
0.002882
0.012289
0.000000
0.001588
0.001057
0.004293
0.000693
0.005484
0.008884
0.023811
0.097705
0.219702
0.642548
1.988049
3.161784
0.660634
0.347187
0.313310
0.166965
0.136058
0.106097
0.073835
0.037855
0.000000
0.003725
0.000000
0.005575
0.002911
0.000925
0.000006
0.009588
0.000420
0.002745
0.000482
0.016993
0.000000
0.013303
0.003033
0.008221
0.010534
0.035719
0.121402
0.285206
0.599828
1.801485
2.628418
0.970809
0.413476
0.292202
0.170136
0.121390
0.113194
0.062852
0.014252
0.000000
0.000000
0.000000
0.003732
0.000001
0.011887
0.003150
0.005930
0.000000
0.010389
0.003411
0.004568
0.000000
0.017950
0.000323
0.026886
0.013447
0.022354
0.054725
0.285577
0.507827
5.616289
2.425451
2.168749
0.584363
0.281725
0.195991
0.167500
0.098123
0.050070
0.015491
0.000000
0.000000
0.004022
0.000000
0.002143
0.003871
0.000000
0.015272
0.003111
0.009872
0.000001
0.009235
0.006028
0.006734
0.003700
0.019815
0.015054
0.088729
0.115399
0.199266
0.558891
1.764662
2.470128
1.772440
1.154883
0.366904
0.250271
0.186168
0.136880
0.060231
0.028626
0.000000
0.000015
0.000000
0.000000
0.001618
0.001340
0.002075
0.006038
0.000000
0.012846
0.005344
0.009536
0.000753
0.007281
0.025568
0.027044
0.033333
0.070950
0.238758
0.326771
0.574825
2.443237
2.506144
3.295104
3.003526
0.645907
0.361220
0.228542
0.142308
0.083765
0.036711
0.000161
0.000000
0.000108
0.009226
0.000000
0.006050
0.003125
0.000240
0.002310
0.009371
0.000000
0.014825
0.013641
0.012948
0.012999
0.006053
0.052747
0.033877
0.082386
0.347898
0.470815
2.827052
2.258126
2.326998
1.760890
0.978604
0.513796
0.265988
0.181750
0.128231
0.075729
0.000747
0.000000
0.002047
0.000000
0.000000
0.010284
0.000002
0.013000
0.005406
0.000124
0.006441
0.010605
0.008222
0.014661
0.007921
0.047708
0.014065
0.052592
0.204425
0.445730
0.993606
1.066090
1.210811
2.699381
2.403003
2.881904
1.806906
0.385616
0.281082
0.184692
0.113465
0.000000
0.000000
0.001421
0.001723
0.007810
0.000000
0.000000
0.007854
0.000110
0.015723
0.007050
0.008904
0.015973
0.017575
0.002332
0.031346
0.036610
0.065322
0.125755
0.273642
0.997526
1.729616
1.427321
1.298401
2.170637
2.501939
0.962913
0.684152
0.450264
0.239004
0.145865
0.000009
0.001015
0.000032
0.000000
0.000000
0.003047
0.008820
0.000000
0.002888
0.004894
0.003007
0.016243
0.018507
0.015922
0.028259
0.034427
0.034252
0.094175
0.108175
0.402033
2.085508
0.936003
0.612918
0.743573
2.107399
2.831301
2.375144
1.768040
0.811853
0.286464
0.226932
0.000006
0.000160
0.000000
0.003926
0.002417
0.006749
0.000000
0.000000
0.012348
0.005690
0.010029
0.006231
0.007621
0.011804
0.037488
0.028090
0.010959
0.095371
0.244943
0.333382
0.729352
1.820998
1.017927
0.412458
0.859449
2.176856
2.577961
1.967110
0.775880
0.411394
0.351953
0.000164
0.000000
0.009627
0.006580
0.000000
0.008061
0.005587
0.011409
0.000000
0.000001
0.011223
0.009356
0.021111
0.015296
0.027290
0.034177
0.110956
0.078839
0.100103
0.394931
1.038812
1.710143
0.619278
0.341626
0.500934
0.859306
1.769879
2.480000
2.332989
0.769920
0.476966
0.000340
0.000001
0.002565
0.000000
0.011142
0.009513
0.001431
0.004068
0.003272
0.015174
0.000224
0.009215
0.010073
0.007898
0.021830
0.019784
0.061063
0.044304
0.244927
0.428012
0.791744
1.817618
1.126892
0.964871
0.505560
0.480914
1.549107
2.189937
1.561293
1.309613
0.624813
0.000001
0.000000
0.000381
0.004065
0.006089
0.000000
0.006585
0.008593
0.008856
0.000859
0.005230
0.023846
0.006896
0.021890
0.012612
0.031646
0.076669
0.068636
0.165851
0.200009
0.812640
1.851330
1.628570
0.632679
1.195561
0.669617
0.404555
0.984263
1.184224
2.082458
0.725002
0.000531
0.000000
0.007031
0.000023
0.000554
0.011882
0.009130
0.000062
0.009911
0.008299
0.010068
0.003145
0.005814
0.033398
0.014607
0.045865
0.048016
0.130012
0.101627
0.288000
0.431955
1.573680
1.385177
1.233218
1.002523
0.203823
0.324583
0.946016
1.703776
1.755639
0.822514
0.000039
0.000001
0.000079
0.000161
0.010848
0.001394
0.000002
0.014299
0.011105
0.012971
0.011992
0.008881
0.031304
0.007568
0.012710
0.047898
0.015306
0.062817
0.069628
0.285669
0.319678
0.899271
1.533225
1.400527
1.627631
0.713346
1.026402
0.238212
1.113788
1.873104
1.158481
0.000002
0.000000
0.005905
0.003106
0.001030
0.005024
0.012561
0.004529
0.000224
0.010021
0.014708
0.012073
0.007994
0.010399
0.051587
0.025823
0.075851
0.110967
0.088965
0.195012
0.726211
0.622621
0.727963
1.173978
1.155990
1.115434
0.495539
0.568639
0.439281
0.942316
1.457667
0.000034
0.000001
0.001982
0.000000
0.003542
0.008409
0.001684
0.001670
0.016617
0.007538
0.003589
0.015251
0.019577
0.020174
0.028312
0.013085
0.042822
0.028760
0.076975
0.162010
0.188696
0.303166
0.549467
0.893223
1.240007
1.322638
0.751794
0.788371
0.383654
0.589867
1.034686
0.000002
0.000000
0.000000
0.007068
0.002999
0.000001
0.004843
0.012679
0.003099
0.000056
0.016453
0.008290
0.022546
0.013203
0.040995
0.036999
0.097541
0.082228
0.104542
0.131467
0.330226
0.227001
0.448689
0.378582
0.866916
1.087349
0.875621
0.851119
0.547371
0.384089
0.719614
0.000020
0.000000
0.003588
0.001400
0.000000
0.011787
0.005395
0.005220
0.009508
0.013717
0.005377
0.000930
0.017775
0.010671
0.026262
0.000125
0.059089
0.025169
0.119479
0.081384
0.120660
0.218111
0.353303
0.461076
0.833957
0.467497
0.988301
0.949088
1.361342
0.694319
0.820160
0.000101
0.000000
0.000238
0.000622
0.004760
0.001659
0.000000
0.011272
0.008438
0.002605
0.007211
0.021127
0.008200
0.019485
0.035881
0.017531
0.064862
0.033887
0.075845
0.102331
0.164653
0.163463
0.226577
0.298719
0.215870
0.546411
1.051768
0.908212
0.555506
0.935655
0.753147
0.000002
0.000000
0.000812
0.001789
0.001990
0.000240
0.010093
0.002620
0.000001
0.006113
0.012022
0.002277
0.000390
0.017652
0.017296
0.024226
0.029882
0.044419
0.073484
0.065691
0.052748
0.109128
0.198539
0.190832
0.283302
0.327875
0.270174
0.736315
0.823331
0.972749
0.803709
0.000002
0.000001
0.001622
0.000000
0.001427
0.004374
0.003712
0.000000
0.015690
0.002926
0.003814
0.012980
0.016045
0.005189
0.008686
0.025116
0.026601
0.034345
0.027230
0.065529
0.083528
0.071014
0.057365
0.152272
0.185335
0.238770
0.439165
0.287308
0.903198
0.927064
0.690699
0.000004
0.000001
0.000000
0.004548
0.001897
0.000001
0.004280
0.009403
0.005915
0.000000
0.013724
0.006549
0.004578
0.007245
0.026624
0.016280
0.032593
0.033201
0.052396
0.045939
0.056205
0.054309
0.054056
0.124229
0.115824
0.187470
0.210256
0.224147
0.491277
0.733064
0.775080
0.000020
0.000000
0.002194
0.000374
0.000000
0.007056
0.005360
0.000970
0.003484
0.012972
0.006794
0.000002
0.016524
0.015471
0.003717
0.006715
0.022309
0.022728
0.029509
0.040256
0.062400
0.048671
0.061514
0.049626
0.138786
0.077416
0.163253
0.276865
0.235726
0.524893
0.724563
0.000059
0.000000
0.001407
0.000204
0.003042
0.002324
0.000000
0.009430
0.008906
0.004651
0.005135
0.016717
0.008208
0.003140
0.024778
0.024986
0.019574
0.041678
0.028936
0.052429
0.040408
0.037007
0.040218
0.060647
0.032121
0.073996
0.182340
0.131596
0.202427
0.380191
0.579738
0.000002
0.000004
0.000028
0.001143
0.002264
0.000000
0.010027
0.005302
0.000033
0.008031
0.010000
0.008112
0.005662
0.016580
0.010324
0.003863
0.016945
0.026299
0.049995
0.047364
0.007773
0.061419
0.030961
0.017183
0.042558
0.100897
0.071703
0.180886
0.184663
0.336288
0.417000
0.000004
0.000000
0.000161
0.000002
0.002885
0.003104
0.004263
0.000001
0.012761
0.009047
0.003346
0.009051
0.016495
0.013002
0.004999
0.018263
0.029765
0.009635
0.025494
0.052113
0.050012
0.009945
0.034511
0.064704
0.038129
0.015387
0.089225
0.087747
0.153478
0.264235
0.257646
0.000042
0.000146
0.000004
0.004610
0.002629
0.000728
0.003336
0.007234
0.005892
0.000051
0.015712
0.010039
0.005707
0.012034
0.022567
0.017176
0.011678
0.021927
0.027442
0.020250
0.036622
0.072947
0.045412
0.028396
0.016407
0.068915
0.047646
0.048141
0.148577
0.187336
0.196155
0.000084
0.000000
0.000011
0.000585
0.000000
0.003187
0.006922
0.003283
0.000003
0.010190
0.007161
0.004020
0.014306
0.012233
0.008772
0.006002
0.025163
0.018040
0.028759
0.025146
0.044153
0.039676
0.022624
0.025973
0.045968
0.027866
0.039165
0.117982
0.064977
0.153325
0.176161
0.000003
0.000000
0.001824
0.000705
0.006498
0.003080
0.000000
0.004440
0.008646
0.006433
0.001353
0.014687
0.009372
0.009184
0.018297
0.019177
0.019192
0.006432
0.029720
0.027055
0.022983
0.012973
0.071133
0.038623
0.014917
0.024021
0.043226
0.062648
0.064815
0.101809
0.126041
0.000004
0.002843
0.000002
0.000035
0.001650
0.000790
0.009052
0.008351
0.000212
0.004011
0.008542
0.009322
0.003566
0.013104
0.011829
0.009263
0.011305
0.016919
0.021403
0.014783
0.015640
0.033431
0.029565
0.009672
0.053237
0.046038
0.022376
0.045160
0.074146
0.077841
0.085753
0.000003
0.000000
0.000000
0.006087
0.004365
0.001327
0.002154
0.000016
0.008730
0.011297
0.002945
0.001358
0.011534
0.011056
0.007560
0.013699
0.019077
0.014364
0.013423
0.022637
0.028956
0.011350
0.016253
0.079259
0.038969
0.008434
0.024161
0.037471
0.037426
0.083342
0.061131
0.000003
0.000000
0.007067
0.000202
0.007762
0.003934
0.002062
0.007463
0.005493
0.000095
0.007017
0.010468
0.007856
0.001561
0.015279
0.012476
0.020740
0.004542
0.028248
0.040997
0.013863
0.065374
0.039275
0.010816
0.002210
0.063747
0.035517
0.019299
0.055600
0.052270
0.036785
0.000001
0.001740
0.000000
0.000000
0.005645
0.009063
0.012243
0.005013
0.001162
0.014142
0.007592
0.002189
0.008085
0.015763
0.012819
0.002202
0.021811
0.016933
0.009728
0.010211
0.029154
0.030317
0.028811
0.030096
0.051557
0.015043
0.002950
0.036659
0.025000
0.021727
0.042188
0.000001
0.000000
0.000000
0.006758
0.000000
0.004074
0.007007
0.005209
0.014737
0.004123
0.005007
0.012756
0.011049
0.005570
0.008914
0.027057
0.015690
0.026194
0.013896
0.037613
0.015956
0.003860
0.037260
0.036647
0.009802
0.000000
0.057509
0.020320
0.007485
0.037718
0.037476
0.000009
0.000000
0.000859
0.000000
0.000000
0.013165
0.000269
0.009881
0.009823
0.002875
0.020094
0.005082
0.011406
0.012296
0.012157
0.010351
0.004207
0.032573
0.020246
0.037670
0.001184
0.042303
0.020964
0.001633
0.058517
0.050231
0.010700
0.000016
0.038902
0.028957
0.011339
0.000000
0.000000
0.000000
0.000001
0.004255
0.000000
0.001907
0.007404
0.002511
0.011613
0.004787
0.000000
0.019353
0.008648
0.018995
0.022275
0.022741
0.016343
0.005019
0.038095
0.034324
0.030777
0.000182
0.031754
0.027792
0.002568
0.033723
0.034757
0.031824
0.002667
0.007731
0.000000
0.000000
0.003885
0.000007
0.005004
0.005431
0.017988
0.000000
0.007003
0.009185
0.003775
0.013502
0.006175
0.000744
0.015771
0.012247
0.006109
0.003842
0.023028
0.021320
0.022317
0.018327
0.045197
0.015047
0.002091
0.041203
0.034894
0.017361
0.001294
0.019294
0.012595
0.000017
0.002886
0.000000
0.000000
0.003656
0.002306
0.002323
0.000000
0.015437
0.001079
0.007767
0.005864
0.001810
0.015154
0.007704
0.004422
0.015841
0.018085
0.014560
0.005485
0.028647
0.025650
0.014207
0.000005
0.035848
0.012722
0.000132
0.040346
0.017468
0.035450
0.019650
0.000000
0.000000
0.000001
0.002518
0.000001
0.004809
0.012086
0.011310
0.000000
0.005288
0.012554
0.000826
0.007526
0.007001
0.000000
0.010348
0.011032
0.000021
0.004751
0.028317
0.021130
0.010728
0.016913
0.037130
0.009411
0.010166
0.044003
0.016449
0.001757
0.037772
0.030383
0.000000
0.000000
0.002857
0.000000
0.000002
0.000000
0.003221
0.013676
0.000083
0.016039
0.010560
0.005189
0.007295
0.009206
0.006702
0.008615
0.001175
0.020955
0.017005
0.003151
0.005053
0.037292
0.028133
0.018341
0.000000
0.046749
0.005043
0.000189
0.042385
0.021642
0.002536
0.000002
0.000000
0.000802
0.000000
0.006258
0.000000
0.001657
0.012207
0.018052
0.003546
0.001629
0.021383
0.012394
0.006750
0.008059
0.003321
0.009916
0.011880
0.016259
0.025239
0.032499
0.007923
0.001765
0.031877
0.032888
0.001009
0.013389
0.053468
0.027523
0.000025
0.000593
0.000000
0.000000
0.000000
0.000056
0.000594
0.000000
0.012661
0.000000
0.016045
0.015220
0.013378
0.006102
0.000001
0.022477
0.004871
0.009096
0.010945
0.000000
0.013361
0.018847
0.010109
0.002894
0.034633
0.018956
0.010354
0.018237
0.037831
0.000017
0.000236
0.036998
0.024300
0.000000
0.000000
0.000000
0.002902
0.000000
0.004097
0.000000
0.000000
0.007341
0.005906
0.012944
0.000000
0.015869
0.005659
0.000010
0.009868
0.007259
0.014465
0.010685
0.000431
0.025302
0.032373
0.000021
0.001574
0.029442
0.017287
0.003978
0.018359
0.039483
0.018392
0.001338
0.000000
0.000000
0.000000
0.000000
0.000265
0.001311
0.000316
0.011769
0.000072
0.013297
0.018588
0.022161
0.009613
0.000541
0.026002
0.004903
0.004551
0.006979
0.001836
0.012657
0.015852
0.007402
0.014778
0.028562
0.002622
0.003395
0.026196
0.026038
0.003278
0.001998
0.009755
0.000000
0.000000
0.000000
0.000240
0.000072
0.000000
0.003164
0.000013
0.000000
0.017341
0.000000
0.018525
0.017768
0.015113
0.000358
0.000000
0.015626
0.008190
0.009300
0.007901
0.000000
0.017517
0.025279
0.000000
0.000000
0.041292
0.005212
0.000054
0.023706
0.031714
0.008861
0.000002
0.000000
0.000000
0.000000
0.000000
0.000971
0.003763
0.000023
0.007816
0.000000
0.003212
0.014126
0.010013
0.014681
0.000132
0.013616
0.000000
0.000000
0.004769
0.007204
0.012331
0.008457
0.000472
0.025426
0.027022
0.000000
0.000004
0.027532
0.010526
0.000017
0.001981
0.000000
0.000000
0.000000
0.000000
0.003529
0.000001
0.000000
0.003155
0.000023
0.003435
0.019187
0.000012
0.011597
0.026423
0.021347
0.009657
0.000000
0.019448
0.000032
0.002817
0.005520
0.003707
0.024120
0.010994
0.008039
0.019731
0.041178
0.000000
0.000006
0.016981
0.019671
0.000000
0.000000
0.000775
0.000000
0.000000
0.000000
0.006435
0.001664
0.002133
0.008962
0.000000
0.005456
0.018454
0.000000
0.018443
0.022556
0.010320
0.000000
0.000000
0.011607
0.005335
0.008626
0.005973
0.000000
0.031338
0.015586
0.010156
0.000000
0.027181
0.008895
0.000000
0.000000
0.000000
0.000000
0.000000
0.000049
0.000000
0.000000
0.000001
0.001654
0.000238
0.005904
0.018803
0.000000
0.011670
0.033400
0.014741
0.022642
0.003245
0.023147
0.000000
0.002500
0.002603
0.000000
0.023381
0.006826
0.000920
0.023996
0.021837
0.003278
0.006838
0.003927
0.000000
0.000000
0.000000
0.000488
0.000000
0.000001
0.000037
0.004918
0.000000
0.000000
0.003082
0.000000
0.010047
0.027699
0.000000
0.016131
0.029080
0.003161
0.004108
0.002328
0.003511
0.001046
0.007231
0.003299
0.000000
0.030738
0.013502
0.002577
0.000544
0.025553
0.009858
0.000000
0.000000
0.000000
0.000550
0.000000
0.002392
0.000000
0.000000
0.001100
0.006130
0.002644
0.000000
0.017604
0.001649
0.023289
0.024382
0.002446
0.014478
0.006604
0.021302
0.000041
0.005075
0.000067
0.000000
0.018250
0.003580
0.000000
0.023395
0.010536
0.000502
0.000559
0.000000
0.000082
0.000000
0.000001
0.000000
0.000004
0.000000
0.003306
0.000000
0.000000
0.005348
0.002527
0.002822
0.000667
0.029318
0.000000
0.017453
0.038376
0.007335
0.003415
0.005638
0.007811
0.000062
0.006834
0.008418
0.000000
0.030703
0.003977
0.000000
0.009989
0.011024
0.000000
0.000000
0.000000
0.000000
0.000000
0.000000
0.000001
0.000000
0.000000
0.002939
0.000000
0.000000
0.002231
0.003956
0.000028
0.001861
0.032196
0.000000
0.010762
0.008864
0.006618
0.000000
0.010247
0.003398
0.001291
0.020229
0.000128
0.000117
0.026380
0.013512
0.000030
0.000000
0.000000
0.003311
0.000000
0.002837
0.000002
0.000000
0.000404
0.001025
0.000000
0.000000
0.001687
0.000546
0.000328
0.003704
0.016911
0.000000
0.016996
0.035900
0.007976
0.005084
0.007775
0.006816
0.000011
0.019008
0.016005
0.003193
0.028759
0.006986
0.000000
0.000675
0.000000
0.000000
0.000000
0.000000
0.002949
0.000000
0.005943
0.000018
0.000000
0.000060
0.005318
0.000000
0.000000
0.008824
0.001959
0.000274
0.001177
0.022809
0.008485
0.009985
0.028418
0.004352
0.004146
0.006723
0.000000
0.000269
0.024913
0.000000
0.000086
0.021784
0.011052
0.000000
0.000000
0.000000
0.000302
0.000000
0.000000
0.003815
0.000000
0.007970
0.000151
0.000000
0.001881
0.004953
0.000000
0.000000
0.013044
0.006762
0.000157
0.000184
0.022517
0.004492
0.010535
0.009558
0.005777
0.000000
0.004437
0.000000
0.006454
0.021819
0.004782
0.000000
0.000000
0.000000
0.000000
0.000000
0.000000
0.002390
0.000000
0.000000
0.001291
0.000000
0.011475
0.000840
0.000000
0.001817
0.007285
0.000000
0.000047
0.010055
0.009414
0.000000
0.000000
0.030704
0.000002
0.006216
0.015887
0.010141
0.000000
0.008958
0.002767
0.000002
0.002662
0.000000
0.000000
0.000000
0.000000
0.000529
0.000000
0.000000
0.005649
0.000000
0.000531
0.000739
0.000000
0.008018
0.003815
0.000026
0.000037
0.011362
0.000001
0.000021
0.011332
0.009297
0.000000
0.000213
0.026002
0.001389
0.001832
0.007027
0.000002
0.000001
0.015853
0.005624
0.000000
0.000000
0.000000
0.000000
0.000000
0.000000
0.001701
0.000000
0.000000
0.005823
0.000000
0.004219
0.001613
0.000000
0.007196
0.007664
0.000020
0.000003
0.014047
0.002020
0.000000
0.002862
0.019141
0.000000
0.000022
0.008603
0.000303
0.000000
0.002563
0.000004
0.000015
0.000000
0.000026
0.000000
0.000000
0.000000
0.002294
0.000035
0.000000
0.004389
0.004008
0.000041
0.002853
0.000000
0.008623
0.002329
0.000000
0.012533
0.012098
0.000000
0.000495
0.016841
0.006095
0.002240
0.000000
0.021818
0.000000
0.000455
0.000189
0.005671
0.002595
0.000014
0.000000
0.000000
0.000000
0.001456
0.000000
0.000000
0.000000
0.005774
0.001643
0.000000
0.007994
0.002593
0.000854
0.001049
0.000017
0.008290
0.003634
0.000000
0.006033
0.016210
0.000000
0.002054
0.010824
0.006500
0.000172
0.000000
0.010959
0.000000
0.000000
0.000129
0.000082
0.000000
0.000000
0.000000
0.000000
0.000000
0.002529
0.000000
0.000000
0.000092
0.005878
0.000000
0.000000
0.006097
0.000998
0.000878
0.001308
0.000000
0.005268
0.010045
0.000000
0.002301
0.015181
0.000000
0.002115
0.005362
0.013839
0.000002
0.000000
0.005134
0.000000
0.000000
0.000000
0.000000
0.000000
0.000000
0.000068
0.000000
0.000000
0.000963
0.000027
0.000000
0.000000
0.006442
0.000000
0.000000
0.002543
0.000028
0.004078
0.001590
0.000000
0.002756
0.011811
0.000000
0.000000
0.013029
0.001052
0.000410
0.000948
0.003151
0.000140
0.000000
0.000000
0.000000
0.000000
0.000000
0.000000
0.000000
0.000000
0.002100
0.000000
0.000000
0.000378
0.003854
0.000000
0.000000
0.002972
0.000000
0.000000
0.001160
0.000003
0.005692
0.002302
0.000000
0.003964
0.013815
0.000000
0.000006
0.006827
0.000478
0.000000
0.000000
0.002627
0.000002
0.000000
0.000000
0.000262
0.000000
0.000000
0.000000
0.000000
0.000000
0.003185
0.000000
0.000000
0.002700
0.005406
0.000000
0.000000
0.002609
0.000000
0.001167
0.001662
0.000000
0.001303
0.005266
0.000000
0.000000
0.013532
0.000000
0.000633
0.006639
0.002433
0.000000
0.000000
0.000000
0.000000
0.000000
0.000000
0.000927
0.000000
0.000000
0.000025
0.000000
0.000000
0.003036
0.000000
0.000000
0.003137
0.001975
0.000000
0.000000
0.002373
0.000000
0.004716
0.000956
0.000000
0.000379
0.006804
0.000000
0.000480
0.006485
0.000000
0.000000
0.000000
0.000000
0.000000
0.000000
0.000000
0.000064
0.000000
0.000000
0.001093
0.000000
0.000000
0.000418
0.000000
0.000000
0.002856
0.000000
0.000000
0.000322
0.000344
0.000000
0.000000
0.002034
0.000000
0.003534
0.000579
0.000000
0.000000
0.004079
0.000000
0.000000
0.004181
0.000000
0.000000
0.000000
0.000000
0.000000
0.000000
0.000000
0.002153
0.000000
0.000000
0.000636
0.000000
0.000000
0.003993
0.000000
0.000000
0.002113
0.002309
0.000000
0.000000
0.000510
0.000000
0.000044
0.001162
0.000000
0.000001
0.000259
0.000000
0.000011
0.003381
0.000000
0.000000
0.000000
0.000000
0.000000
0.000000
0.000000
0.000007
0.000000
0.000000
0.003051
0.000000
0.000000
0.001064
0.000000
0.000000
0.004143
0.000000
0.000000
0.004704
0.000182
0.000000
0.000000
0.000662
0.000000
0.003031
0.000334
0.000000
0.000000
0.000738
0.000000
0.000000
0.000344
0.000011
0.000000
0.000000
0.000072
0.000000
0.000000
0.000000
0.000351
0.000000
0.000000
0.002234
0.000000
0.000000
0.001524
0.000000
0.000000
0.002924
0.000000
0.000000
0.001753
0.000000
0.000000
0.000000
0.000826
0.000000
0.001771
0.000006
0.000000
0.000000
0.002888
0.000000
0.000000
0.000000
0.000000
0.000000
0.000000
0.000547
0.000000
0.000000
0.000000
0.002671
0.000000
0.000000
0.002032
0.000000
0.000059
0.002187
0.000000
0.000000
0.002684
0.000000
0.000000
0.000810
0.000000
0.000000
0.000763
0.000173
0.000000
0.001056
0.000000
0.000000
0.000714
0.000000
0.000000
0.000000
0.000000
0.000584
0.000000
0.000000
0.001818
0.000577
0.000000
0.000000
0.004251
0.000000
0.000090
0.002358
0.000000
0.002967
0.002396
0.000000
0.000000
0.002598
0.000000
0.000000
0.001667
0.000000
0.000000
0.000005
0.000009
0.000000
0.000000
0.000194
0.000000
0.000000
0.000000
0.000000
0.000000
0.000000
0.002083
0.000000
0.000000
0.003016
0.001228
0.000000
0.000000
0.003497
0.000000
0.001607
0.002328
0.000000
0.001667
0.002533
0.000000
0.000000
0.003205
0.000000
0.000000
0.002684
0.000000
0.000000
0.002304
0.000001
0.000000
0.000000
0.000000
0.000000
0.000000
0.000000
0.000015
0.000001
0.000000
0.003242
0.000000
0.000000
0.002396
0.003083
0.000000
0.000000
0.002763
0.000000
0.003717
0.002605
0.000000
0.000000
0.002428
0.000000
0.000000
0.006215
0.000000
0.000000
0.000662
0.000000
0.000000
0.000000
0.000000
0.000000
0.000000
0.000054
0.000000
0.000000
0.000000
0.002740
0.000372
0.000000
0.004647
0.001141
0.000000
0.000967
0.003034
0.000000
0.000005
0.002319
0.000000
0.004387
0.001609
0.000000
0.000000
0.002795
0.000000
0.000000
0.005931
0.000000
0.000000
0.000552
0.000000
0.000000
0.000000
0.000000
0.000000
0.000000
0.000977
0.000000
0.000000
0.000001
0.003440
0.000812
0.000000
0.004690
0.003911
0.000000
0.000001
0.003067
0.000000
0.001476
0.002536
0.000000
0.000057
0.002639
0.000000
0.000000
0.003448
0.000000
0.000000
0.000375
0.000000
0.000000
0.000000
0.000000
0.000000
0.000000
0.000004
0.000000
0.000000
0.002527
0.000000
0.000002
0.000000
0.004413
0.000931
0.000000
0.005029
0.003494
0.000000
0.000000
0.001785
0.000000
0.003251
0.001841
0.000000
0.000000
0.002312
0.000001
0.000000
0.004243
0.000000
0.000000
0.000000
0.000000
0.000000
0.000000
0.000000
0.000000
0.000000
0.001615
0.000011
0.000000
0.003623
0.001780
0.000154
0.000000
0.004304
0.000329
0.000000
0.004067
0.002685
0.000000
0.000044
0.001543
0.000000
0.000809
0.000290
0.000000
0.000000
0.000652
0.000000
0.000000
0.000446
0.000000
0.000000
0.000000
0.000000
0.000000
0.000000
0.000000
0.000000
0.000000
0.004028
0.000001
0.000000
0.002192
0.004069
0.002139
0.000000
0.005324
0.003971
0.000000
0.000994
0.001963
0.000000
0.001652
0.002047
0.000000
0.000000
0.000590
0.000000
0.000000
0.000368
0.000000
0.000000
0.000000
0.000000
0.000000
0.000000
0.000000
0.000000
0.000003
0.000000
0.000000
0.000000
0.006520
0.000000
0.000031
0.001850
0.006422
0.002832
0.000000
0.006254
0.004607
0.000000
0.000000
0.000114
0.000000
0.002443
0.000457
0.000000
0.000000
0.000000
0.000000
0.000000
0.000000
0.000000
0.000000
0.000000
0.000000
0.000000
0.000279
0.000000
0.000000
0.000182
0.001811
0.000089
0.000000
0.007155
0.000038
0.000245
0.000015
0.004916
0.000854
0.000000
0.005288
0.001097
0.000000
0.000000
0.000088
0.000000
0.000051
0.000004
0.000000
0.000000
0.000025
0.000000
0.000000
0.000000
0.000000
0.000000
0.000000
0.000000
0.000000
0.001632
0.000000
0.000000
0.000003
0.003963
0.000122
0.000000
0.006831
0.002764
0.000631
0.000000
0.006214
0.000127
0.000000
0.002307
0.000005
0.000000
0.000001
0.000005
0.000000
0.000000
0.000000
0.000000
0.000000
0.000000
0.000000
0.000000
0.000000
0.000000
0.000000
0.000014
0.000000
0.000000
0.003473
0.000000
0.000000
0.000000
0.005287
0.000054
0.000012
0.006005
0.004374
0.001454
0.000000
0.005244
0.000000
0.000000
0.000160
0.000000
0.000000
0.000000
0.000000
0.000000
0.000000
0.000001
0.000000
0.000000
0.000000
0.000000
0.000000
0.000000
0.000000
0.000000
0.001360
0.000006
0.000000
0.003185
0.000474
0.000132
0.000000
0.007667
0.000000
0.000243
0.004244
0.005156
0.000645
0.000000
0.004744
0.000000
0.000000
0.000009
0.000000
0.000000
0.000000
0.000000
0.000000
0.000000
0.000000
0.000000
0.000000
0.000000
0.000000
0.000000
0.000000
0.000000
0.000000
0.004551
0.000000
0.000000
0.002348
0.003739
0.001337
0.000000
0.008640
0.000291
0.000265
0.000055
0.001386
0.000008
0.000000
0.004110
0.000000
0.000000
0.000000
0.000000
0.000000
0.000000
0.000000
0.000000
0.000000
0.000000
0.000000
0.000050
0.000000
0.000000
0.000052
0.000000
0.000005
0.000000
0.005970
0.000000
0.000001
0.000334
0.005307
0.000716
0.000001
0.010047
0.002605
0.000161
0.000000
0.001514
0.000000
0.000000
0.001342
0.000000
0.000000
0.000000
0.000000
0.000000
0.000000
0.000000
0.000000
0.000000
0.000000
0.000000
0.000686
0.000000
0.000000
0.000029
0.001206
0.001024
0.000000
0.006541
0.000000
0.000003
0.000000
0.006274
0.000005
0.000022
0.007916
0.000562
0.000136
0.000000
0.003153
0.000000
0.000000
0.000000
0.000000
0.000000
0.000000
0.000000
0.000000
0.000000
0.000000
0.000000
0.000000
0.000000
0.000000
0.002236
0.000000
0.000000
0.000000
0.003139
0.000361
0.000000
0.005622
0.001759
0.000468
0.000000
0.009419
0.000000
0.000014
0.003718
0.000000
0.000000
0.000000
0.001961
0.000000
0.000000
0.000000
0.000000
0.000000
0.000000
0.000000
0.000000
0.000000
0.000000
0.000000
0.000001
0.000000
0.000000
0.002622
0.000000
0.000000
0.000000
0.006539
0.000001
0.000002
0.004382
0.002618
0.001860
0.000000
0.007746
0.000000
0.000000
0.000004
0.000000
0.000000
0.000000
0.000070
0.000000
0.000000
0.000000
0.000000
0.000000
0.000000
0.000000
0.000000
0.000000
0.000000
0.000000
0.003115
0.000008
0.000004
0.003009
0.000115
0.000539
0.000000
0.007637
0.000000
0.000004
0.000598
0.005442
0.000076
0.000000
0.005386
0.000000
0.000000
0.000000
0.000000
0.000000
0.000000
0.000000
0.000000
0.000000
0.000000
0.000000
0.000000
0.000000
0.000000
0.000008
0.000000
0.000000
0.000000
0.004428
0.000000
0.000000
0.001693
0.002872
0.001450
0.000000
0.008161
0.000000
0.000004
0.000000
0.004127
0.000000
0.000000
0.001801
0.000000
0.000000
0.000000
0.000000
0.000000
0.000000
0.000000
0.000000
0.000000
0.000000
0.000000
0.000000
0.000000
0.000000
0.000015
0.000000
0.000000
0.000000
0.004961
0.000000
0.000000
0.000000
0.004099
0.000056
0.000000
0.007264
0.000001
0.000138
0.000000
0.004559
0.000000
0.000000
0.000007
0.000000
0.000000
0.000000
0.000000
0.000000
0.000000
0.000000
0.000000
0.000000
0.000000
0.000000
0.000004
0.000000
0.000000
0.000002
0.001454
0.000064
0.000001
0.004927
0.000000
0.000000
0.000000
0.005956
0.000000
0.000000
0.003831
0.000000
0.000014
0.000000
0.001843
0.000000
0.000000
0.000000
0.000000
0.000000
0.000000
0.000000
0.000000
0.000000
0.000000
0.000000
0.000000
0.000000
0.000000
0.000691
0.000000
0.000000
0.000000
0.004613
0.000038
0.000157
0.004900
0.000030
0.000086
0.000000
0.007677
0.000000
0.000000
0.000215
0.000016
0.000000
0.000000
0.000102
0.000000
0.000000
0.000000
0.000000
0.000000
0.000001
0.000000
0.000000
0.000000
0.000000
0.000000
0.000000
0.000000
0.000000
0.003197
0.000000
0.000000
0.000000
0.004773
0.000000
0.000005
0.002056
0.001516
0.000616
0.000000
0.006524
0.000000
0.000000
0.000000
0.000017
0.000000
0.000000
0.000000
0.000000
0.000000
0.000000
0.000000
0.000000
0.000000
0.000000
0.000000
0.000000
0.000000
0.000000
0.000081
0.000000
0.000000
0.001039
0.000004
0.000000
0.000000
0.007052
0.000000
0.000000
0.000000
0.003002
0.000001
0.000000
0.002793
0.000000
0.000000
0.000000
0.000000
0.000000
0.000000
0.000000
0.000000
0.000000
0.000010
0.000000
0.000000
0.000000
0.000000
0.000000
0.000000
0.000000
0.000000
0.000871
0.000000
0.000013
0.000398
0.001694
0.000030
0.000001
0.007491
0.000000
0.000000
0.000000
0.003603
0.000000
0.000000
0.000213
0.000000
0.000000
0.000000
0.000000
0.000000
0.000000
0.000000
0.000000
0.000000
0.000021
0.000000
0.000000
0.000000
0.000000
0.000000
0.000001
0.000000
0.000000
0.003524
0.000000
0.000000
0.000000
0.004668
0.000076
0.000934
0.005934
0.000000
0.000000
0.000000
0.003137
0.000000
0.000000
0.000000
0.000000
0.000000
0.000000
0.000000
0.000000
0.000000
0.000000
0.000000
0.000000
0.000162
0.000000
0.000000
0.000000
0.000000
0.000000
0.000328
0.000000
0.000000
0.003814
0.000000
0.000000
0.000000
0.005463
0.000000
0.000001
0.002195
0.000000
0.000000
0.000000
0.000922
0.000000
0.000000
0.000000
0.000000
0.000000
0.000000
0.000000
0.000000
0.000000
0.000000
0.000000
0.000000
0.000349
0.000000
0.000000
0.000000
0.000000
0.000018
0.001576
0.000000
0.000002
0.000339
0.000256
0.000010
0.000000
0.006238
0.000000
0.000000
0.000002
0.000000
0.000000
0.000000
0.000000
0.000000
0.000000
0.000000
0.000000
0.000000
0.000000
0.000000
0.000000
0.000000
0.000002
0.000000
0.000000
0.000289
0.000000
0.000000
0.000308
0.000000
0.000000
0.003457
0.000000
0.000581
0.001762
0.002444
0.000001
0.000000
0.003564
0.000000
0.000000
0.000000
0.000000
0.000000
0.000000
0.000000
0.000000
0.000000
0.000000
0.000000
0.000000
0.000001
0.000000
0.000000
0.000000
0.000051
0.000000
0.000000
0.000080
0.000000
0.000054
0.000641
0.000000
0.000000
0.003343
0.000000
0.000231
0.000459
0.001329
0.000000
0.000000
0.001437
0.000000
0.000000
0.000000
0.000000
0.000000
0.000000
0.000000
0.000000
0.000000
0.000000
0.000007
0.000000
0.000037
0.000000
0.000000
0.000000
0.000012
0.000000
0.000000
0.000129
0.000000
0.000001
0.001178
0.000000
0.000000
0.002425
0.000000
0.000000
0.000000
0.000044
0.000000
0.000000
0.000000
0.000000
0.000000
0.000000
0.000000
0.000000
0.000000
0.000000
0.000000
0.000000
0.000153
0.000002
0.000000
0.001094
0.000020
0.000000
0.000000
0.000041
0.000000
0.000060
0.000534
0.000000
0.000000
0.003063
0.000000
0.000000
0.002095
0.000000
0.000000
0.000000
0.000009
0.000000
0.000000
0.000000
0.000000
0.000000
0.000000
0.000000
0.000000
0.000000
0.000000
0.000000
0.000000
0.000197
0.000000
0.000000
0.001704
0.000000
0.000000
0.000000
0.000081
0.000000
0.000474
0.000474
0.000000
0.000000
0.004550
0.000000
0.000000
0.000098
0.000000
0.000000
0.000000
0.000000
0.000000
0.000000
0.000000
0.000000
0.000000
0.000000
0.000000
0.000000
0.000000
0.000000
0.000000
0.000000
0.000487
0.000032
0.000000
0.001869
0.000002
0.000000
0.000000
0.000105
0.000000
0.000002
0.000323
0.000000
0.000000
0.003138
0.000000
0.000000
0.000000
0.000000
0.000000
0.000000
0.000000
0.000000
0.000000
0.000000
0.000000
0.000000
0.000000
0.000000
0.000000
0.000000
0.000854
0.000811
0.000002
0.001989
0.001093
0.000000
0.000000
0.000010
0.000000
0.000290
0.000014
0.000000
0.000000
0.000777
0.000000
0.000000
0.000112
0.000000
0.000000
0.000000
0.000000
0.000000
0.000000
0.000000
0.000000
0.000000
0.000000
0.000000
0.000000
0.000004
0.000000
0.000000
0.000000
0.001735
0.000018
0.000372
0.001375
0.000000
0.000000
0.000000
0.000000
0.000000
0.001151
0.000002
0.000000
0.000000
0.000716
0.000000
0.000000
0.000000
0.000000
0.000000
0.000000
0.000000
0.000000
0.000000
0.000000
0.000000
0.000000
0.000000
0.000000
0.000000
0.000018
0.000076
0.000000
0.000000
0.001821
0.000000
0.000000
0.000040
0.000000
0.000000
0.000000
0.000000
0.000000
0.000030
0.000000
0.000000
0.000000
0.000532
0.000000
0.000000
0.000000
0.000000
0.000000
0.000000
0.000000
0.000001
0.000000
0.000000
0.000000
0.000000
0.000000
0.000000
0.000000
0.000000
0.000000
0.000000
0.000000
0.001030
0.000000
0.000000
0.000000
0.000000
0.000000
0.000000
0.000000
0.000000
0.000000
0.000000
0.000000
0.000000
0.000000
0.000000
0.000000
0.000000
0.000000
0.000000
0.000000
0.000000
0.000052
0.000000
0.000000
0.000000
0.000000
0.000000
0.000000
0.000000
0.000000
0.000082
0.000000
0.000000
0.001326
0.000000
0.000000
0.000000
0.000000
0.000000
0.000000
0.000000
0.000000
0.000000
0.000000
0.000000
0.000000
0.000000
0.000000
0.000000
0.000000
0.000000
0.000000
0.000000
0.000000
0.000000
0.000000
0.000000
0.000000
0.000000
0.000000
0.000000
0.000000
0.000000
0.000838
0.000000
0.000000
0.000952
0.000000
0.000000
0.000000
0.000000
0.000000
0.000000
0.000000
0.000000
0.000000
0.000000
0.000000
0.000000
0.000000
0.000000
0.000000
0.000000
0.000000
0.000004
0.000000
0.000000
0.000000
0.000000
0.000000
0.000000
0.000000
0.000569
0.000000
0.000000
0.000000
0.000138
0.000000
0.000000
0.000044
0.000000
0.000000
0.000000
0.000000
0.000000
0.000000
0.000000
0.000000
0.000000
0.000000
0.000000
0.000000
0.000000
0.000000
0.000000
0.000000
0.000000
0.000220
0.000000
0.000000
0.000000
0.000000
0.000000
0.000000
0.000000
0.000000
0.000001
0.000000
0.000000
0.000534
0.000000
0.000000
0.000000
0.000000
0.000000
0.000000
0.000000
0.000000
0.000000
0.000000
0.000000
0.000000
0.000000
0.000000
0.000000
0.000000
0.000000
0.000000
0.000000
0.000000
0.000164
0.000000
0.000000
0.000000
0.000000
0.000000
0.000001
0.000000
0.000000
0.000017
0.000000
0.000000
0.000273
0.000000
0.000000
0.000000
0.000000
0.000000
0.000000
0.000000
0.000000
0.000000
0.000000
0.000000
0.000000
0.000000
0.000071
0.000000
0.000000
0.000000
0.000008
0.000000
0.000000
0.000000
0.000000
0.000000
0.000000
0.000000
0.000322
0.000000
0.000000
0.000000
0.000000
0.000000
0.000000
0.000002
0.000000
0.000000
0.000000
0.000000
0.000000
0.000000
0.000000
0.000000
0.000000
0.000000
0.000000
0.000000
0.000000
0.000226
0.000000
0.000000
0.000000
0.000075
0.000000
0.000000
0.000000
0.000000
0.000000
0.000000
0.000000
0.000024
0.000000
0.000000
0.000000
0.000000
0.000000
0.000000
0.000000
0.000000
0.000000
0.000000
0.000000
0.000000
0.000000
0.000000
0.000000
0.000000
0.000000
0.000007
0.000000
0.000000
0.000000
0.000000
0.000000
0.000000
0.000437
0.000000
0.000000
0.000000
0.000000
0.000000
0.000000
0.000000
0.000000
0.000000
0.000000
0.000000
0.000000
0.000000
0.000000
0.000000
0.000000
0.000000
0.000000
0.000000
0.000000
0.000000
0.000000
0.000000
0.000000
0.000000
0.000521
0.000000
0.000000
0.000000
0.000000
0.000000
0.000000
0.000000
0.000000
0.000000
0.000000
0.000000
0.000236
0.000000
0.000000
0.000000
0.000000
0.000000
0.000000
0.000000
0.000000
0.000000
0.000000
0.000000
0.000000
0.000000
0.000000
0.000000
0.000000
0.000000
0.000000
0.000000
0.000000
0.000702
0.000000
0.000000
0.000000
0.000000
0.000000
0.000000
0.000000
0.000000
0.000000
0.000000
0.000000
0.000347
0.000000
0.000000
0.000000
0.000000
0.000000
0.000000
0.000000
0.000000
0.000000
0.000000
0.000000
0.000000
0.000000
0.000000
0.000000
0.000000
0.000000
0.000000
0.000000
0.000000
0.000427
0.000000
0.000000
0.000000
0.000285
0.000000
0.000000
0.000000
0.000000
0.000000
0.000000
0.000000
0.000000
0.000000
0.000000
0.000000
0.000000
0.000000
0.000000
0.000000
0.000000
0.000000
0.000000
0.000000
0.000000
0.000000
0.000000
0.000000
0.000000
0.000000
0.000245
0.000000
0.000000
0.000108
0.000000
0.000000
0.000000
0.000000
0.000000
0.000000
0.000000
0.000000
0.000041
0.000000
0.000000
0.000000
0.000000
0.000000
0.000000
0.000000
0.000000
0.000000
0.000000
0.000000
0.000000
0.000000
0.000000
0.000000
0.000000
0.000000
0.000000
0.000000
0.000000
0.001521
0.000000
0.000000
0.000000
0.000000
0.000000
0.000000
0.000000
0.000000
0.000000
0.000000
0.000000
0.000000
0.000000
0.000000
0.000000
0.000000
0.000000
0.000000
0.000000
0.000000
0.000000
0.000000
0.000000
0.000000
0.000000
0.000000
0.000000
0.000000
0.000000
0.000000
0.000000
0.000000
0.001305
0.000000
0.000000
0.000000
0.000000
0.000000
0.000000
0.000000
0.000000
0.000000
0.000000
0.000000
0.000000
0.000000
0.000000
0.000000
0.000000
0.000000
0.000000
0.000000
0.000000
0.000000
0.000000
0.000000
0.000000
0.000000
0.000002
0.000000
0.000000
0.000000
0.000000
0.000000
0.000000
0.001224
0.000000
0.000000
0.000000
0.000000
0.000000
0.000000
0.000000
0.000000
0.000000
0.000000
0.000000
0.000000
0.000000
0.000000
0.000000
0.000000
0.000000
0.000000
0.000000
0.000000
0.000000
0.000000
0.000000
0.000000
0.000000
0.000006
0.000000
0.000000
0.000000
0.000193
0.000000
0.000000
0.000002
0.000000
0.000000
0.000000
0.000000
0.000000
0.000000
0.000000
0.000000
0.000000
0.000000
0.000000
0.000000
0.000000
0.000000
0.000000
0.000000
0.000000
0.000000
0.000000
0.000000
0.000000
0.000000
0.000000
0.000000
0.000000
0.000000
0.000000
0.000000
0.000000
0.000724
0.000000
0.000000
0.000000
0.000000
0.000000
0.000000
0.000000
0.000000
0.000000
0.000000
0.000000
0.000000
0.000000
0.000000
0.000000
0.000000
0.000000
0.000000
0.000000
0.000000
0.000000
0.000000
0.000000
0.000000
0.000000
0.000058
0.000000
0.000000
0.000000
0.000000
0.000000
0.000000
0.000673
0.000000
0.000000
0.000000
0.000000
0.000000
0.000000
0.000000
0.000000
0.000000
0.000000
0.000000
0.000000
0.000000
0.000000
0.000000
0.000000
0.000000
0.000000
0.000000
0.000000
0.000000
0.000000
0.000000
0.000000
0.000000
0.000588
0.000000
0.000000
0.000000
0.000000
0.000000
0.000000
0.000000
0.000000
0.000000
0.000000
0.000000
0.000000
0.000000
0.000000
0.000000
0.000000
0.000000
0.000000
0.000000
0.000000
0.000000
0.000000
0.000000
0.000000
0.000000
0.000000
0.000000
0.000000
0.000000
0.000000
0.000000
0.000000
0.000565
0.000000
0.000000
0.000000
0.000000
0.000000
0.000000
0.000000
0.000000
0.000000
0.000000
0.000000
0.000000
0.000000
0.000000
0.000000
0.000000
0.000000
0.000000
0.000000
0.000000
0.000000
0.000000
0.000000
0.000000
0.000000
0.000000
0.000000
0.000000
0.000000
0.000094
0.000000
0.000000
0.000121
0.000000
0.000000
0.000000
0.000000
0.000000
0.000000
0.000000
0.000000
0.000000
0.000000
0.000000
0.000000
0.000000
0.000000
0.000000
0.000000
0.000000
0.000000
0.000000
0.000000
0.000000
0.000000
0.000000
0.000000
0.000000
0.000000
0.000000
0.000000
0.000000
0.001199
0.000000
0.000000
0.000002
0.000000
0.000000
0.000000
0.000000
0.000000
0.000000
0.000000
0.000000
0.000000
0.000000
0.000000
0.000000
0.000000
0.000000
0.000000
0.000000
0.000000
0.000000
0.000000
0.000000
0.000000
0.000000
0.000000
0.000000
0.000000
0.000000
0.000000
0.000000
0.000000
0.000663
0.000000
0.000000
0.000000
0.000000
0.000000
0.000000
0.000000
0.000000
0.000000
0.000000
0.000000
0.000000
0.000000
0.000000
0.000000
0.000000
0.000000
0.000000
0.000000
0.000000
0.000000
0.000000
0.000000
0.000000
0.000000
0.000000
0.000000
0.000000
0.000000
0.000099
0.000000
0.000000
0.000131
0.000000
0.000000
0.000000
0.000000
0.000000
0.000000
0.000000
0.000000
0.000000
0.000000
0.000000
0.000000
0.000000
0.000000
0.000000
0.000000
0.000000
0.000000
0.000000
0.000000
0.000000
0.000000
0.000000
0.000000
0.000000
0.000000
0.000000
0.000000
0.000000
0.000026
0.000000
0.000000
0.000000
0.000000
0.000000
0.000000
0.000000
0.000000
0.000000
0.000000
0.000000
0.000000
0.000000
0.000000
0.000000
0.000000
0.000000
0.000000
0.000000
0.000002
0.000000
0.000000
0.000000
0.000000
0.000000
0.000000
0.000000
0.000000
0.000000
0.000000
0.000000
0.000000
0.000001
0.000000
0.000000
0.000000
0.000000
0.000000
0.000000
0.000000
0.000000
0.000000
0.000000
0.000000
0.000000
0.000000
0.000000
0.000000
0.000000
0.000000
0.000000
0.000000
0.000000
0.000000
0.000000
0.000000
0.000000
0.000000
0.000000
0.000000
0.000000
0.000000
0.000000
0.000000
0.000000
0.000000
0.000000
0.000000
0.000000
0.000000
0.000000
0.000000
0.000000
0.000000
0.000000
0.000000
0.000000
0.000000
0.000000
0.000000
0.000000
0.000000
0.000000
0.000000
0.000000
0.000000
0.000000
0.000000
0.000000
0.000000
0.000000
0.000000
0.000000
0.000000
0.000000
0.000000
0.000000
0.000000
0.000000
0.000000
0.000000
0.000000
0.000000
0.000000
0.000000
0.000000
0.000000
0.000000
0.000000
0.000000
0.000000
0.000000
0.000000
0.000000
0.000000
0.000000
0.000000
0.000000
0.000000
0.000000
0.000000
0.000000
0.000000
0.000000
0.000000
0.000000
0.000000
0.000000
0.000000
0.000000
0.000000
0.000000
0.000000
0.000000
0.000000
0.000000
0.000000
0.000000
0.000000
0.000000
0.000000
0.000000
0.000000
0.000000
0.000000
0.000000
0.000000
0.000000
0.000000
0.000000
0.000000
0.000000
0.000000
0.000000
0.000000
0.000000
0.000000
0.000000
0.000000
0.000000
0.000000
0.000000
0.000000
0.000000
0.000000
0.000000
0.000000
0.000000
0.000000
0.000000
0.000000
0.000000
0.000000
0.000000
0.000000
0.000000
0.000000
0.000000
0.000000
0.000000
0.000000
0.000000
0.000000
0.000000
0.000000
0.000000
0.000000
0.000000
0.000000
0.000000
0.000000
0.000000
0.000000
0.000000
0.000000
0.000000
0.000000
0.000000
0.000000
0.000000
0.000000
0.000000
0.000000
0.000000
0.000000
0.000000
0.000000
0.000000
0.000000
0.000000
0.000000
0.000000
0.000000
0.000000
0.000000
0.000000
0.000000
0.000000
0.000000
0.000000
0.000000
0.000000
0.000000
0.000000
0.000000
0.000000
0.000000
0.000000
0.000000
0.000000
0.000000
0.000000
0.000000
0.000000
0.000000
0.000000
0.000000
0.000000
0.000000
0.000000
0.000000
0.000000
0.000000
0.000000
0.000000
0.000000
0.000000
0.000000
0.000000
0.000000
0.000000
0.000000
0.000000
0.000000
0.000000
0.000000
0.000000
0.000000
0.000000
0.000000
0.000000
0.000000
0.000000
0.000000
0.000000
0.000000
0.000000
0.000000
0.000000
0.000000
0.000000
0.000000
0.000000
0.000000
0.000000
0.000000
0.000000
0.000000
0.000000
0.000000
0.000000
0.000000
0.000000
0.000000
0.000000
0.000000
0.000000
0.000000
0.000000
0.000000
0.000000
0.000000
0.000000
0.000000
0.000000
0.000000
0.000000
0.000000
0.000000
0.000000
0.000002
0.000000
0.000000
0.000000
0.000000
0.000000
0.000000
0.000000
0.000000
0.000000
0.000000
0.000000
0.000000
0.000000
0.000000
0.000000
0.000000
0.000000
0.000000
0.000000
0.000000
0.000000
0.000000
0.000000
0.000000
0.000000
0.000003
0.000000
0.000000
0.000000
0.000000
0.000000
0.000000
0.000000
0.000000
0.000000
0.000000
0.000000
0.000000
0.000000
0.000000
0.000000
0.000000
0.000000
0.000000
0.000000
0.000000
0.000000
0.000000
0.000000
0.000000
0.000000
0.000000
0.000000
0.000000
0.000000
0.000000
0.000000
0.000000
0.000000
0.000000
0.000000
0.000000
0.000000
0.000000
0.000000
0.000000
0.000000
0.000000
0.000000
0.000000
0.000000
0.000000
0.000000
0.000000
0.000000
0.000000
0.000000
0.000000
0.000000
0.000000
0.000000
0.000000
0.000000
0.000000
0.000000
0.000000
0.000000
0.000000
0.000041
0.000000
0.000000
0.000000
0.000000
0.000000
0.000000
0.000000
0.000000
0.000000
0.000000
0.000000
0.000000
0.000000
0.000000
0.000000
0.000000
0.000000
0.000000
0.000000
0.000000
0.000000
0.000000
0.000000
0.000000
0.000000
0.000000
0.000000
0.000000
0.000000
0.000000
0.000000
0.000000
0.000053
0.000000
0.000000
0.000000
0.000000
0.000000
0.000000
0.000000
0.000000
0.000000
0.000000
0.000000
0.000000
0.000000
0.000000
0.000000
0.000000
0.000000
0.000000
0.000000
0.000000
0.000000
0.000000
0.000000
0.000000
0.000000
0.000000
0.000000
0.000000
0.000000
0.000000
0.000000
0.000000
0.000203
0.000000
0.000000
0.000000
0.000000
0.000000
0.000000
0.000000
0.000000
0.000000
0.000000
0.000000
0.000000
0.000000
0.000000
0.000000
0.000000
0.000000
0.000000
0.000000
0.000000
0.000000
0.000000
0.000000
0.000000
0.000000
0.000000
0.000000
0.000000
0.000000
0.000000
0.000000
0.000000
0.000010
0.000000
0.000000
0.000000
0.000000
0.000000
0.000000
0.000000
0.000000
0.000000
0.000000
0.000000
0.000000
0.000000
0.000000
0.000000
0.000000
0.000000
0.000000
0.000000
0.000000
0.000000
0.000000
0.000000
0.000000
0.000000
0.000000
0.000000
0.000000
0.000000
0.000021
0.000000
0.000000
0.000002
0.000000
0.000000
0.000000
0.000000
0.000000
0.000000
0.000000
0.000000
0.000000
0.000000
0.000000
0.000000
0.000000
0.000000
0.000000
0.000000
0.000000
0.000000
0.000000
0.000000
0.000000
0.000000
0.000000
0.000000
0.000000
0.000000
0.000000
0.000000
0.000000
0.000084
0.000000
0.000000
0.000000
0.000000
0.000000
0.000000
0.000000
0.000000
0.000000
0.000000
0.000000
0.000000
0.000000
0.000000
0.000000
0.000000
0.000000
0.000000
0.000000
0.000000
0.000000
0.000000
0.000000
0.000000
0.000000
0.000000
0.000000
0.000000
0.000000
0.000000
0.000000
0.000000
0.000539
0.000000
0.000000
0.000000
0.000000
0.000000
0.000000
0.000000
0.000000
0.000000
0.000000
0.000000
0.000000
0.000000
0.000000
0.000000
0.000000
0.000000
0.000000
0.000000
0.000000
0.000000
0.000000
0.000000
0.000000
0.000000
0.000000
0.000000
0.000000
0.000000
0.000000
0.000000
0.000000
0.000005
0.000000
0.000000
0.000000
0.000000
0.000000
0.000000
0.000000
0.000000
0.000000
0.000000
0.000000
0.000000
0.000000
0.000000
0.000000
0.000000
0.000000
0.000000
0.000000
0.000000
0.000000
0.000000
0.000000
0.000000
0.000000
0.000036
0.000000
0.000000
0.000000
0.000000
0.000000
0.000000
0.000000
0.000000
0.000000
0.000000
0.000000
0.000000
0.000000
0.000000
0.000000
0.000000
0.000000
0.000000
0.000000
0.000000
0.000000
0.000000
0.000000
0.000000
0.000000
0.000000
0.000000
0.000000
0.000000
0.000000
0.000000
0.000000
0.000000
0.000000
0.000000
0.000000
0.000000
0.000000
0.000000
0.000000
0.000000
0.000000
0.000000
0.000000
0.000000
0.000000
0.000000
0.000000
0.000000
0.000000
0.000000
0.000000
0.000000
0.000004
0.000000
0.000000
0.000000
0.000000
0.000000
0.000000
0.000000
0.000000
0.000649
0.000000
0.000000
0.000000
0.000000
0.000000
0.000000
0.000000
0.000000
0.000000
0.000000
0.000000
0.000000
0.000000
0.000000
0.000000
0.000000
0.000000
0.000000
0.000000
0.000000
0.000000
0.000000
0.000000
0.000000
0.000000
0.000000
0.000000
0.000000
0.000000
0.000000
0.000000
0.000000
0.000000
0.000000
0.000000
0.000000
0.000000
0.000000
0.000000
0.000000
0.000000
0.000000
0.000000
0.000000
0.000000
0.000000
0.000000
0.000000
0.000000
0.000000
0.000000
0.000000
0.000000
0.000075
0.000000
0.000000
0.000000
0.000000
0.000000
0.000000
0.000000
0.000000
0.000017
0.000000
0.000000
0.000000
0.000000
0.000000
0.000000
0.000000
0.000000
0.000000
0.000000
0.000000
0.000000
0.000000
0.000000
0.000000
0.000000
0.000000
0.000000
0.000000
0.000000
0.000000
0.000000
0.000000
0.000073
0.000000
0.000000
0.000000
0.000000
0.000000
0.000000
0.000000
0.000000
0.000086
0.000000
0.000000
0.000000
0.000000
0.000000
0.000000
0.000000
0.000000
0.000000
0.000000
0.000000
0.000000
0.000000
0.000000
0.000000
0.000000
0.000000
0.000000
0.000000
0.000000
0.000000
0.000000
0.000000
0.000104
0.000000
0.000000
0.000000
0.000000
0.000000
0.000000
0.000000
0.000000
0.000063
0.000000
0.000000
0.000000
0.000000
0.000000
0.000000
0.000000
0.000000
0.000000
0.000000
0.000000
0.000000
0.000000
0.000000
0.000000
0.000000
0.000018
0.000000
0.000000
0.000000
0.000000
0.000000
0.000000
0.000000
0.000000
0.000000
0.000000
0.000000
0.000000
0.000000
0.000000
0.000000
0.000013
0.000000
0.000000
0.000000
0.000000
0.000000
0.000000
0.000000
0.000000
0.000000
0.000000
0.000000
0.000000
0.000000
0.000000
0.000000
0.000000
0.000009
0.000000
0.000000
0.000000
0.000104
0.000000
0.000000
0.000000
0.000000
0.000000
0.000000
0.000000
0.000000
0.000000
0.000000
0.000000
0.000000
0.000000
0.000000
0.000000
0.000000
0.000000
0.000000
0.000000
0.000000
0.000000
0.000000
0.000000
0.000000
0.000000
0.000000
0.000000
0.000000
0.000012
0.000000
0.000000
0.000000
0.000000
0.000000
0.000000
0.000000
0.000000
0.000000
0.000000
0.000000
0.000000
0.000000
0.000000
0.000000
0.000000
0.000000
0.000000
0.000000
0.000000
0.000000
0.000000
0.000000
0.000000
0.000000
0.000000
0.000000
0.000000
0.000000
0.000223
0.000000
0.000000
0.000000
0.000000
0.000000
0.000000
0.000000
0.000000
0.000000
0.000000
0.000000
0.000000
0.000000
0.000000
0.000000
0.000000
0.000000
0.000000
0.000000
0.000000
0.000000
0.000000
0.000000
0.000000
0.000000
0.000000
0.000000
0.000000
0.000000
0.000000
0.000000
0.000000
0.000548
0.000000
0.000000
0.000000
0.000000
0.000000
0.000000
0.000000
0.000000
0.000086
0.000000
0.000000
0.000000
0.000000
0.000000
0.000000
0.000000
0.000000
0.000000
0.000000
0.000000
0.000000
0.000000
0.000000
0.000000
0.000000
0.000001
0.000000
0.000000
0.000000
0.000000
0.000000
0.000000
0.000478
0.000000
0.000000
0.000000
0.000000
0.000000
0.000000
0.000000
0.000000
0.000002
0.000000
0.000000
0.000000
0.000000
0.000000
0.000000
0.000000
0.000000
0.000000
0.000000
0.000000
0.000000
0.000000
0.000000
0.000000
0.000000
0.000141
0.000000
0.000000
0.000000
0.000000
0.000000
0.000000
0.000032
0.000000
0.000000
0.000000
0.000000
0.000000
0.000000
0.000000
0.000000
0.000000
0.000000
0.000000
0.000000
0.000000
0.000000
0.000000
0.000000
0.000000
0.000000
0.000000
0.000000
0.000000
0.000000
0.000000
0.000000
0.000000
0.000200
0.000000
0.000000
0.000000
0.000002
0.000000
0.000000
0.000000
0.000000
0.000000
0.000000
0.000000
0.000000
0.000000
0.000000
0.000000
0.000000
0.000000
0.000000
0.000000
0.000000
0.000000
0.000000
0.000000
0.000000
0.000000
0.000001
0.000000
0.000000
0.000000
0.000000
0.000000
0.000000
0.000001
0.000000
0.000000
0.000000
0.000430
0.000000
0.000000
0.000000
0.000000
0.000000
0.000000
0.000000
0.000000
0.000000
0.000000
0.000000
0.000000
0.000000
0.000000
0.000000
0.000000
0.000000
0.000000
0.000000
0.000000
0.000000
0.000002
0.000000
0.000000
0.000000
0.000067
0.000000
0.000000
0.000000
0.000000
0.000000
0.000000
0.000000
0.000000
0.000000
0.000000
0.000000
0.000000
0.000000
0.000000
0.000000
0.000000
0.000000
0.000000
0.000000
0.000000
0.000000
0.000000
0.000000
0.000000
0.000000
0.000000
0.000000
0.000000
0.000000
0.000000
0.000000
0.000000
0.000377
0.000000
0.000000
0.000000
0.000000
0.000000
0.000000
0.000000
0.000000
0.000000
0.000000
0.000000
0.000000
0.000000
0.000000
0.000000
0.000000
0.000000
0.000000
0.000000
0.000000
0.000000
0.000000
0.000000
0.000000
0.000000
0.000027
0.000000
0.000000
0.000000
0.000000
0.000000
0.000000
0.000233
0.000000
0.000000
0.000000
0.000000
0.000000
0.000000
0.000000
0.000000
0.000000
0.000000
0.000000
0.000000
0.000000
0.000000
0.000000
0.000000
0.000000
0.000000
0.000000
0.000000
0.000000
0.000000
0.000000
0.000000
0.000000
0.000185
0.000000
0.000000
0.000000
0.000000
0.000000
0.000000
0.000128
0.000000
0.000000
0.000000
0.000000
0.000000
0.000000
0.000000
0.000000
0.000000
0.000000
0.000000
0.000000
0.000000
0.000000
0.000000
0.000000
0.000000
0.000000
0.000000
0.000000
0.000000
0.000000
0.000000
0.000000
0.000000
0.000209
0.000000
0.000000
0.000000
0.000026
0.000001
0.000000
0.000000
0.000000
0.000000
0.000000
0.000000
0.000000
0.000000
0.000000
0.000000
0.000000
0.000000
0.000000
0.000000
0.000000
0.000000
0.000000
0.000000
0.000000
0.000000
0.000001
0.000000
0.000000
0.000000
0.000000
0.000000
0.000000
0.000142
0.000000
0.000000
0.000000
0.000046
0.000000
0.000000
0.000000
0.000000
0.000000
0.000000
0.000000
0.000000
0.000000
0.000000
0.000000
0.000000
0.000000
0.000000
0.000000
0.000000
0.000000
0.000000
0.000000
0.000000
0.000000
0.000005
0.000000
0.000000
0.000000
0.000004
0.000000
0.000000
0.000000
0.000000
0.000000
0.000000
0.000104
0.000000
0.000000
0.000000
0.000000
0.000000
0.000000
0.000000
0.000000
0.000000
0.000000
0.000000
0.000000
0.000000
0.000000
0.000000
0.000000
0.000000
0.000000
0.000000
0.000000
0.000000
0.000000
0.000000
0.000000
0.000000
0.000195
0.000000
0.000000
0.000000
0.000000
0.000000
0.000000
0.000000
0.000000
0.000000
0.000000
0.000000
0.000000
0.000000
0.000000
0.000000
0.000000
0.000000
0.000000
0.000000
0.000000
0.000000
0.000000
0.000000
0.000000
0.000000
0.000000
0.000000
0.000000
0.000000
0.000000
0.000000
0.000000
0.000250
0.000000
0.000000
0.000000
0.000000
0.000000
0.000000
0.000000
0.000000
0.000000
0.000000
0.000000
0.000000
0.000000
0.000000
0.000000
0.000000
0.000000
0.000000
0.000000
0.000000
0.000000
0.000000
0.000000
0.000000
0.000000
0.000030
0.000000
0.000000
0.000000
0.000000
0.000000
0.000000
0.000036
0.000000
0.000000
0.000000
0.000000
0.000000
0.000000
0.000000
0.000000
0.000000
0.000000
0.000000
0.000000
0.000000
0.000000
0.000000
0.000000
0.000000
0.000000
0.000000
0.000000
0.000000
0.000000
0.000000
0.000000
0.000000
0.000033
0.000000
0.000000
0.000000
0.000000
0.000000
0.000000
0.000030
0.000000
0.000000
0.000000
0.000000
0.000000
0.000000
0.000000
0.000000
0.000000
0.000000
0.000000
0.000000
0.000000
0.000000
0.000000
0.000000
0.000000
0.000000
0.000000
0.000000
0.000000
0.000000
0.000000
0.000000
0.000000
0.000006
0.000000
0.000000
0.000000
0.000000
0.000000
0.000000
0.000000
0.000000
0.000000
0.000000
0.000000
0.000000
0.000000
0.000000
0.000000
0.000000
0.000000
0.000000
0.000000
0.000000
0.000000
0.000000
0.000000
0.000000
0.000000
0.000000
0.000000
0.000000
0.000000
0.000000
0.000000
0.000000
0.000000
0.000000
0.000000
0.000000
0.000001
0.000000
0.000000
0.000000
0.000000
0.000000
0.000000
0.000000
0.000000
0.000000
0.000000
0.000000
0.000000
0.000000
0.000000
0.000000
0.000000
0.000000
0.000000
0.000000
0.000000
0.000000
0.000000
0.000000
0.000000
0.000000
0.000000
0.000000
0.000000
0.000000
0.000000
0.000000
0.000000
0.000000
0.000000
0.000000
0.000000
0.000000
0.000000
0.000000
0.000000
0.000000
0.000000
0.000000
0.000000
0.000000
0.000000
0.000000
0.000000
0.000000
0.000000
0.000000
0.000000
0.000000
0.000000
0.000000
0.000000
0.000000
0.000000
0.000006
0.000000
0.000000
0.000000
0.000000
0.000000
0.000000
0.000000
0.000000
0.000000
0.000000
0.000000
0.000000
0.000000
0.000000
0.000000
0.000000
0.000000
0.000000
0.000000
0.000000
0.000000
0.000000
0.000000
0.000000
0.000000
0.000000
0.000000
0.000000
0.000000
0.000000
0.000000
0.000000
0.000000
0.000000
0.000000
0.000000
0.000000
0.000000
0.000000
0.000000
0.000000
0.000000
0.000000
0.000000
0.000000
0.000000
0.000000
0.000000
0.000000
0.000000
0.000000
0.000000
0.000000
0.000000
0.000000
0.000000
0.000000
0.000000
0.000000
0.000000
0.000000
0.000000
0.000000
0.000000
0.000000
0.000000
0.000000
0.000000
0.000000
0.000000
0.000000
0.000000
0.000000
0.000000
0.000000
0.000000
0.000000
0.000000
0.000000
0.000000
0.000000
0.000000
0.000000
0.000000
0.000000
0.000000
0.000000
0.000000
0.000000
0.000000
0.000000
0.000000
0.000000
0.000000
0.000000
0.000000
0.000000
0.000000
0.000000
0.000000
0.000000
0.000000
0.000000
0.000000
0.000000
0.000000
0.000000
0.000000
0.000000
0.000000
0.000000
0.000000
0.000000
0.000000
0.000000
0.000000
0.000000
0.000000
0.000000
0.000000
0.000000
0.000000
0.000000
0.000000
0.000000
0.000000
0.000000
0.000000
0.000000
0.000000
0.000000
0.000000
0.000000
0.000000
0.000000
0.000000
0.000000
0.000000
0.000000
0.000000
0.000000
0.000000
0.000000
0.000000
0.000000
0.000000
0.000000
0.000000
0.000000
0.000000
0.000000
0.000000
0.000000
0.000000
0.000000
0.000000
0.000000
0.000000
0.000000
0.000000
0.000000
0.000000
0.000000
0.000000
0.000000
0.000000
0.000000
0.000000
0.000000
0.000000
0.000000
0.000000
0.000000
0.000000
0.000000
0.000000
0.000000
0.000000
0.000000
0.000000
0.000000
0.000000
0.000000
0.000000
0.000000
0.000000
0.000000
0.000000
0.000000
0.000000
0.000000
0.000000
0.000000
0.000000
0.000000
0.000000
0.000000
0.000000
0.000000
0.000000
0.000000
0.000000
0.000000
0.000000
0.000000
0.000000
0.000000
0.000000
0.000000
0.000000
0.000000
0.000000
0.000000
0.000000
0.000000
0.000000
0.000000
0.000000
0.000000
0.000000
0.000000
0.000000
0.000000
0.000000
0.000000
0.000000
0.000000
0.000000
0.000000
0.000000
0.000000
0.000000
0.000000
0.000000
0.000000
0.000000
0.000000
0.000000
0.000000
0.000000
0.000000
0.000000
0.000000
0.000000
0.000000
0.000000
0.000000
0.000000
0.000000
0.000000
0.000000
0.000000
0.000000
0.000000
0.000000
0.000000
0.000000
0.000000
0.000000
0.000000
0.000000
0.000000
0.000000
0.000000
0.000000
0.000000
0.000000
0.000000
0.000000
0.000000
0.000000
0.000000
0.000000
0.000000
0.000000
0.000000
0.000000
0.000000
0.000000
0.000000
0.000000
0.000000
0.000000
0.000000
0.000000
0.000000
0.000000
0.000000

VECTORS velocity float
0.000000 0.000000 0.000000
0.082418 -0.011149 0.000000
0.128932 0.052398 0.000000
0.165033 0.041236 0.000000
0.249829 0.033793 0.000000
0.329726 0.052724 0.000000
0.400444 0.020213 0.000000
0.474452 -0.018210 0.000000
0.522595 -0.057639 0.000000
0.570776 -0.136984 0.000000
0.580862 -0.213139 0.000000
0.586289 -0.265036 0.000000
0.537511 -0.276456 0.000000
0.503046 -0.301622 0.000000
0.457087 -0.284136 0.000000
0.418181 -0.214955 0.000000
0.366043 -0.190372 0.000000
0.341758 -0.103814 0.000000
0.289094 -0.142879 0.000000
0.167039 -0.143172 0.000000
0.103539 -0.080564 0.000000
8.355906 4.401930 0.000000
8.625163 8.077651 0.000000
8.590093 5.742958 0.000000
8.417881 9.749293 0.000000
9.279834 9.695947 0.000000
11.933793 9.235519 0.000000
12.280054 9.379497 0.000000
13.112359 8.940087 0.000000
13.821082 8.536386 0.000000
15.668785 6.984886 0.000000
0.000000 0.000000 0.000000
0.053724 0.013375 0.000000
0.112872 -0.004184 0.000000
0.175261 -0.027983 0.000000
0.247606 -0.089777 0.000000
0.310538 -0.089216 0.000000
0.417032 -0.116450 0.000000
0.528431 -0.128344 0.000000
0.579440 -0.143475 0.000000
0.646132 -0.181417 0.000000
0.600897 -0.190172 0.000000
0.619792 -0.080909 0.000000
0.602699 -0.096396 0.000000
0.490843 -0.159004 0.000000
0.416249 -0.118020 0.000000
0.386644 -0.048393 0.000000
0.336765 -0.068256 0.000000
0.301358 -0.048144 0.000000
0.291618 -0.032490 0.000000
0.224172 -0.061176 0.000000
0.090537 -0.043789 0.000000
10.223018 9.690858 0.000000
10.956030 9.445399 0.000000
11.358809 9.462183 0.000000
11.610399 8.894428 0.000000
12.737467 8.276007 0.000000
13.332651 8.152806 0.000000
14.002519 7.664851 0.000000
14.685577 7.563985 0.000000
14.988132 7.489561 0.000000
15.372252 7.274827 0.000000
0.000000 0.000000 0.000000
0.076486 -0.043715 0.000000
0.122292 -0.082190 0.000000
0.230846 -0.102760 0.000000
0.198572 -0.114434 0.000000
0.377369 -0.121468 0.000000
0.375059 -0.190665 0.000000
0.551182 -0.143655 0.000000
0.474412 -0.189650 0.000000
0.619798 -0.016002 0.000000
0.634083 -0.056884 0.000000
0.539177 -0.276675 0.000000
0.465160 -0.172276 0.000000
0.637615 0.069537 0.000000
0.340107 0.007931 0.000000
0.374398 0.053691 0.000000
0.335796 0.035026 0.000000
0.375305 0.016992 0.000000
0.275063 -0.009088 0.000000
0.189103 0.008347 0.000000
0.108804 0.023256 0.000000
8.315113 8.570688 0.000000
9.629438 9.186034 0.000000
10.479704 9.449392 0.000000
11.099797 8.794131 0.000000
11.811589 8.236333 0.000000
12.466703 8.415433 0.000000
13.555681 7.861603 0.000000
14.373635 7.402146 0.000000
14.951366 6.442835 0.000000
15.320343 6.070248 0.000000
0.000000 0.000000 0.000000
0.057571 -0.052220 0.000000
0.213081 -0.051530 0.000000
0.181425 -0.056344 0.000000
0.298769 -0.036353 0.000000
0.389608 -0.071233 0.000000
0.440254 -0.055137 0.000000
0.482452 -0.032540 0.000000
0.536564 -0.114537 0.000000
0.715332 -0.226776 0.000000
0.334113 -0.204110 0.000000
0.758923 0.307535 0.000000
0.486507 0.108787 0.000000
0.307283 -0.137950 0.000000
0.336306 -0.016557 0.000000
0.516278 -0.012141 0.000000
0.207432 0.014651 0.000000
0.293691 0.180426 0.000000
0.270916 0.076115 0.000000
0.298276 0.206703 0.000000
0.079811 0.098943 0.000000
0.194534 0.333907 0.000000
9.271090 8.063567 0.000000
10.512130 7.544520 0.000000
11.282572 7.916328 0.000000
12.646181 7.577511 0.000000
11.901350 7.262339 0.000000
12.933859 7.108248 0.000000
13.505903 6.396389 0.000000
13.956093 6.179508 0.000000
15.090880 5.675099 0.000000
0.000000 0.000000 0.000000
0.089815 -0.062017 0.000000
0.181813 -0.121081 0.000000
0.141199 -0.119712 0.000000
0.273971 -0.130713 0.000000
0.266015 -0.168741 0.000000
0.401396 -0.092545 0.000000
0.579197 -0.233144 0.000000
0.426391 -0.007808 0.000000
0.583984 0.151253 0.000000
0.555354 0.060676 0.000000
0.643497 -0.310187 0.000000
0.082944 -0.257454 0.000000
0.970535 0.271207 0.000000
-0.037564 0.161569 0.000000
0.351205 0.236814 0.000000
0.112156 0.157448 0.000000
0.448911 0.221020 0.000000
0.285184 0.274959 0.000000
0.258315 0.270033 0.000000
0.112947 0.192055 0.000000
9.127956 -0.029926 0.000000
10.018767 8.849430 0.000000
10.205593 8.181451 0.000000
10.953985 8.088794 0.000000
11.137552 7.587974 0.000000
12.702018 7.017955 0.000000
13.346906 6.522506 0.000000
14.267992 5.706622 0.000000
13.972049 5.997659 0.000000
14.817267 5.279193 0.000000
0.000000 0.000000 0.000000
0.194763 -0.045286 0.000000
0.112452 -0.073982 0.000000
0.258339 0.035824 0.000000
0.217412 -0.082286 0.000000
0.509272 0.033199 0.000000
0.333041 -0.071148 0.000000
0.426319 -0.003138 0.000000
0.500398 -0.031703 0.000000
0.607881 -0.285007 0.000000
0.425088 0.121065 0.000000
0.505963 0.305026 0.000000
0.657572 0.649803 0.000000
0.436598 0.276065 0.000000
0.377407 0.061178 0.000000
0.813287 0.538849 0.000000
0.289988 0.225955 0.000000
0.435881 0.432073 0.000000
0.415372 0.361136 0.000000
0.155971 0.347565 0.000000
0.257144 0.277207 0.000000
9.247918 9.403530 0.000000
6.330290 6.704287 0.000000
10.396450 7.957915 0.000000
11.192605 6.932356 0.000000
11.287219 6.669901 0.000000
12.609068 6.238614 0.000000
12.466062 6.615373 0.000000
13.050914 6.080330 0.000000
13.944311 5.438672 0.000000
14.521960 4.745398 0.000000
0.000000 0.000000 0.000000
0.153535 0.047678 0.000000
0.217168 0.025750 0.000000
0.220324 -0.142187 0.000000
0.162054 -0.148703 0.000000
0.331634 -0.085082 0.000000
0.334920 -0.116555 0.000000
0.610078 0.050596 0.000000
0.450473 0.132393 0.000000
0.447805 0.166374 0.000000
0.547631 0.110467 0.000000
0.333499 -0.066396 0.000000
0.485552 -0.329532 0.000000
0.223772 0.021270 0.000000
1.290482 1.478796 0.000000
-1.121894 -0.769254 0.000000
-0.020803 0.107502 0.000000
0.112659 0.305820 0.000000
0.373319 0.376534 0.000000
0.269763 0.431299 0.000000
0.257368 0.320451 0.000000
8.845915 9.588560 0.000000
9.585641 8.303969 0.000000
10.229867 7.094196 0.000000
10.560479 6.334261 0.000000
11.564629 6.954366 0.000000
11.995950 5.703658 0.000000
12.957913 4.410402 0.000000
12.756206 5.220636 0.000000
13.608293 4.890524 0.000000
14.207587 4.348719 0.000000
0.000000 0.000000 0.000000
0.125006 -0.028592 0.000000
0.300072 -0.201860 0.000000
-0.057890 0.147853 0.000000
0.582431 0.335069 0.000000
0.181647 0.006905 0.000000
0.584459 0.198017 0.000000
0.144898 0.110517 0.000000
0.610520 -0.318311 0.000000
0.463838 0.322681 0.000000
0.480684 0.044500 0.000000
0.313228 0.457852 0.000000
0.731091 1.185096 0.000000
-0.244105 0.120202 0.000000
0.087579 -0.921780 0.000000
1.877183 1.774825 0.000000
0.762502 0.380693 0.000000
0.330181 0.483842 0.000000
0.373640 0.436968 0.000000
0.379809 0.379050 0.000000
0.306760 0.397725 0.000000
8.993484 0.077528 0.000000
8.447046 8.274217 0.000000
9.568903 6.894129 0.000000
10.178959 7.233863 0.000000
10.971508 5.922748 0.000000
11.619991 5.505422 0.000000
12.253781 5.648146 0.000000
13.172968 5.734343 0.000000
13.291955 4.461064 0.000000
13.930079 3.851365 0.000000
0.000000 0.000000 0.000000
0.148439 -0.019203 0.000000
0.210274 0.203815 0.000000
0.179527 -0.058125 0.000000
0.231900 -0.382170 0.000000
0.129903 -0.020552 0.000000
0.305631 0.055318 0.000000
0.432086 0.143308 0.000000
0.289394 0.698077 0.000000
0.300733 0.206860 0.000000
0.323850 -0.059473 0.000000
0.192348 0.762351 0.000000
0.331360 -1.359573 0.000000
0.464747 0.988401 0.000000
3.203782 3.620106 0.000000
-1.584397 -0.990543 0.000000
0.162966 0.864484 0.000000
0.217846 0.220518 0.000000
0.556849 0.154999 0.000000
0.250105 0.477924 0.000000
0.359658 0.349478 0.000000
8.095479 9.523168 0.000000
8.388732 7.623888 0.000000
9.179069 7.306954 0.000000
10.085083 6.861595 0.000000
11.016325 5.643299 0.000000
11.499846 5.659466 0.000000
11.878084 4.521735 0.000000
12.093543 3.578773 0.000000
12.995243 4.007802 0.000000
13.566225 3.383450 0.000000
0.000000 0.000000 0.000000
0.229279 0.078005 0.000000
-0.032748 -0.114174 0.000000
0.306827 -0.070587 0.000000
0.084246 0.557634 0.000000
0.635978 0.498757 0.000000
0.153574 -0.102917 0.000000
0.282497 0.227394 0.000000
0.493118 -0.095003 0.000000
0.350284 0.187268 0.000000
0.623290 0.777851 0.000000
0.363409 0.481324 0.000000
-0.082621 1.568332 0.000000
1.811532 0.169542 0.000000
-1.990961 -1.032830 0.000000
1.032703 1.411834 0.000000
-0.237783 -0.300224 0.000000
0.479156 0.260561 0.000000
0.620261 0.382816 0.000000
0.499577 0.346470 0.000000
0.452764 0.355673 0.000000
9.641383 0.005133 0.000000
9.557638 8.955218 0.000000
6.952677 10.836285 0.000000
8.389140 8.650094 0.000000
10.079681 4.772434 0.000000
10.292555 4.336114 0.000000
11.615647 4.339300 0.000000
12.471711 4.466805 0.000000
12.521861 3.615604 0.000000
13.192137 2.944185 0.000000
0.000000 0.000000 0.000000
0.127157 0.135181 0.000000
0.171704 0.098009 0.000000
0.229834 0.454011 0.000000
0.008969 -0.631322 0.000000
0.247168 -0.224467 0.000000
0.104970 0.289674 0.000000
0.468621 0.571407 0.000000
0.211193 0.244765 0.000000
0.195855 0.520183 0.000000
0.048932 0.122441 0.000000
0.395139 -0.104325 0.000000
0.193028 0.326892 0.000000
-0.049128 1.473434 0.000000
3.093821 1.768980 0.000000
-0.850203 -1.672158 0.000000
0.640630 -0.355899 0.000000
-0.064824 0.322314 0.000000
0.275078 0.418685 0.000000
0.207524 0.304655 0.000000
0.319731 0.352910 0.000000
8.683703 5.259867 0.000000
8.676058 -0.125969 0.000000
7.670395 8.411316 0.000000
9.904855 6.038384 0.000000
9.752718 6.168427 0.000000
11.302213 4.796278 0.000000
11.427388 5.071697 0.000000
11.023748 2.597300 0.000000
12.056903 3.207357 0.000000
12.758784 2.485215 0.000000
0.000000 0.000000 0.000000
0.025398 0.000877 0.000000
0.318187 0.018632 0.000000
-0.304829 -0.139943 0.000000
0.620102 0.640142 0.000000
0.042499 0.849487 0.000000
0.324877 0.085212 0.000000
0.377728 -0.230352 0.000000
-0.005459 0.463667 0.000000
0.680352 0.290945 0.000000
0.350931 0.295557 0.000000
0.473259 1.182523 0.000000
0.870417 0.146711 0.000000
-0.406041 -0.416349 0.000000
-1.229077 -1.886703 0.000000
-1.120566 0.854455 0.000000
1.169477 0.318132 0.000000
-0.299070 0.794753 0.000000
0.646451 0.126954 0.000000
0.539897 0.307528 0.000000
0.435766 0.361926 0.000000
9.011162 5.813320 0.000000
8.541113 3.764477 0.000000
7.653325 5.585447 0.000000
9.643604 6.844218 0.000000
8.460390 7.308666 0.000000
10.093497 4.445063 0.000000
10.889292 3.231739 0.000000
11.896123 3.802319 0.000000
11.898654 2.897094 0.000000
12.335192 2.093088 0.000000
0.000000 0.000000 0.000000
0.103355 0.115938 0.000000
0.075793 0.247402 0.000000
0.098459 0.043236 0.000000
0.373915 0.240823 0.000000
-0.366175 -0.828671 0.000000
0.694759 0.236085 0.000000
-0.167532 0.998624 0.000000
0.647547 0.135948 0.000000
0.117461 0.350329 0.000000
-0.046524 0.178553 0.000000
0.096310 0.308681 0.000000
0.376897 -0.265189 0.000000
1.002354 2.749397 0.000000
1.561961 0.943838 0.000000
-0.165325 0.056371 0.000000
0.181094 0.181874 0.000000
-0.024699 -0.065108 0.000000
0.713770 0.311828 0.000000
0.211028 0.347759 0.000000
0.367735 0.217590 0.000000
11.636015 5.017369 0.000000
8.439458 15.738653 0.000000
6.641577 8.195964 0.000000
10.541332 8.446877 0.000000
9.651629 5.772275 0.000000
9.876146 3.841110 0.000000
10.007292 4.230981 0.000000
10.373191 2.847191 0.000000
11.427749 2.235440 0.000000
11.812857 1.748999 0.000000
0.000000 0.000000 0.000000
-0.010392 0.092746 0.000000
0.079146 -0.026472 0.000000
0.027911 0.334291 0.000000
0.152546 0.095768 0.000000
0.149889 0.971910 0.000000
0.444390 0.637832 0.000000
-0.239521 -0.700315 0.000000
0.777228 0.391621 0.000000
-0.225243 0.504069 0.000000
1.193577 0.578426 0.000000
0.064818 0.455598 0.000000
0.774371 0.818249 0.000000
-1.011942 -0.846636 0.000000
0.823405 -0.637024 0.000000
-0.084859 0.162416 0.000000
0.666005 -0.262082 0.000000
0.480409 0.892487 0.000000
-0.097739 0.676563 0.000000
0.219752 0.277674 0.000000
9.211686 5.886904 0.000000
9.316164 5.750859 0.000000
4.524082 8.632231 0.000000
7.458585 8.500527 0.000000
8.016148 9.168769 0.000000
7.885487 7.846915 0.000000
8.378819 6.172134 0.000000
10.330823 4.765006 0.000000
11.254165 3.284157 0.000000
10.583053 2.789112 0.000000
11.303377 1.445158 0.000000
0.000000 0.000000 0.000000
0.022155 0.173078 0.000000
0.015565 0.152951 0.000000
0.113637 0.201143 0.000000
-0.050767 0.047717 0.000000
0.438759 0.056634 0.000000
-0.452201 -0.317073 0.000000
0.559445 0.937348 0.000000
0.102243 0.572839 0.000000
-0.083499 -0.097284 0.000000
0.306699 -0.159027 0.000000
-0.150220 0.101458 0.000000
0.490177 0.619044 0.000000
0.734161 0.439140 0.000000
-1.104187 1.752640 0.000000
1.603101 -0.344382 0.000000
0.033484 0.249179 0.000000
0.339074 -0.032285 0.000000
0.390527 0.012923 0.000000
0.724095 0.352286 0.000000
0.446020 0.418750 0.000000
1.027023 0.924890 0.000000
6.513842 3.763749 0.000000
8.825716 4.637588 0.000000
7.311333 8.985729 0.000000
8.139210 8.038381 0.000000
8.497405 7.280659 0.000000
9.563355 3.692868 0.000000
9.986997 2.026372 0.000000
10.808176 2.252092 0.000000
10.804923 1.200666 0.000000
0.000000 0.000000 0.000000
0.002342 0.165031 0.000000
-0.080660 0.079756 0.000000
0.209534 0.072270 0.000000
-0.078631 0.338054 0.000000
0.456640 0.440052 0.000000
-0.072281 0.438839 0.000000
1.112774 0.132533 0.000000
-1.073274 -0.184419 0.000000
1.626025 0.492463 0.000000
-0.344076 1.125612 0.000000
1.131470 0.409839 0.000000
-0.449649 -0.718784 0.000000
0.660330 0.974632 0.000000
0.489761 -0.463481 0.000000
0.580309 -0.378544 0.000000
0.203131 1.401024 0.000000
0.863009 0.141318 0.000000
0.113479 0.280072 0.000000
0.314085 -0.229092 0.000000
0.002317 0.172993 0.000000
7.669824 6.835352 0.000000
8.052612 5.844381 0.000000
8.192278 2.615706 0.000000
8.421744 4.168528 0.000000
4.242803 5.963387 0.000000
7.096947 11.013748 0.000000
8.968093 6.961613 0.000000
8.771573 5.222850 0.000000
10.191219 2.083687 0.000000
10.147797 1.114415 0.000000
0.000000 0.000000 0.000000
-0.090999 0.131494 0.000000
0.006987 0.151351 0.000000
0.094180 0.238610 0.000000
-0.134694 0.151110 0.000000
0.223674 -0.193413 0.000000
-0.171585 0.265186 0.000000
0.399477 0.151950 0.000000
0.129155 0.510497 0.000000
1.004012 0.306443 0.000000
-1.063437 -1.081551 0.000000
1.368041 0.344391 0.000000
-0.321376 0.472667 0.000000
0.892319 0.111099 0.000000
-0.530669 -0.349132 0.000000
0.563693 2.734824 0.000000
-0.750037 -0.275200 0.000000
1.201631 -0.974757 0.000000
0.306968 0.369323 0.000000
0.744484 0.340743 0.000000
0.260484 0.058541 0.000000
-2.805669 7.332043 0.000000
6.748575 7.595013 0.000000
7.543531 8.472870 0.000000
8.992384 6.971949 0.000000
6.140366 7.307052 0.000000
9.079038 6.786338 0.000000
10.354814 4.952996 0.000000
9.369180 2.883551 0.000000
9.600150 2.384012 0.000000
9.592282 1.016856 0.000000
0.000000 0.000000 0.000000
0.006104 0.184784 0.000000
-0.040027 -0.077417 0.000000
0.020219 0.242229 0.000000
0.201346 0.150649 0.000000
0.033651 0.491287 0.000000
0.148085 0.264123 0.000000
0.296193 0.037585 0.000000
0.132393 0.282442 0.000000
-0.024797 -0.129374 0.000000
0.734960 1.180149 0.000000
0.263807 0.157248 0.000000
-0.146144 -0.068921 0.000000
0.741181 0.264656 0.000000
0.003952 0.350139 0.000000
1.299785 -2.217612 0.000000
-0.328423 1.543670 0.000000
-0.056823 2.273173 0.000000
-0.506585 0.822451 0.000000
0.773299 0.148058 0.000000
-3.762874 -1.173526 0.000000
7.022480 3.077099 0.000000
5.421528 7.182894 0.000000
5.366041 12.469553 0.000000
3.918016 8.498585 0.000000
6.728323 9.418507 0.000000
7.059817 5.195080 0.000000
7.045233 4.004617 0.000000
6.951086 6.178886 0.000000
9.064954 3.047612 0.000000
9.075438 0.974851 0.000000
0.000000 0.000000 0.000000
-0.044923 0.106110 0.000000
-0.105116 0.330359 0.000000
0.108320 -0.009385 0.000000
0.004120 0.221136 0.000000
0.073691 0.048848 0.000000
0.244469 0.050042 0.000000
0.014498 0.367116 0.000000
0.550314 0.158559 0.000000
-0.021989 0.158547 0.000000
0.837250 0.097230 0.000000
-0.521581 -0.234266 0.000000
1.108314 0.511344 0.000000
0.007129 -0.105935 0.000000
0.258320 0.526750 0.000000
-0.264021 0.093254 0.000000
1.304387 -0.084304 0.000000
-0.377082 -2.534493 0.000000
2.904700 2.260832 0.000000
2.532236 1.288719 0.000000
-2.375720 -2.230849 0.000000
11.858238 -0.300028 0.000000
7.397343 3.419343 0.000000
6.926487 6.046356 0.000000
7.136231 7.391107 0.000000
8.555122 9.484619 0.000000
7.353332 5.063307 0.000000
6.405887 6.744549 0.000000
9.219046 3.107915 0.000000
8.907569 5.053056 0.000000
9.082278 2.291244 0.000000
0.000000 0.000000 0.000000
-0.111460 0.145846 0.000000
0.076264 0.048448 0.000000
-0.008321 0.048241 0.000000
0.056636 0.401359 0.000000
0.180431 0.033821 0.000000
0.132478 0.354206 0.000000
0.148562 0.076149 0.000000
0.324634 0.300185 0.000000
0.287908 0.210226 0.000000
0.311160 0.058471 0.000000
0.253644 0.466831 0.000000
1.001130 0.091541 0.000000
-0.940614 0.446585 0.000000
1.412544 -0.247925 0.000000
0.238635 1.543124 0.000000
-0.410769 -1.582700 0.000000
1.314374 3.143129 0.000000
-2.068214 -0.814035 0.000000
-2.871545 1.310046 0.000000
-8.937369 -1.314134 0.000000
6.226934 3.506345 0.000000
3.254227 3.071390 0.000000
5.102825 7.538574 0.000000
11.075325 6.886887 0.000000
5.292932 6.865980 0.000000
8.111751 5.999321 0.000000
8.944212 6.530807 0.000000
9.487810 6.095732 0.000000
8.210662 4.642649 0.000000
9.251971 1.937367 0.000000
0.000000 0.000000 0.000000
-0.041563 0.166377 0.000000
-0.020991 0.148601 0.000000
-0.117567 0.291975 0.000000
0.289130 -0.005518 0.000000
0.048615 0.098402 0.000000
0.173736 0.318010 0.000000
0.415784 -0.123418 0.000000
-0.050162 0.232961 0.000000
0.400691 0.038331 0.000000
0.289770 0.325830 0.000000
0.512958 0.082315 0.000000
0.000020 -0.241884 0.000000
1.486188 0.286884 0.000000
-0.293076 -0.726077 0.000000
0.575402 0.281143 0.000000
0.339464 -0.858468 0.000000
0.145281 0.449246 0.000000
2.472142 -3.072126 0.000000
3.352687 -0.120512 0.000000
5.414467 -2.622223 0.000000
1.796944 -2.323833 0.000000
1.844992 2.332240 0.000000
5.929914 1.382690 0.000000
9.353639 5.704244 0.000000
5.447135 6.927022 0.000000
7.135176 7.617868 0.000000
7.546701 6.557514 0.000000
9.659509 4.479061 0.000000
7.844232 5.054906 0.000000
8.470528 2.005855 0.000000
0.000000 0.000000 0.000000
-0.077715 0.069751 0.000000
-0.035600 0.048357 0.000000
0.121939 -0.012321 0.000000
0.085297 0.222410 0.000000
-0.027215 0.444356 0.000000
0.451338 -0.235076 0.000000
-0.016569 0.640134 0.000000
0.384199 0.190817 0.000000
0.391709 0.054456 0.000000
0.006892 0.111070 0.000000
0.677928 0.025080 0.000000
0.173745 0.424099 0.000000
0.886532 0.260993 0.000000
-0.541375 0.419060 0.000000
1.239058 0.290313 0.000000
-0.093252 -0.216772 0.000000
0.802327 -0.346843 0.000000
-1.981372 1.962396 0.000000
1.707029 -1.256917 0.000000
-0.683025 4.768265 0.000000
4.653781 -3.463596 0.000000
5.471398 3.126182 0.000000
5.779024 1.544656 0.000000
1.327583 1.136847 0.000000
6.395241 4.565748 0.000000
6.049381 6.305893 0.000000
6.249836 4.240302 0.000000
7.428362 5.343502 0.000000
9.219644 3.798360 0.000000
9.437183 2.977018 0.000000
0.000000 0.000000 0.000000
0.025013 0.168652 0.000000
-0.076944 0.090770 0.000000
-0.003959 0.288002 0.000000
0.100857 0.127039 0.000000
0.256859 -0.031426 0.000000
0.187353 0.221711 0.000000
0.190006 0.025717 0.000000
0.378551 -0.075672 0.000000
0.121305 0.418414 0.000000
0.283133 0.218088 0.000000
0.600826 0.166044 0.000000
-0.222943 -0.005875 0.000000
0.816344 0.177310 0.000000
0.426887 -0.305909 0.000000
0.415952 -0.521688 0.000000
0.442223 0.135590 0.000000
1.920625 -0.827803 0.000000
1.172535 -0.629709 0.000000
4.165004 -0.426769 0.000000
1.036811 0.553145 0.000000
4.181667 -1.613584 0.000000
5.216042 2.455018 0.000000
1.870066 -1.734656 0.000000
1.848408 2.277798 0.000000
4.623884 6.811464 0.000000
6.249028 7.677000 0.000000
6.088187 5.067618 0.000000
7.947160 4.193604 0.000000
8.025662 4.525863 0.000000
8.597354 3.469643 0.000000
0.000000 0.000000 0.000000
-0.100562 0.067820 0.000000
0.050273 0.183270 0.000000
0.005999 -0.126251 0.000000
0.158759 0.182998 0.000000
0.061936 0.232390 0.000000
0.120867 0.298135 0.000000
0.480447 0.121460 0.000000
0.106838 0.319468 0.000000
0.391810 0.065619 0.000000
0.417152 -0.210852 0.000000
-0.022549 0.336500 0.000000
0.690979 0.132589 0.000000
0.282401 -0.299184 0.000000
0.135163 0.921412 0.000000
1.111115 -0.453529 0.000000
-1.150868 1.034181 0.000000
-0.199197 0.291195 0.000000
-1.342579 0.655070 0.000000
1.836397 -0.475033 0.000000
-1.406465 -1.421076 0.000000
1.163922 1.505042 0.000000
1.248734 0.740611 0.000000
2.966477 3.686681 0.000000
0.721726 0.077331 0.000000
4.010143 3.645812 0.000000
0.622479 -0.017776 0.000000
7.576362 2.993762 0.000000
6.056166 6.391720 0.000000
7.258970 1.926347 0.000000
7.248735 4.357674 0.000000
0.000000 0.000000 0.000000
-0.008750 0.027472 0.000000
-0.010004 0.048865 0.000000
-0.023380 0.048627 0.000000
0.125154 0.405107 0.000000
0.295286 -0.113165 0.000000
0.140731 -0.009172 0.000000
0.359414 0.109405 0.000000
0.089982 0.206251 0.000000
0.626876 0.133760 0.000000
0.013629 0.438218 0.000000
0.483996 0.084505 0.000000
0.480709 0.335096 0.000000
0.129307 0.120872 0.000000
0.557208 -0.216174 0.000000
0.719887 -0.261973 0.000000
-0.786857 0.116929 0.000000
2.456526 -0.370166 0.000000
-1.169349 0.311067 0.000000
1.993268 0.681659 0.000000
-0.913743 1.902911 0.000000
2.809535 -0.346381 0.000000
2.438421 2.741172 0.000000
3.328827 1.337515 0.000000
2.504345 1.185550 0.000000
2.734419 2.817076 0.000000
4.968395 6.310169 0.000000
3.894354 3.052937 0.000000
6.975456 6.274929 0.000000
7.764255 3.246750 0.000000
8.472079 0.422354 0.000000
0.000000 0.000000 0.000000
0.035261 0.144690 0.000000
-0.161239 0.061586 0.000000
0.238827 0.248888 0.000000
-0.133093 -0.383087 0.000000
0.263784 0.366941 0.000000
0.067726 0.362546 0.000000
0.417881 0.196151 0.000000
0.255421 -0.094432 0.000000
0.390282 0.006655 0.000000
0.371644 0.063525 0.000000
0.635258 -0.024078 0.000000
-0.039095 -0.062146 0.000000
0.845306 0.079011 0.000000
0.315777 -0.059854 0.000000
0.230447 0.901196 0.000000
0.934225 0.203081 0.000000
0.577434 -0.264525 0.000000
0.785510 -0.019424 0.000000
0.581079 -0.124371 0.000000
1.735813 -0.216045 0.000000
1.063355 -1.215267 0.000000
0.374652 0.024547 0.000000
0.917607 1.345698 0.000000
1.787338 0.653483 0.000000
5.756229 4.705645 0.000000
4.545412 3.894298 0.000000
2.294494 2.822115 0.000000
7.567528 4.452793 0.000000
6.626340 6.279137 0.000000
8.220203 0.417999 0.000000
0.000000 0.000000 0.000000
0.013830 -0.003729 0.000000
-0.033128 -0.028583 0.000000
0.129330 -0.035813 0.000000
0.033402 0.336897 0.000000
0.312042 0.119329 0.000000
0.079793 -0.252715 0.000000
0.370531 0.066034 0.000000
0.168330 0.393928 0.000000
0.321474 0.354678 0.000000
0.339145 -0.056310 0.000000
0.409431 0.156970 0.000000
0.299691 0.210371 0.000000
0.440068 -0.382859 0.000000
0.122244 0.443593 0.000000
0.870186 -0.225408 0.000000
0.671354 -1.253425 0.000000
0.485280 0.522922 0.000000
0.479333 0.094711 0.000000
0.551641 -0.302933 0.000000
0.630907 0.813488 0.000000
0.708564 0.195580 0.000000
1.333382 0.556890 0.000000
2.537952 0.196702 0.000000
2.141636 3.075874 0.000000
1.332273 0.860666 0.000000
2.742595 0.966066 0.000000
-0.583693 3.651548 0.000000
2.774815 2.409686 0.000000
6.673883 0.874621 0.000000
11.543385 4.218643 0.000000
0.000000 0.000000 0.000000
0.090440 0.105807 0.000000
-0.014124 0.062403 0.000000
-0.090900 0.114462 0.000000
0.165405 -0.176912 0.000000
0.077493 0.023047 0.000000
0.172630 0.294933 0.000000
0.361229 0.245036 0.000000
0.245302 -0.064719 0.000000
0.542805 -0.447298 0.000000
0.265760 0.088800 0.000000
0.374820 0.274379 0.000000
0.602908 -0.276215 0.000000
0.375808 0.284525 0.000000
0.351523 0.196773 0.000000
0.875532 1.016087 0.000000
-0.407613 0.318615 0.000000
1.246274 -0.718272 0.000000
0.349714 0.154012 0.000000
0.670370 -0.152269 0.000000
1.143237 0.765323 0.000000
0.378148 0.194772 0.000000
1.352949 0.504487 0.000000
0.288694 0.737759 0.000000
2.496226 0.042719 0.000000
1.249687 1.077973 0.000000
2.159614 1.647652 0.000000
2.163191 2.352626 0.000000
5.639185 -1.065238 0.000000
1.372711 2.694961 0.000000
6.528281 -0.194013 0.000000
0.000000 0.000000 0.000000
-0.010022 -0.007983 0.000000
0.090465 0.149224 0.000000
0.077658 -0.254885 0.000000
0.181702 0.304678 0.000000
0.128850 -0.024060 0.000000
0.303660 0.034135 0.000000
0.132894 -0.117079 0.000000
0.296985 0.142913 0.000000
0.310028 0.924543 0.000000
0.562803 -0.016780 0.000000
0.357596 -0.470629 0.000000
0.335271 0.169383 0.000000
0.440825 -0.070324 0.000000
0.663629 -0.079780 0.000000
0.027629 -0.502819 0.000000
0.806803 -0.310987 0.000000
0.343436 -0.568887 0.000000
0.120836 0.296167 0.000000
1.600708 0.231577 0.000000
-0.368285 0.368346 0.000000
2.122136 -0.898629 0.000000
-0.062446 1.128637 0.000000
0.466707 0.035887 0.000000
1.154427 0.428333 0.000000
2.109830 4.033300 0.000000
0.596639 -0.161569 0.000000
4.859197 1.277546 0.000000
-1.128283 4.799649 0.000000
3.987325 0.205907 0.000000
7.060631 6.663379 0.000000
0.000000 0.000000 0.000000
0.159485 -0.023475 0.000000
0.019552 -0.129501 0.000000
-0.082488 0.032445 0.000000
0.131031 0.065206 0.000000
-0.182570 0.056857 0.000000
0.508194 -0.084332 0.000000
0.029859 0.111170 0.000000
0.738206 0.034356 0.000000
-0.029601 -0.826315 0.000000
0.549339 -0.020278 0.000000
0.462803 0.649296 0.000000
0.684015 -0.225566 0.000000
0.327684 -0.099809 0.000000
0.436854 0.289487 0.000000
0.319715 -0.096523 0.000000
0.134938 0.635292 0.000000
0.060978 1.416009 0.000000
1.523342 -2.520031 0.000000
0.416591 0.312041 0.000000
0.835607 0.925239 0.000000
0.728409 -0.244125 0.000000
1.046640 0.498295 0.000000
1.347165 0.513409 0.000000
1.043082 -0.034829 0.000000
1.798695 -1.535832 0.000000
0.163582 1.819470 0.000000
1.558418 -0.578208 0.000000
-0.207055 2.004935 0.000000
2.674927 1.572581 0.000000
0.451962 0.431387 0.000000
0.000000 0.000000 0.000000
0.066416 0.126036 0.000000
0.030981 0.200523 0.000000
0.252446 0.281810 0.000000
0.033294 -0.406405 0.000000
0.412713 0.000609 0.000000
0.186617 0.195282 0.000000
-0.154952 -0.092241 0.000000
0.778724 0.181469 0.000000
-0.374912 0.596826 0.000000
1.336903 0.415750 0.000000
-0.967596 -0.678976 0.000000
1.483054 0.028063 0.000000
-0.066687 0.091729 0.000000
0.693597 -0.029640 0.000000
0.197742 0.265917 0.000000
0.814342 -0.310966 0.000000
0.178252 -0.084835 0.000000
-1.677211 -0.263510 0.000000
2.390080 0.463044 0.000000
0.157599 0.083780 0.000000
0.603102 -1.906409 0.000000
1.143059 1.184141 0.000000
0.858075 0.212576 0.000000
0.060667 0.420132 0.000000
-0.150803 0.412167 0.000000
0.429697 1.784762 0.000000
0.724736 2.756378 0.000000
2.148863 1.332906 0.000000
3.375778 0.848855 0.000000
3.557726 3.387409 0.000000
0.000000 0.000000 0.000000
0.239290 -0.059239 0.000000
-0.118996 -0.277463 0.000000
0.311905 -0.316034 0.000000
-0.071733 0.470628 0.000000
-0.089036 0.040382 0.000000
0.536314 -0.192106 0.000000
0.103339 -0.008580 0.000000
0.649992 -0.269328 0.000000
-0.042629 -0.374279 0.000000
0.757377 -0.281544 0.000000
0.157432 0.346541 0.000000
0.285600 0.833460 0.000000
0.528325 -0.126188 0.000000
0.370531 -0.118866 0.000000
0.397057 0.217064 0.000000
-0.112228 0.972056 0.000000
0.611685 -1.302148 0.000000
0.458428 3.035804 0.000000
0.722883 0.057070 0.000000
-0.547189 0.829138 0.000000
-1.086006 0.069410 0.000000
2.709450 3.406127 0.000000
1.742693 -0.291720 0.000000
1.462648 0.991137 0.000000
0.058494 -0.295652 0.000000
1.151684 1.233172 0.000000
0.269269 0.827109 0.000000
3.348570 -1.863992 0.000000
2.002239 1.400224 0.000000
1.758973 2.419283 0.000000
0.000000 0.000000 0.000000
-0.131199 0.095596 0.000000
0.501972 0.523694 0.000000
-0.390245 0.349203 0.000000
1.223990 -0.721282 0.000000
-0.560469 0.279363 0.000000
0.350114 -0.164140 0.000000
0.026449 0.183882 0.000000
0.024673 0.299122 0.000000
0.703026 0.105521 0.000000
0.186371 0.202189 0.000000
0.567770 0.029573 0.000000
0.412900 -0.888388 0.000000
0.353775 0.013166 0.000000
0.457444 0.363489 0.000000
0.391402 0.246647 0.000000
0.316200 -0.667597 0.000000
0.872411 0.639192 0.000000
-0.481409 -0.254769 0.000000
1.620069 0.378004 0.000000
-1.383572 0.120938 0.000000
0.024090 -1.675417 0.000000
0.372542 -0.530787 0.000000
0.351476 2.130939 0.000000
0.322199 -0.370223 0.000000
1.094237 -0.277630 0.000000
0.575925 0.437126 0.000000
0.914979 -0.005246 0.000000
-0.273765 2.330445 0.000000
1.637891 0.939684 0.000000
2.556906 1.116970 0.000000
0.000000 0.000000 0.000000
0.244388 -0.155701 0.000000
0.033593 -0.652008 0.000000
0.570456 -0.234296 0.000000
-0.456262 0.291417 0.000000
0.262943 0.129376 0.000000
0.256082 0.112532 0.000000
0.387359 -0.150569 0.000000
0.400708 -0.564922 0.000000
0.312026 -0.001925 0.000000
0.066745 -0.273341 0.000000
0.765063 -0.162849 0.000000
-0.184178 0.654141 0.000000
1.098533 0.510235 0.000000
-0.713812 -0.334419 0.000000
1.269420 0.123848 0.000000
-0.684927 0.440766 0.000000
0.837531 0.583085 0.000000
-0.131696 0.900653 0.000000
0.762031 -0.186835 0.000000
0.745766 0.786920 0.000000
-0.030636 0.424662 0.000000
0.872590 0.808931 0.000000
0.736262 -0.358626 0.000000
1.440306 0.489889 0.000000
-0.299565 1.449818 0.000000
2.030982 -0.241918 0.000000
1.430395 0.489166 0.000000
1.282030 1.000077 0.000000
1.913424 0.296931 0.000000
2.230142 1.080109 0.000000
0.000000 0.000000 0.000000
0.391582 0.086259 0.000000
-0.913268 0.786978 0.000000
1.711757 -0.405865 0.000000
-0.177970 0.324311 0.000000
1.059809 -0.651425 0.000000
-0.255288 -0.074900 0.000000
0.179191 0.121739 0.000000
0.104380 0.322793 0.000000
0.593981 0.129205 0.000000
0.263228 0.021311 0.000000
0.737695 0.159188 0.000000
-0.101466 -0.430863 0.000000
0.748835 -0.578451 0.000000
-0.116627 0.328598 0.000000
0.441928 0.231092 0.000000
0.102913 -0.433284 0.000000
0.339412 -0.162765 0.000000
0.159827 -0.017746 0.000000
-0.457085 0.441187 0.000000
0.894617 1.221829 0.000000
0.524705 -0.655282 0.000000
0.802267 1.157707 0.000000
-0.206702 0.948528 0.000000
1.209666 0.147107 0.000000
0.530163 -0.236534 0.000000
0.731415 -0.166528 0.000000
-1.416437 1.659943 0.000000
2.153780 -0.996338 0.000000
0.440928 0.632818 0.000000
1.854766 1.137244 0.000000
0.000000 0.000000 0.000000
-0.174477 0.200908 0.000000
0.719877 -0.566424 0.000000
-1.638019 0.480197 0.000000
1.241393 -0.473544 0.000000
-0.718490 0.633992 0.000000
0.313693 0.134953 0.000000
1.086852 -0.063408 0.000000
-0.317612 -0.241716 0.000000
0.663591 -0.609518 0.000000
0.055999 0.022861 0.000000
0.198306 -0.207725 0.000000
0.568873 0.020071 0.000000
0.156199 0.720222 0.000000
0.529003 0.094687 0.000000
0.121377 -0.068762 0.000000
0.262780 1.082114 0.000000
0.094174 0.321383 0.000000
0.537543 0.688118 0.000000
0.670292 -0.271809 0.000000
0.311056 1.011905 0.000000
-0.318702 0.137912 0.000000
0.815925 -0.863984 0.000000
0.394084 0.999099 0.000000
0.528610 0.073331 0.000000
0.524798 0.351188 0.000000
1.077532 1.113868 0.000000
1.377165 -1.371925 0.000000
1.021610 1.512439 0.000000
0.747600 0.248679 0.000000
1.446176 0.848961 0.000000
0.000000 0.000000 0.000000
0.075250 -0.083332 0.000000
0.188840 0.682300 0.000000
-0.338674 0.061650 0.000000
2.216714 0.577116 0.000000
2.250964 0.172473 0.000000
-1.584661 -0.134534 0.000000
0.588093 -0.129371 0.000000
-0.137839 0.270807 0.000000
0.406011 0.677520 0.000000
0.370068 0.112282 0.000000
0.519419 -0.197251 0.000000
0.287702 0.593029 0.000000
0.082616 -1.570819 0.000000
0.339521 -0.216699 0.000000
-0.139785 0.156065 0.000000
0.362621 -0.424417 0.000000
0.089560 -0.757187 0.000000
0.086084 0.145425 0.000000
-0.118749 -0.091144 0.000000
0.573756 0.744736 0.000000
0.392954 0.025417 0.000000
1.026940 -0.132151 0.000000
1.379667 0.587649 0.000000
1.573383 1.975117 0.000000
-0.511711 0.049183 0.000000
1.216265 -0.488221 0.000000
-0.117464 1.351646 0.000000
0.737303 -0.997928 0.000000
1.325425 0.067664 0.000000
1.196052 0.613715 0.000000
0.000000 0.000000 0.000000
0.140987 0.034160 0.000000
0.063755 -0.137848 0.000000
-0.073209 -0.930866 0.000000
-2.562918 -0.515273 0.000000
-0.167781 0.295508 0.000000
2.037284 -0.041152 0.000000
0.611743 0.325416 0.000000
0.204910 0.094308 0.000000
0.434396 -0.819740 0.000000
0.175509 -0.112470 0.000000
0.138808 -0.001318 0.000000
0.522857 -0.299614 0.000000
0.244610 1.325469 0.000000
0.395799 0.418800 0.000000
0.340283 -0.365850 0.000000
0.177772 0.927906 0.000000
-0.021671 0.557966 0.000000
0.563714 0.536494 0.000000
0.732621 0.516280 0.000000
0.213999 -0.696958 0.000000
0.240258 0.490320 0.000000
-0.242730 0.492907 0.000000
-0.493576 -1.777365 0.000000
0.454560 1.122576 0.000000
1.004122 0.315672 0.000000
0.861474 0.708275 0.000000
1.836813 0.967166 0.000000
0.466435 0.097121 0.000000
0.821879 0.454052 0.000000
0.869173 0.580405 0.000000
0.000000 0.000000 0.000000
0.136134 0.019079 0.000000
0.008706 0.235177 0.000000
0.272818 1.242946 0.000000
0.406542 -0.349845 0.000000
1.405873 0.185361 0.000000
-2.447178 0.171456 0.000000
1.208410 -0.346424 0.000000
0.318734 -0.359722 0.000000
0.521371 0.894161 0.000000
0.225849 0.434153 0.000000
0.927603 0.169411 0.000000
-0.641381 0.441757 0.000000
0.851078 -0.530980 0.000000
-0.392379 -1.230217 0.000000
0.091524 0.446964 0.000000
0.326865 -0.248280 0.000000
-0.111052 -0.420494 0.000000
0.322658 -0.541130 0.000000
-0.429169 0.017628 0.000000
0.617597 0.280608 0.000000
0.249206 0.621270 0.000000
0.592005 -0.460520 0.000000
0.724454 0.830092 0.000000
0.113942 -0.637562 0.000000
-0.165864 0.367146 0.000000
1.500879 0.296486 0.000000
-0.068771 -0.681875 0.000000
0.179936 0.377784 0.000000
0.762020 0.184044 0.000000
0.795406 0.435709 0.000000
0.000000 0.000000 0.000000
0.094036 0.028310 0.000000
-0.104536 -0.176420 0.000000
0.540077 -0.723231 0.000000
-0.514841 0.172111 0.000000
0.186209 -0.393698 0.000000
0.046288 0.378812 0.000000
0.887213 0.721997 0.000000
-0.628482 -0.001769 0.000000
0.929300 -0.636458 0.000000
-0.073971 -0.732375 0.000000
0.327377 0.166288 0.000000
0.419952 -0.165706 0.000000
0.736719 0.915406 0.000000
-0.093090 1.177077 0.000000
0.704236 0.124518 0.000000
-0.025330 0.236441 0.000000
0.177292 0.534220 0.000000
0.894709 0.182215 0.000000
0.642819 0.480743 0.000000
-0.232147 -0.201805 0.000000
0.473203 -0.333256 0.000000
1.339909 0.352358 0.000000
1.862630 0.127792 0.000000
0.081730 0.091083 0.000000
-0.538900 -0.240577 0.000000
0.603085 0.262153 0.000000
0.944638 0.337501 0.000000
0.732331 0.161789 0.000000
0.615847 0.194204 0.000000
0.695365 0.412521 0.000000
0.000000 0.000000 0.000000
0.053850 -0.001042 0.000000
0.641896 0.318746 0.000000
-1.334416 0.454047 0.000000
1.689129 0.137339 0.000000
-0.165483 0.377837 0.000000
0.322145 -0.013676 0.000000
-0.227757 -0.420930 0.000000
0.195163 0.178683 0.000000
0.393539 0.523781 0.000000
0.047106 0.986420 0.000000
0.845399 0.214535 0.000000
-0.411201 0.112821 0.000000
0.398688 -0.294800 0.000000
-0.354801 -0.735136 0.000000
0.425934 -0.117439 0.000000
-0.350351 0.487258 0.000000
0.405049 -0.124221 0.000000
-1.814251 -0.114766 0.000000
1.962820 0.314613 0.000000
-1.401939 -0.126922 0.000000
0.932750 0.813642 0.000000
-0.962735 -0.722090 0.000000
0.246685 0.432849 0.000000
0.458306 0.791549 0.000000
1.001813 0.363005 0.000000
0.056373 0.690136 0.000000
0.522920 -0.175001 0.000000
0.796155 0.310597 0.000000
0.497278 0.521553 0.000000
0.636767 0.459314 0.000000
0.000000 0.000000 0.000000
0.136969 -0.092635 0.000000
-0.229364 -0.262843 0.000000
0.727347 -0.357954 0.000000
-0.030770 -0.430735 0.000000
-0.229393 -0.484844 0.000000
1.207824 0.037974 0.000000
0.016347 0.205615 0.000000
0.707680 0.336959 0.000000
-0.193536 -0.207938 0.000000
0.032221 -0.837970 0.000000
0.122107 -0.376132 0.000000
0.223204 0.909568 0.000000
0.376861 0.895621 0.000000
0.174970 0.663259 0.000000
0.166967 0.558124 0.000000
0.080018 0.174277 0.000000
-0.241660 0.593405 0.000000
1.177837 0.151420 0.000000
-0.866267 0.239326 0.000000
1.107159 0.453801 0.000000
0.906308 -0.467017 0.000000
-0.163576 0.349130 0.000000
0.723255 -0.229335 0.000000
0.618279 0.274621 0.000000
0.380389 0.111663 0.000000
0.248846 0.361683 0.000000
1.095425 0.276251 0.000000
0.101492 0.408145 0.000000
0.599419 0.456441 0.000000
0.698317 0.424970 0.000000
0.000000 0.000000 0.000000
0.394754 0.045836 0.000000
-0.321658 0.226320 0.000000
0.930853 0.166789 0.000000
-1.883917 0.419515 0.000000
3.014241 -0.103679 0.000000
-1.298921 0.467829 0.000000
0.211345 -0.264404 0.000000
0.184679 -0.225766 0.000000
-0.105710 0.545911 0.000000
1.224161 1.515230 0.000000
-0.742147 0.210257 0.000000
0.783532 -0.052730 0.000000
-0.342103 -0.457510 0.000000
0.391420 -0.001120 0.000000
0.019943 0.105859 0.000000
0.229476 0.497659 0.000000
0.318816 0.197191 0.000000
0.347103 0.344687 0.000000
0.490009 0.060870 0.000000
0.115368 0.590261 0.000000
0.408254 0.273842 0.000000
0.496111 0.802937 0.000000
0.181469 0.538569 0.000000
0.355936 0.044528 0.000000
0.057242 0.340620 0.000000
0.837451 0.429289 0.000000
0.058392 0.354121 0.000000
0.725220 0.832920 0.000000
0.660332 0.284472 0.000000
0.706761 0.421903 0.000000
0.000000 0.000000 0.000000
0.166912 0.030971 0.000000
-0.285362 -0.197908 0.000000
0.203448 -0.145329 0.000000
-0.601155 -0.010377 0.000000
-1.523042 -0.594357 0.000000
0.775205 -0.398952 0.000000
0.952474 0.826504 0.000000
-0.167178 -0.142918 0.000000
0.075118 -0.245876 0.000000
-0.111595 -0.548294 0.000000
0.128947 0.051978 0.000000
0.420491 0.495156 0.000000
-0.314855 1.066101 0.000000
0.372936 0.618358 0.000000
-0.169993 0.392018 0.000000
0.328080 0.371493 0.000000
0.036094 0.235302 0.000000
0.161172 0.182613 0.000000
0.492673 0.460538 0.000000
-0.022941 0.426091 0.000000
-0.447032 0.464583 0.000000
1.485062 -0.405965 0.000000
-0.899724 0.240860 0.000000
1.061333 0.843890 0.000000
0.521334 0.357460 0.000000
0.113893 -0.113828 0.000000
0.443716 0.438950 0.000000
0.349471 -0.586526 0.000000
0.520303 0.351575 0.000000
0.655652 0.368234 0.000000
0.000000 0.000000 0.000000
0.152916 0.021428 0.000000
0.511484 -0.013528 0.000000
-0.004072 0.379878 0.000000
0.576230 -0.907202 0.000000
0.494210 1.033125 0.000000
0.717804 -0.156224 0.000000
-0.977817 -0.217177 0.000000
0.221860 0.428125 0.000000
0.366413 0.224749 0.000000
-0.073152 0.412572 0.000000
0.265499 0.609011 0.000000
-0.403399 -0.045784 0.000000
0.555677 -0.216850 0.000000
0.031507 -0.147956 0.000000
0.142729 0.549967 0.000000
0.315843 0.274285 0.000000
0.006547 0.617271 0.000000
0.401537 0.968147 0.000000
0.079519 -0.031506 0.000000
0.855159 0.546865 0.000000
0.491353 -0.016172 0.000000
-0.038079 0.308126 0.000000
0.782504 1.042107 0.000000
1.075161 -0.348085 0.000000
-0.051021 1.262313 0.000000
0.769273 0.435796 0.000000
0.446845 1.055527 0.000000
0.615092 -0.127795 0.000000
0.541390 0.149040 0.000000
0.591571 0.281491 0.000000
0.000000 0.000000 0.000000
0.276843 0.071631 0.000000
-0.426708 0.123169 0.000000
0.463338 -0.528023 0.000000
-0.176154 0.370292 0.000000
-0.424979 -0.183135 0.000000
0.613413 0.473523 0.000000
-0.075258 -0.711110 0.000000
0.594167 1.290358 0.000000
-0.028723 -0.025891 0.000000
-0.142477 0.398739 0.000000
0.492080 -0.694926 0.000000
-0.062871 0.256102 0.000000
-0.123323 1.165791 0.000000
-0.438496 0.732809 0.000000
0.695306 -0.274513 0.000000
-0.135180 0.293086 0.000000
0.226562 0.504809 0.000000
0.479918 -0.639354 0.000000
0.486015 0.146656 0.000000
0.073756 0.538630 0.000000
0.482021 0.182891 0.000000
0.661433 0.193374 0.000000
0.531452 -0.215498 0.000000
0.192958 1.340659 0.000000
0.454439 -0.324973 0.000000
0.183850 0.345764 0.000000
0.479335 0.113100 0.000000
0.548754 0.176285 0.000000
0.496518 0.185577 0.000000
0.494247 0.242602 0.000000
0.000000 0.000000 0.000000
0.179787 0.055187 0.000000
0.442238 -0.092448 0.000000
-0.202385 0.521568 0.000000
0.238004 0.186395 0.000000
1.198110 -0.610626 0.000000
-1.069595 0.003356 0.000000
0.280333 -0.732148 0.000000
-0.499632 -0.738885 0.000000
0.511205 0.263097 0.000000
-0.618905 0.421327 0.000000
-0.823947 0.807890 0.000000
0.476378 0.097292 0.000000
-0.493854 -0.543334 0.000000
0.497472 0.293308 0.000000
-0.479712 0.667026 0.000000
0.206045 0.488659 0.000000
0.285023 0.224604 0.000000
-0.180672 1.174391 0.000000
0.524188 -0.080433 0.000000
0.190627 0.231376 0.000000
0.734071 0.560939 0.000000
-0.010280 0.300381 0.000000
0.361584 -0.001542 0.000000
0.449272 -0.115050 0.000000
0.674527 0.535208 0.000000
0.249897 0.552900 0.000000
0.557519 0.587307 0.000000
0.489543 0.351075 0.000000
0.565002 0.255605 0.000000
0.437122 0.270957 0.000000
0.000000 0.000000 0.000000
0.150373 0.065885 0.000000
-0.065968 0.302826 0.000000
0.116502 -0.221452 0.000000
0.083001 -0.447670 0.000000
-0.670205 1.096553 0.000000
0.251775 0.341824 0.000000
-0.444112 -0.209234 0.000000
-0.374927 0.333536 0.000000
1.170673 -0.103979 0.000000
0.762983 0.075542 0.000000
-0.322018 -0.074362 0.000000
0.193920 0.254525 0.000000
-0.334364 0.609261 0.000000
0.152835 0.459395 0.000000
-0.318118 0.188999 0.000000
0.891950 -0.124838 0.000000
-0.050664 0.113726 0.000000
0.470115 0.184191 0.000000
0.263868 0.537728 0.000000
0.248764 0.313786 0.000000
0.865714 0.368461 0.000000
0.499135 0.473606 0.000000
0.221582 0.056794 0.000000
0.715434 0.126650 0.000000
0.300263 0.528230 0.000000
0.428040 0.203799 0.000000
0.456869 -0.075142 0.000000
0.470676 0.733415 0.000000
0.543854 0.295585 0.000000
0.399836 0.353010 0.000000
0.000000 0.000000 0.000000
0.171918 0.110727 0.000000
0.387249 -0.101634 0.000000
-0.069455 0.338065 0.000000
0.573699 0.696443 0.000000
-0.398395 -0.408638 0.000000
0.530272 -0.724514 0.000000
-0.066515 0.641434 0.000000
-0.100166 0.073338 0.000000
-2.504347 0.165456 0.000000
1.536665 0.068148 0.000000
-0.502330 0.243478 0.000000
0.040806 -0.085760 0.000000
-0.111614 0.454426 0.000000
0.163132 -0.414871 0.000000
0.009706 0.175211 0.000000
-0.191129 0.868778 0.000000
-0.175679 0.351286 0.000000
0.733673 0.244696 0.000000
-0.089886 0.184245 0.000000
0.307399 -0.087108 0.000000
-0.251459 -0.213594 0.000000
0.611208 -0.039821 0.000000
0.434610 0.600901 0.000000
0.416629 0.370383 0.000000
0.433322 0.097033 0.000000
0.700302 0.632854 0.000000
0.428053 0.350675 0.000000
0.735206 0.366553 0.000000
0.413653 0.503226 0.000000
0.360847 0.446712 0.000000
0.000000 0.000000 0.000000
0.217717 0.157354 0.000000
-0.172056 0.237789 0.000000
0.224562 0.029357 0.000000
-0.093754 -0.120753 0.000000
0.228828 0.445479 0.000000
-0.324692 0.802697 0.000000
-0.119549 0.220266 0.000000
-0.002104 -0.127051 0.000000
-0.487766 0.814904 0.000000
-0.346365 0.037982 0.000000
-0.497115 0.510320 0.000000
0.488546 -0.286873 0.000000
-0.611187 0.674184 0.000000
-0.139366 0.336131 0.000000
0.540590 0.534139 0.000000
-0.675161 -0.404376 0.000000
1.325863 -0.108711 0.000000
-0.400927 0.092924 0.000000
0.376139 0.545524 0.000000
0.344940 0.259976 0.000000
0.009779 0.626000 0.000000
0.578091 0.098587 0.000000
0.047764 0.235314 0.000000
0.381772 0.230983 0.000000
0.414092 0.198975 0.000000
0.023574 0.289441 0.000000
0.377597 0.127476 0.000000
0.591741 0.586587 0.000000
0.533013 0.603722 0.000000
0.393009 0.517650 0.000000
0.000000 0.000000 0.000000
0.115136 0.167353 0.000000
0.227419 0.048806 0.000000
0.223977 0.322511 0.000000
-0.320296 0.320929 0.000000
0.789821 -0.039778 0.000000
-0.335736 0.042497 0.000000
0.344169 -0.092054 0.000000
0.134623 0.263914 0.000000
-0.090017 -0.003087 0.000000
-0.166343 0.156581 0.000000
-0.431757 0.299261 0.000000
0.206509 0.210599 0.000000
0.104942 0.387979 0.000000
-0.429147 -0.026074 0.000000
0.223726 0.345371 0.000000
0.132116 0.609362 0.000000
-0.465963 0.686792 0.000000
0.410712 0.062156 0.000000
0.614492 0.055079 0.000000
-0.000543 0.089998 0.000000
0.344302 -0.015124 0.000000
0.110385 0.396911 0.000000
0.507223 0.613410 0.000000
0.348383 -0.122266 0.000000
0.648343 0.587017 0.000000
0.498103 0.434016 0.000000
0.713522 0.353271 0.000000
0.339597 0.645004 0.000000
0.401721 0.592610 0.000000
0.496558 0.568946 0.000000
0.000000 0.000000 0.000000
0.088517 0.117071 0.000000
0.040569 0.090194 0.000000
-0.127953 0.334146 0.000000
0.267613 0.111841 0.000000
-0.370076 0.540101 0.000000
0.003586 0.281373 0.000000
0.086156 0.440717 0.000000
-0.933897 0.768198 0.000000
0.504735 0.205332 0.000000
-0.182627 0.533523 0.000000
-0.126215 0.245050 0.000000
-0.848282 0.474828 0.000000
0.221601 -0.369347 0.000000
0.335822 0.336408 0.000000
-0.035321 -0.129766 0.000000
0.395085 0.138943 0.000000
0.301142 -0.249931 0.000000
0.454454 0.191054 0.000000
-0.216344 0.266566 0.000000
0.469705 0.895145 0.000000
0.304370 0.407863 0.000000
0.182303 0.078034 0.000000
0.355427 0.418155 0.000000
-0.147246 0.407067 0.000000
0.188719 0.597418 0.000000
0.616779 -0.038563 0.000000
0.056939 0.587228 0.000000
0.683361 0.498464 0.000000
0.446749 0.612188 0.000000
0.572579 0.557314 0.000000
0.000000 0.000000 0.000000
0.072942 0.187718 0.000000
0.120037 0.250582 0.000000
0.113319 0.025058 0.000000
0.005223 0.351402 0.000000
0.283991 -0.136865 0.000000
0.068314 0.535261 0.000000
-0.177631 0.178323 0.000000
0.368856 -0.164388 0.000000
-0.037304 0.025695 0.000000
-1.358717 0.390232 0.000000
0.841104 -0.314122 0.000000
-0.954546 0.921824 0.000000
0.492639 0.696546 0.000000
-0.128542 0.901067 0.000000
0.881018 -0.346876 0.000000
-0.837884 0.733763 0.000000
0.306676 0.334197 0.000000
-0.159608 0.546985 0.000000
0.674353 0.015546 0.000000
0.219277 -0.536598 0.000000
0.167021 0.145845 0.000000
0.351084 0.295368 0.000000
0.292030 0.680211 0.000000
0.382377 -0.000046 0.000000
0.156912 0.631294 0.000000
-0.017636 0.621781 0.000000
0.938774 0.691302 0.000000
-0.077586 0.247142 0.000000
0.442434 0.610134 0.000000
0.632320 0.543635 0.000000
0.000000 0.000000 0.000000
0.009175 0.159001 0.000000
0.075670 0.036113 0.000000
-0.089785 0.320226 0.000000
0.193496 0.453874 0.000000
-0.235195 0.335204 0.000000
0.048936 0.325924 0.000000
-0.159555 0.260632 0.000000
-0.033191 0.783300 0.000000
-0.712829 0.545529 0.000000
0.884784 0.733078 0.000000
-0.288733 0.043466 0.000000
-1.222340 0.300147 0.000000
-0.979897 0.102847 0.000000
0.010040 0.130661 0.000000
0.700094 -0.118034 0.000000
0.738102 -0.032081 0.000000
-0.101390 0.312268 0.000000
0.213008 -0.246617 0.000000
0.264746 0.351770 0.000000
-0.048547 0.749737 0.000000
0.570287 0.426833 0.000000
-0.216448 0.225726 0.000000
0.527076 -0.237305 0.000000
0.105693 0.119093 0.000000
0.298358 0.678735 0.000000
0.288359 -0.011104 0.000000
-0.046125 0.447071 0.000000
0.446582 0.698552 0.000000
0.423704 0.363844 0.000000
0.691153 0.439867 0.000000
0.000000 0.000000 0.000000
-0.023076 0.212690 0.000000
0.236232 0.314758 0.000000
-0.098368 0.180058 0.000000
0.177967 -0.129662 0.000000
0.119407 0.185576 0.000000
0.236701 0.496086 0.000000
-0.265094 0.095507 0.000000
0.356163 0.079290 0.000000
-0.306639 -0.016849 0.000000
0.250543 -0.190099 0.000000
-0.961004 0.913536 0.000000
1.333393 0.616493 0.000000
-0.443371 -0.325250 0.000000
-0.392351 0.338846 0.000000
-1.398068 0.865453 0.000000
0.505824 -0.668134 0.000000
0.603081 0.411452 0.000000
0.223556 0.253653 0.000000
0.217519 0.257775 0.000000
0.373564 -0.290305 0.000000
0.249930 -0.240419 0.000000
0.042402 0.148523 0.000000
0.193224 1.176960 0.000000
-0.216243 0.462954 0.000000
0.931657 -0.843860 0.000000
0.291237 0.079856 0.000000
0.276145 0.274494 0.000000
0.295628 -0.129206 0.000000
0.446489 0.303434 0.000000
0.687191 0.325981 0.000000
0.000000 0.000000 0.000000
0.030977 0.116373 0.000000
-0.114580 -0.194887 0.000000
0.091311 0.372921 0.000000
-0.032408 0.660142 0.000000
-0.015455 0.220912 0.000000
-0.134337 0.090551 0.000000
-0.027812 0.535815 0.000000
-0.424311 0.417796 0.000000
0.013269 0.325807 0.000000
-0.642447 1.221215 0.000000
-0.112226 -0.090138 0.000000
-0.074763 -0.635319 0.000000
-0.979273 1.050447 0.000000
0.467493 0.911603 0.000000
0.196161 -1.015541 0.000000
0.062961 0.755675 0.000000
0.134978 -0.344721 0.000000
-0.527446 0.463175 0.000000
0.931204 -0.356537 0.000000
0.184372 0.423299 0.000000
0.174234 0.559768 0.000000
0.268587 0.239962 0.000000
0.158445 -0.841027 0.000000
0.303612 -0.026579 0.000000
-0.807352 2.338946 0.000000
0.621485 0.876201 0.000000
0.063086 -1.318612 0.000000
0.261873 0.532069 0.000000
0.438912 0.156948 0.000000
0.642185 0.207823 0.000000
0.000000 0.000000 0.000000
-0.043668 0.244226 0.000000
0.170232 0.563877 0.000000
0.006980 -0.068315 0.000000
0.030958 -0.159747 0.000000
0.298189 0.095551 0.000000
-0.239055 0.740759 0.000000
0.394166 -0.164336 0.000000
-0.248086 0.154688 0.000000
0.490149 -0.018083 0.000000
-0.992929 -0.417038 0.000000
1.093726 -0.163266 0.000000
-1.947273 1.985879 0.000000
1.320423 -0.689293 0.000000
0.746963 -0.132074 0.000000
-1.265333 0.918443 0.000000
0.032165 0.498801 0.000000
-0.050215 -0.247652 0.000000
0.859373 0.079682 0.000000
-0.176046 -0.019653 0.000000
-0.120183 0.869049 0.000000
0.706157 -1.112343 0.000000
0.189396 0.120747 0.000000
0.227037 0.540234 0.000000
-0.053376 0.682860 0.000000
1.410917 -3.347577 0.000000
-0.117502 2.725548 0.000000
0.023687 0.433326 0.000000
0.531551 -0.216565 0.000000
0.356569 -0.087773 0.000000
0.528211 0.082525 0.000000
0.000000 0.000000 0.000000
-0.084667 0.168958 0.000000
0.186843 -0.374794 0.000000
-0.239832 0.416312 0.000000
0.391913 0.692941 0.000000
-0.271922 0.344976 0.000000
0.099886 -0.145382 0.000000
-0.079565 0.317018 0.000000
-0.147470 0.532928 0.000000
0.160205 0.213686 0.000000
-0.272343 0.582150 0.000000
-0.275551 1.127521 0.000000
0.939033 -2.027230 0.000000
0.033901 0.045340 0.000000
-1.642988 1.386606 0.000000
1.211107 -0.445707 0.000000
0.720573 -0.555225 0.000000
-0.132050 0.009500 0.000000
-0.042145 0.750026 0.000000
-0.381062 -0.224000 0.000000
2.036014 -0.815336 0.000000
-0.140895 0.433640 0.000000
0.375872 0.068726 0.000000
0.204677 -0.804632 0.000000
0.392318 0.152678 0.000000
-0.277103 0.889321 0.000000
0.185104 -0.640852 0.000000
0.588816 -1.085848 0.000000
0.315593 0.310637 0.000000
0.433774 0.036831 0.000000
0.425875 0.023127 0.000000
0.000000 0.000000 0.000000
0.082298 0.119212 0.000000
-0.140352 0.592021 0.000000
0.204164 0.028287 0.000000
-0.059024 -0.458876 0.000000
0.106992 0.120797 0.000000
0.170033 0.481044 0.000000
-0.255562 0.375264 0.000000
0.223729 -0.142023 0.000000
-0.514887 0.014004 0.000000
1.205507 0.273826 0.000000
-1.275745 -0.735801 0.000000
-0.136327 1.509888 0.000000
-0.887782 0.826751 0.000000
2.290484 -1.911748 0.000000
-0.676495 0.481223 0.000000
-0.885716 1.326374 0.000000
0.496226 -0.412555 0.000000
0.687772 -0.428338 0.000000
0.286499 0.252748 0.000000
-1.563004 1.305101 0.000000
0.808325 -1.119322 0.000000
0.404580 0.534094 0.000000
-0.060135 0.343014 0.000000
0.764963 -1.414348 0.000000
0.315760 -0.359550 0.000000
0.121970 0.668260 0.000000
0.632051 -0.347667 0.000000
0.030863 -0.322471 0.000000
0.485617 -0.101433 0.000000
0.342858 -0.003294 0.000000
0.000000 0.000000 0.000000
-0.078335 0.220386 0.000000
0.113787 -0.016264 0.000000
0.147304 0.006886 0.000000
-0.305389 0.801114 0.000000
0.474799 0.213510 0.000000
-0.109094 0.049569 0.000000
-0.119784 -0.087792 0.000000
0.496410 0.545903 0.000000
-0.390730 0.186915 0.000000
-0.072132 0.199464 0.000000
-0.229688 0.170253 0.000000
1.455266 0.125699 0.000000
-1.245302 -1.543685 0.000000
0.213979 0.906057 0.000000
-1.015728 0.435240 0.000000
1.862691 -1.543862 0.000000
-0.776789 0.735693 0.000000
-0.607875 0.084540 0.000000
0.490032 -0.329761 0.000000
0.549941 0.125467 0.000000
0.462059 0.178576 0.000000
0.076467 -0.228885 0.000000
0.092117 -0.167448 0.000000
0.291269 1.791442 0.000000
0.271056 -0.244338 0.000000
1.883827 1.829210 0.000000
0.354933 -0.040447 0.000000
0.919451 -0.392495 0.000000
0.087618 -0.024804 0.000000
0.232886 0.001198 0.000000
0.000000 0.000000 0.000000
0.088266 0.150502 0.000000
0.054834 0.021719 0.000000
-0.186704 0.528837 0.000000
0.314047 -0.052638 0.000000
-0.172266 -0.297570 0.000000
-0.060855 0.673994 0.000000
0.498821 0.222788 0.000000
-0.470532 0.313520 0.000000
0.220779 -0.301354 0.000000
0.509193 0.505331 0.000000
-0.647306 0.104875 0.000000
0.190275 -0.283857 0.000000
-0.268732 1.303250 0.000000
1.509675 -0.055555 0.000000
-0.960471 -0.813865 0.000000
0.753127 0.369648 0.000000
-0.583389 -0.398072 0.000000
1.343290 -0.088282 0.000000
-0.314849 0.135807 0.000000
0.237098 -0.252499 0.000000
-0.728501 -0.069027 0.000000
1.159691 0.899867 0.000000
0.046232 -0.625495 0.000000
0.528148 -0.449617 0.000000
-0.825468 -1.611203 0.000000
-1.079976 -0.455969 0.000000
1.814740 -0.335298 0.000000
-0.575194 0.792200 0.000000
0.491911 0.022070 0.000000
0.159350 0.059224 0.000000
0.000000 0.000000 0.000000
-0.047117 0.170639 0.000000
0.059695 0.316951 0.000000
0.267318 -0.071701 0.000000
-0.311169 0.092595 0.000000
0.413740 0.908746 0.000000
-0.018384 0.148955 0.000000
-0.309219 -0.154928 0.000000
0.171967 0.347902 0.000000
-0.258751 0.941655 0.000000
-0.111962 -0.222626 0.000000
0.165292 0.086341 0.000000
0.712745 0.353239 0.000000
-0.118052 -0.636435 0.000000
-0.059649 -0.578208 0.000000
-0.074693 0.834218 0.000000
0.400954 0.261188 0.000000
0.212583 -0.100098 0.000000
0.162733 0.153969 0.000000
0.200112 -0.076203 0.000000
0.465275 0.038930 0.000000
0.812762 0.518790 0.000000
-0.066644 -1.069247 0.000000
0.634232 0.480287 0.000000
0.159240 0.973301 0.000000
0.672615 0.375414 0.000000
-0.320474 -0.517779 0.000000
-0.472061 0.742671 0.000000
0.512222 -0.501457 0.000000
0.288671 0.134722 0.000000
0.120027 0.135588 0.000000
0.000000 0.000000 0.000000
0.072549 0.181131 0.000000
0.036121 -0.124586 0.000000
-0.042537 0.394233 0.000000
-0.025675 0.179131 0.000000
0.360239 -0.094889 0.000000
-0.423376 -0.294793 0.000000
0.732757 1.042011 0.000000
-0.412234 0.085944 0.000000
0.433424 -0.317382 0.000000
0.116191 0.016342 0.000000
0.148838 0.869613 0.000000
-0.243141 -0.659618 0.000000
0.019030 0.503473 0.000000
0.703064 1.419207 0.000000
0.610207 -0.857545 0.000000
-0.302300 -0.748756 0.000000
0.478471 0.181233 0.000000
-0.187808 0.134674 0.000000
1.638047 -0.691363 0.000000
-1.595224 0.952324 0.000000
1.289043 -0.748110 0.000000
-0.589813 0.284111 0.000000
1.022051 0.058057 0.000000
-0.103332 -0.574185 0.000000
0.605506 0.172765 0.000000
1.122070 0.631308 0.000000
0.418176 -0.333555 0.000000
0.366703 1.006050 0.000000
0.242610 0.319780 0.000000
0.096835 0.260437 0.000000
0.000000 0.000000 0.000000
-0.063650 0.070354 0.000000
0.155316 0.343937 0.000000
0.071192 0.111607 0.000000
0.109961 0.037870 0.000000
-0.203309 0.436258 0.000000
0.219203 0.578417 0.000000
0.238113 0.133522 0.000000
-0.249567 -0.345271 0.000000
0.817929 1.194080 0.000000
-1.136522 -0.274141 0.000000
0.794716 0.023041 0.000000
-0.175126 -0.131440 0.000000
1.313006 0.696372 0.000000
-1.583391 -1.950783 0.000000
1.255727 1.226916 0.000000
-0.530814 1.356201 0.000000
0.676286 -0.617231 0.000000
-0.525656 0.005297 0.000000
0.351195 0.903312 0.000000
-0.100709 -0.360764 0.000000
-0.284995 1.583882 0.000000
0.392941 -0.539302 0.000000
1.021081 0.028809 0.000000
0.015458 0.011166 0.000000
0.619053 0.675628 0.000000
-0.794617 -0.135850 0.000000
0.626983 0.530060 0.000000
-0.040841 -0.286405 0.000000
0.441491 0.274916 0.000000
0.173359 0.349569 0.000000
0.000000 0.000000 0.000000
-0.033473 0.148878 0.000000
0.208499 0.025938 0.000000
-0.261109 -0.135300 0.000000
0.369218 0.688065 0.000000
-0.223781 -0.318230 0.000000
0.405106 0.034627 0.000000
-0.776011 -0.018599 0.000000
1.321892 1.023844 0.000000
-0.506847 -0.097945 0.000000
0.980344 0.179613 0.000000
0.430199 0.605032 0.000000
-0.490172 0.067940 0.000000
0.339548 0.026825 0.000000
-0.269312 0.463692 0.000000
-0.036775 0.191666 0.000000
-0.798570 -2.669735 0.000000
1.447120 1.724346 0.000000
-0.612509 -0.282896 0.000000
0.861696 0.713496 0.000000
-0.187388 -0.582366 0.000000
-0.141042 1.667511 0.000000
-0.617988 -0.123421 0.000000
-0.574093 1.420625 0.000000
1.034988 -0.469208 0.000000
1.693746 -0.153765 0.000000
0.677829 0.340238 0.000000
-0.465266 0.638524 0.000000
0.867718 0.710051 0.000000
-0.038866 0.423467 0.000000
0.224079 0.410813 0.000000
0.000000 0.000000 0.000000
-0.005386 0.083718 0.000000
0.094959 0.176457 0.000000
0.072254 0.510549 0.000000
0.144764 -0.103876 0.000000
-0.096368 0.358865 0.000000
0.355030 0.519690 0.000000
-0.206159 0.225317 0.000000
-0.120801 -0.082222 0.000000
-0.077618 -0.086321 0.000000
0.941281 0.944327 0.000000
-0.690905 -0.040047 0.000000
0.850914 0.066793 0.000000
0.775197 0.309047 0.000000
-0.506130 -0.183566 0.000000
1.152359 0.060222 0.000000
-0.276548 1.438056 0.000000
-0.474703 2.665546 0.000000
1.393319 -0.008510 0.000000
-0.398224 -0.528115 0.000000
-0.277465 0.410913 0.000000
1.677574 -0.205914 0.000000
-0.330493 0.542072 0.000000
0.605052 0.893930 0.000000
-1.136147 0.388081 0.000000
-1.073835 0.818679 0.000000
2.737751 0.256963 0.000000
1.076979 0.068313 0.000000
0.540850 0.138628 0.000000
0.462918 0.625459 0.000000
0.261469 0.442376 0.000000
0.000000 0.000000 0.000000
-0.000256 0.063843 0.000000
-0.041847 0.013010 0.000000
0.122459 -0.112161 0.000000
-0.245319 0.494423 0.000000
0.313432 0.084136 0.000000
-0.179133 0.095226 0.000000
0.328307 -0.052486 0.000000
0.104595 0.588598 0.000000
0.301789 0.501402 0.000000
-0.063314 -0.226915 0.000000
0.181334 -0.240241 0.000000
0.720908 1.320547 0.000000
-0.899287 -0.187024 0.000000
0.970759 0.525875 0.000000
0.125844 -0.065692 0.000000
0.239289 0.791503 0.000000
0.805682 -2.759575 0.000000
-0.360386 0.573335 0.000000
-0.815507 2.142635 0.000000
3.234484 -0.586421 0.000000
-2.634899 -0.259215 0.000000
-0.113992 0.116914 0.000000
0.113565 0.617494 0.000000
1.749424 -0.065065 0.000000
-1.348022 0.867320 0.000000
-1.868249 0.573973 0.000000
2.502190 1.053784 0.000000
-1.028314 0.649127 0.000000
0.663220 0.502750 0.000000
0.373090 0.436882 0.000000
0.000000 0.000000 0.000000
-0.048884 0.135499 0.000000
0.128170 0.307062 0.000000
-0.044397 0.324426 0.000000
0.078885 -0.096419 0.000000
0.130380 0.205865 0.000000
0.075802 0.056181 0.000000
0.102090 0.767832 0.000000
-0.007368 -0.254207 0.000000
0.321105 -0.030424 0.000000
-0.076146 0.767091 0.000000
0.662622 0.110449 0.000000
-0.266019 -0.275865 0.000000
0.466510 -0.430247 0.000000
0.487835 0.976705 0.000000
-0.783008 -0.532083 0.000000
0.642841 0.018714 0.000000
-0.039428 0.539168 0.000000
0.453974 1.390331 0.000000
0.264920 -1.726714 0.000000
-0.341683 -0.180697 0.000000
0.363866 2.983516 0.000000
2.039114 -0.825218 0.000000
-1.193645 -0.080996 0.000000
-0.124503 0.985752 0.000000
0.282209 -0.230202 0.000000
1.001885 1.657432 0.000000
-1.210371 -0.503052 0.000000
0.014154 0.087205 0.000000
0.250374 0.358883 0.000000
0.491222 0.350078 0.000000
0.000000 0.000000 0.000000
-0.089156 0.063876 0.000000
0.056758 -0.211537 0.000000
0.007427 0.068861 0.000000
-0.043361 0.265453 0.000000
0.019569 0.402137 0.000000
-0.002377 0.109919 0.000000
0.280782 0.091424 0.000000
0.051570 0.282551 0.000000
0.436831 0.931000 0.000000
-0.021468 -0.454360 0.000000
0.628026 0.291040 0.000000
-0.292495 -0.034994 0.000000
1.276390 1.087209 0.000000
-1.085341 -0.472861 0.000000
0.931632 0.682034 0.000000
0.307645 0.504114 0.000000
-0.772456 -0.037528 0.000000
0.897228 -0.540837 0.000000
-0.542003 0.705339 0.000000
1.117069 1.192071 0.000000
-1.638055 -2.931985 0.000000
1.210174 1.522670 0.000000
-1.133335 1.777949 0.000000
3.281905 -1.492693 0.000000
-2.866942 1.564847 0.000000
1.718216 -0.886759 0.000000
-0.414625 0.443141 0.000000
0.838497 0.668294 0.000000
0.238406 0.288490 0.000000
0.613171 0.266151 0.000000
0.000000 0.000000 0.000000
-0.035468 0.014046 0.000000
0.003776 0.358139 0.000000
0.008169 0.277021 0.000000
-0.067929 0.021325 0.000000
0.216965 -0.086588 0.000000
-0.076041 0.260007 0.000000
0.185563 0.433839 0.000000
-0.000513 0.135266 0.000000
0.370712 -0.110731 0.000000
0.096084 0.274553 0.000000
0.411332 0.279609 0.000000
0.106068 0.371747 0.000000
0.141585 -0.016641 0.000000
0.662930 -0.046852 0.000000
0.092739 0.365585 0.000000
-0.598188 -0.350252 0.000000
0.792372 0.621074 0.000000
0.207439 0.314683 0.000000
-0.735257 -0.033056 0.000000
1.230625 -0.268387 0.000000
-0.837452 1.453134 0.000000
0.548948 -0.561548 0.000000
0.520653 -1.819750 0.000000
-0.363012 1.709113 0.000000
0.019083 0.434574 0.000000
-0.455410 0.324942 0.000000
0.257094 0.826157 0.000000
0.360494 -0.552933 0.000000
0.239984 0.216906 0.000000
0.650742 0.151256 0.000000
0.000000 0.000000 0.000000
-0.128030 0.135557 0.000000
-0.045841 -0.040109 0.000000
0.119759 -0.224147 0.000000
-0.116368 0.394276 0.000000
-0.055224 0.420293 0.000000
0.110248 0.137178 0.000000
0.135781 -0.066279 0.000000
0.144518 0.199982 0.000000
0.102893 0.550611 0.000000
0.286194 0.293628 0.000000
0.261123 -0.004421 0.000000
0.375129 -0.170852 0.000000
-0.070487 0.433381 0.000000
0.331470 0.551930 0.000000
-0.314137 0.254988 0.000000
0.917692 0.145787 0.000000
-0.512068 0.143744 0.000000
-0.044004 0.018672 0.000000
0.485548 0.384936 0.000000
-0.065211 -0.238798 0.000000
0.526931 -0.786005 0.000000
0.083219 0.457059 0.000000
0.048547 0.394405 0.000000
-0.027137 0.237989 0.000000
1.756543 -1.096152 0.000000
-1.037451 0.815452 0.000000
0.544470 -0.431832 0.000000
0.056563 0.668788 0.000000
0.444574 -0.138472 0.000000
0.616359 0.001707 0.000000
0.000000 0.000000 0.000000
-0.072546 0.007606 0.000000
0.051518 0.038272 0.000000
-0.192746 0.403150 0.000000
0.038979 0.134336 0.000000
0.121657 -0.312105 0.000000
0.003681 0.300389 0.000000
0.051016 0.348970 0.000000
0.307160 0.340366 0.000000
0.096291 -0.243929 0.000000
0.458999 -0.087707 0.000000
-0.264898 0.377241 0.000000
0.740981 0.543196 0.000000
0.113345 -0.023344 0.000000
0.690535 -0.496054 0.000000
-0.134696 0.474838 0.000000
0.409468 0.128666 0.000000
-0.498094 0.194996 0.000000
0.842719 -0.226420 0.000000
-0.188144 0.246518 0.000000
-0.185587 0.297653 0.000000
0.405874 0.348669 0.000000
-0.262236 -0.119502 0.000000
0.774005 0.500371 0.000000
0.243588 -1.239802 0.000000
-0.524961 0.459087 0.000000
0.520327 -0.039235 0.000000
0.300829 -0.295661 0.000000
0.187400 -0.424423 0.000000
0.480445 -0.243743 0.000000
0.537574 -0.125806 0.000000
0.000000 0.000000 0.000000
-0.154317 0.069936 0.000000
-0.016726 0.211899 0.000000
-0.012939 -0.191677 0.000000
0.109699 0.010816 0.000000
-0.266584 0.470422 0.000000
0.179927 0.287070 0.000000
0.166909 -0.235732 0.000000
0.099129 0.053746 0.000000
0.209294 0.452655 0.000000
0.201529 0.672804 0.000000
0.282910 -0.235858 0.000000
0.527368 -0.231990 0.000000
-0.161655 0.126135 0.000000
0.806325 0.968906 0.000000
-0.315842 -0.177594 0.000000
0.494807 -0.235889 0.000000
0.354991 0.305522 0.000000
-0.145944 0.213601 0.000000
-0.134971 -0.163719 0.000000
0.657833 -0.387149 0.000000
-0.125869 0.000727 0.000000
0.317918 -0.210684 0.000000
-0.123828 -0.409028 0.000000
0.069649 0.123542 0.000000
1.246526 0.585097 0.000000
-0.439608 -1.573594 0.000000
0.614043 0.756247 0.000000
-0.017224 -0.272106 0.000000
0.456944 -0.164077 0.000000
0.491501 -0.251160 0.000000
0.000000 0.000000 0.000000
-0.008223 0.047484 0.000000
-0.157312 -0.169887 0.000000
0.011205 0.226000 0.000000
-0.136321 0.323529 0.000000
0.103303 -0.079568 0.000000
0.232225 -0.303078 0.000000
-0.224258 0.471300 0.000000
0.544527 0.389882 0.000000
-0.026412 -0.289241 0.000000
0.457650 -0.315102 0.000000
0.079991 0.332879 0.000000
0.363240 0.566144 0.000000
0.004186 0.092225 0.000000
0.270211 -0.765262 0.000000
0.311200 0.095566 0.000000
-0.025830 0.731040 0.000000
-0.116896 -0.279730 0.000000
0.145952 -0.173876 0.000000
0.435608 0.054102 0.000000
-0.088011 0.159554 0.000000
-0.142842 -0.126912 0.000000
0.649440 -0.057021 0.000000
-0.037068 -0.035437 0.000000
0.537645 -0.285086 0.000000
-0.471156 -1.279058 0.000000
0.595504 0.320860 0.000000
-0.206882 -0.518035 0.000000
0.707817 -1.000936 0.000000
0.184473 -0.493471 0.000000
0.416763 -0.355444 0.000000
0.000000 0.000000 0.000000
-0.179469 0.010046 0.000000
-0.024746 0.325373 0.000000
-0.005564 0.012157 0.000000
-0.018463 -0.279046 0.000000
0.002333 0.178531 0.000000
0.017144 0.531882 0.000000
0.087355 -0.023087 0.000000
0.321977 -0.459064 0.000000
-0.174409 0.497532 0.000000
0.738787 0.502181 0.000000
-0.223406 0.086570 0.000000
0.693233 -0.471563 0.000000
0.183948 0.124038 0.000000
0.300568 0.877765 0.000000
-0.192474 -0.002931 0.000000
0.568945 -0.493497 0.000000
0.220405 -0.107385 0.000000
0.187574 0.305625 0.000000
-0.143974 -0.183192 0.000000
0.207554 -0.176279 0.000000
0.441561 -0.385890 0.000000
-0.143045 -0.156834 0.000000
0.176100 -0.584784 0.000000
0.346736 0.085005 0.000000
0.735285 0.294002 0.000000
0.068949 -0.192698 0.000000
0.373692 -1.426073 0.000000
0.131789 0.502978 0.000000
0.243705 -0.531409 0.000000
0.300212 -0.407750 0.000000
0.000000 0.000000 0.000000
-0.124333 0.078470 0.000000
0.048052 -0.068007 0.000000
-0.425210 -0.314508 0.000000
0.589303 0.787011 0.000000
-0.518374 -0.214451 0.000000
0.434072 -0.284549 0.000000
-0.007077 0.033632 0.000000
0.156005 0.492574 0.000000
0.270530 0.097476 0.000000
0.031788 -0.757462 0.000000
0.201977 0.224078 0.000000
0.043270 0.553918 0.000000
0.012955 0.237821 0.000000
0.494584 -0.603429 0.000000
0.210774 -0.261913 0.000000
-0.106731 0.319316 0.000000
0.132599 0.034528 0.000000
0.066516 -0.150026 0.000000
0.287526 -0.346361 0.000000
0.162981 -0.012666 0.000000
0.057048 -0.157302 0.000000
0.405528 -0.188739 0.000000
0.187314 -0.263824 0.000000
0.335639 -0.577491 0.000000
-0.492274 -1.004245 0.000000
0.504046 -1.112029 0.000000
0.155194 0.460564 0.000000
0.167603 -1.095450 0.000000
0.385119 -0.563837 0.000000
0.168494 -0.428951 0.000000
0.000000 0.000000 0.000000
-0.046294 -0.017698 0.000000
-0.057186 0.037470 0.000000
-0.097815 0.295295 0.000000
0.015884 -0.384394 0.000000
0.066341 -0.065489 0.000000
0.247375 0.410278 0.000000
-0.223787 0.095842 0.000000
0.402747 -0.274988 0.000000
0.113684 -0.153841 0.000000
0.216702 0.614185 0.000000
0.346410 0.297167 0.000000
0.299295 -0.695410 0.000000
0.411882 -0.000582 0.000000
-0.239987 0.387034 0.000000
0.501915 0.352167 0.000000
-0.183301 -0.071943 0.000000
0.729630 -0.370633 0.000000
-0.559231 -0.352650 0.000000
1.048143 0.306404 0.000000
-0.534423 -0.289228 0.000000
0.601833 -0.262602 0.000000
-0.100256 -0.423745 0.000000
0.260422 -0.251482 0.000000
0.199084 -0.131298 0.000000
0.607382 0.168422 0.000000
0.142379 0.359257 0.000000
0.118011 -0.989717 0.000000
0.433721 -0.152902 0.000000
0.070838 -0.380680 0.000000
0.060266 -0.413766 0.000000
0.000000 0.000000 0.000000
-0.047677 0.031683 0.000000
-0.140433 0.141152 0.000000
0.117543 -0.230299 0.000000
-0.185089 0.160811 0.000000
0.190796 0.219550 0.000000
-0.080440 -0.217262 0.000000
0.407701 -0.280255 0.000000
-0.064917 0.280228 0.000000
0.165172 0.219600 0.000000
0.179749 -0.255348 0.000000
0.241123 -0.471315 0.000000
-0.200456 0.479625 0.000000
0.540892 0.185022 0.000000
0.027743 -0.236798 0.000000
0.543801 -0.437339 0.000000
0.019024 -0.439061 0.000000
0.140191 0.364179 0.000000
-0.045412 0.092310 0.000000
0.104924 -0.365678 0.000000
0.137950 -0.472732 0.000000
0.421592 0.050177 0.000000
-0.111135 -0.203188 0.000000
0.612265 -0.293031 0.000000
-0.206198 -0.526818 0.000000
0.300543 -0.893045 0.000000
-0.086269 -1.092217 0.000000
0.643006 -0.335279 0.000000
-0.081896 -0.449595 0.000000
0.232394 -0.448515 0.000000
-0.005885 -0.358457 0.000000
0.000000 0.000000 0.000000
0.100896 0.024866 0.000000
-0.197438 -0.264876 0.000000
0.145940 0.309268 0.000000
-0.178148 -0.057287 0.000000
0.351310 -0.172782 0.000000
-0.263748 -0.231019 0.000000
0.620314 0.431346 0.000000
-0.203395 -0.138032 0.000000
0.606578 -0.267919 0.000000
-0.106422 0.010614 0.000000
0.363711 0.488456 0.000000
0.174158 -0.093983 0.000000
0.254551 -0.565297 0.000000
-0.176129 0.246229 0.000000
0.345346 0.260039 0.000000
-0.245397 0.523807 0.000000
0.548116 -0.476737 0.000000
0.280798 -0.778642 0.000000
0.182660 0.117039 0.000000
0.093410 0.106714 0.000000
0.101376 -0.339502 0.000000
0.242639 -0.508029 0.000000
0.136277 -0.041179 0.000000
0.337258 -0.124731 0.000000
0.369915 0.431653 0.000000
0.198197 -0.223134 0.000000
0.020172 0.025106 0.000000
0.204056 -0.522848 0.000000
0.097849 -0.317143 0.000000
-0.070160 -0.302036 0.000000
0.000000 0.000000 0.000000
-0.047807 -0.006205 0.000000
-0.040264 0.351539 0.000000
0.100659 -0.198239 0.000000
-0.022660 -0.288609 0.000000
0.192135 0.157000 0.000000
-0.131791 0.132752 0.000000
0.256301 -0.201789 0.000000
-0.037495 -0.462324 0.000000
0.583908 0.550681 0.000000
-0.342914 0.006842 0.000000
0.546230 -0.332598 0.000000
-0.170429 -0.223258 0.000000
0.246506 0.548201 0.000000
0.198646 -0.028362 0.000000
0.216922 -0.465562 0.000000
0.102455 -0.368063 0.000000
0.030941 -0.041520 0.000000
-0.300536 0.856269 0.000000
0.400161 -0.631480 0.000000
0.165187 -0.667053 0.000000
0.118060 0.006515 0.000000
0.360169 -0.021751 0.000000
0.104229 -0.439433 0.000000
0.113170 -0.382333 0.000000
0.119588 -0.627449 0.000000
0.189786 -0.625208 0.000000
0.130044 -0.514058 0.000000
0.320449 -0.082121 0.000000
-0.013554 -0.189124 0.000000
-0.109949 -0.194227 0.000000
0.000000 0.000000 0.000000
0.058718 -0.000421 0.000000
0.044468 -0.236100 0.000000
-0.147008 -0.123215 0.000000
0.311158 0.349084 0.000000
-0.019439 -0.018427 0.000000
0.301209 -0.477289 0.000000
-0.016502 -0.113765 0.000000
0.257153 0.461665 0.000000
-0.170023 -0.492764 0.000000
0.442062 -0.440118 0.000000
-0.185623 0.338287 0.000000
0.150985 0.152054 0.000000
0.263475 -0.274092 0.000000
0.034778 -0.462449 0.000000
-0.101364 0.358309 0.000000
0.380330 0.394422 0.000000
-0.015781 0.024909 0.000000
0.575861 -0.723013 0.000000
-0.149252 0.073205 0.000000
0.129156 0.597695 0.000000
0.196390 -0.673911 0.000000
0.029734 -0.268738 0.000000
0.247536 -0.023709 0.000000
0.321146 0.140324 0.000000
0.210872 0.262187 0.000000
0.246887 0.178232 0.000000
0.145507 0.010228 0.000000
-0.059819 -0.082796 0.000000
0.101102 -0.129659 0.000000
-0.115894 -0.104194 0.000000
0.000000 0.000000 0.000000
0.058433 -0.026947 0.000000
0.095153 0.207440 0.000000
-0.160456 -0.018974 0.000000
0.444597 -0.185838 0.000000
-0.511077 -0.765090 0.000000
1.123076 0.957428 0.000000
-0.719857 -0.227953 0.000000
0.805268 -0.291657 0.000000
-0.336242 -0.147727 0.000000
0.629006 0.513942 0.000000
-0.031024 -0.130958 0.000000
0.521482 -0.311660 0.000000
-0.370385 -0.066968 0.000000
0.410792 0.532041 0.000000
0.077995 -0.337706 0.000000
0.188553 -0.705927 0.000000
-0.134918 -0.044178 0.000000
-0.066141 0.522759 0.000000
0.003798 -0.040860 0.000000
0.422752 -0.554618 0.000000
-0.016611 0.106133 0.000000
0.332648 0.055208 0.000000
-0.026248 -0.283853 0.000000
0.072666 -0.413294 0.000000
0.085071 -0.443259 0.000000
0.140814 -0.331933 0.000000
0.042025 -0.199856 0.000000
0.191408 -0.138139 0.000000
0.000214 0.016652 0.000000
-0.119125 -0.010898 0.000000
0.000000 0.000000 0.000000
0.041147 -0.059686 0.000000
0.147799 -0.021338 0.000000
0.035089 -0.359801 0.000000
0.220126 0.257945 0.000000
0.035695 0.179459 0.000000
0.105859 -0.436796 0.000000
0.332515 -0.606829 0.000000
0.300479 0.669664 0.000000
-0.349172 -0.148301 0.000000
0.556577 -0.251858 0.000000
-0.557307 -0.843877 0.000000
1.127986 0.906923 0.000000
-0.575149 -0.229520 0.000000
0.705532 -0.203432 0.000000
-0.518589 -0.203579 0.000000
0.372714 0.589148 0.000000
0.226486 0.058046 0.000000
0.436461 -0.528931 0.000000
0.001043 -0.170896 0.000000
0.007321 0.170377 0.000000
-0.094707 0.014239 0.000000
0.343236 -0.179886 0.000000
0.083952 -0.043961 0.000000
0.214077 0.200827 0.000000
0.184227 0.516217 0.000000
0.096698 0.271414 0.000000
0.138228 0.095466 0.000000
-0.019641 0.227491 0.000000
-0.014336 0.075013 0.000000
-0.088176 0.059418 0.000000
0.000000 0.000000 0.000000
0.213572 -0.026325 0.000000
-0.094870 -0.124834 0.000000
0.321383 0.330232 0.000000
-0.084093 -0.346357 0.000000
0.420520 -0.368767 0.000000
-0.059572 0.109675 0.000000
0.361122 0.284887 0.000000
-0.026638 -0.321263 0.000000
0.499409 -0.622653 0.000000
-0.128260 0.331474 0.000000
0.101037 0.363451 0.000000
-0.310018 -0.327197 0.000000
0.383588 -0.493868 0.000000
-0.335791 0.510226 0.000000
0.216076 0.041683 0.000000
0.451691 -0.400624 0.000000
-0.470605 -0.495296 0.000000
0.258533 0.316095 0.000000
-0.072754 0.173524 0.000000
0.310816 -0.024901 0.000000
0.127027 -0.310867 0.000000
-0.056225 -0.135105 0.000000
0.002879 0.413872 0.000000
0.144608 -0.724386 0.000000
-0.039812 -0.524185 0.000000
0.100795 -0.045920 0.000000
0.003197 -0.036554 0.000000
0.036941 -0.048121 0.000000
0.025727 0.125306 0.000000
-0.045751 0.096798 0.000000
0.000000 0.000000 0.000000
0.158176 -0.023048 0.000000
0.040101 0.058737 0.000000
0.304242 -0.220620 0.000000
0.025989 -0.156318 0.000000
0.495646 0.508704 0.000000
-0.208581 -0.411563 0.000000
0.572960 -0.283438 0.000000
-0.256282 -0.303892 0.000000
0.697989 0.552402 0.000000
-0.288451 0.034055 0.000000
0.784305 -0.651631 0.000000
-0.201066 -0.159769 0.000000
0.461759 0.582944 0.000000
0.090364 -0.537692 0.000000
0.415812 -0.354978 0.000000
-0.920959 0.208220 0.000000
0.723251 0.338594 0.000000
0.016117 -0.006401 0.000000
0.159470 -0.636261 0.000000
-0.139973 -0.011610 0.000000
0.070150 0.409352 0.000000
0.002042 0.073084 0.000000
0.323505 -0.251837 0.000000
-0.058360 0.609068 0.000000
0.094336 0.425997 0.000000
0.058344 0.266855 0.000000
0.049945 0.193424 0.000000
0.020247 0.186139 0.000000
-0.083713 0.147438 0.000000
-0.002287 0.116487 0.000000
0.000000 0.000000 0.000000
0.195743 -0.035623 0.000000
0.122512 -0.130072 0.000000
0.114929 0.091631 0.000000
0.161796 -0.010558 0.000000
0.290065 -0.353023 0.000000
0.155582 -0.223555 0.000000
0.441074 0.405639 0.000000
-0.329332 -0.218380 0.000000
0.601394 -0.112798 0.000000
-0.548108 -1.374009 0.000000
1.334817 1.841671 0.000000
-1.121102 -0.379705 0.000000
0.811114 -0.054813 0.000000
-0.961837 -0.191469 0.000000
0.983754 0.477361 0.000000
0.203309 -0.030200 0.000000
0.473131 -0.496193 0.000000
-0.562573 -0.339223 0.000000
0.506080 0.759094 0.000000
-0.169775 -0.062327 0.000000
0.348785 -0.393971 0.000000
-0.238194 -0.133485 0.000000
-0.079525 0.196301 0.000000
-0.174447 -0.132048 0.000000
0.328754 -0.665419 0.000000
-0.221616 -0.158220 0.000000
0.133797 0.080960 0.000000
-0.107929 0.066613 0.000000
0.052699 0.135133 0.000000
0.021287 0.116823 0.000000
0.000000 0.000000 0.000000
0.174665 -0.032249 0.000000
0.149029 0.050024 0.000000
0.158621 -0.129303 0.000000
0.345058 -0.150982 0.000000
0.009049 0.127952 0.000000
0.331406 0.017548 0.000000
0.202182 -0.145346 0.000000
0.303781 -0.443999 0.000000
0.166304 0.113152 0.000000
-0.024168 0.456297 0.000000
-0.209417 -0.995540 0.000000
0.660843 -0.645372 0.000000
-0.188783 0.622697 0.000000
0.053545 -0.290843 0.000000
0.290886 -0.035345 0.000000
-0.723563 -0.991233 0.000000
1.242030 1.433118 0.000000
-0.630000 -0.139471 0.000000
0.803014 -0.431269 0.000000
-0.726091 -0.367130 0.000000
0.464187 0.457898 0.000000
-0.179771 0.085012 0.000000
0.455454 -0.050752 0.000000
-0.170788 0.080319 0.000000
-0.143437 0.738218 0.000000
-0.051210 0.238565 0.000000
0.004165 0.079308 0.000000
-0.058493 0.074735 0.000000
-0.049181 0.074823 0.000000
0.033162 0.083727 0.000000
0.000000 0.000000 0.000000
0.159097 -0.052983 0.000000
0.222259 -0.055047 0.000000
0.073525 -0.103969 0.000000
0.297689 0.104749 0.000000
0.087060 -0.166042 0.000000
0.454971 -0.195365 0.000000
-0.281929 -0.236680 0.000000
0.848403 0.549135 0.000000
-0.424331 -0.260450 0.000000
0.778945 -0.336327 0.000000
-0.222941 0.397360 0.000000
0.464130 0.369934 0.000000
-0.152031 0.009325 0.000000
0.457368 -0.382527 0.000000
-0.055530 0.027342 0.000000
0.156055 0.529000 0.000000
-0.365435 -1.083476 0.000000
0.331999 -0.260152 0.000000
-0.462415 0.712150 0.000000
0.221109 0.322273 0.000000
0.233965 -0.356725 0.000000
-0.324862 -0.273992 0.000000
0.027115 0.092295 0.000000
-0.158113 -0.135869 0.000000
0.254104 -0.308485 0.000000
-0.137390 -0.433834 0.000000
-0.049758 0.066337 0.000000
-0.037716 0.065337 0.000000
-0.018929 0.041879 0.000000
0.053550 0.043714 0.000000
0.000000 0.000000 0.000000
0.194265 -0.029078 0.000000
0.115031 -0.026237 0.000000
0.273392 0.044288 0.000000
0.222189 -0.095893 0.000000
0.203747 -0.136706 0.000000
0.210481 0.252595 0.000000
0.084722 -0.086201 0.000000
0.240031 -0.291230 0.000000
0.170074 -0.310298 0.000000
0.240478 0.626570 0.000000
-0.254082 -0.302843 0.000000
0.384108 -0.454624 0.000000
-0.079424 -0.655261 0.000000
0.667891 0.764971 0.000000
-0.647123 -0.060976 0.000000
0.704905 -0.234906 0.000000
-0.348499 0.468962 0.000000
0.496587 0.377432 0.000000
0.120301 -0.778466 0.000000
0.396006 -0.632841 0.000000
-0.668969 0.631329 0.000000
0.398931 0.149498 0.000000
-0.073555 -0.119758 0.000000
0.051703 0.040862 0.000000
-0.257491 0.263472 0.000000
-0.018404 0.441002 0.000000
-0.047749 -0.062307 0.000000
-0.058320 -0.067931 0.000000
-0.039189 -0.011831 0.000000
0.038348 -0.003152 0.000000
0.000000 0.000000 0.000000
0.192926 -0.022603 0.000000
0.124490 -0.034410 0.000000
0.210574 -0.106415 0.000000
0.080718 -0.060274 0.000000
0.399327 0.150994 0.000000
0.021811 -0.203640 0.000000
0.430104 -0.170004 0.000000
-0.102741 0.268497 0.000000
0.390263 0.088553 0.000000
0.067947 -0.296358 0.000000
0.425301 -0.279242 0.000000
0.028547 0.537117 0.000000
-0.128474 0.096756 0.000000
-0.050649 -0.181838 0.000000
0.592622 -0.797401 0.000000
-0.525857 1.192828 0.000000
0.108736 -0.499124 0.000000
0.093688 -0.254666 0.000000
-0.319102 0.383495 0.000000
0.378811 0.265413 0.000000
0.041483 -0.317613 0.000000
0.415556 -0.535174 0.000000
-0.671591 0.132218 0.000000
0.361156 -0.177577 0.000000
-0.088645 -0.346851 0.000000
0.065105 -0.308865 0.000000
-0.129557 -0.176727 0.000000
-0.057177 0.035036 0.000000
-0.048236 -0.086122 0.000000
0.020713 -0.054075 0.000000
0.000000 0.000000 0.000000
0.153258 -0.022729 0.000000
0.162074 0.017466 0.000000
0.259070 0.087861 0.000000
0.093160 -0.019339 0.000000
0.297351 -0.100221 0.000000
0.054792 -0.004044 0.000000
0.413221 0.349078 0.000000
-0.123926 -0.274964 0.000000
0.458276 -0.100573 0.000000
-0.246379 0.026564 0.000000
0.569025 0.264869 0.000000
-0.110176 -0.028031 0.000000
0.726625 -0.510779 0.000000
-0.331759 -0.056084 0.000000
0.418357 0.658039 0.000000
0.192032 -0.940272 0.000000
0.649241 -0.376965 0.000000
-0.671004 0.539799 0.000000
0.462769 -0.338337 0.000000
-0.095034 -0.305763 0.000000
-0.166784 -0.317574 0.000000
0.114626 0.592048 0.000000
0.031593 0.001633 0.000000
0.125713 -0.089529 0.000000
-0.461751 0.144627 0.000000
0.188078 0.073363 0.000000
-0.209492 0.112055 0.000000
0.028853 -0.270174 0.000000
-0.071014 -0.108413 0.000000
-0.009049 -0.096799 0.000000
0.000000 0.000000 0.000000
0.156789 0.000563 0.000000
0.122661 -0.115150 0.000000
0.091895 -0.029583 0.000000
0.227189 -0.093251 0.000000
0.120755 0.202890 0.000000
0.162224 -0.053415 0.000000
0.202468 -0.129745 0.000000
0.137475 -0.014005 0.000000
0.283158 0.329256 0.000000
-0.193515 -0.144752 0.000000
0.456413 0.012352 0.000000
-0.512750 -0.790358 0.000000
1.079237 1.435722 0.000000
-0.744905 -0.343315 0.000000
0.662223 -0.233860 0.000000
-0.532368 0.604593 0.000000
0.439197 -0.147604 0.000000
0.229560 0.116344 0.000000
0.404787 -0.389830 0.000000
-0.480922 0.317159 0.000000
0.472689 0.090735 0.000000
-0.284545 -0.505324 0.000000
0.108338 -0.613249 0.000000
-0.340177 0.218429 0.000000
0.261590 -0.295186 0.000000
-0.331874 -0.280778 0.000000
0.057680 -0.353057 0.000000
-0.152741 -0.045138 0.000000
-0.045314 -0.135634 0.000000
-0.046469 -0.132876 0.000000
0.000000 0.000000 0.000000
0.108704 -0.016587 0.000000
0.181013 0.157719 0.000000
0.136057 0.015794 0.000000
0.169188 0.103200 0.000000
0.114748 -0.095027 0.000000
0.229536 -0.038932 0.000000
0.004431 0.236288 0.000000
0.245418 -0.004416 0.000000
0.185124 -0.007725 0.000000
0.199596 -0.241123 0.000000
0.135060 0.262979 0.000000
0.034028 0.159269 0.000000
-0.121683 -0.795138 0.000000
0.434399 -0.271652 0.000000
-0.113708 0.592316 0.000000
-0.052871 -0.297950 0.000000
0.203018 -0.245318 0.000000
-0.345538 -0.420557 0.000000
0.472217 0.295559 0.000000
0.181378 0.365275 0.000000
0.554042 -0.465560 0.000000
-0.478909 0.232809 0.000000
0.738931 0.347117 0.000000
-0.335904 -0.194624 0.000000
0.351825 -0.314273 0.000000
-0.529638 0.274067 0.000000
0.214517 0.015576 0.000000
-0.222979 -0.211499 0.000000
-0.017422 -0.205797 0.000000
-0.080919 -0.158313 0.000000
0.000000 0.000000 0.000000
0.097374 0.006456 0.000000
0.082542 -0.140452 0.000000
0.112121 -0.043199 0.000000
0.137863 0.006436 0.000000
0.115136 0.090116 0.000000
0.184767 0.202546 0.000000
0.070539 -0.113575 0.000000
0.253146 -0.033042 0.000000
-0.195637 0.052367 0.000000
0.579428 0.325010 0.000000
-0.267401 -0.069774 0.000000
0.548449 -0.092570 0.000000
-0.197223 0.509774 0.000000
0.433903 0.121294 0.000000
0.080819 -0.218076 0.000000
0.380100 -0.235793 0.000000
0.226884 0.459621 0.000000
-0.321248 -0.150622 0.000000
0.388347 0.046005 0.000000
-1.227687 -1.648684 0.000000
1.936210 2.161255 0.000000
-0.931492 -0.393244 0.000000
0.315950 -0.696286 0.000000
-0.356132 -0.164584 0.000000
0.321155 0.199210 0.000000
0.023638 -0.547103 0.000000
-0.101351 -0.299722 0.000000
-0.064883 -0.187531 0.000000
-0.074950 -0.157787 0.000000
-0.112918 -0.167958 0.000000
0.000000 0.000000 0.000000
0.080402 -0.006554 0.000000
0.121542 0.134184 0.000000
0.076786 0.141710 0.000000
0.166033 0.023390 0.000000
0.036949 -0.031667 0.000000
0.171066 -0.056287 0.000000
0.052482 0.081105 0.000000
0.232286 0.234712 0.000000
-0.003241 -0.030561 0.000000
0.246586 -0.102104 0.000000
0.081142 -0.127774 0.000000
0.350228 0.480261 0.000000
-0.198708 -0.314483 0.000000
0.290186 -0.191130 0.000000
-0.316236 0.068652 0.000000
0.490453 0.138384 0.000000
-0.122787 0.035795 0.000000
0.301046 -0.439179 0.000000
0.048783 0.096184 0.000000
-0.056996 0.195149 0.000000
-0.911219 -1.428040 0.000000
0.159140 -0.554202 0.000000
0.639755 1.486983 0.000000
-0.526343 -0.280725 0.000000
0.103550 -0.334994 0.000000
-0.327603 -0.087310 0.000000
0.185278 0.239833 0.000000
-0.181059 -0.194942 0.000000
-0.054584 -0.166172 0.000000
-0.133612 -0.161171 0.000000
0.000000 0.000000 0.000000
0.034993 -0.003553 0.000000
0.077625 -0.021330 0.000000
0.041179 -0.185869 0.000000
0.124949 0.028865 0.000000
0.019848 0.148222 0.000000
0.194640 0.155594 0.000000
0.005630 0.052659 0.000000
0.158984 -0.039027 0.000000
0.116812 -0.065281 0.000000
0.084464 0.358271 0.000000
0.111039 0.017515 0.000000
0.078515 -0.137072 0.000000
0.230296 0.016009 0.000000
0.110082 0.339392 0.000000
0.066559 -0.095554 0.000000
0.112673 -0.091739 0.000000
0.023606 -0.460085 0.000000
0.511860 1.105833 0.000000
-0.341144 -0.313038 0.000000
0.480879 -0.148167 0.000000
0.312174 0.509412 0.000000
0.268179 0.364842 0.000000
-0.688215 -1.284916 0.000000
0.231492 -0.526442 0.000000
0.249969 0.558701 0.000000
-0.170371 -0.243759 0.000000
-0.068925 -0.488744 0.000000
-0.047197 -0.129646 0.000000
-0.090075 -0.135203 0.000000
-0.148815 -0.140645 0.000000
0.000000 0.000000 0.000000
0.050511 -0.006011 0.000000
0.043197 -0.017912 0.000000
0.113966 0.247384 0.000000
-0.020586 0.093870 0.000000
0.163482 -0.102437 0.000000
-0.015301 -0.055543 0.000000
0.132264 0.006086 0.000000
0.088864 0.111030 0.000000
0.052837 0.322686 0.000000
0.223347 -0.298353 0.000000
0.191866 -0.023713 0.000000
0.099172 0.215886 0.000000
0.200080 -0.027163 0.000000
0.025469 -0.052144 0.000000
0.250658 -0.143043 0.000000
-0.079495 0.113639 0.000000
0.246273 0.222599 0.000000
-0.257970 -0.914836 0.000000
0.375806 -0.203940 0.000000
-0.187732 0.635182 0.000000
-0.212722 -0.503734 0.000000
-0.026688 -0.140730 0.000000
0.460856 0.382539 0.000000
-0.064093 0.417399 0.000000
-0.490899 -0.495412 0.000000
0.211872 -0.151890 0.000000
0.006322 0.279212 0.000000
-0.131607 -0.061489 0.000000
-0.085592 -0.132059 0.000000
-0.157227 -0.109086 0.000000
0.000000 0.000000 0.000000
0.015213 -0.004654 0.000000
-0.002820 0.041497 0.000000
0.033200 -0.112300 0.000000
0.028156 -0.178762 0.000000
0.086653 0.189308 0.000000
0.023545 0.161683 0.000000
0.127822 0.146608 0.000000
0.007402 -0.048030 0.000000
0.216939 -0.097560 0.000000
-0.062597 0.221130 0.000000
0.284005 0.164118 0.000000
-0.032493 -0.078488 0.000000
0.234173 0.004309 0.000000
0.044233 -0.037648 0.000000
0.279946 0.242308 0.000000
-0.002789 -0.075268 0.000000
0.337180 -0.086690 0.000000
0.043856 0.729816 0.000000
0.305679 -0.135811 0.000000
0.028505 -0.279659 0.000000
0.486558 -0.183683 0.000000
-0.109275 0.398354 0.000000
-0.021609 -0.372488 0.000000
0.010702 -0.519590 0.000000
0.346561 0.189484 0.000000
-0.035640 0.094287 0.000000
-0.300465 -0.302921 0.000000
0.164241 -0.112807 0.000000
-0.111454 -0.039679 0.000000
-0.165120 -0.067597 0.000000
0.000000 0.000000 0.000000
-0.014068 -0.018176 0.000000
0.088966 -0.014859 0.000000
-0.048031 0.057208 0.000000
0.168599 0.215461 0.000000
-0.153938 0.000048 0.000000
0.166609 -0.197051 0.000000
0.027409 -0.109699 0.000000
0.085480 0.096483 0.000000
0.024088 0.241671 0.000000
0.171692 -0.061213 0.000000
0.179450 -0.102557 0.000000
0.156286 -0.003592 0.000000
0.105240 0.168673 0.000000
0.119481 -0.014569 0.000000
0.092345 -0.058278 0.000000
0.110428 -0.101244 0.000000
0.073224 0.410567 0.000000
-0.018617 -0.399169 0.000000
0.013098 -0.079760 0.000000
0.156610 0.144921 0.000000
-0.088604 0.224242 0.000000
-0.039823 -0.099886 0.000000
0.318069 0.025653 0.000000
-0.258043 0.475363 0.000000
0.108119 -0.159537 0.000000
-0.249034 -0.130811 0.000000
0.461038 0.153788 0.000000
-0.347278 0.042848 0.000000
-0.044743 -0.004416 0.000000
-0.151523 -0.031779 0.000000
0.000000 0.000000 0.000000
0.002660 -0.019167 0.000000
-0.069333 0.019512 0.000000
0.079815 -0.024561 0.000000
-0.114429 -0.117166 0.000000
0.143059 -0.152407 0.000000
0.036287 0.322014 0.000000
-0.062147 0.172154 0.000000
0.198560 0.005142 0.000000
0.060379 -0.203562 0.000000
0.138564 -0.057504 0.000000
-0.016500 0.287847 0.000000
0.191164 -0.031395 0.000000
0.120245 -0.009913 0.000000
0.168884 -0.113752 0.000000
0.074903 0.285842 0.000000
0.251123 -0.091689 0.000000
0.069819 -0.066318 0.000000
0.268648 0.076793 0.000000
0.118227 0.229424 0.000000
0.068611 -0.023396 0.000000
0.284761 -0.274959 0.000000
0.059799 0.153810 0.000000
-0.043315 0.023492 0.000000
0.036680 -0.063438 0.000000
0.131928 -0.029600 0.000000
0.088430 0.176069 0.000000
-0.249386 0.037935 0.000000
0.054768 -0.013282 0.000000
-0.016646 0.018519 0.000000
-0.123295 0.010569 0.000000
0.000000 0.000000 0.000000
-0.024746 -0.016462 0.000000
-0.000610 0.002687 0.000000
0.019429 -0.011663 0.000000
0.045730 0.094203 0.000000
-0.026639 0.114393 0.000000
-0.094360 -0.114584 0.000000
0.247543 -0.369907 0.000000
-0.071857 0.022055 0.000000
0.125336 0.225591 0.000000
0.016938 0.213441 0.000000
0.231626 -0.269081 0.000000
0.141703 -0.041580 0.000000
0.087544 0.024717 0.000000
0.169512 0.285436 0.000000
0.065672 -0.276916 0.000000
0.029535 0.078935 0.000000
0.234520 0.137759 0.000000
-0.079892 -0.016510 0.000000
0.085805 -0.032757 0.000000
0.075027 -0.024103 0.000000
-0.133397 0.329857 0.000000
0.141552 0.096792 0.000000
0.119995 0.033511 0.000000
-0.054207 -0.011923 0.000000
0.003401 0.345643 0.000000
-0.023263 0.075803 0.000000
0.088421 -0.058147 0.000000
0.007876 0.134509 0.000000
-0.107215 0.098742 0.000000
-0.101910 0.057978 0.000000
0.000000 0.000000 0.000000
0.001093 -0.024817 0.000000
-0.048804 -0.087835 0.000000
-0.047396 0.018004 0.000000
-0.027475 -0.094192 0.000000
0.028692 -0.119143 0.000000
0.122465 0.040744 0.000000
-0.073080 0.253263 0.000000
0.055492 0.175367 0.000000
0.148013 -0.352701 0.000000
0.092147 -0.191113 0.000000
0.072407 0.171529 0.000000
0.074580 0.180819 0.000000
0.134038 -0.100921 0.000000
0.125789 0.008037 0.000000
0.156615 0.132627 0.000000
0.214597 0.163286 0.000000
0.039110 -0.164901 0.000000
0.221192 0.141691 0.000000
-0.045182 0.048216 0.000000
0.323771 0.186309 0.000000
0.068248 0.129977 0.000000
0.074124 -0.195185 0.000000
-0.062667 0.348021 0.000000
0.181689 0.193192 0.000000
0.054090 -0.184449 0.000000
0.040804 0.104797 0.000000
0.023790 0.318405 0.000000
-0.054313 0.165444 0.000000
0.054418 0.109954 0.000000
-0.045970 0.079955 0.000000
0.000000 0.000000 0.000000
-0.020824 -0.023403 0.000000
-0.069027 0.104784 0.000000
0.092511 -0.032140 0.000000
-0.049331 -0.037315 0.000000
-0.013918 0.082696 0.000000
0.002038 -0.094325 0.000000
-0.055144 -0.216311 0.000000
0.251304 -0.309488 0.000000
-0.175073 0.214276 0.000000
0.283780 0.345437 0.000000
-0.076284 -0.216995 0.000000
0.284318 -0.109361 0.000000
0.061859 -0.037668 0.000000
0.135216 0.146693 0.000000
0.024109 -0.069188 0.000000
0.096853 0.005857 0.000000
-0.016050 0.161705 0.000000
0.289249 0.157783 0.000000
-0.145589 -0.129588 0.000000
-0.015110 0.099702 0.000000
-0.162697 -0.299346 0.000000
0.535664 0.915356 0.000000
-0.442597 -0.272142 0.000000
0.271824 0.005172 0.000000
-0.285784 0.486070 0.000000
0.245891 0.117005 0.000000
-0.044586 -0.006399 0.000000
0.101358 0.060692 0.000000
-0.031696 0.152778 0.000000
-0.012373 0.117455 0.000000
0.000000 0.000000 0.000000
-0.021304 -0.023836 0.000000
-0.018985 -0.158175 0.000000
-0.110027 -0.118924 0.000000
0.046916 0.091132 0.000000
-0.045059 -0.198696 0.000000
0.086887 0.039585 0.000000
0.017285 0.035896 0.000000
0.023282 0.183419 0.000000
-0.058580 -0.045661 0.000000
0.187431 -0.487717 0.000000
-0.066308 0.006830 0.000000
0.113999 0.199417 0.000000
-0.129441 0.085310 0.000000
0.339397 -0.028194 0.000000
0.013104 -0.033306 0.000000
0.224821 0.284048 0.000000
0.019940 -0.167263 0.000000
0.092165 0.014710 0.000000
0.112010 0.290877 0.000000
0.717641 0.148710 0.000000
-0.613133 0.228184 0.000000
0.082077 -0.268920 0.000000
0.094009 0.101619 0.000000
0.042534 0.630224 0.000000
-0.066320 -0.216365 0.000000
0.030029 0.159903 0.000000
-0.004385 0.253946 0.000000
0.087647 0.321782 0.000000
0.016864 0.166695 0.000000
0.050002 0.121429 0.000000
0.000000 0.000000 0.000000
-0.040447 -0.027873 0.000000
0.050302 0.144442 0.000000
-0.113759 0.033937 0.000000
0.131125 -0.072914 0.000000
-0.155040 -0.064162 0.000000
0.127149 -0.077323 0.000000
-0.121120 -0.107820 0.000000
0.113323 -0.193846 0.000000
0.079439 -0.118393 0.000000
0.027159 0.265931 0.000000
-0.055746 0.186621 0.000000
0.240026 -0.209132 0.000000
0.047636 -0.252036 0.000000
-0.023659 0.180756 0.000000
-0.025094 0.098122 0.000000
0.197521 -0.134425 0.000000
-0.146685 0.105745 0.000000
0.449855 0.280264 0.000000
-0.555788 -0.195646 0.000000
0.413599 0.002499 0.000000
0.036102 0.105824 0.000000
0.175846 0.375312 0.000000
-0.189881 0.091209 0.000000
0.018117 -0.066051 0.000000
0.055313 0.208913 0.000000
0.092901 0.355709 0.000000
0.002093 -0.002406 0.000000
0.061679 0.016212 0.000000
0.082543 0.160778 0.000000
0.086121 0.129050 0.000000
0.000000 0.000000 0.000000
-0.013879 -0.029326 0.000000
-0.077228 -0.175130 0.000000
-0.001064 -0.199264 0.000000
-0.138392 -0.011463 0.000000
0.061794 0.022567 0.000000
0.013017 0.036283 0.000000
0.007112 -0.106553 0.000000
0.006372 0.035645 0.000000
-0.024842 0.058852 0.000000
-0.017689 -0.171117 0.000000
0.185190 -0.478015 0.000000
-0.138782 0.206508 0.000000
0.091340 0.438751 0.000000
0.105994 -0.153074 0.000000
0.090911 -0.026580 0.000000
0.096721 0.205470 0.000000
0.009063 0.006391 0.000000
0.019413 -0.056956 0.000000
0.087700 0.226843 0.000000
-0.223429 0.369381 0.000000
0.178675 -0.036601 0.000000
-0.065788 0.173706 0.000000
0.058614 0.063547 0.000000
0.147757 0.263928 0.000000
-0.087881 0.136582 0.000000
-0.050041 0.030417 0.000000
0.154505 0.222289 0.000000
0.037781 0.315940 0.000000
0.070879 0.151090 0.000000
0.149475 0.120792 0.000000
0.000000 0.000000 0.000000
0.025954 -0.025169 0.000000
-0.095744 0.028751 0.000000
0.116934 0.268855 0.000000
-0.093971 -0.111095 0.000000
0.076769 -0.191486 0.000000
-0.195081 -0.293408 0.000000
0.190477 0.190595 0.000000
-0.086029 -0.165474 0.000000
0.092918 -0.146560 0.000000
0.024097 0.045103 0.000000
-0.020833 0.364219 0.000000
-0.015149 -0.051371 0.000000
0.100427 -0.499620 0.000000
-0.054720 -0.021360 0.000000
-0.004391 0.316558 0.000000
-0.030984 -0.202672 0.000000
0.169734 0.202596 0.000000
-0.029430 0.048343 0.000000
0.086566 0.060282 0.000000
0.042258 -0.148232 0.000000
0.071434 0.055913 0.000000
-0.084061 0.165992 0.000000
0.404682 0.066339 0.000000
-0.392538 0.201103 0.000000
0.204601 0.039240 0.000000
0.084431 0.181797 0.000000
0.000049 0.104041 0.000000
0.077648 -0.036616 0.000000
0.143724 0.117738 0.000000
0.183151 0.100558 0.000000
0.000000 0.000000 0.000000
-0.021542 -0.022369 0.000000
-0.034595 -0.030031 0.000000
-0.087410 -0.418127 0.000000
-0.033352 -0.061599 0.000000
0.012952 0.268170 0.000000
-0.048248 -0.041702 0.000000
0.039490 -0.068572 0.000000
-0.125915 -0.288195 0.000000
0.199863 0.462220 0.000000
-0.235465 -0.401841 0.000000
0.164912 -0.183569 0.000000
-0.092809 -0.133963 0.000000
0.142832 0.403382 0.000000
-0.209903 0.149388 0.000000
0.268461 -0.184819 0.000000
-0.077742 -0.087772 0.000000
0.039130 0.081287 0.000000
-0.091314 -0.021119 0.000000
0.136048 0.215319 0.000000
-0.145886 0.201408 0.000000
0.142484 0.233890 0.000000
-0.132785 -0.009257 0.000000
-0.026639 0.093015 0.000000
0.130052 0.003791 0.000000
0.004453 0.160593 0.000000
-0.097727 0.114596 0.000000
0.166886 0.089588 0.000000
0.108503 0.209062 0.000000
0.081325 0.071605 0.000000
0.210972 0.068807 0.000000
0.000000 0.000000 0.000000
0.003328 -0.029386 0.000000
-0.020873 -0.079839 0.000000
0.055133 0.372180 0.000000
-0.050008 -0.042223 0.000000
0.002207 -0.331511 0.000000
-0.048143 -0.235108 0.000000
0.006131 0.057420 0.000000
-0.052359 0.031288 0.000000
-0.012166 -0.345783 0.000000
-0.053131 0.095336 0.000000
0.031824 0.113392 0.000000
-0.112720 0.029922 0.000000
-0.021840 -0.228794 0.000000
0.104951 -0.353610 0.000000
-0.156463 0.244144 0.000000
0.068323 0.232706 0.000000
0.032574 0.045938 0.000000
0.037976 -0.080583 0.000000
-0.023084 -0.041236 0.000000
0.050378 -0.015384 0.000000
-0.019231 -0.063865 0.000000
0.098046 -0.010373 0.000000
0.020234 0.134644 0.000000
-0.015185 0.101555 0.000000
0.052380 0.071539 0.000000
0.213645 -0.068790 0.000000
-0.037726 0.103031 0.000000
0.123867 -0.041033 0.000000
0.174117 0.040410 0.000000
0.225923 0.035798 0.000000
0.000000 0.000000 0.000000
-0.007914 -0.031143 0.000000
-0.064886 0.028267 0.000000
-0.037559 -0.409315 0.000000
-0.042695 -0.096775 0.000000
0.008442 0.229424 0.000000
-0.076974 0.127035 0.000000
0.025128 -0.119147 0.000000
-0.047265 -0.208909 0.000000
-0.232239 0.166152 0.000000
0.185248 -0.072410 0.000000
-0.128605 -0.273994 0.000000
0.086101 -0.006359 0.000000
-0.148010 0.142003 0.000000
0.069471 0.154805 0.000000
-0.141011 0.076222 0.000000
0.094961 -0.448142 0.000000
-0.155356 0.045380 0.000000
0.125829 0.289846 0.000000
-0.220093 0.013691 0.000000
0.229264 0.104784 0.000000
-0.153925 0.136875 0.000000
0.037829 0.141407 0.000000
-0.035978 -0.044618 0.000000
0.108232 -0.137474 0.000000
0.026908 0.013210 0.000000
-0.013568 0.143711 0.000000
0.140106 0.024100 0.000000
0.142418 0.015115 0.000000
0.126779 -0.004183 0.000000
0.220821 0.003472 0.000000
0.000000 0.000000 0.000000
-0.032360 -0.048755 0.000000
0.102510 0.013145 0.000000
-0.178028 0.128951 0.000000
0.248026 0.180612 0.000000
-0.310180 -0.385325 0.000000
0.251367 -0.255709 0.000000
-0.419795 -0.088652 0.000000
0.339767 0.329346 0.000000
-0.214356 -0.333328 0.000000
0.109696 -0.037386 0.000000
-0.523933 0.196152 0.000000
0.546030 -0.061079 0.000000
-0.305982 -0.300320 0.000000
0.269340 -0.060623 0.000000
-0.311090 -0.406166 0.000000
0.365877 0.510950 0.000000
-0.382859 0.076921 0.000000
0.263204 -0.284697 0.000000
-0.101493 -0.068324 0.000000
-0.027835 0.013503 0.000000
-0.080487 -0.064050 0.000000
0.274351 -0.111895 0.000000
-0.085618 0.044248 0.000000
0.116189 0.201084 0.000000
-0.050991 -0.013576 0.000000
0.209627 -0.225900 0.000000
0.046103 -0.043909 0.000000
0.136460 -0.009219 0.000000
0.153690 -0.047614 0.000000
0.216530 -0.032070 0.000000
0.000000 0.000000 0.000000
-0.022870 -0.031438 0.000000
-0.055122 -0.066312 0.000000
-0.039456 -0.129716 0.000000
0.001779 -0.241990 0.000000
-0.149975 0.134038 0.000000
0.251113 0.247464 0.000000
-0.276340 -0.061460 0.000000
0.218387 -0.322242 0.000000
-0.450981 0.086821 0.000000
0.382161 0.162814 0.000000
-0.268516 -0.372719 0.000000
0.000836 0.073819 0.000000
-0.384267 0.167110 0.000000
0.633204 -0.170465 0.000000
-0.341450 0.281567 0.000000
0.124067 -0.262634 0.000000
0.090348 -0.289317 0.000000
-0.020472 0.263058 0.000000
-0.137030 0.213234 0.000000
0.198002 -0.097174 0.000000
-0.046576 0.040660 0.000000
-0.179765 0.088010 0.000000
0.120006 -0.003551 0.000000
0.007724 -0.210902 0.000000
0.208174 -0.161393 0.000000
-0.045117 0.243693 0.000000
0.160727 -0.133462 0.000000
0.134108 -0.073540 0.000000
0.164186 -0.073931 0.000000
0.195711 -0.053140 0.000000
0.000000 0.000000 0.000000
-0.027405 -0.034994 0.000000
0.034679 0.050675 0.000000
-0.034724 -0.051524 0.000000
-0.011301 0.168121 0.000000
-0.030288 -0.077622 0.000000
-0.174713 -0.478536 0.000000
-0.051712 0.011631 0.000000
-0.099713 0.306930 0.000000
-0.068154 -0.184198 0.000000
0.019767 -0.157045 0.000000
-0.446906 0.143708 0.000000
0.459644 -0.224039 0.000000
-0.414998 -0.033392 0.000000
-0.318899 -0.040861 0.000000
-0.049433 -0.140624 0.000000
0.093099 0.091897 0.000000
-0.271430 0.347733 0.000000
0.116983 -0.260490 0.000000
0.016700 -0.322198 0.000000
-0.005231 0.010680 0.000000
-0.067901 0.061963 0.000000
0.269221 -0.182205 0.000000
-0.025848 0.007141 0.000000
0.151062 0.008328 0.000000
-0.179622 0.192767 0.000000
0.293416 -0.354186 0.000000
0.108525 -0.075633 0.000000
0.120586 -0.060419 0.000000
0.149164 -0.092181 0.000000
0.174619 -0.073190 0.000000
0.000000 0.000000 0.000000
-0.021748 -0.048974 0.000000
-0.033919 -0.107183 0.000000
-0.053195 0.011491 0.000000
-0.063341 -0.173102 0.000000
0.047170 -0.089237 0.000000
-0.110441 0.400670 0.000000
0.110797 -0.149582 0.000000
-0.194706 -0.306947 0.000000
0.003373 -0.055666 0.000000
-0.237726 0.092261 0.000000
0.117017 -0.123851 0.000000
-0.199887 0.074847 0.000000
-0.225200 0.013470 0.000000
0.233612 -0.135382 0.000000
-0.145563 0.147437 0.000000
-0.117902 -0.152070 0.000000
0.112742 -0.282165 0.000000
-0.139291 0.212969 0.000000
-0.062095 0.258488 0.000000
0.063458 -0.043936 0.000000
0.018723 -0.144368 0.000000
-0.038707 -0.017540 0.000000
-0.074319 -0.012499 0.000000
0.131995 -0.093056 0.000000
0.158078 -0.210725 0.000000
0.010504 0.052420 0.000000
0.100243 -0.040359 0.000000
0.148931 -0.097030 0.000000
0.173296 -0.091670 0.000000
0.160006 -0.083765 0.000000
0.000000 0.000000 0.000000
-0.026529 -0.029274 0.000000
-0.036669 0.100449 0.000000
0.046915 -0.111404 0.000000
-0.077897 0.019183 0.000000
-0.069348 0.047564 0.000000
-0.095801 -0.292101 0.000000
-0.103542 0.010519 0.000000
-0.150298 0.138334 0.000000
0.126615 -0.046484 0.000000
-0.282143 -0.051816 0.000000
0.169803 -0.199082 0.000000
-0.515495 -0.050539 0.000000
0.592680 -0.027370 0.000000
-0.680152 -0.051597 0.000000
0.103292 -0.125223 0.000000
-0.162581 -0.015939 0.000000
0.045328 0.131611 0.000000
-0.104113 -0.112583 0.000000
0.199479 -0.368559 0.000000
-0.171560 -0.036445 0.000000
0.150353 0.036704 0.000000
-0.044510 0.078612 0.000000
0.297181 -0.169788 0.000000
-0.083758 -0.001044 0.000000
0.059084 0.020463 0.000000
0.146145 -0.044928 0.000000
0.172654 -0.180008 0.000000
0.128736 -0.124886 0.000000
0.128491 -0.080226 0.000000
0.144180 -0.086220 0.000000
0.000000 0.000000 0.000000
-0.037114 -0.026930 0.000000
-0.012827 -0.181739 0.000000
-0.082152 0.073090 0.000000
-0.067763 -0.050383 0.000000
0.009727 -0.087912 0.000000
-0.088054 0.026644 0.000000
-0.026589 -0.033244 0.000000
-0.121620 -0.097047 0.000000
-0.139762 -0.208020 0.000000
-0.129375 -0.026829 0.000000
-0.070575 0.251382 0.000000
-0.050961 -0.159717 0.000000
-0.022810 -0.088188 0.000000
-0.091658 0.005119 0.000000
0.238580 0.036668 0.000000
-0.326909 -0.081426 0.000000
0.144388 -0.083967 0.000000
-0.169384 -0.096575 0.000000
0.115745 0.243512 0.000000
-0.153872 0.165652 0.000000
0.234813 -0.222770 0.000000
-0.132787 -0.175531 0.000000
0.080415 -0.016297 0.000000
0.130310 -0.009642 0.000000
0.175449 -0.133727 0.000000
0.050950 -0.212096 0.000000
0.092851 0.003490 0.000000
0.138231 -0.019962 0.000000
0.170887 -0.081690 0.000000
0.136114 -0.083136 0.000000
0.000000 0.000000 0.000000
-0.029701 -0.044619 0.000000
-0.035961 0.135401 0.000000
-0.007343 -0.056788 0.000000
-0.039083 -0.217511 0.000000
-0.088552 0.070603 0.000000
-0.112974 -0.011661 0.000000
-0.120567 -0.045132 0.000000
-0.019428 -0.177842 0.000000
-0.208972 0.320852 0.000000
0.062577 -0.175308 0.000000
-0.247326 -0.290042 0.000000
-0.048266 0.009133 0.000000
-0.292265 0.115197 0.000000
0.040773 -0.178743 0.000000
-0.185699 -0.009750 0.000000
-0.085801 -0.104737 0.000000
0.029491 -0.000635 0.000000
-0.127137 0.019200 0.000000
0.001323 -0.185872 0.000000
0.132304 -0.424313 0.000000
-0.111823 0.286528 0.000000
0.180163 0.064227 0.000000
0.115426 -0.040019 0.000000
-0.033684 -0.167718 0.000000
0.138394 -0.026006 0.000000
0.072073 0.206918 0.000000
0.224636 -0.201189 0.000000
0.119825 -0.176149 0.000000
0.125463 -0.073805 0.000000
0.133092 -0.074410 0.000000
0.000000 0.000000 0.000000
-0.057653 -0.023079 0.000000
-0.011056 -0.138583 0.000000
-0.063538 -0.097190 0.000000
-0.064087 0.213610 0.000000
-0.114904 -0.058860 0.000000
0.001349 -0.308519 0.000000
-0.111109 0.092488 0.000000
-0.181435 0.078855 0.000000
-0.093484 -0.296830 0.000000
-0.200193 0.029180 0.000000
-0.078485 0.291106 0.000000
-0.081018 -0.274933 0.000000
-0.032980 -0.112003 0.000000
-0.055541 -0.020973 0.000000
-0.119092 -0.121589 0.000000
0.091420 0.080838 0.000000
-0.175080 -0.031676 0.000000
-0.011908 -0.108492 0.000000
0.079920 0.079144 0.000000
-0.200725 0.248952 0.000000
0.149506 -0.149848 0.000000
-0.032368 -0.335865 0.000000
0.039266 0.050041 0.000000
0.148683 -0.002918 0.000000
0.086403 0.003260 0.000000
0.094951 -0.355656 0.000000
0.098920 -0.005512 0.000000
0.113188 0.086608 0.000000
0.162447 -0.064921 0.000000
0.138863 -0.071177 0.000000
0.000000 0.000000 0.000000
-0.021626 -0.035932 0.000000
-0.030022 0.077149 0.000000
-0.089180 0.019642 0.000000
-0.022137 -0.183564 0.000000
-0.040762 -0.213466 0.000000
-0.201165 0.454651 0.000000
-0.092443 -0.366505 0.000000
-0.078290 -0.083871 0.000000
-0.151722 0.140859 0.000000
-0.096811 -0.072839 0.000000
-0.123460 -0.270984 0.000000
-0.169795 0.119149 0.000000
-0.284877 -0.003340 0.000000
0.144254 -0.069612 0.000000
-0.311835 0.066094 0.000000
0.033971 -0.153793 0.000000
-0.193814 -0.118901 0.000000
0.177603 0.148362 0.000000
-0.238093 -0.262114 0.000000
0.123439 -0.168432 0.000000
0.030865 -0.065712 0.000000
0.034582 0.226508 0.000000
0.079118 0.023134 0.000000
0.131504 -0.247688 0.000000
-0.046449 0.018131 0.000000
0.277946 0.138045 0.000000
0.015044 0.006393 0.000000
0.236145 -0.288770 0.000000
0.102129 -0.065873 0.000000
0.138220 -0.069039 0.000000
0.000000 0.000000 0.000000
-0.077973 -0.030780 0.000000
-0.011285 -0.073655 0.000000
-0.035978 -0.121267 0.000000
-0.078006 0.127404 0.000000
-0.171991 0.051103 0.000000
-0.002063 -0.270284 0.000000
-0.148163 -0.001841 0.000000
-0.132752 0.161857 0.000000
-0.200878 -0.276139 0.000000
-0.097791 0.006967 0.000000
-0.254286 0.080788 0.000000
0.007880 -0.156712 0.000000
-0.130155 -0.084619 0.000000
-0.231221 -0.089487 0.000000
-0.077727 -0.094536 0.000000
-0.074128 0.148636 0.000000
-0.127747 -0.034246 0.000000
0.007478 -0.051329 0.000000
-0.112492 0.100649 0.000000
0.289384 -0.058182 0.000000
-0.365112 0.092046 0.000000
0.274340 -0.288686 0.000000
-0.053791 -0.274124 0.000000
0.089817 0.218347 0.000000
0.231716 -0.100589 0.000000
-0.034778 -0.253913 0.000000
0.182004 -0.154376 0.000000
0.072809 0.157175 0.000000
0.150791 -0.063354 0.000000
0.160503 -0.073516 0.000000
0.000000 0.000000 0.000000
-0.023000 -0.033829 0.000000
-0.044708 -0.003119 0.000000
-0.082443 0.072664 0.000000
-0.058238 -0.180522 0.000000
-0.079522 -0.092614 0.000000
-0.112990 0.073237 0.000000
-0.201004 -0.002872 0.000000
-0.090055 -0.132448 0.000000
-0.120324 -0.062936 0.000000
-0.173705 -0.021485 0.000000
-0.113930 -0.118608 0.000000
-0.224858 -0.016442 0.000000
-0.138148 -0.075822 0.000000
-0.074192 0.097140 0.000000
-0.182203 -0.080372 0.000000
-0.092892 -0.159451 0.000000
-0.116301 -0.087902 0.000000
-0.045409 -0.070802 0.000000
-0.057045 -0.077688 0.000000
-0.047322 0.017490 0.000000
0.106795 -0.253206 0.000000
0.014108 0.231512 0.000000
-0.007988 0.086838 0.000000
0.161462 -0.220130 0.000000
-0.049989 -0.151147 0.000000
0.212678 0.167469 0.000000
0.110907 0.067179 0.000000
0.130801 -0.305937 0.000000
0.141875 -0.092231 0.000000
0.160626 -0.083443 0.000000
0.000000 0.000000 0.000000
-0.055890 -0.025975 0.000000
-0.052838 -0.039887 0.000000
0.000083 -0.058324 0.000000
-0.137969 -0.028106 0.000000
-0.035343 0.041997 0.000000
-0.194605 -0.093735 0.000000
-0.059312 -0.126223 0.000000
-0.191831 -0.114164 0.000000
-0.165226 0.113272 0.000000
-0.210939 -0.063314 0.000000
-0.130007 -0.177433 0.000000
-0.107749 0.033616 0.000000
-0.204070 -0.060791 0.000000
-0.128810 -0.198892 0.000000
-0.126356 -0.009309 0.000000
-0.170887 -0.020177 0.000000
0.030496 0.025239 0.000000
-0.174705 -0.016388 0.000000
0.049399 -0.058257 0.000000
-0.095805 -0.259836 0.000000
0.102393 0.311880 0.000000
-0.087054 -0.453179 0.000000
0.160699 -0.229206 0.000000
0.034639 0.026549 0.000000
0.111460 0.000316 0.000000
0.102584 -0.302250 0.000000
0.024950 -0.234911 0.000000
0.197349 0.103679 0.000000
0.090814 -0.095931 0.000000
0.166177 -0.097765 0.000000
0.000000 0.000000 0.000000
-0.017842 -0.032548 0.000000
-0.054789 -0.027715 0.000000
-0.045973 -0.054636 0.000000
-0.108535 0.020307 0.000000
-0.073554 -0.106230 0.000000
-0.137012 -0.126121 0.000000
-0.104650 0.068624 0.000000
-0.221439 -0.000033 0.000000
-0.108905 -0.220711 0.000000
-0.076236 -0.242366 0.000000
-0.309376 0.305569 0.000000
-0.103180 -0.393978 0.000000
-0.190584 -0.005564 0.000000
-0.167354 0.002112 0.000000
-0.139711 -0.048133 0.000000
-0.138071 -0.128644 0.000000
-0.172235 -0.179534 0.000000
-0.069067 -0.136735 0.000000
-0.060590 0.041564 0.000000
-0.037098 -0.061577 0.000000
0.014349 -0.180915 0.000000
0.104475 0.046295 0.000000
0.025667 0.181847 0.000000
0.003745 -0.239606 0.000000
0.160509 -0.129255 0.000000
0.025070 0.021708 0.000000
0.238768 0.007846 0.000000
0.034029 -0.237436 0.000000
0.177010 -0.124378 0.000000
0.161171 -0.114905 0.000000
0.000000 0.000000 0.000000
-0.057016 -0.031160 0.000000
-0.015918 0.008871 0.000000
-0.069141 -0.046851 0.000000
-0.065871 -0.090559 0.000000
-0.110087 -0.052364 0.000000
-0.099497 0.081276 0.000000
-0.174870 -0.174244 0.000000
-0.098962 -0.207227 0.000000
-0.219842 0.161381 0.000000
-0.242192 -0.017080 0.000000
-0.103649 -0.255067 0.000000
-0.203477 0.009133 0.000000
-0.171420 0.044121 0.000000
-0.156071 -0.281260 0.000000
-0.159931 -0.063649 0.000000
-0.105925 -0.116927 0.000000
-0.090603 0.087301 0.000000
-0.097490 -0.108653 0.000000
-0.048676 -0.159385 0.000000
-0.035522 -0.133787 0.000000
0.074777 -0.055979 0.000000
-0.114778 -0.110696 0.000000
0.181828 -0.415849 0.000000
0.076565 -0.133837 0.000000
0.074442 -0.039152 0.000000
0.070983 -0.279939 0.000000
0.045697 -0.185949 0.000000
0.154629 -0.113333 0.000000
0.112597 -0.124929 0.000000
0.139369 -0.127952 0.000000
0.000000 0.000000 0.000000
-0.009664 -0.033192 0.000000
-0.029021 -0.070229 0.000000
-0.081421 -0.015982 0.000000
-0.017640 0.017988 0.000000
-0.170594 -0.062159 0.000000
-0.041944 -0.150078 0.000000
-0.201434 -0.046308 0.000000
-0.097529 0.160153 0.000000
-0.181861 -0.377196 0.000000
-0.099317 -0.158081 0.000000
-0.200822 0.039206 0.000000
-0.230383 -0.108996 0.000000
-0.131721 -0.216607 0.000000
-0.199526 -0.022262 0.000000
-0.133595 -0.085719 0.000000
-0.199806 -0.099346 0.000000
-0.125549 -0.219321 0.000000
-0.083433 -0.141732 0.000000
-0.082719 -0.048579 0.000000
-0.001214 -0.122135 0.000000
-0.046825 -0.096551 0.000000
0.092966 -0.143486 0.000000
-0.064186 0.185059 0.000000
0.074161 -0.249364 0.000000
0.125127 -0.060593 0.000000
0.067873 -0.119676 0.000000
0.199042 -0.109324 0.000000
0.067793 -0.131392 0.000000
0.126051 -0.157457 0.000000
0.140443 -0.141777 0.000000
0.000000 0.000000 0.000000
-0.015344 -0.023755 0.000000
-0.070264 0.015353 0.000000
-0.004410 -0.053494 0.000000
-0.096804 -0.103848 0.000000
-0.095137 -0.049937 0.000000
-0.074925 0.025593 0.000000
-0.181607 -0.086956 0.000000
-0.076455 -0.179686 0.000000
-0.261883 0.051670 0.000000
-0.054050 -0.019038 0.000000
-0.335819 -0.159917 0.000000
-0.050854 -0.162464 0.000000
-0.284962 -0.008673 0.000000
-0.124213 -0.129834 0.000000
-0.168735 -0.161412 0.000000
-0.093611 -0.131126 0.000000
-0.155683 -0.050013 0.000000
-0.051227 -0.086823 0.000000
-0.104897 -0.177503 0.000000
-0.013924 -0.186498 0.000000
-0.057269 -0.154706 0.000000
0.043483 -0.120429 0.000000
0.022843 -0.278346 0.000000
0.110821 -0.166851 0.000000
-0.012930 -0.283590 0.000000
0.173560 -0.104500 0.000000
-0.029162 -0.224090 0.000000
0.155305 -0.196891 0.000000
0.094849 -0.170583 0.000000
0.112527 -0.151042 0.000000
0.000000 0.000000 0.000000
-0.019373 -0.025212 0.000000
-0.006902 -0.034080 0.000000
-0.034239 -0.018656 0.000000
-0.114516 -0.003157 0.000000
-0.006529 -0.042054 0.000000
-0.165506 -0.117563 0.000000
-0.100568 -0.078788 0.000000
-0.140907 -0.014905 0.000000
-0.154731 -0.114232 0.000000
-0.137557 -0.193023 0.000000
-0.159055 -0.139650 0.000000
-0.212866 -0.033401 0.000000
-0.232390 -0.155355 0.000000
-0.091325 -0.174836 0.000000
-0.273940 -0.156719 0.000000
-0.025259 -0.038248 0.000000
-0.227859 -0.242892 0.000000
-0.051353 -0.201002 0.000000
-0.080249 -0.133130 0.000000
-0.024678 -0.072325 0.000000
-0.011892 -0.199649 0.000000
0.029093 -0.127030 0.000000
-0.026750 -0.109126 0.000000
0.129591 -0.116127 0.000000
-0.008819 -0.052214 0.000000
0.103572 -0.206475 0.000000
0.133415 -0.154487 0.000000
0.076422 -0.117904 0.000000
0.096177 -0.163560 0.000000
0.088932 -0.152611 0.000000
0.000000 0.000000 0.000000
0.029856 -0.014017 0.000000
-0.083921 -0.021219 0.000000
-0.002348 -0.044312 0.000000
-0.044103 -0.052565 0.000000
-0.083423 -0.039442 0.000000
-0.127398 -0.038780 0.000000
-0.017430 -0.027647 0.000000
-0.230525 -0.099391 0.000000
-0.060551 -0.112714 0.000000
-0.271718 -0.022534 0.000000
-0.073331 -0.048902 0.000000
-0.218200 -0.132119 0.000000
-0.132747 -0.207943 0.000000
-0.205557 0.004984 0.000000
-0.164600 -0.144942 0.000000
-0.158386 -0.212313 0.000000
-0.080716 -0.149340 0.000000
-0.116415 -0.040158 0.000000
-0.091605 -0.211175 0.000000
-0.044486 -0.213768 0.000000
-0.042444 -0.154837 0.000000
0.000403 -0.186304 0.000000
0.112787 -0.223229 0.000000
-0.043724 -0.197093 0.000000
0.164037 -0.364792 0.000000
0.022577 -0.139194 0.000000
0.060186 -0.182474 0.000000
0.063474 -0.225081 0.000000
0.094401 -0.167110 0.000000
0.066780 -0.149324 0.000000
0.000000 0.000000 0.000000
-0.006249 -0.007015 0.000000
-0.009713 -0.012572 0.000000
-0.001543 0.014986 0.000000
-0.095253 -0.023885 0.000000
-0.041443 -0.032341 0.000000
-0.061284 -0.048631 0.000000
-0.131415 -0.084160 0.000000
-0.109401 -0.088657 0.000000
-0.096866 -0.005126 0.000000
-0.184698 -0.150172 0.000000
-0.111971 -0.167572 0.000000
-0.239358 -0.166831 0.000000
-0.021526 0.060055 0.000000
-0.352511 -0.279879 0.000000
-0.000704 -0.203827 0.000000
-0.247663 -0.067844 0.000000
-0.066867 -0.140168 0.000000
-0.097038 -0.266041 0.000000
-0.051808 -0.181077 0.000000
-0.073702 -0.100198 0.000000
0.021687 -0.196157 0.000000
-0.044974 -0.125007 0.000000
0.018931 -0.171221 0.000000
0.040826 -0.098641 0.000000
0.019590 0.014764 0.000000
0.082098 -0.191511 0.000000
0.095739 -0.174822 0.000000
0.078048 -0.124741 0.000000
0.055954 -0.158203 0.000000
0.045076 -0.141865 0.000000
0.000000 0.000000 0.000000
0.025262 0.005691 0.000000
-0.025606 -0.008507 0.000000
-0.031464 -0.027236 0.000000
-0.022379 -0.035038 0.000000
-0.048108 -0.013492 0.000000
-0.080482 -0.036580 0.000000
-0.109969 -0.010955 0.000000
-0.037435 -0.036078 0.000000
-0.180598 -0.104172 0.000000
-0.127230 -0.074371 0.000000
-0.097719 0.016143 0.000000
-0.242825 -0.074915 0.000000
-0.102988 -0.221972 0.000000
-0.146777 -0.093591 0.000000
-0.129739 0.005261 0.000000
-0.207453 -0.244483 0.000000
-0.027156 -0.183444 0.000000
-0.216397 -0.091470 0.000000
0.042767 -0.141327 0.000000
-0.085740 -0.184940 0.000000
-0.042316 -0.221014 0.000000
0.054420 -0.217211 0.000000
-0.009296 -0.102770 0.000000
0.064881 -0.292675 0.000000
0.039700 -0.281983 0.000000
0.056068 -0.208025 0.000000
0.041505 -0.134939 0.000000
0.031462 -0.176486 0.000000
0.050038 -0.143397 0.000000
0.030479 -0.128259 0.000000
0.000000 0.000000 0.000000
0.011366 -0.010117 0.000000
-0.007552 0.011638 0.000000
-0.019726 -0.014951 0.000000
-0.001736 0.039492 0.000000
-0.087436 -0.007987 0.000000
-0.032998 -0.033391 0.000000
-0.052175 -0.042381 0.000000
-0.124738 -0.043558 0.000000
-0.089429 -0.039018 0.000000
-0.082186 -0.030361 0.000000
-0.190250 -0.164865 0.000000
-0.080353 -0.128537 0.000000
-0.186086 0.004547 0.000000
-0.156207 -0.121623 0.000000
-0.133871 -0.203318 0.000000
-0.093877 -0.161331 0.000000
-0.156417 -0.030349 0.000000
-0.081111 -0.218614 0.000000
-0.078055 -0.178252 0.000000
-0.122334 -0.247590 0.000000
0.128007 0.044873 0.000000
-0.170090 -0.165264 0.000000
0.085888 -0.206027 0.000000
-0.011061 0.011680 0.000000
0.057149 -0.062283 0.000000
0.044805 -0.109687 0.000000
0.064000 -0.128419 0.000000
0.061568 -0.141945 0.000000
0.026113 -0.130286 0.000000
0.005596 -0.117646 0.000000
0.000000 0.000000 0.000000
0.037034 0.017901 0.000000
-0.040581 0.000352 0.000000
0.019185 0.058170 0.000000
-0.052614 -0.033884 0.000000
-0.018958 -0.028912 0.000000
-0.048598 0.059009 0.000000
-0.070443 -0.006745 0.000000
-0.075718 -0.015712 0.000000
-0.065237 -0.034229 0.000000
-0.137680 -0.040219 0.000000
-0.123261 -0.017289 0.000000
-0.095522 0.014198 0.000000
-0.165440 -0.148750 0.000000
-0.093314 -0.099247 0.000000
-0.144775 -0.060054 0.000000
-0.089293 -0.057705 0.000000
-0.118672 -0.176863 0.000000
-0.084403 -0.191747 0.000000
-0.013936 -0.038144 0.000000
-0.138584 -0.060588 0.000000
0.007636 -0.364186 0.000000
-0.078033 -0.170862 0.000000
0.116829 -0.005593 0.000000
-0.112289 -0.297403 0.000000
0.125591 -0.235302 0.000000
-0.006179 -0.164028 0.000000
0.013708 -0.151189 0.000000
0.030287 -0.088752 0.000000
0.021830 -0.108787 0.000000
-0.011244 -0.097928 0.000000
0.000000 0.000000 0.000000
0.054172 0.039844 0.000000
-0.079962 0.028191 0.000000
0.079307 -0.027941 0.000000
-0.092993 0.055412 0.000000
0.065336 0.105439 0.000000
-0.097419 -0.076063 0.000000
-0.031321 -0.012676 0.000000
-0.045005 0.034970 0.000000
-0.090985 -0.012816 0.000000
-0.098578 -0.026050 0.000000
-0.036838 -0.054552 0.000000
-0.183509 -0.082852 0.000000
-0.086231 -0.062781 0.000000
-0.115542 -0.008484 0.000000
-0.121934 -0.129554 0.000000
-0.121409 -0.132175 0.000000
-0.083777 -0.143561 0.000000
-0.069454 0.093521 0.000000
-0.146913 -0.297976 0.000000
0.047783 -0.201722 0.000000
-0.156313 0.102329 0.000000
0.096286 -0.117879 0.000000
-0.088268 -0.202390 0.000000
0.066165 -0.009658 0.000000
-0.003406 0.032913 0.000000
-0.008754 -0.112628 0.000000
0.115802 -0.035750 0.000000
-0.006883 -0.124485 0.000000
0.011003 -0.091426 0.000000
-0.020473 -0.079607 0.000000
0.000000 0.000000 0.000000
0.014422 0.017813 0.000000
-0.004645 -0.004975 0.000000
0.017450 0.106188 0.000000
-0.049273 0.015141 0.000000
0.019794 -0.039829 0.000000
-0.073143 0.102920 0.000000
0.049245 0.092370 0.000000
-0.124627 -0.037738 0.000000
-0.025808 0.007056 0.000000
-0.090151 0.048629 0.000000
-0.088662 0.003629 0.000000
-0.108595 -0.002179 0.000000
-0.030964 -0.002081 0.000000
-0.182589 -0.086094 0.000000
-0.052522 -0.070402 0.000000
-0.070895 0.019986 0.000000
-0.127733 -0.072037 0.000000
-0.025179 -0.204301 0.000000
-0.063534 -0.042004 0.000000
-0.064014 0.068090 0.000000
-0.082039 -0.269570 0.000000
0.016668 -0.173044 0.000000
-0.086085 0.000615 0.000000
0.117880 -0.214853 0.000000
-0.105366 -0.173754 0.000000
0.164851 -0.135898 0.000000
-0.133395 -0.112164 0.000000
0.085151 -0.049474 0.000000
-0.007590 -0.058704 0.000000
-0.028984 -0.060972 0.000000
0.000000 0.000000 0.000000
0.022609 0.050086 0.000000
-0.014718 0.078776 0.000000
0.001579 -0.021879 0.000000
-0.005378 0.042136 0.000000
-0.017565 0.148106 0.000000
-0.014613 -0.018723 0.000000
-0.032870 -0.016324 0.000000
-0.052219 0.073687 0.000000
0.015363 0.082153 0.000000
-0.122337 -0.053779 0.000000
-0.028522 -0.010404 0.000000
-0.102970 0.011233 0.000000
-0.077986 -0.042863 0.000000
-0.077333 -0.022656 0.000000
-0.072155 0.016879 0.000000
-0.110451 -0.144902 0.000000
-0.070078 -0.065222 0.000000
-0.087960 0.038852 0.000000
-0.072252 -0.101444 0.000000
-0.042592 -0.115779 0.000000
0.019710 -0.074185 0.000000
-0.129825 0.066082 0.000000
0.095748 -0.109527 0.000000
-0.081316 0.021236 0.000000
0.104669 -0.020758 0.000000
-0.140408 0.042891 0.000000
0.188715 -0.028086 0.000000
-0.055303 -0.059940 0.000000
-0.003164 -0.048918 0.000000
-0.031982 -0.041634 0.000000
0.000000 0.000000 0.000000
0.044016 0.034165 0.000000
-0.046659 -0.028536 0.000000
0.023862 0.083590 0.000000
-0.000097 0.071358 0.000000
-0.011220 -0.010686 0.000000
-0.006321 0.061785 0.000000
-0.022329 0.163770 0.000000
-0.005715 -0.011821 0.000000
-0.069609 0.036224 0.000000
-0.032293 0.081872 0.000000
-0.046127 0.086801 0.000000
-0.068754 -0.024771 0.000000
-0.079524 0.032500 0.000000
-0.051043 0.003409 0.000000
-0.077992 -0.030435 0.000000
-0.092096 0.001956 0.000000
0.007839 0.022360 0.000000
-0.133426 -0.104106 0.000000
0.004090 -0.040939 0.000000
-0.120682 -0.067275 0.000000
0.042170 0.025688 0.000000
-0.116800 -0.094706 0.000000
0.053023 -0.197978 0.000000
-0.121570 0.036585 0.000000
0.119437 -0.092933 0.000000
-0.012923 -0.145213 0.000000
-0.030203 -0.075917 0.000000
-0.014694 -0.008229 0.000000
0.020448 -0.026937 0.000000
-0.038776 -0.026176 0.000000
0.000000 0.000000 0.000000
0.020085 0.039799 0.000000
-0.031907 0.060383 0.000000
0.055051 0.077392 0.000000
-0.048849 0.035240 0.000000
-0.000813 0.085937 0.000000
0.014635 0.085535 0.000000
-0.024897 -0.006980 0.000000
-0.018083 0.054180 0.000000
-0.002088 0.114954 0.000000
-0.016061 -0.019369 0.000000
-0.073972 0.019112 0.000000
-0.020977 0.037012 0.000000
-0.024254 0.038375 0.000000
-0.097253 -0.024885 0.000000
-0.035864 -0.004751 0.000000
-0.057445 -0.007539 0.000000
-0.068045 -0.035691 0.000000
-0.070269 -0.047043 0.000000
-0.011124 0.035493 0.000000
-0.106361 -0.038923 0.000000
-0.008598 -0.044125 0.000000
-0.012986 -0.159883 0.000000
-0.029044 0.355494 0.000000
0.035865 -0.181744 0.000000
-0.083523 0.030075 0.000000
0.077532 0.099807 0.000000
0.003066 0.048804 0.000000
0.038320 -0.022035 0.000000
-0.013498 -0.006818 0.000000
-0.037115 -0.005899 0.000000
0.000000 0.000000 0.000000
0.019941 0.069285 0.000000
-0.022135 0.045179 0.000000
0.000886 -0.001400 0.000000
0.005682 0.038611 0.000000
0.033307 0.086487 0.000000
-0.020164 0.036782 0.000000
-0.012248 0.095887 0.000000
0.004921 0.108905 0.000000
-0.018692 0.029083 0.000000
-0.060769 0.090666 0.000000
0.048943 0.099402 0.000000
-0.080708 0.007934 0.000000
-0.045322 0.031570 0.000000
-0.005421 0.030381 0.000000
-0.082453 0.065583 0.000000
-0.029695 -0.038669 0.000000
-0.063056 0.020530 0.000000
-0.005382 0.040051 0.000000
-0.107524 -0.030470 0.000000
0.021854 -0.093508 0.000000
-0.077707 0.091988 0.000000
-0.007843 0.014001 0.000000
-0.045937 -0.241064 0.000000
-0.018683 -0.034696 0.000000
0.050252 0.157847 0.000000
-0.021822 -0.150380 0.000000
-0.029199 -0.050634 0.000000
0.019825 0.038102 0.000000
-0.015608 0.018702 0.000000
-0.013484 0.002545 0.000000
0.000000 0.000000 0.000000
0.000227 0.008432 0.000000
-0.004443 0.005810 0.000000
0.021042 0.106996 0.000000
-0.001042 0.101713 0.000000
-0.025825 0.015491 0.000000
0.016958 0.061109 0.000000
0.031111 0.085344 0.000000
-0.028763 0.018735 0.000000
0.023127 0.053377 0.000000
0.000473 0.074578 0.000000
0.001564 0.007018 0.000000
-0.045787 0.056003 0.000000
0.051378 0.073420 0.000000
-0.087024 -0.016058 0.000000
-0.025256 -0.008022 0.000000
-0.017259 0.022001 0.000000
-0.090298 0.041896 0.000000
-0.006828 -0.064728 0.000000
-0.048557 0.010162 0.000000
-0.055567 0.127267 0.000000
-0.026365 -0.106580 0.000000
-0.046518 0.005990 0.000000
0.045054 0.169188 0.000000
-0.098362 0.089585 0.000000
0.023680 -0.078159 0.000000
-0.039978 0.082840 0.000000
0.116121 0.145955 0.000000
-0.030108 -0.001020 0.000000
0.037540 0.030203 0.000000
-0.026995 0.014859 0.000000
0.000000 0.000000 0.000000
-0.000728 0.056542 0.000000
-0.014562 0.086737 0.000000
-0.001511 -0.014636 0.000000
0.017382 0.003309 0.000000
0.018138 0.089397 0.000000
0.016037 0.099205 0.000000
-0.005184 0.021904 0.000000
-0.007274 0.091003 0.000000
0.022770 0.114471 0.000000
-0.010036 0.036431 0.000000
-0.009931 0.075923 0.000000
0.010321 0.064401 0.000000
0.005434 0.002597 0.000000
-0.065782 0.079539 0.000000
0.069021 0.078140 0.000000
-0.123275 -0.014664 0.000000
0.023677 0.003146 0.000000
-0.078193 0.056801 0.000000
-0.019264 0.040873 0.000000
-0.036252 -0.062706 0.000000
-0.041132 0.029404 0.000000
-0.017574 0.073891 0.000000
-0.064462 -0.067375 0.000000
0.037846 -0.111268 0.000000
-0.024661 0.088001 0.000000
0.037573 0.049523 0.000000
-0.074818 -0.066343 0.000000
0.057896 0.064043 0.000000
0.031769 0.060997 0.000000
-0.003254 0.033976 0.000000
0.000000 0.000000 0.000000
0.025684 0.050235 0.000000
-0.025421 -0.036572 0.000000
0.026787 0.080509 0.000000
-0.000788 0.119182 0.000000
-0.003850 0.002067 0.000000
0.028297 0.031435 0.000000
0.004801 0.079919 0.000000
0.055794 0.068859 0.000000
-0.001001 -0.007122 0.000000
0.011049 0.047233 0.000000
0.045485 0.062175 0.000000
-0.008409 0.027824 0.000000
-0.006027 0.048923 0.000000
0.026676 0.011475 0.000000
-0.008066 -0.025589 0.000000
-0.067440 0.049521 0.000000
0.051101 0.045588 0.000000
-0.116482 -0.026413 0.000000
0.010218 -0.007753 0.000000
-0.059109 0.048372 0.000000
-0.058828 0.100024 0.000000
0.020703 -0.058375 0.000000
-0.063208 0.084220 0.000000
-0.002995 0.177973 0.000000
-0.051598 0.018619 0.000000
-0.009326 0.025987 0.000000
0.101364 0.108229 0.000000
-0.036463 0.090418 0.000000
0.036616 0.054697 0.000000
0.047081 0.035743 0.000000
0.000000 0.000000 0.000000
0.004996 -0.003469 0.000000
-0.036591 0.047543 0.000000
0.040190 0.044449 0.000000
0.003146 -0.033143 0.000000
0.001375 0.056944 0.000000
0.056439 0.094560 0.000000
-0.020039 0.021889 0.000000
0.025676 0.057189 0.000000
0.007503 0.095398 0.000000
0.069724 0.089788 0.000000
-0.014045 0.021737 0.000000
0.032541 0.030717 0.000000
0.022626 0.064168 0.000000
0.000356 0.043429 0.000000
-0.054491 0.074919 0.000000
0.068429 0.004508 0.000000
-0.071295 0.001419 0.000000
-0.027195 0.035085 0.000000
-0.008780 0.076476 0.000000
-0.085618 -0.024159 0.000000
0.023222 -0.048548 0.000000
-0.112124 0.045424 0.000000
0.046289 0.068552 0.000000
-0.063295 -0.100004 0.000000
0.021594 -0.018825 0.000000
0.022711 0.088264 0.000000
-0.069556 0.045841 0.000000
0.081468 -0.037483 0.000000
0.027708 0.050941 0.000000
0.060401 0.035133 0.000000
0.000000 0.000000 0.000000
-0.012276 0.072131 0.000000
0.022592 0.054758 0.000000
0.014778 0.008069 0.000000
-0.027274 0.071773 0.000000
0.054184 0.076474 0.000000
0.003851 0.002935 0.000000
0.010072 0.044732 0.000000
0.084657 0.050280 0.000000
-0.012273 0.016594 0.000000
0.056926 -0.000686 0.000000
0.024130 0.054019 0.000000
0.063944 0.068731 0.000000
-0.015981 0.002103 0.000000
0.048188 -0.008957 0.000000
0.011606 0.014290 0.000000
0.000860 0.004629 0.000000
-0.057822 0.053932 0.000000
0.039468 -0.001280 0.000000
-0.063870 -0.039092 0.000000
-0.034018 0.020682 0.000000
-0.033623 0.104968 0.000000
-0.056850 -0.010336 0.000000
-0.006699 0.007379 0.000000
-0.071799 0.119490 0.000000
0.033267 0.124371 0.000000
-0.073604 -0.012746 0.000000
0.084417 0.002573 0.000000
0.021979 0.147082 0.000000
0.050806 0.053816 0.000000
0.089674 0.022630 0.000000
0.000000 0.000000 0.000000
0.027095 -0.004699 0.000000
-0.054889 -0.072726 0.000000
0.052767 0.046981 0.000000
0.008548 0.031668 0.000000
0.021393 -0.017220 0.000000
0.023473 0.043827 0.000000
0.047092 0.087520 0.000000
0.019100 0.023515 0.000000
0.033213 0.071000 0.000000
0.061395 0.059492 0.000000
0.021915 0.054236 0.000000
0.058819 -0.010212 0.000000
0.021602 0.044241 0.000000
0.031803 0.078391 0.000000
0.001426 0.014495 0.000000
-0.016353 0.021788 0.000000
0.029884 -0.006307 0.000000
-0.026908 0.010570 0.000000
-0.076693 0.058962 0.000000
0.056751 -0.001275 0.000000
-0.109542 -0.040395 0.000000
0.015564 -0.060186 0.000000
-0.100414 0.077104 0.000000
0.037527 -0.081420 0.000000
-0.033398 -0.086761 0.000000
0.030955 0.041775 0.000000
0.011022 0.068822 0.000000
0.007721 -0.069600 0.000000
0.082060 0.013415 0.000000
0.107710 0.002258 0.000000
0.000000 0.000000 0.000000
-0.000616 0.021911 0.000000
0.016425 0.092253 0.000000
0.007039 0.061990 0.000000
0.005012 -0.023713 0.000000
0.011082 0.070615 0.000000
0.047206 0.061705 0.000000
0.018946 -0.020547 0.000000
0.046455 0.010594 0.000000
0.083739 0.038052 0.000000
0.020029 -0.000073 0.000000
0.076642 0.023369 0.000000
0.036691 0.033791 0.000000
0.066851 0.040587 0.000000
0.026844 -0.039543 0.000000
0.030122 -0.002557 0.000000
0.036188 0.019850 0.000000
-0.027110 0.004644 0.000000
-0.014149 -0.006459 0.000000
0.021071 -0.041531 0.000000
-0.049489 -0.023933 0.000000
-0.051947 0.036541 0.000000
-0.018238 0.062164 0.000000
-0.046417 -0.058735 0.000000
-0.034132 0.030571 0.000000
-0.063656 0.126897 0.000000
0.048680 -0.092295 0.000000
-0.024467 -0.002959 0.000000
0.100385 0.028448 0.000000
0.057791 -0.001610 0.000000
0.138438 -0.019981 0.000000
0.000000 0.000000 0.000000
0.025194 0.040892 0.000000
-0.064905 -0.050695 0.000000
0.083287 -0.040446 0.000000
-0.016379 0.041068 0.000000
0.061354 0.030665 0.000000
0.024473 -0.030274 0.000000
0.023172 0.058602 0.000000
0.079084 0.092840 0.000000
0.026596 0.017441 0.000000
0.047508 0.034880 0.000000
0.108208 0.042596 0.000000
0.009204 0.015905 0.000000
0.073336 0.020655 0.000000
0.026318 0.041787 0.000000
0.047715 0.034336 0.000000
0.013459 -0.007805 0.000000
0.015534 -0.014993 0.000000
0.018196 -0.011680 0.000000
-0.024472 0.006087 0.000000
-0.067145 0.004999 0.000000
0.084183 -0.098015 0.000000
-0.106231 -0.075813 0.000000
0.006052 -0.054026 0.000000
-0.049213 -0.033159 0.000000
0.053769 -0.166978 0.000000
-0.084738 -0.019671 0.000000
0.145469 -0.068215 0.000000
-0.061926 -0.031073 0.000000
0.102976 -0.043288 0.000000
0.162185 -0.048662 0.000000
0.000000 0.000000 0.000000
0.009677 0.005194 0.000000
0.013691 0.014500 0.000000
0.032175 0.130160 0.000000
-0.024763 -0.012343 0.000000
0.048930 0.004890 0.000000
0.018671 0.063881 0.000000
0.050867 0.021025 0.000000
0.061338 -0.052723 0.000000
0.054572 0.003397 0.000000
0.102255 0.042040 0.000000
0.033578 0.007467 0.000000
0.082971 0.005327 0.000000
0.089262 0.013214 0.000000
0.016998 -0.005787 0.000000
0.091544 -0.017318 0.000000
-0.011548 -0.025989 0.000000
0.091316 -0.001691 0.000000
-0.052311 -0.005669 0.000000
0.027181 -0.067643 0.000000
0.025106 -0.085225 0.000000
-0.071364 0.018900 0.000000
-0.049161 -0.011505 0.000000
0.058261 -0.065959 0.000000
-0.125868 -0.044637 0.000000
0.010277 -0.012335 0.000000
0.023448 -0.072731 0.000000
-0.027252 -0.080146 0.000000
0.108062 -0.126258 0.000000
0.055415 -0.110736 0.000000
0.158162 -0.090048 0.000000
0.000000 0.000000 0.000000
-0.018547 -0.001392 0.000000
0.025871 0.028895 0.000000
-0.008973 -0.083373 0.000000
0.046043 -0.023462 0.000000
0.013536 0.069101 0.000000
0.065226 -0.024903 0.000000
0.040890 0.032636 0.000000
0.059156 0.068939 0.000000
0.061909 0.081661 0.000000
0.073101 -0.013914 0.000000
0.066700 0.009363 0.000000
0.097771 0.042600 0.000000
0.042743 0.016322 0.000000
0.067019 0.018707 0.000000
0.068602 0.000580 0.000000
0.028283 0.031833 0.000000
0.053767 -0.008588 0.000000
0.022736 -0.095816 0.000000
0.043424 0.011702 0.000000
-0.043685 -0.024412 0.000000
0.036930 -0.141801 0.000000
0.038767 -0.151181 0.000000
-0.106126 -0.082466 0.000000
0.116993 -0.167067 0.000000
-0.063942 -0.140337 0.000000
0.044172 -0.189491 0.000000
0.015130 -0.145183 0.000000
0.020145 -0.070974 0.000000
0.082624 -0.130523 0.000000
0.150485 -0.124366 0.000000
0.000000 0.000000 0.000000
0.028957 0.029402 0.000000
-0.003822 -0.012744 0.000000
0.020659 0.085059 0.000000
0.026209 0.096320 0.000000
-0.001181 -0.036104 0.000000
0.067505 0.031123 0.000000
0.019863 -0.003426 0.000000
0.084690 0.011676 0.000000
0.079422 -0.060443 0.000000
0.075539 0.022371 0.000000
0.107045 0.043460 0.000000
0.056212 -0.003512 0.000000
0.096138 -0.016306 0.000000
0.116984 0.006442 0.000000
0.019945 -0.012073 0.000000
0.111104 -0.058098 0.000000
0.024295 -0.094413 0.000000
0.065669 0.097826 0.000000
0.010666 -0.152167 0.000000
0.042338 -0.110348 0.000000
0.006734 -0.026983 0.000000
-0.029468 -0.047755 0.000000
0.031756 -0.132499 0.000000
-0.037565 -0.115257 0.000000
-0.036763 -0.109372 0.000000
0.018893 -0.098248 0.000000
0.040862 -0.150809 0.000000
0.050502 -0.254859 0.000000
0.073305 -0.184568 0.000000
0.125269 -0.158243 0.000000
0.000000 0.000000 0.000000
0.007643 -0.002019 0.000000
-0.039922 -0.002013 0.000000
0.088782 -0.015241 0.000000
-0.036093 -0.092697 0.000000
0.068415 -0.014682 0.000000
0.025526 0.090228 0.000000
0.065995 -0.011100 0.000000
0.075433 0.053444 0.000000
0.054739 0.056984 0.000000
0.089158 0.049879 0.000000
0.080252 -0.026056 0.000000
0.100825 0.006872 0.000000
0.085805 0.035902 0.000000
0.073755 0.002798 0.000000
0.081908 -0.006985 0.000000
0.125863 0.030687 0.000000
0.005171 -0.004009 0.000000
0.136118 -0.144878 0.000000
-0.007242 -0.042829 0.000000
0.130862 -0.027096 0.000000
-0.039383 -0.188957 0.000000
0.075238 -0.207388 0.000000
0.025408 -0.151563 0.000000
-0.023209 -0.149001 0.000000
0.119391 -0.261216 0.000000
-0.011222 -0.274143 0.000000
0.009681 -0.202908 0.000000
0.022993 -0.138938 0.000000
0.060492 -0.216142 0.000000
0.093536 -0.180148 0.000000
0.000000 0.000000 0.000000
-0.015105 0.005171 0.000000
0.055099 0.021347 0.000000
-0.053719 0.031247 0.000000
0.090289 0.132204 0.000000
-0.009003 0.051415 0.000000
0.055333 -0.044103 0.000000
0.052018 -0.046065 0.000000
0.080730 0.046634 0.000000
0.063022 -0.044723 0.000000
0.131256 -0.025272 0.000000
0.070438 0.020389 0.000000
0.107891 0.047651 0.000000
0.101339 -0.022220 0.000000
0.111331 -0.020126 0.000000
0.110565 -0.024000 0.000000
0.075652 -0.065337 0.000000
0.113740 -0.065875 0.000000
0.070370 -0.004792 0.000000
0.075408 -0.081609 0.000000
0.053413 -0.154110 0.000000
0.056981 -0.080825 0.000000
0.071186 -0.052198 0.000000
-0.038189 -0.164060 0.000000
0.101353 -0.237709 0.000000
-0.087919 -0.109267 0.000000
0.058349 -0.140692 0.000000
0.053698 -0.246044 0.000000
0.029608 -0.295279 0.000000
0.035141 -0.245485 0.000000
0.044790 -0.207073 0.000000
0.000000 0.000000 0.000000
0.039719 0.040697 0.000000
-0.055315 -0.050189 0.000000
0.075997 0.029990 0.000000
0.015650 -0.128909 0.000000
-0.001841 -0.059923 0.000000
0.131712 0.068199 0.000000
-0.020948 0.106309 0.000000
0.112675 -0.030284 0.000000
0.080833 0.041664 0.000000
0.047442 0.085789 0.000000
0.132420 -0.011535 0.000000
0.093301 -0.030762 0.000000
0.111707 -0.011855 0.000000
0.093932 0.045074 0.000000
0.146416 -0.007855 0.000000
0.083374 -0.006407 0.000000
0.172786 -0.031716 0.000000
0.032670 -0.083347 0.000000
0.183802 -0.118204 0.000000
0.016080 -0.033254 0.000000
0.139973 -0.172832 0.000000
0.026541 -0.236899 0.000000
0.101488 -0.203319 0.000000
0.031708 -0.089455 0.000000
0.043000 -0.310171 0.000000
0.090762 -0.347077 0.000000
-0.052975 -0.189174 0.000000
0.041174 -0.189288 0.000000
0.015203 -0.242281 0.000000
0.005662 -0.203954 0.000000
0.000000 0.000000 0.000000
-0.003939 -0.017305 0.000000
0.011593 0.035690 0.000000
0.071195 0.039827 0.000000
-0.067508 0.070709 0.000000
0.185103 0.144317 0.000000
-0.097878 -0.061552 0.000000
0.147632 -0.084771 0.000000
0.066273 -0.016603 0.000000
0.075871 0.050043 0.000000
0.113749 -0.096463 0.000000
0.135728 0.020753 0.000000
0.063861 0.041751 0.000000
0.177148 0.033099 0.000000
0.084340 -0.065766 0.000000
0.165383 -0.058530 0.000000
0.095357 -0.031810 0.000000
0.153790 -0.062405 0.000000
0.131999 -0.043082 0.000000
0.081230 -0.048118 0.000000
0.134810 -0.149314 0.000000
0.087429 -0.101160 0.000000
0.065172 -0.033279 0.000000
0.107929 -0.181546 0.000000
0.004100 -0.241729 0.000000
0.089533 -0.134363 0.000000
-0.050694 -0.090030 0.000000
0.106554 -0.278814 0.000000
-0.009125 -0.288897 0.000000
-0.009894 -0.224889 0.000000
-0.050210 -0.189753 0.000000
0.000000 0.000000 0.000000
0.008255 0.027947 0.000000
0.008882 -0.016063 0.000000
0.020397 -0.043238 0.000000
0.003512 -0.014500 0.000000
0.052672 -0.145172 0.000000
0.031624 0.039053 0.000000
0.159992 0.130442 0.000000
-0.074922 0.032967 0.000000
0.209988 -0.015983 0.000000
0.027285 0.049274 0.000000
0.093108 0.044768 0.000000
0.129055 -0.065461 0.000000
0.134254 -0.017668 0.000000
0.115387 0.022216 0.000000
0.137406 0.034280 0.000000
0.177852 -0.024900 0.000000
0.113111 -0.032647 0.000000
0.185657 -0.090252 0.000000
0.116882 -0.073042 0.000000
0.156104 -0.076411 0.000000
0.098970 -0.106198 0.000000
0.129443 -0.237743 0.000000
0.081492 -0.143491 0.000000
0.074986 -0.075636 0.000000
0.119933 -0.289246 0.000000
0.000727 -0.284494 0.000000
0.017699 -0.180923 0.000000
-0.026549 -0.129402 0.000000
-0.030432 -0.217161 0.000000
-0.102640 -0.165509 0.000000
0.000000 0.000000 0.000000
0.036555 0.023000 0.000000
-0.003324 -0.003060 0.000000
0.018763 0.066230 0.000000
0.109895 0.035710 0.000000
-0.043875 0.082544 0.000000
0.143874 0.031255 0.000000
-0.042494 -0.134649 0.000000
0.167221 -0.073325 0.000000
0.005423 0.056776 0.000000
0.145322 -0.033222 0.000000
0.154450 -0.025586 0.000000
0.105765 0.038229 0.000000
0.101521 0.021983 0.000000
0.203329 -0.037135 0.000000
0.115371 -0.049789 0.000000
0.173697 -0.080111 0.000000
0.163806 -0.016032 0.000000
0.133680 -0.010688 0.000000
0.173330 -0.064425 0.000000
0.124630 -0.126129 0.000000
0.136060 -0.044153 0.000000
0.108823 -0.025156 0.000000
0.097752 -0.134305 0.000000
0.108274 -0.196720 0.000000
-0.048315 -0.037115 0.000000
0.181777 -0.080660 0.000000
-0.083904 -0.169935 0.000000
0.041478 -0.232366 0.000000
-0.070711 -0.148628 0.000000
-0.140961 -0.122491 0.000000
0.000000 0.000000 0.000000
0.016684 -0.010809 0.000000
0.010159 -0.014408 0.000000
0.048814 -0.027212 0.000000
0.003834 -0.055739 0.000000
0.053520 -0.037597 0.000000
0.081887 -0.045326 0.000000
0.051204 0.100485 0.000000
0.113608 0.096571 0.000000
0.054914 -0.060682 0.000000
0.146406 0.027314 0.000000
-0.008958 0.010100 0.000000
0.240992 -0.039476 0.000000
0.058719 0.007365 0.000000
0.177812 -0.011193 0.000000
0.165386 0.031439 0.000000
0.157961 0.016674 0.000000
0.186825 0.001567 0.000000
0.174626 -0.136806 0.000000
0.177881 0.007458 0.000000
0.154620 0.014337 0.000000
0.151923 -0.137232 0.000000
0.188065 -0.175862 0.000000
0.019719 -0.030005 0.000000
0.173797 -0.089162 0.000000
0.099279 -0.158130 0.000000
-0.031942 -0.184647 0.000000
0.042978 -0.102237 0.000000
-0.071424 -0.020396 0.000000
-0.077329 -0.099787 0.000000
-0.175802 -0.070212 0.000000
0.000000 0.000000 0.000000
0.037512 0.040281 0.000000
0.022737 0.040574 0.000000
0.064824 0.009072 0.000000
-0.001530 0.052819 0.000000
0.146759 0.034752 0.000000
-0.054584 0.047125 0.000000
0.166188 -0.081291 0.000000
0.023744 -0.100230 0.000000
0.113729 0.003570 0.000000
0.115244 0.002065 0.000000
0.155238 -0.004051 0.000000
0.097001 0.069596 0.000000
0.184564 -0.073771 0.000000
0.118688 0.062098 0.000000
0.159467 -0.048456 0.000000
0.216511 -0.060347 0.000000
0.112430 -0.044697 0.000000
0.262576 0.122369 0.000000
0.077806 -0.042505 0.000000
0.256373 -0.157942 0.000000
0.053654 0.093851 0.000000
0.157536 0.040032 0.000000
0.179674 -0.085173 0.000000
-0.003787 -0.055978 0.000000
0.075059 0.007833 0.000000
0.056801 0.025355 0.000000
-0.015737 -0.016697 0.000000
-0.032514 -0.125014 0.000000
-0.099545 -0.031089 0.000000
-0.201665 -0.010570 0.000000
0.000000 0.000000 0.000000
0.018779 -0.023610 0.000000
0.028300 -0.054642 0.000000
0.033553 -0.011541 0.000000
0.065969 -0.023970 0.000000
0.037281 -0.065226 0.000000
0.075642 -0.025273 0.000000
0.074018 0.058065 0.000000
0.079389 0.081078 0.000000
0.129589 0.001065 0.000000
0.029701 0.024114 0.000000
0.156590 -0.066664 0.000000
0.102463 -0.020163 0.000000
0.130756 0.079424 0.000000
0.201583 -0.040772 0.000000
0.155522 -0.012347 0.000000
0.159703 0.144208 0.000000
0.185340 -0.034774 0.000000
0.175334 -0.080076 0.000000
0.211514 -0.058582 0.000000
0.124382 0.237131 0.000000
0.212597 -0.145550 0.000000
0.140531 -0.077185 0.000000
0.069352 0.035870 0.000000
0.138253 0.033578 0.000000
0.084101 -0.042634 0.000000
0.000489 -0.058042 0.000000
-0.029192 0.003844 0.000000
-0.062950 0.116212 0.000000
-0.121291 0.046802 0.000000
-0.216189 0.053366 0.000000
0.000000 0.000000 0.000000
0.080468 0.033750 0.000000
0.027691 0.053429 0.000000
0.040129 0.019420 0.000000
0.093925 0.015822 0.000000
0.019037 0.060093 0.000000
0.149111 0.014826 0.000000
0.034422 -0.047859 0.000000
0.100282 -0.039565 0.000000
0.099919 -0.081603 0.000000
0.146138 0.007811 0.000000
0.094985 0.145035 0.000000
0.164215 -0.046023 0.000000
0.133479 0.016101 0.000000
0.151035 0.015095 0.000000
0.135257 0.103581 0.000000
0.221444 -0.130871 0.000000
0.189314 0.042809 0.000000
0.151996 0.173971 0.000000
0.211472 0.011606 0.000000
0.140593 -0.043195 0.000000
0.149969 0.052932 0.000000
0.149890 0.179085 0.000000
0.086246 0.039396 0.000000
0.134561 0.018827 0.000000
-0.046055 0.088406 0.000000
0.055149 0.167688 0.000000
-0.009694 0.109626 0.000000
-0.084089 0.018500 0.000000
-0.126315 0.098530 0.000000
-0.222970 0.115062 0.000000
0.000000 0.000000 0.000000
0.065013 0.010584 0.000000
0.002355 -0.046930 0.000000
0.082174 -0.020827 0.000000
0.050743 -0.035015 0.000000
0.074676 -0.017228 0.000000
0.076434 -0.026857 0.000000
0.035006 0.042353 0.000000
0.220586 -0.004594 0.000000
-0.051023 0.159657 0.000000
0.217647 -0.043631 0.000000
0.046313 -0.115899 0.000000
0.148801 0.046983 0.000000
0.139905 0.041756 0.000000
0.156142 -0.009170 0.000000
0.191980 0.073487 0.000000
0.128284 0.110297 0.000000
0.161404 0.083668 0.000000
0.210548 -0.066140 0.000000
0.151493 0.091915 0.000000
0.225993 0.095776 0.000000
0.120827 0.118720 0.000000
0.140623 0.016983 0.000000
0.134880 0.021717 0.000000
0.015368 0.210747 0.000000
0.089747 0.121405 0.000000
0.037533 0.024900 0.000000
-0.135759 0.118258 0.000000
-0.041196 0.251641 0.000000
-0.161238 0.172957 0.000000
-0.215331 0.170615 0.000000
0.000000 0.000000 0.000000
0.087335 0.008720 0.000000
0.043312 0.022018 0.000000
0.104814 0.070205 0.000000
0.038402 0.034125 0.000000
0.090687 0.012864 0.000000
0.095049 0.000575 0.000000
0.118752 0.026623 0.000000
0.017423 -0.003598 0.000000
0.144478 -0.104533 0.000000
0.089593 0.075792 0.000000
0.128186 0.178453 0.000000
0.160077 -0.075820 0.000000
0.131313 0.070688 0.000000
0.134770 0.051020 0.000000
0.173673 -0.000479 0.000000
0.155680 0.039130 0.000000
0.228812 0.127847 0.000000
0.143251 0.095541 0.000000
0.179413 0.155211 0.000000
0.114416 0.100944 0.000000
0.174240 0.112194 0.000000
0.085637 0.139728 0.000000
0.132193 0.281152 0.000000
0.033846 0.103203 0.000000
0.086719 0.097595 0.000000
-0.126835 0.336628 0.000000
0.051423 0.224688 0.000000
-0.123758 0.109553 0.000000
-0.141892 0.219083 0.000000
-0.214788 0.215431 0.000000
0.000000 0.000000 0.000000
0.081721 0.035028 0.000000
0.044857 0.019214 0.000000
0.043558 -0.045376 0.000000
0.106882 -0.067790 0.000000
0.096125 0.060116 0.000000
0.042709 0.011908 0.000000
0.135751 -0.032495 0.000000
0.084978 0.051017 0.000000
0.147595 0.149943 0.000000
0.051219 -0.033526 0.000000
0.162250 -0.052546 0.000000
0.071934 0.091712 0.000000
0.137091 0.034849 0.000000
0.227738 0.035907 0.000000
0.073617 0.176230 0.000000
0.210383 0.055840 0.000000
0.108872 0.028491 0.000000
0.124231 0.202057 0.000000
0.247564 0.030701 0.000000
0.129893 0.117627 0.000000
0.173969 0.211640 0.000000
0.084311 0.164991 0.000000
0.096243 0.097386 0.000000
0.072845 0.152519 0.000000
-0.019484 0.390090 0.000000
0.017674 0.080992 0.000000
-0.073683 0.193701 0.000000
-0.148798 0.350470 0.000000
-0.126456 0.263761 0.000000
-0.217431 0.257735 0.000000
0.000000 0.000000 0.000000
0.074598 -0.016959 0.000000
0.078277 -0.019362 0.000000
0.105599 0.079378 0.000000
0.061614 0.109977 0.000000
0.105940 -0.051693 0.000000
0.107324 0.009267 0.000000
0.070346 0.123699 0.000000
0.112223 -0.055128 0.000000
0.101439 -0.032463 0.000000
0.118536 0.056769 0.000000
0.112758 0.139512 0.000000
0.164057 0.004850 0.000000
0.137401 0.114848 0.000000
0.081002 0.069401 0.000000
0.196269 0.012998 0.000000
0.115426 0.176986 0.000000
0.168507 0.175726 0.000000
0.221720 0.086234 0.000000
0.040369 0.224364 0.000000
0.182106 0.247545 0.000000
0.071241 0.136878 0.000000
0.153107 0.208560 0.000000
0.027979 0.322860 0.000000
0.064578 0.265410 0.000000
0.005838 0.177003 0.000000
-0.016006 0.306508 0.000000
-0.096139 0.372871 0.000000
-0.078768 0.205330 0.000000
-0.139963 0.287604 0.000000
-0.197022 0.291431 0.000000
0.000000 0.000000 0.000000
0.112325 0.050204 0.000000
0.020414 0.059768 0.000000
0.090383 -0.042179 0.000000
0.110048 -0.047113 0.000000
0.072181 0.053962 0.000000
0.105148 0.074794 0.000000
0.120085 -0.048269 0.000000
0.100343 0.096635 0.000000
0.090740 0.128008 0.000000
0.146082 -0.025796 0.000000
0.111696 0.059256 0.000000
0.059322 0.048251 0.000000
0.213816 0.010898 0.000000
0.082729 0.175741 0.000000
0.206948 0.138836 0.000000
0.078402 0.098795 0.000000
0.169489 0.085279 0.000000
0.086137 0.209867 0.000000
0.133277 0.162655 0.000000
0.243769 0.131856 0.000000
0.071519 0.243026 0.000000
0.086632 0.261923 0.000000
0.089002 0.194577 0.000000
0.040446 0.242561 0.000000
-0.014058 0.301587 0.000000
-0.036996 0.316499 0.000000
-0.079156 0.236122 0.000000
-0.102403 0.361367 0.000000
-0.176591 0.324871 0.000000
-0.185218 0.316306 0.000000
0.000000 0.000000 0.000000
0.097434 0.009026 0.000000
0.080540 -0.042132 0.000000
0.100124 0.084762 0.000000
0.077404 0.092484 0.000000
0.126996 0.020466 0.000000
0.094007 0.039186 0.000000
0.099467 0.057701 0.000000
0.087856 0.052816 0.000000
0.169858 -0.015063 0.000000
0.046139 0.141626 0.000000
0.161412 0.005383 0.000000
0.152835 0.181972 0.000000
0.075071 0.149097 0.000000
0.126871 0.033198 0.000000
0.121302 0.123730 0.000000
0.126153 0.186384 0.000000
0.168815 0.191646 0.000000
0.084681 0.216610 0.000000
0.212874 0.181360 0.000000
-0.111721 0.300667 0.000000
0.239772 0.238075 0.000000
0.044319 0.284560 0.000000
0.077424 0.278183 0.000000
-0.028656 0.369778 0.000000
0.030686 0.344558 0.000000
-0.030144 0.289281 0.000000
-0.096183 0.355416 0.000000
-0.103558 0.338693 0.000000
-0.121213 0.334064 0.000000
-0.171364 0.333561 0.000000
0.000000 0.000000 0.000000
0.119659 0.038119 0.000000
0.011126 0.043737 0.000000
0.135541 0.021988 0.000000
0.061267 0.013531 0.000000
0.137184 0.011099 0.000000
0.062478 0.044982 0.000000
0.170449 0.092150 0.000000
0.066840 0.059943 0.000000
0.099106 0.085072 0.000000
0.197623 0.047246 0.000000
0.013073 0.154371 0.000000
0.182577 -0.005883 0.000000
0.058087 0.071499 0.000000
0.221013 0.238420 0.000000
0.032433 0.135865 0.000000
0.202849 0.123182 0.000000
0.061878 0.182335 0.000000
0.107761 0.139169 0.000000
0.125629 0.242714 0.000000
0.090609 0.271689 0.000000
0.175821 0.172168 0.000000
-0.030711 0.293678 0.000000
0.110354 0.340203 0.000000
0.018331 0.243065 0.000000
-0.004631 0.256501 0.000000
-0.081354 0.411781 0.000000
-0.063514 0.371233 0.000000
-0.097151 0.314314 0.000000
-0.156003 0.359204 0.000000
-0.169085 0.352002 0.000000
0.000000 0.000000 0.000000
0.092752 0.047736 0.000000
0.100097 0.035076 0.000000
0.068793 0.053165 0.000000
0.125976 0.026272 0.000000
0.078874 0.142512 0.000000
0.133317 0.070999 0.000000
0.088558 0.016841 0.000000
0.172830 0.059575 0.000000
0.035486 0.159923 0.000000
0.174106 0.030466 0.000000
0.099243 0.089892 0.000000
0.119067 0.195502 0.000000
0.114291 0.164842 0.000000
0.083764 0.060451 0.000000
0.104417 0.125753 0.000000
0.103745 0.238965 0.000000
0.091808 0.178489 0.000000
0.190594 0.295873 0.000000
-0.033103 0.265439 0.000000
0.200866 0.174367 0.000000
-0.148406 0.442159 0.000000
0.214960 0.257078 0.000000
-0.004238 0.309788 0.000000
-0.013496 0.371236 0.000000
-0.001049 0.497622 0.000000
-0.035611 0.288593 0.000000
-0.058775 0.315716 0.000000
-0.145013 0.441199 0.000000
-0.083906 0.373787 0.000000
-0.176146 0.367398 0.000000
0.000000 0.000000 0.000000
0.082113 0.000287 0.000000
0.063441 -0.009828 0.000000
0.077667 0.043728 0.000000
0.145638 0.103797 0.000000
0.044756 -0.020681 0.000000
0.176373 0.012557 0.000000
0.018772 0.210752 0.000000
0.179920 0.031616 0.000000
0.106601 0.055489 0.000000
0.103452 0.127385 0.000000
0.115602 0.175722 0.000000
0.115817 0.009129 0.000000
0.110456 0.121561 0.000000
0.115277 0.207414 0.000000
0.116451 0.192346 0.000000
0.108285 0.136968 0.000000
0.044970 0.240240 0.000000
0.128418 0.141248 0.000000
0.053456 0.238427 0.000000
0.099644 0.376457 0.000000
0.055697 0.222991 0.000000
0.092469 0.290499 0.000000
-0.113482 0.391503 0.000000
0.166823 0.279151 0.000000
-0.114398 0.263337 0.000000
-0.021157 0.405073 0.000000
-0.083285 0.458800 0.000000
-0.107281 0.321052 0.000000
-0.112408 0.380168 0.000000
-0.153403 0.382221 0.000000
0.000000 0.000000 0.000000
0.104103 0.076084 0.000000
0.070156 0.094211 0.000000
0.074189 0.032915 0.000000
0.117499 0.046836 0.000000
0.102852 0.127560 0.000000
0.072382 0.178937 0.000000
0.186182 -0.044278 0.000000
0.082935 0.109304 0.000000
0.142637 0.167247 0.000000
0.092729 0.063471 0.000000
0.147693 0.093313 0.000000
0.081987 0.202943 0.000000
0.104217 0.178407 0.000000
0.113181 0.098750 0.000000
0.038873 0.196172 0.000000
0.126079 0.175611 0.000000
0.087745 0.248873 0.000000
0.013110 0.367657 0.000000
0.118276 0.188411 0.000000
0.004414 0.289565 0.000000
0.052060 0.284968 0.000000
-0.032899 0.391926 0.000000
0.076876 0.347369 0.000000
-0.065501 0.425364 0.000000
-0.042003 0.461355 0.000000
0.024536 0.357507 0.000000
-0.150148 0.351936 0.000000
-0.018478 0.436997 0.000000
-0.158965 0.410450 0.000000
-0.135185 0.394830 0.000000
0.000000 0.000000 0.000000
0.080967 0.021808 0.000000
0.043461 -0.023430 0.000000
0.115921 0.056102 0.000000
0.052864 0.098842 0.000000
0.153851 -0.006316 0.000000
0.093882 0.054541 0.000000
0.101433 0.144530 0.000000
0.122895 0.119564 0.000000
0.114752 0.081462 0.000000
0.139403 0.107114 0.000000
0.042935 0.189580 0.000000
0.175376 0.056022 0.000000
0.071260 0.138841 0.000000
0.078947 0.183423 0.000000
0.174756 0.147533 0.000000
-0.032329 0.274155 0.000000
0.137593 0.155472 0.000000
0.048248 0.142140 0.000000
0.083474 0.323271 0.000000
0.002535 0.237523 0.000000
0.112945 0.399048 0.000000
-0.045829 0.315571 0.000000
0.096598 0.245534 0.000000
-0.148607 0.412642 0.000000
0.100454 0.301659 0.000000
-0.151528 0.425647 0.000000
0.005455 0.429488 0.000000
-0.168449 0.400922 0.000000
-0.070111 0.400756 0.000000
-0.131190 0.401325 0.000000
0.000000 0.000000 0.000000
0.097678 0.050503 0.000000
0.032657 0.047730 0.000000
0.110722 0.096355 0.000000
0.091095 0.054124 0.000000
0.080162 0.130331 0.000000
0.145152 0.099610 0.000000
0.081216 0.107492 0.000000
0.166153 0.057241 0.000000
0.095714 0.113800 0.000000
0.110141 0.140833 0.000000
0.132717 0.131862 0.000000
0.069828 0.153416 0.000000
0.123665 0.181840 0.000000
0.040249 0.186431 0.000000
0.055586 0.216580 0.000000
0.064264 0.124380 0.000000
0.048516 0.355150 0.000000
-0.036353 0.299557 0.000000
0.133369 0.202615 0.000000
-0.073907 0.349984 0.000000
0.053634 0.214736 0.000000
-0.018732 0.295333 0.000000
-0.052389 0.585485 0.000000
0.000511 0.334901 0.000000
-0.044798 0.429088 0.000000
-0.085961 0.415700 0.000000
-0.047867 0.420768 0.000000
-0.070341 0.403175 0.000000
-0.111675 0.428548 0.000000
-0.122046 0.414222 0.000000
0.000000 0.000000 0.000000
0.067284 0.066390 0.000000
0.061967 0.052569 0.000000
0.060366 0.049557 0.000000
0.113901 -0.006963 0.000000
0.106169 0.100315 0.000000
0.078027 0.087786 0.000000
0.177331 0.038834 0.000000
0.020695 0.151083 0.000000
0.232252 0.143387 0.000000
0.011143 0.105346 0.000000
0.195053 0.047143 0.000000
0.002155 0.209004 0.000000
0.154877 0.121173 0.000000
0.070526 0.101700 0.000000
0.113018 0.171011 0.000000
-0.027884 0.340376 0.000000
0.103427 0.075859 0.000000
0.034738 0.191053 0.000000
-0.019998 0.300836 0.000000
0.043565 0.278829 0.000000
-0.045007 0.435035 0.000000
-0.013445 0.373279 0.000000
0.013652 0.174546 0.000000
-0.030916 0.341410 0.000000
-0.079468 0.461501 0.000000
-0.035603 0.369164 0.000000
-0.067560 0.378916 0.000000
-0.115917 0.461772 0.000000
-0.068943 0.435869 0.000000
-0.109594 0.420665 0.000000
0.000000 0.000000 0.000000
0.057103 0.001501 0.000000
0.054715 -0.005104 0.000000
0.084392 0.051166 0.000000
0.073483 0.194213 0.000000
0.113763 0.010069 0.000000
0.111605 0.066711 0.000000
0.103161 0.178652 0.000000
0.121197 0.082779 0.000000
0.144516 0.025416 0.000000
0.127775 0.135494 0.000000
0.038795 0.261439 0.000000
0.146745 0.035990 0.000000
0.092115 0.126792 0.000000
-0.009679 0.317782 0.000000
0.093330 0.083960 0.000000
0.053677 0.157759 0.000000
-0.003658 0.278424 0.000000
0.024655 0.300960 0.000000
-0.020339 0.267603 0.000000
0.008153 0.282726 0.000000
-0.027901 0.219589 0.000000
-0.004366 0.305087 0.000000
-0.119326 0.506743 0.000000
-0.027465 0.425921 0.000000
-0.051547 0.356874 0.000000
-0.071847 0.427635 0.000000
-0.075580 0.499853 0.000000
-0.078114 0.397787 0.000000
-0.086365 0.422192 0.000000
-0.086373 0.422841 0.000000
0.000000 0.000000 0.000000
0.071040 0.079320 0.000000
0.027789 0.098269 0.000000
0.076089 0.033491 0.000000
0.106743 -0.023319 0.000000
0.068924 0.086213 0.000000
0.140594 0.160031 0.000000
0.094142 -0.013276 0.000000
0.164601 0.058689 0.000000
0.005199 0.260505 0.000000
0.201633 0.023855 0.000000
0.088584 0.060181 0.000000
0.113832 0.153342 0.000000
-0.041138 0.257634 0.000000
0.200599 -0.014335 0.000000
-0.005019 0.216613 0.000000
0.028245 0.241371 0.000000
0.025540 0.135056 0.000000
-0.016809 0.198070 0.000000
0.009917 0.176265 0.000000
-0.071292 0.366210 0.000000
-0.035703 0.351770 0.000000
-0.075464 0.386579 0.000000
-0.013098 0.262476 0.000000
-0.038190 0.276407 0.000000
-0.131874 0.422001 0.000000
-0.007075 0.396857 0.000000
-0.135743 0.355243 0.000000
-0.022908 0.439103 0.000000
-0.120387 0.435364 0.000000
-0.065165 0.420485 0.000000
0.000000 0.000000 0.000000
0.048704 0.004999 0.000000
0.046267 -0.033092 0.000000
0.079512 0.071182 0.000000
0.070424 0.145337 0.000000
0.100890 0.023625 0.000000
0.123834 0.040476 0.000000
0.110719 0.121751 0.000000
0.081921 0.190831 0.000000
0.182074 -0.058859 0.000000
0.104337 0.122142 0.000000
0.051197 0.201316 0.000000
0.132511 0.059308 0.000000
0.066469 0.115528 0.000000
0.033281 0.204620 0.000000
-0.012233 0.193711 0.000000
0.064256 0.134098 0.000000
-0.023404 0.240278 0.000000
-0.017551 0.275755 0.000000
-0.060187 0.303325 0.000000
-0.035705 0.210181 0.000000
-0.033001 0.215323 0.000000
-0.082719 0.300219 0.000000
-0.072383 0.384465 0.000000
-0.130479 0.490298 0.000000
-0.044810 0.365623 0.000000
-0.089700 0.407444 0.000000
-0.053464 0.440718 0.000000
-0.115635 0.419732 0.000000
-0.053164 0.417416 0.000000
-0.057458 0.411918 0.000000
0.000000 0.000000 0.000000
0.073842 0.059955 0.000000
-0.004975 0.059203 0.000000
0.102278 0.031348 0.000000
0.071125 -0.001390 0.000000
0.117512 0.046070 0.000000
0.068153 0.124744 0.000000
0.151953 0.005136 0.000000
0.119683 0.053435 0.000000
0.099017 0.137612 0.000000
0.082901 0.129395 0.000000
0.132685 0.047745 0.000000
0.069565 0.127553 0.000000
0.075728 0.111946 0.000000
0.007903 0.176572 0.000000
0.086243 0.085609 0.000000
0.000253 0.163736 0.000000
-0.093592 0.237598 0.000000
0.060763 0.130967 0.000000
-0.106135 0.193604 0.000000
-0.009751 0.288403 0.000000
-0.153991 0.399630 0.000000
-0.014644 0.269627 0.000000
-0.153804 0.344478 0.000000
-0.033212 0.245166 0.000000
-0.083550 0.298583 0.000000
-0.135846 0.404044 0.000000
-0.077002 0.391846 0.000000
-0.052067 0.368127 0.000000
-0.093119 0.407808 0.000000
-0.044614 0.401129 0.000000
0.000000 0.000000 0.000000
0.047012 0.036319 0.000000
0.045252 0.000256 0.000000
0.086508 0.061094 0.000000
0.060398 0.035341 0.000000
0.100352 0.089747 0.000000
0.120591 0.040855 0.000000
0.119893 0.058050 0.000000
0.110829 0.094853 0.000000
0.115986 0.065963 0.000000
0.132743 0.054618 0.000000
0.098751 0.066877 0.000000
0.042743 0.155667 0.000000
0.060649 0.136621 0.000000
0.065191 0.068968 0.000000
-0.028477 0.192098 0.000000
-0.034922 0.237076 0.000000
0.024376 0.099086 0.000000
-0.081073 0.239642 0.000000
-0.077699 0.275791 0.000000
-0.089568 0.221206 0.000000
-0.093162 0.171337 0.000000
-0.097417 0.279963 0.000000
-0.128191 0.359571 0.000000
-0.085113 0.395496 0.000000
-0.157999 0.461308 0.000000
-0.046882 0.334955 0.000000
-0.058266 0.340353 0.000000
-0.139017 0.434385 0.000000
-0.036594 0.389618 0.000000
-0.042809 0.386759 0.000000
0.000000 0.000000 0.000000
0.050270 0.003724 0.000000
0.023677 -0.009016 0.000000
0.064021 0.041456 0.000000
0.099950 0.057497 0.000000
0.079838 0.011368 0.000000
0.137301 -0.028761 0.000000
0.070257 0.133450 0.000000
0.134805 0.044632 0.000000
0.133003 0.022452 0.000000
0.075932 0.093488 0.000000
0.050987 0.189641 0.000000
0.132016 -0.010361 0.000000
0.064044 0.057349 0.000000
-0.039235 0.226680 0.000000
0.059589 0.094721 0.000000
-0.014217 0.073842 0.000000
-0.044900 0.192055 0.000000
-0.140563 0.270118 0.000000
0.020119 0.097938 0.000000
-0.156285 0.244383 0.000000
-0.031997 0.327302 0.000000
-0.208906 0.317205 0.000000
-0.014983 0.192041 0.000000
-0.192043 0.273511 0.000000
-0.072566 0.212075 0.000000
-0.137838 0.364458 0.000000
-0.100034 0.392658 0.000000
-0.078875 0.324014 0.000000
-0.068966 0.362992 0.000000
-0.028924 0.369670 0.000000
0.000000 0.000000 0.000000
0.041680 0.056814 0.000000
0.076103 0.074254 0.000000
0.026198 0.004527 0.000000
0.115643 -0.027630 0.000000
0.090236 0.053565 0.000000
0.095647 0.163432 0.000000
0.133978 -0.054255 0.000000
0.141355 -0.000518 0.000000
0.049255 0.176098 0.000000
0.141139 0.024987 0.000000
0.127853 -0.019216 0.000000
0.009548 0.148585 0.000000
0.027026 0.227290 0.000000
0.049308 -0.014594 0.000000
0.019359 0.088716 0.000000
-0.101697 0.281508 0.000000
-0.021451 0.105612 0.000000
-0.050969 0.095860 0.000000
-0.118038 0.238942 0.000000
-0.156193 0.261650 0.000000
-0.124994 0.156250 0.000000
-0.110951 0.191787 0.000000
-0.182184 0.360301 0.000000
-0.119304 0.393651 0.000000
-0.147955 0.403844 0.000000
-0.080996 0.261040 0.000000
-0.127632 0.352671 0.000000
-0.043207 0.348801 0.000000
-0.107060 0.340973 0.000000
-0.025770 0.347818 0.000000
0.000000 0.000000 0.000000
0.031438 -0.022992 0.000000
0.031794 -0.069747 0.000000
0.091068 0.026393 0.000000
0.065774 0.114809 0.000000
0.084175 -0.026058 0.000000
0.136376 -0.047572 0.000000
0.088466 0.069298 0.000000
0.092443 0.175912 0.000000
0.148515 -0.093248 0.000000
0.096238 0.050883 0.000000
0.007002 0.212400 0.000000
0.110373 0.016916 0.000000
0.071652 -0.018325 0.000000
0.001858 0.153544 0.000000
-0.104217 0.262457 0.000000
0.035312 -0.014191 0.000000
-0.059613 0.129393 0.000000
-0.125249 0.285887 0.000000
-0.172314 0.138910 0.000000
0.016725 0.132505 0.000000
-0.229345 0.270609 0.000000
-0.054111 0.279812 0.000000
-0.212481 0.223983 0.000000
-0.075211 0.116793 0.000000
-0.177700 0.224422 0.000000
-0.130215 0.337901 0.000000
-0.092497 0.248181 0.000000
-0.118354 0.347502 0.000000
-0.048425 0.322745 0.000000
-0.034968 0.325461 0.000000
0.000000 0.000000 0.000000
0.071133 0.039555 0.000000
0.024752 0.080041 0.000000
0.068308 0.007927 0.000000
0.080423 -0.058776 0.000000
0.117333 0.025657 0.000000
0.057214 0.139940 0.000000
0.150390 -0.025100 0.000000
0.113376 -0.018715 0.000000
0.087740 0.097133 0.000000
0.074719 0.164124 0.000000
0.112459 -0.078092 0.000000
0.082230 0.054549 0.000000
-0.091207 0.264880 0.000000
0.085603 0.014623 0.000000
-0.001865 0.016145 0.000000
-0.035687 0.165008 0.000000
-0.203571 0.249035 0.000000
0.005874 0.039069 0.000000
-0.083044 0.131122 0.000000
-0.291946 0.269367 0.000000
-0.033824 0.151514 0.000000
-0.195812 0.154909 0.000000
-0.192226 0.232160 0.000000
-0.176031 0.425706 0.000000
-0.102633 0.310112 0.000000
-0.140086 0.212289 0.000000
-0.130422 0.363995 0.000000
-0.062907 0.237405 0.000000
-0.098916 0.298730 0.000000
-0.034669 0.299207 0.000000
0.000000 0.000000 0.000000
0.044399 -0.000362 0.000000
0.027489 -0.061182 0.000000
0.095253 0.013074 0.000000
0.044170 0.059579 0.000000
0.124300 0.034204 0.000000
0.091154 -0.039723 0.000000
0.123828 -0.007526 0.000000
0.056932 0.159480 0.000000
0.135288 -0.021803 0.000000
0.093592 -0.004512 0.000000
0.055383 0.116916 0.000000
-0.005057 0.182423 0.000000
0.086194 -0.064122 0.000000
0.033153 0.073190 0.000000
-0.162077 0.242869 0.000000
0.019789 0.052082 0.000000
-0.063486 0.061465 0.000000
-0.124554 0.150838 0.000000
-0.212896 0.276675 0.000000
-0.107033 0.100449 0.000000
-0.117705 0.146790 0.000000
-0.336914 0.290620 0.000000
0.123691 0.159253 0.000000
-0.342509 0.106201 0.000000
-0.052752 0.129347 0.000000
-0.213084 0.282031 0.000000
-0.077646 0.208474 0.000000
-0.141958 0.315543 0.000000
-0.052395 0.272976 0.000000
-0.038489 0.274554 0.000000
0.000000 0.000000 0.000000
0.073481 0.002870 0.000000
0.005658 -0.002093 0.000000
0.084352 0.057312 0.000000
0.067384 -0.027665 0.000000
0.091221 -0.020797 0.000000
0.093097 0.044523 0.000000
0.088764 0.123360 0.000000
0.122006 -0.064751 0.000000
0.110060 0.011325 0.000000
0.020265 0.178336 0.000000
0.113729 -0.018417 0.000000
0.051006 0.017865 0.000000
0.015249 0.115728 0.000000
-0.104433 0.190443 0.000000
0.059716 -0.009043 0.000000
-0.068995 0.096387 0.000000
-0.129820 0.153229 0.000000
-0.155973 0.196977 0.000000
-0.069686 0.009823 0.000000
-0.135584 0.106893 0.000000
-0.319027 0.298720 0.000000
0.010521 0.053916 0.000000
-0.407365 0.202610 0.000000
-0.100622 0.293945 0.000000
-0.220363 0.329314 0.000000
-0.157959 0.211734 0.000000
-0.093547 0.237695 0.000000
-0.132632 0.208588 0.000000
-0.077870 0.239005 0.000000
-0.040727 0.249658 0.000000
0.000000 0.000000 0.000000
0.028124 0.018860 0.000000
0.072177 0.057378 0.000000
0.029713 -0.050499 0.000000
0.099239 -0.029355 0.000000
0.062877 0.132248 0.000000
0.109216 -0.028136 0.000000
0.098956 -0.059303 0.000000
0.092105 0.076902 0.000000
0.038781 0.137153 0.000000
0.125410 -0.056194 0.000000
0.054399 0.059210 0.000000
-0.002592 0.120509 0.000000
0.031543 0.068463 0.000000
0.012126 0.010536 0.000000
-0.032949 0.071850 0.000000
-0.169445 0.207256 0.000000
-0.035630 0.060517 0.000000
-0.075724 0.019337 0.000000
-0.239893 0.206350 0.000000
-0.135956 0.228044 0.000000
-0.224355 0.034145 0.000000
-0.131587 0.123499 0.000000
-0.240613 0.220521 0.000000
-0.064783 0.055140 0.000000
-0.276551 0.044205 0.000000
-0.067884 0.141368 0.000000
-0.217331 0.249281 0.000000
-0.043738 0.206641 0.000000
-0.122550 0.207424 0.000000
-0.028091 0.210521 0.000000
0.000000 0.000000 0.000000
0.046654 -0.032959 0.000000
0.014822 -0.102064 0.000000
0.073502 0.057595 0.000000
0.052258 0.079697 0.000000
0.072958 -0.117090 0.000000
0.106582 0.008927 0.000000
0.035723 0.160483 0.000000
0.126969 -0.038790 0.000000
0.086361 -0.016975 0.000000
0.073631 0.047860 0.000000
0.003211 0.133142 0.000000
0.072340 0.016600 0.000000
0.014506 0.030365 0.000000
-0.042084 0.101758 0.000000
-0.106536 0.202232 0.000000
0.017283 -0.076438 0.000000
-0.100826 0.064553 0.000000
-0.248619 0.248675 0.000000
-0.057201 0.027822 0.000000
-0.165094 -0.018593 0.000000
-0.144201 0.134266 0.000000
-0.351767 0.285895 0.000000
-0.091577 -0.013713 0.000000
-0.290721 0.213951 0.000000
-0.126681 0.292030 0.000000
-0.222885 0.185501 0.000000
-0.103407 0.062812 0.000000
-0.156761 0.182976 0.000000
-0.080742 0.178778 0.000000
-0.032869 0.174744 0.000000
0.000000 0.000000 0.000000
0.036408 0.009773 0.000000
0.039502 0.122408 0.000000
0.020348 -0.056038 0.000000
0.098469 -0.071883 0.000000
0.056001 0.086225 0.000000
0.062717 0.069904 0.000000
0.110726 -0.102393 0.000000
0.068740 0.033220 0.000000
0.048609 0.098496 0.000000
0.063902 0.064609 0.000000
0.057463 -0.015276 0.000000
0.057504 -0.010398 0.000000
-0.088503 0.204266 0.000000
0.039343 0.003880 0.000000
-0.014803 -0.028272 0.000000
-0.141424 0.155726 0.000000
-0.137104 0.194049 0.000000
-0.091093 -0.069717 0.000000
-0.090137 0.029513 0.000000
-0.359309 0.311429 0.000000
-0.079913 -0.010330 0.000000
-0.147363 -0.058492 0.000000
-0.184451 0.129483 0.000000
-0.257386 0.125479 0.000000
-0.109645 -0.082414 0.000000
-0.209852 0.050344 0.000000
-0.148131 0.206618 0.000000
-0.120832 0.110163 0.000000
-0.097109 0.123159 0.000000
-0.030839 0.132528 0.000000
0.000000 0.000000 0.000000
0.043429 -0.013565 0.000000
0.009792 -0.120768 0.000000
0.070963 -0.020117 0.000000
-0.000476 0.108282 0.000000
0.097121 -0.089133 0.000000
0.053171 -0.014141 0.000000
0.086180 0.028209 0.000000
0.030729 0.108767 0.000000
0.104178 -0.058860 0.000000
0.058860 -0.007259 0.000000
0.025805 0.068745 0.000000
-0.019482 0.186648 0.000000
0.060526 -0.115416 0.000000
-0.021708 0.024271 0.000000
-0.136524 0.217853 0.000000
-0.024920 -0.026277 0.000000
-0.051424 -0.060012 0.000000
-0.160238 0.118269 0.000000
-0.275535 0.202843 0.000000
-0.053855 -0.130177 0.000000
-0.157255 0.011371 0.000000
-0.394725 0.280327 0.000000
-0.082201 -0.060770 0.000000
-0.236102 0.040428 0.000000
-0.207487 0.190877 0.000000
-0.194001 0.138095 0.000000
-0.142813 -0.025997 0.000000
-0.144560 0.080837 0.000000
-0.099167 0.080916 0.000000
-0.032749 0.083049 0.000000
0.000000 0.000000 0.000000
0.053817 -0.023343 0.000000
-0.034704 0.029383 0.000000
0.070663 0.105657 0.000000
0.059005 -0.109980 0.000000
0.037927 0.000792 0.000000
0.061697 0.063270 0.000000
0.053704 0.006465 0.000000
0.067396 -0.043334 0.000000
0.081335 -0.013106 0.000000
-0.031659 0.181654 0.000000
0.099117 -0.064486 0.000000
0.021227 -0.046878 0.000000
-0.022551 0.097889 0.000000
-0.083457 0.176652 0.000000
0.015534 -0.130614 0.000000
-0.057876 0.016210 0.000000
-0.244169 0.223849 0.000000
-0.036375 -0.065872 0.000000
-0.109575 -0.050688 0.000000
-0.194893 0.081010 0.000000
-0.292101 0.136315 0.000000
-0.102320 -0.096866 0.000000
-0.165590 -0.052410 0.000000
-0.281117 0.138252 0.000000
-0.120806 -0.170605 0.000000
-0.197713 -0.034818 0.000000
-0.171882 0.049141 0.000000
-0.159061 0.048002 0.000000
-0.095044 0.024506 0.000000
-0.035819 0.032478 0.000000
0.000000 0.000000 0.000000
0.007597 0.000376 0.000000
0.076599 0.015271 0.000000
-0.050547 -0.156295 0.000000
0.085824 -0.034484 0.000000
-0.015328 0.136678 0.000000
0.092071 -0.118688 0.000000
0.052913 -0.036843 0.000000
0.054087 0.031414 0.000000
0.002628 0.115285 0.000000
0.107137 -0.149290 0.000000
0.022414 0.005764 0.000000
-0.042563 0.186100 0.000000
0.034807 -0.072114 0.000000
0.006607 -0.081923 0.000000
-0.068832 0.083957 0.000000
-0.160256 0.141128 0.000000
-0.003198 -0.149579 0.000000
-0.115510 0.013824 0.000000
-0.266927 0.091787 0.000000
-0.068352 -0.028515 0.000000
-0.202864 -0.063183 0.000000
-0.117296 -0.064322 0.000000
-0.454247 0.217508 0.000000
0.006137 -0.189760 0.000000
-0.274434 0.075289 0.000000
-0.190970 0.022565 0.000000
-0.153487 -0.032491 0.000000
-0.139467 -0.082341 0.000000
-0.121225 -0.030594 0.000000
-0.038663 -0.022423 0.000000
0.000000 0.000000 0.000000
0.047190 -0.039459 0.000000
-0.072319 -0.092718 0.000000
0.141318 0.154704 0.000000
-0.063756 0.039010 0.000000
0.102689 -0.191022 0.000000
0.022068 -0.008539 0.000000
0.021293 0.150747 0.000000
0.056164 -0.096167 0.000000
0.059002 -0.090169 0.000000
0.022257 0.081959 0.000000
-0.032392 0.103516 0.000000
0.089214 -0.174718 0.000000
-0.016524 0.007679 0.000000
-0.105992 0.169118 0.000000
-0.000603 -0.085238 0.000000
-0.041262 -0.066757 0.000000
-0.106140 0.029754 0.000000
-0.189711 0.073944 0.000000
-0.079025 -0.082797 0.000000
-0.133307 -0.069246 0.000000
-0.232086 -0.003176 0.000000
-0.227584 0.078599 0.000000
-0.111706 -0.235805 0.000000
-0.205801 -0.081353 0.000000
-0.304327 -0.004256 0.000000
-0.043870 -0.200902 0.000000
-0.246343 -0.107025 0.000000
-0.136121 -0.035793 0.000000
-0.122696 -0.079966 0.000000
-0.044283 -0.072327 0.000000
0.000000 0.000000 0.000000
0.009015 -0.012062 0.000000
0.010868 0.084500 0.000000
0.000238 -0.180870 0.000000
0.006208 -0.135700 0.000000
0.049563 0.141593 0.000000
-0.025919 0.021175 0.000000
0.111123 -0.211316 0.000000
0.026273 -0.028836 0.000000
-0.005907 0.164405 0.000000
0.048285 -0.143143 0.000000
0.057943 -0.097330 0.000000
-0.025073 0.074107 0.000000
-0.045205 0.057029 0.000000
0.043116 -0.162450 0.000000
-0.046495 -0.013475 0.000000
-0.111021 0.037542 0.000000
-0.098369 -0.023080 0.000000
-0.068292 -0.104062 0.000000
-0.089240 -0.099499 0.000000
-0.314315 0.098537 0.000000
-0.016864 -0.139489 0.000000
-0.183182 -0.176571 0.000000
-0.198798 -0.011208 0.000000
-0.281418 0.017555 0.000000
-0.066518 -0.237702 0.000000
-0.290748 -0.046524 0.000000
-0.080049 -0.073399 0.000000
-0.205861 -0.179089 0.000000
-0.117446 -0.151217 0.000000
-0.063127 -0.124024 0.000000
0.000000 0.000000 0.000000
0.004227 -0.030806 0.000000
0.035831 -0.122813 0.000000
-0.030072 0.050600 0.000000
0.110379 0.121610 0.000000
-0.052925 -0.192670 0.000000
0.078100 -0.127140 0.000000
0.006036 0.121051 0.000000
-0.017978 0.021822 0.000000
0.112693 -0.208099 0.000000
-0.001431 -0.005762 0.000000
-0.011236 0.109809 0.000000
0.009357 -0.138243 0.000000
0.031648 -0.068691 0.000000
-0.050045 -0.000281 0.000000
-0.074939 0.044729 0.000000
-0.037176 -0.095339 0.000000
-0.020615 -0.096994 0.000000
-0.176211 -0.016412 0.000000
-0.123905 0.050089 0.000000
-0.095629 -0.214614 0.000000
-0.103608 -0.130989 0.000000
-0.324246 0.059998 0.000000
-0.036336 -0.198553 0.000000
-0.177121 -0.243669 0.000000
-0.183085 -0.113442 0.000000
-0.192984 -0.139661 0.000000
-0.166808 -0.256696 0.000000
-0.129570 -0.146477 0.000000
-0.130855 -0.174587 0.000000
-0.087644 -0.168321 0.000000
0.000000 0.000000 0.000000
0.038945 -0.028354 0.000000
-0.061140 0.022779 0.000000
0.040537 -0.027603 0.000000
0.002994 -0.179369 0.000000
-0.009073 0.000666 0.000000
0.031964 0.146611 0.000000
0.016959 -0.241343 0.000000
0.058133 -0.089365 0.000000
0.003471 0.025130 0.000000
-0.016888 0.014833 0.000000
0.073638 -0.171055 0.000000
-0.007194 -0.030409 0.000000
-0.013018 0.009607 0.000000
-0.066083 -0.034756 0.000000
0.038837 -0.137772 0.000000
-0.057010 -0.097200 0.000000
-0.167939 0.077174 0.000000
-0.022109 -0.134611 0.000000
-0.063736 -0.175626 0.000000
-0.169605 -0.055687 0.000000
-0.178763 0.015805 0.000000
-0.110195 -0.256670 0.000000
-0.121620 -0.169088 0.000000
-0.286946 -0.006864 0.000000
-0.114399 -0.192743 0.000000
-0.139598 -0.228632 0.000000
-0.148865 -0.165127 0.000000
-0.207386 -0.210154 0.000000
-0.112882 -0.220919 0.000000
-0.103426 -0.203702 0.000000
0.000000 0.000000 0.000000
-0.002993 -0.022671 0.000000
0.017301 -0.029799 0.000000
0.028285 -0.104514 0.000000
-0.025825 0.040153 0.000000
0.056607 -0.023035 0.000000
0.024481 -0.197485 0.000000
-0.008917 -0.017062 0.000000
0.069804 0.064175 0.000000
-0.051682 -0.132263 0.000000
0.088298 -0.128432 0.000000
-0.008576 -0.054529 0.000000
-0.040015 0.051387 0.000000
0.019297 -0.171097 0.000000
0.021873 -0.108958 0.000000
-0.087956 -0.016633 0.000000
-0.066293 0.046109 0.000000
0.001370 -0.239110 0.000000
-0.056304 -0.125137 0.000000
-0.222106 0.068290 0.000000
-0.009575 -0.177469 0.000000
-0.100441 -0.205501 0.000000
-0.106096 -0.148076 0.000000
-0.255666 -0.035684 0.000000
-0.043299 -0.295187 0.000000
-0.096666 -0.303871 0.000000
-0.251527 -0.122053 0.000000
-0.120714 -0.226021 0.000000
-0.090681 -0.279801 0.000000
-0.157096 -0.248701 0.000000
-0.121625 -0.227101 0.000000
0.000000 0.000000 0.000000
0.022985 -0.020818 0.000000
-0.021604 -0.095474 0.000000
0.018341 0.088594 0.000000
0.010584 -0.105414 0.000000
0.003659 -0.118150 0.000000
0.001892 0.007589 0.000000
0.045412 0.009188 0.000000
0.007538 -0.180826 0.000000
0.019647 -0.081207 0.000000
0.066969 0.059143 0.000000
-0.118738 -0.044403 0.000000
0.158433 -0.186037 0.000000
-0.060882 -0.047216 0.000000
-0.045063 0.108006 0.000000
-0.009463 -0.172394 0.000000
0.012744 -0.176223 0.000000
-0.113959 0.015525 0.000000
-0.088048 0.054874 0.000000
-0.021045 -0.285280 0.000000
-0.058991 -0.114508 0.000000
-0.249205 -0.000545 0.000000
-0.005074 -0.134367 0.000000
-0.139040 -0.225354 0.000000
-0.074954 -0.187322 0.000000
-0.353117 0.060724 0.000000
0.070052 -0.345963 0.000000
-0.167513 -0.271847 0.000000
-0.198363 -0.154870 0.000000
-0.124633 -0.246002 0.000000
-0.139106 -0.245143 0.000000
0.000000 0.000000 0.000000
0.006474 -0.020623 0.000000
0.003936 0.044419 0.000000
-0.012977 -0.102380 0.000000
0.039552 -0.102599 0.000000
0.025381 0.096386 0.000000
-0.023934 -0.108134 0.000000
0.053391 -0.150887 0.000000
-0.012960 -0.019388 0.000000
0.041327 0.062896 0.000000
-0.037529 -0.212662 0.000000
0.078317 -0.134914 0.000000
-0.054249 0.073795 0.000000
-0.054912 -0.065761 0.000000
0.072568 -0.227920 0.000000
-0.024808 -0.072643 0.000000
-0.107091 0.153075 0.000000
0.006078 -0.259584 0.000000
-0.008059 -0.195332 0.000000
-0.120081 -0.016902 0.000000
-0.117319 0.001748 0.000000
-0.005604 -0.304634 0.000000
-0.094636 -0.142867 0.000000
-0.170481 -0.110985 0.000000
-0.095469 -0.076893 0.000000
-0.077444 -0.398235 0.000000
-0.132452 -0.189107 0.000000
-0.240107 -0.061188 0.000000
0.009174 -0.378919 0.000000
-0.139534 -0.262856 0.000000
-0.156551 -0.237626 0.000000
0.000000 0.000000 0.000000
0.009165 -0.030110 0.000000
0.019275 -0.078663 0.000000
0.017307 -0.031954 0.000000
-0.003136 0.078234 0.000000
-0.011247 -0.194227 0.000000
0.056237 -0.062609 0.000000
0.016127 0.059357 0.000000
-0.021358 -0.101938 0.000000
0.068304 -0.168180 0.000000
-0.018726 -0.021977 0.000000
0.058659 0.098058 0.000000
-0.083494 -0.249995 0.000000
0.132610 -0.089575 0.000000
-0.096749 0.062064 0.000000
-0.044682 -0.093066 0.000000
0.034164 -0.236615 0.000000
-0.031544 -0.030979 0.000000
-0.126124 0.103456 0.000000
0.023465 -0.259528 0.000000
-0.068556 -0.165554 0.000000
-0.055377 -0.042887 0.000000
-0.185086 -0.059327 0.000000
0.049968 -0.266732 0.000000
-0.126567 -0.204197 0.000000
-0.092445 -0.046840 0.000000
-0.103585 -0.173144 0.000000
-0.052585 -0.361265 0.000000
-0.175851 -0.110521 0.000000
-0.136661 -0.215040 0.000000
-0.164247 -0.231920 0.000000
0.000000 0.000000 0.000000
0.019405 -0.012388 0.000000
-0.007651 0.007798 0.000000
-0.005621 -0.003148 0.000000
0.039903 -0.124410 0.000000
0.023527 0.048406 0.000000
-0.010021 0.037473 0.000000
0.024916 -0.166769 0.000000
0.019080 0.010740 0.000000
0.036886 0.039279 0.000000
-0.026191 -0.060661 0.000000
0.021011 -0.118636 0.000000
0.034263 0.040542 0.000000
-0.063831 0.089264 0.000000
-0.008638 -0.217652 0.000000
0.066567 0.058520 0.000000
-0.073417 0.045150 0.000000
-0.014418 -0.048995 0.000000
-0.027312 -0.153490 0.000000
-0.005243 0.022105 0.000000
-0.139113 0.075203 0.000000
0.040991 -0.195071 0.000000
-0.115185 -0.060193 0.000000
0.005826 -0.019495 0.000000
-0.215824 -0.021932 0.000000
0.040118 -0.222593 0.000000
-0.139256 -0.123004 0.000000
-0.106304 0.007428 0.000000
-0.081369 -0.277091 0.000000
-0.084588 -0.206145 0.000000
-0.174991 -0.212366 0.000000
0.000000 0.000000 0.000000
0.002736 -0.011110 0.000000
0.017716 -0.026737 0.000000
0.023891 -0.038462 0.000000
-0.028665 0.004810 0.000000
0.025795 -0.064216 0.000000
0.007667 -0.114219 0.000000
0.017214 0.035632 0.000000
0.017646 -0.085280 0.000000
-0.034363 -0.106720 0.000000
0.054182 -0.034237 0.000000
-0.020104 -0.035474 0.000000
-0.001750 -0.100478 0.000000
0.023566 -0.152823 0.000000
-0.033186 0.051581 0.000000
0.033148 -0.151867 0.000000
-0.109187 -0.126455 0.000000
0.089248 -0.056972 0.000000
-0.114409 -0.044715 0.000000
0.049781 -0.122438 0.000000
-0.089728 -0.192130 0.000000
0.001272 -0.007976 0.000000
-0.050768 -0.169241 0.000000
-0.068240 -0.153658 0.000000
-0.001120 -0.178411 0.000000
-0.094667 -0.073596 0.000000
-0.009355 -0.176505 0.000000
-0.061267 -0.232828 0.000000
-0.046936 -0.118158 0.000000
-0.091534 -0.145087 0.000000
-0.145048 -0.174767 0.000000
0.000000 0.000000 0.000000
0.018185 -0.011806 0.000000
0.012393 -0.015992 0.000000
0.009246 -0.000151 0.000000
0.027737 -0.023319 0.000000
0.022764 -0.004697 0.000000
0.008817 0.011838 0.000000
0.017846 -0.036697 0.000000
0.021817 0.005709 0.000000
0.027013 0.013149 0.000000
0.007425 -0.011352 0.000000
0.010103 -0.008823 0.000000
0.021275 0.031918 0.000000
-0.005195 0.025399 0.000000
-0.000032 -0.034600 0.000000
0.008415 0.044565 0.000000
-0.004245 0.025046 0.000000
-0.025616 -0.004963 0.000000
-0.008094 -0.010716 0.000000
-0.012980 0.040848 0.000000
-0.041851 0.014320 0.000000
-0.023558 -0.044773 0.000000
-0.018280 0.012505 0.000000
-0.066216 -0.008419 0.000000
-0.038765 -0.039027 0.000000
-0.048882 -0.080841 0.000000
-0.064645 -0.037086 0.000000
-0.073782 -0.063069 0.000000
-0.062582 -0.096303 0.000000
-0.095048 -0.112903 0.000000
-0.150479 -0.147413 0.000000
0.000000 0.000000 0.000000
0.000000 0.000000 0.000000
0.000000 0.000000 0.000000
0.000000 0.000000 0.000000
0.000000 0.000000 0.000000
0.000000 0.000000 0.000000
0.000000 0.000000 0.000000
0.000000 0.000000 0.000000
0.000000 0.000000 0.000000
0.000000 0.000000 0.000000
0.000000 0.000000 0.000000
0.000000 0.000000 0.000000
0.000000 0.000000 0.000000
0.000000 0.000000 0.000000
0.000000 0.000000 0.000000
0.000000 0.000000 0.000000
0.000000 0.000000 0.000000
0.000000 0.000000 0.000000
0.000000 0.000000 0.000000
0.000000 0.000000 0.000000
0.000000 0.000000 0.000000
0.000000 0.000000 0.000000
0.000000 0.000000 0.000000
0.000000 0.000000 0.000000
0.000000 0.000000 0.000000
0.000000 0.000000 0.000000
0.000000 0.000000 0.000000
0.000000 0.000000 0.000000
0.000000 0.000000 0.000000
0.000000 0.000000 0.000000
0.000000 0.000000 0.000000

SCALARS glob_density_err double 1
LOOKUP_TABLE default
1.932205e+07
1.957688e+07
1.954092e+07
1.952195e+07
1.956080e+07
1.957206e+07
1.956623e+07
1.958808e+07
1.961357e+07
1.961781e+07
1.959436e+07
1.962498e+07
1.960173e+07
1.960745e+07
1.962798e+07
1.972373e+07
1.956354e+07
1.964583e+07
1.947605e+07
1.956671e+07
1.946015e+07
2.183639e+07
2.043537e+07
2.002305e+07
1.978616e+07
1.971262e+07
1.949370e+07
1.981115e+07
1.957805e+07
1.980674e+07
1.951530e+07
1.940058e+07
1.954106e+07
1.953403e+07
1.953654e+07
1.959900e+07
1.958557e+07
1.956381e+07
1.958117e+07
1.957068e+07
1.957487e+07
1.955580e+07
1.964087e+07
1.958916e+07
1.971117e+07
1.949976e+07
1.958697e+07
1.945871e+07
1.974218e+07
1.990007e+07
1.990528e+07
1.948762e+07
1.946978e+07
1.934017e+07
1.950229e+07
1.979858e+07
1.945632e+07
1.939974e+07
1.951219e+07
1.942248e+07
1.956750e+07
1.991515e+07
1.945055e+07
1.955624e+07
1.955101e+07
1.961356e+07
1.953418e+07
1.949793e+07
1.961949e+07
1.963082e+07
1.952513e+07
1.969312e+07
1.958170e+07
1.966590e+07
1.948058e+07
1.968179e+07
1.951260e+07
2.003092e+07
1.935464e+07
1.982429e+07
1.893909e+07
1.980533e+07
1.952891e+07
1.963458e+07
1.953139e+07
1.933370e+07
1.978989e+07
1.973996e+07
1.982846e+07
1.980445e+07
1.959565e+07
1.979431e+07
1.933285e+07
1.947969e+07
1.958656e+07
1.955788e+07
1.950988e+07
1.958405e+07
1.967800e+07
1.956957e+07
1.958908e+07
1.954434e+07
1.965311e+07
1.944039e+07
1.971377e+07
1.954473e+07
1.978637e+07
1.935606e+07
1.965062e+07
1.924012e+07
1.989506e+07
1.907002e+07
2.075957e+07
1.910721e+07
1.959511e+07
2.007283e+07
1.989364e+07
1.897336e+07
1.915471e+07
1.995364e+07
1.957908e+07
1.963032e+07
1.990119e+07
1.973472e+07
1.958088e+07
1.961222e+07
1.958611e+07
1.966307e+07
1.958396e+07
1.960236e+07
1.946754e+07
1.969341e+07
1.956783e+07
1.966446e+07
1.951701e+07
1.975725e+07
1.935609e+07
1.975815e+07
1.946912e+07
1.981637e+07
1.924047e+07
2.030818e+07
1.862445e+07
1.951944e+07
1.922207e+07
2.021446e+07
1.898812e+07
1.977991e+07
1.913588e+07
2.025259e+07
1.980490e+07
1.944592e+07
1.965278e+07
1.902363e+07
1.968406e+07
1.965640e+07
1.956743e+07
1.952413e+07
1.968685e+07
1.945587e+07
1.971133e+07
1.961422e+07
1.970175e+07
1.942544e+07
1.974400e+07
1.948798e+07
1.972320e+07
1.947268e+07
1.982872e+07
1.911858e+07
1.999521e+07
1.895351e+07
2.008170e+07
1.907666e+07
2.060516e+07
1.917321e+07
1.954345e+07
1.971625e+07
1.999139e+07
1.930600e+07
1.943441e+07
1.968000e+07
1.937526e+07
1.945700e+07
1.982150e+07
1.947797e+07
1.951751e+07
1.960204e+07
1.963061e+07
1.959350e+07
1.968876e+07
1.967655e+07
1.947976e+07
1.962101e+07
1.966783e+07
1.963039e+07
1.961043e+07
1.971313e+07
1.953542e+07
1.972807e+07
1.940028e+07
1.997529e+07
1.950274e+07
2.029904e+07
1.902185e+07
2.016257e+07
1.959728e+07
1.953474e+07
1.945088e+07
1.972264e+07
1.974957e+07
1.972233e+07
1.977609e+07
1.989600e+07
1.961638e+07
1.942084e+07
1.971127e+07
1.950182e+07
1.968588e+07
1.962333e+07
1.944670e+07
1.972344e+07
1.950951e+07
1.980838e+07
1.961156e+07
1.955004e+07
1.955990e+07
1.955406e+07
1.956174e+07
1.967118e+07
1.965774e+07
1.990169e+07
1.988893e+07
1.959265e+07
1.983652e+07
1.978665e+07
1.942622e+07
1.919521e+07
2.214789e+07
1.974208e+07
2.001534e+07
1.992256e+07
1.998478e+07
1.949553e+07
1.955430e+07
1.964664e+07
1.945575e+07
1.953580e+07
1.963333e+07
1.960249e+07
1.948095e+07
1.974113e+07
1.960106e+07
1.949283e+07
1.974364e+07
1.940589e+07
1.974164e+07
1.956556e+07
1.966215e+07
1.950768e+07
1.967720e+07
1.940026e+07
2.010019e+07
1.919978e+07
2.000858e+07
1.973012e+07
1.912899e+07
1.995727e+07
1.941781e+07
1.961870e+07
1.940329e+07
1.940082e+07
1.959902e+07
1.934601e+07
1.964838e+07
1.976501e+07
1.977267e+07
1.962792e+07
1.956866e+07
1.964486e+07
1.958908e+07
1.969685e+07
1.969711e+07
1.944230e+07
1.972432e+07
1.950879e+07
1.971723e+07
1.981564e+07
1.929432e+07
1.979085e+07
1.940623e+07
1.953765e+07
1.977134e+07
1.927729e+07
1.939842e+07
1.954580e+07
1.940590e+07
1.965018e+07
1.951480e+07
1.938188e+07
2.009800e+07
1.979677e+07
1.947931e+07
1.995138e+07
1.974784e+07
1.987691e+07
1.991325e+07
1.934071e+07
1.955667e+07
1.955585e+07
1.956887e+07
1.956561e+07
1.960600e+07
1.948631e+07
1.976677e+07
1.967836e+07
1.948459e+07
1.963012e+07
1.943178e+07
1.976597e+07
1.963237e+07
1.952662e+07
1.966486e+07
1.961084e+07
1.967390e+07
1.965569e+07
1.963853e+07
1.985371e+07
1.977863e+07
1.959596e+07
1.945689e+07
1.964467e+07
2.153307e+07
1.928236e+07
1.964248e+07
1.988716e+07
1.986778e+07
1.963824e+07
1.978184e+07
1.961934e+07
1.940208e+07
1.959034e+07
1.969916e+07
1.962612e+07
1.962768e+07
1.967073e+07
1.941489e+07
1.973165e+07
1.970667e+07
1.953828e+07
1.984918e+07
1.921719e+07
1.983559e+07
1.924810e+07
1.956237e+07
1.956319e+07
1.962564e+07
1.978869e+07
1.949588e+07
1.990268e+07
1.945815e+07
1.951979e+07
1.928829e+07
2.013859e+07
1.984801e+07
1.942618e+07
1.961816e+07
1.960809e+07
1.989791e+07
1.991712e+07
1.954447e+07
1.947880e+07
1.974556e+07
1.961366e+07
1.951417e+07
1.963448e+07
1.944516e+07
1.979137e+07
1.961454e+07
1.949356e+07
1.959428e+07
1.957502e+07
1.967454e+07
1.978053e+07
1.958511e+07
1.974089e+07
1.962133e+07
1.913830e+07
1.973144e+07
1.921676e+07
1.962254e+07
1.965646e+07
1.934042e+07
2.023565e+07
1.928355e+07
2.004125e+07
2.012983e+07
1.983700e+07
1.913836e+07
1.976571e+07
1.909519e+07
1.964327e+07
1.942482e+07
1.962302e+07
1.956673e+07
1.970459e+07
1.973773e+07
1.954494e+07
1.965152e+07
1.944398e+07
1.966895e+07
1.977288e+07
1.947553e+07
1.963290e+07
1.940375e+07
1.957629e+07
1.979687e+07
1.926527e+07
1.968105e+07
1.955492e+07
1.985622e+07
2.011655e+07
1.952390e+07
1.970072e+07
1.926443e+07
2.016200e+07
1.910203e+07
1.943496e+07
1.969240e+07
1.956325e+07
2.001081e+07
1.987164e+07
1.992585e+07
1.941420e+07
1.955500e+07
1.974565e+07
1.974765e+07
1.932184e+07
1.973649e+07
1.945164e+07
1.972202e+07
1.963518e+07
1.943299e+07
1.950620e+07
1.966885e+07
1.959221e+07
1.974449e+07
1.935880e+07
1.992946e+07
1.954793e+07
1.924289e+07
2.028279e+07
2.090892e+07
1.933058e+07
1.918770e+07
1.957972e+07
1.995444e+07
1.979309e+07
1.973735e+07
1.927640e+07
1.986446e+07
1.967901e+07
1.975462e+07
1.960738e+07
1.967455e+07
1.968662e+07
1.959773e+07
1.949564e+07
1.976628e+07
1.982706e+07
1.937565e+07
1.971275e+07
1.941228e+07
1.972535e+07
1.960816e+07
1.963179e+07
1.937845e+07
1.971719e+07
1.939672e+07
1.969679e+07
1.905691e+07
2.014434e+07
1.910151e+07
1.866134e+07
2.057503e+07
1.922856e+07
1.935345e+07
1.980107e+07
1.940579e+07
1.963740e+07
1.973916e+07
1.952956e+07
1.947197e+07
1.940278e+07
1.944785e+07
1.946210e+07
1.964186e+07
1.956991e+07
1.971799e+07
1.974721e+07
1.933116e+07
1.976543e+07
1.961041e+07
1.946712e+07
1.975684e+07
1.932922e+07
1.958531e+07
1.968679e+07
1.961987e+07
1.941560e+07
1.954723e+07
1.994298e+07
1.940486e+07
2.010553e+07
2.018351e+07
1.951238e+07
1.929051e+07
2.080479e+07
1.977000e+07
1.999782e+07
1.979767e+07
1.956084e+07
1.974012e+07
1.961478e+07
1.943920e+07
1.977236e+07
1.952953e+07
1.964056e+07
1.960265e+07
1.961711e+07
1.937736e+07
1.976882e+07
1.985407e+07
1.934383e+07
1.975950e+07
1.941057e+07
1.976206e+07
1.959030e+07
1.939133e+07
1.955887e+07
1.976188e+07
1.933411e+07
1.967913e+07
1.927802e+07
2.011667e+07
1.867435e+07
1.925266e+07
1.924550e+07
2.005028e+07
2.012653e+07
1.998959e+07
1.966396e+07
2.000330e+07
2.005305e+07
1.984330e+07
1.941376e+07
1.962091e+07
1.958911e+07
1.958935e+07
1.956876e+07
1.961358e+07
1.972375e+07
1.967522e+07
1.929258e+07
1.976703e+07
1.979934e+07
1.932104e+07
1.977663e+07
1.936595e+07
1.982992e+07
1.953590e+07
1.964400e+07
1.951341e+07
1.957193e+07
1.922710e+07
1.963420e+07
1.962597e+07
1.970518e+07
1.930315e+07
2.021943e+07
1.985192e+07
2.014240e+07
2.027584e+07
1.925911e+07
1.961036e+07
1.968886e+07
1.949627e+07
1.980732e+07
1.952803e+07
1.955372e+07
1.974523e+07
1.963335e+07
1.952931e+07
1.944456e+07
1.977999e+07
1.979935e+07
1.924838e+07
1.977192e+07
1.947799e+07
1.940239e+07
1.964892e+07
1.948402e+07
1.937560e+07
1.971610e+07
1.956616e+07
1.980815e+07
1.975099e+07
1.964389e+07
2.022426e+07
1.974594e+07
2.012962e+07
1.997329e+07
1.978778e+07
1.934558e+07
1.931563e+07
2.007067e+07
1.978325e+07
1.998588e+07
1.966426e+07
1.965940e+07
1.968448e+07
1.963563e+07
1.944068e+07
1.971154e+07
1.972598e+07
1.951619e+07
1.932471e+07
1.977165e+07
1.987391e+07
1.929820e+07
1.987142e+07
1.937277e+07
1.965928e+07
1.967358e+07
1.956225e+07
1.934675e+07
1.949015e+07
1.958444e+07
1.933088e+07
1.967378e+07
1.984505e+07
2.009721e+07
2.007222e+07
1.998863e+07
1.966955e+07
1.946137e+07
2.007021e+07
1.957660e+07
1.988367e+07
1.971484e+07
1.946005e+07
1.960248e+07
1.953118e+07
1.975525e+07
1.974148e+07
1.936136e+07
1.961657e+07
1.977326e+07
1.962618e+07
1.924339e+07
1.970367e+07
1.971137e+07
1.933539e+07
1.983574e+07
1.939118e+07
1.957514e+07
1.984951e+07
1.966639e+07
1.958873e+07
1.991048e+07
1.951132e+07
1.953446e+07
2.036953e+07
1.966742e+07
1.981714e+07
2.008198e+07
1.973832e+07
1.987090e+07
1.968996e+07
1.967911e+07
1.927376e+07
1.952570e+07
1.960287e+07
1.961606e+07
1.965818e+07
1.937203e+07
1.980327e+07
1.977436e+07
1.932731e+07
1.946736e+07
1.975511e+07
1.986294e+07
1.918630e+07
1.976644e+07
1.934057e+07
1.970840e+07
1.968125e+07
1.934171e+07
1.952465e+07
1.955186e+07
1.975400e+07
1.994886e+07
2.003823e+07
1.963833e+07
2.006560e+07
1.970801e+07
1.948570e+07
2.001336e+07
1.966719e+07
1.992695e+07
2.009849e+07
1.950928e+07
1.988555e+07
1.958655e+07
1.958574e+07
1.952852e+07
1.971743e+07
1.973735e+07
1.931249e+07
1.979492e+07
1.980022e+07
1.931866e+07
1.932776e+07
1.980435e+07
1.983484e+07
1.916862e+07
1.988717e+07
1.932701e+07
1.983222e+07
1.956107e+07
1.960023e+07
1.953600e+07
1.955319e+07
1.982770e+07
1.988386e+07
1.996048e+07
1.999547e+07
1.973872e+07
1.986205e+07
1.964648e+07
1.964290e+07
1.973064e+07
1.942344e+07
1.979506e+07
1.954938e+07
1.973821e+07
1.964820e+07
1.960329e+07
1.936881e+07
1.975327e+07
1.978431e+07
1.925684e+07
1.971843e+07
1.977776e+07
1.952961e+07
1.925387e+07
1.971494e+07
1.952056e+07
1.931187e+07
1.973653e+07
1.937850e+07
1.957651e+07
1.979932e+07
1.968066e+07
1.966035e+07
1.966371e+07
1.995081e+07
1.961372e+07
1.974624e+07
1.992065e+07
1.980083e+07
1.983342e+07
1.980847e+07
1.948497e+07
1.933500e+07
1.969537e+07
1.960938e+07
1.945354e+07
1.965311e+07
1.973262e+07
1.962733e+07
1.927655e+07
1.981790e+07
1.981111e+07
1.924170e+07
1.944537e+07
1.975714e+07
1.973610e+07
1.931305e+07
1.971269e+07
1.932254e+07
1.974337e+07
1.954961e+07
1.954789e+07
1.967565e+07
1.971075e+07
1.987194e+07
1.974428e+07
1.979435e+07
1.982078e+07
1.976296e+07
2.005713e+07
1.970726e+07
1.985664e+07
1.955849e+07
1.954756e+07
1.962459e+07
1.953663e+07
1.978536e+07
1.974214e+07
1.940696e+07
1.955254e+07
1.975515e+07
1.971262e+07
1.922666e+07
1.980191e+07
1.982690e+07
1.931106e+07
1.926734e+07
1.967807e+07
1.973339e+07
1.920689e+07
1.975075e+07
1.952903e+07
1.957981e+07
1.967767e+07
1.962645e+07
1.952633e+07
1.991593e+07
1.959669e+07
1.989638e+07
1.959669e+07
1.942709e+07
1.975052e+07
1.932665e+07
1.973876e+07
1.937080e+07
1.957526e+07
1.964752e+07
1.968026e+07
1.937910e+07
1.981248e+07
1.976791e+07
1.940067e+07
1.941069e+07
1.978315e+07
1.976766e+07
1.917971e+07
1.971117e+07
1.982483e+07
1.957367e+07
1.949134e+07
1.974993e+07
1.951854e+07
1.956353e+07
1.970779e+07
1.948255e+07
1.966359e+07
1.970855e+07
1.963806e+07
1.957146e+07
1.963151e+07
1.964155e+07
1.958596e+07
1.971633e+07
1.998928e+07
2.008047e+07
1.906892e+07
1.962311e+07
1.961951e+07
1.953063e+07
1.972138e+07
1.980510e+07
1.931037e+07
1.977588e+07
1.977086e+07
1.944915e+07
1.935909e+07
1.981524e+07
1.984761e+07
1.920065e+07
1.948762e+07
1.954151e+07
1.975656e+07
1.935160e+07
1.964891e+07
1.960352e+07
1.970626e+07
1.962651e+07
1.958289e+07
1.979180e+07
1.950720e+07
1.990636e+07
1.972664e+07
1.981426e+07
1.980981e+07
1.952280e+07
1.982060e+07
2.056030e+07
1.960897e+07
1.968864e+07
1.966571e+07
1.962488e+07
1.935334e+07
1.976703e+07
1.981943e+07
1.929141e+07
1.970266e+07
1.975279e+07
1.948918e+07
1.934696e+07
1.980433e+07
1.989808e+07
1.944267e+07
1.956644e+07
1.958998e+07
1.953687e+07
1.972410e+07
1.945931e+07
1.954423e+07
1.967617e+07
1.966969e+07
1.968250e+07
1.982363e+07
1.975237e+07
1.976937e+07
1.982716e+07
1.974786e+07
1.979410e+07
1.979683e+07
1.967409e+07
1.960524e+07
1.951860e+07
1.961531e+07
1.977493e+07
1.973379e+07
1.927235e+07
1.978709e+07
1.980475e+07
1.935241e+07
1.959732e+07
1.971015e+07
1.966561e+07
1.922281e+07
1.961808e+07
1.971473e+07
1.956705e+07
1.952329e+07
1.947756e+07
1.961822e+07
1.972243e+07
1.934561e+07
1.962144e+07
1.983056e+07
1.963065e+07
1.959216e+07
1.959427e+07
1.958287e+07
2.013159e+07
1.977507e+07
1.971739e+07
1.968577e+07
1.957861e+07
1.975523e+07
1.973612e+07
1.942503e+07
1.947067e+07
1.976486e+07
1.979908e+07
1.927400e+07
1.980436e+07
1.979518e+07
1.936358e+07
1.947041e+07
1.983198e+07
1.984683e+07
1.927692e+07
1.957118e+07
1.955470e+07
1.954021e+07
1.947542e+07
1.963032e+07
1.980013e+07
1.943612e+07
1.958525e+07
1.986114e+07
1.982622e+07
1.989360e+07
1.987115e+07
1.964362e+07
1.985094e+07
1.999594e+07
1.953814e+07
1.959932e+07
1.964688e+07
1.948419e+07
1.980365e+07
1.977530e+07
1.951249e+07
1.938179e+07
1.970981e+07
1.985557e+07
1.928887e+07
1.983232e+07
1.974465e+07
1.938058e+07
1.936430e+07
1.975303e+07
1.979281e+07
1.938818e+07
1.994389e+07
1.959271e+07
1.978438e+07
1.955313e+07
1.973340e+07
1.951949e+07
1.979304e+07
1.952643e+07
1.987353e+07
2.005494e+07
2.032774e+07
1.967987e+07
1.998751e+07
1.960571e+07
1.976261e+07
1.958650e+07
1.959560e+07
1.972611e+07
1.935150e+07
1.965757e+07
1.978556e+07
1.964933e+07
1.928491e+07
1.974665e+07
1.979543e+07
1.931731e+07
1.972815e+07
1.972143e+07
1.958742e+07
1.948470e+07
1.973103e+07
1.937348e+07
1.953879e+07
1.974036e+07
1.966751e+07
1.973468e+07
1.950137e+07
1.997122e+07
1.954906e+07
2.002353e+07
1.941164e+07
1.997993e+07
1.969244e+07
1.995251e+07
1.976310e+07
1.960337e+07
1.954127e+07
1.970496e+07
1.939814e+07
1.987494e+07
1.981306e+07
1.928665e+07
1.957308e+07
1.971860e+07
1.977742e+07
1.935849e+07
1.975060e+07
1.979202e+07
1.937451e+07
1.944828e+07
1.961716e+07
1.979919e+07
1.945595e+07
1.988855e+07
1.958864e+07
1.967879e+07
1.969303e+07
1.974225e+07
1.977732e+07
1.967739e+07
1.995444e+07
1.961574e+07
2.010113e+07
1.980848e+07
1.992886e+07
1.964678e+07
1.954055e+07
1.969867e+07
1.975138e+07
1.954720e+07
1.957531e+07
1.946013e+07
1.989777e+07
1.973495e+07
1.946271e+07
1.939010e+07
1.973177e+07
1.984316e+07
1.932049e+07
1.984439e+07
1.970380e+07
1.962908e+07
1.945825e+07
1.981736e+07
1.932627e+07
1.966437e+07
1.980534e+07
1.978765e+07
1.956079e+07
1.992379e+07
1.970994e+07
1.978137e+07
1.986975e+07
1.966460e+07
1.984698e+07
1.987990e+07
1.954939e+07
1.972789e+07
1.974431e+07
1.938204e+07
1.980195e+07
1.963085e+07
1.957669e+07
1.975442e+07
1.934864e+07
1.967888e+07
1.978681e+07
1.960414e+07
1.943755e+07
1.974796e+07
1.988174e+07
1.920288e+07
1.980324e+07
1.953291e+07
1.983252e+07
1.954479e+07
1.977962e+07
1.973866e+07
1.942803e+07
1.961065e+07
1.971879e+07
1.985780e+07
1.994220e+07
1.992503e+07
1.998958e+07
1.996263e+07
1.985004e+07
1.968283e+07
1.962154e+07
1.945448e+07
1.961689e+07
1.980280e+07
1.918813e+07
1.975926e+07
1.941411e+07
1.987738e+07
1.972483e+07
1.938501e+07
1.952177e+07
1.981497e+07
1.957340e+07
1.948881e+07
1.991178e+07
1.957523e+07
1.975761e+07
1.958933e+07
1.979125e+07
1.995195e+07
1.934332e+07
1.999781e+07
1.980177e+07
1.990618e+07
1.956671e+07
1.955409e+07
1.996833e+07
1.964679e+07
1.980969e+07
1.985051e+07
1.964005e+07
1.959356e+07
1.966415e+07
1.984344e+07
1.954029e+07
1.981694e+07
1.979348e+07
1.934055e+07
1.977830e+07
1.934185e+07
1.983634e+07
1.969268e+07
1.956987e+07
1.944535e+07
1.976555e+07
1.980320e+07
1.937607e+07
1.976530e+07
1.969324e+07
1.967106e+07
1.967362e+07
1.983198e+07
1.963927e+07
1.938081e+07
1.989835e+07
2.002159e+07
1.999909e+07
1.959511e+07
1.987323e+07
1.988065e+07
1.984070e+07
1.961026e+07
1.960536e+07
1.974698e+07
1.936341e+07
1.972296e+07
1.990884e+07
1.935481e+07
1.981228e+07
1.957879e+07
1.967550e+07
1.978824e+07
1.939522e+07
1.959888e+07
1.974610e+07
1.974447e+07
1.923316e+07
1.984575e+07
1.945515e+07
1.961424e+07
1.970240e+07
1.971414e+07
1.971890e+07
1.963995e+07
1.991141e+07
1.958662e+07
1.986323e+07
1.963848e+07
1.983770e+07
1.981086e+07
1.977398e+07
1.981936e+07
1.963094e+07
1.962797e+07
1.959706e+07
1.973939e+07
1.973314e+07
1.930488e+07
1.978576e+07
1.992357e+07
1.919337e+07
1.985563e+07
1.942533e+07
1.991099e+07
1.977678e+07
1.936198e+07
1.958597e+07
1.975735e+07
1.989769e+07
1.941618e+07
1.993322e+07
1.938267e+07
1.994787e+07
1.953215e+07
1.980387e+07
1.974031e+07
1.947304e+07
1.967714e+07
1.984958e+07
1.984593e+07
1.975704e+07
1.986353e+07
1.980057e+07
1.963912e+07
1.974242e+07
1.964028e+07
1.963943e+07
1.961695e+07
1.979178e+07
1.981143e+07
1.929430e+07
1.987242e+07
1.958965e+07
1.943517e+07
1.972211e+07
1.939297e+07
1.992931e+07
1.965274e+07
1.943206e+07
1.937190e+07
1.977035e+07
1.983461e+07
1.941350e+07
1.978664e+07
1.952028e+07
1.983617e+07
1.955975e+07
1.987094e+07
1.973285e+07
1.958217e+07
1.986012e+07
1.962506e+07
1.988955e+07
1.978603e+07
1.975905e+07
1.969102e+07
1.952509e+07
1.972473e+07
1.948152e+07
1.954814e+07
1.954086e+07
1.969296e+07
2.007241e+07
1.928719e+07
1.979565e+07
1.952219e+07
1.968145e+07
1.979897e+07
1.933274e+07
1.975519e+07
1.978918e+07
1.970143e+07
1.953818e+07
1.999408e+07
1.963163e+07
1.932866e+07
1.988434e+07
1.959790e+07
1.992213e+07
1.933234e+07
1.991622e+07
1.967800e+07
1.994100e+07
1.971856e+07
1.984064e+07
1.968763e+07
1.961527e+07
1.966146e+07
1.987046e+07
1.952329e+07
1.970857e+07
1.971936e+07
1.976177e+07
1.928098e+07
1.997015e+07
1.973970e+07
1.931816e+07
1.986425e+07
1.935220e+07
1.986843e+07
1.978458e+07
1.937720e+07
1.958226e+07
1.968452e+07
1.984696e+07
1.958551e+07
1.993394e+07
1.952773e+07
1.982154e+07
1.979594e+07
1.986765e+07
1.995429e+07
1.937264e+07
1.989186e+07
1.958831e+07
1.986378e+07
1.961446e+07
1.960168e+07
1.976914e+07
1.935173e+07
1.982442e+07
1.975734e+07
1.937178e+07
1.974870e+07
1.973461e+07
1.996131e+07
1.929944e+07
1.984340e+07
1.972565e+07
1.956286e+07
1.984505e+07
1.942962e+07
1.988734e+07
1.969518e+07
1.971004e+07
1.960715e+07
1.981337e+07
1.976754e+07
1.929115e+07
1.974226e+07
1.979838e+07
1.951176e+07
1.985733e+07
1.993581e+07
1.984293e+07
1.973852e+07
1.986179e+07
1.968067e+07
1.967760e+07
1.966236e+07
1.969534e+07
1.973932e+07
1.945096e+07
1.989695e+07
1.954069e+07
1.969746e+07
1.944630e+07
1.989174e+07
1.977486e+07
1.935012e+07
1.981508e+07
1.943776e+07
1.979427e+07
1.977065e+07
1.951107e+07
1.965957e+07
1.975089e+07
1.969786e+07
1.958691e+07
1.987427e+07
1.953590e+07
1.982616e+07
1.966811e+07
1.973711e+07
1.974438e+07
1.957955e+07
1.983312e+07
1.979041e+07
1.973340e+07
1.964698e+07
1.951637e+07
1.969645e+07
1.951131e+07
1.974661e+07
1.989738e+07
1.929548e+07
1.968345e+07
1.971481e+07
1.986729e+07
1.945679e+07
1.982485e+07
1.969637e+07
1.950831e+07
1.967542e+07
1.941906e+07
1.996265e+07
1.962536e+07
1.948169e+07
1.980898e+07
1.976212e+07
2.001631e+07
1.934345e+07
1.979379e+07
1.974998e+07
1.979182e+07
1.977708e+07
1.971825e+07
1.986809e+07
1.976470e+07
1.964720e+07
1.963435e+07
1.978237e+07
1.966182e+07
1.955955e+07
1.973592e+07
1.949609e+07
1.995633e+07
1.977808e+07
1.938721e+07
1.958811e+07
1.971884e+07
1.998823e+07
1.928788e+07
1.966345e+07
1.967136e+07
1.965196e+07
1.972991e+07
1.950233e+07
1.985663e+07
1.937284e+07
1.979584e+07
1.956809e+07
1.986464e+07
1.952462e+07
1.963528e+07
1.960082e+07
1.970474e+07
1.990090e+07
1.979292e+07
1.979989e+07
1.967853e+07
1.966240e+07
1.961140e+07
1.955015e+07
1.977854e+07
1.954892e+07
1.969982e+07
1.976096e+07
1.945163e+07
1.976778e+07
1.966349e+07
1.964878e+07
1.954479e+07
1.996702e+07
1.974657e+07
1.947999e+07
1.964745e+07
1.950635e+07
1.979678e+07
1.978763e+07
1.941572e+07
1.977005e+07
1.954604e+07
1.990089e+07
1.952620e+07
1.977940e+07
1.959251e+07
1.962218e+07
1.964994e+07
1.975383e+07
1.978776e+07
1.967786e+07
1.962470e+07
1.964438e+07
1.972178e+07
1.972624e+07
1.952479e+07
1.977293e+07
1.947447e+07
1.988590e+07
1.995506e+07
1.940186e+07
1.964075e+07
1.974825e+07
1.976716e+07
1.937246e+07
1.979719e+07
1.973898e+07
1.961623e+07
1.969557e+07
1.956501e+07
1.991384e+07
1.956088e+07
1.964791e+07
1.971622e+07
1.988383e+07
1.970305e+07
1.969254e+07
1.960686e+07
1.977300e+07
1.986012e+07
1.979814e+07
1.964984e+07
1.968006e+07
1.972591e+07
1.959365e+07
1.951722e+07
1.981672e+07
1.964715e+07
1.966964e+07
1.970361e+07
1.955891e+07
1.989293e+07
1.984176e+07
1.937357e+07
1.957985e+07
1.979348e+07
1.989188e+07
1.941130e+07
1.970938e+07
1.962510e+07
1.968037e+07
1.984276e+07
1.936999e+07
1.970605e+07
1.982269e+07
1.964321e+07
1.963002e+07
1.980944e+07
1.962201e+07
1.978653e+07
1.966216e+07
1.977954e+07
1.970456e+07
1.971221e+07
1.949029e+07
1.982921e+07
1.971012e+07
1.959501e+07
1.956182e+07
1.974146e+07
1.955913e+07
1.984106e+07
1.971342e+07
1.944805e+07
1.974264e+07
1.951232e+07
1.963469e+07
1.937328e+07
1.983797e+07
1.977322e+07
1.958681e+07
1.970145e+07
1.965387e+07
1.986598e+07
1.981065e+07
1.946915e+07
1.964836e+07
1.982614e+07
1.974057e+07
1.960336e+07
1.976954e+07
1.979758e+07
1.977247e+07
1.968313e+07
1.965015e+07
1.969971e+07
1.968309e+07
1.947589e+07
1.976211e+07
1.980076e+07
1.962520e+07
1.963960e+07
1.961918e+07
1.957615e+07
1.978859e+07
2.002554e+07
1.947594e+07
1.956010e+07
1.971653e+07
1.986994e+07
1.932511e+07
1.975278e+07
1.959925e+07
1.977996e+07
1.965179e+07
1.966579e+07
1.982928e+07
1.979584e+07
1.951176e+07
1.971535e+07
1.975145e+07
1.978484e+07
1.972205e+07
1.979106e+07
1.970200e+07
1.958963e+07
1.969687e+07
1.954296e+07
1.978953e+07
1.971397e+07
1.947300e+07
1.970912e+07
1.973568e+07
1.961184e+07
1.975567e+07
1.960379e+07
1.954627e+07
2.001589e+07
1.952363e+07
1.945372e+07
1.962333e+07
1.983853e+07
1.992784e+07
1.944361e+07
1.959130e+07
1.962677e+07
1.963593e+07
1.975293e+07
1.953280e+07
1.980815e+07
1.963506e+07
1.970382e+07
1.982090e+07
1.976959e+07
1.972667e+07
1.968732e+07
1.961127e+07
1.971981e+07
1.961763e+07
1.962699e+07
1.941296e+07
1.986817e+07
1.978819e+07
1.954200e+07
1.969110e+07
1.959802e+07
1.967990e+07
1.975566e+07
1.981230e+07
1.974745e+07
1.976156e+07
1.949524e+07
1.966565e+07
1.936037e+07
1.979504e+07
1.991545e+07
1.960977e+07
1.966771e+07
1.962547e+07
1.976554e+07
1.970340e+07
1.951985e+07
1.960180e+07
1.973629e+07
1.978955e+07
1.977876e+07
1.970469e+07
1.959818e+07
1.969865e+07
1.953879e+07
1.974645e+07
1.973102e+07
1.956927e+07
1.940349e+07
1.988298e+07
1.967701e+07
1.957232e+07
1.978463e+07
1.952545e+07
1.937492e+07
1.983122e+07
1.971190e+07
1.951300e+07
1.978670e+07
1.982581e+07
1.975204e+07
1.922619e+07
1.988799e+07
1.963510e+07
1.964878e+07
1.969546e+07
1.977928e+07
1.973010e+07
1.964436e+07
1.972670e+07
1.968745e+07
1.976723e+07
1.970456e+07
1.962354e+07
1.967160e+07
1.971361e+07
1.960587e+07
1.953525e+07
1.969813e+07
1.981850e+07
1.950721e+07
1.948476e+07
1.987198e+07
1.955771e+07
1.972265e+07
1.991977e+07
1.966726e+07
1.985114e+07
1.984393e+07
1.964285e+07
1.939415e+07
1.967888e+07
1.980155e+07
1.990932e+07
1.943733e+07
1.979700e+07
1.971055e+07
1.959146e+07
1.980774e+07
1.961759e+07
1.974191e+07
1.981214e+07
1.973850e+07
1.961747e+07
1.963020e+07
1.965996e+07
1.956204e+07
1.967646e+07
1.968748e+07
1.962319e+07
1.950088e+07
1.971243e+07
1.975880e+07
1.951416e+07
1.957502e+07
1.967674e+07
1.955101e+07
1.957169e+07
1.960199e+07
1.972325e+07
1.968861e+07
1.981122e+07
1.962045e+07
1.964710e+07
1.934124e+07
1.981142e+07
1.979119e+07
1.943501e+07
1.985495e+07
1.950436e+07
1.978108e+07
1.963119e+07
1.980933e+07
1.973734e+07
1.960559e+07
1.975243e+07
1.962629e+07
1.961580e+07
1.973090e+07
1.956243e+07
1.960944e+07
1.973739e+07
1.967499e+07
1.951231e+07
1.961637e+07
1.980991e+07
1.947876e+07
1.967665e+07
1.975313e+07
1.966376e+07
1.956630e+07
1.979495e+07
1.942379e+07
1.969537e+07
1.965748e+07
1.988250e+07
1.972465e+07
1.933765e+07
1.973095e+07
1.995368e+07
1.976784e+07
1.967108e+07
1.972647e+07
1.981106e+07
1.971714e+07
1.972100e+07
1.967768e+07
1.951313e+07
1.976633e+07
1.952469e+07
1.967138e+07
1.976693e+07
1.952647e+07
1.951581e+07
1.974377e+07
1.974201e+07
1.944206e+07
1.966293e+07
1.973679e+07
1.939333e+07
1.963753e+07
1.971334e+07
1.981782e+07
1.994316e+07
1.948777e+07
1.961832e+07
1.963040e+07
1.947197e+07
1.989906e+07
1.954626e+07
1.942794e+07
1.981666e+07
1.970511e+07
1.947674e+07
1.986931e+07
1.972406e+07
1.967305e+07
1.957159e+07
1.972390e+07
1.974895e+07
1.951128e+07
1.975957e+07
1.949102e+07
1.969146e+07
1.983550e+07
1.945334e+07
1.954280e+07
1.979468e+07
1.973840e+07
1.944741e+07
1.966913e+07
1.979200e+07
1.935630e+07
1.974162e+07
1.951914e+07
1.981298e+07
1.978725e+07
1.988586e+07
1.957722e+07
1.972997e+07
1.946693e+07
1.960960e+07
1.965883e+07
1.972571e+07
1.979693e+07
1.978259e+07
1.971557e+07
1.963626e+07
1.969351e+07
1.969804e+07
1.948982e+07
1.966983e+07
1.975200e+07
1.950083e+07
1.978598e+07
1.941368e+07
1.983191e+07
1.974642e+07
1.945995e+07
1.946007e+07
1.986847e+07
1.964042e+07
1.944894e+07
1.960931e+07
1.973264e+07
1.958351e+07
1.963642e+07
1.951595e+07
1.953655e+07
1.979972e+07
1.952191e+07
1.986825e+07
1.967073e+07
1.928135e+07
1.978458e+07
1.969932e+07
1.981691e+07
1.971389e+07
1.966316e+07
1.965818e+07
1.952941e+07
1.976716e+07
1.976005e+07
1.949913e+07
1.965369e+07
1.967981e+07
1.953678e+07
1.978143e+07
1.939645e+07
1.981477e+07
1.972989e+07
1.944798e+07
1.947546e+07
1.979222e+07
1.986981e+07
1.933697e+07
1.972422e+07
1.976915e+07
1.977250e+07
1.976297e+07
1.953107e+07
1.981379e+07
1.955453e+07
1.973564e+07
1.968313e+07
1.972151e+07
1.961494e+07
1.980466e+07
1.974479e+07
1.964428e+07
1.964892e+07
1.970506e+07
1.966054e+07
1.948123e+07
1.969565e+07
1.980720e+07
1.951600e+07
1.964172e+07
1.955018e+07
1.967342e+07
1.983506e+07
1.941856e+07
1.969189e+07
1.980910e+07
1.945001e+07
1.947459e+07
1.992917e+07
1.972758e+07
1.928224e+07
1.967484e+07
1.967041e+07
1.965268e+07
1.971149e+07
1.946647e+07
1.957906e+07
1.967845e+07
1.954960e+07
1.983174e+07
1.972390e+07
1.975434e+07
1.969025e+07
1.959830e+07
1.964147e+07
1.955208e+07
1.978140e+07
1.967921e+07
1.946416e+07
1.962641e+07
1.978766e+07
1.960235e+07
1.963878e+07
1.940242e+07
1.975038e+07
1.990679e+07
1.936928e+07
1.973823e+07
1.977057e+07
1.957478e+07
1.939433e+07
1.983014e+07
1.971110e+07
1.964265e+07
1.950243e+07
1.976343e+07
1.957799e+07
1.978483e+07
1.962323e+07
1.989427e+07
1.956179e+07
1.974806e+07
1.976185e+07
1.967745e+07
1.952860e+07
1.972544e+07
1.964727e+07
1.957818e+07
1.943779e+07
1.989248e+07
1.974701e+07
1.951162e+07
1.947987e+07
1.974566e+07
1.970949e+07
1.958961e+07
1.945311e+07
1.980553e+07
1.989768e+07
1.933884e+07
1.962695e+07
1.969954e+07
1.978513e+07
1.944487e+07
1.964193e+07
1.978413e+07
1.981360e+07
1.953482e+07
1.956346e+07
1.956451e+07
1.963511e+07
1.959773e+07
1.982171e+07
1.970716e+07
1.957592e+07
1.963864e+07
1.972930e+07
1.947108e+07
1.970499e+07
1.973375e+07
1.953099e+07
1.937334e+07
1.986809e+07
1.987981e+07
1.951379e+07
1.945998e+07
1.974267e+07
1.960974e+07
1.967625e+07
1.938763e+07
1.983525e+07
1.993302e+07
1.933785e+07
1.957833e+07
1.991922e+07
1.971370e+07
1.939170e+07
1.954822e+07
1.982900e+07
1.993714e+07
1.959317e+07
1.980290e+07
1.968420e+07
1.980351e+07
1.971427e+07
1.963168e+07
1.968851e+07
1.949135e+07
1.965640e+07
1.974119e+07
1.948322e+07
1.963404e+07
1.978886e+07
1.959395e+07
1.939410e+07
1.974764e+07
1.973278e+07
1.954593e+07
1.961225e+07
1.953929e+07
1.967665e+07
1.978803e+07
1.937176e+07
1.986584e+07
1.977868e+07
1.935393e+07
1.963321e+07
1.984128e+07
1.972428e+07
1.938990e+07
1.950870e+07
1.957151e+07
1.981459e+07
1.967359e+07
1.977262e+07
1.971206e+07
1.962716e+07
1.960359e+07
1.962411e+07
1.975949e+07
1.940820e+07
1.975150e+07
1.973497e+07
1.950907e+07
1.948469e+07
1.985570e+07
1.971009e+07
1.948399e+07
1.958428e+07
1.970791e+07
1.967839e+07
1.963194e+07
1.943909e+07
1.975994e+07
1.975324e+07
1.941310e+07
1.979905e+07
1.970826e+07
1.939703e+07
1.971964e+07
1.964909e+07
1.973618e+07
1.975903e+07
1.957489e+07
1.979268e+07
1.974968e+07
1.968619e+07
1.958606e+07
1.974080e+07
1.961946e+07
1.958449e+07
1.958259e+07
1.977040e+07
1.937009e+07
1.982075e+07
1.975107e+07
1.950305e+07
1.932643e+07
1.987308e+07
1.985394e+07
1.949762e+07
1.953133e+07
1.966951e+07
1.967219e+07
1.966394e+07
1.937106e+07
1.975904e+07
1.979497e+07
1.954645e+07
1.963213e+07
1.968592e+07
1.967103e+07
1.950364e+07
1.962018e+07
1.970813e+07
1.969938e+07
1.968885e+07
1.975470e+07
1.968909e+07
1.967411e+07
1.949377e+07
1.970958e+07
1.968390e+07
1.950650e+07
1.963937e+07
1.973845e+07
1.937780e+07
1.979976e+07
1.982708e+07
1.947361e+07
1.932933e+07
1.987052e+07
1.980709e+07
1.948093e+07
1.969393e+07
1.947425e+07
1.976557e+07
1.972887e+07
1.928453e+07
1.974547e+07
1.986305e+07
1.943992e+07
1.972906e+07
1.982233e+07
1.970235e+07
1.966610e+07
1.978704e+07
1.968929e+07
1.970240e+07
1.964770e+07
1.955279e+07
1.974613e+07
1.971706e+07
1.946891e+07
1.967665e+07
1.970099e+07
1.944541e+07
1.972612e+07
1.969922e+07
1.938652e+07
1.970725e+07
1.983770e+07
1.954837e+07
1.942987e+07
1.978095e+07
1.967360e+07
1.958387e+07
1.975164e+07
1.938191e+07
1.981862e+07
1.969169e+07
1.942907e+07
1.975358e+07
1.972236e+07
1.938202e+07
1.973583e+07
1.966959e+07
1.972528e+07
1.970690e+07
1.972932e+07
1.962639e+07
1.966833e+07
1.970263e+07
1.945097e+07
1.975565e+07
1.972609e+07
1.947670e+07
1.967260e+07
1.968652e+07
1.942304e+07
1.984454e+07
1.966173e+07
1.949512e+07
1.946038e+07
1.978860e+07
1.976478e+07
1.946398e+07
1.970602e+07
1.950734e+07
1.970527e+07
1.971190e+07
1.938990e+07
1.977848e+07
1.965927e+07
1.953468e+07
1.971427e+07
1.971890e+07
1.972701e+07
1.974469e+07
1.973593e+07
1.969847e+07
1.965845e+07
1.963347e+07
1.955977e+07
1.970970e+07
1.976731e+07
1.937101e+07
1.977346e+07
1.968410e+07
1.951894e+07
1.967784e+07
1.965232e+07
1.940370e+07
1.984319e+07
1.976548e+07
1.951962e+07
1.936089e+07
1.979289e+07
1.974905e+07
1.948548e+07
1.978841e+07
1.942388e+07
1.977658e+07
1.966428e+07
1.943107e+07
1.972896e+07
1.966821e+07
1.957415e+07
1.966196e+07
1.969229e+07
1.973131e+07
1.969181e+07
1.963496e+07
1.968125e+07
1.969532e+07
1.963284e+07
1.944405e+07
1.976740e+07
1.980046e+07
1.936846e+07
1.978307e+07
1.962394e+07
1.953706e+07
1.976711e+07
1.956187e+07
1.940075e+07
1.976930e+07
1.983345e+07
1.951621e+07
1.946367e+07
1.976933e+07
1.956259e+07
1.962835e+07
1.981787e+07
1.941634e+07
1.979766e+07
1.960685e+07
1.959391e+07
1.969420e+07
1.973081e+07
1.968329e+07
1.974482e+07
1.972755e+07
1.970541e+07
1.962644e+07
1.957874e+07
1.959974e+07
1.973865e+07
1.969377e+07
1.936807e+07
1.980827e+07
1.972618e+07
1.943626e+07
1.977122e+07
1.953728e+07
1.958798e+07
1.979536e+07
1.957567e+07
1.943229e+07
1.969662e+07
1.976059e+07
1.955232e+07
1.957782e+07
1.972037e+07
1.945469e+07
1.977868e+07
1.974762e+07
1.945863e+07
1.976496e+07
1.957452e+07
1.967346e+07
1.967211e+07
1.973673e+07
1.966991e+07
1.966782e+07
1.957570e+07
1.975422e+07
1.970656e+07
1.956857e+07
1.949925e+07
1.976362e+07
1.978437e+07
1.933071e+07
1.980602e+07
1.962045e+07
1.954670e+07
1.977524e+07
1.951392e+07
1.957531e+07
1.979799e+07
1.968691e+07
1.948925e+07
1.960313e+07
1.971965e+07
1.953929e+07
1.967695e+07
1.968442e+07
1.944374e+07
1.975451e+07
1.964709e+07
1.968563e+07
1.972597e+07
1.969487e+07
1.974881e+07
1.971051e+07
1.962678e+07
1.967050e+07
1.967574e+07
1.950197e+07
1.973050e+07
1.974810e+07
1.957497e+07
1.943500e+07
1.977759e+07
1.983004e+07
1.934818e+07
1.979984e+07
1.950693e+07
1.969865e+07
1.977656e+07
1.949659e+07
1.949099e+07
1.974295e+07
1.977272e+07
1.951676e+07
1.962178e+07
1.971053e+07
1.949620e+07
1.976571e+07
1.973053e+07
1.949197e+07
1.967965e+07
1.963038e+07
1.966994e+07
1.970031e+07
1.968340e+07
1.966385e+07
1.964434e+07
1.956559e+07
1.974101e+07
1.972148e+07
1.948479e+07
1.965313e+07
1.976354e+07
1.965374e+07
1.939650e+07
1.978994e+07
1.977043e+07
1.942072e+07
1.977301e+07
1.944349e+07
1.976131e+07
1.978380e+07
1.952878e+07
1.947548e+07
1.972652e+07
1.976890e+07
1.951996e+07
1.967337e+07
1.967256e+07
1.949381e+07
1.969224e+07
1.971234e+07
1.963179e+07
1.976764e+07
1.968194e+07
1.972281e+07
1.961931e+07
1.971181e+07
1.967678e+07
1.964407e+07
1.944227e+07
1.981815e+07
1.976805e+07
1.947727e+07
1.951843e+07
1.976845e+07
1.977073e+07
1.935783e+07
1.977071e+07
1.963211e+07
1.954506e+07
1.978779e+07
1.940959e+07
1.971489e+07
1.973420e+07
1.960708e+07
1.950339e+07
1.968212e+07
1.975037e+07
1.953689e+07
1.973484e+07
1.966239e+07
1.956646e+07
1.966653e+07
1.973127e+07
1.966624e+07
1.971082e+07
1.969997e+07
1.966987e+07
1.952764e+07
1.967265e+07
1.974381e+07
1.961610e+07
1.939971e+07
1.985098e+07
1.979359e+07
1.951416e+07
1.944338e+07
1.981556e+07
1.982542e+07
1.938726e+07
1.975729e+07
1.948924e+07
1.972105e+07
1.978025e+07
1.947277e+07
1.958316e+07
1.972083e+07
1.965769e+07
1.950197e+07
1.966849e+07
1.968094e+07
1.955495e+07
1.973809e+07
1.969728e+07
1.964376e+07
1.972660e+07
1.966304e+07
1.967707e+07
1.960746e+07
1.973374e+07
1.972727e+07
1.952796e+07
1.958516e+07
1.976823e+07
1.966696e+07
1.938527e+07
1.977142e+07
1.977322e+07
1.956672e+07
1.943080e+07
1.980336e+07
1.976665e+07
1.944150e+07
1.978802e+07
1.937004e+07
1.980507e+07
1.973480e+07
1.954139e+07
1.953168e+07
1.972732e+07
1.970865e+07
1.955386e+07
1.972001e+07
1.967198e+07
1.961077e+07
1.970842e+07
1.970490e+07
1.968968e+07
1.967292e+07
1.963877e+07
1.966687e+07
1.950342e+07
1.976823e+07
1.975190e+07
1.955459e+07
1.946243e+07
1.982336e+07
1.976397e+07
1.940736e+07
1.959702e+07
1.978226e+07
1.970226e+07
1.944871e+07
1.972839e+07
1.962790e+07
1.960801e+07
1.978657e+07
1.939804e+07
1.973896e+07
1.967961e+07
1.962074e+07
1.951991e+07
1.967752e+07
1.971073e+07
1.958881e+07
1.971912e+07
1.973839e+07
1.965530e+07
1.968601e+07
1.966586e+07
1.960687e+07
1.965159e+07
1.970077e+07
1.969080e+07
1.944801e+07
1.978318e+07
1.977999e+07
1.955068e+07
1.939587e+07
1.986745e+07
1.980163e+07
1.945998e+07
1.942669e+07
1.983517e+07
1.980443e+07
1.945605e+07
1.971085e+07
1.945456e+07
1.974397e+07
1.974770e+07
1.948653e+07
1.966516e+07
1.967447e+07
1.968690e+07
1.954298e+07
1.970000e+07
1.975155e+07
1.959694e+07
1.971968e+07
1.965441e+07
1.961590e+07
1.970817e+07
1.968642e+07
1.958271e+07
1.954497e+07
1.976283e+07
1.972878e+07
1.943757e+07
1.970922e+07
1.977481e+07
1.959229e+07
1.937478e+07
1.983288e+07
1.986126e+07
1.944797e+07
1.939778e+07
1.985787e+07
1.970563e+07
1.950472e+07
1.979673e+07
1.937437e+07
1.979301e+07
1.966958e+07
1.955921e+07
1.958778e+07
1.965481e+07
1.969316e+07
1.960462e+07
1.969984e+07
1.971649e+07
1.966327e+07
1.968814e+07
1.967218e+07
1.951760e+07
1.971698e+07
1.973312e+07
1.957961e+07
1.947096e+07
1.981612e+07
1.976384e+07
1.947338e+07
1.955001e+07
1.980106e+07
1.970147e+07
1.934782e+07
1.972096e+07
1.983761e+07
1.954495e+07
1.947965e+07
1.975989e+07
1.955310e+07
1.965632e+07
1.982154e+07
1.940981e+07
1.975447e+07
1.963950e+07
1.969770e+07
1.959417e+07
1.965752e+07
1.973749e+07
1.963592e+07
1.967549e+07
1.965716e+07
1.964283e+07
1.970778e+07
1.972280e+07
1.948226e+07
1.970069e+07
1.974485e+07
1.957687e+07
1.940779e+07
1.987468e+07
1.976674e+07
1.952728e+07
1.943106e+07
1.986148e+07
1.977395e+07
1.940328e+07
1.951798e+07
1.978356e+07
1.969145e+07
1.953835e+07
1.973743e+07
1.944247e+07
1.977472e+07
1.973772e+07
1.951447e+07
1.966405e+07
1.962320e+07
1.975617e+07
1.962003e+07
1.967427e+07
1.967559e+07
1.968856e+07
1.963444e+07
1.961874e+07
1.954021e+07
1.972405e+07
1.977064e+07
1.948848e+07
1.961874e+07
1.977124e+07
1.964429e+07
1.940481e+07
1.980203e+07
1.978720e+07
1.954930e+07
1.938140e+07
1.984372e+07
1.985019e+07
1.944490e+07
1.947267e+07
1.976640e+07
1.964308e+07
1.959655e+07
1.979993e+07
1.939630e+07
1.978399e+07
1.966648e+07
1.967272e+07
1.962363e+07
1.967504e+07
1.972414e+07
1.965814e+07
1.965266e+07
1.958964e+07
1.968493e+07
1.970998e+07
1.963782e+07
1.945858e+07
1.979250e+07
1.977469e+07
1.951800e+07
1.948832e+07
1.980167e+07
1.973970e+07
1.941705e+07
1.964863e+07
1.980732e+07
1.966075e+07
1.937398e+07
1.976276e+07
1.986407e+07
1.947534e+07
1.956662e+07
1.970577e+07
1.954739e+07
1.974365e+07
1.975564e+07
1.943272e+07
1.974033e+07
1.962534e+07
1.970512e+07
1.964014e+07
1.964877e+07
1.961463e+07
1.967267e+07
1.968861e+07
1.951540e+07
1.962947e+07
1.974654e+07
1.967728e+07
1.943427e+07
1.978209e+07
1.977869e+07
1.953664e+07
1.943565e+07
1.987545e+07
1.975768e+07
1.943818e+07
1.945561e+07
1.983493e+07
1.977183e+07
1.937779e+07
1.966291e+07
1.976984e+07
1.957561e+07
1.966441e+07
1.967164e+07
1.951032e+07
1.976335e+07
1.968067e+07
1.961139e+07
1.971980e+07
1.963207e+07
1.969088e+07
1.965437e+07
1.966135e+07
1.953584e+07
1.975651e+07
1.972575e+07
1.952803e+07
1.953703e+07
1.976657e+07
1.975532e+07
1.941849e+07
1.970029e+07
1.975646e+07
1.957312e+07
1.939666e+07
1.985538e+07
1.985602e+07
1.947814e+07
1.939435e+07
1.985726e+07
1.981257e+07
1.938595e+07
1.962059e+07
1.970489e+07
1.958507e+07
1.970138e+07
1.971720e+07
1.953122e+07
1.969327e+07
1.968993e+07
1.965542e+07
1.968637e+07
1.963315e+07
1.965784e+07
1.966492e+07
1.966707e+07
1.948160e+07
1.975727e+07
1.977092e+07
1.952529e+07
1.945051e+07
1.982601e+07
1.979201e+07
1.946932e+07
1.955626e+07
1.977360e+07
1.968253e+07
1.935616e+07
1.974502e+07
1.988130e+07
1.950938e+07
1.941340e+07
1.979361e+07
1.978732e+07
1.944932e+07
1.965230e+07
1.967310e+07
1.954956e+07
1.970470e+07
1.970640e+07
1.958539e+07
1.971033e+07
1.963750e+07
1.966197e+07
1.965138e+07
1.959217e+07
1.962289e+07
1.971248e+07
1.968834e+07
1.944247e+07
1.973179e+07
1.977702e+07
1.952532e+07
1.939521e+07
1.985681e+07
1.978674e+07
1.950877e+07
1.947424e+07
1.984055e+07
1.976380e+07
1.935133e+07
1.964818e+07
1.983684e+07
1.964982e+07
1.943624e+07
1.980187e+07
1.967051e+07
1.953480e+07
1.974594e+07
1.961558e+07
1.962358e+07
1.966963e+07
1.970307e+07
1.964081e+07
1.968820e+07
1.958984e+07
1.965863e+07
1.970491e+07
1.957505e+07
1.955992e+07
1.975263e+07
1.973167e+07
1.944717e+07
1.965463e+07
1.978979e+07
1.962706e+07
1.941242e+07
1.976858e+07
1.978040e+07
1.949859e+07
1.941324e+07
1.989787e+07
1.972838e+07
1.943848e+07
1.952172e+07
1.977795e+07
1.970188e+07
1.949478e+07
1.972443e+07
1.964100e+07
1.956037e+07
1.974307e+07
1.966911e+07
1.966559e+07
1.966094e+07
1.961091e+07
1.957812e+07
1.971239e+07
1.951993e+07
1.968572e+07
1.973041e+07
1.955790e+07
1.949631e+07
1.981277e+07
1.976476e+07
1.946570e+07
1.950712e+07
1.978954e+07
1.974764e+07
1.941877e+07
1.966741e+07
1.976000e+07
1.960922e+07
1.936638e+07
1.985318e+07
1.976894e+07
1.953284e+07
1.949113e+07
1.978423e+07
1.967820e+07
1.953428e+07
1.972338e+07
1.965679e+07
1.960414e+07
1.969496e+07
1.963730e+07
1.961041e+07
1.969467e+07
1.961101e+07
1.960307e+07
1.972663e+07
1.949350e+07
1.969810e+07
1.973874e+07
1.958286e+07
1.947582e+07
1.977007e+07
1.983844e+07
1.947927e+07
1.942152e+07
1.983741e+07
1.977825e+07
1.944516e+07
1.949400e+07
1.977821e+07
1.972791e+07
1.934703e+07
1.975880e+07
1.974278e+07
1.957749e+07
1.954570e+07
1.974913e+07
1.964460e+07
1.960870e+07
1.970903e+07
1.966088e+07
1.967298e+07
1.964806e+07
1.962625e+07
1.955282e+07
1.970916e+07
1.954162e+07
1.966259e+07
1.973881e+07
1.949993e+07
1.959944e+07
1.976169e+07
1.964573e+07
1.940862e+07
1.974685e+07
1.981669e+07
1.950016e+07
1.939288e+07
1.982334e+07
1.986192e+07
1.946978e+07
1.946224e+07
1.982592e+07
1.974146e+07
1.938295e+07
1.971607e+07
1.968895e+07
1.961472e+07
1.959671e+07
1.968696e+07
1.969276e+07
1.962605e+07
1.967960e+07
1.961519e+07
1.967461e+07
1.966979e+07
1.967725e+07
1.953292e+07
1.973849e+07
1.944926e+07
1.974748e+07
1.977572e+07
1.947295e+07
1.952609e+07
1.980340e+07
1.973191e+07
1.941570e+07
1.965287e+07
1.980091e+07
1.960073e+07
1.940515e+07
1.972982e+07
1.985048e+07
1.946727e+07
1.947381e+07
1.982311e+07
1.973791e+07
1.945924e+07
1.966964e+07
1.971664e+07
1.963583e+07
1.963446e+07
1.967128e+07
1.963650e+07
1.967266e+07
1.964876e+07
1.953184e+07
1.960431e+07
1.966949e+07
1.963208e+07
1.959308e+07
1.969776e+07
1.941923e+07
1.978455e+07
1.974858e+07
1.947576e+07
1.946288e+07
1.985700e+07
1.976756e+07
1.944246e+07
1.952811e+07
1.979669e+07
1.972533e+07
1.937320e+07
1.968322e+07
1.981151e+07
1.950707e+07
1.945137e+07
1.981377e+07
1.970302e+07
1.950339e+07
1.972258e+07
1.964550e+07
1.970863e+07
1.965564e+07
1.963499e+07
1.956757e+07
1.970466e+07
1.972426e+07
1.957298e+07
1.959027e+07
1.965847e+07
1.958733e+07
1.965961e+07
1.971582e+07
1.941623e+07
1.974796e+07
1.975521e+07
1.952252e+07
1.947213e+07
1.977093e+07
1.984351e+07
1.943664e+07
1.944299e+07
1.983581e+07
1.976490e+07
1.938728e+07
1.963732e+07
1.983454e+07
1.955302e+07
1.948479e+07
1.971974e+07
1.974870e+07
1.956730e+07
1.969699e+07
1.962605e+07
1.961430e+07
1.965182e+07
1.968339e+07
1.945827e+07
1.968202e+07
1.971280e+07
1.958525e+07
1.961292e+07
1.963975e+07
1.947898e+07
1.975465e+07
1.972655e+07
1.945303e+07
1.961628e+07
1.976355e+07
1.962418e+07
1.943030e+07
1.975638e+07
1.981888e+07
1.946685e+07
1.939219e+07
1.985215e+07
1.971638e+07
1.944238e+07
1.964548e+07
1.975320e+07
1.961867e+07
1.957926e+07
1.966465e+07
1.971634e+07
1.964144e+07
1.963655e+07
1.963265e+07
1.954926e+07
1.972477e+07
1.976211e+07
1.943392e+07
1.969703e+07
1.960749e+07
1.963208e+07
1.966915e+07
1.962179e+07
1.940445e+07
1.979237e+07
1.980198e+07
1.944841e+07
1.951213e+07
1.979883e+07
1.970510e+07
1.941386e+07
1.970013e+07
1.977789e+07
1.958025e+07
1.940739e+07
1.979956e+07
1.971683e+07
1.951312e+07
1.965158e+07
1.971963e+07
1.970195e+07
1.962880e+07
1.967059e+07
1.961612e+07
1.965511e+07
1.966998e+07
1.962252e+07
1.948457e+07
1.970600e+07
1.978813e+07
1.946197e+07
1.969361e+07
1.953218e+07
1.963218e+07
1.972319e+07
1.959674e+07
1.938852e+07
1.980607e+07
1.977936e+07
1.944225e+07
1.950292e+07
1.980077e+07
1.978171e+07
1.942664e+07
1.957400e+07
1.974022e+07
1.967323e+07
1.942779e+07
1.976234e+07
1.971611e+07
1.957275e+07
1.964618e+07
1.963889e+07
1.965014e+07
1.967169e+07
1.961163e+07
1.959220e+07
1.960125e+07
1.971937e+07
1.969385e+07
1.940984e+07
1.973857e+07
1.969624e+07
1.954256e+07
1.970444e+07
1.950475e+07
1.962588e+07
1.973470e+07
1.964280e+07
1.941147e+07
1.974848e+07
1.977234e+07
1.947520e+07
1.953330e+07
1.972998e+07
1.985408e+07
1.947387e+07
1.950731e+07
1.978231e+07
1.970797e+07
1.946164e+07
1.976734e+07
1.969952e+07
1.967218e+07
1.967054e+07
1.965351e+07
1.956684e+07
1.969146e+07
1.969187e+07
1.953422e+07
1.952586e+07
1.974262e+07
1.976905e+07
1.939456e+07
1.972634e+07
1.957718e+07
1.964087e+07
1.970670e+07
1.953444e+07
1.948848e+07
1.976138e+07
1.973364e+07
1.945002e+07
1.963389e+07
1.976404e+07
1.954675e+07
1.947802e+07
1.973265e+07
1.978076e+07
1.948637e+07
1.952755e+07
1.973034e+07
1.974363e+07
1.952548e+07
1.969659e+07
1.961788e+07
1.959199e+07
1.961776e+07
1.967056e+07
1.949704e+07
1.972344e+07
1.971642e+07
1.953664e+07
1.946238e+07
1.974420e+07
1.981281e+07
1.940333e+07
1.976745e+07
1.946170e+07
1.972668e+07
1.973113e+07
1.954773e+07
1.938486e+07
1.977611e+07
1.984155e+07
1.941589e+07
1.953930e+07
1.980412e+07
1.965531e+07
1.947186e+07
1.969623e+07
1.973069e+07
1.956157e+07
1.960600e+07
1.965785e+07
1.975300e+07
1.962175e+07
1.962725e+07
1.965805e+07
1.956674e+07
1.967280e+07
1.967940e+07
1.949426e+07
1.964871e+07
1.976535e+07
1.959296e+07
1.945018e+07
1.975277e+07
1.970973e+07
1.946165e+07
1.976915e+07
1.939555e+07
1.972442e+07
1.975908e+07
1.956859e+07
1.940697e+07
1.978603e+07
1.981274e+07
1.942263e+07
1.948951e+07
1.982376e+07
1.970055e+07
1.950533e+07
1.968251e+07
1.971980e+07
1.966227e+07
1.962516e+07
1.966335e+07
1.960635e+07
1.964325e+07
1.959976e+07
1.967528e+07
1.948516e+07
1.977553e+07
1.969344e+07
1.949745e+07
1.953752e+07
1.975528e+07
1.972018e+07
1.944613e+07
1.971752e+07
1.955125e+07
1.964661e+07
1.974450e+07
1.940851e+07
1.965778e+07
1.972408e+07
1.964643e+07
1.939994e+07
1.975294e+07
1.979666e+07
1.945376e+07
1.952457e+07
1.975575e+07
1.973621e+07
1.952824e+07
1.971328e+07
1.962164e+07
1.965580e+07
1.959529e+07
1.969813e+07
1.956563e+07
1.965301e+07
1.965645e+07
1.963040e+07
1.946958e+07
1.980638e+07
1.973027e+07
1.951723e+07
1.946098e+07
1.973036e+07
1.980206e+07
1.944007e+07
1.969206e+07
1.946636e+07
1.975942e+07
1.971493e+07
1.947445e+07
1.954281e+07
1.972905e+07
1.971434e+07
1.942497e+07
1.969977e+07
1.980347e+07
1.950482e+07
1.960113e+07
1.966888e+07
1.975207e+07
1.961055e+07
1.969200e+07
1.966198e+07
1.964873e+07
1.957452e+07
1.966618e+07
1.956260e+07
1.964219e+07
1.971003e+07
1.960322e+07
1.945676e+07
1.972366e+07
1.979050e+07
1.954280e+07
1.941739e+07
1.976209e+07
1.973893e+07
1.945840e+07
1.976209e+07
1.940419e+07
1.976132e+07
1.968217e+07
1.956489e+07
1.947077e+07
1.976541e+07
1.973134e+07
1.948249e+07
1.960512e+07
1.975736e+07
1.961920e+07
1.960978e+07
1.963087e+07
1.964743e+07
1.964383e+07
1.952270e+07
1.970434e+07
1.963637e+07
1.960926e+07
1.967228e+07
1.956984e+07
1.958802e+07
1.974215e+07
1.967617e+07
1.944017e+07
1.962656e+07
1.981187e+07
1.958629e+07
1.943764e+07
1.981772e+07
1.954537e+07
1.957157e+07
1.981247e+07
1.940345e+07
1.967147e+07
1.969429e+07
1.966491e+07
1.945238e+07
1.978811e+07
1.973058e+07
1.952262e+07
1.965342e+07
1.967601e+07
1.970069e+07
1.965494e+07
1.959979e+07
1.965327e+07
1.970229e+07
1.947047e+07
1.971932e+07
1.953782e+07
1.964763e+07
1.974100e+07
1.954390e+07
1.949658e+07
1.982314e+07
1.970518e+07
1.944092e+07
1.951559e+07
1.975992e+07
1.963393e+07
1.952714e+07
1.977968e+07
1.942114e+07
1.971255e+07
1.976998e+07
1.945582e+07
1.959509e+07
1.974077e+07
1.966084e+07
1.949947e+07
1.973886e+07
1.969671e+07
1.961380e+07
1.965562e+07
1.964039e+07
1.964795e+07
1.962560e+07
1.954045e+07
1.964043e+07
1.973869e+07
1.950866e+07
1.971669e+07
1.944980e+07
1.976206e+07
1.972501e+07
1.949724e+07
1.948682e+07
1.987336e+07
1.971026e+07
1.954639e+07
1.948141e+07
1.973523e+07
1.959887e+07
1.959280e+07
1.979697e+07
1.937993e+07
1.976115e+07
1.966045e+07
1.955965e+07
1.956623e+07
1.972493e+07
1.968872e+07
1.954007e+07
1.970476e+07
1.966274e+07
1.963565e+07
1.963296e+07
1.956964e+07
1.969602e+07
1.969213e+07
1.947807e+07
1.963692e+07
1.970232e+07
1.956533e+07
1.965911e+07
1.948492e+07
1.976002e+07
1.968632e+07
1.956276e+07
1.943583e+07
1.969530e+07
1.976983e+07
1.956239e+07
1.955208e+07
1.968449e+07
1.952640e+07
1.968215e+07
1.981340e+07
1.944347e+07
1.964116e+07
1.969025e+07
1.962486e+07
1.954043e+07
1.972049e+07
1.971408e+07
1.960792e+07
1.968344e+07
1.962610e+07
1.964269e+07
1.965490e+07
1.949695e+07
1.969412e+07
1.977233e+07
1.942640e+07
1.968985e+07
1.960636e+07
1.961501e+07
1.970721e+07
1.951319e+07
1.957698e+07
1.979735e+07
1.967306e+07
1.942902e+07
1.964397e+07
1.975186e+07
1.957777e+07
1.959362e+07
1.970803e+07
1.940182e+07
1.976515e+07
1.977457e+07
1.948423e+07
1.963840e+07
1.969425e+07
1.967842e+07
1.957508e+07
1.966193e+07
1.962800e+07
1.962479e+07
1.960354e+07
1.958389e+07
1.970517e+07
1.965434e+07
1.946870e+07
1.969197e+07
1.976869e+07
1.946340e+07
1.973737e+07
1.943663e+07
1.975334e+07
1.979671e+07
1.943336e+07
1.948085e+07
1.977865e+07
1.978017e+07
1.944088e+07
1.966696e+07
1.967250e+07
1.952338e+07
1.969690e+07
1.969576e+07
1.941476e+07
1.977918e+07
1.968914e+07
1.955189e+07
1.963704e+07
1.964955e+07
1.971389e+07
1.964175e+07
1.958458e+07
1.969768e+07
1.964057e+07
1.961861e+07
1.952450e+07
1.971628e+07
1.970093e+07
1.946265e+07
1.966075e+07
1.970818e+07
1.959714e+07
1.963510e+07
1.941389e+07
1.982787e+07
1.979126e+07
1.944407e+07
1.948475e+07
1.975477e+07
1.978841e+07
1.950015e+07
1.967301e+07
1.960490e+07
1.954744e+07
1.971215e+07
1.969922e+07
1.947984e+07
1.971648e+07
1.967612e+07
1.963920e+07
1.964556e+07
1.963365e+07
1.965769e+07
1.964275e+07
1.951468e+07
1.965529e+07
1.967972e+07
1.963224e+07
1.946857e+07
1.970271e+07
1.982316e+07
1.940407e+07
1.964990e+07
1.964827e+07
1.966834e+07
1.961762e+07
1.943632e+07
1.977442e+07
1.974383e+07
1.955533e+07
1.949728e+07
1.964838e+07
1.981965e+07
1.949957e+07
1.967356e+07
1.965412e+07
1.953124e+07
1.969964e+07
1.969591e+07
1.954666e+07
1.967806e+07
1.964963e+07
1.964104e+07
1.963626e+07
1.957244e+07
1.970483e+07
1.970826e+07
1.951227e+07
1.960178e+07
1.973217e+07
1.964302e+07
1.942022e+07
1.974441e+07
1.980535e+07
1.940592e+07
1.968070e+07
1.953964e+07
1.972618e+07
1.968706e+07
1.948083e+07
1.956796e+07
1.977588e+07
1.969963e+07
1.944837e+07
1.971060e+07
1.968520e+07
1.948622e+07
1.972358e+07
1.964848e+07
1.955770e+07
1.969963e+07
1.970973e+07
1.961391e+07
1.968188e+07
1.963024e+07
1.960886e+07
1.966243e+07
1.946527e+07
1.973138e+07
1.973134e+07
1.949499e+07
1.958506e+07
1.972931e+07
1.967666e+07
1.942313e+07
1.972113e+07
1.975367e+07
1.946289e+07
1.972366e+07
1.941982e+07
1.981395e+07
1.977809e+07
1.943002e+07
1.954020e+07
1.976646e+07
1.970068e+07
1.950306e+07
1.971950e+07
1.962464e+07
1.955447e+07
1.969042e+07
1.964057e+07
1.958794e+07
1.965459e+07
1.963906e+07
1.962732e+07
1.960871e+07
1.961058e+07
1.969070e+07
1.968412e+07
1.945090e+07
1.973232e+07
1.969622e+07
1.954716e+07
1.951024e+07
1.974649e+07
1.972889e+07
1.944018e+07
1.970168e+07
1.962226e+07
1.964310e+07
1.965325e+07
1.942881e+07
1.981572e+07
1.970630e+07
1.953722e+07
1.954344e+07
1.966340e+07
1.972980e+07
1.950722e+07
1.972364e+07
1.962061e+07
1.961705e+07
1.967133e+07
1.968682e+07
1.963532e+07
1.958713e+07
1.966167e+07
1.963539e+07
1.958961e+07
1.954348e+07
1.969874e+07
1.974640e+07
1.943816e+07
1.968876e+07
1.971598e+07
1.959523e+07
1.947947e+07
1.969920e+07
1.982854e+07
1.942705e+07
1.967710e+07
1.956837e+07
1.969467e+07
1.970357e+07
1.947795e+07
1.961519e+07
1.975671e+07
1.963904e+07
1.952562e+07
1.969079e+07
1.968329e+07
1.952909e+07
1.970739e+07
1.961913e+07
1.965005e+07
1.965167e+07
1.964101e+07
1.966638e+07
1.954459e+07
1.966178e+07
1.969460e+07
1.961256e+07
1.946670e+07
1.976324e+07
1.974280e+07
1.946466e+07
1.960580e+07
1.973743e+07
1.967364e+07
1.940628e+07
1.974228e+07
1.974942e+07
1.945126e+07
1.973289e+07
1.940758e+07
1.981491e+07
1.976299e+07
1.944898e+07
1.957265e+07
1.969507e+07
1.967502e+07
1.953644e+07
1.970823e+07
1.966454e+07
1.958809e+07
1.969038e+07
1.961914e+07
1.965171e+07
1.958388e+07
1.963715e+07
1.971055e+07
1.948698e+07
1.965472e+07
1.970411e+07
1.964731e+07
1.944539e+07
1.974566e+07
1.978858e+07
1.945254e+07
1.955527e+07
1.974728e+07
1.970636e+07
1.945320e+07
1.968719e+07
1.965787e+07
1.962695e+07
1.967531e+07
1.941721e+07
1.981873e+07
1.972123e+07
1.953294e+07
1.956851e+07
1.966420e+07
1.968944e+07
1.953307e+07
1.970203e+07
1.962804e+07
1.965771e+07
1.960878e+07
1.962423e+07
1.967917e+07
1.951466e+07
1.968645e+07
1.972179e+07
1.951653e+07
1.957667e+07
1.973246e+07
1.967277e+07
1.941035e+07
1.977133e+07
1.971602e+07
1.952210e+07
1.946910e+07
1.971172e+07
1.982422e+07
1.942181e+07
1.966946e+07
1.958741e+07
1.970156e+07
1.970702e+07
1.942871e+07
1.968111e+07
1.969981e+07
1.959586e+07
1.960516e+07
1.966097e+07
1.971871e+07
1.958210e+07
1.967779e+07
1.963770e+07
1.963831e+07
1.959567e+07
1.959567e+07
1.972511e+07
1.944017e+07
1.972546e+07
1.974449e+07
1.951332e+07
1.954261e+07
1.972725e+07
1.974311e+07
1.941605e+07
1.969139e+07
1.976727e+07
1.958025e+07
1.944231e+07
1.977099e+07
1.976743e+07
1.945088e+07
1.972041e+07
1.945249e+07
1.981623e+07
1.970366e+07
1.950367e+07
1.962287e+07
1.967346e+07
1.962140e+07
1.960001e+07
1.964373e+07
1.963572e+07
1.963497e+07
1.955578e+07
1.966138e+07
1.967655e+07
1.953955e+07
1.964984e+07
1.972897e+07
1.943097e+07
1.972238e+07
1.970656e+07
1.956254e+07
1.946742e+07
1.978737e+07
1.974446e+07
1.941877e+07
1.962895e+07
1.974904e+07
1.963760e+07
1.947926e+07
1.971898e+07
1.965271e+07
1.958737e+07
1.970983e+07
1.942322e+07
1.976992e+07
1.967656e+07
1.956673e+07
1.967837e+07
1.963608e+07
1.969144e+07
1.963504e+07
1.959956e+07
1.966951e+07
1.967277e+07
1.953232e+07
1.964201e+07
1.969778e+07
1.948411e+07
1.967421e+07
1.976505e+07
1.943425e+07
1.969150e+07
1.971236e+07
1.959759e+07
1.948528e+07
1.979885e+07
1.971451e+07
1.950368e+07
1.953783e+07
1.972045e+07
1.975532e+07
1.947318e+07
1.970010e+07
1.953719e+07
1.974426e+07
1.969238e+07
1.950050e+07
1.966301e+07
1.967640e+07
1.959393e+07
1.964265e+07
1.962638e+07
1.964734e+07
1.964224e+07
1.952028e+07
1.967901e+07
1.971416e+07
1.949230e+07
1.966545e+07
1.972047e+07
1.942418e+07
1.972602e+07
1.973583e+07
1.949525e+07
1.961345e+07
1.968407e+07
1.969460e+07
1.945202e+07
1.972598e+07
1.977174e+07
1.952837e+07
1.948775e+07
1.973984e+07
1.974188e+07
1.948585e+07
1.972727e+07
1.945751e+07
1.977986e+07
1.966520e+07
1.956782e+07
1.967210e+07
1.964741e+07
1.964407e+07
1.962393e+07
1.960110e+07
1.968638e+07
1.968723e+07
1.948509e+07
1.969778e+07
1.970115e+07
1.947187e+07
1.967858e+07
1.975537e+07
1.940904e+07
1.972712e+07
1.974802e+07
1.954189e+07
1.951935e+07
1.973790e+07
1.974095e+07
1.942654e+07
1.967387e+07
1.975908e+07
1.958135e+07
1.952761e+07
1.974154e+07
1.959892e+07
1.966412e+07
1.970610e+07
1.948597e+07
1.970262e+07
1.967102e+07
1.960412e+07
1.965375e+07
1.964073e+07
1.963226e+07
1.961612e+07
1.953957e+07
1.969714e+07
1.971952e+07
1.945931e+07
1.971439e+07
1.969740e+07
1.942576e+07
1.970395e+07
1.977406e+07
1.938737e+07
1.971335e+07
1.974016e+07
1.954949e+07
1.949059e+07
1.977207e+07
1.974574e+07
1.945400e+07
1.962402e+07
1.969264e+07
1.968818e+07
1.952966e+07
1.967931e+07
1.953728e+07
1.974270e+07
1.968020e+07
1.954486e+07
1.967557e+07
1.960641e+07
1.962788e+07
1.959157e+07
1.962186e+07
1.968584e+07
1.964519e+07
1.950179e+07
1.971076e+07
1.971501e+07
1.945346e+07
1.973271e+07
1.969226e+07
1.941266e+07
1.974920e+07
1.975278e+07
1.943249e+07
1.967320e+07
1.971373e+07
1.960556e+07
1.949201e+07
1.972207e+07
1.979381e+07
1.949444e+07
1.957644e+07
1.972254e+07
1.965953e+07
1.959746e+07
1.967004e+07
1.952593e+07
1.968785e+07
1.965805e+07
1.963346e+07
1.957776e+07
1.967498e+07
1.966150e+07
1.956208e+07
1.957182e+07
1.970353e+07
1.967696e+07
1.947465e+07
1.971957e+07
1.969735e+07
1.945567e+07
1.971715e+07
1.970932e+07
1.939707e+07
1.976034e+07
1.972884e+07
1.951229e+07
1.958646e+07
1.972199e+07
1.969456e+07
1.944067e+07
1.970857e+07
1.975379e+07
1.952711e+07
1.960242e+07
1.965830e+07
1.964365e+07
1.964687e+07
1.971484e+07
1.955455e+07
1.965944e+07
1.965387e+07
1.965811e+07
1.950817e+07
1.966874e+07
1.972374e+07
1.954852e+07
1.953042e+07
1.972385e+07
1.970512e+07
1.945083e+07
1.973421e+07
1.969273e+07
1.945248e+07
1.971605e+07
1.974268e+07
1.938967e+07
1.974659e+07
1.974460e+07
1.951297e+07
1.952888e+07
1.975580e+07
1.971795e+07
1.945387e+07
1.967524e+07
1.973127e+07
1.957924e+07
1.964499e+07
1.960739e+07
1.960600e+07
1.964641e+07
1.963797e+07
1.962594e+07
1.958845e+07
1.966833e+07
1.971763e+07
1.945592e+07
1.967877e+07
1.974925e+07
1.953679e+07
1.950815e+07
1.974894e+07
1.970296e+07
1.943191e+07
1.974498e+07
1.969073e+07
1.941982e+07
1.974418e+07
1.974001e+07
1.941008e+07
1.972965e+07
1.971495e+07
1.955484e+07
1.947908e+07
1.975949e+07
1.973231e+07
1.947992e+07
1.967092e+07
1.964308e+07
1.965829e+07
1.963636e+07
1.965274e+07
1.962972e+07
1.960578e+07
1.965996e+07
1.964274e+07
1.951790e+07
1.967717e+07
1.974160e+07
1.943396e+07
1.968234e+07
1.975770e+07
1.953417e+07
1.950550e+07
1.977754e+07
1.967781e+07
1.944707e+07
1.975190e+07
1.967717e+07
1.942551e+07
1.974476e+07
1.973948e+07
1.944262e+07
1.967155e+07
1.972736e+07
1.960160e+07
1.948995e+07
1.971982e+07
1.975795e+07
1.950425e+07
1.966560e+07
1.960660e+07
1.964953e+07
1.962423e+07
1.963747e+07
1.963506e+07
1.955798e+07
1.968799e+07
1.968273e+07
1.947454e+07
1.969303e+07
1.974582e+07
1.943091e+07
1.967898e+07
1.975077e+07
1.953498e+07
1.950786e+07
1.976309e+07
1.967992e+07
1.944598e+07
1.974895e+07
1.968778e+07
1.942304e+07
1.975993e+07
1.971056e+07
1.949060e+07
1.958711e+07
1.973141e+07
1.965448e+07
1.947639e+07
1.974623e+07
1.967359e+07
1.955901e+07
1.969371e+07
1.961279e+07
1.961284e+07
1.963382e+07
1.966017e+07
1.965630e+07
1.950820e+07
1.969689e+07
1.972065e+07
1.944719e+07
1.969707e+07
1.974688e+07
1.944661e+07
1.966412e+07
1.976023e+07
1.953836e+07
1.951495e+07
1.976897e+07
1.966520e+07
1.945115e+07
1.974523e+07
1.969752e+07
1.944237e+07
1.974435e+07
1.972061e+07
1.952225e+07
1.956880e+07
1.973185e+07
1.966078e+07
1.953683e+07
1.968430e+07
1.961506e+07
1.962468e+07
1.965408e+07
1.963909e+07
1.958437e+07
1.957786e+07
1.970058e+07
1.967369e+07
1.946128e+07
1.971176e+07
1.974458e+07
1.942400e+07
1.969451e+07
1.975081e+07
1.944555e+07
1.965762e+07
1.976005e+07
1.953343e+07
1.952919e+07
1.975798e+07
1.967121e+07
1.943610e+07
1.974958e+07
1.967946e+07
1.946026e+07
1.972269e+07
1.967752e+07
1.958495e+07
1.957726e+07
1.968631e+07
1.968947e+07
1.958137e+07
1.966371e+07
1.964323e+07
1.955910e+07
1.966509e+07
1.970099e+07
1.956179e+07
1.954949e+07
1.972559e+07
1.969662e+07
1.942296e+07
1.973568e+07
1.973643e+07
1.942472e+07
1.969575e+07
1.975118e+07
1.945146e+07
1.965412e+07
1.976482e+07
1.952404e+07
1.953982e+07
1.975796e+07
1.965738e+07
1.946891e+07
1.974111e+07
1.969670e+07
1.950658e+07
1.964408e+07
1.971144e+07
1.960195e+07
1.959472e+07
1.963297e+07
1.963052e+07
1.959702e+07
1.965235e+07
1.968923e+07
1.949737e+07
1.967288e+07
1.971917e+07
1.954606e+07
1.953450e+07
1.973278e+07
1.972208e+07
1.940441e+07
1.973731e+07
1.972876e+07
1.942393e+07
1.969766e+07
1.974954e+07
1.944846e+07
1.966661e+07
1.975003e+07
1.953636e+07
1.952886e+07
1.973931e+07
1.966599e+07
1.945414e+07
1.974785e+07
1.967391e+07
1.953123e+07
1.964849e+07
1.965802e+07
1.965404e+07
1.963229e+07
1.965447e+07
1.964387e+07
1.953072e+07
1.966503e+07
1.971717e+07
1.948999e+07
1.966871e+07
1.971797e+07
1.956751e+07
1.950966e+07
1.974552e+07
1.973739e+07
1.940015e+07
1.974100e+07
1.971016e+07
1.944575e+07
1.969042e+07
1.974871e+07
1.944314e+07
1.967534e+07
1.975406e+07
1.953622e+07
1.954507e+07
1.976525e+07
1.964352e+07
1.948678e+07
1.970295e+07
1.969229e+07
1.957556e+07
1.963247e+07
1.963040e+07
1.962914e+07
1.959433e+07
1.967496e+07
1.970722e+07
1.948128e+07
1.968058e+07
1.973209e+07
1.948881e+07
1.964731e+07
1.971738e+07
1.960502e+07
1.949203e+07
1.973677e+07
1.974639e+07
1.940188e+07
1.972793e+07
1.970905e+07
1.945582e+07
1.969189e+07
1.974061e+07
1.944188e+07
1.968738e+07
1.970661e+07
1.954817e+07
1.954553e+07
1.975872e+07
1.964477e+07
1.951648e+07
1.967833e+07
1.964377e+07
1.963270e+07
1.961648e+07
1.964535e+07
1.963706e+07
1.951596e+07
1.967612e+07
1.974891e+07
1.943618e+07
1.970644e+07
1.972748e+07
1.951145e+07
1.959972e+07
1.972145e+07
1.965649e+07
1.945775e+07
1.974345e+07
1.973291e+07
1.941101e+07
1.972183e+07
1.969642e+07
1.947657e+07
1.969687e+07
1.972972e+07
1.947889e+07
1.966953e+07
1.972670e+07
1.954047e+07
1.958188e+07
1.969755e+07
1.968489e+07
1.957223e+07
1.966003e+07
1.963365e+07
1.962793e+07
1.959320e+07
1.971802e+07
1.966907e+07
1.946966e+07
1.968805e+07
1.976197e+07
1.941239e+07
1.971942e+07
1.973428e+07
1.952053e+07
1.955592e+07
1.973065e+07
1.969015e+07
1.943504e+07
1.974431e+07
1.971792e+07
1.943243e+07
1.969990e+07
1.970847e+07
1.946005e+07
1.971127e+07
1.968317e+07
1.951486e+07
1.965683e+07
1.971352e+07
1.955837e+07
1.960038e+07
1.963899e+07
1.961688e+07
1.960555e+07
1.965016e+07
1.964910e+07
1.959061e+07
1.954594e+07
1.972890e+07
1.970968e+07
1.943234e+07
1.970986e+07
1.974276e+07
1.941585e+07
1.971781e+07
1.972814e+07
1.953664e+07
1.952790e+07
1.973386e+07
1.971522e+07
1.941422e+07
1.976144e+07
1.968088e+07
1.947049e+07
1.970723e+07
1.970869e+07
1.947909e+07
1.970771e+07
1.966822e+07
1.954200e+07
1.967684e+07
1.964911e+07
1.963782e+07
1.965016e+07
1.964406e+07
1.965313e+07
1.957686e+07
1.966349e+07
1.969562e+07
1.959514e+07
1.951587e+07
1.972028e+07
1.973964e+07
1.941373e+07
1.972144e+07
1.972471e+07
1.944198e+07
1.968973e+07
1.972165e+07
1.955998e+07
1.951726e+07
1.973878e+07
1.972020e+07
1.942078e+07
1.975187e+07
1.965276e+07
1.949373e+07
1.971242e+07
1.966329e+07
1.952565e+07
1.969027e+07
1.966770e+07
1.959754e+07
1.962504e+07
1.963371e+07
1.965712e+07
1.959861e+07
1.964346e+07
1.967434e+07
1.954715e+07
1.961781e+07
1.972682e+07
1.963418e+07
1.947540e+07
1.971207e+07
1.974820e+07
1.940386e+07
1.972449e+07
1.972569e+07
1.947276e+07
1.965764e+07
1.969725e+07
1.960759e+07
1.951098e+07
1.974396e+07
1.970034e+07
1.946989e+07
1.973885e+07
1.964393e+07
1.952988e+07
1.968432e+07
1.967318e+07
1.953577e+07
1.966396e+07
1.965058e+07
1.961588e+07
1.962491e+07
1.958417e+07
1.969586e+07
1.953189e+07
1.970571e+07
1.971382e+07
1.951544e+07
1.956345e+07
1.973674e+07
1.969610e+07
1.943024e+07
1.972537e+07
1.973032e+07
1.940577e+07
1.972248e+07
1.972672e+07
1.951900e+07
1.959566e+07
1.969896e+07
1.966302e+07
1.947783e+07
1.973643e+07
1.966757e+07
1.950241e+07
1.972815e+07
1.960544e+07
1.956183e+07
1.970080e+07
1.966561e+07
1.959764e+07
1.965351e+07
1.964538e+07
1.963215e+07
1.963003e+07
1.960750e+07
1.966958e+07
1.949308e+07
1.973335e+07
1.974651e+07
1.949888e+07
1.952869e+07
1.973644e+07
1.973235e+07
1.941254e+07
1.972807e+07
1.973199e+07
1.940857e+07
1.971875e+07
1.973078e+07
1.953123e+07
1.956408e+07
1.972670e+07
1.967917e+07
1.948842e+07
1.974046e+07
1.961141e+07
1.957646e+07
1.968476e+07
1.959533e+07
1.958479e+07
1.964522e+07
1.962081e+07
1.961981e+07
1.959849e+07
1.962234e+07
1.963722e+07
1.960482e+07
1.968020e+07
1.966668e+07
1.946559e+07
1.972353e+07
1.973891e+07
1.954262e+07
1.950284e+07
1.974708e+07
1.973837e+07
1.939209e+07
1.974632e+07
1.971698e+07
1.943213e+07
1.970692e+07
1.971491e+07
1.953914e+07
1.955378e+07
1.970649e+07
1.968052e+07
1.951449e+07
1.971059e+07
1.959527e+07
1.963160e+07
1.966180e+07
1.962950e+07
1.963750e+07
1.959312e+07
1.967760e+07
1.964173e+07
1.962497e+07
1.961854e+07
1.961822e+07
1.956722e+07
1.972619e+07
1.969597e+07
1.945392e+07
1.966567e+07
1.973173e+07
1.959858e+07
1.949984e+07
1.974133e+07
1.971662e+07
1.941427e+07
1.973204e+07
1.970282e+07
1.947966e+07
1.966819e+07
1.971435e+07
1.957774e+07
1.954718e+07
1.972178e+07
1.964629e+07
1.954645e+07
1.967999e+07
1.960853e+07
1.964504e+07
1.963408e+07
1.966480e+07
1.966000e+07
1.952498e+07
1.966577e+07
1.961857e+07
1.963919e+07
1.967177e+07
1.960160e+07
1.951067e+07
1.976700e+07
1.972116e+07
1.947577e+07
1.960457e+07
1.969883e+07
1.968773e+07
1.945782e+07
1.972182e+07
1.973812e+07
1.941762e+07
1.970754e+07
1.971647e+07
1.947490e+07
1.965689e+07
1.969311e+07
1.958787e+07
1.956817e+07
1.971166e+07
1.964462e+07
1.955245e+07
1.967717e+07
1.960121e+07
1.964065e+07
1.956575e+07
1.968169e+07
1.972117e+07
1.953257e+07
1.967947e+07
1.955606e+07
1.965683e+07
1.970342e+07
1.960057e+07
1.947157e+07
1.973979e+07
1.976718e+07
1.950486e+07
1.953230e+07
1.975033e+07
1.970469e+07
1.940047e+07
1.975547e+07
1.970017e+07
1.945748e+07
1.970317e+07
1.970773e+07
1.951239e+07
1.963851e+07
1.969538e+07
1.956505e+07
1.961820e+07
1.967693e+07
1.962337e+07
1.963584e+07
1.960440e+07
1.966055e+07
1.967543e+07
1.948217e+07
1.970028e+07
1.965054e+07
1.958904e+07
1.971299e+07
1.953470e+07
1.961387e+07
1.972941e+07
1.965981e+07
1.941310e+07
1.975101e+07
1.975589e+07
1.949985e+07
1.954971e+07
1.973917e+07
1.972286e+07
1.940576e+07
1.973597e+07
1.969287e+07
1.947089e+07
1.970302e+07
1.966985e+07
1.955901e+07
1.967068e+07
1.962572e+07
1.962010e+07
1.961745e+07
1.964100e+07
1.964607e+07
1.963919e+07
1.954374e+07
1.966556e+07
1.975061e+07
1.947453e+07
1.970287e+07
1.953507e+07
1.966985e+07
1.975787e+07
1.948799e+07
1.959192e+07
1.975196e+07
1.967553e+07
1.945751e+07
1.969850e+07
1.970011e+07
1.957029e+07
1.950206e+07
1.976118e+07
1.971367e+07
1.943735e+07
1.973166e+07
1.967222e+07
1.953710e+07
1.964310e+07
1.967592e+07
1.958580e+07
1.965086e+07
1.962896e+07
1.962538e+07
1.963249e+07
1.961650e+07
1.967852e+07
1.968508e+07
1.946456e+07
1.968671e+07
1.974179e+07
1.953181e+07
1.968599e+07
1.949371e+07
1.975688e+07
1.968520e+07
1.955114e+07
1.953984e+07
1.968783e+07
1.976795e+07
1.946610e+07
1.964672e+07
1.969905e+07
1.963035e+07
1.948091e+07
1.972503e+07
1.972033e+07
1.945306e+07
1.971319e+07
1.967677e+07
1.955603e+07
1.964896e+07
1.965870e+07
1.960938e+07
1.964522e+07
1.965646e+07
1.963015e+07
1.960848e+07
1.954146e+07
1.970048e+07
1.975255e+07
1.941478e+07
1.970351e+07
1.966556e+07
1.956229e+07
1.973543e+07
1.949330e+07
1.964592e+07
1.972354e+07
1.961838e+07
1.946851e+07
1.970172e+07
1.975035e+07
1.950433e+07
1.957275e+07
1.973512e+07
1.967993e+07
1.944213e+07
1.976586e+07
1.965658e+07
1.950072e+07
1.969247e+07
1.965169e+07
1.958675e+07
1.964240e+07
1.962382e+07
1.963782e+07
1.958124e+07
1.966029e+07
1.969085e+07
1.960174e+07
1.948571e+07
1.974335e+07
1.976209e+07
1.943336e+07
1.975252e+07
1.946690e+07
1.971933e+07
1.978185e+07
1.945452e+07
1.959204e+07
1.970650e+07
1.970356e+07
1.942315e+07
1.973288e+07
1.975260e+07
1.949147e+07
1.956939e+07
1.972480e+07
1.968174e+07
1.949003e+07
1.973535e+07
1.962925e+07
1.956392e+07
1.966049e+07
1.963900e+07
1.962656e+07
1.959008e+07
1.968215e+07
1.965594e+07
1.954313e+07
1.963171e+07
1.971574e+07
1.961915e+07
1.949216e+07
1.968956e+07
1.972904e+07
1.953644e+07
1.969389e+07
1.941687e+07
1.979566e+07
1.973544e+07
1.948122e+07
1.953908e+07
1.972355e+07
1.971416e+07
1.943462e+07
1.973375e+07
1.969248e+07
1.957974e+07
1.952860e+07
1.972282e+07
1.966742e+07
1.952783e+07
1.970144e+07
1.963290e+07
1.961431e+07
1.964296e+07
1.964759e+07
1.964775e+07
1.952545e+07
1.970890e+07
1.966769e+07
1.956523e+07
1.954275e+07
1.971810e+07
1.974461e+07
1.942979e+07
1.967865e+07
1.964411e+07
1.964071e+07
1.970817e+07
1.940591e+07
1.975945e+07
1.969269e+07
1.957198e+07
1.953446e+07
1.968517e+07
1.977495e+07
1.944037e+07
1.967262e+07
1.969299e+07
1.962438e+07
1.954155e+07
1.969922e+07
1.964669e+07
1.955593e+07
1.966808e+07
1.960824e+07
1.962470e+07
1.964091e+07
1.964997e+07
1.972571e+07
1.947265e+07
1.968518e+07
1.975648e+07
1.952287e+07
1.948063e+07
1.975748e+07
1.977804e+07
1.943322e+07
1.968848e+07
1.950373e+07
1.975406e+07
1.969692e+07
1.947571e+07
1.961861e+07
1.969384e+07
1.965403e+07
1.946627e+07
1.973629e+07
1.974582e+07
1.947414e+07
1.962322e+07
1.968536e+07
1.963916e+07
1.956876e+07
1.967165e+07
1.963598e+07
1.962474e+07
1.965184e+07
1.963748e+07
1.959251e+07
1.952189e+07
1.972056e+07
1.971514e+07
1.942711e+07
1.969398e+07
1.978037e+07
1.952018e+07
1.947737e+07
1.977094e+07
1.971266e+07
1.948297e+07
1.977218e+07
1.939581e+07
1.978412e+07
1.972866e+07
1.949508e+07
1.957777e+07
1.968968e+07
1.971187e+07
1.943734e+07
1.973171e+07
1.973029e+07
1.952159e+07
1.961580e+07
1.964883e+07
1.966421e+07
1.959347e+07
1.964956e+07
1.963938e+07
1.955464e+07
1.968833e+07
1.971149e+07
1.959510e+07
1.949917e+07
1.976380e+07
1.969302e+07
1.943411e+07
1.967423e+07
1.975469e+07
1.956213e+07
1.953267e+07
1.972435e+07
1.954103e+07
1.970150e+07
1.974474e+07
1.937603e+07
1.973433e+07
1.970240e+07
1.955275e+07
1.950260e+07
1.974939e+07
1.971005e+07
1.943327e+07
1.970575e+07
1.970000e+07
1.958239e+07
1.961015e+07
1.962645e+07
1.962728e+07
1.960569e+07
1.966567e+07
1.966199e+07
1.949590e+07
1.966497e+07
1.969626e+07
1.961988e+07
1.949547e+07
1.974878e+07
1.971906e+07
1.947570e+07
1.963406e+07
1.968029e+07
1.968066e+07
1.955453e+07
1.966251e+07
1.948936e+07
1.978670e+07
1.974544e+07
1.940412e+07
1.972278e+07
1.968234e+07
1.958658e+07
1.950567e+07
1.975103e+07
1.971650e+07
1.946520e+07
1.968601e+07
1.965158e+07
1.964071e+07
1.964078e+07
1.964804e+07
1.963432e+07
1.955403e+07
1.969897e+07
1.971518e+07
1.952793e+07
1.959350e+07
1.970236e+07
1.966628e+07
1.945539e+07
1.970876e+07
1.978186e+07
1.950336e+07
1.956806e+07
1.968189e+07
1.961470e+07
1.965731e+07
1.965736e+07
1.944338e+07
1.977040e+07
1.968626e+07
1.948888e+07
1.963361e+07
1.969488e+07
1.962100e+07
1.950455e+07
1.972467e+07
1.969490e+07
1.953509e+07
1.965070e+07
1.961923e+07
1.962394e+07
1.964812e+07
1.964858e+07
1.970021e+07
1.946260e+07
1.969705e+07
1.976252e+07
1.952337e+07
1.953275e+07
1.972790e+07
1.973773e+07
1.938741e+07
1.973459e+07
1.974534e+07
1.957036e+07
1.961084e+07
1.959971e+07
1.959534e+07
1.969924e+07
1.973441e+07
1.943684e+07
1.971859e+07
1.968501e+07
1.954283e+07
1.959018e+07
1.970842e+07
1.966077e+07
1.950759e+07
1.967914e+07
1.966181e+07
1.961158e+07
1.966084e+07
1.964379e+07
1.957339e+07
1.955681e+07
1.971571e+07
1.972082e+07
1.941490e+07
1.969143e+07
1.979519e+07
1.949876e+07
1.950234e+07
1.974623e+07
1.975163e+07
1.939158e+07
1.970205e+07
1.966519e+07
1.957547e+07
1.972290e+07
1.956343e+07
1.947080e+07
1.975706e+07
1.973122e+07
1.943432e+07
1.969998e+07
1.968616e+07
1.956778e+07
1.958217e+07
1.969927e+07
1.967986e+07
1.956955e+07
1.965191e+07
1.963961e+07
1.955500e+07
1.969882e+07
1.970990e+07
1.955807e+07
1.950367e+07
1.977509e+07
1.971551e+07
1.940430e+07
1.971444e+07
1.973637e+07
1.955945e+07
1.945520e+07
1.978484e+07
1.977156e+07
1.944869e+07
1.973566e+07
1.947074e+07
1.970656e+07
1.974892e+07
1.955925e+07
1.946748e+07
1.975879e+07
1.971273e+07
1.946596e+07
1.969004e+07
1.967582e+07
1.960652e+07
1.958274e+07
1.964113e+07
1.962722e+07
1.962082e+07
1.964904e+07
1.966888e+07
1.947560e+07
1.970153e+07
1.972917e+07
1.955251e+07
1.950246e+07
1.975908e+07
1.974152e+07
1.942006e+07
1.966996e+07
1.973399e+07
1.959159e+07
1.946964e+07
1.972332e+07
1.969537e+07
1.957373e+07
1.970961e+07
1.944303e+07
1.967905e+07
1.973527e+07
1.960731e+07
1.949814e+07
1.971533e+07
1.970537e+07
1.950775e+07
1.967040e+07
1.963364e+07
1.966443e+07
1.962651e+07
1.963744e+07
1.961727e+07
1.957550e+07
1.970689e+07
1.968854e+07
1.948906e+07
1.966489e+07
1.971369e+07
1.961245e+07
1.947383e+07
1.977617e+07
1.971186e+07
1.949270e+07
1.959403e+07
1.972187e+07
1.973306e+07
1.943430e+07
1.970929e+07
1.955892e+07
1.971473e+07
1.971587e+07
1.948406e+07
1.958029e+07
1.973036e+07
1.965255e+07
1.949442e+07
1.969600e+07
1.970395e+07
1.956555e+07
1.963711e+07
1.962060e+07
1.961356e+07
1.966485e+07
1.964489e+07
1.965840e+07
1.951436e+07
1.969631e+07
1.975459e+07
1.948561e+07
1.961495e+07
1.970033e+07
1.968925e+07
1.943924e+07
1.972251e+07
1.977475e+07
1.947605e+07
1.951004e+07
1.975001e+07
1.974123e+07
1.945110e+07
1.973593e+07
1.944642e+07
1.976672e+07
1.972100e+07
1.951640e+07
1.956394e+07
1.971770e+07
1.967412e+07
1.949865e+07
1.967313e+07
1.965527e+07
1.961945e+07
1.965618e+07
1.964181e+07
1.955722e+07
1.958490e+07
1.970830e+07
1.967269e+07
1.945060e+07
1.971192e+07
1.977411e+07
1.950481e+07
1.952439e+07
1.975183e+07
1.971459e+07
1.939957e+07
1.972122e+07
1.978025e+07
1.949573e+07
1.951866e+07
1.976501e+07
1.958939e+07
1.961965e+07
1.974918e+07
1.941267e+07
1.972277e+07
1.970234e+07
1.955719e+07
1.957318e+07
1.970655e+07
1.968616e+07
1.957243e+07
1.965581e+07
1.964222e+07
1.956533e+07
1.970009e+07
1.973412e+07
1.952328e+07
1.955310e+07
1.973055e+07
1.971254e+07
1.939551e+07
1.972259e+07
1.978057e+07
1.950649e+07
1.949264e+07
1.977264e+07
1.970663e+07
1.941028e+07
1.970756e+07
1.971802e+07
1.957777e+07
1.956848e+07
1.967120e+07
1.953279e+07
1.974967e+07
1.973119e+07
1.945096e+07
1.968444e+07
1.966887e+07
1.959856e+07
1.957613e+07
1.964071e+07
1.962976e+07
1.964107e+07
1.963394e+07
1.964431e+07
1.946735e+07
1.971262e+07
1.975945e+07
1.950071e+07
1.952153e+07
1.976800e+07
1.971203e+07
1.939223e+07
1.971283e+07
1.973587e+07
1.956219e+07
1.948286e+07
1.976285e+07
1.973953e+07
1.945765e+07
1.965131e+07
1.968155e+07
1.959393e+07
1.964717e+07
1.963884e+07
1.948695e+07
1.974007e+07
1.970538e+07
1.951355e+07
1.967215e+07
1.964279e+07
1.965765e+07
1.963260e+07
1.962717e+07
1.959579e+07
1.962311e+07
1.970599e+07
1.967254e+07
1.944827e+07
1.972148e+07
1.974623e+07
1.952000e+07
1.950725e+07
1.976847e+07
1.973956e+07
1.943507e+07
1.966014e+07
1.970336e+07
1.964577e+07
1.943830e+07
1.975632e+07
1.975442e+07
1.950781e+07
1.965505e+07
1.959955e+07
1.958742e+07
1.972878e+07
1.965540e+07
1.948448e+07
1.969718e+07
1.967962e+07
1.957124e+07
1.964714e+07
1.962181e+07
1.960171e+07
1.967690e+07
1.964008e+07
1.958023e+07
1.956155e+07
1.971909e+07
1.970051e+07
1.945518e+07
1.968866e+07
1.971891e+07
1.958666e+07
1.947630e+07
1.974626e+07
1.977905e+07
1.946450e+07
1.959425e+07
1.973052e+07
1.968994e+07
1.941729e+07
1.975472e+07
1.965713e+07
1.957411e+07
1.970877e+07
1.953612e+07
1.956612e+07
1.974490e+07
1.966595e+07
1.952626e+07
1.965138e+07
1.965793e+07
1.961637e+07
1.964899e+07
1.964455e+07
1.953895e+07
1.967094e+07
1.968414e+07
1.961039e+07
1.950798e+07
1.971790e+07
1.975148e+07
1.946824e+07
1.962654e+07
1.972860e+07
1.965498e+07
1.943018e+07
1.974761e+07
1.976101e+07
1.948008e+07
1.953374e+07
1.973585e+07
1.974196e+07
1.945257e+07
1.971611e+07
1.953620e+07
1.968445e+07
1.972480e+07
1.952981e+07
1.955384e+07
1.971349e+07
1.969036e+07
1.957414e+07
1.966402e+07
1.962649e+07
1.960310e+07
1.967168e+07
1.970614e+07
1.950585e+07
1.961898e+07
1.972259e+07
1.963799e+07
1.944519e+07
1.973374e+07
1.977804e+07
1.946676e+07
1.956540e+07
1.974029e+07
1.970043e+07
1.941748e+07
1.972649e+07
1.974419e+07
1.952484e+07
1.947963e+07
1.974945e+07
1.973025e+07
1.949051e+07
1.972279e+07
1.947439e+07
1.971300e+07
1.972592e+07
1.954774e+07
1.959147e+07
1.963480e+07
1.962558e+07
1.965069e+07
1.962747e+07
1.962770e+07
1.949689e+07
1.970923e+07
1.975718e+07
1.947160e+07
1.959630e+07
1.973845e+07
1.966139e+07
1.941427e+07
1.974690e+07
1.975669e+07
1.949433e+07
1.950334e+07
1.975501e+07
1.972820e+07
1.941524e+07
1.967086e+07
1.976359e+07
1.956665e+07
1.950210e+07
1.975500e+07
1.958989e+07
1.963882e+07
1.970678e+07
1.948347e+07
1.969597e+07
1.965330e+07
1.964782e+07
1.963958e+07
1.963029e+07
1.956496e+07
1.965554e+07
1.970484e+07
1.962544e+07
1.945868e+07
1.973118e+07
1.976469e+07
1.946575e+07
1.956716e+07
1.973235e+07
1.970178e+07
1.940181e+07
1.972310e+07
1.974277e+07
1.954281e+07
1.946995e+07
1.980225e+07
1.970991e+07
1.943979e+07
1.964235e+07
1.971946e+07
1.962452e+07
1.954294e+07
1.969597e+07
1.955772e+07
1.967586e+07
1.971433e+07
1.954216e+07
1.965456e+07
1.962762e+07
1.959317e+07
1.967459e+07
1.965461e+07
1.951862e+07
1.961952e+07
1.971695e+07
1.964789e+07
1.944560e+07
1.972778e+07
1.975240e+07
1.949623e+07
1.951892e+07
1.974677e+07
1.973456e+07
1.941038e+07
1.968703e+07
1.972471e+07
1.958503e+07
1.949200e+07
1.976232e+07
1.973028e+07
1.949671e+07
1.959501e+07
1.973111e+07
1.957657e+07
1.962809e+07
1.969071e+07
1.951773e+07
1.965740e+07
1.967231e+07
1.960573e+07
1.963315e+07
1.963595e+07
1.952871e+07
1.970548e+07
1.969538e+07
1.952862e+07
1.956427e+07
1.971654e+07
1.969911e+07
1.942856e+07
1.970529e+07
1.974355e+07
1.954287e+07
1.949038e+07
1.976623e+07
1.973519e+07
1.947776e+07
1.962254e+07
1.970870e+07
1.965887e+07
1.945667e+07
1.974125e+07
1.970593e+07
1.954576e+07
1.963687e+07
1.964025e+07
1.958241e+07
1.969499e+07
1.970254e+07
1.956721e+07
1.965906e+07
1.961627e+07
1.964062e+07
1.965212e+07
1.968043e+07
1.947830e+07
1.969759e+07
1.972516e+07
1.954161e+07
1.951137e+07
1.973680e+07
1.973494e+07
1.943076e+07
1.967634e+07
1.971032e+07
1.962578e+07
1.946005e+07
1.972881e+07
1.977708e+07
1.949314e+07
1.956427e+07
1.973664e+07
1.968838e+07
1.947171e+07
1.969910e+07
1.966596e+07
1.960333e+07
1.966168e+07
1.959472e+07
1.958537e+07
1.964369e+07
1.963653e+07
1.965095e+07
1.962632e+07
1.958523e+07
1.955912e+07
1.968851e+07
1.971233e+07
1.944786e+07
1.968216e+07
1.973279e+07
1.957268e+07
1.948547e+07
1.973711e+07
1.976290e+07
1.946260e+07
1.960161e+07
1.973352e+07
1.967663e+07
1.942284e+07
1.973358e+07
1.973923e+07
1.952018e+07
1.951803e+07
1.973722e+07
1.972823e+07
1.949476e+07
1.966902e+07
1.962495e+07
1.965088e+07
1.964640e+07
1.965458e+07
1.962600e+07
1.962856e+07
1.956451e+07
1.967036e+07
1.969630e+07
1.958971e+07
1.950344e+07
1.972744e+07
1.972952e+07
1.944791e+07
1.964662e+07
1.971991e+07
1.963738e+07
1.943574e+07
1.974498e+07
1.977238e+07
1.946633e+07
1.955626e+07
1.973666e+07
1.971596e+07
1.942713e+07
1.970020e+07
1.974126e+07
1.955267e+07
1.949710e+07
1.974725e+07
1.971672e+07
1.950642e+07
1.969304e+07
1.958572e+07
1.965219e+07
1.963031e+07
1.959672e+07
1.964474e+07
1.966174e+07
1.948371e+07
1.966344e+07
1.970671e+07
1.960120e+07
1.947752e+07
1.973208e+07
1.976322e+07
1.945395e+07
1.959982e+07
1.972987e+07
1.966631e+07
1.942075e+07
1.974242e+07
1.973570e+07
1.951280e+07
1.950372e+07
1.975687e+07
1.972388e+07
1.943273e+07
1.966947e+07
1.974321e+07
1.957288e+07
1.954278e+07
1.972192e+07
1.965437e+07
1.955765e+07
1.970053e+07
1.960221e+07
1.962284e+07
1.962099e+07
1.955863e+07
1.969141e+07
1.970099e+07
1.948824e+07
1.962637e+07
1.971554e+07
1.962929e+07
1.944337e+07
1.974450e+07
1.975053e+07
1.948110e+07
1.955754e+07
1.972465e+07
1.971236e+07
1.942166e+07
1.970516e+07
1.973075e+07
1.956034e+07
1.950341e+07
1.977654e+07
1.969061e+07
1.948869e+07
1.963566e+07
1.971710e+07
1.960017e+07
1.959809e+07
1.966755e+07
1.962373e+07
1.962825e+07
1.960751e+07
1.964997e+07
1.963529e+07
1.964161e+07
1.949192e+07
1.970858e+07
1.973208e+07
1.948938e+07
1.959701e+07
1.971436e+07
1.967077e+07
1.942948e+07
1.972634e+07
1.973117e+07
1.952935e+07
1.950789e+07
1.975032e+07
1.972400e+07
1.944846e+07
1.966103e+07
1.969606e+07
1.963055e+07
1.949843e+07
1.973642e+07
1.969024e+07
1.954683e+07
1.963275e+07
1.965635e+07
1.965365e+07
1.961167e+07
1.965055e+07
1.963924e+07
1.963242e+07
1.956814e+07
1.961471e+07
1.967406e+07
1.966211e+07
1.945724e+07
1.971896e+07
1.972686e+07
1.950880e+07
1.954926e+07
1.971718e+07
1.972181e+07
1.942573e+07
1.969733e+07
1.971821e+07
1.958145e+07
1.949601e+07
1.974080e+07
1.974277e+07
1.950306e+07
1.959945e+07
1.971665e+07
1.966293e+07
1.949462e+07
1.969656e+07
1.971088e+07
1.958254e+07
1.962845e+07
1.962587e+07
1.963085e+07
1.963087e+07
1.958026e+07
1.965859e+07
1.967449e+07
1.955681e+07
1.957184e+07
1.969178e+07
1.969576e+07
1.944617e+07
1.970494e+07
1.972309e+07
1.954597e+07
1.950225e+07
1.973916e+07
1.973285e+07
1.945702e+07
1.964669e+07
1.970376e+07
1.964995e+07
1.945543e+07
1.973131e+07
1.973709e+07
1.952179e+07
1.956945e+07
1.973523e+07
1.967892e+07
1.950056e+07
1.968994e+07
1.965884e+07
1.963577e+07
1.964146e+07
1.960077e+07
1.961957e+07
1.965748e+07
1.951600e+07
1.967058e+07
1.968971e+07
1.956827e+07
1.952296e+07
1.970718e+07
1.972314e+07
1.943862e+07
1.968910e+07
1.970330e+07
1.960458e+07
1.947640e+07
1.973548e+07
1.975168e+07
1.948389e+07
1.960089e+07
1.972599e+07
1.967777e+07
1.945888e+07
1.971789e+07
1.971934e+07
1.953469e+07
1.957448e+07
1.971240e+07
1.968353e+07
1.954242e+07
1.966254e+07
1.961547e+07
1.961467e+07
1.962865e+07
1.958249e+07
1.964506e+07
1.968851e+07
1.949230e+07
1.966557e+07
1.970099e+07
1.959102e+07
1.950058e+07
1.971935e+07
1.972945e+07
1.946482e+07
1.963882e+07
1.970079e+07
1.965185e+07
1.945106e+07
1.974325e+07
1.971432e+07
1.951977e+07
1.956358e+07
1.972993e+07
1.968208e+07
1.948959e+07
1.969865e+07
1.969142e+07
1.957380e+07
1.959668e+07
1.965020e+07
1.967391e+07
1.961853e+07
1.961916e+07
1.962889e+07
1.962132e+07
1.964241e+07
1.953021e+07
1.967966e+07
1.969690e+07
1.948953e+07
1.964493e+07
1.968117e+07
1.963998e+07
1.947236e+07
1.972857e+07
1.972867e+07
1.949640e+07
1.960044e+07
1.969728e+07
1.969174e+07
1.946736e+07
1.971160e+07
1.969077e+07
1.957886e+07
1.954407e+07
1.972495e+07
1.967702e+07
1.953337e+07
1.966551e+07
1.967185e+07
1.964598e+07
1.961558e+07
1.964041e+07
1.962016e+07
1.962172e+07
1.960543e+07
1.962117e+07
1.963521e+07
1.965907e+07
1.950346e+07
1.969590e+07
1.970579e+07
1.951491e+07
1.960248e+07
1.968216e+07
1.967471e+07
1.945970e+07
1.972395e+07
1.969444e+07
1.955581e+07
1.953753e+07
1.970183e+07
1.971607e+07
1.948634e+07
1.965986e+07
1.968047e+07
1.963364e+07
1.954322e+07
1.969742e+07
1.968303e+07
1.956155e+07
1.963412e+07
1.962403e+07
1.963131e+07
1.961612e+07
1.962415e+07
1.962394e+07
1.962377e+07
1.961307e+07
1.958076e+07
1.965230e+07
1.967891e+07
1.947630e+07
1.970555e+07
1.969172e+07
1.955198e+07
1.956049e+07
1.968294e+07
1.971257e+07
1.946334e+07
1.969338e+07
1.969071e+07
1.961211e+07
1.950515e+07
1.972037e+07
1.971371e+07
1.953034e+07
1.960965e+07
1.970170e+07
1.964658e+07
1.954029e+07
1.969721e+07
1.967548e+07
1.963028e+07
1.965162e+07
1.961461e+07
1.961987e+07
1.962602e+07
1.960798e+07
1.962296e+07
1.964615e+07
1.962000e+07
1.955267e+07
1.967488e+07
1.968241e+07
1.948498e+07
1.968594e+07
1.967691e+07
1.959960e+07
1.951492e+07
1.970846e+07
1.970525e+07
1.947870e+07
1.966585e+07
1.967653e+07
1.965072e+07
1.948610e+07
1.972770e+07
1.970111e+07
1.954548e+07
1.961222e+07
1.969196e+07
1.964186e+07
1.954981e+07
1.965251e+07
1.962108e+07
1.962162e+07
1.962316e+07
1.961226e+07
1.963175e+07
1.962368e+07
1.959492e+07
1.961555e+07
1.965128e+07
1.963245e+07
1.953710e+07
1.968040e+07
1.968152e+07
1.950405e+07
1.966440e+07
1.967189e+07
1.962508e+07
1.952913e+07
1.970405e+07
1.969196e+07
1.952357e+07
1.964049e+07
1.969035e+07
1.965139e+07
1.952425e+07
1.969766e+07
1.967721e+07
1.957113e+07
1.964868e+07
1.965852e+07
1.966264e+07
1.962611e+07
1.961851e+07
1.962469e+07
1.962106e+07
1.961710e+07
1.961668e+07
1.963224e+07
1.963387e+07
1.960847e+07
1.959290e+07
1.965361e+07
1.964921e+07
1.954532e+07
1.966221e+07
1.966292e+07
1.957606e+07
1.960820e+07
1.965326e+07
1.966470e+07
1.954306e+07
1.967345e+07
1.966033e+07
1.961079e+07
1.960166e+07
1.966627e+07
1.966974e+07
1.958460e+07
1.965754e+07
1.964292e+07
1.964970e+07
1.962038e+07
1.964450e+07
1.961838e+07
1.962192e+07
1.962432e+07
1.962234e+07
1.962146e+07
1.962149e+07
1.960871e+07
1.962566e+07
1.964174e+07
1.961697e+07
1.959451e+07
1.964027e+07
1.966141e+07
1.957042e+07
1.963443e+07
1.967340e+07
1.960597e+07
1.959894e+07
1.964141e+07
1.967597e+07
1.958193e+07
1.963164e+07
1.965974e+07
1.963542e+07
1.960106e+07
1.963556e+07
1.968037e+07
1.960778e+07
1.964147e+07
1.963203e+07
1.962132e+07
1.962267e+07
1.961868e+07
1.961812e+07
1.962171e+07
1.961872e+07
1.961509e+07
1.962404e+07
1.962988e+07
1.960962e+07
1.960768e+07
1.964790e+07
1.963683e+07
1.958061e+07
1.963725e+07
1.967101e+07
1.959257e+07
1.960806e+07
1.967360e+07
1.965095e+07
1.958325e+07
1.964143e+07
1.970037e+07
1.961674e+07
1.960827e+07
1.968139e+07
1.967358e+07
1.961168e+07
1.964989e+07
1.969284e+07
1.965595e+07
1.966007e+07

SCALARS mass double 1
LOOKUP_TABLE default
4.430000e-07
4.430000e-07
4.430000e-07
4.430000e-07
4.430000e-07
4.430000e-07
4.430000e-07
4.430000e-07
4.430000e-07
4.430000e-07
4.430000e-07
4.430000e-07
4.430000e-07
4.430000e-07
4.430000e-07
4.430000e-07
4.430000e-07
4.430000e-07
4.430000e-07
4.430000e-07
4.430000e-07
4.430000e-07
4.430000e-07
4.430000e-07
4.430000e-07
4.430000e-07
4.430000e-07
4.430000e-07
4.430000e-07
4.430000e-07
4.430000e-07
4.430000e-07
4.430000e-07
4.430000e-07
4.430000e-07
4.430000e-07
4.430000e-07
4.430000e-07
4.430000e-07
4.430000e-07
4.430000e-07
4.430000e-07
4.430000e-07
4.430000e-07
4.430000e-07
4.430000e-07
4.430000e-07
4.430000e-07
4.430000e-07
4.430000e-07
4.430000e-07
4.430000e-07
4.430000e-07
4.430000e-07
4.430000e-07
4.430000e-07
4.430000e-07
4.430000e-07
4.430000e-07
4.430000e-07
4.430000e-07
4.430000e-07
4.430000e-07
4.430000e-07
4.430000e-07
4.430000e-07
4.430000e-07
4.430000e-07
4.430000e-07
4.430000e-07
4.430000e-07
4.430000e-07
4.430000e-07
4.430000e-07
4.430000e-07
4.430000e-07
4.430000e-07
4.430000e-07
4.430000e-07
4.430000e-07
4.430000e-07
4.430000e-07
4.430000e-07
4.430000e-07
4.430000e-07
4.430000e-07
4.430000e-07
4.430000e-07
4.430000e-07
4.430000e-07
4.430000e-07
4.430000e-07
4.430000e-07
4.430000e-07
4.430000e-07
4.430000e-07
4.430000e-07
4.430000e-07
4.430000e-07
4.430000e-07
4.430000e-07
4.430000e-07
4.430000e-07
4.430000e-07
4.430000e-07
4.430000e-07
4.430000e-07
4.430000e-07
4.430000e-07
4.430000e-07
4.430000e-07
4.430000e-07
4.430000e-07
4.430000e-07
4.430000e-07
4.430000e-07
4.430000e-07
4.430000e-07
4.430000e-07
4.430000e-07
4.430000e-07
4.430000e-07
4.430000e-07
4.430000e-07
4.430000e-07
4.430000e-07
4.430000e-07
4.430000e-07
4.430000e-07
4.430000e-07
4.430000e-07
4.430000e-07
4.430000e-07
4.430000e-07
4.430000e-07
4.430000e-07
4.430000e-07
4.430000e-07
4.430000e-07
4.430000e-07
4.430000e-07
4.430000e-07
4.430000e-07
4.430000e-07
4.430000e-07
4.430000e-07
4.430000e-07
4.430000e-07
4.430000e-07
4.430000e-07
4.430000e-07
4.430000e-07
4.430000e-07
4.430000e-07
4.430000e-07
4.430000e-07
4.430000e-07
4.430000e-07
4.430000e-07
4.430000e-07
4.430000e-07
4.430000e-07
4.430000e-07
4.430000e-07
4.430000e-07
4.430000e-07
4.430000e-07
4.430000e-07
4.430000e-07
4.430000e-07
4.430000e-07
4.430000e-07
4.430000e-07
4.430000e-07
4.430000e-07
4.430000e-07
4.430000e-07
4.430000e-07
4.430000e-07
4.430000e-07
4.430000e-07
4.430000e-07
4.430000e-07
4.430000e-07
4.430000e-07
4.430000e-07
4.430000e-07
4.430000e-07
4.430000e-07
4.430000e-07
4.430000e-07
4.430000e-07
4.430000e-07
4.430000e-07
4.430000e-07
4.430000e-07
4.430000e-07
4.430000e-07
4.430000e-07
4.430000e-07
4.430000e-07
4.430000e-07
4.430000e-07
4.430000e-07
4.430000e-07
4.430000e-07
4.430000e-07
4.430000e-07
4.430000e-07
4.430000e-07
4.430000e-07
4.430000e-07
4.430000e-07
4.430000e-07
4.430000e-07
4.430000e-07
4.430000e-07
4.430000e-07
4.430000e-07
4.430000e-07
4.430000e-07
4.430000e-07
4.430000e-07
4.430000e-07
4.430000e-07
4.430000e-07
4.430000e-07
4.430000e-07
4.430000e-07
4.430000e-07
4.430000e-07
4.430000e-07
4.430000e-07
4.430000e-07
4.430000e-07
4.430000e-07
4.430000e-07
4.430000e-07
4.430000e-07
4.430000e-07
4.430000e-07
4.430000e-07
4.430000e-07
4.430000e-07
4.430000e-07
4.430000e-07
4.430000e-07
4.430000e-07
4.430000e-07
4.430000e-07
4.430000e-07
4.430000e-07
4.430000e-07
4.430000e-07
4.430000e-07
4.430000e-07
4.430000e-07
4.430000e-07
4.430000e-07
4.430000e-07
4.430000e-07
4.430000e-07
4.430000e-07
4.430000e-07
4.430000e-07
4.430000e-07
4.430000e-07
4.430000e-07
4.430000e-07
4.430000e-07
4.430000e-07
4.430000e-07
4.430000e-07
4.430000e-07
4.430000e-07
4.430000e-07
4.430000e-07
4.430000e-07
4.430000e-07
4.430000e-07
4.430000e-07
4.430000e-07
4.430000e-07
4.430000e-07
4.430000e-07
4.430000e-07
4.430000e-07
4.430000e-07
4.430000e-07
4.430000e-07
4.430000e-07
4.430000e-07
4.430000e-07
4.430000e-07
4.430000e-07
4.430000e-07
4.430000e-07
4.430000e-07
4.430000e-07
4.430000e-07
4.430000e-07
4.430000e-07
4.430000e-07
4.430000e-07
4.430000e-07
4.430000e-07
4.430000e-07
4.430000e-07
4.430000e-07
4.430000e-07
4.430000e-07
4.430000e-07
4.430000e-07
4.430000e-07
4.430000e-07
4.430000e-07
4.430000e-07
4.430000e-07
4.430000e-07
4.430000e-07
4.430000e-07
4.430000e-07
4.430000e-07
4.430000e-07
4.430000e-07
4.430000e-07
4.430000e-07
4.430000e-07
4.430000e-07
4.430000e-07
4.430000e-07
4.430000e-07
4.430000e-07
4.430000e-07
4.430000e-07
4.430000e-07
4.430000e-07
4.430000e-07
4.430000e-07
4.430000e-07
4.430000e-07
4.430000e-07
4.430000e-07
4.430000e-07
4.430000e-07
4.430000e-07
4.430000e-07
4.430000e-07
4.430000e-07
4.430000e-07
4.430000e-07
4.430000e-07
4.430000e-07
4.430000e-07
4.430000e-07
4.430000e-07
4.430000e-07
4.430000e-07
4.430000e-07
4.430000e-07
4.430000e-07
4.430000e-07
4.430000e-07
4.430000e-07
4.430000e-07
4.430000e-07
4.430000e-07
4.430000e-07
4.430000e-07
4.430000e-07
4.430000e-07
4.430000e-07
4.430000e-07
4.430000e-07
4.430000e-07
4.430000e-07
4.430000e-07
4.430000e-07
4.430000e-07
4.430000e-07
4.430000e-07
4.430000e-07
4.430000e-07
4.430000e-07
4.430000e-07
4.430000e-07
4.430000e-07
4.430000e-07
4.430000e-07
4.430000e-07
4.430000e-07
4.430000e-07
4.430000e-07
4.430000e-07
4.430000e-07
4.430000e-07
4.430000e-07
4.430000e-07
4.430000e-07
4.430000e-07
4.430000e-07
4.430000e-07
4.430000e-07
4.430000e-07
4.430000e-07
4.430000e-07
4.430000e-07
4.430000e-07
4.430000e-07
4.430000e-07
4.430000e-07
4.430000e-07
4.430000e-07
4.430000e-07
4.430000e-07
4.430000e-07
4.430000e-07
4.430000e-07
4.430000e-07
4.430000e-07
4.430000e-07
4.430000e-07
4.430000e-07
4.430000e-07
4.430000e-07
4.430000e-07
4.430000e-07
4.430000e-07
4.430000e-07
4.430000e-07
4.430000e-07
4.430000e-07
4.430000e-07
4.430000e-07
4.430000e-07
4.430000e-07
4.430000e-07
4.430000e-07
4.430000e-07
4.430000e-07
4.430000e-07
4.430000e-07
4.430000e-07
4.430000e-07
4.430000e-07
4.430000e-07
4.430000e-07
4.430000e-07
4.430000e-07
4.430000e-07
4.430000e-07
4.430000e-07
4.430000e-07
4.430000e-07
4.430000e-07
4.430000e-07
4.430000e-07
4.430000e-07
4.430000e-07
4.430000e-07
4.430000e-07
4.430000e-07
4.430000e-07
4.430000e-07
4.430000e-07
4.430000e-07
4.430000e-07
4.430000e-07
4.430000e-07
4.430000e-07
4.430000e-07
4.430000e-07
4.430000e-07
4.430000e-07
4.430000e-07
4.430000e-07
4.430000e-07
4.430000e-07
4.430000e-07
4.430000e-07
4.430000e-07
4.430000e-07
4.430000e-07
4.430000e-07
4.430000e-07
4.430000e-07
4.430000e-07
4.430000e-07
4.430000e-07
4.430000e-07
4.430000e-07
4.430000e-07
4.430000e-07
4.430000e-07
4.430000e-07
4.430000e-07
4.430000e-07
4.430000e-07
4.430000e-07
4.430000e-07
4.430000e-07
4.430000e-07
4.430000e-07
4.430000e-07
4.430000e-07
4.430000e-07
4.430000e-07
4.430000e-07
4.430000e-07
4.430000e-07
4.430000e-07
4.430000e-07
4.430000e-07
4.430000e-07
4.430000e-07
4.430000e-07
4.430000e-07
4.430000e-07
4.430000e-07
4.430000e-07
4.430000e-07
4.430000e-07
4.430000e-07
4.430000e-07
4.430000e-07
4.430000e-07
4.430000e-07
4.430000e-07
4.430000e-07
4.430000e-07
4.430000e-07
4.430000e-07
4.430000e-07
4.430000e-07
4.430000e-07
4.430000e-07
4.430000e-07
4.430000e-07
4.430000e-07
4.430000e-07
4.430000e-07
4.430000e-07
4.430000e-07
4.430000e-07
4.430000e-07
4.430000e-07
4.430000e-07
4.430000e-07
4.430000e-07
4.430000e-07
4.430000e-07
4.430000e-07
4.430000e-07
4.430000e-07
4.430000e-07
4.430000e-07
4.430000e-07
4.430000e-07
4.430000e-07
4.430000e-07
4.430000e-07
4.430000e-07
4.430000e-07
4.430000e-07
4.430000e-07
4.430000e-07
4.430000e-07
4.430000e-07
4.430000e-07
4.430000e-07
4.430000e-07
4.430000e-07
4.430000e-07
4.430000e-07
4.430000e-07
4.430000e-07
4.430000e-07
4.430000e-07
4.430000e-07
4.430000e-07
4.430000e-07
4.430000e-07
4.430000e-07
4.430000e-07
4.430000e-07
4.430000e-07
4.430000e-07
4.430000e-07
4.430000e-07
4.430000e-07
4.430000e-07
4.430000e-07
4.430000e-07
4.430000e-07
4.430000e-07
4.430000e-07
4.430000e-07
4.430000e-07
4.430000e-07
4.430000e-07
4.430000e-07
4.430000e-07
4.430000e-07
4.430000e-07
4.430000e-07
4.430000e-07
4.430000e-07
4.430000e-07
4.430000e-07
4.430000e-07
4.430000e-07
4.430000e-07
4.430000e-07
4.430000e-07
4.430000e-07
4.430000e-07
4.430000e-07
4.430000e-07
4.430000e-07
4.430000e-07
4.430000e-07
4.430000e-07
4.430000e-07
4.430000e-07
4.430000e-07
4.430000e-07
4.430000e-07
4.430000e-07
4.430000e-07
4.430000e-07
4.430000e-07
4.430000e-07
4.430000e-07
4.430000e-07
4.430000e-07
4.430000e-07
4.430000e-07
4.430000e-07
4.430000e-07
4.430000e-07
4.430000e-07
4.430000e-07
4.430000e-07
4.430000e-07
4.430000e-07
4.430000e-07
4.430000e-07
4.430000e-07
4.430000e-07
4.430000e-07
4.430000e-07
4.430000e-07
4.430000e-07
4.430000e-07
4.430000e-07
4.430000e-07
4.430000e-07
4.430000e-07
4.430000e-07
4.430000e-07
4.430000e-07
4.430000e-07
4.430000e-07
4.430000e-07
4.430000e-07
4.430000e-07
4.430000e-07
4.430000e-07
4.430000e-07
4.430000e-07
4.430000e-07
4.430000e-07
4.430000e-07
4.430000e-07
4.430000e-07
4.430000e-07
4.430000e-07
4.430000e-07
4.430000e-07
4.430000e-07
4.430000e-07
4.430000e-07
4.430000e-07
4.430000e-07
4.430000e-07
4.430000e-07
4.430000e-07
4.430000e-07
4.430000e-07
4.430000e-07
4.430000e-07
4.430000e-07
4.430000e-07
4.430000e-07
4.430000e-07
4.430000e-07
4.430000e-07
4.430000e-07
4.430000e-07
4.430000e-07
4.430000e-07
4.430000e-07
4.430000e-07
4.430000e-07
4.430000e-07
4.430000e-07
4.430000e-07
4.430000e-07
4.430000e-07
4.430000e-07
4.430000e-07
4.430000e-07
4.430000e-07
4.430000e-07
4.430000e-07
4.430000e-07
4.430000e-07
4.430000e-07
4.430000e-07
4.430000e-07
4.430000e-07
4.430000e-07
4.430000e-07
4.430000e-07
4.430000e-07
4.430000e-07
4.430000e-07
4.430000e-07
4.430000e-07
4.430000e-07
4.430000e-07
4.430000e-07
4.430000e-07
4.430000e-07
4.430000e-07
4.430000e-07
4.430000e-07
4.430000e-07
4.430000e-07
4.430000e-07
4.430000e-07
4.430000e-07
4.430000e-07
4.430000e-07
4.430000e-07
4.430000e-07
4.430000e-07
4.430000e-07
4.430000e-07
4.430000e-07
4.430000e-07
4.430000e-07
4.430000e-07
4.430000e-07
4.430000e-07
4.430000e-07
4.430000e-07
4.430000e-07
4.430000e-07
4.430000e-07
4.430000e-07
4.430000e-07
4.430000e-07
4.430000e-07
4.430000e-07
4.430000e-07
4.430000e-07
4.430000e-07
4.430000e-07
4.430000e-07
4.430000e-07
4.430000e-07
4.430000e-07
4.430000e-07
4.430000e-07
4.430000e-07
4.430000e-07
4.430000e-07
4.430000e-07
4.430000e-07
4.430000e-07
4.430000e-07
4.430000e-07
4.430000e-07
4.430000e-07
4.430000e-07
4.430000e-07
4.430000e-07
4.430000e-07
4.430000e-07
4.430000e-07
4.430000e-07
4.430000e-07
4.430000e-07
4.430000e-07
4.430000e-07
4.430000e-07
4.430000e-07
4.430000e-07
4.430000e-07
4.430000e-07
4.430000e-07
4.430000e-07
4.430000e-07
4.430000e-07
4.430000e-07
4.430000e-07
4.430000e-07
4.430000e-07
4.430000e-07
4.430000e-07
4.430000e-07
4.430000e-07
4.430000e-07
4.430000e-07
4.430000e-07
4.430000e-07
4.430000e-07
4.430000e-07
4.430000e-07
4.430000e-07
4.430000e-07
4.430000e-07
4.430000e-07
4.430000e-07
4.430000e-07
4.430000e-07
4.430000e-07
4.430000e-07
4.430000e-07
4.430000e-07
4.430000e-07
4.430000e-07
4.430000e-07
4.430000e-07
4.430000e-07
4.430000e-07
4.430000e-07
4.430000e-07
4.430000e-07
4.430000e-07
4.430000e-07
4.430000e-07
4.430000e-07
4.430000e-07
4.430000e-07
4.430000e-07
4.430000e-07
4.430000e-07
4.430000e-07
4.430000e-07
4.430000e-07
4.430000e-07
4.430000e-07
4.430000e-07
4.430000e-07
4.430000e-07
4.430000e-07
4.430000e-07
4.430000e-07
4.430000e-07
4.430000e-07
4.430000e-07
4.430000e-07
4.430000e-07
4.430000e-07
4.430000e-07
4.430000e-07
4.430000e-07
4.430000e-07
4.430000e-07
4.430000e-07
4.430000e-07
4.430000e-07
4.430000e-07
4.430000e-07
4.430000e-07
4.430000e-07
4.430000e-07
4.430000e-07
4.430000e-07
4.430000e-07
4.430000e-07
4.430000e-07
4.430000e-07
4.430000e-07
4.430000e-07
4.430000e-07
4.430000e-07
4.430000e-07
4.430000e-07
4.430000e-07
4.430000e-07
4.430000e-07
4.430000e-07
4.430000e-07
4.430000e-07
4.430000e-07
4.430000e-07
4.430000e-07
4.430000e-07
4.430000e-07
4.430000e-07
4.430000e-07
4.430000e-07
4.430000e-07
4.430000e-07
4.430000e-07
4.430000e-07
4.430000e-07
4.430000e-07
4.430000e-07
4.430000e-07
4.430000e-07
4.430000e-07
4.430000e-07
4.430000e-07
4.430000e-07
4.430000e-07
4.430000e-07
4.430000e-07
4.430000e-07
4.430000e-07
4.430000e-07
4.430000e-07
4.430000e-07
4.430000e-07
4.430000e-07
4.430000e-07
4.430000e-07
4.430000e-07
4.430000e-07
4.430000e-07
4.430000e-07
4.430000e-07
4.430000e-07
4.430000e-07
4.430000e-07
4.430000e-07
4.430000e-07
4.430000e-07
4.430000e-07
4.430000e-07
4.430000e-07
4.430000e-07
4.430000e-07
4.430000e-07
4.430000e-07
4.430000e-07
4.430000e-07
4.430000e-07
4.430000e-07
4.430000e-07
4.430000e-07
4.430000e-07
4.430000e-07
4.430000e-07
4.430000e-07
4.430000e-07
4.430000e-07
4.430000e-07
4.430000e-07
4.430000e-07
4.430000e-07
4.430000e-07
4.430000e-07
4.430000e-07
4.430000e-07
4.430000e-07
4.430000e-07
4.430000e-07
4.430000e-07
4.430000e-07
4.430000e-07
4.430000e-07
4.430000e-07
4.430000e-07
4.430000e-07
4.430000e-07
4.430000e-07
4.430000e-07
4.430000e-07
4.430000e-07
4.430000e-07
4.430000e-07
4.430000e-07
4.430000e-07
4.430000e-07
4.430000e-07
4.430000e-07
4.430000e-07
4.430000e-07
4.430000e-07
4.430000e-07
4.430000e-07
4.430000e-07
4.430000e-07
4.430000e-07
4.430000e-07
4.430000e-07
4.430000e-07
4.430000e-07
4.430000e-07
4.430000e-07
4.430000e-07
4.430000e-07
4.430000e-07
4.430000e-07
4.430000e-07
4.430000e-07
4.430000e-07
4.430000e-07
4.430000e-07
4.430000e-07
4.430000e-07
4.430000e-07
4.430000e-07
4.430000e-07
4.430000e-07
4.430000e-07
4.430000e-07
4.430000e-07
4.430000e-07
4.430000e-07
4.430000e-07
4.430000e-07
4.430000e-07
4.430000e-07
4.430000e-07
4.430000e-07
4.430000e-07
4.430000e-07
4.430000e-07
4.430000e-07
4.430000e-07
4.430000e-07
4.430000e-07
4.430000e-07
4.430000e-07
4.430000e-07
4.430000e-07
4.430000e-07
4.430000e-07
4.430000e-07
4.430000e-07
4.430000e-07
4.430000e-07
4.430000e-07
4.430000e-07
4.430000e-07
4.430000e-07
4.430000e-07
4.430000e-07
4.430000e-07
4.430000e-07
4.430000e-07
4.430000e-07
4.430000e-07
4.430000e-07
4.430000e-07
4.430000e-07
4.430000e-07
4.430000e-07
4.430000e-07
4.430000e-07
4.430000e-07
4.430000e-07
4.430000e-07
4.430000e-07
4.430000e-07
4.430000e-07
4.430000e-07
4.430000e-07
4.430000e-07
4.430000e-07
4.430000e-07
4.430000e-07
4.430000e-07
4.430000e-07
4.430000e-07
4.430000e-07
4.430000e-07
4.430000e-07
4.430000e-07
4.430000e-07
4.430000e-07
4.430000e-07
4.430000e-07
4.430000e-07
4.430000e-07
4.430000e-07
4.430000e-07
4.430000e-07
4.430000e-07
4.430000e-07
4.430000e-07
4.430000e-07
4.430000e-07
4.430000e-07
4.430000e-07
4.430000e-07
4.430000e-07
4.430000e-07
4.430000e-07
4.430000e-07
4.430000e-07
4.430000e-07
4.430000e-07
4.430000e-07
4.430000e-07
4.430000e-07
4.430000e-07
4.430000e-07
4.430000e-07
4.430000e-07
4.430000e-07
4.430000e-07
4.430000e-07
4.430000e-07
4.430000e-07
4.430000e-07
4.430000e-07
4.430000e-07
4.430000e-07
4.430000e-07
4.430000e-07
4.430000e-07
4.430000e-07
4.430000e-07
4.430000e-07
4.430000e-07
4.430000e-07
4.430000e-07
4.430000e-07
4.430000e-07
4.430000e-07
4.430000e-07
4.430000e-07
4.430000e-07
4.430000e-07
4.430000e-07
4.430000e-07
4.430000e-07
4.430000e-07
4.430000e-07
4.430000e-07
4.430000e-07
4.430000e-07
4.430000e-07
4.430000e-07
4.430000e-07
4.430000e-07
4.430000e-07
4.430000e-07
4.430000e-07
4.430000e-07
4.430000e-07
4.430000e-07
4.430000e-07
4.430000e-07
4.430000e-07
4.430000e-07
4.430000e-07
4.430000e-07
4.430000e-07
4.430000e-07
4.430000e-07
4.430000e-07
4.430000e-07
4.430000e-07
4.430000e-07
4.430000e-07
4.430000e-07
4.430000e-07
4.430000e-07
4.430000e-07
4.430000e-07
4.430000e-07
4.430000e-07
4.430000e-07
4.430000e-07
4.430000e-07
4.430000e-07
4.430000e-07
4.430000e-07
4.430000e-07
4.430000e-07
4.430000e-07
4.430000e-07
4.430000e-07
4.430000e-07
4.430000e-07
4.430000e-07
4.430000e-07
4.430000e-07
4.430000e-07
4.430000e-07
4.430000e-07
4.430000e-07
4.430000e-07
4.430000e-07
4.430000e-07
4.430000e-07
4.430000e-07
4.430000e-07
4.430000e-07
4.430000e-07
4.430000e-07
4.430000e-07
4.430000e-07
4.430000e-07
4.430000e-07
4.430000e-07
4.430000e-07
4.430000e-07
4.430000e-07
4.430000e-07
4.430000e-07
4.430000e-07
4.430000e-07
4.430000e-07
4.430000e-07
4.430000e-07
4.430000e-07
4.430000e-07
4.430000e-07
4.430000e-07
4.430000e-07
4.430000e-07
4.430000e-07
4.430000e-07
4.430000e-07
4.430000e-07
4.430000e-07
4.430000e-07
4.430000e-07
4.430000e-07
4.430000e-07
4.430000e-07
4.430000e-07
4.430000e-07
4.430000e-07
4.430000e-07
4.430000e-07
4.430000e-07
4.430000e-07
4.430000e-07
4.430000e-07
4.430000e-07
4.430000e-07
4.430000e-07
4.430000e-07
4.430000e-07
4.430000e-07
4.430000e-07
4.430000e-07
4.430000e-07
4.430000e-07
4.430000e-07
4.430000e-07
4.430000e-07
4.430000e-07
4.430000e-07
4.430000e-07
4.430000e-07
4.430000e-07
4.430000e-07
4.430000e-07
4.430000e-07
4.430000e-07
4.430000e-07
4.430000e-07
4.430000e-07
4.430000e-07
4.430000e-07
4.430000e-07
4.430000e-07
4.430000e-07
4.430000e-07
4.430000e-07
4.430000e-07
4.430000e-07
4.430000e-07
4.430000e-07
4.430000e-07
4.430000e-07
4.430000e-07
4.430000e-07
4.430000e-07
4.430000e-07
4.430000e-07
4.430000e-07
4.430000e-07
4.430000e-07
4.430000e-07
4.430000e-07
4.430000e-07
4.430000e-07
4.430000e-07
4.430000e-07
4.430000e-07
4.430000e-07
4.430000e-07
4.430000e-07
4.430000e-07
4.430000e-07
4.430000e-07
4.430000e-07
4.430000e-07
4.430000e-07
4.430000e-07
4.430000e-07
4.430000e-07
4.430000e-07
4.430000e-07
4.430000e-07
4.430000e-07
4.430000e-07
4.430000e-07
4.430000e-07
4.430000e-07
4.430000e-07
4.430000e-07
4.430000e-07
4.430000e-07
4.430000e-07
4.430000e-07
4.430000e-07
4.430000e-07
4.430000e-07
4.430000e-07
4.430000e-07
4.430000e-07
4.430000e-07
4.430000e-07
4.430000e-07
4.430000e-07
4.430000e-07
4.430000e-07
4.430000e-07
4.430000e-07
4.430000e-07
4.430000e-07
4.430000e-07
4.430000e-07
4.430000e-07
4.430000e-07
4.430000e-07
4.430000e-07
4.430000e-07
4.430000e-07
4.430000e-07
4.430000e-07
4.430000e-07
4.430000e-07
4.430000e-07
4.430000e-07
4.430000e-07
4.430000e-07
4.430000e-07
4.430000e-07
4.430000e-07
4.430000e-07
4.430000e-07
4.430000e-07
4.430000e-07
4.430000e-07
4.430000e-07
4.430000e-07
4.430000e-07
4.430000e-07
4.430000e-07
4.430000e-07
4.430000e-07
4.430000e-07
4.430000e-07
4.430000e-07
4.430000e-07
4.430000e-07
4.430000e-07
4.430000e-07
4.430000e-07
4.430000e-07
4.430000e-07
4.430000e-07
4.430000e-07
4.430000e-07
4.430000e-07
4.430000e-07
4.430000e-07
4.430000e-07
4.430000e-07
4.430000e-07
4.430000e-07
4.430000e-07
4.430000e-07
4.430000e-07
4.430000e-07
4.430000e-07
4.430000e-07
4.430000e-07
4.430000e-07
4.430000e-07
4.430000e-07
4.430000e-07
4.430000e-07
4.430000e-07
4.430000e-07
4.430000e-07
4.430000e-07
4.430000e-07
4.430000e-07
4.430000e-07
4.430000e-07
4.430000e-07
4.430000e-07
4.430000e-07
4.430000e-07
4.430000e-07
4.430000e-07
4.430000e-07
4.430000e-07
4.430000e-07
4.430000e-07
4.430000e-07
4.430000e-07
4.430000e-07
4.430000e-07
4.430000e-07
4.430000e-07
4.430000e-07
4.430000e-07
4.430000e-07
4.430000e-07
4.430000e-07
4.430000e-07
4.430000e-07
4.430000e-07
4.430000e-07
4.430000e-07
4.430000e-07
4.430000e-07
4.430000e-07
4.430000e-07
4.430000e-07
4.430000e-07
4.430000e-07
4.430000e-07
4.430000e-07
4.430000e-07
4.430000e-07
4.430000e-07
4.430000e-07
4.430000e-07
4.430000e-07
4.430000e-07
4.430000e-07
4.430000e-07
4.430000e-07
4.430000e-07
4.430000e-07
4.430000e-07
4.430000e-07
4.430000e-07
4.430000e-07
4.430000e-07
4.430000e-07
4.430000e-07
4.430000e-07
4.430000e-07
4.430000e-07
4.430000e-07
4.430000e-07
4.430000e-07
4.430000e-07
4.430000e-07
4.430000e-07
4.430000e-07
4.430000e-07
4.430000e-07
4.430000e-07
4.430000e-07
4.430000e-07
4.430000e-07
4.430000e-07
4.430000e-07
4.430000e-07
4.430000e-07
4.430000e-07
4.430000e-07
4.430000e-07
4.430000e-07
4.430000e-07
4.430000e-07
4.430000e-07
4.430000e-07
4.430000e-07
4.430000e-07
4.430000e-07
4.430000e-07
4.430000e-07
4.430000e-07
4.430000e-07
4.430000e-07
4.430000e-07
4.430000e-07
4.430000e-07
4.430000e-07
4.430000e-07
4.430000e-07
4.430000e-07
4.430000e-07
4.430000e-07
4.430000e-07
4.430000e-07
4.430000e-07
4.430000e-07
4.430000e-07
4.430000e-07
4.430000e-07
4.430000e-07
4.430000e-07
4.430000e-07
4.430000e-07
4.430000e-07
4.430000e-07
4.430000e-07
4.430000e-07
4.430000e-07
4.430000e-07
4.430000e-07
4.430000e-07
4.430000e-07
4.430000e-07
4.430000e-07
4.430000e-07
4.430000e-07
4.430000e-07
4.430000e-07
4.430000e-07
4.430000e-07
4.430000e-07
4.430000e-07
4.430000e-07
4.430000e-07
4.430000e-07
4.430000e-07
4.430000e-07
4.430000e-07
4.430000e-07
4.430000e-07
4.430000e-07
4.430000e-07
4.430000e-07
4.430000e-07
4.430000e-07
4.430000e-07
4.430000e-07
4.430000e-07
4.430000e-07
4.430000e-07
4.430000e-07
4.430000e-07
4.430000e-07
4.430000e-07
4.430000e-07
4.430000e-07
4.430000e-07
4.430000e-07
4.430000e-07
4.430000e-07
4.430000e-07
4.430000e-07
4.430000e-07
4.430000e-07
4.430000e-07
4.430000e-07
4.430000e-07
4.430000e-07
4.430000e-07
4.430000e-07
4.430000e-07
4.430000e-07
4.430000e-07
4.430000e-07
4.430000e-07
4.430000e-07
4.430000e-07
4.430000e-07
4.430000e-07
4.430000e-07
4.430000e-07
4.430000e-07
4.430000e-07
4.430000e-07
4.430000e-07
4.430000e-07
4.430000e-07
4.430000e-07
4.430000e-07
4.430000e-07
4.430000e-07
4.430000e-07
4.430000e-07
4.430000e-07
4.430000e-07
4.430000e-07
4.430000e-07
4.430000e-07
4.430000e-07
4.430000e-07
4.430000e-07
4.430000e-07
4.430000e-07
4.430000e-07
4.430000e-07
4.430000e-07
4.430000e-07
4.430000e-07
4.430000e-07
4.430000e-07
4.430000e-07
4.430000e-07
4.430000e-07
4.430000e-07
4.430000e-07
4.430000e-07
4.430000e-07
4.430000e-07
4.430000e-07
4.430000e-07
4.430000e-07
4.430000e-07
4.430000e-07
4.430000e-07
4.430000e-07
4.430000e-07
4.430000e-07
4.430000e-07
4.430000e-07
4.430000e-07
4.430000e-07
4.430000e-07
4.430000e-07
4.430000e-07
4.430000e-07
4.430000e-07
4.430000e-07
4.430000e-07
4.430000e-07
4.430000e-07
4.430000e-07
4.430000e-07
4.430000e-07
4.430000e-07
4.430000e-07
4.430000e-07
4.430000e-07
4.430000e-07
4.430000e-07
4.430000e-07
4.430000e-07
4.430000e-07
4.430000e-07
4.430000e-07
4.430000e-07
4.430000e-07
4.430000e-07
4.430000e-07
4.430000e-07
4.430000e-07
4.430000e-07
4.430000e-07
4.430000e-07
4.430000e-07
4.430000e-07
4.430000e-07
4.430000e-07
4.430000e-07
4.430000e-07
4.430000e-07
4.430000e-07
4.430000e-07
4.430000e-07
4.430000e-07
4.430000e-07
4.430000e-07
4.430000e-07
4.430000e-07
4.430000e-07
4.430000e-07
4.430000e-07
4.430000e-07
4.430000e-07
4.430000e-07
4.430000e-07
4.430000e-07
4.430000e-07
4.430000e-07
4.430000e-07
4.430000e-07
4.430000e-07
4.430000e-07
4.430000e-07
4.430000e-07
4.430000e-07
4.430000e-07
4.430000e-07
4.430000e-07
4.430000e-07
4.430000e-07
4.430000e-07
4.430000e-07
4.430000e-07
4.430000e-07
4.430000e-07
4.430000e-07
4.430000e-07
4.430000e-07
4.430000e-07
4.430000e-07
4.430000e-07
4.430000e-07
4.430000e-07
4.430000e-07
4.430000e-07
4.430000e-07
4.430000e-07
4.430000e-07
4.430000e-07
4.430000e-07
4.430000e-07
4.430000e-07
4.430000e-07
4.430000e-07
4.430000e-07
4.430000e-07
4.430000e-07
4.430000e-07
4.430000e-07
4.430000e-07
4.430000e-07
4.430000e-07
4.430000e-07
4.430000e-07
4.430000e-07
4.430000e-07
4.430000e-07
4.430000e-07
4.430000e-07
4.430000e-07
4.430000e-07
4.430000e-07
4.430000e-07
4.430000e-07
4.430000e-07
4.430000e-07
4.430000e-07
4.430000e-07
4.430000e-07
4.430000e-07
4.430000e-07
4.430000e-07
4.430000e-07
4.430000e-07
4.430000e-07
4.430000e-07
4.430000e-07
4.430000e-07
4.430000e-07
4.430000e-07
4.430000e-07
4.430000e-07
4.430000e-07
4.430000e-07
4.430000e-07
4.430000e-07
4.430000e-07
4.430000e-07
4.430000e-07
4.430000e-07
4.430000e-07
4.430000e-07
4.430000e-07
4.430000e-07
4.430000e-07
4.430000e-07
4.430000e-07
4.430000e-07
4.430000e-07
4.430000e-07
4.430000e-07
4.430000e-07
4.430000e-07
4.430000e-07
4.430000e-07
4.430000e-07
4.430000e-07
4.430000e-07
4.430000e-07
4.430000e-07
4.430000e-07
4.430000e-07
4.430000e-07
4.430000e-07
4.430000e-07
4.430000e-07
4.430000e-07
4.430000e-07
4.430000e-07
4.430000e-07
4.430000e-07
4.430000e-07
4.430000e-07
4.430000e-07
4.430000e-07
4.430000e-07
4.430000e-07
4.430000e-07
4.430000e-07
4.430000e-07
4.430000e-07
4.430000e-07
4.430000e-07
4.430000e-07
4.430000e-07
4.430000e-07
4.430000e-07
4.430000e-07
4.430000e-07
4.430000e-07
4.430000e-07
4.430000e-07
4.430000e-07
4.430000e-07
4.430000e-07
4.430000e-07
4.430000e-07
4.430000e-07
4.430000e-07
4.430000e-07
4.430000e-07
4.430000e-07
4.430000e-07
4.430000e-07
4.430000e-07
4.430000e-07
4.430000e-07
4.430000e-07
4.430000e-07
4.430000e-07
4.430000e-07
4.430000e-07
4.430000e-07
4.430000e-07
4.430000e-07
4.430000e-07
4.430000e-07
4.430000e-07
4.430000e-07
4.430000e-07
4.430000e-07
4.430000e-07
4.430000e-07
4.430000e-07
4.430000e-07
4.430000e-07
4.430000e-07
4.430000e-07
4.430000e-07
4.430000e-07
4.430000e-07
4.430000e-07
4.430000e-07
4.430000e-07
4.430000e-07
4.430000e-07
4.430000e-07
4.430000e-07
4.430000e-07
4.430000e-07
4.430000e-07
4.430000e-07
4.430000e-07
4.430000e-07
4.430000e-07
4.430000e-07
4.430000e-07
4.430000e-07
4.430000e-07
4.430000e-07
4.430000e-07
4.430000e-07
4.430000e-07
4.430000e-07
4.430000e-07
4.430000e-07
4.430000e-07
4.430000e-07
4.430000e-07
4.430000e-07
4.430000e-07
4.430000e-07
4.430000e-07
4.430000e-07
4.430000e-07
4.430000e-07
4.430000e-07
4.430000e-07
4.430000e-07
4.430000e-07
4.430000e-07
4.430000e-07
4.430000e-07
4.430000e-07
4.430000e-07
4.430000e-07
4.430000e-07
4.430000e-07
4.430000e-07
4.430000e-07
4.430000e-07
4.430000e-07
4.430000e-07
4.430000e-07
4.430000e-07
4.430000e-07
4.430000e-07
4.430000e-07
4.430000e-07
4.430000e-07
4.430000e-07
4.430000e-07
4.430000e-07
4.430000e-07
4.430000e-07
4.430000e-07
4.430000e-07
4.430000e-07
4.430000e-07
4.430000e-07
4.430000e-07
4.430000e-07
4.430000e-07
4.430000e-07
4.430000e-07
4.430000e-07
4.430000e-07
4.430000e-07
4.430000e-07
4.430000e-07
4.430000e-07
4.430000e-07
4.430000e-07
4.430000e-07
4.430000e-07
4.430000e-07
4.430000e-07
4.430000e-07
4.430000e-07
4.430000e-07
4.430000e-07
4.430000e-07
4.430000e-07
4.430000e-07
4.430000e-07
4.430000e-07
4.430000e-07
4.430000e-07
4.430000e-07
4.430000e-07
4.430000e-07
4.430000e-07
4.430000e-07
4.430000e-07
4.430000e-07
4.430000e-07
4.430000e-07
4.430000e-07
4.430000e-07
4.430000e-07
4.430000e-07
4.430000e-07
4.430000e-07
4.430000e-07
4.430000e-07
4.430000e-07
4.430000e-07
4.430000e-07
4.430000e-07
4.430000e-07
4.430000e-07
4.430000e-07
4.430000e-07
4.430000e-07
4.430000e-07
4.430000e-07
4.430000e-07
4.430000e-07
4.430000e-07
4.430000e-07
4.430000e-07
4.430000e-07
4.430000e-07
4.430000e-07
4.430000e-07
4.430000e-07
4.430000e-07
4.430000e-07
4.430000e-07
4.430000e-07
4.430000e-07
4.430000e-07
4.430000e-07
4.430000e-07
4.430000e-07
4.430000e-07
4.430000e-07
4.430000e-07
4.430000e-07
4.430000e-07
4.430000e-07
4.430000e-07
4.430000e-07
4.430000e-07
4.430000e-07
4.430000e-07
4.430000e-07
4.430000e-07
4.430000e-07
4.430000e-07
4.430000e-07
4.430000e-07
4.430000e-07
4.430000e-07
4.430000e-07
4.430000e-07
4.430000e-07
4.430000e-07
4.430000e-07
4.430000e-07
4.430000e-07
4.430000e-07
4.430000e-07
4.430000e-07
4.430000e-07
4.430000e-07
4.430000e-07
4.430000e-07
4.430000e-07
4.430000e-07
4.430000e-07
4.430000e-07
4.430000e-07
4.430000e-07
4.430000e-07
4.430000e-07
4.430000e-07
4.430000e-07
4.430000e-07
4.430000e-07
4.430000e-07
4.430000e-07
4.430000e-07
4.430000e-07
4.430000e-07
4.430000e-07
4.430000e-07
4.430000e-07
4.430000e-07
4.430000e-07
4.430000e-07
4.430000e-07
4.430000e-07
4.430000e-07
4.430000e-07
4.430000e-07
4.430000e-07
4.430000e-07
4.430000e-07
4.430000e-07
4.430000e-07
4.430000e-07
4.430000e-07
4.430000e-07
4.430000e-07
4.430000e-07
4.430000e-07
4.430000e-07
4.430000e-07
4.430000e-07
4.430000e-07
4.430000e-07
4.430000e-07
4.430000e-07
4.430000e-07
4.430000e-07
4.430000e-07
4.430000e-07
4.430000e-07
4.430000e-07
4.430000e-07
4.430000e-07
4.430000e-07
4.430000e-07
4.430000e-07
4.430000e-07
4.430000e-07
4.430000e-07
4.430000e-07
4.430000e-07
4.430000e-07
4.430000e-07
4.430000e-07
4.430000e-07
4.430000e-07
4.430000e-07
4.430000e-07
4.430000e-07
4.430000e-07
4.430000e-07
4.430000e-07
4.430000e-07
4.430000e-07
4.430000e-07
4.430000e-07
4.430000e-07
4.430000e-07
4.430000e-07
4.430000e-07
4.430000e-07
4.430000e-07
4.430000e-07
4.430000e-07
4.430000e-07
4.430000e-07
4.430000e-07
4.430000e-07
4.430000e-07
4.430000e-07
4.430000e-07
4.430000e-07
4.430000e-07
4.430000e-07
4.430000e-07
4.430000e-07
4.430000e-07
4.430000e-07
4.430000e-07
4.430000e-07
4.430000e-07
4.430000e-07
4.430000e-07
4.430000e-07
4.430000e-07
4.430000e-07
4.430000e-07
4.430000e-07
4.430000e-07
4.430000e-07
4.430000e-07
4.430000e-07
4.430000e-07
4.430000e-07
4.430000e-07
4.430000e-07
4.430000e-07
4.430000e-07
4.430000e-07
4.430000e-07
4.430000e-07
4.430000e-07
4.430000e-07
4.430000e-07
4.430000e-07
4.430000e-07
4.430000e-07
4.430000e-07
4.430000e-07
4.430000e-07
4.430000e-07
4.430000e-07
4.430000e-07
4.430000e-07
4.430000e-07
4.430000e-07
4.430000e-07
4.430000e-07
4.430000e-07
4.430000e-07
4.430000e-07
4.430000e-07
4.430000e-07
4.430000e-07
4.430000e-07
4.430000e-07
4.430000e-07
4.430000e-07
4.430000e-07
4.430000e-07
4.430000e-07
4.430000e-07
4.430000e-07
4.430000e-07
4.430000e-07
4.430000e-07
4.430000e-07
4.430000e-07
4.430000e-07
4.430000e-07
4.430000e-07
4.430000e-07
4.430000e-07
4.430000e-07
4.430000e-07
4.430000e-07
4.430000e-07
4.430000e-07
4.430000e-07
4.430000e-07
4.430000e-07
4.430000e-07
4.430000e-07
4.430000e-07
4.430000e-07
4.430000e-07
4.430000e-07
4.430000e-07
4.430000e-07
4.430000e-07
4.430000e-07
4.430000e-07
4.430000e-07
4.430000e-07
4.430000e-07
4.430000e-07
4.430000e-07
4.430000e-07
4.430000e-07
4.430000e-07
4.430000e-07
4.430000e-07
4.430000e-07
4.430000e-07
4.430000e-07
4.430000e-07
4.430000e-07
4.430000e-07
4.430000e-07
4.430000e-07
4.430000e-07
4.430000e-07
4.430000e-07
4.430000e-07
4.430000e-07
4.430000e-07
4.430000e-07
4.430000e-07
4.430000e-07
4.430000e-07
4.430000e-07
4.430000e-07
4.430000e-07
4.430000e-07
4.430000e-07
4.430000e-07
4.430000e-07
4.430000e-07
4.430000e-07
4.430000e-07
4.430000e-07
4.430000e-07
4.430000e-07
4.430000e-07
4.430000e-07
4.430000e-07
4.430000e-07
4.430000e-07
4.430000e-07
4.430000e-07
4.430000e-07
4.430000e-07
4.430000e-07
4.430000e-07
4.430000e-07
4.430000e-07
4.430000e-07
4.430000e-07
4.430000e-07
4.430000e-07
4.430000e-07
4.430000e-07
4.430000e-07
4.430000e-07
4.430000e-07
4.430000e-07
4.430000e-07
4.430000e-07
4.430000e-07
4.430000e-07
4.430000e-07
4.430000e-07
4.430000e-07
4.430000e-07
4.430000e-07
4.430000e-07
4.430000e-07
4.430000e-07
4.430000e-07
4.430000e-07
4.430000e-07
4.430000e-07
4.430000e-07
4.430000e-07
4.430000e-07
4.430000e-07
4.430000e-07
4.430000e-07
4.430000e-07
4.430000e-07
4.430000e-07
4.430000e-07
4.430000e-07
4.430000e-07
4.430000e-07
4.430000e-07
4.430000e-07
4.430000e-07
4.430000e-07
4.430000e-07
4.430000e-07
4.430000e-07
4.430000e-07
4.430000e-07
4.430000e-07
4.430000e-07
4.430000e-07
4.430000e-07
4.430000e-07
4.430000e-07
4.430000e-07
4.430000e-07
4.430000e-07
4.430000e-07
4.430000e-07
4.430000e-07
4.430000e-07
4.430000e-07
4.430000e-07
4.430000e-07
4.430000e-07
4.430000e-07
4.430000e-07
4.430000e-07
4.430000e-07
4.430000e-07
4.430000e-07
4.430000e-07
4.430000e-07
4.430000e-07
4.430000e-07
4.430000e-07
4.430000e-07
4.430000e-07
4.430000e-07
4.430000e-07
4.430000e-07
4.430000e-07
4.430000e-07
4.430000e-07
4.430000e-07
4.430000e-07
4.430000e-07
4.430000e-07
4.430000e-07
4.430000e-07
4.430000e-07
4.430000e-07
4.430000e-07
4.430000e-07
4.430000e-07
4.430000e-07
4.430000e-07
4.430000e-07
4.430000e-07
4.430000e-07
4.430000e-07
4.430000e-07
4.430000e-07
4.430000e-07
4.430000e-07
4.430000e-07
4.430000e-07
4.430000e-07
4.430000e-07
4.430000e-07
4.430000e-07
4.430000e-07
4.430000e-07
4.430000e-07
4.430000e-07
4.430000e-07
4.430000e-07
4.430000e-07
4.430000e-07
4.430000e-07
4.430000e-07
4.430000e-07
4.430000e-07
4.430000e-07
4.430000e-07
4.430000e-07
4.430000e-07
4.430000e-07
4.430000e-07
4.430000e-07
4.430000e-07
4.430000e-07
4.430000e-07
4.430000e-07
4.430000e-07
4.430000e-07
4.430000e-07
4.430000e-07
4.430000e-07
4.430000e-07
4.430000e-07
4.430000e-07
4.430000e-07
4.430000e-07
4.430000e-07
4.430000e-07
4.430000e-07
4.430000e-07
4.430000e-07
4.430000e-07
4.430000e-07
4.430000e-07
4.430000e-07
4.430000e-07
4.430000e-07
4.430000e-07
4.430000e-07
4.430000e-07
4.430000e-07
4.430000e-07
4.430000e-07
4.430000e-07
4.430000e-07
4.430000e-07
4.430000e-07
4.430000e-07
4.430000e-07
4.430000e-07
4.430000e-07
4.430000e-07
4.430000e-07
4.430000e-07
4.430000e-07
4.430000e-07
4.430000e-07
4.430000e-07
4.430000e-07
4.430000e-07
4.430000e-07
4.430000e-07
4.430000e-07
4.430000e-07
4.430000e-07
4.430000e-07
4.430000e-07
4.430000e-07
4.430000e-07
4.430000e-07
4.430000e-07
4.430000e-07
4.430000e-07
4.430000e-07
4.430000e-07
4.430000e-07
4.430000e-07
4.430000e-07
4.430000e-07
4.430000e-07
4.430000e-07
4.430000e-07
4.430000e-07
4.430000e-07
4.430000e-07
4.430000e-07
4.430000e-07
4.430000e-07
4.430000e-07
4.430000e-07
4.430000e-07
4.430000e-07
4.430000e-07
4.430000e-07
4.430000e-07
4.430000e-07
4.430000e-07
4.430000e-07
4.430000e-07
4.430000e-07
4.430000e-07
4.430000e-07
4.430000e-07
4.430000e-07
4.430000e-07
4.430000e-07
4.430000e-07
4.430000e-07
4.430000e-07
4.430000e-07
4.430000e-07
4.430000e-07
4.430000e-07
4.430000e-07
4.430000e-07
4.430000e-07
4.430000e-07
4.430000e-07
4.430000e-07
4.430000e-07
4.430000e-07
4.430000e-07
4.430000e-07
4.430000e-07
4.430000e-07
4.430000e-07
4.430000e-07
4.430000e-07
4.430000e-07
4.430000e-07
4.430000e-07
4.430000e-07
4.430000e-07
4.430000e-07
4.430000e-07
4.430000e-07
4.430000e-07
4.430000e-07
4.430000e-07
4.430000e-07
4.430000e-07
4.430000e-07
4.430000e-07
4.430000e-07
4.430000e-07
4.430000e-07
4.430000e-07
4.430000e-07
4.430000e-07
4.430000e-07
4.430000e-07
4.430000e-07
4.430000e-07
4.430000e-07
4.430000e-07
4.430000e-07
4.430000e-07
4.430000e-07
4.430000e-07
4.430000e-07
4.430000e-07
4.430000e-07
4.430000e-07
4.430000e-07
4.430000e-07
4.430000e-07
4.430000e-07
4.430000e-07
4.430000e-07
4.430000e-07
4.430000e-07
4.430000e-07
4.430000e-07
4.430000e-07
4.430000e-07
4.430000e-07
4.430000e-07
4.430000e-07
4.430000e-07
4.430000e-07
4.430000e-07
4.430000e-07
4.430000e-07
4.430000e-07
4.430000e-07
4.430000e-07
4.430000e-07
4.430000e-07
4.430000e-07
4.430000e-07
4.430000e-07
4.430000e-07
4.430000e-07
4.430000e-07
4.430000e-07
4.430000e-07
4.430000e-07
4.430000e-07
4.430000e-07
4.430000e-07
4.430000e-07
4.430000e-07
4.430000e-07
4.430000e-07
4.430000e-07
4.430000e-07
4.430000e-07
4.430000e-07
4.430000e-07
4.430000e-07
4.430000e-07
4.430000e-07
4.430000e-07
4.430000e-07
4.430000e-07
4.430000e-07
4.430000e-07
4.430000e-07
4.430000e-07
4.430000e-07
4.430000e-07
4.430000e-07
4.430000e-07
4.430000e-07
4.430000e-07
4.430000e-07
4.430000e-07
4.430000e-07
4.430000e-07
4.430000e-07
4.430000e-07
4.430000e-07
4.430000e-07
4.430000e-07
4.430000e-07
4.430000e-07
4.430000e-07
4.430000e-07
4.430000e-07
4.430000e-07
4.430000e-07
4.430000e-07
4.430000e-07
4.430000e-07
4.430000e-07
4.430000e-07
4.430000e-07
4.430000e-07
4.430000e-07
4.430000e-07
4.430000e-07
4.430000e-07
4.430000e-07
4.430000e-07
4.430000e-07
4.430000e-07
4.430000e-07
4.430000e-07
4.430000e-07
4.430000e-07
4.430000e-07
4.430000e-07
4.430000e-07
4.430000e-07
4.430000e-07
4.430000e-07
4.430000e-07
4.430000e-07
4.430000e-07
4.430000e-07
4.430000e-07
4.430000e-07
4.430000e-07
4.430000e-07
4.430000e-07
4.430000e-07
4.430000e-07
4.430000e-07
4.430000e-07
4.430000e-07
4.430000e-07
4.430000e-07
4.430000e-07
4.430000e-07
4.430000e-07
4.430000e-07
4.430000e-07
4.430000e-07
4.430000e-07
4.430000e-07
4.430000e-07
4.430000e-07
4.430000e-07
4.430000e-07
4.430000e-07
4.430000e-07
4.430000e-07
4.430000e-07
4.430000e-07
4.430000e-07
4.430000e-07
4.430000e-07
4.430000e-07
4.430000e-07
4.430000e-07
4.430000e-07
4.430000e-07
4.430000e-07
4.430000e-07
4.430000e-07
4.430000e-07
4.430000e-07
4.430000e-07
4.430000e-07
4.430000e-07
4.430000e-07
4.430000e-07
4.430000e-07
4.430000e-07
4.430000e-07
4.430000e-07
4.430000e-07
4.430000e-07
4.430000e-07
4.430000e-07
4.430000e-07
4.430000e-07
4.430000e-07
4.430000e-07
4.430000e-07
4.430000e-07
4.430000e-07
4.430000e-07
4.430000e-07
4.430000e-07
4.430000e-07
4.430000e-07
4.430000e-07
4.430000e-07
4.430000e-07
4.430000e-07
4.430000e-07
4.430000e-07
4.430000e-07
4.430000e-07
4.430000e-07
4.430000e-07
4.430000e-07
4.430000e-07
4.430000e-07
4.430000e-07
4.430000e-07
4.430000e-07
4.430000e-07
4.430000e-07
4.430000e-07
4.430000e-07
4.430000e-07
4.430000e-07
4.430000e-07
4.430000e-07
4.430000e-07
4.430000e-07
4.430000e-07
4.430000e-07
4.430000e-07
4.430000e-07
4.430000e-07
4.430000e-07
4.430000e-07
4.430000e-07
4.430000e-07
4.430000e-07
4.430000e-07
4.430000e-07
4.430000e-07
4.430000e-07
4.430000e-07
4.430000e-07
4.430000e-07
4.430000e-07
4.430000e-07
4.430000e-07
4.430000e-07
4.430000e-07
4.430000e-07
4.430000e-07
4.430000e-07
4.430000e-07
4.430000e-07
4.430000e-07
4.430000e-07
4.430000e-07
4.430000e-07
4.430000e-07
4.430000e-07
4.430000e-07
4.430000e-07
4.430000e-07
4.430000e-07
4.430000e-07
4.430000e-07
4.430000e-07
4.430000e-07
4.430000e-07
4.430000e-07
4.430000e-07
4.430000e-07
4.430000e-07
4.430000e-07
4.430000e-07
4.430000e-07
4.430000e-07
4.430000e-07
4.430000e-07
4.430000e-07
4.430000e-07
4.430000e-07
4.430000e-07
4.430000e-07
4.430000e-07
4.430000e-07
4.430000e-07
4.430000e-07
4.430000e-07
4.430000e-07
4.430000e-07
4.430000e-07
4.430000e-07
4.430000e-07
4.430000e-07
4.430000e-07
4.430000e-07
4.430000e-07
4.430000e-07
4.430000e-07
4.430000e-07
4.430000e-07
4.430000e-07
4.430000e-07
4.430000e-07
4.430000e-07
4.430000e-07
4.430000e-07
4.430000e-07
4.430000e-07
4.430000e-07
4.430000e-07
4.430000e-07
4.430000e-07
4.430000e-07
4.430000e-07
4.430000e-07
4.430000e-07
4.430000e-07
4.430000e-07
4.430000e-07
4.430000e-07
4.430000e-07
4.430000e-07
4.430000e-07
4.430000e-07
4.430000e-07
4.430000e-07
4.430000e-07
4.430000e-07
4.430000e-07
4.430000e-07
4.430000e-07
4.430000e-07
4.430000e-07
4.430000e-07
4.430000e-07
4.430000e-07
4.430000e-07
4.430000e-07
4.430000e-07
4.430000e-07
4.430000e-07
4.430000e-07
4.430000e-07
4.430000e-07
4.430000e-07
4.430000e-07
4.430000e-07
4.430000e-07
4.430000e-07
4.430000e-07
4.430000e-07
4.430000e-07
4.430000e-07
4.430000e-07
4.430000e-07
4.430000e-07
4.430000e-07
4.430000e-07
4.430000e-07
4.430000e-07
4.430000e-07
4.430000e-07
4.430000e-07
4.430000e-07
4.430000e-07
4.430000e-07
4.430000e-07
4.430000e-07
4.430000e-07
4.430000e-07
4.430000e-07
4.430000e-07
4.430000e-07
4.430000e-07
4.430000e-07
4.430000e-07
4.430000e-07
4.430000e-07
4.430000e-07
4.430000e-07
4.430000e-07
4.430000e-07
4.430000e-07
4.430000e-07
4.430000e-07
4.430000e-07
4.430000e-07
4.430000e-07
4.430000e-07
4.430000e-07
4.430000e-07
4.430000e-07
4.430000e-07
4.430000e-07
4.430000e-07
4.430000e-07
4.430000e-07
4.430000e-07
4.430000e-07
4.430000e-07
4.430000e-07
4.430000e-07
4.430000e-07
4.430000e-07
4.430000e-07
4.430000e-07
4.430000e-07
4.430000e-07
4.430000e-07
4.430000e-07
4.430000e-07
4.430000e-07
4.430000e-07
4.430000e-07
4.430000e-07
4.430000e-07
4.430000e-07
4.430000e-07
4.430000e-07
4.430000e-07
4.430000e-07
4.430000e-07
4.430000e-07
4.430000e-07
4.430000e-07
4.430000e-07
4.430000e-07
4.430000e-07
4.430000e-07
4.430000e-07
4.430000e-07
4.430000e-07
4.430000e-07
4.430000e-07
4.430000e-07
4.430000e-07
4.430000e-07
4.430000e-07
4.430000e-07
4.430000e-07
4.430000e-07
4.430000e-07
4.430000e-07
4.430000e-07
4.430000e-07
4.430000e-07
4.430000e-07
4.430000e-07
4.430000e-07
4.430000e-07
4.430000e-07
4.430000e-07
4.430000e-07
4.430000e-07
4.430000e-07
4.430000e-07
4.430000e-07
4.430000e-07
4.430000e-07
4.430000e-07
4.430000e-07
4.430000e-07
4.430000e-07
4.430000e-07
4.430000e-07
4.430000e-07
4.430000e-07
4.430000e-07
4.430000e-07
4.430000e-07
4.430000e-07
4.430000e-07
4.430000e-07
4.430000e-07
4.430000e-07
4.430000e-07
4.430000e-07
4.430000e-07
4.430000e-07
4.430000e-07
4.430000e-07
4.430000e-07
4.430000e-07
4.430000e-07
4.430000e-07
4.430000e-07
4.430000e-07
4.430000e-07
4.430000e-07
4.430000e-07
4.430000e-07
4.430000e-07
4.430000e-07
4.430000e-07
4.430000e-07
4.430000e-07
4.430000e-07
4.430000e-07
4.430000e-07
4.430000e-07
4.430000e-07
4.430000e-07
4.430000e-07
4.430000e-07
4.430000e-07
4.430000e-07
4.430000e-07
4.430000e-07
4.430000e-07
4.430000e-07
4.430000e-07
4.430000e-07
4.430000e-07
4.430000e-07
4.430000e-07
4.430000e-07
4.430000e-07
4.430000e-07
4.430000e-07
4.430000e-07
4.430000e-07
4.430000e-07
4.430000e-07
4.430000e-07
4.430000e-07
4.430000e-07
4.430000e-07
4.430000e-07
4.430000e-07
4.430000e-07
4.430000e-07
4.430000e-07
4.430000e-07
4.430000e-07
4.430000e-07
4.430000e-07
4.430000e-07
4.430000e-07
4.430000e-07
4.430000e-07
4.430000e-07
4.430000e-07
4.430000e-07
4.430000e-07
4.430000e-07
4.430000e-07
4.430000e-07
4.430000e-07
4.430000e-07
4.430000e-07
4.430000e-07
4.430000e-07
4.430000e-07
4.430000e-07
4.430000e-07
4.430000e-07
4.430000e-07
4.430000e-07
4.430000e-07
4.430000e-07
4.430000e-07
4.430000e-07
4.430000e-07
4.430000e-07
4.430000e-07
4.430000e-07
4.430000e-07
4.430000e-07
4.430000e-07
4.430000e-07
4.430000e-07
4.430000e-07
4.430000e-07
4.430000e-07
4.430000e-07
4.430000e-07
4.430000e-07
4.430000e-07
4.430000e-07
4.430000e-07
4.430000e-07
4.430000e-07
4.430000e-07
4.430000e-07
4.430000e-07
4.430000e-07
4.430000e-07
4.430000e-07
4.430000e-07
4.430000e-07
4.430000e-07
4.430000e-07
4.430000e-07
4.430000e-07
4.430000e-07
4.430000e-07
4.430000e-07
4.430000e-07
4.430000e-07
4.430000e-07
4.430000e-07
4.430000e-07
4.430000e-07
4.430000e-07
4.430000e-07
4.430000e-07
4.430000e-07
4.430000e-07
4.430000e-07
4.430000e-07
4.430000e-07
4.430000e-07
4.430000e-07
4.430000e-07
4.430000e-07
4.430000e-07
4.430000e-07
4.430000e-07
4.430000e-07
4.430000e-07
4.430000e-07
4.430000e-07
4.430000e-07
4.430000e-07
4.430000e-07
4.430000e-07
4.430000e-07
4.430000e-07
4.430000e-07
4.430000e-07
4.430000e-07
4.430000e-07
4.430000e-07
4.430000e-07
4.430000e-07
4.430000e-07
4.430000e-07
4.430000e-07
4.430000e-07
4.430000e-07
4.430000e-07
4.430000e-07
4.430000e-07
4.430000e-07
4.430000e-07
4.430000e-07
4.430000e-07
4.430000e-07
4.430000e-07
4.430000e-07
4.430000e-07
4.430000e-07
4.430000e-07
4.430000e-07
4.430000e-07
4.430000e-07
4.430000e-07
4.430000e-07
4.430000e-07
4.430000e-07
4.430000e-07
4.430000e-07
4.430000e-07
4.430000e-07
4.430000e-07
4.430000e-07
4.430000e-07
4.430000e-07
4.430000e-07
4.430000e-07
4.430000e-07
4.430000e-07
4.430000e-07
4.430000e-07
4.430000e-07
4.430000e-07
4.430000e-07
4.430000e-07
4.430000e-07
4.430000e-07
4.430000e-07
4.430000e-07
4.430000e-07
4.430000e-07
4.430000e-07
4.430000e-07
4.430000e-07
4.430000e-07
4.430000e-07
4.430000e-07
4.430000e-07
4.430000e-07
4.430000e-07
4.430000e-07
4.430000e-07
4.430000e-07
4.430000e-07
4.430000e-07
4.430000e-07
4.430000e-07
4.430000e-07
4.430000e-07
4.430000e-07
4.430000e-07
4.430000e-07
4.430000e-07
4.430000e-07
4.430000e-07
4.430000e-07
4.430000e-07
4.430000e-07
4.430000e-07
4.430000e-07
4.430000e-07
4.430000e-07
4.430000e-07
4.430000e-07
4.430000e-07
4.430000e-07
4.430000e-07
4.430000e-07
4.430000e-07
4.430000e-07
4.430000e-07
4.430000e-07
4.430000e-07
4.430000e-07
4.430000e-07
4.430000e-07
4.430000e-07
4.430000e-07
4.430000e-07
4.430000e-07
4.430000e-07
4.430000e-07
4.430000e-07
4.430000e-07
4.430000e-07
4.430000e-07
4.430000e-07
4.430000e-07
4.430000e-07
4.430000e-07
4.430000e-07
4.430000e-07
4.430000e-07
4.430000e-07
4.430000e-07
4.430000e-07
4.430000e-07
4.430000e-07
4.430000e-07
4.430000e-07
4.430000e-07
4.430000e-07
4.430000e-07
4.430000e-07
4.430000e-07
4.430000e-07
4.430000e-07
4.430000e-07
4.430000e-07
4.430000e-07
4.430000e-07
4.430000e-07
4.430000e-07
4.430000e-07
4.430000e-07
4.430000e-07
4.430000e-07
4.430000e-07
4.430000e-07
4.430000e-07
4.430000e-07
4.430000e-07
4.430000e-07
4.430000e-07
4.430000e-07
4.430000e-07
4.430000e-07
4.430000e-07
4.430000e-07
4.430000e-07
4.430000e-07
4.430000e-07
4.430000e-07
4.430000e-07
4.430000e-07
4.430000e-07
4.430000e-07
4.430000e-07
4.430000e-07
4.430000e-07
4.430000e-07
4.430000e-07
4.430000e-07
4.430000e-07
4.430000e-07
4.430000e-07
4.430000e-07
4.430000e-07
4.430000e-07
4.430000e-07
4.430000e-07
4.430000e-07
4.430000e-07
4.430000e-07
4.430000e-07
4.430000e-07
4.430000e-07
4.430000e-07
4.430000e-07
4.430000e-07
4.430000e-07
4.430000e-07
4.430000e-07
4.430000e-07
4.430000e-07
4.430000e-07
4.430000e-07
4.430000e-07
4.430000e-07
4.430000e-07
4.430000e-07
4.430000e-07
4.430000e-07
4.430000e-07
4.430000e-07
4.430000e-07
4.430000e-07
4.430000e-07
4.430000e-07
4.430000e-07
4.430000e-07
4.430000e-07
4.430000e-07
4.430000e-07
4.430000e-07
4.430000e-07
4.430000e-07
4.430000e-07
4.430000e-07
4.430000e-07
4.430000e-07
4.430000e-07
4.430000e-07
4.430000e-07
4.430000e-07
4.430000e-07
4.430000e-07
4.430000e-07
4.430000e-07
4.430000e-07
4.430000e-07
4.430000e-07
4.430000e-07
4.430000e-07
4.430000e-07
4.430000e-07
4.430000e-07
4.430000e-07
4.430000e-07
4.430000e-07
4.430000e-07
4.430000e-07
4.430000e-07
4.430000e-07
4.430000e-07
4.430000e-07
4.430000e-07
4.430000e-07
4.430000e-07
4.430000e-07
4.430000e-07
4.430000e-07
4.430000e-07
4.430000e-07
4.430000e-07
4.430000e-07
4.430000e-07
4.430000e-07
4.430000e-07
4.430000e-07
4.430000e-07
4.430000e-07
4.430000e-07
4.430000e-07
4.430000e-07
4.430000e-07
4.430000e-07
4.430000e-07
4.430000e-07
4.430000e-07
4.430000e-07
4.430000e-07
4.430000e-07
4.430000e-07
4.430000e-07
4.430000e-07
4.430000e-07
4.430000e-07
4.430000e-07
4.430000e-07
4.430000e-07
4.430000e-07
4.430000e-07
4.430000e-07
4.430000e-07
4.430000e-07
4.430000e-07
4.430000e-07
4.430000e-07
4.430000e-07
4.430000e-07
4.430000e-07
4.430000e-07
4.430000e-07
4.430000e-07
4.430000e-07
4.430000e-07
4.430000e-07
4.430000e-07
4.430000e-07
4.430000e-07
4.430000e-07
4.430000e-07
4.430000e-07
4.430000e-07
4.430000e-07
4.430000e-07
4.430000e-07
4.430000e-07
4.430000e-07
4.430000e-07
4.430000e-07
4.430000e-07
4.430000e-07
4.430000e-07
4.430000e-07
4.430000e-07
4.430000e-07
4.430000e-07
4.430000e-07
4.430000e-07
4.430000e-07
4.430000e-07
4.430000e-07
4.430000e-07
4.430000e-07
4.430000e-07
4.430000e-07
4.430000e-07
4.430000e-07
4.430000e-07
4.430000e-07
4.430000e-07
4.430000e-07
4.430000e-07
4.430000e-07
4.430000e-07
4.430000e-07
4.430000e-07
4.430000e-07
4.430000e-07
4.430000e-07
4.430000e-07
4.430000e-07
4.430000e-07
4.430000e-07
4.430000e-07
4.430000e-07
4.430000e-07
4.430000e-07
4.430000e-07
4.430000e-07
4.430000e-07
4.430000e-07
4.430000e-07
4.430000e-07
4.430000e-07
4.430000e-07
4.430000e-07
4.430000e-07
4.430000e-07
4.430000e-07
4.430000e-07
4.430000e-07
4.430000e-07
4.430000e-07
4.430000e-07
4.430000e-07
4.430000e-07
4.430000e-07
4.430000e-07
4.430000e-07
4.430000e-07
4.430000e-07
4.430000e-07
4.430000e-07
4.430000e-07
4.430000e-07
4.430000e-07
4.430000e-07
4.430000e-07
4.430000e-07
4.430000e-07
4.430000e-07
4.430000e-07
4.430000e-07
4.430000e-07
4.430000e-07
4.430000e-07
4.430000e-07
4.430000e-07
4.430000e-07
4.430000e-07
4.430000e-07
4.430000e-07
4.430000e-07
4.430000e-07
4.430000e-07
4.430000e-07
4.430000e-07
4.430000e-07
4.430000e-07
4.430000e-07
4.430000e-07
4.430000e-07
4.430000e-07
4.430000e-07
4.430000e-07
4.430000e-07
4.430000e-07
4.430000e-07
4.430000e-07
4.430000e-07
4.430000e-07
4.430000e-07
4.430000e-07
4.430000e-07
4.430000e-07
4.430000e-07
4.430000e-07
4.430000e-07
4.430000e-07
4.430000e-07
4.430000e-07
4.430000e-07
4.430000e-07
4.430000e-07
4.430000e-07
4.430000e-07
4.430000e-07
4.430000e-07
4.430000e-07
4.430000e-07
4.430000e-07
4.430000e-07
4.430000e-07
4.430000e-07
4.430000e-07
4.430000e-07
4.430000e-07
4.430000e-07
4.430000e-07
4.430000e-07
4.430000e-07
4.430000e-07
4.430000e-07
4.430000e-07
4.430000e-07
4.430000e-07
4.430000e-07
4.430000e-07
4.430000e-07
4.430000e-07
4.430000e-07
4.430000e-07
4.430000e-07
4.430000e-07
4.430000e-07
4.430000e-07
4.430000e-07
4.430000e-07
4.430000e-07
4.430000e-07
4.430000e-07
4.430000e-07
4.430000e-07
4.430000e-07
4.430000e-07
4.430000e-07
4.430000e-07
4.430000e-07
4.430000e-07
4.430000e-07
4.430000e-07
4.430000e-07
4.430000e-07
4.430000e-07
4.430000e-07
4.430000e-07
4.430000e-07
4.430000e-07
4.430000e-07
4.430000e-07
4.430000e-07
4.430000e-07
4.430000e-07
4.430000e-07
4.430000e-07
4.430000e-07
4.430000e-07
4.430000e-07
4.430000e-07
4.430000e-07
4.430000e-07
4.430000e-07
4.430000e-07
4.430000e-07
4.430000e-07
4.430000e-07
4.430000e-07
4.430000e-07
4.430000e-07
4.430000e-07
4.430000e-07
4.430000e-07
4.430000e-07
4.430000e-07
4.430000e-07
4.430000e-07
4.430000e-07
4.430000e-07
4.430000e-07
4.430000e-07
4.430000e-07
4.430000e-07
4.430000e-07
4.430000e-07
4.430000e-07
4.430000e-07
4.430000e-07
4.430000e-07
4.430000e-07
4.430000e-07
4.430000e-07
4.430000e-07
4.430000e-07
4.430000e-07
4.430000e-07
4.430000e-07
4.430000e-07
4.430000e-07
4.430000e-07
4.430000e-07
4.430000e-07
4.430000e-07
4.430000e-07
4.430000e-07
4.430000e-07
4.430000e-07
4.430000e-07
4.430000e-07
4.430000e-07
4.430000e-07
4.430000e-07
4.430000e-07
4.430000e-07
4.430000e-07
4.430000e-07
4.430000e-07
4.430000e-07
4.430000e-07
4.430000e-07
4.430000e-07
4.430000e-07
4.430000e-07
4.430000e-07
4.430000e-07
4.430000e-07
4.430000e-07
4.430000e-07
4.430000e-07
4.430000e-07
4.430000e-07
4.430000e-07
4.430000e-07
4.430000e-07
4.430000e-07
4.430000e-07
4.430000e-07
4.430000e-07
4.430000e-07
4.430000e-07
4.430000e-07
4.430000e-07
4.430000e-07
4.430000e-07
4.430000e-07
4.430000e-07
4.430000e-07
4.430000e-07
4.430000e-07
4.430000e-07
4.430000e-07
4.430000e-07
4.430000e-07
4.430000e-07
4.430000e-07
4.430000e-07
4.430000e-07
4.430000e-07
4.430000e-07
4.430000e-07
4.430000e-07
4.430000e-07
4.430000e-07
4.430000e-07
4.430000e-07
4.430000e-07
4.430000e-07
4.430000e-07
4.430000e-07
4.430000e-07
4.430000e-07
4.430000e-07
4.430000e-07
4.430000e-07
4.430000e-07
4.430000e-07
4.430000e-07
4.430000e-07
4.430000e-07
4.430000e-07
4.430000e-07
4.430000e-07
4.430000e-07
4.430000e-07
4.430000e-07
4.430000e-07
4.430000e-07
4.430000e-07
4.430000e-07
4.430000e-07
4.430000e-07
4.430000e-07
4.430000e-07
4.430000e-07
4.430000e-07
4.430000e-07
4.430000e-07
4.430000e-07
4.430000e-07
4.430000e-07
4.430000e-07
4.430000e-07
4.430000e-07
4.430000e-07
4.430000e-07
4.430000e-07
4.430000e-07
4.430000e-07
4.430000e-07
4.430000e-07
4.430000e-07
4.430000e-07
4.430000e-07
4.430000e-07
4.430000e-07
4.430000e-07
4.430000e-07
4.430000e-07
4.430000e-07
4.430000e-07
4.430000e-07
4.430000e-07
4.430000e-07
4.430000e-07
4.430000e-07
4.430000e-07
4.430000e-07
4.430000e-07
4.430000e-07
4.430000e-07
4.430000e-07
4.430000e-07
4.430000e-07
4.430000e-07
4.430000e-07
4.430000e-07
4.430000e-07
4.430000e-07
4.430000e-07
4.430000e-07
4.430000e-07
4.430000e-07
4.430000e-07
4.430000e-07
4.430000e-07
4.430000e-07
4.430000e-07
4.430000e-07
4.430000e-07
4.430000e-07
4.430000e-07
4.430000e-07
4.430000e-07
4.430000e-07
4.430000e-07
4.430000e-07
4.430000e-07
4.430000e-07
4.430000e-07
4.430000e-07
4.430000e-07
4.430000e-07
4.430000e-07
4.430000e-07
4.430000e-07
4.430000e-07
4.430000e-07
4.430000e-07
4.430000e-07
4.430000e-07
4.430000e-07
4.430000e-07
4.430000e-07
4.430000e-07
4.430000e-07
4.430000e-07
4.430000e-07
4.430000e-07
4.430000e-07
4.430000e-07
4.430000e-07
4.430000e-07
4.430000e-07
4.430000e-07
4.430000e-07
4.430000e-07
4.430000e-07
4.430000e-07
4.430000e-07
4.430000e-07
4.430000e-07
4.430000e-07
4.430000e-07
4.430000e-07
4.430000e-07
4.430000e-07
4.430000e-07
4.430000e-07
4.430000e-07
4.430000e-07
4.430000e-07
4.430000e-07
4.430000e-07
4.430000e-07
4.430000e-07
4.430000e-07
4.430000e-07
4.430000e-07
4.430000e-07
4.430000e-07
4.430000e-07
4.430000e-07
4.430000e-07
4.430000e-07
4.430000e-07
4.430000e-07
4.430000e-07
4.430000e-07
4.430000e-07
4.430000e-07
4.430000e-07
4.430000e-07
4.430000e-07
4.430000e-07
4.430000e-07
4.430000e-07
4.430000e-07
4.430000e-07
4.430000e-07
4.430000e-07
4.430000e-07
4.430000e-07
4.430000e-07
4.430000e-07
4.430000e-07
4.430000e-07
4.430000e-07
4.430000e-07
4.430000e-07
4.430000e-07
4.430000e-07
4.430000e-07
4.430000e-07
4.430000e-07
4.430000e-07
4.430000e-07
4.430000e-07
4.430000e-07
4.430000e-07
4.430000e-07
4.430000e-07
4.430000e-07
4.430000e-07
4.430000e-07
4.430000e-07
4.430000e-07
4.430000e-07
4.430000e-07
4.430000e-07
4.430000e-07
4.430000e-07
4.430000e-07
4.430000e-07
4.430000e-07
4.430000e-07
4.430000e-07
4.430000e-07
4.430000e-07
4.430000e-07
4.430000e-07
4.430000e-07
4.430000e-07
4.430000e-07
4.430000e-07
4.430000e-07
4.430000e-07
4.430000e-07
4.430000e-07
4.430000e-07
4.430000e-07
4.430000e-07
4.430000e-07
4.430000e-07
4.430000e-07
4.430000e-07
4.430000e-07
4.430000e-07
4.430000e-07
4.430000e-07
4.430000e-07
4.430000e-07
4.430000e-07
4.430000e-07
4.430000e-07
4.430000e-07
4.430000e-07
4.430000e-07
4.430000e-07
4.430000e-07
4.430000e-07
4.430000e-07
4.430000e-07
4.430000e-07
4.430000e-07
4.430000e-07
4.430000e-07
4.430000e-07
4.430000e-07
4.430000e-07
4.430000e-07
4.430000e-07
4.430000e-07
4.430000e-07
4.430000e-07
4.430000e-07
4.430000e-07
4.430000e-07
4.430000e-07
4.430000e-07
4.430000e-07
4.430000e-07
4.430000e-07
4.430000e-07
4.430000e-07
4.430000e-07
4.430000e-07
4.430000e-07
4.430000e-07
4.430000e-07
4.430000e-07
4.430000e-07
4.430000e-07
4.430000e-07
4.430000e-07
4.430000e-07
4.430000e-07
4.430000e-07
4.430000e-07
4.430000e-07
4.430000e-07
4.430000e-07
4.430000e-07
4.430000e-07
4.430000e-07
4.430000e-07
4.430000e-07
4.430000e-07
4.430000e-07
4.430000e-07
4.430000e-07
4.430000e-07
4.430000e-07
4.430000e-07
4.430000e-07
4.430000e-07
4.430000e-07
4.430000e-07
4.430000e-07
4.430000e-07
4.430000e-07
4.430000e-07
4.430000e-07
4.430000e-07
4.430000e-07
4.430000e-07
4.430000e-07
4.430000e-07
4.430000e-07
4.430000e-07
4.430000e-07
4.430000e-07
4.430000e-07
4.430000e-07
4.430000e-07
4.430000e-07
4.430000e-07
4.430000e-07
4.430000e-07
4.430000e-07
4.430000e-07
4.430000e-07
4.430000e-07
4.430000e-07
4.430000e-07
4.430000e-07
4.430000e-07
4.430000e-07
4.430000e-07
4.430000e-07
4.430000e-07
4.430000e-07
4.430000e-07
4.430000e-07
4.430000e-07
4.430000e-07
4.430000e-07
4.430000e-07
4.430000e-07
4.430000e-07
4.430000e-07
4.430000e-07
4.430000e-07
4.430000e-07
4.430000e-07
4.430000e-07
4.430000e-07
4.430000e-07
4.430000e-07
4.430000e-07
4.430000e-07
4.430000e-07
4.430000e-07
4.430000e-07
4.430000e-07
4.430000e-07
4.430000e-07
4.430000e-07
4.430000e-07
4.430000e-07
4.430000e-07
4.430000e-07
4.430000e-07
4.430000e-07
4.430000e-07
4.430000e-07
4.430000e-07
4.430000e-07
4.430000e-07
4.430000e-07
4.430000e-07
4.430000e-07
4.430000e-07
4.430000e-07
4.430000e-07
4.430000e-07
4.430000e-07
4.430000e-07
4.430000e-07
4.430000e-07
4.430000e-07
4.430000e-07
4.430000e-07
4.430000e-07
4.430000e-07
4.430000e-07
4.430000e-07
4.430000e-07
4.430000e-07
4.430000e-07
4.430000e-07
4.430000e-07
4.430000e-07
4.430000e-07
4.430000e-07
4.430000e-07
4.430000e-07
4.430000e-07
4.430000e-07
4.430000e-07
4.430000e-07
4.430000e-07
4.430000e-07
4.430000e-07
4.430000e-07
4.430000e-07
4.430000e-07
4.430000e-07
4.430000e-07
4.430000e-07
4.430000e-07
4.430000e-07
4.430000e-07
4.430000e-07
4.430000e-07
4.430000e-07
4.430000e-07
4.430000e-07
4.430000e-07
4.430000e-07
4.430000e-07
4.430000e-07
4.430000e-07
4.430000e-07
4.430000e-07
4.430000e-07
4.430000e-07
4.430000e-07
4.430000e-07
4.430000e-07
4.430000e-07
4.430000e-07
4.430000e-07
4.430000e-07
4.430000e-07
4.430000e-07
4.430000e-07
4.430000e-07
4.430000e-07
4.430000e-07
4.430000e-07
4.430000e-07
4.430000e-07
4.430000e-07
4.430000e-07
4.430000e-07
4.430000e-07
4.430000e-07
4.430000e-07
4.430000e-07
4.430000e-07
4.430000e-07
4.430000e-07
4.430000e-07
4.430000e-07
4.430000e-07
4.430000e-07
4.430000e-07
4.430000e-07
4.430000e-07
4.430000e-07
4.430000e-07
4.430000e-07
4.430000e-07
4.430000e-07
4.430000e-07
4.430000e-07
4.430000e-07
4.430000e-07
4.430000e-07
4.430000e-07
4.430000e-07
4.430000e-07
4.430000e-07
4.430000e-07
4.430000e-07
4.430000e-07
4.430000e-07
4.430000e-07
4.430000e-07
4.430000e-07
4.430000e-07
4.430000e-07
4.430000e-07
4.430000e-07
4.430000e-07
4.430000e-07
4.430000e-07
4.430000e-07
4.430000e-07
4.430000e-07
4.430000e-07
4.430000e-07
4.430000e-07
4.430000e-07
4.430000e-07
4.430000e-07
4.430000e-07
4.430000e-07
4.430000e-07
4.430000e-07
4.430000e-07
4.430000e-07
4.430000e-07
4.430000e-07
4.430000e-07
4.430000e-07
4.430000e-07
4.430000e-07
4.430000e-07
4.430000e-07
4.430000e-07
4.430000e-07
4.430000e-07
4.430000e-07
4.430000e-07
4.430000e-07
4.430000e-07
4.430000e-07
4.430000e-07
4.430000e-07
4.430000e-07
4.430000e-07
4.430000e-07
4.430000e-07
4.430000e-07
4.430000e-07
4.430000e-07
4.430000e-07
4.430000e-07
4.430000e-07
4.430000e-07
4.430000e-07
4.430000e-07
4.430000e-07
4.430000e-07
4.430000e-07
4.430000e-07
4.430000e-07
4.430000e-07
4.430000e-07
4.430000e-07
4.430000e-07
4.430000e-07
4.430000e-07
4.430000e-07
4.430000e-07
4.430000e-07
4.430000e-07
4.430000e-07
4.430000e-07
4.430000e-07
4.430000e-07
4.430000e-07
4.430000e-07
4.430000e-07
4.430000e-07
4.430000e-07
4.430000e-07
4.430000e-07
4.430000e-07
4.430000e-07
4.430000e-07
4.430000e-07
4.430000e-07
4.430000e-07
4.430000e-07
4.430000e-07
4.430000e-07
4.430000e-07
4.430000e-07
4.430000e-07
4.430000e-07
4.430000e-07
4.430000e-07
4.430000e-07
4.430000e-07
4.430000e-07
4.430000e-07
4.430000e-07
4.430000e-07
4.430000e-07
4.430000e-07
4.430000e-07
4.430000e-07
4.430000e-07
4.430000e-07
4.430000e-07
4.430000e-07
4.430000e-07
4.430000e-07
4.430000e-07
4.430000e-07
4.430000e-07
4.430000e-07
4.430000e-07
4.430000e-07
4.430000e-07
4.430000e-07
4.430000e-07
4.430000e-07
4.430000e-07
4.430000e-07
4.430000e-07
4.430000e-07
4.430000e-07
4.430000e-07
4.430000e-07
4.430000e-07
4.430000e-07
4.430000e-07
4.430000e-07
4.430000e-07
4.430000e-07
4.430000e-07
4.430000e-07
4.430000e-07
4.430000e-07
4.430000e-07
4.430000e-07
4.430000e-07
4.430000e-07
4.430000e-07
4.430000e-07
4.430000e-07
4.430000e-07
4.430000e-07
4.430000e-07
4.430000e-07
4.430000e-07
4.430000e-07
4.430000e-07
4.430000e-07
4.430000e-07
4.430000e-07
4.430000e-07
4.430000e-07
4.430000e-07
4.430000e-07
4.430000e-07
4.430000e-07
4.430000e-07
4.430000e-07
4.430000e-07
4.430000e-07
4.430000e-07
4.430000e-07
4.430000e-07
4.430000e-07
4.430000e-07
4.430000e-07
4.430000e-07
4.430000e-07
4.430000e-07
4.430000e-07
4.430000e-07
4.430000e-07
4.430000e-07
4.430000e-07
4.430000e-07
4.430000e-07
4.430000e-07
4.430000e-07
4.430000e-07
4.430000e-07
4.430000e-07
4.430000e-07
4.430000e-07
4.430000e-07
4.430000e-07
4.430000e-07
4.430000e-07
4.430000e-07
4.430000e-07
4.430000e-07
4.430000e-07
4.430000e-07
4.430000e-07
4.430000e-07
4.430000e-07
4.430000e-07
4.430000e-07
4.430000e-07
4.430000e-07
4.430000e-07
4.430000e-07
4.430000e-07
4.430000e-07
4.430000e-07
4.430000e-07
4.430000e-07
4.430000e-07
4.430000e-07
4.430000e-07
4.430000e-07
4.430000e-07
4.430000e-07
4.430000e-07
4.430000e-07
4.430000e-07
4.430000e-07
4.430000e-07
4.430000e-07
4.430000e-07
4.430000e-07
4.430000e-07
4.430000e-07
4.430000e-07
4.430000e-07
4.430000e-07
4.430000e-07
4.430000e-07
4.430000e-07
4.430000e-07
4.430000e-07
4.430000e-07
4.430000e-07
4.430000e-07
4.430000e-07
4.430000e-07
4.430000e-07
4.430000e-07
4.430000e-07
4.430000e-07
4.430000e-07
4.430000e-07
4.430000e-07
4.430000e-07
4.430000e-07
4.430000e-07
4.430000e-07
4.430000e-07
4.430000e-07
4.430000e-07
4.430000e-07
4.430000e-07
4.430000e-07
4.430000e-07
4.430000e-07
4.430000e-07
4.430000e-07
4.430000e-07
4.430000e-07
4.430000e-07
4.430000e-07
4.430000e-07
4.430000e-07
4.430000e-07
4.430000e-07
4.430000e-07
4.430000e-07
4.430000e-07
4.430000e-07
4.430000e-07
4.430000e-07
4.430000e-07
4.430000e-07
4.430000e-07
4.430000e-07
4.430000e-07
4.430000e-07
4.430000e-07
4.430000e-07
4.430000e-07
4.430000e-07
4.430000e-07
4.430000e-07
4.430000e-07
4.430000e-07
4.430000e-07
4.430000e-07
4.430000e-07
4.430000e-07
4.430000e-07
4.430000e-07
4.430000e-07
4.430000e-07
4.430000e-07
4.430000e-07
4.430000e-07
4.430000e-07
4.430000e-07
4.430000e-07
4.430000e-07
4.430000e-07
4.430000e-07
4.430000e-07
4.430000e-07
4.430000e-07
4.430000e-07
4.430000e-07
4.430000e-07
4.430000e-07
4.430000e-07
4.430000e-07
4.430000e-07
4.430000e-07
4.430000e-07
4.430000e-07
4.430000e-07
4.430000e-07
4.430000e-07
4.430000e-07
4.430000e-07
4.430000e-07
4.430000e-07
4.430000e-07
4.430000e-07
4.430000e-07
4.430000e-07
4.430000e-07
4.430000e-07
4.430000e-07
4.430000e-07
4.430000e-07
4.430000e-07
4.430000e-07
4.430000e-07
4.430000e-07
4.430000e-07
4.430000e-07
4.430000e-07
4.430000e-07
4.430000e-07
4.430000e-07
4.430000e-07
4.430000e-07
4.430000e-07
4.430000e-07
4.430000e-07
4.430000e-07
4.430000e-07
4.430000e-07
4.430000e-07
4.430000e-07
4.430000e-07
4.430000e-07
4.430000e-07
4.430000e-07
4.430000e-07
4.430000e-07
4.430000e-07
4.430000e-07
4.430000e-07
4.430000e-07
4.430000e-07
4.430000e-07
4.430000e-07
4.430000e-07
4.430000e-07
4.430000e-07
4.430000e-07
4.430000e-07
4.430000e-07
4.430000e-07
4.430000e-07
4.430000e-07
4.430000e-07
4.430000e-07
4.430000e-07
4.430000e-07
4.430000e-07
4.430000e-07
4.430000e-07
4.430000e-07
4.430000e-07
4.430000e-07
4.430000e-07
4.430000e-07
4.430000e-07
4.430000e-07
4.430000e-07
4.430000e-07
4.430000e-07
4.430000e-07
4.430000e-07
4.430000e-07
4.430000e-07
4.430000e-07
4.430000e-07
4.430000e-07
4.430000e-07
4.430000e-07
4.430000e-07
4.430000e-07
4.430000e-07
4.430000e-07
4.430000e-07
4.430000e-07
4.430000e-07
4.430000e-07
4.430000e-07
4.430000e-07
4.430000e-07
4.430000e-07
4.430000e-07
4.430000e-07
4.430000e-07
4.430000e-07
4.430000e-07
4.430000e-07
4.430000e-07
4.430000e-07
4.430000e-07
4.430000e-07
4.430000e-07
4.430000e-07
4.430000e-07
4.430000e-07
4.430000e-07
4.430000e-07
4.430000e-07
4.430000e-07
4.430000e-07
4.430000e-07
4.430000e-07
4.430000e-07
4.430000e-07
4.430000e-07
4.430000e-07
4.430000e-07
4.430000e-07
4.430000e-07
4.430000e-07
4.430000e-07
4.430000e-07
4.430000e-07
4.430000e-07
4.430000e-07
4.430000e-07
4.430000e-07
4.430000e-07
4.430000e-07
4.430000e-07
4.430000e-07
4.430000e-07
4.430000e-07
4.430000e-07
4.430000e-07
4.430000e-07
4.430000e-07
4.430000e-07
4.430000e-07
4.430000e-07
4.430000e-07
4.430000e-07
4.430000e-07
4.430000e-07
4.430000e-07
4.430000e-07
4.430000e-07
4.430000e-07
4.430000e-07
4.430000e-07
4.430000e-07
4.430000e-07
4.430000e-07
4.430000e-07
4.430000e-07
4.430000e-07
4.430000e-07
4.430000e-07
4.430000e-07
4.430000e-07
4.430000e-07
4.430000e-07
4.430000e-07
4.430000e-07
4.430000e-07
4.430000e-07
4.430000e-07
4.430000e-07
4.430000e-07
4.430000e-07
4.430000e-07
4.430000e-07
4.430000e-07
4.430000e-07
4.430000e-07
4.430000e-07
4.430000e-07
4.430000e-07
4.430000e-07
4.430000e-07
4.430000e-07
4.430000e-07
4.430000e-07
4.430000e-07
4.430000e-07
4.430000e-07
4.430000e-07
4.430000e-07
4.430000e-07
4.430000e-07
4.430000e-07
4.430000e-07
4.430000e-07
4.430000e-07
4.430000e-07
4.430000e-07
4.430000e-07
4.430000e-07
4.430000e-07
4.430000e-07
4.430000e-07
4.430000e-07
4.430000e-07
4.430000e-07
4.430000e-07
4.430000e-07
4.430000e-07
4.430000e-07
4.430000e-07
4.430000e-07
4.430000e-07
4.430000e-07
4.430000e-07
4.430000e-07
4.430000e-07
4.430000e-07
4.430000e-07
4.430000e-07
4.430000e-07
4.430000e-07
4.430000e-07
4.430000e-07
4.430000e-07
4.430000e-07
4.430000e-07
4.430000e-07
4.430000e-07
4.430000e-07
4.430000e-07
4.430000e-07
4.430000e-07
4.430000e-07
4.430000e-07
4.430000e-07
4.430000e-07
4.430000e-07
4.430000e-07
4.430000e-07
4.430000e-07
4.430000e-07
4.430000e-07
4.430000e-07
4.430000e-07
4.430000e-07
4.430000e-07
4.430000e-07
4.430000e-07
4.430000e-07
4.430000e-07
4.430000e-07
4.430000e-07
4.430000e-07
4.430000e-07
4.430000e-07
4.430000e-07
4.430000e-07
4.430000e-07
4.430000e-07
4.430000e-07
4.430000e-07
4.430000e-07
4.430000e-07
4.430000e-07
4.430000e-07
4.430000e-07
4.430000e-07
4.430000e-07
4.430000e-07
4.430000e-07
4.430000e-07
4.430000e-07
4.430000e-07
4.430000e-07
4.430000e-07
4.430000e-07
4.430000e-07
4.430000e-07
4.430000e-07
4.430000e-07
4.430000e-07
4.430000e-07
4.430000e-07
4.430000e-07
4.430000e-07
4.430000e-07
4.430000e-07
4.430000e-07
4.430000e-07
4.430000e-07
4.430000e-07
4.430000e-07
4.430000e-07
4.430000e-07
4.430000e-07
4.430000e-07
4.430000e-07
4.430000e-07
4.430000e-07
4.430000e-07
4.430000e-07
4.430000e-07
4.430000e-07
4.430000e-07
4.430000e-07
4.430000e-07
4.430000e-07
4.430000e-07
4.430000e-07
4.430000e-07
4.430000e-07
4.430000e-07
4.430000e-07
4.430000e-07
4.430000e-07
4.430000e-07
4.430000e-07
4.430000e-07
4.430000e-07
4.430000e-07
4.430000e-07
4.430000e-07
4.430000e-07
4.430000e-07
4.430000e-07
4.430000e-07
4.430000e-07
4.430000e-07
4.430000e-07
4.430000e-07
4.430000e-07
4.430000e-07
4.430000e-07
4.430000e-07
4.430000e-07
4.430000e-07
4.430000e-07
4.430000e-07
4.430000e-07
4.430000e-07
4.430000e-07
4.430000e-07
4.430000e-07
4.430000e-07
4.430000e-07
4.430000e-07
4.430000e-07
4.430000e-07
4.430000e-07
4.430000e-07
4.430000e-07
4.430000e-07
4.430000e-07
4.430000e-07
4.430000e-07
4.430000e-07
4.430000e-07
4.430000e-07
4.430000e-07
4.430000e-07
4.430000e-07
4.430000e-07
4.430000e-07
4.430000e-07
4.430000e-07
4.430000e-07
4.430000e-07
4.430000e-07
4.430000e-07
4.430000e-07
4.430000e-07
4.430000e-07
4.430000e-07
4.430000e-07
4.430000e-07
4.430000e-07
4.430000e-07
4.430000e-07
4.430000e-07
4.430000e-07
4.430000e-07
4.430000e-07
4.430000e-07
4.430000e-07
4.430000e-07
4.430000e-07
4.430000e-07
4.430000e-07
4.430000e-07
4.430000e-07
4.430000e-07
4.430000e-07
4.430000e-07
4.430000e-07
4.430000e-07
4.430000e-07
4.430000e-07
4.430000e-07
4.430000e-07
4.430000e-07
4.430000e-07
4.430000e-07
4.430000e-07
4.430000e-07
4.430000e-07
4.430000e-07
4.430000e-07
4.430000e-07
4.430000e-07
4.430000e-07
4.430000e-07
4.430000e-07
4.430000e-07
4.430000e-07
4.430000e-07
4.430000e-07
4.430000e-07
4.430000e-07
4.430000e-07
4.430000e-07
4.430000e-07
4.430000e-07
4.430000e-07
4.430000e-07
4.430000e-07
4.430000e-07
4.430000e-07
4.430000e-07
4.430000e-07
4.430000e-07
4.430000e-07
4.430000e-07
4.430000e-07
4.430000e-07
4.430000e-07
4.430000e-07
4.430000e-07
4.430000e-07
4.430000e-07
4.430000e-07
4.430000e-07
4.430000e-07
4.430000e-07
4.430000e-07
4.430000e-07
4.430000e-07
4.430000e-07
4.430000e-07
4.430000e-07
4.430000e-07
4.430000e-07
4.430000e-07
4.430000e-07
4.430000e-07
4.430000e-07
4.430000e-07
4.430000e-07
4.430000e-07
4.430000e-07
4.430000e-07
4.430000e-07
4.430000e-07
4.430000e-07
4.430000e-07
4.430000e-07
4.430000e-07
4.430000e-07
4.430000e-07
4.430000e-07
4.430000e-07
4.430000e-07
4.430000e-07
4.430000e-07
4.430000e-07
4.430000e-07
4.430000e-07
4.430000e-07
4.430000e-07
4.430000e-07
4.430000e-07
4.430000e-07
4.430000e-07
4.430000e-07
4.430000e-07
4.430000e-07
4.430000e-07
4.430000e-07
4.430000e-07
4.430000e-07
4.430000e-07
4.430000e-07
4.430000e-07
4.430000e-07
4.430000e-07
4.430000e-07
4.430000e-07
4.430000e-07
4.430000e-07
4.430000e-07
4.430000e-07
4.430000e-07
4.430000e-07
4.430000e-07
4.430000e-07
4.430000e-07
4.430000e-07
4.430000e-07
4.430000e-07
4.430000e-07
4.430000e-07
4.430000e-07
4.430000e-07
4.430000e-07
4.430000e-07
4.430000e-07
4.430000e-07
4.430000e-07
4.430000e-07
4.430000e-07
4.430000e-07
4.430000e-07
4.430000e-07
4.430000e-07
4.430000e-07
4.430000e-07
4.430000e-07
4.430000e-07
4.430000e-07
4.430000e-07
4.430000e-07
4.430000e-07
4.430000e-07
4.430000e-07
4.430000e-07
4.430000e-07
4.430000e-07
4.430000e-07
4.430000e-07
4.430000e-07
4.430000e-07
4.430000e-07
4.430000e-07
4.430000e-07
4.430000e-07
4.430000e-07
4.430000e-07
4.430000e-07
4.430000e-07
4.430000e-07
4.430000e-07
4.430000e-07
4.430000e-07
4.430000e-07
4.430000e-07
4.430000e-07
4.430000e-07
4.430000e-07
4.430000e-07
4.430000e-07
4.430000e-07
4.430000e-07
4.430000e-07
4.430000e-07
4.430000e-07
4.430000e-07
4.430000e-07
4.430000e-07
4.430000e-07
4.430000e-07
4.430000e-07
4.430000e-07
4.430000e-07
4.430000e-07
4.430000e-07
4.430000e-07
4.430000e-07
4.430000e-07
4.430000e-07
4.430000e-07
4.430000e-07
4.430000e-07
4.430000e-07
4.430000e-07
4.430000e-07
4.430000e-07
4.430000e-07
4.430000e-07
4.430000e-07
4.430000e-07
4.430000e-07
4.430000e-07
4.430000e-07
4.430000e-07
4.430000e-07
4.430000e-07
4.430000e-07
4.430000e-07
4.430000e-07
4.430000e-07
4.430000e-07
4.430000e-07
4.430000e-07
4.430000e-07
4.430000e-07
4.430000e-07
4.430000e-07
4.430000e-07
4.430000e-07
4.430000e-07
4.430000e-07
4.430000e-07
4.430000e-07
4.430000e-07
4.430000e-07
4.430000e-07
4.430000e-07
4.430000e-07
4.430000e-07
4.430000e-07
4.430000e-07
4.430000e-07
4.430000e-07
4.430000e-07
4.430000e-07
4.430000e-07
4.430000e-07
4.430000e-07
4.430000e-07
4.430000e-07
4.430000e-07
4.430000e-07
4.430000e-07
4.430000e-07
4.430000e-07
4.430000e-07
4.430000e-07
4.430000e-07
4.430000e-07
4.430000e-07
4.430000e-07
4.430000e-07
4.430000e-07
4.430000e-07
4.430000e-07
4.430000e-07
4.430000e-07
4.430000e-07
4.430000e-07
4.430000e-07
4.430000e-07
4.430000e-07
4.430000e-07
4.430000e-07
4.430000e-07
4.430000e-07
4.430000e-07
4.430000e-07
4.430000e-07
4.430000e-07
4.430000e-07
4.430000e-07
4.430000e-07
4.430000e-07
4.430000e-07
4.430000e-07
4.430000e-07
4.430000e-07
4.430000e-07
4.430000e-07
4.430000e-07
4.430000e-07
4.430000e-07
4.430000e-07
4.430000e-07
4.430000e-07
4.430000e-07
4.430000e-07
4.430000e-07
4.430000e-07
4.430000e-07
4.430000e-07
4.430000e-07
4.430000e-07
4.430000e-07
4.430000e-07
4.430000e-07
4.430000e-07
4.430000e-07
4.430000e-07
4.430000e-07
4.430000e-07
4.430000e-07
4.430000e-07
4.430000e-07
4.430000e-07
4.430000e-07
4.430000e-07
4.430000e-07
4.430000e-07
4.430000e-07
4.430000e-07
4.430000e-07
4.430000e-07
4.430000e-07
4.430000e-07
4.430000e-07
4.430000e-07
4.430000e-07
4.430000e-07
4.430000e-07
4.430000e-07
4.430000e-07
4.430000e-07
4.430000e-07
4.430000e-07
4.430000e-07
4.430000e-07
4.430000e-07
4.430000e-07
4.430000e-07
4.430000e-07
4.430000e-07
4.430000e-07
4.430000e-07
4.430000e-07
4.430000e-07
4.430000e-07
4.430000e-07
4.430000e-07
4.430000e-07
4.430000e-07
4.430000e-07
4.430000e-07
4.430000e-07
4.430000e-07
4.430000e-07
4.430000e-07
4.430000e-07
4.430000e-07
4.430000e-07
4.430000e-07
4.430000e-07
4.430000e-07
4.430000e-07
4.430000e-07
4.430000e-07
4.430000e-07
4.430000e-07
4.430000e-07
4.430000e-07
4.430000e-07
4.430000e-07
4.430000e-07
4.430000e-07
4.430000e-07
4.430000e-07
4.430000e-07
4.430000e-07
4.430000e-07
4.430000e-07
4.430000e-07
4.430000e-07
4.430000e-07
4.430000e-07
4.430000e-07
4.430000e-07
4.430000e-07
4.430000e-07
4.430000e-07
4.430000e-07
4.430000e-07
4.430000e-07
4.430000e-07
4.430000e-07
4.430000e-07
4.430000e-07
4.430000e-07
4.430000e-07
4.430000e-07
4.430000e-07
4.430000e-07
4.430000e-07
4.430000e-07
4.430000e-07
4.430000e-07
4.430000e-07
4.430000e-07
4.430000e-07
4.430000e-07
4.430000e-07
4.430000e-07
4.430000e-07
4.430000e-07
4.430000e-07
4.430000e-07
4.430000e-07
4.430000e-07
4.430000e-07
4.430000e-07
4.430000e-07
4.430000e-07
4.430000e-07
4.430000e-07
4.430000e-07
4.430000e-07
4.430000e-07
4.430000e-07
4.430000e-07
4.430000e-07
4.430000e-07
4.430000e-07
4.430000e-07
4.430000e-07
4.430000e-07
4.430000e-07
4.430000e-07
4.430000e-07
4.430000e-07
4.430000e-07
4.430000e-07
4.430000e-07
4.430000e-07
4.430000e-07
4.430000e-07
4.430000e-07
4.430000e-07
4.430000e-07
4.430000e-07
4.430000e-07
4.430000e-07
4.430000e-07
4.430000e-07
4.430000e-07
4.430000e-07
4.430000e-07
4.430000e-07
4.430000e-07
4.430000e-07
4.430000e-07
4.430000e-07
4.430000e-07
4.430000e-07
4.430000e-07
4.430000e-07
4.430000e-07
4.430000e-07
4.430000e-07
4.430000e-07
4.430000e-07
4.430000e-07
4.430000e-07
4.430000e-07
4.430000e-07
4.430000e-07
4.430000e-07
4.430000e-07
4.430000e-07
4.430000e-07
4.430000e-07
4.430000e-07
4.430000e-07
4.430000e-07
4.430000e-07
4.430000e-07
4.430000e-07
4.430000e-07
4.430000e-07
4.430000e-07
4.430000e-07
4.430000e-07
4.430000e-07
4.430000e-07
4.430000e-07
4.430000e-07
4.430000e-07
4.430000e-07
4.430000e-07
4.430000e-07
4.430000e-07
4.430000e-07
4.430000e-07
4.430000e-07
4.430000e-07
4.430000e-07
4.430000e-07
4.430000e-07
4.430000e-07
4.430000e-07
4.430000e-07
4.430000e-07
4.430000e-07
4.430000e-07
4.430000e-07
4.430000e-07
4.430000e-07
4.430000e-07
4.430000e-07
4.430000e-07
4.430000e-07
4.430000e-07
4.430000e-07
4.430000e-07
4.430000e-07
4.430000e-07
4.430000e-07
4.430000e-07
4.430000e-07
4.430000e-07
4.430000e-07
4.430000e-07
4.430000e-07
4.430000e-07
4.430000e-07
4.430000e-07
4.430000e-07
4.430000e-07
4.430000e-07
4.430000e-07
4.430000e-07
4.430000e-07
4.430000e-07
4.430000e-07
4.430000e-07
4.430000e-07
4.430000e-07
4.430000e-07
4.430000e-07
4.430000e-07
4.430000e-07
4.430000e-07
4.430000e-07
4.430000e-07
4.430000e-07
4.430000e-07
4.430000e-07
4.430000e-07
4.430000e-07
4.430000e-07
4.430000e-07
4.430000e-07
4.430000e-07
4.430000e-07
4.430000e-07
4.430000e-07
4.430000e-07
4.430000e-07
4.430000e-07
4.430000e-07
4.430000e-07
4.430000e-07
4.430000e-07
4.430000e-07
4.430000e-07
4.430000e-07
4.430000e-07
4.430000e-07
4.430000e-07
4.430000e-07
4.430000e-07
4.430000e-07
4.430000e-07
4.430000e-07
4.430000e-07
4.430000e-07
4.430000e-07
4.430000e-07
4.430000e-07
4.430000e-07
4.430000e-07
4.430000e-07
4.430000e-07
4.430000e-07
4.430000e-07
4.430000e-07
4.430000e-07
4.430000e-07
4.430000e-07
4.430000e-07
4.430000e-07
4.430000e-07
4.430000e-07
4.430000e-07
4.430000e-07
4.430000e-07
4.430000e-07
4.430000e-07
4.430000e-07
4.430000e-07
4.430000e-07
4.430000e-07
4.430000e-07
4.430000e-07
4.430000e-07
4.430000e-07
4.430000e-07
4.430000e-07
4.430000e-07
4.430000e-07
4.430000e-07
4.430000e-07
4.430000e-07
4.430000e-07
4.430000e-07
4.430000e-07
4.430000e-07
4.430000e-07
4.430000e-07
4.430000e-07
4.430000e-07
4.430000e-07
4.430000e-07
4.430000e-07
4.430000e-07
4.430000e-07
4.430000e-07
4.430000e-07
4.430000e-07
4.430000e-07
4.430000e-07
4.430000e-07
4.430000e-07
4.430000e-07
4.430000e-07
4.430000e-07
4.430000e-07
4.430000e-07
4.430000e-07
4.430000e-07
4.430000e-07
4.430000e-07
4.430000e-07
4.430000e-07
4.430000e-07
4.430000e-07
4.430000e-07
4.430000e-07
4.430000e-07
4.430000e-07
4.430000e-07
4.430000e-07
4.430000e-07
4.430000e-07
4.430000e-07
4.430000e-07
4.430000e-07
4.430000e-07
4.430000e-07
4.430000e-07
4.430000e-07
4.430000e-07
4.430000e-07
4.430000e-07
4.430000e-07
4.430000e-07
4.430000e-07
4.430000e-07
4.430000e-07
4.430000e-07
4.430000e-07
4.430000e-07
4.430000e-07
4.430000e-07
4.430000e-07
4.430000e-07
4.430000e-07
4.430000e-07
4.430000e-07
4.430000e-07
4.430000e-07
4.430000e-07
4.430000e-07
4.430000e-07
4.430000e-07
4.430000e-07
4.430000e-07
4.430000e-07
4.430000e-07
4.430000e-07
4.430000e-07
4.430000e-07
4.430000e-07
4.430000e-07
4.430000e-07
4.430000e-07
4.430000e-07
4.430000e-07
4.430000e-07
4.430000e-07
4.430000e-07
4.430000e-07
4.430000e-07
4.430000e-07
4.430000e-07
4.430000e-07
4.430000e-07
4.430000e-07
4.430000e-07
4.430000e-07
4.430000e-07
4.430000e-07
4.430000e-07
4.430000e-07
4.430000e-07
4.430000e-07
4.430000e-07
4.430000e-07
4.430000e-07
4.430000e-07
4.430000e-07
4.430000e-07
4.430000e-07
4.430000e-07
4.430000e-07
4.430000e-07
4.430000e-07
4.430000e-07
4.430000e-07
4.430000e-07
4.430000e-07
4.430000e-07
4.430000e-07
4.430000e-07
4.430000e-07
4.430000e-07
4.430000e-07
4.430000e-07
4.430000e-07
4.430000e-07
4.430000e-07
4.430000e-07
4.430000e-07
4.430000e-07
4.430000e-07
4.430000e-07
4.430000e-07
4.430000e-07
4.430000e-07
4.430000e-07
4.430000e-07
4.430000e-07
4.430000e-07
4.430000e-07
4.430000e-07
4.430000e-07
4.430000e-07
4.430000e-07
4.430000e-07
4.430000e-07
4.430000e-07
4.430000e-07
4.430000e-07
4.430000e-07
4.430000e-07
4.430000e-07
4.430000e-07
4.430000e-07
4.430000e-07
4.430000e-07
4.430000e-07
4.430000e-07
4.430000e-07
4.430000e-07
4.430000e-07
4.430000e-07
4.430000e-07
4.430000e-07
4.430000e-07
4.430000e-07
4.430000e-07
4.430000e-07
4.430000e-07
4.430000e-07
4.430000e-07
4.430000e-07
4.430000e-07
4.430000e-07
4.430000e-07
4.430000e-07
4.430000e-07
4.430000e-07
4.430000e-07
4.430000e-07
4.430000e-07
4.430000e-07
4.430000e-07
4.430000e-07
4.430000e-07
4.430000e-07
4.430000e-07
4.430000e-07
4.430000e-07
4.430000e-07
4.430000e-07
4.430000e-07
4.430000e-07
4.430000e-07
4.430000e-07
4.430000e-07
4.430000e-07
4.430000e-07
4.430000e-07
4.430000e-07
4.430000e-07
4.430000e-07
4.430000e-07
4.430000e-07
4.430000e-07
4.430000e-07
4.430000e-07
4.430000e-07
4.430000e-07
4.430000e-07
4.430000e-07
4.430000e-07
4.430000e-07
4.430000e-07
4.430000e-07
4.430000e-07
4.430000e-07
4.430000e-07
4.430000e-07
4.430000e-07
4.430000e-07
4.430000e-07
4.430000e-07
4.430000e-07
4.430000e-07
4.430000e-07
4.430000e-07
4.430000e-07
4.430000e-07
4.430000e-07
4.430000e-07
4.430000e-07
4.430000e-07
4.430000e-07
4.430000e-07
4.430000e-07
4.430000e-07
4.430000e-07
4.430000e-07
4.430000e-07
4.430000e-07
4.430000e-07
4.430000e-07
4.430000e-07
4.430000e-07
4.430000e-07
4.430000e-07
4.430000e-07
4.430000e-07
4.430000e-07
4.430000e-07
4.430000e-07
4.430000e-07
4.430000e-07
4.430000e-07
4.430000e-07
4.430000e-07
4.430000e-07
4.430000e-07
4.430000e-07
4.430000e-07
4.430000e-07
4.430000e-07
4.430000e-07
4.430000e-07
4.430000e-07
4.430000e-07
4.430000e-07
4.430000e-07
4.430000e-07
4.430000e-07
4.430000e-07
4.430000e-07
4.430000e-07
4.430000e-07
4.430000e-07
4.430000e-07
4.430000e-07
4.430000e-07
4.430000e-07
4.430000e-07
4.430000e-07
4.430000e-07
4.430000e-07
4.430000e-07
4.430000e-07
4.430000e-07
4.430000e-07
4.430000e-07
4.430000e-07
4.430000e-07
4.430000e-07
4.430000e-07
4.430000e-07
4.430000e-07
4.430000e-07
4.430000e-07
4.430000e-07
4.430000e-07
4.430000e-07
4.430000e-07
4.430000e-07
4.430000e-07
4.430000e-07
4.430000e-07
4.430000e-07
4.430000e-07
4.430000e-07
4.430000e-07
4.430000e-07
4.430000e-07
4.430000e-07
4.430000e-07
4.430000e-07
4.430000e-07
4.430000e-07
4.430000e-07
4.430000e-07
4.430000e-07
4.430000e-07
4.430000e-07
4.430000e-07
4.430000e-07
4.430000e-07
4.430000e-07
4.430000e-07
4.430000e-07
4.430000e-07
4.430000e-07
4.430000e-07
4.430000e-07
4.430000e-07
4.430000e-07
4.430000e-07
4.430000e-07
4.430000e-07
4.430000e-07
4.430000e-07
4.430000e-07
4.430000e-07
4.430000e-07
4.430000e-07
4.430000e-07
4.430000e-07
4.430000e-07
4.430000e-07
4.430000e-07
4.430000e-07
4.430000e-07
4.430000e-07
4.430000e-07
4.430000e-07
4.430000e-07
4.430000e-07
4.430000e-07
4.430000e-07
4.430000e-07
4.430000e-07
4.430000e-07
4.430000e-07
4.430000e-07
4.430000e-07
4.430000e-07
4.430000e-07
4.430000e-07
4.430000e-07
4.430000e-07
4.430000e-07
4.430000e-07
4.430000e-07
4.430000e-07
4.430000e-07
4.430000e-07
4.430000e-07
4.430000e-07
4.430000e-07
4.430000e-07
4.430000e-07
4.430000e-07
4.430000e-07
4.430000e-07
4.430000e-07
4.430000e-07
4.430000e-07
4.430000e-07
4.430000e-07
4.430000e-07
4.430000e-07
4.430000e-07
4.430000e-07
4.430000e-07
4.430000e-07
4.430000e-07
4.430000e-07
4.430000e-07
4.430000e-07
4.430000e-07
4.430000e-07
4.430000e-07
4.430000e-07
4.430000e-07
4.430000e-07
4.430000e-07
4.430000e-07
4.430000e-07
4.430000e-07
4.430000e-07
4.430000e-07
4.430000e-07
4.430000e-07
4.430000e-07
4.430000e-07
4.430000e-07
4.430000e-07
4.430000e-07
4.430000e-07
4.430000e-07
4.430000e-07
4.430000e-07
4.430000e-07
4.430000e-07
4.430000e-07
4.430000e-07
4.430000e-07
4.430000e-07
4.430000e-07
4.430000e-07
4.430000e-07
4.430000e-07
4.430000e-07
4.430000e-07
4.430000e-07
4.430000e-07
4.430000e-07
4.430000e-07
4.430000e-07
4.430000e-07
4.430000e-07
4.430000e-07
4.430000e-07
4.430000e-07
4.430000e-07
4.430000e-07
4.430000e-07
4.430000e-07
4.430000e-07
4.430000e-07
4.430000e-07
4.430000e-07
4.430000e-07
4.430000e-07
4.430000e-07
4.430000e-07
4.430000e-07
4.430000e-07
4.430000e-07
4.430000e-07
4.430000e-07
4.430000e-07
4.430000e-07
4.430000e-07
4.430000e-07
4.430000e-07
4.430000e-07
4.430000e-07
4.430000e-07
4.430000e-07
4.430000e-07
4.430000e-07
4.430000e-07
4.430000e-07
4.430000e-07
4.430000e-07
4.430000e-07
4.430000e-07
4.430000e-07
4.430000e-07
4.430000e-07
4.430000e-07
4.430000e-07
4.430000e-07
4.430000e-07
4.430000e-07
4.430000e-07
4.430000e-07
4.430000e-07
4.430000e-07
4.430000e-07
4.430000e-07
4.430000e-07
4.430000e-07
4.430000e-07
4.430000e-07
4.430000e-07
4.430000e-07
4.430000e-07
4.430000e-07
4.430000e-07
4.430000e-07
4.430000e-07
4.430000e-07
4.430000e-07
4.430000e-07
4.430000e-07
4.430000e-07
4.430000e-07
4.430000e-07
4.430000e-07
4.430000e-07
4.430000e-07
4.430000e-07
4.430000e-07
4.430000e-07
4.430000e-07
4.430000e-07
4.430000e-07
4.430000e-07
4.430000e-07
4.430000e-07
4.430000e-07
4.430000e-07
4.430000e-07
4.430000e-07
4.430000e-07
4.430000e-07
4.430000e-07
4.430000e-07
4.430000e-07
4.430000e-07
4.430000e-07
4.430000e-07
4.430000e-07
4.430000e-07
4.430000e-07
4.430000e-07
4.430000e-07
4.430000e-07
4.430000e-07
4.430000e-07
4.430000e-07
4.430000e-07
4.430000e-07
4.430000e-07
4.430000e-07
4.430000e-07
4.430000e-07
4.430000e-07
4.430000e-07
4.430000e-07
4.430000e-07
4.430000e-07
4.430000e-07
4.430000e-07
4.430000e-07
4.430000e-07
4.430000e-07
4.430000e-07
4.430000e-07
4.430000e-07
4.430000e-07
4.430000e-07
4.430000e-07
4.430000e-07
4.430000e-07
4.430000e-07
4.430000e-07
4.430000e-07
4.430000e-07
4.430000e-07
4.430000e-07
4.430000e-07
4.430000e-07
4.430000e-07
4.430000e-07
4.430000e-07
4.430000e-07
4.430000e-07
4.430000e-07
4.430000e-07
4.430000e-07
4.430000e-07
4.430000e-07
4.430000e-07
4.430000e-07
4.430000e-07
4.430000e-07
4.430000e-07
4.430000e-07
4.430000e-07
4.430000e-07
4.430000e-07
4.430000e-07
4.430000e-07
4.430000e-07
4.430000e-07
4.430000e-07
4.430000e-07
4.430000e-07
4.430000e-07
4.430000e-07
4.430000e-07
4.430000e-07
4.430000e-07
4.430000e-07
4.430000e-07
4.430000e-07
4.430000e-07
4.430000e-07
4.430000e-07
4.430000e-07
4.430000e-07
4.430000e-07
4.430000e-07
4.430000e-07
4.430000e-07
4.430000e-07
4.430000e-07
4.430000e-07
4.430000e-07
4.430000e-07
4.430000e-07
4.430000e-07
4.430000e-07
4.430000e-07
4.430000e-07
4.430000e-07
4.430000e-07
4.430000e-07
4.430000e-07
4.430000e-07
4.430000e-07
4.430000e-07
4.430000e-07
4.430000e-07
4.430000e-07
4.430000e-07
4.430000e-07
4.430000e-07
4.430000e-07
4.430000e-07
4.430000e-07
4.430000e-07
4.430000e-07
4.430000e-07
4.430000e-07
4.430000e-07
4.430000e-07
4.430000e-07
4.430000e-07
4.430000e-07
4.430000e-07
4.430000e-07
4.430000e-07
4.430000e-07
4.430000e-07
4.430000e-07
4.430000e-07
4.430000e-07
4.430000e-07
4.430000e-07
4.430000e-07
4.430000e-07
4.430000e-07
4.430000e-07
4.430000e-07
4.430000e-07
4.430000e-07
4.430000e-07
4.430000e-07
4.430000e-07

