# vtk DataFile Version 2.0
mfree iwf
ASCII

DATASET UNSTRUCTURED_GRID
POINTS 6231 float
0.000000 0.000300 0.000000
0.000000 0.000310 0.000000
0.000000 0.000320 0.000000
0.000000 0.000330 0.000000
0.000000 0.000340 0.000000
0.000000 0.000350 0.000000
0.000000 0.000360 0.000000
0.000001 0.000370 0.000000
0.000001 0.000380 0.000000
0.000001 0.000390 0.000000
0.000001 0.000400 0.000000
0.000001 0.000410 0.000000
0.000001 0.000420 0.000000
0.000001 0.000430 0.000000
0.000001 0.000440 0.000000
0.000001 0.000450 0.000000
0.000001 0.000460 0.000000
0.000002 0.000470 0.000000
0.000002 0.000480 0.000000
0.000001 0.000492 0.000000
0.000006 0.000501 0.000000
0.001061 0.001139 0.000000
0.001129 0.001182 0.000000
0.001076 0.001147 0.000000
0.001141 0.001189 0.000000
0.001163 0.001196 0.000000
0.001211 0.001205 0.000000
0.001219 0.001204 0.000000
0.001232 0.001200 0.000000
0.001245 0.001199 0.000000
0.001276 0.001202 0.000000
0.000010 0.000300 0.000000
0.000010 0.000310 0.000000
0.000010 0.000320 0.000000
0.000010 0.000330 0.000000
0.000010 0.000340 0.000000
0.000010 0.000350 0.000000
0.000010 0.000360 0.000000
0.000011 0.000370 0.000000
0.000011 0.000380 0.000000
0.000011 0.000390 0.000000
0.000011 0.000400 0.000000
0.000011 0.000410 0.000000
0.000011 0.000420 0.000000
0.000011 0.000430 0.000000
0.000011 0.000440 0.000000
0.000011 0.000450 0.000000
0.000011 0.000460 0.000000
0.000011 0.000472 0.000000
0.000013 0.000478 0.000000
0.000009 0.000492 0.000000
0.000013 0.000498 0.000000
0.001182 0.001195 0.000000
0.001197 0.001197 0.000000
0.001205 0.001198 0.000000
0.001211 0.001197 0.000000
0.001228 0.001192 0.000000
0.001239 0.001192 0.000000
0.001254 0.001189 0.000000
0.001264 0.001191 0.000000
0.001270 0.001190 0.000000
0.001273 0.001198 0.000000
0.000020 0.000300 0.000000
0.000020 0.000310 0.000000
0.000020 0.000320 0.000000
0.000020 0.000331 0.000000
0.000020 0.000340 0.000000
0.000020 0.000350 0.000000
0.000021 0.000360 0.000000
0.000021 0.000370 0.000000
0.000020 0.000380 0.000000
0.000021 0.000391 0.000000
0.000020 0.000400 0.000000
0.000022 0.000410 0.000000
0.000020 0.000420 0.000000
0.000022 0.000430 0.000000
0.000020 0.000439 0.000000
0.000023 0.000451 0.000000
0.000020 0.000460 0.000000
0.000022 0.000470 0.000000
0.000021 0.000481 0.000000
0.000024 0.000494 0.000000
0.000020 0.000497 0.000000
0.001150 0.001180 0.000000
0.001178 0.001189 0.000000
0.001188 0.001192 0.000000
0.001193 0.001190 0.000000
0.001204 0.001185 0.000000
0.001219 0.001189 0.000000
0.001245 0.001185 0.000000
0.001261 0.001186 0.000000
0.001268 0.001178 0.000000
0.001276 0.001176 0.000000
0.000030 0.000300 0.000000
0.000030 0.000310 0.000000
0.000030 0.000320 0.000000
0.000030 0.000329 0.000000
0.000030 0.000340 0.000000
0.000031 0.000350 0.000000
0.000030 0.000360 0.000000
0.000031 0.000371 0.000000
0.000030 0.000380 0.000000
0.000031 0.000390 0.000000
0.000030 0.000400 0.000000
0.000031 0.000410 0.000000
0.000031 0.000419 0.000000
0.000032 0.000430 0.000000
0.000031 0.000440 0.000000
0.000030 0.000450 0.000000
0.000031 0.000459 0.000000
0.000036 0.000473 0.000000
0.000029 0.000478 0.000000
0.000032 0.000488 0.000000
0.000032 0.000497 0.000000
0.000063 0.000500 0.000000
0.001171 0.001184 0.000000
0.001188 0.001176 0.000000
0.001214 0.001181 0.000000
0.001224 0.001174 0.000000
0.001230 0.001185 0.000000
0.001234 0.001177 0.000000
0.001246 0.001177 0.000000
0.001252 0.001175 0.000000
0.001276 0.001168 0.000000
0.000040 0.000300 0.000000
0.000040 0.000310 0.000000
0.000039 0.000320 0.000000
0.000041 0.000331 0.000000
0.000040 0.000340 0.000000
0.000040 0.000350 0.000000
0.000040 0.000360 0.000000
0.000041 0.000369 0.000000
0.000041 0.000380 0.000000
0.000040 0.000390 0.000000
0.000042 0.000399 0.000000
0.000041 0.000410 0.000000
0.000042 0.000420 0.000000
0.000039 0.000430 0.000000
0.000042 0.000439 0.000000
0.000043 0.000450 0.000000
0.000042 0.000460 0.000000
0.000037 0.000469 0.000000
0.000045 0.000477 0.000000
0.000043 0.000496 0.000000
0.000040 0.000498 0.000000
0.000978 0.000996 0.000000
0.001179 0.001177 0.000000
0.001198 0.001176 0.000000
0.001205 0.001171 0.000000
0.001214 0.001177 0.000000
0.001235 0.001170 0.000000
0.001257 0.001166 0.000000
0.001256 0.001156 0.000000
0.001265 0.001170 0.000000
0.001274 0.001159 0.000000
0.000050 0.000300 0.000000
0.000050 0.000310 0.000000
0.000051 0.000320 0.000000
0.000050 0.000329 0.000000
0.000051 0.000340 0.000000
0.000050 0.000350 0.000000
0.000051 0.000360 0.000000
0.000050 0.000371 0.000000
0.000052 0.000380 0.000000
0.000050 0.000390 0.000000
0.000053 0.000400 0.000000
0.000048 0.000410 0.000000
0.000053 0.000419 0.000000
0.000051 0.000430 0.000000
0.000053 0.000440 0.000000
0.000047 0.000450 0.000000
0.000054 0.000458 0.000000
0.000053 0.000469 0.000000
0.000056 0.000483 0.000000
0.000048 0.000487 0.000000
0.000050 0.000498 0.000000
0.001167 0.001190 0.000000
0.001125 0.001173 0.000000
0.001192 0.001170 0.000000
0.001209 0.001158 0.000000
0.001222 0.001159 0.000000
0.001239 0.001162 0.000000
0.001231 0.001159 0.000000
0.001248 0.001164 0.000000
0.001264 0.001157 0.000000
0.001271 0.001148 0.000000
0.000060 0.000300 0.000000
0.000060 0.000310 0.000000
0.000060 0.000320 0.000000
0.000059 0.000331 0.000000
0.000063 0.000339 0.000000
0.000058 0.000351 0.000000
0.000063 0.000360 0.000000
0.000059 0.000369 0.000000
0.000062 0.000380 0.000000
0.000059 0.000390 0.000000
0.000062 0.000400 0.000000
0.000060 0.000409 0.000000
0.000063 0.000420 0.000000
0.000057 0.000430 0.000000
0.000065 0.000439 0.000000
0.000061 0.000450 0.000000
0.000065 0.000460 0.000000
0.000054 0.000472 0.000000
0.000064 0.000475 0.000000
0.000068 0.000486 0.000000
0.000058 0.000496 0.000000
0.001158 0.001188 0.000000
0.001170 0.001174 0.000000
0.001188 0.001158 0.000000
0.001201 0.001162 0.000000
0.001217 0.001154 0.000000
0.001223 0.001145 0.000000
0.001251 0.001147 0.000000
0.001240 0.001152 0.000000
0.001261 0.001146 0.000000
0.001269 0.001139 0.000000
0.000070 0.000300 0.000000
0.000070 0.000310 0.000000
0.000070 0.000320 0.000000
0.000071 0.000330 0.000000
0.000069 0.000341 0.000000
0.000068 0.000350 0.000000
0.000076 0.000356 0.000000
0.000068 0.000373 0.000000
0.000078 0.000376 0.000000
0.000071 0.000390 0.000000
0.000073 0.000400 0.000000
0.000068 0.000411 0.000000
0.000074 0.000420 0.000000
0.000069 0.000430 0.000000
0.000075 0.000439 0.000000
0.000065 0.000451 0.000000
0.000077 0.000458 0.000000
0.000073 0.000470 0.000000
0.000076 0.000485 0.000000
0.000068 0.000495 0.000000
0.000076 0.000496 0.000000
0.000975 0.000983 0.000000
0.001159 0.001175 0.000000
0.001180 0.001165 0.000000
0.001201 0.001143 0.000000
0.001218 0.001166 0.000000
0.001233 0.001146 0.000000
0.001244 0.001144 0.000000
0.001236 0.001136 0.000000
0.001258 0.001136 0.000000
0.001266 0.001129 0.000000
0.000080 0.000300 0.000000
0.000080 0.000310 0.000000
0.000080 0.000320 0.000000
0.000080 0.000330 0.000000
0.000080 0.000340 0.000000
0.000082 0.000350 0.000000
0.000073 0.000365 0.000000
0.000082 0.000366 0.000000
0.000073 0.000386 0.000000
0.000083 0.000388 0.000000
0.000085 0.000398 0.000000
0.000079 0.000410 0.000000
0.000086 0.000417 0.000000
0.000077 0.000430 0.000000
0.000086 0.000444 0.000000
0.000077 0.000448 0.000000
0.000085 0.000463 0.000000
0.000074 0.000470 0.000000
0.000087 0.000473 0.000000
0.000085 0.000483 0.000000
0.000083 0.000495 0.000000
0.001148 0.001185 0.000000
0.001120 0.001178 0.000000
0.001185 0.001147 0.000000
0.001196 0.001156 0.000000
0.001211 0.001145 0.000000
0.001216 0.001137 0.000000
0.001227 0.001136 0.000000
0.001247 0.001133 0.000000
0.001255 0.001127 0.000000
0.001264 0.001120 0.000000
0.000090 0.000300 0.000000
0.000090 0.000310 0.000000
0.000090 0.000319 0.000000
0.000090 0.000330 0.000000
0.000091 0.000340 0.000000
0.000089 0.000350 0.000000
0.000091 0.000359 0.000000
0.000091 0.000371 0.000000
0.000089 0.000379 0.000000
0.000093 0.000390 0.000000
0.000085 0.000406 0.000000
0.000094 0.000406 0.000000
0.000087 0.000426 0.000000
0.000097 0.000426 0.000000
0.000089 0.000435 0.000000
0.000097 0.000456 0.000000
0.000087 0.000453 0.000000
0.000097 0.000470 0.000000
0.000106 0.000481 0.000000
0.000089 0.000495 0.000000
0.000094 0.000495 0.000000
0.000983 0.001008 0.000000
0.001153 0.001170 0.000000
0.001141 0.001175 0.000000
0.001172 0.001165 0.000000
0.001197 0.001135 0.000000
0.001222 0.001127 0.000000
0.001237 0.001127 0.000000
0.001242 0.001122 0.000000
0.001252 0.001118 0.000000
0.001260 0.001111 0.000000
0.000100 0.000300 0.000000
0.000100 0.000310 0.000000
0.000100 0.000321 0.000000
0.000100 0.000330 0.000000
0.000101 0.000340 0.000000
0.000100 0.000351 0.000000
0.000101 0.000361 0.000000
0.000099 0.000370 0.000000
0.000101 0.000380 0.000000
0.000099 0.000390 0.000000
0.000102 0.000399 0.000000
0.000110 0.000413 0.000000
0.000098 0.000417 0.000000
0.000100 0.000437 0.000000
0.000111 0.000442 0.000000
0.000096 0.000446 0.000000
0.000107 0.000459 0.000000
0.000097 0.000468 0.000000
0.000095 0.000481 0.000000
0.000106 0.000491 0.000000
0.000101 0.000494 0.000000
0.001081 0.001152 0.000000
0.001090 0.001158 0.000000
0.001114 0.001174 0.000000
0.001198 0.001145 0.000000
0.001211 0.001132 0.000000
0.001212 0.001122 0.000000
0.001233 0.001118 0.000000
0.001225 0.001114 0.000000
0.001248 0.001111 0.000000
0.001256 0.001102 0.000000
0.000110 0.000300 0.000000
0.000110 0.000310 0.000000
0.000110 0.000320 0.000000
0.000110 0.000330 0.000000
0.000110 0.000340 0.000000
0.000110 0.000349 0.000000
0.000111 0.000359 0.000000
0.000111 0.000369 0.000000
0.000112 0.000380 0.000000
0.000110 0.000389 0.000000
0.000113 0.000400 0.000000
0.000104 0.000409 0.000000
0.000115 0.000426 0.000000
0.000106 0.000425 0.000000
0.000111 0.000434 0.000000
0.000106 0.000449 0.000000
0.000116 0.000461 0.000000
0.000111 0.000470 0.000000
0.000116 0.000479 0.000000
0.000111 0.000493 0.000000
0.000119 0.000491 0.000000
0.001033 0.001102 0.000000
0.000989 0.001023 0.000000
0.001148 0.001164 0.000000
0.001170 0.001154 0.000000
0.001160 0.001151 0.000000
0.001202 0.001125 0.000000
0.001220 0.001116 0.000000
0.001236 0.001109 0.000000
0.001246 0.001102 0.000000
0.001252 0.001093 0.000000
0.000120 0.000300 0.000000
0.000120 0.000310 0.000000
0.000120 0.000320 0.000000
0.000121 0.000330 0.000000
0.000120 0.000340 0.000000
0.000120 0.000351 0.000000
0.000121 0.000362 0.000000
0.000120 0.000371 0.000000
0.000122 0.000380 0.000000
0.000119 0.000390 0.000000
0.000124 0.000400 0.000000
0.000118 0.000409 0.000000
0.000121 0.000417 0.000000
0.000122 0.000433 0.000000
0.000124 0.000444 0.000000
0.000117 0.000451 0.000000
0.000130 0.000455 0.000000
0.000121 0.000473 0.000000
0.000130 0.000477 0.000000
0.000124 0.000490 0.000000
0.000136 0.000491 0.000000
0.001066 0.001123 0.000000
0.001101 0.001165 0.000000
0.001106 0.001164 0.000000
0.001122 0.001166 0.000000
0.001183 0.001137 0.000000
0.001204 0.001114 0.000000
0.001223 0.001103 0.000000
0.001234 0.001100 0.000000
0.001241 0.001092 0.000000
0.001247 0.001085 0.000000
0.000130 0.000300 0.000000
0.000130 0.000310 0.000000
0.000130 0.000320 0.000000
0.000130 0.000330 0.000000
0.000131 0.000339 0.000000
0.000130 0.000350 0.000000
0.000130 0.000358 0.000000
0.000130 0.000368 0.000000
0.000132 0.000380 0.000000
0.000130 0.000390 0.000000
0.000131 0.000401 0.000000
0.000131 0.000411 0.000000
0.000133 0.000424 0.000000
0.000128 0.000425 0.000000
0.000134 0.000439 0.000000
0.000129 0.000446 0.000000
0.000136 0.000467 0.000000
0.000124 0.000465 0.000000
0.000138 0.000481 0.000000
0.000129 0.000490 0.000000
0.001057 0.001122 0.000000
0.001044 0.001117 0.000000
0.001099 0.001160 0.000000
0.001110 0.001171 0.000000
0.001135 0.001161 0.000000
0.001137 0.001169 0.000000
0.001189 0.001129 0.000000
0.001212 0.001108 0.000000
0.001214 0.001096 0.000000
0.001230 0.001094 0.000000
0.001241 0.001077 0.000000
0.000140 0.000300 0.000000
0.000140 0.000310 0.000000
0.000140 0.000319 0.000000
0.000141 0.000330 0.000000
0.000140 0.000341 0.000000
0.000141 0.000352 0.000000
0.000141 0.000362 0.000000
0.000140 0.000371 0.000000
0.000138 0.000381 0.000000
0.000143 0.000388 0.000000
0.000140 0.000399 0.000000
0.000141 0.000408 0.000000
0.000141 0.000419 0.000000
0.000141 0.000430 0.000000
0.000149 0.000442 0.000000
0.000141 0.000450 0.000000
0.000138 0.000461 0.000000
0.000147 0.000459 0.000000
0.000150 0.000482 0.000000
0.000143 0.000491 0.000000
0.000150 0.000493 0.000000
0.000173 0.000498 0.000000
0.001057 0.001128 0.000000
0.001101 0.001147 0.000000
0.001114 0.001158 0.000000
0.001163 0.001164 0.000000
0.001180 0.001153 0.000000
0.001200 0.001104 0.000000
0.001221 0.001088 0.000000
0.001234 0.001084 0.000000
0.001235 0.001070 0.000000
0.000150 0.000300 0.000000
0.000150 0.000310 0.000000
0.000150 0.000321 0.000000
0.000150 0.000329 0.000000
0.000149 0.000339 0.000000
0.000151 0.000347 0.000000
0.000151 0.000359 0.000000
0.000151 0.000369 0.000000
0.000152 0.000379 0.000000
0.000150 0.000393 0.000000
0.000152 0.000402 0.000000
0.000150 0.000411 0.000000
0.000153 0.000420 0.000000
0.000152 0.000429 0.000000
0.000145 0.000440 0.000000
0.000155 0.000451 0.000000
0.000152 0.000466 0.000000
0.000159 0.000472 0.000000
0.000145 0.000473 0.000000
0.000175 0.000488 0.000000
0.000156 0.000495 0.000000
0.001083 0.001143 0.000000
0.001091 0.001149 0.000000
0.001097 0.001139 0.000000
0.001119 0.001136 0.000000
0.001110 0.001148 0.000000
0.001144 0.001156 0.000000
0.001175 0.001144 0.000000
0.001171 0.001135 0.000000
0.001227 0.001075 0.000000
0.001227 0.001066 0.000000
0.000160 0.000300 0.000000
0.000160 0.000310 0.000000
0.000160 0.000319 0.000000
0.000160 0.000330 0.000000
0.000162 0.000341 0.000000
0.000159 0.000352 0.000000
0.000162 0.000362 0.000000
0.000159 0.000371 0.000000
0.000163 0.000382 0.000000
0.000157 0.000388 0.000000
0.000163 0.000397 0.000000
0.000161 0.000409 0.000000
0.000160 0.000420 0.000000
0.000163 0.000430 0.000000
0.000160 0.000440 0.000000
0.000164 0.000446 0.000000
0.000159 0.000461 0.000000
0.000169 0.000465 0.000000
0.000161 0.000483 0.000000
0.000167 0.000496 0.000000
0.000162 0.000496 0.000000
0.001044 0.001116 0.000000
0.001088 0.001136 0.000000
0.001092 0.001125 0.000000
0.001126 0.001151 0.000000
0.001132 0.001153 0.000000
0.001157 0.001155 0.000000
0.001195 0.001120 0.000000
0.001209 0.001092 0.000000
0.001221 0.001079 0.000000
0.001218 0.001066 0.000000
0.000170 0.000300 0.000000
0.000170 0.000310 0.000000
0.000170 0.000320 0.000000
0.000170 0.000330 0.000000
0.000170 0.000338 0.000000
0.000169 0.000349 0.000000
0.000172 0.000357 0.000000
0.000171 0.000369 0.000000
0.000171 0.000378 0.000000
0.000172 0.000392 0.000000
0.000169 0.000403 0.000000
0.000174 0.000411 0.000000
0.000170 0.000419 0.000000
0.000173 0.000428 0.000000
0.000172 0.000441 0.000000
0.000168 0.000453 0.000000
0.000179 0.000456 0.000000
0.000171 0.000471 0.000000
0.000169 0.000481 0.000000
0.000179 0.000477 0.000000
0.000184 0.000499 0.000000
0.001052 0.001123 0.000000
0.001077 0.001126 0.000000
0.001119 0.001147 0.000000
0.001108 0.001139 0.000000
0.001134 0.001139 0.000000
0.001143 0.001135 0.000000
0.001140 0.001148 0.000000
0.001171 0.001123 0.000000
0.001187 0.001101 0.000000
0.001210 0.001067 0.000000
0.000180 0.000300 0.000000
0.000180 0.000310 0.000000
0.000180 0.000320 0.000000
0.000181 0.000331 0.000000
0.000179 0.000342 0.000000
0.000183 0.000351 0.000000
0.000178 0.000362 0.000000
0.000183 0.000371 0.000000
0.000178 0.000382 0.000000
0.000183 0.000387 0.000000
0.000180 0.000399 0.000000
0.000182 0.000406 0.000000
0.000182 0.000421 0.000000
0.000179 0.000432 0.000000
0.000186 0.000438 0.000000
0.000180 0.000447 0.000000
0.000182 0.000465 0.000000
0.000188 0.000476 0.000000
0.000188 0.000486 0.000000
0.000185 0.000498 0.000000
0.000192 0.000498 0.000000
0.000215 0.000500 0.000000
0.001029 0.001096 0.000000
0.001103 0.001130 0.000000
0.001116 0.001129 0.000000
0.001152 0.001143 0.000000
0.001148 0.001134 0.000000
0.001164 0.001142 0.000000
0.001203 0.001098 0.000000
0.001194 0.001109 0.000000
0.001204 0.001066 0.000000
0.000190 0.000300 0.000000
0.000190 0.000310 0.000000
0.000190 0.000321 0.000000
0.000190 0.000329 0.000000
0.000190 0.000340 0.000000
0.000191 0.000347 0.000000
0.000188 0.000360 0.000000
0.000194 0.000366 0.000000
0.000191 0.000380 0.000000
0.000190 0.000394 0.000000
0.000194 0.000403 0.000000
0.000187 0.000414 0.000000
0.000196 0.000416 0.000000
0.000191 0.000428 0.000000
0.000195 0.000445 0.000000
0.000187 0.000452 0.000000
0.000197 0.000455 0.000000
0.000191 0.000464 0.000000
0.000193 0.000476 0.000000
0.000201 0.000489 0.000000
0.000198 0.000496 0.000000
0.001032 0.001080 0.000000
0.001045 0.001107 0.000000
0.001082 0.001132 0.000000
0.001089 0.001117 0.000000
0.001127 0.001137 0.000000
0.001131 0.001126 0.000000
0.001158 0.001134 0.000000
0.001181 0.001128 0.000000
0.001185 0.001118 0.000000
0.001189 0.001068 0.000000
0.000200 0.000300 0.000000
0.000200 0.000310 0.000000
0.000200 0.000320 0.000000
0.000200 0.000330 0.000000
0.000202 0.000342 0.000000
0.000199 0.000352 0.000000
0.000204 0.000362 0.000000
0.000195 0.000372 0.000000
0.000205 0.000381 0.000000
0.000198 0.000387 0.000000
0.000202 0.000396 0.000000
0.000201 0.000408 0.000000
0.000199 0.000425 0.000000
0.000207 0.000432 0.000000
0.000197 0.000435 0.000000
0.000204 0.000448 0.000000
0.000201 0.000467 0.000000
0.000209 0.000467 0.000000
0.000204 0.000476 0.000000
0.000207 0.000493 0.000000
0.000957 0.000906 0.000000
0.001021 0.001087 0.000000
0.001041 0.001098 0.000000
0.001054 0.001107 0.000000
0.001111 0.001121 0.000000
0.001123 0.001120 0.000000
0.001155 0.001123 0.000000
0.001150 0.001116 0.000000
0.001165 0.001124 0.000000
0.001176 0.001114 0.000000
0.001197 0.001068 0.000000
0.000210 0.000300 0.000000
0.000210 0.000310 0.000000
0.000210 0.000320 0.000000
0.000210 0.000330 0.000000
0.000210 0.000337 0.000000
0.000210 0.000349 0.000000
0.000211 0.000356 0.000000
0.000207 0.000371 0.000000
0.000215 0.000374 0.000000
0.000210 0.000393 0.000000
0.000212 0.000404 0.000000
0.000208 0.000413 0.000000
0.000219 0.000416 0.000000
0.000216 0.000429 0.000000
0.000211 0.000443 0.000000
0.000217 0.000453 0.000000
0.000209 0.000456 0.000000
0.000215 0.000471 0.000000
0.000212 0.000482 0.000000
0.000221 0.000484 0.000000
0.000224 0.000497 0.000000
0.000216 0.000495 0.000000
0.001025 0.001091 0.000000
0.001052 0.001097 0.000000
0.001076 0.001122 0.000000
0.001117 0.001113 0.000000
0.001141 0.001125 0.000000
0.001151 0.001111 0.000000
0.001163 0.001113 0.000000
0.001182 0.001108 0.000000
0.001212 0.001083 0.000000
0.000220 0.000300 0.000000
0.000220 0.000310 0.000000
0.000220 0.000319 0.000000
0.000221 0.000331 0.000000
0.000219 0.000342 0.000000
0.000222 0.000352 0.000000
0.000219 0.000363 0.000000
0.000223 0.000373 0.000000
0.000215 0.000384 0.000000
0.000224 0.000388 0.000000
0.000220 0.000396 0.000000
0.000222 0.000409 0.000000
0.000211 0.000421 0.000000
0.000226 0.000430 0.000000
0.000218 0.000438 0.000000
0.000224 0.000448 0.000000
0.000222 0.000460 0.000000
0.000229 0.000468 0.000000
0.000223 0.000476 0.000000
0.000238 0.000497 0.000000
0.001013 0.001075 0.000000
0.000240 0.000499 0.000000
0.001038 0.001089 0.000000
0.001053 0.001085 0.000000
0.001065 0.001113 0.000000
0.001103 0.001122 0.000000
0.001135 0.001117 0.000000
0.001141 0.001109 0.000000
0.001169 0.001106 0.000000
0.001174 0.001099 0.000000
0.001183 0.001093 0.000000
0.000230 0.000300 0.000000
0.000230 0.000310 0.000000
0.000230 0.000321 0.000000
0.000230 0.000329 0.000000
0.000230 0.000339 0.000000
0.000230 0.000347 0.000000
0.000230 0.000358 0.000000
0.000230 0.000368 0.000000
0.000231 0.000380 0.000000
0.000232 0.000391 0.000000
0.000229 0.000401 0.000000
0.000234 0.000410 0.000000
0.000230 0.000419 0.000000
0.000232 0.000429 0.000000
0.000232 0.000441 0.000000
0.000234 0.000450 0.000000
0.000231 0.000460 0.000000
0.000238 0.000472 0.000000
0.000230 0.000484 0.000000
0.000240 0.000485 0.000000
0.000231 0.000498 0.000000
0.001010 0.001069 0.000000
0.001025 0.001073 0.000000
0.001062 0.001103 0.000000
0.001079 0.001113 0.000000
0.001072 0.001106 0.000000
0.001094 0.001110 0.000000
0.001131 0.001109 0.000000
0.001143 0.001098 0.000000
0.001163 0.001089 0.000000
0.001180 0.001088 0.000000
0.000240 0.000300 0.000000
0.000240 0.000310 0.000000
0.000240 0.000319 0.000000
0.000240 0.000331 0.000000
0.000241 0.000342 0.000000
0.000240 0.000353 0.000000
0.000242 0.000362 0.000000
0.000240 0.000372 0.000000
0.000241 0.000380 0.000000
0.000241 0.000390 0.000000
0.000241 0.000399 0.000000
0.000241 0.000410 0.000000
0.000242 0.000420 0.000000
0.000241 0.000430 0.000000
0.000241 0.000440 0.000000
0.000247 0.000449 0.000000
0.000241 0.000458 0.000000
0.000247 0.000469 0.000000
0.000243 0.000479 0.000000
0.000256 0.000488 0.000000
0.000248 0.000498 0.000000
0.001020 0.001082 0.000000
0.001023 0.001064 0.000000
0.001044 0.001082 0.000000
0.001068 0.001097 0.000000
0.001088 0.001102 0.000000
0.001122 0.001108 0.000000
0.001116 0.001098 0.000000
0.001164 0.001101 0.000000
0.001158 0.001088 0.000000
0.001199 0.001075 0.000000
0.000250 0.000300 0.000000
0.000250 0.000310 0.000000
0.000250 0.000321 0.000000
0.000250 0.000329 0.000000
0.000250 0.000339 0.000000
0.000251 0.000347 0.000000
0.000250 0.000358 0.000000
0.000250 0.000369 0.000000
0.000251 0.000380 0.000000
0.000251 0.000391 0.000000
0.000251 0.000400 0.000000
0.000252 0.000411 0.000000
0.000251 0.000420 0.000000
0.000252 0.000438 0.000000
0.000253 0.000430 0.000000
0.000252 0.000452 0.000000
0.000252 0.000461 0.000000
0.000261 0.000468 0.000000
0.000253 0.000478 0.000000
0.000254 0.000498 0.000000
0.000264 0.000498 0.000000
0.000262 0.000500 0.000000
0.001016 0.001051 0.000000
0.001063 0.001081 0.000000
0.001071 0.001089 0.000000
0.001083 0.001105 0.000000
0.001093 0.001094 0.000000
0.001106 0.001111 0.000000
0.001154 0.001100 0.000000
0.001152 0.001088 0.000000
0.001174 0.001067 0.000000
0.000260 0.000300 0.000000
0.000260 0.000310 0.000000
0.000260 0.000319 0.000000
0.000260 0.000331 0.000000
0.000261 0.000342 0.000000
0.000260 0.000353 0.000000
0.000261 0.000362 0.000000
0.000261 0.000371 0.000000
0.000260 0.000380 0.000000
0.000261 0.000389 0.000000
0.000260 0.000400 0.000000
0.000263 0.000409 0.000000
0.000260 0.000419 0.000000
0.000263 0.000433 0.000000
0.000261 0.000442 0.000000
0.000268 0.000449 0.000000
0.000261 0.000456 0.000000
0.000262 0.000473 0.000000
0.000264 0.000483 0.000000
0.000274 0.000483 0.000000
0.000990 0.001012 0.000000
0.000954 0.000890 0.000000
0.001002 0.001056 0.000000
0.001040 0.001071 0.000000
0.001056 0.001088 0.000000
0.001077 0.001091 0.000000
0.001102 0.001101 0.000000
0.001108 0.001102 0.000000
0.001135 0.001099 0.000000
0.001145 0.001089 0.000000
0.001183 0.001071 0.000000
0.000270 0.000300 0.000000
0.000270 0.000310 0.000000
0.000270 0.000320 0.000000
0.000270 0.000330 0.000000
0.000270 0.000338 0.000000
0.000270 0.000347 0.000000
0.000270 0.000357 0.000000
0.000271 0.000369 0.000000
0.000270 0.000380 0.000000
0.000273 0.000391 0.000000
0.000270 0.000399 0.000000
0.000272 0.000410 0.000000
0.000271 0.000419 0.000000
0.000274 0.000439 0.000000
0.000269 0.000429 0.000000
0.000274 0.000452 0.000000
0.000271 0.000461 0.000000
0.000280 0.000466 0.000000
0.000274 0.000476 0.000000
0.000277 0.000494 0.000000
0.000271 0.000497 0.000000
0.000283 0.000497 0.000000
0.001006 0.001057 0.000000
0.001015 0.001064 0.000000
0.001052 0.001071 0.000000
0.001086 0.001088 0.000000
0.001095 0.001083 0.000000
0.001106 0.001082 0.000000
0.001114 0.001087 0.000000
0.001137 0.001087 0.000000
0.001166 0.001066 0.000000
0.000280 0.000300 0.000000
0.000280 0.000310 0.000000
0.000280 0.000320 0.000000
0.000280 0.000331 0.000000
0.000280 0.000342 0.000000
0.000281 0.000353 0.000000
0.000279 0.000362 0.000000
0.000282 0.000371 0.000000
0.000280 0.000379 0.000000
0.000281 0.000391 0.000000
0.000281 0.000400 0.000000
0.000280 0.000417 0.000000
0.000286 0.000408 0.000000
0.000280 0.000428 0.000000
0.000283 0.000436 0.000000
0.000284 0.000447 0.000000
0.000284 0.000458 0.000000
0.000283 0.000471 0.000000
0.000285 0.000482 0.000000
0.000291 0.000494 0.000000
0.000293 0.000496 0.000000
0.000968 0.000951 0.000000
0.000999 0.001043 0.000000
0.001002 0.001050 0.000000
0.001042 0.001071 0.000000
0.001082 0.001067 0.000000
0.001077 0.001081 0.000000
0.001111 0.001071 0.000000
0.001127 0.001095 0.000000
0.001132 0.001080 0.000000
0.001178 0.001079 0.000000
0.000290 0.000300 0.000000
0.000290 0.000310 0.000000
0.000290 0.000320 0.000000
0.000290 0.000329 0.000000
0.000290 0.000339 0.000000
0.000290 0.000348 0.000000
0.000291 0.000358 0.000000
0.000291 0.000369 0.000000
0.000290 0.000380 0.000000
0.000293 0.000389 0.000000
0.000296 0.000406 0.000000
0.000290 0.000413 0.000000
0.000291 0.000422 0.000000
0.000292 0.000432 0.000000
0.000292 0.000441 0.000000
0.000293 0.000452 0.000000
0.000295 0.000461 0.000000
0.000293 0.000474 0.000000
0.000302 0.000472 0.000000
0.000295 0.000483 0.000000
0.000994 0.001028 0.000000
0.000300 0.000495 0.000000
0.000975 0.000973 0.000000
0.001030 0.001059 0.000000
0.001002 0.001037 0.000000
0.001074 0.001068 0.000000
0.001104 0.001090 0.000000
0.001087 0.001076 0.000000
0.001123 0.001089 0.000000
0.001132 0.001073 0.000000
0.001163 0.001080 0.000000
0.000300 0.000300 0.000000
0.000300 0.000310 0.000000
0.000300 0.000320 0.000000
0.000300 0.000331 0.000000
0.000301 0.000342 0.000000
0.000300 0.000352 0.000000
0.000300 0.000362 0.000000
0.000301 0.000370 0.000000
0.000300 0.000380 0.000000
0.000303 0.000393 0.000000
0.000293 0.000395 0.000000
0.000306 0.000404 0.000000
0.000302 0.000422 0.000000
0.000303 0.000427 0.000000
0.000304 0.000435 0.000000
0.000301 0.000449 0.000000
0.000307 0.000458 0.000000
0.000303 0.000466 0.000000
0.000306 0.000484 0.000000
0.000308 0.000496 0.000000
0.000313 0.000496 0.000000
0.000962 0.000926 0.000000
0.001007 0.001022 0.000000
0.000998 0.001033 0.000000
0.001015 0.001043 0.000000
0.001041 0.001060 0.000000
0.001057 0.001061 0.000000
0.001102 0.001074 0.000000
0.001121 0.001079 0.000000
0.001134 0.001071 0.000000
0.001159 0.001065 0.000000
0.000310 0.000300 0.000000
0.000310 0.000310 0.000000
0.000310 0.000320 0.000000
0.000310 0.000329 0.000000
0.000310 0.000338 0.000000
0.000310 0.000348 0.000000
0.000310 0.000358 0.000000
0.000311 0.000370 0.000000
0.000310 0.000379 0.000000
0.000311 0.000388 0.000000
0.000314 0.000404 0.000000
0.000306 0.000413 0.000000
0.000315 0.000418 0.000000
0.000313 0.000437 0.000000
0.000309 0.000446 0.000000
0.000323 0.000444 0.000000
0.000320 0.000465 0.000000
0.000313 0.000472 0.000000
0.000315 0.000483 0.000000
0.000324 0.000483 0.000000
0.000318 0.000498 0.000000
0.000994 0.001019 0.000000
0.000961 0.000922 0.000000
0.001012 0.001031 0.000000
0.001035 0.001052 0.000000
0.001025 0.001050 0.000000
0.001061 0.001068 0.000000
0.001093 0.001069 0.000000
0.001077 0.001054 0.000000
0.001133 0.001063 0.000000
0.001149 0.001066 0.000000
0.000320 0.000300 0.000000
0.000320 0.000310 0.000000
0.000320 0.000320 0.000000
0.000320 0.000331 0.000000
0.000320 0.000342 0.000000
0.000322 0.000353 0.000000
0.000319 0.000361 0.000000
0.000321 0.000369 0.000000
0.000320 0.000382 0.000000
0.000326 0.000392 0.000000
0.000317 0.000396 0.000000
0.000321 0.000409 0.000000
0.000322 0.000420 0.000000
0.000325 0.000434 0.000000
0.000317 0.000429 0.000000
0.000322 0.000457 0.000000
0.000316 0.000452 0.000000
0.000331 0.000465 0.000000
0.000323 0.000474 0.000000
0.000324 0.000495 0.000000
0.000330 0.000496 0.000000
0.000935 0.000809 0.000000
0.001004 0.001014 0.000000
0.001020 0.001034 0.000000
0.001025 0.001023 0.000000
0.001027 0.001042 0.000000
0.001051 0.001056 0.000000
0.001069 0.001074 0.000000
0.001118 0.001066 0.000000
0.001124 0.001062 0.000000
0.001154 0.001059 0.000000
0.000330 0.000300 0.000000
0.000330 0.000310 0.000000
0.000330 0.000320 0.000000
0.000330 0.000329 0.000000
0.000330 0.000338 0.000000
0.000330 0.000348 0.000000
0.000330 0.000359 0.000000
0.000332 0.000370 0.000000
0.000329 0.000377 0.000000
0.000330 0.000390 0.000000
0.000331 0.000402 0.000000
0.000333 0.000409 0.000000
0.000331 0.000419 0.000000
0.000333 0.000431 0.000000
0.000333 0.000441 0.000000
0.000331 0.000452 0.000000
0.000337 0.000456 0.000000
0.000333 0.000480 0.000000
0.000342 0.000476 0.000000
0.000337 0.000494 0.000000
0.000341 0.000497 0.000000
0.000971 0.000965 0.000000
0.000995 0.001001 0.000000
0.001003 0.001005 0.000000
0.001030 0.001033 0.000000
0.001040 0.001041 0.000000
0.001046 0.001049 0.000000
0.001067 0.001059 0.000000
0.001108 0.001063 0.000000
0.001104 0.001054 0.000000
0.001149 0.001056 0.000000
0.000340 0.000300 0.000000
0.000340 0.000310 0.000000
0.000339 0.000320 0.000000
0.000341 0.000332 0.000000
0.000341 0.000342 0.000000
0.000339 0.000351 0.000000
0.000341 0.000361 0.000000
0.000341 0.000372 0.000000
0.000339 0.000381 0.000000
0.000346 0.000389 0.000000
0.000339 0.000397 0.000000
0.000341 0.000410 0.000000
0.000343 0.000419 0.000000
0.000341 0.000428 0.000000
0.000345 0.000438 0.000000
0.000344 0.000448 0.000000
0.000345 0.000461 0.000000
0.000339 0.000471 0.000000
0.000351 0.000477 0.000000
0.000344 0.000484 0.000000
0.000348 0.000498 0.000000
0.000358 0.000499 0.000000
0.000976 0.000969 0.000000
0.001016 0.001022 0.000000
0.001036 0.001021 0.000000
0.001039 0.001030 0.000000
0.001049 0.001038 0.000000
0.001056 0.001046 0.000000
0.001066 0.001049 0.000000
0.001099 0.001061 0.000000
0.001138 0.001052 0.000000
0.000350 0.000300 0.000000
0.000350 0.000310 0.000000
0.000350 0.000320 0.000000
0.000350 0.000328 0.000000
0.000350 0.000339 0.000000
0.000352 0.000348 0.000000
0.000349 0.000359 0.000000
0.000350 0.000369 0.000000
0.000352 0.000379 0.000000
0.000348 0.000394 0.000000
0.000355 0.000400 0.000000
0.000350 0.000408 0.000000
0.000353 0.000418 0.000000
0.000351 0.000431 0.000000
0.000356 0.000440 0.000000
0.000350 0.000451 0.000000
0.000358 0.000460 0.000000
0.000355 0.000466 0.000000
0.000360 0.000484 0.000000
0.000353 0.000496 0.000000
0.000364 0.000496 0.000000
0.000381 0.000497 0.000000
0.001014 0.001011 0.000000
0.000990 0.000991 0.000000
0.000995 0.000995 0.000000
0.001048 0.001026 0.000000
0.001067 0.001046 0.000000
0.001069 0.001032 0.000000
0.001086 0.001059 0.000000
0.001090 0.001051 0.000000
0.001133 0.001051 0.000000
0.000360 0.000300 0.000000
0.000360 0.000310 0.000000
0.000360 0.000320 0.000000
0.000358 0.000332 0.000000
0.000366 0.000336 0.000000
0.000358 0.000357 0.000000
0.000365 0.000357 0.000000
0.000361 0.000373 0.000000
0.000362 0.000379 0.000000
0.000359 0.000389 0.000000
0.000365 0.000403 0.000000
0.000359 0.000412 0.000000
0.000369 0.000423 0.000000
0.000359 0.000427 0.000000
0.000364 0.000436 0.000000
0.000360 0.000449 0.000000
0.000369 0.000451 0.000000
0.000359 0.000475 0.000000
0.000370 0.000473 0.000000
0.000370 0.000481 0.000000
0.000925 0.000732 0.000000
0.000965 0.000934 0.000000
0.000967 0.000945 0.000000
0.000991 0.000983 0.000000
0.001024 0.001012 0.000000
0.001034 0.001015 0.000000
0.001058 0.001022 0.000000
0.001083 0.001047 0.000000
0.001056 0.001033 0.000000
0.001099 0.001048 0.000000
0.001125 0.001051 0.000000
0.000370 0.000300 0.000000
0.000370 0.000310 0.000000
0.000370 0.000319 0.000000
0.000371 0.000328 0.000000
0.000361 0.000345 0.000000
0.000373 0.000342 0.000000
0.000373 0.000351 0.000000
0.000368 0.000368 0.000000
0.000372 0.000377 0.000000
0.000374 0.000392 0.000000
0.000368 0.000394 0.000000
0.000377 0.000410 0.000000
0.000369 0.000414 0.000000
0.000371 0.000432 0.000000
0.000374 0.000443 0.000000
0.000372 0.000455 0.000000
0.000369 0.000464 0.000000
0.000382 0.000466 0.000000
0.000389 0.000479 0.000000
0.000377 0.000492 0.000000
0.000369 0.000494 0.000000
0.000409 0.000498 0.000000
0.000962 0.000918 0.000000
0.001025 0.001003 0.000000
0.000985 0.000949 0.000000
0.001045 0.001007 0.000000
0.001067 0.001032 0.000000
0.001079 0.001027 0.000000
0.001078 0.001038 0.000000
0.001096 0.001040 0.000000
0.001114 0.001049 0.000000
0.000380 0.000300 0.000000
0.000380 0.000310 0.000000
0.000380 0.000321 0.000000
0.000380 0.000332 0.000000
0.000382 0.000344 0.000000
0.000375 0.000362 0.000000
0.000383 0.000366 0.000000
0.000385 0.000355 0.000000
0.000377 0.000386 0.000000
0.000385 0.000382 0.000000
0.000380 0.000401 0.000000
0.000383 0.000410 0.000000
0.000379 0.000423 0.000000
0.000392 0.000426 0.000000
0.000381 0.000434 0.000000
0.000384 0.000445 0.000000
0.000383 0.000455 0.000000
0.000384 0.000468 0.000000
0.000379 0.000479 0.000000
0.000386 0.000491 0.000000
0.000394 0.000494 0.000000
0.000975 0.000928 0.000000
0.000968 0.000940 0.000000
0.000978 0.000944 0.000000
0.001007 0.000990 0.000000
0.001047 0.001016 0.000000
0.001018 0.000997 0.000000
0.001068 0.001020 0.000000
0.001086 0.001034 0.000000
0.001093 0.001033 0.000000
0.001108 0.001040 0.000000
0.000390 0.000300 0.000000
0.000390 0.000310 0.000000
0.000390 0.000319 0.000000
0.000391 0.000329 0.000000
0.000388 0.000337 0.000000
0.000391 0.000347 0.000000
0.000393 0.000362 0.000000
0.000385 0.000374 0.000000
0.000397 0.000382 0.000000
0.000388 0.000393 0.000000
0.000394 0.000400 0.000000
0.000393 0.000408 0.000000
0.000389 0.000419 0.000000
0.000390 0.000435 0.000000
0.000392 0.000448 0.000000
0.000402 0.000444 0.000000
0.000401 0.000464 0.000000
0.000394 0.000470 0.000000
0.000411 0.000473 0.000000
0.000401 0.000495 0.000000
0.000404 0.000498 0.000000
0.000969 0.000912 0.000000
0.000979 0.000921 0.000000
0.000986 0.000963 0.000000
0.000986 0.000975 0.000000
0.001000 0.000981 0.000000
0.001029 0.000993 0.000000
0.001080 0.001018 0.000000
0.001064 0.001009 0.000000
0.001101 0.001028 0.000000
0.001111 0.001027 0.000000
0.000400 0.000300 0.000000
0.000400 0.000310 0.000000
0.000400 0.000321 0.000000
0.000399 0.000333 0.000000
0.000402 0.000342 0.000000
0.000397 0.000354 0.000000
0.000406 0.000362 0.000000
0.000396 0.000372 0.000000
0.000404 0.000374 0.000000
0.000398 0.000390 0.000000
0.000403 0.000397 0.000000
0.000400 0.000413 0.000000
0.000406 0.000420 0.000000
0.000401 0.000427 0.000000
0.000402 0.000435 0.000000
0.000403 0.000455 0.000000
0.000395 0.000457 0.000000
0.000413 0.000460 0.000000
0.000396 0.000484 0.000000
0.000410 0.000483 0.000000
0.000956 0.000880 0.000000
0.000976 0.000906 0.000000
0.000981 0.000935 0.000000
0.000977 0.000961 0.000000
0.000993 0.000958 0.000000
0.001010 0.001000 0.000000
0.001058 0.001014 0.000000
0.001048 0.000997 0.000000
0.001091 0.001019 0.000000
0.001107 0.001020 0.000000
0.001114 0.001017 0.000000
0.000410 0.000300 0.000000
0.000410 0.000310 0.000000
0.000410 0.000320 0.000000
0.000410 0.000329 0.000000
0.000410 0.000336 0.000000
0.000414 0.000353 0.000000
0.000406 0.000352 0.000000
0.000411 0.000371 0.000000
0.000411 0.000383 0.000000
0.000411 0.000391 0.000000
0.000413 0.000400 0.000000
0.000409 0.000409 0.000000
0.000414 0.000414 0.000000
0.000422 0.000438 0.000000
0.000411 0.000439 0.000000
0.000413 0.000449 0.000000
0.000418 0.000471 0.000000
0.000403 0.000476 0.000000
0.000420 0.000481 0.000000
0.000421 0.000494 0.000000
0.000416 0.000497 0.000000
0.000432 0.000500 0.000000
0.000990 0.000927 0.000000
0.000995 0.000948 0.000000
0.001005 0.000973 0.000000
0.000994 0.000970 0.000000
0.001009 0.000980 0.000000
0.001038 0.000995 0.000000
0.001084 0.001011 0.000000
0.001099 0.001017 0.000000
0.001113 0.001009 0.000000
0.000420 0.000300 0.000000
0.000420 0.000310 0.000000
0.000420 0.000320 0.000000
0.000421 0.000333 0.000000
0.000416 0.000343 0.000000
0.000427 0.000345 0.000000
0.000417 0.000364 0.000000
0.000426 0.000372 0.000000
0.000420 0.000378 0.000000
0.000422 0.000387 0.000000
0.000422 0.000399 0.000000
0.000424 0.000418 0.000000
0.000423 0.000409 0.000000
0.000415 0.000430 0.000000
0.000422 0.000427 0.000000
0.000420 0.000453 0.000000
0.000426 0.000453 0.000000
0.000425 0.000463 0.000000
0.000428 0.000476 0.000000
0.000437 0.000499 0.000000
0.000426 0.000495 0.000000
0.000952 0.000873 0.000000
0.000992 0.000916 0.000000
0.000990 0.000939 0.000000
0.001001 0.000964 0.000000
0.001011 0.000963 0.000000
0.001017 0.000987 0.000000
0.001035 0.001004 0.000000
0.001076 0.001008 0.000000
0.001076 0.001002 0.000000
0.001110 0.001004 0.000000
0.000430 0.000300 0.000000
0.000430 0.000310 0.000000
0.000430 0.000320 0.000000
0.000429 0.000327 0.000000
0.000431 0.000338 0.000000
0.000424 0.000353 0.000000
0.000435 0.000368 0.000000
0.000427 0.000360 0.000000
0.000431 0.000381 0.000000
0.000431 0.000393 0.000000
0.000432 0.000403 0.000000
0.000435 0.000414 0.000000
0.000431 0.000428 0.000000
0.000440 0.000439 0.000000
0.000430 0.000440 0.000000
0.000443 0.000456 0.000000
0.000435 0.000461 0.000000
0.000433 0.000472 0.000000
0.000441 0.000479 0.000000
0.000433 0.000485 0.000000
0.000444 0.000496 0.000000
0.000966 0.000878 0.000000
0.000972 0.000904 0.000000
0.001010 0.000938 0.000000
0.001007 0.000952 0.000000
0.001021 0.000976 0.000000
0.001031 0.000964 0.000000
0.001024 0.000982 0.000000
0.001038 0.000986 0.000000
0.001071 0.000996 0.000000
0.001107 0.000997 0.000000
0.000440 0.000300 0.000000
0.000440 0.000310 0.000000
0.000440 0.000320 0.000000
0.000440 0.000332 0.000000
0.000440 0.000342 0.000000
0.000442 0.000351 0.000000
0.000437 0.000358 0.000000
0.000448 0.000364 0.000000
0.000449 0.000377 0.000000
0.000440 0.000386 0.000000
0.000441 0.000395 0.000000
0.000444 0.000405 0.000000
0.000439 0.000415 0.000000
0.000444 0.000424 0.000000
0.000440 0.000433 0.000000
0.000449 0.000443 0.000000
0.000436 0.000450 0.000000
0.000445 0.000468 0.000000
0.000447 0.000484 0.000000
0.000464 0.000483 0.000000
0.000446 0.000499 0.000000
0.000466 0.000500 0.000000
0.000943 0.000841 0.000000
0.000996 0.000937 0.000000
0.001005 0.000948 0.000000
0.001020 0.000968 0.000000
0.001022 0.000961 0.000000
0.001054 0.001005 0.000000
0.001049 0.000969 0.000000
0.001067 0.000986 0.000000
0.001104 0.000992 0.000000
0.000450 0.000300 0.000000
0.000450 0.000310 0.000000
0.000450 0.000320 0.000000
0.000451 0.000329 0.000000
0.000450 0.000337 0.000000
0.000448 0.000350 0.000000
0.000454 0.000357 0.000000
0.000440 0.000375 0.000000
0.000460 0.000378 0.000000
0.000449 0.000395 0.000000
0.000451 0.000413 0.000000
0.000458 0.000397 0.000000
0.000454 0.000422 0.000000
0.000453 0.000433 0.000000
0.000449 0.000456 0.000000
0.000458 0.000442 0.000000
0.000457 0.000462 0.000000
0.000462 0.000470 0.000000
0.000452 0.000475 0.000000
0.000460 0.000497 0.000000
0.000454 0.000497 0.000000
0.000923 0.000714 0.000000
0.000983 0.000916 0.000000
0.001002 0.000917 0.000000
0.001007 0.000929 0.000000
0.001018 0.000951 0.000000
0.001044 0.000979 0.000000
0.001033 0.000977 0.000000
0.001050 0.000987 0.000000
0.001065 0.000996 0.000000
0.001094 0.001008 0.000000
0.000460 0.000300 0.000000
0.000460 0.000310 0.000000
0.000460 0.000320 0.000000
0.000460 0.000332 0.000000
0.000458 0.000342 0.000000
0.000467 0.000348 0.000000
0.000454 0.000369 0.000000
0.000464 0.000363 0.000000
0.000454 0.000386 0.000000
0.000465 0.000388 0.000000
0.000466 0.000400 0.000000
0.000463 0.000416 0.000000
0.000457 0.000407 0.000000
0.000462 0.000427 0.000000
0.000465 0.000438 0.000000
0.000467 0.000450 0.000000
0.000459 0.000452 0.000000
0.000470 0.000477 0.000000
0.000456 0.000482 0.000000
0.000473 0.000486 0.000000
0.000469 0.000497 0.000000
0.000923 0.000714 0.000000
0.000945 0.000849 0.000000
0.000975 0.000892 0.000000
0.001018 0.000940 0.000000
0.001029 0.000950 0.000000
0.001037 0.000955 0.000000
0.001044 0.000961 0.000000
0.001058 0.000992 0.000000
0.001068 0.000980 0.000000
0.001100 0.000984 0.000000
0.000470 0.000300 0.000000
0.000470 0.000310 0.000000
0.000470 0.000320 0.000000
0.000470 0.000329 0.000000
0.000470 0.000339 0.000000
0.000464 0.000352 0.000000
0.000475 0.000361 0.000000
0.000471 0.000383 0.000000
0.000467 0.000370 0.000000
0.000482 0.000382 0.000000
0.000470 0.000411 0.000000
0.000480 0.000410 0.000000
0.000471 0.000422 0.000000
0.000473 0.000431 0.000000
0.000475 0.000441 0.000000
0.000468 0.000462 0.000000
0.000477 0.000453 0.000000
0.000479 0.000459 0.000000
0.000488 0.000477 0.000000
0.000482 0.000495 0.000000
0.000477 0.000500 0.000000
0.000487 0.000499 0.000000
0.000951 0.000866 0.000000
0.000969 0.000868 0.000000
0.000999 0.000926 0.000000
0.001016 0.000931 0.000000
0.001054 0.000959 0.000000
0.001039 0.000970 0.000000
0.001056 0.000979 0.000000
0.001070 0.000975 0.000000
0.001094 0.000996 0.000000
0.000480 0.000300 0.000000
0.000480 0.000310 0.000000
0.000480 0.000320 0.000000
0.000480 0.000331 0.000000
0.000481 0.000340 0.000000
0.000479 0.000349 0.000000
0.000484 0.000357 0.000000
0.000475 0.000371 0.000000
0.000484 0.000373 0.000000
0.000475 0.000391 0.000000
0.000492 0.000402 0.000000
0.000477 0.000401 0.000000
0.000482 0.000419 0.000000
0.000483 0.000429 0.000000
0.000485 0.000438 0.000000
0.000486 0.000447 0.000000
0.000489 0.000472 0.000000
0.000477 0.000467 0.000000
0.000479 0.000478 0.000000
0.000493 0.000498 0.000000
0.000492 0.000485 0.000000
0.000945 0.000848 0.000000
0.000958 0.000851 0.000000
0.000950 0.000862 0.000000
0.000968 0.000890 0.000000
0.001031 0.000944 0.000000
0.001026 0.000930 0.000000
0.001039 0.000945 0.000000
0.001059 0.000968 0.000000
0.001073 0.000970 0.000000
0.001092 0.000986 0.000000
0.000490 0.000300 0.000000
0.000490 0.000310 0.000000
0.000490 0.000320 0.000000
0.000489 0.000329 0.000000
0.000491 0.000341 0.000000
0.000491 0.000352 0.000000
0.000488 0.000364 0.000000
0.000494 0.000374 0.000000
0.000491 0.000384 0.000000
0.000484 0.000394 0.000000
0.000495 0.000392 0.000000
0.000489 0.000410 0.000000
0.000501 0.000411 0.000000
0.000492 0.000427 0.000000
0.000494 0.000440 0.000000
0.000498 0.000455 0.000000
0.000489 0.000458 0.000000
0.000505 0.000458 0.000000
0.000502 0.000474 0.000000
0.000498 0.000494 0.000000
0.000919 0.000670 0.000000
0.000948 0.000857 0.000000
0.000964 0.000844 0.000000
0.000964 0.000888 0.000000
0.000984 0.000902 0.000000
0.000993 0.000906 0.000000
0.001015 0.000922 0.000000
0.001061 0.000947 0.000000
0.001052 0.000951 0.000000
0.001077 0.000964 0.000000
0.001097 0.000976 0.000000
0.000500 0.000300 0.000000
0.000500 0.000310 0.000000
0.000500 0.000320 0.000000
0.000500 0.000330 0.000000
0.000500 0.000338 0.000000
0.000500 0.000349 0.000000
0.000508 0.000358 0.000000
0.000507 0.000370 0.000000
0.000502 0.000374 0.000000
0.000512 0.000395 0.000000
0.000506 0.000405 0.000000
0.000495 0.000418 0.000000
0.000508 0.000417 0.000000
0.000501 0.000434 0.000000
0.000508 0.000437 0.000000
0.000501 0.000448 0.000000
0.000497 0.000466 0.000000
0.000512 0.000469 0.000000
0.000510 0.000492 0.000000
0.000504 0.000482 0.000000
0.000504 0.000496 0.000000
0.000515 0.000494 0.000000
0.000969 0.000851 0.000000
0.000963 0.000865 0.000000
0.000975 0.000877 0.000000
0.000984 0.000879 0.000000
0.001047 0.000941 0.000000
0.001012 0.000913 0.000000
0.001065 0.000961 0.000000
0.001082 0.000960 0.000000
0.001090 0.000978 0.000000
0.000510 0.000300 0.000000
0.000510 0.000310 0.000000
0.000510 0.000319 0.000000
0.000511 0.000331 0.000000
0.000510 0.000340 0.000000
0.000510 0.000351 0.000000
0.000498 0.000362 0.000000
0.000516 0.000366 0.000000
0.000504 0.000384 0.000000
0.000514 0.000386 0.000000
0.000502 0.000395 0.000000
0.000515 0.000409 0.000000
0.000505 0.000425 0.000000
0.000516 0.000428 0.000000
0.000517 0.000439 0.000000
0.000512 0.000448 0.000000
0.000516 0.000460 0.000000
0.000512 0.000477 0.000000
0.000521 0.000470 0.000000
0.000521 0.000481 0.000000
0.000533 0.000498 0.000000
0.000954 0.000834 0.000000
0.000975 0.000856 0.000000
0.000970 0.000836 0.000000
0.000983 0.000890 0.000000
0.000991 0.000896 0.000000
0.001000 0.000900 0.000000
0.001030 0.000921 0.000000
0.001051 0.000934 0.000000
0.001081 0.000952 0.000000
0.001092 0.000966 0.000000
0.000520 0.000300 0.000000
0.000521 0.000310 0.000000
0.000518 0.000321 0.000000
0.000530 0.000328 0.000000
0.000532 0.000346 0.000000
0.000519 0.000345 0.000000
0.000520 0.000357 0.000000
0.000524 0.000373 0.000000
0.000516 0.000379 0.000000
0.000524 0.000388 0.000000
0.000520 0.000401 0.000000
0.000528 0.000409 0.000000
0.000519 0.000420 0.000000
0.000536 0.000438 0.000000
0.000521 0.000452 0.000000
0.000536 0.000449 0.000000
0.000527 0.000446 0.000000
0.000534 0.000465 0.000000
0.000522 0.000496 0.000000
0.000529 0.000484 0.000000
0.000528 0.000496 0.000000
0.000941 0.000832 0.000000
0.000962 0.000832 0.000000
0.000977 0.000868 0.000000
0.000995 0.000874 0.000000
0.000991 0.000870 0.000000
0.001005 0.000892 0.000000
0.001036 0.000935 0.000000
0.001022 0.000914 0.000000
0.001072 0.000950 0.000000
0.001092 0.000957 0.000000
0.000530 0.000300 0.000000
0.000530 0.000310 0.000000
0.000528 0.000320 0.000000
0.000520 0.000332 0.000000
0.000527 0.000337 0.000000
0.000527 0.000352 0.000000
0.000530 0.000362 0.000000
0.000532 0.000371 0.000000
0.000532 0.000380 0.000000
0.000533 0.000391 0.000000
0.000529 0.000401 0.000000
0.000537 0.000413 0.000000
0.000525 0.000419 0.000000
0.000530 0.000428 0.000000
0.000526 0.000438 0.000000
0.000546 0.000442 0.000000
0.000540 0.000462 0.000000
0.000531 0.000474 0.000000
0.000538 0.000484 0.000000
0.000546 0.000483 0.000000
0.000540 0.000498 0.000000
0.000941 0.000829 0.000000
0.000982 0.000851 0.000000
0.000985 0.000862 0.000000
0.000995 0.000850 0.000000
0.000992 0.000886 0.000000
0.001026 0.000890 0.000000
0.001008 0.000906 0.000000
0.001067 0.000947 0.000000
0.001052 0.000927 0.000000
0.001090 0.000947 0.000000
0.000540 0.000300 0.000000
0.000540 0.000310 0.000000
0.000540 0.000320 0.000000
0.000540 0.000329 0.000000
0.000549 0.000340 0.000000
0.000544 0.000351 0.000000
0.000540 0.000359 0.000000
0.000552 0.000371 0.000000
0.000541 0.000385 0.000000
0.000547 0.000381 0.000000
0.000540 0.000399 0.000000
0.000544 0.000407 0.000000
0.000551 0.000428 0.000000
0.000538 0.000422 0.000000
0.000542 0.000429 0.000000
0.000528 0.000460 0.000000
0.000550 0.000455 0.000000
0.000550 0.000465 0.000000
0.000544 0.000474 0.000000
0.000551 0.000498 0.000000
0.000546 0.000499 0.000000
0.000556 0.000499 0.000000
0.000940 0.000828 0.000000
0.000976 0.000842 0.000000
0.001008 0.000876 0.000000
0.001008 0.000867 0.000000
0.001001 0.000883 0.000000
0.001025 0.000905 0.000000
0.001035 0.000895 0.000000
0.001057 0.000939 0.000000
0.001087 0.000940 0.000000
0.000550 0.000300 0.000000
0.000550 0.000310 0.000000
0.000550 0.000321 0.000000
0.000548 0.000333 0.000000
0.000539 0.000341 0.000000
0.000554 0.000349 0.000000
0.000547 0.000360 0.000000
0.000542 0.000370 0.000000
0.000555 0.000382 0.000000
0.000547 0.000393 0.000000
0.000554 0.000399 0.000000
0.000552 0.000410 0.000000
0.000550 0.000418 0.000000
0.000555 0.000435 0.000000
0.000546 0.000449 0.000000
0.000558 0.000446 0.000000
0.000561 0.000457 0.000000
0.000561 0.000468 0.000000
0.000554 0.000484 0.000000
0.000562 0.000483 0.000000
0.000563 0.000496 0.000000
0.000947 0.000820 0.000000
0.000935 0.000797 0.000000
0.000993 0.000856 0.000000
0.000994 0.000839 0.000000
0.001000 0.000863 0.000000
0.001012 0.000899 0.000000
0.001014 0.000887 0.000000
0.001035 0.000925 0.000000
0.001049 0.000917 0.000000
0.001085 0.000929 0.000000
0.000560 0.000300 0.000000
0.000560 0.000310 0.000000
0.000560 0.000319 0.000000
0.000562 0.000339 0.000000
0.000558 0.000329 0.000000
0.000565 0.000346 0.000000
0.000568 0.000365 0.000000
0.000557 0.000363 0.000000
0.000563 0.000373 0.000000
0.000561 0.000391 0.000000
0.000572 0.000396 0.000000
0.000562 0.000409 0.000000
0.000568 0.000422 0.000000
0.000560 0.000424 0.000000
0.000565 0.000435 0.000000
0.000566 0.000448 0.000000
0.000555 0.000473 0.000000
0.000570 0.000464 0.000000
0.000568 0.000476 0.000000
0.000567 0.000497 0.000000
0.000934 0.000747 0.000000
0.000574 0.000493 0.000000
0.000921 0.000693 0.000000
0.000985 0.000839 0.000000
0.001011 0.000857 0.000000
0.001018 0.000878 0.000000
0.001026 0.000877 0.000000
0.001021 0.000896 0.000000
0.001036 0.000914 0.000000
0.001047 0.000923 0.000000
0.001082 0.000921 0.000000
0.000570 0.000300 0.000000
0.000570 0.000310 0.000000
0.000570 0.000321 0.000000
0.000568 0.000329 0.000000
0.000572 0.000338 0.000000
0.000562 0.000355 0.000000
0.000572 0.000354 0.000000
0.000571 0.000377 0.000000
0.000576 0.000384 0.000000
0.000566 0.000387 0.000000
0.000565 0.000403 0.000000
0.000571 0.000412 0.000000
0.000581 0.000416 0.000000
0.000577 0.000433 0.000000
0.000573 0.000441 0.000000
0.000573 0.000454 0.000000
0.000580 0.000459 0.000000
0.000579 0.000475 0.000000
0.000588 0.000495 0.000000
0.000574 0.000483 0.000000
0.000580 0.000496 0.000000
0.000929 0.000761 0.000000
0.000932 0.000789 0.000000
0.000957 0.000823 0.000000
0.001004 0.000852 0.000000
0.001019 0.000849 0.000000
0.001018 0.000869 0.000000
0.001031 0.000904 0.000000
0.001043 0.000886 0.000000
0.001050 0.000909 0.000000
0.001078 0.000936 0.000000
0.000580 0.000300 0.000000
0.000580 0.000310 0.000000
0.000580 0.000319 0.000000
0.000580 0.000329 0.000000
0.000581 0.000341 0.000000
0.000582 0.000350 0.000000
0.000581 0.000360 0.000000
0.000577 0.000368 0.000000
0.000584 0.000374 0.000000
0.000581 0.000392 0.000000
0.000586 0.000402 0.000000
0.000581 0.000404 0.000000
0.000574 0.000425 0.000000
0.000588 0.000421 0.000000
0.000586 0.000438 0.000000
0.000582 0.000446 0.000000
0.000589 0.000457 0.000000
0.000582 0.000468 0.000000
0.000590 0.000475 0.000000
0.000587 0.000484 0.000000
0.000590 0.000497 0.000000
0.000921 0.000693 0.000000
0.000931 0.000773 0.000000
0.000941 0.000799 0.000000
0.000966 0.000824 0.000000
0.001021 0.000859 0.000000
0.001034 0.000882 0.000000
0.001032 0.000870 0.000000
0.001043 0.000905 0.000000
0.001056 0.000903 0.000000
0.001062 0.000911 0.000000
0.000590 0.000300 0.000000
0.000590 0.000310 0.000000
0.000590 0.000321 0.000000
0.000591 0.000331 0.000000
0.000590 0.000339 0.000000
0.000591 0.000352 0.000000
0.000590 0.000364 0.000000
0.000598 0.000367 0.000000
0.000595 0.000389 0.000000
0.000587 0.000384 0.000000
0.000593 0.000399 0.000000
0.000591 0.000412 0.000000
0.000589 0.000429 0.000000
0.000600 0.000420 0.000000
0.000593 0.000443 0.000000
0.000606 0.000443 0.000000
0.000596 0.000463 0.000000
0.000599 0.000473 0.000000
0.000598 0.000481 0.000000
0.000603 0.000494 0.000000
0.000597 0.000496 0.000000
0.000922 0.000698 0.000000
0.000930 0.000768 0.000000
0.000948 0.000800 0.000000
0.000986 0.000831 0.000000
0.001006 0.000843 0.000000
0.001045 0.000864 0.000000
0.001045 0.000896 0.000000
0.001040 0.000876 0.000000
0.001061 0.000898 0.000000
0.001077 0.000928 0.000000
0.000600 0.000300 0.000000
0.000600 0.000310 0.000000
0.000600 0.000319 0.000000
0.000600 0.000328 0.000000
0.000598 0.000343 0.000000
0.000606 0.000349 0.000000
0.000600 0.000354 0.000000
0.000594 0.000375 0.000000
0.000607 0.000376 0.000000
0.000603 0.000385 0.000000
0.000603 0.000397 0.000000
0.000604 0.000408 0.000000
0.000613 0.000418 0.000000
0.000599 0.000430 0.000000
0.000610 0.000428 0.000000
0.000595 0.000452 0.000000
0.000605 0.000454 0.000000
0.000606 0.000467 0.000000
0.000608 0.000477 0.000000
0.000608 0.000491 0.000000
0.000629 0.000495 0.000000
0.000943 0.000766 0.000000
0.000932 0.000779 0.000000
0.000932 0.000785 0.000000
0.000952 0.000815 0.000000
0.000968 0.000811 0.000000
0.001034 0.000859 0.000000
0.001052 0.000876 0.000000
0.001053 0.000889 0.000000
0.001065 0.000892 0.000000
0.001081 0.000913 0.000000
0.000610 0.000300 0.000000
0.000610 0.000310 0.000000
0.000610 0.000321 0.000000
0.000611 0.000333 0.000000
0.000608 0.000337 0.000000
0.000611 0.000358 0.000000
0.000628 0.000371 0.000000
0.000605 0.000366 0.000000
0.000614 0.000383 0.000000
0.000614 0.000402 0.000000
0.000611 0.000392 0.000000
0.000604 0.000412 0.000000
0.000619 0.000429 0.000000
0.000605 0.000436 0.000000
0.000629 0.000440 0.000000
0.000622 0.000453 0.000000
0.000615 0.000461 0.000000
0.000618 0.000472 0.000000
0.000618 0.000481 0.000000
0.000621 0.000494 0.000000
0.000613 0.000495 0.000000
0.000933 0.000720 0.000000
0.000928 0.000705 0.000000
0.000947 0.000785 0.000000
0.000952 0.000792 0.000000
0.000950 0.000809 0.000000
0.000994 0.000828 0.000000
0.001003 0.000833 0.000000
0.001058 0.000874 0.000000
0.001067 0.000890 0.000000
0.001074 0.000914 0.000000
0.000620 0.000300 0.000000
0.000620 0.000310 0.000000
0.000620 0.000319 0.000000
0.000620 0.000328 0.000000
0.000627 0.000348 0.000000
0.000618 0.000342 0.000000
0.000617 0.000352 0.000000
0.000617 0.000369 0.000000
0.000634 0.000379 0.000000
0.000623 0.000387 0.000000
0.000622 0.000397 0.000000
0.000639 0.000418 0.000000
0.000620 0.000410 0.000000
0.000625 0.000432 0.000000
0.000613 0.000450 0.000000
0.000618 0.000441 0.000000
0.000627 0.000453 0.000000
0.000624 0.000469 0.000000
0.000627 0.000477 0.000000
0.000636 0.000482 0.000000
0.000624 0.000494 0.000000
0.000677 0.000500 0.000000
0.000942 0.000775 0.000000
0.000953 0.000774 0.000000
0.000967 0.000803 0.000000
0.000977 0.000823 0.000000
0.000976 0.000819 0.000000
0.001051 0.000869 0.000000
0.001021 0.000841 0.000000
0.001076 0.000887 0.000000
0.001080 0.000904 0.000000
0.000630 0.000300 0.000000
0.000630 0.000310 0.000000
0.000630 0.000322 0.000000
0.000632 0.000331 0.000000
0.000628 0.000338 0.000000
0.000631 0.000356 0.000000
0.000637 0.000365 0.000000
0.000623 0.000361 0.000000
0.000621 0.000376 0.000000
0.000634 0.000397 0.000000
0.000644 0.000396 0.000000
0.000634 0.000413 0.000000
0.000623 0.000419 0.000000
0.000636 0.000448 0.000000
0.000632 0.000426 0.000000
0.000648 0.000441 0.000000
0.000641 0.000456 0.000000
0.000637 0.000472 0.000000
0.000643 0.000492 0.000000
0.000636 0.000495 0.000000
0.000647 0.000496 0.000000
0.000940 0.000722 0.000000
0.000935 0.000750 0.000000
0.000956 0.000784 0.000000
0.000962 0.000790 0.000000
0.000979 0.000809 0.000000
0.000961 0.000805 0.000000
0.001014 0.000837 0.000000
0.001026 0.000851 0.000000
0.001082 0.000880 0.000000
0.001083 0.000897 0.000000
0.000640 0.000300 0.000000
0.000640 0.000310 0.000000
0.000640 0.000319 0.000000
0.000641 0.000328 0.000000
0.000649 0.000346 0.000000
0.000636 0.000342 0.000000
0.000640 0.000354 0.000000
0.000645 0.000377 0.000000
0.000652 0.000385 0.000000
0.000632 0.000388 0.000000
0.000650 0.000405 0.000000
0.000628 0.000406 0.000000
0.000649 0.000420 0.000000
0.000644 0.000430 0.000000
0.000638 0.000436 0.000000
0.000633 0.000461 0.000000
0.000648 0.000462 0.000000
0.000654 0.000470 0.000000
0.000642 0.000473 0.000000
0.000649 0.000481 0.000000
0.000653 0.000498 0.000000
0.000923 0.000688 0.000000
0.000949 0.000754 0.000000
0.000960 0.000774 0.000000
0.000960 0.000762 0.000000
0.000973 0.000789 0.000000
0.000994 0.000811 0.000000
0.000999 0.000822 0.000000
0.001064 0.000877 0.000000
0.001072 0.000876 0.000000
0.001088 0.000888 0.000000
0.000650 0.000300 0.000000
0.000650 0.000310 0.000000
0.000650 0.000322 0.000000
0.000652 0.000333 0.000000
0.000646 0.000338 0.000000
0.000648 0.000354 0.000000
0.000651 0.000364 0.000000
0.000656 0.000374 0.000000
0.000643 0.000370 0.000000
0.000643 0.000390 0.000000
0.000659 0.000403 0.000000
0.000642 0.000408 0.000000
0.000656 0.000414 0.000000
0.000652 0.000433 0.000000
0.000660 0.000444 0.000000
0.000648 0.000450 0.000000
0.000658 0.000453 0.000000
0.000658 0.000477 0.000000
0.000659 0.000483 0.000000
0.000669 0.000486 0.000000
0.000657 0.000498 0.000000
0.000938 0.000710 0.000000
0.000948 0.000744 0.000000
0.000935 0.000756 0.000000
0.000971 0.000796 0.000000
0.000982 0.000792 0.000000
0.000987 0.000804 0.000000
0.000987 0.000819 0.000000
0.001004 0.000814 0.000000
0.001044 0.000858 0.000000
0.001091 0.000878 0.000000
0.000660 0.000300 0.000000
0.000660 0.000310 0.000000
0.000659 0.000319 0.000000
0.000662 0.000327 0.000000
0.000659 0.000338 0.000000
0.000665 0.000347 0.000000
0.000658 0.000356 0.000000
0.000667 0.000366 0.000000
0.000656 0.000394 0.000000
0.000668 0.000391 0.000000
0.000663 0.000385 0.000000
0.000666 0.000412 0.000000
0.000659 0.000423 0.000000
0.000668 0.000427 0.000000
0.000661 0.000436 0.000000
0.000668 0.000453 0.000000
0.000668 0.000466 0.000000
0.000659 0.000462 0.000000
0.000680 0.000482 0.000000
0.000681 0.000495 0.000000
0.000919 0.000611 0.000000
0.000663 0.000498 0.000000
0.000938 0.000739 0.000000
0.000968 0.000769 0.000000
0.000977 0.000773 0.000000
0.000970 0.000779 0.000000
0.000988 0.000801 0.000000
0.001007 0.000806 0.000000
0.001036 0.000856 0.000000
0.001029 0.000826 0.000000
0.001088 0.000871 0.000000
0.000670 0.000300 0.000000
0.000670 0.000310 0.000000
0.000671 0.000321 0.000000
0.000669 0.000333 0.000000
0.000672 0.000341 0.000000
0.000665 0.000356 0.000000
0.000675 0.000354 0.000000
0.000672 0.000378 0.000000
0.000662 0.000374 0.000000
0.000681 0.000375 0.000000
0.000669 0.000401 0.000000
0.000676 0.000408 0.000000
0.000671 0.000420 0.000000
0.000676 0.000432 0.000000
0.000670 0.000440 0.000000
0.000678 0.000445 0.000000
0.000676 0.000456 0.000000
0.000677 0.000467 0.000000
0.000670 0.000476 0.000000
0.000668 0.000494 0.000000
0.000687 0.000495 0.000000
0.000919 0.000597 0.000000
0.000959 0.000740 0.000000
0.000945 0.000735 0.000000
0.000957 0.000749 0.000000
0.000984 0.000782 0.000000
0.000991 0.000787 0.000000
0.000999 0.000800 0.000000
0.001011 0.000825 0.000000
0.001020 0.000831 0.000000
0.001082 0.000867 0.000000
0.000680 0.000300 0.000000
0.000680 0.000310 0.000000
0.000680 0.000319 0.000000
0.000681 0.000328 0.000000
0.000681 0.000338 0.000000
0.000683 0.000348 0.000000
0.000676 0.000367 0.000000
0.000684 0.000363 0.000000
0.000677 0.000389 0.000000
0.000690 0.000391 0.000000
0.000681 0.000398 0.000000
0.000691 0.000415 0.000000
0.000681 0.000417 0.000000
0.000697 0.000433 0.000000
0.000686 0.000442 0.000000
0.000685 0.000452 0.000000
0.000688 0.000462 0.000000
0.000681 0.000472 0.000000
0.000692 0.000477 0.000000
0.000690 0.000483 0.000000
0.000692 0.000499 0.000000
0.000704 0.000499 0.000000
0.000941 0.000727 0.000000
0.000951 0.000760 0.000000
0.000968 0.000754 0.000000
0.000975 0.000764 0.000000
0.001000 0.000790 0.000000
0.001017 0.000803 0.000000
0.001014 0.000815 0.000000
0.001022 0.000822 0.000000
0.001075 0.000868 0.000000
0.000690 0.000300 0.000000
0.000690 0.000310 0.000000
0.000690 0.000321 0.000000
0.000691 0.000332 0.000000
0.000691 0.000342 0.000000
0.000687 0.000357 0.000000
0.000695 0.000354 0.000000
0.000690 0.000374 0.000000
0.000698 0.000383 0.000000
0.000684 0.000384 0.000000
0.000693 0.000401 0.000000
0.000686 0.000407 0.000000
0.000696 0.000422 0.000000
0.000685 0.000426 0.000000
0.000689 0.000433 0.000000
0.000700 0.000454 0.000000
0.000696 0.000457 0.000000
0.000696 0.000468 0.000000
0.000701 0.000480 0.000000
0.000699 0.000494 0.000000
0.000919 0.000626 0.000000
0.000919 0.000618 0.000000
0.000927 0.000663 0.000000
0.000936 0.000699 0.000000
0.000969 0.000749 0.000000
0.000974 0.000740 0.000000
0.000999 0.000782 0.000000
0.001011 0.000787 0.000000
0.001023 0.000811 0.000000
0.001032 0.000818 0.000000
0.001039 0.000821 0.000000
0.000700 0.000300 0.000000
0.000700 0.000310 0.000000
0.000701 0.000319 0.000000
0.000699 0.000329 0.000000
0.000701 0.000338 0.000000
0.000701 0.000348 0.000000
0.000701 0.000361 0.000000
0.000699 0.000374 0.000000
0.000702 0.000371 0.000000
0.000699 0.000395 0.000000
0.000711 0.000397 0.000000
0.000700 0.000411 0.000000
0.000707 0.000414 0.000000
0.000705 0.000440 0.000000
0.000712 0.000435 0.000000
0.000697 0.000445 0.000000
0.000710 0.000459 0.000000
0.000707 0.000469 0.000000
0.000719 0.000476 0.000000
0.000708 0.000497 0.000000
0.000711 0.000484 0.000000
0.000715 0.000497 0.000000
0.000931 0.000658 0.000000
0.000943 0.000693 0.000000
0.000987 0.000773 0.000000
0.000984 0.000760 0.000000
0.000992 0.000763 0.000000
0.001011 0.000795 0.000000
0.001025 0.000800 0.000000
0.001039 0.000811 0.000000
0.001045 0.000815 0.000000
0.000710 0.000300 0.000000
0.000711 0.000310 0.000000
0.000709 0.000322 0.000000
0.000711 0.000331 0.000000
0.000711 0.000340 0.000000
0.000709 0.000353 0.000000
0.000712 0.000362 0.000000
0.000714 0.000374 0.000000
0.000712 0.000384 0.000000
0.000706 0.000390 0.000000
0.000721 0.000399 0.000000
0.000717 0.000415 0.000000
0.000715 0.000425 0.000000
0.000706 0.000426 0.000000
0.000721 0.000443 0.000000
0.000719 0.000452 0.000000
0.000723 0.000460 0.000000
0.000710 0.000476 0.000000
0.000728 0.000477 0.000000
0.000725 0.000497 0.000000
0.000731 0.000497 0.000000
0.000922 0.000655 0.000000
0.000934 0.000684 0.000000
0.000953 0.000728 0.000000
0.000947 0.000705 0.000000
0.000965 0.000736 0.000000
0.001005 0.000761 0.000000
0.001010 0.000779 0.000000
0.001013 0.000772 0.000000
0.001036 0.000803 0.000000
0.001049 0.000805 0.000000
0.000720 0.000300 0.000000
0.000720 0.000310 0.000000
0.000720 0.000319 0.000000
0.000721 0.000329 0.000000
0.000722 0.000339 0.000000
0.000718 0.000347 0.000000
0.000731 0.000362 0.000000
0.000721 0.000368 0.000000
0.000722 0.000378 0.000000
0.000721 0.000388 0.000000
0.000709 0.000406 0.000000
0.000724 0.000407 0.000000
0.000728 0.000414 0.000000
0.000723 0.000432 0.000000
0.000730 0.000439 0.000000
0.000711 0.000449 0.000000
0.000733 0.000460 0.000000
0.000720 0.000466 0.000000
0.000739 0.000479 0.000000
0.000720 0.000494 0.000000
0.000736 0.000496 0.000000
0.000931 0.000650 0.000000
0.000940 0.000648 0.000000
0.000931 0.000685 0.000000
0.000991 0.000749 0.000000
0.000961 0.000721 0.000000
0.000995 0.000768 0.000000
0.001012 0.000752 0.000000
0.001029 0.000788 0.000000
0.001037 0.000795 0.000000
0.001052 0.000798 0.000000
0.000730 0.000300 0.000000
0.000730 0.000310 0.000000
0.000730 0.000320 0.000000
0.000730 0.000331 0.000000
0.000731 0.000344 0.000000
0.000729 0.000353 0.000000
0.000721 0.000357 0.000000
0.000735 0.000371 0.000000
0.000731 0.000380 0.000000
0.000734 0.000391 0.000000
0.000730 0.000397 0.000000
0.000736 0.000407 0.000000
0.000727 0.000423 0.000000
0.000736 0.000430 0.000000
0.000738 0.000441 0.000000
0.000731 0.000449 0.000000
0.000734 0.000469 0.000000
0.000743 0.000462 0.000000
0.000730 0.000482 0.000000
0.000753 0.000497 0.000000
0.000760 0.000500 0.000000
0.000944 0.000670 0.000000
0.000940 0.000679 0.000000
0.000950 0.000687 0.000000
0.000948 0.000715 0.000000
0.000949 0.000675 0.000000
0.000980 0.000750 0.000000
0.001005 0.000770 0.000000
0.001023 0.000790 0.000000
0.001035 0.000786 0.000000
0.001055 0.000793 0.000000
0.000740 0.000300 0.000000
0.000740 0.000310 0.000000
0.000740 0.000320 0.000000
0.000740 0.000329 0.000000
0.000741 0.000337 0.000000
0.000741 0.000347 0.000000
0.000742 0.000355 0.000000
0.000741 0.000365 0.000000
0.000740 0.000383 0.000000
0.000746 0.000390 0.000000
0.000744 0.000399 0.000000
0.000737 0.000420 0.000000
0.000744 0.000414 0.000000
0.000750 0.000422 0.000000
0.000749 0.000442 0.000000
0.000748 0.000452 0.000000
0.000741 0.000454 0.000000
0.000751 0.000472 0.000000
0.000743 0.000484 0.000000
0.000752 0.000483 0.000000
0.000740 0.000497 0.000000
0.000751 0.000498 0.000000
0.000919 0.000637 0.000000
0.000960 0.000692 0.000000
0.000957 0.000714 0.000000
0.000986 0.000742 0.000000
0.000964 0.000728 0.000000
0.001025 0.000773 0.000000
0.000997 0.000741 0.000000
0.001034 0.000769 0.000000
0.001056 0.000786 0.000000
0.000750 0.000300 0.000000
0.000750 0.000310 0.000000
0.000750 0.000320 0.000000
0.000750 0.000332 0.000000
0.000751 0.000343 0.000000
0.000750 0.000360 0.000000
0.000746 0.000374 0.000000
0.000758 0.000357 0.000000
0.000760 0.000379 0.000000
0.000752 0.000381 0.000000
0.000749 0.000404 0.000000
0.000763 0.000408 0.000000
0.000753 0.000433 0.000000
0.000746 0.000432 0.000000
0.000767 0.000431 0.000000
0.000760 0.000451 0.000000
0.000754 0.000472 0.000000
0.000755 0.000459 0.000000
0.000762 0.000478 0.000000
0.000765 0.000499 0.000000
0.000919 0.000543 0.000000
0.000940 0.000663 0.000000
0.000949 0.000662 0.000000
0.000957 0.000681 0.000000
0.000950 0.000699 0.000000
0.000960 0.000702 0.000000
0.000969 0.000712 0.000000
0.000999 0.000753 0.000000
0.001031 0.000777 0.000000
0.001033 0.000763 0.000000
0.001057 0.000779 0.000000
0.000760 0.000300 0.000000
0.000760 0.000310 0.000000
0.000760 0.000321 0.000000
0.000761 0.000329 0.000000
0.000761 0.000336 0.000000
0.000765 0.000361 0.000000
0.000757 0.000348 0.000000
0.000756 0.000370 0.000000
0.000755 0.000396 0.000000
0.000771 0.000400 0.000000
0.000763 0.000389 0.000000
0.000766 0.000418 0.000000
0.000754 0.000413 0.000000
0.000761 0.000423 0.000000
0.000760 0.000440 0.000000
0.000766 0.000450 0.000000
0.000778 0.000460 0.000000
0.000766 0.000467 0.000000
0.000776 0.000484 0.000000
0.000765 0.000487 0.000000
0.000770 0.000496 0.000000
0.000919 0.000559 0.000000
0.000919 0.000583 0.000000
0.000964 0.000676 0.000000
0.000968 0.000706 0.000000
0.000973 0.000722 0.000000
0.000982 0.000717 0.000000
0.000983 0.000733 0.000000
0.001006 0.000746 0.000000
0.001031 0.000758 0.000000
0.001047 0.000784 0.000000
0.000770 0.000300 0.000000
0.000770 0.000310 0.000000
0.000770 0.000319 0.000000
0.000771 0.000332 0.000000
0.000766 0.000345 0.000000
0.000775 0.000344 0.000000
0.000773 0.000363 0.000000
0.000779 0.000376 0.000000
0.000767 0.000373 0.000000
0.000771 0.000382 0.000000
0.000765 0.000398 0.000000
0.000779 0.000405 0.000000
0.000773 0.000417 0.000000
0.000771 0.000438 0.000000
0.000777 0.000434 0.000000
0.000777 0.000448 0.000000
0.000768 0.000459 0.000000
0.000784 0.000479 0.000000
0.000771 0.000473 0.000000
0.000784 0.000493 0.000000
0.000798 0.000495 0.000000
0.000920 0.000643 0.000000
0.000935 0.000636 0.000000
0.000960 0.000667 0.000000
0.000972 0.000694 0.000000
0.000982 0.000693 0.000000
0.000978 0.000705 0.000000
0.000980 0.000728 0.000000
0.001021 0.000766 0.000000
0.001026 0.000750 0.000000
0.001058 0.000765 0.000000
0.000780 0.000300 0.000000
0.000780 0.000310 0.000000
0.000779 0.000321 0.000000
0.000781 0.000329 0.000000
0.000780 0.000339 0.000000
0.000794 0.000357 0.000000
0.000773 0.000354 0.000000
0.000782 0.000367 0.000000
0.000779 0.000386 0.000000
0.000792 0.000394 0.000000
0.000780 0.000395 0.000000
0.000782 0.000414 0.000000
0.000782 0.000423 0.000000
0.000787 0.000431 0.000000
0.000785 0.000440 0.000000
0.000785 0.000452 0.000000
0.000788 0.000460 0.000000
0.000779 0.000471 0.000000
0.000790 0.000471 0.000000
0.000789 0.000494 0.000000
0.000778 0.000494 0.000000
0.000927 0.000587 0.000000
0.000921 0.000648 0.000000
0.000968 0.000688 0.000000
0.000947 0.000650 0.000000
0.000990 0.000725 0.000000
0.000986 0.000712 0.000000
0.001000 0.000716 0.000000
0.001001 0.000731 0.000000
0.001025 0.000741 0.000000
0.001058 0.000772 0.000000
0.000790 0.000300 0.000000
0.000790 0.000310 0.000000
0.000791 0.000319 0.000000
0.000790 0.000330 0.000000
0.000792 0.000342 0.000000
0.000785 0.000350 0.000000
0.000786 0.000360 0.000000
0.000790 0.000373 0.000000
0.000800 0.000376 0.000000
0.000787 0.000385 0.000000
0.000789 0.000403 0.000000
0.000801 0.000414 0.000000
0.000791 0.000415 0.000000
0.000794 0.000426 0.000000
0.000796 0.000439 0.000000
0.000804 0.000458 0.000000
0.000794 0.000450 0.000000
0.000802 0.000474 0.000000
0.000795 0.000480 0.000000
0.000799 0.000492 0.000000
0.000806 0.000495 0.000000
0.000919 0.000565 0.000000
0.000919 0.000578 0.000000
0.000923 0.000632 0.000000
0.000972 0.000673 0.000000
0.000977 0.000682 0.000000
0.000995 0.000703 0.000000
0.001010 0.000724 0.000000
0.001013 0.000734 0.000000
0.001020 0.000756 0.000000
0.001056 0.000758 0.000000
0.000800 0.000300 0.000000
0.000800 0.000310 0.000000
0.000800 0.000321 0.000000
0.000799 0.000331 0.000000
0.000802 0.000339 0.000000
0.000798 0.000348 0.000000
0.000816 0.000355 0.000000
0.000798 0.000368 0.000000
0.000798 0.000384 0.000000
0.000803 0.000393 0.000000
0.000808 0.000405 0.000000
0.000798 0.000404 0.000000
0.000804 0.000424 0.000000
0.000811 0.000436 0.000000
0.000803 0.000433 0.000000
0.000802 0.000447 0.000000
0.000797 0.000466 0.000000
0.000809 0.000468 0.000000
0.000809 0.000481 0.000000
0.000818 0.000495 0.000000
0.000828 0.000496 0.000000
0.000937 0.000586 0.000000
0.000933 0.000576 0.000000
0.000932 0.000596 0.000000
0.000940 0.000637 0.000000
0.000987 0.000698 0.000000
0.000997 0.000713 0.000000
0.001001 0.000695 0.000000
0.000999 0.000731 0.000000
0.001016 0.000742 0.000000
0.001050 0.000766 0.000000
0.000810 0.000300 0.000000
0.000810 0.000310 0.000000
0.000810 0.000319 0.000000
0.000810 0.000328 0.000000
0.000811 0.000342 0.000000
0.000807 0.000353 0.000000
0.000805 0.000363 0.000000
0.000811 0.000371 0.000000
0.000818 0.000385 0.000000
0.000809 0.000384 0.000000
0.000812 0.000396 0.000000
0.000811 0.000414 0.000000
0.000823 0.000427 0.000000
0.000813 0.000423 0.000000
0.000809 0.000451 0.000000
0.000817 0.000444 0.000000
0.000816 0.000457 0.000000
0.000822 0.000471 0.000000
0.000815 0.000475 0.000000
0.000824 0.000494 0.000000
0.000813 0.000494 0.000000
0.000929 0.000616 0.000000
0.000933 0.000627 0.000000
0.000935 0.000606 0.000000
0.000945 0.000624 0.000000
0.000964 0.000656 0.000000
0.000992 0.000689 0.000000
0.001017 0.000717 0.000000
0.001022 0.000727 0.000000
0.001026 0.000735 0.000000
0.001053 0.000752 0.000000
0.000820 0.000300 0.000000
0.000820 0.000310 0.000000
0.000820 0.000322 0.000000
0.000820 0.000332 0.000000
0.000820 0.000338 0.000000
0.000821 0.000348 0.000000
0.000818 0.000364 0.000000
0.000826 0.000371 0.000000
0.000819 0.000376 0.000000
0.000821 0.000395 0.000000
0.000830 0.000410 0.000000
0.000820 0.000405 0.000000
0.000821 0.000415 0.000000
0.000821 0.000435 0.000000
0.000828 0.000441 0.000000
0.000825 0.000452 0.000000
0.000825 0.000462 0.000000
0.000822 0.000481 0.000000
0.000832 0.000473 0.000000
0.000833 0.000482 0.000000
0.000840 0.000497 0.000000
0.000919 0.000575 0.000000
0.000947 0.000607 0.000000
0.000936 0.000617 0.000000
0.000956 0.000655 0.000000
0.000953 0.000644 0.000000
0.000986 0.000681 0.000000
0.001009 0.000711 0.000000
0.001018 0.000701 0.000000
0.001033 0.000731 0.000000
0.001040 0.000747 0.000000
0.000830 0.000300 0.000000
0.000830 0.000310 0.000000
0.000830 0.000319 0.000000
0.000831 0.000329 0.000000
0.000830 0.000342 0.000000
0.000833 0.000352 0.000000
0.000827 0.000359 0.000000
0.000835 0.000367 0.000000
0.000827 0.000384 0.000000
0.000841 0.000399 0.000000
0.000832 0.000391 0.000000
0.000841 0.000409 0.000000
0.000830 0.000420 0.000000
0.000839 0.000435 0.000000
0.000833 0.000432 0.000000
0.000835 0.000450 0.000000
0.000839 0.000471 0.000000
0.000834 0.000459 0.000000
0.000842 0.000480 0.000000
0.000851 0.000499 0.000000
0.000837 0.000494 0.000000
0.000919 0.000565 0.000000
0.000938 0.000600 0.000000
0.000957 0.000636 0.000000
0.000947 0.000616 0.000000
0.000948 0.000632 0.000000
0.000969 0.000664 0.000000
0.001002 0.000679 0.000000
0.001027 0.000716 0.000000
0.001039 0.000727 0.000000
0.001051 0.000746 0.000000
0.000840 0.000300 0.000000
0.000840 0.000310 0.000000
0.000840 0.000321 0.000000
0.000841 0.000332 0.000000
0.000840 0.000338 0.000000
0.000841 0.000349 0.000000
0.000841 0.000360 0.000000
0.000837 0.000374 0.000000
0.000845 0.000377 0.000000
0.000840 0.000386 0.000000
0.000832 0.000400 0.000000
0.000848 0.000416 0.000000
0.000839 0.000419 0.000000
0.000846 0.000427 0.000000
0.000844 0.000443 0.000000
0.000850 0.000456 0.000000
0.000843 0.000455 0.000000
0.000848 0.000467 0.000000
0.000849 0.000485 0.000000
0.000862 0.000487 0.000000
0.000847 0.000498 0.000000
0.000944 0.000588 0.000000
0.000952 0.000603 0.000000
0.000951 0.000581 0.000000
0.000960 0.000627 0.000000
0.000966 0.000638 0.000000
0.000982 0.000671 0.000000
0.000993 0.000678 0.000000
0.001009 0.000702 0.000000
0.001042 0.000720 0.000000
0.001048 0.000739 0.000000
0.000850 0.000300 0.000000
0.000850 0.000310 0.000000
0.000850 0.000319 0.000000
0.000851 0.000328 0.000000
0.000850 0.000341 0.000000
0.000851 0.000352 0.000000
0.000852 0.000360 0.000000
0.000851 0.000370 0.000000
0.000853 0.000381 0.000000
0.000850 0.000390 0.000000
0.000855 0.000407 0.000000
0.000850 0.000399 0.000000
0.000855 0.000419 0.000000
0.000860 0.000437 0.000000
0.000850 0.000435 0.000000
0.000855 0.000446 0.000000
0.000857 0.000462 0.000000
0.000863 0.000469 0.000000
0.000852 0.000476 0.000000
0.000863 0.000497 0.000000
0.000919 0.000511 0.000000
0.000869 0.000499 0.000000
0.000934 0.000557 0.000000
0.000974 0.000635 0.000000
0.000957 0.000620 0.000000
0.000966 0.000618 0.000000
0.000978 0.000646 0.000000
0.000974 0.000655 0.000000
0.000993 0.000667 0.000000
0.001033 0.000716 0.000000
0.001049 0.000728 0.000000
0.000860 0.000300 0.000000
0.000860 0.000310 0.000000
0.000860 0.000321 0.000000
0.000860 0.000332 0.000000
0.000861 0.000340 0.000000
0.000861 0.000349 0.000000
0.000862 0.000360 0.000000
0.000861 0.000370 0.000000
0.000862 0.000379 0.000000
0.000859 0.000395 0.000000
0.000866 0.000389 0.000000
0.000866 0.000411 0.000000
0.000865 0.000419 0.000000
0.000862 0.000429 0.000000
0.000868 0.000441 0.000000
0.000869 0.000461 0.000000
0.000861 0.000452 0.000000
0.000872 0.000475 0.000000
0.000861 0.000479 0.000000
0.000877 0.000495 0.000000
0.000858 0.000499 0.000000
0.000919 0.000507 0.000000
0.000960 0.000609 0.000000
0.000929 0.000559 0.000000
0.000967 0.000602 0.000000
0.000969 0.000647 0.000000
0.000987 0.000644 0.000000
0.001001 0.000662 0.000000
0.001021 0.000708 0.000000
0.001021 0.000695 0.000000
0.001050 0.000718 0.000000
0.000870 0.000300 0.000000
0.000870 0.000310 0.000000
0.000870 0.000320 0.000000
0.000871 0.000329 0.000000
0.000870 0.000339 0.000000
0.000871 0.000350 0.000000
0.000871 0.000361 0.000000
0.000872 0.000370 0.000000
0.000872 0.000382 0.000000
0.000874 0.000396 0.000000
0.000866 0.000401 0.000000
0.000875 0.000407 0.000000
0.000882 0.000425 0.000000
0.000871 0.000429 0.000000
0.000879 0.000443 0.000000
0.000871 0.000450 0.000000
0.000879 0.000454 0.000000
0.000877 0.000475 0.000000
0.000879 0.000465 0.000000
0.000875 0.000486 0.000000
0.000879 0.000499 0.000000
0.000919 0.000522 0.000000
0.000919 0.000528 0.000000
0.000939 0.000576 0.000000
0.000974 0.000613 0.000000
0.000980 0.000631 0.000000
0.000988 0.000635 0.000000
0.000984 0.000663 0.000000
0.001003 0.000650 0.000000
0.001017 0.000683 0.000000
0.001047 0.000710 0.000000
0.000880 0.000300 0.000000
0.000880 0.000310 0.000000
0.000880 0.000320 0.000000
0.000880 0.000331 0.000000
0.000881 0.000340 0.000000
0.000880 0.000351 0.000000
0.000882 0.000358 0.000000
0.000881 0.000369 0.000000
0.000882 0.000380 0.000000
0.000880 0.000390 0.000000
0.000886 0.000397 0.000000
0.000884 0.000410 0.000000
0.000877 0.000417 0.000000
0.000889 0.000432 0.000000
0.000887 0.000454 0.000000
0.000889 0.000444 0.000000
0.000890 0.000467 0.000000
0.000886 0.000476 0.000000
0.000891 0.000483 0.000000
0.000892 0.000494 0.000000
0.000887 0.000495 0.000000
0.000933 0.000526 0.000000
0.000927 0.000535 0.000000
0.000956 0.000595 0.000000
0.000944 0.000560 0.000000
0.000973 0.000624 0.000000
0.000986 0.000656 0.000000
0.000998 0.000640 0.000000
0.001016 0.000690 0.000000
0.001016 0.000676 0.000000
0.001042 0.000704 0.000000
0.000890 0.000300 0.000000
0.000890 0.000310 0.000000
0.000890 0.000320 0.000000
0.000891 0.000330 0.000000
0.000890 0.000339 0.000000
0.000891 0.000349 0.000000
0.000891 0.000362 0.000000
0.000889 0.000373 0.000000
0.000896 0.000378 0.000000
0.000892 0.000388 0.000000
0.000891 0.000405 0.000000
0.000897 0.000413 0.000000
0.000890 0.000420 0.000000
0.000900 0.000426 0.000000
0.000880 0.000433 0.000000
0.000898 0.000445 0.000000
0.000895 0.000455 0.000000
0.000898 0.000467 0.000000
0.000898 0.000477 0.000000
0.000903 0.000491 0.000000
0.000899 0.000494 0.000000
0.000920 0.000525 0.000000
0.000934 0.000539 0.000000
0.000939 0.000568 0.000000
0.000955 0.000589 0.000000
0.000971 0.000601 0.000000
0.000998 0.000631 0.000000
0.000995 0.000651 0.000000
0.001006 0.000687 0.000000
0.001016 0.000672 0.000000
0.001045 0.000694 0.000000
0.000900 0.000300 0.000000
0.000900 0.000310 0.000000
0.000900 0.000320 0.000000
0.000901 0.000329 0.000000
0.000900 0.000341 0.000000
0.000900 0.000351 0.000000
0.000901 0.000359 0.000000
0.000902 0.000368 0.000000
0.000901 0.000385 0.000000
0.000907 0.000393 0.000000
0.000898 0.000396 0.000000
0.000904 0.000405 0.000000
0.000904 0.000421 0.000000
0.000899 0.000435 0.000000
0.000909 0.000438 0.000000
0.000904 0.000453 0.000000
0.000911 0.000463 0.000000
0.000905 0.000471 0.000000
0.000911 0.000482 0.000000
0.000908 0.000495 0.000000
0.000918 0.000496 0.000000
0.000930 0.000515 0.000000
0.000939 0.000521 0.000000
0.000936 0.000549 0.000000
0.000983 0.000614 0.000000
0.000961 0.000581 0.000000
0.000988 0.000623 0.000000
0.001003 0.000669 0.000000
0.001009 0.000658 0.000000
0.001019 0.000665 0.000000
0.001037 0.000696 0.000000
0.000910 0.000300 0.000000
0.000910 0.000310 0.000000
0.000910 0.000320 0.000000
0.000910 0.000331 0.000000
0.000911 0.000339 0.000000
0.000911 0.000348 0.000000
0.000911 0.000360 0.000000
0.000915 0.000377 0.000000
0.000907 0.000375 0.000000
0.000915 0.000386 0.000000
0.000916 0.000404 0.000000
0.000910 0.000412 0.000000
0.000924 0.000423 0.000000
0.000912 0.000428 0.000000
0.000918 0.000442 0.000000
0.000911 0.000449 0.000000
0.000917 0.000457 0.000000
0.000914 0.000473 0.000000
0.000921 0.000474 0.000000
0.000918 0.000489 0.000000
0.000928 0.000498 0.000000
0.000948 0.000525 0.000000
0.000951 0.000546 0.000000
0.000938 0.000539 0.000000
0.000946 0.000550 0.000000
0.000966 0.000581 0.000000
0.000998 0.000622 0.000000
0.001010 0.000646 0.000000
0.001019 0.000652 0.000000
0.001025 0.000662 0.000000
0.001046 0.000687 0.000000
0.000920 0.000300 0.000000
0.000920 0.000310 0.000000
0.000920 0.000320 0.000000
0.000920 0.000329 0.000000
0.000920 0.000340 0.000000
0.000920 0.000352 0.000000
0.000923 0.000360 0.000000
0.000918 0.000368 0.000000
0.000924 0.000378 0.000000
0.000915 0.000396 0.000000
0.000925 0.000394 0.000000
0.000925 0.000409 0.000000
0.000918 0.000416 0.000000
0.000919 0.000430 0.000000
0.000935 0.000440 0.000000
0.000924 0.000450 0.000000
0.000928 0.000477 0.000000
0.000925 0.000463 0.000000
0.000938 0.000486 0.000000
0.000934 0.000496 0.000000
0.000935 0.000506 0.000000
0.000941 0.000512 0.000000
0.000956 0.000534 0.000000
0.000959 0.000555 0.000000
0.000955 0.000567 0.000000
0.000951 0.000568 0.000000
0.000983 0.000602 0.000000
0.001014 0.000638 0.000000
0.001021 0.000643 0.000000
0.001030 0.000662 0.000000
0.001038 0.000685 0.000000
0.000930 0.000300 0.000000
0.000930 0.000310 0.000000
0.000930 0.000319 0.000000
0.000930 0.000332 0.000000
0.000931 0.000340 0.000000
0.000930 0.000349 0.000000
0.000931 0.000360 0.000000
0.000931 0.000371 0.000000
0.000931 0.000382 0.000000
0.000933 0.000390 0.000000
0.000933 0.000401 0.000000
0.000933 0.000413 0.000000
0.000935 0.000421 0.000000
0.000936 0.000432 0.000000
0.000926 0.000436 0.000000
0.000933 0.000450 0.000000
0.000933 0.000460 0.000000
0.000944 0.000463 0.000000
0.000941 0.000478 0.000000
0.000950 0.000511 0.000000
0.000928 0.000486 0.000000
0.000947 0.000502 0.000000
0.000967 0.000536 0.000000
0.000949 0.000535 0.000000
0.000961 0.000546 0.000000
0.000962 0.000562 0.000000
0.000971 0.000592 0.000000
0.000990 0.000612 0.000000
0.000997 0.000609 0.000000
0.001038 0.000661 0.000000
0.001044 0.000679 0.000000
0.000940 0.000300 0.000000
0.000940 0.000310 0.000000
0.000939 0.000323 0.000000
0.000951 0.000327 0.000000
0.000944 0.000340 0.000000
0.000940 0.000349 0.000000
0.000941 0.000360 0.000000
0.000941 0.000370 0.000000
0.000943 0.000378 0.000000
0.000942 0.000388 0.000000
0.000940 0.000402 0.000000
0.000956 0.000415 0.000000
0.000943 0.000418 0.000000
0.000944 0.000429 0.000000
0.000943 0.000446 0.000000
0.000953 0.000452 0.000000
0.000951 0.000469 0.000000
0.000950 0.000480 0.000000
0.000936 0.000470 0.000000
0.000957 0.000485 0.000000
0.000954 0.000496 0.000000
0.000963 0.000512 0.000000
0.000955 0.000519 0.000000
0.000968 0.000545 0.000000
0.000980 0.000563 0.000000
0.000968 0.000572 0.000000
0.000976 0.000572 0.000000
0.001007 0.000628 0.000000
0.001030 0.000651 0.000000
0.001039 0.000652 0.000000
0.001044 0.000670 0.000000
0.000950 0.000300 0.000000
0.000951 0.000310 0.000000
0.000947 0.000318 0.000000
0.000941 0.000332 0.000000
0.000953 0.000342 0.000000
0.000948 0.000351 0.000000
0.000952 0.000359 0.000000
0.000951 0.000368 0.000000
0.000953 0.000391 0.000000
0.000952 0.000380 0.000000
0.000948 0.000398 0.000000
0.000948 0.000409 0.000000
0.000953 0.000423 0.000000
0.000960 0.000435 0.000000
0.000950 0.000437 0.000000
0.000957 0.000442 0.000000
0.000944 0.000454 0.000000
0.000959 0.000464 0.000000
0.000964 0.000490 0.000000
0.000960 0.000502 0.000000
0.000946 0.000492 0.000000
0.000960 0.000526 0.000000
0.000971 0.000519 0.000000
0.000972 0.000530 0.000000
0.000972 0.000558 0.000000
0.000976 0.000550 0.000000
0.000980 0.000581 0.000000
0.000978 0.000591 0.000000
0.000986 0.000589 0.000000
0.001020 0.000632 0.000000
0.001050 0.000661 0.000000
0.000960 0.000300 0.000000
0.000960 0.000310 0.000000
0.000961 0.000321 0.000000
0.000957 0.000330 0.000000
0.000963 0.000336 0.000000
0.000961 0.000347 0.000000
0.000961 0.000362 0.000000
0.000964 0.000372 0.000000
0.000961 0.000382 0.000000
0.000965 0.000388 0.000000
0.000957 0.000403 0.000000
0.000965 0.000399 0.000000
0.000964 0.000412 0.000000
0.000962 0.000425 0.000000
0.000966 0.000447 0.000000
0.000963 0.000455 0.000000
0.000970 0.000463 0.000000
0.000967 0.000477 0.000000
0.000959 0.000473 0.000000
0.000975 0.000481 0.000000
0.000972 0.000499 0.000000
0.000978 0.000529 0.000000
0.000969 0.000510 0.000000
0.000984 0.000549 0.000000
0.000991 0.000551 0.000000
0.000987 0.000574 0.000000
0.000994 0.000586 0.000000
0.000991 0.000598 0.000000
0.001006 0.000616 0.000000
0.001022 0.000624 0.000000
0.001051 0.000655 0.000000
0.000970 0.000300 0.000000
0.000970 0.000310 0.000000
0.000970 0.000319 0.000000
0.000971 0.000330 0.000000
0.000970 0.000344 0.000000
0.000967 0.000352 0.000000
0.000977 0.000355 0.000000
0.000968 0.000366 0.000000
0.000972 0.000379 0.000000
0.000975 0.000396 0.000000
0.000973 0.000405 0.000000
0.000974 0.000416 0.000000
0.000971 0.000426 0.000000
0.000981 0.000435 0.000000
0.000971 0.000435 0.000000
0.000977 0.000444 0.000000
0.000976 0.000454 0.000000
0.000977 0.000471 0.000000
0.000985 0.000493 0.000000
0.000972 0.000490 0.000000
0.000979 0.000502 0.000000
0.000982 0.000509 0.000000
0.000989 0.000523 0.000000
0.000995 0.000542 0.000000
0.000981 0.000540 0.000000
0.000988 0.000563 0.000000
0.001001 0.000568 0.000000
0.000995 0.000574 0.000000
0.001001 0.000593 0.000000
0.001015 0.000620 0.000000
0.001049 0.000649 0.000000
0.000980 0.000300 0.000000
0.000980 0.000310 0.000000
0.000980 0.000321 0.000000
0.000981 0.000331 0.000000
0.000979 0.000339 0.000000
0.000983 0.000348 0.000000
0.000977 0.000368 0.000000
0.000987 0.000367 0.000000
0.000983 0.000379 0.000000
0.000977 0.000387 0.000000
0.000985 0.000392 0.000000
0.000982 0.000408 0.000000
0.000987 0.000417 0.000000
0.000981 0.000423 0.000000
0.000987 0.000453 0.000000
0.000986 0.000444 0.000000
0.000980 0.000463 0.000000
0.000989 0.000467 0.000000
0.000988 0.000476 0.000000
0.000984 0.000484 0.000000
0.000993 0.000497 0.000000
0.000995 0.000515 0.000000
0.000984 0.000518 0.000000
0.000989 0.000533 0.000000
0.001004 0.000548 0.000000
0.000998 0.000559 0.000000
0.001009 0.000591 0.000000
0.001010 0.000579 0.000000
0.001002 0.000602 0.000000
0.001011 0.000611 0.000000
0.001043 0.000645 0.000000
0.000990 0.000300 0.000000
0.000990 0.000310 0.000000
0.000990 0.000319 0.000000
0.000990 0.000329 0.000000
0.000990 0.000340 0.000000
0.000993 0.000353 0.000000
0.000984 0.000359 0.000000
0.000998 0.000368 0.000000
0.000992 0.000386 0.000000
0.000994 0.000399 0.000000
0.000988 0.000404 0.000000
0.000998 0.000408 0.000000
0.000992 0.000425 0.000000
0.001000 0.000435 0.000000
0.000992 0.000434 0.000000
0.000996 0.000446 0.000000
0.000995 0.000460 0.000000
0.001011 0.000473 0.000000
0.000995 0.000485 0.000000
0.001002 0.000491 0.000000
0.000992 0.000505 0.000000
0.001002 0.000507 0.000000
0.001002 0.000523 0.000000
0.000998 0.000533 0.000000
0.001013 0.000547 0.000000
0.001006 0.000559 0.000000
0.001014 0.000566 0.000000
0.001004 0.000579 0.000000
0.001018 0.000596 0.000000
0.001015 0.000603 0.000000
0.001027 0.000633 0.000000
0.001000 0.000300 0.000000
0.001000 0.000310 0.000000
0.001000 0.000321 0.000000
0.001002 0.000331 0.000000
0.000999 0.000340 0.000000
0.001002 0.000348 0.000000
0.001001 0.000358 0.000000
0.000992 0.000376 0.000000
0.001004 0.000375 0.000000
0.001003 0.000392 0.000000
0.001003 0.000385 0.000000
0.001007 0.000413 0.000000
0.001000 0.000417 0.000000
0.001004 0.000426 0.000000
0.001007 0.000450 0.000000
0.001017 0.000452 0.000000
0.001002 0.000457 0.000000
0.001001 0.000469 0.000000
0.001001 0.000478 0.000000
0.001016 0.000493 0.000000
0.001008 0.000499 0.000000
0.001009 0.000513 0.000000
0.001009 0.000521 0.000000
0.001012 0.000531 0.000000
0.001007 0.000538 0.000000
0.001016 0.000556 0.000000
0.001018 0.000575 0.000000
0.001019 0.000586 0.000000
0.001029 0.000598 0.000000
0.001023 0.000607 0.000000
0.001030 0.000618 0.000000
0.001010 0.000300 0.000000
0.001010 0.000310 0.000000
0.001010 0.000319 0.000000
0.001011 0.000329 0.000000
0.001010 0.000341 0.000000
0.001012 0.000351 0.000000
0.001008 0.000362 0.000000
0.001016 0.000368 0.000000
0.001013 0.000385 0.000000
0.001007 0.000401 0.000000
0.001016 0.000396 0.000000
0.001016 0.000406 0.000000
0.001012 0.000421 0.000000
0.001020 0.000443 0.000000
0.001014 0.000435 0.000000
0.001007 0.000441 0.000000
0.001011 0.000462 0.000000
0.001018 0.000471 0.000000
0.001019 0.000482 0.000000
0.001009 0.000484 0.000000
0.001017 0.000502 0.000000
0.001018 0.000512 0.000000
0.001025 0.000521 0.000000
0.001020 0.000528 0.000000
0.001020 0.000540 0.000000
0.001025 0.000553 0.000000
0.001024 0.000564 0.000000
0.001035 0.000579 0.000000
0.001026 0.000576 0.000000
0.001033 0.000605 0.000000
0.001038 0.000615 0.000000
0.001020 0.000300 0.000000
0.001020 0.000310 0.000000
0.001020 0.000320 0.000000
0.001020 0.000331 0.000000
0.001021 0.000340 0.000000
0.001022 0.000349 0.000000
0.001020 0.000357 0.000000
0.001025 0.000377 0.000000
0.001014 0.000374 0.000000
0.001024 0.000386 0.000000
0.001025 0.000392 0.000000
0.001020 0.000415 0.000000
0.001031 0.000417 0.000000
0.001019 0.000428 0.000000
0.001028 0.000435 0.000000
0.001026 0.000451 0.000000
0.001022 0.000461 0.000000
0.001037 0.000467 0.000000
0.001029 0.000486 0.000000
0.001027 0.000492 0.000000
0.001027 0.000502 0.000000
0.001035 0.000509 0.000000
0.001030 0.000531 0.000000
0.001036 0.000527 0.000000
0.001028 0.000541 0.000000
0.001032 0.000553 0.000000
0.001034 0.000569 0.000000
0.001029 0.000588 0.000000
0.001039 0.000588 0.000000
0.001041 0.000601 0.000000
0.001046 0.000613 0.000000
0.001030 0.000300 0.000000
0.001030 0.000310 0.000000
0.001030 0.000320 0.000000
0.001031 0.000329 0.000000
0.001030 0.000339 0.000000
0.001030 0.000354 0.000000
0.001035 0.000361 0.000000
0.001026 0.000367 0.000000
0.001035 0.000377 0.000000
0.001036 0.000387 0.000000
0.001025 0.000407 0.000000
0.001043 0.000404 0.000000
0.001038 0.000429 0.000000
0.001028 0.000425 0.000000
0.001034 0.000441 0.000000
0.001037 0.000450 0.000000
0.001032 0.000461 0.000000
0.001036 0.000478 0.000000
0.001027 0.000472 0.000000
0.001048 0.000490 0.000000
0.001040 0.000503 0.000000
0.001041 0.000516 0.000000
0.001028 0.000514 0.000000
0.001046 0.000531 0.000000
0.001040 0.000547 0.000000
0.001048 0.000548 0.000000
0.001038 0.000560 0.000000
0.001046 0.000568 0.000000
0.001046 0.000577 0.000000
0.001047 0.000596 0.000000
0.001053 0.000611 0.000000
0.001040 0.000300 0.000000
0.001040 0.000310 0.000000
0.001040 0.000319 0.000000
0.001040 0.000332 0.000000
0.001042 0.000340 0.000000
0.001039 0.000347 0.000000
0.001042 0.000356 0.000000
0.001039 0.000371 0.000000
0.001049 0.000386 0.000000
0.001032 0.000398 0.000000
0.001043 0.000395 0.000000
0.001036 0.000409 0.000000
0.001042 0.000419 0.000000
0.001047 0.000426 0.000000
0.001053 0.000450 0.000000
0.001043 0.000447 0.000000
0.001044 0.000459 0.000000
0.001049 0.000468 0.000000
0.001043 0.000477 0.000000
0.001039 0.000490 0.000000
0.001046 0.000499 0.000000
0.001054 0.000506 0.000000
0.001049 0.000523 0.000000
0.001039 0.000538 0.000000
0.001054 0.000537 0.000000
0.001063 0.000549 0.000000
0.001056 0.000567 0.000000
0.001047 0.000585 0.000000
0.001060 0.000587 0.000000
0.001055 0.000596 0.000000
0.001060 0.000609 0.000000
0.001050 0.000300 0.000000
0.001050 0.000310 0.000000
0.001050 0.000321 0.000000
0.001057 0.000332 0.000000
0.001052 0.000342 0.000000
0.001051 0.000353 0.000000
0.001048 0.000365 0.000000
0.001061 0.000371 0.000000
0.001047 0.000377 0.000000
0.001055 0.000388 0.000000
0.001049 0.000409 0.000000
0.001063 0.000404 0.000000
0.001056 0.000421 0.000000
0.001054 0.000432 0.000000
0.001045 0.000436 0.000000
0.001056 0.000442 0.000000
0.001054 0.000463 0.000000
0.001060 0.000473 0.000000
0.001052 0.000481 0.000000
0.001059 0.000487 0.000000
0.001059 0.000497 0.000000
0.001051 0.000514 0.000000
0.001060 0.000518 0.000000
0.001060 0.000529 0.000000
0.001054 0.000546 0.000000
0.001047 0.000559 0.000000
0.001060 0.000558 0.000000
0.001062 0.000571 0.000000
0.001058 0.000579 0.000000
0.001064 0.000595 0.000000
0.001067 0.000608 0.000000
0.001060 0.000300 0.000000
0.001060 0.000310 0.000000
0.001060 0.000319 0.000000
0.001050 0.000328 0.000000
0.001066 0.000337 0.000000
0.001059 0.000346 0.000000
0.001060 0.000357 0.000000
0.001057 0.000367 0.000000
0.001060 0.000380 0.000000
0.001069 0.000387 0.000000
0.001055 0.000399 0.000000
0.001067 0.000412 0.000000
0.001067 0.000422 0.000000
0.001065 0.000431 0.000000
0.001066 0.000442 0.000000
0.001066 0.000465 0.000000
0.001060 0.000452 0.000000
0.001069 0.000458 0.000000
0.001065 0.000481 0.000000
0.001070 0.000491 0.000000
0.001063 0.000507 0.000000
0.001073 0.000507 0.000000
0.001068 0.000522 0.000000
0.001073 0.000540 0.000000
0.001065 0.000536 0.000000
0.001069 0.000551 0.000000
0.001072 0.000563 0.000000
0.001071 0.000576 0.000000
0.001073 0.000585 0.000000
0.001072 0.000594 0.000000
0.001075 0.000606 0.000000
0.001070 0.000300 0.000000
0.001070 0.000310 0.000000
0.001070 0.000320 0.000000
0.001078 0.000330 0.000000
0.001073 0.000344 0.000000
0.001068 0.000353 0.000000
0.001084 0.000366 0.000000
0.001073 0.000379 0.000000
0.001070 0.000366 0.000000
0.001066 0.000394 0.000000
0.001074 0.000399 0.000000
0.001056 0.000412 0.000000
0.001076 0.000413 0.000000
0.001077 0.000422 0.000000
0.001074 0.000444 0.000000
0.001082 0.000443 0.000000
0.001081 0.000462 0.000000
0.001085 0.000475 0.000000
0.001074 0.000479 0.000000
0.001083 0.000495 0.000000
0.001072 0.000499 0.000000
0.001084 0.000520 0.000000
0.001074 0.000529 0.000000
0.001074 0.000516 0.000000
0.001082 0.000540 0.000000
0.001079 0.000555 0.000000
0.001076 0.000565 0.000000
0.001089 0.000559 0.000000
0.001080 0.000580 0.000000
0.001082 0.000593 0.000000
0.001084 0.000605 0.000000
0.001080 0.000300 0.000000
0.001080 0.000310 0.000000
0.001079 0.000320 0.000000
0.001069 0.000330 0.000000
0.001084 0.000336 0.000000
0.001081 0.000346 0.000000
0.001077 0.000356 0.000000
0.001077 0.000372 0.000000
0.001083 0.000382 0.000000
0.001079 0.000391 0.000000
0.001087 0.000401 0.000000
0.001081 0.000407 0.000000
0.001083 0.000431 0.000000
0.001075 0.000433 0.000000
0.001093 0.000434 0.000000
0.001076 0.000453 0.000000
0.001088 0.000454 0.000000
0.001073 0.000470 0.000000
0.001095 0.000477 0.000000
0.001081 0.000485 0.000000
0.001094 0.000503 0.000000
0.001082 0.000507 0.000000
0.001097 0.000513 0.000000
0.001085 0.000530 0.000000
0.001094 0.000545 0.000000
0.001083 0.000548 0.000000
0.001085 0.000573 0.000000
0.001090 0.000571 0.000000
0.001093 0.000586 0.000000
0.001089 0.000593 0.000000
0.001092 0.000604 0.000000
0.001090 0.000300 0.000000
0.001090 0.000310 0.000000
0.001090 0.000319 0.000000
0.001091 0.000327 0.000000
0.001091 0.000346 0.000000
0.001095 0.000354 0.000000
0.001086 0.000358 0.000000
0.001091 0.000376 0.000000
0.001095 0.000368 0.000000
0.001091 0.000389 0.000000
0.001094 0.000398 0.000000
0.001089 0.000413 0.000000
0.001104 0.000416 0.000000
0.001090 0.000423 0.000000
0.001091 0.000447 0.000000
0.001094 0.000461 0.000000
0.001098 0.000442 0.000000
0.001088 0.000470 0.000000
0.001088 0.000491 0.000000
0.001099 0.000486 0.000000
0.001097 0.000495 0.000000
0.001089 0.000514 0.000000
0.001091 0.000530 0.000000
0.001101 0.000527 0.000000
0.001098 0.000538 0.000000
0.001096 0.000552 0.000000
0.001098 0.000562 0.000000
0.001104 0.000570 0.000000
0.001096 0.000579 0.000000
0.001101 0.000593 0.000000
0.001101 0.000604 0.000000
0.001100 0.000300 0.000000
0.001100 0.000310 0.000000
0.001100 0.000321 0.000000
0.001103 0.000333 0.000000
0.001095 0.000337 0.000000
0.001103 0.000344 0.000000
0.001102 0.000360 0.000000
0.001104 0.000377 0.000000
0.001100 0.000381 0.000000
0.001101 0.000392 0.000000
0.001107 0.000402 0.000000
0.001098 0.000422 0.000000
0.001098 0.000408 0.000000
0.001103 0.000431 0.000000
0.001105 0.000444 0.000000
0.001103 0.000454 0.000000
0.001103 0.000464 0.000000
0.001108 0.000470 0.000000
0.001103 0.000479 0.000000
0.001112 0.000489 0.000000
0.001106 0.000507 0.000000
0.001113 0.000511 0.000000
0.001103 0.000519 0.000000
0.001114 0.000537 0.000000
0.001109 0.000546 0.000000
0.001111 0.000557 0.000000
0.001108 0.000556 0.000000
0.001107 0.000576 0.000000
0.001110 0.000583 0.000000
0.001108 0.000592 0.000000
0.001110 0.000603 0.000000
0.001110 0.000300 0.000000
0.001110 0.000310 0.000000
0.001109 0.000319 0.000000
0.001113 0.000327 0.000000
0.001116 0.000342 0.000000
0.001106 0.000353 0.000000
0.001116 0.000360 0.000000
0.001106 0.000368 0.000000
0.001115 0.000376 0.000000
0.001112 0.000388 0.000000
0.001112 0.000397 0.000000
0.001112 0.000412 0.000000
0.001112 0.000422 0.000000
0.001112 0.000433 0.000000
0.001119 0.000429 0.000000
0.001114 0.000451 0.000000
0.001122 0.000455 0.000000
0.001120 0.000469 0.000000
0.001113 0.000479 0.000000
0.001130 0.000490 0.000000
0.001108 0.000498 0.000000
0.001123 0.000509 0.000000
0.001112 0.000524 0.000000
0.001124 0.000528 0.000000
0.001107 0.000535 0.000000
0.001120 0.000544 0.000000
0.001116 0.000568 0.000000
0.001124 0.000561 0.000000
0.001120 0.000582 0.000000
0.001119 0.000592 0.000000
0.001119 0.000603 0.000000
0.001120 0.000300 0.000000
0.001120 0.000310 0.000000
0.001122 0.000321 0.000000
0.001113 0.000335 0.000000
0.001124 0.000334 0.000000
0.001116 0.000351 0.000000
0.001126 0.000354 0.000000
0.001121 0.000369 0.000000
0.001121 0.000383 0.000000
0.001123 0.000392 0.000000
0.001121 0.000403 0.000000
0.001125 0.000410 0.000000
0.001123 0.000418 0.000000
0.001125 0.000439 0.000000
0.001116 0.000443 0.000000
0.001133 0.000445 0.000000
0.001114 0.000461 0.000000
0.001128 0.000473 0.000000
0.001123 0.000479 0.000000
0.001120 0.000492 0.000000
0.001118 0.000501 0.000000
0.001131 0.000513 0.000000
0.001118 0.000521 0.000000
0.001142 0.000529 0.000000
0.001131 0.000548 0.000000
0.001123 0.000553 0.000000
0.001131 0.000568 0.000000
0.001122 0.000574 0.000000
0.001132 0.000584 0.000000
0.001128 0.000592 0.000000
0.001129 0.000603 0.000000
0.001130 0.000300 0.000000
0.001130 0.000310 0.000000
0.001129 0.000320 0.000000
0.001132 0.000329 0.000000
0.001127 0.000344 0.000000
0.001136 0.000347 0.000000
0.001127 0.000366 0.000000
0.001139 0.000367 0.000000
0.001130 0.000377 0.000000
0.001132 0.000387 0.000000
0.001132 0.000397 0.000000
0.001133 0.000406 0.000000
0.001132 0.000425 0.000000
0.001143 0.000424 0.000000
0.001129 0.000435 0.000000
0.001131 0.000455 0.000000
0.001135 0.000467 0.000000
0.001135 0.000457 0.000000
0.001133 0.000482 0.000000
0.001136 0.000494 0.000000
0.001130 0.000501 0.000000
0.001139 0.000507 0.000000
0.001131 0.000521 0.000000
0.001127 0.000536 0.000000
0.001134 0.000536 0.000000
0.001144 0.000547 0.000000
0.001134 0.000556 0.000000
0.001143 0.000569 0.000000
0.001135 0.000576 0.000000
0.001138 0.000592 0.000000
0.001139 0.000603 0.000000
0.001140 0.000300 0.000000
0.001140 0.000310 0.000000
0.001141 0.000319 0.000000
0.001140 0.000333 0.000000
0.001139 0.000339 0.000000
0.001143 0.000353 0.000000
0.001134 0.000359 0.000000
0.001147 0.000372 0.000000
0.001141 0.000387 0.000000
0.001152 0.000393 0.000000
0.001142 0.000405 0.000000
0.001148 0.000413 0.000000
0.001135 0.000418 0.000000
0.001141 0.000433 0.000000
0.001144 0.000442 0.000000
0.001146 0.000451 0.000000
0.001146 0.000461 0.000000
0.001143 0.000473 0.000000
0.001145 0.000480 0.000000
0.001147 0.000489 0.000000
0.001147 0.000498 0.000000
0.001146 0.000513 0.000000
0.001142 0.000520 0.000000
0.001150 0.000533 0.000000
0.001144 0.000539 0.000000
0.001143 0.000557 0.000000
0.001149 0.000561 0.000000
0.001144 0.000578 0.000000
0.001150 0.000583 0.000000
0.001148 0.000592 0.000000
0.001148 0.000602 0.000000
0.001150 0.000300 0.000000
0.001150 0.000310 0.000000
0.001150 0.000321 0.000000
0.001151 0.000328 0.000000
0.001151 0.000338 0.000000
0.001151 0.000351 0.000000
0.001149 0.000359 0.000000
0.001165 0.000369 0.000000
0.001141 0.000377 0.000000
0.001152 0.000382 0.000000
0.001144 0.000396 0.000000
0.001165 0.000408 0.000000
0.001152 0.000421 0.000000
0.001151 0.000435 0.000000
0.001159 0.000429 0.000000
0.001152 0.000448 0.000000
0.001158 0.000465 0.000000
0.001152 0.000469 0.000000
0.001156 0.000479 0.000000
0.001155 0.000491 0.000000
0.001152 0.000504 0.000000
0.001161 0.000512 0.000000
0.001154 0.000519 0.000000
0.001157 0.000527 0.000000
0.001154 0.000548 0.000000
0.001159 0.000541 0.000000
0.001160 0.000559 0.000000
0.001157 0.000568 0.000000
0.001158 0.000580 0.000000
0.001158 0.000592 0.000000
0.001158 0.000602 0.000000
0.001160 0.000300 0.000000
0.001160 0.000310 0.000000
0.001160 0.000319 0.000000
0.001161 0.000332 0.000000
0.001159 0.000342 0.000000
0.001162 0.000350 0.000000
0.001162 0.000359 0.000000
0.001155 0.000368 0.000000
0.001168 0.000383 0.000000
0.001158 0.000400 0.000000
0.001172 0.000391 0.000000
0.001153 0.000409 0.000000
0.001163 0.000421 0.000000
0.001161 0.000437 0.000000
0.001164 0.000445 0.000000
0.001168 0.000456 0.000000
0.001159 0.000454 0.000000
0.001167 0.000468 0.000000
0.001165 0.000482 0.000000
0.001164 0.000492 0.000000
0.001170 0.000500 0.000000
0.001163 0.000504 0.000000
0.001167 0.000526 0.000000
0.001165 0.000535 0.000000
0.001168 0.000545 0.000000
0.001163 0.000554 0.000000
0.001171 0.000569 0.000000
0.001163 0.000573 0.000000
0.001170 0.000583 0.000000
0.001167 0.000592 0.000000
0.001168 0.000602 0.000000
0.001170 0.000300 0.000000
0.001170 0.000310 0.000000
0.001169 0.000322 0.000000
0.001171 0.000327 0.000000
0.001170 0.000339 0.000000
0.001172 0.000348 0.000000
0.001170 0.000362 0.000000
0.001161 0.000378 0.000000
0.001175 0.000373 0.000000
0.001161 0.000389 0.000000
0.001170 0.000400 0.000000
0.001169 0.000415 0.000000
0.001183 0.000418 0.000000
0.001172 0.000427 0.000000
0.001176 0.000438 0.000000
0.001172 0.000444 0.000000
0.001174 0.000461 0.000000
0.001170 0.000475 0.000000
0.001181 0.000476 0.000000
0.001174 0.000488 0.000000
0.001175 0.000506 0.000000
0.001169 0.000516 0.000000
0.001181 0.000513 0.000000
0.001176 0.000524 0.000000
0.001177 0.000537 0.000000
0.001176 0.000549 0.000000
0.001179 0.000559 0.000000
0.001175 0.000563 0.000000
0.001176 0.000580 0.000000
0.001178 0.000592 0.000000
0.001177 0.000602 0.000000
0.001180 0.000300 0.000000
0.001180 0.000310 0.000000
0.001181 0.000318 0.000000
0.001179 0.000332 0.000000
0.001182 0.000342 0.000000
0.001179 0.000353 0.000000
0.001181 0.000358 0.000000
0.001185 0.000368 0.000000
0.001181 0.000383 0.000000
0.001182 0.000393 0.000000
0.001184 0.000407 0.000000
0.001176 0.000405 0.000000
0.001179 0.000424 0.000000
0.001184 0.000436 0.000000
0.001195 0.000435 0.000000
0.001192 0.000451 0.000000
0.001183 0.000456 0.000000
0.001184 0.000468 0.000000
0.001182 0.000485 0.000000
0.001190 0.000494 0.000000
0.001181 0.000496 0.000000
0.001187 0.000508 0.000000
0.001183 0.000528 0.000000
0.001192 0.000532 0.000000
0.001182 0.000542 0.000000
0.001190 0.000550 0.000000
0.001189 0.000567 0.000000
0.001184 0.000574 0.000000
0.001188 0.000581 0.000000
0.001187 0.000592 0.000000
0.001187 0.000602 0.000000
0.001190 0.000300 0.000000
0.001190 0.000310 0.000000
0.001190 0.000322 0.000000
0.001191 0.000328 0.000000
0.001190 0.000338 0.000000
0.001191 0.000348 0.000000
0.001192 0.000358 0.000000
0.001186 0.000375 0.000000
0.001195 0.000376 0.000000
0.001191 0.000388 0.000000
0.001191 0.000396 0.000000
0.001193 0.000406 0.000000
0.001192 0.000418 0.000000
0.001190 0.000427 0.000000
0.001181 0.000449 0.000000
0.001193 0.000443 0.000000
0.001192 0.000465 0.000000
0.001207 0.000481 0.000000
0.001190 0.000477 0.000000
0.001196 0.000487 0.000000
0.001194 0.000501 0.000000
0.001200 0.000514 0.000000
0.001189 0.000519 0.000000
0.001198 0.000525 0.000000
0.001192 0.000541 0.000000
0.001202 0.000556 0.000000
0.001190 0.000558 0.000000
0.001199 0.000565 0.000000
0.001197 0.000581 0.000000
0.001197 0.000591 0.000000
0.001197 0.000601 0.000000
0.001200 0.000300 0.000000
0.001200 0.000310 0.000000
0.001200 0.000318 0.000000
0.001201 0.000331 0.000000
0.001199 0.000342 0.000000
0.001202 0.000351 0.000000
0.001199 0.000365 0.000000
0.001202 0.000364 0.000000
0.001201 0.000384 0.000000
0.001203 0.000392 0.000000
0.001200 0.000404 0.000000
0.001203 0.000413 0.000000
0.001202 0.000422 0.000000
0.001205 0.000432 0.000000
0.001203 0.000444 0.000000
0.001207 0.000452 0.000000
0.001199 0.000460 0.000000
0.001204 0.000464 0.000000
0.001198 0.000478 0.000000
0.001204 0.000491 0.000000
0.001207 0.000501 0.000000
0.001201 0.000508 0.000000
0.001206 0.000522 0.000000
0.001203 0.000534 0.000000
0.001207 0.000543 0.000000
0.001202 0.000547 0.000000
0.001208 0.000564 0.000000
0.001202 0.000574 0.000000
0.001209 0.000581 0.000000
0.001207 0.000591 0.000000
0.001207 0.000601 0.000000
0.001210 0.000300 0.000000
0.001210 0.000310 0.000000
0.001209 0.000321 0.000000
0.001211 0.000330 0.000000
0.001210 0.000338 0.000000
0.001211 0.000349 0.000000
0.001211 0.000359 0.000000
0.001212 0.000373 0.000000
0.001208 0.000380 0.000000
0.001213 0.000388 0.000000
0.001211 0.000399 0.000000
0.001213 0.000404 0.000000
0.001219 0.000427 0.000000
0.001211 0.000424 0.000000
0.001212 0.000438 0.000000
0.001215 0.000448 0.000000
0.001220 0.000464 0.000000
0.001208 0.000471 0.000000
0.001215 0.000478 0.000000
0.001216 0.000489 0.000000
0.001213 0.000500 0.000000
0.001215 0.000510 0.000000
0.001215 0.000519 0.000000
0.001215 0.000530 0.000000
0.001218 0.000537 0.000000
0.001216 0.000551 0.000000
0.001217 0.000558 0.000000
0.001215 0.000568 0.000000
0.001216 0.000579 0.000000
0.001216 0.000591 0.000000
0.001217 0.000601 0.000000
0.001220 0.000300 0.000000
0.001220 0.000310 0.000000
0.001220 0.000319 0.000000
0.001221 0.000329 0.000000
0.001219 0.000342 0.000000
0.001222 0.000352 0.000000
0.001220 0.000362 0.000000
0.001222 0.000369 0.000000
0.001220 0.000378 0.000000
0.001225 0.000391 0.000000
0.001226 0.000405 0.000000
0.001225 0.000415 0.000000
0.001214 0.000414 0.000000
0.001225 0.000433 0.000000
0.001221 0.000441 0.000000
0.001227 0.000450 0.000000
0.001216 0.000459 0.000000
0.001227 0.000468 0.000000
0.001223 0.000478 0.000000
0.001224 0.000492 0.000000
0.001225 0.000501 0.000000
0.001226 0.000512 0.000000
0.001224 0.000521 0.000000
0.001227 0.000531 0.000000
0.001221 0.000544 0.000000
0.001229 0.000551 0.000000
0.001226 0.000563 0.000000
0.001226 0.000574 0.000000
0.001226 0.000582 0.000000
0.001227 0.000591 0.000000
0.001226 0.000601 0.000000
0.001230 0.000300 0.000000
0.001230 0.000310 0.000000
0.001229 0.000321 0.000000
0.001232 0.000331 0.000000
0.001229 0.000339 0.000000
0.001231 0.000348 0.000000
0.001230 0.000358 0.000000
0.001232 0.000372 0.000000
0.001229 0.000382 0.000000
0.001235 0.000389 0.000000
0.001223 0.000396 0.000000
0.001237 0.000406 0.000000
0.001229 0.000417 0.000000
0.001232 0.000426 0.000000
0.001247 0.000436 0.000000
0.001238 0.000453 0.000000
0.001231 0.000459 0.000000
0.001230 0.000483 0.000000
0.001236 0.000473 0.000000
0.001236 0.000486 0.000000
0.001234 0.000500 0.000000
0.001234 0.000509 0.000000
0.001236 0.000519 0.000000
0.001234 0.000532 0.000000
0.001236 0.000539 0.000000
0.001236 0.000547 0.000000
0.001233 0.000561 0.000000
0.001241 0.000566 0.000000
0.001240 0.000580 0.000000
0.001235 0.000590 0.000000
0.001236 0.000601 0.000000
0.001240 0.000300 0.000000
0.001240 0.000310 0.000000
0.001240 0.000319 0.000000
0.001240 0.000329 0.000000
0.001240 0.000341 0.000000
0.001243 0.000352 0.000000
0.001238 0.000362 0.000000
0.001244 0.000367 0.000000
0.001240 0.000377 0.000000
0.001253 0.000383 0.000000
0.001240 0.000401 0.000000
0.001241 0.000415 0.000000
0.001245 0.000424 0.000000
0.001237 0.000434 0.000000
0.001233 0.000442 0.000000
0.001242 0.000446 0.000000
0.001244 0.000461 0.000000
0.001244 0.000471 0.000000
0.001246 0.000478 0.000000
0.001242 0.000493 0.000000
0.001246 0.000500 0.000000
0.001245 0.000512 0.000000
0.001244 0.000521 0.000000
0.001245 0.000529 0.000000
0.001251 0.000545 0.000000
0.001242 0.000551 0.000000
0.001251 0.000565 0.000000
0.001236 0.000573 0.000000
0.001250 0.000584 0.000000
0.001245 0.000592 0.000000
0.001246 0.000602 0.000000
0.001250 0.000300 0.000000
0.001250 0.000310 0.000000
0.001251 0.000321 0.000000
0.001249 0.000331 0.000000
0.001253 0.000339 0.000000
0.001249 0.000349 0.000000
0.001251 0.000359 0.000000
0.001252 0.000374 0.000000
0.001244 0.000385 0.000000
0.001245 0.000396 0.000000
0.001256 0.000397 0.000000
0.001250 0.000408 0.000000
0.001254 0.000415 0.000000
0.001249 0.000427 0.000000
0.001254 0.000443 0.000000
0.001253 0.000451 0.000000
0.001252 0.000460 0.000000
0.001256 0.000469 0.000000
0.001250 0.000488 0.000000
0.001267 0.000490 0.000000
0.001257 0.000498 0.000000
0.001253 0.000508 0.000000
0.001256 0.000518 0.000000
0.001256 0.000532 0.000000
0.001249 0.000537 0.000000
0.001258 0.000551 0.000000
0.001250 0.000557 0.000000
0.001258 0.000570 0.000000
0.001251 0.000576 0.000000
0.001255 0.000591 0.000000
0.001256 0.000602 0.000000
0.001260 0.000300 0.000000
0.001260 0.000310 0.000000
0.001260 0.000319 0.000000
0.001261 0.000329 0.000000
0.001260 0.000340 0.000000
0.001260 0.000351 0.000000
0.001263 0.000363 0.000000
0.001258 0.000367 0.000000
0.001264 0.000379 0.000000
0.001258 0.000390 0.000000
0.001261 0.000403 0.000000
0.001263 0.000413 0.000000
0.001260 0.000424 0.000000
0.001266 0.000432 0.000000
0.001261 0.000438 0.000000
0.001264 0.000449 0.000000
0.001262 0.000462 0.000000
0.001267 0.000472 0.000000
0.001258 0.000478 0.000000
0.001258 0.000488 0.000000
0.001262 0.000510 0.000000
0.001275 0.000498 0.000000
0.001261 0.000529 0.000000
0.001268 0.000522 0.000000
0.001265 0.000538 0.000000
0.001264 0.000551 0.000000
0.001265 0.000562 0.000000
0.001265 0.000574 0.000000
0.001266 0.000583 0.000000
0.001265 0.000591 0.000000
0.001265 0.000601 0.000000
0.001270 0.000300 0.000000
0.001270 0.000310 0.000000
0.001270 0.000320 0.000000
0.001271 0.000331 0.000000
0.001270 0.000340 0.000000
0.001271 0.000350 0.000000
0.001271 0.000357 0.000000
0.001271 0.000370 0.000000
0.001271 0.000382 0.000000
0.001270 0.000390 0.000000
0.001274 0.000398 0.000000
0.001270 0.000407 0.000000
0.001273 0.000418 0.000000
0.001271 0.000426 0.000000
0.001274 0.000440 0.000000
0.001273 0.000451 0.000000
0.001270 0.000458 0.000000
0.001275 0.000466 0.000000
0.001270 0.000482 0.000000
0.001281 0.000485 0.000000
0.001268 0.000500 0.000000
0.001270 0.000513 0.000000
0.001277 0.000523 0.000000
0.001275 0.000535 0.000000
0.001271 0.000547 0.000000
0.001279 0.000541 0.000000
0.001276 0.000561 0.000000
0.001274 0.000567 0.000000
0.001274 0.000579 0.000000
0.001275 0.000591 0.000000
0.001275 0.000601 0.000000
0.001280 0.000300 0.000000
0.001280 0.000310 0.000000
0.001280 0.000320 0.000000
0.001280 0.000329 0.000000
0.001280 0.000340 0.000000
0.001282 0.000350 0.000000
0.001279 0.000362 0.000000
0.001283 0.000371 0.000000
0.001281 0.000378 0.000000
0.001282 0.000389 0.000000
0.001280 0.000403 0.000000
0.001283 0.000412 0.000000
0.001282 0.000422 0.000000
0.001279 0.000437 0.000000
0.001287 0.000430 0.000000
0.001285 0.000451 0.000000
0.001284 0.000462 0.000000
0.001286 0.000475 0.000000
0.001279 0.000477 0.000000
0.001283 0.000498 0.000000
0.001279 0.000508 0.000000
0.001294 0.000505 0.000000
0.001290 0.000518 0.000000
0.001282 0.000527 0.000000
0.001288 0.000543 0.000000
0.001281 0.000553 0.000000
0.001287 0.000562 0.000000
0.001285 0.000575 0.000000
0.001285 0.000582 0.000000
0.001285 0.000591 0.000000
0.001285 0.000601 0.000000
0.001290 0.000300 0.000000
0.001290 0.000310 0.000000
0.001290 0.000320 0.000000
0.001290 0.000331 0.000000
0.001290 0.000340 0.000000
0.001290 0.000350 0.000000
0.001291 0.000359 0.000000
0.001291 0.000368 0.000000
0.001290 0.000382 0.000000
0.001295 0.000391 0.000000
0.001288 0.000397 0.000000
0.001293 0.000406 0.000000
0.001291 0.000421 0.000000
0.001296 0.000434 0.000000
0.001286 0.000443 0.000000
0.001297 0.000447 0.000000
0.001289 0.000459 0.000000
0.001295 0.000467 0.000000
0.001297 0.000485 0.000000
0.001288 0.000489 0.000000
0.001296 0.000495 0.000000
0.001287 0.000511 0.000000
0.001291 0.000531 0.000000
0.001305 0.000530 0.000000
0.001296 0.000540 0.000000
0.001292 0.000552 0.000000
0.001300 0.000557 0.000000
0.001291 0.000569 0.000000
0.001297 0.000578 0.000000
0.001294 0.000591 0.000000
0.001295 0.000601 0.000000
0.001300 0.000300 0.000000
0.001300 0.000310 0.000000
0.001300 0.000320 0.000000
0.001300 0.000330 0.000000
0.001301 0.000338 0.000000
0.001301 0.000350 0.000000
0.001301 0.000360 0.000000
0.001303 0.000372 0.000000
0.001299 0.000377 0.000000
0.001302 0.000388 0.000000
0.001302 0.000406 0.000000
0.001306 0.000415 0.000000
0.001297 0.000414 0.000000
0.001304 0.000427 0.000000
0.001300 0.000439 0.000000
0.001302 0.000454 0.000000
0.001303 0.000459 0.000000
0.001305 0.000475 0.000000
0.001297 0.000476 0.000000
0.001306 0.000488 0.000000
0.001302 0.000504 0.000000
0.001310 0.000514 0.000000
0.001300 0.000516 0.000000
0.001297 0.000527 0.000000
0.001308 0.000538 0.000000
0.001303 0.000549 0.000000
0.001302 0.000565 0.000000
0.001306 0.000572 0.000000
0.001303 0.000583 0.000000
0.001305 0.000591 0.000000
0.001305 0.000601 0.000000
0.001310 0.000300 0.000000
0.001310 0.000310 0.000000
0.001309 0.000321 0.000000
0.001312 0.000328 0.000000
0.001309 0.000342 0.000000
0.001313 0.000350 0.000000
0.001309 0.000359 0.000000
0.001312 0.000369 0.000000
0.001310 0.000382 0.000000
0.001318 0.000394 0.000000
0.001305 0.000397 0.000000
0.001314 0.000400 0.000000
0.001311 0.000423 0.000000
0.001316 0.000433 0.000000
0.001309 0.000439 0.000000
0.001317 0.000449 0.000000
0.001310 0.000458 0.000000
0.001314 0.000471 0.000000
0.001313 0.000477 0.000000
0.001314 0.000493 0.000000
0.001310 0.000497 0.000000
0.001315 0.000506 0.000000
0.001309 0.000520 0.000000
0.001316 0.000531 0.000000
0.001312 0.000550 0.000000
0.001317 0.000543 0.000000
0.001314 0.000559 0.000000
0.001314 0.000568 0.000000
0.001315 0.000579 0.000000
0.001315 0.000591 0.000000
0.001315 0.000601 0.000000
0.001320 0.000300 0.000000
0.001320 0.000310 0.000000
0.001320 0.000319 0.000000
0.001321 0.000333 0.000000
0.001317 0.000338 0.000000
0.001325 0.000347 0.000000
0.001319 0.000359 0.000000
0.001326 0.000376 0.000000
0.001318 0.000376 0.000000
0.001320 0.000387 0.000000
0.001319 0.000407 0.000000
0.001327 0.000415 0.000000
0.001317 0.000415 0.000000
0.001322 0.000426 0.000000
0.001320 0.000441 0.000000
0.001323 0.000453 0.000000
0.001319 0.000462 0.000000
0.001329 0.000467 0.000000
0.001321 0.000481 0.000000
0.001323 0.000490 0.000000
0.001326 0.000499 0.000000
0.001321 0.000516 0.000000
0.001336 0.000516 0.000000
0.001324 0.000529 0.000000
0.001326 0.000536 0.000000
0.001322 0.000553 0.000000
0.001326 0.000563 0.000000
0.001323 0.000573 0.000000
0.001325 0.000582 0.000000
0.001324 0.000591 0.000000
0.001324 0.000601 0.000000
0.001330 0.000300 0.000000
0.001330 0.000310 0.000000
0.001331 0.000321 0.000000
0.001329 0.000328 0.000000
0.001337 0.000339 0.000000
0.001327 0.000357 0.000000
0.001336 0.000355 0.000000
0.001328 0.000366 0.000000
0.001332 0.000380 0.000000
0.001329 0.000390 0.000000
0.001342 0.000403 0.000000
0.001328 0.000403 0.000000
0.001334 0.000423 0.000000
0.001330 0.000431 0.000000
0.001333 0.000439 0.000000
0.001331 0.000447 0.000000
0.001336 0.000452 0.000000
0.001330 0.000473 0.000000
0.001336 0.000480 0.000000
0.001332 0.000489 0.000000
0.001334 0.000503 0.000000
0.001327 0.000509 0.000000
0.001329 0.000522 0.000000
0.001329 0.000547 0.000000
0.001346 0.000539 0.000000
0.001338 0.000546 0.000000
0.001334 0.000558 0.000000
0.001335 0.000568 0.000000
0.001335 0.000579 0.000000
0.001334 0.000591 0.000000
0.001334 0.000601 0.000000
0.001340 0.000300 0.000000
0.001340 0.000310 0.000000
0.001340 0.000319 0.000000
0.001340 0.000330 0.000000
0.001333 0.000344 0.000000
0.001343 0.000346 0.000000
0.001342 0.000364 0.000000
0.001338 0.000370 0.000000
0.001343 0.000380 0.000000
0.001342 0.000390 0.000000
0.001336 0.000397 0.000000
0.001335 0.000411 0.000000
0.001344 0.000417 0.000000
0.001342 0.000429 0.000000
0.001343 0.000440 0.000000
0.001335 0.000462 0.000000
0.001346 0.000456 0.000000
0.001344 0.000466 0.000000
0.001343 0.000480 0.000000
0.001342 0.000491 0.000000
0.001344 0.000499 0.000000
0.001344 0.000508 0.000000
0.001342 0.000520 0.000000
0.001341 0.000529 0.000000
0.001336 0.000536 0.000000
0.001343 0.000553 0.000000
0.001346 0.000563 0.000000
0.001343 0.000572 0.000000
0.001345 0.000582 0.000000
0.001344 0.000591 0.000000
0.001344 0.000601 0.000000
0.001350 0.000300 0.000000
0.001350 0.000310 0.000000
0.001350 0.000322 0.000000
0.001351 0.000330 0.000000
0.001350 0.000339 0.000000
0.001351 0.000351 0.000000
0.001347 0.000360 0.000000
0.001354 0.000368 0.000000
0.001352 0.000377 0.000000
0.001350 0.000388 0.000000
0.001352 0.000400 0.000000
0.001350 0.000411 0.000000
0.001354 0.000419 0.000000
0.001350 0.000433 0.000000
0.001355 0.000441 0.000000
0.001349 0.000450 0.000000
0.001357 0.000458 0.000000
0.001350 0.000473 0.000000
0.001356 0.000482 0.000000
0.001353 0.000491 0.000000
0.001354 0.000500 0.000000
0.001351 0.000517 0.000000
0.001363 0.000514 0.000000
0.001351 0.000530 0.000000
0.001353 0.000548 0.000000
0.001363 0.000544 0.000000
0.001354 0.000558 0.000000
0.001358 0.000572 0.000000
0.001353 0.000580 0.000000
0.001355 0.000591 0.000000
0.001354 0.000601 0.000000
0.001360 0.000300 0.000000
0.001360 0.000310 0.000000
0.001360 0.000319 0.000000
0.001360 0.000330 0.000000
0.001361 0.000341 0.000000
0.001360 0.000351 0.000000
0.001361 0.000358 0.000000
0.001361 0.000370 0.000000
0.001359 0.000391 0.000000
0.001362 0.000382 0.000000
0.001361 0.000399 0.000000
0.001361 0.000409 0.000000
0.001364 0.000424 0.000000
0.001357 0.000428 0.000000
0.001367 0.000435 0.000000
0.001362 0.000447 0.000000
0.001356 0.000468 0.000000
0.001364 0.000463 0.000000
0.001364 0.000475 0.000000
0.001363 0.000488 0.000000
0.001366 0.000503 0.000000
0.001357 0.000507 0.000000
0.001358 0.000523 0.000000
0.001363 0.000531 0.000000
0.001358 0.000539 0.000000
0.001365 0.000555 0.000000
0.001368 0.000571 0.000000
0.001358 0.000565 0.000000
0.001364 0.000581 0.000000
0.001364 0.000591 0.000000
0.001364 0.000601 0.000000
0.001370 0.000300 0.000000
0.001370 0.000310 0.000000
0.001369 0.000321 0.000000
0.001372 0.000331 0.000000
0.001369 0.000339 0.000000
0.001371 0.000349 0.000000
0.001371 0.000361 0.000000
0.001370 0.000371 0.000000
0.001373 0.000380 0.000000
0.001371 0.000389 0.000000
0.001369 0.000402 0.000000
0.001377 0.000413 0.000000
0.001369 0.000415 0.000000
0.001373 0.000429 0.000000
0.001369 0.000453 0.000000
0.001372 0.000444 0.000000
0.001378 0.000457 0.000000
0.001375 0.000473 0.000000
0.001369 0.000491 0.000000
0.001386 0.000481 0.000000
0.001373 0.000499 0.000000
0.001374 0.000512 0.000000
0.001371 0.000524 0.000000
0.001377 0.000525 0.000000
0.001373 0.000537 0.000000
0.001375 0.000546 0.000000
0.001372 0.000557 0.000000
0.001374 0.000565 0.000000
0.001374 0.000580 0.000000
0.001374 0.000591 0.000000
0.001374 0.000601 0.000000
0.001380 0.000300 0.000000
0.001380 0.000310 0.000000
0.001380 0.000319 0.000000
0.001380 0.000329 0.000000
0.001379 0.000340 0.000000
0.001382 0.000352 0.000000
0.001380 0.000359 0.000000
0.001381 0.000369 0.000000
0.001380 0.000380 0.000000
0.001378 0.000395 0.000000
0.001387 0.000395 0.000000
0.001379 0.000406 0.000000
0.001379 0.000423 0.000000
0.001386 0.000433 0.000000
0.001379 0.000440 0.000000
0.001384 0.000447 0.000000
0.001373 0.000465 0.000000
0.001385 0.000467 0.000000
0.001375 0.000480 0.000000
0.001380 0.000488 0.000000
0.001386 0.000503 0.000000
0.001380 0.000508 0.000000
0.001385 0.000519 0.000000
0.001382 0.000533 0.000000
0.001384 0.000544 0.000000
0.001383 0.000554 0.000000
0.001385 0.000563 0.000000
0.001383 0.000573 0.000000
0.001383 0.000582 0.000000
0.001384 0.000591 0.000000
0.001384 0.000601 0.000000
0.001390 0.000300 0.000000
0.001390 0.000310 0.000000
0.001390 0.000320 0.000000
0.001390 0.000331 0.000000
0.001391 0.000340 0.000000
0.001390 0.000348 0.000000
0.001390 0.000360 0.000000
0.001392 0.000373 0.000000
0.001391 0.000379 0.000000
0.001390 0.000388 0.000000
0.001389 0.000403 0.000000
0.001390 0.000412 0.000000
0.001395 0.000420 0.000000
0.001389 0.000424 0.000000
0.001394 0.000442 0.000000
0.001390 0.000453 0.000000
0.001390 0.000462 0.000000
0.001400 0.000467 0.000000
0.001394 0.000484 0.000000
0.001388 0.000495 0.000000
0.001397 0.000492 0.000000
0.001394 0.000511 0.000000
0.001393 0.000523 0.000000
0.001396 0.000531 0.000000
0.001391 0.000538 0.000000
0.001396 0.000546 0.000000
0.001395 0.000560 0.000000
0.001393 0.000569 0.000000
0.001394 0.000579 0.000000
0.001393 0.000591 0.000000
0.001394 0.000601 0.000000
0.001400 0.000300 0.000000
0.001400 0.000310 0.000000
0.001400 0.000320 0.000000
0.001401 0.000329 0.000000
0.001400 0.000339 0.000000
0.001399 0.000352 0.000000
0.001403 0.000361 0.000000
0.001399 0.000367 0.000000
0.001401 0.000381 0.000000
0.001402 0.000392 0.000000
0.001400 0.000399 0.000000
0.001403 0.000408 0.000000
0.001406 0.000424 0.000000
0.001396 0.000433 0.000000
0.001406 0.000435 0.000000
0.001402 0.000448 0.000000
0.001402 0.000457 0.000000
0.001393 0.000474 0.000000
0.001403 0.000477 0.000000
0.001408 0.000487 0.000000
0.001398 0.000503 0.000000
0.001408 0.000513 0.000000
0.001400 0.000517 0.000000
0.001404 0.000529 0.000000
0.001407 0.000547 0.000000
0.001397 0.000553 0.000000
0.001406 0.000560 0.000000
0.001406 0.000574 0.000000
0.001402 0.000582 0.000000
0.001404 0.000591 0.000000
0.001404 0.000601 0.000000
0.001410 0.000300 0.000000
0.001410 0.000310 0.000000
0.001411 0.000320 0.000000
0.001409 0.000331 0.000000
0.001411 0.000342 0.000000
0.001410 0.000348 0.000000
0.001411 0.000359 0.000000
0.001409 0.000371 0.000000
0.001413 0.000381 0.000000
0.001410 0.000388 0.000000
0.001411 0.000401 0.000000
0.001415 0.000415 0.000000
0.001404 0.000414 0.000000
0.001413 0.000429 0.000000
0.001410 0.000443 0.000000
0.001412 0.000453 0.000000
0.001411 0.000462 0.000000
0.001413 0.000470 0.000000
0.001412 0.000479 0.000000
0.001406 0.000499 0.000000
0.001415 0.000494 0.000000
0.001413 0.000505 0.000000
0.001413 0.000523 0.000000
0.001416 0.000533 0.000000
0.001407 0.000538 0.000000
0.001417 0.000544 0.000000
0.001418 0.000564 0.000000
0.001408 0.000568 0.000000
0.001416 0.000579 0.000000
0.001413 0.000591 0.000000
0.001413 0.000601 0.000000
0.001420 0.000300 0.000000
0.001420 0.000310 0.000000
0.001420 0.000321 0.000000
0.001419 0.000329 0.000000
0.001422 0.000338 0.000000
0.001420 0.000350 0.000000
0.001422 0.000362 0.000000
0.001419 0.000369 0.000000
0.001422 0.000377 0.000000
0.001421 0.000391 0.000000
0.001422 0.000401 0.000000
0.001419 0.000408 0.000000
0.001423 0.000420 0.000000
0.001421 0.000430 0.000000
0.001420 0.000440 0.000000
0.001424 0.000447 0.000000
0.001421 0.000457 0.000000
0.001423 0.000470 0.000000
0.001422 0.000481 0.000000
0.001423 0.000491 0.000000
0.001424 0.000504 0.000000
0.001417 0.000514 0.000000
0.001426 0.000518 0.000000
0.001422 0.000528 0.000000
0.001427 0.000546 0.000000
0.001415 0.000554 0.000000
0.001425 0.000557 0.000000
0.001423 0.000572 0.000000
0.001422 0.000582 0.000000
0.001423 0.000591 0.000000
0.001423 0.000601 0.000000
0.001430 0.000300 0.000000
0.001430 0.000310 0.000000
0.001430 0.000319 0.000000
0.001431 0.000331 0.000000
0.001430 0.000341 0.000000
0.001427 0.000352 0.000000
0.001436 0.000355 0.000000
0.001432 0.000371 0.000000
0.001428 0.000383 0.000000
0.001434 0.000390 0.000000
0.001431 0.000399 0.000000
0.001432 0.000410 0.000000
0.001430 0.000420 0.000000
0.001433 0.000431 0.000000
0.001432 0.000440 0.000000
0.001431 0.000452 0.000000
0.001429 0.000463 0.000000
0.001435 0.000470 0.000000
0.001430 0.000480 0.000000
0.001434 0.000490 0.000000
0.001430 0.000499 0.000000
0.001431 0.000509 0.000000
0.001437 0.000517 0.000000
0.001438 0.000532 0.000000
0.001428 0.000537 0.000000
0.001434 0.000548 0.000000
0.001433 0.000562 0.000000
0.001433 0.000569 0.000000
0.001433 0.000580 0.000000
0.001433 0.000591 0.000000
0.001433 0.000601 0.000000
0.001440 0.000300 0.000000
0.001440 0.000310 0.000000
0.001440 0.000321 0.000000
0.001440 0.000330 0.000000
0.001440 0.000339 0.000000
0.001441 0.000348 0.000000
0.001434 0.000363 0.000000
0.001444 0.000370 0.000000
0.001440 0.000378 0.000000
0.001442 0.000387 0.000000
0.001440 0.000402 0.000000
0.001445 0.000412 0.000000
0.001439 0.000419 0.000000
0.001442 0.000429 0.000000
0.001440 0.000440 0.000000
0.001443 0.000450 0.000000
0.001441 0.000457 0.000000
0.001444 0.000467 0.000000
0.001440 0.000479 0.000000
0.001443 0.000492 0.000000
0.001442 0.000501 0.000000
0.001444 0.000510 0.000000
0.001434 0.000527 0.000000
0.001446 0.000525 0.000000
0.001442 0.000542 0.000000
0.001445 0.000551 0.000000
0.001441 0.000559 0.000000
0.001444 0.000571 0.000000
0.001443 0.000582 0.000000
0.001443 0.000591 0.000000
0.001443 0.000601 0.000000
0.001450 0.000300 0.000000
0.001450 0.000310 0.000000
0.001450 0.000320 0.000000
0.001450 0.000329 0.000000
0.001451 0.000341 0.000000
0.001447 0.000358 0.000000
0.001454 0.000349 0.000000
0.001451 0.000367 0.000000
0.001452 0.000384 0.000000
0.001447 0.000395 0.000000
0.001456 0.000394 0.000000
0.001449 0.000406 0.000000
0.001451 0.000422 0.000000
0.001454 0.000432 0.000000
0.001450 0.000439 0.000000
0.001453 0.000451 0.000000
0.001451 0.000462 0.000000
0.001449 0.000478 0.000000
0.001456 0.000472 0.000000
0.001451 0.000488 0.000000
0.001452 0.000499 0.000000
0.001451 0.000511 0.000000
0.001454 0.000520 0.000000
0.001451 0.000533 0.000000
0.001452 0.000539 0.000000
0.001454 0.000551 0.000000
0.001452 0.000562 0.000000
0.001454 0.000571 0.000000
0.001452 0.000580 0.000000
0.001453 0.000591 0.000000
0.001453 0.000601 0.000000
0.001460 0.000300 0.000000
0.001460 0.000310 0.000000
0.001460 0.000320 0.000000
0.001460 0.000331 0.000000
0.001460 0.000339 0.000000
0.001460 0.000353 0.000000
0.001459 0.000363 0.000000
0.001455 0.000375 0.000000
0.001465 0.000376 0.000000
0.001461 0.000386 0.000000
0.001459 0.000405 0.000000
0.001465 0.000413 0.000000
0.001460 0.000418 0.000000
0.001461 0.000428 0.000000
0.001460 0.000441 0.000000
0.001464 0.000449 0.000000
0.001461 0.000459 0.000000
0.001463 0.000471 0.000000
0.001459 0.000483 0.000000
0.001464 0.000493 0.000000
0.001462 0.000500 0.000000
0.001463 0.000509 0.000000
0.001462 0.000520 0.000000
0.001462 0.000531 0.000000
0.001464 0.000539 0.000000
0.001463 0.000549 0.000000
0.001463 0.000558 0.000000
0.001461 0.000569 0.000000
0.001464 0.000582 0.000000
0.001462 0.000591 0.000000
0.001463 0.000601 0.000000
0.001470 0.000300 0.000000
0.001470 0.000310 0.000000
0.001470 0.000321 0.000000
0.001470 0.000329 0.000000
0.001470 0.000340 0.000000
0.001471 0.000350 0.000000
0.001469 0.000359 0.000000
0.001474 0.000367 0.000000
0.001472 0.000385 0.000000
0.001466 0.000396 0.000000
0.001475 0.000395 0.000000
0.001471 0.000406 0.000000
0.001471 0.000422 0.000000
0.001472 0.000433 0.000000
0.001472 0.000438 0.000000
0.001470 0.000450 0.000000
0.001472 0.000461 0.000000
0.001472 0.000471 0.000000
0.001469 0.000482 0.000000
0.001475 0.000485 0.000000
0.001471 0.000500 0.000000
0.001472 0.000512 0.000000
0.001473 0.000521 0.000000
0.001473 0.000530 0.000000
0.001472 0.000542 0.000000
0.001470 0.000562 0.000000
0.001476 0.000549 0.000000
0.001474 0.000572 0.000000
0.001471 0.000580 0.000000
0.001473 0.000591 0.000000
0.001473 0.000601 0.000000
0.001480 0.000300 0.000000
0.001480 0.000310 0.000000
0.001480 0.000319 0.000000
0.001480 0.000331 0.000000
0.001480 0.000341 0.000000
0.001480 0.000350 0.000000
0.001479 0.000360 0.000000
0.001482 0.000377 0.000000
0.001473 0.000376 0.000000
0.001487 0.000386 0.000000
0.001482 0.000403 0.000000
0.001478 0.000413 0.000000
0.001484 0.000419 0.000000
0.001480 0.000428 0.000000
0.001482 0.000441 0.000000
0.001482 0.000451 0.000000
0.001482 0.000460 0.000000
0.001482 0.000469 0.000000
0.001483 0.000481 0.000000
0.001479 0.000493 0.000000
0.001483 0.000502 0.000000
0.001483 0.000508 0.000000
0.001482 0.000520 0.000000
0.001482 0.000530 0.000000
0.001482 0.000541 0.000000
0.001486 0.000556 0.000000
0.001479 0.000560 0.000000
0.001483 0.000570 0.000000
0.001483 0.000581 0.000000
0.001482 0.000591 0.000000
0.001483 0.000601 0.000000
0.001490 0.000300 0.000000
0.001490 0.000310 0.000000
0.001490 0.000321 0.000000
0.001490 0.000329 0.000000
0.001491 0.000338 0.000000
0.001490 0.000350 0.000000
0.001491 0.000362 0.000000
0.001489 0.000367 0.000000
0.001492 0.000378 0.000000
0.001484 0.000394 0.000000
0.001496 0.000397 0.000000
0.001490 0.000408 0.000000
0.001493 0.000419 0.000000
0.001490 0.000432 0.000000
0.001494 0.000442 0.000000
0.001491 0.000449 0.000000
0.001492 0.000460 0.000000
0.001492 0.000471 0.000000
0.001492 0.000480 0.000000
0.001491 0.000490 0.000000
0.001494 0.000497 0.000000
0.001490 0.000511 0.000000
0.001494 0.000521 0.000000
0.001491 0.000532 0.000000
0.001495 0.000539 0.000000
0.001489 0.000548 0.000000
0.001493 0.000559 0.000000
0.001493 0.000571 0.000000
0.001492 0.000580 0.000000
0.001493 0.000591 0.000000
0.001493 0.000601 0.000000
0.001500 0.000300 0.000000
0.001500 0.000310 0.000000
0.001500 0.000320 0.000000
0.001500 0.000330 0.000000
0.001499 0.000342 0.000000
0.001500 0.000350 0.000000
0.001500 0.000359 0.000000
0.001500 0.000370 0.000000
0.001503 0.000383 0.000000
0.001497 0.000389 0.000000
0.001503 0.000403 0.000000
0.001498 0.000409 0.000000
0.001498 0.000427 0.000000
0.001505 0.000423 0.000000
0.001501 0.000438 0.000000
0.001501 0.000452 0.000000
0.001504 0.000461 0.000000
0.001500 0.000469 0.000000
0.001503 0.000479 0.000000
0.001501 0.000491 0.000000
0.001502 0.000502 0.000000
0.001501 0.000511 0.000000
0.001504 0.000520 0.000000
0.001500 0.000529 0.000000
0.001503 0.000543 0.000000
0.001501 0.000551 0.000000
0.001504 0.000561 0.000000
0.001500 0.000570 0.000000
0.001505 0.000580 0.000000
0.001502 0.000591 0.000000
0.001503 0.000601 0.000000
0.001510 0.000300 0.000000
0.001510 0.000310 0.000000
0.001510 0.000320 0.000000
0.001510 0.000331 0.000000
0.001511 0.000339 0.000000
0.001511 0.000349 0.000000
0.001510 0.000361 0.000000
0.001511 0.000371 0.000000
0.001510 0.000377 0.000000
0.001511 0.000389 0.000000
0.001510 0.000398 0.000000
0.001508 0.000412 0.000000
0.001516 0.000416 0.000000
0.001508 0.000432 0.000000
0.001517 0.000442 0.000000
0.001508 0.000449 0.000000
0.001512 0.000458 0.000000
0.001511 0.000472 0.000000
0.001513 0.000482 0.000000
0.001511 0.000490 0.000000
0.001513 0.000499 0.000000
0.001512 0.000509 0.000000
0.001512 0.000521 0.000000
0.001512 0.000532 0.000000
0.001512 0.000539 0.000000
0.001513 0.000550 0.000000
0.001511 0.000560 0.000000
0.001514 0.000570 0.000000
0.001511 0.000581 0.000000
0.001513 0.000591 0.000000
0.001513 0.000601 0.000000
0.001520 0.000300 0.000000
0.001520 0.000310 0.000000
0.001521 0.000321 0.000000
0.001520 0.000329 0.000000
0.001519 0.000340 0.000000
0.001520 0.000352 0.000000
0.001520 0.000359 0.000000
0.001521 0.000369 0.000000
0.001519 0.000382 0.000000
0.001522 0.000392 0.000000
0.001520 0.000399 0.000000
0.001522 0.000409 0.000000
0.001516 0.000425 0.000000
0.001526 0.000430 0.000000
0.001519 0.000437 0.000000
0.001520 0.000451 0.000000
0.001524 0.000464 0.000000
0.001520 0.000469 0.000000
0.001522 0.000478 0.000000
0.001522 0.000490 0.000000
0.001522 0.000501 0.000000
0.001522 0.000511 0.000000
0.001522 0.000521 0.000000
0.001523 0.000529 0.000000
0.001522 0.000541 0.000000
0.001522 0.000552 0.000000
0.001523 0.000560 0.000000
0.001521 0.000571 0.000000
0.001524 0.000579 0.000000
0.001522 0.000590 0.000000
0.001522 0.000601 0.000000
0.001530 0.000300 0.000000
0.001530 0.000310 0.000000
0.001530 0.000319 0.000000
0.001530 0.000330 0.000000
0.001531 0.000341 0.000000
0.001530 0.000347 0.000000
0.001530 0.000360 0.000000
0.001529 0.000373 0.000000
0.001532 0.000378 0.000000
0.001531 0.000387 0.000000
0.001530 0.000401 0.000000
0.001533 0.000413 0.000000
0.001526 0.000418 0.000000
0.001535 0.000428 0.000000
0.001529 0.000443 0.000000
0.001536 0.000453 0.000000
0.001528 0.000455 0.000000
0.001532 0.000469 0.000000
0.001531 0.000483 0.000000
0.001532 0.000490 0.000000
0.001532 0.000500 0.000000
0.001532 0.000509 0.000000
0.001532 0.000519 0.000000
0.001532 0.000531 0.000000
0.001533 0.000541 0.000000
0.001532 0.000549 0.000000
0.001532 0.000560 0.000000
0.001533 0.000571 0.000000
0.001532 0.000582 0.000000
0.001533 0.000590 0.000000
0.001532 0.000601 0.000000
0.001540 0.000300 0.000000
0.001540 0.000310 0.000000
0.001540 0.000321 0.000000
0.001540 0.000329 0.000000
0.001540 0.000339 0.000000
0.001539 0.000352 0.000000
0.001542 0.000362 0.000000
0.001539 0.000367 0.000000
0.001542 0.000380 0.000000
0.001538 0.000393 0.000000
0.001543 0.000401 0.000000
0.001540 0.000407 0.000000
0.001541 0.000419 0.000000
0.001535 0.000436 0.000000
0.001546 0.000437 0.000000
0.001541 0.000445 0.000000
0.001539 0.000461 0.000000
0.001544 0.000474 0.000000
0.001540 0.000478 0.000000
0.001543 0.000488 0.000000
0.001542 0.000500 0.000000
0.001541 0.000512 0.000000
0.001544 0.000521 0.000000
0.001541 0.000530 0.000000
0.001543 0.000540 0.000000
0.001542 0.000551 0.000000
0.001543 0.000562 0.000000
0.001541 0.000569 0.000000
0.001543 0.000579 0.000000
0.001542 0.000590 0.000000
0.001542 0.000601 0.000000
0.001550 0.000300 0.000000
0.001550 0.000310 0.000000
0.001550 0.000319 0.000000
0.001550 0.000329 0.000000
0.001550 0.000342 0.000000
0.001550 0.000348 0.000000
0.001550 0.000358 0.000000
0.001549 0.000371 0.000000
0.001552 0.000381 0.000000
0.001548 0.000388 0.000000
0.001552 0.000398 0.000000
0.001549 0.000413 0.000000
0.001557 0.000423 0.000000
0.001546 0.000425 0.000000
0.001555 0.000442 0.000000
0.001548 0.000456 0.000000
0.001558 0.000459 0.000000
0.001549 0.000466 0.000000
0.001553 0.000480 0.000000
0.001548 0.000498 0.000000
0.001557 0.000494 0.000000
0.001552 0.000509 0.000000
0.001552 0.000519 0.000000
0.001552 0.000530 0.000000
0.001553 0.000540 0.000000
0.001551 0.000551 0.000000
0.001553 0.000558 0.000000
0.001554 0.000573 0.000000
0.001551 0.000581 0.000000
0.001552 0.000591 0.000000
0.001552 0.000600 0.000000
0.001560 0.000300 0.000000
0.001560 0.000310 0.000000
0.001560 0.000321 0.000000
0.001560 0.000331 0.000000
0.001560 0.000339 0.000000
0.001560 0.000350 0.000000
0.001561 0.000363 0.000000
0.001560 0.000368 0.000000
0.001561 0.000379 0.000000
0.001560 0.000390 0.000000
0.001562 0.000404 0.000000
0.001557 0.000407 0.000000
0.001562 0.000417 0.000000
0.001556 0.000431 0.000000
0.001566 0.000440 0.000000
0.001554 0.000447 0.000000
0.001569 0.000459 0.000000
0.001559 0.000474 0.000000
0.001566 0.000482 0.000000
0.001558 0.000487 0.000000
0.001560 0.000502 0.000000
0.001562 0.000512 0.000000
0.001561 0.000521 0.000000
0.001563 0.000531 0.000000
0.001561 0.000540 0.000000
0.001562 0.000550 0.000000
0.001567 0.000567 0.000000
0.001558 0.000565 0.000000
0.001562 0.000580 0.000000
0.001562 0.000590 0.000000
0.001562 0.000600 0.000000
0.001570 0.000300 0.000000
0.001570 0.000310 0.000000
0.001570 0.000320 0.000000
0.001570 0.000329 0.000000
0.001570 0.000340 0.000000
0.001570 0.000351 0.000000
0.001571 0.000357 0.000000
0.001570 0.000370 0.000000
0.001571 0.000381 0.000000
0.001569 0.000391 0.000000
0.001572 0.000397 0.000000
0.001570 0.000410 0.000000
0.001572 0.000423 0.000000
0.001567 0.000430 0.000000
0.001576 0.000436 0.000000
0.001567 0.000450 0.000000
0.001563 0.000466 0.000000
0.001574 0.000467 0.000000
0.001574 0.000475 0.000000
0.001570 0.000492 0.000000
0.001574 0.000501 0.000000
0.001572 0.000508 0.000000
0.001572 0.000519 0.000000
0.001572 0.000529 0.000000
0.001571 0.000541 0.000000
0.001574 0.000550 0.000000
0.001569 0.000557 0.000000
0.001572 0.000570 0.000000
0.001572 0.000581 0.000000
0.001572 0.000590 0.000000
0.001572 0.000600 0.000000
0.001580 0.000300 0.000000
0.001580 0.000310 0.000000
0.001580 0.000320 0.000000
0.001580 0.000332 0.000000
0.001580 0.000339 0.000000
0.001580 0.000349 0.000000
0.001580 0.000361 0.000000
0.001580 0.000371 0.000000
0.001581 0.000378 0.000000
0.001581 0.000390 0.000000
0.001579 0.000401 0.000000
0.001581 0.000411 0.000000
0.001579 0.000418 0.000000
0.001581 0.000429 0.000000
0.001576 0.000447 0.000000
0.001588 0.000454 0.000000
0.001580 0.000453 0.000000
0.001590 0.000471 0.000000
0.001578 0.000486 0.000000
0.001587 0.000489 0.000000
0.001581 0.000497 0.000000
0.001580 0.000512 0.000000
0.001584 0.000523 0.000000
0.001580 0.000531 0.000000
0.001583 0.000539 0.000000
0.001581 0.000551 0.000000
0.001582 0.000560 0.000000
0.001582 0.000571 0.000000
0.001582 0.000580 0.000000
0.001582 0.000590 0.000000
0.001582 0.000600 0.000000
0.001590 0.000300 0.000000
0.001590 0.000310 0.000000
0.001590 0.000321 0.000000
0.001591 0.000328 0.000000
0.001590 0.000339 0.000000
0.001590 0.000352 0.000000
0.001590 0.000359 0.000000
0.001591 0.000369 0.000000
0.001590 0.000381 0.000000
0.001591 0.000392 0.000000
0.001590 0.000398 0.000000
0.001591 0.000409 0.000000
0.001590 0.000420 0.000000
0.001594 0.000434 0.000000
0.001587 0.000436 0.000000
0.001591 0.000446 0.000000
0.001583 0.000463 0.000000
0.001597 0.000471 0.000000
0.001582 0.000477 0.000000
0.001597 0.000488 0.000000
0.001592 0.000505 0.000000
0.001596 0.000512 0.000000
0.001589 0.000515 0.000000
0.001593 0.000530 0.000000
0.001590 0.000540 0.000000
0.001593 0.000551 0.000000
0.001593 0.000562 0.000000
0.001591 0.000570 0.000000
0.001592 0.000580 0.000000
0.001591 0.000590 0.000000
0.001592 0.000600 0.000000
0.001600 0.000300 0.000000
0.001600 0.000310 0.000000
0.001600 0.000319 0.000000
0.001599 0.000332 0.000000
0.001601 0.000341 0.000000
0.001600 0.000348 0.000000
0.001600 0.000360 0.000000
0.001600 0.000372 0.000000
0.001601 0.000380 0.000000
0.001600 0.000389 0.000000
0.001600 0.000401 0.000000
0.001601 0.000412 0.000000
0.001600 0.000419 0.000000
0.001599 0.000428 0.000000
0.001601 0.000440 0.000000
0.001605 0.000455 0.000000
0.001596 0.000458 0.000000
0.001604 0.000466 0.000000
0.001596 0.000480 0.000000
0.001605 0.000496 0.000000
0.001593 0.000496 0.000000
0.001605 0.000505 0.000000
0.001600 0.000523 0.000000
0.001603 0.000530 0.000000
0.001602 0.000541 0.000000
0.001602 0.000549 0.000000
0.001601 0.000559 0.000000
0.001603 0.000571 0.000000
0.001602 0.000581 0.000000
0.001602 0.000591 0.000000
0.001602 0.000600 0.000000
0.001610 0.000300 0.000000
0.001610 0.000310 0.000000
0.001610 0.000321 0.000000
0.001610 0.000329 0.000000
0.001610 0.000339 0.000000
0.001610 0.000351 0.000000
0.001611 0.000361 0.000000
0.001610 0.000368 0.000000
0.001611 0.000380 0.000000
0.001609 0.000391 0.000000
0.001612 0.000400 0.000000
0.001610 0.000409 0.000000
0.001611 0.000421 0.000000
0.001611 0.000430 0.000000
0.001611 0.000441 0.000000
0.001606 0.000449 0.000000
0.001616 0.000457 0.000000
0.001607 0.000478 0.000000
0.001617 0.000475 0.000000
0.001610 0.000486 0.000000
0.001616 0.000501 0.000000
0.001607 0.000517 0.000000
0.001622 0.000513 0.000000
0.001614 0.000528 0.000000
0.001610 0.000540 0.000000
0.001613 0.000552 0.000000
0.001611 0.000562 0.000000
0.001613 0.000568 0.000000
0.001611 0.000580 0.000000
0.001612 0.000590 0.000000
0.001612 0.000600 0.000000
0.001620 0.000300 0.000000
0.001620 0.000310 0.000000
0.001620 0.000319 0.000000
0.001620 0.000330 0.000000
0.001620 0.000342 0.000000
0.001620 0.000349 0.000000
0.001620 0.000359 0.000000
0.001619 0.000371 0.000000
0.001621 0.000381 0.000000
0.001620 0.000389 0.000000
0.001621 0.000400 0.000000
0.001619 0.000411 0.000000
0.001622 0.000420 0.000000
0.001619 0.000430 0.000000
0.001622 0.000439 0.000000
0.001621 0.000448 0.000000
0.001613 0.000467 0.000000
0.001623 0.000466 0.000000
0.001623 0.000481 0.000000
0.001617 0.000491 0.000000
0.001625 0.000498 0.000000
0.001612 0.000510 0.000000
0.001619 0.000521 0.000000
0.001619 0.000538 0.000000
0.001632 0.000532 0.000000
0.001620 0.000549 0.000000
0.001623 0.000559 0.000000
0.001620 0.000572 0.000000
0.001623 0.000581 0.000000
0.001622 0.000590 0.000000
0.001622 0.000600 0.000000
0.001630 0.000300 0.000000
0.001630 0.000310 0.000000
0.001630 0.000320 0.000000
0.001630 0.000331 0.000000
0.001630 0.000338 0.000000
0.001630 0.000350 0.000000
0.001630 0.000361 0.000000
0.001631 0.000370 0.000000
0.001630 0.000378 0.000000
0.001630 0.000391 0.000000
0.001632 0.000401 0.000000
0.001629 0.000410 0.000000
0.001632 0.000418 0.000000
0.001630 0.000430 0.000000
0.001632 0.000442 0.000000
0.001628 0.000453 0.000000
0.001632 0.000456 0.000000
0.001631 0.000468 0.000000
0.001628 0.000489 0.000000
0.001633 0.000480 0.000000
0.001639 0.000500 0.000000
0.001632 0.000513 0.000000
0.001635 0.000523 0.000000
0.001624 0.000530 0.000000
0.001629 0.000543 0.000000
0.001633 0.000552 0.000000
0.001631 0.000563 0.000000
0.001633 0.000569 0.000000
0.001631 0.000580 0.000000
0.001632 0.000591 0.000000
0.001632 0.000601 0.000000
0.001640 0.000300 0.000000
0.001640 0.000310 0.000000
0.001640 0.000321 0.000000
0.001640 0.000328 0.000000
0.001640 0.000341 0.000000
0.001641 0.000352 0.000000
0.001640 0.000358 0.000000
0.001640 0.000370 0.000000
0.001639 0.000381 0.000000
0.001641 0.000391 0.000000
0.001640 0.000398 0.000000
0.001641 0.000410 0.000000
0.001639 0.000421 0.000000
0.001641 0.000432 0.000000
0.001641 0.000437 0.000000
0.001641 0.000449 0.000000
0.001641 0.000463 0.000000
0.001638 0.000472 0.000000
0.001645 0.000484 0.000000
0.001637 0.000490 0.000000
0.001631 0.000506 0.000000
0.001646 0.000507 0.000000
0.001642 0.000516 0.000000
0.001641 0.000532 0.000000
0.001638 0.000543 0.000000
0.001648 0.000546 0.000000
0.001641 0.000559 0.000000
0.001642 0.000571 0.000000
0.001642 0.000581 0.000000
0.001642 0.000590 0.000000
0.001642 0.000601 0.000000
0.001650 0.000300 0.000000
0.001650 0.000310 0.000000
0.001650 0.000319 0.000000
0.001650 0.000332 0.000000
0.001650 0.000339 0.000000
0.001651 0.000348 0.000000
0.001650 0.000361 0.000000
0.001651 0.000372 0.000000
0.001650 0.000378 0.000000
0.001651 0.000389 0.000000
0.001650 0.000401 0.000000
0.001652 0.000412 0.000000
0.001650 0.000418 0.000000
0.001652 0.000429 0.000000
0.001648 0.000443 0.000000
0.001653 0.000451 0.000000
0.001648 0.000458 0.000000
0.001654 0.000469 0.000000
0.001648 0.000475 0.000000
0.001656 0.000492 0.000000
0.001647 0.000496 0.000000
0.001656 0.000510 0.000000
0.001647 0.000525 0.000000
0.001656 0.000528 0.000000
0.001651 0.000538 0.000000
0.001648 0.000553 0.000000
0.001654 0.000562 0.000000
0.001651 0.000570 0.000000
0.001652 0.000580 0.000000
0.001652 0.000591 0.000000
0.001652 0.000601 0.000000
0.001660 0.000300 0.000000
0.001660 0.000310 0.000000
0.001660 0.000321 0.000000
0.001660 0.000328 0.000000
0.001660 0.000339 0.000000
0.001660 0.000352 0.000000
0.001660 0.000359 0.000000
0.001661 0.000369 0.000000
0.001660 0.000381 0.000000
0.001661 0.000392 0.000000
0.001660 0.000398 0.000000
0.001661 0.000408 0.000000
0.001659 0.000422 0.000000
0.001662 0.000433 0.000000
0.001659 0.000437 0.000000
0.001662 0.000448 0.000000
0.001658 0.000461 0.000000
0.001663 0.000473 0.000000
0.001656 0.000482 0.000000
0.001664 0.000486 0.000000
0.001657 0.000501 0.000000
0.001654 0.000518 0.000000
0.001665 0.000512 0.000000
0.001667 0.000530 0.000000
0.001659 0.000544 0.000000
0.001666 0.000550 0.000000
0.001659 0.000558 0.000000
0.001662 0.000570 0.000000
0.001661 0.000582 0.000000
0.001662 0.000591 0.000000
0.001662 0.000601 0.000000
0.001670 0.000300 0.000000
0.001670 0.000310 0.000000
0.001670 0.000319 0.000000
0.001670 0.000330 0.000000
0.001670 0.000342 0.000000
0.001670 0.000348 0.000000
0.001671 0.000359 0.000000
0.001669 0.000372 0.000000
0.001671 0.000380 0.000000
0.001670 0.000388 0.000000
0.001670 0.000401 0.000000
0.001670 0.000413 0.000000
0.001671 0.000418 0.000000
0.001671 0.000428 0.000000
0.001670 0.000441 0.000000
0.001672 0.000453 0.000000
0.001668 0.000459 0.000000
0.001672 0.000467 0.000000
0.001670 0.000478 0.000000
0.001671 0.000493 0.000000
0.001668 0.000501 0.000000
0.001676 0.000506 0.000000
0.001669 0.000520 0.000000
0.001663 0.000536 0.000000
0.001675 0.000536 0.000000
0.001674 0.000546 0.000000
0.001677 0.000560 0.000000
0.001671 0.000572 0.000000
0.001672 0.000579 0.000000
0.001671 0.000590 0.000000
0.001671 0.000601 0.000000
0.001680 0.000300 0.000000
0.001680 0.000310 0.000000
0.001680 0.000321 0.000000
0.001680 0.000330 0.000000
0.001681 0.000339 0.000000
0.001680 0.000351 0.000000
0.001680 0.000362 0.000000
0.001680 0.000368 0.000000
0.001681 0.000380 0.000000
0.001679 0.000392 0.000000
0.001682 0.000400 0.000000
0.001679 0.000408 0.000000
0.001681 0.000421 0.000000
0.001679 0.000432 0.000000
0.001683 0.000439 0.000000
0.001679 0.000448 0.000000
0.001682 0.000460 0.000000
0.001678 0.000473 0.000000
0.001683 0.000481 0.000000
0.001679 0.000489 0.000000
0.001682 0.000499 0.000000
0.001678 0.000515 0.000000
0.001678 0.000524 0.000000
0.001687 0.000523 0.000000
0.001682 0.000544 0.000000
0.001670 0.000559 0.000000
0.001685 0.000554 0.000000
0.001680 0.000569 0.000000
0.001682 0.000582 0.000000
0.001681 0.000591 0.000000
0.001681 0.000601 0.000000
0.001690 0.000300 0.000000
0.001690 0.000310 0.000000
0.001690 0.000320 0.000000
0.001690 0.000329 0.000000
0.001690 0.000341 0.000000
0.001690 0.000350 0.000000
0.001691 0.000359 0.000000
0.001690 0.000370 0.000000
0.001690 0.000382 0.000000
0.001691 0.000388 0.000000
0.001690 0.000399 0.000000
0.001690 0.000411 0.000000
0.001692 0.000421 0.000000
0.001689 0.000427 0.000000
0.001691 0.000440 0.000000
0.001689 0.000452 0.000000
0.001693 0.000460 0.000000
0.001689 0.000468 0.000000
0.001692 0.000479 0.000000
0.001689 0.000490 0.000000
0.001694 0.000502 0.000000
0.001687 0.000509 0.000000
0.001694 0.000517 0.000000
0.001687 0.000532 0.000000
0.001689 0.000540 0.000000
0.001699 0.000547 0.000000
0.001692 0.000563 0.000000
0.001690 0.000571 0.000000
0.001692 0.000579 0.000000
0.001691 0.000590 0.000000
0.001691 0.000601 0.000000
0.001700 0.000300 0.000000
0.001700 0.000310 0.000000
0.001700 0.000320 0.000000
0.001700 0.000331 0.000000
0.001700 0.000339 0.000000
0.001700 0.000349 0.000000
0.001700 0.000361 0.000000
0.001700 0.000371 0.000000
0.001701 0.000378 0.000000
0.001700 0.000390 0.000000
0.001701 0.000402 0.000000
0.001699 0.000409 0.000000
0.001701 0.000419 0.000000
0.001700 0.000431 0.000000
0.001701 0.000441 0.000000
0.001700 0.000448 0.000000
0.001701 0.000460 0.000000
0.001700 0.000471 0.000000
0.001701 0.000481 0.000000
0.001699 0.000491 0.000000
0.001702 0.000499 0.000000
0.001699 0.000511 0.000000
0.001701 0.000522 0.000000
0.001697 0.000535 0.000000
0.001705 0.000529 0.000000
0.001694 0.000555 0.000000
0.001703 0.000557 0.000000
0.001702 0.000571 0.000000
0.001701 0.000581 0.000000
0.001701 0.000591 0.000000
0.001701 0.000601 0.000000
0.001710 0.000300 0.000000
0.001710 0.000310 0.000000
0.001710 0.000321 0.000000
0.001710 0.000329 0.000000
0.001710 0.000340 0.000000
0.001710 0.000352 0.000000
0.001710 0.000359 0.000000
0.001711 0.000369 0.000000
0.001710 0.000381 0.000000
0.001709 0.000392 0.000000
0.001711 0.000398 0.000000
0.001710 0.000409 0.000000
0.001711 0.000422 0.000000
0.001710 0.000429 0.000000
0.001711 0.000439 0.000000
0.001710 0.000451 0.000000
0.001712 0.000461 0.000000
0.001710 0.000470 0.000000
0.001711 0.000479 0.000000
0.001711 0.000489 0.000000
0.001710 0.000501 0.000000
0.001712 0.000510 0.000000
0.001711 0.000519 0.000000
0.001712 0.000535 0.000000
0.001707 0.000543 0.000000
0.001711 0.000558 0.000000
0.001714 0.000549 0.000000
0.001709 0.000570 0.000000
0.001713 0.000580 0.000000
0.001711 0.000590 0.000000
0.001711 0.000601 0.000000
0.001720 0.000300 0.000000
0.001720 0.000310 0.000000
0.001720 0.000319 0.000000
0.001720 0.000331 0.000000
0.001720 0.000341 0.000000
0.001720 0.000348 0.000000
0.001720 0.000360 0.000000
0.001719 0.000373 0.000000
0.001721 0.000379 0.000000
0.001721 0.000389 0.000000
0.001720 0.000401 0.000000
0.001719 0.000412 0.000000
0.001721 0.000417 0.000000
0.001720 0.000430 0.000000
0.001720 0.000441 0.000000
0.001720 0.000450 0.000000
0.001721 0.000459 0.000000
0.001720 0.000470 0.000000
0.001721 0.000482 0.000000
0.001720 0.000491 0.000000
0.001722 0.000500 0.000000
0.001719 0.000511 0.000000
0.001721 0.000519 0.000000
0.001720 0.000529 0.000000
0.001722 0.000540 0.000000
0.001722 0.000551 0.000000
0.001716 0.000565 0.000000
0.001725 0.000567 0.000000
0.001721 0.000581 0.000000
0.001721 0.000591 0.000000
0.001721 0.000600 0.000000
0.001730 0.000300 0.000000
0.001730 0.000310 0.000000
0.001730 0.000321 0.000000
0.001730 0.000330 0.000000
0.001731 0.000339 0.000000
0.001730 0.000351 0.000000
0.001730 0.000361 0.000000
0.001730 0.000368 0.000000
0.001731 0.000380 0.000000
0.001729 0.000392 0.000000
0.001731 0.000400 0.000000
0.001731 0.000408 0.000000
0.001730 0.000420 0.000000
0.001729 0.000431 0.000000
0.001731 0.000439 0.000000
0.001731 0.000450 0.000000
0.001731 0.000461 0.000000
0.001730 0.000471 0.000000
0.001731 0.000478 0.000000
0.001730 0.000489 0.000000
0.001731 0.000499 0.000000
0.001730 0.000511 0.000000
0.001733 0.000523 0.000000
0.001729 0.000529 0.000000
0.001730 0.000540 0.000000
0.001732 0.000551 0.000000
0.001729 0.000560 0.000000
0.001730 0.000572 0.000000
0.001730 0.000581 0.000000
0.001732 0.000590 0.000000
0.001731 0.000600 0.000000
0.001740 0.000300 0.000000
0.001740 0.000310 0.000000
0.001740 0.000320 0.000000
0.001740 0.000330 0.000000
0.001740 0.000341 0.000000
0.001740 0.000349 0.000000
0.001740 0.000359 0.000000
0.001740 0.000371 0.000000
0.001740 0.000382 0.000000
0.001740 0.000388 0.000000
0.001741 0.000399 0.000000
0.001739 0.000411 0.000000
0.001741 0.000421 0.000000
0.001740 0.000428 0.000000
0.001741 0.000439 0.000000
0.001739 0.000452 0.000000
0.001741 0.000459 0.000000
0.001741 0.000469 0.000000
0.001740 0.000481 0.000000
0.001741 0.000491 0.000000
0.001739 0.000501 0.000000
0.001742 0.000510 0.000000
0.001738 0.000517 0.000000
0.001742 0.000530 0.000000
0.001740 0.000541 0.000000
0.001741 0.000549 0.000000
0.001741 0.000561 0.000000
0.001741 0.000570 0.000000
0.001742 0.000580 0.000000
0.001741 0.000590 0.000000
0.001741 0.000600 0.000000
0.001750 0.000300 0.000000
0.001750 0.000310 0.000000
0.001750 0.000320 0.000000
0.001750 0.000331 0.000000
0.001750 0.000339 0.000000
0.001750 0.000350 0.000000
0.001749 0.000361 0.000000
0.001751 0.000370 0.000000
0.001750 0.000379 0.000000
0.001750 0.000390 0.000000
0.001749 0.000402 0.000000
0.001751 0.000409 0.000000
0.001751 0.000418 0.000000
0.001750 0.000431 0.000000
0.001750 0.000442 0.000000
0.001751 0.000447 0.000000
0.001750 0.000460 0.000000
0.001750 0.000471 0.000000
0.001751 0.000480 0.000000
0.001751 0.000489 0.000000
0.001751 0.000499 0.000000
0.001751 0.000512 0.000000
0.001752 0.000522 0.000000
0.001749 0.000530 0.000000
0.001751 0.000539 0.000000
0.001751 0.000551 0.000000
0.001751 0.000561 0.000000
0.001750 0.000570 0.000000
0.001751 0.000580 0.000000
0.001751 0.000590 0.000000
0.001751 0.000600 0.000000
0.001760 0.000300 0.000000
0.001760 0.000310 0.000000
0.001760 0.000320 0.000000
0.001760 0.000329 0.000000
0.001760 0.000340 0.000000
0.001760 0.000351 0.000000
0.001760 0.000359 0.000000
0.001760 0.000370 0.000000
0.001759 0.000381 0.000000
0.001761 0.000391 0.000000
0.001760 0.000398 0.000000
0.001761 0.000410 0.000000
0.001759 0.000423 0.000000
0.001761 0.000428 0.000000
0.001761 0.000439 0.000000
0.001760 0.000451 0.000000
0.001761 0.000461 0.000000
0.001760 0.000469 0.000000
0.001761 0.000480 0.000000
0.001759 0.000492 0.000000
0.001762 0.000501 0.000000
0.001758 0.000509 0.000000
0.001762 0.000519 0.000000
0.001760 0.000530 0.000000
0.001762 0.000541 0.000000
0.001760 0.000550 0.000000
0.001761 0.000559 0.000000
0.001762 0.000569 0.000000
0.001761 0.000581 0.000000
0.001761 0.000590 0.000000
0.001761 0.000600 0.000000
0.001770 0.000300 0.000000
0.001770 0.000310 0.000000
0.001770 0.000319 0.000000
0.001770 0.000331 0.000000
0.001770 0.000340 0.000000
0.001770 0.000349 0.000000
0.001770 0.000360 0.000000
0.001770 0.000371 0.000000
0.001770 0.000379 0.000000
0.001771 0.000389 0.000000
0.001769 0.000401 0.000000
0.001771 0.000411 0.000000
0.001770 0.000417 0.000000
0.001770 0.000430 0.000000
0.001769 0.000442 0.000000
0.001771 0.000450 0.000000
0.001770 0.000458 0.000000
0.001770 0.000470 0.000000
0.001770 0.000481 0.000000
0.001771 0.000488 0.000000
0.001771 0.000498 0.000000
0.001771 0.000511 0.000000
0.001770 0.000521 0.000000
0.001771 0.000531 0.000000
0.001770 0.000539 0.000000
0.001771 0.000549 0.000000
0.001772 0.000562 0.000000
0.001769 0.000571 0.000000
0.001772 0.000579 0.000000
0.001770 0.000590 0.000000
0.001771 0.000600 0.000000
0.001780 0.000300 0.000000
0.001780 0.000310 0.000000
0.001780 0.000321 0.000000
0.001780 0.000330 0.000000
0.001780 0.000339 0.000000
0.001780 0.000351 0.000000
0.001780 0.000361 0.000000
0.001780 0.000369 0.000000
0.001780 0.000380 0.000000
0.001780 0.000392 0.000000
0.001781 0.000399 0.000000
0.001780 0.000409 0.000000
0.001780 0.000421 0.000000
0.001781 0.000431 0.000000
0.001780 0.000438 0.000000
0.001781 0.000449 0.000000
0.001779 0.000462 0.000000
0.001782 0.000470 0.000000
0.001780 0.000479 0.000000
0.001782 0.000491 0.000000
0.001778 0.000502 0.000000
0.001782 0.000509 0.000000
0.001780 0.000519 0.000000
0.001781 0.000529 0.000000
0.001780 0.000541 0.000000
0.001783 0.000551 0.000000
0.001778 0.000558 0.000000
0.001782 0.000569 0.000000
0.001780 0.000581 0.000000
0.001781 0.000590 0.000000
0.001781 0.000600 0.000000
0.001790 0.000300 0.000000
0.001790 0.000310 0.000000
0.001790 0.000320 0.000000
0.001790 0.000330 0.000000
0.001790 0.000341 0.000000
0.001790 0.000349 0.000000
0.001790 0.000359 0.000000
0.001790 0.000371 0.000000
0.001790 0.000381 0.000000
0.001790 0.000388 0.000000
0.001790 0.000400 0.000000
0.001790 0.000411 0.000000
0.001790 0.000420 0.000000
0.001791 0.000429 0.000000
0.001790 0.000440 0.000000
0.001790 0.000452 0.000000
0.001790 0.000459 0.000000
0.001792 0.000468 0.000000
0.001789 0.000481 0.000000
0.001792 0.000490 0.000000
0.001790 0.000498 0.000000
0.001791 0.000510 0.000000
0.001790 0.000521 0.000000
0.001792 0.000532 0.000000
0.001790 0.000538 0.000000
0.001790 0.000549 0.000000
0.001791 0.000562 0.000000
0.001791 0.000572 0.000000
0.001790 0.000579 0.000000
0.001791 0.000590 0.000000
0.001791 0.000600 0.000000
0.001800 0.000300 0.000000
0.001800 0.000310 0.000000
0.001800 0.000320 0.000000
0.001800 0.000330 0.000000
0.001800 0.000339 0.000000
0.001800 0.000350 0.000000
0.001800 0.000361 0.000000
0.001800 0.000369 0.000000
0.001800 0.000379 0.000000
0.001800 0.000390 0.000000
0.001800 0.000401 0.000000
0.001800 0.000409 0.000000
0.001800 0.000420 0.000000
0.001800 0.000431 0.000000
0.001800 0.000441 0.000000
0.001801 0.000447 0.000000
0.001801 0.000460 0.000000
0.001799 0.000473 0.000000
0.001802 0.000478 0.000000
0.001800 0.000489 0.000000
0.001800 0.000501 0.000000
0.001801 0.000511 0.000000
0.001800 0.000518 0.000000
0.001801 0.000529 0.000000
0.001800 0.000541 0.000000
0.001802 0.000552 0.000000
0.001800 0.000558 0.000000
0.001801 0.000568 0.000000
0.001802 0.000581 0.000000
0.001800 0.000590 0.000000
0.001801 0.000600 0.000000
0.001810 0.000300 0.000000
0.001810 0.000310 0.000000
0.001810 0.000320 0.000000
0.001810 0.000329 0.000000
0.001810 0.000340 0.000000
0.001810 0.000351 0.000000
0.001810 0.000359 0.000000
0.001810 0.000370 0.000000
0.001810 0.000381 0.000000
0.001810 0.000390 0.000000
0.001810 0.000399 0.000000
0.001810 0.000410 0.000000
0.001810 0.000422 0.000000
0.001809 0.000429 0.000000
0.001812 0.000439 0.000000
0.001809 0.000452 0.000000
0.001811 0.000461 0.000000
0.001810 0.000467 0.000000
0.001811 0.000479 0.000000
0.001810 0.000492 0.000000
0.001811 0.000499 0.000000
0.001811 0.000508 0.000000
0.001810 0.000521 0.000000
0.001810 0.000532 0.000000
0.001811 0.000538 0.000000
0.001811 0.000549 0.000000
0.001810 0.000562 0.000000
0.001812 0.000571 0.000000
0.001809 0.000579 0.000000
0.001811 0.000590 0.000000
0.001811 0.000600 0.000000
0.001820 0.000300 0.000000
0.001820 0.000310 0.000000
0.001820 0.000320 0.000000
0.001820 0.000330 0.000000
0.001820 0.000340 0.000000
0.001820 0.000349 0.000000
0.001820 0.000360 0.000000
0.001820 0.000371 0.000000
0.001820 0.000379 0.000000
0.001820 0.000389 0.000000
0.001820 0.000401 0.000000
0.001819 0.000411 0.000000
0.001821 0.000418 0.000000
0.001820 0.000430 0.000000
0.001820 0.000442 0.000000
0.001820 0.000449 0.000000
0.001821 0.000458 0.000000
0.001820 0.000471 0.000000
0.001820 0.000482 0.000000
0.001820 0.000488 0.000000
0.001821 0.000500 0.000000
0.001818 0.000513 0.000000
0.001823 0.000518 0.000000
0.001820 0.000528 0.000000
0.001821 0.000540 0.000000
0.001819 0.000552 0.000000
0.001822 0.000558 0.000000
0.001819 0.000569 0.000000
0.001822 0.000580 0.000000
0.001820 0.000590 0.000000
0.001821 0.000600 0.000000
0.001830 0.000300 0.000000
0.001830 0.000310 0.000000
0.001830 0.000320 0.000000
0.001830 0.000330 0.000000
0.001830 0.000339 0.000000
0.001830 0.000351 0.000000
0.001830 0.000361 0.000000
0.001830 0.000369 0.000000
0.001830 0.000380 0.000000
0.001830 0.000392 0.000000
0.001830 0.000399 0.000000
0.001831 0.000409 0.000000
0.001830 0.000421 0.000000
0.001830 0.000431 0.000000
0.001830 0.000438 0.000000
0.001831 0.000450 0.000000
0.001829 0.000463 0.000000
0.001830 0.000469 0.000000
0.001832 0.000478 0.000000
0.001830 0.000490 0.000000
0.001830 0.000502 0.000000
0.001831 0.000507 0.000000
0.001830 0.000521 0.000000
0.001830 0.000531 0.000000
0.001831 0.000540 0.000000
0.001830 0.000549 0.000000
0.001830 0.000561 0.000000
0.001831 0.000571 0.000000
0.001829 0.000580 0.000000
0.001831 0.000590 0.000000
0.001831 0.000600 0.000000
0.001840 0.000300 0.000000
0.001840 0.000310 0.000000
0.001840 0.000320 0.000000
0.001840 0.000330 0.000000
0.001840 0.000341 0.000000
0.001840 0.000349 0.000000
0.001840 0.000359 0.000000
0.001840 0.000371 0.000000
0.001840 0.000381 0.000000
0.001840 0.000389 0.000000
0.001840 0.000400 0.000000
0.001840 0.000411 0.000000
0.001840 0.000419 0.000000
0.001841 0.000429 0.000000
0.001840 0.000441 0.000000
0.001839 0.000451 0.000000
0.001841 0.000458 0.000000
0.001841 0.000470 0.000000
0.001838 0.000482 0.000000
0.001841 0.000490 0.000000
0.001840 0.000499 0.000000
0.001840 0.000510 0.000000
0.001840 0.000521 0.000000
0.001841 0.000528 0.000000
0.001840 0.000540 0.000000
0.001841 0.000550 0.000000
0.001840 0.000560 0.000000
0.001840 0.000569 0.000000
0.001842 0.000579 0.000000
0.001840 0.000590 0.000000
0.001841 0.000600 0.000000
0.001850 0.000300 0.000000
0.001850 0.000310 0.000000
0.001850 0.000320 0.000000
0.001850 0.000330 0.000000
0.001850 0.000339 0.000000
0.001850 0.000350 0.000000
0.001850 0.000361 0.000000
0.001850 0.000369 0.000000
0.001850 0.000380 0.000000
0.001850 0.000390 0.000000
0.001850 0.000400 0.000000
0.001850 0.000409 0.000000
0.001851 0.000420 0.000000
0.001850 0.000431 0.000000
0.001850 0.000440 0.000000
0.001851 0.000449 0.000000
0.001850 0.000460 0.000000
0.001849 0.000472 0.000000
0.001851 0.000478 0.000000
0.001851 0.000489 0.000000
0.001849 0.000501 0.000000
0.001851 0.000511 0.000000
0.001851 0.000518 0.000000
0.001850 0.000531 0.000000
0.001850 0.000541 0.000000
0.001850 0.000550 0.000000
0.001851 0.000559 0.000000
0.001850 0.000571 0.000000
0.001850 0.000581 0.000000
0.001851 0.000590 0.000000
0.001851 0.000600 0.000000
0.001860 0.000300 0.000000
0.001860 0.000310 0.000000
0.001860 0.000320 0.000000
0.001860 0.000330 0.000000
0.001860 0.000340 0.000000
0.001861 0.000350 0.000000
0.001860 0.000360 0.000000
0.001860 0.000370 0.000000
0.001860 0.000380 0.000000
0.001860 0.000390 0.000000
0.001860 0.000399 0.000000
0.001860 0.000410 0.000000
0.001860 0.000421 0.000000
0.001860 0.000429 0.000000
0.001861 0.000439 0.000000
0.001859 0.000451 0.000000
0.001860 0.000461 0.000000
0.001860 0.000468 0.000000
0.001860 0.000480 0.000000
0.001859 0.000493 0.000000
0.001861 0.000498 0.000000
0.001861 0.000508 0.000000
0.001860 0.000521 0.000000
0.001860 0.000531 0.000000
0.001861 0.000538 0.000000
0.001860 0.000549 0.000000
0.001860 0.000561 0.000000
0.001861 0.000570 0.000000
0.001861 0.000578 0.000000
0.001860 0.000590 0.000000
0.001860 0.000600 0.000000
0.001870 0.000300 0.000000
0.001870 0.000310 0.000000
0.001870 0.000320 0.000000
0.001870 0.000330 0.000000
0.001870 0.000340 0.000000
0.001870 0.000349 0.000000
0.001870 0.000360 0.000000
0.001870 0.000371 0.000000
0.001870 0.000380 0.000000
0.001871 0.000389 0.000000
0.001870 0.000401 0.000000
0.001870 0.000411 0.000000
0.001871 0.000418 0.000000
0.001870 0.000430 0.000000
0.001870 0.000442 0.000000
0.001870 0.000449 0.000000
0.001871 0.000459 0.000000
0.001869 0.000471 0.000000
0.001870 0.000481 0.000000
0.001871 0.000487 0.000000
0.001870 0.000500 0.000000
0.001869 0.000513 0.000000
0.001872 0.000518 0.000000
0.001871 0.000528 0.000000
0.001870 0.000542 0.000000
0.001870 0.000552 0.000000
0.001872 0.000558 0.000000
0.001870 0.000570 0.000000
0.001870 0.000582 0.000000
0.001871 0.000590 0.000000
0.001870 0.000600 0.000000
0.001880 0.000300 0.000000
0.001880 0.000310 0.000000
0.001880 0.000321 0.000000
0.001880 0.000330 0.000000
0.001880 0.000339 0.000000
0.001880 0.000351 0.000000
0.001880 0.000361 0.000000
0.001880 0.000369 0.000000
0.001880 0.000380 0.000000
0.001880 0.000392 0.000000
0.001880 0.000399 0.000000
0.001880 0.000409 0.000000
0.001880 0.000421 0.000000
0.001880 0.000431 0.000000
0.001880 0.000438 0.000000
0.001880 0.000450 0.000000
0.001880 0.000462 0.000000
0.001880 0.000468 0.000000
0.001881 0.000479 0.000000
0.001879 0.000492 0.000000
0.001880 0.000501 0.000000
0.001881 0.000507 0.000000
0.001881 0.000520 0.000000
0.001878 0.000534 0.000000
0.001883 0.000536 0.000000
0.001880 0.000548 0.000000
0.001880 0.000561 0.000000
0.001881 0.000571 0.000000
0.001880 0.000578 0.000000
0.001880 0.000590 0.000000
0.001880 0.000600 0.000000
0.001890 0.000300 0.000000
0.001890 0.000310 0.000000
0.001890 0.000319 0.000000
0.001890 0.000330 0.000000
0.001890 0.000341 0.000000
0.001890 0.000349 0.000000
0.001890 0.000359 0.000000
0.001890 0.000371 0.000000
0.001890 0.000381 0.000000
0.001890 0.000388 0.000000
0.001890 0.000400 0.000000
0.001890 0.000411 0.000000
0.001890 0.000419 0.000000
0.001890 0.000429 0.000000
0.001890 0.000441 0.000000
0.001890 0.000451 0.000000
0.001891 0.000458 0.000000
0.001890 0.000470 0.000000
0.001890 0.000482 0.000000
0.001889 0.000489 0.000000
0.001892 0.000499 0.000000
0.001889 0.000512 0.000000
0.001891 0.000521 0.000000
0.001890 0.000528 0.000000
0.001890 0.000542 0.000000
0.001889 0.000552 0.000000
0.001892 0.000558 0.000000
0.001890 0.000570 0.000000
0.001891 0.000582 0.000000
0.001890 0.000590 0.000000
0.001890 0.000600 0.000000
0.001900 0.000300 0.000000
0.001900 0.000310 0.000000
0.001900 0.000321 0.000000
0.001900 0.000330 0.000000
0.001900 0.000339 0.000000
0.001900 0.000351 0.000000
0.001900 0.000361 0.000000
0.001900 0.000369 0.000000
0.001900 0.000380 0.000000
0.001900 0.000391 0.000000
0.001901 0.000400 0.000000
0.001900 0.000409 0.000000
0.001900 0.000420 0.000000
0.001900 0.000431 0.000000
0.001900 0.000439 0.000000
0.001900 0.000449 0.000000
0.001900 0.000461 0.000000
0.001901 0.000470 0.000000
0.001900 0.000479 0.000000
0.001901 0.000490 0.000000
0.001899 0.000501 0.000000
0.001901 0.000509 0.000000
0.001901 0.000519 0.000000
0.001900 0.000531 0.000000
0.001900 0.000540 0.000000
0.001901 0.000548 0.000000
0.001900 0.000561 0.000000
0.001901 0.000570 0.000000
0.001899 0.000579 0.000000
0.001901 0.000590 0.000000
0.001900 0.000600 0.000000
0.001910 0.000300 0.000000
0.001910 0.000310 0.000000
0.001910 0.000319 0.000000
0.001910 0.000330 0.000000
0.001910 0.000341 0.000000
0.001910 0.000350 0.000000
0.001910 0.000359 0.000000
0.001910 0.000370 0.000000
0.001911 0.000381 0.000000
0.001909 0.000390 0.000000
0.001910 0.000399 0.000000
0.001910 0.000410 0.000000
0.001909 0.000421 0.000000
0.001911 0.000429 0.000000
0.001910 0.000440 0.000000
0.001910 0.000451 0.000000
0.001910 0.000460 0.000000
0.001910 0.000469 0.000000
0.001910 0.000480 0.000000
0.001910 0.000491 0.000000
0.001910 0.000499 0.000000
0.001911 0.000510 0.000000
0.001909 0.000521 0.000000
0.001910 0.000530 0.000000
0.001910 0.000539 0.000000
0.001910 0.000551 0.000000
0.001911 0.000560 0.000000
0.001909 0.000570 0.000000
0.001911 0.000580 0.000000
0.001910 0.000590 0.000000
0.001910 0.000600 0.000000
0.001920 0.000300 0.000000
0.001920 0.000310 0.000000
0.001919 0.000320 0.000000
0.001921 0.000330 0.000000
0.001920 0.000340 0.000000
0.001920 0.000350 0.000000
0.001920 0.000360 0.000000
0.001920 0.000370 0.000000
0.001919 0.000379 0.000000
0.001920 0.000390 0.000000
0.001920 0.000401 0.000000
0.001920 0.000411 0.000000
0.001920 0.000419 0.000000
0.001920 0.000430 0.000000
0.001920 0.000441 0.000000
0.001920 0.000450 0.000000
0.001921 0.000459 0.000000
0.001920 0.000471 0.000000
0.001920 0.000481 0.000000
0.001920 0.000489 0.000000
0.001921 0.000499 0.000000
0.001919 0.000512 0.000000
0.001920 0.000519 0.000000
0.001921 0.000528 0.000000
0.001920 0.000540 0.000000
0.001921 0.000550 0.000000
0.001920 0.000559 0.000000
0.001921 0.000570 0.000000
0.001919 0.000580 0.000000
0.001921 0.000590 0.000000
0.001920 0.000600 0.000000
0.001930 0.000300 0.000000
0.001930 0.000310 0.000000
0.001930 0.000320 0.000000
0.001930 0.000330 0.000000
0.001930 0.000340 0.000000
0.001931 0.000351 0.000000
0.001929 0.000360 0.000000
0.001930 0.000369 0.000000
0.001930 0.000380 0.000000
0.001930 0.000391 0.000000
0.001930 0.000399 0.000000
0.001930 0.000409 0.000000
0.001930 0.000421 0.000000
0.001930 0.000431 0.000000
0.001930 0.000438 0.000000
0.001930 0.000450 0.000000
0.001929 0.000462 0.000000
0.001931 0.000469 0.000000
0.001930 0.000479 0.000000
0.001930 0.000491 0.000000
0.001929 0.000502 0.000000
0.001931 0.000508 0.000000
0.001931 0.000520 0.000000
0.001929 0.000533 0.000000
0.001930 0.000539 0.000000
0.001931 0.000550 0.000000
0.001930 0.000561 0.000000
0.001930 0.000571 0.000000
0.001931 0.000579 0.000000
0.001930 0.000590 0.000000
0.001930 0.000600 0.000000
0.001940 0.000300 0.000000
0.001940 0.000310 0.000000
0.001940 0.000320 0.000000
0.001940 0.000330 0.000000
0.001940 0.000341 0.000000
0.001940 0.000349 0.000000
0.001940 0.000360 0.000000
0.001940 0.000372 0.000000
0.001940 0.000379 0.000000
0.001940 0.000389 0.000000
0.001940 0.000401 0.000000
0.001941 0.000412 0.000000
0.001939 0.000419 0.000000
0.001941 0.000429 0.000000
0.001939 0.000441 0.000000
0.001940 0.000451 0.000000
0.001940 0.000457 0.000000
0.001940 0.000470 0.000000
0.001939 0.000482 0.000000
0.001941 0.000488 0.000000
0.001940 0.000499 0.000000
0.001940 0.000511 0.000000
0.001938 0.000521 0.000000
0.001942 0.000528 0.000000
0.001941 0.000539 0.000000
0.001939 0.000550 0.000000
0.001941 0.000559 0.000000
0.001940 0.000569 0.000000
0.001940 0.000581 0.000000
0.001940 0.000590 0.000000
0.001940 0.000600 0.000000
0.001950 0.000300 0.000000
0.001950 0.000310 0.000000
0.001950 0.000321 0.000000
0.001950 0.000330 0.000000
0.001950 0.000339 0.000000
0.001950 0.000351 0.000000
0.001950 0.000361 0.000000
0.001950 0.000368 0.000000
0.001950 0.000380 0.000000
0.001950 0.000392 0.000000
0.001950 0.000399 0.000000
0.001950 0.000409 0.000000
0.001950 0.000421 0.000000
0.001950 0.000432 0.000000
0.001950 0.000438 0.000000
0.001951 0.000449 0.000000
0.001949 0.000462 0.000000
0.001950 0.000471 0.000000
0.001950 0.000478 0.000000
0.001950 0.000491 0.000000
0.001949 0.000502 0.000000
0.001951 0.000508 0.000000
0.001950 0.000519 0.000000
0.001950 0.000531 0.000000
0.001948 0.000548 0.000000
0.001953 0.000540 0.000000
0.001950 0.000561 0.000000
0.001950 0.000571 0.000000
0.001950 0.000579 0.000000
0.001950 0.000590 0.000000
0.001950 0.000600 0.000000
0.001960 0.000300 0.000000
0.001960 0.000310 0.000000
0.001960 0.000319 0.000000
0.001960 0.000330 0.000000
0.001960 0.000341 0.000000
0.001960 0.000349 0.000000
0.001960 0.000360 0.000000
0.001960 0.000371 0.000000
0.001961 0.000380 0.000000
0.001960 0.000389 0.000000
0.001960 0.000400 0.000000
0.001959 0.000412 0.000000
0.001960 0.000419 0.000000
0.001960 0.000429 0.000000
0.001960 0.000440 0.000000
0.001960 0.000451 0.000000
0.001960 0.000458 0.000000
0.001961 0.000470 0.000000
0.001959 0.000481 0.000000
0.001960 0.000490 0.000000
0.001960 0.000498 0.000000
0.001960 0.000511 0.000000
0.001960 0.000520 0.000000
0.001960 0.000529 0.000000
0.001961 0.000543 0.000000
0.001958 0.000552 0.000000
0.001961 0.000560 0.000000
0.001960 0.000569 0.000000
0.001960 0.000581 0.000000
0.001960 0.000590 0.000000
0.001960 0.000600 0.000000
0.001970 0.000300 0.000000
0.001970 0.000310 0.000000
0.001970 0.000320 0.000000
0.001970 0.000330 0.000000
0.001970 0.000339 0.000000
0.001970 0.000351 0.000000
0.001970 0.000360 0.000000
0.001970 0.000369 0.000000
0.001970 0.000380 0.000000
0.001970 0.000391 0.000000
0.001970 0.000400 0.000000
0.001970 0.000409 0.000000
0.001970 0.000420 0.000000
0.001970 0.000431 0.000000
0.001970 0.000439 0.000000
0.001970 0.000449 0.000000
0.001970 0.000461 0.000000
0.001970 0.000471 0.000000
0.001970 0.000479 0.000000
0.001970 0.000490 0.000000
0.001969 0.000501 0.000000
0.001971 0.000510 0.000000
0.001969 0.000520 0.000000
0.001971 0.000531 0.000000
0.001969 0.000539 0.000000
0.001971 0.000549 0.000000
0.001970 0.000560 0.000000
0.001970 0.000571 0.000000
0.001970 0.000580 0.000000
0.001970 0.000590 0.000000
0.001970 0.000600 0.000000
0.001980 0.000300 0.000000
0.001980 0.000310 0.000000
0.001980 0.000320 0.000000
0.001980 0.000330 0.000000
0.001980 0.000340 0.000000
0.001980 0.000350 0.000000
0.001980 0.000360 0.000000
0.001980 0.000370 0.000000
0.001980 0.000380 0.000000
0.001980 0.000390 0.000000
0.001980 0.000400 0.000000
0.001980 0.000411 0.000000
0.001980 0.000420 0.000000
0.001980 0.000429 0.000000
0.001980 0.000440 0.000000
0.001980 0.000450 0.000000
0.001980 0.000460 0.000000
0.001980 0.000469 0.000000
0.001980 0.000481 0.000000
0.001980 0.000490 0.000000
0.001980 0.000500 0.000000
0.001980 0.000510 0.000000
0.001980 0.000520 0.000000
0.001980 0.000530 0.000000
0.001980 0.000541 0.000000
0.001980 0.000550 0.000000
0.001979 0.000560 0.000000
0.001981 0.000570 0.000000
0.001980 0.000580 0.000000
0.001980 0.000590 0.000000
0.001980 0.000600 0.000000
0.001990 0.000300 0.000000
0.001990 0.000310 0.000000
0.001990 0.000320 0.000000
0.001990 0.000330 0.000000
0.001990 0.000340 0.000000
0.001990 0.000350 0.000000
0.001990 0.000360 0.000000
0.001990 0.000370 0.000000
0.001990 0.000380 0.000000
0.001990 0.000390 0.000000
0.001990 0.000400 0.000000
0.001990 0.000410 0.000000
0.001990 0.000420 0.000000
0.001990 0.000430 0.000000
0.001990 0.000440 0.000000
0.001990 0.000450 0.000000
0.001990 0.000460 0.000000
0.001990 0.000470 0.000000
0.001990 0.000480 0.000000
0.001990 0.000490 0.000000
0.001990 0.000500 0.000000
0.001990 0.000510 0.000000
0.001990 0.000520 0.000000
0.001990 0.000530 0.000000
0.001990 0.000540 0.000000
0.001990 0.000550 0.000000
0.001990 0.000560 0.000000
0.001990 0.000570 0.000000
0.001990 0.000580 0.000000
0.001990 0.000590 0.000000
0.001990 0.000600 0.000000
0.002000 0.000300 0.000000
0.002000 0.000310 0.000000
0.002000 0.000320 0.000000
0.002000 0.000330 0.000000
0.002000 0.000340 0.000000
0.002000 0.000350 0.000000
0.002000 0.000360 0.000000
0.002000 0.000370 0.000000
0.002000 0.000380 0.000000
0.002000 0.000390 0.000000
0.002000 0.000400 0.000000
0.002000 0.000410 0.000000
0.002000 0.000420 0.000000
0.002000 0.000430 0.000000
0.002000 0.000440 0.000000
0.002000 0.000450 0.000000
0.002000 0.000460 0.000000
0.002000 0.000470 0.000000
0.002000 0.000480 0.000000
0.002000 0.000490 0.000000
0.002000 0.000500 0.000000
0.002000 0.000510 0.000000
0.002000 0.000520 0.000000
0.002000 0.000530 0.000000
0.002000 0.000540 0.000000
0.002000 0.000550 0.000000
0.002000 0.000560 0.000000
0.002000 0.000570 0.000000
0.002000 0.000580 0.000000
0.002000 0.000590 0.000000
0.002000 0.000600 0.000000

CELLS 6231 12462
1 0
1 1
1 2
1 3
1 4
1 5
1 6
1 7
1 8
1 9
1 10
1 11
1 12
1 13
1 14
1 15
1 16
1 17
1 18
1 19
1 20
1 21
1 22
1 23
1 24
1 25
1 26
1 27
1 28
1 29
1 30
1 31
1 32
1 33
1 34
1 35
1 36
1 37
1 38
1 39
1 40
1 41
1 42
1 43
1 44
1 45
1 46
1 47
1 48
1 49
1 50
1 51
1 52
1 53
1 54
1 55
1 56
1 57
1 58
1 59
1 60
1 61
1 62
1 63
1 64
1 65
1 66
1 67
1 68
1 69
1 70
1 71
1 72
1 73
1 74
1 75
1 76
1 77
1 78
1 79
1 80
1 81
1 82
1 83
1 84
1 85
1 86
1 87
1 88
1 89
1 90
1 91
1 92
1 93
1 94
1 95
1 96
1 97
1 98
1 99
1 100
1 101
1 102
1 103
1 104
1 105
1 106
1 107
1 108
1 109
1 110
1 111
1 112
1 113
1 114
1 115
1 116
1 117
1 118
1 119
1 120
1 121
1 122
1 123
1 124
1 125
1 126
1 127
1 128
1 129
1 130
1 131
1 132
1 133
1 134
1 135
1 136
1 137
1 138
1 139
1 140
1 141
1 142
1 143
1 144
1 145
1 146
1 147
1 148
1 149
1 150
1 151
1 152
1 153
1 154
1 155
1 156
1 157
1 158
1 159
1 160
1 161
1 162
1 163
1 164
1 165
1 166
1 167
1 168
1 169
1 170
1 171
1 172
1 173
1 174
1 175
1 176
1 177
1 178
1 179
1 180
1 181
1 182
1 183
1 184
1 185
1 186
1 187
1 188
1 189
1 190
1 191
1 192
1 193
1 194
1 195
1 196
1 197
1 198
1 199
1 200
1 201
1 202
1 203
1 204
1 205
1 206
1 207
1 208
1 209
1 210
1 211
1 212
1 213
1 214
1 215
1 216
1 217
1 218
1 219
1 220
1 221
1 222
1 223
1 224
1 225
1 226
1 227
1 228
1 229
1 230
1 231
1 232
1 233
1 234
1 235
1 236
1 237
1 238
1 239
1 240
1 241
1 242
1 243
1 244
1 245
1 246
1 247
1 248
1 249
1 250
1 251
1 252
1 253
1 254
1 255
1 256
1 257
1 258
1 259
1 260
1 261
1 262
1 263
1 264
1 265
1 266
1 267
1 268
1 269
1 270
1 271
1 272
1 273
1 274
1 275
1 276
1 277
1 278
1 279
1 280
1 281
1 282
1 283
1 284
1 285
1 286
1 287
1 288
1 289
1 290
1 291
1 292
1 293
1 294
1 295
1 296
1 297
1 298
1 299
1 300
1 301
1 302
1 303
1 304
1 305
1 306
1 307
1 308
1 309
1 310
1 311
1 312
1 313
1 314
1 315
1 316
1 317
1 318
1 319
1 320
1 321
1 322
1 323
1 324
1 325
1 326
1 327
1 328
1 329
1 330
1 331
1 332
1 333
1 334
1 335
1 336
1 337
1 338
1 339
1 340
1 341
1 342
1 343
1 344
1 345
1 346
1 347
1 348
1 349
1 350
1 351
1 352
1 353
1 354
1 355
1 356
1 357
1 358
1 359
1 360
1 361
1 362
1 363
1 364
1 365
1 366
1 367
1 368
1 369
1 370
1 371
1 372
1 373
1 374
1 375
1 376
1 377
1 378
1 379
1 380
1 381
1 382
1 383
1 384
1 385
1 386
1 387
1 388
1 389
1 390
1 391
1 392
1 393
1 394
1 395
1 396
1 397
1 398
1 399
1 400
1 401
1 402
1 403
1 404
1 405
1 406
1 407
1 408
1 409
1 410
1 411
1 412
1 413
1 414
1 415
1 416
1 417
1 418
1 419
1 420
1 421
1 422
1 423
1 424
1 425
1 426
1 427
1 428
1 429
1 430
1 431
1 432
1 433
1 434
1 435
1 436
1 437
1 438
1 439
1 440
1 441
1 442
1 443
1 444
1 445
1 446
1 447
1 448
1 449
1 450
1 451
1 452
1 453
1 454
1 455
1 456
1 457
1 458
1 459
1 460
1 461
1 462
1 463
1 464
1 465
1 466
1 467
1 468
1 469
1 470
1 471
1 472
1 473
1 474
1 475
1 476
1 477
1 478
1 479
1 480
1 481
1 482
1 483
1 484
1 485
1 486
1 487
1 488
1 489
1 490
1 491
1 492
1 493
1 494
1 495
1 496
1 497
1 498
1 499
1 500
1 501
1 502
1 503
1 504
1 505
1 506
1 507
1 508
1 509
1 510
1 511
1 512
1 513
1 514
1 515
1 516
1 517
1 518
1 519
1 520
1 521
1 522
1 523
1 524
1 525
1 526
1 527
1 528
1 529
1 530
1 531
1 532
1 533
1 534
1 535
1 536
1 537
1 538
1 539
1 540
1 541
1 542
1 543
1 544
1 545
1 546
1 547
1 548
1 549
1 550
1 551
1 552
1 553
1 554
1 555
1 556
1 557
1 558
1 559
1 560
1 561
1 562
1 563
1 564
1 565
1 566
1 567
1 568
1 569
1 570
1 571
1 572
1 573
1 574
1 575
1 576
1 577
1 578
1 579
1 580
1 581
1 582
1 583
1 584
1 585
1 586
1 587
1 588
1 589
1 590
1 591
1 592
1 593
1 594
1 595
1 596
1 597
1 598
1 599
1 600
1 601
1 602
1 603
1 604
1 605
1 606
1 607
1 608
1 609
1 610
1 611
1 612
1 613
1 614
1 615
1 616
1 617
1 618
1 619
1 620
1 621
1 622
1 623
1 624
1 625
1 626
1 627
1 628
1 629
1 630
1 631
1 632
1 633
1 634
1 635
1 636
1 637
1 638
1 639
1 640
1 641
1 642
1 643
1 644
1 645
1 646
1 647
1 648
1 649
1 650
1 651
1 652
1 653
1 654
1 655
1 656
1 657
1 658
1 659
1 660
1 661
1 662
1 663
1 664
1 665
1 666
1 667
1 668
1 669
1 670
1 671
1 672
1 673
1 674
1 675
1 676
1 677
1 678
1 679
1 680
1 681
1 682
1 683
1 684
1 685
1 686
1 687
1 688
1 689
1 690
1 691
1 692
1 693
1 694
1 695
1 696
1 697
1 698
1 699
1 700
1 701
1 702
1 703
1 704
1 705
1 706
1 707
1 708
1 709
1 710
1 711
1 712
1 713
1 714
1 715
1 716
1 717
1 718
1 719
1 720
1 721
1 722
1 723
1 724
1 725
1 726
1 727
1 728
1 729
1 730
1 731
1 732
1 733
1 734
1 735
1 736
1 737
1 738
1 739
1 740
1 741
1 742
1 743
1 744
1 745
1 746
1 747
1 748
1 749
1 750
1 751
1 752
1 753
1 754
1 755
1 756
1 757
1 758
1 759
1 760
1 761
1 762
1 763
1 764
1 765
1 766
1 767
1 768
1 769
1 770
1 771
1 772
1 773
1 774
1 775
1 776
1 777
1 778
1 779
1 780
1 781
1 782
1 783
1 784
1 785
1 786
1 787
1 788
1 789
1 790
1 791
1 792
1 793
1 794
1 795
1 796
1 797
1 798
1 799
1 800
1 801
1 802
1 803
1 804
1 805
1 806
1 807
1 808
1 809
1 810
1 811
1 812
1 813
1 814
1 815
1 816
1 817
1 818
1 819
1 820
1 821
1 822
1 823
1 824
1 825
1 826
1 827
1 828
1 829
1 830
1 831
1 832
1 833
1 834
1 835
1 836
1 837
1 838
1 839
1 840
1 841
1 842
1 843
1 844
1 845
1 846
1 847
1 848
1 849
1 850
1 851
1 852
1 853
1 854
1 855
1 856
1 857
1 858
1 859
1 860
1 861
1 862
1 863
1 864
1 865
1 866
1 867
1 868
1 869
1 870
1 871
1 872
1 873
1 874
1 875
1 876
1 877
1 878
1 879
1 880
1 881
1 882
1 883
1 884
1 885
1 886
1 887
1 888
1 889
1 890
1 891
1 892
1 893
1 894
1 895
1 896
1 897
1 898
1 899
1 900
1 901
1 902
1 903
1 904
1 905
1 906
1 907
1 908
1 909
1 910
1 911
1 912
1 913
1 914
1 915
1 916
1 917
1 918
1 919
1 920
1 921
1 922
1 923
1 924
1 925
1 926
1 927
1 928
1 929
1 930
1 931
1 932
1 933
1 934
1 935
1 936
1 937
1 938
1 939
1 940
1 941
1 942
1 943
1 944
1 945
1 946
1 947
1 948
1 949
1 950
1 951
1 952
1 953
1 954
1 955
1 956
1 957
1 958
1 959
1 960
1 961
1 962
1 963
1 964
1 965
1 966
1 967
1 968
1 969
1 970
1 971
1 972
1 973
1 974
1 975
1 976
1 977
1 978
1 979
1 980
1 981
1 982
1 983
1 984
1 985
1 986
1 987
1 988
1 989
1 990
1 991
1 992
1 993
1 994
1 995
1 996
1 997
1 998
1 999
1 1000
1 1001
1 1002
1 1003
1 1004
1 1005
1 1006
1 1007
1 1008
1 1009
1 1010
1 1011
1 1012
1 1013
1 1014
1 1015
1 1016
1 1017
1 1018
1 1019
1 1020
1 1021
1 1022
1 1023
1 1024
1 1025
1 1026
1 1027
1 1028
1 1029
1 1030
1 1031
1 1032
1 1033
1 1034
1 1035
1 1036
1 1037
1 1038
1 1039
1 1040
1 1041
1 1042
1 1043
1 1044
1 1045
1 1046
1 1047
1 1048
1 1049
1 1050
1 1051
1 1052
1 1053
1 1054
1 1055
1 1056
1 1057
1 1058
1 1059
1 1060
1 1061
1 1062
1 1063
1 1064
1 1065
1 1066
1 1067
1 1068
1 1069
1 1070
1 1071
1 1072
1 1073
1 1074
1 1075
1 1076
1 1077
1 1078
1 1079
1 1080
1 1081
1 1082
1 1083
1 1084
1 1085
1 1086
1 1087
1 1088
1 1089
1 1090
1 1091
1 1092
1 1093
1 1094
1 1095
1 1096
1 1097
1 1098
1 1099
1 1100
1 1101
1 1102
1 1103
1 1104
1 1105
1 1106
1 1107
1 1108
1 1109
1 1110
1 1111
1 1112
1 1113
1 1114
1 1115
1 1116
1 1117
1 1118
1 1119
1 1120
1 1121
1 1122
1 1123
1 1124
1 1125
1 1126
1 1127
1 1128
1 1129
1 1130
1 1131
1 1132
1 1133
1 1134
1 1135
1 1136
1 1137
1 1138
1 1139
1 1140
1 1141
1 1142
1 1143
1 1144
1 1145
1 1146
1 1147
1 1148
1 1149
1 1150
1 1151
1 1152
1 1153
1 1154
1 1155
1 1156
1 1157
1 1158
1 1159
1 1160
1 1161
1 1162
1 1163
1 1164
1 1165
1 1166
1 1167
1 1168
1 1169
1 1170
1 1171
1 1172
1 1173
1 1174
1 1175
1 1176
1 1177
1 1178
1 1179
1 1180
1 1181
1 1182
1 1183
1 1184
1 1185
1 1186
1 1187
1 1188
1 1189
1 1190
1 1191
1 1192
1 1193
1 1194
1 1195
1 1196
1 1197
1 1198
1 1199
1 1200
1 1201
1 1202
1 1203
1 1204
1 1205
1 1206
1 1207
1 1208
1 1209
1 1210
1 1211
1 1212
1 1213
1 1214
1 1215
1 1216
1 1217
1 1218
1 1219
1 1220
1 1221
1 1222
1 1223
1 1224
1 1225
1 1226
1 1227
1 1228
1 1229
1 1230
1 1231
1 1232
1 1233
1 1234
1 1235
1 1236
1 1237
1 1238
1 1239
1 1240
1 1241
1 1242
1 1243
1 1244
1 1245
1 1246
1 1247
1 1248
1 1249
1 1250
1 1251
1 1252
1 1253
1 1254
1 1255
1 1256
1 1257
1 1258
1 1259
1 1260
1 1261
1 1262
1 1263
1 1264
1 1265
1 1266
1 1267
1 1268
1 1269
1 1270
1 1271
1 1272
1 1273
1 1274
1 1275
1 1276
1 1277
1 1278
1 1279
1 1280
1 1281
1 1282
1 1283
1 1284
1 1285
1 1286
1 1287
1 1288
1 1289
1 1290
1 1291
1 1292
1 1293
1 1294
1 1295
1 1296
1 1297
1 1298
1 1299
1 1300
1 1301
1 1302
1 1303
1 1304
1 1305
1 1306
1 1307
1 1308
1 1309
1 1310
1 1311
1 1312
1 1313
1 1314
1 1315
1 1316
1 1317
1 1318
1 1319
1 1320
1 1321
1 1322
1 1323
1 1324
1 1325
1 1326
1 1327
1 1328
1 1329
1 1330
1 1331
1 1332
1 1333
1 1334
1 1335
1 1336
1 1337
1 1338
1 1339
1 1340
1 1341
1 1342
1 1343
1 1344
1 1345
1 1346
1 1347
1 1348
1 1349
1 1350
1 1351
1 1352
1 1353
1 1354
1 1355
1 1356
1 1357
1 1358
1 1359
1 1360
1 1361
1 1362
1 1363
1 1364
1 1365
1 1366
1 1367
1 1368
1 1369
1 1370
1 1371
1 1372
1 1373
1 1374
1 1375
1 1376
1 1377
1 1378
1 1379
1 1380
1 1381
1 1382
1 1383
1 1384
1 1385
1 1386
1 1387
1 1388
1 1389
1 1390
1 1391
1 1392
1 1393
1 1394
1 1395
1 1396
1 1397
1 1398
1 1399
1 1400
1 1401
1 1402
1 1403
1 1404
1 1405
1 1406
1 1407
1 1408
1 1409
1 1410
1 1411
1 1412
1 1413
1 1414
1 1415
1 1416
1 1417
1 1418
1 1419
1 1420
1 1421
1 1422
1 1423
1 1424
1 1425
1 1426
1 1427
1 1428
1 1429
1 1430
1 1431
1 1432
1 1433
1 1434
1 1435
1 1436
1 1437
1 1438
1 1439
1 1440
1 1441
1 1442
1 1443
1 1444
1 1445
1 1446
1 1447
1 1448
1 1449
1 1450
1 1451
1 1452
1 1453
1 1454
1 1455
1 1456
1 1457
1 1458
1 1459
1 1460
1 1461
1 1462
1 1463
1 1464
1 1465
1 1466
1 1467
1 1468
1 1469
1 1470
1 1471
1 1472
1 1473
1 1474
1 1475
1 1476
1 1477
1 1478
1 1479
1 1480
1 1481
1 1482
1 1483
1 1484
1 1485
1 1486
1 1487
1 1488
1 1489
1 1490
1 1491
1 1492
1 1493
1 1494
1 1495
1 1496
1 1497
1 1498
1 1499
1 1500
1 1501
1 1502
1 1503
1 1504
1 1505
1 1506
1 1507
1 1508
1 1509
1 1510
1 1511
1 1512
1 1513
1 1514
1 1515
1 1516
1 1517
1 1518
1 1519
1 1520
1 1521
1 1522
1 1523
1 1524
1 1525
1 1526
1 1527
1 1528
1 1529
1 1530
1 1531
1 1532
1 1533
1 1534
1 1535
1 1536
1 1537
1 1538
1 1539
1 1540
1 1541
1 1542
1 1543
1 1544
1 1545
1 1546
1 1547
1 1548
1 1549
1 1550
1 1551
1 1552
1 1553
1 1554
1 1555
1 1556
1 1557
1 1558
1 1559
1 1560
1 1561
1 1562
1 1563
1 1564
1 1565
1 1566
1 1567
1 1568
1 1569
1 1570
1 1571
1 1572
1 1573
1 1574
1 1575
1 1576
1 1577
1 1578
1 1579
1 1580
1 1581
1 1582
1 1583
1 1584
1 1585
1 1586
1 1587
1 1588
1 1589
1 1590
1 1591
1 1592
1 1593
1 1594
1 1595
1 1596
1 1597
1 1598
1 1599
1 1600
1 1601
1 1602
1 1603
1 1604
1 1605
1 1606
1 1607
1 1608
1 1609
1 1610
1 1611
1 1612
1 1613
1 1614
1 1615
1 1616
1 1617
1 1618
1 1619
1 1620
1 1621
1 1622
1 1623
1 1624
1 1625
1 1626
1 1627
1 1628
1 1629
1 1630
1 1631
1 1632
1 1633
1 1634
1 1635
1 1636
1 1637
1 1638
1 1639
1 1640
1 1641
1 1642
1 1643
1 1644
1 1645
1 1646
1 1647
1 1648
1 1649
1 1650
1 1651
1 1652
1 1653
1 1654
1 1655
1 1656
1 1657
1 1658
1 1659
1 1660
1 1661
1 1662
1 1663
1 1664
1 1665
1 1666
1 1667
1 1668
1 1669
1 1670
1 1671
1 1672
1 1673
1 1674
1 1675
1 1676
1 1677
1 1678
1 1679
1 1680
1 1681
1 1682
1 1683
1 1684
1 1685
1 1686
1 1687
1 1688
1 1689
1 1690
1 1691
1 1692
1 1693
1 1694
1 1695
1 1696
1 1697
1 1698
1 1699
1 1700
1 1701
1 1702
1 1703
1 1704
1 1705
1 1706
1 1707
1 1708
1 1709
1 1710
1 1711
1 1712
1 1713
1 1714
1 1715
1 1716
1 1717
1 1718
1 1719
1 1720
1 1721
1 1722
1 1723
1 1724
1 1725
1 1726
1 1727
1 1728
1 1729
1 1730
1 1731
1 1732
1 1733
1 1734
1 1735
1 1736
1 1737
1 1738
1 1739
1 1740
1 1741
1 1742
1 1743
1 1744
1 1745
1 1746
1 1747
1 1748
1 1749
1 1750
1 1751
1 1752
1 1753
1 1754
1 1755
1 1756
1 1757
1 1758
1 1759
1 1760
1 1761
1 1762
1 1763
1 1764
1 1765
1 1766
1 1767
1 1768
1 1769
1 1770
1 1771
1 1772
1 1773
1 1774
1 1775
1 1776
1 1777
1 1778
1 1779
1 1780
1 1781
1 1782
1 1783
1 1784
1 1785
1 1786
1 1787
1 1788
1 1789
1 1790
1 1791
1 1792
1 1793
1 1794
1 1795
1 1796
1 1797
1 1798
1 1799
1 1800
1 1801
1 1802
1 1803
1 1804
1 1805
1 1806
1 1807
1 1808
1 1809
1 1810
1 1811
1 1812
1 1813
1 1814
1 1815
1 1816
1 1817
1 1818
1 1819
1 1820
1 1821
1 1822
1 1823
1 1824
1 1825
1 1826
1 1827
1 1828
1 1829
1 1830
1 1831
1 1832
1 1833
1 1834
1 1835
1 1836
1 1837
1 1838
1 1839
1 1840
1 1841
1 1842
1 1843
1 1844
1 1845
1 1846
1 1847
1 1848
1 1849
1 1850
1 1851
1 1852
1 1853
1 1854
1 1855
1 1856
1 1857
1 1858
1 1859
1 1860
1 1861
1 1862
1 1863
1 1864
1 1865
1 1866
1 1867
1 1868
1 1869
1 1870
1 1871
1 1872
1 1873
1 1874
1 1875
1 1876
1 1877
1 1878
1 1879
1 1880
1 1881
1 1882
1 1883
1 1884
1 1885
1 1886
1 1887
1 1888
1 1889
1 1890
1 1891
1 1892
1 1893
1 1894
1 1895
1 1896
1 1897
1 1898
1 1899
1 1900
1 1901
1 1902
1 1903
1 1904
1 1905
1 1906
1 1907
1 1908
1 1909
1 1910
1 1911
1 1912
1 1913
1 1914
1 1915
1 1916
1 1917
1 1918
1 1919
1 1920
1 1921
1 1922
1 1923
1 1924
1 1925
1 1926
1 1927
1 1928
1 1929
1 1930
1 1931
1 1932
1 1933
1 1934
1 1935
1 1936
1 1937
1 1938
1 1939
1 1940
1 1941
1 1942
1 1943
1 1944
1 1945
1 1946
1 1947
1 1948
1 1949
1 1950
1 1951
1 1952
1 1953
1 1954
1 1955
1 1956
1 1957
1 1958
1 1959
1 1960
1 1961
1 1962
1 1963
1 1964
1 1965
1 1966
1 1967
1 1968
1 1969
1 1970
1 1971
1 1972
1 1973
1 1974
1 1975
1 1976
1 1977
1 1978
1 1979
1 1980
1 1981
1 1982
1 1983
1 1984
1 1985
1 1986
1 1987
1 1988
1 1989
1 1990
1 1991
1 1992
1 1993
1 1994
1 1995
1 1996
1 1997
1 1998
1 1999
1 2000
1 2001
1 2002
1 2003
1 2004
1 2005
1 2006
1 2007
1 2008
1 2009
1 2010
1 2011
1 2012
1 2013
1 2014
1 2015
1 2016
1 2017
1 2018
1 2019
1 2020
1 2021
1 2022
1 2023
1 2024
1 2025
1 2026
1 2027
1 2028
1 2029
1 2030
1 2031
1 2032
1 2033
1 2034
1 2035
1 2036
1 2037
1 2038
1 2039
1 2040
1 2041
1 2042
1 2043
1 2044
1 2045
1 2046
1 2047
1 2048
1 2049
1 2050
1 2051
1 2052
1 2053
1 2054
1 2055
1 2056
1 2057
1 2058
1 2059
1 2060
1 2061
1 2062
1 2063
1 2064
1 2065
1 2066
1 2067
1 2068
1 2069
1 2070
1 2071
1 2072
1 2073
1 2074
1 2075
1 2076
1 2077
1 2078
1 2079
1 2080
1 2081
1 2082
1 2083
1 2084
1 2085
1 2086
1 2087
1 2088
1 2089
1 2090
1 2091
1 2092
1 2093
1 2094
1 2095
1 2096
1 2097
1 2098
1 2099
1 2100
1 2101
1 2102
1 2103
1 2104
1 2105
1 2106
1 2107
1 2108
1 2109
1 2110
1 2111
1 2112
1 2113
1 2114
1 2115
1 2116
1 2117
1 2118
1 2119
1 2120
1 2121
1 2122
1 2123
1 2124
1 2125
1 2126
1 2127
1 2128
1 2129
1 2130
1 2131
1 2132
1 2133
1 2134
1 2135
1 2136
1 2137
1 2138
1 2139
1 2140
1 2141
1 2142
1 2143
1 2144
1 2145
1 2146
1 2147
1 2148
1 2149
1 2150
1 2151
1 2152
1 2153
1 2154
1 2155
1 2156
1 2157
1 2158
1 2159
1 2160
1 2161
1 2162
1 2163
1 2164
1 2165
1 2166
1 2167
1 2168
1 2169
1 2170
1 2171
1 2172
1 2173
1 2174
1 2175
1 2176
1 2177
1 2178
1 2179
1 2180
1 2181
1 2182
1 2183
1 2184
1 2185
1 2186
1 2187
1 2188
1 2189
1 2190
1 2191
1 2192
1 2193
1 2194
1 2195
1 2196
1 2197
1 2198
1 2199
1 2200
1 2201
1 2202
1 2203
1 2204
1 2205
1 2206
1 2207
1 2208
1 2209
1 2210
1 2211
1 2212
1 2213
1 2214
1 2215
1 2216
1 2217
1 2218
1 2219
1 2220
1 2221
1 2222
1 2223
1 2224
1 2225
1 2226
1 2227
1 2228
1 2229
1 2230
1 2231
1 2232
1 2233
1 2234
1 2235
1 2236
1 2237
1 2238
1 2239
1 2240
1 2241
1 2242
1 2243
1 2244
1 2245
1 2246
1 2247
1 2248
1 2249
1 2250
1 2251
1 2252
1 2253
1 2254
1 2255
1 2256
1 2257
1 2258
1 2259
1 2260
1 2261
1 2262
1 2263
1 2264
1 2265
1 2266
1 2267
1 2268
1 2269
1 2270
1 2271
1 2272
1 2273
1 2274
1 2275
1 2276
1 2277
1 2278
1 2279
1 2280
1 2281
1 2282
1 2283
1 2284
1 2285
1 2286
1 2287
1 2288
1 2289
1 2290
1 2291
1 2292
1 2293
1 2294
1 2295
1 2296
1 2297
1 2298
1 2299
1 2300
1 2301
1 2302
1 2303
1 2304
1 2305
1 2306
1 2307
1 2308
1 2309
1 2310
1 2311
1 2312
1 2313
1 2314
1 2315
1 2316
1 2317
1 2318
1 2319
1 2320
1 2321
1 2322
1 2323
1 2324
1 2325
1 2326
1 2327
1 2328
1 2329
1 2330
1 2331
1 2332
1 2333
1 2334
1 2335
1 2336
1 2337
1 2338
1 2339
1 2340
1 2341
1 2342
1 2343
1 2344
1 2345
1 2346
1 2347
1 2348
1 2349
1 2350
1 2351
1 2352
1 2353
1 2354
1 2355
1 2356
1 2357
1 2358
1 2359
1 2360
1 2361
1 2362
1 2363
1 2364
1 2365
1 2366
1 2367
1 2368
1 2369
1 2370
1 2371
1 2372
1 2373
1 2374
1 2375
1 2376
1 2377
1 2378
1 2379
1 2380
1 2381
1 2382
1 2383
1 2384
1 2385
1 2386
1 2387
1 2388
1 2389
1 2390
1 2391
1 2392
1 2393
1 2394
1 2395
1 2396
1 2397
1 2398
1 2399
1 2400
1 2401
1 2402
1 2403
1 2404
1 2405
1 2406
1 2407
1 2408
1 2409
1 2410
1 2411
1 2412
1 2413
1 2414
1 2415
1 2416
1 2417
1 2418
1 2419
1 2420
1 2421
1 2422
1 2423
1 2424
1 2425
1 2426
1 2427
1 2428
1 2429
1 2430
1 2431
1 2432
1 2433
1 2434
1 2435
1 2436
1 2437
1 2438
1 2439
1 2440
1 2441
1 2442
1 2443
1 2444
1 2445
1 2446
1 2447
1 2448
1 2449
1 2450
1 2451
1 2452
1 2453
1 2454
1 2455
1 2456
1 2457
1 2458
1 2459
1 2460
1 2461
1 2462
1 2463
1 2464
1 2465
1 2466
1 2467
1 2468
1 2469
1 2470
1 2471
1 2472
1 2473
1 2474
1 2475
1 2476
1 2477
1 2478
1 2479
1 2480
1 2481
1 2482
1 2483
1 2484
1 2485
1 2486
1 2487
1 2488
1 2489
1 2490
1 2491
1 2492
1 2493
1 2494
1 2495
1 2496
1 2497
1 2498
1 2499
1 2500
1 2501
1 2502
1 2503
1 2504
1 2505
1 2506
1 2507
1 2508
1 2509
1 2510
1 2511
1 2512
1 2513
1 2514
1 2515
1 2516
1 2517
1 2518
1 2519
1 2520
1 2521
1 2522
1 2523
1 2524
1 2525
1 2526
1 2527
1 2528
1 2529
1 2530
1 2531
1 2532
1 2533
1 2534
1 2535
1 2536
1 2537
1 2538
1 2539
1 2540
1 2541
1 2542
1 2543
1 2544
1 2545
1 2546
1 2547
1 2548
1 2549
1 2550
1 2551
1 2552
1 2553
1 2554
1 2555
1 2556
1 2557
1 2558
1 2559
1 2560
1 2561
1 2562
1 2563
1 2564
1 2565
1 2566
1 2567
1 2568
1 2569
1 2570
1 2571
1 2572
1 2573
1 2574
1 2575
1 2576
1 2577
1 2578
1 2579
1 2580
1 2581
1 2582
1 2583
1 2584
1 2585
1 2586
1 2587
1 2588
1 2589
1 2590
1 2591
1 2592
1 2593
1 2594
1 2595
1 2596
1 2597
1 2598
1 2599
1 2600
1 2601
1 2602
1 2603
1 2604
1 2605
1 2606
1 2607
1 2608
1 2609
1 2610
1 2611
1 2612
1 2613
1 2614
1 2615
1 2616
1 2617
1 2618
1 2619
1 2620
1 2621
1 2622
1 2623
1 2624
1 2625
1 2626
1 2627
1 2628
1 2629
1 2630
1 2631
1 2632
1 2633
1 2634
1 2635
1 2636
1 2637
1 2638
1 2639
1 2640
1 2641
1 2642
1 2643
1 2644
1 2645
1 2646
1 2647
1 2648
1 2649
1 2650
1 2651
1 2652
1 2653
1 2654
1 2655
1 2656
1 2657
1 2658
1 2659
1 2660
1 2661
1 2662
1 2663
1 2664
1 2665
1 2666
1 2667
1 2668
1 2669
1 2670
1 2671
1 2672
1 2673
1 2674
1 2675
1 2676
1 2677
1 2678
1 2679
1 2680
1 2681
1 2682
1 2683
1 2684
1 2685
1 2686
1 2687
1 2688
1 2689
1 2690
1 2691
1 2692
1 2693
1 2694
1 2695
1 2696
1 2697
1 2698
1 2699
1 2700
1 2701
1 2702
1 2703
1 2704
1 2705
1 2706
1 2707
1 2708
1 2709
1 2710
1 2711
1 2712
1 2713
1 2714
1 2715
1 2716
1 2717
1 2718
1 2719
1 2720
1 2721
1 2722
1 2723
1 2724
1 2725
1 2726
1 2727
1 2728
1 2729
1 2730
1 2731
1 2732
1 2733
1 2734
1 2735
1 2736
1 2737
1 2738
1 2739
1 2740
1 2741
1 2742
1 2743
1 2744
1 2745
1 2746
1 2747
1 2748
1 2749
1 2750
1 2751
1 2752
1 2753
1 2754
1 2755
1 2756
1 2757
1 2758
1 2759
1 2760
1 2761
1 2762
1 2763
1 2764
1 2765
1 2766
1 2767
1 2768
1 2769
1 2770
1 2771
1 2772
1 2773
1 2774
1 2775
1 2776
1 2777
1 2778
1 2779
1 2780
1 2781
1 2782
1 2783
1 2784
1 2785
1 2786
1 2787
1 2788
1 2789
1 2790
1 2791
1 2792
1 2793
1 2794
1 2795
1 2796
1 2797
1 2798
1 2799
1 2800
1 2801
1 2802
1 2803
1 2804
1 2805
1 2806
1 2807
1 2808
1 2809
1 2810
1 2811
1 2812
1 2813
1 2814
1 2815
1 2816
1 2817
1 2818
1 2819
1 2820
1 2821
1 2822
1 2823
1 2824
1 2825
1 2826
1 2827
1 2828
1 2829
1 2830
1 2831
1 2832
1 2833
1 2834
1 2835
1 2836
1 2837
1 2838
1 2839
1 2840
1 2841
1 2842
1 2843
1 2844
1 2845
1 2846
1 2847
1 2848
1 2849
1 2850
1 2851
1 2852
1 2853
1 2854
1 2855
1 2856
1 2857
1 2858
1 2859
1 2860
1 2861
1 2862
1 2863
1 2864
1 2865
1 2866
1 2867
1 2868
1 2869
1 2870
1 2871
1 2872
1 2873
1 2874
1 2875
1 2876
1 2877
1 2878
1 2879
1 2880
1 2881
1 2882
1 2883
1 2884
1 2885
1 2886
1 2887
1 2888
1 2889
1 2890
1 2891
1 2892
1 2893
1 2894
1 2895
1 2896
1 2897
1 2898
1 2899
1 2900
1 2901
1 2902
1 2903
1 2904
1 2905
1 2906
1 2907
1 2908
1 2909
1 2910
1 2911
1 2912
1 2913
1 2914
1 2915
1 2916
1 2917
1 2918
1 2919
1 2920
1 2921
1 2922
1 2923
1 2924
1 2925
1 2926
1 2927
1 2928
1 2929
1 2930
1 2931
1 2932
1 2933
1 2934
1 2935
1 2936
1 2937
1 2938
1 2939
1 2940
1 2941
1 2942
1 2943
1 2944
1 2945
1 2946
1 2947
1 2948
1 2949
1 2950
1 2951
1 2952
1 2953
1 2954
1 2955
1 2956
1 2957
1 2958
1 2959
1 2960
1 2961
1 2962
1 2963
1 2964
1 2965
1 2966
1 2967
1 2968
1 2969
1 2970
1 2971
1 2972
1 2973
1 2974
1 2975
1 2976
1 2977
1 2978
1 2979
1 2980
1 2981
1 2982
1 2983
1 2984
1 2985
1 2986
1 2987
1 2988
1 2989
1 2990
1 2991
1 2992
1 2993
1 2994
1 2995
1 2996
1 2997
1 2998
1 2999
1 3000
1 3001
1 3002
1 3003
1 3004
1 3005
1 3006
1 3007
1 3008
1 3009
1 3010
1 3011
1 3012
1 3013
1 3014
1 3015
1 3016
1 3017
1 3018
1 3019
1 3020
1 3021
1 3022
1 3023
1 3024
1 3025
1 3026
1 3027
1 3028
1 3029
1 3030
1 3031
1 3032
1 3033
1 3034
1 3035
1 3036
1 3037
1 3038
1 3039
1 3040
1 3041
1 3042
1 3043
1 3044
1 3045
1 3046
1 3047
1 3048
1 3049
1 3050
1 3051
1 3052
1 3053
1 3054
1 3055
1 3056
1 3057
1 3058
1 3059
1 3060
1 3061
1 3062
1 3063
1 3064
1 3065
1 3066
1 3067
1 3068
1 3069
1 3070
1 3071
1 3072
1 3073
1 3074
1 3075
1 3076
1 3077
1 3078
1 3079
1 3080
1 3081
1 3082
1 3083
1 3084
1 3085
1 3086
1 3087
1 3088
1 3089
1 3090
1 3091
1 3092
1 3093
1 3094
1 3095
1 3096
1 3097
1 3098
1 3099
1 3100
1 3101
1 3102
1 3103
1 3104
1 3105
1 3106
1 3107
1 3108
1 3109
1 3110
1 3111
1 3112
1 3113
1 3114
1 3115
1 3116
1 3117
1 3118
1 3119
1 3120
1 3121
1 3122
1 3123
1 3124
1 3125
1 3126
1 3127
1 3128
1 3129
1 3130
1 3131
1 3132
1 3133
1 3134
1 3135
1 3136
1 3137
1 3138
1 3139
1 3140
1 3141
1 3142
1 3143
1 3144
1 3145
1 3146
1 3147
1 3148
1 3149
1 3150
1 3151
1 3152
1 3153
1 3154
1 3155
1 3156
1 3157
1 3158
1 3159
1 3160
1 3161
1 3162
1 3163
1 3164
1 3165
1 3166
1 3167
1 3168
1 3169
1 3170
1 3171
1 3172
1 3173
1 3174
1 3175
1 3176
1 3177
1 3178
1 3179
1 3180
1 3181
1 3182
1 3183
1 3184
1 3185
1 3186
1 3187
1 3188
1 3189
1 3190
1 3191
1 3192
1 3193
1 3194
1 3195
1 3196
1 3197
1 3198
1 3199
1 3200
1 3201
1 3202
1 3203
1 3204
1 3205
1 3206
1 3207
1 3208
1 3209
1 3210
1 3211
1 3212
1 3213
1 3214
1 3215
1 3216
1 3217
1 3218
1 3219
1 3220
1 3221
1 3222
1 3223
1 3224
1 3225
1 3226
1 3227
1 3228
1 3229
1 3230
1 3231
1 3232
1 3233
1 3234
1 3235
1 3236
1 3237
1 3238
1 3239
1 3240
1 3241
1 3242
1 3243
1 3244
1 3245
1 3246
1 3247
1 3248
1 3249
1 3250
1 3251
1 3252
1 3253
1 3254
1 3255
1 3256
1 3257
1 3258
1 3259
1 3260
1 3261
1 3262
1 3263
1 3264
1 3265
1 3266
1 3267
1 3268
1 3269
1 3270
1 3271
1 3272
1 3273
1 3274
1 3275
1 3276
1 3277
1 3278
1 3279
1 3280
1 3281
1 3282
1 3283
1 3284
1 3285
1 3286
1 3287
1 3288
1 3289
1 3290
1 3291
1 3292
1 3293
1 3294
1 3295
1 3296
1 3297
1 3298
1 3299
1 3300
1 3301
1 3302
1 3303
1 3304
1 3305
1 3306
1 3307
1 3308
1 3309
1 3310
1 3311
1 3312
1 3313
1 3314
1 3315
1 3316
1 3317
1 3318
1 3319
1 3320
1 3321
1 3322
1 3323
1 3324
1 3325
1 3326
1 3327
1 3328
1 3329
1 3330
1 3331
1 3332
1 3333
1 3334
1 3335
1 3336
1 3337
1 3338
1 3339
1 3340
1 3341
1 3342
1 3343
1 3344
1 3345
1 3346
1 3347
1 3348
1 3349
1 3350
1 3351
1 3352
1 3353
1 3354
1 3355
1 3356
1 3357
1 3358
1 3359
1 3360
1 3361
1 3362
1 3363
1 3364
1 3365
1 3366
1 3367
1 3368
1 3369
1 3370
1 3371
1 3372
1 3373
1 3374
1 3375
1 3376
1 3377
1 3378
1 3379
1 3380
1 3381
1 3382
1 3383
1 3384
1 3385
1 3386
1 3387
1 3388
1 3389
1 3390
1 3391
1 3392
1 3393
1 3394
1 3395
1 3396
1 3397
1 3398
1 3399
1 3400
1 3401
1 3402
1 3403
1 3404
1 3405
1 3406
1 3407
1 3408
1 3409
1 3410
1 3411
1 3412
1 3413
1 3414
1 3415
1 3416
1 3417
1 3418
1 3419
1 3420
1 3421
1 3422
1 3423
1 3424
1 3425
1 3426
1 3427
1 3428
1 3429
1 3430
1 3431
1 3432
1 3433
1 3434
1 3435
1 3436
1 3437
1 3438
1 3439
1 3440
1 3441
1 3442
1 3443
1 3444
1 3445
1 3446
1 3447
1 3448
1 3449
1 3450
1 3451
1 3452
1 3453
1 3454
1 3455
1 3456
1 3457
1 3458
1 3459
1 3460
1 3461
1 3462
1 3463
1 3464
1 3465
1 3466
1 3467
1 3468
1 3469
1 3470
1 3471
1 3472
1 3473
1 3474
1 3475
1 3476
1 3477
1 3478
1 3479
1 3480
1 3481
1 3482
1 3483
1 3484
1 3485
1 3486
1 3487
1 3488
1 3489
1 3490
1 3491
1 3492
1 3493
1 3494
1 3495
1 3496
1 3497
1 3498
1 3499
1 3500
1 3501
1 3502
1 3503
1 3504
1 3505
1 3506
1 3507
1 3508
1 3509
1 3510
1 3511
1 3512
1 3513
1 3514
1 3515
1 3516
1 3517
1 3518
1 3519
1 3520
1 3521
1 3522
1 3523
1 3524
1 3525
1 3526
1 3527
1 3528
1 3529
1 3530
1 3531
1 3532
1 3533
1 3534
1 3535
1 3536
1 3537
1 3538
1 3539
1 3540
1 3541
1 3542
1 3543
1 3544
1 3545
1 3546
1 3547
1 3548
1 3549
1 3550
1 3551
1 3552
1 3553
1 3554
1 3555
1 3556
1 3557
1 3558
1 3559
1 3560
1 3561
1 3562
1 3563
1 3564
1 3565
1 3566
1 3567
1 3568
1 3569
1 3570
1 3571
1 3572
1 3573
1 3574
1 3575
1 3576
1 3577
1 3578
1 3579
1 3580
1 3581
1 3582
1 3583
1 3584
1 3585
1 3586
1 3587
1 3588
1 3589
1 3590
1 3591
1 3592
1 3593
1 3594
1 3595
1 3596
1 3597
1 3598
1 3599
1 3600
1 3601
1 3602
1 3603
1 3604
1 3605
1 3606
1 3607
1 3608
1 3609
1 3610
1 3611
1 3612
1 3613
1 3614
1 3615
1 3616
1 3617
1 3618
1 3619
1 3620
1 3621
1 3622
1 3623
1 3624
1 3625
1 3626
1 3627
1 3628
1 3629
1 3630
1 3631
1 3632
1 3633
1 3634
1 3635
1 3636
1 3637
1 3638
1 3639
1 3640
1 3641
1 3642
1 3643
1 3644
1 3645
1 3646
1 3647
1 3648
1 3649
1 3650
1 3651
1 3652
1 3653
1 3654
1 3655
1 3656
1 3657
1 3658
1 3659
1 3660
1 3661
1 3662
1 3663
1 3664
1 3665
1 3666
1 3667
1 3668
1 3669
1 3670
1 3671
1 3672
1 3673
1 3674
1 3675
1 3676
1 3677
1 3678
1 3679
1 3680
1 3681
1 3682
1 3683
1 3684
1 3685
1 3686
1 3687
1 3688
1 3689
1 3690
1 3691
1 3692
1 3693
1 3694
1 3695
1 3696
1 3697
1 3698
1 3699
1 3700
1 3701
1 3702
1 3703
1 3704
1 3705
1 3706
1 3707
1 3708
1 3709
1 3710
1 3711
1 3712
1 3713
1 3714
1 3715
1 3716
1 3717
1 3718
1 3719
1 3720
1 3721
1 3722
1 3723
1 3724
1 3725
1 3726
1 3727
1 3728
1 3729
1 3730
1 3731
1 3732
1 3733
1 3734
1 3735
1 3736
1 3737
1 3738
1 3739
1 3740
1 3741
1 3742
1 3743
1 3744
1 3745
1 3746
1 3747
1 3748
1 3749
1 3750
1 3751
1 3752
1 3753
1 3754
1 3755
1 3756
1 3757
1 3758
1 3759
1 3760
1 3761
1 3762
1 3763
1 3764
1 3765
1 3766
1 3767
1 3768
1 3769
1 3770
1 3771
1 3772
1 3773
1 3774
1 3775
1 3776
1 3777
1 3778
1 3779
1 3780
1 3781
1 3782
1 3783
1 3784
1 3785
1 3786
1 3787
1 3788
1 3789
1 3790
1 3791
1 3792
1 3793
1 3794
1 3795
1 3796
1 3797
1 3798
1 3799
1 3800
1 3801
1 3802
1 3803
1 3804
1 3805
1 3806
1 3807
1 3808
1 3809
1 3810
1 3811
1 3812
1 3813
1 3814
1 3815
1 3816
1 3817
1 3818
1 3819
1 3820
1 3821
1 3822
1 3823
1 3824
1 3825
1 3826
1 3827
1 3828
1 3829
1 3830
1 3831
1 3832
1 3833
1 3834
1 3835
1 3836
1 3837
1 3838
1 3839
1 3840
1 3841
1 3842
1 3843
1 3844
1 3845
1 3846
1 3847
1 3848
1 3849
1 3850
1 3851
1 3852
1 3853
1 3854
1 3855
1 3856
1 3857
1 3858
1 3859
1 3860
1 3861
1 3862
1 3863
1 3864
1 3865
1 3866
1 3867
1 3868
1 3869
1 3870
1 3871
1 3872
1 3873
1 3874
1 3875
1 3876
1 3877
1 3878
1 3879
1 3880
1 3881
1 3882
1 3883
1 3884
1 3885
1 3886
1 3887
1 3888
1 3889
1 3890
1 3891
1 3892
1 3893
1 3894
1 3895
1 3896
1 3897
1 3898
1 3899
1 3900
1 3901
1 3902
1 3903
1 3904
1 3905
1 3906
1 3907
1 3908
1 3909
1 3910
1 3911
1 3912
1 3913
1 3914
1 3915
1 3916
1 3917
1 3918
1 3919
1 3920
1 3921
1 3922
1 3923
1 3924
1 3925
1 3926
1 3927
1 3928
1 3929
1 3930
1 3931
1 3932
1 3933
1 3934
1 3935
1 3936
1 3937
1 3938
1 3939
1 3940
1 3941
1 3942
1 3943
1 3944
1 3945
1 3946
1 3947
1 3948
1 3949
1 3950
1 3951
1 3952
1 3953
1 3954
1 3955
1 3956
1 3957
1 3958
1 3959
1 3960
1 3961
1 3962
1 3963
1 3964
1 3965
1 3966
1 3967
1 3968
1 3969
1 3970
1 3971
1 3972
1 3973
1 3974
1 3975
1 3976
1 3977
1 3978
1 3979
1 3980
1 3981
1 3982
1 3983
1 3984
1 3985
1 3986
1 3987
1 3988
1 3989
1 3990
1 3991
1 3992
1 3993
1 3994
1 3995
1 3996
1 3997
1 3998
1 3999
1 4000
1 4001
1 4002
1 4003
1 4004
1 4005
1 4006
1 4007
1 4008
1 4009
1 4010
1 4011
1 4012
1 4013
1 4014
1 4015
1 4016
1 4017
1 4018
1 4019
1 4020
1 4021
1 4022
1 4023
1 4024
1 4025
1 4026
1 4027
1 4028
1 4029
1 4030
1 4031
1 4032
1 4033
1 4034
1 4035
1 4036
1 4037
1 4038
1 4039
1 4040
1 4041
1 4042
1 4043
1 4044
1 4045
1 4046
1 4047
1 4048
1 4049
1 4050
1 4051
1 4052
1 4053
1 4054
1 4055
1 4056
1 4057
1 4058
1 4059
1 4060
1 4061
1 4062
1 4063
1 4064
1 4065
1 4066
1 4067
1 4068
1 4069
1 4070
1 4071
1 4072
1 4073
1 4074
1 4075
1 4076
1 4077
1 4078
1 4079
1 4080
1 4081
1 4082
1 4083
1 4084
1 4085
1 4086
1 4087
1 4088
1 4089
1 4090
1 4091
1 4092
1 4093
1 4094
1 4095
1 4096
1 4097
1 4098
1 4099
1 4100
1 4101
1 4102
1 4103
1 4104
1 4105
1 4106
1 4107
1 4108
1 4109
1 4110
1 4111
1 4112
1 4113
1 4114
1 4115
1 4116
1 4117
1 4118
1 4119
1 4120
1 4121
1 4122
1 4123
1 4124
1 4125
1 4126
1 4127
1 4128
1 4129
1 4130
1 4131
1 4132
1 4133
1 4134
1 4135
1 4136
1 4137
1 4138
1 4139
1 4140
1 4141
1 4142
1 4143
1 4144
1 4145
1 4146
1 4147
1 4148
1 4149
1 4150
1 4151
1 4152
1 4153
1 4154
1 4155
1 4156
1 4157
1 4158
1 4159
1 4160
1 4161
1 4162
1 4163
1 4164
1 4165
1 4166
1 4167
1 4168
1 4169
1 4170
1 4171
1 4172
1 4173
1 4174
1 4175
1 4176
1 4177
1 4178
1 4179
1 4180
1 4181
1 4182
1 4183
1 4184
1 4185
1 4186
1 4187
1 4188
1 4189
1 4190
1 4191
1 4192
1 4193
1 4194
1 4195
1 4196
1 4197
1 4198
1 4199
1 4200
1 4201
1 4202
1 4203
1 4204
1 4205
1 4206
1 4207
1 4208
1 4209
1 4210
1 4211
1 4212
1 4213
1 4214
1 4215
1 4216
1 4217
1 4218
1 4219
1 4220
1 4221
1 4222
1 4223
1 4224
1 4225
1 4226
1 4227
1 4228
1 4229
1 4230
1 4231
1 4232
1 4233
1 4234
1 4235
1 4236
1 4237
1 4238
1 4239
1 4240
1 4241
1 4242
1 4243
1 4244
1 4245
1 4246
1 4247
1 4248
1 4249
1 4250
1 4251
1 4252
1 4253
1 4254
1 4255
1 4256
1 4257
1 4258
1 4259
1 4260
1 4261
1 4262
1 4263
1 4264
1 4265
1 4266
1 4267
1 4268
1 4269
1 4270
1 4271
1 4272
1 4273
1 4274
1 4275
1 4276
1 4277
1 4278
1 4279
1 4280
1 4281
1 4282
1 4283
1 4284
1 4285
1 4286
1 4287
1 4288
1 4289
1 4290
1 4291
1 4292
1 4293
1 4294
1 4295
1 4296
1 4297
1 4298
1 4299
1 4300
1 4301
1 4302
1 4303
1 4304
1 4305
1 4306
1 4307
1 4308
1 4309
1 4310
1 4311
1 4312
1 4313
1 4314
1 4315
1 4316
1 4317
1 4318
1 4319
1 4320
1 4321
1 4322
1 4323
1 4324
1 4325
1 4326
1 4327
1 4328
1 4329
1 4330
1 4331
1 4332
1 4333
1 4334
1 4335
1 4336
1 4337
1 4338
1 4339
1 4340
1 4341
1 4342
1 4343
1 4344
1 4345
1 4346
1 4347
1 4348
1 4349
1 4350
1 4351
1 4352
1 4353
1 4354
1 4355
1 4356
1 4357
1 4358
1 4359
1 4360
1 4361
1 4362
1 4363
1 4364
1 4365
1 4366
1 4367
1 4368
1 4369
1 4370
1 4371
1 4372
1 4373
1 4374
1 4375
1 4376
1 4377
1 4378
1 4379
1 4380
1 4381
1 4382
1 4383
1 4384
1 4385
1 4386
1 4387
1 4388
1 4389
1 4390
1 4391
1 4392
1 4393
1 4394
1 4395
1 4396
1 4397
1 4398
1 4399
1 4400
1 4401
1 4402
1 4403
1 4404
1 4405
1 4406
1 4407
1 4408
1 4409
1 4410
1 4411
1 4412
1 4413
1 4414
1 4415
1 4416
1 4417
1 4418
1 4419
1 4420
1 4421
1 4422
1 4423
1 4424
1 4425
1 4426
1 4427
1 4428
1 4429
1 4430
1 4431
1 4432
1 4433
1 4434
1 4435
1 4436
1 4437
1 4438
1 4439
1 4440
1 4441
1 4442
1 4443
1 4444
1 4445
1 4446
1 4447
1 4448
1 4449
1 4450
1 4451
1 4452
1 4453
1 4454
1 4455
1 4456
1 4457
1 4458
1 4459
1 4460
1 4461
1 4462
1 4463
1 4464
1 4465
1 4466
1 4467
1 4468
1 4469
1 4470
1 4471
1 4472
1 4473
1 4474
1 4475
1 4476
1 4477
1 4478
1 4479
1 4480
1 4481
1 4482
1 4483
1 4484
1 4485
1 4486
1 4487
1 4488
1 4489
1 4490
1 4491
1 4492
1 4493
1 4494
1 4495
1 4496
1 4497
1 4498
1 4499
1 4500
1 4501
1 4502
1 4503
1 4504
1 4505
1 4506
1 4507
1 4508
1 4509
1 4510
1 4511
1 4512
1 4513
1 4514
1 4515
1 4516
1 4517
1 4518
1 4519
1 4520
1 4521
1 4522
1 4523
1 4524
1 4525
1 4526
1 4527
1 4528
1 4529
1 4530
1 4531
1 4532
1 4533
1 4534
1 4535
1 4536
1 4537
1 4538
1 4539
1 4540
1 4541
1 4542
1 4543
1 4544
1 4545
1 4546
1 4547
1 4548
1 4549
1 4550
1 4551
1 4552
1 4553
1 4554
1 4555
1 4556
1 4557
1 4558
1 4559
1 4560
1 4561
1 4562
1 4563
1 4564
1 4565
1 4566
1 4567
1 4568
1 4569
1 4570
1 4571
1 4572
1 4573
1 4574
1 4575
1 4576
1 4577
1 4578
1 4579
1 4580
1 4581
1 4582
1 4583
1 4584
1 4585
1 4586
1 4587
1 4588
1 4589
1 4590
1 4591
1 4592
1 4593
1 4594
1 4595
1 4596
1 4597
1 4598
1 4599
1 4600
1 4601
1 4602
1 4603
1 4604
1 4605
1 4606
1 4607
1 4608
1 4609
1 4610
1 4611
1 4612
1 4613
1 4614
1 4615
1 4616
1 4617
1 4618
1 4619
1 4620
1 4621
1 4622
1 4623
1 4624
1 4625
1 4626
1 4627
1 4628
1 4629
1 4630
1 4631
1 4632
1 4633
1 4634
1 4635
1 4636
1 4637
1 4638
1 4639
1 4640
1 4641
1 4642
1 4643
1 4644
1 4645
1 4646
1 4647
1 4648
1 4649
1 4650
1 4651
1 4652
1 4653
1 4654
1 4655
1 4656
1 4657
1 4658
1 4659
1 4660
1 4661
1 4662
1 4663
1 4664
1 4665
1 4666
1 4667
1 4668
1 4669
1 4670
1 4671
1 4672
1 4673
1 4674
1 4675
1 4676
1 4677
1 4678
1 4679
1 4680
1 4681
1 4682
1 4683
1 4684
1 4685
1 4686
1 4687
1 4688
1 4689
1 4690
1 4691
1 4692
1 4693
1 4694
1 4695
1 4696
1 4697
1 4698
1 4699
1 4700
1 4701
1 4702
1 4703
1 4704
1 4705
1 4706
1 4707
1 4708
1 4709
1 4710
1 4711
1 4712
1 4713
1 4714
1 4715
1 4716
1 4717
1 4718
1 4719
1 4720
1 4721
1 4722
1 4723
1 4724
1 4725
1 4726
1 4727
1 4728
1 4729
1 4730
1 4731
1 4732
1 4733
1 4734
1 4735
1 4736
1 4737
1 4738
1 4739
1 4740
1 4741
1 4742
1 4743
1 4744
1 4745
1 4746
1 4747
1 4748
1 4749
1 4750
1 4751
1 4752
1 4753
1 4754
1 4755
1 4756
1 4757
1 4758
1 4759
1 4760
1 4761
1 4762
1 4763
1 4764
1 4765
1 4766
1 4767
1 4768
1 4769
1 4770
1 4771
1 4772
1 4773
1 4774
1 4775
1 4776
1 4777
1 4778
1 4779
1 4780
1 4781
1 4782
1 4783
1 4784
1 4785
1 4786
1 4787
1 4788
1 4789
1 4790
1 4791
1 4792
1 4793
1 4794
1 4795
1 4796
1 4797
1 4798
1 4799
1 4800
1 4801
1 4802
1 4803
1 4804
1 4805
1 4806
1 4807
1 4808
1 4809
1 4810
1 4811
1 4812
1 4813
1 4814
1 4815
1 4816
1 4817
1 4818
1 4819
1 4820
1 4821
1 4822
1 4823
1 4824
1 4825
1 4826
1 4827
1 4828
1 4829
1 4830
1 4831
1 4832
1 4833
1 4834
1 4835
1 4836
1 4837
1 4838
1 4839
1 4840
1 4841
1 4842
1 4843
1 4844
1 4845
1 4846
1 4847
1 4848
1 4849
1 4850
1 4851
1 4852
1 4853
1 4854
1 4855
1 4856
1 4857
1 4858
1 4859
1 4860
1 4861
1 4862
1 4863
1 4864
1 4865
1 4866
1 4867
1 4868
1 4869
1 4870
1 4871
1 4872
1 4873
1 4874
1 4875
1 4876
1 4877
1 4878
1 4879
1 4880
1 4881
1 4882
1 4883
1 4884
1 4885
1 4886
1 4887
1 4888
1 4889
1 4890
1 4891
1 4892
1 4893
1 4894
1 4895
1 4896
1 4897
1 4898
1 4899
1 4900
1 4901
1 4902
1 4903
1 4904
1 4905
1 4906
1 4907
1 4908
1 4909
1 4910
1 4911
1 4912
1 4913
1 4914
1 4915
1 4916
1 4917
1 4918
1 4919
1 4920
1 4921
1 4922
1 4923
1 4924
1 4925
1 4926
1 4927
1 4928
1 4929
1 4930
1 4931
1 4932
1 4933
1 4934
1 4935
1 4936
1 4937
1 4938
1 4939
1 4940
1 4941
1 4942
1 4943
1 4944
1 4945
1 4946
1 4947
1 4948
1 4949
1 4950
1 4951
1 4952
1 4953
1 4954
1 4955
1 4956
1 4957
1 4958
1 4959
1 4960
1 4961
1 4962
1 4963
1 4964
1 4965
1 4966
1 4967
1 4968
1 4969
1 4970
1 4971
1 4972
1 4973
1 4974
1 4975
1 4976
1 4977
1 4978
1 4979
1 4980
1 4981
1 4982
1 4983
1 4984
1 4985
1 4986
1 4987
1 4988
1 4989
1 4990
1 4991
1 4992
1 4993
1 4994
1 4995
1 4996
1 4997
1 4998
1 4999
1 5000
1 5001
1 5002
1 5003
1 5004
1 5005
1 5006
1 5007
1 5008
1 5009
1 5010
1 5011
1 5012
1 5013
1 5014
1 5015
1 5016
1 5017
1 5018
1 5019
1 5020
1 5021
1 5022
1 5023
1 5024
1 5025
1 5026
1 5027
1 5028
1 5029
1 5030
1 5031
1 5032
1 5033
1 5034
1 5035
1 5036
1 5037
1 5038
1 5039
1 5040
1 5041
1 5042
1 5043
1 5044
1 5045
1 5046
1 5047
1 5048
1 5049
1 5050
1 5051
1 5052
1 5053
1 5054
1 5055
1 5056
1 5057
1 5058
1 5059
1 5060
1 5061
1 5062
1 5063
1 5064
1 5065
1 5066
1 5067
1 5068
1 5069
1 5070
1 5071
1 5072
1 5073
1 5074
1 5075
1 5076
1 5077
1 5078
1 5079
1 5080
1 5081
1 5082
1 5083
1 5084
1 5085
1 5086
1 5087
1 5088
1 5089
1 5090
1 5091
1 5092
1 5093
1 5094
1 5095
1 5096
1 5097
1 5098
1 5099
1 5100
1 5101
1 5102
1 5103
1 5104
1 5105
1 5106
1 5107
1 5108
1 5109
1 5110
1 5111
1 5112
1 5113
1 5114
1 5115
1 5116
1 5117
1 5118
1 5119
1 5120
1 5121
1 5122
1 5123
1 5124
1 5125
1 5126
1 5127
1 5128
1 5129
1 5130
1 5131
1 5132
1 5133
1 5134
1 5135
1 5136
1 5137
1 5138
1 5139
1 5140
1 5141
1 5142
1 5143
1 5144
1 5145
1 5146
1 5147
1 5148
1 5149
1 5150
1 5151
1 5152
1 5153
1 5154
1 5155
1 5156
1 5157
1 5158
1 5159
1 5160
1 5161
1 5162
1 5163
1 5164
1 5165
1 5166
1 5167
1 5168
1 5169
1 5170
1 5171
1 5172
1 5173
1 5174
1 5175
1 5176
1 5177
1 5178
1 5179
1 5180
1 5181
1 5182
1 5183
1 5184
1 5185
1 5186
1 5187
1 5188
1 5189
1 5190
1 5191
1 5192
1 5193
1 5194
1 5195
1 5196
1 5197
1 5198
1 5199
1 5200
1 5201
1 5202
1 5203
1 5204
1 5205
1 5206
1 5207
1 5208
1 5209
1 5210
1 5211
1 5212
1 5213
1 5214
1 5215
1 5216
1 5217
1 5218
1 5219
1 5220
1 5221
1 5222
1 5223
1 5224
1 5225
1 5226
1 5227
1 5228
1 5229
1 5230
1 5231
1 5232
1 5233
1 5234
1 5235
1 5236
1 5237
1 5238
1 5239
1 5240
1 5241
1 5242
1 5243
1 5244
1 5245
1 5246
1 5247
1 5248
1 5249
1 5250
1 5251
1 5252
1 5253
1 5254
1 5255
1 5256
1 5257
1 5258
1 5259
1 5260
1 5261
1 5262
1 5263
1 5264
1 5265
1 5266
1 5267
1 5268
1 5269
1 5270
1 5271
1 5272
1 5273
1 5274
1 5275
1 5276
1 5277
1 5278
1 5279
1 5280
1 5281
1 5282
1 5283
1 5284
1 5285
1 5286
1 5287
1 5288
1 5289
1 5290
1 5291
1 5292
1 5293
1 5294
1 5295
1 5296
1 5297
1 5298
1 5299
1 5300
1 5301
1 5302
1 5303
1 5304
1 5305
1 5306
1 5307
1 5308
1 5309
1 5310
1 5311
1 5312
1 5313
1 5314
1 5315
1 5316
1 5317
1 5318
1 5319
1 5320
1 5321
1 5322
1 5323
1 5324
1 5325
1 5326
1 5327
1 5328
1 5329
1 5330
1 5331
1 5332
1 5333
1 5334
1 5335
1 5336
1 5337
1 5338
1 5339
1 5340
1 5341
1 5342
1 5343
1 5344
1 5345
1 5346
1 5347
1 5348
1 5349
1 5350
1 5351
1 5352
1 5353
1 5354
1 5355
1 5356
1 5357
1 5358
1 5359
1 5360
1 5361
1 5362
1 5363
1 5364
1 5365
1 5366
1 5367
1 5368
1 5369
1 5370
1 5371
1 5372
1 5373
1 5374
1 5375
1 5376
1 5377
1 5378
1 5379
1 5380
1 5381
1 5382
1 5383
1 5384
1 5385
1 5386
1 5387
1 5388
1 5389
1 5390
1 5391
1 5392
1 5393
1 5394
1 5395
1 5396
1 5397
1 5398
1 5399
1 5400
1 5401
1 5402
1 5403
1 5404
1 5405
1 5406
1 5407
1 5408
1 5409
1 5410
1 5411
1 5412
1 5413
1 5414
1 5415
1 5416
1 5417
1 5418
1 5419
1 5420
1 5421
1 5422
1 5423
1 5424
1 5425
1 5426
1 5427
1 5428
1 5429
1 5430
1 5431
1 5432
1 5433
1 5434
1 5435
1 5436
1 5437
1 5438
1 5439
1 5440
1 5441
1 5442
1 5443
1 5444
1 5445
1 5446
1 5447
1 5448
1 5449
1 5450
1 5451
1 5452
1 5453
1 5454
1 5455
1 5456
1 5457
1 5458
1 5459
1 5460
1 5461
1 5462
1 5463
1 5464
1 5465
1 5466
1 5467
1 5468
1 5469
1 5470
1 5471
1 5472
1 5473
1 5474
1 5475
1 5476
1 5477
1 5478
1 5479
1 5480
1 5481
1 5482
1 5483
1 5484
1 5485
1 5486
1 5487
1 5488
1 5489
1 5490
1 5491
1 5492
1 5493
1 5494
1 5495
1 5496
1 5497
1 5498
1 5499
1 5500
1 5501
1 5502
1 5503
1 5504
1 5505
1 5506
1 5507
1 5508
1 5509
1 5510
1 5511
1 5512
1 5513
1 5514
1 5515
1 5516
1 5517
1 5518
1 5519
1 5520
1 5521
1 5522
1 5523
1 5524
1 5525
1 5526
1 5527
1 5528
1 5529
1 5530
1 5531
1 5532
1 5533
1 5534
1 5535
1 5536
1 5537
1 5538
1 5539
1 5540
1 5541
1 5542
1 5543
1 5544
1 5545
1 5546
1 5547
1 5548
1 5549
1 5550
1 5551
1 5552
1 5553
1 5554
1 5555
1 5556
1 5557
1 5558
1 5559
1 5560
1 5561
1 5562
1 5563
1 5564
1 5565
1 5566
1 5567
1 5568
1 5569
1 5570
1 5571
1 5572
1 5573
1 5574
1 5575
1 5576
1 5577
1 5578
1 5579
1 5580
1 5581
1 5582
1 5583
1 5584
1 5585
1 5586
1 5587
1 5588
1 5589
1 5590
1 5591
1 5592
1 5593
1 5594
1 5595
1 5596
1 5597
1 5598
1 5599
1 5600
1 5601
1 5602
1 5603
1 5604
1 5605
1 5606
1 5607
1 5608
1 5609
1 5610
1 5611
1 5612
1 5613
1 5614
1 5615
1 5616
1 5617
1 5618
1 5619
1 5620
1 5621
1 5622
1 5623
1 5624
1 5625
1 5626
1 5627
1 5628
1 5629
1 5630
1 5631
1 5632
1 5633
1 5634
1 5635
1 5636
1 5637
1 5638
1 5639
1 5640
1 5641
1 5642
1 5643
1 5644
1 5645
1 5646
1 5647
1 5648
1 5649
1 5650
1 5651
1 5652
1 5653
1 5654
1 5655
1 5656
1 5657
1 5658
1 5659
1 5660
1 5661
1 5662
1 5663
1 5664
1 5665
1 5666
1 5667
1 5668
1 5669
1 5670
1 5671
1 5672
1 5673
1 5674
1 5675
1 5676
1 5677
1 5678
1 5679
1 5680
1 5681
1 5682
1 5683
1 5684
1 5685
1 5686
1 5687
1 5688
1 5689
1 5690
1 5691
1 5692
1 5693
1 5694
1 5695
1 5696
1 5697
1 5698
1 5699
1 5700
1 5701
1 5702
1 5703
1 5704
1 5705
1 5706
1 5707
1 5708
1 5709
1 5710
1 5711
1 5712
1 5713
1 5714
1 5715
1 5716
1 5717
1 5718
1 5719
1 5720
1 5721
1 5722
1 5723
1 5724
1 5725
1 5726
1 5727
1 5728
1 5729
1 5730
1 5731
1 5732
1 5733
1 5734
1 5735
1 5736
1 5737
1 5738
1 5739
1 5740
1 5741
1 5742
1 5743
1 5744
1 5745
1 5746
1 5747
1 5748
1 5749
1 5750
1 5751
1 5752
1 5753
1 5754
1 5755
1 5756
1 5757
1 5758
1 5759
1 5760
1 5761
1 5762
1 5763
1 5764
1 5765
1 5766
1 5767
1 5768
1 5769
1 5770
1 5771
1 5772
1 5773
1 5774
1 5775
1 5776
1 5777
1 5778
1 5779
1 5780
1 5781
1 5782
1 5783
1 5784
1 5785
1 5786
1 5787
1 5788
1 5789
1 5790
1 5791
1 5792
1 5793
1 5794
1 5795
1 5796
1 5797
1 5798
1 5799
1 5800
1 5801
1 5802
1 5803
1 5804
1 5805
1 5806
1 5807
1 5808
1 5809
1 5810
1 5811
1 5812
1 5813
1 5814
1 5815
1 5816
1 5817
1 5818
1 5819
1 5820
1 5821
1 5822
1 5823
1 5824
1 5825
1 5826
1 5827
1 5828
1 5829
1 5830
1 5831
1 5832
1 5833
1 5834
1 5835
1 5836
1 5837
1 5838
1 5839
1 5840
1 5841
1 5842
1 5843
1 5844
1 5845
1 5846
1 5847
1 5848
1 5849
1 5850
1 5851
1 5852
1 5853
1 5854
1 5855
1 5856
1 5857
1 5858
1 5859
1 5860
1 5861
1 5862
1 5863
1 5864
1 5865
1 5866
1 5867
1 5868
1 5869
1 5870
1 5871
1 5872
1 5873
1 5874
1 5875
1 5876
1 5877
1 5878
1 5879
1 5880
1 5881
1 5882
1 5883
1 5884
1 5885
1 5886
1 5887
1 5888
1 5889
1 5890
1 5891
1 5892
1 5893
1 5894
1 5895
1 5896
1 5897
1 5898
1 5899
1 5900
1 5901
1 5902
1 5903
1 5904
1 5905
1 5906
1 5907
1 5908
1 5909
1 5910
1 5911
1 5912
1 5913
1 5914
1 5915
1 5916
1 5917
1 5918
1 5919
1 5920
1 5921
1 5922
1 5923
1 5924
1 5925
1 5926
1 5927
1 5928
1 5929
1 5930
1 5931
1 5932
1 5933
1 5934
1 5935
1 5936
1 5937
1 5938
1 5939
1 5940
1 5941
1 5942
1 5943
1 5944
1 5945
1 5946
1 5947
1 5948
1 5949
1 5950
1 5951
1 5952
1 5953
1 5954
1 5955
1 5956
1 5957
1 5958
1 5959
1 5960
1 5961
1 5962
1 5963
1 5964
1 5965
1 5966
1 5967
1 5968
1 5969
1 5970
1 5971
1 5972
1 5973
1 5974
1 5975
1 5976
1 5977
1 5978
1 5979
1 5980
1 5981
1 5982
1 5983
1 5984
1 5985
1 5986
1 5987
1 5988
1 5989
1 5990
1 5991
1 5992
1 5993
1 5994
1 5995
1 5996
1 5997
1 5998
1 5999
1 6000
1 6001
1 6002
1 6003
1 6004
1 6005
1 6006
1 6007
1 6008
1 6009
1 6010
1 6011
1 6012
1 6013
1 6014
1 6015
1 6016
1 6017
1 6018
1 6019
1 6020
1 6021
1 6022
1 6023
1 6024
1 6025
1 6026
1 6027
1 6028
1 6029
1 6030
1 6031
1 6032
1 6033
1 6034
1 6035
1 6036
1 6037
1 6038
1 6039
1 6040
1 6041
1 6042
1 6043
1 6044
1 6045
1 6046
1 6047
1 6048
1 6049
1 6050
1 6051
1 6052
1 6053
1 6054
1 6055
1 6056
1 6057
1 6058
1 6059
1 6060
1 6061
1 6062
1 6063
1 6064
1 6065
1 6066
1 6067
1 6068
1 6069
1 6070
1 6071
1 6072
1 6073
1 6074
1 6075
1 6076
1 6077
1 6078
1 6079
1 6080
1 6081
1 6082
1 6083
1 6084
1 6085
1 6086
1 6087
1 6088
1 6089
1 6090
1 6091
1 6092
1 6093
1 6094
1 6095
1 6096
1 6097
1 6098
1 6099
1 6100
1 6101
1 6102
1 6103
1 6104
1 6105
1 6106
1 6107
1 6108
1 6109
1 6110
1 6111
1 6112
1 6113
1 6114
1 6115
1 6116
1 6117
1 6118
1 6119
1 6120
1 6121
1 6122
1 6123
1 6124
1 6125
1 6126
1 6127
1 6128
1 6129
1 6130
1 6131
1 6132
1 6133
1 6134
1 6135
1 6136
1 6137
1 6138
1 6139
1 6140
1 6141
1 6142
1 6143
1 6144
1 6145
1 6146
1 6147
1 6148
1 6149
1 6150
1 6151
1 6152
1 6153
1 6154
1 6155
1 6156
1 6157
1 6158
1 6159
1 6160
1 6161
1 6162
1 6163
1 6164
1 6165
1 6166
1 6167
1 6168
1 6169
1 6170
1 6171
1 6172
1 6173
1 6174
1 6175
1 6176
1 6177
1 6178
1 6179
1 6180
1 6181
1 6182
1 6183
1 6184
1 6185
1 6186
1 6187
1 6188
1 6189
1 6190
1 6191
1 6192
1 6193
1 6194
1 6195
1 6196
1 6197
1 6198
1 6199
1 6200
1 6201
1 6202
1 6203
1 6204
1 6205
1 6206
1 6207
1 6208
1 6209
1 6210
1 6211
1 6212
1 6213
1 6214
1 6215
1 6216
1 6217
1 6218
1 6219
1 6220
1 6221
1 6222
1 6223
1 6224
1 6225
1 6226
1 6227
1 6228
1 6229
1 6230

CELL_TYPES 6231
1
1
1
1
1
1
1
1
1
1
1
1
1
1
1
1
1
1
1
1
1
1
1
1
1
1
1
1
1
1
1
1
1
1
1
1
1
1
1
1
1
1
1
1
1
1
1
1
1
1
1
1
1
1
1
1
1
1
1
1
1
1
1
1
1
1
1
1
1
1
1
1
1
1
1
1
1
1
1
1
1
1
1
1
1
1
1
1
1
1
1
1
1
1
1
1
1
1
1
1
1
1
1
1
1
1
1
1
1
1
1
1
1
1
1
1
1
1
1
1
1
1
1
1
1
1
1
1
1
1
1
1
1
1
1
1
1
1
1
1
1
1
1
1
1
1
1
1
1
1
1
1
1
1
1
1
1
1
1
1
1
1
1
1
1
1
1
1
1
1
1
1
1
1
1
1
1
1
1
1
1
1
1
1
1
1
1
1
1
1
1
1
1
1
1
1
1
1
1
1
1
1
1
1
1
1
1
1
1
1
1
1
1
1
1
1
1
1
1
1
1
1
1
1
1
1
1
1
1
1
1
1
1
1
1
1
1
1
1
1
1
1
1
1
1
1
1
1
1
1
1
1
1
1
1
1
1
1
1
1
1
1
1
1
1
1
1
1
1
1
1
1
1
1
1
1
1
1
1
1
1
1
1
1
1
1
1
1
1
1
1
1
1
1
1
1
1
1
1
1
1
1
1
1
1
1
1
1
1
1
1
1
1
1
1
1
1
1
1
1
1
1
1
1
1
1
1
1
1
1
1
1
1
1
1
1
1
1
1
1
1
1
1
1
1
1
1
1
1
1
1
1
1
1
1
1
1
1
1
1
1
1
1
1
1
1
1
1
1
1
1
1
1
1
1
1
1
1
1
1
1
1
1
1
1
1
1
1
1
1
1
1
1
1
1
1
1
1
1
1
1
1
1
1
1
1
1
1
1
1
1
1
1
1
1
1
1
1
1
1
1
1
1
1
1
1
1
1
1
1
1
1
1
1
1
1
1
1
1
1
1
1
1
1
1
1
1
1
1
1
1
1
1
1
1
1
1
1
1
1
1
1
1
1
1
1
1
1
1
1
1
1
1
1
1
1
1
1
1
1
1
1
1
1
1
1
1
1
1
1
1
1
1
1
1
1
1
1
1
1
1
1
1
1
1
1
1
1
1
1
1
1
1
1
1
1
1
1
1
1
1
1
1
1
1
1
1
1
1
1
1
1
1
1
1
1
1
1
1
1
1
1
1
1
1
1
1
1
1
1
1
1
1
1
1
1
1
1
1
1
1
1
1
1
1
1
1
1
1
1
1
1
1
1
1
1
1
1
1
1
1
1
1
1
1
1
1
1
1
1
1
1
1
1
1
1
1
1
1
1
1
1
1
1
1
1
1
1
1
1
1
1
1
1
1
1
1
1
1
1
1
1
1
1
1
1
1
1
1
1
1
1
1
1
1
1
1
1
1
1
1
1
1
1
1
1
1
1
1
1
1
1
1
1
1
1
1
1
1
1
1
1
1
1
1
1
1
1
1
1
1
1
1
1
1
1
1
1
1
1
1
1
1
1
1
1
1
1
1
1
1
1
1
1
1
1
1
1
1
1
1
1
1
1
1
1
1
1
1
1
1
1
1
1
1
1
1
1
1
1
1
1
1
1
1
1
1
1
1
1
1
1
1
1
1
1
1
1
1
1
1
1
1
1
1
1
1
1
1
1
1
1
1
1
1
1
1
1
1
1
1
1
1
1
1
1
1
1
1
1
1
1
1
1
1
1
1
1
1
1
1
1
1
1
1
1
1
1
1
1
1
1
1
1
1
1
1
1
1
1
1
1
1
1
1
1
1
1
1
1
1
1
1
1
1
1
1
1
1
1
1
1
1
1
1
1
1
1
1
1
1
1
1
1
1
1
1
1
1
1
1
1
1
1
1
1
1
1
1
1
1
1
1
1
1
1
1
1
1
1
1
1
1
1
1
1
1
1
1
1
1
1
1
1
1
1
1
1
1
1
1
1
1
1
1
1
1
1
1
1
1
1
1
1
1
1
1
1
1
1
1
1
1
1
1
1
1
1
1
1
1
1
1
1
1
1
1
1
1
1
1
1
1
1
1
1
1
1
1
1
1
1
1
1
1
1
1
1
1
1
1
1
1
1
1
1
1
1
1
1
1
1
1
1
1
1
1
1
1
1
1
1
1
1
1
1
1
1
1
1
1
1
1
1
1
1
1
1
1
1
1
1
1
1
1
1
1
1
1
1
1
1
1
1
1
1
1
1
1
1
1
1
1
1
1
1
1
1
1
1
1
1
1
1
1
1
1
1
1
1
1
1
1
1
1
1
1
1
1
1
1
1
1
1
1
1
1
1
1
1
1
1
1
1
1
1
1
1
1
1
1
1
1
1
1
1
1
1
1
1
1
1
1
1
1
1
1
1
1
1
1
1
1
1
1
1
1
1
1
1
1
1
1
1
1
1
1
1
1
1
1
1
1
1
1
1
1
1
1
1
1
1
1
1
1
1
1
1
1
1
1
1
1
1
1
1
1
1
1
1
1
1
1
1
1
1
1
1
1
1
1
1
1
1
1
1
1
1
1
1
1
1
1
1
1
1
1
1
1
1
1
1
1
1
1
1
1
1
1
1
1
1
1
1
1
1
1
1
1
1
1
1
1
1
1
1
1
1
1
1
1
1
1
1
1
1
1
1
1
1
1
1
1
1
1
1
1
1
1
1
1
1
1
1
1
1
1
1
1
1
1
1
1
1
1
1
1
1
1
1
1
1
1
1
1
1
1
1
1
1
1
1
1
1
1
1
1
1
1
1
1
1
1
1
1
1
1
1
1
1
1
1
1
1
1
1
1
1
1
1
1
1
1
1
1
1
1
1
1
1
1
1
1
1
1
1
1
1
1
1
1
1
1
1
1
1
1
1
1
1
1
1
1
1
1
1
1
1
1
1
1
1
1
1
1
1
1
1
1
1
1
1
1
1
1
1
1
1
1
1
1
1
1
1
1
1
1
1
1
1
1
1
1
1
1
1
1
1
1
1
1
1
1
1
1
1
1
1
1
1
1
1
1
1
1
1
1
1
1
1
1
1
1
1
1
1
1
1
1
1
1
1
1
1
1
1
1
1
1
1
1
1
1
1
1
1
1
1
1
1
1
1
1
1
1
1
1
1
1
1
1
1
1
1
1
1
1
1
1
1
1
1
1
1
1
1
1
1
1
1
1
1
1
1
1
1
1
1
1
1
1
1
1
1
1
1
1
1
1
1
1
1
1
1
1
1
1
1
1
1
1
1
1
1
1
1
1
1
1
1
1
1
1
1
1
1
1
1
1
1
1
1
1
1
1
1
1
1
1
1
1
1
1
1
1
1
1
1
1
1
1
1
1
1
1
1
1
1
1
1
1
1
1
1
1
1
1
1
1
1
1
1
1
1
1
1
1
1
1
1
1
1
1
1
1
1
1
1
1
1
1
1
1
1
1
1
1
1
1
1
1
1
1
1
1
1
1
1
1
1
1
1
1
1
1
1
1
1
1
1
1
1
1
1
1
1
1
1
1
1
1
1
1
1
1
1
1
1
1
1
1
1
1
1
1
1
1
1
1
1
1
1
1
1
1
1
1
1
1
1
1
1
1
1
1
1
1
1
1
1
1
1
1
1
1
1
1
1
1
1
1
1
1
1
1
1
1
1
1
1
1
1
1
1
1
1
1
1
1
1
1
1
1
1
1
1
1
1
1
1
1
1
1
1
1
1
1
1
1
1
1
1
1
1
1
1
1
1
1
1
1
1
1
1
1
1
1
1
1
1
1
1
1
1
1
1
1
1
1
1
1
1
1
1
1
1
1
1
1
1
1
1
1
1
1
1
1
1
1
1
1
1
1
1
1
1
1
1
1
1
1
1
1
1
1
1
1
1
1
1
1
1
1
1
1
1
1
1
1
1
1
1
1
1
1
1
1
1
1
1
1
1
1
1
1
1
1
1
1
1
1
1
1
1
1
1
1
1
1
1
1
1
1
1
1
1
1
1
1
1
1
1
1
1
1
1
1
1
1
1
1
1
1
1
1
1
1
1
1
1
1
1
1
1
1
1
1
1
1
1
1
1
1
1
1
1
1
1
1
1
1
1
1
1
1
1
1
1
1
1
1
1
1
1
1
1
1
1
1
1
1
1
1
1
1
1
1
1
1
1
1
1
1
1
1
1
1
1
1
1
1
1
1
1
1
1
1
1
1
1
1
1
1
1
1
1
1
1
1
1
1
1
1
1
1
1
1
1
1
1
1
1
1
1
1
1
1
1
1
1
1
1
1
1
1
1
1
1
1
1
1
1
1
1
1
1
1
1
1
1
1
1
1
1
1
1
1
1
1
1
1
1
1
1
1
1
1
1
1
1
1
1
1
1
1
1
1
1
1
1
1
1
1
1
1
1
1
1
1
1
1
1
1
1
1
1
1
1
1
1
1
1
1
1
1
1
1
1
1
1
1
1
1
1
1
1
1
1
1
1
1
1
1
1
1
1
1
1
1
1
1
1
1
1
1
1
1
1
1
1
1
1
1
1
1
1
1
1
1
1
1
1
1
1
1
1
1
1
1
1
1
1
1
1
1
1
1
1
1
1
1
1
1
1
1
1
1
1
1
1
1
1
1
1
1
1
1
1
1
1
1
1
1
1
1
1
1
1
1
1
1
1
1
1
1
1
1
1
1
1
1
1
1
1
1
1
1
1
1
1
1
1
1
1
1
1
1
1
1
1
1
1
1
1
1
1
1
1
1
1
1
1
1
1
1
1
1
1
1
1
1
1
1
1
1
1
1
1
1
1
1
1
1
1
1
1
1
1
1
1
1
1
1
1
1
1
1
1
1
1
1
1
1
1
1
1
1
1
1
1
1
1
1
1
1
1
1
1
1
1
1
1
1
1
1
1
1
1
1
1
1
1
1
1
1
1
1
1
1
1
1
1
1
1
1
1
1
1
1
1
1
1
1
1
1
1
1
1
1
1
1
1
1
1
1
1
1
1
1
1
1
1
1
1
1
1
1
1
1
1
1
1
1
1
1
1
1
1
1
1
1
1
1
1
1
1
1
1
1
1
1
1
1
1
1
1
1
1
1
1
1
1
1
1
1
1
1
1
1
1
1
1
1
1
1
1
1
1
1
1
1
1
1
1
1
1
1
1
1
1
1
1
1
1
1
1
1
1
1
1
1
1
1
1
1
1
1
1
1
1
1
1
1
1
1
1
1
1
1
1
1
1
1
1
1
1
1
1
1
1
1
1
1
1
1
1
1
1
1
1
1
1
1
1
1
1
1
1
1
1
1
1
1
1
1
1
1
1
1
1
1
1
1
1
1
1
1
1
1
1
1
1
1
1
1
1
1
1
1
1
1
1
1
1
1
1
1
1
1
1
1
1
1
1
1
1
1
1
1
1
1
1
1
1
1
1
1
1
1
1
1
1
1
1
1
1
1
1
1
1
1
1
1
1
1
1
1
1
1
1
1
1
1
1
1
1
1
1
1
1
1
1
1
1
1
1
1
1
1
1
1
1
1
1
1
1
1
1
1
1
1
1
1
1
1
1
1
1
1
1
1
1
1
1
1
1
1
1
1
1
1
1
1
1
1
1
1
1
1
1
1
1
1
1
1
1
1
1
1
1
1
1
1
1
1
1
1
1
1
1
1
1
1
1
1
1
1
1
1
1
1
1
1
1
1
1
1
1
1
1
1
1
1
1
1
1
1
1
1
1
1
1
1
1
1
1
1
1
1
1
1
1
1
1
1
1
1
1
1
1
1
1
1
1
1
1
1
1
1
1
1
1
1
1
1
1
1
1
1
1
1
1
1
1
1
1
1
1
1
1
1
1
1
1
1
1
1
1
1
1
1
1
1
1
1
1
1
1
1
1
1
1
1
1
1
1
1
1
1
1
1
1
1
1
1
1
1
1
1
1
1
1
1
1
1
1
1
1
1
1
1
1
1
1
1
1
1
1
1
1
1
1
1
1
1
1
1
1
1
1
1
1
1
1
1
1
1
1
1
1
1
1
1
1
1
1
1
1
1
1
1
1
1
1
1
1
1
1
1
1
1
1
1
1
1
1
1
1
1
1
1
1
1
1
1
1
1
1
1
1
1
1
1
1
1
1
1
1
1
1
1
1
1
1
1
1
1
1
1
1
1
1
1
1
1
1
1
1
1
1
1
1
1
1
1
1
1
1
1
1
1
1
1
1
1
1
1
1
1
1
1
1
1
1
1
1
1
1
1
1
1
1
1
1
1
1
1
1
1
1
1
1
1
1
1
1
1
1
1
1
1
1
1
1
1
1
1
1
1
1
1
1
1
1
1
1
1
1
1
1
1
1
1
1
1
1
1
1
1
1
1
1
1
1
1
1
1
1
1
1
1
1
1
1
1
1
1
1
1
1
1
1
1
1
1
1
1
1
1
1
1
1
1
1
1
1
1
1
1
1
1
1
1
1
1
1
1
1
1
1
1
1
1
1
1
1
1
1
1
1
1
1
1
1
1
1
1
1
1
1
1
1
1
1
1
1
1
1
1
1
1
1
1
1
1
1
1
1
1
1
1
1
1
1
1
1
1
1
1
1
1
1
1
1
1
1
1
1
1
1
1
1
1
1
1
1
1
1
1
1
1
1
1
1
1
1
1
1
1
1
1
1
1
1
1
1
1
1
1
1
1
1
1
1
1
1
1
1
1
1
1
1
1
1
1
1
1
1
1
1
1
1
1
1
1
1
1
1
1
1
1
1
1
1
1
1
1
1
1
1
1
1
1
1
1
1
1
1
1
1
1
1
1
1
1
1
1
1
1
1
1
1
1
1
1
1
1
1
1
1
1
1
1
1
1
1
1
1
1
1
1
1
1
1
1
1
1
1
1
1
1
1
1
1
1
1
1
1
1
1
1
1
1
1
1
1
1
1
1
1
1
1
1
1
1
1
1
1
1
1
1
1
1
1
1
1
1
1
1
1
1
1
1
1
1
1
1
1
1
1
1
1
1
1
1
1
1
1
1
1
1
1
1
1
1
1
1
1
1
1
1
1
1
1
1
1
1
1
1
1
1
1
1
1
1
1
1
1
1
1
1
1
1
1
1
1
1
1
1
1
1
1
1
1
1
1
1
1
1
1
1
1
1
1
1
1
1
1
1
1
1
1
1
1
1
1
1
1
1
1
1
1
1
1
1
1
1
1
1
1
1
1
1
1
1
1
1
1
1
1
1
1
1
1
1
1
1
1
1
1
1
1
1
1
1
1
1
1
1
1
1
1
1
1
1
1
1
1
1
1
1
1
1
1
1
1
1
1
1
1
1
1
1
1
1
1
1
1
1
1
1
1
1
1
1
1
1
1
1
1
1
1
1
1
1
1
1
1
1
1
1
1
1
1
1
1
1
1
1
1
1
1
1
1
1
1
1
1
1
1
1
1
1
1
1
1
1
1
1
1
1
1
1
1
1
1
1
1
1
1
1
1
1
1
1
1
1
1
1
1
1
1
1
1
1
1
1
1
1
1
1
1
1
1
1
1
1
1
1
1
1
1
1
1
1
1
1
1
1
1
1
1
1
1
1
1
1
1
1
1
1
1
1
1
1
1
1
1
1
1
1
1
1
1
1
1
1
1
1
1
1
1
1
1
1
1
1
1
1
1
1
1
1
1
1
1
1
1
1
1
1
1
1
1
1
1
1
1
1
1
1
1
1
1
1
1
1
1
1
1
1
1
1
1
1
1
1
1
1
1
1
1
1
1
1
1
1
1
1
1
1
1
1
1
1
1
1
1
1
1
1
1
1
1
1
1
1
1
1
1
1
1
1
1
1
1
1
1
1
1
1
1
1
1
1
1
1
1
1
1
1
1
1
1
1
1
1
1
1
1
1
1
1
1
1
1
1
1
1
1
1
1
1
1
1
1
1
1
1
1
1
1
1
1
1
1
1
1
1
1
1
1
1
1
1
1
1
1
1
1
1
1
1
1
1
1
1
1
1
1
1
1
1
1
1
1
1
1
1
1
1
1
1
1
1
1
1
1
1
1
1
1
1
1
1
1
1
1
1
1
1
1
1
1
1
1
1
1
1
1
1
1
1
1
1
1
1
1
1
1
1
1
1
1
1
1
1
1
1
1
1
1
1
1
1
1
1
1
1
1
1
1
1
1
1
1
1
1
1
1
1
1
1
1
1
1
1
1
1
1
1
1
1
1
1
1
1
1
1
1
1
1
1
1
1
1
1
1
1
1
1
1
1
1
1
1
1
1
1
1
1
1
1
1
1
1
1
1
1
1
1
1
1
1
1
1
1
1
1
1
1
1
1
1
1
1
1
1
1
1
1
1
1
1
1
1
1
1
1
1
1
1
1
1
1
1
1
1
1
1
1
1
1
1
1
1
1
1
1
1
1
1
1
1
1
1
1
1
1
1
1
1
1
1
1
1
1
1
1
1
1
1
1
1
1
1
1
1
1
1
1
1
1
1
1
1
1
1
1
1
1
1
1
1
1
1
1
1
1
1
1
1
1
1
1
1
1
1
1
1
1
1
1
1
1
1
1
1
1
1
1
1
1
1
1
1
1
1
1
1
1
1
1
1
1
1
1
1
1
1
1
1
1
1
1
1
1
1
1
1
1
1
1
1
1
1
1
1
1
1
1
1
1
1
1
1
1
1
1
1
1
1
1
1
1
1
1
1
1
1
1
1
1
1
1
1
1
1
1
1
1
1
1
1
1
1
1
1
1
1
1
1
1
1
1
1
1
1
1
1
1
1
1
1
1
1
1
1
1
1
1
1
1
1
1
1
1
1
1
1
1
1
1
1
1
1
1
1
1
1
1
1
1
1
1
1
1
1
1
1
1
1
1
1
1
1
1
1
1
1
1
1
1
1
1
1
1
1
1
1
1
1
1
1
1
1
1
1
1
1
1
1
1
1
1
1
1
1
1
1
1
1
1
1
1
1
1
1
1
1
1
1
1
1
1
1
1
1
1
1
1
1
1
1
1
1
1
1
1
1
1
1
1
1
1
1
1
1
1
1
1
1
1
1
1
1
1
1
1
1
1
1
1
1
1
1
1
1
1
1
1
1
1
1
1
1
1
1
1
1
1
1
1
1
1
1
1
1
1
1
1
1
1
1
1
1
1
1
1
1
1
1
1
1
1
1
1
1
1
1
1
1
1
1
1
1
1
1
1
1
1
1
1
1
1
1
1
1
1
1
1
1
1
1
1
1
1
1
1
1
1
1
1
1
1
1
1
1
1
1
1
1
1
1
1
1
1
1
1
1
1
1
1
1
1
1
1
1
1
1
1
1
1
1
1
1
1
1
1
1
1
1
1
1
1
1
1
1
1
1
1
1
1
1
1
1
1
1
1
1
1
1
1
1
1
1
1
1
1
1
1
1
1
1
1
1
1
1
1
1
1
1
1
1
1
1
1
1
1
1
1
1
1
1
1
1
1
1
1
1
1
1
1
1
1
1
1
1
1
1
1
1
1
1
1
1
1
1
1
1
1
1
1
1
1
1
1
1
1
1
1
1
1
1
1
1
1
1
1
1
1
1
1
1
1
1
1
1
1
1
1
1
1
1
1
1
1
1
1
1
1
1
1
1
1
1
1
1
1
1
1
1
1
1
1
1
1
1
1
1
1
1
1
1
1
1
1
1
1
1
1
1
1
1
1
1
1
1
1
1
1
1
1
1
1
1
1
1
1
1
1
1
1
1
1
1
1
1
1
1
1
1
1
1
1
1
1
1
1
1
1
1
1
1
1
1
1
1
1
1
1
1
1
1
1
1
1
1
1
1
1
1
1
1
1
1
1
1
1
1
1
1
1
1
1
1
1
1
1
1
1
1
1
1
1
1
1
1
1
1
1
1
1
1
1
1
1
1
1
1
1
1
1
1
1
1
1
1
1
1
1
1
1
1
1
1
1
1
1
1
1
1
1
1
1
1
1
1
1
1
1
1
1
1
1
1
1
1
1
1
1
1
1
1
1
1
1
1
1
1
1
1
1
1
1
1
1
1
1
1
1
1
1
1
1
1
1
1
1
1
1
1
1
1
1
1
1
1
1
1
1
1
1
1
1
1
1
1
1
1
1
1
1
1
1
1
1
1
1
1
1
1
1
1
1
1
1
1
1
1
1
1
1
1
1
1
1
1
1
1
1
1
1
1
1
1
1
1
1
1
1
1
1
1
1
1
1
1
1
1
1
1
1
1
1
1
1
1
1
1
1
1
1
1
1
1
1
1
1
1
1
1
1
1
1
1
1
1
1
1
1
1
1
1
1
1
1
1
1
1
1
1
1
1
1
1
1
1
1
1
1
1
1
1
1
1
1
1
1
1
1
1
1
1
1
1
1
1
1
1
1
1
1
1
1
1
1
1
1
1
1
1
1
1
1
1
1
1
1
1
1
1
1
1
1
1
1
1
1
1
1
1
1
1
1
1
1
1
1
1
1
1
1
1
1
1
1
1
1
1
1
1
1
1
1
1
1
1
1
1
1
1
1
1
1
1
1
1
1
1
1
1
1
1
1
1
1
1
1
1
1
1
1
1
1
1
1
1
1
1
1
1
1
1
1
1
1
1
1
1
1
1
1
1
1
1
1
1
1
1
1
1
1
1
1
1
1
1
1
1
1
1
1
1
1
1
1
1
1
1
1
1
1
1
1
1
1
1
1
1
1
1
1
1
1
1
1
1
1
1
1
1
1
1
1
1
1
1
1
1
1
1
1
1
1
1
1
1
1
1
1
1
1
1
1
1
1
1
1
1
1
1
1
1
1
1
1
1
1
1
1
1
1
1
1
1
1
1
1
1
1
1
1
1
1
1
1
1
1
1
1
1
1
1
1
1
1
1
1
1
1
1
1
1
1
1
1
1
1
1
1
1
1
1
1
1
1
1
1
1
1
1
1
1
1
1
1
1
1
1
1
1
1
1
1
1
1
1
1
1
1
1
1
1
1
1
1
1
1
1
1
1
1
1
1
1
1
1
1
1
1
1
1
1
1
1
1
1
1
1
1
1
1
1
1
1
1
1
1
1
1
1
1
1
1
1
1
1
1
1
1
1
1
1
1
1
1
1
1
1
1
1
1
1
1
1
1
1
1
1
1
1
1
1
1
1
1
1
1
1
1
1
1
1
1
1
1
1
1
1
1
1
1
1
1
1
1
1
1
1
1
1
1
1
1
1
1
1
1
1
1
1
1
1
1
1
1
1
1
1
1
1
1
1
1
1
1
1
1
1
1
1
1
1
1
1
1
1
1
1
1
1
1
1
1
1
1
1
1
1
1
1
1
1
1
1
1
1
1
1
1
1
1
1
1
1
1
1
1
1
1
1
1
1
1
1
1
1
1
1
1
1
1
1
1
1
1
1
1
1
1
1
1
1
1
1
1
1
1
1
1
1
1
1
1
1
1
1
1
1
1
1
1
1
1
1
1
1
1
1
1
1
1
1
1
1
1
1
1
1
1
1
1
1
1
1
1
1
1
1
1
1
1
1
1
1
1
1
1
1
1
1
1
1
1
1
1
1
1
1
1
1
1
1
1
1
1
1
1
1
1
1
1
1
1
1
1
1
1
1
1
1
1
1
1
1
1
1
1
1
1
1
1
1
1
1
1
1
1
1
1
1
1
1
1
1
1
1
1
1
1
1
1
1
1
1
1
1
1
1
1
1
1
1
1
1
1
1
1
1
1
1
1
1
1
1
1
1
1
1
1
1
1
1
1
1
1
1
1
1
1
1
1
1
1
1
1
1
1
1
1
1
1
1
1
1
1
1
1
1
1
1
1
1
1
1
1
1
1
1
1
1
1
1
1
1
1
1
1
1
1
1
1
1
1
1
1
1
1
1
1
1
1
1
1
1
1
1
1
1
1
1
1
1
1
1
1
1
1
1
1
1
1
1
1
1
1
1
1
1
1
1
1
1
1
1
1
1
1
1
1
1
1
1
1
1
1
1
1
1
1
1
1
1
1
1
1
1
1
1
1
1
1
1
1
1
1
1
1
1
1
1
1
1
1
1
1
1
1
1
1
1
1
1
1
1
1
1
1
1
1
1
1
1
1
1
1
1
1
1
1
1
1
1
1
1
1
1
1
1
1
1
1
1
1
1
1
1
1
1
1
1
1
1
1
1
1
1
1
1
1
1
1
1
1
1
1
1
1
1
1
1
1
1
1
1
1
1
1
1
1
1
1
1
1
1
1
1
1
1
1
1
1
1
1
1
1
1
1
1
1
1
1
1
1
1
1
1
1
1
1
1
1
1
1
1
1
1
1
1
1
1
1
1
1
1
1
1
1
1
1
1
1
1
1
1
1
1
1
1
1
1
1
1
1
1
1
1
1
1
1
1
1
1
1
1
1
1
1
1
1
1
1
1
1
1
1
1
1
1
1
1
1
1
1
1
1
1
1
1
1
1
1
1
1
1
1
1
1
1
1
1
1
1
1
1
1
1
1
1
1
1
1
1
1
1
1
1
1
1
1
1
1
1
1
1
1
1
1
1
1
1
1
1
1
1
1
1
1
1
1
1
1
1
1
1
1
1
1
1
1
1
1
1
1
1
1
1
1
1
1
1
1
1
1
1
1
1
1
1
1
1
1
1
1
1
1
1
1
1
1
1
1
1
1
1
1
1
1
1
1
1
1
1
1
1
1
1
1
1
1
1
1
1
1
1
1
1
1
1
1
1
1
1
1
1
1
1
1
1
1
1
1
1
1
1
1
1
1
1
1
1
1
1
1
1
1
1
1
1
1
1
1
1
1
1
1
1
1
1
1
1
1
1
1
1
1
1
1
1
1
1
1
1
1
1
1
1
1
1
1
1
1
1
1
1
1
1
1
1
1
1
1
1
1
1
1
1
1
1
1
1
1
1
1
1
1
1
1
1
1
1
1
1
1
1
1
1
1
1
1
1
1
1
1
1
1
1
1
1
1
1
1
1
1
1
1
1
1
1
1
1
1
1
1
1
1
1
1
1
1
1
1
1
1
1
1
1
1
1
1
1
1
1
1
1
1
1
1
1
1
1
1
1
1
1
1
1
1
1
1
1
1
1
1
1
1
1
1
1
1
1
1
1
1
1
1
1
1
1
1
1
1
1
1
1
1
1
1
1
1
1
1
1
1
1
1
1
1
1
1
1
1
1
1
1
1
1
1
1
1
1
1
1
1
1
1
1
1
1
1
1
1
1
1
1
1
1
1
1
1
1
1
1
1
1
1
1
1
1
1
1
1
1
1
1
1
1
1
1
1
1
1
1
1
1
1
1
1
1
1
1
1
1
1
1
1
1
1
1
1
1
1
1
1
1
1
1
1
1
1
1
1
1
1
1
1
1
1
1
1
1
1
1
1
1
1
1
1
1
1
1
1
1
1
1
1
1
1
1
1
1
1
1
1
1
1
1
1
1
1
1
1
1
1
1
1
1
1
1
1
1
1
1
1
1
1
1
1
1
1
1
1
1
1
1
1
1
1
1
1
1
1
1
1
1
1
1
1
1
1
1
1
1
1
1
1
1
1
1
1
1
1
1
1
1
1
1
1
1
1
1
1
1
1
1
1
1
1
1
1
1
1
1
1
1
1
1
1
1
1
1
1
1
1
1
1
1
1
1
1
1
1
1
1
1
1
1
1
1
1
1
1
1
1
1
1
1
1
1
1
1
1
1
1
1
1
1
1
1
1
1
1
1
1
1
1
1
1
1
1
1
1
1
1
1
1
1
1
1
1
1
1
1
1
1
1
1
1
1
1
1
1
1
1
1
1
1
1
1
1
1
1
1
1
1
1
1
1
1
1
1
1
1
1
1
1
1
1
1
1
1
1
1
1
1
1
1
1
1
1
1
1
1
1
1
1
1
1
1
1
1
1
1
1
1
1
1
1
1
1
1
1
1
1
1
1
1
1
1
1
1
1
1
1
1
1
1
1
1
1
1
1
1
1
1
1
1
1
1
1
1
1
1
1
1
1
1
1
1
1
1
1
1
1
1
1
1
1
1
1
1
1
1
1
1
1
1
1
1
1
1
1
1
1
1
1
1
1
1
1
1
1
1
1
1
1
1
1
1
1

POINT_DATA 6231
SCALARS density float 1
LOOKUP_TABLE default
4410.579422
4425.462843
4424.505758
4424.210035
4425.434146
4425.099543
4424.488038
4424.412416
4428.001731
4428.681261
4426.698915
4432.830275
4426.614627
4425.879984
4430.111202
4439.689917
4423.408203
4431.908338
4413.205413
4424.188915
4410.746134
4426.254935
4432.753657
4426.274600
4443.921487
4425.008266
4396.291553
4431.198945
4450.932925
4448.960429
4414.048789
4420.401694
4432.990533
4425.166987
4423.315056
4426.713976
4427.938595
4431.542099
4433.960257
4430.849664
4431.747037
4427.024257
4425.715967
4427.219170
4445.540808
4418.228327
4426.774324
4409.385112
4443.720048
4460.202240
4460.941786
4416.502347
4408.041433
4418.167908
4439.697572
4512.526338
4396.961788
4407.850248
4424.795948
4410.230437
4451.630002
4440.085656
4419.512170
4421.629027
4418.529709
4438.612170
4426.900036
4425.817877
4425.270507
4422.819305
4418.231514
4427.739571
4427.036030
4440.334100
4418.905125
4428.852583
4412.687348
4478.398054
4400.120856
4455.573523
4348.796189
4450.223335
4421.084565
4420.326329
4435.022044
4418.482996
4509.513330
4318.631692
4357.385523
4412.317102
4418.898501
4421.184926
4403.128480
4422.475997
4436.971214
4438.665795
4424.690460
4421.728192
4434.542913
4428.751385
4438.734656
4433.060537
4443.168835
4410.681299
4435.916107
4414.959761
4455.842508
4407.029537
4429.589968
4390.471345
4453.927068
4372.724004
4556.593756
4369.849840
4432.119374
4461.981055
4443.083919
4470.328092
4354.879812
4481.191092
4451.229588
4419.029122
4485.686768
4433.109535
4440.762146
4429.775043
4417.346287
4432.483589
4438.249164
4429.634282
4418.148301
4434.798332
4409.489980
4431.523459
4416.573579
4448.756948
4405.339305
4444.337674
4409.910889
4454.062140
4393.538900
4509.607684
4306.445782
4419.928990
4384.294965
4437.727994
4395.988634
4428.070559
4431.025970
4506.746658
4437.243499
4406.879105
4492.761656
4446.320755
4414.214365
4432.409919
4427.339229
4437.332175
4453.168619
4406.109330
4442.272335
4413.901471
4444.619757
4432.954009
4444.867046
4421.211438
4439.698582
4410.465194
4445.768608
4381.072686
4476.215167
4362.238831
4471.548606
4359.415588
4534.884495
4385.378009
4437.218817
4427.487416
4465.953870
4419.492888
4452.169489
4461.285301
4409.611355
4378.675760
4413.206413
4420.615194
4424.235550
4442.048867
4427.707218
4421.502966
4441.777187
4442.789683
4407.274388
4435.898240
4394.440355
4438.910658
4420.963459
4442.250249
4414.109575
4446.192415
4400.212636
4468.991366
4389.330123
4524.412686
4379.368105
4474.505544
4433.550635
4412.304428
4405.355596
4409.273500
4437.477614
4469.551830
4412.671457
4421.959659
4406.719749
4413.420564
4435.436736
4424.524043
4434.621223
4412.562427
4435.298912
4438.882763
4418.254548
4419.329688
4433.196922
4411.625078
4459.636808
4381.382705
4441.706927
4407.855309
4448.606443
4435.215087
4461.080261
4431.846508
4460.963730
4445.231307
4415.163705
4394.875959
4444.063807
4456.856247
4424.914020
4439.856741
4394.421866
4407.927377
4451.037827
4447.343529
4426.484288
4424.583630
4429.954985
4432.250608
4433.522302
4436.862804
4400.241666
4444.250548
4469.523288
4407.629752
4445.784126
4423.491375
4417.645387
4444.121367
4414.390227
4440.996924
4454.305870
4399.390427
4450.447115
4456.424200
4361.226884
4456.842258
4417.328444
4437.553257
4419.587350
4427.343647
4440.671496
4382.405755
4457.970874
4454.581959
4402.554314
4439.798550
4438.827663
4437.954163
4429.811614
4416.064589
4435.663244
4423.395180
4454.828149
4406.664386
4461.284055
4420.359272
4440.872647
4459.304570
4403.655851
4438.035282
4457.406171
4415.521168
4390.440446
4434.163038
4440.586505
4432.691699
4426.805522
4413.631013
4431.840789
4434.422455
4419.154154
4492.157346
4380.297583
4369.627089
4428.692115
4445.823430
4424.775780
4412.334125
4427.740241
4427.763644
4438.058924
4438.316868
4416.674884
4417.836527
4437.714705
4431.439505
4397.776924
4432.594083
4426.019418
4434.469435
4417.158978
4402.700912
4433.952346
4449.306257
4426.366321
4464.653186
4424.492637
4430.536625
4414.726401
4420.623521
4424.223242
4421.677636
4441.480032
4462.095558
4374.088101
4408.108048
4471.084657
4455.407982
4424.126914
4428.241177
4430.713194
4435.512763
4413.763624
4437.268978
4442.494659
4431.898939
4423.693853
4450.704109
4445.087875
4409.779084
4461.223481
4440.290173
4409.371204
4458.562738
4442.937890
4479.692865
4373.651777
4455.370253
4407.157345
4424.042584
4434.573995
4433.461918
4436.421426
4388.452700
4448.476873
4459.688425
4469.502995
4402.463740
4425.230794
4453.894842
4433.453656
4426.576454
4423.388622
4436.713341
4426.401381
4404.245556
4432.864676
4438.127721
4410.061963
4409.058962
4442.270502
4425.067312
4418.481715
4385.701896
4446.397792
4381.939712
4377.940140
4434.353277
4382.986479
4438.869368
4385.857601
4449.298564
4422.959298
4428.148832
4448.210731
4450.166842
4422.297780
4336.269491
4455.897330
4388.386941
4418.395325
4431.010355
4438.436690
4429.325020
4428.673171
4422.545751
4436.855874
4444.819250
4405.347227
4456.541078
4410.872370
4452.941774
4392.196359
4448.625970
4452.058871
4408.541848
4493.136127
4451.771126
4436.198566
4536.624142
4409.067515
4434.245975
4435.288771
4419.623471
4419.330520
4443.394839
4420.508401
4451.139695
4465.735782
4475.508117
4503.611751
4452.219591
4435.503710
4437.062654
4429.342191
4417.243962
4434.616091
4406.329468
4424.585848
4408.778301
4450.431460
4403.747227
4415.590737
4426.070171
4425.264573
4394.963349
4450.068865
4372.639982
4477.364295
4465.662330
4549.269842
4386.953996
4384.833483
4409.451126
4421.785678
4432.441566
4444.557527
4372.999618
4458.927842
4419.697489
4400.524531
4402.601530
4449.243076
4439.041868
4425.320946
4440.709100
4437.916772
4428.796128
4430.717823
4427.191076
4450.281443
4413.013771
4447.494963
4426.516890
4422.961892
4440.819100
4386.228662
4475.280859
4365.940756
4492.873483
4330.426052
4301.066703
4472.416709
4401.644856
4415.547514
4449.809718
4393.578777
4457.169066
4464.257648
4426.008828
4439.217251
4393.501241
4427.408582
4412.821615
4430.712609
4427.664856
4432.647560
4411.173084
4428.561786
4427.513646
4403.254786
4428.906268
4422.712311
4432.511393
4420.192322
4383.587940
4462.792478
4383.861435
4427.118313
4479.814485
4460.388742
4459.256020
4485.727546
4414.765458
4406.293380
4430.325952
4486.096085
4434.153450
4403.612942
4442.552604
4451.410571
4419.931874
4403.534082
4431.987226
4429.170560
4428.860042
4433.908543
4428.648759
4438.620642
4450.890428
4413.506445
4437.058935
4420.614469
4433.725778
4382.715208
4461.883442
4409.607183
4412.501486
4453.276791
4410.909274
4404.877430
4402.983348
4477.214158
4397.745296
4367.554830
4427.328851
4413.387022
4438.538781
4398.166774
4425.781131
4443.480716
4443.331169
4411.614280
4464.122930
4434.727865
4438.552650
4432.894707
4423.963780
4422.733282
4424.304057
4410.390704
4418.016480
4453.581892
4382.219960
4448.791076
4449.260352
4420.931923
4450.030534
4416.687315
4442.142980
4397.333828
4450.220862
4429.401253
4453.299765
4411.220731
4444.876789
4392.555851
4427.481587
4434.444987
4438.831754
4450.148345
4392.463626
4468.695333
4461.523042
4414.205989
4411.861488
4423.439516
4427.110772
4413.005894
4450.239113
4422.399303
4445.034406
4454.561847
4417.652496
4445.888187
4407.418526
4410.757414
4428.544571
4408.506580
4409.463100
4433.110577
4446.077351
4447.702483
4387.750531
4423.078442
4436.411060
4572.145401
4370.652349
4424.552182
4419.931268
4393.085867
4453.027609
4457.943807
4390.168194
4396.301258
4418.279246
4425.452331
4417.467762
4424.470899
4429.289680
4433.218365
4406.273767
4412.449035
4403.276934
4412.971838
4446.791877
4409.143696
4421.326518
4440.070085
4427.249306
4445.174013
4418.074400
4424.404724
4453.153850
4466.875170
4451.311020
4362.128167
4378.840883
4447.718176
4423.066450
4427.487326
4468.178674
4422.691227
4402.039395
4429.517479
4447.304827
4459.643160
4409.588980
4410.420135
4425.842083
4443.755330
4407.087489
4450.867938
4444.681512
4443.646420
4429.675655
4407.458038
4445.341481
4433.748201
4413.629717
4420.494296
4426.309403
4434.180742
4429.127105
4451.165453
4400.229528
4453.059463
4414.990923
4465.936287
4412.539247
4447.733843
4423.902141
4417.465477
4450.213675
4437.491960
4383.094877
4450.119566
4360.351025
4419.303820
4446.568399
4425.927897
4437.505709
4413.128898
4436.104064
4384.393653
4431.228491
4404.129438
4431.316155
4426.201616
4415.511049
4432.671284
4438.963996
4431.637179
4439.255035
4425.590779
4437.827300
4397.614614
4430.154270
4425.989910
4448.340856
4437.296624
4428.037486
4452.778827
4460.174921
4401.134867
4448.535172
4518.312761
4361.136829
4488.038387
4365.943102
4429.313480
4428.406359
4432.013007
4431.769537
4437.682111
4433.715278
4460.933520
4413.075368
4426.207516
4400.171847
4453.847663
4406.266795
4443.093700
4381.975479
4450.188576
4420.612158
4428.284684
4444.803048
4434.615218
4395.105367
4447.322447
4419.640307
4430.917213
4444.269369
4413.979636
4407.751367
4464.374424
4425.376096
4369.984932
4462.697597
4434.144483
4452.459170
4429.952284
4424.958937
4426.833548
4412.954820
4411.498545
4411.715625
4443.148381
4442.925826
4420.664148
4444.543045
4408.169170
4440.291694
4429.261839
4439.196498
4423.939483
4450.103045
4404.236422
4441.273901
4430.319663
4488.274585
4412.708959
4435.346720
4410.019536
4397.122072
4422.704873
4434.238909
4467.068615
4393.665585
4440.824694
4425.181147
4435.051838
4430.355965
4429.729010
4433.846872
4438.098191
4446.877765
4440.944570
4427.731577
4408.665883
4421.902500
4443.318101
4422.465133
4422.823995
4426.204013
4429.664132
4426.625835
4435.593334
4421.825625
4451.447429
4368.969158
4417.930066
4434.681529
4410.479358
4441.240618
4436.384192
4439.542325
4431.876270
4414.550931
4413.486180
4415.228627
4410.477735
4417.734189
4429.820499
4432.409574
4421.297692
4415.775927
4404.763620
4432.441003
4425.515546
4443.550645
4447.578484
4403.537934
4433.462307
4445.087344
4412.684868
4453.839417
4396.031472
4448.323459
4413.238917
4463.976198
4410.314916
4433.180510
4429.726963
4443.274016
4433.211862
4453.247364
4440.137410
4449.594078
4450.242806
4448.876344
4462.641129
4415.089301
4448.615218
4428.505542
4434.142923
4428.316123
4443.738776
4446.872271
4427.292590
4440.135260
4415.781007
4415.462836
4445.813868
4424.099066
4400.543462
4439.676409
4406.715539
4423.653224
4470.443037
4395.800240
4462.898221
4412.033638
4445.015524
4425.065493
4419.142795
4440.071543
4434.696041
4399.235378
4419.553123
4420.442078
4443.994211
4418.985178
4381.339047
4431.485908
4427.212636
4431.308573
4428.075864
4418.175708
4416.196556
4434.667994
4419.865036
4444.287612
4419.442236
4434.335647
4406.100691
4420.341631
4458.521326
4421.716458
4445.792779
4400.874418
4412.162214
4441.565107
4427.822808
4448.038044
4427.187848
4437.521039
4420.154692
4438.536703
4468.092330
4402.896324
4418.188592
4437.498263
4430.395311
4419.683971
4403.927746
4431.012334
4426.059992
4431.072658
4440.979198
4440.509982
4437.874192
4406.177462
4426.785024
4415.792155
4442.558073
4404.891088
4431.337004
4406.045108
4441.421297
4417.099500
4456.783082
4402.174654
4389.328632
4436.284822
4439.371753
4432.639160
4437.261784
4430.893783
4451.767896
4477.573461
4468.806931
4423.051685
4448.531734
4444.658803
4441.501423
4461.201007
4431.452261
4428.615186
4429.307801
4419.429038
4411.767663
4429.167693
4440.243468
4417.840247
4404.021641
4431.039875
4431.449623
4442.792296
4425.321999
4447.242012
4411.545038
4430.958206
4370.516078
4473.892779
4403.826712
4438.736529
4438.559999
4425.323515
4401.649466
4432.502735
4399.529492
4385.598432
4446.474840
4395.799855
4410.313597
4424.650663
4427.518199
4428.774782
4434.910873
4433.911430
4434.457382
4446.571941
4427.220567
4410.493637
4423.955444
4446.266901
4427.746864
4443.652258
4416.282973
4429.926247
4425.010531
4449.527419
4398.076284
4436.176593
4406.089273
4452.279215
4413.370598
4415.794137
4432.891352
4425.909400
4396.312625
4438.160538
4409.720674
4435.858272
4422.486937
4440.420147
4352.422921
4411.842679
4434.059121
4430.578733
4420.917601
4427.162940
4408.224626
4437.173824
4433.253194
4412.011551
4415.373558
4447.210443
4400.460912
4412.436970
4418.765407
4459.794566
4399.529926
4439.202467
4436.658496
4392.757276
4436.208703
4446.263991
4448.545445
4438.951445
4453.684314
4452.151977
4400.687959
4451.649019
4452.386376
4423.816230
4432.079423
4449.361980
4422.541604
4435.446792
4432.098616
4439.574922
4438.601286
4431.917324
4443.773018
4399.961129
4446.404025
4429.415917
4448.563548
4423.642847
4463.635662
4398.831899
4435.077993
4405.717298
4431.067978
4445.282577
4386.160435
4475.779588
4465.511020
4426.324133
4418.902125
4428.621137
4444.295454
4437.193770
4387.397931
4454.289012
4393.319483
4404.779040
4395.996840
4436.566454
4434.068161
4433.737099
4423.233496
4414.863163
4431.100118
4419.436295
4436.201241
4435.485057
4386.479833
4459.517506
4386.051165
4430.886157
4427.387286
4418.882192
4411.922795
4440.555963
4365.969536
4483.659320
4374.738759
4394.647454
4427.345355
4417.972775
4432.408780
4477.278943
4452.467111
4421.204258
4459.202332
4361.522150
4444.549279
4462.283419
4445.942927
4434.433757
4435.671644
4431.354891
4456.533773
4426.776572
4426.439376
4449.995614
4392.722244
4427.603050
4443.131586
4427.714347
4427.682379
4402.105794
4449.231546
4402.797731
4448.674495
4427.274233
4461.411167
4412.227334
4482.563286
4417.290901
4434.351821
4406.970977
4416.879021
4453.050065
4452.636903
4454.294375
4465.557019
4408.569586
4407.573977
4453.480025
4431.858807
4429.702748
4426.976126
4412.712480
4425.534276
4408.308034
4432.808902
4457.218645
4438.650912
4379.654128
4400.443179
4439.816587
4430.355323
4418.434493
4426.389295
4413.715546
4456.911631
4459.314188
4448.693910
4447.784085
4433.912751
4422.059094
4426.489951
4418.292354
4462.176979
4421.457414
4452.883140
4465.207082
4385.105630
4421.882465
4414.879737
4432.138265
4424.974657
4442.020187
4437.221328
4430.246776
4447.678169
4425.793856
4432.900291
4368.823265
4460.193672
4444.777914
4446.665716
4409.504632
4448.706139
4400.406140
4447.046677
4385.328326
4463.954782
4472.317651
4442.775745
4434.602928
4422.679278
4426.500108
4392.463240
4436.625446
4452.725469
4456.815922
4438.470971
4370.712842
4420.739492
4418.563174
4430.186940
4427.109419
4415.938379
4419.278473
4437.089049
4436.149355
4435.994163
4424.294471
4448.257164
4430.302387
4369.474256
4461.792799
4381.887376
4431.398495
4429.075731
4424.525572
4399.419683
4448.493596
4387.717117
4430.660876
4417.891161
4481.350275
4422.419883
4426.301004
4401.840642
4387.124589
4482.443367
4341.986612
4429.644710
4462.442875
4415.016117
4426.903561
4437.683247
4435.539404
4442.676657
4429.792422
4438.011115
4390.501607
4435.141316
4403.793548
4415.201649
4451.624971
4404.987682
4414.957315
4426.653166
4422.235432
4411.924596
4414.311635
4402.770436
4466.503998
4458.022975
4432.377184
4411.175890
4446.371852
4445.394290
4410.952113
4477.488544
4410.208828
4509.734676
4447.095256
4389.142369
4435.037414
4425.897990
4433.690573
4412.485407
4424.180917
4394.831236
4450.817135
4412.001749
4432.440376
4441.734294
4450.781662
4421.212179
4404.089109
4412.885873
4444.495678
4402.305339
4438.056454
4440.482726
4383.270700
4440.819726
4397.482731
4450.460216
4431.915828
4403.526784
4434.312706
4434.277221
4421.947617
4459.028599
4435.678154
4389.561407
4417.608149
4412.924977
4428.154794
4437.726578
4428.227238
4441.537059
4435.720119
4435.477597
4444.380060
4452.742879
4415.449426
4432.838534
4417.809407
4436.799058
4451.977406
4419.997852
4421.756484
4438.909092
4456.584184
4419.017945
4326.544874
4498.734273
4420.810331
4412.350604
4403.435320
4392.203855
4430.349904
4437.839365
4417.149394
4421.312290
4368.045311
4457.543502
4410.714024
4430.064919
4434.406248
4404.656152
4427.927404
4420.064352
4410.027203
4404.725568
4431.258367
4421.866955
4433.624801
4433.550530
4381.946387
4424.691205
4429.950673
4461.571729
4446.648291
4451.697646
4399.165675
4464.315835
4425.517963
4486.139955
4449.739406
4426.515794
4488.592539
4430.109637
4406.379088
4439.135870
4441.494598
4431.726033
4429.822389
4414.330324
4417.991962
4424.843398
4441.427526
4440.016622
4444.662294
4438.033320
4431.082310
4456.425962
4426.233814
4424.598025
4436.073056
4452.283694
4406.274108
4468.841180
4401.177831
4460.119888
4407.208955
4435.280854
4464.393107
4373.531263
4463.590160
4371.527913
4442.265704
4423.364408
4467.551347
4439.282178
4385.384230
4446.253880
4475.704659
4425.079578
4403.349783
4422.383278
4433.653130
4417.301390
4403.866328
4429.244604
4431.296876
4412.769411
4427.123854
4439.338352
4428.503811
4435.400106
4390.648130
4459.413125
4381.908187
4458.949143
4374.642652
4404.122656
4373.419241
4397.820383
4435.969555
4455.166391
4429.690262
4428.806052
4437.725139
4468.005938
4454.064574
4456.901971
4388.692381
4411.089467
4404.636823
4418.511566
4430.821693
4433.065715
4415.186362
4452.491870
4423.687198
4456.360691
4411.351798
4426.962769
4422.408270
4431.927965
4426.451841
4448.768418
4437.251003
4432.419918
4453.420449
4442.226142
4420.941387
4424.477624
4462.676763
4451.253996
4429.390802
4435.585288
4430.061211
4443.038675
4423.090521
4380.494753
4389.320319
4384.136792
4406.683536
4416.199585
4455.280262
4425.025683
4427.841252
4420.056708
4425.031420
4389.500944
4450.473594
4438.318418
4429.254617
4411.737156
4420.350983
4413.644699
4436.477301
4418.333445
4427.872821
4437.762883
4429.949837
4421.290021
4465.049628
4403.630027
4372.027428
4456.188542
4435.797220
4446.154090
4431.401535
4428.730714
4486.020921
4396.847488
4447.813279
4446.604574
4421.747345
4394.099524
4427.290112
4434.819029
4434.216303
4409.641375
4432.446097
4436.561413
4405.227830
4436.836145
4438.861247
4416.164408
4423.131270
4453.169875
4406.149173
4430.808050
4390.423107
4400.626451
4464.061089
4436.813034
4440.120873
4512.964037
4403.636856
4412.054483
4447.618229
4421.956454
4451.295920
4452.717039
4380.980117
4496.586335
4441.978889
4410.268351
4453.562842
4431.722939
4427.415910
4429.241098
4432.695367
4416.342938
4405.522453
4442.409302
4445.693563
4429.423672
4436.919929
4405.408612
4428.422645
4422.033723
4441.157463
4449.756294
4426.168832
4481.090650
4422.724917
4395.752864
4419.669342
4383.973994
4446.109579
4401.904301
4431.955229
4439.135944
4439.362380
4440.283963
4417.763926
4443.875020
4407.958762
4432.711145
4428.328966
4432.524850
4419.995437
4434.063836
4418.748512
4445.744870
4427.614543
4430.651063
4414.619157
4431.211602
4443.463625
4422.555493
4447.435295
4415.084049
4408.106612
4470.414201
4384.985882
4424.942435
4415.449281
4465.225331
4485.565282
4445.309317
4457.642288
4444.497123
4439.347195
4463.509065
4418.918055
4409.412868
4457.626264
4412.146468
4383.670574
4421.051553
4440.856022
4416.984067
4437.748219
4425.584899
4409.847467
4449.356615
4448.004974
4444.532428
4431.541556
4409.995118
4430.229141
4433.510433
4430.514194
4456.861210
4419.186167
4399.369602
4449.304812
4437.943927
4435.207348
4413.262021
4414.648192
4401.829457
4432.380950
4498.758814
4399.541558
4464.620539
4444.775669
4439.050582
4427.385122
4454.078582
4429.491786
4435.100613
4416.977506
4425.382914
4425.329900
4432.980012
4384.257147
4408.615496
4399.655432
4443.312214
4439.113645
4407.982140
4418.570811
4392.118865
4433.592912
4404.895952
4453.861955
4403.014411
4409.700841
4490.875145
4403.666009
4455.830351
4492.600303
4463.561237
4457.980006
4412.707450
4392.576685
4447.785497
4416.069242
4394.661890
4406.491600
4440.286439
4425.109956
4422.092153
4428.612279
4430.880312
4416.463287
4416.362514
4439.707638
4419.363474
4401.303377
4445.292790
4412.985495
4456.840873
4417.690292
4411.803598
4358.481254
4467.300825
4505.402234
4408.538187
4462.985382
4408.536795
4434.868726
4398.589005
4454.210409
4428.379188
4455.635229
4489.131250
4397.510714
4407.468701
4442.406304
4443.621259
4425.581625
4433.501286
4427.318348
4438.325065
4428.799565
4421.570434
4428.960271
4450.393291
4418.285390
4426.633645
4435.699072
4418.387020
4450.213622
4400.131940
4434.774965
4455.764251
4439.956273
4368.090195
4446.151389
4462.879804
4423.523630
4433.612086
4410.923118
4378.933908
4448.859548
4446.400496
4454.978380
4436.963413
4439.855872
4409.983231
4409.676468
4423.842367
4427.992576
4435.188237
4408.431464
4444.833912
4427.560400
4421.657930
4436.090598
4458.396580
4444.424652
4428.588092
4435.080132
4431.600806
4423.020270
4429.028595
4428.977285
4426.001425
4432.653062
4380.077827
4427.744614
4436.126006
4415.881437
4430.435948
4418.334463
4389.613712
4437.453534
4418.307638
4438.418033
4371.087742
4404.018112
4387.537402
4436.865178
4426.993018
4427.356873
4446.220706
4421.128508
4394.633197
4444.071549
4380.148105
4428.301726
4397.340990
4423.539800
4423.240605
4423.786691
4399.611289
4458.292331
4427.566919
4418.029843
4427.686835
4389.519891
4431.290651
4450.621997
4429.827414
4430.166250
4451.074578
4378.558367
4402.222911
4440.656767
4393.970369
4441.599128
4424.856597
4387.408798
4424.764175
4422.326118
4436.446664
4434.930003
4399.654418
4445.661885
4423.720054
4418.697543
4416.035529
4440.615746
4392.402791
4440.424760
4431.551600
4436.739226
4408.518357
4439.860759
4471.072380
4444.170725
4404.935600
4430.768832
4426.118653
4437.912879
4411.617453
4459.158176
4382.410565
4482.976061
4395.805485
4411.369558
4379.750624
4447.350658
4360.540762
4424.727065
4426.678194
4439.267459
4442.171650
4414.626527
4438.534659
4400.151528
4429.882007
4436.515205
4428.019050
4453.548542
4414.313243
4423.598398
4429.167982
4438.081207
4419.327825
4424.446674
4440.214521
4442.114809
4445.231577
4405.750274
4433.571272
4441.842471
4463.348274
4413.771506
4419.004303
4375.650916
4458.477753
4431.845260
4424.714092
4478.468225
4431.458437
4431.404360
4422.157460
4425.926099
4420.841253
4423.562347
4455.664564
4430.371305
4427.176280
4419.895346
4446.632699
4444.377894
4431.446824
4435.675473
4435.302978
4418.653209
4431.368050
4432.943625
4382.848557
4454.954983
4436.648547
4410.243615
4427.941420
4433.812469
4415.292895
4461.027611
4443.667443
4382.301487
4451.605838
4440.493788
4429.526584
4426.742780
4430.446819
4430.469532
4421.187116
4439.291869
4433.142893
4398.489700
4454.241988
4429.558171
4416.271995
4423.572026
4393.782594
4420.985825
4419.319877
4409.918833
4447.573090
4416.180252
4484.190342
4391.275210
4422.848108
4422.112120
4423.627161
4439.527772
4422.652833
4398.898698
4397.170572
4427.435878
4441.326059
4433.675762
4444.434752
4453.640002
4427.279925
4424.664217
4440.777381
4414.435357
4408.079241
4449.773323
4409.520621
4422.447898
4405.520142
4441.354413
4425.435110
4430.250181
4392.520371
4421.467421
4416.948628
4433.671717
4391.272239
4435.661511
4357.376124
4543.795277
4429.385251
4447.120297
4434.288615
4440.160437
4439.967315
4427.112186
4442.003719
4424.899313
4376.093128
4460.047144
4337.240839
4432.132697
4432.083478
4425.027505
4442.949218
4439.724472
4429.076815
4439.875193
4424.232030
4426.029272
4411.549246
4430.966319
4465.003089
4455.591037
4418.134227
4408.478634
4432.869482
4376.161810
4517.652897
4312.943513
4468.328896
4412.593525
4436.678995
4483.696610
4425.323765
4445.029493
4449.857905
4464.696471
4411.875873
4422.685706
4452.108669
4501.570717
4427.098849
4429.444157
4436.010648
4422.821722
4459.394739
4415.081761
4414.328850
4434.552327
4397.750708
4418.872082
4429.259194
4443.206983
4449.367240
4465.319565
4487.100622
4369.178947
4438.172399
4454.645600
4414.287373
4371.411706
4502.873721
4428.577183
4409.522975
4444.317653
4452.638166
4443.091097
4466.412514
4412.742077
4387.251477
4392.621091
4389.849165
4427.527672
4434.711534
4425.217729
4446.104503
4430.513550
4415.954808
4431.124906
4416.499559
4438.386576
4408.715291
4426.932884
4445.905058
4411.475703
4453.287240
4401.014646
4400.549663
4448.912531
4478.072679
4505.389892
4417.141957
4447.679399
4458.601566
4431.065213
4410.647355
4438.597786
4404.178514
4449.943975
4450.465847
4390.474631
4479.333875
4423.073013
4424.737518
4431.364558
4426.282969
4424.384724
4433.528665
4401.936527
4443.485868
4437.964013
4395.805020
4441.066055
4421.813024
4414.635363
4398.767714
4444.933683
4396.509287
4355.242827
4397.550677
4435.361300
4456.987404
4359.832642
4435.522334
4415.344179
4434.658292
4462.574006
4388.613563
4456.236307
4413.694205
4435.630909
4418.008065
4414.875235
4422.677167
4426.830704
4435.945025
4407.222777
4436.434836
4428.854608
4441.581211
4370.417239
4443.585926
4447.113348
4454.374495
4434.609255
4405.420560
4441.444402
4440.145508
4404.753755
4440.242952
4437.862309
4473.610407
4436.822719
4464.531990
4419.590830
4380.901837
4462.081730
4431.778141
4430.212825
4401.130804
4466.244650
4396.167237
4448.540037
4423.219014
4440.554018
4430.084417
4425.974568
4432.468340
4438.685488
4413.943498
4412.554404
4422.602617
4402.684337
4435.661569
4421.989239
4435.797387
4428.503874
4406.119950
4428.497698
4435.434902
4447.453508
4408.999862
4424.281950
4401.905510
4454.684302
4453.424640
4419.810236
4427.780376
4430.731539
4442.038324
4419.864932
4452.267021
4436.827319
4420.621069
4401.070955
4413.183488
4424.708690
4428.766361
4408.416751
4434.278470
4444.400793
4468.707504
4389.289775
4391.428062
4447.866646
4452.895222
4411.080727
4413.283431
4429.378930
4409.736320
4419.666108
4426.080461
4404.867061
4448.835770
4386.065406
4439.031180
4422.567090
4528.081659
4442.723360
4441.508253
4412.723115
4459.252511
4399.578614
4373.552129
4352.979385
4395.587154
4403.476864
4423.976432
4432.499163
4440.869309
4409.180888
4426.063996
4433.858807
4432.782608
4424.219818
4441.512725
4417.589121
4427.577545
4433.814403
4426.400499
4450.518249
4409.208565
4413.774556
4410.553134
4452.518520
4442.378583
4426.466961
4424.886156
4428.896210
4436.023508
4441.477384
4453.829508
4441.938154
4489.534037
4474.543582
4414.087641
4480.857264
4412.039220
4429.442493
4422.100428
4417.954698
4450.426602
4418.187710
4437.428113
4426.948263
4411.452492
4420.847374
4410.728043
4402.563606
4448.440099
4399.076928
4417.470738
4438.230845
4449.708873
4451.213536
4398.272930
4396.694050
4474.846249
4451.994323
4452.216378
4438.491856
4410.926724
4460.880774
4384.760790
4435.454360
4397.541547
4354.110717
4431.508436
4408.987393
4427.277165
4442.113816
4423.679927
4436.302144
4428.116686
4439.478173
4406.793634
4452.062025
4452.483410
4453.149680
4428.620513
4425.843289
4446.356918
4406.051119
4409.786831
4417.892774
4367.040882
4468.662897
4360.494178
4455.616787
4375.029161
4428.667051
4437.423818
4394.143972
4412.263360
4432.917829
4440.788790
4424.404127
4421.413743
4447.652322
4405.888723
4424.676295
4433.151284
4414.672187
4434.873603
4424.373480
4436.072619
4421.092212
4420.004018
4407.499594
4444.361395
4429.504753
4390.959622
4443.980960
4425.367972
4419.203400
4460.133461
4414.824648
4482.611130
4442.999733
4404.982244
4417.716207
4402.359390
4452.088171
4424.993899
4440.239734
4433.273397
4379.031632
4394.946675
4437.460259
4480.154812
4402.222004
4431.951607
4425.009802
4430.382859
4442.647960
4425.952731
4421.202834
4423.816552
4421.809551
4461.028515
4429.301919
4405.607843
4447.157739
4454.827099
4436.911984
4439.758497
4431.576745
4414.984692
4450.461672
4444.883375
4513.542828
4451.246826
4492.081825
4427.180169
4469.095072
4452.018216
4442.865407
4442.083951
4478.969642
4473.368110
4377.959470
4411.456621
4431.605402
4427.242460
4427.494447
4406.197025
4423.409140
4431.769498
4421.885817
4430.015444
4396.952210
4434.354130
4415.171619
4402.927371
4410.344592
4405.262238
4410.133613
4396.138883
4430.425983
4392.854688
4424.136760
4464.079353
4408.405610
4391.645391
4429.811269
4438.485536
4452.784972
4480.337065
4404.166101
4453.134831
4444.031491
4376.725337
4403.816139
4423.713829
4427.940427
4424.321216
4437.513677
4450.643155
4422.298343
4404.666918
4443.515935
4448.581841
4429.228298
4435.372198
4419.564663
4426.544169
4418.663108
4402.859345
4455.870085
4471.478866
4471.870701
4404.902626
4358.893435
4432.077061
4436.272551
4492.845323
4426.664174
4399.239421
4465.442812
4448.186363
4440.105256
4386.891154
4417.562857
4390.703974
4425.593314
4432.451743
4425.051227
4401.798391
4414.082491
4418.011404
4414.119226
4432.568435
4452.407020
4414.418966
4437.754457
4398.008059
4439.617622
4436.710440
4431.162891
4449.857011
4493.459151
4358.158967
4358.508131
4400.591755
4695.702332
4430.489179
4480.140322
4416.275835
4470.872949
4413.313859
4440.202963
4425.320725
4402.429949
4419.645139
4380.364343
4428.342767
4427.857357
4425.259791
4445.008151
4442.891331
4416.063477
4438.880907
4409.042562
4416.854705
4425.906584
4418.178187
4440.303631
4426.433720
4419.232078
4410.016125
4439.651184
4403.069995
4459.684831
4455.350057
4546.004120
4389.854451
4462.094004
4488.707089
4455.393806
4470.623504
4409.025536
4455.175693
4464.146588
4441.830542
4432.666526
4514.026725
4425.331116
4422.730511
4416.158606
4400.547846
4397.366547
4451.416372
4436.608400
4429.801785
4422.332665
4410.419535
4449.463874
4417.495737
4411.451727
4443.206790
4428.590520
4400.216114
4430.612611
4410.828774
4423.918669
4445.793843
4439.446700
4406.218314
4452.083368
4402.978408
4434.504540
4422.658695
4371.167774
4435.163245
4441.093545
4414.407190
4359.089795
4429.196576
4427.694563
4439.160656
4439.072345
4436.135728
4407.078227
4418.362187
4427.949909
4436.646644
4435.729855
4407.192217
4449.271000
4398.626057
4459.548227
4418.579667
4458.265337
4411.253004
4433.251963
4444.268025
4427.029514
4428.270091
4427.993047
4394.668749
4446.854285
4418.566670
4372.058134
4436.055548
4451.817641
4458.181422
4422.127979
4379.807848
4431.005187
4414.511391
4419.705847
4416.649145
4410.199956
4419.158921
4430.425867
4405.040447
4442.486316
4426.688067
4424.746498
4407.823473
4403.499754
4418.066882
4399.671923
4388.003371
4418.522602
4442.533681
4364.902139
4488.697860
4426.681557
4461.173720
4450.185950
4417.608291
4395.914476
4430.470964
4375.359737
4366.446919
4433.777363
4398.433961
4373.188680
4424.420809
4432.341689
4437.077247
4430.046303
4435.277391
4457.017034
4429.300581
4437.398746
4426.404303
4409.218266
4424.801862
4422.920749
4448.188272
4406.201438
4427.500685
4425.104212
4422.238543
4451.505522
4379.938909
4440.402333
4452.054017
4467.278945
4429.831401
4434.632213
4448.182753
4509.400570
4463.445969
4452.185278
4466.807949
4401.874594
4529.834292
4421.172591
4424.328760
4422.587559
4403.693300
4390.108131
4414.697922
4424.592006
4407.801860
4424.618028
4420.088097
4419.751412
4432.921980
4424.148371
4420.378355
4479.922589
4401.553063
4369.671668
4452.823391
4448.707014
4478.916189
4461.643580
4472.484187
4417.301591
4443.501355
4462.591873
4414.266862
4358.523269
4491.953997
4441.200299
4440.591413
4393.120168
4417.845298
4433.250546
4406.675200
4444.283912
4446.720578
4422.946581
4429.672474
4427.217277
4431.038312
4431.992515
4429.699171
4420.627608
4426.759844
4448.708747
4384.419616
4472.447905
4406.126478
4378.244084
4466.487313
4380.869154
4429.383136
4442.851638
4460.767978
4440.397280
4467.496428
4458.136521
4441.538379
4361.216554
4427.884186
4393.444972
4391.168818
4411.456006
4432.846620
4424.543663
4400.780858
4397.850010
4432.890901
4424.489464
4428.118742
4419.660943
4421.793083
4422.935428
4412.575525
4421.015570
4443.932329
4429.419876
4446.907967
4433.139864
4409.345659
4438.885771
4437.351501
4459.590607
4460.985024
4460.106663
4433.689926
4429.074339
4431.525494
4483.493334
4420.154428
4405.003462
4415.605919
4437.438181
4424.734620
4425.857586
4409.789484
4445.575123
4435.609203
4429.465571
4408.410845
4432.415320
4453.438415
4407.230398
4432.479594
4450.506973
4437.812361
4390.002476
4408.048272
4450.788371
4417.954352
4411.217907
4410.130339
4467.456658
4441.649616
4435.819283
4421.599660
4441.119367
4435.304290
4444.505860
4466.322571
4464.243186
4453.123320
4455.829841
4407.756136
4429.006869
4425.905132
4428.999481
4414.639153
4400.920919
4426.689623
4419.066312
4411.793080
4401.431775
4435.631330
4386.655910
4434.781946
4436.192894
4434.190280
4436.047440
4413.501573
4432.749443
4443.147988
4459.756648
4459.284586
4576.433143
4417.082867
4482.150439
4433.532716
4449.789580
4440.822955
4440.546099
4439.993631
4389.215026
4427.939047
4423.430744
4422.200826
4421.946953
4425.628812
4410.161004
4447.129440
4430.111830
4423.800217
4433.881313
4427.067528
4428.893908
4427.701532
4455.145669
4414.941035
4425.312863
4408.692210
4394.387356
4403.475334
4461.996133
4357.868725
4462.348748
4408.759725
4546.447763
4450.906126
4494.108565
4439.177200
4440.698393
4387.998875
4405.590794
4408.273740
4425.635096
4413.258823
4421.895887
4432.432797
4428.484727
4422.421088
4421.363687
4408.373399
4421.070679
4410.448773
4437.184723
4420.445555
4420.100474
4431.984126
4452.522357
4418.051617
4391.440445
4445.209561
4455.660582
4453.294572
4376.685759
4372.265766
4435.852452
4505.895848
4499.609404
4507.102603
4471.171208
4461.783825
4457.754677
4395.020158
4450.109422
4399.909097
4408.075671
4424.122392
4424.740046
4418.259416
4426.843687
4415.110491
4439.101550
4438.089901
4442.878380
4414.968055
4424.590473
4412.111722
4426.841477
4409.579651
4416.096066
4408.840845
4424.708162
4439.394262
4395.505209
4488.243957
4412.282068
4445.990001
4515.374195
4464.818434
4476.154379
4452.364473
4414.560656
4439.758837
4381.705483
4408.924127
4412.902261
4387.637111
4427.678115
4430.397002
4425.271694
4432.494376
4426.248619
4409.668550
4389.503183
4421.929582
4424.963415
4424.580194
4442.344907
4426.454556
4385.215788
4441.626700
4428.157725
4455.074636
4400.980027
4460.302606
4359.428703
4499.846346
4409.013753
4393.885375
4422.338036
4440.416953
4460.867950
4449.563382
4458.413365
4492.143975
4462.676120
4437.053264
4372.827297
4428.763665
4426.188121
4430.646064
4412.676322
4410.463774
4426.742042
4455.735223
4436.610835
4419.432957
4425.137815
4424.306607
4405.276760
4435.006296
4414.650002
4399.086243
4384.099543
4426.264744
4433.218440
4404.282707
4376.829126
4315.520099
4456.194938
4492.113180
4435.941599
4434.586813
4441.990257
4426.567301
4448.651463
4386.282734
4444.764926
4468.678195
4427.707685
4423.179955
4421.633652
4424.017307
4441.552701
4417.653005
4400.661762
4436.336240
4395.687549
4424.313254
4445.383971
4404.256326
4402.841314
4410.322037
4429.973177
4459.768648
4435.962652
4458.302109
4417.074469
4589.538906
4483.791341
4417.838630
4446.140963
4513.836681
4511.043984
4453.473677
4401.679938
4390.356080
4470.041382
4429.733551
4369.578784
4423.376195
4437.576187
4435.600372
4414.514986
4412.200643
4419.626232
4449.234588
4405.410170
4439.289252
4412.332802
4393.208761
4430.929257
4410.834545
4444.447092
4409.522980
4408.859013
4429.960470
4411.680447
4451.531167
4472.086514
4422.285987
4488.889111
4486.638816
4478.621362
4443.658109
4488.064869
4407.532536
4510.460613
4346.185024
4397.036110
4453.795240
4423.915932
4431.159520
4414.690350
4435.337850
4442.802701
4404.756668
4410.917765
4399.554810
4413.736629
4442.024193
4434.320186
4416.219741
4426.049964
4427.754221
4422.482757
4421.530430
4440.518224
4414.220723
4451.164278
4436.697288
4414.284633
4466.952974
4446.348935
4467.264951
4454.075899
4443.960118
4439.142928
4448.397862
4477.493406
4378.436006
4376.453829
4429.990347
4430.610893
4432.165276
4434.650205
4397.914348
4428.212029
4417.763831
4450.682098
4431.515501
4407.151497
4421.666503
4444.901416
4434.403191
4419.583984
4441.137989
4407.013182
4408.940602
4431.707501
4440.592504
4447.781865
4461.437940
4438.626224
4487.594483
4470.636406
4460.494726
4482.490488
4452.817499
4420.749846
4432.626757
4479.692780
4427.747067
4427.298500
4422.909626
4419.505595
4423.395492
4407.909103
4460.933332
4407.426439
4410.961614
4417.791012
4406.895032
4437.508368
4394.210995
4413.860135
4432.202821
4399.248393
4442.968471
4435.738899
4451.059193
4437.279864
4432.074991
4420.309016
4441.836435
4443.222288
4462.593780
4454.306153
4451.276546
4418.630402
4480.724211
4447.451867
4397.247754
4431.629042
4429.950407
4421.566948
4410.604813
4439.771520
4432.404410
4435.913308
4431.195209
4426.303768
4427.518913
4436.750820
4417.338319
4428.317774
4414.348087
4410.127942
4417.209650
4432.361199
4399.306733
4403.564089
4457.728529
4455.122168
4429.534340
4464.644854
4462.384238
4471.561963
4447.721291
4469.599638
4439.328415
4442.521054
4436.579647
4423.886729
4432.510564
4418.673058
4419.352368
4442.354117
4414.923531
4434.325731
4408.297060
4411.730461
4452.367827
4412.701600
4412.220396
4435.993470
4421.108422
4431.699399
4422.673067
4412.630648
4416.702626
4422.421211
4429.527966
4424.219909
4429.429326
4462.100430
4428.198927
4460.883363
4447.990270
4429.906561
4447.900329
4436.974184
4465.731969
4483.327172
4410.791805
4407.446125
4418.057117
4426.855038
4417.620066
4435.287447
4424.553227
4431.212474
4391.933622
4447.232037
4441.383825
4446.763439
4406.942314
4432.994931
4417.327890
4428.717674
4412.955545
4444.795801
4434.044988
4430.597801
4428.485544
4435.258806
4434.168181
4444.774426
4425.989707
4447.868056
4448.958011
4451.424235
4446.547287
4470.594777
4360.505402
4449.245679
4403.388370
4430.483413
4429.585991
4421.419422
4430.362816
4424.790584
4403.671952
4445.849570
4413.166673
4417.345923
4432.606814
4436.994266
4423.509787
4421.072903
4443.819708
4425.820377
4406.169502
4432.521740
4451.378083
4438.464052
4434.306269
4451.933124
4433.674124
4428.588908
4450.233422
4436.766197
4458.411224
4430.771473
4444.504701
4456.866777
4498.855559
4401.395399
4424.166215
4427.709783
4432.044484
4425.053529
4427.442940
4452.247081
4432.587408
4424.260710
4420.200235
4443.046471
4440.901037
4446.630642
4436.981375
4429.857222
4445.795368
4428.807375
4441.666041
4416.146577
4431.751372
4442.009380
4435.917841
4452.254202
4432.012727
4462.794226
4445.494218
4460.309581
4459.739519
4410.337504
4480.605814
4376.111184
4470.238010
4437.092296
4429.018689
4429.166368
4436.987818
4413.756443
4423.435305
4417.622363
4454.964565
4398.539722
4397.080591
4420.164783
4443.271419
4410.178484
4426.122588
4427.474543
4418.343045
4401.955509
4444.738968
4417.585412
4428.338124
4437.821565
4438.956486
4412.338847
4454.080726
4432.946413
4459.855213
4426.474050
4460.736559
4473.002410
4448.493489
4463.220769
4433.371849
4427.864118
4421.407092
4429.755580
4431.174060
4449.987048
4434.825993
4407.130657
4434.340934
4445.903768
4436.899734
4419.479878
4428.555900
4436.325040
4419.357973
4419.135547
4428.548899
4437.860970
4450.455722
4437.605404
4417.618764
4457.636038
4466.993634
4442.719450
4423.196947
4455.764014
4425.708951
4425.875245
4442.227756
4418.985290
4457.157797
4432.451702
4441.096286
4434.972967
4431.884912
4423.061820
4404.254339
4449.111933
4407.015536
4437.503094
4414.427747
4416.797610
4438.263493
4435.431475
4428.265658
4424.762064
4438.174563
4421.087569
4444.494196
4412.289639
4427.759279
4432.486425
4402.273376
4457.591105
4434.436061
4442.826790
4463.100243
4450.819012
4462.478373
4426.229005
4473.734713
4458.723000
4438.769900
4424.857752
4426.494309
4416.267627
4444.199817
4429.311798
4437.680673
4450.639049
4454.120241
4413.273622
4427.568457
4445.887398
4385.385835
4449.767626
4422.921464
4454.549257
4420.641917
4447.386908
4434.035170
4424.573743
4449.174301
4447.508161
4472.931206
4433.296378
4420.174306
4458.232255
4465.466936
4447.843918
4464.232459
4451.597692
4459.651745
4438.614313
4427.932121
4455.047913
4413.277062
4422.852048
4415.794804
4401.967359
4441.618784
4392.330576
4447.099718
4435.919325
4429.875579
4425.206714
4442.165354
4421.491618
4433.491246
4432.716346
4416.476839
4421.861704
4455.206982
4413.817361
4419.725654
4422.522363
4440.624096
4455.238505
4419.750021
4415.917547
4459.719151
4423.919364
4459.325749
4460.907412
4437.930661
4428.591499
4412.255712
4440.693280
4430.558827
4440.367965
4414.047143
4465.737796
4394.701558
4455.839339
4399.842968
4427.257304
4404.545184
4422.713066
4438.470760
4439.317485
4441.490245
4422.519123
4451.390683
4437.488036
4439.800252
4453.935325
4425.367617
4414.757698
4442.050159
4441.762701
4447.808738
4444.163805
4472.011402
4446.639253
4460.069943
4429.699158
4426.735239
4437.876598
4407.073835
4421.212125
4412.217634
4444.693116
4416.371803
4397.482944
4432.838389
4415.899078
4444.155559
4432.910773
4425.271321
4430.733270
4420.548969
4405.722205
4431.458032
4426.120777
4437.069199
4431.639496
4418.923422
4455.892632
4419.704627
4448.791888
4452.114463
4448.193982
4451.160073
4459.560879
4462.554815
4458.440505
4425.986372
4432.743385
4431.717976
4439.483789
4428.919838
4421.000267
4427.025781
4430.773172
4432.962070
4428.516683
4452.256635
4436.370004
4440.853172
4446.364727
4426.780847
4424.476189
4445.697617
4436.734671
4415.016338
4419.140596
4419.213680
4426.904688
4446.757660
4439.163593
4428.128650
4450.038669
4455.392688
4464.982098
4433.160357
4458.396346
4458.171739
4416.011409
4424.771436
4428.763562
4425.972048
4431.456732
4426.346382
4417.862083
4418.019034
4398.955658
4417.839837
4444.519517
4419.510643
4443.064438
4426.675089
4428.390327
4420.942776
4442.801475
4457.428737
4446.734444
4440.298730
4443.414214
4462.643611
4436.600305
4432.710157
4446.578860
4454.163430
4457.726794
4439.246426
4469.366173
4461.608346
4456.573547
4426.936473
4440.491831
4430.687684
4411.838259
4453.842835
4390.597135
4447.271172
4457.342068
4441.584867
4430.379899
4446.249201
4459.239741
4402.076345
4404.626026
4436.907763
4407.272611
4440.377227
4436.415121
4448.825791
4428.400667
4451.231340
4445.515938
4418.235047
4436.725912
4432.036373
4458.416794
4461.733009
4453.930179
4460.313409
4448.759416
4454.122377
4438.418487
4422.979346
4421.599741
4435.875725
4450.251713
4447.858052
4409.659392
4405.055418
4424.944760
4402.570711
4445.236831
4417.229191
4435.661390
4437.728496
4433.054459
4439.799518
4434.555473
4399.390745
4413.755523
4446.850855
4430.614664
4423.349942
4440.136221
4439.636288
4461.235003
4446.229879
4439.977896
4448.193085
4439.595903
4456.905138
4453.706821
4432.907630
4420.602455
4441.588032
4438.071605
4392.837266
4432.322387
4425.216300
4453.409068
4441.120066
4440.041540
4401.215315
4449.260775
4422.198551
4434.397526
4430.367047
4406.912188
4450.870405
4462.686184
4449.260395
4441.104464
4450.570648
4448.550445
4451.174785
4427.553660
4436.003984
4446.344795
4432.088724
4476.319897
4434.675469
4459.702456
4452.064768
4431.070920
4435.938293
4447.607349
4428.880680
4432.396077
4434.617518
4455.569579
4428.930248
4400.643158
4451.444824
4414.383507
4437.055038
4430.319793
4430.108944
4447.255633
4437.846870
4402.268388
4467.091683
4420.050725
4449.548081
4437.515849
4435.811843
4440.087637
4446.935804
4455.835657
4406.804215
4458.710633
4427.206675
4466.691974
4448.788219
4453.310254
4434.546476
4432.523536
4407.118071
4446.352238
4433.607256
4435.608147
4422.913514
4440.358103
4432.335875
4443.631395
4437.540796
4433.984948
4425.698637
4437.246590
4436.709208
4437.798661
4390.189502
4443.927542
4428.541998
4430.544027
4442.371842
4462.005186
4428.793391
4443.846151
4467.954284
4468.483435
4455.006675
4456.776921
4456.976662
4441.276779
4455.141467
4437.165092
4442.594779
4440.688734
4442.428357
4400.409345
4438.097146
4444.150061
4460.076559
4446.620650
4404.474414
4421.213542
4447.256563
4428.200342
4405.443971
4456.556484
4452.547086
4426.971417
4454.671149
4401.587965
4444.647700
4433.918943
4453.536825
4432.371947
4434.279807
4440.635499
4440.780083
4463.169449
4417.379179
4456.578498
4441.446857
4455.018371
4433.502677
4424.891244
4418.527258
4417.007739
4460.314567
4437.038286
4420.667185
4416.700020
4419.776588
4417.388063
4426.884590
4434.805611
4432.608871
4419.539003
4440.791701
4430.194934
4423.876778
4440.290932
4447.171166
4443.393654
4414.215086
4449.755700
4429.848983
4450.646572
4447.855993
4442.422400
4442.208248
4450.464255
4445.189007
4446.363230
4451.972874
4443.567683
4434.987730
4442.346537
4451.682997
4436.122927
4414.559493
4425.412137
4437.888419
4416.081162
4436.585785
4446.285208
4425.603535
4447.316837
4429.078896
4431.802187
4455.082437
4436.052025
4419.481172
4433.082104
4449.646488
4456.654680
4434.799752
4450.186111
4441.081816
4446.978564
4426.357006
4458.921950
4450.287344
4443.022356
4446.001814
4451.939942
4438.759093
4426.300514
4417.672798
4404.879050
4437.942494
4450.354262
4433.905418
4446.812323
4431.051359
4420.362629
4412.568475
4425.591472
4447.018874
4418.811391
4456.805631
4422.009749
4439.932652
4456.001226
4437.370188
4443.307428
4433.037436
4437.146130
4440.325518
4438.129601
4444.731574
4431.704617
4434.567108
4435.103326
4468.464561
4433.745767
4451.528439
4430.490567
4438.489077
4438.249550
4440.828948
4443.348968
4422.068080
4409.742828
4452.959433
4392.651213
4425.119940
4449.331025
4447.944443
4425.908731
4422.991948
4426.615521
4437.486208
4432.994414
4469.444841
4439.684048
4451.713797
4436.374834
4430.457876
4429.870026
4461.363441
4443.937713
4425.390895
4441.404760
4469.184224
4444.282461
4447.073176
4449.269869
4434.018207
4434.113773
4422.964503
4415.384391
4428.027871
4436.250464
4447.764857
4451.790934
4461.086074
4426.561539
4411.243404
4438.508087
4425.886599
4426.681966
4427.158087
4421.077103
4460.931065
4448.300483
4418.123969
4410.506511
4462.032041
4435.933839
4441.739992
4423.508306
4454.489130
4456.858091
4449.348107
4419.357362
4447.543192
4452.578890
4444.017705
4433.112236
4434.627578
4427.468924
4453.617692
4436.995830
4430.021009
4407.318302
4419.956235
4442.825538
4413.788548
4443.421776
4454.063696
4412.966484
4450.667502
4432.564530
4438.285404
4433.994978
4412.735375
4450.516377
4422.426521
4450.894454
4410.415265
4455.520447
4444.786402
4434.865360
4440.195183
4439.275537
4435.013884
4453.053682
4439.197380
4447.069389
4425.838194
4435.556275
4431.377716
4418.412495
4415.336403
4436.735538
4432.223583
4436.813759
4422.483130
4447.826061
4409.777974
4456.957318
4415.074171
4440.589723
4445.562404
4406.852716
4451.988014
4436.271358
4435.387604
4434.888905
4437.666768
4443.792760
4446.199606
4427.125535
4455.729505
4439.025052
4441.004034
4445.709128
4431.709393
4444.631531
4445.243360
4438.138929
4436.689217
4422.191698
4448.318832
4440.946797
4437.029806
4424.795097
4420.389645
4450.318325
4419.392885
4441.063166
4433.110476
4454.491853
4426.493605
4418.501332
4447.839801
4443.279974
4446.300635
4419.452150
4435.591416
4438.035129
4434.716471
4431.986605
4433.715753
4445.811095
4451.999313
4442.783687
4452.352914
4410.050974
4468.074547
4440.705489
4437.955325
4421.864557
4431.165945
4441.519157
4407.610438
4436.155903
4421.023920
4437.254126
4459.631866
4434.120399
4439.788453
4417.377779
4443.302249
4419.694178
4441.039570
4431.805130
4423.226277
4448.928629
4435.499358
4429.854912
4430.821285
4449.369639
4436.843321
4456.193320
4449.514105
4430.426132
4431.421513
4469.185143
4430.271945
4454.390015
4436.579762
4429.823926
4426.711593
4439.775585
4404.488566
4440.831573
4450.191741
4415.414557
4426.037392
4417.162086
4448.936044
4432.001833
4428.112275
4423.694089
4448.003319
4461.891196
4427.202645
4430.760257
4444.673002
4446.327392
4429.318886
4429.276784
4465.791352
4415.614203
4461.231630
4395.883203
4462.447245
4436.859107
4454.399034
4453.130648
4459.933265
4443.015370
4427.256615
4438.665389
4436.395741
4417.620211
4442.142741
4396.307188
4450.596939
4437.887688
4427.165300
4432.209631
4408.478328
4441.483687
4420.839351
4433.732507
4426.986954
4424.615861
4438.492678
4427.070383
4429.727840
4429.818516
4440.985533
4446.946212
4457.784976
4448.112665
4404.543220
4448.575283
4409.112409
4469.668552
4406.782957
4443.054272
4449.590520
4435.411232
4431.970035
4420.678091
4444.092504
4421.335094
4436.722590
4456.428500
4402.777293
4442.059654
4417.806522
4440.435272
4444.268563
4426.831820
4431.176307
4451.939293
4415.554427
4439.710179
4411.628837
4441.290252
4419.509548
4437.740328
4430.407590
4437.912424
4429.683877
4452.423829
4445.491688
4428.484950
4448.789190
4437.774705
4461.511309
4441.887511
4439.404142
4436.089561
4437.705716
4441.442326
4418.593235
4430.748719
4397.043064
4462.465785
4451.188899
4420.696596
4435.620636
4419.606167
4462.788401
4433.490048
4420.200487
4419.273634
4448.771192
4420.827306
4461.304343
4431.937583
4419.692242
4438.814181
4414.411314
4433.633025
4422.935425
4431.249219
4444.562750
4437.632946
4442.619110
4441.084811
4446.273684
4436.893838
4437.402981
4422.012821
4433.966792
4429.501084
4444.324103
4442.791495
4419.608430
4402.104734
4469.928623
4432.118478
4424.200875
4421.174328
4444.653528
4431.612554
4417.099882
4447.873636
4430.238722
4460.349192
4438.248764
4428.128258
4444.037840
4452.599482
4418.831354
4432.174050
4449.344837
4437.809933
4433.285382
4448.247776
4447.357916
4448.388090
4435.460784
4438.517875
4442.293574
4436.686344
4427.177093
4416.217388
4417.965635
4444.159771
4440.825604
4447.327160
4421.662300
4428.069928
4455.334843
4409.179435
4461.607218
4444.539302
4443.961637
4445.131813
4414.940191
4401.114662
4433.277893
4459.752534
4433.177781
4436.717011
4441.133918
4448.086143
4411.209495
4456.480457
4433.049186
4449.971826
4442.504015
4438.057257
4438.194363
4436.513631
4422.591886
4422.638216
4429.692675
4442.096521
4420.629135
4421.235218
4443.735678
4395.679357
4445.351663
4456.392260
4452.708208
4416.126668
4438.105248
4455.267346
4439.376414
4443.099621
4452.080090
4444.745508
4421.961882
4426.339030
4444.841371
4442.980369
4436.710541
4424.856031
4452.737194
4431.688730
4452.857706
4444.677285
4444.040665
4430.440504
4437.880646
4433.858923
4446.964097
4406.062767
4430.875868
4441.579877
4420.851993
4441.213766
4433.269390
4429.942153
4418.552883
4419.413559
4428.241743
4455.172862
4391.917613
4454.401836
4399.765482
4430.250272
4423.117057
4437.623780
4441.566715
4424.879855
4438.379355
4439.838106
4444.672325
4430.743156
4452.989375
4444.071909
4444.872586
4438.625890
4429.130363
4453.870782
4426.837441
4437.230167
4454.984371
4408.737114
4423.272174
4435.627700
4415.428924
4426.855771
4403.050775
4443.674400
4430.511624
4420.318750
4433.172064
4434.821206
4445.802856
4427.682256
4435.370200
4438.321372
4425.287278
4419.386806
4421.676076
4437.949620
4447.079662
4439.756299
4443.264955
4440.395023
4439.819613
4447.172916
4439.995411
4429.852918
4426.791950
4415.295716
4443.533211
4437.632050
4445.886578
4437.382066
4425.557304
4437.635679
4430.025510
4436.147122
4421.159860
4445.102701
4426.574800
4428.516513
4439.853279
4405.168951
4430.721674
4429.670069
4442.025508
4412.358413
4449.585000
4411.361213
4441.134017
4415.284833
4432.191596
4428.266011
4461.702840
4439.959141
4444.521322
4428.884356
4426.170759
4436.999829
4446.361104
4419.220241
4420.972680
4437.403887
4434.142984
4429.447828
4425.554699
4387.127679
4453.961154
4427.128464
4445.932721
4408.198993
4453.927772
4436.134445
4451.471569
4441.411068
4433.335202
4411.320063
4437.114955
4428.642350
4441.619869
4424.276279
4433.023499
4451.849370
4439.257345
4438.099054
4442.690612
4444.183282
4422.812684
4440.084914
4434.119250
4414.683051
4426.875846
4447.060213
4427.502234
4441.915546
4442.932749
4427.953049
4462.226369
4423.963053
4445.788354
4439.840114
4409.025756
4436.813745
4443.539032
4431.594690
4398.138658
4449.282112
4433.584620
4455.959598
4430.488510
4437.831466
4453.230087
4432.823351
4437.313133
4437.054645
4451.820266
4437.570800
4449.129579
4435.366049
4443.871516
4405.766579
4451.001410
4450.248817
4403.488289
4426.767270
4429.634587
4462.758184
4413.274835
4427.690585
4426.136253
4415.514842
4421.294391
4423.650351
4455.058374
4412.031685
4418.169014
4440.380080
4437.262284
4415.212245
4435.446774
4448.579684
4445.265915
4416.355747
4440.067476
4455.852557
4428.205708
4432.851843
4445.154784
4443.066199
4434.925625
4427.803286
4435.838830
4444.761900
4398.580751
4443.050882
4457.238152
4388.907718
4434.201416
4406.451468
4447.882883
4453.079375
4439.995681
4425.385458
4417.187418
4431.395558
4460.892929
4422.446509
4452.146842
4424.451912
4443.343124
4451.873169
4407.253741
4423.095268
4437.539702
4419.131341
4450.301160
4442.459213
4440.824672
4446.302863
4444.317679
4438.651701
4426.000521
4440.910229
4405.115940
4457.212083
4448.919993
4398.000381
4446.063223
4441.930361
4413.145946
4435.772771
4396.116028
4449.938707
4437.333649
4434.576247
4433.479825
4454.542996
4421.663485
4450.629012
4431.916909
4436.946658
4434.511527
4454.101285
4438.827217
4435.245095
4442.344987
4444.662481
4423.077394
4438.633061
4438.514136
4446.814779
4441.714116
4421.530464
4447.880750
4433.131144
4431.472718
4378.985953
4461.910341
4448.801083
4394.245473
4447.032332
4422.871118
4425.459570
4414.893616
4413.141454
4436.028260
4428.053024
4420.898355
4433.018918
4432.372200
4425.741300
4416.397081
4429.490834
4424.677373
4428.790663
4420.614200
4440.598376
4435.526223
4442.790516
4449.812979
4434.605039
4446.913286
4435.057163
4422.034423
4438.078807
4413.664214
4443.622590
4442.800914
4419.952529
4384.281586
4450.167110
4444.000131
4394.231339
4406.709980
4462.341702
4446.022053
4423.727665
4451.909339
4437.731220
4427.059527
4448.092866
4447.596080
4428.199262
4430.466268
4433.444225
4450.740091
4438.083862
4436.402102
4429.446142
4429.323408
4443.215061
4432.644277
4448.746726
4426.116306
4443.577846
4432.516951
4442.079559
4433.384741
4420.315362
4417.969613
4439.595728
4449.045642
4389.558166
4454.242900
4449.513264
4436.097571
4444.035913
4414.076404
4438.170736
4430.721941
4423.994432
4427.359587
4431.095848
4423.981076
4444.750006
4424.799834
4428.518678
4444.878382
4449.884144
4428.188634
4436.046187
4455.432007
4446.662315
4438.238723
4433.294389
4435.498912
4416.931934
4436.337468
4420.570473
4435.819527
4434.802356
4403.173774
4411.535266
4450.657387
4423.006985
4400.315030
4441.345914
4418.043809
4446.488628
4435.190190
4426.327182
4444.787943
4432.769395
4420.124813
4444.272055
4446.160369
4422.823296
4437.254928
4417.686678
4446.992545
4435.537811
4453.352639
4398.052956
4457.477516
4438.016226
4430.666657
4425.310097
4438.871709
4439.644771
4430.884602
4428.328490
4439.377148
4427.614785
4430.514173
4443.862940
4423.341342
4434.691463
4436.978767
4426.181105
4432.354358
4423.029050
4446.383338
4423.992268
4423.580366
4441.819557
4419.773329
4439.855732
4455.165519
4416.217490
4429.988248
4443.750698
4411.449817
4446.015539
4443.913246
4448.668947
4440.272871
4426.829282
4438.465760
4435.477604
4412.294302
4429.776639
4399.034430
4437.566392
4459.314167
4405.170201
4410.331851
4448.690649
4448.744812
4402.481750
4464.026206
4432.592016
4435.373722
4444.006566
4425.216305
4437.891339
4436.614163
4427.048217
4428.767714
4443.460740
4447.379842
4431.219000
4448.410051
4430.936704
4441.210323
4435.604679
4442.760562
4440.504444
4436.952251
4434.590838
4414.615086
4453.324051
4434.076703
4433.040122
4418.252833
4423.781738
4431.170248
4445.877463
4408.870520
4444.793439
4441.652475
4419.146041
4415.279660
4457.805872
4409.281267
4445.988341
4415.826983
4432.316038
4453.222700
4412.262930
4436.923277
4428.638304
4440.526458
4435.336405
4433.558757
4431.689824
4439.910652
4447.507088
4440.584431
4429.690626
4432.201711
4432.585748
4442.911239
4398.521786
4441.103987
4434.078800
4425.453927
4396.649959
4425.879551
4433.501646
4433.738677
4425.129603
4439.836595
4429.105611
4420.098672
4436.001628
4418.375891
4444.123758
4434.805347
4428.804278
4430.632708
4439.327437
4428.777388
4451.237036
4433.904082
4423.599072
4443.080459
4440.232051
4440.545190
4440.982915
4432.649463
4429.821790
4428.753468
4412.523534
4447.485618
4449.366497
4420.504004
4413.841845
4452.428573
4439.673917
4429.585743
4420.677934
4433.735883
4436.893598
4424.250332
4413.742533
4447.471395
4411.187584
4440.252927
4410.310619
4438.906796
4441.927092
4424.266957
4429.249871
4427.138989
4443.946970
4448.577262
4412.463101
4449.777942
4433.191399
4446.854541
4430.846162
4422.880907
4437.232267
4436.382764
4430.355772
4392.188158
4446.137838
4442.835964
4427.305252
4421.870746
4400.980910
4446.000554
4419.140241
4419.707585
4443.930628
4449.869037
4402.117601
4444.360576
4415.253780
4434.155843
4430.559052
4425.306937
4441.564068
4447.382547
4446.776424
4409.213494
4447.350857
4437.965610
4461.437850
4426.406719
4447.295482
4427.993209
4438.256158
4436.351180
4415.514944
4432.256043
4447.341619
4436.149963
4415.137449
4427.605257
4441.191802
4457.550346
4442.890275
4464.421833
4438.427726
4408.523647
4434.990986
4423.919965
4453.616957
4408.187052
4436.989271
4412.927748
4444.615928
4457.534414
4406.077616
4433.818208
4423.955377
4436.807712
4426.260509
4436.500265
4439.255705
4444.329015
4435.675729
4432.654505
4417.333962
4448.479492
4439.432506
4418.614367
4400.350241
4442.299393
4459.552778
4418.237048
4413.054052
4396.302747
4445.540755
4432.644785
4439.387527
4440.624206
4428.042420
4419.799528
4445.980700
4428.438850
4435.261673
4433.153957
4416.178597
4434.108080
4447.813058
4423.626337
4430.977994
4436.603275
4442.881561
4446.821846
4440.330507
4433.406921
4435.437549
4437.146750
4440.115497
4411.406861
4446.022843
4458.214201
4409.056104
4403.131922
4455.971266
4435.427524
4420.226326
4429.949788
4411.168608
4446.228061
4416.896929
4445.227268
4442.144344
4419.896709
4417.308002
4430.732185
4429.303753
4437.230055
4441.509368
4412.008079
4440.393148
4429.036025
4431.371925
4432.719826
4442.521836
4444.604819
4436.589423
4427.098991
4426.755491
4418.264793
4451.243876
4439.242662
4405.882072
4435.734782
4454.229149
4432.835825
4413.246956
4437.150186
4436.841290
4423.266961
4409.504498
4449.406886
4434.426273
4403.500725
4440.764633
4444.665373
4420.689798
4436.789064
4423.883824
4417.444508
4447.003535
4444.123099
4424.538679
4442.940797
4439.925614
4447.257665
4440.412774
4435.206088
4422.612391
4446.448554
4438.506266
4425.655555
4406.933097
4469.396179
4439.652974
4407.149548
4410.628289
4440.140379
4451.459089
4433.619443
4459.278326
4416.098835
4423.341204
4440.050339
4450.961258
4452.373925
4395.137698
4443.928606
4413.375579
4436.112676
4438.737683
4429.981544
4418.930602
4435.555271
4429.089857
4429.928000
4440.313809
4443.244259
4433.443954
4430.802228
4437.281300
4409.535859
4442.508654
4443.462080
4419.748889
4395.271173
4463.048177
4456.427496
4403.129211
4411.142999
4455.912258
4430.245605
4438.808989
4425.549888
4441.647418
4418.736214
4426.807986
4441.077772
4434.535984
4416.425890
4447.388504
4416.916956
4434.136987
4440.531750
4440.144381
4416.571177
4465.849906
4439.488224
4438.578318
4433.611540
4427.892194
4426.194881
4441.908612
4439.849657
4413.285434
4435.541449
4445.611607
4422.435335
4413.160172
4446.152966
4447.244665
4422.946545
4426.649777
4437.402459
4451.950031
4424.888164
4419.503766
4429.876485
4452.964810
4416.684908
4449.082073
4419.329334
4439.969128
4454.762114
4413.138291
4446.691326
4414.998996
4428.589833
4443.005282
4442.126132
4427.236786
4441.837278
4435.899530
4427.137016
4407.374594
4448.624634
4442.817516
4419.186625
4420.327233
4446.376017
4446.454338
4403.015141
4410.703489
4425.181240
4442.032234
4413.313229
4459.994057
4427.527384
4440.337511
4414.171534
4438.445573
4451.387216
4423.524665
4443.620191
4408.274453
4470.924712
4421.730342
4446.958394
4434.283221
4449.047686
4437.204668
4435.056527
4435.318516
4412.827906
4441.808515
4442.036661
4428.018556
4401.691168
4452.890138
4447.536473
4419.133140
4413.988091
4452.344301
4459.665209
4435.395308
4435.719790
4447.118620
4445.572417
4445.990308
4444.066277
4418.006053
4449.431306
4420.071505
4423.346714
4444.215687
4434.170832
4442.494368
4402.296833
4428.470543
4432.220980
4447.325198
4438.621908
4434.929173
4431.693308
4441.834724
4439.524230
4406.356020
4435.778991
4453.008412
4423.009180
4403.214058
4445.360087
4450.315638
4415.958635
4395.209632
4472.287865
4427.840465
4406.217126
4403.886737
4443.272878
4429.353319
4443.132103
4415.509300
4452.974832
4458.861313
4431.912996
4433.453832
4426.162073
4446.999016
4448.584756
4431.970153
4441.326539
4440.169520
4436.295101
4426.902880
4427.123230
4413.506073
4457.016347
4438.937849
4408.572768
4424.452879
4449.932140
4436.753181
4410.969800
4449.801673
4456.202289
4434.068253
4427.097306
4444.568395
4420.007772
4418.490515
4422.247040
4434.646276
4456.446616
4413.087113
4423.485512
4445.820418
4436.634187
4442.077233
4432.845503
4407.535847
4443.215463
4445.367071
4432.911333
4435.794397
4426.220103
4443.963484
4438.119294
4426.714720
4406.839282
4457.535031
4445.827064
4412.572409
4412.671632
4449.675847
4436.009112
4411.896474
4415.899327
4423.070860
4449.840566
4388.003247
4423.349892
4431.718899
4417.613240
4423.373560
4427.801247
4423.385465
4427.298882
4433.493019
4421.226746
4438.316381
4458.011253
4434.134029
4439.277146
4442.953461
4430.686757
4435.442563
4432.752320
4422.126940
4434.071961
4446.248234
4427.279440
4410.882615
4449.455576
4446.809630
4420.556717
4424.267381
4431.188919
4466.381993
4435.264226
4431.215035
4459.150006
4411.157520
4424.757611
4448.897669
4412.329871
4440.540136
4427.271054
4428.158639
4439.740843
4446.424810
4414.043253
4413.755698
4437.592587
4442.905689
4436.184212
4434.187944
4434.526411
4420.907194
4443.834641
4437.081631
4421.592861
4420.353843
4453.074519
4434.408350
4413.883562
4427.274894
4442.670860
4442.231967
4414.951908
4406.572381
4459.858462
4430.355908
4446.569919
4457.678216
4429.521778
4428.249179
4443.429088
4434.479611
4445.273884
4427.268400
4438.741611
4449.664068
4442.486030
4438.342481
4447.029230
4434.180683
4428.102053
4441.802567
4431.855818
4433.792369
4407.145869
4453.759784
4442.634413
4420.789919
4408.794331
4452.719438
4453.918865
4413.820023
4418.188910
4449.434070
4464.769065
4416.631847
4411.921835
4452.678779
4416.732348
4426.832206
4438.063320
4408.308236
4423.568995
4426.138202
4435.116071
4442.342684
4409.087093
4443.444397
4422.892911
4441.703586
4437.934574
4436.181241
4435.267056
4418.466582
4435.332699
4444.608936
4426.905038
4403.217732
4449.300765
4458.504739
4410.031701
4407.550149
4454.245569
4457.743720
4397.052033
4415.232961
4450.967270
4441.509591
4419.008736
4419.352138
4433.435145
4448.525324
4453.299138
4431.395492
4421.080753
4430.900106
4418.071122
4443.208671
4438.328368
4443.120633
4446.930917
4435.107682
4434.566771
4432.165478
4440.124952
4440.606205
4417.052843
4428.150616
4452.263335
4427.125602
4405.524193
4449.209327
4457.161243
4411.972518
4414.019781
4468.901952
4439.493770
4403.587380
4425.060804
4429.438585
4449.131106
4419.603704
4429.265309
4441.912511
4431.245730
4448.214532
4409.404200
4445.173142
4438.667067
4421.122090
4439.229611
4428.750594
4438.687731
4436.619718
4430.293138
4430.180421
4418.188944
4446.821677
4440.845113
4419.359161
4414.453831
4452.094605
4438.314051
4405.620589
4443.620292
4448.614939
4411.361186
4421.334698
4451.640397
4422.934255
4432.641568
4430.062449
4430.750255
4426.472703
4440.085145
4401.760104
4456.448722
4404.298771
4428.002789
4427.250535
4434.797628
4458.759492
4434.290558
4443.409278
4436.756569
4424.982458
4438.734336
4437.878731
4430.831283
4413.844332
4452.639076
4442.116762
4421.331609
4405.365548
4460.943353
4437.922606
4416.752272
4428.290815
4437.905638
4432.307810
4418.505278
4428.289126
4434.880360
4431.707857
4427.184492
4431.498727
4449.983977
4412.511121
4444.857085
4441.467539
4410.047716
4438.430506
4425.694060
4443.565836
4433.577666
4428.431304
4435.789888
4438.138612
4419.544061
4429.753668
4441.047090
4432.776351
4409.609560
4447.751596
4442.176338
4425.000596
4406.316909
4447.893565
4445.267842
4420.894857
4413.277194
4451.885585
4428.095941
4424.951466
4429.322480
4437.855410
4423.324575
4436.908113
4444.883582
4447.142712
4434.818120
4442.960367
4435.702232
4426.633517
4451.600789
4436.382704
4435.102644
4434.112141
4420.503825
4438.225127
4443.774942
4418.679339
4424.642515
4440.575512
4440.614848
4410.581535
4435.016617
4453.898600
4428.307500
4401.956936
4449.727693
4442.000275
4407.950387
4429.236357
4429.330627
4431.613120
4431.455713
4426.260001
4443.037289
4412.050867
4432.249886
4441.270725
4423.454204
4414.675393
4448.585225
4428.868887
4440.077767
4432.300210
4431.613718
4436.787510
4438.616076
4413.523351
4437.755776
4443.727942
4419.755841
4412.354449
4442.817989
4455.600162
4404.850896
4433.534607
4446.738479
4421.733443
4418.249077
4444.762477
4433.907896
4433.699205
4426.397526
4430.146437
4442.373013
4416.336184
4426.199046
4428.019097
4443.987321
4433.983409
4456.432395
4428.918006
4439.244623
4439.678525
4435.805739
4430.792505
4428.115992
4421.766448
4438.786446
4446.376618
4411.123425
4431.962730
4455.823733
4415.816439
4408.523197
4447.319444
4444.363805
4419.074079
4431.313575
4433.475406
4438.338901
4419.989259
4426.384424
4437.919380
4419.424219
4449.749182
4430.001625
4434.991678
4433.042021
4425.129751
4425.041658
4429.954342
4430.215235
4454.188327
4430.541026
4433.972808
4424.824982
4436.572667
4438.560242
4429.231080
4410.237120
4453.720665
4438.943050
4413.645172
4425.610645
4450.084535
4433.933055
4411.199215
4437.804708
4444.018191
4422.828742
4419.501528
4438.977289
4443.845293
4422.174494
4437.667170
4410.195482
4435.695647
4431.253414
4411.649877
4459.209758
4415.031490
4454.420463
4432.548955
4444.905327
4435.360321
4427.964369
4434.005100
4438.308920
4414.267381
4437.244245
4440.257915
4430.161786
4411.804135
4451.151174
4441.564994
4417.401413
4413.893482
4446.559136
4443.366888
4410.051683
4430.268682
4451.530466
4421.689200
4423.034500
4419.954154
4443.338962
4441.057919
4406.995588
4429.195096
4416.850022
4434.798177
4407.869572
4444.102530
4429.909284
4438.836506
4443.373998
4434.127600
4431.197537
4422.510631
4441.166258
4438.328714
4419.904127
4424.685100
4441.835927
4437.120560
4410.425487
4445.279510
4447.438081
4417.300483
4408.916480
4458.560429
4439.183093
4413.788519
4432.156807
4440.026368
4453.623548
4410.321894
4429.276015
4410.353803
4458.461437
4415.329999
4436.947495
4443.421515
4431.616605
4434.223180
4444.401132
4435.123907
4430.464876
4435.687939
4432.485370
4437.865818
4415.864401
4441.764670
4442.826391
4422.867234
4417.395945
4443.769960
4442.587380
4409.179408
4436.147628
4446.446774
4424.717503
4409.187496
4445.560833
4449.458275
4410.059238
4421.975121
4434.924313
4441.868079
4432.927939
4415.782095
4437.445751
4438.080162
4408.917151
4443.739686
4430.325143
4443.142465
4436.836856
4434.872934
4433.161239
4424.215311
4425.812862
4437.609486
4438.918770
4409.574435
4441.490826
4442.905753
4424.732461
4408.114001
4459.119607
4438.803333
4417.487500
4423.644894
4445.835049
4434.808815
4412.779024
4448.961183
4438.981437
4428.463881
4412.827221
4442.048869
4433.243352
4437.153876
4427.584354
4440.280117
4449.031637
4420.876539
4450.505446
4435.207971
4433.902040
4423.552004
4438.169403
4442.246369
4423.160624
4420.246971
4441.134406
4444.528004
4406.074759
4440.859592
4439.339052
4427.028243
4407.007284
4455.138843
4446.051301
4418.515641
4418.550697
4440.148802
4439.819481
4408.158135
4439.535060
4441.732731
4428.098921
4425.898441
4415.823503
4438.892194
4440.191120
4417.100270
4435.499988
4443.271226
4433.699218
4430.138626
4433.177822
4436.120111
4413.411302
4436.769671
4443.963343
4422.476843
4415.340218
4447.823286
4441.474586
4412.076267
4434.905465
4444.075358
4432.488188
4414.239062
4443.494514
4450.720408
4423.615863
4413.075856
4461.454307
4431.463584
4422.967542
4419.360048
4445.297438
4450.019537
4421.031449
4422.856091
4457.043392
4440.566654
4430.734940
4444.140396
4432.570859
4430.264463
4424.928111
4439.856819
4440.647779
4411.194596
4439.845170
4439.844710
4428.308337
4414.402566
4445.689154
4442.985630
4417.524277
4425.064626
4438.465323
4445.970768
4408.421069
4439.561322
4428.488494
4425.163084
4416.911374
4442.203976
4446.243005
4412.370656
4416.227243
4441.511302
4453.456947
4405.360042
4435.596046
4433.693688
4438.898269
4429.673653
4433.743059
4434.650403
4430.574906
4419.227260
4441.462186
4441.155900
4415.884858
4430.795446
4439.578763
4437.016183
4413.644374
4437.706512
4456.079081
4411.106216
4414.832117
4449.558624
4443.537398
4421.058663
4430.865497
4449.935746
4425.666298
4411.845305
4453.307251
4449.195618
4417.447028
4426.394311
4450.914916
4445.136326
4429.555303
4442.026737
4436.341817
4431.775561
4425.016445
4430.732941
4433.897347
4440.193628
4413.052518
4440.314139
4444.324206
4419.462407
4419.551699
4444.698627
4441.508244
4408.386962
4443.153180
4446.467390
4415.445388
4412.202979
4446.478125
4445.237342
4412.225436
4425.291083
4448.853619
4423.088725
4414.589314
4439.299371
4443.840743
4420.522435
4434.159165
4431.763282
4440.089535
4433.005414
4425.148343
4434.194819
4442.017341
4423.664293
4419.944815
4440.042332
4443.012147
4404.804954
4439.557657
4451.873079
4417.404768
4419.556146
4444.955954
4441.913301
4412.284612
4435.991794
4450.995987
4419.311008
4415.109638
4450.728729
4432.523006
4422.206581
4435.454977
4449.707686
4431.741622
4432.247037
4440.885309
4433.970460
4442.872850
4432.982344
4429.161058
4433.409329
4436.891691
4411.567548
4439.262877
4444.314732
4421.493392
4417.498657
4451.698641
4436.616760
4406.371736
4445.335060
4439.440653
4425.007827
4418.584727
4444.557434
4442.445745
4412.947269
4432.112280
4443.762102
4430.255595
4420.783122
4437.880831
4436.306272
4422.162353
4429.048250
4431.432389
4446.674074
4426.160819
4439.529782
4433.567603
4431.474033
4427.518980
4425.838615
4441.264312
4437.856724
4408.629304
4442.752422
4439.458863
4423.437985
4423.581213
4444.536356
4442.219686
4415.106575
4434.320445
4438.826723
4430.023729
4420.010446
4444.316563
4442.276286
4420.373908
4422.060566
4443.321130
4440.748483
4423.825075
4434.622160
4449.533513
4435.429108
4431.949580
4432.951884
4439.889574
4434.210859
4429.879504
4435.841969
4434.315993
4426.738244
4423.124046
4443.579513
4436.657729
4419.129058
4435.478094
4433.186871
4436.743192
4416.356334
4440.564063
4445.316782
4419.538078
4424.266157
4435.420667
4443.132543
4416.312801
4440.026012
4453.401903
4418.967240
4416.562323
4444.785419
4443.773989
4415.422133
4427.197716
4446.797218
4437.409920
4434.749068
4436.135373
4434.804569
4429.954310
4423.829396
4433.332317
4431.656180
4437.265946
4415.990448
4434.803593
4449.363728
4419.718586
4423.704206
4440.813452
4438.482824
4407.071068
4440.575264
4445.728331
4426.442568
4414.570339
4448.509991
4438.688202
4406.790431
4441.098016
4456.967501
4417.507380
4415.887916
4460.497871
4439.861262
4421.069818
4434.598044
4433.300071
4436.307907
4432.907100
4427.912221
4433.550789
4441.999626
4423.121624
4420.848527
4443.865139
4440.818376
4404.072847
4440.106543
4450.332675
4414.982746
4419.163913
4446.890788
4440.371286
4401.658543
4442.316884
4444.774898
4422.797727
4416.553892
4454.298150
4443.742980
4403.306224
4441.322374
4451.841224
4419.488563
4414.984077
4449.860873
4441.967882
4429.790743
4438.607920
4431.125741
4431.174117
4433.026101
4410.082565
4440.823113
4448.114387
4413.664661
4421.040669
4450.984898
4436.424396
4403.471161
4448.293040
4442.107707
4416.216770
4421.230482
4448.635926
4437.613635
4410.027656
4451.069338
4429.814737
4422.433438
4412.517698
4463.648538
4433.340684
4415.517820
4451.626610
4438.574127
4426.711378
4430.758956
4438.870187
4432.426918
4431.973514
4422.718591
4435.173829
4441.699644
4428.071150
4410.009190
4448.903640
4442.158950
4411.471443
4430.332067
4445.506072
4436.491358
4413.289158
4438.302009
4440.256060
4422.375485
4423.078703
4445.652004
4438.537455
4421.466847
4440.883197
4428.730990
4431.680245
4414.591622
4442.042153
4438.900575
4419.589758
4448.719071
4426.648614
4441.089783
4434.282721
4428.868505
4435.047552
4430.331375
4418.398281
4433.102442
4441.033338
4426.046153
4420.614209
4444.668262
4431.158775
4429.359129
4421.592612
4437.949541
4441.417659
4418.514118
4438.299410
4434.535969
4434.964306
4422.135137
4439.197149
4434.965571
4430.979157
4430.715928
4432.916726
4443.277147
4419.337026
4438.215502
4440.325058
4432.533414
4438.674083
4433.403677
4430.729689
4432.480464
4424.044696
4438.953718
4429.580784
4428.722766
4426.908146
4429.363860
4446.310099
4420.275350
4427.332952
4439.102633
4434.479850
4415.846702
4434.611949
4448.502021
4420.582390
4427.444550
4440.119958
4441.786686
4420.211424
4435.661715
4441.783180
4427.333004
4419.940352
4431.501279
4454.198920
4417.192155
4434.711974
4436.227243
4432.365519
4431.053418
4431.133598
4427.613820
4440.110023
4421.814244
4426.573551
4444.005716
4433.200333
4409.068783
4441.787601
4447.011702
4415.280242
4423.207497
4440.725222
4445.526841
4408.334771
4436.815310
4448.078297
4417.933054
4421.115564
4445.101711
4437.512316
4421.249453
4437.955582
4445.033928
4420.785345
4418.934255
4450.192671
4444.174686
4429.773873
4440.379119
4430.857548
4431.456897
4430.655326
4416.069708
4437.861865
4447.114758
4406.130288
4433.861242
4446.305412
4424.955036
4410.062069
4447.287092
4445.616051
4415.095294
4418.810234
4448.654833
4440.313936
4404.925875
4440.419023
4447.552133
4421.684643
4425.853650
4437.301805
4439.119414
4414.477865
4448.130841
4444.696901
4427.325658
4428.045900
4433.044041
4433.044875
4432.636543
4422.638489
4436.565673
4440.627648
4422.203739
4417.472815
4444.540996
4437.480418
4406.083953
4439.698939
4439.602283
4425.994480
4409.956224
4453.210326
4437.390404
4420.073044
4416.798625
4453.691760
4437.702344
4410.618783
4438.763741
4435.835582
4426.696375
4434.960387
4429.138925
4448.474406
4429.192585
4443.918543
4439.804862
4439.992334
4435.517818
4431.283578
4429.991055
4428.595599
4418.443138
4440.013838
4434.374906
4422.516486
4425.358184
4440.265942
4437.349414
4413.157172
4435.870481
4439.287843
4428.272447
4414.980229
4445.872094
4432.185238
4429.005017
4413.899551
4451.068377
4439.224045
4423.210698
4445.953233
4414.584061
4437.579113
4422.233060
4444.296656
4434.188650
4431.763459
4433.416733
4434.417852
4428.994119
4429.907755
4433.674945
4431.582094
4427.151212
4428.407557
4434.011886
4428.435832
4432.743393
4417.302072
4441.017993
4435.292329
4421.129449
4430.570754
4435.690377
4435.522937
4421.325232
4436.451819
4435.055955
4431.049074
4419.050161
4433.706726
4435.483187
4435.969197
4427.465380
4423.822898
4441.601068
4432.661431
4443.309566
4438.644402
4433.136977
4431.572037
4430.338448
4425.216966
4437.287782
4427.054780
4424.205208
4440.241902
4427.882862
4427.669142
4430.469130
4439.686673
4420.180458
4431.880259
4437.448959
4431.797893
4422.536100
4433.334606
4435.610147
4431.783386
4426.463863
4435.289554
4446.920110
4419.104778
4438.325434
4429.145808
4431.536184
4430.936972
4436.415370
4438.339296
4432.800913
4436.229088
4430.016566
4432.096908
4430.843467
4424.199099
4435.401436
4434.158138
4423.797602
4428.141976
4437.375470
4429.008157
4424.330828
4432.872946
4439.170661
4422.239662
4430.073171
4436.028620
4434.560128
4425.970282
4429.787672
4440.063851
4427.533942
4425.611816
4435.812869
4432.661454
4427.883492
4436.728860
4432.102579
4438.575502
4435.879675
4438.640699
4432.944906
4427.994451
4428.344339
4435.040508
4431.099512
4427.378848
4429.565440
4434.694703
4434.053207
4426.115909
4430.005426
4437.021036
4433.166969
4425.097434
4431.878459
4441.070760
4428.944360
4427.317688
4438.499517
4437.801022
4430.573637
4431.232239
4436.405335
4441.112213
4434.555612
4435.274320
4434.168055
4435.522292
4442.345470
4441.034553
4449.568480
4447.918763

SCALARS temperature float 1
LOOKUP_TABLE default
300.253777
300.245169
300.248706
300.233903
300.212442
300.191202
300.175002
300.151392
300.130705
300.117184
300.135487
300.218494
300.476483
301.121467
302.750053
306.334333
313.143501
324.836976
341.860445
363.214706
381.689138
1062.441358
990.249251
1003.183393
994.758936
924.281185
598.698723
587.183192
560.461437
537.125538
450.770151
300.248453
300.276608
300.305728
300.298027
300.289663
300.280583
300.273529
300.247417
300.223242
300.209224
300.228767
300.354624
300.692460
301.647260
303.679124
308.176107
315.947119
332.589131
346.473537
371.394174
384.858185
785.657002
658.585154
619.325751
588.957638
540.787790
517.298992
483.256978
469.136848
454.223958
449.617454
300.247624
300.302546
300.348532
300.389468
300.418255
300.442313
300.440557
300.436236
300.389666
300.394604
300.381779
300.589215
300.964018
302.251237
304.372536
311.242858
319.482359
337.182952
362.187134
394.776200
394.565971
961.139971
814.449973
725.115709
680.584770
618.720822
557.264758
487.437182
462.054533
448.739955
435.914410
300.264164
300.346365
300.445548
300.560966
300.622711
300.741067
300.731403
300.787310
300.710195
300.699591
300.685732
300.906042
301.374578
303.021976
306.160835
312.515278
323.688031
355.686993
362.447951
398.406628
420.628414
491.703460
862.210146
737.467981
561.822418
510.934078
519.317369
487.287408
460.283157
446.950856
408.306014
300.309452
300.437644
300.602347
300.851805
301.000234
301.188173
301.238642
301.286994
301.230852
301.150400
301.213059
301.388991
302.132018
303.791681
307.071472
316.313298
330.877355
347.232111
380.471257
441.050310
441.367638
1194.015727
811.011279
656.284127
610.330141
561.591728
468.347371
420.993811
398.291898
418.125068
389.025840
300.372658
300.916544
300.839388
301.335314
301.594024
301.833862
301.967329
301.949947
302.064007
301.784747
301.967798
301.904705
302.917964
304.930296
310.060316
317.421774
332.620962
359.976630
412.789327
425.188699
459.058744
893.975052
954.239387
712.275970
594.586120
507.263770
443.465739
464.156718
427.243190
394.757433
368.414415
300.407212
300.646990
301.012312
302.336597
302.759988
302.830083
302.912581
302.597655
302.872268
302.515116
302.858660
302.859562
303.939880
305.717720
311.349262
320.591455
340.060860
369.460010
385.316593
433.174910
466.583405
945.068357
875.740690
760.607407
647.668874
540.865777
509.774277
396.199352
425.867612
377.331864
358.127305
300.402351
300.630107
301.216648
301.641457
302.312245
303.056948
305.119375
303.461188
304.344139
303.361726
304.571106
303.718864
305.307558
306.777007
312.941906
323.250597
339.214346
369.202117
430.161733
466.053113
464.098159
1145.960651
929.153838
814.310023
678.424813
534.010655
458.459203
416.706597
440.927616
375.030578
358.021041
300.381662
300.603696
301.001351
301.502105
302.214372
302.916744
303.477544
303.558746
303.632503
305.054846
304.838820
305.846204
305.975127
308.230384
319.637302
321.671733
350.906452
368.694699
380.268366
418.121756
457.594994
972.838840
967.603308
786.312595
700.502589
600.373002
563.150965
493.612436
403.116146
381.415374
365.700356
300.377973
300.600359
300.935405
301.437029
302.072053
302.949657
302.946533
303.348387
303.598737
304.178067
304.933618
306.175979
307.828411
308.747495
313.627951
336.545418
331.321266
375.316888
417.098403
452.169431
454.366224
1145.783043
934.029475
963.384316
865.292144
721.583090
554.486096
458.122990
430.494293
397.308384
382.259253
300.393782
300.616835
301.002585
301.616472
301.851045
302.232936
302.566625
302.838956
303.139419
303.924560
305.000019
306.269233
307.272553
313.910616
319.200330
321.238229
346.841857
365.611061
413.299972
449.242793
452.507109
981.160621
948.507069
947.529579
712.435372
628.336744
636.363687
494.431336
555.929540
423.139172
405.942295
300.423010
300.640499
301.016454
301.551617
301.930616
302.075877
302.816415
302.631243
302.893672
303.763333
305.723937
305.792566
310.505025
309.142572
313.602008
326.939153
351.560714
379.839382
418.278661
456.570712
462.142249
996.874323
1054.677961
917.534222
852.684434
845.446064
706.357490
587.851679
487.626378
450.012623
435.815401
300.434688
300.659116
300.998196
301.491739
301.893727
302.112422
302.543130
302.584669
303.059075
303.490149
304.427846
305.657225
307.914039
313.881017
322.559425
332.098772
343.991590
392.470744
415.728837
457.436678
480.156273
950.380841
918.528156
903.336536
919.289251
791.912251
708.489074
596.990917
520.451343
490.403400
474.083737
300.490179
300.721792
301.062488
301.452844
301.860160
302.175327
302.373315
303.767260
302.960150
303.514470
304.617479
306.428211
310.470264
309.985026
319.190101
328.127552
382.520960
368.544163
438.369846
463.281612
975.097473
988.156061
903.471770
925.861994
887.392737
943.250985
768.719259
677.389683
665.474164
557.272774
521.728950
300.579514
300.821197
301.116119
301.580117
302.033998
302.318146
302.566926
303.428711
303.232132
304.939362
305.527579
305.999705
308.507987
312.139411
322.387660
332.965270
355.789254
358.963937
460.229674
480.975456
503.030795
538.989303
989.874654
858.669761
878.676241
895.099179
817.966182
741.607284
635.106214
554.409700
565.712229
300.702764
300.968389
301.400581
301.688337
302.072822
302.585191
303.106252
302.991614
303.374013
304.459813
307.207710
306.223566
308.351260
312.172794
320.416708
335.771796
377.595197
402.516191
408.662146
486.870413
518.937702
938.434431
906.762512
859.160344
769.405574
836.790046
864.366194
816.210172
786.813214
607.447348
612.642779
300.759468
301.069155
301.501585
301.891251
303.612490
302.756065
303.313186
303.257605
306.986282
305.091050
309.420424
306.381622
308.762568
313.110833
320.632728
331.048893
360.352339
378.403597
467.650538
521.338224
524.498936
992.062413
892.812458
841.387548
817.947525
832.859013
863.612284
749.372932
700.455433
640.594714
668.201086
300.773681
301.101935
301.621228
301.952385
302.375785
304.366382
303.092263
303.506220
304.269858
304.925838
305.950214
307.318924
309.048686
313.584144
321.689826
341.082776
348.070815
394.543844
446.016678
430.291795
523.210433
989.840353
913.208469
805.869644
811.761155
752.075421
732.517636
803.348266
742.132498
747.501672
702.935211
300.729543
301.048660
301.514182
302.418092
304.588339
305.163353
303.416543
304.780820
304.603231
307.992834
307.336576
311.238691
311.345429
314.489433
319.481872
330.910523
370.209291
409.962377
461.047989
510.901369
512.498424
572.937771
997.462513
815.186446
770.613298
775.522899
730.525549
801.859459
727.450039
750.443683
720.237552
300.652172
300.952798
301.381030
301.867238
302.497413
303.302736
305.125020
304.250754
304.982168
308.526044
308.457151
310.986353
310.244405
313.704594
325.197192
337.964715
343.528677
369.762990
410.496977
484.097442
509.752662
962.313424
963.271363
913.212130
826.864974
756.066227
730.520828
751.185221
773.225509
760.518237
729.970754
300.574449
300.860337
301.301579
301.888848
302.514955
304.502396
305.674929
305.305028
306.827723
306.218176
307.167338
308.508261
312.087151
319.893288
318.078463
331.476546
373.309412
379.376009
416.611697
504.450059
1209.664822
1006.444108
956.021688
928.869262
770.585364
744.318607
708.297918
698.728687
728.645469
736.886156
734.883719
300.523394
300.789502
301.150073
301.607346
302.070577
302.893838
304.044577
308.682047
306.508598
306.876088
307.850125
309.378267
313.398154
317.047291
325.479635
337.508207
346.155668
395.005176
450.006135
468.887594
530.442011
526.305220
997.364314
912.991840
897.138195
748.109185
711.110744
697.605014
705.211475
738.517974
685.778440
300.478125
300.728944
301.139991
301.629295
302.237900
302.815799
304.778776
305.748434
306.680159
310.617435
309.607795
309.203921
312.183097
318.123782
322.101229
333.513327
357.714906
381.528534
417.631012
509.756831
1018.856235
523.218383
950.464075
885.015741
909.173401
797.231588
717.937460
708.332901
708.343270
711.781527
726.634798
300.445511
300.683143
301.035385
301.421408
301.968245
302.686157
303.201069
304.078108
305.789549
306.377213
308.163684
308.927908
311.960241
317.290853
322.983366
333.032458
353.023383
392.724656
455.133274
456.505244
523.234036
1015.458259
966.096149
880.543718
844.591805
841.018028
780.557284
721.236504
711.280205
702.322494
723.719132
300.410352
300.631600
300.967608
301.464487
301.989766
302.525642
303.156720
303.986190
307.156279
305.766773
306.828194
309.191259
312.151120
317.700154
322.109785
332.712196
348.439994
377.136159
420.749401
460.146422
513.419598
1001.373642
946.260930
914.915461
835.447621
765.317987
733.961144
717.451021
703.898526
705.076438
721.520200
300.396359
300.603870
300.917430
301.244531
301.688282
302.221707
302.842885
303.438261
304.236086
305.340071
306.783164
308.715425
312.789308
319.392875
315.955665
333.233217
352.101981
372.745448
414.821421
500.017824
495.203851
513.419112
918.543395
836.129584
801.022605
786.474609
730.844736
758.798182
707.010989
706.735662
718.295085
300.393048
300.601378
300.899002
301.335419
301.894100
302.521383
303.201272
303.642252
304.430944
305.420292
308.576099
309.028019
312.987079
316.615788
322.427387
330.623440
339.717901
385.087528
432.421903
433.199337
1039.287637
1179.770556
995.702610
911.610989
859.574982
766.580464
734.158578
722.733972
712.619015
709.067150
712.211747
300.396635
300.606041
300.954001
301.261030
301.641036
302.443812
302.943529
303.617760
304.703730
305.973781
307.199053
309.707464
313.014138
320.380323
316.291791
331.365556
352.840174
360.993437
398.084551
478.021972
491.594029
500.542901
982.607941
979.279337
867.186672
751.942571
725.015936
706.902027
700.211938
703.811257
713.721815
300.373720
300.585013
300.922135
301.359281
301.941283
302.543689
304.209612
304.379477
305.478536
308.466541
309.371496
316.756016
312.950947
317.084923
320.032114
329.014767
344.704801
382.736344
427.409112
480.251852
493.781674
1025.472297
963.514008
966.798621
885.559206
760.748706
780.413252
718.867900
706.138384
696.540931
713.464639
300.350296
300.551558
300.844153
301.267278
301.723228
302.346199
303.135110
304.226567
306.999358
306.690691
310.608657
313.760899
317.588166
318.396331
322.596524
334.182883
350.920741
387.739376
383.898572
433.358024
972.646273
482.024403
1035.545299
880.732082
924.393427
781.662569
708.103207
750.203726
696.567819
696.133366
710.647185
300.337273
300.540723
300.885869
301.401227
301.935164
302.695025
303.415180
303.921123
305.932625
312.129570
308.295878
312.353318
313.340072
315.074043
319.985974
332.892781
344.111249
362.612236
432.885894
477.848149
480.627909
1102.113442
877.731797
944.014874
862.004387
854.129434
792.727558
728.215537
699.293326
699.270422
711.976408
300.366258
300.568664
300.876675
301.319158
301.859269
302.397661
303.109345
304.039369
305.183390
305.533495
309.231336
309.699356
317.940923
318.649845
332.225432
326.771839
357.358751
380.824758
423.074162
431.390257
504.677487
979.524761
1112.354932
841.686261
813.373435
850.566263
816.027064
746.653183
729.976306
710.186041
701.737498
300.433626
300.645110
301.004517
301.574876
302.140344
302.843142
303.545481
304.926240
306.444611
305.637200
310.313610
308.776131
311.964736
320.847438
316.556269
342.147371
334.696016
361.568861
387.565523
477.820182
491.396422
1226.466900
914.275693
791.114274
775.869349
785.810110
788.048931
800.356173
719.223553
717.483505
714.496095
300.534844
300.777867
301.090819
301.585130
302.222458
303.054076
303.886568
304.467131
305.843742
305.568299
306.959919
309.425909
311.459831
315.625079
321.475123
331.488624
339.779260
407.116262
408.450292
485.589547
507.548854
1029.019020
994.634287
932.966153
740.900685
739.771251
733.437525
764.492580
730.190953
719.612725
719.591914
300.598951
300.854879
301.303657
302.120375
302.946425
304.192942
304.980339
305.174777
309.121470
306.321515
309.379645
309.355692
311.129870
314.500016
318.390101
327.051864
346.715262
376.029153
409.533487
441.512505
536.586510
552.425522
1001.152197
826.627788
749.066503
722.835158
697.530814
718.926720
712.762403
731.461920
710.728803
300.640300
300.970449
301.416136
302.005632
303.146004
304.298324
305.161235
307.784703
306.540548
308.233952
310.108982
309.376466
310.774166
314.530228
319.495471
330.555802
348.701554
363.925194
462.559123
516.945985
538.423515
622.310735
861.914818
1009.783915
984.052990
704.718233
679.504892
662.927348
732.452999
701.850887
717.787033
300.650569
300.995362
301.646587
302.789284
303.541685
305.701922
306.544096
308.636999
307.417799
307.805728
311.251011
312.491427
313.326636
314.669558
317.805313
328.340075
332.605036
395.339186
403.774203
450.464859
1318.604679
1029.717340
1006.738614
960.933612
808.500159
777.592956
710.349941
685.303453
681.067149
694.304285
721.049087
300.647397
301.028646
301.679104
303.130622
305.207329
304.905177
307.999915
309.244270
316.732476
310.725865
309.728089
310.681270
312.515679
316.456061
321.270411
338.533828
360.311305
371.981018
455.585950
531.276037
535.743074
626.498434
1116.458367
826.507800
869.047297
771.556922
673.035981
675.564107
658.374864
661.754690
707.192960
300.627430
301.038423
301.847179
303.252019
305.981917
308.174429
308.601641
307.261349
308.869242
310.578203
312.952884
310.878330
313.319226
314.104878
317.606875
325.528535
341.154435
378.664819
436.771133
535.193723
576.616587
960.402238
997.295101
925.590246
867.758140
751.099084
827.379925
714.342853
650.489754
647.335296
665.606788
300.619754
301.033156
301.721028
302.811142
304.404220
306.591803
310.312602
311.453857
311.277812
309.074055
309.948609
312.601512
314.535279
317.334099
327.916723
329.751800
363.540308
394.633899
412.151008
567.189333
603.772674
1080.622131
975.958077
896.637483
942.575032
857.763662
771.607866
716.288257
753.144541
639.278922
626.406748
300.638875
301.074963
301.929735
303.656445
306.103737
307.453129
310.399438
309.876774
309.616839
309.438944
310.156071
316.423452
312.741034
317.681962
320.797984
341.473547
347.358248
356.339295
480.548805
486.903659
1072.455109
1017.243053
905.192858
941.721654
790.199387
887.851939
748.659773
748.740726
684.262133
642.606777
620.529600
300.676216
301.150849
301.977866
303.158756
304.352316
309.176349
307.431090
310.594294
310.131186
310.180080
313.478357
311.536865
314.532544
321.372288
321.726486
328.183339
386.515140
424.808708
448.217404
558.640936
606.471352
632.467890
900.134896
800.362499
747.593459
829.341449
778.071092
754.648010
731.792959
669.263884
640.690286
300.682617
301.159183
302.120372
303.973055
306.175687
307.666569
310.826924
311.229141
313.853840
310.872384
312.930227
315.276043
314.361141
317.730405
314.946862
332.230670
336.083081
358.361638
430.410356
594.621516
566.791243
1049.687492
919.844509
849.260717
740.477786
688.961047
771.158802
789.510137
753.774386
760.012232
660.994632
300.648359
301.116915
301.950892
303.009131
305.993397
308.390182
311.295409
309.922794
311.708580
311.675871
311.738999
313.950305
315.726596
320.318673
323.175470
336.301973
351.341131
392.895604
420.958478
477.631135
536.750608
989.292318
1050.223783
792.615288
725.765892
673.015571
635.954650
704.473455
691.877787
738.084728
668.506532
300.572314
300.994186
301.925770
303.461026
306.384857
307.986905
311.411038
309.728530
311.166619
311.025440
313.728304
313.266710
313.881592
317.314611
318.710206
325.790722
331.269073
366.231049
456.559164
441.800288
552.082458
594.214603
1106.423608
836.827489
744.821376
658.432426
657.808489
759.189530
630.577270
677.490190
676.033957
300.497557
300.884500
301.561382
302.882882
304.425431
307.758465
307.952711
312.275204
312.303894
311.682416
314.743333
313.611971
317.687565
319.308760
336.836190
321.254393
347.247180
367.361934
393.346583
520.726031
529.681882
1230.147381
971.072721
890.714983
850.651571
695.559814
645.113170
649.410009
680.725670
722.232827
697.393799
300.461191
300.821616
301.507180
302.783490
306.207530
305.292320
310.379625
309.070841
312.803367
311.984987
312.323842
314.775442
312.779386
318.786598
322.589379
327.504164
331.434165
395.959596
428.973532
452.594570
523.150395
1220.649787
1060.279595
962.829812
771.566557
704.360382
670.984241
652.798561
695.889489
643.571197
666.931036
300.497186
300.858776
301.498859
302.465473
304.227764
306.219435
307.133614
310.925090
309.024147
310.626337
314.950139
313.210557
314.715792
319.070994
322.021942
344.926557
331.145375
337.769872
397.583553
508.882615
573.842920
550.222803
1005.577818
901.079522
886.238098
835.546709
662.878502
628.080203
636.077690
629.763173
697.772770
300.593434
300.990387
301.763816
302.963908
305.026359
305.752062
306.740571
309.185577
309.678519
311.456929
312.459145
312.197839
314.317274
317.153222
318.966716
324.399368
369.472692
358.571708
404.472872
541.885338
446.281611
1050.859305
923.463990
981.794810
1008.942902
750.397747
825.961613
743.458782
632.473814
634.978252
658.348967
300.778229
301.240740
302.006575
302.819098
304.413963
306.826098
308.258108
310.746682
311.542304
313.332973
311.520781
314.351257
313.519904
315.242964
319.387606
332.124403
337.487639
338.881413
391.140206
494.004472
1268.025827
980.204963
929.235034
1024.202265
943.086419
893.635522
857.662049
733.928224
723.728469
650.762298
654.266391
301.037957
301.609031
302.567203
304.681721
304.738414
306.693293
308.593427
309.413622
310.261623
312.274168
313.760981
315.601546
317.984709
316.178079
319.714119
325.991204
355.625937
363.591727
486.186040
420.808494
518.233671
554.711732
862.877004
913.212304
841.947055
777.090808
781.079147
827.371343
666.647270
663.129774
628.275659
301.383097
302.120887
303.059251
304.581384
305.655861
307.258690
307.923409
310.720572
310.770316
311.605574
311.741235
313.351854
315.233980
317.363987
321.893656
327.306448
347.297042
404.986959
388.534857
453.615913
595.754018
1019.950821
816.194470
936.604497
826.208174
836.945651
777.079528
804.448821
805.744418
698.027340
645.757520
301.476370
302.318802
303.772032
307.165485
307.699656
307.813930
311.667081
311.341584
311.579521
313.978452
313.613000
313.654619
313.915102
320.079794
331.996223
328.982126
329.380030
382.656244
559.369630
460.121400
529.573139
1103.117625
989.796052
772.909056
664.764147
686.683084
721.359377
800.857555
787.905015
721.714581
667.307171
301.476790
302.501286
303.908968
305.487859
310.478789
310.881613
312.330433
313.680164
316.023801
312.804289
312.992859
313.945640
314.874237
317.384853
322.230637
321.433215
359.831228
381.084689
467.263809
468.259244
598.597377
1099.653594
788.626866
751.319800
819.726889
709.985645
634.090523
790.032284
742.570502
785.032069
698.903974
301.349006
302.287484
304.825877
305.922892
305.793090
308.012491
309.868715
309.642140
312.642436
310.943966
312.437060
315.781737
315.844472
314.885830
317.720394
345.925650
342.397214
360.681261
400.037513
542.482089
577.523939
589.440919
1100.080412
880.583549
642.643986
672.319437
665.327767
708.552894
633.585843
787.689340
711.278637
301.201115
302.040603
303.585345
305.000185
307.621868
307.260221
309.867766
310.484982
311.841843
313.044537
312.647620
313.304154
315.324961
318.074311
329.131428
326.083442
336.181629
376.506838
460.254277
440.865723
526.045945
1050.062112
1042.303369
727.765852
912.024345
716.334606
691.162760
643.445138
793.354021
702.366481
695.748787
301.073610
301.882213
303.832112
305.745702
305.224032
307.043172
309.534341
310.187911
310.767359
310.601168
310.678329
312.386571
313.978848
315.598707
319.704596
326.566578
372.826735
355.163514
400.321368
549.728925
1043.877707
502.922732
1156.894962
934.957657
771.524470
641.464362
657.044860
647.801386
714.998598
742.986717
680.229777
300.986020
301.770136
302.825044
304.352399
306.490873
309.049588
309.157811
309.864948
310.853063
311.136618
310.634773
311.871781
314.562545
317.315711
320.101084
333.452394
338.304639
369.649684
495.405958
443.163743
553.319807
1092.579679
1014.495893
989.029246
838.409675
911.748648
700.900142
668.385055
641.395509
618.717907
721.453098
300.897585
301.620637
303.404434
304.969941
307.236591
308.780047
308.917188
310.284089
309.125564
310.617934
313.033988
311.912931
314.749699
316.281294
321.081616
324.445738
330.467584
372.470406
378.758793
427.543084
536.082048
1125.632432
996.317995
969.320282
973.617174
842.770350
652.987823
734.861915
619.401378
583.752773
610.066200
300.807002
301.458292
302.585947
305.310464
306.245194
307.670890
309.940323
309.082714
312.136637
313.391825
316.664405
312.999870
319.205794
322.851312
323.965998
325.926547
342.197571
360.066508
416.766187
480.848559
519.773309
1120.524420
1040.689701
889.759868
937.802453
915.252112
839.382936
598.677265
709.670111
589.789868
669.914144
300.756897
301.366151
302.378582
304.064565
306.722044
307.810043
308.024203
309.483999
309.354980
310.349003
311.366810
314.377760
320.881757
323.295854
323.079775
330.764974
332.264574
351.766427
392.780162
466.640370
561.067855
902.866390
938.386751
966.951145
970.921260
863.716118
868.049446
708.414938
618.238133
618.974765
628.764113
300.742525
301.371463
302.441365
303.927263
305.086764
309.237020
308.796840
311.589158
311.679601
311.816399
312.803819
314.853851
320.382366
326.585279
321.120229
330.975481
342.537047
371.151808
409.966617
483.802246
541.150553
1107.361396
1130.440296
807.741645
762.821440
916.400036
921.466548
925.591354
756.391732
633.898478
617.377139
300.778687
301.467736
302.410527
304.642528
307.533110
306.976354
307.685834
310.597363
313.954198
311.531516
314.572796
316.362274
315.081863
321.161510
329.454900
325.125579
331.089231
358.642377
399.628105
412.563609
499.742053
781.171068
809.075928
778.848659
701.635396
916.923921
841.138587
811.123991
958.521433
665.294011
602.421083
300.805740
301.536373
303.886707
304.248808
305.313259
307.974573
309.459535
309.721429
310.882250
313.969794
315.504836
318.482183
320.660387
326.621677
320.864297
324.061934
339.234980
362.135339
470.436813
550.405367
502.083749
1083.009022
971.285217
734.266529
687.761277
696.045427
788.613513
930.998093
950.296277
701.094315
627.572111
300.825352
301.535351
302.881764
304.342727
307.959757
306.268651
309.128159
311.887787
313.848078
311.582292
315.696338
316.487350
315.790311
318.469038
321.501917
341.394655
333.709688
353.525894
368.790168
406.587700
596.931850
1156.283429
856.062102
723.974238
804.343732
641.905996
677.272554
816.053786
740.353228
742.595622
660.502216
300.846387
301.502778
302.871699
304.966698
308.882957
307.777899
313.001867
312.596769
310.237872
312.602791
315.141569
316.643745
314.847276
319.573099
325.785870
331.577377
329.820562
378.387398
421.457890
468.086970
558.011776
1097.521633
846.431872
943.541416
643.660002
625.374074
666.627223
822.005060
706.753430
915.648212
681.769793
300.790270
301.514048
302.737692
306.037580
307.481334
308.089580
309.832751
314.249857
313.222567
314.100430
314.558682
315.799096
318.841727
319.166290
320.095510
326.602358
340.133996
342.850388
423.530863
558.969462
1257.943142
573.310670
978.648185
742.057909
711.352300
681.042172
641.489709
641.702187
920.727529
831.290057
713.811167
300.744697
301.567304
303.116565
306.437320
307.679970
311.082971
311.473681
314.993683
315.058645
313.103002
315.201277
315.691629
316.438611
319.062945
323.917163
322.844250
328.903709
353.498971
388.145706
511.469376
560.221462
1258.012748
881.972747
895.944993
846.747518
682.737308
662.012598
628.887833
818.987990
865.320309
754.334559
300.674253
301.288778
302.396652
303.699451
305.300439
308.171121
311.679551
311.173587
314.291032
313.617737
313.537730
314.123144
317.413493
317.683819
320.981938
328.874845
339.638790
366.395518
388.081772
446.778566
706.971639
657.845374
1026.086338
783.515134
748.450195
737.530473
656.988621
649.044266
656.372566
694.385394
761.316887
300.632956
301.157658
302.599397
303.381540
305.292337
308.105077
308.752481
311.815834
309.495176
313.173958
311.451190
313.791267
316.028234
316.680434
319.719538
329.022095
332.520743
356.784602
408.415757
521.402710
1146.309730
1209.423158
988.763147
1005.382269
786.687113
861.379497
693.077985
689.286868
613.553097
610.967013
617.681154
300.624996
301.231444
301.914006
303.216187
305.134490
307.067340
308.297002
310.569479
308.469134
310.216906
309.768699
312.886196
312.572353
322.093274
315.362073
324.751504
331.504882
356.955080
383.626928
542.654472
439.141558
622.818107
932.026524
944.826897
694.846274
723.403830
734.836405
678.120301
641.542654
555.337294
550.267802
300.629605
301.143861
302.911981
303.460700
305.618609
306.063980
307.297139
308.993118
308.811092
310.975866
309.852757
313.098425
313.990838
321.048462
319.492939
328.205221
335.500115
380.762443
375.245996
582.700616
568.155692
945.674851
834.221027
936.406670
954.323292
881.118688
780.296749
693.786096
722.008264
571.635724
546.766023
300.634942
301.263761
302.218602
303.649594
308.693784
305.510291
307.193740
309.456387
308.836300
311.097893
312.101653
310.506894
312.514127
318.483687
318.762646
325.343235
333.842800
348.042006
409.742856
506.409698
483.065711
993.334551
1038.771543
923.615591
804.613722
876.515941
710.185686
796.655582
632.391051
594.513068
554.974641
300.637919
301.214269
302.267266
304.074964
306.363603
306.365965
306.765373
308.509576
309.467741
311.931787
312.274002
312.391758
315.409322
314.863753
318.158348
320.328609
356.364031
334.261338
406.123688
495.573985
737.126972
793.825804
746.381390
688.944141
916.217436
738.150245
836.068181
724.268910
637.649338
656.118830
571.938116
300.721017
301.360795
302.349986
304.258142
306.332541
309.743611
309.672105
310.603487
313.508475
314.752398
312.035975
313.491737
312.441569
314.124422
318.044749
323.661310
324.440853
350.537190
414.816516
408.567433
575.422592
554.811119
1142.587995
679.487693
778.769049
842.617681
827.943597
725.888061
820.806088
703.829086
599.854500
300.610708
301.260416
302.296703
303.876923
307.015265
308.510784
312.127833
311.019656
311.796984
310.587318
314.008725
319.138981
320.159328
319.550660
319.443706
319.476138
354.802655
334.960130
376.083249
608.283442
1351.619058
913.637523
967.249537
760.056717
693.630097
682.070223
619.036103
824.366267
680.429491
719.265726
646.047599
300.605067
301.133290
302.601056
304.088302
306.857921
309.718423
307.423436
311.262272
316.325661
317.931828
318.384269
314.833438
319.665258
318.473101
321.005322
326.977745
328.890534
338.513241
405.596564
433.394383
509.221456
1120.088392
1066.781503
876.441008
577.436996
723.974356
579.281013
771.005043
816.565807
730.593985
635.554947
300.645007
301.125152
302.641169
304.000234
308.323525
307.490599
313.407339
310.425616
311.789073
316.124918
317.062666
326.182929
319.705876
323.590481
319.527804
323.940938
326.527918
380.746996
368.947001
439.640335
712.139158
1065.988921
988.894603
948.736543
651.946924
773.454102
588.666195
717.173744
726.761232
739.935544
664.902612
300.562846
301.147782
302.116503
303.339022
306.558728
312.587201
308.259508
315.496044
315.210358
314.005723
315.850841
323.132032
321.131674
320.176506
319.860772
325.313158
331.464656
344.404969
358.329391
540.809925
525.166612
928.637841
976.693540
765.907696
1003.994722
588.200679
593.851735
576.802850
638.062364
695.101657
663.339667
300.534565
301.120045
302.430177
304.099981
306.952000
314.080076
313.199318
311.221529
310.118783
311.040120
315.788205
327.424053
317.409964
326.972990
329.352321
339.802012
325.574550
370.447431
399.335832
483.139867
626.018431
999.920311
923.342664
977.005545
925.977074
855.531796
678.065191
639.546825
624.347914
726.001190
680.541802
300.485228
300.998852
302.070459
303.790168
307.006097
308.796457
307.929904
311.841590
312.249828
315.645420
317.122985
318.093425
321.128681
319.024132
324.570354
325.085259
339.342670
336.432493
413.864445
514.245956
773.165576
995.191897
990.834767
804.866042
941.460082
721.417215
641.441964
837.262529
636.493788
660.699998
686.141632
300.475031
301.077168
301.821937
306.172648
306.282972
316.696204
311.897121
311.893037
311.080771
310.128356
311.926348
315.806350
312.087028
324.106398
322.697848
326.372325
329.255313
351.746368
367.970684
481.275271
545.707665
800.989546
950.701131
787.254222
677.671052
941.915929
860.262046
676.432752
617.386092
623.877632
690.901165
300.459474
301.041242
302.043969
303.397368
304.964982
307.113226
308.785588
309.970382
309.899601
311.220222
314.434231
312.595108
313.356482
314.328987
317.982171
316.373491
328.736706
404.632558
353.412434
397.084723
711.785077
929.081347
625.073644
791.669921
926.336576
843.921986
916.081912
724.502891
837.870532
633.055791
659.961582
300.407814
300.791217
301.431769
302.601005
307.133390
306.433733
306.791338
309.335442
309.579874
313.765497
311.782956
313.393692
312.168150
314.310353
313.765181
319.428976
344.970959
324.125706
384.420673
653.254095
501.008246
1010.439582
762.201641
626.581645
615.436116
660.837808
896.122876
906.539973
747.699323
685.473935
635.491821
300.365330
300.759619
301.841956
302.700401
303.266668
306.050948
306.965299
308.107264
309.665853
314.363499
311.267227
313.212831
312.232374
315.012447
315.951067
322.194871
330.930126
330.514715
398.809001
440.103253
549.309474
945.985912
782.085675
1027.327843
547.172968
583.660421
904.413763
884.366830
802.412824
724.813245
650.937115
300.354032
300.716796
301.502328
302.230489
304.581759
304.774148
305.518887
308.412851
309.340886
312.408187
314.087288
313.389987
312.942299
315.058330
313.744467
317.705127
329.686565
341.602997
351.634638
443.019773
1093.336972
642.986894
1090.405451
600.446930
618.311878
670.019062
601.154077
772.273041
861.029145
769.713958
700.196452
300.363820
300.708820
302.455282
302.457868
303.624152
306.028325
307.080328
307.505464
312.564518
312.248218
311.660501
312.555056
313.782848
315.599962
319.654646
322.183993
325.780048
336.266977
373.612006
452.231721
554.603786
1044.652700
765.894630
1040.792308
940.893578
615.047315
588.098173
735.260879
808.125051
853.349920
722.576176
300.310128
300.658475
301.288515
302.179975
303.042046
307.044356
307.536622
308.601679
314.446887
313.856411
310.305964
312.694709
314.893868
311.159262
312.623378
329.967725
322.967817
337.704671
326.998065
390.754187
648.365805
925.563545
954.164981
1018.413361
889.149298
588.907703
691.148243
720.807733
687.401233
758.604471
766.531939
300.263856
300.580894
302.257144
302.801057
303.562236
305.122520
307.565974
307.947743
308.817658
308.426994
311.100473
317.458348
313.427124
312.476539
320.191542
327.790422
334.649686
354.244096
433.586081
444.975738
532.325227
712.363949
792.859455
928.291082
950.494568
686.159198
577.153469
719.255084
760.863333
675.630368
765.331569
300.247323
300.546868
301.177902
301.941101
303.269227
306.152068
306.612999
314.567185
313.588204
309.924077
313.215726
311.503950
319.147171
311.285712
316.536441
317.983616
318.004009
334.248209
349.390567
387.672675
683.357378
676.435438
636.930908
992.688796
973.305792
991.654152
752.430172
561.738066
697.008148
585.919629
669.132531
300.259420
300.530269
301.393286
302.516382
303.614287
304.496128
306.096350
307.300325
311.030438
311.992649
313.671744
314.929759
317.250921
315.102604
321.514694
321.697804
335.360605
337.913338
388.676322
557.596916
679.620697
751.064983
627.328276
783.603872
895.877251
949.585386
888.438636
689.061457
571.062188
541.465761
682.506831
300.323536
300.580896
301.272819
301.600785
302.770203
303.320114
308.819834
315.622541
315.399438
312.580622
311.348116
311.991193
311.643046
314.573168
316.640418
316.738679
324.898049
325.408295
357.028697
421.826233
556.127010
613.808946
483.522460
503.933115
699.178397
916.651787
924.721023
733.585512
617.039491
562.353342
650.728296
300.494384
300.775610
301.142690
301.668380
302.402587
304.720188
305.150608
309.113273
309.891016
308.864741
314.908590
312.279784
314.603748
313.633673
319.478780
316.204647
339.733327
325.976194
343.596984
412.058420
645.238371
654.327074
515.103275
461.949191
739.882045
790.202223
982.707162
842.467468
831.607240
616.945496
580.453546
301.255573
301.240031
302.016991
301.968596
302.395080
304.035710
306.663434
308.823622
308.364409
311.075040
311.860902
312.106951
313.935523
311.201566
318.612526
320.958337
323.611836
324.122622
332.637167
541.377078
384.281722
480.073088
541.948673
485.357201
498.769223
475.131683
862.739985
962.763919
965.416995
670.716501
594.195476
300.913816
302.258017
303.946274
302.766023
304.458999
303.429667
305.492559
305.399263
311.877595
309.446774
309.412708
307.506507
310.241845
311.595574
312.731168
318.559014
330.432706
351.969804
322.249429
341.117285
396.093487
419.933627
552.575847
519.333779
439.191971
550.055886
466.839321
927.934878
805.079898
743.619000
596.313906
300.790400
301.504816
304.185386
302.891522
304.458728
304.333052
309.501692
305.470005
308.287503
311.634442
312.265865
322.558695
309.898229
310.629341
318.190441
312.567289
321.469535
318.933501
336.936285
384.431371
358.121620
504.944476
439.425222
488.575137
431.406255
486.828128
493.844936
835.297688
582.991296
908.435358
615.420428
300.540539
301.121311
302.286371
303.297598
303.915827
304.538323
306.339256
305.463098
314.025606
310.967163
309.973535
309.811887
308.735802
311.957066
313.765327
318.571538
323.659960
338.924256
334.553019
315.171177
328.048418
419.953401
388.276565
482.090971
472.886705
462.690718
438.144105
744.746018
892.491927
956.019525
638.265093
300.370685
300.800285
301.694113
303.685211
304.981094
305.892703
305.478213
306.283561
306.700938
306.236273
313.325805
313.646101
313.113960
308.179802
313.978792
309.183518
315.456711
317.951801
330.304038
322.442267
337.296443
354.223589
368.994594
417.434741
473.356370
501.289755
484.640658
467.806103
523.373627
849.357995
712.969353
300.271395
300.594739
301.257851
302.152082
303.056124
304.281671
309.208641
306.412423
308.986381
311.653702
308.475224
307.883946
312.611757
308.758526
309.341895
309.968086
311.487174
324.250634
315.690535
319.431758
322.351322
361.531005
378.576517
428.098620
408.809082
462.178802
479.072004
485.336961
581.884391
700.300886
734.307181
300.223257
300.488045
301.696125
301.339895
304.034097
305.764224
304.631859
309.829546
308.944672
308.748732
314.110398
314.765236
318.299498
308.458224
310.985712
317.889191
312.866715
313.970424
320.738213
322.946850
323.525555
321.483187
364.874251
382.808690
422.099062
437.415988
403.307727
480.413218
422.084238
503.898178
789.540868
300.198174
300.424669
301.829452
301.188626
301.700057
302.833409
308.226458
305.269979
309.258224
308.087226
308.688471
307.106016
308.779757
311.431985
312.170379
310.246817
309.008625
327.084821
309.478054
323.018867
312.716727
325.465223
330.658236
343.947697
373.634700
389.710008
430.457109
465.041753
442.680403
460.131428
563.861445
300.167872
300.360625
300.668305
301.008554
303.627287
302.519760
304.469178
305.521967
312.936893
314.783066
312.546789
310.239451
314.978884
309.669875
308.110117
314.363028
308.795830
309.130728
316.091034
310.865449
315.117402
319.942133
335.717000
332.763568
353.393755
371.744249
402.611691
381.475152
406.017898
410.448329
396.607742
300.181840
300.403382
300.657334
301.656633
301.636093
301.960527
306.019227
308.185662
306.231634
308.527030
307.459113
307.424862
307.614519
308.361704
307.321455
308.653784
313.268169
311.549553
311.080209
312.664572
312.860739
311.463511
329.339191
324.091889
329.670080
356.998278
394.412883
453.912477
406.423448
419.965197
380.350859
300.232514
300.972427
300.790197
302.775377
301.616923
302.716292
303.329027
307.094296
305.377023
306.479343
306.938305
308.026263
307.817108
310.279356
315.090546
308.239112
318.577278
309.983548
313.984859
311.277669
319.403489
313.729197
312.793679
314.333141
331.037500
323.475607
359.920240
366.007694
384.642095
392.632089
405.315707
300.269346
300.503475
301.545775
302.822895
304.336775
303.872203
305.790060
305.157283
306.358474
311.313362
313.241374
307.139750
314.843239
306.263089
310.396094
308.518580
313.021941
306.669539
307.676933
316.251317
308.179316
307.929483
317.904068
327.499976
310.694216
316.937027
327.734354
367.857066
349.258235
373.793096
399.396015
300.264092
300.510115
302.124467
302.224444
303.597031
303.759915
311.669492
306.481180
311.027617
309.182501
306.728775
307.531621
317.385831
310.335001
309.085945
316.729393
316.274500
308.199255
311.576356
309.147342
320.657864
315.550433
315.368180
311.359096
324.140627
331.250603
319.189051
325.541854
344.927143
380.091215
379.202726
300.232873
300.520306
301.093835
301.689961
306.260849
305.885776
314.883906
305.656329
315.713223
307.984562
318.173005
309.643283
316.840967
310.759951
310.939499
310.829160
309.296115
310.659993
306.606952
308.387458
309.546082
308.563983
307.175610
308.364351
314.442894
315.617680
311.559728
329.087225
344.601121
366.596673
361.409806
300.331880
300.820863
301.747987
302.588824
303.560460
306.001152
305.233727
314.714377
310.323245
306.925083
313.536654
311.267405
306.113997
309.285951
309.866278
313.565776
309.635316
307.558108
312.799520
306.589053
306.070868
307.886118
314.273054
313.731925
308.684715
311.899750
312.999777
314.305964
326.617405
340.255859
349.208995
300.467505
300.706296
301.639589
302.081389
305.212988
307.240241
308.680622
307.055364
306.320521
308.527483
305.584292
306.557011
307.131530
310.401475
307.023311
309.735885
309.232379
312.219944
312.042098
309.453074
306.903382
315.843402
307.897272
309.575802
305.376156
305.963256
313.820190
309.492557
327.527832
330.196958
331.372421
300.542234
300.797594
302.819448
302.371088
306.409219
308.106309
304.698039
306.787592
306.625548
310.021387
306.891275
313.230481
306.486486
308.210653
308.576604
311.443859
307.776794
309.936257
308.016687
305.555849
306.553737
306.612812
305.968000
306.489801
306.338230
308.187810
313.250213
310.668709
316.182461
327.437599
324.978360
300.366739
300.960688
302.155486
307.313958
302.923684
305.432932
305.503301
305.027784
305.554696
307.080412
306.547346
306.880993
306.740663
311.668727
308.443436
309.557948
310.113060
306.746039
306.493641
305.628895
308.866995
305.682237
310.014054
305.750283
311.778620
305.308745
305.106951
310.952122
308.526105
318.249928
322.170783
300.367119
300.948802
301.968249
306.509386
304.408646
304.838528
305.445236
304.043974
306.447162
306.333356
308.322046
308.799021
304.931236
307.798631
305.315200
306.263195
306.514355
311.657476
310.258351
304.137129
304.482717
313.545446
309.266679
312.799091
304.617039
304.576262
312.105718
307.948768
312.943797
307.349902
311.644000
300.295361
302.067109
302.494855
303.149690
305.894342
306.262019
309.179144
305.564953
306.578137
305.639627
308.187215
305.047622
306.026738
309.233266
306.085548
310.546212
307.450308
305.802225
304.851641
305.188745
307.880446
306.259515
305.878395
305.144451
306.214308
306.375613
304.763237
310.173296
317.505062
312.775305
306.500918
300.268361
300.586081
301.264332
303.100221
307.135606
304.727341
305.061052
306.064671
304.893224
307.829649
308.588653
305.271404
305.915036
308.007480
304.515447
307.244868
313.213996
305.408985
307.941069
304.400319
304.832319
304.909134
306.413672
311.277350
305.309596
309.981632
307.386512
312.830132
306.553029
314.938868
306.885656
300.216533
300.581111
302.032486
302.642720
303.514917
306.079530
308.659238
309.138205
310.219779
305.000106
304.537630
305.235315
307.690845
309.772248
313.785166
306.456459
306.335859
307.291791
305.473312
304.039209
304.468259
306.353783
309.229572
304.263065
308.309218
304.532965
303.640447
307.076347
302.590110
306.055431
306.443897
300.177470
300.437981
301.610940
301.618416
307.505606
304.112164
306.859624
308.727925
307.749325
308.151418
307.292867
306.618721
308.984395
306.924948
307.439044
306.270861
310.216007
304.170537
306.381034
305.404341
305.982705
303.403824
305.308437
313.543872
310.335201
304.219580
303.436946
307.070553
305.473621
307.434003
307.090281
300.145962
300.328725
302.038988
301.412159
303.150710
306.089924
307.271060
309.005412
309.755322
309.393275
307.570813
309.050900
307.638904
306.667949
311.621971
308.361822
308.460251
312.094490
303.735804
303.819621
303.428378
303.959175
304.833883
304.442446
304.584845
308.358217
303.390816
304.095909
306.397176
305.048944
302.464040
300.088057
300.217769
300.497397
300.875057
303.686212
309.520278
308.644486
307.234607
305.482237
306.877961
308.920830
307.368833
304.653869
310.442686
307.378468
312.073852
306.699559
303.963743
306.529584
304.553995
304.542760
305.053888
302.756432
303.491908
308.649824
304.924044
303.668151
306.228928
305.914071
307.505825
302.523452
300.056439
300.238737
300.302980
302.784344
301.260126
302.109758
306.028908
303.217629
308.845023
306.634545
307.747186
311.695019
309.330086
306.556388
304.850542
308.381140
305.180749
305.748365
305.234420
303.173325
303.802954
303.192236
308.697032
302.872795
302.787280
305.719444
306.062711
302.936140
302.351098
307.995036
305.641547
300.046322
300.123709
300.300881
300.500301
301.958310
302.822625
308.075675
303.178924
304.729837
303.848954
303.741777
304.304802
305.552015
311.489761
310.058085
305.128976
305.835823
303.928269
305.785190
305.174235
304.186528
301.873150
302.670007
302.203524
302.548223
303.938725
304.272318
303.140393
305.079857
303.262116
302.269345
300.072351
300.130543
301.545595
301.576076
303.074265
301.218151
301.717500
303.360340
306.879106
307.551766
308.916044
304.450063
306.475125
305.893929
308.979686
307.138508
304.792845
307.658949
306.311456
304.731260
304.554278
301.791822
302.188027
307.404172
303.165518
302.274260
302.109631
306.809354
301.848417
301.577082
301.980898
300.081044
300.131095
300.566929
300.471791
300.779554
302.716307
305.003976
302.950279
303.141021
302.861078
304.301285
303.487232
312.635905
306.438310
305.112363
308.920999
306.034287
306.796826
306.464924
303.914134
302.075782
303.566815
303.377362
301.907103
303.406361
303.938069
304.479467
303.568987
302.022710
304.498808
303.642781
300.043635
300.122156
301.074109
300.465259
304.317085
301.301335
302.322795
303.305298
309.817712
303.896652
307.363716
306.422611
308.319970
307.801057
307.922126
307.869319
305.514275
309.417937
307.155701
306.816350
302.307043
301.433509
301.494470
306.948795
302.794493
302.222513
301.979362
303.838901
302.475766
303.017920
308.345845
300.052722
300.097194
300.526022
300.560647
300.767109
301.482343
303.094438
303.276848
304.910719
305.965041
304.713344
306.116560
306.499429
311.280601
306.775883
308.598364
303.973815
303.679100
304.347423
302.626127
301.940621
303.559955
301.639314
301.505067
302.978458
301.841505
302.193951
301.566333
317.046098
302.746482
307.368053
300.021911
300.062237
300.165090
300.349470
302.485022
301.345592
306.667710
305.172326
305.436291
308.422155
305.135077
305.743931
307.278970
311.598940
306.806128
304.874024
304.776116
303.814756
305.176748
308.282225
302.375963
301.856442
301.589744
301.945160
302.822608
301.893114
302.785529
304.310972
313.940091
311.949135
302.761879
300.013889
300.068657
300.127831
300.803875
300.601187
301.011906
303.045596
303.783555
312.461725
306.791679
304.791435
304.819252
305.703355
305.084217
307.711246
305.932279
304.156284
304.917633
303.964800
306.485255
306.001655
302.830069
306.716222
301.894533
307.547605
302.794437
305.700429
303.267153
301.981193
312.181995
304.107068
300.015205
300.049323
300.112889
300.339013
301.019618
304.221003
301.416471
302.305785
302.884333
307.136492
306.946819
303.782684
309.056443
307.551738
306.058737
306.689844
304.932476
304.492400
308.837188
304.128157
306.014884
303.891862
302.151437
302.725019
304.574105
301.507333
303.943658
302.247835
304.139451
305.958003
301.954906
300.025834
300.056351
301.547209
300.231330
301.032796
300.862193
302.122208
304.088048
302.325411
303.935856
304.300616
303.706255
304.508931
304.859564
304.822631
306.061902
308.647693
305.702519
306.176470
306.002393
303.795003
304.169655
303.821551
303.126327
302.147849
302.404078
302.363520
301.466493
303.422116
301.313688
302.029833
300.015888
300.046889
300.103396
300.187586
302.414248
301.405429
303.288039
301.187965
302.317447
303.775832
306.273509
304.202683
303.282795
308.183778
309.503329
304.766021
304.467417
307.814276
304.722225
306.797567
306.358757
304.756663
303.929791
304.665235
303.472310
304.022196
301.675801
301.142081
301.180800
302.418067
303.428037
300.025309
300.062089
300.293359
300.246339
300.339045
300.510733
300.892093
301.260541
304.209811
302.120030
302.692180
305.327562
306.834667
305.814497
306.653488
307.247552
304.346569
305.406760
304.577886
304.155147
304.354367
304.594787
303.346385
303.677290
305.224446
302.780321
301.608492
302.154561
302.064431
303.266314
301.918015
300.106547
300.162720
300.245825
300.329531
301.005094
300.921035
303.238168
301.377099
301.493964
303.232096
307.473445
303.547016
303.517103
309.972829
308.365086
305.832731
304.559973
307.319977
307.433890
307.337556
306.789504
304.270724
304.075597
303.065624
303.252491
302.962106
303.701480
301.177447
302.059248
301.660633
300.525489
300.084000
300.231050
301.703993
301.017250
302.597661
300.902505
300.868419
302.490066
303.332575
303.716691
305.435411
304.216096
305.006983
304.142542
306.321997
306.128850
304.571081
304.256482
304.172823
303.687928
303.934399
307.781044
304.585038
302.920307
302.740015
302.897185
302.625480
301.261024
302.135792
300.628883
301.053627
300.093057
300.446681
301.652593
302.569631
301.917451
306.101870
303.719540
302.187748
302.825869
303.846391
304.638870
304.648337
304.091170
304.010548
308.659053
305.608045
310.230319
304.822220
304.201782
304.661102
304.523373
303.422461
303.323134
306.552534
304.281943
305.088314
301.634465
301.416031
301.606719
300.680645
300.868525
300.091584
300.279992
300.623768
303.665955
302.699075
302.513802
302.442022
302.416430
302.934871
304.163603
306.768669
304.741842
305.243177
303.512894
304.840941
305.340421
305.134479
304.908464
303.588512
307.713052
303.076984
304.831120
305.259908
302.856693
303.219431
302.842841
302.098499
302.669046
302.241129
302.048415
300.657403
300.085168
300.251877
301.906764
302.965691
301.309471
304.967983
302.407355
303.444237
301.739969
302.482170
308.548650
302.498334
307.303519
303.810152
309.361174
309.794458
304.990023
305.722689
304.012056
303.891991
302.936841
309.281384
302.918505
306.743295
303.880990
306.138982
302.697613
302.357981
302.000511
302.292507
300.846787
300.050413
300.166651
300.389514
300.639777
302.088394
303.025270
301.571597
304.838416
308.189563
312.556371
304.016531
303.745932
303.111490
305.558303
310.694839
304.425300
307.508267
306.814283
306.736235
303.725245
306.101766
302.525140
302.439455
303.222188
306.204958
303.440514
303.648279
303.920453
304.226318
301.095182
300.499757
300.023830
300.076215
300.188295
301.704290
300.871829
301.796069
302.481874
303.771678
302.015341
304.331699
303.785637
302.794953
303.886852
303.857082
308.681954
312.479972
304.676026
307.538071
304.579601
305.340169
303.135329
303.231820
304.936893
305.607307
303.505441
306.687688
302.406907
302.882200
301.845985
302.131819
301.217741
300.011939
300.044712
301.049149
300.302919
300.620601
302.774088
302.981205
302.502531
307.148467
308.409159
303.771629
302.746455
305.006627
306.573020
308.068898
305.461024
307.687202
312.182826
308.044436
304.372909
304.065139
304.348216
302.347761
302.598726
305.535796
302.708121
303.866228
303.384390
302.027808
300.835034
300.284928
300.012858
300.042094
300.112201
300.387396
303.360317
301.008228
301.072286
303.168309
302.940589
304.361079
305.630568
304.858786
305.199083
309.102869
307.116198
313.956831
305.300070
306.640624
304.583726
304.233113
304.936271
302.964942
305.633355
304.956365
304.540777
303.165573
303.118195
302.579173
300.924638
300.556220
300.312312
300.017973
300.055016
300.359787
300.319191
300.514202
301.888187
302.664485
301.175565
302.531316
304.073655
305.829804
307.978742
304.115552
304.220153
304.095652
306.484770
305.339268
308.078075
306.902696
304.370516
304.482270
303.910637
304.250800
302.242020
303.943538
302.785928
303.679562
303.190554
300.967634
301.230781
300.672372
300.029695
300.077236
300.166460
301.128424
301.772106
305.211077
302.198621
302.551621
305.949271
301.712043
302.186943
305.807405
303.322240
303.110707
302.922482
303.438384
304.934583
304.336407
304.942995
304.093980
306.487004
303.271189
303.948119
302.262457
302.686074
301.816501
303.047039
303.456919
302.095161
300.581401
300.292556
300.037298
300.866782
300.452804
300.517884
300.606754
300.699024
301.394742
304.621422
301.317821
304.643807
308.088732
307.772704
306.160977
301.958467
307.071865
303.034864
302.916647
302.881743
305.202436
303.742681
305.494148
304.016755
303.243397
302.296249
301.982344
301.941313
304.772944
301.478541
301.348325
302.991461
300.626582
300.028891
300.082986
300.649778
300.300467
301.806147
305.126207
303.006858
302.217811
304.480732
302.725095
301.679514
304.124765
305.186702
301.570932
301.384615
301.902519
305.171763
302.320989
302.828457
303.118417
304.165288
303.925970
304.121496
304.289457
303.290877
305.168266
302.601526
301.605255
302.428774
301.789552
300.404103
300.015085
300.050350
300.122504
301.017935
301.304404
301.836680
304.320602
302.054605
301.803511
301.141166
302.292874
303.968946
302.200821
301.706729
303.097234
303.195235
302.442326
301.450248
301.951081
303.003656
303.212028
303.543699
305.600386
303.246328
302.609964
304.173991
302.614243
301.625456
303.074530
300.980273
300.459015
300.005756
300.025894
300.091544
300.229250
300.625049
302.096245
301.029014
301.658511
302.279000
304.421803
302.726344
301.069645
301.569439
303.237096
300.986990
301.429490
301.875479
309.844567
305.804052
301.660779
302.686724
303.830667
304.267337
302.560486
302.749215
303.440165
302.230592
304.620065
301.308291
302.286193
300.831438
300.003092
300.012955
300.046743
300.513790
300.500991
304.021804
300.798130
302.936041
301.573832
304.452671
301.831929
301.753873
303.890586
300.908022
300.935074
303.256325
301.307825
301.974253
301.635845
302.353120
302.577169
301.955167
303.682291
303.296687
302.342236
302.128741
303.641530
302.156171
301.457623
300.676674
300.761572
300.001690
300.008310
300.039696
300.167695
300.485052
303.639773
302.299495
303.193797
302.739504
303.283677
308.200710
301.404173
301.363884
301.663860
300.946284
300.805100
301.535274
303.477723
308.276059
301.515038
301.043813
302.753363
301.617254
301.736625
304.942715
303.232876
302.989425
301.613525
302.187934
301.740521
300.276662
300.001335
300.007869
300.039355
300.115732
301.189689
301.009742
301.996996
301.391229
307.827686
304.533331
305.197722
303.457770
302.730776
300.874731
300.791292
301.762162
303.397806
301.047183
300.812372
300.726670
303.360733
301.800787
300.909961
301.248937
301.750079
301.948693
301.902217
301.913953
300.833521
301.468527
300.214026
300.000811
300.003529
300.021700
300.091012
300.250936
300.476338
305.841467
301.638838
304.450114
302.235199
303.518295
302.514139
302.724945
302.038821
301.641116
300.804547
300.823252
300.696420
302.242771
305.857124
300.574405
300.589775
300.768756
301.265638
301.147686
302.273420
301.433004
302.687732
300.662036
300.574749
300.177144
300.000477
300.002117
300.011028
300.029943
300.182121
300.355566
301.427122
300.827694
301.131339
304.962257
306.693719
308.006929
307.234700
302.764460
301.414101
302.321667
302.344545
300.652069
300.773570
300.468213
300.426290
302.245838
300.487480
300.632433
300.770662
302.391168
300.846579
300.742203
300.628376
300.746578
300.159018
300.000238
300.001040
300.004208
300.017957
300.070643
300.181291
300.414739
305.030346
302.912946
303.488172
305.345868
304.511689
303.099948
302.306085
302.230433
301.293230
301.126475
301.483341
301.057111
301.623066
301.093508
300.350285
300.393430
302.073387
300.518497
300.771172
300.604520
300.495008
300.569624
300.999006
300.128786
300.000159
300.000764
300.006107
300.019295
300.037504
300.246579
300.266544
300.491350
300.657461
302.566249
306.096351
305.977538
303.894516
303.754723
301.807835
302.072527
304.224147
301.591381
300.570353
300.363858
300.436938
300.294511
302.944525
300.352689
300.399492
300.351307
300.612217
300.261061
300.358146
300.504783
300.093427
300.000149
300.000660
300.006287
300.021068
300.399166
300.074835
300.170025
301.502497
300.938673
300.920631
301.281142
302.842457
302.238942
305.953126
302.014356
303.384117
301.407898
301.150268
300.769319
300.669409
300.276622
300.382299
300.310175
300.285408
300.792731
300.203911
300.186599
300.218671
300.204947
300.122412
300.265526
300.000121
300.000809
300.004513
300.016870
300.032327
300.045447
300.168670
300.200087
301.004618
302.172103
302.899018
303.829533
302.334193
308.561893
304.832085
303.021956
301.656512
304.384383
300.752908
300.506944
300.353454
300.318865
300.248561
301.868511
300.240871
300.153232
300.274567
300.156251
300.689557
300.119473
300.094197
300.000125
300.001408
300.006121
300.012888
300.026817
301.082874
301.044600
300.128387
301.697509
302.235411
300.878125
302.272481
304.466557
303.269852
305.195418
304.470207
302.832374
301.419925
301.110715
302.963966
301.858183
300.322143
300.266888
300.550319
300.189800
300.803773
300.157820
300.183694
300.392361
300.521323
300.093934
300.000301
300.001912
300.006579
300.584635
300.043650
300.062115
300.104168
301.584538
300.880456
301.511072
303.006331
302.696600
304.128577
302.790774
306.327872
303.398528
305.428915
303.475862
302.727021
301.063714
301.108751
300.626288
300.578716
300.528955
300.228381
300.203165
300.234928
302.196934
300.504443
300.132256
300.054590
300.000115
300.001420
300.006363
300.019876
300.043470
301.645726
300.129320
300.165790
300.302868
304.791047
302.556867
301.062264
304.790929
306.967106
304.637948
302.957599
310.458120
305.305150
303.699750
303.275197
306.439813
300.772964
300.434560
300.328806
300.847046
301.798156
300.485186
301.327989
300.199265
300.173614
300.166056
300.000123
300.000691
300.002380
300.010844
300.039786
300.078507
300.110229
301.531707
300.573438
300.389874
300.527166
302.833937
301.364767
306.550717
304.299802
303.181519
304.906798
304.481211
304.314564
302.658014
301.503928
302.212686
300.768735
300.420307
300.875789
300.491410
303.445855
300.290844
300.767934
300.064990
300.023227
300.000215
300.000742
300.006816
300.010541
300.025123
300.171374
300.116344
300.157228
300.162273
300.346468
300.455192
302.196837
300.989390
301.228710
303.302254
304.609077
302.813938
305.894739
302.220808
304.423033
303.166185
302.723625
300.936281
300.681735
300.751919
300.637829
301.549965
301.470765
300.661957
300.086799
300.029577
300.000450
300.001434
300.003701
300.008069
300.028403
300.075301
300.114653
300.219722
300.788725
300.237983
300.231695
300.480249
303.873966
303.428507
301.601034
308.307340
307.523259
303.406694
305.140222
306.715229
304.607002
301.976911
303.401122
303.125935
300.709107
300.699443
302.048518
300.635195
300.275373
300.514353
300.048259
300.000626
300.002200
300.029980
300.016545
300.035405
300.073080
301.043192
300.129862
300.116538
300.113218
301.068617
301.427731
300.816437
301.764883
305.392382
304.257634
305.657027
307.422088
304.618700
303.717550
303.415311
305.977455
302.215343
301.462926
301.649075
301.825054
300.656697
300.521426
300.830193
300.207082
300.060935
300.000534
300.002579
300.008605
300.017140
300.108596
300.084944
300.106309
300.114846
300.612744
300.095707
300.120028
300.181724
302.083514
301.004101
305.101889
302.852124
306.737192
303.125308
308.119564
306.382149
305.933542
303.699933
304.207651
303.397694
301.114910
300.944177
300.847915
301.037062
300.316094
300.163786
300.068227
300.000415
300.001938
300.007016
300.395434
300.035095
300.053641
300.278478
301.293476
300.115842
300.103631
300.100967
301.171393
300.164239
300.429069
301.097810
304.889706
304.179029
305.629736
309.476565
306.273538
304.879208
302.665154
304.700582
301.609292
303.034581
300.932158
301.001314
300.449511
300.302943
300.162050
300.066633
300.000171
300.001194
300.004509
300.011813
300.019966
300.170704
300.087633
300.113890
300.341703
301.124338
300.113046
300.097075
300.415860
300.340398
301.225623
301.169740
302.485028
306.451513
304.460098
303.685835
308.592554
308.223650
305.419711
302.069191
303.589888
301.064752
300.668430
300.509866
300.700789
300.509721
300.071649
300.000136
300.000668
300.003233
300.008428
300.160241
300.039600
300.063212
300.479126
300.156259
300.161391
300.266048
300.433046
300.101639
300.121868
300.188170
300.904559
303.151240
303.152598
303.099068
308.423904
303.587476
306.352914
306.254537
302.582676
301.559858
301.637563
303.012415
300.879716
300.373835
300.150779
300.062618
300.000127
300.000566
300.007239
300.019443
300.029162
300.041465
300.353680
300.141481
300.140262
300.351646
300.626240
300.142883
300.260762
300.108701
300.584815
300.280727
300.704240
301.000359
307.070479
304.044182
303.763989
311.514318
304.516486
308.237332
304.825555
302.614165
301.127949
300.709990
300.910868
300.144619
300.047195
300.000145
300.001207
300.008543
300.020624
300.625130
300.050243
300.061184
300.143328
300.988776
300.270714
300.162444
300.498032
301.686513
300.178378
300.127573
300.183096
302.808742
301.056343
301.838918
303.429646
307.898355
304.950902
307.481363
311.769718
304.446235
304.008992
304.314771
302.930996
300.389969
300.155295
300.048478
300.000116
300.000492
300.004157
300.018258
300.036361
300.045254
300.428887
300.111026
300.131836
300.151020
300.893815
300.152999
300.149322
300.561654
301.216827
300.155185
300.231361
300.345125
301.065951
304.658800
307.584585
302.727962
314.766522
304.598780
307.781729
305.179425
304.748221
300.861198
300.581209
300.211826
300.070111
300.000084
300.000370
300.002558
300.008053
300.019358
300.994607
300.106420
300.112190
300.512902
300.234801
300.166861
300.171296
300.273964
300.151870
300.158695
300.257597
300.144836
302.507107
300.467086
301.946284
303.677555
307.969993
308.181803
306.558815
310.267966
302.488305
305.850374
302.736210
303.208891
300.275387
300.090878
300.000073
300.000283
300.000985
300.019862
300.020892
300.037919
300.069550
301.303940
300.188030
300.190289
300.426328
301.751296
300.344126
300.157774
300.373329
300.732265
300.114172
300.150254
300.255948
301.296771
301.424889
301.669856
304.039142
312.389636
305.486177
304.355944
303.676540
301.378800
300.773235
300.486916
300.094360
300.000064
300.000273
300.001332
300.007125
300.016942
300.355758
300.060990
300.094049
300.133370
302.131392
300.527438
300.229348
300.355520
300.827257
300.166333
300.146555
300.196793
301.122444
300.151318
300.306284
300.491564
302.439463
306.594325
305.627181
302.742478
308.904961
305.236556
305.433497
301.013142
300.337297
300.115457
300.000069
300.000272
300.001077
300.004297
300.021485
300.030193
300.040400
300.161200
300.110191
300.166585
300.193550
300.953483
300.237105
300.224258
300.239737
301.067919
300.134544
300.088797
300.083405
300.123433
300.887948
301.168769
302.126988
304.529488
310.777516
303.387848
301.876479
304.094658
301.049136
301.871657
300.190455
300.000057
300.000199
300.000755
300.003465
300.010125
300.019117
300.202360
300.066978
300.085748
300.194558
300.578107
300.203242
300.217267
300.991518
300.209273
300.169701
300.161898
300.107293
300.058344
300.087231
300.150766
300.902093
302.735544
302.424995
301.926429
302.922879
310.371246
301.658831
301.369947
302.639300
300.247908
300.000053
300.000173
300.000638
300.001648
300.005050
300.017043
300.035551
300.055317
300.706348
300.115430
300.122457
300.146351
300.860028
300.233805
300.229132
300.220983
300.128558
300.098168
300.069616
300.049415
300.077225
300.210860
300.332560
300.595435
303.134322
301.786323
301.221181
300.859087
304.030034
300.701351
300.247719
300.000050
300.000146
300.000454
300.001412
300.004833
300.009383
300.022955
300.147683
300.090450
300.107326
300.504654
300.147332
300.165500
300.198753
300.748293
300.206406
300.183032
300.198067
300.080807
300.047865
300.050021
300.067340
300.836702
300.217877
300.520878
300.432033
301.114731
301.305064
300.442309
300.316639
301.266860
300.000049
300.000159
300.000499
300.001487
300.003671
300.009620
300.023557
300.038778
300.069517
300.545821
300.139869
300.156890
300.549058
300.182726
300.202381
300.203080
300.517131
300.174726
300.102448
300.067131
300.039076
300.031810
300.049526
300.090435
300.140108
300.321568
300.322736
300.229744
300.274597
300.149033
300.082176
300.000056
300.000165
300.000539
300.001553
300.004990
300.012673
300.021379
300.040994
300.068597
300.098021
300.127457
300.770989
300.169977
300.168951
300.239684
300.976802
300.163164
300.144470
300.140431
300.080664
300.072989
300.033283
300.024283
300.032747
300.053012
300.083539
300.102123
300.172364
300.236573
300.041774
300.025471
300.000052
300.000165
300.000529
300.001843
300.005282
300.011626
300.150918
300.050668
300.061670
300.103240
300.114265
300.142742
300.151189
300.612243
300.159704
300.151818
300.139195
300.163601
300.104614
300.094602
300.093196
300.041609
300.026354
300.019631
300.024783
300.107300
300.037663
300.036179
300.023251
300.014442
300.006885
300.000049
300.000156
300.000527
300.001343
300.003888
300.010910
300.021409
300.033132
300.314050
300.082677
300.090732
300.105748
300.892703
300.277168
300.169364
300.436692
300.142177
300.127795
300.111426
300.119322
300.079520
300.065883
300.039411
300.021606
300.013225
300.010826
300.014705
300.009385
300.011447
300.005575
300.001563
300.000038
300.000113
300.000339
300.001055
300.003194
300.006396
300.013732
300.031090
300.053219
300.070811
300.239636
300.098845
300.109554
300.137668
301.050184
300.548163
300.179598
300.877393
300.123540
300.111196
300.096484
300.144546
300.047782
300.022674
300.014226
300.111400
300.004899
300.003042
300.002339
300.000981
300.000440
300.000026
300.000083
300.000265
300.000729
300.001815
300.005203
300.013152
300.023158
300.044713
300.181457
300.088699
300.119849
300.149870
300.133353
300.159640
300.174121
300.712055
300.169762
300.159468
300.139569
300.146859
300.083400
300.062250
300.034439
300.015161
300.009054
300.006187
300.061782
300.001549
300.000805
300.000307
300.000019
300.000056
300.000170
300.000521
300.001664
300.004527
300.010376
300.056017
300.038471
300.058105
300.075219
300.427424
300.117060
300.131897
300.157940
300.169567
300.176726
300.171887
300.840184
300.149227
300.128800
300.267392
300.071925
300.043809
300.031222
300.036230
300.007040
300.004826
300.003024
300.001800
300.000603
300.000013
300.000039
300.000131
300.000429
300.001195
300.003314
300.009237
300.017087
300.028077
300.081322
300.059954
300.082833
300.102822
300.512967
300.186434
300.146589
300.156272
300.254905
300.157704
300.146967
300.716962
300.120647
300.121009
300.133760
300.044553
300.020164
300.015309
300.007947
300.191488
300.002719
300.000929
300.000010
300.000031
300.000100
300.000298
300.000851
300.002505
300.005602
300.009608
300.022539
300.033758
300.043651
300.065281
300.096199
300.121263
300.132577
300.729560
300.143575
300.139089
300.131806
300.174033
300.140045
300.144100
300.260532
300.107284
300.075590
300.037365
300.099659
300.009508
300.005432
300.002500
300.000833
300.000007
300.000022
300.000075
300.000259
300.000878
300.001879
300.004334
300.009073
300.015562
300.023773
300.220373
300.070846
300.085915
300.107972
300.130388
300.143427
300.156651
300.952066
300.135589
300.134523
300.139578
300.512509
300.168129
300.160922
300.104135
300.047395
300.022363
300.010747
300.004314
300.001606
300.000593
300.000005
300.000020
300.000076
300.000240
300.000714
300.002586
300.006837
300.010841
300.017907
300.030778
300.050424
300.112480
300.127975
300.101575
300.111871
300.134167
300.506396
300.166755
300.200531
300.670926
300.152501
300.163158
300.176098
300.565239
300.114906
300.061968
300.028792
300.010670
300.003851
300.001668
300.000711
300.000005
300.000016
300.000060
300.000244
300.000982
300.002930
300.007569
300.033901
300.026430
300.037060
300.052011
300.144464
300.090172
300.099926
300.124657
300.121125
300.136010
300.148318
301.357010
300.175017
300.180973
300.337044
300.174692
300.156817
300.124007
300.206195
300.028021
300.014442
300.007265
300.002978
300.001338
300.000004
300.000015
300.000058
300.000229
300.000731
300.002510
300.007073
300.016549
300.028801
300.092894
300.056681
300.068685
300.078912
300.210416
300.107801
300.099553
300.110103
300.128292
300.154951
300.168109
300.986322
300.180854
300.178398
300.535246
300.102876
300.059699
300.040519
300.074341
300.012127
300.007803
300.003556
300.000003
300.000013
300.000050
300.000169
300.000580
300.002034
300.005376
300.011008
300.024970
300.042662
300.051884
300.087239
300.074124
300.077691
300.075687
300.282764
300.093677
300.107217
300.138357
300.610165
300.169905
300.181760
301.211517
300.149862
300.140432
300.090809
300.048668
300.029388
300.027621
300.018233
300.007707
300.000003
300.000010
300.000038
300.000154
300.000572
300.001329
300.003788
300.010949
300.019310
300.030526
300.047969
300.061350
300.065764
300.068190
300.061123
300.063864
300.073710
300.519545
300.124619
300.138164
300.144288
300.345325
300.160768
300.163416
301.564399
300.088871
300.060486
300.039146
300.624968
300.025795
300.010739
300.000003
300.000010
300.000044
300.000126
300.000415
300.001578
300.004498
300.008323
300.019266
300.033520
300.042458
300.052086
300.156772
300.059049
300.056343
300.053828
300.076612
300.077375
300.106245
300.393008
300.137408
300.135644
300.140689
300.582426
300.133162
300.127161
300.068267
300.038659
300.034192
300.020829
300.008735
300.000002
300.000008
300.000031
300.000130
300.000516
300.001247
300.003758
300.013521
300.019891
300.044247
300.049852
300.043518
300.047131
300.050367
300.120057
300.044763
300.044430
300.052522
300.092858
300.189023
300.155442
300.231469
300.152593
300.145867
300.118583
300.316510
300.057901
300.041404
300.026377
300.013081
300.004840
300.000002
300.000008
300.000033
300.000117
300.000362
300.001195
300.003142
300.007220
300.014234
300.022309
300.029276
300.031313
300.032471
300.062403
300.035196
300.033990
300.051698
300.041740
300.071288
300.109040
300.873686
300.195001
300.202078
300.753730
300.133963
300.093689
300.064220
300.430111
300.026494
300.009401
300.002549
300.000002
300.000006
300.000022
300.000093
300.000320
300.001682
300.002023
300.004187
300.008287
300.012885
300.017210
300.032125
300.023954
300.020008
300.018760
300.049172
300.025233
300.029405
300.052224
300.086109
300.141946
300.163422
301.290781
300.248413
300.239050
300.445398
300.227097
300.048336
300.024625
300.007316
300.001730
300.000001
300.000004
300.000016
300.000067
300.000216
300.000445
300.001041
300.002220
300.003454
300.005471
300.009287
300.011020
300.011561
300.009483
300.009615
300.010980
300.013792
300.091461
300.033356
300.039409
300.065765
300.437553
300.237272
300.305610
301.699210
300.290115
300.205753
300.081329
300.018632
300.004821
300.001272
300.000001
300.000003
300.000010
300.000030
300.000087
300.000246
300.000449
300.000758
300.001489
300.002674
300.003552
300.004464
300.004757
300.004169
300.004126
300.004947
300.009578
300.012616
300.014708
300.062137
300.044886
300.064489
300.151151
301.386836
302.147636
301.541148
300.809573
300.094763
300.033242
300.006908
300.001327
300.000000
300.000001
300.000004
300.000014
300.000036
300.000074
300.000160
300.000364
300.000518
300.000904
300.001325
300.001720
300.001632
300.001601
300.001828
300.002348
300.003144
300.004816
300.009755
300.010131
300.016100
300.146835
300.103343
300.184627
300.342468
302.210238
300.253721
300.137460
300.038758
300.009414
300.001296
300.000000
300.000001
300.000002
300.000005
300.000012
300.000032
300.000056
300.000112
300.000191
300.000360
300.000429
300.000551
300.000553
300.000624
300.000652
300.000802
300.001153
300.001794
300.002259
300.004017
300.058813
300.013600
300.035598
300.076859
300.524990
300.182053
300.156484
300.583270
300.042119
300.011174
300.002161
300.000000
300.000000
300.000001
300.000002
300.000004
300.000009
300.000020
300.000040
300.000070
300.000104
300.000144
300.000181
300.000184
300.000209
300.000230
300.000304
300.000371
300.000515
300.000749
300.001311
300.002498
300.004470
300.008751
300.017656
300.043149
300.056261
300.308273
300.047271
300.025069
300.007588
300.000851
300.000000
300.000000
300.000000
300.000001
300.000002
300.000003
300.000007
300.000013
300.000024
300.000036
300.000049
300.000054
300.000061
300.000069
300.000081
300.000098
300.000125
300.000173
300.000218
300.000339
300.000536
300.000994
300.002010
300.004410
300.008363
300.013463
300.018458
300.016146
300.008440
300.002530
300.000428
300.000000
300.000000
300.000000
300.000000
300.000001
300.000001
300.000003
300.000005
300.000009
300.000012
300.000016
300.000018
300.000021
300.000023
300.000028
300.000034
300.000043
300.000055
300.000071
300.000097
300.000132
300.000221
300.000372
300.000765
300.001543
300.003137
300.004138
300.003075
300.001453
300.000476
300.000154

SCALARS Svm float 1
LOOKUP_TABLE default
261763625.871532
243409808.453278
351727130.547353
348054233.869742
269677600.716616
245571673.967348
167466094.280303
173880459.832303
46235256.970129
112252717.862556
199353138.933365
155646548.028559
160067560.105311
175647332.450821
120030169.544628
346720592.413797
601137532.555192
811076951.065439
892832932.000751
841061986.946749
636090816.305898
215768430.644228
415468159.890478
355340229.828255
456308310.667132
139973426.174367
1008401475.316144
528902673.046638
893740679.570389
753975220.380607
343180620.515035
236202277.184790
226255478.552563
446885361.374400
319595257.351963
200044274.405265
257982939.656955
197194198.620599
324443687.335857
308771530.040135
65732462.435357
331475053.963425
114892057.732727
223717017.224066
351957688.549373
372410458.664395
416403043.195975
641701767.182613
246407682.976708
856935878.475541
794914166.779811
1098301690.580581
461518927.133059
1000660349.436424
1057610555.097418
1006246440.453546
791922915.456319
777219066.709114
894585969.292312
1181289899.819116
892024696.364914
640996405.841770
159541048.637515
63362321.704141
237260405.751421
349752869.011767
362465407.063972
284504257.996784
265695357.458484
250947278.262633
387192207.459125
310809052.740261
129726781.175399
262821869.864502
144009504.879650
398740155.768246
557459186.101245
503176277.799127
526411660.380329
221889101.988500
940531145.205621
631982158.452591
1122609796.791959
490564033.582265
643310258.483457
840558848.174410
352387684.389430
1052660566.805056
1008090397.303369
1046950343.138153
497865536.286453
1214360804.140076
1121590509.529886
106427625.092592
157900059.307082
394389936.440127
89190584.585995
682099128.633567
122030803.986089
492667389.964054
114276620.199400
194197309.249664
345345836.150521
190685523.332376
267442321.603853
218617986.328766
415438043.926140
567971930.653438
306249290.760742
566388499.481746
399959806.660938
908423349.538846
662446662.771431
907234410.064664
223030917.251180
578386654.438756
702119343.097457
1085307689.711482
278258210.709944
1095978964.222766
961249007.127385
353000720.472179
614399794.825207
341695523.201754
211751350.207222
390153641.843169
329127155.554557
143906146.592736
194472220.772497
152014257.144887
613921806.084563
184888738.310676
300104882.240006
442771412.105427
598566984.726830
539653875.742559
333771772.174606
433491186.073448
252249413.981453
292534251.319309
758197095.234553
868841603.098644
739304617.594840
1031462143.958711
1078464856.913309
295005282.481465
372964293.246365
815838451.326443
711970091.184101
1094159073.057753
744015461.139863
1170315086.959368
814972565.544143
719028326.094423
1053291718.320596
122329175.544311
870541455.587440
541175996.360041
455002065.741014
306183616.823425
789230338.976273
252814475.630562
492292905.894290
404180900.856499
716044360.977809
618704047.303952
108005812.451079
228704608.632522
377101795.078667
701162357.050561
711320730.071319
895190250.398128
780977967.856158
855539223.758123
1041973082.174987
951417442.105822
461250537.613960
459792376.730419
792178629.138379
763081060.927856
853072193.703286
461814923.380741
582506083.713769
968133175.483537
751284361.509660
580443533.520734
406996611.368844
151828927.900268
263539342.634697
934078276.567779
837020043.016649
654896230.577305
704425275.313455
279970109.356629
583532727.938781
863275606.945165
822288246.067390
497093914.275194
667022284.388766
291862086.509838
816464419.808747
641176511.303849
466659003.356101
892525560.475310
692499506.159476
996914454.347365
592996032.314022
514114279.441345
313721116.731041
293025573.437376
822675234.525001
588246706.582456
1055551098.062806
404117332.189378
988050821.011688
985181160.620393
201763776.713445
400284068.819351
368341236.621815
736509542.157915
416006524.383533
488242834.389621
900536716.835427
994517794.131623
633470577.378645
528319267.764498
793280660.948959
972743940.766158
235946487.146322
559217636.166615
760143243.931393
335564369.487724
742650526.314155
604787264.281626
781095593.258204
868358683.972181
369928724.938478
953981562.099912
314389289.694523
478359131.108971
189172918.512402
908863654.436439
989316853.209884
199123106.818359
672152567.460932
626575870.610618
507624288.949390
398361117.882910
247239837.142658
205869426.580943
229952924.418700
396091610.322312
659456399.475517
525873318.559956
836988161.833453
806655012.830227
289079265.374451
1014251301.279197
791524891.950849
1008099433.570299
460224282.911604
425930629.458753
849542240.389849
824960833.008546
579022552.344856
815631698.210105
715435985.610551
486666851.439125
494098493.048770
445704038.524177
457225399.466328
563852584.788862
527169690.808875
416442101.310553
780251944.426667
840094553.868008
1064024351.669851
726856936.073642
755779608.566610
145630675.473083
332111498.915772
326184081.791821
376572548.254751
585891001.967406
643066127.678355
752092335.267366
650882623.644615
317519391.035575
305216684.006421
572430409.097734
867842697.327890
585674907.348303
689586717.238846
578600959.815783
580139021.149171
651581254.749203
610560083.041259
452224455.817430
994436964.670158
794741791.043383
185050741.595313
459157123.511431
215205441.361195
338205657.443701
882774945.089954
1070968045.198253
1071323429.487744
456044841.996560
998551828.301440
946957563.815159
131204066.617061
660040873.080502
457655295.832677
269357228.720319
335055585.490258
84433211.072557
906009874.901941
212358982.769998
744839741.506257
439412756.303762
394537623.191232
318145574.069257
369541700.642262
314990339.131590
599895076.395031
325629572.304908
490609027.293266
904890835.571992
618238252.080987
820654818.417392
637532891.961854
425385100.704255
445791094.049371
434205561.998686
286623234.690297
671595557.683765
962486252.998999
1116250560.979579
993076603.991073
764256768.777757
464210341.336303
77823517.205624
179796330.217361
154184444.263317
790265119.128546
284236229.787705
442049779.320560
702188155.858183
515147325.837826
443000999.501893
605035621.779509
915075278.672678
400537925.342577
919917911.275680
776703572.951362
532995601.345967
385243728.184520
526663186.123049
808737458.776050
1007487118.445253
762247265.854488
673814050.710330
246187927.603495
382059367.054493
445351740.896240
434422601.218555
218621279.474040
261672856.423929
843779157.874652
769380042.087456
960017173.917319
1027711480.542158
267059699.962704
463991162.441224
517116666.139447
257478997.712507
476314788.990502
741888236.273551
918196152.024489
453618896.199794
365397724.034932
546307869.721740
555164101.457868
566971027.498165
690330514.420452
753353840.674062
689895606.467024
648512177.492613
1047109317.085111
470798250.422411
1018452032.056883
760707107.383550
830835286.737947
401657293.651621
504666868.752662
447969800.394670
493633542.823207
522131630.216043
662353917.443379
903202741.155152
1105738790.521184
815329731.862320
913918947.233501
175557728.406893
235638840.826131
260044123.949283
539431376.422124
813109189.334426
313505665.923612
478919451.448237
988323201.908498
395814028.571860
273975630.298518
342450852.749280
351169966.924597
413840847.487495
251648680.317584
1067152535.465187
873673533.764826
1063943544.406356
318381252.911728
1004514969.295303
1070276353.199974
215664054.015050
450529401.309910
607293165.787483
550841934.124203
227982488.310355
190662049.280751
515884229.564976
645710614.992718
455882544.708556
1033783218.119310
1052839660.649378
360882138.039568
173987634.965160
772817036.304834
356191836.298643
100839739.737658
175977001.483190
306155373.341482
980295119.654864
498694059.558437
970833996.260474
1025079438.087660
693853352.076650
603338712.254489
983965189.129459
573476003.502397
550233234.563529
635392139.429005
243194841.853973
1173474617.655050
489366097.208984
1025042182.280848
654834255.501900
174220013.418237
845465194.411291
681665493.544808
480160593.912320
163230631.589152
476466434.381241
938593657.797745
737450228.291595
1053248988.630448
131466355.533072
94339496.231151
672519044.560509
245111711.705557
735348647.762311
280306488.214325
424485037.518937
679914132.698199
639210004.361229
862400685.901477
1011906873.785341
511601863.799070
580221410.614071
773387966.544624
228539191.714929
1017410686.909858
1043940671.054180
770054721.325961
1114941499.188863
785922891.301711
855437516.105490
407722286.849982
761888077.698171
844170008.906355
898941138.898380
184231173.040269
446350352.672382
382092117.923511
425132734.548297
863483569.405304
1024895906.465917
128449082.689823
136184187.356102
348333481.982491
450236070.286217
1043569663.355399
627961170.333144
948036161.138706
599155963.611750
1068420089.817692
957990543.867192
1045999448.767760
730877770.867429
495452435.558725
888547048.873137
832869662.329070
542720268.270023
635503519.120573
715230373.887356
1035713938.797925
947969710.026204
750240390.896061
182469171.191654
341359369.590849
579454046.253190
775685324.283452
846446463.822308
520818662.758134
413960713.841665
637293198.174215
756802749.520123
956199663.348152
203559259.473580
224681861.279911
678111502.507342
315925185.542524
397094389.101342
998144581.480520
388888920.382406
710423288.370499
992249817.391238
593836537.711503
607582431.328575
532715959.293088
799879405.010004
673849047.483274
212335522.096716
701694454.280359
1067838281.447120
390515740.645913
1012870215.021274
1152609742.722546
655787127.611766
478059850.443441
443331156.142606
833419569.575920
559515289.192977
814158869.757427
887210740.143555
768930585.486573
366110495.696172
334431333.198257
885064457.045832
273134802.639231
101827400.514324
236147539.547008
915129441.370219
1052321960.747013
1056313393.647160
694112493.005640
747521292.710959
500468376.196735
1045414860.685560
990820475.399001
1053228540.241812
989413675.463653
481981650.299578
406741299.299413
367088814.890296
747278934.571980
691343449.861646
761717106.435516
865457171.938297
973794254.211680
649075220.992174
186088728.287780
387535302.224435
754006376.983395
784979314.546262
915309724.578385
734039424.706123
616402318.784052
608631319.315850
822229371.982559
104869901.486736
358293017.801338
245610099.630270
389659089.380033
505439961.041402
509532576.423058
953340166.924235
600178874.562891
114825131.220599
1018878508.617182
819729174.655959
1085406665.066402
916594839.174309
401025849.977759
557093992.281197
611349739.665921
915294710.827045
686873859.754393
933247020.365469
825818077.946714
1174691626.161710
459981573.555082
499487552.684764
454863230.116760
153082759.021964
598948814.456700
531003552.499743
820415212.057190
636430943.554787
574573772.605999
706098168.120650
152787467.625187
137349500.088298
220027087.249701
353794559.586274
893885314.013174
1035894157.282494
936443766.589028
585916140.445162
470820998.014622
787466210.574046
297438091.379128
791302424.350996
721301854.830595
1008798292.754023
594534342.665965
493374586.690820
878874680.508252
242789579.800078
867104855.162290
922702928.041785
322346448.683184
372748801.162693
176973713.575643
380976186.760113
636086615.144685
725958590.364165
961653827.298669
896007614.777477
757740479.771637
655212110.505741
644524289.616312
88457147.437909
298329155.551860
508603613.307416
379291624.073962
430935212.334600
481268386.343524
965698255.927863
1067305648.238150
250907442.328953
971776185.030170
284935589.703675
684233668.728873
913229991.419656
1049914724.936427
541025601.305763
740930566.212945
728260240.862696
745014501.149985
292908600.804894
629945567.182342
809129700.495498
1042768965.045907
411508107.591536
553608216.153840
421855175.895314
97222877.254542
910139877.583498
516189958.555874
903985663.529180
834303052.033747
806356690.287291
107062188.437818
116624552.238442
148508205.678471
749999967.510759
889222185.821466
478176177.034837
924956718.625865
617181035.832216
963871394.906418
1058040202.943182
470251389.933959
348329579.518033
621438578.580920
303256629.736096
477110129.115987
643299856.529067
874174058.725861
646335622.634640
671197773.837457
553847169.130432
305891169.838847
281452286.823253
595302025.630338
636244881.014203
439043885.479629
192931221.508723
854832431.797673
816376376.898946
874554815.208047
929624326.206581
916105078.655271
216333712.369831
157606421.285724
171166561.974772
431712207.654897
240171619.940138
875220175.667353
201540971.885396
716600336.842137
562679095.838187
316411465.814172
912354403.630923
907499824.984431
372378810.366940
590989158.774397
604970591.752462
723564371.578825
666953870.726125
755474350.076120
356361496.644453
810754271.745374
729368096.375800
246717010.763164
360733195.049176
632207955.245390
485179368.531172
565627884.024103
621154000.638758
706834503.384097
691131975.286191
718787754.501853
857558064.804120
35217639.881247
146164541.998792
204992409.073482
466011835.714308
282881932.366776
601836447.803691
672930125.587804
987160213.298147
1028666069.834199
296463172.313984
815213480.737295
432434983.800923
458909187.621413
493466453.094872
1023146462.145241
1014512601.635181
864305735.423946
663977243.736213
950110853.577322
927422666.208012
340748404.919728
207734353.420802
488295353.980786
490352963.072088
307640042.562848
252700143.843792
569293515.094059
556039388.024434
968429072.317136
758383351.125583
895585749.861003
75448428.671972
213189003.676930
325768632.072560
410376886.589507
391017541.466749
480502057.716694
270211052.242647
439603661.462563
683174741.445576
641920771.949626
969039003.176979
577147528.319264
1041100260.138183
312467095.393177
485100337.987909
881390149.668146
478385782.747074
623918732.583394
919791485.230273
641312224.687461
675502248.141755
796703488.790183
498852923.382708
620060451.601141
695029132.132179
841469029.845708
328393635.769824
543897157.117497
868651675.324985
400485223.098949
862254424.963166
191207628.937007
109724877.770336
173881173.881316
466442280.978364
372865717.081937
210714138.661357
635045444.274140
870186824.409971
401127087.959566
829772195.102338
331973681.526062
411953480.692685
89834910.428260
627944921.164742
764922244.366445
581857634.113644
1061442247.192357
303529343.378360
700245485.291334
654778989.550843
389150196.355127
348505475.826640
446349094.246651
512468581.125138
333744638.661515
491344702.074011
771039802.726908
35265824.815615
641258230.362667
717744773.003517
381490360.139669
259974583.705422
92641971.275876
225312032.286773
341797985.358788
347427633.467226
813530128.255813
582622429.608383
158757248.793456
194860366.389060
342559391.295935
838201131.980148
733659634.699779
487602876.032514
168133763.876719
286086870.746439
327058557.793061
1011591074.431128
799923832.162888
745811158.628929
473339647.820589
595629821.099357
408747635.138538
451422092.942666
212059355.965687
531399370.803961
804752615.723641
775272579.484866
810715009.934708
782338084.879174
319635795.919649
759012778.042055
85910005.498274
259625998.182338
168967643.245837
172295060.378104
207921438.851285
327691893.089866
1017667234.203962
434643149.095548
916408079.924189
689092281.608317
1055556769.655151
1002891991.809610
879241928.769757
356232831.665574
555788558.708406
710617224.162935
631844220.225210
307075687.674045
400568529.504793
731379565.243745
238583205.414866
150646459.254268
238853212.722363
472973774.673498
523013562.943674
571236346.752876
582681959.434018
770516098.647619
952693026.622353
870388959.651483
870870378.678029
114377045.862280
273345262.793887
706910448.874568
359523771.160198
548197877.274264
139752585.723798
395493740.006659
467382958.364316
1046777092.330757
341806454.698584
419819368.618312
411776615.878688
1032586158.315196
794198217.621101
259648933.671449
815557825.772444
510281975.647949
254660689.965567
334897361.451734
563272543.359255
440909859.712205
466283871.702079
96295626.389979
532565629.313715
208350012.543024
486935216.964532
500752481.994594
342760893.991765
343040643.255415
588896855.511596
724826199.123968
166157636.551923
131809238.513455
131977097.037449
341371718.135416
585826459.906378
563829097.536630
231911630.682094
798606678.900044
470908019.138047
572725829.620560
469701895.142183
228061672.075439
716332861.338237
724155032.162158
826859370.948931
926535100.705418
564916284.223710
481718115.323359
1036842418.921135
394062754.348368
669567584.695221
374240232.739441
663169430.563433
605125271.441725
399173267.959082
510896595.466115
577277746.423312
623705097.951593
964266261.190137
815461892.280187
850337678.275989
88667623.689409
88250250.023374
273055965.587441
304341189.797769
387906015.535822
197413766.697411
563520525.084172
360734385.864572
404704193.904370
206570388.585822
902317128.398998
414001250.864327
747201529.558930
648754862.659912
658841852.677982
985459495.141312
581499183.501872
698688915.268541
966622663.645813
1092151360.930732
176662721.498635
385497291.956518
381485728.237643
814207294.740547
658232557.331261
633331697.103347
536649399.532281
570249718.752748
612829510.902989
838617810.375023
933991042.556147
60679955.041094
87503302.518755
267950539.499073
416299380.078262
511672513.555647
260325438.318045
363439335.712999
684670266.975654
1024330538.115190
608274014.049377
828907570.800000
962880889.579967
492635194.367180
642696057.028564
493558698.210640
433546886.137680
368526095.077207
1025135163.968839
652760446.705577
1016164160.893761
739871002.972925
321395241.178651
578613272.827613
837782220.593154
804100765.365404
456321095.324951
592991154.300249
527315311.943971
645304588.150085
556658114.611734
876040001.393371
104922136.011233
163912105.211546
338665456.909218
203649255.480101
122359081.774681
714308319.559440
931650046.466036
795836173.651662
529452435.144831
610951606.418783
678746866.960645
848199391.848111
758053555.278959
942825547.912042
904641037.664075
879385734.926033
682018901.500176
298534453.573965
559276865.127431
853085790.194809
1030502267.517435
255054937.535762
454442374.401918
495515360.576067
940903357.985166
474600569.617938
659804721.975769
698938719.133098
459383047.457456
193220398.907494
810811855.705895
94279437.043934
368656750.107589
461787794.937230
189125014.598832
450428922.229273
405581555.630898
282547064.758961
946477918.418245
1045058257.634159
738052358.412934
768814073.191163
560786896.681708
923562516.600143
34116428.136703
232650070.640729
243055505.903287
755031836.068299
799981493.085656
832308487.214696
1078889115.347364
442647735.754418
507873743.138717
252764426.082824
669367549.288618
477599603.788205
895603194.435430
805246039.479402
856866975.897350
567388704.032878
132747976.686670
757395110.329791
83474418.597208
441650340.510351
597237634.880763
647855605.058456
322730588.185169
255298151.925646
509954606.685375
1037075811.556979
325463380.863263
571066899.578483
878641297.318583
495578535.619906
781400466.868296
526333139.661616
641548756.786730
287502520.785235
603608189.014003
413823285.149917
815593794.405709
931195415.655496
432382535.304310
173817144.803297
472751646.287463
437810238.692100
366907220.332503
986346765.086704
638347870.987248
763580222.864228
750837160.736625
706145432.094207
815508319.985281
73666484.529212
108736689.723896
504346506.583305
123438676.015054
625813560.646957
725658532.734456
171159414.341051
632086218.341611
823930271.227137
724961500.856033
970932318.047529
788167628.364750
1052795062.001040
1036339251.564319
592045167.247704
897171953.814474
370754944.266716
503768061.142694
747193858.009300
971661388.310157
260327650.620625
329772532.961603
440010042.297309
490886873.557102
509927439.619437
394775403.478010
542261311.017778
985606345.243632
998432375.570706
684897651.868987
762006570.052497
180557577.659065
306685281.491538
450282881.771227
403592318.496350
385029853.773987
696054220.678469
1064663568.540092
1062712065.198017
1105370224.937686
1000786053.003414
651162621.892901
315128343.722507
954893966.903660
647231936.720177
577656234.700283
1056961980.120255
736740347.989118
512488678.038464
742097875.640706
631587173.914123
1062707223.350563
610886091.973518
387707955.973551
446623414.048805
469009191.725268
264663486.539666
1006561369.453085
885599031.210454
631185407.096664
536744390.182495
568983208.997902
254547657.306817
75335522.900760
372040277.053041
429359671.215351
738389824.152923
1054071770.124261
796608855.196880
304397870.483402
870511329.916861
952467649.946093
993534624.806368
448968151.251024
546495805.453730
179933833.248250
490729832.575538
413633085.435856
454464425.331459
900268967.608082
621246704.413768
1127773917.788947
994412694.504658
705063519.781810
212210809.251765
607192246.766652
365597684.648770
690795263.678745
472734651.149974
725063168.985276
426774396.596676
611462737.506387
859423302.169058
368983934.125710
435894102.515390
399522909.163691
899969072.349333
552573292.275085
674816127.327175
985285325.137878
1103518726.995784
733976380.289609
866583891.870799
649832647.931230
934131811.147585
743449131.602282
851162695.164360
849656553.040128
1125692412.928491
184209757.272685
1033781656.285024
633808998.709460
1025593634.528681
703588034.618502
217015495.447708
547899030.453571
557165596.987257
505372871.299075
338989399.359895
430048363.912329
760683475.797932
693111382.115618
967318062.692352
601463687.900663
268030527.507480
244428346.247703
197731524.081404
219657953.122513
1007280660.792140
635435134.480388
1032183818.990224
516602359.965735
830835180.128829
523748061.065226
373520108.996266
1099147722.256201
1095743331.737278
1018331579.931197
1141602425.822913
1179094514.182383
1126705268.078244
1152182411.133313
1016119794.998780
1180022108.533769
437350269.075234
400445466.713110
540420373.351699
706120778.858616
709827283.783929
539658323.012653
525526935.510710
397597260.855114
552001193.820142
965063931.910605
946313851.284809
82612203.066347
167709909.869193
519434477.441839
296994330.874269
220568641.612080
850968199.923789
255178830.582229
1041383160.264962
880871449.318398
678065812.896189
917396769.937069
752731437.842974
481888385.388539
587492871.857129
1120977339.250378
92791234.306599
1083606486.288243
488963309.422731
638788985.033777
101946040.406757
884761406.555288
650229292.650853
488433042.118172
396717826.035197
249524547.924861
365105264.488025
655608952.630878
427456774.309665
691400652.485289
808149748.072771
994403589.329590
124630464.593308
186100193.175195
378537783.381148
274679836.636434
834041512.246189
968095253.974409
368000786.614341
545679558.239867
770527871.480988
538123470.032968
850131980.773427
1019260401.208561
1107657860.702964
898758559.818560
661702787.704895
396227630.728755
571081581.308252
871665521.591372
995508473.169398
815645609.507667
673023638.029643
454783325.735647
390188583.469517
689218266.835042
890329817.112658
651815351.028997
816206019.534033
453671586.538159
438534048.873381
553816834.024527
978912490.873033
131458065.436695
449841594.054428
375197812.331262
602921345.933798
760325694.260925
240769278.145446
741970998.795635
819043202.296912
873758101.766952
433160320.167052
343557635.580645
1046098045.585099
1049414795.818798
442990909.465185
550048504.301666
282589921.321581
576540440.899714
1002042397.058437
502718417.924130
1102961513.609145
916726918.876052
414559977.481325
426932207.216690
800214219.673108
763131105.657652
709442120.227281
320278784.372433
407169913.493046
792361657.894899
511294728.121604
951101616.657853
274195086.060960
368663436.732827
532103709.594480
307148746.871887
636808111.319521
410510864.579855
1027686088.540150
479158498.148392
600272309.040825
496432487.417652
807703547.234455
661812263.806466
955785383.248707
798789734.499739
1079050567.812057
863427084.579033
696358612.522168
516615066.497777
870876835.669061
1077921381.156878
752318986.140640
142906322.747590
413632071.130841
610026213.623742
525892505.798824
739710143.930525
456028683.616992
315276163.132563
248235807.338912
668597946.411942
860262167.814097
215974259.172370
61232977.039392
558925570.763386
279500206.863804
891948796.945192
408811443.937554
847174996.484646
827344898.402515
850880507.918774
558034403.986551
1028396041.891307
918075354.988086
1094964093.596786
167082335.186191
635926815.266360
375883953.438782
760949749.422469
695798111.844099
508808537.228564
303090957.347087
1042147850.768061
289766816.576452
322528413.424191
449616169.057533
488229385.527521
883274960.546856
620070238.199485
193125944.980454
833561976.778520
715322471.759321
849711132.104098
126780200.218574
248189146.030649
615689052.669174
754459804.766405
844989757.912989
394909168.859046
453238066.642681
493341748.618816
875359812.104406
841342945.754014
1075753342.953854
995618667.876430
572874983.288228
676688125.531792
687325489.402876
594403087.371951
923336791.469411
804164571.155661
1028656382.599193
1132250369.756768
1005737842.032126
298458634.175198
392528167.317971
506415252.663508
734434718.028447
401144417.425726
1020270353.201395
324013853.440293
957622569.083511
492870095.047647
903265727.871798
121777052.277413
116008476.838694
104619119.632440
395524081.316940
756066652.944615
293566730.053340
908949630.097614
543034142.848537
972533514.687237
326982269.740631
934188362.481782
747711605.553859
725766734.946712
684633872.457171
302882758.757990
696836471.180318
1059020527.644700
777419835.001630
1238461877.976284
473629422.985298
897904129.861622
623543579.440362
473674833.685568
476979750.163207
412260365.911366
575739373.181174
752489620.602086
645831660.559211
892297927.472727
734036794.456786
861891307.567129
130703534.523219
186481368.648311
116986026.621617
937600790.893224
627911147.125789
685955271.038830
762972759.231625
475322451.114205
628816296.293523
808989568.722450
916298212.773631
778448679.830808
633213638.853347
227294052.262986
683070342.886285
420589810.639114
842881944.799559
207536940.777368
848177254.480402
709065127.860891
879536525.677338
401661744.316740
733033046.344585
443025786.452770
478310764.287818
469419847.981765
392740868.167593
681767770.012277
508460318.292537
1020179950.685946
782334406.609213
186576625.928170
466766115.458288
742270558.316400
496487956.852901
392040408.467286
567961502.994886
793941965.124424
894258927.494314
661370708.960179
752973562.151239
421963822.917855
1111456832.701675
945271252.736678
501580338.053623
948155419.079061
407833870.603818
790644833.606566
758819236.233663
1141506377.802058
426510636.179586
244478579.934785
525928670.260133
617750778.748489
487906683.846512
476914631.395317
462090963.800712
470174131.006340
863809809.610591
399344917.907420
794097720.089646
963554449.041443
484154805.601313
509313627.458761
694161550.198370
694795207.834351
823116504.238165
663335146.717835
509539635.825304
696249177.461457
658483402.252427
339783528.527175
1097786394.453255
1093038514.119569
1112650530.444091
393052395.866146
395886471.890052
772071086.623567
763811170.593169
681223842.148405
707015375.307182
504050060.640823
1191754066.506973
1029663903.861942
779349891.791703
679725955.028080
836736231.547487
828724400.800303
594513439.694301
483691487.091741
967647732.247865
632035668.248027
562858940.619651
270409813.263306
535018409.649430
636790871.924478
938931698.906221
305297394.016459
685898849.589739
693534040.388609
1063341214.773768
668462787.903258
896653959.479577
599726393.274248
808298073.492529
983404448.264669
1020238644.401500
169604243.122640
399777922.303673
995906860.417781
1134909582.257181
1156599028.847611
1213693124.710181
831393569.406181
471516030.146984
726143117.951797
519329703.730899
790368437.694910
500660558.993672
895912427.604919
505984903.313758
562857587.274258
323419846.146426
1007680067.012366
414641036.956027
273364856.237934
467783541.727398
803652314.123741
714524774.451445
476998803.090456
1100441477.221718
548511662.470912
661505339.763690
1101820022.990821
878351621.776415
1004263059.741816
1023599375.427155
963402915.482246
1175539046.286026
1130766108.981176
337593157.182758
475445578.352210
1151681863.979686
1076758414.667780
673068740.034318
409983924.637579
461059870.369352
927508684.180181
1022436596.679163
944053374.160594
461984899.455430
625012462.143339
628733845.435034
328343944.544367
763022900.294704
543265895.850270
285277215.092065
294279168.059158
324053122.700007
1078607213.339318
1053118897.799368
1082108313.292167
1052944272.901513
1131561382.929404
945748707.771721
968260608.116962
1100430124.653123
883738991.291184
1028743002.436048
1151181292.555325
1041866561.580674
1195780992.430239
1174023553.528159
1215684294.628025
1102570611.649911
188058647.888916
411169491.000185
630068776.750069
767688102.659536
740968272.493726
680969536.482009
780075082.650912
775640348.435586
481620199.396423
564590440.363467
887740768.207130
138988589.564222
160636400.506264
837993311.370289
863592178.119833
517106475.145842
683536797.646120
843742608.089777
395882554.209401
733412840.176620
970492718.137939
976116779.784723
1083888530.539348
795569155.455800
871891088.540791
800876266.611623
518616801.702516
1215006204.457260
681791899.603093
965884841.002405
704885327.836028
1079478230.580292
842069153.134608
407513475.825377
609529357.727327
943297728.055692
628122803.133238
1076549107.664770
721916159.891566
456630556.548215
613559069.968804
858351932.212605
484471513.450348
331578930.705789
754176173.204096
504795141.977137
966519292.887734
870520605.620266
489993697.200781
642455208.227378
837372283.585993
351128740.090683
711224044.816806
204933096.361364
998530232.093873
359049972.312407
331878871.942441
1137770263.359762
837590530.721428
979233252.962582
1112820776.015960
978036424.897851
486275472.597171
437760575.426918
407042144.144587
343535191.955782
546416823.541848
564821282.344577
691434413.294907
1036499277.742760
557710408.213254
791146132.772348
726622203.559946
81942191.071452
107544193.000952
734052930.823991
171483344.315034
928288994.954132
381683740.664185
400502922.658745
622280859.572159
866203934.089074
658115155.827880
1033622561.292644
307716271.896916
269200134.420031
714748911.044350
517022500.718273
996171007.216607
918059333.951754
938088055.820925
395129220.653057
179875896.681313
336191296.232908
860891326.309155
373534064.318135
500677076.936956
862834242.146619
1000573407.041455
729872124.163691
859459651.745757
615497827.651492
358666445.684161
842615739.691018
196991206.671365
681578223.083438
206130138.934189
753010006.619963
338776532.565433
601029270.869461
952903219.245132
507804636.373800
784524691.941100
1012470286.572628
327103876.887554
667363907.094869
1084256209.785792
395745630.355740
942345929.915967
611121509.734800
372668968.438068
338904743.465236
532533655.108680
1112276822.257190
742828699.686392
402782463.670245
462650458.148764
478067527.831109
598890452.467221
552367701.426916
455395252.005935
1010714539.375082
392899193.932576
1072371979.587899
821900801.693924
224947192.312751
231011984.116207
884779160.045160
857003000.692877
1007210804.361806
299024193.098786
860121765.237011
170275155.278889
507278209.085201
730938320.379129
552843134.242890
1068267644.045357
1001118259.759069
231489165.515358
719142402.163115
858407855.448575
680050942.537908
1141238037.603198
414941292.833247
714291910.105033
604082695.213844
395719085.708731
444675846.494066
437198870.453122
496180537.958291
606581273.042982
1047722043.411923
494914604.613714
380181009.329642
744514357.540554
475391029.464332
76500516.354310
262666088.391074
557360956.994779
965117613.755241
453368909.592498
810776077.641625
849849972.167190
948095860.563651
637949810.986470
616627728.638216
1086200722.277068
1008085903.366982
407985284.806244
891246181.353980
877819650.329933
747628895.358524
1080207228.638359
704530656.830470
957529045.464170
861199064.765859
807740819.456411
183786876.619263
416584544.393359
535596352.894754
527418058.652595
541182860.496229
553203514.886580
744298231.634033
766232170.089950
668592884.605334
721306439.717005
227339615.560229
389103221.781986
319821937.566436
596122752.869994
1007576410.416005
753861861.469453
804969790.439447
971077290.641430
1020749635.669548
416196684.212458
777276693.917794
484430397.008141
807941226.462469
1133405376.028190
1166339825.690376
1081128772.177188
1159640222.898623
1149818176.715961
1153680811.988050
550710771.324719
862754782.156688
557025055.069724
584040285.708833
297409060.956993
479942644.888109
540220897.092173
584055073.397706
919583494.614244
566038472.198021
841993468.148447
1018488594.839165
203490640.499624
283822309.300030
375223545.712038
438344559.367392
515557317.989323
997224277.846642
308957158.231639
524337734.532409
779371016.728935
223724707.791031
1045476362.037487
320693261.791724
519612909.339047
1191761021.561595
438349843.352664
902613377.196926
463480160.300470
624339353.282390
1173373969.896604
583093290.074252
1010822908.402777
314667098.229700
368360851.325691
867061480.260544
317737475.060018
615499416.683257
397886956.012408
154526557.708122
303650725.783841
491205499.821414
964927158.537778
334934709.372387
171068299.224571
458527048.600381
276557086.937171
533261849.639169
832339633.345787
963118960.342563
483248628.505607
1015067651.983166
563279099.037706
479480211.419136
574718229.391240
921565525.480516
553916054.700789
1154952366.237347
389033851.540275
374783793.034068
997249196.793310
1000884407.758994
1122489803.854420
402210721.883654
142906336.199353
831347805.780255
422336389.235171
956662440.411432
437195267.739982
593743749.315795
597561994.145514
509150179.564614
700505674.737138
926545247.603013
197934571.212238
312170127.485440
128359883.561911
443974913.398015
541167193.591668
948631187.491052
219055869.157974
1057649258.570111
552581138.330674
269576127.527761
438563009.761046
859951055.443817
472908340.293888
698922130.802548
628411503.191350
472558666.670079
1022042023.941204
516869702.192865
1128982650.054064
935247869.715433
882055877.564800
298820558.289931
275099459.222286
807448267.905156
739797112.268522
550812730.997741
686376446.841784
490039800.815658
522802201.788723
879334978.375647
1020180434.457510
353160427.165049
392606608.530384
659490694.608081
265943119.460610
128620931.390851
511245413.319156
1056602755.826529
324766089.781238
321912693.919306
689729993.457655
632728466.944627
894053414.795318
868940385.241661
518772795.613757
776268537.801733
790978032.324288
495390178.777323
213679487.086498
324778570.377763
1130901079.417908
519375908.384571
384608856.462142
489215439.531031
732944816.395471
683801070.611201
318032935.078705
816330130.077801
654659965.435454
566658724.366275
581346746.039282
841017820.271277
279910144.648511
335639720.997822
481886034.447519
483151814.938676
752503731.600075
321311313.673757
686742150.686719
280722941.140468
605097487.572449
165602644.524824
913653588.443925
508937649.760194
940779857.715443
472041378.900575
481198593.810045
502593991.532480
613754128.591360
666889351.818060
1069153618.622668
742905280.268156
856994716.737457
390334463.024834
330204761.506450
526080510.025159
455247813.111542
1121430516.710252
648250682.433730
707541590.846413
276410840.280438
417791990.217227
841570776.703559
255872573.883267
331807892.630809
687729966.387969
320686028.530677
1065736485.702127
615299937.309012
310495286.981955
689820785.010721
204424149.312792
755032009.901739
348770887.731519
560788624.197612
508961210.079437
303496805.967353
688106680.252718
480654584.714544
877958666.335457
962944620.081702
375899722.287234
965041796.679844
347513350.222342
489258471.715602
518536358.303645
787608182.452604
648322576.923753
967842996.519764
581361078.956610
594277440.955476
538843908.773883
587183276.283602
880727132.016229
242244893.798330
417468809.795848
940939969.122908
214110687.345125
556210905.878958
430211236.043631
410524091.789040
347236767.520773
611130794.748456
735778857.835339
711721137.117446
885436772.233234
759833437.361537
961238392.394219
576968024.605768
709387973.487843
649617712.988053
1186730873.368981
737721609.096139
786335007.592977
585816692.216599
344932269.109656
269115292.594209
735378535.530225
505814440.479388
410965124.563928
897118134.649058
1123519533.315957
649511587.125003
613039717.512181
742690113.769250
173836629.111690
188131468.020607
547622913.715461
321035757.625391
838930138.090307
593851927.305845
686109209.645924
1127672242.201506
101044485.281395
595013534.269752
1009431394.584469
117079325.878236
1090398502.345672
685290136.295126
786110774.572287
1017976352.379687
895049476.967642
685675955.405177
542383288.505538
1113207949.794742
618580539.783070
259043383.635000
123045934.657222
542582785.642304
764162717.848112
856276169.768904
1006138478.256557
544240542.137191
954646962.695401
816207553.119396
727731278.665729
166827681.369189
247568884.983757
198686472.525142
710493587.240062
594716745.787213
935686543.959729
893826047.278092
1011972739.648528
377200533.338616
1093120874.029750
755038458.031155
588782648.124519
1078390125.279768
984482628.755857
506516516.165125
252434493.210883
601935474.437358
979012081.116455
951747023.799768
573128699.935844
427107639.335039
386659522.708699
315421499.619978
436898647.197264
784723635.286368
402064932.281622
496486038.018758
794702488.480661
901912433.425453
1039332268.960983
607116580.929707
380526988.679512
349323678.043522
264751499.871232
709501288.429688
697062155.131970
1056995714.673882
926378356.051146
731529130.873022
393318558.055814
571716091.295473
642742809.082600
569508864.868915
717441971.164626
1101409486.207732
224165878.242512
999947557.685134
572261758.493277
1009046270.352624
762947331.454157
435464804.311239
1087459288.613928
749688286.557780
640778956.411960
505807551.887874
876621813.454135
703788266.842541
604544215.676308
751827588.310249
1034784261.712954
661199128.312577
842293672.138124
361720211.802004
168760584.209358
895207583.640485
269025946.348605
778766486.866399
651480775.660571
957796256.695920
682864645.517229
630698301.204972
911925207.619244
911800425.197116
1070876445.858966
629753999.359576
964156910.733086
745538904.737448
809903268.862075
922217456.814539
490739003.868041
876560837.087708
590251917.965413
844995002.683210
383454715.556620
572917739.588246
339276344.934815
442567880.761164
318406164.033865
366987731.709909
868936988.387676
873847158.129567
1102923398.674331
1151647729.055605
331021440.673080
352955886.250496
306234877.672704
341467689.858687
1039101480.321099
622881554.027929
733953772.536403
779336932.200899
827303966.071170
1048147639.693566
616106963.793317
775356221.543716
435592204.813004
1093991628.679620
885651028.883228
389929803.017573
810053986.202702
663949592.339607
1157260806.606600
1012293625.641524
1020740677.246971
267855003.064373
467349602.276840
486337556.898678
322736994.098972
536841919.990852
523697774.875672
648246080.878438
1061126356.392773
816153011.005903
544746619.602331
388526972.748816
361250601.641088
636345708.513994
418011084.145900
933845917.164443
605644287.326488
452533490.254614
308035611.265118
337219109.171351
509064846.441398
1045966713.287808
1077174826.862116
1025713590.681949
981483103.184357
449456717.017683
311393189.883984
705917809.237732
927500486.920569
1099004832.132349
578657994.695894
133974885.384041
893965802.609949
329536704.215125
917516412.894763
497586568.988004
704233325.756572
558021647.808028
468538063.960539
1112049056.391473
1010421366.816548
731665823.217885
210431753.266830
352640003.104399
817867181.373153
609959266.342361
320857220.328058
1069805208.713598
1095158107.098887
612769385.542006
806802488.112262
910814675.816537
545657635.250310
302430885.570299
800269709.794060
914444131.766114
492534668.026104
482409820.964609
623327544.499149
756930066.312304
879993895.197352
1161833657.472552
623998304.629125
699052429.701795
437218327.297463
551193952.856534
794524179.720182
277356892.977234
326950875.577022
841700083.197234
598685957.283043
970380308.770408
662414454.211330
494043079.926947
583061055.828196
843167410.649325
561266008.505577
1044136524.655542
931046265.405903
915671281.510816
496315160.074755
1001984032.451329
452139981.218429
691468994.567371
592700971.892165
382962290.286362
291680419.665512
511070827.171814
627090509.833517
876159046.036952
1066089013.051794
1048950281.110434
861235493.270957
297608895.409891
546848264.300249
46423597.397504
743510279.486979
448869720.426004
1012688553.320820
167324761.324265
570905710.402102
629730271.944376
927315890.603109
416951872.739535
108078726.496080
159184634.232881
906456199.378344
525215903.927031
797781613.811623
1028071859.494869
532983426.462879
291693810.276419
869219552.892475
552532322.098390
331187553.487554
667307162.741154
978097523.537964
1015604136.218710
1078520538.325490
502556295.117073
419706669.983440
397665457.844266
838192709.867957
1069246887.960967
691551331.430275
449409089.716763
475763722.243060
570167529.986087
320952259.457940
853646959.917225
809665284.281553
515091123.852121
602048441.155889
895259459.169754
974798692.694589
419992571.029234
719431239.975159
859228917.456346
263153065.506859
564628362.844943
559201991.931667
421825308.568177
245910745.191260
602110336.501992
865118303.489431
599869803.223924
1042094235.175661
967590531.215878
914690583.233099
911891727.664254
900579021.362279
996193810.798398
709729933.791711
958711344.322207
904313821.809914
335913629.650185
479309334.517712
135171209.831543
474977661.518565
314565635.492891
532075463.745577
785315510.281889
454173070.982148
217610954.481568
758140718.444913
803207326.288812
418019522.125900
463333590.812111
558102649.714518
770915594.388687
942680079.721596
840554856.454825
353130900.155939
810161960.423288
542560355.843136
994555234.990159
750526252.529879
682327848.688638
773180096.321069
454877719.604611
321543576.287594
1033080081.419013
402001807.066640
611009666.220410
926528351.753944
1055063798.127005
911179004.218322
635988547.698131
562970390.495152
592259935.363005
490550949.442343
905611879.040301
850932331.093561
504048869.395087
566542256.108791
709683699.544911
854293922.032528
404357824.255625
821751747.002325
624343484.091138
889850952.802835
1013858578.784879
1035931743.037412
708290285.865443
352259303.071229
440933579.642534
608127983.762675
515623398.369330
1115910708.214788
1056156902.779996
1024288445.506527
305275979.154662
1035028460.469108
840827082.724214
658665044.011519
311915823.109472
781842538.124316
781699327.395788
555664967.647928
656060781.186540
515661361.631460
487455187.514403
550414534.799588
894595196.628792
577192482.876932
744113363.918415
578762574.203541
891085194.408107
469938656.061112
274246411.764238
307096612.921881
700805235.602677
494133663.097110
955453235.719636
900690430.946611
303916589.798044
598145652.295562
279103012.492424
637363569.575139
828810281.038170
374561817.615159
739556552.213955
1121099326.922592
813076915.223326
885449697.302604
559647835.981878
739430472.230786
801246515.163593
569660739.481264
537287197.845241
557246940.527146
894766485.591117
545826961.496293
427967899.050556
980757963.091120
560795121.322260
602406835.027062
980060564.569424
841010183.375321
527718806.512748
493490843.463556
629013503.252594
987528494.286758
493670239.375503
993644947.273829
454935308.156406
728731169.437322
626988107.789816
230979688.110611
584760439.964556
1010970405.204131
904317225.803750
1136246614.840518
509509830.048900
836970385.961414
921035481.030033
575226173.844454
827892327.757680
957707035.942130
456339346.691852
908628779.118883
553146686.082275
761103114.131894
931003350.100762
457410301.271572
258417126.194534
702370069.383883
889006513.871436
1018586352.851810
773066263.211793
503760103.628458
519539484.292725
322486667.403704
339556531.149259
900353252.317746
661987105.865213
662788965.996462
384081385.588319
124471359.347401
342687657.409825
513265917.759197
714216374.023932
1054279347.426108
797258282.481533
1085715553.607740
894911849.312591
824836293.395978
881992751.379770
1064569264.279023
769818503.729833
323503653.438330
634999880.158320
559842998.315821
568648867.098333
565932287.428870
265883984.868941
519943850.497328
358832727.106936
245156525.726071
1062659914.063504
737573603.680549
420109630.526563
76065431.515187
399222564.913463
698975255.338785
1057286306.185626
894194489.699055
490876725.168846
251293098.714075
563113653.707301
378429329.198287
1009295072.691266
1009783366.675786
948733046.260816
797219824.101810
1068163591.702934
339298604.487298
537734637.162893
338486240.624289
550802354.284657
992356549.160980
952779956.515796
531676015.360780
823536203.613920
1068435249.345475
1014781112.637406
1108409171.454393
422803108.398397
381941350.395243
515076567.636890
804002450.050699
773177713.440933
579722632.746915
84097517.714390
696748979.224385
593004200.233349
226801908.591779
430459880.116976
329020130.609197
225543249.624059
321448697.421401
310523440.771782
671269239.362909
693040417.006481
435648544.832805
669905236.105893
665386270.425278
1061686789.631128
1174535530.022368
1130984096.489793
1198363231.804871
1092049105.294293
727690032.501458
569909719.947899
761149980.838104
517456305.732595
789925302.659600
331101281.646927
571563059.549798
345152570.570575
573563995.904279
757344627.844862
1070460026.436872
257757985.719730
294570416.992771
474058612.918227
812086176.021988
529650426.412920
845733457.528625
840437715.176534
933908292.562003
891184790.476841
246396382.146995
393029808.215111
771569012.803526
360678900.284056
1084920147.423112
434111706.719488
1112581726.068053
729829151.294428
1198662836.312646
483325291.973185
623557721.920520
482288335.267117
1060604513.932956
474946713.943672
605017839.050767
810162216.865781
773746292.060722
661272540.608666
339925117.743608
229094883.748555
696190012.666240
613481813.151013
521390912.616188
768698414.352399
203096738.178817
913592343.088001
332340355.979906
422684694.807349
315732432.266082
496233923.448981
985695235.334620
1007695341.837735
443129971.316012
866262164.709255
1114101191.857311
656702602.114760
976997708.776615
878860824.904200
1207919942.846888
1040935016.701720
1068263637.071495
787754116.265103
625563677.238798
524588765.405444
541628194.425885
513948559.706694
585603215.025911
995778658.178535
700327857.694138
778636612.428242
624211269.014900
479242294.256806
867691178.773194
344020904.573458
79479157.455528
320908656.482716
894100754.092269
590832921.445857
1010302000.393995
357744558.804284
975236089.140371
501510647.752422
1079142456.676976
295725610.204944
907683707.767597
826461937.136101
786190042.502316
782347278.926853
872041940.736621
1104661608.838813
587710315.228068
891268722.392579
1146114097.405165
194376759.813893
595615030.280820
564108505.254323
527782742.207363
571226961.974703
1057818520.680476
600859980.351758
911914124.380118
922528618.627474
411107207.359565
780575460.089789
524495615.668522
474591682.152348
986504237.190779
470116991.673342
548293225.828546
529820135.964482
774637040.704107
749715055.162530
776282331.469328
747756611.489573
839841233.197777
1121282386.830879
1022572546.666655
884846202.141808
1139861981.456948
864422529.676153
1000757681.383273
1240492588.091757
582870749.380672
955694242.645763
801074242.588142
1008298517.415360
846344416.751602
597427867.324629
592632156.684463
974573344.861647
665469691.589289
779751231.998707
758449643.953834
389712035.689323
764178750.010016
480262257.386759
220774577.785858
170463162.845309
186559648.829668
849265206.952479
927454692.346328
998603114.993360
1005102224.336041
249870095.058838
918960616.717399
233957252.590356
821586440.805813
873420006.760442
728258156.279844
1093136237.488698
946901433.319588
953142361.707319
794740100.626398
1238212849.516771
1325252502.245780
1068486944.516869
594140566.555294
1178716636.873914
559935848.058475
561924786.399102
546220773.278607
780155279.053559
844631188.742436
957286169.846695
425546244.182669
880853841.216136
342286770.781539
528577208.496665
563414142.692397
973616111.117178
285174610.286359
653132320.104493
380954119.116314
434317202.994284
400636264.087286
1090134709.438569
487237230.332929
688024095.251777
1118786990.872519
1011685754.077130
1153001540.839888
778013484.155610
1238669331.680081
592455203.631265
1336161835.242406
1258162483.052915
1101331651.674241
986566102.951711
1215025242.800108
882803628.816512
639812327.052817
601225739.442389
625174967.038809
386205455.081878
572133508.651832
828271261.062610
913585420.212657
513871999.297130
671320192.009316
549664077.766852
677937723.003699
566841830.521583
802891062.085473
789434408.661878
923159039.352457
1118087500.840327
1107475741.465997
390965607.752702
632762987.469500
1065006980.057409
1074704481.738527
865422916.956808
427191889.294522
849829675.752090
1157478931.114609
1302105851.193018
1318857159.001889
1317649852.783698
1227937379.707096
1280515426.777793
1267721210.911684
1035907781.865803
626707902.718324
599885534.640284
881483806.809893
1074366429.576304
425002468.380465
833740044.310442
623570582.773498
263948726.330204
97355988.806521
875939679.900517
447044209.705832
883261690.349381
770506839.044355
583765110.643377
473164693.651539
945376202.807183
902729157.422719
689341491.301978
1144869456.573746
219078442.315215
1128247283.426681
1081756158.071866
1236644655.774549
1195408248.367770
717161122.892499
1378662564.367765
1185023671.266361
1163441277.371965
1322484820.122828
1320746929.900323
973925589.239251
888736365.571074
560732197.530765
711836864.479347
692623449.319862
519842333.730036
842353733.940414
314926025.122351
494957390.350004
886001833.256734
564566944.786741
493564831.315668
806981212.927732
799217959.187568
1031778697.449188
720194599.992580
1016693001.792812
468454841.591148
1081537164.403533
881750885.747356
623009124.978445
1022394317.070544
435398797.091448
465951889.447250
1215404071.671134
1188151944.848959
1336494171.044143
1339601821.350818
1372326000.117864
1324538361.743957
1289950248.810381
1331244582.596419
1283214599.294929
750781029.198889
581504326.617243
577288702.924812
909647697.200556
849820343.469436
233391502.739102
258140213.912939
688446319.258722
808749991.951560
993792602.051185
868108395.739403
512449056.460934
621408800.989052
510254805.336106
566492957.903277
948411513.172574
579550146.886690
430534299.036223
856887423.745070
549660669.862933
1062083104.924518
1200090213.013809
1266534612.023716
1151117338.738684
1112569382.868787
1348564181.111470
1393605642.122403
1319124423.769519
1338370696.706045
1318130644.350298
1264792648.787739
1291480211.449901
595178840.287334
696038822.555342
834362624.534391
1079026526.212599
309392817.741324
545339569.925504
715309750.856970
263099844.862713
953249768.407317
298641642.073411
1123392146.073113
179641025.530852
667978601.938407
1094488734.599946
728273346.735520
1110011900.663299
998536861.545887
991071660.699501
1036216565.315284
1013815793.094940
1221314565.238421
695590027.833563
1248140352.054756
1337818931.634554
1300389523.211645
1359227090.504791
1387791886.252099
1376388614.818380
1267655032.536976
1352041354.816980
1316666642.935560
778644796.499126
1249334643.552900
628689057.050921
1055905629.638877
644021887.197146
390823821.101550
801416697.350015
956052062.277421
964411963.409474
645015720.262112
491890925.132962
344146789.242319
767386075.231585
560917402.711094
791635401.676294
1068648495.368378
755616289.960509
1018023768.346233
1091264849.443325
1028168495.118281
1229500907.777103
1227114953.710012
1102007858.677711
1076107575.154591
1235814122.702841
1386794849.152039
1353514429.488418
1365493670.460299
1375731980.426225
1326256098.552883
1280230386.130298
968318353.217139
675834190.807836
584670403.235581
471506521.762813
425382347.772629
472943518.940669
648018784.578212
748320810.311792
723137846.039771
1032369299.655536
883551274.623828
377706067.863278
648660254.201053
481051630.323696
852643494.898667
844959496.315953
1121290261.860503
722891436.324995
785848671.584227
934300384.342120
912871557.497760
1169599427.351319
1227806511.306918
1176426990.725955
1231016628.926020
1300963042.036616
1338866010.368393
1378025935.993215
1380170692.949980
1341398088.661640
1357858754.847761
1330943484.009212
1295624690.362594
749917347.539835
894368030.958315
460151866.438152
521251550.483111
873147859.268690
399267398.678169
771226256.159304
764563294.506121
1108451075.065034
527822505.059455
1004341649.894570
1059831757.703552
635266730.702568
293022462.441553
1021935059.517404
1009780729.206809
1015603450.520021
1076334681.933025
1004802430.344471
1193322265.900570
1162418160.867580
903855843.124325
1186617857.602711
1314343859.780489
1355281036.682193
1382988339.756790
1369188568.218846
1376939993.627327
1322768545.272404
1349976960.499344
1272813319.458291
1066267594.443521
861423012.504793
444536245.134588
222683261.903315
771485449.042440
85834034.362066
935962278.797633
1017520852.561712
498122458.426064
1121653528.025717
975037181.205806
470272430.430807
1059572544.221330
1084178656.851830
1072683544.787372
407587343.564904
1053296515.547578
1093628007.320746
1124834842.241250
841784978.499183
1148149737.039125
1201694639.094009
1182501178.609666
1158113035.800887
1309140169.212027
1356148967.090464
1382035732.648316
1385514651.940697
1358804830.863696
1337982559.614087
1316614660.425704
1307617312.015145
870264465.152467
654008824.142048
140478106.128369
571213264.029524
543572963.004560
618123764.162241
499658010.094233
1095653699.010897
933699789.818203
1088673477.738158
627831792.631348
475747365.931013
255195227.251176
528720307.523944
1040488558.035973
599885990.739247
1016065996.708691
483456432.827972
1215016820.974080
1049109572.894157
1189512756.386410
1073051905.384780
1211115124.336932
1218307119.429034
1280542951.225111
1345635938.840979
1355238237.475755
1374334254.117914
1364503011.336235
1355301969.655760
1327571123.374462
1280179169.698946
507395427.364831
281626281.251779
548351823.242660
715890769.780222
921752292.149642
233382143.503380
696563548.857951
626221705.676099
1029221195.197914
1025350296.004119
1127244677.457632
1060613053.660382
864937807.984445
573198255.020647
391963176.141797
1088170471.359791
809130526.424347
1063001717.605655
1126899155.874461
895133103.471977
1140687456.764709
1160523146.269634
1225768159.227875
1219104329.140264
1296651732.351767
1327549963.010840
1370831980.262802
1357554983.279591
1367268973.042517
1315566581.774221
1197127363.425282
546395421.832684
828213619.049352
441732676.673451
545746915.459531
434269906.690302
845060197.009183
1028202284.648720
739109110.802697
689470364.671283
301335924.296012
791462814.045928
666504109.708659
1024019373.980147
447537581.869889
855412722.062521
811901203.918017
1104010578.190328
1057183341.568295
916054941.883576
1070613850.919118
1095882839.493220
974600988.225310
1243259873.718186
1165710648.878393
1239570459.663055
1318763104.857592
1358323854.545733
1378024099.154951
1369698408.177107
1366281615.491512
1271264272.383226
512793340.411044
479823031.471624
474607127.191473
960700816.657056
729024798.340990
820769821.103779
443107637.721157
1027202141.206169
793760087.028983
271912878.504527
741250693.426860
267812165.397978
390067908.517785
1051653582.571519
954073512.828763
365830646.368542
1137509331.360955
1062315755.751234
1087919563.271437
1074568735.513550
1209527450.087570
1084658557.584410
965288090.029147
1167946331.378684
1237375106.416272
1173011951.518062
1314997269.715942
1321902486.304659
1354719975.409070
1369143458.197152
1342969656.185756
574214465.861754
440577234.456764
929320885.310448
620542386.403514
336383953.057072
898489031.133275
879053927.310743
795348627.038961
937828833.740132
660842155.683423
1036772569.048066
745177615.740415
1109730295.623889
886639584.435053
545027989.517854
540640275.045963
1087229020.472173
394757166.027469
1035528957.357787
1042201899.489089
658141388.019614
1052601938.481158
1135112255.261193
1200554476.796471
1087953930.095876
1171183900.855507
1250704961.977967
1320155225.842854
1298012944.145881
1338959892.338770
1352787913.217297
331173281.208823
695738363.913136
486782944.268993
950897581.313345
966181369.669752
231485789.313795
1045608290.672759
571033978.235469
974867491.433411
743649011.798426
302301060.374091
785565855.591467
1124351821.927909
884091205.320783
904410389.161571
1106496904.480567
1129497803.221709
971919175.657872
667819516.975597
1019282954.685760
1153505675.940598
1086434309.978017
1134922370.482150
1090132988.385699
1171217035.416506
1244592472.632873
1150716686.924402
1234546339.511453
1273266144.554293
1341404113.388446
1344977964.434178
424290736.770135
424738169.426123
337527811.101356
552763290.283949
850112825.105864
545790689.245414
1117713708.768484
514197188.445022
1125199919.676404
887089401.438764
1073273131.010296
1043217495.646240
1073429527.528180
760956703.306676
929417815.940733
697260466.429160
744429568.400568
574673373.244908
469498329.313645
384822695.300150
1015777530.762282
1003471679.216643
1027622841.800891
1110432367.165624
1108898009.453199
1160745129.853985
1116177622.319256
1230619709.653106
1266993681.099782
1326017698.535466
1322039478.995034
420622176.110974
809097925.641214
228310586.426775
654446854.780959
955440334.805133
948684912.434428
524601752.755364
1062182692.812160
659601435.913073
817959360.328903
1036658710.446787
1075525097.936578
913381343.113650
1051230128.181620
804988233.794747
1087395518.998333
1038690256.025220
592915122.609109
1121815982.707381
986747520.004021
652648385.192177
1108568032.935486
1034623296.102250
1115317897.163164
994149322.855401
1021392986.070776
1127471966.359774
1138892298.810352
1215528892.306653
1273243067.673158
1297196003.761710
82890879.789605
478380889.140076
275138205.758595
242589234.351252
935314727.327984
963913898.012261
916512285.306621
483579789.377740
903611438.896262
375580620.338259
784656429.229756
914739621.322743
475343932.909412
828623717.456658
894666345.896548
1077497038.472619
479547512.114081
1126395472.829293
1093865074.106241
992516001.416370
1031171408.560325
1105306895.014694
685040721.148132
776682988.576151
1023123449.146883
831680970.784568
1131465267.063574
1041719176.960377
1235289033.247337
1241364894.982049
1243729811.700339
681660859.580798
737361226.167638
651466195.803930
619352910.623622
429172438.500203
1024787926.222381
888297832.733167
953426040.052559
696270416.301890
1097019412.080548
871976523.670118
1132663767.593174
684767366.490261
583338765.365747
375663387.500613
972635133.603196
756579235.475737
830863125.142116
712703046.609499
246292883.751302
959473681.599774
737097311.996479
931730747.981539
382273804.483315
987740361.786448
1059821691.508809
1006431725.250179
1130158091.584917
1163292849.283667
1230597754.696417
1219405167.324623
661586864.041822
616417712.875648
882752847.770464
888688204.473959
322907748.147770
970156257.906581
976499695.666600
974793902.399414
521169375.978651
927491271.257619
392657402.179126
216837979.907843
707513016.130785
943765806.702774
543265642.268093
1053758593.580854
1031830314.736089
167724603.515242
538308492.618005
856897305.135404
1096201991.225849
840949273.125274
985053207.028116
1048982113.409825
1094782161.071532
1033574953.182496
1012501039.607935
1125805394.298578
1036562937.075060
1181742866.409776
1208617792.768920
306845049.646989
890623533.994946
901566385.759440
1029457097.485354
967809200.406610
868303592.940776
1037344028.097189
700834413.482680
842334007.990092
764592228.733551
1033590030.216961
791115418.102735
501478478.541092
155101096.792848
288610827.596560
517495814.190183
957562216.137089
1102454660.953668
989903190.382560
355411268.680157
800894444.348215
1164353207.871164
1069975242.486538
1092813744.731021
606740129.272224
951261047.796274
1121637022.566837
1015504863.918152
1148921459.415178
1073937354.588087
1132961443.711457
625562163.975072
959514120.055047
682475980.906355
385206331.751670
817288096.899239
961686048.025692
683765544.224809
550902229.711675
1009051347.509738
406528754.179462
1019460927.913928
812026033.848997
910075609.976449
1072806686.815145
640496272.149274
1031851248.033623
739448611.073414
989022863.149323
608006419.584420
1044827539.194744
939658898.397539
798510763.511992
364248829.445462
853542572.000497
1039549672.642332
1043446110.830381
995111800.620056
1108183570.787340
1184010750.683592
1137444769.828816
1063296324.330276
291512655.056979
576455890.056091
446015194.567714
894677416.399868
929117860.600670
632187148.143699
577497120.968225
420720842.625952
758727927.521426
374881061.706400
1029826982.858283
752366215.374731
887070679.262472
1007913413.891116
443063019.315692
904478178.098865
1017897571.360861
987958583.743047
1023334871.385558
295814220.555589
768277784.256695
637324351.923721
820604489.456180
1104889274.460414
520117614.557415
1061189457.864047
1070267569.425091
1125126539.267975
1061244287.519041
1145949427.586668
1060817113.621667
753024354.017179
919325076.299064
949248228.840822
881216944.371174
658865583.036802
614480382.094536
933159230.733196
561553644.923457
656790465.577135
382406210.400877
77584727.710078
324188386.074208
961910101.817900
862457561.710444
1073637398.195268
740087583.329934
967131784.980055
688847441.306898
393137844.976790
513693143.832171
983922502.882205
812578774.066317
1054244320.181707
557353940.377709
1096268299.056244
892563958.743628
943123685.712801
1044592840.897973
876038980.689440
1056510298.735816
1061435899.183896
395464233.956443
276403779.751284
324647327.515336
933044188.815271
1062458524.155753
529754002.661981
912020797.134524
590389211.987483
1004329885.384479
771669648.503146
581001621.515164
705958363.203569
860330285.465384
956629995.423314
461406142.164669
788247473.448099
849855778.264220
521174856.052386
1027619303.276500
804604598.011528
1012005856.224648
777066381.847460
552488858.590932
1131376965.081647
1082030181.978209
515816438.199411
909810460.365758
1090167677.214922
1028456947.082401
1038806704.290166
1069060011.786213
673468915.815806
309743638.676072
792205699.162167
438108893.568012
840765673.299780
991306047.379228
1007009465.159418
478347948.385052
1101292458.738466
795082911.580118
1022567731.571020
1055160835.609905
840153648.080344
942415897.581442
687710963.495919
610835605.821746
1054346644.995277
894904793.565930
642467465.396768
615446533.027288
819145767.691216
1025217677.313936
994158375.213509
977627848.461134
653889498.098996
1095232228.041588
866537007.314560
993834696.359447
1045166331.133538
1040547924.536337
992412809.036439
514991421.617909
388005567.264670
522199223.092921
791375017.053677
973376324.566477
1075967628.607274
1043471942.365777
708331428.191616
537650848.474917
243355622.152802
476545242.838314
1010170927.651238
661623863.196525
1089547323.519346
936580909.761665
793903677.610836
122026229.401986
946884550.437140
1002856523.474874
968494139.711834
795144496.067379
896798902.661759
390566336.423473
465359939.370768
1086540364.358220
992256564.982948
862406142.492379
1004779554.322264
1064950413.496101
1067529996.997198
966846687.736087
533903570.403325
867226128.624671
706992551.063473
1008679752.615307
436777803.656032
422800782.293609
962350636.736311
755231458.398602
1037426802.808073
1027475267.587685
1014347250.077911
1103515333.984123
1076256599.457864
629593860.169767
313453986.818065
999645355.843464
413159737.845868
850569960.328027
428108047.954887
181946226.802357
991714176.653606
791718658.848439
1104790595.376413
321015918.839740
671772115.468462
938163603.201068
1062609782.748457
550947368.552590
706996978.497162
1066235821.407434
1030490718.950063
714259365.841058
369719528.034984
464319246.712691
497327869.527707
428910828.452105
982396011.656195
1055997275.284280
954033133.935659
997828223.234931
743264441.343287
570142007.265013
650170865.890027
772522901.855591
1082091652.768543
1109144497.448619
703576706.345954
986409451.491540
490690075.403530
260272533.363701
894376636.556260
969485087.639201
356940361.482244
852987000.087527
781558627.202502
667536900.106384
987038193.756879
919922339.475761
728076476.614056
1011150206.269375
686783819.707627
976518494.844761
658024595.216552
291712616.731685
662780486.614573
986221957.045707
770136973.791395
670528060.680975
393885959.287793
524751488.435184
863325346.811085
967786394.073542
1054312814.391316
387215244.414628
1034906440.159599
807549801.903199
1095024495.357432
847576805.038351
533102113.187359
923928421.654189
1020829527.386468
1051749626.434536
558340989.465431
612402489.841811
969921085.202837
1088213998.120679
320023500.738522
850938800.143642
307654768.796473
1037253070.893353
929388136.016128
880867560.940062
694295287.529410
799595081.400215
135656829.024999
664341122.100163
672303164.210654
392251421.181968
254592772.006758
1013550008.856600
341813590.559868
536246754.686679
711641111.571000
641262718.659863
821955834.180153
977129122.271672
1000272967.979559
746845251.911889
956730393.198156
971536744.114526
870290514.518808
437116532.817776
976763712.717618
451413677.342626
930916810.412035
496896309.849876
247066632.756221
963447760.334532
1012172871.572287
968502627.475121
996142448.707722
545412468.411240
1059751699.510736
981508753.962998
709828542.630789
229125348.285374
782202444.383666
705396953.274857
995539025.224414
557961352.095917
851828117.730436
333106075.769152
882578835.207440
677139566.686749
1047508261.921269
783020911.334559
768343481.157611
1034350569.657662
966279746.504756
979562222.154297
348146165.259593
1095967404.453998
954533304.992531
890722031.971503
213880903.494314
737023004.051653
374247013.434553
1077464549.706573
521433076.654751
607688486.314344
605679904.886280
991063141.443257
827757964.415056
808710633.026926
1022783423.856693
764302934.732475
161443150.208899
861214686.045190
595402744.377686
657750146.804451
165346443.565697
476390221.317968
557266057.059991
832710056.931830
994644469.743601
388325603.009587
986029994.659065
953510296.574904
996914782.431480
1004582584.088081
1021498155.983943
539223181.772583
966277958.990100
995183816.938425
725744133.947908
168182438.893032
1041319052.317953
919192093.395784
688364176.711885
910744287.030012
746325755.620034
583678962.177216
708602181.900007
1091870581.535354
807423472.224594
1041597095.015401
583158676.523462
718757501.879235
533375194.640075
718810013.163068
968512732.318846
358007489.736590
903588962.593594
702508360.946758
1040686074.548223
364164923.522765
403441425.885619
558719852.037940
581370735.529190
981087744.566399
489224558.542160
501738278.264719
954146588.758171
680343733.216485
1020267026.358924
950033827.338848
485391413.230816
567231132.864180
177369245.141759
915643255.904553
778663755.704162
978158595.826964
941665543.331556
1010446546.124395
1093512786.957934
1079775387.631699
692151598.340528
612681779.369405
868080790.489169
269662323.475036
949978773.113520
218283045.698734
474678328.892933
1006626736.551335
382146884.009260
977393276.821925
331315586.963304
261219491.823872
932725585.670345
1019076908.238911
427839095.597352
887463642.403851
981806802.736772
829690057.381177
48881133.467633
706877821.490030
1014632922.891130
1004971043.048884
819816859.512242
1069648162.736767
447035909.395823
1025289783.010947
601005032.836411
788758393.225876
802403208.574390
867151692.492604
584613459.484401
740995523.125930
677826194.363586
279549510.574614
269389806.210129
824182441.408037
703088551.520944
1028829059.492820
467753400.016182
778398172.801734
422734413.052971
1038746404.426085
834501765.346190
519814699.984286
927395585.449249
842400614.292031
557122205.221608
572414693.580041
764887392.191669
424485805.163416
1064359212.751410
792286074.998588
979354239.171307
382495073.238746
384170391.680179
694878394.810068
1047751304.214302
611122950.265311
712020408.131869
457701968.532890
986602705.387516
1026254959.836397
955344066.112409
803898475.175857
350949133.431053
864166695.625781
250921619.911327
908666919.972256
841020157.316815
548313774.287181
1020880834.812451
405720211.186859
994052833.620377
234998508.510036
595713853.376815
841567502.288174
981741904.377350
943432751.665129
639130383.922852
451733384.430505
1051075500.857233
675495002.087634
1010551241.985113
647555155.620178
249200207.885986
460445005.519055
764825826.790481
910580316.434052
334080462.301646
932497818.220967
926311642.896696
834369025.519889
943884449.932651
676804970.952930
572953817.992096
253037942.459149
378157675.231384
304867905.008397
899277573.862317
499117146.936572
970125582.748968
418111784.826613
299756845.087418
830274566.069905
1004812347.889488
275392960.002977
621118502.650172
240982436.575660
1074474264.087136
556675305.051662
617022383.239877
984523415.231569
476536932.884869
845815795.189219
1029805888.885772
882219543.391532
491839541.326590
815049705.836075
790776918.840402
1037950162.910323
574157684.334650
839977479.448145
549756134.867574
924695791.450846
997731332.840531
579716093.614605
532867685.216977
834678745.791912
775117137.776166
697001926.935953
553693474.869337
785204813.168555
238242587.837983
1011801285.474011
448851016.803673
418655315.008794
1024166434.814491
1012871115.564295
985528689.210310
407375315.605187
1060435946.479536
237619503.276492
1077072115.394547
368022088.167398
406702135.385954
508444741.666796
682236480.096074
523114749.731852
995032040.676437
1059516526.928694
981529949.488405
685127022.535590
706527663.973992
953931506.870449
938097489.339349
955166007.525643
799701270.034576
632282718.647123
646164978.691085
511172096.049322
929337112.003422
621876880.893564
1022284835.516809
588152517.273322
765306650.769557
740799225.179057
1070982206.874017
124868501.781361
599241433.439803
1109465781.297832
778930214.602930
566233338.188752
826791606.549967
1035138443.960496
1029308626.884666
766848092.364572
1023212078.192175
456078798.906510
974667727.350764
372439722.928904
936477676.916819
878714375.424626
1029638158.936817
840842029.059560
994147021.015541
986439038.325590
681961483.807729
603238269.082521
506993308.671088
765792086.245538
443877303.096973
1009954735.235506
738700908.812441
241170096.231478
862890739.134551
807218668.360201
653037116.399183
1007104944.095301
239625883.077195
423755650.990398
184765864.363695
1043407987.376928
466002490.663931
636168196.167100
392837231.328288
643955208.497573
280677210.959630
357908265.469877
714749508.547321
310178468.426120
672653754.079409
583817007.152892
974244870.421814
984312641.920880
392415595.972739
896292386.418762
637277801.384440
947989194.210271
722996845.000234
462889348.077860
981498348.052542
955532034.836249
692605847.792181
990972376.117209
648530919.362395
635701886.604786
684426308.000419
305117725.568865
579862954.308190
993522553.414050
755807713.952177
774463118.898502
904024044.305003
583374097.298512
988239157.894687
885897621.174021
897897317.439675
806064946.469899
997077711.143604
721020778.330520
570460325.099827
965477572.020266
691427030.818793
405147652.934185
418140731.123686
833117192.660587
783933619.434825
635339428.165913
952684402.403812
579099686.138792
201451511.673956
382988285.102969
682509524.600171
277704692.682037
783204512.142287
440926464.570056
742145844.085296
578968373.914136
1012177292.082089
966094612.822029
453158837.125158
725814225.578599
575253339.736810
941420221.906020
462259669.339334
835785438.505397
328042777.777686
623787223.171043
1096107788.897462
486493923.971644
967220733.227820
1071215110.234004
753019911.399273
639848728.350047
557226931.911040
586482390.951899
687354375.722424
722858691.948759
992989169.306274
919280173.948501
707549232.811694
713903208.060245
353238548.507295
907226888.255809
609135454.245559
560462269.819761
217637900.510214
713113416.478328
304305923.918536
596391346.422027
1038664255.839814
559944852.819456
970025464.025924
364071677.077288
1057621803.562737
770767343.962310
433502774.692109
722962127.495041
1010986251.289232
837684391.356481
564017098.829121
935751952.701925
731290462.603167
938037948.005408
974096160.585859
989177384.517094
934225108.604728
558295697.845195
935639855.311447
920679795.411266
669603165.069671
517495168.393682
568034280.130242
309246145.063992
430269470.069092
312499279.090661
744198439.133006
345454274.708416
484757752.164505
952426201.433359
1060427151.868905
960918840.014006
601177797.214706
897079261.855212
491918848.377836
1066855482.667885
835572569.426873
1129193663.207838
388712120.694317
464021578.804986
836516036.570893
1012078497.220577
238100277.721294
510908389.715587
264161817.302383
948334070.996667
250270760.662081
379261449.999881
767969916.945871
1030658961.954826
900605362.106065
613288499.253734
656658843.777835
106730589.929803
598913284.739186
602257789.900061
798036036.049865
940938581.080723
683717133.604477
138700990.141517
517765768.120348
517356188.792163
927872146.876017
867508243.244032
280220136.033953
220352070.577719
706784570.967372
978063341.943326
641406589.774560
779831955.248936
668568566.291726
552272896.615503
578241115.394254
857262639.413660
958831520.202360
1015702881.587347
390655445.047312
536774177.823602
522931679.290259
694127194.872225
359557934.148809
966659570.148777
945165551.055217
673565343.086004
147172056.819949
970903186.111400
549029613.463863
303247479.783249
908236118.495390
966317977.602855
974853005.844156
841832080.103510
981173772.852711
809518470.431401
724494136.775780
908509888.977723
1010651579.878279
1067342982.839169
207940579.997396
977876778.521994
1124062213.863348
637240528.996387
246140601.874312
1027890388.906086
989609365.543066
688385181.042980
686461062.640163
898226797.410932
261827024.412148
734794953.055162
678438585.031628
855564225.474688
884497668.195228
645535856.337444
293249144.218658
324222867.915605
332583734.937121
720464654.058927
1011326810.466967
283307484.851770
701734495.830222
1020905658.674539
921580944.250875
1031989254.728037
810853624.298549
676238510.688466
456056711.919054
1059132683.850725
909457268.854897
991937180.195571
957011176.987270
997852705.706253
602831495.814304
381595601.154929
450422031.963595
675072751.575549
1047342253.106071
842525021.700434
785033202.385058
955875209.877846
690906191.656880
573241412.989276
597100593.162074
796182853.610742
689125321.896487
489454738.629409
578005603.713200
317935145.653320
552487565.509890
552850976.726281
672054330.630047
1000139548.599980
372327569.678627
998607725.421966
1073240292.737832
975808739.028055
1075944044.563925
734527610.830598
492337350.996825
123890263.180701
1047311132.947273
448591998.631267
774352173.760953
792070296.691795
843331214.390337
330024643.635268
432985743.724508
774254792.045003
790343245.343568
814509499.375809
780289192.136159
845172152.351062
903117965.326611
524528685.580937
932888791.259276
864568556.742620
279675150.866329
306061923.894409
332146571.407299
703856534.351734
571480114.071414
888601112.283577
984389642.279940
963390089.142545
1043807046.303380
776821009.059046
850075207.794864
962625880.997161
949310843.383597
979954089.862074
268298055.522227
115144085.492782
788776712.148454
388367700.826515
462915526.255993
983859618.868356
882352965.825002
865734276.636283
991550758.534320
860815869.279146
935682605.389568
589289477.548064
642172162.130205
1009461346.244359
435784021.241997
823809355.553380
740152021.850839
483601073.532541
904264301.129899
257194058.343821
891251727.768125
837614784.406320
570159304.793865
767382629.964742
976196516.773244
657609831.181851
745267038.367832
1046134522.794047
1057078817.180748
1052549593.306159
603344022.503172
690681557.235138
592691859.466422
730066752.420919
768064970.631759
838096169.971188
353651775.259146
260986940.359829
256255711.250877
937232615.628087
641036721.187319
865084564.605018
283939825.060682
581841678.752756
419647188.002673
158074099.134950
958064158.620788
905679035.831799
362158655.740074
333124086.541060
497816899.801070
722714212.005601
813024817.948838
905008472.768003
213209824.908221
774339105.348885
707268050.483949
983163253.410891
264336053.471980
311958318.869093
331463171.178233
286344809.359942
673522345.690550
434837696.714817
883242279.730040
636806178.640854
735144779.021452
799379324.619855
952214817.605590
445332825.278759
1007615126.264520
999030631.342765
992899648.909146
959352074.678150
542495413.278908
569930671.517528
576635705.531465
885021172.797290
447193938.326883
487917336.871693
369278583.389699
761258456.745295
458549735.962573
222276572.707228
962562105.254277
903552058.747789
968239522.419146
945381562.759446
415340103.635304
477474361.339851
1023181799.453691
987878875.475105
424691889.632819
459792144.913632
691041431.390364
857278351.604648
298620194.826089
556411609.113040
675423970.332627
316158274.795572
239631733.333543
984205515.685170
442097066.773313
839526491.168877
804300677.072577
305338924.716997
467977715.464725
875728658.459396
807932253.452144
612484453.865067
501691051.268230
398676634.835543
129947933.230673
311965132.916396
56008992.443666
989387982.716448
378995820.083010
900403134.471859
425211964.505231
784566923.567058
963717511.511035
149866046.303091
305950449.528331
891548827.511001
825135286.875719
960012718.407990
573959628.878538
1089479444.814735
1023952554.107422
136002919.669178
798465827.954991
493488037.522753
452620897.808096
341906603.755415
499714114.657247
677803148.886751
897480977.690768
236774544.051987
690803976.707687
751163117.215194
912966994.394371
297923431.186794
243263449.045165
192041498.496087
906232617.669318
118422275.461522
842309207.788530
129340855.152730
927859412.442392
922368622.450413
953980994.940175
703027917.933589
283811732.433246
995765106.796865
304074798.366799
277336305.442327
730699116.055219
655065736.533383
907356929.309689
262981689.170347
580049096.430443
893074322.457023
343436035.980121
248768569.757500
987243519.544190
540492350.290340
436951602.192199
487224394.386397
741963044.140072
641392225.889337
501740423.712153
743898687.559575
528848041.565610
237249854.170894
744989504.883550
520339025.761764
405057635.778082
466282230.801583
954048015.454586
538179940.073601
819956263.855372
771603558.160869
1048531544.152714
618078842.336175
822802490.884052
688683403.773302
783838181.295085
612800368.499993
902127630.913047
671187811.808444
871996090.516688
798205749.534370
681813490.124153
965186912.291334
448468471.244051
577276208.879177
77668308.865245
611470379.042071
161097269.273011
878812076.771716
807787138.572157
899780055.985128
608138711.975520
200768565.173246
325881862.286242
332561909.610583
304489501.410979
862236837.418217
718258890.794442
829455082.922340
565693645.441875
948864296.428472
760790392.947922
963227501.629829
862888824.994110
737336770.666290
487735165.267341
412002247.967254
548986346.882472
959161985.652129
888200633.220117
780621787.333485
204749034.454566
1019677222.971698
693744745.311882
140141898.688851
833432408.685959
622435622.163006
953175439.092793
104976133.066222
280991510.986130
522320352.218849
940605025.527673
525821458.463999
298636763.013509
385699023.593198
631018429.414351
520234692.869984
435725831.625916
351293215.715597
1011077670.519097
935062856.468800
938659371.273094
546511496.627041
783355688.003150
981500766.682961
576218579.531646
651727658.210184
737909818.630239
466682471.824025
559342848.665842
164691838.823883
993654736.011929
1061234341.396431
753078951.651861
663016843.983645
939677769.646366
787258980.791943
577773894.422465
188615938.806077
406027777.793980
828076799.763701
631414496.606483
648346219.081648
771569880.719386
338127462.077745
442156445.787437
357729893.969855
464900947.742771
877125748.064470
885762004.872828
505044934.817108
521638888.547542
533201373.377889
1010643371.157065
1051723136.256343
1011549403.153122
1082616560.778840
832429059.173074
656012138.426777
574146056.912519
355387541.463996
817801375.699711
976212176.663767
580394777.493256
367135057.526104
1019844202.980927
348986600.920062
338849877.838647
337278106.778142
944497014.727562
367425152.239020
449135971.896525
607507915.058438
752189647.363916
772330340.516840
247053010.153676
254563346.334155
218186507.425003
676558582.821849
323455386.410428
316856123.212536
185620535.279812
1056825764.179944
888348979.795328
1001105540.272442
633965398.915412
580872214.247800
402331958.053027
676573345.844875
704153035.764513
814566193.843386
767948422.097340
465099513.371854
911942802.773010
903838106.855491
959290253.624829
598821778.279229
415807205.824066
1001054122.324366
182759158.384583
444921908.824397
449640070.512405
384656751.728153
771741281.995681
950787133.279209
609057020.139862
438336882.876570
222637435.800778
749999561.574207
447369821.610332
553181024.696929
910322507.411728
450059928.994202
341999347.484756
513331745.342345
720292260.532994
1009047756.175149
467237079.704097
628273655.818128
976837422.567988
439558718.736272
325468874.769203
621554094.894321
192409898.108890
394199616.781547
546425830.422535
858393035.643663
620719181.630492
988439577.165499
473658399.472175
453655435.362611
545991765.820802
573311737.869253
471118401.288479
859613241.945142
901769311.156216
583729029.904726
102695594.003063
206211233.904073
502218891.556147
284065839.697686
798881438.753412
613881956.844337
827512725.079167
848389591.784365
951818422.252167
315205547.727274
857042684.704527
893033999.811682
954316979.074194
328228758.087513
370141328.596842
565714728.547905
577774524.284364
276656514.530047
729092966.655794
788782145.219055
639422714.717047
405773378.227247
437768469.483636
342615563.891091
907671509.972767
346959716.387635
190888437.407910
497368594.780928
613084672.129260
528032615.439645
919316016.987603
311200182.838899
426644414.618566
583593151.825491
407921494.116626
502717101.345146
234183774.026275
561195897.615551
318861801.642288
922578009.269768
833942386.160937
472172030.395185
353582417.925440
664856948.464676
348074168.514999
841258465.053316
934114866.066204
415929937.377295
702757398.181031
163589326.059519
473357926.220501
635998743.356154
315566470.143836
773806557.860701
936465078.343775
273824218.981828
397335904.929426
859885882.963660
321451268.476754
872042313.892463
746172945.477543
589619391.877316
197220136.126023
413461935.076489
716352117.728047
389112359.597222
599228494.864781
946309161.919037
958592173.966972
191650652.579000
984128012.655966
998266209.454910
861474330.857621
742083569.881530
1018039331.930831
292598642.391073
988688501.129222
1000981292.994750
429261699.155150
654203615.430111
606195377.416283
933256857.486100
860346982.924366
737937000.513000
584449836.693632
234895339.012956
845871965.059853
944367692.664059
207024847.827535
276808992.233234
521145418.388381
918572252.932499
686684226.153123
334381486.277930
242477786.064677
157157749.617255
930580875.034281
764072152.777195
373673442.522477
766076886.242675
962276496.827919
923246162.948516
813043225.506367
1013155848.628914
860386939.026838
968538455.872863
564002256.417249
310666283.628168
889759074.513793
933497837.892223
762371928.924681
389901895.754400
836421800.481437
208540994.472172
338705489.326510
786128985.383814
922809123.889348
659020568.221939
268092389.615151
259686049.466391
901409875.651253
381835898.499369
839673190.971011
457789787.498468
406799419.135441
488772333.243719
303487438.956118
324264814.224356
99787483.326700
953695867.803685
374150898.203837
541116611.212436
686862480.132156
1042104924.960784
439067430.588262
717155940.649334
826622002.983828
953139936.584008
1025398796.129176
465285005.458099
312391122.784267
982475101.653644
687885996.757518
586331764.154129
848076696.400935
373531611.535817
750322491.788039
752003063.763702
359343521.356394
966030012.187258
891440992.913253
827702322.742871
621993893.715553
896299884.286456
731095319.571919
152870781.638366
302360546.807722
216730179.420227
651803086.907887
467669925.592040
556098187.701710
457171869.556330
786097994.989064
367650172.303282
192434745.286900
550126621.921274
990926498.109769
533386716.158315
1036538104.943982
633071821.415842
970745376.027233
547871437.852185
330639608.159842
430853818.532179
139377358.504249
522054868.066645
848765083.636923
614571909.379101
156179529.918055
930530184.073533
900495420.252006
590339243.563099
224831425.671245
930117696.491667
527028399.281993
524427683.628560
345195815.822330
276800787.819258
820742914.811812
360744425.774322
364565737.286774
716168443.791852
800794903.732604
512549134.697981
544855056.437738
911539730.969340
863070200.608151
640210137.872596
713133611.405282
855337660.486128
958642683.627359
595520956.300369
481828472.782572
633157922.930781
703167189.053671
726266887.538093
249430781.767147
842541720.784626
367910647.156932
441694216.961512
379582670.863710
554921752.253560
905697205.097865
464166607.637536
605847929.344107
409088223.548039
637025221.703352
236560468.598837
80113086.200333
533788141.266242
164876711.505547
629511983.316355
99795446.166641
500193607.476638
398994079.535784
799637392.453470
677048320.067923
461268849.684488
411904515.256168
1009281834.981471
605384378.147869
343459745.446709
765875910.608755
898552641.379784
585253146.123447
803943619.914634
580008197.384402
908768140.334032
297188572.333984
927426639.696136
767837415.396044
167083218.805795
591382654.383302
610519162.298482
231607347.887810
787818261.773666
914877076.613207
711709389.274276
251871614.206259
384450617.485263
436786744.080614
790766145.593615
555586661.465679
263707725.652785
648629476.188887
427325376.912504
603683654.031386
373360131.114328
910919389.321359
422683321.361790
197853144.566543
258786598.744838
1024768329.698400
816171839.287931
843693933.470698
604885398.383970
957803785.645057
167074440.307910
655319866.891923
758335060.978948
219455521.831126
644446150.956916
478833005.514030
552260743.522269
373424781.436387
524303139.894295
491131667.861070
783305122.926382
207926970.426914
254476972.160121
418676414.496596
640763562.139595
370549217.940181
429278786.194250
864676987.979302
667425822.858827
438130154.131206
566603924.197015
661064855.458440
398056888.723528
503626766.763805
973515694.410864
950641213.486796
762298070.683803
295588422.178519
1078763331.350329
685193534.511504
351818873.974060
921061515.789785
656737191.793807
719703048.223949
382481987.464565
1021395850.367636
713564290.477099
415832891.760050
368610236.705040
390978896.795742
674999222.359857
604080186.350984
820297811.468791
298443893.825987
234954152.821119
118515961.856233
925144240.088364
374535719.082025
397628997.230910
399494938.007662
967535720.434789
512523927.111323
363862952.053136
785623567.658175
984742789.233534
783757619.811437
473563970.087558
939019007.953245
503114703.084684
256641283.777546
696243026.548571
989280676.551213
653927376.042902
311213605.890011
212035059.792421
473476273.117456
520116853.255762
325838997.265506
202538241.758751
809596368.367829
827342176.320555
482918543.468009
469500908.402156
527429067.745220
428375119.075293
350506520.792131
335068540.530399
540858414.237441
300268358.633143
726283823.656368
125582523.575471
441712422.239278
476097831.522012
955509809.158100
599386198.761603
438107081.648598
340324317.840757
908627703.427330
954388048.765088
776206701.377036
866676395.543126
545969650.448328
784000797.058988
868024070.354502
443287337.440501
400448623.190553
191516669.432821
250738280.686105
741728905.678720
800806823.714325
400357907.696667
223614148.622727
929122865.498785
939815212.437162
399632045.528512
62006626.549776
477992632.420882
199223428.209979
449343082.557226
920640374.553213
759856218.724234
317178832.585101
712356408.633491
657523422.758193
469933938.403377
438518558.188846
839988522.253845
651907354.366157
385793859.972874
332988952.912552
899651280.334138
878017033.651212
742709996.732195
875845302.885442
1018462189.719792
394301201.337654
375759547.798654
971515283.420931
357651040.941878
394367750.541377
232147745.376149
736405211.991311
778394670.610064
571055375.758901
359691990.633227
495943996.778675
270470314.470685
197585171.968965
780898247.470533
433629790.473827
462777418.776207
525561358.115047
900754981.062678
768209118.130699
516478826.742124
535494038.383698
949239448.178261
547089054.630657
614060388.494568
609983751.952262
935220040.493906
817226409.180038
460376512.259806
875806606.670035
885473112.294310
576871682.350556
538163915.582492
640900820.915068
568542292.577194
548654206.728901
579914878.270454
851873639.219049
260994211.979199
416827590.758410
799330206.293796
568629493.793664
376172127.841616
190446007.538674
87327335.328774
412963796.101450
354093812.121454
757924225.033182
175640259.760033
626948899.030936
615944148.318527
853964403.019217
448944233.673575
553647319.440516
898285743.523505
991562837.429645
511795270.584785
320841904.826661
827718793.561143
1008227201.482108
925462262.668049
763153103.808376
957030552.337375
1028711654.708192
960830954.233729
179485683.929424
540641066.960617
901344167.088423
677734710.512177
295660489.715977
862158850.901506
305166163.807786
697193416.048725
530691071.420082
161782093.293090
252245064.505194
304745766.578708
708026260.879784
691057206.037634
407965125.975287
674988557.970708
536012413.581540
644920991.888270
662820695.988087
779600895.500124
232705802.027787
429270270.592414
977427275.477942
978358254.017684
560782808.825632
664286158.920482
407615441.454704
689864118.307480
933142016.316594
983251640.247626
706128644.624104
957125427.791107
957207009.337801
989254303.579566
570542734.256188
1031743837.666382
290956572.585498
432226059.990452
425001295.444006
660154126.112835
276852150.540308
422634326.970397
319116390.966156
350571505.111359
132810210.271130
958336161.309905
834097005.655358
489121559.807688
778325188.488716
897709023.465345
605951019.995613
733051888.273216
836642306.876389
675793914.862007
427226931.159774
793163118.765438
756699905.697768
907666330.521819
552105664.474224
688707510.250245
756328863.586656
604416625.675712
642960393.720828
617116399.301987
316607434.007284
577204713.024534
662229610.063922
743161895.636548
1012039778.411236
568363195.852909
196582715.467102
176580186.700977
179323977.899088
250598319.707636
794510576.635061
71579466.487058
408170254.421264
47633805.549687
849523763.824051
685244230.064644
565244854.568618
705077523.060471
983137740.052592
913210676.538878
253410222.203900
542955145.953116
951210005.077948
612104305.363593
641824973.498266
666261513.507396
715542501.037775
581188804.084470
880501850.626958
980069229.035125
892619111.920355
752800202.189525
848071828.963377
1006137595.021535
285136455.935403
715001509.111868
912996635.223150
379504826.919471
278333281.813609
245340197.857386
549503195.674558
372812798.062325
462697242.546145
776108812.822128
390802763.837837
439359596.047040
254213089.760481
979389823.223199
602551264.531615
352536004.872643
598952468.049973
926202163.503909
663999518.919108
463977449.973496
726725036.215998
972340610.644647
430643234.839192
199634735.174822
41465139.086862
591365617.959887
422910200.970200
241384129.386929
579376243.780996
176355616.331772
831315246.532873
849891901.280429
451379961.473011
795092613.734938
736467616.309582
124204284.811006
76758716.896163
450236357.538508
175613398.553414
749988822.397315
271895308.579688
715373718.120972
828092132.896015
558885863.132978
398448638.754496
420529874.251326
774950211.847709
191554024.595203
551299431.558981
628924583.032525
820658862.759978
448267787.778246
455762850.793403
381241479.139794
535805855.644360
516621911.034262
277324305.317158
604780090.990799
1021995306.170465
1012168981.189342
979273207.658400
447655840.348493
673675533.821485
764891515.764899
769955371.260052
588103233.559422
175881422.884139
217127587.599276
411231687.670899
467892770.010619
668059574.943952
284834476.966607
877929972.903930
124993907.916431
675679308.038608
504507364.231917
924332900.550394
584027638.954804
446988707.677874
571672102.198901
309841616.341953
531065185.818274
269311230.722703
771728831.468692
266874082.706793
239776122.467169
332027152.435529
952059470.671202
545429708.455399
956914097.661066
580010939.593285
588455473.909744
635484934.778983
275131190.220583
935323017.478823
819429831.373183
130864331.990994
135957240.422728
384864775.033984
515354098.434219
310943545.310476
415212568.157779
649700830.530155
678445496.100486
556459249.727608
884829024.935988
254244044.452505
694376260.895498
186057496.169778
939442344.150212
423346716.428619
329731462.484327
612354790.394280
489475233.758892
313652157.006209
323210475.561514
577125636.116968
727107682.703031
635748788.094732
137971847.096944
254397255.285949
957862318.470815
753681551.347554
776800116.355842
411976872.583483
716383472.879687
663315551.660543
507773325.719235
227706841.358315
121519510.364225
93955174.969385
589900361.885291
164421883.190634
415058233.291142
289367408.471565
899537984.064775
758760183.874965
605447596.899834
909689318.319641
657013958.978326
710702529.237591
380130401.377348
918049605.022061
182739730.537107
540273434.473206
669356125.397270
765467255.324812
269230158.883152
201754594.541758
430368078.966015
930810894.324211
210469134.934763
297826090.315484
253555064.083658
368220607.568562
591503079.395404
760992635.442873
478361089.945225
892255166.413854
240130774.201366
37548542.898040
479482620.643026
478514647.976688
303303283.712496
687692741.641020
164511396.051137
500490671.780208
115229240.181155
917432002.374065
619527830.029053
649475274.229863
954419493.241622
791921920.808843
796960394.166808
259997907.839780
702267290.478542
195418550.974717
386114886.484549
255549404.150811
749863580.272585
211866473.398531
534508352.281526
540839141.996489
635377562.082489
280789492.119792
403051443.354195
441970017.492898
645254237.230861
601615362.748631
557117130.830900
75065051.058236
176937978.230164
241821791.160450
113475344.277109
761734274.335136
644067174.373923
460684661.558182
687510869.577479
484560335.697256
614398787.911093
405758190.788875
881351594.159801
228966832.840817
712888302.545824
877061525.022259
933217504.828422
689426622.077540
389516454.779520
709478624.955946
845960683.565767
798757552.295149
423804247.176326
485449602.519440
301745142.086002
71566674.373681
591280669.847750
774578364.473528
354963472.228869
508119028.850678
414151004.999022
570665848.026633
134077218.124698
63624381.159950
533517654.177425
89079920.560739
337239568.231801
153293745.254841
868274300.012842
597617113.814596
496195228.054148
527453259.046157
769582752.340858
813084319.786170
664851377.407733
942562722.317793
251827870.774067
699358221.602285
711896580.401164
863792073.540726
515182319.323115
411113487.877136
789431984.893589
503726241.139282
146014561.850144
167361725.668684
184502802.521081
648372974.479011
662448281.526054
247419146.578917
618952378.049462
577676095.408174
444893947.284157
137886437.251195
174983278.363665
391473641.410480
252842456.766006
424916386.551070
292140565.320454
415586161.052010
308143185.965749
888137771.621028
398236556.520071
528762186.928630
445933527.667821
929251342.253663
896032102.006529
697763969.844416
957489872.986908
780211697.641956
735902258.878441
368869064.159912
586298280.724594
260909936.030789
162624987.507343
705639106.938229
696500307.546564
375282123.524642
112078688.875522
216783368.466070
768523546.031062
779469753.313259
714751453.463665
245686197.619769
168202635.092280
42468988.553990
142234564.921568
518122529.886439
283333924.417305
408285694.971804
371173506.879308
494219693.850880
488198333.378185
557782017.664918
920921318.686931
146327991.239616
532365145.514235
298186929.951707
936749059.223107
809587450.085140
711005179.807916
984319783.009627
565991580.938283
674769365.468115
673290060.514050
491122416.058763
344244707.280044
332328895.559853
437331067.651315
852902245.796077
572699898.439034
268448497.489008
361428191.632150
601318851.405386
657784345.152960
164641255.006640
114610105.586229
292851088.528155
335643918.053835
284689166.324130
589777270.174322
129050450.831601
457391317.560726
188859385.517298
691255875.410590
583685464.521053
534681048.210451
815526161.502519
401339866.586670
615839917.363178
244632467.311320
937455143.558935
451924117.321755
696295031.281999
853656194.554041
856431669.312743
572429687.085171
565602234.362296
587918711.462919
439898162.661709
245769767.908397
471126522.980935
859887392.775777
701399876.268392
692141099.615565
279174651.916856
65922156.957667
129636043.769758
215819484.555427
105827038.738801
517808502.226128
383566744.769917
485354031.934207
754945399.314346
123498828.459840
390353185.884871
134145680.732220
936325942.204887
717760087.213014
613109141.981418
734117907.889958
854133469.738919
853614336.254575
719983243.232144
980647061.734119
208990512.158216
610023941.607359
934415168.031461
621292964.689611
381512179.994446
304070578.776728
808049113.443601
641100807.792605
224883883.106103
436538418.451854
515391837.328312
483083120.606492
92939275.808872
97002237.509609
421592497.121474
36358611.058643
428721918.844660
115357536.168708
614657512.549800
421138011.192259
564525342.460030
663714303.873047
358051915.292076
382445742.113657
219060780.576124
938868633.447372
501317865.275229
749084316.580317
841814468.984725
895473748.986623
821108740.484190
338561547.322793
970447463.734916
528859995.814822
480192304.963195
876656838.124718
731426290.961581
202250057.045768
251792053.354736
647016842.202597
915058610.439946
546762343.859005
474534670.699649
83797627.172390
287373602.153189
528440837.835322
217191099.652581
404272292.085736
236403033.807145
441372113.280150
233095423.882534
793478052.186564
299718578.932249
506338877.129507
397488191.153721
631081792.260624
627608838.653072
445243111.009458
959197282.537202
258763047.171292
659374031.932386
589205413.548062
879089292.582698
813768384.918181
389827189.462268
881262369.920133
729065942.646252
598291376.220950
442947306.625979
884020863.282870
333480765.294753
242402218.382188
385960981.989503
264077450.886148
200349188.654474
72494275.609090
144728734.291871
452874479.947567
347865017.230468
377913275.444724
380380299.192310
365949941.512351
488251629.355309
485403332.197927
879013916.200554
216867747.507879
399332257.330044
199659334.167229
826650169.064185
756510515.766908
652227339.259494
960862108.862432
62051856.110535
506757460.526349
181217162.027599
908157266.902366
670753404.530110
488688187.909603
740465192.828592
643719781.784255
572769756.883191
376325322.277181
412615158.024794
316202843.154605
305746117.965260
130868421.474563
65937874.983115
289657244.862519
314698732.793884
225841491.716096
525360054.287448
183766805.163122
433827139.864402
259491399.391247
734336077.050523
567594348.462376
492747237.766177
673176063.417815
138288295.748956
573871262.147513
41503569.285052
938422248.782404
641021803.349090
855534479.873991
951039802.220844
361223586.738602
735940688.844894
283891219.695505
965180470.814466
341113476.090147
331213007.699397
645543867.595113
665080741.801013
510187877.013545
362822022.932341
309600844.110075
84498052.276864
167508451.824450
164976776.287325
121199066.335797
459750961.666758
408449463.441457
412334005.283269
739500203.917069
129966218.033310
444885296.780983
76454448.753177
879421949.070733
646307445.220636
519368836.322229
549547345.932108
347028158.870311
690872130.657473
230151906.410278
963945103.201166
579281717.170045
835260712.945501
894821151.073662
376251844.496631
635848340.223266
250961106.435659
897432541.995445
260326739.920881
399638361.240028
176897275.348329
146247421.878723
342849330.652482
143303984.642054
88138473.221748
520730564.025948
130214727.026986
367105623.448761
148623933.731841
578750532.612255
497789311.146697
456171824.772039
684464112.435762
322384050.456958
337973240.077434
277036935.463412
885372736.150170
649191068.364937
601603620.551466
666943340.835328
583267962.165654
602875956.574158
461852519.237555
959945338.851647
308826054.472894
684878698.471529
945254445.731194
717487995.852906
490964081.880566
189878533.571121
838562471.612051
626707186.281013
419398219.754245
244426690.468817
115750820.521567
176376435.937310
537152105.582274
143812094.224172
481583079.672073
223791199.931117
315398381.296022
111832275.755680
620361100.804971
322112852.501349
519016344.594354
466052001.021356
356014648.431206
404577276.778795
296933643.660253
866351073.452785
476048501.156619
501860207.372124
513159781.939220
937516367.731803
717511764.490515
600575470.377453
960679752.251879
301049141.576882
638092352.735525
764243928.575469
845388199.115936
343001247.345405
265865737.233617
384173492.015208
398781398.900187
180525510.683782
110564378.198235
217931083.790737
343537094.228350
366372606.723189
299545369.133843
327292271.492481
279168916.245484
436732380.850976
294651407.423695
716786785.552559
233149844.857878
470409850.359910
262663168.451680
540216929.207445
519787470.555194
435403076.031047
927926214.102036
285760251.599012
598464050.793383
488635973.330693
913368269.141949
718643472.786031
589645324.355465
982156502.324818
287769561.233845
462326256.125709
710954878.099973
941763719.057386
465561284.768414
81676729.954133
84967492.061161
166431903.760265
282842493.198209
229531708.757450
268453918.681331
516207759.568609
326463608.139163
332591844.165170
321344338.287831
556783584.852802
448327687.562812
617389580.768252
871021921.300221
241009390.498733
468640704.788138
268825108.275515
761153357.752428
512969009.021575
547972579.325322
827335622.660294
183006707.338581
461461194.016730
413950741.857318
896247731.693645
391164464.306238
816808294.627421
856028631.040084
361710781.016637
395970332.402004
260729011.893349
310792346.597149
179261431.112007
110663742.016173
191336607.222534
297611395.718797
185610737.821494
266501204.518726
412339365.202128
645742719.657898
259975621.848710
472099666.266606
272379842.959294
515094342.838179
547416137.418291
616706630.286107
754789983.736810
95208213.334995
517405371.068529
161048879.372020
735500507.012307
718681771.069686
535242640.489119
703614083.803355
486510023.202239
561648158.453810
229767170.056482
838860765.557890
681580273.956104
427893957.973686
645870481.779937
445064495.903927
279653847.436313
180715053.801776
78648486.487734
532006969.838802
332710351.203919
250578884.644642
392355429.094364
418523195.641358
467120835.193047
210929692.264333
641314962.885549
323293600.162661
337674407.657963
133715382.130137
833536133.665304
535981347.514845
473279764.199082
704234297.842878
182329080.069854
440846350.279893
253077864.689649
747055373.255152
439087519.894254
503667846.074368
542330774.305423
743806357.734389
490477324.020321
273211225.901765
863146192.938379
660247754.142093
238245011.447302
127301172.405824
109962123.043682
151642504.336750
277800273.426089
113354375.371518
627505464.174800
578451882.362799
244422188.732781
379070454.653171
366435980.864030
406828044.036711
485135022.416053
542361542.453246
413989538.745979
381282748.616519
199118429.157903
848119817.727725
247013911.806129
507838464.801263
592752427.945407
429680850.994852
340824048.816722
224195647.359888
788781829.874678
317359022.992410
389333894.593728
762129871.017783
853406562.991002
215733920.514511
163072900.462015
475920967.287375
512227942.924570
107274338.415854
50903309.858422
400939694.150224
217353682.096508
156081099.134280
176781946.148793
500343049.862446
262776298.862916
323746435.034471
245551151.636652
478704437.511622
402097826.523934
440123548.286653
387636595.373661
594466100.834264
467787803.339733
480466122.008040
801326118.957969
109516012.727282
305439937.291121
271922499.870114
633917545.424920
358601005.693572
183404724.022470
785929911.773223
555758947.116654
396431302.974226
519221774.518746
713078033.491949
354206028.204668
58825831.738331
138587236.253271
96589916.932572
232645164.673635
156904073.696849
178976468.961947
299731241.844510
225642570.188122
292575058.267764
468179836.806990
104983777.215273
246166769.742713
292112258.614340
580162748.708111
361986528.388960
358917450.539983
294971388.928247
715915006.411748
476118007.885846
597398072.037113
755172932.141768
119117969.375195
125878966.300220
34587586.485950
459143689.667560
583276002.677878
366038764.337285
631762992.317924
339556285.298513
334323793.013846
287350025.141023
285598061.951686
84417649.437603
140034625.626092
202570535.367155
350543918.248601
134290278.134541
112371312.866418
254353086.079463
528389052.843550
191430659.708577
469939982.179510
525741017.937946
100875880.421688
192586514.637054
459322648.025546
671279368.690513
346632601.178059
338151755.043664
273121721.427049
746341863.767802
388575286.938782
504144231.767258
382701928.491596
415664551.616998
231538325.236566
729259601.196857
444196408.508556
232956119.364530
470953798.757496
436223779.981642
327775992.981461
254006951.119419
73711502.170274
98011046.203108
67775627.731805
47004566.215877
349387203.531000
407574817.035083
69399888.278232
266046669.642980
104137850.072974
358485786.267037
105834172.292093
482289854.514292
381514882.323124
135162889.087689
59931424.694173
335441909.982625
653181873.287506
328383802.837830
122223834.007053
338714089.155042
869250381.335376
310295819.234460
112963810.790538
316545282.805022
842634790.380143
496833943.408557
207315041.883150
615331534.606347
487842450.947118
314836216.789906
128794692.912111
93816240.404611
78414108.082645
266155133.051448
315446713.142194
193297287.484636
270068198.029111
140171111.715826
353314689.908236
155008210.499725
272828235.845203
137321096.196771
527096863.466950
102654487.225303
477795495.997377
288206019.192038
228564520.278517
134532916.809358
484711619.377197
648706487.700110
227927186.155018
201742888.840535
428509273.182609
240385386.775745
171493778.993315
336840668.295404
519537468.242757
824338755.694059
288051362.087951
437716690.479126
603632021.954595
384888969.254064
71856246.227714
143025596.411974
186703886.490997
292133854.363859
188073388.893877
105932894.463532
246587586.215035
263061473.791265
305366463.778837
250476462.055309
346941648.637526
250475921.163918
365798516.581387
445862591.890404
305022368.938048
263481568.666274
258583913.442506
419814647.779979
353945414.060175
309251783.789097
308909919.915166
336772165.550810
194703459.104451
440687968.561805
228302476.886774
226642551.433117
203799893.435196
136645746.645895
700562755.902982
218354874.629405
285946514.400320
21739364.568970
41790090.126735
94350571.686716
112363870.373383
162063972.684460
110119774.871341
146549012.474352
43621528.910406
166354428.912986
93855805.700935
151153879.558979
64785097.642579
264241682.930030
42165644.237606
183749893.068159
102789466.538763
186712515.846161
81130044.428039
101428155.542644
278975317.426240
271928211.513669
146720517.392830
134565242.666123
48152504.648707
79921179.214796
165008528.374075
195777871.892522
465639290.169011
510033584.860889
321194463.059896
365220770.591911

SCALARS equiv_plastic_strain float 1
LOOKUP_TABLE default
0.001112
0.000013
0.000000
0.000014
0.000000
0.000000
0.000000
0.000000
0.000000
0.000000
0.000000
0.000000
0.000000
0.000000
0.000000
0.000000
0.000053
0.004171
0.027927
0.015034
0.251747
5.421468
2.262312
4.676737
2.413281
2.324480
0.734743
1.064445
1.144150
1.180877
0.394046
0.000600
0.000915
0.003622
0.001449
0.000000
0.000000
0.000892
0.000104
0.000000
0.000000
0.000000
0.000000
0.000000
0.000000
0.000000
0.000008
0.000841
0.000037
0.025935
0.054594
0.372810
2.295123
0.537209
0.578243
0.408845
0.464694
0.474325
0.620428
0.500885
0.348749
0.229653
0.000004
0.001880
0.000519
0.000000
0.000720
0.002284
0.000000
0.000000
0.000000
0.000001
0.000000
0.000000
0.000000
0.000000
0.000000
0.000004
0.000585
0.003744
0.057101
0.088559
0.464992
2.013753
1.474548
0.567997
0.402406
0.486685
0.453636
0.407486
0.355233
0.456798
0.361254
0.000001
0.000346
0.001067
0.003459
0.000567
0.000255
0.000039
0.002832
0.000002
0.000000
0.000000
0.000182
0.000000
0.000000
0.000001
0.000068
0.001588
0.012403
0.053537
0.101967
0.613346
2.100974
0.859798
0.433721
0.470325
0.377951
0.339736
0.266832
0.127514
0.155689
0.132945
0.000000
0.000020
0.000000
0.002410
0.000000
0.004549
0.002534
0.006115
0.000000
0.000328
0.000048
0.000018
0.000000
0.001632
0.000000
0.000657
0.001296
0.017151
0.074546
0.216877
0.663665
9.259368
1.801025
0.534115
0.437454
0.396666
0.277260
0.318201
0.145782
0.140535
0.103426
0.000000
0.003196
0.000449
0.006138
0.000031
0.005523
0.000000
0.007480
0.008732
0.012289
0.000310
0.001588
0.001057
0.004293
0.002348
0.005486
0.015328
0.029618
0.105233
0.223331
0.643391
2.022783
3.294076
0.707525
0.399628
0.369603
0.199621
0.189348
0.174700
0.199351
0.061919
0.000000
0.003725
0.000000
0.013155
0.011644
0.019204
0.002806
0.009588
0.008115
0.003667
0.001937
0.016993
0.000002
0.013326
0.008238
0.008221
0.011599
0.041164
0.133249
0.286193
0.599828
1.972983
2.696919
1.040308
0.424898
0.299369
0.213204
0.166635
0.147130
0.079278
0.017664
0.000000
0.000000
0.001166
0.010700
0.000156
0.026180
0.031566
0.016351
0.011185
0.010452
0.015961
0.006575
0.000089
0.017952
0.000481
0.034158
0.014471
0.022648
0.057549
0.285577
0.509494
9.694745
2.466819
2.235086
0.610623
0.298838
0.235805
0.179696
0.140123
0.059780
0.021263
0.000000
0.000000
0.004022
0.000000
0.002146
0.014580
0.004313
0.020767
0.004049
0.036727
0.014579
0.023004
0.015773
0.006735
0.009552
0.033967
0.021508
0.090473
0.115879
0.199480
0.558891
1.771387
2.703544
1.802280
1.172539
0.415938
0.255894
0.215965
0.174715
0.061141
0.028626
0.000000
0.000015
0.000150
0.000005
0.007063
0.004290
0.007303
0.014046
0.004118
0.018427
0.005344
0.034765
0.003517
0.011557
0.035714
0.029554
0.038379
0.071079
0.245422
0.326866
0.574842
7.640468
2.548299
3.394510
3.030631
0.676917
0.375046
0.263248
0.145547
0.114980
0.038706
0.000161
0.000000
0.003191
0.014403
0.000000
0.006050
0.003767
0.000357
0.003106
0.009379
0.003051
0.023535
0.019770
0.024218
0.013631
0.015377
0.052753
0.034924
0.082589
0.363202
0.470815
3.580562
3.535475
2.663767
1.814977
1.022929
0.544611
0.348576
0.189658
0.128231
0.082755
0.000747
0.000000
0.002047
0.003551
0.006522
0.010287
0.003802
0.017254
0.005408
0.004981
0.011762
0.012541
0.027428
0.015971
0.011200
0.048470
0.014065
0.052814
0.205280
0.453248
0.993606
2.654010
6.379592
2.730057
2.433975
2.939913
1.878905
0.405934
0.296385
0.192623
0.121907
0.000000
0.000084
0.001478
0.008322
0.012582
0.000963
0.001351
0.009103
0.001362
0.015729
0.014487
0.009047
0.020279
0.019518
0.018683
0.032051
0.040358
0.071998
0.137808
0.275680
1.010491
2.416988
2.222097
1.499978
2.409049
2.557461
1.010627
0.713246
0.463935
0.239009
0.158766
0.000009
0.001079
0.000032
0.003152
0.002448
0.012628
0.011224
0.007918
0.002893
0.004894
0.007223
0.019211
0.029162
0.021112
0.034534
0.040943
0.054983
0.094211
0.118667
0.402172
2.663292
1.819407
1.021818
1.110281
2.214082
3.005649
2.420015
1.851238
0.883981
0.325560
0.239733
0.000112
0.000160
0.000003
0.004067
0.003521
0.006749
0.003409
0.008823
0.012506
0.017152
0.013143
0.007571
0.012455
0.012610
0.037501
0.038922
0.023789
0.095371
0.258790
0.333382
0.741698
1.870571
1.651009
0.550368
1.137088
2.189942
2.609220
2.137752
0.892036
0.444509
0.366868
0.000893
0.000000
0.014186
0.006580
0.003325
0.012301
0.010293
0.014167
0.000014
0.004711
0.017839
0.013988
0.021121
0.015428
0.032478
0.040714
0.119325
0.092075
0.118725
0.406075
1.054445
2.157395
0.790398
0.520453
0.580437
1.059294
1.782058
2.520047
2.395915
0.800128
0.530281
0.000340
0.000001
0.005912
0.000000
0.015819
0.012775
0.003900
0.006312
0.021181
0.019564
0.023701
0.009215
0.010075
0.015623
0.021833
0.039211
0.068916
0.066285
0.257605
0.431504
0.795698
2.794374
1.287839
1.215034
0.613996
0.551647
1.578175
2.241436
1.664631
1.437417
0.820659
0.000001
0.000000
0.016219
0.004065
0.006164
0.008729
0.008444
0.012961
0.009843
0.007697
0.017250
0.025444
0.014923
0.026295
0.016322
0.042868
0.096344
0.074208
0.166894
0.222221
0.857329
2.613125
2.487857
0.810744
1.403439
0.692887
0.409999
1.021386
1.203511
2.161423
0.970007
0.000531
0.000000
0.007031
0.001381
0.019984
0.025979
0.009249
0.004948
0.012588
0.017856
0.014867
0.028584
0.017444
0.033544
0.016661
0.047824
0.069304
0.131443
0.119827
0.296026
0.497103
2.659178
2.554194
1.460323
1.132404
0.226510
0.357024
0.950619
1.773185
1.807335
1.050264
0.000039
0.000001
0.003984
0.005194
0.010848
0.004547
0.015394
0.015363
0.012268
0.028121
0.027237
0.026976
0.044007
0.009425
0.022394
0.057784
0.037111
0.094978
0.080733
0.351658
0.534793
1.704161
2.358831
1.976684
2.126365
0.805273
1.110296
0.268011
1.120370
1.926485
1.307667
0.000021
0.000000
0.006270
0.005900
0.001325
0.016995
0.024661
0.015499
0.017957
0.019000
0.022810
0.013204
0.029258
0.030713
0.051587
0.046993
0.078824
0.120141
0.111167
0.385582
7.746955
2.328526
1.502723
2.007586
1.321179
1.190890
0.534981
0.607845
0.444672
0.996255
1.684651
0.000034
0.000001
0.001982
0.003316
0.004566
0.008409
0.005312
0.027667
0.033910
0.016242
0.019577
0.020757
0.031889
0.052572
0.038609
0.032290
0.050583
0.076832
0.162872
0.353889
0.687582
0.732658
2.066191
1.710334
1.889875
1.654852
0.761128
0.803993
0.397744
0.608307
1.141854
0.000002
0.000001
0.005434
0.007072
0.003331
0.003224
0.011381
0.018546
0.012647
0.022461
0.032689
0.024351
0.025188
0.042147
0.057220
0.038985
0.120843
0.108973
0.160977
0.325641
2.806386
0.949593
1.249705
1.374261
1.755537
1.493506
0.967612
0.946826
0.556041
0.459269
0.770207
0.000025
0.000121
0.003588
0.001400
0.010036
0.013419
0.007293
0.007153
0.024042
0.026028
0.012596
0.020900
0.030136
0.018773
0.040585
0.029511
0.074541
0.074762
0.240651
0.162487
0.540050
3.076375
1.598207
1.307225
1.180014
0.907242
1.522449
1.104248
1.559624
0.721101
0.991930
0.000101
0.000000
0.002215
0.005852
0.005050
0.001669
0.013756
0.012271
0.016250
0.008253
0.016245
0.027198
0.028793
0.049407
0.052617
0.033498
0.080527
0.072087
0.146002
0.287033
0.932367
2.155901
2.043958
1.889402
0.971318
0.858628
1.346692
1.323994
0.661165
1.020692
0.834980
0.000006
0.000000
0.003100
0.001789
0.001991
0.006847
0.010093
0.003385
0.009367
0.009869
0.014855
0.002961
0.028364
0.021987
0.040538
0.054868
0.065137
0.118740
0.189662
0.390685
0.359261
1.058024
2.327251
1.540698
0.725593
0.473914
0.571966
1.109849
0.984504
1.176746
0.962414
0.000002
0.000001
0.001622
0.000030
0.008058
0.008809
0.006518
0.006469
0.018198
0.004957
0.027878
0.018915
0.030960
0.025607
0.035157
0.061460
0.042924
0.070585
0.072230
0.226930
2.844534
7.219990
2.554578
2.055125
1.223951
0.557578
0.739107
0.447093
1.288106
1.292096
0.694133
0.000004
0.000001
0.008593
0.004734
0.001897
0.002219
0.013939
0.009403
0.011607
0.020006
0.015511
0.011493
0.039332
0.033002
0.048909
0.043064
0.060011
0.111719
0.122155
0.321475
0.501676
1.000111
2.426682
2.426976
1.876912
0.949061
0.711799
0.465114
0.797708
1.148766
1.042429
0.000036
0.000000
0.002194
0.000374
0.008777
0.009505
0.010782
0.009514
0.015494
0.027734
0.023043
0.051111
0.033128
0.044333
0.041689
0.031426
0.052884
0.099928
0.128387
0.378533
0.791984
3.502997
2.464342
2.102830
1.972867
1.401329
1.243931
1.147952
0.630954
0.766765
0.879602
0.000059
0.000000
0.001407
0.008070
0.003043
0.002324
0.009311
0.020874
0.018359
0.015017
0.031035
0.041217
0.051076
0.045954
0.043152
0.059227
0.062910
0.060631
0.153898
0.221989
1.724882
0.552082
3.184891
1.858734
1.786769
1.451684
0.639982
1.241637
0.478038
0.574714
1.083874
0.000002
0.000011
0.000095
0.001143
0.002264
0.012736
0.016324
0.005302
0.013077
0.042682
0.018677
0.028732
0.039793
0.021374
0.026018
0.091149
0.058189
0.110063
0.225431
0.370175
0.351972
4.007924
0.781926
1.240683
0.986780
1.985440
1.666631
1.172629
0.657571
0.740558
0.956373
0.000004
0.000000
0.000162
0.006220
0.009643
0.003105
0.004268
0.008996
0.016729
0.009058
0.013150
0.015393
0.039442
0.035598
0.075921
0.059373
0.098686
0.056123
0.087835
0.187583
1.240327
1.375519
4.120826
0.619115
1.315686
1.165001
1.661843
1.422175
1.827113
0.991799
0.682055
0.000042
0.000172
0.000061
0.004637
0.002630
0.000728
0.018641
0.015470
0.015526
0.012081
0.029500
0.017187
0.025065
0.044173
0.068830
0.093472
0.046417
0.127906
0.125160
0.292768
0.731411
8.894238
0.762238
0.548007
0.824245
0.707486
1.302808
1.283519
1.166260
1.367084
0.952958
0.000588
0.004026
0.000297
0.001961
0.010106
0.008338
0.008539
0.003969
0.019969
0.010297
0.012323
0.023602
0.029592
0.037327
0.026657
0.037226
0.057266
0.132880
0.163726
0.213600
0.579365
3.072164
2.152366
2.008142
0.414802
0.643824
0.562823
1.206109
1.352780
1.644094
1.086446
0.000004
0.000178
0.006106
0.003139
0.006705
0.012471
0.017200
0.020447
0.023611
0.009342
0.018653
0.018358
0.023170
0.038148
0.053700
0.045879
0.032383
0.064567
0.127391
0.131391
1.089879
1.064380
2.945083
1.310952
0.807657
0.764504
0.441994
0.695734
0.781802
1.415662
0.885733
0.000004
0.005066
0.001418
0.003186
0.008525
0.020527
0.012371
0.024642
0.005444
0.038367
0.016542
0.023222
0.030642
0.018867
0.026679
0.042400
0.052333
0.072526
0.252810
0.376768
0.668428
2.926575
1.711071
2.398008
2.390004
0.593258
0.290221
0.461092
0.856740
1.053427
1.035381
0.000003
0.000000
0.000018
0.007930
0.005700
0.010112
0.010569
0.029884
0.011219
0.024997
0.026478
0.044600
0.017492
0.048147
0.041463
0.055729
0.057504
0.084475
0.136153
0.119889
8.851869
2.002171
2.226546
2.419038
1.070056
1.747377
0.823127
0.586627
0.526965
0.970904
1.107452
0.000003
0.000006
0.007069
0.015956
0.018092
0.024646
0.042847
0.033085
0.048968
0.023929
0.033170
0.031257
0.031996
0.054587
0.015921
0.055810
0.063634
0.116783
0.197659
0.400903
0.551140
1.838248
3.496475
1.904281
1.714127
1.545643
0.489096
0.639158
0.532673
0.582901
0.853157
0.000001
0.001740
0.000000
0.000007
0.021552
0.024440
0.028604
0.008934
0.012489
0.027768
0.030622
0.008126
0.029113
0.036232
0.029345
0.054666
0.050275
0.112102
0.069649
0.429052
0.940051
0.807767
1.932156
1.308300
2.177742
1.308398
1.904795
0.977414
0.337498
0.390754
0.711221
0.000001
0.000001
0.000000
0.010525
0.001724
0.024794
0.041186
0.049973
0.028442
0.011911
0.040590
0.028420
0.067309
0.013863
0.057229
0.056908
0.100833
0.131041
0.140040
0.433624
0.955753
3.268457
1.297038
1.748250
1.873476
1.528554
2.049867
1.281775
1.440875
0.394629
0.579244
0.000009
0.000000
0.000859
0.010051
0.011264
0.021627
0.014397
0.045992
0.025198
0.019548
0.029898
0.033286
0.034020
0.037792
0.039959
0.083219
0.053632
0.104708
0.205608
0.343348
3.447122
2.150674
0.854459
0.901790
0.433801
1.721581
1.586922
1.715946
0.989151
0.707163
0.496047
0.000001
0.000000
0.008109
0.000169
0.017613
0.034262
0.012408
0.032240
0.030193
0.027781
0.026739
0.036806
0.043651
0.031588
0.075844
0.037191
0.063093
0.100472
0.122486
0.289913
1.039971
1.873487
1.390554
0.925423
0.451414
0.756483
0.920395
1.742454
1.456061
1.202061
0.639049
0.000000
0.000000
0.007825
0.007094
0.027198
0.012031
0.049421
0.030569
0.053882
0.022249
0.034667
0.036560
0.037517
0.022991
0.055953
0.025051
0.053853
0.060158
0.152908
1.186871
0.600154
3.252396
2.059772
1.051015
0.476173
0.722574
0.939916
1.445512
1.689403
1.892797
0.812884
0.000017
0.002886
0.000642
0.003198
0.028756
0.022733
0.050446
0.012517
0.052880
0.011574
0.032387
0.027189
0.031017
0.055532
0.032568
0.057306
0.077469
0.114478
0.147513
0.309088
0.359427
3.119367
3.455859
0.827032
0.785677
0.295352
0.475656
0.525803
0.663572
1.604922
0.828536
0.000000
0.000119
0.003562
0.006241
0.019583
0.033705
0.038028
0.030438
0.013644
0.013844
0.060527
0.025242
0.041729
0.037299
0.039279
0.063532
0.049477
0.062908
0.184650
0.286614
0.621698
1.858913
4.029213
1.489300
0.830094
0.532064
0.662939
1.656650
0.634566
1.080807
1.019129
0.000000
0.000000
0.002857
0.002059
0.001860
0.020164
0.014644
0.066511
0.041126
0.027525
0.025209
0.032048
0.071808
0.054741
0.044754
0.016288
0.063099
0.091740
0.087714
0.309899
0.488515
5.711875
2.473954
2.621984
1.420431
0.643177
0.303476
0.460175
0.707253
0.899794
1.002501
0.000002
0.000045
0.001714
0.000388
0.030524
0.003995
0.031752
0.025865
0.047336
0.020842
0.046248
0.066177
0.019601
0.038960
0.098406
0.035697
0.088013
0.087391
0.176337
0.168574
0.304247
5.002623
3.112358
2.790523
1.066783
0.747831
0.556649
0.639644
0.434965
0.497675
0.959452
0.000000
0.000000
0.000279
0.003278
0.014551
0.005865
0.022014
0.035186
0.020119
0.040132
0.036155
0.029104
0.019165
0.058394
0.049151
0.075324
0.078475
0.029003
0.165678
0.290428
1.104368
0.773863
2.226262
2.436953
2.293892
1.984719
0.632522
0.445179
0.435634
0.495375
0.997170
0.000020
0.000000
0.005563
0.009706
0.011712
0.027859
0.016004
0.017177
0.014997
0.039217
0.043470
0.015729
0.035798
0.044093
0.038111
0.050403
0.055447
0.093343
0.143231
0.768471
0.265494
2.677120
0.930178
1.585514
2.528051
1.106335
1.977018
1.133998
0.460678
0.551740
0.648957
0.000003
0.000001
0.004282
0.000000
0.000916
0.014734
0.021345
0.062019
0.028366
0.040472
0.037120
0.048963
0.032266
0.034580
0.049639
0.028944
0.082565
0.043440
0.127809
0.300192
8.558681
1.451456
1.403372
1.924735
2.040444
2.321796
2.415429
0.931076
1.163138
0.646857
0.818185
0.000021
0.000000
0.008282
0.017653
0.021373
0.008478
0.035061
0.018560
0.019380
0.051592
0.047204
0.035870
0.053512
0.025155
0.034162
0.045483
0.112720
0.105237
0.206942
0.123045
0.585217
1.087912
1.026843
1.174881
0.639035
0.998372
1.527032
2.025050
0.814236
0.731920
0.458549
0.002617
0.004483
0.008791
0.014454
0.003513
0.013985
0.018594
0.016442
0.022739
0.017039
0.025558
0.038835
0.030009
0.060528
0.046726
0.053584
0.064377
0.099453
0.173538
0.316961
1.219580
1.771734
0.775823
2.081567
0.634512
1.565890
0.769859
2.096802
2.129992
1.049181
0.676151
0.000000
0.000551
0.018655
0.018085
0.044040
0.031294
0.037611
0.034025
0.048178
0.054175
0.047040
0.011416
0.022914
0.057569
0.086006
0.053907
0.057507
0.152252
0.788498
0.125775
0.264328
2.883888
2.309759
0.770031
0.393918
0.413061
1.093781
1.659191
1.602322
1.411123
0.809251
0.000000
0.006560
0.021458
0.009363
0.043918
0.021723
0.032005
0.021598
0.056129
0.030358
0.039756
0.038895
0.052433
0.021108
0.059823
0.047413
0.093539
0.092895
0.236544
0.388869
1.166908
2.829986
0.647011
0.979848
1.203212
0.442126
0.514912
1.042900
1.558446
1.871627
0.924088
0.000000
0.000003
0.010586
0.030306
0.009258
0.019121
0.041073
0.017295
0.041673
0.011569
0.036044
0.049364
0.027263
0.034210
0.080121
0.084688
0.120125
0.105587
0.145893
0.364118
0.708105
1.070243
2.943988
1.514762
0.536616
0.534375
0.528553
0.740898
0.806860
1.677577
1.007628
0.000511
0.000043
0.009540
0.010106
0.011711
0.015836
0.031691
0.029087
0.027842
0.044642
0.033795
0.028897
0.050325
0.037714
0.027907
0.058207
0.064215
0.070269
0.141521
0.285080
0.457148
2.962809
2.892043
0.596584
2.248491
0.863229
0.415050
0.477033
1.394702
1.163454
0.980421
0.000000
0.002917
0.008382
0.008960
0.023958
0.022350
0.019128
0.038557
0.035908
0.017099
0.028207
0.029981
0.057623
0.031938
0.054053
0.066965
0.080958
0.137256
0.105607
0.759308
3.105207
0.384616
3.755030
2.496287
0.812406
0.509405
0.576474
0.565328
0.787956
0.831016
1.138332
0.000137
0.003848
0.000165
0.021402
0.013850
0.030643
0.038981
0.027800
0.019204
0.025050
0.018847
0.011958
0.031234
0.027564
0.044612
0.069544
0.061064
0.113417
0.309163
0.258000
0.994805
3.519348
2.627301
2.394589
1.598371
2.214215
0.814373
0.650998
0.745508
0.348262
1.108393
0.000008
0.001810
0.006741
0.014726
0.017378
0.044925
0.020532
0.030123
0.019255
0.023173
0.022836
0.045694
0.039597
0.049657
0.029604
0.052428
0.065083
0.107824
0.087094
0.122570
0.712159
2.696182
2.359390
2.163667
2.643261
1.727103
0.605844
0.859321
0.336852
0.358121
0.579543
0.000003
0.000000
0.003377
0.024519
0.019705
0.019809
0.019393
0.029830
0.055969
0.039320
0.076146
0.009660
0.062360
0.046388
0.080820
0.042246
0.062871
0.067690
0.204337
0.334241
0.651137
2.438992
2.597254
1.578106
2.499791
2.356587
1.575253
0.423194
0.851790
0.432721
0.606290
0.000123
0.001376
0.004757
0.007820
0.022991
0.027155
0.023291
0.013034
0.014023
0.018683
0.011713
0.052079
0.060130
0.059289
0.082750
0.031877
0.084555
0.087897
0.123964
0.277770
0.961224
1.787460
1.418301
1.732298
1.849120
2.393091
1.750853
0.701681
0.395037
0.596538
0.665683
0.000000
0.000197
0.001349
0.006576
0.007703
0.022507
0.004907
0.045675
0.044397
0.006761
0.033862
0.021312
0.046357
0.085751
0.006467
0.072814
0.078928
0.098925
0.164277
0.280653
0.839903
2.547689
2.773629
0.808922
0.641663
1.431970
2.765641
2.807894
1.345384
0.646670
0.579938
0.000001
0.002029
0.000241
0.028726
0.008301
0.024461
0.028814
0.022678
0.020900
0.041748
0.072274
0.027297
0.040478
0.062825
0.072781
0.078936
0.084403
0.062365
0.175219
0.181616
0.429589
2.746313
0.699125
1.042219
0.531303
2.241205
1.379614
1.739696
3.009052
0.806651
0.530964
0.000000
0.000001
0.017397
0.000879
0.023672
0.037038
0.016374
0.019753
0.052170
0.028237
0.059095
0.022597
0.097316
0.052610
0.082945
0.051087
0.108954
0.079268
0.191473
0.794601
0.326664
3.161771
1.869689
0.875692
0.667205
0.439404
0.794677
2.512422
2.566426
0.982891
0.652172
0.000087
0.000001
0.005818
0.025255
0.024113
0.010365
0.033649
0.048711
0.026333
0.020396
0.051473
0.051263
0.018803
0.027333
0.054938
0.081972
0.025206
0.069981
0.087579
0.119643
1.085682
3.666496
1.284314
1.008915
1.505136
0.603256
0.541055
1.613248
1.443878
1.446421
0.739757
0.001187
0.000940
0.001960
0.001102
0.032673
0.013823
0.038255
0.044926
0.017370
0.033841
0.016167
0.056303
0.024868
0.065230
0.081573
0.110330
0.086453
0.095587
0.132587
0.319069
0.645581
3.395574
0.923544
1.398874
0.376271
0.496172
0.447536
1.256640
0.641544
2.433376
0.752237
0.000000
0.000345
0.008109
0.017974
0.027663
0.016968
0.013500
0.045440
0.044369
0.028267
0.040664
0.066578
0.050613
0.066362
0.023668
0.053738
0.019248
0.089834
0.101913
0.480822
5.102402
0.668791
1.888483
1.151498
1.033385
0.749412
0.702136
0.562688
2.195334
2.327611
0.916903
0.000000
0.002442
0.012846
0.023096
0.028796
0.029084
0.053683
0.045477
0.035694
0.056725
0.055725
0.044804
0.028469
0.062701
0.079259
0.070508
0.027795
0.164640
0.120900
0.264987
0.473805
5.670907
1.625008
1.043607
1.545695
1.052339
0.864564
0.439459
1.366570
1.631614
1.252425
0.000000
0.000001
0.002444
0.002678
0.019700
0.017637
0.033268
0.041924
0.054446
0.043423
0.026887
0.040688
0.044130
0.036730
0.031638
0.080640
0.059735
0.102690
0.113726
0.251850
1.494575
1.134868
2.407973
0.879138
0.751482
1.057894
0.761872
0.876380
0.400918
0.520633
1.269259
0.000000
0.000000
0.008559
0.007616
0.009538
0.012287
0.024058
0.026864
0.011861
0.033534
0.025106
0.032173
0.037148
0.037868
0.063734
0.056375
0.064954
0.116806
0.118644
0.327097
2.839086
3.917177
2.339692
2.548039
0.931201
1.878747
0.977117
1.032431
0.558218
0.312690
0.626770
0.000001
0.005181
0.000344
0.002388
0.014278
0.036376
0.014782
0.044576
0.025982
0.023617
0.009317
0.026874
0.042558
0.048035
0.007270
0.067597
0.060096
0.136176
0.109388
0.416947
0.245681
0.946847
1.454706
2.218234
0.836739
0.695496
0.903905
1.078274
0.851650
0.361131
0.419424
0.000000
0.000210
0.007184
0.012256
0.017771
0.006207
0.006004
0.037128
0.009461
0.041455
0.028759
0.048842
0.007132
0.067252
0.037109
0.103531
0.055503
0.113226
0.142685
0.809956
0.683442
1.254180
0.878307
2.114352
2.265724
1.962440
1.305685
0.865093
1.063754
0.546774
0.452328
0.000121
0.002254
0.007488
0.010097
0.023669
0.015503
0.012544
0.032333
0.007462
0.043037
0.031284
0.027051
0.043938
0.077802
0.043352
0.052002
0.079437
0.105584
0.230541
0.334241
0.253183
2.028231
2.896031
1.531877
1.286907
1.972746
0.842394
1.620705
0.716556
0.630529
0.492622
0.000000
0.000580
0.003823
0.011266
0.023513
0.016907
0.024448
0.016643
0.024823
0.032660
0.020454
0.047353
0.035128
0.041227
0.049257
0.029675
0.109437
0.072294
0.138265
0.280236
1.783821
0.913433
0.568939
0.477236
1.618805
0.670915
1.777679
0.844859
0.648851
0.838063
0.572282
0.000768
0.003213
0.003238
0.017370
0.012582
0.025723
0.036867
0.044864
0.045372
0.048201
0.030185
0.026829
0.015749
0.029775
0.052609
0.037948
0.052657
0.084099
0.177424
0.198804
0.779242
0.552971
3.258579
0.616956
1.031973
1.874462
1.417718
1.103912
1.883861
0.917476
0.661126
0.000014
0.001802
0.002613
0.007845
0.029661
0.019987
0.037094
0.014129
0.030960
0.011322
0.039499
0.063232
0.085665
0.058435
0.033336
0.024830
0.091224
0.104441
0.078559
0.780875
6.235981
1.728392
2.340444
1.033012
0.628896
0.549703
0.430735
1.704174
0.819273
0.990490
0.803716
0.000080
0.000096
0.006002
0.006408
0.028840
0.027142
0.019828
0.041069
0.036701
0.033959
0.085227
0.027311
0.058556
0.043796
0.070648
0.067518
0.060741
0.087329
0.168759
0.165600
0.396680
2.947945
2.891972
1.808077
0.279239
1.055479
0.363341
1.279040
1.888045
1.088499
0.779787
0.000827
0.000001
0.013067
0.010587
0.020825
0.023176
0.055352
0.011266
0.014089
0.043500
0.046350
0.069660
0.041280
0.084946
0.049658
0.058123
0.054517
0.112911
0.170230
0.190883
1.361787
2.451420
2.252428
2.245593
0.645078
1.268925
0.415198
0.888649
0.953170
1.199568
0.813204
0.000000
0.001251
0.003373
0.001850
0.020432
0.030053
0.025092
0.060799
0.059923
0.018841
0.048339
0.075678
0.049584
0.049864
0.032577
0.072790
0.057784
0.060751
0.143365
0.554842
0.532971
1.607026
1.722102
1.138568
2.505401
0.285231
0.515399
0.322733
0.559789
1.010983
0.852688
0.000095
0.001147
0.009761
0.011043
0.015990
0.040694
0.044789
0.033926
0.024299
0.017729
0.034528
0.068466
0.024588
0.100303
0.078550
0.104821
0.053438
0.153536
0.173602
0.317191
0.839591
1.869734
1.462885
1.971481
2.043758
1.589687
0.786049
0.733007
0.501295
0.942020
0.891190
0.000000
0.000000
0.000878
0.010011
0.013173
0.019917
0.010912
0.032143
0.042474
0.051514
0.050964
0.054981
0.065831
0.031436
0.061941
0.059130
0.076206
0.040592
0.189840
0.405797
1.551036
2.193791
2.012178
1.003213
2.068729
0.984522
0.751632
1.655194
0.580553
0.650981
0.943340
0.000002
0.000828
0.004623
0.023464
0.019198
0.058853
0.045856
0.043853
0.025474
0.024654
0.027915
0.037998
0.012042
0.069566
0.083837
0.064276
0.079704
0.124800
0.121239
0.284514
0.532076
0.946499
2.050535
1.116452
0.719741
2.267695
1.627871
0.793528
0.521346
0.587517
0.971720
0.000301
0.001416
0.006733
0.003865
0.013165
0.030358
0.025875
0.026019
0.026014
0.040191
0.046024
0.030347
0.034705
0.036715
0.041834
0.007764
0.063667
0.186040
0.099574
0.175130
1.109061
1.563827
0.541291
1.030592
1.857032
1.414551
2.030379
1.040274
1.601957
0.628941
0.780816
0.000000
0.000004
0.002360
0.006489
0.019491
0.009065
0.012949
0.040424
0.022844
0.026313
0.034425
0.041618
0.033316
0.036941
0.030678
0.055576
0.098467
0.039334
0.169709
0.865020
0.374800
2.174174
1.080243
0.545526
0.535842
0.603485
1.744530
2.240126
1.179658
0.881360
0.655577
0.000010
0.000413
0.006566
0.008805
0.002211
0.021149
0.027168
0.009225
0.030637
0.061452
0.032769
0.032955
0.027139
0.040808
0.048086
0.034898
0.089316
0.056870
0.155872
0.264153
0.533179
1.832414
1.169680
2.480633
0.379885
0.496586
1.939325
1.669870
1.390886
1.039658
0.731526
0.000000
0.000000
0.001805
0.003372
0.015230
0.010404
0.004628
0.019536
0.030023
0.027909
0.047946
0.050564
0.040765
0.031678
0.031998
0.036355
0.071176
0.116758
0.091750
0.248706
2.989464
0.780914
2.840551
0.611118
0.618201
0.809918
0.538561
1.128791
1.804527
1.282819
0.918836
0.000181
0.000005
0.012197
0.004756
0.011729
0.019099
0.022230
0.019360
0.040938
0.023060
0.043181
0.028281
0.043705
0.049570
0.059542
0.039273
0.092144
0.059645
0.180553
0.277787
0.514650
2.484032
1.131996
2.374993
1.923363
0.548161
0.561611
1.109818
1.375142
1.662506
0.971746
0.000078
0.000010
0.002618
0.004905
0.004880
0.021319
0.027775
0.009812
0.048770
0.047134
0.020148
0.026775
0.050443
0.026255
0.017554
0.086227
0.064556
0.061928
0.060940
0.184946
0.766129
1.715409
1.826185
2.292573
1.754578
0.526679
0.902929
0.795147
0.932290
1.215797
1.151718
0.000001
0.000034
0.005004
0.011124
0.011855
0.014244
0.022919
0.022217
0.024486
0.004527
0.026562
0.049277
0.027233
0.021571
0.050625
0.095472
0.086788
0.127070
0.293641
0.293719
0.467218
0.932694
1.165136
1.783695
1.959646
0.855232
0.399896
0.977020
1.020343
0.817588
1.174601
0.000002
0.000038
0.002489
0.002251
0.005845
0.020590
0.015495
0.048261
0.036613
0.033290
0.042086
0.024543
0.063346
0.029165
0.036891
0.048825
0.035068
0.089472
0.088324
0.178387
0.855024
0.747842
0.683696
2.025896
1.984714
2.229181
1.013766
0.416502
0.685661
0.481123
0.830776
0.000000
0.000000
0.004357
0.005667
0.017712
0.013306
0.017589
0.016962
0.037363
0.034101
0.028758
0.048211
0.044159
0.035910
0.061742
0.062964
0.098568
0.112643
0.186694
0.546805
0.839532
0.992607
0.686787
1.111668
1.656713
1.846460
1.660834
0.805882
0.437536
0.414377
0.842765
0.000091
0.000001
0.005113
0.001888
0.005194
0.005012
0.031126
0.049979
0.035670
0.040920
0.029918
0.047807
0.022948
0.037131
0.035734
0.043473
0.075236
0.032742
0.143507
0.243990
0.541976
0.683600
0.346358
0.364422
0.878018
1.808138
1.840828
1.065135
0.597897
0.507413
0.803361
0.000000
0.000000
0.000146
0.001401
0.006981
0.011921
0.011410
0.023232
0.029642
0.019352
0.044107
0.039025
0.047623
0.046792
0.059156
0.040577
0.099992
0.081475
0.101444
0.245139
0.765835
0.799763
0.465313
0.310950
0.987615
1.113773
2.160355
1.397132
1.423376
0.703307
0.526626
0.004976
0.000166
0.009707
0.001462
0.003587
0.005400
0.020606
0.024201
0.020696
0.016230
0.041901
0.030090
0.033315
0.031527
0.053280
0.058134
0.057446
0.063206
0.060992
0.531579
0.191249
0.386627
0.528492
0.363216
0.425655
0.339558
1.373996
1.945436
2.097579
0.886233
0.612774
0.000000
0.009049
0.017270
0.003991
0.018433
0.005876
0.020892
0.003907
0.047856
0.028070
0.024854
0.004753
0.025639
0.030015
0.028609
0.048454
0.075288
0.119935
0.048652
0.112910
0.221722
0.281689
0.569582
0.483837
0.287022
0.473309
0.319441
1.818017
1.367229
1.102064
0.622874
0.000000
0.000419
0.027653
0.004474
0.018092
0.004201
0.038056
0.007644
0.022472
0.030896
0.033169
0.074215
0.033723
0.016929
0.058655
0.031388
0.076009
0.051127
0.090942
0.179838
0.136598
0.432061
0.319229
0.419187
0.264807
0.401685
0.355851
1.346802
0.569428
1.735947
0.675655
0.000011
0.000069
0.003761
0.005008
0.015563
0.007310
0.026595
0.000999
0.049675
0.036586
0.032043
0.019523
0.015016
0.033178
0.032416
0.042450
0.081966
0.093580
0.094343
0.054437
0.072081
0.257864
0.202970
0.399548
0.390708
0.363556
0.249517
1.017671
1.593714
2.026373
0.724874
0.000000
0.000000
0.007218
0.013904
0.024545
0.011130
0.016006
0.018426
0.019856
0.003705
0.032126
0.044046
0.048578
0.017246
0.045959
0.022498
0.053624
0.048098
0.080833
0.047916
0.092957
0.130430
0.160365
0.260255
0.370032
0.436420
0.406718
0.361330
0.438146
1.411326
0.952488
0.000000
0.000001
0.004054
0.002776
0.009164
0.017147
0.032895
0.014856
0.019030
0.039873
0.032648
0.011291
0.031784
0.014100
0.015686
0.021639
0.020299
0.067837
0.049846
0.048737
0.048016
0.155925
0.179751
0.293630
0.233054
0.346050
0.392829
0.406740
0.531133
0.885184
1.026526
0.000000
0.000000
0.003490
0.000002
0.013880
0.013409
0.015209
0.040056
0.025988
0.018201
0.032404
0.045019
0.067811
0.006789
0.035726
0.056291
0.038859
0.044848
0.041595
0.087385
0.047328
0.062628
0.146543
0.194995
0.286507
0.313228
0.215653
0.401867
0.263660
0.411670
1.137556
0.000054
0.000000
0.010254
0.000557
0.000000
0.006863
0.027769
0.003042
0.026148
0.021013
0.027801
0.001927
0.015587
0.036182
0.043159
0.023425
0.017649
0.088937
0.011118
0.074539
0.018362
0.072367
0.066979
0.107926
0.172695
0.198536
0.279575
0.359315
0.319734
0.334893
0.566028
0.000000
0.000003
0.000860
0.002485
0.010828
0.001153
0.005263
0.012382
0.050458
0.048802
0.045980
0.038167
0.060544
0.021427
0.014816
0.035943
0.019061
0.023608
0.037233
0.018179
0.036627
0.042623
0.087520
0.080089
0.125642
0.160328
0.235023
0.190679
0.224646
0.248537
0.214728
0.000000
0.000245
0.000183
0.007443
0.002539
0.000151
0.033188
0.017727
0.009837
0.032254
0.028844
0.018897
0.013952
0.032119
0.021806
0.023487
0.032411
0.036544
0.040879
0.019273
0.039713
0.025383
0.088479
0.050189
0.076028
0.147911
0.210724
0.339794
0.235366
0.263279
0.182294
0.000026
0.005272
0.000000
0.008083
0.000160
0.003763
0.002464
0.013943
0.016134
0.019969
0.007359
0.018022
0.023120
0.027586
0.055942
0.010204
0.055878
0.023089
0.033544
0.038304
0.079530
0.026187
0.032318
0.048727
0.077604
0.049003
0.139496
0.152887
0.204442
0.228045
0.240228
0.000219
0.000000
0.004036
0.010517
0.016162
0.011168
0.023846
0.018546
0.007821
0.022942
0.046462
0.024507
0.042689
0.001958
0.039195
0.019252
0.050031
0.009141
0.023527
0.042807
0.018287
0.023160
0.048448
0.062223
0.016558
0.053351
0.084309
0.153053
0.129000
0.181671
0.223861
0.000173
0.000000
0.010618
0.002013
0.007427
0.003760
0.036103
0.009661
0.027362
0.023172
0.005236
0.018295
0.052816
0.033828
0.017247
0.046564
0.051071
0.007191
0.037369
0.022719
0.055302
0.030316
0.042124
0.035668
0.075272
0.074940
0.038242
0.074956
0.098627
0.196213
0.184940
0.000001
0.000000
0.003170
0.001412
0.026182
0.012517
0.048152
0.019515
0.054446
0.017990
0.050479
0.039378
0.043584
0.021815
0.030143
0.037721
0.011066
0.035131
0.013946
0.031735
0.027147
0.028262
0.024615
0.022952
0.036504
0.049704
0.034927
0.072781
0.101902
0.161681
0.145509
0.000448
0.000787
0.004724
0.007669
0.006736
0.019326
0.008460
0.042345
0.027497
0.023403
0.043497
0.037451
0.001585
0.024708
0.023237
0.037908
0.017049
0.009409
0.042641
0.003421
0.016151
0.028606
0.044490
0.032547
0.013157
0.036841
0.032870
0.038740
0.069831
0.097710
0.117097
0.001278
0.000138
0.006483
0.004175
0.013410
0.019677
0.023499
0.035136
0.009051
0.022440
0.002443
0.010118
0.016474
0.025653
0.012727
0.041224
0.018640
0.045842
0.040879
0.047545
0.012728
0.037221
0.033738
0.039874
0.007988
0.009802
0.042300
0.019008
0.077243
0.073719
0.073424
0.000809
0.000086
0.010524
0.005694
0.024277
0.031870
0.003648
0.011049
0.019943
0.047919
0.030645
0.053752
0.020637
0.029576
0.023148
0.036975
0.028684
0.033349
0.014858
0.005806
0.028014
0.019701
0.003392
0.019632
0.018672
0.013847
0.039866
0.029653
0.044567
0.072364
0.061923
0.000000
0.001806
0.006355
0.026475
0.000001
0.013803
0.021976
0.015656
0.019865
0.019474
0.016915
0.008600
0.011828
0.047773
0.026597
0.032259
0.032619
0.013583
0.018659
0.016557
0.028544
0.006973
0.023948
0.018946
0.038592
0.012001
0.011260
0.029446
0.015782
0.051458
0.061148
0.000138
0.001238
0.006099
0.019175
0.013293
0.012395
0.015075
0.001281
0.015538
0.013821
0.027550
0.025070
0.019562
0.019483
0.007485
0.012116
0.008475
0.041503
0.031626
0.003260
0.000004
0.058748
0.032899
0.038676
0.007909
0.012603
0.033405
0.022839
0.043011
0.013291
0.028043
0.000000
0.004762
0.006307
0.010942
0.014903
0.011624
0.041660
0.014526
0.013159
0.012011
0.023709
0.006592
0.020068
0.027783
0.018451
0.031377
0.027367
0.006808
0.003197
0.020361
0.026564
0.015035
0.010498
0.017798
0.023118
0.012100
0.006233
0.034747
0.055078
0.032584
0.014650
0.000151
0.000035
0.002761
0.006130
0.025372
0.015761
0.017204
0.006270
0.005979
0.032885
0.017094
0.009602
0.011349
0.024099
0.001275
0.019049
0.039056
0.007914
0.027350
0.006099
0.005949
0.007783
0.025740
0.048291
0.008310
0.031581
0.016679
0.038811
0.016287
0.047254
0.018021
0.000063
0.000240
0.006746
0.002852
0.014522
0.026469
0.025515
0.048720
0.036369
0.000464
0.006852
0.016567
0.012644
0.046118
0.038225
0.017013
0.022291
0.030676
0.012693
0.002796
0.021231
0.015236
0.018263
0.000085
0.044550
0.017238
0.001950
0.016261
0.004163
0.015961
0.015410
0.000002
0.000000
0.006850
0.000547
0.023075
0.005909
0.017926
0.040793
0.017094
0.029345
0.026828
0.013454
0.029336
0.022385
0.012428
0.010086
0.025923
0.001743
0.018685
0.025489
0.009951
0.001199
0.022754
0.048507
0.025332
0.009255
0.004556
0.026781
0.013846
0.024172
0.020893
0.000060
0.000000
0.007057
0.000836
0.004308
0.015208
0.020509
0.023923
0.044145
0.029547
0.021529
0.029399
0.019704
0.015394
0.038564
0.031603
0.018365
0.052882
0.003940
0.006836
0.008875
0.018230
0.012986
0.004745
0.013001
0.039776
0.002695
0.005622
0.018199
0.015311
0.005719
0.000000
0.000000
0.000000
0.005096
0.010662
0.027507
0.022319
0.021770
0.015961
0.010137
0.044577
0.014477
0.001949
0.034474
0.011920
0.030295
0.022805
0.000568
0.010677
0.007187
0.015789
0.021970
0.000021
0.009580
0.029562
0.006464
0.007826
0.020262
0.023798
0.020540
0.003846
0.000002
0.000480
0.000023
0.007809
0.000005
0.006086
0.014887
0.001944
0.027088
0.028084
0.018634
0.037169
0.035781
0.026159
0.001675
0.015266
0.013099
0.024650
0.030789
0.004608
0.003760
0.008100
0.038836
0.006120
0.000158
0.018637
0.031123
0.003485
0.000015
0.025555
0.014151
0.000000
0.000000
0.000000
0.000003
0.005721
0.008705
0.021791
0.011697
0.009387
0.001635
0.005289
0.011368
0.013399
0.036289
0.042221
0.023527
0.013319
0.003385
0.018270
0.012492
0.018012
0.000000
0.002756
0.003148
0.007863
0.013182
0.016206
0.006840
0.024397
0.010351
0.006250
0.000113
0.000000
0.005636
0.004795
0.008652
0.000384
0.002293
0.006280
0.022868
0.026615
0.024477
0.007300
0.016749
0.022236
0.037556
0.032216
0.010160
0.027087
0.016677
0.016310
0.013352
0.000054
0.004572
0.026364
0.007902
0.001663
0.007360
0.017662
0.000750
0.000380
0.006058
0.000161
0.000000
0.001271
0.000001
0.001670
0.009980
0.012298
0.009478
0.009956
0.000632
0.009710
0.009311
0.044991
0.010479
0.001243
0.034254
0.011565
0.011934
0.022837
0.011909
0.000716
0.014549
0.009684
0.002485
0.011249
0.009740
0.013745
0.011366
0.007721
0.017804
0.008427
0.000000
0.000000
0.004067
0.000208
0.015888
0.000003
0.004400
0.006490
0.030885
0.007928
0.020063
0.013908
0.021711
0.035263
0.025406
0.022981
0.010040
0.038286
0.021958
0.015519
0.004546
0.000833
0.000262
0.025431
0.013166
0.003246
0.006473
0.007344
0.003166
0.010013
0.023502
0.000094
0.000000
0.001851
0.000942
0.000000
0.005009
0.017168
0.002955
0.013594
0.015930
0.013003
0.018073
0.018795
0.028811
0.023162
0.021258
0.005391
0.007153
0.013469
0.006490
0.003140
0.013208
0.000973
0.000003
0.010044
0.006268
0.008860
0.000016
0.056049
0.002621
0.022230
0.000000
0.000000
0.000001
0.000000
0.012745
0.000085
0.017390
0.025575
0.017728
0.032098
0.014636
0.014092
0.022480
0.035976
0.029069
0.014816
0.006291
0.003701
0.023896
0.018696
0.000809
0.000038
0.002976
0.006083
0.010473
0.004125
0.004352
0.013328
0.044564
0.031253
0.004573
0.000000
0.000092
0.000053
0.001510
0.000000
0.000000
0.012635
0.008425
0.037971
0.031738
0.019243
0.004601
0.015182
0.012977
0.014771
0.008106
0.012806
0.017044
0.012874
0.021882
0.025782
0.009501
0.022012
0.002255
0.020500
0.005168
0.017049
0.008180
0.000347
0.046279
0.011994
0.000000
0.000000
0.000000
0.000537
0.003190
0.014490
0.000000
0.001604
0.007302
0.018422
0.021444
0.008531
0.030969
0.022492
0.021597
0.035993
0.010966
0.008518
0.034508
0.013861
0.013593
0.004192
0.000288
0.000787
0.020675
0.001395
0.010638
0.004328
0.010048
0.015130
0.002816
0.000034
0.000000
0.005744
0.000010
0.001988
0.000544
0.006773
0.017133
0.005080
0.004604
0.021074
0.007541
0.008045
0.016445
0.010355
0.007317
0.035257
0.018567
0.019658
0.014524
0.006911
0.021882
0.015477
0.011986
0.003360
0.005349
0.004343
0.001130
0.015593
0.002059
0.005045
0.000000
0.000000
0.000000
0.000000
0.007892
0.006498
0.008865
0.000001
0.007764
0.012144
0.016203
0.011739
0.003881
0.019793
0.023543
0.019147
0.007517
0.027473
0.005635
0.018629
0.030147
0.019454
0.013086
0.007438
0.009868
0.015925
0.002566
0.000572
0.002466
0.006676
0.009989
0.000000
0.000000
0.000628
0.000203
0.000000
0.000000
0.000930
0.002779
0.013331
0.001434
0.004676
0.016685
0.018850
0.017943
0.029107
0.019803
0.005673
0.025275
0.010221
0.005598
0.013997
0.019595
0.008189
0.007946
0.016522
0.008730
0.000000
0.011917
0.003251
0.017835
0.004347
0.000204
0.000097
0.000005
0.000000
0.002730
0.001924
0.011343
0.001571
0.001788
0.012166
0.026643
0.005788
0.015112
0.030790
0.022365
0.014618
0.019008
0.018197
0.012255
0.028705
0.024367
0.011826
0.012748
0.013877
0.007113
0.007170
0.015667
0.000342
0.003660
0.004835
0.000000
0.000000
0.000002
0.009254
0.001611
0.009442
0.000105
0.000000
0.005981
0.011654
0.006444
0.015435
0.014976
0.012359
0.008054
0.021855
0.027508
0.004846
0.003988
0.016636
0.005372
0.007498
0.034789
0.013402
0.000653
0.007747
0.005545
0.007076
0.000000
0.009403
0.000000
0.002840
0.000000
0.000799
0.005408
0.006209
0.006183
0.022562
0.013385
0.003374
0.010809
0.014898
0.016709
0.007434
0.007250
0.018342
0.018976
0.010533
0.035132
0.016893
0.003531
0.012640
0.014927
0.007606
0.007315
0.026274
0.009882
0.021308
0.000012
0.003880
0.003018
0.000002
0.001921
0.000000
0.000000
0.000000
0.013229
0.008239
0.004422
0.007988
0.008014
0.005511
0.009779
0.016472
0.019326
0.023315
0.004223
0.006135
0.036516
0.016309
0.007025
0.002580
0.032746
0.004906
0.014977
0.029415
0.011682
0.009241
0.004737
0.002289
0.006452
0.008444
0.007836
0.000478
0.000040
0.000000
0.009207
0.008269
0.000009
0.020792
0.005688
0.013245
0.000000
0.002023
0.025835
0.001367
0.016072
0.012475
0.025419
0.030291
0.010238
0.025235
0.007142
0.003889
0.002708
0.031135
0.007320
0.014021
0.016821
0.026708
0.001366
0.008834
0.002522
0.011459
0.001173
0.000000
0.000000
0.000000
0.000001
0.008882
0.009667
0.001116
0.016984
0.024664
0.047685
0.007087
0.011901
0.005806
0.019588
0.024302
0.006910
0.041974
0.024882
0.019159
0.011166
0.017795
0.000170
0.001014
0.018187
0.019841
0.006388
0.010673
0.015534
0.014352
0.000478
0.000004
0.000000
0.000000
0.000037
0.005380
0.000494
0.002694
0.010124
0.011335
0.000009
0.010239
0.010366
0.008394
0.008452
0.010460
0.037696
0.039101
0.002872
0.018518
0.016916
0.015547
0.005055
0.005940
0.015526
0.012835
0.010628
0.040608
0.003801
0.001917
0.009734
0.004786
0.002744
0.000000
0.000000
0.002857
0.000000
0.001803
0.009870
0.006256
0.004299
0.027471
0.025657
0.010901
0.004364
0.016041
0.012863
0.023778
0.011533
0.022398
0.047218
0.033112
0.005345
0.019438
0.007858
0.001771
0.006170
0.017568
0.000000
0.016284
0.009630
0.005421
0.000724
0.000000
0.000000
0.000000
0.000000
0.001202
0.010292
0.001140
0.003395
0.011787
0.006234
0.008255
0.020333
0.010569
0.017123
0.026714
0.018005
0.050257
0.004398
0.028666
0.009792
0.016947
0.012853
0.003175
0.020449
0.010272
0.013071
0.008965
0.015352
0.006307
0.000000
0.000450
0.000427
0.000000
0.000000
0.001407
0.000000
0.000000
0.007367
0.007765
0.000000
0.007636
0.015271
0.017273
0.017723
0.014311
0.011732
0.007988
0.015330
0.011050
0.046555
0.019926
0.009549
0.015189
0.017348
0.015401
0.002429
0.013172
0.006233
0.009296
0.007081
0.001576
0.003150
0.001768
0.000000
0.000000
0.000000
0.003197
0.008007
0.015929
0.004637
0.009914
0.018814
0.000123
0.004314
0.023222
0.005423
0.003508
0.007046
0.005059
0.016781
0.001180
0.015840
0.010472
0.032407
0.003584
0.007992
0.008981
0.005374
0.000846
0.014244
0.011229
0.005860
0.000022
0.000003
0.000000
0.002738
0.002514
0.000700
0.000188
0.000000
0.003751
0.012850
0.000000
0.020193
0.026383
0.018431
0.017913
0.005317
0.024691
0.006611
0.002328
0.000267
0.031069
0.000226
0.024725
0.017282
0.009299
0.001685
0.000451
0.006754
0.017396
0.000019
0.005116
0.009962
0.001067
0.000000
0.000000
0.002077
0.000002
0.007239
0.018018
0.009020
0.004579
0.017842
0.005161
0.001151
0.017107
0.021437
0.001160
0.000007
0.004592
0.013104
0.006726
0.007266
0.002199
0.017839
0.014841
0.013735
0.015447
0.015287
0.013963
0.011202
0.004042
0.008630
0.004520
0.000000
0.000000
0.000000
0.000000
0.003993
0.003019
0.003549
0.014456
0.004894
0.002282
0.000000
0.008612
0.010573
0.003460
0.005659
0.012298
0.010111
0.005270
0.000000
0.001836
0.014776
0.010266
0.004758
0.036409
0.010422
0.001660
0.008342
0.007278
0.000000
0.011036
0.000722
0.000254
0.000000
0.000001
0.000000
0.000000
0.000813
0.010481
0.000000
0.001896
0.007777
0.018219
0.005398
0.000000
0.008975
0.008430
0.000728
0.001708
0.004105
0.032759
0.015841
0.000003
0.002949
0.014337
0.013146
0.001139
0.017905
0.012231
0.002490
0.020370
0.006248
0.008464
0.001722
0.000000
0.000000
0.000000
0.001384
0.000185
0.013244
0.000000
0.015366
0.000577
0.012222
0.002448
0.006022
0.009737
0.001231
0.005457
0.012175
0.001369
0.002935
0.002807
0.005445
0.011809
0.001335
0.008844
0.014025
0.004491
0.001566
0.017834
0.003507
0.002082
0.000058
0.001707
0.000000
0.000000
0.000000
0.000000
0.000664
0.013067
0.007561
0.009974
0.004541
0.014474
0.023659
0.000657
0.003072
0.008574
0.000752
0.001667
0.003435
0.009092
0.028475
0.002462
0.000001
0.006451
0.004798
0.000191
0.018076
0.023398
0.005970
0.000961
0.007146
0.005080
0.000002
0.000000
0.000000
0.000000
0.000000
0.005262
0.001957
0.005043
0.001352
0.027002
0.016338
0.012673
0.013831
0.007490
0.000005
0.000000
0.009446
0.009849
0.002302
0.000714
0.000000
0.010332
0.005513
0.000000
0.002533
0.006901
0.002369
0.008373
0.011985
0.000645
0.003572
0.000000
0.000000
0.000000
0.000000
0.000000
0.000000
0.000000
0.021779
0.001886
0.016606
0.004570
0.014490
0.002964
0.003808
0.006159
0.005949
0.000000
0.000782
0.002937
0.005633
0.020196
0.000000
0.000000
0.001818
0.003635
0.000000
0.005942
0.004880
0.010584
0.000000
0.001129
0.000014
0.000000
0.000000
0.000000
0.000000
0.000319
0.000254
0.003830
0.000053
0.001212
0.012374
0.021833
0.023624
0.031008
0.007534
0.002392
0.007649
0.010951
0.000019
0.002599
0.000077
0.000000
0.010239
0.000001
0.000000
0.002084
0.011393
0.000045
0.001288
0.003991
0.001916
0.000014
0.000000
0.000000
0.000000
0.000013
0.000000
0.000000
0.000000
0.021004
0.006966
0.008464
0.019297
0.014627
0.008683
0.002022
0.007965
0.000705
0.000308
0.003668
0.004906
0.004785
0.002733
0.000000
0.000000
0.009265
0.000000
0.003093
0.003329
0.000001
0.003430
0.002630
0.000000
0.000000
0.000000
0.000003
0.000000
0.000000
0.000520
0.000000
0.000000
0.000000
0.011240
0.017433
0.021679
0.010745
0.017103
0.000887
0.004011
0.018963
0.007466
0.000091
0.000011
0.001211
0.000000
0.009771
0.000000
0.000285
0.000521
0.001585
0.000000
0.000668
0.001588
0.000000
0.000000
0.000000
0.000000
0.000000
0.001864
0.000000
0.000123
0.004693
0.002378
0.000417
0.000069
0.008552
0.001485
0.022371
0.000912
0.019226
0.001281
0.000748
0.000937
0.001986
0.000000
0.003299
0.000596
0.000000
0.003769
0.000001
0.000000
0.001096
0.000749
0.000000
0.000652
0.000000
0.000000
0.000000
0.000000
0.000000
0.000000
0.000462
0.000053
0.002461
0.005692
0.013153
0.013116
0.002610
0.036862
0.016824
0.006917
0.000000
0.019883
0.000209
0.000000
0.000000
0.002138
0.000002
0.006023
0.000239
0.000000
0.000612
0.000000
0.002018
0.000001
0.000203
0.000000
0.000000
0.000000
0.000000
0.000000
0.003394
0.003100
0.000000
0.005681
0.005115
0.000093
0.005204
0.012932
0.003681
0.013171
0.015585
0.012323
0.000253
0.000038
0.011815
0.004719
0.000001
0.000000
0.003158
0.000020
0.002302
0.000000
0.000000
0.003768
0.001788
0.000107
0.000000
0.000000
0.000006
0.001959
0.000004
0.000000
0.000064
0.004969
0.001941
0.003739
0.007188
0.007024
0.011880
0.003492
0.026874
0.005018
0.015819
0.008190
0.010968
0.000261
0.000019
0.000403
0.002001
0.000936
0.000040
0.000000
0.000000
0.008328
0.001253
0.000033
0.000000
0.000000
0.000000
0.000000
0.000000
0.000000
0.006017
0.000002
0.000000
0.000008
0.017883
0.009348
0.000000
0.017991
0.024701
0.014439
0.003541
0.049057
0.015390
0.010287
0.010898
0.029442
0.000089
0.000005
0.000131
0.004946
0.004732
0.000462
0.004278
0.000000
0.000301
0.000529
0.000000
0.000000
0.000000
0.000000
0.000000
0.000000
0.000000
0.006037
0.001457
0.000000
0.000000
0.009730
0.000266
0.018944
0.013362
0.005848
0.010609
0.010284
0.014999
0.008048
0.000510
0.004641
0.001235
0.000000
0.001889
0.000220
0.013138
0.000000
0.002142
0.000001
0.000000
0.000000
0.000000
0.000017
0.000000
0.000000
0.000719
0.000004
0.000000
0.000000
0.000430
0.000099
0.008505
0.000562
0.000201
0.005305
0.012176
0.000720
0.025667
0.000193
0.013157
0.008787
0.012791
0.000058
0.000000
0.003637
0.000869
0.003908
0.004597
0.001901
0.000006
0.000000
0.000000
0.000000
0.000000
0.000000
0.000003
0.000000
0.000000
0.002728
0.002861
0.000373
0.000000
0.000001
0.014562
0.011710
0.000037
0.032986
0.027396
0.003854
0.014334
0.028100
0.011532
0.000003
0.014006
0.011270
0.000000
0.000059
0.010642
0.001474
0.000005
0.001336
0.000003
0.000000
0.000000
0.000131
0.000001
0.000000
0.000000
0.004492
0.000000
0.000000
0.000015
0.003611
0.005068
0.001049
0.003498
0.015987
0.010050
0.012467
0.028544
0.014646
0.007684
0.005758
0.026706
0.005737
0.000497
0.005972
0.010374
0.000000
0.000001
0.004474
0.000398
0.000000
0.000000
0.000000
0.000000
0.000000
0.000650
0.000036
0.000000
0.000000
0.002219
0.000000
0.000000
0.000001
0.005928
0.001186
0.016325
0.005633
0.027298
0.000000
0.028716
0.017328
0.022266
0.012149
0.009249
0.011126
0.000627
0.001472
0.002049
0.006809
0.000000
0.000000
0.000011
0.000000
0.000000
0.000000
0.001338
0.000000
0.000000
0.001459
0.003877
0.000000
0.000000
0.000050
0.003274
0.000001
0.000000
0.000941
0.014134
0.007655
0.016391
0.037943
0.020149
0.012052
0.000000
0.023615
0.002118
0.007690
0.000084
0.004150
0.000009
0.000000
0.000000
0.000000
0.000000
0.000000
0.000000
0.000000
0.000000
0.000620
0.000009
0.000000
0.002632
0.003731
0.000001
0.000000
0.001466
0.000537
0.002843
0.000087
0.005849
0.028336
0.005766
0.003620
0.038439
0.031698
0.018414
0.000000
0.020102
0.000011
0.000005
0.000000
0.005550
0.001137
0.000000
0.000000
0.000000
0.000000
0.000000
0.000446
0.000001
0.000000
0.002158
0.000000
0.000000
0.001037
0.001462
0.000000
0.000000
0.000000
0.001470
0.007358
0.004783
0.004723
0.031472
0.000002
0.017776
0.016811
0.004445
0.000006
0.000021
0.013218
0.001250
0.000829
0.000000
0.000000
0.000000
0.000000
0.000010
0.000000
0.000000
0.000042
0.001005
0.000127
0.000000
0.005222
0.001584
0.000000
0.001092
0.000000
0.001473
0.000030
0.000314
0.000018
0.026922
0.007621
0.005121
0.050545
0.006216
0.030625
0.013349
0.012801
0.000000
0.000000
0.002628
0.000049
0.000000
0.000000
0.000000
0.000000
0.000000
0.002604
0.000000
0.000000
0.000427
0.003282
0.000445
0.000000
0.001994
0.005242
0.000322
0.000000
0.000013
0.009706
0.001518
0.002297
0.007330
0.022546
0.005562
0.019848
0.044693
0.011571
0.011049
0.015055
0.011122
0.000176
0.000000
0.000000
0.000000
0.000000
0.000000
0.000000
0.000000
0.000000
0.001767
0.000000
0.000004
0.000003
0.003586
0.000019
0.000000
0.003886
0.003707
0.000000
0.000000
0.000000
0.002884
0.012627
0.021321
0.000453
0.061774
0.003016
0.024615
0.013831
0.012275
0.000000
0.000000
0.000000
0.000000
0.000000
0.000000
0.000000
0.000000
0.000000
0.003084
0.000083
0.000000
0.003121
0.000241
0.000000
0.000061
0.000641
0.000000
0.000101
0.000891
0.000000
0.008142
0.000000
0.004240
0.013211
0.020688
0.017494
0.015068
0.042380
0.002376
0.020336
0.009377
0.012920
0.000000
0.000000
0.000000
0.000000
0.000000
0.000056
0.000000
0.000000
0.000000
0.005105
0.000087
0.000001
0.002931
0.005132
0.000602
0.000000
0.003887
0.001952
0.000000
0.000000
0.000000
0.005010
0.003017
0.000130
0.008998
0.045026
0.008577
0.006498
0.013761
0.000228
0.000090
0.000630
0.000000
0.000000
0.000000
0.000000
0.000000
0.000000
0.001521
0.000000
0.000000
0.000000
0.007989
0.001233
0.000000
0.001795
0.002490
0.000000
0.000000
0.000613
0.003459
0.000000
0.000000
0.000000
0.007917
0.022079
0.014090
0.002743
0.036447
0.011056
0.016614
0.001365
0.000010
0.000001
0.000000
0.000000
0.000000
0.000000
0.000077
0.000002
0.000000
0.000474
0.000000
0.000000
0.000000
0.007192
0.000017
0.000003
0.000314
0.004029
0.000156
0.000001
0.000043
0.000000
0.002355
0.002447
0.004200
0.013065
0.038698
0.006314
0.000000
0.016751
0.000202
0.005507
0.000000
0.000000
0.000000
0.000000
0.000000
0.000000
0.000000
0.000996
0.000000
0.000000
0.000753
0.001431
0.000000
0.000000
0.006854
0.000037
0.000000
0.000250
0.001043
0.000000
0.000000
0.000000
0.001430
0.011519
0.006114
0.003655
0.007759
0.040717
0.001917
0.001357
0.008905
0.000000
0.000000
0.000000
0.000000
0.000000
0.000000
0.000000
0.000000
0.000000
0.003645
0.000000
0.000000
0.000000
0.002457
0.000000
0.000000
0.001766
0.000000
0.000000
0.000024
0.000014
0.000001
0.000000
0.000002
0.000000
0.012427
0.004669
0.001534
0.000018
0.018519
0.001133
0.000000
0.000000
0.000000
0.000000
0.000000
0.000000
0.000000
0.000000
0.000316
0.000003
0.000000
0.002628
0.000000
0.000000
0.000000
0.005971
0.000158
0.000003
0.001057
0.000028
0.000000
0.000000
0.000000
0.002241
0.000000
0.001036
0.000000
0.004048
0.004419
0.000101
0.000000
0.004366
0.000000
0.000000
0.000000
0.000000
0.000000
0.000001
0.000000
0.000000
0.000000
0.002709
0.000000
0.000093
0.003958
0.000005
0.000016
0.000000
0.004121
0.000255
0.000000
0.000000
0.000001
0.000000
0.000000
0.000000
0.000000
0.002552
0.000540
0.000001
0.000884
0.000062
0.000000
0.000000
0.000000
0.000000
0.000000
0.000001
0.000000
0.000000
0.000179
0.000000
0.000000
0.000000
0.003987
0.000000
0.000000
0.000280
0.003042
0.000000
0.000000
0.002815
0.000037
0.000078
0.000000
0.000000
0.000000
0.000000
0.000000
0.000002
0.000671
0.000713
0.000004
0.000000
0.000000
0.000000
0.000000
0.000000
0.000000
0.000000
0.000772
0.000124
0.000000
0.001955
0.000001
0.000016
0.000000
0.004558
0.000000
0.000000
0.000000
0.000246
0.000000
0.000014
0.000424
0.000000
0.000000
0.000000
0.000000
0.000314
0.000036
0.000000
0.000000
0.000000
0.000000
0.000000
0.000000
0.000000
0.000000
0.000000
0.000000
0.000000
0.000000
0.001004
0.000000
0.000000
0.000000
0.002567
0.000408
0.000000
0.003026
0.000002
0.000001
0.000000
0.001253
0.000000
0.000000
0.000000
0.000000
0.000000
0.000000
0.000000
0.000002
0.000021
0.000008
0.000000
0.000000
0.000000
0.000000
0.000000
0.000000
0.000000
0.000000
0.000000
0.000000
0.000000
0.002008
0.000000
0.000000
0.000000
0.004280
0.002230
0.000000
0.004365
0.000000
0.000000
0.000002
0.001778
0.000000
0.000000
0.000000
0.000382
0.000000
0.000000
0.000000
0.000000
0.000000
0.000000
0.000000
0.000000
0.000000
0.000000
0.000000
0.000000
0.000000
0.000000
0.001166
0.000000
0.000217
0.001481
0.000000
0.000000
0.000000
0.003452
0.000000
0.000000
0.000655
0.000148
0.000000
0.000000
0.000000
0.000000
0.000000
0.000000
0.000207
0.000000
0.000000
0.000000
0.000000
0.000000
0.000000
0.000000
0.000000
0.000000
0.000000
0.000365
0.000000
0.000000
0.000000
0.002013
0.000008
0.000007
0.001297
0.000038
0.000117
0.000000
0.005949
0.000515
0.000000
0.000834
0.000000
0.000000
0.000000
0.000153
0.000000
0.000000
0.000000
0.000000
0.000000
0.000000
0.000000
0.000000
0.000000
0.000000
0.000000
0.000038
0.000005
0.000000
0.000744
0.000000
0.000000
0.000000
0.003216
0.000584
0.000007
0.001577
0.000346
0.000020
0.000000
0.003490
0.000000
0.000000
0.000374
0.000000
0.000000
0.000000
0.000000
0.000695
0.000000
0.000000
0.000000
0.000000
0.000000
0.000000
0.000000
0.000000
0.000000
0.000000
0.000015
0.000000
0.000000
0.000324
0.000000
0.000000
0.000000
0.003681
0.000009
0.000000
0.000000
0.000239
0.000015
0.000000
0.004137
0.000000
0.000000
0.000000
0.000430
0.000000
0.000000
0.000000
0.000000
0.000000
0.000000
0.000000
0.000000
0.000000
0.000000
0.000000
0.000000
0.000000
0.000000
0.000634
0.000000
0.000000
0.000917
0.000047
0.000001
0.000000
0.004039
0.000000
0.000000
0.000395
0.001409
0.000000
0.000000
0.000063
0.000000
0.000000
0.000000
0.000000
0.000000
0.000000
0.000000
0.000000
0.000000
0.000000
0.000000
0.000000
0.000000
0.000000
0.000000
0.000000
0.000000
0.000969
0.001100
0.000000
0.000000
0.000000
0.003746
0.000000
0.000139
0.003983
0.000000
0.000001
0.000000
0.004990
0.000000
0.000000
0.000000
0.000000
0.000000
0.000000
0.000000
0.000000
0.000000
0.000000
0.000000
0.000000
0.000000
0.000000
0.000336
0.000000
0.000000
0.000000
0.000265
0.000000
0.000000
0.002293
0.000000
0.000000
0.000000
0.004804
0.000000
0.000019
0.003527
0.000000
0.000000
0.000000
0.000792
0.000000
0.000000
0.000000
0.000000
0.000000
0.000000
0.000000
0.000000
0.000000
0.000000
0.000000
0.000000
0.000000
0.000000
0.001054
0.000000
0.000000
0.000000
0.001199
0.000248
0.000000
0.001332
0.000000
0.000000
0.000000
0.004335
0.000000
0.000000
0.002544
0.000000
0.000000
0.000000
0.000238
0.000000
0.000000
0.000000
0.000000
0.000000
0.000000
0.000000
0.000000
0.000000
0.000000
0.000000
0.000000
0.000000
0.000000
0.001767
0.000000
0.000000
0.000000
0.000814
0.000000
0.000000
0.001143
0.002604
0.000000
0.000104
0.006489
0.000000
0.000000
0.000179
0.000027
0.000000
0.000000
0.000000
0.000000
0.000000
0.000000
0.000000
0.000000
0.000000
0.000000
0.000000
0.000000
0.000000
0.000000
0.000000
0.000000
0.000000
0.000513
0.000000
0.000000
0.000000
0.002864
0.000000
0.000000
0.000190
0.001057
0.000005
0.000000
0.006702
0.000000
0.000000
0.000000
0.002694
0.000000
0.000000
0.000000
0.000000
0.000000
0.000000
0.000000
0.000000
0.000000
0.000000
0.000008
0.000000
0.000000
0.000000
0.001400
0.000000
0.000000
0.000136
0.000100
0.000000
0.000045
0.002576
0.000000
0.000000
0.000000
0.002425
0.000000
0.000107
0.000867
0.000000
0.000000
0.000000
0.000000
0.000000
0.000000
0.000000
0.000000
0.000000
0.000000
0.000000
0.000048
0.000000
0.000615
0.000774
0.000000
0.000000
0.000000
0.001504
0.000002
0.000000
0.000000
0.000066
0.000386
0.000000
0.002631
0.000000
0.000000
0.000000
0.001221
0.000000
0.000000
0.000000
0.000000
0.000000
0.000000
0.000000
0.000000
0.000000
0.000000
0.000000
0.000000
0.000000
0.000000
0.000000
0.000000
0.000000
0.000062
0.000110
0.000000
0.000000
0.000407
0.000000
0.000000
0.000000
0.004739
0.000026
0.000000
0.004524
0.000000
0.000000
0.000000
0.001922
0.000000
0.000000
0.000000
0.000000
0.000000
0.000000
0.000000
0.000000
0.000008
0.000000
0.000013
0.000000
0.000000
0.000000
0.000269
0.000162
0.000000
0.000000
0.000106
0.000000
0.000000
0.000722
0.000000
0.000000
0.000000
0.005929
0.000000
0.000036
0.001216
0.000518
0.000000
0.000000
0.000000
0.000000
0.000000
0.000000
0.000000
0.000000
0.000000
0.000000
0.000000
0.000000
0.000000
0.000000
0.000000
0.000000
0.000000
0.000002
0.000000
0.000000
0.000000
0.000398
0.000000
0.000000
0.000000
0.001350
0.000000
0.000003
0.007462
0.000002
0.000000
0.000000
0.000001
0.000000
0.000000
0.000000
0.000000
0.000000
0.000000
0.000000
0.000000
0.000000
0.000000
0.000000
0.000000
0.000000
0.000000
0.000000
0.000000
0.000000
0.000000
0.000000
0.000000
0.000000
0.000232
0.000000
0.000000
0.000000
0.005878
0.007647
0.005265
0.002938
0.000000
0.000000
0.000000
0.000000
0.000000
0.000000
0.000000
0.000000
0.000000
0.000000
0.000000
0.000000
0.000000
0.000000
0.000006
0.000000
0.000000
0.000000
0.000005
0.000000
0.000000
0.000000
0.000012
0.000000
0.000000
0.000583
0.000000
0.000000
0.000000
0.010105
0.000000
0.000000
0.000000
0.000000
0.000000
0.000000
0.000000
0.000000
0.000000
0.000000
0.000000
0.000000
0.000000
0.000000
0.000000
0.000000
0.000000
0.000000
0.000000
0.000000
0.000000
0.000000
0.000000
0.000000
0.000000
0.000174
0.000000
0.000000
0.000000
0.001449
0.000000
0.000000
0.002479
0.000000
0.000000
0.000000
0.000000
0.000000
0.000000
0.000000
0.000000
0.000000
0.000000
0.000000
0.000000
0.000000
0.000000
0.000000
0.000000
0.000000
0.000000
0.000000
0.000000
0.000000
0.000000
0.000000
0.000000
0.000000
0.000000
0.000000
0.000000
0.000000
0.001149
0.000000
0.000001
0.000000
0.000000
0.000000
0.000000
0.000000
0.000000
0.000000
0.000000
0.000000
0.000000
0.000000
0.000000
0.000000
0.000000
0.000000
0.000000
0.000000
0.000000
0.000000
0.000000
0.000000
0.000000
0.000000
0.000000
0.000000
0.000000
0.000000
0.000000
0.000000
0.000000
0.000000
0.000000
0.000000
0.000000
0.000000
0.000000
0.000000
0.000000
0.000000
0.000000
0.000000
0.000000
0.000000
0.000000
0.000000
0.000000
0.000000
0.000000
0.000000
0.000000
0.000000
0.000000
0.000000
0.000000
0.000000
0.000000
0.000000
0.000000
0.000000
0.000000
0.000000
0.000000
0.000000
0.000000

VECTORS velocity float
0.000000 0.000000 0.000000
-0.062727 -0.046917 0.000000
-0.087709 -0.049259 0.000000
-0.114963 -0.047495 0.000000
-0.139323 -0.043484 0.000000
-0.150269 -0.026166 0.000000
-0.155837 -0.012521 0.000000
-0.156478 0.003580 0.000000
-0.147026 0.008971 0.000000
-0.129148 0.013712 0.000000
-0.114342 0.015043 0.000000
-0.091214 0.016411 0.000000
-0.069705 0.012320 0.000000
-0.052613 0.000518 0.000000
-0.033152 -0.008768 0.000000
-0.015168 -0.015060 0.000000
-0.000531 -0.031894 0.000000
0.012430 -0.031495 0.000000
0.022072 -0.052741 0.000000
0.037639 -0.055594 0.000000
0.048256 -0.056491 0.000000
7.957386 6.628865 0.000000
7.977152 6.631080 0.000000
7.948796 6.696143 0.000000
7.994270 6.581151 0.000000
8.024389 6.480215 0.000000
8.034352 6.217059 0.000000
8.019975 6.164181 0.000000
7.976850 6.089369 0.000000
7.943791 6.030171 0.000000
7.751805 6.022998 0.000000
0.000000 0.000000 0.000000
-0.053286 -0.009438 0.000000
-0.087505 -0.025346 0.000000
-0.117530 -0.006989 0.000000
-0.147469 -0.020754 0.000000
-0.155288 -0.010153 0.000000
-0.160000 -0.005701 0.000000
-0.158823 -0.007178 0.000000
-0.151837 -0.010010 0.000000
-0.130115 0.009674 0.000000
-0.107337 -0.000377 0.000000
-0.089524 -0.002284 0.000000
-0.062471 -0.009643 0.000000
-0.025946 -0.019680 0.000000
-0.026843 -0.024953 0.000000
-0.000095 -0.030639 0.000000
0.002876 -0.034827 0.000000
0.020933 -0.038223 0.000000
0.028083 -0.045515 0.000000
0.050211 -0.045566 0.000000
0.046816 -0.068774 0.000000
8.037317 6.382916 0.000000
8.021794 6.314542 0.000000
8.015290 6.255214 0.000000
7.981912 6.188899 0.000000
7.933874 6.091731 0.000000
7.931702 6.054155 0.000000
7.889579 5.993246 0.000000
7.849198 5.981639 0.000000
7.837739 5.969137 0.000000
7.886901 5.951486 0.000000
0.000000 0.000000 0.000000
-0.068461 0.006790 0.000000
-0.066426 0.026111 0.000000
-0.133529 -0.006888 0.000000
-0.115288 -0.016178 0.000000
-0.184603 -0.007226 0.000000
-0.144635 -0.013988 0.000000
-0.165390 -0.045391 0.000000
-0.140505 0.014762 0.000000
-0.146567 -0.064948 0.000000
-0.101424 -0.013633 0.000000
-0.109907 -0.059672 0.000000
-0.044114 -0.015002 0.000000
-0.077663 -0.047223 0.000000
-0.031083 -0.017336 0.000000
0.010437 -0.039357 0.000000
0.014405 -0.052811 0.000000
0.023966 -0.063504 0.000000
0.031137 -0.056377 0.000000
0.073407 -0.082851 0.000000
0.040393 -0.071008 0.000000
7.907103 6.526059 0.000000
7.972201 6.381365 0.000000
8.005190 6.358498 0.000000
7.949205 6.278075 0.000000
7.870630 6.245879 0.000000
7.918824 6.150598 0.000000
7.865603 5.998309 0.000000
7.852030 5.948320 0.000000
7.840972 5.956977 0.000000
7.811946 5.928588 0.000000
0.000000 0.000000 0.000000
-0.062270 0.023282 0.000000
-0.068141 -0.052558 0.000000
-0.104720 0.047949 0.000000
-0.121799 0.000423 0.000000
-0.144567 0.001349 0.000000
-0.128193 -0.013024 0.000000
-0.166858 0.045016 0.000000
-0.130321 -0.033755 0.000000
-0.092839 0.020552 0.000000
-0.105202 0.021051 0.000000
-0.055378 0.023620 0.000000
-0.054652 -0.017986 0.000000
0.057884 0.002159 0.000000
0.002063 -0.025564 0.000000
-0.023538 -0.048101 0.000000
0.039769 -0.004391 0.000000
0.031917 -0.061322 0.000000
0.021179 -0.062638 0.000000
0.099117 -0.042871 0.000000
0.030760 -0.070039 0.000000
0.054761 -0.056468 0.000000
7.951249 6.431959 0.000000
7.920674 6.336017 0.000000
7.909774 6.169404 0.000000
7.858776 6.090278 0.000000
7.872123 6.108113 0.000000
7.845991 6.040206 0.000000
7.833919 6.025315 0.000000
7.786074 5.949217 0.000000
7.784894 5.929200 0.000000
0.000000 0.000000 0.000000
-0.060303 -0.011489 0.000000
-0.099153 0.033462 0.000000
-0.073787 -0.053523 0.000000
-0.156194 0.030722 0.000000
-0.151604 -0.013519 0.000000
-0.121771 0.045937 0.000000
-0.184928 -0.100333 0.000000
-0.094723 0.018292 0.000000
-0.212561 -0.035879 0.000000
-0.038853 -0.075311 0.000000
-0.125717 -0.133044 0.000000
-0.029662 -0.012182 0.000000
-0.178927 -0.067210 0.000000
0.004599 -0.010048 0.000000
-0.002563 -0.039742 0.000000
0.080025 -0.045035 0.000000
0.012294 -0.044567 0.000000
0.080722 -0.048606 0.000000
0.108671 -0.067386 0.000000
0.025052 -0.069348 0.000000
8.143531 6.167854 0.000000
7.904861 6.353619 0.000000
7.900789 6.268784 0.000000
7.905185 6.217742 0.000000
7.903234 6.173499 0.000000
7.829107 6.069174 0.000000
7.824241 5.956572 0.000000
7.755672 5.968518 0.000000
7.796290 5.984171 0.000000
7.758261 5.927227 0.000000
0.000000 0.000000 0.000000
-0.079010 0.031600 0.000000
-0.049665 0.006430 0.000000
-0.099655 0.062212 0.000000
-0.162483 0.023746 0.000000
-0.025619 -0.022581 0.000000
-0.221539 -0.007925 0.000000
-0.032837 0.068372 0.000000
-0.228461 -0.020210 0.000000
-0.013637 -0.026317 0.000000
-0.133932 0.130998 0.000000
-0.071175 0.128171 0.000000
-0.049610 0.003171 0.000000
0.190192 0.075826 0.000000
0.006804 0.007131 0.000000
-0.003081 -0.036305 0.000000
0.021757 -0.016259 0.000000
0.026803 -0.015130 0.000000
0.097421 -0.075119 0.000000
0.019771 -0.039351 0.000000
0.089441 -0.073207 0.000000
8.023806 6.452781 0.000000
7.924487 6.655073 0.000000
7.913661 6.265203 0.000000
7.832633 6.167061 0.000000
7.841773 5.991941 0.000000
7.815101 5.931905 0.000000
7.800489 6.165722 0.000000
7.817158 6.028094 0.000000
7.767541 5.930974 0.000000
7.734237 5.919389 0.000000
0.000000 0.000000 0.000000
-0.066188 0.006875 0.000000
-0.090597 -0.001552 0.000000
-0.079409 -0.026681 0.000000
-0.139559 -0.001983 0.000000
-0.169378 0.072681 0.000000
-0.100569 0.036105 0.000000
-0.128756 -0.014222 0.000000
-0.121583 0.044633 0.000000
-0.105529 0.013506 0.000000
-0.152344 -0.121381 0.000000
0.023211 -0.258571 0.000000
-0.166674 -0.039498 0.000000
-0.236334 -0.166966 0.000000
-0.118307 -0.022099 0.000000
0.063034 -0.030670 0.000000
0.046362 -0.035136 0.000000
0.048720 -0.036077 0.000000
0.088209 -0.067368 0.000000
0.121218 -0.002242 0.000000
0.083279 -0.074312 0.000000
8.013904 6.510490 0.000000
7.897304 6.450549 0.000000
7.843415 6.331697 0.000000
7.862545 6.267879 0.000000
7.814143 6.172858 0.000000
7.791561 6.049197 0.000000
7.746573 5.982049 0.000000
7.759429 6.007284 0.000000
7.739775 5.950180 0.000000
7.711776 5.923369 0.000000
0.000000 0.000000 0.000000
-0.086243 0.017584 0.000000
-0.054399 0.020766 0.000000
-0.089042 0.109433 0.000000
-0.106250 0.087927 0.000000
-0.086023 -0.045432 0.000000
-0.207034 0.027095 0.000000
-0.124045 -0.042357 0.000000
-0.191044 0.097752 0.000000
0.062705 -0.026202 0.000000
-0.205823 0.226458 0.000000
-0.016456 0.404749 0.000000
-0.079646 -0.043266 0.000000
0.363805 0.332745 0.000000
0.075070 0.072374 0.000000
0.096896 0.029295 0.000000
0.007728 0.099298 0.000000
0.143393 0.027144 0.000000
0.124719 -0.007616 0.000000
0.089122 -0.044931 0.000000
0.078015 -0.031842 0.000000
8.138805 6.071284 0.000000
7.915129 6.481792 0.000000
7.920036 6.384680 0.000000
7.826962 6.185401 0.000000
7.826261 6.153827 0.000000
7.765634 6.032234 0.000000
7.758592 5.971372 0.000000
7.740572 5.999615 0.000000
7.721044 5.931995 0.000000
7.686318 5.907036 0.000000
0.000000 0.000000 0.000000
-0.087510 0.052539 0.000000
-0.047611 -0.012686 0.000000
-0.176479 -0.056344 0.000000
-0.059316 -0.017666 0.000000
-0.121415 0.084556 0.000000
-0.080704 0.075362 0.000000
-0.043495 0.039936 0.000000
-0.215541 0.050624 0.000000
0.111549 0.060572 0.000000
-0.420471 -0.191035 0.000000
0.024857 -0.439782 0.000000
-0.512291 0.300835 0.000000
-0.380086 -0.361358 0.000000
0.293886 0.026081 0.000000
0.004308 -0.012814 0.000000
0.274188 0.005599 0.000000
0.006444 -0.024292 0.000000
0.106780 0.009923 0.000000
0.092857 -0.008434 0.000000
0.118347 -0.026235 0.000000
7.999312 6.562541 0.000000
7.984266 6.652794 0.000000
7.866438 6.362326 0.000000
7.882249 6.206972 0.000000
7.806883 6.158014 0.000000
7.772909 6.097852 0.000000
7.760651 6.071064 0.000000
7.723145 5.972276 0.000000
7.699539 5.949898 0.000000
7.668503 5.913655 0.000000
0.000000 0.000000 0.000000
-0.061473 -0.012496 0.000000
-0.115755 0.052948 0.000000
-0.019843 0.129095 0.000000
-0.167930 0.096205 0.000000
-0.095138 0.041830 0.000000
-0.123418 0.006956 0.000000
-0.196514 -0.001576 0.000000
-0.134582 -0.019373 0.000000
-0.076306 0.222432 0.000000
0.244960 0.288599 0.000000
0.045957 0.314439 0.000000
0.734353 0.280992 0.000000
0.011556 -0.237110 0.000000
-0.387844 0.275267 0.000000
-0.027910 0.201584 0.000000
-0.152740 -0.067409 0.000000
0.124119 0.034481 0.000000
0.129730 0.094377 0.000000
0.135839 0.000702 0.000000
0.105964 0.014290 0.000000
8.129228 6.203277 0.000000
7.923941 6.502857 0.000000
8.071556 6.599229 0.000000
7.948206 6.402559 0.000000
7.816647 6.253772 0.000000
7.757399 6.026034 0.000000
7.710082 5.992843 0.000000
7.702000 5.953314 0.000000
7.675011 5.928655 0.000000
7.649373 5.908050 0.000000
0.000000 0.000000 0.000000
-0.104223 0.064884 0.000000
-0.092190 0.032320 0.000000
-0.059582 -0.064012 0.000000
-0.222710 -0.035507 0.000000
0.035902 0.007951 0.000000
-0.351918 0.224973 0.000000
0.130756 0.050611 0.000000
-0.297082 0.213817 0.000000
-0.007608 -0.083335 0.000000
-0.231315 0.129833 0.000000
0.118866 0.956100 0.000000
-0.225013 -0.223915 0.000000
-0.213339 -0.238678 0.000000
0.099756 0.039438 0.000000
0.376632 0.171081 0.000000
0.364959 0.032000 0.000000
0.070878 0.010258 0.000000
0.201218 0.068324 0.000000
0.207061 0.025976 0.000000
0.073622 0.037224 0.000000
7.928990 6.686623 0.000000
7.946625 6.692956 0.000000
7.979484 6.668884 0.000000
7.806110 6.247282 0.000000
7.796778 6.118600 0.000000
7.734810 6.104913 0.000000
7.712709 5.983564 0.000000
7.688049 6.042153 0.000000
7.666413 5.937026 0.000000
7.627281 5.901403 0.000000
0.000000 0.000000 0.000000
-0.119714 0.029098 0.000000
-0.020032 -0.038910 0.000000
-0.188569 0.175164 0.000000
0.036911 0.157737 0.000000
-0.250768 0.080425 0.000000
0.008795 -0.067857 0.000000
-0.112904 -0.066145 0.000000
-0.112484 0.010239 0.000000
0.039564 -0.044518 0.000000
-0.111109 0.288449 0.000000
-0.029709 -0.487307 0.000000
0.053876 -0.813222 0.000000
-0.074800 0.602649 0.000000
0.357506 0.624590 0.000000
-0.128917 0.023838 0.000000
0.128688 0.168221 0.000000
0.125707 0.103398 0.000000
0.182536 0.061593 0.000000
0.184552 0.046887 0.000000
0.160274 0.076470 0.000000
7.987372 6.502532 0.000000
8.115033 6.256536 0.000000
7.889071 6.528339 0.000000
7.848323 6.425295 0.000000
7.881175 6.473686 0.000000
7.766837 6.203575 0.000000
7.692954 6.064340 0.000000
7.654984 5.973508 0.000000
7.643317 5.941904 0.000000
7.609018 5.907510 0.000000
0.000000 0.000000 0.000000
-0.148934 0.023770 0.000000
-0.022308 0.111164 0.000000
-0.193968 -0.099973 0.000000
-0.080992 -0.115836 0.000000
-0.207974 0.066530 0.000000
-0.076326 0.233557 0.000000
-0.266453 0.153353 0.000000
0.032084 0.187720 0.000000
-0.268760 0.204508 0.000000
-0.095146 -0.095292 0.000000
-0.088705 -0.380324 0.000000
-0.404508 0.024193 0.000000
-1.060559 -0.151428 0.000000
0.966111 0.088202 0.000000
-0.115222 0.124333 0.000000
0.472369 0.104438 0.000000
0.290745 0.048305 0.000000
0.169416 0.263688 0.000000
0.112096 0.091066 0.000000
0.242391 0.099269 0.000000
7.906567 6.678771 0.000000
7.934684 6.678110 0.000000
7.986555 6.774820 0.000000
7.970389 6.614269 0.000000
7.832860 6.324264 0.000000
7.763776 6.136426 0.000000
7.678238 5.983911 0.000000
7.667821 5.970817 0.000000
7.610445 5.941560 0.000000
7.593948 5.915941 0.000000
0.000000 0.000000 0.000000
-0.087827 0.003653 0.000000
-0.164521 -0.076049 0.000000
0.020908 0.156583 0.000000
-0.239111 0.228118 0.000000
-0.026330 0.148665 0.000000
-0.122840 -0.140128 0.000000
-0.134841 -0.104708 0.000000
-0.141737 -0.173811 0.000000
-0.103989 -0.051734 0.000000
0.103147 0.474924 0.000000
-0.038669 0.322586 0.000000
-1.108618 -0.688830 0.000000
1.409641 1.301630 0.000000
0.502021 0.159516 0.000000
-0.771681 0.108147 0.000000
0.152210 -0.026824 0.000000
0.001895 0.043165 0.000000
0.220553 0.101087 0.000000
0.231301 0.089581 0.000000
7.950466 6.599734 0.000000
7.987123 6.600420 0.000000
7.902830 6.662607 0.000000
7.932724 6.658713 0.000000
7.947780 6.606263 0.000000
7.800070 6.598808 0.000000
7.814370 6.247371 0.000000
7.750885 6.013458 0.000000
7.638094 6.050342 0.000000
7.600631 5.959319 0.000000
7.578907 5.922575 0.000000
0.000000 0.000000 0.000000
-0.106330 0.041705 0.000000
-0.167696 0.078906 0.000000
-0.030596 -0.025010 0.000000
-0.301775 -0.253756 0.000000
0.107191 0.067013 0.000000
-0.505263 0.197090 0.000000
0.099329 0.380051 0.000000
-0.174034 0.208405 0.000000
-0.232124 0.384592 0.000000
-0.436134 -0.200971 0.000000
0.006807 -0.184155 0.000000
0.238240 0.096941 0.000000
-0.058649 0.022362 0.000000
0.011252 0.217749 0.000000
-0.094075 0.029789 0.000000
0.175826 0.304777 0.000000
0.233484 0.035103 0.000000
0.174459 0.184084 0.000000
0.208865 0.089512 0.000000
0.294625 0.107726 0.000000
0.298204 0.078537 0.000000
8.021607 6.680496 0.000000
7.978608 6.768498 0.000000
7.824552 6.599888 0.000000
7.950816 6.468268 0.000000
7.839889 6.329082 0.000000
7.678379 6.165753 0.000000
7.585777 6.013421 0.000000
7.625370 5.965033 0.000000
7.567204 5.941790 0.000000
0.000000 0.000000 0.000000
-0.195333 0.039224 0.000000
0.074429 -0.024461 0.000000
-0.294198 0.013304 0.000000
0.001956 0.238952 0.000000
-0.283437 0.085688 0.000000
-0.099820 0.042443 0.000000
0.006584 -0.440527 0.000000
-0.234529 -0.256524 0.000000
0.548819 0.277913 0.000000
-0.139639 0.172073 0.000000
-0.201076 0.315516 0.000000
0.215807 0.502325 0.000000
-0.029557 0.158834 0.000000
0.147686 0.112827 0.000000
0.223085 0.039179 0.000000
0.270529 0.198440 0.000000
0.354745 0.021971 0.000000
0.124900 0.053906 0.000000
0.199467 0.053738 0.000000
0.277739 0.095140 0.000000
7.935243 6.712148 0.000000
7.894540 6.619123 0.000000
7.889248 6.533174 0.000000
7.820282 6.631353 0.000000
7.888911 6.654317 0.000000
7.902964 6.574358 0.000000
7.882677 6.360342 0.000000
7.846714 6.435550 0.000000
7.575402 5.968622 0.000000
7.562952 5.966781 0.000000
0.000000 0.000000 0.000000
-0.106520 -0.022722 0.000000
-0.137924 -0.044035 0.000000
-0.205641 0.098023 0.000000
0.093313 -0.242753 0.000000
-0.246514 0.001146 0.000000
0.086143 0.063490 0.000000
-0.385917 0.532414 0.000000
0.601983 1.156441 0.000000
-0.977191 -0.698824 0.000000
0.093644 0.224328 0.000000
-0.282801 -0.263429 0.000000
-0.199729 -0.441659 0.000000
-0.030282 0.007321 0.000000
-0.018039 -0.044018 0.000000
0.349745 0.257214 0.000000
-0.246818 0.130698 0.000000
0.584348 0.090541 0.000000
0.141892 0.064941 0.000000
0.272952 0.066838 0.000000
0.279613 0.085735 0.000000
7.988082 6.585635 0.000000
7.968700 6.781917 0.000000
7.836551 6.703914 0.000000
7.964398 6.694876 0.000000
7.886597 6.583235 0.000000
7.895367 6.540614 0.000000
7.809056 6.210503 0.000000
7.620574 6.073811 0.000000
7.630548 6.026959 0.000000
7.569730 5.985580 0.000000
0.000000 0.000000 0.000000
-0.205420 0.032028 0.000000
0.042288 0.138262 0.000000
-0.280166 -0.100020 0.000000
0.061754 -0.025139 0.000000
-0.754786 0.347091 0.000000
0.432406 -0.369237 0.000000
-0.699525 0.025220 0.000000
-0.132890 -1.193239 0.000000
-0.542208 -0.187417 0.000000
0.021450 0.161035 0.000000
0.025026 0.294203 0.000000
0.121165 0.326054 0.000000
0.207585 0.341781 0.000000
-0.263370 -0.041846 0.000000
0.070590 -0.024901 0.000000
-0.262785 -0.004200 0.000000
-0.016261 0.041762 0.000000
0.245937 0.076808 0.000000
0.221122 0.109056 0.000000
0.262757 0.050630 0.000000
7.918427 6.566197 0.000000
7.866512 6.547076 0.000000
7.927018 6.602422 0.000000
7.912897 6.730631 0.000000
7.862057 6.595170 0.000000
7.812836 6.576990 0.000000
7.900036 6.568550 0.000000
7.826031 6.372260 0.000000
7.677728 6.279474 0.000000
7.637775 6.006979 0.000000
0.000000 0.000000 0.000000
-0.139091 -0.009216 0.000000
-0.103231 -0.225771 0.000000
-0.108969 0.197088 0.000000
-0.253430 0.036265 0.000000
0.061863 -0.104926 0.000000
-0.290072 0.136973 0.000000
0.138070 0.338571 0.000000
0.221988 0.487953 0.000000
-0.787343 0.136921 0.000000
0.259683 0.136050 0.000000
-0.600918 -0.575989 0.000000
-0.608152 -0.519776 0.000000
0.136818 -0.094233 0.000000
-0.116529 0.073508 0.000000
0.489487 0.075911 0.000000
0.218231 0.056120 0.000000
0.249460 0.024387 0.000000
0.239721 -0.038908 0.000000
0.248628 0.043998 0.000000
0.255402 0.046810 0.000000
0.214318 0.024066 0.000000
8.012569 6.485561 0.000000
7.925166 6.610479 0.000000
7.989104 6.648044 0.000000
7.885240 6.495639 0.000000
7.914126 6.507126 0.000000
7.825134 6.451051 0.000000
7.620102 6.138135 0.000000
7.779047 6.245543 0.000000
7.516504 6.003643 0.000000
0.000000 0.000000 0.000000
-0.117328 -0.007628 0.000000
-0.121508 0.231728 0.000000
-0.185579 -0.211811 0.000000
-0.070857 0.029563 0.000000
-0.261834 -0.249067 0.000000
-0.543910 0.318366 0.000000
0.095422 -0.644193 0.000000
-0.339009 0.046621 0.000000
0.571273 -0.220013 0.000000
-0.797450 0.539841 0.000000
0.448500 0.453740 0.000000
0.559549 -0.085957 0.000000
0.163772 0.148902 0.000000
-0.467271 -0.235031 0.000000
0.274411 0.110384 0.000000
0.359016 0.110614 0.000000
0.113150 -0.093896 0.000000
0.189660 0.050343 0.000000
0.165848 0.136325 0.000000
0.252984 0.027428 0.000000
8.062357 6.544703 0.000000
7.980835 6.519623 0.000000
7.918987 6.632193 0.000000
8.031062 6.632604 0.000000
7.879931 6.584149 0.000000
7.900991 6.630328 0.000000
7.849028 6.501389 0.000000
7.803530 6.374154 0.000000
7.764678 6.311207 0.000000
7.566292 6.147378 0.000000
0.000000 0.000000 0.000000
-0.213848 -0.032346 0.000000
-0.019076 -0.153443 0.000000
-0.146625 -0.030168 0.000000
-0.046065 0.242431 0.000000
-0.252554 0.117273 0.000000
0.258946 0.238365 0.000000
-0.329614 -0.331929 0.000000
-0.060965 0.420176 0.000000
0.024333 -0.421711 0.000000
-0.339789 -0.028798 0.000000
0.067566 -0.409738 0.000000
-1.036194 0.014611 0.000000
0.160719 -0.521509 0.000000
0.635324 0.078578 0.000000
0.086410 -0.083890 0.000000
0.011544 0.051347 0.000000
0.377441 -0.004686 0.000000
0.193203 -0.080744 0.000000
0.219153 -0.032988 0.000000
8.527044 5.808681 0.000000
8.027773 6.416479 0.000000
7.984396 6.555111 0.000000
8.102529 6.739426 0.000000
7.762473 6.587305 0.000000
7.884225 6.587338 0.000000
7.846469 6.536399 0.000000
7.807404 6.497949 0.000000
7.855280 6.399769 0.000000
7.817346 6.372594 0.000000
7.636810 6.099220 0.000000
0.000000 0.000000 0.000000
-0.111179 -0.021593 0.000000
-0.127258 0.135720 0.000000
0.036116 -0.039235 0.000000
-0.534690 -0.116904 0.000000
0.264388 -0.296424 0.000000
-0.802533 -0.195027 0.000000
-0.577975 0.815806 0.000000
0.182803 -1.916301 0.000000
-0.157796 0.155406 0.000000
0.374055 0.029477 0.000000
-0.499501 -0.155667 0.000000
-0.697440 -0.570544 0.000000
-0.024195 0.222590 0.000000
0.205338 0.588518 0.000000
0.267386 -0.238853 0.000000
-0.053767 -0.205634 0.000000
0.021916 0.005284 0.000000
0.174462 -0.063727 0.000000
0.135750 -0.001375 0.000000
0.174065 0.010829 0.000000
0.174902 0.009934 0.000000
8.042342 6.480051 0.000000
7.979873 6.614042 0.000000
8.085351 6.666618 0.000000
7.868026 6.682786 0.000000
7.894363 6.539660 0.000000
7.773504 6.490308 0.000000
7.771080 6.456423 0.000000
7.810461 6.376961 0.000000
7.607000 6.012117 0.000000
0.000000 0.000000 0.000000
-0.094390 -0.006826 0.000000
-0.228471 -0.162801 0.000000
-0.000203 -0.004457 0.000000
-0.113990 0.021484 0.000000
-0.290084 0.286045 0.000000
0.282843 -0.117371 0.000000
-0.658335 1.799008 0.000000
-0.175134 -0.238314 0.000000
-0.017857 0.496464 0.000000
-0.376286 -0.564028 0.000000
0.271128 0.484798 0.000000
0.616119 0.278524 0.000000
0.443647 -0.045441 0.000000
-0.559482 -0.580734 0.000000
0.307367 -0.170283 0.000000
-0.055810 0.240991 0.000000
0.391207 -0.445837 0.000000
0.175554 0.012597 0.000000
0.122290 -0.038967 0.000000
8.071397 6.399870 0.000000
0.109825 -0.008323 0.000000
8.082734 6.586301 0.000000
8.072351 6.586258 0.000000
7.986316 6.668994 0.000000
7.990224 6.708097 0.000000
7.817023 6.601123 0.000000
7.810919 6.525302 0.000000
7.719587 6.401491 0.000000
7.715548 6.291100 0.000000
7.694012 6.288512 0.000000
0.000000 0.000000 0.000000
-0.236232 0.001621 0.000000
0.233935 0.007495 0.000000
-0.556020 0.067457 0.000000
0.060759 -0.144000 0.000000
-0.248853 -0.188025 0.000000
-0.128842 -0.163662 0.000000
-0.142073 -0.830276 0.000000
-0.056597 -0.685848 0.000000
0.141987 -0.289112 0.000000
-0.420665 -0.060276 0.000000
0.231991 -0.465315 0.000000
-0.012046 -0.202719 0.000000
-0.263116 0.093153 0.000000
0.279391 0.107131 0.000000
-0.336364 -0.017531 0.000000
-0.024170 -0.142196 0.000000
-0.200134 0.400772 0.000000
0.104322 -0.063036 0.000000
0.073546 -0.117079 0.000000
0.145949 -0.000637 0.000000
8.076207 6.368239 0.000000
8.065150 6.490274 0.000000
7.931524 6.502274 0.000000
7.971277 6.648310 0.000000
7.990820 6.575067 0.000000
7.827666 6.575320 0.000000
7.870662 6.530532 0.000000
7.879752 6.552085 0.000000
7.688865 6.402718 0.000000
7.762977 6.324727 0.000000
0.000000 0.000000 0.000000
-0.099468 -0.044414 0.000000
-0.110624 -0.063259 0.000000
-0.102057 -0.171198 0.000000
0.022551 0.108322 0.000000
-0.328504 -0.120706 0.000000
0.113822 0.460241 0.000000
-0.375712 0.101925 0.000000
0.138365 0.004190 0.000000
-0.505804 0.155921 0.000000
-0.020355 0.039403 0.000000
-0.217592 0.122669 0.000000
-0.056984 0.336421 0.000000
-0.136274 -0.675538 0.000000
0.036000 0.020122 0.000000
0.202881 -0.835294 0.000000
0.419200 -0.004367 0.000000
-0.088849 -0.405390 0.000000
0.337315 -0.148184 0.000000
0.030232 0.024993 0.000000
0.067719 -0.000482 0.000000
8.036283 6.408636 0.000000
8.091693 6.422121 0.000000
8.017925 6.449399 0.000000
7.948435 6.609413 0.000000
8.127372 6.576488 0.000000
7.892700 6.607252 0.000000
7.874645 6.605323 0.000000
7.848943 6.445642 0.000000
7.739339 6.406370 0.000000
7.743855 6.063604 0.000000
0.000000 0.000000 0.000000
-0.070389 -0.037295 0.000000
-0.183654 0.007879 0.000000
0.010221 0.069964 0.000000
-0.313094 -0.055658 0.000000
-0.107472 -0.079660 0.000000
-0.203075 -0.418159 0.000000
-0.193207 -0.351314 0.000000
-0.187725 -0.088857 0.000000
-0.188994 -0.226538 0.000000
0.338597 -0.410218 0.000000
-0.546744 -0.402268 0.000000
0.248912 -0.300665 0.000000
0.071199 0.362338 0.000000
0.094007 -0.029687 0.000000
-0.439141 0.593228 0.000000
0.219522 -0.129171 0.000000
0.403633 0.098647 0.000000
0.039855 -0.007742 0.000000
0.050210 -0.007069 0.000000
0.051746 -0.032082 0.000000
0.079237 -0.015556 0.000000
8.138023 6.477051 0.000000
8.083695 6.663049 0.000000
8.056831 6.547509 0.000000
7.758051 6.659213 0.000000
7.925223 6.561105 0.000000
7.961421 6.577890 0.000000
7.921412 6.534191 0.000000
7.693564 6.428185 0.000000
7.589312 6.275963 0.000000
0.000000 0.000000 0.000000
-0.109389 -0.006853 0.000000
-0.088159 -0.074761 0.000000
-0.020884 -0.145741 0.000000
-0.220942 -0.236769 0.000000
0.167576 0.305614 0.000000
-0.378178 -0.130966 0.000000
-0.017334 0.154893 0.000000
-0.070404 -0.116163 0.000000
0.013830 -0.147460 0.000000
-0.224822 0.207435 0.000000
0.081206 0.367350 0.000000
0.241470 -0.058559 0.000000
-1.141743 -0.376318 0.000000
0.653934 -0.472713 0.000000
0.135200 -0.081089 0.000000
-0.102050 -0.316001 0.000000
-0.208717 -0.042074 0.000000
0.005763 -0.189352 0.000000
0.110631 -0.095595 0.000000
8.127391 6.268552 0.000000
8.440158 5.800826 0.000000
8.098562 6.322176 0.000000
8.051665 6.448598 0.000000
7.904053 6.578501 0.000000
7.992262 6.669366 0.000000
7.847167 6.773264 0.000000
7.948428 6.475774 0.000000
7.788157 6.576269 0.000000
7.794420 6.550485 0.000000
7.687434 6.311542 0.000000
0.000000 0.000000 0.000000
-0.074427 -0.027072 0.000000
-0.036452 0.017501 0.000000
-0.199822 -0.015836 0.000000
-0.035620 0.195457 0.000000
-0.199018 -0.144185 0.000000
-0.173150 -0.318422 0.000000
0.103916 -0.090372 0.000000
-0.448951 -0.256923 0.000000
0.407958 0.279372 0.000000
-0.722853 -0.590829 0.000000
0.909794 -0.381123 0.000000
-1.277319 -0.556657 0.000000
-0.388967 0.060767 0.000000
1.265064 0.300553 0.000000
0.066381 0.181700 0.000000
-0.074550 -0.325347 0.000000
-0.122876 0.045586 0.000000
0.047845 0.035884 0.000000
-0.073376 -0.037545 0.000000
0.022805 -0.011876 0.000000
-0.025975 0.016153 0.000000
8.083822 6.328890 0.000000
8.072164 6.403304 0.000000
8.059789 6.545135 0.000000
7.932033 6.606590 0.000000
7.938388 6.562884 0.000000
7.960146 6.558054 0.000000
7.890783 6.605281 0.000000
7.825016 6.548319 0.000000
7.774738 6.430507 0.000000
0.000000 0.000000 0.000000
-0.103448 -0.030504 0.000000
-0.047933 -0.047753 0.000000
-0.027421 -0.178194 0.000000
-0.141187 -0.180035 0.000000
0.195393 -0.038443 0.000000
-0.479227 0.153215 0.000000
0.420288 -0.099244 0.000000
-0.402222 -0.316340 0.000000
0.246332 -0.131014 0.000000
-0.605785 -0.076450 0.000000
-0.211217 0.517087 0.000000
0.579142 0.059791 0.000000
0.458299 -0.418989 0.000000
-0.428104 -0.130025 0.000000
0.154116 -0.438830 0.000000
0.190209 0.133043 0.000000
-0.031716 -0.212603 0.000000
-0.001686 0.025496 0.000000
-0.029721 -0.007515 0.000000
-0.067786 0.020394 0.000000
8.292842 5.886372 0.000000
8.131327 6.315028 0.000000
8.104731 6.345829 0.000000
8.008979 6.562262 0.000000
7.981444 6.684875 0.000000
7.958082 6.465403 0.000000
7.916014 6.552875 0.000000
7.825015 6.572319 0.000000
7.872039 6.535654 0.000000
7.887148 6.354789 0.000000
0.000000 0.000000 0.000000
-0.045503 -0.021621 0.000000
-0.031731 0.016320 0.000000
-0.141184 0.090396 0.000000
-0.109145 0.074129 0.000000
-0.078779 0.026843 0.000000
-0.387301 -0.011758 0.000000
0.040601 -0.481411 0.000000
-0.674805 0.729775 0.000000
0.870940 -1.232950 0.000000
0.414605 -0.037913 0.000000
-0.948317 -0.486254 0.000000
0.408993 -0.223298 0.000000
-0.806224 0.150749 0.000000
0.970407 0.194063 0.000000
-0.950351 -0.183131 0.000000
0.517056 -0.051778 0.000000
-0.103929 0.090636 0.000000
-0.102023 0.124777 0.000000
0.083614 -0.091859 0.000000
8.101831 6.271079 0.000000
-0.112752 0.046285 0.000000
8.140247 6.064240 0.000000
8.055295 6.404743 0.000000
8.117848 6.355134 0.000000
8.052708 6.518835 0.000000
7.898377 6.580097 0.000000
8.006156 6.620844 0.000000
7.852838 6.530114 0.000000
7.934206 6.550896 0.000000
7.744850 6.492176 0.000000
0.000000 0.000000 0.000000
-0.055624 -0.030969 0.000000
-0.091245 -0.029260 0.000000
0.064901 -0.220719 0.000000
-0.182486 -0.072539 0.000000
0.135547 -0.298256 0.000000
-0.001519 0.121889 0.000000
-0.005564 0.058010 0.000000
-0.243284 -0.057852 0.000000
-0.009087 0.646900 0.000000
-0.850411 0.420152 0.000000
-0.037060 -0.714469 0.000000
2.454440 0.168203 0.000000
-2.624417 -0.014277 0.000000
1.102649 -0.486804 0.000000
-0.126491 0.180118 0.000000
0.637753 0.227449 0.000000
-0.373722 -0.137760 0.000000
0.043345 0.067183 0.000000
-0.108645 0.080305 0.000000
-0.071512 0.088641 0.000000
8.441052 5.807560 0.000000
8.104573 6.290897 0.000000
8.097175 6.257502 0.000000
8.071254 6.313490 0.000000
8.094838 6.532920 0.000000
8.074012 6.565944 0.000000
7.877643 6.598128 0.000000
7.871994 6.494698 0.000000
7.903243 6.529821 0.000000
7.896145 6.422440 0.000000
0.000000 0.000000 0.000000
-0.017092 -0.025052 0.000000
-0.089617 0.051738 0.000000
0.057104 -0.012615 0.000000
-0.318846 0.275477 0.000000
0.178617 -0.087469 0.000000
-0.470828 0.243464 0.000000
-0.359588 -0.398667 0.000000
0.448708 -0.026387 0.000000
-0.442583 -0.351042 0.000000
0.954064 0.669561 0.000000
-1.228953 0.159214 0.000000
-0.084314 -0.185154 0.000000
0.117891 0.444029 0.000000
-0.737945 -0.014688 0.000000
0.077627 -0.089265 0.000000
-0.252348 0.004926 0.000000
-0.019981 0.077076 0.000000
0.005940 0.097754 0.000000
-0.026154 0.031904 0.000000
-0.090234 0.099975 0.000000
8.119396 6.315877 0.000000
8.470719 5.810203 0.000000
8.078292 6.366450 0.000000
8.053663 6.435619 0.000000
8.075846 6.427624 0.000000
8.012935 6.491259 0.000000
7.963185 6.418465 0.000000
8.024086 6.492650 0.000000
7.930788 6.542266 0.000000
7.846479 6.498984 0.000000
0.000000 0.000000 0.000000
-0.054436 0.017207 0.000000
-0.010436 -0.019948 0.000000
-0.118092 -0.133078 0.000000
0.156332 -0.271864 0.000000
-0.551864 0.179622 0.000000
0.731726 -0.444901 0.000000
-0.345105 0.482408 0.000000
-0.098924 0.278648 0.000000
0.705392 0.986083 0.000000
-0.574594 -0.627107 0.000000
-0.497814 -0.164460 0.000000
0.089343 0.079483 0.000000
-0.602630 0.155957 0.000000
0.458124 -0.058089 0.000000
-0.294424 0.268460 0.000000
0.043884 -0.234456 0.000000
0.131005 -0.040466 0.000000
0.011182 0.161595 0.000000
-0.087853 0.116593 0.000000
-0.102669 0.128699 0.000000
8.404731 5.537608 0.000000
8.089683 6.303618 0.000000
8.067221 6.356982 0.000000
8.096404 6.368576 0.000000
8.075429 6.387913 0.000000
8.004967 6.467448 0.000000
7.876387 6.563418 0.000000
7.898505 6.519563 0.000000
7.845745 6.598533 0.000000
7.614441 6.371005 0.000000
0.000000 0.000000 0.000000
-0.072379 0.012839 0.000000
0.094585 -0.076302 0.000000
-0.167667 0.225316 0.000000
0.038881 0.046601 0.000000
-0.103580 0.140410 0.000000
-0.030401 0.010271 0.000000
-0.403921 -0.059543 0.000000
0.128063 -0.425961 0.000000
-0.440239 -0.816681 0.000000
-0.644514 -0.094398 0.000000
0.494480 -0.108445 0.000000
-0.224439 0.326577 0.000000
-0.170454 -0.349958 0.000000
0.098067 0.239308 0.000000
0.220296 0.215024 0.000000
-0.253287 0.160450 0.000000
-0.116228 0.268653 0.000000
-0.088857 0.050620 0.000000
-0.013371 0.135878 0.000000
-0.056042 0.129321 0.000000
8.184924 5.948137 0.000000
8.109298 6.222950 0.000000
8.108098 6.197945 0.000000
8.064984 6.433781 0.000000
8.075661 6.419543 0.000000
8.030910 6.518667 0.000000
8.051018 6.539641 0.000000
7.963986 6.562817 0.000000
7.937043 6.519100 0.000000
7.860516 6.391307 0.000000
0.000000 0.000000 0.000000
0.028310 -0.020942 0.000000
-0.142456 0.010104 0.000000
0.138399 -0.241534 0.000000
-0.361023 0.109264 0.000000
0.274717 -0.326472 0.000000
-0.120183 0.249017 0.000000
0.356685 0.068273 0.000000
-0.267243 0.516094 0.000000
0.466172 0.026009 0.000000
-0.055435 0.261678 0.000000
0.251337 0.150536 0.000000
-0.746539 -0.140217 0.000000
0.380247 0.402727 0.000000
0.037558 0.276539 0.000000
-0.476956 -0.166565 0.000000
-0.040759 0.271646 0.000000
-0.116304 0.198338 0.000000
-0.052479 0.123354 0.000000
0.067485 0.155588 0.000000
-0.062987 0.149772 0.000000
-0.019769 0.156797 0.000000
8.163688 6.091814 0.000000
8.101287 6.326246 0.000000
8.122376 6.453647 0.000000
8.027554 6.436276 0.000000
8.091017 6.524279 0.000000
8.042369 6.508581 0.000000
7.991648 6.482807 0.000000
7.975386 6.512795 0.000000
7.857130 6.486288 0.000000
0.000000 0.000000 0.000000
-0.027124 0.017201 0.000000
-0.107872 0.158391 0.000000
0.105590 0.016499 0.000000
-0.171537 0.121266 0.000000
0.478108 0.242207 0.000000
-0.750113 -0.052222 0.000000
0.369644 -0.231069 0.000000
-0.880608 -0.144729 0.000000
-0.302522 -0.108239 0.000000
-0.033859 0.142465 0.000000
-0.432176 0.079619 0.000000
0.466829 0.235875 0.000000
-0.281196 -0.261240 0.000000
-0.128803 0.663725 0.000000
0.295528 0.091925 0.000000
-0.205759 0.187905 0.000000
-0.049153 0.088076 0.000000
-0.036482 0.298166 0.000000
-0.084683 0.176160 0.000000
0.030769 0.122803 0.000000
-0.014990 0.093810 0.000000
8.072392 6.284262 0.000000
8.145112 6.238589 0.000000
8.086056 6.260698 0.000000
8.026692 6.439575 0.000000
8.036834 6.560762 0.000000
7.974150 6.342979 0.000000
7.975679 6.504671 0.000000
7.986899 6.473165 0.000000
7.808195 6.507013 0.000000
0.000000 0.000000 0.000000
-0.034797 0.010784 0.000000
0.048624 -0.226726 0.000000
-0.190617 0.083095 0.000000
0.388923 0.235846 0.000000
0.052312 0.241345 0.000000
0.370599 0.054000 0.000000
0.032239 0.591812 0.000000
0.391282 -0.020930 0.000000
0.054696 0.121121 0.000000
0.205325 0.216031 0.000000
-0.288748 -0.154216 0.000000
-0.304887 -0.260175 0.000000
-0.178988 0.456027 0.000000
-0.383082 -1.009436 0.000000
0.038893 0.155709 0.000000
-0.448685 -0.127092 0.000000
-0.094551 0.092098 0.000000
0.266370 0.420899 0.000000
-0.304083 -0.087632 0.000000
8.552340 5.539457 0.000000
8.368432 5.802191 0.000000
8.318004 5.885053 0.000000
8.120372 6.111477 0.000000
8.085563 6.386130 0.000000
8.014140 6.324206 0.000000
8.021655 6.441240 0.000000
7.990808 6.550094 0.000000
8.010558 6.446853 0.000000
7.988189 6.512308 0.000000
7.891484 6.506128 0.000000
0.000000 0.000000 0.000000
-0.005844 0.000973 0.000000
-0.058420 0.276704 0.000000
-0.278096 -0.089903 0.000000
-0.540841 -0.457146 0.000000
0.086997 0.172538 0.000000
-0.470574 0.202103 0.000000
-0.786906 -0.488435 0.000000
-0.075131 0.066599 0.000000
-0.910336 -0.102611 0.000000
-0.245563 0.012747 0.000000
-0.052796 0.121316 0.000000
-0.207317 0.172673 0.000000
0.700751 1.388907 0.000000
0.159806 0.684223 0.000000
0.133635 0.369792 0.000000
-0.085339 0.069329 0.000000
-0.481971 -0.386853 0.000000
0.131182 0.197942 0.000000
-0.010528 0.102385 0.000000
0.037815 0.104279 0.000000
0.058042 0.001168 0.000000
8.496473 5.810292 0.000000
8.077132 6.399994 0.000000
8.183305 6.044623 0.000000
8.022115 6.386884 0.000000
8.071047 6.632545 0.000000
8.054377 6.552894 0.000000
8.020783 6.522259 0.000000
8.021039 6.475549 0.000000
8.005646 6.494191 0.000000
0.000000 0.000000 0.000000
-0.124237 0.023334 0.000000
0.267462 -0.052423 0.000000
-0.234690 -0.139491 0.000000
0.084683 -0.055987 0.000000
0.238492 0.203174 0.000000
0.567411 0.420845 0.000000
-0.227070 -0.339514 0.000000
0.455365 0.261047 0.000000
0.141525 -0.150814 0.000000
0.796822 -0.081984 0.000000
-1.031947 0.357766 0.000000
-0.214312 0.146469 0.000000
-1.272624 0.613638 0.000000
-1.320795 -1.626935 0.000000
-0.374270 -0.242175 0.000000
0.370466 0.099684 0.000000
-0.111063 0.437261 0.000000
0.136696 0.150197 0.000000
-0.059670 0.102282 0.000000
0.082578 0.064651 0.000000
8.516805 5.924229 0.000000
8.334014 5.877199 0.000000
8.252719 5.984623 0.000000
8.045587 6.239475 0.000000
8.048643 6.459974 0.000000
8.043821 6.206585 0.000000
8.021817 6.542113 0.000000
8.016053 6.481912 0.000000
8.039853 6.486682 0.000000
7.993081 6.540760 0.000000
0.000000 0.000000 0.000000
-0.005786 0.032281 0.000000
-0.190014 -0.070274 0.000000
0.024374 0.471126 0.000000
-0.127243 0.013819 0.000000
0.018556 0.344919 0.000000
-0.775602 -0.035092 0.000000
-0.755105 0.018878 0.000000
-0.277487 0.122865 0.000000
-0.585851 0.462539 0.000000
0.607605 0.408204 0.000000
-0.890290 -0.745655 0.000000
1.606485 -0.159599 0.000000
1.800671 1.879908 0.000000
-0.829894 -0.305402 0.000000
-1.659336 -0.402017 0.000000
-0.511080 -0.026085 0.000000
0.069006 -0.329949 0.000000
0.268609 0.348102 0.000000
0.159721 0.007123 0.000000
0.057254 0.030136 0.000000
8.566849 5.888671 0.000000
8.308101 6.072973 0.000000
8.281095 6.167995 0.000000
8.062424 6.081917 0.000000
8.155781 6.257321 0.000000
8.059531 6.330754 0.000000
7.931189 6.423064 0.000000
7.977499 6.431369 0.000000
7.987716 6.467056 0.000000
7.987277 6.444129 0.000000
0.000000 0.000000 0.000000
0.020919 0.049078 0.000000
-0.065632 -0.078463 0.000000
0.112423 -0.310780 0.000000
-0.408916 -0.186884 0.000000
0.339707 0.262454 0.000000
0.172782 -0.116477 0.000000
0.538406 -0.128064 0.000000
0.094031 0.813760 0.000000
-0.053224 -0.168513 0.000000
-0.097475 -0.272771 0.000000
0.307101 0.993134 0.000000
3.529306 1.117115 0.000000
-4.137752 -1.850360 0.000000
2.772901 -0.417168 0.000000
0.883328 -0.073640 0.000000
0.360791 0.764302 0.000000
-0.176606 0.114741 0.000000
-0.139989 0.175771 0.000000
0.057911 -0.295232 0.000000
8.435344 5.793663 0.000000
8.542723 5.820239 0.000000
8.388164 6.061089 0.000000
8.215475 6.069571 0.000000
8.126977 6.080117 0.000000
8.155647 6.348447 0.000000
8.065641 6.506442 0.000000
8.041506 6.431350 0.000000
7.944359 6.521785 0.000000
8.003667 6.452202 0.000000
7.987167 6.461223 0.000000
0.000000 0.000000 0.000000
-0.117474 0.017003 0.000000
0.048437 0.202996 0.000000
-0.178325 -0.005217 0.000000
0.117824 0.511678 0.000000
-0.295571 -0.073648 0.000000
-0.081725 0.093026 0.000000
-1.081362 -0.474855 0.000000
0.282965 -0.366455 0.000000
-0.587698 0.498884 0.000000
0.899378 0.702690 0.000000
-1.366532 -0.344003 0.000000
-1.254055 -0.701903 0.000000
0.902048 -2.127191 0.000000
0.035587 1.702712 0.000000
-0.491497 -0.213935 0.000000
-0.165843 -0.240285 0.000000
-0.181019 0.174899 0.000000
0.011502 0.116548 0.000000
0.034863 0.020386 0.000000
0.090153 -0.008357 0.000000
0.058126 -0.025884 0.000000
8.368875 5.941716 0.000000
8.241721 6.169746 0.000000
8.167050 6.191821 0.000000
8.135002 6.248117 0.000000
8.069363 6.206564 0.000000
8.042822 6.349831 0.000000
8.012284 6.522176 0.000000
8.002395 6.470524 0.000000
7.989567 6.472056 0.000000
0.000000 0.000000 0.000000
-0.020082 0.024327 0.000000
0.007843 -0.170511 0.000000
-0.140765 -0.241398 0.000000
0.108517 -0.035944 0.000000
-0.182501 0.063916 0.000000
0.416524 0.475804 0.000000
-0.713573 -0.103673 0.000000
1.035445 0.356714 0.000000
-1.035734 -0.093153 0.000000
0.159376 -0.630080 0.000000
0.920603 0.007644 0.000000
0.589629 0.497039 0.000000
-0.651471 0.899420 0.000000
-1.201862 -0.459225 0.000000
0.214958 0.231229 0.000000
-0.547734 0.160744 0.000000
0.293865 -0.263402 0.000000
-0.328728 -0.228683 0.000000
0.070456 -0.035867 0.000000
0.007084 -0.083243 0.000000
8.437465 5.865704 0.000000
8.452048 5.903805 0.000000
8.427815 6.007727 0.000000
8.176922 6.136591 0.000000
8.163992 6.191328 0.000000
8.147451 6.287354 0.000000
8.075437 6.329704 0.000000
8.062950 6.448715 0.000000
7.993056 6.484334 0.000000
7.978630 6.448770 0.000000
0.000000 0.000000 0.000000
-0.089605 0.025734 0.000000
0.014452 0.233059 0.000000
-0.092687 0.212477 0.000000
0.062521 0.172735 0.000000
0.013795 0.163303 0.000000
0.215800 -0.008269 0.000000
-0.196429 -0.073308 0.000000
0.146010 0.137127 0.000000
0.424637 0.257128 0.000000
-0.878662 0.325381 0.000000
-0.244194 -0.086960 0.000000
0.144206 0.666629 0.000000
0.010266 -0.517819 0.000000
-0.163110 1.387235 0.000000
0.015354 -0.101745 0.000000
0.007855 -0.060924 0.000000
0.225674 0.605723 0.000000
-0.437055 -0.848570 0.000000
0.380628 0.077294 0.000000
-0.034262 -0.082316 0.000000
8.407951 5.557167 0.000000
8.514719 5.877379 0.000000
8.224403 6.191480 0.000000
8.119877 6.286104 0.000000
8.050564 6.336878 0.000000
8.133249 6.207243 0.000000
8.125860 6.270211 0.000000
8.117355 6.368846 0.000000
8.016447 6.468923 0.000000
7.994258 6.467149 0.000000
0.000000 0.000000 0.000000
-0.043603 -0.002804 0.000000
-0.024940 -0.223093 0.000000
-0.001448 -0.177618 0.000000
-0.113814 0.141561 0.000000
-0.087581 -0.156113 0.000000
0.069157 0.087052 0.000000
-0.374208 0.401605 0.000000
0.086155 0.135777 0.000000
-0.328227 0.008556 0.000000
0.344814 -0.262201 0.000000
0.436933 -0.139211 0.000000
-0.271975 -0.109483 0.000000
0.152649 -0.232253 0.000000
-0.156268 -0.228864 0.000000
0.207861 0.121143 0.000000
0.050312 -0.302655 0.000000
0.110546 -0.145242 0.000000
0.177244 0.470188 0.000000
-0.430322 0.293096 0.000000
0.075411 -0.026489 0.000000
0.064382 -0.097323 0.000000
8.260673 5.691718 0.000000
8.227672 6.141497 0.000000
8.315932 6.086035 0.000000
8.183204 6.239056 0.000000
8.101657 6.281830 0.000000
8.014989 6.467485 0.000000
8.093312 6.355624 0.000000
8.054410 6.531533 0.000000
7.991117 6.436565 0.000000
0.000000 0.000000 0.000000
-0.050027 0.038961 0.000000
-0.021676 0.325270 0.000000
-0.044620 0.131375 0.000000
-0.117656 0.147412 0.000000
0.110844 0.001193 0.000000
-0.050502 0.130082 0.000000
-0.055340 0.050996 0.000000
-0.049598 0.146858 0.000000
-0.329785 0.515404 0.000000
0.149211 0.290958 0.000000
-0.135293 -0.398962 0.000000
0.050783 0.297347 0.000000
-0.137661 0.167059 0.000000
-0.162646 0.038458 0.000000
0.023911 0.237574 0.000000
-0.103082 -0.062225 0.000000
0.064436 0.008788 0.000000
0.255218 0.228286 0.000000
0.110243 -0.073761 0.000000
0.117794 -0.059229 0.000000
8.301361 5.285827 0.000000
8.545481 5.825835 0.000000
8.298152 6.099960 0.000000
8.371961 5.990891 0.000000
8.241465 6.150763 0.000000
8.029889 6.319041 0.000000
8.075605 6.313196 0.000000
8.070630 6.445358 0.000000
8.014727 6.498310 0.000000
8.033264 6.493669 0.000000
0.000000 0.000000 0.000000
-0.065002 0.027315 0.000000
0.058335 -0.288787 0.000000
-0.042531 -0.133276 0.000000
0.078810 0.037130 0.000000
-0.050344 -0.205343 0.000000
0.110546 -0.411477 0.000000
0.555019 -0.275768 0.000000
0.078328 -0.169672 0.000000
0.232933 0.181224 0.000000
0.313203 0.119674 0.000000
-0.126621 -0.665256 0.000000
-0.150682 0.016728 0.000000
0.112206 -0.147193 0.000000
-0.015657 -0.682382 0.000000
0.223365 -0.045025 0.000000
0.026962 -0.158913 0.000000
0.350617 -0.420955 0.000000
-0.033584 -0.598284 0.000000
0.259410 -0.273685 0.000000
0.036356 -0.136547 0.000000
8.301981 5.288333 0.000000
8.375693 5.833691 0.000000
8.186269 5.819615 0.000000
8.284569 6.160028 0.000000
8.176017 6.265118 0.000000
8.210499 6.255847 0.000000
8.106677 6.387025 0.000000
8.053021 6.387549 0.000000
8.008330 6.405467 0.000000
7.982736 6.515874 0.000000
0.000000 0.000000 0.000000
-0.026822 0.019959 0.000000
-0.016005 0.322738 0.000000
-0.114888 0.234029 0.000000
0.066705 0.127970 0.000000
-0.334267 0.239322 0.000000
-0.181837 0.123647 0.000000
0.075423 -0.357345 0.000000
-0.647624 0.582166 0.000000
-0.025628 -0.002488 0.000000
0.195781 0.515561 0.000000
0.611176 -0.577986 0.000000
-0.012164 0.274555 0.000000
0.366443 0.260111 0.000000
-0.330920 0.225566 0.000000
0.031989 -0.399651 0.000000
0.181765 -0.231784 0.000000
-0.097538 0.685464 0.000000
-3.014476 0.877160 0.000000
-0.121361 -0.036193 0.000000
0.120147 -0.112230 0.000000
0.032249 -0.140313 0.000000
8.451997 5.762004 0.000000
8.388540 5.842876 0.000000
8.432740 6.111216 0.000000
8.207422 6.214234 0.000000
8.053478 6.348105 0.000000
8.083765 6.318809 0.000000
8.004946 6.411143 0.000000
8.015806 6.480888 0.000000
7.965785 6.521920 0.000000
0.000000 0.000000 0.000000
-0.085183 0.060002 0.000000
0.118970 -0.157133 0.000000
0.112200 -0.543737 0.000000
-0.353536 0.357628 0.000000
0.457691 -0.020746 0.000000
-0.330103 0.178492 0.000000
0.465843 -0.393394 0.000000
-0.011812 0.351887 0.000000
-0.232672 0.203197 0.000000
-0.603148 -0.046030 0.000000
-0.474375 -0.145351 0.000000
-0.460840 -0.204766 0.000000
0.134870 -0.524039 0.000000
0.152878 0.065287 0.000000
0.215295 -0.427041 0.000000
2.708333 -1.250472 0.000000
-0.199564 0.003257 0.000000
0.035958 0.135523 0.000000
-0.008439 -0.147120 0.000000
1.158809 -0.727608 0.000000
8.375854 5.835940 0.000000
8.254598 5.662622 0.000000
8.384503 5.781695 0.000000
8.443027 5.840072 0.000000
8.201197 6.266411 0.000000
8.328706 6.153379 0.000000
8.170206 6.235503 0.000000
8.097279 6.458247 0.000000
8.053155 6.482044 0.000000
7.966187 6.544938 0.000000
0.000000 0.000000 0.000000
0.086857 0.038933 0.000000
-0.080729 0.007208 0.000000
-0.013415 0.717631 0.000000
0.171202 -0.277837 0.000000
0.052493 -0.252078 0.000000
0.152573 -0.165850 0.000000
0.092440 -0.414619 0.000000
-0.197187 0.131672 0.000000
0.589572 -0.186877 0.000000
0.554329 -0.017800 0.000000
0.286090 0.507403 0.000000
0.111773 -1.340816 0.000000
0.038461 -0.203979 0.000000
0.146237 0.112302 0.000000
0.152816 1.509639 0.000000
-0.218560 -1.135226 0.000000
0.429896 -1.689371 0.000000
0.275558 0.091471 0.000000
-0.204690 0.037976 0.000000
8.220028 5.635413 0.000000
8.310970 5.835745 0.000000
8.334277 5.980164 0.000000
8.423669 5.806164 0.000000
8.437992 5.818656 0.000000
8.404676 6.141613 0.000000
8.442512 6.161663 0.000000
8.155521 6.397596 0.000000
8.111575 6.240763 0.000000
8.028478 6.508217 0.000000
7.972880 6.538303 0.000000
0.000000 0.000000 0.000000
0.034428 0.051149 0.000000
-0.052604 0.062538 0.000000
0.284814 -0.636494 0.000000
-0.084863 0.203104 0.000000
0.056286 0.481581 0.000000
-0.368837 -0.786041 0.000000
0.241427 -0.120267 0.000000
-0.047935 0.375786 0.000000
0.220749 -0.373053 0.000000
0.549309 0.687279 0.000000
0.375026 0.493922 0.000000
-0.427612 0.115394 0.000000
-0.400997 0.101649 0.000000
0.710314 -0.591236 0.000000
-0.138563 -0.461072 0.000000
-0.635396 0.568764 0.000000
0.342617 -0.450417 0.000000
0.122116 -0.148651 0.000000
-0.265068 0.292945 0.000000
0.063828 -0.095404 0.000000
0.147344 -0.051308 0.000000
8.341088 5.775515 0.000000
8.485779 5.816716 0.000000
8.785368 6.416152 0.000000
7.996648 5.300493 0.000000
8.213561 6.256358 0.000000
8.225683 5.933658 0.000000
8.022338 6.450507 0.000000
8.051467 6.569237 0.000000
7.987931 6.470817 0.000000
0.000000 0.000000 0.000000
-0.007953 0.045233 0.000000
0.157470 0.113872 0.000000
0.115694 0.654404 0.000000
-0.275511 -0.142384 0.000000
0.559007 -0.044999 0.000000
0.238689 0.271372 0.000000
-0.442411 0.377406 0.000000
0.270030 -0.448386 0.000000
-0.452950 0.783105 0.000000
-0.198229 -0.150463 0.000000
-0.040124 0.008097 0.000000
0.267953 -0.189099 0.000000
0.117069 -0.146480 0.000000
-0.811982 0.114407 0.000000
0.170530 0.279891 0.000000
-0.869242 0.377469 0.000000
-0.156940 -0.516394 0.000000
0.017362 0.672844 0.000000
0.066491 -0.556501 0.000000
-0.089055 -0.155885 0.000000
8.308192 5.763627 0.000000
8.634123 5.883165 0.000000
8.208946 6.064505 0.000000
8.802780 5.870375 0.000000
8.363425 5.773193 0.000000
8.463760 5.862132 0.000000
8.233579 6.135554 0.000000
8.239684 6.285148 0.000000
8.051557 6.479930 0.000000
8.039504 6.542417 0.000000
0.000000 0.000000 0.000000
0.098523 0.058157 0.000000
-0.024223 -0.161294 0.000000
0.041600 0.121517 0.000000
1.660674 1.012183 0.000000
0.376606 -0.016475 0.000000
0.941102 0.918997 0.000000
0.048392 -0.877271 0.000000
0.743827 -0.406041 0.000000
0.343090 -0.295134 0.000000
0.231843 -0.697183 0.000000
0.566730 -0.145360 0.000000
0.661803 0.142876 0.000000
0.202659 -0.054147 0.000000
0.908489 0.497700 0.000000
-0.144097 1.264867 0.000000
-0.477895 -2.022872 0.000000
-1.063800 -2.941133 0.000000
-0.053014 -0.019433 0.000000
-0.646168 0.005559 0.000000
-0.046115 -0.102796 0.000000
8.323466 5.754928 0.000000
8.464206 5.633691 0.000000
8.038851 5.431986 0.000000
8.079465 6.399078 0.000000
9.171648 5.576660 0.000000
8.418335 5.840101 0.000000
8.272189 6.213368 0.000000
8.292408 6.204317 0.000000
8.087182 6.497171 0.000000
8.061324 6.545146 0.000000
0.000000 0.000000 0.000000
0.085239 0.060817 0.000000
0.190059 0.158003 0.000000
0.164612 -0.424862 0.000000
0.008942 0.237805 0.000000
-1.799841 -1.099338 0.000000
0.727001 -0.106336 0.000000
0.419993 0.201403 0.000000
-0.661664 0.890631 0.000000
1.003293 -0.717150 0.000000
-0.446871 0.788088 0.000000
0.512904 -0.478602 0.000000
-0.304508 -0.533458 0.000000
-0.063849 -0.554600 0.000000
0.711873 0.638069 0.000000
-1.510273 0.980578 0.000000
0.565963 2.423816 0.000000
0.868145 0.378893 0.000000
0.240778 -0.241969 0.000000
-0.002770 -0.481603 0.000000
-0.032300 -0.170369 0.000000
8.358716 5.757164 0.000000
8.296365 5.645856 0.000000
8.649394 6.526073 0.000000
9.016149 6.262728 0.000000
8.417881 6.231610 0.000000
8.511436 5.759870 0.000000
8.625275 5.920629 0.000000
8.141673 6.457072 0.000000
8.231205 6.264421 0.000000
8.105009 6.588982 0.000000
0.000000 0.000000 0.000000
0.050678 0.054929 0.000000
0.225786 -0.070705 0.000000
0.027874 0.090749 0.000000
-0.249647 0.708598 0.000000
0.508251 -0.018539 0.000000
-0.015575 0.200502 0.000000
0.270956 -0.142076 0.000000
0.357518 -0.506684 0.000000
0.185455 -0.057401 0.000000
-0.696607 0.349208 0.000000
0.895960 -1.008146 0.000000
0.189834 -0.859369 0.000000
-0.541612 1.347428 0.000000
0.948791 -1.041246 0.000000
0.193550 -0.261965 0.000000
-1.430691 -0.214455 0.000000
0.879402 -0.923219 0.000000
-0.719194 0.130711 0.000000
-0.160331 -0.068286 0.000000
-0.110790 -0.131954 0.000000
-0.148432 -0.029513 0.000000
8.341003 5.757489 0.000000
8.406027 5.684580 0.000000
8.541637 5.902079 0.000000
8.583577 6.000189 0.000000
8.578480 5.750511 0.000000
8.564213 6.030555 0.000000
8.315958 6.193233 0.000000
8.262324 6.392781 0.000000
8.162784 6.602444 0.000000
0.000000 0.000000 0.000000
0.180556 0.057405 0.000000
-0.015651 0.121430 0.000000
0.742154 -0.132925 0.000000
-0.425033 -0.716075 0.000000
0.484801 -0.260026 0.000000
-0.202965 0.063520 0.000000
0.313611 -0.252881 0.000000
0.288202 0.704285 0.000000
0.275701 0.198455 0.000000
0.691491 0.455062 0.000000
-0.625067 0.386829 0.000000
-0.065877 0.083700 0.000000
0.125609 0.474054 0.000000
1.978749 -2.046104 0.000000
0.693355 0.121678 0.000000
-0.129596 0.667754 0.000000
-0.023385 0.328840 0.000000
0.043685 0.180931 0.000000
-0.280649 0.010813 0.000000
-0.047699 -0.027476 0.000000
8.343674 5.730189 0.000000
8.588136 5.709067 0.000000
7.802180 5.467208 0.000000
8.105918 5.761583 0.000000
8.246306 5.961367 0.000000
8.283375 6.156569 0.000000
8.564909 6.115241 0.000000
8.277060 6.142474 0.000000
8.277928 6.273310 0.000000
8.223018 6.631499 0.000000
0.000000 0.000000 0.000000
0.124070 0.103160 0.000000
0.347602 0.079668 0.000000
0.318968 -0.093550 0.000000
-0.111966 -0.035531 0.000000
0.285312 0.278036 0.000000
0.501099 0.448756 0.000000
0.695156 0.340221 0.000000
-0.168412 -0.679699 0.000000
-0.655456 -1.740304 0.000000
0.011128 0.042463 0.000000
1.228058 -1.077976 0.000000
-0.847247 0.429419 0.000000
0.505082 0.547321 0.000000
0.004148 -0.548673 0.000000
0.110139 -0.154971 0.000000
0.071757 -0.160116 0.000000
-0.126271 -0.360919 0.000000
0.218034 -0.147730 0.000000
-0.074324 -0.021521 0.000000
8.483721 5.538411 0.000000
-0.005848 0.004480 0.000000
7.944606 5.438857 0.000000
8.652036 6.340345 0.000000
8.532981 6.041380 0.000000
8.297682 5.931213 0.000000
8.582568 6.123564 0.000000
8.338446 6.086972 0.000000
8.345741 6.164161 0.000000
8.284172 6.230056 0.000000
8.124832 6.527303 0.000000
0.000000 0.000000 0.000000
0.130107 0.057966 0.000000
0.177263 -0.015038 0.000000
0.158052 0.203981 0.000000
0.203329 -0.033528 0.000000
-0.138441 -0.179163 0.000000
0.175881 0.151620 0.000000
-0.070575 0.200381 0.000000
0.329619 -0.325795 0.000000
1.356847 1.118342 0.000000
-0.285815 0.874314 0.000000
-0.013923 -0.056953 0.000000
-0.625634 0.521161 0.000000
0.417130 -0.189701 0.000000
-0.591994 0.455916 0.000000
0.334564 0.042014 0.000000
0.287455 -0.608267 0.000000
0.635675 0.521606 0.000000
-0.158069 0.114206 0.000000
-0.363361 -0.090912 0.000000
-0.100374 0.048222 0.000000
8.565531 5.723386 0.000000
8.588054 5.705709 0.000000
8.319660 5.989723 0.000000
8.671854 6.198865 0.000000
8.427479 6.016543 0.000000
8.640248 6.084250 0.000000
8.214841 6.130552 0.000000
8.508206 5.982490 0.000000
8.196055 6.239172 0.000000
8.177526 6.425414 0.000000
0.000000 0.000000 0.000000
0.181709 0.113571 0.000000
0.156728 0.097405 0.000000
0.137081 0.041278 0.000000
0.307508 0.298946 0.000000
0.286962 0.018766 0.000000
0.359905 -0.482734 0.000000
0.388560 0.080971 0.000000
0.283174 -0.010595 0.000000
-0.054564 0.155604 0.000000
0.012178 -0.153154 0.000000
1.055223 -0.097784 0.000000
1.213045 -0.356622 0.000000
1.078318 -0.757971 0.000000
-0.072420 0.859425 0.000000
0.402348 -0.371200 0.000000
-0.139278 1.657639 0.000000
-0.758772 0.283401 0.000000
-0.131231 -0.282960 0.000000
0.077108 0.063547 0.000000
-0.147685 0.099808 0.000000
7.928537 5.445271 0.000000
8.551978 5.718000 0.000000
8.606718 5.647984 0.000000
8.277215 5.567161 0.000000
8.487365 5.840322 0.000000
8.550116 6.189189 0.000000
8.501564 5.880989 0.000000
8.362892 6.068142 0.000000
8.282860 6.251017 0.000000
8.282143 6.316994 0.000000
0.000000 0.000000 0.000000
0.179050 0.070388 0.000000
0.192390 0.003407 0.000000
0.085272 0.173346 0.000000
0.361259 -0.159362 0.000000
0.142272 0.262681 0.000000
0.015593 0.970796 0.000000
0.512287 -1.242975 0.000000
0.471080 0.506702 0.000000
0.352636 0.086864 0.000000
0.189898 0.215357 0.000000
-0.181034 0.546179 0.000000
-0.885442 0.797157 0.000000
0.856395 0.379242 0.000000
1.186331 -0.827062 0.000000
1.136695 0.739049 0.000000
1.725278 -1.078395 0.000000
-1.004830 0.802268 0.000000
0.533218 0.225467 0.000000
-0.081481 0.248462 0.000000
-0.161351 0.181826 0.000000
8.269762 5.109021 0.000000
8.582693 5.713699 0.000000
8.668348 5.829611 0.000000
7.863298 5.254995 0.000000
8.275738 5.945541 0.000000
8.646807 6.144403 0.000000
8.312463 6.135608 0.000000
8.370254 5.935899 0.000000
8.309288 6.312309 0.000000
8.171570 6.475871 0.000000
0.000000 0.000000 0.000000
0.136288 0.090791 0.000000
0.118994 0.050198 0.000000
0.217426 0.119258 0.000000
0.153814 0.256569 0.000000
0.009781 0.344962 0.000000
0.639603 -0.308507 0.000000
0.289169 0.408485 0.000000
0.155373 0.387907 0.000000
0.097681 -0.543118 0.000000
0.095019 0.015266 0.000000
1.330286 -0.002974 0.000000
0.186337 0.257422 0.000000
0.057270 -0.442174 0.000000
0.471589 0.733506 0.000000
-1.380937 0.312773 0.000000
-0.387051 0.007743 0.000000
-0.138500 0.939741 0.000000
0.185106 -0.187739 0.000000
-0.079324 0.314751 0.000000
-0.003196 0.263196 0.000000
8.597894 5.438930 0.000000
8.560620 5.701115 0.000000
8.542410 5.704499 0.000000
8.473675 5.605365 0.000000
8.750377 6.035686 0.000000
8.659287 6.024035 0.000000
8.544372 6.175595 0.000000
8.311238 6.248373 0.000000
8.312589 6.331908 0.000000
8.182050 6.541715 0.000000
0.000000 0.000000 0.000000
0.194407 0.055997 0.000000
0.134804 -0.064959 0.000000
0.077864 0.386641 0.000000
0.459580 -0.327556 0.000000
0.237198 0.168055 0.000000
0.377954 0.679087 0.000000
-0.005285 1.064337 0.000000
0.743517 0.341703 0.000000
0.543692 0.362042 0.000000
-0.067225 0.470931 0.000000
-1.251748 0.067182 0.000000
0.115230 -0.488462 0.000000
-0.903780 0.316329 0.000000
0.261064 0.426577 0.000000
0.216808 -0.218985 0.000000
0.196926 0.036444 0.000000
0.290622 0.174818 0.000000
-0.018277 0.401937 0.000000
-0.002782 0.269246 0.000000
-0.044844 0.213171 0.000000
8.284188 5.198196 0.000000
8.324278 5.312521 0.000000
8.673135 5.591237 0.000000
8.489671 5.627076 0.000000
8.422568 5.913144 0.000000
8.954165 6.497063 0.000000
8.385482 5.991219 0.000000
8.555372 6.240678 0.000000
8.335135 6.332660 0.000000
8.161888 6.467647 0.000000
0.000000 0.000000 0.000000
0.114917 0.074189 0.000000
0.048281 0.114644 0.000000
0.182822 -0.028457 0.000000
0.383057 -0.158684 0.000000
0.172972 0.165111 0.000000
0.370988 -0.023944 0.000000
0.783602 -0.220139 0.000000
0.403561 0.050216 0.000000
0.203239 -0.063470 0.000000
0.030587 -0.156346 0.000000
0.059160 0.224889 0.000000
0.002719 0.161190 0.000000
0.278390 1.128249 0.000000
0.028871 0.637423 0.000000
-0.180695 -0.434543 0.000000
-0.082014 0.910099 0.000000
-0.374108 0.323852 0.000000
0.108085 0.322837 0.000000
-0.061937 0.235972 0.000000
0.007515 0.302766 0.000000
0.084996 0.167822 0.000000
8.523244 5.709735 0.000000
8.534103 5.635065 0.000000
8.264339 5.286503 0.000000
8.954926 6.267715 0.000000
7.971467 5.768052 0.000000
8.644573 6.140386 0.000000
8.311152 5.919937 0.000000
8.339411 6.444365 0.000000
8.225267 6.561789 0.000000
0.000000 0.000000 0.000000
0.096282 0.016704 0.000000
0.295937 -0.011299 0.000000
0.115914 -0.063216 0.000000
0.275941 0.146007 0.000000
0.041113 1.004117 0.000000
0.605650 -0.103439 0.000000
-0.004569 -0.304659 0.000000
-0.389461 -0.164957 0.000000
0.077521 0.435916 0.000000
1.078809 -0.030575 0.000000
0.639872 0.891224 0.000000
0.065176 0.089364 0.000000
0.066346 0.101727 0.000000
-0.192041 -0.083782 0.000000
0.076203 0.411077 0.000000
-0.010708 -0.203264 0.000000
0.322898 0.167780 0.000000
0.127012 0.293221 0.000000
-0.020248 0.244716 0.000000
0.048258 0.225099 0.000000
8.278968 5.127628 0.000000
8.590245 5.572341 0.000000
8.555991 5.834916 0.000000
8.637895 5.592436 0.000000
8.390339 5.679889 0.000000
8.583721 5.765715 0.000000
8.589874 6.061428 0.000000
8.567623 6.191095 0.000000
8.435075 6.521431 0.000000
8.232851 6.533380 0.000000
0.000000 0.000000 0.000000
0.082653 -0.006026 0.000000
0.072759 -0.060218 0.000000
-0.102490 0.174927 0.000000
0.108712 -0.149166 0.000000
-0.056200 0.096403 0.000000
0.458873 -1.074674 0.000000
0.743179 0.098007 0.000000
-0.082024 0.018560 0.000000
0.420154 0.335655 0.000000
0.286355 1.485817 0.000000
0.183583 0.075302 0.000000
0.057847 -0.160945 0.000000
0.547313 0.706800 0.000000
-0.201917 -0.335048 0.000000
0.206801 0.231244 0.000000
-0.120545 0.590266 0.000000
0.326407 0.120396 0.000000
-0.129367 0.324404 0.000000
-0.019275 0.265649 0.000000
0.039797 0.223394 0.000000
7.815301 5.110352 0.000000
8.605562 5.584271 0.000000
8.536737 5.374224 0.000000
8.392730 5.594726 0.000000
8.743778 5.107564 0.000000
8.226265 5.873850 0.000000
8.159269 5.820607 0.000000
8.482195 6.305130 0.000000
8.520726 6.357710 0.000000
8.319402 6.588954 0.000000
0.000000 0.000000 0.000000
0.043437 0.040079 0.000000
0.400961 0.063273 0.000000
-0.396958 -0.494435 0.000000
0.967171 0.213580 0.000000
-0.345843 1.255368 0.000000
0.694872 0.404161 0.000000
0.427586 0.575015 0.000000
-0.648801 -0.275867 0.000000
-0.693308 0.112319 0.000000
-0.425419 -0.611385 0.000000
-0.648060 -0.956496 0.000000
0.550330 0.106146 0.000000
-0.272936 -0.076350 0.000000
-0.244827 0.019874 0.000000
0.183920 0.619269 0.000000
0.285306 -0.148703 0.000000
-0.026385 0.258960 0.000000
0.067532 0.203569 0.000000
-0.068965 0.207737 0.000000
0.039547 0.230580 0.000000
8.138400 5.173643 0.000000
8.440495 5.286452 0.000000
8.528207 5.624947 0.000000
8.554052 6.450881 0.000000
8.209373 5.359731 0.000000
8.537572 5.858267 0.000000
8.455782 5.861720 0.000000
8.511527 5.715931 0.000000
8.587808 6.094652 0.000000
8.434159 6.580051 0.000000
0.000000 0.000000 0.000000
0.116761 -0.029404 0.000000
-0.135732 -0.209075 0.000000
0.511010 0.387881 0.000000
-0.219848 0.286579 0.000000
1.251537 0.256593 0.000000
0.291165 -1.426594 0.000000
0.895180 0.398164 0.000000
0.168345 -0.014709 0.000000
-0.235915 0.189229 0.000000
0.678164 0.384600 0.000000
0.233592 0.080289 0.000000
-0.348222 0.547020 0.000000
0.497763 -0.068590 0.000000
0.419488 0.246912 0.000000
0.173599 0.739756 0.000000
-0.193818 0.443995 0.000000
-0.055526 0.001338 0.000000
0.143939 0.166383 0.000000
0.049411 0.152727 0.000000
8.452290 4.279514 0.000000
0.112744 0.187856 0.000000
8.406291 5.547625 0.000000
8.817706 5.350445 0.000000
8.868089 5.908418 0.000000
7.973897 5.716554 0.000000
8.549358 5.883400 0.000000
8.494039 6.397795 0.000000
8.540533 6.011726 0.000000
8.500554 6.006658 0.000000
8.506964 6.556744 0.000000
0.000000 0.000000 0.000000
0.126654 0.033175 0.000000
-0.129877 -0.012544 0.000000
0.316046 -0.405752 0.000000
-0.515505 -0.262142 0.000000
-0.698287 0.858104 0.000000
-0.348414 -0.161105 0.000000
0.216036 0.324715 0.000000
-0.669022 -0.757087 0.000000
-0.607501 -0.003674 0.000000
0.255810 0.398481 0.000000
0.177057 0.167228 0.000000
-0.447944 -0.045403 0.000000
0.049696 0.439506 0.000000
-0.116328 0.153936 0.000000
-0.093451 0.028282 0.000000
0.233508 -0.183936 0.000000
0.209893 -0.029419 0.000000
0.244666 0.091100 0.000000
0.091977 0.168101 0.000000
0.055541 0.144962 0.000000
8.343592 4.121011 0.000000
8.340861 5.668634 0.000000
8.352992 5.448358 0.000000
8.382805 5.125040 0.000000
8.752938 5.526755 0.000000
8.271009 6.729958 0.000000
8.542190 6.000973 0.000000
8.317845 6.158172 0.000000
8.351320 5.983840 0.000000
8.537619 6.491528 0.000000
0.000000 0.000000 0.000000
0.032293 -0.038633 0.000000
0.160910 -0.137660 0.000000
0.250057 0.158529 0.000000
-0.161714 0.372574 0.000000
1.452065 -0.134797 0.000000
-0.174450 -0.466056 0.000000
2.264451 0.500214 0.000000
0.342818 -0.586390 0.000000
-0.058467 0.136353 0.000000
-0.207261 0.370115 0.000000
-0.039248 0.257074 0.000000
0.311705 0.307670 0.000000
-0.349957 0.577543 0.000000
0.307748 0.159484 0.000000
-0.150531 0.161047 0.000000
0.190223 0.308229 0.000000
-0.142616 0.278781 0.000000
-0.018918 0.030696 0.000000
0.153765 0.130787 0.000000
0.120273 0.122752 0.000000
0.104381 0.078980 0.000000
8.453023 5.426282 0.000000
8.446496 5.613167 0.000000
8.829241 5.795215 0.000000
8.163192 5.271381 0.000000
8.291857 5.190192 0.000000
8.616804 5.948490 0.000000
8.463383 5.988472 0.000000
8.472411 6.104045 0.000000
8.572299 6.394865 0.000000
0.000000 0.000000 0.000000
0.109330 0.009892 0.000000
-0.080686 0.009813 0.000000
0.084942 -0.353558 0.000000
0.088180 -0.088246 0.000000
-2.252081 -0.434141 0.000000
-0.000238 0.753540 0.000000
-0.351338 0.092368 0.000000
0.410220 -0.194270 0.000000
0.376993 0.340328 0.000000
0.420988 0.159908 0.000000
-0.103442 -0.396307 0.000000
0.328999 -0.186548 0.000000
-0.223057 0.091386 0.000000
0.246612 -0.327911 0.000000
0.172166 0.060541 0.000000
-0.113358 -0.006540 0.000000
0.183623 0.069582 0.000000
0.085997 0.198697 0.000000
0.051725 0.124557 0.000000
8.296376 5.115650 0.000000
8.501998 4.054214 0.000000
8.001223 5.209966 0.000000
8.184623 4.818286 0.000000
8.247690 5.074898 0.000000
8.390819 5.234193 0.000000
8.586910 5.057275 0.000000
8.467349 6.874933 0.000000
8.291323 6.028976 0.000000
8.505517 6.017154 0.000000
8.463178 6.023013 0.000000
0.000000 0.000000 0.000000
0.054171 -0.027545 0.000000
0.120447 -0.058592 0.000000
0.159968 0.102788 0.000000
-0.274055 0.188984 0.000000
0.684148 -0.312334 0.000000
1.263228 -0.824915 0.000000
1.009791 -0.015928 0.000000
-1.540794 0.254917 0.000000
-0.188026 0.006520 0.000000
0.086767 -0.290726 0.000000
-0.183285 0.128117 0.000000
-0.255788 0.183444 0.000000
-0.080864 -0.433107 0.000000
0.335647 0.339374 0.000000
0.172674 0.267666 0.000000
0.058334 0.122578 0.000000
0.095077 0.066928 0.000000
0.055736 0.060226 0.000000
0.120354 0.081691 0.000000
0.127065 0.024250 0.000000
0.101729 0.039241 0.000000
9.035320 5.871463 0.000000
7.986882 4.586476 0.000000
8.217845 5.415381 0.000000
8.529209 5.727142 0.000000
9.002112 5.405556 0.000000
7.909498 5.632033 0.000000
8.411048 6.342098 0.000000
8.501053 6.051523 0.000000
8.448593 6.023220 0.000000
0.000000 0.000000 0.000000
0.020883 -0.027568 0.000000
0.057353 -0.013586 0.000000
0.005001 -0.137814 0.000000
0.281532 -0.135013 0.000000
-0.976625 0.137344 0.000000
0.246817 0.756111 0.000000
0.572330 -0.199562 0.000000
0.134039 -0.052701 0.000000
-0.119431 0.240767 0.000000
-0.424037 0.216809 0.000000
0.299886 -0.125731 0.000000
-0.297706 -0.047146 0.000000
0.334670 0.012402 0.000000
0.090496 -0.043730 0.000000
-0.064361 -0.001022 0.000000
0.180862 -0.056604 0.000000
0.004264 0.095331 0.000000
0.058043 0.008491 0.000000
0.117859 0.018437 0.000000
0.160106 -0.028162 0.000000
8.130050 5.632061 0.000000
7.758641 5.328983 0.000000
8.443277 5.186874 0.000000
8.286405 5.702648 0.000000
8.469785 5.572049 0.000000
7.987891 5.671876 0.000000
8.454634 6.361278 0.000000
7.904944 4.449828 0.000000
8.351870 5.899973 0.000000
8.464554 5.981079 0.000000
0.000000 0.000000 0.000000
0.107239 -0.019738 0.000000
-0.021242 -0.072632 0.000000
0.122406 0.093988 0.000000
-0.229751 -0.051695 0.000000
0.514204 0.126540 0.000000
-0.612717 0.285294 0.000000
0.246493 -0.405010 0.000000
-0.526567 0.318030 0.000000
0.628756 0.081150 0.000000
0.506014 0.064509 0.000000
0.039944 -0.103476 0.000000
-0.044389 0.138391 0.000000
-0.009939 -0.195134 0.000000
0.039708 0.187671 0.000000
0.101213 0.183928 0.000000
-0.113460 0.013742 0.000000
0.084033 0.037048 0.000000
0.040732 -0.079335 0.000000
0.097498 0.059772 0.000000
-0.012885 -0.017797 0.000000
7.841150 3.879872 0.000000
7.989260 6.836973 0.000000
7.688836 5.166642 0.000000
8.136500 5.533186 0.000000
8.258881 6.186240 0.000000
7.855762 5.751294 0.000000
8.593305 5.443302 0.000000
7.844197 6.096282 0.000000
8.452422 6.092031 0.000000
8.434193 6.017892 0.000000
0.000000 0.000000 0.000000
0.011530 -0.036414 0.000000
0.005110 0.003039 0.000000
0.258707 -0.084267 0.000000
-0.338837 -0.086165 0.000000
0.584357 0.384126 0.000000
0.085073 -0.648236 0.000000
1.251140 0.671995 0.000000
-0.360076 -0.466349 0.000000
0.424279 -0.338435 0.000000
0.217507 0.180543 0.000000
0.520784 -0.247574 0.000000
0.284078 0.169640 0.000000
0.267073 -0.231630 0.000000
-0.124882 -0.200403 0.000000
0.182262 0.016635 0.000000
0.115892 -0.028329 0.000000
-0.034254 -0.018289 0.000000
0.132658 0.008891 0.000000
0.153772 -0.058560 0.000000
0.030714 -0.064576 0.000000
8.234793 4.869675 0.000000
8.035121 5.120091 0.000000
8.582808 5.161746 0.000000
8.015276 5.231697 0.000000
7.583467 5.706512 0.000000
8.360780 5.313733 0.000000
9.121830 6.622699 0.000000
8.669839 5.504684 0.000000
8.501211 6.203488 0.000000
8.380580 5.954980 0.000000
0.000000 0.000000 0.000000
0.043807 -0.026653 0.000000
0.132418 -0.098357 0.000000
-0.344312 -0.022537 0.000000
0.765205 0.265515 0.000000
-0.591185 -0.495854 0.000000
0.976191 -0.096550 0.000000
-0.775703 -0.960135 0.000000
-0.248599 0.544748 0.000000
1.001184 -0.549590 0.000000
-1.310128 0.388223 0.000000
-0.237768 -0.056473 0.000000
0.193928 -0.099031 0.000000
-0.098666 -0.072830 0.000000
-0.103896 -0.057874 0.000000
0.006793 -0.034907 0.000000
0.319284 -0.060526 0.000000
0.155913 -0.045768 0.000000
0.030870 0.008692 0.000000
0.061108 -0.122710 0.000000
0.236791 -0.052982 0.000000
0.053716 -0.081537 0.000000
8.460295 2.421492 0.000000
7.689963 5.435199 0.000000
8.133542 4.317191 0.000000
8.743914 5.596250 0.000000
7.966259 4.351356 0.000000
8.602785 6.062738 0.000000
8.321243 5.375943 0.000000
8.392314 5.902419 0.000000
8.365098 6.027123 0.000000
0.000000 0.000000 0.000000
0.000540 -0.040806 0.000000
0.082687 0.146970 0.000000
-0.036794 -0.288476 0.000000
0.157514 0.408007 0.000000
0.096170 1.336389 0.000000
0.597391 -0.562247 0.000000
0.540623 -1.516054 0.000000
0.923252 -0.539563 0.000000
-0.701102 0.606152 0.000000
0.900836 -0.235115 0.000000
-0.011315 -0.225892 0.000000
0.240881 -0.320666 0.000000
0.204175 0.276325 0.000000
-0.000960 0.243878 0.000000
0.159864 -0.134416 0.000000
0.017581 -0.139704 0.000000
0.001356 -0.141765 0.000000
-0.008690 -0.123291 0.000000
0.102534 -0.076550 0.000000
8.565976 0.048656 0.000000
7.972380 5.093236 0.000000
8.320290 5.363847 0.000000
7.747727 3.686301 0.000000
7.473603 4.994450 0.000000
8.051029 4.914031 0.000000
7.774645 4.665789 0.000000
8.647708 5.362678 0.000000
8.454233 6.027847 0.000000
8.359507 5.907527 0.000000
8.520237 6.090193 0.000000
0.000000 0.000000 0.000000
-0.063030 0.052078 0.000000
0.333323 -0.282499 0.000000
-0.466620 0.657560 0.000000
0.685282 -0.804891 0.000000
0.088609 0.718198 0.000000
-0.474887 0.158395 0.000000
0.096635 0.079915 0.000000
0.525844 0.147989 0.000000
1.116492 0.384696 0.000000
0.000969 -0.304884 0.000000
0.391794 0.236224 0.000000
0.073026 0.065707 0.000000
-0.014344 -0.364418 0.000000
0.005515 -0.111499 0.000000
0.027946 -0.064141 0.000000
-0.065760 -0.224589 0.000000
0.094354 0.040064 0.000000
-0.018626 -0.143515 0.000000
-0.016385 -0.052622 0.000000
0.053560 -0.071625 0.000000
8.922510 2.928145 0.000000
8.376731 3.391493 0.000000
8.396537 5.983576 0.000000
8.106663 5.918255 0.000000
8.483301 5.592990 0.000000
8.162962 4.480848 0.000000
8.187586 5.024131 0.000000
8.625987 6.187783 0.000000
8.237005 5.513034 0.000000
8.250254 5.981722 0.000000
0.000000 0.000000 0.000000
0.027451 -0.048771 0.000000
0.113261 -0.180117 0.000000
0.029357 0.107829 0.000000
0.173935 0.452653 0.000000
0.208303 -0.033182 0.000000
0.170741 -0.060112 0.000000
-0.204490 -0.295773 0.000000
0.016341 -0.386894 0.000000
0.014282 0.832023 0.000000
-0.688627 -0.337807 0.000000
0.277713 -0.329029 0.000000
-0.107474 -0.418178 0.000000
0.051101 -0.075705 0.000000
0.013650 -0.567942 0.000000
0.070508 -0.120360 0.000000
-0.088233 -0.131266 0.000000
-0.107742 -0.067341 0.000000
0.063205 -0.179700 0.000000
-0.080640 -0.091623 0.000000
-0.150167 0.033521 0.000000
8.264867 6.472732 0.000000
8.187248 6.548717 0.000000
8.298667 4.721088 0.000000
7.845481 4.239028 0.000000
7.459618 5.869413 0.000000
8.006856 5.059774 0.000000
8.025192 5.711148 0.000000
8.656925 6.613746 0.000000
8.539443 6.124430 0.000000
8.465073 6.150354 0.000000
0.000000 0.000000 0.000000
0.071818 0.022541 0.000000
-0.038992 0.360496 0.000000
0.284359 -0.430114 0.000000
-0.154198 -0.104815 0.000000
-0.061341 -0.013010 0.000000
0.110857 -0.198859 0.000000
0.969747 -0.126766 0.000000
0.873458 -0.736003 0.000000
0.171735 -0.038082 0.000000
-0.620597 -0.231831 0.000000
-0.274283 0.040077 0.000000
0.322302 -0.056119 0.000000
0.019357 0.362177 0.000000
-0.095448 0.042759 0.000000
0.122420 -0.042372 0.000000
-0.072454 0.009106 0.000000
0.082469 -0.151321 0.000000
0.043145 -0.059864 0.000000
-0.086745 -0.018013 0.000000
-0.020879 -0.065138 0.000000
8.080729 3.531408 0.000000
8.372730 5.769707 0.000000
7.600397 5.873210 0.000000
8.337729 4.264732 0.000000
8.258729 5.459894 0.000000
7.750266 6.162424 0.000000
7.928548 5.535112 0.000000
8.220246 5.494801 0.000000
8.289159 5.846281 0.000000
8.438794 6.117584 0.000000
0.000000 0.000000 0.000000
0.021486 -0.031174 0.000000
0.017147 -0.172379 0.000000
0.336919 0.162387 0.000000
-0.100918 0.407532 0.000000
0.605423 -0.175428 0.000000
-0.404873 0.016037 0.000000
0.033020 0.111250 0.000000
-0.261496 -0.340163 0.000000
0.112080 0.268967 0.000000
0.461983 -0.003809 0.000000
0.020617 -0.378270 0.000000
0.161035 0.046271 0.000000
-0.094723 -0.758731 0.000000
0.116865 -0.285087 0.000000
0.061255 -0.008387 0.000000
-0.064848 -0.383963 0.000000
-0.044320 -0.176828 0.000000
0.008068 -0.133852 0.000000
-0.156655 -0.065239 0.000000
-0.191832 0.017000 0.000000
8.693059 2.938790 0.000000
8.424106 3.514307 0.000000
7.899119 7.579417 0.000000
7.689784 4.676490 0.000000
8.096339 4.856248 0.000000
7.483120 5.403738 0.000000
8.268637 5.672190 0.000000
8.506587 5.479792 0.000000
8.391511 6.035435 0.000000
8.583482 6.192748 0.000000
0.000000 0.000000 0.000000
0.144500 0.085289 0.000000
0.097386 0.080853 0.000000
0.089026 0.137923 0.000000
0.060045 -0.610301 0.000000
0.730401 -0.394622 0.000000
0.031639 -0.879853 0.000000
0.663317 -0.107855 0.000000
0.562454 -0.211164 0.000000
-0.039457 -0.146804 0.000000
0.275818 0.333441 0.000000
-0.078355 -0.297150 0.000000
0.072133 0.446849 0.000000
-0.048610 -0.146022 0.000000
-0.015287 -0.082180 0.000000
-0.034046 0.139306 0.000000
-0.102755 -0.197995 0.000000
-0.155751 -0.035422 0.000000
-0.249882 -0.031474 0.000000
-0.250030 0.003069 0.000000
-0.303611 0.026876 0.000000
7.772204 7.279349 0.000000
8.211309 3.573695 0.000000
8.393830 5.477808 0.000000
8.339987 3.325465 0.000000
8.141711 4.925628 0.000000
8.651800 5.444014 0.000000
8.086826 5.893464 0.000000
8.510318 5.619703 0.000000
8.266816 5.567037 0.000000
8.326795 5.937106 0.000000
0.000000 0.000000 0.000000
0.005834 0.006261 0.000000
0.143696 -0.025287 0.000000
0.272209 -0.080832 0.000000
0.351646 0.422332 0.000000
-0.189499 0.516887 0.000000
0.484932 -0.392210 0.000000
0.001461 0.247160 0.000000
0.067066 0.258004 0.000000
0.310603 0.024059 0.000000
0.043040 -0.530241 0.000000
0.122542 -0.253876 0.000000
-0.212044 -0.249408 0.000000
-0.039896 -0.369708 0.000000
-0.047734 -0.231231 0.000000
-0.078916 -0.191430 0.000000
-0.049137 -0.334971 0.000000
-0.381782 -0.144953 0.000000
0.193963 -0.026220 0.000000
-0.290859 -0.042097 0.000000
-0.205857 -0.035783 0.000000
6.816167 5.844004 0.000000
8.031998 5.235077 0.000000
7.686928 5.500594 0.000000
6.549975 4.791644 0.000000
8.342392 5.340550 0.000000
7.499400 5.432198 0.000000
8.317958 5.484727 0.000000
8.646718 5.980704 0.000000
8.464381 5.906852 0.000000
8.721740 6.149560 0.000000
0.000000 0.000000 0.000000
0.231144 0.068162 0.000000
0.122021 0.059126 0.000000
0.326598 -0.006414 0.000000
-0.222164 0.011002 0.000000
0.736528 -0.092941 0.000000
0.291356 0.363445 0.000000
0.272908 -0.184317 0.000000
0.322118 -0.768867 0.000000
0.392623 -0.031172 0.000000
-0.083007 -0.304641 0.000000
-0.141733 -0.191987 0.000000
-0.030119 -0.138342 0.000000
0.262886 -0.113662 0.000000
-0.106724 -0.036082 0.000000
0.069615 0.059810 0.000000
-0.146574 0.097715 0.000000
-0.200678 -0.175115 0.000000
0.191967 -0.032733 0.000000
-0.289953 0.044651 0.000000
-0.334318 0.087338 0.000000
8.239603 3.753473 0.000000
8.464964 5.330092 0.000000
8.586611 4.497840 0.000000
7.801594 4.981801 0.000000
8.249855 5.243071 0.000000
7.709752 5.252918 0.000000
8.184064 5.843419 0.000000
7.826819 5.815032 0.000000
8.490126 5.902243 0.000000
8.598758 6.088710 0.000000
0.000000 0.000000 0.000000
0.092025 0.047126 0.000000
0.103491 0.014493 0.000000
0.353684 -0.053558 0.000000
0.231853 -0.341340 0.000000
-0.053190 0.373735 0.000000
0.084475 0.139372 0.000000
0.256244 -0.881630 0.000000
0.043619 -0.173531 0.000000
0.172370 -0.019250 0.000000
-0.163865 -0.355352 0.000000
-0.154270 -0.070685 0.000000
0.619602 0.448459 0.000000
0.384061 0.074105 0.000000
-0.344783 -0.251427 0.000000
-0.295707 -0.186680 0.000000
-0.535454 -0.025785 0.000000
0.041703 -0.135818 0.000000
-0.091255 0.199893 0.000000
-0.295607 0.023814 0.000000
-0.253665 0.019980 0.000000
8.771423 2.668971 0.000000
7.820301 4.828704 0.000000
7.614312 5.083360 0.000000
8.437422 4.918377 0.000000
7.777701 5.071399 0.000000
7.833105 4.828579 0.000000
7.606223 5.867594 0.000000
8.310277 5.962205 0.000000
8.532711 5.991976 0.000000
8.659682 5.983716 0.000000
0.000000 0.000000 0.000000
0.189790 0.099374 0.000000
0.342926 0.030350 0.000000
0.134098 0.297050 0.000000
0.058602 0.043363 0.000000
0.587167 -0.180447 0.000000
0.205078 -0.217862 0.000000
0.037405 1.129719 0.000000
0.031671 -1.071326 0.000000
0.400760 -0.412526 0.000000
0.287971 0.034954 0.000000
0.922169 0.187055 0.000000
-0.345498 -0.806421 0.000000
-0.410494 0.128921 0.000000
0.175153 -0.125928 0.000000
-0.009627 1.302351 0.000000
-0.084856 -0.397954 0.000000
-0.192859 -0.029990 0.000000
-0.437344 -0.256546 0.000000
0.028308 0.189367 0.000000
-0.285199 0.034436 0.000000
7.288963 2.906322 0.000000
7.200476 4.028661 0.000000
9.072553 6.381907 0.000000
8.126237 4.699673 0.000000
7.629600 4.141221 0.000000
7.535984 5.337236 0.000000
7.773858 5.443714 0.000000
7.812471 5.559016 0.000000
8.407666 5.972537 0.000000
8.505797 5.993692 0.000000
0.000000 0.000000 0.000000
0.317926 0.089027 0.000000
-0.060998 0.019889 0.000000
0.364019 -0.334160 0.000000
0.254417 -0.155238 0.000000
-0.054440 -0.000336 0.000000
0.071419 0.111562 0.000000
0.380236 0.108308 0.000000
-0.101396 0.215292 0.000000
0.097015 0.329013 0.000000
-0.151312 -0.408732 0.000000
-0.116206 -0.306539 0.000000
-0.439055 -0.047368 0.000000
0.470358 0.742714 0.000000
0.272549 -0.370771 0.000000
-1.387288 0.032111 0.000000
0.311452 -1.079811 0.000000
-1.175105 0.743584 0.000000
-0.145778 0.147091 0.000000
-0.332554 0.197221 0.000000
9.202113 0.081349 0.000000
-0.181216 -0.009414 0.000000
9.491071 2.657696 0.000000
8.759311 6.321171 0.000000
8.611067 5.388723 0.000000
7.425105 4.625791 0.000000
7.951786 5.355655 0.000000
8.189937 4.873322 0.000000
7.746843 5.490129 0.000000
8.258146 5.808253 0.000000
8.447154 5.946702 0.000000
0.000000 0.000000 0.000000
0.118116 0.108130 0.000000
0.545476 0.216824 0.000000
-0.039334 0.376941 0.000000
0.435926 -0.114472 0.000000
0.134135 0.192253 0.000000
0.497009 -0.749431 0.000000
-0.034410 0.223490 0.000000
0.185602 -0.888051 0.000000
0.449745 -0.485941 0.000000
0.294223 -0.114352 0.000000
0.884857 0.525094 0.000000
-0.384630 -0.546483 0.000000
-0.114540 -0.580247 0.000000
0.140996 -0.574182 0.000000
-0.532702 1.427894 0.000000
0.592719 -1.076933 0.000000
0.664944 -0.830084 0.000000
-0.016629 0.538905 0.000000
0.643107 0.249515 0.000000
-0.288005 0.041437 0.000000
10.251763 0.128300 0.000000
7.387195 4.932400 0.000000
6.430497 2.762543 0.000000
7.491485 4.571160 0.000000
7.556701 4.429951 0.000000
7.702909 5.248634 0.000000
7.566158 5.655750 0.000000
8.395223 5.668163 0.000000
7.799003 5.710883 0.000000
8.376242 5.906936 0.000000
0.000000 0.000000 0.000000
0.377220 0.127284 0.000000
-0.046042 -0.164914 0.000000
0.310058 -0.130336 0.000000
0.104013 -0.347686 0.000000
0.239520 0.119193 0.000000
-0.409788 -0.004973 0.000000
0.643018 -0.091424 0.000000
-0.285986 0.387636 0.000000
0.060816 0.179352 0.000000
-0.592801 -0.000817 0.000000
0.074131 -0.786039 0.000000
0.516418 -0.174381 0.000000
-0.312797 0.738289 0.000000
-0.227514 0.219536 0.000000
-0.898136 1.333460 0.000000
-0.352555 -1.508421 0.000000
-0.492226 -0.345223 0.000000
0.832925 -0.434510 0.000000
-1.188965 0.558551 0.000000
0.232296 0.102333 0.000000
8.802844 -0.054617 0.000000
8.560758 -0.077903 0.000000
8.060920 3.733774 0.000000
7.955872 4.433013 0.000000
6.933413 3.917954 0.000000
8.735286 5.368161 0.000000
8.630464 5.517772 0.000000
7.484683 5.725314 0.000000
7.669563 5.754451 0.000000
8.399502 5.987345 0.000000
0.000000 0.000000 0.000000
0.279991 0.154088 0.000000
0.126859 0.087220 0.000000
0.698480 0.320413 0.000000
-0.408347 0.309635 0.000000
0.971233 -0.442638 0.000000
-0.334334 0.286284 0.000000
0.349992 -0.453399 0.000000
-0.243565 -0.424604 0.000000
0.575417 -0.500162 0.000000
-0.103473 -0.211376 0.000000
-0.148607 0.278817 0.000000
-0.258032 0.160461 0.000000
-0.456184 1.438626 0.000000
-0.125785 1.577596 0.000000
-0.104275 -0.485352 0.000000
-1.695658 -0.176016 0.000000
-0.942752 3.173596 0.000000
2.812746 -2.234879 0.000000
-0.807199 -0.655033 0.000000
-1.252871 -0.259146 0.000000
12.234034 4.016600 0.000000
3.465135 -1.514083 0.000000
9.505205 4.750599 0.000000
5.378517 3.249626 0.000000
8.226888 4.984817 0.000000
7.069640 4.934820 0.000000
7.916721 5.885580 0.000000
7.633917 5.770415 0.000000
7.493728 5.847687 0.000000
8.067976 6.020702 0.000000
0.000000 0.000000 0.000000
0.167382 0.137623 0.000000
0.608518 0.165303 0.000000
-0.557840 -0.399874 0.000000
0.771569 -0.247541 0.000000
-0.114606 -0.196567 0.000000
0.181354 -0.239308 0.000000
0.203828 0.108489 0.000000
0.292626 0.214570 0.000000
-0.073232 0.200942 0.000000
0.219026 -0.033280 0.000000
-0.116678 0.094323 0.000000
-0.244207 -0.415458 0.000000
-0.509331 -0.941324 0.000000
-0.411608 -0.897631 0.000000
-0.759637 -0.091601 0.000000
-0.324351 0.168287 0.000000
0.694603 -1.115708 0.000000
-0.757677 -0.981183 0.000000
-1.003176 4.832144 0.000000
1.472580 -0.411932 0.000000
7.674060 0.245400 0.000000
9.315015 2.977134 0.000000
6.734885 6.099553 0.000000
6.724942 5.777340 0.000000
9.746268 6.380847 0.000000
7.209528 5.742319 0.000000
8.508178 5.628209 0.000000
7.662844 5.632155 0.000000
7.507768 5.932449 0.000000
8.156952 6.156177 0.000000
0.000000 0.000000 0.000000
0.307508 0.110102 0.000000
0.121572 -0.101984 0.000000
0.295663 0.283385 0.000000
0.573452 0.470987 0.000000
-0.674707 0.054359 0.000000
1.380969 -0.048965 0.000000
-0.836323 -0.288351 0.000000
0.297333 -0.704765 0.000000
-0.026536 -0.093765 0.000000
0.057296 -0.033490 0.000000
-0.091317 -0.278925 0.000000
0.326018 0.767512 0.000000
0.048444 -0.424500 0.000000
-0.619355 0.493733 0.000000
-0.512567 -0.223271 0.000000
-0.236596 0.465612 0.000000
-0.441102 1.441332 0.000000
-0.452339 1.231216 0.000000
0.558149 -0.485682 0.000000
-0.884923 -1.609397 0.000000
8.347231 5.480979 0.000000
8.298359 0.054821 0.000000
6.734160 3.688315 0.000000
7.602783 6.128305 0.000000
6.622944 2.622510 0.000000
8.164501 6.032821 0.000000
7.698760 5.584177 0.000000
8.114326 5.816448 0.000000
7.762262 5.689856 0.000000
8.152662 5.742906 0.000000
0.000000 0.000000 0.000000
0.284230 0.169837 0.000000
0.107384 0.132555 0.000000
0.545473 0.017209 0.000000
-0.689137 -0.509482 0.000000
0.797048 -0.551832 0.000000
-0.185580 0.083410 0.000000
0.610322 0.668359 0.000000
0.273949 -0.439859 0.000000
-0.141680 0.208090 0.000000
0.581313 0.203285 0.000000
-0.295954 -0.666745 0.000000
0.199237 -0.129169 0.000000
-0.319592 0.576556 0.000000
-0.215370 0.206673 0.000000
0.164324 -0.662069 0.000000
-0.624970 -0.637522 0.000000
-0.924514 -1.843047 0.000000
0.372682 -3.088020 0.000000
-1.804171 -5.313138 0.000000
-3.128233 -4.510486 0.000000
6.847276 3.927310 0.000000
8.397382 0.310867 0.000000
0.942032 4.065204 0.000000
7.511722 1.141879 0.000000
6.538964 3.020097 0.000000
8.044181 5.573048 0.000000
7.658670 5.671353 0.000000
7.652187 6.045224 0.000000
7.215560 5.869693 0.000000
8.207356 6.142616 0.000000
0.000000 0.000000 0.000000
0.277342 0.187696 0.000000
0.042767 0.076663 0.000000
0.357177 -0.109065 0.000000
0.370827 0.661827 0.000000
0.081059 0.717413 0.000000
-0.113813 -1.330821 0.000000
0.439093 0.307947 0.000000
-0.552077 -1.712081 0.000000
-0.094898 0.325123 0.000000
0.138785 -0.836661 0.000000
-0.026861 -0.020897 0.000000
-0.877448 0.334306 0.000000
0.031150 -1.941319 0.000000
0.122424 -0.175711 0.000000
-0.567119 -0.709371 0.000000
2.498888 1.474097 0.000000
-0.163686 1.187602 0.000000
2.756109 -3.116436 0.000000
-0.883014 1.729427 0.000000
6.690504 -2.640776 0.000000
3.394741 -1.394805 0.000000
6.485394 2.577579 0.000000
2.897739 3.756390 0.000000
4.746231 4.104532 0.000000
6.326762 1.651111 0.000000
7.621187 5.308321 0.000000
8.466604 6.150791 0.000000
8.269638 5.691772 0.000000
7.859552 6.158168 0.000000
8.468128 5.925738 0.000000
0.000000 0.000000 0.000000
0.236356 0.285079 0.000000
0.190235 -0.279632 0.000000
0.141602 0.447132 0.000000
-0.122863 -0.707757 0.000000
0.498664 -0.538230 0.000000
-0.066584 0.600069 0.000000
0.713825 0.530587 0.000000
-0.333801 0.880978 0.000000
1.478420 0.223551 0.000000
-1.425225 0.261525 0.000000
1.007065 -0.706597 0.000000
-0.618152 0.793965 0.000000
-0.479280 -0.652460 0.000000
-0.568517 0.810927 0.000000
-0.194383 -2.054964 0.000000
0.516160 -0.340375 0.000000
3.595162 -1.318826 0.000000
-0.477528 -2.310417 0.000000
2.165578 -0.387508 0.000000
0.481890 2.705092 0.000000
0.454645 -1.749539 0.000000
7.481222 2.555727 0.000000
5.532226 2.298142 0.000000
7.903083 4.706218 0.000000
7.142839 1.557050 0.000000
6.600085 4.481341 0.000000
8.943298 4.322579 0.000000
6.577907 5.808638 0.000000
8.038967 6.288469 0.000000
8.227003 6.170950 0.000000
0.000000 0.000000 0.000000
0.191709 0.229853 0.000000
0.179516 0.557374 0.000000
0.252078 -0.337788 0.000000
-0.191466 0.500231 0.000000
0.388676 0.788858 0.000000
-0.063698 -0.325146 0.000000
0.491021 -0.742894 0.000000
-0.309577 -0.036464 0.000000
-0.209453 -0.818970 0.000000
0.103838 0.126187 0.000000
0.176437 -0.415982 0.000000
-0.495824 -0.520843 0.000000
0.607062 -0.779332 0.000000
0.322192 0.164970 0.000000
-0.010633 -1.213957 0.000000
0.633184 1.576470 0.000000
-0.304115 0.818871 0.000000
-4.177585 -2.565431 0.000000
-0.568031 -1.549418 0.000000
1.773278 0.598064 0.000000
0.789924 -1.618242 0.000000
6.464035 1.448614 0.000000
6.810087 1.549902 0.000000
7.100144 2.697564 0.000000
4.426021 2.709688 0.000000
5.023328 2.564154 0.000000
8.582392 5.921818 0.000000
7.877081 6.212074 0.000000
7.511770 6.316005 0.000000
7.674928 5.855072 0.000000
0.000000 0.000000 0.000000
0.286841 0.193738 0.000000
-0.015810 -0.105611 0.000000
0.483332 -0.295801 0.000000
0.383491 -0.051633 0.000000
0.222743 -0.798223 0.000000
0.029936 0.059007 0.000000
0.177789 0.035597 0.000000
0.013175 0.035735 0.000000
0.314945 0.316790 0.000000
0.459042 0.156325 0.000000
0.181492 -0.018532 0.000000
0.051496 0.929435 0.000000
-0.578052 -0.038820 0.000000
-0.454692 -0.434237 0.000000
0.717659 -0.600013 0.000000
-2.383466 0.199939 0.000000
-3.253560 -1.670250 0.000000
0.199466 -2.944903 0.000000
1.918490 -1.538035 0.000000
-0.181679 -1.178165 0.000000
3.187416 1.439968 0.000000
4.546149 -0.661268 0.000000
2.875128 -0.677200 0.000000
6.875474 4.321437 0.000000
3.977611 3.433995 0.000000
5.624882 2.966381 0.000000
4.671359 2.350962 0.000000
4.515437 4.697507 0.000000
7.987318 5.520911 0.000000
7.856622 5.874083 0.000000
0.000000 0.000000 0.000000
0.067470 0.318369 0.000000
0.270431 0.460439 0.000000
-0.160709 0.661382 0.000000
0.500947 -0.310653 0.000000
-0.056102 0.020667 0.000000
0.693320 1.044513 0.000000
-0.519456 0.087070 0.000000
1.065518 -0.300544 0.000000
-0.970499 0.132062 0.000000
-0.624668 -0.223521 0.000000
0.870863 0.046801 0.000000
0.045033 0.249192 0.000000
0.188404 -0.859503 0.000000
-0.693935 -0.305045 0.000000
1.693165 -0.107451 0.000000
0.825929 -0.119822 0.000000
1.129276 -0.260432 0.000000
2.311623 -2.664126 0.000000
0.872690 -0.254495 0.000000
1.675971 -1.075802 0.000000
2.292667 0.202889 0.000000
-0.596975 0.507722 0.000000
5.295272 2.293649 0.000000
5.052157 2.195529 0.000000
5.242795 4.251005 0.000000
5.143734 2.735160 0.000000
5.206970 3.230936 0.000000
8.937571 7.169363 0.000000
7.348768 6.892808 0.000000
7.746557 5.904003 0.000000
0.000000 0.000000 0.000000
0.048957 0.214020 0.000000
0.171007 -0.268281 0.000000
-0.161545 -0.006590 0.000000
0.579729 0.637497 0.000000
-0.345250 -0.059158 0.000000
0.484160 -0.689883 0.000000
0.292237 -1.792156 0.000000
0.806388 -0.048929 0.000000
0.582975 0.105348 0.000000
-0.083944 -0.283222 0.000000
0.192593 0.297027 0.000000
-0.202060 0.117332 0.000000
0.364413 0.009428 0.000000
0.746971 -0.007564 0.000000
-0.425834 -0.520394 0.000000
0.209646 -0.503054 0.000000
-0.194620 -0.695748 0.000000
0.372278 -1.841294 0.000000
-0.361665 0.664805 0.000000
1.554292 0.045782 0.000000
0.747431 -1.342731 0.000000
3.332371 2.634010 0.000000
2.684959 0.795666 0.000000
4.666873 2.727275 0.000000
5.898795 3.645250 0.000000
6.168405 3.097725 0.000000
5.122021 4.162125 0.000000
5.958811 3.834268 0.000000
6.927679 4.213127 0.000000
7.632710 5.936152 0.000000
0.000000 0.000000 0.000000
0.088193 0.367006 0.000000
-0.186939 0.666346 0.000000
0.877531 -0.056020 0.000000
-0.665503 0.276684 0.000000
0.692918 -0.340878 0.000000
-0.012576 1.521687 0.000000
0.816424 -2.013033 0.000000
0.221326 -0.470535 0.000000
-0.272904 -0.057432 0.000000
0.097862 -0.132428 0.000000
-0.308942 0.006667 0.000000
0.530614 0.139475 0.000000
-0.108768 -0.227068 0.000000
0.546339 -0.140877 0.000000
0.376226 0.252590 0.000000
0.185925 -0.433319 0.000000
-0.228620 -0.606219 0.000000
1.601635 -0.350723 0.000000
0.599381 -1.183923 0.000000
0.520617 0.344286 0.000000
-1.447428 0.034169 0.000000
1.478910 -1.852554 0.000000
1.754939 0.891005 0.000000
3.835553 0.153565 0.000000
3.734418 3.022784 0.000000
4.847240 5.005507 0.000000
4.818986 3.188316 0.000000
2.899040 3.935164 0.000000
6.194048 4.727495 0.000000
7.586469 6.009327 0.000000
0.000000 0.000000 0.000000
-0.148391 0.225911 0.000000
0.319955 -0.439853 0.000000
-0.279187 0.309130 0.000000
0.178579 0.228747 0.000000
-0.320901 -0.009886 0.000000
-0.282891 1.437792 0.000000
0.112644 0.571762 0.000000
0.599223 0.150611 0.000000
-0.183568 0.019485 0.000000
0.448730 0.069779 0.000000
0.198470 0.011841 0.000000
0.154430 0.282715 0.000000
0.739727 0.316117 0.000000
-0.284018 -0.149304 0.000000
0.070651 -0.193083 0.000000
0.544471 0.162390 0.000000
-0.025382 0.465515 0.000000
0.339851 0.322364 0.000000
0.871050 -0.371161 0.000000
1.844893 -0.519935 0.000000
1.487213 0.313736 0.000000
2.219712 -1.478397 0.000000
1.706341 -0.711649 0.000000
2.670492 1.689103 0.000000
2.384090 2.037794 0.000000
3.798277 2.596341 0.000000
4.984543 4.239102 0.000000
6.449347 4.601701 0.000000
2.337922 2.888372 0.000000
7.730584 6.558144 0.000000
0.000000 0.000000 0.000000
0.022350 0.288291 0.000000
-0.029238 0.753044 0.000000
-0.045861 -0.174466 0.000000
0.515596 0.257937 0.000000
-0.144167 0.384811 0.000000
0.930096 -0.560469 0.000000
-0.228035 0.879185 0.000000
0.200042 -0.357363 0.000000
-0.094058 0.559195 0.000000
0.352903 -1.083677 0.000000
0.275270 0.373642 0.000000
-0.225108 -0.048082 0.000000
0.125304 -0.029787 0.000000
0.777614 -0.062215 0.000000
-0.182598 0.075769 0.000000
-0.270055 0.131888 0.000000
0.830678 -0.205383 0.000000
0.062886 -0.067750 0.000000
0.093316 0.336988 0.000000
0.056519 -0.034876 0.000000
1.530307 -0.314061 0.000000
0.682392 0.038317 0.000000
0.310804 1.457424 0.000000
1.968734 2.619179 0.000000
2.670224 3.321610 0.000000
4.096935 3.519741 0.000000
5.006657 3.804739 0.000000
8.403636 5.231705 0.000000
2.932620 3.810491 0.000000
4.596687 4.323575 0.000000
0.000000 0.000000 0.000000
-0.142419 0.275550 0.000000
0.024112 -0.167325 0.000000
0.053589 0.414515 0.000000
-0.019908 0.150227 0.000000
0.203065 -0.054178 0.000000
-0.199672 1.031180 0.000000
0.080585 -1.032366 0.000000
0.129888 1.069068 0.000000
0.457172 -0.166108 0.000000
0.277865 -0.460967 0.000000
-0.076325 -0.000012 0.000000
0.293119 0.058188 0.000000
0.804363 0.257753 0.000000
0.092588 0.016901 0.000000
-0.402098 0.319195 0.000000
0.481206 0.183377 0.000000
0.455800 -0.707074 0.000000
0.620667 0.124639 0.000000
1.353185 -0.321591 0.000000
1.163446 -1.262597 0.000000
0.393534 1.296048 0.000000
1.680671 1.717591 0.000000
0.976051 -0.952722 0.000000
1.548236 -3.071072 0.000000
1.268868 -0.492163 0.000000
2.553649 0.218950 0.000000
4.478945 2.423263 0.000000
3.855673 2.485386 0.000000
3.215898 3.720895 0.000000
5.335351 3.341140 0.000000
0.000000 0.000000 0.000000
0.020381 0.260354 0.000000
-0.234110 0.388414 0.000000
0.246525 0.003840 0.000000
-0.177419 0.504195 0.000000
0.247526 -0.037529 0.000000
0.260247 0.175077 0.000000
0.661080 0.559212 0.000000
0.593012 0.449435 0.000000
-0.846823 -1.631967 0.000000
1.123052 1.191056 0.000000
0.194814 0.104581 0.000000
0.492686 -0.064020 0.000000
-0.042163 0.312954 0.000000
-0.111274 0.123896 0.000000
-0.296139 0.194022 0.000000
0.323034 0.261817 0.000000
0.017573 0.380373 0.000000
0.231147 0.109736 0.000000
0.604646 0.031676 0.000000
0.865450 1.096294 0.000000
2.598588 2.649288 0.000000
2.380892 1.499957 0.000000
-1.275657 -1.150391 0.000000
0.131455 3.375904 0.000000
2.585533 1.331852 0.000000
1.078858 1.766241 0.000000
0.861625 3.762931 0.000000
1.976727 1.356747 0.000000
5.881340 5.563457 0.000000
5.274374 3.211657 0.000000
0.000000 0.000000 0.000000
-0.194702 0.245997 0.000000
0.070101 0.039338 0.000000
-0.183388 0.286928 0.000000
0.098814 0.024532 0.000000
-0.014772 0.491656 0.000000
0.176147 -0.179596 0.000000
-0.108681 0.455319 0.000000
0.417399 0.547737 0.000000
0.193067 0.282138 0.000000
-0.014034 0.177310 0.000000
0.621877 -0.018385 0.000000
0.264732 0.207196 0.000000
0.254473 0.046535 0.000000
0.439670 -0.119937 0.000000
0.258333 0.796447 0.000000
0.856047 -0.263690 0.000000
0.164301 -0.424524 0.000000
0.264308 0.612795 0.000000
0.478940 0.288993 0.000000
-1.340519 -2.903718 0.000000
1.437789 0.535570 0.000000
-0.987427 -2.963040 0.000000
1.068685 -0.070401 0.000000
0.613257 -0.290455 0.000000
-0.486424 -1.636781 0.000000
2.022037 2.341580 0.000000
0.152026 -1.063991 0.000000
2.803796 1.717612 0.000000
0.938478 0.407601 0.000000
5.014845 2.642330 0.000000
0.000000 0.000000 0.000000
-0.067134 0.209926 0.000000
-0.120484 0.165929 0.000000
0.015708 0.235403 0.000000
0.164483 0.368635 0.000000
-0.171998 -0.049655 0.000000
0.275726 0.219492 0.000000
0.040706 -0.532988 0.000000
0.386261 -0.035062 0.000000
0.120093 -0.151791 0.000000
-0.094646 0.032053 0.000000
0.003978 0.008195 0.000000
-0.284033 0.394814 0.000000
0.919844 -0.384651 0.000000
0.824311 0.909330 0.000000
0.071729 -0.571247 0.000000
-0.103105 -0.066628 0.000000
0.763099 0.342335 0.000000
0.560095 0.147288 0.000000
0.908918 0.189848 0.000000
0.787952 0.965392 0.000000
1.108104 0.509081 0.000000
0.871123 0.646706 0.000000
1.619252 -0.782715 0.000000
0.751575 0.619144 0.000000
3.305775 -3.533309 0.000000
1.732827 3.457597 0.000000
2.914218 2.264915 0.000000
2.697000 2.164487 0.000000
2.964074 1.421151 0.000000
4.338071 2.135835 0.000000
0.000000 0.000000 0.000000
-0.114905 0.177786 0.000000
-0.089943 0.271871 0.000000
-0.032377 0.045604 0.000000
-0.078134 0.285855 0.000000
-0.183984 0.147700 0.000000
-0.108811 0.796012 0.000000
-0.650156 0.602694 0.000000
-0.022640 0.091049 0.000000
0.243167 0.122230 0.000000
0.294581 0.258415 0.000000
0.311077 -0.092370 0.000000
0.215463 0.050148 0.000000
-0.108011 0.426727 0.000000
-0.033344 0.406216 0.000000
0.354725 -0.295150 0.000000
0.242047 -0.235248 0.000000
0.163314 0.054824 0.000000
0.080174 -0.232984 0.000000
-0.260550 -0.165066 0.000000
1.049140 -0.749288 0.000000
-0.549975 -0.341072 0.000000
1.046818 -1.588280 0.000000
0.075336 -0.153825 0.000000
1.367435 3.570931 0.000000
2.494424 -0.002286 0.000000
-1.236716 -0.277326 0.000000
1.966910 -1.486982 0.000000
0.618459 0.440899 0.000000
1.765111 0.527342 0.000000
3.647901 1.778151 0.000000
0.000000 0.000000 0.000000
-0.135337 0.155084 0.000000
0.044864 0.143237 0.000000
-0.187280 -0.000821 0.000000
-0.332884 0.205546 0.000000
0.331818 0.039842 0.000000
-0.256721 -0.168765 0.000000
0.909915 -0.530115 0.000000
0.035830 0.117728 0.000000
0.142654 -0.141690 0.000000
-0.016543 0.202174 0.000000
0.439026 0.008597 0.000000
0.128879 0.394866 0.000000
0.569242 0.016473 0.000000
0.251548 0.455775 0.000000
0.518824 0.759317 0.000000
-0.279034 -0.308583 0.000000
0.621154 -0.220038 0.000000
1.430907 0.369409 0.000000
-0.143326 0.306345 0.000000
-0.498223 0.767206 0.000000
1.245848 -0.153055 0.000000
1.425403 2.956257 0.000000
1.507531 0.050615 0.000000
-1.272786 -1.676453 0.000000
-1.046853 3.492404 0.000000
1.526523 -1.976441 0.000000
-0.374057 -0.108079 0.000000
2.331512 0.569201 0.000000
1.490215 0.265420 0.000000
3.007555 1.384692 0.000000
0.000000 0.000000 0.000000
0.052773 0.110545 0.000000
-0.382099 -0.034839 0.000000
0.140633 -0.245145 0.000000
-0.133346 -0.306143 0.000000
-0.054120 0.940899 0.000000
0.070395 0.065707 0.000000
0.295569 -0.049825 0.000000
0.050813 0.237953 0.000000
0.036760 0.371294 0.000000
0.139562 0.039847 0.000000
-0.003803 0.076646 0.000000
-0.760024 0.301369 0.000000
0.942379 -0.381674 0.000000
0.743204 -0.133630 0.000000
0.592240 -0.114341 0.000000
1.069445 0.133887 0.000000
0.505182 0.419737 0.000000
0.226581 0.187170 0.000000
0.238387 -0.504950 0.000000
0.354824 0.113277 0.000000
-0.391172 -0.322728 0.000000
1.327363 -0.182376 0.000000
-0.877915 -2.081146 0.000000
-1.099307 0.998061 0.000000
0.814200 -1.122848 0.000000
0.975813 2.361440 0.000000
0.005125 -0.500303 0.000000
1.112434 0.112902 0.000000
1.363732 0.041782 0.000000
2.311340 0.985804 0.000000
0.000000 0.000000 0.000000
-0.061382 0.127218 0.000000
-0.061538 0.279587 0.000000
0.164383 0.482801 0.000000
-0.292338 0.523807 0.000000
0.103786 0.335491 0.000000
0.045389 -0.405473 0.000000
-0.061108 0.239171 0.000000
-0.071336 0.310117 0.000000
-0.230642 0.273732 0.000000
0.175183 -0.430286 0.000000
0.557882 0.231912 0.000000
0.164034 0.584739 0.000000
-0.274254 -0.031037 0.000000
-0.039121 -0.444880 0.000000
-0.222442 0.502316 0.000000
-0.142116 -0.328196 0.000000
-0.143398 -0.740186 0.000000
0.824826 -1.152847 0.000000
1.022564 -0.252744 0.000000
-0.484970 -0.913812 0.000000
0.865889 0.742339 0.000000
0.632378 -1.543413 0.000000
0.877961 -0.892948 0.000000
0.462349 -1.392609 0.000000
1.021651 -0.786982 0.000000
-0.607858 -0.995034 0.000000
2.025865 0.445783 0.000000
1.820223 0.517592 0.000000
0.397240 -0.485113 0.000000
1.815849 0.707424 0.000000
0.000000 0.000000 0.000000
-0.009813 0.100477 0.000000
-0.091862 -0.007651 0.000000
-0.048402 0.007050 0.000000
0.110361 0.071442 0.000000
0.006214 0.066222 0.000000
-0.283269 0.339693 0.000000
-0.249119 -0.126179 0.000000
0.237246 0.160068 0.000000
0.460295 -0.055755 0.000000
-0.358271 0.490243 0.000000
-0.017868 -0.002833 0.000000
-0.134933 -0.547861 0.000000
0.225399 -0.057778 0.000000
0.244552 0.503942 0.000000
0.759274 -0.337859 0.000000
0.730697 -0.222362 0.000000
-0.203680 0.691486 0.000000
-0.133433 0.562867 0.000000
-0.043692 0.175114 0.000000
1.504169 0.264668 0.000000
0.890894 1.598061 0.000000
0.685333 0.450258 0.000000
0.299816 -0.002407 0.000000
0.075640 0.297997 0.000000
1.016292 1.228139 0.000000
-0.480743 0.016940 0.000000
1.525670 -2.169252 0.000000
-0.085872 -1.210348 0.000000
0.264040 -0.130648 0.000000
1.311283 0.261185 0.000000
0.000000 0.000000 0.000000
-0.075218 0.050194 0.000000
0.089944 0.383629 0.000000
0.129813 0.180176 0.000000
0.028546 -0.182083 0.000000
-0.289963 0.237966 0.000000
-0.153887 0.066536 0.000000
-0.015274 0.269490 0.000000
-0.072508 0.071297 0.000000
-0.064717 -0.061119 0.000000
0.788970 -0.577829 0.000000
0.442933 0.193374 0.000000
-0.044065 0.336255 0.000000
0.058533 0.352276 0.000000
-0.260696 0.012180 0.000000
0.421051 -0.114281 0.000000
-0.005518 0.298944 0.000000
0.407050 -0.346417 0.000000
0.226259 0.747714 0.000000
0.429379 -0.827640 0.000000
0.628142 1.745616 0.000000
0.557239 -1.248995 0.000000
-0.187642 0.168656 0.000000
0.488017 0.673573 0.000000
-0.067058 -0.681643 0.000000
0.942557 0.442503 0.000000
0.151872 -1.562887 0.000000
0.327751 2.157824 0.000000
0.032254 -1.591470 0.000000
0.575935 -0.671634 0.000000
0.953233 -0.124010 0.000000
0.000000 0.000000 0.000000
-0.021623 0.082475 0.000000
-0.139730 -0.075719 0.000000
0.214178 -0.548519 0.000000
0.656019 -0.690750 0.000000
0.307753 0.036396 0.000000
0.158386 -0.096906 0.000000
-0.122140 0.180778 0.000000
0.260884 -0.396247 0.000000
0.202207 -0.004901 0.000000
-0.549968 0.381834 0.000000
-0.093279 0.501607 0.000000
0.263352 -0.191217 0.000000
0.491579 -0.381657 0.000000
-0.237616 -0.112710 0.000000
0.457904 -0.197257 0.000000
0.051482 -0.419149 0.000000
0.368102 -0.236367 0.000000
0.550845 -0.450528 0.000000
1.220317 -0.891984 0.000000
-0.078328 -0.842527 0.000000
0.542251 -0.330230 0.000000
0.722892 -0.798278 0.000000
0.252480 -0.821433 0.000000
0.594990 -1.165966 0.000000
0.480284 -0.600123 0.000000
-0.413951 -0.498016 0.000000
1.092848 -0.152385 0.000000
1.932867 0.128037 0.000000
0.204375 -0.783599 0.000000
0.462738 -0.231849 0.000000
0.000000 0.000000 0.000000
-0.051235 0.022054 0.000000
0.148166 0.739512 0.000000
-0.404280 0.877967 0.000000
-0.131002 0.021926 0.000000
-0.317864 0.568309 0.000000
0.218805 0.079151 0.000000
-0.074517 0.332682 0.000000
-0.333233 0.552438 0.000000
0.499221 -0.272840 0.000000
0.192436 -0.123517 0.000000
-0.107431 -0.237635 0.000000
0.493633 -0.303713 0.000000
0.494601 0.375076 0.000000
0.287311 -0.303326 0.000000
0.607323 -0.511963 0.000000
0.294945 -0.193414 0.000000
0.633617 -0.431603 0.000000
-0.162824 -0.118359 0.000000
0.506004 0.691344 0.000000
0.140248 -0.439744 0.000000
0.579955 -0.043578 0.000000
-0.097822 0.360768 0.000000
1.253293 -0.323884 0.000000
0.529341 -0.460826 0.000000
0.084403 -0.717356 0.000000
0.994863 -0.406342 0.000000
-0.514447 -1.539592 0.000000
0.193246 -0.693604 0.000000
0.000265 -0.326563 0.000000
0.317371 -0.396004 0.000000
0.000000 0.000000 0.000000
-0.112544 0.084964 0.000000
-0.232197 -0.351707 0.000000
0.443267 -0.009467 0.000000
-0.216200 0.562271 0.000000
-0.199904 -0.279496 0.000000
0.215970 0.200395 0.000000
-0.144736 0.429689 0.000000
0.125574 -0.119481 0.000000
0.306531 -0.207548 0.000000
-0.330238 0.258632 0.000000
0.719108 0.057207 0.000000
0.767219 0.246859 0.000000
0.272185 -0.352599 0.000000
-0.408242 -0.783338 0.000000
-0.229884 0.441710 0.000000
0.539098 0.067592 0.000000
0.568319 -1.122332 0.000000
-0.283202 -0.403408 0.000000
0.114777 -0.120568 0.000000
-0.257497 -0.413266 0.000000
0.806151 -0.885960 0.000000
0.357183 -0.534506 0.000000
0.163858 -1.108578 0.000000
0.582703 0.204594 0.000000
1.521451 -0.402358 0.000000
-0.395584 -1.133686 0.000000
0.888743 -0.353472 0.000000
-0.362497 -0.812036 0.000000
0.524863 -0.704574 0.000000
0.165447 -0.438111 0.000000
0.000000 0.000000 0.000000
-0.139616 0.136477 0.000000
0.299377 0.091845 0.000000
-1.016236 0.440055 0.000000
1.057642 0.159532 0.000000
0.040457 0.610588 0.000000
0.295803 -0.114749 0.000000
0.178837 -0.366923 0.000000
0.195305 0.421643 0.000000
0.686370 0.142971 0.000000
0.418750 -0.183859 0.000000
0.332721 0.323984 0.000000
-0.454172 -0.258787 0.000000
0.355003 -0.147766 0.000000
0.037951 -0.051662 0.000000
0.111727 -0.053568 0.000000
-0.002149 -0.189587 0.000000
0.265385 -0.783593 0.000000
0.382455 0.026398 0.000000
0.718382 -0.395199 0.000000
0.159204 -0.224254 0.000000
0.471344 -0.085718 0.000000
-0.570902 -0.963861 0.000000
0.928274 -0.533424 0.000000
-1.097416 -1.206607 0.000000
0.311511 -0.452899 0.000000
-0.465581 -0.781591 0.000000
0.478393 -0.682057 0.000000
-0.048175 -0.208478 0.000000
-0.006810 -0.549616 0.000000
0.035598 -0.399993 0.000000
0.000000 0.000000 0.000000
-0.156146 -0.026907 0.000000
-0.057958 0.251166 0.000000
0.225306 -0.097161 0.000000
0.227797 -0.326565 0.000000
-0.113753 0.151507 0.000000
0.486289 -0.111859 0.000000
-0.154767 -1.005316 0.000000
0.326720 0.253742 0.000000
0.032153 -0.139549 0.000000
0.094361 -0.267924 0.000000
0.501804 -0.103492 0.000000
0.534106 -0.301567 0.000000
0.348549 -0.221836 0.000000
-0.316604 0.074439 0.000000
0.653006 -0.618632 0.000000
0.527459 -0.382677 0.000000
0.263411 -0.297192 0.000000
0.382013 -0.425034 0.000000
0.057866 -0.945637 0.000000
0.487500 -0.436181 0.000000
0.429045 -1.315679 0.000000
0.459724 -0.077751 0.000000
0.420849 -0.476288 0.000000
0.471754 -0.444788 0.000000
0.004818 -0.269733 0.000000
0.564648 -0.381091 0.000000
0.525340 -0.774115 0.000000
0.356705 -0.842344 0.000000
0.248089 -0.538914 0.000000
-0.029232 -0.376581 0.000000
0.000000 0.000000 0.000000
-0.085126 0.045489 0.000000
-0.116041 -0.103411 0.000000
0.045503 0.327886 0.000000
-0.209747 0.525104 0.000000
0.445201 0.025516 0.000000
0.012386 -0.065285 0.000000
0.354901 0.826190 0.000000
0.515907 0.008297 0.000000
0.273564 0.351984 0.000000
0.369961 0.086152 0.000000
0.106515 -0.348957 0.000000
0.875164 0.090473 0.000000
1.118309 -0.412859 0.000000
-0.668928 0.357907 0.000000
1.234963 0.043891 0.000000
0.346551 -0.355470 0.000000
-0.290093 -0.073655 0.000000
0.148194 -0.081405 0.000000
0.538864 -0.008572 0.000000
0.617751 -0.824193 0.000000
0.333786 0.120633 0.000000
-0.098917 -0.655958 0.000000
0.798697 -0.406134 0.000000
0.246431 -0.817845 0.000000
0.161849 -0.512754 0.000000
0.299503 -0.710631 0.000000
-0.215572 0.166973 0.000000
0.562177 -0.358333 0.000000
-0.204308 -0.291133 0.000000
-0.076243 -0.311105 0.000000
0.000000 0.000000 0.000000
-0.156318 0.038634 0.000000
-0.130809 0.410897 0.000000
0.099073 -0.420176 0.000000
0.068009 -0.005982 0.000000
0.187234 -0.377344 0.000000
0.598978 1.037591 0.000000
0.580971 0.589473 0.000000
0.300163 0.337037 0.000000
0.123855 -0.126302 0.000000
0.641618 -0.051858 0.000000
0.367183 -0.001566 0.000000
1.261998 -0.568366 0.000000
0.261342 -0.525791 0.000000
1.220971 0.814763 0.000000
0.400388 -1.176861 0.000000
-0.283896 -0.565358 0.000000
0.913538 -0.645984 0.000000
0.785826 0.063638 0.000000
0.359931 -0.276181 0.000000
0.238411 -0.093803 0.000000
0.350765 0.199744 0.000000
0.715506 -0.560527 0.000000
0.833191 -0.548678 0.000000
0.464263 0.032220 0.000000
0.560973 -0.231661 0.000000
0.094651 -0.078100 0.000000
0.171570 -0.368242 0.000000
-0.133462 -0.424570 0.000000
0.024797 -0.172432 0.000000
-0.040264 -0.262275 0.000000
0.000000 0.000000 0.000000
-0.171287 0.015640 0.000000
0.002887 -0.193192 0.000000
-0.129799 0.253204 0.000000
0.401006 0.135013 0.000000
-0.933941 0.791369 0.000000
1.124768 -0.856072 0.000000
-0.299610 0.114345 0.000000
0.338712 0.068621 0.000000
0.506130 0.027679 0.000000
0.370969 0.795600 0.000000
0.308539 -0.174200 0.000000
-0.027293 0.480625 0.000000
0.407405 -0.715752 0.000000
0.638058 0.219545 0.000000
0.705190 -0.412943 0.000000
1.747250 -0.177594 0.000000
0.218445 0.520221 0.000000
-0.255058 -0.331546 0.000000
1.334040 0.421193 0.000000
0.353604 -0.227073 0.000000
0.052519 -0.238373 0.000000
-0.054037 -0.270556 0.000000
0.728790 -0.540554 0.000000
0.132491 -0.643502 0.000000
-0.069186 -0.501772 0.000000
0.103629 -0.476926 0.000000
0.310831 -0.170558 0.000000
-0.109153 -0.331170 0.000000
-0.064187 -0.276285 0.000000
-0.036552 -0.229401 0.000000
0.000000 0.000000 0.000000
-0.059183 -0.057137 0.000000
-0.219741 0.272299 0.000000
0.013724 -0.227217 0.000000
-0.114895 -0.096549 0.000000
0.169719 -0.176184 0.000000
0.182688 0.147057 0.000000
0.667126 -0.156886 0.000000
0.620207 -0.163725 0.000000
0.274382 0.016920 0.000000
0.762411 0.037977 0.000000
0.529927 -1.068212 0.000000
0.273645 0.359759 0.000000
0.585669 -0.012294 0.000000
-0.761042 0.422856 0.000000
0.465667 0.176408 0.000000
-0.468224 -0.949114 0.000000
0.794393 0.351341 0.000000
0.816944 -0.373467 0.000000
-0.393300 -0.377333 0.000000
0.403179 -0.313941 0.000000
1.965988 0.331102 0.000000
0.350606 -0.064076 0.000000
-0.218375 0.130476 0.000000
0.669781 0.263208 0.000000
0.233654 0.013753 0.000000
0.550437 -0.472435 0.000000
-0.068334 0.112119 0.000000
0.032637 -0.206766 0.000000
-0.062793 -0.322524 0.000000
-0.078102 -0.254256 0.000000
0.000000 0.000000 0.000000
-0.074679 -0.048499 0.000000
-0.163885 -0.164416 0.000000
0.177996 -0.186509 0.000000
-0.030855 0.119589 0.000000
0.016684 -0.242653 0.000000
0.421586 0.852189 0.000000
-0.043796 -0.978465 0.000000
-0.069402 0.287195 0.000000
0.824358 -0.333058 0.000000
0.402153 0.781817 0.000000
0.851629 -0.145050 0.000000
0.429227 -0.126056 0.000000
0.704973 -0.308899 0.000000
0.264386 0.006131 0.000000
0.273488 -0.709226 0.000000
0.572401 1.086320 0.000000
0.940560 -0.191777 0.000000
0.723168 0.295954 0.000000
0.366995 -0.240339 0.000000
1.174036 0.065486 0.000000
-0.801557 -0.405807 0.000000
0.234987 -0.916375 0.000000
0.558607 -0.450082 0.000000
-0.188256 -0.052161 0.000000
0.370893 -0.459805 0.000000
0.309668 -0.971723 0.000000
0.148330 -0.411655 0.000000
-0.134332 -0.193965 0.000000
-0.061910 -0.343209 0.000000
-0.136412 -0.281731 0.000000
0.000000 0.000000 0.000000
-0.054308 -0.079079 0.000000
-0.015158 0.012197 0.000000
-0.310954 -0.009448 0.000000
0.144225 -0.077396 0.000000
0.021260 -0.138626 0.000000
0.402877 0.077911 0.000000
0.115154 -0.066076 0.000000
0.806656 -0.245741 0.000000
0.295878 -0.169069 0.000000
0.206500 -0.158365 0.000000
0.823921 -0.227345 0.000000
0.556448 -0.029635 0.000000
0.631157 0.104827 0.000000
0.317891 0.223305 0.000000
1.422447 0.546494 0.000000
1.776935 -0.291221 0.000000
0.047162 -0.014899 0.000000
0.235579 -1.019850 0.000000
0.287637 0.294895 0.000000
0.402392 -0.014526 0.000000
-0.017122 0.110373 0.000000
0.589729 0.047309 0.000000
0.290141 0.886845 0.000000
1.305421 -0.317522 0.000000
0.976543 0.103054 0.000000
-0.108719 -0.413479 0.000000
0.046849 0.460223 0.000000
0.012708 -0.585624 0.000000
0.025426 -0.252246 0.000000
-0.203034 -0.292278 0.000000
0.000000 0.000000 0.000000
-0.022089 -0.109968 0.000000
-0.009303 -0.165778 0.000000
0.031911 -0.311648 0.000000
0.326786 -0.363264 0.000000
-0.506054 -0.154078 0.000000
0.550418 0.009981 0.000000
-0.080964 -0.410423 0.000000
0.514296 0.108569 0.000000
0.435455 0.268476 0.000000
0.360966 -0.057337 0.000000
0.895805 -0.241264 0.000000
0.242365 0.015203 0.000000
0.737670 -0.139991 0.000000
0.062646 -0.299339 0.000000
0.361858 -0.275990 0.000000
-0.845971 0.206379 0.000000
-0.031591 0.323292 0.000000
0.351754 1.362825 0.000000
0.654121 0.048402 0.000000
0.240535 -0.246582 0.000000
0.997186 0.091823 0.000000
0.578428 -0.334501 0.000000
-0.573001 -0.900407 0.000000
-0.520800 -0.674679 0.000000
0.714398 0.891870 0.000000
-0.035656 -0.706142 0.000000
0.466949 -0.205100 0.000000
-0.312453 -0.331620 0.000000
-0.161537 -0.375344 0.000000
-0.282442 -0.285467 0.000000
0.000000 0.000000 0.000000
0.061309 -0.107577 0.000000
-0.173753 0.009466 0.000000
0.123415 -0.254948 0.000000
-0.114551 0.141754 0.000000
0.189453 -0.033830 0.000000
0.577411 -0.730246 0.000000
0.351452 -0.355620 0.000000
0.333712 -0.524978 0.000000
0.281829 -0.732870 0.000000
0.645557 -0.200079 0.000000
0.499237 -0.518741 0.000000
0.196732 0.012762 0.000000
0.532707 -0.131341 0.000000
0.394665 -0.300362 0.000000
0.757932 0.307740 0.000000
0.305605 -0.236942 0.000000
0.884964 -1.484803 0.000000
0.249191 -0.876592 0.000000
0.065621 1.251910 0.000000
0.057887 -0.032524 0.000000
0.818338 0.041918 0.000000
-0.346331 0.150238 0.000000
1.662126 0.797226 0.000000
0.243887 0.764058 0.000000
0.189520 -1.720468 0.000000
0.251748 -0.274062 0.000000
-0.015620 -0.216546 0.000000
0.137631 -0.254808 0.000000
0.062650 -0.275147 0.000000
-0.347036 -0.234375 0.000000
0.000000 0.000000 0.000000
-0.054201 -0.098180 0.000000
0.202826 -0.199806 0.000000
-0.153152 -0.121363 0.000000
0.141701 -0.504249 0.000000
-0.042529 -0.488561 0.000000
-0.195726 0.780797 0.000000
0.373874 -1.252519 0.000000
0.542161 0.351780 0.000000
0.915519 -0.428701 0.000000
0.854473 0.449061 0.000000
0.367750 0.064934 0.000000
0.911256 -0.431708 0.000000
0.286846 0.079169 0.000000
0.559801 0.155677 0.000000
0.441998 -0.400521 0.000000
0.080513 0.201363 0.000000
1.178351 0.633209 0.000000
-0.017011 0.137619 0.000000
0.869562 -0.222748 0.000000
0.238659 0.031293 0.000000
0.626709 -0.396723 0.000000
0.429989 0.463592 0.000000
0.753974 -1.344348 0.000000
1.879048 -0.017286 0.000000
0.338923 0.577618 0.000000
0.527379 -0.295934 0.000000
-0.089531 0.094864 0.000000
-0.061437 -0.122602 0.000000
-0.235461 -0.089767 0.000000
-0.409457 -0.106803 0.000000
0.000000 0.000000 0.000000
0.118272 -0.109119 0.000000
-0.099485 -0.013430 0.000000
0.041644 -0.252640 0.000000
0.363919 0.292958 0.000000
-0.107198 0.100191 0.000000
0.611953 -0.159790 0.000000
-0.593496 -0.668103 0.000000
0.498496 0.326570 0.000000
-0.064819 -0.453600 0.000000
1.219313 -0.495381 0.000000
0.457654 -0.394558 0.000000
0.293395 -0.057900 0.000000
0.287946 0.217840 0.000000
0.987019 0.140696 0.000000
-0.263490 0.037434 0.000000
0.931024 -0.737460 0.000000
-0.443083 -0.909962 0.000000
0.580705 -0.841583 0.000000
0.402016 -0.231116 0.000000
0.147733 0.259017 0.000000
0.468399 0.194122 0.000000
0.254165 0.066536 0.000000
2.046048 1.783688 0.000000
-1.475308 -0.259153 0.000000
-1.081342 -0.718856 0.000000
0.146259 0.249408 0.000000
-0.055889 0.385004 0.000000
-0.009166 -0.111894 0.000000
-0.002644 0.046978 0.000000
-0.421383 0.003965 0.000000
0.000000 0.000000 0.000000
0.040484 -0.061960 0.000000
0.028020 -0.089507 0.000000
0.084390 -0.188334 0.000000
-0.164931 -0.552705 0.000000
-0.012836 -0.461331 0.000000
-0.249838 -1.424932 0.000000
0.759007 1.422176 0.000000
0.798791 -0.408393 0.000000
-0.280646 -0.011037 0.000000
-0.013745 0.475522 0.000000
0.983303 -0.356939 0.000000
0.420864 -0.178234 0.000000
0.449028 -0.442913 0.000000
0.333332 0.048384 0.000000
0.431555 -0.476775 0.000000
0.993481 1.355452 0.000000
0.764110 0.206349 0.000000
0.753687 0.065114 0.000000
0.407767 0.464958 0.000000
0.710889 -0.502284 0.000000
0.521248 0.299832 0.000000
-0.861531 -1.442592 0.000000
0.824346 0.984683 0.000000
0.398476 -0.098299 0.000000
0.952660 0.928097 0.000000
0.502653 -0.034189 0.000000
0.003970 0.203672 0.000000
0.166805 0.185775 0.000000
-0.303523 0.224008 0.000000
-0.350471 0.183687 0.000000
0.000000 0.000000 0.000000
0.027125 -0.078671 0.000000
0.199902 -0.083721 0.000000
-0.277756 0.125781 0.000000
0.508430 -0.032783 0.000000
0.207339 0.312472 0.000000
0.310767 0.387745 0.000000
0.208146 -0.265270 0.000000
0.193029 0.160571 0.000000
-0.002121 -0.013795 0.000000
1.508245 -0.643583 0.000000
0.146772 -0.665513 0.000000
0.180144 0.478562 0.000000
0.516523 0.098396 0.000000
0.074056 0.011813 0.000000
0.852821 0.546816 0.000000
-0.252821 -1.084338 0.000000
0.182061 -0.574979 0.000000
0.009404 -0.353126 0.000000
0.235287 0.067931 0.000000
0.556877 -0.276482 0.000000
-0.207100 0.250045 0.000000
0.814379 -1.142251 0.000000
0.211988 0.429857 0.000000
0.157127 0.031517 0.000000
0.257696 0.074741 0.000000
-0.241424 0.174947 0.000000
0.006652 0.270468 0.000000
0.077452 0.046163 0.000000
-0.168959 0.390400 0.000000
-0.302716 0.267863 0.000000
0.000000 0.000000 0.000000
0.138011 -0.072143 0.000000
-0.276130 0.120824 0.000000
0.322567 -0.385044 0.000000
-0.074184 0.053769 0.000000
-0.258941 -1.023554 0.000000
0.486356 -0.108313 0.000000
-0.134123 0.293759 0.000000
0.654000 -0.357053 0.000000
0.212537 -0.006903 0.000000
-0.275066 1.021710 0.000000
0.914338 -0.416016 0.000000
0.580536 -0.780435 0.000000
1.141895 0.048999 0.000000
0.011881 0.401959 0.000000
0.889756 0.437179 0.000000
0.642113 0.960745 0.000000
0.314767 -0.019090 0.000000
0.708250 0.155297 0.000000
0.251376 -0.285084 0.000000
0.185961 0.158456 0.000000
-0.090510 0.337716 0.000000
0.173776 0.263586 0.000000
-0.192582 0.837946 0.000000
0.618474 -0.144612 0.000000
0.218719 0.151614 0.000000
0.874762 0.286719 0.000000
0.479542 0.663622 0.000000
-0.432023 0.540675 0.000000
-0.006692 0.403075 0.000000
-0.179416 0.367943 0.000000
0.000000 0.000000 0.000000
-0.024939 -0.008647 0.000000
0.065737 -0.031909 0.000000
0.189263 0.187418 0.000000
-0.080198 -0.129576 0.000000
0.775965 0.852877 0.000000
-0.198915 -0.007060 0.000000
0.602851 -0.246454 0.000000
0.268226 -0.067785 0.000000
0.559288 0.233151 0.000000
0.336594 -0.307973 0.000000
0.484226 -0.593422 0.000000
0.102442 0.345093 0.000000
1.835300 -0.027313 0.000000
-0.404369 -0.763340 0.000000
0.127195 -0.100121 0.000000
0.398597 -0.857025 0.000000
-0.139420 0.033163 0.000000
-0.308880 -0.116552 0.000000
0.575922 0.114210 0.000000
0.631850 0.037428 0.000000
0.629356 0.020544 0.000000
0.285785 0.093575 0.000000
-0.610002 0.502691 0.000000
0.445545 0.411956 0.000000
-0.736079 0.871957 0.000000
1.643511 -0.511911 0.000000
-0.850240 0.254372 0.000000
0.644834 0.022937 0.000000
-0.219431 0.379971 0.000000
-0.087858 0.389232 0.000000
0.000000 0.000000 0.000000
0.008242 -0.032294 0.000000
0.056958 -0.105838 0.000000
-0.282939 -0.152650 0.000000
0.221930 -0.029295 0.000000
-0.135541 -0.411056 0.000000
0.097056 -0.567570 0.000000
0.544457 0.405680 0.000000
-0.107134 -0.089152 0.000000
0.514903 -0.229409 0.000000
0.410672 0.240340 0.000000
0.481859 -0.906756 0.000000
0.627600 0.864322 0.000000
-0.492156 -1.297116 0.000000
0.026797 1.028949 0.000000
1.655494 0.182519 0.000000
-0.137919 0.075805 0.000000
0.959773 0.929344 0.000000
1.014001 -0.447261 0.000000
0.381767 0.396922 0.000000
0.284002 -0.379977 0.000000
-0.432417 0.475205 0.000000
0.488121 0.044592 0.000000
0.223581 -0.146931 0.000000
1.007866 -0.093262 0.000000
-1.075992 0.493532 0.000000
-0.937779 1.122578 0.000000
0.398370 0.052739 0.000000
-0.560584 0.870122 0.000000
0.133536 0.473359 0.000000
0.036270 0.402723 0.000000
0.000000 0.000000 0.000000
-0.003105 -0.067987 0.000000
-0.114592 0.110248 0.000000
0.214008 0.117372 0.000000
0.233847 -0.121620 0.000000
-0.055979 0.134319 0.000000
0.343580 0.661055 0.000000
0.002344 -0.423091 0.000000
0.333801 -0.076665 0.000000
0.256735 -0.052000 0.000000
-0.018887 0.317318 0.000000
0.397759 -0.256005 0.000000
1.353699 2.346211 0.000000
0.823547 0.710083 0.000000
0.182641 -0.940924 0.000000
0.249300 0.328039 0.000000
0.061964 0.122934 0.000000
0.722252 0.182683 0.000000
-0.546574 -0.818453 0.000000
0.177558 -0.745138 0.000000
0.540432 0.482772 0.000000
0.166038 0.254275 0.000000
0.816975 0.021722 0.000000
-0.029895 0.289623 0.000000
0.326649 0.377891 0.000000
-0.467217 0.321445 0.000000
-0.316653 0.344120 0.000000
0.120261 0.358688 0.000000
-0.308959 0.247572 0.000000
-0.003125 0.249973 0.000000
0.097084 0.347215 0.000000
0.000000 0.000000 0.000000
0.015854 -0.008698 0.000000
-0.208870 -0.122300 0.000000
0.344685 -0.807861 0.000000
-0.390116 0.446877 0.000000
0.408432 -0.364917 0.000000
0.338223 -0.342896 0.000000
0.836975 0.236937 0.000000
0.026471 0.001772 0.000000
0.306458 -0.015048 0.000000
1.050367 0.757552 0.000000
0.849356 0.750808 0.000000
-0.712156 -0.697623 0.000000
0.164619 -1.496672 0.000000
0.491011 0.414110 0.000000
0.854916 0.157957 0.000000
0.559105 -0.104594 0.000000
0.210570 0.440864 0.000000
1.215916 0.389732 0.000000
-0.008517 1.192137 0.000000
0.928583 -0.029735 0.000000
0.801952 -0.492238 0.000000
0.375811 -0.308645 0.000000
-0.784830 0.215207 0.000000
1.058679 -0.113732 0.000000
0.418381 0.130488 0.000000
-0.286047 0.215237 0.000000
0.053197 0.468210 0.000000
0.036115 0.410036 0.000000
-0.013898 0.282115 0.000000
0.108955 0.284778 0.000000
0.000000 0.000000 0.000000
-0.069734 -0.029516 0.000000
0.273277 -0.149131 0.000000
-0.440071 0.516706 0.000000
-0.184397 -0.301784 0.000000
-0.320010 -0.182670 0.000000
0.239021 0.019154 0.000000
-0.000422 0.192218 0.000000
-0.533769 -0.933096 0.000000
0.108221 0.664859 0.000000
0.074975 0.858747 0.000000
-0.345774 -0.670618 0.000000
1.080544 0.372344 0.000000
-0.293383 0.422119 0.000000
0.998648 0.515918 0.000000
-0.080853 -1.166163 0.000000
0.248169 1.307674 0.000000
-0.099826 0.165049 0.000000
1.128640 -0.261878 0.000000
-0.286201 -1.245412 0.000000
0.481408 0.283963 0.000000
-0.730354 0.309668 0.000000
0.333679 0.683090 0.000000
-0.595129 0.536586 0.000000
0.265775 0.335571 0.000000
0.145759 -0.033784 0.000000
0.336484 0.200560 0.000000
-0.252710 0.193132 0.000000
-0.059079 -0.073409 0.000000
-0.007602 0.199861 0.000000
0.117690 0.218586 0.000000
0.000000 0.000000 0.000000
0.087709 -0.053115 0.000000
-0.439947 -0.020837 0.000000
0.387773 -0.388037 0.000000
0.067920 0.372670 0.000000
0.063790 -0.388237 0.000000
-0.023889 -0.315804 0.000000
0.428343 -0.074183 0.000000
0.167495 0.288437 0.000000
0.167106 -0.037860 0.000000
1.062376 -0.436990 0.000000
-0.182823 -0.268596 0.000000
-0.048814 -0.556674 0.000000
-0.257580 0.021597 0.000000
0.662549 -0.355414 0.000000
0.721787 -0.516136 0.000000
1.361505 -0.001903 0.000000
0.096237 -0.075762 0.000000
0.755629 0.846112 0.000000
-0.279123 0.820759 0.000000
0.713823 0.415956 0.000000
-0.312093 -0.228895 0.000000
-0.321982 0.236966 0.000000
0.205114 0.045795 0.000000
-0.496340 0.067791 0.000000
-0.231295 0.047380 0.000000
-0.168558 0.222435 0.000000
0.102571 0.262270 0.000000
0.031427 0.362511 0.000000
-0.050411 0.108100 0.000000
0.099482 0.146513 0.000000
0.000000 0.000000 0.000000
-0.023489 -0.077758 0.000000
0.285853 -0.118296 0.000000
-0.512506 0.339669 0.000000
0.177739 -0.188166 0.000000
0.083637 0.230193 0.000000
-0.104488 -0.328979 0.000000
0.332194 0.092462 0.000000
0.032593 -0.404457 0.000000
0.044554 -0.084437 0.000000
-0.626478 -0.980480 0.000000
1.038013 -0.022479 0.000000
0.167102 0.228393 0.000000
0.861239 -0.536731 0.000000
-0.129447 0.972455 0.000000
-0.623377 -0.155429 0.000000
0.776449 -0.369631 0.000000
-0.348713 -0.437969 0.000000
1.488967 -0.701374 0.000000
-0.924023 -0.577783 0.000000
1.975525 -1.057629 0.000000
0.819738 0.162309 0.000000
0.891645 -1.163376 0.000000
-0.179075 -0.160803 0.000000
-0.198742 0.192750 0.000000
-0.020829 -0.084112 0.000000
0.083949 -0.112760 0.000000
-0.277766 -0.416438 0.000000
0.015144 0.025774 0.000000
0.057097 0.066846 0.000000
0.072088 0.108993 0.000000
0.000000 0.000000 0.000000
0.013136 -0.100921 0.000000
-0.077216 -0.077758 0.000000
0.105907 -0.465488 0.000000
0.436448 -0.238033 0.000000
-0.687805 -0.136909 0.000000
0.845335 -0.711123 0.000000
-0.652431 -0.117782 0.000000
0.002786 -0.194031 0.000000
0.417864 -0.420374 0.000000
0.935659 0.558015 0.000000
-0.500933 -0.212803 0.000000
0.170165 -0.506886 0.000000
0.108099 0.302573 0.000000
0.304719 -0.495162 0.000000
1.123608 -0.992433 0.000000
0.254966 0.760291 0.000000
0.391824 -0.080626 0.000000
0.359856 -0.393202 0.000000
-0.306203 1.840071 0.000000
0.961384 0.282397 0.000000
-1.989846 1.217805 0.000000
-0.250643 0.295372 0.000000
0.126010 -0.133379 0.000000
-0.150309 0.049315 0.000000
-0.189135 0.037969 0.000000
0.155020 0.434714 0.000000
0.037477 0.409712 0.000000
-0.037374 0.366427 0.000000
0.038170 0.053312 0.000000
0.062517 0.090960 0.000000
0.000000 0.000000 0.000000
0.160561 -0.111115 0.000000
-0.152917 0.018581 0.000000
0.231532 -0.084755 0.000000
-0.322381 0.016600 0.000000
0.244991 -0.307896 0.000000
-0.258633 0.517297 0.000000
0.153302 -0.760707 0.000000
0.782934 0.282422 0.000000
-1.162904 -0.326844 0.000000
0.205203 -0.451558 0.000000
1.622663 0.268504 0.000000
0.073384 -0.389920 0.000000
0.265756 -0.104429 0.000000
-0.659271 0.557329 0.000000
0.259506 -0.003339 0.000000
0.662291 -0.422372 0.000000
-0.554131 0.056773 0.000000
0.249370 -1.383983 0.000000
0.109807 -0.368722 0.000000
-0.317567 0.076560 0.000000
-0.000475 0.050195 0.000000
-0.424557 0.603918 0.000000
0.203082 -0.233569 0.000000
0.055048 0.016010 0.000000
-0.154440 0.279591 0.000000
-0.026590 -0.096648 0.000000
-0.262521 -0.212238 0.000000
-0.057715 -0.579998 0.000000
-0.039388 0.021999 0.000000
0.020045 0.050025 0.000000
0.000000 0.000000 0.000000
0.003855 -0.096283 0.000000
0.107377 -0.104220 0.000000
0.051213 -0.197691 0.000000
0.057272 -0.304811 0.000000
0.341497 -0.232757 0.000000
-0.207191 -0.563036 0.000000
0.123661 -0.372115 0.000000
-0.549572 -0.206141 0.000000
0.415333 -0.736510 0.000000
3.110095 0.646780 0.000000
-1.594753 -0.482481 0.000000
-0.696736 -0.025262 0.000000
0.113927 -0.217071 0.000000
0.307706 0.174333 0.000000
0.454811 -0.804661 0.000000
0.728196 -0.280429 0.000000
0.340006 -0.063933 0.000000
0.988703 -0.020722 0.000000
0.360982 0.200551 0.000000
1.290685 -0.094591 0.000000
-0.322329 -0.220376 0.000000
0.136397 -0.057128 0.000000
-0.222459 -0.328562 0.000000
-0.197173 -0.262520 0.000000
-0.001705 0.084455 0.000000
-0.151244 -0.015884 0.000000
0.063314 0.323819 0.000000
-0.096515 0.559487 0.000000
0.062017 0.006629 0.000000
0.001564 0.055765 0.000000
0.000000 0.000000 0.000000
0.154958 -0.110911 0.000000
-0.062424 -0.109811 0.000000
0.216705 -0.156248 0.000000
-0.095193 -0.122568 0.000000
-0.023933 0.071026 0.000000
-0.123631 0.041026 0.000000
0.123037 -0.252165 0.000000
0.576145 -0.218028 0.000000
-2.044319 -0.864877 0.000000
-1.428913 -0.272212 0.000000
0.575568 -0.704454 0.000000
-0.309861 1.145204 0.000000
0.471350 -1.277165 0.000000
0.522650 -0.302955 0.000000
-0.424158 0.412158 0.000000
0.237122 -0.103200 0.000000
-0.216891 -0.362591 0.000000
0.395040 0.196683 0.000000
-0.556390 0.114233 0.000000
0.297764 -0.557712 0.000000
-0.777420 0.056743 0.000000
0.088491 0.311664 0.000000
-0.196930 -0.282033 0.000000
-0.024141 0.486913 0.000000
0.144573 0.146602 0.000000
0.356304 0.706616 0.000000
-0.410007 -0.432445 0.000000
0.093970 -0.530794 0.000000
-0.015951 0.060643 0.000000
0.007684 0.053575 0.000000
0.000000 0.000000 0.000000
0.104709 -0.123974 0.000000
0.118929 -0.079170 0.000000
0.118416 0.012891 0.000000
0.086892 -0.335552 0.000000
0.472061 -0.647257 0.000000
-0.437574 -0.071982 0.000000
0.020197 -0.283920 0.000000
-0.138042 0.271038 0.000000
1.778594 -1.124268 0.000000
-2.392107 0.526902 0.000000
3.560577 -0.743929 0.000000
1.102684 -1.116091 0.000000
-0.230347 0.041256 0.000000
0.201253 -0.631206 0.000000
-0.175531 -0.288765 0.000000
1.193245 -0.452171 0.000000
0.381765 -0.058531 0.000000
0.235641 -0.126125 0.000000
0.135175 0.031473 0.000000
0.271886 -0.033352 0.000000
0.417449 0.167624 0.000000
0.256454 -0.361776 0.000000
-0.223412 -0.050996 0.000000
-0.065828 0.277988 0.000000
-0.795565 -0.811215 0.000000
0.091134 0.459113 0.000000
0.555182 1.461344 0.000000
-0.463104 -0.006861 0.000000
0.039421 0.104540 0.000000
-0.002165 0.034735 0.000000
0.000000 0.000000 0.000000
0.128419 -0.103782 0.000000
-0.008557 -0.093269 0.000000
0.335671 -0.478593 0.000000
-0.427546 0.142958 0.000000
0.311161 0.081983 0.000000
0.020600 0.046576 0.000000
0.188456 -0.837482 0.000000
-0.799644 -0.276849 0.000000
-0.017232 0.232173 0.000000
-0.746319 -0.213408 0.000000
0.397986 -0.109443 0.000000
-2.782187 -0.121225 0.000000
-0.225279 0.842081 0.000000
-0.020165 0.230091 0.000000
0.104253 -0.472947 0.000000
-0.723833 0.610903 0.000000
1.073074 -0.406782 0.000000
-0.343206 -0.105928 0.000000
-0.201253 0.314891 0.000000
0.480331 -0.120163 0.000000
-0.148632 -0.452403 0.000000
-0.501302 0.158797 0.000000
0.373709 0.182109 0.000000
-0.122676 -0.297094 0.000000
-0.702069 0.001575 0.000000
-0.217840 0.305550 0.000000
-0.765664 -1.287771 0.000000
-0.142795 -0.864103 0.000000
-0.018879 -0.004463 0.000000
-0.021594 0.027751 0.000000
0.000000 0.000000 0.000000
0.115735 -0.104313 0.000000
0.179347 -0.249786 0.000000
0.041682 0.328271 0.000000
0.222566 -0.411539 0.000000
0.473006 -0.864788 0.000000
-1.296546 -0.415943 0.000000
1.371033 0.352240 0.000000
-0.440698 -0.217855 0.000000
0.572579 -0.564828 0.000000
0.222195 -0.133411 0.000000
-0.342757 -0.110853 0.000000
0.382017 -0.237147 0.000000
-0.278233 -0.868734 0.000000
0.331762 -0.470873 0.000000
0.261124 0.228708 0.000000
0.331621 -0.631512 0.000000
0.200616 0.109623 0.000000
0.078393 -0.059108 0.000000
0.094114 -0.197380 0.000000
0.032955 0.272795 0.000000
-0.150183 0.049924 0.000000
0.014443 -0.313916 0.000000
0.012529 -0.190954 0.000000
0.282534 -0.158482 0.000000
0.100440 -0.229929 0.000000
-0.313576 0.055072 0.000000
0.059463 0.400664 0.000000
-0.192909 0.573558 0.000000
-0.086577 -0.029676 0.000000
-0.030817 0.020765 0.000000
0.000000 0.000000 0.000000
0.134550 -0.124331 0.000000
0.044370 -0.010568 0.000000
0.182043 -0.523237 0.000000
-0.178450 0.032424 0.000000
0.120019 0.353311 0.000000
0.506334 0.406674 0.000000
0.241311 -0.009340 0.000000
0.048858 -0.316452 0.000000
-0.175278 0.470956 0.000000
-0.534920 -0.252451 0.000000
0.220870 -0.389190 0.000000
-0.357190 -0.250040 0.000000
0.531238 0.400294 0.000000
-0.431899 -0.282137 0.000000
0.055133 0.192720 0.000000
-0.373864 -0.179530 0.000000
0.522072 -0.181359 0.000000
-0.173268 0.031495 0.000000
0.528019 0.323590 0.000000
-0.392862 -0.069674 0.000000
0.292067 0.182873 0.000000
-0.465050 -0.028503 0.000000
0.079057 -0.352591 0.000000
-0.485996 0.025072 0.000000
-0.405602 0.190585 0.000000
-0.030295 -0.246914 0.000000
-0.394560 -0.368435 0.000000
-0.093659 -0.371750 0.000000
-0.069236 -0.038214 0.000000
-0.037183 -0.003242 0.000000
0.000000 0.000000 0.000000
0.122586 -0.117444 0.000000
0.056898 -0.151873 0.000000
0.195272 0.151047 0.000000
0.204158 0.021003 0.000000
-0.300061 -0.835145 0.000000
0.108678 -0.967624 0.000000
-0.093237 0.419547 0.000000
-0.462848 -0.225004 0.000000
0.433832 -0.936762 0.000000
0.224235 -0.306260 0.000000
0.270607 0.789308 0.000000
-0.303836 -0.567947 0.000000
-0.040283 -0.178354 0.000000
0.295264 -0.584145 0.000000
-0.175014 -0.505229 0.000000
0.447847 -0.111575 0.000000
-0.058446 0.485682 0.000000
-0.083260 -0.570208 0.000000
-0.247109 0.071241 0.000000
-0.095502 -0.640137 0.000000
0.305094 0.245978 0.000000
-0.125637 0.555609 0.000000
-0.084335 -0.292044 0.000000
-0.060184 0.075723 0.000000
-0.260322 -0.014098 0.000000
-0.141497 0.023645 0.000000
-0.001187 0.656554 0.000000
-0.227171 0.015588 0.000000
-0.113055 -0.047106 0.000000
-0.084826 -0.026417 0.000000
0.000000 0.000000 0.000000
0.065382 -0.093444 0.000000
0.132022 -0.211701 0.000000
-0.041456 -0.209414 0.000000
0.118962 -0.447788 0.000000
-0.395536 -0.207071 0.000000
0.407323 1.034850 0.000000
0.261937 -0.386816 0.000000
0.101069 0.086989 0.000000
-0.189087 0.085065 0.000000
-0.305672 -0.044923 0.000000
-0.413730 -0.871626 0.000000
0.187626 -0.352930 0.000000
0.115007 -0.626481 0.000000
-0.384430 0.360563 0.000000
0.538521 0.906378 0.000000
-0.629936 -1.053084 0.000000
0.028144 0.496875 0.000000
0.444890 -0.133539 0.000000
0.273239 -0.035700 0.000000
0.165286 0.655843 0.000000
-0.488304 0.179985 0.000000
0.252889 -0.109556 0.000000
-0.168935 0.711165 0.000000
-0.320748 -0.492591 0.000000
0.033007 -0.009644 0.000000
-0.235063 -0.073888 0.000000
-0.402587 -1.119594 0.000000
-0.024767 -0.011892 0.000000
-0.150594 -0.112309 0.000000
-0.136907 -0.034896 0.000000
0.000000 0.000000 0.000000
0.093563 -0.111273 0.000000
0.075697 -0.025880 0.000000
0.224668 0.102528 0.000000
-0.353848 -0.289758 0.000000
0.054673 -1.185629 0.000000
-0.179300 0.039524 0.000000
-0.075236 -0.459485 0.000000
0.063947 0.095947 0.000000
-0.058121 -0.157127 0.000000
0.458888 0.079883 0.000000
-0.081389 0.281161 0.000000
-0.378159 -0.609078 0.000000
0.037108 0.821032 0.000000
0.100174 -0.461378 0.000000
-0.644577 -1.884296 0.000000
0.422999 0.930698 0.000000
-0.362942 -0.224524 0.000000
-0.336475 -0.581090 0.000000
-0.382225 0.170990 0.000000
0.087832 -0.583044 0.000000
-0.126485 -0.207651 0.000000
-0.093348 0.206825 0.000000
-0.634501 -0.022373 0.000000
0.855385 -0.057839 0.000000
-0.673488 0.338136 0.000000
0.142506 -0.279113 0.000000
-0.022011 0.959022 0.000000
-0.173987 0.059170 0.000000
-0.149245 -0.081429 0.000000
-0.193273 -0.030814 0.000000
0.000000 0.000000 0.000000
0.112061 -0.083331 0.000000
-0.291594 -0.110823 0.000000
0.429643 -0.249930 0.000000
-0.192192 0.002976 0.000000
0.275074 -0.040319 0.000000
-0.386078 0.443983 0.000000
0.485434 -0.316824 0.000000
-0.038808 -0.117437 0.000000
0.097315 -0.407640 0.000000
0.119054 0.039593 0.000000
-0.573223 -0.191649 0.000000
0.502693 -0.336442 0.000000
-1.824079 -1.932511 0.000000
1.961392 1.815025 0.000000
-0.765484 0.888677 0.000000
0.906661 -0.356718 0.000000
-0.950460 -0.474555 0.000000
0.706757 1.487495 0.000000
-0.033045 -1.644160 0.000000
0.317602 0.560259 0.000000
-0.357362 0.498954 0.000000
0.211385 -0.072969 0.000000
-0.164382 -0.081997 0.000000
-1.040865 0.167404 0.000000
-0.356956 -0.286164 0.000000
0.543553 -0.161041 0.000000
-0.044354 -0.452998 0.000000
-0.264690 -0.176761 0.000000
-0.115584 -0.042652 0.000000
-0.233174 -0.017440 0.000000
0.000000 0.000000 0.000000
-0.043243 -0.055966 0.000000
0.253235 0.020098 0.000000
-0.283461 0.063086 0.000000
0.114770 -0.129458 0.000000
-0.199656 0.009244 0.000000
-0.162137 -0.337159 0.000000
-0.176684 0.483587 0.000000
-0.350493 -0.414764 0.000000
0.125397 -0.317648 0.000000
-0.100892 0.242925 0.000000
0.388278 -0.672734 0.000000
-0.236175 1.101223 0.000000
-0.086204 0.232740 0.000000
-0.001718 -0.550128 0.000000
-0.579734 -0.952559 0.000000
0.284421 0.453456 0.000000
-0.318957 0.185849 0.000000
0.341572 0.662608 0.000000
-0.818124 0.072089 0.000000
0.290179 0.349534 0.000000
-0.267397 -0.854973 0.000000
-0.034836 0.004193 0.000000
-0.228376 0.516261 0.000000
0.253060 -0.108518 0.000000
-0.041902 0.370499 0.000000
-0.384575 0.109198 0.000000
-0.139479 0.407869 0.000000
-0.089229 0.068855 0.000000
-0.280790 -0.034921 0.000000
-0.275525 0.007133 0.000000
0.000000 0.000000 0.000000
-0.029596 -0.082429 0.000000
-0.055509 -0.198819 0.000000
-0.011252 -0.000522 0.000000
-0.004815 -0.060653 0.000000
0.006167 -0.113948 0.000000
0.228275 0.235538 0.000000
-0.431567 -0.039741 0.000000
0.457247 -0.426104 0.000000
-0.166254 -0.164572 0.000000
0.837332 0.009950 0.000000
-0.381276 -0.558081 0.000000
0.258198 -1.036618 0.000000
0.076769 -0.368075 0.000000
-0.114438 0.681984 0.000000
0.052063 0.311159 0.000000
-0.210855 -0.006860 0.000000
-0.136934 -0.559090 0.000000
-0.217200 -0.137418 0.000000
-0.179693 0.496148 0.000000
0.242829 -0.275895 0.000000
-0.301346 0.633913 0.000000
0.097361 0.112104 0.000000
-0.333112 -0.434898 0.000000
0.352918 0.454974 0.000000
-0.737907 0.060736 0.000000
0.089740 -0.496454 0.000000
-0.137691 -0.503523 0.000000
-0.273397 0.111388 0.000000
-0.134931 -0.011785 0.000000
-0.304623 0.042568 0.000000
0.000000 0.000000 0.000000
-0.015375 -0.038893 0.000000
-0.165482 0.133600 0.000000
0.113466 -0.031444 0.000000
-0.354596 -0.064940 0.000000
-0.002205 0.219401 0.000000
-0.152863 -0.339767 0.000000
-0.309219 -0.018550 0.000000
0.652246 0.498456 0.000000
-1.460101 -0.053520 0.000000
0.490718 0.151801 0.000000
-0.549156 0.395651 0.000000
-0.176058 0.287181 0.000000
-0.178715 0.170350 0.000000
-0.456915 -0.595619 0.000000
0.143129 -0.619112 0.000000
-0.484214 0.142192 0.000000
0.022351 0.372127 0.000000
-0.275588 0.073011 0.000000
-0.278882 -0.259124 0.000000
-0.471659 0.288582 0.000000
-0.221775 -0.106892 0.000000
0.041983 -0.076495 0.000000
-0.374180 0.199810 0.000000
-0.288095 -0.122176 0.000000
-0.082637 -0.006138 0.000000
-0.008418 0.700371 0.000000
-0.479721 0.533963 0.000000
0.133715 -0.122515 0.000000
-0.282250 0.116151 0.000000
-0.331257 0.089816 0.000000
0.000000 0.000000 0.000000
-0.141437 0.008892 0.000000
0.055155 -0.217948 0.000000
-0.288312 0.121168 0.000000
0.043979 -0.045650 0.000000
-0.073913 -0.100735 0.000000
-0.020681 0.106061 0.000000
0.061202 0.215111 0.000000
-0.533277 -0.359902 0.000000
0.336925 0.089956 0.000000
-0.843484 -0.852526 0.000000
0.021184 0.080173 0.000000
-0.017712 -0.476090 0.000000
0.289662 -0.035269 0.000000
-0.368615 -0.022327 0.000000
-0.151173 0.457006 0.000000
-0.151906 -0.085754 0.000000
0.113837 -0.246546 0.000000
-0.502410 0.241197 0.000000
0.133838 0.138583 0.000000
-0.225953 0.239192 0.000000
0.052652 0.019019 0.000000
-0.354538 0.195058 0.000000
0.003240 0.258292 0.000000
-0.223385 0.088211 0.000000
0.032052 0.276720 0.000000
-0.520951 -0.313431 0.000000
0.260461 -0.290550 0.000000
-0.517929 0.264037 0.000000
-0.239347 0.151358 0.000000
-0.330516 0.125787 0.000000
0.000000 0.000000 0.000000
-0.102252 0.002216 0.000000
-0.113085 0.185805 0.000000
-0.131982 -0.084137 0.000000
-0.085096 0.042739 0.000000
-0.380395 0.059936 0.000000
-0.097561 0.025284 0.000000
0.055957 -0.012560 0.000000
-0.297354 -0.174872 0.000000
0.219431 0.126908 0.000000
-0.087326 0.762752 0.000000
-0.033812 0.038886 0.000000
-0.411732 -0.024182 0.000000
0.024430 0.115489 0.000000
-0.085944 0.057322 0.000000
-0.113063 -0.124678 0.000000
-0.060101 0.065136 0.000000
-0.541195 0.171608 0.000000
-0.100040 -0.030307 0.000000
-0.278913 -0.047954 0.000000
-0.366418 -0.057740 0.000000
-0.149825 0.161299 0.000000
-0.453964 0.259753 0.000000
0.108998 -0.278010 0.000000
-0.353973 0.043267 0.000000
-0.081044 0.283898 0.000000
-0.207624 0.186785 0.000000
-0.349365 0.582623 0.000000
-0.268494 0.218578 0.000000
-0.156896 0.168406 0.000000
-0.294107 0.159463 0.000000
0.000000 0.000000 0.000000
-0.127931 0.022190 0.000000
-0.105137 -0.136999 0.000000
-0.134833 -0.034053 0.000000
-0.169717 0.163264 0.000000
-0.047206 -0.065969 0.000000
-0.059825 -0.101371 0.000000
-0.326249 0.012216 0.000000
0.398319 0.330403 0.000000
-0.601276 -0.142095 0.000000
0.002170 -0.711800 0.000000
-0.232303 0.402080 0.000000
-0.143538 0.191487 0.000000
-0.572242 -0.341181 0.000000
-0.160739 -0.073312 0.000000
-0.565852 0.009144 0.000000
-0.191504 0.132409 0.000000
-0.383051 -0.002273 0.000000
0.011443 0.146336 0.000000
-0.743637 0.077854 0.000000
0.281117 0.232752 0.000000
-0.700276 0.088524 0.000000
0.245518 -0.043837 0.000000
-0.558813 0.621686 0.000000
-0.001980 0.430556 0.000000
-0.336243 -0.153509 0.000000
-0.030097 0.221633 0.000000
-0.301707 0.024774 0.000000
0.013775 -0.045911 0.000000
-0.471350 0.225569 0.000000
-0.281843 0.186979 0.000000
0.000000 0.000000 0.000000
-0.129887 0.048721 0.000000
-0.258678 0.155754 0.000000
0.010501 0.071978 0.000000
-0.353309 -0.085539 0.000000
-0.062424 -0.002788 0.000000
-0.055215 0.511844 0.000000
-0.541812 -0.249779 0.000000
-0.037892 -0.254428 0.000000
-0.137548 0.130823 0.000000
0.486854 0.730431 0.000000
-0.759449 -0.363189 0.000000
0.512248 -0.477975 0.000000
-0.090066 0.218536 0.000000
-0.130148 -0.286993 0.000000
-0.148164 0.128336 0.000000
-0.045581 0.012449 0.000000
-0.342138 0.209827 0.000000
-0.304998 0.035357 0.000000
-0.294477 0.081707 0.000000
0.003122 0.145786 0.000000
-0.406896 0.047895 0.000000
-0.140577 0.562854 0.000000
-0.555117 -0.379578 0.000000
0.293886 -0.078634 0.000000
-0.465393 0.161724 0.000000
-0.184047 0.486152 0.000000
-0.296654 -0.136604 0.000000
-0.238476 0.801917 0.000000
-0.138877 0.275966 0.000000
-0.234300 0.173150 0.000000
0.000000 0.000000 0.000000
-0.188591 0.042099 0.000000
-0.000389 -0.067410 0.000000
-0.219873 -0.109379 0.000000
0.136989 0.101779 0.000000
-0.504691 0.061161 0.000000
0.024067 -0.369081 0.000000
-0.024887 -0.157162 0.000000
-0.325275 0.371286 0.000000
-0.348485 -0.051711 0.000000
-0.185478 -0.441868 0.000000
-0.231049 0.190375 0.000000
-0.626522 -0.371399 0.000000
-0.542380 0.759094 0.000000
-0.713409 0.363223 0.000000
-0.227356 0.065881 0.000000
-0.262668 0.059097 0.000000
-0.484230 0.042568 0.000000
-0.197259 -0.099693 0.000000
-0.976354 0.038205 0.000000
0.858904 -0.119208 0.000000
-0.009719 0.248153 0.000000
-0.414832 -0.342762 0.000000
-0.039181 0.390634 0.000000
-0.727073 0.564199 0.000000
-0.374541 0.399578 0.000000
0.272465 -0.242646 0.000000
0.091004 0.278915 0.000000
-0.530934 -0.388979 0.000000
-0.196900 0.191905 0.000000
-0.180346 0.159193 0.000000
0.000000 0.000000 0.000000
-0.040640 0.026016 0.000000
-0.295010 0.001959 0.000000
-0.198200 0.216494 0.000000
-0.087740 -0.120031 0.000000
-0.123051 0.007573 0.000000
-0.410801 0.170198 0.000000
-0.142195 0.063586 0.000000
-0.098475 -0.176802 0.000000
-0.000965 -0.181436 0.000000
-0.312218 0.478620 0.000000
-0.301402 -0.307235 0.000000
0.241928 0.187639 0.000000
0.265795 -0.188900 0.000000
-0.350582 -0.228730 0.000000
-0.161737 -0.062530 0.000000
-0.294689 0.220591 0.000000
0.034653 0.186844 0.000000
-0.455665 -0.283653 0.000000
-1.084589 0.547386 0.000000
-1.077626 0.175523 0.000000
0.108576 0.245108 0.000000
-0.588161 0.296915 0.000000
-0.353638 0.198509 0.000000
0.204290 -0.528434 0.000000
-0.374995 0.166490 0.000000
-0.276267 0.495269 0.000000
-0.752561 0.303358 0.000000
-0.033704 0.416866 0.000000
-0.320347 0.166800 0.000000
-0.145371 0.124963 0.000000
0.000000 0.000000 0.000000
-0.155932 0.026553 0.000000
-0.108579 0.151826 0.000000
0.102124 -0.189500 0.000000
-0.377128 -0.081121 0.000000
-0.102030 0.153968 0.000000
-0.083211 -0.185675 0.000000
0.065596 -0.067140 0.000000
-0.521171 -0.221720 0.000000
-0.074863 0.449690 0.000000
-0.275497 -0.229025 0.000000
-0.169277 -0.197817 0.000000
-0.728458 -0.240608 0.000000
-0.409593 0.503351 0.000000
0.483658 -0.252954 0.000000
-0.019792 -0.031795 0.000000
-0.765713 0.022726 0.000000
-0.415333 -0.007700 0.000000
-0.176540 0.282085 0.000000
-0.434444 0.137737 0.000000
0.082355 0.235361 0.000000
-0.694847 -0.129262 0.000000
-0.078429 0.072443 0.000000
-0.245642 -0.058712 0.000000
-0.375152 0.536313 0.000000
-0.422232 0.429578 0.000000
-0.124289 -0.034988 0.000000
-0.095291 -0.597526 0.000000
-0.467736 0.063224 0.000000
-0.137894 0.085958 0.000000
-0.101809 0.071508 0.000000
0.000000 0.000000 0.000000
-0.024994 0.035580 0.000000
-0.177161 -0.139432 0.000000
-0.382778 0.178483 0.000000
0.029870 0.130349 0.000000
0.054423 -0.022272 0.000000
-0.632389 -0.060284 0.000000
0.104117 -0.058254 0.000000
-0.381120 0.401567 0.000000
0.050010 -0.295674 0.000000
-0.303715 -0.059729 0.000000
-0.412926 0.040735 0.000000
0.053576 0.339337 0.000000
-0.460127 0.144899 0.000000
-1.440067 0.673139 0.000000
-0.665328 0.166594 0.000000
0.448644 -0.512798 0.000000
-0.647115 -0.230039 0.000000
-0.506161 0.301766 0.000000
-0.232787 -0.040316 0.000000
-0.575671 -0.056950 0.000000
-0.436553 0.303831 0.000000
-0.194586 0.004555 0.000000
-0.629099 0.339131 0.000000
0.125055 -0.363623 0.000000
-0.184457 -0.320108 0.000000
-0.183514 0.184027 0.000000
-0.439229 0.729415 0.000000
-0.052858 0.080841 0.000000
-0.177971 0.011140 0.000000
-0.112208 0.030733 0.000000
0.000000 0.000000 0.000000
-0.120915 0.021596 0.000000
0.016295 0.267865 0.000000
-0.166403 -0.133931 0.000000
0.028598 -0.221648 0.000000
-0.605812 -0.070650 0.000000
0.418300 0.259291 0.000000
-0.151601 -0.039606 0.000000
-0.167190 -0.322005 0.000000
-0.543664 0.109710 0.000000
0.043115 0.498434 0.000000
-0.466634 -0.197730 0.000000
-0.113080 -0.284770 0.000000
-0.467098 0.728663 0.000000
-0.590698 -0.182794 0.000000
-0.221093 0.121147 0.000000
-0.733132 0.265762 0.000000
0.401269 0.353185 0.000000
-0.324196 0.014198 0.000000
0.121555 0.045974 0.000000
-0.077332 0.228267 0.000000
-0.327852 -0.203705 0.000000
-0.414158 0.009241 0.000000
0.021891 0.151115 0.000000
-0.633818 0.236251 0.000000
-0.222463 0.458784 0.000000
-0.435888 -0.120202 0.000000
0.032717 -0.492859 0.000000
-0.295555 -0.149847 0.000000
-0.217818 0.017806 0.000000
-0.105985 -0.012766 0.000000
0.000000 0.000000 0.000000
-0.057737 0.036962 0.000000
-0.040544 -0.079192 0.000000
-0.306152 -0.103569 0.000000
0.431232 0.586384 0.000000
-0.730042 -0.214559 0.000000
0.410045 0.038337 0.000000
-1.707760 -0.572844 0.000000
1.759401 1.083430 0.000000
-1.258182 -0.549138 0.000000
0.443712 -0.308001 0.000000
-0.755820 0.110270 0.000000
-0.105281 0.720107 0.000000
-0.465523 -0.481039 0.000000
0.266246 -0.417800 0.000000
-0.062506 0.094260 0.000000
-0.264274 0.226875 0.000000
-0.904321 -0.186070 0.000000
-1.026351 0.210201 0.000000
-0.623432 0.217205 0.000000
-0.776576 0.137133 0.000000
-0.255867 -0.042446 0.000000
-0.707589 0.414579 0.000000
0.137097 -0.502839 0.000000
-0.696744 0.076861 0.000000
0.248007 -0.282465 0.000000
-0.278184 0.031588 0.000000
-0.125343 0.459144 0.000000
-0.261124 0.157745 0.000000
-0.044483 -0.069641 0.000000
-0.111869 -0.058425 0.000000
0.000000 0.000000 0.000000
-0.048619 0.009160 0.000000
-0.003869 0.105926 0.000000
-0.216800 0.088151 0.000000
-0.039468 -0.212941 0.000000
-0.267003 -0.257931 0.000000
0.055837 0.336169 0.000000
-0.277620 0.062107 0.000000
-0.289296 -0.265604 0.000000
-0.617334 -0.116796 0.000000
0.426781 1.056194 0.000000
-0.975997 -0.377089 0.000000
0.422122 -0.396420 0.000000
-0.762737 0.234612 0.000000
-0.407170 0.736616 0.000000
-1.466161 -0.107690 0.000000
0.398311 0.335215 0.000000
-0.572710 0.117505 0.000000
-0.174744 0.033941 0.000000
-0.114156 -0.302657 0.000000
-0.398326 -0.220830 0.000000
-0.325811 0.169967 0.000000
-0.406465 -0.007175 0.000000
-0.290821 0.117990 0.000000
-0.096696 0.382097 0.000000
-0.474384 -0.640544 0.000000
-0.304193 0.630203 0.000000
-0.095144 -1.028866 0.000000
-0.158433 -0.379892 0.000000
-0.171380 -0.110177 0.000000
-0.127480 -0.083876 0.000000
0.000000 0.000000 0.000000
-0.088553 0.040286 0.000000
-0.011694 0.072058 0.000000
-0.003145 -0.088892 0.000000
-0.214222 0.174094 0.000000
0.047676 0.208394 0.000000
-0.301954 0.074368 0.000000
-0.074588 -0.206880 0.000000
-0.237391 0.238911 0.000000
-0.156082 0.169024 0.000000
-0.214657 -0.814351 0.000000
-0.520345 0.114391 0.000000
0.202351 0.905219 0.000000
-1.315335 -0.118294 0.000000
0.545710 -0.378490 0.000000
0.440278 -0.183502 0.000000
-0.615990 -0.019494 0.000000
-0.156514 0.527497 0.000000
-0.590116 0.383727 0.000000
-0.477347 0.376592 0.000000
-0.386428 0.066301 0.000000
-0.183739 0.175067 0.000000
-0.289656 -0.365366 0.000000
-0.298531 -0.333537 0.000000
-0.129219 -0.246730 0.000000
-0.082855 0.693132 0.000000
0.211824 0.129434 0.000000
-0.272925 0.503181 0.000000
0.029552 0.229930 0.000000
-0.157318 -0.091168 0.000000
-0.132590 -0.099407 0.000000
0.000000 0.000000 0.000000
0.012690 0.023828 0.000000
-0.123606 -0.104611 0.000000
-0.049370 0.264604 0.000000
-0.190026 -0.076522 0.000000
0.073584 0.031023 0.000000
-0.389217 -0.515090 0.000000
0.236716 0.806913 0.000000
-0.457208 -0.132454 0.000000
-0.179026 0.141580 0.000000
-0.408503 0.750443 0.000000
-0.486790 0.351404 0.000000
-0.098659 -0.903212 0.000000
-0.809477 -0.007571 0.000000
0.227184 1.056467 0.000000
-5.758898 -0.770764 0.000000
4.934695 1.122723 0.000000
-1.649972 -1.302429 0.000000
-0.201928 -0.468611 0.000000
0.170004 0.024612 0.000000
-0.325495 -0.085904 0.000000
-0.721740 -0.268878 0.000000
-0.006708 0.245338 0.000000
-0.217049 0.412430 0.000000
-0.261713 -0.554037 0.000000
-0.242629 -0.424462 0.000000
-0.615442 -0.592049 0.000000
0.150106 0.103096 0.000000
-0.336931 -0.682932 0.000000
0.005378 -0.072069 0.000000
-0.146820 -0.097787 0.000000
0.000000 0.000000 0.000000
-0.113717 -0.004929 0.000000
0.037423 0.252377 0.000000
-0.033467 -0.081671 0.000000
-0.107334 -0.127039 0.000000
-0.158565 0.134243 0.000000
-0.058466 0.478205 0.000000
-0.400171 -0.223274 0.000000
0.138084 -0.261794 0.000000
-0.674211 0.513969 0.000000
0.172524 -0.580536 0.000000
-0.267678 0.011689 0.000000
-0.543787 0.793771 0.000000
0.170213 0.260513 0.000000
-0.860550 -0.636203 0.000000
-1.066761 -0.523847 0.000000
-1.272719 0.449709 0.000000
0.127081 0.946985 0.000000
-0.372734 -0.060001 0.000000
-0.900678 0.212750 0.000000
0.200035 0.338524 0.000000
-0.497815 -0.301998 0.000000
-0.132640 -0.013900 0.000000
-0.538955 -0.517784 0.000000
-0.081351 0.941246 0.000000
0.342001 -0.967828 0.000000
0.151890 0.527773 0.000000
-0.086102 0.099053 0.000000
-0.002117 0.216650 0.000000
-0.197927 -0.081421 0.000000
-0.138961 -0.086963 0.000000
0.000000 0.000000 0.000000
-0.040102 0.021602 0.000000
-0.069888 -0.128557 0.000000
-0.174042 -0.048057 0.000000
0.036938 0.385860 0.000000
-0.145791 -0.055692 0.000000
-0.025317 -0.299768 0.000000
-0.054352 0.114840 0.000000
-0.315658 0.543857 0.000000
-0.000996 -0.090412 0.000000
-0.493272 0.242506 0.000000
-0.251621 0.252592 0.000000
-0.319253 -0.108079 0.000000
-0.290325 -0.162516 0.000000
-0.107151 0.495662 0.000000
0.600638 0.815164 0.000000
-1.169549 -0.830666 0.000000
0.628315 0.414552 0.000000
-0.408291 -0.709199 0.000000
0.031390 -0.148977 0.000000
0.172495 0.037500 0.000000
0.220622 0.520303 0.000000
-0.017158 0.184001 0.000000
0.102088 -0.169571 0.000000
-0.336718 0.420506 0.000000
-0.687674 -0.106959 0.000000
0.353350 -0.240837 0.000000
-0.398069 -0.670099 0.000000
-0.129213 -0.065655 0.000000
-0.029879 -0.111550 0.000000
-0.088091 -0.085000 0.000000
0.000000 0.000000 0.000000
-0.100487 -0.014389 0.000000
0.102615 0.149157 0.000000
-0.329470 0.077988 0.000000
0.216958 -0.134327 0.000000
-0.697033 -0.193208 0.000000
0.515889 0.596868 0.000000
-0.561736 0.141607 0.000000
0.003187 -0.394019 0.000000
-0.404809 0.221980 0.000000
-0.151500 0.135189 0.000000
-0.090032 -0.127014 0.000000
-0.390614 0.038224 0.000000
-0.078635 0.437896 0.000000
-0.826284 -0.059803 0.000000
-0.613198 -0.631017 0.000000
-0.304788 0.306909 0.000000
-0.480946 -0.047099 0.000000
-0.778909 0.083753 0.000000
-0.221547 0.198625 0.000000
-0.822337 0.081668 0.000000
-0.719621 -0.336522 0.000000
0.262650 -0.466900 0.000000
0.346528 0.674470 0.000000
-0.284127 0.478923 0.000000
0.557999 0.180058 0.000000
-0.346107 0.275302 0.000000
0.063437 0.917739 0.000000
-0.050500 -0.222898 0.000000
-0.084930 -0.032472 0.000000
-0.094743 -0.085445 0.000000
0.000000 0.000000 0.000000
-0.089627 -0.003903 0.000000
0.001088 0.005312 0.000000
-0.088444 -0.252058 0.000000
-0.067649 0.268239 0.000000
-0.209667 0.061239 0.000000
0.109093 -0.206746 0.000000
-0.474062 -0.598594 0.000000
0.719389 1.191990 0.000000
-0.956213 -0.223678 0.000000
0.234575 -0.027125 0.000000
-1.140977 0.238538 0.000000
0.220728 0.172386 0.000000
-0.019186 -0.024629 0.000000
-0.327751 -0.100448 0.000000
1.121044 1.158888 0.000000
-1.712562 -0.768949 0.000000
0.414774 -0.018902 0.000000
-0.440727 -0.323959 0.000000
0.309478 0.165412 0.000000
-0.432556 -0.669925 0.000000
-0.866432 0.703118 0.000000
-0.891285 0.064819 0.000000
-0.486865 -0.939794 0.000000
0.003575 0.069234 0.000000
-0.861161 -0.624993 0.000000
0.508570 1.132821 0.000000
-0.245510 -1.160915 0.000000
0.026623 0.271091 0.000000
-0.103507 -0.119809 0.000000
-0.068302 -0.076784 0.000000
0.000000 0.000000 0.000000
-0.061784 -0.031473 0.000000
-0.097597 -0.075477 0.000000
-0.083873 0.299530 0.000000
-0.057162 -0.096560 0.000000
-0.081215 -0.269183 0.000000
-0.257276 0.312871 0.000000
-0.174494 0.283213 0.000000
-0.516473 -0.685782 0.000000
-0.006983 -0.188216 0.000000
-0.265100 0.630802 0.000000
-0.347865 -0.326168 0.000000
0.053348 -0.116110 0.000000
-1.254791 -0.260257 0.000000
1.076186 0.768869 0.000000
-1.333548 -0.743658 0.000000
-0.280002 -0.173682 0.000000
-0.338872 0.390152 0.000000
-0.174651 -0.222724 0.000000
-0.547004 -0.334928 0.000000
0.111388 -0.343265 0.000000
0.564083 0.013028 0.000000
-0.415006 -0.805211 0.000000
-0.295886 0.109904 0.000000
0.558557 0.895659 0.000000
-0.553834 -1.083777 0.000000
-0.411795 -0.636506 0.000000
-0.085329 0.245623 0.000000
-0.084145 0.137074 0.000000
0.032671 -0.064402 0.000000
-0.042089 -0.072129 0.000000
0.000000 0.000000 0.000000
-0.086894 -0.013733 0.000000
-0.062846 0.060212 0.000000
0.007217 -0.180399 0.000000
-0.191290 -0.195780 0.000000
-0.065219 0.508466 0.000000
-0.122616 -0.387505 0.000000
0.145927 -0.242058 0.000000
-0.377167 0.452810 0.000000
0.168039 0.101237 0.000000
-0.534668 -0.326661 0.000000
-0.004672 -0.055369 0.000000
-0.475581 0.335510 0.000000
-0.356449 -0.055995 0.000000
-0.686244 -0.430145 0.000000
-0.322950 0.030322 0.000000
0.382323 0.271365 0.000000
-0.752901 -0.327106 0.000000
0.303965 -0.175569 0.000000
-0.433274 0.599548 0.000000
-0.066137 -0.404590 0.000000
-0.309046 -0.496677 0.000000
-0.191834 0.236516 0.000000
-0.087848 0.139506 0.000000
-0.772425 -1.217962 0.000000
-0.065275 -0.194906 0.000000
-0.390059 -1.102445 0.000000
0.023061 0.076067 0.000000
-0.133840 -0.599204 0.000000
-0.002738 0.001539 0.000000
-0.009050 -0.098850 0.000000
0.000000 0.000000 0.000000
-0.048391 -0.020729 0.000000
-0.072168 -0.091571 0.000000
-0.051933 0.131807 0.000000
-0.233051 0.027198 0.000000
0.142782 -0.202734 0.000000
-0.442344 0.010621 0.000000
0.043861 0.367329 0.000000
-0.489192 -0.391179 0.000000
-0.116068 -0.221997 0.000000
-0.130563 -0.032330 0.000000
-0.287164 0.115694 0.000000
-0.204550 -0.269114 0.000000
0.018625 -0.210054 0.000000
-0.114312 0.115123 0.000000
-0.394471 0.004675 0.000000
-0.311278 -0.271324 0.000000
-0.702385 -0.123333 0.000000
-0.012305 0.360924 0.000000
-0.554856 -1.102997 0.000000
0.208148 0.908632 0.000000
-0.445918 -0.226901 0.000000
-0.061773 -0.332621 0.000000
0.211940 0.541210 0.000000
-0.313767 -0.901960 0.000000
0.151132 0.671377 0.000000
-0.062907 -0.151662 0.000000
0.452239 1.489347 0.000000
-0.159704 -0.039876 0.000000
-0.005828 -0.063649 0.000000
0.025832 -0.115513 0.000000
0.000000 0.000000 0.000000
-0.064338 -0.036702 0.000000
-0.110046 0.020718 0.000000
0.000185 -0.092444 0.000000
-0.059546 -0.122833 0.000000
-0.200423 0.036620 0.000000
-0.012309 -0.036678 0.000000
-0.001713 -0.188533 0.000000
0.020349 -0.013549 0.000000
-0.228027 0.089502 0.000000
-0.399908 0.132736 0.000000
-0.098600 -0.093380 0.000000
-0.524028 -0.174089 0.000000
-0.041160 0.217630 0.000000
-0.580279 -0.004343 0.000000
0.065140 -0.295931 0.000000
-0.602330 0.126852 0.000000
0.350444 -0.097274 0.000000
-0.299602 -0.250242 0.000000
-0.302157 -0.072684 0.000000
-0.254558 -0.502943 0.000000
-0.537203 -0.537821 0.000000
0.198473 0.449539 0.000000
-0.449101 0.182429 0.000000
-0.340465 0.004037 0.000000
-0.665475 -0.458951 0.000000
0.538640 -0.537345 0.000000
-0.663857 -1.934246 0.000000
0.228631 -0.049564 0.000000
-0.009040 -0.172324 0.000000
0.041545 -0.127532 0.000000
0.000000 0.000000 0.000000
-0.080381 -0.007289 0.000000
0.035844 -0.010852 0.000000
-0.206429 -0.095274 0.000000
0.123075 0.067260 0.000000
-0.330286 -0.061418 0.000000
0.056326 -0.066764 0.000000
-0.536145 -0.138168 0.000000
-0.017047 0.153270 0.000000
-0.111351 -0.087509 0.000000
-0.058518 -0.537889 0.000000
-0.321225 0.143871 0.000000
-0.042553 0.005878 0.000000
-0.052956 -0.302007 0.000000
-0.263906 -0.399282 0.000000
0.080338 0.186860 0.000000
-0.477696 -0.219906 0.000000
-0.029652 -0.182701 0.000000
-0.660366 -0.162161 0.000000
0.461236 0.147736 0.000000
-0.625863 -0.151507 0.000000
0.424162 0.262833 0.000000
-0.738778 -0.700833 0.000000
-0.066055 0.143663 0.000000
-0.008072 -0.451925 0.000000
-0.613415 0.357375 0.000000
0.536465 0.882995 0.000000
0.048288 0.215639 0.000000
-0.341054 0.105845 0.000000
0.030714 -0.212064 0.000000
0.065777 -0.155934 0.000000
0.000000 0.000000 0.000000
-0.074703 -0.039624 0.000000
-0.049699 -0.067633 0.000000
-0.058845 0.032705 0.000000
-0.079290 -0.020663 0.000000
-0.006502 -0.276421 0.000000
-0.170005 0.134660 0.000000
-0.129751 -0.131533 0.000000
0.129506 -0.117127 0.000000
-0.763258 -0.586637 0.000000
0.546576 1.149443 0.000000
-0.872868 -0.501076 0.000000
-0.011461 -0.132323 0.000000
-0.523272 0.072641 0.000000
-0.006155 0.258342 0.000000
-0.412593 -0.120084 0.000000
-0.017869 -0.240662 0.000000
-0.139136 0.149085 0.000000
-0.170731 -0.171578 0.000000
0.099322 -0.344003 0.000000
-0.532418 -0.185833 0.000000
0.128303 -0.027554 0.000000
-1.072855 0.179546 0.000000
0.652702 -0.445064 0.000000
-0.676741 0.172734 0.000000
0.361527 -0.427567 0.000000
-0.193642 -0.775518 0.000000
-0.515077 -0.840047 0.000000
0.435028 -0.254129 0.000000
-0.091488 -0.193586 0.000000
0.062674 -0.186661 0.000000
0.000000 0.000000 0.000000
-0.056390 -0.016759 0.000000
-0.065318 0.046643 0.000000
0.047478 -0.135338 0.000000
-0.247826 -0.138072 0.000000
0.063953 0.211950 0.000000
-0.180067 -0.036636 0.000000
-0.136062 -0.267355 0.000000
-0.273329 0.176428 0.000000
-0.142476 0.103730 0.000000
-0.281901 -0.922013 0.000000
0.087508 -0.051386 0.000000
-0.223046 0.291369 0.000000
-0.295763 -0.407445 0.000000
-0.073255 -0.367870 0.000000
-0.173671 -0.306837 0.000000
-0.249875 0.319947 0.000000
-0.193004 -0.399196 0.000000
-0.314906 0.031149 0.000000
-0.077513 -0.044422 0.000000
-0.119706 0.054942 0.000000
-0.143436 -0.611710 0.000000
0.303470 -0.112217 0.000000
0.128668 -0.233785 0.000000
-0.243824 -0.515048 0.000000
0.094119 0.206176 0.000000
-0.524953 -0.001661 0.000000
0.691673 0.540345 0.000000
-0.461416 -0.072016 0.000000
0.074993 -0.208617 0.000000
0.053835 -0.212476 0.000000
0.000000 0.000000 0.000000
-0.082249 -0.020134 0.000000
0.021332 -0.110907 0.000000
-0.149053 0.136841 0.000000
-0.036210 -0.070056 0.000000
-0.031697 -0.158229 0.000000
-0.169823 -0.347065 0.000000
0.075930 0.523658 0.000000
-0.336396 -0.445981 0.000000
0.128102 -0.052778 0.000000
-0.573340 0.611907 0.000000
0.068902 -0.095461 0.000000
-0.352329 -0.242382 0.000000
-0.052499 0.063924 0.000000
-0.348520 0.261507 0.000000
-0.201901 -0.152138 0.000000
0.047125 -0.247838 0.000000
-0.415857 -0.025136 0.000000
0.340281 -0.122769 0.000000
-0.485995 -0.274516 0.000000
0.092516 -0.150261 0.000000
-0.696270 0.314855 0.000000
0.195518 -0.302672 0.000000
-0.450739 -0.095243 0.000000
-0.022547 -0.048724 0.000000
-0.166779 -0.361479 0.000000
-0.005422 -0.456595 0.000000
-0.401402 -0.917296 0.000000
0.280654 -0.272592 0.000000
0.045029 -0.251010 0.000000
0.046346 -0.216987 0.000000
0.000000 0.000000 0.000000
-0.071834 -0.020960 0.000000
-0.037010 0.042177 0.000000
-0.031608 -0.115319 0.000000
-0.052593 -0.094889 0.000000
-0.125300 0.161970 0.000000
-0.139200 0.052190 0.000000
-0.157858 -0.251682 0.000000
-0.147335 0.031861 0.000000
-0.282334 0.248174 0.000000
-0.113789 -0.565070 0.000000
-0.106721 -0.161869 0.000000
-0.327439 -0.020364 0.000000
0.025619 -0.038441 0.000000
-0.158685 -0.377550 0.000000
-0.049204 -0.128907 0.000000
-0.338075 0.009997 0.000000
-0.063507 -0.055839 0.000000
-0.302870 -0.113079 0.000000
-0.129815 -0.022828 0.000000
-0.244602 -0.121691 0.000000
0.304305 -0.339004 0.000000
-0.254412 -0.362468 0.000000
-0.030103 -0.091862 0.000000
-0.151633 -0.297870 0.000000
-0.140155 -0.257622 0.000000
0.124145 0.072906 0.000000
0.070488 0.422491 0.000000
-0.144622 -0.218083 0.000000
-0.074351 -0.232523 0.000000
0.039980 -0.227069 0.000000
0.000000 0.000000 0.000000
-0.087537 -0.000902 0.000000
0.004095 -0.031476 0.000000
-0.050547 0.021626 0.000000
-0.151849 0.063880 0.000000
-0.031642 -0.172437 0.000000
-0.014129 -0.137145 0.000000
-0.243507 0.155241 0.000000
0.001664 -0.102893 0.000000
-0.157846 -0.095471 0.000000
-0.223158 0.206306 0.000000
-0.073842 0.053162 0.000000
-0.377396 -0.025526 0.000000
-0.094603 -0.036396 0.000000
-0.530088 0.051366 0.000000
0.367149 0.116081 0.000000
-0.495807 -0.245613 0.000000
0.244008 -0.234785 0.000000
-0.507326 0.003952 0.000000
0.499621 -0.170614 0.000000
-0.405085 -0.255409 0.000000
-0.108697 -0.010652 0.000000
-0.015555 0.033756 0.000000
-0.249951 -0.274412 0.000000
0.130660 -0.241036 0.000000
-0.092432 -0.004960 0.000000
-0.530525 -1.107366 0.000000
0.034419 -0.469225 0.000000
0.121214 -0.337859 0.000000
0.040354 -0.238302 0.000000
0.014248 -0.218192 0.000000
0.000000 0.000000 0.000000
-0.082458 -0.023010 0.000000
-0.033265 -0.044456 0.000000
-0.108995 0.000144 0.000000
-0.001840 -0.053919 0.000000
-0.166729 0.062903 0.000000
-0.135566 0.074266 0.000000
-0.159198 -0.064157 0.000000
-0.136451 -0.028160 0.000000
-0.280128 -0.008431 0.000000
0.005888 -0.128929 0.000000
-0.241662 -0.172897 0.000000
0.000165 -0.222562 0.000000
-0.279324 -0.000911 0.000000
-0.086764 -0.071164 0.000000
-0.257031 -0.376665 0.000000
-0.016122 0.019521 0.000000
-0.377892 0.251255 0.000000
-0.153423 -0.317606 0.000000
-0.308322 -0.089823 0.000000
0.113322 0.087561 0.000000
-0.117068 -0.455919 0.000000
0.046205 -0.273030 0.000000
-0.085645 -0.199613 0.000000
-0.039710 0.012251 0.000000
-0.513710 -1.215591 0.000000
0.591127 0.777557 0.000000
-0.018664 -0.020589 0.000000
-0.195559 -0.084249 0.000000
-0.006037 -0.231209 0.000000
-0.015362 -0.195876 0.000000
0.000000 0.000000 0.000000
-0.094387 -0.021663 0.000000
-0.000218 0.036759 0.000000
-0.062891 -0.049714 0.000000
-0.139407 -0.043578 0.000000
-0.072843 0.006667 0.000000
-0.070287 -0.084160 0.000000
-0.107502 -0.094848 0.000000
-0.121325 0.007594 0.000000
-0.225197 0.063172 0.000000
-0.097262 -0.016449 0.000000
-0.252989 0.024738 0.000000
-0.108795 0.195600 0.000000
-0.211634 -0.153009 0.000000
-0.103953 -0.123904 0.000000
0.083128 0.106440 0.000000
-0.603367 0.059192 0.000000
0.829469 -0.926478 0.000000
0.128152 -0.127171 0.000000
-0.172634 0.190564 0.000000
0.153734 -0.426126 0.000000
-0.171851 0.144870 0.000000
-0.022285 -0.010327 0.000000
-0.215255 -0.241820 0.000000
0.233995 -0.172091 0.000000
0.124064 0.452077 0.000000
-0.031991 -0.504722 0.000000
-0.286638 -0.226552 0.000000
0.313553 -0.334228 0.000000
-0.056334 -0.211283 0.000000
-0.039250 -0.172090 0.000000
0.000000 0.000000 0.000000
-0.089105 -0.021168 0.000000
-0.058722 -0.086939 0.000000
-0.070636 0.046595 0.000000
-0.132214 0.013923 0.000000
-0.056162 -0.057945 0.000000
-0.212032 0.006555 0.000000
-0.140990 0.137992 0.000000
-0.175316 -0.052660 0.000000
-0.000550 -0.233305 0.000000
-0.364349 0.107586 0.000000
0.054018 -0.180007 0.000000
-0.154059 -0.278415 0.000000
-0.114582 -0.076275 0.000000
0.035423 0.161598 0.000000
-0.403332 -0.384350 0.000000
0.226899 -0.218732 0.000000
-1.773158 1.205478 0.000000
1.237083 -0.949254 0.000000
-0.201934 -0.428221 0.000000
0.042900 0.001548 0.000000
-0.333617 -0.115468 0.000000
0.395976 -0.393302 0.000000
-0.176579 -0.128729 0.000000
-0.055471 -0.342676 0.000000
-0.133353 -0.439548 0.000000
0.038274 -0.013881 0.000000
0.086888 -0.040541 0.000000
-0.194471 -0.046381 0.000000
-0.030693 -0.155511 0.000000
-0.062330 -0.134305 0.000000
0.000000 0.000000 0.000000
-0.093057 -0.021578 0.000000
-0.016832 0.045256 0.000000
-0.098430 -0.074359 0.000000
-0.082657 -0.099183 0.000000
-0.157067 0.077785 0.000000
-0.116609 -0.049051 0.000000
-0.019002 -0.201480 0.000000
-0.217079 0.000628 0.000000
-0.195756 0.193506 0.000000
-0.027579 -0.209383 0.000000
-0.224409 0.045717 0.000000
0.001036 0.132414 0.000000
-0.345420 -0.050618 0.000000
0.094741 -0.288348 0.000000
-0.134328 0.027971 0.000000
-0.060999 0.287329 0.000000
-0.132529 -0.657662 0.000000
-0.062983 0.068190 0.000000
-0.683361 0.491871 0.000000
0.574663 -0.424286 0.000000
0.100771 -0.450197 0.000000
0.084361 0.025029 0.000000
-0.043917 -0.067954 0.000000
0.205799 0.030248 0.000000
0.007617 -0.033820 0.000000
0.097518 -0.154901 0.000000
-0.294438 -0.243034 0.000000
0.190961 -0.198881 0.000000
-0.031020 -0.139872 0.000000
-0.083186 -0.100238 0.000000
0.000000 0.000000 0.000000
-0.101530 -0.022399 0.000000
-0.031417 -0.084164 0.000000
-0.123040 0.030704 0.000000
-0.111707 0.023506 0.000000
-0.107727 -0.102210 0.000000
-0.105942 -0.012166 0.000000
-0.355552 0.205970 0.000000
0.097127 -0.170641 0.000000
-0.222081 -0.098777 0.000000
-0.053680 -0.037377 0.000000
-0.278500 -0.035643 0.000000
0.056845 -0.267675 0.000000
-0.105497 -0.152288 0.000000
-0.092871 0.200352 0.000000
-0.263045 -0.220447 0.000000
0.111910 -0.338156 0.000000
-0.150956 0.068013 0.000000
-0.099990 -0.048978 0.000000
0.031059 -0.488744 0.000000
0.097000 -0.202863 0.000000
-1.238253 1.080687 0.000000
1.666972 -1.511646 0.000000
-0.418023 -0.165949 0.000000
0.146598 -0.388607 0.000000
-0.219025 0.030965 0.000000
0.190081 -0.258331 0.000000
0.026377 0.026865 0.000000
0.081126 -0.042000 0.000000
-0.127723 -0.067733 0.000000
-0.099822 -0.061404 0.000000
0.000000 0.000000 0.000000
-0.059758 -0.026240 0.000000
-0.046022 -0.014714 0.000000
-0.159776 -0.035485 0.000000
-0.014514 -0.057882 0.000000
-0.262426 0.004591 0.000000
-0.000490 -0.023401 0.000000
-0.181352 -0.167757 0.000000
-0.098632 0.026501 0.000000
-0.237464 -0.004993 0.000000
0.018059 -0.025595 0.000000
-0.161954 -0.038926 0.000000
-0.084087 0.029491 0.000000
-0.226589 -0.010520 0.000000
-0.046050 -0.152684 0.000000
0.135933 -0.223370 0.000000
-0.261390 0.269338 0.000000
-0.018191 -0.306923 0.000000
0.173059 -0.201727 0.000000
-0.104763 0.170667 0.000000
-0.064170 -0.018620 0.000000
-0.035891 -0.306424 0.000000
-0.921229 0.844597 0.000000
0.397046 -0.087114 0.000000
-0.229964 0.250581 0.000000
0.110825 -0.122591 0.000000
-0.104114 0.000314 0.000000
0.003930 -0.130716 0.000000
-0.167852 -0.039166 0.000000
0.019904 -0.040374 0.000000
-0.108850 -0.024201 0.000000
0.000000 0.000000 0.000000
-0.099302 -0.010975 0.000000
-0.035070 -0.015025 0.000000
-0.140189 -0.027027 0.000000
-0.116161 -0.029039 0.000000
-0.131075 -0.015475 0.000000
-0.128844 0.017374 0.000000
-0.233747 -0.011403 0.000000
0.039280 -0.036826 0.000000
-0.280937 -0.053225 0.000000
0.031462 -0.129709 0.000000
-0.252582 -0.061810 0.000000
0.062668 -0.083761 0.000000
-0.085971 -0.091612 0.000000
0.059257 -0.182298 0.000000
-0.541173 0.258400 0.000000
0.285512 -0.296343 0.000000
-0.060409 -0.181682 0.000000
-0.238290 0.201389 0.000000
0.085346 -0.464289 0.000000
0.096536 0.053900 0.000000
-0.022924 -0.088357 0.000000
0.432589 -0.315169 0.000000
-0.061349 -0.353578 0.000000
0.149063 -0.313996 0.000000
-0.085623 -0.056931 0.000000
0.107460 -0.023289 0.000000
-0.097828 0.041050 0.000000
0.116041 -0.066396 0.000000
-0.138563 0.001197 0.000000
-0.115864 0.002421 0.000000
0.000000 0.000000 0.000000
-0.054876 -0.019254 0.000000
-0.078321 -0.072289 0.000000
-0.073965 0.014884 0.000000
-0.194142 0.017961 0.000000
-0.069621 -0.090247 0.000000
-0.170854 -0.049196 0.000000
-0.117493 0.018386 0.000000
-0.103826 -0.063486 0.000000
-0.095202 -0.064639 0.000000
-0.115544 0.090381 0.000000
-0.113143 -0.045057 0.000000
0.001775 -0.047717 0.000000
-0.262458 -0.107026 0.000000
0.074562 0.196680 0.000000
-0.093644 -0.363344 0.000000
-0.001647 -0.031962 0.000000
-0.355930 0.231926 0.000000
0.366955 -0.184576 0.000000
-0.140006 -0.016839 0.000000
0.097708 -0.026062 0.000000
-0.316788 0.046785 0.000000
0.167535 -0.001565 0.000000
-0.153973 0.300123 0.000000
0.101918 0.149955 0.000000
-0.089774 0.062761 0.000000
0.065964 -0.097172 0.000000
-0.074940 -0.048541 0.000000
-0.173946 0.107767 0.000000
-0.004297 0.011539 0.000000
-0.110483 0.023446 0.000000
0.000000 0.000000 0.000000
-0.068399 -0.000016 0.000000
-0.076227 0.050737 0.000000
-0.148223 -0.031502 0.000000
-0.069023 -0.072994 0.000000
-0.200049 0.109842 0.000000
-0.145036 -0.014877 0.000000
-0.074434 -0.065907 0.000000
-0.191426 0.032370 0.000000
-0.087222 0.032305 0.000000
-0.061266 -0.136995 0.000000
-0.075793 -0.098715 0.000000
-0.057875 0.066578 0.000000
-0.053669 -0.087514 0.000000
0.016021 -0.133537 0.000000
-0.224983 0.134404 0.000000
0.247329 0.092411 0.000000
-0.332719 -0.317122 0.000000
0.118658 -0.138103 0.000000
-0.402922 0.326491 0.000000
0.480364 -0.361062 0.000000
0.094240 -0.147030 0.000000
0.137165 -0.124347 0.000000
-0.174027 0.018367 0.000000
0.319887 -0.367625 0.000000
-0.032505 -0.134555 0.000000
0.013079 0.096244 0.000000
-0.040646 0.076690 0.000000
0.024705 -0.091736 0.000000
-0.109904 0.011475 0.000000
-0.105628 0.032934 0.000000
0.000000 0.000000 0.000000
-0.098135 0.005323 0.000000
-0.034069 -0.071220 0.000000
-0.126552 0.051979 0.000000
-0.143786 0.048843 0.000000
-0.084958 -0.103593 0.000000
-0.141867 0.001875 0.000000
-0.183649 0.075022 0.000000
-0.035736 -0.048737 0.000000
-0.097479 -0.044245 0.000000
-0.104039 0.076618 0.000000
-0.083113 0.081858 0.000000
-0.054987 -0.103275 0.000000
-0.092708 0.005253 0.000000
-0.047837 0.104541 0.000000
-0.067723 -0.158268 0.000000
-0.071996 -0.081929 0.000000
0.087324 0.177760 0.000000
-0.253266 0.193075 0.000000
0.184016 -0.347840 0.000000
-0.218736 0.188565 0.000000
-0.157291 0.182644 0.000000
0.126212 -0.023942 0.000000
0.044807 -0.041311 0.000000
-0.067123 0.241225 0.000000
-0.194671 0.289055 0.000000
0.276117 -0.267703 0.000000
-0.172232 0.025915 0.000000
-0.033436 0.127940 0.000000
-0.093958 0.046071 0.000000
-0.102491 0.039888 0.000000
0.000000 0.000000 0.000000
-0.035036 0.005345 0.000000
-0.141327 0.036897 0.000000
-0.103141 -0.021162 0.000000
-0.099427 0.005408 0.000000
-0.218546 0.061383 0.000000
-0.053742 0.015955 0.000000
-0.182895 -0.026957 0.000000
-0.059314 0.011502 0.000000
-0.220891 0.083433 0.000000
0.049013 -0.058872 0.000000
-0.083088 -0.029922 0.000000
-0.016668 0.029350 0.000000
-0.106624 0.042430 0.000000
0.006104 -0.044295 0.000000
-0.040235 0.083789 0.000000
-0.050433 0.102880 0.000000
-0.010921 -0.148320 0.000000
-0.025278 -0.042282 0.000000
0.054800 0.144917 0.000000
-0.056455 0.003305 0.000000
0.280831 -0.172441 0.000000
0.020751 -0.077336 0.000000
-0.202165 0.448218 0.000000
0.390761 -0.550625 0.000000
0.066894 -0.234511 0.000000
-0.189766 0.209334 0.000000
0.172476 0.063956 0.000000
-0.169743 -0.059381 0.000000
-0.057942 0.022798 0.000000
-0.102923 0.043193 0.000000
0.000000 0.000000 0.000000
-0.088864 0.034806 0.000000
-0.051706 0.012592 0.000000
-0.149230 0.026021 0.000000
-0.107613 0.035395 0.000000
-0.114489 0.010003 0.000000
-0.136011 0.048264 0.000000
-0.142532 0.021582 0.000000
-0.076519 0.062041 0.000000
-0.135221 0.020251 0.000000
-0.029281 0.038261 0.000000
-0.190788 0.078271 0.000000
0.004490 0.070459 0.000000
-0.031559 0.024291 0.000000
-0.100008 0.014111 0.000000
-0.036433 0.040796 0.000000
0.000211 -0.003137 0.000000
-0.086103 0.107741 0.000000
0.184878 0.126177 0.000000
-0.275753 -0.000679 0.000000
0.227208 -0.056400 0.000000
-0.388695 0.286496 0.000000
0.612454 -0.116888 0.000000
-0.507024 0.235833 0.000000
0.011908 0.358185 0.000000
-0.220427 0.336732 0.000000
0.231543 -0.211278 0.000000
-0.160597 0.046339 0.000000
0.050620 0.085587 0.000000
-0.140983 0.056334 0.000000
-0.107647 0.046312 0.000000
0.000000 0.000000 0.000000
-0.078000 0.041175 0.000000
-0.085476 -0.020471 0.000000
-0.110179 0.078536 0.000000
-0.138074 0.047707 0.000000
-0.121275 0.002588 0.000000
-0.168047 0.041621 0.000000
-0.089638 0.064204 0.000000
-0.103400 0.046151 0.000000
-0.100568 -0.020751 0.000000
-0.087009 0.128869 0.000000
-0.037650 0.035507 0.000000
-0.028244 -0.039070 0.000000
-0.118170 0.077680 0.000000
0.029436 0.136613 0.000000
-0.050074 0.022168 0.000000
-0.026236 0.076037 0.000000
-0.034571 0.052404 0.000000
-0.028382 -0.043517 0.000000
0.026016 0.083248 0.000000
-0.064376 0.193284 0.000000
0.133293 -0.125169 0.000000
-0.123979 0.092155 0.000000
0.248636 -0.059527 0.000000
-0.074702 -0.036855 0.000000
0.082054 -0.161420 0.000000
-0.139183 0.154598 0.000000
0.094426 0.032510 0.000000
-0.218103 0.104599 0.000000
-0.018552 0.040521 0.000000
-0.106501 0.053704 0.000000
0.000000 0.000000 0.000000
-0.063097 0.039939 0.000000
-0.111308 0.067096 0.000000
-0.100683 0.011612 0.000000
-0.130653 -0.004874 0.000000
-0.113089 0.123036 0.000000
-0.142764 0.052710 0.000000
-0.103295 0.036140 0.000000
-0.138641 0.039426 0.000000
-0.039203 0.142033 0.000000
-0.133528 0.026229 0.000000
-0.034110 -0.012739 0.000000
-0.112466 0.277976 0.000000
-0.039656 -0.050645 0.000000
0.007290 0.016921 0.000000
-0.132785 0.109474 0.000000
0.005691 0.108768 0.000000
0.036847 0.040942 0.000000
-0.093127 0.195074 0.000000
0.167900 0.015586 0.000000
-0.225800 0.067331 0.000000
0.246981 0.128229 0.000000
-0.086578 0.145543 0.000000
0.043123 0.075338 0.000000
-0.126308 0.305067 0.000000
0.052040 0.201558 0.000000
-0.075008 0.183436 0.000000
-0.063456 0.066991 0.000000
0.023704 -0.011983 0.000000
-0.107927 0.066794 0.000000
-0.115387 0.062279 0.000000
0.000000 0.000000 0.000000
-0.087780 0.055334 0.000000
-0.060983 -0.012054 0.000000
-0.133626 0.106545 0.000000
-0.104880 0.084735 0.000000
-0.136942 0.020394 0.000000
-0.121237 0.008523 0.000000
-0.106617 0.129631 0.000000
-0.101220 0.044545 0.000000
-0.135396 0.049032 0.000000
0.015353 0.048666 0.000000
-0.184230 0.255564 0.000000
0.049783 -0.121658 0.000000
-0.079028 0.135311 0.000000
-0.101184 0.180804 0.000000
0.032719 0.020645 0.000000
-0.001119 0.055342 0.000000
-0.118498 0.071310 0.000000
0.115057 0.046689 0.000000
-0.103853 0.034056 0.000000
0.130756 0.149477 0.000000
-0.179310 0.028672 0.000000
0.131552 0.009333 0.000000
0.016743 0.055463 0.000000
0.164520 -0.088232 0.000000
-0.110932 -0.048381 0.000000
0.021460 -0.087455 0.000000
0.021381 0.070336 0.000000
-0.127801 0.205351 0.000000
-0.036955 0.079723 0.000000
-0.099261 0.073071 0.000000
0.000000 0.000000 0.000000
-0.066724 0.068198 0.000000
-0.101678 0.061231 0.000000
-0.103170 0.026152 0.000000
-0.082226 0.016659 0.000000
-0.149010 0.091929 0.000000
-0.072919 0.118957 0.000000
-0.170696 0.026691 0.000000
-0.046638 0.062652 0.000000
-0.131448 0.137133 0.000000
-0.056809 0.057272 0.000000
-0.060787 0.036461 0.000000
-0.101254 0.151970 0.000000
-0.039808 0.131791 0.000000
-0.001593 -0.021024 0.000000
-0.075484 0.103651 0.000000
-0.057016 0.159056 0.000000
-0.017631 0.085208 0.000000
0.113984 0.085331 0.000000
-0.187308 0.184085 0.000000
0.311634 -0.022446 0.000000
-0.293099 0.139138 0.000000
0.225902 0.250468 0.000000
-0.279083 0.100478 0.000000
0.224724 0.124858 0.000000
-0.138428 0.553479 0.000000
0.152258 0.166334 0.000000
-0.282864 0.138148 0.000000
0.138052 -0.036685 0.000000
-0.109645 0.088719 0.000000
-0.085685 0.085571 0.000000
0.000000 0.000000 0.000000
-0.077284 0.053450 0.000000
-0.054997 0.024807 0.000000
-0.114172 0.073714 0.000000
-0.105300 0.088629 0.000000
-0.134460 0.039000 0.000000
-0.111376 0.044765 0.000000
-0.062735 0.079967 0.000000
-0.135642 0.101628 0.000000
-0.067176 0.032008 0.000000
-0.080182 0.077050 0.000000
-0.031852 0.123005 0.000000
-0.077281 0.069853 0.000000
-0.044901 0.056824 0.000000
-0.057042 0.120177 0.000000
-0.044631 0.180319 0.000000
0.045779 -0.022032 0.000000
-0.039979 0.056833 0.000000
-0.133812 0.124411 0.000000
0.231159 -0.003029 0.000000
0.011355 0.059796 0.000000
0.132585 0.141183 0.000000
-0.024016 -0.066974 0.000000
-0.035069 0.047555 0.000000
0.052094 0.135061 0.000000
-0.053842 -0.442805 0.000000
-0.010473 0.011009 0.000000
0.005973 0.123799 0.000000
-0.097667 0.232020 0.000000
-0.039440 0.116810 0.000000
-0.077363 0.091401 0.000000
0.000000 0.000000 0.000000
-0.070620 0.054931 0.000000
-0.061635 0.033458 0.000000
-0.084749 0.053269 0.000000
-0.099197 0.046315 0.000000
-0.056160 0.053339 0.000000
-0.163416 0.088012 0.000000
-0.075408 0.042180 0.000000
-0.105536 0.048415 0.000000
-0.037955 0.091748 0.000000
-0.112108 0.068247 0.000000
-0.066738 0.056431 0.000000
-0.077112 0.045864 0.000000
0.014836 0.111104 0.000000
-0.111751 0.065710 0.000000
0.014026 0.010740 0.000000
-0.162732 0.106836 0.000000
0.256295 0.150785 0.000000
-0.229110 0.038797 0.000000
0.040857 0.113938 0.000000
-0.298853 0.180215 0.000000
0.332766 0.000663 0.000000
-0.206977 0.072191 0.000000
0.241199 0.332155 0.000000
0.111610 0.537244 0.000000
-0.354836 -0.364073 0.000000
-0.126143 0.220885 0.000000
-0.010664 0.100149 0.000000
-0.046307 -0.032669 0.000000
-0.022167 0.111256 0.000000
-0.055973 0.098031 0.000000
0.000000 0.000000 0.000000
-0.052837 0.049530 0.000000
-0.079078 0.052146 0.000000
-0.051287 0.042549 0.000000
-0.134807 0.072894 0.000000
-0.051030 0.059465 0.000000
-0.118265 0.055591 0.000000
-0.027726 0.053396 0.000000
-0.144731 0.069924 0.000000
-0.026942 0.072940 0.000000
-0.095369 0.042660 0.000000
0.028726 0.092442 0.000000
-0.123603 0.069077 0.000000
0.001505 0.074729 0.000000
-0.083663 0.040484 0.000000
0.057168 0.156383 0.000000
-0.095767 0.048695 0.000000
-0.022839 0.039438 0.000000
0.059536 0.017989 0.000000
-0.038306 0.284166 0.000000
0.134583 -0.176495 0.000000
0.009650 0.225105 0.000000
-0.035649 0.051989 0.000000
0.177186 0.113137 0.000000
0.099368 0.399107 0.000000
0.175546 0.050695 0.000000
-0.236949 -0.170265 0.000000
0.166532 0.241288 0.000000
-0.146372 0.229322 0.000000
-0.005259 0.118587 0.000000
-0.035057 0.099251 0.000000
0.000000 0.000000 0.000000
-0.054413 0.060161 0.000000
-0.055160 0.029775 0.000000
-0.060753 0.063405 0.000000
-0.096379 0.034621 0.000000
-0.051099 0.055733 0.000000
-0.102138 0.030176 0.000000
-0.064175 0.076063 0.000000
-0.099672 0.031800 0.000000
-0.015769 0.024839 0.000000
-0.122206 0.084723 0.000000
0.006688 0.030975 0.000000
-0.097856 0.035896 0.000000
-0.013181 0.073497 0.000000
-0.018891 0.044289 0.000000
-0.070129 0.074633 0.000000
0.022397 -0.035212 0.000000
0.021750 0.181296 0.000000
-0.112587 0.013211 0.000000
0.108941 0.011715 0.000000
-0.248124 0.227548 0.000000
0.257094 0.024681 0.000000
-0.155692 0.006362 0.000000
0.116479 0.201009 0.000000
-0.202775 0.000969 0.000000
0.010301 -0.021476 0.000000
0.027506 0.408356 0.000000
-0.164656 0.012723 0.000000
0.075018 -0.008013 0.000000
-0.052861 0.098091 0.000000
-0.003792 0.090385 0.000000
0.000000 0.000000 0.000000
-0.051251 0.042803 0.000000
-0.027036 0.029977 0.000000
-0.032685 0.024526 0.000000
-0.055685 0.029480 0.000000
-0.055215 0.026572 0.000000
-0.056675 0.035574 0.000000
-0.036594 0.005200 0.000000
-0.052188 0.011782 0.000000
-0.046902 0.052186 0.000000
-0.027938 -0.013403 0.000000
-0.056614 0.053817 0.000000
0.001238 0.010686 0.000000
-0.032059 0.039283 0.000000
-0.045682 0.020438 0.000000
0.036902 0.015375 0.000000
-0.073115 0.092333 0.000000
0.019598 -0.005357 0.000000
0.026356 0.022046 0.000000
-0.058979 0.106212 0.000000
0.105113 -0.057823 0.000000
-0.145805 0.070586 0.000000
0.115614 0.116751 0.000000
-0.135712 -0.019107 0.000000
0.168172 0.097708 0.000000
-0.120183 0.110536 0.000000
0.036306 -0.072760 0.000000
-0.005646 0.081937 0.000000
-0.026061 0.183535 0.000000
-0.041290 0.084346 0.000000
0.012871 0.077478 0.000000
0.000000 0.000000 0.000000
-0.068079 0.054724 0.000000
-0.027398 0.029203 0.000000
-0.056284 0.063428 0.000000
-0.064224 0.056906 0.000000
-0.048355 0.047397 0.000000
-0.054865 0.040967 0.000000
-0.051176 0.050052 0.000000
-0.072735 0.039201 0.000000
-0.039130 0.025173 0.000000
-0.052863 0.034609 0.000000
-0.029923 0.022344 0.000000
-0.051292 0.037409 0.000000
-0.031967 0.032837 0.000000
-0.020653 0.033721 0.000000
-0.026712 0.065616 0.000000
-0.015372 0.031893 0.000000
-0.000265 0.055906 0.000000
-0.023917 0.091517 0.000000
0.006332 0.048151 0.000000
-0.009026 0.140103 0.000000
-0.014943 0.068912 0.000000
0.019147 0.091956 0.000000
-0.011368 0.115346 0.000000
-0.027323 0.098438 0.000000
-0.009896 0.102194 0.000000
-0.012325 0.128159 0.000000
-0.049166 0.118555 0.000000
-0.026250 0.036142 0.000000
-0.020894 0.059819 0.000000
0.028249 0.055365 0.000000
0.000000 0.000000 0.000000
0.000000 0.000000 0.000000
0.000000 0.000000 0.000000
0.000000 0.000000 0.000000
0.000000 0.000000 0.000000
0.000000 0.000000 0.000000
0.000000 0.000000 0.000000
0.000000 0.000000 0.000000
0.000000 0.000000 0.000000
0.000000 0.000000 0.000000
0.000000 0.000000 0.000000
0.000000 0.000000 0.000000
0.000000 0.000000 0.000000
0.000000 0.000000 0.000000
0.000000 0.000000 0.000000
0.000000 0.000000 0.000000
0.000000 0.000000 0.000000
0.000000 0.000000 0.000000
0.000000 0.000000 0.000000
0.000000 0.000000 0.000000
0.000000 0.000000 0.000000
0.000000 0.000000 0.000000
0.000000 0.000000 0.000000
0.000000 0.000000 0.000000
0.000000 0.000000 0.000000
0.000000 0.000000 0.000000
0.000000 0.000000 0.000000
0.000000 0.000000 0.000000
0.000000 0.000000 0.000000
0.000000 0.000000 0.000000
0.000000 0.000000 0.000000

SCALARS glob_density_err double 1
LOOKUP_TABLE default
1.945321e+07
1.958472e+07
1.957625e+07
1.957363e+07
1.958447e+07
1.958151e+07
1.957609e+07
1.957543e+07
1.960720e+07
1.961322e+07
1.959566e+07
1.964998e+07
1.959492e+07
1.958841e+07
1.962589e+07
1.971085e+07
1.956654e+07
1.964181e+07
1.947638e+07
1.957345e+07
1.945468e+07
1.959173e+07
1.964930e+07
1.959191e+07
1.974844e+07
1.958070e+07
1.932738e+07
1.963552e+07
1.981080e+07
1.979325e+07
1.948383e+07
1.953995e+07
1.965141e+07
1.958210e+07
1.956572e+07
1.959580e+07
1.960664e+07
1.963857e+07
1.966000e+07
1.963243e+07
1.964038e+07
1.959854e+07
1.958696e+07
1.960027e+07
1.976283e+07
1.952074e+07
1.959633e+07
1.944268e+07
1.974665e+07
1.989340e+07
1.990000e+07
1.950549e+07
1.943083e+07
1.952021e+07
1.971091e+07
2.036289e+07
1.933327e+07
1.942914e+07
1.957882e+07
1.945013e+07
1.981701e+07
1.971436e+07
1.953209e+07
1.955080e+07
1.952340e+07
1.970128e+07
1.959744e+07
1.958786e+07
1.958302e+07
1.956133e+07
1.952077e+07
1.960488e+07
1.959865e+07
1.971657e+07
1.952672e+07
1.961474e+07
1.947181e+07
2.005605e+07
1.936106e+07
1.985214e+07
1.891203e+07
1.980449e+07
1.954599e+07
1.953928e+07
1.966942e+07
1.952299e+07
2.033571e+07
1.865058e+07
1.898681e+07
1.946854e+07
1.952666e+07
1.954688e+07
1.938754e+07
1.955829e+07
1.968671e+07
1.970175e+07
1.957789e+07
1.955168e+07
1.966517e+07
1.961384e+07
1.970237e+07
1.965203e+07
1.974175e+07
1.945411e+07
1.967735e+07
1.949187e+07
1.985453e+07
1.942191e+07
1.962127e+07
1.927624e+07
1.983747e+07
1.912072e+07
2.076255e+07
1.909559e+07
1.964368e+07
1.990927e+07
1.974099e+07
1.998383e+07
1.896498e+07
2.008107e+07
1.981344e+07
1.952782e+07
2.012139e+07
1.965246e+07
1.972037e+07
1.962291e+07
1.951295e+07
1.964691e+07
1.969806e+07
1.962166e+07
1.952003e+07
1.966744e+07
1.944360e+07
1.963840e+07
1.950612e+07
1.979144e+07
1.940701e+07
1.975214e+07
1.944731e+07
1.983867e+07
1.930318e+07
2.033656e+07
1.854548e+07
1.953577e+07
1.922204e+07
1.969343e+07
1.932472e+07
1.960781e+07
1.963399e+07
2.031077e+07
1.968913e+07
1.942058e+07
2.018491e+07
1.976977e+07
1.948529e+07
1.964626e+07
1.960133e+07
1.968992e+07
1.983071e+07
1.941380e+07
1.973378e+07
1.948253e+07
1.975464e+07
1.965108e+07
1.975684e+07
1.954711e+07
1.971092e+07
1.945220e+07
1.976486e+07
1.919380e+07
2.003650e+07
1.902913e+07
1.999475e+07
1.900450e+07
2.056518e+07
1.923154e+07
1.968891e+07
1.960264e+07
1.994474e+07
1.953192e+07
1.982181e+07
1.990307e+07
1.944467e+07
1.917280e+07
1.947639e+07
1.954184e+07
1.957386e+07
1.973180e+07
1.960459e+07
1.954969e+07
1.972938e+07
1.973838e+07
1.942407e+07
1.967719e+07
1.931111e+07
1.970393e+07
1.954492e+07
1.973359e+07
1.948436e+07
1.976863e+07
1.936187e+07
1.997188e+07
1.926622e+07
2.047031e+07
1.917886e+07
2.002120e+07
1.965637e+07
1.946843e+07
1.940716e+07
1.944169e+07
1.969121e+07
1.997689e+07
1.947167e+07
1.955373e+07
1.941918e+07
1.947828e+07
1.967310e+07
1.957641e+07
1.966587e+07
1.947071e+07
1.967188e+07
1.970368e+07
1.952097e+07
1.953047e+07
1.965323e+07
1.946244e+07
1.988836e+07
1.919651e+07
1.972876e+07
1.942919e+07
1.979010e+07
1.967113e+07
1.990124e+07
1.964126e+07
1.990020e+07
1.976008e+07
1.949367e+07
1.931493e+07
1.974970e+07
1.986357e+07
1.957986e+07
1.971233e+07
1.931094e+07
1.942982e+07
1.981174e+07
1.977886e+07
1.959376e+07
1.957694e+07
1.962450e+07
1.964485e+07
1.965612e+07
1.968575e+07
1.936213e+07
1.975136e+07
1.997664e+07
1.942720e+07
1.976500e+07
1.956728e+07
1.951559e+07
1.975021e+07
1.948684e+07
1.972245e+07
1.984084e+07
1.935464e+07
1.980648e+07
1.985972e+07
1.902030e+07
1.986344e+07
1.951279e+07
1.969188e+07
1.953275e+07
1.960137e+07
1.971956e+07
1.920548e+07
1.987350e+07
1.984330e+07
1.938248e+07
1.971181e+07
1.970319e+07
1.969544e+07
1.962323e+07
1.950163e+07
1.967511e+07
1.956642e+07
1.984549e+07
1.941869e+07
1.990306e+07
1.953958e+07
1.972135e+07
1.988540e+07
1.939218e+07
1.969616e+07
1.986847e+07
1.949683e+07
1.927597e+07
1.966180e+07
1.971881e+07
1.964876e+07
1.959661e+07
1.948014e+07
1.964121e+07
1.966410e+07
1.952892e+07
2.017948e+07
1.918701e+07
1.909364e+07
1.961331e+07
1.976535e+07
1.957864e+07
1.946869e+07
1.960488e+07
1.960509e+07
1.969637e+07
1.969866e+07
1.950702e+07
1.951728e+07
1.969331e+07
1.963766e+07
1.934044e+07
1.964789e+07
1.958965e+07
1.966452e+07
1.951129e+07
1.938378e+07
1.965993e+07
1.979633e+07
1.959272e+07
1.993313e+07
1.957614e+07
1.962965e+07
1.948981e+07
1.954191e+07
1.957375e+07
1.955123e+07
1.972674e+07
1.991030e+07
1.913265e+07
1.943142e+07
1.999060e+07
1.985066e+07
1.957290e+07
1.960932e+07
1.963122e+07
1.967377e+07
1.948131e+07
1.968936e+07
1.973576e+07
1.964173e+07
1.956907e+07
1.980877e+07
1.975881e+07
1.944615e+07
1.990251e+07
1.971618e+07
1.944255e+07
1.987878e+07
1.973970e+07
2.006765e+07
1.912883e+07
1.985032e+07
1.942304e+07
1.957215e+07
1.966545e+07
1.965558e+07
1.968184e+07
1.925852e+07
1.978895e+07
1.988882e+07
1.997646e+07
1.938169e+07
1.958267e+07
1.983718e+07
1.965551e+07
1.959458e+07
1.956637e+07
1.968443e+07
1.959303e+07
1.939738e+07
1.965029e+07
1.969698e+07
1.944865e+07
1.943980e+07
1.973377e+07
1.958122e+07
1.952298e+07
1.923438e+07
1.977045e+07
1.920140e+07
1.916636e+07
1.966349e+07
1.921057e+07
1.970356e+07
1.923575e+07
1.979626e+07
1.956257e+07
1.960850e+07
1.978658e+07
1.980398e+07
1.955672e+07
1.880323e+07
1.985502e+07
1.925794e+07
1.952222e+07
1.963385e+07
1.969972e+07
1.961892e+07
1.961315e+07
1.955891e+07
1.968569e+07
1.975642e+07
1.940708e+07
1.986076e+07
1.945580e+07
1.982869e+07
1.929139e+07
1.979027e+07
1.982083e+07
1.943524e+07
2.018827e+07
1.981827e+07
1.967986e+07
2.058096e+07
1.943988e+07
1.966254e+07
1.967179e+07
1.953307e+07
1.953048e+07
1.974376e+07
1.954089e+07
1.981264e+07
1.994280e+07
2.003017e+07
2.028252e+07
1.982226e+07
1.967369e+07
1.968752e+07
1.961907e+07
1.951204e+07
1.966582e+07
1.941574e+07
1.957696e+07
1.943733e+07
1.980634e+07
1.939299e+07
1.949744e+07
1.959010e+07
1.958297e+07
1.931570e+07
1.980311e+07
1.911998e+07
2.004679e+07
1.994214e+07
2.069586e+07
1.924537e+07
1.922676e+07
1.944326e+07
1.955219e+07
1.964654e+07
1.975409e+07
1.912313e+07
1.988204e+07
1.953373e+07
1.936462e+07
1.938290e+07
1.979576e+07
1.970509e+07
1.958347e+07
1.971990e+07
1.969511e+07
1.961424e+07
1.963126e+07
1.960002e+07
1.980500e+07
1.947469e+07
1.978021e+07
1.959405e+07
1.956259e+07
1.972087e+07
1.923900e+07
2.002814e+07
1.906144e+07
2.018591e+07
1.875259e+07
1.849917e+07
2.000251e+07
1.937448e+07
1.949706e+07
1.980081e+07
1.930353e+07
1.986636e+07
1.992960e+07
1.958955e+07
1.970665e+07
1.930285e+07
1.960195e+07
1.947299e+07
1.963121e+07
1.960422e+07
1.964836e+07
1.945845e+07
1.961216e+07
1.960288e+07
1.938865e+07
1.961521e+07
1.956038e+07
1.964716e+07
1.953810e+07
1.921584e+07
1.991652e+07
1.921824e+07
1.959938e+07
2.006874e+07
1.989507e+07
1.988496e+07
2.012175e+07
1.949015e+07
1.941542e+07
1.962779e+07
2.012506e+07
1.966172e+07
1.939181e+07
1.973627e+07
1.981506e+07
1.953580e+07
1.939111e+07
1.964251e+07
1.961755e+07
1.961480e+07
1.965954e+07
1.961293e+07
1.970135e+07
1.981043e+07
1.947904e+07
1.968749e+07
1.954183e+07
1.965792e+07
1.920819e+07
1.990840e+07
1.944464e+07
1.947017e+07
1.983167e+07
1.945612e+07
1.940295e+07
1.938626e+07
2.004545e+07
1.934016e+07
1.907554e+07
1.960124e+07
1.947799e+07
1.970063e+07
1.934387e+07
1.958754e+07
1.974452e+07
1.974319e+07
1.946234e+07
1.992839e+07
1.966681e+07
1.970075e+07
1.965056e+07
1.957146e+07
1.956057e+07
1.957447e+07
1.945155e+07
1.951887e+07
1.983439e+07
1.920385e+07
1.979174e+07
1.979592e+07
1.954464e+07
1.980277e+07
1.950713e+07
1.973263e+07
1.933654e+07
1.980447e+07
1.961960e+07
1.983188e+07
1.945887e+07
1.975693e+07
1.929455e+07
1.960259e+07
1.966430e+07
1.970323e+07
1.980382e+07
1.929374e+07
1.996924e+07
1.990519e+07
1.948521e+07
1.946452e+07
1.956682e+07
1.959931e+07
1.947462e+07
1.980463e+07
1.955762e+07
1.975833e+07
1.984312e+07
1.951565e+07
1.976592e+07
1.942534e+07
1.945478e+07
1.961201e+07
1.943493e+07
1.944336e+07
1.965247e+07
1.976760e+07
1.978206e+07
1.925235e+07
1.956362e+07
1.968174e+07
2.090451e+07
1.910260e+07
1.957666e+07
1.953579e+07
1.929920e+07
1.982945e+07
1.987326e+07
1.927358e+07
1.932746e+07
1.952119e+07
1.958463e+07
1.951402e+07
1.957594e+07
1.961861e+07
1.965343e+07
1.941525e+07
1.946971e+07
1.938885e+07
1.947432e+07
1.977396e+07
1.944055e+07
1.954813e+07
1.971422e+07
1.960054e+07
1.975957e+07
1.951938e+07
1.957536e+07
1.983058e+07
1.995297e+07
1.981417e+07
1.902816e+07
1.917425e+07
1.978220e+07
1.956352e+07
1.960264e+07
1.996462e+07
1.956020e+07
1.937795e+07
1.962063e+07
1.977852e+07
1.988842e+07
1.944447e+07
1.945181e+07
1.958808e+07
1.974696e+07
1.942242e+07
1.981023e+07
1.975519e+07
1.974599e+07
1.962203e+07
1.942569e+07
1.976106e+07
1.965812e+07
1.948013e+07
1.954077e+07
1.959221e+07
1.966196e+07
1.961717e+07
1.981287e+07
1.936202e+07
1.982974e+07
1.949214e+07
1.994459e+07
1.947050e+07
1.978234e+07
1.957091e+07
1.951400e+07
1.980440e+07
1.969133e+07
1.921152e+07
1.980356e+07
1.901266e+07
1.953025e+07
1.977197e+07
1.958884e+07
1.969146e+07
1.947571e+07
1.967902e+07
1.922291e+07
1.963579e+07
1.939636e+07
1.963656e+07
1.959126e+07
1.949674e+07
1.964857e+07
1.970440e+07
1.963941e+07
1.970699e+07
1.958585e+07
1.969431e+07
1.933901e+07
1.962627e+07
1.958939e+07
1.978774e+07
1.968960e+07
1.960752e+07
1.982724e+07
1.989316e+07
1.936999e+07
1.978947e+07
2.041515e+07
1.901951e+07
2.014249e+07
1.906146e+07
1.961882e+07
1.961078e+07
1.964274e+07
1.964058e+07
1.969302e+07
1.965783e+07
1.989993e+07
1.947523e+07
1.959131e+07
1.936151e+07
1.983676e+07
1.941519e+07
1.974108e+07
1.920171e+07
1.980418e+07
1.954181e+07
1.960971e+07
1.975627e+07
1.966581e+07
1.931695e+07
1.977868e+07
1.953322e+07
1.963303e+07
1.975153e+07
1.948322e+07
1.942827e+07
1.993064e+07
1.958395e+07
1.909677e+07
1.991567e+07
1.966164e+07
1.982439e+07
1.962448e+07
1.958026e+07
1.959686e+07
1.947417e+07
1.946132e+07
1.946323e+07
1.974157e+07
1.973959e+07
1.954227e+07
1.975396e+07
1.943196e+07
1.971619e+07
1.961836e+07
1.970647e+07
1.957124e+07
1.980342e+07
1.939730e+07
1.972491e+07
1.962773e+07
2.014461e+07
1.947200e+07
1.967230e+07
1.944827e+07
1.933468e+07
1.956032e+07
1.966247e+07
1.995470e+07
1.930430e+07
1.972092e+07
1.958223e+07
1.966968e+07
1.962805e+07
1.962250e+07
1.965900e+07
1.969672e+07
1.977472e+07
1.972199e+07
1.960481e+07
1.943633e+07
1.955322e+07
1.974308e+07
1.955820e+07
1.956137e+07
1.959128e+07
1.962192e+07
1.959502e+07
1.967449e+07
1.955254e+07
1.981538e+07
1.908789e+07
1.951811e+07
1.966640e+07
1.945233e+07
1.972462e+07
1.968150e+07
1.970954e+07
1.964153e+07
1.948826e+07
1.947886e+07
1.949424e+07
1.945231e+07
1.951638e+07
1.962331e+07
1.964625e+07
1.954787e+07
1.949908e+07
1.940194e+07
1.964653e+07
1.958519e+07
1.974514e+07
1.978095e+07
1.939115e+07
1.965559e+07
1.975880e+07
1.947179e+07
1.983669e+07
1.932509e+07
1.978758e+07
1.947668e+07
1.992708e+07
1.945088e+07
1.965309e+07
1.962248e+07
1.974268e+07
1.965337e+07
1.983141e+07
1.971482e+07
1.979889e+07
1.980466e+07
1.979250e+07
1.991517e+07
1.949301e+07
1.979018e+07
1.961166e+07
1.966162e+07
1.960998e+07
1.974681e+07
1.977467e+07
1.960092e+07
1.971480e+07
1.949912e+07
1.949631e+07
1.976526e+07
1.957265e+07
1.936478e+07
1.971073e+07
1.941914e+07
1.956871e+07
1.998486e+07
1.932306e+07
1.991746e+07
1.946604e+07
1.975816e+07
1.958120e+07
1.952882e+07
1.971424e+07
1.966653e+07
1.935327e+07
1.953245e+07
1.954031e+07
1.974908e+07
1.952743e+07
1.919613e+07
1.963807e+07
1.960021e+07
1.963650e+07
1.960786e+07
1.952028e+07
1.950279e+07
1.966628e+07
1.953521e+07
1.975169e+07
1.953147e+07
1.966333e+07
1.941372e+07
1.953942e+07
1.987841e+07
1.955158e+07
1.976507e+07
1.936770e+07
1.946718e+07
1.972750e+07
1.960561e+07
1.978504e+07
1.959999e+07
1.969159e+07
1.953777e+07
1.970061e+07
1.996385e+07
1.938550e+07
1.952039e+07
1.969139e+07
1.962840e+07
1.953361e+07
1.939458e+07
1.963387e+07
1.959001e+07
1.963440e+07
1.972230e+07
1.971813e+07
1.969473e+07
1.941440e+07
1.959643e+07
1.949922e+07
1.973632e+07
1.940307e+07
1.963675e+07
1.941323e+07
1.972622e+07
1.951077e+07
1.986292e+07
1.937914e+07
1.926621e+07
1.968062e+07
1.970802e+07
1.964829e+07
1.968929e+07
1.963282e+07
1.981824e+07
2.004866e+07
1.997024e+07
1.956339e+07
1.978943e+07
1.975499e+07
1.972693e+07
1.990231e+07
1.963777e+07
1.961263e+07
1.961877e+07
1.953135e+07
1.946369e+07
1.961753e+07
1.971576e+07
1.951731e+07
1.939541e+07
1.963411e+07
1.963775e+07
1.973840e+07
1.958347e+07
1.977796e+07
1.946173e+07
1.963339e+07
1.910141e+07
2.001572e+07
1.939369e+07
1.970238e+07
1.970081e+07
1.958349e+07
1.937452e+07
1.964708e+07
1.935586e+07
1.923347e+07
1.977114e+07
1.932306e+07
1.945087e+07
1.957753e+07
1.960292e+07
1.961405e+07
1.966843e+07
1.965957e+07
1.966441e+07
1.977200e+07
1.960028e+07
1.945245e+07
1.957138e+07
1.976929e+07
1.960494e+07
1.974605e+07
1.950356e+07
1.962425e+07
1.958072e+07
1.979829e+07
1.934307e+07
1.967966e+07
1.941362e+07
1.982279e+07
1.947784e+07
1.949924e+07
1.965053e+07
1.958867e+07
1.932756e+07
1.969727e+07
1.944564e+07
1.967684e+07
1.955839e+07
1.971733e+07
1.894359e+07
1.946436e+07
1.966088e+07
1.963003e+07
1.954451e+07
1.959977e+07
1.943244e+07
1.968851e+07
1.965373e+07
1.946585e+07
1.949552e+07
1.977768e+07
1.936406e+07
1.946960e+07
1.952549e+07
1.988977e+07
1.935586e+07
1.970652e+07
1.968394e+07
1.929632e+07
1.967995e+07
1.976926e+07
1.978956e+07
1.970429e+07
1.983530e+07
1.982166e+07
1.936605e+07
1.981718e+07
1.982374e+07
1.957015e+07
1.964333e+07
1.979682e+07
1.955887e+07
1.967319e+07
1.964350e+07
1.970983e+07
1.970118e+07
1.964189e+07
1.974712e+07
1.935966e+07
1.977051e+07
1.961973e+07
1.978972e+07
1.956862e+07
1.992404e+07
1.934972e+07
1.966992e+07
1.941034e+07
1.963436e+07
1.976054e+07
1.923840e+07
2.003260e+07
1.994079e+07
1.959235e+07
1.952670e+07
1.961269e+07
1.975176e+07
1.968869e+07
1.924926e+07
1.984069e+07
1.930126e+07
1.940208e+07
1.932479e+07
1.968312e+07
1.966096e+07
1.965802e+07
1.956499e+07
1.949102e+07
1.963465e+07
1.953142e+07
1.967988e+07
1.967353e+07
1.924121e+07
1.988730e+07
1.923744e+07
1.963275e+07
1.960176e+07
1.952652e+07
1.946506e+07
1.971854e+07
1.906169e+07
2.010320e+07
1.913834e+07
1.931293e+07
1.960139e+07
1.951848e+07
1.964625e+07
2.004603e+07
1.982446e+07
1.954705e+07
1.988449e+07
1.902288e+07
1.975402e+07
1.991197e+07
1.976641e+07
1.966420e+07
1.967518e+07
1.963691e+07
1.986069e+07
1.959635e+07
1.959337e+07
1.980246e+07
1.929601e+07
1.960367e+07
1.974142e+07
1.960465e+07
1.960437e+07
1.937854e+07
1.979566e+07
1.938463e+07
1.979070e+07
1.960076e+07
1.990419e+07
1.946775e+07
2.009337e+07
1.951246e+07
1.966348e+07
1.942139e+07
1.950882e+07
1.982965e+07
1.982598e+07
1.984074e+07
1.994120e+07
1.943549e+07
1.942671e+07
1.983348e+07
1.964137e+07
1.962227e+07
1.959812e+07
1.947203e+07
1.958535e+07
1.943318e+07
1.964979e+07
1.986680e+07
1.970162e+07
1.918137e+07
1.936390e+07
1.971197e+07
1.962805e+07
1.952256e+07
1.959292e+07
1.948088e+07
1.986406e+07
1.988548e+07
1.979088e+07
1.978278e+07
1.965958e+07
1.955461e+07
1.959381e+07
1.952131e+07
1.991102e+07
1.954929e+07
1.982817e+07
1.993807e+07
1.922915e+07
1.955304e+07
1.949116e+07
1.964385e+07
1.958040e+07
1.973154e+07
1.968893e+07
1.962709e+07
1.978184e+07
1.958765e+07
1.965060e+07
1.908662e+07
1.989333e+07
1.975605e+07
1.977284e+07
1.944373e+07
1.979099e+07
1.936357e+07
1.977622e+07
1.923110e+07
1.992689e+07
2.000163e+07
1.973826e+07
1.966570e+07
1.956009e+07
1.959390e+07
1.929373e+07
1.968365e+07
1.982676e+07
1.986321e+07
1.970002e+07
1.910313e+07
1.954294e+07
1.952370e+07
1.962656e+07
1.959930e+07
1.950051e+07
1.953002e+07
1.968776e+07
1.967942e+07
1.967804e+07
1.957438e+07
1.978699e+07
1.962758e+07
1.909231e+07
1.990759e+07
1.920094e+07
1.963729e+07
1.961671e+07
1.957643e+07
1.935489e+07
1.978910e+07
1.925206e+07
1.963076e+07
1.951776e+07
2.008250e+07
1.955780e+07
1.959214e+07
1.937620e+07
1.924686e+07
2.009230e+07
1.885285e+07
1.962175e+07
1.991340e+07
1.949237e+07
1.959748e+07
1.969303e+07
1.967401e+07
1.973738e+07
1.962306e+07
1.969594e+07
1.927650e+07
1.967048e+07
1.939340e+07
1.949401e+07
1.981696e+07
1.940392e+07
1.949185e+07
1.959526e+07
1.955617e+07
1.946508e+07
1.948615e+07
1.938439e+07
1.994966e+07
1.987397e+07
1.964597e+07
1.945847e+07
1.977022e+07
1.976153e+07
1.945650e+07
2.004790e+07
1.944994e+07
2.033771e+07
1.977666e+07
1.926457e+07
1.966956e+07
1.958857e+07
1.965761e+07
1.947003e+07
1.957338e+07
1.931454e+07
1.980977e+07
1.946576e+07
1.964653e+07
1.972900e+07
1.980946e+07
1.954712e+07
1.939600e+07
1.947356e+07
1.975354e+07
1.938029e+07
1.969635e+07
1.971789e+07
1.921306e+07
1.972088e+07
1.933785e+07
1.980660e+07
1.964188e+07
1.939105e+07
1.966313e+07
1.966281e+07
1.955362e+07
1.988294e+07
1.967524e+07
1.926825e+07
1.951526e+07
1.947391e+07
1.960855e+07
1.969342e+07
1.960920e+07
1.972725e+07
1.967561e+07
1.967346e+07
1.975251e+07
1.982692e+07
1.949619e+07
1.965006e+07
1.951704e+07
1.968519e+07
1.982010e+07
1.953638e+07
1.955193e+07
1.970391e+07
1.986114e+07
1.952772e+07
1.871899e+07
2.023861e+07
1.954356e+07
1.946884e+07
1.939024e+07
1.929145e+07
1.962800e+07
1.969442e+07
1.951121e+07
1.954800e+07
1.907982e+07
1.986969e+07
1.945440e+07
1.962548e+07
1.966396e+07
1.940100e+07
1.960654e+07
1.953697e+07
1.944834e+07
1.940161e+07
1.963605e+07
1.955291e+07
1.965703e+07
1.965637e+07
1.920145e+07
1.957789e+07
1.962446e+07
1.990562e+07
1.977268e+07
1.981761e+07
1.935266e+07
1.993012e+07
1.958521e+07
2.012545e+07
1.980018e+07
1.959404e+07
2.014746e+07
1.962587e+07
1.941618e+07
1.970593e+07
1.972687e+07
1.964020e+07
1.962333e+07
1.948631e+07
1.951865e+07
1.957924e+07
1.972628e+07
1.971375e+07
1.975502e+07
1.969614e+07
1.963449e+07
1.985973e+07
1.959155e+07
1.957707e+07
1.967874e+07
1.982283e+07
1.941525e+07
1.997054e+07
1.937037e+07
1.989267e+07
1.942349e+07
1.967172e+07
1.993081e+07
1.912778e+07
1.992364e+07
1.911026e+07
1.973372e+07
1.956615e+07
1.995902e+07
1.970723e+07
1.923159e+07
1.976917e+07
2.003193e+07
1.958133e+07
1.938949e+07
1.955747e+07
1.965728e+07
1.951255e+07
1.939404e+07
1.961821e+07
1.963639e+07
1.947253e+07
1.959943e+07
1.970773e+07
1.961165e+07
1.967277e+07
1.927779e+07
1.988637e+07
1.920112e+07
1.988223e+07
1.913750e+07
1.939630e+07
1.912680e+07
1.934082e+07
1.967783e+07
1.984851e+07
1.962216e+07
1.961432e+07
1.969340e+07
1.996308e+07
1.983869e+07
1.986398e+07
1.926062e+07
1.945771e+07
1.940083e+07
1.952324e+07
1.963218e+07
1.965207e+07
1.949387e+07
1.982468e+07
1.956901e+07
1.985915e+07
1.946002e+07
1.959800e+07
1.955769e+07
1.964199e+07
1.959348e+07
1.979154e+07
1.968920e+07
1.964635e+07
1.983295e+07
1.973337e+07
1.954472e+07
1.957600e+07
1.991548e+07
1.981366e+07
1.961950e+07
1.967442e+07
1.962544e+07
1.974059e+07
1.956373e+07
1.918873e+07
1.926613e+07
1.922066e+07
1.941886e+07
1.950282e+07
1.984952e+07
1.958085e+07
1.960578e+07
1.953690e+07
1.958090e+07
1.926772e+07
1.980672e+07
1.969867e+07
1.961830e+07
1.946342e+07
1.953950e+07
1.948026e+07
1.968233e+07
1.952167e+07
1.960606e+07
1.969374e+07
1.962446e+07
1.954781e+07
1.993667e+07
1.939196e+07
1.911462e+07
1.985762e+07
1.967630e+07
1.976829e+07
1.963732e+07
1.961366e+07
2.012438e+07
1.933227e+07
1.978304e+07
1.977229e+07
1.955185e+07
1.930811e+07
1.960090e+07
1.966762e+07
1.966227e+07
1.944494e+07
1.964658e+07
1.968308e+07
1.940603e+07
1.968551e+07
1.970349e+07
1.950251e+07
1.956409e+07
1.983072e+07
1.941415e+07
1.963206e+07
1.927582e+07
1.936551e+07
1.992784e+07
1.968531e+07
1.971467e+07
2.036684e+07
1.939202e+07
1.946622e+07
1.978131e+07
1.955370e+07
1.981404e+07
1.982669e+07
1.919299e+07
2.021929e+07
1.973118e+07
1.945047e+07
1.983422e+07
1.964017e+07
1.960201e+07
1.961818e+07
1.964879e+07
1.950408e+07
1.940863e+07
1.973500e+07
1.976419e+07
1.961979e+07
1.968626e+07
1.940763e+07
1.961093e+07
1.955438e+07
1.972388e+07
1.980033e+07
1.959097e+07
2.008017e+07
1.956050e+07
1.932264e+07
1.953348e+07
1.921923e+07
1.976789e+07
1.937676e+07
1.964223e+07
1.970593e+07
1.970794e+07
1.971612e+07
1.951664e+07
1.974803e+07
1.943010e+07
1.964893e+07
1.961010e+07
1.964728e+07
1.953636e+07
1.966092e+07
1.952534e+07
1.976465e+07
1.960377e+07
1.963067e+07
1.948886e+07
1.963564e+07
1.974437e+07
1.955900e+07
1.977968e+07
1.949297e+07
1.943140e+07
1.998460e+07
1.922810e+07
1.958012e+07
1.949619e+07
1.993824e+07
2.012030e+07
1.976077e+07
1.987057e+07
1.975355e+07
1.970780e+07
1.992291e+07
1.952684e+07
1.944292e+07
1.987043e+07
1.946704e+07
1.921657e+07
1.954570e+07
1.972120e+07
1.950975e+07
1.969361e+07
1.958580e+07
1.944675e+07
1.979677e+07
1.978475e+07
1.975387e+07
1.963856e+07
1.944806e+07
1.962693e+07
1.965601e+07
1.962946e+07
1.986361e+07
1.952921e+07
1.935445e+07
1.979631e+07
1.969535e+07
1.967106e+07
1.947688e+07
1.948912e+07
1.937610e+07
1.964600e+07
2.023883e+07
1.935597e+07
1.993284e+07
1.975603e+07
1.970517e+07
1.960174e+07
1.983882e+07
1.962040e+07
1.967012e+07
1.950969e+07
1.958401e+07
1.958354e+07
1.965131e+07
1.922171e+07
1.943589e+07
1.935697e+07
1.974302e+07
1.970573e+07
1.943031e+07
1.952377e+07
1.929071e+07
1.965675e+07
1.940311e+07
1.983689e+07
1.938654e+07
1.944546e+07
2.016796e+07
1.939227e+07
1.985442e+07
2.018346e+07
1.992338e+07
1.987359e+07
1.947199e+07
1.929473e+07
1.978280e+07
1.950167e+07
1.931305e+07
1.941717e+07
1.971614e+07
1.958160e+07
1.955490e+07
1.961261e+07
1.963270e+07
1.950515e+07
1.950426e+07
1.971100e+07
1.953077e+07
1.937147e+07
1.976063e+07
1.947444e+07
1.986343e+07
1.951599e+07
1.946401e+07
1.899636e+07
1.995678e+07
2.029865e+07
1.943521e+07
1.991824e+07
1.943520e+07
1.966806e+07
1.934759e+07
1.983999e+07
1.961054e+07
1.985269e+07
2.015230e+07
1.933810e+07
1.942578e+07
1.973497e+07
1.974577e+07
1.958577e+07
1.965593e+07
1.960115e+07
1.969873e+07
1.961427e+07
1.955029e+07
1.961569e+07
1.980600e+07
1.952125e+07
1.959509e+07
1.967543e+07
1.952214e+07
1.980440e+07
1.936116e+07
1.966723e+07
1.985384e+07
1.971321e+07
1.908021e+07
1.976826e+07
1.991730e+07
1.956756e+07
1.965692e+07
1.945624e+07
1.917506e+07
1.979235e+07
1.977048e+07
1.984683e+07
1.968664e+07
1.971232e+07
1.944795e+07
1.944525e+07
1.957038e+07
1.960712e+07
1.967089e+07
1.943427e+07
1.975655e+07
1.960329e+07
1.955106e+07
1.967890e+07
1.987730e+07
1.975291e+07
1.961239e+07
1.966994e+07
1.963909e+07
1.956311e+07
1.961629e+07
1.961584e+07
1.958949e+07
1.964841e+07
1.918508e+07
1.960492e+07
1.967921e+07
1.950001e+07
1.962876e+07
1.952168e+07
1.926871e+07
1.969099e+07
1.952144e+07
1.969955e+07
1.910641e+07
1.939538e+07
1.925048e+07
1.968577e+07
1.959827e+07
1.960149e+07
1.976888e+07
1.954638e+07
1.931280e+07
1.974977e+07
1.918570e+07
1.960986e+07
1.933661e+07
1.956770e+07
1.956506e+07
1.956989e+07
1.935658e+07
1.987637e+07
1.960335e+07
1.951899e+07
1.960441e+07
1.926788e+07
1.963634e+07
1.980804e+07
1.962337e+07
1.962637e+07
1.981206e+07
1.917177e+07
1.937957e+07
1.971943e+07
1.930698e+07
1.972780e+07
1.957936e+07
1.924936e+07
1.957854e+07
1.955697e+07
1.968206e+07
1.966860e+07
1.935696e+07
1.976391e+07
1.956930e+07
1.952489e+07
1.950137e+07
1.971907e+07
1.929320e+07
1.971737e+07
1.963865e+07
1.968465e+07
1.943503e+07
1.971236e+07
1.999049e+07
1.975065e+07
1.940346e+07
1.963171e+07
1.959053e+07
1.969507e+07
1.946237e+07
1.988409e+07
1.920552e+07
2.009707e+07
1.932311e+07
1.946018e+07
1.918222e+07
1.977893e+07
1.901432e+07
1.957821e+07
1.959548e+07
1.970710e+07
1.973289e+07
1.948893e+07
1.970059e+07
1.936133e+07
1.962385e+07
1.968267e+07
1.960735e+07
1.983409e+07
1.948616e+07
1.956822e+07
1.961753e+07
1.969656e+07
1.953046e+07
1.957573e+07
1.971550e+07
1.973238e+07
1.976008e+07
1.941064e+07
1.965655e+07
1.972996e+07
1.992148e+07
1.948138e+07
1.952760e+07
1.914632e+07
1.987802e+07
1.964125e+07
1.957809e+07
2.005668e+07
1.963782e+07
1.963734e+07
1.955548e+07
1.958882e+07
1.954384e+07
1.956790e+07
1.985295e+07
1.962819e+07
1.959989e+07
1.953547e+07
1.977254e+07
1.975249e+07
1.963772e+07
1.967522e+07
1.967191e+07
1.952450e+07
1.963702e+07
1.965099e+07
1.920936e+07
1.984662e+07
1.968385e+07
1.945025e+07
1.960667e+07
1.965869e+07
1.949481e+07
1.990077e+07
1.974618e+07
1.920457e+07
1.981679e+07
1.971799e+07
1.962071e+07
1.959605e+07
1.962886e+07
1.962906e+07
1.954690e+07
1.970731e+07
1.965276e+07
1.934671e+07
1.984027e+07
1.962099e+07
1.950346e+07
1.956799e+07
1.930533e+07
1.954512e+07
1.953039e+07
1.944738e+07
1.978091e+07
1.950265e+07
2.010796e+07
1.928330e+07
1.956159e+07
1.955508e+07
1.956848e+07
1.970941e+07
1.955986e+07
1.935031e+07
1.933511e+07
1.960219e+07
1.972538e+07
1.965748e+07
1.975300e+07
1.983491e+07
1.960081e+07
1.957765e+07
1.972050e+07
1.948724e+07
1.943116e+07
1.980048e+07
1.944387e+07
1.955805e+07
1.940861e+07
1.972563e+07
1.958448e+07
1.962712e+07
1.929424e+07
1.954937e+07
1.950944e+07
1.965744e+07
1.928327e+07
1.967509e+07
1.898673e+07
2.064608e+07
1.961945e+07
1.977688e+07
1.966292e+07
1.971502e+07
1.971331e+07
1.959932e+07
1.973140e+07
1.957973e+07
1.915019e+07
1.989202e+07
1.881166e+07
1.964380e+07
1.964336e+07
1.958087e+07
1.973980e+07
1.971115e+07
1.961672e+07
1.971249e+07
1.957383e+07
1.958974e+07
1.946177e+07
1.963346e+07
1.993625e+07
1.985229e+07
1.951991e+07
1.943468e+07
1.965033e+07
1.915079e+07
2.040919e+07
1.860148e+07
1.996596e+07
1.947098e+07
1.968412e+07
2.010354e+07
1.958349e+07
1.975829e+07
1.980124e+07
1.993351e+07
1.946465e+07
1.956015e+07
1.982127e+07
2.026414e+07
1.959920e+07
1.961998e+07
1.967819e+07
1.956135e+07
1.988620e+07
1.949295e+07
1.948630e+07
1.966525e+07
1.934021e+07
1.952643e+07
1.961834e+07
1.974209e+07
1.979687e+07
1.993908e+07
2.013407e+07
1.908972e+07
1.969737e+07
1.984387e+07
1.948593e+07
1.910924e+07
2.027587e+07
1.961230e+07
1.944389e+07
1.975196e+07
1.982599e+07
1.974106e+07
1.994884e+07
1.947229e+07
1.924798e+07
1.929512e+07
1.927078e+07
1.960300e+07
1.966667e+07
1.958255e+07
1.976785e+07
1.962945e+07
1.950066e+07
1.963487e+07
1.950547e+07
1.969928e+07
1.943677e+07
1.959773e+07
1.976607e+07
1.946112e+07
1.983177e+07
1.936893e+07
1.936484e+07
1.979282e+07
2.005313e+07
2.029854e+07
1.951114e+07
1.978185e+07
1.987913e+07
1.963434e+07
1.945381e+07
1.970115e+07
1.939679e+07
1.980200e+07
1.980665e+07
1.927627e+07
2.006443e+07
1.956357e+07
1.957830e+07
1.963699e+07
1.959198e+07
1.957518e+07
1.965618e+07
1.937705e+07
1.974457e+07
1.969552e+07
1.932310e+07
1.972307e+07
1.955243e+07
1.948901e+07
1.934916e+07
1.975744e+07
1.932929e+07
1.896814e+07
1.933845e+07
1.967243e+07
1.986474e+07
1.900814e+07
1.967386e+07
1.949526e+07
1.966619e+07
1.991457e+07
1.925993e+07
1.985804e+07
1.948070e+07
1.967482e+07
1.951880e+07
1.949112e+07
1.956007e+07
1.959683e+07
1.967761e+07
1.942361e+07
1.968195e+07
1.961475e+07
1.972764e+07
1.910055e+07
1.974546e+07
1.977682e+07
1.984145e+07
1.966576e+07
1.940773e+07
1.972643e+07
1.971489e+07
1.940186e+07
1.971576e+07
1.969462e+07
2.001319e+07
1.968540e+07
1.993205e+07
1.953278e+07
1.919230e+07
1.991017e+07
1.964066e+07
1.962679e+07
1.936995e+07
1.994734e+07
1.932629e+07
1.978951e+07
1.956487e+07
1.971852e+07
1.962565e+07
1.958925e+07
1.964678e+07
1.970193e+07
1.948290e+07
1.947064e+07
1.955941e+07
1.938363e+07
1.967509e+07
1.955399e+07
1.967630e+07
1.961165e+07
1.941389e+07
1.961159e+07
1.967308e+07
1.977984e+07
1.943928e+07
1.957427e+07
1.937677e+07
1.984421e+07
1.983299e+07
1.953472e+07
1.960524e+07
1.963138e+07
1.973170e+07
1.953521e+07
1.982268e+07
1.968544e+07
1.954189e+07
1.936943e+07
1.947619e+07
1.957805e+07
1.961397e+07
1.943414e+07
1.966283e+07
1.975270e+07
1.996935e+07
1.926586e+07
1.928464e+07
1.978352e+07
1.982828e+07
1.945763e+07
1.947707e+07
1.961940e+07
1.944577e+07
1.953345e+07
1.959019e+07
1.940285e+07
1.979214e+07
1.923757e+07
1.970500e+07
1.955910e+07
2.050352e+07
1.973779e+07
1.972700e+07
1.947213e+07
1.988493e+07
1.935629e+07
1.912796e+07
1.894843e+07
1.932119e+07
1.939061e+07
1.957157e+07
1.964705e+07
1.972132e+07
1.944088e+07
1.959004e+07
1.965910e+07
1.964956e+07
1.957372e+07
1.972704e+07
1.951509e+07
1.960344e+07
1.965871e+07
1.959302e+07
1.980711e+07
1.944112e+07
1.948141e+07
1.945298e+07
1.982492e+07
1.973473e+07
1.959361e+07
1.957962e+07
1.961512e+07
1.967830e+07
1.972672e+07
1.983660e+07
1.973081e+07
2.015592e+07
2.002154e+07
1.948417e+07
2.007808e+07
1.946609e+07
1.961996e+07
1.955497e+07
1.951832e+07
1.980630e+07
1.952038e+07
1.969077e+07
1.959787e+07
1.946091e+07
1.954389e+07
1.945452e+07
1.938257e+07
1.978862e+07
1.935188e+07
1.951405e+07
1.969789e+07
1.979991e+07
1.981330e+07
1.934480e+07
1.933092e+07
2.002425e+07
1.982025e+07
1.982223e+07
1.970021e+07
1.945627e+07
1.989946e+07
1.922613e+07
1.967326e+07
1.933837e+07
1.895828e+07
1.963827e+07
1.943917e+07
1.960078e+07
1.973238e+07
1.956894e+07
1.968078e+07
1.960822e+07
1.970897e+07
1.941983e+07
1.982086e+07
1.982461e+07
1.983054e+07
1.961268e+07
1.958809e+07
1.977009e+07
1.941329e+07
1.944622e+07
1.951778e+07
1.907105e+07
1.996895e+07
1.901391e+07
1.985252e+07
1.914088e+07
1.961309e+07
1.969073e+07
1.930850e+07
1.946807e+07
1.965076e+07
1.972061e+07
1.957535e+07
1.954890e+07
1.978161e+07
1.941186e+07
1.957776e+07
1.965283e+07
1.948933e+07
1.966810e+07
1.957508e+07
1.967874e+07
1.954606e+07
1.953644e+07
1.942605e+07
1.975235e+07
1.962051e+07
1.928053e+07
1.974897e+07
1.958388e+07
1.952936e+07
1.989279e+07
1.949068e+07
2.009380e+07
1.974025e+07
1.940387e+07
1.951622e+07
1.938077e+07
1.982109e+07
1.958057e+07
1.971573e+07
1.965391e+07
1.917592e+07
1.931556e+07
1.969105e+07
2.007179e+07
1.937956e+07
1.964220e+07
1.958071e+07
1.962829e+07
1.973712e+07
1.958906e+07
1.954703e+07
1.957015e+07
1.955240e+07
1.990078e+07
1.961872e+07
1.940938e+07
1.977721e+07
1.984548e+07
1.968619e+07
1.971146e+07
1.963887e+07
1.949209e+07
1.980661e+07
1.975699e+07
2.037207e+07
1.981360e+07
2.017880e+07
1.959992e+07
1.997281e+07
1.982047e+07
1.973905e+07
1.973211e+07
2.006117e+07
2.001102e+07
1.916653e+07
1.946095e+07
1.963913e+07
1.960048e+07
1.960271e+07
1.941457e+07
1.956655e+07
1.964058e+07
1.955307e+07
1.962504e+07
1.933319e+07
1.966350e+07
1.949374e+07
1.938577e+07
1.945114e+07
1.940634e+07
1.944928e+07
1.932604e+07
1.962867e+07
1.929717e+07
1.957299e+07
1.992800e+07
1.943404e+07
1.928655e+07
1.962323e+07
1.970015e+07
1.982729e+07
2.007342e+07
1.939668e+07
1.983041e+07
1.974942e+07
1.915572e+07
1.939360e+07
1.956924e+07
1.960666e+07
1.957462e+07
1.969153e+07
1.980822e+07
1.955672e+07
1.940109e+07
1.974483e+07
1.978988e+07
1.961806e+07
1.967253e+07
1.953255e+07
1.959429e+07
1.952458e+07
1.938517e+07
1.985478e+07
1.999412e+07
1.999763e+07
1.940317e+07
1.899995e+07
1.964331e+07
1.968051e+07
2.018566e+07
1.959536e+07
1.935331e+07
1.994018e+07
1.978636e+07
1.971453e+07
1.924481e+07
1.951486e+07
1.927828e+07
1.958588e+07
1.964663e+07
1.958108e+07
1.937583e+07
1.948412e+07
1.951882e+07
1.948445e+07
1.964766e+07
1.982393e+07
1.948709e+07
1.969366e+07
1.934247e+07
1.971020e+07
1.968440e+07
1.963520e+07
1.980123e+07
2.019118e+07
1.899355e+07
1.899659e+07
1.936521e+07
2.204962e+07
1.962923e+07
2.007166e+07
1.950349e+07
1.998870e+07
1.947734e+07
1.971540e+07
1.958346e+07
1.938139e+07
1.953326e+07
1.918759e+07
1.961022e+07
1.960592e+07
1.958292e+07
1.975810e+07
1.973928e+07
1.950162e+07
1.970366e+07
1.943966e+07
1.950861e+07
1.958865e+07
1.952030e+07
1.971630e+07
1.959332e+07
1.952961e+07
1.944824e+07
1.971050e+07
1.938703e+07
1.988879e+07
1.985014e+07
2.066615e+07
1.927082e+07
1.991028e+07
2.014849e+07
1.985053e+07
1.998647e+07
1.943951e+07
1.984859e+07
1.992860e+07
1.972986e+07
1.964853e+07
2.037644e+07
1.958356e+07
1.956055e+07
1.950246e+07
1.936482e+07
1.933683e+07
1.981511e+07
1.968349e+07
1.962314e+07
1.955703e+07
1.945180e+07
1.979773e+07
1.951427e+07
1.946091e+07
1.974209e+07
1.961241e+07
1.936190e+07
1.963033e+07
1.945541e+07
1.957106e+07
1.976508e+07
1.970869e+07
1.941476e+07
1.982105e+07
1.938622e+07
1.966483e+07
1.955991e+07
1.910711e+07
1.967067e+07
1.972331e+07
1.948699e+07
1.900166e+07
1.961778e+07
1.960448e+07
1.970615e+07
1.970536e+07
1.967930e+07
1.942234e+07
1.952192e+07
1.960674e+07
1.968383e+07
1.967570e+07
1.942334e+07
1.979601e+07
1.934791e+07
1.988757e+07
1.952385e+07
1.987613e+07
1.945915e+07
1.965372e+07
1.975152e+07
1.959859e+07
1.960958e+07
1.960712e+07
1.931311e+07
1.977451e+07
1.952373e+07
1.911489e+07
1.967859e+07
1.981868e+07
1.987538e+07
1.955522e+07
1.918272e+07
1.963381e+07
1.948791e+07
1.953380e+07
1.950679e+07
1.944986e+07
1.952897e+07
1.962867e+07
1.940438e+07
1.973568e+07
1.959557e+07
1.957838e+07
1.942891e+07
1.939081e+07
1.951931e+07
1.935711e+07
1.925457e+07
1.952334e+07
1.973611e+07
1.905237e+07
2.014841e+07
1.959551e+07
1.990207e+07
1.980415e+07
1.951526e+07
1.932406e+07
1.962907e+07
1.914377e+07
1.906586e+07
1.965838e+07
1.934622e+07
1.912478e+07
1.957550e+07
1.964565e+07
1.968765e+07
1.962531e+07
1.967169e+07
1.986500e+07
1.961870e+07
1.969051e+07
1.959306e+07
1.944121e+07
1.957887e+07
1.956223e+07
1.978638e+07
1.941461e+07
1.960276e+07
1.958155e+07
1.955619e+07
1.981590e+07
1.918386e+07
1.971717e+07
1.982078e+07
1.995658e+07
1.962341e+07
1.966596e+07
1.978633e+07
2.033469e+07
1.992235e+07
1.982195e+07
1.995237e+07
1.937650e+07
2.051940e+07
1.954677e+07
1.957468e+07
1.955928e+07
1.939251e+07
1.927305e+07
1.948956e+07
1.957701e+07
1.942872e+07
1.957724e+07
1.953718e+07
1.953420e+07
1.965080e+07
1.957309e+07
1.953974e+07
2.006971e+07
1.937367e+07
1.909403e+07
1.982764e+07
1.979099e+07
2.006069e+07
1.990626e+07
2.000311e+07
1.951255e+07
1.974470e+07
1.991473e+07
1.948575e+07
1.899673e+07
2.017765e+07
1.972426e+07
1.971885e+07
1.929950e+07
1.951736e+07
1.965371e+07
1.941879e+07
1.975166e+07
1.977332e+07
1.956246e+07
1.962200e+07
1.960025e+07
1.963410e+07
1.964256e+07
1.962223e+07
1.954195e+07
1.959620e+07
1.979101e+07
1.922314e+07
2.000279e+07
1.941395e+07
1.916902e+07
1.994951e+07
1.919201e+07
1.961943e+07
1.973893e+07
1.989845e+07
1.971713e+07
1.995852e+07
1.987498e+07
1.972726e+07
1.902021e+07
1.960616e+07
1.930236e+07
1.928236e+07
1.946094e+07
1.965013e+07
1.957659e+07
1.936687e+07
1.934108e+07
1.965052e+07
1.957611e+07
1.960824e+07
1.953340e+07
1.955225e+07
1.956236e+07
1.947082e+07
1.954538e+07
1.974853e+07
1.961976e+07
1.977499e+07
1.965273e+07
1.944233e+07
1.970371e+07
1.969009e+07
1.988795e+07
1.990039e+07
1.989255e+07
1.965761e+07
1.961670e+07
1.963842e+07
2.010171e+07
1.953777e+07
1.940406e+07
1.949758e+07
1.969086e+07
1.957828e+07
1.958822e+07
1.944624e+07
1.976314e+07
1.967463e+07
1.962017e+07
1.943409e+07
1.964631e+07
1.983311e+07
1.942368e+07
1.964688e+07
1.980701e+07
1.969418e+07
1.927212e+07
1.943089e+07
1.980952e+07
1.951832e+07
1.945884e+07
1.944925e+07
1.995817e+07
1.972825e+07
1.967649e+07
1.955054e+07
1.972354e+07
1.967192e+07
1.975363e+07
1.994804e+07
1.992947e+07
1.983031e+07
1.985442e+07
1.942831e+07
1.961610e+07
1.958864e+07
1.961604e+07
1.948904e+07
1.936810e+07
1.959558e+07
1.952815e+07
1.946392e+07
1.937260e+07
1.967483e+07
1.924275e+07
1.966729e+07
1.967981e+07
1.966204e+07
1.967852e+07
1.947900e+07
1.964927e+07
1.974156e+07
1.988943e+07
1.988522e+07
2.094374e+07
1.951062e+07
2.008967e+07
1.965621e+07
1.980063e+07
1.972091e+07
1.971845e+07
1.971354e+07
1.926521e+07
1.960664e+07
1.956674e+07
1.955586e+07
1.955361e+07
1.958619e+07
1.944952e+07
1.977696e+07
1.962589e+07
1.957001e+07
1.965930e+07
1.959893e+07
1.961510e+07
1.960454e+07
1.984832e+07
1.949170e+07
1.958339e+07
1.943657e+07
1.931064e+07
1.939060e+07
1.990941e+07
1.899102e+07
1.991256e+07
1.943716e+07
2.067019e+07
1.981057e+07
2.019701e+07
1.970629e+07
1.971980e+07
1.925453e+07
1.940923e+07
1.943288e+07
1.958625e+07
1.947685e+07
1.955316e+07
1.964646e+07
1.961148e+07
1.955781e+07
1.954846e+07
1.943376e+07
1.954587e+07
1.945206e+07
1.968861e+07
1.954034e+07
1.953729e+07
1.964248e+07
1.982496e+07
1.951918e+07
1.928475e+07
1.975989e+07
1.985291e+07
1.983183e+07
1.915538e+07
1.911671e+07
1.967679e+07
2.030310e+07
2.024648e+07
2.031397e+07
1.999137e+07
1.990751e+07
1.987158e+07
1.931620e+07
1.980347e+07
1.935920e+07
1.943113e+07
1.957286e+07
1.957832e+07
1.952102e+07
1.959695e+07
1.949320e+07
1.970562e+07
1.969664e+07
1.973917e+07
1.949194e+07
1.957700e+07
1.946673e+07
1.959693e+07
1.944439e+07
1.950190e+07
1.943788e+07
1.957804e+07
1.970822e+07
1.932047e+07
2.014433e+07
1.946823e+07
1.976683e+07
2.038860e+07
1.993460e+07
2.003596e+07
1.982355e+07
1.948835e+07
1.971146e+07
1.919934e+07
1.943861e+07
1.947371e+07
1.925136e+07
1.960433e+07
1.962842e+07
1.958303e+07
1.964701e+07
1.959168e+07
1.944518e+07
1.926774e+07
1.955346e+07
1.958030e+07
1.957691e+07
1.973443e+07
1.959350e+07
1.923012e+07
1.972805e+07
1.960858e+07
1.984769e+07
1.936863e+07
1.989430e+07
1.900462e+07
2.024862e+07
1.943940e+07
1.930623e+07
1.955707e+07
1.971730e+07
1.989934e+07
1.979861e+07
1.987745e+07
2.017936e+07
1.991548e+07
1.968744e+07
1.912162e+07
1.961395e+07
1.959114e+07
1.963062e+07
1.947171e+07
1.945219e+07
1.959605e+07
1.985358e+07
1.968352e+07
1.953139e+07
1.958184e+07
1.957449e+07
1.940646e+07
1.966928e+07
1.948913e+07
1.935196e+07
1.922033e+07
1.959182e+07
1.965343e+07
1.939771e+07
1.915663e+07
1.862371e+07
1.985767e+07
2.017908e+07
1.967758e+07
1.966556e+07
1.973128e+07
1.959450e+07
1.979050e+07
1.923948e+07
1.975594e+07
1.996908e+07
1.960460e+07
1.956452e+07
1.955084e+07
1.957193e+07
1.972739e+07
1.951566e+07
1.936582e+07
1.968108e+07
1.932207e+07
1.957455e+07
1.976144e+07
1.939747e+07
1.938501e+07
1.945094e+07
1.962466e+07
1.988954e+07
1.967776e+07
1.987646e+07
1.951055e+07
2.106387e+07
2.010438e+07
1.951730e+07
1.976817e+07
2.037472e+07
2.034952e+07
1.983343e+07
1.937479e+07
1.927523e+07
1.998127e+07
1.962254e+07
1.909322e+07
1.956626e+07
1.969208e+07
1.967455e+07
1.948794e+07
1.946751e+07
1.953310e+07
1.979569e+07
1.940764e+07
1.970729e+07
1.946868e+07
1.930028e+07
1.963313e+07
1.945546e+07
1.975311e+07
1.944389e+07
1.943804e+07
1.962455e+07
1.946292e+07
1.981613e+07
1.999956e+07
1.955661e+07
2.015013e+07
2.012993e+07
2.005805e+07
1.974610e+07
2.014273e+07
1.942634e+07
2.034425e+07
1.888932e+07
1.933393e+07
1.983629e+07
1.957103e+07
1.963517e+07
1.948949e+07
1.967222e+07
1.973850e+07
1.940188e+07
1.945620e+07
1.935608e+07
1.948107e+07
1.973158e+07
1.966320e+07
1.950300e+07
1.958992e+07
1.960501e+07
1.955835e+07
1.954993e+07
1.971820e+07
1.948534e+07
1.981286e+07
1.968428e+07
1.948591e+07
1.995367e+07
1.977002e+07
1.995646e+07
1.983879e+07
1.974878e+07
1.970599e+07
1.978824e+07
2.004795e+07
1.917070e+07
1.915335e+07
1.962481e+07
1.963031e+07
1.964409e+07
1.966612e+07
1.934165e+07
1.960906e+07
1.951664e+07
1.980857e+07
1.963833e+07
1.942298e+07
1.955113e+07
1.975715e+07
1.966393e+07
1.953272e+07
1.972371e+07
1.942177e+07
1.943876e+07
1.964003e+07
1.971886e+07
1.978276e+07
1.990443e+07
1.970140e+07
2.013850e+07
1.998659e+07
1.989601e+07
2.009272e+07
1.982758e+07
1.954303e+07
1.964818e+07
2.006765e+07
1.960494e+07
1.960097e+07
1.956213e+07
1.953203e+07
1.956643e+07
1.942966e+07
1.989993e+07
1.942541e+07
1.945658e+07
1.951688e+07
1.942072e+07
1.969148e+07
1.930909e+07
1.948216e+07
1.964442e+07
1.935339e+07
1.973997e+07
1.967578e+07
1.981193e+07
1.968945e+07
1.964329e+07
1.953913e+07
1.972991e+07
1.974222e+07
1.991474e+07
1.984084e+07
1.981386e+07
1.952429e+07
2.007689e+07
1.977983e+07
1.933579e+07
1.963934e+07
1.962446e+07
1.955025e+07
1.945343e+07
1.971157e+07
1.964621e+07
1.967733e+07
1.963549e+07
1.959217e+07
1.960292e+07
1.968476e+07
1.951288e+07
1.961000e+07
1.948647e+07
1.944923e+07
1.951174e+07
1.964583e+07
1.935390e+07
1.939138e+07
1.987134e+07
1.984811e+07
1.962077e+07
1.993305e+07
1.991287e+07
1.999487e+07
1.978222e+07
1.997732e+07
1.970764e+07
1.973599e+07
1.968324e+07
1.957077e+07
1.964715e+07
1.952467e+07
1.953068e+07
1.973451e+07
1.949155e+07
1.966324e+07
1.943308e+07
1.946337e+07
1.982358e+07
1.947194e+07
1.946769e+07
1.967804e+07
1.954620e+07
1.963996e+07
1.956004e+07
1.947131e+07
1.950726e+07
1.955781e+07
1.962072e+07
1.957372e+07
1.961984e+07
1.991034e+07
1.960895e+07
1.989948e+07
1.978462e+07
1.962407e+07
1.978382e+07
1.968674e+07
1.994276e+07
2.010022e+07
1.945508e+07
1.942558e+07
1.951923e+07
1.959705e+07
1.951537e+07
1.967177e+07
1.957667e+07
1.963564e+07
1.928908e+07
1.977787e+07
1.972589e+07
1.977371e+07
1.942114e+07
1.965144e+07
1.951279e+07
1.961354e+07
1.947418e+07
1.975621e+07
1.966075e+07
1.963020e+07
1.961148e+07
1.967152e+07
1.966185e+07
1.975602e+07
1.958938e+07
1.978353e+07
1.979323e+07
1.981518e+07
1.977178e+07
1.998622e+07
1.901401e+07
1.979579e+07
1.938983e+07
1.962918e+07
1.962123e+07
1.954895e+07
1.962811e+07
1.957877e+07
1.939233e+07
1.976558e+07
1.947604e+07
1.951295e+07
1.964800e+07
1.968692e+07
1.956744e+07
1.954589e+07
1.974753e+07
1.958789e+07
1.941433e+07
1.964725e+07
1.981477e+07
1.969996e+07
1.966307e+07
1.981971e+07
1.965747e+07
1.961240e+07
1.980458e+07
1.968489e+07
1.987743e+07
1.963174e+07
1.975362e+07
1.986366e+07
2.023970e+07
1.937228e+07
1.957325e+07
1.960461e+07
1.964302e+07
1.958110e+07
1.960225e+07
1.982250e+07
1.964783e+07
1.957408e+07
1.953817e+07
1.974066e+07
1.972160e+07
1.977252e+07
1.968680e+07
1.962364e+07
1.976510e+07
1.961433e+07
1.972840e+07
1.950235e+07
1.964042e+07
1.973145e+07
1.967737e+07
1.982257e+07
1.964274e+07
1.991653e+07
1.976242e+07
1.989436e+07
1.988928e+07
1.945108e+07
2.007583e+07
1.915035e+07
1.998303e+07
1.968779e+07
1.961621e+07
1.961751e+07
1.968686e+07
1.948125e+07
1.956678e+07
1.951539e+07
1.984671e+07
1.934715e+07
1.933432e+07
1.953786e+07
1.974266e+07
1.944967e+07
1.959056e+07
1.960253e+07
1.952176e+07
1.937721e+07
1.975570e+07
1.951506e+07
1.961018e+07
1.969426e+07
1.970433e+07
1.946873e+07
1.983884e+07
1.965101e+07
1.989031e+07
1.959367e+07
1.989817e+07
2.000775e+07
1.978909e+07
1.992034e+07
1.965479e+07
1.960598e+07
1.954884e+07
1.962273e+07
1.963530e+07
1.980238e+07
1.966768e+07
1.942280e+07
1.966338e+07
1.976606e+07
1.968608e+07
1.953180e+07
1.961211e+07
1.968098e+07
1.953072e+07
1.952876e+07
1.961205e+07
1.969461e+07
1.980656e+07
1.969234e+07
1.951536e+07
1.987052e+07
1.995403e+07
1.973776e+07
1.956467e+07
1.985383e+07
1.958690e+07
1.958837e+07
1.973339e+07
1.952743e+07
1.986626e+07
1.964663e+07
1.972334e+07
1.966899e+07
1.964160e+07
1.956348e+07
1.939746e+07
1.979460e+07
1.942179e+07
1.969143e+07
1.948717e+07
1.950810e+07
1.969818e+07
1.967305e+07
1.960954e+07
1.957852e+07
1.969739e+07
1.954602e+07
1.975353e+07
1.946830e+07
1.960505e+07
1.964694e+07
1.938001e+07
1.987012e+07
1.966422e+07
1.973871e+07
1.991926e+07
1.980979e+07
1.991371e+07
1.959150e+07
2.001430e+07
1.988021e+07
1.970268e+07
1.957937e+07
1.959385e+07
1.950342e+07
1.975091e+07
1.961880e+07
1.969301e+07
1.980819e+07
1.983919e+07
1.947698e+07
1.960336e+07
1.976591e+07
1.923161e+07
1.980043e+07
1.956223e+07
1.984301e+07
1.954207e+07
1.977925e+07
1.966067e+07
1.957685e+07
1.979515e+07
1.978033e+07
2.000711e+07
1.965412e+07
1.953794e+07
1.987583e+07
1.994039e+07
1.978332e+07
1.992937e+07
1.981672e+07
1.988849e+07
1.970130e+07
1.960658e+07
1.984745e+07
1.947701e+07
1.956162e+07
1.949924e+07
1.937732e+07
1.972798e+07
1.929257e+07
1.977670e+07
1.967738e+07
1.962380e+07
1.958245e+07
1.973283e+07
1.954959e+07
1.965584e+07
1.964897e+07
1.950527e+07
1.955286e+07
1.984887e+07
1.948178e+07
1.953397e+07
1.955870e+07
1.971914e+07
1.984915e+07
1.953419e+07
1.950033e+07
1.988909e+07
1.957106e+07
1.988559e+07
1.989969e+07
1.969523e+07
1.961242e+07
1.946800e+07
1.971976e+07
1.962985e+07
1.971687e+07
1.948381e+07
1.994281e+07
1.931340e+07
1.985450e+07
1.935862e+07
1.960061e+07
1.940002e+07
1.956039e+07
1.970002e+07
1.970754e+07
1.972684e+07
1.955868e+07
1.981488e+07
1.969130e+07
1.971183e+07
1.983754e+07
1.958388e+07
1.949009e+07
1.973181e+07
1.972926e+07
1.978300e+07
1.975059e+07
1.999889e+07
1.977260e+07
1.989222e+07
1.962223e+07
1.959598e+07
1.969475e+07
1.942230e+07
1.954712e+07
1.946766e+07
1.975530e+07
1.950434e+07
1.933786e+07
1.965006e+07
1.950016e+07
1.975052e+07
1.965070e+07
1.958303e+07
1.963140e+07
1.954125e+07
1.941039e+07
1.963782e+07
1.959055e+07
1.968758e+07
1.963943e+07
1.952688e+07
1.985498e+07
1.953379e+07
1.979175e+07
1.982132e+07
1.978643e+07
1.981283e+07
1.988768e+07
1.991440e+07
1.987769e+07
1.958936e+07
1.964921e+07
1.964012e+07
1.970902e+07
1.961533e+07
1.954524e+07
1.959856e+07
1.963175e+07
1.965115e+07
1.961176e+07
1.982259e+07
1.968138e+07
1.972118e+07
1.977016e+07
1.959639e+07
1.957599e+07
1.976423e+07
1.968461e+07
1.949237e+07
1.952880e+07
1.952945e+07
1.959749e+07
1.977365e+07
1.970617e+07
1.960832e+07
1.980284e+07
1.985052e+07
1.993607e+07
1.965291e+07
1.987730e+07
1.987530e+07
1.950116e+07
1.957860e+07
1.961395e+07
1.958923e+07
1.963781e+07
1.959254e+07
1.951751e+07
1.951889e+07
1.935081e+07
1.951731e+07
1.975375e+07
1.953207e+07
1.974082e+07
1.959545e+07
1.961064e+07
1.954474e+07
1.973848e+07
1.986867e+07
1.977345e+07
1.971625e+07
1.974393e+07
1.991519e+07
1.968342e+07
1.964892e+07
1.977206e+07
1.983957e+07
1.987133e+07
1.970691e+07
1.997523e+07
1.990595e+07
1.986105e+07
1.959777e+07
1.971797e+07
1.963099e+07
1.946432e+07
1.983672e+07
1.927734e+07
1.977822e+07
1.986790e+07
1.972768e+07
1.962827e+07
1.976913e+07
1.988482e+07
1.937828e+07
1.940073e+07
1.968615e+07
1.942405e+07
1.971695e+07
1.968178e+07
1.979205e+07
1.961073e+07
1.981346e+07
1.976261e+07
1.952080e+07
1.968454e+07
1.964295e+07
1.987748e+07
1.990706e+07
1.983749e+07
1.989440e+07
1.979146e+07
1.983921e+07
1.969956e+07
1.956275e+07
1.955054e+07
1.967699e+07
1.980474e+07
1.978344e+07
1.944510e+07
1.940451e+07
1.958014e+07
1.938263e+07
1.976013e+07
1.951191e+07
1.967509e+07
1.969343e+07
1.965197e+07
1.971182e+07
1.966528e+07
1.935464e+07
1.948124e+07
1.977448e+07
1.963035e+07
1.956602e+07
1.971481e+07
1.971037e+07
1.990262e+07
1.976896e+07
1.971340e+07
1.978642e+07
1.971001e+07
1.986400e+07
1.983550e+07
1.965067e+07
1.954173e+07
1.972770e+07
1.969648e+07
1.929702e+07
1.964548e+07
1.958254e+07
1.983285e+07
1.972355e+07
1.971397e+07
1.937070e+07
1.979592e+07
1.955584e+07
1.966388e+07
1.962815e+07
1.942088e+07
1.981025e+07
1.991557e+07
1.979592e+07
1.972341e+07
1.980758e+07
1.978960e+07
1.981296e+07
1.960323e+07
1.967813e+07
1.976998e+07
1.964341e+07
2.003744e+07
1.966635e+07
1.988895e+07
1.982088e+07
1.963439e+07
1.967755e+07
1.978121e+07
1.961498e+07
1.964613e+07
1.966583e+07
1.985210e+07
1.961542e+07
1.936566e+07
1.981536e+07
1.948678e+07
1.968746e+07
1.962773e+07
1.962587e+07
1.977808e+07
1.969448e+07
1.937997e+07
1.995491e+07
1.953685e+07
1.979848e+07
1.969155e+07
1.967643e+07
1.971438e+07
1.977524e+07
1.985447e+07
1.941992e+07
1.988010e+07
1.960016e+07
1.995134e+07
1.979172e+07
1.983197e+07
1.966520e+07
1.964726e+07
1.942269e+07
1.977005e+07
1.965687e+07
1.967462e+07
1.956216e+07
1.971678e+07
1.964560e+07
1.974586e+07
1.969177e+07
1.966022e+07
1.958681e+07
1.968916e+07
1.968439e+07
1.969406e+07
1.927376e+07
1.974849e+07
1.961198e+07
1.962972e+07
1.973467e+07
1.990949e+07
1.961421e+07
1.974777e+07
1.996262e+07
1.996734e+07
1.984708e+07
1.986286e+07
1.986464e+07
1.972494e+07
1.984829e+07
1.968843e+07
1.973665e+07
1.971972e+07
1.973517e+07
1.936360e+07
1.969671e+07
1.975047e+07
1.989228e+07
1.977244e+07
1.939939e+07
1.954713e+07
1.977809e+07
1.960896e+07
1.940794e+07
1.986090e+07
1.982518e+07
1.959808e+07
1.984410e+07
1.937398e+07
1.975489e+07
1.965964e+07
1.983399e+07
1.964592e+07
1.966284e+07
1.971924e+07
1.972053e+07
1.991988e+07
1.951324e+07
1.986109e+07
1.972645e+07
1.984719e+07
1.965595e+07
1.957966e+07
1.952338e+07
1.950996e+07
1.989441e+07
1.968731e+07
1.954230e+07
1.950724e+07
1.953443e+07
1.951332e+07
1.959731e+07
1.966750e+07
1.964802e+07
1.953232e+07
1.972063e+07
1.962663e+07
1.957069e+07
1.971618e+07
1.977733e+07
1.974375e+07
1.948529e+07
1.980033e+07
1.962356e+07
1.980825e+07
1.978342e+07
1.973512e+07
1.973321e+07
1.980663e+07
1.975971e+07
1.977015e+07
1.982006e+07
1.974529e+07
1.966912e+07
1.973444e+07
1.981748e+07
1.967919e+07
1.948834e+07
1.958427e+07
1.969485e+07
1.950177e+07
1.968329e+07
1.976945e+07
1.958597e+07
1.977863e+07
1.961674e+07
1.964087e+07
1.984776e+07
1.967856e+07
1.953181e+07
1.965222e+07
1.979935e+07
1.986177e+07
1.966745e+07
1.980416e+07
1.972321e+07
1.977562e+07
1.959264e+07
1.988198e+07
1.980506e+07
1.974045e+07
1.976693e+07
1.981977e+07
1.970258e+07
1.959214e+07
1.951583e+07
1.940296e+07
1.969533e+07
1.980565e+07
1.965952e+07
1.977414e+07
1.963422e+07
1.953961e+07
1.947076e+07
1.958586e+07
1.977598e+07
1.952589e+07
1.986312e+07
1.955417e+07
1.971300e+07
1.985595e+07
1.969025e+07
1.974298e+07
1.965182e+07
1.968827e+07
1.971649e+07
1.969699e+07
1.975564e+07
1.964001e+07
1.966539e+07
1.967014e+07
1.996718e+07
1.965810e+07
1.981611e+07
1.962925e+07
1.970019e+07
1.969806e+07
1.972096e+07
1.974335e+07
1.955469e+07
1.944583e+07
1.982885e+07
1.929538e+07
1.958169e+07
1.979655e+07
1.978421e+07
1.958867e+07
1.956286e+07
1.959492e+07
1.969128e+07
1.965144e+07
1.997594e+07
1.971079e+07
1.981776e+07
1.968142e+07
1.962896e+07
1.962375e+07
1.990376e+07
1.974858e+07
1.958408e+07
1.972608e+07
1.997361e+07
1.975165e+07
1.977646e+07
1.979600e+07
1.966052e+07
1.966136e+07
1.956261e+07
1.949562e+07
1.960743e+07
1.968032e+07
1.978261e+07
1.981844e+07
1.990129e+07
1.959445e+07
1.945907e+07
1.970035e+07
1.958847e+07
1.959551e+07
1.959973e+07
1.954592e+07
1.989991e+07
1.978738e+07
1.951982e+07
1.945257e+07
1.990973e+07
1.967751e+07
1.972905e+07
1.956743e+07
1.984247e+07
1.986358e+07
1.979670e+07
1.953072e+07
1.978064e+07
1.982546e+07
1.974929e+07
1.965248e+07
1.966592e+07
1.960248e+07
1.983471e+07
1.968693e+07
1.962509e+07
1.942445e+07
1.953601e+07
1.973870e+07
1.948153e+07
1.974400e+07
1.983868e+07
1.947427e+07
1.980844e+07
1.964763e+07
1.969838e+07
1.966031e+07
1.947223e+07
1.980710e+07
1.955786e+07
1.981046e+07
1.945176e+07
1.985166e+07
1.975613e+07
1.966803e+07
1.971533e+07
1.970717e+07
1.966935e+07
1.982969e+07
1.970647e+07
1.977643e+07
1.958804e+07
1.967416e+07
1.963711e+07
1.952237e+07
1.949520e+07
1.968462e+07
1.964461e+07
1.968532e+07
1.955836e+07
1.978316e+07
1.944614e+07
1.986447e+07
1.949288e+07
1.971884e+07
1.976303e+07
1.942035e+07
1.982020e+07
1.968050e+07
1.967266e+07
1.966824e+07
1.969289e+07
1.974729e+07
1.976869e+07
1.959944e+07
1.985353e+07
1.970494e+07
1.972252e+07
1.976433e+07
1.964005e+07
1.975475e+07
1.976019e+07
1.969708e+07
1.968421e+07
1.955578e+07
1.978754e+07
1.972201e+07
1.968723e+07
1.957881e+07
1.953984e+07
1.980533e+07
1.953103e+07
1.972304e+07
1.965247e+07
1.984250e+07
1.959385e+07
1.952315e+07
1.978328e+07
1.974274e+07
1.976959e+07
1.953156e+07
1.967447e+07
1.969616e+07
1.966671e+07
1.964251e+07
1.965784e+07
1.976524e+07
1.982030e+07
1.973833e+07
1.982345e+07
1.944855e+07
1.996369e+07
1.971987e+07
1.969545e+07
1.955289e+07
1.963523e+07
1.972709e+07
1.942703e+07
1.967948e+07
1.954545e+07
1.968922e+07
1.988832e+07
1.966142e+07
1.971172e+07
1.951323e+07
1.974293e+07
1.953370e+07
1.972283e+07
1.964090e+07
1.956493e+07
1.979297e+07
1.967365e+07
1.962361e+07
1.963218e+07
1.979689e+07
1.968558e+07
1.985766e+07
1.979818e+07
1.962868e+07
1.963750e+07
1.997362e+07
1.962731e+07
1.984159e+07
1.968324e+07
1.962334e+07
1.959578e+07
1.971161e+07
1.939952e+07
1.972099e+07
1.980421e+07
1.949589e+07
1.958981e+07
1.951132e+07
1.979303e+07
1.964264e+07
1.960818e+07
1.956907e+07
1.978473e+07
1.990847e+07
1.960012e+07
1.963164e+07
1.975512e+07
1.976983e+07
1.961887e+07
1.961849e+07
1.994329e+07
1.949765e+07
1.990259e+07
1.932379e+07
1.991344e+07
1.968572e+07
1.984167e+07
1.983037e+07
1.989100e+07
1.974039e+07
1.960060e+07
1.970175e+07
1.968161e+07
1.951537e+07
1.973263e+07
1.932752e+07
1.980781e+07
1.969485e+07
1.959979e+07
1.964448e+07
1.943468e+07
1.972678e+07
1.954382e+07
1.965798e+07
1.959821e+07
1.957723e+07
1.970022e+07
1.959895e+07
1.962249e+07
1.962329e+07
1.972235e+07
1.977533e+07
1.987185e+07
1.978571e+07
1.940000e+07
1.978982e+07
1.944027e+07
1.997794e+07
1.941974e+07
1.974073e+07
1.979886e+07
1.967287e+07
1.964236e+07
1.954239e+07
1.974996e+07
1.954820e+07
1.968451e+07
1.985975e+07
1.938445e+07
1.973189e+07
1.951701e+07
1.971747e+07
1.975152e+07
1.959684e+07
1.963532e+07
1.981976e+07
1.949712e+07
1.971103e+07
1.946247e+07
1.972506e+07
1.953206e+07
1.969354e+07
1.962851e+07
1.969507e+07
1.962210e+07
1.982408e+07
1.976240e+07
1.961148e+07
1.979173e+07
1.969384e+07
1.990508e+07
1.973036e+07
1.970831e+07
1.967889e+07
1.969323e+07
1.972641e+07
1.952397e+07
1.963153e+07
1.933399e+07
1.991360e+07
1.981308e+07
1.954256e+07
1.967473e+07
1.953292e+07
1.991648e+07
1.965583e+07
1.953817e+07
1.952998e+07
1.979157e+07
1.954371e+07
1.990324e+07
1.964207e+07
1.953368e+07
1.970307e+07
1.948703e+07
1.965710e+07
1.956236e+07
1.963597e+07
1.975414e+07
1.969259e+07
1.973686e+07
1.972323e+07
1.976935e+07
1.968603e+07
1.969055e+07
1.955420e+07
1.966006e+07
1.962048e+07
1.975202e+07
1.973840e+07
1.953294e+07
1.937853e+07
1.998026e+07
1.964367e+07
1.957355e+07
1.954678e+07
1.975494e+07
1.963919e+07
1.951077e+07
1.978358e+07
1.962702e+07
1.989471e+07
1.969805e+07
1.960832e+07
1.974947e+07
1.982564e+07
1.952607e+07
1.964417e+07
1.979667e+07
1.969416e+07
1.965402e+07
1.978691e+07
1.977899e+07
1.978816e+07
1.967331e+07
1.970044e+07
1.973397e+07
1.968419e+07
1.959990e+07
1.950298e+07
1.951842e+07
1.975056e+07
1.972093e+07
1.977872e+07
1.955110e+07
1.960780e+07
1.985001e+07
1.944086e+07
1.990594e+07
1.975393e+07
1.974880e+07
1.975920e+07
1.949170e+07
1.936981e+07
1.965395e+07
1.988939e+07
1.965307e+07
1.968446e+07
1.972367e+07
1.978547e+07
1.945877e+07
1.986022e+07
1.965193e+07
1.980225e+07
1.973584e+07
1.969635e+07
1.969757e+07
1.968265e+07
1.955932e+07
1.955973e+07
1.962218e+07
1.973222e+07
1.954196e+07
1.954732e+07
1.974679e+07
1.932200e+07
1.976115e+07
1.985943e+07
1.982661e+07
1.950217e+07
1.969678e+07
1.984941e+07
1.970806e+07
1.974113e+07
1.982102e+07
1.975576e+07
1.955375e+07
1.959248e+07
1.975661e+07
1.974007e+07
1.968440e+07
1.957935e+07
1.982687e+07
1.963986e+07
1.982794e+07
1.975516e+07
1.974950e+07
1.962880e+07
1.969478e+07
1.965910e+07
1.977549e+07
1.941339e+07
1.963266e+07
1.972763e+07
1.954393e+07
1.972438e+07
1.965388e+07
1.962439e+07
1.952361e+07
1.953122e+07
1.960932e+07
1.984857e+07
1.928894e+07
1.984170e+07
1.935794e+07
1.962712e+07
1.956396e+07
1.969250e+07
1.972751e+07
1.957956e+07
1.969921e+07
1.971216e+07
1.975511e+07
1.963148e+07
1.982911e+07
1.974978e+07
1.975689e+07
1.970140e+07
1.961720e+07
1.983696e+07
1.959689e+07
1.968901e+07
1.984689e+07
1.943696e+07
1.956534e+07
1.967479e+07
1.949601e+07
1.959705e+07
1.938686e+07
1.974624e+07
1.962943e+07
1.953922e+07
1.965301e+07
1.966764e+07
1.976516e+07
1.960437e+07
1.967251e+07
1.969870e+07
1.958317e+07
1.953098e+07
1.955122e+07
1.969540e+07
1.977652e+07
1.971144e+07
1.974260e+07
1.971711e+07
1.971200e+07
1.977735e+07
1.971356e+07
1.962360e+07
1.959649e+07
1.949484e+07
1.974499e+07
1.969258e+07
1.976591e+07
1.969036e+07
1.958556e+07
1.969261e+07
1.962513e+07
1.967940e+07
1.954665e+07
1.975894e+07
1.959456e+07
1.961176e+07
1.971230e+07
1.940551e+07
1.963129e+07
1.962198e+07
1.973159e+07
1.946891e+07
1.979881e+07
1.946011e+07
1.972367e+07
1.949474e+07
1.964432e+07
1.960954e+07
1.990679e+07
1.971324e+07
1.975377e+07
1.961502e+07
1.959099e+07
1.968697e+07
1.977013e+07
1.952951e+07
1.954500e+07
1.969055e+07
1.966162e+07
1.962001e+07
1.958553e+07
1.924689e+07
1.983777e+07
1.959947e+07
1.976632e+07
1.943222e+07
1.983747e+07
1.967929e+07
1.981560e+07
1.972613e+07
1.965446e+07
1.945974e+07
1.968799e+07
1.961287e+07
1.972799e+07
1.957422e+07
1.965170e+07
1.981896e+07
1.970701e+07
1.969672e+07
1.973750e+07
1.975077e+07
1.956127e+07
1.971435e+07
1.966141e+07
1.948943e+07
1.959723e+07
1.977634e+07
1.960278e+07
1.973061e+07
1.973965e+07
1.960677e+07
1.991146e+07
1.957145e+07
1.976503e+07
1.971218e+07
1.943951e+07
1.968532e+07
1.974504e+07
1.963903e+07
1.934362e+07
1.979611e+07
1.965667e+07
1.985558e+07
1.962923e+07
1.969435e+07
1.983126e+07
1.964992e+07
1.968975e+07
1.968745e+07
1.981870e+07
1.969203e+07
1.979475e+07
1.967247e+07
1.974799e+07
1.941078e+07
1.981141e+07
1.980471e+07
1.939071e+07
1.959627e+07
1.962166e+07
1.991621e+07
1.947699e+07
1.960444e+07
1.959068e+07
1.949677e+07
1.954784e+07
1.956868e+07
1.984755e+07
1.946602e+07
1.952022e+07
1.971698e+07
1.968930e+07
1.949410e+07
1.967319e+07
1.978986e+07
1.976039e+07
1.950420e+07
1.971420e+07
1.985462e+07
1.960901e+07
1.965018e+07
1.975940e+07
1.974084e+07
1.966857e+07
1.960544e+07
1.967667e+07
1.975591e+07
1.934751e+07
1.974070e+07
1.986697e+07
1.926251e+07
1.966214e+07
1.941681e+07
1.978366e+07
1.982992e+07
1.971356e+07
1.958404e+07
1.951154e+07
1.963727e+07
1.989957e+07
1.955803e+07
1.982161e+07
1.957577e+07
1.974330e+07
1.981917e+07
1.942389e+07
1.956377e+07
1.969176e+07
1.952872e+07
1.980518e+07
1.973544e+07
1.972092e+07
1.976961e+07
1.975196e+07
1.970163e+07
1.958948e+07
1.972168e+07
1.940505e+07
1.986674e+07
1.979289e+07
1.934241e+07
1.976748e+07
1.973075e+07
1.947586e+07
1.967608e+07
1.932584e+07
1.980195e+07
1.968993e+07
1.966547e+07
1.965574e+07
1.984295e+07
1.955111e+07
1.980810e+07
1.964189e+07
1.968650e+07
1.966489e+07
1.983902e+07
1.970319e+07
1.967140e+07
1.973443e+07
1.975502e+07
1.956361e+07
1.970146e+07
1.970041e+07
1.977416e+07
1.972882e+07
1.954993e+07
1.978364e+07
1.965265e+07
1.963795e+07
1.917552e+07
1.990864e+07
1.979183e+07
1.930939e+07
1.977610e+07
1.956179e+07
1.958469e+07
1.949129e+07
1.947582e+07
1.967835e+07
1.960765e+07
1.954434e+07
1.965166e+07
1.964592e+07
1.958719e+07
1.950456e+07
1.962039e+07
1.957777e+07
1.961419e+07
1.954183e+07
1.971891e+07
1.967389e+07
1.973839e+07
1.980084e+07
1.966572e+07
1.977504e+07
1.966973e+07
1.955439e+07
1.969654e+07
1.948043e+07
1.974578e+07
1.973848e+07
1.953598e+07
1.922193e+07
1.980399e+07
1.974914e+07
1.930927e+07
1.941909e+07
1.991249e+07
1.976711e+07
1.956937e+07
1.981950e+07
1.969346e+07
1.959886e+07
1.978553e+07
1.978111e+07
1.960895e+07
1.962903e+07
1.965543e+07
1.980909e+07
1.969659e+07
1.968166e+07
1.961999e+07
1.961891e+07
1.974216e+07
1.964834e+07
1.979135e+07
1.959051e+07
1.974538e+07
1.964721e+07
1.973207e+07
1.965490e+07
1.953919e+07
1.951846e+07
1.971001e+07
1.979401e+07
1.926822e+07
1.984028e+07
1.979817e+07
1.967896e+07
1.974946e+07
1.948407e+07
1.969736e+07
1.963130e+07
1.957173e+07
1.960151e+07
1.963461e+07
1.957161e+07
1.975580e+07
1.957885e+07
1.961178e+07
1.975694e+07
1.980147e+07
1.960885e+07
1.967851e+07
1.985087e+07
1.977281e+07
1.969796e+07
1.965410e+07
1.967365e+07
1.950929e+07
1.968109e+07
1.954144e+07
1.967649e+07
1.966747e+07
1.938794e+07
1.946164e+07
1.980835e+07
1.956299e+07
1.936277e+07
1.972555e+07
1.951911e+07
1.977126e+07
1.967091e+07
1.959237e+07
1.975614e+07
1.964944e+07
1.953750e+07
1.975155e+07
1.976834e+07
1.956137e+07
1.968923e+07
1.951596e+07
1.977574e+07
1.967400e+07
1.983235e+07
1.934287e+07
1.986911e+07
1.969599e+07
1.963081e+07
1.958337e+07
1.970358e+07
1.971045e+07
1.963274e+07
1.961009e+07
1.970807e+07
1.960377e+07
1.962946e+07
1.974792e+07
1.956595e+07
1.966649e+07
1.968678e+07
1.959108e+07
1.964577e+07
1.956319e+07
1.977032e+07
1.957171e+07
1.956806e+07
1.972976e+07
1.953440e+07
1.971232e+07
1.984850e+07
1.950298e+07
1.962480e+07
1.974692e+07
1.946089e+07
1.976705e+07
1.974836e+07
1.979066e+07
1.971602e+07
1.959682e+07
1.969998e+07
1.967346e+07
1.946834e+07
1.962292e+07
1.935150e+07
1.969200e+07
1.988548e+07
1.940552e+07
1.945103e+07
1.979085e+07
1.979133e+07
1.938185e+07
1.992753e+07
1.964787e+07
1.967254e+07
1.974919e+07
1.958254e+07
1.969488e+07
1.968355e+07
1.959876e+07
1.961398e+07
1.974434e+07
1.977919e+07
1.963570e+07
1.978835e+07
1.963320e+07
1.972435e+07
1.967459e+07
1.973812e+07
1.971808e+07
1.968655e+07
1.966560e+07
1.948883e+07
1.983210e+07
1.966104e+07
1.965184e+07
1.952096e+07
1.956984e+07
1.963527e+07
1.976583e+07
1.943814e+07
1.975619e+07
1.972828e+07
1.952885e+07
1.949469e+07
1.987203e+07
1.944176e+07
1.976681e+07
1.949953e+07
1.964543e+07
1.983119e+07
1.946806e+07
1.968629e+07
1.961284e+07
1.971828e+07
1.967221e+07
1.965644e+07
1.963987e+07
1.971281e+07
1.978032e+07
1.971879e+07
1.962216e+07
1.964441e+07
1.964782e+07
1.973946e+07
1.934699e+07
1.972340e+07
1.966105e+07
1.958464e+07
1.933053e+07
1.958841e+07
1.965594e+07
1.965804e+07
1.958177e+07
1.971215e+07
1.961698e+07
1.953727e+07
1.967811e+07
1.952205e+07
1.975024e+07
1.966750e+07
1.961431e+07
1.963051e+07
1.970763e+07
1.961407e+07
1.981351e+07
1.965951e+07
1.956823e+07
1.974096e+07
1.971566e+07
1.971844e+07
1.972233e+07
1.964838e+07
1.962332e+07
1.961386e+07
1.947036e+07
1.978013e+07
1.979686e+07
1.954086e+07
1.948200e+07
1.982412e+07
1.971070e+07
1.962123e+07
1.954239e+07
1.965801e+07
1.968602e+07
1.957399e+07
1.948112e+07
1.978000e+07
1.945858e+07
1.971585e+07
1.945084e+07
1.970389e+07
1.973072e+07
1.957414e+07
1.961825e+07
1.959956e+07
1.974866e+07
1.978984e+07
1.946983e+07
1.980052e+07
1.965319e+07
1.977452e+07
1.963240e+07
1.956188e+07
1.968903e+07
1.968149e+07
1.962805e+07
1.929132e+07
1.976814e+07
1.973879e+07
1.960103e+07
1.955294e+07
1.936863e+07
1.976692e+07
1.952880e+07
1.953382e+07
1.974852e+07
1.980133e+07
1.937864e+07
1.975234e+07
1.949447e+07
1.966174e+07
1.962985e+07
1.958334e+07
1.972749e+07
1.977921e+07
1.977382e+07
1.944116e+07
1.977893e+07
1.969554e+07
1.990443e+07
1.959308e+07
1.977844e+07
1.960712e+07
1.969812e+07
1.968121e+07
1.949677e+07
1.964489e+07
1.977885e+07
1.967943e+07
1.949344e+07
1.960369e+07
1.972418e+07
1.986976e+07
1.973927e+07
1.993106e+07
1.969964e+07
1.943508e+07
1.966915e+07
1.957107e+07
1.983470e+07
1.943211e+07
1.968687e+07
1.947393e+07
1.975461e+07
1.986961e+07
1.941352e+07
1.965874e+07
1.957138e+07
1.968526e+07
1.959178e+07
1.968253e+07
1.970699e+07
1.975206e+07
1.967522e+07
1.964843e+07
1.951284e+07
1.978897e+07
1.970856e+07
1.952415e+07
1.936308e+07
1.973402e+07
1.988761e+07
1.952082e+07
1.947505e+07
1.932748e+07
1.976283e+07
1.964834e+07
1.970816e+07
1.971914e+07
1.960756e+07
1.953463e+07
1.976674e+07
1.961107e+07
1.967155e+07
1.965285e+07
1.950263e+07
1.966131e+07
1.978304e+07
1.956847e+07
1.963357e+07
1.968345e+07
1.973920e+07
1.977422e+07
1.971654e+07
1.965510e+07
1.967311e+07
1.968827e+07
1.971463e+07
1.946051e+07
1.976712e+07
1.987567e+07
1.943978e+07
1.938757e+07
1.985568e+07
1.967302e+07
1.953840e+07
1.962446e+07
1.945841e+07
1.976894e+07
1.950898e+07
1.976005e+07
1.973265e+07
1.953549e+07
1.951261e+07
1.963139e+07
1.961873e+07
1.968901e+07
1.972701e+07
1.946582e+07
1.971709e+07
1.961636e+07
1.963706e+07
1.964901e+07
1.973600e+07
1.975451e+07
1.968333e+07
1.959921e+07
1.959616e+07
1.952106e+07
1.981357e+07
1.970688e+07
1.941180e+07
1.967574e+07
1.984016e+07
1.965003e+07
1.947675e+07
1.968830e+07
1.968556e+07
1.956529e+07
1.944373e+07
1.979722e+07
1.966414e+07
1.939082e+07
1.972039e+07
1.975505e+07
1.954250e+07
1.968510e+07
1.957075e+07
1.951382e+07
1.977584e+07
1.975023e+07
1.957654e+07
1.973972e+07
1.971294e+07
1.977810e+07
1.971727e+07
1.967105e+07
1.955950e+07
1.977090e+07
1.970034e+07
1.958643e+07
1.942106e+07
1.997550e+07
1.971052e+07
1.942297e+07
1.945364e+07
1.971485e+07
1.981549e+07
1.965698e+07
1.988516e+07
1.950193e+07
1.956595e+07
1.971405e+07
1.981106e+07
1.982363e+07
1.931724e+07
1.974850e+07
1.947788e+07
1.967910e+07
1.970239e+07
1.962474e+07
1.952695e+07
1.967415e+07
1.961684e+07
1.962426e+07
1.971639e+07
1.974242e+07
1.965543e+07
1.963201e+07
1.968947e+07
1.944401e+07
1.973588e+07
1.974436e+07
1.953418e+07
1.931841e+07
1.991880e+07
1.985975e+07
1.938755e+07
1.945818e+07
1.985515e+07
1.962708e+07
1.970303e+07
1.958549e+07
1.972823e+07
1.952523e+07
1.959663e+07
1.972317e+07
1.966511e+07
1.950482e+07
1.977926e+07
1.950916e+07
1.966157e+07
1.971832e+07
1.971488e+07
1.950610e+07
1.994382e+07
1.970906e+07
1.970098e+07
1.965691e+07
1.960623e+07
1.959120e+07
1.973055e+07
1.971226e+07
1.947709e+07
1.967403e+07
1.976346e+07
1.955793e+07
1.947598e+07
1.976828e+07
1.977799e+07
1.956246e+07
1.959523e+07
1.969054e+07
1.981986e+07
1.957964e+07
1.953201e+07
1.962381e+07
1.982890e+07
1.950711e+07
1.979433e+07
1.953047e+07
1.971333e+07
1.984491e+07
1.947579e+07
1.977306e+07
1.949222e+07
1.961241e+07
1.974030e+07
1.973248e+07
1.960043e+07
1.972992e+07
1.967720e+07
1.959954e+07
1.942495e+07
1.979026e+07
1.973863e+07
1.952921e+07
1.953929e+07
1.977026e+07
1.977096e+07
1.938654e+07
1.945431e+07
1.958223e+07
1.973165e+07
1.947733e+07
1.989155e+07
1.960300e+07
1.971660e+07
1.948491e+07
1.969980e+07
1.981485e+07
1.956757e+07
1.974576e+07
1.943288e+07
1.998917e+07
1.955170e+07
1.977544e+07
1.966287e+07
1.979403e+07
1.968879e+07
1.966973e+07
1.967205e+07
1.947305e+07
1.972966e+07
1.973169e+07
1.960735e+07
1.937489e+07
1.982823e+07
1.978058e+07
1.952874e+07
1.948329e+07
1.982337e+07
1.988861e+07
1.967273e+07
1.967561e+07
1.977686e+07
1.976311e+07
1.976683e+07
1.974973e+07
1.951878e+07
1.979744e+07
1.953703e+07
1.956600e+07
1.975105e+07
1.966187e+07
1.973576e+07
1.938022e+07
1.961135e+07
1.964458e+07
1.977870e+07
1.970136e+07
1.966860e+07
1.963991e+07
1.972990e+07
1.970938e+07
1.941597e+07
1.967614e+07
1.982928e+07
1.956301e+07
1.938829e+07
1.976123e+07
1.980531e+07
1.950069e+07
1.931787e+07
2.000136e+07
1.960577e+07
1.941475e+07
1.939422e+07
1.974267e+07
1.961917e+07
1.974142e+07
1.949672e+07
1.982898e+07
1.988144e+07
1.964185e+07
1.965551e+07
1.959091e+07
1.977580e+07
1.978991e+07
1.964236e+07
1.972538e+07
1.971511e+07
1.968071e+07
1.959747e+07
1.959942e+07
1.947904e+07
1.986499e+07
1.970417e+07
1.943551e+07
1.957578e+07
1.980190e+07
1.968478e+07
1.945665e+07
1.980073e+07
1.985774e+07
1.966096e+07
1.959919e+07
1.975419e+07
1.953647e+07
1.952306e+07
1.955627e+07
1.966609e+07
1.985992e+07
1.947534e+07
1.956722e+07
1.976532e+07
1.968372e+07
1.973205e+07
1.965012e+07
1.942637e+07
1.974216e+07
1.976129e+07
1.965070e+07
1.967627e+07
1.959142e+07
1.974881e+07
1.969690e+07
1.959580e+07
1.942023e+07
1.986962e+07
1.976538e+07
1.947080e+07
1.947167e+07
1.979962e+07
1.967818e+07
1.946483e+07
1.950017e+07
1.956356e+07
1.980108e+07
1.925457e+07
1.956602e+07
1.964013e+07
1.951531e+07
1.956623e+07
1.960542e+07
1.956634e+07
1.960098e+07
1.965586e+07
1.954725e+07
1.969865e+07
1.987386e+07
1.966154e+07
1.970718e+07
1.973984e+07
1.963099e+07
1.967315e+07
1.964929e+07
1.955521e+07
1.966099e+07
1.976912e+07
1.960080e+07
1.945589e+07
1.979765e+07
1.977412e+07
1.954132e+07
1.957414e+07
1.963544e+07
1.994857e+07
1.967157e+07
1.963567e+07
1.988402e+07
1.945831e+07
1.957848e+07
1.979269e+07
1.946865e+07
1.971840e+07
1.960073e+07
1.960859e+07
1.971130e+07
1.977069e+07
1.948378e+07
1.948124e+07
1.969223e+07
1.973941e+07
1.967973e+07
1.966202e+07
1.966502e+07
1.954442e+07
1.974767e+07
1.968769e+07
1.955048e+07
1.953953e+07
1.982987e+07
1.966398e+07
1.948237e+07
1.960076e+07
1.973732e+07
1.973342e+07
1.949180e+07
1.941788e+07
1.989034e+07
1.962805e+07
1.977198e+07
1.987090e+07
1.962066e+07
1.960939e+07
1.974406e+07
1.966461e+07
1.976046e+07
1.960071e+07
1.970243e+07
1.979951e+07
1.973568e+07
1.969888e+07
1.977607e+07
1.966196e+07
1.960809e+07
1.972961e+07
1.964135e+07
1.965851e+07
1.942293e+07
1.983598e+07
1.973700e+07
1.954338e+07
1.943747e+07
1.982671e+07
1.983739e+07
1.948181e+07
1.952039e+07
1.979746e+07
1.993416e+07
1.950664e+07
1.946505e+07
1.982635e+07
1.950752e+07
1.959684e+07
1.969641e+07
1.943318e+07
1.956796e+07
1.959070e+07
1.967025e+07
1.973441e+07
1.944005e+07
1.974420e+07
1.956198e+07
1.972873e+07
1.969526e+07
1.967970e+07
1.967159e+07
1.952285e+07
1.967218e+07
1.975455e+07
1.959749e+07
1.938833e+07
1.979628e+07
1.987826e+07
1.944838e+07
1.942650e+07
1.984030e+07
1.987148e+07
1.933407e+07
1.949428e+07
1.981111e+07
1.972701e+07
1.952764e+07
1.953067e+07
1.965535e+07
1.978938e+07
1.983187e+07
1.963727e+07
1.954596e+07
1.963288e+07
1.951935e+07
1.974210e+07
1.969876e+07
1.974132e+07
1.977519e+07
1.967018e+07
1.966538e+07
1.964409e+07
1.971471e+07
1.971898e+07
1.951036e+07
1.960852e+07
1.982265e+07
1.959944e+07
1.940864e+07
1.979546e+07
1.986629e+07
1.946550e+07
1.948357e+07
1.997108e+07
1.970910e+07
1.939158e+07
1.958116e+07
1.961993e+07
1.979477e+07
1.953290e+07
1.961839e+07
1.973059e+07
1.963594e+07
1.978661e+07
1.944285e+07
1.975956e+07
1.970177e+07
1.954632e+07
1.970676e+07
1.961383e+07
1.970195e+07
1.968359e+07
1.962750e+07
1.962650e+07
1.952039e+07
1.977422e+07
1.972111e+07
1.953074e+07
1.948740e+07
1.982115e+07
1.969863e+07
1.940949e+07
1.974576e+07
1.979017e+07
1.946011e+07
1.954820e+07
1.981710e+07
1.956235e+07
1.964831e+07
1.962545e+07
1.963155e+07
1.959366e+07
1.971436e+07
1.937549e+07
1.985994e+07
1.939785e+07
1.960721e+07
1.960055e+07
1.966743e+07
1.988054e+07
1.966293e+07
1.974389e+07
1.968481e+07
1.958047e+07
1.970236e+07
1.969477e+07
1.963227e+07
1.948202e+07
1.982599e+07
1.973240e+07
1.954817e+07
1.940725e+07
1.990002e+07
1.969516e+07
1.950770e+07
1.960976e+07
1.969501e+07
1.964535e+07
1.952319e+07
1.960974e+07
1.966816e+07
1.964003e+07
1.959996e+07
1.963818e+07
1.980236e+07
1.947025e+07
1.975675e+07
1.972663e+07
1.944852e+07
1.969967e+07
1.958677e+07
1.974528e+07
1.965661e+07
1.961100e+07
1.967623e+07
1.969707e+07
1.953237e+07
1.962272e+07
1.972290e+07
1.964951e+07
1.944466e+07
1.978249e+07
1.973293e+07
1.958063e+07
1.941563e+07
1.978376e+07
1.976041e+07
1.954431e+07
1.947702e+07
1.981929e+07
1.960803e+07
1.958020e+07
1.961890e+07
1.969456e+07
1.956580e+07
1.968615e+07
1.975699e+07
1.977708e+07
1.966761e+07
1.973990e+07
1.967545e+07
1.959508e+07
1.981675e+07
1.968149e+07
1.967014e+07
1.966135e+07
1.954085e+07
1.969784e+07
1.974714e+07
1.952473e+07
1.957746e+07
1.971871e+07
1.971906e+07
1.945323e+07
1.966937e+07
1.983721e+07
1.960991e+07
1.937722e+07
1.980008e+07
1.973137e+07
1.943003e+07
1.961813e+07
1.961897e+07
1.963919e+07
1.963780e+07
1.959178e+07
1.974058e+07
1.946619e+07
1.964484e+07
1.972489e+07
1.956695e+07
1.948936e+07
1.978991e+07
1.961488e+07
1.971429e+07
1.964529e+07
1.963920e+07
1.968508e+07
1.970131e+07
1.947919e+07
1.969368e+07
1.974672e+07
1.953424e+07
1.946887e+07
1.973863e+07
1.985237e+07
1.940271e+07
1.965623e+07
1.977348e+07
1.955173e+07
1.952092e+07
1.975591e+07
1.965954e+07
1.965769e+07
1.959300e+07
1.962620e+07
1.973468e+07
1.950403e+07
1.959124e+07
1.960735e+07
1.974902e+07
1.966021e+07
1.985979e+07
1.961531e+07
1.970689e+07
1.971075e+07
1.967637e+07
1.963192e+07
1.960821e+07
1.955202e+07
1.970283e+07
1.977027e+07
1.945801e+07
1.964229e+07
1.985437e+07
1.949943e+07
1.943508e+07
1.977865e+07
1.975237e+07
1.952822e+07
1.963654e+07
1.965570e+07
1.969885e+07
1.953631e+07
1.959288e+07
1.969513e+07
1.953131e+07
1.980027e+07
1.962491e+07
1.966915e+07
1.965186e+07
1.958177e+07
1.958099e+07
1.962450e+07
1.962681e+07
1.983979e+07
1.962969e+07
1.966011e+07
1.957908e+07
1.968318e+07
1.970082e+07
1.961809e+07
1.945019e+07
1.983563e+07
1.970422e+07
1.948026e+07
1.958603e+07
1.980325e+07
1.965976e+07
1.945868e+07
1.969411e+07
1.974930e+07
1.956141e+07
1.953199e+07
1.970452e+07
1.974776e+07
1.955563e+07
1.969289e+07
1.944982e+07
1.967540e+07
1.963601e+07
1.946265e+07
1.988455e+07
1.949250e+07
1.984186e+07
1.964749e+07
1.975718e+07
1.967242e+07
1.960687e+07
1.966040e+07
1.969859e+07
1.948576e+07
1.968914e+07
1.971589e+07
1.962633e+07
1.946402e+07
1.981275e+07
1.972750e+07
1.951344e+07
1.948246e+07
1.977189e+07
1.974351e+07
1.944856e+07
1.962728e+07
1.981612e+07
1.955134e+07
1.956323e+07
1.953599e+07
1.974326e+07
1.972300e+07
1.942161e+07
1.961777e+07
1.950856e+07
1.966743e+07
1.942931e+07
1.975005e+07
1.962410e+07
1.970327e+07
1.974357e+07
1.966149e+07
1.963551e+07
1.955860e+07
1.972396e+07
1.969876e+07
1.953555e+07
1.957784e+07
1.972991e+07
1.968804e+07
1.945185e+07
1.976051e+07
1.977971e+07
1.951254e+07
1.943854e+07
1.987876e+07
1.970635e+07
1.948153e+07
1.964401e+07
1.971383e+07
1.983476e+07
1.945094e+07
1.961849e+07
1.945122e+07
1.987788e+07
1.949514e+07
1.968650e+07
1.974399e+07
1.963923e+07
1.966234e+07
1.975270e+07
1.967032e+07
1.962902e+07
1.967533e+07
1.964693e+07
1.969465e+07
1.949986e+07
1.972927e+07
1.973871e+07
1.956175e+07
1.951339e+07
1.974709e+07
1.973658e+07
1.944086e+07
1.967941e+07
1.977089e+07
1.957812e+07
1.944093e+07
1.976301e+07
1.979768e+07
1.944862e+07
1.955386e+07
1.966855e+07
1.973019e+07
1.965085e+07
1.949913e+07
1.969092e+07
1.969656e+07
1.943855e+07
1.974682e+07
1.962778e+07
1.974151e+07
1.968552e+07
1.966810e+07
1.965292e+07
1.957368e+07
1.958782e+07
1.969238e+07
1.970400e+07
1.944435e+07
1.972684e+07
1.973941e+07
1.957826e+07
1.943147e+07
1.988375e+07
1.970298e+07
1.951420e+07
1.956863e+07
1.976545e+07
1.966753e+07
1.947262e+07
1.979326e+07
1.970456e+07
1.961129e+07
1.947304e+07
1.973180e+07
1.965365e+07
1.968833e+07
1.960350e+07
1.971609e+07
1.979388e+07
1.954415e+07
1.980700e+07
1.967107e+07
1.965949e+07
1.956781e+07
1.969735e+07
1.973355e+07
1.956435e+07
1.953858e+07
1.972367e+07
1.975383e+07
1.941349e+07
1.972123e+07
1.970773e+07
1.959858e+07
1.942171e+07
1.984826e+07
1.976737e+07
1.952328e+07
1.952359e+07
1.971492e+07
1.971200e+07
1.943186e+07
1.970947e+07
1.972899e+07
1.960806e+07
1.958858e+07
1.949950e+07
1.970376e+07
1.971530e+07
1.951077e+07
1.967366e+07
1.974266e+07
1.965769e+07
1.962613e+07
1.965307e+07
1.967916e+07
1.947820e+07
1.968493e+07
1.974881e+07
1.955830e+07
1.949523e+07
1.978313e+07
1.972670e+07
1.946642e+07
1.966839e+07
1.974981e+07
1.964695e+07
1.948551e+07
1.974464e+07
1.980891e+07
1.956838e+07
1.947524e+07
1.990457e+07
1.963787e+07
1.956264e+07
1.953074e+07
1.976067e+07
1.980267e+07
1.954552e+07
1.956166e+07
1.986524e+07
1.971863e+07
1.963141e+07
1.975038e+07
1.964768e+07
1.962724e+07
1.957999e+07
1.971233e+07
1.971935e+07
1.945864e+07
1.971223e+07
1.971222e+07
1.960991e+07
1.948695e+07
1.976415e+07
1.974012e+07
1.951452e+07
1.958120e+07
1.969997e+07
1.976666e+07
1.943418e+07
1.970970e+07
1.961151e+07
1.958207e+07
1.950911e+07
1.973318e+07
1.976908e+07
1.946901e+07
1.950306e+07
1.972702e+07
1.983328e+07
1.940720e+07
1.967451e+07
1.965764e+07
1.970382e+07
1.962201e+07
1.965808e+07
1.966612e+07
1.962999e+07
1.952957e+07
1.972659e+07
1.972387e+07
1.950004e+07
1.963195e+07
1.970986e+07
1.968711e+07
1.948026e+07
1.969324e+07
1.985664e+07
1.945786e+07
1.949074e+07
1.979857e+07
1.974502e+07
1.954576e+07
1.963257e+07
1.980193e+07
1.958652e+07
1.946438e+07
1.983195e+07
1.979534e+07
1.951384e+07
1.959297e+07
1.981064e+07
1.975924e+07
1.962096e+07
1.973160e+07
1.968113e+07
1.964063e+07
1.958077e+07
1.963139e+07
1.965945e+07
1.971532e+07
1.947503e+07
1.971639e+07
1.975202e+07
1.953165e+07
1.953244e+07
1.975535e+07
1.972700e+07
1.943388e+07
1.974161e+07
1.977107e+07
1.949616e+07
1.946754e+07
1.977117e+07
1.976014e+07
1.946773e+07
1.958320e+07
1.979230e+07
1.956371e+07
1.948860e+07
1.970738e+07
1.974772e+07
1.954102e+07
1.966177e+07
1.964053e+07
1.971440e+07
1.965154e+07
1.958194e+07
1.966208e+07
1.973152e+07
1.956881e+07
1.953591e+07
1.971398e+07
1.974036e+07
1.940231e+07
1.970967e+07
1.981917e+07
1.951346e+07
1.953248e+07
1.975763e+07
1.973059e+07
1.946826e+07
1.967802e+07
1.981137e+07
1.953031e+07
1.949319e+07
1.980899e+07
1.964726e+07
1.955591e+07
1.967326e+07
1.979990e+07
1.964033e+07
1.964481e+07
1.972146e+07
1.966009e+07
1.973912e+07
1.965133e+07
1.961747e+07
1.965512e+07
1.968601e+07
1.946193e+07
1.970705e+07
1.975193e+07
1.954960e+07
1.951429e+07
1.981762e+07
1.968357e+07
1.941611e+07
1.976100e+07
1.970863e+07
1.958069e+07
1.952389e+07
1.975409e+07
1.973532e+07
1.947410e+07
1.964362e+07
1.974702e+07
1.962716e+07
1.954332e+07
1.969479e+07
1.968081e+07
1.955552e+07
1.961647e+07
1.963759e+07
1.977291e+07
1.959090e+07
1.970942e+07
1.965652e+07
1.963796e+07
1.960292e+07
1.958805e+07
1.972483e+07
1.969457e+07
1.943601e+07
1.973805e+07
1.970879e+07
1.956680e+07
1.956807e+07
1.975390e+07
1.973332e+07
1.949317e+07
1.966320e+07
1.970318e+07
1.962511e+07
1.953649e+07
1.975195e+07
1.973382e+07
1.953971e+07
1.955462e+07
1.974310e+07
1.972025e+07
1.957023e+07
1.966587e+07
1.979835e+07
1.967303e+07
1.964218e+07
1.965106e+07
1.971262e+07
1.966223e+07
1.962383e+07
1.967669e+07
1.966316e+07
1.959601e+07
1.956403e+07
1.974540e+07
1.968393e+07
1.952870e+07
1.967347e+07
1.965315e+07
1.968469e+07
1.950420e+07
1.971861e+07
1.976084e+07
1.953232e+07
1.957413e+07
1.967296e+07
1.974143e+07
1.950382e+07
1.971383e+07
1.983279e+07
1.952727e+07
1.950602e+07
1.975612e+07
1.974713e+07
1.949595e+07
1.960008e+07
1.977401e+07
1.969061e+07
1.966700e+07
1.967930e+07
1.966749e+07
1.962450e+07
1.957027e+07
1.965444e+07
1.963958e+07
1.968933e+07
1.950097e+07
1.966748e+07
1.979684e+07
1.953391e+07
1.956916e+07
1.972082e+07
1.970013e+07
1.942228e+07
1.971871e+07
1.976450e+07
1.959339e+07
1.948843e+07
1.978924e+07
1.970195e+07
1.941980e+07
1.972335e+07
1.986456e+07
1.951437e+07
1.950007e+07
1.989604e+07
1.971237e+07
1.954586e+07
1.966566e+07
1.965415e+07
1.968083e+07
1.965067e+07
1.960641e+07
1.965637e+07
1.973136e+07
1.956400e+07
1.954390e+07
1.974794e+07
1.972087e+07
1.939586e+07
1.971455e+07
1.980546e+07
1.949207e+07
1.952901e+07
1.977484e+07
1.971690e+07
1.937460e+07
1.973418e+07
1.975602e+07
1.956114e+07
1.950595e+07
1.984077e+07
1.974685e+07
1.938911e+07
1.972534e+07
1.981889e+07
1.953188e+07
1.949208e+07
1.980126e+07
1.973108e+07
1.962305e+07
1.970124e+07
1.963488e+07
1.963530e+07
1.965172e+07
1.944883e+07
1.972091e+07
1.978572e+07
1.948044e+07
1.954560e+07
1.981127e+07
1.968186e+07
1.939056e+07
1.978731e+07
1.973232e+07
1.950297e+07
1.954728e+07
1.979036e+07
1.969241e+07
1.944834e+07
1.981202e+07
1.962326e+07
1.955792e+07
1.947031e+07
1.992416e+07
1.965451e+07
1.949680e+07
1.981698e+07
1.970094e+07
1.959577e+07
1.963162e+07
1.970357e+07
1.964641e+07
1.964239e+07
1.956044e+07
1.967077e+07
1.972870e+07
1.960781e+07
1.944818e+07
1.979274e+07
1.973278e+07
1.946108e+07
1.962784e+07
1.976252e+07
1.968246e+07
1.947712e+07
1.969852e+07
1.971587e+07
1.955740e+07
1.956363e+07
1.976382e+07
1.970061e+07
1.954937e+07
1.972144e+07
1.961366e+07
1.963979e+07
1.948862e+07
1.973174e+07
1.970384e+07
1.953277e+07
1.979110e+07
1.959522e+07
1.972328e+07
1.966286e+07
1.961488e+07
1.966965e+07
1.962784e+07
1.952224e+07
1.965240e+07
1.972278e+07
1.958988e+07
1.954183e+07
1.975508e+07
1.963517e+07
1.961922e+07
1.955048e+07
1.969540e+07
1.972619e+07
1.952327e+07
1.969850e+07
1.966511e+07
1.966891e+07
1.955528e+07
1.970647e+07
1.966892e+07
1.963358e+07
1.963124e+07
1.965075e+07
1.974271e+07
1.953054e+07
1.969776e+07
1.971649e+07
1.964735e+07
1.970183e+07
1.965507e+07
1.963137e+07
1.964688e+07
1.957217e+07
1.970431e+07
1.962119e+07
1.961359e+07
1.959752e+07
1.961926e+07
1.976967e+07
1.953883e+07
1.960128e+07
1.970563e+07
1.966461e+07
1.949970e+07
1.966578e+07
1.978917e+07
1.954155e+07
1.960227e+07
1.971467e+07
1.972947e+07
1.953827e+07
1.967509e+07
1.972944e+07
1.960128e+07
1.953587e+07
1.963820e+07
1.983989e+07
1.951159e+07
1.966667e+07
1.968011e+07
1.964586e+07
1.963423e+07
1.963494e+07
1.960376e+07
1.971458e+07
1.955244e+07
1.959455e+07
1.974919e+07
1.965327e+07
1.943989e+07
1.972948e+07
1.977591e+07
1.949470e+07
1.956476e+07
1.972004e+07
1.976271e+07
1.943342e+07
1.968533e+07
1.978540e+07
1.951813e+07
1.954626e+07
1.975893e+07
1.969152e+07
1.954745e+07
1.969545e+07
1.975833e+07
1.954334e+07
1.952698e+07
1.980421e+07
1.975069e+07
1.962290e+07
1.971697e+07
1.963250e+07
1.963781e+07
1.963071e+07
1.950167e+07
1.969462e+07
1.977683e+07
1.941398e+07
1.965913e+07
1.976963e+07
1.958023e+07
1.944865e+07
1.977836e+07
1.976350e+07
1.949307e+07
1.952588e+07
1.979053e+07
1.971639e+07
1.940337e+07
1.971732e+07
1.978072e+07
1.955130e+07
1.958818e+07
1.968965e+07
1.970578e+07
1.948761e+07
1.978587e+07
1.975533e+07
1.960121e+07
1.960759e+07
1.965188e+07
1.965189e+07
1.964827e+07
1.955973e+07
1.968311e+07
1.971917e+07
1.955589e+07
1.951407e+07
1.975394e+07
1.969123e+07
1.941358e+07
1.971093e+07
1.971007e+07
1.958943e+07
1.944771e+07
1.983108e+07
1.969043e+07
1.953705e+07
1.950811e+07
1.983537e+07
1.969320e+07
1.945356e+07
1.970262e+07
1.967664e+07
1.959564e+07
1.966887e+07
1.961727e+07
1.978892e+07
1.961775e+07
1.974841e+07
1.971187e+07
1.971353e+07
1.967382e+07
1.963627e+07
1.962482e+07
1.961246e+07
1.952264e+07
1.971372e+07
1.966368e+07
1.955865e+07
1.958380e+07
1.971596e+07
1.969007e+07
1.947596e+07
1.967695e+07
1.970728e+07
1.960960e+07
1.949205e+07
1.976578e+07
1.964427e+07
1.961609e+07
1.948251e+07
1.981201e+07
1.970671e+07
1.956479e+07
1.976650e+07
1.948855e+07
1.969211e+07
1.955615e+07
1.975177e+07
1.966203e+07
1.964053e+07
1.965518e+07
1.966406e+07
1.961599e+07
1.962408e+07
1.965747e+07
1.963892e+07
1.959967e+07
1.961079e+07
1.966046e+07
1.961104e+07
1.964921e+07
1.951256e+07
1.972264e+07
1.967182e+07
1.954639e+07
1.962996e+07
1.967535e+07
1.967386e+07
1.954812e+07
1.968210e+07
1.966972e+07
1.963420e+07
1.952800e+07
1.965776e+07
1.967351e+07
1.967782e+07
1.960245e+07
1.957021e+07
1.972782e+07
1.964849e+07
1.974300e+07
1.970156e+07
1.965270e+07
1.963883e+07
1.962790e+07
1.958255e+07
1.968952e+07
1.959881e+07
1.957359e+07
1.971575e+07
1.960615e+07
1.960425e+07
1.962906e+07
1.971082e+07
1.953800e+07
1.964156e+07
1.969095e+07
1.964083e+07
1.955883e+07
1.965446e+07
1.967464e+07
1.964070e+07
1.959358e+07
1.967179e+07
1.977510e+07
1.952849e+07
1.969873e+07
1.961733e+07
1.963851e+07
1.963320e+07
1.968178e+07
1.969886e+07
1.964972e+07
1.968013e+07
1.962505e+07
1.964348e+07
1.963237e+07
1.957354e+07
1.967279e+07
1.966176e+07
1.956999e+07
1.960844e+07
1.969030e+07
1.961611e+07
1.957470e+07
1.965036e+07
1.970624e+07
1.955620e+07
1.962555e+07
1.967835e+07
1.966532e+07
1.958921e+07
1.962302e+07
1.971417e+07
1.960306e+07
1.958604e+07
1.967644e+07
1.964849e+07
1.960615e+07
1.968456e+07
1.964353e+07
1.970095e+07
1.967703e+07
1.970153e+07
1.965100e+07
1.960713e+07
1.961023e+07
1.966958e+07
1.963464e+07
1.960168e+07
1.962105e+07
1.966652e+07
1.966083e+07
1.959050e+07
1.962495e+07
1.968716e+07
1.965297e+07
1.958149e+07
1.964155e+07
1.972311e+07
1.961555e+07
1.960114e+07
1.970028e+07
1.969408e+07
1.962998e+07
1.963582e+07
1.968169e+07
1.972348e+07
1.966528e+07
1.967166e+07
1.966185e+07
1.967386e+07
1.973443e+07
1.972279e+07
1.979866e+07
1.978398e+07

SCALARS mass double 1
LOOKUP_TABLE default
4.430000e-07
4.430000e-07
4.430000e-07
4.430000e-07
4.430000e-07
4.430000e-07
4.430000e-07
4.430000e-07
4.430000e-07
4.430000e-07
4.430000e-07
4.430000e-07
4.430000e-07
4.430000e-07
4.430000e-07
4.430000e-07
4.430000e-07
4.430000e-07
4.430000e-07
4.430000e-07
4.430000e-07
4.430000e-07
4.430000e-07
4.430000e-07
4.430000e-07
4.430000e-07
4.430000e-07
4.430000e-07
4.430000e-07
4.430000e-07
4.430000e-07
4.430000e-07
4.430000e-07
4.430000e-07
4.430000e-07
4.430000e-07
4.430000e-07
4.430000e-07
4.430000e-07
4.430000e-07
4.430000e-07
4.430000e-07
4.430000e-07
4.430000e-07
4.430000e-07
4.430000e-07
4.430000e-07
4.430000e-07
4.430000e-07
4.430000e-07
4.430000e-07
4.430000e-07
4.430000e-07
4.430000e-07
4.430000e-07
4.430000e-07
4.430000e-07
4.430000e-07
4.430000e-07
4.430000e-07
4.430000e-07
4.430000e-07
4.430000e-07
4.430000e-07
4.430000e-07
4.430000e-07
4.430000e-07
4.430000e-07
4.430000e-07
4.430000e-07
4.430000e-07
4.430000e-07
4.430000e-07
4.430000e-07
4.430000e-07
4.430000e-07
4.430000e-07
4.430000e-07
4.430000e-07
4.430000e-07
4.430000e-07
4.430000e-07
4.430000e-07
4.430000e-07
4.430000e-07
4.430000e-07
4.430000e-07
4.430000e-07
4.430000e-07
4.430000e-07
4.430000e-07
4.430000e-07
4.430000e-07
4.430000e-07
4.430000e-07
4.430000e-07
4.430000e-07
4.430000e-07
4.430000e-07
4.430000e-07
4.430000e-07
4.430000e-07
4.430000e-07
4.430000e-07
4.430000e-07
4.430000e-07
4.430000e-07
4.430000e-07
4.430000e-07
4.430000e-07
4.430000e-07
4.430000e-07
4.430000e-07
4.430000e-07
4.430000e-07
4.430000e-07
4.430000e-07
4.430000e-07
4.430000e-07
4.430000e-07
4.430000e-07
4.430000e-07
4.430000e-07
4.430000e-07
4.430000e-07
4.430000e-07
4.430000e-07
4.430000e-07
4.430000e-07
4.430000e-07
4.430000e-07
4.430000e-07
4.430000e-07
4.430000e-07
4.430000e-07
4.430000e-07
4.430000e-07
4.430000e-07
4.430000e-07
4.430000e-07
4.430000e-07
4.430000e-07
4.430000e-07
4.430000e-07
4.430000e-07
4.430000e-07
4.430000e-07
4.430000e-07
4.430000e-07
4.430000e-07
4.430000e-07
4.430000e-07
4.430000e-07
4.430000e-07
4.430000e-07
4.430000e-07
4.430000e-07
4.430000e-07
4.430000e-07
4.430000e-07
4.430000e-07
4.430000e-07
4.430000e-07
4.430000e-07
4.430000e-07
4.430000e-07
4.430000e-07
4.430000e-07
4.430000e-07
4.430000e-07
4.430000e-07
4.430000e-07
4.430000e-07
4.430000e-07
4.430000e-07
4.430000e-07
4.430000e-07
4.430000e-07
4.430000e-07
4.430000e-07
4.430000e-07
4.430000e-07
4.430000e-07
4.430000e-07
4.430000e-07
4.430000e-07
4.430000e-07
4.430000e-07
4.430000e-07
4.430000e-07
4.430000e-07
4.430000e-07
4.430000e-07
4.430000e-07
4.430000e-07
4.430000e-07
4.430000e-07
4.430000e-07
4.430000e-07
4.430000e-07
4.430000e-07
4.430000e-07
4.430000e-07
4.430000e-07
4.430000e-07
4.430000e-07
4.430000e-07
4.430000e-07
4.430000e-07
4.430000e-07
4.430000e-07
4.430000e-07
4.430000e-07
4.430000e-07
4.430000e-07
4.430000e-07
4.430000e-07
4.430000e-07
4.430000e-07
4.430000e-07
4.430000e-07
4.430000e-07
4.430000e-07
4.430000e-07
4.430000e-07
4.430000e-07
4.430000e-07
4.430000e-07
4.430000e-07
4.430000e-07
4.430000e-07
4.430000e-07
4.430000e-07
4.430000e-07
4.430000e-07
4.430000e-07
4.430000e-07
4.430000e-07
4.430000e-07
4.430000e-07
4.430000e-07
4.430000e-07
4.430000e-07
4.430000e-07
4.430000e-07
4.430000e-07
4.430000e-07
4.430000e-07
4.430000e-07
4.430000e-07
4.430000e-07
4.430000e-07
4.430000e-07
4.430000e-07
4.430000e-07
4.430000e-07
4.430000e-07
4.430000e-07
4.430000e-07
4.430000e-07
4.430000e-07
4.430000e-07
4.430000e-07
4.430000e-07
4.430000e-07
4.430000e-07
4.430000e-07
4.430000e-07
4.430000e-07
4.430000e-07
4.430000e-07
4.430000e-07
4.430000e-07
4.430000e-07
4.430000e-07
4.430000e-07
4.430000e-07
4.430000e-07
4.430000e-07
4.430000e-07
4.430000e-07
4.430000e-07
4.430000e-07
4.430000e-07
4.430000e-07
4.430000e-07
4.430000e-07
4.430000e-07
4.430000e-07
4.430000e-07
4.430000e-07
4.430000e-07
4.430000e-07
4.430000e-07
4.430000e-07
4.430000e-07
4.430000e-07
4.430000e-07
4.430000e-07
4.430000e-07
4.430000e-07
4.430000e-07
4.430000e-07
4.430000e-07
4.430000e-07
4.430000e-07
4.430000e-07
4.430000e-07
4.430000e-07
4.430000e-07
4.430000e-07
4.430000e-07
4.430000e-07
4.430000e-07
4.430000e-07
4.430000e-07
4.430000e-07
4.430000e-07
4.430000e-07
4.430000e-07
4.430000e-07
4.430000e-07
4.430000e-07
4.430000e-07
4.430000e-07
4.430000e-07
4.430000e-07
4.430000e-07
4.430000e-07
4.430000e-07
4.430000e-07
4.430000e-07
4.430000e-07
4.430000e-07
4.430000e-07
4.430000e-07
4.430000e-07
4.430000e-07
4.430000e-07
4.430000e-07
4.430000e-07
4.430000e-07
4.430000e-07
4.430000e-07
4.430000e-07
4.430000e-07
4.430000e-07
4.430000e-07
4.430000e-07
4.430000e-07
4.430000e-07
4.430000e-07
4.430000e-07
4.430000e-07
4.430000e-07
4.430000e-07
4.430000e-07
4.430000e-07
4.430000e-07
4.430000e-07
4.430000e-07
4.430000e-07
4.430000e-07
4.430000e-07
4.430000e-07
4.430000e-07
4.430000e-07
4.430000e-07
4.430000e-07
4.430000e-07
4.430000e-07
4.430000e-07
4.430000e-07
4.430000e-07
4.430000e-07
4.430000e-07
4.430000e-07
4.430000e-07
4.430000e-07
4.430000e-07
4.430000e-07
4.430000e-07
4.430000e-07
4.430000e-07
4.430000e-07
4.430000e-07
4.430000e-07
4.430000e-07
4.430000e-07
4.430000e-07
4.430000e-07
4.430000e-07
4.430000e-07
4.430000e-07
4.430000e-07
4.430000e-07
4.430000e-07
4.430000e-07
4.430000e-07
4.430000e-07
4.430000e-07
4.430000e-07
4.430000e-07
4.430000e-07
4.430000e-07
4.430000e-07
4.430000e-07
4.430000e-07
4.430000e-07
4.430000e-07
4.430000e-07
4.430000e-07
4.430000e-07
4.430000e-07
4.430000e-07
4.430000e-07
4.430000e-07
4.430000e-07
4.430000e-07
4.430000e-07
4.430000e-07
4.430000e-07
4.430000e-07
4.430000e-07
4.430000e-07
4.430000e-07
4.430000e-07
4.430000e-07
4.430000e-07
4.430000e-07
4.430000e-07
4.430000e-07
4.430000e-07
4.430000e-07
4.430000e-07
4.430000e-07
4.430000e-07
4.430000e-07
4.430000e-07
4.430000e-07
4.430000e-07
4.430000e-07
4.430000e-07
4.430000e-07
4.430000e-07
4.430000e-07
4.430000e-07
4.430000e-07
4.430000e-07
4.430000e-07
4.430000e-07
4.430000e-07
4.430000e-07
4.430000e-07
4.430000e-07
4.430000e-07
4.430000e-07
4.430000e-07
4.430000e-07
4.430000e-07
4.430000e-07
4.430000e-07
4.430000e-07
4.430000e-07
4.430000e-07
4.430000e-07
4.430000e-07
4.430000e-07
4.430000e-07
4.430000e-07
4.430000e-07
4.430000e-07
4.430000e-07
4.430000e-07
4.430000e-07
4.430000e-07
4.430000e-07
4.430000e-07
4.430000e-07
4.430000e-07
4.430000e-07
4.430000e-07
4.430000e-07
4.430000e-07
4.430000e-07
4.430000e-07
4.430000e-07
4.430000e-07
4.430000e-07
4.430000e-07
4.430000e-07
4.430000e-07
4.430000e-07
4.430000e-07
4.430000e-07
4.430000e-07
4.430000e-07
4.430000e-07
4.430000e-07
4.430000e-07
4.430000e-07
4.430000e-07
4.430000e-07
4.430000e-07
4.430000e-07
4.430000e-07
4.430000e-07
4.430000e-07
4.430000e-07
4.430000e-07
4.430000e-07
4.430000e-07
4.430000e-07
4.430000e-07
4.430000e-07
4.430000e-07
4.430000e-07
4.430000e-07
4.430000e-07
4.430000e-07
4.430000e-07
4.430000e-07
4.430000e-07
4.430000e-07
4.430000e-07
4.430000e-07
4.430000e-07
4.430000e-07
4.430000e-07
4.430000e-07
4.430000e-07
4.430000e-07
4.430000e-07
4.430000e-07
4.430000e-07
4.430000e-07
4.430000e-07
4.430000e-07
4.430000e-07
4.430000e-07
4.430000e-07
4.430000e-07
4.430000e-07
4.430000e-07
4.430000e-07
4.430000e-07
4.430000e-07
4.430000e-07
4.430000e-07
4.430000e-07
4.430000e-07
4.430000e-07
4.430000e-07
4.430000e-07
4.430000e-07
4.430000e-07
4.430000e-07
4.430000e-07
4.430000e-07
4.430000e-07
4.430000e-07
4.430000e-07
4.430000e-07
4.430000e-07
4.430000e-07
4.430000e-07
4.430000e-07
4.430000e-07
4.430000e-07
4.430000e-07
4.430000e-07
4.430000e-07
4.430000e-07
4.430000e-07
4.430000e-07
4.430000e-07
4.430000e-07
4.430000e-07
4.430000e-07
4.430000e-07
4.430000e-07
4.430000e-07
4.430000e-07
4.430000e-07
4.430000e-07
4.430000e-07
4.430000e-07
4.430000e-07
4.430000e-07
4.430000e-07
4.430000e-07
4.430000e-07
4.430000e-07
4.430000e-07
4.430000e-07
4.430000e-07
4.430000e-07
4.430000e-07
4.430000e-07
4.430000e-07
4.430000e-07
4.430000e-07
4.430000e-07
4.430000e-07
4.430000e-07
4.430000e-07
4.430000e-07
4.430000e-07
4.430000e-07
4.430000e-07
4.430000e-07
4.430000e-07
4.430000e-07
4.430000e-07
4.430000e-07
4.430000e-07
4.430000e-07
4.430000e-07
4.430000e-07
4.430000e-07
4.430000e-07
4.430000e-07
4.430000e-07
4.430000e-07
4.430000e-07
4.430000e-07
4.430000e-07
4.430000e-07
4.430000e-07
4.430000e-07
4.430000e-07
4.430000e-07
4.430000e-07
4.430000e-07
4.430000e-07
4.430000e-07
4.430000e-07
4.430000e-07
4.430000e-07
4.430000e-07
4.430000e-07
4.430000e-07
4.430000e-07
4.430000e-07
4.430000e-07
4.430000e-07
4.430000e-07
4.430000e-07
4.430000e-07
4.430000e-07
4.430000e-07
4.430000e-07
4.430000e-07
4.430000e-07
4.430000e-07
4.430000e-07
4.430000e-07
4.430000e-07
4.430000e-07
4.430000e-07
4.430000e-07
4.430000e-07
4.430000e-07
4.430000e-07
4.430000e-07
4.430000e-07
4.430000e-07
4.430000e-07
4.430000e-07
4.430000e-07
4.430000e-07
4.430000e-07
4.430000e-07
4.430000e-07
4.430000e-07
4.430000e-07
4.430000e-07
4.430000e-07
4.430000e-07
4.430000e-07
4.430000e-07
4.430000e-07
4.430000e-07
4.430000e-07
4.430000e-07
4.430000e-07
4.430000e-07
4.430000e-07
4.430000e-07
4.430000e-07
4.430000e-07
4.430000e-07
4.430000e-07
4.430000e-07
4.430000e-07
4.430000e-07
4.430000e-07
4.430000e-07
4.430000e-07
4.430000e-07
4.430000e-07
4.430000e-07
4.430000e-07
4.430000e-07
4.430000e-07
4.430000e-07
4.430000e-07
4.430000e-07
4.430000e-07
4.430000e-07
4.430000e-07
4.430000e-07
4.430000e-07
4.430000e-07
4.430000e-07
4.430000e-07
4.430000e-07
4.430000e-07
4.430000e-07
4.430000e-07
4.430000e-07
4.430000e-07
4.430000e-07
4.430000e-07
4.430000e-07
4.430000e-07
4.430000e-07
4.430000e-07
4.430000e-07
4.430000e-07
4.430000e-07
4.430000e-07
4.430000e-07
4.430000e-07
4.430000e-07
4.430000e-07
4.430000e-07
4.430000e-07
4.430000e-07
4.430000e-07
4.430000e-07
4.430000e-07
4.430000e-07
4.430000e-07
4.430000e-07
4.430000e-07
4.430000e-07
4.430000e-07
4.430000e-07
4.430000e-07
4.430000e-07
4.430000e-07
4.430000e-07
4.430000e-07
4.430000e-07
4.430000e-07
4.430000e-07
4.430000e-07
4.430000e-07
4.430000e-07
4.430000e-07
4.430000e-07
4.430000e-07
4.430000e-07
4.430000e-07
4.430000e-07
4.430000e-07
4.430000e-07
4.430000e-07
4.430000e-07
4.430000e-07
4.430000e-07
4.430000e-07
4.430000e-07
4.430000e-07
4.430000e-07
4.430000e-07
4.430000e-07
4.430000e-07
4.430000e-07
4.430000e-07
4.430000e-07
4.430000e-07
4.430000e-07
4.430000e-07
4.430000e-07
4.430000e-07
4.430000e-07
4.430000e-07
4.430000e-07
4.430000e-07
4.430000e-07
4.430000e-07
4.430000e-07
4.430000e-07
4.430000e-07
4.430000e-07
4.430000e-07
4.430000e-07
4.430000e-07
4.430000e-07
4.430000e-07
4.430000e-07
4.430000e-07
4.430000e-07
4.430000e-07
4.430000e-07
4.430000e-07
4.430000e-07
4.430000e-07
4.430000e-07
4.430000e-07
4.430000e-07
4.430000e-07
4.430000e-07
4.430000e-07
4.430000e-07
4.430000e-07
4.430000e-07
4.430000e-07
4.430000e-07
4.430000e-07
4.430000e-07
4.430000e-07
4.430000e-07
4.430000e-07
4.430000e-07
4.430000e-07
4.430000e-07
4.430000e-07
4.430000e-07
4.430000e-07
4.430000e-07
4.430000e-07
4.430000e-07
4.430000e-07
4.430000e-07
4.430000e-07
4.430000e-07
4.430000e-07
4.430000e-07
4.430000e-07
4.430000e-07
4.430000e-07
4.430000e-07
4.430000e-07
4.430000e-07
4.430000e-07
4.430000e-07
4.430000e-07
4.430000e-07
4.430000e-07
4.430000e-07
4.430000e-07
4.430000e-07
4.430000e-07
4.430000e-07
4.430000e-07
4.430000e-07
4.430000e-07
4.430000e-07
4.430000e-07
4.430000e-07
4.430000e-07
4.430000e-07
4.430000e-07
4.430000e-07
4.430000e-07
4.430000e-07
4.430000e-07
4.430000e-07
4.430000e-07
4.430000e-07
4.430000e-07
4.430000e-07
4.430000e-07
4.430000e-07
4.430000e-07
4.430000e-07
4.430000e-07
4.430000e-07
4.430000e-07
4.430000e-07
4.430000e-07
4.430000e-07
4.430000e-07
4.430000e-07
4.430000e-07
4.430000e-07
4.430000e-07
4.430000e-07
4.430000e-07
4.430000e-07
4.430000e-07
4.430000e-07
4.430000e-07
4.430000e-07
4.430000e-07
4.430000e-07
4.430000e-07
4.430000e-07
4.430000e-07
4.430000e-07
4.430000e-07
4.430000e-07
4.430000e-07
4.430000e-07
4.430000e-07
4.430000e-07
4.430000e-07
4.430000e-07
4.430000e-07
4.430000e-07
4.430000e-07
4.430000e-07
4.430000e-07
4.430000e-07
4.430000e-07
4.430000e-07
4.430000e-07
4.430000e-07
4.430000e-07
4.430000e-07
4.430000e-07
4.430000e-07
4.430000e-07
4.430000e-07
4.430000e-07
4.430000e-07
4.430000e-07
4.430000e-07
4.430000e-07
4.430000e-07
4.430000e-07
4.430000e-07
4.430000e-07
4.430000e-07
4.430000e-07
4.430000e-07
4.430000e-07
4.430000e-07
4.430000e-07
4.430000e-07
4.430000e-07
4.430000e-07
4.430000e-07
4.430000e-07
4.430000e-07
4.430000e-07
4.430000e-07
4.430000e-07
4.430000e-07
4.430000e-07
4.430000e-07
4.430000e-07
4.430000e-07
4.430000e-07
4.430000e-07
4.430000e-07
4.430000e-07
4.430000e-07
4.430000e-07
4.430000e-07
4.430000e-07
4.430000e-07
4.430000e-07
4.430000e-07
4.430000e-07
4.430000e-07
4.430000e-07
4.430000e-07
4.430000e-07
4.430000e-07
4.430000e-07
4.430000e-07
4.430000e-07
4.430000e-07
4.430000e-07
4.430000e-07
4.430000e-07
4.430000e-07
4.430000e-07
4.430000e-07
4.430000e-07
4.430000e-07
4.430000e-07
4.430000e-07
4.430000e-07
4.430000e-07
4.430000e-07
4.430000e-07
4.430000e-07
4.430000e-07
4.430000e-07
4.430000e-07
4.430000e-07
4.430000e-07
4.430000e-07
4.430000e-07
4.430000e-07
4.430000e-07
4.430000e-07
4.430000e-07
4.430000e-07
4.430000e-07
4.430000e-07
4.430000e-07
4.430000e-07
4.430000e-07
4.430000e-07
4.430000e-07
4.430000e-07
4.430000e-07
4.430000e-07
4.430000e-07
4.430000e-07
4.430000e-07
4.430000e-07
4.430000e-07
4.430000e-07
4.430000e-07
4.430000e-07
4.430000e-07
4.430000e-07
4.430000e-07
4.430000e-07
4.430000e-07
4.430000e-07
4.430000e-07
4.430000e-07
4.430000e-07
4.430000e-07
4.430000e-07
4.430000e-07
4.430000e-07
4.430000e-07
4.430000e-07
4.430000e-07
4.430000e-07
4.430000e-07
4.430000e-07
4.430000e-07
4.430000e-07
4.430000e-07
4.430000e-07
4.430000e-07
4.430000e-07
4.430000e-07
4.430000e-07
4.430000e-07
4.430000e-07
4.430000e-07
4.430000e-07
4.430000e-07
4.430000e-07
4.430000e-07
4.430000e-07
4.430000e-07
4.430000e-07
4.430000e-07
4.430000e-07
4.430000e-07
4.430000e-07
4.430000e-07
4.430000e-07
4.430000e-07
4.430000e-07
4.430000e-07
4.430000e-07
4.430000e-07
4.430000e-07
4.430000e-07
4.430000e-07
4.430000e-07
4.430000e-07
4.430000e-07
4.430000e-07
4.430000e-07
4.430000e-07
4.430000e-07
4.430000e-07
4.430000e-07
4.430000e-07
4.430000e-07
4.430000e-07
4.430000e-07
4.430000e-07
4.430000e-07
4.430000e-07
4.430000e-07
4.430000e-07
4.430000e-07
4.430000e-07
4.430000e-07
4.430000e-07
4.430000e-07
4.430000e-07
4.430000e-07
4.430000e-07
4.430000e-07
4.430000e-07
4.430000e-07
4.430000e-07
4.430000e-07
4.430000e-07
4.430000e-07
4.430000e-07
4.430000e-07
4.430000e-07
4.430000e-07
4.430000e-07
4.430000e-07
4.430000e-07
4.430000e-07
4.430000e-07
4.430000e-07
4.430000e-07
4.430000e-07
4.430000e-07
4.430000e-07
4.430000e-07
4.430000e-07
4.430000e-07
4.430000e-07
4.430000e-07
4.430000e-07
4.430000e-07
4.430000e-07
4.430000e-07
4.430000e-07
4.430000e-07
4.430000e-07
4.430000e-07
4.430000e-07
4.430000e-07
4.430000e-07
4.430000e-07
4.430000e-07
4.430000e-07
4.430000e-07
4.430000e-07
4.430000e-07
4.430000e-07
4.430000e-07
4.430000e-07
4.430000e-07
4.430000e-07
4.430000e-07
4.430000e-07
4.430000e-07
4.430000e-07
4.430000e-07
4.430000e-07
4.430000e-07
4.430000e-07
4.430000e-07
4.430000e-07
4.430000e-07
4.430000e-07
4.430000e-07
4.430000e-07
4.430000e-07
4.430000e-07
4.430000e-07
4.430000e-07
4.430000e-07
4.430000e-07
4.430000e-07
4.430000e-07
4.430000e-07
4.430000e-07
4.430000e-07
4.430000e-07
4.430000e-07
4.430000e-07
4.430000e-07
4.430000e-07
4.430000e-07
4.430000e-07
4.430000e-07
4.430000e-07
4.430000e-07
4.430000e-07
4.430000e-07
4.430000e-07
4.430000e-07
4.430000e-07
4.430000e-07
4.430000e-07
4.430000e-07
4.430000e-07
4.430000e-07
4.430000e-07
4.430000e-07
4.430000e-07
4.430000e-07
4.430000e-07
4.430000e-07
4.430000e-07
4.430000e-07
4.430000e-07
4.430000e-07
4.430000e-07
4.430000e-07
4.430000e-07
4.430000e-07
4.430000e-07
4.430000e-07
4.430000e-07
4.430000e-07
4.430000e-07
4.430000e-07
4.430000e-07
4.430000e-07
4.430000e-07
4.430000e-07
4.430000e-07
4.430000e-07
4.430000e-07
4.430000e-07
4.430000e-07
4.430000e-07
4.430000e-07
4.430000e-07
4.430000e-07
4.430000e-07
4.430000e-07
4.430000e-07
4.430000e-07
4.430000e-07
4.430000e-07
4.430000e-07
4.430000e-07
4.430000e-07
4.430000e-07
4.430000e-07
4.430000e-07
4.430000e-07
4.430000e-07
4.430000e-07
4.430000e-07
4.430000e-07
4.430000e-07
4.430000e-07
4.430000e-07
4.430000e-07
4.430000e-07
4.430000e-07
4.430000e-07
4.430000e-07
4.430000e-07
4.430000e-07
4.430000e-07
4.430000e-07
4.430000e-07
4.430000e-07
4.430000e-07
4.430000e-07
4.430000e-07
4.430000e-07
4.430000e-07
4.430000e-07
4.430000e-07
4.430000e-07
4.430000e-07
4.430000e-07
4.430000e-07
4.430000e-07
4.430000e-07
4.430000e-07
4.430000e-07
4.430000e-07
4.430000e-07
4.430000e-07
4.430000e-07
4.430000e-07
4.430000e-07
4.430000e-07
4.430000e-07
4.430000e-07
4.430000e-07
4.430000e-07
4.430000e-07
4.430000e-07
4.430000e-07
4.430000e-07
4.430000e-07
4.430000e-07
4.430000e-07
4.430000e-07
4.430000e-07
4.430000e-07
4.430000e-07
4.430000e-07
4.430000e-07
4.430000e-07
4.430000e-07
4.430000e-07
4.430000e-07
4.430000e-07
4.430000e-07
4.430000e-07
4.430000e-07
4.430000e-07
4.430000e-07
4.430000e-07
4.430000e-07
4.430000e-07
4.430000e-07
4.430000e-07
4.430000e-07
4.430000e-07
4.430000e-07
4.430000e-07
4.430000e-07
4.430000e-07
4.430000e-07
4.430000e-07
4.430000e-07
4.430000e-07
4.430000e-07
4.430000e-07
4.430000e-07
4.430000e-07
4.430000e-07
4.430000e-07
4.430000e-07
4.430000e-07
4.430000e-07
4.430000e-07
4.430000e-07
4.430000e-07
4.430000e-07
4.430000e-07
4.430000e-07
4.430000e-07
4.430000e-07
4.430000e-07
4.430000e-07
4.430000e-07
4.430000e-07
4.430000e-07
4.430000e-07
4.430000e-07
4.430000e-07
4.430000e-07
4.430000e-07
4.430000e-07
4.430000e-07
4.430000e-07
4.430000e-07
4.430000e-07
4.430000e-07
4.430000e-07
4.430000e-07
4.430000e-07
4.430000e-07
4.430000e-07
4.430000e-07
4.430000e-07
4.430000e-07
4.430000e-07
4.430000e-07
4.430000e-07
4.430000e-07
4.430000e-07
4.430000e-07
4.430000e-07
4.430000e-07
4.430000e-07
4.430000e-07
4.430000e-07
4.430000e-07
4.430000e-07
4.430000e-07
4.430000e-07
4.430000e-07
4.430000e-07
4.430000e-07
4.430000e-07
4.430000e-07
4.430000e-07
4.430000e-07
4.430000e-07
4.430000e-07
4.430000e-07
4.430000e-07
4.430000e-07
4.430000e-07
4.430000e-07
4.430000e-07
4.430000e-07
4.430000e-07
4.430000e-07
4.430000e-07
4.430000e-07
4.430000e-07
4.430000e-07
4.430000e-07
4.430000e-07
4.430000e-07
4.430000e-07
4.430000e-07
4.430000e-07
4.430000e-07
4.430000e-07
4.430000e-07
4.430000e-07
4.430000e-07
4.430000e-07
4.430000e-07
4.430000e-07
4.430000e-07
4.430000e-07
4.430000e-07
4.430000e-07
4.430000e-07
4.430000e-07
4.430000e-07
4.430000e-07
4.430000e-07
4.430000e-07
4.430000e-07
4.430000e-07
4.430000e-07
4.430000e-07
4.430000e-07
4.430000e-07
4.430000e-07
4.430000e-07
4.430000e-07
4.430000e-07
4.430000e-07
4.430000e-07
4.430000e-07
4.430000e-07
4.430000e-07
4.430000e-07
4.430000e-07
4.430000e-07
4.430000e-07
4.430000e-07
4.430000e-07
4.430000e-07
4.430000e-07
4.430000e-07
4.430000e-07
4.430000e-07
4.430000e-07
4.430000e-07
4.430000e-07
4.430000e-07
4.430000e-07
4.430000e-07
4.430000e-07
4.430000e-07
4.430000e-07
4.430000e-07
4.430000e-07
4.430000e-07
4.430000e-07
4.430000e-07
4.430000e-07
4.430000e-07
4.430000e-07
4.430000e-07
4.430000e-07
4.430000e-07
4.430000e-07
4.430000e-07
4.430000e-07
4.430000e-07
4.430000e-07
4.430000e-07
4.430000e-07
4.430000e-07
4.430000e-07
4.430000e-07
4.430000e-07
4.430000e-07
4.430000e-07
4.430000e-07
4.430000e-07
4.430000e-07
4.430000e-07
4.430000e-07
4.430000e-07
4.430000e-07
4.430000e-07
4.430000e-07
4.430000e-07
4.430000e-07
4.430000e-07
4.430000e-07
4.430000e-07
4.430000e-07
4.430000e-07
4.430000e-07
4.430000e-07
4.430000e-07
4.430000e-07
4.430000e-07
4.430000e-07
4.430000e-07
4.430000e-07
4.430000e-07
4.430000e-07
4.430000e-07
4.430000e-07
4.430000e-07
4.430000e-07
4.430000e-07
4.430000e-07
4.430000e-07
4.430000e-07
4.430000e-07
4.430000e-07
4.430000e-07
4.430000e-07
4.430000e-07
4.430000e-07
4.430000e-07
4.430000e-07
4.430000e-07
4.430000e-07
4.430000e-07
4.430000e-07
4.430000e-07
4.430000e-07
4.430000e-07
4.430000e-07
4.430000e-07
4.430000e-07
4.430000e-07
4.430000e-07
4.430000e-07
4.430000e-07
4.430000e-07
4.430000e-07
4.430000e-07
4.430000e-07
4.430000e-07
4.430000e-07
4.430000e-07
4.430000e-07
4.430000e-07
4.430000e-07
4.430000e-07
4.430000e-07
4.430000e-07
4.430000e-07
4.430000e-07
4.430000e-07
4.430000e-07
4.430000e-07
4.430000e-07
4.430000e-07
4.430000e-07
4.430000e-07
4.430000e-07
4.430000e-07
4.430000e-07
4.430000e-07
4.430000e-07
4.430000e-07
4.430000e-07
4.430000e-07
4.430000e-07
4.430000e-07
4.430000e-07
4.430000e-07
4.430000e-07
4.430000e-07
4.430000e-07
4.430000e-07
4.430000e-07
4.430000e-07
4.430000e-07
4.430000e-07
4.430000e-07
4.430000e-07
4.430000e-07
4.430000e-07
4.430000e-07
4.430000e-07
4.430000e-07
4.430000e-07
4.430000e-07
4.430000e-07
4.430000e-07
4.430000e-07
4.430000e-07
4.430000e-07
4.430000e-07
4.430000e-07
4.430000e-07
4.430000e-07
4.430000e-07
4.430000e-07
4.430000e-07
4.430000e-07
4.430000e-07
4.430000e-07
4.430000e-07
4.430000e-07
4.430000e-07
4.430000e-07
4.430000e-07
4.430000e-07
4.430000e-07
4.430000e-07
4.430000e-07
4.430000e-07
4.430000e-07
4.430000e-07
4.430000e-07
4.430000e-07
4.430000e-07
4.430000e-07
4.430000e-07
4.430000e-07
4.430000e-07
4.430000e-07
4.430000e-07
4.430000e-07
4.430000e-07
4.430000e-07
4.430000e-07
4.430000e-07
4.430000e-07
4.430000e-07
4.430000e-07
4.430000e-07
4.430000e-07
4.430000e-07
4.430000e-07
4.430000e-07
4.430000e-07
4.430000e-07
4.430000e-07
4.430000e-07
4.430000e-07
4.430000e-07
4.430000e-07
4.430000e-07
4.430000e-07
4.430000e-07
4.430000e-07
4.430000e-07
4.430000e-07
4.430000e-07
4.430000e-07
4.430000e-07
4.430000e-07
4.430000e-07
4.430000e-07
4.430000e-07
4.430000e-07
4.430000e-07
4.430000e-07
4.430000e-07
4.430000e-07
4.430000e-07
4.430000e-07
4.430000e-07
4.430000e-07
4.430000e-07
4.430000e-07
4.430000e-07
4.430000e-07
4.430000e-07
4.430000e-07
4.430000e-07
4.430000e-07
4.430000e-07
4.430000e-07
4.430000e-07
4.430000e-07
4.430000e-07
4.430000e-07
4.430000e-07
4.430000e-07
4.430000e-07
4.430000e-07
4.430000e-07
4.430000e-07
4.430000e-07
4.430000e-07
4.430000e-07
4.430000e-07
4.430000e-07
4.430000e-07
4.430000e-07
4.430000e-07
4.430000e-07
4.430000e-07
4.430000e-07
4.430000e-07
4.430000e-07
4.430000e-07
4.430000e-07
4.430000e-07
4.430000e-07
4.430000e-07
4.430000e-07
4.430000e-07
4.430000e-07
4.430000e-07
4.430000e-07
4.430000e-07
4.430000e-07
4.430000e-07
4.430000e-07
4.430000e-07
4.430000e-07
4.430000e-07
4.430000e-07
4.430000e-07
4.430000e-07
4.430000e-07
4.430000e-07
4.430000e-07
4.430000e-07
4.430000e-07
4.430000e-07
4.430000e-07
4.430000e-07
4.430000e-07
4.430000e-07
4.430000e-07
4.430000e-07
4.430000e-07
4.430000e-07
4.430000e-07
4.430000e-07
4.430000e-07
4.430000e-07
4.430000e-07
4.430000e-07
4.430000e-07
4.430000e-07
4.430000e-07
4.430000e-07
4.430000e-07
4.430000e-07
4.430000e-07
4.430000e-07
4.430000e-07
4.430000e-07
4.430000e-07
4.430000e-07
4.430000e-07
4.430000e-07
4.430000e-07
4.430000e-07
4.430000e-07
4.430000e-07
4.430000e-07
4.430000e-07
4.430000e-07
4.430000e-07
4.430000e-07
4.430000e-07
4.430000e-07
4.430000e-07
4.430000e-07
4.430000e-07
4.430000e-07
4.430000e-07
4.430000e-07
4.430000e-07
4.430000e-07
4.430000e-07
4.430000e-07
4.430000e-07
4.430000e-07
4.430000e-07
4.430000e-07
4.430000e-07
4.430000e-07
4.430000e-07
4.430000e-07
4.430000e-07
4.430000e-07
4.430000e-07
4.430000e-07
4.430000e-07
4.430000e-07
4.430000e-07
4.430000e-07
4.430000e-07
4.430000e-07
4.430000e-07
4.430000e-07
4.430000e-07
4.430000e-07
4.430000e-07
4.430000e-07
4.430000e-07
4.430000e-07
4.430000e-07
4.430000e-07
4.430000e-07
4.430000e-07
4.430000e-07
4.430000e-07
4.430000e-07
4.430000e-07
4.430000e-07
4.430000e-07
4.430000e-07
4.430000e-07
4.430000e-07
4.430000e-07
4.430000e-07
4.430000e-07
4.430000e-07
4.430000e-07
4.430000e-07
4.430000e-07
4.430000e-07
4.430000e-07
4.430000e-07
4.430000e-07
4.430000e-07
4.430000e-07
4.430000e-07
4.430000e-07
4.430000e-07
4.430000e-07
4.430000e-07
4.430000e-07
4.430000e-07
4.430000e-07
4.430000e-07
4.430000e-07
4.430000e-07
4.430000e-07
4.430000e-07
4.430000e-07
4.430000e-07
4.430000e-07
4.430000e-07
4.430000e-07
4.430000e-07
4.430000e-07
4.430000e-07
4.430000e-07
4.430000e-07
4.430000e-07
4.430000e-07
4.430000e-07
4.430000e-07
4.430000e-07
4.430000e-07
4.430000e-07
4.430000e-07
4.430000e-07
4.430000e-07
4.430000e-07
4.430000e-07
4.430000e-07
4.430000e-07
4.430000e-07
4.430000e-07
4.430000e-07
4.430000e-07
4.430000e-07
4.430000e-07
4.430000e-07
4.430000e-07
4.430000e-07
4.430000e-07
4.430000e-07
4.430000e-07
4.430000e-07
4.430000e-07
4.430000e-07
4.430000e-07
4.430000e-07
4.430000e-07
4.430000e-07
4.430000e-07
4.430000e-07
4.430000e-07
4.430000e-07
4.430000e-07
4.430000e-07
4.430000e-07
4.430000e-07
4.430000e-07
4.430000e-07
4.430000e-07
4.430000e-07
4.430000e-07
4.430000e-07
4.430000e-07
4.430000e-07
4.430000e-07
4.430000e-07
4.430000e-07
4.430000e-07
4.430000e-07
4.430000e-07
4.430000e-07
4.430000e-07
4.430000e-07
4.430000e-07
4.430000e-07
4.430000e-07
4.430000e-07
4.430000e-07
4.430000e-07
4.430000e-07
4.430000e-07
4.430000e-07
4.430000e-07
4.430000e-07
4.430000e-07
4.430000e-07
4.430000e-07
4.430000e-07
4.430000e-07
4.430000e-07
4.430000e-07
4.430000e-07
4.430000e-07
4.430000e-07
4.430000e-07
4.430000e-07
4.430000e-07
4.430000e-07
4.430000e-07
4.430000e-07
4.430000e-07
4.430000e-07
4.430000e-07
4.430000e-07
4.430000e-07
4.430000e-07
4.430000e-07
4.430000e-07
4.430000e-07
4.430000e-07
4.430000e-07
4.430000e-07
4.430000e-07
4.430000e-07
4.430000e-07
4.430000e-07
4.430000e-07
4.430000e-07
4.430000e-07
4.430000e-07
4.430000e-07
4.430000e-07
4.430000e-07
4.430000e-07
4.430000e-07
4.430000e-07
4.430000e-07
4.430000e-07
4.430000e-07
4.430000e-07
4.430000e-07
4.430000e-07
4.430000e-07
4.430000e-07
4.430000e-07
4.430000e-07
4.430000e-07
4.430000e-07
4.430000e-07
4.430000e-07
4.430000e-07
4.430000e-07
4.430000e-07
4.430000e-07
4.430000e-07
4.430000e-07
4.430000e-07
4.430000e-07
4.430000e-07
4.430000e-07
4.430000e-07
4.430000e-07
4.430000e-07
4.430000e-07
4.430000e-07
4.430000e-07
4.430000e-07
4.430000e-07
4.430000e-07
4.430000e-07
4.430000e-07
4.430000e-07
4.430000e-07
4.430000e-07
4.430000e-07
4.430000e-07
4.430000e-07
4.430000e-07
4.430000e-07
4.430000e-07
4.430000e-07
4.430000e-07
4.430000e-07
4.430000e-07
4.430000e-07
4.430000e-07
4.430000e-07
4.430000e-07
4.430000e-07
4.430000e-07
4.430000e-07
4.430000e-07
4.430000e-07
4.430000e-07
4.430000e-07
4.430000e-07
4.430000e-07
4.430000e-07
4.430000e-07
4.430000e-07
4.430000e-07
4.430000e-07
4.430000e-07
4.430000e-07
4.430000e-07
4.430000e-07
4.430000e-07
4.430000e-07
4.430000e-07
4.430000e-07
4.430000e-07
4.430000e-07
4.430000e-07
4.430000e-07
4.430000e-07
4.430000e-07
4.430000e-07
4.430000e-07
4.430000e-07
4.430000e-07
4.430000e-07
4.430000e-07
4.430000e-07
4.430000e-07
4.430000e-07
4.430000e-07
4.430000e-07
4.430000e-07
4.430000e-07
4.430000e-07
4.430000e-07
4.430000e-07
4.430000e-07
4.430000e-07
4.430000e-07
4.430000e-07
4.430000e-07
4.430000e-07
4.430000e-07
4.430000e-07
4.430000e-07
4.430000e-07
4.430000e-07
4.430000e-07
4.430000e-07
4.430000e-07
4.430000e-07
4.430000e-07
4.430000e-07
4.430000e-07
4.430000e-07
4.430000e-07
4.430000e-07
4.430000e-07
4.430000e-07
4.430000e-07
4.430000e-07
4.430000e-07
4.430000e-07
4.430000e-07
4.430000e-07
4.430000e-07
4.430000e-07
4.430000e-07
4.430000e-07
4.430000e-07
4.430000e-07
4.430000e-07
4.430000e-07
4.430000e-07
4.430000e-07
4.430000e-07
4.430000e-07
4.430000e-07
4.430000e-07
4.430000e-07
4.430000e-07
4.430000e-07
4.430000e-07
4.430000e-07
4.430000e-07
4.430000e-07
4.430000e-07
4.430000e-07
4.430000e-07
4.430000e-07
4.430000e-07
4.430000e-07
4.430000e-07
4.430000e-07
4.430000e-07
4.430000e-07
4.430000e-07
4.430000e-07
4.430000e-07
4.430000e-07
4.430000e-07
4.430000e-07
4.430000e-07
4.430000e-07
4.430000e-07
4.430000e-07
4.430000e-07
4.430000e-07
4.430000e-07
4.430000e-07
4.430000e-07
4.430000e-07
4.430000e-07
4.430000e-07
4.430000e-07
4.430000e-07
4.430000e-07
4.430000e-07
4.430000e-07
4.430000e-07
4.430000e-07
4.430000e-07
4.430000e-07
4.430000e-07
4.430000e-07
4.430000e-07
4.430000e-07
4.430000e-07
4.430000e-07
4.430000e-07
4.430000e-07
4.430000e-07
4.430000e-07
4.430000e-07
4.430000e-07
4.430000e-07
4.430000e-07
4.430000e-07
4.430000e-07
4.430000e-07
4.430000e-07
4.430000e-07
4.430000e-07
4.430000e-07
4.430000e-07
4.430000e-07
4.430000e-07
4.430000e-07
4.430000e-07
4.430000e-07
4.430000e-07
4.430000e-07
4.430000e-07
4.430000e-07
4.430000e-07
4.430000e-07
4.430000e-07
4.430000e-07
4.430000e-07
4.430000e-07
4.430000e-07
4.430000e-07
4.430000e-07
4.430000e-07
4.430000e-07
4.430000e-07
4.430000e-07
4.430000e-07
4.430000e-07
4.430000e-07
4.430000e-07
4.430000e-07
4.430000e-07
4.430000e-07
4.430000e-07
4.430000e-07
4.430000e-07
4.430000e-07
4.430000e-07
4.430000e-07
4.430000e-07
4.430000e-07
4.430000e-07
4.430000e-07
4.430000e-07
4.430000e-07
4.430000e-07
4.430000e-07
4.430000e-07
4.430000e-07
4.430000e-07
4.430000e-07
4.430000e-07
4.430000e-07
4.430000e-07
4.430000e-07
4.430000e-07
4.430000e-07
4.430000e-07
4.430000e-07
4.430000e-07
4.430000e-07
4.430000e-07
4.430000e-07
4.430000e-07
4.430000e-07
4.430000e-07
4.430000e-07
4.430000e-07
4.430000e-07
4.430000e-07
4.430000e-07
4.430000e-07
4.430000e-07
4.430000e-07
4.430000e-07
4.430000e-07
4.430000e-07
4.430000e-07
4.430000e-07
4.430000e-07
4.430000e-07
4.430000e-07
4.430000e-07
4.430000e-07
4.430000e-07
4.430000e-07
4.430000e-07
4.430000e-07
4.430000e-07
4.430000e-07
4.430000e-07
4.430000e-07
4.430000e-07
4.430000e-07
4.430000e-07
4.430000e-07
4.430000e-07
4.430000e-07
4.430000e-07
4.430000e-07
4.430000e-07
4.430000e-07
4.430000e-07
4.430000e-07
4.430000e-07
4.430000e-07
4.430000e-07
4.430000e-07
4.430000e-07
4.430000e-07
4.430000e-07
4.430000e-07
4.430000e-07
4.430000e-07
4.430000e-07
4.430000e-07
4.430000e-07
4.430000e-07
4.430000e-07
4.430000e-07
4.430000e-07
4.430000e-07
4.430000e-07
4.430000e-07
4.430000e-07
4.430000e-07
4.430000e-07
4.430000e-07
4.430000e-07
4.430000e-07
4.430000e-07
4.430000e-07
4.430000e-07
4.430000e-07
4.430000e-07
4.430000e-07
4.430000e-07
4.430000e-07
4.430000e-07
4.430000e-07
4.430000e-07
4.430000e-07
4.430000e-07
4.430000e-07
4.430000e-07
4.430000e-07
4.430000e-07
4.430000e-07
4.430000e-07
4.430000e-07
4.430000e-07
4.430000e-07
4.430000e-07
4.430000e-07
4.430000e-07
4.430000e-07
4.430000e-07
4.430000e-07
4.430000e-07
4.430000e-07
4.430000e-07
4.430000e-07
4.430000e-07
4.430000e-07
4.430000e-07
4.430000e-07
4.430000e-07
4.430000e-07
4.430000e-07
4.430000e-07
4.430000e-07
4.430000e-07
4.430000e-07
4.430000e-07
4.430000e-07
4.430000e-07
4.430000e-07
4.430000e-07
4.430000e-07
4.430000e-07
4.430000e-07
4.430000e-07
4.430000e-07
4.430000e-07
4.430000e-07
4.430000e-07
4.430000e-07
4.430000e-07
4.430000e-07
4.430000e-07
4.430000e-07
4.430000e-07
4.430000e-07
4.430000e-07
4.430000e-07
4.430000e-07
4.430000e-07
4.430000e-07
4.430000e-07
4.430000e-07
4.430000e-07
4.430000e-07
4.430000e-07
4.430000e-07
4.430000e-07
4.430000e-07
4.430000e-07
4.430000e-07
4.430000e-07
4.430000e-07
4.430000e-07
4.430000e-07
4.430000e-07
4.430000e-07
4.430000e-07
4.430000e-07
4.430000e-07
4.430000e-07
4.430000e-07
4.430000e-07
4.430000e-07
4.430000e-07
4.430000e-07
4.430000e-07
4.430000e-07
4.430000e-07
4.430000e-07
4.430000e-07
4.430000e-07
4.430000e-07
4.430000e-07
4.430000e-07
4.430000e-07
4.430000e-07
4.430000e-07
4.430000e-07
4.430000e-07
4.430000e-07
4.430000e-07
4.430000e-07
4.430000e-07
4.430000e-07
4.430000e-07
4.430000e-07
4.430000e-07
4.430000e-07
4.430000e-07
4.430000e-07
4.430000e-07
4.430000e-07
4.430000e-07
4.430000e-07
4.430000e-07
4.430000e-07
4.430000e-07
4.430000e-07
4.430000e-07
4.430000e-07
4.430000e-07
4.430000e-07
4.430000e-07
4.430000e-07
4.430000e-07
4.430000e-07
4.430000e-07
4.430000e-07
4.430000e-07
4.430000e-07
4.430000e-07
4.430000e-07
4.430000e-07
4.430000e-07
4.430000e-07
4.430000e-07
4.430000e-07
4.430000e-07
4.430000e-07
4.430000e-07
4.430000e-07
4.430000e-07
4.430000e-07
4.430000e-07
4.430000e-07
4.430000e-07
4.430000e-07
4.430000e-07
4.430000e-07
4.430000e-07
4.430000e-07
4.430000e-07
4.430000e-07
4.430000e-07
4.430000e-07
4.430000e-07
4.430000e-07
4.430000e-07
4.430000e-07
4.430000e-07
4.430000e-07
4.430000e-07
4.430000e-07
4.430000e-07
4.430000e-07
4.430000e-07
4.430000e-07
4.430000e-07
4.430000e-07
4.430000e-07
4.430000e-07
4.430000e-07
4.430000e-07
4.430000e-07
4.430000e-07
4.430000e-07
4.430000e-07
4.430000e-07
4.430000e-07
4.430000e-07
4.430000e-07
4.430000e-07
4.430000e-07
4.430000e-07
4.430000e-07
4.430000e-07
4.430000e-07
4.430000e-07
4.430000e-07
4.430000e-07
4.430000e-07
4.430000e-07
4.430000e-07
4.430000e-07
4.430000e-07
4.430000e-07
4.430000e-07
4.430000e-07
4.430000e-07
4.430000e-07
4.430000e-07
4.430000e-07
4.430000e-07
4.430000e-07
4.430000e-07
4.430000e-07
4.430000e-07
4.430000e-07
4.430000e-07
4.430000e-07
4.430000e-07
4.430000e-07
4.430000e-07
4.430000e-07
4.430000e-07
4.430000e-07
4.430000e-07
4.430000e-07
4.430000e-07
4.430000e-07
4.430000e-07
4.430000e-07
4.430000e-07
4.430000e-07
4.430000e-07
4.430000e-07
4.430000e-07
4.430000e-07
4.430000e-07
4.430000e-07
4.430000e-07
4.430000e-07
4.430000e-07
4.430000e-07
4.430000e-07
4.430000e-07
4.430000e-07
4.430000e-07
4.430000e-07
4.430000e-07
4.430000e-07
4.430000e-07
4.430000e-07
4.430000e-07
4.430000e-07
4.430000e-07
4.430000e-07
4.430000e-07
4.430000e-07
4.430000e-07
4.430000e-07
4.430000e-07
4.430000e-07
4.430000e-07
4.430000e-07
4.430000e-07
4.430000e-07
4.430000e-07
4.430000e-07
4.430000e-07
4.430000e-07
4.430000e-07
4.430000e-07
4.430000e-07
4.430000e-07
4.430000e-07
4.430000e-07
4.430000e-07
4.430000e-07
4.430000e-07
4.430000e-07
4.430000e-07
4.430000e-07
4.430000e-07
4.430000e-07
4.430000e-07
4.430000e-07
4.430000e-07
4.430000e-07
4.430000e-07
4.430000e-07
4.430000e-07
4.430000e-07
4.430000e-07
4.430000e-07
4.430000e-07
4.430000e-07
4.430000e-07
4.430000e-07
4.430000e-07
4.430000e-07
4.430000e-07
4.430000e-07
4.430000e-07
4.430000e-07
4.430000e-07
4.430000e-07
4.430000e-07
4.430000e-07
4.430000e-07
4.430000e-07
4.430000e-07
4.430000e-07
4.430000e-07
4.430000e-07
4.430000e-07
4.430000e-07
4.430000e-07
4.430000e-07
4.430000e-07
4.430000e-07
4.430000e-07
4.430000e-07
4.430000e-07
4.430000e-07
4.430000e-07
4.430000e-07
4.430000e-07
4.430000e-07
4.430000e-07
4.430000e-07
4.430000e-07
4.430000e-07
4.430000e-07
4.430000e-07
4.430000e-07
4.430000e-07
4.430000e-07
4.430000e-07
4.430000e-07
4.430000e-07
4.430000e-07
4.430000e-07
4.430000e-07
4.430000e-07
4.430000e-07
4.430000e-07
4.430000e-07
4.430000e-07
4.430000e-07
4.430000e-07
4.430000e-07
4.430000e-07
4.430000e-07
4.430000e-07
4.430000e-07
4.430000e-07
4.430000e-07
4.430000e-07
4.430000e-07
4.430000e-07
4.430000e-07
4.430000e-07
4.430000e-07
4.430000e-07
4.430000e-07
4.430000e-07
4.430000e-07
4.430000e-07
4.430000e-07
4.430000e-07
4.430000e-07
4.430000e-07
4.430000e-07
4.430000e-07
4.430000e-07
4.430000e-07
4.430000e-07
4.430000e-07
4.430000e-07
4.430000e-07
4.430000e-07
4.430000e-07
4.430000e-07
4.430000e-07
4.430000e-07
4.430000e-07
4.430000e-07
4.430000e-07
4.430000e-07
4.430000e-07
4.430000e-07
4.430000e-07
4.430000e-07
4.430000e-07
4.430000e-07
4.430000e-07
4.430000e-07
4.430000e-07
4.430000e-07
4.430000e-07
4.430000e-07
4.430000e-07
4.430000e-07
4.430000e-07
4.430000e-07
4.430000e-07
4.430000e-07
4.430000e-07
4.430000e-07
4.430000e-07
4.430000e-07
4.430000e-07
4.430000e-07
4.430000e-07
4.430000e-07
4.430000e-07
4.430000e-07
4.430000e-07
4.430000e-07
4.430000e-07
4.430000e-07
4.430000e-07
4.430000e-07
4.430000e-07
4.430000e-07
4.430000e-07
4.430000e-07
4.430000e-07
4.430000e-07
4.430000e-07
4.430000e-07
4.430000e-07
4.430000e-07
4.430000e-07
4.430000e-07
4.430000e-07
4.430000e-07
4.430000e-07
4.430000e-07
4.430000e-07
4.430000e-07
4.430000e-07
4.430000e-07
4.430000e-07
4.430000e-07
4.430000e-07
4.430000e-07
4.430000e-07
4.430000e-07
4.430000e-07
4.430000e-07
4.430000e-07
4.430000e-07
4.430000e-07
4.430000e-07
4.430000e-07
4.430000e-07
4.430000e-07
4.430000e-07
4.430000e-07
4.430000e-07
4.430000e-07
4.430000e-07
4.430000e-07
4.430000e-07
4.430000e-07
4.430000e-07
4.430000e-07
4.430000e-07
4.430000e-07
4.430000e-07
4.430000e-07
4.430000e-07
4.430000e-07
4.430000e-07
4.430000e-07
4.430000e-07
4.430000e-07
4.430000e-07
4.430000e-07
4.430000e-07
4.430000e-07
4.430000e-07
4.430000e-07
4.430000e-07
4.430000e-07
4.430000e-07
4.430000e-07
4.430000e-07
4.430000e-07
4.430000e-07
4.430000e-07
4.430000e-07
4.430000e-07
4.430000e-07
4.430000e-07
4.430000e-07
4.430000e-07
4.430000e-07
4.430000e-07
4.430000e-07
4.430000e-07
4.430000e-07
4.430000e-07
4.430000e-07
4.430000e-07
4.430000e-07
4.430000e-07
4.430000e-07
4.430000e-07
4.430000e-07
4.430000e-07
4.430000e-07
4.430000e-07
4.430000e-07
4.430000e-07
4.430000e-07
4.430000e-07
4.430000e-07
4.430000e-07
4.430000e-07
4.430000e-07
4.430000e-07
4.430000e-07
4.430000e-07
4.430000e-07
4.430000e-07
4.430000e-07
4.430000e-07
4.430000e-07
4.430000e-07
4.430000e-07
4.430000e-07
4.430000e-07
4.430000e-07
4.430000e-07
4.430000e-07
4.430000e-07
4.430000e-07
4.430000e-07
4.430000e-07
4.430000e-07
4.430000e-07
4.430000e-07
4.430000e-07
4.430000e-07
4.430000e-07
4.430000e-07
4.430000e-07
4.430000e-07
4.430000e-07
4.430000e-07
4.430000e-07
4.430000e-07
4.430000e-07
4.430000e-07
4.430000e-07
4.430000e-07
4.430000e-07
4.430000e-07
4.430000e-07
4.430000e-07
4.430000e-07
4.430000e-07
4.430000e-07
4.430000e-07
4.430000e-07
4.430000e-07
4.430000e-07
4.430000e-07
4.430000e-07
4.430000e-07
4.430000e-07
4.430000e-07
4.430000e-07
4.430000e-07
4.430000e-07
4.430000e-07
4.430000e-07
4.430000e-07
4.430000e-07
4.430000e-07
4.430000e-07
4.430000e-07
4.430000e-07
4.430000e-07
4.430000e-07
4.430000e-07
4.430000e-07
4.430000e-07
4.430000e-07
4.430000e-07
4.430000e-07
4.430000e-07
4.430000e-07
4.430000e-07
4.430000e-07
4.430000e-07
4.430000e-07
4.430000e-07
4.430000e-07
4.430000e-07
4.430000e-07
4.430000e-07
4.430000e-07
4.430000e-07
4.430000e-07
4.430000e-07
4.430000e-07
4.430000e-07
4.430000e-07
4.430000e-07
4.430000e-07
4.430000e-07
4.430000e-07
4.430000e-07
4.430000e-07
4.430000e-07
4.430000e-07
4.430000e-07
4.430000e-07
4.430000e-07
4.430000e-07
4.430000e-07
4.430000e-07
4.430000e-07
4.430000e-07
4.430000e-07
4.430000e-07
4.430000e-07
4.430000e-07
4.430000e-07
4.430000e-07
4.430000e-07
4.430000e-07
4.430000e-07
4.430000e-07
4.430000e-07
4.430000e-07
4.430000e-07
4.430000e-07
4.430000e-07
4.430000e-07
4.430000e-07
4.430000e-07
4.430000e-07
4.430000e-07
4.430000e-07
4.430000e-07
4.430000e-07
4.430000e-07
4.430000e-07
4.430000e-07
4.430000e-07
4.430000e-07
4.430000e-07
4.430000e-07
4.430000e-07
4.430000e-07
4.430000e-07
4.430000e-07
4.430000e-07
4.430000e-07
4.430000e-07
4.430000e-07
4.430000e-07
4.430000e-07
4.430000e-07
4.430000e-07
4.430000e-07
4.430000e-07
4.430000e-07
4.430000e-07
4.430000e-07
4.430000e-07
4.430000e-07
4.430000e-07
4.430000e-07
4.430000e-07
4.430000e-07
4.430000e-07
4.430000e-07
4.430000e-07
4.430000e-07
4.430000e-07
4.430000e-07
4.430000e-07
4.430000e-07
4.430000e-07
4.430000e-07
4.430000e-07
4.430000e-07
4.430000e-07
4.430000e-07
4.430000e-07
4.430000e-07
4.430000e-07
4.430000e-07
4.430000e-07
4.430000e-07
4.430000e-07
4.430000e-07
4.430000e-07
4.430000e-07
4.430000e-07
4.430000e-07
4.430000e-07
4.430000e-07
4.430000e-07
4.430000e-07
4.430000e-07
4.430000e-07
4.430000e-07
4.430000e-07
4.430000e-07
4.430000e-07
4.430000e-07
4.430000e-07
4.430000e-07
4.430000e-07
4.430000e-07
4.430000e-07
4.430000e-07
4.430000e-07
4.430000e-07
4.430000e-07
4.430000e-07
4.430000e-07
4.430000e-07
4.430000e-07
4.430000e-07
4.430000e-07
4.430000e-07
4.430000e-07
4.430000e-07
4.430000e-07
4.430000e-07
4.430000e-07
4.430000e-07
4.430000e-07
4.430000e-07
4.430000e-07
4.430000e-07
4.430000e-07
4.430000e-07
4.430000e-07
4.430000e-07
4.430000e-07
4.430000e-07
4.430000e-07
4.430000e-07
4.430000e-07
4.430000e-07
4.430000e-07
4.430000e-07
4.430000e-07
4.430000e-07
4.430000e-07
4.430000e-07
4.430000e-07
4.430000e-07
4.430000e-07
4.430000e-07
4.430000e-07
4.430000e-07
4.430000e-07
4.430000e-07
4.430000e-07
4.430000e-07
4.430000e-07
4.430000e-07
4.430000e-07
4.430000e-07
4.430000e-07
4.430000e-07
4.430000e-07
4.430000e-07
4.430000e-07
4.430000e-07
4.430000e-07
4.430000e-07
4.430000e-07
4.430000e-07
4.430000e-07
4.430000e-07
4.430000e-07
4.430000e-07
4.430000e-07
4.430000e-07
4.430000e-07
4.430000e-07
4.430000e-07
4.430000e-07
4.430000e-07
4.430000e-07
4.430000e-07
4.430000e-07
4.430000e-07
4.430000e-07
4.430000e-07
4.430000e-07
4.430000e-07
4.430000e-07
4.430000e-07
4.430000e-07
4.430000e-07
4.430000e-07
4.430000e-07
4.430000e-07
4.430000e-07
4.430000e-07
4.430000e-07
4.430000e-07
4.430000e-07
4.430000e-07
4.430000e-07
4.430000e-07
4.430000e-07
4.430000e-07
4.430000e-07
4.430000e-07
4.430000e-07
4.430000e-07
4.430000e-07
4.430000e-07
4.430000e-07
4.430000e-07
4.430000e-07
4.430000e-07
4.430000e-07
4.430000e-07
4.430000e-07
4.430000e-07
4.430000e-07
4.430000e-07
4.430000e-07
4.430000e-07
4.430000e-07
4.430000e-07
4.430000e-07
4.430000e-07
4.430000e-07
4.430000e-07
4.430000e-07
4.430000e-07
4.430000e-07
4.430000e-07
4.430000e-07
4.430000e-07
4.430000e-07
4.430000e-07
4.430000e-07
4.430000e-07
4.430000e-07
4.430000e-07
4.430000e-07
4.430000e-07
4.430000e-07
4.430000e-07
4.430000e-07
4.430000e-07
4.430000e-07
4.430000e-07
4.430000e-07
4.430000e-07
4.430000e-07
4.430000e-07
4.430000e-07
4.430000e-07
4.430000e-07
4.430000e-07
4.430000e-07
4.430000e-07
4.430000e-07
4.430000e-07
4.430000e-07
4.430000e-07
4.430000e-07
4.430000e-07
4.430000e-07
4.430000e-07
4.430000e-07
4.430000e-07
4.430000e-07
4.430000e-07
4.430000e-07
4.430000e-07
4.430000e-07
4.430000e-07
4.430000e-07
4.430000e-07
4.430000e-07
4.430000e-07
4.430000e-07
4.430000e-07
4.430000e-07
4.430000e-07
4.430000e-07
4.430000e-07
4.430000e-07
4.430000e-07
4.430000e-07
4.430000e-07
4.430000e-07
4.430000e-07
4.430000e-07
4.430000e-07
4.430000e-07
4.430000e-07
4.430000e-07
4.430000e-07
4.430000e-07
4.430000e-07
4.430000e-07
4.430000e-07
4.430000e-07
4.430000e-07
4.430000e-07
4.430000e-07
4.430000e-07
4.430000e-07
4.430000e-07
4.430000e-07
4.430000e-07
4.430000e-07
4.430000e-07
4.430000e-07
4.430000e-07
4.430000e-07
4.430000e-07
4.430000e-07
4.430000e-07
4.430000e-07
4.430000e-07
4.430000e-07
4.430000e-07
4.430000e-07
4.430000e-07
4.430000e-07
4.430000e-07
4.430000e-07
4.430000e-07
4.430000e-07
4.430000e-07
4.430000e-07
4.430000e-07
4.430000e-07
4.430000e-07
4.430000e-07
4.430000e-07
4.430000e-07
4.430000e-07
4.430000e-07
4.430000e-07
4.430000e-07
4.430000e-07
4.430000e-07
4.430000e-07
4.430000e-07
4.430000e-07
4.430000e-07
4.430000e-07
4.430000e-07
4.430000e-07
4.430000e-07
4.430000e-07
4.430000e-07
4.430000e-07
4.430000e-07
4.430000e-07
4.430000e-07
4.430000e-07
4.430000e-07
4.430000e-07
4.430000e-07
4.430000e-07
4.430000e-07
4.430000e-07
4.430000e-07
4.430000e-07
4.430000e-07
4.430000e-07
4.430000e-07
4.430000e-07
4.430000e-07
4.430000e-07
4.430000e-07
4.430000e-07
4.430000e-07
4.430000e-07
4.430000e-07
4.430000e-07
4.430000e-07
4.430000e-07
4.430000e-07
4.430000e-07
4.430000e-07
4.430000e-07
4.430000e-07
4.430000e-07
4.430000e-07
4.430000e-07
4.430000e-07
4.430000e-07
4.430000e-07
4.430000e-07
4.430000e-07
4.430000e-07
4.430000e-07
4.430000e-07
4.430000e-07
4.430000e-07
4.430000e-07
4.430000e-07
4.430000e-07
4.430000e-07
4.430000e-07
4.430000e-07
4.430000e-07
4.430000e-07
4.430000e-07
4.430000e-07
4.430000e-07
4.430000e-07
4.430000e-07
4.430000e-07
4.430000e-07
4.430000e-07
4.430000e-07
4.430000e-07
4.430000e-07
4.430000e-07
4.430000e-07
4.430000e-07
4.430000e-07
4.430000e-07
4.430000e-07
4.430000e-07
4.430000e-07
4.430000e-07
4.430000e-07
4.430000e-07
4.430000e-07
4.430000e-07
4.430000e-07
4.430000e-07
4.430000e-07
4.430000e-07
4.430000e-07
4.430000e-07
4.430000e-07
4.430000e-07
4.430000e-07
4.430000e-07
4.430000e-07
4.430000e-07
4.430000e-07
4.430000e-07
4.430000e-07
4.430000e-07
4.430000e-07
4.430000e-07
4.430000e-07
4.430000e-07
4.430000e-07
4.430000e-07
4.430000e-07
4.430000e-07
4.430000e-07
4.430000e-07
4.430000e-07
4.430000e-07
4.430000e-07
4.430000e-07
4.430000e-07
4.430000e-07
4.430000e-07
4.430000e-07
4.430000e-07
4.430000e-07
4.430000e-07
4.430000e-07
4.430000e-07
4.430000e-07
4.430000e-07
4.430000e-07
4.430000e-07
4.430000e-07
4.430000e-07
4.430000e-07
4.430000e-07
4.430000e-07
4.430000e-07
4.430000e-07
4.430000e-07
4.430000e-07
4.430000e-07
4.430000e-07
4.430000e-07
4.430000e-07
4.430000e-07
4.430000e-07
4.430000e-07
4.430000e-07
4.430000e-07
4.430000e-07
4.430000e-07
4.430000e-07
4.430000e-07
4.430000e-07
4.430000e-07
4.430000e-07
4.430000e-07
4.430000e-07
4.430000e-07
4.430000e-07
4.430000e-07
4.430000e-07
4.430000e-07
4.430000e-07
4.430000e-07
4.430000e-07
4.430000e-07
4.430000e-07
4.430000e-07
4.430000e-07
4.430000e-07
4.430000e-07
4.430000e-07
4.430000e-07
4.430000e-07
4.430000e-07
4.430000e-07
4.430000e-07
4.430000e-07
4.430000e-07
4.430000e-07
4.430000e-07
4.430000e-07
4.430000e-07
4.430000e-07
4.430000e-07
4.430000e-07
4.430000e-07
4.430000e-07
4.430000e-07
4.430000e-07
4.430000e-07
4.430000e-07
4.430000e-07
4.430000e-07
4.430000e-07
4.430000e-07
4.430000e-07
4.430000e-07
4.430000e-07
4.430000e-07
4.430000e-07
4.430000e-07
4.430000e-07
4.430000e-07
4.430000e-07
4.430000e-07
4.430000e-07
4.430000e-07
4.430000e-07
4.430000e-07
4.430000e-07
4.430000e-07
4.430000e-07
4.430000e-07
4.430000e-07
4.430000e-07
4.430000e-07
4.430000e-07
4.430000e-07
4.430000e-07
4.430000e-07
4.430000e-07
4.430000e-07
4.430000e-07
4.430000e-07
4.430000e-07
4.430000e-07
4.430000e-07
4.430000e-07
4.430000e-07
4.430000e-07
4.430000e-07
4.430000e-07
4.430000e-07
4.430000e-07
4.430000e-07
4.430000e-07
4.430000e-07
4.430000e-07
4.430000e-07
4.430000e-07
4.430000e-07
4.430000e-07
4.430000e-07
4.430000e-07
4.430000e-07
4.430000e-07
4.430000e-07
4.430000e-07
4.430000e-07
4.430000e-07
4.430000e-07
4.430000e-07
4.430000e-07
4.430000e-07
4.430000e-07
4.430000e-07
4.430000e-07
4.430000e-07
4.430000e-07
4.430000e-07
4.430000e-07
4.430000e-07
4.430000e-07
4.430000e-07
4.430000e-07
4.430000e-07
4.430000e-07
4.430000e-07
4.430000e-07
4.430000e-07
4.430000e-07
4.430000e-07
4.430000e-07
4.430000e-07
4.430000e-07
4.430000e-07
4.430000e-07
4.430000e-07
4.430000e-07
4.430000e-07
4.430000e-07
4.430000e-07
4.430000e-07
4.430000e-07
4.430000e-07
4.430000e-07
4.430000e-07
4.430000e-07
4.430000e-07
4.430000e-07
4.430000e-07
4.430000e-07
4.430000e-07
4.430000e-07
4.430000e-07
4.430000e-07
4.430000e-07
4.430000e-07
4.430000e-07
4.430000e-07
4.430000e-07
4.430000e-07
4.430000e-07
4.430000e-07
4.430000e-07
4.430000e-07
4.430000e-07
4.430000e-07
4.430000e-07
4.430000e-07
4.430000e-07
4.430000e-07
4.430000e-07
4.430000e-07
4.430000e-07
4.430000e-07
4.430000e-07
4.430000e-07
4.430000e-07
4.430000e-07
4.430000e-07
4.430000e-07
4.430000e-07
4.430000e-07
4.430000e-07
4.430000e-07
4.430000e-07
4.430000e-07
4.430000e-07
4.430000e-07
4.430000e-07
4.430000e-07
4.430000e-07
4.430000e-07
4.430000e-07
4.430000e-07
4.430000e-07
4.430000e-07
4.430000e-07
4.430000e-07
4.430000e-07
4.430000e-07
4.430000e-07
4.430000e-07
4.430000e-07
4.430000e-07
4.430000e-07
4.430000e-07
4.430000e-07
4.430000e-07
4.430000e-07
4.430000e-07
4.430000e-07
4.430000e-07
4.430000e-07
4.430000e-07
4.430000e-07
4.430000e-07
4.430000e-07
4.430000e-07
4.430000e-07
4.430000e-07
4.430000e-07
4.430000e-07
4.430000e-07
4.430000e-07
4.430000e-07
4.430000e-07
4.430000e-07
4.430000e-07
4.430000e-07
4.430000e-07
4.430000e-07
4.430000e-07
4.430000e-07
4.430000e-07
4.430000e-07
4.430000e-07
4.430000e-07
4.430000e-07
4.430000e-07
4.430000e-07
4.430000e-07
4.430000e-07
4.430000e-07
4.430000e-07
4.430000e-07
4.430000e-07
4.430000e-07
4.430000e-07
4.430000e-07
4.430000e-07
4.430000e-07
4.430000e-07
4.430000e-07
4.430000e-07
4.430000e-07
4.430000e-07
4.430000e-07
4.430000e-07
4.430000e-07
4.430000e-07
4.430000e-07
4.430000e-07
4.430000e-07
4.430000e-07
4.430000e-07
4.430000e-07
4.430000e-07
4.430000e-07
4.430000e-07
4.430000e-07
4.430000e-07
4.430000e-07
4.430000e-07
4.430000e-07
4.430000e-07
4.430000e-07
4.430000e-07
4.430000e-07
4.430000e-07
4.430000e-07
4.430000e-07
4.430000e-07
4.430000e-07
4.430000e-07
4.430000e-07
4.430000e-07
4.430000e-07
4.430000e-07
4.430000e-07
4.430000e-07
4.430000e-07
4.430000e-07
4.430000e-07
4.430000e-07
4.430000e-07
4.430000e-07
4.430000e-07
4.430000e-07
4.430000e-07
4.430000e-07
4.430000e-07
4.430000e-07
4.430000e-07
4.430000e-07
4.430000e-07
4.430000e-07
4.430000e-07
4.430000e-07
4.430000e-07
4.430000e-07
4.430000e-07
4.430000e-07
4.430000e-07
4.430000e-07
4.430000e-07
4.430000e-07
4.430000e-07
4.430000e-07
4.430000e-07
4.430000e-07
4.430000e-07
4.430000e-07
4.430000e-07
4.430000e-07
4.430000e-07
4.430000e-07
4.430000e-07
4.430000e-07
4.430000e-07
4.430000e-07
4.430000e-07
4.430000e-07
4.430000e-07
4.430000e-07
4.430000e-07
4.430000e-07
4.430000e-07
4.430000e-07
4.430000e-07
4.430000e-07
4.430000e-07
4.430000e-07
4.430000e-07
4.430000e-07
4.430000e-07
4.430000e-07
4.430000e-07
4.430000e-07
4.430000e-07
4.430000e-07
4.430000e-07
4.430000e-07
4.430000e-07
4.430000e-07
4.430000e-07
4.430000e-07
4.430000e-07
4.430000e-07
4.430000e-07
4.430000e-07
4.430000e-07
4.430000e-07
4.430000e-07
4.430000e-07
4.430000e-07
4.430000e-07
4.430000e-07
4.430000e-07
4.430000e-07
4.430000e-07
4.430000e-07
4.430000e-07
4.430000e-07
4.430000e-07
4.430000e-07
4.430000e-07
4.430000e-07
4.430000e-07
4.430000e-07
4.430000e-07
4.430000e-07
4.430000e-07
4.430000e-07
4.430000e-07
4.430000e-07
4.430000e-07
4.430000e-07
4.430000e-07
4.430000e-07
4.430000e-07
4.430000e-07
4.430000e-07
4.430000e-07
4.430000e-07
4.430000e-07
4.430000e-07
4.430000e-07
4.430000e-07
4.430000e-07
4.430000e-07
4.430000e-07
4.430000e-07
4.430000e-07
4.430000e-07
4.430000e-07
4.430000e-07
4.430000e-07
4.430000e-07
4.430000e-07
4.430000e-07
4.430000e-07
4.430000e-07
4.430000e-07
4.430000e-07
4.430000e-07
4.430000e-07
4.430000e-07
4.430000e-07
4.430000e-07
4.430000e-07
4.430000e-07
4.430000e-07
4.430000e-07
4.430000e-07
4.430000e-07
4.430000e-07
4.430000e-07
4.430000e-07
4.430000e-07
4.430000e-07
4.430000e-07
4.430000e-07
4.430000e-07
4.430000e-07
4.430000e-07
4.430000e-07
4.430000e-07
4.430000e-07
4.430000e-07
4.430000e-07
4.430000e-07
4.430000e-07
4.430000e-07
4.430000e-07
4.430000e-07
4.430000e-07
4.430000e-07
4.430000e-07
4.430000e-07
4.430000e-07
4.430000e-07
4.430000e-07
4.430000e-07
4.430000e-07
4.430000e-07
4.430000e-07
4.430000e-07
4.430000e-07
4.430000e-07
4.430000e-07
4.430000e-07
4.430000e-07
4.430000e-07
4.430000e-07
4.430000e-07
4.430000e-07
4.430000e-07
4.430000e-07
4.430000e-07
4.430000e-07
4.430000e-07
4.430000e-07
4.430000e-07
4.430000e-07
4.430000e-07
4.430000e-07
4.430000e-07
4.430000e-07
4.430000e-07
4.430000e-07
4.430000e-07
4.430000e-07
4.430000e-07
4.430000e-07
4.430000e-07
4.430000e-07
4.430000e-07
4.430000e-07
4.430000e-07
4.430000e-07
4.430000e-07
4.430000e-07
4.430000e-07
4.430000e-07
4.430000e-07
4.430000e-07
4.430000e-07
4.430000e-07
4.430000e-07
4.430000e-07
4.430000e-07
4.430000e-07
4.430000e-07
4.430000e-07
4.430000e-07
4.430000e-07
4.430000e-07
4.430000e-07
4.430000e-07
4.430000e-07
4.430000e-07
4.430000e-07
4.430000e-07
4.430000e-07
4.430000e-07
4.430000e-07
4.430000e-07
4.430000e-07
4.430000e-07
4.430000e-07
4.430000e-07
4.430000e-07
4.430000e-07
4.430000e-07
4.430000e-07
4.430000e-07
4.430000e-07
4.430000e-07
4.430000e-07
4.430000e-07
4.430000e-07
4.430000e-07
4.430000e-07
4.430000e-07
4.430000e-07
4.430000e-07
4.430000e-07
4.430000e-07
4.430000e-07
4.430000e-07
4.430000e-07
4.430000e-07
4.430000e-07
4.430000e-07
4.430000e-07
4.430000e-07
4.430000e-07
4.430000e-07
4.430000e-07
4.430000e-07
4.430000e-07
4.430000e-07
4.430000e-07
4.430000e-07
4.430000e-07
4.430000e-07
4.430000e-07
4.430000e-07
4.430000e-07
4.430000e-07
4.430000e-07
4.430000e-07
4.430000e-07
4.430000e-07
4.430000e-07
4.430000e-07
4.430000e-07
4.430000e-07
4.430000e-07
4.430000e-07
4.430000e-07
4.430000e-07
4.430000e-07
4.430000e-07
4.430000e-07
4.430000e-07
4.430000e-07
4.430000e-07
4.430000e-07
4.430000e-07
4.430000e-07
4.430000e-07
4.430000e-07
4.430000e-07
4.430000e-07
4.430000e-07
4.430000e-07
4.430000e-07
4.430000e-07
4.430000e-07
4.430000e-07
4.430000e-07
4.430000e-07
4.430000e-07
4.430000e-07
4.430000e-07
4.430000e-07
4.430000e-07
4.430000e-07
4.430000e-07
4.430000e-07
4.430000e-07
4.430000e-07
4.430000e-07
4.430000e-07
4.430000e-07
4.430000e-07
4.430000e-07
4.430000e-07
4.430000e-07
4.430000e-07
4.430000e-07
4.430000e-07
4.430000e-07
4.430000e-07
4.430000e-07
4.430000e-07
4.430000e-07
4.430000e-07
4.430000e-07
4.430000e-07
4.430000e-07
4.430000e-07
4.430000e-07
4.430000e-07
4.430000e-07
4.430000e-07
4.430000e-07
4.430000e-07
4.430000e-07
4.430000e-07
4.430000e-07
4.430000e-07
4.430000e-07
4.430000e-07
4.430000e-07
4.430000e-07
4.430000e-07
4.430000e-07
4.430000e-07
4.430000e-07
4.430000e-07
4.430000e-07
4.430000e-07
4.430000e-07
4.430000e-07
4.430000e-07
4.430000e-07
4.430000e-07
4.430000e-07
4.430000e-07
4.430000e-07
4.430000e-07
4.430000e-07
4.430000e-07
4.430000e-07
4.430000e-07
4.430000e-07
4.430000e-07
4.430000e-07
4.430000e-07
4.430000e-07
4.430000e-07
4.430000e-07
4.430000e-07
4.430000e-07
4.430000e-07
4.430000e-07
4.430000e-07
4.430000e-07
4.430000e-07
4.430000e-07
4.430000e-07
4.430000e-07
4.430000e-07
4.430000e-07
4.430000e-07
4.430000e-07
4.430000e-07
4.430000e-07
4.430000e-07
4.430000e-07
4.430000e-07
4.430000e-07
4.430000e-07
4.430000e-07
4.430000e-07
4.430000e-07
4.430000e-07
4.430000e-07
4.430000e-07
4.430000e-07
4.430000e-07
4.430000e-07
4.430000e-07
4.430000e-07
4.430000e-07
4.430000e-07
4.430000e-07
4.430000e-07
4.430000e-07
4.430000e-07
4.430000e-07
4.430000e-07
4.430000e-07
4.430000e-07
4.430000e-07
4.430000e-07
4.430000e-07
4.430000e-07
4.430000e-07
4.430000e-07
4.430000e-07
4.430000e-07
4.430000e-07
4.430000e-07
4.430000e-07
4.430000e-07
4.430000e-07
4.430000e-07
4.430000e-07
4.430000e-07
4.430000e-07
4.430000e-07
4.430000e-07
4.430000e-07
4.430000e-07
4.430000e-07
4.430000e-07
4.430000e-07
4.430000e-07
4.430000e-07
4.430000e-07
4.430000e-07
4.430000e-07
4.430000e-07
4.430000e-07
4.430000e-07
4.430000e-07
4.430000e-07
4.430000e-07
4.430000e-07
4.430000e-07
4.430000e-07
4.430000e-07
4.430000e-07
4.430000e-07
4.430000e-07
4.430000e-07
4.430000e-07
4.430000e-07
4.430000e-07
4.430000e-07
4.430000e-07
4.430000e-07
4.430000e-07
4.430000e-07
4.430000e-07
4.430000e-07
4.430000e-07
4.430000e-07
4.430000e-07
4.430000e-07
4.430000e-07
4.430000e-07
4.430000e-07
4.430000e-07
4.430000e-07
4.430000e-07
4.430000e-07
4.430000e-07
4.430000e-07
4.430000e-07
4.430000e-07
4.430000e-07
4.430000e-07
4.430000e-07
4.430000e-07
4.430000e-07
4.430000e-07
4.430000e-07
4.430000e-07
4.430000e-07
4.430000e-07
4.430000e-07
4.430000e-07
4.430000e-07
4.430000e-07
4.430000e-07
4.430000e-07
4.430000e-07
4.430000e-07
4.430000e-07
4.430000e-07
4.430000e-07
4.430000e-07
4.430000e-07
4.430000e-07
4.430000e-07
4.430000e-07
4.430000e-07
4.430000e-07
4.430000e-07
4.430000e-07
4.430000e-07
4.430000e-07
4.430000e-07
4.430000e-07
4.430000e-07
4.430000e-07
4.430000e-07
4.430000e-07
4.430000e-07
4.430000e-07
4.430000e-07
4.430000e-07
4.430000e-07
4.430000e-07
4.430000e-07
4.430000e-07
4.430000e-07
4.430000e-07
4.430000e-07
4.430000e-07
4.430000e-07
4.430000e-07
4.430000e-07
4.430000e-07
4.430000e-07
4.430000e-07
4.430000e-07
4.430000e-07
4.430000e-07
4.430000e-07
4.430000e-07
4.430000e-07
4.430000e-07
4.430000e-07
4.430000e-07
4.430000e-07
4.430000e-07
4.430000e-07
4.430000e-07
4.430000e-07
4.430000e-07
4.430000e-07
4.430000e-07
4.430000e-07
4.430000e-07
4.430000e-07
4.430000e-07
4.430000e-07
4.430000e-07
4.430000e-07
4.430000e-07
4.430000e-07
4.430000e-07
4.430000e-07
4.430000e-07
4.430000e-07
4.430000e-07
4.430000e-07
4.430000e-07
4.430000e-07
4.430000e-07
4.430000e-07
4.430000e-07
4.430000e-07
4.430000e-07
4.430000e-07
4.430000e-07
4.430000e-07
4.430000e-07
4.430000e-07
4.430000e-07
4.430000e-07
4.430000e-07
4.430000e-07
4.430000e-07
4.430000e-07
4.430000e-07
4.430000e-07
4.430000e-07
4.430000e-07
4.430000e-07
4.430000e-07
4.430000e-07
4.430000e-07
4.430000e-07
4.430000e-07
4.430000e-07
4.430000e-07
4.430000e-07
4.430000e-07
4.430000e-07
4.430000e-07
4.430000e-07
4.430000e-07
4.430000e-07
4.430000e-07
4.430000e-07
4.430000e-07
4.430000e-07
4.430000e-07
4.430000e-07
4.430000e-07
4.430000e-07
4.430000e-07
4.430000e-07
4.430000e-07
4.430000e-07
4.430000e-07
4.430000e-07
4.430000e-07
4.430000e-07
4.430000e-07
4.430000e-07
4.430000e-07
4.430000e-07
4.430000e-07
4.430000e-07
4.430000e-07
4.430000e-07
4.430000e-07
4.430000e-07
4.430000e-07
4.430000e-07
4.430000e-07
4.430000e-07
4.430000e-07
4.430000e-07
4.430000e-07
4.430000e-07
4.430000e-07
4.430000e-07
4.430000e-07
4.430000e-07
4.430000e-07
4.430000e-07
4.430000e-07
4.430000e-07
4.430000e-07
4.430000e-07
4.430000e-07
4.430000e-07
4.430000e-07
4.430000e-07
4.430000e-07
4.430000e-07
4.430000e-07
4.430000e-07
4.430000e-07
4.430000e-07
4.430000e-07
4.430000e-07
4.430000e-07
4.430000e-07
4.430000e-07
4.430000e-07
4.430000e-07
4.430000e-07
4.430000e-07
4.430000e-07
4.430000e-07
4.430000e-07
4.430000e-07
4.430000e-07
4.430000e-07
4.430000e-07
4.430000e-07
4.430000e-07
4.430000e-07
4.430000e-07
4.430000e-07
4.430000e-07
4.430000e-07
4.430000e-07
4.430000e-07
4.430000e-07
4.430000e-07
4.430000e-07
4.430000e-07
4.430000e-07
4.430000e-07
4.430000e-07
4.430000e-07
4.430000e-07
4.430000e-07
4.430000e-07
4.430000e-07
4.430000e-07
4.430000e-07
4.430000e-07
4.430000e-07
4.430000e-07
4.430000e-07
4.430000e-07
4.430000e-07
4.430000e-07
4.430000e-07
4.430000e-07
4.430000e-07
4.430000e-07
4.430000e-07
4.430000e-07
4.430000e-07
4.430000e-07
4.430000e-07
4.430000e-07
4.430000e-07
4.430000e-07
4.430000e-07
4.430000e-07
4.430000e-07
4.430000e-07
4.430000e-07
4.430000e-07
4.430000e-07
4.430000e-07
4.430000e-07
4.430000e-07
4.430000e-07
4.430000e-07
4.430000e-07
4.430000e-07
4.430000e-07
4.430000e-07
4.430000e-07
4.430000e-07
4.430000e-07
4.430000e-07
4.430000e-07
4.430000e-07
4.430000e-07
4.430000e-07
4.430000e-07
4.430000e-07
4.430000e-07
4.430000e-07
4.430000e-07
4.430000e-07
4.430000e-07
4.430000e-07
4.430000e-07
4.430000e-07
4.430000e-07
4.430000e-07
4.430000e-07
4.430000e-07
4.430000e-07
4.430000e-07
4.430000e-07
4.430000e-07
4.430000e-07
4.430000e-07
4.430000e-07
4.430000e-07
4.430000e-07
4.430000e-07
4.430000e-07
4.430000e-07
4.430000e-07
4.430000e-07
4.430000e-07
4.430000e-07
4.430000e-07
4.430000e-07
4.430000e-07
4.430000e-07
4.430000e-07
4.430000e-07
4.430000e-07
4.430000e-07
4.430000e-07
4.430000e-07
4.430000e-07
4.430000e-07
4.430000e-07
4.430000e-07
4.430000e-07
4.430000e-07
4.430000e-07
4.430000e-07
4.430000e-07
4.430000e-07
4.430000e-07
4.430000e-07
4.430000e-07
4.430000e-07
4.430000e-07
4.430000e-07
4.430000e-07
4.430000e-07
4.430000e-07
4.430000e-07
4.430000e-07
4.430000e-07
4.430000e-07
4.430000e-07
4.430000e-07
4.430000e-07
4.430000e-07
4.430000e-07
4.430000e-07
4.430000e-07
4.430000e-07
4.430000e-07
4.430000e-07
4.430000e-07
4.430000e-07
4.430000e-07
4.430000e-07
4.430000e-07
4.430000e-07
4.430000e-07
4.430000e-07
4.430000e-07
4.430000e-07
4.430000e-07
4.430000e-07
4.430000e-07
4.430000e-07
4.430000e-07
4.430000e-07
4.430000e-07
4.430000e-07
4.430000e-07
4.430000e-07
4.430000e-07
4.430000e-07
4.430000e-07
4.430000e-07
4.430000e-07
4.430000e-07
4.430000e-07
4.430000e-07
4.430000e-07
4.430000e-07
4.430000e-07
4.430000e-07
4.430000e-07
4.430000e-07
4.430000e-07
4.430000e-07
4.430000e-07
4.430000e-07
4.430000e-07
4.430000e-07
4.430000e-07
4.430000e-07
4.430000e-07
4.430000e-07
4.430000e-07
4.430000e-07
4.430000e-07
4.430000e-07
4.430000e-07
4.430000e-07
4.430000e-07
4.430000e-07
4.430000e-07
4.430000e-07
4.430000e-07
4.430000e-07
4.430000e-07
4.430000e-07
4.430000e-07
4.430000e-07
4.430000e-07
4.430000e-07
4.430000e-07
4.430000e-07
4.430000e-07
4.430000e-07
4.430000e-07
4.430000e-07
4.430000e-07
4.430000e-07
4.430000e-07
4.430000e-07
4.430000e-07
4.430000e-07
4.430000e-07
4.430000e-07
4.430000e-07
4.430000e-07
4.430000e-07
4.430000e-07
4.430000e-07
4.430000e-07
4.430000e-07
4.430000e-07
4.430000e-07
4.430000e-07
4.430000e-07
4.430000e-07
4.430000e-07
4.430000e-07
4.430000e-07
4.430000e-07
4.430000e-07
4.430000e-07
4.430000e-07
4.430000e-07
4.430000e-07
4.430000e-07
4.430000e-07
4.430000e-07
4.430000e-07
4.430000e-07
4.430000e-07
4.430000e-07
4.430000e-07
4.430000e-07
4.430000e-07
4.430000e-07
4.430000e-07
4.430000e-07
4.430000e-07
4.430000e-07
4.430000e-07
4.430000e-07
4.430000e-07
4.430000e-07
4.430000e-07
4.430000e-07
4.430000e-07
4.430000e-07
4.430000e-07
4.430000e-07
4.430000e-07
4.430000e-07
4.430000e-07
4.430000e-07
4.430000e-07
4.430000e-07
4.430000e-07
4.430000e-07
4.430000e-07
4.430000e-07
4.430000e-07
4.430000e-07
4.430000e-07
4.430000e-07
4.430000e-07
4.430000e-07
4.430000e-07
4.430000e-07
4.430000e-07
4.430000e-07
4.430000e-07
4.430000e-07
4.430000e-07
4.430000e-07
4.430000e-07
4.430000e-07
4.430000e-07
4.430000e-07
4.430000e-07
4.430000e-07
4.430000e-07
4.430000e-07
4.430000e-07
4.430000e-07
4.430000e-07
4.430000e-07
4.430000e-07
4.430000e-07
4.430000e-07
4.430000e-07
4.430000e-07
4.430000e-07
4.430000e-07
4.430000e-07
4.430000e-07
4.430000e-07
4.430000e-07
4.430000e-07
4.430000e-07
4.430000e-07
4.430000e-07
4.430000e-07
4.430000e-07
4.430000e-07
4.430000e-07
4.430000e-07
4.430000e-07
4.430000e-07
4.430000e-07
4.430000e-07
4.430000e-07
4.430000e-07
4.430000e-07
4.430000e-07
4.430000e-07
4.430000e-07
4.430000e-07
4.430000e-07
4.430000e-07
4.430000e-07
4.430000e-07
4.430000e-07
4.430000e-07
4.430000e-07
4.430000e-07
4.430000e-07
4.430000e-07
4.430000e-07
4.430000e-07
4.430000e-07
4.430000e-07
4.430000e-07
4.430000e-07
4.430000e-07
4.430000e-07
4.430000e-07
4.430000e-07
4.430000e-07
4.430000e-07
4.430000e-07
4.430000e-07
4.430000e-07
4.430000e-07
4.430000e-07
4.430000e-07
4.430000e-07
4.430000e-07
4.430000e-07
4.430000e-07
4.430000e-07
4.430000e-07
4.430000e-07
4.430000e-07
4.430000e-07
4.430000e-07
4.430000e-07
4.430000e-07
4.430000e-07
4.430000e-07
4.430000e-07
4.430000e-07
4.430000e-07
4.430000e-07
4.430000e-07
4.430000e-07
4.430000e-07
4.430000e-07
4.430000e-07
4.430000e-07
4.430000e-07
4.430000e-07
4.430000e-07
4.430000e-07
4.430000e-07
4.430000e-07
4.430000e-07
4.430000e-07
4.430000e-07
4.430000e-07
4.430000e-07
4.430000e-07
4.430000e-07
4.430000e-07
4.430000e-07
4.430000e-07
4.430000e-07
4.430000e-07
4.430000e-07
4.430000e-07
4.430000e-07
4.430000e-07
4.430000e-07
4.430000e-07
4.430000e-07
4.430000e-07
4.430000e-07
4.430000e-07
4.430000e-07
4.430000e-07
4.430000e-07
4.430000e-07
4.430000e-07
4.430000e-07
4.430000e-07
4.430000e-07
4.430000e-07
4.430000e-07
4.430000e-07
4.430000e-07
4.430000e-07
4.430000e-07
4.430000e-07
4.430000e-07
4.430000e-07
4.430000e-07
4.430000e-07
4.430000e-07
4.430000e-07
4.430000e-07
4.430000e-07
4.430000e-07
4.430000e-07
4.430000e-07
4.430000e-07
4.430000e-07
4.430000e-07
4.430000e-07
4.430000e-07
4.430000e-07
4.430000e-07
4.430000e-07
4.430000e-07
4.430000e-07
4.430000e-07
4.430000e-07
4.430000e-07
4.430000e-07
4.430000e-07
4.430000e-07
4.430000e-07
4.430000e-07
4.430000e-07
4.430000e-07
4.430000e-07
4.430000e-07
4.430000e-07
4.430000e-07
4.430000e-07
4.430000e-07
4.430000e-07
4.430000e-07
4.430000e-07
4.430000e-07
4.430000e-07
4.430000e-07
4.430000e-07
4.430000e-07
4.430000e-07
4.430000e-07
4.430000e-07
4.430000e-07
4.430000e-07
4.430000e-07
4.430000e-07
4.430000e-07
4.430000e-07
4.430000e-07
4.430000e-07
4.430000e-07
4.430000e-07
4.430000e-07
4.430000e-07
4.430000e-07
4.430000e-07
4.430000e-07
4.430000e-07
4.430000e-07
4.430000e-07
4.430000e-07
4.430000e-07
4.430000e-07
4.430000e-07
4.430000e-07
4.430000e-07
4.430000e-07
4.430000e-07
4.430000e-07
4.430000e-07
4.430000e-07
4.430000e-07
4.430000e-07
4.430000e-07
4.430000e-07
4.430000e-07
4.430000e-07
4.430000e-07
4.430000e-07
4.430000e-07
4.430000e-07
4.430000e-07
4.430000e-07
4.430000e-07
4.430000e-07
4.430000e-07
4.430000e-07
4.430000e-07
4.430000e-07
4.430000e-07
4.430000e-07
4.430000e-07
4.430000e-07
4.430000e-07
4.430000e-07
4.430000e-07
4.430000e-07
4.430000e-07
4.430000e-07
4.430000e-07
4.430000e-07
4.430000e-07
4.430000e-07
4.430000e-07
4.430000e-07
4.430000e-07
4.430000e-07
4.430000e-07
4.430000e-07
4.430000e-07
4.430000e-07
4.430000e-07
4.430000e-07
4.430000e-07
4.430000e-07
4.430000e-07
4.430000e-07
4.430000e-07
4.430000e-07
4.430000e-07
4.430000e-07
4.430000e-07
4.430000e-07
4.430000e-07
4.430000e-07
4.430000e-07
4.430000e-07
4.430000e-07
4.430000e-07
4.430000e-07
4.430000e-07
4.430000e-07
4.430000e-07
4.430000e-07
4.430000e-07
4.430000e-07
4.430000e-07
4.430000e-07
4.430000e-07
4.430000e-07
4.430000e-07
4.430000e-07
4.430000e-07
4.430000e-07
4.430000e-07
4.430000e-07
4.430000e-07
4.430000e-07
4.430000e-07
4.430000e-07
4.430000e-07
4.430000e-07
4.430000e-07
4.430000e-07
4.430000e-07
4.430000e-07
4.430000e-07
4.430000e-07
4.430000e-07
4.430000e-07
4.430000e-07
4.430000e-07
4.430000e-07
4.430000e-07
4.430000e-07
4.430000e-07
4.430000e-07
4.430000e-07
4.430000e-07
4.430000e-07
4.430000e-07
4.430000e-07
4.430000e-07
4.430000e-07
4.430000e-07
4.430000e-07
4.430000e-07
4.430000e-07
4.430000e-07
4.430000e-07
4.430000e-07
4.430000e-07
4.430000e-07
4.430000e-07
4.430000e-07
4.430000e-07
4.430000e-07
4.430000e-07
4.430000e-07
4.430000e-07
4.430000e-07
4.430000e-07
4.430000e-07
4.430000e-07
4.430000e-07
4.430000e-07
4.430000e-07
4.430000e-07
4.430000e-07
4.430000e-07
4.430000e-07
4.430000e-07
4.430000e-07
4.430000e-07
4.430000e-07
4.430000e-07
4.430000e-07
4.430000e-07
4.430000e-07
4.430000e-07
4.430000e-07
4.430000e-07
4.430000e-07
4.430000e-07
4.430000e-07
4.430000e-07
4.430000e-07
4.430000e-07
4.430000e-07
4.430000e-07
4.430000e-07
4.430000e-07
4.430000e-07
4.430000e-07
4.430000e-07
4.430000e-07
4.430000e-07
4.430000e-07
4.430000e-07
4.430000e-07
4.430000e-07
4.430000e-07
4.430000e-07
4.430000e-07
4.430000e-07
4.430000e-07
4.430000e-07
4.430000e-07
4.430000e-07
4.430000e-07
4.430000e-07
4.430000e-07
4.430000e-07
4.430000e-07
4.430000e-07
4.430000e-07
4.430000e-07
4.430000e-07
4.430000e-07
4.430000e-07
4.430000e-07
4.430000e-07
4.430000e-07
4.430000e-07
4.430000e-07
4.430000e-07
4.430000e-07
4.430000e-07
4.430000e-07
4.430000e-07
4.430000e-07
4.430000e-07
4.430000e-07
4.430000e-07
4.430000e-07
4.430000e-07
4.430000e-07
4.430000e-07
4.430000e-07
4.430000e-07
4.430000e-07
4.430000e-07
4.430000e-07
4.430000e-07
4.430000e-07
4.430000e-07
4.430000e-07
4.430000e-07
4.430000e-07
4.430000e-07
4.430000e-07
4.430000e-07
4.430000e-07
4.430000e-07
4.430000e-07
4.430000e-07
4.430000e-07
4.430000e-07
4.430000e-07
4.430000e-07
4.430000e-07
4.430000e-07
4.430000e-07
4.430000e-07
4.430000e-07
4.430000e-07
4.430000e-07
4.430000e-07
4.430000e-07
4.430000e-07
4.430000e-07
4.430000e-07
4.430000e-07
4.430000e-07
4.430000e-07
4.430000e-07
4.430000e-07
4.430000e-07
4.430000e-07
4.430000e-07
4.430000e-07
4.430000e-07
4.430000e-07
4.430000e-07
4.430000e-07
4.430000e-07
4.430000e-07
4.430000e-07
4.430000e-07
4.430000e-07
4.430000e-07
4.430000e-07
4.430000e-07
4.430000e-07
4.430000e-07
4.430000e-07
4.430000e-07
4.430000e-07
4.430000e-07
4.430000e-07
4.430000e-07
4.430000e-07
4.430000e-07
4.430000e-07
4.430000e-07
4.430000e-07
4.430000e-07
4.430000e-07
4.430000e-07
4.430000e-07
4.430000e-07
4.430000e-07
4.430000e-07
4.430000e-07
4.430000e-07
4.430000e-07
4.430000e-07
4.430000e-07
4.430000e-07
4.430000e-07
4.430000e-07
4.430000e-07
4.430000e-07
4.430000e-07
4.430000e-07
4.430000e-07
4.430000e-07
4.430000e-07
4.430000e-07
4.430000e-07
4.430000e-07
4.430000e-07
4.430000e-07
4.430000e-07
4.430000e-07
4.430000e-07
4.430000e-07
4.430000e-07
4.430000e-07
4.430000e-07
4.430000e-07
4.430000e-07
4.430000e-07
4.430000e-07
4.430000e-07
4.430000e-07
4.430000e-07
4.430000e-07
4.430000e-07
4.430000e-07
4.430000e-07
4.430000e-07
4.430000e-07
4.430000e-07
4.430000e-07
4.430000e-07
4.430000e-07
4.430000e-07
4.430000e-07
4.430000e-07
4.430000e-07
4.430000e-07
4.430000e-07
4.430000e-07
4.430000e-07
4.430000e-07
4.430000e-07
4.430000e-07
4.430000e-07
4.430000e-07
4.430000e-07
4.430000e-07
4.430000e-07
4.430000e-07
4.430000e-07
4.430000e-07
4.430000e-07
4.430000e-07
4.430000e-07
4.430000e-07
4.430000e-07
4.430000e-07
4.430000e-07
4.430000e-07
4.430000e-07
4.430000e-07
4.430000e-07
4.430000e-07
4.430000e-07
4.430000e-07
4.430000e-07
4.430000e-07
4.430000e-07
4.430000e-07
4.430000e-07
4.430000e-07
4.430000e-07
4.430000e-07
4.430000e-07
4.430000e-07
4.430000e-07
4.430000e-07
4.430000e-07
4.430000e-07
4.430000e-07
4.430000e-07
4.430000e-07
4.430000e-07
4.430000e-07
4.430000e-07
4.430000e-07
4.430000e-07
4.430000e-07
4.430000e-07
4.430000e-07
4.430000e-07
4.430000e-07
4.430000e-07
4.430000e-07
4.430000e-07
4.430000e-07
4.430000e-07
4.430000e-07
4.430000e-07
4.430000e-07
4.430000e-07
4.430000e-07
4.430000e-07
4.430000e-07
4.430000e-07
4.430000e-07
4.430000e-07
4.430000e-07
4.430000e-07
4.430000e-07
4.430000e-07
4.430000e-07
4.430000e-07
4.430000e-07
4.430000e-07
4.430000e-07
4.430000e-07
4.430000e-07
4.430000e-07
4.430000e-07
4.430000e-07
4.430000e-07
4.430000e-07
4.430000e-07
4.430000e-07
4.430000e-07
4.430000e-07
4.430000e-07
4.430000e-07
4.430000e-07
4.430000e-07
4.430000e-07
4.430000e-07
4.430000e-07
4.430000e-07
4.430000e-07
4.430000e-07
4.430000e-07
4.430000e-07
4.430000e-07
4.430000e-07
4.430000e-07
4.430000e-07
4.430000e-07
4.430000e-07
4.430000e-07
4.430000e-07
4.430000e-07
4.430000e-07
4.430000e-07
4.430000e-07
4.430000e-07
4.430000e-07
4.430000e-07
4.430000e-07
4.430000e-07
4.430000e-07
4.430000e-07
4.430000e-07
4.430000e-07
4.430000e-07
4.430000e-07
4.430000e-07
4.430000e-07
4.430000e-07
4.430000e-07
4.430000e-07
4.430000e-07
4.430000e-07
4.430000e-07
4.430000e-07
4.430000e-07
4.430000e-07
4.430000e-07
4.430000e-07
4.430000e-07
4.430000e-07
4.430000e-07
4.430000e-07
4.430000e-07
4.430000e-07
4.430000e-07
4.430000e-07
4.430000e-07
4.430000e-07
4.430000e-07
4.430000e-07
4.430000e-07
4.430000e-07
4.430000e-07
4.430000e-07
4.430000e-07
4.430000e-07
4.430000e-07
4.430000e-07
4.430000e-07
4.430000e-07
4.430000e-07
4.430000e-07
4.430000e-07
4.430000e-07
4.430000e-07
4.430000e-07
4.430000e-07
4.430000e-07
4.430000e-07
4.430000e-07
4.430000e-07
4.430000e-07
4.430000e-07
4.430000e-07
4.430000e-07
4.430000e-07
4.430000e-07
4.430000e-07
4.430000e-07
4.430000e-07
4.430000e-07
4.430000e-07
4.430000e-07
4.430000e-07
4.430000e-07
4.430000e-07
4.430000e-07
4.430000e-07
4.430000e-07
4.430000e-07
4.430000e-07
4.430000e-07
4.430000e-07
4.430000e-07
4.430000e-07
4.430000e-07
4.430000e-07
4.430000e-07
4.430000e-07
4.430000e-07
4.430000e-07
4.430000e-07
4.430000e-07
4.430000e-07
4.430000e-07
4.430000e-07
4.430000e-07
4.430000e-07
4.430000e-07
4.430000e-07
4.430000e-07
4.430000e-07
4.430000e-07
4.430000e-07
4.430000e-07
4.430000e-07
4.430000e-07
4.430000e-07
4.430000e-07
4.430000e-07
4.430000e-07
4.430000e-07
4.430000e-07
4.430000e-07
4.430000e-07
4.430000e-07
4.430000e-07
4.430000e-07
4.430000e-07
4.430000e-07
4.430000e-07
4.430000e-07
4.430000e-07
4.430000e-07
4.430000e-07
4.430000e-07
4.430000e-07
4.430000e-07
4.430000e-07
4.430000e-07
4.430000e-07
4.430000e-07
4.430000e-07
4.430000e-07
4.430000e-07
4.430000e-07
4.430000e-07
4.430000e-07
4.430000e-07
4.430000e-07
4.430000e-07
4.430000e-07
4.430000e-07
4.430000e-07
4.430000e-07
4.430000e-07
4.430000e-07
4.430000e-07
4.430000e-07
4.430000e-07
4.430000e-07
4.430000e-07
4.430000e-07
4.430000e-07
4.430000e-07
4.430000e-07
4.430000e-07
4.430000e-07
4.430000e-07
4.430000e-07
4.430000e-07
4.430000e-07
4.430000e-07
4.430000e-07
4.430000e-07
4.430000e-07
4.430000e-07
4.430000e-07
4.430000e-07
4.430000e-07
4.430000e-07
4.430000e-07
4.430000e-07
4.430000e-07
4.430000e-07
4.430000e-07
4.430000e-07
4.430000e-07
4.430000e-07
4.430000e-07
4.430000e-07
4.430000e-07
4.430000e-07
4.430000e-07
4.430000e-07
4.430000e-07
4.430000e-07
4.430000e-07
4.430000e-07
4.430000e-07
4.430000e-07
4.430000e-07
4.430000e-07
4.430000e-07
4.430000e-07
4.430000e-07
4.430000e-07
4.430000e-07
4.430000e-07
4.430000e-07
4.430000e-07
4.430000e-07
4.430000e-07
4.430000e-07
4.430000e-07
4.430000e-07
4.430000e-07
4.430000e-07
4.430000e-07
4.430000e-07
4.430000e-07
4.430000e-07
4.430000e-07
4.430000e-07
4.430000e-07
4.430000e-07
4.430000e-07
4.430000e-07
4.430000e-07
4.430000e-07
4.430000e-07
4.430000e-07
4.430000e-07
4.430000e-07
4.430000e-07
4.430000e-07
4.430000e-07
4.430000e-07
4.430000e-07
4.430000e-07
4.430000e-07
4.430000e-07
4.430000e-07
4.430000e-07
4.430000e-07
4.430000e-07
4.430000e-07
4.430000e-07
4.430000e-07
4.430000e-07
4.430000e-07
4.430000e-07
4.430000e-07
4.430000e-07
4.430000e-07
4.430000e-07
4.430000e-07
4.430000e-07
4.430000e-07
4.430000e-07
4.430000e-07
4.430000e-07
4.430000e-07
4.430000e-07
4.430000e-07
4.430000e-07
4.430000e-07
4.430000e-07
4.430000e-07
4.430000e-07
4.430000e-07
4.430000e-07
4.430000e-07
4.430000e-07
4.430000e-07
4.430000e-07
4.430000e-07
4.430000e-07
4.430000e-07
4.430000e-07
4.430000e-07
4.430000e-07
4.430000e-07
4.430000e-07
4.430000e-07
4.430000e-07
4.430000e-07
4.430000e-07
4.430000e-07
4.430000e-07
4.430000e-07
4.430000e-07
4.430000e-07
4.430000e-07
4.430000e-07
4.430000e-07
4.430000e-07
4.430000e-07
4.430000e-07
4.430000e-07
4.430000e-07
4.430000e-07
4.430000e-07
4.430000e-07
4.430000e-07
4.430000e-07
4.430000e-07
4.430000e-07
4.430000e-07
4.430000e-07
4.430000e-07
4.430000e-07
4.430000e-07
4.430000e-07
4.430000e-07
4.430000e-07
4.430000e-07
4.430000e-07
4.430000e-07
4.430000e-07
4.430000e-07
4.430000e-07
4.430000e-07
4.430000e-07
4.430000e-07
4.430000e-07
4.430000e-07
4.430000e-07
4.430000e-07
4.430000e-07
4.430000e-07
4.430000e-07
4.430000e-07
4.430000e-07
4.430000e-07
4.430000e-07
4.430000e-07
4.430000e-07
4.430000e-07
4.430000e-07
4.430000e-07
4.430000e-07
4.430000e-07
4.430000e-07
4.430000e-07
4.430000e-07
4.430000e-07
4.430000e-07
4.430000e-07
4.430000e-07
4.430000e-07
4.430000e-07
4.430000e-07
4.430000e-07
4.430000e-07
4.430000e-07
4.430000e-07
4.430000e-07
4.430000e-07
4.430000e-07
4.430000e-07
4.430000e-07
4.430000e-07
4.430000e-07
4.430000e-07
4.430000e-07
4.430000e-07
4.430000e-07
4.430000e-07
4.430000e-07
4.430000e-07
4.430000e-07
4.430000e-07
4.430000e-07
4.430000e-07
4.430000e-07
4.430000e-07
4.430000e-07
4.430000e-07
4.430000e-07
4.430000e-07
4.430000e-07
4.430000e-07
4.430000e-07
4.430000e-07
4.430000e-07
4.430000e-07
4.430000e-07
4.430000e-07
4.430000e-07
4.430000e-07
4.430000e-07
4.430000e-07
4.430000e-07
4.430000e-07
4.430000e-07
4.430000e-07
4.430000e-07
4.430000e-07
4.430000e-07
4.430000e-07
4.430000e-07
4.430000e-07
4.430000e-07
4.430000e-07
4.430000e-07
4.430000e-07
4.430000e-07
4.430000e-07
4.430000e-07
4.430000e-07
4.430000e-07
4.430000e-07
4.430000e-07
4.430000e-07
4.430000e-07
4.430000e-07
4.430000e-07
4.430000e-07
4.430000e-07
4.430000e-07
4.430000e-07
4.430000e-07
4.430000e-07
4.430000e-07
4.430000e-07
4.430000e-07
4.430000e-07
4.430000e-07
4.430000e-07
4.430000e-07
4.430000e-07
4.430000e-07
4.430000e-07
4.430000e-07
4.430000e-07
4.430000e-07
4.430000e-07
4.430000e-07
4.430000e-07
4.430000e-07
4.430000e-07
4.430000e-07
4.430000e-07
4.430000e-07
4.430000e-07
4.430000e-07
4.430000e-07
4.430000e-07
4.430000e-07
4.430000e-07
4.430000e-07
4.430000e-07
4.430000e-07
4.430000e-07
4.430000e-07
4.430000e-07
4.430000e-07
4.430000e-07
4.430000e-07
4.430000e-07
4.430000e-07
4.430000e-07
4.430000e-07
4.430000e-07
4.430000e-07
4.430000e-07
4.430000e-07
4.430000e-07
4.430000e-07
4.430000e-07
4.430000e-07
4.430000e-07
4.430000e-07
4.430000e-07
4.430000e-07
4.430000e-07
4.430000e-07
4.430000e-07
4.430000e-07
4.430000e-07
4.430000e-07
4.430000e-07
4.430000e-07
4.430000e-07
4.430000e-07
4.430000e-07
4.430000e-07
4.430000e-07
4.430000e-07
4.430000e-07
4.430000e-07
4.430000e-07
4.430000e-07
4.430000e-07
4.430000e-07
4.430000e-07
4.430000e-07
4.430000e-07
4.430000e-07
4.430000e-07
4.430000e-07
4.430000e-07
4.430000e-07
4.430000e-07
4.430000e-07
4.430000e-07
4.430000e-07
4.430000e-07
4.430000e-07
4.430000e-07
4.430000e-07
4.430000e-07
4.430000e-07
4.430000e-07
4.430000e-07
4.430000e-07
4.430000e-07
4.430000e-07
4.430000e-07
4.430000e-07
4.430000e-07
4.430000e-07
4.430000e-07
4.430000e-07
4.430000e-07
4.430000e-07
4.430000e-07
4.430000e-07
4.430000e-07
4.430000e-07
4.430000e-07
4.430000e-07
4.430000e-07
4.430000e-07
4.430000e-07
4.430000e-07
4.430000e-07
4.430000e-07
4.430000e-07
4.430000e-07
4.430000e-07
4.430000e-07
4.430000e-07
4.430000e-07
4.430000e-07
4.430000e-07
4.430000e-07
4.430000e-07
4.430000e-07
4.430000e-07
4.430000e-07
4.430000e-07
4.430000e-07
4.430000e-07
4.430000e-07
4.430000e-07
4.430000e-07
4.430000e-07
4.430000e-07
4.430000e-07
4.430000e-07
4.430000e-07
4.430000e-07
4.430000e-07
4.430000e-07
4.430000e-07
4.430000e-07
4.430000e-07
4.430000e-07
4.430000e-07
4.430000e-07
4.430000e-07
4.430000e-07
4.430000e-07
4.430000e-07
4.430000e-07
4.430000e-07
4.430000e-07
4.430000e-07
4.430000e-07
4.430000e-07
4.430000e-07
4.430000e-07
4.430000e-07
4.430000e-07
4.430000e-07
4.430000e-07
4.430000e-07
4.430000e-07
4.430000e-07
4.430000e-07
4.430000e-07
4.430000e-07
4.430000e-07
4.430000e-07
4.430000e-07
4.430000e-07
4.430000e-07
4.430000e-07
4.430000e-07
4.430000e-07
4.430000e-07
4.430000e-07
4.430000e-07
4.430000e-07
4.430000e-07
4.430000e-07
4.430000e-07
4.430000e-07
4.430000e-07
4.430000e-07
4.430000e-07
4.430000e-07
4.430000e-07
4.430000e-07
4.430000e-07
4.430000e-07
4.430000e-07
4.430000e-07
4.430000e-07
4.430000e-07
4.430000e-07
4.430000e-07
4.430000e-07
4.430000e-07
4.430000e-07
4.430000e-07
4.430000e-07
4.430000e-07
4.430000e-07
4.430000e-07
4.430000e-07
4.430000e-07
4.430000e-07
4.430000e-07
4.430000e-07
4.430000e-07
4.430000e-07
4.430000e-07
4.430000e-07
4.430000e-07
4.430000e-07
4.430000e-07
4.430000e-07
4.430000e-07
4.430000e-07
4.430000e-07
4.430000e-07
4.430000e-07
4.430000e-07
4.430000e-07
4.430000e-07
4.430000e-07
4.430000e-07
4.430000e-07
4.430000e-07
4.430000e-07
4.430000e-07
4.430000e-07
4.430000e-07
4.430000e-07
4.430000e-07
4.430000e-07
4.430000e-07
4.430000e-07
4.430000e-07
4.430000e-07
4.430000e-07
4.430000e-07
4.430000e-07
4.430000e-07
4.430000e-07
4.430000e-07
4.430000e-07
4.430000e-07
4.430000e-07
4.430000e-07
4.430000e-07
4.430000e-07
4.430000e-07
4.430000e-07
4.430000e-07
4.430000e-07
4.430000e-07
4.430000e-07
4.430000e-07
4.430000e-07
4.430000e-07
4.430000e-07
4.430000e-07
4.430000e-07
4.430000e-07
4.430000e-07
4.430000e-07
4.430000e-07
4.430000e-07
4.430000e-07
4.430000e-07
4.430000e-07
4.430000e-07
4.430000e-07
4.430000e-07
4.430000e-07
4.430000e-07
4.430000e-07
4.430000e-07
4.430000e-07
4.430000e-07
4.430000e-07
4.430000e-07
4.430000e-07
4.430000e-07
4.430000e-07
4.430000e-07
4.430000e-07
4.430000e-07
4.430000e-07
4.430000e-07
4.430000e-07
4.430000e-07
4.430000e-07
4.430000e-07
4.430000e-07
4.430000e-07
4.430000e-07
4.430000e-07
4.430000e-07
4.430000e-07
4.430000e-07
4.430000e-07
4.430000e-07
4.430000e-07
4.430000e-07
4.430000e-07
4.430000e-07
4.430000e-07
4.430000e-07
4.430000e-07
4.430000e-07
4.430000e-07
4.430000e-07
4.430000e-07
4.430000e-07
4.430000e-07
4.430000e-07
4.430000e-07
4.430000e-07
4.430000e-07
4.430000e-07
4.430000e-07
4.430000e-07
4.430000e-07
4.430000e-07
4.430000e-07
4.430000e-07
4.430000e-07
4.430000e-07
4.430000e-07
4.430000e-07
4.430000e-07
4.430000e-07
4.430000e-07
4.430000e-07
4.430000e-07
4.430000e-07
4.430000e-07
4.430000e-07
4.430000e-07
4.430000e-07
4.430000e-07
4.430000e-07
4.430000e-07
4.430000e-07
4.430000e-07
4.430000e-07
4.430000e-07
4.430000e-07
4.430000e-07
4.430000e-07
4.430000e-07
4.430000e-07
4.430000e-07
4.430000e-07
4.430000e-07
4.430000e-07
4.430000e-07
4.430000e-07
4.430000e-07
4.430000e-07
4.430000e-07
4.430000e-07
4.430000e-07
4.430000e-07
4.430000e-07
4.430000e-07
4.430000e-07
4.430000e-07
4.430000e-07
4.430000e-07
4.430000e-07
4.430000e-07
4.430000e-07
4.430000e-07
4.430000e-07
4.430000e-07
4.430000e-07
4.430000e-07
4.430000e-07
4.430000e-07
4.430000e-07
4.430000e-07
4.430000e-07
4.430000e-07
4.430000e-07
4.430000e-07
4.430000e-07
4.430000e-07
4.430000e-07
4.430000e-07
4.430000e-07
4.430000e-07
4.430000e-07
4.430000e-07
4.430000e-07
4.430000e-07
4.430000e-07
4.430000e-07
4.430000e-07
4.430000e-07
4.430000e-07
4.430000e-07
4.430000e-07
4.430000e-07
4.430000e-07
4.430000e-07
4.430000e-07
4.430000e-07
4.430000e-07
4.430000e-07
4.430000e-07
4.430000e-07
4.430000e-07
4.430000e-07
4.430000e-07
4.430000e-07
4.430000e-07
4.430000e-07
4.430000e-07
4.430000e-07
4.430000e-07
4.430000e-07
4.430000e-07
4.430000e-07
4.430000e-07
4.430000e-07
4.430000e-07
4.430000e-07
4.430000e-07
4.430000e-07
4.430000e-07
4.430000e-07
4.430000e-07
4.430000e-07
4.430000e-07
4.430000e-07
4.430000e-07
4.430000e-07
4.430000e-07
4.430000e-07
4.430000e-07
4.430000e-07
4.430000e-07
4.430000e-07
4.430000e-07
4.430000e-07
4.430000e-07
4.430000e-07
4.430000e-07
4.430000e-07
4.430000e-07
4.430000e-07
4.430000e-07
4.430000e-07
4.430000e-07
4.430000e-07
4.430000e-07
4.430000e-07
4.430000e-07
4.430000e-07
4.430000e-07
4.430000e-07
4.430000e-07
4.430000e-07
4.430000e-07
4.430000e-07
4.430000e-07
4.430000e-07
4.430000e-07
4.430000e-07
4.430000e-07
4.430000e-07
4.430000e-07
4.430000e-07
4.430000e-07
4.430000e-07
4.430000e-07
4.430000e-07
4.430000e-07
4.430000e-07
4.430000e-07
4.430000e-07
4.430000e-07
4.430000e-07
4.430000e-07
4.430000e-07
4.430000e-07
4.430000e-07
4.430000e-07
4.430000e-07
4.430000e-07
4.430000e-07
4.430000e-07
4.430000e-07
4.430000e-07
4.430000e-07
4.430000e-07
4.430000e-07
4.430000e-07
4.430000e-07
4.430000e-07
4.430000e-07
4.430000e-07
4.430000e-07
4.430000e-07
4.430000e-07
4.430000e-07
4.430000e-07
4.430000e-07
4.430000e-07
4.430000e-07
4.430000e-07
4.430000e-07
4.430000e-07
4.430000e-07
4.430000e-07
4.430000e-07
4.430000e-07
4.430000e-07
4.430000e-07
4.430000e-07

