# vtk DataFile Version 2.0
mfree iwf
ASCII

DATASET UNSTRUCTURED_GRID
POINTS 6231 float
0.000000 0.000300 0.000000
0.000000 0.000310 0.000000
0.000000 0.000320 0.000000
0.000000 0.000330 0.000000
0.000000 0.000340 0.000000
0.000000 0.000350 0.000000
0.000000 0.000360 0.000000
0.000001 0.000370 0.000000
0.000001 0.000380 0.000000
0.000001 0.000390 0.000000
0.000001 0.000400 0.000000
0.000001 0.000410 0.000000
0.000001 0.000420 0.000000
0.000001 0.000430 0.000000
0.000001 0.000440 0.000000
0.000001 0.000450 0.000000
0.000002 0.000460 0.000000
0.000002 0.000470 0.000000
0.000002 0.000480 0.000000
0.000001 0.000492 0.000000
0.000006 0.000501 0.000000
0.000815 0.000992 0.000000
0.000881 0.001039 0.000000
0.000830 0.001001 0.000000
0.000893 0.001046 0.000000
0.000914 0.001054 0.000000
0.000962 0.001065 0.000000
0.000970 0.001065 0.000000
0.000983 0.001062 0.000000
0.000996 0.001061 0.000000
0.001027 0.001066 0.000000
0.000010 0.000300 0.000000
0.000010 0.000310 0.000000
0.000010 0.000320 0.000000
0.000010 0.000330 0.000000
0.000010 0.000340 0.000000
0.000010 0.000350 0.000000
0.000010 0.000360 0.000000
0.000011 0.000370 0.000000
0.000011 0.000380 0.000000
0.000011 0.000390 0.000000
0.000011 0.000400 0.000000
0.000011 0.000410 0.000000
0.000011 0.000420 0.000000
0.000011 0.000430 0.000000
0.000011 0.000440 0.000000
0.000011 0.000450 0.000000
0.000012 0.000460 0.000000
0.000011 0.000472 0.000000
0.000013 0.000478 0.000000
0.000009 0.000492 0.000000
0.000013 0.000498 0.000000
0.000933 0.001054 0.000000
0.000948 0.001057 0.000000
0.000956 0.001059 0.000000
0.000962 0.001057 0.000000
0.000979 0.001054 0.000000
0.000991 0.001054 0.000000
0.001005 0.001052 0.000000
0.001016 0.001055 0.000000
0.001022 0.001054 0.000000
0.001024 0.001061 0.000000
0.000020 0.000300 0.000000
0.000020 0.000310 0.000000
0.000020 0.000320 0.000000
0.000020 0.000330 0.000000
0.000020 0.000340 0.000000
0.000021 0.000351 0.000000
0.000020 0.000360 0.000000
0.000021 0.000370 0.000000
0.000020 0.000380 0.000000
0.000022 0.000390 0.000000
0.000020 0.000400 0.000000
0.000022 0.000410 0.000000
0.000020 0.000420 0.000000
0.000022 0.000430 0.000000
0.000020 0.000440 0.000000
0.000023 0.000451 0.000000
0.000020 0.000460 0.000000
0.000022 0.000470 0.000000
0.000021 0.000481 0.000000
0.000024 0.000494 0.000000
0.000020 0.000497 0.000000
0.000903 0.001038 0.000000
0.000930 0.001048 0.000000
0.000940 0.001052 0.000000
0.000945 0.001050 0.000000
0.000956 0.001045 0.000000
0.000971 0.001050 0.000000
0.000997 0.001048 0.000000
0.001012 0.001049 0.000000
0.001021 0.001042 0.000000
0.001028 0.001040 0.000000
0.000030 0.000300 0.000000
0.000030 0.000310 0.000000
0.000030 0.000320 0.000000
0.000031 0.000330 0.000000
0.000030 0.000340 0.000000
0.000031 0.000349 0.000000
0.000030 0.000360 0.000000
0.000031 0.000370 0.000000
0.000030 0.000380 0.000000
0.000031 0.000390 0.000000
0.000030 0.000400 0.000000
0.000031 0.000410 0.000000
0.000030 0.000420 0.000000
0.000032 0.000430 0.000000
0.000031 0.000440 0.000000
0.000031 0.000450 0.000000
0.000031 0.000459 0.000000
0.000036 0.000473 0.000000
0.000029 0.000478 0.000000
0.000032 0.000488 0.000000
0.000032 0.000497 0.000000
0.000063 0.000500 0.000000
0.000923 0.001043 0.000000
0.000941 0.001036 0.000000
0.000967 0.001042 0.000000
0.000977 0.001035 0.000000
0.000981 0.001046 0.000000
0.000987 0.001040 0.000000
0.000998 0.001038 0.000000
0.001006 0.001039 0.000000
0.001028 0.001032 0.000000
0.000040 0.000300 0.000000
0.000040 0.000310 0.000000
0.000040 0.000320 0.000000
0.000040 0.000329 0.000000
0.000040 0.000340 0.000000
0.000040 0.000351 0.000000
0.000041 0.000359 0.000000
0.000040 0.000370 0.000000
0.000041 0.000380 0.000000
0.000041 0.000390 0.000000
0.000041 0.000400 0.000000
0.000041 0.000410 0.000000
0.000042 0.000420 0.000000
0.000040 0.000431 0.000000
0.000042 0.000439 0.000000
0.000043 0.000450 0.000000
0.000042 0.000460 0.000000
0.000037 0.000469 0.000000
0.000045 0.000477 0.000000
0.000043 0.000496 0.000000
0.000040 0.000498 0.000000
0.000741 0.000844 0.000000
0.000932 0.001036 0.000000
0.000950 0.001036 0.000000
0.000958 0.001032 0.000000
0.000966 0.001039 0.000000
0.000987 0.001031 0.000000
0.001010 0.001029 0.000000
0.001009 0.001019 0.000000
0.001018 0.001033 0.000000
0.001027 0.001023 0.000000
0.000050 0.000300 0.000000
0.000050 0.000310 0.000000
0.000050 0.000319 0.000000
0.000049 0.000331 0.000000
0.000051 0.000340 0.000000
0.000050 0.000349 0.000000
0.000051 0.000360 0.000000
0.000050 0.000370 0.000000
0.000052 0.000380 0.000000
0.000049 0.000390 0.000000
0.000053 0.000399 0.000000
0.000049 0.000411 0.000000
0.000053 0.000420 0.000000
0.000051 0.000430 0.000000
0.000053 0.000440 0.000000
0.000047 0.000451 0.000000
0.000054 0.000458 0.000000
0.000053 0.000470 0.000000
0.000055 0.000483 0.000000
0.000048 0.000488 0.000000
0.000050 0.000498 0.000000
0.000919 0.001048 0.000000
0.000878 0.001029 0.000000
0.000944 0.001030 0.000000
0.000962 0.001019 0.000000
0.000976 0.001024 0.000000
0.000992 0.001026 0.000000
0.000984 0.001018 0.000000
0.001001 0.001026 0.000000
0.001017 0.001021 0.000000
0.001025 0.001012 0.000000
0.000060 0.000300 0.000000
0.000060 0.000310 0.000000
0.000060 0.000321 0.000000
0.000060 0.000329 0.000000
0.000062 0.000340 0.000000
0.000059 0.000351 0.000000
0.000063 0.000359 0.000000
0.000059 0.000369 0.000000
0.000062 0.000380 0.000000
0.000060 0.000390 0.000000
0.000063 0.000401 0.000000
0.000059 0.000409 0.000000
0.000063 0.000419 0.000000
0.000058 0.000430 0.000000
0.000065 0.000439 0.000000
0.000060 0.000450 0.000000
0.000065 0.000460 0.000000
0.000055 0.000472 0.000000
0.000064 0.000475 0.000000
0.000068 0.000486 0.000000
0.000058 0.000496 0.000000
0.000909 0.001046 0.000000
0.000923 0.001033 0.000000
0.000942 0.001017 0.000000
0.000955 0.001022 0.000000
0.000971 0.001014 0.000000
0.000977 0.001007 0.000000
0.001005 0.001008 0.000000
0.000996 0.001015 0.000000
0.001015 0.001009 0.000000
0.001023 0.001003 0.000000
0.000070 0.000300 0.000000
0.000070 0.000310 0.000000
0.000070 0.000319 0.000000
0.000070 0.000330 0.000000
0.000071 0.000340 0.000000
0.000068 0.000351 0.000000
0.000076 0.000356 0.000000
0.000068 0.000372 0.000000
0.000077 0.000376 0.000000
0.000068 0.000389 0.000000
0.000073 0.000400 0.000000
0.000069 0.000411 0.000000
0.000074 0.000421 0.000000
0.000068 0.000430 0.000000
0.000074 0.000439 0.000000
0.000066 0.000451 0.000000
0.000076 0.000459 0.000000
0.000073 0.000470 0.000000
0.000076 0.000486 0.000000
0.000068 0.000495 0.000000
0.000076 0.000496 0.000000
0.000738 0.000831 0.000000
0.000912 0.001033 0.000000
0.000933 0.001025 0.000000
0.000955 0.001003 0.000000
0.000970 0.001025 0.000000
0.000986 0.001007 0.000000
0.000996 0.001008 0.000000
0.000993 0.000997 0.000000
0.001012 0.000999 0.000000
0.001021 0.000993 0.000000
0.000080 0.000300 0.000000
0.000080 0.000310 0.000000
0.000079 0.000321 0.000000
0.000081 0.000330 0.000000
0.000079 0.000341 0.000000
0.000081 0.000349 0.000000
0.000074 0.000366 0.000000
0.000083 0.000366 0.000000
0.000076 0.000386 0.000000
0.000082 0.000389 0.000000
0.000085 0.000398 0.000000
0.000078 0.000409 0.000000
0.000084 0.000417 0.000000
0.000079 0.000430 0.000000
0.000087 0.000445 0.000000
0.000077 0.000447 0.000000
0.000086 0.000463 0.000000
0.000074 0.000470 0.000000
0.000087 0.000473 0.000000
0.000085 0.000483 0.000000
0.000083 0.000495 0.000000
0.000900 0.001043 0.000000
0.000872 0.001034 0.000000
0.000939 0.001006 0.000000
0.000949 0.001016 0.000000
0.000964 0.001006 0.000000
0.000972 0.000998 0.000000
0.000982 0.000997 0.000000
0.001002 0.000996 0.000000
0.001010 0.000990 0.000000
0.001019 0.000983 0.000000
0.000090 0.000300 0.000000
0.000090 0.000310 0.000000
0.000090 0.000320 0.000000
0.000090 0.000329 0.000000
0.000090 0.000339 0.000000
0.000091 0.000351 0.000000
0.000090 0.000359 0.000000
0.000091 0.000371 0.000000
0.000089 0.000379 0.000000
0.000093 0.000388 0.000000
0.000086 0.000406 0.000000
0.000094 0.000407 0.000000
0.000088 0.000425 0.000000
0.000096 0.000426 0.000000
0.000088 0.000436 0.000000
0.000097 0.000456 0.000000
0.000087 0.000453 0.000000
0.000097 0.000471 0.000000
0.000106 0.000481 0.000000
0.000089 0.000495 0.000000
0.000094 0.000495 0.000000
0.000745 0.000857 0.000000
0.000906 0.001027 0.000000
0.000894 0.001032 0.000000
0.000926 0.001024 0.000000
0.000951 0.000995 0.000000
0.000976 0.000989 0.000000
0.000990 0.000989 0.000000
0.000998 0.000984 0.000000
0.001008 0.000981 0.000000
0.001016 0.000974 0.000000
0.000100 0.000300 0.000000
0.000100 0.000310 0.000000
0.000100 0.000320 0.000000
0.000100 0.000331 0.000000
0.000101 0.000340 0.000000
0.000099 0.000350 0.000000
0.000101 0.000359 0.000000
0.000100 0.000371 0.000000
0.000100 0.000380 0.000000
0.000101 0.000392 0.000000
0.000100 0.000398 0.000000
0.000103 0.000410 0.000000
0.000100 0.000418 0.000000
0.000100 0.000436 0.000000
0.000110 0.000443 0.000000
0.000096 0.000445 0.000000
0.000108 0.000460 0.000000
0.000097 0.000467 0.000000
0.000095 0.000481 0.000000
0.000106 0.000491 0.000000
0.000101 0.000494 0.000000
0.000835 0.001006 0.000000
0.000843 0.001013 0.000000
0.000867 0.001030 0.000000
0.000952 0.001004 0.000000
0.000966 0.000992 0.000000
0.000967 0.000983 0.000000
0.000989 0.000980 0.000000
0.000980 0.000975 0.000000
0.001003 0.000974 0.000000
0.001013 0.000965 0.000000
0.000110 0.000300 0.000000
0.000110 0.000310 0.000000
0.000110 0.000321 0.000000
0.000110 0.000329 0.000000
0.000110 0.000339 0.000000
0.000110 0.000351 0.000000
0.000111 0.000361 0.000000
0.000110 0.000368 0.000000
0.000111 0.000379 0.000000
0.000110 0.000389 0.000000
0.000112 0.000399 0.000000
0.000111 0.000412 0.000000
0.000115 0.000423 0.000000
0.000107 0.000426 0.000000
0.000111 0.000434 0.000000
0.000106 0.000449 0.000000
0.000114 0.000461 0.000000
0.000111 0.000470 0.000000
0.000116 0.000480 0.000000
0.000111 0.000493 0.000000
0.000119 0.000491 0.000000
0.000789 0.000953 0.000000
0.000750 0.000872 0.000000
0.000901 0.001022 0.000000
0.000924 0.001012 0.000000
0.000913 0.001009 0.000000
0.000958 0.000986 0.000000
0.000976 0.000977 0.000000
0.000992 0.000970 0.000000
0.001002 0.000964 0.000000
0.001009 0.000956 0.000000
0.000120 0.000300 0.000000
0.000120 0.000310 0.000000
0.000121 0.000320 0.000000
0.000120 0.000331 0.000000
0.000121 0.000342 0.000000
0.000120 0.000348 0.000000
0.000120 0.000359 0.000000
0.000120 0.000372 0.000000
0.000122 0.000382 0.000000
0.000119 0.000390 0.000000
0.000123 0.000400 0.000000
0.000118 0.000408 0.000000
0.000122 0.000417 0.000000
0.000122 0.000433 0.000000
0.000123 0.000443 0.000000
0.000118 0.000451 0.000000
0.000128 0.000456 0.000000
0.000121 0.000472 0.000000
0.000130 0.000477 0.000000
0.000124 0.000490 0.000000
0.000136 0.000491 0.000000
0.000821 0.000977 0.000000
0.000854 0.001020 0.000000
0.000859 0.001019 0.000000
0.000875 0.001022 0.000000
0.000937 0.000996 0.000000
0.000959 0.000975 0.000000
0.000979 0.000965 0.000000
0.000990 0.000963 0.000000
0.000998 0.000955 0.000000
0.001004 0.000947 0.000000
0.000130 0.000300 0.000000
0.000130 0.000310 0.000000
0.000130 0.000321 0.000000
0.000130 0.000329 0.000000
0.000131 0.000338 0.000000
0.000130 0.000351 0.000000
0.000131 0.000361 0.000000
0.000130 0.000368 0.000000
0.000131 0.000378 0.000000
0.000130 0.000389 0.000000
0.000132 0.000401 0.000000
0.000131 0.000411 0.000000
0.000133 0.000422 0.000000
0.000127 0.000428 0.000000
0.000133 0.000438 0.000000
0.000130 0.000448 0.000000
0.000136 0.000468 0.000000
0.000126 0.000466 0.000000
0.000138 0.000481 0.000000
0.000129 0.000490 0.000000
0.000812 0.000975 0.000000
0.000800 0.000969 0.000000
0.000852 0.001015 0.000000
0.000863 0.001027 0.000000
0.000888 0.001017 0.000000
0.000890 0.001027 0.000000
0.000944 0.000989 0.000000
0.000968 0.000968 0.000000
0.000971 0.000957 0.000000
0.000987 0.000956 0.000000
0.000998 0.000939 0.000000
0.000140 0.000300 0.000000
0.000140 0.000310 0.000000
0.000140 0.000319 0.000000
0.000141 0.000331 0.000000
0.000138 0.000343 0.000000
0.000142 0.000350 0.000000
0.000140 0.000359 0.000000
0.000141 0.000371 0.000000
0.000141 0.000383 0.000000
0.000141 0.000389 0.000000
0.000141 0.000399 0.000000
0.000140 0.000409 0.000000
0.000141 0.000420 0.000000
0.000141 0.000430 0.000000
0.000148 0.000442 0.000000
0.000142 0.000449 0.000000
0.000138 0.000459 0.000000
0.000147 0.000462 0.000000
0.000151 0.000483 0.000000
0.000143 0.000491 0.000000
0.000149 0.000493 0.000000
0.000173 0.000498 0.000000
0.000812 0.000981 0.000000
0.000855 0.001003 0.000000
0.000868 0.001014 0.000000
0.000916 0.001022 0.000000
0.000934 0.001012 0.000000
0.000956 0.000964 0.000000
0.000977 0.000950 0.000000
0.000990 0.000946 0.000000
0.000993 0.000932 0.000000
0.000150 0.000300 0.000000
0.000150 0.000310 0.000000
0.000150 0.000321 0.000000
0.000150 0.000328 0.000000
0.000150 0.000338 0.000000
0.000151 0.000349 0.000000
0.000149 0.000361 0.000000
0.000153 0.000370 0.000000
0.000150 0.000378 0.000000
0.000152 0.000389 0.000000
0.000151 0.000402 0.000000
0.000152 0.000410 0.000000
0.000150 0.000420 0.000000
0.000153 0.000429 0.000000
0.000144 0.000440 0.000000
0.000155 0.000450 0.000000
0.000151 0.000465 0.000000
0.000158 0.000472 0.000000
0.000146 0.000473 0.000000
0.000175 0.000488 0.000000
0.000156 0.000495 0.000000
0.000837 0.000997 0.000000
0.000845 0.001004 0.000000
0.000851 0.000994 0.000000
0.000874 0.000993 0.000000
0.000864 0.001004 0.000000
0.000898 0.001013 0.000000
0.000929 0.001003 0.000000
0.000925 0.000993 0.000000
0.000984 0.000937 0.000000
0.000985 0.000928 0.000000
0.000160 0.000300 0.000000
0.000160 0.000310 0.000000
0.000160 0.000320 0.000000
0.000161 0.000331 0.000000
0.000160 0.000341 0.000000
0.000161 0.000351 0.000000
0.000160 0.000359 0.000000
0.000161 0.000370 0.000000
0.000160 0.000382 0.000000
0.000162 0.000390 0.000000
0.000159 0.000399 0.000000
0.000163 0.000409 0.000000
0.000160 0.000420 0.000000
0.000163 0.000429 0.000000
0.000160 0.000440 0.000000
0.000164 0.000447 0.000000
0.000160 0.000460 0.000000
0.000168 0.000467 0.000000
0.000160 0.000483 0.000000
0.000167 0.000496 0.000000
0.000162 0.000496 0.000000
0.000799 0.000968 0.000000
0.000843 0.000990 0.000000
0.000847 0.000979 0.000000
0.000879 0.001007 0.000000
0.000886 0.001010 0.000000
0.000911 0.001013 0.000000
0.000950 0.000980 0.000000
0.000966 0.000953 0.000000
0.000978 0.000941 0.000000
0.000976 0.000927 0.000000
0.000170 0.000300 0.000000
0.000170 0.000310 0.000000
0.000169 0.000320 0.000000
0.000171 0.000329 0.000000
0.000169 0.000339 0.000000
0.000171 0.000349 0.000000
0.000170 0.000360 0.000000
0.000171 0.000370 0.000000
0.000171 0.000380 0.000000
0.000172 0.000389 0.000000
0.000170 0.000401 0.000000
0.000172 0.000411 0.000000
0.000170 0.000419 0.000000
0.000173 0.000430 0.000000
0.000172 0.000440 0.000000
0.000168 0.000454 0.000000
0.000178 0.000455 0.000000
0.000172 0.000470 0.000000
0.000169 0.000480 0.000000
0.000179 0.000478 0.000000
0.000184 0.000499 0.000000
0.000807 0.000976 0.000000
0.000832 0.000980 0.000000
0.000872 0.001003 0.000000
0.000863 0.000995 0.000000
0.000888 0.000995 0.000000
0.000898 0.000993 0.000000
0.000894 0.001005 0.000000
0.000926 0.000981 0.000000
0.000943 0.000960 0.000000
0.000968 0.000927 0.000000
0.000180 0.000300 0.000000
0.000180 0.000310 0.000000
0.000180 0.000321 0.000000
0.000180 0.000331 0.000000
0.000180 0.000341 0.000000
0.000181 0.000351 0.000000
0.000179 0.000360 0.000000
0.000181 0.000370 0.000000
0.000180 0.000380 0.000000
0.000182 0.000391 0.000000
0.000180 0.000399 0.000000
0.000182 0.000409 0.000000
0.000182 0.000420 0.000000
0.000180 0.000430 0.000000
0.000184 0.000438 0.000000
0.000182 0.000448 0.000000
0.000181 0.000464 0.000000
0.000187 0.000475 0.000000
0.000189 0.000486 0.000000
0.000185 0.000498 0.000000
0.000192 0.000498 0.000000
0.000215 0.000500 0.000000
0.000785 0.000947 0.000000
0.000858 0.000986 0.000000
0.000871 0.000985 0.000000
0.000906 0.001001 0.000000
0.000903 0.000991 0.000000
0.000918 0.001001 0.000000
0.000960 0.000959 0.000000
0.000950 0.000969 0.000000
0.000962 0.000926 0.000000
0.000190 0.000300 0.000000
0.000190 0.000310 0.000000
0.000190 0.000319 0.000000
0.000190 0.000329 0.000000
0.000190 0.000339 0.000000
0.000190 0.000349 0.000000
0.000191 0.000360 0.000000
0.000191 0.000369 0.000000
0.000191 0.000379 0.000000
0.000191 0.000390 0.000000
0.000192 0.000401 0.000000
0.000191 0.000410 0.000000
0.000192 0.000420 0.000000
0.000191 0.000430 0.000000
0.000194 0.000443 0.000000
0.000187 0.000453 0.000000
0.000197 0.000454 0.000000
0.000192 0.000465 0.000000
0.000193 0.000476 0.000000
0.000201 0.000489 0.000000
0.000198 0.000496 0.000000
0.000789 0.000932 0.000000
0.000801 0.000959 0.000000
0.000837 0.000987 0.000000
0.000845 0.000972 0.000000
0.000882 0.000994 0.000000
0.000886 0.000982 0.000000
0.000913 0.000993 0.000000
0.000936 0.000987 0.000000
0.000940 0.000977 0.000000
0.000947 0.000928 0.000000
0.000200 0.000300 0.000000
0.000200 0.000310 0.000000
0.000200 0.000321 0.000000
0.000200 0.000331 0.000000
0.000200 0.000341 0.000000
0.000201 0.000351 0.000000
0.000201 0.000360 0.000000
0.000199 0.000371 0.000000
0.000203 0.000381 0.000000
0.000198 0.000389 0.000000
0.000204 0.000399 0.000000
0.000200 0.000411 0.000000
0.000202 0.000420 0.000000
0.000203 0.000431 0.000000
0.000200 0.000437 0.000000
0.000204 0.000449 0.000000
0.000200 0.000467 0.000000
0.000210 0.000467 0.000000
0.000204 0.000477 0.000000
0.000207 0.000493 0.000000
0.000726 0.000752 0.000000
0.000778 0.000938 0.000000
0.000798 0.000950 0.000000
0.000811 0.000960 0.000000
0.000867 0.000977 0.000000
0.000878 0.000977 0.000000
0.000910 0.000981 0.000000
0.000905 0.000973 0.000000
0.000920 0.000983 0.000000
0.000932 0.000973 0.000000
0.000955 0.000928 0.000000
0.000210 0.000300 0.000000
0.000210 0.000310 0.000000
0.000210 0.000319 0.000000
0.000210 0.000329 0.000000
0.000211 0.000338 0.000000
0.000210 0.000349 0.000000
0.000211 0.000359 0.000000
0.000210 0.000370 0.000000
0.000212 0.000378 0.000000
0.000209 0.000391 0.000000
0.000211 0.000402 0.000000
0.000211 0.000411 0.000000
0.000218 0.000416 0.000000
0.000217 0.000429 0.000000
0.000210 0.000443 0.000000
0.000218 0.000451 0.000000
0.000208 0.000457 0.000000
0.000215 0.000471 0.000000
0.000212 0.000482 0.000000
0.000221 0.000484 0.000000
0.000224 0.000497 0.000000
0.000216 0.000495 0.000000
0.000782 0.000942 0.000000
0.000808 0.000949 0.000000
0.000832 0.000976 0.000000
0.000873 0.000969 0.000000
0.000896 0.000982 0.000000
0.000907 0.000969 0.000000
0.000919 0.000972 0.000000
0.000938 0.000967 0.000000
0.000969 0.000944 0.000000
0.000220 0.000300 0.000000
0.000220 0.000310 0.000000
0.000220 0.000321 0.000000
0.000220 0.000331 0.000000
0.000220 0.000342 0.000000
0.000220 0.000351 0.000000
0.000221 0.000361 0.000000
0.000221 0.000370 0.000000
0.000220 0.000381 0.000000
0.000221 0.000390 0.000000
0.000220 0.000399 0.000000
0.000224 0.000410 0.000000
0.000211 0.000425 0.000000
0.000225 0.000428 0.000000
0.000220 0.000438 0.000000
0.000222 0.000449 0.000000
0.000222 0.000462 0.000000
0.000230 0.000468 0.000000
0.000223 0.000476 0.000000
0.000238 0.000497 0.000000
0.000771 0.000926 0.000000
0.000240 0.000499 0.000000
0.000796 0.000942 0.000000
0.000810 0.000939 0.000000
0.000820 0.000967 0.000000
0.000857 0.000977 0.000000
0.000891 0.000974 0.000000
0.000897 0.000967 0.000000
0.000925 0.000964 0.000000
0.000930 0.000958 0.000000
0.000940 0.000953 0.000000
0.000230 0.000300 0.000000
0.000230 0.000310 0.000000
0.000230 0.000320 0.000000
0.000230 0.000329 0.000000
0.000231 0.000338 0.000000
0.000230 0.000348 0.000000
0.000230 0.000359 0.000000
0.000231 0.000369 0.000000
0.000232 0.000380 0.000000
0.000230 0.000390 0.000000
0.000232 0.000399 0.000000
0.000230 0.000409 0.000000
0.000231 0.000419 0.000000
0.000231 0.000433 0.000000
0.000233 0.000441 0.000000
0.000234 0.000450 0.000000
0.000232 0.000460 0.000000
0.000237 0.000472 0.000000
0.000231 0.000484 0.000000
0.000240 0.000485 0.000000
0.000231 0.000498 0.000000
0.000768 0.000919 0.000000
0.000784 0.000924 0.000000
0.000819 0.000955 0.000000
0.000834 0.000967 0.000000
0.000828 0.000959 0.000000
0.000851 0.000965 0.000000
0.000887 0.000966 0.000000
0.000900 0.000955 0.000000
0.000920 0.000948 0.000000
0.000937 0.000947 0.000000
0.000240 0.000300 0.000000
0.000240 0.000310 0.000000
0.000240 0.000320 0.000000
0.000241 0.000331 0.000000
0.000239 0.000342 0.000000
0.000241 0.000352 0.000000
0.000240 0.000360 0.000000
0.000240 0.000372 0.000000
0.000241 0.000379 0.000000
0.000241 0.000390 0.000000
0.000242 0.000401 0.000000
0.000241 0.000410 0.000000
0.000243 0.000420 0.000000
0.000240 0.000429 0.000000
0.000243 0.000438 0.000000
0.000244 0.000449 0.000000
0.000241 0.000459 0.000000
0.000247 0.000469 0.000000
0.000244 0.000479 0.000000
0.000256 0.000488 0.000000
0.000248 0.000498 0.000000
0.000778 0.000933 0.000000
0.000781 0.000915 0.000000
0.000801 0.000933 0.000000
0.000823 0.000952 0.000000
0.000844 0.000957 0.000000
0.000878 0.000964 0.000000
0.000873 0.000954 0.000000
0.000920 0.000959 0.000000
0.000915 0.000946 0.000000
0.000956 0.000935 0.000000
0.000250 0.000300 0.000000
0.000250 0.000310 0.000000
0.000250 0.000320 0.000000
0.000250 0.000329 0.000000
0.000250 0.000338 0.000000
0.000250 0.000348 0.000000
0.000250 0.000359 0.000000
0.000251 0.000369 0.000000
0.000251 0.000381 0.000000
0.000252 0.000390 0.000000
0.000250 0.000398 0.000000
0.000252 0.000410 0.000000
0.000250 0.000420 0.000000
0.000252 0.000440 0.000000
0.000253 0.000431 0.000000
0.000253 0.000452 0.000000
0.000252 0.000461 0.000000
0.000260 0.000469 0.000000
0.000253 0.000478 0.000000
0.000254 0.000498 0.000000
0.000264 0.000498 0.000000
0.000262 0.000500 0.000000
0.000775 0.000902 0.000000
0.000820 0.000933 0.000000
0.000827 0.000944 0.000000
0.000839 0.000959 0.000000
0.000850 0.000949 0.000000
0.000862 0.000967 0.000000
0.000910 0.000958 0.000000
0.000909 0.000946 0.000000
0.000932 0.000926 0.000000
0.000260 0.000300 0.000000
0.000260 0.000310 0.000000
0.000260 0.000320 0.000000
0.000260 0.000332 0.000000
0.000261 0.000342 0.000000
0.000260 0.000352 0.000000
0.000261 0.000361 0.000000
0.000261 0.000371 0.000000
0.000261 0.000379 0.000000
0.000262 0.000390 0.000000
0.000260 0.000401 0.000000
0.000263 0.000409 0.000000
0.000260 0.000419 0.000000
0.000263 0.000431 0.000000
0.000261 0.000441 0.000000
0.000267 0.000450 0.000000
0.000261 0.000456 0.000000
0.000263 0.000473 0.000000
0.000264 0.000483 0.000000
0.000274 0.000483 0.000000
0.000751 0.000861 0.000000
0.000724 0.000734 0.000000
0.000761 0.000906 0.000000
0.000796 0.000923 0.000000
0.000815 0.000941 0.000000
0.000837 0.000943 0.000000
0.000858 0.000957 0.000000
0.000864 0.000957 0.000000
0.000891 0.000956 0.000000
0.000903 0.000947 0.000000
0.000941 0.000931 0.000000
0.000270 0.000300 0.000000
0.000270 0.000310 0.000000
0.000270 0.000319 0.000000
0.000270 0.000329 0.000000
0.000270 0.000337 0.000000
0.000271 0.000348 0.000000
0.000270 0.000359 0.000000
0.000272 0.000369 0.000000
0.000270 0.000381 0.000000
0.000273 0.000389 0.000000
0.000270 0.000398 0.000000
0.000272 0.000409 0.000000
0.000270 0.000419 0.000000
0.000273 0.000440 0.000000
0.000269 0.000431 0.000000
0.000274 0.000451 0.000000
0.000271 0.000462 0.000000
0.000280 0.000466 0.000000
0.000273 0.000476 0.000000
0.000277 0.000494 0.000000
0.000271 0.000497 0.000000
0.000283 0.000497 0.000000
0.000765 0.000907 0.000000
0.000773 0.000915 0.000000
0.000808 0.000926 0.000000
0.000841 0.000944 0.000000
0.000852 0.000938 0.000000
0.000863 0.000938 0.000000
0.000871 0.000943 0.000000
0.000894 0.000944 0.000000
0.000924 0.000925 0.000000
0.000280 0.000300 0.000000
0.000280 0.000310 0.000000
0.000280 0.000321 0.000000
0.000280 0.000331 0.000000
0.000280 0.000342 0.000000
0.000281 0.000351 0.000000
0.000279 0.000361 0.000000
0.000282 0.000370 0.000000
0.000280 0.000380 0.000000
0.000282 0.000392 0.000000
0.000281 0.000401 0.000000
0.000279 0.000416 0.000000
0.000286 0.000408 0.000000
0.000280 0.000428 0.000000
0.000283 0.000437 0.000000
0.000285 0.000448 0.000000
0.000283 0.000458 0.000000
0.000283 0.000472 0.000000
0.000285 0.000483 0.000000
0.000290 0.000495 0.000000
0.000293 0.000497 0.000000
0.000733 0.000798 0.000000
0.000758 0.000892 0.000000
0.000762 0.000900 0.000000
0.000805 0.000922 0.000000
0.000840 0.000922 0.000000
0.000834 0.000935 0.000000
0.000869 0.000927 0.000000
0.000884 0.000951 0.000000
0.000890 0.000937 0.000000
0.000935 0.000938 0.000000
0.000290 0.000300 0.000000
0.000290 0.000310 0.000000
0.000290 0.000319 0.000000
0.000291 0.000328 0.000000
0.000290 0.000338 0.000000
0.000290 0.000348 0.000000
0.000292 0.000359 0.000000
0.000289 0.000370 0.000000
0.000292 0.000379 0.000000
0.000290 0.000389 0.000000
0.000292 0.000401 0.000000
0.000292 0.000416 0.000000
0.000289 0.000423 0.000000
0.000293 0.000431 0.000000
0.000291 0.000441 0.000000
0.000294 0.000453 0.000000
0.000295 0.000461 0.000000
0.000293 0.000473 0.000000
0.000302 0.000474 0.000000
0.000295 0.000483 0.000000
0.000754 0.000877 0.000000
0.000300 0.000495 0.000000
0.000738 0.000821 0.000000
0.000790 0.000910 0.000000
0.000762 0.000886 0.000000
0.000831 0.000920 0.000000
0.000861 0.000945 0.000000
0.000846 0.000929 0.000000
0.000880 0.000945 0.000000
0.000890 0.000930 0.000000
0.000920 0.000938 0.000000
0.000300 0.000300 0.000000
0.000300 0.000310 0.000000
0.000300 0.000321 0.000000
0.000299 0.000332 0.000000
0.000301 0.000342 0.000000
0.000299 0.000352 0.000000
0.000300 0.000360 0.000000
0.000301 0.000370 0.000000
0.000301 0.000381 0.000000
0.000301 0.000390 0.000000
0.000302 0.000399 0.000000
0.000301 0.000409 0.000000
0.000301 0.000418 0.000000
0.000304 0.000428 0.000000
0.000304 0.000438 0.000000
0.000300 0.000448 0.000000
0.000307 0.000458 0.000000
0.000303 0.000466 0.000000
0.000306 0.000484 0.000000
0.000308 0.000496 0.000000
0.000313 0.000496 0.000000
0.000729 0.000773 0.000000
0.000769 0.000872 0.000000
0.000758 0.000883 0.000000
0.000775 0.000894 0.000000
0.000798 0.000913 0.000000
0.000816 0.000912 0.000000
0.000860 0.000929 0.000000
0.000879 0.000935 0.000000
0.000892 0.000928 0.000000
0.000918 0.000923 0.000000
0.000310 0.000300 0.000000
0.000310 0.000310 0.000000
0.000310 0.000319 0.000000
0.000310 0.000328 0.000000
0.000310 0.000338 0.000000
0.000311 0.000348 0.000000
0.000310 0.000360 0.000000
0.000312 0.000370 0.000000
0.000310 0.000378 0.000000
0.000312 0.000389 0.000000
0.000310 0.000401 0.000000
0.000312 0.000411 0.000000
0.000312 0.000420 0.000000
0.000312 0.000433 0.000000
0.000310 0.000447 0.000000
0.000320 0.000444 0.000000
0.000319 0.000465 0.000000
0.000313 0.000472 0.000000
0.000315 0.000482 0.000000
0.000324 0.000484 0.000000
0.000318 0.000498 0.000000
0.000755 0.000869 0.000000
0.000729 0.000769 0.000000
0.000772 0.000881 0.000000
0.000795 0.000904 0.000000
0.000784 0.000901 0.000000
0.000819 0.000922 0.000000
0.000850 0.000925 0.000000
0.000836 0.000908 0.000000
0.000891 0.000920 0.000000
0.000907 0.000924 0.000000
0.000320 0.000300 0.000000
0.000320 0.000310 0.000000
0.000320 0.000321 0.000000
0.000321 0.000332 0.000000
0.000319 0.000342 0.000000
0.000321 0.000352 0.000000
0.000319 0.000360 0.000000
0.000321 0.000370 0.000000
0.000320 0.000381 0.000000
0.000322 0.000390 0.000000
0.000320 0.000399 0.000000
0.000323 0.000407 0.000000
0.000321 0.000420 0.000000
0.000327 0.000438 0.000000
0.000320 0.000431 0.000000
0.000325 0.000457 0.000000
0.000316 0.000453 0.000000
0.000330 0.000466 0.000000
0.000323 0.000474 0.000000
0.000324 0.000495 0.000000
0.000330 0.000496 0.000000
0.000719 0.000647 0.000000
0.000764 0.000864 0.000000
0.000781 0.000886 0.000000
0.000784 0.000875 0.000000
0.000786 0.000892 0.000000
0.000808 0.000909 0.000000
0.000827 0.000929 0.000000
0.000875 0.000922 0.000000
0.000883 0.000919 0.000000
0.000913 0.000918 0.000000
0.000330 0.000300 0.000000
0.000330 0.000310 0.000000
0.000331 0.000319 0.000000
0.000330 0.000329 0.000000
0.000330 0.000337 0.000000
0.000331 0.000348 0.000000
0.000331 0.000360 0.000000
0.000332 0.000370 0.000000
0.000330 0.000379 0.000000
0.000331 0.000390 0.000000
0.000332 0.000401 0.000000
0.000329 0.000413 0.000000
0.000335 0.000418 0.000000
0.000330 0.000428 0.000000
0.000334 0.000440 0.000000
0.000331 0.000450 0.000000
0.000337 0.000457 0.000000
0.000332 0.000478 0.000000
0.000342 0.000479 0.000000
0.000337 0.000495 0.000000
0.000341 0.000497 0.000000
0.000735 0.000813 0.000000
0.000757 0.000851 0.000000
0.000767 0.000855 0.000000
0.000792 0.000884 0.000000
0.000798 0.000896 0.000000
0.000808 0.000898 0.000000
0.000825 0.000913 0.000000
0.000866 0.000919 0.000000
0.000864 0.000909 0.000000
0.000907 0.000914 0.000000
0.000340 0.000300 0.000000
0.000340 0.000310 0.000000
0.000339 0.000320 0.000000
0.000340 0.000332 0.000000
0.000341 0.000342 0.000000
0.000338 0.000351 0.000000
0.000342 0.000359 0.000000
0.000339 0.000371 0.000000
0.000343 0.000380 0.000000
0.000340 0.000390 0.000000
0.000343 0.000399 0.000000
0.000339 0.000407 0.000000
0.000344 0.000421 0.000000
0.000340 0.000430 0.000000
0.000346 0.000438 0.000000
0.000343 0.000449 0.000000
0.000346 0.000460 0.000000
0.000340 0.000469 0.000000
0.000352 0.000478 0.000000
0.000343 0.000483 0.000000
0.000348 0.000498 0.000000
0.000357 0.000499 0.000000
0.000740 0.000817 0.000000
0.000777 0.000871 0.000000
0.000795 0.000872 0.000000
0.000800 0.000881 0.000000
0.000806 0.000890 0.000000
0.000816 0.000902 0.000000
0.000827 0.000904 0.000000
0.000857 0.000915 0.000000
0.000897 0.000909 0.000000
0.000350 0.000300 0.000000
0.000350 0.000310 0.000000
0.000350 0.000320 0.000000
0.000350 0.000327 0.000000
0.000350 0.000339 0.000000
0.000351 0.000349 0.000000
0.000351 0.000361 0.000000
0.000349 0.000370 0.000000
0.000353 0.000379 0.000000
0.000350 0.000391 0.000000
0.000354 0.000401 0.000000
0.000350 0.000411 0.000000
0.000353 0.000416 0.000000
0.000351 0.000430 0.000000
0.000356 0.000440 0.000000
0.000350 0.000450 0.000000
0.000359 0.000460 0.000000
0.000353 0.000467 0.000000
0.000360 0.000485 0.000000
0.000353 0.000496 0.000000
0.000364 0.000496 0.000000
0.000381 0.000497 0.000000
0.000776 0.000862 0.000000
0.000753 0.000841 0.000000
0.000757 0.000843 0.000000
0.000809 0.000879 0.000000
0.000823 0.000895 0.000000
0.000831 0.000891 0.000000
0.000845 0.000913 0.000000
0.000850 0.000906 0.000000
0.000892 0.000908 0.000000
0.000360 0.000300 0.000000
0.000360 0.000310 0.000000
0.000360 0.000320 0.000000
0.000358 0.000333 0.000000
0.000367 0.000336 0.000000
0.000357 0.000356 0.000000
0.000365 0.000358 0.000000
0.000361 0.000370 0.000000
0.000361 0.000379 0.000000
0.000360 0.000390 0.000000
0.000363 0.000399 0.000000
0.000361 0.000412 0.000000
0.000365 0.000421 0.000000
0.000359 0.000428 0.000000
0.000365 0.000436 0.000000
0.000359 0.000450 0.000000
0.000368 0.000451 0.000000
0.000360 0.000472 0.000000
0.000369 0.000475 0.000000
0.000370 0.000481 0.000000
0.000719 0.000585 0.000000
0.000731 0.000781 0.000000
0.000732 0.000792 0.000000
0.000754 0.000833 0.000000
0.000787 0.000862 0.000000
0.000797 0.000867 0.000000
0.000819 0.000876 0.000000
0.000841 0.000901 0.000000
0.000817 0.000886 0.000000
0.000858 0.000903 0.000000
0.000884 0.000908 0.000000
0.000370 0.000300 0.000000
0.000370 0.000310 0.000000
0.000370 0.000320 0.000000
0.000371 0.000328 0.000000
0.000362 0.000345 0.000000
0.000372 0.000342 0.000000
0.000373 0.000353 0.000000
0.000370 0.000370 0.000000
0.000371 0.000380 0.000000
0.000372 0.000390 0.000000
0.000371 0.000399 0.000000
0.000371 0.000409 0.000000
0.000375 0.000416 0.000000
0.000372 0.000432 0.000000
0.000375 0.000442 0.000000
0.000372 0.000455 0.000000
0.000370 0.000464 0.000000
0.000381 0.000466 0.000000
0.000389 0.000480 0.000000
0.000377 0.000492 0.000000
0.000369 0.000494 0.000000
0.000409 0.000498 0.000000
0.000729 0.000765 0.000000
0.000783 0.000853 0.000000
0.000751 0.000799 0.000000
0.000806 0.000859 0.000000
0.000827 0.000883 0.000000
0.000838 0.000880 0.000000
0.000839 0.000892 0.000000
0.000855 0.000896 0.000000
0.000873 0.000905 0.000000
0.000380 0.000300 0.000000
0.000380 0.000310 0.000000
0.000380 0.000321 0.000000
0.000380 0.000332 0.000000
0.000381 0.000344 0.000000
0.000376 0.000359 0.000000
0.000380 0.000367 0.000000
0.000386 0.000356 0.000000
0.000380 0.000379 0.000000
0.000382 0.000389 0.000000
0.000381 0.000401 0.000000
0.000383 0.000410 0.000000
0.000378 0.000423 0.000000
0.000389 0.000427 0.000000
0.000381 0.000434 0.000000
0.000384 0.000445 0.000000
0.000384 0.000455 0.000000
0.000385 0.000467 0.000000
0.000379 0.000478 0.000000
0.000386 0.000491 0.000000
0.000394 0.000494 0.000000
0.000742 0.000776 0.000000
0.000734 0.000787 0.000000
0.000743 0.000792 0.000000
0.000771 0.000842 0.000000
0.000808 0.000868 0.000000
0.000784 0.000849 0.000000
0.000829 0.000873 0.000000
0.000846 0.000888 0.000000
0.000853 0.000887 0.000000
0.000868 0.000896 0.000000
0.000390 0.000300 0.000000
0.000390 0.000310 0.000000
0.000390 0.000319 0.000000
0.000391 0.000328 0.000000
0.000389 0.000338 0.000000
0.000391 0.000347 0.000000
0.000393 0.000362 0.000000
0.000387 0.000373 0.000000
0.000394 0.000381 0.000000
0.000391 0.000390 0.000000
0.000391 0.000398 0.000000
0.000393 0.000408 0.000000
0.000391 0.000418 0.000000
0.000392 0.000436 0.000000
0.000392 0.000447 0.000000
0.000401 0.000445 0.000000
0.000400 0.000462 0.000000
0.000395 0.000471 0.000000
0.000411 0.000475 0.000000
0.000401 0.000495 0.000000
0.000404 0.000498 0.000000
0.000736 0.000760 0.000000
0.000745 0.000769 0.000000
0.000750 0.000811 0.000000
0.000750 0.000824 0.000000
0.000762 0.000830 0.000000
0.000791 0.000844 0.000000
0.000841 0.000873 0.000000
0.000826 0.000863 0.000000
0.000861 0.000884 0.000000
0.000872 0.000883 0.000000
0.000400 0.000300 0.000000
0.000400 0.000310 0.000000
0.000400 0.000321 0.000000
0.000399 0.000333 0.000000
0.000401 0.000343 0.000000
0.000397 0.000355 0.000000
0.000405 0.000362 0.000000
0.000396 0.000371 0.000000
0.000405 0.000376 0.000000
0.000401 0.000390 0.000000
0.000402 0.000401 0.000000
0.000403 0.000412 0.000000
0.000399 0.000422 0.000000
0.000408 0.000426 0.000000
0.000400 0.000434 0.000000
0.000406 0.000454 0.000000
0.000395 0.000458 0.000000
0.000411 0.000463 0.000000
0.000396 0.000483 0.000000
0.000410 0.000484 0.000000
0.000727 0.000724 0.000000
0.000743 0.000756 0.000000
0.000747 0.000784 0.000000
0.000741 0.000808 0.000000
0.000758 0.000807 0.000000
0.000769 0.000849 0.000000
0.000819 0.000867 0.000000
0.000809 0.000850 0.000000
0.000852 0.000874 0.000000
0.000867 0.000876 0.000000
0.000875 0.000873 0.000000
0.000410 0.000300 0.000000
0.000410 0.000310 0.000000
0.000410 0.000319 0.000000
0.000409 0.000329 0.000000
0.000411 0.000336 0.000000
0.000414 0.000355 0.000000
0.000407 0.000350 0.000000
0.000412 0.000369 0.000000
0.000409 0.000383 0.000000
0.000414 0.000390 0.000000
0.000411 0.000399 0.000000
0.000413 0.000407 0.000000
0.000412 0.000416 0.000000
0.000422 0.000437 0.000000
0.000409 0.000440 0.000000
0.000414 0.000449 0.000000
0.000419 0.000469 0.000000
0.000404 0.000475 0.000000
0.000419 0.000478 0.000000
0.000421 0.000494 0.000000
0.000416 0.000497 0.000000
0.000431 0.000500 0.000000
0.000756 0.000775 0.000000
0.000759 0.000798 0.000000
0.000769 0.000822 0.000000
0.000758 0.000820 0.000000
0.000772 0.000832 0.000000
0.000801 0.000847 0.000000
0.000846 0.000865 0.000000
0.000860 0.000873 0.000000
0.000875 0.000865 0.000000
0.000420 0.000300 0.000000
0.000420 0.000310 0.000000
0.000419 0.000321 0.000000
0.000421 0.000332 0.000000
0.000416 0.000344 0.000000
0.000430 0.000345 0.000000
0.000419 0.000366 0.000000
0.000426 0.000372 0.000000
0.000419 0.000379 0.000000
0.000423 0.000388 0.000000
0.000422 0.000401 0.000000
0.000423 0.000418 0.000000
0.000425 0.000410 0.000000
0.000415 0.000431 0.000000
0.000422 0.000427 0.000000
0.000423 0.000449 0.000000
0.000421 0.000455 0.000000
0.000427 0.000462 0.000000
0.000427 0.000479 0.000000
0.000437 0.000499 0.000000
0.000427 0.000495 0.000000
0.000723 0.000714 0.000000
0.000761 0.000764 0.000000
0.000757 0.000787 0.000000
0.000765 0.000813 0.000000
0.000776 0.000813 0.000000
0.000779 0.000836 0.000000
0.000796 0.000856 0.000000
0.000838 0.000862 0.000000
0.000838 0.000857 0.000000
0.000872 0.000860 0.000000
0.000430 0.000300 0.000000
0.000430 0.000310 0.000000
0.000430 0.000320 0.000000
0.000430 0.000328 0.000000
0.000428 0.000339 0.000000
0.000424 0.000351 0.000000
0.000435 0.000368 0.000000
0.000428 0.000359 0.000000
0.000433 0.000381 0.000000
0.000430 0.000392 0.000000
0.000433 0.000400 0.000000
0.000433 0.000414 0.000000
0.000432 0.000427 0.000000
0.000435 0.000436 0.000000
0.000430 0.000443 0.000000
0.000438 0.000455 0.000000
0.000438 0.000462 0.000000
0.000433 0.000471 0.000000
0.000438 0.000478 0.000000
0.000436 0.000484 0.000000
0.000444 0.000496 0.000000
0.000735 0.000726 0.000000
0.000740 0.000750 0.000000
0.000774 0.000788 0.000000
0.000771 0.000802 0.000000
0.000786 0.000826 0.000000
0.000794 0.000817 0.000000
0.000786 0.000834 0.000000
0.000800 0.000837 0.000000
0.000833 0.000850 0.000000
0.000869 0.000853 0.000000
0.000440 0.000300 0.000000
0.000440 0.000310 0.000000
0.000440 0.000320 0.000000
0.000440 0.000331 0.000000
0.000440 0.000341 0.000000
0.000441 0.000352 0.000000
0.000437 0.000359 0.000000
0.000448 0.000364 0.000000
0.000449 0.000378 0.000000
0.000439 0.000387 0.000000
0.000444 0.000398 0.000000
0.000441 0.000406 0.000000
0.000442 0.000416 0.000000
0.000443 0.000425 0.000000
0.000443 0.000435 0.000000
0.000449 0.000445 0.000000
0.000439 0.000449 0.000000
0.000447 0.000468 0.000000
0.000447 0.000484 0.000000
0.000464 0.000483 0.000000
0.000446 0.000499 0.000000
0.000466 0.000501 0.000000
0.000721 0.000681 0.000000
0.000761 0.000788 0.000000
0.000773 0.000798 0.000000
0.000783 0.000818 0.000000
0.000787 0.000811 0.000000
0.000816 0.000857 0.000000
0.000812 0.000823 0.000000
0.000830 0.000840 0.000000
0.000866 0.000848 0.000000
0.000450 0.000300 0.000000
0.000450 0.000310 0.000000
0.000450 0.000320 0.000000
0.000451 0.000330 0.000000
0.000450 0.000337 0.000000
0.000448 0.000350 0.000000
0.000454 0.000356 0.000000
0.000440 0.000374 0.000000
0.000460 0.000378 0.000000
0.000449 0.000391 0.000000
0.000452 0.000411 0.000000
0.000456 0.000399 0.000000
0.000452 0.000421 0.000000
0.000453 0.000432 0.000000
0.000450 0.000456 0.000000
0.000456 0.000441 0.000000
0.000456 0.000463 0.000000
0.000462 0.000470 0.000000
0.000453 0.000475 0.000000
0.000460 0.000497 0.000000
0.000454 0.000497 0.000000
0.000719 0.000568 0.000000
0.000752 0.000764 0.000000
0.000768 0.000767 0.000000
0.000774 0.000778 0.000000
0.000783 0.000803 0.000000
0.000807 0.000832 0.000000
0.000797 0.000829 0.000000
0.000813 0.000839 0.000000
0.000827 0.000849 0.000000
0.000856 0.000863 0.000000
0.000460 0.000300 0.000000
0.000460 0.000310 0.000000
0.000460 0.000320 0.000000
0.000460 0.000331 0.000000
0.000458 0.000343 0.000000
0.000468 0.000348 0.000000
0.000453 0.000370 0.000000
0.000463 0.000363 0.000000
0.000456 0.000386 0.000000
0.000465 0.000390 0.000000
0.000467 0.000399 0.000000
0.000462 0.000419 0.000000
0.000460 0.000408 0.000000
0.000463 0.000428 0.000000
0.000464 0.000439 0.000000
0.000469 0.000449 0.000000
0.000459 0.000452 0.000000
0.000470 0.000477 0.000000
0.000456 0.000482 0.000000
0.000473 0.000486 0.000000
0.000469 0.000497 0.000000
0.000719 0.000568 0.000000
0.000722 0.000689 0.000000
0.000744 0.000740 0.000000
0.000784 0.000792 0.000000
0.000794 0.000801 0.000000
0.000801 0.000808 0.000000
0.000809 0.000812 0.000000
0.000820 0.000845 0.000000
0.000831 0.000834 0.000000
0.000863 0.000840 0.000000
0.000470 0.000300 0.000000
0.000470 0.000310 0.000000
0.000470 0.000320 0.000000
0.000470 0.000329 0.000000
0.000470 0.000339 0.000000
0.000465 0.000352 0.000000
0.000474 0.000360 0.000000
0.000471 0.000382 0.000000
0.000468 0.000370 0.000000
0.000482 0.000383 0.000000
0.000470 0.000409 0.000000
0.000478 0.000412 0.000000
0.000472 0.000420 0.000000
0.000472 0.000431 0.000000
0.000476 0.000442 0.000000
0.000468 0.000462 0.000000
0.000473 0.000454 0.000000
0.000481 0.000459 0.000000
0.000490 0.000476 0.000000
0.000482 0.000495 0.000000
0.000477 0.000500 0.000000
0.000486 0.000499 0.000000
0.000723 0.000708 0.000000
0.000738 0.000716 0.000000
0.000766 0.000777 0.000000
0.000782 0.000783 0.000000
0.000818 0.000813 0.000000
0.000803 0.000820 0.000000
0.000819 0.000831 0.000000
0.000833 0.000829 0.000000
0.000856 0.000851 0.000000
0.000480 0.000300 0.000000
0.000480 0.000310 0.000000
0.000480 0.000320 0.000000
0.000480 0.000332 0.000000
0.000482 0.000340 0.000000
0.000479 0.000349 0.000000
0.000484 0.000356 0.000000
0.000474 0.000371 0.000000
0.000484 0.000373 0.000000
0.000475 0.000390 0.000000
0.000493 0.000401 0.000000
0.000477 0.000402 0.000000
0.000484 0.000420 0.000000
0.000482 0.000429 0.000000
0.000485 0.000438 0.000000
0.000486 0.000447 0.000000
0.000486 0.000472 0.000000
0.000476 0.000468 0.000000
0.000480 0.000478 0.000000
0.000493 0.000498 0.000000
0.000491 0.000485 0.000000
0.000722 0.000689 0.000000
0.000734 0.000697 0.000000
0.000723 0.000703 0.000000
0.000738 0.000737 0.000000
0.000797 0.000795 0.000000
0.000792 0.000782 0.000000
0.000804 0.000798 0.000000
0.000824 0.000821 0.000000
0.000836 0.000824 0.000000
0.000855 0.000841 0.000000
0.000490 0.000300 0.000000
0.000490 0.000310 0.000000
0.000490 0.000320 0.000000
0.000490 0.000328 0.000000
0.000491 0.000341 0.000000
0.000491 0.000352 0.000000
0.000488 0.000364 0.000000
0.000493 0.000373 0.000000
0.000492 0.000383 0.000000
0.000484 0.000395 0.000000
0.000493 0.000392 0.000000
0.000490 0.000410 0.000000
0.000501 0.000417 0.000000
0.000493 0.000428 0.000000
0.000495 0.000441 0.000000
0.000495 0.000457 0.000000
0.000491 0.000456 0.000000
0.000506 0.000458 0.000000
0.000502 0.000475 0.000000
0.000498 0.000494 0.000000
0.000719 0.000532 0.000000
0.000723 0.000697 0.000000
0.000737 0.000686 0.000000
0.000733 0.000733 0.000000
0.000751 0.000751 0.000000
0.000760 0.000755 0.000000
0.000783 0.000773 0.000000
0.000826 0.000801 0.000000
0.000817 0.000804 0.000000
0.000841 0.000818 0.000000
0.000860 0.000832 0.000000
0.000500 0.000300 0.000000
0.000500 0.000310 0.000000
0.000500 0.000320 0.000000
0.000501 0.000331 0.000000
0.000499 0.000339 0.000000
0.000501 0.000349 0.000000
0.000507 0.000358 0.000000
0.000507 0.000370 0.000000
0.000502 0.000375 0.000000
0.000511 0.000395 0.000000
0.000505 0.000405 0.000000
0.000492 0.000414 0.000000
0.000510 0.000413 0.000000
0.000500 0.000431 0.000000
0.000507 0.000438 0.000000
0.000503 0.000448 0.000000
0.000497 0.000466 0.000000
0.000511 0.000467 0.000000
0.000510 0.000492 0.000000
0.000504 0.000481 0.000000
0.000504 0.000496 0.000000
0.000515 0.000495 0.000000
0.000743 0.000693 0.000000
0.000735 0.000710 0.000000
0.000743 0.000721 0.000000
0.000752 0.000729 0.000000
0.000813 0.000793 0.000000
0.000779 0.000763 0.000000
0.000829 0.000815 0.000000
0.000846 0.000815 0.000000
0.000853 0.000833 0.000000
0.000510 0.000300 0.000000
0.000510 0.000310 0.000000
0.000510 0.000319 0.000000
0.000511 0.000330 0.000000
0.000511 0.000339 0.000000
0.000509 0.000352 0.000000
0.000498 0.000362 0.000000
0.000517 0.000367 0.000000
0.000504 0.000385 0.000000
0.000516 0.000385 0.000000
0.000503 0.000395 0.000000
0.000515 0.000408 0.000000
0.000506 0.000426 0.000000
0.000517 0.000429 0.000000
0.000518 0.000440 0.000000
0.000511 0.000447 0.000000
0.000517 0.000462 0.000000
0.000512 0.000477 0.000000
0.000522 0.000472 0.000000
0.000521 0.000483 0.000000
0.000533 0.000498 0.000000
0.000733 0.000676 0.000000
0.000744 0.000703 0.000000
0.000748 0.000682 0.000000
0.000753 0.000737 0.000000
0.000759 0.000745 0.000000
0.000769 0.000751 0.000000
0.000796 0.000772 0.000000
0.000817 0.000787 0.000000
0.000846 0.000806 0.000000
0.000856 0.000822 0.000000
0.000520 0.000300 0.000000
0.000520 0.000310 0.000000
0.000518 0.000321 0.000000
0.000530 0.000327 0.000000
0.000527 0.000345 0.000000
0.000518 0.000346 0.000000
0.000520 0.000356 0.000000
0.000524 0.000375 0.000000
0.000515 0.000378 0.000000
0.000523 0.000390 0.000000
0.000521 0.000401 0.000000
0.000528 0.000412 0.000000
0.000516 0.000420 0.000000
0.000536 0.000438 0.000000
0.000520 0.000451 0.000000
0.000536 0.000450 0.000000
0.000529 0.000448 0.000000
0.000534 0.000472 0.000000
0.000522 0.000496 0.000000
0.000529 0.000485 0.000000
0.000529 0.000496 0.000000
0.000720 0.000671 0.000000
0.000740 0.000675 0.000000
0.000752 0.000715 0.000000
0.000765 0.000720 0.000000
0.000758 0.000723 0.000000
0.000770 0.000742 0.000000
0.000802 0.000787 0.000000
0.000790 0.000766 0.000000
0.000838 0.000804 0.000000
0.000857 0.000813 0.000000
0.000530 0.000300 0.000000
0.000530 0.000310 0.000000
0.000528 0.000319 0.000000
0.000520 0.000333 0.000000
0.000530 0.000337 0.000000
0.000532 0.000352 0.000000
0.000527 0.000362 0.000000
0.000532 0.000369 0.000000
0.000533 0.000379 0.000000
0.000531 0.000389 0.000000
0.000529 0.000400 0.000000
0.000536 0.000409 0.000000
0.000527 0.000421 0.000000
0.000529 0.000428 0.000000
0.000526 0.000437 0.000000
0.000547 0.000441 0.000000
0.000539 0.000460 0.000000
0.000532 0.000468 0.000000
0.000538 0.000483 0.000000
0.000547 0.000484 0.000000
0.000539 0.000498 0.000000
0.000720 0.000669 0.000000
0.000754 0.000700 0.000000
0.000755 0.000708 0.000000
0.000765 0.000698 0.000000
0.000762 0.000733 0.000000
0.000791 0.000741 0.000000
0.000777 0.000757 0.000000
0.000832 0.000801 0.000000
0.000819 0.000780 0.000000
0.000855 0.000803 0.000000
0.000540 0.000300 0.000000
0.000540 0.000310 0.000000
0.000541 0.000320 0.000000
0.000539 0.000330 0.000000
0.000549 0.000340 0.000000
0.000543 0.000351 0.000000
0.000539 0.000361 0.000000
0.000553 0.000372 0.000000
0.000540 0.000389 0.000000
0.000545 0.000380 0.000000
0.000541 0.000400 0.000000
0.000544 0.000412 0.000000
0.000548 0.000427 0.000000
0.000538 0.000421 0.000000
0.000544 0.000430 0.000000
0.000527 0.000459 0.000000
0.000550 0.000457 0.000000
0.000548 0.000466 0.000000
0.000545 0.000475 0.000000
0.000551 0.000498 0.000000
0.000546 0.000499 0.000000
0.000557 0.000499 0.000000
0.000720 0.000667 0.000000
0.000753 0.000692 0.000000
0.000779 0.000727 0.000000
0.000776 0.000721 0.000000
0.000771 0.000734 0.000000
0.000789 0.000756 0.000000
0.000804 0.000746 0.000000
0.000823 0.000792 0.000000
0.000852 0.000795 0.000000
0.000550 0.000300 0.000000
0.000550 0.000310 0.000000
0.000550 0.000320 0.000000
0.000548 0.000332 0.000000
0.000540 0.000342 0.000000
0.000555 0.000349 0.000000
0.000548 0.000358 0.000000
0.000543 0.000371 0.000000
0.000556 0.000383 0.000000
0.000548 0.000391 0.000000
0.000553 0.000399 0.000000
0.000552 0.000408 0.000000
0.000553 0.000418 0.000000
0.000556 0.000435 0.000000
0.000544 0.000448 0.000000
0.000557 0.000447 0.000000
0.000563 0.000454 0.000000
0.000561 0.000472 0.000000
0.000554 0.000486 0.000000
0.000561 0.000481 0.000000
0.000563 0.000496 0.000000
0.000728 0.000661 0.000000
0.000719 0.000632 0.000000
0.000765 0.000709 0.000000
0.000768 0.000690 0.000000
0.000774 0.000711 0.000000
0.000781 0.000748 0.000000
0.000781 0.000737 0.000000
0.000802 0.000776 0.000000
0.000816 0.000770 0.000000
0.000851 0.000784 0.000000
0.000560 0.000300 0.000000
0.000560 0.000310 0.000000
0.000560 0.000321 0.000000
0.000562 0.000339 0.000000
0.000558 0.000330 0.000000
0.000566 0.000346 0.000000
0.000570 0.000362 0.000000
0.000556 0.000364 0.000000
0.000563 0.000373 0.000000
0.000561 0.000394 0.000000
0.000572 0.000394 0.000000
0.000561 0.000409 0.000000
0.000565 0.000419 0.000000
0.000561 0.000426 0.000000
0.000565 0.000434 0.000000
0.000564 0.000449 0.000000
0.000555 0.000467 0.000000
0.000567 0.000466 0.000000
0.000572 0.000478 0.000000
0.000566 0.000496 0.000000
0.000731 0.000582 0.000000
0.000574 0.000494 0.000000
0.000719 0.000551 0.000000
0.000758 0.000683 0.000000
0.000783 0.000709 0.000000
0.000790 0.000728 0.000000
0.000796 0.000731 0.000000
0.000795 0.000749 0.000000
0.000804 0.000766 0.000000
0.000814 0.000776 0.000000
0.000849 0.000776 0.000000
0.000570 0.000300 0.000000
0.000570 0.000310 0.000000
0.000570 0.000319 0.000000
0.000569 0.000328 0.000000
0.000573 0.000340 0.000000
0.000562 0.000358 0.000000
0.000571 0.000353 0.000000
0.000571 0.000378 0.000000
0.000577 0.000384 0.000000
0.000565 0.000386 0.000000
0.000567 0.000403 0.000000
0.000573 0.000413 0.000000
0.000581 0.000416 0.000000
0.000575 0.000435 0.000000
0.000574 0.000441 0.000000
0.000573 0.000454 0.000000
0.000582 0.000462 0.000000
0.000576 0.000466 0.000000
0.000588 0.000495 0.000000
0.000574 0.000483 0.000000
0.000580 0.000496 0.000000
0.000719 0.000607 0.000000
0.000719 0.000628 0.000000
0.000737 0.000662 0.000000
0.000776 0.000701 0.000000
0.000789 0.000702 0.000000
0.000787 0.000719 0.000000
0.000800 0.000756 0.000000
0.000811 0.000740 0.000000
0.000818 0.000762 0.000000
0.000843 0.000791 0.000000
0.000580 0.000300 0.000000
0.000580 0.000310 0.000000
0.000581 0.000321 0.000000
0.000578 0.000330 0.000000
0.000584 0.000338 0.000000
0.000581 0.000352 0.000000
0.000582 0.000363 0.000000
0.000575 0.000369 0.000000
0.000585 0.000374 0.000000
0.000582 0.000395 0.000000
0.000588 0.000404 0.000000
0.000578 0.000403 0.000000
0.000575 0.000425 0.000000
0.000585 0.000423 0.000000
0.000586 0.000436 0.000000
0.000583 0.000446 0.000000
0.000585 0.000454 0.000000
0.000583 0.000474 0.000000
0.000591 0.000474 0.000000
0.000587 0.000484 0.000000
0.000590 0.000497 0.000000
0.000719 0.000551 0.000000
0.000729 0.000603 0.000000
0.000726 0.000636 0.000000
0.000745 0.000670 0.000000
0.000793 0.000710 0.000000
0.000805 0.000734 0.000000
0.000801 0.000723 0.000000
0.000810 0.000757 0.000000
0.000824 0.000756 0.000000
0.000829 0.000764 0.000000
0.000590 0.000300 0.000000
0.000590 0.000310 0.000000
0.000590 0.000319 0.000000
0.000591 0.000330 0.000000
0.000587 0.000343 0.000000
0.000592 0.000350 0.000000
0.000590 0.000359 0.000000
0.000594 0.000369 0.000000
0.000593 0.000387 0.000000
0.000586 0.000383 0.000000
0.000594 0.000397 0.000000
0.000590 0.000412 0.000000
0.000594 0.000427 0.000000
0.000599 0.000419 0.000000
0.000593 0.000445 0.000000
0.000604 0.000443 0.000000
0.000594 0.000463 0.000000
0.000600 0.000471 0.000000
0.000597 0.000482 0.000000
0.000603 0.000494 0.000000
0.000597 0.000496 0.000000
0.000719 0.000552 0.000000
0.000719 0.000611 0.000000
0.000732 0.000639 0.000000
0.000762 0.000678 0.000000
0.000777 0.000693 0.000000
0.000815 0.000717 0.000000
0.000815 0.000749 0.000000
0.000810 0.000728 0.000000
0.000829 0.000751 0.000000
0.000843 0.000782 0.000000
0.000600 0.000300 0.000000
0.000601 0.000310 0.000000
0.000599 0.000320 0.000000
0.000601 0.000331 0.000000
0.000598 0.000340 0.000000
0.000607 0.000348 0.000000
0.000600 0.000360 0.000000
0.000597 0.000377 0.000000
0.000605 0.000374 0.000000
0.000603 0.000388 0.000000
0.000603 0.000399 0.000000
0.000601 0.000409 0.000000
0.000610 0.000420 0.000000
0.000596 0.000433 0.000000
0.000613 0.000435 0.000000
0.000598 0.000453 0.000000
0.000605 0.000454 0.000000
0.000606 0.000468 0.000000
0.000607 0.000479 0.000000
0.000608 0.000491 0.000000
0.000629 0.000495 0.000000
0.000733 0.000603 0.000000
0.000721 0.000616 0.000000
0.000719 0.000622 0.000000
0.000734 0.000655 0.000000
0.000748 0.000656 0.000000
0.000803 0.000712 0.000000
0.000821 0.000730 0.000000
0.000822 0.000741 0.000000
0.000834 0.000746 0.000000
0.000849 0.000768 0.000000
0.000610 0.000300 0.000000
0.000610 0.000310 0.000000
0.000611 0.000320 0.000000
0.000610 0.000329 0.000000
0.000609 0.000340 0.000000
0.000607 0.000355 0.000000
0.000622 0.000368 0.000000
0.000610 0.000364 0.000000
0.000613 0.000381 0.000000
0.000613 0.000400 0.000000
0.000613 0.000391 0.000000
0.000609 0.000411 0.000000
0.000616 0.000425 0.000000
0.000605 0.000432 0.000000
0.000630 0.000440 0.000000
0.000623 0.000456 0.000000
0.000614 0.000460 0.000000
0.000618 0.000475 0.000000
0.000618 0.000477 0.000000
0.000621 0.000494 0.000000
0.000613 0.000495 0.000000
0.000734 0.000569 0.000000
0.000721 0.000559 0.000000
0.000738 0.000625 0.000000
0.000740 0.000635 0.000000
0.000733 0.000647 0.000000
0.000770 0.000680 0.000000
0.000779 0.000683 0.000000
0.000828 0.000728 0.000000
0.000836 0.000744 0.000000
0.000841 0.000769 0.000000
0.000620 0.000300 0.000000
0.000620 0.000310 0.000000
0.000620 0.000320 0.000000
0.000620 0.000330 0.000000
0.000625 0.000347 0.000000
0.000619 0.000343 0.000000
0.000617 0.000355 0.000000
0.000615 0.000373 0.000000
0.000629 0.000382 0.000000
0.000621 0.000388 0.000000
0.000623 0.000400 0.000000
0.000638 0.000416 0.000000
0.000618 0.000410 0.000000
0.000624 0.000432 0.000000
0.000612 0.000448 0.000000
0.000620 0.000441 0.000000
0.000625 0.000453 0.000000
0.000623 0.000467 0.000000
0.000628 0.000479 0.000000
0.000637 0.000481 0.000000
0.000624 0.000494 0.000000
0.000677 0.000500 0.000000
0.000735 0.000615 0.000000
0.000744 0.000612 0.000000
0.000751 0.000647 0.000000
0.000753 0.000668 0.000000
0.000756 0.000663 0.000000
0.000821 0.000722 0.000000
0.000798 0.000695 0.000000
0.000844 0.000742 0.000000
0.000848 0.000759 0.000000
0.000630 0.000300 0.000000
0.000630 0.000310 0.000000
0.000630 0.000320 0.000000
0.000631 0.000331 0.000000
0.000629 0.000337 0.000000
0.000632 0.000354 0.000000
0.000636 0.000367 0.000000
0.000626 0.000362 0.000000
0.000629 0.000375 0.000000
0.000631 0.000394 0.000000
0.000640 0.000401 0.000000
0.000630 0.000414 0.000000
0.000625 0.000420 0.000000
0.000637 0.000447 0.000000
0.000634 0.000426 0.000000
0.000648 0.000441 0.000000
0.000642 0.000462 0.000000
0.000635 0.000471 0.000000
0.000642 0.000492 0.000000
0.000636 0.000495 0.000000
0.000647 0.000496 0.000000
0.000734 0.000562 0.000000
0.000732 0.000585 0.000000
0.000741 0.000624 0.000000
0.000749 0.000632 0.000000
0.000760 0.000653 0.000000
0.000743 0.000648 0.000000
0.000787 0.000691 0.000000
0.000802 0.000701 0.000000
0.000852 0.000735 0.000000
0.000851 0.000751 0.000000
0.000640 0.000300 0.000000
0.000640 0.000310 0.000000
0.000640 0.000320 0.000000
0.000641 0.000329 0.000000
0.000645 0.000346 0.000000
0.000637 0.000344 0.000000
0.000640 0.000355 0.000000
0.000642 0.000378 0.000000
0.000651 0.000384 0.000000
0.000637 0.000386 0.000000
0.000650 0.000400 0.000000
0.000632 0.000405 0.000000
0.000649 0.000422 0.000000
0.000643 0.000429 0.000000
0.000637 0.000437 0.000000
0.000634 0.000458 0.000000
0.000646 0.000456 0.000000
0.000652 0.000468 0.000000
0.000642 0.000474 0.000000
0.000650 0.000482 0.000000
0.000653 0.000498 0.000000
0.000728 0.000545 0.000000
0.000743 0.000599 0.000000
0.000752 0.000619 0.000000
0.000751 0.000596 0.000000
0.000759 0.000634 0.000000
0.000777 0.000658 0.000000
0.000776 0.000670 0.000000
0.000834 0.000731 0.000000
0.000842 0.000730 0.000000
0.000857 0.000743 0.000000
0.000650 0.000300 0.000000
0.000650 0.000310 0.000000
0.000650 0.000320 0.000000
0.000652 0.000333 0.000000
0.000646 0.000337 0.000000
0.000653 0.000350 0.000000
0.000647 0.000363 0.000000
0.000655 0.000374 0.000000
0.000648 0.000369 0.000000
0.000645 0.000391 0.000000
0.000659 0.000406 0.000000
0.000647 0.000409 0.000000
0.000653 0.000415 0.000000
0.000653 0.000431 0.000000
0.000659 0.000444 0.000000
0.000650 0.000450 0.000000
0.000659 0.000457 0.000000
0.000659 0.000476 0.000000
0.000659 0.000483 0.000000
0.000670 0.000486 0.000000
0.000657 0.000498 0.000000
0.000736 0.000551 0.000000
0.000742 0.000587 0.000000
0.000732 0.000592 0.000000
0.000756 0.000640 0.000000
0.000767 0.000642 0.000000
0.000769 0.000658 0.000000
0.000766 0.000667 0.000000
0.000783 0.000668 0.000000
0.000816 0.000711 0.000000
0.000860 0.000733 0.000000
0.000660 0.000300 0.000000
0.000660 0.000310 0.000000
0.000660 0.000320 0.000000
0.000660 0.000328 0.000000
0.000661 0.000339 0.000000
0.000660 0.000349 0.000000
0.000658 0.000360 0.000000
0.000665 0.000364 0.000000
0.000658 0.000394 0.000000
0.000669 0.000392 0.000000
0.000661 0.000385 0.000000
0.000668 0.000411 0.000000
0.000661 0.000421 0.000000
0.000667 0.000429 0.000000
0.000660 0.000437 0.000000
0.000668 0.000450 0.000000
0.000667 0.000462 0.000000
0.000661 0.000466 0.000000
0.000680 0.000482 0.000000
0.000681 0.000495 0.000000
0.000719 0.000514 0.000000
0.000663 0.000498 0.000000
0.000741 0.000572 0.000000
0.000759 0.000614 0.000000
0.000767 0.000618 0.000000
0.000760 0.000626 0.000000
0.000773 0.000646 0.000000
0.000788 0.000661 0.000000
0.000808 0.000707 0.000000
0.000805 0.000687 0.000000
0.000858 0.000726 0.000000
0.000670 0.000300 0.000000
0.000670 0.000310 0.000000
0.000671 0.000320 0.000000
0.000670 0.000331 0.000000
0.000672 0.000341 0.000000
0.000669 0.000351 0.000000
0.000673 0.000359 0.000000
0.000669 0.000374 0.000000
0.000665 0.000377 0.000000
0.000680 0.000377 0.000000
0.000668 0.000401 0.000000
0.000676 0.000408 0.000000
0.000671 0.000421 0.000000
0.000677 0.000430 0.000000
0.000672 0.000439 0.000000
0.000678 0.000449 0.000000
0.000676 0.000458 0.000000
0.000678 0.000469 0.000000
0.000670 0.000477 0.000000
0.000668 0.000494 0.000000
0.000687 0.000495 0.000000
0.000719 0.000510 0.000000
0.000755 0.000579 0.000000
0.000748 0.000583 0.000000
0.000760 0.000592 0.000000
0.000776 0.000628 0.000000
0.000776 0.000637 0.000000
0.000780 0.000649 0.000000
0.000787 0.000678 0.000000
0.000796 0.000687 0.000000
0.000853 0.000722 0.000000
0.000680 0.000300 0.000000
0.000680 0.000310 0.000000
0.000680 0.000320 0.000000
0.000681 0.000330 0.000000
0.000681 0.000339 0.000000
0.000681 0.000350 0.000000
0.000678 0.000368 0.000000
0.000683 0.000361 0.000000
0.000677 0.000389 0.000000
0.000688 0.000391 0.000000
0.000681 0.000398 0.000000
0.000690 0.000414 0.000000
0.000679 0.000417 0.000000
0.000688 0.000432 0.000000
0.000683 0.000440 0.000000
0.000687 0.000450 0.000000
0.000687 0.000462 0.000000
0.000682 0.000472 0.000000
0.000691 0.000475 0.000000
0.000690 0.000484 0.000000
0.000692 0.000500 0.000000
0.000703 0.000499 0.000000
0.000744 0.000564 0.000000
0.000749 0.000606 0.000000
0.000760 0.000603 0.000000
0.000770 0.000609 0.000000
0.000790 0.000646 0.000000
0.000796 0.000656 0.000000
0.000796 0.000668 0.000000
0.000796 0.000677 0.000000
0.000846 0.000723 0.000000
0.000690 0.000300 0.000000
0.000690 0.000310 0.000000
0.000690 0.000320 0.000000
0.000691 0.000329 0.000000
0.000690 0.000342 0.000000
0.000691 0.000352 0.000000
0.000693 0.000360 0.000000
0.000691 0.000372 0.000000
0.000698 0.000383 0.000000
0.000686 0.000384 0.000000
0.000694 0.000401 0.000000
0.000687 0.000407 0.000000
0.000699 0.000422 0.000000
0.000689 0.000425 0.000000
0.000696 0.000435 0.000000
0.000700 0.000457 0.000000
0.000694 0.000456 0.000000
0.000698 0.000471 0.000000
0.000700 0.000480 0.000000
0.000699 0.000494 0.000000
0.000724 0.000518 0.000000
0.000726 0.000525 0.000000
0.000734 0.000533 0.000000
0.000740 0.000549 0.000000
0.000767 0.000597 0.000000
0.000773 0.000589 0.000000
0.000786 0.000630 0.000000
0.000792 0.000641 0.000000
0.000808 0.000667 0.000000
0.000807 0.000677 0.000000
0.000815 0.000683 0.000000
0.000700 0.000300 0.000000
0.000700 0.000310 0.000000
0.000701 0.000320 0.000000
0.000699 0.000332 0.000000
0.000702 0.000338 0.000000
0.000700 0.000348 0.000000
0.000702 0.000358 0.000000
0.000697 0.000372 0.000000
0.000704 0.000373 0.000000
0.000700 0.000395 0.000000
0.000709 0.000397 0.000000
0.000699 0.000410 0.000000
0.000706 0.000415 0.000000
0.000704 0.000440 0.000000
0.000712 0.000435 0.000000
0.000697 0.000446 0.000000
0.000711 0.000457 0.000000
0.000706 0.000467 0.000000
0.000721 0.000479 0.000000
0.000709 0.000496 0.000000
0.000710 0.000484 0.000000
0.000716 0.000499 0.000000
0.000738 0.000518 0.000000
0.000749 0.000552 0.000000
0.000773 0.000625 0.000000
0.000778 0.000608 0.000000
0.000784 0.000615 0.000000
0.000800 0.000647 0.000000
0.000804 0.000660 0.000000
0.000818 0.000673 0.000000
0.000822 0.000679 0.000000
0.000710 0.000300 0.000000
0.000710 0.000310 0.000000
0.000710 0.000319 0.000000
0.000710 0.000329 0.000000
0.000712 0.000340 0.000000
0.000710 0.000353 0.000000
0.000712 0.000363 0.000000
0.000712 0.000372 0.000000
0.000713 0.000383 0.000000
0.000707 0.000389 0.000000
0.000720 0.000399 0.000000
0.000716 0.000415 0.000000
0.000716 0.000424 0.000000
0.000707 0.000427 0.000000
0.000721 0.000444 0.000000
0.000719 0.000453 0.000000
0.000723 0.000461 0.000000
0.000710 0.000476 0.000000
0.000728 0.000473 0.000000
0.000727 0.000500 0.000000
0.000731 0.000499 0.000000
0.000736 0.000528 0.000000
0.000749 0.000541 0.000000
0.000753 0.000572 0.000000
0.000754 0.000557 0.000000
0.000764 0.000583 0.000000
0.000795 0.000614 0.000000
0.000797 0.000635 0.000000
0.000803 0.000630 0.000000
0.000819 0.000664 0.000000
0.000830 0.000671 0.000000
0.000720 0.000300 0.000000
0.000720 0.000310 0.000000
0.000719 0.000321 0.000000
0.000721 0.000330 0.000000
0.000722 0.000340 0.000000
0.000718 0.000348 0.000000
0.000731 0.000362 0.000000
0.000723 0.000368 0.000000
0.000721 0.000379 0.000000
0.000722 0.000389 0.000000
0.000711 0.000406 0.000000
0.000725 0.000406 0.000000
0.000726 0.000415 0.000000
0.000722 0.000432 0.000000
0.000730 0.000438 0.000000
0.000710 0.000447 0.000000
0.000732 0.000458 0.000000
0.000718 0.000468 0.000000
0.000729 0.000487 0.000000
0.000719 0.000490 0.000000
0.000739 0.000492 0.000000
0.000734 0.000512 0.000000
0.000749 0.000519 0.000000
0.000740 0.000537 0.000000
0.000786 0.000603 0.000000
0.000767 0.000573 0.000000
0.000788 0.000622 0.000000
0.000808 0.000616 0.000000
0.000812 0.000652 0.000000
0.000821 0.000656 0.000000
0.000835 0.000665 0.000000
0.000730 0.000300 0.000000
0.000730 0.000310 0.000000
0.000730 0.000319 0.000000
0.000731 0.000329 0.000000
0.000731 0.000342 0.000000
0.000731 0.000352 0.000000
0.000721 0.000358 0.000000
0.000733 0.000370 0.000000
0.000731 0.000379 0.000000
0.000732 0.000390 0.000000
0.000732 0.000398 0.000000
0.000736 0.000408 0.000000
0.000728 0.000424 0.000000
0.000736 0.000430 0.000000
0.000738 0.000442 0.000000
0.000731 0.000448 0.000000
0.000735 0.000470 0.000000
0.000742 0.000464 0.000000
0.000735 0.000481 0.000000
0.000748 0.000493 0.000000
0.000744 0.000508 0.000000
0.000755 0.000526 0.000000
0.000751 0.000531 0.000000
0.000760 0.000538 0.000000
0.000758 0.000564 0.000000
0.000759 0.000547 0.000000
0.000778 0.000597 0.000000
0.000799 0.000622 0.000000
0.000812 0.000648 0.000000
0.000822 0.000647 0.000000
0.000838 0.000661 0.000000
0.000740 0.000300 0.000000
0.000740 0.000310 0.000000
0.000740 0.000320 0.000000
0.000741 0.000331 0.000000
0.000739 0.000340 0.000000
0.000743 0.000347 0.000000
0.000739 0.000356 0.000000
0.000743 0.000365 0.000000
0.000741 0.000385 0.000000
0.000747 0.000390 0.000000
0.000742 0.000400 0.000000
0.000737 0.000419 0.000000
0.000745 0.000413 0.000000
0.000748 0.000422 0.000000
0.000747 0.000442 0.000000
0.000750 0.000450 0.000000
0.000742 0.000456 0.000000
0.000749 0.000470 0.000000
0.000744 0.000480 0.000000
0.000751 0.000484 0.000000
0.000744 0.000503 0.000000
0.000756 0.000497 0.000000
0.000755 0.000515 0.000000
0.000767 0.000550 0.000000
0.000768 0.000564 0.000000
0.000783 0.000589 0.000000
0.000774 0.000576 0.000000
0.000812 0.000631 0.000000
0.000802 0.000603 0.000000
0.000824 0.000634 0.000000
0.000841 0.000656 0.000000
0.000750 0.000300 0.000000
0.000750 0.000310 0.000000
0.000751 0.000320 0.000000
0.000750 0.000330 0.000000
0.000751 0.000339 0.000000
0.000750 0.000357 0.000000
0.000745 0.000375 0.000000
0.000758 0.000362 0.000000
0.000761 0.000380 0.000000
0.000751 0.000379 0.000000
0.000751 0.000403 0.000000
0.000767 0.000413 0.000000
0.000755 0.000430 0.000000
0.000746 0.000432 0.000000
0.000760 0.000434 0.000000
0.000757 0.000450 0.000000
0.000757 0.000472 0.000000
0.000755 0.000461 0.000000
0.000759 0.000481 0.000000
0.000763 0.000502 0.000000
0.000759 0.000510 0.000000
0.000769 0.000523 0.000000
0.000773 0.000530 0.000000
0.000765 0.000532 0.000000
0.000773 0.000546 0.000000
0.000772 0.000557 0.000000
0.000782 0.000568 0.000000
0.000793 0.000603 0.000000
0.000819 0.000638 0.000000
0.000826 0.000628 0.000000
0.000844 0.000648 0.000000
0.000760 0.000300 0.000000
0.000760 0.000310 0.000000
0.000760 0.000319 0.000000
0.000760 0.000331 0.000000
0.000760 0.000343 0.000000
0.000766 0.000356 0.000000
0.000756 0.000350 0.000000
0.000756 0.000370 0.000000
0.000754 0.000394 0.000000
0.000771 0.000394 0.000000
0.000762 0.000391 0.000000
0.000756 0.000410 0.000000
0.000758 0.000418 0.000000
0.000767 0.000424 0.000000
0.000762 0.000442 0.000000
0.000769 0.000450 0.000000
0.000776 0.000462 0.000000
0.000766 0.000467 0.000000
0.000771 0.000485 0.000000
0.000763 0.000489 0.000000
0.000773 0.000494 0.000000
0.000772 0.000506 0.000000
0.000769 0.000515 0.000000
0.000778 0.000540 0.000000
0.000784 0.000558 0.000000
0.000782 0.000577 0.000000
0.000795 0.000572 0.000000
0.000795 0.000592 0.000000
0.000807 0.000605 0.000000
0.000826 0.000622 0.000000
0.000833 0.000649 0.000000
0.000770 0.000300 0.000000
0.000770 0.000310 0.000000
0.000770 0.000321 0.000000
0.000772 0.000329 0.000000
0.000769 0.000338 0.000000
0.000771 0.000347 0.000000
0.000770 0.000365 0.000000
0.000779 0.000375 0.000000
0.000768 0.000372 0.000000
0.000770 0.000382 0.000000
0.000765 0.000401 0.000000
0.000775 0.000406 0.000000
0.000775 0.000417 0.000000
0.000771 0.000432 0.000000
0.000776 0.000440 0.000000
0.000777 0.000448 0.000000
0.000766 0.000459 0.000000
0.000780 0.000480 0.000000
0.000772 0.000474 0.000000
0.000783 0.000489 0.000000
0.000785 0.000511 0.000000
0.000782 0.000515 0.000000
0.000781 0.000524 0.000000
0.000786 0.000535 0.000000
0.000785 0.000548 0.000000
0.000798 0.000555 0.000000
0.000788 0.000561 0.000000
0.000789 0.000583 0.000000
0.000811 0.000624 0.000000
0.000824 0.000615 0.000000
0.000849 0.000637 0.000000
0.000780 0.000300 0.000000
0.000780 0.000310 0.000000
0.000780 0.000320 0.000000
0.000781 0.000331 0.000000
0.000780 0.000342 0.000000
0.000784 0.000353 0.000000
0.000777 0.000356 0.000000
0.000782 0.000365 0.000000
0.000778 0.000387 0.000000
0.000789 0.000392 0.000000
0.000781 0.000401 0.000000
0.000785 0.000411 0.000000
0.000779 0.000425 0.000000
0.000788 0.000427 0.000000
0.000785 0.000437 0.000000
0.000786 0.000451 0.000000
0.000786 0.000460 0.000000
0.000782 0.000469 0.000000
0.000790 0.000474 0.000000
0.000789 0.000496 0.000000
0.000780 0.000501 0.000000
0.000795 0.000515 0.000000
0.000793 0.000524 0.000000
0.000794 0.000545 0.000000
0.000792 0.000535 0.000000
0.000798 0.000583 0.000000
0.000800 0.000564 0.000000
0.000805 0.000577 0.000000
0.000805 0.000587 0.000000
0.000822 0.000613 0.000000
0.000847 0.000641 0.000000
0.000790 0.000300 0.000000
0.000790 0.000310 0.000000
0.000790 0.000320 0.000000
0.000791 0.000330 0.000000
0.000790 0.000339 0.000000
0.000791 0.000347 0.000000
0.000791 0.000361 0.000000
0.000789 0.000374 0.000000
0.000798 0.000376 0.000000
0.000789 0.000384 0.000000
0.000791 0.000399 0.000000
0.000803 0.000412 0.000000
0.000789 0.000418 0.000000
0.000798 0.000430 0.000000
0.000792 0.000442 0.000000
0.000797 0.000457 0.000000
0.000798 0.000450 0.000000
0.000802 0.000473 0.000000
0.000792 0.000482 0.000000
0.000798 0.000490 0.000000
0.000801 0.000498 0.000000
0.000795 0.000503 0.000000
0.000805 0.000522 0.000000
0.000801 0.000531 0.000000
0.000804 0.000543 0.000000
0.000805 0.000551 0.000000
0.000807 0.000568 0.000000
0.000817 0.000584 0.000000
0.000820 0.000593 0.000000
0.000817 0.000605 0.000000
0.000850 0.000630 0.000000
0.000800 0.000300 0.000000
0.000800 0.000310 0.000000
0.000800 0.000321 0.000000
0.000801 0.000330 0.000000
0.000801 0.000342 0.000000
0.000799 0.000355 0.000000
0.000807 0.000354 0.000000
0.000798 0.000367 0.000000
0.000801 0.000386 0.000000
0.000802 0.000395 0.000000
0.000808 0.000403 0.000000
0.000796 0.000407 0.000000
0.000799 0.000419 0.000000
0.000801 0.000439 0.000000
0.000810 0.000433 0.000000
0.000808 0.000453 0.000000
0.000797 0.000465 0.000000
0.000811 0.000469 0.000000
0.000804 0.000481 0.000000
0.000812 0.000490 0.000000
0.000802 0.000512 0.000000
0.000818 0.000512 0.000000
0.000810 0.000507 0.000000
0.000816 0.000530 0.000000
0.000816 0.000545 0.000000
0.000814 0.000559 0.000000
0.000819 0.000575 0.000000
0.000818 0.000567 0.000000
0.000810 0.000595 0.000000
0.000826 0.000600 0.000000
0.000841 0.000629 0.000000
0.000810 0.000300 0.000000
0.000810 0.000310 0.000000
0.000810 0.000319 0.000000
0.000809 0.000330 0.000000
0.000810 0.000339 0.000000
0.000812 0.000350 0.000000
0.000810 0.000363 0.000000
0.000809 0.000373 0.000000
0.000817 0.000387 0.000000
0.000810 0.000381 0.000000
0.000811 0.000394 0.000000
0.000812 0.000415 0.000000
0.000821 0.000425 0.000000
0.000810 0.000425 0.000000
0.000812 0.000441 0.000000
0.000816 0.000450 0.000000
0.000812 0.000461 0.000000
0.000820 0.000468 0.000000
0.000814 0.000480 0.000000
0.000820 0.000494 0.000000
0.000812 0.000499 0.000000
0.000813 0.000520 0.000000
0.000811 0.000536 0.000000
0.000827 0.000519 0.000000
0.000826 0.000540 0.000000
0.000820 0.000553 0.000000
0.000827 0.000560 0.000000
0.000825 0.000583 0.000000
0.000834 0.000590 0.000000
0.000831 0.000601 0.000000
0.000850 0.000622 0.000000
0.000820 0.000300 0.000000
0.000820 0.000310 0.000000
0.000820 0.000322 0.000000
0.000820 0.000330 0.000000
0.000820 0.000339 0.000000
0.000821 0.000350 0.000000
0.000820 0.000362 0.000000
0.000826 0.000373 0.000000
0.000818 0.000374 0.000000
0.000824 0.000396 0.000000
0.000827 0.000406 0.000000
0.000818 0.000406 0.000000
0.000822 0.000415 0.000000
0.000820 0.000435 0.000000
0.000828 0.000441 0.000000
0.000825 0.000450 0.000000
0.000826 0.000460 0.000000
0.000821 0.000480 0.000000
0.000830 0.000475 0.000000
0.000831 0.000486 0.000000
0.000828 0.000499 0.000000
0.000825 0.000509 0.000000
0.000833 0.000529 0.000000
0.000824 0.000529 0.000000
0.000830 0.000549 0.000000
0.000836 0.000555 0.000000
0.000831 0.000570 0.000000
0.000833 0.000572 0.000000
0.000838 0.000588 0.000000
0.000840 0.000600 0.000000
0.000842 0.000612 0.000000
0.000830 0.000300 0.000000
0.000830 0.000310 0.000000
0.000830 0.000319 0.000000
0.000831 0.000329 0.000000
0.000830 0.000341 0.000000
0.000831 0.000349 0.000000
0.000829 0.000359 0.000000
0.000832 0.000366 0.000000
0.000830 0.000383 0.000000
0.000837 0.000394 0.000000
0.000828 0.000389 0.000000
0.000836 0.000411 0.000000
0.000830 0.000423 0.000000
0.000838 0.000437 0.000000
0.000832 0.000431 0.000000
0.000834 0.000449 0.000000
0.000840 0.000465 0.000000
0.000832 0.000466 0.000000
0.000838 0.000480 0.000000
0.000841 0.000505 0.000000
0.000835 0.000493 0.000000
0.000835 0.000508 0.000000
0.000838 0.000518 0.000000
0.000844 0.000547 0.000000
0.000841 0.000528 0.000000
0.000835 0.000541 0.000000
0.000842 0.000564 0.000000
0.000850 0.000580 0.000000
0.000850 0.000588 0.000000
0.000848 0.000599 0.000000
0.000851 0.000614 0.000000
0.000840 0.000300 0.000000
0.000840 0.000310 0.000000
0.000840 0.000321 0.000000
0.000841 0.000331 0.000000
0.000841 0.000339 0.000000
0.000841 0.000351 0.000000
0.000842 0.000361 0.000000
0.000841 0.000373 0.000000
0.000839 0.000379 0.000000
0.000844 0.000387 0.000000
0.000839 0.000403 0.000000
0.000849 0.000413 0.000000
0.000841 0.000418 0.000000
0.000844 0.000426 0.000000
0.000844 0.000445 0.000000
0.000851 0.000452 0.000000
0.000840 0.000456 0.000000
0.000846 0.000471 0.000000
0.000845 0.000484 0.000000
0.000851 0.000491 0.000000
0.000846 0.000498 0.000000
0.000856 0.000516 0.000000
0.000848 0.000527 0.000000
0.000858 0.000528 0.000000
0.000849 0.000547 0.000000
0.000854 0.000555 0.000000
0.000847 0.000566 0.000000
0.000858 0.000576 0.000000
0.000842 0.000575 0.000000
0.000855 0.000597 0.000000
0.000860 0.000609 0.000000
0.000850 0.000300 0.000000
0.000850 0.000310 0.000000
0.000850 0.000320 0.000000
0.000851 0.000329 0.000000
0.000850 0.000340 0.000000
0.000851 0.000351 0.000000
0.000851 0.000359 0.000000
0.000851 0.000369 0.000000
0.000853 0.000379 0.000000
0.000851 0.000395 0.000000
0.000858 0.000405 0.000000
0.000848 0.000401 0.000000
0.000853 0.000424 0.000000
0.000858 0.000437 0.000000
0.000849 0.000434 0.000000
0.000854 0.000446 0.000000
0.000853 0.000464 0.000000
0.000861 0.000469 0.000000
0.000853 0.000477 0.000000
0.000858 0.000489 0.000000
0.000851 0.000507 0.000000
0.000865 0.000505 0.000000
0.000849 0.000517 0.000000
0.000860 0.000541 0.000000
0.000850 0.000537 0.000000
0.000866 0.000547 0.000000
0.000863 0.000565 0.000000
0.000857 0.000566 0.000000
0.000863 0.000584 0.000000
0.000862 0.000594 0.000000
0.000867 0.000607 0.000000
0.000860 0.000300 0.000000
0.000860 0.000310 0.000000
0.000860 0.000320 0.000000
0.000861 0.000331 0.000000
0.000860 0.000341 0.000000
0.000862 0.000349 0.000000
0.000861 0.000360 0.000000
0.000861 0.000372 0.000000
0.000865 0.000382 0.000000
0.000857 0.000388 0.000000
0.000865 0.000393 0.000000
0.000859 0.000414 0.000000
0.000865 0.000416 0.000000
0.000863 0.000426 0.000000
0.000867 0.000441 0.000000
0.000869 0.000457 0.000000
0.000860 0.000456 0.000000
0.000867 0.000470 0.000000
0.000864 0.000482 0.000000
0.000872 0.000495 0.000000
0.000860 0.000498 0.000000
0.000865 0.000511 0.000000
0.000865 0.000532 0.000000
0.000868 0.000522 0.000000
0.000873 0.000535 0.000000
0.000864 0.000554 0.000000
0.000874 0.000562 0.000000
0.000871 0.000576 0.000000
0.000872 0.000586 0.000000
0.000873 0.000594 0.000000
0.000874 0.000606 0.000000
0.000870 0.000300 0.000000
0.000870 0.000310 0.000000
0.000871 0.000320 0.000000
0.000870 0.000330 0.000000
0.000871 0.000338 0.000000
0.000870 0.000351 0.000000
0.000872 0.000361 0.000000
0.000871 0.000368 0.000000
0.000871 0.000379 0.000000
0.000874 0.000395 0.000000
0.000869 0.000402 0.000000
0.000875 0.000409 0.000000
0.000876 0.000425 0.000000
0.000868 0.000433 0.000000
0.000878 0.000437 0.000000
0.000871 0.000449 0.000000
0.000877 0.000459 0.000000
0.000876 0.000480 0.000000
0.000876 0.000470 0.000000
0.000873 0.000487 0.000000
0.000879 0.000502 0.000000
0.000875 0.000513 0.000000
0.000880 0.000519 0.000000
0.000878 0.000529 0.000000
0.000877 0.000544 0.000000
0.000875 0.000554 0.000000
0.000887 0.000557 0.000000
0.000876 0.000571 0.000000
0.000884 0.000578 0.000000
0.000881 0.000594 0.000000
0.000883 0.000605 0.000000
0.000880 0.000300 0.000000
0.000880 0.000310 0.000000
0.000880 0.000320 0.000000
0.000880 0.000330 0.000000
0.000881 0.000342 0.000000
0.000879 0.000350 0.000000
0.000882 0.000359 0.000000
0.000881 0.000370 0.000000
0.000881 0.000382 0.000000
0.000881 0.000388 0.000000
0.000884 0.000398 0.000000
0.000883 0.000409 0.000000
0.000879 0.000419 0.000000
0.000885 0.000427 0.000000
0.000889 0.000449 0.000000
0.000881 0.000448 0.000000
0.000885 0.000463 0.000000
0.000886 0.000473 0.000000
0.000887 0.000484 0.000000
0.000883 0.000493 0.000000
0.000890 0.000500 0.000000
0.000885 0.000510 0.000000
0.000892 0.000521 0.000000
0.000888 0.000537 0.000000
0.000896 0.000538 0.000000
0.000884 0.000548 0.000000
0.000885 0.000566 0.000000
0.000901 0.000569 0.000000
0.000886 0.000586 0.000000
0.000891 0.000593 0.000000
0.000892 0.000604 0.000000
0.000890 0.000300 0.000000
0.000890 0.000310 0.000000
0.000890 0.000321 0.000000
0.000891 0.000330 0.000000
0.000890 0.000339 0.000000
0.000891 0.000349 0.000000
0.000891 0.000361 0.000000
0.000891 0.000372 0.000000
0.000893 0.000377 0.000000
0.000891 0.000390 0.000000
0.000892 0.000403 0.000000
0.000892 0.000412 0.000000
0.000895 0.000421 0.000000
0.000895 0.000431 0.000000
0.000887 0.000438 0.000000
0.000897 0.000444 0.000000
0.000894 0.000460 0.000000
0.000897 0.000467 0.000000
0.000894 0.000479 0.000000
0.000897 0.000488 0.000000
0.000897 0.000500 0.000000
0.000894 0.000512 0.000000
0.000902 0.000524 0.000000
0.000889 0.000528 0.000000
0.000905 0.000540 0.000000
0.000902 0.000550 0.000000
0.000899 0.000560 0.000000
0.000892 0.000571 0.000000
0.000897 0.000582 0.000000
0.000901 0.000592 0.000000
0.000901 0.000604 0.000000
0.000900 0.000300 0.000000
0.000900 0.000310 0.000000
0.000900 0.000319 0.000000
0.000901 0.000330 0.000000
0.000900 0.000341 0.000000
0.000902 0.000352 0.000000
0.000900 0.000359 0.000000
0.000903 0.000369 0.000000
0.000900 0.000382 0.000000
0.000904 0.000392 0.000000
0.000900 0.000397 0.000000
0.000903 0.000408 0.000000
0.000902 0.000419 0.000000
0.000903 0.000432 0.000000
0.000906 0.000440 0.000000
0.000901 0.000454 0.000000
0.000908 0.000460 0.000000
0.000903 0.000475 0.000000
0.000910 0.000481 0.000000
0.000905 0.000493 0.000000
0.000910 0.000504 0.000000
0.000904 0.000509 0.000000
0.000907 0.000517 0.000000
0.000905 0.000531 0.000000
0.000895 0.000550 0.000000
0.000914 0.000548 0.000000
0.000912 0.000559 0.000000
0.000905 0.000577 0.000000
0.000911 0.000583 0.000000
0.000909 0.000592 0.000000
0.000910 0.000603 0.000000
0.000910 0.000300 0.000000
0.000910 0.000310 0.000000
0.000910 0.000320 0.000000
0.000911 0.000330 0.000000
0.000910 0.000340 0.000000
0.000911 0.000348 0.000000
0.000910 0.000360 0.000000
0.000913 0.000372 0.000000
0.000909 0.000380 0.000000
0.000914 0.000387 0.000000
0.000911 0.000401 0.000000
0.000913 0.000412 0.000000
0.000921 0.000423 0.000000
0.000910 0.000426 0.000000
0.000915 0.000442 0.000000
0.000911 0.000449 0.000000
0.000919 0.000459 0.000000
0.000911 0.000468 0.000000
0.000918 0.000481 0.000000
0.000911 0.000490 0.000000
0.000921 0.000498 0.000000
0.000923 0.000516 0.000000
0.000917 0.000529 0.000000
0.000916 0.000521 0.000000
0.000916 0.000538 0.000000
0.000926 0.000557 0.000000
0.000911 0.000563 0.000000
0.000917 0.000570 0.000000
0.000919 0.000579 0.000000
0.000919 0.000593 0.000000
0.000919 0.000603 0.000000
0.000920 0.000300 0.000000
0.000920 0.000310 0.000000
0.000920 0.000320 0.000000
0.000920 0.000329 0.000000
0.000920 0.000341 0.000000
0.000921 0.000351 0.000000
0.000921 0.000361 0.000000
0.000920 0.000368 0.000000
0.000922 0.000379 0.000000
0.000920 0.000393 0.000000
0.000921 0.000400 0.000000
0.000926 0.000408 0.000000
0.000916 0.000417 0.000000
0.000921 0.000432 0.000000
0.000931 0.000443 0.000000
0.000922 0.000449 0.000000
0.000929 0.000467 0.000000
0.000919 0.000469 0.000000
0.000929 0.000479 0.000000
0.000931 0.000494 0.000000
0.000928 0.000506 0.000000
0.000917 0.000507 0.000000
0.000929 0.000519 0.000000
0.000927 0.000535 0.000000
0.000931 0.000543 0.000000
0.000921 0.000549 0.000000
0.000926 0.000564 0.000000
0.000931 0.000575 0.000000
0.000926 0.000584 0.000000
0.000929 0.000592 0.000000
0.000929 0.000603 0.000000
0.000930 0.000300 0.000000
0.000930 0.000310 0.000000
0.000931 0.000318 0.000000
0.000930 0.000331 0.000000
0.000932 0.000338 0.000000
0.000929 0.000349 0.000000
0.000932 0.000358 0.000000
0.000931 0.000371 0.000000
0.000932 0.000382 0.000000
0.000932 0.000388 0.000000
0.000932 0.000398 0.000000
0.000932 0.000412 0.000000
0.000935 0.000423 0.000000
0.000936 0.000429 0.000000
0.000926 0.000435 0.000000
0.000935 0.000452 0.000000
0.000929 0.000457 0.000000
0.000938 0.000465 0.000000
0.000940 0.000485 0.000000
0.000937 0.000499 0.000000
0.000924 0.000489 0.000000
0.000937 0.000510 0.000000
0.000943 0.000525 0.000000
0.000931 0.000528 0.000000
0.000938 0.000537 0.000000
0.000936 0.000550 0.000000
0.000938 0.000560 0.000000
0.000935 0.000569 0.000000
0.000940 0.000578 0.000000
0.000937 0.000592 0.000000
0.000938 0.000602 0.000000
0.000940 0.000300 0.000000
0.000941 0.000310 0.000000
0.000938 0.000323 0.000000
0.000952 0.000326 0.000000
0.000943 0.000341 0.000000
0.000939 0.000349 0.000000
0.000941 0.000362 0.000000
0.000941 0.000370 0.000000
0.000942 0.000377 0.000000
0.000942 0.000391 0.000000
0.000940 0.000404 0.000000
0.000951 0.000406 0.000000
0.000939 0.000415 0.000000
0.000943 0.000432 0.000000
0.000942 0.000442 0.000000
0.000944 0.000450 0.000000
0.000949 0.000465 0.000000
0.000946 0.000474 0.000000
0.000934 0.000476 0.000000
0.000949 0.000483 0.000000
0.000947 0.000503 0.000000
0.000954 0.000507 0.000000
0.000942 0.000518 0.000000
0.000947 0.000532 0.000000
0.000948 0.000544 0.000000
0.000946 0.000553 0.000000
0.000948 0.000562 0.000000
0.000951 0.000577 0.000000
0.000945 0.000584 0.000000
0.000949 0.000592 0.000000
0.000948 0.000602 0.000000
0.000950 0.000300 0.000000
0.000951 0.000310 0.000000
0.000946 0.000319 0.000000
0.000941 0.000332 0.000000
0.000953 0.000340 0.000000
0.000950 0.000350 0.000000
0.000951 0.000358 0.000000
0.000952 0.000368 0.000000
0.000949 0.000383 0.000000
0.000955 0.000388 0.000000
0.000949 0.000398 0.000000
0.000948 0.000415 0.000000
0.000955 0.000422 0.000000
0.000954 0.000430 0.000000
0.000951 0.000439 0.000000
0.000957 0.000445 0.000000
0.000948 0.000457 0.000000
0.000957 0.000465 0.000000
0.000960 0.000487 0.000000
0.000956 0.000495 0.000000
0.000946 0.000494 0.000000
0.000950 0.000517 0.000000
0.000958 0.000521 0.000000
0.000961 0.000527 0.000000
0.000951 0.000539 0.000000
0.000961 0.000546 0.000000
0.000959 0.000560 0.000000
0.000952 0.000568 0.000000
0.000960 0.000576 0.000000
0.000957 0.000591 0.000000
0.000958 0.000602 0.000000
0.000960 0.000300 0.000000
0.000960 0.000310 0.000000
0.000961 0.000321 0.000000
0.000956 0.000331 0.000000
0.000963 0.000337 0.000000
0.000960 0.000350 0.000000
0.000961 0.000361 0.000000
0.000962 0.000372 0.000000
0.000960 0.000378 0.000000
0.000963 0.000389 0.000000
0.000959 0.000403 0.000000
0.000967 0.000406 0.000000
0.000959 0.000417 0.000000
0.000964 0.000429 0.000000
0.000965 0.000447 0.000000
0.000962 0.000454 0.000000
0.000965 0.000463 0.000000
0.000966 0.000473 0.000000
0.000956 0.000479 0.000000
0.000969 0.000481 0.000000
0.000965 0.000502 0.000000
0.000968 0.000518 0.000000
0.000963 0.000511 0.000000
0.000962 0.000536 0.000000
0.000973 0.000543 0.000000
0.000962 0.000553 0.000000
0.000967 0.000565 0.000000
0.000969 0.000577 0.000000
0.000965 0.000584 0.000000
0.000968 0.000591 0.000000
0.000967 0.000602 0.000000
0.000970 0.000300 0.000000
0.000970 0.000310 0.000000
0.000970 0.000319 0.000000
0.000971 0.000329 0.000000
0.000971 0.000344 0.000000
0.000968 0.000350 0.000000
0.000974 0.000357 0.000000
0.000971 0.000368 0.000000
0.000971 0.000381 0.000000
0.000972 0.000391 0.000000
0.000971 0.000401 0.000000
0.000971 0.000413 0.000000
0.000971 0.000422 0.000000
0.000977 0.000433 0.000000
0.000967 0.000437 0.000000
0.000977 0.000442 0.000000
0.000973 0.000454 0.000000
0.000975 0.000469 0.000000
0.000978 0.000487 0.000000
0.000970 0.000492 0.000000
0.000974 0.000501 0.000000
0.000979 0.000508 0.000000
0.000977 0.000526 0.000000
0.000985 0.000526 0.000000
0.000971 0.000533 0.000000
0.000974 0.000552 0.000000
0.000982 0.000558 0.000000
0.000973 0.000563 0.000000
0.000979 0.000577 0.000000
0.000977 0.000591 0.000000
0.000977 0.000602 0.000000
0.000980 0.000300 0.000000
0.000980 0.000310 0.000000
0.000981 0.000321 0.000000
0.000979 0.000332 0.000000
0.000980 0.000338 0.000000
0.000982 0.000349 0.000000
0.000977 0.000365 0.000000
0.000985 0.000369 0.000000
0.000981 0.000379 0.000000
0.000980 0.000389 0.000000
0.000984 0.000397 0.000000
0.000982 0.000410 0.000000
0.000983 0.000418 0.000000
0.000982 0.000427 0.000000
0.000981 0.000452 0.000000
0.000987 0.000448 0.000000
0.000981 0.000463 0.000000
0.000987 0.000469 0.000000
0.000981 0.000477 0.000000
0.000986 0.000489 0.000000
0.000986 0.000497 0.000000
0.000988 0.000514 0.000000
0.000978 0.000516 0.000000
0.000982 0.000538 0.000000
0.000989 0.000542 0.000000
0.000984 0.000549 0.000000
0.000982 0.000570 0.000000
0.000994 0.000572 0.000000
0.000984 0.000583 0.000000
0.000987 0.000592 0.000000
0.000987 0.000602 0.000000
0.000990 0.000300 0.000000
0.000990 0.000310 0.000000
0.000990 0.000320 0.000000
0.000991 0.000328 0.000000
0.000990 0.000341 0.000000
0.000991 0.000352 0.000000
0.000988 0.000357 0.000000
0.000995 0.000367 0.000000
0.000990 0.000381 0.000000
0.000993 0.000392 0.000000
0.000990 0.000403 0.000000
0.000992 0.000409 0.000000
0.000993 0.000421 0.000000
0.001001 0.000434 0.000000
0.000989 0.000434 0.000000
0.000994 0.000444 0.000000
0.000993 0.000458 0.000000
0.001006 0.000472 0.000000
0.000992 0.000480 0.000000
0.000998 0.000491 0.000000
0.000990 0.000505 0.000000
0.000998 0.000505 0.000000
0.000996 0.000521 0.000000
0.000993 0.000530 0.000000
0.001000 0.000536 0.000000
0.000995 0.000552 0.000000
0.000999 0.000560 0.000000
0.000991 0.000564 0.000000
0.000996 0.000581 0.000000
0.000996 0.000591 0.000000
0.000997 0.000601 0.000000
0.001000 0.000300 0.000000
0.001000 0.000310 0.000000
0.001000 0.000320 0.000000
0.001001 0.000332 0.000000
0.000999 0.000339 0.000000
0.001002 0.000348 0.000000
0.001001 0.000361 0.000000
0.000996 0.000379 0.000000
0.001003 0.000372 0.000000
0.001006 0.000388 0.000000
0.001001 0.000394 0.000000
0.001004 0.000411 0.000000
0.001003 0.000418 0.000000
0.000998 0.000429 0.000000
0.001001 0.000449 0.000000
0.001013 0.000451 0.000000
0.001002 0.000460 0.000000
0.000997 0.000468 0.000000
0.000998 0.000481 0.000000
0.001011 0.000492 0.000000
0.001004 0.000499 0.000000
0.001004 0.000513 0.000000
0.001004 0.000522 0.000000
0.001007 0.000530 0.000000
0.001002 0.000545 0.000000
0.001010 0.000548 0.000000
0.001007 0.000565 0.000000
0.001004 0.000574 0.000000
0.001007 0.000583 0.000000
0.001007 0.000591 0.000000
0.001006 0.000601 0.000000
0.001010 0.000300 0.000000
0.001010 0.000310 0.000000
0.001010 0.000320 0.000000
0.001011 0.000328 0.000000
0.001011 0.000340 0.000000
0.001010 0.000353 0.000000
0.001010 0.000358 0.000000
0.001012 0.000370 0.000000
0.001010 0.000382 0.000000
0.001005 0.000402 0.000000
0.001014 0.000395 0.000000
0.001015 0.000406 0.000000
0.001011 0.000420 0.000000
0.001020 0.000442 0.000000
0.001011 0.000434 0.000000
0.001007 0.000443 0.000000
0.001010 0.000460 0.000000
0.001015 0.000473 0.000000
0.001016 0.000482 0.000000
0.001007 0.000484 0.000000
0.001013 0.000503 0.000000
0.001017 0.000511 0.000000
0.001015 0.000517 0.000000
0.001016 0.000530 0.000000
0.001014 0.000540 0.000000
0.001019 0.000557 0.000000
0.001010 0.000556 0.000000
0.001022 0.000568 0.000000
0.001015 0.000574 0.000000
0.001016 0.000591 0.000000
0.001016 0.000602 0.000000
0.001020 0.000300 0.000000
0.001020 0.000310 0.000000
0.001020 0.000320 0.000000
0.001019 0.000331 0.000000
0.001021 0.000340 0.000000
0.001020 0.000348 0.000000
0.001021 0.000359 0.000000
0.001021 0.000372 0.000000
0.001020 0.000379 0.000000
0.001023 0.000388 0.000000
0.001027 0.000399 0.000000
0.001019 0.000417 0.000000
0.001028 0.000415 0.000000
0.001018 0.000427 0.000000
0.001024 0.000438 0.000000
0.001024 0.000452 0.000000
0.001020 0.000461 0.000000
0.001029 0.000466 0.000000
0.001025 0.000483 0.000000
0.001026 0.000493 0.000000
0.001022 0.000498 0.000000
0.001027 0.000507 0.000000
0.001024 0.000524 0.000000
0.001029 0.000532 0.000000
0.001022 0.000539 0.000000
0.001025 0.000548 0.000000
0.001025 0.000559 0.000000
0.001021 0.000579 0.000000
0.001030 0.000583 0.000000
0.001026 0.000591 0.000000
0.001026 0.000601 0.000000
0.001030 0.000300 0.000000
0.001030 0.000310 0.000000
0.001030 0.000320 0.000000
0.001031 0.000329 0.000000
0.001031 0.000340 0.000000
0.001030 0.000351 0.000000
0.001032 0.000362 0.000000
0.001029 0.000368 0.000000
0.001034 0.000379 0.000000
0.001038 0.000392 0.000000
0.001022 0.000404 0.000000
0.001034 0.000407 0.000000
0.001036 0.000428 0.000000
0.001027 0.000427 0.000000
0.001034 0.000438 0.000000
0.001033 0.000449 0.000000
0.001034 0.000461 0.000000
0.001035 0.000478 0.000000
0.001025 0.000473 0.000000
0.001040 0.000489 0.000000
0.001039 0.000502 0.000000
0.001036 0.000512 0.000000
0.001029 0.000519 0.000000
0.001040 0.000527 0.000000
0.001034 0.000543 0.000000
0.001036 0.000552 0.000000
0.001036 0.000561 0.000000
0.001036 0.000569 0.000000
0.001033 0.000576 0.000000
0.001036 0.000591 0.000000
0.001036 0.000602 0.000000
0.001040 0.000300 0.000000
0.001040 0.000310 0.000000
0.001041 0.000320 0.000000
0.001038 0.000331 0.000000
0.001042 0.000338 0.000000
0.001039 0.000349 0.000000
0.001042 0.000358 0.000000
0.001040 0.000370 0.000000
0.001043 0.000382 0.000000
0.001031 0.000388 0.000000
0.001046 0.000397 0.000000
0.001045 0.000413 0.000000
0.001037 0.000417 0.000000
0.001046 0.000430 0.000000
0.001050 0.000444 0.000000
0.001039 0.000451 0.000000
0.001045 0.000458 0.000000
0.001043 0.000469 0.000000
0.001043 0.000477 0.000000
0.001034 0.000493 0.000000
0.001048 0.000495 0.000000
0.001044 0.000510 0.000000
0.001044 0.000520 0.000000
0.001038 0.000535 0.000000
0.001048 0.000537 0.000000
0.001048 0.000547 0.000000
0.001048 0.000563 0.000000
0.001044 0.000574 0.000000
0.001046 0.000584 0.000000
0.001045 0.000592 0.000000
0.001046 0.000602 0.000000
0.001050 0.000300 0.000000
0.001050 0.000310 0.000000
0.001049 0.000319 0.000000
0.001053 0.000329 0.000000
0.001050 0.000342 0.000000
0.001051 0.000350 0.000000
0.001050 0.000362 0.000000
0.001052 0.000370 0.000000
0.001050 0.000379 0.000000
0.001052 0.000390 0.000000
0.001045 0.000403 0.000000
0.001055 0.000407 0.000000
0.001050 0.000419 0.000000
0.001056 0.000427 0.000000
0.001044 0.000438 0.000000
0.001057 0.000448 0.000000
0.001052 0.000465 0.000000
0.001057 0.000471 0.000000
0.001050 0.000482 0.000000
0.001057 0.000488 0.000000
0.001053 0.000501 0.000000
0.001053 0.000511 0.000000
0.001058 0.000523 0.000000
0.001053 0.000528 0.000000
0.001057 0.000544 0.000000
0.001047 0.000554 0.000000
0.001058 0.000558 0.000000
0.001056 0.000569 0.000000
0.001053 0.000578 0.000000
0.001055 0.000591 0.000000
0.001055 0.000601 0.000000
0.001060 0.000300 0.000000
0.001060 0.000310 0.000000
0.001062 0.000321 0.000000
0.001056 0.000332 0.000000
0.001063 0.000337 0.000000
0.001060 0.000349 0.000000
0.001061 0.000360 0.000000
0.001062 0.000368 0.000000
0.001060 0.000378 0.000000
0.001062 0.000390 0.000000
0.001061 0.000398 0.000000
0.001064 0.000409 0.000000
0.001062 0.000422 0.000000
0.001058 0.000435 0.000000
0.001070 0.000436 0.000000
0.001067 0.000455 0.000000
0.001057 0.000456 0.000000
0.001066 0.000467 0.000000
0.001061 0.000478 0.000000
0.001067 0.000490 0.000000
0.001060 0.000501 0.000000
0.001068 0.000510 0.000000
0.001061 0.000517 0.000000
0.001069 0.000538 0.000000
0.001061 0.000535 0.000000
0.001065 0.000550 0.000000
0.001065 0.000562 0.000000
0.001064 0.000575 0.000000
0.001067 0.000583 0.000000
0.001064 0.000591 0.000000
0.001065 0.000601 0.000000
0.001070 0.000300 0.000000
0.001070 0.000310 0.000000
0.001069 0.000319 0.000000
0.001071 0.000328 0.000000
0.001070 0.000342 0.000000
0.001070 0.000350 0.000000
0.001072 0.000360 0.000000
0.001070 0.000380 0.000000
0.001072 0.000371 0.000000
0.001070 0.000389 0.000000
0.001072 0.000400 0.000000
0.001067 0.000414 0.000000
0.001079 0.000416 0.000000
0.001071 0.000426 0.000000
0.001065 0.000442 0.000000
0.001075 0.000447 0.000000
0.001074 0.000459 0.000000
0.001080 0.000474 0.000000
0.001070 0.000481 0.000000
0.001079 0.000495 0.000000
0.001071 0.000499 0.000000
0.001080 0.000520 0.000000
0.001072 0.000527 0.000000
0.001072 0.000518 0.000000
0.001075 0.000538 0.000000
0.001074 0.000552 0.000000
0.001073 0.000565 0.000000
0.001081 0.000559 0.000000
0.001073 0.000579 0.000000
0.001075 0.000591 0.000000
0.001075 0.000601 0.000000
0.001080 0.000300 0.000000
0.001080 0.000310 0.000000
0.001081 0.000320 0.000000
0.001080 0.000332 0.000000
0.001081 0.000337 0.000000
0.001080 0.000349 0.000000
0.001080 0.000360 0.000000
0.001083 0.000370 0.000000
0.001081 0.000380 0.000000
0.001080 0.000392 0.000000
0.001084 0.000400 0.000000
0.001078 0.000407 0.000000
0.001080 0.000424 0.000000
0.001079 0.000435 0.000000
0.001087 0.000434 0.000000
0.001082 0.000451 0.000000
0.001085 0.000458 0.000000
0.001075 0.000469 0.000000
0.001090 0.000479 0.000000
0.001079 0.000484 0.000000
0.001091 0.000504 0.000000
0.001078 0.000505 0.000000
0.001092 0.000518 0.000000
0.001081 0.000533 0.000000
0.001089 0.000543 0.000000
0.001083 0.000550 0.000000
0.001081 0.000569 0.000000
0.001086 0.000572 0.000000
0.001085 0.000583 0.000000
0.001085 0.000591 0.000000
0.001085 0.000601 0.000000
0.001090 0.000300 0.000000
0.001090 0.000310 0.000000
0.001089 0.000320 0.000000
0.001092 0.000328 0.000000
0.001089 0.000342 0.000000
0.001092 0.000352 0.000000
0.001090 0.000359 0.000000
0.001089 0.000379 0.000000
0.001093 0.000369 0.000000
0.001090 0.000389 0.000000
0.001093 0.000399 0.000000
0.001090 0.000411 0.000000
0.001102 0.000417 0.000000
0.001095 0.000427 0.000000
0.001090 0.000443 0.000000
0.001091 0.000460 0.000000
0.001096 0.000446 0.000000
0.001089 0.000471 0.000000
0.001086 0.000491 0.000000
0.001096 0.000484 0.000000
0.001095 0.000495 0.000000
0.001087 0.000510 0.000000
0.001088 0.000527 0.000000
0.001097 0.000528 0.000000
0.001095 0.000537 0.000000
0.001092 0.000553 0.000000
0.001097 0.000558 0.000000
0.001095 0.000568 0.000000
0.001094 0.000579 0.000000
0.001095 0.000591 0.000000
0.001095 0.000601 0.000000
0.001100 0.000300 0.000000
0.001100 0.000310 0.000000
0.001101 0.000320 0.000000
0.001099 0.000333 0.000000
0.001100 0.000338 0.000000
0.001101 0.000348 0.000000
0.001101 0.000361 0.000000
0.001102 0.000374 0.000000
0.001101 0.000380 0.000000
0.001102 0.000391 0.000000
0.001102 0.000401 0.000000
0.001090 0.000420 0.000000
0.001101 0.000410 0.000000
0.001101 0.000432 0.000000
0.001103 0.000442 0.000000
0.001102 0.000454 0.000000
0.001100 0.000464 0.000000
0.001104 0.000470 0.000000
0.001104 0.000477 0.000000
0.001105 0.000492 0.000000
0.001100 0.000506 0.000000
0.001112 0.000515 0.000000
0.001102 0.000514 0.000000
0.001108 0.000532 0.000000
0.001101 0.000544 0.000000
0.001108 0.000552 0.000000
0.001104 0.000562 0.000000
0.001104 0.000575 0.000000
0.001105 0.000582 0.000000
0.001104 0.000591 0.000000
0.001104 0.000601 0.000000
0.001110 0.000300 0.000000
0.001110 0.000310 0.000000
0.001110 0.000321 0.000000
0.001110 0.000329 0.000000
0.001112 0.000340 0.000000
0.001109 0.000351 0.000000
0.001111 0.000361 0.000000
0.001110 0.000368 0.000000
0.001112 0.000379 0.000000
0.001110 0.000390 0.000000
0.001113 0.000398 0.000000
0.001112 0.000411 0.000000
0.001110 0.000421 0.000000
0.001114 0.000430 0.000000
0.001111 0.000436 0.000000
0.001112 0.000451 0.000000
0.001113 0.000456 0.000000
0.001114 0.000469 0.000000
0.001110 0.000483 0.000000
0.001120 0.000494 0.000000
0.001109 0.000496 0.000000
0.001113 0.000506 0.000000
0.001106 0.000524 0.000000
0.001120 0.000529 0.000000
0.001109 0.000540 0.000000
0.001116 0.000545 0.000000
0.001111 0.000566 0.000000
0.001119 0.000561 0.000000
0.001114 0.000580 0.000000
0.001114 0.000591 0.000000
0.001114 0.000601 0.000000
0.001120 0.000300 0.000000
0.001120 0.000310 0.000000
0.001120 0.000320 0.000000
0.001120 0.000330 0.000000
0.001120 0.000341 0.000000
0.001118 0.000351 0.000000
0.001125 0.000356 0.000000
0.001119 0.000370 0.000000
0.001124 0.000382 0.000000
0.001120 0.000390 0.000000
0.001122 0.000402 0.000000
0.001120 0.000411 0.000000
0.001122 0.000419 0.000000
0.001123 0.000433 0.000000
0.001119 0.000443 0.000000
0.001127 0.000450 0.000000
0.001120 0.000461 0.000000
0.001124 0.000473 0.000000
0.001123 0.000478 0.000000
0.001119 0.000486 0.000000
0.001122 0.000503 0.000000
0.001126 0.000511 0.000000
0.001119 0.000521 0.000000
0.001133 0.000528 0.000000
0.001127 0.000545 0.000000
0.001120 0.000553 0.000000
0.001126 0.000568 0.000000
0.001120 0.000573 0.000000
0.001126 0.000583 0.000000
0.001124 0.000591 0.000000
0.001124 0.000601 0.000000
0.001130 0.000300 0.000000
0.001130 0.000310 0.000000
0.001130 0.000320 0.000000
0.001131 0.000330 0.000000
0.001129 0.000340 0.000000
0.001133 0.000348 0.000000
0.001128 0.000364 0.000000
0.001136 0.000372 0.000000
0.001128 0.000376 0.000000
0.001131 0.000390 0.000000
0.001131 0.000400 0.000000
0.001133 0.000409 0.000000
0.001131 0.000421 0.000000
0.001131 0.000429 0.000000
0.001134 0.000439 0.000000
0.001129 0.000449 0.000000
0.001132 0.000465 0.000000
0.001134 0.000464 0.000000
0.001132 0.000483 0.000000
0.001135 0.000492 0.000000
0.001131 0.000498 0.000000
0.001135 0.000511 0.000000
0.001129 0.000520 0.000000
0.001124 0.000536 0.000000
0.001135 0.000535 0.000000
0.001135 0.000548 0.000000
0.001133 0.000557 0.000000
0.001136 0.000566 0.000000
0.001133 0.000578 0.000000
0.001134 0.000591 0.000000
0.001134 0.000601 0.000000
0.001140 0.000300 0.000000
0.001140 0.000310 0.000000
0.001140 0.000320 0.000000
0.001140 0.000329 0.000000
0.001140 0.000340 0.000000
0.001142 0.000353 0.000000
0.001135 0.000359 0.000000
0.001145 0.000365 0.000000
0.001138 0.000384 0.000000
0.001146 0.000391 0.000000
0.001140 0.000398 0.000000
0.001141 0.000412 0.000000
0.001143 0.000419 0.000000
0.001142 0.000429 0.000000
0.001142 0.000442 0.000000
0.001141 0.000451 0.000000
0.001145 0.000459 0.000000
0.001141 0.000471 0.000000
0.001143 0.000481 0.000000
0.001143 0.000487 0.000000
0.001142 0.000501 0.000000
0.001142 0.000512 0.000000
0.001143 0.000520 0.000000
0.001144 0.000531 0.000000
0.001145 0.000542 0.000000
0.001141 0.000555 0.000000
0.001146 0.000566 0.000000
0.001141 0.000575 0.000000
0.001146 0.000583 0.000000
0.001144 0.000591 0.000000
0.001144 0.000601 0.000000
0.001150 0.000300 0.000000
0.001150 0.000310 0.000000
0.001150 0.000320 0.000000
0.001151 0.000331 0.000000
0.001150 0.000339 0.000000
0.001151 0.000348 0.000000
0.001151 0.000361 0.000000
0.001160 0.000369 0.000000
0.001146 0.000377 0.000000
0.001152 0.000386 0.000000
0.001148 0.000403 0.000000
0.001158 0.000407 0.000000
0.001150 0.000419 0.000000
0.001149 0.000435 0.000000
0.001156 0.000432 0.000000
0.001151 0.000449 0.000000
0.001153 0.000462 0.000000
0.001150 0.000471 0.000000
0.001155 0.000478 0.000000
0.001151 0.000493 0.000000
0.001154 0.000502 0.000000
0.001153 0.000509 0.000000
0.001153 0.000522 0.000000
0.001154 0.000528 0.000000
0.001151 0.000546 0.000000
0.001157 0.000544 0.000000
0.001153 0.000556 0.000000
0.001154 0.000566 0.000000
0.001153 0.000578 0.000000
0.001154 0.000591 0.000000
0.001154 0.000601 0.000000
0.001160 0.000300 0.000000
0.001160 0.000310 0.000000
0.001159 0.000320 0.000000
0.001161 0.000329 0.000000
0.001161 0.000340 0.000000
0.001159 0.000352 0.000000
0.001163 0.000357 0.000000
0.001152 0.000373 0.000000
0.001162 0.000382 0.000000
0.001157 0.000396 0.000000
0.001172 0.000391 0.000000
0.001157 0.000412 0.000000
0.001161 0.000421 0.000000
0.001163 0.000432 0.000000
0.001158 0.000444 0.000000
0.001163 0.000451 0.000000
0.001162 0.000460 0.000000
0.001163 0.000469 0.000000
0.001163 0.000483 0.000000
0.001160 0.000489 0.000000
0.001166 0.000497 0.000000
0.001162 0.000509 0.000000
0.001167 0.000522 0.000000
0.001160 0.000531 0.000000
0.001167 0.000544 0.000000
0.001162 0.000556 0.000000
0.001166 0.000566 0.000000
0.001161 0.000575 0.000000
0.001166 0.000583 0.000000
0.001164 0.000591 0.000000
0.001164 0.000601 0.000000
0.001170 0.000300 0.000000
0.001170 0.000310 0.000000
0.001171 0.000320 0.000000
0.001170 0.000330 0.000000
0.001170 0.000340 0.000000
0.001171 0.000349 0.000000
0.001170 0.000363 0.000000
0.001170 0.000374 0.000000
0.001172 0.000379 0.000000
0.001163 0.000392 0.000000
0.001169 0.000402 0.000000
0.001171 0.000414 0.000000
0.001183 0.000417 0.000000
0.001171 0.000430 0.000000
0.001173 0.000440 0.000000
0.001171 0.000449 0.000000
0.001174 0.000462 0.000000
0.001169 0.000474 0.000000
0.001179 0.000475 0.000000
0.001172 0.000490 0.000000
0.001173 0.000504 0.000000
0.001168 0.000514 0.000000
0.001178 0.000515 0.000000
0.001169 0.000532 0.000000
0.001176 0.000534 0.000000
0.001170 0.000550 0.000000
0.001177 0.000555 0.000000
0.001172 0.000565 0.000000
0.001173 0.000578 0.000000
0.001174 0.000590 0.000000
0.001174 0.000601 0.000000
0.001180 0.000300 0.000000
0.001180 0.000310 0.000000
0.001179 0.000320 0.000000
0.001180 0.000330 0.000000
0.001181 0.000340 0.000000
0.001180 0.000351 0.000000
0.001180 0.000359 0.000000
0.001182 0.000367 0.000000
0.001181 0.000379 0.000000
0.001180 0.000394 0.000000
0.001182 0.000401 0.000000
0.001176 0.000408 0.000000
0.001175 0.000422 0.000000
0.001182 0.000433 0.000000
0.001193 0.000437 0.000000
0.001189 0.000455 0.000000
0.001179 0.000455 0.000000
0.001181 0.000468 0.000000
0.001178 0.000484 0.000000
0.001186 0.000492 0.000000
0.001181 0.000497 0.000000
0.001183 0.000509 0.000000
0.001180 0.000524 0.000000
0.001188 0.000532 0.000000
0.001180 0.000543 0.000000
0.001187 0.000552 0.000000
0.001184 0.000567 0.000000
0.001181 0.000574 0.000000
0.001185 0.000583 0.000000
0.001184 0.000591 0.000000
0.001184 0.000601 0.000000
0.001190 0.000300 0.000000
0.001190 0.000310 0.000000
0.001191 0.000321 0.000000
0.001190 0.000330 0.000000
0.001190 0.000340 0.000000
0.001190 0.000350 0.000000
0.001191 0.000361 0.000000
0.001189 0.000372 0.000000
0.001193 0.000381 0.000000
0.001188 0.000388 0.000000
0.001193 0.000398 0.000000
0.001190 0.000409 0.000000
0.001192 0.000421 0.000000
0.001189 0.000428 0.000000
0.001181 0.000444 0.000000
0.001192 0.000445 0.000000
0.001191 0.000464 0.000000
0.001200 0.000475 0.000000
0.001188 0.000476 0.000000
0.001193 0.000489 0.000000
0.001191 0.000502 0.000000
0.001195 0.000511 0.000000
0.001189 0.000520 0.000000
0.001195 0.000528 0.000000
0.001189 0.000540 0.000000
0.001197 0.000548 0.000000
0.001188 0.000559 0.000000
0.001196 0.000565 0.000000
0.001193 0.000578 0.000000
0.001194 0.000591 0.000000
0.001194 0.000601 0.000000
0.001200 0.000300 0.000000
0.001200 0.000310 0.000000
0.001200 0.000319 0.000000
0.001200 0.000330 0.000000
0.001201 0.000341 0.000000
0.001200 0.000349 0.000000
0.001201 0.000359 0.000000
0.001200 0.000368 0.000000
0.001202 0.000379 0.000000
0.001199 0.000391 0.000000
0.001202 0.000403 0.000000
0.001198 0.000411 0.000000
0.001204 0.000418 0.000000
0.001200 0.000429 0.000000
0.001202 0.000441 0.000000
0.001206 0.000456 0.000000
0.001198 0.000454 0.000000
0.001200 0.000466 0.000000
0.001198 0.000481 0.000000
0.001203 0.000490 0.000000
0.001203 0.000500 0.000000
0.001201 0.000510 0.000000
0.001203 0.000521 0.000000
0.001203 0.000532 0.000000
0.001203 0.000542 0.000000
0.001203 0.000554 0.000000
0.001204 0.000566 0.000000
0.001199 0.000575 0.000000
0.001206 0.000582 0.000000
0.001203 0.000591 0.000000
0.001203 0.000601 0.000000
0.001210 0.000300 0.000000
0.001210 0.000310 0.000000
0.001210 0.000321 0.000000
0.001211 0.000330 0.000000
0.001210 0.000339 0.000000
0.001210 0.000350 0.000000
0.001211 0.000362 0.000000
0.001209 0.000370 0.000000
0.001211 0.000381 0.000000
0.001210 0.000391 0.000000
0.001211 0.000397 0.000000
0.001211 0.000408 0.000000
0.001212 0.000423 0.000000
0.001212 0.000430 0.000000
0.001212 0.000440 0.000000
0.001210 0.000448 0.000000
0.001215 0.000464 0.000000
0.001210 0.000471 0.000000
0.001214 0.000482 0.000000
0.001213 0.000491 0.000000
0.001212 0.000500 0.000000
0.001213 0.000510 0.000000
0.001213 0.000520 0.000000
0.001211 0.000530 0.000000
0.001216 0.000537 0.000000
0.001211 0.000549 0.000000
0.001214 0.000557 0.000000
0.001213 0.000567 0.000000
0.001212 0.000577 0.000000
0.001213 0.000591 0.000000
0.001213 0.000601 0.000000
0.001220 0.000300 0.000000
0.001220 0.000310 0.000000
0.001220 0.000320 0.000000
0.001220 0.000329 0.000000
0.001220 0.000341 0.000000
0.001222 0.000351 0.000000
0.001220 0.000358 0.000000
0.001221 0.000370 0.000000
0.001219 0.000380 0.000000
0.001222 0.000389 0.000000
0.001220 0.000403 0.000000
0.001224 0.000414 0.000000
0.001218 0.000416 0.000000
0.001222 0.000429 0.000000
0.001221 0.000441 0.000000
0.001224 0.000452 0.000000
0.001217 0.000457 0.000000
0.001226 0.000470 0.000000
0.001219 0.000475 0.000000
0.001222 0.000489 0.000000
0.001222 0.000502 0.000000
0.001223 0.000511 0.000000
0.001222 0.000521 0.000000
0.001223 0.000531 0.000000
0.001220 0.000544 0.000000
0.001225 0.000553 0.000000
0.001223 0.000565 0.000000
0.001223 0.000574 0.000000
0.001224 0.000582 0.000000
0.001223 0.000591 0.000000
0.001223 0.000601 0.000000
0.001230 0.000300 0.000000
0.001230 0.000310 0.000000
0.001230 0.000320 0.000000
0.001231 0.000332 0.000000
0.001230 0.000339 0.000000
0.001230 0.000349 0.000000
0.001229 0.000362 0.000000
0.001232 0.000371 0.000000
0.001230 0.000378 0.000000
0.001231 0.000391 0.000000
0.001229 0.000398 0.000000
0.001232 0.000407 0.000000
0.001231 0.000421 0.000000
0.001230 0.000434 0.000000
0.001242 0.000436 0.000000
0.001235 0.000452 0.000000
0.001230 0.000460 0.000000
0.001229 0.000482 0.000000
0.001235 0.000472 0.000000
0.001233 0.000490 0.000000
0.001231 0.000500 0.000000
0.001234 0.000509 0.000000
0.001231 0.000520 0.000000
0.001235 0.000530 0.000000
0.001230 0.000538 0.000000
0.001234 0.000547 0.000000
0.001230 0.000559 0.000000
0.001236 0.000566 0.000000
0.001232 0.000578 0.000000
0.001233 0.000590 0.000000
0.001233 0.000601 0.000000
0.001240 0.000300 0.000000
0.001240 0.000310 0.000000
0.001240 0.000320 0.000000
0.001240 0.000329 0.000000
0.001240 0.000340 0.000000
0.001241 0.000352 0.000000
0.001239 0.000358 0.000000
0.001241 0.000368 0.000000
0.001238 0.000383 0.000000
0.001250 0.000387 0.000000
0.001242 0.000401 0.000000
0.001239 0.000413 0.000000
0.001243 0.000420 0.000000
0.001237 0.000428 0.000000
0.001231 0.000442 0.000000
0.001243 0.000447 0.000000
0.001239 0.000461 0.000000
0.001245 0.000471 0.000000
0.001239 0.000479 0.000000
0.001243 0.000491 0.000000
0.001241 0.000501 0.000000
0.001245 0.000512 0.000000
0.001240 0.000520 0.000000
0.001243 0.000531 0.000000
0.001243 0.000543 0.000000
0.001242 0.000553 0.000000
0.001244 0.000565 0.000000
0.001240 0.000574 0.000000
0.001245 0.000583 0.000000
0.001243 0.000591 0.000000
0.001243 0.000601 0.000000
0.001250 0.000300 0.000000
0.001250 0.000310 0.000000
0.001250 0.000320 0.000000
0.001250 0.000331 0.000000
0.001250 0.000341 0.000000
0.001250 0.000349 0.000000
0.001250 0.000361 0.000000
0.001252 0.000372 0.000000
0.001247 0.000379 0.000000
0.001243 0.000392 0.000000
0.001252 0.000399 0.000000
0.001250 0.000409 0.000000
0.001252 0.000419 0.000000
0.001251 0.000431 0.000000
0.001251 0.000442 0.000000
0.001252 0.000452 0.000000
0.001251 0.000459 0.000000
0.001253 0.000470 0.000000
0.001248 0.000485 0.000000
0.001263 0.000488 0.000000
0.001257 0.000499 0.000000
0.001250 0.000508 0.000000
0.001255 0.000519 0.000000
0.001251 0.000528 0.000000
0.001253 0.000539 0.000000
0.001253 0.000549 0.000000
0.001251 0.000557 0.000000
0.001255 0.000567 0.000000
0.001251 0.000577 0.000000
0.001253 0.000590 0.000000
0.001253 0.000601 0.000000
0.001260 0.000300 0.000000
0.001260 0.000310 0.000000
0.001260 0.000320 0.000000
0.001260 0.000329 0.000000
0.001260 0.000339 0.000000
0.001260 0.000350 0.000000
0.001261 0.000360 0.000000
0.001260 0.000369 0.000000
0.001261 0.000379 0.000000
0.001260 0.000390 0.000000
0.001262 0.000401 0.000000
0.001260 0.000410 0.000000
0.001262 0.000422 0.000000
0.001258 0.000430 0.000000
0.001263 0.000438 0.000000
0.001261 0.000448 0.000000
0.001260 0.000462 0.000000
0.001263 0.000471 0.000000
0.001258 0.000479 0.000000
0.001254 0.000491 0.000000
0.001259 0.000509 0.000000
0.001271 0.000500 0.000000
0.001260 0.000529 0.000000
0.001265 0.000522 0.000000
0.001262 0.000541 0.000000
0.001263 0.000553 0.000000
0.001263 0.000563 0.000000
0.001261 0.000575 0.000000
0.001264 0.000583 0.000000
0.001262 0.000591 0.000000
0.001263 0.000601 0.000000
0.001270 0.000300 0.000000
0.001270 0.000310 0.000000
0.001270 0.000320 0.000000
0.001270 0.000330 0.000000
0.001271 0.000341 0.000000
0.001269 0.000351 0.000000
0.001271 0.000359 0.000000
0.001270 0.000370 0.000000
0.001272 0.000382 0.000000
0.001269 0.000389 0.000000
0.001272 0.000399 0.000000
0.001270 0.000410 0.000000
0.001272 0.000419 0.000000
0.001272 0.000428 0.000000
0.001272 0.000442 0.000000
0.001269 0.000451 0.000000
0.001272 0.000458 0.000000
0.001273 0.000468 0.000000
0.001270 0.000481 0.000000
0.001279 0.000487 0.000000
0.001268 0.000499 0.000000
0.001268 0.000513 0.000000
0.001274 0.000521 0.000000
0.001272 0.000533 0.000000
0.001270 0.000543 0.000000
0.001276 0.000545 0.000000
0.001270 0.000559 0.000000
0.001275 0.000566 0.000000
0.001271 0.000578 0.000000
0.001273 0.000590 0.000000
0.001273 0.000601 0.000000
0.001280 0.000300 0.000000
0.001280 0.000310 0.000000
0.001280 0.000320 0.000000
0.001280 0.000330 0.000000
0.001280 0.000339 0.000000
0.001280 0.000349 0.000000
0.001281 0.000361 0.000000
0.001279 0.000371 0.000000
0.001282 0.000377 0.000000
0.001280 0.000390 0.000000
0.001281 0.000403 0.000000
0.001281 0.000410 0.000000
0.001281 0.000421 0.000000
0.001277 0.000436 0.000000
0.001285 0.000430 0.000000
0.001282 0.000450 0.000000
0.001280 0.000461 0.000000
0.001285 0.000474 0.000000
0.001276 0.000478 0.000000
0.001281 0.000497 0.000000
0.001277 0.000509 0.000000
0.001289 0.000503 0.000000
0.001284 0.000518 0.000000
0.001280 0.000530 0.000000
0.001284 0.000541 0.000000
0.001280 0.000554 0.000000
0.001284 0.000563 0.000000
0.001281 0.000575 0.000000
0.001284 0.000581 0.000000
0.001282 0.000591 0.000000
0.001283 0.000601 0.000000
0.001290 0.000300 0.000000
0.001290 0.000310 0.000000
0.001290 0.000320 0.000000
0.001290 0.000330 0.000000
0.001291 0.000341 0.000000
0.001290 0.000352 0.000000
0.001290 0.000358 0.000000
0.001291 0.000369 0.000000
0.001290 0.000382 0.000000
0.001290 0.000392 0.000000
0.001292 0.000396 0.000000
0.001290 0.000409 0.000000
0.001292 0.000422 0.000000
0.001293 0.000434 0.000000
0.001288 0.000442 0.000000
0.001292 0.000450 0.000000
0.001291 0.000461 0.000000
0.001292 0.000467 0.000000
0.001290 0.000482 0.000000
0.001288 0.000490 0.000000
0.001297 0.000498 0.000000
0.001288 0.000512 0.000000
0.001290 0.000526 0.000000
0.001303 0.000527 0.000000
0.001293 0.000541 0.000000
0.001290 0.000550 0.000000
0.001295 0.000557 0.000000
0.001290 0.000568 0.000000
0.001293 0.000578 0.000000
0.001292 0.000591 0.000000
0.001293 0.000601 0.000000
0.001300 0.000300 0.000000
0.001300 0.000310 0.000000
0.001300 0.000320 0.000000
0.001300 0.000330 0.000000
0.001300 0.000339 0.000000
0.001300 0.000349 0.000000
0.001300 0.000361 0.000000
0.001301 0.000372 0.000000
0.001300 0.000377 0.000000
0.001301 0.000389 0.000000
0.001299 0.000404 0.000000
0.001305 0.000413 0.000000
0.001298 0.000416 0.000000
0.001300 0.000428 0.000000
0.001301 0.000441 0.000000
0.001301 0.000449 0.000000
0.001302 0.000459 0.000000
0.001300 0.000472 0.000000
0.001302 0.000481 0.000000
0.001302 0.000487 0.000000
0.001300 0.000505 0.000000
0.001309 0.000513 0.000000
0.001298 0.000516 0.000000
0.001295 0.000532 0.000000
0.001304 0.000539 0.000000
0.001302 0.000551 0.000000
0.001301 0.000564 0.000000
0.001303 0.000573 0.000000
0.001302 0.000582 0.000000
0.001303 0.000591 0.000000
0.001302 0.000601 0.000000
0.001310 0.000300 0.000000
0.001310 0.000310 0.000000
0.001310 0.000319 0.000000
0.001311 0.000331 0.000000
0.001309 0.000341 0.000000
0.001311 0.000351 0.000000
0.001309 0.000359 0.000000
0.001311 0.000368 0.000000
0.001309 0.000382 0.000000
0.001312 0.000392 0.000000
0.001309 0.000398 0.000000
0.001311 0.000406 0.000000
0.001309 0.000423 0.000000
0.001313 0.000432 0.000000
0.001311 0.000437 0.000000
0.001311 0.000451 0.000000
0.001312 0.000463 0.000000
0.001312 0.000468 0.000000
0.001311 0.000478 0.000000
0.001316 0.000497 0.000000
0.001307 0.000494 0.000000
0.001312 0.000505 0.000000
0.001308 0.000521 0.000000
0.001314 0.000531 0.000000
0.001310 0.000542 0.000000
0.001315 0.000549 0.000000
0.001311 0.000558 0.000000
0.001313 0.000568 0.000000
0.001312 0.000579 0.000000
0.001313 0.000590 0.000000
0.001312 0.000601 0.000000
0.001320 0.000300 0.000000
0.001320 0.000310 0.000000
0.001320 0.000321 0.000000
0.001320 0.000329 0.000000
0.001320 0.000339 0.000000
0.001322 0.000349 0.000000
0.001319 0.000361 0.000000
0.001322 0.000373 0.000000
0.001319 0.000378 0.000000
0.001321 0.000387 0.000000
0.001320 0.000402 0.000000
0.001321 0.000413 0.000000
0.001319 0.000418 0.000000
0.001322 0.000427 0.000000
0.001318 0.000444 0.000000
0.001325 0.000450 0.000000
0.001320 0.000457 0.000000
0.001321 0.000471 0.000000
0.001323 0.000481 0.000000
0.001318 0.000488 0.000000
0.001324 0.000499 0.000000
0.001318 0.000517 0.000000
0.001333 0.000517 0.000000
0.001323 0.000528 0.000000
0.001322 0.000537 0.000000
0.001323 0.000552 0.000000
0.001322 0.000562 0.000000
0.001322 0.000573 0.000000
0.001323 0.000582 0.000000
0.001322 0.000591 0.000000
0.001322 0.000601 0.000000
0.001330 0.000300 0.000000
0.001330 0.000310 0.000000
0.001331 0.000319 0.000000
0.001329 0.000330 0.000000
0.001332 0.000341 0.000000
0.001328 0.000351 0.000000
0.001332 0.000359 0.000000
0.001329 0.000368 0.000000
0.001331 0.000381 0.000000
0.001329 0.000393 0.000000
0.001331 0.000398 0.000000
0.001332 0.000408 0.000000
0.001330 0.000420 0.000000
0.001333 0.000434 0.000000
0.001328 0.000437 0.000000
0.001333 0.000446 0.000000
0.001331 0.000459 0.000000
0.001331 0.000471 0.000000
0.001331 0.000479 0.000000
0.001331 0.000490 0.000000
0.001332 0.000501 0.000000
0.001326 0.000509 0.000000
0.001327 0.000520 0.000000
0.001328 0.000541 0.000000
0.001343 0.000536 0.000000
0.001334 0.000549 0.000000
0.001332 0.000559 0.000000
0.001333 0.000568 0.000000
0.001332 0.000579 0.000000
0.001332 0.000590 0.000000
0.001332 0.000601 0.000000
0.001340 0.000300 0.000000
0.001340 0.000310 0.000000
0.001340 0.000320 0.000000
0.001340 0.000330 0.000000
0.001340 0.000339 0.000000
0.001340 0.000349 0.000000
0.001342 0.000362 0.000000
0.001338 0.000371 0.000000
0.001342 0.000379 0.000000
0.001340 0.000388 0.000000
0.001341 0.000399 0.000000
0.001339 0.000413 0.000000
0.001342 0.000420 0.000000
0.001340 0.000428 0.000000
0.001342 0.000440 0.000000
0.001337 0.000461 0.000000
0.001343 0.000454 0.000000
0.001342 0.000467 0.000000
0.001342 0.000481 0.000000
0.001342 0.000491 0.000000
0.001343 0.000499 0.000000
0.001340 0.000509 0.000000
0.001344 0.000521 0.000000
0.001336 0.000528 0.000000
0.001338 0.000539 0.000000
0.001343 0.000552 0.000000
0.001342 0.000562 0.000000
0.001341 0.000572 0.000000
0.001343 0.000582 0.000000
0.001342 0.000591 0.000000
0.001342 0.000601 0.000000
0.001350 0.000300 0.000000
0.001350 0.000310 0.000000
0.001350 0.000320 0.000000
0.001351 0.000329 0.000000
0.001349 0.000341 0.000000
0.001352 0.000351 0.000000
0.001349 0.000359 0.000000
0.001351 0.000369 0.000000
0.001350 0.000381 0.000000
0.001350 0.000391 0.000000
0.001351 0.000401 0.000000
0.001349 0.000408 0.000000
0.001352 0.000418 0.000000
0.001350 0.000432 0.000000
0.001352 0.000442 0.000000
0.001350 0.000449 0.000000
0.001354 0.000459 0.000000
0.001348 0.000474 0.000000
0.001355 0.000482 0.000000
0.001350 0.000488 0.000000
0.001352 0.000501 0.000000
0.001351 0.000512 0.000000
0.001352 0.000519 0.000000
0.001351 0.000530 0.000000
0.001349 0.000546 0.000000
0.001358 0.000540 0.000000
0.001351 0.000559 0.000000
0.001356 0.000574 0.000000
0.001350 0.000578 0.000000
0.001353 0.000590 0.000000
0.001352 0.000601 0.000000
0.001360 0.000300 0.000000
0.001360 0.000310 0.000000
0.001360 0.000319 0.000000
0.001360 0.000331 0.000000
0.001360 0.000340 0.000000
0.001360 0.000349 0.000000
0.001360 0.000361 0.000000
0.001361 0.000371 0.000000
0.001360 0.000379 0.000000
0.001361 0.000389 0.000000
0.001361 0.000399 0.000000
0.001360 0.000411 0.000000
0.001363 0.000424 0.000000
0.001356 0.000428 0.000000
0.001364 0.000436 0.000000
0.001360 0.000452 0.000000
0.001355 0.000467 0.000000
0.001366 0.000464 0.000000
0.001361 0.000475 0.000000
0.001363 0.000490 0.000000
0.001360 0.000501 0.000000
0.001363 0.000508 0.000000
0.001361 0.000521 0.000000
0.001361 0.000531 0.000000
0.001361 0.000545 0.000000
0.001361 0.000554 0.000000
0.001366 0.000566 0.000000
0.001356 0.000565 0.000000
0.001363 0.000581 0.000000
0.001362 0.000590 0.000000
0.001362 0.000601 0.000000
0.001370 0.000300 0.000000
0.001370 0.000310 0.000000
0.001370 0.000321 0.000000
0.001370 0.000330 0.000000
0.001371 0.000339 0.000000
0.001369 0.000351 0.000000
0.001371 0.000359 0.000000
0.001370 0.000369 0.000000
0.001369 0.000381 0.000000
0.001372 0.000391 0.000000
0.001368 0.000402 0.000000
0.001373 0.000409 0.000000
0.001368 0.000417 0.000000
0.001372 0.000430 0.000000
0.001367 0.000444 0.000000
0.001371 0.000449 0.000000
0.001377 0.000457 0.000000
0.001376 0.000472 0.000000
0.001367 0.000488 0.000000
0.001383 0.000481 0.000000
0.001371 0.000500 0.000000
0.001371 0.000512 0.000000
0.001372 0.000521 0.000000
0.001372 0.000528 0.000000
0.001372 0.000538 0.000000
0.001372 0.000548 0.000000
0.001371 0.000557 0.000000
0.001372 0.000570 0.000000
0.001371 0.000580 0.000000
0.001372 0.000590 0.000000
0.001372 0.000601 0.000000
0.001380 0.000300 0.000000
0.001380 0.000310 0.000000
0.001380 0.000319 0.000000
0.001380 0.000329 0.000000
0.001380 0.000342 0.000000
0.001381 0.000348 0.000000
0.001380 0.000360 0.000000
0.001380 0.000371 0.000000
0.001381 0.000380 0.000000
0.001380 0.000389 0.000000
0.001380 0.000399 0.000000
0.001382 0.000412 0.000000
0.001378 0.000421 0.000000
0.001383 0.000431 0.000000
0.001379 0.000439 0.000000
0.001382 0.000448 0.000000
0.001370 0.000465 0.000000
0.001384 0.000467 0.000000
0.001372 0.000481 0.000000
0.001378 0.000490 0.000000
0.001383 0.000502 0.000000
0.001381 0.000508 0.000000
0.001382 0.000519 0.000000
0.001381 0.000532 0.000000
0.001382 0.000543 0.000000
0.001381 0.000552 0.000000
0.001382 0.000561 0.000000
0.001381 0.000571 0.000000
0.001382 0.000581 0.000000
0.001382 0.000590 0.000000
0.001382 0.000600 0.000000
0.001390 0.000300 0.000000
0.001390 0.000310 0.000000
0.001390 0.000320 0.000000
0.001390 0.000331 0.000000
0.001390 0.000339 0.000000
0.001390 0.000350 0.000000
0.001390 0.000361 0.000000
0.001390 0.000369 0.000000
0.001390 0.000379 0.000000
0.001390 0.000391 0.000000
0.001392 0.000401 0.000000
0.001388 0.000409 0.000000
0.001392 0.000419 0.000000
0.001389 0.000429 0.000000
0.001392 0.000441 0.000000
0.001390 0.000453 0.000000
0.001388 0.000460 0.000000
0.001398 0.000468 0.000000
0.001394 0.000484 0.000000
0.001387 0.000493 0.000000
0.001394 0.000494 0.000000
0.001391 0.000511 0.000000
0.001393 0.000523 0.000000
0.001392 0.000529 0.000000
0.001391 0.000538 0.000000
0.001393 0.000548 0.000000
0.001391 0.000560 0.000000
0.001392 0.000570 0.000000
0.001392 0.000580 0.000000
0.001392 0.000590 0.000000
0.001392 0.000600 0.000000
0.001400 0.000300 0.000000
0.001400 0.000310 0.000000
0.001400 0.000320 0.000000
0.001400 0.000329 0.000000
0.001400 0.000341 0.000000
0.001400 0.000351 0.000000
0.001400 0.000358 0.000000
0.001400 0.000370 0.000000
0.001400 0.000382 0.000000
0.001400 0.000389 0.000000
0.001401 0.000399 0.000000
0.001400 0.000411 0.000000
0.001402 0.000421 0.000000
0.001399 0.000431 0.000000
0.001401 0.000439 0.000000
0.001401 0.000448 0.000000
0.001401 0.000459 0.000000
0.001390 0.000475 0.000000
0.001403 0.000476 0.000000
0.001405 0.000487 0.000000
0.001399 0.000503 0.000000
0.001406 0.000513 0.000000
0.001398 0.000516 0.000000
0.001402 0.000532 0.000000
0.001402 0.000543 0.000000
0.001402 0.000552 0.000000
0.001401 0.000559 0.000000
0.001402 0.000570 0.000000
0.001402 0.000581 0.000000
0.001402 0.000590 0.000000
0.001402 0.000600 0.000000
0.001410 0.000300 0.000000
0.001410 0.000310 0.000000
0.001410 0.000319 0.000000
0.001410 0.000332 0.000000
0.001410 0.000339 0.000000
0.001411 0.000349 0.000000
0.001410 0.000361 0.000000
0.001410 0.000371 0.000000
0.001410 0.000378 0.000000
0.001411 0.000390 0.000000
0.001409 0.000402 0.000000
0.001412 0.000410 0.000000
0.001409 0.000419 0.000000
0.001411 0.000429 0.000000
0.001411 0.000440 0.000000
0.001409 0.000452 0.000000
0.001412 0.000461 0.000000
0.001410 0.000469 0.000000
0.001411 0.000480 0.000000
0.001405 0.000495 0.000000
0.001415 0.000497 0.000000
0.001409 0.000506 0.000000
0.001412 0.000522 0.000000
0.001410 0.000530 0.000000
0.001413 0.000538 0.000000
0.001411 0.000549 0.000000
0.001413 0.000561 0.000000
0.001411 0.000571 0.000000
0.001412 0.000579 0.000000
0.001412 0.000590 0.000000
0.001412 0.000600 0.000000
0.001420 0.000300 0.000000
0.001420 0.000310 0.000000
0.001420 0.000321 0.000000
0.001420 0.000329 0.000000
0.001420 0.000339 0.000000
0.001420 0.000352 0.000000
0.001420 0.000359 0.000000
0.001421 0.000369 0.000000
0.001420 0.000380 0.000000
0.001420 0.000392 0.000000
0.001420 0.000398 0.000000
0.001421 0.000409 0.000000
0.001420 0.000421 0.000000
0.001421 0.000431 0.000000
0.001420 0.000440 0.000000
0.001422 0.000449 0.000000
0.001420 0.000458 0.000000
0.001421 0.000471 0.000000
0.001422 0.000481 0.000000
0.001420 0.000488 0.000000
0.001423 0.000500 0.000000
0.001418 0.000514 0.000000
0.001424 0.000520 0.000000
0.001421 0.000530 0.000000
0.001421 0.000542 0.000000
0.001422 0.000552 0.000000
0.001420 0.000559 0.000000
0.001422 0.000569 0.000000
0.001421 0.000582 0.000000
0.001422 0.000591 0.000000
0.001422 0.000600 0.000000
0.001430 0.000300 0.000000
0.001430 0.000310 0.000000
0.001430 0.000319 0.000000
0.001430 0.000330 0.000000
0.001429 0.000341 0.000000
0.001431 0.000348 0.000000
0.001430 0.000360 0.000000
0.001431 0.000371 0.000000
0.001429 0.000381 0.000000
0.001431 0.000388 0.000000
0.001430 0.000400 0.000000
0.001430 0.000412 0.000000
0.001431 0.000419 0.000000
0.001430 0.000429 0.000000
0.001431 0.000440 0.000000
0.001431 0.000451 0.000000
0.001430 0.000461 0.000000
0.001431 0.000470 0.000000
0.001431 0.000479 0.000000
0.001430 0.000491 0.000000
0.001432 0.000503 0.000000
0.001426 0.000509 0.000000
0.001438 0.000517 0.000000
0.001433 0.000531 0.000000
0.001431 0.000539 0.000000
0.001431 0.000549 0.000000
0.001433 0.000561 0.000000
0.001431 0.000572 0.000000
0.001431 0.000579 0.000000
0.001432 0.000590 0.000000
0.001432 0.000600 0.000000
0.001440 0.000300 0.000000
0.001440 0.000310 0.000000
0.001440 0.000320 0.000000
0.001440 0.000330 0.000000
0.001441 0.000339 0.000000
0.001440 0.000350 0.000000
0.001440 0.000362 0.000000
0.001440 0.000369 0.000000
0.001441 0.000379 0.000000
0.001440 0.000391 0.000000
0.001440 0.000402 0.000000
0.001441 0.000407 0.000000
0.001440 0.000420 0.000000
0.001441 0.000432 0.000000
0.001440 0.000440 0.000000
0.001440 0.000449 0.000000
0.001441 0.000458 0.000000
0.001441 0.000470 0.000000
0.001440 0.000481 0.000000
0.001442 0.000490 0.000000
0.001441 0.000498 0.000000
0.001441 0.000510 0.000000
0.001433 0.000524 0.000000
0.001444 0.000528 0.000000
0.001442 0.000542 0.000000
0.001442 0.000551 0.000000
0.001441 0.000559 0.000000
0.001441 0.000569 0.000000
0.001443 0.000581 0.000000
0.001441 0.000590 0.000000
0.001442 0.000600 0.000000
0.001450 0.000300 0.000000
0.001450 0.000310 0.000000
0.001450 0.000320 0.000000
0.001450 0.000329 0.000000
0.001451 0.000341 0.000000
0.001449 0.000351 0.000000
0.001451 0.000358 0.000000
0.001450 0.000370 0.000000
0.001450 0.000382 0.000000
0.001450 0.000389 0.000000
0.001451 0.000399 0.000000
0.001450 0.000411 0.000000
0.001451 0.000421 0.000000
0.001450 0.000428 0.000000
0.001451 0.000440 0.000000
0.001451 0.000452 0.000000
0.001450 0.000461 0.000000
0.001451 0.000471 0.000000
0.001451 0.000479 0.000000
0.001450 0.000489 0.000000
0.001450 0.000502 0.000000
0.001452 0.000512 0.000000
0.001450 0.000518 0.000000
0.001452 0.000530 0.000000
0.001448 0.000540 0.000000
0.001454 0.000551 0.000000
0.001451 0.000562 0.000000
0.001453 0.000571 0.000000
0.001450 0.000580 0.000000
0.001452 0.000590 0.000000
0.001452 0.000600 0.000000
0.001460 0.000300 0.000000
0.001460 0.000310 0.000000
0.001460 0.000320 0.000000
0.001461 0.000331 0.000000
0.001459 0.000340 0.000000
0.001461 0.000349 0.000000
0.001460 0.000361 0.000000
0.001460 0.000371 0.000000
0.001461 0.000378 0.000000
0.001460 0.000390 0.000000
0.001461 0.000401 0.000000
0.001459 0.000410 0.000000
0.001462 0.000419 0.000000
0.001460 0.000431 0.000000
0.001461 0.000442 0.000000
0.001460 0.000448 0.000000
0.001461 0.000459 0.000000
0.001461 0.000469 0.000000
0.001460 0.000481 0.000000
0.001462 0.000492 0.000000
0.001460 0.000498 0.000000
0.001461 0.000508 0.000000
0.001461 0.000521 0.000000
0.001461 0.000531 0.000000
0.001461 0.000540 0.000000
0.001463 0.000548 0.000000
0.001460 0.000557 0.000000
0.001461 0.000571 0.000000
0.001462 0.000580 0.000000
0.001461 0.000590 0.000000
0.001462 0.000600 0.000000
0.001470 0.000300 0.000000
0.001470 0.000310 0.000000
0.001470 0.000320 0.000000
0.001470 0.000329 0.000000
0.001470 0.000340 0.000000
0.001470 0.000352 0.000000
0.001470 0.000359 0.000000
0.001471 0.000369 0.000000
0.001470 0.000381 0.000000
0.001470 0.000391 0.000000
0.001471 0.000399 0.000000
0.001471 0.000410 0.000000
0.001470 0.000421 0.000000
0.001469 0.000431 0.000000
0.001472 0.000437 0.000000
0.001469 0.000450 0.000000
0.001472 0.000462 0.000000
0.001469 0.000471 0.000000
0.001472 0.000479 0.000000
0.001470 0.000489 0.000000
0.001471 0.000501 0.000000
0.001471 0.000512 0.000000
0.001471 0.000519 0.000000
0.001472 0.000529 0.000000
0.001472 0.000540 0.000000
0.001469 0.000561 0.000000
0.001474 0.000552 0.000000
0.001471 0.000570 0.000000
0.001471 0.000581 0.000000
0.001472 0.000590 0.000000
0.001472 0.000600 0.000000
0.001480 0.000300 0.000000
0.001480 0.000310 0.000000
0.001480 0.000319 0.000000
0.001480 0.000331 0.000000
0.001480 0.000341 0.000000
0.001480 0.000349 0.000000
0.001480 0.000360 0.000000
0.001480 0.000371 0.000000
0.001480 0.000380 0.000000
0.001481 0.000388 0.000000
0.001480 0.000400 0.000000
0.001480 0.000412 0.000000
0.001481 0.000418 0.000000
0.001481 0.000429 0.000000
0.001479 0.000442 0.000000
0.001481 0.000451 0.000000
0.001480 0.000458 0.000000
0.001481 0.000469 0.000000
0.001482 0.000481 0.000000
0.001480 0.000491 0.000000
0.001482 0.000500 0.000000
0.001480 0.000508 0.000000
0.001481 0.000520 0.000000
0.001480 0.000532 0.000000
0.001481 0.000540 0.000000
0.001482 0.000551 0.000000
0.001480 0.000562 0.000000
0.001482 0.000571 0.000000
0.001482 0.000579 0.000000
0.001481 0.000590 0.000000
0.001481 0.000600 0.000000
0.001490 0.000300 0.000000
0.001490 0.000310 0.000000
0.001490 0.000321 0.000000
0.001490 0.000330 0.000000
0.001490 0.000339 0.000000
0.001490 0.000350 0.000000
0.001490 0.000361 0.000000
0.001490 0.000369 0.000000
0.001491 0.000379 0.000000
0.001490 0.000391 0.000000
0.001490 0.000401 0.000000
0.001491 0.000408 0.000000
0.001490 0.000420 0.000000
0.001491 0.000432 0.000000
0.001489 0.000439 0.000000
0.001492 0.000448 0.000000
0.001490 0.000461 0.000000
0.001491 0.000472 0.000000
0.001490 0.000479 0.000000
0.001491 0.000490 0.000000
0.001490 0.000500 0.000000
0.001491 0.000511 0.000000
0.001491 0.000521 0.000000
0.001491 0.000528 0.000000
0.001491 0.000539 0.000000
0.001491 0.000550 0.000000
0.001492 0.000560 0.000000
0.001492 0.000570 0.000000
0.001491 0.000581 0.000000
0.001492 0.000590 0.000000
0.001491 0.000600 0.000000
0.001500 0.000300 0.000000
0.001500 0.000310 0.000000
0.001500 0.000320 0.000000
0.001500 0.000330 0.000000
0.001501 0.000341 0.000000
0.001500 0.000350 0.000000
0.001500 0.000359 0.000000
0.001500 0.000370 0.000000
0.001500 0.000381 0.000000
0.001500 0.000389 0.000000
0.001501 0.000399 0.000000
0.001500 0.000411 0.000000
0.001500 0.000422 0.000000
0.001501 0.000428 0.000000
0.001501 0.000440 0.000000
0.001499 0.000452 0.000000
0.001501 0.000460 0.000000
0.001502 0.000468 0.000000
0.001501 0.000480 0.000000
0.001502 0.000491 0.000000
0.001501 0.000500 0.000000
0.001501 0.000510 0.000000
0.001501 0.000519 0.000000
0.001500 0.000532 0.000000
0.001503 0.000541 0.000000
0.001499 0.000550 0.000000
0.001502 0.000559 0.000000
0.001500 0.000571 0.000000
0.001502 0.000579 0.000000
0.001501 0.000590 0.000000
0.001501 0.000600 0.000000
0.001510 0.000300 0.000000
0.001510 0.000310 0.000000
0.001510 0.000320 0.000000
0.001510 0.000330 0.000000
0.001510 0.000339 0.000000
0.001510 0.000350 0.000000
0.001510 0.000360 0.000000
0.001510 0.000370 0.000000
0.001510 0.000379 0.000000
0.001510 0.000390 0.000000
0.001510 0.000401 0.000000
0.001509 0.000410 0.000000
0.001512 0.000419 0.000000
0.001510 0.000430 0.000000
0.001511 0.000442 0.000000
0.001511 0.000448 0.000000
0.001512 0.000459 0.000000
0.001509 0.000472 0.000000
0.001512 0.000481 0.000000
0.001509 0.000489 0.000000
0.001511 0.000500 0.000000
0.001510 0.000511 0.000000
0.001512 0.000520 0.000000
0.001511 0.000530 0.000000
0.001511 0.000539 0.000000
0.001511 0.000550 0.000000
0.001511 0.000561 0.000000
0.001512 0.000570 0.000000
0.001511 0.000581 0.000000
0.001511 0.000590 0.000000
0.001511 0.000600 0.000000
0.001520 0.000300 0.000000
0.001520 0.000310 0.000000
0.001520 0.000320 0.000000
0.001521 0.000330 0.000000
0.001519 0.000341 0.000000
0.001521 0.000350 0.000000
0.001519 0.000360 0.000000
0.001520 0.000370 0.000000
0.001520 0.000380 0.000000
0.001520 0.000391 0.000000
0.001521 0.000399 0.000000
0.001521 0.000409 0.000000
0.001520 0.000421 0.000000
0.001520 0.000431 0.000000
0.001522 0.000438 0.000000
0.001520 0.000450 0.000000
0.001521 0.000462 0.000000
0.001520 0.000469 0.000000
0.001522 0.000479 0.000000
0.001520 0.000491 0.000000
0.001522 0.000501 0.000000
0.001520 0.000509 0.000000
0.001521 0.000520 0.000000
0.001521 0.000530 0.000000
0.001520 0.000541 0.000000
0.001522 0.000551 0.000000
0.001520 0.000559 0.000000
0.001522 0.000569 0.000000
0.001521 0.000579 0.000000
0.001521 0.000590 0.000000
0.001521 0.000600 0.000000
0.001530 0.000300 0.000000
0.001530 0.000310 0.000000
0.001531 0.000320 0.000000
0.001529 0.000330 0.000000
0.001530 0.000340 0.000000
0.001530 0.000349 0.000000
0.001530 0.000360 0.000000
0.001530 0.000371 0.000000
0.001529 0.000381 0.000000
0.001531 0.000389 0.000000
0.001530 0.000400 0.000000
0.001530 0.000412 0.000000
0.001530 0.000419 0.000000
0.001531 0.000429 0.000000
0.001529 0.000441 0.000000
0.001531 0.000451 0.000000
0.001531 0.000458 0.000000
0.001531 0.000470 0.000000
0.001529 0.000482 0.000000
0.001532 0.000490 0.000000
0.001530 0.000499 0.000000
0.001531 0.000510 0.000000
0.001531 0.000521 0.000000
0.001531 0.000530 0.000000
0.001531 0.000539 0.000000
0.001530 0.000549 0.000000
0.001531 0.000560 0.000000
0.001531 0.000571 0.000000
0.001531 0.000581 0.000000
0.001531 0.000590 0.000000
0.001531 0.000600 0.000000
0.001540 0.000300 0.000000
0.001540 0.000310 0.000000
0.001540 0.000320 0.000000
0.001540 0.000330 0.000000
0.001541 0.000340 0.000000
0.001540 0.000350 0.000000
0.001540 0.000361 0.000000
0.001540 0.000369 0.000000
0.001540 0.000379 0.000000
0.001540 0.000391 0.000000
0.001540 0.000401 0.000000
0.001541 0.000408 0.000000
0.001540 0.000420 0.000000
0.001540 0.000432 0.000000
0.001540 0.000439 0.000000
0.001542 0.000449 0.000000
0.001539 0.000461 0.000000
0.001541 0.000472 0.000000
0.001540 0.000478 0.000000
0.001541 0.000489 0.000000
0.001540 0.000501 0.000000
0.001541 0.000511 0.000000
0.001541 0.000519 0.000000
0.001541 0.000530 0.000000
0.001541 0.000541 0.000000
0.001540 0.000551 0.000000
0.001542 0.000560 0.000000
0.001540 0.000569 0.000000
0.001542 0.000579 0.000000
0.001541 0.000590 0.000000
0.001541 0.000600 0.000000
0.001550 0.000300 0.000000
0.001550 0.000310 0.000000
0.001550 0.000320 0.000000
0.001551 0.000330 0.000000
0.001549 0.000340 0.000000
0.001550 0.000349 0.000000
0.001551 0.000359 0.000000
0.001550 0.000371 0.000000
0.001551 0.000381 0.000000
0.001549 0.000389 0.000000
0.001551 0.000399 0.000000
0.001550 0.000411 0.000000
0.001551 0.000421 0.000000
0.001550 0.000428 0.000000
0.001551 0.000440 0.000000
0.001549 0.000451 0.000000
0.001551 0.000461 0.000000
0.001551 0.000468 0.000000
0.001551 0.000480 0.000000
0.001550 0.000492 0.000000
0.001551 0.000499 0.000000
0.001551 0.000509 0.000000
0.001551 0.000520 0.000000
0.001552 0.000531 0.000000
0.001550 0.000539 0.000000
0.001552 0.000549 0.000000
0.001550 0.000560 0.000000
0.001552 0.000571 0.000000
0.001550 0.000582 0.000000
0.001551 0.000590 0.000000
0.001551 0.000600 0.000000
0.001560 0.000300 0.000000
0.001560 0.000310 0.000000
0.001560 0.000321 0.000000
0.001560 0.000329 0.000000
0.001560 0.000340 0.000000
0.001561 0.000351 0.000000
0.001559 0.000361 0.000000
0.001561 0.000369 0.000000
0.001560 0.000379 0.000000
0.001560 0.000391 0.000000
0.001561 0.000401 0.000000
0.001559 0.000410 0.000000
0.001561 0.000419 0.000000
0.001559 0.000430 0.000000
0.001561 0.000442 0.000000
0.001559 0.000449 0.000000
0.001562 0.000458 0.000000
0.001559 0.000472 0.000000
0.001562 0.000481 0.000000
0.001560 0.000487 0.000000
0.001561 0.000500 0.000000
0.001560 0.000512 0.000000
0.001561 0.000520 0.000000
0.001561 0.000529 0.000000
0.001561 0.000540 0.000000
0.001561 0.000552 0.000000
0.001561 0.000560 0.000000
0.001561 0.000569 0.000000
0.001561 0.000578 0.000000
0.001561 0.000590 0.000000
0.001561 0.000600 0.000000
0.001570 0.000300 0.000000
0.001570 0.000310 0.000000
0.001570 0.000319 0.000000
0.001570 0.000331 0.000000
0.001570 0.000341 0.000000
0.001570 0.000349 0.000000
0.001570 0.000359 0.000000
0.001571 0.000371 0.000000
0.001570 0.000381 0.000000
0.001571 0.000390 0.000000
0.001569 0.000399 0.000000
0.001570 0.000410 0.000000
0.001570 0.000421 0.000000
0.001569 0.000431 0.000000
0.001572 0.000438 0.000000
0.001570 0.000450 0.000000
0.001569 0.000464 0.000000
0.001571 0.000468 0.000000
0.001571 0.000479 0.000000
0.001570 0.000491 0.000000
0.001571 0.000502 0.000000
0.001571 0.000508 0.000000
0.001572 0.000519 0.000000
0.001570 0.000531 0.000000
0.001572 0.000541 0.000000
0.001571 0.000548 0.000000
0.001572 0.000560 0.000000
0.001570 0.000572 0.000000
0.001572 0.000581 0.000000
0.001571 0.000590 0.000000
0.001571 0.000600 0.000000
0.001580 0.000300 0.000000
0.001580 0.000310 0.000000
0.001580 0.000321 0.000000
0.001580 0.000330 0.000000
0.001580 0.000339 0.000000
0.001580 0.000351 0.000000
0.001581 0.000361 0.000000
0.001579 0.000369 0.000000
0.001580 0.000379 0.000000
0.001581 0.000390 0.000000
0.001580 0.000401 0.000000
0.001581 0.000411 0.000000
0.001579 0.000419 0.000000
0.001581 0.000429 0.000000
0.001579 0.000442 0.000000
0.001581 0.000451 0.000000
0.001580 0.000457 0.000000
0.001581 0.000470 0.000000
0.001579 0.000483 0.000000
0.001581 0.000488 0.000000
0.001582 0.000499 0.000000
0.001580 0.000511 0.000000
0.001581 0.000522 0.000000
0.001581 0.000529 0.000000
0.001582 0.000539 0.000000
0.001580 0.000551 0.000000
0.001581 0.000561 0.000000
0.001581 0.000568 0.000000
0.001581 0.000578 0.000000
0.001581 0.000590 0.000000
0.001581 0.000600 0.000000
0.001590 0.000300 0.000000
0.001590 0.000310 0.000000
0.001590 0.000320 0.000000
0.001590 0.000330 0.000000
0.001590 0.000341 0.000000
0.001590 0.000350 0.000000
0.001590 0.000359 0.000000
0.001590 0.000370 0.000000
0.001591 0.000381 0.000000
0.001588 0.000391 0.000000
0.001591 0.000399 0.000000
0.001590 0.000409 0.000000
0.001590 0.000421 0.000000
0.001591 0.000431 0.000000
0.001590 0.000439 0.000000
0.001591 0.000449 0.000000
0.001590 0.000461 0.000000
0.001590 0.000472 0.000000
0.001591 0.000477 0.000000
0.001591 0.000490 0.000000
0.001590 0.000501 0.000000
0.001591 0.000511 0.000000
0.001591 0.000517 0.000000
0.001591 0.000530 0.000000
0.001590 0.000543 0.000000
0.001592 0.000548 0.000000
0.001591 0.000558 0.000000
0.001590 0.000572 0.000000
0.001591 0.000581 0.000000
0.001591 0.000590 0.000000
0.001591 0.000600 0.000000
0.001600 0.000300 0.000000
0.001600 0.000310 0.000000
0.001600 0.000320 0.000000
0.001600 0.000331 0.000000
0.001600 0.000340 0.000000
0.001600 0.000350 0.000000
0.001600 0.000361 0.000000
0.001601 0.000370 0.000000
0.001600 0.000379 0.000000
0.001600 0.000389 0.000000
0.001601 0.000401 0.000000
0.001599 0.000411 0.000000
0.001602 0.000419 0.000000
0.001599 0.000429 0.000000
0.001601 0.000440 0.000000
0.001599 0.000452 0.000000
0.001601 0.000460 0.000000
0.001601 0.000468 0.000000
0.001600 0.000480 0.000000
0.001600 0.000492 0.000000
0.001601 0.000499 0.000000
0.001602 0.000508 0.000000
0.001599 0.000522 0.000000
0.001602 0.000532 0.000000
0.001600 0.000537 0.000000
0.001601 0.000550 0.000000
0.001599 0.000563 0.000000
0.001603 0.000567 0.000000
0.001600 0.000579 0.000000
0.001601 0.000590 0.000000
0.001601 0.000600 0.000000
0.001610 0.000300 0.000000
0.001610 0.000310 0.000000
0.001610 0.000321 0.000000
0.001610 0.000329 0.000000
0.001610 0.000340 0.000000
0.001610 0.000351 0.000000
0.001610 0.000360 0.000000
0.001611 0.000369 0.000000
0.001610 0.000381 0.000000
0.001611 0.000391 0.000000
0.001609 0.000399 0.000000
0.001611 0.000409 0.000000
0.001609 0.000421 0.000000
0.001610 0.000430 0.000000
0.001611 0.000441 0.000000
0.001610 0.000449 0.000000
0.001611 0.000459 0.000000
0.001609 0.000471 0.000000
0.001611 0.000481 0.000000
0.001611 0.000487 0.000000
0.001611 0.000500 0.000000
0.001609 0.000514 0.000000
0.001612 0.000517 0.000000
0.001611 0.000528 0.000000
0.001610 0.000542 0.000000
0.001611 0.000551 0.000000
0.001611 0.000558 0.000000
0.001610 0.000572 0.000000
0.001611 0.000581 0.000000
0.001611 0.000590 0.000000
0.001611 0.000600 0.000000
0.001620 0.000300 0.000000
0.001620 0.000310 0.000000
0.001620 0.000319 0.000000
0.001620 0.000330 0.000000
0.001620 0.000341 0.000000
0.001620 0.000349 0.000000
0.001620 0.000360 0.000000
0.001620 0.000372 0.000000
0.001620 0.000379 0.000000
0.001620 0.000389 0.000000
0.001620 0.000401 0.000000
0.001621 0.000411 0.000000
0.001620 0.000419 0.000000
0.001621 0.000429 0.000000
0.001619 0.000439 0.000000
0.001621 0.000450 0.000000
0.001619 0.000462 0.000000
0.001621 0.000469 0.000000
0.001621 0.000478 0.000000
0.001620 0.000492 0.000000
0.001621 0.000502 0.000000
0.001621 0.000507 0.000000
0.001621 0.000521 0.000000
0.001619 0.000534 0.000000
0.001623 0.000537 0.000000
0.001620 0.000549 0.000000
0.001621 0.000561 0.000000
0.001621 0.000570 0.000000
0.001621 0.000578 0.000000
0.001621 0.000590 0.000000
0.001621 0.000600 0.000000
0.001630 0.000300 0.000000
0.001630 0.000310 0.000000
0.001630 0.000321 0.000000
0.001630 0.000330 0.000000
0.001630 0.000339 0.000000
0.001630 0.000350 0.000000
0.001630 0.000361 0.000000
0.001630 0.000368 0.000000
0.001630 0.000380 0.000000
0.001630 0.000392 0.000000
0.001630 0.000399 0.000000
0.001630 0.000409 0.000000
0.001630 0.000420 0.000000
0.001631 0.000431 0.000000
0.001630 0.000440 0.000000
0.001631 0.000450 0.000000
0.001630 0.000458 0.000000
0.001631 0.000470 0.000000
0.001629 0.000483 0.000000
0.001631 0.000488 0.000000
0.001632 0.000498 0.000000
0.001630 0.000511 0.000000
0.001630 0.000522 0.000000
0.001631 0.000528 0.000000
0.001631 0.000541 0.000000
0.001631 0.000552 0.000000
0.001631 0.000560 0.000000
0.001631 0.000570 0.000000
0.001631 0.000582 0.000000
0.001630 0.000590 0.000000
0.001631 0.000600 0.000000
0.001640 0.000300 0.000000
0.001640 0.000310 0.000000
0.001640 0.000320 0.000000
0.001640 0.000330 0.000000
0.001640 0.000341 0.000000
0.001640 0.000350 0.000000
0.001640 0.000359 0.000000
0.001640 0.000370 0.000000
0.001640 0.000381 0.000000
0.001640 0.000389 0.000000
0.001640 0.000400 0.000000
0.001640 0.000411 0.000000
0.001641 0.000420 0.000000
0.001639 0.000429 0.000000
0.001641 0.000439 0.000000
0.001640 0.000450 0.000000
0.001641 0.000461 0.000000
0.001640 0.000471 0.000000
0.001641 0.000478 0.000000
0.001641 0.000490 0.000000
0.001638 0.000503 0.000000
0.001642 0.000509 0.000000
0.001641 0.000519 0.000000
0.001641 0.000531 0.000000
0.001639 0.000541 0.000000
0.001643 0.000548 0.000000
0.001640 0.000559 0.000000
0.001641 0.000570 0.000000
0.001640 0.000579 0.000000
0.001641 0.000590 0.000000
0.001641 0.000600 0.000000
0.001650 0.000300 0.000000
0.001650 0.000310 0.000000
0.001649 0.000320 0.000000
0.001650 0.000331 0.000000
0.001650 0.000340 0.000000
0.001650 0.000349 0.000000
0.001650 0.000361 0.000000
0.001650 0.000371 0.000000
0.001651 0.000379 0.000000
0.001650 0.000390 0.000000
0.001651 0.000401 0.000000
0.001649 0.000409 0.000000
0.001651 0.000419 0.000000
0.001650 0.000431 0.000000
0.001650 0.000441 0.000000
0.001650 0.000450 0.000000
0.001651 0.000459 0.000000
0.001650 0.000469 0.000000
0.001650 0.000481 0.000000
0.001651 0.000491 0.000000
0.001650 0.000498 0.000000
0.001652 0.000508 0.000000
0.001649 0.000522 0.000000
0.001652 0.000531 0.000000
0.001650 0.000538 0.000000
0.001651 0.000551 0.000000
0.001650 0.000562 0.000000
0.001651 0.000570 0.000000
0.001651 0.000580 0.000000
0.001650 0.000590 0.000000
0.001651 0.000600 0.000000
0.001660 0.000300 0.000000
0.001660 0.000310 0.000000
0.001660 0.000320 0.000000
0.001660 0.000329 0.000000
0.001660 0.000340 0.000000
0.001660 0.000352 0.000000
0.001660 0.000359 0.000000
0.001660 0.000369 0.000000
0.001660 0.000381 0.000000
0.001659 0.000391 0.000000
0.001661 0.000398 0.000000
0.001660 0.000410 0.000000
0.001660 0.000422 0.000000
0.001660 0.000429 0.000000
0.001660 0.000439 0.000000
0.001661 0.000450 0.000000
0.001660 0.000461 0.000000
0.001661 0.000471 0.000000
0.001660 0.000480 0.000000
0.001661 0.000489 0.000000
0.001661 0.000500 0.000000
0.001658 0.000516 0.000000
0.001663 0.000516 0.000000
0.001661 0.000528 0.000000
0.001661 0.000541 0.000000
0.001660 0.000551 0.000000
0.001662 0.000557 0.000000
0.001661 0.000570 0.000000
0.001660 0.000581 0.000000
0.001661 0.000590 0.000000
0.001661 0.000600 0.000000
0.001670 0.000300 0.000000
0.001670 0.000310 0.000000
0.001670 0.000319 0.000000
0.001670 0.000331 0.000000
0.001670 0.000341 0.000000
0.001670 0.000348 0.000000
0.001670 0.000360 0.000000
0.001670 0.000372 0.000000
0.001670 0.000379 0.000000
0.001671 0.000389 0.000000
0.001669 0.000401 0.000000
0.001670 0.000411 0.000000
0.001671 0.000418 0.000000
0.001670 0.000430 0.000000
0.001671 0.000442 0.000000
0.001669 0.000450 0.000000
0.001671 0.000460 0.000000
0.001669 0.000469 0.000000
0.001671 0.000479 0.000000
0.001670 0.000491 0.000000
0.001671 0.000501 0.000000
0.001670 0.000507 0.000000
0.001671 0.000521 0.000000
0.001667 0.000535 0.000000
0.001674 0.000536 0.000000
0.001671 0.000549 0.000000
0.001670 0.000562 0.000000
0.001672 0.000571 0.000000
0.001670 0.000579 0.000000
0.001671 0.000590 0.000000
0.001671 0.000600 0.000000
0.001680 0.000300 0.000000
0.001680 0.000310 0.000000
0.001680 0.000321 0.000000
0.001680 0.000329 0.000000
0.001680 0.000339 0.000000
0.001680 0.000351 0.000000
0.001680 0.000361 0.000000
0.001681 0.000368 0.000000
0.001680 0.000380 0.000000
0.001680 0.000392 0.000000
0.001680 0.000399 0.000000
0.001681 0.000409 0.000000
0.001680 0.000421 0.000000
0.001680 0.000431 0.000000
0.001680 0.000438 0.000000
0.001680 0.000450 0.000000
0.001681 0.000460 0.000000
0.001680 0.000471 0.000000
0.001681 0.000482 0.000000
0.001680 0.000488 0.000000
0.001681 0.000499 0.000000
0.001680 0.000511 0.000000
0.001680 0.000521 0.000000
0.001681 0.000527 0.000000
0.001680 0.000541 0.000000
0.001679 0.000553 0.000000
0.001683 0.000557 0.000000
0.001680 0.000569 0.000000
0.001681 0.000581 0.000000
0.001680 0.000590 0.000000
0.001681 0.000600 0.000000
0.001690 0.000300 0.000000
0.001690 0.000310 0.000000
0.001690 0.000320 0.000000
0.001690 0.000330 0.000000
0.001690 0.000341 0.000000
0.001690 0.000349 0.000000
0.001690 0.000359 0.000000
0.001690 0.000371 0.000000
0.001690 0.000381 0.000000
0.001690 0.000389 0.000000
0.001691 0.000400 0.000000
0.001689 0.000412 0.000000
0.001690 0.000420 0.000000
0.001691 0.000429 0.000000
0.001690 0.000441 0.000000
0.001692 0.000451 0.000000
0.001689 0.000460 0.000000
0.001691 0.000469 0.000000
0.001690 0.000479 0.000000
0.001690 0.000491 0.000000
0.001691 0.000502 0.000000
0.001690 0.000509 0.000000
0.001691 0.000519 0.000000
0.001690 0.000531 0.000000
0.001690 0.000541 0.000000
0.001691 0.000548 0.000000
0.001689 0.000562 0.000000
0.001692 0.000571 0.000000
0.001689 0.000580 0.000000
0.001691 0.000590 0.000000
0.001691 0.000600 0.000000
0.001700 0.000300 0.000000
0.001700 0.000310 0.000000
0.001700 0.000320 0.000000
0.001700 0.000331 0.000000
0.001700 0.000339 0.000000
0.001700 0.000350 0.000000
0.001700 0.000361 0.000000
0.001700 0.000370 0.000000
0.001700 0.000379 0.000000
0.001700 0.000390 0.000000
0.001700 0.000401 0.000000
0.001700 0.000409 0.000000
0.001700 0.000420 0.000000
0.001700 0.000431 0.000000
0.001700 0.000441 0.000000
0.001700 0.000449 0.000000
0.001700 0.000460 0.000000
0.001701 0.000472 0.000000
0.001699 0.000481 0.000000
0.001701 0.000490 0.000000
0.001700 0.000499 0.000000
0.001701 0.000510 0.000000
0.001700 0.000521 0.000000
0.001700 0.000530 0.000000
0.001701 0.000539 0.000000
0.001700 0.000550 0.000000
0.001701 0.000560 0.000000
0.001700 0.000569 0.000000
0.001702 0.000580 0.000000
0.001700 0.000590 0.000000
0.001701 0.000600 0.000000
0.001710 0.000300 0.000000
0.001710 0.000310 0.000000
0.001710 0.000320 0.000000
0.001710 0.000329 0.000000
0.001710 0.000340 0.000000
0.001711 0.000351 0.000000
0.001709 0.000359 0.000000
0.001711 0.000369 0.000000
0.001709 0.000381 0.000000
0.001710 0.000391 0.000000
0.001710 0.000399 0.000000
0.001710 0.000410 0.000000
0.001710 0.000422 0.000000
0.001710 0.000429 0.000000
0.001711 0.000439 0.000000
0.001710 0.000451 0.000000
0.001710 0.000461 0.000000
0.001710 0.000468 0.000000
0.001710 0.000479 0.000000
0.001711 0.000490 0.000000
0.001710 0.000501 0.000000
0.001712 0.000511 0.000000
0.001709 0.000519 0.000000
0.001711 0.000529 0.000000
0.001710 0.000541 0.000000
0.001710 0.000551 0.000000
0.001710 0.000559 0.000000
0.001711 0.000570 0.000000
0.001710 0.000581 0.000000
0.001711 0.000590 0.000000
0.001711 0.000600 0.000000
0.001720 0.000300 0.000000
0.001720 0.000310 0.000000
0.001720 0.000319 0.000000
0.001720 0.000331 0.000000
0.001720 0.000341 0.000000
0.001720 0.000349 0.000000
0.001720 0.000360 0.000000
0.001720 0.000372 0.000000
0.001720 0.000379 0.000000
0.001721 0.000389 0.000000
0.001720 0.000401 0.000000
0.001720 0.000411 0.000000
0.001721 0.000418 0.000000
0.001720 0.000430 0.000000
0.001719 0.000442 0.000000
0.001720 0.000449 0.000000
0.001721 0.000459 0.000000
0.001720 0.000471 0.000000
0.001721 0.000481 0.000000
0.001719 0.000490 0.000000
0.001721 0.000500 0.000000
0.001720 0.000509 0.000000
0.001721 0.000520 0.000000
0.001720 0.000532 0.000000
0.001720 0.000539 0.000000
0.001721 0.000548 0.000000
0.001720 0.000561 0.000000
0.001720 0.000571 0.000000
0.001722 0.000578 0.000000
0.001720 0.000590 0.000000
0.001721 0.000600 0.000000
0.001730 0.000300 0.000000
0.001730 0.000310 0.000000
0.001730 0.000321 0.000000
0.001730 0.000330 0.000000
0.001730 0.000339 0.000000
0.001730 0.000351 0.000000
0.001730 0.000361 0.000000
0.001730 0.000368 0.000000
0.001730 0.000380 0.000000
0.001730 0.000392 0.000000
0.001730 0.000399 0.000000
0.001731 0.000409 0.000000
0.001730 0.000421 0.000000
0.001730 0.000431 0.000000
0.001730 0.000438 0.000000
0.001731 0.000450 0.000000
0.001729 0.000462 0.000000
0.001731 0.000469 0.000000
0.001730 0.000479 0.000000
0.001730 0.000490 0.000000
0.001731 0.000500 0.000000
0.001730 0.000511 0.000000
0.001731 0.000520 0.000000
0.001730 0.000528 0.000000
0.001731 0.000541 0.000000
0.001730 0.000553 0.000000
0.001731 0.000559 0.000000
0.001731 0.000569 0.000000
0.001730 0.000582 0.000000
0.001731 0.000590 0.000000
0.001731 0.000600 0.000000
0.001740 0.000300 0.000000
0.001740 0.000310 0.000000
0.001740 0.000319 0.000000
0.001740 0.000330 0.000000
0.001740 0.000341 0.000000
0.001740 0.000349 0.000000
0.001740 0.000359 0.000000
0.001740 0.000371 0.000000
0.001740 0.000381 0.000000
0.001740 0.000388 0.000000
0.001740 0.000400 0.000000
0.001740 0.000411 0.000000
0.001741 0.000419 0.000000
0.001740 0.000429 0.000000
0.001740 0.000440 0.000000
0.001740 0.000451 0.000000
0.001740 0.000459 0.000000
0.001741 0.000470 0.000000
0.001740 0.000481 0.000000
0.001742 0.000491 0.000000
0.001739 0.000500 0.000000
0.001741 0.000509 0.000000
0.001740 0.000520 0.000000
0.001740 0.000531 0.000000
0.001741 0.000540 0.000000
0.001741 0.000548 0.000000
0.001741 0.000561 0.000000
0.001740 0.000571 0.000000
0.001741 0.000579 0.000000
0.001741 0.000590 0.000000
0.001741 0.000600 0.000000
0.001750 0.000300 0.000000
0.001750 0.000310 0.000000
0.001750 0.000320 0.000000
0.001750 0.000330 0.000000
0.001750 0.000339 0.000000
0.001750 0.000350 0.000000
0.001750 0.000361 0.000000
0.001750 0.000369 0.000000
0.001750 0.000379 0.000000
0.001749 0.000391 0.000000
0.001751 0.000401 0.000000
0.001750 0.000409 0.000000
0.001750 0.000420 0.000000
0.001750 0.000430 0.000000
0.001750 0.000441 0.000000
0.001751 0.000449 0.000000
0.001750 0.000460 0.000000
0.001751 0.000471 0.000000
0.001749 0.000479 0.000000
0.001751 0.000489 0.000000
0.001750 0.000501 0.000000
0.001751 0.000511 0.000000
0.001749 0.000520 0.000000
0.001752 0.000530 0.000000
0.001749 0.000540 0.000000
0.001750 0.000551 0.000000
0.001751 0.000560 0.000000
0.001750 0.000570 0.000000
0.001751 0.000581 0.000000
0.001750 0.000590 0.000000
0.001750 0.000600 0.000000
0.001760 0.000300 0.000000
0.001760 0.000310 0.000000
0.001760 0.000320 0.000000
0.001760 0.000330 0.000000
0.001760 0.000340 0.000000
0.001760 0.000351 0.000000
0.001760 0.000359 0.000000
0.001760 0.000370 0.000000
0.001760 0.000381 0.000000
0.001760 0.000390 0.000000
0.001760 0.000399 0.000000
0.001760 0.000410 0.000000
0.001760 0.000421 0.000000
0.001760 0.000429 0.000000
0.001761 0.000439 0.000000
0.001760 0.000451 0.000000
0.001760 0.000461 0.000000
0.001761 0.000468 0.000000
0.001761 0.000480 0.000000
0.001759 0.000492 0.000000
0.001761 0.000499 0.000000
0.001760 0.000509 0.000000
0.001761 0.000520 0.000000
0.001759 0.000530 0.000000
0.001761 0.000540 0.000000
0.001760 0.000550 0.000000
0.001760 0.000559 0.000000
0.001761 0.000570 0.000000
0.001760 0.000580 0.000000
0.001761 0.000590 0.000000
0.001761 0.000600 0.000000
0.001770 0.000300 0.000000
0.001770 0.000310 0.000000
0.001770 0.000319 0.000000
0.001770 0.000331 0.000000
0.001770 0.000340 0.000000
0.001770 0.000349 0.000000
0.001770 0.000360 0.000000
0.001771 0.000371 0.000000
0.001769 0.000380 0.000000
0.001771 0.000389 0.000000
0.001770 0.000401 0.000000
0.001770 0.000411 0.000000
0.001770 0.000418 0.000000
0.001770 0.000430 0.000000
0.001770 0.000442 0.000000
0.001770 0.000449 0.000000
0.001771 0.000459 0.000000
0.001769 0.000471 0.000000
0.001770 0.000481 0.000000
0.001770 0.000488 0.000000
0.001771 0.000500 0.000000
0.001770 0.000511 0.000000
0.001771 0.000520 0.000000
0.001770 0.000530 0.000000
0.001770 0.000540 0.000000
0.001770 0.000549 0.000000
0.001771 0.000561 0.000000
0.001770 0.000571 0.000000
0.001771 0.000579 0.000000
0.001770 0.000590 0.000000
0.001770 0.000600 0.000000
0.001780 0.000300 0.000000
0.001780 0.000310 0.000000
0.001780 0.000321 0.000000
0.001780 0.000330 0.000000
0.001780 0.000339 0.000000
0.001780 0.000351 0.000000
0.001780 0.000361 0.000000
0.001780 0.000369 0.000000
0.001780 0.000380 0.000000
0.001779 0.000392 0.000000
0.001780 0.000399 0.000000
0.001781 0.000409 0.000000
0.001780 0.000421 0.000000
0.001780 0.000431 0.000000
0.001780 0.000438 0.000000
0.001780 0.000450 0.000000
0.001780 0.000462 0.000000
0.001781 0.000469 0.000000
0.001781 0.000479 0.000000
0.001780 0.000491 0.000000
0.001780 0.000501 0.000000
0.001781 0.000509 0.000000
0.001780 0.000520 0.000000
0.001781 0.000529 0.000000
0.001780 0.000540 0.000000
0.001781 0.000552 0.000000
0.001780 0.000558 0.000000
0.001781 0.000569 0.000000
0.001780 0.000581 0.000000
0.001781 0.000590 0.000000
0.001780 0.000600 0.000000
0.001790 0.000300 0.000000
0.001790 0.000310 0.000000
0.001790 0.000319 0.000000
0.001790 0.000330 0.000000
0.001790 0.000341 0.000000
0.001790 0.000349 0.000000
0.001790 0.000359 0.000000
0.001790 0.000371 0.000000
0.001790 0.000381 0.000000
0.001790 0.000388 0.000000
0.001790 0.000400 0.000000
0.001789 0.000411 0.000000
0.001791 0.000419 0.000000
0.001790 0.000429 0.000000
0.001790 0.000441 0.000000
0.001790 0.000451 0.000000
0.001790 0.000459 0.000000
0.001791 0.000470 0.000000
0.001789 0.000481 0.000000
0.001792 0.000490 0.000000
0.001790 0.000499 0.000000
0.001791 0.000510 0.000000
0.001791 0.000521 0.000000
0.001790 0.000531 0.000000
0.001791 0.000539 0.000000
0.001790 0.000549 0.000000
0.001791 0.000562 0.000000
0.001791 0.000572 0.000000
0.001790 0.000578 0.000000
0.001790 0.000590 0.000000
0.001790 0.000600 0.000000
0.001800 0.000300 0.000000
0.001800 0.000310 0.000000
0.001800 0.000320 0.000000
0.001800 0.000330 0.000000
0.001800 0.000339 0.000000
0.001800 0.000350 0.000000
0.001800 0.000361 0.000000
0.001800 0.000369 0.000000
0.001800 0.000380 0.000000
0.001799 0.000391 0.000000
0.001801 0.000400 0.000000
0.001799 0.000409 0.000000
0.001800 0.000420 0.000000
0.001800 0.000431 0.000000
0.001800 0.000440 0.000000
0.001801 0.000449 0.000000
0.001800 0.000460 0.000000
0.001800 0.000471 0.000000
0.001800 0.000479 0.000000
0.001800 0.000489 0.000000
0.001800 0.000501 0.000000
0.001800 0.000511 0.000000
0.001800 0.000518 0.000000
0.001801 0.000529 0.000000
0.001800 0.000541 0.000000
0.001801 0.000552 0.000000
0.001800 0.000558 0.000000
0.001800 0.000569 0.000000
0.001801 0.000581 0.000000
0.001800 0.000590 0.000000
0.001800 0.000600 0.000000
0.001810 0.000300 0.000000
0.001810 0.000310 0.000000
0.001810 0.000320 0.000000
0.001810 0.000330 0.000000
0.001810 0.000340 0.000000
0.001811 0.000350 0.000000
0.001810 0.000360 0.000000
0.001810 0.000370 0.000000
0.001810 0.000380 0.000000
0.001810 0.000390 0.000000
0.001810 0.000400 0.000000
0.001810 0.000410 0.000000
0.001810 0.000421 0.000000
0.001810 0.000429 0.000000
0.001811 0.000439 0.000000
0.001809 0.000451 0.000000
0.001811 0.000461 0.000000
0.001809 0.000469 0.000000
0.001811 0.000479 0.000000
0.001809 0.000492 0.000000
0.001811 0.000499 0.000000
0.001811 0.000508 0.000000
0.001810 0.000521 0.000000
0.001810 0.000532 0.000000
0.001811 0.000538 0.000000
0.001810 0.000549 0.000000
0.001810 0.000562 0.000000
0.001811 0.000571 0.000000
0.001809 0.000579 0.000000
0.001811 0.000590 0.000000
0.001810 0.000600 0.000000
0.001820 0.000300 0.000000
0.001820 0.000310 0.000000
0.001819 0.000320 0.000000
0.001820 0.000330 0.000000
0.001820 0.000340 0.000000
0.001820 0.000349 0.000000
0.001820 0.000360 0.000000
0.001820 0.000371 0.000000
0.001819 0.000380 0.000000
0.001821 0.000389 0.000000
0.001820 0.000401 0.000000
0.001820 0.000411 0.000000
0.001821 0.000419 0.000000
0.001820 0.000430 0.000000
0.001821 0.000441 0.000000
0.001819 0.000449 0.000000
0.001821 0.000459 0.000000
0.001819 0.000471 0.000000
0.001821 0.000482 0.000000
0.001820 0.000488 0.000000
0.001821 0.000500 0.000000
0.001818 0.000513 0.000000
0.001822 0.000518 0.000000
0.001820 0.000529 0.000000
0.001821 0.000541 0.000000
0.001820 0.000552 0.000000
0.001821 0.000558 0.000000
0.001819 0.000569 0.000000
0.001821 0.000581 0.000000
0.001820 0.000590 0.000000
0.001820 0.000600 0.000000
0.001830 0.000300 0.000000
0.001830 0.000310 0.000000
0.001831 0.000321 0.000000
0.001830 0.000330 0.000000
0.001830 0.000339 0.000000
0.001830 0.000351 0.000000
0.001830 0.000361 0.000000
0.001830 0.000369 0.000000
0.001830 0.000380 0.000000
0.001830 0.000392 0.000000
0.001830 0.000399 0.000000
0.001830 0.000409 0.000000
0.001830 0.000421 0.000000
0.001830 0.000431 0.000000
0.001830 0.000439 0.000000
0.001830 0.000450 0.000000
0.001830 0.000462 0.000000
0.001830 0.000469 0.000000
0.001831 0.000479 0.000000
0.001829 0.000491 0.000000
0.001831 0.000500 0.000000
0.001830 0.000508 0.000000
0.001831 0.000521 0.000000
0.001829 0.000532 0.000000
0.001831 0.000539 0.000000
0.001830 0.000549 0.000000
0.001830 0.000561 0.000000
0.001831 0.000571 0.000000
0.001829 0.000580 0.000000
0.001831 0.000590 0.000000
0.001830 0.000600 0.000000
0.001840 0.000300 0.000000
0.001840 0.000310 0.000000
0.001840 0.000319 0.000000
0.001840 0.000330 0.000000
0.001840 0.000341 0.000000
0.001840 0.000349 0.000000
0.001840 0.000359 0.000000
0.001840 0.000371 0.000000
0.001840 0.000381 0.000000
0.001840 0.000388 0.000000
0.001840 0.000400 0.000000
0.001840 0.000411 0.000000
0.001840 0.000419 0.000000
0.001840 0.000429 0.000000
0.001840 0.000441 0.000000
0.001840 0.000451 0.000000
0.001840 0.000458 0.000000
0.001841 0.000470 0.000000
0.001839 0.000481 0.000000
0.001841 0.000490 0.000000
0.001840 0.000500 0.000000
0.001841 0.000510 0.000000
0.001839 0.000521 0.000000
0.001841 0.000529 0.000000
0.001840 0.000540 0.000000
0.001841 0.000551 0.000000
0.001840 0.000560 0.000000
0.001840 0.000569 0.000000
0.001841 0.000580 0.000000
0.001840 0.000590 0.000000
0.001840 0.000600 0.000000
0.001850 0.000300 0.000000
0.001850 0.000310 0.000000
0.001850 0.000321 0.000000
0.001850 0.000330 0.000000
0.001850 0.000339 0.000000
0.001850 0.000351 0.000000
0.001850 0.000361 0.000000
0.001850 0.000369 0.000000
0.001850 0.000380 0.000000
0.001849 0.000391 0.000000
0.001851 0.000400 0.000000
0.001849 0.000409 0.000000
0.001850 0.000420 0.000000
0.001850 0.000431 0.000000
0.001850 0.000440 0.000000
0.001850 0.000450 0.000000
0.001849 0.000461 0.000000
0.001851 0.000470 0.000000
0.001849 0.000480 0.000000
0.001851 0.000489 0.000000
0.001849 0.000500 0.000000
0.001851 0.000511 0.000000
0.001850 0.000519 0.000000
0.001850 0.000530 0.000000
0.001850 0.000541 0.000000
0.001850 0.000550 0.000000
0.001851 0.000560 0.000000
0.001850 0.000570 0.000000
0.001850 0.000581 0.000000
0.001850 0.000590 0.000000
0.001850 0.000600 0.000000
0.001860 0.000300 0.000000
0.001860 0.000310 0.000000
0.001860 0.000319 0.000000
0.001860 0.000330 0.000000
0.001860 0.000341 0.000000
0.001860 0.000350 0.000000
0.001860 0.000359 0.000000
0.001860 0.000370 0.000000
0.001861 0.000380 0.000000
0.001859 0.000390 0.000000
0.001860 0.000400 0.000000
0.001860 0.000410 0.000000
0.001860 0.000421 0.000000
0.001860 0.000429 0.000000
0.001860 0.000440 0.000000
0.001860 0.000450 0.000000
0.001860 0.000460 0.000000
0.001860 0.000469 0.000000
0.001860 0.000480 0.000000
0.001859 0.000493 0.000000
0.001861 0.000499 0.000000
0.001860 0.000509 0.000000
0.001860 0.000521 0.000000
0.001860 0.000531 0.000000
0.001861 0.000538 0.000000
0.001860 0.000550 0.000000
0.001860 0.000561 0.000000
0.001861 0.000570 0.000000
0.001860 0.000579 0.000000
0.001860 0.000590 0.000000
0.001860 0.000600 0.000000
0.001870 0.000300 0.000000
0.001870 0.000310 0.000000
0.001869 0.000320 0.000000
0.001871 0.000330 0.000000
0.001870 0.000340 0.000000
0.001870 0.000350 0.000000
0.001870 0.000360 0.000000
0.001870 0.000371 0.000000
0.001869 0.000380 0.000000
0.001870 0.000390 0.000000
0.001870 0.000401 0.000000
0.001869 0.000411 0.000000
0.001871 0.000419 0.000000
0.001870 0.000430 0.000000
0.001871 0.000441 0.000000
0.001869 0.000450 0.000000
0.001871 0.000459 0.000000
0.001869 0.000471 0.000000
0.001871 0.000481 0.000000
0.001870 0.000487 0.000000
0.001871 0.000500 0.000000
0.001869 0.000512 0.000000
0.001871 0.000519 0.000000
0.001870 0.000529 0.000000
0.001870 0.000541 0.000000
0.001870 0.000551 0.000000
0.001871 0.000558 0.000000
0.001870 0.000570 0.000000
0.001870 0.000581 0.000000
0.001870 0.000590 0.000000
0.001870 0.000600 0.000000
0.001880 0.000300 0.000000
0.001880 0.000310 0.000000
0.001881 0.000320 0.000000
0.001880 0.000330 0.000000
0.001880 0.000340 0.000000
0.001880 0.000351 0.000000
0.001879 0.000360 0.000000
0.001880 0.000369 0.000000
0.001880 0.000380 0.000000
0.001880 0.000391 0.000000
0.001880 0.000399 0.000000
0.001880 0.000409 0.000000
0.001880 0.000421 0.000000
0.001879 0.000431 0.000000
0.001881 0.000438 0.000000
0.001880 0.000450 0.000000
0.001880 0.000462 0.000000
0.001879 0.000468 0.000000
0.001881 0.000479 0.000000
0.001879 0.000492 0.000000
0.001882 0.000501 0.000000
0.001879 0.000508 0.000000
0.001881 0.000520 0.000000
0.001879 0.000532 0.000000
0.001882 0.000539 0.000000
0.001880 0.000549 0.000000
0.001880 0.000561 0.000000
0.001880 0.000571 0.000000
0.001880 0.000579 0.000000
0.001880 0.000590 0.000000
0.001880 0.000600 0.000000
0.001890 0.000300 0.000000
0.001890 0.000310 0.000000
0.001890 0.000319 0.000000
0.001890 0.000330 0.000000
0.001890 0.000341 0.000000
0.001890 0.000349 0.000000
0.001890 0.000359 0.000000
0.001890 0.000372 0.000000
0.001890 0.000379 0.000000
0.001890 0.000389 0.000000
0.001890 0.000401 0.000000
0.001890 0.000411 0.000000
0.001890 0.000419 0.000000
0.001890 0.000429 0.000000
0.001890 0.000441 0.000000
0.001890 0.000451 0.000000
0.001891 0.000458 0.000000
0.001889 0.000471 0.000000
0.001891 0.000481 0.000000
0.001889 0.000489 0.000000
0.001891 0.000499 0.000000
0.001889 0.000511 0.000000
0.001891 0.000521 0.000000
0.001889 0.000529 0.000000
0.001891 0.000540 0.000000
0.001889 0.000552 0.000000
0.001891 0.000559 0.000000
0.001890 0.000570 0.000000
0.001891 0.000581 0.000000
0.001890 0.000590 0.000000
0.001890 0.000600 0.000000
0.001900 0.000300 0.000000
0.001900 0.000310 0.000000
0.001900 0.000321 0.000000
0.001900 0.000329 0.000000
0.001900 0.000339 0.000000
0.001900 0.000351 0.000000
0.001900 0.000361 0.000000
0.001900 0.000368 0.000000
0.001900 0.000380 0.000000
0.001899 0.000391 0.000000
0.001901 0.000399 0.000000
0.001900 0.000409 0.000000
0.001900 0.000420 0.000000
0.001900 0.000431 0.000000
0.001900 0.000439 0.000000
0.001900 0.000450 0.000000
0.001899 0.000461 0.000000
0.001901 0.000470 0.000000
0.001899 0.000480 0.000000
0.001901 0.000490 0.000000
0.001900 0.000501 0.000000
0.001900 0.000510 0.000000
0.001900 0.000519 0.000000
0.001901 0.000530 0.000000
0.001900 0.000541 0.000000
0.001901 0.000549 0.000000
0.001900 0.000560 0.000000
0.001901 0.000571 0.000000
0.001900 0.000579 0.000000
0.001900 0.000590 0.000000
0.001900 0.000600 0.000000
0.001910 0.000300 0.000000
0.001910 0.000310 0.000000
0.001910 0.000319 0.000000
0.001910 0.000330 0.000000
0.001910 0.000341 0.000000
0.001910 0.000349 0.000000
0.001910 0.000360 0.000000
0.001909 0.000371 0.000000
0.001911 0.000381 0.000000
0.001909 0.000389 0.000000
0.001911 0.000400 0.000000
0.001910 0.000411 0.000000
0.001911 0.000420 0.000000
0.001910 0.000429 0.000000
0.001910 0.000440 0.000000
0.001911 0.000450 0.000000
0.001909 0.000460 0.000000
0.001911 0.000470 0.000000
0.001910 0.000480 0.000000
0.001910 0.000491 0.000000
0.001909 0.000500 0.000000
0.001911 0.000509 0.000000
0.001909 0.000521 0.000000
0.001910 0.000531 0.000000
0.001910 0.000539 0.000000
0.001910 0.000551 0.000000
0.001910 0.000560 0.000000
0.001910 0.000570 0.000000
0.001911 0.000580 0.000000
0.001910 0.000590 0.000000
0.001910 0.000600 0.000000
0.001920 0.000300 0.000000
0.001920 0.000310 0.000000
0.001919 0.000321 0.000000
0.001921 0.000330 0.000000
0.001920 0.000339 0.000000
0.001920 0.000350 0.000000
0.001921 0.000360 0.000000
0.001920 0.000370 0.000000
0.001920 0.000380 0.000000
0.001920 0.000390 0.000000
0.001920 0.000401 0.000000
0.001920 0.000409 0.000000
0.001920 0.000420 0.000000
0.001920 0.000430 0.000000
0.001920 0.000441 0.000000
0.001919 0.000450 0.000000
0.001921 0.000459 0.000000
0.001920 0.000471 0.000000
0.001920 0.000481 0.000000
0.001921 0.000489 0.000000
0.001920 0.000500 0.000000
0.001919 0.000512 0.000000
0.001920 0.000519 0.000000
0.001921 0.000529 0.000000
0.001920 0.000540 0.000000
0.001920 0.000550 0.000000
0.001920 0.000559 0.000000
0.001921 0.000570 0.000000
0.001919 0.000580 0.000000
0.001920 0.000590 0.000000
0.001920 0.000600 0.000000
0.001930 0.000300 0.000000
0.001930 0.000310 0.000000
0.001930 0.000320 0.000000
0.001930 0.000330 0.000000
0.001930 0.000340 0.000000
0.001931 0.000351 0.000000
0.001929 0.000360 0.000000
0.001931 0.000369 0.000000
0.001930 0.000381 0.000000
0.001930 0.000391 0.000000
0.001930 0.000399 0.000000
0.001930 0.000410 0.000000
0.001930 0.000421 0.000000
0.001930 0.000431 0.000000
0.001930 0.000439 0.000000
0.001930 0.000450 0.000000
0.001930 0.000462 0.000000
0.001930 0.000469 0.000000
0.001931 0.000479 0.000000
0.001930 0.000491 0.000000
0.001930 0.000502 0.000000
0.001931 0.000507 0.000000
0.001930 0.000520 0.000000
0.001929 0.000532 0.000000
0.001931 0.000540 0.000000
0.001930 0.000549 0.000000
0.001930 0.000560 0.000000
0.001929 0.000571 0.000000
0.001931 0.000579 0.000000
0.001930 0.000590 0.000000
0.001930 0.000600 0.000000
0.001940 0.000300 0.000000
0.001940 0.000310 0.000000
0.001940 0.000320 0.000000
0.001941 0.000331 0.000000
0.001939 0.000340 0.000000
0.001940 0.000349 0.000000
0.001940 0.000360 0.000000
0.001940 0.000371 0.000000
0.001940 0.000379 0.000000
0.001940 0.000389 0.000000
0.001940 0.000401 0.000000
0.001940 0.000411 0.000000
0.001940 0.000418 0.000000
0.001940 0.000430 0.000000
0.001940 0.000442 0.000000
0.001940 0.000450 0.000000
0.001940 0.000458 0.000000
0.001940 0.000471 0.000000
0.001940 0.000482 0.000000
0.001940 0.000489 0.000000
0.001941 0.000499 0.000000
0.001939 0.000511 0.000000
0.001941 0.000521 0.000000
0.001939 0.000528 0.000000
0.001941 0.000539 0.000000
0.001939 0.000552 0.000000
0.001941 0.000559 0.000000
0.001940 0.000569 0.000000
0.001940 0.000581 0.000000
0.001940 0.000590 0.000000
0.001940 0.000600 0.000000
0.001950 0.000300 0.000000
0.001950 0.000310 0.000000
0.001950 0.000320 0.000000
0.001950 0.000329 0.000000
0.001950 0.000340 0.000000
0.001950 0.000352 0.000000
0.001950 0.000359 0.000000
0.001950 0.000369 0.000000
0.001950 0.000381 0.000000
0.001950 0.000392 0.000000
0.001950 0.000399 0.000000
0.001950 0.000409 0.000000
0.001950 0.000421 0.000000
0.001950 0.000431 0.000000
0.001950 0.000438 0.000000
0.001950 0.000450 0.000000
0.001950 0.000462 0.000000
0.001950 0.000469 0.000000
0.001950 0.000479 0.000000
0.001950 0.000490 0.000000
0.001950 0.000502 0.000000
0.001950 0.000509 0.000000
0.001950 0.000519 0.000000
0.001950 0.000531 0.000000
0.001949 0.000542 0.000000
0.001951 0.000548 0.000000
0.001950 0.000560 0.000000
0.001950 0.000571 0.000000
0.001950 0.000579 0.000000
0.001950 0.000590 0.000000
0.001950 0.000600 0.000000
0.001960 0.000300 0.000000
0.001960 0.000310 0.000000
0.001960 0.000320 0.000000
0.001960 0.000331 0.000000
0.001960 0.000340 0.000000
0.001960 0.000349 0.000000
0.001960 0.000360 0.000000
0.001960 0.000372 0.000000
0.001960 0.000379 0.000000
0.001960 0.000389 0.000000
0.001960 0.000401 0.000000
0.001960 0.000412 0.000000
0.001960 0.000418 0.000000
0.001960 0.000430 0.000000
0.001960 0.000441 0.000000
0.001960 0.000451 0.000000
0.001960 0.000458 0.000000
0.001961 0.000470 0.000000
0.001959 0.000481 0.000000
0.001961 0.000490 0.000000
0.001959 0.000499 0.000000
0.001961 0.000510 0.000000
0.001959 0.000522 0.000000
0.001961 0.000529 0.000000
0.001960 0.000539 0.000000
0.001960 0.000551 0.000000
0.001960 0.000560 0.000000
0.001960 0.000569 0.000000
0.001960 0.000581 0.000000
0.001960 0.000590 0.000000
0.001960 0.000600 0.000000
0.001970 0.000300 0.000000
0.001970 0.000310 0.000000
0.001970 0.000320 0.000000
0.001970 0.000329 0.000000
0.001970 0.000340 0.000000
0.001970 0.000351 0.000000
0.001970 0.000360 0.000000
0.001970 0.000369 0.000000
0.001970 0.000380 0.000000
0.001970 0.000391 0.000000
0.001970 0.000399 0.000000
0.001970 0.000409 0.000000
0.001970 0.000421 0.000000
0.001970 0.000431 0.000000
0.001970 0.000439 0.000000
0.001970 0.000450 0.000000
0.001970 0.000461 0.000000
0.001970 0.000470 0.000000
0.001970 0.000479 0.000000
0.001970 0.000490 0.000000
0.001970 0.000501 0.000000
0.001970 0.000510 0.000000
0.001970 0.000519 0.000000
0.001970 0.000531 0.000000
0.001970 0.000541 0.000000
0.001970 0.000549 0.000000
0.001970 0.000560 0.000000
0.001970 0.000571 0.000000
0.001970 0.000580 0.000000
0.001970 0.000590 0.000000
0.001970 0.000600 0.000000
0.001980 0.000300 0.000000
0.001980 0.000310 0.000000
0.001980 0.000320 0.000000
0.001980 0.000330 0.000000
0.001980 0.000340 0.000000
0.001980 0.000350 0.000000
0.001980 0.000360 0.000000
0.001980 0.000371 0.000000
0.001980 0.000380 0.000000
0.001980 0.000389 0.000000
0.001980 0.000401 0.000000
0.001980 0.000410 0.000000
0.001980 0.000420 0.000000
0.001980 0.000430 0.000000
0.001980 0.000440 0.000000
0.001980 0.000450 0.000000
0.001980 0.000460 0.000000
0.001980 0.000470 0.000000
0.001980 0.000480 0.000000
0.001980 0.000490 0.000000
0.001980 0.000500 0.000000
0.001980 0.000510 0.000000
0.001980 0.000521 0.000000
0.001980 0.000530 0.000000
0.001980 0.000539 0.000000
0.001980 0.000550 0.000000
0.001980 0.000560 0.000000
0.001980 0.000570 0.000000
0.001980 0.000580 0.000000
0.001980 0.000590 0.000000
0.001980 0.000600 0.000000
0.001990 0.000300 0.000000
0.001990 0.000310 0.000000
0.001990 0.000320 0.000000
0.001990 0.000330 0.000000
0.001990 0.000340 0.000000
0.001990 0.000350 0.000000
0.001990 0.000360 0.000000
0.001990 0.000370 0.000000
0.001990 0.000380 0.000000
0.001990 0.000390 0.000000
0.001990 0.000400 0.000000
0.001990 0.000410 0.000000
0.001990 0.000420 0.000000
0.001990 0.000430 0.000000
0.001990 0.000440 0.000000
0.001990 0.000450 0.000000
0.001990 0.000460 0.000000
0.001990 0.000470 0.000000
0.001990 0.000480 0.000000
0.001990 0.000490 0.000000
0.001990 0.000500 0.000000
0.001990 0.000510 0.000000
0.001990 0.000520 0.000000
0.001990 0.000530 0.000000
0.001990 0.000540 0.000000
0.001990 0.000550 0.000000
0.001990 0.000560 0.000000
0.001990 0.000570 0.000000
0.001990 0.000580 0.000000
0.001990 0.000590 0.000000
0.001990 0.000600 0.000000
0.002000 0.000300 0.000000
0.002000 0.000310 0.000000
0.002000 0.000320 0.000000
0.002000 0.000330 0.000000
0.002000 0.000340 0.000000
0.002000 0.000350 0.000000
0.002000 0.000360 0.000000
0.002000 0.000370 0.000000
0.002000 0.000380 0.000000
0.002000 0.000390 0.000000
0.002000 0.000400 0.000000
0.002000 0.000410 0.000000
0.002000 0.000420 0.000000
0.002000 0.000430 0.000000
0.002000 0.000440 0.000000
0.002000 0.000450 0.000000
0.002000 0.000460 0.000000
0.002000 0.000470 0.000000
0.002000 0.000480 0.000000
0.002000 0.000490 0.000000
0.002000 0.000500 0.000000
0.002000 0.000510 0.000000
0.002000 0.000520 0.000000
0.002000 0.000530 0.000000
0.002000 0.000540 0.000000
0.002000 0.000550 0.000000
0.002000 0.000560 0.000000
0.002000 0.000570 0.000000
0.002000 0.000580 0.000000
0.002000 0.000590 0.000000
0.002000 0.000600 0.000000

CELLS 6231 12462
1 0
1 1
1 2
1 3
1 4
1 5
1 6
1 7
1 8
1 9
1 10
1 11
1 12
1 13
1 14
1 15
1 16
1 17
1 18
1 19
1 20
1 21
1 22
1 23
1 24
1 25
1 26
1 27
1 28
1 29
1 30
1 31
1 32
1 33
1 34
1 35
1 36
1 37
1 38
1 39
1 40
1 41
1 42
1 43
1 44
1 45
1 46
1 47
1 48
1 49
1 50
1 51
1 52
1 53
1 54
1 55
1 56
1 57
1 58
1 59
1 60
1 61
1 62
1 63
1 64
1 65
1 66
1 67
1 68
1 69
1 70
1 71
1 72
1 73
1 74
1 75
1 76
1 77
1 78
1 79
1 80
1 81
1 82
1 83
1 84
1 85
1 86
1 87
1 88
1 89
1 90
1 91
1 92
1 93
1 94
1 95
1 96
1 97
1 98
1 99
1 100
1 101
1 102
1 103
1 104
1 105
1 106
1 107
1 108
1 109
1 110
1 111
1 112
1 113
1 114
1 115
1 116
1 117
1 118
1 119
1 120
1 121
1 122
1 123
1 124
1 125
1 126
1 127
1 128
1 129
1 130
1 131
1 132
1 133
1 134
1 135
1 136
1 137
1 138
1 139
1 140
1 141
1 142
1 143
1 144
1 145
1 146
1 147
1 148
1 149
1 150
1 151
1 152
1 153
1 154
1 155
1 156
1 157
1 158
1 159
1 160
1 161
1 162
1 163
1 164
1 165
1 166
1 167
1 168
1 169
1 170
1 171
1 172
1 173
1 174
1 175
1 176
1 177
1 178
1 179
1 180
1 181
1 182
1 183
1 184
1 185
1 186
1 187
1 188
1 189
1 190
1 191
1 192
1 193
1 194
1 195
1 196
1 197
1 198
1 199
1 200
1 201
1 202
1 203
1 204
1 205
1 206
1 207
1 208
1 209
1 210
1 211
1 212
1 213
1 214
1 215
1 216
1 217
1 218
1 219
1 220
1 221
1 222
1 223
1 224
1 225
1 226
1 227
1 228
1 229
1 230
1 231
1 232
1 233
1 234
1 235
1 236
1 237
1 238
1 239
1 240
1 241
1 242
1 243
1 244
1 245
1 246
1 247
1 248
1 249
1 250
1 251
1 252
1 253
1 254
1 255
1 256
1 257
1 258
1 259
1 260
1 261
1 262
1 263
1 264
1 265
1 266
1 267
1 268
1 269
1 270
1 271
1 272
1 273
1 274
1 275
1 276
1 277
1 278
1 279
1 280
1 281
1 282
1 283
1 284
1 285
1 286
1 287
1 288
1 289
1 290
1 291
1 292
1 293
1 294
1 295
1 296
1 297
1 298
1 299
1 300
1 301
1 302
1 303
1 304
1 305
1 306
1 307
1 308
1 309
1 310
1 311
1 312
1 313
1 314
1 315
1 316
1 317
1 318
1 319
1 320
1 321
1 322
1 323
1 324
1 325
1 326
1 327
1 328
1 329
1 330
1 331
1 332
1 333
1 334
1 335
1 336
1 337
1 338
1 339
1 340
1 341
1 342
1 343
1 344
1 345
1 346
1 347
1 348
1 349
1 350
1 351
1 352
1 353
1 354
1 355
1 356
1 357
1 358
1 359
1 360
1 361
1 362
1 363
1 364
1 365
1 366
1 367
1 368
1 369
1 370
1 371
1 372
1 373
1 374
1 375
1 376
1 377
1 378
1 379
1 380
1 381
1 382
1 383
1 384
1 385
1 386
1 387
1 388
1 389
1 390
1 391
1 392
1 393
1 394
1 395
1 396
1 397
1 398
1 399
1 400
1 401
1 402
1 403
1 404
1 405
1 406
1 407
1 408
1 409
1 410
1 411
1 412
1 413
1 414
1 415
1 416
1 417
1 418
1 419
1 420
1 421
1 422
1 423
1 424
1 425
1 426
1 427
1 428
1 429
1 430
1 431
1 432
1 433
1 434
1 435
1 436
1 437
1 438
1 439
1 440
1 441
1 442
1 443
1 444
1 445
1 446
1 447
1 448
1 449
1 450
1 451
1 452
1 453
1 454
1 455
1 456
1 457
1 458
1 459
1 460
1 461
1 462
1 463
1 464
1 465
1 466
1 467
1 468
1 469
1 470
1 471
1 472
1 473
1 474
1 475
1 476
1 477
1 478
1 479
1 480
1 481
1 482
1 483
1 484
1 485
1 486
1 487
1 488
1 489
1 490
1 491
1 492
1 493
1 494
1 495
1 496
1 497
1 498
1 499
1 500
1 501
1 502
1 503
1 504
1 505
1 506
1 507
1 508
1 509
1 510
1 511
1 512
1 513
1 514
1 515
1 516
1 517
1 518
1 519
1 520
1 521
1 522
1 523
1 524
1 525
1 526
1 527
1 528
1 529
1 530
1 531
1 532
1 533
1 534
1 535
1 536
1 537
1 538
1 539
1 540
1 541
1 542
1 543
1 544
1 545
1 546
1 547
1 548
1 549
1 550
1 551
1 552
1 553
1 554
1 555
1 556
1 557
1 558
1 559
1 560
1 561
1 562
1 563
1 564
1 565
1 566
1 567
1 568
1 569
1 570
1 571
1 572
1 573
1 574
1 575
1 576
1 577
1 578
1 579
1 580
1 581
1 582
1 583
1 584
1 585
1 586
1 587
1 588
1 589
1 590
1 591
1 592
1 593
1 594
1 595
1 596
1 597
1 598
1 599
1 600
1 601
1 602
1 603
1 604
1 605
1 606
1 607
1 608
1 609
1 610
1 611
1 612
1 613
1 614
1 615
1 616
1 617
1 618
1 619
1 620
1 621
1 622
1 623
1 624
1 625
1 626
1 627
1 628
1 629
1 630
1 631
1 632
1 633
1 634
1 635
1 636
1 637
1 638
1 639
1 640
1 641
1 642
1 643
1 644
1 645
1 646
1 647
1 648
1 649
1 650
1 651
1 652
1 653
1 654
1 655
1 656
1 657
1 658
1 659
1 660
1 661
1 662
1 663
1 664
1 665
1 666
1 667
1 668
1 669
1 670
1 671
1 672
1 673
1 674
1 675
1 676
1 677
1 678
1 679
1 680
1 681
1 682
1 683
1 684
1 685
1 686
1 687
1 688
1 689
1 690
1 691
1 692
1 693
1 694
1 695
1 696
1 697
1 698
1 699
1 700
1 701
1 702
1 703
1 704
1 705
1 706
1 707
1 708
1 709
1 710
1 711
1 712
1 713
1 714
1 715
1 716
1 717
1 718
1 719
1 720
1 721
1 722
1 723
1 724
1 725
1 726
1 727
1 728
1 729
1 730
1 731
1 732
1 733
1 734
1 735
1 736
1 737
1 738
1 739
1 740
1 741
1 742
1 743
1 744
1 745
1 746
1 747
1 748
1 749
1 750
1 751
1 752
1 753
1 754
1 755
1 756
1 757
1 758
1 759
1 760
1 761
1 762
1 763
1 764
1 765
1 766
1 767
1 768
1 769
1 770
1 771
1 772
1 773
1 774
1 775
1 776
1 777
1 778
1 779
1 780
1 781
1 782
1 783
1 784
1 785
1 786
1 787
1 788
1 789
1 790
1 791
1 792
1 793
1 794
1 795
1 796
1 797
1 798
1 799
1 800
1 801
1 802
1 803
1 804
1 805
1 806
1 807
1 808
1 809
1 810
1 811
1 812
1 813
1 814
1 815
1 816
1 817
1 818
1 819
1 820
1 821
1 822
1 823
1 824
1 825
1 826
1 827
1 828
1 829
1 830
1 831
1 832
1 833
1 834
1 835
1 836
1 837
1 838
1 839
1 840
1 841
1 842
1 843
1 844
1 845
1 846
1 847
1 848
1 849
1 850
1 851
1 852
1 853
1 854
1 855
1 856
1 857
1 858
1 859
1 860
1 861
1 862
1 863
1 864
1 865
1 866
1 867
1 868
1 869
1 870
1 871
1 872
1 873
1 874
1 875
1 876
1 877
1 878
1 879
1 880
1 881
1 882
1 883
1 884
1 885
1 886
1 887
1 888
1 889
1 890
1 891
1 892
1 893
1 894
1 895
1 896
1 897
1 898
1 899
1 900
1 901
1 902
1 903
1 904
1 905
1 906
1 907
1 908
1 909
1 910
1 911
1 912
1 913
1 914
1 915
1 916
1 917
1 918
1 919
1 920
1 921
1 922
1 923
1 924
1 925
1 926
1 927
1 928
1 929
1 930
1 931
1 932
1 933
1 934
1 935
1 936
1 937
1 938
1 939
1 940
1 941
1 942
1 943
1 944
1 945
1 946
1 947
1 948
1 949
1 950
1 951
1 952
1 953
1 954
1 955
1 956
1 957
1 958
1 959
1 960
1 961
1 962
1 963
1 964
1 965
1 966
1 967
1 968
1 969
1 970
1 971
1 972
1 973
1 974
1 975
1 976
1 977
1 978
1 979
1 980
1 981
1 982
1 983
1 984
1 985
1 986
1 987
1 988
1 989
1 990
1 991
1 992
1 993
1 994
1 995
1 996
1 997
1 998
1 999
1 1000
1 1001
1 1002
1 1003
1 1004
1 1005
1 1006
1 1007
1 1008
1 1009
1 1010
1 1011
1 1012
1 1013
1 1014
1 1015
1 1016
1 1017
1 1018
1 1019
1 1020
1 1021
1 1022
1 1023
1 1024
1 1025
1 1026
1 1027
1 1028
1 1029
1 1030
1 1031
1 1032
1 1033
1 1034
1 1035
1 1036
1 1037
1 1038
1 1039
1 1040
1 1041
1 1042
1 1043
1 1044
1 1045
1 1046
1 1047
1 1048
1 1049
1 1050
1 1051
1 1052
1 1053
1 1054
1 1055
1 1056
1 1057
1 1058
1 1059
1 1060
1 1061
1 1062
1 1063
1 1064
1 1065
1 1066
1 1067
1 1068
1 1069
1 1070
1 1071
1 1072
1 1073
1 1074
1 1075
1 1076
1 1077
1 1078
1 1079
1 1080
1 1081
1 1082
1 1083
1 1084
1 1085
1 1086
1 1087
1 1088
1 1089
1 1090
1 1091
1 1092
1 1093
1 1094
1 1095
1 1096
1 1097
1 1098
1 1099
1 1100
1 1101
1 1102
1 1103
1 1104
1 1105
1 1106
1 1107
1 1108
1 1109
1 1110
1 1111
1 1112
1 1113
1 1114
1 1115
1 1116
1 1117
1 1118
1 1119
1 1120
1 1121
1 1122
1 1123
1 1124
1 1125
1 1126
1 1127
1 1128
1 1129
1 1130
1 1131
1 1132
1 1133
1 1134
1 1135
1 1136
1 1137
1 1138
1 1139
1 1140
1 1141
1 1142
1 1143
1 1144
1 1145
1 1146
1 1147
1 1148
1 1149
1 1150
1 1151
1 1152
1 1153
1 1154
1 1155
1 1156
1 1157
1 1158
1 1159
1 1160
1 1161
1 1162
1 1163
1 1164
1 1165
1 1166
1 1167
1 1168
1 1169
1 1170
1 1171
1 1172
1 1173
1 1174
1 1175
1 1176
1 1177
1 1178
1 1179
1 1180
1 1181
1 1182
1 1183
1 1184
1 1185
1 1186
1 1187
1 1188
1 1189
1 1190
1 1191
1 1192
1 1193
1 1194
1 1195
1 1196
1 1197
1 1198
1 1199
1 1200
1 1201
1 1202
1 1203
1 1204
1 1205
1 1206
1 1207
1 1208
1 1209
1 1210
1 1211
1 1212
1 1213
1 1214
1 1215
1 1216
1 1217
1 1218
1 1219
1 1220
1 1221
1 1222
1 1223
1 1224
1 1225
1 1226
1 1227
1 1228
1 1229
1 1230
1 1231
1 1232
1 1233
1 1234
1 1235
1 1236
1 1237
1 1238
1 1239
1 1240
1 1241
1 1242
1 1243
1 1244
1 1245
1 1246
1 1247
1 1248
1 1249
1 1250
1 1251
1 1252
1 1253
1 1254
1 1255
1 1256
1 1257
1 1258
1 1259
1 1260
1 1261
1 1262
1 1263
1 1264
1 1265
1 1266
1 1267
1 1268
1 1269
1 1270
1 1271
1 1272
1 1273
1 1274
1 1275
1 1276
1 1277
1 1278
1 1279
1 1280
1 1281
1 1282
1 1283
1 1284
1 1285
1 1286
1 1287
1 1288
1 1289
1 1290
1 1291
1 1292
1 1293
1 1294
1 1295
1 1296
1 1297
1 1298
1 1299
1 1300
1 1301
1 1302
1 1303
1 1304
1 1305
1 1306
1 1307
1 1308
1 1309
1 1310
1 1311
1 1312
1 1313
1 1314
1 1315
1 1316
1 1317
1 1318
1 1319
1 1320
1 1321
1 1322
1 1323
1 1324
1 1325
1 1326
1 1327
1 1328
1 1329
1 1330
1 1331
1 1332
1 1333
1 1334
1 1335
1 1336
1 1337
1 1338
1 1339
1 1340
1 1341
1 1342
1 1343
1 1344
1 1345
1 1346
1 1347
1 1348
1 1349
1 1350
1 1351
1 1352
1 1353
1 1354
1 1355
1 1356
1 1357
1 1358
1 1359
1 1360
1 1361
1 1362
1 1363
1 1364
1 1365
1 1366
1 1367
1 1368
1 1369
1 1370
1 1371
1 1372
1 1373
1 1374
1 1375
1 1376
1 1377
1 1378
1 1379
1 1380
1 1381
1 1382
1 1383
1 1384
1 1385
1 1386
1 1387
1 1388
1 1389
1 1390
1 1391
1 1392
1 1393
1 1394
1 1395
1 1396
1 1397
1 1398
1 1399
1 1400
1 1401
1 1402
1 1403
1 1404
1 1405
1 1406
1 1407
1 1408
1 1409
1 1410
1 1411
1 1412
1 1413
1 1414
1 1415
1 1416
1 1417
1 1418
1 1419
1 1420
1 1421
1 1422
1 1423
1 1424
1 1425
1 1426
1 1427
1 1428
1 1429
1 1430
1 1431
1 1432
1 1433
1 1434
1 1435
1 1436
1 1437
1 1438
1 1439
1 1440
1 1441
1 1442
1 1443
1 1444
1 1445
1 1446
1 1447
1 1448
1 1449
1 1450
1 1451
1 1452
1 1453
1 1454
1 1455
1 1456
1 1457
1 1458
1 1459
1 1460
1 1461
1 1462
1 1463
1 1464
1 1465
1 1466
1 1467
1 1468
1 1469
1 1470
1 1471
1 1472
1 1473
1 1474
1 1475
1 1476
1 1477
1 1478
1 1479
1 1480
1 1481
1 1482
1 1483
1 1484
1 1485
1 1486
1 1487
1 1488
1 1489
1 1490
1 1491
1 1492
1 1493
1 1494
1 1495
1 1496
1 1497
1 1498
1 1499
1 1500
1 1501
1 1502
1 1503
1 1504
1 1505
1 1506
1 1507
1 1508
1 1509
1 1510
1 1511
1 1512
1 1513
1 1514
1 1515
1 1516
1 1517
1 1518
1 1519
1 1520
1 1521
1 1522
1 1523
1 1524
1 1525
1 1526
1 1527
1 1528
1 1529
1 1530
1 1531
1 1532
1 1533
1 1534
1 1535
1 1536
1 1537
1 1538
1 1539
1 1540
1 1541
1 1542
1 1543
1 1544
1 1545
1 1546
1 1547
1 1548
1 1549
1 1550
1 1551
1 1552
1 1553
1 1554
1 1555
1 1556
1 1557
1 1558
1 1559
1 1560
1 1561
1 1562
1 1563
1 1564
1 1565
1 1566
1 1567
1 1568
1 1569
1 1570
1 1571
1 1572
1 1573
1 1574
1 1575
1 1576
1 1577
1 1578
1 1579
1 1580
1 1581
1 1582
1 1583
1 1584
1 1585
1 1586
1 1587
1 1588
1 1589
1 1590
1 1591
1 1592
1 1593
1 1594
1 1595
1 1596
1 1597
1 1598
1 1599
1 1600
1 1601
1 1602
1 1603
1 1604
1 1605
1 1606
1 1607
1 1608
1 1609
1 1610
1 1611
1 1612
1 1613
1 1614
1 1615
1 1616
1 1617
1 1618
1 1619
1 1620
1 1621
1 1622
1 1623
1 1624
1 1625
1 1626
1 1627
1 1628
1 1629
1 1630
1 1631
1 1632
1 1633
1 1634
1 1635
1 1636
1 1637
1 1638
1 1639
1 1640
1 1641
1 1642
1 1643
1 1644
1 1645
1 1646
1 1647
1 1648
1 1649
1 1650
1 1651
1 1652
1 1653
1 1654
1 1655
1 1656
1 1657
1 1658
1 1659
1 1660
1 1661
1 1662
1 1663
1 1664
1 1665
1 1666
1 1667
1 1668
1 1669
1 1670
1 1671
1 1672
1 1673
1 1674
1 1675
1 1676
1 1677
1 1678
1 1679
1 1680
1 1681
1 1682
1 1683
1 1684
1 1685
1 1686
1 1687
1 1688
1 1689
1 1690
1 1691
1 1692
1 1693
1 1694
1 1695
1 1696
1 1697
1 1698
1 1699
1 1700
1 1701
1 1702
1 1703
1 1704
1 1705
1 1706
1 1707
1 1708
1 1709
1 1710
1 1711
1 1712
1 1713
1 1714
1 1715
1 1716
1 1717
1 1718
1 1719
1 1720
1 1721
1 1722
1 1723
1 1724
1 1725
1 1726
1 1727
1 1728
1 1729
1 1730
1 1731
1 1732
1 1733
1 1734
1 1735
1 1736
1 1737
1 1738
1 1739
1 1740
1 1741
1 1742
1 1743
1 1744
1 1745
1 1746
1 1747
1 1748
1 1749
1 1750
1 1751
1 1752
1 1753
1 1754
1 1755
1 1756
1 1757
1 1758
1 1759
1 1760
1 1761
1 1762
1 1763
1 1764
1 1765
1 1766
1 1767
1 1768
1 1769
1 1770
1 1771
1 1772
1 1773
1 1774
1 1775
1 1776
1 1777
1 1778
1 1779
1 1780
1 1781
1 1782
1 1783
1 1784
1 1785
1 1786
1 1787
1 1788
1 1789
1 1790
1 1791
1 1792
1 1793
1 1794
1 1795
1 1796
1 1797
1 1798
1 1799
1 1800
1 1801
1 1802
1 1803
1 1804
1 1805
1 1806
1 1807
1 1808
1 1809
1 1810
1 1811
1 1812
1 1813
1 1814
1 1815
1 1816
1 1817
1 1818
1 1819
1 1820
1 1821
1 1822
1 1823
1 1824
1 1825
1 1826
1 1827
1 1828
1 1829
1 1830
1 1831
1 1832
1 1833
1 1834
1 1835
1 1836
1 1837
1 1838
1 1839
1 1840
1 1841
1 1842
1 1843
1 1844
1 1845
1 1846
1 1847
1 1848
1 1849
1 1850
1 1851
1 1852
1 1853
1 1854
1 1855
1 1856
1 1857
1 1858
1 1859
1 1860
1 1861
1 1862
1 1863
1 1864
1 1865
1 1866
1 1867
1 1868
1 1869
1 1870
1 1871
1 1872
1 1873
1 1874
1 1875
1 1876
1 1877
1 1878
1 1879
1 1880
1 1881
1 1882
1 1883
1 1884
1 1885
1 1886
1 1887
1 1888
1 1889
1 1890
1 1891
1 1892
1 1893
1 1894
1 1895
1 1896
1 1897
1 1898
1 1899
1 1900
1 1901
1 1902
1 1903
1 1904
1 1905
1 1906
1 1907
1 1908
1 1909
1 1910
1 1911
1 1912
1 1913
1 1914
1 1915
1 1916
1 1917
1 1918
1 1919
1 1920
1 1921
1 1922
1 1923
1 1924
1 1925
1 1926
1 1927
1 1928
1 1929
1 1930
1 1931
1 1932
1 1933
1 1934
1 1935
1 1936
1 1937
1 1938
1 1939
1 1940
1 1941
1 1942
1 1943
1 1944
1 1945
1 1946
1 1947
1 1948
1 1949
1 1950
1 1951
1 1952
1 1953
1 1954
1 1955
1 1956
1 1957
1 1958
1 1959
1 1960
1 1961
1 1962
1 1963
1 1964
1 1965
1 1966
1 1967
1 1968
1 1969
1 1970
1 1971
1 1972
1 1973
1 1974
1 1975
1 1976
1 1977
1 1978
1 1979
1 1980
1 1981
1 1982
1 1983
1 1984
1 1985
1 1986
1 1987
1 1988
1 1989
1 1990
1 1991
1 1992
1 1993
1 1994
1 1995
1 1996
1 1997
1 1998
1 1999
1 2000
1 2001
1 2002
1 2003
1 2004
1 2005
1 2006
1 2007
1 2008
1 2009
1 2010
1 2011
1 2012
1 2013
1 2014
1 2015
1 2016
1 2017
1 2018
1 2019
1 2020
1 2021
1 2022
1 2023
1 2024
1 2025
1 2026
1 2027
1 2028
1 2029
1 2030
1 2031
1 2032
1 2033
1 2034
1 2035
1 2036
1 2037
1 2038
1 2039
1 2040
1 2041
1 2042
1 2043
1 2044
1 2045
1 2046
1 2047
1 2048
1 2049
1 2050
1 2051
1 2052
1 2053
1 2054
1 2055
1 2056
1 2057
1 2058
1 2059
1 2060
1 2061
1 2062
1 2063
1 2064
1 2065
1 2066
1 2067
1 2068
1 2069
1 2070
1 2071
1 2072
1 2073
1 2074
1 2075
1 2076
1 2077
1 2078
1 2079
1 2080
1 2081
1 2082
1 2083
1 2084
1 2085
1 2086
1 2087
1 2088
1 2089
1 2090
1 2091
1 2092
1 2093
1 2094
1 2095
1 2096
1 2097
1 2098
1 2099
1 2100
1 2101
1 2102
1 2103
1 2104
1 2105
1 2106
1 2107
1 2108
1 2109
1 2110
1 2111
1 2112
1 2113
1 2114
1 2115
1 2116
1 2117
1 2118
1 2119
1 2120
1 2121
1 2122
1 2123
1 2124
1 2125
1 2126
1 2127
1 2128
1 2129
1 2130
1 2131
1 2132
1 2133
1 2134
1 2135
1 2136
1 2137
1 2138
1 2139
1 2140
1 2141
1 2142
1 2143
1 2144
1 2145
1 2146
1 2147
1 2148
1 2149
1 2150
1 2151
1 2152
1 2153
1 2154
1 2155
1 2156
1 2157
1 2158
1 2159
1 2160
1 2161
1 2162
1 2163
1 2164
1 2165
1 2166
1 2167
1 2168
1 2169
1 2170
1 2171
1 2172
1 2173
1 2174
1 2175
1 2176
1 2177
1 2178
1 2179
1 2180
1 2181
1 2182
1 2183
1 2184
1 2185
1 2186
1 2187
1 2188
1 2189
1 2190
1 2191
1 2192
1 2193
1 2194
1 2195
1 2196
1 2197
1 2198
1 2199
1 2200
1 2201
1 2202
1 2203
1 2204
1 2205
1 2206
1 2207
1 2208
1 2209
1 2210
1 2211
1 2212
1 2213
1 2214
1 2215
1 2216
1 2217
1 2218
1 2219
1 2220
1 2221
1 2222
1 2223
1 2224
1 2225
1 2226
1 2227
1 2228
1 2229
1 2230
1 2231
1 2232
1 2233
1 2234
1 2235
1 2236
1 2237
1 2238
1 2239
1 2240
1 2241
1 2242
1 2243
1 2244
1 2245
1 2246
1 2247
1 2248
1 2249
1 2250
1 2251
1 2252
1 2253
1 2254
1 2255
1 2256
1 2257
1 2258
1 2259
1 2260
1 2261
1 2262
1 2263
1 2264
1 2265
1 2266
1 2267
1 2268
1 2269
1 2270
1 2271
1 2272
1 2273
1 2274
1 2275
1 2276
1 2277
1 2278
1 2279
1 2280
1 2281
1 2282
1 2283
1 2284
1 2285
1 2286
1 2287
1 2288
1 2289
1 2290
1 2291
1 2292
1 2293
1 2294
1 2295
1 2296
1 2297
1 2298
1 2299
1 2300
1 2301
1 2302
1 2303
1 2304
1 2305
1 2306
1 2307
1 2308
1 2309
1 2310
1 2311
1 2312
1 2313
1 2314
1 2315
1 2316
1 2317
1 2318
1 2319
1 2320
1 2321
1 2322
1 2323
1 2324
1 2325
1 2326
1 2327
1 2328
1 2329
1 2330
1 2331
1 2332
1 2333
1 2334
1 2335
1 2336
1 2337
1 2338
1 2339
1 2340
1 2341
1 2342
1 2343
1 2344
1 2345
1 2346
1 2347
1 2348
1 2349
1 2350
1 2351
1 2352
1 2353
1 2354
1 2355
1 2356
1 2357
1 2358
1 2359
1 2360
1 2361
1 2362
1 2363
1 2364
1 2365
1 2366
1 2367
1 2368
1 2369
1 2370
1 2371
1 2372
1 2373
1 2374
1 2375
1 2376
1 2377
1 2378
1 2379
1 2380
1 2381
1 2382
1 2383
1 2384
1 2385
1 2386
1 2387
1 2388
1 2389
1 2390
1 2391
1 2392
1 2393
1 2394
1 2395
1 2396
1 2397
1 2398
1 2399
1 2400
1 2401
1 2402
1 2403
1 2404
1 2405
1 2406
1 2407
1 2408
1 2409
1 2410
1 2411
1 2412
1 2413
1 2414
1 2415
1 2416
1 2417
1 2418
1 2419
1 2420
1 2421
1 2422
1 2423
1 2424
1 2425
1 2426
1 2427
1 2428
1 2429
1 2430
1 2431
1 2432
1 2433
1 2434
1 2435
1 2436
1 2437
1 2438
1 2439
1 2440
1 2441
1 2442
1 2443
1 2444
1 2445
1 2446
1 2447
1 2448
1 2449
1 2450
1 2451
1 2452
1 2453
1 2454
1 2455
1 2456
1 2457
1 2458
1 2459
1 2460
1 2461
1 2462
1 2463
1 2464
1 2465
1 2466
1 2467
1 2468
1 2469
1 2470
1 2471
1 2472
1 2473
1 2474
1 2475
1 2476
1 2477
1 2478
1 2479
1 2480
1 2481
1 2482
1 2483
1 2484
1 2485
1 2486
1 2487
1 2488
1 2489
1 2490
1 2491
1 2492
1 2493
1 2494
1 2495
1 2496
1 2497
1 2498
1 2499
1 2500
1 2501
1 2502
1 2503
1 2504
1 2505
1 2506
1 2507
1 2508
1 2509
1 2510
1 2511
1 2512
1 2513
1 2514
1 2515
1 2516
1 2517
1 2518
1 2519
1 2520
1 2521
1 2522
1 2523
1 2524
1 2525
1 2526
1 2527
1 2528
1 2529
1 2530
1 2531
1 2532
1 2533
1 2534
1 2535
1 2536
1 2537
1 2538
1 2539
1 2540
1 2541
1 2542
1 2543
1 2544
1 2545
1 2546
1 2547
1 2548
1 2549
1 2550
1 2551
1 2552
1 2553
1 2554
1 2555
1 2556
1 2557
1 2558
1 2559
1 2560
1 2561
1 2562
1 2563
1 2564
1 2565
1 2566
1 2567
1 2568
1 2569
1 2570
1 2571
1 2572
1 2573
1 2574
1 2575
1 2576
1 2577
1 2578
1 2579
1 2580
1 2581
1 2582
1 2583
1 2584
1 2585
1 2586
1 2587
1 2588
1 2589
1 2590
1 2591
1 2592
1 2593
1 2594
1 2595
1 2596
1 2597
1 2598
1 2599
1 2600
1 2601
1 2602
1 2603
1 2604
1 2605
1 2606
1 2607
1 2608
1 2609
1 2610
1 2611
1 2612
1 2613
1 2614
1 2615
1 2616
1 2617
1 2618
1 2619
1 2620
1 2621
1 2622
1 2623
1 2624
1 2625
1 2626
1 2627
1 2628
1 2629
1 2630
1 2631
1 2632
1 2633
1 2634
1 2635
1 2636
1 2637
1 2638
1 2639
1 2640
1 2641
1 2642
1 2643
1 2644
1 2645
1 2646
1 2647
1 2648
1 2649
1 2650
1 2651
1 2652
1 2653
1 2654
1 2655
1 2656
1 2657
1 2658
1 2659
1 2660
1 2661
1 2662
1 2663
1 2664
1 2665
1 2666
1 2667
1 2668
1 2669
1 2670
1 2671
1 2672
1 2673
1 2674
1 2675
1 2676
1 2677
1 2678
1 2679
1 2680
1 2681
1 2682
1 2683
1 2684
1 2685
1 2686
1 2687
1 2688
1 2689
1 2690
1 2691
1 2692
1 2693
1 2694
1 2695
1 2696
1 2697
1 2698
1 2699
1 2700
1 2701
1 2702
1 2703
1 2704
1 2705
1 2706
1 2707
1 2708
1 2709
1 2710
1 2711
1 2712
1 2713
1 2714
1 2715
1 2716
1 2717
1 2718
1 2719
1 2720
1 2721
1 2722
1 2723
1 2724
1 2725
1 2726
1 2727
1 2728
1 2729
1 2730
1 2731
1 2732
1 2733
1 2734
1 2735
1 2736
1 2737
1 2738
1 2739
1 2740
1 2741
1 2742
1 2743
1 2744
1 2745
1 2746
1 2747
1 2748
1 2749
1 2750
1 2751
1 2752
1 2753
1 2754
1 2755
1 2756
1 2757
1 2758
1 2759
1 2760
1 2761
1 2762
1 2763
1 2764
1 2765
1 2766
1 2767
1 2768
1 2769
1 2770
1 2771
1 2772
1 2773
1 2774
1 2775
1 2776
1 2777
1 2778
1 2779
1 2780
1 2781
1 2782
1 2783
1 2784
1 2785
1 2786
1 2787
1 2788
1 2789
1 2790
1 2791
1 2792
1 2793
1 2794
1 2795
1 2796
1 2797
1 2798
1 2799
1 2800
1 2801
1 2802
1 2803
1 2804
1 2805
1 2806
1 2807
1 2808
1 2809
1 2810
1 2811
1 2812
1 2813
1 2814
1 2815
1 2816
1 2817
1 2818
1 2819
1 2820
1 2821
1 2822
1 2823
1 2824
1 2825
1 2826
1 2827
1 2828
1 2829
1 2830
1 2831
1 2832
1 2833
1 2834
1 2835
1 2836
1 2837
1 2838
1 2839
1 2840
1 2841
1 2842
1 2843
1 2844
1 2845
1 2846
1 2847
1 2848
1 2849
1 2850
1 2851
1 2852
1 2853
1 2854
1 2855
1 2856
1 2857
1 2858
1 2859
1 2860
1 2861
1 2862
1 2863
1 2864
1 2865
1 2866
1 2867
1 2868
1 2869
1 2870
1 2871
1 2872
1 2873
1 2874
1 2875
1 2876
1 2877
1 2878
1 2879
1 2880
1 2881
1 2882
1 2883
1 2884
1 2885
1 2886
1 2887
1 2888
1 2889
1 2890
1 2891
1 2892
1 2893
1 2894
1 2895
1 2896
1 2897
1 2898
1 2899
1 2900
1 2901
1 2902
1 2903
1 2904
1 2905
1 2906
1 2907
1 2908
1 2909
1 2910
1 2911
1 2912
1 2913
1 2914
1 2915
1 2916
1 2917
1 2918
1 2919
1 2920
1 2921
1 2922
1 2923
1 2924
1 2925
1 2926
1 2927
1 2928
1 2929
1 2930
1 2931
1 2932
1 2933
1 2934
1 2935
1 2936
1 2937
1 2938
1 2939
1 2940
1 2941
1 2942
1 2943
1 2944
1 2945
1 2946
1 2947
1 2948
1 2949
1 2950
1 2951
1 2952
1 2953
1 2954
1 2955
1 2956
1 2957
1 2958
1 2959
1 2960
1 2961
1 2962
1 2963
1 2964
1 2965
1 2966
1 2967
1 2968
1 2969
1 2970
1 2971
1 2972
1 2973
1 2974
1 2975
1 2976
1 2977
1 2978
1 2979
1 2980
1 2981
1 2982
1 2983
1 2984
1 2985
1 2986
1 2987
1 2988
1 2989
1 2990
1 2991
1 2992
1 2993
1 2994
1 2995
1 2996
1 2997
1 2998
1 2999
1 3000
1 3001
1 3002
1 3003
1 3004
1 3005
1 3006
1 3007
1 3008
1 3009
1 3010
1 3011
1 3012
1 3013
1 3014
1 3015
1 3016
1 3017
1 3018
1 3019
1 3020
1 3021
1 3022
1 3023
1 3024
1 3025
1 3026
1 3027
1 3028
1 3029
1 3030
1 3031
1 3032
1 3033
1 3034
1 3035
1 3036
1 3037
1 3038
1 3039
1 3040
1 3041
1 3042
1 3043
1 3044
1 3045
1 3046
1 3047
1 3048
1 3049
1 3050
1 3051
1 3052
1 3053
1 3054
1 3055
1 3056
1 3057
1 3058
1 3059
1 3060
1 3061
1 3062
1 3063
1 3064
1 3065
1 3066
1 3067
1 3068
1 3069
1 3070
1 3071
1 3072
1 3073
1 3074
1 3075
1 3076
1 3077
1 3078
1 3079
1 3080
1 3081
1 3082
1 3083
1 3084
1 3085
1 3086
1 3087
1 3088
1 3089
1 3090
1 3091
1 3092
1 3093
1 3094
1 3095
1 3096
1 3097
1 3098
1 3099
1 3100
1 3101
1 3102
1 3103
1 3104
1 3105
1 3106
1 3107
1 3108
1 3109
1 3110
1 3111
1 3112
1 3113
1 3114
1 3115
1 3116
1 3117
1 3118
1 3119
1 3120
1 3121
1 3122
1 3123
1 3124
1 3125
1 3126
1 3127
1 3128
1 3129
1 3130
1 3131
1 3132
1 3133
1 3134
1 3135
1 3136
1 3137
1 3138
1 3139
1 3140
1 3141
1 3142
1 3143
1 3144
1 3145
1 3146
1 3147
1 3148
1 3149
1 3150
1 3151
1 3152
1 3153
1 3154
1 3155
1 3156
1 3157
1 3158
1 3159
1 3160
1 3161
1 3162
1 3163
1 3164
1 3165
1 3166
1 3167
1 3168
1 3169
1 3170
1 3171
1 3172
1 3173
1 3174
1 3175
1 3176
1 3177
1 3178
1 3179
1 3180
1 3181
1 3182
1 3183
1 3184
1 3185
1 3186
1 3187
1 3188
1 3189
1 3190
1 3191
1 3192
1 3193
1 3194
1 3195
1 3196
1 3197
1 3198
1 3199
1 3200
1 3201
1 3202
1 3203
1 3204
1 3205
1 3206
1 3207
1 3208
1 3209
1 3210
1 3211
1 3212
1 3213
1 3214
1 3215
1 3216
1 3217
1 3218
1 3219
1 3220
1 3221
1 3222
1 3223
1 3224
1 3225
1 3226
1 3227
1 3228
1 3229
1 3230
1 3231
1 3232
1 3233
1 3234
1 3235
1 3236
1 3237
1 3238
1 3239
1 3240
1 3241
1 3242
1 3243
1 3244
1 3245
1 3246
1 3247
1 3248
1 3249
1 3250
1 3251
1 3252
1 3253
1 3254
1 3255
1 3256
1 3257
1 3258
1 3259
1 3260
1 3261
1 3262
1 3263
1 3264
1 3265
1 3266
1 3267
1 3268
1 3269
1 3270
1 3271
1 3272
1 3273
1 3274
1 3275
1 3276
1 3277
1 3278
1 3279
1 3280
1 3281
1 3282
1 3283
1 3284
1 3285
1 3286
1 3287
1 3288
1 3289
1 3290
1 3291
1 3292
1 3293
1 3294
1 3295
1 3296
1 3297
1 3298
1 3299
1 3300
1 3301
1 3302
1 3303
1 3304
1 3305
1 3306
1 3307
1 3308
1 3309
1 3310
1 3311
1 3312
1 3313
1 3314
1 3315
1 3316
1 3317
1 3318
1 3319
1 3320
1 3321
1 3322
1 3323
1 3324
1 3325
1 3326
1 3327
1 3328
1 3329
1 3330
1 3331
1 3332
1 3333
1 3334
1 3335
1 3336
1 3337
1 3338
1 3339
1 3340
1 3341
1 3342
1 3343
1 3344
1 3345
1 3346
1 3347
1 3348
1 3349
1 3350
1 3351
1 3352
1 3353
1 3354
1 3355
1 3356
1 3357
1 3358
1 3359
1 3360
1 3361
1 3362
1 3363
1 3364
1 3365
1 3366
1 3367
1 3368
1 3369
1 3370
1 3371
1 3372
1 3373
1 3374
1 3375
1 3376
1 3377
1 3378
1 3379
1 3380
1 3381
1 3382
1 3383
1 3384
1 3385
1 3386
1 3387
1 3388
1 3389
1 3390
1 3391
1 3392
1 3393
1 3394
1 3395
1 3396
1 3397
1 3398
1 3399
1 3400
1 3401
1 3402
1 3403
1 3404
1 3405
1 3406
1 3407
1 3408
1 3409
1 3410
1 3411
1 3412
1 3413
1 3414
1 3415
1 3416
1 3417
1 3418
1 3419
1 3420
1 3421
1 3422
1 3423
1 3424
1 3425
1 3426
1 3427
1 3428
1 3429
1 3430
1 3431
1 3432
1 3433
1 3434
1 3435
1 3436
1 3437
1 3438
1 3439
1 3440
1 3441
1 3442
1 3443
1 3444
1 3445
1 3446
1 3447
1 3448
1 3449
1 3450
1 3451
1 3452
1 3453
1 3454
1 3455
1 3456
1 3457
1 3458
1 3459
1 3460
1 3461
1 3462
1 3463
1 3464
1 3465
1 3466
1 3467
1 3468
1 3469
1 3470
1 3471
1 3472
1 3473
1 3474
1 3475
1 3476
1 3477
1 3478
1 3479
1 3480
1 3481
1 3482
1 3483
1 3484
1 3485
1 3486
1 3487
1 3488
1 3489
1 3490
1 3491
1 3492
1 3493
1 3494
1 3495
1 3496
1 3497
1 3498
1 3499
1 3500
1 3501
1 3502
1 3503
1 3504
1 3505
1 3506
1 3507
1 3508
1 3509
1 3510
1 3511
1 3512
1 3513
1 3514
1 3515
1 3516
1 3517
1 3518
1 3519
1 3520
1 3521
1 3522
1 3523
1 3524
1 3525
1 3526
1 3527
1 3528
1 3529
1 3530
1 3531
1 3532
1 3533
1 3534
1 3535
1 3536
1 3537
1 3538
1 3539
1 3540
1 3541
1 3542
1 3543
1 3544
1 3545
1 3546
1 3547
1 3548
1 3549
1 3550
1 3551
1 3552
1 3553
1 3554
1 3555
1 3556
1 3557
1 3558
1 3559
1 3560
1 3561
1 3562
1 3563
1 3564
1 3565
1 3566
1 3567
1 3568
1 3569
1 3570
1 3571
1 3572
1 3573
1 3574
1 3575
1 3576
1 3577
1 3578
1 3579
1 3580
1 3581
1 3582
1 3583
1 3584
1 3585
1 3586
1 3587
1 3588
1 3589
1 3590
1 3591
1 3592
1 3593
1 3594
1 3595
1 3596
1 3597
1 3598
1 3599
1 3600
1 3601
1 3602
1 3603
1 3604
1 3605
1 3606
1 3607
1 3608
1 3609
1 3610
1 3611
1 3612
1 3613
1 3614
1 3615
1 3616
1 3617
1 3618
1 3619
1 3620
1 3621
1 3622
1 3623
1 3624
1 3625
1 3626
1 3627
1 3628
1 3629
1 3630
1 3631
1 3632
1 3633
1 3634
1 3635
1 3636
1 3637
1 3638
1 3639
1 3640
1 3641
1 3642
1 3643
1 3644
1 3645
1 3646
1 3647
1 3648
1 3649
1 3650
1 3651
1 3652
1 3653
1 3654
1 3655
1 3656
1 3657
1 3658
1 3659
1 3660
1 3661
1 3662
1 3663
1 3664
1 3665
1 3666
1 3667
1 3668
1 3669
1 3670
1 3671
1 3672
1 3673
1 3674
1 3675
1 3676
1 3677
1 3678
1 3679
1 3680
1 3681
1 3682
1 3683
1 3684
1 3685
1 3686
1 3687
1 3688
1 3689
1 3690
1 3691
1 3692
1 3693
1 3694
1 3695
1 3696
1 3697
1 3698
1 3699
1 3700
1 3701
1 3702
1 3703
1 3704
1 3705
1 3706
1 3707
1 3708
1 3709
1 3710
1 3711
1 3712
1 3713
1 3714
1 3715
1 3716
1 3717
1 3718
1 3719
1 3720
1 3721
1 3722
1 3723
1 3724
1 3725
1 3726
1 3727
1 3728
1 3729
1 3730
1 3731
1 3732
1 3733
1 3734
1 3735
1 3736
1 3737
1 3738
1 3739
1 3740
1 3741
1 3742
1 3743
1 3744
1 3745
1 3746
1 3747
1 3748
1 3749
1 3750
1 3751
1 3752
1 3753
1 3754
1 3755
1 3756
1 3757
1 3758
1 3759
1 3760
1 3761
1 3762
1 3763
1 3764
1 3765
1 3766
1 3767
1 3768
1 3769
1 3770
1 3771
1 3772
1 3773
1 3774
1 3775
1 3776
1 3777
1 3778
1 3779
1 3780
1 3781
1 3782
1 3783
1 3784
1 3785
1 3786
1 3787
1 3788
1 3789
1 3790
1 3791
1 3792
1 3793
1 3794
1 3795
1 3796
1 3797
1 3798
1 3799
1 3800
1 3801
1 3802
1 3803
1 3804
1 3805
1 3806
1 3807
1 3808
1 3809
1 3810
1 3811
1 3812
1 3813
1 3814
1 3815
1 3816
1 3817
1 3818
1 3819
1 3820
1 3821
1 3822
1 3823
1 3824
1 3825
1 3826
1 3827
1 3828
1 3829
1 3830
1 3831
1 3832
1 3833
1 3834
1 3835
1 3836
1 3837
1 3838
1 3839
1 3840
1 3841
1 3842
1 3843
1 3844
1 3845
1 3846
1 3847
1 3848
1 3849
1 3850
1 3851
1 3852
1 3853
1 3854
1 3855
1 3856
1 3857
1 3858
1 3859
1 3860
1 3861
1 3862
1 3863
1 3864
1 3865
1 3866
1 3867
1 3868
1 3869
1 3870
1 3871
1 3872
1 3873
1 3874
1 3875
1 3876
1 3877
1 3878
1 3879
1 3880
1 3881
1 3882
1 3883
1 3884
1 3885
1 3886
1 3887
1 3888
1 3889
1 3890
1 3891
1 3892
1 3893
1 3894
1 3895
1 3896
1 3897
1 3898
1 3899
1 3900
1 3901
1 3902
1 3903
1 3904
1 3905
1 3906
1 3907
1 3908
1 3909
1 3910
1 3911
1 3912
1 3913
1 3914
1 3915
1 3916
1 3917
1 3918
1 3919
1 3920
1 3921
1 3922
1 3923
1 3924
1 3925
1 3926
1 3927
1 3928
1 3929
1 3930
1 3931
1 3932
1 3933
1 3934
1 3935
1 3936
1 3937
1 3938
1 3939
1 3940
1 3941
1 3942
1 3943
1 3944
1 3945
1 3946
1 3947
1 3948
1 3949
1 3950
1 3951
1 3952
1 3953
1 3954
1 3955
1 3956
1 3957
1 3958
1 3959
1 3960
1 3961
1 3962
1 3963
1 3964
1 3965
1 3966
1 3967
1 3968
1 3969
1 3970
1 3971
1 3972
1 3973
1 3974
1 3975
1 3976
1 3977
1 3978
1 3979
1 3980
1 3981
1 3982
1 3983
1 3984
1 3985
1 3986
1 3987
1 3988
1 3989
1 3990
1 3991
1 3992
1 3993
1 3994
1 3995
1 3996
1 3997
1 3998
1 3999
1 4000
1 4001
1 4002
1 4003
1 4004
1 4005
1 4006
1 4007
1 4008
1 4009
1 4010
1 4011
1 4012
1 4013
1 4014
1 4015
1 4016
1 4017
1 4018
1 4019
1 4020
1 4021
1 4022
1 4023
1 4024
1 4025
1 4026
1 4027
1 4028
1 4029
1 4030
1 4031
1 4032
1 4033
1 4034
1 4035
1 4036
1 4037
1 4038
1 4039
1 4040
1 4041
1 4042
1 4043
1 4044
1 4045
1 4046
1 4047
1 4048
1 4049
1 4050
1 4051
1 4052
1 4053
1 4054
1 4055
1 4056
1 4057
1 4058
1 4059
1 4060
1 4061
1 4062
1 4063
1 4064
1 4065
1 4066
1 4067
1 4068
1 4069
1 4070
1 4071
1 4072
1 4073
1 4074
1 4075
1 4076
1 4077
1 4078
1 4079
1 4080
1 4081
1 4082
1 4083
1 4084
1 4085
1 4086
1 4087
1 4088
1 4089
1 4090
1 4091
1 4092
1 4093
1 4094
1 4095
1 4096
1 4097
1 4098
1 4099
1 4100
1 4101
1 4102
1 4103
1 4104
1 4105
1 4106
1 4107
1 4108
1 4109
1 4110
1 4111
1 4112
1 4113
1 4114
1 4115
1 4116
1 4117
1 4118
1 4119
1 4120
1 4121
1 4122
1 4123
1 4124
1 4125
1 4126
1 4127
1 4128
1 4129
1 4130
1 4131
1 4132
1 4133
1 4134
1 4135
1 4136
1 4137
1 4138
1 4139
1 4140
1 4141
1 4142
1 4143
1 4144
1 4145
1 4146
1 4147
1 4148
1 4149
1 4150
1 4151
1 4152
1 4153
1 4154
1 4155
1 4156
1 4157
1 4158
1 4159
1 4160
1 4161
1 4162
1 4163
1 4164
1 4165
1 4166
1 4167
1 4168
1 4169
1 4170
1 4171
1 4172
1 4173
1 4174
1 4175
1 4176
1 4177
1 4178
1 4179
1 4180
1 4181
1 4182
1 4183
1 4184
1 4185
1 4186
1 4187
1 4188
1 4189
1 4190
1 4191
1 4192
1 4193
1 4194
1 4195
1 4196
1 4197
1 4198
1 4199
1 4200
1 4201
1 4202
1 4203
1 4204
1 4205
1 4206
1 4207
1 4208
1 4209
1 4210
1 4211
1 4212
1 4213
1 4214
1 4215
1 4216
1 4217
1 4218
1 4219
1 4220
1 4221
1 4222
1 4223
1 4224
1 4225
1 4226
1 4227
1 4228
1 4229
1 4230
1 4231
1 4232
1 4233
1 4234
1 4235
1 4236
1 4237
1 4238
1 4239
1 4240
1 4241
1 4242
1 4243
1 4244
1 4245
1 4246
1 4247
1 4248
1 4249
1 4250
1 4251
1 4252
1 4253
1 4254
1 4255
1 4256
1 4257
1 4258
1 4259
1 4260
1 4261
1 4262
1 4263
1 4264
1 4265
1 4266
1 4267
1 4268
1 4269
1 4270
1 4271
1 4272
1 4273
1 4274
1 4275
1 4276
1 4277
1 4278
1 4279
1 4280
1 4281
1 4282
1 4283
1 4284
1 4285
1 4286
1 4287
1 4288
1 4289
1 4290
1 4291
1 4292
1 4293
1 4294
1 4295
1 4296
1 4297
1 4298
1 4299
1 4300
1 4301
1 4302
1 4303
1 4304
1 4305
1 4306
1 4307
1 4308
1 4309
1 4310
1 4311
1 4312
1 4313
1 4314
1 4315
1 4316
1 4317
1 4318
1 4319
1 4320
1 4321
1 4322
1 4323
1 4324
1 4325
1 4326
1 4327
1 4328
1 4329
1 4330
1 4331
1 4332
1 4333
1 4334
1 4335
1 4336
1 4337
1 4338
1 4339
1 4340
1 4341
1 4342
1 4343
1 4344
1 4345
1 4346
1 4347
1 4348
1 4349
1 4350
1 4351
1 4352
1 4353
1 4354
1 4355
1 4356
1 4357
1 4358
1 4359
1 4360
1 4361
1 4362
1 4363
1 4364
1 4365
1 4366
1 4367
1 4368
1 4369
1 4370
1 4371
1 4372
1 4373
1 4374
1 4375
1 4376
1 4377
1 4378
1 4379
1 4380
1 4381
1 4382
1 4383
1 4384
1 4385
1 4386
1 4387
1 4388
1 4389
1 4390
1 4391
1 4392
1 4393
1 4394
1 4395
1 4396
1 4397
1 4398
1 4399
1 4400
1 4401
1 4402
1 4403
1 4404
1 4405
1 4406
1 4407
1 4408
1 4409
1 4410
1 4411
1 4412
1 4413
1 4414
1 4415
1 4416
1 4417
1 4418
1 4419
1 4420
1 4421
1 4422
1 4423
1 4424
1 4425
1 4426
1 4427
1 4428
1 4429
1 4430
1 4431
1 4432
1 4433
1 4434
1 4435
1 4436
1 4437
1 4438
1 4439
1 4440
1 4441
1 4442
1 4443
1 4444
1 4445
1 4446
1 4447
1 4448
1 4449
1 4450
1 4451
1 4452
1 4453
1 4454
1 4455
1 4456
1 4457
1 4458
1 4459
1 4460
1 4461
1 4462
1 4463
1 4464
1 4465
1 4466
1 4467
1 4468
1 4469
1 4470
1 4471
1 4472
1 4473
1 4474
1 4475
1 4476
1 4477
1 4478
1 4479
1 4480
1 4481
1 4482
1 4483
1 4484
1 4485
1 4486
1 4487
1 4488
1 4489
1 4490
1 4491
1 4492
1 4493
1 4494
1 4495
1 4496
1 4497
1 4498
1 4499
1 4500
1 4501
1 4502
1 4503
1 4504
1 4505
1 4506
1 4507
1 4508
1 4509
1 4510
1 4511
1 4512
1 4513
1 4514
1 4515
1 4516
1 4517
1 4518
1 4519
1 4520
1 4521
1 4522
1 4523
1 4524
1 4525
1 4526
1 4527
1 4528
1 4529
1 4530
1 4531
1 4532
1 4533
1 4534
1 4535
1 4536
1 4537
1 4538
1 4539
1 4540
1 4541
1 4542
1 4543
1 4544
1 4545
1 4546
1 4547
1 4548
1 4549
1 4550
1 4551
1 4552
1 4553
1 4554
1 4555
1 4556
1 4557
1 4558
1 4559
1 4560
1 4561
1 4562
1 4563
1 4564
1 4565
1 4566
1 4567
1 4568
1 4569
1 4570
1 4571
1 4572
1 4573
1 4574
1 4575
1 4576
1 4577
1 4578
1 4579
1 4580
1 4581
1 4582
1 4583
1 4584
1 4585
1 4586
1 4587
1 4588
1 4589
1 4590
1 4591
1 4592
1 4593
1 4594
1 4595
1 4596
1 4597
1 4598
1 4599
1 4600
1 4601
1 4602
1 4603
1 4604
1 4605
1 4606
1 4607
1 4608
1 4609
1 4610
1 4611
1 4612
1 4613
1 4614
1 4615
1 4616
1 4617
1 4618
1 4619
1 4620
1 4621
1 4622
1 4623
1 4624
1 4625
1 4626
1 4627
1 4628
1 4629
1 4630
1 4631
1 4632
1 4633
1 4634
1 4635
1 4636
1 4637
1 4638
1 4639
1 4640
1 4641
1 4642
1 4643
1 4644
1 4645
1 4646
1 4647
1 4648
1 4649
1 4650
1 4651
1 4652
1 4653
1 4654
1 4655
1 4656
1 4657
1 4658
1 4659
1 4660
1 4661
1 4662
1 4663
1 4664
1 4665
1 4666
1 4667
1 4668
1 4669
1 4670
1 4671
1 4672
1 4673
1 4674
1 4675
1 4676
1 4677
1 4678
1 4679
1 4680
1 4681
1 4682
1 4683
1 4684
1 4685
1 4686
1 4687
1 4688
1 4689
1 4690
1 4691
1 4692
1 4693
1 4694
1 4695
1 4696
1 4697
1 4698
1 4699
1 4700
1 4701
1 4702
1 4703
1 4704
1 4705
1 4706
1 4707
1 4708
1 4709
1 4710
1 4711
1 4712
1 4713
1 4714
1 4715
1 4716
1 4717
1 4718
1 4719
1 4720
1 4721
1 4722
1 4723
1 4724
1 4725
1 4726
1 4727
1 4728
1 4729
1 4730
1 4731
1 4732
1 4733
1 4734
1 4735
1 4736
1 4737
1 4738
1 4739
1 4740
1 4741
1 4742
1 4743
1 4744
1 4745
1 4746
1 4747
1 4748
1 4749
1 4750
1 4751
1 4752
1 4753
1 4754
1 4755
1 4756
1 4757
1 4758
1 4759
1 4760
1 4761
1 4762
1 4763
1 4764
1 4765
1 4766
1 4767
1 4768
1 4769
1 4770
1 4771
1 4772
1 4773
1 4774
1 4775
1 4776
1 4777
1 4778
1 4779
1 4780
1 4781
1 4782
1 4783
1 4784
1 4785
1 4786
1 4787
1 4788
1 4789
1 4790
1 4791
1 4792
1 4793
1 4794
1 4795
1 4796
1 4797
1 4798
1 4799
1 4800
1 4801
1 4802
1 4803
1 4804
1 4805
1 4806
1 4807
1 4808
1 4809
1 4810
1 4811
1 4812
1 4813
1 4814
1 4815
1 4816
1 4817
1 4818
1 4819
1 4820
1 4821
1 4822
1 4823
1 4824
1 4825
1 4826
1 4827
1 4828
1 4829
1 4830
1 4831
1 4832
1 4833
1 4834
1 4835
1 4836
1 4837
1 4838
1 4839
1 4840
1 4841
1 4842
1 4843
1 4844
1 4845
1 4846
1 4847
1 4848
1 4849
1 4850
1 4851
1 4852
1 4853
1 4854
1 4855
1 4856
1 4857
1 4858
1 4859
1 4860
1 4861
1 4862
1 4863
1 4864
1 4865
1 4866
1 4867
1 4868
1 4869
1 4870
1 4871
1 4872
1 4873
1 4874
1 4875
1 4876
1 4877
1 4878
1 4879
1 4880
1 4881
1 4882
1 4883
1 4884
1 4885
1 4886
1 4887
1 4888
1 4889
1 4890
1 4891
1 4892
1 4893
1 4894
1 4895
1 4896
1 4897
1 4898
1 4899
1 4900
1 4901
1 4902
1 4903
1 4904
1 4905
1 4906
1 4907
1 4908
1 4909
1 4910
1 4911
1 4912
1 4913
1 4914
1 4915
1 4916
1 4917
1 4918
1 4919
1 4920
1 4921
1 4922
1 4923
1 4924
1 4925
1 4926
1 4927
1 4928
1 4929
1 4930
1 4931
1 4932
1 4933
1 4934
1 4935
1 4936
1 4937
1 4938
1 4939
1 4940
1 4941
1 4942
1 4943
1 4944
1 4945
1 4946
1 4947
1 4948
1 4949
1 4950
1 4951
1 4952
1 4953
1 4954
1 4955
1 4956
1 4957
1 4958
1 4959
1 4960
1 4961
1 4962
1 4963
1 4964
1 4965
1 4966
1 4967
1 4968
1 4969
1 4970
1 4971
1 4972
1 4973
1 4974
1 4975
1 4976
1 4977
1 4978
1 4979
1 4980
1 4981
1 4982
1 4983
1 4984
1 4985
1 4986
1 4987
1 4988
1 4989
1 4990
1 4991
1 4992
1 4993
1 4994
1 4995
1 4996
1 4997
1 4998
1 4999
1 5000
1 5001
1 5002
1 5003
1 5004
1 5005
1 5006
1 5007
1 5008
1 5009
1 5010
1 5011
1 5012
1 5013
1 5014
1 5015
1 5016
1 5017
1 5018
1 5019
1 5020
1 5021
1 5022
1 5023
1 5024
1 5025
1 5026
1 5027
1 5028
1 5029
1 5030
1 5031
1 5032
1 5033
1 5034
1 5035
1 5036
1 5037
1 5038
1 5039
1 5040
1 5041
1 5042
1 5043
1 5044
1 5045
1 5046
1 5047
1 5048
1 5049
1 5050
1 5051
1 5052
1 5053
1 5054
1 5055
1 5056
1 5057
1 5058
1 5059
1 5060
1 5061
1 5062
1 5063
1 5064
1 5065
1 5066
1 5067
1 5068
1 5069
1 5070
1 5071
1 5072
1 5073
1 5074
1 5075
1 5076
1 5077
1 5078
1 5079
1 5080
1 5081
1 5082
1 5083
1 5084
1 5085
1 5086
1 5087
1 5088
1 5089
1 5090
1 5091
1 5092
1 5093
1 5094
1 5095
1 5096
1 5097
1 5098
1 5099
1 5100
1 5101
1 5102
1 5103
1 5104
1 5105
1 5106
1 5107
1 5108
1 5109
1 5110
1 5111
1 5112
1 5113
1 5114
1 5115
1 5116
1 5117
1 5118
1 5119
1 5120
1 5121
1 5122
1 5123
1 5124
1 5125
1 5126
1 5127
1 5128
1 5129
1 5130
1 5131
1 5132
1 5133
1 5134
1 5135
1 5136
1 5137
1 5138
1 5139
1 5140
1 5141
1 5142
1 5143
1 5144
1 5145
1 5146
1 5147
1 5148
1 5149
1 5150
1 5151
1 5152
1 5153
1 5154
1 5155
1 5156
1 5157
1 5158
1 5159
1 5160
1 5161
1 5162
1 5163
1 5164
1 5165
1 5166
1 5167
1 5168
1 5169
1 5170
1 5171
1 5172
1 5173
1 5174
1 5175
1 5176
1 5177
1 5178
1 5179
1 5180
1 5181
1 5182
1 5183
1 5184
1 5185
1 5186
1 5187
1 5188
1 5189
1 5190
1 5191
1 5192
1 5193
1 5194
1 5195
1 5196
1 5197
1 5198
1 5199
1 5200
1 5201
1 5202
1 5203
1 5204
1 5205
1 5206
1 5207
1 5208
1 5209
1 5210
1 5211
1 5212
1 5213
1 5214
1 5215
1 5216
1 5217
1 5218
1 5219
1 5220
1 5221
1 5222
1 5223
1 5224
1 5225
1 5226
1 5227
1 5228
1 5229
1 5230
1 5231
1 5232
1 5233
1 5234
1 5235
1 5236
1 5237
1 5238
1 5239
1 5240
1 5241
1 5242
1 5243
1 5244
1 5245
1 5246
1 5247
1 5248
1 5249
1 5250
1 5251
1 5252
1 5253
1 5254
1 5255
1 5256
1 5257
1 5258
1 5259
1 5260
1 5261
1 5262
1 5263
1 5264
1 5265
1 5266
1 5267
1 5268
1 5269
1 5270
1 5271
1 5272
1 5273
1 5274
1 5275
1 5276
1 5277
1 5278
1 5279
1 5280
1 5281
1 5282
1 5283
1 5284
1 5285
1 5286
1 5287
1 5288
1 5289
1 5290
1 5291
1 5292
1 5293
1 5294
1 5295
1 5296
1 5297
1 5298
1 5299
1 5300
1 5301
1 5302
1 5303
1 5304
1 5305
1 5306
1 5307
1 5308
1 5309
1 5310
1 5311
1 5312
1 5313
1 5314
1 5315
1 5316
1 5317
1 5318
1 5319
1 5320
1 5321
1 5322
1 5323
1 5324
1 5325
1 5326
1 5327
1 5328
1 5329
1 5330
1 5331
1 5332
1 5333
1 5334
1 5335
1 5336
1 5337
1 5338
1 5339
1 5340
1 5341
1 5342
1 5343
1 5344
1 5345
1 5346
1 5347
1 5348
1 5349
1 5350
1 5351
1 5352
1 5353
1 5354
1 5355
1 5356
1 5357
1 5358
1 5359
1 5360
1 5361
1 5362
1 5363
1 5364
1 5365
1 5366
1 5367
1 5368
1 5369
1 5370
1 5371
1 5372
1 5373
1 5374
1 5375
1 5376
1 5377
1 5378
1 5379
1 5380
1 5381
1 5382
1 5383
1 5384
1 5385
1 5386
1 5387
1 5388
1 5389
1 5390
1 5391
1 5392
1 5393
1 5394
1 5395
1 5396
1 5397
1 5398
1 5399
1 5400
1 5401
1 5402
1 5403
1 5404
1 5405
1 5406
1 5407
1 5408
1 5409
1 5410
1 5411
1 5412
1 5413
1 5414
1 5415
1 5416
1 5417
1 5418
1 5419
1 5420
1 5421
1 5422
1 5423
1 5424
1 5425
1 5426
1 5427
1 5428
1 5429
1 5430
1 5431
1 5432
1 5433
1 5434
1 5435
1 5436
1 5437
1 5438
1 5439
1 5440
1 5441
1 5442
1 5443
1 5444
1 5445
1 5446
1 5447
1 5448
1 5449
1 5450
1 5451
1 5452
1 5453
1 5454
1 5455
1 5456
1 5457
1 5458
1 5459
1 5460
1 5461
1 5462
1 5463
1 5464
1 5465
1 5466
1 5467
1 5468
1 5469
1 5470
1 5471
1 5472
1 5473
1 5474
1 5475
1 5476
1 5477
1 5478
1 5479
1 5480
1 5481
1 5482
1 5483
1 5484
1 5485
1 5486
1 5487
1 5488
1 5489
1 5490
1 5491
1 5492
1 5493
1 5494
1 5495
1 5496
1 5497
1 5498
1 5499
1 5500
1 5501
1 5502
1 5503
1 5504
1 5505
1 5506
1 5507
1 5508
1 5509
1 5510
1 5511
1 5512
1 5513
1 5514
1 5515
1 5516
1 5517
1 5518
1 5519
1 5520
1 5521
1 5522
1 5523
1 5524
1 5525
1 5526
1 5527
1 5528
1 5529
1 5530
1 5531
1 5532
1 5533
1 5534
1 5535
1 5536
1 5537
1 5538
1 5539
1 5540
1 5541
1 5542
1 5543
1 5544
1 5545
1 5546
1 5547
1 5548
1 5549
1 5550
1 5551
1 5552
1 5553
1 5554
1 5555
1 5556
1 5557
1 5558
1 5559
1 5560
1 5561
1 5562
1 5563
1 5564
1 5565
1 5566
1 5567
1 5568
1 5569
1 5570
1 5571
1 5572
1 5573
1 5574
1 5575
1 5576
1 5577
1 5578
1 5579
1 5580
1 5581
1 5582
1 5583
1 5584
1 5585
1 5586
1 5587
1 5588
1 5589
1 5590
1 5591
1 5592
1 5593
1 5594
1 5595
1 5596
1 5597
1 5598
1 5599
1 5600
1 5601
1 5602
1 5603
1 5604
1 5605
1 5606
1 5607
1 5608
1 5609
1 5610
1 5611
1 5612
1 5613
1 5614
1 5615
1 5616
1 5617
1 5618
1 5619
1 5620
1 5621
1 5622
1 5623
1 5624
1 5625
1 5626
1 5627
1 5628
1 5629
1 5630
1 5631
1 5632
1 5633
1 5634
1 5635
1 5636
1 5637
1 5638
1 5639
1 5640
1 5641
1 5642
1 5643
1 5644
1 5645
1 5646
1 5647
1 5648
1 5649
1 5650
1 5651
1 5652
1 5653
1 5654
1 5655
1 5656
1 5657
1 5658
1 5659
1 5660
1 5661
1 5662
1 5663
1 5664
1 5665
1 5666
1 5667
1 5668
1 5669
1 5670
1 5671
1 5672
1 5673
1 5674
1 5675
1 5676
1 5677
1 5678
1 5679
1 5680
1 5681
1 5682
1 5683
1 5684
1 5685
1 5686
1 5687
1 5688
1 5689
1 5690
1 5691
1 5692
1 5693
1 5694
1 5695
1 5696
1 5697
1 5698
1 5699
1 5700
1 5701
1 5702
1 5703
1 5704
1 5705
1 5706
1 5707
1 5708
1 5709
1 5710
1 5711
1 5712
1 5713
1 5714
1 5715
1 5716
1 5717
1 5718
1 5719
1 5720
1 5721
1 5722
1 5723
1 5724
1 5725
1 5726
1 5727
1 5728
1 5729
1 5730
1 5731
1 5732
1 5733
1 5734
1 5735
1 5736
1 5737
1 5738
1 5739
1 5740
1 5741
1 5742
1 5743
1 5744
1 5745
1 5746
1 5747
1 5748
1 5749
1 5750
1 5751
1 5752
1 5753
1 5754
1 5755
1 5756
1 5757
1 5758
1 5759
1 5760
1 5761
1 5762
1 5763
1 5764
1 5765
1 5766
1 5767
1 5768
1 5769
1 5770
1 5771
1 5772
1 5773
1 5774
1 5775
1 5776
1 5777
1 5778
1 5779
1 5780
1 5781
1 5782
1 5783
1 5784
1 5785
1 5786
1 5787
1 5788
1 5789
1 5790
1 5791
1 5792
1 5793
1 5794
1 5795
1 5796
1 5797
1 5798
1 5799
1 5800
1 5801
1 5802
1 5803
1 5804
1 5805
1 5806
1 5807
1 5808
1 5809
1 5810
1 5811
1 5812
1 5813
1 5814
1 5815
1 5816
1 5817
1 5818
1 5819
1 5820
1 5821
1 5822
1 5823
1 5824
1 5825
1 5826
1 5827
1 5828
1 5829
1 5830
1 5831
1 5832
1 5833
1 5834
1 5835
1 5836
1 5837
1 5838
1 5839
1 5840
1 5841
1 5842
1 5843
1 5844
1 5845
1 5846
1 5847
1 5848
1 5849
1 5850
1 5851
1 5852
1 5853
1 5854
1 5855
1 5856
1 5857
1 5858
1 5859
1 5860
1 5861
1 5862
1 5863
1 5864
1 5865
1 5866
1 5867
1 5868
1 5869
1 5870
1 5871
1 5872
1 5873
1 5874
1 5875
1 5876
1 5877
1 5878
1 5879
1 5880
1 5881
1 5882
1 5883
1 5884
1 5885
1 5886
1 5887
1 5888
1 5889
1 5890
1 5891
1 5892
1 5893
1 5894
1 5895
1 5896
1 5897
1 5898
1 5899
1 5900
1 5901
1 5902
1 5903
1 5904
1 5905
1 5906
1 5907
1 5908
1 5909
1 5910
1 5911
1 5912
1 5913
1 5914
1 5915
1 5916
1 5917
1 5918
1 5919
1 5920
1 5921
1 5922
1 5923
1 5924
1 5925
1 5926
1 5927
1 5928
1 5929
1 5930
1 5931
1 5932
1 5933
1 5934
1 5935
1 5936
1 5937
1 5938
1 5939
1 5940
1 5941
1 5942
1 5943
1 5944
1 5945
1 5946
1 5947
1 5948
1 5949
1 5950
1 5951
1 5952
1 5953
1 5954
1 5955
1 5956
1 5957
1 5958
1 5959
1 5960
1 5961
1 5962
1 5963
1 5964
1 5965
1 5966
1 5967
1 5968
1 5969
1 5970
1 5971
1 5972
1 5973
1 5974
1 5975
1 5976
1 5977
1 5978
1 5979
1 5980
1 5981
1 5982
1 5983
1 5984
1 5985
1 5986
1 5987
1 5988
1 5989
1 5990
1 5991
1 5992
1 5993
1 5994
1 5995
1 5996
1 5997
1 5998
1 5999
1 6000
1 6001
1 6002
1 6003
1 6004
1 6005
1 6006
1 6007
1 6008
1 6009
1 6010
1 6011
1 6012
1 6013
1 6014
1 6015
1 6016
1 6017
1 6018
1 6019
1 6020
1 6021
1 6022
1 6023
1 6024
1 6025
1 6026
1 6027
1 6028
1 6029
1 6030
1 6031
1 6032
1 6033
1 6034
1 6035
1 6036
1 6037
1 6038
1 6039
1 6040
1 6041
1 6042
1 6043
1 6044
1 6045
1 6046
1 6047
1 6048
1 6049
1 6050
1 6051
1 6052
1 6053
1 6054
1 6055
1 6056
1 6057
1 6058
1 6059
1 6060
1 6061
1 6062
1 6063
1 6064
1 6065
1 6066
1 6067
1 6068
1 6069
1 6070
1 6071
1 6072
1 6073
1 6074
1 6075
1 6076
1 6077
1 6078
1 6079
1 6080
1 6081
1 6082
1 6083
1 6084
1 6085
1 6086
1 6087
1 6088
1 6089
1 6090
1 6091
1 6092
1 6093
1 6094
1 6095
1 6096
1 6097
1 6098
1 6099
1 6100
1 6101
1 6102
1 6103
1 6104
1 6105
1 6106
1 6107
1 6108
1 6109
1 6110
1 6111
1 6112
1 6113
1 6114
1 6115
1 6116
1 6117
1 6118
1 6119
1 6120
1 6121
1 6122
1 6123
1 6124
1 6125
1 6126
1 6127
1 6128
1 6129
1 6130
1 6131
1 6132
1 6133
1 6134
1 6135
1 6136
1 6137
1 6138
1 6139
1 6140
1 6141
1 6142
1 6143
1 6144
1 6145
1 6146
1 6147
1 6148
1 6149
1 6150
1 6151
1 6152
1 6153
1 6154
1 6155
1 6156
1 6157
1 6158
1 6159
1 6160
1 6161
1 6162
1 6163
1 6164
1 6165
1 6166
1 6167
1 6168
1 6169
1 6170
1 6171
1 6172
1 6173
1 6174
1 6175
1 6176
1 6177
1 6178
1 6179
1 6180
1 6181
1 6182
1 6183
1 6184
1 6185
1 6186
1 6187
1 6188
1 6189
1 6190
1 6191
1 6192
1 6193
1 6194
1 6195
1 6196
1 6197
1 6198
1 6199
1 6200
1 6201
1 6202
1 6203
1 6204
1 6205
1 6206
1 6207
1 6208
1 6209
1 6210
1 6211
1 6212
1 6213
1 6214
1 6215
1 6216
1 6217
1 6218
1 6219
1 6220
1 6221
1 6222
1 6223
1 6224
1 6225
1 6226
1 6227
1 6228
1 6229
1 6230

CELL_TYPES 6231
1
1
1
1
1
1
1
1
1
1
1
1
1
1
1
1
1
1
1
1
1
1
1
1
1
1
1
1
1
1
1
1
1
1
1
1
1
1
1
1
1
1
1
1
1
1
1
1
1
1
1
1
1
1
1
1
1
1
1
1
1
1
1
1
1
1
1
1
1
1
1
1
1
1
1
1
1
1
1
1
1
1
1
1
1
1
1
1
1
1
1
1
1
1
1
1
1
1
1
1
1
1
1
1
1
1
1
1
1
1
1
1
1
1
1
1
1
1
1
1
1
1
1
1
1
1
1
1
1
1
1
1
1
1
1
1
1
1
1
1
1
1
1
1
1
1
1
1
1
1
1
1
1
1
1
1
1
1
1
1
1
1
1
1
1
1
1
1
1
1
1
1
1
1
1
1
1
1
1
1
1
1
1
1
1
1
1
1
1
1
1
1
1
1
1
1
1
1
1
1
1
1
1
1
1
1
1
1
1
1
1
1
1
1
1
1
1
1
1
1
1
1
1
1
1
1
1
1
1
1
1
1
1
1
1
1
1
1
1
1
1
1
1
1
1
1
1
1
1
1
1
1
1
1
1
1
1
1
1
1
1
1
1
1
1
1
1
1
1
1
1
1
1
1
1
1
1
1
1
1
1
1
1
1
1
1
1
1
1
1
1
1
1
1
1
1
1
1
1
1
1
1
1
1
1
1
1
1
1
1
1
1
1
1
1
1
1
1
1
1
1
1
1
1
1
1
1
1
1
1
1
1
1
1
1
1
1
1
1
1
1
1
1
1
1
1
1
1
1
1
1
1
1
1
1
1
1
1
1
1
1
1
1
1
1
1
1
1
1
1
1
1
1
1
1
1
1
1
1
1
1
1
1
1
1
1
1
1
1
1
1
1
1
1
1
1
1
1
1
1
1
1
1
1
1
1
1
1
1
1
1
1
1
1
1
1
1
1
1
1
1
1
1
1
1
1
1
1
1
1
1
1
1
1
1
1
1
1
1
1
1
1
1
1
1
1
1
1
1
1
1
1
1
1
1
1
1
1
1
1
1
1
1
1
1
1
1
1
1
1
1
1
1
1
1
1
1
1
1
1
1
1
1
1
1
1
1
1
1
1
1
1
1
1
1
1
1
1
1
1
1
1
1
1
1
1
1
1
1
1
1
1
1
1
1
1
1
1
1
1
1
1
1
1
1
1
1
1
1
1
1
1
1
1
1
1
1
1
1
1
1
1
1
1
1
1
1
1
1
1
1
1
1
1
1
1
1
1
1
1
1
1
1
1
1
1
1
1
1
1
1
1
1
1
1
1
1
1
1
1
1
1
1
1
1
1
1
1
1
1
1
1
1
1
1
1
1
1
1
1
1
1
1
1
1
1
1
1
1
1
1
1
1
1
1
1
1
1
1
1
1
1
1
1
1
1
1
1
1
1
1
1
1
1
1
1
1
1
1
1
1
1
1
1
1
1
1
1
1
1
1
1
1
1
1
1
1
1
1
1
1
1
1
1
1
1
1
1
1
1
1
1
1
1
1
1
1
1
1
1
1
1
1
1
1
1
1
1
1
1
1
1
1
1
1
1
1
1
1
1
1
1
1
1
1
1
1
1
1
1
1
1
1
1
1
1
1
1
1
1
1
1
1
1
1
1
1
1
1
1
1
1
1
1
1
1
1
1
1
1
1
1
1
1
1
1
1
1
1
1
1
1
1
1
1
1
1
1
1
1
1
1
1
1
1
1
1
1
1
1
1
1
1
1
1
1
1
1
1
1
1
1
1
1
1
1
1
1
1
1
1
1
1
1
1
1
1
1
1
1
1
1
1
1
1
1
1
1
1
1
1
1
1
1
1
1
1
1
1
1
1
1
1
1
1
1
1
1
1
1
1
1
1
1
1
1
1
1
1
1
1
1
1
1
1
1
1
1
1
1
1
1
1
1
1
1
1
1
1
1
1
1
1
1
1
1
1
1
1
1
1
1
1
1
1
1
1
1
1
1
1
1
1
1
1
1
1
1
1
1
1
1
1
1
1
1
1
1
1
1
1
1
1
1
1
1
1
1
1
1
1
1
1
1
1
1
1
1
1
1
1
1
1
1
1
1
1
1
1
1
1
1
1
1
1
1
1
1
1
1
1
1
1
1
1
1
1
1
1
1
1
1
1
1
1
1
1
1
1
1
1
1
1
1
1
1
1
1
1
1
1
1
1
1
1
1
1
1
1
1
1
1
1
1
1
1
1
1
1
1
1
1
1
1
1
1
1
1
1
1
1
1
1
1
1
1
1
1
1
1
1
1
1
1
1
1
1
1
1
1
1
1
1
1
1
1
1
1
1
1
1
1
1
1
1
1
1
1
1
1
1
1
1
1
1
1
1
1
1
1
1
1
1
1
1
1
1
1
1
1
1
1
1
1
1
1
1
1
1
1
1
1
1
1
1
1
1
1
1
1
1
1
1
1
1
1
1
1
1
1
1
1
1
1
1
1
1
1
1
1
1
1
1
1
1
1
1
1
1
1
1
1
1
1
1
1
1
1
1
1
1
1
1
1
1
1
1
1
1
1
1
1
1
1
1
1
1
1
1
1
1
1
1
1
1
1
1
1
1
1
1
1
1
1
1
1
1
1
1
1
1
1
1
1
1
1
1
1
1
1
1
1
1
1
1
1
1
1
1
1
1
1
1
1
1
1
1
1
1
1
1
1
1
1
1
1
1
1
1
1
1
1
1
1
1
1
1
1
1
1
1
1
1
1
1
1
1
1
1
1
1
1
1
1
1
1
1
1
1
1
1
1
1
1
1
1
1
1
1
1
1
1
1
1
1
1
1
1
1
1
1
1
1
1
1
1
1
1
1
1
1
1
1
1
1
1
1
1
1
1
1
1
1
1
1
1
1
1
1
1
1
1
1
1
1
1
1
1
1
1
1
1
1
1
1
1
1
1
1
1
1
1
1
1
1
1
1
1
1
1
1
1
1
1
1
1
1
1
1
1
1
1
1
1
1
1
1
1
1
1
1
1
1
1
1
1
1
1
1
1
1
1
1
1
1
1
1
1
1
1
1
1
1
1
1
1
1
1
1
1
1
1
1
1
1
1
1
1
1
1
1
1
1
1
1
1
1
1
1
1
1
1
1
1
1
1
1
1
1
1
1
1
1
1
1
1
1
1
1
1
1
1
1
1
1
1
1
1
1
1
1
1
1
1
1
1
1
1
1
1
1
1
1
1
1
1
1
1
1
1
1
1
1
1
1
1
1
1
1
1
1
1
1
1
1
1
1
1
1
1
1
1
1
1
1
1
1
1
1
1
1
1
1
1
1
1
1
1
1
1
1
1
1
1
1
1
1
1
1
1
1
1
1
1
1
1
1
1
1
1
1
1
1
1
1
1
1
1
1
1
1
1
1
1
1
1
1
1
1
1
1
1
1
1
1
1
1
1
1
1
1
1
1
1
1
1
1
1
1
1
1
1
1
1
1
1
1
1
1
1
1
1
1
1
1
1
1
1
1
1
1
1
1
1
1
1
1
1
1
1
1
1
1
1
1
1
1
1
1
1
1
1
1
1
1
1
1
1
1
1
1
1
1
1
1
1
1
1
1
1
1
1
1
1
1
1
1
1
1
1
1
1
1
1
1
1
1
1
1
1
1
1
1
1
1
1
1
1
1
1
1
1
1
1
1
1
1
1
1
1
1
1
1
1
1
1
1
1
1
1
1
1
1
1
1
1
1
1
1
1
1
1
1
1
1
1
1
1
1
1
1
1
1
1
1
1
1
1
1
1
1
1
1
1
1
1
1
1
1
1
1
1
1
1
1
1
1
1
1
1
1
1
1
1
1
1
1
1
1
1
1
1
1
1
1
1
1
1
1
1
1
1
1
1
1
1
1
1
1
1
1
1
1
1
1
1
1
1
1
1
1
1
1
1
1
1
1
1
1
1
1
1
1
1
1
1
1
1
1
1
1
1
1
1
1
1
1
1
1
1
1
1
1
1
1
1
1
1
1
1
1
1
1
1
1
1
1
1
1
1
1
1
1
1
1
1
1
1
1
1
1
1
1
1
1
1
1
1
1
1
1
1
1
1
1
1
1
1
1
1
1
1
1
1
1
1
1
1
1
1
1
1
1
1
1
1
1
1
1
1
1
1
1
1
1
1
1
1
1
1
1
1
1
1
1
1
1
1
1
1
1
1
1
1
1
1
1
1
1
1
1
1
1
1
1
1
1
1
1
1
1
1
1
1
1
1
1
1
1
1
1
1
1
1
1
1
1
1
1
1
1
1
1
1
1
1
1
1
1
1
1
1
1
1
1
1
1
1
1
1
1
1
1
1
1
1
1
1
1
1
1
1
1
1
1
1
1
1
1
1
1
1
1
1
1
1
1
1
1
1
1
1
1
1
1
1
1
1
1
1
1
1
1
1
1
1
1
1
1
1
1
1
1
1
1
1
1
1
1
1
1
1
1
1
1
1
1
1
1
1
1
1
1
1
1
1
1
1
1
1
1
1
1
1
1
1
1
1
1
1
1
1
1
1
1
1
1
1
1
1
1
1
1
1
1
1
1
1
1
1
1
1
1
1
1
1
1
1
1
1
1
1
1
1
1
1
1
1
1
1
1
1
1
1
1
1
1
1
1
1
1
1
1
1
1
1
1
1
1
1
1
1
1
1
1
1
1
1
1
1
1
1
1
1
1
1
1
1
1
1
1
1
1
1
1
1
1
1
1
1
1
1
1
1
1
1
1
1
1
1
1
1
1
1
1
1
1
1
1
1
1
1
1
1
1
1
1
1
1
1
1
1
1
1
1
1
1
1
1
1
1
1
1
1
1
1
1
1
1
1
1
1
1
1
1
1
1
1
1
1
1
1
1
1
1
1
1
1
1
1
1
1
1
1
1
1
1
1
1
1
1
1
1
1
1
1
1
1
1
1
1
1
1
1
1
1
1
1
1
1
1
1
1
1
1
1
1
1
1
1
1
1
1
1
1
1
1
1
1
1
1
1
1
1
1
1
1
1
1
1
1
1
1
1
1
1
1
1
1
1
1
1
1
1
1
1
1
1
1
1
1
1
1
1
1
1
1
1
1
1
1
1
1
1
1
1
1
1
1
1
1
1
1
1
1
1
1
1
1
1
1
1
1
1
1
1
1
1
1
1
1
1
1
1
1
1
1
1
1
1
1
1
1
1
1
1
1
1
1
1
1
1
1
1
1
1
1
1
1
1
1
1
1
1
1
1
1
1
1
1
1
1
1
1
1
1
1
1
1
1
1
1
1
1
1
1
1
1
1
1
1
1
1
1
1
1
1
1
1
1
1
1
1
1
1
1
1
1
1
1
1
1
1
1
1
1
1
1
1
1
1
1
1
1
1
1
1
1
1
1
1
1
1
1
1
1
1
1
1
1
1
1
1
1
1
1
1
1
1
1
1
1
1
1
1
1
1
1
1
1
1
1
1
1
1
1
1
1
1
1
1
1
1
1
1
1
1
1
1
1
1
1
1
1
1
1
1
1
1
1
1
1
1
1
1
1
1
1
1
1
1
1
1
1
1
1
1
1
1
1
1
1
1
1
1
1
1
1
1
1
1
1
1
1
1
1
1
1
1
1
1
1
1
1
1
1
1
1
1
1
1
1
1
1
1
1
1
1
1
1
1
1
1
1
1
1
1
1
1
1
1
1
1
1
1
1
1
1
1
1
1
1
1
1
1
1
1
1
1
1
1
1
1
1
1
1
1
1
1
1
1
1
1
1
1
1
1
1
1
1
1
1
1
1
1
1
1
1
1
1
1
1
1
1
1
1
1
1
1
1
1
1
1
1
1
1
1
1
1
1
1
1
1
1
1
1
1
1
1
1
1
1
1
1
1
1
1
1
1
1
1
1
1
1
1
1
1
1
1
1
1
1
1
1
1
1
1
1
1
1
1
1
1
1
1
1
1
1
1
1
1
1
1
1
1
1
1
1
1
1
1
1
1
1
1
1
1
1
1
1
1
1
1
1
1
1
1
1
1
1
1
1
1
1
1
1
1
1
1
1
1
1
1
1
1
1
1
1
1
1
1
1
1
1
1
1
1
1
1
1
1
1
1
1
1
1
1
1
1
1
1
1
1
1
1
1
1
1
1
1
1
1
1
1
1
1
1
1
1
1
1
1
1
1
1
1
1
1
1
1
1
1
1
1
1
1
1
1
1
1
1
1
1
1
1
1
1
1
1
1
1
1
1
1
1
1
1
1
1
1
1
1
1
1
1
1
1
1
1
1
1
1
1
1
1
1
1
1
1
1
1
1
1
1
1
1
1
1
1
1
1
1
1
1
1
1
1
1
1
1
1
1
1
1
1
1
1
1
1
1
1
1
1
1
1
1
1
1
1
1
1
1
1
1
1
1
1
1
1
1
1
1
1
1
1
1
1
1
1
1
1
1
1
1
1
1
1
1
1
1
1
1
1
1
1
1
1
1
1
1
1
1
1
1
1
1
1
1
1
1
1
1
1
1
1
1
1
1
1
1
1
1
1
1
1
1
1
1
1
1
1
1
1
1
1
1
1
1
1
1
1
1
1
1
1
1
1
1
1
1
1
1
1
1
1
1
1
1
1
1
1
1
1
1
1
1
1
1
1
1
1
1
1
1
1
1
1
1
1
1
1
1
1
1
1
1
1
1
1
1
1
1
1
1
1
1
1
1
1
1
1
1
1
1
1
1
1
1
1
1
1
1
1
1
1
1
1
1
1
1
1
1
1
1
1
1
1
1
1
1
1
1
1
1
1
1
1
1
1
1
1
1
1
1
1
1
1
1
1
1
1
1
1
1
1
1
1
1
1
1
1
1
1
1
1
1
1
1
1
1
1
1
1
1
1
1
1
1
1
1
1
1
1
1
1
1
1
1
1
1
1
1
1
1
1
1
1
1
1
1
1
1
1
1
1
1
1
1
1
1
1
1
1
1
1
1
1
1
1
1
1
1
1
1
1
1
1
1
1
1
1
1
1
1
1
1
1
1
1
1
1
1
1
1
1
1
1
1
1
1
1
1
1
1
1
1
1
1
1
1
1
1
1
1
1
1
1
1
1
1
1
1
1
1
1
1
1
1
1
1
1
1
1
1
1
1
1
1
1
1
1
1
1
1
1
1
1
1
1
1
1
1
1
1
1
1
1
1
1
1
1
1
1
1
1
1
1
1
1
1
1
1
1
1
1
1
1
1
1
1
1
1
1
1
1
1
1
1
1
1
1
1
1
1
1
1
1
1
1
1
1
1
1
1
1
1
1
1
1
1
1
1
1
1
1
1
1
1
1
1
1
1
1
1
1
1
1
1
1
1
1
1
1
1
1
1
1
1
1
1
1
1
1
1
1
1
1
1
1
1
1
1
1
1
1
1
1
1
1
1
1
1
1
1
1
1
1
1
1
1
1
1
1
1
1
1
1
1
1
1
1
1
1
1
1
1
1
1
1
1
1
1
1
1
1
1
1
1
1
1
1
1
1
1
1
1
1
1
1
1
1
1
1
1
1
1
1
1
1
1
1
1
1
1
1
1
1
1
1
1
1
1
1
1
1
1
1
1
1
1
1
1
1
1
1
1
1
1
1
1
1
1
1
1
1
1
1
1
1
1
1
1
1
1
1
1
1
1
1
1
1
1
1
1
1
1
1
1
1
1
1
1
1
1
1
1
1
1
1
1
1
1
1
1
1
1
1
1
1
1
1
1
1
1
1
1
1
1
1
1
1
1
1
1
1
1
1
1
1
1
1
1
1
1
1
1
1
1
1
1
1
1
1
1
1
1
1
1
1
1
1
1
1
1
1
1
1
1
1
1
1
1
1
1
1
1
1
1
1
1
1
1
1
1
1
1
1
1
1
1
1
1
1
1
1
1
1
1
1
1
1
1
1
1
1
1
1
1
1
1
1
1
1
1
1
1
1
1
1
1
1
1
1
1
1
1
1
1
1
1
1
1
1
1
1
1
1
1
1
1
1
1
1
1
1
1
1
1
1
1
1
1
1
1
1
1
1
1
1
1
1
1
1
1
1
1
1
1
1
1
1
1
1
1
1
1
1
1
1
1
1
1
1
1
1
1
1
1
1
1
1
1
1
1
1
1
1
1
1
1
1
1
1
1
1
1
1
1
1
1
1
1
1
1
1
1
1
1
1
1
1
1
1
1
1
1
1
1
1
1
1
1
1
1
1
1
1
1
1
1
1
1
1
1
1
1
1
1
1
1
1
1
1
1
1
1
1
1
1
1
1
1
1
1
1
1
1
1
1
1
1
1
1
1
1
1
1
1
1
1
1
1
1
1
1
1
1
1
1
1
1
1
1
1
1
1
1
1
1
1
1
1
1
1
1
1
1
1
1
1
1
1
1
1
1
1
1
1
1
1
1
1
1
1
1
1
1
1
1
1
1
1
1
1
1
1
1
1
1
1
1
1
1
1
1
1
1
1
1
1
1
1
1
1
1
1
1
1
1
1
1
1
1
1
1
1
1
1
1
1
1
1
1
1
1
1
1
1
1
1
1
1
1
1
1
1
1
1
1
1
1
1
1
1
1
1
1
1
1
1
1
1
1
1
1
1
1
1
1
1
1
1
1
1
1
1
1
1
1
1
1
1
1
1
1
1
1
1
1
1
1
1
1
1
1
1
1
1
1
1
1
1
1
1
1
1
1
1
1
1
1
1
1
1
1
1
1
1
1
1
1
1
1
1
1
1
1
1
1
1
1
1
1
1
1
1
1
1
1
1
1
1
1
1
1
1
1
1
1
1
1
1
1
1
1
1
1
1
1
1
1
1
1
1
1
1
1
1
1
1
1
1
1
1
1
1
1
1
1
1
1
1
1
1
1
1
1
1
1
1
1
1
1
1
1
1
1
1
1
1
1
1
1
1
1
1
1
1
1
1
1
1
1
1
1
1
1
1
1
1
1
1
1
1
1
1
1
1
1
1
1
1
1
1
1
1
1
1
1
1
1
1
1
1
1
1
1
1
1
1
1
1
1
1
1
1
1
1
1
1
1
1
1
1
1
1
1
1
1
1
1
1
1
1
1
1
1
1
1
1
1
1
1
1
1
1
1
1
1
1
1
1
1
1
1
1
1
1
1
1
1
1
1
1
1
1
1
1
1
1
1
1
1
1
1
1
1
1
1
1
1
1
1
1
1
1
1
1
1
1
1
1
1
1
1
1
1
1
1
1
1
1
1
1
1
1
1
1
1
1
1
1
1
1
1
1
1
1
1
1
1
1
1
1
1
1
1
1
1
1
1
1
1
1
1
1
1
1
1
1
1
1
1
1
1
1
1
1
1
1
1
1
1
1
1
1
1
1
1
1
1
1
1
1
1
1
1
1
1
1
1
1
1
1
1
1
1
1
1
1
1
1
1
1
1
1
1
1
1
1
1
1
1
1
1
1
1
1
1
1
1
1
1
1
1
1
1
1
1
1
1
1
1
1
1
1
1
1
1
1
1
1
1
1
1
1
1
1
1
1
1
1
1
1
1
1
1
1
1
1
1
1
1
1
1
1
1
1
1
1
1
1
1
1
1
1
1
1
1
1
1
1
1
1
1
1
1
1
1
1
1
1
1
1
1
1
1
1
1
1
1
1
1
1
1
1
1
1
1
1
1
1
1
1
1
1
1
1
1
1
1
1
1
1
1
1
1
1
1
1
1
1
1
1
1
1
1
1
1
1
1
1
1
1
1
1
1
1
1
1
1
1
1
1
1
1
1
1
1
1
1
1
1
1
1
1
1
1
1
1
1
1
1
1
1
1
1
1
1
1
1
1
1
1
1
1
1
1
1
1
1
1
1
1
1
1
1
1
1
1
1
1
1
1
1
1
1
1
1
1
1
1
1
1
1
1
1
1
1
1
1
1
1
1
1
1
1
1
1
1
1
1
1
1
1
1
1
1
1
1
1
1
1
1
1
1
1
1
1
1
1
1
1
1
1
1
1
1
1
1
1
1
1
1
1
1
1
1
1
1
1
1
1
1
1
1
1
1
1
1
1
1
1
1
1
1
1
1
1
1
1
1
1
1
1
1
1
1
1
1
1
1
1
1
1
1
1
1
1
1
1
1
1
1
1
1
1
1
1
1
1
1
1
1
1
1
1
1
1
1
1
1
1
1
1
1
1
1
1
1
1
1
1
1
1
1
1
1
1
1
1
1
1
1
1
1
1
1
1
1
1
1
1
1
1
1
1
1
1
1
1
1
1
1
1
1
1
1
1
1
1
1
1
1
1
1
1
1
1
1
1
1
1
1
1
1
1
1
1
1
1
1
1
1
1
1
1
1
1
1
1
1
1
1
1
1
1
1
1
1
1
1
1
1
1
1
1
1
1
1
1
1
1
1
1
1
1
1
1
1
1
1
1
1
1
1
1
1
1
1
1
1
1
1
1
1
1
1
1
1
1
1
1
1
1
1
1
1
1
1
1
1
1
1
1
1
1
1
1
1
1
1
1
1
1
1
1
1
1
1
1
1
1
1
1
1
1
1
1
1
1
1
1
1
1
1
1
1
1
1
1
1
1
1
1
1
1
1
1
1
1
1
1
1
1
1
1
1
1
1
1
1
1
1
1
1
1
1
1
1
1
1
1
1
1
1
1
1
1
1
1
1
1
1
1
1
1
1
1
1
1
1
1
1
1
1
1
1
1
1
1
1
1
1
1
1
1
1
1
1
1
1
1
1
1
1
1
1
1
1
1
1
1
1
1
1
1
1
1
1
1
1
1
1
1
1
1
1
1
1
1
1
1
1
1
1
1
1
1
1
1
1
1
1
1
1
1
1
1
1
1
1
1
1
1
1
1
1
1
1
1
1
1
1
1
1
1
1
1
1
1
1
1
1
1
1
1
1
1
1
1
1
1
1
1
1
1
1
1
1
1
1
1
1
1
1
1
1
1
1
1
1
1
1
1
1
1
1
1
1
1
1
1
1
1
1
1
1
1
1
1
1
1
1
1
1
1
1
1
1
1
1
1
1
1
1
1
1
1
1
1
1
1
1
1
1
1
1
1
1
1
1
1
1
1
1
1
1
1
1
1
1
1
1
1
1
1
1
1
1
1
1
1
1
1
1
1
1
1
1
1
1
1
1
1
1
1
1
1
1
1
1
1
1
1
1
1
1
1
1
1
1
1
1
1
1
1
1
1
1
1
1
1
1
1
1
1
1
1
1
1
1
1
1
1
1
1
1
1
1
1
1
1
1
1
1
1
1
1
1
1
1
1
1
1
1
1
1
1
1
1
1
1
1
1
1
1
1
1
1
1
1
1
1
1
1
1
1
1
1
1
1
1
1
1
1
1
1
1
1
1
1
1
1
1
1
1
1
1
1
1
1
1
1
1
1
1
1
1
1
1
1
1
1
1
1
1
1
1
1
1
1
1
1
1
1
1
1
1
1
1
1
1
1
1
1
1
1
1
1
1
1
1
1
1
1
1
1
1
1
1
1
1
1
1
1
1
1
1
1
1
1
1
1
1
1
1
1
1
1
1
1
1
1
1
1
1
1
1
1
1
1
1
1
1
1
1
1
1
1
1
1
1
1
1
1
1
1
1
1
1
1
1
1
1
1
1
1
1
1
1
1
1
1
1
1
1
1
1
1
1
1
1
1
1
1
1
1
1
1
1
1
1
1
1
1
1
1
1
1
1
1
1
1
1
1
1
1
1
1
1
1
1
1
1
1
1
1
1
1
1
1
1
1
1
1
1
1
1
1
1
1
1
1
1
1
1
1
1
1
1
1
1
1
1
1
1
1
1
1
1
1
1
1
1
1
1
1
1
1
1
1
1
1
1
1
1
1
1
1
1
1
1
1
1
1
1
1
1
1
1
1
1
1
1
1
1
1
1
1
1
1
1
1
1
1
1
1
1
1
1
1
1
1
1
1
1
1
1
1
1
1
1
1
1
1
1
1
1
1
1
1
1
1
1
1
1
1
1
1
1
1
1
1
1
1
1
1
1
1
1
1
1
1
1
1
1
1
1
1
1
1
1
1
1
1
1
1
1
1
1
1
1
1
1
1
1
1
1
1
1
1
1
1
1
1
1
1
1
1
1
1
1
1
1
1
1
1
1
1
1
1
1
1
1
1
1
1
1
1
1
1
1
1
1
1
1
1
1
1
1
1
1
1
1
1
1
1
1
1
1
1
1
1
1
1
1
1
1
1
1
1
1
1
1
1
1
1
1
1
1
1
1
1
1
1
1
1
1
1
1
1
1
1
1
1
1
1
1
1
1
1
1
1
1
1
1
1
1
1
1
1
1
1
1
1
1
1
1
1
1
1
1
1
1
1
1
1
1
1
1
1
1
1
1
1
1
1
1
1
1
1
1
1
1
1
1
1
1
1
1
1
1
1
1
1
1
1
1
1
1
1
1
1
1
1
1
1
1
1
1
1
1
1
1
1
1
1
1
1
1
1
1
1
1
1
1
1
1
1
1
1
1
1
1
1
1
1
1
1
1
1
1
1
1
1
1
1
1
1
1
1
1
1
1
1
1
1
1
1
1
1
1
1
1
1
1
1
1
1
1
1
1
1
1
1
1
1
1
1
1
1
1
1
1
1
1
1
1
1
1
1
1
1
1
1
1
1
1
1
1
1
1
1
1
1
1
1
1
1
1
1
1
1
1
1
1
1
1
1
1
1
1
1
1
1
1
1
1
1
1
1
1
1
1
1
1
1
1
1
1
1
1
1
1
1
1
1
1
1
1
1
1
1
1
1
1
1
1
1
1
1
1
1
1
1
1
1
1
1
1
1
1
1
1
1
1
1
1
1
1
1
1
1
1
1
1
1
1
1
1
1
1
1
1
1
1
1
1
1
1
1
1
1
1
1
1
1
1
1
1
1
1
1
1
1
1
1
1
1
1
1
1
1
1
1
1
1
1
1
1
1
1
1
1
1
1
1
1
1
1
1
1
1
1
1
1
1
1
1
1
1
1
1
1
1
1
1
1
1
1
1
1
1
1
1
1
1
1
1
1
1
1
1
1
1
1
1
1
1
1
1
1
1
1
1
1
1
1
1
1
1
1
1
1
1
1
1
1
1
1
1
1
1
1
1
1
1
1
1
1
1
1
1
1
1
1
1
1
1
1
1
1
1
1
1
1
1
1
1
1
1
1
1
1
1
1
1
1
1
1
1
1
1
1
1
1
1
1
1
1
1
1
1
1
1
1
1
1
1
1
1
1
1
1
1
1
1
1
1
1
1
1
1
1
1
1
1
1
1
1
1
1
1
1
1
1
1
1
1
1
1
1
1
1
1
1
1
1
1
1
1
1
1
1
1
1
1
1
1
1
1
1
1
1
1
1
1
1
1
1
1
1
1
1
1
1
1
1
1
1
1
1
1
1
1
1
1
1
1
1
1
1
1
1
1
1
1
1
1
1
1
1
1
1
1
1
1
1
1
1
1
1
1
1
1
1
1
1
1
1
1
1
1
1
1
1
1
1
1
1
1
1
1
1
1
1
1
1
1
1
1
1
1
1
1
1
1
1
1
1
1
1
1
1
1
1
1
1
1
1
1
1
1
1
1
1
1
1
1
1
1
1
1
1
1
1
1
1
1
1
1
1
1
1
1
1
1
1
1
1
1
1
1
1
1
1
1
1
1
1
1
1
1
1
1
1
1
1
1
1
1
1
1
1
1
1
1
1
1
1
1
1
1
1
1
1
1
1
1
1
1
1
1
1
1
1
1
1
1
1
1
1
1
1
1
1
1
1
1
1
1
1
1
1
1
1
1
1
1
1
1
1
1
1
1
1
1
1
1
1
1
1
1
1
1
1
1
1
1
1
1
1
1
1
1
1
1
1
1
1
1
1
1
1
1
1
1
1
1
1
1
1
1
1
1
1
1
1
1
1
1
1
1
1
1
1
1
1
1
1
1
1
1
1
1
1
1
1
1
1
1
1
1
1
1
1
1
1
1
1
1
1
1
1
1
1
1
1
1
1
1
1
1
1
1
1
1
1
1
1
1
1
1
1
1
1
1
1
1
1
1
1
1
1
1
1
1
1
1
1
1
1
1
1
1
1
1
1
1
1
1
1
1
1
1
1
1
1
1
1

POINT_DATA 6231
SCALARS density float 1
LOOKUP_TABLE default
4411.871409
4425.760778
4423.419345
4424.832051
4426.707909
4426.118006
4424.118596
4426.532586
4430.296107
4431.602555
4429.740898
4429.457515
4426.444912
4429.994110
4430.231247
4439.027666
4423.718256
4432.279815
4412.393346
4424.125367
4411.002185
4429.537766
4431.746435
4420.365985
4444.338841
4425.628298
4397.469214
4427.850114
4451.168270
4450.296448
4416.865215
4415.025489
4425.900859
4424.802720
4424.222838
4422.945828
4429.949889
4431.351681
4427.323316
4427.694650
4422.568986
4423.846773
4435.747921
4426.543321
4437.628595
4417.090929
4428.350297
4409.607408
4443.176553
4460.914790
4460.592754
4416.252476
4408.803958
4415.888826
4434.577469
4509.724432
4405.305899
4407.063267
4424.822380
4406.295056
4456.389869
4443.802626
4419.559396
4431.763468
4423.125646
4432.050453
4430.340872
4421.594058
4427.054790
4431.462925
4425.008681
4441.041740
4427.518220
4430.535330
4419.491070
4437.372705
4415.435389
4475.779002
4398.883136
4454.888608
4351.187806
4449.828285
4420.970472
4422.216844
4435.112512
4418.093918
4504.499599
4321.435542
4361.803404
4421.531275
4418.062788
4421.558697
4400.861912
4426.973763
4427.396533
4425.469606
4427.721135
4428.854584
4436.785078
4424.235257
4436.284638
4416.091555
4430.599019
4413.573616
4440.800672
4417.927951
4449.292189
4403.944831
4428.947849
4395.724680
4456.447078
4370.932601
4554.784614
4371.520905
4430.122410
4464.462903
4445.179316
4477.867080
4353.228704
4469.479655
4459.297160
4407.465774
4480.397556
4439.371753
4431.150758
4431.094240
4436.742813
4440.169275
4421.180104
4437.315528
4420.617763
4434.436651
4428.981822
4436.830217
4410.816581
4452.448029
4403.389400
4442.569066
4418.999489
4450.215516
4388.205928
4506.277871
4309.523913
4419.206944
4384.174263
4440.307635
4390.986165
4434.556248
4429.597875
4492.331692
4432.440771
4406.605271
4490.579257
4437.590456
4414.908245
4437.703800
4431.361532
4416.528160
4433.046416
4429.328705
4437.440596
4408.920711
4440.739189
4404.430595
4444.468399
4423.896082
4433.032480
4418.022221
4452.394758
4364.834728
4482.151479
4357.972012
4474.809490
4362.231999
4537.102030
4382.393897
4437.163959
4425.931814
4457.472434
4423.537315
4452.824630
4451.105150
4382.790471
4398.264746
4412.388280
4420.472187
4426.047758
4435.412373
4436.553892
4444.586828
4420.605534
4445.750576
4403.699293
4448.582141
4407.698372
4439.509418
4422.791794
4445.507783
4409.895012
4444.172480
4421.594050
4469.262717
4403.211973
4520.009383
4371.646814
4483.549078
4431.548006
4412.053374
4406.727454
4418.459498
4442.407538
4453.692533
4431.602085
4406.788774
4424.114238
4419.257726
4424.793439
4425.353097
4433.853240
4424.512973
4418.338684
4438.381050
4436.432212
4417.433809
4431.904441
4398.921778
4449.958197
4379.277712
4432.435996
4422.917672
4436.543683
4430.843855
4453.923682
4435.045803
4458.442706
4447.481226
4412.692893
4390.279656
4435.391954
4455.479804
4420.639206
4444.010925
4402.226741
4429.985796
4458.577708
4435.771848
4452.117839
4412.764567
4432.728158
4427.759597
4421.573408
4439.638504
4423.680408
4422.942943
4450.211929
4440.715237
4442.042877
4445.602166
4419.394136
4453.788889
4398.682476
4450.878517
4469.368935
4397.795429
4454.682753
4453.771302
4360.330188
4461.321838
4412.639733
4439.215198
4419.266747
4425.378790
4439.675992
4391.286022
4450.946080
4426.991037
4399.208121
4434.343150
4437.693181
4426.557935
4428.793013
4432.813402
4434.005021
4406.232336
4447.590375
4407.962456
4441.952241
4425.192654
4413.736715
4450.595603
4408.377313
4432.959108
4461.916303
4411.386406
4379.489048
4439.981996
4434.725975
4425.305338
4425.680591
4416.846601
4441.272756
4432.644855
4417.705423
4493.806848
4393.407399
4388.531360
4445.201189
4444.344680
4428.057213
4416.024658
4433.363102
4434.537697
4420.613271
4429.906085
4428.209738
4440.021131
4412.916431
4422.981608
4432.381108
4442.730660
4429.583369
4438.485681
4430.319365
4397.573800
4447.106685
4443.442008
4423.962667
4469.964211
4420.577005
4434.255823
4418.233758
4420.130763
4426.657595
4422.497967
4439.004594
4459.161807
4379.563198
4399.998887
4465.112532
4449.037039
4422.904711
4433.172151
4423.376343
4431.266275
4443.801029
4419.254015
4407.022519
4447.040116
4444.540172
4413.332352
4440.787790
4409.599618
4434.955893
4413.501176
4426.658994
4429.690045
4440.356656
4455.161271
4390.580766
4464.056146
4399.844018
4419.215230
4431.138890
4426.307232
4434.187563
4387.478069
4445.767947
4448.656125
4463.157668
4408.425968
4425.295451
4452.663271
4426.512332
4420.380446
4439.896355
4398.900028
4442.985045
4445.990504
4404.476759
4413.384465
4445.695504
4421.915279
4418.431346
4444.659417
4421.824918
4428.858373
4421.370449
4391.495313
4416.681980
4413.120261
4397.888693
4437.234167
4382.469199
4450.579489
4422.548137
4427.428992
4450.231887
4455.216121
4420.738778
4343.156476
4458.573176
4389.310999
4415.228280
4430.104781
4439.852147
4424.182070
4433.601573
4431.961523
4402.427648
4442.499410
4435.968308
4421.263460
4410.089593
4435.450719
4413.765843
4430.723336
4442.558422
4398.989603
4469.281946
4430.303618
4450.817031
4530.919279
4413.449409
4438.314852
4440.061086
4418.313539
4418.891938
4441.482072
4421.856972
4443.884227
4466.930881
4475.854358
4491.157414
4451.348828
4435.592964
4439.308874
4417.251905
4426.430265
4415.429886
4429.360811
4441.571241
4401.325413
4443.989040
4419.196149
4430.177227
4425.766574
4430.301073
4412.317769
4453.064341
4390.374500
4427.260987
4498.450291
4561.526571
4380.306153
4380.487427
4410.562734
4408.651537
4430.028628
4444.899188
4376.300453
4456.748221
4417.708075
4402.004634
4406.120115
4449.604500
4432.613480
4431.211135
4435.490046
4443.331953
4413.881445
4433.842133
4401.198517
4454.728796
4435.803175
4411.312545
4434.383086
4407.104941
4448.584349
4385.824186
4465.949991
4364.779234
4510.520186
4321.006313
4313.803015
4470.123187
4399.647544
4418.320977
4450.131016
4398.033694
4455.169544
4464.092631
4428.931430
4441.167389
4393.289869
4425.638396
4411.804814
4430.399797
4429.561429
4422.629649
4413.870448
4436.830700
4421.542303
4428.148653
4428.686943
4406.171573
4436.976459
4433.458467
4412.636785
4450.545483
4402.141950
4430.237150
4489.025370
4436.793195
4477.678578
4490.870372
4417.462310
4405.714750
4429.201345
4481.016471
4433.993867
4400.472420
4441.080894
4451.269268
4418.261156
4402.529192
4432.945315
4427.902326
4428.613197
4427.611270
4436.135863
4439.911845
4432.023746
4424.046612
4433.633274
4415.518490
4436.464468
4427.101853
4417.422989
4423.196945
4411.787213
4445.869795
4388.231480
4394.225188
4414.935714
4495.339362
4372.851589
4376.479751
4428.163549
4427.416725
4438.055674
4400.873436
4420.494403
4444.354812
4443.061762
4414.763554
4466.411718
4434.670885
4436.814290
4430.410388
4425.950821
4424.882512
4427.329350
4425.496656
4438.382324
4427.394397
4428.205083
4428.795065
4407.106806
4431.961672
4441.948354
4405.918613
4456.962224
4398.007152
4454.316988
4371.193958
4456.115053
4414.621401
4444.789291
4393.691565
4430.311809
4426.804170
4445.141874
4454.554393
4396.750487
4468.777987
4463.522609
4416.168237
4413.190715
4424.236496
4428.157166
4429.485863
4430.303741
4434.145886
4435.611324
4425.623224
4422.267368
4437.801696
4413.889748
4443.605366
4398.571556
4433.364842
4434.434944
4413.544557
4427.435196
4451.063285
4374.951874
4441.135580
4429.186683
4592.390447
4365.567541
4457.317671
4426.933202
4393.416490
4451.701276
4460.117091
4390.838271
4394.149729
4413.773265
4437.204837
4413.795011
4429.844093
4433.602006
4422.768477
4427.572922
4417.277304
4440.183586
4424.659114
4426.321906
4411.785150
4441.611217
4429.266604
4417.764459
4425.221236
4432.915961
4428.663601
4477.751888
4475.005622
4453.972858
4344.995893
4374.633434
4447.474971
4414.701819
4432.058534
4441.713114
4419.129561
4401.391841
4426.214372
4447.458406
4461.164033
4404.428191
4402.818215
4432.170343
4430.579252
4429.068985
4438.864714
4428.016406
4438.660425
4406.320825
4431.167478
4440.530819
4410.842248
4457.205263
4413.456157
4416.455313
4429.363094
4413.322888
4460.007447
4383.974733
4473.622361
4414.541019
4453.050613
4414.002596
4450.258289
4411.523100
4403.818927
4453.324348
4434.419053
4382.661018
4449.986176
4359.821524
4411.527732
4447.470005
4425.960687
4427.892140
4425.364966
4428.120186
4422.144559
4421.964273
4437.172972
4417.565907
4420.962798
4442.297912
4386.045677
4443.516037
4436.425949
4447.409814
4406.085166
4455.583718
4375.852868
4438.825455
4420.374025
4446.886838
4432.451230
4428.384080
4457.105422
4446.159963
4390.371946
4442.695766
4522.513629
4360.719800
4485.633106
4367.980758
4429.937587
4426.303469
4436.097351
4430.644228
4427.009062
4442.278572
4424.422723
4431.908106
4417.194328
4414.404792
4450.566592
4405.377414
4459.679195
4382.958203
4463.096681
4402.504564
4407.873209
4450.998321
4430.212859
4401.643633
4444.767448
4418.328310
4425.682396
4461.106061
4445.390370
4408.662282
4451.435972
4422.517776
4366.671696
4467.034742
4426.258953
4451.541872
4427.895491
4425.661011
4424.095872
4419.584099
4422.380639
4431.836729
4415.447420
4450.043229
4440.515223
4416.363295
4416.187617
4427.273504
4445.479013
4423.107831
4432.588479
4453.146163
4414.091362
4448.043055
4423.511052
4492.758572
4413.267345
4424.668754
4402.280721
4398.773655
4443.465010
4439.033403
4474.296966
4389.697146
4448.998043
4426.818017
4438.483020
4434.217022
4429.144253
4434.040309
4442.356148
4426.970072
4434.575078
4428.619646
4418.423656
4409.077047
4443.027233
4445.877909
4401.486754
4451.892364
4439.924690
4409.835721
4424.781098
4402.545398
4462.409242
4372.030404
4412.678182
4431.920895
4406.276809
4445.142972
4444.894272
4399.778256
4434.225758
4403.640683
4420.742166
4409.021259
4413.064799
4413.516618
4431.283423
4433.493935
4415.067245
4422.155149
4421.798370
4426.760789
4423.739378
4441.817055
4442.191430
4402.942402
4420.581445
4459.940450
4393.605293
4455.127545
4390.642625
4447.858601
4428.989641
4460.665957
4411.836336
4435.743570
4433.099183
4445.393351
4436.393508
4400.582098
4438.835846
4446.456944
4452.759723
4449.777030
4463.139361
4413.791501
4450.645277
4428.424019
4434.837963
4434.915833
4439.916689
4435.227923
4426.452481
4440.053851
4407.474646
4423.695514
4448.061182
4408.280953
4428.354386
4426.718037
4409.576453
4441.885541
4463.179611
4391.918654
4456.632168
4416.397810
4444.287782
4425.600927
4416.096269
4443.376512
4437.334178
4446.594636
4443.865382
4408.573357
4457.612165
4415.269419
4378.302399
4433.497228
4428.942251
4427.507767
4427.931389
4419.329088
4432.866124
4425.739851
4423.123131
4444.954336
4400.692801
4440.160376
4418.477427
4418.715886
4423.794815
4414.218567
4425.695386
4399.139524
4431.540706
4433.839503
4428.208161
4443.335367
4421.156200
4443.333924
4420.676236
4431.465867
4475.035435
4394.206736
4435.195636
4422.984581
4428.291037
4415.512709
4404.380433
4434.783669
4426.804211
4434.441906
4442.156543
4434.144173
4431.851163
4414.653447
4435.542439
4428.632210
4409.318019
4428.664294
4431.964247
4434.557582
4403.700231
4443.041953
4421.844542
4403.246040
4389.003359
4427.138220
4439.541312
4432.291122
4433.254510
4430.444120
4465.664741
4471.885925
4455.559252
4439.758188
4443.190742
4454.964213
4440.832245
4463.788016
4430.780155
4428.302536
4426.653114
4423.437901
4417.480008
4438.055283
4435.976581
4401.882027
4438.449140
4429.345786
4431.455329
4424.630251
4406.019041
4440.187720
4412.303180
4423.061283
4390.377075
4479.325839
4407.049236
4438.440185
4440.139940
4429.029011
4404.343467
4435.990210
4404.898195
4417.022839
4466.716151
4401.643979
4409.293342
4425.133411
4417.538555
4428.227348
4436.106384
4439.023029
4430.112631
4451.611358
4407.967983
4435.501789
4446.106021
4424.196110
4416.484452
4432.538789
4431.607537
4448.065394
4429.237036
4445.071906
4394.411773
4420.292530
4410.451121
4434.452131
4430.038532
4414.348667
4430.777512
4427.207218
4393.023263
4455.447708
4386.162725
4389.917045
4438.014590
4448.791913
4348.228885
4418.436678
4435.809756
4431.391127
4419.213977
4422.771687
4424.322609
4435.511548
4418.298436
4400.494968
4432.590723
4451.688963
4423.774251
4417.303005
4394.307880
4454.690108
4413.885064
4444.959324
4448.038393
4426.010674
4449.052358
4439.193005
4436.738286
4476.261798
4461.006645
4460.306310
4392.749525
4465.209463
4410.131968
4443.241737
4442.627526
4442.026222
4421.489788
4440.751153
4430.392964
4441.012101
4449.988208
4415.738406
4440.849958
4415.284462
4446.153107
4417.329151
4414.951761
4421.911228
4459.517619
4437.900747
4418.107185
4420.980301
4404.593659
4437.396736
4391.446826
4447.694742
4430.035192
4416.887139
4426.014315
4411.978625
4446.219277
4409.898957
4399.820763
4430.426197
4420.380992
4418.932049
4386.320483
4435.017024
4438.645700
4428.447444
4426.473443
4407.726806
4436.323640
4425.239821
4397.481212
4444.988417
4390.594413
4440.177821
4439.069425
4402.055995
4417.035443
4420.329735
4404.144438
4440.652228
4394.099256
4436.121937
4358.670953
4455.857719
4419.601255
4415.294599
4431.673750
4483.021465
4437.759799
4432.091006
4447.241504
4414.001359
4401.686435
4451.709889
4447.276888
4433.070353
4429.535425
4441.711177
4447.207931
4432.011381
4425.695338
4442.361528
4417.130156
4442.317165
4433.552851
4398.290680
4455.362400
4427.810598
4442.112018
4423.909469
4454.486267
4415.509491
4463.729042
4411.379846
4464.331816
4418.626069
4425.908527
4398.295393
4421.027534
4447.725358
4442.825059
4458.361191
4428.970495
4414.409106
4414.523963
4454.425538
4429.112469
4433.220478
4419.514679
4417.427825
4444.954409
4438.577558
4419.637904
4410.378961
4443.552202
4400.505620
4434.414454
4415.613895
4404.439646
4437.779643
4407.386885
4410.523046
4453.553270
4473.556060
4451.304916
4448.880264
4582.248896
4427.915878
4430.578673
4432.547328
4445.367283
4449.799998
4458.609818
4432.735916
4385.376967
4428.337382
4415.182095
4429.584261
4430.148191
4440.182495
4428.375625
4410.413522
4442.725304
4436.979525
4424.393710
4414.267998
4429.940733
4439.191255
4427.001413
4442.079913
4445.234177
4410.096490
4452.735137
4391.574043
4464.193958
4495.212027
4435.088995
4440.556536
4423.264400
4427.164024
4436.245976
4433.210056
4451.643549
4447.825752
4418.081483
4427.787321
4423.823423
4416.582413
4426.307010
4420.916006
4424.625313
4404.698325
4431.942757
4444.448663
4420.778299
4416.494083
4427.997756
4425.646260
4394.480266
4421.302464
4414.867632
4394.167853
4422.623477
4430.657328
4382.758751
4452.891509
4371.967154
4427.315203
4425.786510
4452.960133
4427.766657
4405.945664
4407.224767
4398.635933
4455.814854
4371.512844
4421.703489
4446.491835
4416.398157
4429.864984
4429.192936
4436.296843
4435.573937
4448.464781
4424.855853
4419.562571
4436.852593
4422.738143
4434.661559
4442.453922
4432.260262
4431.281538
4448.835843
4427.121530
4406.915570
4442.873259
4389.796596
4491.039528
4462.153044
4428.001784
4413.987871
4451.110211
4438.590646
4419.874556
4462.776185
4408.247197
4517.292147
4445.304998
4401.712519
4431.262858
4425.148307
4434.610951
4413.597311
4416.319448
4400.622581
4449.226122
4416.506902
4428.990831
4435.339971
4404.829484
4415.430258
4418.543148
4436.255698
4420.023500
4421.784556
4422.984630
4444.629160
4389.505920
4413.893175
4400.954343
4429.558794
4444.514900
4432.561810
4440.881609
4434.645423
4447.362242
4447.214934
4454.108940
4398.416944
4418.598388
4409.535956
4425.134307
4434.807612
4424.787013
4443.344706
4437.056312
4423.765587
4440.156567
4428.411636
4433.213854
4439.525327
4421.856877
4449.580656
4391.456980
4405.303657
4386.344670
4453.514664
4465.755068
4415.295889
4356.856288
4500.096126
4423.623440
4401.923532
4393.710331
4404.817415
4418.041889
4430.718636
4424.423320
4423.770400
4367.201613
4459.487151
4410.853362
4431.909347
4431.088505
4413.089581
4407.337041
4418.977181
4429.578295
4438.115733
4428.543582
4405.310187
4425.268714
4401.859326
4427.408146
4427.671121
4454.594234
4428.487775
4452.303710
4420.449739
4385.827865
4364.388380
4424.970290
4468.601995
4425.759291
4436.700297
4468.366762
4436.537903
4412.785040
4425.245717
4411.371255
4427.190149
4424.868439
4420.322582
4418.866054
4416.048824
4444.292947
4449.019601
4446.658478
4428.685281
4434.425737
4435.790453
4433.331608
4440.398705
4427.389246
4417.342362
4395.263167
4442.889868
4402.891871
4441.859219
4410.459408
4473.890617
4445.549470
4439.074174
4453.061692
4416.439432
4424.313582
4429.742522
4450.669712
4436.081222
4404.254183
4446.023961
4468.567149
4430.754956
4406.234429
4426.817769
4438.054997
4421.679686
4405.199626
4410.170943
4434.941805
4418.307691
4420.077398
4422.333214
4409.707011
4422.176842
4418.054670
4451.885051
4418.250157
4434.567883
4395.836774
4425.061198
4373.961412
4418.556317
4422.988678
4438.630154
4426.778543
4408.877958
4448.031624
4470.594666
4455.203292
4451.285546
4396.045129
4398.667608
4417.015799
4423.999269
4429.471250
4434.431422
4406.237301
4457.687386
4437.190652
4440.029199
4422.246503
4433.274405
4414.836012
4446.494190
4424.918605
4401.773595
4414.939264
4417.960614
4449.806562
4444.630552
4437.662847
4425.308432
4456.457979
4454.378911
4429.700409
4495.149209
4399.306478
4451.789768
4418.774611
4388.057746
4417.910316
4389.541887
4392.621093
4426.352850
4443.626717
4419.577440
4436.243048
4420.561194
4413.457639
4384.917353
4451.730233
4438.680882
4412.634990
4432.401531
4422.790357
4432.299012
4421.016279
4429.981208
4440.021588
4406.510140
4449.591410
4399.250360
4456.930610
4407.139236
4358.535164
4459.561184
4495.595755
4427.711120
4422.028619
4426.545461
4475.511300
4396.056055
4447.308336
4430.187325
4415.850063
4393.317542
4429.824872
4432.021843
4431.498960
4427.147602
4422.209829
4441.667005
4385.674490
4418.094572
4456.835646
4407.325207
4439.504018
4431.473244
4420.539865
4421.924146
4403.846666
4384.582599
4484.332236
4380.458719
4456.806754
4535.108188
4410.490105
4405.538048
4427.981821
4448.656261
4442.940414
4456.844570
4390.805985
4484.346812
4443.704707
4405.486978
4445.859229
4431.348363
4425.151918
4424.895744
4428.710262
4405.537498
4415.144195
4443.786842
4449.987407
4424.778979
4451.816113
4412.666980
4412.844539
4407.381388
4443.492553
4458.176023
4414.697036
4464.017736
4436.797999
4407.951915
4415.802920
4370.594541
4428.242877
4458.518772
4429.058943
4422.691693
4447.080482
4439.777078
4423.595341
4459.387662
4404.473413
4433.972208
4426.202405
4438.577909
4431.930727
4429.819355
4424.039060
4437.293661
4435.615530
4427.260777
4429.958669
4417.100641
4447.818795
4442.378575
4403.909138
4418.460235
4391.043188
4470.273027
4439.957735
4390.422875
4448.533032
4463.822483
4757.601054
4428.469156
4445.370718
4432.779068
4464.414002
4464.468225
4411.601236
4416.526476
4448.666258
4421.171240
4384.502320
4425.210922
4436.413176
4406.612905
4438.383891
4425.273327
4407.191596
4439.624324
4449.401488
4439.531501
4430.817392
4392.248308
4446.571008
4444.340269
4451.810669
4432.380343
4429.595480
4376.083766
4456.896256
4434.164298
4439.365012
4427.300497
4413.420447
4430.234418
4462.846537
4461.901686
4435.901289
4458.083984
4442.513286
4427.015856
4432.281728
4454.896256
4431.819137
4434.107140
4434.435651
4435.437148
4413.412238
4440.747707
4390.212396
4409.278229
4396.327109
4432.416300
4443.197811
4430.628824
4439.622537
4400.695105
4430.797546
4442.262934
4464.495168
4374.775632
4380.789926
4504.032880
4428.996454
4475.280533
4376.632428
4435.106796
4482.668007
4381.674731
4368.448248
4459.370196
4422.243744
4380.407278
4400.327260
4433.420798
4420.256449
4418.675719
4442.842528
4447.413458
4422.412818
4411.569465
4408.579193
4439.491655
4432.477299
4419.793797
4405.981214
4423.521671
4380.723330
4400.684087
4439.661993
4443.906531
4475.290452
4408.519027
4444.892482
4421.467199
4433.509073
4427.564102
4403.261185
4379.455947
4476.164627
4535.116155
4403.241695
4406.345359
4441.528269
4442.312815
4427.083762
4436.770695
4420.764262
4421.784624
4426.347453
4404.726920
4438.062957
4457.112116
4414.274698
4412.701530
4426.974578
4459.694952
4438.611707
4435.074412
4436.885806
4438.828582
4405.443087
4449.027806
4355.965081
4486.278500
4440.124874
4436.725634
4491.771004
4447.034077
4378.517747
4425.763494
4429.773278
4452.443319
4440.015818
4419.083269
4412.118000
4419.410234
4426.149753
4413.295444
4417.932215
4436.775651
4450.575631
4417.317786
4444.285164
4454.281548
4444.964137
4402.088804
4417.746343
4445.919493
4393.843288
4452.622315
4410.566793
4380.032252
4434.992849
4386.508706
4422.935421
4429.503053
4413.032688
4434.511255
4414.603538
4424.747966
4462.569079
4435.306739
4461.560574
4397.945104
4409.425697
4398.511241
4428.421005
4434.490982
4433.734201
4440.748697
4414.591937
4393.755253
4425.161334
4400.337975
4412.563751
4440.316117
4405.217150
4446.320729
4412.446141
4387.773859
4439.636588
4447.675678
4427.293809
4433.579945
4432.954958
4385.451433
4447.611620
4422.066528
4474.112748
4440.127057
4426.501604
4443.548096
4404.446963
4381.379729
4435.260083
4421.147799
4392.879851
4426.583828
4423.610195
4411.310220
4438.319195
4417.181732
4446.411985
4415.393378
4408.435056
4412.042545
4439.038856
4432.970664
4443.085752
4425.694050
4449.218108
4408.560446
4447.225669
4466.723626
4405.351461
4424.100359
4432.078377
4440.436640
4437.854203
4460.422944
4456.043937
4394.899231
4446.987481
4451.561662
4448.908447
4404.124964
4445.518723
4368.522500
4427.759170
4414.388216
4453.865474
4436.882446
4401.978135
4442.235264
4419.558658
4432.453030
4420.066844
4432.444498
4413.935455
4421.941702
4434.695047
4448.345747
4427.430563
4391.417935
4431.843605
4465.498714
4441.500110
4468.963844
4397.659673
4443.517457
4450.928278
4455.493656
4408.952245
4401.390442
4371.289840
4434.335958
4418.181777
4419.660800
4460.875928
4426.791849
4424.269424
4418.722467
4416.669281
4446.455899
4392.352700
4442.791027
4430.214081
4411.484752
4419.667641
4430.527940
4435.523961
4430.439849
4425.117568
4410.308604
4432.482230
4441.371801
4385.545599
4419.035527
4443.884672
4430.954271
4458.433594
4460.896356
4426.355194
4404.231251
4445.837951
4427.074864
4352.585989
4459.890461
4429.861652
4438.438245
4421.918091
4440.719499
4434.254405
4405.441586
4469.416721
4406.949093
4439.240930
4422.468189
4444.408241
4435.817783
4425.441880
4402.359749
4450.328202
4425.529669
4409.821702
4425.302055
4384.314716
4484.367800
4431.162731
4423.207400
4422.545362
4460.620557
4445.400955
4443.260201
4437.798610
4477.962734
4420.239447
4449.971921
4430.661456
4444.531734
4444.578049
4431.420674
4418.827957
4424.985430
4441.970105
4399.326982
4447.696603
4427.129237
4427.987283
4443.866991
4394.990439
4402.183525
4428.657380
4401.535522
4428.684802
4437.602104
4419.332025
4441.562828
4425.119581
4343.434688
4500.928637
4419.203478
4526.045115
4455.209093
4480.714952
4435.001810
4437.890192
4514.924361
4450.122170
4365.087363
4464.944217
4318.656073
4432.027598
4424.861248
4433.057074
4434.338383
4440.240330
4448.037270
4439.092286
4409.968465
4415.516444
4421.839810
4463.588546
4447.669711
4434.940549
4409.827886
4426.664465
4448.508472
4361.418349
4479.720071
4449.310148
4442.378136
4407.394419
4448.696178
4384.012661
4458.736487
4457.749511
4433.384253
4432.913627
4419.338888
4413.695606
4456.752359
4512.068285
4422.735130
4435.124802
4430.402290
4418.916135
4438.619218
4407.209170
4381.253594
4430.768104
4421.075613
4402.653474
4415.246774
4399.348251
4408.541742
4452.794993
4430.729415
4381.459704
4455.127362
4414.642359
4383.041823
4419.735516
4461.592612
4419.805820
4360.142598
4448.893294
4420.915034
4450.064061
4464.343615
4411.040202
4412.246290
4390.317379
4371.503891
4420.776455
4426.928086
4417.009783
4437.513523
4441.230288
4440.947236
4390.702326
4439.633684
4427.707698
4421.622065
4408.309576
4454.924176
4432.473413
4410.321455
4391.973453
4412.980951
4422.937922
4446.622665
4483.104775
4413.904654
4443.077048
4476.921687
4439.918114
4438.112654
4418.679519
4395.027718
4456.931713
4377.991519
4384.355991
4488.062349
4419.039718
4422.304143
4437.045718
4442.422958
4414.635040
4418.988270
4413.928754
4422.574856
4414.253342
4399.569337
4449.262475
4440.305917
4427.956773
4429.801086
4446.103575
4433.411963
4407.545782
4447.662701
4401.767825
4465.391837
4376.362652
4434.830070
4502.843710
4392.031005
4459.090738
4476.824901
4451.702794
4404.458089
4450.649963
4408.543869
4419.799070
4416.755295
4436.765308
4428.048519
4405.399177
4441.532298
4410.298907
4440.418071
4433.834860
4408.304719
4465.235590
4416.193342
4391.374987
4442.609733
4428.395308
4408.453135
4423.112044
4441.199914
4408.592987
4483.485476
4424.016483
4464.943926
4424.408077
4485.651769
4504.350005
4433.553274
4461.194767
4429.069958
4454.590974
4392.554651
4473.394777
4404.670882
4435.236908
4429.345902
4429.455075
4433.677674
4446.390740
4387.108797
4444.539507
4385.407459
4412.564580
4453.488321
4397.281815
4425.122296
4429.451619
4395.008414
4430.919411
4425.663157
4434.559215
4425.906484
4431.970310
4384.570170
4466.254460
4530.245543
4425.387860
4472.994704
4463.453171
4444.247810
4425.806742
4476.322167
4376.649690
4374.743949
4389.899845
4407.407359
4425.679521
4431.785949
4415.439230
4423.225395
4428.653560
4430.741696
4434.085654
4443.278815
4444.097583
4386.115942
4429.346640
4436.157217
4445.817211
4427.585702
4416.589781
4444.519430
4421.749281
4441.793283
4376.461743
4439.775701
4438.250166
4640.815264
4432.189211
4433.201305
4444.471526
4494.668845
4386.383939
4412.459775
4372.794860
4476.600558
4399.207416
4420.913625
4436.752551
4413.788948
4421.156295
4449.886493
4394.097450
4439.364477
4418.332889
4425.977786
4445.573363
4407.539641
4441.750995
4375.786478
4445.462500
4391.206491
4444.379848
4370.730196
4469.842552
4472.530356
4393.940068
4411.325531
4401.246138
4438.905798
4463.083006
4419.659169
4455.166476
4459.570486
4497.860427
4429.274700
4396.554154
4414.100074
4423.890527
4424.440651
4436.395364
4420.779578
4411.200864
4460.203207
4421.290798
4428.230389
4386.827245
4444.327992
4393.929977
4439.057255
4397.810593
4445.898907
4400.326887
4420.727738
4454.300865
4440.471986
4384.867466
4504.251723
4384.416876
4418.900810
4458.961379
4439.995174
4479.071344
4410.610398
4428.918755
4506.802224
4425.615936
4425.649408
4418.617581
4429.216441
4433.697848
4411.046911
4446.365191
4433.995198
4425.544139
4400.051382
4442.159595
4436.011704
4437.807182
4439.307696
4428.914761
4418.571097
4445.114657
4432.571437
4409.732569
4393.430399
4435.480491
4406.354339
4431.921087
4452.327276
4341.366624
4513.233858
4453.799839
4434.436052
4473.674204
4383.766405
4345.995512
4408.644110
4440.496281
4411.225045
4424.067495
4430.269173
4426.457041
4431.119796
4400.588654
4442.535129
4428.213120
4427.852573
4417.951375
4444.899945
4401.280449
4431.332783
4429.388463
4422.270613
4402.749103
4463.816694
4417.474876
4446.273705
4443.261024
4438.121360
4471.051904
4522.971871
4512.921089
4459.875894
4475.813072
4467.954816
4451.825912
4378.082821
4474.209328
4453.187897
4415.633301
4426.812339
4420.060669
4435.252211
4427.639005
4431.261144
4436.401440
4449.338227
4424.297946
4433.701208
4423.620629
4409.706918
4440.915099
4420.897205
4408.835145
4445.880812
4411.891910
4406.072909
4439.491574
4430.222873
4550.527471
4452.775039
4492.412826
4437.821322
4456.554152
4480.027303
4455.120750
4467.779768
4397.817203
4496.669827
4320.585390
4421.307397
4426.267624
4428.892093
4431.104625
4417.151377
4412.641445
4401.361013
4409.568327
4431.547141
4423.539785
4437.158399
4437.882629
4413.712918
4417.035948
4421.220361
4411.534522
4426.933477
4445.963795
4452.013660
4449.177831
4460.598975
4461.879776
4476.686279
4458.059683
4454.345920
4458.630406
4436.737921
4420.807791
4459.105548
4472.452360
4377.616800
4429.852606
4433.393382
4423.861963
4419.815951
4433.348771
4438.434357
4410.290353
4448.717520
4400.537659
4422.200831
4419.776168
4407.059092
4429.456597
4424.440411
4416.209793
4426.230906
4443.100781
4429.779399
4429.117957
4420.362229
4452.025426
4460.771586
4428.033861
4468.976248
4471.749281
4438.697275
4459.259284
4456.219934
4420.270583
4443.524358
4418.646505
4405.043536
4423.390592
4427.149632
4430.970653
4436.272541
4411.376757
4433.711720
4443.109916
4429.585993
4388.411282
4445.896196
4442.635517
4438.834772
4453.784157
4406.650799
4432.013459
4432.429811
4442.203871
4403.963090
4431.768147
4442.148909
4464.277241
4443.736418
4474.892376
4459.804158
4460.902209
4453.052134
4437.010358
4432.421727
4445.470118
4416.235372
4358.466405
4421.133273
4427.576509
4424.580145
4406.475070
4431.467896
4427.945358
4426.790684
4418.359675
4430.943130
4424.410945
4426.496713
4439.701929
4420.675649
4428.682267
4408.548397
4446.938434
4413.837587
4451.304260
4440.194901
4440.372473
4436.795864
4466.113094
4426.215147
4435.889069
4467.695787
4456.477581
4423.773816
4397.785668
4464.280785
4414.796825
4513.517564
4425.623723
4424.884544
4416.975455
4436.031115
4438.627219
4417.476644
4416.681567
4413.859632
4439.386900
4457.721417
4401.066291
4444.251049
4415.465193
4418.180729
4427.738255
4431.027615
4432.995527
4428.608220
4412.980132
4439.632166
4448.457510
4457.437108
4439.352633
4450.605534
4441.996497
4441.150047
4466.591750
4445.910117
4465.864565
4427.042684
4390.606474
4421.269882
4429.538133
4426.823657
4419.503489
4403.309030
4440.239019
4440.204916
4418.409039
4385.003462
4433.383633
4420.978836
4404.855886
4430.334298
4429.975786
4422.452902
4397.430125
4441.737192
4443.972176
4433.630891
4449.460797
4418.849487
4450.294607
4418.958961
4436.616023
4473.336527
4475.072253
4457.638280
4455.899338
4439.099722
4469.861355
4415.737978
4422.032453
4426.980401
4417.429311
4427.803989
4451.798410
4425.592940
4419.087803
4444.423659
4432.203137
4430.871723
4435.886580
4433.723282
4426.095980
4408.243532
4425.046470
4441.934016
4438.045270
4438.492280
4422.727881
4432.087775
4428.957441
4428.978992
4451.874756
4423.171036
4454.550524
4447.812685
4442.067714
4456.809637
4438.661430
4409.952555
4378.475316
4426.882182
4437.585985
4427.234161
4432.828524
4395.063398
4438.489364
4443.845359
4411.597790
4403.863032
4406.032971
4421.482453
4405.960475
4435.079385
4428.665461
4451.329378
4424.339932
4399.721486
4426.340452
4435.765663
4438.781754
4447.809938
4443.617250
4429.227562
4441.878430
4427.698405
4453.452369
4446.108223
4442.634095
4450.887948
4447.989376
4506.280915
4435.974605
4423.254177
4409.122162
4430.186327
4426.056787
4437.849142
4401.863333
4446.942401
4396.541729
4438.592279
4435.540430
4422.019232
4430.376063
4396.034075
4421.037297
4432.602673
4427.488408
4422.526365
4431.885028
4409.247214
4435.328509
4421.771787
4460.530505
4433.016422
4424.690479
4437.955611
4452.374447
4436.118155
4474.734822
4444.681086
4375.243500
4421.029177
4423.634500
4433.295086
4424.039638
4423.435195
4405.172331
4418.488825
4400.997845
4439.999643
4425.036625
4409.169932
4423.184423
4425.568360
4413.753355
4420.946779
4438.523604
4420.535957
4415.512478
4440.202180
4450.237902
4434.564292
4441.885830
4454.051323
4451.534668
4482.628319
4399.534892
4456.132519
4440.758395
4449.358405
4442.084009
4455.852513
4418.658451
4428.506188
4441.120389
4402.517971
4438.627385
4443.047540
4447.540959
4437.320527
4433.651665
4409.383218
4453.533722
4435.777422
4426.084317
4413.246319
4430.293766
4433.512239
4419.606009
4425.517344
4417.569225
4449.477129
4403.183195
4439.239551
4419.187791
4457.041308
4444.047870
4424.692861
4458.129099
4429.042289
4504.310857
4434.159845
4446.954732
4431.839008
4427.497667
4407.105436
4446.033370
4437.396195
4389.737563
4414.116284
4425.268891
4434.336083
4409.476328
4434.098306
4400.541633
4416.046976
4433.761199
4429.272306
4443.713759
4404.172626
4445.983766
4416.459144
4452.028119
4446.000608
4444.520171
4455.409577
4433.666646
4472.155823
4395.060612
4479.815948
4432.618301
4423.953012
4433.444177
4462.905652
4429.582383
4433.058685
4441.118528
4428.388446
4409.021857
4443.940871
4457.537983
4429.812914
4423.144653
4437.801084
4424.328316
4429.748299
4444.242166
4419.504588
4430.814281
4436.503831
4430.837525
4427.271583
4424.323580
4453.875140
4411.930336
4444.451455
4438.404502
4445.002122
4410.228655
4441.663432
4460.840195
4464.063289
4458.585605
4448.708241
4462.508495
4435.946432
4424.525073
4421.267358
4415.787786
4436.943255
4431.037934
4387.790429
4420.880483
4431.227201
4446.044762
4406.720263
4455.763123
4416.408566
4411.234553
4415.471488
4433.035559
4393.841436
4427.847535
4411.569904
4419.797031
4405.785065
4457.613865
4443.087924
4416.162622
4444.567453
4461.075131
4430.665355
4454.228497
4458.020950
4444.013765
4457.339853
4432.557910
4427.231342
4436.194283
4449.900583
4414.527067
4419.139939
4451.726930
4452.817718
4410.763814
4424.506358
4426.563447
4432.968156
4434.952854
4441.387215
4417.914907
4446.940943
4433.768498
4433.150459
4432.778044
4451.626505
4425.264805
4445.905670
4426.947609
4464.076164
4429.436727
4460.490085
4423.568744
4455.315988
4450.844119
4465.237819
4454.921862
4422.192308
4430.450931
4432.869176
4404.705146
4428.673616
4441.526135
4412.286089
4406.945677
4435.111755
4456.788300
4401.900637
4432.530796
4426.626706
4415.906630
4429.378212
4409.600733
4415.165614
4430.417735
4429.742474
4426.424620
4436.640040
4448.128591
4429.366861
4416.072957
4433.131187
4463.313604
4456.039729
4459.763125
4435.410004
4466.832165
4452.190519
4433.400565
4442.592824
4420.460946
4443.695198
4447.532647
4409.786437
4418.926057
4446.941617
4436.553003
4406.004583
4440.590408
4424.292288
4426.998595
4441.449105
4430.083890
4420.329993
4446.915779
4436.730634
4456.187691
4416.220245
4438.542589
4415.356890
4446.959006
4454.116585
4457.908734
4425.491008
4429.537857
4471.351588
4446.852577
4467.402389
4452.561153
4438.820262
4434.100561
4425.263609
4430.971395
4398.503879
4445.710080
4458.603719
4391.144591
4420.764591
4441.500277
4445.122849
4412.711728
4446.144810
4417.368988
4430.483188
4439.064343
4414.187432
4406.843309
4456.569093
4435.583340
4440.630992
4447.428280
4429.397275
4435.433708
4478.659520
4437.722475
4461.599746
4435.866687
4471.946712
4441.957358
4455.409784
4439.804226
4430.471473
4436.663810
4430.622124
4440.422886
4437.080395
4405.576106
4458.483989
4439.264101
4399.204597
4406.822112
4443.612961
4429.465173
4407.030608
4439.445955
4439.683992
4431.995133
4443.967512
4415.809379
4453.409156
4430.723641
4450.108017
4422.894316
4447.378051
4459.016025
4441.553193
4465.226182
4418.884294
4469.957987
4445.042706
4456.337691
4447.838235
4437.051050
4433.313297
4422.615947
4413.658845
4421.203442
4439.590639
4446.131975
4406.379682
4442.378781
4461.087281
4417.729787
4436.364942
4441.263593
4381.064266
4417.631038
4408.661653
4437.825868
4441.059223
4429.466900
4460.310403
4427.014810
4447.307658
4455.253083
4444.995134
4436.992082
4453.750693
4461.106330
4446.341154
4447.559610
4454.714348
4425.179856
4433.439303
4433.581565
4428.700872
4446.072203
4438.165171
4418.829115
4410.474868
4452.263458
4450.264523
4401.054698
4448.643083
4441.902905
4441.073999
4451.474155
4460.125795
4453.751337
4405.456392
4414.292186
4474.144440
4426.009112
4400.302109
4453.313146
4421.086911
4449.727810
4434.450876
4457.418461
4440.489080
4440.793234
4453.529942
4451.848846
4434.650103
4442.642624
4429.495465
4442.226201
4434.122716
4409.114144
4438.065312
4450.548250
4414.294847
4419.898710
4442.683199
4444.786310
4444.842558
4417.950051
4457.467698
4432.869421
4442.125522
4435.223526
4460.217533
4441.242700
4436.842281
4430.570824
4454.455868
4416.334483
4444.880607
4445.856200
4451.626741
4442.907913
4448.101192
4452.714871
4450.848139
4442.283676
4418.016177
4418.445786
4404.029308
4423.303711
4436.764982
4446.983580
4406.344028
4412.766245
4446.772631
4437.388584
4402.255396
4449.809506
4441.692518
4438.916006
4425.250647
4423.914689
4450.086719
4451.714168
4430.106229
4446.993738
4462.435429
4434.790965
4436.861766
4465.597197
4442.706150
4450.578465
4440.188391
4449.205037
4443.058755
4450.843071
4435.921742
4421.078916
4432.951940
4454.072838
4403.405088
4447.502477
4404.915222
4448.895056
4453.801182
4410.099392
4413.460359
4446.964029
4437.358927
4431.695410
4460.846937
4444.689720
4430.452886
4432.502925
4415.982882
4436.841750
4443.613902
4434.952734
4445.759624
4455.708199
4413.246669
4425.441282
4434.964917
4446.509503
4461.252218
4444.094336
4448.694507
4432.233924
4429.878026
4430.652718
4432.136414
4452.959744
4441.698262
4413.273441
4448.255894
4388.093244
4443.504481
4440.200908
4411.998170
4425.115861
4450.167822
4407.434593
4417.420398
4409.216181
4459.222054
4454.595949
4426.795805
4421.681782
4442.925222
4432.437267
4434.390586
4462.068712
4456.954422
4416.352021
4456.060561
4437.343900
4452.234594
4446.360465
4418.414955
4420.926207
4427.251587
4437.846622
4437.885679
4426.907440
4439.408036
4428.149594
4427.255436
4466.074925
4405.755895
4423.079745
4455.144037
4449.818451
4450.776478
4456.158856
4426.027289
4437.971153
4414.511991
4441.216340
4430.346164
4418.518878
4440.378249
4435.241624
4442.509226
4458.556990
4461.437835
4460.998416
4443.767739
4456.410209
4441.535605
4426.406791
4440.033062
4446.989938
4410.393974
4431.277367
4444.144544
4433.441365
4422.435839
4452.658250
4405.577873
4448.013749
4446.304061
4404.881954
4455.434865
4402.296421
4430.088985
4418.105307
4407.821912
4450.888609
4413.323184
4445.105035
4445.554970
4446.959329
4443.136001
4411.308041
4435.113251
4446.457035
4440.554968
4410.315725
4465.608179
4438.540705
4437.812457
4430.618472
4412.414536
4443.042565
4452.371745
4405.996338
4436.126800
4420.107358
4442.329029
4447.376044
4437.712666
4428.142872
4446.881721
4444.587237
4422.137330
4441.320744
4468.015789
4441.283092
4443.237319
4411.121387
4460.310301
4411.209098
4449.541277
4445.224398
4450.642765
4442.790598
4418.951962
4455.837651
4445.925377
4448.890172
4447.436771
4436.364779
4426.621359
4447.546285
4443.636364
4412.701672
4455.397125
4444.828753
4413.166016
4430.525861
4424.307759
4425.053085
4422.873519
4419.057802
4442.236928
4409.615343
4426.114384
4437.146264
4440.528333
4450.875843
4458.538762
4439.654851
4445.740503
4443.179823
4436.545774
4441.240534
4458.830173
4438.175074
4424.037818
4448.813505
4434.743240
4450.555945
4446.635816
4426.348094
4433.860863
4405.189749
4445.719642
4453.474882
4415.784197
4441.137925
4435.206295
4422.266036
4438.570066
4420.139977
4431.289285
4449.270052
4450.253585
4411.757566
4416.255345
4439.354951
4394.252101
4448.725996
4446.302298
4415.451273
4436.032083
4444.327277
4431.094415
4427.043516
4460.462052
4452.167050
4444.234371
4445.123649
4448.248596
4435.911969
4424.820086
4438.952540
4447.144065
4442.665001
4409.232253
4453.971805
4451.397961
4389.516875
4401.246387
4450.394859
4420.340554
4408.117742
4442.537655
4407.628568
4441.945739
4443.093237
4438.477523
4461.053914
4447.006982
4404.618890
4471.277197
4441.941821
4419.863208
4434.992030
4446.419870
4428.026277
4438.163843
4437.404740
4448.479297
4448.119132
4435.770328
4449.560747
4439.512942
4417.012534
4416.947617
4437.749058
4437.567992
4408.465119
4458.013508
4466.828016
4423.529475
4439.953198
4441.711996
4456.409453
4398.042874
4457.066292
4414.062065
4425.703659
4453.817027
4469.326496
4424.262518
4448.433942
4429.258989
4455.375661
4436.755186
4439.375349
4421.896151
4471.248461
4420.119993
4446.163598
4446.536040
4450.756494
4436.997540
4415.885233
4448.485496
4440.015438
4437.644381
4414.226372
4448.049213
4443.622877
4422.189818
4452.608590
4420.600061
4401.608409
4447.015055
4450.696264
4446.522184
4458.664974
4434.553136
4412.708402
4430.212416
4458.616497
4411.485289
4443.716141
4452.013707
4441.285546
4442.891629
4450.381368
4430.488154
4428.157892
4459.464030
4449.381075
4443.788282
4424.561558
4451.863874
4448.797479
4398.448375
4430.264000
4434.087588
4448.407985
4398.041094
4444.433305
4434.562197
4434.300072
4436.721683
4404.492382
4438.941308
4423.028823
4435.856634
4423.506191
4450.902742
4439.925591
4436.360551
4428.447315
4438.029713
4463.787591
4424.169473
4428.498500
4444.102879
4441.018395
4448.420069
4433.042105
4446.192918
4431.779405
4432.965954
4444.604039
4407.843701
4451.952795
4446.884242
4417.822074
4438.304245
4428.625714
4440.572679
4417.466835
4441.752379
4440.141599
4418.904991
4444.615570
4422.269762
4425.256609
4437.526677
4429.126310
4441.962196
4436.417925
4429.543517
4422.044703
4453.448284
4438.866412
4417.963496
4437.931532
4440.307197
4433.945511
4453.549599
4445.483717
4432.896524
4437.716705
4425.054461
4442.650918
4447.819698
4404.804111
4428.012076
4436.631106
4431.540027
4428.279109
4454.295866
4417.745287
4437.455005
4444.683318
4437.282191
4422.969766
4449.613208
4441.485497
4449.532663
4428.948842
4442.741487
4431.840451
4412.101992
4425.782965
4418.520920
4448.799314
4432.820013
4465.348491
4438.599003
4445.393521
4442.153009
4440.904197
4437.633650
4437.087786
4417.959887
4406.349235
4457.554434
4445.114747
4438.321586
4408.722564
4417.415941
4445.967126
4423.128489
4439.903684
4390.756160
4439.817913
4426.673230
4430.110285
4414.687126
4430.469916
4441.401008
4420.990166
4430.240996
4453.047128
4423.898365
4438.703604
4451.231730
4432.776939
4403.358270
4448.870966
4439.669524
4448.625418
4431.086255
4425.326465
4429.289256
4437.241267
4441.380796
4420.856453
4401.026751
4449.899786
4430.227946
4427.377506
4426.520086
4460.158928
4443.016883
4438.453807
4422.710814
4411.136920
4453.889367
4437.189387
4446.835898
4440.398346
4438.939343
4449.814574
4442.371374
4430.004432
4441.903716
4423.086126
4465.238606
4441.114744
4449.734597
4439.523219
4445.986923
4432.893156
4434.793696
4442.080023
4420.760221
4419.895698
4430.805764
4440.971902
4445.149025
4394.544895
4453.047190
4420.497133
4453.320862
4404.322909
4443.792263
4453.883820
4441.761032
4475.408595
4404.869044
4416.457708
4430.367263
4441.627753
4416.272582
4431.374894
4415.396967
4436.158520
4448.991875
4434.699123
4426.897551
4427.989400
4454.890091
4439.241176
4432.559804
4425.095889
4428.728377
4430.863635
4452.630843
4420.221492
4407.855083
4422.306255
4443.991356
4428.693357
4422.096162
4447.759222
4410.851633
4432.368845
4395.108525
4441.804041
4407.194651
4459.746371
4451.916536
4426.221343
4446.531782
4430.848033
4446.134062
4444.066720
4439.846699
4441.700908
4434.858790
4455.054177
4443.415321
4449.010200
4441.313682
4437.185012
4426.898511
4439.756561
4425.157298
4428.669884
4432.835957
4424.714007
4419.030299
4449.202625
4423.521103
4453.369496
4407.115560
4447.116223
4449.943051
4417.221378
4447.014245
4435.004902
4444.474822
4400.845253
4452.701987
4426.448466
4438.343879
4415.879055
4414.859538
4438.344818
4432.260144
4424.184554
4437.783412
4422.151197
4451.091277
4443.483573
4423.535287
4432.684999
4432.218663
4425.703650
4431.575027
4422.944993
4464.735712
4413.671344
4406.604181
4443.176889
4450.924901
4426.721212
4465.549528
4402.942203
4454.102446
4420.081443
4437.061705
4408.334947
4435.527508
4460.538746
4411.999588
4437.699473
4421.611857
4431.132467
4423.241125
4442.802487
4426.878270
4451.933012
4437.502356
4446.880155
4441.388223
4432.151663
4443.623797
4416.882280
4426.484890
4444.802278
4418.453903
4436.116290
4398.484325
4450.432876
4418.678072
4410.665053
4439.096828
4434.761656
4449.004485
4453.736999
4431.934160
4441.048809
4442.042736
4401.523582
4390.206030
4463.048743
4442.346123
4426.209375
4455.301302
4445.031723
4428.317408
4454.065859
4424.454243
4428.864129
4448.929144
4445.075735
4432.785474
4429.203043
4422.345861
4448.222316
4406.925889
4443.508423
4442.733481
4447.949077
4417.294424
4417.673208
4414.974760
4450.842415
4405.345031
4447.671448
4413.105943
4426.125707
4432.902010
4426.535194
4444.281656
4454.507124
4399.316365
4438.309002
4426.288616
4433.998007
4437.485188
4434.173188
4440.350181
4457.021611
4426.768267
4442.591237
4444.129573
4431.160569
4433.947501
4430.540914
4429.442111
4424.750519
4431.867501
4413.187315
4462.409237
4437.718552
4452.170743
4410.302795
4439.708947
4408.956982
4443.604123
4415.415848
4470.285595
4427.346761
4419.087106
4451.396041
4430.788537
4438.061382
4425.293653
4450.283204
4439.218696
4432.348680
4446.774183
4423.275750
4441.367144
4415.773564
4463.414503
4437.471511
4435.637806
4428.684129
4428.037725
4420.412361
4442.982858
4428.896253
4430.260968
4434.199730
4396.932375
4427.131168
4443.498734
4445.969889
4444.272103
4415.576139
4461.738399
4452.090474
4414.625031
4450.070128
4406.716989
4454.672049
4445.188737
4427.338585
4424.268798
4447.945245
4422.436142
4449.435191
4446.873842
4457.154414
4440.615959
4445.263704
4437.795048
4430.276271
4422.436071
4442.725503
4435.159027
4428.009015
4415.792985
4434.575232
4425.646282
4450.477106
4446.281309
4413.860072
4428.243614
4451.898248
4445.231700
4443.994639
4420.333255
4415.483931
4441.602356
4410.175380
4436.679684
4414.847987
4454.073722
4420.531242
4440.934736
4426.918997
4446.170184
4434.791640
4414.593216
4419.738288
4451.348969
4441.806501
4433.108530
4435.576745
4430.767668
4416.334847
4441.363367
4434.842770
4435.577842
4426.419411
4409.190925
4414.437669
4441.776806
4450.288396
4391.909329
4414.334558
4396.104049
4425.648471
4447.854465
4423.811305
4447.367826
4404.351607
4431.803077
4445.562416
4416.809822
4424.489540
4421.379138
4442.864142
4448.720261
4451.382206
4429.582615
4447.936937
4443.567149
4432.427078
4430.662199
4427.522129
4449.941259
4431.389223
4422.508554
4424.264745
4438.980771
4433.515278
4433.753039
4446.173264
4419.216533
4452.820177
4452.141794
4439.216508
4450.414844
4435.062546
4433.842775
4396.977514
4457.335072
4447.006798
4412.463831
4429.729439
4452.049022
4429.967510
4449.475326
4416.157676
4433.864271
4428.776906
4448.529150
4442.815136
4430.603882
4440.170446
4433.571043
4427.170661
4416.304181
4457.013138
4439.304246
4411.079586
4442.587553
4405.644204
4419.511013
4416.800196
4441.521446
4399.405268
4411.524645
4421.684422
4436.371397
4410.358888
4456.051211
4435.947596
4401.792307
4445.865546
4446.532589
4408.180252
4432.015170
4434.234648
4436.587691
4437.417627
4457.524341
4434.882666
4441.253754
4432.894276
4436.392705
4416.342099
4443.728809
4449.689130
4410.140161
4413.163717
4450.579036
4428.380120
4438.858102
4446.607952
4423.078048
4421.914478
4457.784302
4403.823001
4444.602121
4444.859219
4423.443830
4452.166634
4439.860179
4449.998271
4423.415557
4423.321692
4447.803971
4435.363170
4434.576431
4437.937693
4428.019530
4425.722697
4446.565206
4446.214518
4432.357222
4430.719308
4440.108566
4435.734916
4412.461463
4438.038417
4455.785330
4413.703634
4424.563267
4431.978545
4406.350980
4436.903639
4411.539614
4443.280730
4436.712366
4421.945638
4411.135799
4434.031859
4429.970311
4437.857218
4413.733210
4454.091942
4415.495850
4444.440765
4405.885493
4427.816210
4430.443685
4458.446545
4433.247877
4442.062127
4444.335579
4437.978807
4426.936378
4432.210772
4419.551898
4446.788147
4439.259950
4415.557999
4447.032988
4432.480820
4427.014337
4436.871105
4448.600318
4416.100546
4432.097903
4459.175184
4447.561123
4439.480142
4437.791310
4434.197945
4401.913367
4420.022324
4438.278514
4428.441095
4425.731695
4450.004869
4447.640215
4439.247483
4424.984617
4427.539145
4442.655274
4445.699488
4434.180286
4425.691897
4438.676933
4435.415375
4430.288335
4418.510964
4443.319841
4451.905813
4408.727947
4416.317329
4433.036356
4428.256188
4435.233522
4449.699696
4398.067143
4407.944514
4414.710279
4443.671449
4433.487374
4456.535684
4435.092041
4462.055515
4441.662267
4444.824538
4425.479139
4406.092063
4441.982424
4436.796184
4455.122620
4444.268809
4437.540327
4428.858008
4436.915060
4430.540260
4426.799438
4429.929182
4445.302619
4432.059223
4413.676822
4431.797108
4461.326720
4409.726463
4432.456795
4446.874801
4422.799939
4454.504952
4453.144757
4444.449533
4405.590256
4442.031818
4434.682087
4450.694442
4426.654900
4447.826507
4428.989456
4442.021755
4457.676444
4444.707208
4444.913778
4409.737498
4443.168155
4445.459605
4434.652412
4438.893848
4417.117624
4442.405278
4434.997260
4426.666632
4412.728696
4453.261490
4440.817721
4411.477729
4440.024643
4444.861478
4384.899687
4435.816178
4454.730288
4398.105103
4430.999482
4398.734907
4465.977456
4421.965871
4399.833918
4451.198601
4439.637171
4417.902461
4435.681501
4403.101276
4442.110220
4444.798292
4458.275311
4426.391097
4447.501146
4426.136510
4432.244873
4429.273711
4439.262038
4407.779408
4454.790464
4438.556811
4420.807605
4412.946997
4451.188079
4439.015453
4414.075763
4435.612399
4417.149670
4420.805176
4426.998667
4459.270478
4447.916837
4424.329503
4435.599418
4407.284975
4445.484916
4423.049854
4422.908694
4417.978778
4430.459273
4462.875236
4416.259718
4427.272082
4436.136991
4443.398257
4425.739494
4444.764818
4427.384017
4427.313174
4443.431162
4423.709485
4414.892202
4447.943603
4446.835172
4429.321066
4405.337609
4421.285869
4459.134993
4415.046791
4430.476514
4446.799574
4397.418078
4395.400271
4453.971891
4443.585225
4444.633529
4466.107998
4403.750414
4449.883613
4436.628829
4426.894817
4426.632728
4441.773673
4450.770560
4444.847479
4435.617846
4439.040583
4435.258241
4416.856413
4439.744832
4427.110406
4429.499658
4455.095509
4414.236115
4421.047097
4444.041988
4446.590811
4448.197160
4406.640130
4468.595529
4441.778304
4419.696240
4455.149320
4449.992707
4421.210976
4459.867096
4423.472262
4418.362678
4445.897215
4418.686361
4444.375433
4444.809293
4424.976501
4444.829021
4419.041861
4439.710916
4442.953848
4436.356653
4423.546884
4442.277201
4449.895333
4409.433043
4438.616739
4410.547409
4447.391804
4448.150721
4415.554232
4409.010468
4450.089954
4447.062549
4408.213509
4391.915712
4457.716647
4425.196788
4400.659965
4472.419034
4398.935650
4444.870893
4404.130248
4445.003958
4432.171397
4439.402516
4420.754504
4435.890208
4433.171635
4450.873922
4439.110551
4441.896357
4430.606332
4436.455223
4431.434511
4410.940935
4442.706134
4441.145770
4418.920988
4438.251048
4405.610759
4441.942017
4456.659542
4421.621895
4426.918821
4456.740119
4433.782505
4417.737673
4435.893929
4422.782989
4460.853965
4386.315408
4442.836207
4408.477935
4462.649422
4428.101710
4426.091505
4423.901423
4450.281509
4431.627244
4428.310317
4437.070673
4441.155914
4430.599656
4431.288617
4426.947320
4439.024173
4453.354287
4401.514213
4446.954623
4418.358040
4444.998468
4438.748139
4404.191752
4427.764377
4447.139260
4427.718323
4421.584581
4448.441856
4404.512260
4427.568533
4410.972448
4444.783986
4450.462642
4395.568043
4434.077095
4401.218943
4459.489466
4428.136445
4441.580243
4413.692552
4471.738849
4417.045225
4442.284256
4432.013060
4435.800026
4437.304467
4425.471444
4409.525791
4446.133008
4455.223825
4403.011233
4440.804777
4416.582682
4446.776356
4447.215782
4407.470545
4428.961717
4427.734957
4465.117697
4412.071782
4439.772865
4436.844894
4432.859661
4406.978456
4441.020319
4449.353637
4437.744184
4412.573742
4444.482715
4441.859457
4421.503129
4451.973557
4427.324528
4443.592652
4439.504990
4429.996998
4424.486689
4433.532887
4443.532852
4431.589989
4406.816808
4456.498064
4442.538488
4403.560893
4444.814820
4407.462059
4459.945632
4450.143498
4395.982111
4408.145206
4447.175194
4444.305309
4406.410934
4437.432013
4447.319894
4445.823990
4401.313908
4434.006472
4452.331692
4435.239313
4440.934005
4438.941444
4433.588429
4444.679525
4439.176317
4433.310584
4426.162650
4443.404757
4433.211593
4421.408137
4415.067729
4449.710340
4433.274258
4416.555669
4447.138807
4423.376799
4432.781120
4425.680073
4413.198012
4440.522526
4444.093544
4391.765212
4415.320788
4449.041323
4436.587716
4409.020079
4418.814496
4452.009017
4461.754064
4400.486399
4446.024898
4423.952860
4438.931463
4426.360042
4447.625243
4431.599709
4431.320723
4431.655293
4436.831414
4414.476661
4447.488708
4436.335393
4426.764193
4412.569454
4438.463962
4456.872930
4400.098686
4443.155702
4400.541714
4453.331539
4425.235082
4426.939772
4441.464103
4426.251998
4433.791234
4422.515834
4434.398314
4449.520616
4398.999334
4414.337905
4448.945931
4449.205266
4420.098717
4442.118759
4433.810672
4443.156353
4437.838169
4434.010609
4425.669459
4429.056705
4438.581464
4434.572032
4411.603195
4435.305851
4452.643913
4426.824633
4409.254438
4441.414940
4449.018188
4400.049173
4449.158806
4402.297496
4446.147836
4447.041361
4406.911898
4417.779379
4438.509143
4440.021688
4432.659672
4450.901449
4450.659523
4440.633954
4415.595444
4436.294193
4438.991194
4432.206121
4438.595476
4435.664267
4426.651618
4441.697654
4435.270047
4427.039227
4412.056899
4449.033413
4445.241881
4407.848164
4429.068236
4448.374249
4429.296528
4409.704285
4451.747377
4415.453374
4436.567360
4445.596029
4407.784055
4429.317487
4446.034783
4427.805507
4404.369252
4444.358704
4422.676466
4412.628927
4433.211701
4462.114948
4430.498934
4429.441386
4439.066690
4436.412987
4439.192981
4432.150008
4434.950749
4411.389297
4437.778668
4445.537374
4415.416140
4408.515722
4448.339465
4451.873657
4409.425150
4424.088715
4435.056180
4442.275716
4412.106522
4434.101438
4417.422204
4452.088610
4447.883400
4417.498788
4448.445164
4395.689552
4441.861384
4424.206186
4450.099381
4459.458676
4411.117089
4427.465307
4441.175205
4440.349413
4438.052934
4437.474273
4431.346243
4429.206620
4442.937689
4438.968131
4411.524588
4435.069604
4451.874515
4416.572035
4409.483406
4442.990531
4457.469951
4416.000311
4413.490485
4440.742513
4438.695295
4411.078478
4431.970141
4390.165492
4463.743518
4443.858669
4448.284923
4424.426068
4428.513576
4429.839270
4419.321738
4452.600474
4444.096437
4426.915878
4432.256526
4439.073533
4434.841839
4435.329610
4426.120639
4430.413043
4416.217639
4444.662879
4437.573709
4410.046044
4430.521177
4443.086780
4431.562745
4403.068472
4439.944536
4458.273023
4410.314775
4425.376751
4433.377775
4430.532796
4440.003775
4432.853510
4398.134504
4454.575956
4429.372174
4419.664193
4439.601393
4421.760440
4434.143470
4404.701638
4454.209070
4431.401635
4440.436256
4441.001098
4433.015127
4424.995799
4436.728532
4437.408733
4435.355555
4413.911014
4444.103410
4446.958635
4408.594916
4418.085084
4450.705916
4438.287459
4397.183336
4444.693689
4432.541302
4423.724731
4426.537539
4422.464585
4418.970031
4443.481524
4442.372642
4429.500503
4452.608485
4417.929160
4436.017106
4430.174338
4443.617437
4431.725665
4426.338412
4444.427832
4432.245516
4424.011691
4438.120150
4433.707427
4421.616968
4421.985073
4435.974918
4439.910355
4406.711442
4446.745784
4444.752233
4408.265954
4414.174079
4448.198862
4456.961933
4399.388453
4438.839131
4420.984628
4434.232918
4437.829152
4427.541143
4403.893418
4459.604466
4440.689273
4444.574195
4421.044003
4434.964074
4437.919883
4428.837962
4434.422491
4439.884774
4437.202992
4433.226263
4435.832940
4413.573456
4441.274962
4444.575888
4419.405151
4415.117684
4443.941741
4440.971115
4409.269495
4444.900280
4440.694310
4415.050154
4408.489277
4441.672030
4456.342919
4401.516185
4443.644820
4404.614979
4444.849159
4438.013216
4413.325660
4406.570910
4445.893160
4442.606555
4437.370219
4436.409668
4435.794929
4452.231489
4427.646252
4442.327824
4431.406619
4428.357806
4436.491559
4439.857319
4405.808434
4436.192261
4442.849186
4424.390371
4412.414148
4441.779034
4444.776523
4410.368652
4425.350154
4451.806504
4430.390214
4405.603422
4440.338876
4431.766793
4418.306411
4442.236750
4408.558397
4446.465941
4444.537195
4426.418556
4423.361924
4441.990807
4427.198530
4430.869755
4434.522733
4439.104077
4433.644334
4431.588141
4427.351612
4430.985840
4417.278275
4447.487678
4442.344587
4411.447507
4429.110401
4443.119487
4437.109847
4407.208261
4444.748562
4449.231159
4407.164453
4411.607485
4441.547815
4456.519331
4397.092584
4443.477104
4410.305042
4441.079558
4434.278051
4411.641688
4433.761584
4445.708698
4428.998768
4430.085541
4433.102927
4436.020494
4442.476319
4435.292664
4434.003501
4427.430011
4435.919089
4432.739495
4429.915908
4409.733007
4447.160879
4447.992142
4411.314301
4419.694580
4449.099700
4437.609733
4408.419837
4448.364453
4455.753940
4408.696724
4406.646820
4443.874021
4450.067351
4402.364683
4450.723796
4411.745994
4450.660621
4443.675168
4404.723996
4434.744992
4430.531556
4440.760883
4437.330051
4437.743687
4436.865496
4427.374767
4426.919561
4431.438355
4425.273303
4431.885741
4442.094191
4434.765110
4405.735186
4450.706727
4444.607289
4414.788953
4418.054521
4441.591561
4444.082198
4403.948736
4430.462326
4451.008927
4431.993067
4407.610534
4439.529967
4422.700639
4423.607050
4433.300717
4419.535133
4449.276421
4430.214033
4424.564564
4437.583975
4430.743760
4439.980168
4436.224150
4427.118726
4440.454918
4427.404814
4431.702230
4436.598773
4421.505833
4426.977524
4448.663506
4435.833763
4411.236325
4436.400752
4443.497858
4423.832326
4415.732160
4452.400549
4446.607676
4407.523009
4411.837059
4438.943518
4455.698821
4410.537930
4445.449686
4430.644808
4417.799429
4449.806739
4407.770138
4440.047885
4428.582082
4438.755505
4443.497402
4434.818802
4438.463477
4431.554851
4421.305065
4438.133162
4420.616434
4441.876285
4432.530929
4430.331723
4415.543280
4441.538516
4448.326671
4413.426893
4421.780753
4443.698736
4435.092339
4409.015287
4446.242188
4451.283754
4426.457119
4408.378407
4450.912965
4428.243839
4420.676341
4442.163969
4411.932862
4448.731373
4437.670394
4427.020939
4435.374867
4437.221055
4434.648440
4433.125951
4421.200189
4439.488666
4437.090372
4421.381889
4442.833749
4422.154223
4428.072373
4443.997699
4430.516946
4407.223132
4442.671373
4452.311760
4417.558779
4408.219242
4449.782185
4450.847476
4399.264281
4437.862689
4438.940532
4440.205963
4421.046251
4430.440694
4440.924738
4419.931271
4442.145691
4412.246743
4449.129483
4434.844709
4435.778763
4442.870872
4425.106262
4435.763033
4437.626866
4411.716720
4446.672540
4413.674694
4438.233043
4447.021028
4416.122162
4422.605908
4450.102275
4438.028357
4402.690647
4440.140194
4450.743122
4415.668904
4412.340321
4457.907211
4444.942845
4412.907297
4413.438391
4446.372955
4439.970889
4416.094352
4438.425533
4424.269389
4444.090899
4437.708463
4425.487368
4438.485920
4435.091985
4434.397446
4428.852487
4422.658481
4431.099357
4446.686561
4419.366045
4436.681309
4408.565382
4449.182951
4441.586312
4413.951366
4420.170094
4455.342777
4443.172985
4411.445186
4430.619819
4436.216051
4438.493945
4404.497769
4451.347130
4451.893327
4413.560141
4421.830469
4434.850100
4452.525848
4413.139666
4440.502231
4413.903181
4446.551863
4441.959259
4432.828848
4434.118693
4426.385984
4439.293453
4443.672719
4407.630348
4435.128563
4442.067072
4424.815498
4435.823577
4414.057790
4449.924453
4439.073299
4417.653126
4416.641418
4439.679672
4465.226404
4408.276776
4410.144003
4458.601228
4438.315812
4407.002087
4432.677962
4449.260925
4427.564742
4420.857607
4439.011744
4433.583817
4437.522961
4441.855051
4425.835394
4441.861035
4435.229621
4431.141575
4426.081402
4416.496590
4443.744857
4451.609442
4403.536143
4441.095211
4425.270434
4430.200937
4438.758643
4419.413518
4425.670886
4444.512346
4444.868739
4405.992079
4443.540320
4451.838843
4415.181572
4414.241385
4456.016956
4454.155095
4405.717135
4427.235560
4440.946662
4439.812416
4420.093796
4428.458428
4440.651432
4438.129924
4437.553628
4430.687825
4424.943700
4437.435863
4440.158232
4422.908683
4415.411143
4447.755798
4447.639005
4406.071223
4451.653249
4406.350625
4442.995536
4452.660022
4407.744955
4416.089466
4456.233864
4441.745984
4409.719737
4430.028619
4456.743942
4418.762065
4413.248892
4450.080324
4451.086804
4410.454868
4420.264038
4444.317308
4445.572774
4415.854900
4445.197395
4431.872338
4427.998049
4438.156905
4428.810553
4423.942163
4431.460378
4442.821698
4427.676716
4417.856301
4438.046691
4433.834250
4423.486267
4441.942219
4402.185293
4459.421083
4440.969933
4416.519868
4405.353334
4460.037748
4443.400155
4415.373338
4433.053963
4443.816685
4437.502459
4405.450022
4445.140155
4452.440890
4409.327790
4425.138395
4443.067934
4441.702057
4432.160820
4432.667187
4435.512998
4418.903892
4440.248864
4434.806924
4424.495187
4419.796948
4438.444042
4451.460686
4411.577837
4434.253752
4428.685784
4435.788297
4439.842036
4405.638574
4438.462214
4449.993789
4423.203910
4415.315378
4438.591963
4457.417760
4405.058906
4415.199243
4454.753455
4433.263193
4410.551150
4435.269790
4445.444532
4421.722139
4440.259150
4434.145599
4430.235650
4431.973470
4434.749163
4441.807501
4414.116550
4435.370740
4450.629703
4419.634727
4409.503229
4448.084094
4446.819504
4407.685075
4443.488343
4412.342959
4453.122421
4438.811232
4414.491962
4411.633308
4450.438016
4445.789004
4414.162361
4438.242989
4449.726857
4416.963637
4405.249801
4461.625478
4433.498664
4423.267162
4444.855965
4432.610430
4436.693176
4436.429771
4432.304648
4427.001424
4418.664514
4441.918056
4443.507032
4403.631591
4441.478466
4454.067464
4413.684839
4417.773528
4443.436620
4436.497130
4412.214999
4452.900052
4400.702998
4448.165897
4460.719975
4407.290535
4406.979006
4447.960237
4442.198760
4407.792596
4440.902259
4439.672988
4425.757328
4418.246868
4435.227030
4446.913382
4426.916894
4439.397261
4433.676272
4421.709477
4439.000904
4443.641251
4423.410092
4419.325565
4448.598092
4436.611779
4407.244160
4434.454930
4447.523795
4422.311867
4426.894761
4443.068855
4414.122224
4449.872100
4439.685144
4399.402642
4438.460392
4462.408454
4414.115266
4405.364346
4453.785139
4439.149804
4411.049638
4438.057108
4446.825209
4438.925760
4424.321290
4440.665303
4429.052735
4428.319100
4437.043142
4434.493697
4415.718686
4437.704506
4436.407381
4429.941328
4418.085167
4444.684523
4445.843682
4406.956490
4433.896930
4426.411454
4440.407321
4422.592634
4432.569331
4413.767187
4454.771838
4445.645060
4399.241254
4428.473078
4446.188692
4420.107425
4412.379771
4443.784140
4447.156403
4408.512822
4439.978720
4424.019482
4447.463103
4432.990288
4433.280507
4432.655958
4421.626680
4439.247651
4442.271568
4419.953843
4424.793107
4442.077095
4430.699345
4412.875954
4437.341622
4460.600785
4416.304074
4425.933218
4434.452478
4428.086295
4435.362235
4430.124301
4411.618670
4459.236286
4456.247375
4405.183804
4418.981868
4447.695890
4424.592513
4418.334947
4439.164500
4454.408523
4428.979749
4437.602516
4432.383882
4432.129747
4433.178180
4432.422805
4443.785820
4407.397913
4441.273714
4446.490070
4419.058441
4416.729477
4441.446280
4450.262734
4398.354760
4443.659138
4447.085540
4416.155980
4433.671473
4423.429351
4430.570616
4429.425151
4443.197573
4400.968346
4447.451717
4451.348014
4413.696689
4420.888452
4446.328210
4442.627119
4409.211712
4434.257622
4435.974199
4433.816133
4434.234522
4433.330555
4424.376329
4421.816545
4442.229455
4443.466738
4402.706377
4435.972038
4456.949151
4409.373576
4415.514993
4449.431635
4443.818462
4401.333254
4442.253476
4436.978573
4415.750887
4447.207901
4424.906388
4411.727575
4459.188935
4440.719899
4404.314518
4444.839709
4433.064838
4419.356523
4415.370252
4461.005914
4444.551734
4422.712674
4441.674958
4432.957455
4422.073460
4439.711063
4438.856141
4424.294638
4413.961556
4452.467873
4441.674355
4402.044908
4448.010063
4440.198155
4417.545217
4410.908492
4447.485503
4449.814536
4402.306208
4453.403004
4402.445020
4444.385144
4440.815318
4414.844771
4396.521395
4463.149395
4446.071465
4417.283286
4443.510966
4440.854590
4414.615043
4425.802531
4439.066358
4430.068305
4429.571110
4433.899365
4436.107558
4415.006677
4437.130042
4443.843144
4422.159515
4417.125390
4445.121868
4443.812044
4409.465757
4434.382375
4444.500665
4423.316031
4414.554856
4434.916782
4443.074781
4418.171743
4440.797723
4404.697534
4446.263041
4442.499477
4417.523983
4401.041886
4448.512885
4437.458846
4426.239772
4458.182713
4423.625921
4444.131740
4432.975908
4432.878456
4432.302470
4421.893877
4440.473686
4436.120995
4419.256540
4433.922183
4436.177906
4438.273125
4409.201968
4446.877687
4438.897324
4416.217004
4422.594265
4437.201316
4453.379589
4405.105252
4436.863126
4426.212404
4431.257043
4439.276648
4405.839058
4432.315978
4440.497328
4433.730323
4421.331118
4424.575259
4444.961079
4426.053361
4439.267980
4431.420531
4429.589178
4434.120941
4432.111037
4438.579767
4417.168531
4435.452388
4450.105919
4415.555387
4420.373002
4439.866932
4444.776870
4405.708424
4440.513755
4450.766086
4412.443599
4408.497573
4443.209685
4451.206439
4403.706069
4445.367624
4408.297485
4448.297170
4442.959953
4411.800053
4413.318853
4446.100836
4449.960239
4421.862806
4435.511823
4436.483977
4432.370595
4435.074627
4431.893706
4426.657115
4419.525150
4439.401068
4444.405360
4406.279018
4440.302598
4448.302630
4417.524720
4409.449219
4446.373692
4447.449990
4401.957688
4442.845572
4451.334157
4416.653733
4410.950483
4445.001909
4434.627093
4410.806418
4450.244243
4396.584846
4448.447472
4455.113526
4408.279045
4418.517043
4439.079771
4448.088484
4428.430080
4439.346217
4434.251499
4420.820468
4439.688787
4444.211932
4420.969646
4416.515763
4443.716533
4443.182901
4401.746664
4438.486521
4449.354364
4418.995158
4408.197990
4457.622463
4435.663870
4403.633211
4433.491629
4440.974160
4430.594343
4418.623185
4442.834363
4411.479404
4449.737623
4436.658084
4399.290035
4449.358532
4449.274487
4416.775669
4426.193247
4429.699593
4434.464040
4429.536010
4434.197481
4434.156293
4411.718235
4440.530157
4442.167506
4422.399677
4412.326449
4452.242027
4440.587554
4402.297333
4442.873494
4438.048573
4427.610817
4416.139713
4449.762600
4440.260433
4415.924210
4424.626530
4427.468993
4446.376070
4415.342060
4434.436042
4410.633044
4459.238345
4432.212333
4407.202104
4449.875741
4438.674733
4432.728418
4440.136570
4431.345113
4430.273828
4424.951768
4440.074713
4438.345498
4412.455641
4436.193951
4440.491609
4425.475886
4416.276398
4449.968394
4438.832655
4419.147320
4425.319638
4437.876160
4436.100045
4411.959960
4440.283594
4448.650959
4425.826729
4415.830597
4441.920816
4430.225471
4427.897647
4432.884481
4421.857663
4454.417241
4426.711082
4430.396958
4435.453518
4432.118863
4429.800450
4433.604194
4431.519881
4434.789708
4417.672434
4441.372870
4439.818573
4419.637834
4430.921214
4429.354186
4446.126561
4408.649103
4437.941367
4445.467071
4422.928125
4415.515151
4440.320078
4449.070394
4404.044109
4435.243994
4439.403457
4426.450486
4423.961084
4436.028495
4432.181329
4425.119187
4444.733997
4425.221686
4433.751551
4437.126233
4431.798158
4434.774564
4432.364135
4424.882134
4425.031425
4436.440247
4439.384094
4411.588439
4435.413732
4451.444800
4421.790857
4412.376648
4444.032257
4450.008825
4402.851356
4433.532685
4450.443771
4416.532552
4409.256695
4453.069570
4438.880647
4412.720956
4429.284147
4441.576788
4420.049918
4442.973796
4435.462397
4416.315336
4447.889926
4438.138351
4432.134558
4437.126080
4432.216763
4421.416291
4438.204320
4441.235656
4424.543263
4413.271196
4443.268111
4449.813513
4398.658379
4440.081674
4449.239326
4418.880453
4403.936690
4457.931023
4446.122758
4405.247166
4440.288112
4436.235406
4426.777232
4408.591358
4452.374976
4432.798402
4423.897219
4440.106595
4411.728302
4437.558241
4446.867121
4422.780912
4424.010057
4433.066924
4433.258944
4430.475122
4431.328555
4436.731345
4407.492518
4440.660703
4447.765366
4416.897784
4411.655127
4455.111310
4440.709177
4397.260986
4449.607069
4444.214082
4420.601759
4413.953527
4444.644189
4444.581661
4414.517449
4428.451524
4444.319842
4431.744624
4426.208648
4422.498796
4440.436277
4446.039811
4424.012922
4416.675333
4448.058341
4437.753226
4434.933776
4437.155477
4431.223427
4426.752784
4426.778476
4442.380482
4435.167662
4407.602958
4446.654378
4441.069452
4416.130578
4420.115425
4457.017517
4432.413183
4416.973224
4432.491117
4437.934036
4441.128303
4407.048765
4448.195359
4431.106950
4426.976373
4415.372775
4444.762886
4449.918790
4414.241723
4417.516596
4441.395746
4447.207768
4414.293250
4429.279972
4429.458619
4434.857124
4429.177026
4435.570143
4431.532988
4427.762249
4422.606291
4442.665869
4432.351862
4418.866208
4439.834997
4425.575030
4439.157998
4414.786397
4439.469184
4448.557669
4413.692188
4421.649447
4429.850521
4459.319257
4408.750396
4433.018567
4451.818630
4415.530588
4408.554707
4457.070606
4445.974788
4414.610352
4426.547792
4443.353976
4440.948075
4427.803409
4438.717151
4433.810697
4430.685467
4423.835562
4431.313820
4430.145084
4440.757301
4417.749880
4429.798753
4451.620912
4422.738478
4415.458228
4443.517147
4442.120293
4407.870417
4439.946005
4450.822339
4425.688895
4406.919170
4450.001073
4446.232312
4401.945747
4445.534800
4450.443826
4413.357496
4420.008222
4441.280185
4442.353980
4417.429497
4435.707641
4429.798787
4433.847003
4431.622251
4426.311371
4433.713679
4443.222984
4423.828583
4413.346215
4444.738915
4447.924930
4396.021758
4440.059864
4454.345524
4417.998116
4410.051523
4446.462107
4446.916432
4397.704554
4442.221267
4445.421482
4420.996833
4408.501374
4462.986306
4429.748532
4416.190614
4435.937337
4446.271095
4424.005707
4434.646926
4439.066111
4428.390438
4436.463742
4433.093816
4431.728342
4431.008719
4433.228368
4405.644023
4442.892592
4453.114793
4410.055111
4418.157407
4455.305448
4437.040058
4394.737301
4452.396578
4445.493345
4416.949967
4416.556241
4451.577289
4441.986492
4404.938619
4444.751648
4430.997006
4439.059852
4416.230785
4441.066712
4432.456267
4421.755066
4435.193546
4424.982745
4441.203651
4429.752864
4432.456454
4432.447935
4430.933910
4420.391541
4436.363949
4444.062192
4425.338445
4407.665161
4452.019551
4441.420508
4407.939028
4429.397641
4453.279257
4433.214991
4410.057195
4439.296952
4436.207346
4425.310521
4419.151318
4449.795835
4442.678649
4427.144260
4418.721126
4437.879162
4445.666389
4417.950153
4432.867213
4448.986120
4433.940387
4426.754710
4433.408244
4435.547323
4431.586198
4429.582543
4436.629009
4429.056155
4418.396848
4435.019757
4441.149569
4424.524547
4421.725665
4448.351337
4425.865296
4429.835063
4421.153143
4441.114119
4443.369245
4418.960386
4431.997089
4426.696141
4451.545483
4406.283679
4439.670093
4447.462059
4423.106486
4411.109324
4448.171799
4447.328883
4407.559837
4433.816228
4441.381823
4433.763875
4431.055144
4432.853511
4431.690004
4432.366541
4422.398692
4439.910035
4427.887784
4431.012227
4425.546833
4425.118891
4448.238680
4421.414499
4425.974971
4440.603667
4432.907835
4409.583818
4431.695675
4459.055550
4422.357091
4412.002812
4448.975887
4444.274251
4398.538523
4442.592598
4447.778527
4417.290555
4418.060843
4457.217050
4436.531582
4419.310600
4436.308898
4431.037096
4433.431607
4430.973506
4430.767716
4429.818224
4443.491933
4419.539167
4423.809105
4446.254486
4437.157728
4402.962180
4442.078953
4451.682441
4413.080442
4419.004193
4448.850721
4446.038261
4394.695754
4443.451681
4451.761413
4414.372107
4418.618715
4458.963510
4440.666288
4406.888169
4440.713326
4442.519164
4421.427271
4421.050425
4442.200756
4439.413222
4427.074413
4435.881371
4432.688682
4431.132627
4428.139600
4410.061846
4443.514452
4451.369408
4399.946601
4430.896710
4450.159641
4428.030159
4399.623284
4452.269748
4450.424119
4404.017434
4423.492190
4448.959811
4435.056793
4404.262403
4458.834200
4428.159515
4422.556577
4416.641583
4455.159206
4435.779755
4418.749866
4435.302551
4441.489645
4427.549185
4428.307006
4433.610001
4430.443891
4431.478218
4419.560556
4441.165880
4445.932815
4416.616435
4413.390058
4454.726260
4440.112049
4399.312350
4442.274841
4447.145226
4422.908397
4411.561959
4450.482358
4441.124883
4414.005231
4430.307638
4440.113909
4441.717660
4417.634879
4439.585952
4430.355897
4436.479108
4416.553168
4440.409553
4435.281674
4421.138207
4436.797227
4431.367094
4436.674938
4432.412208
4431.160584
4432.053000
4426.024477
4412.715347
4444.648604
4438.560855
4413.072593
4424.739068
4454.628482
4427.107261
4418.522248
4427.718284
4440.137720
4430.757846
4421.149919
4441.807746
4430.325719
4437.249891
4417.490581
4436.954854
4450.685835
4420.165026
4427.133069
4439.382519
4440.415323
4418.603262
4440.812575
4438.561566
4429.754113
4433.670834
4431.560644
4428.201965
4431.974053
4428.933939
4438.169732
4426.451918
4424.921164
4440.279329
4422.112992
4439.658028
4419.173814
4436.433179
4434.020418
4432.279655
4423.990536
4429.512131
4450.889387
4418.624020
4423.897688
4442.066772
4442.354224
4408.460184
4436.715291
4445.926469
4419.738994
4423.760576
4439.738738
4439.133454
4420.380279
4435.969815
4431.630239
4433.176370
4428.669585
4432.023933
4424.590918
4436.166283
4423.639755
4423.702103
4449.652711
4426.577081
4415.010274
4437.920875
4443.148576
4415.877975
4423.951045
4445.202532
4436.905013
4406.152423
4444.221751
4449.941858
4410.194476
4420.516026
4445.085879
4441.030228
4410.213160
4440.202735
4439.705613
4427.457833
4429.518359
4438.024410
4442.754213
4425.234369
4438.076567
4429.687397
4433.895818
4426.362969
4418.994099
4443.747261
4440.602228
4402.583291
4442.712750
4445.665722
4421.194333
4409.738381
4448.751100
4450.369959
4404.645864
4428.805318
4446.631599
4427.528394
4408.203985
4447.703774
4443.051669
4414.260193
4418.470306
4449.418705
4437.069014
4415.262735
4426.559857
4445.965271
4425.108291
4426.566466
4433.149965
4429.866307
4431.142321
4423.763210
4436.384166
4445.108910
4406.631177
4431.900957
4445.044549
4428.088386
4404.134314
4446.572557
4447.781410
4413.283581
4414.211537
4450.972738
4438.392182
4411.922727
4431.831051
4437.780748
4433.390044
4409.151813
4446.914345
4434.165762
4425.490246
4416.757710
4452.506243
4435.785033
4419.096519
4440.314364
4428.915342
4441.408459
4431.554047
4433.810760
4430.664758
4421.566290
4425.428891
4440.469546
4434.973483
4410.205225
4436.095194
4444.665223
4423.104305
4413.482854
4446.792493
4438.802831
4420.973028
4421.324749
4440.807028
4438.367507
4420.441142
4427.463986
4436.339142
4441.780719
4411.834468
4436.087504
4444.784477
4423.163511
4423.720103
4436.301382
4440.062684
4424.833804
4433.912218
4432.065816
4426.920602
4433.053989
4434.766806
4426.960560
4426.281069
4427.089991
4439.874968
4429.883496
4420.177798
4431.996120
4436.955815
4427.055957
4423.097806
4435.570457
4431.838323
4432.139641
4420.651963
4439.406050
4434.719904
4430.220620
4418.734536
4444.474969
4435.121392
4421.752580
4435.291452
4436.109607
4433.306737
4426.320094
4437.810979
4436.065554
4431.302178
4429.345888
4427.123155
4427.824493
4434.703000
4428.630987
4424.009971
4439.373413
4423.287633
4430.421528
4433.256231
4433.548383
4426.071692
4427.566462
4439.874821
4425.991989
4427.803925
4430.721376
4441.427872
4420.630611
4433.293264
4434.142430
4436.143604
4422.936563
4432.275880
4440.879028
4427.701228
4433.969358
4432.333938
4439.125880
4427.776472
4434.266436
4431.315937
4432.124943
4429.759200
4425.114972
4436.093558
4431.837003
4423.625075
4429.899186
4440.413525
4423.144461
4424.604021
4437.619540
4432.255903
4424.406888
4428.998173
4438.940518
4428.150407
4426.298142
4432.753074
4437.847515
4427.121129
4427.077612
4436.374486
4437.523461
4426.473722
4432.147632
4437.144341
4432.269517
4432.841994
4432.607615
4432.012537
4428.175028
4428.950587
4434.609681
4428.837171
4425.409549
4430.967176
4436.435263
4430.918162
4423.287406
4434.978164
4438.445753
4426.603521
4426.906843
4436.009749
4434.868317
4426.968379
4430.296275
4437.938690
4436.053198
4426.194178
4432.176638
4440.611503
4432.909506
4428.101070
4436.711744
4443.037965
4433.013533
4433.215529
4439.144803
4439.251399
4437.987956

SCALARS temperature float 1
LOOKUP_TABLE default
300.254195
300.228630
300.230694
300.205379
300.172498
300.147044
300.129589
300.105956
300.082406
300.065397
300.065546
300.095673
300.216752
300.554353
301.550135
304.039874
309.396254
319.785718
336.978883
359.873906
385.184624
1105.849215
1013.937555
1048.948313
1013.971569
939.900218
597.489161
595.248409
575.067074
557.966508
449.378338
300.235425
300.275169
300.322480
300.280604
300.248650
300.231897
300.224653
300.188944
300.156253
300.132524
300.126433
300.177638
300.342232
300.879191
302.183533
305.459660
311.916580
327.573288
342.374401
370.863113
389.922777
799.447695
649.913467
609.596691
579.293208
540.402820
521.660237
490.318949
469.595241
453.224496
443.980881
300.215728
300.287975
300.335333
300.349682
300.368228
300.392360
300.367704
300.359941
300.299088
300.283388
300.242784
300.335017
300.516393
301.295978
302.674424
307.923782
314.915003
332.012098
359.631365
398.429624
401.688525
978.941635
823.795959
721.861373
662.153048
601.563800
550.784099
486.999104
463.249890
453.745259
438.478990
300.208419
300.294023
300.388256
300.521650
300.540515
300.636058
300.635244
300.697250
300.606419
300.548953
300.491828
300.593627
300.830235
301.800940
303.952804
308.800200
318.683382
350.187782
359.328470
401.157601
432.390309
527.780120
861.886198
723.852031
545.446173
498.250092
513.008323
477.492669
450.758112
440.619136
400.376876
300.230117
300.342449
300.516188
300.697165
300.865310
301.083226
301.137990
301.203797
301.121187
300.996780
300.975222
300.995492
301.418903
302.488866
304.764143
311.884141
324.686768
341.451969
377.848818
451.852894
456.689990
1274.428863
818.667583
644.615271
591.197416
548.730228
456.173612
415.660744
388.424922
409.236334
376.953466
300.273748
300.453148
300.655836
301.537729
301.439079
301.624065
301.833076
301.920153
302.118142
301.641742
301.687060
301.485326
302.209313
303.401207
306.971257
313.112359
326.583377
354.261461
413.444651
431.860587
477.524872
909.725931
975.249609
709.850245
577.049013
491.343513
433.162737
447.290266
415.268457
390.553811
358.152255
300.308269
300.555149
300.872677
301.423253
303.013634
303.702538
302.834872
302.505628
302.925394
302.286165
302.574567
302.388556
303.037382
304.118704
308.351538
315.141713
332.898934
362.753878
381.882175
439.327675
485.982358
962.519689
895.990058
768.870042
636.576794
528.429496
491.557078
384.994356
406.578337
366.744192
345.893406
300.291451
300.494081
300.802336
301.610368
302.107850
303.294356
304.520667
303.776928
305.369776
303.076806
304.423428
303.163227
304.187161
305.048228
309.104588
319.314271
332.990102
362.542045
432.692718
480.711165
478.359695
1228.842521
950.812982
834.756743
674.290374
519.127865
446.595404
407.905007
420.227037
362.171402
345.334245
300.268683
300.466862
300.879247
301.285592
301.974962
302.824265
303.380502
303.432571
303.428352
304.606139
305.093624
305.810053
305.042508
306.252891
315.399366
316.319209
343.882072
362.313624
375.510509
418.564534
469.911598
988.949276
988.902718
806.594528
705.837323
591.652723
541.950652
478.107559
390.829011
367.443247
351.491387
300.262852
300.462143
300.805225
301.228560
302.183189
302.176637
302.853366
303.381880
303.277569
303.703181
304.341508
307.391508
306.127288
306.981875
309.501050
330.962008
325.186598
370.833610
418.127241
460.722837
466.462992
1228.208757
958.337575
988.758407
894.023771
724.148344
548.282472
444.789404
416.323226
384.104499
365.502224
300.278456
300.489327
300.900038
301.905671
301.645984
301.947155
302.169439
302.496365
302.771013
303.388319
303.929538
305.620281
306.868272
311.063946
315.971901
316.651137
341.396323
356.943749
412.672353
458.068534
463.145264
1017.269016
978.512143
964.202495
739.931836
642.009138
632.883125
484.051508
542.186901
407.628309
388.375524
300.315853
300.516532
300.933086
301.741283
302.092213
301.929796
301.975892
302.475641
302.456460
303.005602
303.813671
305.310173
308.555449
307.673804
310.851666
321.487133
343.433945
374.972383
420.877304
468.767749
481.647487
1020.947688
1132.212976
938.436502
880.528118
865.500054
729.785505
585.823401
475.359693
435.155274
416.713072
300.309275
300.526398
300.879322
301.510056
301.973309
301.995682
301.988518
302.284570
302.465912
303.087759
303.902826
304.773513
306.269586
310.570094
316.377488
325.216114
336.630806
384.663690
415.264204
466.857004
499.353538
963.181176
929.413832
898.860516
931.704195
821.626500
722.052485
600.869018
515.698815
475.871435
454.410812
300.356926
300.598323
300.956151
301.388376
301.890771
302.166760
302.216723
302.148060
302.431662
302.969042
304.180320
305.207214
307.292998
309.200601
315.636332
324.966093
374.504831
363.088945
434.053154
473.802191
990.616512
1001.342736
899.194301
926.219740
895.253663
965.537767
798.091349
708.455762
675.247352
549.611512
502.935791
300.446431
300.703490
301.019327
301.513347
302.030992
302.118099
302.300111
302.502923
302.834368
303.522820
303.783964
304.675067
308.137348
309.760755
317.586623
326.963711
343.427749
356.998166
464.662235
489.907347
521.368314
576.895974
1001.635298
836.169810
875.403103
919.782839
847.444402
772.238455
647.829996
548.499255
552.190004
300.585367
300.877551
301.478287
301.654369
301.998213
302.898825
303.693646
302.733047
302.745863
304.306049
304.243131
305.343198
306.879248
309.748490
317.150415
328.098658
364.149403
391.024843
402.313623
495.410079
545.456358
949.894094
896.780473
845.741123
746.635135
822.165552
869.427724
841.910673
802.895543
608.405563
604.795878
300.621797
300.989463
301.602368
301.828574
302.344533
302.730974
302.597381
303.039557
303.356423
303.771973
304.737963
305.277354
307.028945
311.100879
316.409860
329.009589
349.530337
375.867453
475.222490
539.617479
549.324196
1012.663869
892.053911
840.377574
798.162141
815.809903
875.254668
780.950054
724.981471
653.873522
672.344398
300.623371
301.015405
301.846303
301.898684
302.303503
303.224412
302.915621
303.283680
303.420721
304.130497
304.960088
306.161735
307.373542
310.920003
315.761347
330.275479
339.039876
381.182028
435.156580
433.014833
542.983848
1006.981884
929.059454
784.274909
797.710211
726.373812
701.966451
790.838858
738.466274
767.130237
711.550841
300.582837
300.937624
301.503289
301.973938
302.743691
303.720558
303.116802
303.412468
303.912057
304.907271
305.462113
307.382406
307.899412
311.055836
315.461072
328.062394
355.988193
395.726573
449.985157
518.131973
524.561475
631.679624
1015.354908
813.130276
764.067754
748.508802
702.386032
803.247894
755.223209
774.191715
728.989179
300.494273
300.821353
301.343283
301.795774
302.404651
303.639716
303.542140
303.956345
304.360651
305.566534
306.338319
308.589302
309.636826
311.705569
318.479400
329.412100
334.350792
365.538520
402.772950
492.553905
518.782640
970.660890
973.914233
929.305814
832.877209
732.607517
720.037017
734.573279
788.615074
781.726787
738.010418
300.423251
300.724235
301.260415
301.908193
302.175849
303.075877
304.433674
305.190670
304.943262
305.785271
306.558738
307.699340
309.874156
312.262177
316.584551
327.120658
355.992543
371.645095
406.152340
514.824162
1288.560909
1023.941140
960.240763
930.773712
773.020082
745.480537
683.725285
680.754515
709.314554
737.798509
749.759890
300.382457
300.660822
301.052690
301.513563
301.954704
302.596014
303.819815
304.257916
305.472423
305.965811
307.036482
308.319418
309.162976
313.148451
320.884335
329.048894
338.976883
387.867179
442.939261
473.957827
555.538703
548.970025
1008.375659
910.825668
904.136631
755.835199
690.528644
682.442892
684.592327
737.708372
703.783442
300.348091
300.608955
301.151799
301.595721
302.004962
302.517919
303.199412
303.910835
304.761050
305.462791
308.178424
308.391030
311.162061
313.395915
320.438582
331.140128
350.645990
368.724517
407.721722
519.594024
1048.821893
549.084624
946.901040
883.629424
911.237389
798.622031
712.938799
705.434717
693.162842
696.833914
722.681241
300.322958
300.573510
300.963684
301.341793
302.012296
302.405326
302.916278
303.647065
306.820932
305.869520
306.414470
307.876768
309.906090
314.409256
318.406294
326.394527
344.722040
389.491676
453.944062
453.341096
540.999099
1050.662324
971.190104
874.561448
837.889355
822.190315
777.297180
723.239959
717.628063
692.860849
724.295290
300.293654
300.519213
300.921684
301.438211
301.900216
302.311787
303.109684
303.450126
303.894707
304.744421
306.259585
307.909537
310.426475
318.702381
317.807276
327.388593
340.340010
364.696280
407.153350
461.981811
538.748068
1016.831335
965.574168
921.743871
822.935313
742.993733
742.051854
717.160804
689.857385
702.552930
723.967016
300.282730
300.492443
300.837037
301.139207
301.573388
302.145104
302.695178
303.183831
303.975058
304.701656
305.413210
306.756259
310.176814
315.395654
315.318249
326.775753
343.376667
366.763630
410.150253
511.342615
504.949981
544.133624
934.322173
842.320174
780.977288
762.078668
706.287041
758.364610
704.946440
708.627962
715.729106
300.287258
300.503125
300.825988
301.213609
301.813408
302.584629
302.682085
303.289197
304.127877
304.601647
307.732933
307.717780
310.625276
314.801981
319.327015
327.184495
331.637361
371.564248
423.038893
430.727081
1068.914647
1266.901666
1027.852617
927.527611
844.153456
734.800554
724.162454
700.591456
718.130207
714.853398
702.213087
300.295984
300.522050
301.022816
301.207006
301.533487
302.086608
302.841233
303.327596
304.263313
305.677609
305.748518
307.876387
311.854622
316.698590
315.785753
324.682649
342.943374
351.378899
390.107958
485.780906
505.423780
533.392033
1006.796987
998.060924
883.427722
740.046206
708.935404
687.511680
685.220325
704.684280
714.989402
300.271707
300.492346
300.867898
301.257652
301.917967
302.436132
303.769985
303.970790
304.252711
305.215564
306.817570
314.885514
309.060068
314.007118
318.369556
325.161715
339.073044
374.335857
422.279365
492.325188
520.967428
1080.760178
989.732614
984.840513
891.415553
774.623004
783.807704
720.307273
697.438310
686.305090
707.279059
300.240663
300.437168
300.736947
301.290027
301.613641
302.186048
303.031516
304.510117
304.521626
305.206994
307.300549
309.558142
313.792142
317.484690
318.663830
327.049434
343.624599
377.472382
377.976931
432.069395
979.978207
499.026649
1077.521307
886.749655
924.207349
800.278068
687.269783
750.023145
679.862583
682.485220
713.383489
300.220068
300.412236
300.766614
301.289215
301.767439
302.812420
303.600639
303.412778
304.114423
305.339181
306.305434
307.730274
313.128081
312.514552
317.279417
332.158740
338.995335
353.428308
430.794386
487.242465
490.490918
1159.093768
845.921868
937.834971
842.329667
869.026748
798.997574
731.142322
687.152421
690.539546
711.148778
300.245808
300.433211
300.741505
301.291996
301.874486
302.194995
302.789982
303.501767
303.979541
304.406978
305.590771
307.706280
309.379002
315.522219
325.819612
324.098799
349.996645
370.196447
413.445413
425.895418
545.575357
974.608047
1159.356182
800.699320
805.749505
835.318336
827.326068
760.636984
742.824440
710.116144
690.444941
300.315502
300.513060
300.866343
301.445931
301.926398
302.490905
303.346315
303.875413
304.018755
304.699862
305.440032
307.016819
310.802068
316.199870
316.589810
335.476957
329.297554
353.261223
378.486464
482.864964
512.873794
1370.072775
885.379142
745.131370
747.822210
750.677436
793.215543
802.659639
726.374560
726.395086
714.914083
300.428570
300.707897
300.931537
301.445970
302.129849
302.825746
303.460863
303.792337
305.972914
304.584516
305.930305
308.637921
310.500225
313.565121
317.014182
324.212883
332.843536
392.509619
402.985873
485.235952
524.955562
1072.386668
1009.343888
939.459340
691.663981
717.166755
686.055263
769.506118
747.181843
737.868741
724.388168
300.470518
300.721884
301.206590
301.885014
302.691169
305.149178
305.276809
304.798599
304.956726
305.130806
305.850709
307.056844
310.085552
313.536178
316.378585
321.791375
334.621241
358.294205
402.440907
428.618474
576.569569
594.482439
1032.356079
805.321125
733.958038
689.831072
659.846740
704.624592
693.070060
747.839710
707.134716
300.494631
300.875720
301.237241
301.793483
302.934718
304.074988
304.607297
307.027460
306.099405
307.152829
307.029970
308.746470
310.025357
312.032207
316.685625
323.666696
336.517519
352.658355
456.491142
525.148860
560.994098
721.115991
865.639228
1029.244064
1002.526345
671.632040
639.624906
628.744349
734.912797
700.976024
721.320033
300.484574
300.805767
301.390481
302.562977
303.277956
306.185862
305.495659
306.150261
305.980887
307.052166
308.873101
309.963312
310.473441
313.670368
315.435470
323.711958
326.013672
372.951590
393.351951
439.974481
1396.693712
1036.205079
1027.236576
980.124759
799.613732
790.705044
701.473416
669.740237
646.177163
693.243769
729.090140
300.460575
300.802263
301.452777
302.364710
304.497585
304.857090
306.459145
309.396317
308.207875
307.115152
310.324852
309.823998
310.410218
314.038509
317.075752
329.085106
348.877317
359.363578
452.901973
538.767578
550.722905
697.174485
1153.939240
861.970245
858.656007
797.139169
642.795889
660.869989
627.146383
642.523559
708.754970
300.426512
300.785706
301.468859
302.781691
307.209279
307.593950
308.758008
306.592763
308.214048
307.821201
308.563595
310.325255
312.908840
312.864196
316.078748
320.666661
332.555108
364.403386
409.863605
543.974914
610.130114
904.940202
1002.584682
909.826620
893.585300
762.406315
840.069154
713.901860
618.148395
618.690227
656.127251
300.400826
300.740464
301.326448
302.376766
303.809697
307.367062
310.686345
309.853537
308.385297
307.860498
309.759129
309.755957
312.488208
314.457850
323.252741
321.036968
347.522666
382.596967
405.628251
571.872767
640.998924
1114.811436
959.652937
899.343841
944.373141
849.439994
794.110220
730.950522
777.726855
612.948010
607.889472
300.413119
300.789257
301.580437
303.426770
305.518143
307.188272
307.794796
310.536494
308.692986
308.840150
308.787790
310.351318
311.346336
314.390640
314.750784
331.412965
338.011435
346.288453
464.744549
489.518325
1115.830701
1035.877484
862.534340
914.506524
723.998308
892.094232
775.451324
776.860776
688.825304
631.852650
597.406284
300.450517
300.874500
301.796414
302.641521
304.084153
310.008976
307.334643
309.862984
309.887579
309.036714
308.693847
310.777783
310.796331
314.783977
318.591023
321.170839
359.659090
395.502353
411.140922
555.889505
646.033219
700.472782
883.975076
772.234471
700.534306
800.597431
751.948775
780.820006
757.910558
676.639710
625.628524
300.461747
300.891438
301.916615
303.709893
305.945801
305.917106
311.628642
311.577870
312.788583
309.492624
309.337523
310.905264
309.798201
312.348649
314.082247
320.571008
329.119201
339.209535
423.118052
638.472447
584.238061
1086.601782
941.412218
819.757251
680.408667
649.154028
756.220950
811.283911
789.661059
802.772040
657.641116
300.432065
300.865114
301.515079
302.576975
304.826021
308.386713
312.462608
309.347046
311.261144
309.418125
310.410742
313.017641
312.592923
316.686990
317.499395
326.376208
339.979148
370.007689
399.879322
466.476534
533.499109
1032.912434
1095.753949
772.302298
698.122852
620.704881
595.529863
674.857185
675.913611
767.004491
665.161669
300.362860
300.703765
301.707229
302.900123
307.413846
307.854108
310.433472
309.712564
310.730891
309.453951
312.225124
310.791815
312.900421
315.224297
316.501223
321.855183
322.913716
353.329456
437.705065
432.720692
569.097140
683.994901
1167.331591
822.142726
712.407595
615.729832
621.950011
790.596895
602.801801
680.812427
681.678364
300.300200
300.587441
301.118755
302.108627
303.295316
307.943677
307.751845
313.626421
312.617885
310.237394
312.412785
311.602661
316.698877
316.355730
327.537123
315.962531
335.405891
353.158684
374.000940
517.375461
538.180152
1281.613208
990.469877
944.888486
866.508951
658.545928
608.175187
609.931304
664.788773
724.408830
706.548921
300.267396
300.538296
301.074956
302.060632
306.104493
304.350086
310.545699
308.385012
311.238957
309.993949
311.238258
313.561919
311.195023
315.522075
325.125905
321.276118
328.595887
375.258518
410.041527
433.941033
517.507175
1256.855345
1100.904608
999.268222
763.275269
686.105241
638.224856
628.476051
676.098541
616.967810
670.856433
300.292946
300.578969
301.123801
301.929168
303.253741
305.329823
306.171683
310.788785
308.203959
310.311038
311.291649
311.946442
312.265749
315.637103
320.767048
336.565900
325.616268
328.546403
380.688871
503.248162
634.258103
591.075441
1022.979306
925.349120
918.838691
870.451107
639.966321
589.527947
598.785380
597.456905
708.193905
300.361482
300.695807
301.543828
302.354501
304.433832
305.663226
306.245229
308.160660
308.715747
310.940948
311.797753
310.394272
312.778907
317.234489
316.375568
321.179812
349.525666
347.306859
389.510670
584.584239
435.876015
1070.018678
828.144017
971.172578
1018.247801
758.593286
870.781102
746.993367
598.967410
608.006199
646.919711
300.502032
300.911286
301.645591
302.193387
303.354618
305.807119
308.454505
312.252240
312.507593
310.982564
310.550586
311.028386
313.103937
313.841597
315.428030
323.999809
329.114157
328.838302
375.295487
487.752200
1386.673658
949.343100
898.853108
1018.398659
964.276527
924.786801
910.548554
737.732524
735.508997
632.076949
650.511805
300.722505
301.251771
302.195097
304.618244
304.436093
305.297416
309.401962
308.759806
309.118749
312.312470
312.018730
311.001060
312.418188
312.919757
318.826931
321.912574
346.172144
350.770307
470.857155
402.030527
541.417043
614.232055
806.319155
859.562805
766.317507
779.331209
819.412662
872.224399
657.315205
652.319718
598.293285
301.123972
301.986126
303.006159
303.957320
305.032939
306.617228
307.130687
308.186362
309.713240
310.539645
311.345171
312.691586
313.227825
317.815651
321.097897
323.702637
337.866112
377.899173
375.533777
448.648641
671.231674
996.716254
745.300806
931.862829
732.979198
855.044012
718.532906
856.366140
860.498131
711.012069
628.790218
301.080566
301.916989
303.647077
304.952743
307.871069
308.652106
309.617052
311.776606
312.616573
313.504967
311.608584
310.896331
311.738868
318.232582
327.032761
323.499188
326.947371
372.198255
597.945948
430.786540
511.842181
1135.856585
996.745466
688.418400
599.120377
590.930275
742.555959
839.603258
816.009289
752.084397
663.102669
301.035117
302.106527
303.876605
305.100392
307.431808
307.256095
309.281374
307.880205
314.984549
313.213828
312.527132
313.239681
314.545237
314.635059
318.150426
318.210430
331.850368
351.249763
432.364694
481.179790
674.534320
1123.326703
686.067793
718.139683
785.599505
626.930535
595.205735
786.494044
779.682992
832.201738
703.682693
300.857961
301.674333
303.541621
306.219994
304.748694
306.504729
310.658051
308.060977
311.725606
309.417857
311.601709
314.761190
314.399271
313.854916
317.770809
336.944863
334.032948
352.410046
380.457106
532.981294
613.142091
663.648509
1124.468573
854.216722
587.212511
599.416725
598.532435
698.580949
621.798408
829.714769
721.286306
300.762064
301.384013
302.682727
304.032997
306.622080
306.082545
311.389246
310.174864
311.638738
314.205592
312.356615
312.779605
312.872450
315.245257
322.028602
321.351742
327.090376
358.942061
415.570828
430.440479
526.227607
1083.265883
1103.879862
645.708551
949.273121
693.244894
622.540412
581.062760
823.221017
712.327101
705.974878
300.636398
301.319058
303.044281
305.031940
305.375318
306.578725
309.693668
310.096912
308.248540
309.315564
309.878998
310.972831
313.915658
315.442579
317.094317
322.971570
346.372085
348.237854
380.712001
595.620386
1109.398335
502.510695
1158.239561
990.667510
711.862690
592.485568
610.328618
598.092886
707.010365
736.770705
697.147436
300.599030
301.334948
302.007638
303.801232
307.054537
309.922692
310.682483
308.717144
311.606022
308.268019
308.742546
309.869558
310.581287
314.700540
317.060358
329.424312
327.757852
343.126484
486.401600
433.866764
633.766740
1134.478914
1056.492935
1008.789652
857.662419
931.638835
664.829571
638.126528
617.195533
567.215736
735.893937
300.529573
301.135537
302.431383
304.558863
304.582563
310.555304
307.488716
308.570813
307.324414
309.033231
309.466105
311.191067
313.045137
316.726423
314.785515
319.970609
323.050459
359.439810
349.270782
400.543864
585.649869
1059.084596
990.566343
997.165995
1022.141161
863.865217
605.894526
705.181505
566.862669
533.237941
587.637713
300.482583
300.970985
301.820414
304.194946
305.954730
306.202209
307.154837
308.326083
312.576525
308.549288
312.813798
309.693844
314.898804
315.714706
323.041204
316.258751
328.433996
343.716107
400.915266
476.395058
563.166116
1034.404655
1045.699103
878.711147
1005.810796
971.657257
863.018155
547.776359
696.277274
545.877432
646.427925
300.439605
300.966430
301.860415
303.388174
306.581092
305.901526
307.743825
307.510643
307.624844
308.841822
308.975557
314.845121
316.810838
314.984491
323.539542
319.968323
324.416300
335.687918
366.012142
451.442801
653.190090
922.440865
863.924657
945.758748
964.987830
935.441855
878.676291
676.653158
566.729936
588.919033
614.113233
300.430739
300.898996
301.845337
303.063367
304.149965
306.459137
306.479246
310.202650
312.499791
309.053521
311.040781
311.456829
318.318246
320.788611
315.009373
325.302712
327.833958
351.089050
382.361480
462.706782
618.805863
1013.082911
1039.635288
723.409865
681.989273
880.956457
1020.258429
1014.822106
791.865758
612.376447
596.120023
300.429287
301.019116
301.789831
305.456434
304.772036
306.162528
307.038084
307.909506
307.988748
310.655946
312.324174
313.928636
313.850762
320.240552
322.255409
323.013425
329.151038
332.275740
385.131416
389.928099
505.715983
1026.891808
671.890109
746.470533
601.943450
976.893172
837.591849
860.382212
1003.075213
659.674341
577.073124
300.443742
300.999656
302.516519
303.152816
304.873939
307.022550
308.473967
306.292869
311.890330
310.758985
318.045162
312.045723
321.013792
320.183715
322.646994
318.492882
333.244299
340.452635
430.688979
622.926336
485.635695
1081.928162
956.883384
676.785924
630.152421
602.695871
735.993040
987.214255
991.841359
703.711170
611.006276
300.458328
300.971209
302.755165
304.039541
306.071863
305.438185
307.309437
312.036794
310.194342
309.634647
315.284817
313.193212
312.514507
313.734880
319.207227
328.543975
318.494330
334.477954
349.578662
367.792540
699.472005
1109.440430
807.875770
714.257117
818.773309
592.290578
593.138160
846.322621
784.860413
787.853844
648.337300
300.534611
300.948702
301.981608
302.953340
307.131460
305.304262
307.431642
311.211827
308.121838
311.372796
312.452422
316.615858
312.083238
318.720908
327.098019
335.939799
326.558306
347.679096
380.942936
454.256441
590.859300
1083.056393
740.431249
873.512316
546.584409
566.000565
614.132839
822.640025
649.489648
980.170445
662.360606
300.435012
300.932273
302.164750
304.358335
305.171014
306.705420
308.497718
309.654244
311.364080
311.482971
312.801489
315.956046
316.750406
319.957727
313.307523
321.093993
319.494165
339.885664
367.659743
537.316870
1066.800239
610.383486
937.848935
742.240750
724.923183
651.218284
597.640654
590.219474
964.133658
920.293861
707.130228
300.398438
301.281294
302.317688
306.692083
307.259318
305.368892
310.966675
311.914411
310.397664
314.115521
316.146282
313.239865
315.347377
319.064082
326.118891
319.240266
319.826504
348.329945
361.125699
455.463272
536.305246
1008.111009
879.976975
778.123700
852.594404
702.319562
665.348464
551.214920
841.405899
860.005985
778.952471
300.340894
300.756888
301.498219
302.899553
304.452973
307.450650
310.804422
311.334227
311.286268
315.270469
313.039363
311.074022
315.233978
313.013534
316.237306
328.154469
322.124684
342.002924
354.644678
421.883426
860.724374
754.408862
984.526482
707.366391
657.198877
722.250986
633.388849
655.526984
569.873887
618.123839
786.581443
300.324388
300.662814
303.100384
302.496206
303.742914
306.719158
307.410335
309.583422
307.323341
311.930394
309.423852
309.778710
314.307582
312.783384
316.985591
322.475210
325.121953
348.343482
358.825576
458.123517
782.054202
945.647800
940.396778
964.284715
723.844436
898.720419
708.181987
707.143462
553.691156
519.038622
603.194288
300.338778
300.979242
301.268258
302.528561
305.446615
306.054905
306.041456
311.841901
307.014903
308.090735
307.112821
311.814308
310.980598
315.124872
309.310265
322.270134
320.986039
345.950004
335.643920
510.737275
404.415113
687.374517
655.221513
870.594247
668.010713
648.651473
694.179467
712.468926
629.026476
498.422853
516.909251
300.352220
300.724885
302.303145
302.938758
303.865480
305.333733
304.986227
308.489998
307.446841
310.845894
308.583571
311.425145
308.601160
318.872479
313.545377
327.911375
322.325566
346.353205
347.179169
575.692030
493.127524
665.792986
613.916754
955.892203
870.728151
920.856482
791.042747
680.989346
728.899635
541.930322
506.792172
300.343502
301.014979
301.758229
303.410026
305.890839
304.379543
305.451694
312.434542
306.357404
309.801778
313.537762
308.928326
311.800506
318.279080
315.234511
321.403310
326.017210
337.922841
363.594051
425.960223
371.739998
597.915990
567.538269
761.742499
783.886902
888.328875
666.429352
851.214293
605.673246
578.837717
514.061059
300.324940
300.768308
301.714929
303.975593
307.371609
305.507065
306.323936
306.325050
308.113325
313.970417
308.021218
311.497592
311.725084
312.871110
314.142064
313.501525
325.927481
324.186670
328.328095
370.674721
512.537033
484.205934
505.074881
456.047595
768.055893
553.587735
878.687232
676.873698
596.086305
646.939787
552.082221
300.485752
301.173872
302.034219
304.749608
303.544105
306.615713
308.187780
308.627514
314.558539
314.830981
308.728045
313.065059
308.941776
309.460564
315.193778
312.331713
317.169673
327.897398
333.853974
352.991445
445.579508
363.026601
503.950284
471.802582
648.126122
886.686409
766.336938
733.128140
868.395049
668.173184
588.843895
300.286902
300.918574
301.546504
302.765474
308.512353
307.733916
312.719635
305.044579
307.503691
307.695135
314.362350
320.165421
313.421620
320.369961
308.971918
309.344779
322.544528
335.292166
315.785392
355.675827
419.087900
452.704506
455.688980
458.846653
466.773575
454.548220
483.590438
849.105962
650.011844
665.900014
629.348700
300.284199
300.641695
301.936432
302.874896
307.144341
310.207713
306.705862
310.547277
309.194803
308.727030
322.687559
311.556307
313.659567
312.212599
314.742721
313.065863
320.016029
315.228278
330.805571
335.712570
339.195141
335.775345
409.034427
466.839142
419.129616
686.103784
460.031469
749.377781
863.619025
680.773384
606.370478
300.391372
300.653868
302.135464
303.904010
303.755386
306.744608
311.678449
306.904058
305.982052
308.035005
315.535470
312.906416
308.788516
319.940257
315.214196
314.308830
310.196894
321.221020
325.365355
316.780965
344.682891
361.698200
417.374584
406.456657
431.610728
450.269949
434.149665
616.555836
693.463149
720.807686
652.751808
300.273207
300.789886
301.655179
302.270210
304.371999
306.506966
306.897229
312.677533
315.317221
306.823545
317.464583
313.977215
308.690042
312.930232
308.750781
321.420761
311.715766
313.034225
321.065015
325.249556
338.348352
330.766850
359.201340
398.469842
373.809242
450.426122
447.300638
393.570099
553.802598
699.704935
642.217058
300.261505
300.694215
302.817945
303.031125
304.558477
308.326960
310.641445
310.412625
308.025810
306.596688
307.201895
306.485750
307.648682
322.009039
307.954635
317.262647
312.730457
324.954481
325.507167
324.073484
324.942685
328.139810
331.843871
361.645742
370.802603
392.604930
425.012075
491.397500
459.298781
637.166358
656.235230
300.213603
300.507916
301.288330
303.567583
303.543863
305.564735
306.031046
307.914096
313.170916
308.225796
311.719368
313.792248
309.826328
310.160575
311.905134
310.374005
314.176022
309.790512
317.053630
313.572869
317.871489
313.260285
315.007089
329.532227
357.715648
377.209084
447.128255
412.098433
523.345750
543.882700
699.806730
300.215980
300.507273
301.131218
302.527562
304.570358
308.552183
313.736616
309.092277
311.637047
308.074090
307.825361
307.523150
306.122882
312.163140
316.187586
306.157547
311.771539
312.481930
312.799226
310.382196
313.916983
321.018136
344.985214
315.751545
337.430057
351.895428
353.717730
422.548964
410.155100
525.452409
646.531214
300.249369
300.781968
301.731727
302.030220
304.993299
307.713103
307.920704
308.057260
308.587855
309.301544
309.539289
308.902066
308.973310
308.692748
309.644337
306.189858
307.360460
310.236817
308.795948
310.598193
308.688906
313.150398
319.412732
321.697003
342.237636
343.693494
368.107453
384.535958
423.541425
462.017002
543.203711
300.192701
300.439027
300.891942
301.599775
303.391698
303.875922
305.711286
309.584286
307.601702
307.151852
308.404078
308.633901
307.783323
310.151364
306.380849
310.340838
312.338276
309.528634
316.691245
306.960454
316.313009
313.673049
318.353632
314.979096
313.108109
323.224516
334.692097
374.672221
405.894930
440.781877
461.161842
300.168397
300.451320
301.766339
302.546117
302.026064
307.081554
305.824334
304.996931
309.585584
311.522739
309.647125
310.508002
307.061069
307.229375
306.921361
306.254063
310.627413
308.209927
309.179803
307.273128
309.961488
306.774404
310.863662
315.236059
324.925566
326.122606
330.406316
341.294813
367.298169
408.456922
391.521979
300.156000
300.370225
300.739392
301.266647
302.348039
303.584024
303.692095
305.754340
306.681635
306.939914
309.072250
312.170385
308.466446
308.320169
307.662429
308.297528
307.818915
314.754441
306.981468
309.448395
311.470734
309.578125
313.707517
319.492950
317.429865
312.788497
322.182832
328.353973
348.715649
371.143627
367.464910
300.151909
300.361464
301.515090
301.519822
303.464818
304.438296
306.270919
306.084475
310.199901
305.686519
310.624881
307.312291
310.001266
307.468160
309.716471
307.969390
315.529965
309.969961
311.582305
310.750332
310.223728
307.550052
311.246205
314.513401
311.002760
321.124448
318.347423
332.492595
333.561469
340.816429
355.885610
300.139533
300.333254
300.940432
301.954218
301.877680
303.720338
306.383387
303.570553
306.763201
306.817216
308.404788
306.777415
307.525699
307.940888
307.223945
310.859274
311.936998
307.295809
312.223989
308.104488
308.635654
311.267995
305.655689
307.433107
314.045884
317.163686
317.046953
322.705968
319.134232
342.742262
341.733735
300.103599
300.269213
300.594806
301.858429
302.694713
304.984176
305.218663
306.493379
306.801854
304.652200
306.691602
307.273249
305.802994
306.394738
307.450652
308.972338
308.838632
308.577279
307.525887
310.219657
305.177733
308.603003
305.280588
308.027562
307.589013
308.493444
316.272165
310.744714
327.709355
329.488063
328.419673
300.088315
300.245954
300.871274
301.390318
301.695041
303.308264
303.949395
305.849032
304.742659
309.798316
308.128298
309.739194
309.930718
308.301328
308.232005
309.438371
307.970999
312.041946
305.952145
305.516442
306.160561
311.958830
304.856285
306.421482
306.586996
311.424349
309.696156
311.841167
320.755036
319.035366
323.420179
300.087370
300.228851
301.331320
301.206574
304.370419
303.921500
306.297472
306.015680
306.782543
308.112566
305.157946
307.651689
307.267587
307.077240
308.828612
311.296367
311.694002
312.676231
308.422971
312.395319
304.820219
305.556181
308.676942
305.108948
309.674032
303.636796
307.668820
314.294959
310.430809
319.749939
320.152345
300.129684
300.255527
301.457481
300.917959
302.199193
301.992290
305.408541
305.205777
307.973958
307.617728
307.037197
312.188631
309.585825
309.918354
307.843517
311.809241
313.936191
307.646653
310.868205
307.606745
309.130311
308.206754
304.462840
303.361984
306.981502
305.968844
307.342138
314.659271
309.346010
316.363625
312.156334
300.192083
300.358616
300.596224
301.024757
302.035033
302.328573
304.330062
302.829877
305.975785
305.892130
309.335746
309.100840
311.568534
310.725736
315.487519
310.338130
310.756831
313.268584
309.029122
311.795769
306.705757
312.186714
309.888032
307.533566
303.028033
304.326472
308.903542
305.696594
309.296037
311.904149
308.897630
301.429412
300.594137
302.133646
301.052411
301.590902
301.642509
304.514790
304.614931
304.668643
303.731616
311.025686
307.448621
307.340091
309.240162
308.140375
310.860372
310.639630
310.059141
307.689765
308.646250
310.332291
309.400368
307.952885
303.348418
304.544153
307.504850
302.429106
304.241791
310.052169
310.898666
308.822263
300.365407
302.827445
302.783515
302.058108
304.742976
302.042251
305.646451
302.543037
306.972051
306.508976
307.961124
304.410718
306.215371
307.766077
307.839547
308.165554
308.274316
307.878299
309.419961
316.326004
313.030483
312.239278
307.149171
310.716884
307.656688
302.123687
301.906928
304.993906
306.943945
306.914560
307.122734
300.285722
300.746841
307.627746
301.873987
304.769347
301.889478
307.420686
302.700057
305.593882
304.838678
303.720328
309.291260
309.265026
306.038125
312.788397
309.481572
316.013744
308.023536
308.732087
309.548479
308.298769
305.194322
310.868090
305.932526
302.912531
303.017244
306.739995
302.873531
303.336748
309.905308
307.865972
300.178043
300.466248
300.860825
301.436694
303.938988
302.069758
306.293971
302.271042
304.484449
306.102449
307.376520
304.488285
305.003285
307.428729
307.095632
306.183771
311.907127
306.626852
312.350493
310.581449
310.447600
306.698109
305.628263
304.331647
308.682926
308.223836
303.585677
308.557244
306.881014
304.986703
303.848684
300.128980
300.348788
301.544570
303.291200
305.873025
302.061126
304.648113
303.038600
305.024012
302.810259
303.313986
305.904982
311.205201
305.463722
308.155155
307.429910
310.991496
307.831151
308.512407
306.190838
307.149019
306.839150
306.965052
305.372485
303.605241
304.263316
307.850488
304.521402
303.177381
303.121112
304.341475
300.100029
300.266264
300.810920
301.450166
302.927623
304.405259
304.408430
304.845400
302.316872
304.422785
308.030743
303.099650
304.230747
304.524170
305.095772
304.919599
307.051027
306.577856
309.327890
304.932220
304.590525
305.559887
304.962714
306.456500
303.541301
303.830652
304.544468
303.296481
302.668787
307.420393
306.043561
300.069769
300.178286
300.397892
300.645567
302.399111
302.617928
304.283482
305.434707
303.589830
304.815096
302.521078
305.537993
310.646529
303.011937
305.992920
306.377267
309.546619
306.294913
304.401470
311.351443
304.157959
305.447734
303.511848
307.267618
310.339445
305.620517
302.878612
303.761719
310.121805
302.225969
301.688044
300.046701
300.123824
301.319772
300.538969
300.816894
302.684553
303.485463
302.717391
303.738777
304.678491
303.907369
303.215267
303.984528
305.632627
309.292961
306.334283
306.317586
311.620669
304.239506
310.721847
303.726923
309.714253
304.156682
303.401530
306.039398
303.581075
305.035620
305.483369
305.046080
304.438959
304.317036
300.035725
300.096966
300.252189
300.619102
301.121532
301.168486
301.437926
302.553322
304.647479
306.506077
305.522863
306.988548
308.921032
304.391206
306.929777
303.590630
305.299187
308.291063
304.550435
303.802194
304.186122
303.607225
303.086560
303.716154
307.452126
302.692905
304.416155
308.189625
302.712954
307.579813
305.937407
300.031457
300.078210
300.169680
301.945967
300.486510
300.713548
303.877989
301.815867
303.022575
306.253951
307.093640
306.088208
304.435779
307.581681
305.233825
307.613958
307.443928
308.135881
307.101760
303.417678
305.937037
304.157870
308.094739
302.833056
303.213409
304.824621
304.271619
305.748498
304.759021
303.021034
303.368191
300.035189
300.689674
300.133816
300.229608
300.396634
301.640270
301.257464
301.403852
304.506335
306.173408
303.196235
304.713513
305.977989
305.798212
309.562757
302.887129
305.037758
305.246042
306.480398
304.698605
312.135690
303.644435
303.579141
308.617171
303.860154
302.801903
303.824617
303.246992
310.080385
305.693150
303.933563
300.037586
300.088814
300.223289
301.866379
301.918303
300.691927
302.880171
305.191748
301.778827
302.225435
303.224082
306.783717
303.846471
302.264505
308.173364
304.224673
311.695637
303.199039
306.699136
304.200199
306.328617
304.727159
303.893948
303.866366
304.342277
306.501866
309.676807
303.502000
310.510276
308.572897
303.383246
300.044462
300.107978
301.182605
300.287916
300.701087
300.739625
302.158936
301.503045
301.453557
303.420343
302.097051
306.209681
306.469456
304.380113
303.540224
304.385357
306.089064
302.833767
307.849794
304.610970
303.774319
303.672723
304.544730
303.859064
310.945107
308.238196
304.396935
304.930116
302.917395
304.267188
304.205198
300.056351
300.135248
300.422344
300.391555
301.770322
300.922268
301.353622
304.139806
306.702125
303.150572
301.995992
306.497920
302.348697
303.708763
304.672615
304.848410
303.067617
307.459400
303.746638
306.623529
304.540936
305.956299
307.328031
304.659863
304.320837
304.862546
304.657514
302.606276
302.024400
302.846146
303.452815
300.185463
300.179006
300.355064
301.852739
300.923374
301.967574
302.196447
302.005938
302.556542
305.805638
304.074253
305.018077
302.082409
303.937748
302.725072
305.544868
304.084560
305.178927
307.625771
303.292915
304.265905
305.435321
306.423766
303.442303
302.560142
304.385722
303.434665
302.123053
304.261463
304.012278
300.772882
300.376860
300.247205
301.610743
301.039469
300.810610
301.665425
301.604925
306.890830
302.802657
302.480369
302.834681
304.544921
304.095982
303.881455
304.222518
309.328195
306.369207
308.008043
304.656812
308.289595
303.577390
303.600521
306.133884
306.219967
303.632079
302.324213
304.742109
301.928455
303.615584
301.710471
300.890406
300.108822
300.274782
300.573943
301.824374
304.076200
302.354440
301.641156
302.717240
304.267040
306.518670
307.582669
305.046038
303.798621
308.679578
304.668953
308.160177
304.957892
309.758189
303.636943
303.495618
307.863907
303.014541
302.406872
307.163575
303.061276
301.540476
302.014928
303.874949
302.825227
301.834010
301.377344
300.111450
300.584919
301.121998
301.890676
301.032747
302.278358
306.364760
303.517918
305.465645
305.822635
304.201796
302.659081
302.436392
303.961107
304.666250
307.272636
305.341494
303.966596
304.431390
303.689611
304.573176
302.744039
303.489851
303.638998
302.726008
301.768162
301.738975
302.458611
301.140323
301.962612
301.956107
300.097573
300.445714
301.608135
301.712070
303.068394
301.944062
303.136373
301.836088
302.813809
302.193789
303.367001
302.740204
302.937428
302.118170
303.357343
302.086299
302.215197
308.255250
303.358976
301.914767
302.255293
309.848485
303.417549
305.647386
302.356628
302.169490
302.594711
302.426382
304.461107
300.796958
300.324257
300.076483
300.213375
300.765262
302.958638
302.354418
302.899798
309.012843
303.275214
301.983586
302.139971
303.917398
301.993710
305.694015
303.227086
302.544456
301.483229
305.065387
301.430049
301.538916
304.685622
304.347165
302.433449
302.930108
303.901116
305.745151
302.824228
301.332066
301.636540
302.336002
300.793415
300.409648
300.053321
300.172920
300.589351
301.130536
302.884016
303.506214
303.867346
302.232464
302.351999
304.055122
301.626428
302.293871
302.584724
303.731544
301.594882
302.056644
301.268650
301.321687
303.410584
301.267864
301.342560
301.691594
305.893947
306.544562
303.764456
303.784738
301.583335
302.981979
301.838825
301.595915
300.975667
300.043911
300.124536
300.318162
300.656407
303.127187
307.469864
304.462916
309.813030
302.499382
302.145022
302.842091
304.417418
301.943285
311.836650
301.929264
302.378985
304.204940
305.339515
301.088323
301.114819
304.963694
301.852242
301.640385
301.991958
309.205304
303.396860
301.257202
300.887601
300.772438
301.139719
300.264236
300.036031
300.101650
301.442705
300.523761
300.973408
303.041734
303.156797
310.282360
302.969133
303.057092
303.176249
304.835299
306.186469
304.795711
302.432656
303.001536
302.417930
301.344359
303.929420
305.961546
301.251424
301.669201
305.469070
305.037722
302.550805
303.054953
301.679941
302.798811
301.052038
301.677275
300.486606
300.027580
300.080583
300.244238
300.304620
300.569406
302.437138
301.875691
302.879621
309.115874
303.351644
307.044218
304.507787
302.733191
305.302371
306.104359
309.241193
303.297287
309.277699
301.698087
301.089288
303.248118
303.092385
302.179737
302.370717
303.021454
306.830528
301.415543
300.971184
301.673342
301.675188
300.514111
300.021024
300.060434
300.135030
300.537863
300.632910
300.701135
303.199619
304.074583
303.153737
303.582181
307.311687
302.603393
302.163379
306.521390
303.531578
302.281780
308.225841
301.735790
301.577879
301.479483
302.474551
305.114056
301.296253
302.212268
303.240979
301.397950
303.302890
302.339183
303.603705
300.963842
300.266703
300.013512
300.039053
300.094609
300.173712
300.292427
300.867337
300.849246
301.272799
301.772940
304.202090
302.232633
307.038010
303.033802
306.280153
303.112826
302.685102
303.599442
307.124954
308.157251
301.799107
301.045365
301.827267
304.958975
302.403490
301.198498
302.191872
306.255392
301.640331
300.756047
302.332530
300.256555
300.008775
300.023228
300.053860
300.100968
300.207398
300.356568
300.560659
301.802658
301.055273
301.363258
302.158910
302.811258
302.488599
303.480889
305.143541
303.839906
302.698212
301.691316
301.834487
301.416639
304.353535
300.676971
300.928671
301.495134
301.436060
303.297271
305.196438
301.633751
303.322688
300.562678
301.076353
300.005286
300.013346
300.031165
300.147697
300.145952
300.232785
300.760892
300.630916
301.127128
301.915811
302.029858
301.627415
304.259757
303.122912
307.382942
307.213116
303.637276
303.231560
303.163744
304.946673
300.838656
300.603394
301.432418
302.217980
300.810808
301.233002
301.206455
301.232261
300.555997
300.441790
301.083635
300.003777
300.011338
300.034400
300.072534
300.186697
300.609709
300.460792
302.564560
301.312159
300.867282
301.004177
301.830446
305.479366
302.590617
302.572521
306.303844
303.643063
301.758409
304.001639
301.490994
300.879832
302.758219
300.497097
301.094495
302.364020
300.998302
301.297514
300.630199
300.821079
302.302721
300.260587
300.003142
300.010213
300.031466
300.106573
300.425713
300.406957
300.834651
300.939727
300.813491
301.671937
301.478256
301.704726
301.805373
306.778477
303.859308
305.710915
304.566301
305.494465
302.586312
301.201207
300.852369
300.584998
300.483312
302.058106
303.735166
300.984777
301.799154
300.569132
300.462723
301.600765
300.196911
300.002344
300.009813
300.068848
300.313915
300.230691
301.224373
304.708296
301.041472
302.149256
301.636832
301.509555
304.648332
302.477529
302.591449
305.769958
302.963315
302.300799
302.385744
304.055109
301.689564
301.187208
301.879650
300.536801
300.564385
301.974094
301.504366
302.599055
300.478391
302.814835
300.283079
300.660009
300.001808
300.008401
300.033938
300.099020
301.407479
300.529490
300.794518
304.433952
303.247831
302.384171
302.836904
302.088467
302.428676
304.252538
304.898904
304.078523
302.549810
302.753047
304.819162
301.798419
301.311174
301.027523
300.970327
301.554258
302.523315
300.756550
300.310295
301.010108
301.287258
300.230563
300.112057
300.001115
300.004518
300.033431
300.082430
300.172865
300.333162
302.152906
301.451929
301.689488
305.134929
304.634402
301.577938
303.919898
303.814933
302.548969
302.259594
302.990704
305.423951
303.712727
306.038222
304.667898
302.399692
303.171453
301.107648
300.918375
300.348706
300.236136
300.261564
300.235487
302.203901
300.716333
300.000676
300.003026
300.013122
300.038253
300.290470
300.399949
300.424399
300.642753
301.757267
303.145678
301.490004
302.302442
303.093690
302.870813
307.069541
309.528187
304.623697
303.245887
305.092129
303.708338
302.692358
302.937374
301.176425
301.645832
303.682233
300.362420
300.197460
300.279127
300.367525
300.213320
300.084716
300.000326
300.001263
300.006293
300.022226
300.053412
300.111489
300.422580
303.090800
301.547255
300.929395
304.227950
302.702873
302.069572
303.463377
303.320614
302.362131
307.850776
305.072027
303.317259
302.608879
302.845717
305.239827
304.507703
303.010219
300.908564
301.422339
300.559523
300.267285
301.848088
300.553118
300.070592
300.000245
300.000765
300.003066
300.008620
300.022288
300.369232
300.144087
300.273935
300.521906
302.386755
301.277250
301.544656
301.457419
302.449346
301.925070
304.055005
303.598935
304.944905
302.438602
303.399880
306.341731
304.958849
303.975301
301.626284
301.542705
302.780820
300.660120
300.286934
300.578716
300.153836
300.308986
300.000728
300.002064
300.004279
300.008434
300.017092
300.031117
300.054475
300.347545
300.456176
300.481780
300.732900
301.924196
302.372740
304.760292
305.925804
303.745046
302.534465
304.862305
302.314104
303.257728
304.225156
305.454824
303.084239
302.543640
301.334184
302.373625
300.568894
303.244351
300.252029
302.753549
300.068969
300.001939
300.005707
300.011250
300.017441
300.024063
300.026648
300.041344
300.092539
300.173795
300.806361
303.943629
302.233741
302.789955
303.219002
303.712792
303.086529
303.237681
303.081421
301.924946
302.673638
304.317883
303.459616
303.906731
302.850352
301.525155
300.904913
302.617258
300.342727
300.178917
300.684680
300.053484
300.002787
300.008775
300.351803
300.029730
300.396256
300.038709
300.039301
300.073126
300.338639
300.338346
300.585176
302.030229
301.769376
303.093883
303.572886
306.691911
302.283191
301.741849
302.347545
302.977188
303.312080
304.520413
302.833566
301.764157
301.609265
301.674714
301.636622
300.360876
300.541688
300.089864
300.042573
300.002085
300.007652
300.019058
300.029006
300.040590
300.047628
300.243131
300.080838
300.288644
300.882700
303.349012
300.756225
301.066093
304.296548
301.883698
302.739937
303.468699
303.635547
301.821856
303.099919
302.753004
302.718834
303.100346
303.916912
301.590379
302.351442
300.570989
301.118448
300.229992
300.137568
300.068091
300.000997
300.005120
300.014672
300.309637
300.055963
300.061441
300.066679
300.070792
300.238714
300.228009
300.371243
301.840045
305.306242
301.983336
301.714167
306.716996
305.268855
301.989671
301.881225
304.163643
302.129287
303.696111
303.489338
302.500920
302.899934
302.026038
300.949167
300.527141
301.510984
300.785565
300.130542
300.000536
300.003056
300.014107
300.036963
300.066539
300.292822
300.090208
300.204843
300.118046
300.152913
300.587200
300.540503
300.775473
302.801382
302.570964
303.558427
304.335700
304.471613
302.694397
301.741429
301.890941
303.051820
302.049751
302.219159
302.249041
302.513427
300.969528
302.406658
300.638711
302.223483
300.171579
300.000430
300.001906
300.010982
300.034131
300.900597
300.094131
300.104790
300.255743
300.160029
301.215295
300.397126
300.604951
300.703093
302.889638
301.606004
302.572297
307.526137
304.195288
303.882777
302.357217
302.462348
301.439349
301.617042
303.445795
302.972697
302.007971
302.865676
302.172158
301.908361
300.350717
300.147995
300.000360
300.001514
300.012084
300.032149
300.059044
300.092895
301.099395
300.171620
300.196461
300.230697
300.215873
301.886492
300.987332
303.545506
303.602719
302.509362
302.647113
302.568904
303.710396
303.781597
302.359286
301.619893
301.599450
301.561377
303.174360
305.172186
301.794794
301.074564
302.027311
300.310066
300.108163
300.000354
300.001832
300.009727
300.027066
300.422642
300.095865
300.132353
300.330944
301.521504
300.236662
300.347806
300.720105
301.362581
301.036022
301.556675
304.353019
303.843058
307.400766
304.127401
303.279088
302.644790
301.936373
301.482768
302.127940
301.485485
301.364528
304.371487
301.435046
300.489251
300.201870
300.066004
300.000303
300.001114
300.005806
300.052627
300.065431
300.098957
300.643318
300.264531
300.227754
300.264474
301.429375
300.180727
301.530053
300.769267
302.135676
305.701867
302.136104
307.942561
303.766284
303.559850
302.302316
302.021302
301.887086
301.096764
301.853457
301.811831
302.645991
300.584173
300.287692
300.123556
300.042543
300.000336
300.001268
300.005282
300.019661
300.045788
300.746678
300.153024
300.188139
301.271319
300.968023
300.206361
300.172113
300.465065
300.267396
300.975371
302.625805
302.420212
306.967308
304.249365
303.204957
304.514959
302.827923
304.605906
301.364057
301.298347
301.154195
300.887393
300.473864
300.383454
300.096767
300.037249
300.000613
300.001975
300.004150
300.010483
300.035597
300.075957
300.110496
301.023029
300.224243
300.242835
300.323135
301.038673
300.148916
300.185267
300.284469
300.586276
304.888198
302.138554
303.995191
303.046317
307.310250
302.445459
302.258374
301.624213
301.265002
300.892599
301.516888
301.335353
300.279854
300.131979
300.049588
300.000806
300.002631
300.118479
300.010845
300.017489
300.034305
300.076859
300.139086
300.178576
301.126541
300.250759
300.230973
300.197580
300.487335
300.182359
300.445153
300.729908
301.395897
307.750442
302.258953
307.719956
303.966490
303.022268
301.576113
301.196736
301.284969
300.747001
300.547836
300.965160
300.163532
300.061739
300.000558
300.002047
300.005187
300.009796
300.419275
300.034160
300.044544
300.072252
300.912956
300.202473
300.259039
300.628524
300.694713
300.186210
300.162610
300.463800
300.435380
301.951644
302.165383
302.002074
303.574094
304.260569
304.416468
303.086480
303.218472
301.269705
302.082867
300.733074
300.409289
300.164018
300.068315
300.000212
300.000894
300.003054
300.038228
300.035013
300.052231
300.540346
300.066188
300.082493
300.114559
300.530042
300.249021
300.345909
300.371223
300.187516
300.587724
300.283253
300.523138
301.249287
303.657360
302.951834
303.056996
306.288494
303.275332
301.382489
301.126459
300.793779
300.479069
300.323317
300.171351
300.076477
300.000062
300.000435
300.002486
300.012457
300.035446
300.793949
300.092056
300.093418
300.095219
300.099991
300.129675
300.176036
301.888084
300.275581
300.267382
300.202099
300.193419
300.744917
300.568929
300.712000
300.967498
303.167140
303.975175
301.667241
302.570108
302.665306
300.895931
300.493371
300.665847
300.206906
300.082541
300.000039
300.000222
300.001001
300.007382
300.026635
300.059647
300.084496
301.120724
300.105791
300.094411
300.103418
300.787598
300.235843
300.569591
300.715880
300.198025
300.151660
300.160059
300.218469
300.499952
302.096109
300.886909
300.890702
301.899081
301.905055
301.283174
301.493421
300.488275
300.324739
300.157370
300.069868
300.000018
300.000112
300.000539
300.003162
300.009908
300.021661
300.061027
300.088878
300.096695
301.331294
300.121628
300.137549
300.200605
301.119892
300.236396
300.340287
300.218743
300.115744
300.642505
300.193159
300.273381
300.516897
301.432578
300.904818
301.336787
302.973570
301.084000
300.569524
300.296949
300.134449
300.051836
300.000012
300.000058
300.000257
300.000769
300.002444
300.009467
300.020767
300.034927
300.239544
300.113393
300.139557
300.944112
300.163046
300.178514
300.164991
301.351383
300.126242
300.121657
300.230686
300.117193
300.814482
300.245253
300.376186
300.754514
301.596608
301.026524
301.968670
301.384583
300.422132
300.145004
300.047789
300.000009
300.000036
300.000130
300.000511
300.001539
300.003015
300.010893
300.026073
300.048638
300.085611
300.907187
300.172409
300.171570
300.272677
300.765864
300.129590
300.159997
300.388263
300.127892
300.098856
300.101229
300.153404
300.505395
300.601320
300.624821
300.717114
301.202999
300.913171
300.355989
300.161675
300.056455
300.000009
300.000033
300.000126
300.000382
300.001077
300.005914
300.010007
300.020643
300.303809
300.086465
300.120197
300.145253
302.172962
300.165366
300.554605
300.881978
300.887697
300.159289
300.319772
300.111410
300.093273
300.976340
300.199234
300.277550
300.526137
301.025786
300.468117
300.589505
300.654781
300.156566
300.056910
300.000008
300.000028
300.000096
300.000379
300.001277
300.003240
300.009307
300.078166
300.071300
300.093816
300.098678
300.273408
300.158487
300.175008
300.816558
300.171563
300.209180
300.173568
300.325771
300.100813
300.087608
300.109960
300.154773
300.831615
300.264288
300.689002
300.585155
300.278074
300.614975
300.122690
300.046802
300.000007
300.000025
300.000094
300.000306
300.001015
300.003726
300.013985
300.040965
300.083150
300.674659
300.099031
300.086376
300.105362
301.354491
300.237287
300.253414
301.355017
301.464842
300.133166
300.103013
300.265247
300.120475
300.124607
300.137438
300.162138
300.200343
300.167625
300.148059
300.121255
300.088458
300.028011
300.000005
300.000018
300.000069
300.000294
300.001110
300.003946
300.012132
300.035186
300.116581
300.108215
300.098190
300.140325
300.088321
300.141169
300.200484
302.104040
300.418668
300.340334
300.253218
300.101532
300.127091
300.499053
300.194920
300.073670
300.064861
300.060636
300.080361
300.203139
300.195720
300.042602
300.016342
300.000004
300.000016
300.000062
300.000236
300.000785
300.002669
300.008667
300.025887
300.050828
300.068080
300.358644
300.071423
300.072882
300.558619
300.180385
300.259591
300.256251
301.252177
300.146158
300.135685
300.134279
300.267837
300.086679
300.049077
300.025852
300.026028
300.041879
300.065461
300.070574
300.043384
300.015978
300.000004
300.000016
300.000052
300.000168
300.000586
300.001931
300.005564
300.010519
300.021797
300.044857
300.058598
300.065923
300.440567
300.117387
300.146861
300.189647
300.973300
300.213416
300.200162
300.756644
300.143372
300.101999
300.069622
300.301277
300.015754
300.014041
300.024517
300.060604
300.660958
300.050457
300.016892
300.000005
300.000019
300.000608
300.000198
300.000564
300.001303
300.002777
300.006636
300.012968
300.022040
300.039041
300.093961
300.100784
300.155401
300.299257
300.184280
300.203252
300.196812
301.111950
300.202137
300.182228
300.136933
300.077928
300.025508
300.015675
300.009019
300.018906
300.042080
300.055640
300.033694
300.011953
300.000007
300.000028
300.000103
300.000288
300.000869
300.002471
300.004011
300.007208
300.009037
300.034159
300.036269
300.058213
300.087611
300.907623
300.942794
300.195952
302.232817
300.199900
300.216738
300.211214
301.434709
300.131501
300.083367
300.044305
300.164144
300.012753
300.010817
300.014318
300.019776
300.012684
300.004863
300.000010
300.000038
300.000141
300.000608
300.002082
300.004947
300.011926
300.018492
300.016301
300.019335
300.031789
300.160599
300.068256
300.091290
300.105312
300.589937
300.227386
300.340283
301.735826
301.084425
300.217701
300.195276
300.316839
300.067312
300.048640
300.031742
300.015363
300.007601
300.004739
300.002356
300.001199
300.000014
300.000056
300.000249
300.000820
300.002905
300.017986
300.031843
300.039878
300.033858
300.021696
300.024699
300.031199
300.036847
300.039974
300.079386
300.505252
300.181611
302.651750
300.268992
300.311249
300.232152
300.897742
300.142351
300.109309
300.649752
300.054927
300.029394
300.019297
300.005436
300.001647
300.000651
300.000016
300.000059
300.000249
300.001113
300.004745
300.014842
300.037413
300.287467
300.039873
300.019988
300.013669
300.015294
300.016982
300.023056
300.036536
300.080931
300.595972
300.397634
300.303744
301.845614
300.254670
300.206965
300.164141
300.288176
300.101799
300.097755
300.788713
300.028481
300.013713
300.004814
300.001086
300.000014
300.000061
300.000278
300.001118
300.003249
300.011338
300.029615
300.040641
300.033881
300.017791
300.007868
300.009115
300.009757
300.016905
300.065378
300.088854
300.141412
300.206315
301.828194
300.613989
300.318053
301.911160
300.736098
300.145138
300.114247
301.347796
300.085651
300.079393
300.060720
300.012940
300.002693
300.000014
300.000059
300.000261
300.000846
300.021936
300.007392
300.014405
300.020336
300.019919
300.013211
300.009087
300.007168
300.010757
300.041109
300.051199
300.086978
300.808041
300.192038
300.244061
300.276669
302.461060
300.284366
300.466108
300.825695
300.183703
300.282564
300.113631
301.117521
300.058689
300.026386
300.007647
300.000011
300.000040
300.000175
300.000691
300.002034
300.004109
300.016762
300.021694
300.026391
300.025106
300.014623
300.009692
300.009698
300.015534
300.036859
300.212445
300.192556
300.168179
301.040059
300.605075
301.057188
300.298475
303.639997
300.208155
300.192173
300.131386
300.649621
300.102948
300.089218
300.046852
300.014304
300.000010
300.000038
300.000164
300.000483
300.001504
300.005360
300.015261
300.028370
300.199679
300.044113
300.034398
300.019122
300.011825
300.012937
300.028022
300.059669
300.103952
301.193050
300.163823
300.168800
302.252395
300.822012
300.357764
300.249149
301.629861
300.143467
300.105927
300.093980
301.210645
300.057943
300.020058
300.000009
300.000033
300.000118
300.000490
300.001944
300.005478
300.015523
300.111172
300.070474
300.081664
300.061990
300.028899
300.015243
300.012007
300.015885
300.039043
300.089280
300.230432
300.157722
301.291500
300.206869
300.487551
300.218082
300.927422
300.195988
300.170530
300.729213
300.070145
300.283430
300.039244
300.014470
300.000008
300.000033
300.000131
300.000532
300.001608
300.011683
300.016052
300.040145
300.068467
300.353519
300.074914
300.040685
300.026353
300.017740
300.018054
300.025827
300.050277
300.102425
301.194156
300.399025
300.293270
303.727734
300.230837
300.475699
300.171477
301.960722
300.096163
300.054829
300.029612
300.017079
300.006173
300.000009
300.000032
300.000122
300.000395
300.001509
300.005597
300.011155
300.033082
300.055456
300.073836
300.061564
300.114361
300.031951
300.031937
300.027728
300.022630
300.034629
300.063933
300.100263
300.127780
300.961516
300.772143
301.099038
302.771147
300.157870
300.124768
300.100942
300.170734
300.024598
300.012780
300.004608
300.000008
300.000029
300.000101
300.000437
300.001523
300.003372
300.032124
300.024503
300.034773
300.042104
300.041669
300.036131
300.039288
300.267461
300.041681
300.028615
300.023179
300.031280
300.040368
300.079826
300.152425
300.197584
303.883364
300.231739
301.169376
300.356402
300.581884
300.070181
300.052678
300.027859
300.009920
300.000009
300.000032
300.000123
300.000325
300.001113
300.004291
300.011011
300.018373
300.244376
300.038115
300.040542
300.043218
300.048491
300.060045
300.061059
300.043861
300.023119
300.015461
300.019767
300.028451
300.066655
300.315581
300.344004
300.249334
303.370869
300.166424
300.158108
300.220776
300.818299
300.040675
300.014322
300.000010
300.000034
300.000119
300.000406
300.001407
300.003096
300.008652
300.048112
300.030448
300.042221
300.337606
300.060846
300.063371
300.068363
300.181657
300.047093
300.024609
300.015005
300.011497
300.059190
300.039442
300.068635
300.110181
301.492845
300.193165
300.181865
301.870201
300.108421
300.071858
300.032760
300.010810
300.000011
300.000040
300.000152
300.000506
300.001181
300.004478
300.007647
300.014403
300.024970
300.111098
300.079764
300.093262
300.186833
300.075831
300.064236
300.049425
300.046292
300.016872
300.012905
300.013797
300.022559
300.061902
300.069716
300.090449
300.106653
301.442921
300.115662
300.093301
300.045560
300.016562
300.004656
300.000011
300.000044
300.000165
300.000477
300.003923
300.003621
300.006683
300.014023
300.028173
300.050684
300.077901
300.529527
300.106346
300.093016
300.086771
300.047996
300.036449
300.031804
300.021632
300.014323
300.016863
300.026233
300.040949
300.328433
300.265030
300.065159
300.068864
301.187698
300.033336
300.010346
300.002339
300.000010
300.000034
300.000128
300.000487
300.001487
300.003236
300.054281
300.022068
300.031450
300.052905
300.075011
300.098482
300.105316
300.484760
300.088157
300.076288
300.059326
300.131021
300.028288
300.015612
300.012466
300.018477
300.044975
300.044284
300.046033
300.040730
300.311321
300.036508
300.023357
300.007573
300.001072
300.000009
300.000032
300.000122
300.000342
300.001130
300.004218
300.011540
300.021562
300.184923
300.055759
300.062684
300.077635
300.132168
300.122682
300.128119
300.220453
300.074904
300.057980
300.036941
300.018328
300.011182
300.013592
300.021696
300.033851
300.189444
300.037187
300.027621
300.016869
300.244565
300.003815
300.000836
300.000009
300.000031
300.000112
300.000401
300.001534
300.003323
300.009686
300.026962
300.047905
300.060695
300.122215
300.090107
300.107008
300.128199
300.576054
300.136590
300.108289
300.241312
300.044821
300.027228
300.013646
300.009902
300.013643
300.029511
300.048289
300.051783
300.030623
300.011904
300.005244
300.002021
300.000582
300.000010
300.000040
300.000154
300.000542
300.001654
300.004927
300.013182
300.024016
300.047234
300.155409
300.090367
300.107175
300.228510
300.127977
300.126818
300.120787
300.507798
300.094161
300.073129
300.050665
300.022390
300.010682
300.009315
300.016084
300.038217
300.388632
300.036476
300.014461
300.041425
300.001334
300.000352
300.000012
300.000045
300.000184
300.000659
300.002613
300.008015
300.014640
300.032884
300.054241
300.075992
300.088677
300.191940
300.123703
300.122143
300.107866
300.096567
300.097025
300.096090
300.193629
300.057819
300.039224
300.018167
300.008729
300.011185
300.020724
300.032386
300.025263
300.009579
300.002273
300.000749
300.000192
300.000011
300.000044
300.000188
300.000869
300.003130
300.007800
300.042764
300.038979
300.053547
300.135254
300.082860
300.090461
300.100962
300.391819
300.104212
300.094141
300.088453
300.118778
300.089535
300.081288
300.129992
300.026362
300.014534
300.007702
300.008989
300.011107
300.007485
300.003418
300.001060
300.000363
300.000087
300.000010
300.000042
300.000184
300.000559
300.002088
300.006784
300.014349
300.022587
300.051840
300.069204
300.072179
300.072139
300.087540
300.103101
300.109490
300.165874
300.100791
300.097656
300.093162
300.155941
300.065500
300.051619
300.026213
300.010587
300.003502
300.002077
300.001754
300.000918
300.000339
300.000103
300.000027
300.000007
300.000027
300.000104
300.000404
300.001524
300.003272
300.007360
300.018173
300.033694
300.048357
300.123723
300.068358
300.070542
300.085181
300.270990
300.289028
300.124499
300.166846
300.102590
300.090425
300.076485
300.276634
300.034100
300.012925
300.004987
300.001882
300.000645
300.000283
300.000156
300.000046
300.000014
300.000005
300.000019
300.000076
300.000243
300.000697
300.002151
300.005560
300.010103
300.021740
300.150400
300.054479
300.074909
300.111358
300.086471
300.099587
300.114495
300.290944
300.138941
300.130049
300.123530
300.074570
300.055433
300.038223
300.016662
300.005241
300.002270
300.001142
300.000366
300.000099
300.000035
300.000011
300.000003
300.000012
300.000044
300.000167
300.000646
300.001810
300.004047
300.013986
300.017055
300.028257
300.040225
300.230866
300.077848
300.093790
300.142414
300.114851
300.142530
300.136960
300.335740
300.121787
300.086487
300.070709
300.041120
300.024594
300.014261
300.006422
300.001451
300.000527
300.000196
300.000054
300.000016
300.000002
300.000008
300.000034
300.000145
300.000495
300.001443
300.006964
300.007608
300.012722
300.088576
300.031075
300.047913
300.067338
300.453947
300.229605
300.115455
300.144103
300.118157
300.114357
300.104728
300.318325
300.079991
300.085734
300.076769
300.023121
300.007393
300.003789
300.001024
300.000289
300.000081
300.000025
300.000001
300.000006
300.000024
300.000084
300.000322
300.001066
300.002413
300.004056
300.008516
300.016798
300.023215
300.044999
300.066618
300.089319
300.101459
300.183069
300.113134
300.103755
300.091189
300.091419
300.089756
300.101510
300.478237
300.080601
300.051416
300.017860
300.005957
300.001506
300.000455
300.000144
300.000044
300.000001
300.000003
300.000014
300.000062
300.000260
300.000644
300.001723
300.003796
300.006664
300.010942
300.027979
300.050873
300.065147
300.100426
300.095318
300.112605
300.121165
300.130510
300.089254
300.086715
300.103827
300.122795
300.136982
300.132191
300.070657
300.026000
300.007911
300.002733
300.000785
300.000226
300.000077
300.000001
300.000002
300.000013
300.000043
300.000157
300.000993
300.003250
300.005157
300.008869
300.017142
300.032882
300.185359
300.191637
300.083470
300.091466
300.108446
300.559207
300.107633
300.096216
300.314894
300.111829
300.132157
300.147646
300.683637
300.088157
300.039723
300.013980
300.003885
300.001090
300.000415
300.000157
300.000000
300.000002
300.000007
300.000042
300.000281
300.001073
300.003604
300.058947
300.015923
300.022981
300.035949
300.053768
300.069053
300.079795
300.143038
300.097732
300.099871
300.093421
300.144466
300.111999
300.127933
300.221543
300.148820
300.131977
300.095159
300.080769
300.013735
300.005975
300.002311
300.000806
300.000315
300.000000
300.000001
300.000007
300.000036
300.000142
300.000902
300.003302
300.009006
300.018248
300.171347
300.044618
300.053949
300.060563
300.233162
300.110374
300.079124
300.098660
300.077311
300.085169
300.098829
300.236502
300.145607
300.141004
300.141847
300.070021
300.036538
300.021309
300.008901
300.003821
300.002039
300.000805
300.000000
300.000001
300.000005
300.000025
300.000117
300.000588
300.001858
300.005299
300.016095
300.031944
300.043193
300.131670
300.060289
300.057595
300.053791
300.056254
300.061621
300.067638
300.101401
300.466483
300.110932
300.142626
300.204756
300.099447
300.075512
300.048496
300.021877
300.013058
300.009093
300.004675
300.001742
300.000000
300.000001
300.000005
300.000026
300.000124
300.000357
300.001371
300.005958
300.011358
300.022785
300.041897
300.056524
300.059187
300.064623
300.042356
300.039430
300.044168
300.314910
300.076253
300.084742
300.095603
300.171086
300.102447
300.094207
300.217379
300.043200
300.031333
300.019499
300.095866
300.006738
300.002478
300.000000
300.000001
300.000006
300.000021
300.000099
300.000550
300.002028
300.004606
300.015159
300.029036
300.037397
300.046959
300.115679
300.048899
300.042757
300.037548
300.036935
300.043221
300.065528
300.243235
300.089429
300.091034
300.087378
300.112919
300.058777
300.044723
300.046118
300.019064
300.012541
300.005985
300.002230
300.000000
300.000001
300.000005
300.000026
300.000145
300.000407
300.001877
300.012292
300.017248
300.073839
300.073914
300.038476
300.039482
300.040267
300.105278
300.030677
300.027195
300.030070
300.045843
300.081758
300.084484
300.145548
300.081926
300.068612
300.052924
300.048028
300.023190
300.015353
300.007432
300.003551
300.001376
300.000000
300.000001
300.000005
300.000019
300.000079
300.000424
300.001456
300.004614
300.011614
300.020435
300.025559
300.026063
300.026104
300.025283
300.024630
300.023672
300.031193
300.025092
300.036204
300.048182
300.214554
300.074128
300.070936
300.097615
300.044014
300.026212
300.016202
300.008324
300.004390
300.001803
300.000779
300.000000
300.000001
300.000003
300.000015
300.000069
300.000272
300.000874
300.003226
300.005564
300.009480
300.012763
300.045387
300.026623
300.013676
300.011968
300.013136
300.015371
300.019426
300.050578
300.035433
300.040967
300.042275
300.064080
300.045754
300.037731
300.023158
300.010258
300.004804
300.002451
300.001075
300.000455
300.000000
300.000000
300.000002
300.000009
300.000036
300.000121
300.000435
300.000998
300.001673
300.002894
300.005739
300.007667
300.007657
300.006135
300.005198
300.005655
300.007379
300.013143
300.016667
300.018030
300.016637
300.021108
300.022356
300.026921
300.154123
300.015997
300.009024
300.004127
300.001473
300.000599
300.000252
300.000000
300.000000
300.000001
300.000004
300.000016
300.000069
300.000143
300.000292
300.000582
300.001166
300.001780
300.002449
300.002718
300.002184
300.002031
300.002308
300.004048
300.005227
300.006724
300.006790
300.006820
300.006862
300.008978
300.015856
300.015418
300.011649
300.017431
300.002607
300.001301
300.000425
300.000159
300.000000
300.000000
300.000000
300.000002
300.000006
300.000017
300.000042
300.000109
300.000163
300.000322
300.000710
300.000648
300.000741
300.000645
300.001124
300.000886
300.001332
300.001713
300.002674
300.002049
300.002535
300.002572
300.004233
300.004335
300.005673
300.004477
300.003257
300.001843
300.000689
300.000244
300.000093
300.000000
300.000000
300.000000
300.000001
300.000002
300.000007
300.000012
300.000028
300.000062
300.000130
300.000178
300.000190
300.000208
300.000215
300.000288
300.000313
300.000491
300.000551
300.000749
300.000697
300.000853
300.000875
300.001128
300.001226
300.001745
300.001305
300.001138
300.000681
300.000351
300.000129
300.000053
300.000000
300.000000
300.000000
300.000000
300.000001
300.000001
300.000004
300.000010
300.000022
300.000039
300.000055
300.000061
300.000056
300.000069
300.000081
300.000108
300.000121
300.000172
300.000201
300.000228
300.000233
300.000284
300.000355
300.000406
300.000411
300.000405
300.000359
300.000222
300.000124
300.000059
300.000025
300.000000
300.000000
300.000000
300.000000
300.000000
300.000001
300.000001
300.000003
300.000007
300.000012
300.000016
300.000016
300.000016
300.000019
300.000022
300.000029
300.000036
300.000049
300.000054
300.000064
300.000071
300.000089
300.000098
300.000118
300.000125
300.000125
300.000100
300.000075
300.000044
300.000023
300.000010
300.000000
300.000000
300.000000
300.000000
300.000000
300.000000
300.000000
300.000001
300.000002
300.000004
300.000004
300.000005
300.000005
300.000005
300.000006
300.000008
300.000010
300.000013
300.000015
300.000019
300.000021
300.000026
300.000030
300.000036
300.000036
300.000038
300.000033
300.000023
300.000015
300.000008
300.000004

SCALARS Svm float 1
LOOKUP_TABLE default
274978886.286474
365829665.814635
406035455.908243
337841571.802098
217626235.157588
173737711.247286
216161983.969859
191979744.077189
124484652.204388
48225439.739164
88744560.467775
31082240.124531
143211284.302822
75730964.435039
114789297.481751
309182804.058703
574658929.458817
840484745.378076
950228301.178105
850562607.802884
640454175.537254
148481381.007993
449959967.884527
421926454.862467
482190023.498227
174644494.309223
1016883254.988133
609718866.699881
886041351.536984
885424748.068704
407073000.016392
262450182.040026
218680006.877060
125074130.495763
107257071.671758
393261492.173728
313838238.995981
336396861.000674
245428185.227755
165560833.523761
154007178.369938
189183603.467103
123917159.679607
212505062.533918
343810149.516848
423366172.806216
428270663.861838
634515316.887422
261396502.210916
909727634.440383
809743753.247648
1114490057.294292
475318264.018034
1031054085.279874
1125643635.108016
1109725284.964072
665062947.101836
1024660801.478954
1173227770.447281
1226376316.424751
1080776790.506351
809676056.301424
110517544.451118
201806370.433405
558161377.349404
254863141.480930
436879502.926873
438060778.647353
304819196.012027
95383682.509160
395242544.164139
200312660.209887
160283656.095695
34994479.309836
186865366.054971
319615888.479304
566604765.061736
484040374.646734
550825858.344588
242453826.743578
923492963.879501
607962514.015959
1116273735.579479
422183603.173180
594424478.753733
810733614.944585
882604946.477784
1132305578.255650
1165216359.419790
1054416400.523135
1062599744.290086
1292792335.602777
1207736362.732224
281938479.789748
41362699.843305
543549581.420974
456297289.716139
559795562.179729
308749743.856178
470358013.912126
114819231.151202
142337082.965192
301352195.087948
189389633.136808
107730360.980417
405014479.604578
292749714.409164
532077187.088247
355417159.722654
489037033.029819
329412217.328809
976167538.579645
778745104.546746
888320340.336575
233089279.458008
533908099.591363
835152155.985992
1089330566.125178
588622172.000018
1106240466.414201
1096202162.509085
777106816.132041
1029002287.883918
505682535.188437
122566652.821337
522407388.964505
139154411.575285
311041334.613371
227521028.441184
117853378.951765
686941399.661930
243175834.015952
114013805.715841
377014624.893282
585695719.475096
610589592.601084
326342629.189751
305833821.970971
149864247.657230
214691748.135184
859882455.405529
932987166.762214
747355108.567800
987234545.456725
1042682810.802381
308144242.201357
368599500.965275
718037817.702601
1051071760.441155
1127977973.449162
781098197.904820
1217645082.270560
621877484.325113
543506944.007507
1033014211.198048
234886229.384313
517389058.402414
452324485.249021
735263344.705536
310299581.083476
495386662.222349
257920783.512271
507035792.543510
582707349.419034
652172695.843098
767919336.832015
90675736.753042
459841498.320598
233197231.084650
703937624.112431
768886291.275029
893989889.185223
842819702.215223
995178173.690675
971285643.349856
1020122767.946525
525877043.886215
476175632.912655
772953936.945015
963986476.642878
1121097282.783894
428712604.443068
979051696.914368
1004132303.835679
972608232.089972
529540240.172957
262675274.196174
339135131.850187
370036666.494904
698361444.133250
781519320.664145
751482079.172601
528835081.384791
335943424.465461
388484952.195151
668208796.779401
266495383.903754
466676755.246303
711304032.976776
647925188.191041
603032568.608361
645817731.372702
388052365.934598
938091370.172652
976073403.971464
950883692.746064
667370461.360829
504202531.971552
398106310.665271
801244515.144880
453044471.520846
775943801.345803
824864065.945030
1134510698.207989
567874787.148639
953069180.879424
540478987.684557
471317256.828618
301820696.121488
562906409.438044
545846376.863067
502897393.315344
388081204.369893
990663200.968708
948845902.276459
984445794.364090
841584198.553386
908204323.589815
461024232.125757
555126981.387026
574618831.230876
280326168.414158
866282651.627077
589115831.938327
862612139.679609
872649934.750778
322825030.491891
989572284.538734
196273701.601425
289203112.007185
301555970.765299
987316801.614742
618213255.314914
797607697.368622
1009290638.484754
1111393018.824220
888514499.167376
884758000.125703
486377678.280127
335707592.134530
537605757.288885
583951350.053975
510434831.465084
378856164.014807
374284670.647215
828149141.469259
260611436.254682
543565961.052223
961144428.864995
729044301.273961
830411548.070336
487367159.283738
878383478.209127
1008942017.516594
743816040.756746
853421947.217062
876461369.428695
439662026.616673
398529003.201508
418609071.045299
447734517.045124
605544887.143820
624489133.008417
496691794.919682
341236825.418459
596829491.722439
1034125761.286841
928033498.580370
572635466.931493
90303751.518122
307644495.695296
313811845.161823
544804767.779378
521014280.049461
197984500.848544
364858415.538341
451352303.468561
685162341.810092
941070014.300718
620450414.880502
785949329.595026
460148913.607560
576779409.394642
676070471.838012
892279299.174536
699176191.974218
350285199.109444
712718611.559855
934473272.980247
684991527.714538
312055802.965018
482698727.536075
319223010.133055
466887883.237372
954444301.868154
1116228518.320839
886247878.089050
626738886.516486
998643320.454089
855122270.501332
313226699.088829
226258896.962352
410251445.845373
333785460.722735
464461481.679732
273485535.175177
597464116.326556
373788716.574483
420008648.977545
762593735.759491
716837267.427292
418500087.875742
894247968.824325
454917270.625456
653157512.768261
339925472.753063
698990658.599686
861266245.366656
630690648.265427
1045902031.152069
696545221.697614
470051345.611093
315903931.528045
415710810.847586
363004869.528132
620196056.385874
851646354.739249
1204287909.518925
1016649365.265940
397832365.357445
530188121.067594
226518792.163118
405985030.593456
314676248.922995
431717955.522840
638477336.035866
159132138.713739
559701737.685615
421472145.696970
722558754.034062
262431703.387707
497474794.594835
156619023.987117
815558211.176220
922573277.951291
712049763.210582
291827030.060946
250648201.071668
664623991.007911
1052164199.110261
1167188549.309780
688259120.862651
408806128.402120
378440781.656785
466136183.809866
516542323.638194
302858840.777112
186651931.462930
932511750.233788
591602586.731030
1125864030.541264
1068504180.052430
223020141.913148
738705220.200037
226812574.741024
198446992.449431
618904457.029307
598886661.247593
458448166.905417
242593096.812196
310931383.544942
405969900.923085
616482879.954195
424059987.061095
853376682.033439
433335797.536908
399064016.967143
472318411.738270
912411609.725887
346688134.982545
934521652.717125
926790289.381381
983412157.344868
374383281.891292
521388873.336078
486743682.146646
538311279.981217
446186575.065210
819387117.450338
997009283.686158
1107113829.266450
848330202.365721
1052951152.651323
205191933.101553
558561755.074963
273218687.846596
772282758.863506
582539431.164434
508339082.763178
471233585.536660
775912901.946611
686205960.321010
342921257.406445
373423818.815011
396184594.543013
547272882.284708
246818313.678324
931409023.548178
988568764.605259
735523967.965553
541224611.985123
914759442.170255
518445773.288873
493885732.271239
467616992.149332
536230641.858084
597180835.150983
107554500.205799
218851554.580183
586629111.748746
679960642.227098
240874723.235279
1096380176.683567
1085003680.263193
336843719.712001
145362670.657950
653464222.978670
675768067.066599
739699507.821607
425489026.145467
688155210.610249
362549486.923133
396510896.077142
985578701.533361
655325320.410558
462174127.431024
715547387.884213
864922613.088487
338218354.332634
377021317.195834
629561058.875592
543463494.087973
1186879273.063052
460369849.997404
1117390174.183783
738765432.425955
553116438.408124
723040823.074086
751348755.831843
266039974.323620
473096659.442319
623250216.801219
940597873.927897
490330049.108072
1120758034.764492
159484045.635704
143548381.106436
332912050.773949
468084901.929999
757917417.532971
235137312.169944
974237963.832326
440777515.210674
284811292.155970
618421181.875381
296070740.030732
916552458.451908
539545492.006047
624814440.756191
549033253.171305
878080139.758057
1105932726.284637
1045383486.797264
1024140830.398941
1147857877.452685
923371371.953112
336140732.155638
739882173.609764
905896107.143076
933788554.641453
180802315.089311
347610947.507424
320450686.703487
485988489.709552
841151404.706579
1065720058.797019
165766617.527585
299044860.870113
331833422.674780
294093095.564264
336528985.467043
707714579.560081
671371157.304798
630717700.901900
953110760.972986
952290431.747751
553712670.211997
235909776.002229
822391643.305465
947651139.018241
372862531.756617
1063171855.425502
733294472.694950
1015364759.243742
1086673588.220873
806004860.581929
687339156.566250
216013163.562995
347384463.573528
708869577.224372
930172129.351946
841579373.827349
501834245.641353
510116805.570694
595128493.110793
797168492.220254
1033531557.528902
332096175.436215
112395615.322338
254744959.778130
398786608.223250
330537970.684031
694211171.319913
315877311.040886
747622265.038987
263454608.590690
623655521.699247
212664510.705994
591208039.933744
179237888.217871
900824627.157818
969950316.391507
779427148.124381
927766563.963728
754432282.526234
1048397616.396783
1108483294.570177
693185234.221486
106207022.301675
342428454.549920
879311581.741498
375224951.512170
785964092.815970
928310451.831687
819764948.513418
362050284.204038
293374032.823208
947109488.747863
352004984.084563
246103231.050244
271364011.778859
307088378.286713
476157640.952913
813417967.465788
213371507.196683
231939886.712707
287367806.832371
948487429.035483
878854139.942120
950663189.825366
729718025.747865
538904659.945729
523849646.863619
623468594.941331
758033785.377797
942328789.684443
1087757917.141185
862466117.094315
621857113.379779
578776369.001871
392253534.337697
375877440.471365
783820265.212585
629844165.892690
927241482.150516
724868622.710431
359705893.269873
517496599.894800
880890715.976554
99005258.961410
195984111.331774
673515285.746397
330026879.114780
431074252.864439
928280953.422158
493210009.991797
548833037.529866
868521594.213355
1007837051.829715
732469385.595200
895546363.903978
614592845.048584
581991826.687224
856880241.507376
822736808.918422
1014888776.545915
401853940.793738
641688762.662454
1184344033.102832
1082275117.752213
539110106.225048
517476587.061433
526612750.704888
505972035.630348
576683493.022639
645476531.955946
867687458.925435
763985943.019512
532601434.118348
783592936.953978
200205936.096505
140646834.504393
157391999.604657
180998059.100307
405938610.236343
371541711.732063
1025393681.763770
1023201740.692519
944587695.393748
726703777.378840
394010809.924679
410776622.122909
683614677.554355
550481593.846967
631304061.211329
915566356.033935
921178212.704738
644461314.787976
1070585529.658190
1151883641.100672
310949968.377150
446327747.985234
550463786.683927
361784012.204890
601814223.921098
528424021.602975
976839847.178173
736977711.313398
884653440.810222
794485549.798427
697864274.243236
112574810.700727
213219948.217418
97739523.232753
600002654.830959
322779585.548258
375072849.822526
886960729.133948
795999236.254455
581452860.388125
585250061.183284
421672545.230688
455247653.376593
619559966.597673
745612605.277449
1101608018.567938
763891339.149979
552620204.761459
1073247047.961275
382184602.335885
843645062.041323
836456543.727447
1006464332.191074
461631867.766198
548718661.147591
221724186.485061
276084123.868602
871273907.299614
516583878.563987
929678316.092348
789281320.745713
863461169.528469
167945547.246596
427457947.602872
266598549.792710
246623057.095138
446996546.238694
191513775.736028
340208653.986985
638399403.574403
780887358.328012
656487773.391550
957178878.609272
693697941.545182
507395798.071558
602902482.504280
327080400.452917
766964196.755163
669044891.335466
1080674217.489313
982527548.651938
615161658.994512
259907851.508696
137225729.564412
637699191.409125
370830932.665401
566056248.935741
164915153.463922
714438375.837531
848555643.954989
833643160.036515
1018391591.103226
946553332.265557
121919416.262424
167762806.970417
113618933.890180
588931288.041510
340860421.519373
363913668.811873
150028089.588468
939967741.371551
1004655266.586746
348480976.599392
960167363.806136
672576630.335148
202365661.494106
941229094.097865
909057022.801260
945502471.426649
871233390.228023
958554837.540021
336873511.524050
866832737.964421
693695796.577247
204020861.250785
506374097.085584
670737670.353624
621963962.550778
711258061.433006
609580794.860268
585441265.606558
692677464.306242
680105649.447527
919686414.751798
159469460.888507
87978874.192731
562121826.981334
726159299.551829
250286490.152139
241293686.851040
734164481.577749
663104498.047731
407624623.556665
580120915.658950
621893372.544653
907425710.814822
278172170.525080
1036042042.074079
780107809.732344
673540719.118912
774253347.308306
717693408.591240
722869741.007481
861840604.166646
372800454.394677
467930476.613911
518131592.263711
458382731.851872
705453025.792808
172684965.495242
688913877.786482
754528241.939659
1035203861.978280
781052199.771731
961742299.549519
281195162.936579
104455260.157588
217711041.285247
342349664.649827
375321425.120807
176908370.501107
257268493.588630
477660398.349900
345915535.162700
684333709.911241
515098687.259574
404292260.021869
690953223.657099
456185646.659832
977261194.963134
172605590.125705
195004466.173511
686088608.052753
790326306.105225
391087938.133503
791497140.177088
862996990.105067
526288776.891939
546479328.305402
869435671.821760
692464577.877229
988226066.742776
660337829.872145
927850025.057487
339676088.766208
941242531.282722
108725374.323606
142461683.819869
211649817.322502
494128459.465054
499886261.663662
71601082.083121
872699308.758370
515782235.952523
380467732.900673
307276148.263735
922291826.156719
449321639.799979
448658191.123823
732590436.004524
455502923.797275
649263857.610675
872167179.461498
384223672.109285
869645267.273904
539125699.572343
429311926.388108
325441726.535054
465005449.842092
444567277.655141
576007901.198152
460888637.131060
760920092.943352
164900873.171170
451331369.391011
679036431.893371
457353449.373803
294542635.851208
212142234.249029
219171591.730727
390403751.394132
392958508.438967
635309392.343479
445439073.648041
235997758.510128
828370131.003633
276224856.277100
887649418.427574
905116242.108611
645040679.165012
592844650.382006
552634519.682828
898982306.308207
1045719969.382044
1147480730.760736
1016020348.450607
725775852.655674
536396118.867529
578787501.905694
475585782.947676
459789836.886083
540997366.703036
689582077.964644
848997557.674096
940746752.930552
854348018.306764
332708149.893407
740549324.451722
100048300.612404
240372946.536280
199740809.475025
233822859.308152
161710428.882898
545725908.671562
809872371.259301
236141456.711531
752737898.928201
820800430.301778
607907790.489109
421448590.955784
751000903.646509
631437824.611455
508788175.700830
221357147.061582
893639165.963280
553808970.503431
310495257.972913
672205031.452902
283947155.405492
192494955.223603
369221775.566178
425420326.988558
546436959.892798
402249872.875487
694303956.417760
714403530.663286
1001287889.376845
942418944.875661
935953693.161780
167361462.900314
273724082.629484
431459630.672667
278112363.395952
413842796.330514
395429826.885919
380388420.788451
559321737.227846
613223189.491021
956997367.668511
659870461.305799
989456990.465126
457799082.016512
602931706.604081
589222383.369309
1076968842.174918
494299676.665798
532085353.635512
677644780.377007
652621962.780694
516708545.155219
603423729.863045
203732959.871019
536125249.289917
556646414.696685
611277593.880673
274300205.537435
468495245.196200
597362642.066586
616900484.150237
742369042.089765
135536084.328292
309811546.839975
91477088.169360
472530015.463262
116829594.975337
525887162.473580
324757357.704281
191764377.373105
450577523.543134
769164092.871505
700235640.866296
840384297.383003
654216550.913324
639465880.026247
460579245.622687
1123261451.823244
263672203.553139
1147720350.917890
1047915517.201779
648913448.101745
473331145.651533
356537443.538608
567607830.534893
646505886.432119
764855518.008848
445823089.129749
548475241.957834
757404903.843064
1009390601.864214
963262712.120730
907861659.696904
191705951.633290
66951926.572792
165837458.079641
349272955.581391
399743214.668020
383438540.146655
510923846.527003
380371093.342327
968093600.412592
575271133.504158
600160007.186272
700122483.778242
887475842.569207
914179919.841815
390361095.389254
1039322011.997634
1090650941.510852
222923373.191258
531245474.339314
711060977.523272
708379921.744355
582270889.854272
306719671.894646
616129945.311998
709545607.962396
733168753.370211
260906350.724112
710794208.917963
661835418.850048
899860279.341058
843207902.933967
157101487.941315
56311514.946132
598111313.728250
175781734.572103
547789206.163627
251882879.408507
687679232.153056
843473828.823663
582666795.958424
438394099.699930
928569696.798202
655286715.700611
1022449848.038657
750366369.467134
840721429.623645
1023374917.513785
528795774.580270
801441022.638160
733481855.891203
891983721.892196
588951595.050402
249394622.317430
825221880.340517
707333331.454830
482013016.849427
171066573.900920
683611603.503174
553575829.589013
761153620.481763
303052831.790128
928316420.473304
133645774.376885
55897660.336263
243600265.958988
273244040.515235
137616707.433445
280186120.230376
311122560.408703
454177322.940643
1036842558.742218
902802491.445363
744458167.322396
970825626.261492
1027203634.183838
744354127.336354
636850511.511197
756668357.958185
1078748167.933509
553479147.132319
986888983.339259
752026952.122520
386924340.017536
433881210.999899
462710701.000021
532160125.420905
1025969281.067750
641587818.882827
871844501.112689
751166466.478336
620070725.432845
687017814.900783
874311215.306625
104298441.234622
89819064.846427
343042150.400513
415236821.639954
292046447.916176
299311829.936595
778147192.898382
492921201.455113
489330040.546663
930841291.623925
728545019.239925
550431102.640611
704555032.728154
795302569.001712
1039396233.048976
1070894317.349490
472389309.703563
719838355.224824
1004271759.879156
514804213.202292
576619571.924448
854880620.470716
214244464.024935
719974707.941651
316743593.015143
995640470.544973
686454783.449545
656855682.530221
938974634.326212
554155894.335166
761063949.915262
121334351.449667
186788440.595252
181173961.071129
310542647.541104
349382209.894099
608767085.988814
470010521.267141
449500444.360483
501860233.910512
614354411.046155
778298746.390493
364183315.481628
394082703.629601
887087461.073666
1003633323.513710
804187209.790005
777497742.466777
735885192.255357
1184473113.281794
747569267.182603
711144452.433709
273795601.827316
599862538.343533
491075854.211483
489836997.259592
666884293.237523
156281594.648886
930888776.028801
882782544.612405
886815438.824628
763450798.190141
164038475.298126
154949387.190606
580825890.647300
538458369.751176
549769952.470319
739059727.379347
710671793.613794
424481158.241288
388660306.371117
442198104.692590
178545719.160917
967422885.179593
658738318.208471
522184575.459605
644877632.765814
1079084468.531418
438435499.230760
698645935.556381
807000321.184838
838545512.801573
271336016.955224
468738137.379890
258284333.380233
440410726.606657
785372354.291161
101216452.529610
608212520.331652
638901535.793768
856146102.188924
790764812.294090
803365228.078452
192368156.616742
418386034.453086
380020371.908622
631638441.864426
945057836.126012
412875267.860459
449825200.917160
302663237.689576
864895088.227031
361978620.697978
928627239.441168
816529761.756638
514783935.291976
805589152.881686
450633360.216726
637417041.765314
471024571.116517
827827984.220084
724432181.426507
351139805.722604
1089797660.283986
336896615.800142
317042998.009706
580513986.358211
449923616.883405
495169999.353469
327317645.820711
986873301.561783
930272195.711580
865488758.081897
459835473.162950
141066681.360070
141558823.446333
370235123.864937
373973745.744497
667212019.740653
369580137.232652
309531566.510995
710294255.290731
712049943.858149
732393470.988953
695643555.170762
770515023.898738
896847922.280660
1062640826.588889
699249545.222577
321002905.760635
1082923336.220203
1048550075.756668
688769133.589014
823483765.118944
292074808.674385
502994708.536894
307516313.941396
676798305.728578
557382344.967278
742398544.884482
521423057.522519
821187900.266758
775165751.395799
461079783.466999
535737170.169239
85180633.483942
270197959.792910
149422660.666178
648845686.979204
356883885.022669
759531086.174600
806680924.090032
208486162.352451
441529021.241495
564468298.672536
941884813.863562
625658275.290989
94082798.731613
744394402.061792
326164094.720656
467221839.092607
827234649.836225
1106710315.110668
823219599.942590
585502612.020786
309908397.434288
419021593.958833
594161919.388310
587456397.008348
553133922.428685
618058488.815090
620916764.688961
759663697.489288
708877407.412073
1106984889.781946
391921970.328647
275478775.213402
246412068.864690
175861102.110129
561042049.010267
466933553.740310
725534543.506781
745500897.994495
207477071.389672
461318929.175129
360518941.407858
609357561.976182
716792769.357244
817920268.752877
707265687.434749
720472369.773193
723214908.269363
481781168.997684
618978888.498601
1146837220.036159
1143887831.480919
379025719.392130
464468992.800983
709302705.959508
748222008.969548
809555713.781680
254409054.680288
169592115.939868
313594379.588148
925672959.180250
1078187924.114371
1064901088.936771
256225558.488222
192572883.928596
316456495.331150
289288936.564155
357740893.260655
714673577.867287
578671985.171450
718288320.790975
329519819.512351
500366019.394111
654588785.428758
390781940.977808
247796621.122755
479209397.542236
1010399575.387037
403053839.325777
166939550.387508
647520854.583394
945067484.644232
556986509.250386
565684623.920837
617083712.424327
634660892.491736
427830996.394083
662143019.427030
851976605.062825
888045490.879298
649565569.593749
438685878.788357
627598629.896330
1062837942.982280
69892973.374314
257683058.464254
451431851.497729
227837257.313815
514450478.868470
357772608.385401
790792481.847670
356292100.198759
982508481.357762
1034051552.263403
627460333.468461
375751425.604382
990999622.031788
879257819.128656
575463280.371075
306717135.645856
680601256.250900
356626971.566517
1198080330.862817
785100069.987759
478571148.877464
256374452.136616
538019074.941203
436486078.882380
736175240.734418
704000339.825941
665964613.457909
598417437.621225
315486734.530323
459085859.142537
1049203455.266966
161974059.688237
551179646.780745
428408032.102773
450009474.689528
964381058.028057
977425853.617690
424726554.386866
709295965.684430
472944030.428957
207090429.572241
893255109.096303
900417404.716871
1005022401.739729
586703571.467122
1045113233.101307
391048933.731893
820459107.691200
315514359.910161
674582903.095915
410955901.978097
894213947.880574
485175738.817007
407723214.618542
404276114.037967
842665725.685532
525408737.506242
337728205.141704
564983465.509167
418912696.831526
86063909.876357
1027927584.947529
436545188.595794
182207428.093629
738255967.080531
275935264.067131
936505097.913603
417944871.072289
867585028.547866
696229146.433078
976502849.904215
276073557.600472
1018031567.799157
871420988.655389
479454317.317331
440841851.295736
932338427.973774
184502292.056137
1125484635.287124
1136343576.999958
669171185.383987
995818168.368350
198033834.589170
245970510.095091
392677051.718506
482580068.042399
564109353.141086
882557271.077861
392682992.893748
401225877.487563
701778280.296002
601030444.010625
837200232.224979
285814981.586852
68409656.085803
528913940.261553
331408644.466659
541685160.162739
881616430.565965
557707176.211791
1117881555.136212
966974126.478629
579514099.082524
993655828.126376
696780789.623307
1002025730.457507
1124832507.348135
707338932.703583
101799444.357902
233150797.121173
375958713.761862
1056122655.827253
702276038.641957
505828339.660044
333198183.069635
487026386.719254
281390611.762249
662902886.498102
540128846.041760
1056335558.477153
727617346.965762
669914371.662721
727681150.283850
783894994.792251
215049235.623535
197394112.102100
518858580.515925
353897178.583207
1006820694.957579
249432435.600077
647224961.714825
981109514.669897
1088306365.862079
898032972.617478
644185671.695006
448797966.941050
349238544.603830
967934154.226347
988277653.564719
499018235.211577
518857427.608130
490213821.967049
747493695.673162
971973642.813249
757737973.533199
342482183.319414
433403584.270409
507210516.622341
557274698.237378
424622146.975245
1066685619.606078
582987121.024931
1063836351.314318
1086217845.936747
922443251.889476
135286002.288115
154352129.807271
453293938.979710
682635911.927014
677915556.182346
509546583.631467
661320971.338045
228292701.376971
597770522.937076
491200967.990469
635595137.336517
1055185974.064654
286293128.339771
1123089248.080194
1002183986.338466
1026998257.140801
974496865.997209
635623812.978643
1152561494.361140
963500000.367439
610332256.736633
972024624.560051
379752308.717989
527667252.161154
331547496.178541
381987344.699334
470870415.704471
756042167.351236
839790223.516254
993851774.197227
924191813.961504
252147234.190853
66813266.304015
331980950.972019
327272803.475405
545748469.366688
813004418.481808
536799240.844723
940631376.074015
788641755.446817
750515755.249964
511418898.774981
456692360.168004
1025072648.984147
394048711.846072
801748052.520472
941670298.485398
416639262.157958
459102621.303698
545259196.364162
755780924.392934
773709591.840954
456396384.498916
897247321.096179
437804817.666967
512175536.553351
722710747.093577
365314193.030245
635678155.083539
836790777.350160
1054797553.618482
636422095.118245
255248417.988692
327580246.751617
328915500.655610
473684359.129238
426308417.459597
641388822.988652
529951693.255822
958488825.399078
738626633.039803
957212979.791794
1046761042.763638
548604305.501005
644175656.077901
408517671.149725
473884683.739299
604902991.535472
620792149.232650
500925503.518888
698488841.134688
752931483.257398
281738341.524509
606962013.384919
656943161.720386
537474478.922992
501401578.873134
448297294.315654
549921851.800645
702867887.001268
447833226.715140
609496401.056681
1035850572.657975
499840149.472202
217156625.586679
406076513.153244
821947232.436841
413589365.490839
716010891.970834
706859290.552697
339110337.221596
684701112.872331
540308196.227779
236370558.680772
544786795.514736
323565247.266659
270134891.785678
740592519.942450
1049662091.270486
530704002.048824
738174714.354218
605144096.396758
641667424.220581
256619931.042202
827236388.698258
458086362.017612
791792433.417049
541223531.881400
400517545.640091
553549275.710620
460198881.669675
1029414812.643315
735094573.937512
515286821.024126
228186733.393389
165235378.722413
600655421.320164
556201434.867039
479600461.104021
751893154.762195
598979189.613337
147404625.794420
647973084.657672
1001974222.379694
575044709.819035
973366877.477912
397938466.207391
433936132.339759
822554748.067103
1038353976.806982
990657923.614567
722052656.524503
666399632.894086
218465398.556035
339959496.346033
554100583.861130
993036810.819229
372791441.741000
678210392.530256
671004955.736232
1034954640.675160
512311015.138217
342406646.501833
232484527.932438
1020982146.264187
338368216.938598
190879316.102605
484813600.934971
975587722.014177
827554481.155375
956421027.563578
798675733.132558
266264815.580378
375741722.466309
712547919.214540
469331950.333006
432523974.329484
953290637.217957
356089395.100785
1029853527.009492
714412428.499425
909468735.085727
1033432385.038035
322608276.584931
674833933.844479
745091436.517555
404390594.514070
514932108.261619
1079868225.586881
1164748473.956146
658421925.915902
625333131.185734
545165499.332789
543263283.184012
512650274.504137
766446507.412319
407605417.910059
347101151.329046
163521533.975343
144071796.395070
819889760.476931
369776367.572135
1006167073.118057
904083037.400345
464988694.404295
982555127.853942
225475524.204439
242015766.773127
854406422.403772
838480926.783393
551115456.653887
446330841.525817
281450706.624536
652890996.781974
1056623705.977838
859224443.287863
672301941.491110
413481340.317903
490248759.612740
966533045.820436
832123659.266831
512683314.057399
880593458.943743
586668294.770433
490361513.046653
436398285.141349
753067951.800396
137365065.981703
453302920.560413
839327432.259802
963811671.797149
345940738.598914
876316504.411134
743864515.655146
694456441.449031
793919330.014920
264251464.180970
833350533.540631
1012056266.869136
380320389.676252
734707973.417190
509048503.088264
806766941.415804
996976878.129526
327810424.111005
824325075.143738
228591491.424347
966963131.664579
536385118.999987
406764352.286343
693576395.855165
634425634.464974
885588842.008230
424773386.251722
787399366.039058
888107407.853917
522373530.630293
723517456.289912
408623290.924932
234780467.468853
697142217.027069
306765480.610328
895147820.584811
503202969.662961
697382483.494281
668831462.459304
748688148.854781
533600340.596792
885041675.381885
1045552740.112736
440483187.022741
422495508.102682
267801958.527353
959714315.853276
316569562.587247
492326710.924558
991179806.863625
418539138.519585
399987221.300944
303710924.668597
430031320.121593
308123222.103966
538581032.105084
688181443.553957
1086785178.715873
651997142.194880
705786151.430857
686578497.264595
489761323.703086
241004748.368770
125367959.557177
912792780.508012
472633731.794124
762812749.976558
579108072.770786
818266435.799392
1102897295.631858
694811475.040739
288358824.675679
589009028.032959
987477479.130570
301978923.396190
884134235.683581
905741900.600934
383133676.581029
673029213.431542
1136863707.164282
356161449.058769
216677260.969609
447947757.848782
771577251.352929
366556872.372304
524967039.091652
874134456.141209
1013128941.394786
500963335.551424
1152321502.370929
412912277.835304
751345205.368315
878874766.444088
146744372.690137
209215624.499977
392668107.101198
182411454.602216
465005129.791902
394751598.120133
646518825.095693
990108191.728415
726433322.907352
524120745.113687
967018580.852876
669654135.999677
210892008.988882
550028514.169317
510220323.617721
1023451846.557143
650592157.215253
1025267192.852535
858030383.482430
589565923.075945
876570609.560613
432145495.351530
440693676.158309
502405579.951062
671588543.925217
560723749.536929
967705762.694118
928253380.400438
1017995773.432723
839398804.339176
855164897.245295
378073336.816194
408890808.011785
878102642.401128
696005767.298777
530637120.755616
1017843273.744045
369705745.761129
588347705.966970
342806326.255347
309126719.079414
267311718.034327
595356690.658883
348913097.509240
1036154273.681148
687504989.346294
562698992.654191
418172434.886942
1094613865.179899
829937636.342195
1010179509.946933
852541769.724427
511661989.508446
520215697.145226
369669915.274565
496917545.462366
610269641.444099
1165478572.116763
874250545.655976
955709177.107435
610478816.972952
405388418.107095
372197692.089675
512918864.632090
637880862.582941
996748429.265521
677333306.630386
144953863.354874
1020175542.631948
671448430.462855
784873204.354944
1051492452.333000
1004000337.941229
480792794.088758
540915027.880584
902119032.771902
1105407586.537814
534162838.873977
557994093.960220
704546070.672560
1173999243.662500
810046021.122423
289261274.335593
505438115.490085
499691953.525385
449344242.077049
472725203.251310
277865082.259815
436990026.634179
946046656.618932
830201750.374522
540396376.402799
710669157.883347
462568739.302405
613749378.334722
677544734.480096
616770351.935827
816597941.109796
678318028.378958
476895810.635114
614138338.679491
361190698.107477
491917508.864234
922103389.801052
427579088.576514
1041965174.927914
264574482.628154
534528372.199830
429531523.771382
516479240.047468
472877128.470889
1035139129.544969
765234386.056610
622030270.441212
610980267.572779
416109401.696535
607791404.057333
563626694.712608
537432259.309444
565584002.017647
889942642.562530
813550290.104560
936568581.779832
1111893475.674251
360480453.824399
715708269.787463
614037493.583587
337285633.276222
339600064.764491
942564424.788354
476833739.870255
664984510.302936
968257840.975993
734110319.746661
962554632.476512
579254713.226561
1072976354.440769
494950792.213407
836503154.699639
811264382.075510
1054903300.028453
493150353.544096
676458824.660579
616468133.388875
874670159.588367
523226044.166910
496474867.800176
786949591.236192
904309172.835069
383073811.915937
368074166.694098
78792201.270230
737353602.397522
449797296.856632
556704136.937296
470568820.381139
360812345.985394
650248151.693874
893491308.805234
756567787.027064
395431886.958766
693373809.105666
893352530.087161
824737556.944046
1056769137.145471
816911100.548591
758806608.778620
686361288.815256
719085822.483366
895731258.911674
1030035064.386720
1145783893.587746
710420250.639062
1092083002.963100
714962884.144668
888632520.554140
210974957.960618
748574212.727524
696987328.564401
1061843549.392176
397943449.740244
341086385.803270
466668773.558104
504930278.831551
999932056.172765
516462557.972617
380756626.710891
104334257.670887
368391702.692591
152846916.624530
430262341.905397
561476042.554651
500011018.961187
484003295.977966
970116190.473616
707786047.251615
1075594787.860008
976918084.501266
1154412579.231855
788656860.136327
938489921.073362
999086779.825411
1159564984.063372
515013032.534936
1120002854.331817
828412182.429831
621864230.890676
468546249.675427
508268191.250935
863741206.939828
1115152548.203487
739905607.097072
921721038.163413
350489334.077053
501429745.402805
905195100.820168
1063062449.514841
414929844.417771
262412142.184957
734934046.361285
156056159.898960
862188029.464873
337821548.984517
816425806.310829
1031312267.345079
955263495.103844
510776950.702159
800957620.190637
1096669471.474141
308171005.301252
955918891.295756
441559014.076232
994547451.410067
409757555.276136
399183469.696724
388051055.390100
649985171.339557
229716583.773876
432189465.581162
768945332.598197
364071747.371705
708193026.281373
1094149997.581695
785782111.368701
625020810.262464
573871099.950695
466919956.846256
983491658.570840
548630321.548307
202569490.733797
469815323.568311
389863650.153931
1042913785.544130
352881363.209547
959147003.697334
1063726853.184678
463117040.581284
280755992.755141
841191103.141126
1002912245.989505
127715931.271326
513542531.123306
930328931.231222
640725938.467874
643658849.105245
366814808.754851
998114104.010219
685825136.737076
639897008.324077
482592929.145806
850500627.324187
483731534.879240
456859403.301913
390311767.271622
1123719763.136778
203201676.713265
1065370428.616414
441535940.041256
618556047.478736
316109928.152640
813074490.845908
369607186.940039
406176870.676609
334042530.774974
867852990.551059
402663782.104302
1020851338.479945
834522152.402455
1010441199.230690
757522618.681584
376069920.680371
1091286429.727140
414770826.102026
754993396.875357
520982014.805763
616755604.017420
364360311.592612
783270172.939135
984095356.873581
499414731.494402
400196473.868164
580810463.562847
782048130.365613
649541294.278687
657847681.714264
856233516.432590
718599527.857825
524909479.033916
580194162.131901
882383143.005655
397054233.967519
672785830.252183
503537372.445600
1041891006.492372
893058573.851892
745549624.255999
804560424.741217
663947813.729561
723903687.280131
743092997.249497
399861579.917517
454271557.697636
500255325.173519
768500737.043272
1064307393.694883
429207710.204519
569566977.702124
830570528.445768
1095016245.561140
1082404205.102093
1100053552.393214
552255067.235365
698628899.775185
884250387.518674
661184693.306745
891563121.993884
638132708.011602
922976219.327842
235541530.622383
372188711.855314
758302069.845366
338818621.678072
427945545.161260
721331964.068107
233847209.458096
632346395.861316
471793408.111725
784242247.131006
441958595.651567
929104217.773873
842534638.178448
998626343.315632
847773341.734718
808453078.771423
1053550342.034379
531324371.899242
693323285.485008
1073550453.253157
332636697.265651
863742096.481064
1215548650.481199
701875893.240165
919126229.355203
563686092.065788
730770051.934123
1081147994.067800
859766800.018463
1090266881.151113
492342716.070097
206461739.752978
953442174.459961
709540218.400991
392631395.584220
204267433.610914
883124728.385753
459247035.133927
882552702.663303
699396017.088146
740481790.323045
227637084.131303
605333920.189466
277664823.848218
766507223.007306
1055066227.369049
375222071.321661
736695102.388028
1023103016.260790
781876619.710079
982703164.942903
629349031.839434
1149718883.564076
1297976872.775524
916606060.003317
591915212.712359
624910504.254824
587805664.215500
966725829.788220
661334119.153418
310157452.474189
495449145.201726
1046184752.644945
988206284.510885
527212321.001539
340745369.682284
561471967.766361
364750051.425266
687371949.328484
356626553.956810
730895186.862611
843340931.523768
460928283.745115
764120564.005284
397081322.188980
60742760.513734
793284670.099194
531587677.596554
209035186.288126
310604190.027171
269053184.704435
703037000.063839
718442516.060811
1174302073.534322
1127964017.848878
1320232172.574204
1097647579.177005
1166168793.369515
716987868.656478
505745786.878126
841100615.457608
966883271.177330
923186814.283627
1108172142.305485
1126039282.472148
770808042.899238
446377972.166138
342667557.437034
605858447.755460
272115706.170132
939198684.992987
787408603.371109
413164312.595558
952997200.936205
742558998.081835
775696581.656565
852552579.117080
500664070.865717
605981850.929124
1062813433.887541
1020822438.849510
1099644911.348950
1092464699.460881
1154940123.831264
1281459145.949199
1273739832.961155
1356240874.311528
1155718252.449048
1205947045.887476
590417662.888711
714222113.757705
625361739.263641
836056342.023756
376304598.809963
944160002.320243
1074386728.246959
1319077787.218044
464110669.744282
232553804.545063
597010263.940115
232492684.568566
339707141.051760
271114620.876489
425614128.607699
612732709.226146
405010881.052557
464680782.718901
879615137.727739
636754910.221207
656625288.330568
1102055570.173346
824742393.512666
1074344284.062793
1114163109.472913
1159285804.712397
1239227442.908813
1346773331.070945
1215188166.662270
1258407805.183377
1297403932.688356
938399047.619269
872857869.524616
680362928.254632
866194764.694688
728325469.873273
1083756977.279077
532905573.121758
1249865847.523858
488916114.642109
442339252.173880
447280339.275226
751814271.492955
887534941.811373
453718440.079404
236897482.074951
537644815.831396
880726357.164427
832941591.162728
408280537.928334
899679033.647219
833151604.856288
204893162.629038
726723173.776357
1003420496.109436
1189252328.874653
1032634077.971774
1185042148.233402
1295615366.598213
1364915863.456682
1347475460.895180
1306282732.271484
1311730976.862606
939628530.409078
1285750325.978929
669521259.725600
1070592229.131978
614845318.443644
1045965196.797739
574708800.535161
740615453.999581
474066035.494978
686613196.214270
283746650.503672
637876171.095462
375663252.607156
951414405.709446
717095633.288570
946999317.291609
1057393751.792222
1034390446.859292
993624154.112624
614504761.283954
783518532.463617
1022837110.678651
982835978.462270
1004693048.669309
1187790444.267165
1212974812.914198
1293966935.806999
1388503938.242672
1314954268.494196
1367414185.389975
1321774784.464130
1150505672.052038
695861897.844037
930281711.260889
948577729.803318
706816106.435561
1094259878.761259
1146341928.924055
252824623.028643
107577258.631967
431691958.994110
626606194.159543
306452184.653737
843919690.414348
1050952355.043237
551641902.171499
710499928.359848
459769024.337740
999342618.521254
1096310931.429232
991021657.342122
1107309251.247975
906348293.457190
920262774.664175
1164575474.912193
1177206958.162283
1110110266.458063
1324647671.698056
1385509915.411138
1389404825.149407
1385683326.595330
1367473266.955157
1339963501.421172
1310751135.296247
1334392631.702656
736829101.926751
633083325.589798
1114368666.950948
820963677.921459
799584565.321743
487251713.560766
949473104.065416
180494439.400479
802947711.190598
664038952.461259
428506944.394405
862743706.100264
753255059.081521
918125963.035154
1063880099.118960
718036904.131700
1070249344.801412
423222547.676064
1050712465.534532
546460601.861459
1127715334.957222
1112529491.099669
1180405586.002452
1198007207.366052
1182905084.704376
1221976323.488941
1377515751.682325
1380401657.535880
1326200158.510182
1077364105.894544
1325027021.470656
950836714.854479
728543735.873677
1076269398.176238
1164243584.657935
697086766.962415
425559388.015921
706385600.205487
256544371.047212
632380387.546566
906543361.889640
1042618610.941989
935163921.754384
372148200.627832
708670997.160203
547472169.724008
901521526.422703
812467400.870272
1079259135.101984
883198121.468074
986703835.578609
932162727.173056
1075021680.265144
1188757189.764421
1147720943.494716
1287735762.268555
1323503395.830152
1378512926.888922
1376142508.306260
1365628492.993195
1388736958.896026
1342239931.145366
1212279093.813395
1043977377.290634
985346903.311802
758243885.251993
393238715.384079
242725248.194942
697178459.359630
850494630.143138
720535388.933193
378890440.129235
656569528.826077
1055415190.869930
1071249613.713571
400449217.578819
1098781129.886047
965858599.310412
361502695.345383
1033964283.313188
388347110.356696
1109179706.251097
804066476.927948
876751915.616909
1163495845.383797
1160597267.030023
1232529563.706676
1227780592.651576
1320363020.289872
1375871879.739340
1331724274.438690
1312404358.797022
1370642003.573063
1249748328.459880
1227827212.147846
1037748832.646333
649581471.692036
832157887.532810
261544874.087477
968005745.819891
944932411.447495
662230964.199807
698018462.213723
794597860.562142
1075364064.196333
1026859052.137677
681564453.002407
828831187.985289
950796900.812959
546976026.477823
1029291089.149064
819884391.475664
1114684930.779644
891187457.197731
1044663674.180121
1184256513.132939
1180296502.838296
1117219958.682514
1166086931.536226
1248055118.599363
1327212999.727166
1324557152.784900
1363340311.920321
1377035220.509042
1343347413.096844
1355225691.780380
1175454589.156679
1086743540.502724
579213228.637054
485900462.370594
705399550.228336
581472892.412633
940323880.230831
717615774.984143
533713879.095919
1036947429.196983
1083957570.499137
493477694.654654
1047593853.426461
961300832.708739
281948097.668492
972161309.248155
1043470374.448413
1013990120.847512
1125875435.064819
721551786.884815
1094192762.236041
1144375038.013236
1144072604.932823
1143981460.409634
1135576473.226566
1250124810.165219
1303492881.193577
1349213917.601463
1376218744.358677
1370176136.337880
1333351154.106428
1273188552.004665
401024027.476062
620745365.510786
758600327.746149
477565709.104470
962680260.532466
930037399.251227
590199303.908246
645090962.327597
1045577023.294710
987296728.233814
393099621.630075
679655258.790136
935522928.524613
593530252.880134
1007425313.819524
1164962067.444485
687583771.886549
1129257833.407594
1134434499.105630
1132907269.424840
1027085037.049293
1102462990.766343
1191969827.472228
1269573577.405908
1129416725.999900
1262956031.266516
1290333107.811677
1296699769.691358
1377168823.327056
1335409017.545244
1265784862.169167
695911063.106233
459241266.845596
909677893.272113
729204963.466051
682174436.260926
992695526.168894
415692760.263503
1057341620.033647
1055470415.311236
908163141.175809
858177592.521386
1058948814.707737
959817023.740797
630632792.938646
1006630095.549612
1021225928.900550
483938041.112938
365760323.683814
1082989544.137454
1096821025.979886
1012952248.694908
922687432.478133
1077811909.935321
1177307967.676202
1202095798.341720
1282449376.570736
1260015905.334916
1333017405.263532
1365168417.589414
1363271311.535208
1318362352.815535
1297660491.277005
564045469.811302
114053586.017765
541066354.920475
865109805.206267
254682497.419794
551088398.523026
205688424.643596
1093108591.363521
619093675.829423
980246193.149932
386219489.750029
882304210.432113
629958739.301352
1053741346.799558
833589282.688721
1068637245.434315
1097162670.302411
943858844.280403
1151597567.826578
718069398.243020
1153549497.240963
1084506431.978487
1217466935.904227
1110249709.560262
1067515084.914555
1167783578.663751
1263753265.758357
1339987717.379804
1374781707.862315
1368950524.577247
940744913.734551
761262783.248865
432630575.730018
881274331.798972
368727094.854278
424068686.420926
1038261419.564949
746199223.179422
883302926.886502
182430596.921587
1015378164.628795
982205691.387684
967999974.642850
623006238.243616
609559077.854746
343889002.781079
439203594.998774
1084425563.670781
433304036.583112
1061448025.049171
550908130.242570
1146914112.984800
918218640.559420
892644446.674871
1159206648.723304
1260230822.755164
1213217698.386829
1211039529.262488
1223227478.766378
1322975739.447357
1371070804.904397
1358224313.865307
367398473.138647
120334837.619949
514870083.695542
711229328.097565
890749539.900173
457254500.003174
658305124.382798
768146632.956018
343781742.551208
360619045.472129
317851017.133288
734916019.601098
697086450.449785
1036193939.118640
772655558.542630
601756088.104179
450758095.892511
1142176835.619757
1041873387.329214
809512934.761839
1076602255.993390
370062286.288105
1089071817.236341
1190363518.932858
1116296150.522302
972126576.984413
1158931053.613453
1192340189.529367
1287971857.263394
1333921787.890535
1320631112.302483
616042083.757728
684533682.180070
494128376.775191
745683966.774890
522022115.879728
816819199.894060
1007087912.765914
496220511.144048
1017423015.254710
410185670.504398
1093233522.399005
902990547.658790
603227924.750220
630790859.034745
1097015763.527387
371434496.636616
1147027827.907005
684673779.908616
1122203685.865652
1084082000.131755
1007130038.068991
887129174.621424
1082678506.590355
1135487406.653879
319190697.325736
1171085775.127982
1126813993.637959
1190012527.286259
1232001587.247745
1281422810.557434
1304002300.023407
408711818.331521
782961234.410022
534597381.425412
906907997.324675
599000152.629565
999549941.829423
1039845612.036816
311694466.619218
1012313607.910723
940582341.482355
750798084.712129
231071865.873222
717118140.302857
570043944.966662
161920790.632039
275450561.347995
981190362.097256
856543648.388982
356068280.225344
901041656.860626
1005998044.504006
1083092768.582211
1007301288.930452
893631377.812690
1132372897.110305
1072992615.130320
1092389273.048909
1181843567.184173
1160454037.945988
1293854787.135915
1277475174.789278
706796120.957193
564032198.808877
532774518.671913
827608756.219118
540487682.131277
543774566.869523
1014120868.645458
968458987.201182
822913854.870216
415864792.927155
713074968.534156
723965933.182519
783052536.449818
412891213.144767
980863867.963902
1106050394.217036
1062383712.209535
1103815071.728359
961718481.898813
693919395.380824
986786914.955952
1073916648.793006
1017895287.136533
1025116628.272854
951211452.289499
1082593002.404153
1161426663.557701
1039253319.225691
1206537699.048566
1224174947.831706
1220301219.642292
606986142.798115
239230863.280393
810803914.619742
307104097.841092
427728100.426215
1018813999.335093
807710893.333394
821868417.373202
675029034.439981
894801576.209428
387453946.032124
998244716.074752
798755395.726554
485673483.793243
988669025.898940
647106013.134082
375525813.129069
300957866.167823
444141782.499469
814175024.804492
991951119.365591
1066616802.999056
972668581.463645
1044190669.329017
1048471680.503208
1134748148.641339
1068506157.728932
1105017860.917638
1191725251.084055
1164906880.196183
1209721474.676171
499092389.087446
409732493.943545
930004447.265494
360632854.313731
531952636.556376
798267115.556298
615750382.172197
943313486.112733
1023062573.959520
734772314.197766
423824886.156098
1036563001.322788
363404270.246653
924512097.438212
1068095400.363081
1010567659.842386
1076358363.966089
896938562.776482
532766805.385794
418605523.703125
725599592.726477
384140523.190644
1009980461.014803
708309349.922933
787227156.521656
620295969.535266
858355262.351869
1140436612.860246
1093377861.256935
1174660526.010659
1186948331.707059
670603112.377163
360851942.349959
331001229.502385
371293058.621171
955664967.027715
312575500.052279
1003010220.054925
1036270412.320759
854012529.230409
1047191809.857771
664448175.131940
380894500.996952
930781044.943331
354992450.949199
728489341.628011
1082464871.610975
747071698.407040
567469236.904360
946186107.928260
441433546.255576
1017894534.984134
730290739.178801
969757932.226630
871544718.978170
1051883431.568453
1085037296.310875
1049237925.112801
1133892890.968496
1105303817.997195
1166360516.039928
1121901046.756094
480105171.446355
336036657.882734
411927636.210184
899071723.571939
58054893.800949
718415109.344339
629993466.177059
681572444.711031
1011952838.367384
450005482.984866
944243157.665581
551235935.865509
1022467543.295206
419234821.652048
1078952178.849370
297280646.052585
1070540570.122599
1100350812.301421
508558885.850360
426507652.899314
758014205.959790
1014299380.073118
1088064936.291070
831212290.512699
974457696.329925
999074804.756018
1105441138.711750
1044667859.750882
1090029410.223810
1120425843.550614
1087807750.442896
828518372.157867
729824411.073753
109982798.239114
428806532.015224
263215409.091993
283740504.195567
1002724796.855421
830297042.292501
915930524.578019
409231305.374085
1093727577.837260
721425757.745495
149073327.146549
280800685.354422
883032120.759426
708478973.166790
1024218711.243620
1037036862.609184
785966418.716256
816766376.704035
1066968414.140732
1044323003.170590
798683526.645701
911911931.973695
990709742.235790
1083611890.715819
952504260.127715
927157259.215465
1106205344.872132
1122360527.098309
1089984172.539175
315267325.853753
867038035.048266
711330062.096451
694148757.121881
493479076.763758
112104567.382288
346221420.394111
362982429.172995
1091155802.997606
672786772.118707
709778172.776624
409265903.864186
917093633.082966
597046613.724054
403128478.616020
936735677.978220
690333941.866018
842754429.389264
325091315.813899
1100621888.817032
467594408.801713
1084650210.807030
713651072.172243
1092122732.665737
745510116.096332
820768459.027801
804923558.169010
1044677060.011922
1086460271.986065
1047549430.348392
1054577473.513241
516031240.781975
656882879.484004
1024561481.736822
612844994.315680
658763477.945546
506889057.502473
1033425391.532111
301123631.433842
726544707.861721
861324463.864942
754477385.404431
608814630.252710
407002887.036132
313528139.625021
1069948201.864393
1043951280.897213
1043942119.116193
613642749.601838
1076033780.340058
1042373828.218962
981154847.683870
469599007.560767
1098249569.806407
620218815.585939
547941074.748627
999020530.736188
874047633.623614
837451730.744862
747347642.586173
1098219325.326603
1076631815.839441
614165076.575502
792926090.578543
825870033.824323
611999141.321746
901612897.703171
527777482.416220
475542977.119864
255784484.860695
978543337.460412
1067330266.780132
852112148.719546
470385487.901602
443479020.573112
838950315.231037
893222325.382960
438337684.144840
1018753814.395444
841203454.282124
1085232831.846280
1076954704.460438
1038526040.777940
443649077.418991
295797004.357228
884276232.984435
1057566598.893780
1058205706.260552
526692754.923936
1058929370.879661
1006166183.957683
1034828867.937726
1013487702.435762
216037116.082580
435176495.310781
170172685.750350
976089438.448308
1034241832.825785
558772489.717154
964217737.100878
655951364.612673
435551661.770384
255969655.035722
685338597.505852
1041356896.237523
1025917299.609230
251171774.308869
1049529438.871850
1003900982.426980
1079138330.995275
707322286.352564
325342143.246798
775032137.219746
1059371464.198978
983634935.496536
1077948226.572016
1019272219.734862
907274269.665784
374298909.391343
1075743868.906172
595765946.391072
951450020.007452
840051479.557046
1011491953.764713
549413653.402859
575824110.489608
214127176.076957
240367068.826578
290005330.318186
977995659.003539
457797316.474715
969938577.854989
663362758.333314
1037791393.645652
1083233843.779242
830473773.947651
985254945.879784
581249405.923709
392999603.355962
714977424.066956
1019253397.009314
858698834.057786
1083302170.085841
883398915.440463
488689510.596689
901446022.488232
410005445.431399
571000564.642351
514964647.801671
980968881.771244
937620258.705213
630809420.254260
949662255.056250
1078820638.773912
983326972.822886
494619796.836593
250759671.456644
723506353.010630
626674158.094575
925596704.952262
221578414.825823
220224616.748060
992388137.531604
585789473.169678
683635071.964876
307871797.971744
955788410.659812
1093755946.209187
819336492.048933
1040937529.199865
990851898.374020
663220550.354769
1021825688.358180
526810966.798280
1108947979.707073
453702435.753466
704407091.275985
452491384.575049
658239664.534307
1080169227.276568
673370536.519856
914723156.710642
710422216.616633
1075058040.748353
657565553.426522
740259307.191082
635949682.349068
535419391.106630
932531968.646987
409944922.702502
399377955.050715
533595763.141536
735882723.131590
125290669.854367
418700218.129241
547974438.723281
986685561.676061
844134173.849076
711268176.676280
704638387.763312
1084148602.398986
974432957.645231
921352392.644424
1053663012.737476
423297384.707018
1058663103.124033
686105823.836365
1015153700.433383
571486442.925768
469982301.332232
883413072.713155
747148267.121854
1023611776.101159
1023310205.792628
928866385.777553
910325128.535332
998745601.069278
555605979.375246
686534227.839635
332645984.016498
519015419.996006
587875934.010725
343019492.112808
388281855.275821
922198962.792488
924078062.126553
1062056508.057209
816374566.747229
1035923387.812151
1049920930.959141
735371937.701356
914746278.620964
569007892.991519
386596300.054815
623147215.458733
380984846.113249
711933054.746120
555393062.952028
638722148.173045
936386322.967510
532508946.434497
827591831.001713
773768480.203656
1053943382.341939
1054936542.324227
196289012.762968
1064076990.998634
1019134170.538729
485638047.976601
523944381.473255
499697379.008164
914131810.143148
609753140.438596
684780402.136031
767633998.334361
383957252.024542
949303176.007293
703543251.232410
276277305.759327
388821196.397444
702756221.150664
998994737.513008
434500292.720312
935453021.590596
984053191.065331
553044349.084363
1066929717.831952
576623772.060251
1027218126.761082
956678254.366756
1004682251.937497
348891360.093460
938816880.782820
930434421.667785
456401461.450415
1047028102.842090
569906638.848078
745666723.847466
965334697.082212
619866689.837044
940755153.641330
316374520.463222
744119940.326808
231439836.380686
792669012.225124
521060360.576031
556416406.613843
242942489.983103
888053598.065755
859958549.171588
165622728.301941
989004049.764192
968678321.234545
1086956299.498241
667834991.840173
849182466.418448
965340797.459411
890490891.790374
626556530.796074
1104943038.091752
540267495.886285
643355581.514515
1053742377.844573
876793228.403265
782738860.456950
581512056.364530
284201305.240237
904639115.568421
672934361.814960
989435022.199319
653606214.541377
311202799.835140
223398408.897018
966114310.877955
972170958.427627
387315342.196168
373951254.212829
875546757.310723
877394206.440883
728855357.867074
1017950700.673122
488485701.508704
659515952.462728
843651196.215933
1081244260.780529
1001901855.495513
1103106037.116419
476956221.064051
630410703.321046
1003357948.226828
444286352.391104
540644430.507020
221487286.414215
431298056.943893
818859429.043252
543453813.694217
960943827.461316
499480546.236455
1092354390.151584
1032521977.377362
771772031.982886
599105335.591842
625909273.715647
755216298.168829
475888376.598342
219384553.501422
463361895.259082
603360230.326786
690733971.556037
499688803.569309
522172614.818534
345822041.698908
993464062.769595
1059093443.613476
525143995.993280
926875963.668294
564578231.424928
1041630299.413227
315379692.113602
1035800973.270687
1015081518.508380
826348938.765687
926131424.297892
483017379.598002
785622902.367813
1069146471.682027
1009270965.562310
730617926.058768
860656493.747135
564085810.159346
882016435.158960
997134495.191424
421143136.212568
698885200.843097
831825384.795574
513049845.440042
983376208.249327
342762746.929542
862621191.392546
316815535.414251
1045577589.105834
447269880.855492
817290149.388720
255147630.579453
935334715.893648
620640637.797371
499565391.819135
1076612041.232231
598577151.057415
1061865701.378113
935450314.615925
1021044723.917988
129624028.828896
915107391.233440
912600636.953676
462053985.944635
893199706.563613
990235765.123192
1016588211.202209
829562953.127711
434924964.846606
1022295122.602381
1018204113.831056
830507852.818956
178049196.034783
810191636.135929
943393831.143103
309519073.891256
513288480.160416
804934878.738570
491884156.790308
399883220.736560
554600066.674541
702593247.499948
715472602.374648
177033249.242269
1006102693.120167
901256332.039774
1039805224.102825
600152935.056580
875972155.769638
1072651442.262162
473029709.765191
441175282.480650
913763659.542058
924704864.462582
388106831.122999
443798019.751947
922986940.101670
552059898.360391
748813933.698149
954386325.842401
967118052.847601
834888676.726906
770889368.874374
227395160.970937
394121492.443523
568124039.651843
258555205.345882
689076982.684591
401616096.714338
974067970.700180
910415417.528205
586743870.819840
483994450.156817
994975041.659811
687827712.619508
842813134.294753
273654902.133950
863179898.909528
634892390.089851
411907965.109997
666482196.046814
993821680.342703
300512322.482940
939081757.320934
1056231513.002511
989789473.491144
980249503.064930
404155939.015556
235881074.567083
730588945.974328
974468715.337111
615721633.234622
508127335.784869
636405537.665182
409362208.932774
889664709.861840
642824176.730630
1015653312.086107
983098058.374091
250356717.376821
880369361.430774
781268215.561324
1084249349.744571
603455960.828560
855469464.322682
267207254.839471
1074952274.745560
163462606.427471
1067358617.422742
723597366.004374
1046533514.067697
715471129.756533
319894858.735979
1018447153.152031
725801905.636426
495290620.325573
1052748000.650170
898251562.469970
553527230.701017
945204408.699986
950575338.996865
658589135.612199
965128329.347648
949500405.348861
620746273.569681
654507313.446064
718304283.169747
458519126.245462
599442042.712911
874738680.673453
864607024.519094
723275043.916957
295804672.122967
569676892.218395
397430552.539195
298752579.064924
789696530.299592
540997916.680914
577440173.643240
693597420.816269
389191575.105645
926170677.774435
405994967.210261
278163683.798313
223050564.462237
888243158.810774
920465764.327191
344818254.132973
711843283.046140
828327682.004437
482587326.211139
898813395.163599
543917537.961763
908246019.128685
945962499.059897
572581596.196671
265445643.151111
341410707.452196
942151091.042844
212062341.426403
933912839.184233
739732091.502905
441931260.316221
695368621.551085
420715544.829747
913878066.884598
329067784.672028
316518830.823152
593551347.193334
932295716.830555
736727005.248520
675857534.347542
1080189836.792804
630139516.767741
489013291.623920
307551015.553318
1101568462.927898
673918610.316483
976567423.840742
801350164.535764
689800365.093978
792820045.034202
951218794.763796
1030671041.951980
612153980.064897
631910172.023367
470532638.950916
373496940.284196
909204733.678925
763783626.661371
641441740.171081
918667263.783780
876005159.902696
978323107.976906
422990115.923504
755829773.964942
762171761.649379
551478768.433650
1047496458.404466
892293281.644773
1010643029.495865
540411750.861570
999857688.865784
429891423.194528
526443030.200476
1052791874.779436
838531387.161203
986915564.651657
818813322.791236
268513406.649763
195012014.025977
919521738.472742
394982325.285042
513065299.443458
764553138.626242
873390505.093657
879972127.636910
619575251.470830
722187426.217242
303352851.818168
209477264.552497
976441367.956751
500999088.488753
501878571.371200
280298239.425020
888275148.099543
696123641.660995
371608498.793437
428626886.259446
215644116.314964
971815611.530991
457494445.045239
814472399.915101
281818227.602316
587027140.024773
881173839.125876
324271039.816390
856657490.561005
169232948.735779
982443342.901338
1059953899.465238
466514701.421229
1009502491.268018
639295817.862043
832922576.399260
822883903.649528
958767043.503211
929028158.935074
567524668.257869
263483250.985691
564242174.703648
631471146.304106
460584189.010650
820722411.394557
827178970.935614
761702214.600999
819469849.913295
765003754.797024
504376054.345674
466471447.373937
463991985.424311
1085865109.329229
838198144.417917
983279926.792206
965008850.099672
1044923516.440395
760446214.729508
515413441.183532
671811152.133551
793407212.071937
663709096.503727
26533102.508749
945128008.792521
914114344.517055
298368242.315307
488710372.272109
754949695.834225
777077028.195426
692346095.372483
730624340.512380
174042611.216014
861534437.286761
503687801.189243
435979971.402853
901102056.951333
820709731.795338
1053882397.847554
375303678.634850
785248189.173205
760651627.905618
302735795.170498
495293967.294728
410879775.412801
776339562.476711
438473260.228845
599354997.275405
297096575.622056
825960565.683007
1046834716.221011
512124840.298265
564782270.798659
992295422.652995
790727855.454757
745677417.321234
659483943.501781
406683659.361906
1000918820.696470
657361444.662819
958809434.461197
916126844.261287
708206249.615600
282068376.616439
896012519.174093
264735984.304894
621069904.637839
232359317.181861
310714700.033687
919913969.923804
728599304.450623
609244843.383172
776804725.086107
717948544.396778
913475839.308283
621704169.509599
1020860752.483241
169312387.763603
781149532.170174
820860253.335423
350466202.989454
437759668.335434
654678565.400686
818008517.548052
925777986.677085
536071883.904951
869995818.030200
694690506.583543
712518917.420278
729571640.471714
634786120.870457
713185777.146645
920406459.462739
318941675.067182
324125578.106264
206792400.080644
493944013.697069
898723804.879576
793918740.461302
815445777.130775
476280570.527041
107298072.236635
965802140.423537
492014276.605365
480911218.723238
606048164.811229
1038608159.707271
942990870.691955
661265841.583267
394152327.819306
345426248.981050
358855280.235549
397672656.953466
771063898.802223
794868033.546613
209909507.764730
265492227.985544
389664344.376646
589837720.628566
754748509.489091
744331585.871517
1020103139.866715
740198497.511922
605401877.238142
496637993.824764
496971167.064167
499447547.118612
465614304.440754
423148218.896409
331047915.698020
548666948.482479
317810888.221600
837054923.587354
692551220.992622
423168004.903495
1034024932.832586
905717113.922583
1066548120.831169
909603729.186513
426062266.025029
570930568.722319
667399781.911509
791200144.879723
652792276.243833
462660329.710579
861788856.760738
599341837.079715
252860174.009942
840367445.387661
416556039.140087
762800755.129248
727575487.672932
479157301.775355
677507680.606300
706127281.463469
246570326.434064
257983641.899322
418962185.491571
360762247.262868
619853857.691779
717116545.959826
710674925.805415
682550637.669860
433306809.757591
230065585.665041
891175492.108861
981051781.736690
410266381.626637
620591880.847131
531498182.471682
661445472.606490
726118377.263004
325329748.316283
490203450.055915
440399055.380625
702825502.548064
320694392.496689
180912752.870143
365372107.533421
823351847.156910
715256272.114948
975005624.335882
635014157.673140
999447926.222073
862283972.940930
921316841.909854
490001050.214250
206776447.015480
588556681.842804
708489166.109672
298901342.983363
615402550.250398
366367327.237101
567316867.850155
398084223.581245
997394674.204738
452863857.130014
912489869.128996
929825371.191292
619192296.299013
1071965847.812352
768720882.401926
851103978.754785
1000198828.307504
319600636.444523
951851633.826044
815526189.902006
309970093.896203
575325256.004078
488785973.137622
244053293.104687
804555029.052591
721813975.563310
774930989.928856
684056527.309985
441256650.784713
934195252.763901
487730064.055329
144288033.630763
457112727.045885
252302051.293559
360370197.852574
722029196.945499
386447079.521194
972901885.889751
358127708.965327
637387409.394743
905221712.254506
242925894.139680
1080296924.149585
340763689.632445
330179081.220276
877006720.408790
619569098.028859
227417299.589251
963822639.470028
409144822.466308
646180385.139892
824592767.813086
610660031.206023
432221407.745284
515380497.240752
656347104.794423
928603566.429296
859524122.784713
707380354.550992
950409363.222298
780883496.637284
326961602.862423
215726038.080968
273227410.609786
489694254.846521
749235068.793236
440964932.061172
422545606.023239
339719694.377177
394761298.084205
656988618.852127
645807022.496755
990682580.649360
366697571.870551
938568516.974712
860982825.661692
822819713.824078
926252657.300860
213868922.372774
616146832.367286
475140088.767923
702809055.336849
241833473.338960
255968270.285548
995187765.668791
953350443.887159
170973775.301251
549737013.987124
105402155.043521
606805845.790960
931531798.914170
660252103.562243
501659906.686621
104557165.114788
699645699.656318
513612803.899075
370926780.336172
807411528.793331
625814014.127373
555624817.005366
974838649.133048
375896290.613604
639168001.723753
1053696905.535125
402509325.601844
758943289.754741
945436699.032641
279355956.150148
517145281.656695
535640622.184441
248290039.383752
826973409.739643
446916637.640741
588665844.992855
592882516.216764
293287383.562102
471129924.780810
439362611.238895
693300305.058138
593365244.364459
912007741.635893
372104006.402473
847559756.925587
371043290.458714
58782255.499565
409902763.079434
128057815.109895
867419928.275051
571388870.354357
471843311.748565
743713984.486350
592995719.576459
973031123.490294
512179784.337638
417583953.052557
1023787520.100660
213941778.836481
1006335924.185138
550588431.100283
554090466.301593
261903593.872495
603533156.256039
251638511.148561
586466989.350813
451114113.457347
519678900.602341
789014166.739246
957239535.296919
941950111.019856
306605903.588595
424290769.251793
841410414.973265
819468250.487830
802854034.918602
368964223.594281
154592365.156276
584541946.950883
212459219.870703
410346429.208193
403321371.773173
776215742.489609
701315688.425527
634350651.173226
948450776.817864
290298365.250863
281780627.025941
806578186.407915
995863624.891446
541383610.134635
210575043.912476
494446693.553069
224985557.929310
402090179.705001
642540482.021889
1031943266.622130
327579220.335818
867552123.221039
521339554.842356
388214485.390106
728937479.242890
209214311.846245
873500356.371971
338899457.417736
991062010.663423
911283238.986536
426184447.362453
410735229.601631
111338867.334342
283947375.726124
543805392.159008
853767278.387584
379915505.709666
623611070.511471
655901354.424737
796541754.306244
570449037.057863
373339271.354101
938807237.779760
958919407.628224
833397672.144763
808102886.383417
487014665.154211
320839026.770389
1022104169.630880
400679314.436714
204714942.299408
352871778.805965
304446359.890703
245942697.913301
993662963.666575
728661152.981068
437862942.098282
350823107.493981
730324064.995571
802103662.703444
419767713.932862
345093037.984837
336161343.203630
97947905.903482
640077841.712026
458479076.637100
524066189.478906
502297943.787852
878105958.202059
800234799.387106
451201609.450633
391789640.499705
746616863.621072
565346316.330954
577912365.014369
854765049.016760
752800832.960125
416879933.443031
327663424.439275
341825878.268379
534185806.861628
307370431.066774
422944121.198794
801562383.403852
887273177.040451
535955816.184056
678960868.994902
738439257.729500
309901016.055486
867326000.269898
739624322.604989
787408143.813538
339335428.365471
255544273.491447
266530828.457568
528796395.241257
173315948.879398
841622380.709790
750171187.103407
551172612.321371
606978869.126783
835692081.300350
419468376.248484
254611796.925149
613979353.455656
643490701.490040
776099311.014419
823723849.934111
936166675.416757
324723494.646055
915410903.577143
105121144.523326
735512778.402811
625579943.741395
263409103.927375
460040329.123582
886229143.872491
977687000.802814
801710844.546502
831527117.693786
780652035.658058
804459044.092797
895570484.200077
423226029.819357
402240549.686672
254975029.733458
216291488.576875
383832914.319605
469082256.809176
157921698.235303
896973689.102280
899824885.458986
822751015.125350
673465270.128779
435233214.454408
953659997.022519
494656130.453873
1049782311.256830
754919688.281757
309931863.571177
586933480.940248
396019717.976514
807771141.039009
259335970.769395
613903120.801279
514353528.148745
534103343.523503
934991756.528483
722394351.390087
452342653.222513
973052481.133359
643518775.003870
1002106204.229865
669661094.692695
350347721.432921
322308429.653050
404447780.919604
211124332.998703
511303182.508669
104512391.868962
647583978.568497
480646820.715521
483358908.131377
639916282.882043
991211541.148902
957537875.982339
767707161.038380
431654568.647778
804870522.038432
912683857.892894
1006936589.999338
816646191.949452
370228366.789448
441526304.218755
728966619.769997
590864022.765110
599343908.864053
568729713.444273
557710494.238758
668930894.902876
989971580.455418
639581927.231554
506921664.287571
853817983.066567
180923212.608358
430013743.110635
117494809.300693
919110960.310469
359865700.772790
916392187.602280
232615880.464393
542712330.729794
407265380.003938
824548349.276277
687245970.415890
894805840.919888
982127257.610153
905280795.023515
974013681.764008
514067736.389718
1056243418.010370
360057846.667276
668110053.079968
889647800.761067
763140609.255932
329114648.077436
859686069.165560
394517948.669707
402087698.552005
290129554.837063
344925336.756578
878199662.395882
540326013.799950
910237736.063192
579221158.861829
805684817.156079
358697823.577195
423139909.988875
126059642.600614
218091296.371410
717682920.745702
367281853.486618
696378528.143308
222935034.520587
772968931.915358
953350660.667827
1000841741.610619
504987214.831120
365866464.799182
747131546.473246
464606997.379960
962941146.422246
916335512.970586
1011277021.709286
455887162.545163
714737393.272113
515398885.355904
186392640.001413
457875780.988150
753229984.388387
434749541.066619
971528903.531766
756157603.107622
739119056.399617
481908426.779070
400538469.622091
738010080.011556
387268910.382247
273419669.379161
441708383.370178
790246586.390197
214934509.362830
347371294.849089
708023798.304735
719556592.526703
571535927.829170
167883418.266394
640552228.814808
994809126.146302
1033587755.673228
397800466.211712
85828015.062620
891961778.241696
988178705.451319
293025161.412026
636971957.427891
626700947.568376
393502046.560956
819088916.840611
934252839.254604
707730457.437705
343235904.870811
705183113.007379
581197270.695065
570361039.565859
950098177.830037
771803463.869079
383896188.519112
511918757.566159
439964519.950943
606908319.481102
235304473.013133
596618031.211180
668680685.596402
237208688.743101
880125966.922061
281189028.893584
197170683.203376
882488409.547582
403343390.106758
426266905.641868
838983767.609468
971259783.705550
908896674.715909
1004283700.985370
142958399.297985
768647041.528249
325024678.005118
470715204.642996
910945433.820228
533247724.166319
809720727.415385
602939221.326133
835708946.172265
599359448.889383
963538953.075587
875582180.812267
903889004.630917
442720412.325881
163994396.558382
344982425.737316
208626118.893645
569938482.762816
907929499.667960
281895537.174265
729637077.657760
648167007.586808
169199277.626554
953447798.069468
885309560.944994
916893072.893370
682010237.458629
985015519.908533
640923271.185099
456942121.269764
1057181288.777929
594337390.936069
948765169.510623
688169750.756602
909843113.545915
336885780.016064
285965729.353010
338175655.479315
936311235.483345
323546691.484681
901751027.447418
842501070.335652
928375383.047982
565162822.283574
655587566.519834
362309867.059292
379115542.914202
723945205.984192
198872167.113425
290862176.425333
630083944.970020
939356053.776832
426098658.926959
329665874.754311
736063010.373592
332226294.250192
948901086.482525
877593454.411933
926297402.285714
912612213.184209
933223161.270983
524647552.636714
474922475.332183
304275052.118258
935742263.262263
875339454.073598
318473396.547361
331879235.430495
188644850.632011
575766964.949376
1018830785.778450
567567779.543414
650295714.759719
736020247.006040
435332832.281754
583715765.239509
242273479.577620
340122805.473272
585699012.717158
490209882.018913
717500154.030636
453450301.790756
352556426.498612
812602870.157170
925831821.128887
615567525.405084
901133453.457502
880561916.299745
974224221.340061
869107330.435294
944636870.705809
887409221.955308
958833481.190645
1013442841.845708
376618552.990877
670948207.864378
923886716.528717
795567900.859663
297975039.580780
458268715.276037
533103285.840409
690050664.620806
990107001.894320
877776871.464035
841889661.766493
349505477.291709
263790285.129055
317439327.543367
88906181.588101
261321129.011293
843582285.701959
672826773.516917
382643654.690382
824964743.043295
882547174.735935
84313850.912741
761235604.786646
967890878.888124
378041362.612634
949191992.614941
912699943.102976
902062298.215134
967252743.155258
525666902.887317
1036075832.322966
632481079.523021
619448470.171161
814357410.798810
320357300.328483
289946816.719217
355496216.484209
760884322.091775
473331076.815099
947522147.636880
649917806.788870
130183032.047283
619266893.395863
591363912.719429
465977043.930488
429895241.937337
344265698.047493
396133335.491564
174770991.159845
838877986.199630
522950507.256086
471434468.621217
926177845.748640
924293553.918548
323261248.721471
657684925.769500
912129222.559823
492137442.356525
816541915.005589
961285043.136033
812105591.244398
1051232198.664429
965012787.048193
460770496.258388
894866082.364721
348263326.258348
919929392.676883
207961203.430848
202899273.378729
927574024.553416
765282151.912274
564287236.720132
566320326.629070
589599618.228452
327079604.099085
79533828.874586
349939657.408772
205755884.260993
553103709.209873
489141647.108603
509084652.981352
165539017.219497
794088367.322167
321435647.093019
291028273.759814
736629667.214767
937778178.395523
465284379.531074
271648176.406111
280478979.221757
796208732.648268
971106855.283392
489911117.621857
895185356.586566
669553342.816128
890498108.273842
215027950.190698
629977030.713833
300198404.848900
356954738.915399
661368766.162381
227679785.856557
887102504.087098
345526853.054655
419672380.659807
470703677.938080
343699321.078268
235873682.945143
868315065.464141
278236873.572530
382394351.578019
590130489.845821
756986984.240418
505930452.798726
426694805.184097
720665910.488459
679361678.224897
432710147.832237
595428398.638276
936147968.463602
578905556.191519
701163615.900249
732757632.574672
817848503.918818
922846059.548097
715538344.898120
1026210841.962094
370642248.328572
615541537.009703
354224466.519757
294349214.790166
269674453.682390
757957445.675699
364754885.331542
419160554.672503
634160539.988711
368464647.682721
234542803.677617
219441084.996435
406505071.939692
320099829.359793
908224084.573264
87683232.034194
525137613.999590
446980466.519962
918090118.692495
749869922.666719
629094742.092864
850477300.077079
921936169.263414
155393446.663182
411986948.770407
925802704.796237
523167885.431839
931920926.586143
798913186.567862
688249374.847509
727281044.450159
988116017.237469
914892177.200157
300597868.181326
737378537.965399
336607859.299703
395330825.968169
730051414.496132
907088817.218145
501648252.486162
247743790.084597
135773126.896848
177624939.125592
536484147.290080
767962432.213825
544774042.649584
481032288.643115
901740270.938222
283980075.031524
458311838.638916
182527015.476727
906284687.675650
558976337.416085
586902528.143818
632593487.247328
637925197.386558
393683556.576899
329662660.475989
478510271.303144
122588222.106203
868959686.564580
986254427.774230
873047569.368680
1067210087.067457
1001316705.086585
326874309.441685
470826123.007123
848908957.939265
459611704.436029
443787964.930174
200192161.140343
696021678.533493
295577927.031750
436652092.774999
251517097.986610
438693844.741404
144698554.628619
894467484.025409
467054790.625137
598546127.388531
743035290.688349
807757089.744409
604254230.513063
371473829.787567
892702559.501483
387962640.460773
340052389.522658
96875050.417638
246670465.917558
644818281.067912
396664033.704003
289664016.061162
729680953.720528
957664595.101231
924856835.465131
540502134.377494
926351062.814740
968054653.534492
229808354.615572
767571021.692497
674253983.999792
773264937.496333
156610804.277231
177084503.139918
163187560.538387
47422457.998338
730796825.148296
516243348.808378
593660845.609974
306038475.249122
950435035.014488
461981399.603379
631786783.697744
757953875.829211
939638432.297976
714038217.285055
869914729.989001
736700148.550831
434117981.543478
753022746.513250
538140756.783885
355263929.596033
864769025.416957
974650514.546704
544237155.443073
195399063.660908
513107565.741466
467936264.185536
100056594.088205
926023478.001545
444871680.920533
719490772.445230
644693712.474079
378969190.236902
268102395.985152
101422557.742414
577821013.408695
375018331.726236
434578118.748089
686195671.535570
793711349.923066
624952975.443408
619317194.000212
959106560.649881
322122902.296280
767990035.290232
855580025.856997
831262021.948723
447626677.355507
856434127.346944
581930455.954075
232863048.268399
939217324.328880
463280244.068595
291808452.154881
549468179.574938
429821068.695917
650323539.891825
678322507.009190
420039385.465992
445785317.599748
261421964.699796
297361750.882405
396121965.375924
638770460.469760
163001346.807926
93641456.606880
181494322.143247
95624712.617804
688147084.699157
243942152.030862
592018781.639660
533859963.295783
890538151.773661
452899887.462557
573901435.518079
879282416.198789
403644015.765814
713639390.045465
558776394.656428
955191570.227618
199521209.611517
87626245.939840
518165900.144526
628082734.350626
800505271.359582
390122611.210261
340129626.417743
372562193.851856
343021896.355486
211692187.988785
509300709.027248
905177048.294754
625860082.081554
508436792.556872
140435852.447847
136563194.205422
230518462.647967
177467172.776429
335125728.080955
503448314.311431
351307883.984474
785425020.333721
486877831.825056
574432377.496779
239620644.775406
942519065.351606
571666957.440152
690484151.683295
896455724.454086
905397298.597647
612716075.805244
855402274.500343
668059564.760724
402984308.389752
578602383.845992
276245037.194726
484574930.938132
475611921.973523
720833667.102035
318580990.406748
241413544.016874
759936520.570593
668364383.381723
261854490.182170
660137724.181066
324473539.174158
132214640.161701
187722746.327966
203075114.217554
87568900.472145
226845944.666222
732272844.425637
444906907.627813
632483464.144949
828082731.150181
628250039.502146
779149945.542335
431483146.407361
995223794.001091
569795698.828030
921071195.719616
933157641.362629
928482276.601022
509919401.723244
597607762.110170
516545840.271834
464486740.979135
946391377.447570
207017659.591526
204444550.441458
558587227.217547
413508888.179734
148299224.681847
646400637.524960
512836074.754485
514027900.977092
435311937.170866
159860940.072513
207149345.408763
119598773.701354
332838757.526632
98728218.982433
429015984.134900
54897595.388370
844358059.689682
272835601.703746
655468375.061798
635139230.782612
855540967.042305
747279777.345463
498375665.664168
937835977.660349
98712025.787540
853893512.033965
404737269.771448
612528279.015253
495796723.010216
287918263.554213
207393957.348126
510564735.186044
769843604.420340
377787709.251221
60916024.080659
639945239.264536
519937708.401835
795186247.569122
581776508.163253
360405634.653184
238261440.234544
196087450.383238
268683702.398629
358433429.911407
80885199.380778
457764636.111543
441854982.246094
458771636.455435
468323518.711104
846536232.216127
229025055.158009
661168078.944198
263781977.658954
962890156.746731
809981323.543125
784994494.000187
945403386.614556
948947251.073101
786159011.905075
512725892.162266
859299371.578489
473794259.885364
649290616.977126
546380629.513490
470880605.503702
337917042.793004
699124284.965641
434525861.602673
317317446.239271
773621677.100208
342521369.832672
169817796.308212
290746472.806198
439067370.628905
132002560.790571
428147492.471890
300775894.795775
377702491.721611
632407041.060118
676465877.088958
442927022.087450
691828754.883412
852916112.567643
386469812.260378
709377389.255234
200991846.216026
1001802353.273521
655782256.884945
876951788.722922
862080913.401296
669123259.440017
293448777.026612
561350419.426461
664910133.943530
191748461.921635
658489077.981576
518207232.796985
210962499.227056
782551389.855979
697785095.679975
349029186.161650
337166942.582242
143023384.595911
491688166.315434
270926646.096974
74141060.125898
233832765.179802
250099805.744310
624511533.555435
505885328.483971
354441623.099813
249384944.720466
891990486.632652
609358942.940062
727625298.113870
927385541.942784
763262455.839580
856046598.823322
477222289.939441
947204071.409493
231018290.083361
617817223.236140
411027096.974877
813440875.969199
175951622.645059
114037700.884542
129319824.815294
435085529.932858
516400794.548258
367716242.099170
330055395.237289
338845604.841038
755713527.120907
287088387.908925
207707834.944575
238350278.557979
629031888.452910
222854337.261424
205231126.650363
226633421.829832
203612026.794623
609600787.652650
432695276.920258
413402256.209377
382463922.657295
910293200.476171
468786045.339487
748738827.720396
814747323.785209
948146712.453242
767212612.575222
787957419.395949
933749898.506393
550571831.359913
417742316.620555
499360863.515257
883888560.930793
230357363.056629
424478575.942498
241030037.541567
211758917.111638
731133768.241927
585420343.885571
393685827.388399
267665174.500764
185096198.747740
729973015.721576
323481024.213097
335933847.745328
636662071.846734
254995088.901186
468354533.261247
587820916.173959
273716135.866793
498331892.293356
759044930.840884
756948206.597052
624931514.717685
875175421.881031
399052443.386757
828140057.586347
373070709.640017
950487984.746888
423642596.020904
530598749.793008
805987609.910751
840801855.680725
547905140.062813
388048211.668237
515719332.887416
249396140.344610
362138459.612146
559755196.416324
593473174.088634
99820757.691436
156796127.650808
222136614.412822
181430194.297244
161989584.248512
641701316.169938
428144704.892025
233777182.655824
569010988.725986
285100282.747893
811174842.972128
708295221.745739
329168358.641493
310644314.605551
945388603.388205
952125525.780624
850285829.522638
998269147.882180
720769453.385607
814609357.685131
784267597.989771
958280704.488832
158802330.180555
577566816.854982
565863952.583418
895312723.978214
195000520.796983
146621216.971813
228990161.545180
146553663.038062
408097699.150294
674107977.100375
177409842.941956
284817621.193001
345728235.985736
383608867.346464
303316891.523792
374590597.446398
484877818.093286
304490751.339559
401014995.565960
206339413.769059
167802700.409729
863619790.943354
569798899.587365
480299134.130226
209778721.094482
921213056.899693
573454088.029530
886785150.747141
956016236.309985
954633454.327686
804869691.395599
605193708.711240
893462172.523721
204067452.144658
370670909.823863
575321644.726565
707769322.912945
286393050.428976
457613951.085069
446940849.806090
495274796.786035
190926810.572613
400988309.592046
358249387.406897
291410721.406936
437923037.499443
794167077.246429
311977725.461196
501550024.523866
507503590.776274
318234657.803607
489180630.953662
660023221.378286
405713801.271307
736481316.690767
773938420.891954
926767240.663180
660221780.081737
1007153163.090672
341562094.394234
854137557.746596
708435802.073483
880882463.848205
763295421.271188
650137131.842041
936740845.478963
479716305.398996
281370099.061238
388396780.078844
586289507.951498
462523952.118891
325739482.883872
179305293.586735
150314041.129606
211630824.442793
612145521.199818
90548680.431829
267605689.983431
423302048.796924
838509480.650042
360700337.290536
246348203.313086
600573089.559589
223552295.066847
626147998.158424
649781926.244500
613421129.751254
820504821.952108
917749043.055793
852583076.140206
462851506.207308
968363417.378272
611865432.531497
754238650.108737
515606937.378322
629170878.836277
338365762.975523
532262484.977709
937218403.292696
515395289.051772
155901173.796788
516842807.975154
348156369.108080
258245035.144285
152700095.680124
596257912.469040
372020278.550039
249968146.826878
629431392.942233
274553669.740307
287429385.317017
380245441.131154
757952140.793639
470534013.621598
681263321.602415
249393768.518305
163735620.473007
818676407.933835
345000121.300519
709973593.394738
122905644.029663
970613418.775094
887463672.521952
679607237.141791
988523182.417613
937071989.295321
818837203.517706
468037508.006464
957516394.132972
134695399.056823
505385170.209020
846309085.003024
723335482.476107
353326087.928431
72845423.427556
149916533.974051
286751299.500741
149380863.631897
812168816.681997
493311241.264086
496006911.501689
677346491.411808
447224678.904638
277323956.140604
489455350.371704
560282555.657142
252830873.408344
604315942.665478
786863450.383766
527438437.581720
948734871.520984
625053853.201615
817923231.304389
223266739.845856
979675743.668964
745403782.639215
920315587.700184
949220218.388642
726938220.404434
903727104.589942
665739994.191401
950171575.991340
428457268.078520
43059845.488250
363136112.313894
166875271.268855
88254908.914659
489198350.997651
234515723.191093
412964232.272604
203744366.680030
795121330.561180
303439632.411904
419777642.419963
523688808.913779
694362233.983227
203235651.297238
239954388.538648
340839532.184528
272278677.550782
860386997.972998
842654211.077405
838187993.630686
957622877.227973
890384945.093554
930078427.443681
467777619.918684
1037089492.856821
479720371.456562
829768187.280922
679411016.660060
915317652.854238
403133900.966375
430728949.620317
505900915.793664
519502369.619172
190290397.334603
240997134.036219
344028771.439547
264882192.353574
271988523.663684
572398869.053328
485759972.998399
460699211.170937
881452609.022118
280869255.009465
399680439.281215
426193701.045891
618475076.330921
267816727.638809
290854137.096597
321298325.171259
274248383.555972
959188330.523954
422382611.463735
738513675.797225
1001006788.207868
916615187.200300
907326487.204199
593087972.197620
991311349.945200
276180041.460042
594550116.415047
496792082.193106
937170399.752316
512293398.077639
157829008.750065
212738259.135324
94447299.366970
212728748.096458
599979701.152540
75693768.261939
426398542.161917
148317088.877858
799237972.531979
605660398.962042
491409624.111842
784262193.285172
578675045.057087
351290023.225148
167031857.394174
534614250.292328
323431035.445239
525817127.210390
854363771.870600
452756193.076680
974951306.684411
244551964.444398
864792449.004600
541683023.165117
896737868.116576
500431027.868907
393064353.918386
922816330.685133
447239090.246041
854910441.667927
245188180.419884
367943847.246173
268084460.875038
74622979.900033
578205463.516317
370997637.311917
370864491.816114
775194444.089992
216693733.636101
448334090.828633
142410469.617392
878376603.522283
753012986.138179
561588018.032637
786244207.064821
292685570.574153
169470659.099700
511612211.961909
167794873.823779
247727411.908151
961700353.331583
912940905.093672
889294814.878723
1045704491.219916
758164880.083690
939095640.384066
469619945.105316
1007561658.496668
271219422.984826
327048252.612366
688340424.645926
348817003.290675
308302939.432137
147022556.360599
208986638.455416
377043148.951612
202763287.911554
613655202.839128
341416619.438900
561133324.882208
798403899.806885
354232003.309167
497337453.773474
196772543.613946
844026232.091964
320558566.478896
539098317.209619
371483423.098078
308676108.613811
590177997.435272
146038394.926381
497470273.143561
222343259.482640
917967781.886614
936009928.435383
933254223.678443
1020152378.838804
779230893.759016
739545658.044231
307292098.122943
861070904.538703
719984427.441477
208011422.158891
183793594.611315
208842758.677044
195999829.553879
471933169.058041
252179060.698335
433179673.968339
214762745.814702
800666601.550333
396897503.802597
564876383.540234
512365559.262171
763053296.400090
607146567.202107
563278144.061656
890170766.876580
206055882.067764
121590404.054357
415853065.974333
179574464.837104
748578555.407171
552536898.138400
826702523.490550
433649719.956188
1047435293.172172
635298611.043383
997609067.523674
921747984.166187
926977745.256009
368640280.316877
314976034.782652
477899937.694131
586257152.708432
171932782.257169
297870304.017343
442135793.971228
283488494.610527
429487759.288568
433196506.392117
455861755.497654
458952843.023738
882188207.216970
224030229.987790
562054077.691204
522832488.726400
722473743.756493
446969664.504743
775526134.691915
792438282.629781
362553275.826741
534646531.889754
570777315.971821
286833316.144916
761377827.545971
831840077.150854
894873332.003250
732606944.109043
1029999075.828445
250228218.896460
838888088.019139
903556784.865514
943316119.343580
410167217.795726
150005535.065792
193066924.400712
134491160.741478
169451063.448752
620343776.099374
233927070.184297
420899761.683437
321811738.232925
761475228.054534
546399161.282095
560270053.158087
901039630.356956
91228298.469170
557543814.782181
417667166.308681
863911439.915351
434443082.705823
474230882.741513
503726744.329806
156843310.389416
832416552.710446
569173146.215221
483039039.775404
679080897.702824
940292226.295308
591603099.479587
785973687.871859
985531221.963708
605580807.740096
477487865.882306
273992833.726437
296910391.567970
238563705.996384
109929895.161879
459662516.223109
424961213.485090
333341773.057809
747834433.209052
107353167.193421
509178047.344464
118348229.300062
801677995.663632
616597008.675218
604582919.791022
863515836.910728
351507478.811319
424786594.598487
405465062.702530
832052669.027921
356078280.301796
297676812.056793
240416910.786676
357302146.067629
811307791.647667
588056963.965690
544304436.834130
283619259.419858
975549853.789080
669428455.945589
625761103.266204
557073630.228413
372291734.264474
220414493.664592
111227220.294126
162558632.079978
310372268.569936
97140965.740286
769780876.413843
639467880.093942
475370607.686702
722618684.805602
264964809.141881
483727841.481641
315639332.528615
901930771.606633
652290273.793329
693584860.781736
813952056.059978
582143654.624640
503256974.809227
657622791.941226
529084609.454338
181958442.155583
667361606.058928
630605798.620360
564497393.705355
876586971.093562
909546633.118092
473892568.993316
317533439.625407
960349567.117133
662288365.625584
88991975.771252
141806815.585432
150211727.094419
56192293.985339
561384288.770506
177808757.608119
326310726.266485
140423437.449718
830508654.966086
512323822.673472
567815111.510545
732591102.666641
481872217.895447
486867055.577830
448736575.655891
914047090.301479
373149582.822536
551033009.251175
688918346.102240
722386519.445361
247900904.497820
302685335.157651
255470732.215102
244274520.047828
766366833.271064
505833312.440577
536842037.856833
730005974.659827
915945696.061847
118942881.616577
459925209.630092
558627065.470033
443930308.575173
164222141.271842
164622604.509702
403240025.637528
274141116.172792
398063622.656551
360552807.868359
519178449.179356
371860787.201271
862568086.413057
362417655.965110
478383491.007525
445549852.557527
781164570.690315
620303658.468100
495678275.574170
839481339.568774
71151790.993633
417018012.819723
671347386.586252
673356587.612555
239827092.050528
192363893.450604
344254387.744386
323204340.616040
750510528.869256
234620366.139269
385449772.446351
674177679.722973
910867333.860880
527490846.806424
54788274.696921
201544651.346096
47535260.381442
229517704.025829
564854731.844067
262491030.048667
353817260.396484
402741942.427356
573848705.177386
571394531.737974
594331838.344295
827643429.314630
122570672.401044
380610960.244503
244194791.722944
905380466.226174
718748667.244657
669931348.010410
860944859.371946
731535787.032064
491083582.909281
459587311.671724
465577195.117148
167048485.562512
700619827.819419
612683206.221861
329488463.898689
703682494.051855
388679639.393158
201279129.851519
323843736.370748
456202343.488147
193127139.782039
104749254.782302
421457827.523692
372219513.824705
351782309.224766
606871197.756411
211364716.171559
446627637.723242
255185500.509230
783716360.269438
562337210.204305
608885546.506005
792835802.531955
247211599.910182
503032793.607121
284318181.378801
881242669.837171
755876084.064403
614958246.935597
657259559.223311
337847743.727050
149866374.649774
349509913.414273
134098419.684520
111746706.143380
856406263.406233
448911375.192841
503538434.839896
832195069.881339
420822350.152759
200869638.442440
111941191.264001
187171666.201954
289479447.418991
92778949.780773
639434840.991145
527169671.966825
463753087.506791
699948981.008311
143080277.031311
569011353.423537
198537642.416488
829042444.445778
593122240.484613
521289602.064808
681556520.394778
633561933.680905
547543733.583995
293317079.189372
722462691.606426
84092940.073613
542504966.613417
475094725.450256
416022447.203033
440966042.396644
175861116.658388
665302573.706859
347300425.203720
699696593.686456
544321899.807862
146411795.765405
95967663.797554
99777024.967573
46846630.819552
510765714.783383
205953501.679991
330719286.826604
147517909.263001
755964687.702062
753549042.092095
473648559.850095
668465608.772208
381465041.512589
443743665.123335
445784619.468225
818098054.368271
546025379.786380
465748533.112461
423666822.505979
793980276.857642
624507439.553826
603258640.139489
780290778.848195
235402553.104116
124925455.043618
510536945.409481
526845131.387952
518142376.456617
578842968.876605
324685732.778027
239546240.744988
287724539.475148
372731572.767068
125093240.361094
152701183.124456
413671274.468140
237257189.590617
441997328.931184
235029270.405798
307837071.012235
197551398.340844
707350270.259772
402649661.669867
537380625.644987
505901807.168118
437874836.383779
482465196.987608
443992279.906703
769560579.407433
125489674.099815
539519493.631491
318467412.753835
623343703.859415
408312666.680291
425215725.634937
538011130.487468
514697212.555257
297380298.827521
116526517.838312
244472681.366552
457055540.596602
689833206.453781
397394752.635348
50789151.132305
177755881.762614
45616311.884752
196618312.417921
447916911.073668
352603924.623673
354103332.777037
341101065.146688
467444102.289137
569180047.587180
487304977.828878
616477685.046407
192039860.100436
351251936.983768
363914375.056055
792205343.534457
871000367.753559
479732593.358358
675625740.125705
438383140.077303
515798239.758034
230093022.559335
716831148.347120
361395421.983446
215062121.327202
261934822.078408
462668040.378136
466906059.251218
182992266.496811
93507941.368617
127626301.881053
268724407.809243
149112139.716870
103505492.292950
313094987.475026
254079684.678131
403009012.639290
664158194.008577
271457053.681026
286208953.539511
327283050.347936
850635997.223942
519042189.275588
787925548.720417
713816632.749898
39801064.140629
324875606.436386
270423274.952747
793386030.277486
561990635.647866
516162628.906513
716343777.052066
423373794.310397
444001629.713989
241927085.672043
501371384.473143
263490140.747848
299249908.972033
194507334.973199
545156046.568423
393606850.509801
423360795.389867
127058946.406162
123754490.899403
163623790.498395
313024617.699381
201326108.356649
423119471.432672
350050247.585871
605393336.962689
774544389.534151
140083074.908920
583483466.971936
162628354.926567
851718398.846497
709583892.496161
447530015.505449
406070242.847322
549792944.723536
783516207.419724
412975924.539541
830878675.317155
344985782.125649
571267961.107212
807653303.236471
508567653.880316
417974268.558596
238961166.450446
776384519.443737
426145580.997614
178140964.068524
129870939.135225
294715332.023792
331551351.789192
126736940.800190
84179911.971788
504955582.361934
160013656.526996
399937680.692072
184031216.299499
687460019.419349
665864852.903787
408460905.002034
825070256.520893
384295744.177933
262404504.963530
365830767.693040
848082064.048751
814739038.746310
482184266.790179
661016755.755473
611709097.746406
653132860.594255
589816485.148948
863153420.204066
212613664.061300
604343769.134849
809586253.128206
655538712.628670
341766939.481089
180344993.283405
673164767.610423
655152034.497302
211046586.562653
133707173.529192
167337058.091665
151418380.213817
566995038.180206
186809459.447521
532051528.344830
340805760.223363
271658732.604204
181033919.236223
563863469.189841
380404631.425077
582076938.154895
555382493.904931
282238722.371353
333482886.501078
330970901.039432
617488443.187280
376142688.403099
511836059.923260
483346166.887796
787135580.243312
585543843.437016
560981822.137322
767105165.212124
275033598.573406
372186838.769261
646745701.307328
771989978.343766
141308803.519958
263773363.934829
333766069.159452
161769263.790506
197119858.258161
94842853.856615
248027215.921923
348642199.207094
367202970.570959
322632975.221060
369001392.970506
306250588.076275
458422478.496136
328055753.265375
687725350.882205
252663171.895975
269945132.821555
275441795.638535
614478569.463324
608913396.073246
515536045.193981
676942991.979415
194458182.721636
427334274.627586
235383120.100243
750260992.799698
598384729.268798
403232538.264326
714556875.023772
460705431.528084
541206295.609937
372582378.842897
395169519.547558
131899868.518897
157787289.372574
94436093.223914
179258033.090304
312383192.661699
258973157.054452
386586749.846194
596339547.687779
412470674.101196
334300021.857037
323554921.068501
645456664.109160
395453797.167633
769240910.322701
787199664.878966
241962948.863217
293422980.015371
347463702.609548
844526908.797085
589493372.878587
620385122.682572
858232339.115001
345772400.982957
581059362.721040
208610424.111446
768675154.460140
556327490.150523
254221969.613387
542836695.923490
409332797.686511
342306538.353719
179110117.724109
98484277.633247
195395312.059547
164037683.584662
326639869.810737
360571549.741312
218481872.008634
257711539.076481
560399732.001792
795529688.423107
301807073.854507
574518297.396927
310307664.887809
678858383.869080
567524867.384896
570343836.510614
527835777.706453
146288705.431736
452035653.010258
238526619.720162
792954713.021746
590559975.116587
500948291.070177
554432670.907712
314764881.384724
383954688.131198
243119152.253905
663956342.386564
303202657.149086
312814417.093668
126014808.526518
226073688.245045
160131867.778495
200151781.651318
92010447.637263
602634827.233387
336094257.523337
398560188.705007
493939327.114235
434801864.756885
523477179.328225
334177649.252628
821423354.798268
540710135.048790
244739683.734239
200048420.498884
836833964.242489
772622371.210224
469206160.209518
597130247.248321
419916156.217739
398145406.746107
600989843.371382
735258256.394706
160608014.948879
476833847.947541
494476849.897868
613892437.515566
432514280.012856
215362865.812013
715853146.439147
285841287.274855
86610504.678864
106191518.952393
195790460.242368
142009996.679957
508438883.678183
152329348.702237
624249620.638838
618583542.089611
319797099.315793
516635331.574520
354848064.458557
263751633.151822
552106282.911051
642232331.507775
526050387.244079
351135274.428393
157993875.602798
744479654.777500
635764965.842723
448985304.651828
452361791.257720
858136136.614718
621935021.583330
793703923.207210
739679611.665596
181682365.094458
523234060.507707
612306568.639676
624382142.994310
459539001.990786
166399534.712754
328216718.045827
268547449.727698
137992099.749968
165381606.542445
417750464.078835
213030151.748169
322016216.988898
243788814.887629
492534909.976084
145720853.729717
433243738.873392
356049018.993276
386089240.446933
270761965.367803
414875149.619426
282072537.245658
467836345.993196
402988865.778593
403044441.549662
854193960.027260
327749347.593687
593837057.580624
488408602.042203
770369495.705903
489593875.528333
604314304.472427
857145864.874634
76389893.104299
221535568.106810
488647209.397728
800958564.887593
323342114.461503
103917546.633331
129623870.934789
113693812.728049
437610889.523627
248929899.894152
367994092.801363
443982012.737130
474312190.427944
324657172.126418
500494312.485971
317108313.345503
304398410.369892
601199243.118712
666440217.639023
333749432.128802
292318971.132957
263054703.028243
682689902.033803
485893502.403168
535004482.568000
708722822.593282
162501983.109020
566428663.063877
192589409.043065
656176595.826155
389243694.914908
449885043.037021
633058525.978180
267451628.902636
392981109.006834
215503063.194428
143184910.750023
213738517.564675
103333485.127621
307610928.145250
503312793.443602
320071946.931290
155365865.713428
330851452.146205
769582126.597002
423805473.335144
647064825.262595
662002590.729496
196880025.469839
265292353.884152
678903403.988347
844755487.404086
262884185.291793
309036939.237035
221767164.045501
723071936.020966
793347788.119098
503938805.808061
591067179.530438
428390613.615607
471497996.988520
250900521.477564
783363621.655938
393789027.661874
163420201.060757
400953731.423530
339070225.045218
107870703.777599
167102708.785072
62919375.141598
264931653.523953
286835090.261113
396444876.815764
620605983.441376
107213762.133253
539182034.737931
198628522.139024
596456437.740095
525098436.510459
431251298.836326
511010089.712377
588558873.651277
515079154.208347
401744235.697228
635666885.134784
432101064.520204
209116549.723312
141318712.684311
841762418.590625
484550882.184171
543795217.176205
489716949.866086
258084734.112024
335487432.512711
195608457.348557
704908090.317002
349993604.078452
40114755.732448
115413207.193921
111214875.517670
211624850.921794
194151558.150326
208144499.209473
545579802.303903
719503796.575514
205341397.245789
598451536.949039
320103234.863536
303314018.190077
341778835.457432
782729469.892278
592503018.392502
225002103.033362
271584466.849576
510458150.774641
358504592.380594
409757880.000271
442640201.621462
533278481.509455
475077060.122309
344647357.220363
823562933.499264
258792472.051457
321054282.321477
400453599.834248
462278458.996658
349038706.094946
264227068.061164
370263995.219667
400484614.018788
131005538.410338
75756218.604521
519982311.046764
553682142.567877
249445621.241961
319161395.818819
391095325.948897
358174463.348981
411722520.935112
459863773.475897
424859148.037447
236854781.924691
327980056.816169
553830712.771472
310869328.253266
248667968.940362
266057577.447933
639840225.758423
394983945.338597
290594646.911988
428608348.903948
696071663.402370
459388570.769370
590613384.019175
776492956.463074
300575715.595052
197525671.969558
359461765.730209
548705347.761147
337765191.691070
106944013.733605
194200065.554911
276004692.693978
183559362.877271
163849107.926880
360700212.633418
65276069.062487
296497446.535150
215871001.440902
416154849.584070
241043044.679368
350902410.679812
292596201.433662
521166609.738375
330252456.336193
356757062.136671
551667572.479921
176726449.695561
144330264.872037
363007538.447712
567211438.154675
276237268.452703
429049012.339309
360621505.738362
783434119.624517
308662107.023772
288774604.814379
686051121.108973
244391545.660851
359276910.579662
145967959.120697
172723917.478361
44283538.371462
233694466.993336
280224330.874209
335664086.061866
220503937.565357
296342343.292432
361305994.585791
156528128.757758
264303880.037725
488428490.266474
582463780.893036
210111433.567521
163052270.170845
358861093.383289
571622252.490312
409486918.049592
387801017.043046
362373529.017454
500872706.488246
206639915.257862
330991408.581532
657367909.273008
124674106.682450
266898194.008826
460143466.168082
726837451.733017
315755400.890780
162846623.939189
384972282.001359
294576252.132278
211596214.895850
32443035.577529
168542051.796163
160710685.934511
83991439.967567
225365510.157666
478543930.831771
100904945.036065
458808625.816189
386456823.536186
122382893.607811
85878580.349602
543049111.581401
491055876.148848
163750165.977857
73483046.338997
129867797.072283
547145262.838208
256485938.120699
344931225.858206
177689730.048046
296805964.832550
177405491.757665
476314073.310433
625482675.519220
201330782.368291
71989613.450004
147820466.744750
566334332.946546
280158574.581246
67908571.601239
83296521.831205
87406139.185636
36176039.733291
150489020.786962
404656516.187323
95921936.322590
375284059.997831
94005316.633568
444252183.908090
125362732.199446
533094728.397984
439515864.672653
268186905.385364
266213952.636161
337864022.003032
368793090.826009
134727357.527832
297965732.404459
173595495.929202
442515247.340013
97778095.381646
382508043.181496
82194723.787253
481565998.168442
295522162.809968
555315633.952767
251539051.943672
291021567.892825
194538604.428252
257718241.055598
366478389.998102
253189538.264738
55448297.172030
100512307.561729
174133564.036357
312294859.719082
278561500.221890
210723703.987629
328654093.437968
283609682.159151
357827710.869351
465992390.364103
438262819.638903
284102318.413030
227689833.049476
280073473.312047
271541526.435464
283346344.316474
261822050.131793
356295505.029182
310782755.018648
386060553.264488
326143147.417554
360165282.575906
208499936.218875
337604163.399062
584706832.550949
404874274.910959
255776473.652536
215632077.007093
340685575.673736
184469491.502826
88900697.184739
32598393.427019
33148186.215233
107556344.010932
43879344.808071
181061787.276474
68165689.166081
208459515.236869
53028193.341122
267567219.375260
108674322.066417
186982775.086681
175877303.611778
138545520.087887
96474440.214145
63362285.307073
149706445.815891
112378948.860245
147208652.194515
68637874.164704
250029416.750349
112016894.564674
171779428.931326
120959940.333214
299919458.158166
112203892.915357
162216961.174396
165900125.460519
291442212.938703
237940222.210210
171541896.911470
157198810.086792

SCALARS equiv_plastic_strain float 1
LOOKUP_TABLE default
0.001112
0.000013
0.000000
0.000014
0.000000
0.000000
0.000000
0.000000
0.000000
0.000000
0.000000
0.000000
0.000000
0.000000
0.000000
0.000000
0.000053
0.004083
0.027463
0.014933
0.251747
5.421468
2.261257
4.676497
2.407138
2.324480
0.729626
1.064445
1.140575
1.180374
0.394046
0.000600
0.000915
0.003622
0.001449
0.000000
0.000000
0.000892
0.000104
0.000000
0.000000
0.000000
0.000000
0.000000
0.000000
0.000000
0.000008
0.000841
0.000037
0.025884
0.054594
0.372747
2.295123
0.531156
0.562284
0.408109
0.464694
0.473673
0.616027
0.484745
0.348626
0.229653
0.000004
0.001880
0.000519
0.000000
0.000720
0.002284
0.000000
0.000000
0.000000
0.000001
0.000000
0.000000
0.000000
0.000000
0.000000
0.000004
0.000585
0.003744
0.056985
0.088559
0.464864
2.010536
1.470020
0.567994
0.402406
0.478644
0.449660
0.404453
0.355126
0.441758
0.356678
0.000001
0.000346
0.001067
0.003459
0.000567
0.000255
0.000039
0.002832
0.000002
0.000000
0.000000
0.000182
0.000000
0.000000
0.000001
0.000068
0.001588
0.012403
0.053407
0.101967
0.613346
2.100974
0.859798
0.427284
0.466311
0.377951
0.336882
0.265225
0.127514
0.155401
0.132945
0.000000
0.000020
0.000000
0.002410
0.000000
0.004549
0.002534
0.006115
0.000000
0.000328
0.000047
0.000018
0.000000
0.001632
0.000000
0.000657
0.000511
0.016260
0.074546
0.216581
0.663128
9.247037
1.801025
0.534115
0.437138
0.389305
0.277260
0.313045
0.145782
0.140535
0.096053
0.000000
0.001460
0.000449
0.006138
0.000031
0.005256
0.000000
0.007480
0.008732
0.012289
0.000091
0.001588
0.001057
0.004293
0.001674
0.005486
0.012039
0.027680
0.102450
0.223153
0.643386
2.022747
3.288701
0.707525
0.395627
0.369237
0.199621
0.189344
0.167740
0.199351
0.061919
0.000000
0.003725
0.000000
0.008980
0.009822
0.019204
0.002784
0.009588
0.008115
0.003542
0.001901
0.016993
0.000001
0.013326
0.005837
0.008221
0.011599
0.038517
0.127539
0.286169
0.599828
1.967527
2.693561
1.036313
0.424898
0.299369
0.211855
0.166503
0.144066
0.078914
0.017664
0.000000
0.000000
0.000000
0.010700
0.000001
0.026146
0.023192
0.016248
0.010065
0.010389
0.014002
0.006575
0.000088
0.017950
0.000327
0.034157
0.014471
0.022387
0.057522
0.285577
0.509487
9.689356
2.466399
2.235086
0.608696
0.298820
0.235805
0.179566
0.138431
0.059779
0.021254
0.000000
0.000000
0.004022
0.000000
0.002146
0.014580
0.004283
0.020323
0.004049
0.033736
0.014099
0.020736
0.015771
0.006734
0.006073
0.028810
0.017625
0.090448
0.115879
0.199480
0.558891
1.771381
2.701564
1.801727
1.171581
0.415938
0.255894
0.215965
0.173507
0.060397
0.028626
0.000000
0.000015
0.000150
0.000005
0.007063
0.001340
0.007292
0.014046
0.003927
0.016909
0.005344
0.034366
0.003517
0.011557
0.026053
0.029529
0.038379
0.071079
0.245422
0.326866
0.574842
7.640243
2.547125
3.394510
3.029071
0.676314
0.372115
0.250335
0.145547
0.114087
0.036714
0.000161
0.000000
0.003191
0.014403
0.000000
0.006050
0.003499
0.000357
0.003106
0.009371
0.000000
0.023535
0.018643
0.024218
0.013631
0.015377
0.052753
0.034844
0.082507
0.361063
0.470815
3.578330
3.534975
2.663624
1.814977
1.022929
0.543219
0.339545
0.187541
0.128231
0.082755
0.000747
0.000000
0.002047
0.003542
0.006522
0.010287
0.000006
0.017254
0.005408
0.003243
0.006456
0.012541
0.023997
0.015042
0.010356
0.048470
0.014065
0.052592
0.205083
0.451309
0.993606
2.653963
6.370542
2.729997
2.433668
2.939913
1.878905
0.405924
0.296385
0.189932
0.119610
0.000000
0.000084
0.001478
0.008322
0.012582
0.000911
0.000622
0.009103
0.000188
0.015725
0.014487
0.009047
0.016780
0.017576
0.013482
0.032051
0.036833
0.071998
0.134064
0.275678
1.004188
2.398365
2.217327
1.499978
2.398169
2.556423
1.010528
0.712881
0.460975
0.239007
0.158396
0.000009
0.001079
0.000032
0.003152
0.002405
0.012628
0.011224
0.000609
0.002888
0.004894
0.007223
0.016475
0.025012
0.021040
0.033188
0.040809
0.044396
0.094211
0.113075
0.402033
2.662585
1.815950
1.021807
1.110253
2.214082
3.005649
2.419622
1.849541
0.883981
0.321583
0.236991
0.000112
0.000160
0.000000
0.004064
0.003509
0.006749
0.003409
0.006962
0.012506
0.010650
0.010029
0.006231
0.012455
0.011806
0.037501
0.038922
0.023789
0.095371
0.252159
0.333382
0.734935
1.867762
1.647839
0.549412
1.124877
2.189906
2.608852
2.137155
0.885704
0.444509
0.364349
0.000893
0.000000
0.014186
0.006580
0.003322
0.012301
0.010030
0.014167
0.000007
0.004704
0.011353
0.013857
0.021121
0.015428
0.032478
0.039685
0.111863
0.088473
0.108423
0.405938
1.050426
2.157395
0.787092
0.512387
0.576904
1.059294
1.782058
2.520047
2.395059
0.800117
0.527917
0.000340
0.000001
0.005912
0.000000
0.011850
0.012775
0.002468
0.006312
0.010855
0.015846
0.004433
0.009215
0.010074
0.015567
0.021830
0.035159
0.068916
0.060138
0.251142
0.431503
0.795698
2.794374
1.287839
1.212239
0.612933
0.551085
1.577903
2.241423
1.658254
1.431298
0.809374
0.000001
0.000000
0.016219
0.004065
0.006164
0.004410
0.008444
0.012872
0.008895
0.007697
0.017250
0.025444
0.014923
0.021902
0.014011
0.040360
0.080494
0.074206
0.166703
0.212324
0.857329
2.609385
2.487848
0.809611
1.403437
0.692872
0.409904
1.015807
1.203511
2.161423
0.952319
0.000531
0.000000
0.007031
0.000023
0.014512
0.020674
0.009249
0.001580
0.011504
0.009804
0.011093
0.014539
0.007813
0.033541
0.016659
0.047824
0.066696
0.131379
0.113342
0.296024
0.497102
2.656112
2.554165
1.460323
1.128368
0.226490
0.355447
0.950452
1.773025
1.806360
1.044065
0.000039
0.000001
0.003984
0.005194
0.010848
0.004221
0.010927
0.015363
0.012263
0.016721
0.022456
0.021322
0.043983
0.009425
0.021564
0.057486
0.027712
0.094978
0.080658
0.348584
0.528200
1.701987
2.355026
1.973869
2.126365
0.805273
1.110266
0.265992
1.119609
1.926201
1.306237
0.000021
0.000000
0.006270
0.005900
0.001031
0.013521
0.018904
0.013744
0.009241
0.018685
0.022810
0.013204
0.029257
0.015468
0.051587
0.046744
0.075859
0.120141
0.109940
0.381305
7.687120
2.328304
1.502332
2.006594
1.320829
1.190854
0.531444
0.607820
0.444645
0.996143
1.678485
0.000034
0.000001
0.001982
0.003316
0.004566
0.008409
0.004199
0.015000
0.029995
0.015447
0.019560
0.020756
0.022443
0.041463
0.034838
0.032240
0.050529
0.070689
0.162790
0.350370
0.687577
0.732124
2.064180
1.702006
1.889875
1.654852
0.759654
0.803993
0.396634
0.608091
1.137875
0.000002
0.000001
0.005434
0.007072
0.003170
0.003224
0.007691
0.012679
0.007815
0.008597
0.022501
0.024350
0.025188
0.031952
0.057220
0.038985
0.120839
0.108920
0.158072
0.325641
2.806386
0.949593
1.243041
1.370995
1.747299
1.493506
0.966215
0.944904
0.556029
0.456073
0.765191
0.000025
0.000121
0.003588
0.001400
0.010036
0.012076
0.007293
0.006481
0.023786
0.026028
0.007223
0.020877
0.026676
0.013160
0.040435
0.028078
0.074540
0.074604
0.240651
0.162487
0.540050
3.076342
1.596092
1.298668
1.179903
0.906599
1.520281
1.104246
1.554161
0.721101
0.981378
0.000101
0.000000
0.002215
0.005850
0.005050
0.001659
0.013756
0.012114
0.008480
0.007065
0.016245
0.025573
0.026634
0.049355
0.049601
0.028620
0.079392
0.072087
0.143635
0.286111
0.932367
2.155292
2.041574
1.881517
0.970940
0.858628
1.346365
1.322302
0.651667
1.019126
0.826243
0.000006
0.000000
0.003100
0.001789
0.001991
0.006847
0.010093
0.003385
0.009367
0.009866
0.014044
0.002320
0.023730
0.021987
0.040476
0.054868
0.065137
0.118740
0.189066
0.390685
0.359261
1.058018
2.321385
1.534183
0.724521
0.473819
0.570232
1.109849
0.971617
1.176746
0.949442
0.000002
0.000001
0.001622
0.000029
0.008058
0.008809
0.004519
0.006461
0.018198
0.004956
0.022317
0.018418
0.025168
0.025607
0.035140
0.061460
0.042775
0.070585
0.071134
0.226930
2.841165
7.165751
2.547017
2.049833
1.223750
0.557578
0.739064
0.447093
1.288105
1.289651
0.694133
0.000004
0.000001
0.008593
0.004734
0.001897
0.001529
0.013939
0.009403
0.011050
0.020006
0.015467
0.011111
0.036489
0.033002
0.048909
0.043061
0.054231
0.111077
0.120098
0.321475
0.501676
1.000111
2.422483
2.423690
1.862402
0.947097
0.711603
0.464859
0.796637
1.148766
1.042374
0.000036
0.000000
0.002194
0.000374
0.008777
0.009505
0.008610
0.007770
0.013662
0.015448
0.015701
0.040731
0.018977
0.038638
0.041689
0.031426
0.050999
0.099928
0.128387
0.378533
0.791984
3.502997
2.464249
2.097871
1.965266
1.401317
1.242341
1.147460
0.624569
0.764309
0.875699
0.000059
0.000000
0.001407
0.008070
0.003043
0.002324
0.009310
0.020838
0.012427
0.013080
0.024400
0.026949
0.042118
0.044033
0.041575
0.057695
0.062910
0.060631
0.153898
0.221989
1.723880
0.552082
3.184891
1.853488
1.785474
1.450230
0.639982
1.241637
0.478038
0.574714
1.083817
0.000002
0.000011
0.000095
0.001143
0.002264
0.012736
0.016324
0.005302
0.007903
0.020220
0.014841
0.015452
0.039793
0.021374
0.026012
0.087969
0.058189
0.108894
0.224836
0.370175
0.351972
4.007001
0.769988
1.220703
0.986630
1.981088
1.658654
1.165627
0.654129
0.738724
0.952896
0.000004
0.000000
0.000162
0.006220
0.009643
0.003105
0.004263
0.008410
0.013896
0.009057
0.005777
0.015393
0.017387
0.034766
0.062804
0.053704
0.098390
0.056123
0.085575
0.183000
1.240324
1.374982
4.118777
0.610946
1.311546
1.160880
1.660590
1.412219
1.816927
0.987790
0.679587
0.000042
0.000172
0.000061
0.004637
0.002629
0.000728
0.018044
0.011464
0.010552
0.012031
0.017517
0.015934
0.024527
0.034753
0.068830
0.091886
0.046417
0.124173
0.125160
0.292018
0.731411
8.731130
0.760677
0.547952
0.822993
0.707486
1.301814
1.283511
1.163704
1.367084
0.946412
0.000588
0.004026
0.000297
0.001961
0.010106
0.008338
0.008417
0.003969
0.016638
0.010269
0.012323
0.021423
0.028324
0.035140
0.023345
0.034438
0.051952
0.132880
0.163599
0.205685
0.579078
3.059103
2.139507
1.987702
0.411877
0.643824
0.562420
1.195989
1.351600
1.642955
1.075456
0.000004
0.000178
0.006106
0.003139
0.006705
0.012471
0.016796
0.020426
0.013062
0.007629
0.010750
0.014687
0.023146
0.038148
0.053569
0.045210
0.032383
0.052266
0.127329
0.123740
1.089879
1.063652
2.943570
1.301675
0.807657
0.739896
0.441994
0.686244
0.776191
1.415662
0.885728
0.000004
0.005066
0.001418
0.003185
0.008525
0.020527
0.012371
0.020265
0.005444
0.033983
0.010284
0.023086
0.030642
0.017480
0.026311
0.038462
0.043393
0.072526
0.249771
0.375634
0.668428
2.926575
1.702783
2.355506
2.370266
0.590696
0.290221
0.460901
0.853535
1.050113
1.034407
0.000003
0.000000
0.000018
0.007930
0.005700
0.010112
0.008355
0.023590
0.009926
0.024839
0.020256
0.036802
0.014172
0.046267
0.041463
0.055047
0.057504
0.084475
0.135462
0.113973
8.134943
1.998234
2.225684
2.398153
1.062590
1.742572
0.823093
0.585482
0.525502
0.966792
1.104768
0.000003
0.000006
0.007069
0.013490
0.014671
0.024646
0.036831
0.030780
0.022495
0.013161
0.033167
0.031257
0.027744
0.050802
0.015921
0.052622
0.063633
0.116783
0.197658
0.400903
0.546357
1.838248
3.487864
1.902613
1.711553
1.545639
0.486038
0.636889
0.528930
0.582843
0.853157
0.000001
0.001740
0.000000
0.000007
0.021552
0.022471
0.028604
0.008934
0.012485
0.020988
0.015326
0.008126
0.029113
0.036058
0.029345
0.054065
0.048275
0.111487
0.069648
0.428838
0.932002
0.806467
1.932156
1.304906
2.163038
1.305388
1.894066
0.974541
0.337498
0.390751
0.711210
0.000001
0.000001
0.000000
0.010514
0.001724
0.024794
0.036199
0.042772
0.021139
0.011905
0.040585
0.022810
0.061551
0.013859
0.057172
0.042248
0.100833
0.122701
0.139397
0.429059
0.955753
3.242221
1.291306
1.735248
1.861266
1.528299
2.044158
1.268143
1.432156
0.389559
0.579244
0.000009
0.000000
0.000859
0.010051
0.009677
0.021623
0.008375
0.045582
0.024776
0.019471
0.028459
0.017808
0.033715
0.030507
0.031305
0.079481
0.050175
0.101780
0.202307
0.339780
3.323790
2.142594
0.853932
0.899705
0.433792
1.710439
1.586922
1.715946
0.987723
0.698505
0.491738
0.000001
0.000000
0.008109
0.000169
0.017613
0.032787
0.012044
0.030657
0.030193
0.027034
0.016199
0.035899
0.036591
0.018823
0.072726
0.034078
0.061659
0.094825
0.116011
0.289913
1.028789
1.806362
1.371686
0.925423
0.451414
0.754263
0.911708
1.741881
1.450654
1.196879
0.627746
0.000000
0.000000
0.007825
0.007094
0.027198
0.007984
0.048053
0.030569
0.041353
0.020001
0.027780
0.029717
0.020033
0.016548
0.055953
0.025051
0.049971
0.042143
0.125275
1.149551
0.600154
3.135806
2.041286
1.050701
0.476033
0.722562
0.935636
1.445503
1.689403
1.892521
0.800286
0.000017
0.002886
0.000642
0.003198
0.024486
0.021722
0.050444
0.011458
0.051578
0.007678
0.031588
0.024717
0.028450
0.055532
0.016169
0.057306
0.071765
0.103862
0.147350
0.307852
0.353942
3.067207
3.403772
0.821465
0.785675
0.286805
0.475656
0.525803
0.663552
1.604922
0.818694
0.000000
0.000119
0.003562
0.006241
0.019224
0.033705
0.031590
0.030438
0.013158
0.013844
0.051504
0.018551
0.041680
0.030947
0.038501
0.057496
0.036924
0.061603
0.169096
0.278097
0.621698
1.858913
3.931365
1.482804
0.830094
0.532062
0.662939
1.656650
0.634566
1.080807
1.014036
0.000000
0.000000
0.002857
0.002059
0.000964
0.018515
0.014643
0.064639
0.035434
0.027525
0.019613
0.024278
0.064074
0.049369
0.044754
0.016288
0.063095
0.091740
0.087650
0.309899
0.488318
5.451129
2.459430
2.621981
1.419104
0.643166
0.298389
0.460175
0.707241
0.898521
1.001285
0.000002
0.000045
0.001714
0.000388
0.025773
0.003995
0.031752
0.022142
0.039884
0.015752
0.045883
0.065895
0.019601
0.028409
0.098406
0.035697
0.087317
0.087391
0.171746
0.164255
0.302465
4.741993
3.056618
2.730649
1.053056
0.747831
0.547031
0.639644
0.429568
0.493099
0.954072
0.000000
0.000000
0.000279
0.003278
0.012298
0.005865
0.021990
0.035186
0.019914
0.040132
0.022707
0.027716
0.019165
0.047254
0.049019
0.074275
0.073916
0.029003
0.156280
0.290348
1.103669
0.773630
2.198522
2.402708
2.292225
1.981769
0.632522
0.445179
0.430943
0.494830
0.977363
0.000020
0.000000
0.005563
0.009636
0.007971
0.027633
0.016004
0.015497
0.012775
0.039215
0.042677
0.013930
0.034300
0.044093
0.038111
0.049893
0.055424
0.093343
0.140941
0.768465
0.264182
2.617491
0.837160
1.585512
2.447757
1.106291
1.967264
1.133283
0.460678
0.548906
0.648957
0.000003
0.000001
0.004281
0.000000
0.000916
0.011381
0.021339
0.061257
0.027962
0.029323
0.036190
0.039807
0.032235
0.034580
0.048789
0.028944
0.079701
0.041036
0.123426
0.300192
7.675652
1.446949
1.338341
1.852937
2.025240
2.284422
2.394109
0.925982
1.163138
0.646829
0.803891
0.000021
0.000000
0.008150
0.014656
0.021373
0.004563
0.035059
0.018560
0.016272
0.051592
0.043298
0.023836
0.037459
0.025155
0.032945
0.043443
0.111928
0.104341
0.206942
0.123045
0.583189
1.067438
0.967220
1.081287
0.627712
0.969028
1.523631
2.025050
0.802031
0.731920
0.458549
0.002617
0.004483
0.008791
0.013706
0.003513
0.013984
0.018594
0.012470
0.022302
0.014870
0.025558
0.036592
0.029345
0.060495
0.046726
0.051184
0.062277
0.092492
0.160034
0.306181
1.217630
1.681634
0.721860
2.023816
0.611272
1.546098
0.732610
2.096788
2.119059
1.049181
0.663033
0.000000
0.000551
0.018655
0.008259
0.044040
0.030337
0.030088
0.034025
0.048178
0.049588
0.042464
0.008880
0.022474
0.057568
0.083705
0.050152
0.057422
0.152225
0.774019
0.125266
0.259321
2.862615
2.220666
0.720370
0.392109
0.403440
1.091104
1.653567
1.593857
1.411123
0.809178
0.000000
0.006560
0.021458
0.009363
0.032612
0.012796
0.021511
0.005929
0.046996
0.030260
0.039069
0.037801
0.052432
0.016409
0.053981
0.047391
0.051026
0.070386
0.207949
0.386024
1.166908
2.808238
0.588356
0.932913
1.149242
0.437044
0.503134
1.041634
1.558444
1.865758
0.920082
0.000000
0.000003
0.005282
0.027532
0.009258
0.016165
0.041073
0.017295
0.038726
0.010868
0.036039
0.043394
0.027263
0.033984
0.080102
0.084688
0.110500
0.103993
0.140557
0.364118
0.705639
1.070238
2.921101
1.457016
0.526345
0.525288
0.516530
0.740898
0.802292
1.676439
1.005169
0.000511
0.000043
0.007787
0.010106
0.008793
0.015615
0.031691
0.029085
0.023017
0.042816
0.030730
0.026710
0.044126
0.036404
0.027907
0.053533
0.063812
0.058866
0.121649
0.272910
0.457148
2.911680
2.780061
0.593806
2.186534
0.860547
0.384736
0.445803
1.394205
1.162929
0.980421
0.000000
0.002917
0.004443
0.008947
0.022836
0.022350
0.019127
0.034850
0.029294
0.017099
0.027926
0.027824
0.057623
0.031804
0.048879
0.066924
0.080953
0.131488
0.105607
0.759308
2.951279
0.384616
3.193623
2.397379
0.806165
0.509314
0.570553
0.563416
0.787061
0.831010
1.120263
0.000137
0.003848
0.000165
0.021402
0.013850
0.030643
0.038973
0.026351
0.019203
0.020904
0.018727
0.011958
0.024020
0.026719
0.044599
0.067785
0.059768
0.110849
0.306884
0.257772
0.994586
2.962662
2.449007
2.322005
1.557200
2.064191
0.789257
0.647552
0.732274
0.343491
1.093854
0.000008
0.001810
0.002737
0.012114
0.009226
0.044848
0.018504
0.024471
0.019255
0.023173
0.014511
0.044725
0.039055
0.048646
0.019109
0.047834
0.065083
0.085259
0.087024
0.121770
0.709716
2.144043
2.085076
2.129203
2.553465
1.628259
0.579560
0.859283
0.336672
0.358121
0.579543
0.000003
0.000000
0.003376
0.020198
0.019705
0.017317
0.008353
0.029205
0.054474
0.018686
0.055760
0.008748
0.052540
0.022002
0.078999
0.023921
0.062286
0.062999
0.197946
0.334241
0.651137
2.014277
2.158656
1.568153
2.452383
2.316743
1.556138
0.423194
0.841385
0.432721
0.606290
0.000123
0.001376
0.004757
0.005923
0.021358
0.019408
0.023047
0.012299
0.013657
0.018683
0.011420
0.052079
0.048738
0.041580
0.077696
0.017157
0.069144
0.086568
0.112008
0.275372
0.956454
1.712717
1.257033
1.587359
1.789176
2.364290
1.686515
0.701602
0.395036
0.596415
0.652862
0.000000
0.000000
0.001349
0.006576
0.007703
0.016881
0.004907
0.035912
0.042597
0.006761
0.029976
0.016947
0.042435
0.068907
0.005618
0.072814
0.057599
0.098925
0.129242
0.280500
0.831010
2.087895
2.176714
0.757668
0.637184
1.382385
2.753417
2.786135
1.332699
0.646670
0.579906
0.000000
0.002029
0.000212
0.027665
0.000001
0.021285
0.028085
0.012791
0.003675
0.040583
0.065521
0.025124
0.040466
0.061509
0.066924
0.072414
0.082550
0.033487
0.174261
0.174892
0.429589
2.746113
0.647485
1.042104
0.517659
2.188177
1.378161
1.732177
2.746952
0.805269
0.530961
0.000000
0.000001
0.010540
0.000879
0.023672
0.036729
0.016363
0.008886
0.052061
0.020036
0.059021
0.009792
0.088184
0.044387
0.078513
0.037584
0.088915
0.077716
0.185240
0.791124
0.326664
2.635278
1.825278
0.855749
0.657843
0.439321
0.781403
2.397835
2.350185
0.973313
0.644157
0.000087
0.000001
0.005810
0.025091
0.018839
0.010365
0.027410
0.048117
0.014465
0.020396
0.048774
0.039020
0.018714
0.022668
0.053176
0.067934
0.021665
0.066263
0.087579
0.110829
1.085682
2.807950
1.239092
0.991952
1.422149
0.601629
0.531215
1.589776
1.432269
1.446421
0.735403
0.001187
0.000940
0.001783
0.000052
0.016137
0.013157
0.014287
0.040937
0.017369
0.033841
0.011084
0.051535
0.024858
0.065230
0.079833
0.110330
0.086453
0.095587
0.126384
0.317900
0.645581
2.644150
0.914069
1.315380
0.376271
0.494458
0.425361
1.246315
0.625399
2.403041
0.752236
0.000000
0.000067
0.008102
0.010734
0.023745
0.014967
0.013500
0.025350
0.044369
0.022189
0.035801
0.066578
0.039082
0.066362
0.015203
0.053738
0.014611
0.089831
0.101272
0.476721
2.507981
0.668791
1.727771
1.127368
1.019127
0.748215
0.682715
0.546928
2.083987
2.145322
0.910973
0.000000
0.002336
0.011879
0.016908
0.026418
0.008587
0.049298
0.031252
0.016417
0.055254
0.054980
0.037314
0.028469
0.062698
0.075328
0.070508
0.027795
0.164314
0.115770
0.264908
0.469481
2.286050
1.490829
1.015860
1.486307
1.045731
0.864552
0.411757
1.351045
1.468431
1.245244
0.000000
0.000001
0.001541
0.002678
0.019700
0.014357
0.033268
0.040544
0.045652
0.039580
0.026151
0.035645
0.038557
0.027998
0.026211
0.078428
0.042644
0.102690
0.113590
0.250292
1.466072
1.047939
2.048940
0.860932
0.735387
1.020187
0.738066
0.870672
0.381696
0.515342
1.260949
0.000000
0.000000
0.008520
0.007616
0.007864
0.011258
0.017795
0.022287
0.011861
0.029986
0.025031
0.022838
0.034191
0.032186
0.058581
0.056347
0.059326
0.115034
0.105889
0.322788
1.057741
1.796347
1.771353
1.957874
0.904853
1.636457
0.977017
1.002990
0.538200
0.292932
0.618467
0.000001
0.005181
0.000317
0.002388
0.013252
0.033880
0.010183
0.044576
0.024527
0.023617
0.007805
0.022611
0.042558
0.033387
0.007270
0.060783
0.060072
0.131499
0.067537
0.416843
0.226079
0.818518
0.740347
1.506886
0.815558
0.689857
0.886903
1.052084
0.773676
0.357389
0.418200
0.000000
0.000210
0.005251
0.012256
0.010903
0.006205
0.002657
0.034236
0.009461
0.036604
0.028756
0.046463
0.001465
0.048543
0.031072
0.099952
0.037885
0.095244
0.133621
0.609017
0.394675
0.757931
0.634052
1.897774
1.522319
1.780477
1.203075
0.857048
1.037386
0.546498
0.410213
0.000121
0.002254
0.007265
0.010097
0.012509
0.015503
0.012544
0.032332
0.004650
0.039298
0.031283
0.027051
0.041415
0.071711
0.032389
0.040386
0.072017
0.102234
0.125940
0.264625
0.154609
0.609826
0.585784
1.067203
1.134125
1.611179
0.805237
1.457395
0.683533
0.625264
0.449450
0.000000
0.000580
0.003822
0.011265
0.023394
0.016851
0.024446
0.014719
0.024822
0.032660
0.013592
0.045776
0.028332
0.041211
0.044871
0.029610
0.061060
0.070658
0.070351
0.162402
0.467046
0.380044
0.418289
0.310373
1.054585
0.517549
1.617267
0.795157
0.628442
0.768881
0.561732
0.000768
0.003213
0.003231
0.017370
0.003617
0.016219
0.032046
0.037079
0.040813
0.039233
0.026797
0.026076
0.013241
0.027525
0.052123
0.015848
0.046076
0.076907
0.085423
0.137516
0.317830
0.135879
0.437199
0.354655
0.767616
1.540582
1.082884
1.000016
1.559858
0.825874
0.655635
0.000014
0.001802
0.002527
0.007805
0.029198
0.018250
0.034243
0.000972
0.024591
0.011321
0.039051
0.056908
0.065936
0.049269
0.010633
0.021081
0.055930
0.094215
0.021475
0.147389
0.260028
0.347430
0.336452
0.336936
0.360678
0.307565
0.378869
1.450650
0.763742
0.828080
0.740878
0.000020
0.000096
0.004099
0.004388
0.026734
0.026481
0.019063
0.037436
0.020683
0.013793
0.077770
0.026470
0.038266
0.026703
0.056265
0.029306
0.050692
0.053205
0.080014
0.076925
0.096060
0.070180
0.247911
0.375280
0.247584
0.875128
0.341080
1.055305
1.483504
0.888913
0.689768
0.000724
0.000001
0.011668
0.010587
0.009735
0.020395
0.042546
0.009868
0.005112
0.024450
0.039753
0.031767
0.016750
0.065098
0.041958
0.034480
0.041690
0.042154
0.064161
0.051754
0.114822
0.142597
0.265622
0.234407
0.275059
0.345934
0.280311
0.673547
0.879398
1.003507
0.787878
0.000000
0.001251
0.003373
0.001512
0.016336
0.015113
0.024964
0.045339
0.053702
0.008984
0.046410
0.041839
0.019093
0.033738
0.018993
0.065103
0.023917
0.033210
0.069939
0.059415
0.094704
0.071190
0.140144
0.229134
0.155717
0.276599
0.312441
0.188826
0.543825
0.919962
0.780990
0.000070
0.001024
0.009549
0.008598
0.011310
0.020398
0.035028
0.030744
0.023608
0.013744
0.021834
0.006913
0.011232
0.067287
0.019877
0.044786
0.030433
0.078820
0.058282
0.062813
0.081921
0.066747
0.082405
0.150537
0.159317
0.201733
0.281121
0.426833
0.329203
0.743983
0.805632
0.000000
0.000000
0.000878
0.010011
0.006681
0.015670
0.010818
0.018992
0.041292
0.029656
0.029642
0.035166
0.041549
0.018793
0.030815
0.025873
0.032769
0.017339
0.045784
0.040474
0.037230
0.039714
0.033026
0.089984
0.129189
0.173809
0.315599
0.251971
0.436504
0.544562
0.928012
0.000002
0.000000
0.004437
0.010316
0.013964
0.025595
0.042630
0.032565
0.024899
0.024654
0.021938
0.023209
0.008860
0.024575
0.071217
0.003754
0.038694
0.041727
0.041906
0.018028
0.023772
0.067663
0.102023
0.038538
0.094167
0.113990
0.130789
0.271413
0.245592
0.500935
0.766247
0.000301
0.000982
0.006479
0.002631
0.012660
0.029671
0.023805
0.020441
0.023239
0.037741
0.025630
0.024753
0.027956
0.030235
0.022758
0.004708
0.031912
0.015718
0.032947
0.045615
0.024670
0.021830
0.055603
0.069508
0.118599
0.100279
0.149015
0.188650
0.277436
0.361292
0.527773
0.000000
0.000004
0.002192
0.004745
0.010597
0.005772
0.012949
0.035193
0.022153
0.009375
0.026329
0.026506
0.025345
0.024870
0.013327
0.034036
0.025531
0.014718
0.051469
0.006341
0.048445
0.034392
0.081628
0.025735
0.015020
0.057794
0.089569
0.177573
0.243158
0.312440
0.345413
0.000008
0.000413
0.005825
0.008805
0.001960
0.018606
0.024255
0.005419
0.030637
0.039675
0.031665
0.021782
0.019050
0.022018
0.027712
0.009286
0.021829
0.029883
0.017515
0.011520
0.052180
0.008011
0.019185
0.053205
0.104465
0.064369
0.066467
0.106797
0.150797
0.243083
0.208802
0.000000
0.000000
0.000016
0.002561
0.007571
0.010403
0.004544
0.015322
0.026542
0.014465
0.031302
0.043253
0.028879
0.018271
0.021873
0.023387
0.032298
0.036485
0.010690
0.022950
0.024056
0.029561
0.044613
0.060617
0.032493
0.023074
0.046969
0.068084
0.122994
0.159379
0.160116
0.000044
0.000002
0.006835
0.004159
0.011729
0.010887
0.017231
0.019359
0.024965
0.011144
0.036201
0.017378
0.034061
0.024731
0.029094
0.018702
0.045052
0.033567
0.043618
0.020910
0.017496
0.039867
0.016570
0.038198
0.043240
0.087293
0.038971
0.070337
0.078494
0.099311
0.133675
0.000078
0.000006
0.002618
0.004835
0.004880
0.012081
0.021498
0.003440
0.018171
0.021341
0.020091
0.014025
0.026048
0.026254
0.017157
0.031739
0.040774
0.015764
0.030719
0.031178
0.015078
0.025416
0.007453
0.025532
0.041295
0.034029
0.047781
0.059099
0.048976
0.123554
0.099752
0.000001
0.000003
0.000007
0.006931
0.010257
0.014244
0.011944
0.020155
0.023730
0.004527
0.019021
0.022312
0.006950
0.015510
0.021145
0.029965
0.014199
0.024617
0.021677
0.040584
0.002690
0.024635
0.016779
0.011091
0.022022
0.029701
0.055850
0.025452
0.079667
0.079173
0.064885
0.000002
0.000038
0.002488
0.002251
0.003466
0.010059
0.013326
0.015575
0.009297
0.033286
0.027094
0.022212
0.032819
0.028790
0.020787
0.030249
0.023306
0.039741
0.010643
0.009756
0.015701
0.035221
0.005032
0.021823
0.020902
0.040161
0.017949
0.026772
0.063073
0.041803
0.063355
0.000000
0.000000
0.003109
0.003040
0.017712
0.013295
0.017589
0.016704
0.023353
0.025684
0.005744
0.022887
0.017091
0.012739
0.025145
0.034115
0.032306
0.044015
0.021092
0.039777
0.006344
0.012582
0.023532
0.018965
0.024684
0.001063
0.035551
0.043399
0.019371
0.046830
0.054582
0.000091
0.000001
0.005113
0.001869
0.003248
0.005011
0.016913
0.017965
0.017227
0.021504
0.022814
0.046856
0.021011
0.028499
0.016519
0.031276
0.048146
0.011667
0.037571
0.026086
0.022428
0.024744
0.005856
0.000239
0.026821
0.020288
0.016178
0.032853
0.027831
0.052627
0.030515
0.000000
0.000000
0.000146
0.000769
0.006981
0.008080
0.011410
0.003033
0.019090
0.019341
0.018320
0.031404
0.035363
0.037228
0.037303
0.030635
0.023334
0.047168
0.026928
0.043809
0.020691
0.037318
0.029549
0.023757
0.005029
0.011275
0.024068
0.015640
0.027005
0.031968
0.021517
0.004976
0.000000
0.009702
0.001019
0.003587
0.001538
0.012423
0.016266
0.012405
0.005193
0.032264
0.022647
0.015880
0.030505
0.024020
0.034828
0.019684
0.032085
0.011316
0.042050
0.027440
0.015049
0.020923
0.000868
0.009030
0.022319
0.004127
0.010750
0.026428
0.030445
0.022958
0.000000
0.009047
0.009632
0.003991
0.016631
0.005384
0.020617
0.003601
0.019245
0.022193
0.023605
0.004750
0.016901
0.022331
0.021874
0.024288
0.025094
0.015264
0.024772
0.050906
0.033910
0.054231
0.017803
0.027933
0.029703
0.000005
0.000231
0.010959
0.021261
0.025361
0.019718
0.000000
0.000419
0.027496
0.002804
0.016971
0.000086
0.023920
0.007644
0.019518
0.012069
0.009054
0.031283
0.032303
0.011746
0.036490
0.024491
0.052911
0.029848
0.028140
0.015091
0.024424
0.010783
0.032121
0.016392
0.000000
0.009249
0.023808
0.007916
0.006055
0.031779
0.023419
0.000011
0.000046
0.000090
0.000725
0.014895
0.003082
0.023344
0.000197
0.011706
0.017386
0.023441
0.009730
0.010878
0.021576
0.020784
0.015115
0.039630
0.011205
0.034247
0.039875
0.030942
0.021974
0.020481
0.015618
0.020334
0.023156
0.008003
0.026462
0.023013
0.011405
0.006648
0.000000
0.000000
0.007218
0.008741
0.022354
0.000049
0.011762
0.010458
0.018657
0.003674
0.007403
0.017757
0.038483
0.017246
0.019766
0.022365
0.032611
0.026420
0.026799
0.011687
0.017269
0.025879
0.024038
0.011214
0.010954
0.012597
0.023325
0.013163
0.003135
0.010548
0.010932
0.000000
0.000001
0.004044
0.002776
0.009164
0.016488
0.019213
0.008986
0.001399
0.014207
0.026877
0.002653
0.009566
0.011160
0.013883
0.016323
0.011904
0.017451
0.027286
0.018195
0.010267
0.014651
0.015686
0.022619
0.009271
0.004150
0.012398
0.007509
0.003995
0.028846
0.021246
0.000000
0.000000
0.000270
0.000000
0.009058
0.005103
0.015209
0.023105
0.014692
0.008566
0.003195
0.015725
0.034283
0.000021
0.017942
0.015979
0.031346
0.018815
0.006956
0.040700
0.007361
0.024288
0.003365
0.022204
0.024286
0.016274
0.002274
0.014514
0.036221
0.000006
0.000297
0.000000
0.000000
0.004449
0.000557
0.000000
0.006857
0.013998
0.002889
0.009878
0.017381
0.012518
0.001007
0.009454
0.018922
0.029099
0.012752
0.015708
0.038410
0.007503
0.031537
0.003869
0.030405
0.009266
0.010983
0.028953
0.009636
0.013923
0.011758
0.015596
0.015982
0.010403
0.000000
0.000003
0.000860
0.002485
0.003236
0.001153
0.000000
0.005216
0.020602
0.019013
0.019393
0.026808
0.032092
0.007750
0.014808
0.010420
0.016322
0.022168
0.012833
0.006355
0.012461
0.004240
0.003961
0.011999
0.021964
0.003670
0.016325
0.022856
0.003977
0.020086
0.019356
0.000000
0.000000
0.000000
0.006386
0.000730
0.000100
0.018093
0.002247
0.002967
0.020262
0.028844
0.018897
0.010099
0.029965
0.021794
0.019466
0.016532
0.026696
0.024866
0.000098
0.020805
0.007177
0.029984
0.000001
0.010901
0.023631
0.007958
0.017646
0.014686
0.005940
0.006690
0.000001
0.002519
0.000000
0.000080
0.000160
0.003761
0.002463
0.000238
0.016134
0.019969
0.001784
0.012364
0.020162
0.012238
0.029108
0.004983
0.018605
0.011574
0.014317
0.024990
0.044748
0.006300
0.012702
0.028834
0.004548
0.000532
0.015585
0.006832
0.030322
0.034753
0.006392
0.000000
0.000000
0.000552
0.005487
0.005469
0.000519
0.012253
0.018545
0.002517
0.000753
0.009356
0.024507
0.007475
0.001048
0.024608
0.011255
0.034036
0.009135
0.023073
0.011765
0.015320
0.018650
0.009969
0.009107
0.007412
0.029675
0.030755
0.009444
0.029707
0.027324
0.007206
0.000000
0.000000
0.004040
0.000004
0.003262
0.000000
0.004197
0.002045
0.000000
0.009967
0.001556
0.017106
0.014993
0.020189
0.005046
0.011810
0.019569
0.001634
0.018470
0.009641
0.013217
0.003842
0.014492
0.014589
0.029773
0.020324
0.007956
0.021363
0.004104
0.007943
0.013577
0.000001
0.000000
0.002753
0.000041
0.004322
0.001449
0.002768
0.019326
0.019792
0.011089
0.000009
0.025823
0.001411
0.006648
0.014084
0.018903
0.002507
0.017670
0.013582
0.025249
0.013375
0.018064
0.024549
0.018463
0.013249
0.012556
0.022041
0.005188
0.002745
0.009609
0.008570
0.000432
0.000000
0.000157
0.005007
0.004826
0.010077
0.002933
0.003150
0.003761
0.023395
0.011716
0.019978
0.000000
0.010918
0.003554
0.011997
0.009460
0.008874
0.026002
0.000228
0.016151
0.022091
0.016845
0.008538
0.001925
0.012226
0.013406
0.002466
0.010302
0.014057
0.000084
0.001276
0.000138
0.006483
0.004175
0.000000
0.002836
0.002393
0.030468
0.004115
0.005418
0.002384
0.007908
0.012040
0.007582
0.010231
0.038764
0.012538
0.031518
0.016893
0.036091
0.004420
0.002049
0.026846
0.020264
0.006060
0.006132
0.020496
0.005978
0.008671
0.003982
0.001695
0.000000
0.000086
0.000756
0.005693
0.011746
0.011365
0.000000
0.001908
0.011886
0.027705
0.030645
0.021321
0.016761
0.025601
0.011194
0.016920
0.021846
0.027598
0.005189
0.005805
0.027659
0.011635
0.000008
0.017731
0.011498
0.000777
0.001919
0.009465
0.010069
0.003898
0.003555
0.000000
0.001470
0.004739
0.007631
0.000000
0.003951
0.021321
0.012975
0.019838
0.015116
0.012048
0.001618
0.000430
0.017997
0.018519
0.023000
0.019376
0.010120
0.016332
0.013424
0.018093
0.002596
0.008259
0.017572
0.005505
0.003142
0.008355
0.009632
0.000925
0.006142
0.005145
0.000000
0.000891
0.005241
0.002926
0.011509
0.006385
0.010021
0.000000
0.006809
0.004896
0.009115
0.005737
0.019549
0.002059
0.005167
0.004132
0.000865
0.022311
0.011634
0.001735
0.000000
0.034569
0.014127
0.011302
0.007909
0.012579
0.006692
0.004029
0.015961
0.001030
0.000003
0.000000
0.000000
0.000939
0.010942
0.005974
0.004433
0.030107
0.008456
0.004762
0.003302
0.010696
0.003053
0.015567
0.013784
0.009674
0.002847
0.018194
0.000000
0.000065
0.018815
0.015465
0.002093
0.006937
0.017788
0.021189
0.004163
0.002215
0.011032
0.009611
0.000595
0.000397
0.000000
0.000035
0.002681
0.002480
0.005112
0.015091
0.016585
0.000000
0.002685
0.015550
0.000765
0.004305
0.004634
0.014205
0.001274
0.004117
0.001474
0.001493
0.012390
0.000194
0.000049
0.002981
0.022326
0.020955
0.008310
0.010454
0.003554
0.008278
0.005190
0.004046
0.002230
0.000000
0.000000
0.000000
0.000228
0.014521
0.026430
0.009209
0.040913
0.010164
0.000464
0.006852
0.016567
0.000372
0.035676
0.003610
0.009817
0.014370
0.016764
0.000196
0.000107
0.020196
0.003192
0.000000
0.000035
0.037338
0.014853
0.000000
0.000043
0.004091
0.003840
0.000004
0.000001
0.000000
0.004890
0.000000
0.000000
0.005860
0.009707
0.034116
0.006854
0.014708
0.012380
0.010347
0.017771
0.019424
0.004523
0.006301
0.005068
0.001405
0.011066
0.018926
0.000986
0.001198
0.018999
0.017673
0.002722
0.009251
0.004419
0.011307
0.002321
0.004110
0.000773
0.000000
0.000000
0.000384
0.000000
0.000000
0.007360
0.003649
0.001143
0.037040
0.008466
0.018531
0.015516
0.004968
0.012153
0.014343
0.027575
0.007631
0.032415
0.002389
0.001327
0.008875
0.016378
0.003996
0.003114
0.006800
0.027314
0.000791
0.000449
0.004945
0.006614
0.000903
0.000000
0.000000
0.000000
0.005096
0.000714
0.000003
0.007369
0.015397
0.010669
0.004376
0.031608
0.007350
0.000005
0.021727
0.004854
0.001331
0.022643
0.000081
0.002291
0.001934
0.006818
0.018149
0.000000
0.009580
0.011178
0.000003
0.007179
0.008684
0.009211
0.002972
0.000000
0.000000
0.000000
0.000000
0.000000
0.000000
0.006086
0.000001
0.000262
0.003533
0.017737
0.008130
0.017849
0.017369
0.021533
0.001125
0.001820
0.013099
0.024554
0.030789
0.002555
0.000165
0.004606
0.019936
0.006120
0.000043
0.008519
0.025685
0.003485
0.000015
0.007597
0.000000
0.000000
0.000000
0.000000
0.000003
0.000083
0.000000
0.000003
0.011348
0.000000
0.000115
0.004030
0.009971
0.007863
0.012267
0.029530
0.023302
0.004926
0.000000
0.005076
0.003904
0.014394
0.000000
0.000878
0.003142
0.007863
0.010224
0.013925
0.003737
0.013633
0.000716
0.003111
0.000000
0.000000
0.000000
0.000285
0.000000
0.000038
0.002293
0.000000
0.001821
0.007420
0.004191
0.000310
0.011338
0.014969
0.022907
0.027697
0.010129
0.015197
0.009321
0.013602
0.000402
0.000054
0.003866
0.007680
0.000273
0.001653
0.007360
0.002314
0.000022
0.000037
0.003300
0.000000
0.000000
0.000000
0.000000
0.001670
0.001290
0.000003
0.007258
0.007228
0.000001
0.000102
0.009268
0.014996
0.003600
0.000474
0.024680
0.005969
0.000000
0.008197
0.007917
0.000710
0.010307
0.000112
0.002484
0.007972
0.002878
0.002816
0.000100
0.005819
0.009507
0.000014
0.000000
0.000000
0.000000
0.000208
0.000921
0.000003
0.002561
0.001423
0.000000
0.003960
0.005509
0.001915
0.000615
0.030393
0.011638
0.015471
0.007225
0.023443
0.010800
0.001115
0.000793
0.000833
0.000001
0.006311
0.012924
0.001492
0.006437
0.000426
0.000000
0.004331
0.000000
0.000000
0.000000
0.000118
0.000942
0.000000
0.005008
0.017159
0.000001
0.007490
0.005404
0.003636
0.011303
0.011843
0.004773
0.018872
0.005517
0.005389
0.005468
0.012408
0.006382
0.003140
0.007345
0.000000
0.000003
0.006955
0.006268
0.008791
0.000015
0.011234
0.000032
0.001974
0.000000
0.000000
0.000000
0.000000
0.005621
0.000085
0.000000
0.019666
0.011472
0.005145
0.008708
0.006455
0.005885
0.010987
0.022738
0.014816
0.002867
0.003700
0.020324
0.000926
0.000381
0.000038
0.002903
0.005397
0.007180
0.001141
0.000000
0.004562
0.003868
0.000035
0.000015
0.000000
0.000000
0.000053
0.000000
0.000000
0.000000
0.009241
0.003539
0.002023
0.022071
0.019243
0.000013
0.011692
0.012796
0.001573
0.000003
0.012805
0.017043
0.012872
0.017605
0.017158
0.009107
0.010016
0.002221
0.002672
0.000001
0.000005
0.000303
0.000002
0.007444
0.002230
0.000000
0.000000
0.000000
0.000000
0.001269
0.000628
0.000000
0.000009
0.006993
0.007059
0.000987
0.008092
0.010152
0.003697
0.021596
0.035983
0.010966
0.008518
0.015460
0.013859
0.004464
0.004192
0.000096
0.000783
0.011327
0.000195
0.000000
0.000684
0.001708
0.000240
0.000000
0.000000
0.000000
0.000000
0.000000
0.000000
0.000000
0.001205
0.009870
0.004857
0.000414
0.018286
0.005700
0.003564
0.014423
0.009954
0.000009
0.025162
0.016655
0.010718
0.004795
0.006911
0.021882
0.015473
0.011129
0.000976
0.004397
0.001041
0.000000
0.006542
0.001780
0.000005
0.000000
0.000000
0.000000
0.000000
0.000000
0.001196
0.000009
0.000000
0.001938
0.006637
0.002593
0.005294
0.003732
0.003660
0.001954
0.019135
0.007214
0.017281
0.001143
0.009208
0.025787
0.018773
0.013086
0.000079
0.001752
0.010019
0.000937
0.000023
0.002454
0.000015
0.000832
0.000000
0.000000
0.000000
0.000000
0.000000
0.000000
0.000000
0.000745
0.000891
0.000008
0.000905
0.006588
0.003942
0.013868
0.021998
0.011054
0.004247
0.021666
0.005430
0.004995
0.013994
0.019595
0.007867
0.005761
0.002610
0.007515
0.000000
0.011421
0.000000
0.008738
0.000000
0.000000
0.000000
0.000000
0.000000
0.000000
0.000000
0.000000
0.000000
0.000000
0.004430
0.012457
0.004359
0.014831
0.011926
0.006802
0.005013
0.016610
0.005288
0.000057
0.010502
0.016573
0.010157
0.012364
0.013877
0.003940
0.000636
0.009407
0.000134
0.000000
0.002422
0.000000
0.000000
0.000000
0.001357
0.000000
0.001799
0.000000
0.000000
0.000000
0.000819
0.000000
0.000338
0.007621
0.001991
0.006442
0.016005
0.022613
0.002211
0.000144
0.011978
0.005328
0.007498
0.021592
0.007576
0.000012
0.005441
0.004135
0.004643
0.000000
0.001400
0.000000
0.000009
0.000000
0.000000
0.000000
0.000000
0.000004
0.000000
0.001198
0.000000
0.000642
0.003284
0.009871
0.000003
0.000561
0.018341
0.000035
0.004340
0.012400
0.012814
0.000537
0.008469
0.011087
0.007606
0.007315
0.014122
0.000611
0.005838
0.000004
0.003878
0.000000
0.000000
0.000004
0.000000
0.000000
0.000000
0.001292
0.000000
0.000000
0.000003
0.000000
0.000851
0.000000
0.000309
0.007656
0.017032
0.003324
0.000000
0.036514
0.015545
0.000283
0.001084
0.019549
0.004906
0.009478
0.024337
0.011682
0.009241
0.004737
0.002289
0.000000
0.004541
0.002790
0.000000
0.000000
0.000000
0.000000
0.000000
0.000000
0.002061
0.000000
0.000391
0.000000
0.000000
0.001160
0.000000
0.000010
0.010668
0.005708
0.008479
0.009205
0.021467
0.005343
0.000000
0.002708
0.010407
0.006384
0.000840
0.014009
0.009077
0.000012
0.008083
0.000520
0.008616
0.000000
0.000000
0.000000
0.000000
0.000001
0.003287
0.000000
0.000000
0.002141
0.000000
0.004949
0.000717
0.000901
0.002111
0.008528
0.000465
0.006830
0.037219
0.014216
0.008386
0.010192
0.004639
0.000000
0.000976
0.018187
0.006120
0.004568
0.008627
0.006770
0.006108
0.000000
0.000000
0.000000
0.000000
0.000017
0.000000
0.000000
0.000230
0.003552
0.000000
0.000008
0.000482
0.000000
0.006474
0.001703
0.010440
0.018387
0.005186
0.001427
0.004285
0.016916
0.008543
0.004999
0.003646
0.005397
0.000927
0.010628
0.026152
0.003801
0.000000
0.009730
0.000000
0.000000
0.000000
0.000000
0.000000
0.000000
0.001802
0.000000
0.000000
0.001234
0.007556
0.000000
0.000400
0.001783
0.003175
0.001640
0.001130
0.011530
0.009689
0.028389
0.017159
0.005345
0.016129
0.001969
0.001771
0.006170
0.003521
0.000000
0.014688
0.003139
0.000124
0.000000
0.000000
0.000000
0.000000
0.000000
0.000109
0.000000
0.000000
0.003346
0.000234
0.000000
0.000805
0.006732
0.000000
0.004293
0.001298
0.005303
0.019652
0.000528
0.026607
0.009792
0.016947
0.002577
0.003175
0.010804
0.000000
0.003813
0.006858
0.011221
0.000043
0.000000
0.000027
0.000000
0.000000
0.000000
0.000000
0.000000
0.000000
0.003100
0.000000
0.000000
0.004746
0.002718
0.000000
0.000007
0.001115
0.000000
0.003042
0.005359
0.004340
0.034425
0.007340
0.007997
0.015176
0.015265
0.011417
0.002428
0.004874
0.001194
0.000640
0.000001
0.001576
0.000000
0.000000
0.000000
0.000000
0.000000
0.000000
0.000000
0.000000
0.000000
0.005178
0.000000
0.000000
0.002358
0.003362
0.000000
0.000000
0.000000
0.000038
0.013349
0.000292
0.012475
0.010114
0.027014
0.003573
0.004546
0.008970
0.001641
0.000846
0.009762
0.003229
0.000000
0.000000
0.000000
0.000000
0.000000
0.000474
0.000000
0.000000
0.000000
0.000000
0.000000
0.000000
0.006345
0.000000
0.000000
0.000195
0.002622
0.000000
0.000000
0.000003
0.000262
0.030617
0.000031
0.022301
0.017282
0.008793
0.001685
0.000404
0.006754
0.000002
0.000018
0.005116
0.000001
0.000000
0.000000
0.000000
0.000000
0.000000
0.001444
0.000000
0.000000
0.000000
0.002754
0.000001
0.000164
0.005739
0.001523
0.000000
0.000007
0.000881
0.000000
0.006457
0.006985
0.001800
0.015398
0.014506
0.013202
0.010887
0.012809
0.002522
0.009780
0.003880
0.000304
0.000000
0.000000
0.000000
0.000000
0.000000
0.000122
0.000000
0.000000
0.001757
0.000000
0.000000
0.000000
0.002275
0.000000
0.000489
0.002535
0.000000
0.002503
0.000090
0.000000
0.001836
0.014773
0.009706
0.004749
0.029601
0.009293
0.000789
0.000475
0.002058
0.000000
0.000001
0.000000
0.000000
0.000000
0.000000
0.000000
0.000000
0.000000
0.003548
0.000000
0.000000
0.000221
0.000043
0.000000
0.000000
0.008419
0.000000
0.000458
0.000186
0.000000
0.003176
0.000514
0.000003
0.000004
0.009976
0.008169
0.001139
0.016741
0.006607
0.001591
0.000091
0.006245
0.000126
0.000000
0.000000
0.000000
0.000000
0.000001
0.000000
0.000000
0.000000
0.005579
0.000000
0.000000
0.000002
0.002072
0.000000
0.001123
0.005283
0.000000
0.000001
0.000000
0.000000
0.000690
0.007364
0.001333
0.000000
0.010579
0.004474
0.001566
0.007994
0.000000
0.000233
0.000000
0.000000
0.000000
0.000000
0.000000
0.000000
0.000000
0.000000
0.000012
0.000000
0.000000
0.005663
0.000000
0.000001
0.000073
0.005915
0.000000
0.001559
0.000843
0.000000
0.002607
0.000007
0.000000
0.001083
0.004798
0.000002
0.001979
0.019526
0.000395
0.000001
0.000009
0.000004
0.000000
0.000000
0.000000
0.000000
0.000000
0.000000
0.000000
0.000000
0.000000
0.000648
0.000000
0.000000
0.004086
0.000000
0.000001
0.000000
0.004206
0.000000
0.000009
0.000620
0.000000
0.002747
0.000005
0.000000
0.002527
0.006900
0.000951
0.008373
0.008825
0.000645
0.000000
0.000000
0.000000
0.000000
0.000000
0.000000
0.000000
0.000000
0.000010
0.000000
0.000000
0.000000
0.004583
0.000000
0.000000
0.000407
0.002704
0.000000
0.000101
0.002937
0.000000
0.000000
0.000000
0.000000
0.001672
0.000989
0.000000
0.000000
0.004880
0.002784
0.000000
0.000018
0.000010
0.000000
0.000000
0.000000
0.000000
0.000000
0.000040
0.000000
0.000000
0.001085
0.000000
0.000001
0.000000
0.009186
0.000000
0.001547
0.003155
0.002612
0.000000
0.001976
0.000075
0.000000
0.004011
0.000001
0.000000
0.002084
0.004242
0.000045
0.001288
0.003991
0.000000
0.000000
0.000000
0.000000
0.000000
0.000000
0.000000
0.000000
0.000000
0.000219
0.000000
0.000000
0.000000
0.000821
0.000000
0.000000
0.003360
0.000000
0.000143
0.000000
0.002521
0.000000
0.000000
0.000000
0.000000
0.004706
0.000000
0.002805
0.003329
0.000001
0.002884
0.000000
0.000000
0.000000
0.000000
0.000000
0.000000
0.000000
0.000000
0.000000
0.000000
0.000000
0.004374
0.000000
0.000000
0.000000
0.005545
0.000044
0.000016
0.004484
0.004798
0.000013
0.000011
0.000786
0.000000
0.000000
0.000000
0.000000
0.000521
0.000000
0.000000
0.000000
0.000079
0.000000
0.000000
0.000000
0.000000
0.000000
0.000000
0.000000
0.000000
0.000000
0.001045
0.000000
0.000000
0.000258
0.000000
0.000000
0.000000
0.011274
0.001281
0.000519
0.000697
0.000004
0.000000
0.003299
0.000596
0.000000
0.000000
0.000001
0.000000
0.001095
0.000725
0.000000
0.000000
0.000000
0.000000
0.000000
0.000000
0.000000
0.000000
0.000000
0.000000
0.000000
0.000000
0.002663
0.000000
0.000000
0.001626
0.000000
0.000041
0.000000
0.004197
0.000000
0.000000
0.000000
0.002125
0.000000
0.000000
0.000000
0.000000
0.000009
0.000000
0.000000
0.000000
0.000003
0.000000
0.000000
0.000000
0.000000
0.000000
0.000000
0.000000
0.000000
0.000000
0.000000
0.000000
0.000000
0.001561
0.000000
0.000000
0.000010
0.005379
0.000049
0.000034
0.004311
0.000000
0.000000
0.000000
0.001049
0.000000
0.000000
0.000000
0.000000
0.003768
0.000000
0.000000
0.000000
0.000000
0.000002
0.000000
0.000000
0.000000
0.000000
0.000000
0.000000
0.000000
0.000000
0.000576
0.000001
0.000759
0.003316
0.000000
0.000016
0.000000
0.005106
0.000003
0.000000
0.000117
0.000081
0.000000
0.000000
0.000000
0.000000
0.000000
0.000000
0.000000
0.000000
0.000000
0.000000
0.000000
0.000000
0.000000
0.000000
0.000000
0.000000
0.000000
0.000063
0.000000
0.000000
0.000000
0.003839
0.002671
0.000033
0.008369
0.000000
0.000056
0.000013
0.007505
0.000000
0.000000
0.000000
0.000497
0.000000
0.000000
0.000000
0.000000
0.000000
0.000000
0.000000
0.000000
0.000000
0.000000
0.000000
0.000000
0.000000
0.000000
0.000000
0.000000
0.000000
0.001597
0.000000
0.000000
0.000000
0.002664
0.000000
0.000361
0.005441
0.002951
0.000023
0.000000
0.001033
0.000000
0.000000
0.000000
0.000000
0.000000
0.000000
0.000000
0.000000
0.000000
0.000000
0.000000
0.000000
0.000000
0.000022
0.000000
0.000000
0.000000
0.000000
0.000000
0.000000
0.000000
0.000001
0.000005
0.001335
0.000000
0.011700
0.000000
0.000207
0.000000
0.005760
0.000013
0.000000
0.003189
0.000000
0.000000
0.000000
0.000000
0.000000
0.000000
0.000000
0.000000
0.000000
0.000000
0.000000
0.000000
0.000000
0.002670
0.000000
0.000000
0.000000
0.000000
0.000000
0.000000
0.000000
0.000019
0.001551
0.000482
0.000000
0.009124
0.000000
0.000003
0.000000
0.001471
0.000000
0.000000
0.002556
0.000000
0.000000
0.000000
0.000000
0.000000
0.000000
0.000000
0.000000
0.000000
0.000000
0.000000
0.000000
0.000000
0.000003
0.000000
0.000003
0.000000
0.000000
0.000112
0.000000
0.000000
0.000000
0.008257
0.001108
0.000000
0.006047
0.002030
0.000079
0.000000
0.005721
0.000000
0.000000
0.000076
0.000000
0.000000
0.000000
0.000000
0.000000
0.000000
0.000078
0.000000
0.000000
0.000000
0.000000
0.000000
0.000000
0.000000
0.000000
0.000268
0.000028
0.000000
0.005097
0.000000
0.000031
0.000000
0.011595
0.000000
0.000711
0.002184
0.000415
0.000581
0.000000
0.004541
0.000000
0.000000
0.000000
0.000000
0.000000
0.000000
0.000000
0.000000
0.000000
0.000026
0.000000
0.000000
0.000000
0.000000
0.000000
0.000000
0.000000
0.000000
0.000611
0.000179
0.000034
0.002891
0.001512
0.002957
0.000000
0.014940
0.000000
0.000011
0.000000
0.002921
0.000000
0.000000
0.000000
0.000000
0.000000
0.000000
0.000000
0.000000
0.000000
0.000000
0.000000
0.000000
0.001303
0.000000
0.000000
0.000000
0.000023
0.000000
0.000000
0.000000
0.000000
0.006277
0.000000
0.000002
0.006983
0.002203
0.000343
0.000000
0.007471
0.000000
0.000000
0.000000
0.005251
0.000000
0.000000
0.000000
0.000000
0.000000
0.000000
0.000000
0.000000
0.000000
0.000387
0.000000
0.000000
0.000010
0.000000
0.000000
0.000000
0.000000
0.000000
0.000000
0.000715
0.000000
0.003731
0.000000
0.000975
0.000000
0.004324
0.000006
0.000000
0.002264
0.000000
0.000782
0.000000
0.000000
0.000000
0.000000
0.000000
0.000000
0.000000
0.000033
0.000000
0.000000
0.000000
0.004485
0.000074
0.000000
0.000006
0.000000
0.000000
0.000000
0.000000
0.000000
0.006183
0.000775
0.000262
0.014355
0.000000
0.000977
0.000000
0.007920
0.000000
0.000000
0.000000
0.000000
0.000000
0.000000
0.000000
0.000000
0.000000
0.000000
0.000000
0.000000
0.000028
0.000000
0.000000
0.000000
0.000407
0.000000
0.000000
0.000000
0.000000
0.000000
0.000000
0.000000
0.000000
0.003935
0.001591
0.002914
0.008425
0.000004
0.000000
0.000000
0.000565
0.000000
0.000000
0.000000
0.000000
0.000000
0.000000
0.000000
0.000000
0.000000
0.000115
0.000000
0.000000
0.000000
0.000004
0.000000
0.000000
0.001832
0.000000
0.000000
0.000000
0.000000
0.000006
0.000000
0.000066
0.000000
0.014790
0.000000
0.002909
0.000688
0.002145
0.000000
0.000000
0.000000
0.000000
0.000000
0.000000
0.000000
0.000000
0.000000
0.000000
0.000000
0.000000
0.001092
0.000000
0.000000
0.000000
0.000000
0.000000
0.000005
0.000011
0.000000
0.000000
0.000000
0.000000
0.000000
0.001234
0.000462
0.000049
0.013145
0.000000
0.000010
0.000386
0.003696
0.000000
0.000000
0.000000
0.000000
0.000000
0.000000
0.000000
0.000000
0.000000
0.000318
0.000000
0.000000
0.001725
0.000000
0.000000
0.000000
0.002545
0.000000
0.000000
0.000000
0.000000
0.000160
0.000000
0.000000
0.000000
0.005184
0.000000
0.000011
0.007668
0.000000
0.000000
0.000000
0.000000
0.000000
0.000000
0.000000
0.000000
0.000000
0.000024
0.000000
0.000000
0.000000
0.000405
0.000000
0.000000
0.000947
0.000000
0.000000
0.000000
0.000066
0.000000
0.000000
0.000000
0.000000
0.000713
0.000000
0.000000
0.000000
0.005037
0.000000
0.000000
0.000000
0.000000
0.000000
0.000000
0.000000
0.000000
0.000000
0.000019
0.000002
0.000000
0.000004
0.000000
0.000000
0.000000
0.004258
0.000000
0.000000
0.000041
0.000000
0.000000
0.000000
0.000000
0.000000
0.000000
0.000000
0.000000
0.001411
0.000673
0.000000
0.000000
0.004408
0.000000
0.000000
0.000000
0.000000
0.000000
0.000000
0.000000
0.000000
0.000000
0.000207
0.000000
0.000000
0.000277
0.000000
0.000000
0.000000
0.003140
0.000000
0.000000
0.000000
0.001042
0.000000
0.000000
0.000000
0.000000
0.000438
0.000000
0.000000
0.000000
0.000927
0.000000
0.000000
0.000000
0.000000
0.000000
0.000000
0.000000
0.000000
0.000000
0.000000
0.000000
0.000000
0.001180
0.000000
0.000000
0.000000
0.000146
0.000000
0.000000
0.001732
0.000000
0.000000
0.000000
0.000000
0.000000
0.000000
0.000000
0.000000
0.001545
0.000000
0.000000
0.000000
0.000807
0.000000
0.000000
0.000000
0.000000
0.000000
0.000000
0.000000
0.000000
0.000000
0.000000
0.000000
0.000000
0.000915
0.000000
0.000000
0.000000
0.004021
0.000158
0.000000
0.000925
0.000004
0.000000
0.000000
0.000000
0.000000
0.000000
0.000007
0.000000
0.000007
0.000000
0.000000
0.000000
0.000000
0.000000
0.000000
0.000000
0.000000
0.000000
0.000000
0.000000
0.000000
0.000000
0.001244
0.000000
0.000089
0.002849
0.000000
0.000000
0.000000
0.002846
0.000014
0.000000
0.000000
0.000000
0.000000
0.000000
0.000000
0.000000
0.002406
0.000000
0.000000
0.000153
0.000000
0.000000
0.000000
0.000000
0.000000
0.000000
0.000000
0.000000
0.000000
0.000177
0.000000
0.000000
0.000000
0.001293
0.000000
0.000000
0.000007
0.000000
0.000000
0.000000
0.002815
0.000000
0.000000
0.000000
0.000000
0.000000
0.000000
0.000000
0.000000
0.000006
0.000000
0.000000
0.000000
0.000000
0.000000
0.000000
0.000000
0.000000
0.000000
0.000325
0.000069
0.000000
0.001955
0.000000
0.000000
0.000000
0.003197
0.000000
0.000000
0.000000
0.000124
0.000000
0.000000
0.000421
0.000000
0.000000
0.000000
0.000000
0.000000
0.000000
0.000000
0.000000
0.000000
0.000000
0.000000
0.000000
0.000000
0.000000
0.000000
0.000000
0.000000
0.000000
0.000096
0.000000
0.000000
0.000000
0.000000
0.000000
0.000000
0.002248
0.000000
0.000000
0.000000
0.001253
0.000000
0.000000
0.000000
0.000000
0.000000
0.000000
0.000000
0.000000
0.000000
0.000000
0.000000
0.000000
0.000000
0.000000
0.000000
0.000000
0.000000
0.000000
0.000000
0.000000
0.000000
0.001573
0.000000
0.000000
0.000000
0.001191
0.000677
0.000000
0.002153
0.000000
0.000000
0.000000
0.001778
0.000000
0.000000
0.000000
0.000000
0.000000
0.000000
0.000000
0.000000
0.000000
0.000000
0.000000
0.000000
0.000000
0.000000
0.000000
0.000000
0.000000
0.000000
0.000543
0.000000
0.000057
0.001357
0.000000
0.000000
0.000000
0.001728
0.000000
0.000000
0.000643
0.000000
0.000000
0.000000
0.000000
0.000000
0.000000
0.000000
0.000000
0.000000
0.000000
0.000000
0.000000
0.000000
0.000000
0.000000
0.000000
0.000000
0.000000
0.000101
0.000000
0.000000
0.000000
0.000917
0.000000
0.000007
0.001297
0.000000
0.000077
0.000000
0.003542
0.000515
0.000000
0.000034
0.000000
0.000000
0.000000
0.000004
0.000000
0.000000
0.000000
0.000000
0.000000
0.000000
0.000000
0.000000
0.000000
0.000000
0.000000
0.000038
0.000005
0.000000
0.000573
0.000000
0.000000
0.000000
0.002282
0.000554
0.000007
0.001567
0.000000
0.000000
0.000000
0.001666
0.000000
0.000000
0.000093
0.000000
0.000000
0.000000
0.000000
0.000000
0.000000
0.000000
0.000000
0.000000
0.000000
0.000000
0.000000
0.000000
0.000000
0.000000
0.000000
0.000000
0.000000
0.000324
0.000000
0.000000
0.000000
0.001864
0.000009
0.000000
0.000000
0.000040
0.000000
0.000000
0.004130
0.000000
0.000000
0.000000
0.000005
0.000000
0.000000
0.000000
0.000000
0.000000
0.000000
0.000000
0.000000
0.000000
0.000000
0.000000
0.000000
0.000000
0.000000
0.000000
0.000000
0.000000
0.000917
0.000011
0.000000
0.000000
0.001360
0.000000
0.000000
0.000395
0.000056
0.000000
0.000000
0.000015
0.000000
0.000000
0.000000
0.000000
0.000000
0.000000
0.000000
0.000000
0.000000
0.000000
0.000000
0.000000
0.000000
0.000000
0.000000
0.000000
0.000000
0.000964
0.001091
0.000000
0.000000
0.000000
0.003001
0.000000
0.000000
0.002420
0.000000
0.000000
0.000000
0.004253
0.000000
0.000000
0.000000
0.000000
0.000000
0.000000
0.000000
0.000000
0.000000
0.000000
0.000000
0.000000
0.000000
0.000000
0.000308
0.000000
0.000000
0.000000
0.000007
0.000000
0.000000
0.002293
0.000000
0.000000
0.000000
0.000311
0.000000
0.000000
0.003038
0.000000
0.000000
0.000000
0.000274
0.000000
0.000000
0.000000
0.000000
0.000000
0.000000
0.000000
0.000000
0.000000
0.000000
0.000000
0.000000
0.000000
0.000000
0.000989
0.000000
0.000000
0.000000
0.000850
0.000244
0.000000
0.001332
0.000000
0.000000
0.000000
0.001657
0.000000
0.000000
0.001329
0.000000
0.000000
0.000000
0.000003
0.000000
0.000000
0.000000
0.000000
0.000000
0.000000
0.000000
0.000000
0.000000
0.000000
0.000000
0.000000
0.000000
0.000000
0.001767
0.000000
0.000000
0.000000
0.000008
0.000000
0.000000
0.001143
0.001428
0.000000
0.000085
0.002818
0.000000
0.000000
0.000178
0.000000
0.000000
0.000000
0.000000
0.000000
0.000000
0.000000
0.000000
0.000000
0.000000
0.000000
0.000000
0.000000
0.000000
0.000000
0.000000
0.000000
0.000000
0.000513
0.000000
0.000000
0.000000
0.001526
0.000000
0.000000
0.000190
0.000383
0.000000
0.000000
0.001382
0.000000
0.000000
0.000000
0.000435
0.000000
0.000000
0.000000
0.000000
0.000000
0.000000
0.000000
0.000000
0.000000
0.000000
0.000008
0.000000
0.000000
0.000000
0.001089
0.000000
0.000000
0.000136
0.000004
0.000000
0.000045
0.001656
0.000000
0.000000
0.000000
0.000451
0.000000
0.000000
0.000836
0.000000
0.000000
0.000000
0.000000
0.000000
0.000000
0.000000
0.000000
0.000000
0.000000
0.000000
0.000030
0.000000
0.000615
0.000774
0.000000
0.000000
0.000000
0.001106
0.000002
0.000000
0.000000
0.000000
0.000052
0.000000
0.002355
0.000000
0.000000
0.000000
0.000083
0.000000
0.000000
0.000000
0.000000
0.000000
0.000000
0.000000
0.000000
0.000000
0.000000
0.000000
0.000000
0.000000
0.000000
0.000000
0.000000
0.000000
0.000062
0.000000
0.000000
0.000000
0.000309
0.000000
0.000000
0.000000
0.001074
0.000000
0.000000
0.001822
0.000000
0.000000
0.000000
0.000000
0.000000
0.000000
0.000000
0.000000
0.000000
0.000000
0.000000
0.000000
0.000000
0.000000
0.000013
0.000000
0.000000
0.000000
0.000241
0.000162
0.000000
0.000000
0.000000
0.000000
0.000000
0.000722
0.000000
0.000000
0.000000
0.000079
0.000000
0.000000
0.000000
0.000000
0.000000
0.000000
0.000000
0.000000
0.000000
0.000000
0.000000
0.000000
0.000000
0.000000
0.000000
0.000000
0.000000
0.000000
0.000000
0.000000
0.000000
0.000002
0.000000
0.000000
0.000000
0.000000
0.000000
0.000000
0.000000
0.000000
0.000000
0.000000
0.000828
0.000000
0.000000
0.000000
0.000000
0.000000
0.000000
0.000000
0.000000
0.000000
0.000000
0.000000
0.000000
0.000000
0.000000
0.000000
0.000000
0.000000
0.000000
0.000000
0.000000
0.000000
0.000000
0.000000
0.000000
0.000000
0.000000
0.000000
0.000000
0.000000
0.000006
0.000000
0.000000
0.000125
0.000000
0.000000
0.000000
0.000000
0.000000
0.000000
0.000000
0.000000
0.000000
0.000000
0.000000
0.000000
0.000000
0.000000
0.000006
0.000000
0.000000
0.000000
0.000005
0.000000
0.000000
0.000000
0.000000
0.000000
0.000000
0.000005
0.000000
0.000000
0.000000
0.000000
0.000000
0.000000
0.000000
0.000000
0.000000
0.000000
0.000000
0.000000
0.000000
0.000000
0.000000
0.000000
0.000000
0.000000
0.000000
0.000000
0.000000
0.000000
0.000000
0.000000
0.000000
0.000000
0.000000
0.000000
0.000000
0.000000
0.000000
0.000000
0.000000
0.000000
0.000000
0.000000
0.000000
0.000000
0.000000
0.000000
0.000000
0.000000
0.000000
0.000000
0.000000
0.000000
0.000000
0.000000
0.000000
0.000000
0.000000
0.000000
0.000000
0.000000
0.000000
0.000000
0.000000
0.000000
0.000000
0.000000
0.000000
0.000000
0.000000
0.000000
0.000000
0.000000
0.000000
0.000000
0.000000
0.000000
0.000000
0.000000
0.000000
0.000000
0.000000
0.000000
0.000000
0.000000
0.000000
0.000000
0.000000
0.000000
0.000000
0.000000
0.000000
0.000000
0.000000
0.000000
0.000000
0.000000
0.000000
0.000000
0.000000
0.000000
0.000000
0.000000
0.000000
0.000000
0.000000
0.000000
0.000000
0.000000
0.000000
0.000000
0.000000
0.000000
0.000000
0.000000
0.000000
0.000000
0.000000
0.000000
0.000000
0.000000
0.000000
0.000000
0.000000
0.000000
0.000000
0.000000
0.000000
0.000000
0.000000
0.000000
0.000000
0.000000
0.000000
0.000000
0.000000
0.000000
0.000000
0.000000
0.000000

VECTORS velocity float
0.000000 0.000000 0.000000
-0.123098 -0.117561 0.000000
-0.153648 -0.113906 0.000000
-0.194705 -0.141476 0.000000
-0.232862 -0.149520 0.000000
-0.271647 -0.156008 0.000000
-0.309290 -0.158125 0.000000
-0.344867 -0.160393 0.000000
-0.378070 -0.161367 0.000000
-0.409999 -0.149174 0.000000
-0.432930 -0.130822 0.000000
-0.457580 -0.131600 0.000000
-0.473709 -0.123703 0.000000
-0.493410 -0.120614 0.000000
-0.507514 -0.109865 0.000000
-0.523231 -0.108581 0.000000
-0.542985 -0.114163 0.000000
-0.564551 -0.110277 0.000000
-0.589327 -0.121662 0.000000
-0.624075 -0.119870 0.000000
-0.647926 -0.098790 0.000000
12.633357 6.061334 0.000000
14.322518 5.840387 0.000000
13.238425 6.355874 0.000000
14.527432 5.661198 0.000000
14.941138 5.158929 0.000000
15.454565 3.895247 0.000000
15.529422 3.615821 0.000000
15.474824 3.250584 0.000000
15.435946 2.859658 0.000000
15.166119 2.203158 0.000000
0.000000 0.000000 0.000000
-0.103858 -0.072356 0.000000
-0.110672 -0.061384 0.000000
-0.201817 -0.097882 0.000000
-0.233376 -0.076441 0.000000
-0.260566 -0.077350 0.000000
-0.304295 -0.098288 0.000000
-0.330371 -0.117269 0.000000
-0.385784 -0.105156 0.000000
-0.418934 -0.097677 0.000000
-0.432646 -0.119106 0.000000
-0.468246 -0.113570 0.000000
-0.477746 -0.069502 0.000000
-0.500680 -0.085419 0.000000
-0.510522 -0.085015 0.000000
-0.519665 -0.067840 0.000000
-0.532702 -0.088021 0.000000
-0.565679 -0.075673 0.000000
-0.575625 -0.068067 0.000000
-0.613454 -0.088340 0.000000
-0.645718 -0.083469 0.000000
15.155357 4.672411 0.000000
15.327460 4.328914 0.000000
15.271570 4.094962 0.000000
15.184829 3.866191 0.000000
15.079038 3.420722 0.000000
15.227035 3.035447 0.000000
15.230654 2.636942 0.000000
15.226024 2.420891 0.000000
15.152302 2.015932 0.000000
15.320176 2.112902 0.000000
0.000000 0.000000 0.000000
-0.079361 -0.029533 0.000000
-0.214661 -0.007580 0.000000
-0.076784 0.035577 0.000000
-0.251534 -0.127557 0.000000
-0.227303 -0.120311 0.000000
-0.316381 -0.104140 0.000000
-0.370718 -0.002270 0.000000
-0.327634 -0.098595 0.000000
-0.455562 -0.059796 0.000000
-0.384340 -0.055807 0.000000
-0.501331 -0.016628 0.000000
-0.460486 -0.105687 0.000000
-0.472494 -0.033393 0.000000
-0.510384 -0.084051 0.000000
-0.527810 -0.077576 0.000000
-0.545372 -0.048232 0.000000
-0.558634 -0.062005 0.000000
-0.581965 -0.064837 0.000000
-0.618247 -0.061154 0.000000
-0.647229 -0.064918 0.000000
14.308889 5.495662 0.000000
14.969575 4.809923 0.000000
14.999518 4.511688 0.000000
14.677037 4.237523 0.000000
14.734084 4.198474 0.000000
14.940031 3.601330 0.000000
14.884064 2.804697 0.000000
15.069633 2.422539 0.000000
14.764444 2.179815 0.000000
14.756936 1.816471 0.000000
0.000000 0.000000 0.000000
-0.127107 -0.020742 0.000000
-0.024046 -0.037159 0.000000
-0.223901 -0.171754 0.000000
-0.226069 -0.038458 0.000000
-0.283509 0.253723 0.000000
-0.223312 -0.115410 0.000000
-0.402891 -0.100649 0.000000
-0.317700 -0.062012 0.000000
-0.430198 -0.056603 0.000000
-0.448331 -0.092214 0.000000
-0.405459 -0.100454 0.000000
-0.509779 -0.033057 0.000000
-0.488830 -0.094021 0.000000
-0.542790 -0.025150 0.000000
-0.479059 -0.007876 0.000000
-0.540185 -0.069320 0.000000
-0.576244 -0.007375 0.000000
-0.585518 -0.042536 0.000000
-0.556639 -0.023920 0.000000
-0.652009 -0.046977 0.000000
-0.623416 0.011502 0.000000
14.210761 4.885594 0.000000
13.968513 4.168456 0.000000
14.763648 3.660713 0.000000
14.687564 3.478622 0.000000
14.850276 3.357781 0.000000
14.480296 3.235780 0.000000
14.718992 2.851962 0.000000
14.515808 2.602972 0.000000
14.494045 1.842484 0.000000
0.000000 0.000000 0.000000
-0.090461 -0.033729 0.000000
-0.167495 0.018670 0.000000
-0.168200 0.142669 0.000000
-0.149943 0.018923 0.000000
-0.195835 -0.569282 0.000000
-0.404313 0.227275 0.000000
-0.167650 -0.002280 0.000000
-0.543397 -0.005423 0.000000
-0.233520 0.028228 0.000000
-0.505815 0.008286 0.000000
-0.424316 0.008125 0.000000
-0.500679 -0.025608 0.000000
-0.428174 0.030355 0.000000
-0.515652 -0.072049 0.000000
-0.484375 -0.059856 0.000000
-0.562791 0.042164 0.000000
-0.531986 -0.041593 0.000000
-0.586758 -0.005440 0.000000
-0.623677 -0.019932 0.000000
-0.623291 -0.026595 0.000000
11.080346 7.497137 0.000000
14.343512 4.831737 0.000000
14.755080 4.300681 0.000000
14.326902 3.898387 0.000000
14.393420 3.812939 0.000000
14.668263 3.182472 0.000000
14.486286 2.592334 0.000000
14.087846 2.604196 0.000000
14.488257 2.293759 0.000000
14.209919 1.861528 0.000000
0.000000 0.000000 0.000000
-0.090639 0.029920 0.000000
-0.146792 -0.076341 0.000000
0.060183 -0.129398 0.000000
-0.532118 -0.060537 0.000000
-0.098257 0.456885 0.000000
-0.358602 -0.120204 0.000000
-0.283004 -0.114503 0.000000
-0.337064 0.046776 0.000000
-0.407997 -0.151858 0.000000
-0.461710 -0.014979 0.000000
-0.397401 -0.040330 0.000000
-0.501951 -0.034031 0.000000
-0.519013 -0.038246 0.000000
-0.505451 0.090207 0.000000
-0.547668 -0.003337 0.000000
-0.516581 -0.047869 0.000000
-0.492133 -0.026968 0.000000
-0.518575 0.046496 0.000000
-0.562214 -0.031070 0.000000
-0.612307 -0.014427 0.000000
14.835282 5.061154 0.000000
13.985627 5.787108 0.000000
14.636188 4.828780 0.000000
14.450794 3.914740 0.000000
13.672865 3.049590 0.000000
14.144793 3.117433 0.000000
14.316550 3.505331 0.000000
14.365893 2.639294 0.000000
14.162737 2.252762 0.000000
13.895390 1.938375 0.000000
0.000000 0.000000 0.000000
-0.120591 -0.008504 0.000000
-0.048561 0.110409 0.000000
-0.335825 0.131155 0.000000
0.074493 -0.116737 0.000000
-0.202211 -0.221909 0.000000
-0.194760 0.157575 0.000000
-0.344020 0.076345 0.000000
-0.358719 0.038959 0.000000
-0.362796 0.121542 0.000000
-0.395719 0.087984 0.000000
-0.405683 -0.001581 0.000000
-0.444059 0.127514 0.000000
-0.418647 -0.003401 0.000000
-0.521695 -0.167091 0.000000
-0.438211 0.062087 0.000000
-0.506060 0.111935 0.000000
-0.607633 0.029863 0.000000
-0.606559 -0.028357 0.000000
-0.527790 0.034878 0.000000
-0.610280 0.002720 0.000000
14.754224 5.315602 0.000000
14.543768 5.069766 0.000000
13.954225 4.182831 0.000000
13.496763 3.864201 0.000000
13.662939 3.680849 0.000000
13.978650 3.383673 0.000000
13.847691 2.759048 0.000000
13.900105 2.854603 0.000000
13.839890 2.346734 0.000000
13.622921 1.984136 0.000000
0.000000 0.000000 0.000000
-0.127397 0.020683 0.000000
-0.082739 -0.115532 0.000000
-0.107401 -0.193043 0.000000
-0.280169 0.510871 0.000000
-0.467990 -0.143039 0.000000
-0.097750 0.101267 0.000000
-0.352101 -0.095107 0.000000
-0.110341 0.112219 0.000000
-0.393189 -0.148061 0.000000
-0.345243 -0.025854 0.000000
-0.484287 -0.140337 0.000000
-0.518971 0.016601 0.000000
-0.456085 0.033083 0.000000
-0.572328 0.361208 0.000000
-0.613590 -0.036572 0.000000
-0.557196 -0.024918 0.000000
-0.523876 0.047104 0.000000
-0.530306 0.067132 0.000000
-0.571273 0.019474 0.000000
-0.588182 0.034293 0.000000
11.083162 7.708306 0.000000
13.941538 5.097451 0.000000
14.195316 4.573961 0.000000
13.714985 4.014874 0.000000
14.581589 4.147557 0.000000
13.657065 3.298478 0.000000
13.734323 2.869805 0.000000
13.526674 3.037405 0.000000
13.506093 2.490714 0.000000
13.317754 2.052726 0.000000
0.000000 0.000000 0.000000
-0.088707 0.012642 0.000000
-0.159750 0.197476 0.000000
-0.120385 0.116351 0.000000
-0.249794 -0.505064 0.000000
-0.026093 0.257375 0.000000
-0.320506 0.041999 0.000000
-0.619033 -0.223011 0.000000
-0.451234 0.078625 0.000000
-0.428642 0.122334 0.000000
-0.198300 0.028862 0.000000
-0.422697 0.214961 0.000000
-0.150207 -0.044132 0.000000
-0.378393 -0.190034 0.000000
-0.555411 -0.094606 0.000000
-0.334620 -0.080009 0.000000
-0.513924 0.002062 0.000000
-0.472838 0.031138 0.000000
-0.612169 -0.013268 0.000000
-0.560393 0.084412 0.000000
-0.575625 0.030291 0.000000
14.486292 5.528070 0.000000
14.121005 6.028529 0.000000
13.687271 4.482255 0.000000
13.996645 4.663987 0.000000
13.560203 3.960798 0.000000
13.424107 3.776618 0.000000
13.347238 3.377125 0.000000
13.414785 2.766280 0.000000
13.261206 2.526455 0.000000
13.024750 2.134685 0.000000
0.000000 0.000000 0.000000
-0.128014 0.028081 0.000000
-0.085900 -0.215247 0.000000
-0.153934 0.002879 0.000000
-0.154614 0.285578 0.000000
-0.568329 -0.197410 0.000000
-0.100174 0.024843 0.000000
0.121472 0.501855 0.000000
-0.529448 -0.163185 0.000000
-0.251192 -0.165289 0.000000
-0.689313 -0.061193 0.000000
-0.292527 -0.079959 0.000000
-0.823839 0.312554 0.000000
0.056942 -0.051043 0.000000
-0.466056 -0.059261 0.000000
-0.474088 -0.102643 0.000000
-0.540595 0.223467 0.000000
-0.578012 0.101218 0.000000
-0.551025 0.028349 0.000000
-0.488584 0.007707 0.000000
-0.510417 0.005597 0.000000
11.313639 7.633259 0.000000
14.089660 5.550510 0.000000
13.996861 5.581910 0.000000
13.865522 5.014613 0.000000
13.207705 4.434050 0.000000
13.225333 3.503110 0.000000
13.245890 3.088775 0.000000
13.052151 2.921704 0.000000
12.987594 2.622138 0.000000
12.743630 2.230513 0.000000
0.000000 0.000000 0.000000
-0.132561 0.027980 0.000000
-0.054608 0.288995 0.000000
-0.222997 -0.107654 0.000000
-0.120345 -0.121654 0.000000
-0.063290 0.279471 0.000000
-0.151314 0.095392 0.000000
-0.717006 -0.325860 0.000000
-0.199310 0.050353 0.000000
-0.447013 0.496432 0.000000
-0.534419 -0.126104 0.000000
0.083216 0.477855 0.000000
-0.938561 -0.216193 0.000000
-0.554482 0.083138 0.000000
-0.506086 -0.042592 0.000000
-0.466116 0.067464 0.000000
-0.840001 0.050924 0.000000
-0.375612 0.017983 0.000000
-0.469337 -0.008939 0.000000
-0.563064 0.003777 0.000000
-0.533220 0.020200 0.000000
13.463605 6.611550 0.000000
13.549227 6.359977 0.000000
13.986353 6.120708 0.000000
13.567284 4.336186 0.000000
13.368495 3.787416 0.000000
12.967426 3.833479 0.000000
12.932858 3.174773 0.000000
12.815689 3.440781 0.000000
12.790634 2.765542 0.000000
12.468270 2.337836 0.000000
0.000000 0.000000 0.000000
-0.112013 -0.007564 0.000000
-0.074706 -0.372564 0.000000
-0.236574 0.360652 0.000000
-0.107486 0.093286 0.000000
-0.459686 -0.234765 0.000000
-0.145322 -0.042600 0.000000
-0.293795 0.181759 0.000000
0.012490 0.293877 0.000000
-0.441338 -0.306080 0.000000
-0.341275 -0.372429 0.000000
-0.624530 -0.231109 0.000000
-0.311920 0.210296 0.000000
-0.412376 0.023710 0.000000
-0.605738 -0.107443 0.000000
-0.376208 0.059809 0.000000
-0.185009 0.013258 0.000000
-0.518936 -0.079952 0.000000
-0.451281 0.024097 0.000000
-0.446499 -0.033082 0.000000
-0.471302 -0.028932 0.000000
12.749674 6.495480 0.000000
11.522847 7.478949 0.000000
13.811611 5.281070 0.000000
13.828731 4.893935 0.000000
13.690610 5.423186 0.000000
13.019917 4.244747 0.000000
12.822585 3.592005 0.000000
12.709318 3.043361 0.000000
12.493108 2.812233 0.000000
12.198557 2.468836 0.000000
0.000000 0.000000 0.000000
-0.074380 0.006954 0.000000
-0.156541 0.448802 0.000000
-0.051620 -0.439821 0.000000
-0.206731 0.206519 0.000000
-0.178751 0.148068 0.000000
-0.132638 0.254439 0.000000
-0.414894 -0.265211 0.000000
-0.768761 -0.215453 0.000000
-0.172679 0.320693 0.000000
-0.186921 0.530167 0.000000
-0.520248 0.180816 0.000000
-0.185112 -0.225122 0.000000
-0.121468 0.119410 0.000000
-0.570246 0.034358 0.000000
-0.467922 -0.038023 0.000000
-0.641800 -0.057664 0.000000
-0.556335 -0.000319 0.000000
-0.588989 -0.082372 0.000000
-0.483786 -0.035451 0.000000
-0.429185 -0.074566 0.000000
12.823040 6.182108 0.000000
13.728930 6.309198 0.000000
13.732755 6.393820 0.000000
13.353041 5.753665 0.000000
13.227208 4.809002 0.000000
12.862102 3.998365 0.000000
12.504053 3.404600 0.000000
12.374170 3.248812 0.000000
12.219168 2.944460 0.000000
11.946594 2.623870 0.000000
0.000000 0.000000 0.000000
-0.148250 0.052476 0.000000
-0.192344 -0.503261 0.000000
0.176396 0.549545 0.000000
-0.713976 -0.009691 0.000000
0.188327 -0.128208 0.000000
-0.927316 -0.563389 0.000000
0.166208 0.617798 0.000000
0.159403 0.034230 0.000000
-0.229549 -0.027368 0.000000
-0.759739 -0.900457 0.000000
-0.249340 0.046612 0.000000
-0.349358 0.567482 0.000000
-1.008790 -0.414307 0.000000
-0.287177 0.009785 0.000000
-0.423609 -0.083694 0.000000
-0.276554 0.011896 0.000000
-0.560601 -0.063926 0.000000
-0.478154 -0.011815 0.000000
-0.485329 -0.070008 0.000000
12.674245 6.218594 0.000000
12.800271 6.275016 0.000000
13.564543 6.229151 0.000000
13.918777 6.230303 0.000000
13.837077 6.033753 0.000000
13.982253 5.925167 0.000000
13.265374 4.397405 0.000000
12.684838 3.815802 0.000000
12.275590 3.608320 0.000000
12.331462 3.169834 0.000000
11.718410 2.794444 0.000000
0.000000 0.000000 0.000000
-0.027881 0.020406 0.000000
-0.138388 0.096068 0.000000
-0.068817 0.033349 0.000000
-0.098762 -0.530344 0.000000
0.269907 1.073358 0.000000
-0.633034 0.115355 0.000000
0.286601 -0.226344 0.000000
-2.130013 0.037508 0.000000
1.329473 0.070533 0.000000
-0.961595 0.480579 0.000000
0.241508 0.402580 0.000000
-0.882854 -0.803022 0.000000
0.332944 0.043249 0.000000
-0.246212 -0.089957 0.000000
-0.152719 -0.052368 0.000000
-0.402173 0.039042 0.000000
-1.078292 -0.270934 0.000000
-0.668301 -0.095324 0.000000
-0.428348 -0.080331 0.000000
-0.392300 -0.096343 0.000000
-0.424910 -0.119993 0.000000
13.099274 6.275734 0.000000
13.090772 6.194465 0.000000
13.346495 5.994167 0.000000
13.859248 5.187940 0.000000
13.463568 5.113803 0.000000
12.523654 4.242827 0.000000
12.025225 3.667296 0.000000
11.965855 3.155724 0.000000
11.522930 2.980262 0.000000
0.000000 0.000000 0.000000
-0.139141 0.018942 0.000000
-0.168068 0.038133 0.000000
-0.077423 -0.104077 0.000000
-0.241542 0.132927 0.000000
-0.750957 -0.781193 0.000000
0.139192 -0.260391 0.000000
-0.799229 0.520715 0.000000
0.173633 -0.159556 0.000000
-0.105371 -0.108904 0.000000
-1.156385 -0.609948 0.000000
0.633402 -0.161195 0.000000
-1.061297 0.293061 0.000000
0.076129 0.098513 0.000000
-1.363354 -0.176384 0.000000
0.067352 0.181052 0.000000
-0.164748 -0.004504 0.000000
-0.206312 0.088860 0.000000
-0.451905 -0.193928 0.000000
-0.470275 -0.116178 0.000000
-0.415561 -0.130930 0.000000
13.158524 6.639224 0.000000
13.186148 6.089456 0.000000
13.097649 6.092862 0.000000
13.098473 5.914627 0.000000
13.081444 5.780088 0.000000
13.392643 5.583361 0.000000
13.678962 4.810571 0.000000
13.242073 5.150407 0.000000
11.735314 3.324728 0.000000
11.369161 3.248016 0.000000
0.000000 0.000000 0.000000
-0.105817 -0.001720 0.000000
0.030968 -0.025897 0.000000
-0.275052 -0.037815 0.000000
0.262795 0.382265 0.000000
-0.203252 0.113660 0.000000
0.042505 0.143829 0.000000
-0.183565 -0.339886 0.000000
-0.297865 0.066568 0.000000
-0.493528 -0.240739 0.000000
-0.127672 0.417483 0.000000
-0.565565 0.211319 0.000000
-0.594112 -0.073945 0.000000
-0.337933 -0.429416 0.000000
-0.583783 0.027577 0.000000
-0.998461 -0.662235 0.000000
-0.614249 -0.088133 0.000000
-0.673348 -0.547265 0.000000
-0.485042 -0.296234 0.000000
-0.471116 -0.141821 0.000000
-0.455669 -0.148867 0.000000
12.785636 6.273315 0.000000
12.767171 6.138077 0.000000
13.046209 6.537002 0.000000
13.642052 5.947307 0.000000
13.392275 5.583961 0.000000
13.654108 5.339510 0.000000
13.017399 4.289441 0.000000
12.009689 3.958422 0.000000
11.964273 3.473968 0.000000
11.394710 3.592498 0.000000
0.000000 0.000000 0.000000
-0.095075 -0.008387 0.000000
-0.200944 0.087356 0.000000
-0.012579 0.045247 0.000000
-0.422492 -0.312198 0.000000
-0.139579 -0.173291 0.000000
-0.473408 0.349920 0.000000
-0.293861 -0.446482 0.000000
0.175368 0.304454 0.000000
-0.601356 0.007608 0.000000
0.229644 -0.155219 0.000000
-1.009682 -0.632850 0.000000
0.383602 0.137953 0.000000
-0.828824 -0.197346 0.000000
0.381228 0.544649 0.000000
-0.477336 0.036495 0.000000
0.965121 0.372226 0.000000
-0.528972 0.031677 0.000000
-0.377362 0.025833 0.000000
-0.337815 -0.227018 0.000000
-0.434777 -0.120980 0.000000
12.761447 6.188246 0.000000
12.925936 6.255761 0.000000
13.413166 6.195664 0.000000
13.363796 6.488600 0.000000
13.248073 5.875763 0.000000
13.057373 5.483475 0.000000
13.340022 5.704599 0.000000
13.064754 4.969414 0.000000
12.246222 4.493764 0.000000
11.449125 3.791680 0.000000
0.000000 0.000000 0.000000
-0.127302 0.006503 0.000000
-0.069441 -0.067863 0.000000
-0.036754 -0.002746 0.000000
-0.089515 0.366475 0.000000
-0.219079 -0.129154 0.000000
0.115766 -0.296017 0.000000
-0.316541 0.548914 0.000000
-0.290230 -0.230853 0.000000
-0.477802 -0.315968 0.000000
0.074120 0.123634 0.000000
-0.612072 0.292385 0.000000
0.325998 0.201504 0.000000
-1.500101 0.008846 0.000000
1.274702 -0.222277 0.000000
-2.960443 -0.885013 0.000000
-0.749999 0.065436 0.000000
-0.162134 -0.089685 0.000000
-0.607852 -0.116546 0.000000
-0.423925 -0.124643 0.000000
-0.416819 -0.143474 0.000000
-0.446375 -0.113352 0.000000
12.702667 6.525089 0.000000
12.759296 6.007430 0.000000
12.570465 5.794773 0.000000
13.505731 5.440137 0.000000
12.889229 5.729459 0.000000
13.037869 5.164427 0.000000
12.198325 4.070646 0.000000
12.469698 4.392997 0.000000
11.347322 3.900826 0.000000
0.000000 0.000000 0.000000
-0.104636 0.005106 0.000000
-0.010725 0.013662 0.000000
-0.386744 -0.013852 0.000000
-0.004340 -0.221437 0.000000
-0.313612 0.024369 0.000000
-0.114539 0.433983 0.000000
-0.399694 -0.742509 0.000000
0.014042 0.119792 0.000000
0.173575 0.418816 0.000000
-0.556038 -0.094154 0.000000
-0.241862 -0.188154 0.000000
-0.278868 -0.440629 0.000000
-0.531497 -0.393704 0.000000
0.595477 0.826436 0.000000
0.134474 -0.202036 0.000000
-0.313812 0.210453 0.000000
-0.524856 -0.593279 0.000000
-0.462577 -0.098137 0.000000
-0.467215 -0.153423 0.000000
-0.404710 -0.145357 0.000000
12.584371 6.300129 0.000000
12.851385 6.162728 0.000000
12.940707 6.378100 0.000000
12.523372 5.705634 0.000000
12.764211 5.718331 0.000000
12.932896 5.819426 0.000000
13.215200 5.238994 0.000000
12.970419 4.769697 0.000000
12.868128 4.798138 0.000000
11.540629 4.417994 0.000000
0.000000 0.000000 0.000000
-0.137783 -0.005731 0.000000
-0.047916 0.031931 0.000000
0.021918 0.079656 0.000000
-0.176867 0.106383 0.000000
-0.114495 -0.254243 0.000000
-0.063744 -0.048469 0.000000
-0.246293 0.234337 0.000000
0.100954 0.335304 0.000000
-0.837575 -0.731892 0.000000
0.184757 0.768463 0.000000
0.095595 -0.649441 0.000000
-1.229067 1.344140 0.000000
2.018283 -0.023631 0.000000
-3.082666 -0.355020 0.000000
-0.251341 -0.739343 0.000000
-0.568807 0.445559 0.000000
0.044199 -0.533797 0.000000
-0.221582 -0.230149 0.000000
-0.439359 -0.122813 0.000000
10.316330 7.763296 0.000000
12.585509 6.673436 0.000000
12.674583 6.266033 0.000000
12.728488 6.260672 0.000000
13.076737 6.100359 0.000000
12.769293 6.110900 0.000000
13.029455 5.350524 0.000000
12.785957 5.568981 0.000000
12.859241 5.280596 0.000000
12.599430 4.892759 0.000000
11.502080 4.300120 0.000000
0.000000 0.000000 0.000000
-0.074193 -0.002118 0.000000
-0.085944 -0.062759 0.000000
-0.207905 -0.152881 0.000000
-0.134572 0.020563 0.000000
-0.226629 0.138752 0.000000
-0.061536 0.032025 0.000000
-0.454686 -0.114389 0.000000
-0.093754 -0.283652 0.000000
-0.400239 -0.083074 0.000000
-0.257750 -0.692893 0.000000
-0.848459 0.271721 0.000000
0.479359 -0.002441 0.000000
-2.602273 1.499337 0.000000
0.149419 -0.114590 0.000000
-0.526340 1.617004 0.000000
-0.644805 -0.251894 0.000000
-0.896417 0.069275 0.000000
-0.371168 0.011677 0.000000
-0.392086 -0.054187 0.000000
-0.380729 -0.104847 0.000000
-0.407101 -0.097270 0.000000
12.659747 6.571125 0.000000
12.717249 6.394330 0.000000
12.822522 6.345234 0.000000
12.548913 5.732150 0.000000
12.926176 5.698176 0.000000
12.292007 5.541144 0.000000
12.574974 5.266189 0.000000
12.782721 4.766031 0.000000
11.947438 3.828440 0.000000
0.000000 0.000000 0.000000
-0.119524 -0.000915 0.000000
-0.016992 0.165032 0.000000
-0.124473 0.104781 0.000000
0.016375 -0.153997 0.000000
-0.250087 -0.111350 0.000000
-0.054443 0.043734 0.000000
-0.146196 0.087023 0.000000
-0.175426 0.102637 0.000000
-0.161689 0.129672 0.000000
-0.169005 0.084848 0.000000
-0.427439 0.178715 0.000000
0.442706 -1.948135 0.000000
0.901637 0.138333 0.000000
0.530123 0.005413 0.000000
-0.829643 -1.871411 0.000000
0.079670 -0.142112 0.000000
-0.417346 0.292248 0.000000
-0.307928 -0.190255 0.000000
-0.412816 -0.069291 0.000000
12.408339 6.848452 0.000000
-0.394174 -0.087885 0.000000
12.547415 6.298744 0.000000
12.700285 6.112930 0.000000
12.852158 6.248266 0.000000
12.566721 6.052553 0.000000
12.835997 5.795847 0.000000
12.331704 5.501236 0.000000
12.540846 5.116538 0.000000
12.321280 5.075900 0.000000
12.185933 4.634021 0.000000
0.000000 0.000000 0.000000
-0.110025 -0.002423 0.000000
-0.074478 -0.191648 0.000000
-0.074312 -0.099975 0.000000
-0.265520 0.086926 0.000000
-0.068586 0.193257 0.000000
-0.245934 -0.076759 0.000000
-0.182149 -0.070899 0.000000
-0.165760 -0.107562 0.000000
-0.395207 -0.182933 0.000000
0.050642 -0.099737 0.000000
-0.510223 -0.110670 0.000000
-0.610588 -0.158148 0.000000
-1.029432 -1.296381 0.000000
-0.077811 0.618956 0.000000
-0.216439 0.975406 0.000000
-0.502844 -0.639245 0.000000
-0.531201 -0.056997 0.000000
-0.273226 -0.223379 0.000000
-0.574166 0.074151 0.000000
-0.417046 -0.095199 0.000000
12.316346 6.966133 0.000000
12.278862 6.563646 0.000000
12.926689 6.294064 0.000000
12.707408 6.470039 0.000000
12.704558 6.018130 0.000000
12.801522 6.181534 0.000000
12.419531 5.766960 0.000000
12.654649 5.820491 0.000000
12.026426 5.098942 0.000000
12.025482 4.710372 0.000000
0.000000 0.000000 0.000000
-0.060099 0.005593 0.000000
-0.077565 0.194687 0.000000
-0.091541 0.104738 0.000000
-0.028762 -0.188702 0.000000
-0.157151 -0.093520 0.000000
-0.080088 0.004433 0.000000
-0.208869 0.083930 0.000000
-0.104681 0.143502 0.000000
-0.171219 0.209548 0.000000
-0.364256 0.155820 0.000000
0.217610 -0.050591 0.000000
-0.270517 -0.109576 0.000000
-0.158160 1.032874 0.000000
-0.093592 -0.467748 0.000000
-0.751581 -1.069198 0.000000
0.050653 0.036515 0.000000
-0.504766 -0.112213 0.000000
0.005368 -0.155254 0.000000
-0.453015 -0.162789 0.000000
-0.327206 -0.098332 0.000000
12.509005 6.721058 0.000000
12.288196 6.588003 0.000000
12.588046 6.379743 0.000000
12.614364 6.050087 0.000000
12.645063 6.074121 0.000000
12.453954 5.902236 0.000000
12.531587 5.777356 0.000000
12.392027 5.267729 0.000000
11.995826 5.220549 0.000000
12.121449 4.320166 0.000000
0.000000 0.000000 0.000000
-0.099897 -0.007682 0.000000
-0.064389 -0.143128 0.000000
-0.064751 -0.101566 0.000000
-0.185048 0.029526 0.000000
-0.127699 0.210372 0.000000
-0.232189 0.144319 0.000000
-0.087667 -0.080227 0.000000
-0.357287 -0.273606 0.000000
0.169302 -0.073796 0.000000
-0.616899 -0.199821 0.000000
-0.164676 0.280962 0.000000
-0.473533 -0.289363 0.000000
-0.316756 0.649908 0.000000
-0.148300 -0.497594 0.000000
-0.095344 0.637983 0.000000
-0.448498 0.164999 0.000000
-0.265831 -0.099191 0.000000
-0.345881 -0.056367 0.000000
-0.347163 -0.101033 0.000000
-0.354581 -0.096905 0.000000
-0.354487 -0.109106 0.000000
12.131867 6.746857 0.000000
12.589057 6.125951 0.000000
12.517980 6.020106 0.000000
12.608834 6.236602 0.000000
12.341117 6.063756 0.000000
12.512681 6.209128 0.000000
12.812626 5.391496 0.000000
12.019515 5.390168 0.000000
11.588372 4.828041 0.000000
0.000000 0.000000 0.000000
-0.053119 0.022963 0.000000
-0.083393 0.159703 0.000000
-0.071217 0.125095 0.000000
-0.117681 -0.068312 0.000000
-0.020590 -0.219473 0.000000
-0.205312 -0.083109 0.000000
-0.053814 0.062235 0.000000
-0.250227 0.384469 0.000000
-0.242316 0.366619 0.000000
0.073067 -0.068247 0.000000
-0.345938 -0.236220 0.000000
-0.252575 0.404445 0.000000
-0.104165 0.144209 0.000000
-0.349664 -0.285416 0.000000
-0.499921 -0.032935 0.000000
-0.157186 -0.714921 0.000000
-0.353941 -0.193950 0.000000
-0.222742 0.125561 0.000000
-0.247880 -0.266920 0.000000
11.364373 7.396432 0.000000
10.187019 7.787203 0.000000
12.087837 7.121054 0.000000
12.427395 6.533091 0.000000
12.408918 6.261319 0.000000
12.597275 6.019664 0.000000
12.585062 5.656511 0.000000
12.418542 6.271665 0.000000
12.377563 5.849670 0.000000
12.027762 5.662369 0.000000
11.675491 4.589433 0.000000
0.000000 0.000000 0.000000
-0.114991 0.021634 0.000000
0.017524 -0.122049 0.000000
-0.156401 -0.042344 0.000000
-0.059678 -0.062385 0.000000
-0.202113 0.306458 0.000000
-0.175212 0.291623 0.000000
-0.227598 -0.020669 0.000000
-0.120839 -0.397779 0.000000
-0.235656 -0.407278 0.000000
-0.263024 0.132095 0.000000
-0.401437 0.360472 0.000000
0.170901 -0.408441 0.000000
0.154489 -0.088369 0.000000
-0.628955 0.181370 0.000000
-0.186073 0.120914 0.000000
-0.316647 0.587678 0.000000
0.179848 -0.814244 0.000000
-0.460174 -0.022249 0.000000
-0.304517 -0.065615 0.000000
-0.320896 -0.095269 0.000000
-0.324850 -0.094247 0.000000
12.115059 7.021806 0.000000
12.225077 6.777768 0.000000
12.489123 6.339453 0.000000
12.505792 6.092415 0.000000
12.407873 5.859343 0.000000
12.390340 5.783451 0.000000
12.260479 5.702545 0.000000
12.159063 5.606838 0.000000
11.690007 4.961575 0.000000
0.000000 0.000000 0.000000
-0.063889 0.004300 0.000000
-0.019129 0.116252 0.000000
-0.184347 0.166172 0.000000
0.070582 -0.004907 0.000000
-0.333930 -0.334475 0.000000
0.179662 -0.207263 0.000000
-0.379761 0.245364 0.000000
0.016184 0.438298 0.000000
-0.158589 0.817563 0.000000
-0.008937 -0.463052 0.000000
-0.218712 0.165731 0.000000
-0.215932 0.037969 0.000000
-0.517507 0.037013 0.000000
-0.080065 -0.007693 0.000000
-0.387576 -0.019806 0.000000
-0.547668 -0.101742 0.000000
-0.444318 0.431720 0.000000
-0.243297 -0.056049 0.000000
-0.319164 -0.079210 0.000000
-0.240766 -0.076864 0.000000
10.820723 7.746690 0.000000
11.865923 7.258764 0.000000
11.984588 7.120134 0.000000
12.270166 6.079894 0.000000
12.399515 5.866327 0.000000
12.460915 6.241592 0.000000
12.055863 5.575607 0.000000
12.478415 5.807111 0.000000
12.244433 5.631892 0.000000
12.432008 4.820139 0.000000
0.000000 0.000000 0.000000
-0.055006 0.025248 0.000000
-0.119049 0.001965 0.000000
0.036956 -0.142903 0.000000
-0.146453 -0.077311 0.000000
-0.123567 0.400278 0.000000
-0.072953 0.505950 0.000000
-0.379744 -0.215151 0.000000
0.291181 -0.315210 0.000000
-0.680370 -0.496451 0.000000
0.027326 0.133724 0.000000
-0.636176 0.259322 0.000000
0.253523 -0.166101 0.000000
-0.092252 0.114191 0.000000
-0.608023 -0.017408 0.000000
0.497484 0.087217 0.000000
-0.622067 0.391044 0.000000
-0.223873 -0.166781 0.000000
-0.345038 -0.220033 0.000000
-0.248907 -0.032601 0.000000
11.657703 7.335595 0.000000
-0.252698 -0.077008 0.000000
10.893776 7.735447 0.000000
12.292486 6.446771 0.000000
11.718762 7.067910 0.000000
12.340314 6.057910 0.000000
12.459476 6.133367 0.000000
12.471818 5.751533 0.000000
12.177516 5.935969 0.000000
12.237246 5.657008 0.000000
12.238513 5.543649 0.000000
0.000000 0.000000 0.000000
-0.074446 0.025783 0.000000
0.016878 0.069261 0.000000
-0.205816 0.244572 0.000000
-0.017311 -0.021159 0.000000
-0.174995 -0.346008 0.000000
-0.080049 -0.366567 0.000000
-0.093880 0.275202 0.000000
-0.502013 0.606306 0.000000
0.406449 0.146835 0.000000
-0.673860 0.236682 0.000000
0.135305 -0.081978 0.000000
-0.069564 -0.197677 0.000000
-0.651677 0.116102 0.000000
0.237788 0.158521 0.000000
-0.451365 -0.280394 0.000000
-0.709118 -0.487933 0.000000
0.231289 -0.028835 0.000000
-0.241460 0.028470 0.000000
-0.233645 -0.066239 0.000000
-0.194018 -0.069606 0.000000
10.594122 7.702128 0.000000
11.604597 6.948837 0.000000
11.762320 7.276440 0.000000
11.852303 6.673649 0.000000
12.242904 6.490807 0.000000
12.348944 6.270349 0.000000
12.324490 6.105139 0.000000
12.334261 5.976621 0.000000
12.177250 5.695860 0.000000
11.874161 5.198133 0.000000
0.000000 0.000000 0.000000
-0.082464 0.019731 0.000000
-0.019582 -0.035841 0.000000
-0.121111 -0.048885 0.000000
0.013876 -0.097975 0.000000
-0.114054 0.410964 0.000000
-0.301485 0.524312 0.000000
0.170582 -0.352393 0.000000
-0.422296 -0.187256 0.000000
-0.044231 -0.326629 0.000000
-0.272174 -0.159866 0.000000
-0.167746 0.079769 0.000000
-0.146104 0.302203 0.000000
-0.104445 -0.366502 0.000000
-0.381359 0.295399 0.000000
-0.611488 -0.447943 0.000000
-0.368366 0.096141 0.000000
-0.223937 0.197704 0.000000
-0.269444 -0.075666 0.000000
-0.205678 -0.070767 0.000000
-0.187795 -0.093243 0.000000
11.526185 7.214287 0.000000
10.586124 7.708417 0.000000
11.787619 6.875256 0.000000
11.997939 6.448072 0.000000
11.929575 6.719430 0.000000
12.357363 6.177644 0.000000
12.149997 5.996886 0.000000
12.211502 6.018814 0.000000
12.082697 5.668208 0.000000
12.161635 5.615730 0.000000
0.000000 0.000000 0.000000
-0.031236 0.023276 0.000000
-0.065787 0.118452 0.000000
-0.007975 0.139922 0.000000
-0.374603 0.013971 0.000000
0.342302 -0.528742 0.000000
-0.289093 -0.088404 0.000000
-0.182964 0.342267 0.000000
-0.028457 0.284505 0.000000
-0.383974 0.243175 0.000000
-0.008013 0.283352 0.000000
-0.150459 -0.001127 0.000000
-0.257067 -0.196665 0.000000
-0.050954 0.475918 0.000000
0.054016 0.262261 0.000000
-0.500864 -0.246880 0.000000
0.592970 0.384027 0.000000
-0.005901 -0.011596 0.000000
-0.067693 -0.277358 0.000000
-0.187278 -0.092352 0.000000
-0.218456 -0.078263 0.000000
8.259876 8.622174 0.000000
11.327886 7.158684 0.000000
11.783736 6.872542 0.000000
11.714159 6.743493 0.000000
12.123337 6.807426 0.000000
12.444148 6.343061 0.000000
12.496671 5.952391 0.000000
12.141160 5.875173 0.000000
12.042470 5.862434 0.000000
11.661490 5.257385 0.000000
0.000000 0.000000 0.000000
-0.084387 0.036313 0.000000
-0.010861 -0.032101 0.000000
-0.180331 -0.067372 0.000000
0.192668 -0.059079 0.000000
-0.520182 0.649507 0.000000
-0.127369 0.235663 0.000000
-0.211909 -0.317753 0.000000
-0.104756 -0.053432 0.000000
-0.085030 -0.314063 0.000000
-0.220756 -0.128008 0.000000
-0.142576 -0.050518 0.000000
0.110482 0.467791 0.000000
-0.377604 -0.299959 0.000000
-0.078256 -0.308904 0.000000
-0.085060 0.004610 0.000000
-0.087867 0.087039 0.000000
-0.227456 0.101723 0.000000
-0.180134 0.105914 0.000000
-0.130283 -0.063874 0.000000
-0.116651 -0.130243 0.000000
10.809989 7.763524 0.000000
11.237161 7.285121 0.000000
11.566681 7.006066 0.000000
11.668965 6.413484 0.000000
12.287097 6.461082 0.000000
11.901894 6.505740 0.000000
12.488016 5.970674 0.000000
12.300360 5.770692 0.000000
12.275216 5.899818 0.000000
11.880769 5.267702 0.000000
0.000000 0.000000 0.000000
-0.045847 0.038640 0.000000
0.004148 0.065347 0.000000
-0.088043 0.222101 0.000000
-0.299976 -0.183556 0.000000
0.409958 -0.379750 0.000000
-0.325722 0.099327 0.000000
0.123974 0.158631 0.000000
-0.390640 0.102586 0.000000
-0.155535 0.271502 0.000000
0.107212 0.245779 0.000000
-0.311906 -0.138124 0.000000
-0.313461 -0.401373 0.000000
-0.151599 0.084651 0.000000
-0.068541 -0.001477 0.000000
-0.373084 0.063105 0.000000
-0.098904 -0.014968 0.000000
-0.344437 -0.169548 0.000000
-0.181755 -0.253545 0.000000
-0.118630 -0.196044 0.000000
-0.120169 -0.119172 0.000000
-0.125716 -0.113898 0.000000
10.930156 7.568896 0.000000
11.655230 6.956041 0.000000
11.872115 6.575637 0.000000
11.640211 6.945071 0.000000
12.214562 6.228340 0.000000
12.099200 6.039248 0.000000
11.919687 6.066443 0.000000
12.310258 5.595869 0.000000
11.854408 5.566633 0.000000
0.000000 0.000000 0.000000
-0.049481 -0.002023 0.000000
-0.071769 0.045826 0.000000
-0.016940 -0.138377 0.000000
0.113570 0.094884 0.000000
-0.199516 0.268035 0.000000
-0.312718 -0.113706 0.000000
0.012431 0.011163 0.000000
-0.031295 -0.152412 0.000000
-0.091475 -0.369178 0.000000
-0.331158 -0.011306 0.000000
-0.202224 -0.054401 0.000000
0.172101 0.202474 0.000000
-0.188342 0.066804 0.000000
-0.138277 -0.043169 0.000000
-0.087051 -0.211028 0.000000
-0.261355 -0.074456 0.000000
0.046749 -0.152682 0.000000
-0.069652 0.025390 0.000000
-0.155462 -0.079509 0.000000
-0.096535 -0.127115 0.000000
-0.105599 -0.136738 0.000000
11.264183 7.038186 0.000000
11.062391 7.795130 0.000000
11.174577 7.095300 0.000000
11.961340 5.978508 0.000000
12.415440 6.081194 0.000000
12.323629 6.083399 0.000000
12.422028 5.958636 0.000000
12.110647 5.862770 0.000000
11.863166 5.616058 0.000000
0.000000 0.000000 0.000000
-0.030711 0.043797 0.000000
-0.003465 0.070240 0.000000
-0.129293 0.064436 0.000000
0.137675 -0.018579 0.000000
0.247325 0.129632 0.000000
-0.092412 -0.117769 0.000000
-0.170363 0.004692 0.000000
-0.110835 0.179945 0.000000
-0.196903 0.240945 0.000000
0.164056 -0.167099 0.000000
-0.239245 -0.227994 0.000000
-0.152278 0.098488 0.000000
-0.175489 -0.215208 0.000000
-0.083745 -0.007468 0.000000
-0.157893 0.032937 0.000000
-0.085487 -0.195292 0.000000
-0.267413 0.234547 0.000000
0.072998 -0.323109 0.000000
-0.206973 -0.319314 0.000000
7.824278 13.932473 0.000000
10.669299 7.706501 0.000000
10.716084 7.637886 0.000000
11.120992 7.372816 0.000000
11.306299 6.604307 0.000000
11.712135 6.815721 0.000000
12.172697 6.593367 0.000000
12.339784 5.722273 0.000000
11.740887 6.398807 0.000000
12.010316 5.598674 0.000000
11.963869 5.638098 0.000000
0.000000 0.000000 0.000000
-0.065296 0.026175 0.000000
0.044032 -0.036769 0.000000
-0.164906 0.065491 0.000000
-0.253227 -0.218791 0.000000
-0.050029 0.259085 0.000000
0.093614 -0.007193 0.000000
-0.213559 0.150287 0.000000
0.106432 -0.446123 0.000000
-0.330039 -0.090813 0.000000
-0.086492 0.071343 0.000000
-0.085955 0.171827 0.000000
-0.332425 -0.234716 0.000000
-0.084404 -0.112303 0.000000
-0.234470 -0.107242 0.000000
-0.015175 0.145077 0.000000
-0.171169 -0.241587 0.000000
0.113870 0.039105 0.000000
-0.135562 -0.492636 0.000000
-0.116425 -0.094798 0.000000
-0.064045 -0.130884 0.000000
-0.117196 -0.127895 0.000000
10.542413 7.715107 0.000000
12.171557 7.536446 0.000000
10.757478 7.601867 0.000000
11.722917 6.666258 0.000000
11.792844 6.003001 0.000000
11.752124 5.900485 0.000000
12.245168 6.166752 0.000000
12.220427 5.665648 0.000000
12.129332 5.580560 0.000000
0.000000 0.000000 0.000000
-0.033360 0.041538 0.000000
0.012805 0.042503 0.000000
0.008864 -0.063858 0.000000
-0.131810 -0.181744 0.000000
-0.307104 0.200062 0.000000
0.276082 -0.314968 0.000000
0.006509 -0.003959 0.000000
-0.092180 0.457956 0.000000
0.009720 -0.106316 0.000000
-0.169393 -0.125319 0.000000
0.175682 -0.209508 0.000000
0.230289 -0.123567 0.000000
0.105419 -0.098610 0.000000
-0.393596 0.144690 0.000000
0.317463 -0.369390 0.000000
-0.482763 -0.169672 0.000000
-0.291567 -0.226072 0.000000
-0.184234 0.338630 0.000000
-0.052619 -0.162331 0.000000
-0.126036 -0.129212 0.000000
10.728576 7.319211 0.000000
10.686061 7.609083 0.000000
10.646865 7.519318 0.000000
11.254784 7.123154 0.000000
11.493975 6.362143 0.000000
10.554203 6.056271 0.000000
11.897701 5.859944 0.000000
11.884235 5.519000 0.000000
12.493964 5.978935 0.000000
12.148494 5.843844 0.000000
0.000000 0.000000 0.000000
-0.020619 0.011867 0.000000
-0.004804 0.002424 0.000000
-0.058275 0.047388 0.000000
-0.024953 0.178962 0.000000
0.120184 0.028770 0.000000
0.090934 0.135243 0.000000
-0.463300 -0.139519 0.000000
0.058243 -0.504628 0.000000
0.147237 0.203878 0.000000
-0.247640 -0.192896 0.000000
0.127436 0.270399 0.000000
-0.784903 0.172193 0.000000
-0.048087 -0.452066 0.000000
-0.313470 0.549968 0.000000
0.020513 -0.516929 0.000000
-0.158011 0.349400 0.000000
0.090552 -0.354499 0.000000
0.802826 -1.745139 0.000000
-0.086812 -0.127750 0.000000
-0.106820 -0.122001 0.000000
10.548535 7.470682 0.000000
10.428316 7.767541 0.000000
10.681091 7.545301 0.000000
10.981683 7.550753 0.000000
11.017486 7.385787 0.000000
11.592339 7.371831 0.000000
12.216619 6.235095 0.000000
11.626277 6.346224 0.000000
12.006982 5.540532 0.000000
12.020667 5.299853 0.000000
0.000000 0.000000 0.000000
-0.033758 0.029267 0.000000
0.045860 0.043389 0.000000
-0.041459 -0.135450 0.000000
0.013260 0.066733 0.000000
-0.328020 -0.203668 0.000000
0.075004 -0.007223 0.000000
0.083429 0.280765 0.000000
-0.016588 -0.165192 0.000000
-0.286606 0.077248 0.000000
-0.242071 -0.249302 0.000000
0.001069 -0.335634 0.000000
0.484820 -0.483910 0.000000
-0.709801 0.263693 0.000000
-0.268478 0.318011 0.000000
-0.384707 -0.250258 0.000000
0.312293 -0.369706 0.000000
0.212178 -0.408846 0.000000
0.128223 0.004669 0.000000
-0.058475 -0.360575 0.000000
10.491719 7.876125 0.000000
10.447332 6.958974 0.000000
10.656382 7.792204 0.000000
10.728706 7.594870 0.000000
10.822108 7.415607 0.000000
11.046186 7.260701 0.000000
11.534184 6.339095 0.000000
11.216637 6.604544 0.000000
11.764563 5.678029 0.000000
11.910411 5.538873 0.000000
11.864809 5.335866 0.000000
0.000000 0.000000 0.000000
-0.034729 0.047035 0.000000
0.055029 -0.049848 0.000000
-0.115929 0.230217 0.000000
0.111549 -0.165464 0.000000
0.143610 -0.168480 0.000000
0.129513 0.198544 0.000000
-0.248773 -0.351361 0.000000
0.034196 0.523767 0.000000
-0.342841 -0.778498 0.000000
0.824295 0.030060 0.000000
-0.799006 0.309548 0.000000
0.104182 -0.100040 0.000000
0.231446 0.142625 0.000000
0.199711 -0.521339 0.000000
-0.524365 0.779543 0.000000
-0.176612 0.453847 0.000000
-0.811276 0.745044 0.000000
-0.567927 1.710820 0.000000
0.013362 -0.067716 0.000000
-0.175235 -0.120252 0.000000
-0.099745 -0.177999 0.000000
10.683530 7.447778 0.000000
10.677894 7.560239 0.000000
10.810110 7.256483 0.000000
10.869010 7.421404 0.000000
11.264915 6.952166 0.000000
11.552940 6.451485 0.000000
11.566197 5.704280 0.000000
11.884756 5.612409 0.000000
11.710220 5.283238 0.000000
0.000000 0.000000 0.000000
0.022608 0.014347 0.000000
-0.053467 -0.071649 0.000000
0.146778 0.130263 0.000000
-0.212391 -0.084542 0.000000
0.330232 -0.633203 0.000000
-0.015551 0.430865 0.000000
0.146718 -0.187908 0.000000
0.265985 -0.084370 0.000000
-0.273932 0.126788 0.000000
-0.167348 0.369106 0.000000
1.048989 0.922245 0.000000
-0.192386 -1.662008 0.000000
0.452311 0.041417 0.000000
-1.021768 -1.248271 0.000000
-0.204721 -0.314162 0.000000
0.994295 -0.718527 0.000000
-1.412094 0.079684 0.000000
-0.388884 -1.924984 0.000000
-0.092786 -0.169728 0.000000
0.085041 -0.161483 0.000000
10.475236 7.909960 0.000000
11.004048 7.905198 0.000000
10.655585 7.310221 0.000000
10.902814 7.359838 0.000000
11.128330 7.191667 0.000000
11.088325 7.443041 0.000000
11.205272 6.603804 0.000000
11.577828 5.881154 0.000000
11.565934 5.951412 0.000000
11.651963 5.445097 0.000000
0.000000 0.000000 0.000000
-0.004907 -0.020276 0.000000
0.022065 0.287782 0.000000
-0.026196 -0.408543 0.000000
-0.163393 0.417857 0.000000
-0.001116 0.345955 0.000000
-0.212972 -0.293839 0.000000
-0.092794 -0.347994 0.000000
-0.355427 0.236689 0.000000
0.740760 -0.126376 0.000000
-0.498715 0.268455 0.000000
0.097949 0.855542 0.000000
-1.034934 -0.142713 0.000000
2.807320 1.513886 0.000000
-1.456079 -0.787721 0.000000
7.177831 3.090741 0.000000
-4.935409 -2.431881 0.000000
2.489844 0.411306 0.000000
0.610495 0.614479 0.000000
-0.990834 -0.017940 0.000000
0.072477 -0.165156 0.000000
10.931749 8.076093 0.000000
10.721812 8.625218 0.000000
10.838233 7.232257 0.000000
10.611397 7.414674 0.000000
11.106295 6.987289 0.000000
10.862015 6.959157 0.000000
11.213300 6.635831 0.000000
10.871883 6.672734 0.000000
11.467750 6.057748 0.000000
11.536040 5.433063 0.000000
0.000000 0.000000 0.000000
-0.084430 0.009444 0.000000
0.244844 -0.073608 0.000000
-0.271684 0.133827 0.000000
0.572512 0.236317 0.000000
-1.255851 -0.090462 0.000000
0.769143 0.432533 0.000000
0.313237 -0.198476 0.000000
0.187964 -0.043921 0.000000
0.115562 -0.573999 0.000000
-0.376701 -0.170751 0.000000
0.387040 -0.289069 0.000000
0.033352 -0.518865 0.000000
-0.502845 -0.677952 0.000000
-0.119748 -0.817315 0.000000
-0.786466 -0.240507 0.000000
-3.859983 -1.855691 0.000000
-0.636392 -0.352829 0.000000
0.008242 -0.265078 0.000000
0.004321 0.711390 0.000000
-0.077768 -0.175749 0.000000
-0.100691 -0.144458 0.000000
10.628853 7.668484 0.000000
10.737946 7.472305 0.000000
10.677282 7.266768 0.000000
10.680093 7.291182 0.000000
11.073148 6.838061 0.000000
11.593952 6.236372 0.000000
11.114624 6.581084 0.000000
11.335225 5.981910 0.000000
11.457098 5.293113 0.000000
0.000000 0.000000 0.000000
0.018151 0.006298 0.000000
0.088023 0.017844 0.000000
-0.210731 -0.003934 0.000000
0.095167 -0.276525 0.000000
0.660227 0.033569 0.000000
0.007615 -0.161311 0.000000
0.129892 0.193284 0.000000
0.279446 -0.062257 0.000000
0.190244 0.446716 0.000000
-0.094165 0.203753 0.000000
0.211044 -0.180136 0.000000
0.302831 0.372080 0.000000
-0.171197 0.248394 0.000000
0.285827 0.024510 0.000000
1.473629 1.082713 0.000000
0.869221 0.435920 0.000000
-0.607743 -0.580405 0.000000
0.388244 0.270431 0.000000
-0.199651 -0.119131 0.000000
-0.129168 -0.156738 0.000000
10.267951 6.943661 0.000000
10.276554 7.575774 0.000000
10.786591 6.710964 0.000000
10.512627 7.810484 0.000000
10.684014 7.149879 0.000000
11.300300 6.630969 0.000000
11.232685 6.823487 0.000000
11.414978 6.466873 0.000000
11.437818 6.205794 0.000000
11.726497 5.716124 0.000000
0.000000 0.000000 0.000000
0.028924 -0.008426 0.000000
-0.005315 -0.019532 0.000000
0.339914 0.092263 0.000000
-0.236262 0.101124 0.000000
0.004660 0.016830 0.000000
-0.394746 -0.003026 0.000000
0.099069 0.283307 0.000000
-0.087966 -0.208826 0.000000
-0.151495 -0.063190 0.000000
0.268683 0.000856 0.000000
0.312165 -0.233566 0.000000
-0.240010 -0.147011 0.000000
-0.705821 -0.416934 0.000000
-0.214444 -1.197229 0.000000
-0.038247 0.982004 0.000000
-0.963268 -1.042956 0.000000
0.399705 -0.406112 0.000000
-0.117680 -0.898246 0.000000
-0.175634 -0.313549 0.000000
0.069383 -0.118972 0.000000
9.223666 6.895254 0.000000
10.066845 7.896160 0.000000
10.575437 5.816496 0.000000
10.619588 7.355428 0.000000
10.581317 7.311007 0.000000
11.016979 6.761083 0.000000
10.863726 6.687473 0.000000
11.353265 6.496333 0.000000
11.277402 6.238743 0.000000
11.398169 5.567366 0.000000
0.000000 0.000000 0.000000
0.100178 0.032223 0.000000
-0.032068 0.026594 0.000000
-0.035118 -0.162015 0.000000
0.146390 0.007635 0.000000
0.142226 -0.049911 0.000000
-0.012391 -0.224016 0.000000
0.146508 0.062344 0.000000
0.245695 -0.197838 0.000000
0.078153 -0.199740 0.000000
-0.042791 -0.035559 0.000000
-0.031722 0.059591 0.000000
0.207314 -0.051661 0.000000
0.378503 0.621308 0.000000
-0.227063 -0.099951 0.000000
0.030703 0.165224 0.000000
0.746403 -0.752079 0.000000
-0.413040 -0.149647 0.000000
-0.219313 -0.031051 0.000000
-0.038668 -0.127275 0.000000
-0.080782 -0.117909 0.000000
-0.107844 -0.096172 0.000000
10.549382 7.960548 0.000000
10.027304 7.260059 0.000000
10.237197 7.547486 0.000000
10.856606 6.928688 0.000000
10.809345 6.555102 0.000000
10.984318 6.795761 0.000000
10.964958 6.492510 0.000000
11.153817 6.266348 0.000000
11.509760 5.812245 0.000000
0.000000 0.000000 0.000000
0.036773 0.011657 0.000000
0.172079 -0.011014 0.000000
0.064447 0.173318 0.000000
-0.013545 -0.121874 0.000000
0.320317 -0.052747 0.000000
-0.038070 0.325200 0.000000
-0.104112 0.124367 0.000000
0.317541 -0.032170 0.000000
0.028482 0.116932 0.000000
-0.425760 0.010468 0.000000
0.135980 0.055580 0.000000
-0.238675 -0.146601 0.000000
0.205327 -0.172856 0.000000
0.249396 -0.192597 0.000000
-0.057979 -0.026927 0.000000
0.394950 -0.056951 0.000000
-0.041050 0.107781 0.000000
-0.195103 -0.047846 0.000000
-0.071283 -0.065733 0.000000
0.209671 -0.034342 0.000000
10.100027 7.921968 0.000000
9.531881 6.684522 0.000000
10.404387 8.056139 0.000000
9.631978 7.496008 0.000000
11.051775 6.589155 0.000000
10.532909 7.507411 0.000000
10.573354 6.921204 0.000000
11.235633 6.227586 0.000000
11.203538 6.152135 0.000000
11.394509 5.766825 0.000000
0.000000 0.000000 0.000000
0.093201 0.014542 0.000000
-0.059178 -0.037894 0.000000
0.231661 -0.042350 0.000000
-0.040516 0.120093 0.000000
0.180322 -0.108617 0.000000
0.142470 -0.115349 0.000000
0.190789 0.175398 0.000000
-0.166833 0.216440 0.000000
0.102559 -0.272705 0.000000
0.576660 0.295586 0.000000
0.544111 -0.042886 0.000000
0.174058 0.134203 0.000000
-0.150612 -0.096545 0.000000
0.072985 0.153451 0.000000
0.119279 -0.106743 0.000000
0.250584 0.166738 0.000000
-0.110698 0.103802 0.000000
0.023056 0.059574 0.000000
-0.033665 -0.010272 0.000000
12.327036 13.144970 0.000000
10.150648 7.847459 0.000000
11.317469 7.844685 0.000000
10.361050 8.580170 0.000000
10.796728 8.119933 0.000000
10.239746 7.329306 0.000000
10.423927 7.075380 0.000000
10.903251 6.402719 0.000000
11.162190 6.619468 0.000000
11.259390 6.122452 0.000000
11.252694 5.659718 0.000000
0.000000 0.000000 0.000000
0.121692 0.049671 0.000000
0.140288 0.085208 0.000000
-0.156849 0.054065 0.000000
0.489599 -0.088012 0.000000
-0.033525 0.026063 0.000000
0.063966 -0.174320 0.000000
0.262124 0.432220 0.000000
0.039801 -0.288564 0.000000
0.245574 0.266748 0.000000
-0.146418 0.079228 0.000000
0.190013 0.084714 0.000000
0.197252 -0.313261 0.000000
0.425284 0.283418 0.000000
-0.103862 -0.272370 0.000000
0.157801 -0.235435 0.000000
0.021010 -0.147958 0.000000
0.258066 0.065565 0.000000
0.070226 -0.042860 0.000000
0.057270 -0.040319 0.000000
-0.003126 -0.043721 0.000000
0.028454 0.007198 0.000000
10.184346 9.040146 0.000000
10.602723 7.507611 0.000000
10.010181 8.599712 0.000000
14.175271 6.920883 0.000000
10.714166 7.107384 0.000000
10.693156 7.978073 0.000000
10.977852 6.501533 0.000000
11.182754 6.010354 0.000000
11.350066 5.673257 0.000000
0.000000 0.000000 0.000000
0.027047 -0.007018 0.000000
0.149137 -0.012368 0.000000
0.267103 -0.026187 0.000000
-0.073126 0.124721 0.000000
0.333241 0.322728 0.000000
0.160393 0.002529 0.000000
-0.195863 -0.048269 0.000000
0.071860 -0.247397 0.000000
-0.497561 0.580117 0.000000
0.426138 -0.203745 0.000000
0.529883 0.335329 0.000000
0.047270 -0.123390 0.000000
0.537690 0.159245 0.000000
0.126124 0.263792 0.000000
0.253426 0.331477 0.000000
0.121937 -0.003283 0.000000
0.056587 -0.053614 0.000000
0.021368 0.006088 0.000000
0.146022 0.123549 0.000000
0.217612 -0.026647 0.000000
9.712120 8.232123 0.000000
11.154179 9.094821 0.000000
9.348930 6.882198 0.000000
8.448394 9.655707 0.000000
10.937095 6.639214 0.000000
8.870117 7.830899 0.000000
10.720038 7.030326 0.000000
10.753860 6.654444 0.000000
10.763853 6.079631 0.000000
11.278816 5.641540 0.000000
0.000000 0.000000 0.000000
0.199712 0.090777 0.000000
-0.019255 -0.048380 0.000000
-0.032800 0.074932 0.000000
0.366027 0.034051 0.000000
0.046562 -0.143549 0.000000
0.402059 -0.051386 0.000000
0.013268 -0.459327 0.000000
0.833582 0.150777 0.000000
0.727778 -0.614876 0.000000
-0.036893 -0.248178 0.000000
0.378955 -0.018857 0.000000
-0.184573 0.148943 0.000000
0.298249 0.105826 0.000000
0.136729 -0.366768 0.000000
0.032525 -0.415686 0.000000
0.372244 0.456151 0.000000
0.053427 0.057661 0.000000
0.026472 -0.015398 0.000000
0.108094 0.046749 0.000000
0.089033 -0.006602 0.000000
10.264980 7.943920 0.000000
10.605809 7.794227 0.000000
8.846695 6.568559 0.000000
13.523604 8.662592 0.000000
7.389133 6.666353 0.000000
13.289238 7.890049 0.000000
10.651685 6.856004 0.000000
10.859065 7.266863 0.000000
10.748337 6.300594 0.000000
11.119059 5.705388 0.000000
0.000000 0.000000 0.000000
0.032023 0.021260 0.000000
0.282011 0.162568 0.000000
0.257324 0.150471 0.000000
0.178840 0.018801 0.000000
-0.203801 0.312326 0.000000
0.216678 0.291707 0.000000
0.644566 0.426810 0.000000
0.006216 0.344431 0.000000
0.384805 0.534216 0.000000
0.038625 0.395590 0.000000
0.157737 -0.050149 0.000000
0.208757 -0.005144 0.000000
0.222634 0.100318 0.000000
-0.022511 -0.323492 0.000000
0.211995 -0.012475 0.000000
0.160215 0.058146 0.000000
0.302589 -0.085755 0.000000
0.138419 -0.044937 0.000000
0.211207 0.013099 0.000000
0.202709 -0.017202 0.000000
10.297444 7.926574 0.000000
9.994232 5.301842 0.000000
12.092874 9.088471 0.000000
10.398582 7.848878 0.000000
10.807374 7.518715 0.000000
10.305629 8.405077 0.000000
11.042260 7.357787 0.000000
10.895115 6.377545 0.000000
10.771576 6.729294 0.000000
10.899899 5.853949 0.000000
0.000000 0.000000 0.000000
0.166785 0.065385 0.000000
0.157370 -0.163824 0.000000
0.254265 -0.062244 0.000000
0.432024 -0.478467 0.000000
0.625496 -0.395146 0.000000
0.357689 -0.554380 0.000000
-0.502951 0.304034 0.000000
-0.065726 -0.162946 0.000000
1.284333 -0.364533 0.000000
0.800623 -0.070742 0.000000
0.120816 0.131217 0.000000
0.206138 -0.228937 0.000000
0.280635 0.031875 0.000000
0.353538 0.231088 0.000000
0.062754 0.202311 0.000000
0.193685 0.029191 0.000000
0.307642 0.032824 0.000000
0.070397 0.009607 0.000000
0.131606 -0.067838 0.000000
0.129551 -0.029303 0.000000
0.260550 -0.088801 0.000000
10.369756 8.015999 0.000000
9.411289 7.871262 0.000000
10.880610 6.739539 0.000000
10.054845 7.992494 0.000000
7.839906 7.612737 0.000000
10.262481 7.186086 0.000000
10.272295 6.867002 0.000000
10.661447 6.441309 0.000000
10.872195 6.037049 0.000000
0.000000 0.000000 0.000000
0.126692 0.120219 0.000000
0.183323 0.338388 0.000000
-0.015911 0.590051 0.000000
0.208631 0.362268 0.000000
-0.283774 0.575641 0.000000
0.048536 0.939498 0.000000
-0.148205 0.168669 0.000000
0.629465 0.497409 0.000000
-0.179016 0.300081 0.000000
0.561625 -0.165360 0.000000
0.237327 0.308243 0.000000
0.554201 0.075917 0.000000
0.127156 -0.052964 0.000000
0.297556 0.205409 0.000000
0.382091 -0.113012 0.000000
0.213529 -0.057620 0.000000
0.280260 -0.099321 0.000000
0.135168 0.035386 0.000000
0.164371 -0.134961 0.000000
0.209434 -0.090853 0.000000
10.353934 8.041617 0.000000
8.251682 9.540855 0.000000
9.462285 8.061962 0.000000
9.966374 7.868662 0.000000
8.474609 5.486954 0.000000
10.227195 7.057775 0.000000
10.747575 7.142479 0.000000
10.846293 7.058785 0.000000
10.861016 6.835894 0.000000
10.906954 6.173684 0.000000
0.000000 0.000000 0.000000
0.165792 0.043140 0.000000
0.280427 -0.287302 0.000000
0.889334 0.570745 0.000000
0.133498 -0.279843 0.000000
-0.106034 -0.525148 0.000000
-0.658949 0.971292 0.000000
1.262697 -0.138765 0.000000
0.349202 -0.092843 0.000000
0.523843 0.209641 0.000000
0.658744 0.204345 0.000000
0.261698 -0.214455 0.000000
0.137140 -0.151516 0.000000
0.576042 0.296999 0.000000
0.397028 0.015322 0.000000
0.285931 0.099483 0.000000
0.073075 -0.168935 0.000000
0.276219 0.161617 0.000000
0.146712 0.072202 0.000000
0.172775 -0.071532 0.000000
8.618333 8.426639 0.000000
0.062317 -0.093676 0.000000
8.149516 9.102699 0.000000
11.194186 8.700924 0.000000
10.639093 8.959355 0.000000
10.458492 8.434924 0.000000
9.762457 6.300714 0.000000
11.206970 7.181898 0.000000
10.596593 6.848204 0.000000
10.706077 7.028849 0.000000
11.033206 6.345459 0.000000
0.000000 0.000000 0.000000
0.187615 0.092026 0.000000
0.224669 0.525730 0.000000
-0.064168 0.344207 0.000000
0.148942 0.203629 0.000000
0.613735 -0.763385 0.000000
1.107269 0.656536 0.000000
0.803618 0.133089 0.000000
0.124731 0.691290 0.000000
0.191198 -0.431650 0.000000
0.453810 0.178508 0.000000
0.781598 0.552459 0.000000
0.495631 -0.349139 0.000000
0.579268 -0.069981 0.000000
0.157849 0.053958 0.000000
0.386204 -0.146376 0.000000
0.349448 0.254278 0.000000
0.174093 -0.498837 0.000000
0.020203 -0.008021 0.000000
0.232065 -0.279861 0.000000
0.086078 -0.076020 0.000000
8.582032 8.190573 0.000000
9.014331 9.360308 0.000000
10.256612 8.100068 0.000000
11.907303 7.318991 0.000000
10.211473 7.579013 0.000000
11.018017 7.763673 0.000000
10.601466 7.469341 0.000000
10.658262 7.475733 0.000000
10.957304 6.776570 0.000000
10.862224 6.048433 0.000000
0.000000 0.000000 0.000000
0.269964 0.110269 0.000000
0.047977 -0.372421 0.000000
0.884074 -0.153624 0.000000
-0.148761 0.460675 0.000000
0.315936 0.066763 0.000000
0.621262 -1.085544 0.000000
1.099383 -0.001875 0.000000
0.126447 0.685913 0.000000
0.794283 0.083516 0.000000
0.756432 0.416499 0.000000
0.145306 -0.183284 0.000000
0.343707 -0.117384 0.000000
0.409573 0.328077 0.000000
0.395241 -0.015131 0.000000
0.458674 -0.078922 0.000000
0.264422 -0.123170 0.000000
0.047645 -0.026831 0.000000
0.191925 -0.274003 0.000000
0.171080 0.011295 0.000000
-0.009317 -0.014337 0.000000
9.220590 4.783285 0.000000
6.794848 9.984484 0.000000
8.790968 9.405492 0.000000
10.090822 7.686611 0.000000
9.257347 7.169160 0.000000
11.685860 7.436548 0.000000
10.019901 7.460562 0.000000
11.040703 7.344141 0.000000
10.872018 6.961128 0.000000
10.866833 7.029513 0.000000
0.000000 0.000000 0.000000
0.285025 0.222205 0.000000
0.195102 0.360541 0.000000
0.367600 0.621568 0.000000
0.941041 -0.370330 0.000000
0.256482 0.410227 0.000000
0.383065 1.041668 0.000000
0.982729 0.526171 0.000000
1.030177 1.520018 0.000000
0.831839 -1.140915 0.000000
0.000440 -0.225645 0.000000
0.552733 0.101241 0.000000
0.924580 0.041618 0.000000
0.201546 -0.091820 0.000000
0.352926 -0.043406 0.000000
0.640640 0.075024 0.000000
0.276161 -0.135973 0.000000
0.183181 -0.099067 0.000000
-0.099746 -0.199352 0.000000
-0.154129 0.011042 0.000000
-0.059726 0.089477 0.000000
8.318090 8.038279 0.000000
8.334698 8.522851 0.000000
8.623519 8.797045 0.000000
10.621104 7.312532 0.000000
9.556722 7.770675 0.000000
10.280465 7.256419 0.000000
10.561012 6.880550 0.000000
9.794016 7.688804 0.000000
10.836415 6.774938 0.000000
10.925072 6.158049 0.000000
0.000000 0.000000 0.000000
0.181841 0.127637 0.000000
0.450563 -0.074531 0.000000
0.366821 -0.564815 0.000000
0.564330 0.348925 0.000000
0.447334 0.054200 0.000000
0.642220 -0.396898 0.000000
0.218472 -0.190497 0.000000
0.771560 0.215105 0.000000
0.866302 -0.248345 0.000000
0.659551 -0.027534 0.000000
1.164486 0.488224 0.000000
0.867413 0.155473 0.000000
0.252870 -0.045289 0.000000
0.318687 -0.621754 0.000000
0.253672 -0.112315 0.000000
0.152009 -0.285909 0.000000
0.101635 0.139450 0.000000
0.080812 -0.022067 0.000000
-0.226392 -0.071262 0.000000
-0.697149 0.525377 0.000000
9.869730 8.945288 0.000000
7.857168 10.670327 0.000000
8.612349 8.172543 0.000000
9.931991 8.691421 0.000000
9.916585 7.835809 0.000000
11.555694 7.691091 0.000000
10.752818 6.973855 0.000000
10.973076 6.942146 0.000000
10.917103 6.798708 0.000000
11.090265 6.185836 0.000000
0.000000 0.000000 0.000000
0.399585 0.261242 0.000000
0.324405 0.186653 0.000000
0.318336 0.898369 0.000000
0.487044 0.373498 0.000000
0.847173 0.409018 0.000000
1.079402 0.162371 0.000000
0.478316 0.464743 0.000000
0.863171 0.560411 0.000000
1.066367 0.618061 0.000000
0.407703 0.421904 0.000000
0.011971 -0.229955 0.000000
0.902072 0.645056 0.000000
0.444858 0.153873 0.000000
0.828270 0.210575 0.000000
0.529850 1.163669 0.000000
0.099651 -0.152277 0.000000
-1.150638 -0.350745 0.000000
0.850450 0.032866 0.000000
-0.539049 0.361233 0.000000
-0.509120 0.286345 0.000000
5.909534 5.828099 0.000000
8.432915 11.854670 0.000000
8.853550 9.478170 0.000000
8.599374 8.945230 0.000000
9.867507 9.302463 0.000000
10.610064 6.826055 0.000000
10.105103 7.428295 0.000000
10.687392 6.891200 0.000000
10.842892 7.173408 0.000000
11.094837 6.055037 0.000000
0.000000 0.000000 0.000000
0.363164 0.223386 0.000000
0.381677 0.131881 0.000000
0.654319 -0.225270 0.000000
0.913417 0.623929 0.000000
0.526972 0.021564 0.000000
0.538034 0.411032 0.000000
0.619386 0.304094 0.000000
1.225288 0.299471 0.000000
0.679550 0.069603 0.000000
0.688113 -0.056338 0.000000
0.594251 -0.246956 0.000000
0.846391 0.196092 0.000000
0.629482 0.234637 0.000000
0.440939 0.154642 0.000000
0.193463 0.223115 0.000000
-0.233758 -1.248515 0.000000
0.512144 0.019279 0.000000
-0.362901 0.614277 0.000000
-0.266479 -0.093973 0.000000
-0.466164 0.204940 0.000000
-0.439001 1.406707 0.000000
7.465888 8.464927 0.000000
8.918715 7.902613 0.000000
9.839558 8.616291 0.000000
10.586164 9.180918 0.000000
10.317183 6.902341 0.000000
10.268043 7.067720 0.000000
9.608609 7.863087 0.000000
11.144854 6.462825 0.000000
11.109427 6.156930 0.000000
0.000000 0.000000 0.000000
0.505438 0.330016 0.000000
0.181890 0.175777 0.000000
1.113411 0.973794 0.000000
-0.193413 0.206682 0.000000
0.749895 0.208202 0.000000
0.969728 0.968221 0.000000
0.675438 0.235789 0.000000
0.194515 0.413694 0.000000
0.841940 0.491156 0.000000
0.696680 0.428499 0.000000
1.364704 1.338619 0.000000
-0.055838 -0.771052 0.000000
0.617030 0.656346 0.000000
0.541578 0.301809 0.000000
0.363877 0.509418 0.000000
-0.347076 0.420206 0.000000
-0.298872 0.389665 0.000000
-0.872420 0.412559 0.000000
-0.869596 0.829912 0.000000
-1.088825 1.086843 0.000000
8.333925 9.020739 0.000000
8.202712 8.820059 0.000000
8.200564 7.762457 0.000000
8.390409 7.626746 0.000000
9.169682 7.972056 0.000000
9.419601 7.212351 0.000000
10.297811 6.779242 0.000000
9.727432 7.673718 0.000000
10.809339 6.120380 0.000000
11.119673 6.294714 0.000000
0.000000 0.000000 0.000000
0.486315 0.364254 0.000000
0.512106 0.285997 0.000000
0.443584 -0.061744 0.000000
0.968105 0.622507 0.000000
1.056742 0.382564 0.000000
0.303612 0.492455 0.000000
0.734470 0.224098 0.000000
1.031348 0.522484 0.000000
0.871547 0.817716 0.000000
0.849691 0.651703 0.000000
0.386481 0.034489 0.000000
0.273281 0.700379 0.000000
0.913708 0.378147 0.000000
-0.297604 -0.132202 0.000000
-0.259641 0.217593 0.000000
0.844765 0.517873 0.000000
-0.250872 1.138663 0.000000
-0.071753 0.451705 0.000000
-0.419245 1.553410 0.000000
-1.008712 1.107576 0.000000
5.431089 9.863052 0.000000
5.527673 6.923849 0.000000
7.172276 8.350718 0.000000
9.366366 9.335994 0.000000
8.491565 7.967316 0.000000
9.807479 7.739786 0.000000
9.465741 7.314897 0.000000
10.595884 6.732390 0.000000
10.107552 6.808073 0.000000
10.914994 6.085365 0.000000
0.000000 0.000000 0.000000
0.438855 0.315519 0.000000
0.468743 0.300558 0.000000
1.130788 1.279795 0.000000
0.023687 0.029004 0.000000
0.680172 0.488904 0.000000
0.695505 0.700933 0.000000
0.275830 1.558970 0.000000
1.155486 -0.366852 0.000000
0.668737 0.093631 0.000000
0.726483 0.319407 0.000000
0.864544 0.456900 0.000000
0.430871 0.285268 0.000000
0.441138 0.337896 0.000000
0.616919 1.203710 0.000000
-0.634020 0.238670 0.000000
-0.067116 1.017651 0.000000
-0.032111 1.127254 0.000000
-0.469334 0.958007 0.000000
-0.536599 2.150687 0.000000
-1.107215 1.165142 0.000000
11.235782 9.032560 0.000000
8.766862 8.439673 0.000000
7.325807 7.538451 0.000000
9.642105 8.521640 0.000000
10.341478 5.593485 0.000000
11.413853 7.095384 0.000000
8.760053 7.582808 0.000000
11.788548 8.699875 0.000000
10.401470 7.335660 0.000000
10.640541 5.979841 0.000000
0.000000 0.000000 0.000000
0.573789 0.474611 0.000000
0.624061 0.394896 0.000000
0.060228 0.146244 0.000000
0.856592 0.377689 0.000000
0.573452 0.434125 0.000000
0.959122 0.692063 0.000000
0.716146 0.669617 0.000000
0.390209 0.639211 0.000000
0.219227 0.715881 0.000000
1.212278 0.668601 0.000000
0.540871 1.096958 0.000000
0.651753 0.487717 0.000000
0.012117 0.969147 0.000000
-0.002056 0.440746 0.000000
-0.686497 1.131313 0.000000
0.546273 1.661675 0.000000
-0.986895 1.141555 0.000000
0.434139 1.386088 0.000000
-0.122749 1.752679 0.000000
7.951303 7.014642 0.000000
-1.213642 1.453836 0.000000
6.417592 9.269462 0.000000
9.205352 7.634217 0.000000
7.297428 8.506233 0.000000
8.382116 8.752286 0.000000
6.347472 8.295144 0.000000
7.052347 4.563224 0.000000
9.990684 7.275875 0.000000
9.709095 6.739420 0.000000
10.424237 6.054469 0.000000
0.000000 0.000000 0.000000
0.600379 0.435800 0.000000
0.454024 0.472180 0.000000
0.684876 0.415181 0.000000
0.693038 0.856140 0.000000
0.621700 1.043390 0.000000
0.853571 0.455869 0.000000
1.291465 1.381978 0.000000
0.565708 -0.483734 0.000000
0.471171 1.080726 0.000000
1.206825 0.512398 0.000000
-0.304942 0.195368 0.000000
0.534463 0.444650 0.000000
-0.062215 0.968218 0.000000
0.439586 0.954567 0.000000
-0.438809 1.386520 0.000000
-0.395672 1.579542 0.000000
-0.373094 1.225647 0.000000
-0.872791 2.222687 0.000000
-0.700084 1.802439 0.000000
-0.720275 1.617987 0.000000
9.591816 9.461274 0.000000
7.890892 6.450968 0.000000
6.483743 7.258440 0.000000
4.596422 7.195821 0.000000
7.482080 9.320104 0.000000
9.791825 7.693635 0.000000
11.199820 7.732695 0.000000
9.710753 7.491280 0.000000
11.160209 8.083617 0.000000
10.319045 6.256046 0.000000
0.000000 0.000000 0.000000
0.492918 0.554064 0.000000
0.596558 0.283876 0.000000
0.512093 1.035253 0.000000
0.671483 0.524252 0.000000
0.650188 0.515143 0.000000
0.334653 0.618701 0.000000
0.940804 1.024417 0.000000
0.434054 0.778156 0.000000
-0.056640 0.702175 0.000000
1.419077 0.774320 0.000000
1.063562 0.687374 0.000000
0.757754 1.094229 0.000000
0.413289 1.545506 0.000000
-0.166891 1.172659 0.000000
-0.393910 1.810311 0.000000
-0.468791 1.875062 0.000000
-1.476174 2.598360 0.000000
0.161029 1.436529 0.000000
-0.284692 2.783048 0.000000
0.159805 0.675139 0.000000
1.899852 1.845022 0.000000
7.802952 8.482745 0.000000
7.752252 9.534122 0.000000
6.092292 6.493065 0.000000
8.588505 8.244266 0.000000
9.332296 5.423897 0.000000
10.319911 11.807457 0.000000
11.286996 7.271242 0.000000
9.037052 7.032252 0.000000
10.333786 6.451411 0.000000
0.000000 0.000000 0.000000
0.542045 0.611029 0.000000
0.535920 0.481031 0.000000
0.357411 0.369618 0.000000
0.754105 0.667960 0.000000
0.517466 1.066297 0.000000
0.747787 0.891760 0.000000
0.832872 0.192260 0.000000
0.204461 1.035149 0.000000
1.383609 0.559090 0.000000
0.276123 0.790887 0.000000
-0.161512 1.271753 0.000000
-0.098698 1.517073 0.000000
-0.803061 0.812502 0.000000
0.068487 0.776045 0.000000
-0.244466 1.262705 0.000000
-0.400277 1.935783 0.000000
-1.043243 1.547266 0.000000
-1.207381 1.552363 0.000000
0.953151 2.424665 0.000000
8.690899 4.325502 0.000000
5.426126 2.872581 0.000000
12.061013 1.722130 0.000000
5.373021 4.616670 0.000000
9.637965 8.170305 0.000000
8.567349 6.841505 0.000000
8.577201 6.145480 0.000000
9.054815 9.166788 0.000000
8.454757 8.520842 0.000000
10.836583 7.633513 0.000000
9.930724 7.364879 0.000000
0.000000 0.000000 0.000000
0.596734 0.552282 0.000000
0.259275 0.491512 0.000000
1.050975 1.011997 0.000000
0.115885 0.793747 0.000000
0.681759 0.815731 0.000000
0.552292 0.669648 0.000000
0.443405 1.884427 0.000000
0.583550 0.192699 0.000000
0.755017 0.840743 0.000000
-0.417516 1.089910 0.000000
0.365497 0.597031 0.000000
-0.118773 1.478774 0.000000
-0.576214 1.554484 0.000000
-0.732859 2.066438 0.000000
-1.026554 2.045074 0.000000
-0.716571 1.348318 0.000000
-0.242902 1.920687 0.000000
-0.004778 -1.494940 0.000000
-0.273056 2.716046 0.000000
1.638536 1.336875 0.000000
-1.317980 -1.141908 0.000000
8.258920 2.300107 0.000000
6.957329 6.217603 0.000000
9.299044 5.326942 0.000000
6.365371 8.290891 0.000000
9.119318 4.836731 0.000000
8.826381 6.684768 0.000000
10.412402 4.623835 0.000000
10.666816 6.909074 0.000000
10.731504 6.711511 0.000000
0.000000 0.000000 0.000000
0.472717 0.517466 0.000000
0.535255 0.258497 0.000000
0.427822 0.808783 0.000000
0.661811 0.726151 0.000000
0.844856 0.999251 0.000000
0.260928 1.118505 0.000000
0.893847 1.107355 0.000000
0.014024 0.698134 0.000000
1.211288 1.023177 0.000000
0.446851 0.644770 0.000000
-0.146045 0.863502 0.000000
-0.231417 1.185955 0.000000
0.237849 0.750153 0.000000
-0.546414 0.612221 0.000000
-0.460995 1.894740 0.000000
0.214350 0.359648 0.000000
-1.498254 2.104710 0.000000
-1.593599 1.820874 0.000000
-5.617869 -5.192012 0.000000
-0.181035 6.091668 0.000000
1.174628 4.271419 0.000000
5.379231 2.889927 0.000000
7.823853 8.013514 0.000000
5.017604 4.324885 0.000000
7.512721 10.667986 0.000000
7.560180 10.143320 0.000000
7.430789 5.476196 0.000000
12.158464 10.013379 0.000000
9.639916 7.970169 0.000000
9.423866 6.911477 0.000000
0.000000 0.000000 0.000000
0.491164 0.865972 0.000000
0.424170 0.721767 0.000000
0.159175 0.602601 0.000000
0.816650 1.237614 0.000000
0.150103 0.771681 0.000000
0.539476 1.219934 0.000000
0.245248 0.876674 0.000000
0.457811 1.349763 0.000000
0.334702 1.018777 0.000000
0.524889 0.932649 0.000000
0.199345 1.400517 0.000000
-0.269775 1.002860 0.000000
-0.167421 1.129656 0.000000
-0.116288 1.428290 0.000000
-0.611131 1.534146 0.000000
0.739303 0.866807 0.000000
-1.001211 1.477515 0.000000
5.441804 4.082231 0.000000
-1.725455 4.403876 0.000000
-0.754547 4.969098 0.000000
7.151339 5.251589 0.000000
5.661287 5.128754 0.000000
2.124711 6.354754 0.000000
9.253312 7.011188 0.000000
5.725761 3.954504 0.000000
8.299867 9.898295 0.000000
10.083000 8.045598 0.000000
11.359671 6.079175 0.000000
9.581690 7.291379 0.000000
10.107443 5.779402 0.000000
0.000000 0.000000 0.000000
0.455573 0.464160 0.000000
0.387253 0.311984 0.000000
0.453898 1.052248 0.000000
0.445400 0.695449 0.000000
0.328314 0.931798 0.000000
0.637734 0.985754 0.000000
0.291403 0.931898 0.000000
0.331678 0.767860 0.000000
0.321544 1.176394 0.000000
0.239659 0.784183 0.000000
-0.198426 0.970725 0.000000
-0.244536 1.388078 0.000000
-0.773584 1.195082 0.000000
0.204145 0.415550 0.000000
-1.764198 2.539388 0.000000
-0.962346 2.585361 0.000000
1.586207 0.352228 0.000000
-1.904738 -2.939190 0.000000
-0.104723 -1.861506 0.000000
-0.201280 -0.520603 0.000000
3.883402 5.417014 0.000000
3.611756 3.643974 0.000000
7.043339 4.217090 0.000000
4.504532 7.148214 0.000000
2.658348 3.180236 0.000000
6.632063 7.866818 0.000000
7.149632 4.415730 0.000000
6.360419 8.085217 0.000000
8.508201 7.260107 0.000000
10.383027 4.594783 0.000000
0.000000 0.000000 0.000000
0.410968 0.685016 0.000000
0.171263 0.618260 0.000000
0.425696 0.700977 0.000000
0.220855 0.911105 0.000000
0.577363 1.247026 0.000000
0.170944 0.894085 0.000000
0.221439 0.993260 0.000000
0.125948 0.930891 0.000000
0.069993 0.806799 0.000000
0.002362 1.358751 0.000000
0.512023 0.986670 0.000000
-0.419531 1.076728 0.000000
0.031386 1.228256 0.000000
0.834315 1.713350 0.000000
-1.686676 0.427862 0.000000
-1.536193 1.704755 0.000000
-0.174938 1.448759 0.000000
0.494263 0.830827 0.000000
1.116117 0.756330 0.000000
0.343280 1.430460 0.000000
0.228325 1.197594 0.000000
3.917504 2.808983 0.000000
1.377568 1.499635 0.000000
5.997024 5.543995 0.000000
6.549932 7.569737 0.000000
3.421338 6.131066 0.000000
8.638828 7.308797 0.000000
6.545926 1.328108 0.000000
9.369530 7.182677 0.000000
8.091312 5.536200 0.000000
0.000000 0.000000 0.000000
0.325498 0.775485 0.000000
0.307852 0.561561 0.000000
0.219185 1.028895 0.000000
0.252090 0.889499 0.000000
0.344741 1.157018 0.000000
0.343387 1.288966 0.000000
0.062110 0.792434 0.000000
0.209390 0.822899 0.000000
0.206437 1.054591 0.000000
0.982614 0.076586 0.000000
0.298039 0.198949 0.000000
0.470970 0.967042 0.000000
-1.391131 1.465575 0.000000
-0.699182 0.930980 0.000000
0.662302 2.042539 0.000000
-0.048101 0.992461 0.000000
-0.350467 1.382093 0.000000
-0.215237 2.346072 0.000000
-0.346001 2.994611 0.000000
0.835316 1.825604 0.000000
2.004391 3.643948 0.000000
2.833914 1.703511 0.000000
5.631804 4.373161 0.000000
7.396252 8.844905 0.000000
3.275965 4.393409 0.000000
4.708707 4.525585 0.000000
8.556254 10.009955 0.000000
11.288273 6.286879 0.000000
7.418133 6.948573 0.000000
11.004126 6.050197 0.000000
0.000000 0.000000 0.000000
0.300388 0.495363 0.000000
0.159492 0.507116 0.000000
0.251078 0.585621 0.000000
0.279595 0.776783 0.000000
0.240023 1.037778 0.000000
0.049132 0.905603 0.000000
0.167060 1.087287 0.000000
-0.256234 1.768415 0.000000
-0.179524 1.250446 0.000000
0.119754 0.413128 0.000000
-0.832710 1.969377 0.000000
-0.231290 0.781334 0.000000
-0.088209 1.416490 0.000000
-0.945290 0.894485 0.000000
-0.373997 0.652191 0.000000
-0.279023 1.220796 0.000000
0.213829 0.795646 0.000000
0.607216 -0.296660 0.000000
0.753360 2.565271 0.000000
-0.564728 0.579220 0.000000
0.967574 0.268810 0.000000
0.996467 -0.173893 0.000000
2.535757 4.420750 0.000000
2.966742 4.110483 0.000000
3.905403 4.259834 0.000000
3.878334 5.414818 0.000000
4.437203 5.845829 0.000000
6.636862 8.665302 0.000000
7.042642 5.066130 0.000000
8.719532 6.808618 0.000000
0.000000 0.000000 0.000000
0.188323 0.801746 0.000000
0.185025 0.688746 0.000000
0.160914 0.834372 0.000000
0.205845 1.178518 0.000000
0.148399 1.088576 0.000000
0.178046 1.268708 0.000000
0.119065 0.567482 0.000000
-0.007638 0.912909 0.000000
-0.178522 1.463220 0.000000
-0.097313 1.083585 0.000000
0.082333 1.399668 0.000000
-0.508632 1.617105 0.000000
-0.223180 1.480890 0.000000
0.403931 1.689017 0.000000
-0.720690 1.354827 0.000000
-0.119079 1.501724 0.000000
0.159370 3.460994 0.000000
0.114650 0.837695 0.000000
1.462267 1.955642 0.000000
1.129018 1.028192 0.000000
-0.084604 3.140170 0.000000
3.672268 1.550399 0.000000
1.206143 2.688705 0.000000
6.227782 5.060694 0.000000
5.744145 5.760657 0.000000
4.605042 5.283646 0.000000
3.509039 5.350838 0.000000
6.110289 8.187144 0.000000
7.665615 3.989894 0.000000
5.824019 4.969741 0.000000
0.000000 0.000000 0.000000
0.108517 0.596234 0.000000
0.196863 0.328802 0.000000
-0.081593 0.679684 0.000000
0.225747 0.597196 0.000000
0.007305 1.338146 0.000000
-0.125581 0.711875 0.000000
0.033581 1.049020 0.000000
0.138980 0.662562 0.000000
0.309191 0.886060 0.000000
-0.533349 0.271729 0.000000
-0.131361 0.549602 0.000000
-0.458243 0.165850 0.000000
-0.182118 1.401059 0.000000
-0.360460 0.723758 0.000000
0.002637 0.645803 0.000000
0.112149 1.618696 0.000000
-0.236714 2.263929 0.000000
0.238821 -1.240827 0.000000
-0.103096 1.094329 0.000000
1.111467 1.884716 0.000000
-0.261265 0.424744 0.000000
1.982302 2.917961 0.000000
0.890131 2.273534 0.000000
2.699932 2.396285 0.000000
3.991116 4.242511 0.000000
3.542401 4.625955 0.000000
6.414363 5.906838 0.000000
2.061904 5.286879 0.000000
9.521297 4.921428 0.000000
9.737790 2.369973 0.000000
0.000000 0.000000 0.000000
0.098165 0.569330 0.000000
0.152212 0.491937 0.000000
0.057985 1.029287 0.000000
0.183742 0.992414 0.000000
-0.087422 0.841642 0.000000
0.297616 0.739805 0.000000
-0.166325 1.424118 0.000000
0.488188 0.287007 0.000000
-0.677527 1.157368 0.000000
-0.131615 1.508898 0.000000
-0.457675 0.747846 0.000000
-0.228641 1.067856 0.000000
0.088710 0.802406 0.000000
-0.940862 1.318718 0.000000
-1.899565 0.128297 0.000000
1.179657 2.345117 0.000000
0.572774 3.406817 0.000000
-0.432658 -0.369600 0.000000
1.177278 1.521365 0.000000
0.226348 1.818313 0.000000
1.084289 1.221363 0.000000
0.734790 0.489348 0.000000
0.890383 2.444911 0.000000
2.316657 3.440637 0.000000
0.661566 0.679551 0.000000
2.290949 5.599946 0.000000
7.510014 4.493911 0.000000
2.859372 6.724901 0.000000
1.945109 9.236340 0.000000
9.652728 4.639445 0.000000
0.000000 0.000000 0.000000
0.092710 0.659414 0.000000
-0.041189 0.570891 0.000000
0.088090 0.189929 0.000000
-0.245358 0.887468 0.000000
-0.190129 0.624345 0.000000
0.787034 1.228222 0.000000
-0.727544 1.050624 0.000000
-0.313391 0.559102 0.000000
-0.403937 0.498533 0.000000
-0.317576 0.990260 0.000000
-0.183424 0.780855 0.000000
-0.632653 0.798801 0.000000
-0.708836 0.309352 0.000000
-0.320539 1.153906 0.000000
-0.005915 0.481787 0.000000
0.403072 1.374752 0.000000
0.995056 -0.034350 0.000000
-0.551939 4.448837 0.000000
2.726741 1.268715 0.000000
1.082427 2.927836 0.000000
1.251246 2.889219 0.000000
0.640712 0.611980 0.000000
0.421847 1.405266 0.000000
3.350592 1.336235 0.000000
2.796420 3.548284 0.000000
2.969149 4.555637 0.000000
1.562485 1.624683 0.000000
4.544187 2.467043 0.000000
1.691977 3.999065 0.000000
5.856016 8.124357 0.000000
0.000000 0.000000 0.000000
0.029958 0.354882 0.000000
0.044004 0.361820 0.000000
-0.026425 1.093974 0.000000
0.137791 1.073637 0.000000
-0.504225 0.254779 0.000000
-0.627159 1.159736 0.000000
0.524928 0.894223 0.000000
0.315016 0.149249 0.000000
-0.758824 2.150332 0.000000
-0.157544 0.758801 0.000000
-0.038581 0.549331 0.000000
-0.446965 0.452263 0.000000
-0.424437 0.996549 0.000000
-1.211907 1.070457 0.000000
0.661382 0.787813 0.000000
-2.065561 1.574331 0.000000
0.673051 1.415567 0.000000
-2.180735 -5.402884 0.000000
-0.631452 2.070118 0.000000
-0.723444 0.933915 0.000000
0.360992 1.688655 0.000000
1.049860 2.703544 0.000000
0.288354 1.456816 0.000000
0.498311 1.608561 0.000000
-0.898360 3.296671 0.000000
2.781972 3.411528 0.000000
3.059345 4.128907 0.000000
3.688995 4.727437 0.000000
5.035917 3.515541 0.000000
6.803261 1.248447 0.000000
0.000000 0.000000 0.000000
-0.039617 0.767779 0.000000
0.063259 0.592458 0.000000
-0.337910 0.340096 0.000000
0.276787 0.604645 0.000000
-0.175941 1.053341 0.000000
-0.018584 0.679263 0.000000
0.682959 2.748786 0.000000
-0.959786 -0.737944 0.000000
-0.540699 0.867916 0.000000
-0.163822 0.339756 0.000000
-0.579639 0.803795 0.000000
-0.706581 0.805979 0.000000
-0.214931 0.559390 0.000000
-0.506664 0.645985 0.000000
-0.800285 0.873957 0.000000
-0.722452 1.331766 0.000000
1.197898 7.599348 0.000000
-2.449800 -0.924670 0.000000
1.308942 -1.506895 0.000000
0.491283 1.506229 0.000000
0.113059 0.092008 0.000000
1.153526 0.565573 0.000000
0.585541 1.320318 0.000000
1.056440 1.270757 0.000000
0.729364 0.814371 0.000000
1.940558 -3.646953 0.000000
1.104880 9.051996 0.000000
3.063135 4.107463 0.000000
4.651556 3.299716 0.000000
2.675970 7.402704 0.000000
0.000000 0.000000 0.000000
-0.060323 0.553211 0.000000
0.069681 0.206009 0.000000
-0.150772 0.857256 0.000000
0.091049 0.878484 0.000000
-0.396911 0.973017 0.000000
0.337806 0.915692 0.000000
-1.076664 0.088369 0.000000
-0.626476 0.202017 0.000000
-0.081762 0.806757 0.000000
-0.596812 1.038727 0.000000
-0.449473 0.742413 0.000000
-0.406895 0.936030 0.000000
-0.321942 0.404251 0.000000
-0.733398 0.751659 0.000000
-0.335717 0.436073 0.000000
-0.804533 1.125943 0.000000
0.770373 0.131123 0.000000
0.008426 0.815711 0.000000
1.069923 1.982844 0.000000
-0.587492 1.231300 0.000000
-0.230974 0.683364 0.000000
0.113294 1.002687 0.000000
1.226382 1.542914 0.000000
0.404044 2.224183 0.000000
-0.326409 1.680062 0.000000
0.562934 1.740630 0.000000
-0.341023 -0.339547 0.000000
2.800239 3.607832 0.000000
4.244132 3.732101 0.000000
4.314170 3.934881 0.000000
0.000000 0.000000 0.000000
-0.079039 0.447319 0.000000
-0.020454 0.462189 0.000000
-0.031252 0.686109 0.000000
-0.139582 0.373874 0.000000
0.024227 0.165910 0.000000
0.034503 1.004235 0.000000
-0.726013 0.475942 0.000000
0.606050 0.387797 0.000000
-0.893939 1.047483 0.000000
-0.527532 0.431701 0.000000
-0.365783 1.541818 0.000000
-0.488340 0.103474 0.000000
-0.473059 -0.199909 0.000000
-0.409375 0.986107 0.000000
-0.493930 0.449175 0.000000
-0.582521 0.040284 0.000000
0.284097 1.207745 0.000000
-0.192103 1.449266 0.000000
-0.226765 1.011813 0.000000
-0.760873 0.339119 0.000000
0.513928 2.299706 0.000000
-0.185984 0.552763 0.000000
1.255165 -0.948976 0.000000
0.115777 0.109954 0.000000
0.032629 0.573816 0.000000
1.018208 1.487958 0.000000
-0.109592 1.840111 0.000000
0.836555 0.417266 0.000000
2.779248 1.994317 0.000000
2.508205 3.624865 0.000000
0.000000 0.000000 0.000000
-0.024384 0.500988 0.000000
-0.046256 0.166931 0.000000
-0.153440 0.363185 0.000000
0.070257 0.895011 0.000000
-0.395749 1.331438 0.000000
0.013274 0.553979 0.000000
-0.143320 0.929460 0.000000
-0.540216 0.796135 0.000000
0.437621 0.759663 0.000000
-0.337405 1.112877 0.000000
-1.060047 -0.086335 0.000000
-0.299705 0.832162 0.000000
-0.169117 0.069676 0.000000
-0.767704 0.754563 0.000000
-0.757264 -0.464570 0.000000
-0.182665 1.438506 0.000000
-2.228386 -5.146026 0.000000
0.018102 0.276075 0.000000
0.205573 -0.271820 0.000000
0.415846 -0.231911 0.000000
1.081100 0.517133 0.000000
-0.532863 0.174902 0.000000
0.593852 1.294357 0.000000
0.808105 0.176564 0.000000
1.864289 0.245002 0.000000
0.679435 -0.633507 0.000000
1.957540 2.327681 0.000000
0.989660 0.422922 0.000000
1.895669 0.523949 0.000000
3.452127 1.662870 0.000000
0.000000 0.000000 0.000000
-0.077276 0.397682 0.000000
-0.171897 0.485938 0.000000
0.061951 0.764259 0.000000
-0.255055 0.358159 0.000000
0.197840 -0.209839 0.000000
-0.468914 0.393360 0.000000
0.069617 0.518771 0.000000
-0.065561 0.607854 0.000000
-0.387493 0.131237 0.000000
-0.921612 0.785994 0.000000
-0.709637 -2.074745 0.000000
-0.295725 2.314058 0.000000
-0.717724 0.255217 0.000000
-0.048939 0.638743 0.000000
-0.253608 0.398141 0.000000
-0.114069 0.120013 0.000000
2.230089 6.911944 0.000000
-0.691222 0.475352 0.000000
0.091748 0.620190 0.000000
-0.040665 0.549753 0.000000
-1.723234 -0.530300 0.000000
-1.604940 1.588177 0.000000
1.520635 -0.058130 0.000000
-0.003050 -0.286452 0.000000
-1.630999 1.029536 0.000000
1.050084 -0.048732 0.000000
1.055851 0.182098 0.000000
0.904519 -0.017133 0.000000
1.013694 1.444015 0.000000
2.871195 1.357174 0.000000
0.000000 0.000000 0.000000
-0.075377 0.439651 0.000000
-0.022840 0.326333 0.000000
-0.002362 -0.059954 0.000000
-0.250824 0.888368 0.000000
-0.014702 1.404136 0.000000
0.058608 1.051388 0.000000
-0.402898 0.397663 0.000000
-0.504259 0.783313 0.000000
-0.128303 -0.013911 0.000000
-0.198401 0.662380 0.000000
-0.646820 -0.316306 0.000000
-0.046788 0.020818 0.000000
-0.656099 -0.193242 0.000000
-0.736771 0.217756 0.000000
-1.080127 1.200969 0.000000
0.006349 -0.685378 0.000000
0.495583 -0.863076 0.000000
-1.848705 -2.698486 0.000000
-0.683117 -0.239483 0.000000
0.081917 0.456813 0.000000
0.348053 -0.095318 0.000000
-0.616376 0.507286 0.000000
0.268534 0.572849 0.000000
1.078721 -0.949132 0.000000
0.005495 0.182046 0.000000
0.843479 -0.168539 0.000000
-0.021475 0.691024 0.000000
1.052939 -0.048627 0.000000
0.378136 -0.431737 0.000000
2.036892 1.087813 0.000000
0.000000 0.000000 0.000000
-0.122026 0.411692 0.000000
0.008403 0.275694 0.000000
-0.367843 0.753117 0.000000
0.694742 0.168850 0.000000
-0.925430 0.026758 0.000000
0.427612 -0.279131 0.000000
-0.451865 0.546625 0.000000
0.647175 0.293987 0.000000
-0.932866 0.829643 0.000000
-0.130955 0.644835 0.000000
-0.884808 0.994512 0.000000
-0.179420 -0.150445 0.000000
-1.005737 0.899169 0.000000
-0.099562 2.487577 0.000000
-0.403638 -1.922667 0.000000
-0.178663 0.706173 0.000000
0.287621 1.102079 0.000000
0.180858 1.107474 0.000000
-0.057560 0.275654 0.000000
-0.755157 -1.716765 0.000000
0.918204 0.393313 0.000000
-0.069291 -0.396998 0.000000
0.511096 -0.064954 0.000000
-0.568362 0.483618 0.000000
-0.668299 1.740008 0.000000
0.374071 -0.259083 0.000000
1.017513 -0.351983 0.000000
0.822677 0.511649 0.000000
0.564615 -0.458151 0.000000
1.208348 0.440645 0.000000
0.000000 0.000000 0.000000
-0.134130 0.313775 0.000000
0.186686 0.152744 0.000000
-0.417817 0.358035 0.000000
0.184623 0.320315 0.000000
-0.627391 1.098418 0.000000
0.192510 1.338364 0.000000
-1.144736 0.490854 0.000000
0.591234 -0.033149 0.000000
-0.881731 0.235868 0.000000
-0.122713 0.288280 0.000000
-0.164375 -0.116872 0.000000
0.122580 0.332821 0.000000
-0.476445 -0.819176 0.000000
0.291212 0.688308 0.000000
-1.120375 -1.315585 0.000000
-0.148160 0.063119 0.000000
-0.200790 -0.240698 0.000000
-0.273493 -0.817516 0.000000
-0.043124 -0.350612 0.000000
1.086504 1.562903 0.000000
-0.017401 -0.127406 0.000000
0.532298 0.628352 0.000000
0.930295 -0.342428 0.000000
1.004810 -0.630818 0.000000
0.071851 1.269937 0.000000
-0.217511 0.496731 0.000000
0.184609 -0.158230 0.000000
0.703114 -0.033045 0.000000
0.863463 -0.163796 0.000000
0.759732 0.364993 0.000000
0.000000 0.000000 0.000000
-0.042383 0.223767 0.000000
-0.133648 0.476453 0.000000
0.097141 0.004733 0.000000
-0.010819 0.454600 0.000000
0.037899 0.214116 0.000000
0.228345 -0.525294 0.000000
-0.318345 0.367564 0.000000
-0.376638 1.324635 0.000000
0.044431 0.408602 0.000000
-0.071556 0.055061 0.000000
-0.878153 0.582099 0.000000
-0.753679 0.263967 0.000000
-0.487700 0.813407 0.000000
0.406483 0.925965 0.000000
-0.225794 -1.083294 0.000000
-0.064577 0.304414 0.000000
-0.206790 0.073125 0.000000
0.643800 0.275704 0.000000
-0.370555 -0.536797 0.000000
0.338753 -1.506790 0.000000
-0.197073 0.457822 0.000000
0.618274 -0.638083 0.000000
0.314828 -0.288225 0.000000
1.493696 -2.097143 0.000000
0.398623 -0.685223 0.000000
-0.286773 -0.434363 0.000000
0.058665 -0.257503 0.000000
0.504220 -0.187119 0.000000
0.439974 0.139078 0.000000
0.616088 0.265547 0.000000
0.000000 0.000000 0.000000
-0.079370 0.327637 0.000000
-0.047167 -0.037696 0.000000
0.074939 0.705769 0.000000
-0.304836 0.489197 0.000000
0.136155 -0.063212 0.000000
-0.505936 1.225799 0.000000
0.140870 1.166605 0.000000
-0.205397 -0.778035 0.000000
-0.629990 0.505417 0.000000
-0.913637 0.629077 0.000000
1.379668 -0.075898 0.000000
0.417487 0.166496 0.000000
-0.297531 -0.111244 0.000000
-0.955953 -1.046951 0.000000
-0.047242 1.257625 0.000000
-0.444482 -0.525528 0.000000
-0.286227 0.295136 0.000000
-0.355886 -0.695505 0.000000
0.107086 0.440462 0.000000
0.662039 0.239589 0.000000
0.949235 0.089988 0.000000
0.535886 -0.129056 0.000000
-0.137275 -0.240300 0.000000
-0.030338 0.241828 0.000000
1.029947 -0.944651 0.000000
1.590912 -0.451227 0.000000
0.290541 0.124757 0.000000
0.556365 -0.122300 0.000000
0.199016 -0.146871 0.000000
0.431685 0.119621 0.000000
0.000000 0.000000 0.000000
0.052572 0.301088 0.000000
-0.104675 0.250746 0.000000
0.039432 -0.077457 0.000000
-0.019028 0.096565 0.000000
0.232551 1.016729 0.000000
-0.251279 -0.263949 0.000000
0.259755 -0.649767 0.000000
-0.589821 0.507168 0.000000
0.488013 1.203289 0.000000
0.100695 -1.491171 0.000000
-1.846372 2.426973 0.000000
-1.502256 0.335720 0.000000
-0.398091 -0.105350 0.000000
0.166712 0.217840 0.000000
0.062830 -0.249505 0.000000
-0.275597 0.674371 0.000000
0.247204 -0.629213 0.000000
-0.008028 1.023350 0.000000
0.407911 -0.804396 0.000000
-0.491159 -1.079250 0.000000
0.057156 1.099798 0.000000
0.517906 -0.479024 0.000000
1.215244 -0.499812 0.000000
-0.353240 -0.441176 0.000000
0.500913 0.522728 0.000000
-0.178178 0.394280 0.000000
0.814291 -0.173262 0.000000
0.143317 0.224453 0.000000
0.623277 -0.103026 0.000000
0.303635 0.120298 0.000000
0.000000 0.000000 0.000000
-0.229104 0.131195 0.000000
0.402336 0.381613 0.000000
-0.584014 0.547320 0.000000
0.990812 0.253736 0.000000
-0.675918 -0.129046 0.000000
0.353648 0.380446 0.000000
-0.394996 1.820975 0.000000
1.059930 -0.123674 0.000000
-1.270197 -0.361024 0.000000
0.212214 0.716450 0.000000
1.286962 -2.256409 0.000000
-0.215584 0.602142 0.000000
-0.993772 -0.136631 0.000000
-0.246440 0.758635 0.000000
-0.900719 0.072881 0.000000
0.265909 0.296137 0.000000
-0.107537 -0.807787 0.000000
-0.179672 -0.135822 0.000000
0.358051 1.521165 0.000000
-0.182951 -0.232683 0.000000
0.405674 -0.173010 0.000000
0.009898 -0.724197 0.000000
-0.487736 0.423366 0.000000
1.253952 0.171308 0.000000
0.290406 0.371063 0.000000
0.655401 -0.067081 0.000000
-0.232598 0.029921 0.000000
0.835544 -0.650995 0.000000
0.063096 0.078150 0.000000
0.268098 0.104769 0.000000
0.000000 0.000000 0.000000
-0.047256 0.193726 0.000000
-0.085854 -0.072356 0.000000
-0.010470 0.325522 0.000000
0.874716 0.661356 0.000000
-0.799190 0.178839 0.000000
1.399934 0.832305 0.000000
-2.269829 -1.798142 0.000000
1.482807 0.314920 0.000000
-0.593019 0.487416 0.000000
0.089754 0.136627 0.000000
0.157824 -0.148442 0.000000
-1.215381 1.427199 0.000000
1.089132 -0.811154 0.000000
-1.063007 0.051502 0.000000
1.433980 -0.386975 0.000000
0.155298 0.499399 0.000000
-0.182178 0.418727 0.000000
0.442182 -0.849062 0.000000
0.119926 0.039648 0.000000
0.266390 -1.014613 0.000000
-0.382519 0.197433 0.000000
0.454278 0.676274 0.000000
0.367375 -0.347906 0.000000
-0.562545 -1.028122 0.000000
0.633194 0.234099 0.000000
0.409498 -0.186354 0.000000
0.780131 0.723092 0.000000
-0.286665 0.141760 0.000000
0.344559 -0.098486 0.000000
0.197616 0.043226 0.000000
0.000000 0.000000 0.000000
-0.013928 0.101963 0.000000
0.236042 0.247049 0.000000
-0.412257 -0.083686 0.000000
0.313619 0.124990 0.000000
-1.106177 -0.251893 0.000000
0.763110 0.303989 0.000000
-0.449053 1.360978 0.000000
-0.772088 1.971423 0.000000
0.577651 -2.196881 0.000000
-0.103123 0.322039 0.000000
0.219848 -0.131423 0.000000
-1.145516 0.241672 0.000000
0.720811 0.426240 0.000000
-1.298713 1.156063 0.000000
0.439350 -1.139063 0.000000
-0.846161 0.541503 0.000000
0.144363 -1.215719 0.000000
-0.856477 -0.068392 0.000000
0.954057 0.775921 0.000000
-0.107060 -0.643293 0.000000
0.380864 -0.002651 0.000000
1.050542 -0.108376 0.000000
-0.395849 0.163513 0.000000
0.861610 1.302556 0.000000
1.322844 -0.656376 0.000000
1.031023 -0.059460 0.000000
-0.350365 -0.145323 0.000000
0.106003 -0.531807 0.000000
0.242117 0.024401 0.000000
0.167862 0.035847 0.000000
0.000000 0.000000 0.000000
0.020417 0.136975 0.000000
0.089563 0.063860 0.000000
-0.128443 0.079874 0.000000
0.078966 0.237300 0.000000
0.459203 0.591279 0.000000
-0.117710 -0.158673 0.000000
0.250372 -0.822101 0.000000
-0.154758 0.008582 0.000000
0.026667 1.726451 0.000000
-0.808435 1.329555 0.000000
0.879232 -1.369305 0.000000
0.276798 0.060026 0.000000
-0.056922 -0.525505 0.000000
0.403131 0.728488 0.000000
-0.828874 0.476395 0.000000
1.041366 0.649185 0.000000
-1.934401 1.114171 0.000000
0.623341 -0.279126 0.000000
2.077640 -0.435731 0.000000
0.828890 0.183672 0.000000
0.339900 0.435084 0.000000
-0.177406 -0.351246 0.000000
-0.115476 -0.178592 0.000000
0.093566 0.196457 0.000000
-0.682765 0.759206 0.000000
0.448740 0.249231 0.000000
0.397810 0.562327 0.000000
0.080924 -0.258399 0.000000
0.212906 0.049264 0.000000
0.123862 0.056127 0.000000
0.000000 0.000000 0.000000
0.077044 0.129705 0.000000
0.067153 0.114457 0.000000
0.103512 0.038886 0.000000
0.267454 0.103182 0.000000
-0.443179 0.054140 0.000000
0.302930 0.067457 0.000000
-0.076779 1.122905 0.000000
-0.397099 0.728376 0.000000
-0.542624 -0.438312 0.000000
0.108767 0.610371 0.000000
-0.878407 1.042846 0.000000
0.415689 0.377886 0.000000
-0.273653 0.686244 0.000000
-0.338076 0.144376 0.000000
0.422576 -0.180518 0.000000
-0.396745 -0.802016 0.000000
0.340492 -0.835751 0.000000
0.246186 0.976591 0.000000
-0.861508 -0.445059 0.000000
0.323322 -0.233805 0.000000
0.453221 0.655850 0.000000
0.450475 -0.255086 0.000000
0.210855 0.451014 0.000000
0.873921 0.030035 0.000000
0.353292 0.004412 0.000000
0.820143 0.138582 0.000000
0.314658 -0.319466 0.000000
0.487135 0.172317 0.000000
0.141893 0.072381 0.000000
0.107251 0.068658 0.000000
0.000000 0.000000 0.000000
0.069406 0.122432 0.000000
0.052472 0.077262 0.000000
-0.001480 0.294517 0.000000
0.095157 0.054938 0.000000
-0.061543 0.357938 0.000000
-0.130164 -0.069920 0.000000
-0.013467 -0.066949 0.000000
0.617463 -0.424837 0.000000
0.193026 -0.044058 0.000000
0.389874 0.072978 0.000000
-0.756547 0.495754 0.000000
1.079355 -0.887672 0.000000
-0.533184 0.225875 0.000000
-0.491410 0.924940 0.000000
0.425306 -0.171092 0.000000
0.234096 0.749016 0.000000
0.380189 0.402925 0.000000
-0.680868 -0.114827 0.000000
0.483167 -0.202291 0.000000
0.098233 0.245167 0.000000
0.646632 -0.002860 0.000000
-0.163886 -0.175561 0.000000
-0.088875 0.570879 0.000000
0.763423 -0.535236 0.000000
0.202433 0.163359 0.000000
-0.191182 -0.015483 0.000000
0.951822 -0.119123 0.000000
0.278537 0.000761 0.000000
0.256213 0.197233 0.000000
0.097108 0.107708 0.000000
0.000000 0.000000 0.000000
0.080805 0.082848 0.000000
0.181403 0.081368 0.000000
0.022148 0.082707 0.000000
0.238558 -0.060956 0.000000
0.009392 0.368838 0.000000
0.053000 -0.012272 0.000000
-0.090976 0.897129 0.000000
-1.292044 1.318213 0.000000
-0.008381 0.205157 0.000000
-0.195776 1.089845 0.000000
0.449034 -0.753050 0.000000
-0.718810 1.362435 0.000000
-0.354346 -0.575361 0.000000
0.236613 -0.690030 0.000000
-0.522058 1.197656 0.000000
0.146617 -1.013645 0.000000
0.739186 -0.512188 0.000000
0.210753 0.098957 0.000000
-0.070367 0.195427 0.000000
-0.129724 -0.250996 0.000000
0.347450 0.565865 0.000000
-0.036271 0.275045 0.000000
0.167479 -0.003192 0.000000
0.628740 0.232596 0.000000
-0.083137 0.418374 0.000000
0.535994 -0.639609 0.000000
-0.084262 0.887172 0.000000
0.017342 0.343766 0.000000
0.230083 0.236128 0.000000
0.211259 0.167229 0.000000
0.000000 0.000000 0.000000
0.093401 0.057483 0.000000
0.033574 0.066342 0.000000
0.041228 0.229228 0.000000
0.110014 0.096610 0.000000
-0.130762 0.154285 0.000000
0.280397 -0.602109 0.000000
1.237741 -0.978172 0.000000
-0.515953 0.463444 0.000000
0.881460 2.487041 0.000000
-0.475174 -1.274042 0.000000
0.992850 1.127530 0.000000
-0.717597 -1.367317 0.000000
1.084058 0.762625 0.000000
0.271918 -0.368913 0.000000
0.787416 0.362543 0.000000
0.189480 1.586459 0.000000
-0.395083 0.221535 0.000000
0.304619 0.100904 0.000000
0.483786 -0.103162 0.000000
0.601170 0.016049 0.000000
-0.009366 0.114523 0.000000
0.723393 0.098404 0.000000
-0.282397 0.187431 0.000000
-0.041703 0.992212 0.000000
0.300328 -0.994292 0.000000
-0.176904 0.258096 0.000000
-0.080187 0.579535 0.000000
0.618928 0.017346 0.000000
0.151718 0.196119 0.000000
0.211314 0.195491 0.000000
0.000000 0.000000 0.000000
0.106039 0.063929 0.000000
0.077532 0.129849 0.000000
0.301336 -0.109216 0.000000
0.039551 -0.024515 0.000000
0.438578 0.396411 0.000000
-0.271794 0.187731 0.000000
0.332583 0.210661 0.000000
-0.771774 -1.506413 0.000000
-0.411753 0.183147 0.000000
0.356815 -0.136677 0.000000
-0.148944 0.184700 0.000000
0.033660 0.727852 0.000000
-0.903903 0.342677 0.000000
0.370508 0.467000 0.000000
-0.178849 0.351716 0.000000
-0.483792 -0.952749 0.000000
0.066308 0.860374 0.000000
0.423580 0.131605 0.000000
-0.527923 0.468057 0.000000
-0.291856 0.172474 0.000000
0.495870 -0.127939 0.000000
0.150512 0.460163 0.000000
0.388155 -0.109519 0.000000
0.453090 0.487921 0.000000
-0.684595 0.538163 0.000000
0.926917 0.968342 0.000000
0.538544 0.163340 0.000000
0.732000 -0.115184 0.000000
0.289339 0.364066 0.000000
0.217659 0.243709 0.000000
0.000000 0.000000 0.000000
0.161746 0.034242 0.000000
0.003834 -0.153577 0.000000
-0.121238 0.444724 0.000000
0.153686 -0.076902 0.000000
0.183430 -0.158845 0.000000
-0.400926 -0.209035 0.000000
1.108857 0.491560 0.000000
-0.369103 0.426862 0.000000
0.128888 -0.311687 0.000000
0.344080 0.539494 0.000000
0.341468 -0.345703 0.000000
0.629462 0.154868 0.000000
-0.154015 0.011633 0.000000
1.237327 -0.654755 0.000000
0.150867 -0.171407 0.000000
0.032413 0.731388 0.000000
1.207424 0.340573 0.000000
0.242347 -0.072869 0.000000
0.192313 0.174978 0.000000
0.162015 0.508321 0.000000
0.431050 0.153259 0.000000
0.139776 0.607610 0.000000
0.560626 -0.150162 0.000000
-0.019405 0.438998 0.000000
0.485469 0.357389 0.000000
0.676233 -0.271852 0.000000
-0.315078 0.611616 0.000000
0.533070 0.144191 0.000000
0.284096 0.256801 0.000000
0.332451 0.248879 0.000000
0.000000 0.000000 0.000000
-0.049008 -0.018017 0.000000
0.330133 0.426703 0.000000
0.236649 -0.517163 0.000000
0.114587 0.116686 0.000000
0.078368 0.591337 0.000000
0.813431 0.313164 0.000000
-0.814912 -0.497462 0.000000
-0.075358 -0.088444 0.000000
-0.109990 -0.408087 0.000000
-0.371143 -0.199762 0.000000
-0.236044 0.025932 0.000000
0.493550 -0.593367 0.000000
-0.562593 0.625748 0.000000
0.043013 0.696759 0.000000
-0.208522 0.631571 0.000000
-0.622475 -0.224323 0.000000
0.137817 1.321300 0.000000
-0.432880 -0.746196 0.000000
0.958251 0.316419 0.000000
-0.139862 0.201770 0.000000
0.512672 0.208469 0.000000
-0.280970 -0.149087 0.000000
0.800422 0.497910 0.000000
-0.147491 0.111427 0.000000
0.519600 0.218807 0.000000
0.076741 0.217284 0.000000
-0.144684 0.865039 0.000000
0.200838 0.085721 0.000000
0.179619 0.245168 0.000000
0.351655 0.250855 0.000000
0.000000 0.000000 0.000000
0.232404 -0.024868 0.000000
-0.011229 -0.299869 0.000000
-0.289146 0.513486 0.000000
0.430870 -0.071876 0.000000
-0.215536 -0.465965 0.000000
-0.009082 -0.225220 0.000000
0.045343 0.408457 0.000000
0.818247 0.193450 0.000000
0.132843 0.497554 0.000000
-1.107447 -0.162004 0.000000
-0.250989 -0.574890 0.000000
-0.124738 0.368745 0.000000
0.996513 0.168061 0.000000
0.387513 -0.100644 0.000000
1.206821 -0.517350 0.000000
-0.196364 0.523798 0.000000
0.296930 0.087471 0.000000
-0.116561 -0.885376 0.000000
-0.251009 -0.358739 0.000000
0.284201 0.368808 0.000000
0.492405 0.127502 0.000000
-0.530204 -0.014883 0.000000
-0.032564 0.118538 0.000000
-0.196537 -0.084049 0.000000
0.864567 0.503149 0.000000
0.347769 -0.103561 0.000000
0.661492 -0.344566 0.000000
0.154706 0.457613 0.000000
0.226488 0.212003 0.000000
0.379844 0.198058 0.000000
0.000000 0.000000 0.000000
0.087127 0.020852 0.000000
-0.122863 0.358698 0.000000
1.272515 -0.608057 0.000000
-0.027215 -0.104856 0.000000
0.372775 0.770780 0.000000
-0.234525 0.322633 0.000000
0.530329 -0.371551 0.000000
-0.830912 -0.255007 0.000000
0.737149 0.579634 0.000000
1.466518 0.422303 0.000000
0.311718 0.172514 0.000000
-0.406496 0.372677 0.000000
0.777667 0.287217 0.000000
-1.084312 -0.191401 0.000000
0.889135 0.851437 0.000000
0.741925 0.439938 0.000000
0.656320 0.595699 0.000000
-0.354832 -0.003317 0.000000
0.579500 -0.100257 0.000000
-0.327948 -0.213850 0.000000
0.385206 0.120468 0.000000
-0.460506 -0.548583 0.000000
0.741373 0.366511 0.000000
-0.117296 -0.073798 0.000000
-0.267525 -0.030486 0.000000
0.283915 0.456344 0.000000
0.125113 0.426730 0.000000
-0.120995 0.233947 0.000000
0.450191 0.023042 0.000000
0.383997 0.143453 0.000000
0.000000 0.000000 0.000000
0.081930 -0.033305 0.000000
0.373088 -0.306245 0.000000
-1.502602 0.826640 0.000000
0.670780 -0.453529 0.000000
0.100354 -0.490083 0.000000
-0.251912 -0.459581 0.000000
0.509595 0.496603 0.000000
-0.249736 0.443661 0.000000
0.716887 -0.577230 0.000000
-0.605021 -0.148237 0.000000
0.587936 0.217370 0.000000
-0.091674 -0.297095 0.000000
-0.407251 0.079525 0.000000
0.316999 0.423331 0.000000
0.479283 0.208656 0.000000
-1.062394 -0.819262 0.000000
0.114890 -1.143288 0.000000
-0.122039 0.164748 0.000000
-0.017573 0.031017 0.000000
0.502443 0.046738 0.000000
-0.246562 -0.148799 0.000000
0.437324 0.396074 0.000000
0.034768 0.424434 0.000000
0.231540 0.072413 0.000000
0.273319 -0.378583 0.000000
0.004465 -0.166887 0.000000
0.364291 -0.041511 0.000000
0.335447 -0.213559 0.000000
0.106627 0.132908 0.000000
0.369393 0.104404 0.000000
0.000000 0.000000 0.000000
0.095845 0.001672 0.000000
-0.184498 0.386446 0.000000
0.195267 0.067667 0.000000
0.067274 0.181009 0.000000
-0.210087 0.647951 0.000000
0.242648 0.226642 0.000000
0.305176 -0.637605 0.000000
-0.307047 0.049521 0.000000
-0.187816 0.882489 0.000000
0.126714 0.021508 0.000000
-0.075593 -0.011772 0.000000
-0.407365 0.572627 0.000000
0.371666 0.049168 0.000000
0.068086 -0.458821 0.000000
0.366615 -0.462929 0.000000
0.612010 0.907012 0.000000
0.168818 -0.223867 0.000000
0.502824 0.050189 0.000000
0.170240 -0.374642 0.000000
0.043294 0.316492 0.000000
0.082739 -0.272468 0.000000
0.101237 0.173334 0.000000
0.407491 0.029070 0.000000
0.367410 -0.673056 0.000000
-0.078851 0.688060 0.000000
0.364262 -0.272330 0.000000
0.368329 -0.349454 0.000000
0.013651 0.280163 0.000000
0.208624 -0.006129 0.000000
0.336124 -0.001264 0.000000
0.000000 0.000000 0.000000
0.032848 0.000586 0.000000
0.376154 -0.443321 0.000000
-0.137497 0.339498 0.000000
-0.041755 -0.296809 0.000000
0.210625 -0.309058 0.000000
0.224799 -0.433522 0.000000
0.125559 0.406372 0.000000
0.384352 0.153103 0.000000
0.264815 -0.051684 0.000000
-0.178300 -0.147022 0.000000
0.761732 -0.245872 0.000000
0.412073 -0.314338 0.000000
0.134076 -0.062981 0.000000
-0.329274 0.878876 0.000000
-1.134592 1.889525 0.000000
1.153943 -3.753038 0.000000
-0.148745 0.930300 0.000000
1.173925 -0.386315 0.000000
0.247044 -0.129831 0.000000
0.104805 -0.458886 0.000000
0.578407 -0.200503 0.000000
0.557922 -0.075456 0.000000
-0.017777 0.147289 0.000000
0.317308 0.293262 0.000000
0.039415 -0.556120 0.000000
-0.358240 0.591402 0.000000
0.629742 -0.759773 0.000000
0.259819 -0.145709 0.000000
0.203678 -0.143751 0.000000
0.280378 -0.053802 0.000000
0.000000 0.000000 0.000000
0.148472 -0.017731 0.000000
-0.286241 0.315386 0.000000
0.299047 -0.071906 0.000000
0.160198 0.182931 0.000000
0.240412 0.566041 0.000000
-0.573107 0.150257 0.000000
-0.296890 -0.130562 0.000000
0.711779 -0.050460 0.000000
0.172019 0.043477 0.000000
0.439950 0.089623 0.000000
-0.091295 0.612177 0.000000
-0.275026 0.362245 0.000000
-0.059738 0.221594 0.000000
1.523706 -1.858512 0.000000
0.338715 2.680808 0.000000
-0.554969 1.444373 0.000000
-0.340938 0.169688 0.000000
0.112903 0.590942 0.000000
-0.897247 -0.278286 0.000000
0.493094 -0.160831 0.000000
-0.238073 0.393055 0.000000
-0.054879 -0.354468 0.000000
0.402950 0.259410 0.000000
-0.078733 -0.322272 0.000000
-0.152746 0.309417 0.000000
0.389333 -0.473295 0.000000
-0.029561 0.074456 0.000000
-0.092268 0.065324 0.000000
0.184123 -0.106862 0.000000
0.215019 -0.080468 0.000000
0.000000 0.000000 0.000000
-0.058671 0.016500 0.000000
0.185982 0.006449 0.000000
0.154459 0.030988 0.000000
-0.476710 0.133485 0.000000
0.390597 -0.565511 0.000000
0.055578 -0.097508 0.000000
0.071861 0.403684 0.000000
-0.181366 -0.162730 0.000000
0.808249 0.685758 0.000000
-0.537180 -0.051349 0.000000
0.815792 -0.739928 0.000000
0.806523 -0.329765 0.000000
0.428564 0.273709 0.000000
0.079848 -0.395132 0.000000
0.394401 -0.439131 0.000000
-0.084356 -0.786605 0.000000
0.236546 -0.379010 0.000000
0.946797 0.688716 0.000000
0.957321 0.352203 0.000000
0.170838 -0.104193 0.000000
0.693623 0.252391 0.000000
0.170788 -0.131015 0.000000
1.217702 0.119825 0.000000
0.149179 -0.765203 0.000000
0.194566 0.254304 0.000000
-0.086785 -0.137279 0.000000
0.342405 -0.245636 0.000000
0.167459 -0.260421 0.000000
0.133055 -0.249266 0.000000
0.136459 -0.134242 0.000000
0.000000 0.000000 0.000000
0.086460 -0.024737 0.000000
-0.119652 -0.174640 0.000000
0.016920 0.078436 0.000000
0.397686 0.187570 0.000000
-0.271003 0.518532 0.000000
0.287361 -0.024468 0.000000
-0.127248 0.150458 0.000000
0.505023 0.100069 0.000000
-0.090505 -0.653347 0.000000
0.287612 0.100386 0.000000
0.449093 0.442032 0.000000
0.197807 -0.035934 0.000000
0.551836 -0.205304 0.000000
0.163334 -0.075154 0.000000
0.419913 0.526489 0.000000
0.509968 -0.400359 0.000000
0.184290 0.422468 0.000000
-0.038975 -0.681634 0.000000
1.674667 0.333442 0.000000
-0.519681 -0.327008 0.000000
0.231721 -0.051723 0.000000
-1.060646 -0.793529 0.000000
-0.192586 -0.411517 0.000000
-0.788865 0.400179 0.000000
0.836656 -0.777795 0.000000
-0.018957 -0.404219 0.000000
0.708027 0.112686 0.000000
0.018942 0.014137 0.000000
0.133913 -0.117054 0.000000
0.059846 -0.124589 0.000000
0.000000 0.000000 0.000000
-0.039411 0.020664 0.000000
0.076337 0.255080 0.000000
0.042974 0.109582 0.000000
-0.304205 -0.410113 0.000000
0.111901 0.078909 0.000000
0.264995 -0.165968 0.000000
0.094827 -0.013562 0.000000
0.054529 -0.117291 0.000000
0.024623 0.782752 0.000000
0.624679 0.236201 0.000000
-0.290246 -0.276783 0.000000
0.339209 -0.122703 0.000000
0.098453 0.832874 0.000000
0.018517 -0.021698 0.000000
0.720786 -0.590159 0.000000
-0.351353 0.400755 0.000000
0.469519 -0.984437 0.000000
0.819446 0.777349 0.000000
-0.780069 -0.287795 0.000000
-0.773609 -0.374244 0.000000
0.258022 -0.606129 0.000000
0.379238 0.213100 0.000000
0.405079 0.082656 0.000000
0.459406 0.675735 0.000000
-1.007549 -0.443866 0.000000
-0.032938 -0.250505 0.000000
-0.007970 -0.150589 0.000000
0.139938 -0.371830 0.000000
0.107223 -0.147307 0.000000
0.009388 -0.094489 0.000000
0.000000 0.000000 0.000000
-0.024037 0.000559 0.000000
-0.027142 -0.253045 0.000000
0.051496 -0.175234 0.000000
0.012546 0.530499 0.000000
0.154845 -0.019737 0.000000
-0.183928 0.202056 0.000000
0.306363 -0.171959 0.000000
0.315219 0.192211 0.000000
0.174562 -0.224211 0.000000
0.391708 -0.677964 0.000000
-0.068571 0.673496 0.000000
0.468119 0.445990 0.000000
0.174012 -0.414173 0.000000
0.393772 -0.456008 0.000000
0.140876 0.591978 0.000000
0.352233 0.015201 0.000000
0.291550 0.106096 0.000000
-0.239135 0.073369 0.000000
0.386736 -0.307247 0.000000
-0.078829 -0.007856 0.000000
0.746954 1.109193 0.000000
-0.165062 -0.157644 0.000000
-0.205419 -0.244561 0.000000
0.107815 -0.247279 0.000000
-0.164102 -0.555864 0.000000
0.488938 -0.181318 0.000000
-0.148852 0.057938 0.000000
0.112493 0.129146 0.000000
-0.017072 -0.014179 0.000000
-0.037431 -0.048020 0.000000
0.000000 0.000000 0.000000
-0.031157 0.037371 0.000000
-0.003509 0.193202 0.000000
-0.042674 0.330691 0.000000
-0.002542 -0.209439 0.000000
0.011062 -0.014653 0.000000
-0.041660 0.218087 0.000000
0.386584 -0.019176 0.000000
0.154132 0.239887 0.000000
0.879795 -0.011260 0.000000
-0.273470 0.846237 0.000000
0.862669 -0.282179 0.000000
-0.612593 -0.664532 0.000000
0.373786 0.461097 0.000000
0.629105 0.331806 0.000000
-0.518925 0.306519 0.000000
0.869208 -0.689280 0.000000
-0.037822 0.265521 0.000000
0.454245 -0.288048 0.000000
0.346362 0.342180 0.000000
0.136437 0.069535 0.000000
-0.519321 -1.066407 0.000000
0.189918 -0.261412 0.000000
-0.057356 0.251196 0.000000
-0.053604 -0.204905 0.000000
-0.066484 0.330285 0.000000
-0.031741 -0.569841 0.000000
0.174030 -0.123944 0.000000
-0.129620 -0.037205 0.000000
0.077673 -0.030904 0.000000
-0.063209 0.021077 0.000000
0.000000 0.000000 0.000000
-0.087439 0.008564 0.000000
0.029443 -0.154549 0.000000
0.005998 -0.298453 0.000000
-0.027461 0.184354 0.000000
0.124989 0.149077 0.000000
-0.279725 0.119684 0.000000
0.122439 -0.103738 0.000000
-0.466693 0.195844 0.000000
0.028134 -0.277863 0.000000
0.195035 -0.310916 0.000000
0.886962 0.771450 0.000000
0.852468 1.210288 0.000000
-0.094052 0.512642 0.000000
0.578322 -1.797968 0.000000
0.863435 -0.012603 0.000000
-0.279572 0.889467 0.000000
0.291824 -0.084162 0.000000
0.053513 0.078887 0.000000
0.093170 0.024639 0.000000
-0.318618 -0.328570 0.000000
1.281397 0.885558 0.000000
-0.464048 0.298375 0.000000
0.660184 -0.170052 0.000000
0.174841 0.029974 0.000000
0.073723 0.414781 0.000000
0.153393 -0.259328 0.000000
0.076813 0.744178 0.000000
0.058148 0.008250 0.000000
0.029582 0.133051 0.000000
-0.079996 0.083082 0.000000
0.000000 0.000000 0.000000
-0.012889 0.049110 0.000000
-0.130340 0.140583 0.000000
0.123823 0.202199 0.000000
-0.135420 0.189429 0.000000
0.311813 -0.311615 0.000000
-0.163997 0.264334 0.000000
0.577922 0.083161 0.000000
0.159434 0.240380 0.000000
-0.334116 -0.211064 0.000000
0.226928 -0.273935 0.000000
-0.665933 -0.529242 0.000000
0.188491 -0.262064 0.000000
0.267224 2.278583 0.000000
-0.435616 0.113444 0.000000
1.100174 -0.330877 0.000000
-0.732849 0.268434 0.000000
1.462283 -0.744203 0.000000
-0.200984 0.411873 0.000000
0.527354 -0.290940 0.000000
0.046188 0.542695 0.000000
-0.507640 -0.343162 0.000000
0.542533 0.479892 0.000000
-0.194759 -0.271936 0.000000
-0.255929 -0.268333 0.000000
-0.342707 -0.045758 0.000000
0.190227 -0.497975 0.000000
-0.127291 0.161889 0.000000
0.088313 -0.076543 0.000000
-0.146789 0.113268 0.000000
-0.079916 0.149781 0.000000
0.000000 0.000000 0.000000
-0.078362 0.053306 0.000000
-0.047168 -0.153139 0.000000
-0.014525 -0.049850 0.000000
-0.001845 -0.170937 0.000000
0.038930 0.098930 0.000000
0.313438 0.003031 0.000000
-0.235096 0.191982 0.000000
0.175864 -0.252231 0.000000
0.383486 0.597988 0.000000
0.330770 -0.109478 0.000000
0.507026 0.326971 0.000000
-0.084963 0.328591 0.000000
-0.074600 -1.199988 0.000000
0.976049 -0.147684 0.000000
-0.293759 0.334815 0.000000
0.502743 0.172050 0.000000
-0.431698 0.430376 0.000000
0.245311 0.177889 0.000000
0.405969 -0.487095 0.000000
0.790568 0.108089 0.000000
-0.034081 -0.627582 0.000000
-0.434610 0.803642 0.000000
-0.135865 0.003395 0.000000
0.131193 0.310525 0.000000
0.603814 0.107579 0.000000
-0.246950 0.522065 0.000000
-0.200644 0.319608 0.000000
0.040872 0.507266 0.000000
-0.091848 0.223965 0.000000
-0.063752 0.171419 0.000000
0.000000 0.000000 0.000000
-0.110729 0.057639 0.000000
0.094551 0.205439 0.000000
-0.161064 0.103684 0.000000
0.203644 0.111869 0.000000
-0.083349 0.201058 0.000000
0.034301 -0.139118 0.000000
0.131900 -0.006048 0.000000
0.434084 0.285272 0.000000
-0.127157 -0.100909 0.000000
0.201112 0.837908 0.000000
-0.103313 -0.440093 0.000000
0.390589 0.347626 0.000000
-0.291863 0.201854 0.000000
0.876660 0.040111 0.000000
0.364641 -0.117434 0.000000
0.276554 0.107953 0.000000
-0.128470 0.066024 0.000000
0.499492 0.123890 0.000000
0.273600 -0.034111 0.000000
-0.840749 0.251885 0.000000
0.530890 -0.141278 0.000000
0.088261 -0.336032 0.000000
0.106460 0.013295 0.000000
-0.065271 0.319910 0.000000
-0.042230 -0.832124 0.000000
0.832871 0.366513 0.000000
-0.735920 -0.341515 0.000000
0.353198 0.135210 0.000000
-0.252120 0.133065 0.000000
-0.048954 0.185338 0.000000
0.000000 0.000000 0.000000
-0.022192 0.014221 0.000000
-0.113585 -0.175620 0.000000
0.084862 -0.011386 0.000000
-0.122939 0.028529 0.000000
0.116343 -0.199444 0.000000
0.154664 0.193355 0.000000
-0.202826 0.069946 0.000000
0.111156 -0.420087 0.000000
-0.096489 0.324397 0.000000
0.589727 -0.589122 0.000000
0.624473 -0.250984 0.000000
0.343159 -0.603477 0.000000
0.622840 0.666578 0.000000
0.024445 0.136099 0.000000
-0.098291 0.084008 0.000000
0.326728 0.123033 0.000000
0.341579 0.709057 0.000000
0.194347 -0.266120 0.000000
0.206456 0.677049 0.000000
0.451764 -0.138477 0.000000
-0.403435 0.005238 0.000000
0.056962 -0.220128 0.000000
0.142325 0.834591 0.000000
-0.174413 -0.160452 0.000000
0.597332 1.833266 0.000000
-0.541812 0.108340 0.000000
-0.056902 0.333301 0.000000
-0.618510 0.560930 0.000000
-0.032412 0.180069 0.000000
-0.067025 0.174300 0.000000
0.000000 0.000000 0.000000
-0.043132 0.059468 0.000000
-0.095355 0.258150 0.000000
0.111557 0.093784 0.000000
-0.081356 0.028145 0.000000
0.114146 0.213001 0.000000
-0.111127 -0.032253 0.000000
0.260608 -0.021336 0.000000
0.181811 0.286381 0.000000
0.210051 0.308060 0.000000
-0.711000 0.553599 0.000000
-0.484887 0.213498 0.000000
0.389149 0.725129 0.000000
-1.131729 -0.558137 0.000000
0.466070 0.124984 0.000000
-0.144052 0.163079 0.000000
0.080936 0.187137 0.000000
0.201422 0.018571 0.000000
-0.464282 -0.315446 0.000000
0.646821 -0.249814 0.000000
-0.535101 -0.118431 0.000000
0.598438 0.668731 0.000000
-0.135604 -0.336969 0.000000
-0.264846 -0.462779 0.000000
-0.457648 -0.728596 0.000000
-0.337129 -1.046992 0.000000
-0.271025 0.444641 0.000000
0.334128 -0.448435 0.000000
-0.254723 0.092042 0.000000
-0.097732 0.118147 0.000000
-0.065095 0.147521 0.000000
0.000000 0.000000 0.000000
-0.091141 0.014152 0.000000
0.089438 -0.192828 0.000000
-0.180596 -0.002265 0.000000
0.036152 0.003786 0.000000
0.171535 -0.061684 0.000000
0.041853 0.061672 0.000000
-0.178668 -0.017743 0.000000
0.301571 -0.095547 0.000000
-0.615424 -0.021522 0.000000
0.666933 -0.145363 0.000000
2.201748 -0.592672 0.000000
3.637334 1.007643 0.000000
-0.930510 0.177757 0.000000
0.125894 0.405003 0.000000
0.420990 -0.262841 0.000000
-0.573334 -0.090450 0.000000
0.619159 -0.303925 0.000000
-0.889005 -0.384615 0.000000
0.816075 0.686275 0.000000
-0.544194 -0.052205 0.000000
0.797908 -0.135007 0.000000
-0.996936 -0.037428 0.000000
1.257067 0.838326 0.000000
-0.988229 0.417453 0.000000
0.203875 0.888357 0.000000
0.173933 0.017795 0.000000
-0.167234 0.042253 0.000000
-0.043528 0.355890 0.000000
-0.104703 0.117154 0.000000
-0.064132 0.116366 0.000000
0.000000 0.000000 0.000000
-0.042329 0.023463 0.000000
-0.048717 0.260114 0.000000
0.036903 0.025269 0.000000
0.201396 0.141012 0.000000
-0.412503 -0.188061 0.000000
0.264186 0.239173 0.000000
0.165727 -0.163883 0.000000
-0.021186 0.281129 0.000000
0.416676 -0.318329 0.000000
-0.869323 0.914156 0.000000
5.544622 2.515761 0.000000
-6.772517 -2.455956 0.000000
0.221866 -0.566621 0.000000
0.093132 -0.320680 0.000000
-0.361843 0.527777 0.000000
0.735708 0.182143 0.000000
0.066447 -0.265438 0.000000
0.739187 0.924637 0.000000
0.217129 -0.157141 0.000000
-0.091912 -0.103304 0.000000
0.123519 0.525330 0.000000
-0.114872 -0.215779 0.000000
0.367034 -0.380899 0.000000
0.372262 -0.745414 0.000000
-0.675243 0.555767 0.000000
-0.170825 0.265223 0.000000
-0.100518 -0.266270 0.000000
-0.103191 0.031613 0.000000
-0.137638 0.045934 0.000000
-0.084195 0.082615 0.000000
0.000000 0.000000 0.000000
-0.075516 0.006718 0.000000
0.109011 -0.209059 0.000000
-0.329787 0.012097 0.000000
0.285607 -0.063087 0.000000
0.066168 0.112491 0.000000
0.181938 0.081821 0.000000
-0.259039 -0.367002 0.000000
-0.080962 0.475833 0.000000
0.065387 0.436728 0.000000
-0.272387 -0.382235 0.000000
-0.591976 -1.285567 0.000000
-0.046701 0.107355 0.000000
0.141451 0.834610 0.000000
0.271866 0.366270 0.000000
0.161003 -0.457964 0.000000
0.345031 -0.177996 0.000000
0.014349 -0.299792 0.000000
-0.253461 -0.175876 0.000000
0.073745 0.334176 0.000000
0.008764 0.051317 0.000000
0.039120 -0.173026 0.000000
0.246358 0.093133 0.000000
-0.647279 0.343565 0.000000
-0.001357 0.565322 0.000000
0.146507 0.049493 0.000000
0.171816 -0.467717 0.000000
0.026215 0.311990 0.000000
-0.168236 0.368629 0.000000
-0.126484 0.058897 0.000000
-0.114169 0.064677 0.000000
0.000000 0.000000 0.000000
0.005676 -0.018609 0.000000
-0.082981 0.251767 0.000000
0.141164 -0.013411 0.000000
0.096673 0.051427 0.000000
-0.336657 -0.065505 0.000000
0.435086 -0.087370 0.000000
-0.124979 0.297857 0.000000
0.421719 -0.588614 0.000000
0.057247 0.195644 0.000000
2.227746 0.961744 0.000000
-2.693421 -0.506683 0.000000
1.918610 0.544337 0.000000
-0.507671 -0.798878 0.000000
0.434963 -0.303522 0.000000
-0.337681 0.265631 0.000000
0.173517 0.589319 0.000000
0.271571 -0.193696 0.000000
0.242234 0.411035 0.000000
0.128173 -0.078383 0.000000
0.006102 0.059985 0.000000
-0.188825 -0.353864 0.000000
-0.130136 0.367218 0.000000
0.599465 -0.588140 0.000000
-0.243945 -0.355758 0.000000
-0.094107 0.206365 0.000000
-0.418756 -0.032076 0.000000
-0.125722 -0.195739 0.000000
-0.154514 -0.115064 0.000000
-0.059477 0.006350 0.000000
-0.141053 0.047532 0.000000
0.000000 0.000000 0.000000
-0.003004 0.007515 0.000000
-0.023499 -0.160346 0.000000
0.032177 -0.134012 0.000000
-0.071210 0.034798 0.000000
0.205453 0.019553 0.000000
0.155016 0.038985 0.000000
-0.455646 -0.619432 0.000000
0.624136 0.504656 0.000000
-1.309492 -0.270942 0.000000
-0.392942 -0.388705 0.000000
0.339861 0.041512 0.000000
0.096781 0.153274 0.000000
-0.675048 -0.648517 0.000000
0.906389 -0.173436 0.000000
-0.501047 -0.267984 0.000000
0.520592 -0.119304 0.000000
-0.513041 -0.177862 0.000000
-0.055179 -0.165457 0.000000
0.166025 0.447301 0.000000
-0.016614 -0.025854 0.000000
0.303200 0.515405 0.000000
-0.085051 0.072318 0.000000
-0.065256 0.095304 0.000000
-0.329884 0.929799 0.000000
-0.185160 0.000892 0.000000
0.224921 0.102474 0.000000
-0.115654 -0.086611 0.000000
0.094314 0.278592 0.000000
-0.231580 0.097197 0.000000
-0.159955 0.052445 0.000000
0.000000 0.000000 0.000000
-0.010763 -0.024649 0.000000
0.111745 0.069620 0.000000
-0.037242 0.142066 0.000000
0.062219 -0.040263 0.000000
0.177192 -0.221096 0.000000
-0.369832 0.080176 0.000000
0.745339 0.249267 0.000000
-0.412662 0.001100 0.000000
0.753453 -0.415701 0.000000
-0.079715 0.190278 0.000000
-0.589502 -0.144097 0.000000
0.452693 -0.769914 0.000000
-0.287659 0.758329 0.000000
0.114265 -0.229622 0.000000
-0.029886 0.211380 0.000000
0.329377 0.176689 0.000000
0.017274 0.026331 0.000000
0.450689 0.269573 0.000000
-0.124500 -0.119117 0.000000
-0.077537 -0.106657 0.000000
0.134585 0.447658 0.000000
-0.356877 0.049021 0.000000
0.482045 0.082519 0.000000
0.494083 -0.955144 0.000000
-0.229191 -0.029147 0.000000
-0.119826 0.120087 0.000000
-0.273584 0.055727 0.000000
-0.187512 -0.135874 0.000000
-0.079459 0.062242 0.000000
-0.182359 0.049459 0.000000
0.000000 0.000000 0.000000
0.030124 -0.031167 0.000000
-0.042139 -0.067612 0.000000
0.108660 -0.192604 0.000000
0.071847 -0.123496 0.000000
-0.118897 0.300904 0.000000
0.303379 -0.362843 0.000000
-0.075867 -0.307800 0.000000
0.260397 -0.110977 0.000000
-0.381751 0.325155 0.000000
0.152988 -0.020439 0.000000
0.964261 -0.362025 0.000000
-0.836803 0.670692 0.000000
0.620486 -0.222647 0.000000
0.338325 -0.253137 0.000000
-0.331819 0.066124 0.000000
0.383073 -0.403869 0.000000
-0.318526 -0.056581 0.000000
-0.405689 -0.754962 0.000000
-0.054523 0.161904 0.000000
-0.022506 -0.244031 0.000000
-0.221341 -0.031295 0.000000
-0.259638 0.121985 0.000000
-0.285521 -0.103219 0.000000
-0.399729 1.191619 0.000000
0.198217 -0.691234 0.000000
-0.057776 0.155548 0.000000
-0.058792 -0.213293 0.000000
0.019084 0.169581 0.000000
-0.228414 0.078548 0.000000
-0.207723 0.071411 0.000000
0.000000 0.000000 0.000000
0.070358 -0.024420 0.000000
0.089303 -0.027019 0.000000
-0.005015 0.165106 0.000000
0.066459 -0.009811 0.000000
0.130773 -0.201961 0.000000
0.035841 -0.004360 0.000000
-0.326942 0.626499 0.000000
0.631175 -0.789980 0.000000
0.062771 -0.383146 0.000000
-0.358871 -0.244886 0.000000
-0.097626 0.131286 0.000000
0.067391 -0.683426 0.000000
-0.522820 0.160299 0.000000
-0.041944 -0.007066 0.000000
0.017204 -0.066647 0.000000
-0.008391 0.238734 0.000000
0.006978 -0.316830 0.000000
0.505676 0.504859 0.000000
-0.222103 -0.517441 0.000000
0.138440 0.139171 0.000000
-0.182779 0.323593 0.000000
-0.073110 -0.064857 0.000000
0.271072 0.127395 0.000000
-0.156682 0.161640 0.000000
-0.122052 0.052095 0.000000
-0.102515 0.272369 0.000000
-0.300199 0.260544 0.000000
-0.122091 -0.003314 0.000000
-0.123132 0.079381 0.000000
-0.220523 0.096006 0.000000
0.000000 0.000000 0.000000
0.009446 -0.046334 0.000000
0.082113 0.039478 0.000000
0.054570 -0.346712 0.000000
0.115501 -0.022805 0.000000
-0.077143 0.097282 0.000000
0.105395 -0.160704 0.000000
0.157201 -0.384747 0.000000
-0.565981 0.536379 0.000000
0.369937 0.278275 0.000000
0.197362 -0.432550 0.000000
0.375017 -0.218963 0.000000
0.669609 0.439966 0.000000
-0.351174 -0.345879 0.000000
0.449673 -0.160011 0.000000
-0.107782 0.106859 0.000000
-0.259266 -0.303192 0.000000
0.304367 0.158777 0.000000
-0.477406 -0.202200 0.000000
0.379597 0.340985 0.000000
-0.092585 -0.082473 0.000000
0.105371 -0.101480 0.000000
-0.299662 0.090663 0.000000
-0.094308 0.115519 0.000000
-0.142661 0.115208 0.000000
-0.214273 0.291865 0.000000
0.115495 -0.112316 0.000000
-0.256643 -0.069782 0.000000
0.014828 0.014319 0.000000
-0.245081 0.149943 0.000000
-0.227023 0.123318 0.000000
0.000000 0.000000 0.000000
0.104629 -0.064700 0.000000
0.096714 -0.149257 0.000000
-0.002330 0.264815 0.000000
0.111071 -0.069235 0.000000
0.183816 -0.280116 0.000000
0.038194 0.161796 0.000000
0.061614 -0.000308 0.000000
0.306711 -0.245145 0.000000
0.070473 -0.750726 0.000000
-0.155397 0.340972 0.000000
1.373763 0.149116 0.000000
-1.078414 -0.588457 0.000000
0.081913 -0.175095 0.000000
0.169721 0.182723 0.000000
-0.225513 -0.318036 0.000000
0.075548 -0.012675 0.000000
-0.009489 0.103141 0.000000
-0.103565 0.173962 0.000000
0.128097 -0.212059 0.000000
-0.110814 -0.059535 0.000000
0.021599 0.007008 0.000000
0.063546 0.220902 0.000000
0.052937 0.009487 0.000000
0.102473 -0.174210 0.000000
-0.198306 0.062402 0.000000
-0.191598 0.280769 0.000000
-0.152455 0.162336 0.000000
-0.357025 0.197851 0.000000
-0.167128 0.098864 0.000000
-0.229595 0.131529 0.000000
0.000000 0.000000 0.000000
0.105640 -0.036167 0.000000
-0.077236 0.103078 0.000000
0.373338 -0.527533 0.000000
-0.184822 0.055830 0.000000
0.266353 0.108525 0.000000
-0.113152 -0.280630 0.000000
0.131158 -0.183414 0.000000
-0.234151 0.345415 0.000000
0.781154 -0.133084 0.000000
-0.415810 0.295818 0.000000
-0.401908 -0.699363 0.000000
-0.398308 0.023038 0.000000
0.531367 -0.084065 0.000000
-0.244255 -0.249118 0.000000
0.191928 -0.104076 0.000000
-0.257063 -0.074567 0.000000
-0.215778 -0.301392 0.000000
0.105650 0.047322 0.000000
0.125960 0.245070 0.000000
-0.111107 0.149532 0.000000
-0.127258 0.027817 0.000000
-0.266286 -0.030997 0.000000
0.052575 0.138625 0.000000
-0.523553 0.530207 0.000000
0.312493 -0.238419 0.000000
-0.267030 0.127948 0.000000
-0.158619 -0.034307 0.000000
-0.078132 0.073986 0.000000
-0.201350 0.120267 0.000000
-0.233572 0.142459 0.000000
0.000000 0.000000 0.000000
0.074150 -0.029517 0.000000
0.177295 -0.240530 0.000000
-0.078827 0.449964 0.000000
-0.018164 -0.001233 0.000000
0.424595 -0.411208 0.000000
0.017936 0.019499 0.000000
0.332989 0.204173 0.000000
0.068015 -0.524192 0.000000
-0.274157 -0.038383 0.000000
0.133812 -0.275180 0.000000
0.601886 0.398984 0.000000
-0.825492 -0.234927 0.000000
0.327122 -0.120864 0.000000
-0.395611 0.072631 0.000000
-0.016454 -0.397210 0.000000
0.230605 0.375597 0.000000
-0.055066 0.098081 0.000000
0.257114 0.017902 0.000000
-0.544001 -0.152111 0.000000
0.104265 -0.238151 0.000000
0.031913 0.148587 0.000000
-0.249292 -0.221289 0.000000
-0.386763 0.054349 0.000000
-0.023729 -0.033289 0.000000
-0.454685 0.402408 0.000000
0.009855 0.207485 0.000000
-0.370606 0.181299 0.000000
-0.180658 0.171537 0.000000
-0.300978 0.146207 0.000000
-0.236273 0.146355 0.000000
0.000000 0.000000 0.000000
0.074434 -0.042852 0.000000
0.047127 0.112797 0.000000
0.098538 -0.346041 0.000000
0.354357 -0.201639 0.000000
-0.561197 0.391431 0.000000
0.651032 -0.352521 0.000000
-0.275874 -0.108708 0.000000
0.314126 -0.013331 0.000000
-0.036332 -0.233186 0.000000
0.263808 0.244581 0.000000
-0.262944 -0.062795 0.000000
0.218986 -0.286726 0.000000
0.103920 0.054135 0.000000
-0.227195 0.056679 0.000000
0.235652 0.097922 0.000000
-0.340547 -0.520201 0.000000
-0.100039 -0.178610 0.000000
-0.292193 0.153710 0.000000
-0.170159 0.103230 0.000000
-0.032006 0.267581 0.000000
-0.472452 0.082140 0.000000
0.171204 0.211442 0.000000
-0.091031 -0.001592 0.000000
-0.028096 -0.315686 0.000000
-0.028911 -0.096366 0.000000
-0.254759 -0.046563 0.000000
-0.093575 0.086571 0.000000
-0.205069 0.129393 0.000000
-0.167239 0.148277 0.000000
-0.246053 0.144211 0.000000
0.000000 0.000000 0.000000
0.070515 -0.030540 0.000000
0.152851 -0.158804 0.000000
-0.011480 0.097606 0.000000
-0.054348 0.226019 0.000000
0.032780 -0.145770 0.000000
0.139791 0.095971 0.000000
-0.155620 -0.101299 0.000000
0.332275 0.015931 0.000000
-0.172228 -0.070346 0.000000
0.270147 -0.271238 0.000000
-0.130511 -0.408166 0.000000
0.590193 0.745037 0.000000
-0.684371 -0.406210 0.000000
-0.012074 -0.175731 0.000000
-0.029616 0.755943 0.000000
-0.211029 -0.132820 0.000000
0.087752 -0.339247 0.000000
0.031414 0.093686 0.000000
-0.085161 -0.306229 0.000000
-0.398947 0.162732 0.000000
0.201598 0.012369 0.000000
-0.396850 0.468098 0.000000
-0.014990 0.050618 0.000000
-0.335871 0.619554 0.000000
0.058772 0.350561 0.000000
-0.387763 0.246931 0.000000
-0.186739 0.106357 0.000000
-0.449591 0.040086 0.000000
-0.240130 0.134999 0.000000
-0.254260 0.144106 0.000000
0.000000 0.000000 0.000000
0.061661 -0.024532 0.000000
0.035962 0.053183 0.000000
0.150066 -0.087883 0.000000
0.199136 -0.292650 0.000000
0.087174 0.006211 0.000000
-0.063303 -0.000173 0.000000
0.167559 -0.041314 0.000000
0.009884 -0.196380 0.000000
0.014133 -0.003084 0.000000
0.204787 0.289954 0.000000
-0.205244 -0.032909 0.000000
-0.112043 -0.409210 0.000000
0.543093 0.121662 0.000000
-0.048397 0.377215 0.000000
-0.209815 -0.282605 0.000000
-0.009668 -0.053708 0.000000
-0.375527 0.014010 0.000000
-0.368524 0.028208 0.000000
0.071881 0.259941 0.000000
-0.119354 -0.026362 0.000000
-0.333730 0.176052 0.000000
0.103920 -0.319144 0.000000
-0.168054 0.086114 0.000000
-0.455525 -0.125264 0.000000
0.302042 0.274847 0.000000
-0.111902 -0.033171 0.000000
-0.538656 -0.055627 0.000000
0.080015 0.344636 0.000000
-0.261607 0.116181 0.000000
-0.263977 0.135300 0.000000
0.000000 0.000000 0.000000
0.041238 -0.031115 0.000000
0.156334 -0.070086 0.000000
-0.142018 -0.021576 0.000000
0.178244 0.116092 0.000000
-0.094266 0.167946 0.000000
0.236868 -0.228800 0.000000
-0.049598 -0.072052 0.000000
0.108412 0.200892 0.000000
0.165746 -0.009164 0.000000
-0.071880 -0.345920 0.000000
0.219357 0.033735 0.000000
0.564366 0.529792 0.000000
-0.566051 -0.417540 0.000000
-0.388627 -0.137363 0.000000
0.000374 0.128469 0.000000
-0.065384 0.178530 0.000000
-0.468767 0.012064 0.000000
0.155686 -0.036613 0.000000
-0.318962 -0.294970 0.000000
-0.122047 0.235770 0.000000
-0.072010 -0.070545 0.000000
-0.155084 0.383465 0.000000
-0.443869 0.086537 0.000000
-0.550710 0.264058 0.000000
-0.103440 0.108595 0.000000
-0.023312 0.554702 0.000000
-0.209185 0.059398 0.000000
-0.237376 0.079451 0.000000
-0.264989 0.127064 0.000000
-0.277316 0.139413 0.000000
0.000000 0.000000 0.000000
0.060676 -0.009953 0.000000
-0.010529 0.038461 0.000000
0.166076 -0.011245 0.000000
0.067599 -0.100366 0.000000
0.152086 -0.372644 0.000000
0.016633 0.431179 0.000000
0.056147 0.040738 0.000000
0.133608 -0.229801 0.000000
0.001102 0.078862 0.000000
0.064277 0.199519 0.000000
0.134296 -0.074764 0.000000
-0.325438 -0.176658 0.000000
0.030289 0.023508 0.000000
0.423812 -0.342214 0.000000
-0.440322 0.424247 0.000000
0.017550 -0.212110 0.000000
-0.021960 0.208899 0.000000
0.207680 0.374730 0.000000
-0.168454 0.046890 0.000000
-0.413636 0.119034 0.000000
-0.192771 0.047613 0.000000
-0.545654 0.044319 0.000000
0.485236 -0.147152 0.000000
-0.636107 -0.130144 0.000000
0.397851 -0.029189 0.000000
-0.666816 -0.001134 0.000000
-0.222118 -0.331213 0.000000
-0.280522 0.272705 0.000000
-0.283328 0.119665 0.000000
-0.284494 0.135858 0.000000
0.000000 0.000000 0.000000
0.031171 -0.004898 0.000000
0.076323 -0.028816 0.000000
-0.003357 -0.031065 0.000000
0.008691 0.061578 0.000000
0.059079 0.183625 0.000000
0.088139 -0.282571 0.000000
0.104707 -0.175501 0.000000
0.139849 0.223950 0.000000
-0.026116 -0.002191 0.000000
0.146542 -0.076187 0.000000
-0.108637 -0.036802 0.000000
-0.066459 -0.012558 0.000000
0.170424 -0.051784 0.000000
-0.241448 0.243403 0.000000
0.033228 -0.170755 0.000000
0.048894 -0.055635 0.000000
-0.234001 0.047770 0.000000
-0.588639 -0.058784 0.000000
0.079233 -0.112166 0.000000
-0.834725 -0.231512 0.000000
0.658412 0.233906 0.000000
-0.589784 -0.012878 0.000000
-0.152100 0.653669 0.000000
-0.377150 0.271105 0.000000
-0.347559 0.252308 0.000000
0.050686 0.089329 0.000000
-0.332049 0.505728 0.000000
-0.263358 -0.050720 0.000000
-0.279146 0.129652 0.000000
-0.297935 0.130114 0.000000
0.000000 0.000000 0.000000
0.038870 0.002380 0.000000
0.063739 -0.072306 0.000000
-0.019523 0.146014 0.000000
0.174794 -0.160783 0.000000
0.038330 -0.083997 0.000000
0.055072 0.119072 0.000000
0.097489 0.148669 0.000000
-0.036058 -0.041174 0.000000
0.181751 -0.133341 0.000000
-0.279023 0.096784 0.000000
0.306999 0.185094 0.000000
-0.087035 0.231161 0.000000
-0.105276 -0.119003 0.000000
-0.127878 0.165207 0.000000
-0.005141 -0.069219 0.000000
-0.317675 0.432845 0.000000
-0.120501 -0.165725 0.000000
-0.430207 -0.007739 0.000000
-0.064162 0.450992 0.000000
-0.083780 -0.096587 0.000000
-0.428287 0.322064 0.000000
0.689634 0.336079 0.000000
-0.944932 -0.443889 0.000000
0.209948 -0.286974 0.000000
-0.257976 0.084992 0.000000
-0.303484 -0.009174 0.000000
-0.434067 -0.063116 0.000000
-0.129572 0.213019 0.000000
-0.358849 0.141506 0.000000
-0.317529 0.140456 0.000000
0.000000 0.000000 0.000000
0.016877 0.028818 0.000000
0.004727 0.086252 0.000000
0.061650 -0.037383 0.000000
-0.060466 0.085249 0.000000
0.194417 0.040131 0.000000
-0.108666 -0.034136 0.000000
0.205016 -0.094352 0.000000
-0.095382 -0.127685 0.000000
0.276178 0.273631 0.000000
0.029085 0.060805 0.000000
0.054201 -0.259533 0.000000
0.093091 -0.105191 0.000000
-0.049129 0.313876 0.000000
-0.009905 -0.307100 0.000000
-0.211248 0.256974 0.000000
-0.046428 -0.124779 0.000000
0.008431 -0.077623 0.000000
-0.080422 0.663338 0.000000
-0.232650 -0.183087 0.000000
0.064245 -0.022984 0.000000
-0.159729 0.648179 0.000000
-0.511889 -0.409750 0.000000
-0.439494 0.955553 0.000000
-0.101395 0.398648 0.000000
-0.550015 -0.086707 0.000000
-0.027396 0.576549 0.000000
-0.138166 0.053917 0.000000
-0.384475 0.235244 0.000000
-0.222055 0.139332 0.000000
-0.316071 0.156296 0.000000
0.000000 0.000000 0.000000
0.018439 -0.011328 0.000000
0.053706 -0.065640 0.000000
0.013421 0.006279 0.000000
0.070790 -0.005251 0.000000
0.084844 0.031230 0.000000
0.000096 0.015765 0.000000
0.203898 0.076254 0.000000
-0.134345 0.211609 0.000000
0.080503 -0.128989 0.000000
-0.157917 -0.112514 0.000000
0.396766 0.574729 0.000000
-0.376406 0.100693 0.000000
0.043458 0.000502 0.000000
-0.102051 0.271952 0.000000
-0.053844 -0.025457 0.000000
-0.202665 0.551695 0.000000
-0.340770 -0.209274 0.000000
-0.070651 -0.209086 0.000000
-0.257299 0.442165 0.000000
-0.226413 0.057554 0.000000
-0.371573 -0.089609 0.000000
-0.147372 0.188118 0.000000
-0.241603 -0.713111 0.000000
-0.014169 -0.241016 0.000000
-0.313840 0.006643 0.000000
-0.206819 -0.172943 0.000000
-0.503739 0.410816 0.000000
-0.156017 -0.107732 0.000000
-0.383153 0.146265 0.000000
-0.325001 0.162203 0.000000
0.000000 0.000000 0.000000
0.006450 0.048389 0.000000
0.017969 0.051995 0.000000
-0.007117 0.083359 0.000000
0.047209 -0.023933 0.000000
0.033305 -0.006023 0.000000
0.048185 0.057517 0.000000
0.049302 -0.003123 0.000000
0.064117 -0.191995 0.000000
0.245588 0.249406 0.000000
-0.230845 0.137626 0.000000
-0.032566 -0.394352 0.000000
-0.087969 -0.063661 0.000000
0.141269 0.318820 0.000000
-0.275798 -0.160919 0.000000
-0.097498 0.261325 0.000000
-0.063866 -0.351561 0.000000
-0.027990 0.185966 0.000000
-0.382066 0.312552 0.000000
-0.102732 0.183500 0.000000
-0.247050 0.103131 0.000000
-0.239006 -0.305761 0.000000
-0.059727 0.311035 0.000000
-0.523906 0.785315 0.000000
-0.390840 0.645222 0.000000
-0.258039 0.716963 0.000000
-0.257316 -0.096889 0.000000
-0.340407 0.395804 0.000000
-0.126712 0.349607 0.000000
-0.341828 0.221999 0.000000
-0.333057 0.179488 0.000000
0.000000 0.000000 0.000000
0.021657 0.018356 0.000000
-0.009221 -0.026588 0.000000
0.118632 -0.074880 0.000000
-0.065703 0.109625 0.000000
0.117334 0.046607 0.000000
0.016201 0.020766 0.000000
0.095386 -0.013688 0.000000
-0.099712 0.418437 0.000000
0.030042 -0.273456 0.000000
0.045537 0.031229 0.000000
0.086018 0.450548 0.000000
-0.190694 0.103887 0.000000
-0.045466 0.032053 0.000000
-0.227407 -0.014081 0.000000
0.205732 0.267332 0.000000
-0.698397 0.288840 0.000000
0.274944 0.002035 0.000000
-0.423855 -0.070442 0.000000
-0.033647 0.019711 0.000000
-0.572186 -0.031202 0.000000
0.002817 0.479493 0.000000
0.820326 0.561531 0.000000
2.377614 0.465932 0.000000
-1.355190 -0.896257 0.000000
0.418160 -0.496341 0.000000
-0.889528 0.692573 0.000000
0.546009 -0.378872 0.000000
-1.044264 0.207450 0.000000
-0.123601 0.116978 0.000000
-0.340614 0.196820 0.000000
0.000000 0.000000 0.000000
0.014369 0.027375 0.000000
0.067026 0.032654 0.000000
-0.079740 0.124661 0.000000
0.043490 -0.024053 0.000000
0.092951 -0.102167 0.000000
-0.064869 0.181414 0.000000
0.080340 0.004049 0.000000
0.051566 -0.092667 0.000000
0.004946 0.206475 0.000000
-0.034324 0.336480 0.000000
-0.083545 -0.306188 0.000000
0.024527 -0.069480 0.000000
-0.108739 0.215111 0.000000
0.022148 0.301751 0.000000
-0.369106 -0.085310 0.000000
0.027825 -0.103674 0.000000
-0.269035 0.315572 0.000000
-0.276873 0.113277 0.000000
0.049392 0.272773 0.000000
-0.375576 0.237453 0.000000
-0.294970 -0.166323 0.000000
-2.707744 -0.656639 0.000000
-0.193363 0.357024 0.000000
-1.744883 2.336160 0.000000
0.762418 0.375057 0.000000
-0.729020 -0.573140 0.000000
-0.119429 0.614251 0.000000
-0.140947 0.462698 0.000000
-0.331247 0.178891 0.000000
-0.341052 0.204853 0.000000
0.000000 0.000000 0.000000
-0.027698 0.042706 0.000000
0.058649 0.027488 0.000000
-0.006206 -0.040575 0.000000
0.165864 0.039078 0.000000
-0.198743 0.205028 0.000000
0.231226 -0.141570 0.000000
-0.006641 0.050792 0.000000
-0.011727 0.291951 0.000000
-0.018398 -0.072449 0.000000
0.023769 -0.003506 0.000000
-0.039437 0.304897 0.000000
0.099541 0.369705 0.000000
-0.349053 -0.081597 0.000000
0.054104 -0.111404 0.000000
-0.181698 0.520847 0.000000
-0.146258 0.168314 0.000000
-0.228982 -0.048379 0.000000
-0.155057 0.196438 0.000000
-0.354988 -0.016788 0.000000
-0.229597 0.100939 0.000000
-0.034326 0.510884 0.000000
-0.821716 -0.137877 0.000000
-0.393450 0.801826 0.000000
0.500406 -2.119422 0.000000
-0.615028 0.325389 0.000000
-0.460367 0.579836 0.000000
-0.203235 -0.083760 0.000000
-0.494251 -0.105525 0.000000
-0.243731 0.233626 0.000000
-0.317129 0.214483 0.000000
0.000000 0.000000 0.000000
0.026618 0.005245 0.000000
0.054129 -0.012604 0.000000
-0.079080 0.084333 0.000000
0.074818 0.018362 0.000000
-0.059175 0.030300 0.000000
0.045032 0.116950 0.000000
-0.213379 0.134523 0.000000
0.230337 -0.092535 0.000000
-0.131200 0.069421 0.000000
0.139747 0.310851 0.000000
-0.344575 0.043982 0.000000
0.148807 -0.296520 0.000000
-0.098516 0.427236 0.000000
-0.240351 0.330525 0.000000
-0.126940 -0.187523 0.000000
-0.166958 0.047896 0.000000
-0.172230 0.306369 0.000000
-0.222388 0.180871 0.000000
-0.138334 0.221969 0.000000
-0.225421 0.144419 0.000000
-0.398941 0.198580 0.000000
0.141302 -0.242217 0.000000
-0.487005 -0.109207 0.000000
-0.283300 1.345170 0.000000
-0.541769 0.137712 0.000000
-0.027039 -0.065448 0.000000
-0.274389 0.318332 0.000000
-0.247194 0.560353 0.000000
-0.351699 0.204037 0.000000
-0.296746 0.220935 0.000000
0.000000 0.000000 0.000000
0.003692 0.041154 0.000000
0.011011 0.071304 0.000000
0.048479 0.003994 0.000000
0.051937 0.014616 0.000000
0.048472 0.058326 0.000000
0.031770 -0.011114 0.000000
-0.057846 0.110168 0.000000
0.045618 0.116900 0.000000
-0.252376 0.212568 0.000000
0.089096 -0.082275 0.000000
-0.035957 0.096752 0.000000
-0.394140 0.824215 0.000000
0.119142 -0.606501 0.000000
-0.230205 0.597444 0.000000
-0.055362 0.164767 0.000000
-0.278450 0.420218 0.000000
-0.127394 -0.121950 0.000000
-0.280473 0.396317 0.000000
-0.316413 0.073984 0.000000
-0.201109 0.212484 0.000000
-0.427530 -0.017549 0.000000
-0.233315 0.790461 0.000000
-0.592303 0.260590 0.000000
0.087074 -0.693878 0.000000
-0.211441 0.464396 0.000000
-0.348223 0.028487 0.000000
-0.520390 0.063718 0.000000
-0.235939 0.007271 0.000000
-0.296285 0.223608 0.000000
-0.279333 0.218076 0.000000
0.000000 0.000000 0.000000
0.018241 0.011148 0.000000
0.030348 -0.012869 0.000000
0.003584 0.020932 0.000000
-0.040799 0.105079 0.000000
0.048906 0.029664 0.000000
-0.106039 0.180296 0.000000
0.193844 -0.106800 0.000000
-0.407617 0.310521 0.000000
0.378017 -0.137863 0.000000
-0.276135 0.279723 0.000000
-0.083829 0.217356 0.000000
0.107795 -0.262823 0.000000
-0.118275 0.257382 0.000000
-0.163348 0.010555 0.000000
-0.129146 0.137784 0.000000
-0.152126 0.109700 0.000000
-0.186452 0.137031 0.000000
-0.075068 0.069948 0.000000
-0.260376 0.123069 0.000000
-0.246563 0.393457 0.000000
-0.185519 0.050772 0.000000
-0.238556 -0.096691 0.000000
-0.080412 0.007389 0.000000
-0.697334 1.122648 0.000000
-0.286911 0.480381 0.000000
-0.364882 0.227542 0.000000
-0.108457 0.195812 0.000000
-0.347023 0.413766 0.000000
-0.290516 0.248819 0.000000
-0.288940 0.223643 0.000000
0.000000 0.000000 0.000000
0.010206 0.038892 0.000000
-0.002328 0.076904 0.000000
0.057866 0.004374 0.000000
-0.005752 0.046874 0.000000
0.083804 -0.019534 0.000000
-0.100175 0.031484 0.000000
0.059807 0.163748 0.000000
-0.125379 0.098245 0.000000
-0.128222 0.175117 0.000000
-0.175998 0.158429 0.000000
0.062447 0.092698 0.000000
-0.318001 0.360232 0.000000
-0.053551 0.143494 0.000000
-0.158336 0.235295 0.000000
-0.155158 0.288860 0.000000
-0.202542 0.216906 0.000000
-0.146566 0.196080 0.000000
-0.394438 0.367542 0.000000
-0.203939 0.194898 0.000000
-0.279841 0.076674 0.000000
-0.433499 0.406169 0.000000
-0.152433 0.350268 0.000000
-0.500630 0.263951 0.000000
-0.182924 -0.126415 0.000000
-0.168972 -0.452754 0.000000
-0.377746 0.298428 0.000000
-0.298863 0.210356 0.000000
-0.379934 0.169460 0.000000
-0.196643 0.213283 0.000000
-0.266789 0.219926 0.000000
0.000000 0.000000 0.000000
-0.007828 0.019971 0.000000
0.072083 -0.027495 0.000000
-0.042810 0.058863 0.000000
-0.017596 0.038249 0.000000
-0.003966 0.147811 0.000000
-0.043328 0.075944 0.000000
-0.050008 0.059875 0.000000
0.035011 0.024224 0.000000
-0.150105 0.226979 0.000000
-0.006642 0.028600 0.000000
-0.140213 0.091416 0.000000
-0.221365 0.270438 0.000000
0.120159 0.025894 0.000000
-0.251826 0.105137 0.000000
-0.100434 0.072397 0.000000
-0.247166 0.343018 0.000000
-0.120496 0.076499 0.000000
-0.158425 0.094829 0.000000
-0.226315 0.243909 0.000000
-0.195629 0.215725 0.000000
-0.246622 0.111182 0.000000
-0.207004 0.014537 0.000000
-0.307517 0.347474 0.000000
-0.322531 0.321512 0.000000
-0.451089 0.747146 0.000000
-0.217097 0.233775 0.000000
-0.395878 0.199319 0.000000
-0.091075 0.185032 0.000000
-0.345499 0.232957 0.000000
-0.246853 0.213830 0.000000
0.000000 0.000000 0.000000
-0.011021 0.023828 0.000000
0.020785 0.038856 0.000000
-0.050351 0.096795 0.000000
0.094889 -0.023265 0.000000
-0.074699 0.058279 0.000000
0.056649 0.017748 0.000000
-0.122337 0.201671 0.000000
-0.077064 0.121819 0.000000
-0.106982 0.090973 0.000000
-0.138836 0.199752 0.000000
-0.181570 0.339638 0.000000
-0.034764 -0.077075 0.000000
-0.304709 0.248792 0.000000
-0.118402 0.453037 0.000000
-0.079238 0.117936 0.000000
-0.206946 0.135578 0.000000
-0.248999 0.333284 0.000000
-0.193124 0.281163 0.000000
-0.310862 0.197258 0.000000
-0.293431 0.249945 0.000000
-0.287008 0.308962 0.000000
-0.403724 0.336700 0.000000
-0.252450 0.168480 0.000000
-0.272223 0.074584 0.000000
-0.303305 -0.023799 0.000000
-0.272060 -0.061821 0.000000
-0.255071 0.349445 0.000000
-0.463146 0.287396 0.000000
-0.190428 0.220643 0.000000
-0.233954 0.200449 0.000000
0.000000 0.000000 0.000000
-0.008046 0.016639 0.000000
0.032160 0.016144 0.000000
-0.013572 -0.031855 0.000000
-0.055468 0.118330 0.000000
0.015044 0.050027 0.000000
-0.133714 0.155483 0.000000
0.008882 0.004450 0.000000
-0.093876 0.104009 0.000000
-0.093162 0.233935 0.000000
-0.085001 0.006684 0.000000
-0.104779 0.106630 0.000000
-0.167174 0.319634 0.000000
-0.174171 0.414337 0.000000
-0.030916 -0.336330 0.000000
-0.264041 0.193048 0.000000
-0.062261 0.362226 0.000000
-0.280519 0.128787 0.000000
-0.078456 0.083283 0.000000
-0.190343 0.189293 0.000000
-0.188053 0.133562 0.000000
-0.244808 0.166255 0.000000
-0.185788 0.113795 0.000000
-0.316514 0.262140 0.000000
-0.363244 0.343980 0.000000
-0.181377 0.313052 0.000000
-0.399277 0.492760 0.000000
-0.327346 0.153698 0.000000
-0.148957 0.024934 0.000000
-0.264523 0.176928 0.000000
-0.223961 0.187870 0.000000
0.000000 0.000000 0.000000
-0.008460 0.029646 0.000000
-0.014768 0.026177 0.000000
-0.005023 0.112960 0.000000
-0.020014 0.012985 0.000000
-0.027140 0.049282 0.000000
-0.062234 0.073006 0.000000
-0.094301 0.163872 0.000000
-0.117047 0.140284 0.000000
-0.107472 0.094805 0.000000
-0.169236 0.220198 0.000000
-0.145259 0.300492 0.000000
-0.206023 0.019143 0.000000
-0.045152 0.106402 0.000000
-0.338979 0.525774 0.000000
0.004448 0.365228 0.000000
-0.324451 0.007593 0.000000
-0.066519 0.183414 0.000000
-0.457226 0.358841 0.000000
-0.082197 0.206231 0.000000
-0.372226 0.322298 0.000000
-0.248459 0.233152 0.000000
-0.416596 0.320283 0.000000
-0.132454 0.083325 0.000000
-0.348027 0.177256 0.000000
-0.313060 0.040603 0.000000
-0.247742 -0.002267 0.000000
-0.220801 0.163797 0.000000
-0.325720 0.374105 0.000000
-0.269115 0.167769 0.000000
-0.196510 0.164724 0.000000
0.000000 0.000000 0.000000
-0.037744 0.023051 0.000000
0.025732 0.002497 0.000000
-0.060278 0.022546 0.000000
-0.020468 0.062587 0.000000
-0.088097 0.140215 0.000000
-0.061956 0.074119 0.000000
-0.074903 0.064087 0.000000
-0.123640 0.127523 0.000000
-0.070813 0.119170 0.000000
-0.187541 0.179356 0.000000
-0.046923 0.031121 0.000000
-0.183572 0.217388 0.000000
-0.158243 0.312923 0.000000
-0.276836 0.160182 0.000000
0.075665 -0.259273 0.000000
-0.307016 0.311966 0.000000
-0.127644 0.280334 0.000000
-0.231424 0.172962 0.000000
-0.130922 0.041586 0.000000
-0.231210 0.125961 0.000000
-0.186987 0.193746 0.000000
-0.201846 0.098020 0.000000
-0.357343 0.275391 0.000000
-0.194706 0.204620 0.000000
-0.321174 0.277259 0.000000
-0.205526 0.320113 0.000000
-0.370921 0.251530 0.000000
-0.182769 -0.038646 0.000000
-0.189602 0.134637 0.000000
-0.195295 0.144147 0.000000
0.000000 0.000000 0.000000
-0.042325 0.032504 0.000000
0.012572 0.041176 0.000000
-0.062284 0.050203 0.000000
-0.045011 0.055462 0.000000
-0.043816 0.015065 0.000000
-0.092996 0.099784 0.000000
-0.123916 0.127308 0.000000
-0.068705 0.110792 0.000000
-0.206931 0.157649 0.000000
-0.116703 0.140287 0.000000
-0.254206 0.274770 0.000000
-0.018434 0.175385 0.000000
-0.319086 0.091779 0.000000
0.058087 0.137475 0.000000
-0.606729 0.718309 0.000000
0.314434 0.225433 0.000000
-0.470392 -0.040954 0.000000
-0.095226 0.229544 0.000000
-0.402106 0.418974 0.000000
-0.083934 0.221693 0.000000
-0.361989 0.243666 0.000000
-0.249607 0.206198 0.000000
-0.289386 0.155776 0.000000
-0.212033 0.158023 0.000000
-0.338707 0.079693 0.000000
-0.263999 -0.033111 0.000000
-0.187027 0.186048 0.000000
-0.313710 0.238811 0.000000
-0.223381 0.131021 0.000000
-0.181572 0.119703 0.000000
0.000000 0.000000 0.000000
-0.043410 0.017766 0.000000
-0.009075 -0.005778 0.000000
-0.055375 0.064595 0.000000
-0.067057 0.075893 0.000000
-0.098862 0.109671 0.000000
-0.079462 0.113733 0.000000
-0.134553 0.096128 0.000000
-0.128870 0.101317 0.000000
-0.160517 0.135935 0.000000
-0.078058 0.158238 0.000000
-0.221817 0.077524 0.000000
-0.106797 0.137217 0.000000
-0.221572 0.188011 0.000000
-0.119736 0.398806 0.000000
-0.328080 -0.146188 0.000000
-0.030727 -0.098214 0.000000
-0.292747 0.365978 0.000000
0.098151 0.193081 0.000000
-0.417578 0.023254 0.000000
-0.039097 -0.006162 0.000000
-0.328757 0.176852 0.000000
-0.036908 0.222763 0.000000
-0.273405 0.075722 0.000000
-0.232000 0.139838 0.000000
-0.250786 0.288761 0.000000
-0.088804 0.155112 0.000000
-0.445995 0.144236 0.000000
-0.114591 0.021934 0.000000
-0.216653 0.094207 0.000000
-0.171854 0.089212 0.000000
0.000000 0.000000 0.000000
-0.044126 0.014250 0.000000
-0.044773 0.060201 0.000000
-0.069156 0.036039 0.000000
-0.045468 0.028284 0.000000
-0.099892 0.068822 0.000000
-0.093993 0.059247 0.000000
-0.130276 0.116379 0.000000
-0.101324 0.177058 0.000000
-0.197913 0.075375 0.000000
-0.158707 0.153999 0.000000
-0.233373 0.208456 0.000000
-0.077431 0.184535 0.000000
-0.384868 0.273598 0.000000
0.064408 -0.103707 0.000000
-0.164575 0.294664 0.000000
-0.562114 0.818267 0.000000
0.179819 -0.289839 0.000000
-0.371560 0.135041 0.000000
-0.211632 0.322347 0.000000
-0.267711 0.404397 0.000000
-0.295043 0.091457 0.000000
-0.209894 0.042674 0.000000
-0.409693 0.298397 0.000000
0.059058 0.194862 0.000000
-0.427639 -0.056277 0.000000
-0.247060 0.031811 0.000000
-0.118023 0.107074 0.000000
-0.326397 0.122351 0.000000
-0.161775 0.079615 0.000000
-0.156932 0.065375 0.000000
0.000000 0.000000 0.000000
-0.066013 0.050376 0.000000
-0.012576 -0.014181 0.000000
-0.074966 0.091883 0.000000
-0.110588 0.075497 0.000000
-0.120250 0.121488 0.000000
-0.058622 0.102592 0.000000
-0.224803 0.096835 0.000000
-0.069617 0.068268 0.000000
-0.225267 0.191274 0.000000
-0.070947 0.118903 0.000000
-0.223568 0.101346 0.000000
-0.162761 0.144680 0.000000
-0.151332 0.123976 0.000000
-0.339403 0.308228 0.000000
-0.171336 0.306049 0.000000
-0.169671 -0.148322 0.000000
-0.230352 0.235431 0.000000
0.033828 0.218555 0.000000
-0.498696 0.257969 0.000000
0.150708 -0.277070 0.000000
-0.240342 0.272327 0.000000
-0.096353 0.218677 0.000000
-0.219358 0.001844 0.000000
-0.218823 -0.009470 0.000000
-0.257982 0.253967 0.000000
-0.015866 0.115409 0.000000
-0.388529 0.053614 0.000000
-0.138058 0.022872 0.000000
-0.191285 0.036917 0.000000
-0.158441 0.041188 0.000000
0.000000 0.000000 0.000000
-0.058179 0.018295 0.000000
-0.085041 0.071313 0.000000
-0.078983 0.023847 0.000000
-0.072786 0.065484 0.000000
-0.116292 0.019618 0.000000
-0.133131 0.087543 0.000000
-0.163910 0.157836 0.000000
-0.139073 0.086749 0.000000
-0.193729 0.139308 0.000000
-0.129770 0.088463 0.000000
-0.252027 0.210001 0.000000
-0.100085 0.113461 0.000000
-0.260271 0.261933 0.000000
-0.107098 0.126825 0.000000
-0.086643 -0.031542 0.000000
-0.141010 0.312187 0.000000
-0.323625 0.252952 0.000000
-0.074583 0.065469 0.000000
-0.043689 0.017406 0.000000
-0.634488 0.679426 0.000000
0.168782 -0.142249 0.000000
-0.415621 0.158099 0.000000
-0.162648 0.123108 0.000000
-0.309588 0.366383 0.000000
0.059446 -0.174029 0.000000
-0.295410 -0.073042 0.000000
-0.112771 0.069427 0.000000
-0.189762 0.049320 0.000000
-0.175830 0.029367 0.000000
-0.149151 0.018918 0.000000
0.000000 0.000000 0.000000
-0.099031 0.037259 0.000000
0.002310 -0.007602 0.000000
-0.117790 0.084452 0.000000
-0.095453 0.056402 0.000000
-0.137832 0.131620 0.000000
-0.162876 0.125757 0.000000
-0.061190 0.025012 0.000000
-0.246256 0.170063 0.000000
-0.131592 0.106719 0.000000
-0.201161 0.163389 0.000000
-0.139887 0.117491 0.000000
-0.188741 0.148969 0.000000
-0.240738 0.116150 0.000000
-0.096203 0.075294 0.000000
-0.419820 0.467898 0.000000
-0.100262 -0.005435 0.000000
-0.095268 -0.028870 0.000000
-0.263350 0.204873 0.000000
-0.167503 0.295856 0.000000
-0.204977 -0.024654 0.000000
0.171412 -0.272067 0.000000
-0.265403 0.268195 0.000000
0.252367 0.046411 0.000000
-0.442111 0.024577 0.000000
-0.203249 0.131833 0.000000
-0.282088 0.405251 0.000000
0.061252 -0.300554 0.000000
-0.252969 0.029182 0.000000
-0.141008 0.003789 0.000000
-0.139411 0.004269 0.000000
0.000000 0.000000 0.000000
-0.074917 0.057247 0.000000
-0.092098 0.035894 0.000000
-0.103772 0.067834 0.000000
-0.119764 0.076343 0.000000
-0.072290 0.016940 0.000000
-0.190545 0.102838 0.000000
-0.177031 0.119692 0.000000
-0.161507 0.126299 0.000000
-0.135885 0.116107 0.000000
-0.254329 0.123313 0.000000
-0.112726 0.103217 0.000000
-0.259262 0.175223 0.000000
-0.017963 0.113993 0.000000
-0.383570 0.325350 0.000000
-0.004229 -0.056854 0.000000
-0.147149 0.196629 0.000000
-0.255425 0.370946 0.000000
-0.191570 0.191762 0.000000
-0.064665 -0.074973 0.000000
-0.204740 0.191383 0.000000
-1.067852 1.378114 0.000000
0.606778 -0.927243 0.000000
-0.076624 -0.295569 0.000000
-0.291003 0.131469 0.000000
0.243139 -0.019025 0.000000
-0.448607 0.060962 0.000000
-0.210070 0.129208 0.000000
-0.048279 0.014359 0.000000
-0.199735 0.010292 0.000000
-0.142172 -0.009528 0.000000
0.000000 0.000000 0.000000
-0.092460 0.034705 0.000000
-0.053174 0.036916 0.000000
-0.066531 0.023077 0.000000
-0.174187 0.055953 0.000000
-0.113807 0.148445 0.000000
-0.177267 0.081802 0.000000
-0.068550 0.102803 0.000000
-0.259153 0.103075 0.000000
-0.150205 0.099970 0.000000
-0.223206 0.173346 0.000000
-0.086810 0.126915 0.000000
-0.330136 0.153168 0.000000
-0.082292 0.086324 0.000000
-0.281879 0.105356 0.000000
-0.060747 0.166859 0.000000
-0.444361 0.246448 0.000000
-0.000065 0.014275 0.000000
0.021211 -0.081064 0.000000
-0.328950 0.372437 0.000000
0.071181 0.230235 0.000000
-0.293426 -0.246432 0.000000
-0.191016 0.334090 0.000000
-0.896239 1.621580 0.000000
0.902190 -1.679026 0.000000
-0.196598 0.025409 0.000000
-0.188455 0.091386 0.000000
0.072134 0.053786 0.000000
-0.321232 -0.044702 0.000000
-0.063214 -0.013849 0.000000
-0.144303 -0.012384 0.000000
0.000000 0.000000 0.000000
-0.104388 0.047236 0.000000
-0.052939 0.005866 0.000000
-0.161045 0.126865 0.000000
-0.125450 0.046225 0.000000
-0.083315 0.018655 0.000000
-0.253543 0.138101 0.000000
-0.090465 0.074875 0.000000
-0.256391 0.144744 0.000000
-0.059179 0.137583 0.000000
-0.290334 0.103220 0.000000
-0.155683 0.102280 0.000000
-0.158199 0.139629 0.000000
-0.187032 0.218995 0.000000
-0.183177 0.124250 0.000000
-0.144457 0.163521 0.000000
-0.223676 0.053295 0.000000
-0.054330 0.189037 0.000000
-0.720765 0.540488 0.000000
0.233241 -0.102273 0.000000
0.073606 -0.103953 0.000000
-0.120115 0.360577 0.000000
-0.101433 0.169204 0.000000
-0.427957 0.062812 0.000000
-0.573335 0.950652 0.000000
-0.055148 0.224341 0.000000
-0.046169 -0.176728 0.000000
-0.121478 0.016440 0.000000
-0.062858 0.076857 0.000000
-0.145082 0.001873 0.000000
-0.133806 -0.008722 0.000000
0.000000 0.000000 0.000000
-0.079108 0.035200 0.000000
-0.114264 0.051520 0.000000
-0.068284 0.002543 0.000000
-0.145611 0.092144 0.000000
-0.191902 0.119245 0.000000
-0.129329 0.066386 0.000000
-0.164287 0.092791 0.000000
-0.184238 0.102107 0.000000
-0.157583 0.119638 0.000000
-0.216450 0.096940 0.000000
-0.112309 0.230934 0.000000
-0.285138 0.077021 0.000000
-0.143560 0.109153 0.000000
-0.166876 0.102571 0.000000
-0.191986 0.188313 0.000000
-0.129835 0.139968 0.000000
-0.252175 0.260597 0.000000
-0.060066 -0.155409 0.000000
-0.026622 0.147375 0.000000
-0.934293 0.472511 0.000000
0.672639 0.188713 0.000000
-0.111661 -0.531123 0.000000
0.325054 0.325006 0.000000
-0.073602 -0.293521 0.000000
0.304750 -0.297639 0.000000
-0.311093 0.272656 0.000000
-0.062768 0.103355 0.000000
-0.106845 -0.084134 0.000000
-0.111285 0.010463 0.000000
-0.114412 -0.008252 0.000000
0.000000 0.000000 0.000000
-0.115795 0.051368 0.000000
-0.044496 0.013319 0.000000
-0.180203 0.117138 0.000000
-0.107442 0.034617 0.000000
-0.140563 0.048391 0.000000
-0.168660 0.098113 0.000000
-0.209362 0.143372 0.000000
-0.164991 0.088417 0.000000
-0.183723 0.117301 0.000000
-0.184347 0.188208 0.000000
-0.186658 0.048943 0.000000
-0.139319 0.142523 0.000000
-0.117602 0.225794 0.000000
-0.283151 0.110590 0.000000
-0.022056 0.199940 0.000000
-0.299190 0.050426 0.000000
-0.064963 0.178008 0.000000
-0.254469 0.283811 0.000000
-0.004378 0.243917 0.000000
-0.568285 0.093577 0.000000
0.264735 -0.307108 0.000000
-0.694222 0.860229 0.000000
0.234678 -0.456380 0.000000
-0.809818 0.446850 0.000000
-0.215221 0.278215 0.000000
0.296444 -0.200156 0.000000
-0.273046 0.130568 0.000000
-0.009823 0.071971 0.000000
-0.099021 0.018146 0.000000
-0.110954 0.003403 0.000000
0.000000 0.000000 0.000000
-0.098234 0.052932 0.000000
-0.091558 0.046819 0.000000
-0.108769 0.027523 0.000000
-0.155936 0.083971 0.000000
-0.158066 0.114888 0.000000
-0.185985 0.081172 0.000000
-0.157039 0.074134 0.000000
-0.166786 0.105636 0.000000
-0.249493 0.178017 0.000000
-0.086179 0.025297 0.000000
-0.218723 0.163985 0.000000
-0.189560 0.178480 0.000000
-0.193356 0.065647 0.000000
-0.143391 0.147390 0.000000
-0.133457 0.135856 0.000000
-0.169796 0.215699 0.000000
-0.025051 0.150986 0.000000
-0.261423 0.069217 0.000000
0.026254 0.038808 0.000000
-0.030601 0.235196 0.000000
-0.725313 0.839323 0.000000
0.025318 -0.459637 0.000000
1.325954 -0.696207 0.000000
1.169986 -0.211901 0.000000
-0.548388 0.293592 0.000000
0.043780 0.151320 0.000000
-0.044141 -0.005571 0.000000
-0.049301 0.015327 0.000000
-0.077243 0.037493 0.000000
-0.094374 0.017728 0.000000
0.000000 0.000000 0.000000
-0.104483 0.034337 0.000000
-0.084753 0.022493 0.000000
-0.120066 0.069506 0.000000
-0.166026 0.058858 0.000000
-0.133427 0.051245 0.000000
-0.173739 0.086156 0.000000
-0.179001 0.147261 0.000000
-0.183051 0.074848 0.000000
-0.211082 0.105149 0.000000
-0.190684 0.176382 0.000000
-0.211282 0.167441 0.000000
-0.096235 0.068370 0.000000
-0.187719 0.176438 0.000000
-0.129349 0.213289 0.000000
-0.209858 0.128301 0.000000
-0.130156 0.125593 0.000000
-0.202733 0.132087 0.000000
-0.089420 0.263933 0.000000
-0.283815 0.214451 0.000000
0.040303 0.018552 0.000000
-0.258560 0.339379 0.000000
-0.029652 0.279204 0.000000
-3.337515 2.150254 0.000000
2.179382 -1.497995 0.000000
0.531296 -0.646482 0.000000
0.021405 0.096490 0.000000
0.054114 0.210092 0.000000
-0.105595 0.049540 0.000000
-0.024044 0.036084 0.000000
-0.094774 0.033283 0.000000
0.000000 0.000000 0.000000
-0.111220 0.058124 0.000000
-0.075635 0.018844 0.000000
-0.158440 0.085954 0.000000
-0.135743 0.052869 0.000000
-0.150294 0.099101 0.000000
-0.223200 0.108120 0.000000
-0.130268 0.043909 0.000000
-0.189413 0.121285 0.000000
-0.135291 0.176776 0.000000
-0.201734 0.053169 0.000000
-0.191893 0.093006 0.000000
-0.187735 0.195156 0.000000
-0.187241 0.164591 0.000000
-0.130899 0.042460 0.000000
-0.143508 0.158232 0.000000
-0.085127 0.261727 0.000000
-0.150239 0.113145 0.000000
-0.031053 0.057439 0.000000
-0.069778 0.172025 0.000000
-0.154040 0.122344 0.000000
0.107843 0.069172 0.000000
-0.270417 0.086634 0.000000
-0.361340 0.515920 0.000000
-0.516883 0.655170 0.000000
-1.211619 1.233030 0.000000
1.118411 -0.798271 0.000000
-0.062075 -0.095161 0.000000
0.058039 0.128528 0.000000
-0.045293 0.094520 0.000000
-0.063704 0.059492 0.000000
0.000000 0.000000 0.000000
-0.099407 0.037737 0.000000
-0.110195 0.045576 0.000000
-0.097448 0.021484 0.000000
-0.186720 0.089386 0.000000
-0.140504 0.041186 0.000000
-0.170345 0.075050 0.000000
-0.179029 0.123008 0.000000
-0.251775 0.116469 0.000000
-0.126194 0.056774 0.000000
-0.233511 0.168310 0.000000
-0.051956 0.216634 0.000000
-0.316767 0.029008 0.000000
-0.019662 0.145269 0.000000
-0.243024 0.237574 0.000000
-0.079114 0.148426 0.000000
-0.252439 0.072324 0.000000
0.037271 0.186359 0.000000
-0.304028 0.265925 0.000000
0.014949 0.185732 0.000000
-0.205988 0.265666 0.000000
-0.096898 0.243671 0.000000
0.170839 -0.059268 0.000000
-0.006859 -0.013545 0.000000
-0.185087 0.190219 0.000000
0.172100 -0.119639 0.000000
-0.429596 0.511491 0.000000
0.161696 0.161744 0.000000
-0.155760 0.095991 0.000000
0.028563 0.077301 0.000000
-0.030554 0.072815 0.000000
0.000000 0.000000 0.000000
-0.118323 0.040505 0.000000
-0.073445 0.008683 0.000000
-0.161144 0.100316 0.000000
-0.131318 0.023821 0.000000
-0.152535 0.071359 0.000000
-0.195299 0.105153 0.000000
-0.155739 0.071341 0.000000
-0.165006 0.077328 0.000000
-0.161334 0.127561 0.000000
-0.222545 0.097244 0.000000
-0.131415 0.081349 0.000000
-0.182377 0.181552 0.000000
-0.163358 0.176032 0.000000
-0.259264 0.094374 0.000000
-0.000069 0.159958 0.000000
-0.246253 0.190976 0.000000
0.002308 0.152218 0.000000
-0.168842 0.087926 0.000000
-0.033579 0.175928 0.000000
0.029150 -0.030488 0.000000
-0.108674 0.184042 0.000000
-0.149588 0.387227 0.000000
0.016361 0.173565 0.000000
0.083990 0.133368 0.000000
-0.122517 0.220944 0.000000
-0.018933 0.147337 0.000000
0.061840 0.026848 0.000000
0.080803 0.106669 0.000000
-0.010978 0.103856 0.000000
-0.018678 0.088339 0.000000
0.000000 0.000000 0.000000
-0.108240 0.052275 0.000000
-0.117565 0.052522 0.000000
-0.103650 0.017040 0.000000
-0.165225 0.080199 0.000000
-0.160029 0.078177 0.000000
-0.189454 0.063509 0.000000
-0.164978 0.082173 0.000000
-0.220354 0.124820 0.000000
-0.159109 0.083058 0.000000
-0.184710 0.133591 0.000000
-0.152781 0.109120 0.000000
-0.215441 0.146510 0.000000
-0.077003 0.095437 0.000000
-0.178998 0.131531 0.000000
-0.111570 0.153643 0.000000
-0.140531 0.152036 0.000000
-0.164194 0.192158 0.000000
-0.031378 0.145067 0.000000
-0.177006 0.355440 0.000000
-0.122580 0.266376 0.000000
0.091206 0.102016 0.000000
-0.016869 0.028599 0.000000
-0.067308 0.134749 0.000000
-0.037993 0.189402 0.000000
0.051493 0.212490 0.000000
0.110050 0.046321 0.000000
0.019511 0.177246 0.000000
-0.039398 0.163319 0.000000
0.066303 0.132973 0.000000
0.005112 0.104708 0.000000
0.000000 0.000000 0.000000
-0.119084 0.034823 0.000000
-0.072405 0.005052 0.000000
-0.143244 0.063017 0.000000
-0.166852 0.052619 0.000000
-0.130729 0.032571 0.000000
-0.180239 0.070193 0.000000
-0.162705 0.081886 0.000000
-0.180557 0.074257 0.000000
-0.166432 0.073775 0.000000
-0.184810 0.097299 0.000000
-0.173072 0.150068 0.000000
-0.167457 0.065790 0.000000
-0.169544 0.133987 0.000000
-0.158111 0.248176 0.000000
-0.164817 0.087563 0.000000
-0.058392 0.109768 0.000000
-0.077987 0.148917 0.000000
-0.220679 0.204392 0.000000
0.144260 -0.055844 0.000000
-0.112971 0.102362 0.000000
-0.034910 0.260432 0.000000
-0.114700 0.256134 0.000000
0.219276 0.202322 0.000000
-0.145439 0.108930 0.000000
0.084813 0.101389 0.000000
-0.064284 0.199512 0.000000
0.055238 0.173566 0.000000
0.116324 0.090206 0.000000
0.042630 0.122647 0.000000
0.041760 0.112721 0.000000
0.000000 0.000000 0.000000
-0.119363 0.038749 0.000000
-0.087374 0.034374 0.000000
-0.137756 0.046734 0.000000
-0.141622 0.042007 0.000000
-0.160898 0.067552 0.000000
-0.186826 0.084534 0.000000
-0.183749 0.061645 0.000000
-0.171754 0.075243 0.000000
-0.193060 0.148775 0.000000
-0.168333 0.045168 0.000000
-0.151471 0.106762 0.000000
-0.162401 0.156284 0.000000
-0.206865 0.158991 0.000000
-0.059077 -0.010417 0.000000
-0.160731 0.161140 0.000000
-0.198843 0.272390 0.000000
-0.003066 0.012698 0.000000
-0.071626 0.212077 0.000000
-0.135081 0.298392 0.000000
-0.009802 0.210956 0.000000
0.011373 0.119228 0.000000
0.042217 0.089193 0.000000
-0.014897 0.151427 0.000000
-0.032099 0.235610 0.000000
0.191889 0.178296 0.000000
-0.078308 0.158020 0.000000
0.165831 0.128014 0.000000
0.008336 0.184270 0.000000
0.071001 0.148149 0.000000
0.066943 0.120997 0.000000
0.000000 0.000000 0.000000
-0.102129 0.025014 0.000000
-0.108681 0.017378 0.000000
-0.108167 0.018016 0.000000
-0.170854 0.059213 0.000000
-0.148953 0.034621 0.000000
-0.156523 0.036911 0.000000
-0.156936 0.058009 0.000000
-0.199440 0.095121 0.000000
-0.157565 0.026379 0.000000
-0.158880 0.091929 0.000000
-0.230131 0.143198 0.000000
-0.121088 -0.018733 0.000000
-0.114583 0.131488 0.000000
-0.281303 0.246534 0.000000
0.018369 0.079120 0.000000
-0.198224 0.044514 0.000000
-0.145355 0.272370 0.000000
-0.034507 0.018683 0.000000
-0.049933 0.090379 0.000000
-0.035032 0.116064 0.000000
-0.034531 0.175888 0.000000
-0.027425 0.252492 0.000000
0.008805 0.142405 0.000000
0.191382 0.113310 0.000000
-0.089113 0.165261 0.000000
0.162224 0.120110 0.000000
-0.033314 0.161377 0.000000
0.111404 0.142622 0.000000
0.130758 0.141500 0.000000
0.085395 0.123291 0.000000
0.000000 0.000000 0.000000
-0.110788 0.035452 0.000000
-0.084183 0.026742 0.000000
-0.141173 0.057843 0.000000
-0.140317 0.021409 0.000000
-0.137966 0.039257 0.000000
-0.209501 0.085135 0.000000
-0.168660 0.033923 0.000000
-0.138658 0.057903 0.000000
-0.225930 0.115096 0.000000
-0.143084 0.046879 0.000000
-0.140022 0.055925 0.000000
-0.223024 0.212585 0.000000
-0.157096 0.063339 0.000000
-0.072613 -0.023952 0.000000
-0.201934 0.212397 0.000000
-0.092368 0.174641 0.000000
-0.007147 -0.005471 0.000000
-0.191375 0.247097 0.000000
0.020245 0.223060 0.000000
-0.077277 0.173203 0.000000
0.034903 0.119536 0.000000
0.046587 0.105337 0.000000
-0.005996 0.205630 0.000000
0.011490 0.191747 0.000000
0.123213 0.128638 0.000000
0.054039 0.234629 0.000000
0.139276 0.180940 0.000000
0.112255 0.114931 0.000000
0.078777 0.140241 0.000000
0.121960 0.125227 0.000000
0.000000 0.000000 0.000000
-0.111520 0.025600 0.000000
-0.091023 0.011520 0.000000
-0.116821 0.020991 0.000000
-0.143175 0.033261 0.000000
-0.172192 0.057820 0.000000
-0.132397 0.003266 0.000000
-0.167363 0.052958 0.000000
-0.208961 0.050442 0.000000
-0.116362 0.021929 0.000000
-0.213167 0.092226 0.000000
-0.188111 0.092459 0.000000
-0.064139 -0.068005 0.000000
-0.258729 0.189630 0.000000
-0.092529 0.139129 0.000000
-0.155797 0.053959 0.000000
-0.095524 0.045835 0.000000
-0.108095 0.190464 0.000000
-0.099042 0.082324 0.000000
-0.015475 -0.017993 0.000000
-0.074328 0.180314 0.000000
0.018277 0.148678 0.000000
-0.055087 0.193860 0.000000
0.109491 0.028247 0.000000
0.031985 0.171270 0.000000
0.126750 0.160691 0.000000
0.000409 0.068789 0.000000
0.137589 0.071222 0.000000
0.085240 0.203036 0.000000
0.156525 0.138784 0.000000
0.141067 0.119490 0.000000
0.000000 0.000000 0.000000
-0.102275 0.026265 0.000000
-0.081799 0.013356 0.000000
-0.127681 0.034550 0.000000
-0.143300 0.028549 0.000000
-0.129210 0.014212 0.000000
-0.191967 0.061937 0.000000
-0.145045 0.028488 0.000000
-0.191114 0.064015 0.000000
-0.170262 0.050686 0.000000
-0.154854 0.038085 0.000000
-0.159017 0.039780 0.000000
-0.201447 0.151384 0.000000
-0.122665 0.030080 0.000000
-0.169118 -0.001109 0.000000
-0.118490 0.154266 0.000000
-0.082568 0.110618 0.000000
-0.160635 0.114093 0.000000
0.119386 0.018963 0.000000
-0.204236 0.273851 0.000000
0.022479 0.110597 0.000000
0.025273 0.051131 0.000000
0.001283 0.107759 0.000000
0.106801 0.239750 0.000000
-0.009555 0.061915 0.000000
0.095479 0.141304 0.000000
0.202820 0.237735 0.000000
0.053284 0.185325 0.000000
0.170856 0.076412 0.000000
0.127074 0.122874 0.000000
0.168816 0.111172 0.000000
0.000000 0.000000 0.000000
-0.102853 0.020889 0.000000
-0.083889 0.014122 0.000000
-0.104896 0.013348 0.000000
-0.149472 0.022753 0.000000
-0.134189 0.020308 0.000000
-0.164047 0.028582 0.000000
-0.160027 0.012277 0.000000
-0.157045 0.018163 0.000000
-0.182949 0.045431 0.000000
-0.182492 0.062646 0.000000
-0.133237 0.014627 0.000000
-0.179315 0.026165 0.000000
-0.113042 0.076360 0.000000
-0.194119 0.099031 0.000000
-0.094289 0.069653 0.000000
-0.197089 -0.037821 0.000000
0.050384 0.161794 0.000000
-0.234157 0.047076 0.000000
0.068708 0.005562 0.000000
-0.062354 0.051974 0.000000
-0.036589 0.201495 0.000000
0.062428 0.107721 0.000000
-0.012977 -0.018725 0.000000
0.087707 0.155657 0.000000
0.200662 0.141109 0.000000
-0.086295 -0.015824 0.000000
0.190370 0.083195 0.000000
0.106497 0.136763 0.000000
0.165923 0.114473 0.000000
0.189781 0.095204 0.000000
0.000000 0.000000 0.000000
-0.088538 0.015444 0.000000
-0.093041 0.004979 0.000000
-0.110172 0.023447 0.000000
-0.123136 0.022376 0.000000
-0.152968 0.014407 0.000000
-0.146091 0.019067 0.000000
-0.166529 0.039266 0.000000
-0.183308 0.053589 0.000000
-0.139434 -0.014371 0.000000
-0.160102 0.023856 0.000000
-0.203255 0.078669 0.000000
-0.125229 0.034407 0.000000
-0.164964 0.051139 0.000000
-0.142806 0.017767 0.000000
-0.072859 0.041724 0.000000
-0.198638 0.149626 0.000000
-0.039443 -0.002440 0.000000
-0.058182 0.074897 0.000000
-0.013412 0.197419 0.000000
-0.087730 0.065685 0.000000
0.115085 0.003449 0.000000
-0.076810 0.047760 0.000000
0.203811 0.254046 0.000000
-0.065410 -0.045638 0.000000
0.103529 0.124964 0.000000
0.171538 0.168739 0.000000
0.079475 0.110042 0.000000
0.159608 0.079400 0.000000
0.180256 0.086362 0.000000
0.205517 0.075738 0.000000
0.000000 0.000000 0.000000
-0.098615 0.022283 0.000000
-0.061302 0.017568 0.000000
-0.119285 0.003277 0.000000
-0.119217 0.003326 0.000000
-0.131813 0.017283 0.000000
-0.153434 0.022831 0.000000
-0.144785 -0.018579 0.000000
-0.154294 0.006717 0.000000
-0.194205 0.053954 0.000000
-0.124845 0.022670 0.000000
-0.195340 -0.002715 0.000000
-0.126571 0.015454 0.000000
-0.188651 0.029067 0.000000
-0.072351 0.053091 0.000000
-0.203401 0.028522 0.000000
0.000316 -0.036630 0.000000
-0.225645 0.118042 0.000000
0.024801 0.035059 0.000000
-0.091801 -0.124808 0.000000
0.010506 0.044943 0.000000
-0.028760 0.130026 0.000000
0.013869 0.038185 0.000000
0.063832 -0.017408 0.000000
0.066824 0.086892 0.000000
0.211300 0.077066 0.000000
-0.037909 -0.016450 0.000000
0.182973 0.022024 0.000000
0.147070 0.044596 0.000000
0.169764 0.060423 0.000000
0.218881 0.053866 0.000000
0.000000 0.000000 0.000000
-0.082571 0.001263 0.000000
-0.081388 -0.008780 0.000000
-0.089245 0.021501 0.000000
-0.140595 0.025446 0.000000
-0.110928 -0.019962 0.000000
-0.145981 0.018492 0.000000
-0.179209 0.030583 0.000000
-0.120804 0.012544 0.000000
-0.190270 -0.019407 0.000000
-0.146114 0.012137 0.000000
-0.174554 0.033328 0.000000
-0.128212 0.034931 0.000000
-0.197256 0.015679 0.000000
-0.096070 -0.003229 0.000000
-0.146870 0.056969 0.000000
-0.103705 0.055703 0.000000
-0.057293 -0.020640 0.000000
-0.069473 0.007456 0.000000
-0.046560 0.227942 0.000000
0.015323 -0.058691 0.000000
0.007405 -0.025730 0.000000
0.080566 0.024433 0.000000
0.014317 0.087516 0.000000
0.075394 0.017772 0.000000
0.102779 0.021935 0.000000
0.131172 0.080554 0.000000
0.157416 0.060542 0.000000
0.131483 0.066102 0.000000
0.200807 0.035407 0.000000
0.229781 0.028150 0.000000
0.000000 0.000000 0.000000
-0.078628 0.022002 0.000000
-0.069500 0.017429 0.000000
-0.098934 -0.003325 0.000000
-0.100029 -0.011246 0.000000
-0.148883 0.029206 0.000000
-0.112597 -0.010247 0.000000
-0.152784 -0.018238 0.000000
-0.145801 0.007469 0.000000
-0.171837 0.022560 0.000000
-0.141594 0.005959 0.000000
-0.188089 -0.013328 0.000000
-0.124992 -0.004696 0.000000
-0.129064 -0.001104 0.000000
-0.179834 0.048232 0.000000
-0.064046 -0.060432 0.000000
-0.129064 0.007098 0.000000
-0.078159 0.001607 0.000000
-0.053707 0.063051 0.000000
-0.044490 -0.157316 0.000000
-0.005952 0.017545 0.000000
-0.054797 0.097406 0.000000
0.107834 -0.085253 0.000000
0.011988 -0.014392 0.000000
0.172662 -0.062067 0.000000
-0.067019 0.051491 0.000000
0.268167 -0.048958 0.000000
0.068651 -0.048201 0.000000
0.198944 -0.061682 0.000000
0.161151 0.007315 0.000000
0.230860 0.002085 0.000000
0.000000 0.000000 0.000000
-0.082892 0.008726 0.000000
-0.051042 -0.016862 0.000000
-0.109082 0.026688 0.000000
-0.095402 0.004325 0.000000
-0.119359 -0.009366 0.000000
-0.137371 0.009487 0.000000
-0.146988 0.009465 0.000000
-0.145968 -0.001182 0.000000
-0.141448 -0.026858 0.000000
-0.156977 0.005268 0.000000
-0.147597 -0.004827 0.000000
-0.162626 0.001712 0.000000
-0.134596 -0.012311 0.000000
-0.116909 -0.024137 0.000000
-0.110797 -0.001604 0.000000
-0.077469 0.007351 0.000000
-0.078213 -0.066761 0.000000
-0.037327 0.008542 0.000000
-0.056825 0.036874 0.000000
0.063988 -0.006408 0.000000
-0.045557 -0.064476 0.000000
0.067950 -0.001982 0.000000
0.004779 0.008000 0.000000
0.080545 0.013997 0.000000
0.112434 -0.035851 0.000000
0.052757 -0.011408 0.000000
0.172409 0.027060 0.000000
0.144252 0.026279 0.000000
0.176833 -0.028875 0.000000
0.228783 -0.024216 0.000000
0.000000 0.000000 0.000000
-0.066980 0.007591 0.000000
-0.064491 0.011410 0.000000
-0.072559 -0.012281 0.000000
-0.119751 0.001015 0.000000
-0.098194 0.001932 0.000000
-0.131815 -0.009331 0.000000
-0.114426 -0.018706 0.000000
-0.161907 -0.011361 0.000000
-0.144516 -0.000884 0.000000
-0.157132 -0.011881 0.000000
-0.127701 -0.019860 0.000000
-0.149244 -0.014399 0.000000
-0.136805 -0.027875 0.000000
-0.108706 -0.024293 0.000000
-0.131674 -0.032300 0.000000
-0.078952 -0.036166 0.000000
-0.083764 -0.027406 0.000000
-0.059056 -0.050749 0.000000
-0.008822 -0.112056 0.000000
-0.058134 -0.053199 0.000000
0.061213 -0.056934 0.000000
-0.017137 -0.007801 0.000000
0.114216 -0.151960 0.000000
0.083700 -0.093094 0.000000
0.061995 -0.050856 0.000000
0.171152 -0.063957 0.000000
0.113464 -0.129955 0.000000
0.157579 -0.106704 0.000000
0.179550 -0.052227 0.000000
0.218223 -0.045616 0.000000
0.000000 0.000000 0.000000
-0.067794 0.003389 0.000000
-0.062763 -0.006290 0.000000
-0.080814 0.012274 0.000000
-0.100440 0.001326 0.000000
-0.089447 -0.009198 0.000000
-0.143820 -0.004228 0.000000
-0.116715 -0.004704 0.000000
-0.146927 -0.011974 0.000000
-0.113453 -0.030204 0.000000
-0.167128 -0.018109 0.000000
-0.138666 -0.024460 0.000000
-0.129075 -0.037156 0.000000
-0.128198 -0.018718 0.000000
-0.103321 -0.044217 0.000000
-0.105371 -0.051215 0.000000
-0.049275 -0.054640 0.000000
-0.093691 -0.052108 0.000000
0.000517 -0.070115 0.000000
-0.062720 0.021589 0.000000
0.037694 -0.053787 0.000000
-0.016247 -0.080842 0.000000
0.058266 -0.083195 0.000000
0.022160 0.009652 0.000000
0.093110 -0.054194 0.000000
0.105259 -0.088903 0.000000
0.100326 -0.056405 0.000000
0.141512 -0.020083 0.000000
0.152663 -0.039464 0.000000
0.161828 -0.083503 0.000000
0.201142 -0.064682 0.000000
0.000000 0.000000 0.000000
-0.058185 0.001705 0.000000
-0.055174 0.006507 0.000000
-0.061824 -0.006552 0.000000
-0.103751 -0.010258 0.000000
-0.093848 -0.005034 0.000000
-0.111653 -0.011335 0.000000
-0.109361 -0.020862 0.000000
-0.136151 -0.020133 0.000000
-0.141089 -0.013970 0.000000
-0.130644 -0.029918 0.000000
-0.116017 -0.035848 0.000000
-0.157630 -0.027590 0.000000
-0.086825 -0.066934 0.000000
-0.124939 -0.050392 0.000000
-0.076691 -0.048302 0.000000
-0.101033 -0.067133 0.000000
-0.046630 -0.075489 0.000000
-0.034638 -0.090514 0.000000
0.006243 -0.177597 0.000000
-0.009007 -0.058865 0.000000
0.033534 -0.080938 0.000000
0.060480 -0.101868 0.000000
0.071309 -0.161567 0.000000
0.078951 -0.113125 0.000000
0.094672 -0.108737 0.000000
0.113644 -0.137686 0.000000
0.131301 -0.130042 0.000000
0.137328 -0.139898 0.000000
0.165498 -0.089957 0.000000
0.183891 -0.078710 0.000000
0.000000 0.000000 0.000000
-0.053145 0.002314 0.000000
-0.059019 -0.003151 0.000000
-0.069167 -0.005470 0.000000
-0.084338 -0.000012 0.000000
-0.086231 -0.006652 0.000000
-0.113044 -0.016739 0.000000
-0.129407 -0.013294 0.000000
-0.109152 -0.025629 0.000000
-0.120750 -0.033775 0.000000
-0.136233 -0.037440 0.000000
-0.120601 -0.049244 0.000000
-0.122714 -0.046708 0.000000
-0.103075 -0.047818 0.000000
-0.106301 -0.059893 0.000000
-0.064352 -0.081531 0.000000
-0.069439 -0.080970 0.000000
-0.020203 -0.078369 0.000000
-0.079578 -0.110690 0.000000
0.012075 -0.025907 0.000000
-0.010957 -0.089588 0.000000
0.045217 -0.142001 0.000000
-0.023985 -0.060098 0.000000
0.102811 -0.070377 0.000000
0.049333 -0.084212 0.000000
0.134825 -0.100433 0.000000
0.085661 -0.071869 0.000000
0.139947 -0.075083 0.000000
0.123107 -0.072584 0.000000
0.145616 -0.116472 0.000000
0.161433 -0.087204 0.000000
0.000000 0.000000 0.000000
-0.055978 0.001497 0.000000
-0.044121 -0.000016 0.000000
-0.059192 -0.001239 0.000000
-0.081147 -0.009848 0.000000
-0.100843 -0.014394 0.000000
-0.079993 -0.013205 0.000000
-0.104428 -0.020997 0.000000
-0.118952 -0.028860 0.000000
-0.134107 -0.030537 0.000000
-0.091403 -0.034346 0.000000
-0.135511 -0.039021 0.000000
-0.086459 -0.066582 0.000000
-0.126542 -0.065330 0.000000
-0.056406 -0.081584 0.000000
-0.077047 -0.080386 0.000000
-0.077213 -0.082514 0.000000
-0.022159 -0.096794 0.000000
-0.040580 -0.114407 0.000000
0.070714 -0.178960 0.000000
-0.132191 -0.086834 0.000000
0.136492 -0.108180 0.000000
0.052740 -0.168726 0.000000
0.058454 -0.167841 0.000000
0.085707 -0.088944 0.000000
0.082361 -0.181465 0.000000
0.112037 -0.155169 0.000000
0.092425 -0.127507 0.000000
0.149558 -0.150317 0.000000
0.125579 -0.111848 0.000000
0.142200 -0.090169 0.000000
0.000000 0.000000 0.000000
-0.041907 0.003280 0.000000
-0.047178 -0.003862 0.000000
-0.068382 -0.008517 0.000000
-0.051853 -0.008544 0.000000
-0.094349 -0.010558 0.000000
-0.083005 -0.020273 0.000000
-0.121944 -0.035474 0.000000
-0.079337 -0.018224 0.000000
-0.117019 -0.044112 0.000000
-0.103223 -0.059477 0.000000
-0.103202 -0.059799 0.000000
-0.100294 -0.054114 0.000000
-0.085014 -0.069484 0.000000
-0.081530 -0.087427 0.000000
-0.086890 -0.072839 0.000000
-0.009178 -0.126462 0.000000
-0.047009 -0.091852 0.000000
0.032233 -0.118241 0.000000
-0.072486 -0.045142 0.000000
0.148272 -0.150044 0.000000
-0.013650 -0.121915 0.000000
0.043872 -0.069523 0.000000
0.070611 -0.092597 0.000000
0.081324 -0.140768 0.000000
0.081741 -0.041612 0.000000
0.121304 -0.136402 0.000000
0.114737 -0.079993 0.000000
0.101591 -0.081681 0.000000
0.124312 -0.105814 0.000000
0.112463 -0.088266 0.000000
0.000000 0.000000 0.000000
-0.039515 -0.004069 0.000000
-0.040549 -0.003160 0.000000
-0.051919 -0.001844 0.000000
-0.065753 -0.007848 0.000000
-0.078714 -0.022837 0.000000
-0.065406 -0.029093 0.000000
-0.108204 -0.010114 0.000000
-0.082858 -0.044892 0.000000
-0.112398 -0.050314 0.000000
-0.093302 -0.020963 0.000000
-0.097301 -0.063460 0.000000
-0.078734 -0.076412 0.000000
-0.084513 -0.081044 0.000000
-0.072137 -0.075088 0.000000
-0.028716 -0.094644 0.000000
-0.094886 -0.083687 0.000000
0.015280 -0.104850 0.000000
-0.069589 -0.117268 0.000000
0.058805 -0.162130 0.000000
-0.117204 -0.086732 0.000000
0.121057 -0.122760 0.000000
-0.002535 -0.143958 0.000000
0.119382 -0.174026 0.000000
-0.023786 -0.064254 0.000000
0.192321 -0.202601 0.000000
-0.009518 -0.099486 0.000000
0.167394 -0.131090 0.000000
0.083346 -0.131024 0.000000
0.106021 -0.104600 0.000000
0.088673 -0.081123 0.000000
0.000000 0.000000 0.000000
-0.038435 -0.000275 0.000000
-0.041999 0.001247 0.000000
-0.036076 -0.020599 0.000000
-0.068257 -0.022481 0.000000
-0.059316 -0.003211 0.000000
-0.083896 -0.021594 0.000000
-0.074133 -0.048011 0.000000
-0.094853 -0.025040 0.000000
-0.094370 -0.037790 0.000000
-0.062379 -0.087399 0.000000
-0.111658 -0.062815 0.000000
-0.046051 -0.068530 0.000000
-0.090164 -0.073055 0.000000
-0.047267 -0.096381 0.000000
-0.055283 -0.095828 0.000000
-0.022147 -0.108872 0.000000
-0.027461 -0.107669 0.000000
-0.002685 -0.102611 0.000000
-0.003309 -0.073096 0.000000
0.056468 -0.118865 0.000000
-0.006903 -0.123852 0.000000
0.076916 -0.109018 0.000000
-0.020541 -0.061791 0.000000
0.160373 -0.121985 0.000000
-0.055836 -0.025732 0.000000
0.252284 -0.137855 0.000000
-0.030121 -0.069833 0.000000
0.137615 -0.061860 0.000000
0.081772 -0.085548 0.000000
0.070270 -0.070334 0.000000
0.000000 0.000000 0.000000
-0.021194 -0.005422 0.000000
-0.041236 -0.015674 0.000000
-0.028422 0.007834 0.000000
-0.067530 -0.007894 0.000000
-0.033490 -0.029886 0.000000
-0.088644 -0.035559 0.000000
-0.044429 -0.016077 0.000000
-0.096501 -0.050848 0.000000
-0.048092 -0.053933 0.000000
-0.126165 -0.025392 0.000000
-0.015200 -0.070497 0.000000
-0.116794 -0.061715 0.000000
-0.018985 -0.097012 0.000000
-0.071620 -0.088544 0.000000
-0.036789 -0.077536 0.000000
-0.024271 -0.097648 0.000000
-0.015641 -0.108876 0.000000
-0.000009 -0.108523 0.000000
-0.020373 -0.120210 0.000000
0.036237 -0.134686 0.000000
0.054019 -0.078181 0.000000
0.019725 -0.114430 0.000000
0.094341 -0.126296 0.000000
0.024351 -0.125523 0.000000
0.149899 -0.157596 0.000000
-0.007355 -0.043935 0.000000
0.133889 -0.119480 0.000000
0.053654 -0.103781 0.000000
0.082833 -0.066951 0.000000
0.053869 -0.056097 0.000000
0.000000 0.000000 0.000000
-0.031823 -0.002235 0.000000
-0.030086 0.012666 0.000000
-0.023698 -0.030850 0.000000
-0.055113 -0.025623 0.000000
-0.037292 -0.008431 0.000000
-0.079279 -0.017054 0.000000
-0.030938 -0.043074 0.000000
-0.113929 -0.043082 0.000000
-0.009391 -0.041043 0.000000
-0.115947 -0.073892 0.000000
-0.034034 -0.070996 0.000000
-0.081637 -0.083235 0.000000
-0.024312 -0.059562 0.000000
-0.069019 -0.067741 0.000000
0.007448 -0.127468 0.000000
-0.088541 -0.084362 0.000000
0.036439 -0.074373 0.000000
-0.023759 -0.102465 0.000000
0.059943 -0.101692 0.000000
-0.089557 -0.022922 0.000000
0.107712 -0.148887 0.000000
0.000050 -0.078651 0.000000
0.060851 -0.082185 0.000000
0.010191 -0.022019 0.000000
0.087382 -0.043285 0.000000
0.036825 -0.109179 0.000000
0.097077 -0.013509 0.000000
0.038208 -0.041361 0.000000
0.063054 -0.061267 0.000000
0.042986 -0.043341 0.000000
0.000000 0.000000 0.000000
-0.012230 -0.004230 0.000000
-0.027682 -0.028119 0.000000
-0.026236 0.004164 0.000000
-0.038214 0.007589 0.000000
-0.041037 -0.041579 0.000000
-0.049182 -0.036995 0.000000
-0.060616 -0.020932 0.000000
-0.051578 -0.037667 0.000000
-0.053712 -0.044961 0.000000
-0.069828 -0.060212 0.000000
-0.024630 -0.038225 0.000000
-0.088840 -0.070655 0.000000
-0.000941 -0.086636 0.000000
-0.072378 -0.126302 0.000000
0.003142 0.000931 0.000000
-0.035007 -0.110302 0.000000
0.033482 -0.136919 0.000000
-0.098561 -0.040807 0.000000
0.091049 -0.100716 0.000000
-0.011603 -0.136258 0.000000
0.072308 -0.082978 0.000000
-0.083171 -0.052623 0.000000
0.149929 -0.094401 0.000000
0.038167 -0.166164 0.000000
0.047494 -0.089261 0.000000
0.131339 -0.012494 0.000000
0.000271 -0.093679 0.000000
0.117729 -0.073487 0.000000
0.043310 -0.022687 0.000000
0.025537 -0.025698 0.000000
0.000000 0.000000 0.000000
-0.016695 -0.005674 0.000000
-0.017590 0.019516 0.000000
-0.027997 -0.020303 0.000000
-0.019282 -0.041418 0.000000
-0.049044 0.008915 0.000000
-0.032475 -0.021182 0.000000
-0.043358 -0.032607 0.000000
-0.042647 -0.052439 0.000000
-0.054687 -0.037095 0.000000
-0.044409 -0.044549 0.000000
-0.032749 -0.070434 0.000000
-0.043955 -0.079727 0.000000
-0.013933 -0.025831 0.000000
-0.072937 -0.076446 0.000000
0.035389 -0.097186 0.000000
-0.112081 -0.130269 0.000000
0.087829 0.054312 0.000000
-0.053154 -0.167406 0.000000
0.063281 -0.054248 0.000000
-0.081803 -0.031005 0.000000
0.110470 -0.053685 0.000000
0.023743 -0.112558 0.000000
0.058527 -0.041272 0.000000
-0.049167 0.073241 0.000000
0.173196 -0.127043 0.000000
-0.094300 -0.014569 0.000000
0.223375 -0.052726 0.000000
-0.094449 0.028193 0.000000
0.070406 -0.023727 0.000000
0.019657 -0.012108 0.000000
0.000000 0.000000 0.000000
-0.014338 -0.002554 0.000000
-0.014376 -0.020397 0.000000
-0.003288 -0.015732 0.000000
-0.056159 0.036323 0.000000
-0.004857 -0.050342 0.000000
-0.042935 -0.029653 0.000000
-0.023724 -0.031622 0.000000
-0.057735 -0.017109 0.000000
-0.031659 -0.046949 0.000000
-0.030626 -0.057573 0.000000
-0.063788 -0.040545 0.000000
-0.014400 -0.048750 0.000000
-0.037932 -0.087650 0.000000
-0.001124 -0.080439 0.000000
-0.067374 -0.018705 0.000000
0.030141 -0.085995 0.000000
-0.029224 -0.102200 0.000000
0.002957 -0.047502 0.000000
0.008578 -0.039258 0.000000
0.008004 -0.117387 0.000000
0.016793 -0.071984 0.000000
-0.027790 0.002395 0.000000
0.097333 -0.096139 0.000000
-0.013967 -0.083715 0.000000
-0.004401 0.005042 0.000000
0.133421 -0.052407 0.000000
-0.056532 0.000154 0.000000
0.092928 -0.049418 0.000000
0.025247 -0.006217 0.000000
0.018058 -0.000222 0.000000
0.000000 0.000000 0.000000
-0.001104 -0.005115 0.000000
-0.019256 0.013478 0.000000
-0.008336 -0.007894 0.000000
-0.012614 -0.030974 0.000000
-0.023702 -0.008857 0.000000
-0.023137 0.003007 0.000000
-0.036888 -0.031200 0.000000
0.001461 -0.030368 0.000000
-0.078675 -0.039180 0.000000
0.019220 -0.022570 0.000000
-0.062008 -0.050343 0.000000
0.025205 -0.062617 0.000000
-0.088999 -0.009806 0.000000
0.038161 -0.065196 0.000000
-0.040978 -0.075156 0.000000
0.011823 -0.043391 0.000000
-0.031671 -0.049466 0.000000
0.038569 -0.058622 0.000000
-0.029782 -0.075932 0.000000
0.043646 -0.022396 0.000000
-0.016021 -0.038685 0.000000
0.061178 -0.080947 0.000000
-0.054597 0.007284 0.000000
0.128868 -0.029881 0.000000
-0.042262 -0.035689 0.000000
0.060671 -0.024863 0.000000
0.035197 -0.034449 0.000000
0.017555 0.029816 0.000000
0.017851 0.008370 0.000000
0.017176 0.007457 0.000000
0.000000 0.000000 0.000000
-0.013220 0.000137 0.000000
0.006612 -0.014371 0.000000
-0.030517 0.004503 0.000000
0.015959 -0.000395 0.000000
-0.053576 -0.000587 0.000000
0.024346 -0.032241 0.000000
-0.058577 -0.005540 0.000000
0.003968 -0.023872 0.000000
-0.034053 -0.023893 0.000000
-0.007612 -0.037493 0.000000
-0.023951 -0.034056 0.000000
-0.025140 -0.022173 0.000000
-0.000544 -0.072140 0.000000
-0.017663 -0.028850 0.000000
-0.015992 -0.037300 0.000000
0.008179 -0.052381 0.000000
-0.012972 -0.044318 0.000000
0.005187 -0.036534 0.000000
0.000374 -0.037842 0.000000
0.009476 -0.046711 0.000000
0.006811 -0.037656 0.000000
-0.012450 -0.000260 0.000000
0.058545 -0.063679 0.000000
-0.024607 -0.010731 0.000000
0.042271 -0.021801 0.000000
-0.001280 -0.002021 0.000000
0.025023 0.010984 0.000000
0.013878 -0.020798 0.000000
0.020318 0.008794 0.000000
0.016261 0.012189 0.000000
0.000000 0.000000 0.000000
0.002123 -0.001577 0.000000
-0.013010 0.003618 0.000000
-0.006488 -0.008961 0.000000
-0.008003 -0.010241 0.000000
-0.015577 -0.014885 0.000000
-0.013863 -0.011571 0.000000
-0.015482 -0.023624 0.000000
-0.016971 -0.028753 0.000000
-0.021569 -0.031061 0.000000
-0.018450 -0.033903 0.000000
-0.015413 -0.040110 0.000000
-0.022165 -0.049218 0.000000
-0.018435 -0.034956 0.000000
-0.011702 -0.051104 0.000000
-0.008493 -0.052361 0.000000
-0.011718 -0.046684 0.000000
-0.006852 -0.045081 0.000000
0.004306 -0.052081 0.000000
-0.000254 -0.038762 0.000000
0.001092 -0.039808 0.000000
0.010602 -0.033828 0.000000
0.011060 -0.039246 0.000000
0.011082 -0.015164 0.000000
0.013439 -0.023415 0.000000
0.015322 -0.009891 0.000000
0.015388 -0.007174 0.000000
0.018793 -0.007113 0.000000
0.011559 0.015553 0.000000
0.011084 0.009910 0.000000
0.013705 0.013477 0.000000
0.000000 0.000000 0.000000
0.000000 0.000000 0.000000
0.000000 0.000000 0.000000
0.000000 0.000000 0.000000
0.000000 0.000000 0.000000
0.000000 0.000000 0.000000
0.000000 0.000000 0.000000
0.000000 0.000000 0.000000
0.000000 0.000000 0.000000
0.000000 0.000000 0.000000
0.000000 0.000000 0.000000
0.000000 0.000000 0.000000
0.000000 0.000000 0.000000
0.000000 0.000000 0.000000
0.000000 0.000000 0.000000
0.000000 0.000000 0.000000
0.000000 0.000000 0.000000
0.000000 0.000000 0.000000
0.000000 0.000000 0.000000
0.000000 0.000000 0.000000
0.000000 0.000000 0.000000
0.000000 0.000000 0.000000
0.000000 0.000000 0.000000
0.000000 0.000000 0.000000
0.000000 0.000000 0.000000
0.000000 0.000000 0.000000
0.000000 0.000000 0.000000
0.000000 0.000000 0.000000
0.000000 0.000000 0.000000
0.000000 0.000000 0.000000
0.000000 0.000000 0.000000

SCALARS glob_density_err double 1
LOOKUP_TABLE default
1.946461e+07
1.958736e+07
1.956664e+07
1.957914e+07
1.959574e+07
1.959052e+07
1.957283e+07
1.959419e+07
1.962752e+07
1.963910e+07
1.962260e+07
1.962009e+07
1.959341e+07
1.962485e+07
1.962695e+07
1.970497e+07
1.956928e+07
1.964510e+07
1.946922e+07
1.957289e+07
1.945694e+07
1.962080e+07
1.964038e+07
1.953964e+07
1.975215e+07
1.958619e+07
1.933774e+07
1.960586e+07
1.981290e+07
1.980514e+07
1.950870e+07
1.949245e+07
1.958860e+07
1.957888e+07
1.957375e+07
1.956245e+07
1.962446e+07
1.963688e+07
1.960119e+07
1.960448e+07
1.955912e+07
1.957042e+07
1.967586e+07
1.959429e+07
1.969255e+07
1.951069e+07
1.961029e+07
1.944464e+07
1.974182e+07
1.989976e+07
1.989689e+07
1.950329e+07
1.943755e+07
1.950007e+07
1.966548e+07
2.033761e+07
1.940672e+07
1.942221e+07
1.957905e+07
1.941544e+07
1.985941e+07
1.974738e+07
1.953251e+07
1.964053e+07
1.956404e+07
1.964307e+07
1.962792e+07
1.955049e+07
1.959881e+07
1.963786e+07
1.958070e+07
1.972285e+07
1.960292e+07
1.962964e+07
1.953190e+07
1.969028e+07
1.949607e+07
2.003260e+07
1.935017e+07
1.984603e+07
1.893284e+07
1.980097e+07
1.954498e+07
1.955600e+07
1.967022e+07
1.951955e+07
2.029052e+07
1.867481e+07
1.902533e+07
1.954994e+07
1.951928e+07
1.955018e+07
1.936759e+07
1.959810e+07
1.960184e+07
1.958478e+07
1.960471e+07
1.961475e+07
1.968506e+07
1.957386e+07
1.968062e+07
1.950186e+07
1.963021e+07
1.947963e+07
1.972071e+07
1.951809e+07
1.979620e+07
1.939473e+07
1.961558e+07
1.932240e+07
1.985992e+07
1.910505e+07
2.074606e+07
1.911020e+07
1.962598e+07
1.993143e+07
1.975962e+07
2.005129e+07
1.895060e+07
1.997625e+07
1.988533e+07
1.942575e+07
2.007396e+07
1.970802e+07
1.963510e+07
1.963460e+07
1.968469e+07
1.971510e+07
1.954683e+07
1.968977e+07
1.954186e+07
1.966423e+07
1.961588e+07
1.968546e+07
1.945530e+07
1.982429e+07
1.938984e+07
1.973642e+07
1.952756e+07
1.980442e+07
1.925635e+07
2.030654e+07
1.857200e+07
1.952939e+07
1.922098e+07
1.971633e+07
1.928076e+07
1.966529e+07
1.962134e+07
2.018104e+07
1.964653e+07
1.941817e+07
2.016530e+07
1.969221e+07
1.949141e+07
1.969322e+07
1.963697e+07
1.950572e+07
1.965190e+07
1.961895e+07
1.969088e+07
1.943858e+07
1.972016e+07
1.939901e+07
1.975330e+07
1.957086e+07
1.965178e+07
1.951892e+07
1.982382e+07
1.905178e+07
2.008968e+07
1.899192e+07
2.002392e+07
1.902907e+07
2.058529e+07
1.920538e+07
1.968842e+07
1.958887e+07
1.986906e+07
1.956768e+07
1.982765e+07
1.981234e+07
1.920885e+07
1.934473e+07
1.946917e+07
1.954057e+07
1.958990e+07
1.967288e+07
1.968301e+07
1.975435e+07
1.954175e+07
1.976470e+07
1.939257e+07
1.978988e+07
1.942780e+07
1.970924e+07
1.956109e+07
1.976254e+07
1.944717e+07
1.975067e+07
1.955049e+07
1.997431e+07
1.938828e+07
2.043048e+07
1.911130e+07
2.010221e+07
1.963862e+07
1.946621e+07
1.941925e+07
1.952278e+07
1.973498e+07
1.983538e+07
1.963910e+07
1.941979e+07
1.957279e+07
1.952984e+07
1.957880e+07
1.958375e+07
1.965905e+07
1.957632e+07
1.952172e+07
1.969923e+07
1.968193e+07
1.951372e+07
1.964178e+07
1.935051e+07
1.980213e+07
1.917807e+07
1.964649e+07
1.956220e+07
1.968292e+07
1.963238e+07
1.983744e+07
1.966963e+07
1.987771e+07
1.978009e+07
1.947186e+07
1.927456e+07
1.967270e+07
1.985130e+07
1.954205e+07
1.974923e+07
1.937960e+07
1.962477e+07
1.987892e+07
1.967607e+07
1.982135e+07
1.947249e+07
1.964908e+07
1.960506e+07
1.955031e+07
1.971039e+07
1.956895e+07
1.956242e+07
1.980439e+07
1.971995e+07
1.973174e+07
1.976338e+07
1.953104e+07
1.983624e+07
1.934841e+07
1.981032e+07
1.997526e+07
1.934060e+07
1.984420e+07
1.983608e+07
1.901248e+07
1.990339e+07
1.947139e+07
1.970663e+07
1.952992e+07
1.958398e+07
1.971072e+07
1.928339e+07
1.981092e+07
1.959825e+07
1.935303e+07
1.966340e+07
1.969312e+07
1.959442e+07
1.961421e+07
1.964983e+07
1.966040e+07
1.941488e+07
1.978106e+07
1.943013e+07
1.973094e+07
1.958233e+07
1.948107e+07
1.980780e+07
1.943379e+07
1.965113e+07
1.990870e+07
1.946033e+07
1.917992e+07
1.971344e+07
1.966679e+07
1.958333e+07
1.958665e+07
1.950853e+07
1.972490e+07
1.964834e+07
1.951612e+07
2.019430e+07
1.930203e+07
1.925921e+07
1.975981e+07
1.975220e+07
1.960769e+07
1.950127e+07
1.965471e+07
1.966512e+07
1.954182e+07
1.962407e+07
1.960904e+07
1.971379e+07
1.947383e+07
1.956277e+07
1.964600e+07
1.973786e+07
1.962121e+07
1.970016e+07
1.962773e+07
1.933866e+07
1.977676e+07
1.974418e+07
1.957145e+07
1.998058e+07
1.954150e+07
1.966262e+07
1.952079e+07
1.953756e+07
1.959530e+07
1.955849e+07
1.970476e+07
1.988412e+07
1.918057e+07
1.935999e+07
1.993723e+07
1.979393e+07
1.956209e+07
1.965302e+07
1.956626e+07
1.963612e+07
1.974737e+07
1.952981e+07
1.942185e+07
1.977617e+07
1.975394e+07
1.947750e+07
1.972060e+07
1.944457e+07
1.966883e+07
1.947899e+07
1.959531e+07
1.962215e+07
1.971677e+07
1.984846e+07
1.927720e+07
1.992780e+07
1.935863e+07
1.952946e+07
1.963499e+07
1.959220e+07
1.966202e+07
1.924996e+07
1.976485e+07
1.979054e+07
1.991978e+07
1.943422e+07
1.958324e+07
1.982621e+07
1.959401e+07
1.953976e+07
1.971268e+07
1.935032e+07
1.974012e+07
1.976683e+07
1.939942e+07
1.947796e+07
1.976421e+07
1.955333e+07
1.952254e+07
1.975500e+07
1.955254e+07
1.961479e+07
1.954852e+07
1.928523e+07
1.950708e+07
1.947563e+07
1.934142e+07
1.968905e+07
1.920604e+07
1.980766e+07
1.955893e+07
1.960213e+07
1.980456e+07
1.984895e+07
1.954293e+07
1.886301e+07
1.987887e+07
1.926605e+07
1.949424e+07
1.962583e+07
1.971229e+07
1.957339e+07
1.965682e+07
1.964228e+07
1.938137e+07
1.973580e+07
1.967781e+07
1.954757e+07
1.944889e+07
1.967322e+07
1.948133e+07
1.963131e+07
1.973633e+07
1.935111e+07
1.997448e+07
1.962759e+07
1.980977e+07
2.052923e+07
1.947854e+07
1.969864e+07
1.971414e+07
1.952149e+07
1.952661e+07
1.972676e+07
1.955282e+07
1.974811e+07
1.995347e+07
2.003327e+07
2.017049e+07
1.981451e+07
1.967448e+07
1.970746e+07
1.951211e+07
1.959328e+07
1.949602e+07
1.961924e+07
1.972756e+07
1.937167e+07
1.974904e+07
1.952929e+07
1.962647e+07
1.958741e+07
1.962757e+07
1.946855e+07
1.982978e+07
1.927539e+07
1.960064e+07
2.023606e+07
2.080752e+07
1.918708e+07
1.918867e+07
1.945306e+07
1.943621e+07
1.962515e+07
1.975713e+07
1.915201e+07
1.986260e+07
1.951614e+07
1.937764e+07
1.941389e+07
1.979898e+07
1.964806e+07
1.963563e+07
1.967357e+07
1.974320e+07
1.948235e+07
1.965896e+07
1.937055e+07
1.984461e+07
1.967635e+07
1.945968e+07
1.966375e+07
1.942257e+07
1.978990e+07
1.923545e+07
1.994471e+07
1.905130e+07
2.034479e+07
1.867110e+07
1.860890e+07
1.998200e+07
1.935690e+07
1.952156e+07
1.980367e+07
1.934270e+07
1.984854e+07
1.992812e+07
1.961543e+07
1.972397e+07
1.930100e+07
1.958628e+07
1.946402e+07
1.962844e+07
1.962101e+07
1.955965e+07
1.948225e+07
1.968547e+07
1.955004e+07
1.960850e+07
1.961327e+07
1.941435e+07
1.968676e+07
1.965555e+07
1.947136e+07
1.980736e+07
1.937885e+07
1.962700e+07
2.015135e+07
1.968513e+07
2.004961e+07
2.016792e+07
1.951397e+07
1.941032e+07
1.961782e+07
2.007951e+07
1.966030e+07
1.936416e+07
1.972320e+07
1.981380e+07
1.952103e+07
1.938226e+07
1.965100e+07
1.960632e+07
1.961261e+07
1.960374e+07
1.967930e+07
1.971282e+07
1.964283e+07
1.957219e+07
1.965710e+07
1.949680e+07
1.968222e+07
1.959923e+07
1.951363e+07
1.956467e+07
1.946387e+07
1.976576e+07
1.925658e+07
1.930922e+07
1.949166e+07
2.020808e+07
1.912183e+07
1.915358e+07
1.960863e+07
1.960202e+07
1.969634e+07
1.936769e+07
1.954077e+07
1.975229e+07
1.974080e+07
1.949014e+07
1.994883e+07
1.966631e+07
1.968532e+07
1.962854e+07
1.958904e+07
1.957959e+07
1.960125e+07
1.958502e+07
1.969924e+07
1.960182e+07
1.960900e+07
1.961423e+07
1.942259e+07
1.964228e+07
1.973091e+07
1.941212e+07
1.986451e+07
1.934247e+07
1.984094e+07
1.910734e+07
1.985696e+07
1.948888e+07
1.975615e+07
1.930453e+07
1.962766e+07
1.959660e+07
1.975929e+07
1.984305e+07
1.933141e+07
1.996998e+07
1.992303e+07
1.950254e+07
1.947625e+07
1.957387e+07
1.960858e+07
1.962035e+07
1.962759e+07
1.966165e+07
1.967465e+07
1.958614e+07
1.955645e+07
1.969408e+07
1.948242e+07
1.974563e+07
1.934743e+07
1.965472e+07
1.966421e+07
1.947938e+07
1.960218e+07
1.981196e+07
1.914020e+07
1.972369e+07
1.961769e+07
2.109005e+07
1.905818e+07
1.986768e+07
1.959774e+07
1.930211e+07
1.981764e+07
1.989264e+07
1.927946e+07
1.930855e+07
1.948139e+07
1.968879e+07
1.948159e+07
1.962352e+07
1.965683e+07
1.956088e+07
1.960340e+07
1.951234e+07
1.971523e+07
1.957761e+07
1.959233e+07
1.946385e+07
1.972791e+07
1.961840e+07
1.951664e+07
1.958258e+07
1.965074e+07
1.961306e+07
2.005026e+07
2.002568e+07
1.983787e+07
1.887899e+07
1.913742e+07
1.978003e+07
1.948959e+07
1.964314e+07
1.972882e+07
1.952871e+07
1.937225e+07
1.959137e+07
1.977989e+07
1.990198e+07
1.939899e+07
1.938481e+07
1.964413e+07
1.963003e+07
1.961665e+07
1.970352e+07
1.960733e+07
1.970171e+07
1.941566e+07
1.963525e+07
1.971831e+07
1.945553e+07
1.986668e+07
1.947860e+07
1.950508e+07
1.961926e+07
1.947742e+07
1.989167e+07
1.921923e+07
2.001330e+07
1.948817e+07
1.982966e+07
1.948342e+07
1.980480e+07
1.946154e+07
1.939362e+07
1.983210e+07
1.966407e+07
1.920772e+07
1.980238e+07
1.900804e+07
1.946158e+07
1.977999e+07
1.958913e+07
1.960623e+07
1.958386e+07
1.960825e+07
1.955536e+07
1.955377e+07
1.968850e+07
1.951489e+07
1.954491e+07
1.973401e+07
1.923740e+07
1.974483e+07
1.968188e+07
1.977945e+07
1.941359e+07
1.985223e+07
1.914809e+07
1.970317e+07
1.953971e+07
1.977480e+07
1.964662e+07
1.961059e+07
1.986579e+07
1.976834e+07
1.927537e+07
1.973755e+07
2.045313e+07
1.901588e+07
2.012090e+07
1.907926e+07
1.962435e+07
1.959216e+07
1.967896e+07
1.963061e+07
1.959841e+07
1.973384e+07
1.957552e+07
1.964181e+07
1.951161e+07
1.948697e+07
1.980754e+07
1.940735e+07
1.988874e+07
1.921032e+07
1.991923e+07
1.938205e+07
1.942935e+07
1.981139e+07
1.962679e+07
1.937447e+07
1.975596e+07
1.952163e+07
1.958666e+07
1.990147e+07
1.976150e+07
1.943630e+07
1.981528e+07
1.955866e+07
1.906782e+07
1.995440e+07
1.959177e+07
1.981623e+07
1.960626e+07
1.958648e+07
1.957262e+07
1.953272e+07
1.955745e+07
1.964118e+07
1.949618e+07
1.980288e+07
1.971818e+07
1.950426e+07
1.950271e+07
1.960075e+07
1.976228e+07
1.956388e+07
1.964784e+07
1.983051e+07
1.948420e+07
1.978509e+07
1.956745e+07
2.018488e+07
1.947693e+07
1.957769e+07
1.938008e+07
1.934921e+07
1.974438e+07
1.970502e+07
2.001933e+07
1.926944e+07
1.979358e+07
1.959672e+07
1.970013e+07
1.966228e+07
1.961732e+07
1.966071e+07
1.973453e+07
1.959806e+07
1.966546e+07
1.961267e+07
1.952247e+07
1.943996e+07
1.974049e+07
1.976583e+07
1.937309e+07
1.981935e+07
1.971293e+07
1.944665e+07
1.957869e+07
1.938241e+07
1.991310e+07
1.911465e+07
1.947173e+07
1.964192e+07
1.941528e+07
1.975930e+07
1.975709e+07
1.935805e+07
1.966236e+07
1.939205e+07
1.954296e+07
1.943947e+07
1.947514e+07
1.947913e+07
1.963627e+07
1.965587e+07
1.949282e+07
1.955546e+07
1.955230e+07
1.959621e+07
1.956947e+07
1.972974e+07
1.973306e+07
1.938590e+07
1.954154e+07
1.989107e+07
1.930377e+07
1.984816e+07
1.927774e+07
1.978345e+07
1.961595e+07
1.989754e+07
1.946430e+07
1.967582e+07
1.965237e+07
1.976152e+07
1.968159e+07
1.936512e+07
1.970326e+07
1.977098e+07
1.982707e+07
1.980052e+07
1.991961e+07
1.948156e+07
1.980824e+07
1.961094e+07
1.966779e+07
1.966848e+07
1.971286e+07
1.967125e+07
1.959348e+07
1.971408e+07
1.942583e+07
1.956908e+07
1.978525e+07
1.943294e+07
1.961032e+07
1.959583e+07
1.944436e+07
1.973035e+07
1.991997e+07
1.928895e+07
1.986157e+07
1.950457e+07
1.975169e+07
1.958594e+07
1.950191e+07
1.974359e+07
1.968993e+07
1.977220e+07
1.974794e+07
1.943552e+07
1.987031e+07
1.949460e+07
1.916953e+07
1.965590e+07
1.961553e+07
1.960283e+07
1.960658e+07
1.953047e+07
1.965030e+07
1.958717e+07
1.956402e+07
1.975762e+07
1.936610e+07
1.971502e+07
1.952294e+07
1.952505e+07
1.956996e+07
1.948533e+07
1.958678e+07
1.935243e+07
1.963855e+07
1.965893e+07
1.960903e+07
1.974323e+07
1.954662e+07
1.974322e+07
1.954238e+07
1.963789e+07
2.002594e+07
1.930905e+07
1.967096e+07
1.956279e+07
1.960976e+07
1.949675e+07
1.939857e+07
1.966731e+07
1.959660e+07
1.966428e+07
1.973275e+07
1.966163e+07
1.964130e+07
1.948917e+07
1.967404e+07
1.961278e+07
1.944209e+07
1.961307e+07
1.964231e+07
1.966530e+07
1.939258e+07
1.974062e+07
1.955271e+07
1.938858e+07
1.926335e+07
1.959955e+07
1.970953e+07
1.964520e+07
1.965375e+07
1.962884e+07
1.994216e+07
1.999776e+07
1.985201e+07
1.971145e+07
1.974194e+07
1.984671e+07
1.972099e+07
1.992540e+07
1.963181e+07
1.960986e+07
1.959526e+07
1.956680e+07
1.951413e+07
1.969633e+07
1.967789e+07
1.937657e+07
1.969983e+07
1.961910e+07
1.963780e+07
1.957735e+07
1.941300e+07
1.971527e+07
1.946842e+07
1.956347e+07
1.927541e+07
2.006436e+07
1.942208e+07
1.969975e+07
1.971484e+07
1.961630e+07
1.939824e+07
1.967801e+07
1.940313e+07
1.951009e+07
1.995155e+07
1.937447e+07
1.944187e+07
1.958181e+07
1.951465e+07
1.960920e+07
1.967904e+07
1.970493e+07
1.962590e+07
1.981684e+07
1.943018e+07
1.967368e+07
1.976786e+07
1.957351e+07
1.950533e+07
1.964740e+07
1.963915e+07
1.978529e+07
1.961814e+07
1.975866e+07
1.931085e+07
1.953899e+07
1.945208e+07
1.966437e+07
1.962524e+07
1.948647e+07
1.963179e+07
1.960016e+07
1.929865e+07
1.985101e+07
1.923842e+07
1.927137e+07
1.969597e+07
1.979175e+07
1.890709e+07
1.952258e+07
1.967641e+07
1.963723e+07
1.952945e+07
1.956091e+07
1.957463e+07
1.967376e+07
1.952136e+07
1.936436e+07
1.964786e+07
1.981753e+07
1.956978e+07
1.951257e+07
1.930994e+07
1.984426e+07
1.948238e+07
1.975766e+07
1.978505e+07
1.958957e+07
1.979407e+07
1.970643e+07
1.968465e+07
2.003692e+07
1.990058e+07
1.989433e+07
1.929625e+07
1.993810e+07
1.944926e+07
1.974240e+07
1.973694e+07
1.973160e+07
1.954957e+07
1.972027e+07
1.962838e+07
1.972259e+07
1.980240e+07
1.949875e+07
1.972115e+07
1.949474e+07
1.976828e+07
1.951280e+07
1.949180e+07
1.955330e+07
1.988730e+07
1.969496e+07
1.951967e+07
1.954507e+07
1.940045e+07
1.969049e+07
1.928481e+07
1.978199e+07
1.962521e+07
1.950889e+07
1.958960e+07
1.946556e+07
1.976887e+07
1.944721e+07
1.935842e+07
1.962868e+07
1.953977e+07
1.952696e+07
1.923981e+07
1.966938e+07
1.970158e+07
1.961115e+07
1.959367e+07
1.942806e+07
1.968097e+07
1.958275e+07
1.933784e+07
1.975792e+07
1.927732e+07
1.971518e+07
1.970534e+07
1.937810e+07
1.951020e+07
1.953931e+07
1.939649e+07
1.971939e+07
1.930811e+07
1.967918e+07
1.899801e+07
1.985467e+07
1.953288e+07
1.949483e+07
1.963973e+07
2.009748e+07
1.969371e+07
1.964343e+07
1.977796e+07
1.948341e+07
1.937484e+07
1.981772e+07
1.977827e+07
1.965211e+07
1.962078e+07
1.972880e+07
1.977766e+07
1.964272e+07
1.958678e+07
1.973458e+07
1.951104e+07
1.973418e+07
1.965639e+07
1.934496e+07
1.985025e+07
1.960551e+07
1.973236e+07
1.957097e+07
1.984245e+07
1.949672e+07
1.992488e+07
1.946027e+07
1.993026e+07
1.952426e+07
1.958867e+07
1.934500e+07
1.954548e+07
1.978226e+07
1.973869e+07
1.987698e+07
1.961578e+07
1.948701e+07
1.948802e+07
1.984191e+07
1.961704e+07
1.965344e+07
1.953211e+07
1.951367e+07
1.975762e+07
1.970097e+07
1.953320e+07
1.945144e+07
1.974516e+07
1.936445e+07
1.966403e+07
1.949765e+07
1.939909e+07
1.969389e+07
1.942506e+07
1.945271e+07
1.983414e+07
2.001270e+07
1.981412e+07
1.979254e+07
2.099700e+07
1.960644e+07
1.963003e+07
1.964748e+07
1.976129e+07
1.980072e+07
1.987920e+07
1.964915e+07
1.923153e+07
1.961017e+07
1.949383e+07
1.962122e+07
1.962621e+07
1.971522e+07
1.961051e+07
1.945175e+07
1.973781e+07
1.968679e+07
1.957526e+07
1.948576e+07
1.962437e+07
1.970642e+07
1.959834e+07
1.973207e+07
1.976011e+07
1.944895e+07
1.982685e+07
1.928592e+07
1.992903e+07
2.020693e+07
1.967001e+07
1.971854e+07
1.956527e+07
1.959978e+07
1.968028e+07
1.965335e+07
1.981713e+07
1.978315e+07
1.951944e+07
1.960530e+07
1.957021e+07
1.950620e+07
1.959219e+07
1.954450e+07
1.957731e+07
1.940137e+07
1.964212e+07
1.975312e+07
1.954328e+07
1.950542e+07
1.960716e+07
1.958634e+07
1.931146e+07
1.954792e+07
1.949106e+07
1.930871e+07
1.955960e+07
1.963072e+07
1.920857e+07
1.982824e+07
1.911410e+07
1.960112e+07
1.958759e+07
1.982885e+07
1.960512e+07
1.941236e+07
1.942363e+07
1.934800e+07
1.985429e+07
1.911012e+07
1.955146e+07
1.977129e+07
1.950457e+07
1.962370e+07
1.961775e+07
1.968073e+07
1.967432e+07
1.978884e+07
1.957935e+07
1.953253e+07
1.968566e+07
1.956061e+07
1.966622e+07
1.973540e+07
1.964493e+07
1.963626e+07
1.979214e+07
1.959941e+07
1.942090e+07
1.973912e+07
1.927031e+07
2.016944e+07
1.991081e+07
1.960720e+07
1.948329e+07
1.981238e+07
1.970109e+07
1.953529e+07
1.991637e+07
1.943264e+07
2.040593e+07
1.976074e+07
1.937507e+07
1.963609e+07
1.958194e+07
1.966577e+07
1.947984e+07
1.950388e+07
1.936548e+07
1.979561e+07
1.950553e+07
1.961596e+07
1.967224e+07
1.940252e+07
1.949602e+07
1.952352e+07
1.968036e+07
1.953661e+07
1.955218e+07
1.956279e+07
1.975473e+07
1.926776e+07
1.948245e+07
1.936840e+07
1.962099e+07
1.975371e+07
1.964760e+07
1.972143e+07
1.966608e+07
1.977903e+07
1.977772e+07
1.983909e+07
1.934607e+07
1.952401e+07
1.944401e+07
1.958181e+07
1.966752e+07
1.957874e+07
1.974331e+07
1.968747e+07
1.956970e+07
1.971499e+07
1.961083e+07
1.965339e+07
1.970939e+07
1.955282e+07
1.979877e+07
1.928489e+07
1.940670e+07
1.924002e+07
1.983379e+07
1.994297e+07
1.949484e+07
1.898220e+07
2.025087e+07
1.956844e+07
1.937693e+07
1.930469e+07
1.940242e+07
1.951909e+07
1.963127e+07
1.957552e+07
1.956974e+07
1.907245e+07
1.988703e+07
1.945563e+07
1.964182e+07
1.963455e+07
1.947536e+07
1.942462e+07
1.952736e+07
1.962116e+07
1.969687e+07
1.961200e+07
1.940676e+07
1.958300e+07
1.937637e+07
1.960194e+07
1.960427e+07
1.984341e+07
1.961150e+07
1.982301e+07
1.954038e+07
1.923549e+07
1.904789e+07
1.958036e+07
1.996840e+07
1.958735e+07
1.968431e+07
1.996630e+07
1.968287e+07
1.947267e+07
1.958280e+07
1.946020e+07
1.960001e+07
1.957946e+07
1.953925e+07
1.952638e+07
1.950149e+07
1.975174e+07
1.979378e+07
1.977277e+07
1.961325e+07
1.966413e+07
1.967624e+07
1.965443e+07
1.971714e+07
1.960178e+07
1.951291e+07
1.931834e+07
1.973927e+07
1.938546e+07
1.973011e+07
1.945215e+07
2.001570e+07
1.976291e+07
1.970538e+07
1.982976e+07
1.950494e+07
1.957455e+07
1.962262e+07
1.980846e+07
1.967882e+07
1.939745e+07
1.976713e+07
1.996809e+07
1.963159e+07
1.941490e+07
1.959672e+07
1.969633e+07
1.955125e+07
1.940578e+07
1.944961e+07
1.966871e+07
1.952144e+07
1.953708e+07
1.955703e+07
1.944552e+07
1.955565e+07
1.951921e+07
1.981928e+07
1.952093e+07
1.966539e+07
1.932338e+07
1.958117e+07
1.913154e+07
1.952364e+07
1.956283e+07
1.970144e+07
1.959637e+07
1.943820e+07
1.978499e+07
1.998622e+07
1.984884e+07
1.981394e+07
1.932521e+07
1.934828e+07
1.951003e+07
1.957177e+07
1.962022e+07
1.966418e+07
1.941493e+07
1.987098e+07
1.968866e+07
1.971386e+07
1.955626e+07
1.965392e+07
1.949078e+07
1.977131e+07
1.957990e+07
1.937561e+07
1.949169e+07
1.951838e+07
1.980078e+07
1.975474e+07
1.969285e+07
1.958335e+07
1.986002e+07
1.984149e+07
1.962225e+07
2.020637e+07
1.935390e+07
1.981843e+07
1.952557e+07
1.925505e+07
1.951793e+07
1.926808e+07
1.929512e+07
1.959260e+07
1.974582e+07
1.953266e+07
1.968025e+07
1.954136e+07
1.947861e+07
1.922750e+07
1.981790e+07
1.970189e+07
1.947135e+07
1.964618e+07
1.956107e+07
1.964527e+07
1.954538e+07
1.962473e+07
1.971379e+07
1.941733e+07
1.979886e+07
1.935340e+07
1.986423e+07
1.942288e+07
1.899683e+07
1.988769e+07
2.021038e+07
1.960463e+07
1.955434e+07
1.959430e+07
2.003020e+07
1.932531e+07
1.977855e+07
1.962656e+07
1.949973e+07
1.930124e+07
1.962335e+07
1.964282e+07
1.963818e+07
1.959964e+07
1.955594e+07
1.972841e+07
1.923414e+07
1.951956e+07
1.986338e+07
1.942452e+07
1.970920e+07
1.963796e+07
1.954117e+07
1.955341e+07
1.939387e+07
1.922456e+07
2.010924e+07
1.918842e+07
1.986313e+07
2.056721e+07
1.945242e+07
1.940877e+07
1.960702e+07
1.979054e+07
1.973972e+07
1.986346e+07
1.927918e+07
2.010937e+07
1.974651e+07
1.940832e+07
1.976566e+07
1.963685e+07
1.958197e+07
1.957970e+07
1.961347e+07
1.940876e+07
1.949350e+07
1.974724e+07
1.980239e+07
1.957867e+07
1.981867e+07
1.947163e+07
1.947320e+07
1.942501e+07
1.974463e+07
1.987533e+07
1.948955e+07
1.992745e+07
1.968518e+07
1.943004e+07
1.949932e+07
1.910210e+07
1.960933e+07
1.987839e+07
1.961656e+07
1.956020e+07
1.977652e+07
1.971162e+07
1.956820e+07
1.988614e+07
1.939939e+07
1.966011e+07
1.959127e+07
1.970097e+07
1.964201e+07
1.962330e+07
1.957212e+07
1.968958e+07
1.967469e+07
1.960064e+07
1.962453e+07
1.951078e+07
1.978309e+07
1.973473e+07
1.939442e+07
1.952279e+07
1.928126e+07
1.998334e+07
1.971322e+07
1.927581e+07
1.978945e+07
1.992571e+07
2.263477e+07
1.961134e+07
1.976132e+07
1.964953e+07
1.993099e+07
1.993148e+07
1.946223e+07
1.950571e+07
1.979063e+07
1.954676e+07
1.922386e+07
1.958249e+07
1.968176e+07
1.941824e+07
1.969925e+07
1.958304e+07
1.942334e+07
1.971026e+07
1.979717e+07
1.970944e+07
1.963214e+07
1.929185e+07
1.977199e+07
1.975216e+07
1.981862e+07
1.964600e+07
1.962132e+07
1.915011e+07
1.986392e+07
1.966181e+07
1.970796e+07
1.960099e+07
1.947828e+07
1.962698e+07
1.991700e+07
1.990857e+07
1.967722e+07
1.987451e+07
1.973592e+07
1.959847e+07
1.964512e+07
1.984610e+07
1.964102e+07
1.966131e+07
1.966422e+07
1.967310e+07
1.947821e+07
1.972024e+07
1.927396e+07
1.944173e+07
1.932769e+07
1.964631e+07
1.974201e+07
1.963047e+07
1.971025e+07
1.936612e+07
1.963197e+07
1.973370e+07
1.993172e+07
1.913866e+07
1.919132e+07
2.028631e+07
1.961601e+07
2.002814e+07
1.915491e+07
1.967017e+07
2.009431e+07
1.919907e+07
1.908334e+07
1.988598e+07
1.955624e+07
1.918797e+07
1.936288e+07
1.965522e+07
1.953867e+07
1.952470e+07
1.973885e+07
1.977949e+07
1.955774e+07
1.946195e+07
1.943557e+07
1.970909e+07
1.964686e+07
1.953458e+07
1.941267e+07
1.956754e+07
1.919074e+07
1.936602e+07
1.971060e+07
1.974831e+07
2.002822e+07
1.943504e+07
1.975707e+07
1.954937e+07
1.965600e+07
1.960332e+07
1.938871e+07
1.917963e+07
2.003605e+07
2.056728e+07
1.938854e+07
1.941588e+07
1.972717e+07
1.973414e+07
1.959907e+07
1.968493e+07
1.954316e+07
1.955218e+07
1.959255e+07
1.940162e+07
1.969640e+07
1.986585e+07
1.948582e+07
1.947193e+07
1.959810e+07
1.988888e+07
1.970127e+07
1.966989e+07
1.968596e+07
1.970320e+07
1.940793e+07
1.979385e+07
1.897443e+07
2.012669e+07
1.971471e+07
1.968453e+07
2.017601e+07
1.977611e+07
1.917142e+07
1.958738e+07
1.962289e+07
1.982425e+07
1.971374e+07
1.952830e+07
1.946679e+07
1.953119e+07
1.959080e+07
1.947718e+07
1.951813e+07
1.968498e+07
1.980762e+07
1.951270e+07
1.975167e+07
1.984062e+07
1.975771e+07
1.937839e+07
1.951648e+07
1.976620e+07
1.930586e+07
1.982585e+07
1.945310e+07
1.918468e+07
1.966916e+07
1.924146e+07
1.956236e+07
1.962050e+07
1.947486e+07
1.966489e+07
1.948872e+07
1.957839e+07
1.991452e+07
1.967195e+07
1.990552e+07
1.934192e+07
1.944303e+07
1.934690e+07
1.961091e+07
1.966471e+07
1.965800e+07
1.972025e+07
1.948862e+07
1.930509e+07
1.958205e+07
1.936297e+07
1.947072e+07
1.971641e+07
1.940594e+07
1.976977e+07
1.946968e+07
1.925256e+07
1.971037e+07
1.978182e+07
1.960093e+07
1.965663e+07
1.965109e+07
1.923218e+07
1.978125e+07
1.955467e+07
2.001768e+07
1.971473e+07
1.959392e+07
1.974512e+07
1.939915e+07
1.919649e+07
1.967153e+07
1.954655e+07
1.929739e+07
1.959464e+07
1.956833e+07
1.945966e+07
1.969868e+07
1.951149e+07
1.977058e+07
1.949570e+07
1.943430e+07
1.946612e+07
1.970507e+07
1.965123e+07
1.974101e+07
1.958677e+07
1.979554e+07
1.943541e+07
1.977782e+07
1.995162e+07
1.940712e+07
1.957266e+07
1.964332e+07
1.971748e+07
1.969455e+07
1.989537e+07
1.985633e+07
1.931514e+07
1.977570e+07
1.981640e+07
1.979279e+07
1.939632e+07
1.976264e+07
1.908399e+07
1.960505e+07
1.948682e+07
1.983692e+07
1.968593e+07
1.937741e+07
1.973345e+07
1.953250e+07
1.964664e+07
1.953699e+07
1.964656e+07
1.948283e+07
1.955357e+07
1.966652e+07
1.978778e+07
1.960214e+07
1.928455e+07
1.964124e+07
1.994068e+07
1.972692e+07
1.997164e+07
1.933941e+07
1.974485e+07
1.981076e+07
1.985142e+07
1.943886e+07
1.937224e+07
1.910817e+07
1.966334e+07
1.952033e+07
1.953340e+07
1.989941e+07
1.959649e+07
1.957416e+07
1.952511e+07
1.950697e+07
1.977097e+07
1.929276e+07
1.973839e+07
1.962680e+07
1.946120e+07
1.953346e+07
1.962958e+07
1.967387e+07
1.962880e+07
1.958167e+07
1.945082e+07
1.964690e+07
1.972578e+07
1.923301e+07
1.952787e+07
1.974811e+07
1.963336e+07
1.987763e+07
1.989960e+07
1.959262e+07
1.939725e+07
1.976548e+07
1.959899e+07
1.894500e+07
1.989062e+07
1.962367e+07
1.969973e+07
1.955336e+07
1.971999e+07
1.966261e+07
1.940792e+07
1.997569e+07
1.942120e+07
1.970686e+07
1.955822e+07
1.975276e+07
1.967648e+07
1.958454e+07
1.938077e+07
1.980542e+07
1.958531e+07
1.944653e+07
1.958330e+07
1.922222e+07
2.010955e+07
1.963520e+07
1.956476e+07
1.955891e+07
1.989714e+07
1.976159e+07
1.974256e+07
1.969406e+07
2.005215e+07
1.953852e+07
1.980225e+07
1.963076e+07
1.975386e+07
1.975427e+07
1.963749e+07
1.952604e+07
1.958050e+07
1.973110e+07
1.935408e+07
1.978201e+07
1.959947e+07
1.960707e+07
1.974795e+07
1.931594e+07
1.937922e+07
1.961301e+07
1.937351e+07
1.961325e+07
1.969231e+07
1.953050e+07
1.972748e+07
1.958168e+07
1.886542e+07
2.025836e+07
1.952936e+07
2.048508e+07
1.984889e+07
2.007681e+07
1.966924e+07
1.969487e+07
2.038454e+07
1.980359e+07
1.905399e+07
1.993573e+07
1.865079e+07
1.964287e+07
1.957940e+07
1.965200e+07
1.966336e+07
1.971573e+07
1.978504e+07
1.970554e+07
1.944782e+07
1.949679e+07
1.955267e+07
1.992362e+07
1.978177e+07
1.966870e+07
1.944658e+07
1.959536e+07
1.978923e+07
1.902197e+07
2.006789e+07
1.979636e+07
1.973472e+07
1.942513e+07
1.979090e+07
1.921957e+07
1.988033e+07
1.987153e+07
1.965490e+07
1.965072e+07
1.953056e+07
1.948071e+07
1.986264e+07
2.035876e+07
1.956059e+07
1.967033e+07
1.962846e+07
1.952682e+07
1.970134e+07
1.942349e+07
1.919538e+07
1.963171e+07
1.954591e+07
1.938336e+07
1.949440e+07
1.935427e+07
1.943524e+07
1.982738e+07
1.963136e+07
1.919719e+07
1.984816e+07
1.948907e+07
1.921106e+07
1.953406e+07
1.990581e+07
1.953468e+07
1.901084e+07
1.979265e+07
1.954449e+07
1.980307e+07
1.993036e+07
1.945728e+07
1.946792e+07
1.927489e+07
1.911005e+07
1.954326e+07
1.959769e+07
1.950998e+07
1.969153e+07
1.972453e+07
1.972201e+07
1.927827e+07
1.971035e+07
1.960460e+07
1.955074e+07
1.943319e+07
1.984635e+07
1.964682e+07
1.945094e+07
1.928943e+07
1.947440e+07
1.956238e+07
1.977245e+07
2.009823e+07
1.948255e+07
1.974093e+07
2.004283e+07
1.971287e+07
1.969684e+07
1.952473e+07
1.931627e+07
1.986424e+07
1.916681e+07
1.922258e+07
2.014270e+07
1.952791e+07
1.955677e+07
1.968737e+07
1.973512e+07
1.948900e+07
1.952746e+07
1.948277e+07
1.955917e+07
1.948563e+07
1.935621e+07
1.979594e+07
1.971632e+07
1.960680e+07
1.962314e+07
1.976784e+07
1.965514e+07
1.942646e+07
1.978170e+07
1.937556e+07
1.993972e+07
1.915255e+07
1.966772e+07
2.027560e+07
1.928994e+07
1.988349e+07
2.004196e+07
1.981766e+07
1.939925e+07
1.980829e+07
1.943526e+07
1.953462e+07
1.950773e+07
1.968489e+07
1.960761e+07
1.940754e+07
1.972721e+07
1.945074e+07
1.971731e+07
1.965889e+07
1.943315e+07
1.993833e+07
1.950276e+07
1.928417e+07
1.973678e+07
1.961069e+07
1.943446e+07
1.956392e+07
1.972426e+07
1.943569e+07
2.010164e+07
1.957192e+07
1.993572e+07
1.957539e+07
2.012107e+07
2.028917e+07
1.965639e+07
1.990226e+07
1.961666e+07
1.984338e+07
1.929454e+07
2.001126e+07
1.940113e+07
1.967133e+07
1.961911e+07
1.962007e+07
1.965750e+07
1.977039e+07
1.924672e+07
1.975393e+07
1.923180e+07
1.947073e+07
1.983356e+07
1.933609e+07
1.958171e+07
1.962004e+07
1.931610e+07
1.963305e+07
1.958649e+07
1.966532e+07
1.958865e+07
1.964236e+07
1.922446e+07
1.994743e+07
2.052312e+07
1.958406e+07
2.000768e+07
1.992241e+07
1.975134e+07
1.958777e+07
2.003746e+07
1.915506e+07
1.913838e+07
1.927122e+07
1.942524e+07
1.958664e+07
1.964073e+07
1.949610e+07
1.956492e+07
1.961297e+07
1.963147e+07
1.966112e+07
1.974273e+07
1.975000e+07
1.923801e+07
1.961911e+07
1.967949e+07
1.976529e+07
1.960352e+07
1.950627e+07
1.975375e+07
1.955187e+07
1.972953e+07
1.915342e+07
1.971161e+07
1.969806e+07
2.153717e+07
1.964430e+07
1.965327e+07
1.975333e+07
2.020205e+07
1.924036e+07
1.946980e+07
1.912133e+07
2.003995e+07
1.935303e+07
1.954448e+07
1.968477e+07
1.948153e+07
1.954662e+07
1.980149e+07
1.930809e+07
1.970796e+07
1.952167e+07
1.958928e+07
1.976312e+07
1.942641e+07
1.972915e+07
1.914751e+07
1.976214e+07
1.928269e+07
1.975251e+07
1.910328e+07
1.997949e+07
2.000353e+07
1.930671e+07
1.945979e+07
1.937097e+07
1.970388e+07
1.991911e+07
1.953339e+07
1.984851e+07
1.988777e+07
2.023075e+07
1.961847e+07
1.932969e+07
1.948428e+07
1.957081e+07
1.957568e+07
1.968160e+07
1.954329e+07
1.945869e+07
1.989341e+07
1.954781e+07
1.960922e+07
1.924425e+07
1.975205e+07
1.930662e+07
1.970523e+07
1.934074e+07
1.976602e+07
1.936288e+07
1.954283e+07
1.984080e+07
1.971779e+07
1.922706e+07
2.028828e+07
1.922311e+07
1.952668e+07
1.988234e+07
1.971356e+07
2.006208e+07
1.945348e+07
1.961532e+07
2.031127e+07
1.958608e+07
1.958637e+07
1.952418e+07
1.961796e+07
1.965768e+07
1.945733e+07
1.977016e+07
1.966031e+07
1.958544e+07
1.936045e+07
1.973278e+07
1.967820e+07
1.969413e+07
1.970745e+07
1.961529e+07
1.952377e+07
1.975904e+07
1.964769e+07
1.944574e+07
1.930223e+07
1.967349e+07
1.941596e+07
1.964192e+07
1.982322e+07
1.884746e+07
2.036928e+07
1.983633e+07
1.966422e+07
2.001376e+07
1.921741e+07
1.888768e+07
1.943614e+07
1.971801e+07
1.945891e+07
1.957237e+07
1.962728e+07
1.959352e+07
1.963482e+07
1.936518e+07
1.973612e+07
1.960907e+07
1.960588e+07
1.951829e+07
1.975714e+07
1.937127e+07
1.963671e+07
1.961948e+07
1.955648e+07
1.938420e+07
1.992566e+07
1.951408e+07
1.976935e+07
1.974257e+07
1.969692e+07
1.999031e+07
2.045727e+07
2.036646e+07
1.989049e+07
2.003290e+07
1.996262e+07
1.981875e+07
1.916761e+07
2.001855e+07
1.983088e+07
1.949782e+07
1.959667e+07
1.953694e+07
1.967146e+07
1.960399e+07
1.963608e+07
1.968166e+07
1.979661e+07
1.957441e+07
1.965771e+07
1.956842e+07
1.944552e+07
1.972173e+07
1.954433e+07
1.943783e+07
1.976586e+07
1.946479e+07
1.941348e+07
1.970909e+07
1.962687e+07
2.070730e+07
1.982721e+07
2.018177e+07
1.969426e+07
1.986087e+07
2.007064e+07
1.984810e+07
1.996106e+07
1.934080e+07
2.022004e+07
1.866746e+07
1.954796e+07
1.959185e+07
1.961509e+07
1.963469e+07
1.951123e+07
1.947140e+07
1.937198e+07
1.944429e+07
1.963861e+07
1.956770e+07
1.968837e+07
1.969480e+07
1.948086e+07
1.951021e+07
1.954719e+07
1.946164e+07
1.959774e+07
1.976659e+07
1.982043e+07
1.979518e+07
1.989694e+07
1.990837e+07
2.004072e+07
1.987430e+07
1.984120e+07
1.987939e+07
1.968464e+07
1.954354e+07
1.988362e+07
2.000283e+07
1.916353e+07
1.962359e+07
1.965498e+07
1.957055e+07
1.953477e+07
1.965458e+07
1.969970e+07
1.945066e+07
1.979109e+07
1.936473e+07
1.955586e+07
1.953442e+07
1.942217e+07
1.962009e+07
1.957567e+07
1.950291e+07
1.959152e+07
1.974114e+07
1.962295e+07
1.961709e+07
1.953960e+07
1.982053e+07
1.989848e+07
1.960748e+07
1.997175e+07
1.999654e+07
1.970203e+07
1.988499e+07
1.985790e+07
1.953879e+07
1.974491e+07
1.952444e+07
1.940441e+07
1.956638e+07
1.959965e+07
1.963350e+07
1.968051e+07
1.946024e+07
1.965780e+07
1.974123e+07
1.962123e+07
1.925815e+07
1.976599e+07
1.973701e+07
1.970325e+07
1.983619e+07
1.941857e+07
1.964274e+07
1.964643e+07
1.973318e+07
1.939489e+07
1.964057e+07
1.973269e+07
1.992977e+07
1.974679e+07
2.002466e+07
1.988985e+07
1.989965e+07
1.982967e+07
1.968706e+07
1.964636e+07
1.976220e+07
1.950313e+07
1.899623e+07
1.954642e+07
1.960343e+07
1.957691e+07
1.941702e+07
1.963791e+07
1.960670e+07
1.959648e+07
1.952190e+07
1.963326e+07
1.957541e+07
1.959387e+07
1.971095e+07
1.954237e+07
1.961323e+07
1.943530e+07
1.977526e+07
1.948196e+07
1.981411e+07
1.971533e+07
1.971691e+07
1.968516e+07
1.994617e+07
1.959138e+07
1.967711e+07
1.996031e+07
1.986019e+07
1.956977e+07
1.934052e+07
1.992980e+07
1.949043e+07
2.037184e+07
1.958615e+07
1.957960e+07
1.950967e+07
1.967837e+07
1.970141e+07
1.951410e+07
1.950708e+07
1.948216e+07
1.970816e+07
1.987128e+07
1.936938e+07
1.975137e+07
1.949633e+07
1.952032e+07
1.960487e+07
1.963401e+07
1.965145e+07
1.961257e+07
1.947439e+07
1.971033e+07
1.978877e+07
1.986875e+07
1.970785e+07
1.980789e+07
1.973133e+07
1.972381e+07
1.995044e+07
1.976612e+07
1.994395e+07
1.959871e+07
1.927743e+07
1.954763e+07
1.962081e+07
1.959677e+07
1.953201e+07
1.938913e+07
1.971572e+07
1.971542e+07
1.952234e+07
1.922826e+07
1.965489e+07
1.954505e+07
1.940276e+07
1.962786e+07
1.962469e+07
1.955809e+07
1.933739e+07
1.972903e+07
1.974889e+07
1.965708e+07
1.979770e+07
1.952623e+07
1.980512e+07
1.952720e+07
1.968356e+07
2.001074e+07
2.002627e+07
1.987054e+07
1.985504e+07
1.970561e+07
1.997966e+07
1.949874e+07
1.955437e+07
1.959816e+07
1.951368e+07
1.960545e+07
1.981851e+07
1.958587e+07
1.952834e+07
1.975290e+07
1.964442e+07
1.963262e+07
1.967709e+07
1.965790e+07
1.959033e+07
1.943261e+07
1.958104e+07
1.973078e+07
1.969625e+07
1.970021e+07
1.956052e+07
1.964340e+07
1.961566e+07
1.961585e+07
1.981919e+07
1.956444e+07
1.984302e+07
1.978304e+07
1.973197e+07
1.986315e+07
1.970172e+07
1.944768e+07
1.917105e+07
1.959729e+07
1.969217e+07
1.960040e+07
1.964997e+07
1.931658e+07
1.970019e+07
1.974776e+07
1.946220e+07
1.939401e+07
1.941313e+07
1.954951e+07
1.941249e+07
1.966993e+07
1.961308e+07
1.981433e+07
1.957478e+07
1.935755e+07
1.959249e+07
1.967602e+07
1.970278e+07
1.978301e+07
1.974573e+07
1.961806e+07
1.973028e+07
1.960451e+07
1.983324e+07
1.976788e+07
1.973700e+07
1.981040e+07
1.978461e+07
2.030657e+07
1.967787e+07
1.956518e+07
1.944036e+07
1.962655e+07
1.958998e+07
1.969451e+07
1.937640e+07
1.977530e+07
1.932958e+07
1.970110e+07
1.967402e+07
1.955425e+07
1.962823e+07
1.932512e+07
1.954557e+07
1.964797e+07
1.960265e+07
1.955874e+07
1.964160e+07
1.944146e+07
1.967214e+07
1.955207e+07
1.989633e+07
1.965163e+07
1.957789e+07
1.969545e+07
1.982364e+07
1.967914e+07
2.002325e+07
1.975519e+07
1.914276e+07
1.954550e+07
1.956854e+07
1.965411e+07
1.957213e+07
1.956678e+07
1.940554e+07
1.952304e+07
1.936878e+07
1.971360e+07
1.958095e+07
1.944078e+07
1.956456e+07
1.958566e+07
1.948122e+07
1.954477e+07
1.970049e+07
1.954114e+07
1.949675e+07
1.971540e+07
1.980462e+07
1.966536e+07
1.973035e+07
1.983857e+07
1.981616e+07
2.009396e+07
1.935591e+07
1.985712e+07
1.972034e+07
1.979679e+07
1.973211e+07
1.985462e+07
1.952454e+07
1.961167e+07
1.972355e+07
1.938216e+07
1.970141e+07
1.974067e+07
1.978062e+07
1.968981e+07
1.965727e+07
1.944266e+07
1.983396e+07
1.967612e+07
1.959022e+07
1.947674e+07
1.962750e+07
1.965603e+07
1.953292e+07
1.958520e+07
1.951492e+07
1.979785e+07
1.938802e+07
1.970685e+07
1.952922e+07
1.986522e+07
1.974956e+07
1.957791e+07
1.987492e+07
1.961642e+07
2.028882e+07
1.966177e+07
1.977541e+07
1.964120e+07
1.960274e+07
1.942258e+07
1.976721e+07
1.969048e+07
1.926980e+07
1.948442e+07
1.958300e+07
1.966334e+07
1.944348e+07
1.966123e+07
1.936477e+07
1.950147e+07
1.965824e+07
1.961845e+07
1.974659e+07
1.939674e+07
1.976677e+07
1.950511e+07
1.982055e+07
1.976692e+07
1.975376e+07
1.985067e+07
1.965740e+07
2.000018e+07
1.931656e+07
2.006875e+07
1.964811e+07
1.957136e+07
1.965543e+07
1.991753e+07
1.962120e+07
1.965201e+07
1.972353e+07
1.961062e+07
1.943947e+07
1.974861e+07
1.986964e+07
1.962324e+07
1.956421e+07
1.969408e+07
1.957468e+07
1.962267e+07
1.975129e+07
1.953202e+07
1.963212e+07
1.968257e+07
1.963232e+07
1.960073e+07
1.957464e+07
1.983700e+07
1.946513e+07
1.975315e+07
1.969943e+07
1.975804e+07
1.945012e+07
1.972837e+07
1.989910e+07
1.992786e+07
1.987899e+07
1.979101e+07
1.991398e+07
1.967762e+07
1.957642e+07
1.954761e+07
1.949918e+07
1.968647e+07
1.963410e+07
1.925270e+07
1.954418e+07
1.963577e+07
1.976731e+07
1.941918e+07
1.985383e+07
1.950466e+07
1.945899e+07
1.949639e+07
1.965180e+07
1.930584e+07
1.960583e+07
1.946195e+07
1.953461e+07
1.941094e+07
1.987032e+07
1.974103e+07
1.950249e+07
1.975418e+07
1.990119e+07
1.963080e+07
1.984015e+07
1.987395e+07
1.974926e+07
1.986788e+07
1.964757e+07
1.960038e+07
1.967982e+07
1.980162e+07
1.948805e+07
1.952880e+07
1.981787e+07
1.982759e+07
1.945484e+07
1.957626e+07
1.959446e+07
1.965121e+07
1.966881e+07
1.972592e+07
1.951797e+07
1.977528e+07
1.965830e+07
1.965282e+07
1.964952e+07
1.981698e+07
1.958297e+07
1.976608e+07
1.959787e+07
1.992798e+07
1.961991e+07
1.989597e+07
1.956796e+07
1.984984e+07
1.981001e+07
1.993835e+07
1.984633e+07
1.955578e+07
1.962890e+07
1.965033e+07
1.940143e+07
1.961315e+07
1.972715e+07
1.946827e+07
1.942117e+07
1.967022e+07
1.986296e+07
1.937673e+07
1.964733e+07
1.959502e+07
1.950023e+07
1.961939e+07
1.944458e+07
1.949369e+07
1.962860e+07
1.962262e+07
1.959323e+07
1.968377e+07
1.978585e+07
1.961929e+07
1.950170e+07
1.965265e+07
1.992117e+07
1.985629e+07
1.988949e+07
1.967286e+07
1.995259e+07
1.982200e+07
1.965504e+07
1.973663e+07
1.954047e+07
1.974643e+07
1.978055e+07
1.944622e+07
1.952691e+07
1.977529e+07
1.968300e+07
1.941288e+07
1.971884e+07
1.957436e+07
1.959832e+07
1.972647e+07
1.962564e+07
1.953932e+07
1.977506e+07
1.968458e+07
1.985761e+07
1.950300e+07
1.970066e+07
1.949538e+07
1.977544e+07
1.983915e+07
1.987295e+07
1.958497e+07
1.962081e+07
1.999299e+07
1.977450e+07
1.995768e+07
1.982530e+07
1.970313e+07
1.966125e+07
1.958296e+07
1.963351e+07
1.934684e+07
1.976434e+07
1.987915e+07
1.928215e+07
1.954316e+07
1.972692e+07
1.975912e+07
1.947202e+07
1.976820e+07
1.951315e+07
1.962918e+07
1.970529e+07
1.948505e+07
1.942027e+07
1.986101e+07
1.967440e+07
1.971920e+07
1.977962e+07
1.961956e+07
1.967307e+07
2.005839e+07
1.969338e+07
1.990587e+07
1.967691e+07
1.999831e+07
1.973099e+07
1.985068e+07
1.971186e+07
1.962908e+07
1.968399e+07
1.963041e+07
1.971736e+07
1.968768e+07
1.940910e+07
1.987808e+07
1.970707e+07
1.935300e+07
1.942008e+07
1.974570e+07
1.962016e+07
1.942192e+07
1.970868e+07
1.971079e+07
1.964258e+07
1.974885e+07
1.949937e+07
1.983285e+07
1.963131e+07
1.980346e+07
1.956199e+07
1.977917e+07
1.988282e+07
1.972739e+07
1.993824e+07
1.952654e+07
1.998052e+07
1.975840e+07
1.985895e+07
1.978326e+07
1.968742e+07
1.965427e+07
1.955953e+07
1.948038e+07
1.954704e+07
1.970997e+07
1.976809e+07
1.941618e+07
1.973473e+07
1.990130e+07
1.951634e+07
1.968133e+07
1.972482e+07
1.919372e+07
1.951546e+07
1.943630e+07
1.969430e+07
1.972301e+07
1.962018e+07
1.989437e+07
1.959846e+07
1.977855e+07
1.984928e+07
1.975798e+07
1.968690e+07
1.983590e+07
1.990147e+07
1.976995e+07
1.978079e+07
1.984448e+07
1.958222e+07
1.965538e+07
1.965665e+07
1.961339e+07
1.976756e+07
1.969731e+07
1.952605e+07
1.945229e+07
1.982265e+07
1.980485e+07
1.936928e+07
1.979043e+07
1.973050e+07
1.972314e+07
1.981562e+07
1.989272e+07
1.983590e+07
1.940805e+07
1.948598e+07
2.001797e+07
1.958956e+07
1.936266e+07
1.983200e+07
1.954601e+07
1.980008e+07
1.966435e+07
1.986858e+07
1.971794e+07
1.972064e+07
1.983393e+07
1.981896e+07
1.966612e+07
1.973707e+07
1.962043e+07
1.973337e+07
1.966144e+07
1.944029e+07
1.969642e+07
1.980738e+07
1.948600e+07
1.953550e+07
1.973743e+07
1.975613e+07
1.975663e+07
1.951828e+07
1.986902e+07
1.965033e+07
1.973248e+07
1.967121e+07
1.989354e+07
1.972464e+07
1.968557e+07
1.962996e+07
1.984218e+07
1.950401e+07
1.975696e+07
1.976564e+07
1.981698e+07
1.973943e+07
1.978560e+07
1.982667e+07
1.981005e+07
1.973388e+07
1.951887e+07
1.952266e+07
1.939547e+07
1.956562e+07
1.968488e+07
1.977566e+07
1.941587e+07
1.947251e+07
1.977379e+07
1.969042e+07
1.937985e+07
1.980080e+07
1.972863e+07
1.970398e+07
1.958284e+07
1.957102e+07
1.980327e+07
1.981776e+07
1.962584e+07
1.977575e+07
1.991333e+07
1.966737e+07
1.968574e+07
1.994156e+07
1.973764e+07
1.980765e+07
1.971527e+07
1.979543e+07
1.974077e+07
1.981000e+07
1.967740e+07
1.954594e+07
1.965106e+07
1.983876e+07
1.938998e+07
1.978028e+07
1.940328e+07
1.979267e+07
1.983634e+07
1.944898e+07
1.947863e+07
1.977549e+07
1.969015e+07
1.963992e+07
1.989916e+07
1.975527e+07
1.962891e+07
1.964708e+07
1.950090e+07
1.968556e+07
1.974570e+07
1.966881e+07
1.976478e+07
1.985334e+07
1.947675e+07
1.958453e+07
1.966891e+07
1.977145e+07
1.990277e+07
1.974997e+07
1.979088e+07
1.964470e+07
1.962382e+07
1.963068e+07
1.964383e+07
1.982885e+07
1.972868e+07
1.947698e+07
1.978698e+07
1.925536e+07
1.974473e+07
1.971538e+07
1.946573e+07
1.958165e+07
1.980399e+07
1.942548e+07
1.951360e+07
1.944119e+07
1.988466e+07
1.984343e+07
1.959652e+07
1.955127e+07
1.973958e+07
1.964650e+07
1.966382e+07
1.991006e+07
1.986444e+07
1.950417e+07
1.985648e+07
1.969002e+07
1.982239e+07
1.977012e+07
1.952239e+07
1.954459e+07
1.960056e+07
1.969448e+07
1.969483e+07
1.959751e+07
1.970834e+07
1.960851e+07
1.960059e+07
1.994583e+07
1.941069e+07
1.956363e+07
1.984831e+07
1.980088e+07
1.980941e+07
1.985735e+07
1.958972e+07
1.969559e+07
1.948792e+07
1.972440e+07
1.962797e+07
1.952331e+07
1.971696e+07
1.967137e+07
1.973589e+07
1.987873e+07
1.990443e+07
1.990051e+07
1.974707e+07
1.985959e+07
1.972724e+07
1.959308e+07
1.971389e+07
1.977572e+07
1.945158e+07
1.963622e+07
1.975042e+07
1.965540e+07
1.955794e+07
1.982617e+07
1.940912e+07
1.978483e+07
1.976962e+07
1.940299e+07
1.985090e+07
1.938021e+07
1.962569e+07
1.951965e+07
1.942889e+07
1.981041e+07
1.947742e+07
1.975896e+07
1.976296e+07
1.977545e+07
1.974146e+07
1.945964e+07
1.967023e+07
1.977098e+07
1.971853e+07
1.945088e+07
1.994166e+07
1.970064e+07
1.969418e+07
1.963038e+07
1.946940e+07
1.974063e+07
1.982361e+07
1.941280e+07
1.967922e+07
1.953735e+07
1.973429e+07
1.977915e+07
1.969329e+07
1.960845e+07
1.977476e+07
1.975436e+07
1.955530e+07
1.972533e+07
1.996317e+07
1.972500e+07
1.974236e+07
1.945799e+07
1.989437e+07
1.945877e+07
1.979842e+07
1.976002e+07
1.980822e+07
1.973839e+07
1.952714e+07
1.985449e+07
1.976625e+07
1.979262e+07
1.977969e+07
1.968133e+07
1.959498e+07
1.978067e+07
1.974590e+07
1.947194e+07
1.985056e+07
1.975650e+07
1.947603e+07
1.962956e+07
1.957450e+07
1.958109e+07
1.956181e+07
1.952807e+07
1.973347e+07
1.944471e+07
1.959049e+07
1.968827e+07
1.971829e+07
1.981030e+07
1.987857e+07
1.971054e+07
1.976461e+07
1.974185e+07
1.968294e+07
1.972462e+07
1.988117e+07
1.969740e+07
1.957211e+07
1.979194e+07
1.966695e+07
1.980745e+07
1.977257e+07
1.959256e+07
1.965912e+07
1.940570e+07
1.976442e+07
1.983344e+07
1.949915e+07
1.972371e+07
1.967105e+07
1.955644e+07
1.970090e+07
1.953764e+07
1.963632e+07
1.979600e+07
1.980476e+07
1.946360e+07
1.950331e+07
1.970787e+07
1.930945e+07
1.979116e+07
1.976960e+07
1.949621e+07
1.967838e+07
1.975204e+07
1.963460e+07
1.959871e+07
1.989572e+07
1.982179e+07
1.975122e+07
1.975912e+07
1.978692e+07
1.967731e+07
1.957903e+07
1.970430e+07
1.977709e+07
1.973727e+07
1.944133e+07
1.983786e+07
1.981494e+07
1.926786e+07
1.937097e+07
1.980601e+07
1.953941e+07
1.943150e+07
1.973614e+07
1.942719e+07
1.973088e+07
1.974108e+07
1.970008e+07
1.990100e+07
1.977587e+07
1.940067e+07
1.999232e+07
1.973085e+07
1.953519e+07
1.966915e+07
1.977065e+07
1.960742e+07
1.969730e+07
1.969056e+07
1.978897e+07
1.978576e+07
1.967606e+07
1.979859e+07
1.970928e+07
1.951000e+07
1.950943e+07
1.969362e+07
1.969201e+07
1.943456e+07
1.987388e+07
1.995255e+07
1.956761e+07
1.971318e+07
1.972881e+07
1.985959e+07
1.934278e+07
1.986544e+07
1.948394e+07
1.958685e+07
1.983649e+07
1.997488e+07
1.957410e+07
1.978856e+07
1.961834e+07
1.985037e+07
1.968480e+07
1.970805e+07
1.955317e+07
1.999206e+07
1.953746e+07
1.976837e+07
1.977168e+07
1.980923e+07
1.968695e+07
1.950004e+07
1.978902e+07
1.971374e+07
1.969269e+07
1.948539e+07
1.978514e+07
1.974578e+07
1.955576e+07
1.982572e+07
1.954170e+07
1.937416e+07
1.977594e+07
1.980870e+07
1.977156e+07
1.987969e+07
1.966526e+07
1.947200e+07
1.962678e+07
1.987926e+07
1.946120e+07
1.974661e+07
1.982043e+07
1.972502e+07
1.973929e+07
1.980589e+07
1.962923e+07
1.960858e+07
1.988682e+07
1.979699e+07
1.974725e+07
1.957674e+07
1.981909e+07
1.979180e+07
1.934635e+07
1.962724e+07
1.966113e+07
1.978833e+07
1.934277e+07
1.975299e+07
1.966534e+07
1.966302e+07
1.968450e+07
1.939955e+07
1.970420e+07
1.956318e+07
1.967682e+07
1.956741e+07
1.981054e+07
1.971294e+07
1.968129e+07
1.961115e+07
1.969611e+07
1.992540e+07
1.957328e+07
1.961160e+07
1.975005e+07
1.972264e+07
1.978844e+07
1.965186e+07
1.976863e+07
1.964067e+07
1.965119e+07
1.975451e+07
1.942909e+07
1.981988e+07
1.977478e+07
1.951715e+07
1.969854e+07
1.961273e+07
1.971869e+07
1.951401e+07
1.972916e+07
1.971486e+07
1.952672e+07
1.975461e+07
1.955647e+07
1.958290e+07
1.969164e+07
1.961716e+07
1.973103e+07
1.968180e+07
1.962086e+07
1.955448e+07
1.983320e+07
1.970354e+07
1.951840e+07
1.969524e+07
1.971633e+07
1.965987e+07
1.983410e+07
1.976233e+07
1.965057e+07
1.969333e+07
1.958111e+07
1.973715e+07
1.978310e+07
1.940230e+07
1.960729e+07
1.968370e+07
1.963855e+07
1.960966e+07
1.984075e+07
1.951647e+07
1.969101e+07
1.975521e+07
1.968947e+07
1.956266e+07
1.979906e+07
1.972679e+07
1.979834e+07
1.961559e+07
1.973795e+07
1.964121e+07
1.946664e+07
1.958755e+07
1.952333e+07
1.979182e+07
1.964989e+07
1.993934e+07
1.970116e+07
1.976152e+07
1.973272e+07
1.972163e+07
1.969259e+07
1.968775e+07
1.951837e+07
1.941591e+07
1.986979e+07
1.975905e+07
1.969870e+07
1.943683e+07
1.951356e+07
1.976662e+07
1.956407e+07
1.971274e+07
1.927874e+07
1.971198e+07
1.959544e+07
1.962588e+07
1.948946e+07
1.962906e+07
1.972604e+07
1.954515e+07
1.962704e+07
1.982963e+07
1.957088e+07
1.970209e+07
1.981346e+07
1.964951e+07
1.938956e+07
1.979245e+07
1.971067e+07
1.979027e+07
1.963453e+07
1.958351e+07
1.961860e+07
1.968911e+07
1.972586e+07
1.954397e+07
1.936904e+07
1.980161e+07
1.962692e+07
1.960167e+07
1.959408e+07
1.989302e+07
1.974040e+07
1.969987e+07
1.956037e+07
1.945813e+07
1.983713e+07
1.968865e+07
1.977435e+07
1.971714e+07
1.970418e+07
1.980085e+07
1.973466e+07
1.962494e+07
1.973051e+07
1.956369e+07
1.993836e+07
1.972350e+07
1.980014e+07
1.970937e+07
1.976680e+07
1.965054e+07
1.966740e+07
1.973207e+07
1.954312e+07
1.953548e+07
1.963204e+07
1.972223e+07
1.975935e+07
1.931202e+07
1.982963e+07
1.954079e+07
1.983207e+07
1.939806e+07
1.974729e+07
1.983708e+07
1.972924e+07
2.002928e+07
1.940287e+07
1.950510e+07
1.962815e+07
1.972806e+07
1.950346e+07
1.963708e+07
1.949573e+07
1.967950e+07
1.979353e+07
1.966656e+07
1.959742e+07
1.960709e+07
1.984605e+07
1.970686e+07
1.964759e+07
1.958147e+07
1.961364e+07
1.963255e+07
1.982592e+07
1.953836e+07
1.942919e+07
1.955679e+07
1.974906e+07
1.961332e+07
1.955493e+07
1.978256e+07
1.945561e+07
1.964589e+07
1.931698e+07
1.972962e+07
1.942336e+07
1.988934e+07
1.981956e+07
1.959144e+07
1.977164e+07
1.963241e+07
1.976811e+07
1.974973e+07
1.971224e+07
1.972871e+07
1.966797e+07
1.984751e+07
1.974394e+07
1.979369e+07
1.972527e+07
1.968861e+07
1.959743e+07
1.971144e+07
1.958202e+07
1.961312e+07
1.965003e+07
1.957809e+07
1.952783e+07
1.979540e+07
1.956754e+07
1.983250e+07
1.942267e+07
1.977684e+07
1.980199e+07
1.951184e+07
1.977594e+07
1.966927e+07
1.975336e+07
1.936744e+07
1.982655e+07
1.959345e+07
1.969890e+07
1.949999e+07
1.949098e+07
1.969890e+07
1.964493e+07
1.957341e+07
1.969392e+07
1.955542e+07
1.981221e+07
1.974455e+07
1.956766e+07
1.964870e+07
1.964456e+07
1.958685e+07
1.963886e+07
1.956244e+07
1.993386e+07
1.948049e+07
1.941816e+07
1.974182e+07
1.981073e+07
1.959586e+07
1.994113e+07
1.938590e+07
1.983903e+07
1.953712e+07
1.968752e+07
1.943342e+07
1.967390e+07
1.989641e+07
1.946574e+07
1.969318e+07
1.955065e+07
1.963493e+07
1.956506e+07
1.973849e+07
1.959725e+07
1.981971e+07
1.969143e+07
1.977474e+07
1.972593e+07
1.964397e+07
1.974579e+07
1.950885e+07
1.959377e+07
1.975627e+07
1.952273e+07
1.967913e+07
1.934666e+07
1.980635e+07
1.952472e+07
1.945397e+07
1.970558e+07
1.966711e+07
1.979364e+07
1.983577e+07
1.964204e+07
1.972291e+07
1.973174e+07
1.937341e+07
1.927391e+07
1.991880e+07
1.973444e+07
1.959133e+07
1.984971e+07
1.975831e+07
1.961000e+07
1.983870e+07
1.957580e+07
1.961484e+07
1.979297e+07
1.975870e+07
1.964959e+07
1.961784e+07
1.955714e+07
1.978668e+07
1.942100e+07
1.974477e+07
1.973788e+07
1.978425e+07
1.951249e+07
1.951584e+07
1.949200e+07
1.981000e+07
1.940706e+07
1.978178e+07
1.947550e+07
1.959059e+07
1.965062e+07
1.959421e+07
1.975164e+07
1.984263e+07
1.935398e+07
1.969859e+07
1.959203e+07
1.966034e+07
1.969127e+07
1.966189e+07
1.971671e+07
1.986504e+07
1.959628e+07
1.973662e+07
1.975029e+07
1.963518e+07
1.965989e+07
1.962969e+07
1.961996e+07
1.957842e+07
1.964145e+07
1.947622e+07
1.991310e+07
1.969335e+07
1.982182e+07
1.945077e+07
1.971102e+07
1.943890e+07
1.974562e+07
1.949590e+07
1.998345e+07
1.960140e+07
1.952833e+07
1.981493e+07
1.963189e+07
1.969639e+07
1.958322e+07
1.980502e+07
1.970666e+07
1.964571e+07
1.977380e+07
1.956537e+07
1.972574e+07
1.949906e+07
1.992207e+07
1.969115e+07
1.967488e+07
1.961324e+07
1.960752e+07
1.954005e+07
1.974010e+07
1.961512e+07
1.962721e+07
1.966213e+07
1.933301e+07
1.959949e+07
1.974468e+07
1.976665e+07
1.975155e+07
1.949731e+07
1.990711e+07
1.982111e+07
1.948891e+07
1.980312e+07
1.941915e+07
1.984410e+07
1.975970e+07
1.960133e+07
1.957415e+07
1.978422e+07
1.955794e+07
1.979747e+07
1.977469e+07
1.986623e+07
1.971907e+07
1.976037e+07
1.969402e+07
1.962735e+07
1.955794e+07
1.973781e+07
1.967064e+07
1.960726e+07
1.949923e+07
1.966546e+07
1.958635e+07
1.980675e+07
1.976942e+07
1.948216e+07
1.960934e+07
1.981940e+07
1.976008e+07
1.974909e+07
1.953935e+07
1.949650e+07
1.972783e+07
1.944965e+07
1.968413e+07
1.949088e+07
1.983877e+07
1.954110e+07
1.972190e+07
1.959761e+07
1.976843e+07
1.966738e+07
1.948863e+07
1.953409e+07
1.981451e+07
1.972964e+07
1.965245e+07
1.967434e+07
1.963170e+07
1.950401e+07
1.972571e+07
1.966783e+07
1.967435e+07
1.959319e+07
1.944096e+07
1.948726e+07
1.972938e+07
1.980507e+07
1.928887e+07
1.948635e+07
1.932573e+07
1.958636e+07
1.978341e+07
1.957011e+07
1.977908e+07
1.939831e+07
1.964088e+07
1.976303e+07
1.950821e+07
1.957611e+07
1.954859e+07
1.973904e+07
1.979111e+07
1.981480e+07
1.962120e+07
1.978414e+07
1.974529e+07
1.964641e+07
1.963077e+07
1.960295e+07
1.980198e+07
1.963721e+07
1.955858e+07
1.957412e+07
1.970455e+07
1.965606e+07
1.965817e+07
1.976846e+07
1.952947e+07
1.982761e+07
1.982157e+07
1.970664e+07
1.980619e+07
1.966978e+07
1.965896e+07
1.933341e+07
1.986784e+07
1.977587e+07
1.946984e+07
1.962250e+07
1.982074e+07
1.962461e+07
1.979783e+07
1.950245e+07
1.965915e+07
1.961406e+07
1.978941e+07
1.973861e+07
1.963025e+07
1.971511e+07
1.965655e+07
1.959984e+07
1.950374e+07
1.986497e+07
1.970742e+07
1.945762e+07
1.973658e+07
1.940970e+07
1.953208e+07
1.950812e+07
1.972711e+07
1.935477e+07
1.946155e+07
1.955129e+07
1.968139e+07
1.945127e+07
1.985639e+07
1.967763e+07
1.937578e+07
1.976572e+07
1.977165e+07
1.943205e+07
1.964276e+07
1.966244e+07
1.968331e+07
1.969068e+07
1.986952e+07
1.966818e+07
1.972473e+07
1.965055e+07
1.968158e+07
1.950408e+07
1.974673e+07
1.979973e+07
1.944934e+07
1.947601e+07
1.980765e+07
1.961055e+07
1.970346e+07
1.977232e+07
1.956362e+07
1.955333e+07
1.987184e+07
1.939366e+07
1.975449e+07
1.975677e+07
1.956686e+07
1.982179e+07
1.971236e+07
1.980248e+07
1.956661e+07
1.956577e+07
1.978296e+07
1.967245e+07
1.966547e+07
1.969529e+07
1.960736e+07
1.958702e+07
1.977194e+07
1.976882e+07
1.964579e+07
1.963127e+07
1.971456e+07
1.967574e+07
1.946982e+07
1.969618e+07
1.985402e+07
1.948078e+07
1.957676e+07
1.964243e+07
1.941593e+07
1.968611e+07
1.946168e+07
1.974274e+07
1.968442e+07
1.955360e+07
1.945812e+07
1.966064e+07
1.962464e+07
1.969458e+07
1.948104e+07
1.983894e+07
1.949660e+07
1.975305e+07
1.941183e+07
1.960556e+07
1.962883e+07
1.987775e+07
1.965369e+07
1.973192e+07
1.975212e+07
1.969566e+07
1.959777e+07
1.964449e+07
1.953244e+07
1.977392e+07
1.970703e+07
1.949715e+07
1.977610e+07
1.964689e+07
1.959846e+07
1.968583e+07
1.979004e+07
1.950194e+07
1.964349e+07
1.988424e+07
1.978080e+07
1.970898e+07
1.969399e+07
1.966211e+07
1.937684e+07
1.953660e+07
1.969832e+07
1.961109e+07
1.958710e+07
1.980254e+07
1.978150e+07
1.970692e+07
1.958049e+07
1.960310e+07
1.973719e+07
1.976424e+07
1.966195e+07
1.958675e+07
1.970185e+07
1.967291e+07
1.962745e+07
1.952324e+07
1.974309e+07
1.981947e+07
1.943688e+07
1.950386e+07
1.965181e+07
1.960945e+07
1.967130e+07
1.979983e+07
1.934299e+07
1.942997e+07
1.948967e+07
1.974622e+07
1.965581e+07
1.986071e+07
1.967004e+07
1.990994e+07
1.972836e+07
1.975647e+07
1.958487e+07
1.941365e+07
1.973121e+07
1.968516e+07
1.984812e+07
1.975153e+07
1.969176e+07
1.961478e+07
1.968622e+07
1.962969e+07
1.959655e+07
1.962427e+07
1.976072e+07
1.964315e+07
1.948054e+07
1.964083e+07
1.990344e+07
1.944569e+07
1.964667e+07
1.977470e+07
1.956116e+07
1.984261e+07
1.983050e+07
1.975313e+07
1.940923e+07
1.973165e+07
1.966641e+07
1.980868e+07
1.959527e+07
1.978316e+07
1.961595e+07
1.973156e+07
1.987088e+07
1.975542e+07
1.975726e+07
1.944578e+07
1.974174e+07
1.976211e+07
1.966614e+07
1.970378e+07
1.951093e+07
1.973496e+07
1.966920e+07
1.959538e+07
1.947217e+07
1.983154e+07
1.972086e+07
1.946114e+07
1.971382e+07
1.975679e+07
1.922735e+07
1.967647e+07
1.984462e+07
1.934333e+07
1.963376e+07
1.934887e+07
1.994495e+07
1.955378e+07
1.935854e+07
1.981317e+07
1.971038e+07
1.951786e+07
1.967527e+07
1.938730e+07
1.973234e+07
1.975623e+07
1.987622e+07
1.959294e+07
1.978027e+07
1.959068e+07
1.964479e+07
1.961847e+07
1.970705e+07
1.942852e+07
1.984516e+07
1.970079e+07
1.954354e+07
1.947410e+07
1.981308e+07
1.970486e+07
1.948406e+07
1.967466e+07
1.951121e+07
1.954352e+07
1.959832e+07
1.988509e+07
1.978396e+07
1.957469e+07
1.967454e+07
1.942416e+07
1.976234e+07
1.956337e+07
1.956212e+07
1.951854e+07
1.962897e+07
1.991726e+07
1.950335e+07
1.960074e+07
1.967931e+07
1.974379e+07
1.958717e+07
1.975593e+07
1.960173e+07
1.960110e+07
1.974408e+07
1.956921e+07
1.949127e+07
1.978420e+07
1.977434e+07
1.961889e+07
1.940700e+07
1.954777e+07
1.988388e+07
1.949264e+07
1.962912e+07
1.977403e+07
1.933729e+07
1.931954e+07
1.983787e+07
1.974545e+07
1.975477e+07
1.994612e+07
1.939302e+07
1.980146e+07
1.968368e+07
1.959740e+07
1.959508e+07
1.972935e+07
1.980936e+07
1.975667e+07
1.967471e+07
1.970508e+07
1.967152e+07
1.950862e+07
1.971133e+07
1.959931e+07
1.962047e+07
1.984788e+07
1.948548e+07
1.954566e+07
1.974951e+07
1.977217e+07
1.978646e+07
1.941848e+07
1.996835e+07
1.972939e+07
1.953371e+07
1.984836e+07
1.980244e+07
1.954711e+07
1.989041e+07
1.956711e+07
1.952193e+07
1.976600e+07
1.952479e+07
1.975247e+07
1.975633e+07
1.958042e+07
1.975651e+07
1.952793e+07
1.971103e+07
1.973984e+07
1.968126e+07
1.956777e+07
1.973383e+07
1.980157e+07
1.944310e+07
1.970132e+07
1.945293e+07
1.977929e+07
1.978604e+07
1.949712e+07
1.943937e+07
1.980330e+07
1.977637e+07
1.943235e+07
1.928892e+07
1.987124e+07
1.958237e+07
1.936581e+07
2.000253e+07
1.935063e+07
1.975688e+07
1.939636e+07
1.975806e+07
1.964414e+07
1.970829e+07
1.954307e+07
1.967712e+07
1.965301e+07
1.981028e+07
1.970570e+07
1.973044e+07
1.963027e+07
1.968213e+07
1.963761e+07
1.945640e+07
1.973764e+07
1.972378e+07
1.952686e+07
1.969807e+07
1.940941e+07
1.973085e+07
1.986181e+07
1.955074e+07
1.959761e+07
1.986253e+07
1.965843e+07
1.951641e+07
1.967715e+07
1.956101e+07
1.989922e+07
1.923976e+07
1.973879e+07
1.943468e+07
1.991524e+07
1.960808e+07
1.959029e+07
1.957090e+07
1.980501e+07
1.963932e+07
1.960993e+07
1.968760e+07
1.972387e+07
1.963021e+07
1.963632e+07
1.959786e+07
1.970494e+07
1.983236e+07
1.937333e+07
1.977541e+07
1.952189e+07
1.975801e+07
1.970249e+07
1.939690e+07
1.960510e+07
1.977705e+07
1.960469e+07
1.955041e+07
1.978863e+07
1.939973e+07
1.960336e+07
1.945668e+07
1.975610e+07
1.980662e+07
1.932102e+07
1.966104e+07
1.937073e+07
1.988705e+07
1.960839e+07
1.972764e+07
1.948068e+07
1.999645e+07
1.951029e+07
1.973389e+07
1.964274e+07
1.967632e+07
1.968967e+07
1.958480e+07
1.944392e+07
1.976810e+07
1.984902e+07
1.938651e+07
1.972075e+07
1.950620e+07
1.977382e+07
1.977773e+07
1.942580e+07
1.961570e+07
1.960484e+07
1.993728e+07
1.946638e+07
1.971158e+07
1.968559e+07
1.965024e+07
1.942146e+07
1.972266e+07
1.979675e+07
1.969357e+07
1.947081e+07
1.975343e+07
1.973012e+07
1.954969e+07
1.982007e+07
1.960120e+07
1.974552e+07
1.970920e+07
1.962487e+07
1.957608e+07
1.965621e+07
1.974498e+07
1.963899e+07
1.942003e+07
1.986037e+07
1.973615e+07
1.939135e+07
1.975638e+07
1.942572e+07
1.989112e+07
1.980378e+07
1.932466e+07
1.943174e+07
1.977737e+07
1.975185e+07
1.941646e+07
1.969080e+07
1.977865e+07
1.976535e+07
1.937156e+07
1.966041e+07
1.982326e+07
1.967135e+07
1.972189e+07
1.970420e+07
1.965671e+07
1.975518e+07
1.970629e+07
1.965424e+07
1.959092e+07
1.974385e+07
1.965337e+07
1.954885e+07
1.949282e+07
1.979992e+07
1.965392e+07
1.950596e+07
1.977704e+07
1.956626e+07
1.964955e+07
1.958664e+07
1.947632e+07
1.971824e+07
1.974997e+07
1.928760e+07
1.949506e+07
1.979397e+07
1.968331e+07
1.943946e+07
1.952592e+07
1.982038e+07
1.990725e+07
1.936428e+07
1.976714e+07
1.957136e+07
1.970411e+07
1.959266e+07
1.978137e+07
1.963908e+07
1.963660e+07
1.963957e+07
1.968547e+07
1.948760e+07
1.978016e+07
1.968107e+07
1.959624e+07
1.947077e+07
1.969996e+07
1.986372e+07
1.936087e+07
1.974163e+07
1.936477e+07
1.983216e+07
1.958271e+07
1.959780e+07
1.972660e+07
1.959171e+07
1.965850e+07
1.955865e+07
1.966389e+07
1.979823e+07
1.935120e+07
1.948638e+07
1.979312e+07
1.979543e+07
1.953727e+07
1.973242e+07
1.965868e+07
1.974164e+07
1.969441e+07
1.966045e+07
1.958655e+07
1.961654e+07
1.970101e+07
1.966543e+07
1.946224e+07
1.967194e+07
1.982604e+07
1.959678e+07
1.944152e+07
1.972617e+07
1.979376e+07
1.936043e+07
1.979501e+07
1.938022e+07
1.976823e+07
1.977618e+07
1.942087e+07
1.951677e+07
1.970036e+07
1.971379e+07
1.964847e+07
1.981052e+07
1.980837e+07
1.971923e+07
1.949748e+07
1.968071e+07
1.970464e+07
1.964445e+07
1.970113e+07
1.967512e+07
1.959524e+07
1.972868e+07
1.967162e+07
1.959868e+07
1.946625e+07
1.979390e+07
1.976018e+07
1.942913e+07
1.961665e+07
1.978803e+07
1.961867e+07
1.944549e+07
1.981805e+07
1.949623e+07
1.968313e+07
1.976332e+07
1.942856e+07
1.961885e+07
1.976723e+07
1.960546e+07
1.939847e+07
1.975232e+07
1.956007e+07
1.947129e+07
1.965337e+07
1.991047e+07
1.962932e+07
1.961995e+07
1.970531e+07
1.968176e+07
1.970643e+07
1.964395e+07
1.966879e+07
1.946036e+07
1.969388e+07
1.976280e+07
1.949590e+07
1.943501e+07
1.978772e+07
1.981918e+07
1.944303e+07
1.957256e+07
1.966972e+07
1.973381e+07
1.946668e+07
1.966126e+07
1.951362e+07
1.982109e+07
1.978367e+07
1.951430e+07
1.978866e+07
1.932209e+07
1.973013e+07
1.957360e+07
1.980338e+07
1.988677e+07
1.945795e+07
1.960245e+07
1.972404e+07
1.971670e+07
1.969631e+07
1.969118e+07
1.963683e+07
1.961787e+07
1.973970e+07
1.970444e+07
1.946155e+07
1.966984e+07
1.981919e+07
1.950611e+07
1.944354e+07
1.974016e+07
1.986904e+07
1.950106e+07
1.947890e+07
1.972019e+07
1.970202e+07
1.945761e+07
1.964236e+07
1.927355e+07
1.992501e+07
1.974788e+07
1.978724e+07
1.957555e+07
1.961173e+07
1.962348e+07
1.953040e+07
1.982565e+07
1.974999e+07
1.959758e+07
1.964490e+07
1.970537e+07
1.966782e+07
1.967215e+07
1.959054e+07
1.962856e+07
1.950298e+07
1.975503e+07
1.969206e+07
1.944851e+07
1.962952e+07
1.974102e+07
1.963875e+07
1.938701e+07
1.971311e+07
1.987620e+07
1.945088e+07
1.958396e+07
1.965484e+07
1.962962e+07
1.971363e+07
1.965019e+07
1.934359e+07
1.984325e+07
1.961934e+07
1.953343e+07
1.971006e+07
1.955197e+07
1.966163e+07
1.940140e+07
1.983998e+07
1.963732e+07
1.971747e+07
1.972249e+07
1.965162e+07
1.958059e+07
1.968456e+07
1.969060e+07
1.967238e+07
1.948261e+07
1.975006e+07
1.977544e+07
1.943571e+07
1.951948e+07
1.980878e+07
1.969840e+07
1.933522e+07
1.975530e+07
1.964742e+07
1.956934e+07
1.959423e+07
1.955819e+07
1.952730e+07
1.974453e+07
1.973467e+07
1.962047e+07
1.982572e+07
1.951810e+07
1.967825e+07
1.962644e+07
1.974574e+07
1.964019e+07
1.959247e+07
1.975294e+07
1.964480e+07
1.957188e+07
1.969691e+07
1.965776e+07
1.955070e+07
1.955395e+07
1.967787e+07
1.971280e+07
1.941911e+07
1.977355e+07
1.975582e+07
1.943281e+07
1.948493e+07
1.978647e+07
1.986451e+07
1.935462e+07
1.970329e+07
1.954511e+07
1.966242e+07
1.969433e+07
1.960312e+07
1.939428e+07
1.988807e+07
1.971972e+07
1.975424e+07
1.954563e+07
1.966891e+07
1.969513e+07
1.961461e+07
1.966410e+07
1.971258e+07
1.968877e+07
1.965350e+07
1.967661e+07
1.947963e+07
1.972492e+07
1.975425e+07
1.953114e+07
1.949326e+07
1.974862e+07
1.972222e+07
1.944166e+07
1.975714e+07
1.971977e+07
1.949267e+07
1.943478e+07
1.972845e+07
1.985899e+07
1.937334e+07
1.974598e+07
1.940063e+07
1.975668e+07
1.969596e+07
1.947744e+07
1.941787e+07
1.976597e+07
1.973675e+07
1.969025e+07
1.968173e+07
1.967628e+07
1.982237e+07
1.960405e+07
1.973428e+07
1.963736e+07
1.961035e+07
1.968246e+07
1.971233e+07
1.941115e+07
1.967980e+07
1.973891e+07
1.957523e+07
1.946940e+07
1.972940e+07
1.975604e+07
1.945135e+07
1.958372e+07
1.981858e+07
1.962836e+07
1.940934e+07
1.971661e+07
1.964056e+07
1.952143e+07
1.973347e+07
1.943539e+07
1.977106e+07
1.975391e+07
1.959318e+07
1.956613e+07
1.973128e+07
1.960009e+07
1.963261e+07
1.966499e+07
1.970565e+07
1.965720e+07
1.963897e+07
1.960144e+07
1.963364e+07
1.951235e+07
1.978015e+07
1.973443e+07
1.946087e+07
1.961702e+07
1.974131e+07
1.968794e+07
1.942348e+07
1.975579e+07
1.979566e+07
1.942310e+07
1.946228e+07
1.972735e+07
1.986056e+07
1.933442e+07
1.974449e+07
1.945079e+07
1.972319e+07
1.966282e+07
1.946258e+07
1.965824e+07
1.976433e+07
1.961603e+07
1.962566e+07
1.965240e+07
1.967828e+07
1.973560e+07
1.967182e+07
1.966039e+07
1.960214e+07
1.967738e+07
1.964918e+07
1.962415e+07
1.944575e+07
1.977724e+07
1.978463e+07
1.945969e+07
1.953370e+07
1.979449e+07
1.969238e+07
1.943417e+07
1.978795e+07
1.985374e+07
1.943661e+07
1.941854e+07
1.974802e+07
1.980310e+07
1.938081e+07
1.980894e+07
1.946350e+07
1.980838e+07
1.974625e+07
1.940159e+07
1.966696e+07
1.962961e+07
1.972036e+07
1.968990e+07
1.969357e+07
1.968578e+07
1.960165e+07
1.959762e+07
1.963765e+07
1.958304e+07
1.964161e+07
1.973220e+07
1.966714e+07
1.941050e+07
1.980879e+07
1.975453e+07
1.949036e+07
1.951921e+07
1.972774e+07
1.974987e+07
1.939476e+07
1.962900e+07
1.981148e+07
1.964256e+07
1.942703e+07
1.970943e+07
1.956028e+07
1.956830e+07
1.965416e+07
1.953229e+07
1.979606e+07
1.962680e+07
1.957677e+07
1.969215e+07
1.963149e+07
1.971342e+07
1.968008e+07
1.959938e+07
1.971764e+07
1.960191e+07
1.963998e+07
1.968341e+07
1.954971e+07
1.959813e+07
1.979061e+07
1.967662e+07
1.945901e+07
1.968165e+07
1.974467e+07
1.957029e+07
1.949869e+07
1.982387e+07
1.977232e+07
1.942626e+07
1.946431e+07
1.970422e+07
1.985325e+07
1.945284e+07
1.976202e+07
1.963061e+07
1.951695e+07
1.980078e+07
1.942844e+07
1.971403e+07
1.961234e+07
1.970255e+07
1.974467e+07
1.966762e+07
1.969996e+07
1.963868e+07
1.954794e+07
1.969703e+07
1.954185e+07
1.973026e+07
1.964733e+07
1.962784e+07
1.949702e+07
1.972726e+07
1.978761e+07
1.947834e+07
1.955215e+07
1.974646e+07
1.967004e+07
1.943942e+07
1.976907e+07
1.981393e+07
1.959352e+07
1.943380e+07
1.981063e+07
1.960934e+07
1.954238e+07
1.973282e+07
1.946515e+07
1.979121e+07
1.969292e+07
1.959851e+07
1.967255e+07
1.968893e+07
1.966611e+07
1.965261e+07
1.954701e+07
1.970906e+07
1.968777e+07
1.954862e+07
1.973877e+07
1.955545e+07
1.960782e+07
1.974912e+07
1.962948e+07
1.942362e+07
1.973733e+07
1.982308e+07
1.951483e+07
1.943240e+07
1.980056e+07
1.981004e+07
1.935353e+07
1.969463e+07
1.970419e+07
1.971543e+07
1.954565e+07
1.962880e+07
1.972181e+07
1.953579e+07
1.973266e+07
1.946792e+07
1.979475e+07
1.966785e+07
1.967613e+07
1.973910e+07
1.958157e+07
1.967599e+07
1.969253e+07
1.946324e+07
1.977290e+07
1.948052e+07
1.969791e+07
1.977600e+07
1.950213e+07
1.955944e+07
1.980341e+07
1.969610e+07
1.938368e+07
1.971484e+07
1.980911e+07
1.949813e+07
1.946875e+07
1.987294e+07
1.975752e+07
1.947375e+07
1.947844e+07
1.977023e+07
1.971334e+07
1.950189e+07
1.969962e+07
1.957416e+07
1.974994e+07
1.969326e+07
1.958494e+07
1.970016e+07
1.967004e+07
1.966388e+07
1.961473e+07
1.955991e+07
1.963464e+07
1.977302e+07
1.953080e+07
1.968414e+07
1.943545e+07
1.979523e+07
1.972769e+07
1.948297e+07
1.953790e+07
1.985008e+07
1.974179e+07
1.946085e+07
1.963039e+07
1.968001e+07
1.970023e+07
1.939960e+07
1.981449e+07
1.981935e+07
1.947951e+07
1.955258e+07
1.966790e+07
1.982499e+07
1.947580e+07
1.971806e+07
1.948254e+07
1.977182e+07
1.973100e+07
1.964997e+07
1.966141e+07
1.959289e+07
1.970733e+07
1.974623e+07
1.942721e+07
1.967037e+07
1.973196e+07
1.957899e+07
1.967653e+07
1.948391e+07
1.980183e+07
1.970537e+07
1.951566e+07
1.950672e+07
1.971076e+07
1.993825e+07
1.943290e+07
1.944937e+07
1.987912e+07
1.969865e+07
1.942167e+07
1.964863e+07
1.979592e+07
1.960333e+07
1.954398e+07
1.970483e+07
1.965667e+07
1.969161e+07
1.973008e+07
1.958802e+07
1.973013e+07
1.967126e+07
1.963502e+07
1.959020e+07
1.950544e+07
1.974687e+07
1.981683e+07
1.939113e+07
1.972333e+07
1.958302e+07
1.962668e+07
1.970258e+07
1.953122e+07
1.958656e+07
1.975369e+07
1.975686e+07
1.941277e+07
1.974505e+07
1.981887e+07
1.949383e+07
1.948553e+07
1.985609e+07
1.983950e+07
1.941034e+07
1.960041e+07
1.972201e+07
1.971193e+07
1.953723e+07
1.961124e+07
1.971939e+07
1.969700e+07
1.969188e+07
1.963099e+07
1.958013e+07
1.969084e+07
1.971501e+07
1.956212e+07
1.949586e+07
1.978253e+07
1.978149e+07
1.941346e+07
1.981722e+07
1.941593e+07
1.974021e+07
1.982618e+07
1.942822e+07
1.950185e+07
1.985802e+07
1.972911e+07
1.944563e+07
1.962515e+07
1.986257e+07
1.952546e+07
1.947677e+07
1.980321e+07
1.981217e+07
1.945211e+07
1.953873e+07
1.975196e+07
1.976312e+07
1.949977e+07
1.975978e+07
1.964149e+07
1.960717e+07
1.969724e+07
1.961436e+07
1.957126e+07
1.963784e+07
1.973866e+07
1.960432e+07
1.951745e+07
1.969626e+07
1.965889e+07
1.956723e+07
1.973085e+07
1.937924e+07
1.988644e+07
1.972221e+07
1.950565e+07
1.940714e+07
1.989194e+07
1.974380e+07
1.949552e+07
1.965197e+07
1.974751e+07
1.969143e+07
1.940799e+07
1.975927e+07
1.982423e+07
1.944217e+07
1.958185e+07
1.974085e+07
1.972872e+07
1.964405e+07
1.964854e+07
1.967378e+07
1.952671e+07
1.971581e+07
1.966751e+07
1.957616e+07
1.953461e+07
1.969979e+07
1.981550e+07
1.946202e+07
1.966261e+07
1.961326e+07
1.967622e+07
1.971220e+07
1.940965e+07
1.969995e+07
1.980244e+07
1.956473e+07
1.949501e+07
1.970110e+07
1.986857e+07
1.940454e+07
1.949398e+07
1.984483e+07
1.965382e+07
1.945296e+07
1.967162e+07
1.976198e+07
1.955163e+07
1.971590e+07
1.966165e+07
1.962699e+07
1.964239e+07
1.966700e+07
1.972965e+07
1.948442e+07
1.967251e+07
1.980810e+07
1.953317e+07
1.944372e+07
1.978545e+07
1.977420e+07
1.942769e+07
1.974459e+07
1.946877e+07
1.983030e+07
1.970305e+07
1.948774e+07
1.946251e+07
1.980640e+07
1.976504e+07
1.948483e+07
1.969800e+07
1.980007e+07
1.950957e+07
1.940623e+07
1.990610e+07
1.965591e+07
1.956529e+07
1.975674e+07
1.964804e+07
1.968425e+07
1.968191e+07
1.964532e+07
1.959834e+07
1.952460e+07
1.973064e+07
1.974475e+07
1.939197e+07
1.972673e+07
1.983872e+07
1.948061e+07
1.951672e+07
1.974413e+07
1.968251e+07
1.946764e+07
1.982832e+07
1.936619e+07
1.978618e+07
1.989802e+07
1.942421e+07
1.942146e+07
1.978435e+07
1.973313e+07
1.942864e+07
1.972161e+07
1.971070e+07
1.958733e+07
1.952091e+07
1.967124e+07
1.977504e+07
1.959759e+07
1.970825e+07
1.965749e+07
1.955151e+07
1.970473e+07
1.974595e+07
1.956656e+07
1.953044e+07
1.979002e+07
1.968352e+07
1.942380e+07
1.966439e+07
1.978047e+07
1.955684e+07
1.959740e+07
1.974086e+07
1.948448e+07
1.980136e+07
1.971080e+07
1.935474e+07
1.969993e+07
1.991309e+07
1.948441e+07
1.940724e+07
1.983620e+07
1.970605e+07
1.945736e+07
1.969635e+07
1.977425e+07
1.970406e+07
1.957462e+07
1.971951e+07
1.961651e+07
1.961001e+07
1.968735e+07
1.966473e+07
1.949857e+07
1.969322e+07
1.968171e+07
1.962438e+07
1.951948e+07
1.975522e+07
1.976553e+07
1.942127e+07
1.965944e+07
1.959312e+07
1.971722e+07
1.955933e+07
1.964767e+07
1.948134e+07
1.984499e+07
1.976376e+07
1.935332e+07
1.961137e+07
1.976859e+07
1.953735e+07
1.946910e+07
1.974722e+07
1.977720e+07
1.943499e+07
1.971341e+07
1.957195e+07
1.977993e+07
1.965140e+07
1.965398e+07
1.964844e+07
1.955078e+07
1.970692e+07
1.973378e+07
1.953599e+07
1.957879e+07
1.973205e+07
1.963110e+07
1.947347e+07
1.969000e+07
1.989696e+07
1.950374e+07
1.958888e+07
1.966437e+07
1.960795e+07
1.967244e+07
1.962600e+07
1.946238e+07
1.988479e+07
1.985814e+07
1.940564e+07
1.952740e+07
1.978200e+07
1.957702e+07
1.952168e+07
1.970618e+07
1.984176e+07
1.961586e+07
1.969232e+07
1.964603e+07
1.964377e+07
1.965307e+07
1.964637e+07
1.974723e+07
1.942516e+07
1.972491e+07
1.977127e+07
1.952808e+07
1.950750e+07
1.972645e+07
1.980484e+07
1.934552e+07
1.974611e+07
1.977657e+07
1.950243e+07
1.965744e+07
1.956673e+07
1.962996e+07
1.961981e+07
1.974200e+07
1.936852e+07
1.977983e+07
1.981450e+07
1.948072e+07
1.954425e+07
1.976983e+07
1.973694e+07
1.944115e+07
1.966264e+07
1.967787e+07
1.965873e+07
1.966244e+07
1.965442e+07
1.957511e+07
1.955246e+07
1.973340e+07
1.974440e+07
1.938382e+07
1.967785e+07
1.986440e+07
1.944258e+07
1.949677e+07
1.979744e+07
1.974752e+07
1.937173e+07
1.973362e+07
1.968678e+07
1.949886e+07
1.977766e+07
1.957980e+07
1.946334e+07
1.988437e+07
1.971999e+07
1.939799e+07
1.975660e+07
1.965206e+07
1.953071e+07
1.949549e+07
1.990057e+07
1.975404e+07
1.956039e+07
1.972848e+07
1.965111e+07
1.955473e+07
1.971103e+07
1.970344e+07
1.957438e+07
1.948306e+07
1.982447e+07
1.972847e+07
1.937800e+07
1.978479e+07
1.971536e+07
1.951471e+07
1.945611e+07
1.978013e+07
1.980085e+07
1.938030e+07
1.983280e+07
1.938152e+07
1.975256e+07
1.972084e+07
1.949085e+07
1.932940e+07
1.991970e+07
1.976755e+07
1.951239e+07
1.974479e+07
1.972119e+07
1.948883e+07
1.958773e+07
1.970531e+07
1.962551e+07
1.962110e+07
1.965946e+07
1.967905e+07
1.949228e+07
1.968812e+07
1.974774e+07
1.955549e+07
1.951100e+07
1.975911e+07
1.974747e+07
1.944339e+07
1.966375e+07
1.975359e+07
1.956572e+07
1.948829e+07
1.966849e+07
1.974091e+07
1.952024e+07
1.972068e+07
1.940136e+07
1.976926e+07
1.973580e+07
1.951452e+07
1.936917e+07
1.978927e+07
1.969104e+07
1.959160e+07
1.987539e+07
1.956847e+07
1.975031e+07
1.965128e+07
1.965041e+07
1.964531e+07
1.955315e+07
1.971781e+07
1.967917e+07
1.952983e+07
1.965967e+07
1.967967e+07
1.969827e+07
1.944106e+07
1.977472e+07
1.970381e+07
1.950297e+07
1.955934e+07
1.968876e+07
1.983259e+07
1.940495e+07
1.968575e+07
1.959136e+07
1.963604e+07
1.970718e+07
1.941142e+07
1.964542e+07
1.971802e+07
1.965796e+07
1.954817e+07
1.957687e+07
1.975768e+07
1.958995e+07
1.970710e+07
1.963749e+07
1.962126e+07
1.966143e+07
1.964361e+07
1.970099e+07
1.951138e+07
1.967324e+07
1.980344e+07
1.949713e+07
1.953970e+07
1.971242e+07
1.975604e+07
1.941027e+07
1.971816e+07
1.980932e+07
1.946966e+07
1.943485e+07
1.974211e+07
1.981324e+07
1.939263e+07
1.976129e+07
1.943309e+07
1.978735e+07
1.973989e+07
1.946398e+07
1.947738e+07
1.976781e+07
1.980215e+07
1.955287e+07
1.967377e+07
1.968239e+07
1.964591e+07
1.966989e+07
1.964168e+07
1.959529e+07
1.953220e+07
1.970828e+07
1.975274e+07
1.941529e+07
1.971629e+07
1.978740e+07
1.951452e+07
1.944324e+07
1.977024e+07
1.977981e+07
1.937723e+07
1.973888e+07
1.981438e+07
1.950683e+07
1.945648e+07
1.975804e+07
1.966592e+07
1.945521e+07
1.980467e+07
1.932996e+07
1.978868e+07
1.984804e+07
1.943292e+07
1.952329e+07
1.970543e+07
1.978549e+07
1.961099e+07
1.970779e+07
1.966259e+07
1.954365e+07
1.971084e+07
1.975102e+07
1.954497e+07
1.950561e+07
1.974662e+07
1.974187e+07
1.937537e+07
1.970016e+07
1.979675e+07
1.952752e+07
1.943221e+07
1.987040e+07
1.967511e+07
1.939199e+07
1.965585e+07
1.972225e+07
1.963017e+07
1.952423e+07
1.973878e+07
1.946115e+07
1.980016e+07
1.968393e+07
1.935375e+07
1.979679e+07
1.979604e+07
1.950791e+07
1.959119e+07
1.962224e+07
1.966447e+07
1.962079e+07
1.966211e+07
1.966174e+07
1.946326e+07
1.971831e+07
1.973285e+07
1.955762e+07
1.946862e+07
1.982246e+07
1.971882e+07
1.938022e+07
1.973912e+07
1.969628e+07
1.960374e+07
1.950229e+07
1.980039e+07
1.971591e+07
1.950039e+07
1.957732e+07
1.960248e+07
1.977026e+07
1.949525e+07
1.966422e+07
1.945368e+07
1.988481e+07
1.964451e+07
1.942343e+07
1.980139e+07
1.970183e+07
1.964908e+07
1.971481e+07
1.963682e+07
1.962733e+07
1.958020e+07
1.971426e+07
1.969891e+07
1.946976e+07
1.967982e+07
1.971797e+07
1.958484e+07
1.950350e+07
1.980222e+07
1.970324e+07
1.952886e+07
1.958345e+07
1.969474e+07
1.967898e+07
1.946539e+07
1.971612e+07
1.979050e+07
1.958794e+07
1.949956e+07
1.973066e+07
1.962690e+07
1.960628e+07
1.965046e+07
1.955283e+07
1.984183e+07
1.959577e+07
1.962842e+07
1.967325e+07
1.964368e+07
1.962313e+07
1.965685e+07
1.963837e+07
1.966736e+07
1.951583e+07
1.972579e+07
1.971199e+07
1.953320e+07
1.963306e+07
1.961918e+07
1.976804e+07
1.943619e+07
1.969532e+07
1.976218e+07
1.956229e+07
1.949677e+07
1.971644e+07
1.979423e+07
1.939560e+07
1.967139e+07
1.970830e+07
1.959346e+07
1.957143e+07
1.967835e+07
1.964423e+07
1.958168e+07
1.975566e+07
1.958259e+07
1.965815e+07
1.968809e+07
1.964083e+07
1.966723e+07
1.964585e+07
1.957958e+07
1.958090e+07
1.968200e+07
1.970813e+07
1.946211e+07
1.967289e+07
1.981536e+07
1.955223e+07
1.946907e+07
1.974942e+07
1.980258e+07
1.938510e+07
1.965621e+07
1.980645e+07
1.950576e+07
1.944154e+07
1.982983e+07
1.970366e+07
1.947211e+07
1.961856e+07
1.972760e+07
1.953684e+07
1.974002e+07
1.967333e+07
1.950384e+07
1.978372e+07
1.969707e+07
1.964382e+07
1.968809e+07
1.964455e+07
1.954892e+07
1.969766e+07
1.972457e+07
1.957658e+07
1.947696e+07
1.974263e+07
1.980084e+07
1.934820e+07
1.971433e+07
1.979573e+07
1.952650e+07
1.939466e+07
1.987315e+07
1.976801e+07
1.940620e+07
1.971616e+07
1.968018e+07
1.959636e+07
1.943568e+07
1.982364e+07
1.964970e+07
1.957087e+07
1.971455e+07
1.946335e+07
1.969192e+07
1.977463e+07
1.956099e+07
1.957186e+07
1.965208e+07
1.965378e+07
1.962911e+07
1.963667e+07
1.968459e+07
1.942599e+07
1.971947e+07
1.978262e+07
1.950899e+07
1.946270e+07
1.984802e+07
1.971990e+07
1.933590e+07
1.979900e+07
1.975104e+07
1.954172e+07
1.948299e+07
1.975486e+07
1.975431e+07
1.948796e+07
1.961118e+07
1.975198e+07
1.964036e+07
1.959132e+07
1.955850e+07
1.971747e+07
1.976727e+07
1.957189e+07
1.950702e+07
1.978522e+07
1.969365e+07
1.966864e+07
1.968835e+07
1.963574e+07
1.959614e+07
1.959637e+07
1.973474e+07
1.967071e+07
1.942696e+07
1.977274e+07
1.972310e+07
1.950221e+07
1.953742e+07
1.986501e+07
1.964629e+07
1.950965e+07
1.964698e+07
1.969526e+07
1.972362e+07
1.942208e+07
1.978644e+07
1.963471e+07
1.959812e+07
1.949552e+07
1.975592e+07
1.980178e+07
1.948553e+07
1.951445e+07
1.972600e+07
1.977766e+07
1.948598e+07
1.961852e+07
1.962010e+07
1.966796e+07
1.961761e+07
1.967428e+07
1.963848e+07
1.960508e+07
1.955945e+07
1.973728e+07
1.964574e+07
1.952638e+07
1.971213e+07
1.958571e+07
1.970612e+07
1.949034e+07
1.970889e+07
1.978967e+07
1.948068e+07
1.955098e+07
1.962358e+07
1.988553e+07
1.943708e+07
1.965165e+07
1.981869e+07
1.949691e+07
1.943535e+07
1.986548e+07
1.976669e+07
1.948878e+07
1.959433e+07
1.974339e+07
1.972202e+07
1.960544e+07
1.970221e+07
1.965868e+07
1.963097e+07
1.957032e+07
1.963654e+07
1.962619e+07
1.972033e+07
1.951651e+07
1.962312e+07
1.981693e+07
1.956062e+07
1.949627e+07
1.974484e+07
1.973243e+07
1.942932e+07
1.971312e+07
1.980982e+07
1.958672e+07
1.942094e+07
1.980251e+07
1.976898e+07
1.937713e+07
1.976278e+07
1.980645e+07
1.947772e+07
1.953647e+07
1.972497e+07
1.973451e+07
1.951368e+07
1.967550e+07
1.962312e+07
1.965900e+07
1.963928e+07
1.959223e+07
1.965782e+07
1.974223e+07
1.957026e+07
1.947762e+07
1.975570e+07
1.978404e+07
1.932501e+07
1.971413e+07
1.984119e+07
1.951871e+07
1.944855e+07
1.977103e+07
1.977507e+07
1.933981e+07
1.973333e+07
1.976177e+07
1.954521e+07
1.943488e+07
1.991825e+07
1.962267e+07
1.950274e+07
1.967754e+07
1.976933e+07
1.957183e+07
1.966609e+07
1.970531e+07
1.961064e+07
1.968221e+07
1.965232e+07
1.964022e+07
1.963384e+07
1.965351e+07
1.940970e+07
1.973929e+07
1.983023e+07
1.944859e+07
1.952011e+07
1.984975e+07
1.968732e+07
1.931372e+07
1.982384e+07
1.976241e+07
1.950945e+07
1.950597e+07
1.981654e+07
1.973124e+07
1.940348e+07
1.975582e+07
1.963373e+07
1.970525e+07
1.950309e+07
1.972307e+07
1.964667e+07
1.955192e+07
1.967094e+07
1.958047e+07
1.972429e+07
1.962271e+07
1.964667e+07
1.964659e+07
1.963318e+07
1.953986e+07
1.968133e+07
1.974969e+07
1.958362e+07
1.942751e+07
1.982048e+07
1.972622e+07
1.942993e+07
1.961956e+07
1.983170e+07
1.965340e+07
1.944860e+07
1.970736e+07
1.967994e+07
1.958337e+07
1.952890e+07
1.980068e+07
1.973739e+07
1.959961e+07
1.952510e+07
1.969477e+07
1.976395e+07
1.951828e+07
1.965031e+07
1.979348e+07
1.965983e+07
1.959616e+07
1.965511e+07
1.967408e+07
1.963896e+07
1.962120e+07
1.968368e+07
1.961654e+07
1.952223e+07
1.966940e+07
1.972381e+07
1.957642e+07
1.955166e+07
1.978783e+07
1.958828e+07
1.962344e+07
1.954660e+07
1.972349e+07
1.974353e+07
1.952721e+07
1.964260e+07
1.959564e+07
1.981626e+07
1.941534e+07
1.971067e+07
1.977992e+07
1.956387e+07
1.945789e+07
1.978623e+07
1.977873e+07
1.942658e+07
1.965873e+07
1.972587e+07
1.965826e+07
1.963425e+07
1.965019e+07
1.963988e+07
1.964587e+07
1.955761e+07
1.971280e+07
1.960619e+07
1.963387e+07
1.958546e+07
1.958168e+07
1.978683e+07
1.954891e+07
1.958925e+07
1.971896e+07
1.965067e+07
1.944443e+07
1.963993e+07
1.988318e+07
1.955724e+07
1.946577e+07
1.979339e+07
1.975157e+07
1.934714e+07
1.973663e+07
1.978273e+07
1.951246e+07
1.951926e+07
1.986678e+07
1.968281e+07
1.953031e+07
1.968084e+07
1.963409e+07
1.965532e+07
1.963353e+07
1.963170e+07
1.962329e+07
1.974462e+07
1.953233e+07
1.957009e+07
1.976918e+07
1.968837e+07
1.938608e+07
1.973207e+07
1.981748e+07
1.947528e+07
1.952760e+07
1.979227e+07
1.976726e+07
1.931335e+07
1.974426e+07
1.981818e+07
1.948668e+07
1.952419e+07
1.988236e+07
1.971952e+07
1.942066e+07
1.971993e+07
1.973598e+07
1.954902e+07
1.954569e+07
1.973315e+07
1.970839e+07
1.959899e+07
1.967704e+07
1.964873e+07
1.963494e+07
1.960842e+07
1.944865e+07
1.974482e+07
1.981469e+07
1.935953e+07
1.963285e+07
1.980392e+07
1.960745e+07
1.935669e+07
1.982271e+07
1.980627e+07
1.939537e+07
1.956728e+07
1.979324e+07
1.966973e+07
1.939753e+07
1.988120e+07
1.960860e+07
1.955901e+07
1.950672e+07
1.984844e+07
1.967614e+07
1.952535e+07
1.967191e+07
1.972683e+07
1.960319e+07
1.960990e+07
1.965690e+07
1.962883e+07
1.963800e+07
1.953252e+07
1.972395e+07
1.976632e+07
1.950650e+07
1.947801e+07
1.984459e+07
1.971460e+07
1.935395e+07
1.973381e+07
1.977710e+07
1.956212e+07
1.946188e+07
1.980679e+07
1.972359e+07
1.948344e+07
1.962763e+07
1.971461e+07
1.972886e+07
1.951550e+07
1.970992e+07
1.962805e+07
1.968235e+07
1.950594e+07
1.971724e+07
1.967172e+07
1.954646e+07
1.968517e+07
1.963701e+07
1.968408e+07
1.964628e+07
1.963518e+07
1.964309e+07
1.958969e+07
1.947206e+07
1.975490e+07
1.970082e+07
1.947521e+07
1.957832e+07
1.984371e+07
1.959928e+07
1.952334e+07
1.960469e+07
1.971482e+07
1.963162e+07
1.954657e+07
1.972966e+07
1.962779e+07
1.968919e+07
1.951422e+07
1.968657e+07
1.980860e+07
1.953786e+07
1.959951e+07
1.970812e+07
1.971729e+07
1.952405e+07
1.972082e+07
1.970083e+07
1.962272e+07
1.965744e+07
1.963873e+07
1.960897e+07
1.964239e+07
1.961546e+07
1.969735e+07
1.959348e+07
1.957993e+07
1.971608e+07
1.955508e+07
1.971056e+07
1.952910e+07
1.968194e+07
1.966054e+07
1.964510e+07
1.957169e+07
1.962058e+07
1.981042e+07
1.952424e+07
1.957087e+07
1.973196e+07
1.973451e+07
1.943452e+07
1.968444e+07
1.976626e+07
1.953409e+07
1.956966e+07
1.971128e+07
1.970591e+07
1.953976e+07
1.967783e+07
1.963935e+07
1.965305e+07
1.961311e+07
1.964284e+07
1.957700e+07
1.967957e+07
1.956859e+07
1.956914e+07
1.979941e+07
1.959458e+07
1.949232e+07
1.969514e+07
1.974157e+07
1.949998e+07
1.957134e+07
1.975983e+07
1.968613e+07
1.941418e+07
1.975111e+07
1.980198e+07
1.944982e+07
1.954096e+07
1.975879e+07
1.972275e+07
1.944998e+07
1.971540e+07
1.971099e+07
1.960238e+07
1.962063e+07
1.969606e+07
1.973806e+07
1.958270e+07
1.969652e+07
1.962213e+07
1.965943e+07
1.959269e+07
1.952751e+07
1.974689e+07
1.971895e+07
1.938274e+07
1.973770e+07
1.976394e+07
1.954696e+07
1.944579e+07
1.979139e+07
1.980579e+07
1.940091e+07
1.961432e+07
1.977253e+07
1.960301e+07
1.943226e+07
1.978207e+07
1.974071e+07
1.948569e+07
1.952288e+07
1.979733e+07
1.968758e+07
1.949455e+07
1.959443e+07
1.976661e+07
1.958158e+07
1.959449e+07
1.965282e+07
1.962372e+07
1.963502e+07
1.956968e+07
1.968150e+07
1.975899e+07
1.941840e+07
1.964175e+07
1.975842e+07
1.960797e+07
1.939640e+07
1.977201e+07
1.978276e+07
1.947707e+07
1.948526e+07
1.981116e+07
1.969933e+07
1.946506e+07
1.964113e+07
1.969390e+07
1.965495e+07
1.944062e+07
1.977505e+07
1.966183e+07
1.958496e+07
1.950775e+07
1.982481e+07
1.967619e+07
1.952841e+07
1.971639e+07
1.961529e+07
1.972611e+07
1.963867e+07
1.965868e+07
1.963079e+07
1.955025e+07
1.958442e+07
1.971777e+07
1.966899e+07
1.944991e+07
1.967894e+07
1.975505e+07
1.956385e+07
1.947883e+07
1.977396e+07
1.970297e+07
1.954500e+07
1.954811e+07
1.972077e+07
1.969911e+07
1.954030e+07
1.960244e+07
1.968110e+07
1.972942e+07
1.946428e+07
1.967887e+07
1.975611e+07
1.956438e+07
1.956930e+07
1.968077e+07
1.971416e+07
1.957915e+07
1.965958e+07
1.964321e+07
1.959763e+07
1.965197e+07
1.966716e+07
1.959798e+07
1.959196e+07
1.959913e+07
1.971249e+07
1.962387e+07
1.953797e+07
1.964259e+07
1.968658e+07
1.959882e+07
1.956379e+07
1.967429e+07
1.964119e+07
1.964386e+07
1.954216e+07
1.970833e+07
1.966674e+07
1.962685e+07
1.952521e+07
1.975336e+07
1.967030e+07
1.955190e+07
1.967181e+07
1.967907e+07
1.965421e+07
1.959231e+07
1.969417e+07
1.967868e+07
1.963644e+07
1.961910e+07
1.959942e+07
1.960563e+07
1.966659e+07
1.961277e+07
1.957186e+07
1.970804e+07
1.956547e+07
1.962863e+07
1.965376e+07
1.965635e+07
1.959011e+07
1.960334e+07
1.971249e+07
1.958941e+07
1.960545e+07
1.963129e+07
1.972628e+07
1.954197e+07
1.965409e+07
1.966162e+07
1.967937e+07
1.956237e+07
1.964507e+07
1.972141e+07
1.960454e+07
1.966008e+07
1.964558e+07
1.970584e+07
1.960520e+07
1.966272e+07
1.963656e+07
1.964373e+07
1.962277e+07
1.958164e+07
1.967893e+07
1.964118e+07
1.956846e+07
1.962401e+07
1.971727e+07
1.956421e+07
1.957712e+07
1.969247e+07
1.964489e+07
1.957538e+07
1.961602e+07
1.970419e+07
1.960852e+07
1.959212e+07
1.964930e+07
1.969449e+07
1.959940e+07
1.959902e+07
1.968142e+07
1.969161e+07
1.959367e+07
1.964393e+07
1.968825e+07
1.964501e+07
1.965009e+07
1.964801e+07
1.964274e+07
1.960873e+07
1.961560e+07
1.966576e+07
1.961460e+07
1.958425e+07
1.963347e+07
1.968196e+07
1.963304e+07
1.956547e+07
1.966903e+07
1.969980e+07
1.959482e+07
1.959750e+07
1.967818e+07
1.966806e+07
1.959805e+07
1.962753e+07
1.969530e+07
1.967857e+07
1.959119e+07
1.964419e+07
1.971903e+07
1.965069e+07
1.960808e+07
1.968441e+07
1.974059e+07
1.965161e+07
1.965340e+07
1.970601e+07
1.970695e+07
1.969574e+07

SCALARS mass double 1
LOOKUP_TABLE default
4.430000e-07
4.430000e-07
4.430000e-07
4.430000e-07
4.430000e-07
4.430000e-07
4.430000e-07
4.430000e-07
4.430000e-07
4.430000e-07
4.430000e-07
4.430000e-07
4.430000e-07
4.430000e-07
4.430000e-07
4.430000e-07
4.430000e-07
4.430000e-07
4.430000e-07
4.430000e-07
4.430000e-07
4.430000e-07
4.430000e-07
4.430000e-07
4.430000e-07
4.430000e-07
4.430000e-07
4.430000e-07
4.430000e-07
4.430000e-07
4.430000e-07
4.430000e-07
4.430000e-07
4.430000e-07
4.430000e-07
4.430000e-07
4.430000e-07
4.430000e-07
4.430000e-07
4.430000e-07
4.430000e-07
4.430000e-07
4.430000e-07
4.430000e-07
4.430000e-07
4.430000e-07
4.430000e-07
4.430000e-07
4.430000e-07
4.430000e-07
4.430000e-07
4.430000e-07
4.430000e-07
4.430000e-07
4.430000e-07
4.430000e-07
4.430000e-07
4.430000e-07
4.430000e-07
4.430000e-07
4.430000e-07
4.430000e-07
4.430000e-07
4.430000e-07
4.430000e-07
4.430000e-07
4.430000e-07
4.430000e-07
4.430000e-07
4.430000e-07
4.430000e-07
4.430000e-07
4.430000e-07
4.430000e-07
4.430000e-07
4.430000e-07
4.430000e-07
4.430000e-07
4.430000e-07
4.430000e-07
4.430000e-07
4.430000e-07
4.430000e-07
4.430000e-07
4.430000e-07
4.430000e-07
4.430000e-07
4.430000e-07
4.430000e-07
4.430000e-07
4.430000e-07
4.430000e-07
4.430000e-07
4.430000e-07
4.430000e-07
4.430000e-07
4.430000e-07
4.430000e-07
4.430000e-07
4.430000e-07
4.430000e-07
4.430000e-07
4.430000e-07
4.430000e-07
4.430000e-07
4.430000e-07
4.430000e-07
4.430000e-07
4.430000e-07
4.430000e-07
4.430000e-07
4.430000e-07
4.430000e-07
4.430000e-07
4.430000e-07
4.430000e-07
4.430000e-07
4.430000e-07
4.430000e-07
4.430000e-07
4.430000e-07
4.430000e-07
4.430000e-07
4.430000e-07
4.430000e-07
4.430000e-07
4.430000e-07
4.430000e-07
4.430000e-07
4.430000e-07
4.430000e-07
4.430000e-07
4.430000e-07
4.430000e-07
4.430000e-07
4.430000e-07
4.430000e-07
4.430000e-07
4.430000e-07
4.430000e-07
4.430000e-07
4.430000e-07
4.430000e-07
4.430000e-07
4.430000e-07
4.430000e-07
4.430000e-07
4.430000e-07
4.430000e-07
4.430000e-07
4.430000e-07
4.430000e-07
4.430000e-07
4.430000e-07
4.430000e-07
4.430000e-07
4.430000e-07
4.430000e-07
4.430000e-07
4.430000e-07
4.430000e-07
4.430000e-07
4.430000e-07
4.430000e-07
4.430000e-07
4.430000e-07
4.430000e-07
4.430000e-07
4.430000e-07
4.430000e-07
4.430000e-07
4.430000e-07
4.430000e-07
4.430000e-07
4.430000e-07
4.430000e-07
4.430000e-07
4.430000e-07
4.430000e-07
4.430000e-07
4.430000e-07
4.430000e-07
4.430000e-07
4.430000e-07
4.430000e-07
4.430000e-07
4.430000e-07
4.430000e-07
4.430000e-07
4.430000e-07
4.430000e-07
4.430000e-07
4.430000e-07
4.430000e-07
4.430000e-07
4.430000e-07
4.430000e-07
4.430000e-07
4.430000e-07
4.430000e-07
4.430000e-07
4.430000e-07
4.430000e-07
4.430000e-07
4.430000e-07
4.430000e-07
4.430000e-07
4.430000e-07
4.430000e-07
4.430000e-07
4.430000e-07
4.430000e-07
4.430000e-07
4.430000e-07
4.430000e-07
4.430000e-07
4.430000e-07
4.430000e-07
4.430000e-07
4.430000e-07
4.430000e-07
4.430000e-07
4.430000e-07
4.430000e-07
4.430000e-07
4.430000e-07
4.430000e-07
4.430000e-07
4.430000e-07
4.430000e-07
4.430000e-07
4.430000e-07
4.430000e-07
4.430000e-07
4.430000e-07
4.430000e-07
4.430000e-07
4.430000e-07
4.430000e-07
4.430000e-07
4.430000e-07
4.430000e-07
4.430000e-07
4.430000e-07
4.430000e-07
4.430000e-07
4.430000e-07
4.430000e-07
4.430000e-07
4.430000e-07
4.430000e-07
4.430000e-07
4.430000e-07
4.430000e-07
4.430000e-07
4.430000e-07
4.430000e-07
4.430000e-07
4.430000e-07
4.430000e-07
4.430000e-07
4.430000e-07
4.430000e-07
4.430000e-07
4.430000e-07
4.430000e-07
4.430000e-07
4.430000e-07
4.430000e-07
4.430000e-07
4.430000e-07
4.430000e-07
4.430000e-07
4.430000e-07
4.430000e-07
4.430000e-07
4.430000e-07
4.430000e-07
4.430000e-07
4.430000e-07
4.430000e-07
4.430000e-07
4.430000e-07
4.430000e-07
4.430000e-07
4.430000e-07
4.430000e-07
4.430000e-07
4.430000e-07
4.430000e-07
4.430000e-07
4.430000e-07
4.430000e-07
4.430000e-07
4.430000e-07
4.430000e-07
4.430000e-07
4.430000e-07
4.430000e-07
4.430000e-07
4.430000e-07
4.430000e-07
4.430000e-07
4.430000e-07
4.430000e-07
4.430000e-07
4.430000e-07
4.430000e-07
4.430000e-07
4.430000e-07
4.430000e-07
4.430000e-07
4.430000e-07
4.430000e-07
4.430000e-07
4.430000e-07
4.430000e-07
4.430000e-07
4.430000e-07
4.430000e-07
4.430000e-07
4.430000e-07
4.430000e-07
4.430000e-07
4.430000e-07
4.430000e-07
4.430000e-07
4.430000e-07
4.430000e-07
4.430000e-07
4.430000e-07
4.430000e-07
4.430000e-07
4.430000e-07
4.430000e-07
4.430000e-07
4.430000e-07
4.430000e-07
4.430000e-07
4.430000e-07
4.430000e-07
4.430000e-07
4.430000e-07
4.430000e-07
4.430000e-07
4.430000e-07
4.430000e-07
4.430000e-07
4.430000e-07
4.430000e-07
4.430000e-07
4.430000e-07
4.430000e-07
4.430000e-07
4.430000e-07
4.430000e-07
4.430000e-07
4.430000e-07
4.430000e-07
4.430000e-07
4.430000e-07
4.430000e-07
4.430000e-07
4.430000e-07
4.430000e-07
4.430000e-07
4.430000e-07
4.430000e-07
4.430000e-07
4.430000e-07
4.430000e-07
4.430000e-07
4.430000e-07
4.430000e-07
4.430000e-07
4.430000e-07
4.430000e-07
4.430000e-07
4.430000e-07
4.430000e-07
4.430000e-07
4.430000e-07
4.430000e-07
4.430000e-07
4.430000e-07
4.430000e-07
4.430000e-07
4.430000e-07
4.430000e-07
4.430000e-07
4.430000e-07
4.430000e-07
4.430000e-07
4.430000e-07
4.430000e-07
4.430000e-07
4.430000e-07
4.430000e-07
4.430000e-07
4.430000e-07
4.430000e-07
4.430000e-07
4.430000e-07
4.430000e-07
4.430000e-07
4.430000e-07
4.430000e-07
4.430000e-07
4.430000e-07
4.430000e-07
4.430000e-07
4.430000e-07
4.430000e-07
4.430000e-07
4.430000e-07
4.430000e-07
4.430000e-07
4.430000e-07
4.430000e-07
4.430000e-07
4.430000e-07
4.430000e-07
4.430000e-07
4.430000e-07
4.430000e-07
4.430000e-07
4.430000e-07
4.430000e-07
4.430000e-07
4.430000e-07
4.430000e-07
4.430000e-07
4.430000e-07
4.430000e-07
4.430000e-07
4.430000e-07
4.430000e-07
4.430000e-07
4.430000e-07
4.430000e-07
4.430000e-07
4.430000e-07
4.430000e-07
4.430000e-07
4.430000e-07
4.430000e-07
4.430000e-07
4.430000e-07
4.430000e-07
4.430000e-07
4.430000e-07
4.430000e-07
4.430000e-07
4.430000e-07
4.430000e-07
4.430000e-07
4.430000e-07
4.430000e-07
4.430000e-07
4.430000e-07
4.430000e-07
4.430000e-07
4.430000e-07
4.430000e-07
4.430000e-07
4.430000e-07
4.430000e-07
4.430000e-07
4.430000e-07
4.430000e-07
4.430000e-07
4.430000e-07
4.430000e-07
4.430000e-07
4.430000e-07
4.430000e-07
4.430000e-07
4.430000e-07
4.430000e-07
4.430000e-07
4.430000e-07
4.430000e-07
4.430000e-07
4.430000e-07
4.430000e-07
4.430000e-07
4.430000e-07
4.430000e-07
4.430000e-07
4.430000e-07
4.430000e-07
4.430000e-07
4.430000e-07
4.430000e-07
4.430000e-07
4.430000e-07
4.430000e-07
4.430000e-07
4.430000e-07
4.430000e-07
4.430000e-07
4.430000e-07
4.430000e-07
4.430000e-07
4.430000e-07
4.430000e-07
4.430000e-07
4.430000e-07
4.430000e-07
4.430000e-07
4.430000e-07
4.430000e-07
4.430000e-07
4.430000e-07
4.430000e-07
4.430000e-07
4.430000e-07
4.430000e-07
4.430000e-07
4.430000e-07
4.430000e-07
4.430000e-07
4.430000e-07
4.430000e-07
4.430000e-07
4.430000e-07
4.430000e-07
4.430000e-07
4.430000e-07
4.430000e-07
4.430000e-07
4.430000e-07
4.430000e-07
4.430000e-07
4.430000e-07
4.430000e-07
4.430000e-07
4.430000e-07
4.430000e-07
4.430000e-07
4.430000e-07
4.430000e-07
4.430000e-07
4.430000e-07
4.430000e-07
4.430000e-07
4.430000e-07
4.430000e-07
4.430000e-07
4.430000e-07
4.430000e-07
4.430000e-07
4.430000e-07
4.430000e-07
4.430000e-07
4.430000e-07
4.430000e-07
4.430000e-07
4.430000e-07
4.430000e-07
4.430000e-07
4.430000e-07
4.430000e-07
4.430000e-07
4.430000e-07
4.430000e-07
4.430000e-07
4.430000e-07
4.430000e-07
4.430000e-07
4.430000e-07
4.430000e-07
4.430000e-07
4.430000e-07
4.430000e-07
4.430000e-07
4.430000e-07
4.430000e-07
4.430000e-07
4.430000e-07
4.430000e-07
4.430000e-07
4.430000e-07
4.430000e-07
4.430000e-07
4.430000e-07
4.430000e-07
4.430000e-07
4.430000e-07
4.430000e-07
4.430000e-07
4.430000e-07
4.430000e-07
4.430000e-07
4.430000e-07
4.430000e-07
4.430000e-07
4.430000e-07
4.430000e-07
4.430000e-07
4.430000e-07
4.430000e-07
4.430000e-07
4.430000e-07
4.430000e-07
4.430000e-07
4.430000e-07
4.430000e-07
4.430000e-07
4.430000e-07
4.430000e-07
4.430000e-07
4.430000e-07
4.430000e-07
4.430000e-07
4.430000e-07
4.430000e-07
4.430000e-07
4.430000e-07
4.430000e-07
4.430000e-07
4.430000e-07
4.430000e-07
4.430000e-07
4.430000e-07
4.430000e-07
4.430000e-07
4.430000e-07
4.430000e-07
4.430000e-07
4.430000e-07
4.430000e-07
4.430000e-07
4.430000e-07
4.430000e-07
4.430000e-07
4.430000e-07
4.430000e-07
4.430000e-07
4.430000e-07
4.430000e-07
4.430000e-07
4.430000e-07
4.430000e-07
4.430000e-07
4.430000e-07
4.430000e-07
4.430000e-07
4.430000e-07
4.430000e-07
4.430000e-07
4.430000e-07
4.430000e-07
4.430000e-07
4.430000e-07
4.430000e-07
4.430000e-07
4.430000e-07
4.430000e-07
4.430000e-07
4.430000e-07
4.430000e-07
4.430000e-07
4.430000e-07
4.430000e-07
4.430000e-07
4.430000e-07
4.430000e-07
4.430000e-07
4.430000e-07
4.430000e-07
4.430000e-07
4.430000e-07
4.430000e-07
4.430000e-07
4.430000e-07
4.430000e-07
4.430000e-07
4.430000e-07
4.430000e-07
4.430000e-07
4.430000e-07
4.430000e-07
4.430000e-07
4.430000e-07
4.430000e-07
4.430000e-07
4.430000e-07
4.430000e-07
4.430000e-07
4.430000e-07
4.430000e-07
4.430000e-07
4.430000e-07
4.430000e-07
4.430000e-07
4.430000e-07
4.430000e-07
4.430000e-07
4.430000e-07
4.430000e-07
4.430000e-07
4.430000e-07
4.430000e-07
4.430000e-07
4.430000e-07
4.430000e-07
4.430000e-07
4.430000e-07
4.430000e-07
4.430000e-07
4.430000e-07
4.430000e-07
4.430000e-07
4.430000e-07
4.430000e-07
4.430000e-07
4.430000e-07
4.430000e-07
4.430000e-07
4.430000e-07
4.430000e-07
4.430000e-07
4.430000e-07
4.430000e-07
4.430000e-07
4.430000e-07
4.430000e-07
4.430000e-07
4.430000e-07
4.430000e-07
4.430000e-07
4.430000e-07
4.430000e-07
4.430000e-07
4.430000e-07
4.430000e-07
4.430000e-07
4.430000e-07
4.430000e-07
4.430000e-07
4.430000e-07
4.430000e-07
4.430000e-07
4.430000e-07
4.430000e-07
4.430000e-07
4.430000e-07
4.430000e-07
4.430000e-07
4.430000e-07
4.430000e-07
4.430000e-07
4.430000e-07
4.430000e-07
4.430000e-07
4.430000e-07
4.430000e-07
4.430000e-07
4.430000e-07
4.430000e-07
4.430000e-07
4.430000e-07
4.430000e-07
4.430000e-07
4.430000e-07
4.430000e-07
4.430000e-07
4.430000e-07
4.430000e-07
4.430000e-07
4.430000e-07
4.430000e-07
4.430000e-07
4.430000e-07
4.430000e-07
4.430000e-07
4.430000e-07
4.430000e-07
4.430000e-07
4.430000e-07
4.430000e-07
4.430000e-07
4.430000e-07
4.430000e-07
4.430000e-07
4.430000e-07
4.430000e-07
4.430000e-07
4.430000e-07
4.430000e-07
4.430000e-07
4.430000e-07
4.430000e-07
4.430000e-07
4.430000e-07
4.430000e-07
4.430000e-07
4.430000e-07
4.430000e-07
4.430000e-07
4.430000e-07
4.430000e-07
4.430000e-07
4.430000e-07
4.430000e-07
4.430000e-07
4.430000e-07
4.430000e-07
4.430000e-07
4.430000e-07
4.430000e-07
4.430000e-07
4.430000e-07
4.430000e-07
4.430000e-07
4.430000e-07
4.430000e-07
4.430000e-07
4.430000e-07
4.430000e-07
4.430000e-07
4.430000e-07
4.430000e-07
4.430000e-07
4.430000e-07
4.430000e-07
4.430000e-07
4.430000e-07
4.430000e-07
4.430000e-07
4.430000e-07
4.430000e-07
4.430000e-07
4.430000e-07
4.430000e-07
4.430000e-07
4.430000e-07
4.430000e-07
4.430000e-07
4.430000e-07
4.430000e-07
4.430000e-07
4.430000e-07
4.430000e-07
4.430000e-07
4.430000e-07
4.430000e-07
4.430000e-07
4.430000e-07
4.430000e-07
4.430000e-07
4.430000e-07
4.430000e-07
4.430000e-07
4.430000e-07
4.430000e-07
4.430000e-07
4.430000e-07
4.430000e-07
4.430000e-07
4.430000e-07
4.430000e-07
4.430000e-07
4.430000e-07
4.430000e-07
4.430000e-07
4.430000e-07
4.430000e-07
4.430000e-07
4.430000e-07
4.430000e-07
4.430000e-07
4.430000e-07
4.430000e-07
4.430000e-07
4.430000e-07
4.430000e-07
4.430000e-07
4.430000e-07
4.430000e-07
4.430000e-07
4.430000e-07
4.430000e-07
4.430000e-07
4.430000e-07
4.430000e-07
4.430000e-07
4.430000e-07
4.430000e-07
4.430000e-07
4.430000e-07
4.430000e-07
4.430000e-07
4.430000e-07
4.430000e-07
4.430000e-07
4.430000e-07
4.430000e-07
4.430000e-07
4.430000e-07
4.430000e-07
4.430000e-07
4.430000e-07
4.430000e-07
4.430000e-07
4.430000e-07
4.430000e-07
4.430000e-07
4.430000e-07
4.430000e-07
4.430000e-07
4.430000e-07
4.430000e-07
4.430000e-07
4.430000e-07
4.430000e-07
4.430000e-07
4.430000e-07
4.430000e-07
4.430000e-07
4.430000e-07
4.430000e-07
4.430000e-07
4.430000e-07
4.430000e-07
4.430000e-07
4.430000e-07
4.430000e-07
4.430000e-07
4.430000e-07
4.430000e-07
4.430000e-07
4.430000e-07
4.430000e-07
4.430000e-07
4.430000e-07
4.430000e-07
4.430000e-07
4.430000e-07
4.430000e-07
4.430000e-07
4.430000e-07
4.430000e-07
4.430000e-07
4.430000e-07
4.430000e-07
4.430000e-07
4.430000e-07
4.430000e-07
4.430000e-07
4.430000e-07
4.430000e-07
4.430000e-07
4.430000e-07
4.430000e-07
4.430000e-07
4.430000e-07
4.430000e-07
4.430000e-07
4.430000e-07
4.430000e-07
4.430000e-07
4.430000e-07
4.430000e-07
4.430000e-07
4.430000e-07
4.430000e-07
4.430000e-07
4.430000e-07
4.430000e-07
4.430000e-07
4.430000e-07
4.430000e-07
4.430000e-07
4.430000e-07
4.430000e-07
4.430000e-07
4.430000e-07
4.430000e-07
4.430000e-07
4.430000e-07
4.430000e-07
4.430000e-07
4.430000e-07
4.430000e-07
4.430000e-07
4.430000e-07
4.430000e-07
4.430000e-07
4.430000e-07
4.430000e-07
4.430000e-07
4.430000e-07
4.430000e-07
4.430000e-07
4.430000e-07
4.430000e-07
4.430000e-07
4.430000e-07
4.430000e-07
4.430000e-07
4.430000e-07
4.430000e-07
4.430000e-07
4.430000e-07
4.430000e-07
4.430000e-07
4.430000e-07
4.430000e-07
4.430000e-07
4.430000e-07
4.430000e-07
4.430000e-07
4.430000e-07
4.430000e-07
4.430000e-07
4.430000e-07
4.430000e-07
4.430000e-07
4.430000e-07
4.430000e-07
4.430000e-07
4.430000e-07
4.430000e-07
4.430000e-07
4.430000e-07
4.430000e-07
4.430000e-07
4.430000e-07
4.430000e-07
4.430000e-07
4.430000e-07
4.430000e-07
4.430000e-07
4.430000e-07
4.430000e-07
4.430000e-07
4.430000e-07
4.430000e-07
4.430000e-07
4.430000e-07
4.430000e-07
4.430000e-07
4.430000e-07
4.430000e-07
4.430000e-07
4.430000e-07
4.430000e-07
4.430000e-07
4.430000e-07
4.430000e-07
4.430000e-07
4.430000e-07
4.430000e-07
4.430000e-07
4.430000e-07
4.430000e-07
4.430000e-07
4.430000e-07
4.430000e-07
4.430000e-07
4.430000e-07
4.430000e-07
4.430000e-07
4.430000e-07
4.430000e-07
4.430000e-07
4.430000e-07
4.430000e-07
4.430000e-07
4.430000e-07
4.430000e-07
4.430000e-07
4.430000e-07
4.430000e-07
4.430000e-07
4.430000e-07
4.430000e-07
4.430000e-07
4.430000e-07
4.430000e-07
4.430000e-07
4.430000e-07
4.430000e-07
4.430000e-07
4.430000e-07
4.430000e-07
4.430000e-07
4.430000e-07
4.430000e-07
4.430000e-07
4.430000e-07
4.430000e-07
4.430000e-07
4.430000e-07
4.430000e-07
4.430000e-07
4.430000e-07
4.430000e-07
4.430000e-07
4.430000e-07
4.430000e-07
4.430000e-07
4.430000e-07
4.430000e-07
4.430000e-07
4.430000e-07
4.430000e-07
4.430000e-07
4.430000e-07
4.430000e-07
4.430000e-07
4.430000e-07
4.430000e-07
4.430000e-07
4.430000e-07
4.430000e-07
4.430000e-07
4.430000e-07
4.430000e-07
4.430000e-07
4.430000e-07
4.430000e-07
4.430000e-07
4.430000e-07
4.430000e-07
4.430000e-07
4.430000e-07
4.430000e-07
4.430000e-07
4.430000e-07
4.430000e-07
4.430000e-07
4.430000e-07
4.430000e-07
4.430000e-07
4.430000e-07
4.430000e-07
4.430000e-07
4.430000e-07
4.430000e-07
4.430000e-07
4.430000e-07
4.430000e-07
4.430000e-07
4.430000e-07
4.430000e-07
4.430000e-07
4.430000e-07
4.430000e-07
4.430000e-07
4.430000e-07
4.430000e-07
4.430000e-07
4.430000e-07
4.430000e-07
4.430000e-07
4.430000e-07
4.430000e-07
4.430000e-07
4.430000e-07
4.430000e-07
4.430000e-07
4.430000e-07
4.430000e-07
4.430000e-07
4.430000e-07
4.430000e-07
4.430000e-07
4.430000e-07
4.430000e-07
4.430000e-07
4.430000e-07
4.430000e-07
4.430000e-07
4.430000e-07
4.430000e-07
4.430000e-07
4.430000e-07
4.430000e-07
4.430000e-07
4.430000e-07
4.430000e-07
4.430000e-07
4.430000e-07
4.430000e-07
4.430000e-07
4.430000e-07
4.430000e-07
4.430000e-07
4.430000e-07
4.430000e-07
4.430000e-07
4.430000e-07
4.430000e-07
4.430000e-07
4.430000e-07
4.430000e-07
4.430000e-07
4.430000e-07
4.430000e-07
4.430000e-07
4.430000e-07
4.430000e-07
4.430000e-07
4.430000e-07
4.430000e-07
4.430000e-07
4.430000e-07
4.430000e-07
4.430000e-07
4.430000e-07
4.430000e-07
4.430000e-07
4.430000e-07
4.430000e-07
4.430000e-07
4.430000e-07
4.430000e-07
4.430000e-07
4.430000e-07
4.430000e-07
4.430000e-07
4.430000e-07
4.430000e-07
4.430000e-07
4.430000e-07
4.430000e-07
4.430000e-07
4.430000e-07
4.430000e-07
4.430000e-07
4.430000e-07
4.430000e-07
4.430000e-07
4.430000e-07
4.430000e-07
4.430000e-07
4.430000e-07
4.430000e-07
4.430000e-07
4.430000e-07
4.430000e-07
4.430000e-07
4.430000e-07
4.430000e-07
4.430000e-07
4.430000e-07
4.430000e-07
4.430000e-07
4.430000e-07
4.430000e-07
4.430000e-07
4.430000e-07
4.430000e-07
4.430000e-07
4.430000e-07
4.430000e-07
4.430000e-07
4.430000e-07
4.430000e-07
4.430000e-07
4.430000e-07
4.430000e-07
4.430000e-07
4.430000e-07
4.430000e-07
4.430000e-07
4.430000e-07
4.430000e-07
4.430000e-07
4.430000e-07
4.430000e-07
4.430000e-07
4.430000e-07
4.430000e-07
4.430000e-07
4.430000e-07
4.430000e-07
4.430000e-07
4.430000e-07
4.430000e-07
4.430000e-07
4.430000e-07
4.430000e-07
4.430000e-07
4.430000e-07
4.430000e-07
4.430000e-07
4.430000e-07
4.430000e-07
4.430000e-07
4.430000e-07
4.430000e-07
4.430000e-07
4.430000e-07
4.430000e-07
4.430000e-07
4.430000e-07
4.430000e-07
4.430000e-07
4.430000e-07
4.430000e-07
4.430000e-07
4.430000e-07
4.430000e-07
4.430000e-07
4.430000e-07
4.430000e-07
4.430000e-07
4.430000e-07
4.430000e-07
4.430000e-07
4.430000e-07
4.430000e-07
4.430000e-07
4.430000e-07
4.430000e-07
4.430000e-07
4.430000e-07
4.430000e-07
4.430000e-07
4.430000e-07
4.430000e-07
4.430000e-07
4.430000e-07
4.430000e-07
4.430000e-07
4.430000e-07
4.430000e-07
4.430000e-07
4.430000e-07
4.430000e-07
4.430000e-07
4.430000e-07
4.430000e-07
4.430000e-07
4.430000e-07
4.430000e-07
4.430000e-07
4.430000e-07
4.430000e-07
4.430000e-07
4.430000e-07
4.430000e-07
4.430000e-07
4.430000e-07
4.430000e-07
4.430000e-07
4.430000e-07
4.430000e-07
4.430000e-07
4.430000e-07
4.430000e-07
4.430000e-07
4.430000e-07
4.430000e-07
4.430000e-07
4.430000e-07
4.430000e-07
4.430000e-07
4.430000e-07
4.430000e-07
4.430000e-07
4.430000e-07
4.430000e-07
4.430000e-07
4.430000e-07
4.430000e-07
4.430000e-07
4.430000e-07
4.430000e-07
4.430000e-07
4.430000e-07
4.430000e-07
4.430000e-07
4.430000e-07
4.430000e-07
4.430000e-07
4.430000e-07
4.430000e-07
4.430000e-07
4.430000e-07
4.430000e-07
4.430000e-07
4.430000e-07
4.430000e-07
4.430000e-07
4.430000e-07
4.430000e-07
4.430000e-07
4.430000e-07
4.430000e-07
4.430000e-07
4.430000e-07
4.430000e-07
4.430000e-07
4.430000e-07
4.430000e-07
4.430000e-07
4.430000e-07
4.430000e-07
4.430000e-07
4.430000e-07
4.430000e-07
4.430000e-07
4.430000e-07
4.430000e-07
4.430000e-07
4.430000e-07
4.430000e-07
4.430000e-07
4.430000e-07
4.430000e-07
4.430000e-07
4.430000e-07
4.430000e-07
4.430000e-07
4.430000e-07
4.430000e-07
4.430000e-07
4.430000e-07
4.430000e-07
4.430000e-07
4.430000e-07
4.430000e-07
4.430000e-07
4.430000e-07
4.430000e-07
4.430000e-07
4.430000e-07
4.430000e-07
4.430000e-07
4.430000e-07
4.430000e-07
4.430000e-07
4.430000e-07
4.430000e-07
4.430000e-07
4.430000e-07
4.430000e-07
4.430000e-07
4.430000e-07
4.430000e-07
4.430000e-07
4.430000e-07
4.430000e-07
4.430000e-07
4.430000e-07
4.430000e-07
4.430000e-07
4.430000e-07
4.430000e-07
4.430000e-07
4.430000e-07
4.430000e-07
4.430000e-07
4.430000e-07
4.430000e-07
4.430000e-07
4.430000e-07
4.430000e-07
4.430000e-07
4.430000e-07
4.430000e-07
4.430000e-07
4.430000e-07
4.430000e-07
4.430000e-07
4.430000e-07
4.430000e-07
4.430000e-07
4.430000e-07
4.430000e-07
4.430000e-07
4.430000e-07
4.430000e-07
4.430000e-07
4.430000e-07
4.430000e-07
4.430000e-07
4.430000e-07
4.430000e-07
4.430000e-07
4.430000e-07
4.430000e-07
4.430000e-07
4.430000e-07
4.430000e-07
4.430000e-07
4.430000e-07
4.430000e-07
4.430000e-07
4.430000e-07
4.430000e-07
4.430000e-07
4.430000e-07
4.430000e-07
4.430000e-07
4.430000e-07
4.430000e-07
4.430000e-07
4.430000e-07
4.430000e-07
4.430000e-07
4.430000e-07
4.430000e-07
4.430000e-07
4.430000e-07
4.430000e-07
4.430000e-07
4.430000e-07
4.430000e-07
4.430000e-07
4.430000e-07
4.430000e-07
4.430000e-07
4.430000e-07
4.430000e-07
4.430000e-07
4.430000e-07
4.430000e-07
4.430000e-07
4.430000e-07
4.430000e-07
4.430000e-07
4.430000e-07
4.430000e-07
4.430000e-07
4.430000e-07
4.430000e-07
4.430000e-07
4.430000e-07
4.430000e-07
4.430000e-07
4.430000e-07
4.430000e-07
4.430000e-07
4.430000e-07
4.430000e-07
4.430000e-07
4.430000e-07
4.430000e-07
4.430000e-07
4.430000e-07
4.430000e-07
4.430000e-07
4.430000e-07
4.430000e-07
4.430000e-07
4.430000e-07
4.430000e-07
4.430000e-07
4.430000e-07
4.430000e-07
4.430000e-07
4.430000e-07
4.430000e-07
4.430000e-07
4.430000e-07
4.430000e-07
4.430000e-07
4.430000e-07
4.430000e-07
4.430000e-07
4.430000e-07
4.430000e-07
4.430000e-07
4.430000e-07
4.430000e-07
4.430000e-07
4.430000e-07
4.430000e-07
4.430000e-07
4.430000e-07
4.430000e-07
4.430000e-07
4.430000e-07
4.430000e-07
4.430000e-07
4.430000e-07
4.430000e-07
4.430000e-07
4.430000e-07
4.430000e-07
4.430000e-07
4.430000e-07
4.430000e-07
4.430000e-07
4.430000e-07
4.430000e-07
4.430000e-07
4.430000e-07
4.430000e-07
4.430000e-07
4.430000e-07
4.430000e-07
4.430000e-07
4.430000e-07
4.430000e-07
4.430000e-07
4.430000e-07
4.430000e-07
4.430000e-07
4.430000e-07
4.430000e-07
4.430000e-07
4.430000e-07
4.430000e-07
4.430000e-07
4.430000e-07
4.430000e-07
4.430000e-07
4.430000e-07
4.430000e-07
4.430000e-07
4.430000e-07
4.430000e-07
4.430000e-07
4.430000e-07
4.430000e-07
4.430000e-07
4.430000e-07
4.430000e-07
4.430000e-07
4.430000e-07
4.430000e-07
4.430000e-07
4.430000e-07
4.430000e-07
4.430000e-07
4.430000e-07
4.430000e-07
4.430000e-07
4.430000e-07
4.430000e-07
4.430000e-07
4.430000e-07
4.430000e-07
4.430000e-07
4.430000e-07
4.430000e-07
4.430000e-07
4.430000e-07
4.430000e-07
4.430000e-07
4.430000e-07
4.430000e-07
4.430000e-07
4.430000e-07
4.430000e-07
4.430000e-07
4.430000e-07
4.430000e-07
4.430000e-07
4.430000e-07
4.430000e-07
4.430000e-07
4.430000e-07
4.430000e-07
4.430000e-07
4.430000e-07
4.430000e-07
4.430000e-07
4.430000e-07
4.430000e-07
4.430000e-07
4.430000e-07
4.430000e-07
4.430000e-07
4.430000e-07
4.430000e-07
4.430000e-07
4.430000e-07
4.430000e-07
4.430000e-07
4.430000e-07
4.430000e-07
4.430000e-07
4.430000e-07
4.430000e-07
4.430000e-07
4.430000e-07
4.430000e-07
4.430000e-07
4.430000e-07
4.430000e-07
4.430000e-07
4.430000e-07
4.430000e-07
4.430000e-07
4.430000e-07
4.430000e-07
4.430000e-07
4.430000e-07
4.430000e-07
4.430000e-07
4.430000e-07
4.430000e-07
4.430000e-07
4.430000e-07
4.430000e-07
4.430000e-07
4.430000e-07
4.430000e-07
4.430000e-07
4.430000e-07
4.430000e-07
4.430000e-07
4.430000e-07
4.430000e-07
4.430000e-07
4.430000e-07
4.430000e-07
4.430000e-07
4.430000e-07
4.430000e-07
4.430000e-07
4.430000e-07
4.430000e-07
4.430000e-07
4.430000e-07
4.430000e-07
4.430000e-07
4.430000e-07
4.430000e-07
4.430000e-07
4.430000e-07
4.430000e-07
4.430000e-07
4.430000e-07
4.430000e-07
4.430000e-07
4.430000e-07
4.430000e-07
4.430000e-07
4.430000e-07
4.430000e-07
4.430000e-07
4.430000e-07
4.430000e-07
4.430000e-07
4.430000e-07
4.430000e-07
4.430000e-07
4.430000e-07
4.430000e-07
4.430000e-07
4.430000e-07
4.430000e-07
4.430000e-07
4.430000e-07
4.430000e-07
4.430000e-07
4.430000e-07
4.430000e-07
4.430000e-07
4.430000e-07
4.430000e-07
4.430000e-07
4.430000e-07
4.430000e-07
4.430000e-07
4.430000e-07
4.430000e-07
4.430000e-07
4.430000e-07
4.430000e-07
4.430000e-07
4.430000e-07
4.430000e-07
4.430000e-07
4.430000e-07
4.430000e-07
4.430000e-07
4.430000e-07
4.430000e-07
4.430000e-07
4.430000e-07
4.430000e-07
4.430000e-07
4.430000e-07
4.430000e-07
4.430000e-07
4.430000e-07
4.430000e-07
4.430000e-07
4.430000e-07
4.430000e-07
4.430000e-07
4.430000e-07
4.430000e-07
4.430000e-07
4.430000e-07
4.430000e-07
4.430000e-07
4.430000e-07
4.430000e-07
4.430000e-07
4.430000e-07
4.430000e-07
4.430000e-07
4.430000e-07
4.430000e-07
4.430000e-07
4.430000e-07
4.430000e-07
4.430000e-07
4.430000e-07
4.430000e-07
4.430000e-07
4.430000e-07
4.430000e-07
4.430000e-07
4.430000e-07
4.430000e-07
4.430000e-07
4.430000e-07
4.430000e-07
4.430000e-07
4.430000e-07
4.430000e-07
4.430000e-07
4.430000e-07
4.430000e-07
4.430000e-07
4.430000e-07
4.430000e-07
4.430000e-07
4.430000e-07
4.430000e-07
4.430000e-07
4.430000e-07
4.430000e-07
4.430000e-07
4.430000e-07
4.430000e-07
4.430000e-07
4.430000e-07
4.430000e-07
4.430000e-07
4.430000e-07
4.430000e-07
4.430000e-07
4.430000e-07
4.430000e-07
4.430000e-07
4.430000e-07
4.430000e-07
4.430000e-07
4.430000e-07
4.430000e-07
4.430000e-07
4.430000e-07
4.430000e-07
4.430000e-07
4.430000e-07
4.430000e-07
4.430000e-07
4.430000e-07
4.430000e-07
4.430000e-07
4.430000e-07
4.430000e-07
4.430000e-07
4.430000e-07
4.430000e-07
4.430000e-07
4.430000e-07
4.430000e-07
4.430000e-07
4.430000e-07
4.430000e-07
4.430000e-07
4.430000e-07
4.430000e-07
4.430000e-07
4.430000e-07
4.430000e-07
4.430000e-07
4.430000e-07
4.430000e-07
4.430000e-07
4.430000e-07
4.430000e-07
4.430000e-07
4.430000e-07
4.430000e-07
4.430000e-07
4.430000e-07
4.430000e-07
4.430000e-07
4.430000e-07
4.430000e-07
4.430000e-07
4.430000e-07
4.430000e-07
4.430000e-07
4.430000e-07
4.430000e-07
4.430000e-07
4.430000e-07
4.430000e-07
4.430000e-07
4.430000e-07
4.430000e-07
4.430000e-07
4.430000e-07
4.430000e-07
4.430000e-07
4.430000e-07
4.430000e-07
4.430000e-07
4.430000e-07
4.430000e-07
4.430000e-07
4.430000e-07
4.430000e-07
4.430000e-07
4.430000e-07
4.430000e-07
4.430000e-07
4.430000e-07
4.430000e-07
4.430000e-07
4.430000e-07
4.430000e-07
4.430000e-07
4.430000e-07
4.430000e-07
4.430000e-07
4.430000e-07
4.430000e-07
4.430000e-07
4.430000e-07
4.430000e-07
4.430000e-07
4.430000e-07
4.430000e-07
4.430000e-07
4.430000e-07
4.430000e-07
4.430000e-07
4.430000e-07
4.430000e-07
4.430000e-07
4.430000e-07
4.430000e-07
4.430000e-07
4.430000e-07
4.430000e-07
4.430000e-07
4.430000e-07
4.430000e-07
4.430000e-07
4.430000e-07
4.430000e-07
4.430000e-07
4.430000e-07
4.430000e-07
4.430000e-07
4.430000e-07
4.430000e-07
4.430000e-07
4.430000e-07
4.430000e-07
4.430000e-07
4.430000e-07
4.430000e-07
4.430000e-07
4.430000e-07
4.430000e-07
4.430000e-07
4.430000e-07
4.430000e-07
4.430000e-07
4.430000e-07
4.430000e-07
4.430000e-07
4.430000e-07
4.430000e-07
4.430000e-07
4.430000e-07
4.430000e-07
4.430000e-07
4.430000e-07
4.430000e-07
4.430000e-07
4.430000e-07
4.430000e-07
4.430000e-07
4.430000e-07
4.430000e-07
4.430000e-07
4.430000e-07
4.430000e-07
4.430000e-07
4.430000e-07
4.430000e-07
4.430000e-07
4.430000e-07
4.430000e-07
4.430000e-07
4.430000e-07
4.430000e-07
4.430000e-07
4.430000e-07
4.430000e-07
4.430000e-07
4.430000e-07
4.430000e-07
4.430000e-07
4.430000e-07
4.430000e-07
4.430000e-07
4.430000e-07
4.430000e-07
4.430000e-07
4.430000e-07
4.430000e-07
4.430000e-07
4.430000e-07
4.430000e-07
4.430000e-07
4.430000e-07
4.430000e-07
4.430000e-07
4.430000e-07
4.430000e-07
4.430000e-07
4.430000e-07
4.430000e-07
4.430000e-07
4.430000e-07
4.430000e-07
4.430000e-07
4.430000e-07
4.430000e-07
4.430000e-07
4.430000e-07
4.430000e-07
4.430000e-07
4.430000e-07
4.430000e-07
4.430000e-07
4.430000e-07
4.430000e-07
4.430000e-07
4.430000e-07
4.430000e-07
4.430000e-07
4.430000e-07
4.430000e-07
4.430000e-07
4.430000e-07
4.430000e-07
4.430000e-07
4.430000e-07
4.430000e-07
4.430000e-07
4.430000e-07
4.430000e-07
4.430000e-07
4.430000e-07
4.430000e-07
4.430000e-07
4.430000e-07
4.430000e-07
4.430000e-07
4.430000e-07
4.430000e-07
4.430000e-07
4.430000e-07
4.430000e-07
4.430000e-07
4.430000e-07
4.430000e-07
4.430000e-07
4.430000e-07
4.430000e-07
4.430000e-07
4.430000e-07
4.430000e-07
4.430000e-07
4.430000e-07
4.430000e-07
4.430000e-07
4.430000e-07
4.430000e-07
4.430000e-07
4.430000e-07
4.430000e-07
4.430000e-07
4.430000e-07
4.430000e-07
4.430000e-07
4.430000e-07
4.430000e-07
4.430000e-07
4.430000e-07
4.430000e-07
4.430000e-07
4.430000e-07
4.430000e-07
4.430000e-07
4.430000e-07
4.430000e-07
4.430000e-07
4.430000e-07
4.430000e-07
4.430000e-07
4.430000e-07
4.430000e-07
4.430000e-07
4.430000e-07
4.430000e-07
4.430000e-07
4.430000e-07
4.430000e-07
4.430000e-07
4.430000e-07
4.430000e-07
4.430000e-07
4.430000e-07
4.430000e-07
4.430000e-07
4.430000e-07
4.430000e-07
4.430000e-07
4.430000e-07
4.430000e-07
4.430000e-07
4.430000e-07
4.430000e-07
4.430000e-07
4.430000e-07
4.430000e-07
4.430000e-07
4.430000e-07
4.430000e-07
4.430000e-07
4.430000e-07
4.430000e-07
4.430000e-07
4.430000e-07
4.430000e-07
4.430000e-07
4.430000e-07
4.430000e-07
4.430000e-07
4.430000e-07
4.430000e-07
4.430000e-07
4.430000e-07
4.430000e-07
4.430000e-07
4.430000e-07
4.430000e-07
4.430000e-07
4.430000e-07
4.430000e-07
4.430000e-07
4.430000e-07
4.430000e-07
4.430000e-07
4.430000e-07
4.430000e-07
4.430000e-07
4.430000e-07
4.430000e-07
4.430000e-07
4.430000e-07
4.430000e-07
4.430000e-07
4.430000e-07
4.430000e-07
4.430000e-07
4.430000e-07
4.430000e-07
4.430000e-07
4.430000e-07
4.430000e-07
4.430000e-07
4.430000e-07
4.430000e-07
4.430000e-07
4.430000e-07
4.430000e-07
4.430000e-07
4.430000e-07
4.430000e-07
4.430000e-07
4.430000e-07
4.430000e-07
4.430000e-07
4.430000e-07
4.430000e-07
4.430000e-07
4.430000e-07
4.430000e-07
4.430000e-07
4.430000e-07
4.430000e-07
4.430000e-07
4.430000e-07
4.430000e-07
4.430000e-07
4.430000e-07
4.430000e-07
4.430000e-07
4.430000e-07
4.430000e-07
4.430000e-07
4.430000e-07
4.430000e-07
4.430000e-07
4.430000e-07
4.430000e-07
4.430000e-07
4.430000e-07
4.430000e-07
4.430000e-07
4.430000e-07
4.430000e-07
4.430000e-07
4.430000e-07
4.430000e-07
4.430000e-07
4.430000e-07
4.430000e-07
4.430000e-07
4.430000e-07
4.430000e-07
4.430000e-07
4.430000e-07
4.430000e-07
4.430000e-07
4.430000e-07
4.430000e-07
4.430000e-07
4.430000e-07
4.430000e-07
4.430000e-07
4.430000e-07
4.430000e-07
4.430000e-07
4.430000e-07
4.430000e-07
4.430000e-07
4.430000e-07
4.430000e-07
4.430000e-07
4.430000e-07
4.430000e-07
4.430000e-07
4.430000e-07
4.430000e-07
4.430000e-07
4.430000e-07
4.430000e-07
4.430000e-07
4.430000e-07
4.430000e-07
4.430000e-07
4.430000e-07
4.430000e-07
4.430000e-07
4.430000e-07
4.430000e-07
4.430000e-07
4.430000e-07
4.430000e-07
4.430000e-07
4.430000e-07
4.430000e-07
4.430000e-07
4.430000e-07
4.430000e-07
4.430000e-07
4.430000e-07
4.430000e-07
4.430000e-07
4.430000e-07
4.430000e-07
4.430000e-07
4.430000e-07
4.430000e-07
4.430000e-07
4.430000e-07
4.430000e-07
4.430000e-07
4.430000e-07
4.430000e-07
4.430000e-07
4.430000e-07
4.430000e-07
4.430000e-07
4.430000e-07
4.430000e-07
4.430000e-07
4.430000e-07
4.430000e-07
4.430000e-07
4.430000e-07
4.430000e-07
4.430000e-07
4.430000e-07
4.430000e-07
4.430000e-07
4.430000e-07
4.430000e-07
4.430000e-07
4.430000e-07
4.430000e-07
4.430000e-07
4.430000e-07
4.430000e-07
4.430000e-07
4.430000e-07
4.430000e-07
4.430000e-07
4.430000e-07
4.430000e-07
4.430000e-07
4.430000e-07
4.430000e-07
4.430000e-07
4.430000e-07
4.430000e-07
4.430000e-07
4.430000e-07
4.430000e-07
4.430000e-07
4.430000e-07
4.430000e-07
4.430000e-07
4.430000e-07
4.430000e-07
4.430000e-07
4.430000e-07
4.430000e-07
4.430000e-07
4.430000e-07
4.430000e-07
4.430000e-07
4.430000e-07
4.430000e-07
4.430000e-07
4.430000e-07
4.430000e-07
4.430000e-07
4.430000e-07
4.430000e-07
4.430000e-07
4.430000e-07
4.430000e-07
4.430000e-07
4.430000e-07
4.430000e-07
4.430000e-07
4.430000e-07
4.430000e-07
4.430000e-07
4.430000e-07
4.430000e-07
4.430000e-07
4.430000e-07
4.430000e-07
4.430000e-07
4.430000e-07
4.430000e-07
4.430000e-07
4.430000e-07
4.430000e-07
4.430000e-07
4.430000e-07
4.430000e-07
4.430000e-07
4.430000e-07
4.430000e-07
4.430000e-07
4.430000e-07
4.430000e-07
4.430000e-07
4.430000e-07
4.430000e-07
4.430000e-07
4.430000e-07
4.430000e-07
4.430000e-07
4.430000e-07
4.430000e-07
4.430000e-07
4.430000e-07
4.430000e-07
4.430000e-07
4.430000e-07
4.430000e-07
4.430000e-07
4.430000e-07
4.430000e-07
4.430000e-07
4.430000e-07
4.430000e-07
4.430000e-07
4.430000e-07
4.430000e-07
4.430000e-07
4.430000e-07
4.430000e-07
4.430000e-07
4.430000e-07
4.430000e-07
4.430000e-07
4.430000e-07
4.430000e-07
4.430000e-07
4.430000e-07
4.430000e-07
4.430000e-07
4.430000e-07
4.430000e-07
4.430000e-07
4.430000e-07
4.430000e-07
4.430000e-07
4.430000e-07
4.430000e-07
4.430000e-07
4.430000e-07
4.430000e-07
4.430000e-07
4.430000e-07
4.430000e-07
4.430000e-07
4.430000e-07
4.430000e-07
4.430000e-07
4.430000e-07
4.430000e-07
4.430000e-07
4.430000e-07
4.430000e-07
4.430000e-07
4.430000e-07
4.430000e-07
4.430000e-07
4.430000e-07
4.430000e-07
4.430000e-07
4.430000e-07
4.430000e-07
4.430000e-07
4.430000e-07
4.430000e-07
4.430000e-07
4.430000e-07
4.430000e-07
4.430000e-07
4.430000e-07
4.430000e-07
4.430000e-07
4.430000e-07
4.430000e-07
4.430000e-07
4.430000e-07
4.430000e-07
4.430000e-07
4.430000e-07
4.430000e-07
4.430000e-07
4.430000e-07
4.430000e-07
4.430000e-07
4.430000e-07
4.430000e-07
4.430000e-07
4.430000e-07
4.430000e-07
4.430000e-07
4.430000e-07
4.430000e-07
4.430000e-07
4.430000e-07
4.430000e-07
4.430000e-07
4.430000e-07
4.430000e-07
4.430000e-07
4.430000e-07
4.430000e-07
4.430000e-07
4.430000e-07
4.430000e-07
4.430000e-07
4.430000e-07
4.430000e-07
4.430000e-07
4.430000e-07
4.430000e-07
4.430000e-07
4.430000e-07
4.430000e-07
4.430000e-07
4.430000e-07
4.430000e-07
4.430000e-07
4.430000e-07
4.430000e-07
4.430000e-07
4.430000e-07
4.430000e-07
4.430000e-07
4.430000e-07
4.430000e-07
4.430000e-07
4.430000e-07
4.430000e-07
4.430000e-07
4.430000e-07
4.430000e-07
4.430000e-07
4.430000e-07
4.430000e-07
4.430000e-07
4.430000e-07
4.430000e-07
4.430000e-07
4.430000e-07
4.430000e-07
4.430000e-07
4.430000e-07
4.430000e-07
4.430000e-07
4.430000e-07
4.430000e-07
4.430000e-07
4.430000e-07
4.430000e-07
4.430000e-07
4.430000e-07
4.430000e-07
4.430000e-07
4.430000e-07
4.430000e-07
4.430000e-07
4.430000e-07
4.430000e-07
4.430000e-07
4.430000e-07
4.430000e-07
4.430000e-07
4.430000e-07
4.430000e-07
4.430000e-07
4.430000e-07
4.430000e-07
4.430000e-07
4.430000e-07
4.430000e-07
4.430000e-07
4.430000e-07
4.430000e-07
4.430000e-07
4.430000e-07
4.430000e-07
4.430000e-07
4.430000e-07
4.430000e-07
4.430000e-07
4.430000e-07
4.430000e-07
4.430000e-07
4.430000e-07
4.430000e-07
4.430000e-07
4.430000e-07
4.430000e-07
4.430000e-07
4.430000e-07
4.430000e-07
4.430000e-07
4.430000e-07
4.430000e-07
4.430000e-07
4.430000e-07
4.430000e-07
4.430000e-07
4.430000e-07
4.430000e-07
4.430000e-07
4.430000e-07
4.430000e-07
4.430000e-07
4.430000e-07
4.430000e-07
4.430000e-07
4.430000e-07
4.430000e-07
4.430000e-07
4.430000e-07
4.430000e-07
4.430000e-07
4.430000e-07
4.430000e-07
4.430000e-07
4.430000e-07
4.430000e-07
4.430000e-07
4.430000e-07
4.430000e-07
4.430000e-07
4.430000e-07
4.430000e-07
4.430000e-07
4.430000e-07
4.430000e-07
4.430000e-07
4.430000e-07
4.430000e-07
4.430000e-07
4.430000e-07
4.430000e-07
4.430000e-07
4.430000e-07
4.430000e-07
4.430000e-07
4.430000e-07
4.430000e-07
4.430000e-07
4.430000e-07
4.430000e-07
4.430000e-07
4.430000e-07
4.430000e-07
4.430000e-07
4.430000e-07
4.430000e-07
4.430000e-07
4.430000e-07
4.430000e-07
4.430000e-07
4.430000e-07
4.430000e-07
4.430000e-07
4.430000e-07
4.430000e-07
4.430000e-07
4.430000e-07
4.430000e-07
4.430000e-07
4.430000e-07
4.430000e-07
4.430000e-07
4.430000e-07
4.430000e-07
4.430000e-07
4.430000e-07
4.430000e-07
4.430000e-07
4.430000e-07
4.430000e-07
4.430000e-07
4.430000e-07
4.430000e-07
4.430000e-07
4.430000e-07
4.430000e-07
4.430000e-07
4.430000e-07
4.430000e-07
4.430000e-07
4.430000e-07
4.430000e-07
4.430000e-07
4.430000e-07
4.430000e-07
4.430000e-07
4.430000e-07
4.430000e-07
4.430000e-07
4.430000e-07
4.430000e-07
4.430000e-07
4.430000e-07
4.430000e-07
4.430000e-07
4.430000e-07
4.430000e-07
4.430000e-07
4.430000e-07
4.430000e-07
4.430000e-07
4.430000e-07
4.430000e-07
4.430000e-07
4.430000e-07
4.430000e-07
4.430000e-07
4.430000e-07
4.430000e-07
4.430000e-07
4.430000e-07
4.430000e-07
4.430000e-07
4.430000e-07
4.430000e-07
4.430000e-07
4.430000e-07
4.430000e-07
4.430000e-07
4.430000e-07
4.430000e-07
4.430000e-07
4.430000e-07
4.430000e-07
4.430000e-07
4.430000e-07
4.430000e-07
4.430000e-07
4.430000e-07
4.430000e-07
4.430000e-07
4.430000e-07
4.430000e-07
4.430000e-07
4.430000e-07
4.430000e-07
4.430000e-07
4.430000e-07
4.430000e-07
4.430000e-07
4.430000e-07
4.430000e-07
4.430000e-07
4.430000e-07
4.430000e-07
4.430000e-07
4.430000e-07
4.430000e-07
4.430000e-07
4.430000e-07
4.430000e-07
4.430000e-07
4.430000e-07
4.430000e-07
4.430000e-07
4.430000e-07
4.430000e-07
4.430000e-07
4.430000e-07
4.430000e-07
4.430000e-07
4.430000e-07
4.430000e-07
4.430000e-07
4.430000e-07
4.430000e-07
4.430000e-07
4.430000e-07
4.430000e-07
4.430000e-07
4.430000e-07
4.430000e-07
4.430000e-07
4.430000e-07
4.430000e-07
4.430000e-07
4.430000e-07
4.430000e-07
4.430000e-07
4.430000e-07
4.430000e-07
4.430000e-07
4.430000e-07
4.430000e-07
4.430000e-07
4.430000e-07
4.430000e-07
4.430000e-07
4.430000e-07
4.430000e-07
4.430000e-07
4.430000e-07
4.430000e-07
4.430000e-07
4.430000e-07
4.430000e-07
4.430000e-07
4.430000e-07
4.430000e-07
4.430000e-07
4.430000e-07
4.430000e-07
4.430000e-07
4.430000e-07
4.430000e-07
4.430000e-07
4.430000e-07
4.430000e-07
4.430000e-07
4.430000e-07
4.430000e-07
4.430000e-07
4.430000e-07
4.430000e-07
4.430000e-07
4.430000e-07
4.430000e-07
4.430000e-07
4.430000e-07
4.430000e-07
4.430000e-07
4.430000e-07
4.430000e-07
4.430000e-07
4.430000e-07
4.430000e-07
4.430000e-07
4.430000e-07
4.430000e-07
4.430000e-07
4.430000e-07
4.430000e-07
4.430000e-07
4.430000e-07
4.430000e-07
4.430000e-07
4.430000e-07
4.430000e-07
4.430000e-07
4.430000e-07
4.430000e-07
4.430000e-07
4.430000e-07
4.430000e-07
4.430000e-07
4.430000e-07
4.430000e-07
4.430000e-07
4.430000e-07
4.430000e-07
4.430000e-07
4.430000e-07
4.430000e-07
4.430000e-07
4.430000e-07
4.430000e-07
4.430000e-07
4.430000e-07
4.430000e-07
4.430000e-07
4.430000e-07
4.430000e-07
4.430000e-07
4.430000e-07
4.430000e-07
4.430000e-07
4.430000e-07
4.430000e-07
4.430000e-07
4.430000e-07
4.430000e-07
4.430000e-07
4.430000e-07
4.430000e-07
4.430000e-07
4.430000e-07
4.430000e-07
4.430000e-07
4.430000e-07
4.430000e-07
4.430000e-07
4.430000e-07
4.430000e-07
4.430000e-07
4.430000e-07
4.430000e-07
4.430000e-07
4.430000e-07
4.430000e-07
4.430000e-07
4.430000e-07
4.430000e-07
4.430000e-07
4.430000e-07
4.430000e-07
4.430000e-07
4.430000e-07
4.430000e-07
4.430000e-07
4.430000e-07
4.430000e-07
4.430000e-07
4.430000e-07
4.430000e-07
4.430000e-07
4.430000e-07
4.430000e-07
4.430000e-07
4.430000e-07
4.430000e-07
4.430000e-07
4.430000e-07
4.430000e-07
4.430000e-07
4.430000e-07
4.430000e-07
4.430000e-07
4.430000e-07
4.430000e-07
4.430000e-07
4.430000e-07
4.430000e-07
4.430000e-07
4.430000e-07
4.430000e-07
4.430000e-07
4.430000e-07
4.430000e-07
4.430000e-07
4.430000e-07
4.430000e-07
4.430000e-07
4.430000e-07
4.430000e-07
4.430000e-07
4.430000e-07
4.430000e-07
4.430000e-07
4.430000e-07
4.430000e-07
4.430000e-07
4.430000e-07
4.430000e-07
4.430000e-07
4.430000e-07
4.430000e-07
4.430000e-07
4.430000e-07
4.430000e-07
4.430000e-07
4.430000e-07
4.430000e-07
4.430000e-07
4.430000e-07
4.430000e-07
4.430000e-07
4.430000e-07
4.430000e-07
4.430000e-07
4.430000e-07
4.430000e-07
4.430000e-07
4.430000e-07
4.430000e-07
4.430000e-07
4.430000e-07
4.430000e-07
4.430000e-07
4.430000e-07
4.430000e-07
4.430000e-07
4.430000e-07
4.430000e-07
4.430000e-07
4.430000e-07
4.430000e-07
4.430000e-07
4.430000e-07
4.430000e-07
4.430000e-07
4.430000e-07
4.430000e-07
4.430000e-07
4.430000e-07
4.430000e-07
4.430000e-07
4.430000e-07
4.430000e-07
4.430000e-07
4.430000e-07
4.430000e-07
4.430000e-07
4.430000e-07
4.430000e-07
4.430000e-07
4.430000e-07
4.430000e-07
4.430000e-07
4.430000e-07
4.430000e-07
4.430000e-07
4.430000e-07
4.430000e-07
4.430000e-07
4.430000e-07
4.430000e-07
4.430000e-07
4.430000e-07
4.430000e-07
4.430000e-07
4.430000e-07
4.430000e-07
4.430000e-07
4.430000e-07
4.430000e-07
4.430000e-07
4.430000e-07
4.430000e-07
4.430000e-07
4.430000e-07
4.430000e-07
4.430000e-07
4.430000e-07
4.430000e-07
4.430000e-07
4.430000e-07
4.430000e-07
4.430000e-07
4.430000e-07
4.430000e-07
4.430000e-07
4.430000e-07
4.430000e-07
4.430000e-07
4.430000e-07
4.430000e-07
4.430000e-07
4.430000e-07
4.430000e-07
4.430000e-07
4.430000e-07
4.430000e-07
4.430000e-07
4.430000e-07
4.430000e-07
4.430000e-07
4.430000e-07
4.430000e-07
4.430000e-07
4.430000e-07
4.430000e-07
4.430000e-07
4.430000e-07
4.430000e-07
4.430000e-07
4.430000e-07
4.430000e-07
4.430000e-07
4.430000e-07
4.430000e-07
4.430000e-07
4.430000e-07
4.430000e-07
4.430000e-07
4.430000e-07
4.430000e-07
4.430000e-07
4.430000e-07
4.430000e-07
4.430000e-07
4.430000e-07
4.430000e-07
4.430000e-07
4.430000e-07
4.430000e-07
4.430000e-07
4.430000e-07
4.430000e-07
4.430000e-07
4.430000e-07
4.430000e-07
4.430000e-07
4.430000e-07
4.430000e-07
4.430000e-07
4.430000e-07
4.430000e-07
4.430000e-07
4.430000e-07
4.430000e-07
4.430000e-07
4.430000e-07
4.430000e-07
4.430000e-07
4.430000e-07
4.430000e-07
4.430000e-07
4.430000e-07
4.430000e-07
4.430000e-07
4.430000e-07
4.430000e-07
4.430000e-07
4.430000e-07
4.430000e-07
4.430000e-07
4.430000e-07
4.430000e-07
4.430000e-07
4.430000e-07
4.430000e-07
4.430000e-07
4.430000e-07
4.430000e-07
4.430000e-07
4.430000e-07
4.430000e-07
4.430000e-07
4.430000e-07
4.430000e-07
4.430000e-07
4.430000e-07
4.430000e-07
4.430000e-07
4.430000e-07
4.430000e-07
4.430000e-07
4.430000e-07
4.430000e-07
4.430000e-07
4.430000e-07
4.430000e-07
4.430000e-07
4.430000e-07
4.430000e-07
4.430000e-07
4.430000e-07
4.430000e-07
4.430000e-07
4.430000e-07
4.430000e-07
4.430000e-07
4.430000e-07
4.430000e-07
4.430000e-07
4.430000e-07
4.430000e-07
4.430000e-07
4.430000e-07
4.430000e-07
4.430000e-07
4.430000e-07
4.430000e-07
4.430000e-07
4.430000e-07
4.430000e-07
4.430000e-07
4.430000e-07
4.430000e-07
4.430000e-07
4.430000e-07
4.430000e-07
4.430000e-07
4.430000e-07
4.430000e-07
4.430000e-07
4.430000e-07
4.430000e-07
4.430000e-07
4.430000e-07
4.430000e-07
4.430000e-07
4.430000e-07
4.430000e-07
4.430000e-07
4.430000e-07
4.430000e-07
4.430000e-07
4.430000e-07
4.430000e-07
4.430000e-07
4.430000e-07
4.430000e-07
4.430000e-07
4.430000e-07
4.430000e-07
4.430000e-07
4.430000e-07
4.430000e-07
4.430000e-07
4.430000e-07
4.430000e-07
4.430000e-07
4.430000e-07
4.430000e-07
4.430000e-07
4.430000e-07
4.430000e-07
4.430000e-07
4.430000e-07
4.430000e-07
4.430000e-07
4.430000e-07
4.430000e-07
4.430000e-07
4.430000e-07
4.430000e-07
4.430000e-07
4.430000e-07
4.430000e-07
4.430000e-07
4.430000e-07
4.430000e-07
4.430000e-07
4.430000e-07
4.430000e-07
4.430000e-07
4.430000e-07
4.430000e-07
4.430000e-07
4.430000e-07
4.430000e-07
4.430000e-07
4.430000e-07
4.430000e-07
4.430000e-07
4.430000e-07
4.430000e-07
4.430000e-07
4.430000e-07
4.430000e-07
4.430000e-07
4.430000e-07
4.430000e-07
4.430000e-07
4.430000e-07
4.430000e-07
4.430000e-07
4.430000e-07
4.430000e-07
4.430000e-07
4.430000e-07
4.430000e-07
4.430000e-07
4.430000e-07
4.430000e-07
4.430000e-07
4.430000e-07
4.430000e-07
4.430000e-07
4.430000e-07
4.430000e-07
4.430000e-07
4.430000e-07
4.430000e-07
4.430000e-07
4.430000e-07
4.430000e-07
4.430000e-07
4.430000e-07
4.430000e-07
4.430000e-07
4.430000e-07
4.430000e-07
4.430000e-07
4.430000e-07
4.430000e-07
4.430000e-07
4.430000e-07
4.430000e-07
4.430000e-07
4.430000e-07
4.430000e-07
4.430000e-07
4.430000e-07
4.430000e-07
4.430000e-07
4.430000e-07
4.430000e-07
4.430000e-07
4.430000e-07
4.430000e-07
4.430000e-07
4.430000e-07
4.430000e-07
4.430000e-07
4.430000e-07
4.430000e-07
4.430000e-07
4.430000e-07
4.430000e-07
4.430000e-07
4.430000e-07
4.430000e-07
4.430000e-07
4.430000e-07
4.430000e-07
4.430000e-07
4.430000e-07
4.430000e-07
4.430000e-07
4.430000e-07
4.430000e-07
4.430000e-07
4.430000e-07
4.430000e-07
4.430000e-07
4.430000e-07
4.430000e-07
4.430000e-07
4.430000e-07
4.430000e-07
4.430000e-07
4.430000e-07
4.430000e-07
4.430000e-07
4.430000e-07
4.430000e-07
4.430000e-07
4.430000e-07
4.430000e-07
4.430000e-07
4.430000e-07
4.430000e-07
4.430000e-07
4.430000e-07
4.430000e-07
4.430000e-07
4.430000e-07
4.430000e-07
4.430000e-07
4.430000e-07
4.430000e-07
4.430000e-07
4.430000e-07
4.430000e-07
4.430000e-07
4.430000e-07
4.430000e-07
4.430000e-07
4.430000e-07
4.430000e-07
4.430000e-07
4.430000e-07
4.430000e-07
4.430000e-07
4.430000e-07
4.430000e-07
4.430000e-07
4.430000e-07
4.430000e-07
4.430000e-07
4.430000e-07
4.430000e-07
4.430000e-07
4.430000e-07
4.430000e-07
4.430000e-07
4.430000e-07
4.430000e-07
4.430000e-07
4.430000e-07
4.430000e-07
4.430000e-07
4.430000e-07
4.430000e-07
4.430000e-07
4.430000e-07
4.430000e-07
4.430000e-07
4.430000e-07
4.430000e-07
4.430000e-07
4.430000e-07
4.430000e-07
4.430000e-07
4.430000e-07
4.430000e-07
4.430000e-07
4.430000e-07
4.430000e-07
4.430000e-07
4.430000e-07
4.430000e-07
4.430000e-07
4.430000e-07
4.430000e-07
4.430000e-07
4.430000e-07
4.430000e-07
4.430000e-07
4.430000e-07
4.430000e-07
4.430000e-07
4.430000e-07
4.430000e-07
4.430000e-07
4.430000e-07
4.430000e-07
4.430000e-07
4.430000e-07
4.430000e-07
4.430000e-07
4.430000e-07
4.430000e-07
4.430000e-07
4.430000e-07
4.430000e-07
4.430000e-07
4.430000e-07
4.430000e-07
4.430000e-07
4.430000e-07
4.430000e-07
4.430000e-07
4.430000e-07
4.430000e-07
4.430000e-07
4.430000e-07
4.430000e-07
4.430000e-07
4.430000e-07
4.430000e-07
4.430000e-07
4.430000e-07
4.430000e-07
4.430000e-07
4.430000e-07
4.430000e-07
4.430000e-07
4.430000e-07
4.430000e-07
4.430000e-07
4.430000e-07
4.430000e-07
4.430000e-07
4.430000e-07
4.430000e-07
4.430000e-07
4.430000e-07
4.430000e-07
4.430000e-07
4.430000e-07
4.430000e-07
4.430000e-07
4.430000e-07
4.430000e-07
4.430000e-07
4.430000e-07
4.430000e-07
4.430000e-07
4.430000e-07
4.430000e-07
4.430000e-07
4.430000e-07
4.430000e-07
4.430000e-07
4.430000e-07
4.430000e-07
4.430000e-07
4.430000e-07
4.430000e-07
4.430000e-07
4.430000e-07
4.430000e-07
4.430000e-07
4.430000e-07
4.430000e-07
4.430000e-07
4.430000e-07
4.430000e-07
4.430000e-07
4.430000e-07
4.430000e-07
4.430000e-07
4.430000e-07
4.430000e-07
4.430000e-07
4.430000e-07
4.430000e-07
4.430000e-07
4.430000e-07
4.430000e-07
4.430000e-07
4.430000e-07
4.430000e-07
4.430000e-07
4.430000e-07
4.430000e-07
4.430000e-07
4.430000e-07
4.430000e-07
4.430000e-07
4.430000e-07
4.430000e-07
4.430000e-07
4.430000e-07
4.430000e-07
4.430000e-07
4.430000e-07
4.430000e-07
4.430000e-07
4.430000e-07
4.430000e-07
4.430000e-07
4.430000e-07
4.430000e-07
4.430000e-07
4.430000e-07
4.430000e-07
4.430000e-07
4.430000e-07
4.430000e-07
4.430000e-07
4.430000e-07
4.430000e-07
4.430000e-07
4.430000e-07
4.430000e-07
4.430000e-07
4.430000e-07
4.430000e-07
4.430000e-07
4.430000e-07
4.430000e-07
4.430000e-07
4.430000e-07
4.430000e-07
4.430000e-07
4.430000e-07
4.430000e-07
4.430000e-07
4.430000e-07
4.430000e-07
4.430000e-07
4.430000e-07
4.430000e-07
4.430000e-07
4.430000e-07
4.430000e-07
4.430000e-07
4.430000e-07
4.430000e-07
4.430000e-07
4.430000e-07
4.430000e-07
4.430000e-07
4.430000e-07
4.430000e-07
4.430000e-07
4.430000e-07
4.430000e-07
4.430000e-07
4.430000e-07
4.430000e-07
4.430000e-07
4.430000e-07
4.430000e-07
4.430000e-07
4.430000e-07
4.430000e-07
4.430000e-07
4.430000e-07
4.430000e-07
4.430000e-07
4.430000e-07
4.430000e-07
4.430000e-07
4.430000e-07
4.430000e-07
4.430000e-07
4.430000e-07
4.430000e-07
4.430000e-07
4.430000e-07
4.430000e-07
4.430000e-07
4.430000e-07
4.430000e-07
4.430000e-07
4.430000e-07
4.430000e-07
4.430000e-07
4.430000e-07
4.430000e-07
4.430000e-07
4.430000e-07
4.430000e-07
4.430000e-07
4.430000e-07
4.430000e-07
4.430000e-07
4.430000e-07
4.430000e-07
4.430000e-07
4.430000e-07
4.430000e-07
4.430000e-07
4.430000e-07
4.430000e-07
4.430000e-07
4.430000e-07
4.430000e-07
4.430000e-07
4.430000e-07
4.430000e-07
4.430000e-07
4.430000e-07
4.430000e-07
4.430000e-07
4.430000e-07
4.430000e-07
4.430000e-07
4.430000e-07
4.430000e-07
4.430000e-07
4.430000e-07
4.430000e-07
4.430000e-07
4.430000e-07
4.430000e-07
4.430000e-07
4.430000e-07
4.430000e-07
4.430000e-07
4.430000e-07
4.430000e-07
4.430000e-07
4.430000e-07
4.430000e-07
4.430000e-07
4.430000e-07
4.430000e-07
4.430000e-07
4.430000e-07
4.430000e-07
4.430000e-07
4.430000e-07
4.430000e-07
4.430000e-07
4.430000e-07
4.430000e-07
4.430000e-07
4.430000e-07
4.430000e-07
4.430000e-07
4.430000e-07
4.430000e-07
4.430000e-07
4.430000e-07
4.430000e-07
4.430000e-07
4.430000e-07
4.430000e-07
4.430000e-07
4.430000e-07
4.430000e-07
4.430000e-07
4.430000e-07
4.430000e-07
4.430000e-07
4.430000e-07
4.430000e-07
4.430000e-07
4.430000e-07
4.430000e-07
4.430000e-07
4.430000e-07
4.430000e-07
4.430000e-07
4.430000e-07
4.430000e-07
4.430000e-07
4.430000e-07
4.430000e-07
4.430000e-07
4.430000e-07
4.430000e-07
4.430000e-07
4.430000e-07
4.430000e-07
4.430000e-07
4.430000e-07
4.430000e-07
4.430000e-07
4.430000e-07
4.430000e-07
4.430000e-07
4.430000e-07
4.430000e-07
4.430000e-07
4.430000e-07
4.430000e-07
4.430000e-07
4.430000e-07
4.430000e-07
4.430000e-07
4.430000e-07
4.430000e-07
4.430000e-07
4.430000e-07
4.430000e-07
4.430000e-07
4.430000e-07
4.430000e-07
4.430000e-07
4.430000e-07
4.430000e-07
4.430000e-07
4.430000e-07
4.430000e-07
4.430000e-07
4.430000e-07
4.430000e-07
4.430000e-07
4.430000e-07
4.430000e-07
4.430000e-07
4.430000e-07
4.430000e-07
4.430000e-07
4.430000e-07
4.430000e-07
4.430000e-07
4.430000e-07
4.430000e-07
4.430000e-07
4.430000e-07
4.430000e-07
4.430000e-07
4.430000e-07
4.430000e-07
4.430000e-07
4.430000e-07
4.430000e-07
4.430000e-07
4.430000e-07
4.430000e-07
4.430000e-07
4.430000e-07
4.430000e-07
4.430000e-07
4.430000e-07
4.430000e-07
4.430000e-07
4.430000e-07
4.430000e-07
4.430000e-07
4.430000e-07
4.430000e-07
4.430000e-07
4.430000e-07
4.430000e-07
4.430000e-07
4.430000e-07
4.430000e-07
4.430000e-07
4.430000e-07
4.430000e-07
4.430000e-07
4.430000e-07
4.430000e-07
4.430000e-07
4.430000e-07
4.430000e-07
4.430000e-07
4.430000e-07
4.430000e-07
4.430000e-07
4.430000e-07
4.430000e-07
4.430000e-07
4.430000e-07
4.430000e-07
4.430000e-07
4.430000e-07
4.430000e-07
4.430000e-07
4.430000e-07
4.430000e-07
4.430000e-07
4.430000e-07
4.430000e-07
4.430000e-07
4.430000e-07
4.430000e-07
4.430000e-07
4.430000e-07
4.430000e-07
4.430000e-07
4.430000e-07
4.430000e-07
4.430000e-07
4.430000e-07
4.430000e-07
4.430000e-07
4.430000e-07
4.430000e-07
4.430000e-07
4.430000e-07
4.430000e-07
4.430000e-07
4.430000e-07
4.430000e-07
4.430000e-07
4.430000e-07
4.430000e-07
4.430000e-07
4.430000e-07
4.430000e-07
4.430000e-07
4.430000e-07
4.430000e-07
4.430000e-07
4.430000e-07
4.430000e-07
4.430000e-07
4.430000e-07
4.430000e-07
4.430000e-07
4.430000e-07
4.430000e-07
4.430000e-07
4.430000e-07
4.430000e-07
4.430000e-07
4.430000e-07
4.430000e-07
4.430000e-07
4.430000e-07
4.430000e-07
4.430000e-07
4.430000e-07
4.430000e-07
4.430000e-07
4.430000e-07
4.430000e-07
4.430000e-07
4.430000e-07
4.430000e-07
4.430000e-07
4.430000e-07
4.430000e-07
4.430000e-07
4.430000e-07
4.430000e-07
4.430000e-07
4.430000e-07
4.430000e-07
4.430000e-07
4.430000e-07
4.430000e-07
4.430000e-07
4.430000e-07
4.430000e-07
4.430000e-07
4.430000e-07
4.430000e-07
4.430000e-07
4.430000e-07
4.430000e-07
4.430000e-07
4.430000e-07
4.430000e-07
4.430000e-07
4.430000e-07
4.430000e-07
4.430000e-07
4.430000e-07
4.430000e-07
4.430000e-07
4.430000e-07
4.430000e-07
4.430000e-07
4.430000e-07
4.430000e-07
4.430000e-07
4.430000e-07
4.430000e-07
4.430000e-07
4.430000e-07
4.430000e-07
4.430000e-07
4.430000e-07
4.430000e-07
4.430000e-07
4.430000e-07
4.430000e-07
4.430000e-07
4.430000e-07
4.430000e-07
4.430000e-07
4.430000e-07
4.430000e-07
4.430000e-07
4.430000e-07
4.430000e-07
4.430000e-07
4.430000e-07
4.430000e-07
4.430000e-07
4.430000e-07
4.430000e-07
4.430000e-07
4.430000e-07
4.430000e-07
4.430000e-07
4.430000e-07
4.430000e-07
4.430000e-07
4.430000e-07
4.430000e-07
4.430000e-07
4.430000e-07
4.430000e-07
4.430000e-07
4.430000e-07
4.430000e-07
4.430000e-07
4.430000e-07
4.430000e-07
4.430000e-07
4.430000e-07
4.430000e-07
4.430000e-07
4.430000e-07
4.430000e-07
4.430000e-07
4.430000e-07
4.430000e-07
4.430000e-07
4.430000e-07
4.430000e-07
4.430000e-07
4.430000e-07
4.430000e-07
4.430000e-07
4.430000e-07
4.430000e-07
4.430000e-07
4.430000e-07
4.430000e-07
4.430000e-07
4.430000e-07
4.430000e-07
4.430000e-07
4.430000e-07
4.430000e-07
4.430000e-07
4.430000e-07
4.430000e-07
4.430000e-07
4.430000e-07
4.430000e-07
4.430000e-07
4.430000e-07
4.430000e-07
4.430000e-07
4.430000e-07
4.430000e-07
4.430000e-07
4.430000e-07
4.430000e-07
4.430000e-07
4.430000e-07
4.430000e-07
4.430000e-07
4.430000e-07
4.430000e-07
4.430000e-07
4.430000e-07
4.430000e-07
4.430000e-07
4.430000e-07
4.430000e-07
4.430000e-07
4.430000e-07
4.430000e-07
4.430000e-07
4.430000e-07
4.430000e-07
4.430000e-07
4.430000e-07
4.430000e-07
4.430000e-07
4.430000e-07
4.430000e-07
4.430000e-07
4.430000e-07
4.430000e-07
4.430000e-07
4.430000e-07
4.430000e-07
4.430000e-07
4.430000e-07
4.430000e-07
4.430000e-07
4.430000e-07
4.430000e-07
4.430000e-07
4.430000e-07
4.430000e-07
4.430000e-07
4.430000e-07
4.430000e-07
4.430000e-07
4.430000e-07
4.430000e-07
4.430000e-07
4.430000e-07
4.430000e-07
4.430000e-07
4.430000e-07
4.430000e-07
4.430000e-07
4.430000e-07
4.430000e-07
4.430000e-07
4.430000e-07
4.430000e-07
4.430000e-07
4.430000e-07
4.430000e-07
4.430000e-07
4.430000e-07
4.430000e-07
4.430000e-07
4.430000e-07
4.430000e-07
4.430000e-07
4.430000e-07
4.430000e-07
4.430000e-07
4.430000e-07
4.430000e-07
4.430000e-07
4.430000e-07
4.430000e-07
4.430000e-07
4.430000e-07
4.430000e-07
4.430000e-07
4.430000e-07
4.430000e-07
4.430000e-07
4.430000e-07
4.430000e-07
4.430000e-07
4.430000e-07
4.430000e-07
4.430000e-07
4.430000e-07
4.430000e-07
4.430000e-07
4.430000e-07
4.430000e-07
4.430000e-07
4.430000e-07
4.430000e-07
4.430000e-07
4.430000e-07
4.430000e-07
4.430000e-07
4.430000e-07
4.430000e-07
4.430000e-07
4.430000e-07
4.430000e-07
4.430000e-07
4.430000e-07
4.430000e-07
4.430000e-07
4.430000e-07
4.430000e-07
4.430000e-07
4.430000e-07
4.430000e-07
4.430000e-07
4.430000e-07
4.430000e-07
4.430000e-07
4.430000e-07
4.430000e-07
4.430000e-07
4.430000e-07
4.430000e-07
4.430000e-07
4.430000e-07
4.430000e-07
4.430000e-07
4.430000e-07
4.430000e-07
4.430000e-07
4.430000e-07
4.430000e-07
4.430000e-07
4.430000e-07
4.430000e-07
4.430000e-07
4.430000e-07
4.430000e-07
4.430000e-07
4.430000e-07
4.430000e-07
4.430000e-07
4.430000e-07
4.430000e-07
4.430000e-07
4.430000e-07
4.430000e-07
4.430000e-07
4.430000e-07
4.430000e-07
4.430000e-07
4.430000e-07
4.430000e-07
4.430000e-07
4.430000e-07
4.430000e-07
4.430000e-07
4.430000e-07
4.430000e-07
4.430000e-07
4.430000e-07
4.430000e-07
4.430000e-07
4.430000e-07
4.430000e-07
4.430000e-07
4.430000e-07
4.430000e-07
4.430000e-07
4.430000e-07
4.430000e-07
4.430000e-07
4.430000e-07
4.430000e-07
4.430000e-07
4.430000e-07
4.430000e-07
4.430000e-07
4.430000e-07
4.430000e-07
4.430000e-07
4.430000e-07
4.430000e-07
4.430000e-07
4.430000e-07
4.430000e-07
4.430000e-07
4.430000e-07
4.430000e-07
4.430000e-07
4.430000e-07
4.430000e-07
4.430000e-07
4.430000e-07
4.430000e-07
4.430000e-07
4.430000e-07
4.430000e-07
4.430000e-07
4.430000e-07
4.430000e-07
4.430000e-07
4.430000e-07
4.430000e-07
4.430000e-07
4.430000e-07
4.430000e-07
4.430000e-07
4.430000e-07
4.430000e-07
4.430000e-07
4.430000e-07
4.430000e-07
4.430000e-07
4.430000e-07
4.430000e-07
4.430000e-07
4.430000e-07
4.430000e-07
4.430000e-07
4.430000e-07
4.430000e-07
4.430000e-07
4.430000e-07
4.430000e-07
4.430000e-07
4.430000e-07
4.430000e-07
4.430000e-07
4.430000e-07
4.430000e-07
4.430000e-07
4.430000e-07
4.430000e-07
4.430000e-07
4.430000e-07
4.430000e-07
4.430000e-07
4.430000e-07
4.430000e-07
4.430000e-07
4.430000e-07
4.430000e-07
4.430000e-07
4.430000e-07
4.430000e-07
4.430000e-07
4.430000e-07
4.430000e-07
4.430000e-07
4.430000e-07
4.430000e-07
4.430000e-07
4.430000e-07
4.430000e-07
4.430000e-07
4.430000e-07
4.430000e-07
4.430000e-07
4.430000e-07
4.430000e-07
4.430000e-07
4.430000e-07
4.430000e-07
4.430000e-07
4.430000e-07
4.430000e-07
4.430000e-07
4.430000e-07
4.430000e-07
4.430000e-07
4.430000e-07
4.430000e-07
4.430000e-07
4.430000e-07
4.430000e-07
4.430000e-07
4.430000e-07
4.430000e-07
4.430000e-07
4.430000e-07
4.430000e-07
4.430000e-07
4.430000e-07
4.430000e-07
4.430000e-07
4.430000e-07
4.430000e-07
4.430000e-07
4.430000e-07
4.430000e-07
4.430000e-07
4.430000e-07
4.430000e-07
4.430000e-07
4.430000e-07
4.430000e-07
4.430000e-07
4.430000e-07
4.430000e-07
4.430000e-07
4.430000e-07
4.430000e-07
4.430000e-07
4.430000e-07
4.430000e-07
4.430000e-07
4.430000e-07
4.430000e-07
4.430000e-07
4.430000e-07
4.430000e-07
4.430000e-07
4.430000e-07
4.430000e-07
4.430000e-07
4.430000e-07
4.430000e-07
4.430000e-07
4.430000e-07
4.430000e-07
4.430000e-07
4.430000e-07
4.430000e-07
4.430000e-07
4.430000e-07
4.430000e-07
4.430000e-07
4.430000e-07
4.430000e-07
4.430000e-07
4.430000e-07
4.430000e-07
4.430000e-07
4.430000e-07
4.430000e-07
4.430000e-07
4.430000e-07
4.430000e-07
4.430000e-07
4.430000e-07
4.430000e-07
4.430000e-07
4.430000e-07
4.430000e-07
4.430000e-07
4.430000e-07
4.430000e-07
4.430000e-07
4.430000e-07
4.430000e-07
4.430000e-07
4.430000e-07
4.430000e-07
4.430000e-07
4.430000e-07
4.430000e-07
4.430000e-07
4.430000e-07
4.430000e-07
4.430000e-07
4.430000e-07
4.430000e-07
4.430000e-07
4.430000e-07
4.430000e-07
4.430000e-07
4.430000e-07
4.430000e-07
4.430000e-07
4.430000e-07
4.430000e-07
4.430000e-07
4.430000e-07
4.430000e-07
4.430000e-07
4.430000e-07
4.430000e-07
4.430000e-07
4.430000e-07
4.430000e-07
4.430000e-07
4.430000e-07
4.430000e-07
4.430000e-07
4.430000e-07
4.430000e-07
4.430000e-07
4.430000e-07
4.430000e-07
4.430000e-07
4.430000e-07
4.430000e-07
4.430000e-07
4.430000e-07
4.430000e-07
4.430000e-07
4.430000e-07
4.430000e-07
4.430000e-07
4.430000e-07
4.430000e-07
4.430000e-07
4.430000e-07
4.430000e-07
4.430000e-07
4.430000e-07
4.430000e-07
4.430000e-07
4.430000e-07
4.430000e-07
4.430000e-07
4.430000e-07
4.430000e-07
4.430000e-07
4.430000e-07
4.430000e-07
4.430000e-07
4.430000e-07
4.430000e-07
4.430000e-07
4.430000e-07
4.430000e-07
4.430000e-07
4.430000e-07
4.430000e-07
4.430000e-07
4.430000e-07
4.430000e-07
4.430000e-07
4.430000e-07
4.430000e-07
4.430000e-07
4.430000e-07
4.430000e-07
4.430000e-07
4.430000e-07
4.430000e-07
4.430000e-07
4.430000e-07
4.430000e-07
4.430000e-07
4.430000e-07
4.430000e-07
4.430000e-07
4.430000e-07
4.430000e-07
4.430000e-07
4.430000e-07
4.430000e-07
4.430000e-07
4.430000e-07
4.430000e-07
4.430000e-07
4.430000e-07
4.430000e-07
4.430000e-07
4.430000e-07
4.430000e-07
4.430000e-07
4.430000e-07
4.430000e-07
4.430000e-07
4.430000e-07
4.430000e-07
4.430000e-07
4.430000e-07
4.430000e-07
4.430000e-07
4.430000e-07
4.430000e-07
4.430000e-07
4.430000e-07
4.430000e-07
4.430000e-07
4.430000e-07
4.430000e-07
4.430000e-07
4.430000e-07
4.430000e-07
4.430000e-07
4.430000e-07
4.430000e-07
4.430000e-07
4.430000e-07
4.430000e-07
4.430000e-07
4.430000e-07
4.430000e-07
4.430000e-07
4.430000e-07
4.430000e-07
4.430000e-07
4.430000e-07
4.430000e-07
4.430000e-07
4.430000e-07
4.430000e-07
4.430000e-07
4.430000e-07
4.430000e-07
4.430000e-07
4.430000e-07
4.430000e-07
4.430000e-07
4.430000e-07
4.430000e-07
4.430000e-07
4.430000e-07
4.430000e-07
4.430000e-07
4.430000e-07
4.430000e-07
4.430000e-07
4.430000e-07
4.430000e-07
4.430000e-07
4.430000e-07
4.430000e-07
4.430000e-07
4.430000e-07
4.430000e-07
4.430000e-07
4.430000e-07
4.430000e-07
4.430000e-07
4.430000e-07
4.430000e-07
4.430000e-07
4.430000e-07
4.430000e-07
4.430000e-07
4.430000e-07
4.430000e-07
4.430000e-07
4.430000e-07
4.430000e-07
4.430000e-07
4.430000e-07
4.430000e-07
4.430000e-07
4.430000e-07
4.430000e-07
4.430000e-07
4.430000e-07
4.430000e-07
4.430000e-07
4.430000e-07
4.430000e-07
4.430000e-07
4.430000e-07
4.430000e-07
4.430000e-07
4.430000e-07
4.430000e-07
4.430000e-07
4.430000e-07
4.430000e-07
4.430000e-07
4.430000e-07
4.430000e-07
4.430000e-07
4.430000e-07
4.430000e-07
4.430000e-07
4.430000e-07
4.430000e-07
4.430000e-07
4.430000e-07
4.430000e-07
4.430000e-07
4.430000e-07
4.430000e-07
4.430000e-07
4.430000e-07
4.430000e-07
4.430000e-07
4.430000e-07
4.430000e-07
4.430000e-07
4.430000e-07
4.430000e-07
4.430000e-07
4.430000e-07
4.430000e-07
4.430000e-07
4.430000e-07
4.430000e-07
4.430000e-07
4.430000e-07
4.430000e-07
4.430000e-07
4.430000e-07
4.430000e-07
4.430000e-07
4.430000e-07
4.430000e-07
4.430000e-07
4.430000e-07
4.430000e-07
4.430000e-07
4.430000e-07
4.430000e-07
4.430000e-07
4.430000e-07
4.430000e-07
4.430000e-07
4.430000e-07
4.430000e-07
4.430000e-07
4.430000e-07
4.430000e-07
4.430000e-07
4.430000e-07
4.430000e-07
4.430000e-07
4.430000e-07
4.430000e-07
4.430000e-07
4.430000e-07
4.430000e-07
4.430000e-07
4.430000e-07
4.430000e-07
4.430000e-07
4.430000e-07
4.430000e-07
4.430000e-07
4.430000e-07
4.430000e-07
4.430000e-07
4.430000e-07
4.430000e-07
4.430000e-07
4.430000e-07
4.430000e-07
4.430000e-07
4.430000e-07
4.430000e-07
4.430000e-07
4.430000e-07
4.430000e-07
4.430000e-07
4.430000e-07
4.430000e-07
4.430000e-07
4.430000e-07
4.430000e-07
4.430000e-07
4.430000e-07
4.430000e-07
4.430000e-07
4.430000e-07
4.430000e-07
4.430000e-07
4.430000e-07
4.430000e-07
4.430000e-07
4.430000e-07
4.430000e-07
4.430000e-07
4.430000e-07
4.430000e-07
4.430000e-07
4.430000e-07
4.430000e-07
4.430000e-07
4.430000e-07
4.430000e-07
4.430000e-07
4.430000e-07
4.430000e-07
4.430000e-07
4.430000e-07
4.430000e-07
4.430000e-07
4.430000e-07
4.430000e-07
4.430000e-07
4.430000e-07
4.430000e-07
4.430000e-07
4.430000e-07
4.430000e-07
4.430000e-07
4.430000e-07
4.430000e-07
4.430000e-07
4.430000e-07
4.430000e-07
4.430000e-07
4.430000e-07
4.430000e-07
4.430000e-07
4.430000e-07
4.430000e-07
4.430000e-07
4.430000e-07
4.430000e-07
4.430000e-07
4.430000e-07
4.430000e-07
4.430000e-07
4.430000e-07
4.430000e-07
4.430000e-07
4.430000e-07
4.430000e-07
4.430000e-07
4.430000e-07
4.430000e-07
4.430000e-07
4.430000e-07
4.430000e-07
4.430000e-07
4.430000e-07
4.430000e-07
4.430000e-07
4.430000e-07
4.430000e-07
4.430000e-07
4.430000e-07
4.430000e-07
4.430000e-07
4.430000e-07
4.430000e-07
4.430000e-07
4.430000e-07
4.430000e-07
4.430000e-07
4.430000e-07
4.430000e-07
4.430000e-07
4.430000e-07
4.430000e-07
4.430000e-07
4.430000e-07
4.430000e-07
4.430000e-07
4.430000e-07
4.430000e-07
4.430000e-07
4.430000e-07
4.430000e-07
4.430000e-07
4.430000e-07
4.430000e-07
4.430000e-07
4.430000e-07
4.430000e-07
4.430000e-07
4.430000e-07
4.430000e-07
4.430000e-07
4.430000e-07
4.430000e-07
4.430000e-07
4.430000e-07
4.430000e-07
4.430000e-07
4.430000e-07
4.430000e-07
4.430000e-07
4.430000e-07
4.430000e-07
4.430000e-07
4.430000e-07
4.430000e-07
4.430000e-07
4.430000e-07
4.430000e-07
4.430000e-07
4.430000e-07
4.430000e-07
4.430000e-07
4.430000e-07
4.430000e-07
4.430000e-07
4.430000e-07
4.430000e-07
4.430000e-07
4.430000e-07
4.430000e-07
4.430000e-07
4.430000e-07
4.430000e-07
4.430000e-07
4.430000e-07
4.430000e-07
4.430000e-07
4.430000e-07
4.430000e-07
4.430000e-07
4.430000e-07
4.430000e-07
4.430000e-07
4.430000e-07
4.430000e-07
4.430000e-07
4.430000e-07
4.430000e-07
4.430000e-07
4.430000e-07
4.430000e-07
4.430000e-07
4.430000e-07
4.430000e-07
4.430000e-07
4.430000e-07
4.430000e-07
4.430000e-07
4.430000e-07
4.430000e-07
4.430000e-07
4.430000e-07
4.430000e-07
4.430000e-07
4.430000e-07
4.430000e-07
4.430000e-07
4.430000e-07
4.430000e-07
4.430000e-07
4.430000e-07
4.430000e-07
4.430000e-07
4.430000e-07
4.430000e-07
4.430000e-07
4.430000e-07
4.430000e-07
4.430000e-07
4.430000e-07
4.430000e-07
4.430000e-07
4.430000e-07
4.430000e-07
4.430000e-07
4.430000e-07
4.430000e-07
4.430000e-07
4.430000e-07
4.430000e-07
4.430000e-07
4.430000e-07
4.430000e-07
4.430000e-07
4.430000e-07
4.430000e-07
4.430000e-07
4.430000e-07
4.430000e-07
4.430000e-07
4.430000e-07
4.430000e-07
4.430000e-07
4.430000e-07
4.430000e-07
4.430000e-07
4.430000e-07
4.430000e-07
4.430000e-07
4.430000e-07
4.430000e-07
4.430000e-07
4.430000e-07
4.430000e-07
4.430000e-07
4.430000e-07
4.430000e-07
4.430000e-07
4.430000e-07
4.430000e-07
4.430000e-07
4.430000e-07
4.430000e-07
4.430000e-07
4.430000e-07
4.430000e-07
4.430000e-07
4.430000e-07
4.430000e-07
4.430000e-07
4.430000e-07
4.430000e-07
4.430000e-07
4.430000e-07
4.430000e-07
4.430000e-07
4.430000e-07
4.430000e-07
4.430000e-07
4.430000e-07
4.430000e-07
4.430000e-07
4.430000e-07
4.430000e-07
4.430000e-07
4.430000e-07
4.430000e-07
4.430000e-07
4.430000e-07
4.430000e-07
4.430000e-07
4.430000e-07
4.430000e-07
4.430000e-07
4.430000e-07
4.430000e-07
4.430000e-07
4.430000e-07
4.430000e-07
4.430000e-07
4.430000e-07
4.430000e-07
4.430000e-07
4.430000e-07
4.430000e-07
4.430000e-07
4.430000e-07
4.430000e-07
4.430000e-07
4.430000e-07
4.430000e-07
4.430000e-07
4.430000e-07
4.430000e-07
4.430000e-07
4.430000e-07
4.430000e-07
4.430000e-07
4.430000e-07
4.430000e-07
4.430000e-07
4.430000e-07
4.430000e-07
4.430000e-07
4.430000e-07
4.430000e-07
4.430000e-07
4.430000e-07
4.430000e-07
4.430000e-07
4.430000e-07
4.430000e-07
4.430000e-07
4.430000e-07
4.430000e-07
4.430000e-07
4.430000e-07
4.430000e-07
4.430000e-07
4.430000e-07
4.430000e-07
4.430000e-07
4.430000e-07
4.430000e-07
4.430000e-07
4.430000e-07
4.430000e-07
4.430000e-07
4.430000e-07
4.430000e-07
4.430000e-07
4.430000e-07
4.430000e-07
4.430000e-07
4.430000e-07
4.430000e-07
4.430000e-07
4.430000e-07
4.430000e-07
4.430000e-07
4.430000e-07
4.430000e-07
4.430000e-07
4.430000e-07
4.430000e-07
4.430000e-07
4.430000e-07
4.430000e-07
4.430000e-07
4.430000e-07
4.430000e-07
4.430000e-07
4.430000e-07
4.430000e-07
4.430000e-07
4.430000e-07
4.430000e-07
4.430000e-07
4.430000e-07
4.430000e-07
4.430000e-07
4.430000e-07
4.430000e-07
4.430000e-07
4.430000e-07
4.430000e-07
4.430000e-07
4.430000e-07
4.430000e-07
4.430000e-07
4.430000e-07
4.430000e-07
4.430000e-07
4.430000e-07
4.430000e-07
4.430000e-07
4.430000e-07
4.430000e-07
4.430000e-07
4.430000e-07
4.430000e-07
4.430000e-07
4.430000e-07
4.430000e-07
4.430000e-07
4.430000e-07
4.430000e-07
4.430000e-07
4.430000e-07
4.430000e-07
4.430000e-07
4.430000e-07
4.430000e-07
4.430000e-07
4.430000e-07
4.430000e-07
4.430000e-07
4.430000e-07
4.430000e-07
4.430000e-07
4.430000e-07
4.430000e-07
4.430000e-07
4.430000e-07
4.430000e-07
4.430000e-07
4.430000e-07
4.430000e-07
4.430000e-07
4.430000e-07
4.430000e-07
4.430000e-07
4.430000e-07
4.430000e-07
4.430000e-07
4.430000e-07
4.430000e-07
4.430000e-07
4.430000e-07
4.430000e-07
4.430000e-07
4.430000e-07
4.430000e-07
4.430000e-07
4.430000e-07
4.430000e-07
4.430000e-07
4.430000e-07
4.430000e-07
4.430000e-07
4.430000e-07
4.430000e-07
4.430000e-07
4.430000e-07
4.430000e-07
4.430000e-07
4.430000e-07
4.430000e-07
4.430000e-07
4.430000e-07
4.430000e-07
4.430000e-07
4.430000e-07
4.430000e-07
4.430000e-07
4.430000e-07
4.430000e-07
4.430000e-07
4.430000e-07
4.430000e-07
4.430000e-07
4.430000e-07
4.430000e-07
4.430000e-07
4.430000e-07
4.430000e-07
4.430000e-07
4.430000e-07
4.430000e-07
4.430000e-07
4.430000e-07
4.430000e-07
4.430000e-07
4.430000e-07
4.430000e-07
4.430000e-07
4.430000e-07
4.430000e-07
4.430000e-07
4.430000e-07
4.430000e-07
4.430000e-07
4.430000e-07
4.430000e-07
4.430000e-07
4.430000e-07
4.430000e-07
4.430000e-07
4.430000e-07
4.430000e-07
4.430000e-07
4.430000e-07
4.430000e-07
4.430000e-07
4.430000e-07
4.430000e-07
4.430000e-07
4.430000e-07
4.430000e-07
4.430000e-07
4.430000e-07
4.430000e-07
4.430000e-07
4.430000e-07
4.430000e-07
4.430000e-07
4.430000e-07
4.430000e-07
4.430000e-07
4.430000e-07
4.430000e-07
4.430000e-07
4.430000e-07
4.430000e-07
4.430000e-07
4.430000e-07
4.430000e-07
4.430000e-07
4.430000e-07
4.430000e-07
4.430000e-07
4.430000e-07
4.430000e-07
4.430000e-07
4.430000e-07
4.430000e-07
4.430000e-07
4.430000e-07
4.430000e-07
4.430000e-07
4.430000e-07
4.430000e-07
4.430000e-07
4.430000e-07
4.430000e-07
4.430000e-07
4.430000e-07
4.430000e-07
4.430000e-07
4.430000e-07
4.430000e-07
4.430000e-07
4.430000e-07
4.430000e-07
4.430000e-07
4.430000e-07
4.430000e-07
4.430000e-07
4.430000e-07
4.430000e-07
4.430000e-07
4.430000e-07
4.430000e-07
4.430000e-07
4.430000e-07
4.430000e-07
4.430000e-07
4.430000e-07
4.430000e-07
4.430000e-07
4.430000e-07
4.430000e-07
4.430000e-07
4.430000e-07
4.430000e-07
4.430000e-07
4.430000e-07
4.430000e-07
4.430000e-07
4.430000e-07
4.430000e-07
4.430000e-07
4.430000e-07
4.430000e-07
4.430000e-07
4.430000e-07
4.430000e-07
4.430000e-07
4.430000e-07
4.430000e-07
4.430000e-07
4.430000e-07
4.430000e-07
4.430000e-07
4.430000e-07
4.430000e-07
4.430000e-07
4.430000e-07
4.430000e-07
4.430000e-07
4.430000e-07
4.430000e-07
4.430000e-07
4.430000e-07
4.430000e-07
4.430000e-07
4.430000e-07
4.430000e-07
4.430000e-07
4.430000e-07
4.430000e-07
4.430000e-07
4.430000e-07
4.430000e-07
4.430000e-07
4.430000e-07
4.430000e-07
4.430000e-07
4.430000e-07
4.430000e-07
4.430000e-07
4.430000e-07
4.430000e-07
4.430000e-07
4.430000e-07
4.430000e-07
4.430000e-07
4.430000e-07
4.430000e-07
4.430000e-07
4.430000e-07
4.430000e-07
4.430000e-07
4.430000e-07
4.430000e-07
4.430000e-07
4.430000e-07
4.430000e-07
4.430000e-07
4.430000e-07
4.430000e-07
4.430000e-07
4.430000e-07
4.430000e-07
4.430000e-07
4.430000e-07
4.430000e-07
4.430000e-07
4.430000e-07
4.430000e-07
4.430000e-07
4.430000e-07
4.430000e-07
4.430000e-07
4.430000e-07
4.430000e-07
4.430000e-07
4.430000e-07
4.430000e-07
4.430000e-07
4.430000e-07
4.430000e-07
4.430000e-07
4.430000e-07
4.430000e-07
4.430000e-07
4.430000e-07
4.430000e-07
4.430000e-07
4.430000e-07
4.430000e-07
4.430000e-07
4.430000e-07
4.430000e-07
4.430000e-07
4.430000e-07
4.430000e-07
4.430000e-07
4.430000e-07
4.430000e-07
4.430000e-07
4.430000e-07
4.430000e-07
4.430000e-07
4.430000e-07
4.430000e-07
4.430000e-07
4.430000e-07
4.430000e-07
4.430000e-07
4.430000e-07
4.430000e-07
4.430000e-07
4.430000e-07
4.430000e-07
4.430000e-07
4.430000e-07
4.430000e-07
4.430000e-07
4.430000e-07
4.430000e-07
4.430000e-07
4.430000e-07
4.430000e-07
4.430000e-07
4.430000e-07
4.430000e-07
4.430000e-07
4.430000e-07
4.430000e-07
4.430000e-07
4.430000e-07
4.430000e-07
4.430000e-07
4.430000e-07
4.430000e-07
4.430000e-07
4.430000e-07
4.430000e-07
4.430000e-07
4.430000e-07
4.430000e-07
4.430000e-07
4.430000e-07
4.430000e-07
4.430000e-07
4.430000e-07
4.430000e-07
4.430000e-07
4.430000e-07
4.430000e-07
4.430000e-07
4.430000e-07
4.430000e-07
4.430000e-07
4.430000e-07
4.430000e-07
4.430000e-07
4.430000e-07
4.430000e-07
4.430000e-07
4.430000e-07
4.430000e-07
4.430000e-07
4.430000e-07
4.430000e-07
4.430000e-07
4.430000e-07
4.430000e-07
4.430000e-07
4.430000e-07
4.430000e-07
4.430000e-07
4.430000e-07
4.430000e-07
4.430000e-07
4.430000e-07
4.430000e-07
4.430000e-07
4.430000e-07
4.430000e-07
4.430000e-07
4.430000e-07
4.430000e-07
4.430000e-07
4.430000e-07
4.430000e-07
4.430000e-07
4.430000e-07
4.430000e-07
4.430000e-07
4.430000e-07
4.430000e-07
4.430000e-07
4.430000e-07
4.430000e-07
4.430000e-07
4.430000e-07
4.430000e-07
4.430000e-07
4.430000e-07
4.430000e-07
4.430000e-07
4.430000e-07
4.430000e-07
4.430000e-07
4.430000e-07
4.430000e-07
4.430000e-07
4.430000e-07
4.430000e-07
4.430000e-07
4.430000e-07
4.430000e-07
4.430000e-07
4.430000e-07
4.430000e-07
4.430000e-07
4.430000e-07
4.430000e-07
4.430000e-07
4.430000e-07
4.430000e-07
4.430000e-07
4.430000e-07
4.430000e-07
4.430000e-07
4.430000e-07
4.430000e-07
4.430000e-07
4.430000e-07
4.430000e-07
4.430000e-07
4.430000e-07
4.430000e-07
4.430000e-07
4.430000e-07
4.430000e-07
4.430000e-07
4.430000e-07
4.430000e-07
4.430000e-07
4.430000e-07
4.430000e-07
4.430000e-07
4.430000e-07
4.430000e-07
4.430000e-07
4.430000e-07
4.430000e-07
4.430000e-07
4.430000e-07
4.430000e-07
4.430000e-07
4.430000e-07
4.430000e-07
4.430000e-07
4.430000e-07
4.430000e-07
4.430000e-07
4.430000e-07
4.430000e-07
4.430000e-07
4.430000e-07
4.430000e-07
4.430000e-07
4.430000e-07
4.430000e-07
4.430000e-07
4.430000e-07
4.430000e-07
4.430000e-07
4.430000e-07
4.430000e-07
4.430000e-07
4.430000e-07
4.430000e-07
4.430000e-07
4.430000e-07
4.430000e-07
4.430000e-07
4.430000e-07
4.430000e-07
4.430000e-07
4.430000e-07
4.430000e-07
4.430000e-07
4.430000e-07
4.430000e-07
4.430000e-07
4.430000e-07
4.430000e-07
4.430000e-07
4.430000e-07
4.430000e-07
4.430000e-07
4.430000e-07
4.430000e-07
4.430000e-07
4.430000e-07
4.430000e-07
4.430000e-07
4.430000e-07
4.430000e-07
4.430000e-07
4.430000e-07
4.430000e-07
4.430000e-07
4.430000e-07
4.430000e-07
4.430000e-07
4.430000e-07
4.430000e-07
4.430000e-07
4.430000e-07
4.430000e-07
4.430000e-07
4.430000e-07
4.430000e-07
4.430000e-07
4.430000e-07
4.430000e-07
4.430000e-07
4.430000e-07
4.430000e-07
4.430000e-07
4.430000e-07
4.430000e-07
4.430000e-07
4.430000e-07
4.430000e-07
4.430000e-07
4.430000e-07
4.430000e-07
4.430000e-07
4.430000e-07
4.430000e-07
4.430000e-07
4.430000e-07
4.430000e-07
4.430000e-07
4.430000e-07
4.430000e-07
4.430000e-07
4.430000e-07
4.430000e-07
4.430000e-07
4.430000e-07
4.430000e-07
4.430000e-07
4.430000e-07
4.430000e-07
4.430000e-07
4.430000e-07
4.430000e-07
4.430000e-07
4.430000e-07
4.430000e-07
4.430000e-07
4.430000e-07
4.430000e-07
4.430000e-07
4.430000e-07
4.430000e-07
4.430000e-07
4.430000e-07
4.430000e-07
4.430000e-07
4.430000e-07
4.430000e-07
4.430000e-07
4.430000e-07
4.430000e-07
4.430000e-07
4.430000e-07
4.430000e-07
4.430000e-07
4.430000e-07
4.430000e-07
4.430000e-07
4.430000e-07
4.430000e-07
4.430000e-07
4.430000e-07
4.430000e-07
4.430000e-07
4.430000e-07
4.430000e-07
4.430000e-07
4.430000e-07
4.430000e-07
4.430000e-07
4.430000e-07
4.430000e-07
4.430000e-07
4.430000e-07
4.430000e-07
4.430000e-07
4.430000e-07
4.430000e-07
4.430000e-07
4.430000e-07
4.430000e-07
4.430000e-07
4.430000e-07
4.430000e-07
4.430000e-07
4.430000e-07
4.430000e-07
4.430000e-07
4.430000e-07
4.430000e-07
4.430000e-07
4.430000e-07
4.430000e-07
4.430000e-07
4.430000e-07
4.430000e-07
4.430000e-07
4.430000e-07
4.430000e-07
4.430000e-07
4.430000e-07
4.430000e-07
4.430000e-07
4.430000e-07
4.430000e-07
4.430000e-07
4.430000e-07
4.430000e-07
4.430000e-07
4.430000e-07
4.430000e-07
4.430000e-07
4.430000e-07
4.430000e-07
4.430000e-07
4.430000e-07
4.430000e-07
4.430000e-07
4.430000e-07
4.430000e-07
4.430000e-07
4.430000e-07
4.430000e-07
4.430000e-07
4.430000e-07
4.430000e-07
4.430000e-07
4.430000e-07
4.430000e-07
4.430000e-07
4.430000e-07
4.430000e-07
4.430000e-07
4.430000e-07
4.430000e-07
4.430000e-07
4.430000e-07
4.430000e-07
4.430000e-07
4.430000e-07
4.430000e-07
4.430000e-07
4.430000e-07
4.430000e-07
4.430000e-07
4.430000e-07
4.430000e-07
4.430000e-07
4.430000e-07
4.430000e-07
4.430000e-07
4.430000e-07
4.430000e-07
4.430000e-07
4.430000e-07
4.430000e-07
4.430000e-07
4.430000e-07
4.430000e-07
4.430000e-07
4.430000e-07
4.430000e-07
4.430000e-07
4.430000e-07
4.430000e-07
4.430000e-07
4.430000e-07
4.430000e-07
4.430000e-07
4.430000e-07
4.430000e-07
4.430000e-07
4.430000e-07
4.430000e-07
4.430000e-07
4.430000e-07
4.430000e-07
4.430000e-07
4.430000e-07
4.430000e-07
4.430000e-07
4.430000e-07
4.430000e-07
4.430000e-07
4.430000e-07
4.430000e-07
4.430000e-07
4.430000e-07
4.430000e-07
4.430000e-07
4.430000e-07
4.430000e-07
4.430000e-07
4.430000e-07
4.430000e-07
4.430000e-07
4.430000e-07
4.430000e-07
4.430000e-07
4.430000e-07
4.430000e-07
4.430000e-07
4.430000e-07
4.430000e-07
4.430000e-07
4.430000e-07
4.430000e-07
4.430000e-07
4.430000e-07
4.430000e-07
4.430000e-07
4.430000e-07
4.430000e-07
4.430000e-07
4.430000e-07
4.430000e-07
4.430000e-07
4.430000e-07
4.430000e-07
4.430000e-07
4.430000e-07
4.430000e-07
4.430000e-07
4.430000e-07
4.430000e-07
4.430000e-07
4.430000e-07
4.430000e-07
4.430000e-07
4.430000e-07
4.430000e-07
4.430000e-07
4.430000e-07
4.430000e-07
4.430000e-07
4.430000e-07
4.430000e-07
4.430000e-07
4.430000e-07
4.430000e-07
4.430000e-07
4.430000e-07
4.430000e-07
4.430000e-07
4.430000e-07
4.430000e-07
4.430000e-07
4.430000e-07
4.430000e-07
4.430000e-07
4.430000e-07
4.430000e-07
4.430000e-07
4.430000e-07
4.430000e-07
4.430000e-07
4.430000e-07
4.430000e-07
4.430000e-07
4.430000e-07
4.430000e-07
4.430000e-07
4.430000e-07
4.430000e-07
4.430000e-07
4.430000e-07
4.430000e-07
4.430000e-07
4.430000e-07
4.430000e-07
4.430000e-07
4.430000e-07
4.430000e-07
4.430000e-07
4.430000e-07
4.430000e-07
4.430000e-07
4.430000e-07
4.430000e-07
4.430000e-07
4.430000e-07
4.430000e-07
4.430000e-07
4.430000e-07
4.430000e-07
4.430000e-07
4.430000e-07
4.430000e-07
4.430000e-07
4.430000e-07
4.430000e-07
4.430000e-07
4.430000e-07
4.430000e-07
4.430000e-07
4.430000e-07
4.430000e-07
4.430000e-07
4.430000e-07
4.430000e-07
4.430000e-07
4.430000e-07
4.430000e-07
4.430000e-07
4.430000e-07
4.430000e-07
4.430000e-07
4.430000e-07
4.430000e-07
4.430000e-07
4.430000e-07
4.430000e-07
4.430000e-07
4.430000e-07
4.430000e-07
4.430000e-07
4.430000e-07
4.430000e-07
4.430000e-07
4.430000e-07
4.430000e-07
4.430000e-07
4.430000e-07
4.430000e-07
4.430000e-07
4.430000e-07
4.430000e-07
4.430000e-07
4.430000e-07
4.430000e-07
4.430000e-07
4.430000e-07
4.430000e-07
4.430000e-07
4.430000e-07
4.430000e-07
4.430000e-07
4.430000e-07
4.430000e-07
4.430000e-07
4.430000e-07
4.430000e-07
4.430000e-07
4.430000e-07
4.430000e-07
4.430000e-07
4.430000e-07
4.430000e-07
4.430000e-07
4.430000e-07
4.430000e-07
4.430000e-07
4.430000e-07
4.430000e-07
4.430000e-07
4.430000e-07
4.430000e-07
4.430000e-07
4.430000e-07
4.430000e-07
4.430000e-07
4.430000e-07
4.430000e-07
4.430000e-07
4.430000e-07
4.430000e-07
4.430000e-07
4.430000e-07
4.430000e-07
4.430000e-07
4.430000e-07
4.430000e-07
4.430000e-07
4.430000e-07
4.430000e-07
4.430000e-07
4.430000e-07
4.430000e-07
4.430000e-07
4.430000e-07
4.430000e-07
4.430000e-07
4.430000e-07
4.430000e-07
4.430000e-07
4.430000e-07
4.430000e-07
4.430000e-07
4.430000e-07
4.430000e-07
4.430000e-07
4.430000e-07
4.430000e-07
4.430000e-07
4.430000e-07
4.430000e-07
4.430000e-07
4.430000e-07
4.430000e-07
4.430000e-07
4.430000e-07
4.430000e-07
4.430000e-07
4.430000e-07
4.430000e-07
4.430000e-07
4.430000e-07
4.430000e-07
4.430000e-07
4.430000e-07
4.430000e-07
4.430000e-07
4.430000e-07
4.430000e-07
4.430000e-07
4.430000e-07
4.430000e-07
4.430000e-07
4.430000e-07
4.430000e-07
4.430000e-07
4.430000e-07
4.430000e-07
4.430000e-07
4.430000e-07
4.430000e-07
4.430000e-07
4.430000e-07
4.430000e-07
4.430000e-07
4.430000e-07
4.430000e-07
4.430000e-07
4.430000e-07
4.430000e-07
4.430000e-07
4.430000e-07
4.430000e-07
4.430000e-07
4.430000e-07
4.430000e-07
4.430000e-07
4.430000e-07
4.430000e-07
4.430000e-07
4.430000e-07
4.430000e-07
4.430000e-07
4.430000e-07
4.430000e-07
4.430000e-07
4.430000e-07
4.430000e-07
4.430000e-07
4.430000e-07
4.430000e-07
4.430000e-07
4.430000e-07
4.430000e-07
4.430000e-07
4.430000e-07
4.430000e-07
4.430000e-07
4.430000e-07
4.430000e-07
4.430000e-07
4.430000e-07
4.430000e-07
4.430000e-07
4.430000e-07
4.430000e-07
4.430000e-07
4.430000e-07
4.430000e-07
4.430000e-07
4.430000e-07
4.430000e-07
4.430000e-07
4.430000e-07
4.430000e-07
4.430000e-07
4.430000e-07
4.430000e-07
4.430000e-07
4.430000e-07
4.430000e-07
4.430000e-07
4.430000e-07
4.430000e-07
4.430000e-07
4.430000e-07
4.430000e-07
4.430000e-07
4.430000e-07
4.430000e-07
4.430000e-07
4.430000e-07
4.430000e-07
4.430000e-07
4.430000e-07
4.430000e-07
4.430000e-07
4.430000e-07
4.430000e-07
4.430000e-07
4.430000e-07
4.430000e-07
4.430000e-07
4.430000e-07
4.430000e-07
4.430000e-07
4.430000e-07
4.430000e-07
4.430000e-07
4.430000e-07
4.430000e-07
4.430000e-07
4.430000e-07
4.430000e-07
4.430000e-07
4.430000e-07
4.430000e-07
4.430000e-07
4.430000e-07
4.430000e-07
4.430000e-07
4.430000e-07
4.430000e-07
4.430000e-07
4.430000e-07
4.430000e-07
4.430000e-07
4.430000e-07
4.430000e-07
4.430000e-07
4.430000e-07
4.430000e-07
4.430000e-07
4.430000e-07
4.430000e-07
4.430000e-07
4.430000e-07
4.430000e-07
4.430000e-07
4.430000e-07
4.430000e-07
4.430000e-07
4.430000e-07
4.430000e-07
4.430000e-07
4.430000e-07
4.430000e-07
4.430000e-07
4.430000e-07
4.430000e-07
4.430000e-07
4.430000e-07
4.430000e-07
4.430000e-07
4.430000e-07
4.430000e-07
4.430000e-07
4.430000e-07
4.430000e-07
4.430000e-07
4.430000e-07
4.430000e-07
4.430000e-07
4.430000e-07
4.430000e-07
4.430000e-07
4.430000e-07
4.430000e-07
4.430000e-07
4.430000e-07
4.430000e-07
4.430000e-07
4.430000e-07
4.430000e-07
4.430000e-07
4.430000e-07
4.430000e-07
4.430000e-07
4.430000e-07
4.430000e-07
4.430000e-07
4.430000e-07
4.430000e-07
4.430000e-07
4.430000e-07
4.430000e-07
4.430000e-07
4.430000e-07
4.430000e-07
4.430000e-07
4.430000e-07
4.430000e-07
4.430000e-07
4.430000e-07
4.430000e-07
4.430000e-07
4.430000e-07
4.430000e-07
4.430000e-07
4.430000e-07
4.430000e-07
4.430000e-07
4.430000e-07
4.430000e-07
4.430000e-07
4.430000e-07
4.430000e-07
4.430000e-07
4.430000e-07
4.430000e-07
4.430000e-07
4.430000e-07
4.430000e-07
4.430000e-07
4.430000e-07
4.430000e-07
4.430000e-07
4.430000e-07
4.430000e-07
4.430000e-07
4.430000e-07
4.430000e-07
4.430000e-07
4.430000e-07
4.430000e-07
4.430000e-07
4.430000e-07
4.430000e-07
4.430000e-07
4.430000e-07
4.430000e-07
4.430000e-07
4.430000e-07
4.430000e-07
4.430000e-07
4.430000e-07
4.430000e-07
4.430000e-07
4.430000e-07
4.430000e-07
4.430000e-07
4.430000e-07
4.430000e-07
4.430000e-07
4.430000e-07
4.430000e-07
4.430000e-07
4.430000e-07
4.430000e-07
4.430000e-07
4.430000e-07
4.430000e-07
4.430000e-07
4.430000e-07
4.430000e-07
4.430000e-07
4.430000e-07
4.430000e-07
4.430000e-07
4.430000e-07
4.430000e-07
4.430000e-07
4.430000e-07
4.430000e-07
4.430000e-07
4.430000e-07
4.430000e-07
4.430000e-07
4.430000e-07
4.430000e-07
4.430000e-07
4.430000e-07
4.430000e-07
4.430000e-07
4.430000e-07
4.430000e-07
4.430000e-07
4.430000e-07
4.430000e-07
4.430000e-07
4.430000e-07
4.430000e-07
4.430000e-07
4.430000e-07
4.430000e-07
4.430000e-07
4.430000e-07
4.430000e-07
4.430000e-07
4.430000e-07
4.430000e-07
4.430000e-07
4.430000e-07
4.430000e-07
4.430000e-07
4.430000e-07
4.430000e-07
4.430000e-07
4.430000e-07
4.430000e-07
4.430000e-07
4.430000e-07
4.430000e-07
4.430000e-07
4.430000e-07
4.430000e-07
4.430000e-07
4.430000e-07
4.430000e-07
4.430000e-07
4.430000e-07
4.430000e-07
4.430000e-07
4.430000e-07
4.430000e-07
4.430000e-07
4.430000e-07
4.430000e-07
4.430000e-07
4.430000e-07
4.430000e-07
4.430000e-07
4.430000e-07
4.430000e-07
4.430000e-07
4.430000e-07
4.430000e-07
4.430000e-07
4.430000e-07
4.430000e-07
4.430000e-07
4.430000e-07
4.430000e-07
4.430000e-07
4.430000e-07
4.430000e-07
4.430000e-07
4.430000e-07
4.430000e-07
4.430000e-07
4.430000e-07
4.430000e-07
4.430000e-07
4.430000e-07
4.430000e-07
4.430000e-07
4.430000e-07
4.430000e-07
4.430000e-07
4.430000e-07
4.430000e-07
4.430000e-07
4.430000e-07
4.430000e-07
4.430000e-07

